time_s,letter_index,simulated_ink_x_m,simulated_ink_y_m,target_x_m,target_y_m,contact,target_down,q_x_m,q_y_m,qdot_x_m_s,qdot_y_m_s,current_x_A,current_y_A,voltage_x_V,voltage_y_V,estimated_q_x_m,estimated_q_y_m,estimated_qdot_x_m_s,estimated_qdot_y_m_s,estimated_compensation_x_N,estimated_compensation_y_N
0.000000000000000000e+00,0.000000000000000000e+00,2.168181818181817364e-03,2.792727272727273113e-03,2.168181818181817364e-03,2.792727272727273113e-03,0.000000000000000000e+00,0.000000000000000000e+00,7.573393926289893191e-04,1.315909090909090457e-03,0.000000000000000000e+00,0.000000000000000000e+00,4.332784217719556907e-02,4.773221379964046572e-03,1.682706217204872068e-01,1.853757050561846004e-02,7.573393926289893191e-04,1.315909090909090457e-03,0.000000000000000000e+00,0.000000000000000000e+00,-0.000000000000000000e+00,-0.000000000000000000e+00
5.000000000000000104e-04,0.000000000000000000e+00,2.167655008863284341e-03,2.792658417019027763e-03,2.168181818181816930e-03,2.792727272727272680e-03,0.000000000000000000e+00,0.000000000000000000e+00,7.569358332779438543e-04,1.315840235200845107e-03,-8.071187020908693896e-04,-1.377114164904862201e-04,4.340466861259269227e-02,4.783896325187907139e-03,1.312833617969025868e-01,1.446286078129106235e-02,7.573393926289893191e-04,1.315909090909090457e-03,-2.168404344971008868e-19,0.000000000000000000e+00,-0.000000000000000000e+00,-0.000000000000000000e+00
1.000000000000000021e-03,0.000000000000000000e+00,2.166609648212560781e-03,2.792521693712247434e-03,2.168181818181817364e-03,2.792727272727273547e-03,0.000000000000000000e+00,0.000000000000000000e+00,7.561350405604019441e-04,1.315703511894064778e-03,-1.601585435083769781e-03,-2.734466135605830885e-04,4.346409945646555889e-02,4.792131008912761843e-03,1.311548966049532194e-01,1.444486579583938515e-02,7.573408611932103953e-04,1.315909257085875464e-03,5.862839277640528087e-06,6.634151697601465766e-07,-0.000000000000000000e+00,-0.000000000000000000e+00
1.500000000000000031e-03,0.000000000000000000e+00,2.165053487695751955e-03,2.792318046052531810e-03,2.168181818181817364e-03,2.792727272727273547e-03,0.000000000000000000e+00,0.000000000000000000e+00,7.549429524438993396e-04,1.315499864234349154e-03,-2.384176233005311663e-03,-4.072953194311077136e-04,4.350886623479680027e-02,4.798315511180230135e-03,1.309887212697638803e-01,1.442155968240230006e-02,7.573463801032028148e-04,1.315909881222805536e-03,1.619257323387659564e-05,1.830846496647491051e-06,-0.000000000000000000e+00,-0.000000000000000000e+00
2.000000000000000042e-03,0.000000000000000000e+00,2.162993850958938070e-03,2.792048379401020249e-03,2.168181818181817364e-03,2.792727272727272246e-03,0.000000000000000000e+00,0.000000000000000000e+00,7.533651791668192739e-04,1.315230197582837376e-03,-3.155546554160210734e-03,-5.393333030234258177e-04,4.302716903671710558e-02,1.784957143813813499e-03,1.287946046832963432e-01,2.673669994728043470e-03,7.586239142385896089e-04,1.321962956372115276e-03,2.869471794995814471e-05,-1.997375373077728885e-06,-0.000000000000000000e+00,-0.000000000000000000e+00
2.500000000000000052e-03,0.000000000000000000e+00,2.160423830983991544e-03,2.791662778217328129e-03,2.168181818181817797e-03,2.792727272727273547e-03,0.000000000000000000e+00,0.000000000000000000e+00,7.513964296463064747e-04,1.314844596399145473e-03,-3.937499041025546362e-03,-7.712023673839662596e-04,4.316082668365859437e-02,2.448282188320264740e-03,1.294358267938512663e-01,7.752379732148681306e-03,7.586323582307861503e-04,1.321915103361935226e-03,5.126606436480830344e-06,-1.890503506303278466e-04,-0.000000000000000000e+00,-0.000000000000000000e+00
3.000000000000000062e-03,0.000000000000000000e+00,2.157353259553008301e-03,2.791173797824164464e-03,2.168181818181817364e-03,2.792727272727273113e-03,0.000000000000000000e+00,0.000000000000000000e+00,7.490442354644022416e-04,1.314355616005981591e-03,-4.704388363808430749e-03,-9.779607863278153013e-04,4.326894493631992800e-02,3.006931950441246552e-03,1.294581269575672267e-01,9.293486994792217459e-03,7.586316410717034884e-04,1.321784595955894986e-03,-7.969834926439567932e-06,-3.326959581817759328e-04,-0.000000000000000000e+00,-0.000000000000000000e+00
3.500000000000000073e-03,0.000000000000000000e+00,2.153791221889264727e-03,2.790592097623747353e-03,2.168181818181817364e-03,2.792727272727272246e-03,0.000000000000000000e+00,0.000000000000000000e+00,7.463155563059107331e-04,1.313773915805564480e-03,-5.457358316982934519e-03,-1.163400400834241864e-03,4.335520652564006649e-02,3.474413852363395557e-03,1.294224908096181514e-01,1.057630439267694122e-02,7.586264804976324428e-04,1.321591386921520646e-03,-1.266317071020635755e-05,-4.399250691425250119e-04,-0.000000000000000000e+00,-0.000000000000000000e+00
4.000000000000000083e-03,0.000000000000000000e+00,2.149746163658318790e-03,2.789926689260142749e-03,2.168181818181817797e-03,2.792727272727273981e-03,0.000000000000000000e+00,0.000000000000000000e+00,7.432168619260021364e-04,1.313108507441960093e-03,-6.197388759817110127e-03,-1.330816727208585740e-03,4.977368971487658444e-02,1.601676845187239087e-02,1.540024939898950451e-01,5.883707811564047041e-02,7.547064958966529045e-04,1.315294370516775085e-03,-1.274153519621495012e-03,-2.472192145366370643e-03,9.114357539262911249e-04,1.410600644985558587e-03
4.500000000000000527e-03,0.000000000000000000e+00,2.145397313432047086e-03,2.789389704998806920e-03,2.168181818181817364e-03,2.792727272727273113e-03,0.000000000000000000e+00,0.000000000000000000e+00,7.398854493762099848e-04,1.312571523180624264e-03,-6.662825099584283352e-03,-1.073968522671752898e-03,4.937488667691507238e-02,1.547120839536459715e-02,1.468024160225075425e-01,4.608872149099254439e-02,7.541634933041476080e-04,1.314189460698900365e-03,-8.985642173158399360e-04,-1.948420433839221895e-03,9.114357539262911249e-04,1.410600644985558587e-03
5.000000000000000104e-03,0.000000000000000000e+00,2.140737938077708589e-03,2.788970530828801045e-03,2.168181818181816930e-03,2.792727272727273113e-03,0.000000000000000000e+00,0.000000000000000000e+00,7.363161607776134336e-04,1.312152349010618389e-03,-7.138577197193201121e-03,-8.383483400119597128e-04,4.866220688352943663e-02,1.427296664628918861e-02,1.441991807139661741e-01,4.197181370523320187e-02,7.537996016268545471e-04,1.313336484770665467e-03,-5.576494287240431509e-04,-1.464389091225547918e-03,9.114357539262911249e-04,1.410600644985558587e-03
5.499999999999999681e-03,0.000000000000000000e+00,2.135752950406894987e-03,2.788647678395122197e-03,2.168181818181817364e-03,2.792727272727273547e-03,0.000000000000000000e+00,0.000000000000000000e+00,7.324974386733697955e-04,1.311829496576939541e-03,-7.637444208487333477e-03,-6.457048673575417836e-04,4.804300386972785303e-02,1.323209752139750672e-02,1.422183767033700363e-01,3.901031811531709831e-02,7.535915743641875744e-04,1.312705513482368986e-03,-2.749995324035718050e-04,-1.060255423101994377e-03,9.114357539262911249e-04,1.410600644985558587e-03
6.000000000000000125e-03,0.000000000000000000e+00,2.130429997331703858e-03,2.788402546813823976e-03,2.168181818181817364e-03,2.792727272727273113e-03,0.000000000000000000e+00,0.000000000000000000e+00,7.284198200491365672e-04,1.311584364995641537e-03,-8.155237248466361277e-03,-4.902631625959121085e-04,6.421951125640787406e-02,2.273636003763082267e-02,2.053796130316866420e-01,7.685698960896444887e-02,7.242510754679098908e-04,1.298441917865000590e-03,-9.176513866406298126e-03,-5.038355266968670698e-03,6.281633697531642697e-03,3.946451071693521905e-03
6.500000000000000569e-03,0.000000000000000000e+00,2.125210010927697322e-03,2.788394213585519091e-03,2.168181818181817364e-03,2.792727272727273113e-03,0.000000000000000000e+00,0.000000000000000000e+00,7.244210784711908576e-04,1.311576031767336436e-03,-7.997483155891363729e-03,-1.666645661036852662e-05,7.308817523228788859e-02,2.755284943789395105e-02,2.260715658786481563e-01,8.759176229618868825e-02,7.198633247564466178e-04,1.296075148218689323e-03,-8.375874791827274055e-03,-4.429813223278213086e-03,6.281633697531642697e-03,3.946451071693521905e-03
7.000000000000000146e-03,0.000000000000000000e+00,2.120331638469996963e-03,2.788700986031129436e-03,2.168181818181817364e-03,2.792727272727272246e-03,0.000000000000000000e+00,0.000000000000000000e+00,7.206840283585047536e-04,1.311882804212946780e-03,-7.474100225372259931e-03,6.135448912205712386e-04,8.222602311042162548e-02,3.212507008480357945e-02,2.541825156706350453e-01,1.014267927034118860e-01,7.160433429965203751e-04,1.294085993591611921e-03,-6.906755023831225720e-03,-3.528476892018348084e-03,6.281633697531642697e-03,3.946451071693521905e-03
7.499999999999999722e-03,0.000000000000000000e+00,2.116037975395435727e-03,2.789396114238782039e-03,2.168181818181817364e-03,2.792727272727273113e-03,0.000000000000000000e+00,0.000000000000000000e+00,7.173948916196122311e-04,1.312577932420599166e-03,-6.578273477785016345e-03,1.390256415304930073e-03,8.655817917703523268e-02,3.334199642396553503e-02,2.635376806142533113e-01,1.024836259730498855e-01,7.131285419928947312e-04,1.292616176668373411e-03,-4.756505993988319886e-03,-2.353013289262119619e-03,6.281633697531642697e-03,3.946451071693521905e-03
8.000000000000000167e-03,0.000000000000000000e+00,2.112439579487634337e-03,2.790495484083702418e-03,2.168181818181817797e-03,2.792727272727273981e-03,0.000000000000000000e+00,0.000000000000000000e+00,7.146383604302988584e-04,1.313677302265519762e-03,-5.513062378626799181e-03,2.198739689841392245e-03,8.830787440075317518e-02,1.359270177532564960e-02,2.670284896367197680e-01,2.498862506861044414e-02,7.052748096498884581e-04,1.330302672222907550e-03,-3.905600816687010944e-03,9.047887144017366726e-03,7.068555803472941629e-03,-1.034546696695171509e-03
8.500000000000000611e-03,0.000000000000000000e+00,2.109575976285381349e-03,2.791661896667521452e-03,2.168181818181816930e-03,2.792727272727272246e-03,0.000000000000000000e+00,0.000000000000000000e+00,7.124447131099150964e-04,1.314843714849338796e-03,-4.387294640767614232e-03,2.332825167637929756e-03,8.757689452849866385e-02,2.263272363486424320e-03,2.631121295606785315e-01,-2.111474860807561853e-03,7.039402479959420457e-04,1.334974257388040625e-03,-1.437378748499670671e-03,9.637135019128157190e-03,7.068555803472941629e-03,-1.034546696695171509e-03
9.000000000000001055e-03,0.000000000000000000e+00,2.107419226464257635e-03,2.792703769818939176e-03,2.168181818181818231e-03,2.792727272727273981e-03,0.000000000000000000e+00,0.000000000000000000e+00,7.107925468942454059e-04,1.315885588000756303e-03,-3.304332431339444733e-03,2.083746302834854451e-03,8.517774686579560051e-02,-8.771182877110442200e-03,2.548190024009874266e-01,-3.536905139395616487e-02,7.038187292795413134e-04,1.339762125723365730e-03,9.466881833716340663e-04,9.514395253479196110e-03,7.068555803472941629e-03,-1.034546696695171509e-03
9.499999999999999764e-03,0.000000000000000000e+00,2.105896632746637968e-03,2.793436727498569902e-03,2.168181818181818231e-03,2.792727272727273981e-03,0.000000000000000000e+00,0.000000000000000000e+00,7.096261724377350829e-04,1.316618545680387029e-03,-2.332748913020748355e-03,1.465915359261559230e-03,8.084021244485703472e-02,-1.891462713687246458e-02,2.403807147618942930e-01,-6.552906406043303156e-02,7.048364643067511672e-04,1.344316937123100171e-03,3.120001610412927954e-03,8.706244402229933524e-03,7.068555803472941629e-03,-1.034546696695171509e-03
1.000000000000000021e-02,0.000000000000000000e+00,2.104883978802042123e-03,2.793693568002502542e-03,2.168181818181816496e-03,2.792727272727272246e-03,0.000000000000000000e+00,0.000000000000000000e+00,7.088504345106750714e-04,1.316875386184320103e-03,-1.551475854120007870e-03,5.136810078662101689e-04,6.999589820811967511e-02,-1.329601462414166727e-02,2.022566762525709050e-01,-3.533589464785474865e-02,7.244152587026732792e-04,1.326723966513995495e-03,8.970290682746271532e-03,2.318459446300734795e-03,5.339328987727278396e-03,1.090882026988142456e-03
1.050000000000000065e-02,0.000000000000000000e+00,2.104082899399950090e-03,2.793574357757473009e-03,2.168181818181817364e-03,2.792727272727273113e-03,0.000000000000000000e+00,0.000000000000000000e+00,7.082367720862052995e-04,1.316756175939290353e-03,-1.227324848939542919e-03,-2.384204900593797248e-04,6.123909256676473428e-02,-1.031097583567817597e-02,1.776254074153998386e-01,-2.876582380402721226e-02,7.291927078089044043e-04,1.327555080433502318e-03,1.013706400704617386e-02,1.008503501547446156e-03,5.339328987727278396e-03,1.090882026988142456e-03
1.099999999999999936e-02,0.000000000000000000e+00,2.103254790067871950e-03,2.793133720128788359e-03,2.168181818181818231e-03,2.792727272727273981e-03,0.000000000000000000e+00,0.000000000000000000e+00,7.076024035340716016e-04,1.316315538310605703e-03,-1.268737104267289063e-03,-8.812752573691123989e-04,5.253686550972820613e-02,-6.492777633518187486e-03,1.512889421255876332e-01,-1.667897879154362634e-02,7.343824947708713037e-04,1.327781443123800340e-03,1.062094995033600713e-02,-1.009112628630126846e-04,5.339328987727278396e-03,1.090882026988142456e-03
1.149999999999999981e-02,0.000000000000000000e+00,2.102165296252148704e-03,2.792439701551085313e-03,2.168181818181817364e-03,2.792727272727273113e-03,0.000000000000000000e+00,0.000000000000000000e+00,7.067678028507245590e-04,1.315621519732902873e-03,-1.669201366694046803e-03,-1.388037155405457985e-03,4.400468151616722390e-02,-1.669747568910170347e-03,1.254335439148770992e-01,-1.359972677586779310e-03,7.396461797835752333e-04,1.327515746509794550e-03,1.043395357884460174e-02,-9.601998617809991143e-04,5.339328987727278396e-03,1.090882026988142456e-03
1.200000000000000025e-02,0.000000000000000000e+00,2.100587405391439715e-03,2.791576496919307392e-03,2.168181818181817364e-03,2.792727272727273113e-03,0.000000000000000000e+00,0.000000000000000000e+00,7.055590683250301210e-04,1.314758315101124952e-03,-2.417469051388973587e-03,-1.726409263555648155e-03,5.242639408234728293e-02,7.156279316244905028e-03,1.651475895640440450e-01,2.869822183110028874e-02,7.222933244816350743e-04,1.321578793101740867e-03,5.004341633590679746e-03,-2.602203657617510775e-03,7.111812040915863053e-03,1.512533084344804945e-03
1.250000000000000069e-02,0.000000000000000000e+00,2.098754170621199445e-03,2.790694710346504522e-03,2.168181818181817364e-03,2.792727272727273113e-03,0.000000000000000000e+00,0.000000000000000000e+00,7.041547290163552254e-04,1.313876528528321649e-03,-2.808678617349863287e-03,-1.763573145606493059e-03,5.810715947718814167e-02,1.502258446498723476e-02,1.798758523103190510e-01,5.170266191707099251e-02,7.246994357073072374e-04,1.320267279617037609e-03,4.620755725186956320e-03,-2.643720259550358213e-03,7.111812040915863053e-03,1.512533084344804945e-03
1.300000000000000114e-02,0.000000000000000000e+00,2.096822020704309716e-03,2.789927045057961040e-03,2.168181818181817364e-03,2.792727272727273113e-03,0.000000000000000000e+00,0.000000000000000000e+00,7.026746163092491065e-04,1.313108863239778384e-03,-2.960225414212239083e-03,-1.535330577086588917e-03,5.702908880231187527e-02,1.412307597811735330e-02,1.707835256120891765e-01,4.156283602572329039e-02,7.270233223032961751e-04,1.319057657207107527e-03,4.674598490900895749e-03,-2.195592134395892101e-03,7.111812040915863053e-03,1.512533084344804945e-03
1.349999999999999985e-02,0.000000000000000000e+00,2.094763241414215361e-03,2.789257122678096695e-03,2.168181818181817364e-03,2.792727272727273113e-03,0.000000000000000000e+00,0.000000000000000000e+00,7.010974998744636802e-04,1.312438940859914256e-03,-3.154232869570892592e-03,-1.339844759728333170e-03,5.617444163324306072e-02,1.332343514758135665e-02,1.683129536866818654e-01,3.928402814259968762e-02,7.293532349414988403e-04,1.318056862648884142e-03,4.645021333078836259e-03,-1.808298847318656494e-03,7.111812040915863053e-03,1.512533084344804945e-03
1.400000000000000029e-02,0.000000000000000000e+00,2.092556482505831487e-03,2.788670424934244947e-03,2.168181818181817364e-03,2.792727272727273113e-03,0.000000000000000000e+00,0.000000000000000000e+00,6.994070244753930465e-04,1.311852243116062074e-03,-3.380950798141356146e-03,-1.173395487704294738e-03,6.666061768044510838e-02,1.013213033572876037e-02,2.096834670903267583e-01,2.762281526532706435e-02,7.124296418202206603e-04,1.321318986145053999e-03,9.620840767289570499e-04,-7.128987169658339285e-04,8.380485221771040785e-03,1.243069266276639485e-03
1.450000000000000074e-02,0.000000000000000000e+00,2.090486603754704124e-03,2.788112342060561008e-03,2.168181818181817364e-03,2.792727272727273113e-03,0.000000000000000000e+00,0.000000000000000000e+00,6.978214053601616146e-04,1.311294160242378135e-03,-3.171238230462895998e-03,-1.116165747367758084e-03,7.351935863118382042e-02,7.030122813900341848e-03,2.274463792393452422e-01,1.831719097454954578e-02,7.130530952625586429e-04,1.321002729793061209e-03,1.530604346741081239e-03,-5.524257340891415222e-04,8.380485221771040785e-03,1.243069266276639485e-03
1.499999999999999944e-02,0.000000000000000000e+00,2.088737278627799017e-03,2.787530398886757695e-03,2.168181818181817364e-03,2.792727272727273113e-03,0.000000000000000000e+00,0.000000000000000000e+00,6.964813445674875947e-04,1.310712217068575255e-03,-2.680121585348082223e-03,-1.163886347605933664e-03,7.016304566913263152e-02,7.289933316042016519e-03,2.087381159173908041e-01,2.195990123885789222e-02,7.140902292431544228e-04,1.320717972668982365e-03,2.615789306803006052e-03,-5.865259153356474058e-04,8.380485221771040785e-03,1.243069266276639485e-03
1.549999999999999989e-02,0.000000000000000000e+00,2.087214433762646457e-03,2.786929311354904154e-03,2.168181818181817364e-03,2.792727272727273113e-03,0.000000000000000000e+00,0.000000000000000000e+00,6.953147777208054442e-04,1.310111129536721498e-03,-2.333133693364354468e-03,-1.202175063707640280e-03,6.734160954590795445e-02,7.500314868044690927e-03,2.007740387049038733e-01,2.254363503437535610e-02,7.156025874339389187e-04,1.320420325067091184e-03,3.432004488503601937e-03,-6.040193418816110389e-04,8.380485221771040785e-03,1.243069266276639485e-03
1.600000000000000033e-02,0.000000000000000000e+00,2.085839493538687271e-03,2.786312910868888118e-03,2.168181818181817364e-03,2.792727272727273113e-03,0.000000000000000000e+00,0.000000000000000000e+00,6.942615124026207127e-04,1.309494729050705245e-03,-2.106530636369523170e-03,-1.232800972032458255e-03,7.759704079810418598e-02,1.000282007636831352e-02,2.430949666902690598e-01,3.207370095173368851e-02,7.023178799573383778e-04,1.317738155243811018e-03,1.424784953755621475e-03,-1.016231228867775244e-03,9.233829356762051147e-03,1.377087054579375670e-03
1.650000000000000078e-02,0.000000000000000000e+00,2.084887558036268781e-03,2.785723561663269645e-03,2.168181818181817364e-03,2.792727272727273113e-03,0.000000000000000000e+00,0.000000000000000000e+00,6.935322875007853992e-04,1.308905379845086989e-03,-1.458449803670723837e-03,-1.178698411236707606e-03,7.582209152529174878e-02,1.030600277436335456e-02,2.276865880290045441e-01,3.113115766599479708e-02,7.033500761484469703e-04,1.317264452116711972e-03,2.701486571562349004e-03,-8.788296604787871388e-04,9.233829356762051147e-03,1.377087054579375670e-03
1.700000000000000122e-02,0.000000000000000000e+00,2.084305933149213121e-03,2.785166118463639449e-03,2.168181818181817364e-03,2.792727272727273113e-03,0.000000000000000000e+00,0.000000000000000000e+00,6.930867369880767785e-04,1.308347936645456793e-03,-8.911010254171397929e-04,-1.114886399260430101e-03,7.210613416218841776e-02,9.987972795094406456e-03,2.149800075871284577e-01,2.965643274331848656e-02,7.049829270964934813e-04,1.316863796994616502e-03,3.827672978942569647e-03,-7.240755983036453649e-04,9.233829356762051147e-03,1.377087054579375670e-03
1.750000000000000167e-02,0.000000000000000000e+00,2.083990132319680361e-03,2.784634921134228596e-03,2.168181818181817364e-03,2.792727272727273113e-03,0.000000000000000000e+00,0.000000000000000000e+00,6.928448195174805382e-04,1.307816739316045940e-03,-4.838349411924240629e-04,-1.062394658821886727e-03,6.899567953484680993e-02,9.706029614359555982e-03,2.062227778883495288e-01,2.884875335114506917e-02,7.071044754969433178e-04,1.316535141175654254e-03,4.656833545317626104e-03,-5.907935563425068329e-04,9.233829356762051147e-03,1.377087054579375670e-03
1.800000000000000211e-02,0.000000000000000000e+00,2.083853188652141745e-03,2.784124979707549262e-03,2.168181818181817364e-03,2.792727272727273113e-03,0.000000000000000000e+00,0.000000000000000000e+00,6.927399145819422392e-04,1.307306797889366389e-03,-2.098098710765008436e-04,-1.019882853359196408e-03,6.456350938788982252e-02,1.563722247435771553e-02,1.917663051588189838e-01,5.213697359094444234e-02,7.115770905298940407e-04,1.310869500334556435e-03,5.556599308036491887e-03,-1.335808400999560774e-03,9.135485438550496745e-03,1.642762913760148144e-03
1.849999999999999908e-02,0.000000000000000000e+00,2.083773469877810407e-03,2.783735924752905183e-03,2.168181818181817364e-03,2.792727272727273113e-03,0.000000000000000000e+00,0.000000000000000000e+00,6.926788464578535276e-04,1.306917742934722527e-03,-1.221362481774508776e-04,-7.781099092877541683e-04,6.274028545561531611e-02,1.438689631067039884e-02,1.885015008537611336e-01,4.229069289918239993e-02,7.144170867664507551e-04,1.310315419061976357e-03,5.802801176657981438e-03,-8.813764336615787735e-04,9.135485438550496745e-03,1.642762913760148144e-03
1.899999999999999953e-02,0.000000000000000000e+00,2.083701133938489509e-03,2.783445352166121628e-03,2.168181818181817364e-03,2.792727272727273113e-03,0.000000000000000000e+00,0.000000000000000000e+00,6.926234339134989485e-04,1.306627170347938755e-03,-1.108250887092119294e-04,-5.811451735674929859e-04,6.126795711786549997e-02,1.331171434845977199e-02,1.843440730376076919e-01,3.924170121387821758e-02,7.173444567591427375e-04,1.309967801056703815e-03,5.906367456644765444e-03,-5.098025562182063224e-04,9.135485438550496745e-03,1.642762913760148144e-03
1.949999999999999997e-02,0.000000000000000000e+00,2.083596383719547949e-03,2.783234054806849045e-03,2.168181818181817364e-03,2.792727272727273113e-03,0.000000000000000000e+00,0.000000000000000000e+00,6.925431905903633696e-04,1.306415872988666172e-03,-1.604866462712556353e-04,-4.225947185451013892e-04,6.009571963837384567e-02,1.239128064234226202e-02,1.810300107341347720e-01,3.663262096074527963e-02,7.202949996477931577e-04,1.309788172797831697e-03,5.895713242656199296e-03,-2.092860881396063329e-04,9.135485438550496745e-03,1.642762913760148144e-03
2.000000000000000042e-02,0.000000000000000000e+00,2.083427984184648384e-03,2.783085644245436759e-03,2.168181818181817364e-03,2.792727272727273113e-03,1.000000000000000000e+00,0.000000000000000000e+00,6.924141890624298029e-04,1.306267462427254319e-03,-2.580030558671150549e-04,-2.968211228235327669e-04,6.990957071908748821e-02,1.021738757625054173e-02,2.201083185457195501e-01,2.901356043754666283e-02,7.093821065410012196e-04,1.311336082512749206e-03,3.730189017932614235e-03,2.682440692933587591e-04,9.745160638631860175e-03,1.572589411384110909e-03
2.050000000000000086e-02,0.000000000000000000e+00,2.083775723291460963e-03,2.783239792953913754e-03,2.168181818181817364e-03,2.792727272727273113e-03,1.000000000000000000e+00,0.000000000000000000e+00,6.926805726728587752e-04,1.306421611135731098e-03,5.327672208580516450e-04,3.082974169533494709e-04,6.901584942790411903e-02,9.365684472991794157e-03,2.085520375530624804e-01,2.774377138115045882e-02,7.113944513103709778e-04,1.311497510645209938e-03,4.317974890016127235e-03,3.772511058013403419e-04,9.745160638631860175e-03,1.572589411384110909e-03
2.100000000000000130e-02,0.000000000000000000e+00,2.083762772502577819e-03,2.783165652002608792e-03,2.168181818181817364e-03,2.792727272727273113e-03,1.000000000000000000e+00,0.000000000000000000e+00,6.926706517930006964e-04,1.306347470184426136e-03,-1.984175971611221948e-05,-1.482819026100962016e-04,6.677167995265471945e-02,9.117631207603333135e-03,2.003950968998920723e-01,2.737002923360688789e-02,7.136817839930520912e-04,1.311699858045258698e-03,4.830276566621007593e-03,4.320246970141999746e-04,9.745160638631860175e-03,1.572589411384110909e-03
2.150000000000000175e-02,0.000000000000000000e+00,2.083893310982137467e-03,2.783258729176546226e-03,2.168181818181817364e-03,2.792727272727273113e-03,1.000000000000000000e+00,0.000000000000000000e+00,6.927706500698804087e-04,1.306440547358363570e-03,1.999965537593548866e-04,1.861543478748468286e-04,6.484016769526435020e-02,8.850018632464554114e-03,1.948907855090179220e-01,2.664314776718228889e-02,7.161807519654579636e-04,1.311925560247249227e-03,5.164852481369431453e-03,4.707006280376776390e-04,9.745160638631860175e-03,1.572589411384110909e-03
2.199999999999999872e-02,0.000000000000000000e+00,2.083819479798055228e-03,2.783161928767701777e-03,2.168181818181817364e-03,2.792727272727273547e-03,1.000000000000000000e+00,0.000000000000000000e+00,6.927140921015853461e-04,1.306343746949519121e-03,-1.131159365900894235e-04,-1.936008176887250420e-04,7.450752366853538589e-02,5.329849821476789588e-03,2.339686193800478986e-01,1.308613320031598061e-02,7.032439228478593171e-04,1.316087450622220384e-03,3.143797760512620585e-03,1.047420838300572917e-03,1.037594633270866665e-02,1.413682133334958181e-03
2.249999999999999917e-02,0.000000000000000000e+00,2.084225258826235064e-03,2.783210878423559090e-03,2.168181818181817364e-03,2.792727272727273113e-03,1.000000000000000000e+00,0.000000000000000000e+00,6.930249368712568811e-04,1.306392696605376434e-03,6.216895393431242289e-04,9.789931171454087670e-05,7.364854537314194372e-02,4.848346832374022912e-03,2.226516369207404977e-01,1.430892337650517369e-02,7.050301814238379115e-04,1.316565602849262490e-03,3.999510678569846538e-03,8.655225168330922449e-04,1.037594633270866665e-02,1.413682133334958181e-03
2.299999999999999961e-02,0.000000000000000000e+00,2.084313739959552797e-03,2.783118768087852225e-03,2.168181818181817364e-03,2.792727272727273113e-03,1.000000000000000000e+00,0.000000000000000000e+00,6.930927173517559834e-04,1.306300586269669569e-03,1.355609609982942978e-04,-1.842206714136529412e-04,7.072429817427100529e-02,5.376461915248095108e-03,2.118484225033536728e-01,1.668605107938158846e-02,7.072252899627034985e-04,1.316945811802096604e-03,4.779329243644917305e-03,6.557055487988529578e-04,1.037594633270866665e-02,1.413682133334958181e-03
2.350000000000000006e-02,0.000000000000000000e+00,2.084437854140436946e-03,2.783162827732697537e-03,2.168181818181817364e-03,2.792727272727273113e-03,1.000000000000000000e+00,0.000000000000000000e+00,6.931877943303343123e-04,1.306344645914514881e-03,1.901539571567260097e-04,8.811928969059025637e-05,6.823197692717242191e-02,5.792966985363963255e-03,2.046855885808993303e-01,1.793477202937610385e-02,7.097520203465492242e-04,1.317229921511652415e-03,5.326436517835917740e-03,4.810610116455657720e-04,1.037594633270866665e-02,1.413682133334958181e-03
2.400000000000000050e-02,0.000000000000000000e+00,2.084452707983312694e-03,2.783062633708724594e-03,2.168181818181817364e-03,2.792727272727273113e-03,1.000000000000000000e+00,1.000000000000000000e+00,6.931991730341281787e-04,1.306244451890541721e-03,2.275740758765767502e-05,-2.003880479464594856e-04,7.359275431348488716e-02,1.415964683890267098e-02,2.275707412834744314e-01,4.998570599398270003e-02,7.037232527184264378e-04,1.309799488429230600e-03,4.482066401576903503e-03,-7.042630712356608190e-04,1.071213858666283415e-02,1.706011468217010852e-03
2.450000000000000094e-02,0.000000000000000000e+00,2.084735014569253243e-03,2.783266454003508784e-03,2.168181835245253965e-03,2.792727272539357892e-03,1.000000000000000000e+00,1.000000000000000000e+00,6.934154324255439004e-04,1.306448272185325912e-03,4.325187828315448218e-04,4.076405895683235981e-04,7.064525955318809447e-02,1.309506668526270318e-02,2.116988664353352811e-01,3.889198193808721116e-02,7.061450756004697144e-04,1.309534114736909645e-03,5.203735019526783967e-03,-3.578929303819776853e-04,1.071213858666283415e-02,1.706011468217010852e-03
2.500000000000000139e-02,0.000000000000000000e+00,2.084792761122999938e-03,2.783221868031594305e-03,2.168181953936649219e-03,2.792727271306535020e-03,1.000000000000000000e+00,1.000000000000000000e+00,6.934596688521509674e-04,1.306403686213411432e-03,8.847285321414270504e-05,-8.917194382883683991e-05,6.826796411839070045e-02,1.227100525576428278e-02,2.048552342628631728e-01,3.645083226589838216e-02,7.088691571003442275e-04,1.309424362537174114e-03,5.691542669962313013e-03,-8.164708193678885551e-05,1.071213858666283415e-02,1.706011468217010852e-03
2.550000000000000183e-02,0.000000000000000000e+00,2.084878819153793486e-03,2.783333861901822730e-03,2.168182273822280657e-03,2.792727268210003742e-03,1.000000000000000000e+00,1.000000000000000000e+00,6.935255931284261058e-04,1.306515680083640074e-03,1.318485525503415297e-04,2.239877404571028949e-04,6.627252053311047386e-02,1.150240249919026389e-02,1.991510466801947321e-01,3.426358513992039390e-02,7.117901286243163983e-04,1.309439108769973412e-03,5.991651433396912724e-03,1.402015160650043777e-04,1.071213858666283415e-02,1.706011468217010852e-03
2.600000000000000228e-02,0.000000000000000000e+00,2.084888704377198081e-03,2.783259938456857097e-03,2.168182892235717002e-03,2.792727262675590537e-03,1.000000000000000000e+00,1.000000000000000000e+00,6.935331656488842329e-04,1.306441756638674441e-03,1.514504091628359047e-05,-1.478468899313494043e-04,7.009885908077234662e-02,1.504825717965042019e-02,2.156715351019516114e-01,4.857866558683972963e-02,7.082931761284982095e-04,1.305519894780233191e-03,5.271015021439272655e-03,-2.221140397905648671e-04,1.095426402993435536e-02,1.855551431783283379e-03
2.649999999999999925e-02,0.000000000000000000e+00,2.085081842751355594e-03,2.783452618184311528e-03,2.168183904295867964e-03,2.792727254371525636e-03,1.000000000000000000e+00,1.000000000000000000e+00,6.936811182271602951e-04,1.306634436366128655e-03,2.959051565521920611e-04,3.853594549083983259e-04,6.786362558056109606e-02,1.376864679347385850e-02,2.038280426839712001e-01,4.074265917774022583e-02,7.110313721621837639e-04,1.305502856725496369e-03,5.680871338602075729e-03,1.532350429102711945e-04,1.095426402993435536e-02,1.855551431783283379e-03
2.699999999999999969e-02,0.000000000000000000e+00,2.085084158188986285e-03,2.783394335475470553e-03,2.168185402925020596e-03,2.792727243206207834e-03,1.000000000000000000e+00,1.000000000000000000e+00,6.936828919552908129e-04,1.306576153657287897e-03,3.547456261044582698e-06,-1.165654176817083453e-04,6.608516376898550260e-02,1.276430629402523775e-02,1.987211553173740264e-01,3.778339054867213553e-02,7.139304237791132450e-04,1.305652484050032073e-03,5.914772274892801662e-03,4.447037380390736635e-04,1.095426402993435536e-02,1.855551431783283379e-03
2.750000000000000014e-02,0.000000000000000000e+00,2.085177904079179266e-03,2.783531435127666216e-03,2.168187478866888222e-03,2.792727229325970596e-03,1.000000000000000000e+00,1.000000000000000000e+00,6.937547054735382964e-04,1.306713253309483777e-03,1.436270364949363985e-04,2.741993043917109827e-04,6.460188784445279608e-02,1.184462985478682180e-02,1.945306010015470655e-01,3.518668455076330581e-02,7.169115867308494330e-04,1.305931355956975242e-03,6.009583129617885634e-03,6.703360783285722529e-04,1.095426402993435536e-02,1.855551431783283379e-03
2.800000000000000058e-02,0.000000000000000000e+00,2.085140675250041296e-03,2.783445530754142735e-03,2.168190220704657202e-03,2.792727213112859881e-03,1.000000000000000000e+00,1.000000000000000000e+00,6.937261865358535819e-04,1.306627348935960296e-03,-5.703787536933042392e-05,-1.718087470469566494e-04,6.491222844456757957e-02,7.689304116328647340e-03,1.969278924391017205e-01,1.969963192072204591e-02,7.181608283444312641e-04,1.309691646218440067e-03,5.761296486031999321e-03,1.277082904023733607e-03,1.101837563842754213e-02,1.731630424058110953e-03
2.850000000000000103e-02,0.000000000000000000e+00,2.085248565639779856e-03,2.783526016689628554e-03,2.168193714879023716e-03,2.792727195182392874e-03,1.000000000000000000e+00,1.000000000000000000e+00,6.938088353693786740e-04,1.306707834871445898e-03,1.652976670502129036e-04,1.609718709714031142e-04,6.372296396203974700e-02,7.627396758260566144e-03,1.921264585291740101e-01,2.310662471593568149e-02,7.210407187125771316e-04,1.310309544438672917e-03,5.758162227677950107e-03,1.194646387047624365e-03,1.101837563842754213e-02,1.731630424058110953e-03
2.900000000000000147e-02,0.000000000000000000e+00,2.085162524249108314e-03,2.783417584570074474e-03,2.168198045706241396e-03,2.792727176381333640e-03,1.000000000000000000e+00,1.000000000000000000e+00,6.937429238401766809e-04,1.306599402751891818e-03,-1.318230584038991365e-04,-2.168642391079729937e-04,6.283611648074614864e-02,7.651692206181431172e-03,1.895876353616585963e-01,2.314008071859114182e-02,7.238961552327157021e-04,1.310885465287776972e-03,5.663659089872844117e-03,1.109180876014127532e-03,1.101837563842754213e-02,1.731630424058110953e-03
2.950000000000000192e-02,0.000000000000000000e+00,2.085263786494704827e-03,2.783514646446143964e-03,2.168203295396167220e-03,2.792727157785463137e-03,1.000000000000000000e+00,1.000000000000000000e+00,6.938204952207132270e-04,1.306696464627961525e-03,1.551427610730570742e-04,1.941237521395660541e-04,6.209862500746386738e-02,7.628095749108741719e-03,1.875866182249190661e-01,2.315142748962481511e-02,7.266875010917691561e-04,1.311419247357048339e-03,5.501932283992634273e-03,1.026088261526411508e-03,1.101837563842754213e-02,1.731630424058110953e-03
2.999999999999999889e-02,0.000000000000000000e+00,2.085143381273052432e-03,2.783390037053174500e-03,2.168209544070300466e-03,2.792727140697340120e-03,1.000000000000000000e+00,1.000000000000000000e+00,6.937282594697440942e-04,1.306571855234991844e-03,-1.844715019382723480e-04,-2.492187859395158861e-04,7.205741669296814034e-02,6.877005518990386528e-03,2.267672043192139331e-01,2.012112376631942576e-02,7.114275720498665053e-04,1.313037154933700823e-03,2.960947291835868203e-03,1.088096410304768879e-03,1.167611615904147471e-02,1.690392019525611142e-03
3.049999999999999933e-02,0.000000000000000000e+00,2.085521351120399151e-03,2.783482165092343325e-03,2.168216869779829477e-03,2.792727126644076793e-03,1.000000000000000000e+00,1.000000000000000000e+00,6.940178011709706093e-04,1.306663983274160669e-03,5.790834024529488812e-04,1.842560783376937460e-04,7.439044708098466185e-02,6.675363749866348832e-03,2.276087400505102387e-01,2.010968866091902146e-02,7.130285783307594664e-04,1.313549767666958657e-03,3.442084889985398515e-03,9.625784030645814521e-04,1.167611615904147471e-02,1.690392019525611142e-03
3.099999999999999978e-02,0.000000000000000000e+00,2.085632518465853173e-03,2.783395334596885928e-03,2.168225348523678854e-03,2.792727117375110556e-03,1.000000000000000000e+00,1.000000000000000000e+00,6.941029602982117614e-04,1.306577152778703056e-03,1.703182544823507514e-04,-1.736609909153969517e-04,7.192229583236628421e-02,6.932970526465560487e-03,2.158805551631096664e-01,2.117452894165821470e-02,7.149132619309655958e-04,1.313996818142161441e-03,4.095312340753646911e-03,8.258715395886971232e-04,1.167611615904147471e-02,1.690392019525611142e-03
3.150000000000000022e-02,0.000000000000000000e+00,2.085765675345119512e-03,2.783458234557265477e-03,2.168235054266544511e-03,2.792727114859961876e-03,1.000000000000000000e+00,1.000000000000000000e+00,6.942049643856369094e-04,1.306640052739082821e-03,2.040081748504015075e-04,1.257999207596168867e-04,6.982090310358546326e-02,7.113588062110014730e-03,2.098388765544689782e-01,2.174622977211088451e-02,7.170753755456971482e-04,1.314379897256750737e-03,4.552175016287327708e-03,7.066614695655976976e-04,1.167611615904147471e-02,1.690392019525611142e-03
3.200000000000000067e-02,0.000000000000000000e+00,2.085817661447556242e-03,2.783361200098775912e-03,2.168246058956948673e-03,2.792727121286016877e-03,1.000000000000000000e+00,1.000000000000000000e+00,6.942447880505279393e-04,1.306543018280593256e-03,7.964732978209672310e-05,-1.940689169793421076e-04,7.407071384308541728e-02,5.359144181605873282e-03,2.280916010193407006e-01,1.468208351240814225e-02,7.122099029226185065e-04,1.316644223997330511e-03,3.910126898733785189e-03,8.505029320810377283e-04,1.194202405091624418e-02,1.618971790510512600e-03
3.250000000000000111e-02,0.000000000000000000e+00,2.086071056306334701e-03,2.783412448532921607e-03,2.168258432545271466e-03,2.792727139056282604e-03,1.000000000000000000e+00,1.000000000000000000e+00,6.944388997740103117e-04,1.306594266714738734e-03,3.882234469648147010e-04,1.024968682909472152e-04,7.162669069341796868e-02,5.838460012338536620e-03,2.150860218617656749e-01,1.813056330882234848e-02,7.143115572993495978e-04,1.317017483176849196e-03,4.495277171348132511e-03,6.429219695745521214e-04,1.194202405091624418e-02,1.618971790510512600e-03
3.300000000000000155e-02,0.000000000000000000e+00,2.086097692358339795e-03,2.783318225501075181e-03,2.168272243001808514e-03,2.792727170787169186e-03,1.000000000000000000e+00,1.000000000000000000e+00,6.944593041736353079e-04,1.306500043682892525e-03,4.080879925006774666e-05,-1.884460636925031941e-04,6.966075367510168870e-02,6.304665972617357408e-03,2.094089269968989475e-01,1.944438796195252159e-02,7.166572498404146256e-04,1.317294995354825358e-03,4.886645879939602310e-03,4.674563052110619274e-04,1.194202405091624418e-02,1.618971790510512600e-03
3.350000000000000200e-02,0.000000000000000000e+00,2.086260131701467811e-03,2.783383920162752802e-03,2.168287556334802958e-03,2.792727219306248565e-03,1.000000000000000000e+00,1.000000000000000000e+00,6.945837399297825118e-04,1.306565738344570146e-03,2.488715122944673824e-04,1.313893233551362174e-04,6.799034580850576992e-02,6.660840379705487008e-03,2.046767872703350866e-01,2.052595291384851431e-02,7.191597777292823733e-04,1.317492526206301374e-03,5.122913220150128802e-03,3.229397072203559057e-04,1.194202405091624418e-02,1.618971790510512600e-03
3.400000000000000244e-02,0.000000000000000000e+00,2.086239301770281655e-03,2.783279690779600669e-03,2.168304436608493087e-03,2.792727287650027118e-03,1.000000000000000000e+00,1.000000000000000000e+00,6.945677832767467325e-04,1.306461508961417797e-03,-3.191330607149698174e-05,-2.084587663047152823e-04,7.095270140624657107e-02,1.523406317585071848e-02,2.175037333092443570e-01,5.341507533052650136e-02,7.166180971025104150e-04,1.309559105594232213e-03,4.564140170440172777e-03,-8.421429475716092194e-04,1.213248868005672651e-02,1.918417100602055284e-03
3.450000000000000289e-02,0.000000000000000000e+00,2.086490439193802726e-03,2.783505108899269297e-03,2.168322945961162138e-03,2.792727379061717835e-03,1.000000000000000000e+00,1.000000000000000000e+00,6.947601657044940671e-04,1.306686927081086858e-03,3.847648554946391636e-04,4.508362393380985797e-04,6.912166727452839776e-02,1.407000539882098319e-02,2.080178067696713817e-01,4.177413013961579075e-02,7.189781131630301617e-04,1.309234243200793537e-03,4.875231992968912659e-03,-4.580387385487594970e-04,1.213248868005672651e-02,1.918417100602055284e-03
3.500000000000000333e-02,0.000000000000000000e+00,2.086524153857300355e-03,2.783463981844521394e-03,2.168343144623173773e-03,2.792727496989004694e-03,1.000000000000000000e+00,1.000000000000000000e+00,6.947859926351181549e-04,1.306645800026338738e-03,5.165386124810758192e-05,-8.225410949620136055e-05,6.769580464185338819e-02,1.316656611520483980e-02,2.039201805997092332e-01,3.909870255105062087e-02,7.214576372506381098e-04,1.309082214503230106e-03,5.042446594751691380e-03,-1.506659909650702239e-04,1.213248868005672651e-02,1.918417100602055284e-03
3.550000000000000377e-02,0.000000000000000000e+00,2.086622850753522100e-03,2.783587610676847325e-03,2.168365090935020154e-03,2.792727645081813544e-03,1.000000000000000000e+00,1.000000000000000000e+00,6.948615988440219647e-04,1.306769428858664452e-03,1.512124178075801065e-04,2.472576646515483386e-04,6.650201513500356154e-02,1.232491903528443351e-02,2.005379138517835724e-01,3.670046058685683815e-02,7.239928869846279065e-04,1.309068923972725191e-03,5.098348195784863958e-03,9.702435043010260423e-05,1.213248868005672651e-02,1.918417100602055284e-03
3.600000000000000422e-02,0.000000000000000000e+00,2.086629108777842204e-03,2.783519923718266731e-03,2.168388841365366092e-03,2.792727827190081245e-03,1.000000000000000000e+00,1.000000000000000000e+00,6.948663927687775011e-04,1.306701741900083858e-03,9.587849511046172245e-06,-1.353739171610251796e-04,7.646215432009420554e-02,1.170459048902201642e-02,2.401864476069530407e-01,3.489460515223906378e-02,7.103016493498916619e-04,1.309315940910414817e-03,2.955549274947770304e-03,3.090371324260524533e-04,1.273866428636333606e-02,1.912804621202428843e-03
3.649999999999999772e-02,0.000000000000000000e+00,2.086997945389858569e-03,2.783649611171543081e-03,2.168414450529090182e-03,2.792728047361521353e-03,1.000000000000000000e+00,1.000000000000000000e+00,6.951489380058311360e-04,1.306831429353360425e-03,5.650904741072394419e-04,2.593749065532155668e-04,7.652696678291026622e-02,1.088200991335465037e-02,2.321409343220471322e-01,3.234837014720272352e-02,7.119457735303144153e-04,1.309508597833421032e-03,3.619598395302903171e-03,4.612882182680435239e-04,1.273866428636333606e-02,1.912804621202428843e-03
3.699999999999999817e-02,0.000000000000000000e+00,2.087179103291578186e-03,2.783615375001805784e-03,2.168441971205331120e-03,2.792728309839399327e-03,1.000000000000000000e+00,1.000000000000000000e+00,6.952877130097708533e-04,1.306797193183623128e-03,2.775500078793283719e-04,-6.847233947462959096e-05,7.398980132376493934e-02,1.044933670191510941e-02,2.221258224985125096e-01,3.127152073370864649e-02,7.139211391936961309e-04,1.309764122005653130e-03,4.280508771788007344e-03,5.606063369593481793e-04,1.273866428636333606e-02,1.912804621202428843e-03
3.749999999999999861e-02,0.000000000000000000e+00,2.087301655597525660e-03,2.783678419472667906e-03,2.168471454355533172e-03,2.792728619060298213e-03,1.000000000000000000e+00,1.000000000000000000e+00,6.953815935227331468e-04,1.306860237654485250e-03,1.877610259245997000e-04,1.260889417241603798e-04,7.185596529545526523e-02,1.004813299137534421e-02,2.159714133504050670e-01,3.014131020190365801e-02,7.161764296632261223e-04,1.310062266855809227e-03,4.739678013134244333e-03,6.318237780601800848e-04,1.273866428636333606e-02,1.912804621202428843e-03
3.799999999999999906e-02,0.000000000000000000e+00,2.087417989715243186e-03,2.783629588274767579e-03,2.168502949141484695e-03,2.792728979651884318e-03,1.000000000000000000e+00,1.000000000000000000e+00,6.954707106271558687e-04,1.306811406456584706e-03,1.782342088454422300e-04,-9.766239580129594121e-05,7.330906243745126394e-02,8.425859537463102622e-03,2.234327984530094791e-01,2.411608276096518025e-02,7.148048089529957178e-04,1.311690105851404369e-03,4.534417785382736932e-03,8.462497899818138868e-04,1.288158782500965077e-02,1.864071554696616678e-03
3.849999999999999950e-02,0.000000000000000000e+00,2.087577431494609323e-03,2.783678525264204895e-03,2.168536502943369231e-03,2.792729396430684592e-03,1.000000000000000000e+00,1.000000000000000000e+00,6.955928501162404005e-04,1.306860343446022022e-03,2.442789781690483182e-04,9.787397887478613582e-05,7.131773187086948296e-02,8.375120346179553560e-03,2.144831103389905624e-01,2.536276546144400693e-02,7.171680805069899790e-04,1.312100398352610085e-03,4.917836061137978443e-03,7.950040232593554674e-04,1.288158782500965077e-02,1.864071554696616678e-03
3.899999999999999994e-02,0.000000000000000000e+00,2.087645547581712998e-03,2.783619349858298779e-03,2.168572161377801434e-03,2.792729874399844936e-03,1.000000000000000000e+00,1.000000000000000000e+00,6.956450300662531420e-04,1.306801168040116340e-03,1.043599000254962915e-04,-1.183508118112193799e-04,6.970114053598226722e-02,8.378289748344027940e-03,2.098530146875884073e-01,2.535329415656097790e-02,7.196837488902557310e-04,1.312484403821991084e-03,5.144303512017963861e-03,7.411077926541191716e-04,1.288158782500965077e-02,1.864071554696616678e-03
3.950000000000000039e-02,0.000000000000000000e+00,2.087759219736388602e-03,2.783681811135631408e-03,2.168609968315876862e-03,2.792730418746905852e-03,1.000000000000000000e+00,1.000000000000000000e+00,6.957321079886796432e-04,1.306863629317448535e-03,1.741558448530460587e-04,1.249225546642516700e-04,6.836786180949699920e-02,8.356818980142718956e-03,2.060808343652501262e-01,2.534044055615561342e-02,7.222809493200435310e-04,1.312841645406529791e-03,5.244206446519203077e-03,6.879480679761410672e-04,1.288158782500965077e-02,1.864071554696616678e-03
4.000000000000000083e-02,0.000000000000000000e+00,2.087789707983351683e-03,2.783604324095534550e-03,2.168649965901213970e-03,2.792731034841573756e-03,1.000000000000000000e+00,1.000000000000000000e+00,6.957554633408461007e-04,1.306786142277352111e-03,4.671070433291628203e-05,-1.549740801928034041e-04,7.812297088496936159e-02,1.154408504390043791e-02,2.450574189434291117e-01,3.765276550739223016e-02,7.060301505820249998e-04,1.308542175225358090e-03,2.786238836287482749e-03,3.185092399331544222e-05,1.358959491111886263e-02,2.037769086056807986e-03
4.050000000000000128e-02,0.000000000000000000e+00,2.088174935717668646e-03,2.783741330195172586e-03,2.168692194567996973e-03,2.792731728233482317e-03,1.000000000000000000e+00,1.000000000000000000e+00,6.960505649060549091e-04,1.306923148376990147e-03,5.902031304175177958e-04,2.740121992761927880e-04,8.051104347271988149e-02,1.264094166829949836e-02,2.462052450924055447e-01,3.932088729255256432e-02,7.075912990451060968e-04,1.308590066144305194e-03,3.456996100007429795e-03,1.594636301412596891e-04,1.358959491111886263e-02,2.037769086056807986e-03
4.100000000000000172e-02,0.000000000000000000e+00,2.088470423889492340e-03,2.783738374890141511e-03,2.168736693059023467e-03,2.792732504649968108e-03,1.000000000000000000e+00,1.000000000000000000e+00,6.962769219780877471e-04,1.306920193071958855e-03,4.527141440657110778e-04,-5.910610062521254836e-06,7.748481387869451953e-02,1.195286065079164198e-02,2.323629688621157985e-01,3.562800092318928191e-02,7.095314381911225002e-04,1.308718464738064819e-03,4.301849848908180680e-03,3.537493693009423562e-04,1.358959491111886263e-02,2.037769086056807986e-03
4.150000000000000216e-02,0.000000000000000000e+00,2.088641532890748043e-03,2.783793695264880075e-03,2.168783498443742960e-03,2.792733369993836284e-03,1.000000000000000000e+00,1.000000000000000000e+00,6.964079990776675085e-04,1.306975513446697202e-03,2.621541991596057020e-04,1.106407494765337973e-04,7.495716810710181810e-02,1.134061711060520977e-02,2.250593790590240395e-01,3.387273009292034176e-02,7.118335928060565620e-04,1.308932723173329010e-03,4.905511721695267335e-03,5.029870540226793292e-04,1.358959491111886263e-02,2.037769086056807986e-03
4.200000000000000261e-02,0.000000000000000000e+00,2.088800087039970315e-03,2.783779177506643613e-03,2.168832646136303194e-03,2.792734330341126257e-03,1.000000000000000000e+00,1.000000000000000000e+00,6.965294586026127928e-04,1.306960995688460957e-03,2.429190498904911758e-04,-2.903551647239304670e-05,7.493593779656979037e-02,1.311818177917559516e-02,2.271275679977354245e-01,4.125678611887900749e-02,7.119757801207110852e-04,1.306992697676766929e-03,4.995154043863667820e-03,3.238517962279844242e-04,1.368005676035335613e-02,2.121003607328933883e-03
4.250000000000000305e-02,0.000000000000000000e+00,2.088962964915124128e-03,2.783867529247961194e-03,2.168884169913597778e-03,2.792735391938893849e-03,1.000000000000000000e+00,1.000000000000000000e+00,6.966542302937813336e-04,1.307049347429778755e-03,2.495433823371591853e-04,1.767034826354492980e-04,7.284495926191650317e-02,1.229578334847574936e-02,2.190274899104983075e-01,3.660737100983880304e-02,7.145704376121645883e-04,1.307207319381501615e-03,5.382626950437421204e-03,5.342192225768246493e-04,1.368005676035335613e-02,2.121003607328933883e-03
4.300000000000000350e-02,0.000000000000000000e+00,2.089077700830559332e-03,2.783837466883271571e-03,2.168938101933302106e-03,2.792736561202960495e-03,1.000000000000000000e+00,1.000000000000000000e+00,6.967421231042266599e-04,1.307019285065088915e-03,1.757856208905543007e-04,-6.012472937986265524e-05,7.113721327030536612e-02,1.163971684196532519e-02,2.141529039232097087e-01,3.469018360300806653e-02,7.173175895976981143e-04,1.307513699265079599e-03,5.605445355670436378e-03,6.909849234682990731e-04,1.368005676035335613e-02,2.121003607328933883e-03
4.350000000000000394e-02,0.000000000000000000e+00,2.089178108377393560e-03,2.783919758627940132e-03,2.168994472751925758e-03,2.792737844715701030e-03,1.000000000000000000e+00,1.000000000000000000e+00,6.968190397475260145e-04,1.307101576809757693e-03,1.538332865986871136e-04,1.645834893376196253e-04,6.974779404269201843e-02,1.105563149214822648e-02,2.102065914679143166e-01,3.304950059789303618e-02,7.201427041836556183e-04,1.307887776291464469e-03,5.694733186451438056e-03,8.050879152779674697e-04,1.368005676035335613e-02,2.121003607328933883e-03
4.399999999999999745e-02,0.000000000000000000e+00,2.089261763858794169e-03,2.783866469468428834e-03,2.169053311342849285e-03,2.792739249223798528e-03,1.000000000000000000e+00,1.000000000000000000e+00,6.968831235641894002e-04,1.307048287650245961e-03,1.281676333267282408e-04,-1.065783190236372822e-04,7.678200575692716023e-02,9.281389302099065514e-03,2.387016846781792601e-01,2.657592413853591268e-02,7.132557258596349719e-04,1.309619240062239549e-03,4.411774800067092689e-03,1.051709376750505423e-03,1.404478080854718210e-02,2.071905948060604602e-03
4.449999999999999789e-02,0.000000000000000000e+00,2.089548658680835669e-03,2.783936754646663611e-03,2.169114645114374011e-03,2.792740781636024287e-03,1.000000000000000000e+00,1.000000000000000000e+00,6.971028977483739123e-04,1.307118572828481172e-03,4.395483683689355614e-04,1.405703564704441637e-04,7.451974635378322276e-02,9.101978843931638266e-03,2.240261183089380659e-01,2.746815884852120415e-02,7.155824027762955862e-04,1.310137577564326724e-03,4.893910566797084541e-03,1.021679241294874869e-03,1.404478080854718210e-02,2.071905948060604602e-03
4.499999999999999833e-02,0.000000000000000000e+00,2.089650264642712880e-03,2.783887366672430780e-03,2.169178499927759685e-03,2.792742449020996134e-03,1.000000000000000000e+00,1.000000000000000000e+00,6.971807324308577610e-04,1.307069184854247907e-03,1.556693649677294762e-04,-9.877594846652428895e-05,7.270936143573600297e-02,9.005450019325438732e-03,2.188214577034280073e-01,2.717437434653367095e-02,7.181053716468463509e-04,1.310638165090475399e-03,5.197281641350751796e-03,9.807313023459031821e-04,1.404478080854718210e-02,2.071905948060604602e-03
4.549999999999999878e-02,0.000000000000000000e+00,2.089807978968799204e-03,2.783947617617443457e-03,2.169244900115275577e-03,2.792744258604957976e-03,1.000000000000000000e+00,1.000000000000000000e+00,6.973015486139564527e-04,1.307129435799260801e-03,2.416323661972778303e-04,1.205018900258895400e-04,7.119465363051676043e-02,8.903070385536220044e-03,2.145160788393368767e-01,2.692518278990691655e-02,7.207443961158998972e-04,1.311116866676620852e-03,5.358404250727895682e-03,9.341472311209034207e-04,1.404478080854718210e-02,2.071905948060604602e-03
4.599999999999999922e-02,0.000000000000000000e+00,2.089875742506464018e-03,2.783885812688046465e-03,2.169313868498238575e-03,2.792746217769540712e-03,1.000000000000000000e+00,1.000000000000000000e+00,6.973534584954308065e-04,1.307067630869863809e-03,1.038197629487269311e-04,-1.236098587941689185e-04,7.623995617318829465e-02,1.657691855220199892e-02,2.353524209020343150e-01,5.674171034513263850e-02,7.160201198667516618e-04,1.304023354847376167e-03,4.438467835534330719e-03,-9.866047435010637506e-05,1.432251681340540941e-02,2.354629511839578110e-03
4.649999999999999967e-02,0.000000000000000000e+00,2.090166192636434220e-03,2.784089119777663924e-03,2.169385426405059936e-03,2.792748334049534840e-03,1.000000000000000000e+00,1.000000000000000000e+00,6.975759562034975414e-04,1.307270937959481268e-03,4.449954161335293321e-04,4.066141792347276662e-04,7.419706133227285672e-02,1.519147080665221236e-02,2.232376591292530021e-01,4.496986549281287854e-02,7.183394951381312553e-04,1.304073501242582808e-03,4.838170979528444611e-03,2.984745174786979831e-04,1.432251681340540941e-02,2.354629511839578110e-03
4.700000000000000011e-02,0.000000000000000000e+00,2.090318039616811431e-03,2.784082513358128366e-03,2.169459593689285985e-03,2.792750615130658743e-03,1.000000000000000000e+00,1.000000000000000000e+00,6.976922777390201242e-04,1.307264331539945710e-03,2.326430710452092004e-04,-1.321283907114700331e-05,7.257002514021863859e-02,1.409283368809466537e-02,2.185842411512280981e-01,4.175944544319765833e-02,7.208183791726643181e-04,1.304299491317645289e-03,5.076809002386628057e-03,6.048834258323853739e-04,1.432251681340540941e-02,2.354629511839578110e-03
4.750000000000000056e-02,0.000000000000000000e+00,2.090422083566798213e-03,2.784178742721081685e-03,2.169536388747649643e-03,2.792753068847329562e-03,1.000000000000000000e+00,1.000000000000000000e+00,6.977719800287475243e-04,1.307360560902899030e-03,1.594045794547201350e-04,1.924587259066977950e-04,7.123310476380920186e-02,1.311668567341911160e-02,2.147539586806582468e-01,3.896819823188021198e-02,7.233846476025325651e-04,1.304660680451761364e-03,5.187952341650130077e-03,8.394049612538760597e-04,1.432251681340540941e-02,2.354629511839578110e-03
4.800000000000000100e-02,0.000000000000000000e+00,2.090544691467117241e-03,2.784147493854396884e-03,2.169615828538103749e-03,2.792755703180427145e-03,1.000000000000000000e+00,1.000000000000000000e+00,6.978659031294694171e-04,1.307329312036214228e-03,1.878462014437423872e-04,-6.249773336954736274e-05,7.980232543276513657e-02,1.006931730439062159e-02,2.491856909339892068e-01,2.788979908402923827e-02,7.144510094013041242e-04,1.307356507143944864e-03,3.698479347004410625e-03,1.300373674703767966e-03,1.475421917217591312e-02,2.271008061213105039e-03
4.850000000000000144e-02,0.000000000000000000e+00,2.090871164201934824e-03,2.784204297338645218e-03,2.169697928597872152e-03,2.792758526255066653e-03,1.000000000000000000e+00,1.000000000000000000e+00,6.981159957538062531e-04,1.307386115520462345e-03,5.001852486736646638e-04,1.136069684963602678e-04,7.731010884733170718e-02,9.771621814356460170e-03,2.323070269921632680e-01,2.938808451342930436e-02,7.164550986470303879e-04,1.308003641042366615e-03,4.316603982209787915e-03,1.288161131106806308e-03,1.475421917217591312e-02,2.271008061213105039e-03
4.900000000000000189e-02,0.000000000000000000e+00,2.091042989569461517e-03,2.784181053949571095e-03,2.169782703061493446e-03,2.792761546338370319e-03,1.000000000000000000e+00,1.000000000000000000e+00,6.982476216217868526e-04,1.307362872131388439e-03,2.632517359612727634e-04,-4.648677814798727768e-05,7.529023921551794563e-02,9.566844457364711771e-03,2.265024585897926213e-01,2.879873360994907039e-02,7.187187017181635284e-04,1.308640033383472873e-03,4.736908214884909957e-03,1.257443713586076529e-03,1.475421917217591312e-02,2.271008061213105039e-03
4.950000000000000233e-02,0.000000000000000000e+00,2.091205646142609530e-03,2.784218399571644631e-03,2.169870164678860784e-03,2.792764771837229210e-03,1.000000000000000000e+00,1.000000000000000000e+00,6.983722237857839044e-04,1.307400217753462192e-03,2.492043279941188387e-04,7.469124414746055641e-05,7.360389023030189382e-02,9.391105300866590608e-03,2.216723415999081459e-01,2.832751322771760033e-02,7.211524975320417934e-04,1.309257932551812333e-03,4.997677697833449728e-03,1.214213388766903446e-03,1.475421917217591312e-02,2.271008061213105039e-03
5.000000000000000278e-02,0.000000000000000000e+00,2.091330992951343729e-03,2.784188428003694059e-03,2.169960324833269082e-03,2.792768211296078017e-03,1.000000000000000000e+00,1.000000000000000000e+00,6.984682450120771905e-04,1.307370246185511186e-03,1.920424525864808678e-04,-5.994313590218252501e-05,8.320527293947116432e-02,1.259378837768020468e-02,2.603792888933755822e-01,4.087513645605358320e-02,7.101279835575750789e-04,1.306498374848271251e-03,3.367003079797342702e-03,7.252625310838092636e-04,1.526172012847482051e-02,2.396546952361812942e-03
5.050000000000000322e-02,0.000000000000000000e+00,2.091746485856390506e-03,2.784286158301611802e-03,2.170053193559458304e-03,2.792771873394661597e-03,1.000000000000000000e+00,1.000000000000000000e+00,6.987865310431437722e-04,1.307467976483428929e-03,6.365720621332481618e-04,1.954605958354025037e-04,8.060338517011884918e-02,1.205359787636273161e-02,2.422424504600595718e-01,3.612010554967445136e-02,7.120142205673765006e-04,1.306894426766384018e-03,4.176305259751114662e-03,8.586716291362767994e-04,1.526172012847482051e-02,2.396546952361812942e-03
5.100000000000000366e-02,0.000000000000000000e+00,2.092037882924788553e-03,2.784294671028110339e-03,2.170148779561658064e-03,2.792775766945806287e-03,1.000000000000000000e+00,1.000000000000000000e+00,6.990097541481312066e-04,1.307476489209927466e-03,4.464462099747710513e-04,1.702545299698605312e-05,7.810891809946357567e-02,1.151353376155883623e-02,2.347056321518463939e-01,3.443010148140921572e-02,7.142529150299940137e-04,1.307348364157332387e-03,4.777223417074981035e-03,9.568704719271649544e-04,1.526172012847482051e-02,2.396546952361812942e-03
5.150000000000000411e-02,0.000000000000000000e+00,2.092225968079128653e-03,2.784333429812422146e-03,2.170247090231628741e-03,2.792779900893185147e-03,1.000000000000000000e+00,1.000000000000000000e+00,6.991538357354466597e-04,1.307515247994239490e-03,2.881631746309847204e-04,7.751756862407684382e-05,7.603506670035917181e-02,1.105031193956762178e-02,2.287224127937131923e-01,3.311034765842022637e-02,7.167425138000839977e-04,1.307842682882899999e-03,5.180296429204386474e-03,1.020262895978560954e-03,1.526172012847482051e-02,2.396546952361812942e-03
5.200000000000000455e-02,0.000000000000000000e+00,2.092399154749923374e-03,2.784331814040557317e-03,2.170348131666705212e-03,2.792784284309086668e-03,1.000000000000000000e+00,1.000000000000000000e+00,6.992865044222312245e-04,1.307513632222374444e-03,2.653373735692349375e-04,-3.231543730021534458e-06,8.410117994118548879e-02,7.756625875056436664e-03,2.618103834244908112e-01,2.068991442590343080e-02,7.077346743038486626e-04,1.311248325460895097e-03,3.907160067704060907e-03,1.428633336020915202e-03,1.569821833066400996e-02,2.288450350526316773e-03
5.249999999999999806e-02,0.000000000000000000e+00,2.092797478166328988e-03,2.784315830996416524e-03,2.170451908687850550e-03,2.792788926392193033e-03,1.000000000000000000e+00,1.000000000000000000e+00,6.995916378619328191e-04,1.307497649178233651e-03,6.102668794031710937e-04,-3.196608828175344065e-05,8.103648698825743901e-02,7.954976734776087952e-03,2.431499463009463569e-01,2.426328041257080209e-02,7.098908816179928241e-04,1.311922363823992722e-03,4.716020143645357349e-03,1.267806324728272061e-03,1.569821833066400996e-02,2.288450350526316773e-03
5.299999999999999850e-02,0.000000000000000000e+00,2.093077798517516477e-03,2.784310252055799753e-03,2.170558424857681971e-03,2.792793836465333208e-03,1.000000000000000000e+00,1.000000000000000000e+00,6.998063757092531792e-04,1.307492070237617097e-03,4.294756946406858098e-04,-1.115788123305738345e-05,7.852980528507007285e-02,8.141411165373082723e-03,2.359642196822418492e-01,2.482426844095150104e-02,7.123904646898753662e-04,1.312519505571282160e-03,5.281122521613073120e-03,1.121022563122167984e-03,1.569821833066400996e-02,2.288450350526316773e-03
5.349999999999999895e-02,0.000000000000000000e+00,2.093278570073622055e-03,2.784303625241649378e-03,2.170667682498531037e-03,2.792799023973265970e-03,1.000000000000000000e+00,1.000000000000000000e+00,6.999601756441443164e-04,1.307485443423466722e-03,3.075998697822311906e-04,-1.325362830085003928e-05,7.645006540684481933e-02,8.321078520448490709e-03,2.299820172814729669e-01,2.536225282071748188e-02,7.151229000107954927e-04,1.313046550369194234e-03,5.647804875666446664e-03,9.873956783688197375e-04,1.569821833066400996e-02,2.288450350526316773e-03
5.399999999999999939e-02,0.000000000000000000e+00,2.093452568193870846e-03,2.784302075796818259e-03,2.170779682710481315e-03,2.792804498480444715e-03,1.000000000000000000e+00,1.000000000000000000e+00,7.000934659372738374e-04,1.307483893978635819e-03,2.665805862589755958e-04,-3.098889661924442195e-06,7.595332629458972917e-02,6.288835644789254539e-03,2.298130791138044693e-01,1.731939396870331438e-02,7.167506483582717410e-04,1.315687533316561115e-03,5.689090849726456678e-03,1.148919545915378856e-03,1.574491919637094686e-02,2.206901628427146954e-03
5.449999999999999983e-02,0.000000000000000000e+00,2.093630382187327763e-03,2.784261321016751490e-03,2.170894425389410798e-03,2.792810269668781833e-03,1.000000000000000000e+00,1.000000000000000000e+00,7.002296793588703950e-04,1.307443139198568834e-03,2.724268431932089229e-04,-8.150956013377155449e-05,7.435553797612484694e-02,6.827284292720179129e-03,2.240340196706908371e-01,2.112178529786049724e-02,7.196346957330316532e-04,1.316202379419103815e-03,5.846684245166971355e-03,9.109066738290400467e-04,1.574491919637094686e-02,2.206901628427146954e-03
5.500000000000000028e-02,0.000000000000000000e+00,2.093765163261093916e-03,2.784270145258968630e-03,2.171011909245034767e-03,2.792816347335420890e-03,1.000000000000000000e+00,1.000000000000000000e+00,7.003329276514665093e-04,1.307451963440785974e-03,2.064965851922626993e-04,1.764848443438769604e-05,7.307598095985393116e-02,7.287171634329792959e-03,2.204042508933836686e-01,2.247803068611389093e-02,7.225663768402151811e-04,1.316607263499291200e-03,5.879865089273419998e-03,7.090056277674813010e-04,1.574491919637094686e-02,2.206901628427146954e-03
5.550000000000000072e-02,0.000000000000000000e+00,2.093897292115947696e-03,2.784234604138683539e-03,2.171132131818958623e-03,2.792822741390509674e-03,1.000000000000000000e+00,1.000000000000000000e+00,7.004341442265029152e-04,1.307416422320500666e-03,2.024331500727471621e-04,-7.108224057079003588e-05,7.205631626863662209e-02,7.705961812768915425e-03,2.175350245150886874e-01,2.368516962779520715e-02,7.254899272525021630e-04,1.316918919806357854e-03,5.814353038437390826e-03,5.379393470997500658e-04,1.574491919637094686e-02,2.206901628427146954e-03
5.600000000000000117e-02,0.000000000000000000e+00,2.094005947160961986e-03,2.784255871703248016e-03,2.171255089502709471e-03,2.792829461854961972e-03,1.000000000000000000e+00,1.000000000000000000e+00,7.005173788199529471e-04,1.307437689885065360e-03,1.664691869001241019e-04,4.253512912920369329e-05,8.144704545009466556e-02,1.123062570155156613e-02,2.548625793654671901e-01,3.705046675475581058e-02,7.161473771535983770e-04,1.314027590011740366e-03,4.086271080873586301e-03,-1.060857171511194255e-05,1.620240463079600235e-02,2.323931703456776771e-03
5.650000000000000161e-02,0.000000000000000000e+00,2.094389457790322463e-03,2.784271902933472403e-03,2.171380777555786783e-03,2.792836518858229748e-03,1.000000000000000000e+00,1.000000000000000000e+00,7.008111650064516134e-04,1.307453721115289747e-03,5.875723729973999663e-04,3.206246044891377127e-05,7.920012704150707072e-02,1.104062127605312874e-02,2.382754878632229179e-01,3.330053559273723346e-02,7.183231601406707845e-04,1.314038827106206670e-03,4.615752514713803573e-03,5.542854581785971232e-05,1.620240463079600235e-02,2.323931703456776771e-03
5.700000000000000205e-02,0.000000000000000000e+00,2.094615569506499877e-03,2.784300154662993319e-03,2.171509190123711332e-03,2.792843922636076628e-03,1.000000000000000000e+00,1.000000000000000000e+00,7.009843766301535875e-04,1.307481972844810880e-03,3.464232474039535522e-04,5.650345904247800421e-05,7.730992736979119817e-02,1.084052813965555653e-02,2.327635538319196562e-01,3.269299899131688364e-02,7.207190721385626836e-04,1.314079932480844608e-03,4.967123980209651665e-03,1.088877959778170815e-04,1.620240463079600235e-02,2.323931703456776771e-03
5.750000000000000250e-02,0.000000000000000000e+00,2.094801118857133639e-03,2.784307785635340392e-03,2.171640320256054170e-03,2.792851683528336203e-03,1.000000000000000000e+00,1.000000000000000000e+00,7.011265156791307400e-04,1.307489603817157736e-03,2.842780979543560026e-04,1.526194469389375842e-05,7.574204768525642784e-02,1.067716057559438964e-02,2.282650569599928847e-01,3.221693072652750955e-02,7.232533819702921833e-04,1.314144495004934340e-03,5.169627124853077085e-03,1.492815778771063246e-04,1.620240463079600235e-02,2.323931703456776771e-03
5.800000000000000294e-02,0.000000000000000000e+00,2.094965252185079525e-03,2.784331356643821379e-03,2.171774159924497703e-03,2.792859811976693314e-03,1.000000000000000000e+00,1.000000000000000000e+00,7.012522491029343254e-04,1.307513174825638506e-03,2.514668476072193779e-04,4.714201696155321191e-05,8.270783776759657591e-02,1.783705516047284431e-02,2.566441268902591166e-01,6.017258713844467199e-02,7.161226938024924799e-04,1.307092251578152124e-03,3.986222155592379461e-03,-7.467499956128849977e-04,1.656711314215768630e-02,2.591194949000629605e-03
5.850000000000000339e-02,0.000000000000000000e+00,2.095333310019235548e-03,2.784458066113259904e-03,2.171910700040864672e-03,2.792868318522441929e-03,1.000000000000000000e+00,1.000000000000000000e+00,7.015341977615359567e-04,1.307639884295077031e-03,5.638973172032085224e-04,2.534189388769957801e-04,8.027825161122113806e-02,1.646356516277321796e-02,2.413775171361426941e-01,4.878839999843129910e-02,7.182596437154551349e-04,1.306831116421585531e-03,4.560384020968421236e-03,-2.986491759433141779e-04,1.656711314215768630e-02,2.591194949000629605e-03
5.900000000000000383e-02,0.000000000000000000e+00,2.095613269460181675e-03,2.784518620036115048e-03,2.172049930475174889e-03,2.792877213804262956e-03,1.000000000000000000e+00,1.000000000000000000e+00,7.017486591355715127e-04,1.307700438217932392e-03,4.289227480710178209e-04,1.211078457106540859e-04,7.830576836522137874e-02,1.531594169320428522e-02,2.357412074368741839e-01,4.546408207968881399e-02,7.206354434871086508e-04,1.306771363519310765e-03,4.941985743197378073e-03,5.894680841588288873e-05,1.656711314215768630e-02,2.591194949000629605e-03
5.950000000000000427e-02,0.000000000000000000e+00,2.095814904199390805e-03,2.784579806246488109e-03,2.172191840073678989e-03,2.792886508555988620e-03,1.000000000000000000e+00,1.000000000000000000e+00,7.019031203070824707e-04,1.307761624428305453e-03,3.089223430218879609e-04,1.223724207460302879e-04,7.668334258719758378e-02,1.432842443823533277e-02,2.310797269213111238e-01,4.260896181949085093e-02,7.231630966543139754e-04,1.306871508073490428e-03,5.168093210447823570e-03,3.410808515366971737e-04,1.656711314215768630e-02,2.591194949000629605e-03
5.999999999999999778e-02,0.000000000000000000e+00,2.096000975919855118e-03,2.784613461942119124e-03,2.172336416676905191e-03,2.792896213604367274e-03,1.000000000000000000e+00,1.000000000000000000e+00,7.020456595145657805e-04,1.307795280123936685e-03,2.850784149665828754e-04,6.731139126243615304e-05,8.005118800695598669e-02,8.402109177948823698e-03,2.455354806949252011e-01,2.041959460165987048e-02,7.203505963169426832e-04,1.312123712850804752e-03,4.563660694882779555e-03,1.210919789424500133e-03,1.677022246338555345e-02,2.402854217801595176e-03
6.049999999999999822e-02,0.000000000000000000e+00,2.096282736057043100e-03,2.784572176527637475e-03,2.172483647137712134e-03,2.792906339866848588e-03,1.000000000000000000e+00,1.000000000000000000e+00,7.022615003019511571e-04,1.307753994709454819e-03,4.316815747708491365e-04,-8.257082896366471072e-05,7.818154998366355635e-02,8.575116576731300552e-03,2.354536404833855734e-01,2.610543492840363897e-02,7.227162146042291190e-04,1.312695384719077133e-03,4.898074965270436155e-03,1.076007538045121829e-03,1.677022246338555345e-02,2.402854217801595176e-03
6.099999999999999867e-02,0.000000000000000000e+00,2.096476833359266038e-03,2.784601565430462264e-03,2.172633517339315687e-03,2.792916898349328842e-03,1.000000000000000000e+00,1.000000000000000000e+00,7.024101874617432774e-04,1.307783383612279391e-03,2.973743195842665915e-04,5.877780564920119782e-05,7.667657664027220654e-02,8.717361026943121205e-03,2.311552216250799541e-01,2.655272734533885293e-02,7.252121961444286426e-04,1.313202653324445400e-03,5.085393849031698797e-03,9.532855470789887778e-04,1.677022246338555345e-02,2.402854217801595176e-03
6.149999999999999911e-02,0.000000000000000000e+00,2.096661994722998947e-03,2.784570360005591844e-03,2.172786012213346989e-03,2.792927900143939157e-03,1.000000000000000000e+00,1.000000000000000000e+00,7.025520292955109549e-04,1.307752178187409188e-03,2.836836675354295623e-04,-6.241084974046944272e-05,7.544660111131826219e-02,8.875740420867804167e-03,2.276580894696801360e-01,2.700990696694962126e-02,7.277723839081091982e-04,1.313651103132818356e-03,5.155125315736702393e-03,8.407148996900828519e-04,1.677022246338555345e-02,2.402854217801595176e-03
6.199999999999999956e-02,0.000000000000000000e+00,2.096819780091763522e-03,2.784603492506999671e-03,2.172941115757891836e-03,2.792939356426809433e-03,1.000000000000000000e+00,1.000000000000000000e+00,7.026728999004589436e-04,1.307785310688816798e-03,2.417412098960457093e-04,6.626500281525394697e-05,8.528001692167083703e-02,6.866621752616447298e-03,2.668822127649448928e-01,1.911070801277820960e-02,7.145777529080789671e-04,1.316649947190640406e-03,3.083661674413990927e-03,1.077105658188380610e-03,1.736089289847481121e-02,2.305298018750032239e-03
6.250000000000000000e-02,0.000000000000000000e+00,2.097262800081946352e-03,2.784535087785909059e-03,2.173098811055533108e-03,2.792951278455829689e-03,1.000000000000000000e+00,1.000000000000000000e+00,7.030122729021288843e-04,1.307716905967726403e-03,6.787460033398178254e-04,-1.368094421808571128e-04,8.519227266236431562e-02,6.874709529896353907e-03,2.583085945843596742e-01,2.079608776723801053e-02,7.162865679865058162e-04,1.317134473427422452e-03,3.750242237235980412e-03,8.613990151296167406e-04,1.736089289847481121e-02,2.305298018750032239e-03
6.300000000000000044e-02,0.000000000000000000e+00,2.097680310338044096e-03,2.784532345509969746e-03,2.173259080291394928e-03,2.792963677568426582e-03,1.000000000000000000e+00,1.000000000000000000e+00,7.033321043137576991e-04,1.307714163691786873e-03,6.396628232576322473e-04,-5.484551878976075137e-06,8.263005528770558938e-02,7.382119238606774450e-03,2.484182685209196662e-01,2.279932571292323656e-02,7.183249630869021143e-04,1.317511871542476152e-03,4.401998037441121232e-03,6.485916010505548245e-04,1.736089289847481121e-02,2.305298018750032239e-03
6.350000000000000089e-02,0.000000000000000000e+00,2.098009528222039531e-03,2.784509719711084248e-03,2.173421904771191161e-03,2.792976565179335589e-03,1.000000000000000000e+00,1.000000000000000000e+00,7.035842998443678047e-04,1.307691537892901592e-03,5.043910612201448146e-04,-4.525159777077795645e-05,8.050604145350283292e-02,7.839225522064414281e-03,2.423065776337111898e-01,2.412944389057914904e-02,7.206382498653988869e-04,1.317791361717206115e-03,4.850193059527166221e-03,4.697052153150280173e-04,1.736089289847481121e-02,2.305298018750032239e-03
6.400000000000000133e-02,0.000000000000000000e+00,2.098261589849417710e-03,2.784509343463595354e-03,2.173587264939261330e-03,2.792989952778358875e-03,1.000000000000000000e+00,1.000000000000000000e+00,7.037773902533443369e-04,1.307691161645412482e-03,3.861808179530959537e-04,-7.524949784003782754e-07,8.719498298623781785e-02,1.518829847426200405e-02,2.700536420275790883e-01,5.229392985920476578e-02,7.131955521787948938e-04,1.311205950670566323e-03,3.840911443407728741e-03,-5.589974090306181745e-04,1.773322025518752135e-02,2.559424924556303726e-03
6.450000000000000178e-02,0.000000000000000000e+00,2.098702147847160762e-03,2.784617035899676109e-03,2.173755140396619982e-03,2.793003851928143114e-03,1.000000000000000000e+00,1.000000000000000000e+00,7.041148772593872453e-04,1.307798854081493670e-03,6.749740120858811841e-04,2.153848721623793688e-04,8.431053347633604700e-02,1.432933050570569383e-02,2.532480941388117746e-01,4.274944591978421804e-02,7.153039986012823181e-04,1.310997830862684803e-03,4.591340245307447276e-03,-2.740262280796159798e-04,1.773322025518752135e-02,2.559424924556303726e-03
6.500000000000000222e-02,0.000000000000000000e+00,2.099106213504966199e-03,2.784665288654846957e-03,2.173925509919002151e-03,2.793018274261945162e-03,1.000000000000000000e+00,1.000000000000000000e+00,7.044244095112043962e-04,1.307847106836664301e-03,6.190645036343747718e-04,9.650551034144949126e-05,8.193890861018877925e-02,1.362014026260728594e-02,2.464791807650546784e-01,4.069267029212256248e-02,7.177302230086554614e-04,1.310918008969982635e-03,5.112455780136887507e-03,-4.570081798509098396e-05,1.773322025518752135e-02,2.559424924556303726e-03
6.550000000000000266e-02,0.000000000000000000e+00,2.099415942005539853e-03,2.784720811451099100e-03,2.174098351474902310e-03,2.793033231481404678e-03,1.000000000000000000e+00,1.000000000000000000e+00,7.046616753079443110e-04,1.307902629632916444e-03,4.745315934799175950e-04,1.110455925042760754e-04,7.998733329683090088e-02,1.300436516172312484e-02,2.408710576859391383e-01,3.891099381206853530e-02,7.203700198322586816e-04,1.310940651014741703e-03,5.445985378371933153e-03,1.359161699194441067e-04,1.773322025518752135e-02,2.559424924556303726e-03
6.600000000000000311e-02,0.000000000000000000e+00,2.099658560058173355e-03,2.784750636518545670e-03,2.174273642243619402e-03,2.793048735354304157e-03,1.000000000000000000e+00,1.000000000000000000e+00,7.048475315189646744e-04,1.307932454700363014e-03,3.717124220406319967e-04,5.965013489312780907e-05,8.025538014497876627e-02,1.320849865974038986e-02,2.435400338264753217e-01,4.021396921120640178e-02,7.211869011664382009e-04,1.310382627716202061e-03,5.372905171544413092e-03,1.913266938989566495e-04,1.780632211358274680e-02,2.584202070084160550e-03
6.650000000000000355e-02,0.000000000000000000e+00,2.099916606828189543e-03,2.784797711670644171e-03,2.174451358633303598e-03,2.793064797712348484e-03,1.000000000000000000e+00,1.000000000000000000e+00,7.050452068132003099e-04,1.307979529852461515e-03,3.953505884712266508e-04,9.415030419700521637e-05,7.862908724047638909e-02,1.264133996244108139e-02,2.370039819601261200e-01,3.784744304639615919e-02,7.239211435959385082e-04,1.310515820285283219e-03,5.563591669524657612e-03,3.411481967942724949e-04,1.780632211358274680e-02,2.584202070084160550e-03
6.700000000000000400e-02,0.000000000000000000e+00,2.100128464714558219e-03,2.784821782010322641e-03,2.174631476299000027e-03,2.793081430448929314e-03,1.000000000000000000e+00,1.000000000000000000e+00,7.052074993697838180e-04,1.308003600192139985e-03,3.245851131670406901e-04,4.814067935675050487e-05,7.732339590674759677e-02,1.217046087647035216e-02,2.332952621691421757e-01,3.648901835652400977e-02,7.267189337530090536e-04,1.310714651878414896e-03,5.627339685499003347e-03,4.539520492997880814e-04,1.780632211358274680e-02,2.584202070084160550e-03
6.750000000000000444e-02,0.000000000000000000e+00,2.100320165536073268e-03,2.784854875064506768e-03,2.174813970160687296e-03,2.793098645516891611e-03,1.000000000000000000e+00,1.000000000000000000e+00,7.053543507188467015e-04,1.308036693246324329e-03,2.937026981257252669e-04,6.618610836868558641e-05,7.627985118657867880e-02,1.177188052413794157e-02,2.303456895205477084e-01,3.534847100490968314e-02,7.295232959930708075e-04,1.310962216289192654e-03,5.590075513478518290e-03,5.361369648476414437e-04,1.780632211358274680e-02,2.584202070084160550e-03
6.800000000000000488e-02,0.000000000000000000e+00,2.100496064378769984e-03,2.784871216881518782e-03,2.174998814421325553e-03,2.793116454926303227e-03,1.000000000000000000e+00,1.000000000000000000e+00,7.054890970498458149e-04,1.308053035063336126e-03,2.694926619981320129e-04,3.268363402341481597e-05,8.559326190634763964e-02,1.601831397440905622e-02,2.673976962392891621e-01,5.217034248032544064e-02,7.178161877250413764e-04,1.305901229446197222e-03,3.594904784778809974e-03,-1.008189898622480728e-04,1.834852084437868167e-02,2.784374855583067552e-03
6.850000000000000533e-02,0.000000000000000000e+00,2.100932233464044771e-03,2.784975324501105538e-03,2.175185982584903685e-03,2.793134870742230991e-03,1.000000000000000000e+00,1.000000000000000000e+00,7.058232219538806843e-04,1.308157142682922882e-03,6.682498080698061555e-04,2.082152391734886970e-04,8.539995922238846626e-02,1.592473926729281661e-02,2.588438936907019872e-01,4.823476191963391863e-02,7.197491954432111991e-04,1.305925945775599211e-03,4.136004393963745723e-03,1.991021300567933977e-04,1.834852084437868167e-02,2.784374855583067552e-03
6.900000000000000577e-02,0.000000000000000000e+00,2.101362306852663786e-03,2.785050691560938575e-03,2.175375447474477836e-03,2.793153905082503777e-03,1.000000000000000000e+00,1.000000000000000000e+00,7.061526772833658224e-04,1.308232509742755702e-03,6.589106589702441131e-04,1.507341196656073086e-04,8.312101695896095821e-02,1.487738247826224901e-02,2.501548184613267001e-01,4.422976030092320293e-02,7.219473768000176381e-04,1.306098293281288689e-03,4.655630932772861566e-03,4.897181693325015689e-04,1.834852084437868167e-02,2.784374855583067552e-03
6.950000000000000622e-02,0.000000000000000000e+00,2.101719553352058775e-03,2.785118227211522222e-03,2.175567181250213401e-03,2.793173570115475152e-03,1.000000000000000000e+00,1.000000000000000000e+00,7.064263439790509878e-04,1.308300045393339566e-03,5.473333913702272411e-04,1.350713011676982103e-04,8.124400155561833925e-02,1.399006001028429286e-02,2.447693240066774190e-01,4.167307290056566915e-02,7.243601749379703159e-04,1.306398790601383470e-03,4.994813106948173265e-03,7.118293064502955641e-04,1.834852084437868167e-02,2.784374855583067552e-03
7.000000000000000666e-02,0.000000000000000000e+00,2.102002236990556470e-03,2.785163586867495360e-03,2.175761155427436994e-03,2.793193878057806390e-03,1.000000000000000000e+00,1.000000000000000000e+00,7.066428922094825657e-04,1.308345405049312704e-03,4.330964608632010106e-04,9.071931194613427137e-05,8.401285199692257177e-02,7.043228694033041443e-03,2.570827022045976684e-01,1.543805959250560758e-02,7.220204301623850711e-04,1.312938638453243221e-03,4.552359841945383817e-03,1.673254374533703851e-03,1.853153112171638389e-02,2.554250074452748317e-03
7.050000000000000711e-02,0.000000000000000000e+00,2.102353548775197974e-03,2.785097374837758322e-03,2.175957340894676267e-03,2.793214841172226084e-03,1.000000000000000000e+00,1.000000000000000000e+00,7.069120126499095188e-04,1.308279193019575666e-03,5.382408808539986250e-04,-1.324240594741914320e-04,8.201811249637544488e-02,7.491662071341026463e-03,2.470110225351368205e-01,2.304267975109987668e-02,7.243923120659772523e-04,1.313713454782222938e-03,4.934337868760660210e-03,1.426459945053736153e-03,1.853153112171638389e-02,2.554250074452748317e-03
7.100000000000000755e-02,0.000000000000000000e+00,2.102655757604050390e-03,2.785117013656677066e-03,2.176155707931700170e-03,2.793236471765301026e-03,1.000000000000000000e+00,1.000000000000000000e+00,7.071435180439133517e-04,1.308298831838494410e-03,4.630107880076859321e-04,3.927763783734324206e-05,8.039664824694905954e-02,7.866029898668750603e-03,2.423888258044607780e-01,2.416547804192554355e-02,7.269158092093261359e-04,1.314372527875185470e-03,5.159119715552849816e-03,1.210226577526762751e-03,1.853153112171638389e-02,2.554250074452748317e-03
7.150000000000000799e-02,0.000000000000000000e+00,2.102904054879447399e-03,2.785085973243093399e-03,2.176356226227565277e-03,2.793258782185201877e-03,1.000000000000000000e+00,1.000000000000000000e+00,7.073337247919728437e-04,1.308267791424910743e-03,3.804134961190677755e-04,-6.208082716715572220e-05,7.908048186317823136e-02,8.227443287908102823e-03,2.386309285752382381e-01,2.521898807383603572e-02,7.295199069045301852e-04,1.314929903036895532e-03,5.256982996818936743e-03,1.019622394240550338e-03,1.853153112171638389e-02,2.554250074452748317e-03
7.200000000000000844e-02,0.000000000000000000e+00,2.103128249393302132e-03,2.785103733489543987e-03,2.176558864898666887e-03,2.793281784819484463e-03,1.000000000000000000e+00,1.000000000000000000e+00,7.075054677534892448e-04,1.308285551671361331e-03,3.434859230327486860e-04,3.552049290100817494e-05,8.812928754451844482e-02,5.616438523763258965e-03,2.748833242072330485e-01,1.479959094904411548e-02,7.202382400890471655e-04,1.318326105253826578e-03,3.707330882994506506e-03,1.233508593338813108e-03,1.897767662095292338e-02,2.444560441828220847e-03
7.249999999999999500e-02,0.000000000000000000e+00,2.103604656841571389e-03,2.785033077016039506e-03,2.176763592506768437e-03,2.793305492092840268e-03,1.000000000000000000e+00,1.000000000000000000e+00,7.078704170318963042e-04,1.308214895197857067e-03,7.298985568141931526e-04,-1.413129470084409497e-04,8.556265432513085467e-02,6.409191676862519872e-03,2.573336314398101954e-01,2.005405059902252984e-02,7.222527013013386663e-04,1.318863781544647555e-03,4.349193915800612757e-03,9.177881131201319704e-04,1.897767662095292338e-02,2.444560441828220847e-03
7.299999999999999545e-02,0.000000000000000000e+00,2.104048629140411499e-03,2.785018717532138956e-03,2.176970377077061709e-03,2.793329916464883794e-03,1.000000000000000000e+00,1.000000000000000000e+00,7.082105195443215429e-04,1.308200535713956517e-03,6.802050248505631461e-04,-2.871896780089850873e-05,8.346919904196967166e-02,7.076624225819291326e-03,2.513760249428207416e-01,2.200328628051368557e-02,7.245370534888981306e-04,1.319256825227148105e-03,4.787279502835239779e-03,6.548812736491157983e-04,1.897767662095292338e-02,2.444560441828220847e-03
7.349999999999999589e-02,0.000000000000000000e+00,2.104411539278079266e-03,2.784995984668591201e-03,2.177179186116194945e-03,2.793355070427905665e-03,1.000000000000000000e+00,1.000000000000000000e+00,7.084885248386332303e-04,1.308177802850408545e-03,5.560105886234398232e-04,-4.546572709591712455e-05,8.175003129646002398e-02,7.666803764234249481e-03,2.464405501063896831e-01,2.372054085931942641e-02,7.269990296520208390e-04,1.319529546993016694e-03,5.060003574064546317e-03,4.364188608982184307e-04,1.897767662095292338e-02,2.444560441828220847e-03
7.399999999999999634e-02,0.000000000000000000e+00,2.104700884175081822e-03,2.784990960628924705e-03,2.177389986630326978e-03,2.793380966504650439e-03,1.000000000000000000e+00,1.000000000000000000e+00,7.087101758891269218e-04,1.308172778810742050e-03,4.433021009874299175e-04,-1.004807933281236937e-05,8.801401162838179415e-02,1.506603692918929288e-02,2.721936423350670431e-01,5.196349873643787975e-02,7.206233089636044720e-04,1.313014560655170661e-03,4.037706557523485125e-03,-6.107719534949285992e-04,1.931260250252241073e-02,2.695121160363199257e-03
7.449999999999999678e-02,0.000000000000000000e+00,2.105154891021370541e-03,2.785100233003981116e-03,2.177602745143170961e-03,2.793407617246086196e-03,1.000000000000000000e+00,1.000000000000000000e+00,7.090579653108644706e-04,1.308282051185798460e-03,6.955788434750832631e-04,2.185447501128843367e-04,8.556146031951260278e-02,1.431221462576754734e-02,2.574147138265303059e-01,4.278829476402905285e-02,7.227876498216360794e-04,1.312773786896994331e-03,4.618449609932676579e-03,-3.528138996764413086e-04,1.931260250252241073e-02,2.695121160363199257e-03
7.499999999999999722e-02,0.000000000000000000e+00,2.105598590971555738e-03,2.785150422861804725e-03,2.177817427714035491e-03,2.793435035229174107e-03,1.000000000000000000e+00,1.000000000000000000e+00,7.093978591921159572e-04,1.308332241043622286e-03,6.797877625029101522e-04,1.003797156476415387e-04,8.355266543398195966e-02,1.369222102742019553e-02,2.517010450838679803e-01,4.098838497142329867e-02,7.251936714790359556e-04,1.312649521612772657e-03,5.004797357375928395e-03,-1.446459679794636147e-04,1.931260250252241073e-02,2.695121160363199257e-03
7.549999999999999767e-02,0.000000000000000000e+00,2.105967505618456647e-03,2.785210299116766715e-03,2.178033999955863130e-03,2.793463233054624580e-03,1.000000000000000000e+00,1.000000000000000000e+00,7.096804642073596941e-04,1.308392117298583842e-03,5.652100304875555320e-04,1.197525099231535489e-04,8.191161088826970360e-02,1.315042712709824785e-02,2.470002191693111415e-01,3.941933759035318174e-02,7.277532099405211678e-04,1.312619091120007919e-03,5.232817860981042388e-03,2.260102433734184364e-05,1.931260250252241073e-02,2.695121160363199257e-03
7.599999999999999811e-02,0.000000000000000000e+00,2.106268152790113143e-03,2.785247495785261179e-03,2.178252427053285409e-03,2.793492223344685044e-03,1.000000000000000000e+00,1.000000000000000000e+00,7.099107733025464663e-04,1.308429313967078306e-03,4.606181903734667604e-04,7.439333698913810954e-05,8.462850638471899889e-02,1.689964092924936545e-02,2.589139570892655118e-01,5.442886312347210154e-02,7.258495036061149083e-04,1.308618514470960732e-03,4.742602524822461807e-03,-3.706250836263481115e-04,1.948287398955012018e-02,2.846652717586446290e-03
7.649999999999999856e-02,0.000000000000000000e+00,2.106632288673082175e-03,2.785355083875306649e-03,2.178472673780663081e-03,2.793522018740898262e-03,1.000000000000000000e+00,1.000000000000000000e+00,7.101897175722350977e-04,1.308536902057124210e-03,5.578885393772765487e-04,2.151761800916105166e-04,8.285405309414566044e-02,1.578123982327363575e-02,2.497392352994372566e-01,4.692720054857222461e-02,7.282930711861089566e-04,1.308520423514155902e-03,5.031016508382773512e-03,-2.240987337729662653e-05,1.948287398955012018e-02,2.846652717586446290e-03
7.699999999999999900e-02,0.000000000000000000e+00,2.106971909119413448e-03,2.785411206145580430e-03,2.178694704520121178e-03,2.793552631901870600e-03,1.000000000000000000e+00,1.000000000000000000e+00,7.104498819279168051e-04,1.308593024327397557e-03,5.203287113633188595e-04,1.122445405465808489e-04,8.141826774655683274e-02,1.484787776730854894e-02,2.456640283318843598e-01,4.422608656495876506e-02,7.308459506006291777e-04,1.308578023948273614e-03,5.180115722233454359e-03,2.522770931945433068e-04,1.948287398955012018e-02,2.846652717586446290e-03
7.749999999999999944e-02,0.000000000000000000e+00,2.107253578519929782e-03,2.785475380028070574e-03,2.178918483279604010e-03,2.793584075501042048e-03,1.000000000000000000e+00,1.000000000000000000e+00,7.106656532069789310e-04,1.308657198209887702e-03,4.315425581242643980e-04,1.283477649803612655e-04,8.026587148478972478e-02,1.404740952421802865e-02,2.423813640781996848e-01,4.191896182108392765e-02,7.334453567769268992e-04,1.308757636970986826e-03,5.217338612126796484e-03,4.657544934352278172e-04,1.948287398955012018e-02,2.846652717586446290e-03
7.799999999999999989e-02,0.000000000000000000e+00,2.107507366990580503e-03,2.785512666717282482e-03,2.179143973710917156e-03,2.793616362224465334e-03,1.000000000000000000e+00,1.000000000000000000e+00,7.108600664546486491e-04,1.308694484899099609e-03,3.888264953395035120e-04,7.457337842366643208e-05,8.650830891636827891e-02,1.283056989953347202e-02,2.675928347870929480e-01,3.786030931217017337e-02,7.277314884237996847e-04,1.309655371442958486e-03,4.087332341928390927e-03,7.079976314731012714e-04,1.979417680126443341e-02,2.823258037088807650e-03
7.850000000000000033e-02,0.000000000000000000e+00,2.107930541686741516e-03,2.785547646166129480e-03,2.179371139127765124e-03,2.793649504768557293e-03,1.000000000000000000e+00,1.000000000000000000e+00,7.111842370791114556e-04,1.308729464347947041e-03,6.483412489255622156e-04,6.995889769503306488e-05,8.456046348954771030e-02,1.235704351233516372e-02,2.547950784862862417e-01,3.705867219633693366e-02,7.298738833237459860e-04,1.310030903360104824e-03,4.481402592087747536e-03,7.939492723024837951e-04,1.979417680126443341e-02,2.823258037088807650e-03
7.900000000000000078e-02,0.000000000000000000e+00,2.108315151509872285e-03,2.785590064398306680e-03,2.179599942523800706e-03,2.793683515837877551e-03,1.000000000000000000e+00,1.000000000000000000e+00,7.114788652968897847e-04,1.308771882580124024e-03,5.892564355565632801e-04,8.483646435401945470e-05,8.298694261571423758e-02,1.196563414986451940e-02,2.503250143606685629e-01,3.594728074832096582e-02,7.321748138005377410e-04,1.310441768810203514e-03,4.721766539029392806e-03,8.493895586265536339e-04,1.979417680126443341e-02,2.823258037088807650e-03
7.950000000000000122e-02,0.000000000000000000e+00,2.108645071234106858e-03,2.785618805122287538e-03,2.179830346590668280e-03,2.793718408142901576e-03,1.000000000000000000e+00,1.000000000000000000e+00,7.117315984683148964e-04,1.308800623304104882e-03,5.054663428502479631e-04,5.748144796169753559e-05,8.170744447017377898e-02,1.164999128817895482e-02,2.466681558128490381e-01,3.504732653748533766e-02,7.345650196331189813e-04,1.310874077075497961e-03,4.838739771126195771e-03,8.797682917228451640e-04,1.979417680126443341e-02,2.823258037088807650e-03
8.000000000000000167e-02,0.000000000000000000e+00,2.108929003621728623e-03,2.785646331869152080e-03,2.180062313736046663e-03,2.793754194397782015e-03,1.000000000000000000e+00,1.000000000000000000e+00,7.119491032960740835e-04,1.308828150050969641e-03,4.350096555183064471e-04,5.505349372961334192e-05,8.599947368744932652e-02,1.330910892954426279e-02,2.644031504701156998e-01,4.175949675492374863e-02,7.309168785782314002e-04,1.309533430658223804e-03,4.068272008155651015e-03,6.586997115260878350e-04,2.002164942138349654e-02,2.890059273609192972e-03
8.050000000000000211e-02,0.000000000000000000e+00,2.109330372219975734e-03,2.785699665389721174e-03,2.180295806101692838e-03,2.793790887318119143e-03,1.000000000000000000e+00,1.000000000000000000e+00,7.122565694804037844e-04,1.308881483571538518e-03,6.149323686594163627e-04,1.066670411376226192e-04,8.426248555033014065e-02,1.277227206648000324e-02,2.540598555639421163e-01,3.827382001761613778e-02,7.330316585551589553e-04,1.309889495164674516e-03,4.390144196310962615e-03,7.653381943148089908e-04,2.002164942138349654e-02,2.890059273609192972e-03
8.100000000000000255e-02,0.000000000000000000e+00,2.109701659530826071e-03,2.785737940037798406e-03,2.180530785581485248e-03,2.793828499618732173e-03,1.000000000000000000e+00,1.000000000000000000e+00,7.125409920616813985e-04,1.308919758219615750e-03,5.688451625551827536e-04,7.654929615466665575e-05,8.285898335665443926e-02,1.233458767316383126e-02,2.500748905672602329e-01,3.702321192363444702e-02,7.352731169933054978e-04,1.310290192072585246e-03,4.575246124812925447e-03,8.372948436341164872e-04,2.002164942138349654e-02,2.890059273609192972e-03
8.150000000000000300e-02,0.000000000000000000e+00,2.110023948679987365e-03,2.785774043063419560e-03,2.180767213839472293e-03,2.793867044011429275e-03,1.000000000000000000e+00,1.000000000000000000e+00,7.127878798734736589e-04,1.308955861245237121e-03,4.937756235845493485e-04,7.220605124266888720e-05,8.172355673088332884e-02,1.197382344463414697e-02,2.468356423922719589e-01,3.599445247540501713e-02,7.375796336464377628e-04,1.310719822206080467e-03,4.650587312597543634e-03,8.811245129812535605e-04,2.002164942138349654e-02,2.890059273609192972e-03
8.200000000000000344e-02,0.000000000000000000e+00,2.110308741245440871e-03,2.785801304379633553e-03,2.181005052327908682e-03,2.793906533202770645e-03,1.000000000000000000e+00,1.000000000000000000e+00,7.130060436356810841e-04,1.308983122561450897e-03,4.363275244148081536e-04,5.452263242755087759e-05,8.846858638096814775e-02,1.599575951365449222e-02,2.739790782601521091e-01,5.191693256132640100e-02,7.310067668301882971e-04,1.307039448372693865e-03,3.483652636485297036e-03,3.665101387848437105e-04,2.035488501331738156e-02,3.044638284544969736e-03
8.250000000000000389e-02,0.000000000000000000e+00,2.110776409672755326e-03,2.785900102358411685e-03,2.181244262305303931e-03,2.793946979891841556e-03,1.000000000000000000e+00,1.000000000000000000e+00,7.133642984356473654e-04,1.309081920540229246e-03,7.165095999324729969e-04,1.975959575568647273e-04,8.643538128944155963e-02,1.501287742474325532e-02,2.604284110726107770e-01,4.470945718397233148e-02,7.328660664575622043e-04,1.307286635627885347e-03,3.952566858926405066e-03,6.217349181862634380e-04,2.035488501331738156e-02,3.044638284544969736e-03
8.300000000000000433e-02,0.000000000000000000e+00,2.111246223497542304e-03,2.785967843123635448e-03,2.181484804854467822e-03,2.793988396768024539e-03,1.000000000000000000e+00,1.000000000000000000e+00,7.137241967054258184e-04,1.309149661305452792e-03,7.197965395569456493e-04,1.354815304473003820e-04,8.477745862098580443e-02,1.420288055919521550e-02,2.557264841870271477e-01,4.238405246187182396e-02,7.349194905215758336e-04,1.307645379335126753e-03,4.260455113254338864e-03,8.128559634221406991e-04,2.035488501331738156e-02,3.044638284544969736e-03
8.350000000000000477e-02,0.000000000000000000e+00,2.111663970891799417e-03,2.786032484006595571e-03,2.181726640900553266e-03,2.794030796508764191e-03,1.000000000000000000e+00,1.000000000000000000e+00,7.140442097754239699e-04,1.309214302188412915e-03,6.400261399963960143e-04,1.292817659200852195e-04,8.342512104373855930e-02,1.352208631583935033e-02,2.518602784526481342e-01,4.042967462534319267e-02,7.370941565337858119e-04,1.308086498860996753e-03,4.437783094067416015e-03,9.513370951541060732e-04,2.035488501331738156e-02,3.044638284544969736e-03
8.400000000000000522e-02,0.000000000000000000e+00,2.112020686431758699e-03,2.786079968564959472e-03,2.181969731229091783e-03,2.794074191777330685e-03,1.000000000000000000e+00,1.000000000000000000e+00,7.143174697325842216e-04,1.309261786746776599e-03,5.465199143204164467e-04,9.496911672729395977e-05,8.929103963904588825e-02,1.139017278466008393e-02,2.757613842508466195e-01,3.272088387702531270e-02,7.312817159352878000e-04,1.310238268855412353e-03,3.464868920762472198e-03,1.260224142302555483e-03,2.065643743050465247e-02,2.982732668039496642e-03
8.450000000000000566e-02,0.000000000000000000e+00,2.112514808447191368e-03,2.786093223180135733e-03,2.182214036504051546e-03,2.794118595220601922e-03,1.000000000000000000e+00,1.000000000000000000e+00,7.146959891567290736e-04,1.309275041361953294e-03,7.570388482896492702e-04,2.650923035345854352e-05,8.721487931188394438e-02,1.119370566317682419e-02,2.627686033578259250e-01,3.375719254511297396e-02,7.331364691085085579e-04,1.310860081758206171e-03,3.953127440844073776e-03,1.227068225887461726e-03,2.065643743050465247e-02,2.982732668039496642e-03
8.500000000000000611e-02,0.000000000000000000e+00,2.113004547388434851e-03,2.786128514215933417e-03,2.182459517285874166e-03,2.794164019466824876e-03,1.000000000000000000e+00,1.000000000000000000e+00,7.150711509512476614e-04,1.309310332397750545e-03,7.503235890370926536e-04,7.058207159441066676e-05,8.551404206533920471e-02,1.103807902026290519e-02,2.579329824929227910e-01,3.333377579080990666e-02,7.351941418217417369e-04,1.311462319511571498e-03,4.276858264954329011e-03,1.181947472052043537e-03,2.065643743050465247e-02,2.982732668039496642e-03
8.550000000000000655e-02,0.000000000000000000e+00,2.113447515857421084e-03,2.786153263895098462e-03,2.182706134049515814e-03,2.794210477123380398e-03,1.000000000000000000e+00,1.000000000000000000e+00,7.154104844853912413e-04,1.309335082076915806e-03,6.786670682870675009e-04,4.949935833063998948e-05,8.412338485877771110e-02,1.093082325801532882e-02,2.539575902668726459e-01,3.304373620677958368e-02,7.373801111761619630e-04,1.312039671325000668e-03,4.466568886645356715e-03,1.127543397557773759e-03,2.065643743050465247e-02,2.982732668039496642e-03
8.600000000000000699e-02,0.000000000000000000e+00,2.113827256958107116e-03,2.786177597644118147e-03,2.182953847202493552e-03,2.794257980774557566e-03,1.000000000000000000e+00,1.000000000000000000e+00,7.157013830453959769e-04,1.309359415825935707e-03,5.817971200095496068e-04,4.866749803969239321e-05,8.699049534869593425e-02,1.218086903644155158e-02,2.662438124768090608e-01,3.798979896196526262e-02,7.351874224388290279e-04,1.311411933929703495e-03,3.970502843355793940e-03,9.143309221564129528e-04,2.082300866349060670e-02,3.026802308243772398e-03
8.650000000000000744e-02,0.000000000000000000e+00,2.114260950589893009e-03,2.786219826899502365e-03,2.183202617102935131e-03,2.794306542979329774e-03,1.000000000000000000e+00,1.000000000000000000e+00,7.160336116420416277e-04,1.309401645081319709e-03,6.644571932913316418e-04,8.445851076784758281e-05,8.539319984945147046e-02,1.190268383884865964e-02,2.576234778079376508e-01,3.585308250107686889e-02,7.372432981026846291e-04,1.311872452414477143e-03,4.252375852763690470e-03,9.276997050960003946e-04,2.082300866349060670e-02,3.026802308243772398e-03
8.700000000000000788e-02,0.000000000000000000e+00,2.114672743625391899e-03,2.786251995075622601e-03,2.183452404077610570e-03,2.794356176269103924e-03,1.000000000000000000e+00,1.000000000000000000e+00,7.163490634086004411e-04,1.309433813257439728e-03,6.309035331175245594e-04,6.433635224008249498e-05,8.409634876506080770e-02,1.168597336120439159e-02,2.539380927094508356e-01,3.524287053100450678e-02,7.394086424412150190e-04,1.312335259942068065e-03,4.408616878367011688e-03,9.235210137062072402e-04,2.082300866349060670e-02,3.026802308243772398e-03
8.750000000000000833e-02,0.000000000000000000e+00,2.115039296585272816e-03,2.786283610493367306e-03,2.183703168439987165e-03,2.794406893145510822e-03,1.000000000000000000e+00,1.000000000000000000e+00,7.166298592666261536e-04,1.309465428675184433e-03,5.615917160514404287e-04,6.323083548940696351e-05,8.305066291306245629e-02,1.151545864449673127e-02,2.509584518549946575e-01,3.476531361324208119e-02,7.416267413593002336e-04,1.312792590600301212e-03,4.463588436309197209e-03,9.058186433596085007e-04,2.082300866349060670e-02,3.026802308243772398e-03
8.799999999999999489e-02,0.000000000000000000e+00,2.115364209490051828e-03,2.786309469282257853e-03,2.183954870508270606e-03,2.794458706078161749e-03,1.000000000000000000e+00,1.000000000000000000e+00,7.168787569918296833e-04,1.309491287464075197e-03,4.977954504070626531e-04,5.171757778162920139e-05,9.298330710462776594e-02,1.206837048320556424e-02,2.904025449889365285e-01,3.705473098162734985e-02,7.284534358249007994e-04,1.312577842619537180e-03,2.439467561842062308e-03,7.919012818245403955e-04,2.139989066374182319e-02,3.051550471242116605e-03
8.849999999999999534e-02,0.000000000000000000e+00,2.115950994167138492e-03,2.786345654620489727e-03,2.184207470623444804e-03,2.794511627502419340e-03,1.000000000000000000e+00,1.000000000000000000e+00,7.173282601330194415e-04,1.309527472802307071e-03,8.990062823795120714e-04,7.237067646375125267e-05,9.284228225661433909e-02,1.198053286451416372e-02,2.815240638044400612e-01,3.624781819688883272e-02,7.298422955807023528e-04,1.312974789064751645e-03,3.114610556751001933e-03,7.958618226768312013e-04,2.139989066374182319e-02,3.051550471242116605e-03
8.899999999999999578e-02,0.000000000000000000e+00,2.116656827473892537e-03,2.786392094426871652e-03,2.184460929167315619e-03,2.794565669817164564e-03,1.000000000000000000e+00,1.000000000000000000e+00,7.178689598154265519e-04,1.309573912608688996e-03,1.081399364814133795e-03,9.287961276365129201e-05,9.037647032039182460e-02,1.178496565361700742e-02,2.721355004295588076e-01,3.556945926029879412e-02,7.315639912891183519e-04,1.313372314492842943e-03,3.770835457231726598e-03,7.942280331949576463e-04,2.139989066374182319e-02,3.051550471242116605e-03
8.949999999999999623e-02,0.000000000000000000e+00,2.117394326586394086e-03,2.786441252988691806e-03,2.184715206580566723e-03,2.794620845382579308e-03,1.000000000000000000e+00,1.000000000000000000e+00,7.184339169123634024e-04,1.309623071170509150e-03,1.129914193873789944e-03,9.831712364031955451e-05,8.833116523753320459e-02,1.163311962565956141e-02,2.663151305358670839e-01,3.514832579122048606e-02,7.335646609490414005e-04,1.313765960932555474e-03,4.230876022941831328e-03,7.803697067488542596e-04,2.139989066374182319e-02,3.051550471242116605e-03
8.999999999999999667e-02,0.000000000000000000e+00,2.118104652965194061e-03,2.786489713384195099e-03,2.184970263380786419e-03,2.794677166517893843e-03,1.000000000000000000e+00,1.000000000000000000e+00,7.189780584876441982e-04,1.309671531566012443e-03,1.088283150561663616e-03,9.692079100641245700e-05,9.631978999152079890e-02,1.322600655235380875e-02,2.990708416080797294e-01,4.146376211948589463e-02,7.244263456527165381e-04,1.312616952976661299e-03,3.059036164230483600e-03,5.581726425104698583e-04,2.182429115684478976e-02,3.108995795733553950e-03
9.049999999999999711e-02,0.000000000000000000e+00,2.119006434106771031e-03,2.786563367409151427e-03,2.185226060180520038e-03,2.794734645499168113e-03,1.000000000000000000e+00,1.000000000000000000e+00,7.196688629200587812e-04,1.309745185590968988e-03,1.381608864829116405e-03,1.473080499130531215e-04,9.328609237069319937e-02,1.283971972537050789e-02,2.805778522861888113e-01,3.861893994536728936e-02,7.261718334292227269e-04,1.312913653502350078e-03,3.921178158250540266e-03,6.284819890973163820e-04,2.182429115684478976e-02,3.108995795733553950e-03
9.099999999999999756e-02,0.000000000000000000e+00,2.120004157467083629e-03,2.786644951313591717e-03,2.185482557705318001e-03,2.794793294557065648e-03,1.000000000000000000e+00,1.000000000000000000e+00,7.204331633559958635e-04,1.309826769495409061e-03,1.528600871874090904e-03,1.631678088802428206e-04,9.075833208163203158e-02,1.252428209132542582e-02,2.734049758116764983e-01,3.772841962135860261e-02,7.282877988098422628e-04,1.313239274365693909e-03,4.541401415558370298e-03,6.739011371040406562e-04,2.182429115684478976e-02,3.108995795733553950e-03
9.149999999999999800e-02,0.000000000000000000e+00,2.121025927098592681e-03,2.786728784934707978e-03,2.185739716811772176e-03,2.794853125874612303e-03,1.000000000000000000e+00,1.000000000000000000e+00,7.212158843043612764e-04,1.309910603116525322e-03,1.565441896730896884e-03,1.676672422324603873e-04,8.866831972538991025e-02,1.226798697490928160e-02,2.674595454469422262e-01,3.700368758872063513e-02,7.306636354825487385e-04,1.313582544052567091e-03,4.961042232137411433e-03,6.991157723465315013e-04,2.182429115684478976e-02,3.108995795733553950e-03
9.199999999999999845e-02,0.000000000000000000e+00,2.122014566495952770e-03,2.786810286140138301e-03,2.185997498505562638e-03,2.794914151584967574e-03,1.000000000000000000e+00,1.000000000000000000e+00,7.219732260209573696e-04,1.309992104321955862e-03,1.514683433192208842e-03,1.630024108608958244e-04,8.713685636814633151e-02,1.594034763811266395e-02,2.632772587013195720e-01,5.148327363390282907e-02,7.333924576819238553e-04,1.310283915187198788e-03,5.239715047292996600e-03,2.343464792805070689e-04,2.181738033103738927e-02,3.245752348200518517e-03
9.249999999999999889e-02,0.000000000000000000e+00,2.122929674711825001e-03,2.786951048036502912e-03,2.186255863959500091e-03,2.794976383769196774e-03,1.000000000000000000e+00,1.000000000000000000e+00,7.226742395845789282e-04,1.310132866218320473e-03,1.402027127243216315e-03,2.815237927293956304e-04,8.570449739587389371e-02,1.510180540646000394e-02,2.589801668112822752e-01,4.512739255518426890e-02,7.360461586038189548e-04,1.310457079154244038e-03,5.374726704217685710e-03,4.578696597960026267e-04,2.181738033103738927e-02,3.245752348200518517e-03
9.299999999999999933e-02,0.000000000000000000e+00,2.123744863716287186e-03,2.787086462373698174e-03,2.186514774531576107e-03,2.795039834454039317e-03,1.000000000000000000e+00,1.000000000000000000e+00,7.232987105915388839e-04,1.310268280555515518e-03,1.248942013919924956e-03,2.708286743901367009e-04,8.455626584643240184e-02,1.440595897133831009e-02,2.556869825117631945e-01,4.313757184420410201e-02,7.387394432386155995e-04,1.310728291988527911e-03,5.398264438067684398e-03,6.266443447989712614e-04,2.181738033103738927e-02,3.245752348200518517e-03
9.349999999999999978e-02,0.000000000000000000e+00,2.124436385136551936e-03,2.787197149385816156e-03,2.186774191782996438e-03,2.795104515609674392e-03,1.000000000000000000e+00,1.000000000000000000e+00,7.238284467328304521e-04,1.310378967567633716e-03,1.059472282583086592e-03,2.213740242365702280e-04,8.365111356522794694e-02,1.382683937850941701e-02,2.530818369027810766e-01,4.146759628757292621e-02,7.414223274316188638e-04,1.311072554301889476e-03,5.333296852283264319e-03,7.501525414038644722e-04,2.181738033103738927e-02,3.245752348200518517e-03
9.400000000000000022e-02,0.000000000000000000e+00,2.124990068051358597e-03,2.787279324160981189e-03,2.187034077496234283e-03,2.795170439147493576e-03,1.000000000000000000e+00,1.000000000000000000e+00,7.242525924529680768e-04,1.310461142342798316e-03,8.482914402751949232e-04,1.643495503292133743e-04,9.159335823907631402e-02,1.761652666768929315e-02,2.846214427662192570e-01,5.666265873418856180e-02,7.339782468824270845e-04,1.307445425356370964e-03,3.891766716739328974e-03,3.140285107063353447e-04,2.219490506623441814e-02,3.396494964941075730e-03
9.450000000000000067e-02,0.000000000000000000e+00,2.125644851215833381e-03,2.787408626452457516e-03,2.187294393693069681e-03,2.795237616917869115e-03,1.000000000000000000e+00,1.000000000000000000e+00,7.247541854575617224e-04,1.310590444634275077e-03,1.003186009187362988e-03,2.586045829536197903e-04,8.957941878328251617e-02,1.647684494496834059e-02,2.700772667301570285e-01,4.902979171906795414e-02,7.360333790783601515e-04,1.307678995851523042e-03,4.327839298948635803e-03,6.196523479518546620e-04,2.219490506623441814e-02,3.396494964941075730e-03
9.500000000000000111e-02,0.000000000000000000e+00,2.126333178371280636e-03,2.787529950324559025e-03,2.187555102652633671e-03,2.795306060707921335e-03,1.000000000000000000e+00,1.000000000000000000e+00,7.252814746500401213e-04,1.310711768506376586e-03,1.054578384956749229e-03,2.426477442029179282e-04,8.792597316540497199e-02,1.552564725284040492e-02,2.653940640283993235e-01,4.630376026343281659e-02,7.382666675116212902e-04,1.308046735781855357e-03,4.604693496637148054e-03,8.508454269477324066e-04,2.219490506623441814e-02,3.396494964941075730e-03
9.550000000000000155e-02,0.000000000000000000e+00,2.127001902937372766e-03,2.787640466908002795e-03,2.187816166929453313e-03,2.795375782239287350e-03,1.000000000000000000e+00,1.000000000000000000e+00,7.257937473878719363e-04,1.310822285089819923e-03,1.024545475663676819e-03,2.210331668865487252e-04,8.658246885901124679e-02,1.473023822930602175e-02,2.615767283080144279e-01,4.402015448462447134e-02,7.406058464469715162e-04,1.308514572552933004e-03,4.751649047578006789e-03,1.020155856004751910e-03,2.219490506623441814e-02,3.396494964941075730e-03
9.600000000000000200e-02,0.000000000000000000e+00,2.127615484941248417e-03,2.787734609554427812e-03,2.188077549371495421e-03,2.795446793165893250e-03,1.000000000000000000e+00,1.000000000000000000e+00,7.262637784723387788e-04,1.310916427736244939e-03,9.400621689336283431e-04,1.882852928499324319e-04,9.261534643895337482e-02,1.152812254049295770e-02,2.861220409829776656e-01,3.225337523924286937e-02,7.347698592136984791e-04,1.311722206146012995e-03,3.726889735622823663e-03,1.484171665794902124e-03,2.250294261193990994e-02,3.296541572010262995e-03
9.650000000000000244e-02,0.000000000000000000e+00,2.128344073496491774e-03,2.787767905100787744e-03,2.188339213138210289e-03,2.795519105071721071e-03,1.000000000000000000e+00,1.000000000000000000e+00,7.268219096864031361e-04,1.310949723282604871e-03,1.116262428128737567e-03,6.659109271993578726e-05,9.053580306873401651e-02,1.141650970633036055e-02,2.729609086450477395e-01,3.451679213243422778e-02,7.367513730110740759e-04,1.312446047119508481e-03,4.198177221882745669e-03,1.411306086320226333e-03,2.250294261193990994e-02,3.296541572010262995e-03
9.700000000000000289e-02,0.000000000000000000e+00,2.129103410134794861e-03,2.787811785373055067e-03,2.188601121718573676e-03,2.795592729468576211e-03,1.000000000000000000e+00,1.000000000000000000e+00,7.274035952986317340e-04,1.310993603554872411e-03,1.163371224457186628e-03,8.776054453506183057e-05,8.882690662513791080e-02,1.133365500836712274e-02,2.681167737184699251e-01,3.429666511632850634e-02,7.389272983089210847e-04,1.313131888638810908e-03,4.504847416809730151e-03,1.332187403484330450e-03,2.250294261193990994e-02,3.296541572010262995e-03
9.750000000000000333e-02,0.000000000000000000e+00,2.129844839511392356e-03,2.787855998247754964e-03,2.188863238949134010e-03,2.795667677793858309e-03,1.000000000000000000e+00,1.000000000000000000e+00,7.279715631525394666e-04,1.311037816429572525e-03,1.135935707815405489e-03,8.842574940011183873e-05,8.743381373795210132e-02,1.128734924796822962e-02,2.641551491430190191e-01,3.418775929946305664e-02,7.412228787651170287e-04,1.313777072141713740e-03,4.677053922371761027e-03,1.248684054643769015e-03,2.250294261193990994e-02,3.296541572010262995e-03
9.800000000000000377e-02,0.000000000000000000e+00,2.130532583003687946e-03,2.787898538570417022e-03,2.189125529032053506e-03,2.795743961408329956e-03,1.000000000000000000e+00,1.000000000000000000e+00,7.284984052331038582e-04,1.311080356752234582e-03,1.053684161128873092e-03,8.508064532426130497e-05,9.055454701479742630e-02,1.390373556204753738e-02,2.774338393407944081e-01,4.438743737859081329e-02,7.388327222539436403e-04,1.311982928082181150e-03,4.124766323789537045e-03,8.520805803615905593e-04,2.268068981993373937e-02,3.386343168690697687e-03
9.850000000000000422e-02,0.000000000000000000e+00,2.131257337675530016e-03,2.787982238813712342e-03,2.189387956553155365e-03,2.795821591593886275e-03,1.000000000000000000e+00,1.000000000000000000e+00,7.290535995220927918e-04,1.311164056995529686e-03,1.110388577977770158e-03,1.674004865901526954e-04,8.892565628712148507e-02,1.344550039746625694e-02,2.684646967912801552e-01,4.039908474503118435e-02,7.409659623269143408e-04,1.312426275751722021e-03,4.407565290642538255e-03,9.211594693702262332e-04,2.268068981993373937e-02,3.386343168690697687e-03
9.900000000000000466e-02,0.000000000000000000e+00,2.131975522499688844e-03,2.788061108368412866e-03,2.189650486499964029e-03,2.795900579551321465e-03,1.000000000000000000e+00,1.000000000000000000e+00,7.296037610157721015e-04,1.311242926550230427e-03,1.100322987358690833e-03,1.577391094016399303e-04,8.759905111078120088e-02,1.307835604245361112e-02,2.646994113401006099e-01,3.936148941330078199e-02,7.432085230409007145e-04,1.312896803804949712e-03,4.562292957123644140e-03,9.608580266569752195e-04,2.268068981993373937e-02,3.386343168690697687e-03
9.950000000000000511e-02,0.000000000000000000e+00,2.132651327681586457e-03,2.788133014484234055e-03,2.189913084279750208e-03,2.795980936398101413e-03,1.000000000000000000e+00,1.000000000000000000e+00,7.301214578199956978e-04,1.311314832666051183e-03,1.035393608447125920e-03,1.438122316413645893e-04,8.653200910818983904e-02,1.278220052316493376e-02,2.616638503957580131e-01,3.852054587227697613e-02,7.455025129313706551e-04,1.313381323904939512e-03,4.613480712082574861e-03,9.771724458172430412e-04,2.268068981993373937e-02,3.386343168690697687e-03
1.000000000000000056e-01,0.000000000000000000e+00,2.133260952662039637e-03,2.788195943307789776e-03,2.190175715737575912e-03,2.796062673166129376e-03,1.000000000000000000e+00,1.000000000000000000e+00,7.305884576486584500e-04,1.311377761489607337e-03,9.339996573254211176e-04,1.258576471123090755e-04,9.271870696349476804e-02,1.578340853749596664e-02,2.865642925086788195e-01,5.042362938150606044e-02,7.396715387583772255e-04,1.310893533834131888e-03,3.527179533436436594e-03,5.886400859131178491e-04,2.298526133424962092e-02,3.497825531289492848e-03
1.005000000000000060e-01,0.000000000000000000e+00,2.133982441398066515e-03,2.788303805408692652e-03,2.190438347174338170e-03,2.796145800799516423e-03,1.000000000000000000e+00,1.000000000000000000e+00,7.311411500856648555e-04,1.311485623590509780e-03,1.105384874012789930e-03,2.157242018050362607e-04,9.084775560146897411e-02,1.503208809781578399e-02,2.740801704329287602e-01,4.497079800337788758e-02,7.415380184141152041e-04,1.311231213690685748e-03,3.937872635893432775e-03,7.617311308765565290e-04,2.298526133424962092e-02,3.497825531289492848e-03
1.010000000000000064e-01,0.000000000000000000e+00,2.134753975733722636e-03,2.788409974097306662e-03,2.190700945364811025e-03,2.796230330152351014e-03,1.000000000000000000e+00,1.000000000000000000e+00,7.317321796761695795e-04,1.311591792279124223e-03,1.182059181009349281e-03,2.123373772288220422e-04,8.931057843095012438e-02,1.441274573944510522e-02,2.697357976026267812e-01,4.320583550998244315e-02,7.435727822181499146e-04,1.311643221350158178e-03,4.200596529520089252e-03,8.860430220769995036e-04,2.298526133424962092e-02,3.497825531289492848e-03
1.015000000000000069e-01,0.000000000000000000e+00,2.135527420055235298e-03,2.788511539988133663e-03,2.190963477575692299e-03,2.796316271986465547e-03,1.000000000000000000e+00,1.000000000000000000e+00,7.323246724007263699e-04,1.311693358169950790e-03,1.184985449113668508e-03,2.031317816530751419e-04,8.806041725823030020e-02,1.390066648405774950e-02,2.661939051741234463e-01,4.174303028792503145e-02,7.457086461447559557e-04,1.312107359250378651e-03,4.342503447319281604e-03,9.703276960752513615e-04,2.298526133424962092e-02,3.497825531289492848e-03
1.020000000000000073e-01,0.000000000000000000e+00,2.136267889975392714e-03,2.788604234341291246e-03,2.191225911583644277e-03,2.796403636969208104e-03,1.000000000000000000e+00,1.000000000000000000e+00,7.328919052683596780e-04,1.311786052523108807e-03,1.134465735266524397e-03,1.853887063159875847e-04,9.015255874176182627e-02,1.546758926983071887e-02,2.753676094122012863e-01,4.826022635909420211e-02,7.445319898044668950e-04,1.310868224498596335e-03,3.951001541089890767e-03,7.962858407501786613e-04,2.311110190574896042e-02,3.562905593547141016e-03
1.025000000000000078e-01,0.000000000000000000e+00,2.137033912394318939e-03,2.788719084379337118e-03,2.191488215693340909e-03,2.796492435671211595e-03,1.000000000000000000e+00,1.000000000000000000e+00,7.334787124856826214e-04,1.311900902561154679e-03,1.173614434645858058e-03,2.297000760916040460e-04,8.881529073955368725e-02,1.477610068604479250e-02,2.684026086521260623e-01,4.425043964803038882e-02,7.465552669495314738e-04,1.311301853400610121e-03,4.141661082342750280e-03,9.379388584017261422e-04,2.311110190574896042e-02,3.562905593547141016e-03
1.030000000000000082e-01,0.000000000000000000e+00,2.137790584363306531e-03,2.788826947497118416e-03,2.191750358755508929e-03,2.796582678564158569e-03,1.000000000000000000e+00,1.000000000000000000e+00,7.340583568427894732e-04,1.312008765678935977e-03,1.159288714213769144e-03,2.157262355627023341e-04,8.773337795717955911e-02,1.420776128215386902e-02,2.653371037492362472e-01,4.262929201503943416e-02,7.486476433800309631e-04,1.311795108407709173e-03,4.227599020672610612e-03,1.034874669165959053e-03,2.311110190574896042e-02,3.562905593547141016e-03
1.035000000000000087e-01,0.000000000000000000e+00,2.138508305469765270e-03,2.788923463972472431e-03,2.192012310184974621e-03,2.796674376018555563e-03,1.000000000000000000e+00,1.000000000000000000e+00,7.346081631081014451e-04,1.312105282154289775e-03,1.099612530623984884e-03,1.930329507077744320e-04,8.687030352032414082e-02,1.374181558553357399e-02,2.628867413089597815e-01,4.129805421298884255e-02,7.507619398275681630e-04,1.312327674521373286e-03,4.229503178532888034e-03,1.095252647688021389e-03,2.311110190574896042e-02,3.562905593547141016e-03
1.040000000000000091e-01,0.000000000000000000e+00,2.139166457655115264e-03,2.789006910910984786e-03,2.192274039978703640e-03,2.796767538301497477e-03,1.000000000000000000e+00,1.000000000000000000e+00,7.351123369324155665e-04,1.312188729092801914e-03,1.008347648628157411e-03,1.668938770241926519e-04,9.184113851027572717e-02,1.471230706217061673e-02,2.828948104452951307e-01,4.545700367668169262e-02,7.464040694053780288e-04,1.311783332930209402e-03,3.327238387085392976e-03,9.831610795616322132e-04,2.335298301766778120e-02,3.604101564503345290e-03
1.044999999999999957e-01,0.000000000000000000e+00,2.139905970856774420e-03,2.789099950815373229e-03,2.192535518733849075e-03,2.796862175574439755e-03,1.000000000000000000e+00,1.000000000000000000e+00,7.356788369111594327e-04,1.312281768997190573e-03,1.132999957487648614e-03,1.860798087772358217e-04,9.034494833767786615e-02,1.416643034432017202e-02,2.728867916582222719e-01,4.251430975512144467e-02,7.481406939398742078e-04,1.312296556261727341e-03,3.618629410523255957e-03,1.069545439644267043e-03,2.335298301766778120e-02,3.604101564503345290e-03
1.049999999999999961e-01,0.000000000000000000e+00,2.140675993980552250e-03,2.789192765209348810e-03,2.192796717665792573e-03,2.796958297890967532e-03,1.000000000000000000e+00,1.000000000000000000e+00,7.362687088462028639e-04,1.312374583391166154e-03,1.179743870086892316e-03,1.856287879509506270e-04,8.912241085833708110e-02,1.372122042676415798e-02,2.694333893776977296e-01,4.125112317929615496e-02,7.499934691956497944e-04,1.312844194176767624e-03,3.792065478012696111e-03,1.120886027490116711e-03,2.335298301766778120e-02,3.604101564503345290e-03
1.054999999999999966e-01,0.000000000000000000e+00,2.141439929281124897e-03,2.789281195239267687e-03,2.193057608626190237e-03,2.797055915194559574e-03,1.000000000000000000e+00,1.000000000000000000e+00,7.368539172381086957e-04,1.312463013421084814e-03,1.170416783811719383e-03,1.768600598371508972e-04,8.813415532743544556e-02,1.336164497754710467e-02,2.666355243773993466e-01,4.023207250105018812e-02,7.519089847782576630e-04,1.313410391732086971e-03,3.869773865894038725e-03,1.143838315548592784e-03,2.335298301766778120e-02,3.604101564503345290e-03
1.059999999999999970e-01,0.000000000000000000e+00,2.142170949168762783e-03,2.789362600193506531e-03,2.193318164121014179e-03,2.797155037316365229e-03,1.000000000000000000e+00,1.000000000000000000e+00,7.374139109608432397e-04,1.312544418375323875e-03,1.119987445469123634e-03,1.628099084783018698e-04,9.421018841583578274e-02,1.376908527255272727e-02,2.910577653418788824e-01,4.211715772431337546e-02,7.459086802622053860e-04,1.313537516375510748e-03,2.841012911192907549e-03,1.086324905354616203e-03,2.365027048882085980e-02,3.620767185323421969e-03
1.064999999999999974e-01,0.000000000000000000e+00,2.143035551347943161e-03,2.789447281935140618e-03,2.193578357328599283e-03,2.797255673972965772e-03,1.000000000000000000e+00,1.000000000000000000e+00,7.380762346557128827e-04,1.312629100116958179e-03,1.324647389739300922e-03,1.693634832685570466e-04,9.240914650989842660e-02,1.341419243549249636e-02,2.789519186454808564e-01,4.039303182322066810e-02,7.474381570545687945e-04,1.314086636500667610e-03,3.275993471418699697e-03,1.110088789539722407e-03,2.365027048882085980e-02,3.620767185323421969e-03
1.069999999999999979e-01,0.000000000000000000e+00,2.143973247310240835e-03,2.789537696894051066e-03,2.193838162117684766e-03,2.797357834764149179e-03,1.000000000000000000e+00,1.000000000000000000e+00,7.387945514369661593e-04,1.312719515075868627e-03,1.436633562506487447e-03,1.808299178209788589e-04,9.092255997320261574e-02,1.313037160409423129e-02,2.747573974700759925e-01,3.959717801242531449e-02,7.491493465388607102e-04,1.314642013909877788e-03,3.568133634757259583e-03,1.111397323286531522e-03,2.365027048882085980e-02,3.620767185323421969e-03
1.074999999999999983e-01,0.000000000000000000e+00,2.144940305573213128e-03,2.789629824185225343e-03,2.194097553065458769e-03,2.797461529170674945e-03,1.000000000000000000e+00,1.000000000000000000e+00,7.395353610454882516e-04,1.312811642367042687e-03,1.481619217044217009e-03,1.842545823481162232e-04,8.970641905525361670e-02,1.290813762724641288e-02,2.713199890425811445e-01,3.897741430823442599e-02,7.509772441511205479e-04,1.315193592187749233e-03,3.743048753476055542e-03,1.094926863224559730e-03,2.365027048882085980e-02,3.620767185323421969e-03
1.079999999999999988e-01,0.000000000000000000e+00,2.145902607856082188e-03,2.789720644106440366e-03,2.194356505475601217e-03,2.797566766552044525e-03,1.000000000000000000e+00,1.000000000000000000e+00,7.402725273618808791e-04,1.312902462288257710e-03,1.474332632785306865e-03,1.816398424301628330e-04,9.041818195292765370e-02,1.383570337010749975e-02,2.751197119908229682e-01,4.276868974947676399e-02,7.511977259765437436e-04,1.314905656232186323e-03,3.605878829220167652e-03,9.572907150486072029e-04,2.371287208738835292e-02,3.651780592366305617e-03
1.084999999999999992e-01,0.000000000000000000e+00,2.146879312673606599e-03,2.789826412830966051e-03,2.194614995396332313e-03,2.797673556144272648e-03,1.000000000000000000e+00,1.000000000000000000e+00,7.410207266599132345e-04,1.313008231012783395e-03,1.496398596064623786e-03,2.115374490512725975e-04,8.933028055952485502e-02,1.350843682125283003e-02,2.702952258918510098e-01,4.071487220149169056e-02,7.530323635493042095e-04,1.315390471338576941e-03,3.732357016472857315e-03,9.819036893841234705e-04,2.371287208738835292e-02,3.651780592366305617e-03
1.089999999999999997e-01,0.000000000000000000e+00,2.147842121990673273e-03,2.789931555944116966e-03,2.194872999638449763e-03,2.797781907057652999e-03,1.000000000000000000e+00,1.000000000000000000e+00,7.417582813870351142e-04,1.313113374125934310e-03,1.475109454243721469e-03,2.102862263018370910e-04,8.845514941210047555e-02,1.324888989445111367e-02,2.678173420703650609e-01,3.998587788884343242e-02,7.549089735678671557e-04,1.315882399496652328e-03,3.773931568442755874e-03,9.857828348795753468e-04,2.371287208738835292e-02,3.651780592366305617e-03
1.095000000000000001e-01,0.000000000000000000e+00,2.148767901108864387e-03,2.790031090074102365e-03,2.195130495793376837e-03,2.797891828274527357e-03,1.000000000000000000e+00,1.000000000000000000e+00,7.424674693360810854e-04,1.313212908255919709e-03,1.418375898091998053e-03,1.990682599706723754e-04,8.776183784014679468e-02,1.304528734186994471e-02,2.658508474572400804e-01,3.941334249164108600e-02,7.567894156788502894e-04,1.316372187815716870e-03,3.747816423120160605e-03,9.733759762788891760e-04,2.371287208738835292e-02,3.651780592366305617e-03
1.100000000000000006e-01,0.000000000000000000e+00,2.149639015161613782e-03,2.790122937608271320e-03,2.195387462251205662e-03,2.798003328647056046e-03,1.000000000000000000e+00,1.000000000000000000e+00,7.431347814155124867e-04,1.313304755790088880e-03,1.334624158862852093e-03,1.836950683384539504e-04,9.758977423704483234e-02,1.220158725387272131e-02,3.045801061948724686e-01,3.630587727217476912e-02,7.458243849754481875e-04,1.317831047238867976e-03,2.005238493043526912e-03,1.075313132573520137e-03,2.419311800678498534e-02,3.615125246641096284e-03
1.105000000000000010e-01,0.000000000000000000e+00,2.150722756848788379e-03,2.790194640931652550e-03,2.195643878218740512e-03,2.798116416894987947e-03,1.000000000000000000e+00,1.000000000000000000e+00,7.439649757127492647e-04,1.313376459113469895e-03,1.660388594473576540e-03,1.434066467621150035e-04,9.594223543763916173e-02,1.214543290851340454e-02,2.899123311465955921e-01,3.679589737965834745e-02,7.469833601782948501e-04,1.318350254017154567e-03,2.629408885488447936e-03,1.001637142538713355e-03,2.419311800678498534e-02,3.615125246641096284e-03
1.110000000000000014e-01,0.000000000000000000e+00,2.151963250769184290e-03,2.790273031706579435e-03,2.195899723737543274e-03,2.798231101603427043e-03,1.000000000000000000e+00,1.000000000000000000e+00,7.449152491871912458e-04,1.313454849888396779e-03,1.900546948883936188e-03,1.567815498537850777e-04,9.402652060803208534e-02,1.215665186769148386e-02,2.839675633761854501e-01,3.689143124212466984e-02,7.484210485537358837e-04,1.318831933367125902e-03,3.120338868900355590e-03,9.252101688708982627e-04,2.419311800678498534e-02,3.615125246641096284e-03
1.115000000000000019e-01,0.000000000000000000e+00,2.153305474999449385e-03,2.790360278582048031e-03,2.196154979701972400e-03,2.798347391220600694e-03,1.000000000000000000e+00,1.000000000000000000e+00,7.459434526002053575e-04,1.313542096763865375e-03,2.056406826028295450e-03,1.744937509370145679e-04,9.243894148247755460e-02,1.218161318969874195e-02,2.794949318192648802e-01,3.698412759522429899e-02,7.500660749619381031e-04,1.319275768707664758e-03,3.459048182835062352e-03,8.502596735639705687e-04,2.419311800678498534e-02,3.615125246641096284e-03
1.120000000000000023e-01,0.000000000000000000e+00,2.154705078874928972e-03,2.790455362576896303e-03,2.196409627877235309e-03,2.798465294055633122e-03,1.000000000000000000e+00,1.000000000000000000e+00,7.470156113715845049e-04,1.313637180758713647e-03,2.144317542758292054e-03,1.901679896964811648e-04,9.461501912139491655e-02,1.763566514679973732e-02,2.893338295070436161e-01,5.814922302369782137e-02,7.480045741467467773e-04,1.314645065178021103e-03,3.173435568452612730e-03,1.239371947326252778e-04,2.433714376211472755e-02,3.803851624658571851e-03
1.125000000000000028e-01,0.000000000000000000e+00,2.156220067926927463e-03,2.790647847358306184e-03,2.196663650917423435e-03,2.798584818276309352e-03,1.000000000000000000e+00,1.000000000000000000e+00,7.481761603162540063e-04,1.313829665540123745e-03,2.321097889339081375e-03,3.849695628202826547e-04,9.294949774512265006e-02,1.673267983621884447e-02,2.810732295016302174e-01,5.004507180590954396e-02,7.496820543049068130e-04,1.314769288788132651e-03,3.535719569217234647e-03,3.724708960235389651e-04,2.433714376211472755e-02,3.803851624658571851e-03
1.130000000000000032e-01,0.000000000000000000e+00,2.157810832432933371e-03,2.790879292532242803e-03,2.196917032383562465e-03,2.798705971906846092e-03,1.000000000000000000e+00,1.000000000000000000e+00,7.493947566263905709e-04,1.314061110714060364e-03,2.437192620273116207e-03,4.628903478732243485e-04,9.157943405261903536e-02,1.597993152194431346e-02,2.772170737854929845e-01,4.791595373848636652e-02,7.515076922337487293e-04,1.315002993445537434e-03,3.766316260550255871e-03,5.619716516500698191e-04,2.433714376211472755e-02,3.803851624658571851e-03
1.135000000000000037e-01,0.000000000000000000e+00,2.159442284446880678e-03,2.791123704244655168e-03,2.197169756761652160e-03,2.798828762825662179e-03,1.000000000000000000e+00,1.000000000000000000e+00,7.506445213758902333e-04,1.314305522426472295e-03,2.499529498999403763e-03,4.888234248240695776e-04,9.046466527765378851e-02,1.535272908493955611e-02,2.740803036302208451e-01,4.613051101157109035e-02,7.534216662591306521e-04,1.315319166732165307e-03,3.889269229279358406e-03,7.024373257425983513e-04,2.433714376211472755e-02,3.803851624658571851e-03
1.140000000000000041e-01,0.000000000000000000e+00,2.161084426906065802e-03,2.791367362000920019e-03,2.197421809480714413e-03,2.798953198763146424e-03,1.000000000000000000e+00,1.000000000000000000e+00,7.519024754815587875e-04,1.314549180182737363e-03,2.515908211337002879e-03,4.873155125299900663e-04,8.822914114712990252e-02,1.307558121035171453e-02,2.663559758541815814e-01,3.782180603446261280e-02,7.573717290191199839e-04,1.317707607151589848e-03,4.184346044242570790e-03,1.063331048374282920e-03,2.426235269604868142e-02,3.728467247660042713e-03
1.145000000000000046e-01,0.000000000000000000e+00,2.162676386072550326e-03,2.791572912778279587e-03,2.197673176930832646e-03,2.799079287299425026e-03,1.000000000000000000e+00,1.000000000000000000e+00,7.531219869547164545e-04,1.314754730960096931e-03,2.439022946315425218e-03,4.111015547189915864e-04,8.773553543463370741e-02,1.293742478308117921e-02,2.663189349959619312e-01,3.920622007524202091e-02,7.594318375297130904e-04,1.318230367548064129e-03,4.056258377511593252e-03,1.027759718840876848e-03,2.426235269604868142e-02,3.728467247660042713e-03
1.150000000000000050e-01,0.000000000000000000e+00,2.164202105431239313e-03,2.791751843144611722e-03,2.197923846481197700e-03,2.799207035862133312e-03,1.000000000000000000e+00,1.000000000000000000e+00,7.542907557911992817e-04,1.314933661326429283e-03,2.337537672965689459e-03,3.578607326645051752e-04,8.737163494679242581e-02,1.283499043245243422e-02,2.652895246350721048e-01,3.891031042510537108e-02,7.614187225458302760e-04,1.318733265420894132e-03,3.891525850783273538e-03,9.838977715281296485e-04,2.426235269604868142e-02,3.728467247660042713e-03
1.155000000000000054e-01,0.000000000000000000e+00,2.165650659051305583e-03,2.791911039209503485e-03,2.198173806498153297e-03,2.799336451724182290e-03,1.000000000000000000e+00,1.000000000000000000e+00,7.554004122424110360e-04,1.315092857391320829e-03,2.219312902423558817e-03,3.183921297831559258e-04,8.711561944449773554e-02,1.276306995586911665e-02,2.645621906136809143e-01,3.870655788790790947e-02,7.633166515912049232e-04,1.319212736753394349e-03,3.700488834020260881e-03,9.340660122476121020e-04,2.426235269604868142e-02,3.728467247660042713e-03
1.160000000000000059e-01,0.000000000000000000e+00,2.167014936481774165e-03,2.792054719010316974e-03,2.198423046363237598e-03,2.799467542001529523e-03,1.000000000000000000e+00,1.000000000000000000e+00,7.564455093868937890e-04,1.315236537192134101e-03,2.090194288965448004e-03,2.873596016267092779e-04,9.125518034665541789e-02,1.902570467719788203e-02,2.808096580270291742e-01,6.308055724913923246e-02,7.602577241811035074e-04,1.313782695655532195e-03,2.861466909140641252e-03,1.167695720948009686e-04,2.444430748569744599e-02,3.948885622577877341e-03
1.165000000000000063e-01,0.000000000000000000e+00,2.168406969972109036e-03,2.792291706186023417e-03,2.198671556491226930e-03,2.799600313650945672e-03,1.000000000000000000e+00,1.000000000000000000e+00,7.575118689068007774e-04,1.315473524367840761e-03,2.132719039813958922e-03,4.739743514135251771e-04,9.041463626468812520e-02,1.789863431934353433e-02,2.740272115447882073e-01,5.341341616279317306e-02,7.617113309893034419e-04,1.313919793992612958e-03,2.952728526993684318e-03,4.310096019541067788e-04,2.444430748569744599e-02,3.948885622577877341e-03
1.170000000000000068e-01,0.000000000000000000e+00,2.169814099248466160e-03,2.792556785901073244e-03,2.198919328348183412e-03,2.799734773467787551e-03,1.000000000000000000e+00,1.000000000000000000e+00,7.585897924697037340e-04,1.315738604082890588e-03,2.155847125805853814e-03,5.301594300995921081e-04,8.973827697933299541e-02,1.695702233335885656e-02,2.721265507228622371e-01,5.073556475202939398e-02,7.631941541045878397e-04,1.314195546598431437e-03,2.978458033783379106e-03,6.715242860002474138e-04,2.444430748569744599e-02,3.948885622577877341e-03
1.175000000000000072e-01,0.000000000000000000e+00,2.171221444727562157e-03,2.792821534658251718e-03,2.199166354469493483e-03,2.799870928083762929e-03,1.000000000000000000e+00,1.000000000000000000e+00,7.596678816535139787e-04,1.316003352840068846e-03,2.156178367620542428e-03,5.294975143566348422e-04,8.920312478206626761e-02,1.617107721351029870e-02,2.706257049043913621e-01,4.848683839778357429e-02,7.646767546512039894e-04,1.314576184181805467e-03,2.951939516746025088e-03,8.506644914706949778e-04,2.444430748569744599e-02,3.948885622577877341e-03
1.180000000000000077e-01,0.000000000000000000e+00,2.172614350634959231e-03,2.793072875540799326e-03,2.199412628477915091e-03,2.800008783964700980e-03,1.000000000000000000e+00,1.000000000000000000e+00,7.607349094836629664e-04,1.316254693722616670e-03,2.134055660298031683e-03,5.026817650957802900e-04,9.267774816565896301e-02,1.424429959047787339e-02,2.845686219835178998e-01,4.166674590218442942e-02,7.617800515014066425e-04,1.316599802623767256e-03,2.319338376994268050e-03,1.182025077865645965e-03,2.460749006517526719e-02,3.890211203442764127e-03
1.185000000000000081e-01,0.000000000000000000e+00,2.174084969989754923e-03,2.793283659844288287e-03,2.199658145101622726e-03,2.800148347408322295e-03,1.000000000000000000e+00,1.000000000000000000e+00,7.618614692683474496e-04,1.316465478026105414e-03,2.253119569369013784e-03,4.215686069775860176e-04,9.168951826069995925e-02,1.391082740464942916e-02,2.778085389596285371e-01,4.199204779813421606e-02,7.629853692943021565e-04,1.317193966641605008e-03,2.501534151678443813e-03,1.194584200199689562e-03,2.460749006517526719e-02,3.890211203442764127e-03
1.190000000000000085e-01,0.000000000000000000e+00,2.175598509268687926e-03,2.793474064996563470e-03,2.199902900192246373e-03,2.800289624542006296e-03,1.000000000000000000e+00,1.000000000000000000e+00,7.630209076224163476e-04,1.316655883178381031e-03,2.318876708137858778e-03,3.808103045513909230e-04,9.088401523267036763e-02,1.364348711074227054e-02,2.755481599287053496e-01,4.122619064069126676e-02,7.642622972504626699e-04,1.317789149025549913e-03,2.605927104749346419e-03,1.186139209516606221e-03,2.460749006517526719e-02,3.890211203442764127e-03
1.195000000000000090e-01,0.000000000000000000e+00,2.177129734984074340e-03,2.793652022086700291e-03,2.200146890742922176e-03,2.800432621320562109e-03,1.000000000000000000e+00,1.000000000000000000e+00,7.641938945728493160e-04,1.316833840268517852e-03,2.345973900866006254e-03,3.559141802736357895e-04,9.023477481859080995e-02,1.343443641634717994e-02,2.737243736944151018e-01,4.063503160609131803e-02,7.655756488314600233e-04,1.318375938155993531e-03,2.647349311069819439e-03,1.161043771738281844e-03,2.460749006517526719e-02,3.890211203442764127e-03
1.199999999999999956e-01,0.000000000000000000e+00,2.178659353278536957e-03,2.793820874197878827e-03,2.200390114906330095e-03,2.800577343523994248e-03,1.000000000000000000e+00,1.000000000000000000e+00,7.653656501674154043e-04,1.317002692379696388e-03,2.343511189132177746e-03,3.377042223571256364e-04,9.125148153192721989e-02,1.426113183582072147e-02,2.782262376141879656e-01,4.401861200682322117e-02,7.653950132650329382e-04,1.318311580097764925e-03,2.443534582608201076e-03,1.040667028411007165e-03,2.466376331037799588e-02,3.914014766951204316e-03
1.204999999999999960e-01,0.000000000000000000e+00,2.180213844560679928e-03,2.793998739535621771e-03,2.200632572012740668e-03,2.800723796755274358e-03,1.000000000000000000e+00,1.000000000000000000e+00,7.665564595759780196e-04,1.317180557717438898e-03,2.381618817125256624e-03,3.557306754848906351e-04,9.057487051546048162e-02,1.395934970445305429e-02,2.747446753239515815e-01,4.214630247633525256e-02,7.666325637529146321e-04,1.318834779520416597e-03,2.506498577606792056e-03,1.052088754968965017e-03,2.466376331037799588e-02,3.914014766951204316e-03
1.209999999999999964e-01,0.000000000000000000e+00,2.181775019439021086e-03,2.794177562984676358e-03,2.200874262588060903e-03,2.800871986438111666e-03,1.000000000000000000e+00,1.000000000000000000e+00,7.677523889162681317e-04,1.317359381166493485e-03,2.391858680580118916e-03,3.576468981091830896e-04,9.003343895587970214e-02,1.372147153808665060e-02,2.732233204107683000e-01,4.148066078849344668e-02,7.678884097827621841e-04,1.319358929241511939e-03,2.516818083430612338e-03,1.044505018622070075e-03,2.466376331037799588e-02,3.914014766951204316e-03
1.214999999999999969e-01,0.000000000000000000e+00,2.183328030029148010e-03,2.794353221847292561e-03,2.201115188371872804e-03,2.801021917814716915e-03,1.000000000000000000e+00,1.000000000000000000e+00,7.689420640489397609e-04,1.317535040029110122e-03,2.379350265343313422e-03,3.513177252331245557e-04,8.960728545264717848e-02,1.353720282860176177e-02,2.720258596101645665e-01,4.096618547513919406e-02,7.691389650189150865e-04,1.319875576481873824e-03,2.485416457800061589e-03,1.022107823855183039e-03,2.466376331037799588e-02,3.914014766951204316e-03
1.219999999999999973e-01,0.000000000000000000e+00,2.184861107050201784e-03,2.794523646112140498e-03,2.201355352335483163e-03,2.801173595943575855e-03,1.000000000000000000e+00,1.000000000000000000e+00,7.701164691817915598e-04,1.317705464293958059e-03,2.348810265703661984e-03,3.408485296958154082e-04,9.065746005411062791e-02,1.364248499156375805e-02,2.764568816557338993e-01,4.152921678228464752e-02,7.690461571229122379e-04,1.320483802761340808e-03,2.250351269783651409e-03,1.002106787336929164e-03,2.471319740454966038e-02,3.910058267267121739e-03
1.224999999999999978e-01,0.000000000000000000e+00,2.186402389800949815e-03,2.794692024538219209e-03,2.201594758699963392e-03,2.801327025697215346e-03,1.000000000000000000e+00,1.000000000000000000e+00,7.712971602682771634e-04,1.317873842720036336e-03,2.361382172971264893e-03,3.367568521566209963e-04,9.016373207412525792e-02,1.348280454624971314e-02,2.736475649539663046e-01,4.081796517139552744e-02,7.701743267443499899e-04,1.320978224169300523e-03,2.262261499789139114e-03,9.756115074979880043e-04,2.471319740454966038e-02,3.910058267267121739e-03
1.229999999999999982e-01,0.000000000000000000e+00,2.187938028600879860e-03,2.794857031887840876e-03,2.201833412954194106e-03,2.801482211759974243e-03,1.000000000000000000e+00,1.000000000000000000e+00,7.724735278376016184e-04,1.318038850069658437e-03,2.352735138648842737e-03,3.300146992443343656e-04,8.977472960807535152e-02,1.336350898051592330e-02,2.725550909468992811e-01,4.048894485946490096e-02,7.712989153929795299e-04,1.321456961247302608e-03,2.236101293905503121e-03,9.393889116446996028e-04,2.471319740454966038e-02,3.910058267267121739e-03
1.234999999999999987e-01,0.000000000000000000e+00,2.189457190181472689e-03,2.795017951873011303e-03,2.202071321872911460e-03,2.801639158625771238e-03,1.000000000000000000e+00,1.000000000000000000e+00,7.736372731246144840e-04,1.318199770054828647e-03,2.327490574025656636e-03,3.218399703402127819e-04,8.947449404815963070e-02,1.327788951658367446e-02,2.717118218217475789e-01,4.025580484322933278e-02,7.724030005176942427e-04,1.321915808153234333e-03,2.180305612152478451e-03,8.960653324953717644e-04,2.471319740454966038e-02,3.910058267267121739e-03
1.239999999999999991e-01,0.000000000000000000e+00,2.190951609675501933e-03,2.795174455273443173e-03,2.202308493534747835e-03,2.801797870595874873e-03,1.000000000000000000e+00,1.000000000000000000e+00,7.747820648737040747e-04,1.318356273455260517e-03,2.289583498179221382e-03,3.130068008638204691e-04,8.796137450212981879e-02,2.113523753578292613e-02,2.660776655384847200e-01,7.084150634547786707e-02,7.753840201067979014e-04,1.314949901820769906e-03,2.349903641088654793e-03,-1.126578910868526913e-04,2.464162499198060616e-02,4.187355693400798828e-03
1.244999999999999996e-01,0.000000000000000000e+00,2.192380452529749633e-03,2.795459666720485382e-03,2.202544937340278168e-03,2.801958351776672254e-03,1.000000000000000000e+00,1.000000000000000000e+00,7.758766220022908153e-04,1.318641484902302943e-03,2.189114257173430805e-03,5.704228940848041392e-04,8.800485399972762801e-02,1.971877806662257482e-02,2.675010747745920070e-01,5.871044743488460643e-02,7.765123728707585020e-04,1.314997094350565162e-03,2.163825390845194180e-03,3.006252892117377857e-04,2.464162499198060616e-02,4.187355693400798828e-03
1.250000000000000000e-01,0.000000000000000000e+00,2.193762373639435506e-03,2.795782996000612843e-03,2.202780664030061508e-03,2.802120606077436460e-03,1.000000000000000000e+00,1.000000000000000000e+00,7.769352349891946348e-04,1.318964814182430187e-03,2.117225973807697597e-03,6.466585602543750526e-04,8.806918920182539579e-02,1.853276729622019281e-02,2.676872391641795246e-01,5.533651037046881382e-02,7.775489945037911436e-04,1.315227675149330949e-03,1.982972457360553456e-03,6.210681777478596274e-04,2.464162499198060616e-02,4.187355693400798828e-03
1.255000000000000004e-01,0.000000000000000000e+00,2.195107778188743440e-03,2.796101681097925076e-03,2.203015685702687347e-03,2.802284637208095688e-03,1.000000000000000000e+00,1.000000000000000000e+00,7.779658746679389168e-04,1.319283499279742203e-03,2.061279357488610391e-03,6.373701946242437549e-04,8.815023106603131486e-02,1.754012706853253292e-02,2.679263760272473927e-01,5.249108698967618752e-02,7.784968863278512227e-04,1.315599070822489561e-03,1.808896374663406144e-03,8.640296233563360493e-04,2.464162499198060616e-02,4.187355693400798828e-03
1.260000000000000009e-01,0.000000000000000000e+00,2.196419915604144388e-03,2.796397199085564819e-03,2.203250015832818477e-03,2.802450448677006739e-03,1.000000000000000000e+00,1.000000000000000000e+00,7.789710302436150596e-04,1.319579017267382380e-03,2.010311151352187162e-03,5.910359752802340225e-04,8.780887332961202774e-02,1.195354817625333965e-02,2.665126348747428042e-01,3.162814090051012383e-02,7.802335451865188365e-04,1.321116315931595122e-03,1.756199699218569717e-03,1.696465939848323598e-03,2.460888949360782313e-02,3.998520556788388164e-03
1.265000000000000013e-01,0.000000000000000000e+00,2.197686949224714366e-03,2.796583240074044900e-03,2.203483669289234281e-03,2.802618043788717653e-03,1.000000000000000000e+00,1.000000000000000000e+00,7.799416343078980143e-04,1.319765058255862244e-03,1.941208128565817103e-03,3.720819769598549378e-04,8.797368038070518814e-02,1.207058858219291382e-02,2.674185477053120930e-01,3.678581100029397477e-02,7.810647667292000291e-04,1.321926370307970446e-03,1.569017815218275505e-03,1.544016398442435347e-03,2.460888949360782313e-02,3.998520556788388164e-03
1.270000000000000018e-01,0.000000000000000000e+00,2.198897328584245754e-03,2.796715477252708238e-03,2.203716662352874899e-03,2.802787425641739896e-03,1.000000000000000000e+00,1.000000000000000000e+00,7.808688386903329948e-04,1.319897295434525582e-03,1.854408764869864374e-03,2.644743573265850444e-04,8.813818313466062482e-02,1.218668228898423314e-02,2.678846441401900869e-01,3.710437162402795142e-02,7.818060445269014959e-04,1.322662419026291803e-03,1.396399893558927796e-03,1.400428929770693165e-03,2.460888949360782313e-02,3.998520556788388164e-03
1.275000000000000022e-01,0.000000000000000000e+00,2.200050552958074564e-03,2.796822792497486061e-03,2.203949012734886248e-03,2.802958597126317501e-03,1.000000000000000000e+00,1.000000000000000000e+00,7.817522598135734661e-04,1.320004610679303405e-03,1.766842246480881083e-03,2.146304895555490905e-04,8.829827082521335413e-02,1.230426037924248553e-02,2.683335701406100449e-01,3.744689495854927608e-02,7.824646175125741371e-04,1.323328856818986772e-03,1.238173801389202359e-03,1.265558433199101551e-03,2.460888949360782313e-02,3.998520556788388164e-03
1.280000000000000027e-01,0.000000000000000000e+00,2.201149857112926107e-03,2.796918979542568386e-03,2.204180739594662018e-03,2.803131560922195783e-03,1.000000000000000000e+00,1.000000000000000000e+00,7.825943756526955366e-04,1.320100797724385730e-03,1.684231678244183048e-03,1.923740901647182327e-04,8.896146633333024134e-02,1.435313464790011206e-02,2.707419970441773405e-01,4.529695465680601274e-02,7.827729430428625968e-04,1.322426365411508153e-03,1.058219270002956191e-03,9.442915592707210861e-04,2.461917753045697946e-02,4.054853188387307246e-03
1.285000000000000031e-01,0.000000000000000000e+00,2.202213496368747928e-03,2.797042646973943621e-03,2.204411863557889997e-03,2.803306319496388747e-03,1.000000000000000000e+00,1.000000000000000000e+00,7.834091705941009049e-04,1.320224465155761182e-03,1.629589882810754268e-03,2.473348627508723039e-04,8.900784399679879944e-02,1.412244928886412579e-02,2.703357689948497344e-01,4.266855427806949541e-02,7.832787185362431910e-04,1.322897759094439829e-03,9.650441621068869130e-04,9.412712115622031209e-04,2.461917753045697946e-02,4.054853188387307246e-03
1.290000000000000036e-01,0.000000000000000000e+00,2.203246894201688240e-03,2.797169217273948356e-03,2.204642406734593635e-03,2.803482875100950407e-03,1.000000000000000000e+00,1.000000000000000000e+00,7.842007992615560074e-04,1.320351035455765700e-03,1.583257334910153670e-03,2.531406000091531534e-04,8.906001341453534392e-02,1.394600074945441526e-02,2.704816587564758956e-01,4.218196283526642193e-02,7.837390351278793231e-04,1.323364033683015629e-03,8.763766452934982146e-04,9.238432969854076587e-04,2.461917753045697946e-02,4.054853188387307246e-03
1.295000000000000040e-01,0.000000000000000000e+00,2.204252966689277966e-03,2.797291359451365301e-03,2.204872392737177063e-03,2.803661229770741756e-03,1.000000000000000000e+00,1.000000000000000000e+00,7.849714955000489536e-04,1.320473177633182645e-03,1.541392476985822520e-03,2.442843548339427131e-04,8.911631525369982654e-02,1.381252776499713314e-02,2.706403048205221484e-01,4.181156005637996775e-02,7.841562467964656880e-04,1.323818871842912361e-03,7.926165882766234884e-04,8.955469918401388766e-04,2.461917753045697946e-02,4.054853188387307246e-03
1.300000000000000044e-01,0.000000000000000000e+00,2.205233718893966945e-03,2.797407671120390182e-03,2.205101846698468392e-03,2.803841385321201654e-03,1.000000000000000000e+00,1.000000000000000000e+00,7.857227952765276661e-04,1.320589489302207743e-03,1.502599552957337766e-03,2.326233380500791390e-04,9.044108942601870871e-02,1.605137861138720284e-02,2.757228744791769826e-01,5.061692632276681286e-02,7.833397927739217887e-04,1.322368633921346603e-03,5.592156288194583685e-04,6.140739957280720715e-04,2.466387420675951112e-02,4.125617707371277698e-03
1.305000000000000049e-01,0.000000000000000000e+00,2.206225156432195349e-03,2.797557913814727876e-03,2.205330795289765604e-03,2.804023343346114666e-03,1.000000000000000000e+00,1.000000000000000000e+00,7.864822804933868953e-04,1.320739731996545437e-03,1.518970433718552305e-03,3.004853886751794644e-04,9.027297838739251068e-02,1.556065495950518379e-02,2.739451329824307280e-01,4.682033398981007982e-02,7.836241497650009826e-04,1.322699756535622006e-03,5.781648660679030924e-04,7.102176228802807405e-04,2.466387420675951112e-02,4.125617707371277698e-03
1.310000000000000053e-01,0.000000000000000000e+00,2.207227421644864830e-03,2.797710510418999728e-03,2.205559266738875944e-03,2.804207105215378477e-03,1.000000000000000000e+00,1.000000000000000000e+00,7.872500601900840091e-04,1.320892328600817072e-03,1.535559393394189979e-03,3.051932085433963545e-04,9.013719081006626999e-02,1.515995667079065093e-02,2.735674223246881698e-01,4.568448653964834322e-02,7.839146967666022359e-04,1.323071013864872024e-03,5.840008503029516310e-04,7.746727508217591618e-04,2.466387420675951112e-02,4.125617707371277698e-03
1.315000000000000058e-01,0.000000000000000000e+00,2.208236544644203575e-03,2.797858155161389668e-03,2.205787290848166583e-03,2.804392672072776940e-03,1.000000000000000000e+00,1.000000000000000000e+00,7.880230932561511741e-04,1.321039973343207012e-03,1.546066132134372474e-03,2.952894847799408112e-04,9.002977573552839452e-02,1.483294314715136175e-02,2.732700591576738836e-01,4.475355581919061854e-02,7.842055327727448163e-04,1.323468052876685622e-03,5.793412136930794348e-04,8.133932522108134689e-04,2.466387420675951112e-02,4.125617707371277698e-03
1.320000000000000062e-01,0.000000000000000000e+00,2.209248304251525477e-03,2.797999456868398814e-03,2.206014899012601407e-03,2.804580044833745317e-03,1.000000000000000000e+00,1.000000000000000000e+00,7.887981460811122189e-04,1.321181275050216158e-03,1.550105649922033698e-03,2.826034140180994038e-04,8.468292709198731172e-02,1.953377680446639897e-02,2.525979044832293297e-01,6.328533634293130594e-02,7.912181000643087265e-04,1.319427368668192732e-03,1.439266096061711780e-03,2.535704442350481067e-04,2.441189222246296225e-02,4.292398623430782913e-03
1.325000000000000067e-01,0.000000000000000000e+00,2.210117175001707727e-03,2.798218177620949952e-03,2.206242124237790380e-03,2.804769224183140293e-03,1.000000000000000000e+00,1.000000000000000000e+00,7.894637396910777170e-04,1.321399995802767079e-03,1.331187219930996543e-03,4.374415051018742820e-04,8.550358124465534670e-02,1.844699817365114125e-02,2.602685113873403067e-01,5.509835591946969646e-02,7.918385323231794636e-04,1.319627626490701196e-03,1.043207050322641875e-03,5.468848383032498192e-04,2.441189222246296225e-02,4.292398623430782913e-03
1.330000000000000071e-01,0.000000000000000000e+00,2.210893957123340019e-03,2.798421758726764297e-03,2.206469001158029800e-03,2.804960210573009122e-03,1.000000000000000000e+00,1.000000000000000000e+00,7.900587893188686789e-04,1.321603576908581424e-03,1.190099255582027565e-03,4.071622116288343323e-04,8.621244859070750777e-02,1.754574416556301669e-02,2.622687954597338056e-01,5.251681573910509104e-02,7.922777377221224080e-04,1.319956760210441640e-03,7.142354903320940682e-04,7.692067454040255395e-04,2.441189222246296225e-02,4.292398623430782913e-03
1.335000000000000075e-01,0.000000000000000000e+00,2.211605451256897469e-03,2.798589815032298360e-03,2.206695566054348197e-03,2.805153004220360506e-03,1.000000000000000000e+00,1.000000000000000000e+00,7.906038254461918331e-04,1.321771633214115704e-03,1.090072254646404313e-03,3.361126110684832589e-04,8.682492504266942079e-02,1.679414007137721571e-02,2.640053370197139593e-01,5.034581612881634111e-02,7.925669384950852214e-04,1.320382360609807793e-03,4.430821641678659578e-04,9.328616072614621425e-04,2.441189222246296225e-02,4.292398623430782913e-03
1.340000000000000080e-01,0.000000000000000000e+00,2.212267405440812400e-03,2.798727386111144778e-03,2.206921856872550054e-03,2.805347605104929407e-03,1.000000000000000000e+00,1.000000000000000000e+00,7.911109117703793913e-04,1.321909204292962122e-03,1.014172648375176932e-03,2.751421576928052412e-04,8.821638243552919201e-02,1.145202036379881078e-02,2.688583802177874071e-01,3.022209727112127806e-02,7.920292641206944746e-04,1.325934380084643196e-03,1.304299173027182075e-04,1.703987839287314249e-03,2.443825799446934510e-02,4.102954957372618484e-03
1.345000000000000084e-01,0.000000000000000000e+00,2.212917262327511719e-03,2.798764161049359638e-03,2.207147913241258672e-03,2.805544012966949656e-03,1.000000000000000000e+00,1.000000000000000000e+00,7.916087310272578934e-04,1.321945979231176982e-03,9.956385137570142232e-04,7.354987642958394647e-05,8.850965061553245361e-02,1.172935038545662792e-02,2.688026507222466832e-01,3.579881940940889823e-02,7.920656237219314165e-04,1.326736314067427031e-03,1.523036887012474069e-05,1.504105156345928980e-03,2.443825799446934510e-02,4.102954957372618484e-03
1.350000000000000089e-01,0.000000000000000000e+00,2.213545131910678483e-03,2.798808343851239867e-03,2.207373776489961192e-03,2.805742227304922239e-03,1.000000000000000000e+00,1.000000000000000000e+00,7.920897070324464228e-04,1.321990162033057428e-03,9.619520103769693253e-04,8.836560376106651767e-05,8.876241088977770977e-02,1.197323892660239961e-02,2.695214814627205913e-01,3.651371428131634095e-02,7.920503220900680305e-04,1.327443159306732935e-03,-7.625901279083953030e-05,1.323598907558739364e-03,2.443825799446934510e-02,4.102954957372618484e-03
1.355000000000000093e-01,0.000000000000000000e+00,2.214162615071199255e-03,2.798854605628474379e-03,2.207599489667052758e-03,2.805942247373381833e-03,1.000000000000000000e+00,1.000000000000000000e+00,7.925627265762827736e-04,1.322036423810291940e-03,9.460390876726299794e-04,9.252355446915583239e-05,8.897595193101084932e-02,1.220429441582388669e-02,2.701291483801278592e-01,3.720410909256400417e-02,7.919943740215751793e-04,1.328064032514551275e-03,-1.473932895290392016e-04,1.160187150426090011e-03,2.443825799446934510e-02,4.102954957372618484e-03
1.360000000000000098e-01,0.000000000000000000e+00,2.214777773855630422e-03,2.798903803196323408e-03,2.207825097557877640e-03,2.806144072180668560e-03,1.000000000000000000e+00,1.000000000000000000e+00,7.930339655447320125e-04,1.322085621378140752e-03,9.424779368984267285e-04,9.839513569773047301e-05,8.737359155314010362e-02,1.674666150889195931e-02,2.637225169843199213e-01,5.464964469101538797e-02,7.944145920364341059e-04,1.324810808283532820e-03,1.239774369753664229e-04,5.202618005384054747e-04,2.434432117203792767e-02,4.245181362419647025e-03
1.365000000000000102e-01,0.000000000000000000e+00,2.215348164979035438e-03,2.799028897952198988e-03,2.208050646702776863e-03,2.806347700486696260e-03,1.000000000000000000e+00,1.000000000000000000e+00,7.934709104952209976e-04,1.322210716134016115e-03,8.738899009780109290e-04,2.501895117508435781e-04,8.781435184870699240e-02,1.618170226808913689e-02,2.667767967852208710e-01,4.862359384263692519e-02,7.944348993869684416e-04,1.325101655121624887e-03,-4.242631388596011452e-05,6.428769339392114649e-04,2.434432117203792767e-02,4.245181362419647025e-03
1.370000000000000107e-01,0.000000000000000000e+00,2.215914347086537280e-03,2.799129005077414210e-03,2.208276185415129766e-03,2.806553130800720774e-03,1.000000000000000000e+00,1.000000000000000000e+00,7.939046311524660185e-04,1.322310823259231771e-03,8.674413144900082993e-04,2.002142504313833039e-04,8.818496876781041494e-02,1.572780766107171116e-02,2.678375035817778804e-01,4.732805966086414684e-02,7.943809124281679809e-04,1.325444642173941902e-03,-1.732659156054483680e-04,7.288916182341931803e-04,2.434432117203792767e-02,4.245181362419647025e-03
1.375000000000000111e-01,0.000000000000000000e+00,2.216480065486235197e-03,2.799223949835305016e-03,2.208501763799399029e-03,2.806760361379109954e-03,1.000000000000000000e+00,1.000000000000000000e+00,7.943379965889247685e-04,1.322405768017122143e-03,8.667308729175553141e-04,1.898895157808872902e-04,8.849942442370889450e-02,1.535022283605324070e-02,2.687420989477151689e-01,4.624601202519680598e-02,7.942689732958770456e-04,1.325823301543248116e-03,-2.742905987338289595e-04,7.856216071881395218e-04,2.434432117203792767e-02,4.245181362419647025e-03
1.380000000000000115e-01,0.000000000000000000e+00,2.217052512154149557e-03,2.799313252918209267e-03,2.208727433769173965e-03,2.806969390223110639e-03,1.000000000000000000e+00,1.000000000000000000e+00,7.947765161778624649e-04,1.322495071100026611e-03,8.770391778753294050e-04,1.786061658087802976e-04,9.602148085753810236e-02,1.131661413775284647e-02,2.976905834533480899e-01,3.089977829461458894e-02,7.856614263812643868e-04,1.330337165077592884e-03,-1.446789167838120112e-03,1.351839204944681096e-03,2.466093802750408612e-02,4.091098780609142907e-03
1.385000000000000120e-01,0.000000000000000000e+00,2.217831175908911538e-03,2.799336532282498818e-03,2.208953249065213811e-03,2.807180215076619540e-03,1.000000000000000000e+00,1.000000000000000000e+00,7.953730072202559037e-04,1.322518350464315946e-03,1.192982084786882143e-03,4.655872857848124811e-05,9.499442565375787462e-02,1.168929821871759166e-02,2.873973634453610981e-01,3.575073566807502462e-02,7.850552550102605186e-04,1.330962120456637707e-03,-9.787804036595470353e-04,1.148353047363595645e-03,2.466093802750408612e-02,4.091098780609142907e-03
1.390000000000000124e-01,0.000000000000000000e+00,2.218745157700447151e-03,2.799384894826081969e-03,2.209179265273493627e-03,2.807392833423953682e-03,1.000000000000000000e+00,1.000000000000000000e+00,7.960731578927739485e-04,1.322566713007899313e-03,1.400301345036057948e-03,9.672508716683939967e-05,9.411320898892766573e-02,1.201138409244538116e-02,2.849284132903057709e-01,3.669856470705324530e-02,7.846621301011165017e-04,1.331491690192677718e-03,-5.944492054975455617e-04,9.702510434426061658e-04,2.466093802750408612e-02,4.091098780609142907e-03
1.395000000000000129e-01,0.000000000000000000e+00,2.219763277943141190e-03,2.799446656867229585e-03,2.209405539843245850e-03,2.807607242487613914e-03,1.000000000000000000e+00,1.000000000000000000e+00,7.968530832471163762e-04,1.322628475049047146e-03,1.559850708684844527e-03,1.235240822955577028e-04,9.335584213298286915e-02,1.230422411286692837e-02,2.827982980396513413e-01,3.756897175044783543e-02,7.844432316902232244e-04,1.331937710342359854e-03,-2.817421880311078014e-04,8.141152890129031488e-04,2.466093802750408612e-02,4.091098780609142907e-03
1.400000000000000133e-01,0.000000000000000000e+00,2.220861812488883220e-03,2.799520864393073398e-03,2.209632132105005323e-03,2.807823439226060126e-03,1.000000000000000000e+00,1.000000000000000000e+00,7.976946095314566085e-04,1.322702682574890525e-03,1.683052568680434326e-03,1.484150516867081035e-04,8.985525307633264458e-02,1.440174327348234772e-02,2.698952773003905903e-01,4.547253118945393524e-02,7.881818530350476497e-04,1.330985778700658449e-03,4.648258058980742763e-04,5.059742574080421107e-04,2.451795817718925227e-02,4.140732707683690561e-03
1.405000000000000138e-01,0.000000000000000000e+00,2.221944716461537669e-03,2.799637635504850786e-03,2.209859103288654755e-03,2.808041420331476058e-03,1.000000000000000000e+00,1.000000000000000000e+00,7.985241621021400881e-04,1.322819453686668130e-03,1.659105141366913746e-03,2.335422235550072370e-04,8.977547989952565366e-02,1.430011994525952693e-02,2.725649267258035136e-01,4.331291924444460872e-02,7.884130990888925427e-04,1.331236451941709715e-03,4.601587152980655786e-04,4.967271544530872315e-04,2.451795817718925227e-02,4.140732707683690561e-03
1.410000000000000142e-01,0.000000000000000000e+00,2.223014287448594160e-03,2.799766011684028718e-03,2.210086516541464544e-03,2.808261182227539746e-03,1.000000000000000000e+00,1.000000000000000000e+00,7.993435010132960566e-04,1.322947829865846062e-03,1.638677822311923908e-03,2.567523583558908168e-04,8.971313148661379244e-02,1.422721242689979973e-02,2.723833344920111865e-01,4.312351039545535974e-02,7.886404872061093980e-04,1.331480932371221365e-03,4.494059990459760984e-04,4.812153861231089702e-04,2.451795817718925227e-02,4.140732707683690561e-03
1.415000000000000147e-01,0.000000000000000000e+00,2.224070667677134801e-03,2.799896040753524756e-03,2.210314436946140843e-03,2.808482721067192232e-03,1.000000000000000000e+00,1.000000000000000000e+00,8.001527352171902349e-04,1.323077858935342100e-03,1.618468407788260051e-03,2.600581389921535302e-04,8.966589522445163329e-02,1.417492730226320614e-02,2.722456384417207831e-01,4.298368618858035978e-02,7.888613255517448178e-04,1.331716553224667398e-03,4.339689546616226114e-04,4.612977235683666795e-04,2.451795817718925227e-02,4.140732707683690561e-03
1.420000000000000151e-01,0.000000000000000000e+00,2.225113214127468712e-03,2.800024679547576979e-03,2.210542931538867113e-03,2.808706032730407150e-03,1.000000000000000000e+00,1.000000000000000000e+00,8.009513721321618327e-04,1.323206497729394106e-03,1.597273829943223053e-03,2.572775881040520398e-04,8.575657699774692777e-02,1.605050635350611932e-02,2.570956630567696188e-01,5.031159479514520777e-02,7.941388750892393582e-04,1.330553906743609177e-03,1.072339214942494203e-03,2.582593865576308977e-04,2.432819573875175459e-02,4.192714386227609953e-03
1.425000000000000155e-01,0.000000000000000000e+00,2.226036732698956008e-03,2.800183307525603866e-03,2.210772069327348720e-03,2.808931112821959862e-03,1.000000000000000000e+00,1.000000000000000000e+00,8.016588284019669384e-04,1.323365125707421210e-03,1.414912539610301695e-03,3.172559560541279660e-04,8.637906893305347111e-02,1.567535921482215294e-02,2.627830266204704834e-01,4.727159972721940023e-02,7.946002976621571994e-04,1.330705251310612246e-03,7.739119874768242251e-04,3.469412976097473091e-04,2.432819573875175459e-02,4.192714386227609953e-03
1.430000000000000160e-01,0.000000000000000000e+00,2.226869762671406308e-03,2.800332296086600545e-03,2.211001921308856661e-03,2.809157956669193143e-03,1.000000000000000000e+00,1.000000000000000000e+00,8.022969663833141689e-04,1.323514114268418106e-03,1.276275962694473076e-03,2.979771219936395250e-04,8.691787519392357719e-02,1.536815673809330089e-02,2.642929206314752477e-01,4.639297401457694731e-02,7.949252466891951500e-04,1.330894830741893679e-03,5.263516095353670474e-04,4.112446441012873426e-04,2.432819573875175459e-02,4.192714386227609953e-03
1.435000000000000164e-01,0.000000000000000000e+00,2.227632406133592258e-03,2.800462378801422611e-03,2.211232560488272155e-03,2.809386559319792826e-03,1.000000000000000000e+00,1.000000000000000000e+00,8.028811851696023884e-04,1.323644196983239955e-03,1.168437572576495800e-03,2.601654296437024786e-04,8.738302038482301248e-02,1.511480262924114887e-02,2.655995643812698037e-01,4.565989611422285877e-02,7.951374158452498503e-04,1.331111582113203616e-03,3.227116483554780778e-04,4.556665608386118501e-04,2.432819573875175459e-02,4.192714386227609953e-03
1.440000000000000169e-01,0.000000000000000000e+00,2.228340565499454650e-03,2.800575768705057533e-03,2.211464061896129506e-03,2.809616915539548711e-03,1.000000000000000000e+00,1.000000000000000000e+00,8.034236667166641315e-04,1.323757586886875094e-03,1.084963094123501514e-03,2.267798072703793738e-04,8.249813042843356925e-02,1.822370420604547264e-02,2.462003770277922388e-01,5.794004147753822193e-02,8.020434126945428241e-04,1.328593821588303775e-03,1.037472537205307369e-03,1.265911783262414769e-04,2.407396373729340025e-02,4.295837043377207475e-03
1.444999999999999896e-01,0.000000000000000000e+00,2.228866001541726736e-03,2.800732767459061367e-03,2.211696502606660692e-03,2.809849019810130213e-03,1.000000000000000000e+00,1.000000000000000000e+00,8.038261740770611405e-04,1.323914585640878711e-03,8.050147207940812691e-04,3.139975080073506997e-04,8.372610077239335535e-02,1.745844484695298349e-02,2.550359449057018613e-01,5.234034491493091273e-02,8.024339728243771184e-04,1.328709922724856341e-03,5.257449442519759528e-04,3.374004346492723728e-04,2.407396373729340025e-02,4.295837043377207475e-03
1.449999999999999900e-01,0.000000000000000000e+00,2.229303178278925230e-03,2.800840943966710107e-03,2.211929961755837795e-03,2.810082866326851173e-03,1.000000000000000000e+00,1.000000000000000000e+00,8.041610708872528419e-04,1.324022762148527451e-03,6.697936203834446104e-04,2.163530152976250579e-04,8.476984566028565593e-02,1.682712940928477591e-02,2.579912387337971458e-01,5.051240598996301762e-02,8.025936068251359216e-04,1.328918896718229515e-03,1.135837892518292563e-04,4.981760604280088649e-04,2.407396373729340025e-02,4.295837043377207475e-03
1.454999999999999905e-01,0.000000000000000000e+00,2.229703551768658955e-03,2.800928531140403632e-03,2.212164520559420627e-03,2.810318448996441607e-03,1.000000000000000000e+00,1.000000000000000000e+00,8.044677747742356609e-04,1.324110349322220759e-03,6.134077739656535605e-04,1.751743473865639052e-04,8.565717678140812030e-02,1.629297122642796997e-02,2.605254836330819779e-01,4.896444919989565575e-02,8.025683001673144298e-04,1.329197951967330113e-03,-2.141742731695869123e-04,6.178025556390041861e-04,2.407396373729340025e-02,4.295837043377207475e-03
1.459999999999999909e-01,0.000000000000000000e+00,2.230107186496109624e-03,2.801007879018425212e-03,2.212400262330995251e-03,2.810555761434814677e-03,1.000000000000000000e+00,1.000000000000000000e+00,8.047769769142491423e-04,1.324189697200242773e-03,6.184042800269961898e-04,1.586957560439059857e-04,8.834843700755828921e-02,1.511079200168406918e-02,2.702217918877866110e-01,4.482429543366830971e-02,8.004336751609642713e-04,1.330763086730413431e-03,-7.251728439796947812e-04,8.630288306676062648e-04,2.414751731380476371e-02,4.249572039891112187e-03
1.464999999999999913e-01,0.000000000000000000e+00,2.230582003606272016e-03,2.801071588122156474e-03,2.212637272500022918e-03,2.810794796964836278e-03,1.000000000000000000e+00,1.000000000000000000e+00,8.051407079229867033e-04,1.324253406303974034e-03,7.274620174752290634e-04,1.274182074626772107e-04,8.863824365366296254e-02,1.484507441860483633e-02,2.690901957789251231e-01,4.479210203218809278e-02,8.000572925012047493e-04,1.331198360701024621e-03,-7.802368579320948482e-04,8.780215467802145179e-04,2.414751731380476371e-02,4.249572039891112187e-03
1.469999999999999918e-01,0.000000000000000000e+00,2.231092167351224516e-03,2.801147367848973863e-03,2.212875638629880747e-03,2.811035548614094180e-03,1.000000000000000000e+00,1.000000000000000000e+00,8.055315160248884649e-04,1.324329186030791207e-03,7.816162038035617604e-04,1.515594536342911589e-04,8.888144517435872527e-02,1.462916843427225153e-02,2.698073306320916687e-01,4.418769677933067491e-02,7.996590988113939447e-04,1.331636926472015399e-03,-8.124604044703648449e-04,8.762284385041865754e-04,2.414751731380476371e-02,4.249572039891112187e-03
1.474999999999999922e-01,0.000000000000000000e+00,2.231631897842229362e-03,2.801220370071452314e-03,2.213115450435907197e-03,2.811278009112666738e-03,1.000000000000000000e+00,1.000000000000000000e+00,8.059449735683043778e-04,1.324402188253269658e-03,8.269150868318531295e-04,1.460044449567005878e-04,8.907953450179663391e-02,1.446254028916730237e-02,2.703857764543755038e-01,4.372320770713326171e-02,7.992495583288940003e-04,1.332071215127151112e-03,-8.256604671580815118e-04,8.609393999374501463e-04,2.414751731380476371e-02,4.249572039891112187e-03
1.479999999999999927e-01,0.000000000000000000e+00,2.232195260589946075e-03,2.801295103731889918e-03,2.213356799803444484e-03,2.811522170890892909e-03,1.000000000000000000e+00,1.000000000000000000e+00,8.063765344706530979e-04,1.324476921913707479e-03,8.631218046974714229e-04,1.494673208757700436e-04,8.878259044304225023e-02,1.885386913293891215e-02,2.690768301407414076e-01,6.092092365234465234e-02,7.997966601269662981e-04,1.328589856749088803e-03,-6.990053857881812875e-04,3.285992026734055674e-04,2.411157531819000180e-02,4.395881951825728398e-03
1.484999999999999931e-01,0.000000000000000000e+00,2.232767184776985464e-03,2.801446296319296762e-03,2.213599780805884914e-03,2.811768026077139226e-03,1.000000000000000000e+00,1.000000000000000000e+00,8.068146538160200863e-04,1.324628114501114106e-03,8.762386907338685351e-04,3.023851748131547957e-04,8.897078536327100717e-02,1.795576666708760885e-02,2.700660535711519872e-01,5.373033126061667331e-02,7.994429211133347295e-04,1.328812563764443077e-03,-7.159045503296796766e-04,5.617685631978721608e-04,2.411157531819000180e-02,4.395881951825728398e-03
1.489999999999999936e-01,0.000000000000000000e+00,2.233372841813464384e-03,2.801574111629484554e-03,2.213844489722712004e-03,2.812015566495570679e-03,1.000000000000000000e+00,1.000000000000000000e+00,8.072786140232504626e-04,1.324755929811301898e-03,9.279204144606703663e-04,2.556306203756961441e-04,8.911833636230374889e-02,1.721658755185009534e-02,2.704975421913285993e-01,5.161220969684626736e-02,7.990843989979834515e-04,1.329137184742387821e-03,-7.181659796572782521e-04,7.363647157787394336e-04,2.411157531819000180e-02,4.395881951825728398e-03
1.494999999999999940e-01,0.000000000000000000e+00,2.233998323823729176e-03,2.801697711414667755e-03,2.214091025057545944e-03,2.812264783663918997e-03,1.000000000000000000e+00,1.000000000000000000e+00,8.077577610414849157e-04,1.324879529596485099e-03,9.582940364689842422e-04,2.471995703664621523e-04,8.923698512388292259e-02,1.659625849631307659e-02,2.708436034701349193e-01,4.983153208163523112e-02,7.987275934712187268e-04,1.329537071445805428e-03,-7.090602901881374806e-04,8.629217200142589358e-04,2.411157531819000180e-02,4.395881951825728398e-03
1.499999999999999944e-01,0.000000000000000000e+00,2.234640604358539319e-03,2.801814573780371867e-03,2.214339487556188195e-03,2.812515668791251353e-03,1.000000000000000000e+00,1.000000000000000000e+00,8.082497764760994885e-04,1.324996391962189211e-03,9.840308692290434481e-04,2.337247314080326775e-04,8.534430433907413960e-02,2.264032504972815496e-02,2.556339819412869474e-01,7.383012728910014200e-02,8.036360033158206420e-04,1.324098549416200367e-03,-8.585965179488605492e-06,1.848569745497419649e-04,2.391457871228639537e-02,4.616601746396313370e-03
1.504999999999999949e-01,0.000000000000000000e+00,2.235188971175768209e-03,2.802036145474731590e-03,2.214589980224663038e-03,2.812768212775738647e-03,1.000000000000000000e+00,1.000000000000000000e+00,8.086698498292283974e-04,1.325217963656548934e-03,8.401467062578650731e-04,4.431433887195311279e-04,8.607697229704378006e-02,2.106336762205036905e-02,2.617492528787241368e-01,6.260922570148452770e-02,8.035666579884066232e-04,1.324301010974961775e-03,-2.682894218287417559e-04,6.241303031363889045e-04,2.391457871228639537e-02,4.616601746396313370e-03
1.509999999999999953e-01,0.000000000000000000e+00,2.235732596767663755e-03,2.802209996610394854e-03,2.214842608347263909e-03,2.813022406202426821e-03,1.000000000000000000e+00,1.000000000000000000e+00,8.090862911930373326e-04,1.325391814792212415e-03,8.328827276178745473e-04,3.477022713269959991e-04,8.668689493399996115e-02,1.975547521059503250e-02,2.634898503809590675e-01,5.884726938748754271e-02,8.033822245265755547e-04,1.324697273134053249e-03,-4.690483872725834807e-04,9.602519586601394094e-04,2.391457871228639537e-02,4.616601746396313370e-03
1.514999999999999958e-01,0.000000000000000000e+00,2.236267174515664188e-03,2.802360019199695487e-03,2.215097479504595391e-03,2.813278239341003399e-03,1.000000000000000000e+00,1.000000000000000000e+00,8.094958015063079661e-04,1.325541837381512831e-03,8.190206265411915975e-04,3.000451786006366989e-04,8.720335328428860389e-02,1.865355674157835944e-02,2.649698080223210628e-01,5.566994109727280843e-02,8.031096641130424296e-04,1.325240237316151421e-03,-6.208887019902853410e-04,1.211098114043569589e-03,2.391457871228639537e-02,4.616601746396313370e-03
1.519999999999999962e-01,0.000000000000000000e+00,2.236800021953132614e-03,2.802491043511635971e-03,2.215354703591618235e-03,2.813535702143567501e-03,1.000000000000000000e+00,1.000000000000000000e+00,8.099039863248109431e-04,1.325672861693453315e-03,8.163696370058895002e-04,2.620486238810468358e-04,8.239334588173709284e-02,1.959633314053836270e-02,2.458475131039849493e-01,6.026058965738107648e-02,8.095775422533762252e-04,1.324615661851618990e-03,1.516714054179200792e-04,1.224974223356291780e-03,2.365960294299030570e-02,4.664369211284317106e-03
1.524999999999999967e-01,0.000000000000000000e+00,2.237194733489720859e-03,2.802639914590660149e-03,2.215614392835693960e-03,2.813794784242398556e-03,1.000000000000000000e+00,1.000000000000000000e+00,8.102063529040496800e-04,1.325821732772477493e-03,6.047331584775138659e-04,2.977421580482312235e-04,8.362873531671786986e-02,1.848998874115939661e-02,2.546732228217634675e-01,5.516985849319251678e-02,8.095403451535960028e-04,1.325286016345258219e-03,-2.995838717698368417e-04,1.455970749675532597e-03,2.365960294299030570e-02,4.664369211284317106e-03
1.529999999999999971e-01,0.000000000000000000e+00,2.237565469073134021e-03,2.802732199600841984e-03,2.215876661814625975e-03,2.814055474947726315e-03,1.000000000000000000e+00,1.000000000000000000e+00,8.104903528375894143e-04,1.325914017782659328e-03,5.679998670794146913e-04,1.845700203637572331e-04,8.466478555096962344e-02,1.758405029127883129e-02,2.576287078589312718e-01,5.256187325844092345e-02,8.093024483748348982e-04,1.326053937719227568e-03,-6.513126071168631043e-04,1.615376799003510454e-03,2.365960294299030570e-02,4.664369211284317106e-03
1.534999999999999976e-01,0.000000000000000000e+00,2.237934961073712384e-03,2.802825290345509462e-03,2.216141627474706773e-03,2.814317763245497393e-03,1.000000000000000000e+00,1.000000000000000000e+00,8.107734001314096522e-04,1.326007108527326806e-03,5.660945876404910142e-04,1.861814893348122250e-04,8.553958040863601786e-02,1.683030858717115066e-02,2.601409746350025198e-01,5.040844534962143908e-02,8.089095269441326595e-04,1.326886952923550826e-03,-9.198378683350845637e-04,1.716456646598964794e-03,2.365960294299030570e-02,4.664369211284317106e-03
1.539999999999999980e-01,0.000000000000000000e+00,2.238328013716624557e-03,2.802905049189807242e-03,2.216409409148759058e-03,2.814581637795147886e-03,1.000000000000000000e+00,1.000000000000000000e+00,8.110744959243654370e-04,1.326086867371624369e-03,6.021915859116197534e-04,1.595176885950570572e-04,8.968250562973134610e-02,1.546963412512434091e-02,2.754972552765064253e-01,4.575946020687405441e-02,8.047377117821980994e-04,1.329056006087137639e-03,-1.593604997014280364e-03,1.937707053156909748e-03,2.379679906187851662e-02,4.615757983096806065e-03
1.544999999999999984e-01,0.000000000000000000e+00,2.238834657630046215e-03,2.802972621852867739e-03,2.216680128574182503e-03,2.814847086927368611e-03,1.000000000000000000e+00,1.000000000000000000e+00,8.114626076788823564e-04,1.326154440034685083e-03,7.762235090338129697e-04,1.351453261212355746e-04,8.969720515518880832e-02,1.508109488421900853e-02,2.720820267671495429e-01,4.540472230646625668e-02,8.039675888640006882e-04,1.330017924943500008e-03,-1.487064047327055216e-03,1.909985744269555169e-03,2.379679906187851662e-02,4.615757983096806065e-03
1.549999999999999989e-01,0.000000000000000000e+00,2.239391554937832096e-03,2.803054848969787835e-03,2.216953909910994447e-03,2.815114098641875555e-03,1.000000000000000000e+00,1.000000000000000000e+00,8.118892157668994563e-04,1.326236667151604962e-03,8.532161760342237217e-04,1.644542338399504900e-04,8.969922089358113582e-02,1.477822781077027872e-02,2.721057687077745868e-01,4.456899341687964311e-02,8.032507513774851150e-04,1.330959960976245892e-03,-1.380465395805684226e-03,1.858223101879237461e-03,2.379679906187851662e-02,4.615757983096806065e-03
1.554999999999999993e-01,0.000000000000000000e+00,2.239984503993756870e-03,2.803135020732252722e-03,2.217230879759876649e-03,2.815382660605180321e-03,1.000000000000000000e+00,1.000000000000000000e+00,8.123434410962437164e-04,1.326316838914070283e-03,9.084506586885859793e-04,1.603435249307960620e-04,8.968408350575524102e-02,1.455448124641596508e-02,2.720656780248041362e-01,4.395734584243547044e-02,8.025869825420658184e-04,1.331871498142584353e-03,-1.274789659843130786e-03,1.788027154726654858e-03,2.379679906187851662e-02,4.615757983096806065e-03
1.559999999999999998e-01,0.000000000000000000e+00,2.240602536105255633e-03,2.803216405938620259e-03,2.217511167180217287e-03,2.815652760148357105e-03,1.000000000000000000e+00,1.000000000000000000e+00,8.128168811609261853e-04,1.326398224120437386e-03,9.468801293648857614e-04,1.627704127340582631e-04,8.675293469889472364e-02,1.404284480921481545e-02,2.607092201107046314e-01,4.216205788644724478e-02,8.059987561953889032e-04,1.333661750974818013e-03,-6.492811643296924652e-04,1.823546301008648236e-03,2.364607467226304688e-02,4.581398810189029128e-03
1.565000000000000002e-01,0.000000000000000000e+00,2.241160812277319045e-03,2.803292068337646936e-03,2.217794903708154679e-03,2.815924384264811842e-03,1.000000000000000000e+00,1.000000000000000000e+00,8.132445455202612014e-04,1.326473886519464280e-03,8.553287186700351923e-04,1.513247980538883982e-04,8.718837638102550081e-02,1.396951176781151445e-02,2.648686893117991881e-01,4.231057530225620228e-02,8.056474365096922630e-04,1.334545693899421561e-03,-7.557779124841039128e-04,1.712407378435374175e-03,2.364607467226304688e-02,4.581398810189029128e-03
1.570000000000000007e-01,0.000000000000000000e+00,2.241685331629842716e-03,2.803360028888380803e-03,2.218082223374624046e-03,2.816197519608052216e-03,1.000000000000000000e+00,1.000000000000000000e+00,8.136463506555704529e-04,1.326541847070198147e-03,8.036102706185690699e-04,1.359211014676964702e-04,8.754637330107264970e-02,1.393630766377497790e-02,2.658681896865540129e-01,4.223958608393740821e-02,8.052515212953829373e-04,1.335373198748343680e-03,-8.277285434268497576e-04,1.597802847422308270e-03,2.364607467226304688e-02,4.581398810189029128e-03
1.575000000000000011e-01,0.000000000000000000e+00,2.242195156655316969e-03,2.803425012428474930e-03,2.218373262723397771e-03,2.816472152489455510e-03,1.000000000000000000e+00,1.000000000000000000e+00,8.140368992832975378e-04,1.326606830610292274e-03,7.810972554541414752e-04,1.299670801881861262e-04,8.783828309105205789e-02,1.393428223695251586e-02,2.666879379969890329e-01,4.225827258929373831e-02,8.048267053843323471e-04,1.336143170659121523e-03,-8.714343453963000266e-04,1.482279580566168899e-03,2.364607467226304688e-02,4.581398810189029128e-03
1.580000000000000016e-01,0.000000000000000000e+00,2.242702940010833125e-03,2.803489009255998466e-03,2.218668160829131292e-03,2.816748268876039050e-03,1.000000000000000000e+00,1.000000000000000000e+00,8.144258839010994717e-04,1.326670827437815810e-03,7.779692356038502227e-04,1.279936550472670991e-04,9.286860506354632783e-02,2.126436002506233366e-02,2.859736517311884385e-01,7.072693981839252297e-02,7.991080044723261350e-04,1.330273757989822690e-03,-1.577112248457792406e-03,5.137218124576655668e-04,2.384379664833722115e-02,4.827977335524471711e-03
1.585000000000000020e-01,0.000000000000000000e+00,2.243344919591050424e-03,2.803676404392409921e-03,2.218967059315406828e-03,2.817025854388227613e-03,1.000000000000000000e+00,1.000000000000000000e+00,8.149176687911207544e-04,1.326858222574227482e-03,9.835697800426497234e-04,3.747902728231510146e-04,9.222123506588993103e-02,2.002008841762509261e-02,2.792413046605365934e-01,5.971151277239966637e-02,7.984056001658293303e-04,1.330610277199892029e-03,-1.233145037329350276e-03,8.317260223596995667e-04,2.384379664833722115e-02,4.827977335524471711e-03
1.590000000000000024e-01,0.000000000000000000e+00,2.244101127978644257e-03,2.803854887280263740e-03,2.219270102372776672e-03,2.817304894297623877e-03,1.000000000000000000e+00,1.000000000000000000e+00,8.154969580242769607e-04,1.327036705462081084e-03,1.158578466312448459e-03,3.569657757071093267e-04,9.165355311955310225e-02,1.899614888003322427e-02,2.776539503973763923e-01,5.679169867624126594e-02,7.978618451517499859e-04,1.331085486101789544e-03,-9.424178956664551465e-04,1.068632504968955888e-03,2.384379664833722115e-02,4.827977335524471711e-03
1.595000000000000029e-01,0.000000000000000000e+00,2.244930252109348170e-03,2.804038497211778710e-03,2.219577436776807786e-03,2.817585373524774534e-03,1.000000000000000000e+00,1.000000000000000000e+00,8.161321039572581783e-04,1.327220315393595838e-03,1.270291865962488997e-03,3.672198630294575862e-04,9.116114286411129697e-02,1.813984692996249010e-02,2.762675009009787908e-01,5.434329630634139596e-02,7.974517883715936126e-04,1.331662493507927182e-03,-6.982668902175540905e-04,1.239045056689380437e-03,2.384379664833722115e-02,4.827977335524471711e-03
1.600000000000000033e-01,0.000000000000000000e+00,2.245810616845786683e-03,2.804221098207636872e-03,2.219889211906125523e-03,2.817867276636944196e-03,1.000000000000000000e+00,1.000000000000000000e+00,8.168065024715249990e-04,1.327402916389454216e-03,1.348797028533619364e-03,3.652019917168170676e-04,8.146994880600270938e-02,1.975626151207015083e-02,2.390795671391534871e-01,6.135128501589772604e-02,8.090515785943552373e-04,1.330614073430123672e-03,1.049452174313313547e-03,1.133954621309584028e-03,2.339806416551008100e-02,4.891544023669609081e-03
1.605000000000000038e-01,0.000000000000000000e+00,2.246474948224550135e-03,2.804438560542458613e-03,2.220205579760456925e-03,2.818150587845878914e-03,1.000000000000000000e+00,1.000000000000000000e+00,8.173154098326160764e-04,1.327620378724275957e-03,1.017814722182167064e-03,4.349246696435048708e-04,8.257960933685871974e-02,1.876164447723709106e-02,2.515397452938002432e-01,5.612965122712500199e-02,8.094525091166421835e-04,1.331233110523545203e-03,5.552125935026470081e-04,1.341767619558704256e-03,2.339806416551008100e-02,4.891544023669609081e-03
1.610000000000000042e-01,0.000000000000000000e+00,2.246999552818958537e-03,2.804604250052590217e-03,2.220526694978674880e-03,2.818435291005578786e-03,1.000000000000000000e+00,1.000000000000000000e+00,8.177172802669974670e-04,1.327786068234407561e-03,8.037408687627310786e-04,3.313790202630819293e-04,8.360204623706746219e-02,1.793862088381483269e-02,2.544841330116414113e-01,5.375119995543694434e-02,8.096289445917948186e-04,1.331939932241220500e-03,1.513054065513880567e-04,1.485214541531256361e-03,2.339806416551008100e-02,4.891544023669609081e-03
1.615000000000000047e-01,0.000000000000000000e+00,2.247434554462681908e-03,2.804719060927367107e-03,2.220852714856842713e-03,2.818721369610066238e-03,1.000000000000000000e+00,1.000000000000000000e+00,8.180505108589195820e-04,1.327900879109184668e-03,6.664611838442245943e-04,2.296217495541102971e-04,8.447134372034952043e-02,1.726210491871090977e-02,2.569366271246403266e-01,5.179579042345695827e-02,8.096241341551333988e-04,1.332705208773963179e-03,-1.699244320103980577e-04,1.575687333979351647e-03,2.339806416551008100e-02,4.891544023669609081e-03
1.620000000000000051e-01,0.000000000000000000e+00,2.247826333059086031e-03,2.804810896415173456e-03,2.221183799366257920e-03,2.819008806791152566e-03,1.000000000000000000e+00,1.000000000000000000e+00,8.183506306756279563e-04,1.327992714596990800e-03,6.002396334166586666e-04,1.836709756120786542e-04,8.026030893608503136e-02,2.027123922816550725e-02,2.398158334855925167e-01,6.404592737301333105e-02,8.160921779915013448e-04,1.330612953736818585e-03,4.374105324159507924e-04,1.247631086243028691e-03,2.315021057104446611e-02,4.999885044470973698e-03
1.625000000000000056e-01,0.000000000000000000e+00,2.248081043598786771e-03,2.804953258596556715e-03,2.221520111171494585e-03,2.819297585316212287e-03,1.000000000000000000e+00,1.000000000000000000e+00,8.185457502691693326e-04,1.328135076778374059e-03,3.902391870828534563e-04,2.847243627665417749e-04,8.169665795857565527e-02,1.918226050492814749e-02,2.489112876119446149e-01,5.727834733410538948e-02,8.161743169253674827e-04,1.331292593975727523e-03,-1.078012873717230230e-04,1.470472321804400196e-03,2.315021057104446611e-02,4.999885044470973698e-03
1.630000000000000060e-01,0.000000000000000000e+00,2.248391631723814510e-03,2.805020086243526292e-03,2.221861815648449711e-03,2.819587687585952719e-03,1.000000000000000000e+00,1.000000000000000000e+00,8.187836745764457119e-04,1.328201904425343853e-03,4.758486145527256726e-04,1.336552939395286622e-04,8.289607642543386778e-02,1.829969736438123717e-02,2.523749146100949803e-01,5.473491064516684823e-02,8.160128855398098490e-04,1.332066016948813035e-03,-5.370862054714358597e-04,1.622894949215898750e-03,2.315021057104446611e-02,4.999885044470973698e-03
1.635000000000000064e-01,0.000000000000000000e+00,2.248698485629417251e-03,2.805129137805179550e-03,2.222209080897332399e-03,2.819879095632239503e-03,1.000000000000000000e+00,1.000000000000000000e+00,8.190187383056819152e-04,1.328310955986996894e-03,4.701274584724620688e-04,2.181031233061985939e-04,8.392521838914843157e-02,1.755644014440966433e-02,2.553457415235397265e-01,5.262718412687322767e-02,8.156609952453701190e-04,1.332901425901671186e-03,-8.698168463053580768e-04,1.718523963711278760e-03,2.315021057104446611e-02,4.999885044470973698e-03
1.640000000000000069e-01,0.000000000000000000e+00,2.249046997199715368e-03,2.805199112401305685e-03,2.222562077675543923e-03,2.820171791117276078e-03,1.000000000000000000e+00,1.000000000000000000e+00,8.192857136574713348e-04,1.328380930583123246e-03,5.339507035788827044e-04,1.399491922526777512e-04,8.221576528126961492e-02,2.490883172293358733e-02,2.478518621976935898e-01,8.179233666109171630e-02,8.189480652755546080e-04,1.326594371939518848e-03,-6.289610282466362966e-04,8.351827886097016977e-04,2.300842478340565586e-02,5.268810325927372404e-03
1.645000000000000073e-01,0.000000000000000000e+00,2.249338476583010501e-03,2.805423217856595208e-03,2.222920979183795435e-03,2.820465755335051748e-03,1.000000000000000000e+00,1.000000000000000000e+00,8.195089998193283909e-04,1.328605036038412769e-03,4.465723237141135181e-04,4.482109105791006669e-04,8.335711884317037468e-02,2.302797718612991859e-02,2.537114828560786961e-01,6.830409334662126963e-02,8.185424664934720087e-04,1.327131672390763784e-03,-9.927138238744036974e-04,1.313072567024085435e-03,2.300842478340565586e-02,5.268810325927372404e-03
1.650000000000000078e-01,0.000000000000000000e+00,2.249731309425202948e-03,2.805544016527116574e-03,2.223285960810950958e-03,2.820760969213505307e-03,1.000000000000000000e+00,1.000000000000000000e+00,8.198099272351646368e-04,1.328725834708933918e-03,6.018548316725137086e-04,2.415973410421733136e-04,8.429720716636412980e-02,2.148969768521371421e-02,2.564455416507097629e-01,6.387334840197955721e-02,8.179778883403511546e-04,1.327877219810282700e-03,-1.265049669362914783e-03,1.668400315586128632e-03,2.300842478340565586e-02,5.268810325927372404e-03
1.655000000000000082e-01,0.000000000000000000e+00,2.250105682366200510e-03,2.805695133101904909e-03,2.223657199877978729e-03,2.821057413316685643e-03,1.000000000000000000e+00,1.000000000000000000e+00,8.200967135462697895e-04,1.328876951283722253e-03,5.735726222102983159e-04,3.022331495767895441e-04,8.510317972100056583e-02,2.018596308150017934e-02,2.587626940887261529e-01,6.014150856579510845e-02,8.172959354341517973e-04,1.328775410346203769e-03,-1.462353811016744651e-03,1.923832859797808140e-03,2.300842478340565586e-02,5.268810325927372404e-03
1.660000000000000087e-01,0.000000000000000000e+00,2.250510802488422338e-03,2.805809212087954224e-03,2.224034875381903850e-03,2.821355067846910165e-03,1.000000000000000000e+00,1.000000000000000000e+00,8.204070535646936901e-04,1.328991030269771568e-03,6.206800368476980429e-04,2.281579720985022982e-04,8.838214981510568446e-02,1.995995082420436509e-02,2.708264875723593867e-01,6.035439999115406462e-02,8.140753395592284329e-04,1.329574142675731506e-03,-1.914402325202528479e-03,2.068330349577250996e-03,2.310043478095691327e-02,5.276530987835257799e-03
1.665000000000000091e-01,0.000000000000000000e+00,2.250996367365332932e-03,2.805939905843893301e-03,2.224419167739758764e-03,2.821653912646929739e-03,1.000000000000000000e+00,1.000000000000000000e+00,8.207790178404246635e-04,1.329121724025710645e-03,7.439285514619313868e-04,2.613875118780875206e-04,8.845887871668414726e-02,1.890695887059010843e-02,2.683709111906739109e-01,5.646787832785560290e-02,8.131455718209006697e-04,1.330646947541433986e-03,-1.804845810700715560e-03,2.222549696044942048e-03,2.310043478095691327e-02,5.276530987835257799e-03
1.670000000000000095e-01,0.000000000000000000e+00,2.251525461744876156e-03,2.806066446366274093e-03,2.224810258532538068e-03,2.821953927202094925e-03,1.000000000000000000e+00,1.000000000000000000e+00,8.211843276497592971e-04,1.329248264548091654e-03,8.106196186692299398e-04,2.530810447621685251e-04,8.850537915417418244e-02,1.805111687215009073e-02,2.685106563797810542e-01,5.404047551556166729e-02,8.122717832638637510e-04,1.331779961557757845e-03,-1.690497002934627374e-03,2.309295439713165022e-03,2.310043478095691327e-02,5.276530987835257799e-03
1.675000000000000100e-01,0.000000000000000000e+00,2.252079440899072173e-03,2.806188800604058568e-03,2.225208330249147694e-03,2.822255090642506598e-03,1.000000000000000000e+00,1.000000000000000000e+00,8.216087003024350041e-04,1.329370618785875912e-03,8.487453053513362633e-04,2.447084755686116742e-04,8.852456713344977746e-02,1.736123912908978453e-02,2.685595743274242775e-01,5.208930250242885945e-02,8.114557751238677492e-04,1.332942709575168742e-03,-1.573731010572228944e-03,2.341590102237169416e-03,2.310043478095691327e-02,5.276530987835257799e-03
1.680000000000000104e-01,0.000000000000000000e+00,2.252648540299209343e-03,2.806305121762817968e-03,2.225613566030356250e-03,2.822557381745190424e-03,1.000000000000000000e+00,1.000000000000000000e+00,8.220446557354925627e-04,1.329486939944635529e-03,8.719108661150379172e-04,2.326423175193142534e-04,8.318920795263218260e-02,1.635009537462753584e-02,2.478310351484641072e-01,4.874765237524057715e-02,8.179382519620612829e-04,1.335190830764165565e-03,-5.171941078485485684e-04,2.470532618147752713e-03,2.282920003513336585e-02,5.236066045175413047e-03
1.685000000000000109e-01,0.000000000000000000e+00,2.253082045940082035e-03,2.806408005642062591e-03,2.226026149412748539e-03,2.822860778936248788e-03,1.000000000000000000e+00,1.000000000000000000e+00,8.223767403227435265e-04,1.329589823823879935e-03,6.641691745020309248e-04,2.057677584889455443e-04,8.404546801565776493e-02,1.597459983612809289e-02,2.556342469232982251e-01,4.814443800287804276e-02,8.176133639571658580e-04,1.336408521254292200e-03,-7.818327675911561012e-04,2.400319397342887909e-03,2.282920003513336585e-02,5.236066045175413047e-03
1.690000000000000113e-01,0.000000000000000000e+00,2.253456792160405883e-03,2.806481669105722644e-03,2.226446264072679503e-03,2.823165260293033531e-03,1.000000000000000000e+00,1.000000000000000000e+00,8.226638125824023602e-04,1.329663487287540205e-03,5.741445193175852019e-04,1.473269273204307083e-04,8.475542543412951935e-02,1.569774444232412483e-02,2.576272457003176974e-01,4.737217779379621074e-02,8.171733114896987575e-04,1.337585395018277929e-03,-9.779803408576778420e-04,2.307311432005115532e-03,2.282920003513336585e-02,5.236066045175413047e-03
1.695000000000000118e-01,0.000000000000000000e+00,2.253822192852783166e-03,2.806552704692312668e-03,2.226874093570220363e-03,2.823470803546296141e-03,1.000000000000000000e+00,1.000000000000000000e+00,8.229437257523099453e-04,1.329734522874130012e-03,5.598263398151372139e-04,1.420711731796399152e-04,8.534204873659277657e-02,1.549659875591529769e-02,2.592941358598549462e-01,4.682575449890173658e-02,8.166493510036821951e-04,1.338711658740766169e-03,-1.117571276900752256e-03,2.197912908637228175e-03,2.282920003513336585e-02,5.236066045175413047e-03
1.700000000000000122e-01,0.000000000000000000e+00,2.254200622095158847e-03,2.806620278220729563e-03,2.227309821093115608e-03,2.823777386082358329e-03,1.000000000000000000e+00,1.000000000000000000e+00,8.232336193705453407e-04,1.329802096402546907e-03,5.797872364708869363e-04,1.351470568337822674e-04,8.151884447616494778e-02,1.844511703452680201e-02,2.439527110609897576e-01,5.844642355644090459e-02,8.221255799230374819e-04,1.337389352082276987e-03,-4.245150126157910993e-04,1.766771065836329757e-03,2.260223527551723927e-02,5.325640373955544023e-03
1.705000000000000127e-01,0.000000000000000000e+00,2.254477930623657519e-03,2.806741295906639653e-03,2.227753629200733033e-03,2.824084984945273054e-03,1.000000000000000000e+00,1.000000000000000000e+00,8.234460500278317340e-04,1.329923114088456997e-03,4.248613145728206020e-04,2.420353718203257587e-04,8.261818343096562212e-02,1.780505867608484644e-02,2.514286164394992085e-01,5.347579982722631270e-02,8.218228115090687579e-04,1.338286453089616987e-03,-7.858469446830485677e-04,1.821493011018778755e-03,2.260223527551723927e-02,5.325640373955544023e-03
1.710000000000000131e-01,0.000000000000000000e+00,2.254798424886322004e-03,2.806801644047095430e-03,2.228205699568015959e-03,2.824393576838981658e-03,1.000000000000000000e+00,1.000000000000000000e+00,8.236915628767973487e-04,1.329983462228912557e-03,4.910256979312190798e-04,1.206962809111060875e-04,8.352681223192016946e-02,1.730898602632485045e-02,2.540434190187842445e-01,5.205908559387265738e-02,8.213614581925116542e-04,1.339200741655583544e-03,-1.059019481738379242e-03,1.835599363322977214e-03,2.260223527551723927e-02,5.325640373955544023e-03
1.715000000000000135e-01,0.000000000000000000e+00,2.255119973455285004e-03,2.806899556914878649e-03,2.228666212729432834e-03,2.824703138129482267e-03,1.000000000000000000e+00,1.000000000000000000e+00,8.239378833712442726e-04,1.330081375096696210e-03,4.926409888937678975e-04,1.958257355674567195e-04,8.429683510191716966e-02,1.690170312958030538e-02,2.562588630555497904e-01,5.092343234100187022e-02,8.207817070192695470e-04,1.340114268431345399e-03,-1.259574628678272919e-03,1.818506342981596365e-03,2.260223527551723927e-02,5.325640373955544023e-03
1.720000000000000140e-01,0.000000000000000000e+00,2.255473479674025353e-03,2.806967725452912642e-03,2.229135347822933794e-03,2.825013644846986489e-03,1.000000000000000000e+00,1.000000000000000000e+00,8.242086848457179978e-04,1.330149543634730203e-03,5.416029489474658227e-04,1.363370760679709522e-04,8.652353169613716255e-02,1.997599453403186079e-02,2.642673580842979097e-01,6.319270816158262249e-02,8.190896328948137637e-04,1.338335866405083703e-03,-1.532221363782971905e-03,1.428717011664125316e-03,2.264072423481215332e-02,5.425930909157587571e-03
1.725000000000000144e-01,0.000000000000000000e+00,2.255880706177451622e-03,2.807110424383432289e-03,2.229613282333900263e-03,2.825325072688087379e-03,1.000000000000000000e+00,1.000000000000000000e+00,8.245206384457585275e-04,1.330292242565249633e-03,6.239072000810714363e-04,2.853978610386633885e-04,8.674972732564716071e-02,1.912662754470052101e-02,2.632754079676943859e-01,5.731452925161719530e-02,8.183306739568394807e-04,1.339085070029453865e-03,-1.503641094739394720e-03,1.567799632524124803e-03,2.264072423481215332e-02,5.425930909157587571e-03
1.730000000000000149e-01,0.000000000000000000e+00,2.256334396850204638e-03,2.807218088301653963e-03,2.230100191839093707e-03,2.825637397017914838e-03,1.000000000000000000e+00,1.000000000000000000e+00,8.248681856645159651e-04,1.330399906483471307e-03,6.950944375149769889e-04,2.153278364434585163e-04,8.692391686445123666e-02,1.844748987537919022e-02,2.637851225383320841e-01,5.538096563141764461e-02,8.175902887882390739e-04,1.339890146516634810e-03,-1.457960129138452000e-03,1.652312107691815499e-03,2.264072423481215332e-02,5.425930909157587571e-03
1.735000000000000153e-01,0.000000000000000000e+00,2.256797003453108515e-03,2.807335791953438804e-03,2.230596249750612173e-03,2.825950592872302283e-03,1.000000000000000000e+00,1.000000000000000000e+00,8.252225628820206377e-04,1.330517610135256365e-03,7.087544350092919590e-04,2.354073035702898412e-04,8.705854562274344122e-02,1.788968076086426898e-02,2.641643259019315626e-01,5.380042228836540846e-02,8.168759828940263699e-04,1.340726616130909080e-03,-1.399350039223370805e-03,1.693455004228901477e-03,2.264072423481215332e-02,5.425930909157587571e-03
1.740000000000000158e-01,0.000000000000000000e+00,2.257271037248053096e-03,2.807443064680274769e-03,2.231101627059839908e-03,2.826264634959948542e-03,1.000000000000000000e+00,1.000000000000000000e+00,8.255856938364885796e-04,1.330624882862091896e-03,7.262619089359153212e-04,2.145454536709667196e-04,8.600540339366508080e-02,3.002502559198340013e-02,2.599658239706903462e-01,1.013998786396778651e-01,8.186655852190489980e-04,1.328855109920342023e-03,-1.010194004665755478e-03,4.873444837062961693e-05,2.254810918436298342e-02,5.902451669681504226e-03
1.745000000000000162e-01,0.000000000000000000e+00,2.257718671922013393e-03,2.807759777369332049e-03,2.231616492081401736e-03,2.826579497664578888e-03,1.000000000000000000e+00,1.000000000000000000e+00,8.259286018910233203e-04,1.330941595551149610e-03,6.858161090694077019e-04,6.334253781156202632e-04,8.613420415907060979e-02,2.856928651182711471e-02,2.613501165238100721e-01,8.551292340259418479e-02,8.181595954757667297e-04,1.329058051475139404e-03,-1.013738976653175573e-03,7.616424946697264962e-04,2.254810918436298342e-02,5.902451669681504226e-03
1.750000000000000167e-01,0.000000000000000000e+00,2.258267864975821437e-03,2.808041127130359894e-03,2.232141010197108335e-03,2.826895155047103904e-03,1.000000000000000000e+00,1.000000000000000000e+00,8.263493081780925141e-04,1.331222945312177238e-03,8.414125741384576290e-04,5.626995220554074223e-04,8.630866826247346468e-02,2.626664310547118658e-02,2.619752431226296530e-01,7.779165332080019424e-02,8.176543341882943489e-04,1.329592703021260664e-03,-1.007299558578148707e-03,1.375753345842706645e-03,2.254810918436298342e-02,5.902451669681504226e-03
1.755000000000000171e-01,0.000000000000000000e+00,2.258847337219735234e-03,2.808310226891438423e-03,2.232675343599916686e-03,2.827211580847787016e-03,1.000000000000000000e+00,1.000000000000000000e+00,8.267932096704844625e-04,1.331492045073255984e-03,8.878029847839653474e-04,5.381995221576070304e-04,8.645533542465907995e-02,2.432473461414480509e-02,2.624130646332154537e-01,7.220823998124183130e-02,8.171556373752285156e-04,1.330396750497126433e-03,-9.875072049244249667e-04,1.839507422535114310e-03,2.254810918436298342e-02,5.902451669681504226e-03
1.759999999999999898e-01,0.000000000000000000e+00,2.259441711945429747e-03,2.808553788787409179e-03,2.233219651037876650e-03,2.827528748488405963e-03,1.000000000000000000e+00,1.000000000000000000e+00,8.272485271262326832e-04,1.331735606969226523e-03,9.106349114964706502e-04,4.871237919412138920e-04,8.559162467554889964e-02,2.301665978905690496e-02,2.589419418094546232e-01,6.877047562705634887e-02,8.188958675112667463e-04,1.331739070396846308e-03,-6.677567195868972655e-04,2.220871022333178839e-03,2.246470645548653486e-02,5.889788438477488661e-03
1.764999999999999902e-01,0.000000000000000000e+00,2.260009049139025637e-03,2.808775552480581583e-03,2.233774087558083182e-03,2.827846631074409055e-03,1.000000000000000000e+00,1.000000000000000000e+00,8.276831326307617981e-04,1.331957370662398927e-03,8.692110090582574498e-04,4.435273863446166556e-04,8.580679850282482701e-02,2.158977095893791290e-02,2.604996062817120372e-01,6.433245102236355428e-02,8.185551979370390453e-04,1.332912966232444865e-03,-6.948561847641629430e-04,2.474177053823925932e-03,2.246470645548653486e-02,5.889788438477488661e-03
1.769999999999999907e-01,0.000000000000000000e+00,2.260554214795386027e-03,2.808963040521544711e-03,2.234338804250630712e-03,2.828165201397084445e-03,1.000000000000000000e+00,1.000000000000000000e+00,8.281007537523961274e-04,1.332144858703362056e-03,8.352422432686585100e-04,3.749760819262730124e-04,8.598036809222721344e-02,2.041804782401123591e-02,2.609774490078617948e-01,6.097931746413411125e-02,8.182051897172966859e-04,1.334190500543118527e-03,-7.051435304085795601e-04,2.635599076122114442e-03,2.246470645548653486e-02,5.889788438477488661e-03
1.774999999999999911e-01,0.000000000000000000e+00,2.261073988444608444e-03,2.809123452750283186e-03,2.234913947992563620e-03,2.828484431935718996e-03,1.000000000000000000e+00,1.000000000000000000e+00,8.284989234680624308e-04,1.332305270932100530e-03,7.963394313326891500e-04,3.208244574769502462e-04,8.611938052473327998e-02,1.946321750530196487e-02,2.613547753919532868e-01,5.825503210751416250e-02,8.178534053180709943e-04,1.335529964569912671e-03,-7.019868898505911455e-04,2.722038892513658874e-03,2.246470645548653486e-02,5.889788438477488661e-03
1.779999999999999916e-01,0.000000000000000000e+00,2.261570179311648936e-03,2.809262663088565263e-03,2.235499661191827150e-03,2.828804294859760607e-03,1.000000000000000000e+00,1.000000000000000000e+00,8.288790277244853901e-04,1.332444481270382607e-03,7.602085128459462214e-04,2.784206765640531342e-04,8.562381901542202856e-02,2.004135244808500846e-02,2.592981568940517234e-01,6.130264700186756344e-02,8.193526181480883510e-04,1.336224302144081678e-03,-4.485414623436067595e-04,2.660482915644335998e-03,2.239552122590889038e-02,5.915007018549180325e-03
1.784999999999999920e-01,0.000000000000000000e+00,2.262030713971922759e-03,2.809408742116822205e-03,2.236096081531220060e-03,2.829124762030978818e-03,1.000000000000000000e+00,1.000000000000000000e+00,8.292318177418517072e-04,1.332590560298639766e-03,7.055800347326933149e-04,2.921580565141934345e-04,8.576839664605934166e-02,1.917086438139607718e-02,2.602624939788280578e-01,5.743257178996031415e-02,8.191240132261856221e-04,1.337569244121684714e-03,-4.658360693997479554e-04,2.719120529531216836e-03,2.239552122590889038e-02,5.915007018549180325e-03
1.789999999999999925e-01,0.000000000000000000e+00,2.262479828021669859e-03,2.809530068739832590e-03,2.236703341712348130e-03,2.829445805005630608e-03,1.000000000000000000e+00,1.000000000000000000e+00,8.295758590639868693e-04,1.332711886921650150e-03,6.880826442703776242e-04,2.426532460207719605e-04,8.588180523226010554e-02,1.848046445912943786e-02,2.605730459534938426e-01,5.547949076431950288e-02,8.188895878044758284e-04,1.338929707731353110e-03,-4.718451128914854728e-04,2.722675606597182128e-03,2.239552122590889038e-02,5.915007018549180325e-03
1.794999999999999929e-01,0.000000000000000000e+00,2.262916526709631438e-03,2.809643046627014872e-03,2.237321569199572906e-03,2.829767395036617093e-03,1.000000000000000000e+00,1.000000000000000000e+00,8.299103896672173309e-04,1.332824864808832216e-03,6.690612064608376670e-04,2.259557743641764198e-04,8.597234647085283399e-02,1.793574529196030609e-02,2.608208332991601708e-01,5.394832681447884332e-02,8.186543564001176826e-04,1.340281114281099365e-03,-4.690769795935557061e-04,2.682976458261322663e-03,2.239552122590889038e-02,5.915007018549180325e-03
1.799999999999999933e-01,0.000000000000000000e+00,2.263347069074347125e-03,2.809746620239194324e-03,2.237950885963965655e-03,2.830089503075651925e-03,1.000000000000000000e+00,1.000000000000000000e+00,8.302402042532350864e-04,1.332928438421011885e-03,6.596291720355352411e-04,2.071472243593554491e-04,8.040696629065746670e-02,2.097643566899635992e-02,2.391260088824026797e-01,6.621667824899737931e-02,8.264461107160264025e-04,1.338860799577217681e-03,5.818127450509602908e-04,2.253588658302539162e-03,2.209492141232105578e-02,6.017784769131145038e-03
1.804999999999999938e-01,0.000000000000000000e+00,2.263621513478658847e-03,2.809903242444589458e-03,2.238591408227259133e-03,2.830412099775417127e-03,1.000000000000000000e+00,1.000000000000000000e+00,8.304504408641031916e-04,1.333085060626406585e-03,4.204732217361271647e-04,3.132444107895074022e-04,8.137562680512053226e-02,2.003745681637627424e-02,2.475504927156577106e-01,6.000622702358408833e-02,8.266404477098661559e-04,1.340014163880031773e-03,1.962750533893741801e-04,2.359619480125092761e-03,2.209492141232105578e-02,6.017784769131145038e-03
1.809999999999999942e-01,0.000000000000000000e+00,2.263924341276713111e-03,2.809983200438365830e-03,2.239243246205799807e-03,2.830735155491731058e-03,1.000000000000000000e+00,1.000000000000000000e+00,8.306824204160248148e-04,1.333165018620182957e-03,4.639591038432399500e-04,1.599159875526414993e-04,8.217973600733831374e-02,1.929830998745802467e-02,2.498625481086274580e-01,5.789104145975200455e-02,8.266616412083901142e-04,1.341205553357418308e-03,-1.109065461246633126e-04,2.405803901168521511e-03,2.209492141232105578e-02,6.017784769131145038e-03
1.814999999999999947e-01,0.000000000000000000e+00,2.264214093175354221e-03,2.810098566355570104e-03,2.239906503854497462e-03,2.831058640285705977e-03,1.000000000000000000e+00,1.000000000000000000e+00,8.309043832478617622e-04,1.333280384537387448e-03,4.439256636738427323e-04,2.307318344090943606e-04,8.287332469971336879e-02,1.869133993181163259e-02,2.518623691049396429e-01,5.618607528671541729e-02,8.265455059434783378e-04,1.342408327307190912e-03,-3.531606392983958377e-04,2.405247522525711616e-03,2.209492141232105578e-02,6.017784769131145038e-03
1.819999999999999951e-01,0.000000000000000000e+00,2.264536290509659884e-03,2.810179585513462256e-03,2.240581278610780450e-03,2.831382523925911679e-03,1.000000000000000000e+00,1.000000000000000000e+00,8.311512007253945558e-04,1.333361403695279600e-03,4.936349550655800720e-04,1.620383157843266486e-04,8.902752398762682484e-02,1.799139537371790068e-02,2.751894756208236315e-01,5.396519452789072524e-02,8.208299277072651995e-04,1.344480665230169238e-03,-1.252333372507318399e-03,2.480812108126152771e-03,2.230068005133986619e-02,5.984841221859847626e-03
1.824999999999999956e-01,0.000000000000000000e+00,2.265010747932824642e-03,2.810275720671474853e-03,2.241267661138545732e-03,2.831706775890539124e-03,1.000000000000000000e+00,1.000000000000000000e+00,8.315146561979065536e-04,1.333457538853292414e-03,7.269109450240111847e-04,1.922703160256232599e-04,8.852882053730175282e-02,1.763789831666883259e-02,2.680853202344505859e-01,5.319894824048071458e-02,8.202701744608742462e-04,1.345701388150394567e-03,-9.871723383553408435e-04,2.402185817584526380e-03,2.230068005133986619e-02,5.984841221859847626e-03
1.829999999999999960e-01,0.000000000000000000e+00,2.265522230816576204e-03,2.810386911304836501e-03,2.241965735072109361e-03,2.832031365369558872e-03,1.000000000000000000e+00,1.000000000000000000e+00,8.319064748187547220e-04,1.333568729486653845e-03,7.836372416962618598e-04,2.223812667227537576e-04,8.810602344402915231e-02,1.737766627916841056e-02,2.668900133121746565e-01,5.249912668052051506e-02,8.198327301191176645e-04,1.346877454529663704e-03,-7.630228961564996214e-04,2.302228970254781813e-03,2.230068005133986619e-02,5.984841221859847626e-03
1.834999999999999964e-01,0.000000000000000000e+00,2.266047862699556090e-03,2.810496765262993600e-03,2.242675576760161729e-03,2.832356261266888615e-03,1.000000000000000000e+00,1.000000000000000000e+00,8.323091322018376283e-04,1.333678583444810944e-03,8.053147661658169960e-04,2.197079163144141591e-04,8.773680351997595328e-02,1.719771044942200455e-02,2.658250271821657740e-01,5.202158432113367093e-02,8.194986521004814619e-04,1.347999715435121201e-03,-5.736435681130839029e-04,2.186995561468018517e-03,2.230068005133986619e-02,5.984841221859847626e-03
1.839999999999999969e-01,0.000000000000000000e+00,2.266571713876267338e-03,2.810606513352933294e-03,2.243397255009716741e-03,2.832681432202548144e-03,1.000000000000000000e+00,1.000000000000000000e+00,8.327104254847784472e-04,1.333788331534750638e-03,8.025865658816989110e-04,2.194961798795149973e-04,8.151334087164255338e-02,2.233240067798629783e-02,2.419693920645412666e-01,7.211653446299738646e-02,8.277503604806556690e-04,1.344560792689314648e-03,6.882396667753686373e-04,1.477601439322070737e-03,2.198229194879423518e-02,6.153464542407716814e-03
1.844999999999999973e-01,0.000000000000000000e+00,2.266926467172097719e-03,2.810802354656582146e-03,2.244130830830064465e-03,2.833006846514828612e-03,1.000000000000000000e+00,1.000000000000000000e+00,8.329821822757275127e-04,1.333984172838399707e-03,5.435135818980635055e-04,3.916826072982315275e-04,8.218826772152984517e-02,2.133335701681838073e-02,2.498075302779528273e-01,6.390514341435525603e-02,8.280227536270364083e-04,1.345344293044151499e-03,4.018775909344035439e-04,1.656024589186367094e-03,2.198229194879423518e-02,6.153464542407716814e-03
1.849999999999999978e-01,0.000000000000000000e+00,2.267271385311382149e-03,2.810918826842019255e-03,2.244876357176724211e-03,2.833332472262449671e-03,1.000000000000000000e+00,1.000000000000000000e+00,8.332464048996572571e-04,1.334100645023836599e-03,5.284452478594807694e-04,2.329443708736041911e-04,8.274719935484017852e-02,2.053701148392611531e-02,2.513965022974243846e-01,6.161746383930149368e-02,8.281656837380316433e-04,1.346200890284615214e-03,1.702862726893948978e-04,1.770110903427581529e-03,2.198229194879423518e-02,6.153464542407716814e-03
1.854999999999999982e-01,0.000000000000000000e+00,2.267590502945661564e-03,2.811043555271551010e-03,2.245633878695394575e-03,2.833658277226722665e-03,1.000000000000000000e+00,1.000000000000000000e+00,8.334908631900984910e-04,1.334225373453368354e-03,4.889165808823627652e-04,2.494568590634336754e-04,8.323062558880203743e-02,1.987431613606739991e-02,2.527822152498879760e-01,5.972855986125989031e-02,8.282041670971212154e-04,1.347101754172668397e-03,-1.599328320130068842e-05,1.833188361201208184e-03,2.198229194879423518e-02,6.153464542407716814e-03
1.859999999999999987e-01,0.000000000000000000e+00,2.267924465741645492e-03,2.811146867768812146e-03,2.246403431465906955e-03,2.833984228913715570e-03,1.000000000000000000e+00,1.000000000000000000e+00,8.337466935341704237e-04,1.334328685950629707e-03,5.116606881438968361e-04,2.066249945227878590e-04,8.469201468237495811e-02,2.711374385279766153e-02,2.580534801180076054e-01,8.839686031985494186e-02,8.282970588532876689e-04,1.341052511685801281e-03,-1.453488719444311593e-04,9.495636720641399643e-04,2.197713070449669112e-02,6.414624173399133440e-03
1.864999999999999991e-01,0.000000000000000000e+00,2.268289769843941355e-03,2.811386177823483289e-03,2.247185042746175157e-03,2.834310294556410120e-03,1.000000000000000000e+00,1.000000000000000000e+00,8.340265327117826451e-04,1.334567996005300633e-03,5.596783552245185051e-04,4.786201093417639637e-04,8.480959964625053860e-02,2.532124134929454595e-02,2.572803609890959575e-01,7.533726104046094274e-02,8.282159968292661422e-04,1.341638703360819272e-03,-1.788312722803731165e-04,1.394318945284696298e-03,2.197713070449669112e-02,6.414624173399133440e-03
1.869999999999999996e-01,0.000000000000000000e+00,2.268732509572179892e-03,2.811570509133777020e-03,2.247978730716149350e-03,2.834636441116868480e-03,1.000000000000000000e+00,1.000000000000000000e+00,8.343656910203478203e-04,1.334752327315594581e-03,6.783166171303101673e-04,3.686626205877896142e-04,8.490139549118626283e-02,2.384910249097079576e-02,2.575803442884860850e-01,7.111705946016416702e-02,8.281205431310207418e-04,1.342418043626390214e-03,-2.029332041991365257e-04,1.722376893010646188e-03,2.197713070449669112e-02,6.414624173399133440e-03
1.875000000000000000e-01,0.000000000000000000e+00,2.269168160857895807e-03,2.811759071027268315e-03,2.248784504221769572e-03,2.834962635288392537e-03,1.000000000000000000e+00,1.000000000000000000e+00,8.346994192669081368e-04,1.334940889209085659e-03,6.674564931207218558e-04,3.771237869820787754e-04,8.499026185472959016e-02,2.261464868374066586e-02,2.578430939231290964e-01,6.758211394698053487e-02,8.280148685858385255e-04,1.343337499033077451e-03,-2.197284340712097293e-04,1.954959245209635620e-03,2.197713070449669112e-02,6.414624173399133440e-03
1.880000000000000004e-01,0.000000000000000000e+00,2.269605625216882666e-03,2.811924170009259642e-03,2.249602362518911443e-03,2.835288843497686673e-03,1.000000000000000000e+00,1.000000000000000000e+00,8.350345364081725608e-04,1.335105988191077203e-03,6.702342825289352721e-04,3.301979639832550465e-04,8.342370780518530704e-02,2.530616662839352271e-02,2.516842952878881601e-01,7.907473268473794170e-02,8.313772454436572663e-04,1.341363131472000534e-03,2.213596586577255484e-04,1.719905115135813081e-03,2.184695743457745060e-02,6.526645550968984168e-03
1.885000000000000009e-01,0.000000000000000000e+00,2.269989508789320605e-03,2.812138509745474614e-03,2.250432295017345749e-03,2.835615031907020092e-03,1.000000000000000000e+00,1.000000000000000000e+00,8.353286082856435169e-04,1.335320327927291741e-03,5.881437549418353471e-04,4.286794724289351714e-04,8.370780747654291143e-02,2.380807013121993138e-02,2.540946005262014751e-01,7.098864040687091759e-02,8.314587660980156262e-04,1.342300045068821118e-03,1.049454872579683000e-04,2.027118489875472714e-03,2.184695743457745060e-02,6.526645550968984168e-03
1.890000000000000013e-01,0.000000000000000000e+00,2.270391045895801124e-03,2.812304355937793841e-03,2.251274281024683716e-03,2.835941166416390026e-03,1.000000000000000000e+00,1.000000000000000000e+00,8.356362035547689133e-04,1.335486174119610969e-03,6.151905382507104380e-04,3.316923846384580961e-04,8.394173811519235751e-02,2.258206724206058072e-02,2.547705814398162905e-01,6.747692932150572975e-02,8.314878439270959607e-04,1.343366299096606341e-03,1.154573773490480751e-05,2.237449707535618497e-03,2.184695743457745060e-02,6.526645550968984168e-03
1.895000000000000018e-01,0.000000000000000000e+00,2.270776768918635752e-03,2.812462149058784361e-03,2.252128289490333991e-03,2.836267212665681027e-03,1.000000000000000000e+00,1.000000000000000000e+00,8.359316845329941344e-04,1.335643967240601488e-03,5.909619564504295808e-04,3.155862419809345545e-04,8.414734693128879395e-02,2.156896063889524387e-02,2.553604423501885656e-01,6.458410869159009193e-02,8.314749632444627236e-04,1.344517962308134805e-03,-6.292366073849938943e-05,2.368904858004746046e-03,2.184695743457745060e-02,6.526645550968984168e-03
1.900000000000000022e-01,0.000000000000000000e+00,2.271159662839885868e-03,2.812600142091505398e-03,2.252994278749451823e-03,2.836593136036829037e-03,1.000000000000000000e+00,1.000000000000000000e+00,8.362249982936720066e-04,1.335781960273322959e-03,5.866275213557463819e-04,2.759860654430041889e-04,8.025336900925647554e-02,3.095295948087673638e-02,2.400604323790263006e-01,1.018813000305832106e-01,8.379180465314828730e-04,1.336351245708023534e-03,7.211965116498959653e-04,1.220017618396453292e-03,2.160385670337395050e-02,6.877596816812162756e-03
1.905000000000000027e-01,0.000000000000000000e+00,2.271427320426986935e-03,2.812901150644860765e-03,2.253872196266889540e-03,2.836918901655983288e-03,1.000000000000000000e+00,1.000000000000000000e+00,8.364300359009294592e-04,1.336082968826677892e-03,4.100752145148716657e-04,6.020171067099631783e-04,8.103561394692548880e-02,2.850371212323934977e-02,2.463572743390554931e-01,8.445665898062558463e-02,8.381958614262048027e-04,1.337115151194207593e-03,3.906930799262701461e-04,1.834384821896828258e-03,2.160385670337395050e-02,6.877596816812162756e-03
1.910000000000000031e-01,0.000000000000000000e+00,2.271802070578136067e-03,2.813112436352239489e-03,2.254761978381154396e-03,2.837244474395668632e-03,1.000000000000000000e+00,1.000000000000000000e+00,8.367171111717751873e-04,1.336294254534056833e-03,5.741505416914020714e-04,4.225714147578596793e-04,8.167765224136303015e-02,2.648949942746244707e-02,2.482436152908914229e-01,7.867094442795220799e-02,8.383243219608852445e-04,1.338146284913898157e-03,1.236617076328713066e-04,2.289229606132319947e-03,2.160385670337395050e-02,6.877596816812162756e-03
1.915000000000000036e-01,0.000000000000000000e+00,2.272144921685793472e-03,2.813320390807973019e-03,2.255663550048351684e-03,2.837569818876946141e-03,1.000000000000000000e+00,1.000000000000000000e+00,8.369797503576134569e-04,1.336502208989790363e-03,5.252783716765892534e-04,4.159089114671472441e-04,8.225070432734936376e-02,2.479836901523548021e-02,2.499030057344396871e-01,7.382061606790332742e-02,8.383323081047566695e-04,1.339372106183216215e-03,-9.130083923075422297e-05,2.613380945286990827e-03,2.160385670337395050e-02,6.877596816812162756e-03
1.920000000000000040e-01,0.000000000000000000e+00,2.272496509158853685e-03,2.813489259899421176e-03,2.256576824586145179e-03,2.837894899471576741e-03,1.000000000000000000e+00,1.000000000000000000e+00,8.372490819876212071e-04,1.336671078081238520e-03,5.386632600154459037e-04,3.377381828964814590e-04,8.727916465580849714e-02,1.977014050653052440e-02,2.689475937822368712e-01,5.571280222744199456e-02,8.343517444484008141e-04,1.344933782282207524e-03,-7.651536496886038839e-04,3.373536134724262024e-03,2.174968776622797015e-02,6.720209504474630030e-03
1.925000000000000044e-01,0.000000000000000000e+00,2.272962906303879066e-03,2.813583673427037801e-03,2.257501703417703291e-03,2.838219680304183978e-03,1.000000000000000000e+00,1.000000000000000000e+00,8.376063629288547918e-04,1.336765491608855362e-03,7.145618824671655898e-04,1.888270552337094788e-04,8.685904540860990564e-02,1.922797645060481120e-02,2.630884207299092892e-01,5.785479086469717813e-02,8.340199256667443989e-04,1.346599320147353262e-03,-5.625016742639423958e-04,3.288716762922386412e-03,2.174968776622797015e-02,6.720209504474630030e-03
1.930000000000000049e-01,0.000000000000000000e+00,2.273423758606990704e-03,2.813720333775434831e-03,2.258438075815653000e-03,2.838544125254411580e-03,1.000000000000000000e+00,1.000000000000000000e+00,8.379593962747520445e-04,1.336902151957252175e-03,7.060666917945404748e-04,2.733206967936745906e-04,8.650992151422659537e-02,1.880304746660307197e-02,2.620880408266998418e-01,5.669277168522138255e-02,8.337808321515299782e-04,1.348214160827906254e-03,-3.941895378947982316e-04,3.170813428538150902e-03,2.174968776622797015e-02,6.720209504474630030e-03
1.935000000000000053e-01,0.000000000000000000e+00,2.273887714502696635e-03,2.813837104792975535e-03,2.259385818646033380e-03,2.838868197959092728e-03,1.000000000000000000e+00,1.000000000000000000e+00,8.383148071105097710e-04,1.337018922974792879e-03,7.108216715155173896e-04,2.335420350815343516e-04,8.620398765688054576e-02,1.850489573482138467e-02,2.611996886346665825e-01,5.588562132881960687e-02,8.336187456102662910e-04,1.349763686316046447e-03,-2.544213707528024913e-04,3.027507691115365919e-03,2.174968776622797015e-02,6.720209504474630030e-03
1.940000000000000058e-01,0.000000000000000000e+00,2.274337072449003367e-03,2.813954538052946402e-03,2.260344796112243038e-03,2.839191861814405454e-03,1.000000000000000000e+00,1.000000000000000000e+00,8.386590352682493209e-04,1.337136356234763963e-03,6.884563154790510281e-04,2.348665199421071613e-04,8.734986707007195983e-02,2.993610876976775595e-02,2.659027908410399044e-01,1.005354889222448700e-01,8.334882527135696476e-04,1.340452945527985558e-03,-1.437452738410542434e-04,1.467597873296261650e-03,2.175088829421294861e-02,7.124224099167079244e-03
1.945000000000000062e-01,0.000000000000000000e+00,2.274810661698990245e-03,2.814260982215144140e-03,2.261314859498996226e-03,2.839515079978040604e-03,1.000000000000000000e+00,1.000000000000000000e+00,8.390218256815227356e-04,1.337442800396961267e-03,7.255808265467498554e-04,6.128883243943907076e-04,8.682101006359510542e-02,2.777455694845423761e-02,2.628844218992717474e-01,8.249618583405717021e-02,8.334666896495254674e-04,1.341314933944297468e-03,5.710458803487609633e-05,1.979331483503490689e-03,2.175088829421294861e-02,7.124224099167079244e-03
1.950000000000000067e-01,0.000000000000000000e+00,2.275380095324127522e-03,2.814534732043568171e-03,2.262295846916274195e-03,2.839837815371355507e-03,1.000000000000000000e+00,1.000000000000000000e+00,8.394580371457840192e-04,1.337716550225385515e-03,8.724229285226422137e-04,5.474996568484395828e-04,8.635857319723030945e-02,2.600329824549298813e-02,2.615942215905097679e-01,7.744276453307225028e-02,8.335348599511427717e-04,1.342397604977576230e-03,2.152675244456274395e-04,2.350592236051981653e-03,2.175088829421294861e-02,7.124224099167079244e-03
1.955000000000000071e-01,0.000000000000000000e+00,2.275966432556349173e-03,2.814803606634849829e-03,2.263287583043273928e-03,2.840160030681546707e-03,1.000000000000000000e+00,1.000000000000000000e+00,8.399071975243214234e-04,1.337985424816667173e-03,8.983207570748777014e-04,5.377491825634438723e-04,8.597791938453926142e-02,2.452980680006518546e-02,2.605202291433774686e-01,7.322934217897122955e-02,8.336728087442866380e-04,1.343637193520221288e-03,3.362878989835271608e-04,2.607217752598384869e-03,2.175088829421294861e-02,7.124224099167079244e-03
1.960000000000000075e-01,0.000000000000000000e+00,2.276550078939038914e-03,2.815051946344055908e-03,2.264289878872363833e-03,2.840481688363803627e-03,1.000000000000000000e+00,1.000000000000000000e+00,8.403542965925270931e-04,1.338233764525873469e-03,8.941981364114222168e-04,4.966794184123793756e-04,8.456104478066060748e-02,2.967629572834205864e-02,2.553409945038720985e-01,9.446205423798703649e-02,8.369216758711627664e-04,1.339369097594244077e-03,8.236398313419511508e-04,2.040754803962243659e-03,2.163632413691829459e-02,7.334476803726380084e-03
1.965000000000000080e-01,0.000000000000000000e+00,2.277083219064366098e-03,2.815382596336681378e-03,2.265302531453033778e-03,2.840802750643476975e-03,1.000000000000000000e+00,1.000000000000000000e+00,8.407627056229378991e-04,1.338564414518498506e-03,8.168180608216997528e-04,6.612999852502499413e-04,8.442069894255611884e-02,2.757004941472532625e-02,2.559768634655578690e-01,8.193831439866321176e-02,8.373316386013809464e-04,1.340504405673015971e-03,8.162099956866525167e-04,2.499545476489602701e-03,2.163632413691829459e-02,7.334476803726380084e-03
1.970000000000000084e-01,0.000000000000000000e+00,2.277629090219511748e-03,2.815680230427873923e-03,2.266325323635846010e-03,2.841123179518233698e-03,1.000000000000000000e+00,1.000000000000000000e+00,8.411808671879961825e-04,1.338862048609691050e-03,8.363231301164893421e-04,5.952681823849918005e-04,8.430224353400148085e-02,2.583712562068121721e-02,2.556438410128939465e-01,7.698636712965517548e-02,8.377352020894602257e-04,1.341834924213291917e-03,7.980638726488129171e-04,2.821853773972124273e-03,2.163632413691829459e-02,7.334476803726380084e-03
1.975000000000000089e-01,0.000000000000000000e+00,2.278159500986110756e-03,2.815943777564164537e-03,2.267358023816389533e-03,2.841442936760224525e-03,1.000000000000000000e+00,1.000000000000000000e+00,8.415871854083198595e-04,1.339125595745982097e-03,8.126364406473965451e-04,5.270942725820941359e-04,8.421623951750907555e-02,2.440874480881603803e-02,2.554021950442648126e-01,7.289782585546882021e-02,8.381274581285407801e-04,1.343298609013037631e-03,7.709979135386416972e-04,3.032422032717279302e-03,2.163632413691829459e-02,7.334476803726380084e-03
1.980000000000000093e-01,0.000000000000000000e+00,2.278660182845716059e-03,2.816171396226462356e-03,2.268400385679232752e-03,2.841761983918248032e-03,1.000000000000000000e+00,1.000000000000000000e+00,8.419707299646409697e-04,1.339353214408279917e-03,7.670891126422247448e-04,4.552373245957291393e-04,8.587361634998683102e-02,2.242142564929970605e-02,2.618954644198696613e-01,6.637747285912265482e-02,8.381856438114679763e-04,1.346261166195423164e-03,6.962072350138572355e-04,3.335254667328335990e-03,2.164827302445205409e-02,7.281409475487288403e-03
1.985000000000000098e-01,0.000000000000000000e+00,2.279170344546749272e-03,2.816352218396193756e-03,2.269452147941866151e-03,2.842080282319901265e-03,1.000000000000000000e+00,1.000000000000000000e+00,8.423615365008097280e-04,1.339534036578010883e-03,7.816130723375875385e-04,3.616443394617366021e-04,8.547539134994869281e-02,2.159561578392572845e-02,2.589394260130478131e-01,6.483862731198003493e-02,8.385568468388017319e-04,1.347928558683385552e-03,7.884121543282811111e-04,3.334254211489124861e-03,2.164827302445205409e-02,7.281409475487288403e-03
1.990000000000000102e-01,0.000000000000000000e+00,2.279650860361096855e-03,2.816522287339032031e-03,2.270513034098670113e-03,2.842397793073757253e-03,1.000000000000000000e+00,1.000000000000000000e+00,8.427296329702213366e-04,1.339704105520849375e-03,7.361929388231250228e-04,3.401378856769398957e-04,8.515115493777847266e-02,2.094265166317242979e-02,2.580033603337935078e-01,6.300122308816133443e-02,8.389662512871917015e-04,1.349582504322753909e-03,8.490726083587455189e-04,3.281567947565625781e-03,2.164827302445205409e-02,7.281409475487288403e-03
1.995000000000000107e-01,0.000000000000000000e+00,2.280101894461365741e-03,2.816674088336388465e-03,2.271582752164853260e-03,2.842714477071516498e-03,1.000000000000000000e+00,1.000000000000000000e+00,8.430751451363894394e-04,1.339855906518205809e-03,6.910243323361790193e-04,3.036019947128880902e-04,8.488503890995673096e-02,2.044313754436867525e-02,2.572299463453702195e-01,6.160769039969042626e-02,8.393995887255982242e-04,1.351200001811322460e-03,8.841927068386741875e-04,3.188541165108754391e-03,2.164827302445205409e-02,7.281409475487288403e-03
2.000000000000000111e-01,0.000000000000000000e+00,2.280523390469557307e-03,2.816812350778124998e-03,2.272660994420409430e-03,2.843030294990172777e-03,1.000000000000000000e+00,1.000000000000000000e+00,8.433980298112615098e-04,1.339994168959942342e-03,6.457693497441319066e-04,2.765248834728736317e-04,8.317702745139946008e-02,2.170217524063283374e-02,2.508070532798484242e-01,6.691562900421883786e-02,8.434479678153225567e-04,1.351763594200040917e-03,1.365991274283274038e-03,2.935451995527096469e-03,2.151330448333522993e-02,7.318865000226917363e-03
2.005000000000000115e-01,0.000000000000000000e+00,2.280880808744434156e-03,2.816967264230527731e-03,2.273747437154070329e-03,2.843345207294173740e-03,1.000000000000000000e+00,1.000000000000000000e+00,8.436718280946002091e-04,1.340149082412345075e-03,5.475965666774176843e-04,3.098269048055227399e-04,8.319193693984702764e-02,2.112782418963567860e-02,2.522867267308637751e-01,6.362027961675788268e-02,8.441051590432120276e-04,1.353219383808648398e-03,1.262948497178309872e-03,2.887743881345168628e-03,2.151330448333522993e-02,7.318865000226917363e-03
2.010000000000000120e-01,0.000000000000000000e+00,2.281229647911723474e-03,2.817089852094008251e-03,2.274841740407255140e-03,2.843659174237584547e-03,1.000000000000000000e+00,1.000000000000000000e+00,8.439390544002441140e-04,1.340271670275825812e-03,5.344526112877417100e-04,2.451757269614501670e-04,8.321376070353654619e-02,2.069530533818404044e-02,2.523538962479211500e-01,6.241136085705234482e-02,8.447113761265692862e-04,1.354642434837309041e-03,1.162092384772499438e-03,2.804567649719292254e-03,2.151330448333522993e-02,7.318865000226917363e-03
2.015000000000000124e-01,0.000000000000000000e+00,2.281562806027821744e-03,2.817214778696202314e-03,2.275943547718025772e-03,2.843972155866248894e-03,1.000000000000000000e+00,1.000000000000000000e+00,8.441942683237614728e-04,1.340396596878019441e-03,5.104278470347609455e-04,2.498532043873208375e-04,8.324976259332070305e-02,2.036871433443502438e-02,2.524662040369149985e-01,6.151362466592850270e-02,8.452678410923087802e-04,1.356017326016289862e-03,1.063936673530859692e-03,2.695157144312799666e-03,2.151330448333522993e-02,7.318865000226917363e-03
2.020000000000000129e-01,0.000000000000000000e+00,2.281896355311567766e-03,2.817329203177088796e-03,2.277052485866070362e-03,2.844284112020421893e-03,1.000000000000000000e+00,1.000000000000000000e+00,8.444497818990813346e-04,1.340511021358906140e-03,5.110271506396442572e-04,2.288489617732065691e-04,8.164406536143804793e-02,2.647732953489566679e-02,2.461997095599005869e-01,8.550988565354585014e-02,8.495836832617705133e-04,1.351704609460877612e-03,1.463612945164784965e-03,1.836104040936302386e-03,2.137066279614895439e-02,7.529710177627098149e-03
2.025000000000000133e-01,0.000000000000000000e+00,2.282182159653200169e-03,2.817551420273978115e-03,2.278168164710582533e-03,2.844595002379489077e-03,1.000000000000000000e+00,1.000000000000000000e+00,8.446687207268081202e-04,1.340733238455795459e-03,4.378776554535500874e-04,4.444341937787349276e-04,8.190975487751692152e-02,2.520247823166823012e-02,2.485752362241386570e-01,7.540901545698736053e-02,8.502649152721498352e-04,1.352680625121277860e-03,1.261680694297553310e-03,2.067473325594723285e-03,2.137066279614895439e-02,7.529710177627098149e-03
2.030000000000000138e-01,0.000000000000000000e+00,2.282531589037265114e-03,2.817705639244646575e-03,2.279290177483221918e-03,2.844904786712902384e-03,1.000000000000000000e+00,1.000000000000000000e+00,8.449363991647337261e-04,1.340887457426463919e-03,5.353568758511743171e-04,3.084379413369305522e-04,8.213839922644357305e-02,2.418000777411506708e-02,2.492724397804796654e-01,7.248543597273836292e-02,8.508508080789493498e-04,1.353751752553073503e-03,1.082216191564822159e-03,2.216706710521370617e-03,2.137066279614895439e-02,7.529710177627098149e-03
2.035000000000000142e-01,0.000000000000000000e+00,2.282850357936915681e-03,2.817877384190577671e-03,2.280418101413595171e-03,2.845213425281786432e-03,1.000000000000000000e+00,1.000000000000000000e+00,8.451805903089502220e-04,1.341059202372395015e-03,4.883822884330054400e-04,3.434898918622763500e-04,8.236386956780546165e-02,2.333271884574210017e-02,2.499355402825977623e-01,7.007824839007099904e-02,8.513518275365156325e-04,1.354881085862209107e-03,9.221529054722981365e-04,2.300421609319744810e-03,2.137066279614895439e-02,7.529710177627098149e-03
2.040000000000000147e-01,0.000000000000000000e+00,2.283182145754352951e-03,2.818020244687052811e-03,2.281551498386102071e-03,2.845520879254754328e-03,1.000000000000000000e+00,1.000000000000000000e+00,8.454347545227926036e-04,1.341202062868869938e-03,5.083284276846734319e-04,2.857209929497670550e-04,8.327300968403084092e-02,2.993974900392921620e-02,2.532812300928212190e-01,9.644361497916967285e-02,8.527243045322808112e-04,1.349472890958468459e-03,9.038933863537656176e-04,1.478251433694787202e-03,2.133519477651813281e-02,7.775689493809016806e-03
2.045000000000000151e-01,0.000000000000000000e+00,2.283524239071541961e-03,2.818287812926883844e-03,2.282689915596828462e-03,2.845827111123752987e-03,1.000000000000000000e+00,1.000000000000000000e+00,8.456968132074532555e-04,1.341469631108701188e-03,5.241173693213314888e-04,5.351364796626755394e-04,8.327109857488448896e-02,2.811668953418355876e-02,2.525035478472286710e-01,8.379839795822276172e-02,8.531595471415191929e-04,1.350316141823989244e-03,8.371898730556619553e-04,1.893914611338868648e-03,2.133519477651813281e-02,7.775689493809016806e-03
2.050000000000000155e-01,0.000000000000000000e+00,2.283938013228132245e-03,2.818512012052022155e-03,2.283832886210417513e-03,2.846132085119887616e-03,1.000000000000000000e+00,1.000000000000000000e+00,8.460137826008154839e-04,1.341693830233839715e-03,6.339387867245310218e-04,4.483982502768419200e-04,8.327239497529254075e-02,2.662332152191657780e-02,2.525508117758776816e-01,7.952882495571778065e-02,8.535615706686962940e-04,1.351337589553478283e-03,7.710172845551924864e-04,2.191261450964307900e-03,2.133519477651813281e-02,7.775689493809016806e-03
2.055000000000000160e-01,0.000000000000000000e+00,2.284339921420195166e-03,2.818734404820820352e-03,2.284979930016963097e-03,2.846435767629270069e-03,1.000000000000000000e+00,1.000000000000000000e+00,8.463216621379894338e-04,1.341916223002637696e-03,6.157590743478215303e-04,4.447855375960947069e-04,8.329724530732179888e-02,2.538158351896031492e-02,2.526394948399242613e-01,7.598007775986803658e-02,8.539307022222347113e-04,1.352483541944935353e-03,7.056217156564347469e-04,2.392115555804146844e-03,2.133519477651813281e-02,7.775689493809016806e-03
2.060000000000000164e-01,0.000000000000000000e+00,2.284737964881289676e-03,2.818931828513808989e-03,2.286130554088879746e-03,2.846738127608838993e-03,1.000000000000000000e+00,1.000000000000000000e+00,8.466265811194805067e-04,1.342113646695626333e-03,6.098379629821275337e-04,3.948473859774393369e-04,9.205608169535657581e-02,2.473113243980392534e-02,2.866324376299665966e-01,7.449893535649931842e-02,8.454735832913933902e-04,1.353916311735930836e-03,-4.983518072421209803e-04,2.539986604805448932e-03,2.166465367340289147e-02,7.767958259046104166e-03
2.065000000000000169e-01,0.000000000000000000e+00,2.285356868890221597e-03,2.819118696653423115e-03,2.287284253437797329e-03,2.847039137002210785e-03,1.000000000000000000e+00,1.000000000000000000e+00,8.471006890963466525e-04,1.342300514835240675e-03,9.482159537323002485e-04,3.737362792286681289e-04,9.054080704132828894e-02,2.382080076915030903e-02,2.733956427151934543e-01,7.151242516963074447e-02,8.453681526982607074e-04,1.355206292150584616e-03,7.552126020197048178e-05,2.619731759458805015e-03,2.166465367340289147e-02,7.767958259046104166e-03
2.070000000000000173e-01,0.000000000000000000e+00,2.286045874912416391e-03,2.819353953009066764e-03,2.288440511671435782e-03,2.847338771155504510e-03,1.000000000000000000e+00,1.000000000000000000e+00,8.476284983309249291e-04,1.342535771190884108e-03,1.055618469156472056e-03,4.705127112867626949e-04,8.926799524748418868e-02,2.308056163795722815e-02,2.697857074200069594e-01,6.944383628693821808e-02,8.455190324076942380e-04,1.356521669505859028e-03,5.271166894091055405e-04,2.641685406736006374e-03,2.166465367340289147e-02,7.767958259046104166e-03
2.075000000000000178e-01,0.000000000000000000e+00,2.286772455551301392e-03,2.819599543844705271e-03,2.289598801650485904e-03,2.847637009233177242e-03,1.000000000000000000e+00,1.000000000000000000e+00,8.481850913918203248e-04,1.342781362026522832e-03,1.113186121790785956e-03,4.911816712775821710e-04,8.819051693052043506e-02,2.250121112128446177e-02,2.667089776083943486e-01,6.783197081500032255e-02,8.458700591231819131e-04,1.357836362335290096e-03,8.763001937520239690e-04,2.617083905247617401e-03,2.166465367340289147e-02,7.767958259046104166e-03
2.080000000000000182e-01,0.000000000000000000e+00,2.287503146015024483e-03,2.819846504511167636e-03,2.290758586145500569e-03,2.847933834633870238e-03,1.000000000000000000e+00,1.000000000000000000e+00,8.487448327611954143e-04,1.343028322692984980e-03,1.119482738750225258e-03,4.939213329240901276e-04,8.727662406631003789e-02,3.340051931062840845e-02,2.640818563129546659e-01,1.106565749457889131e-01,8.481463600255155109e-04,1.348553227149613520e-03,1.369101331653671712e-03,1.184040525912815386e-03,2.159825712648792695e-02,8.164188178994615311e-03
2.084999999999999909e-01,0.000000000000000000e+00,2.288212878631742421e-03,2.820278144510941255e-03,2.291919318493764249e-03,2.848229235406228230e-03,1.000000000000000000e+00,1.000000000000000000e+00,8.492885194883325771e-04,1.343459962692758383e-03,1.087373454274357266e-03,8.632799995468492605e-04,8.645754037962385952e-02,3.108153471100913792e-02,2.616690977282971065e-01,9.245731445924045000e-02,8.488801221879115804e-04,1.349290090729750053e-03,1.565538895023546595e-03,1.762265355590555971e-03,2.159825712648792695e-02,8.164188178994615311e-03
2.089999999999999913e-01,0.000000000000000000e+00,2.288970329972695415e-03,2.820730630220703340e-03,2.293080443256188990e-03,2.848523204664749932e-03,1.000000000000000000e+00,1.000000000000000000e+00,8.498687608790025331e-04,1.343912448402520684e-03,1.160482781339985774e-03,9.049714195244849954e-04,8.576770073405327877e-02,2.916348960191471676e-02,2.597162404564601901e-01,8.700045506863590683e-02,8.496958339498696935e-04,1.350278245681204442e-03,1.697022512902117983e-03,2.189489152816815384e-03,2.159825712648792695e-02,8.164188178994615311e-03
2.094999999999999918e-01,0.000000000000000000e+00,2.289751098467580903e-03,2.821174432272579788e-03,2.294241396874184373e-03,2.848815741005612974e-03,1.000000000000000000e+00,1.000000000000000000e+00,8.504668642458718337e-04,1.344356250454397349e-03,1.196206733738620649e-03,8.876041037531757095e-04,8.520467479028952240e-02,2.757168287285890335e-02,2.581317337557323954e-01,8.245054903164893145e-02,8.505636729563337056e-04,1.351448857398369419e-03,1.774151242214593938e-03,2.492326582487288441e-03,2.159825712648792695e-02,8.164188178994615311e-03
2.099999999999999922e-01,0.000000000000000000e+00,2.290528890572767449e-03,2.821593278843449043e-03,2.295401608326549155e-03,2.849106848922516172e-03,1.000000000000000000e+00,1.000000000000000000e+00,8.510626875659521758e-04,1.344775097025266604e-03,1.191646640160659706e-03,8.376931417384771063e-04,8.276864854308466080e-02,2.981199725533391354e-02,2.491499824441198718e-01,9.249500573505230194e-02,8.555799198493033641e-04,1.349803321879370493e-03,2.341954956711482863e-03,2.310717690360809210e-03,2.144387574502390134e-02,8.274398982363777647e-03
2.104999999999999927e-01,0.000000000000000000e+00,2.291227461834949471e-03,2.822036914681126836e-03,2.296560499786345563e-03,2.849396539222508358e-03,1.000000000000000000e+00,1.000000000000000000e+00,8.515978241994689264e-04,1.345218732862943963e-03,1.070273267033432967e-03,8.872716753546438682e-04,8.268364665749249054e-02,2.810504451391534000e-02,2.508545348300090794e-01,8.396823914429571434e-02,8.567162793309783661e-04,1.351040328572548476e-03,2.203707947156643109e-03,2.636630719660927689e-03,2.144387574502390134e-02,8.274398982363777647e-03
2.109999999999999931e-01,0.000000000000000000e+00,2.291881354880169908e-03,2.822441826575299711e-03,2.297717487277791369e-03,2.849684829441833690e-03,1.000000000000000000e+00,1.000000000000000000e+00,8.520987353331544193e-04,1.345623644757117056e-03,1.001822267370916508e-03,8.098237883463229973e-04,8.263603105249854586e-02,2.670591876222832423e-02,2.507168704326622199e-01,7.996835220939335631e-02,8.577822279271092283e-04,1.352412702990317319e-03,2.060324030671532684e-03,2.852396936225840007e-03,2.144387574502390134e-02,8.274398982363777647e-03
2.114999999999999936e-01,0.000000000000000000e+00,2.292486234003373365e-03,2.822791531790059746e-03,2.298871981333131150e-03,2.849971744261754411e-03,1.000000000000000000e+00,1.000000000000000000e+00,8.525620996242430595e-04,1.345973349971877090e-03,9.267285821773729683e-04,6.994104295201658810e-04,8.262443285616341559e-02,2.556469770844336728e-02,2.506847146286069195e-01,7.669737561233549994e-02,8.587759307353388331e-04,1.353870476014163490e-03,1.914731805443650823e-03,2.978395884537883911e-03,2.144387574502390134e-02,8.274398982363777647e-03
2.119999999999999940e-01,0.000000000000000000e+00,2.293031897821431846e-03,2.823084472322306710e-03,2.300023387649524458e-03,2.850257315924394422e-03,1.000000000000000000e+00,1.000000000000000000e+00,8.529801023598780965e-04,1.346266290504124054e-03,8.360054712701535601e-04,5.858810644938522178e-04,8.190407050039787140e-02,2.924973137977529211e-02,2.478634352106342253e-01,9.194883194068607934e-02,8.622473255877371231e-04,1.351390059445282737e-03,2.100658902927724815e-03,2.514841056306821483e-03,2.134833169402529374e-02,8.423614047564241883e-03
2.124999999999999944e-01,0.000000000000000000e+00,2.293493120247621503e-03,2.823403439006506432e-03,2.301171107745928358e-03,2.850541584648574184e-03,1.000000000000000000e+00,1.000000000000000000e+00,8.533334192365023491e-04,1.346585257188323776e-03,7.066337532485681425e-04,6.379333683996335318e-04,8.200960680280477977e-02,2.769559627879659633e-02,2.488404222491369944e-01,8.278300234241080247e-02,8.632502931973193728e-04,1.352714291376520004e-03,1.911540142354395400e-03,2.781519804943320857e-03,2.134833169402529374e-02,8.423614047564241883e-03
2.129999999999999949e-01,0.000000000000000000e+00,2.293933332315329504e-03,2.823673794991774736e-03,2.302314539619981261e-03,2.850824599045647355e-03,1.000000000000000000e+00,1.000000000000000000e+00,8.536706412447637267e-04,1.346855613173592080e-03,6.744440165228384994e-04,5.407119705365577306e-04,8.211683579940040612e-02,2.643082413189026467e-02,2.491548715064008934e-01,7.916849202290229814e-02,8.641612115715138981e-04,1.354146819961255660e-03,1.732446012372036671e-03,2.948217340033976175e-03,2.134833169402529374e-02,8.423614047564241883e-03
2.134999999999999953e-01,0.000000000000000000e+00,2.294339183415724723e-03,2.823904809289085310e-03,2.303453078404878521e-03,2.851106416535329185e-03,1.000000000000000000e+00,1.000000000000000000e+00,8.539815412249556620e-04,1.347086627470902654e-03,6.217999603838990624e-04,4.620285946209868504e-04,8.223481483762769273e-02,2.540156802720135165e-02,2.495020639344447122e-01,7.622720918880557250e-02,8.649851014568461522e-04,1.355642443447248541e-03,1.563409983297870190e-03,3.034053733450439369e-03,2.134833169402529374e-02,8.423614047564241883e-03
2.139999999999999958e-01,0.000000000000000000e+00,2.294713613151035028e-03,2.824103276354163194e-03,2.304586117026259737e-03,2.851387103761538790e-03,1.000000000000000000e+00,1.000000000000000000e+00,8.542683710430283746e-04,1.347285094535980755e-03,5.736596361454968660e-04,3.969341301564091877e-04,8.828987170623785186e-02,2.822370241288754689e-02,2.728993380026666360e-01,8.804645903048803623e-02,8.601101512791593144e-04,1.354120223048622864e-03,6.762803269190504479e-04,2.659543125140252651e-03,2.155876339553660162e-02,8.537667281283080681e-03
2.144999999999999962e-01,0.000000000000000000e+00,2.295224803612042584e-03,2.824340395372100347e-03,2.305713046859090426e-03,2.851666737008231450e-03,1.000000000000000000e+00,1.000000000000000000e+00,8.546599656550587544e-04,1.347522213553917908e-03,7.831892240608355309e-04,4.742380358741312297e-04,8.734521402306393012e-02,2.691587483700383365e-02,2.641391034660025561e-01,8.058142904734255652e-02,8.605196382407981218e-04,1.355496130967724601e-03,9.611000677597729414e-04,2.843679700393012683e-03,2.155876339553660162e-02,8.537667281283080681e-03
2.149999999999999967e-01,0.000000000000000000e+00,2.295783313880538773e-03,2.824599906365198726e-03,2.306833258384543249e-03,2.851945402615236116e-03,1.000000000000000000e+00,1.000000000000000000e+00,8.550878093426651869e-04,1.347781724547016287e-03,8.556873752128160530e-04,5.190219861965730168e-04,8.656390548039491484e-02,2.585302615347246508e-02,2.619379836726982713e-01,7.758360845360245950e-02,8.610526270483212074e-04,1.356943135599055850e-03,1.170429342813065869e-03,2.944089548611620970e-03,2.155876339553660162e-02,8.537667281283080681e-03
2.154999999999999971e-01,0.000000000000000000e+00,2.296358864386671694e-03,2.824859171884291399e-03,2.307946141846884455e-03,2.852223197394089874e-03,1.000000000000000000e+00,1.000000000000000000e+00,8.555287066096225242e-04,1.348040990066108960e-03,8.817945339146032648e-04,5.185310381852412370e-04,8.591596636067364012e-02,2.500136080295563279e-02,2.600982313652608346e-01,7.518319347534026253e-02,8.616747072811506295e-04,1.358423426386376389e-03,1.317582897924310728e-03,2.976953968636364758e-03,2.155876339553660162e-02,8.537667281283080681e-03
2.159999999999999976e-01,0.000000000000000000e+00,2.296926906460959594e-03,2.825109298881581937e-03,2.309051087910347737e-03,2.852500229043872411e-03,1.000000000000000000e+00,1.000000000000000000e+00,8.559638520840885667e-04,1.348291117063399498e-03,8.702909489320244472e-04,5.002539945808648055e-04,9.121207772547447468e-02,2.966406586731244049e-02,2.812153963480237828e-01,9.401308678955411224e-02,8.567754798215101563e-04,1.355213642856937682e-03,6.891056440299732008e-04,2.347193351475220045e-03,2.176788442582086244e-02,8.713484761450687732e-03
2.164999999999999980e-01,0.000000000000000000e+00,2.297628455405876548e-03,2.825434173134640237e-03,2.310147488316022842e-03,2.852776616567041790e-03,1.000000000000000000e+00,1.000000000000000000e+00,8.565012697549179111e-04,1.348615991316457798e-03,1.074835341658758690e-03,6.497485061164299212e-04,8.973120554942806693e-02,2.819631682336974990e-02,2.710187256472038619e-01,8.437748687559412653e-02,8.572398200354014366e-04,1.356450279726198948e-03,1.167310907999291169e-03,2.598819743426666190e-03,2.176788442582086244e-02,8.713484761450687732e-03
2.169999999999999984e-01,0.000000000000000000e+00,2.298415839949018592e-03,2.825791483680855157e-03,2.311234736538737237e-03,2.853052490685270646e-03,1.000000000000000000e+00,1.000000000000000000e+00,8.571044413087898842e-04,1.348973301862672501e-03,1.206343107743925672e-03,7.146210924293069661e-04,8.848733813729642295e-02,2.699751559654681859e-02,2.675007434626021086e-01,8.099423905626318421e-02,8.579135400204897753e-04,1.357789080516968181e-03,1.526846795975390740e-03,2.756028157519356710e-03,2.176788442582086244e-02,8.713484761450687732e-03
2.174999999999999989e-01,0.000000000000000000e+00,2.299247494940400652e-03,2.826163220701022154e-03,2.312312228443936472e-03,2.853327994255281958e-03,1.000000000000000000e+00,1.000000000000000000e+00,8.577415259935302792e-04,1.349345038882839715e-03,1.274169369480850772e-03,7.434740403342490062e-04,8.745019753769964210e-02,2.602625259902816013e-02,2.645597552759310078e-01,7.825423867932966571e-02,8.587421684454744865e-04,1.359187291476920707e-03,1.787131161693822790e-03,2.836606682771814544e-03,2.176788442582086244e-02,8.713484761450687732e-03
2.179999999999999993e-01,0.000000000000000000e+00,2.300091242344663636e-03,2.826535468008741815e-03,2.313379362944568019e-03,2.853603282684681781e-03,1.000000000000000000e+00,1.000000000000000000e+00,8.583878740039619292e-04,1.349717286190558942e-03,1.292696020863389871e-03,7.444946154384860394e-04,8.954645245149268906e-02,2.699271713989609758e-02,2.735931118554831287e-01,8.283709460526703094e-02,8.574797283399637196e-04,1.359455704394507431e-03,1.679506425799789622e-03,2.705742862582958749e-03,2.185032532179244022e-02,8.756741836862473594e-03
2.184999999999999998e-01,0.000000000000000000e+00,2.301001113561451476e-03,2.826927071886932083e-03,2.314435542657962072e-03,2.853878524347800219e-03,1.000000000000000000e+00,1.000000000000000000e+00,8.590848757935363013e-04,1.350108890068749644e-03,1.394003579148751087e-03,7.832077563813079129e-04,8.828926137073557501e-02,2.605516053091821299e-02,2.669585694675758458e-01,7.838256530847867443e-02,8.584015288534418975e-04,1.360827184234829216e-03,2.007026063692049327e-03,2.779980797356731460e-03,2.185032532179244022e-02,8.756741836862473594e-03
2.190000000000000002e-01,0.000000000000000000e+00,2.301937369293404010e-03,2.827326640604718375e-03,2.315480174562715380e-03,2.854153901001518084e-03,1.000000000000000000e+00,1.000000000000000000e+00,8.598020892943366873e-04,1.350508458786535936e-03,1.434427001600864027e-03,7.991374355726605164e-04,8.724700550555188061e-02,2.530565772286584580e-02,2.639989591995176021e-01,7.627690148061663789e-02,8.594620539984856606e-04,1.362220894992674297e-03,2.234593415839535545e-03,2.794780882361566805e-03,2.185032532179244022e-02,8.756741836862473594e-03
2.195000000000000007e-01,0.000000000000000000e+00,2.302869865061966427e-03,2.827723030048877317e-03,2.316512670655572481e-03,2.854429608201112644e-03,1.000000000000000000e+00,1.000000000000000000e+00,8.605164224960760739e-04,1.350904848230694445e-03,1.428666403478697378e-03,7.927788883169470781e-04,8.639028281863346537e-02,2.471642491866973129e-02,2.615593422499956078e-01,7.462642799457901155e-02,8.606157187357431348e-04,1.363610216594813391e-03,2.379740641908037121e-03,2.762515552585390315e-03,2.185032532179244022e-02,8.756741836862473594e-03
2.200000000000000011e-01,0.000000000000000000e+00,2.303774890388211264e-03,2.828107161134394733e-03,2.317532448608307372e-03,2.854705855716084713e-03,1.000000000000000000e+00,1.000000000000000000e+00,8.612097121181277451e-04,1.351288979316212077e-03,1.386579244103425170e-03,7.682621710353980003e-04,8.704766572975269900e-02,3.030252233040206869e-02,2.648281859796192128e-01,9.681655683479920005e-02,8.614477319320958722e-04,1.359632844192553694e-03,2.408595613543480698e-03,2.000582626382234157e-03,2.186446250783259659e-02,8.956848010422088432e-03
2.205000000000000016e-01,0.000000000000000000e+00,2.304670567381595682e-03,2.828573625983044938e-03,2.318538932424607773e-03,2.854982867945998759e-03,1.000000000000000000e+00,1.000000000000000000e+00,8.618958405017392802e-04,1.351755444164862065e-03,1.372256767223064026e-03,9.329296972997802931e-04,8.621068921390366568e-02,2.889453211132731944e-02,2.610111771857023810e-01,8.662934430329033431e-02,8.626834579788228820e-04,1.360698063078364392e-03,2.534018805859010025e-03,2.259750397622035598e-03,2.186446250783259659e-02,8.956848010422088432e-03
2.210000000000000020e-01,0.000000000000000000e+00,2.305568484376547579e-03,2.829054219881986867e-03,2.319531553096955065e-03,2.855260884336315204e-03,1.000000000000000000e+00,1.000000000000000000e+00,8.625836848261042361e-04,1.352236038063803995e-03,1.375688648730010160e-03,9.611877978838182174e-04,8.552759211752290758e-02,2.774497833224532500e-02,2.590740224037428319e-01,8.337532035676972764e-02,8.639654623741078185e-04,1.361870134611103782e-03,2.593834405575990484e-03,2.428165054458386075e-03,2.186446250783259659e-02,8.956848010422088432e-03
2.215000000000000024e-01,0.000000000000000000e+00,2.306455248730164727e-03,2.829523451546465170e-03,2.320509749263508989e-03,2.855540159794228792e-03,1.000000000000000000e+00,1.000000000000000000e+00,8.632629857315489603e-04,1.352705269728282514e-03,1.358601810889543742e-03,9.384633289572074516e-04,8.498091163864487929e-02,2.681108014228423403e-02,2.575277175112945516e-01,8.072286428707133032e-02,8.652640707663880040e-04,1.363107962927974023e-03,2.600537098510664023e-03,2.522917805002231929e-03,2.186446250783259659e-02,8.956848010422088432e-03
2.220000000000000029e-01,0.000000000000000000e+00,2.307314083529047807e-03,2.829968222974405846e-03,2.321472967864986713e-03,2.855820965104503492e-03,1.000000000000000000e+00,1.000000000000000000e+00,8.639208913567902534e-04,1.353150041156223190e-03,1.315811250482561406e-03,8.895428558814667212e-04,8.455768913123488939e-02,3.082498657456607394e-02,2.563349260886174097e-01,9.709401783757347359e-02,8.676846320752729493e-04,1.360327422096351078e-03,2.711670282620688797e-03,2.032604677857217761e-03,2.182216112877933753e-02,9.108606342622433891e-03
2.225000000000000033e-01,0.000000000000000000e+00,2.308130146967433266e-03,2.830461179901027496e-03,2.322420664801548400e-03,2.856103587345303930e-03,1.000000000000000000e+00,1.000000000000000000e+00,8.645460322189978683e-04,1.353642998082844624e-03,1.250281724415300104e-03,9.859138532428747288e-04,8.418517455396022642e-02,2.937974605812137402e-02,2.552252699508598677e-01,8.808369427936786622e-02,8.690245971924772522e-04,1.361411159845313072e-03,2.648262431617684921e-03,2.301783697238126130e-03,2.182216112877933753e-02,9.108606342622433891e-03
2.230000000000000038e-01,0.000000000000000000e+00,2.308925189922806515e-03,2.830944421617518844e-03,2.323352305589677577e-03,2.856388330304037229e-03,1.000000000000000000e+00,1.000000000000000000e+00,8.651550704570028011e-04,1.354126239799336405e-03,1.218076476009847219e-03,9.664834329835404834e-04,8.389974719110082635e-02,2.819722967253022322e-02,2.544228626188336784e-01,8.471909729314784643e-02,8.703258461828698939e-04,1.362606145860478356e-03,2.556861488743560930e-03,2.477774136820964142e-03,2.182216112877933753e-02,9.108606342622433891e-03
2.235000000000000042e-01,0.000000000000000000e+00,2.309693340024301933e-03,2.831396979721134861e-03,2.324267366019063669e-03,2.856675514893184439e-03,1.000000000000000000e+00,1.000000000000000000e+00,8.657435075737346516e-04,1.354578797902952422e-03,1.176874233463738638e-03,9.051162072321635842e-04,8.369187713264550355e-02,2.723515092987623121e-02,2.538439926919054401e-01,8.197370304155915388e-02,8.715761307129926130e-04,1.363870140119951549e-03,2.444447240042893748e-03,2.577960973032921831e-03,2.182216112877933753e-02,9.108606342622433891e-03
2.240000000000000047e-01,0.000000000000000000e+00,2.310423188126118667e-03,2.831810045426664743e-03,2.325165332809483662e-03,2.856965479566135439e-03,1.000000000000000000e+00,1.000000000000000000e+00,8.663026036564522997e-04,1.354991863608481870e-03,1.118192165435269057e-03,8.261314110588368394e-04,8.247875953659355996e-02,3.078053878749237304e-02,2.492884134188959322e-01,9.654029538158113988e-02,8.750635167594419126e-04,1.361610549683463754e-03,2.615260149862050180e-03,2.155172289757045952e-03,2.173610714113119805e-02,9.241913165771404454e-03
2.245000000000000051e-01,0.000000000000000000e+00,2.311075345597980030e-03,2.832253068512922186e-03,2.326045704267687246e-03,2.857258580733026444e-03,1.000000000000000000e+00,1.000000000000000000e+00,8.668021852638100027e-04,1.355434886694739530e-03,9.991632147153127648e-04,8.860461725152828007e-04,8.253632599834803685e-02,2.938922075051447758e-02,2.505035709034044711e-01,8.812836903001401712e-02,8.763185156155340553e-04,1.362749625559292205e-03,2.405095144385234127e-03,2.400612507038719055e-03,2.173610714113119805e-02,9.241913165771404454e-03
2.250000000000000056e-01,0.000000000000000000e+00,2.311693849218712793e-03,2.832664505654197695e-03,2.326907990944274141e-03,2.857555193176574467e-03,1.000000000000000000e+00,1.000000000000000000e+00,8.672759865255212468e-04,1.355846323836014822e-03,9.476025234224427296e-04,8.228742825504852020e-04,8.261230365024506417e-02,2.825468509364351469e-02,2.507304396371737298e-01,8.489091309651113082e-02,8.774700720643563131e-04,1.363988985550748005e-03,2.201481733034574804e-03,2.556478556075724145e-03,2.173610714113119805e-02,9.241913165771404454e-03
2.255000000000000060e-01,0.000000000000000000e+00,2.312278089902823110e-03,2.833031229540560782e-03,2.327751716290580100e-03,2.857855710467913958e-03,1.000000000000000000e+00,1.000000000000000000e+00,8.677235408550283387e-04,1.356213047722377909e-03,8.951086590141346406e-04,7.334477727260259880e-04,8.270813077669311730e-02,2.733336766916483196e-02,2.510183351188243206e-01,8.225441549989476187e-02,8.785218006470789636e-04,1.365288094465280308e-03,2.005772135059020675e-03,2.639746635346725857e-03,2.173610714113119805e-02,9.241913165771404454e-03
2.260000000000000064e-01,0.000000000000000000e+00,2.312821211296155546e-03,2.833352481188805734e-03,2.328576417315559449e-03,2.858160545382428669e-03,1.000000000000000000e+00,1.000000000000000000e+00,8.681395959803295172e-04,1.356534299370622861e-03,8.321102506024465094e-04,6.425032964898639079e-04,8.675715385588168849e-02,3.050669001320651524e-02,2.666382729607748581e-01,9.533763499784850270e-02,8.755540042421429458e-04,1.363530235874746985e-03,1.310225051982060514e-03,2.264319345470199203e-03,2.188311321793034309e-02,9.357447631428547977e-03
2.265000000000000069e-01,0.000000000000000000e+00,2.313425778401586273e-03,2.833698008745245793e-03,2.329381645242664580e-03,2.858470130315591759e-03,1.000000000000000000e+00,1.000000000000000000e+00,8.686027212519369751e-04,1.356879826927063354e-03,9.262505432148744394e-04,6.910551128807719936e-04,8.617641071668183383e-02,2.921096732658352152e-02,2.609611743711230947e-01,8.761116528255535885e-02,8.762367110664378992e-04,1.364715014856355147e-03,1.420362999280144409e-03,2.474344780695972995e-03,2.188311321793034309e-02,9.357447631428547977e-03
2.270000000000000073e-01,0.000000000000000000e+00,2.314062451046990966e-03,2.834049508806645631e-03,2.330166966166728922e-03,2.858784917698798528e-03,1.000000000000000000e+00,1.000000000000000000e+00,8.690904407940352669e-04,1.357231326988462975e-03,9.754390841965040809e-04,7.030001227994048252e-04,8.570380150512227346e-02,2.815234198921504408e-02,2.596396616447914640e-01,8.460952714233657690e-02,8.769630272402475189e-04,1.365983958998629724e-03,1.484749467805583818e-03,2.601138110252992301e-03,2.188311321793034309e-02,9.357447631428547977e-03
2.275000000000000078e-01,0.000000000000000000e+00,2.314709102638205524e-03,2.834395274094370001e-03,2.330931961710852509e-03,2.859105380415201750e-03,1.000000000000000000e+00,1.000000000000000000e+00,8.695858046521193251e-04,1.357577092276187345e-03,9.907277161681120672e-04,6.915305754487182863e-04,8.532338902237661393e-02,2.729660160216901971e-02,2.585713682642774569e-01,8.218637570878617460e-02,8.777122744938420460e-04,1.367299380189225576e-03,1.512158114393342880e-03,2.660382127302116963e-03,2.188311321793034309e-02,9.357447631428547977e-03
2.280000000000000082e-01,0.000000000000000000e+00,2.315348787598243193e-03,2.834727585940246403e-03,2.331676229683279748e-03,2.859432012215548310e-03,1.000000000000000000e+00,1.000000000000000000e+00,8.700758317611029117e-04,1.357909404122063747e-03,9.800542179671971939e-04,6.646236917528148972e-04,9.045766062645387018e-02,2.728856279996540179e-02,2.788319325709566199e-01,8.287756706432806986e-02,8.725748746199826506e-04,1.368821378864960121e-03,7.453683028321978453e-04,2.690182370656635756e-03,2.210388236905723794e-02,9.350310020780209716e-03
2.285000000000000087e-01,0.000000000000000000e+00,2.316115493187655312e-03,2.835053031304659524e-03,2.332399384734283251e-03,2.859765328134012807e-03,1.000000000000000000e+00,1.000000000000000000e+00,8.706631623173804926e-04,1.358234849486476868e-03,1.174661112555173970e-03,6.508907288264449394e-04,8.927096670663119127e-02,2.659794191437429151e-02,2.699122328784793745e-01,8.019815824397434623e-02,8.730397077026052187e-04,1.370167715193652824e-03,1.113233543078341343e-03,2.695102529936931144e-03,2.210388236905723794e-02,9.350310020780209716e-03
2.290000000000000091e-01,0.000000000000000000e+00,2.316936706093940170e-03,2.835399896265835586e-03,2.333101059013047672e-03,2.860105864904036350e-03,1.000000000000000000e+00,1.000000000000000000e+00,8.712922479008574674e-04,1.358581714447652930e-03,1.258171166954030664e-03,6.937299223519547125e-04,8.828189935762614793e-02,2.605090826671570964e-02,2.671149359574678805e-01,7.867611770929142101e-02,8.736646943897966554e-04,1.371505670395765236e-03,1.386160657689211682e-03,2.656742058384430234e-03,2.210388236905723794e-02,9.350310020780209716e-03
2.295000000000000095e-01,0.000000000000000000e+00,2.317782442245722684e-03,2.835758920972895458e-03,2.333780902824550071e-03,2.860454181374157134e-03,1.000000000000000000e+00,1.000000000000000000e+00,8.719401193802751729e-04,1.358940739154712802e-03,1.295742958835497012e-03,7.180494141199412561e-04,8.745905147870013108e-02,2.563163502984133063e-02,2.647774910255288328e-01,7.752210515023875981e-02,8.744064100846230415e-04,1.372815965586565885e-03,1.580297856218189703e-03,2.584529135605076553e-03,2.210388236905723794e-02,9.350310020780209716e-03
2.300000000000000100e-01,0.000000000000000000e+00,2.318630206919017420e-03,2.836121550333045235e-03,2.334438585284224175e-03,2.860810858918052223e-03,1.000000000000000000e+00,1.000000000000000000e+00,8.725895447973253116e-04,1.359303368514862363e-03,1.298850834100225135e-03,7.252587202993186722e-04,9.027957007446082982e-02,3.694639580684318247e-02,2.764350086760994918e-01,1.218248799717316505e-01,8.715295702365499384e-04,1.363658379800922931e-03,1.229192347017470360e-03,1.133986629134987618e-03,2.224246964102277388e-02,9.740878414791959150e-03
2.305000000000000104e-01,0.000000000000000000e+00,2.319557025675053532e-03,2.836676521509928772e-03,2.335073794829455301e-03,2.861176501470156629e-03,1.000000000000000000e+00,1.000000000000000000e+00,8.732995291551652302e-04,1.359858339691746116e-03,1.419968715679925664e-03,1.109942353767687934e-03,8.910876005491494278e-02,3.467427473771569901e-02,2.695249891043370871e-01,1.034575796908723255e-01,8.722265481633927498e-04,1.364367636977928530e-03,1.558055688052652210e-03,1.701914638217915266e-03,2.224246964102277388e-02,9.740878414791959150e-03
2.310000000000000109e-01,0.000000000000000000e+00,2.320590034843674800e-03,2.837310654624065898e-03,2.335686239128960569e-03,2.861551733986722468e-03,1.000000000000000000e+00,1.000000000000000000e+00,8.740908600884785213e-04,1.360492472805883025e-03,1.582661866626546530e-03,1.268266228273958861e-03,8.812455628096257931e-02,3.278734849422985237e-02,2.667622928370677049e-01,9.811668193164287122e-02,8.730645825689043599e-04,1.365323798112638796e-03,1.793593794206106923e-03,2.121879879272558968e-03,2.224246964102277388e-02,9.740878414791959150e-03
2.315000000000000113e-01,0.000000000000000000e+00,2.321706303513752963e-03,2.837985596663461594e-03,2.336275644608296499e-03,2.861937199902989289e-03,1.000000000000000000e+00,1.000000000000000000e+00,8.749459715002198086e-04,1.361167414845278938e-03,1.710222823482487669e-03,1.349884078791897465e-03,8.731108829029779472e-02,3.122286643964239036e-02,2.644903906818467654e-01,9.367613007666557301e-02,8.740008410368327275e-04,1.366459294055762368e-03,1.951099451671307536e-03,2.419484228559715816e-03,2.224246964102277388e-02,9.740878414791959150e-03
2.320000000000000118e-01,0.000000000000000000e+00,2.322879286435335870e-03,2.838677599710699023e-03,2.336841755945246596e-03,2.862333558511609248e-03,1.000000000000000000e+00,1.000000000000000000e+00,8.758445285491717408e-04,1.361859417892516584e-03,1.797114097903934572e-03,1.384006094475183010e-03,8.367998977937225746e-02,3.914346636463934825e-02,2.511149839221700764e-01,1.257828584272541184e-01,8.789861779326303302e-04,1.359815498066117975e-03,2.561766928392320095e-03,1.590664612574109373e-03,2.209312680983948132e-02,1.003694313541923615e-02
2.325000000000000122e-01,0.000000000000000000e+00,2.324004827290353584e-03,2.839524910188371241e-03,2.337384335565215882e-03,2.862741482341063168e-03,1.000000000000000000e+00,1.000000000000000000e+00,8.767067428666616225e-04,1.362706728370188802e-03,1.724428634979758082e-03,1.694620955344232306e-03,8.363411335341386366e-02,3.645462495937887293e-02,2.540096705552685741e-01,1.086723200549075813e-01,8.802244031822008220e-04,1.360775469809744542e-03,2.391417411736351025e-03,2.247912346082701473e-03,2.209312680983948132e-02,1.003694313541923615e-02
2.330000000000000127e-01,0.000000000000000000e+00,2.325139723703027565e-03,2.840429607844374878e-03,2.337903163136609806e-03,2.863161654534060116e-03,1.000000000000000000e+00,1.000000000000000000e+00,8.775761239571058933e-04,1.363611426026192222e-03,1.738762180888547447e-03,1.809395312007028604e-03,8.361972243947052297e-02,3.421926324110838996e-02,2.539982427041254653e-01,1.023208443526169437e-01,8.813770016996596473e-04,1.362020244648412450e-03,2.219266726480889455e-03,2.730205290022808592e-03,2.209312680983948132e-02,1.003694313541923615e-02
2.335000000000000131e-01,0.000000000000000000e+00,2.326298180152425610e-03,2.841342037819515921e-03,2.338398035066217937e-03,2.863594766225946962e-03,1.000000000000000000e+00,1.000000000000000000e+00,8.784635530827627570e-04,1.364523856001333049e-03,1.774858251313791426e-03,1.824859950281467955e-03,8.363664971936790593e-02,3.236983702304389865e-02,2.540896111054953832e-01,9.705119634851873400e-02,8.824436848249715866e-04,1.363469896687374491e-03,2.047757846140022073e-03,3.067694033533120007e-03,2.209312680983948132e-02,1.003694313541923615e-02
2.340000000000000135e-01,0.000000000000000000e+00,2.327477086505260091e-03,2.842233213745665697e-03,2.338868763994606317e-03,2.864041513923118801e-03,1.000000000000000000e+00,1.000000000000000000e+00,8.793666477433091004e-04,1.365415031927482824e-03,1.806189321092643288e-03,1.782351852299504788e-03,8.721320826060738329e-02,2.759888021404865305e-02,2.679768816368679474e-01,8.008840544420610386e-02,8.793724543385826077e-04,1.369548214091826028e-03,1.353378360967193985e-03,3.868600337399488373e-03,2.224496225610132771e-02,9.868741788207305299e-03
2.345000000000000140e-01,0.000000000000000000e+00,2.328761926182853007e-03,2.843031075221496770e-03,2.339315178291496815e-03,2.864502596881417663e-03,1.000000000000000000e+00,1.000000000000000000e+00,8.803508920386281982e-04,1.366212893403314114e-03,1.968488590638135197e-03,1.595722951662619741e-03,8.666921551936809798e-02,2.686564255568235290e-02,2.628710296883869924e-01,8.125735157725243185e-02,8.800720168317008275e-04,1.371466360226173764e-03,1.444668255889556586e-03,3.804036835194272038e-03,2.224496225610132771e-02,9.868741788207305299e-03
2.350000000000000144e-01,0.000000000000000000e+00,2.330089190246859530e-03,2.843764901900231075e-03,2.339737121551149508e-03,2.864978714484544674e-03,1.000000000000000000e+00,1.000000000000000000e+00,8.813676352994116898e-04,1.366946720082048202e-03,2.033486521567044042e-03,1.467653357468143164e-03,8.623385001374864189e-02,2.630005746039776326e-02,2.616686307697730918e-01,7.964819187846532145e-02,8.808065209492309472e-04,1.373340889559596578e-03,1.493226351837354665e-03,3.694222477598774375e-03,2.224496225610132771e-02,9.868741788207305299e-03
2.355000000000000149e-01,0.000000000000000000e+00,2.331421655238248396e-03,2.844450705586247952e-03,2.340134452087755910e-03,2.865470563622467010e-03,1.000000000000000000e+00,1.000000000000000000e+00,8.823883627017156759e-04,1.367632523768065296e-03,2.041454804607949983e-03,1.371607372033984947e-03,8.588776396274756808e-02,2.587776613298563982e-02,2.606991500009200324e-01,7.846205882930046283e-02,8.815567994079551162e-04,1.375151920433204718e-03,1.507830826235630195e-03,3.550111861305025457e-03,2.224496225610132771e-02,9.868741788207305299e-03
2.360000000000000153e-01,0.000000000000000000e+00,2.332735785319294246e-03,2.845097262368040912e-03,2.340507042430817457e-03,2.865978836069821810e-03,1.000000000000000000e+00,1.000000000000000000e+00,8.833950447478364394e-04,1.368279080549858473e-03,2.013364092241493215e-03,1.293113563586409127e-03,8.829429982963908630e-02,3.329205875885790644e-02,2.703303735033878441e-01,1.075935158368000744e-01,8.791336954721346757e-04,1.370811818181415405e-03,1.083823801304592809e-03,2.593002865959375888e-03,2.236386991494916307e-02,1.009624917115558955e-02
2.365000000000000158e-01,0.000000000000000000e+00,2.334088300015068132e-03,2.845839407476061754e-03,2.340854778820533090e-03,2.866504215864325300e-03,1.000000000000000000e+00,1.000000000000000000e+00,8.844311311147706007e-04,1.369021225657879315e-03,2.072172733868394168e-03,1.484290216041635625e-03,8.762602977976868823e-02,3.169295598387417146e-02,2.657024152334967471e-01,9.511140987099191146e-02,8.797156386704072396e-04,1.372176190719457713e-03,1.243617321915933393e-03,2.863910709636529120e-03,2.236386991494916307e-02,1.009624917115558955e-02
2.370000000000000162e-01,0.000000000000000000e+00,2.335481288765865748e-03,2.846625583191457129e-03,2.341177560703182510e-03,2.867047376685177146e-03,1.000000000000000000e+00,1.000000000000000000e+00,8.854982224066466727e-04,1.369807401373274473e-03,2.134182583752064575e-03,1.572351430790438521e-03,8.707114467149609793e-02,3.038841216120032745e-02,2.641408287789927534e-01,9.143660610581061388e-02,8.803642073309185089e-04,1.373650259894416449e-03,1.350425816752901572e-03,3.031984559105262676e-03,2.236386991494916307e-02,1.009624917115558955e-02
2.375000000000000167e-01,0.000000000000000000e+00,2.336904879628949432e-03,2.847427171776427748e-03,2.341475300226513769e-03,2.867608979231469138e-03,1.000000000000000000e+00,1.000000000000000000e+00,8.865887562765864972e-04,1.370608989958245092e-03,2.181067739879665856e-03,1.603177169941261485e-03,8.661665672716392650e-02,2.933352125543205874e-02,2.628667674312553659e-01,8.846268550483404880e-02,8.810552265002011361e-04,1.375187486658441998e-03,1.413502504461055902e-03,3.116700226246114751e-03,2.236386991494916307e-02,1.009624917115558955e-02
2.380000000000000171e-01,0.000000000000000000e+00,2.338345810520740288e-03,2.848226644094606786e-03,2.341747921735127386e-03,2.868189668600591713e-03,1.000000000000000000e+00,1.000000000000000000e+00,8.876925733791617883e-04,1.371408462276424130e-03,2.207634205150605690e-03,1.598944636357975792e-03,8.249850926920858363e-02,3.172802271606595115e-02,2.472710806871153133e-01,9.866136014690268796e-02,8.862361876807534154e-04,1.375276137772909546e-03,2.020694091583286490e-03,2.943234859704926907e-03,2.219650997936526565e-02,1.015147666098308206e-02
2.385000000000000175e-01,0.000000000000000000e+00,2.339689597227866819e-03,2.849067403427962310e-03,2.341995361265858736e-03,2.868790071666639171e-03,1.000000000000000000e+00,1.000000000000000000e+00,8.887219737188932532e-04,1.372249221609779654e-03,2.058800679462824933e-03,1.681518666710846589e-03,8.284780788091436476e-02,3.042959445130879320e-02,2.520881176256020706e-01,9.159947372301330271e-02,8.871787125034526905e-04,1.376788010377908919e-03,1.749894386985980689e-03,3.103887083598347914e-03,2.219650997936526565e-02,1.015147666098308206e-02
2.390000000000000180e-01,0.000000000000000000e+00,2.340972469038636247e-03,2.849901319178327602e-03,2.342217566043167803e-03,2.869410794458818366e-03,1.000000000000000000e+00,1.000000000000000000e+00,8.897047105407670164e-04,1.373083137360144946e-03,1.965473643747498583e-03,1.667831500730485765e-03,8.316541818854777945e-02,2.938412758567587185e-02,2.529889255802975634e-01,8.864353172550544502e-02,8.879932479278269302e-04,1.378359444386226176e-03,1.508683991380494003e-03,3.181638882094761471e-03,2.219650997936526565e-02,1.015147666098308206e-02
2.395000000000000184e-01,0.000000000000000000e+00,2.342212340597852639e-03,2.850702715494000082e-03,2.342414493974518969e-03,2.870052419539854786e-03,1.000000000000000000e+00,1.000000000000000000e+00,8.906545072588857755e-04,1.373884533675817426e-03,1.899593436237504438e-03,1.602792631345066957e-03,8.345551536632667133e-02,2.855146325600986870e-02,2.538200792081991564e-01,8.628264001332491828e-02,8.886939041415104368e-04,1.379953164906897551e-03,1.294329800807576814e-03,3.193160643772162324e-03,2.219650997936526565e-02,1.015147666098308206e-02
2.399999999999999911e-01,0.000000000000000000e+00,2.343416092976781297e-03,2.851459072822637442e-03,2.342586113145771632e-03,2.870715503384398213e-03,1.000000000000000000e+00,1.000000000000000000e+00,8.915766350796554664e-04,1.374640891004455003e-03,1.844255641539345675e-03,1.512714657275111363e-03,8.472955534041787251e-02,3.499049094489883188e-02,2.584999165221297801e-01,1.119733310284683342e-01,8.878334011898858730e-04,1.376500158469216167e-03,9.149793250481301314e-04,2.498519832085851870e-03,2.225121041608775149e-02,1.034026887789088467e-02
2.404999999999999916e-01,0.000000000000000000e+00,2.344611918861033619e-03,2.852285186535512274e-03,2.342732401316558691e-03,2.871400573757429669e-03,1.000000000000000000e+00,1.000000000000000000e+00,8.924926908532247174e-04,1.375467004717329401e-03,1.832111547138482073e-03,1.652227425748925083e-03,8.480884135735231033e-02,3.317740622025987934e-02,2.577157497891079396e-01,9.947718348715529901e-02,8.882668579572994662e-04,1.377834849612673490e-03,8.190173371072475075e-04,2.839533422792671520e-03,2.225121041608775149e-02,1.034026887789088467e-02
2.409999999999999920e-01,0.000000000000000000e+00,2.345824188481122896e-03,2.853129767361205649e-03,2.342853345415679342e-03,2.872108127092669674e-03,1.000000000000000000e+00,1.000000000000000000e+00,8.934213432592562343e-04,1.376311585543022993e-03,1.857304812063141066e-03,1.689161651387265962e-03,8.488465536165071268e-02,3.168988508409619625e-02,2.579518155034461468e-01,9.525903416952977154e-02,8.886541036174925223e-04,1.379310757220648725e-03,7.301229456016544196e-04,3.063606981803804023e-03,2.225121041608775149e-02,1.034026887789088467e-02
2.414999999999999925e-01,0.000000000000000000e+00,2.347056669066099541e-03,2.853965722043162213e-03,2.342948941036477120e-03,2.872838625870984333e-03,1.000000000000000000e+00,1.000000000000000000e+00,8.943654781626296556e-04,1.377147540224979774e-03,1.888269806746759819e-03,1.671909363913380835e-03,8.495948809478096053e-02,3.047918163971342215e-02,2.581891678501528342e-01,9.182171723333547309e-02,8.889985876770000557e-04,1.380874811075595825e-03,6.479595058554079440e-04,3.192299926008035013e-03,2.225121041608775149e-02,1.034026887789088467e-02
2.419999999999999929e-01,0.000000000000000000e+00,2.348304510140447089e-03,2.854778221178968026e-03,2.343019191932227061e-03,2.873592495998789249e-03,1.000000000000000000e+00,1.000000000000000000e+00,8.953213798835290681e-04,1.377960039360785153e-03,1.911803441798751125e-03,1.624998271610696718e-03,8.854605573550257402e-02,3.485985040243336219e-02,2.720629962562377546e-01,1.098541536817759373e-01,8.846540855662806411e-04,1.379363869252604995e-03,-3.095094093120932463e-05,2.839042678979932996e-03,2.242539766760544284e-02,1.045715534642119825e-02
2.424999999999999933e-01,0.000000000000000000e+00,2.349654482823024249e-03,2.855649708322933328e-03,2.343064109511522851e-03,2.874370124186461685e-03,1.000000000000000000e+00,1.000000000000000000e+00,8.963555189553795840e-04,1.378831526504750889e-03,2.068278143700958034e-03,1.742974287931266285e-03,8.803535317752622658e-02,3.306510982534459353e-02,2.670757345312118058e-01,9.917990431854013800e-02,8.846841535648135909e-04,1.380861406297519004e-03,1.508694331691438732e-04,3.150445413135683631e-03,2.242539766760544284e-02,1.045715534642119825e-02
2.429999999999999938e-01,0.000000000000000000e+00,2.351089447336357843e-03,2.856550982730445432e-03,2.343083712333661386e-03,2.875171855326743176e-03,1.000000000000000000e+00,1.000000000000000000e+00,8.974547655468917244e-04,1.379732800912262776e-03,2.198493183024287714e-03,1.802548815023785394e-03,8.760349626939360757e-02,3.159494558603935521e-02,2.658826521300462487e-01,9.502031945798447565e-02,8.847948395815699021e-04,1.382485716770076589e-03,2.915977212991807503e-04,3.346355422151605415e-03,2.242539766760544284e-02,1.045715534642119825e-02
2.434999999999999942e-01,0.000000000000000000e+00,2.352590299152957504e-03,2.857462647449193500e-03,2.343078025604022983e-03,2.875997989873145186e-03,1.000000000000000000e+00,1.000000000000000000e+00,8.986044847409432445e-04,1.380644465631010844e-03,2.299438388103024981e-03,1.823329437495960735e-03,8.724127970515133113e-02,3.040273831955249417e-02,2.648819015791870068e-01,9.165146826300213379e-02,8.849672195616200372e-04,1.384184435348412377e-03,3.977100402011569773e-04,3.448257211066328189e-03,2.242539766760544284e-02,1.045715534642119825e-02
2.439999999999999947e-01,0.000000000000000000e+00,2.354138844229983641e-03,2.858371519639261484e-03,2.343047080669463308e-03,2.876848781218360393e-03,1.000000000000000000e+00,1.000000000000000000e+00,8.997907390921181577e-04,1.381553337821079044e-03,2.372508702349792210e-03,1.817744380136565932e-03,7.949134823176584597e-02,3.623337541437344350e-02,2.351200220112529549e-01,1.153117408996403581e-01,8.936787241898717709e-04,1.381601036627864683e-03,1.577016315460491808e-03,2.914692643254029880e-03,2.210721094564541481e-02,1.061877604933672212e-02
2.444999999999999951e-01,0.000000000000000000e+00,2.355517806395222846e-03,2.859382998446171817e-03,2.342990914513695764e-03,2.877724433072666611e-03,1.000000000000000000e+00,1.000000000000000000e+00,9.008470853960707245e-04,1.382564816627989378e-03,2.112692607905085861e-03,2.022957613820540543e-03,8.053035955852155814e-02,3.420390797219003548e-02,2.456749518337724703e-01,1.025143743446443600e-01,8.943460281849077145e-04,1.383151584116182288e-03,1.093112246822116598e-03,3.286717733809218882e-03,2.210721094564541481e-02,1.061877604933672212e-02
2.449999999999999956e-01,0.000000000000000000e+00,2.356809223187819862e-03,2.860414989312342476e-03,2.342909569252672568e-03,2.878625096842332871e-03,1.000000000000000000e+00,1.000000000000000000e+00,9.018363680537903968e-04,1.383596807494159820e-03,1.978565315439423551e-03,2.063981732341081329e-03,8.142216296466822656e-02,3.254477096435939854e-02,2.482018677218704172e-01,9.781567587364128902e-02,8.947926093373952594e-04,1.384855383109716417e-03,6.939690210847203507e-04,3.527946354558543669e-03,2.210721094564541481e-02,1.061877604933672212e-02
2.454999999999999960e-01,0.000000000000000000e+00,2.358060115310592168e-03,2.861422285917260104e-03,2.342803091629974948e-03,2.879550869008027682e-03,1.000000000000000000e+00,1.000000000000000000e+00,9.027946070133813488e-04,1.384604104099077448e-03,1.916477919181950153e-03,2.014593209835308703e-03,8.218815869218062953e-02,3.119858938414016639e-02,2.503924858883215809e-01,9.398903496118925227e-02,8.950578003595681094e-04,1.386653171632236912e-03,3.674178978360425826e-04,3.662878299449594949e-03,2.210721094564541481e-02,1.061877604933672212e-02
2.459999999999999964e-01,0.000000000000000000e+00,2.359293500710750793e-03,2.862380930947350764e-03,2.342671532512198562e-03,2.880501788503225975e-03,1.000000000000000000e+00,1.000000000000000000e+00,9.037394350453970340e-04,1.385562749129168325e-03,1.889656064031366555e-03,1.917290060181660316e-03,7.885843173522114058e-02,3.184257244521065261e-02,2.367971420002540628e-01,9.760993523513553094e-02,8.993219331093674608e-04,1.389335378937756179e-03,6.411313910602749536e-04,3.820969026373868815e-03,2.195186442636412605e-02,1.058736680215886274e-02
2.464999999999999969e-01,0.000000000000000000e+00,2.360410345932505150e-03,2.863309105382635424e-03,2.342514946384331546e-03,2.881477834092613030e-03,1.000000000000000000e+00,1.000000000000000000e+00,9.045949881213459151e-04,1.386490923564452768e-03,1.711106151897796640e-03,1.856348870568906313e-03,8.012574564935209809e-02,3.057380669226233971e-02,2.444954099814035664e-01,9.211439095152254564e-02,8.995172194318554583e-04,1.391268780340517656e-03,1.409758141202063601e-04,3.912386354476677514e-03,2.195186442636412605e-02,1.058736680215886274e-02
2.469999999999999973e-01,0.000000000000000000e+00,2.361463746828764039e-03,2.864172828076451058e-03,2.342333390845148175e-03,2.882478921750493590e-03,1.000000000000000000e+00,1.000000000000000000e+00,9.054019400243014685e-04,1.387354646258268185e-03,1.613903805911050433e-03,1.727445387630694232e-03,8.120446132203827661e-02,2.956437324636583194e-02,2.475669868168037524e-01,8.923838306936980602e-02,8.994880951075463413e-04,1.393227764789266993e-03,-2.567013174373110503e-04,3.923455956409228895e-03,2.195186442636412605e-02,1.058736680215886274e-02
2.474999999999999978e-01,0.000000000000000000e+00,2.362479863451749998e-03,2.864958348778063636e-03,2.342126926102588644e-03,2.883504902039200554e-03,1.000000000000000000e+00,1.000000000000000000e+00,9.061803305169007687e-04,1.388140166959881197e-03,1.556780985198545804e-03,1.571041403226216106e-03,8.212047085084132891e-02,2.877252865325178460e-02,2.501824833011782601e-01,8.697775568644380839e-02,8.992819091956455674e-04,1.395176427421226158e-03,-5.674323454260199115e-04,3.871222158578933523e-03,2.195186442636412605e-02,1.058736680215886274e-02
2.479999999999999982e-01,0.000000000000000000e+00,2.363468331028465569e-03,2.865664610203177455e-03,2.341895614469145792e-03,2.884555557487495855e-03,1.000000000000000000e+00,1.000000000000000000e+00,9.069375406112473040e-04,1.388846428384995016e-03,1.514420188693053415e-03,1.412522850227635515e-03,8.294588629434410110e-02,3.206175035255214023e-02,2.525904959919116344e-01,1.003802199958123004e-01,8.980412953334971629e-04,1.395954302724757186e-03,-9.210634339514105727e-04,3.623004769700224545e-03,2.198548716214736298e-02,1.062978960490572333e-02
2.484999999999999987e-01,0.000000000000000000e+00,2.364431748992434218e-03,2.866363679550904507e-03,2.341639519857248788e-03,2.885630599968983488e-03,1.000000000000000000e+00,1.000000000000000000e+00,9.076755615889465015e-04,1.389545497732722068e-03,1.476041955398386040e-03,1.398138695453888646e-03,8.362000398003102686e-02,3.081041825508492454e-02,2.544897283947013533e-01,9.270826276831400925e-02,8.975370110457143741e-04,1.397790799751522485e-03,-1.095716185091743199e-03,3.722720686687460041e-03,2.198548716214736298e-02,1.062978960490572333e-02
2.489999999999999991e-01,0.000000000000000000e+00,2.365392376359448830e-03,2.867031397821776743e-03,2.341358707274650286e-03,2.886729668080511256e-03,1.000000000000000000e+00,1.000000000000000000e+00,9.084114448453556746e-04,1.390213216003594087e-03,1.471766512818442878e-03,1.335436541744000529e-03,8.417856016849764589e-02,2.981133626798264380e-02,2.560819228762795108e-01,8.987750384889144073e-02,8.969588222429831191e-04,1.399657281871614705e-03,-1.216782550586100169e-03,3.743097767517956660e-03,2.198548716214736298e-02,1.062978960490572333e-02
2.494999999999999996e-01,0.000000000000000000e+00,2.366354643628226003e-03,2.867660063367040955e-03,2.341053242319808374e-03,2.887852324520579460e-03,1.000000000000000000e+00,1.000000000000000000e+00,9.091485843393978632e-04,1.390841881548858299e-03,1.474278988084309341e-03,1.257331090528532791e-03,8.463923764705605368e-02,2.902465408585683942e-02,2.573951492521804330e-01,8.765166056907421066e-02,8.963311616170741014e-04,1.401518235239234593e-03,-1.293687193093696376e-03,3.700727489328631877e-03,2.198548716214736298e-02,1.062978960490572333e-02
2.500000000000000000e-01,0.000000000000000000e+00,2.367316135702414968e-03,2.868249763808347966e-03,2.340723190677276334e-03,2.888998053467750453e-03,1.000000000000000000e+00,1.000000000000000000e+00,9.098851299999330530e-04,1.391431581990165093e-03,1.473091321070409999e-03,1.179400882613437567e-03,7.855382625302809174e-02,3.662616318981062186e-02,2.333677773151986989e-01,1.178214384725635860e-01,9.025298174801728605e-04,1.398104985175690432e-03,-4.447928818131392792e-04,2.929485665041465809e-03,2.172865044442918309e-02,1.082612645386973535e-02
2.505000000000000004e-01,0.000000000000000000e+00,2.368098287510336623e-03,2.868942238132220299e-03,2.340368617613081993e-03,2.890166257959048655e-03,1.000000000000000000e+00,1.000000000000000000e+00,9.104842930460671545e-04,1.392124056314037643e-03,1.198326092268250541e-03,1.384948647745239386e-03,7.999437637874967644e-02,3.462551961493035013e-02,2.440556864353390920e-01,1.036243915592977433e-01,9.021873721947078206e-04,1.399660563458821104e-03,-9.240465312461811423e-04,3.292066004963995103e-03,2.172865044442918309e-02,1.082612645386973535e-02
2.510000000000000009e-01,0.000000000000000000e+00,2.368834163439022950e-03,2.869629371971535014e-03,2.339989587470117909e-03,2.891356257268374447e-03,1.000000000000000000e+00,1.000000000000000000e+00,9.110480067120621354e-04,1.392811190153352358e-03,1.127427331989997198e-03,1.374267678629543816e-03,8.119422289289875139e-02,3.299505950072340044e-02,2.474595330863949005e-01,9.899689285406929051e-02,9.016342483379280286e-04,1.401365146726962730e-03,-1.287723192138896973e-03,3.525749774022065089e-03,2.172865044442918309e-02,1.082612645386973535e-02
2.515000000000000013e-01,0.000000000000000000e+00,2.369571353821043648e-03,2.870274409185611525e-03,2.339586163163521592e-03,2.892567284284905480e-03,1.000000000000000000e+00,1.000000000000000000e+00,9.116127273077297881e-04,1.393456227367429086e-03,1.129441191335233156e-03,1.290074428153369958e-03,8.219652939516666756e-02,3.167169159827423752e-02,2.503286341810224136e-01,9.522389426775040855e-02,9.009233093997806238e-04,1.403160415385740429e-03,-1.555486771126008121e-03,3.655006518709106623e-03,2.172865044442918309e-02,1.082612645386973535e-02
2.520000000000000018e-01,0.000000000000000000e+00,2.370319206897305783e-03,2.870867258504425368e-03,2.339158405676064392e-03,2.893798482891507973e-03,1.000000000000000000e+00,1.000000000000000000e+00,9.121856160010699587e-04,1.394049076686242929e-03,1.145777386680320959e-03,1.185698637627477948e-03,7.824308893339172732e-02,4.018464136206264387e-02,2.341252240132719598e-01,1.293835839980521929e-01,9.047799187105890276e-04,1.398479591115064881e-03,-1.136017006566107483e-03,2.854113051927132001e-03,2.155326817563453512e-02,1.107037326915868113e-02
2.525000000000000022e-01,0.000000000000000000e+00,2.370944828698457775e-03,2.871570552498670884e-03,2.338706373553540389e-03,2.895048905343177922e-03,1.000000000000000000e+00,1.000000000000000000e+00,9.126648701053367277e-04,1.394752370680488228e-03,9.585082085336214201e-04,1.406587988490797620e-03,7.979121738048297607e-02,3.755826902915707782e-02,2.434432964765287088e-01,1.119829769664646840e-01,9.040941507669598238e-04,1.400044234843420997e-03,-1.606117802866601982e-03,3.403338340821983592e-03,2.155326817563453512e-02,1.107037326915868113e-02
2.530000000000000027e-01,0.000000000000000000e+00,2.371587019752806683e-03,2.872278684496477105e-03,2.338230122422865417e-03,2.896317509845455166e-03,1.000000000000000000e+00,1.000000000000000000e+00,9.131568169939412866e-04,1.395460502678294449e-03,9.838937772092164798e-04,1.416263995612299705e-03,8.107334379581665473e-02,3.539642114021195052e-02,2.471104484232960197e-01,1.058320369023718066e-01,9.032043298718082621e-04,1.401840922576157080e-03,-1.952460942141573570e-03,3.782609668988576486e-03,2.155326817563453512e-02,1.107037326915868113e-02
2.535000000000000031e-01,0.000000000000000000e+00,2.372274622415620083e-03,2.872957895515480115e-03,2.337729704826292144e-03,2.897603160915842614e-03,1.000000000000000000e+00,1.000000000000000000e+00,9.136835511928633651e-04,1.396139713697297459e-03,1.053468397844152266e-03,1.358422038006034055e-03,8.214012972557410697e-02,3.362443617518055816e-02,2.501847018291091795e-01,1.007783197156114641e-01,9.021669021210903215e-04,1.403792389217622602e-03,-2.196737450817146022e-03,4.022717823024130925e-03,2.155326817563453512e-02,1.107037326915868113e-02
2.540000000000000036e-01,0.000000000000000000e+00,2.373005037587704730e-03,2.873595963972754540e-03,2.337205170583604719e-03,2.898904634393565348e-03,1.000000000000000000e+00,1.000000000000000000e+00,9.142430816766087490e-04,1.396777782154571667e-03,1.119060967490843363e-03,1.276136914548394894e-03,7.916301245453100099e-02,4.010163326554481988e-02,2.377361643910484712e-01,1.274214545103522500e-01,9.044400049586737243e-04,1.400936729606005581e-03,-1.913849470997507941e-03,3.513797760151629070e-03,2.142546209120902920e-02,1.125389762663729296e-02
2.545000000000000040e-01,0.000000000000000000e+00,2.373663598825784347e-03,2.874323782123823848e-03,2.336656567288802628e-03,2.900220623633451098e-03,1.000000000000000000e+00,1.000000000000000000e+00,9.147475688534931074e-04,1.397505600305640975e-03,1.008974353768638888e-03,1.455636302138432281e-03,8.059262248785296900e-02,3.745055274182583493e-02,2.457890353169526199e-01,1.116502701511966761e-01,9.033898104696607778e-04,1.402821225355828892e-03,-2.286167250301810068e-03,4.023126949180506895e-03,2.142546209120902920e-02,1.125389762663729296e-02
2.550000000000000044e-01,0.000000000000000000e+00,2.374354664975298311e-03,2.875056296135271652e-03,2.336083940809201027e-03,2.901549745720886746e-03,1.000000000000000000e+00,1.000000000000000000e+00,9.152769562371559963e-04,1.398238114317088996e-03,1.058774767325779695e-03,1.465028022895964802e-03,8.176916899904224101e-02,3.527476106398161337e-02,2.491563506885383084e-01,1.054661839655201133e-01,9.021819255216411522e-04,1.404917530270544807e-03,-2.544825618306752277e-03,4.361358001351863141e-03,2.142546209120902920e-02,1.125389762663729296e-02
2.555000000000000049e-01,0.000000000000000000e+00,2.375097717404916348e-03,2.875762994627392623e-03,2.335487335784503741e-03,2.902890547686763113e-03,1.000000000000000000e+00,1.000000000000000000e+00,9.158461674218108979e-04,1.398944812809209967e-03,1.138422369309695066e-03,1.413396984242050415e-03,8.273869659650384678e-02,3.350019879007642282e-02,2.519467388248598505e-01,1.004162304358320462e-01,9.008680211306929883e-04,1.407147979202370315e-03,-2.710421369652133306e-03,4.559968531045233142e-03,2.142546209120902920e-02,1.125389762663729296e-02
2.560000000000000053e-01,0.000000000000000000e+00,2.375887936176209175e-03,2.876431911180159576e-03,2.334866796125889717e-03,2.904241512722409782e-03,1.000000000000000000e+00,1.000000000000000000e+00,9.164515101204079219e-04,1.399613729361976920e-03,1.210685397193992947e-03,1.337833105533748485e-03,7.674818261027757660e-02,3.826642325711372000e-02,2.278806835641408735e-01,1.204187523019060735e-01,9.063035337729468625e-04,1.406159309608253022e-03,-1.915726280497350147e-03,4.218556605530455680e-03,2.117022045079714615e-02,1.137715521353903185e-02
2.565000000000000058e-01,0.000000000000000000e+00,2.376531248844994827e-03,2.877164488146285309e-03,2.334222365515104675e-03,2.905601066394561567e-03,1.000000000000000000e+00,1.000000000000000000e+00,9.169443162155192046e-04,1.400346306328102653e-03,9.856121902226092253e-04,1.465153932251419362e-03,7.859728993100259520e-02,3.592950055624211103e-02,2.400926495642226877e-01,1.073125313701176475e-01,9.052153796237009768e-04,1.408360812276401300e-03,-2.435841218173663385e-03,4.586657495864842303e-03,2.117022045079714615e-02,1.137715521353903185e-02
2.570000000000000062e-01,0.000000000000000000e+00,2.377161494136601459e-03,2.877871412760901575e-03,2.333554087903540186e-03,2.906967582860291166e-03,1.000000000000000000e+00,1.000000000000000000e+00,9.174271121189565446e-04,1.401053230942719136e-03,9.655918068747546381e-04,1.413849229233049868e-03,8.012604744783963229e-02,3.403123157012274969e-02,2.444439139815928475e-01,1.019197923947915974e-01,9.039040867879781418e-04,1.410708792839369778e-03,-2.808558249134869480e-03,4.804753357175368424e-03,2.117022045079714615e-02,1.137715521353903185e-02
2.575000000000000067e-01,0.000000000000000000e+00,2.377815927414013344e-03,2.878523344152177262e-03,2.332862008011323159e-03,2.908339391081964358e-03,1.000000000000000000e+00,1.000000000000000000e+00,9.179284370945099301e-04,1.401705162333994606e-03,1.002649951106847782e-03,1.303862782551154552e-03,8.139053806827518944e-02,3.250006767809031361e-02,2.480634256900574874e-01,9.756063756516855645e-02,9.024368150094676331e-04,1.413135504815204654e-03,-3.059986151583203671e-03,4.901814735326318929e-03,2.117022045079714615e-02,1.137715521353903185e-02
2.580000000000000071e-01,0.000000000000000000e+00,2.378495381292369641e-03,2.879113818368981073e-03,2.332146171826397947e-03,2.909714781042181328e-03,1.000000000000000000e+00,1.000000000000000000e+00,9.184489289623806382e-04,1.402295636550798634e-03,1.040983735741422096e-03,1.180948433608082189e-03,7.676357665705241251e-02,3.723531018391249003e-02,2.290286046059506198e-01,1.172208016715249046e-01,9.061852117749713640e-04,1.412395461373549708e-03,-2.521800313495843257e-03,4.487970380410027244e-03,2.097105108286052497e-02,1.149670151549021108e-02
2.585000000000000075e-01,0.000000000000000000e+00,2.379037500959699583e-03,2.879747278493006209e-03,2.331406627103610203e-03,2.911092009958726225e-03,1.000000000000000000e+00,1.000000000000000000e+00,9.188642167210440276e-04,1.402929096674823553e-03,8.305755173267738217e-04,1.266920248049641746e-03,7.863283444168672753e-02,3.513012360571862724e-02,2.401602386362644281e-01,1.050285651249676933e-01,9.048032915008172219e-04,1.414710157633864308e-03,-3.004892333135550722e-03,4.770180267673206249e-03,2.097105108286052497e-02,1.149670151549021108e-02
2.590000000000000080e-01,0.000000000000000000e+00,2.379576792579299067e-03,2.880340204588007023e-03,2.330643423863797224e-03,2.912469308499515859e-03,1.000000000000000000e+00,1.000000000000000000e+00,9.192773380694588487e-04,1.403522022769824367e-03,8.262426968296482724e-04,1.185852190001418938e-03,8.017084121472919933e-02,3.343123445859031567e-02,2.445360215968171713e-01,1.002033655627649622e-01,9.032170382137331716e-04,1.417132236855106475e-03,-3.339412573575463537e-03,4.917759079379200975e-03,2.097105108286052497e-02,1.149670151549021108e-02
2.595000000000000084e-01,0.000000000000000000e+00,2.380138342096315210e-03,2.880873895577256392e-03,2.329856614892872237e-03,2.913844886997547963e-03,1.000000000000000000e+00,1.000000000000000000e+00,9.197075099565050517e-04,1.404055713759073953e-03,8.603437740922986830e-04,1.067381978499294453e-03,8.143765897665103393e-02,3.207000428441539319e-02,2.481555822695591662e-01,9.633141888535215469e-02,9.014939857410995960e-04,1.419601093386194113e-03,-3.552319590499770571e-03,4.957496734117767916e-03,2.097105108286052497e-02,1.149670151549021108e-02
2.600000000000000089e-01,0.000000000000000000e+00,2.380716443487215436e-03,2.881350279249867558e-03,2.329046256240902175e-03,2.915216941665837742e-03,1.000000000000000000e+00,1.000000000000000000e+00,9.201503613145638845e-04,1.404532097431684685e-03,8.857027161177716745e-04,9.527673452214401734e-04,7.524459186761560392e-02,4.139035776758255569e-02,2.230317556170988424e-01,1.336560295361222395e-01,9.084316221907476167e-04,1.412236311891425320e-03,-2.531285450491939197e-03,3.635793884361869337e-03,2.064353974553526441e-02,1.186504216863692833e-02
2.605000000000000093e-01,0.000000000000000000e+00,2.381106510578346984e-03,2.881953507302118314e-03,2.328212407721201929e-03,2.916583660812381747e-03,1.000000000000000000e+00,1.000000000000000000e+00,9.204491700421685470e-04,1.405135325483935658e-03,5.976174552093811970e-04,1.206456104501825661e-03,7.593588908740094012e-02,4.087489744552168930e-02,2.308967983446948147e-01,1.237741134354414657e-01,9.070276788731911977e-04,1.414178753551594047e-03,-3.083364840824432112e-03,4.132935895134711053e-03,2.064353974553526441e-02,1.186504216863692833e-02
2.610000000000000098e-01,0.000000000000000000e+00,2.381499799468896929e-03,2.882581955246541535e-03,2.327355133409417763e-03,2.917943231055093560e-03,1.000000000000000000e+00,1.000000000000000000e+00,9.207504468113147456e-04,1.405763773428358879e-03,6.025535382924811483e-04,1.256895888846533546e-03,7.792559319466629830e-02,3.825240451840555139e-02,2.380358249610350918e-01,1.140444545617581712e-01,9.053625933897640251e-04,1.416360188103138289e-03,-3.575959525846155763e-03,4.591830541073104593e-03,2.064353974553526441e-02,1.186504216863692833e-02
2.615000000000000102e-01,0.000000000000000000e+00,2.381957787254917157e-03,2.883187202030860086e-03,2.326474502142605091e-03,2.919293843536749020e-03,1.000000000000000000e+00,1.000000000000000000e+00,9.211012858098121397e-04,1.406369020212677430e-03,7.016779969948556484e-04,1.210493568637000753e-03,7.957077189700809128e-02,3.610425675597166151e-02,2.427632521235544016e-01,1.079265271256441422e-01,9.034907695302152233e-04,1.418728789322990392e-03,-3.910616613607854203e-03,4.881922632442355775e-03,2.064353974553526441e-02,1.186504216863692833e-02
2.620000000000000107e-01,0.000000000000000000e+00,2.382473868843320609e-03,2.883753513303335785e-03,2.325570588018327067e-03,2.920633700139947057e-03,1.000000000000000000e+00,1.000000000000000000e+00,9.214966272428041930e-04,1.406935331485153129e-03,7.906828659840294026e-04,1.132622544951218495e-03,7.312953946824914120e-02,4.522678402345946952e-02,2.163761719464604161e-01,1.451656698974846116e-01,9.098440584103907125e-04,1.411890956371689371e-03,-3.030618267681905835e-03,3.825611077635277576e-03,2.033035043648129953e-02,1.221408933189594044e-02
2.625000000000000111e-01,0.000000000000000000e+00,2.382822401098510026e-03,2.884460134771679209e-03,2.324643470893725857e-03,2.921961019702040176e-03,1.000000000000000000e+00,1.000000000000000000e+00,9.217636184401398420e-04,1.407641952953496336e-03,5.339823946712716953e-04,1.413242936686535077e-03,7.499590219596569129e-02,4.277201264579798268e-02,2.290282208801808772e-01,1.279291125168529331e-01,9.081627259270139314e-04,1.413974862038408237e-03,-3.693363734721407266e-03,4.508609195237107091e-03,2.033035043648129953e-02,1.221408933189594044e-02
2.630000000000000115e-01,0.000000000000000000e+00,2.383213339953511867e-03,2.885198318356164623e-03,2.323693236884616462e-03,2.923274044230091823e-03,1.000000000000000000e+00,1.000000000000000000e+00,9.220630949776136486e-04,1.408380136537982184e-03,5.989530749475476760e-04,1.476367168971912981e-03,7.715873987886875951e-02,3.983663378275616868e-02,2.358587256947563826e-01,1.186436424951604340e-01,9.061877171912308040e-04,1.416359951485535174e-03,-4.205603856551790899e-03,5.030646756863701649e-03,2.033035043648129953e-02,1.221408933189594044e-02
2.635000000000000120e-01,0.000000000000000000e+00,2.383687802335676415e-03,2.885922423072806789e-03,2.322719978864569695e-03,2.924571045115820743e-03,1.000000000000000000e+00,1.000000000000000000e+00,9.224265542489396659e-04,1.409104241254624350e-03,7.269185426521300539e-04,1.448209433284446514e-03,7.894672257191633069e-02,3.742905401591237191e-02,2.410036194489741657e-01,1.117907600972279786e-01,9.039995314427673456e-04,1.418958713427650401e-03,-4.546395993381158532e-03,5.363657432095460947e-03,2.033035043648129953e-02,1.221408933189594044e-02
2.640000000000000124e-01,0.000000000000000000e+00,2.384240033820316049e-03,2.886610174395067355e-03,2.321723796963996462e-03,2.925850329350547507e-03,1.000000000000000000e+00,1.000000000000000000e+00,9.228495881090630765e-04,1.409791992576884699e-03,8.460677202467908539e-04,1.375502644520594248e-03,7.592753137914337591e-02,4.056015102064661204e-02,2.277958224105693097e-01,1.259842443519249844e-01,9.051546496867001910e-04,1.418612335405111972e-03,-4.294925438287050534e-03,5.143825233114885341e-03,2.020003806592599385e-02,1.232921575573858730e-02
2.645000000000000129e-01,0.000000000000000000e+00,2.384732847738270291e-03,2.887338032361321666e-03,2.320704799069235082e-03,2.927110245740145375e-03,1.000000000000000000e+00,1.000000000000000000e+00,9.232271054724036944e-04,1.410519850543138793e-03,7.550347266812925274e-04,1.455715932508310807e-03,7.795856988695143430e-02,3.802440848936148449e-02,2.382273976368690094e-01,1.134875365072026132e-01,9.029033028336979358e-04,1.421274326423412754e-03,-4.709573311409616728e-03,5.503341503605646903e-03,2.020003806592599385e-02,1.232921575573858730e-02
2.650000000000000133e-01,0.000000000000000000e+00,2.385267764715835737e-03,2.888042600438692643e-03,2.319663101321634262e-03,2.928349191119981182e-03,1.000000000000000000e+00,1.000000000000000000e+00,9.236368756505977445e-04,1.411224418620509987e-03,8.195403563881246359e-04,1.409136154742283075e-03,7.961674691008778504e-02,3.596806544361590141e-02,2.429572227728277745e-01,1.076520386124598938e-01,9.004847877901503948e-04,1.424075406937280654e-03,-4.963902578514275618e-03,5.700492620725782986e-03,2.020003806592599385e-02,1.232921575573858730e-02
2.655000000000000138e-01,0.000000000000000000e+00,2.385858209521920896e-03,2.888702486047148646e-03,2.318598828616638251e-03,2.929565616569865770e-03,1.000000000000000000e+00,1.000000000000000000e+00,9.240891826132678318e-04,1.411884304228965990e-03,9.046139253402644487e-04,1.319771216912057725e-03,8.096578480451940840e-02,3.431622854839945502e-02,2.468123569514636961e-01,1.029653804624435925e-01,8.979716801733980854e-04,1.426942321016694834e-03,-5.088192045012962170e-03,5.766926606056883842e-03,2.020003806592599385e-02,1.232921575573858730e-02
2.660000000000000142e-01,0.000000000000000000e+00,2.386494451727210180e-03,2.889312577980519131e-03,2.317512115102875019e-03,2.930758033629002682e-03,1.000000000000000000e+00,1.000000000000000000e+00,9.245765724191073185e-04,1.412494396162336692e-03,9.747796116789359628e-04,1.220183866741208654e-03,7.161132316145457644e-02,3.835886560957935815e-02,2.093571234245667767e-01,1.200457366022686240e-01,9.102243903309050269e-04,1.424633727712048192e-03,-3.186830653656331624e-03,5.056775257930728323e-03,1.964551982295408353e-02,1.252337469315971570e-02
2.665000000000000147e-01,0.000000000000000000e+00,2.386881016735599870e-03,2.889965922062982806e-03,2.316403104681237501e-03,2.931925020510933386e-03,1.000000000000000000e+00,1.000000000000000000e+00,9.248726983956884803e-04,1.413147740244799933e-03,5.922519531622657141e-04,1.306688164926654658e-03,7.068223657015412775e-02,3.798218737089190805e-02,2.135929903767818105e-01,1.151578494128401298e-01,9.084611511863746732e-04,1.427210811374923999e-03,-3.864745499985703173e-03,5.251085433136515324e-03,1.964551982295408353e-02,1.252337469315971570e-02
2.670000000000000151e-01,0.000000000000000000e+00,2.387150100738318504e-03,2.890584777925376322e-03,2.315271951503972657e-03,2.933065228318483368e-03,1.000000000000000000e+00,1.000000000000000000e+00,9.250788287007032963e-04,1.413766596107193666e-03,4.122606100295895734e-04,1.237711724787350425e-03,7.353389731566983833e-02,3.609112916131678589e-02,2.253944589974154200e-01,1.081144116597680116e-01,9.063432638010219264e-04,1.429878476362326850e-03,-4.605288841308396997e-03,5.419148000443059152e-03,1.964551982295408353e-02,1.252337469315971570e-02
2.675000000000000155e-01,0.000000000000000000e+00,2.387451168359272773e-03,2.891118886231773544e-03,2.314118820473762272e-03,2.934177387258712130e-03,1.000000000000000000e+00,1.000000000000000000e+00,9.253094598787383078e-04,1.414300704413591105e-03,4.612623560700106510e-04,1.068216612795076055e-03,7.588894978589449947e-02,3.457966775969897877e-02,2.321244476876172247e-01,1.038077040423895092e-01,9.039118862068571108e-04,1.432600095667724196e-03,-5.119133826793903844e-03,5.467133374239138699e-03,1.964551982295408353e-02,1.252337469315971570e-02
2.680000000000000160e-01,0.000000000000000000e+00,2.387791636277588128e-03,2.891564856497152829e-03,2.312943887742812885e-03,2.935260312857857976e-03,1.000000000000000000e+00,1.000000000000000000e+00,9.255702734356242032e-04,1.414746674678970173e-03,5.216271137716949578e-04,8.919405307580615533e-04,6.979725953095936020e-02,4.416320578127169022e-02,2.064782921134342697e-01,1.422641173752071109e-01,9.098573655162893545e-04,1.424662560362463179e-03,-4.332459185592862569e-03,4.036841830672994146e-03,1.932381825434819483e-02,1.292270729987193140e-02
2.685000000000000164e-01,0.000000000000000000e+00,2.387933731037994098e-03,2.892121161142738144e-03,2.311747341211937458e-03,2.936312912176285844e-03,1.000000000000000000e+00,1.000000000000000000e+00,9.256791243372292045e-04,1.415302979324555704e-03,2.177018032099522658e-04,1.112609291171039400e-03,7.193321364756538605e-02,4.277714450857029310e-02,2.198614945237429008e-01,1.287664720705630206e-01,9.075016290238431147e-04,1.426808540427452901e-03,-5.088931725008865106e-03,4.546010568606720370e-03,1.932381825434819483e-02,1.292270729987193140e-02
2.690000000000000169e-01,0.000000000000000000e+00,2.388156987153880993e-03,2.892693482767373821e-03,2.310529381029642702e-03,2.937334190023434266e-03,1.000000000000000000e+00,1.000000000000000000e+00,9.258501484441971274e-04,1.415875300949190948e-03,3.420482139357708612e-04,1.144643249270696841e-03,7.457404809635791165e-02,4.019817722683141636e-02,2.283401863828756762e-01,1.199435084587832795e-01,9.048108164476113737e-04,1.429185927677166772e-03,-5.673084810919445421e-03,4.962641162295340636e-03,1.932381825434819483e-02,1.292270729987193140e-02
2.695000000000000173e-01,0.000000000000000000e+00,2.388463378550466105e-03,2.893248451347795683e-03,2.309290220091212049e-03,2.938323255172763191e-03,1.000000000000000000e+00,1.000000000000000000e+00,9.260848578709704199e-04,1.416430269529613028e-03,4.694188535466653511e-04,1.109937160844227553e-03,7.675693293131571893e-02,3.809095639150705120e-02,2.346104791529437517e-01,1.139508923260564299e-01,9.018802567880163925e-04,1.431730138850453903e-03,-6.048315886490059599e-03,5.213620987620369573e-03,1.932381825434819483e-02,1.292270729987193140e-02
2.700000000000000178e-01,0.000000000000000000e+00,2.388836539454823344e-03,2.893770796897088618e-03,2.308030084537794277e-03,2.939279326576701382e-03,1.000000000000000000e+00,1.000000000000000000e+00,9.263707157081425272e-04,1.416952615078905962e-03,5.717156743441887626e-04,1.044691098585696833e-03,7.086275481381880403e-02,4.473163841527540152e-02,2.098938673474747274e-01,1.415202542228985449e-01,9.058008685093677306e-04,1.427156909945227412e-03,-5.344157098949925064e-03,4.394668568538172282e-03,1.906173291022076124e-02,1.319278914399043927e-02
2.705000000000000182e-01,0.000000000000000000e+00,2.389051943553104247e-03,2.894397142757106859e-03,2.306749214255484313e-03,2.940201739581590774e-03,1.000000000000000000e+00,1.000000000000000000e+00,9.265357248206556760e-04,1.417578960938924203e-03,3.300182250264025244e-04,1.252691720036459930e-03,7.370232418639954819e-02,4.188700070683540333e-02,2.258640679266305795e-01,1.248663791659070099e-01,9.029723051055769121e-04,1.429479695783624719e-03,-5.968779113241393271e-03,4.895416562057773244e-03,1.906173291022076124e-02,1.319278914399043927e-02
2.710000000000000187e-01,0.000000000000000000e+00,2.389348580683880660e-03,2.895025886697374668e-03,2.305447863374412293e-03,2.941089952142637333e-03,1.000000000000000000e+00,1.000000000000000000e+00,9.267629620463097235e-04,1.418207704879192012e-03,4.544744513081943878e-04,1.257487880535630145e-03,7.601437715514308691e-02,3.956383558031043718e-02,2.324652763614350470e-01,1.182737931658866815e-01,8.998876843879046773e-04,1.432006987266899950e-03,-6.368811928943523062e-03,5.213038315995888010e-03,1.906173291022076124e-02,1.319278914399043927e-02
2.715000000000000191e-01,0.000000000000000000e+00,2.389725982702524919e-03,2.895631606611894469e-03,2.304126300767826534e-03,2.941943551038855853e-03,1.000000000000000000e+00,1.000000000000000000e+00,9.270520687655138320e-04,1.418813424793711597e-03,5.782134384082690537e-04,1.211439829039259904e-03,7.790618270787727506e-02,3.767736370344655639e-02,2.378844412629695093e-01,1.129167083691412915e-01,8.966485792915361791e-04,1.434655859493414332e-03,-6.587063080540227905e-03,5.382022997177403345e-03,1.906173291022076124e-02,1.319278914399043927e-02
2.720000000000000195e-01,0.000000000000000000e+00,2.390168471184268926e-03,2.896203690140946967e-03,2.302784810551180856e-03,2.942762258088017346e-03,1.000000000000000000e+00,1.000000000000000000e+00,9.273910346080981373e-04,1.419385508322764094e-03,6.779316851686024081e-04,1.144167058105186865e-03,6.809477074796072005e-02,3.955025230182888929e-02,1.982021534050281975e-01,1.217805253258580911e-01,9.074799523373517631e-04,1.434315534716095212e-03,-4.822507317164730425e-03,5.036255355802440360e-03,1.853190472294921620e-02,1.330681526615445920e-02
2.725000000000000200e-01,0.000000000000000000e+00,2.390353607719863157e-03,2.896797555210610560e-03,2.301423692565463669e-03,2.943545936226686123e-03,1.000000000000000000e+00,1.000000000000000000e+00,9.275328574224084733e-04,1.419979373392427904e-03,2.836456286207747501e-04,1.187730139327795734e-03,6.891742976972195511e-02,3.818842266070972963e-02,2.096269389246763759e-01,1.149059454977772454e-01,9.048768704557509776e-04,1.436872059895610452e-03,-5.588237860808246971e-03,5.189451856527544510e-03,1.853190472294921620e-02,1.330681526615445920e-02
2.730000000000000204e-01,0.000000000000000000e+00,2.390507965969557429e-03,2.897330645765905204e-03,2.300043262497462014e-03,2.944294592480524789e-03,1.000000000000000000e+00,1.000000000000000000e+00,9.276511027018362245e-04,1.420512463947722764e-03,2.364905588555563218e-04,1.066181110589819450e-03,7.197846892661122209e-02,3.666803703966813044e-02,2.207952720614498598e-01,1.101272319230600510e-01,9.019090202549944054e-04,1.439483394320225425e-03,-6.281706850927508759e-03,5.255658849495636886e-03,1.853190472294921620e-02,1.330681526615445920e-02
2.735000000000000209e-01,0.000000000000000000e+00,2.390727357007481346e-03,2.897781490881083492e-03,2.298643851146098000e-03,2.945008373620887528e-03,1.000000000000000000e+00,1.000000000000000000e+00,9.278191659873080742e-04,1.420963309062900836e-03,3.361265709436046909e-04,9.016902303562060288e-04,7.449796348921224054e-02,3.546479315641969110e-02,2.280038779209976607e-01,1.067026144888503919e-01,8.986551305997248764e-04,1.442103824617795189e-03,-6.732854484981479377e-03,5.226020751192755193e-03,1.853190472294921620e-02,1.330681526615445920e-02
2.740000000000000213e-01,0.000000000000000000e+00,2.390988770905795938e-03,2.898160879942871058e-03,2.297225803377288267e-03,2.945687559153510604e-03,1.000000000000000000e+00,1.000000000000000000e+00,9.280194206514657878e-04,1.421342698124688402e-03,4.005093283155212102e-04,7.587781235753087231e-04,6.978055436331268013e-02,3.938698216489327358e-02,2.075560710904879314e-01,1.229192023801693040e-01,9.009462806082308957e-04,1.440411728974100216e-03,-6.243396233154055973e-03,4.566118706264388205e-03,1.831757923450136327e-02,1.346711715099629947e-02
2.745000000000000218e-01,0.000000000000000000e+00,2.391089377641299196e-03,2.898574156333961951e-03,2.295789477068216865e-03,2.946332554216616901e-03,1.000000000000000000e+00,1.000000000000000000e+00,9.280964898821387598e-04,1.421755974515779295e-03,1.541384613459099409e-04,8.265527821819518414e-04,7.270347088487687237e-02,3.780911604503806034e-02,2.228436750597772020e-01,1.134634926592340554e-01,8.976772332385452762e-04,1.442725863427380762e-03,-6.831529910365397897e-03,4.690091396616701686e-03,1.831757923450136327e-02,1.346711715099629947e-02
2.750000000000000222e-01,0.000000000000000000e+00,2.391304380385620484e-03,2.898944976522670539e-03,2.294335242051614640e-03,2.946943882479034771e-03,1.000000000000000000e+00,1.000000000000000000e+00,9.282611915396812461e-04,1.422126794704487883e-03,3.294033150849557702e-04,7.416403774173447802e-04,7.506946790422855398e-02,3.655680800832254718e-02,2.296020161477936861e-01,1.099213525473319020e-01,8.941718848024803349e-04,1.445076930768530825e-03,-7.189038517185249513e-03,4.714042702210596847e-03,1.831757923450136327e-02,1.346711715099629947e-02
2.755000000000000226e-01,0.000000000000000000e+00,2.391547055928364748e-03,2.899292874992102573e-03,2.292863479060033849e-03,2.947522179038311249e-03,1.000000000000000000e+00,1.000000000000000000e+00,9.284470917906812804e-04,1.422474693173920134e-03,3.718005020001339915e-04,6.957969388642929950e-04,7.700884425654708210e-02,3.556655337887547341e-02,2.351298103362162162e-01,1.071307845037735157e-01,8.905342454700112967e-04,1.447420276755340476e-03,-7.361047991609274629e-03,4.659358665358877966e-03,1.831757923450136327e-02,1.346711715099629947e-02
2.760000000000000231e-01,0.000000000000000000e+00,2.391827583161839146e-03,2.899621278425734520e-03,2.291374578670134048e-03,2.948068183318831772e-03,1.000000000000000000e+00,1.000000000000000000e+00,9.286619881190280113e-04,1.422803096607551865e-03,4.297926566935606082e-04,6.568068672633282229e-04,6.804975165302803997e-02,4.137689462378907335e-02,1.987016071491263247e-01,1.305297794585756066e-01,9.044676496628718376e-04,1.439813863593731105e-03,-5.095931647345695870e-03,3.257686484149003962e-03,1.765750466785309322e-02,1.383826629575727989e-02
2.765000000000000235e-01,0.000000000000000000e+00,2.391853191662074440e-03,2.900051957133937056e-03,2.289868940246948467e-03,2.948582731969923848e-03,1.000000000000000000e+00,1.000000000000000000e+00,9.286816053683296778e-04,1.423233775315754400e-03,3.923449860336586771e-05,8.613574164050069246e-04,6.475054414540182268e-02,4.368541320208189915e-02,1.933922500278238976e-01,1.345968033720850443e-01,9.017596096530252443e-04,1.441495159542852556e-03,-5.734887764418642245e-03,3.467028073640193372e-03,1.765750466785309322e-02,1.383826629575727989e-02
2.770000000000000240e-01,0.000000000000000000e+00,2.391873101236757348e-03,2.900527427647264789e-03,2.288346970888173806e-03,2.949066751763987186e-03,1.000000000000000000e+00,1.000000000000000000e+00,9.286968569873804875e-04,1.423709245829082350e-03,3.050323810158126668e-05,9.509410266557563390e-04,6.836046087226038681e-02,4.160231440794837782e-02,2.102251152765546860e-01,1.245630335447574788e-01,8.986710352447041571e-04,1.443316359874186267e-03,-6.617582498207391466e-03,3.817026135435470403e-03,1.765750466785309322e-02,1.383826629575727989e-02
2.775000000000000244e-01,0.000000000000000000e+00,2.391993544085447513e-03,2.901001682172108572e-03,2.286809084368439209e-03,2.949521252494596499e-03,1.000000000000000000e+00,1.000000000000000000e+00,9.287891215623329680e-04,1.424183500353925916e-03,1.845291499048654386e-04,9.485090496873394700e-04,7.134414025646972080e-02,3.990029451305127095e-02,2.187880086345967701e-01,1.197304930571464476e-01,8.952128570402182470e-04,1.445279012026228589e-03,-7.213844085341760207e-03,4.033089574532868447e-03,1.765750466785309322e-02,1.383826629575727989e-02
2.780000000000000249e-01,0.000000000000000000e+00,2.392182568729556147e-03,2.901454252222848435e-03,2.285255700083586514e-03,2.949947319874620787e-03,1.000000000000000000e+00,1.000000000000000000e+00,9.289339228405649835e-04,1.424636070404665779e-03,2.896025564640385000e-04,9.051401014796662745e-04,6.437768741416008411e-02,4.902186726200749578e-02,1.892244659050264510e-01,1.565954739514917315e-01,9.022658568554585163e-04,1.435212386692998748e-03,-6.179722137436364712e-03,2.569000089122160709e-03,1.725476208656516464e-02,1.429194866505776110e-02
2.785000000000000253e-01,0.000000000000000000e+00,2.392172392368035333e-03,2.902055892240789671e-03,2.283687241994952245e-03,2.950346108434340458e-03,1.000000000000000000e+00,1.000000000000000000e+00,9.289261272953710244e-04,1.425237710422607232e-03,-1.559109038798401053e-05,1.203280035883025866e-03,6.639036247128912716e-02,4.826920020960358271e-02,2.028751755731172113e-01,1.459754006838532292e-01,8.989635795368589510e-04,1.436654187543050633e-03,-7.027619127914878049e-03,3.196931900474347076e-03,1.725476208656516464e-02,1.429194866505776110e-02
2.790000000000000258e-01,0.000000000000000000e+00,2.392241598280633180e-03,2.902751325031990327e-03,2.282104137573635720e-03,2.950718834419555764e-03,1.000000000000000000e+00,1.000000000000000000e+00,9.289791421001474285e-04,1.425933143213807888e-03,1.060296095528421450e-04,1.390865582401292367e-03,6.970238162386060976e-02,4.547561703201698918e-02,2.140647516664644645e-01,1.358250669387635057e-01,8.952784764346987702e-04,1.438396331896918141e-03,-7.711328997011948627e-03,3.770468172072402244e-03,1.725476208656516464e-02,1.429194866505776110e-02
2.795000000000000262e-01,0.000000000000000000e+00,2.392414248222910801e-03,2.903489124212623243e-03,2.280506816744787973e-03,2.951066768689707825e-03,1.000000000000000000e+00,1.000000000000000000e+00,9.291113996290339006e-04,1.426670942394440370e-03,2.645150577729157891e-04,1.475598361265137437e-03,7.242829841754266917e-02,4.316899702278984008e-02,2.218825345765514934e-01,1.292772181525856934e-01,8.913170231582124127e-04,1.440379992127152229e-03,-8.133516209384506618e-03,4.163336411269567133e-03,1.725476208656516464e-02,1.429194866505776110e-02
2.800000000000000266e-01,0.000000000000000000e+00,2.392689585663204058e-03,2.904235586838863764e-03,2.278895710831884205e-03,2.951391229615995745e-03,1.000000000000000000e+00,1.000000000000000000e+00,9.293223203451532943e-04,1.427417405020681325e-03,4.218414322387809565e-04,1.492925252481780473e-03,6.244129140346982298e-02,4.557786643655994951e-02,1.808275435098672945e-01,1.406067349597552862e-01,9.066696619673644169e-04,1.437253892020726913e-03,-5.815210020401093485e-03,3.724124889723311183e-03,1.652529225639754948e-02,1.448934362318538352e-02
2.805000000000000271e-01,0.000000000000000000e+00,2.392727454428663844e-03,2.905042796735159659e-03,2.277271251500997094e-03,2.951693575979475945e-03,1.000000000000000000e+00,1.000000000000000000e+00,9.293513295025016994e-04,1.428224614916976786e-03,5.801831469680519436e-05,1.614419792590784204e-03,6.006369484747225984e-02,4.460748943482636952e-02,1.799847831796327069e-01,1.348183398337890748e-01,9.035377224019228333e-04,1.439209026474822439e-03,-6.710694445646821216e-03,4.095619089692146934e-03,1.652529225639754948e-02,1.448934362318538352e-02
2.810000000000000275e-01,0.000000000000000000e+00,2.392637977352488413e-03,2.905872497355126583e-03,2.275633869705084855e-03,2.951975199869198794e-03,1.000000000000000000e+00,1.000000000000000000e+00,9.292827860855107282e-04,1.429054315536943927e-03,-1.370868339820113476e-04,1.659401239934475518e-03,6.439638720936835536e-02,4.252038221915549476e-02,1.987690238977208312e-01,1.275546383028847153e-01,8.999153703855085513e-04,1.441333612537789959e-03,-7.776511189373823754e-03,4.402051011398621337e-03,1.652529225639754948e-02,1.448934362318538352e-02
2.815000000000000280e-01,0.000000000000000000e+00,2.392625586430215372e-03,2.906690428048149845e-03,2.273983994628261951e-03,2.952237519580309250e-03,1.000000000000000000e+00,1.000000000000000000e+00,9.292732940883583663e-04,1.429872246229967406e-03,-1.898399430467698212e-05,1.635861386046988603e-03,6.796739107103727529e-02,4.082280933328419348e-02,2.089826014516294184e-01,1.227364358165229513e-01,8.958462318120489955e-04,1.443577914386761762e-03,-8.498490142782118631e-03,4.574736907686526022e-03,1.652529225639754948e-02,1.448934362318538352e-02
2.820000000000000284e-01,0.000000000000000000e+00,2.392734237498820183e-03,2.907466384029334418e-03,2.272322052630075008e-03,2.952481972512163103e-03,1.000000000000000000e+00,1.000000000000000000e+00,9.293565256357019539e-04,1.430648202211151545e-03,1.664630946872564573e-04,1.551911962368219189e-03,5.799991487845935351e-02,4.376678820137029635e-02,1.672924395504993555e-01,1.355937274991008690e-01,9.108752536651607175e-04,1.440421333343103226e-03,-6.422756763060763832e-03,3.930890191063587079e-03,1.579893438094527591e-02,1.469389920144853999e-02
2.825000000000000289e-01,0.000000000000000000e+00,2.392607642273172734e-03,2.908254012422036364e-03,2.270648466189788706e-03,2.952710008066447567e-03,1.000000000000000000e+00,1.000000000000000000e+00,9.292595480665695462e-04,1.431435830603853708e-03,-1.939551382647168370e-04,1.575256785404326567e-03,5.709984031661514275e-02,4.343424658449326903e-02,1.721724587684111962e-01,1.317961187829038983e-01,9.073824613560383138e-04,1.442443473690039951e-03,-7.546103446640162540e-03,4.157156277779602664e-03,1.579893438094527591e-02,1.469389920144853999e-02
2.830000000000000293e-01,0.000000000000000000e+00,2.392390666153472109e-03,2.909048274336214351e-03,2.268963652850656924e-03,2.952923080545291016e-03,1.000000000000000000e+00,1.000000000000000000e+00,9.290933347157833864e-04,1.432230092518031695e-03,-3.324267015722776270e-04,1.588523828355993496e-03,6.190813406494208304e-02,4.169240795831246488e-02,1.915634075658553814e-01,1.253192808274969927e-01,9.033142511638787625e-04,1.444572798891125866e-03,-8.724300250928676212e-03,4.359671585782697381e-03,1.579893438094527591e-02,1.469389920144853999e-02
2.835000000000000298e-01,0.000000000000000000e+00,2.392274257259558064e-03,2.909827069902009775e-03,2.267268024164202124e-03,2.953122642049379239e-03,1.000000000000000000e+00,1.000000000000000000e+00,9.290041603294709295e-04,1.433008888083827119e-03,-1.783487726249832186e-04,1.557591131590956978e-03,6.587554284358410062e-02,4.028615100178583458e-02,2.029237840547226668e-01,1.213354827548217135e-01,8.987525073267394870e-04,1.446775557988857564e-03,-9.520958791952076339e-03,4.451104365791005123e-03,1.579893438094527591e-02,1.469389920144853999e-02
2.840000000000000302e-01,0.000000000000000000e+00,2.392297968061247310e-03,2.910559039209297330e-03,2.265561984634494302e-03,2.953310135376071253e-03,1.000000000000000000e+00,1.000000000000000000e+00,9.290223238573469154e-04,1.433740857391114457e-03,3.632705575188201284e-05,1.463938614574629600e-03,5.576137226254200552e-02,4.072744944670529665e-02,1.603363208214863000e-01,1.242216078102004045e-01,9.103637453735328317e-04,1.447634243570815370e-03,-7.864421831272075392e-03,4.276133468585853817e-03,1.518105727675738044e-02,1.474513047563034106e-02
2.845000000000000306e-01,0.000000000000000000e+00,2.392086608490100186e-03,2.911249703527310061e-03,2.263845930662427772e-03,2.953486986917513817e-03,1.000000000000000000e+00,1.000000000000000000e+00,9.288604130323692594e-04,1.434431521709127405e-03,-3.238216499552585745e-04,1.381328636025961091e-03,5.816457776426257886e-02,3.962502530865433942e-02,1.781704845872571219e-01,1.195385783091881260e-01,9.061339120667099645e-04,1.449778427539877507e-03,-9.052449165658034771e-03,4.300474205441118421e-03,1.518105727675738044e-02,1.474513047563034106e-02
2.850000000000000311e-01,0.000000000000000000e+00,2.391891191209734400e-03,2.911896030849893575e-03,2.262120249489999249e-03,2.953654599558755076e-03,1.000000000000000000e+00,1.000000000000000000e+00,9.287107147106556928e-04,1.435077849031711136e-03,-2.993966434272090325e-04,1.292654645167385296e-03,6.274496200517062916e-02,3.870821787485785592e-02,1.939166491502375689e-01,1.168924101997581844e-01,9.013596934309381185e-04,1.451917428662271312e-03,-1.004232658642101664e-02,4.255536538454183886e-03,1.518105727675738044e-02,1.474513047563034106e-02
2.855000000000000315e-01,0.000000000000000000e+00,2.391832737826168204e-03,2.912484343797924931e-03,2.260385318144585501e-03,2.953814345575860815e-03,1.000000000000000000e+00,1.000000000000000000e+00,9.286659368209932439e-04,1.435666161979742058e-03,-8.955577932494456265e-05,1.176625896061975858e-03,6.650982870269282754e-02,3.800108726030237971e-02,2.047055921973947312e-01,1.148938669002028401e-01,8.961812370444471312e-04,1.454019698785562588e-03,-1.067008667096689886e-02,4.153661940178306200e-03,1.518105727675738044e-02,1.474513047563034106e-02
2.860000000000000320e-01,0.000000000000000000e+00,2.391902592270785371e-03,2.912995024875537214e-03,2.258641502383221429e-03,2.953967559534029404e-03,1.000000000000000000e+00,1.000000000000000000e+00,9.287194484301195853e-04,1.436176843057354342e-03,1.070232182527336299e-04,1.021362155224773624e-03,5.839954881613830528e-02,4.551569099357473391e-02,1.700667720331871802e-01,1.446349426763217094e-01,9.041556929444002303e-04,1.446497889502181260e-03,-9.264217252312943046e-03,2.767728126550485918e-03,1.467932330949724314e-02,1.510336541573762022e-02
2.865000000000000324e-01,0.000000000000000000e+00,2.391752464233804637e-03,2.913564957930255515e-03,2.256889155636877722e-03,2.954115531185705010e-03,1.000000000000000000e+00,1.000000000000000000e+00,9.286044436816341587e-04,1.436746776112072643e-03,-2.300094969708311185e-04,1.139866109436648341e-03,6.062619743798360050e-02,4.580355849790784112e-02,1.855131521576553755e-01,1.393736786788632165e-01,8.992989697176305029e-04,1.447953888776746948e-03,-1.016075463767038625e-02,3.055655947998522134e-03,1.467932330949724314e-02,1.510336541573762022e-02
2.870000000000000329e-01,0.000000000000000000e+00,2.391660206184964815e-03,2.914198612041299374e-03,2.255128617954738068e-03,2.954259498368695148e-03,1.000000000000000000e+00,1.000000000000000000e+00,9.285337699159873504e-04,1.437380430223116502e-03,-1.413475312936914420e-04,1.267308222087800383e-03,6.466800922633961224e-02,4.398567116882089179e-02,1.993421503505249381e-01,1.321062470112544240e-01,8.940394197704282795e-04,1.449557414508851911e-03,-1.087586052291568579e-02,3.357800829099201814e-03,1.467932330949724314e-02,1.510336541573762022e-02
2.875000000000000333e-01,0.000000000000000000e+00,2.391672488107724447e-03,2.914853342929075997e-03,2.253360214948478112e-03,2.954400639904283463e-03,1.000000000000000000e+00,1.000000000000000000e+00,9.285431784146680120e-04,1.438035161110893124e-03,1.881699736126026153e-05,1.309461775553274424e-03,6.797104186693608829e-02,4.250143705846137765e-02,2.087788808653404660e-01,1.279065344507750723e-01,8.885019519957377578e-04,1.451282745327282667e-03,-1.127303159859131300e-02,3.543098139330721173e-03,1.467932330949724314e-02,1.510336541573762022e-02
2.880000000000000338e-01,0.000000000000000000e+00,2.391786912766309062e-03,2.915499639425484565e-03,2.251584256736542233e-03,2.954540068495343369e-03,1.000000000000000000e+00,1.000000000000000000e+00,9.286308327885326374e-04,1.438681457607301909e-03,1.753087477291822237e-04,1.292592992817449089e-03,5.810437038736702975e-02,4.591035804851917312e-02,1.676982627016118665e-01,1.424075791066437280e-01,9.043060356187118762e-04,1.446545230044132650e-03,-8.625573203508036038e-03,2.786041182056537332e-03,1.387478082250709170e-02,1.534806592539663186e-02
2.884999999999999787e-01,0.000000000000000000e+00,2.391649458273571900e-03,2.916199979879133958e-03,2.249801036888422496e-03,2.954678823624458210e-03,1.000000000000000000e+00,1.000000000000000000e+00,9.285255365381896685e-04,1.439381798060951085e-03,-2.105925006860438460e-04,1.400680907298300359e-03,5.463110878420800176e-02,4.665386040387962258e-02,1.624894241958877161e-01,1.424175688404935580e-01,8.997902497099951160e-04,1.448007616464329090e-03,-9.435829510164816386e-03,3.062912660693894659e-03,1.387478082250709170e-02,1.534806592539663186e-02
2.889999999999999791e-01,0.000000000000000000e+00,2.391374141808783396e-03,2.916965154121519029e-03,2.248010831368934571e-03,2.954817864452029264e-03,1.000000000000000000e+00,1.000000000000000000e+00,9.283146318902392056e-04,1.440146972303336373e-03,-4.218092959010055071e-04,1.530348484770774906e-03,5.951936239731993317e-02,4.477404031305054488e-02,1.843606458905353851e-01,1.345213239408040440e-01,8.948055519301522254e-04,1.449619125794167481e-03,-1.050070950999006103e-02,3.382444509905348055e-03,1.387478082250709170e-02,1.534806592539663186e-02
2.894999999999999796e-01,0.000000000000000000e+00,2.391179955103875550e-03,2.917774633447279588e-03,2.246213897482502754e-03,2.954958062714429286e-03,1.000000000000000000e+00,1.000000000000000000e+00,9.281658762440171250e-04,1.440956451629096932e-03,-2.975112924440597231e-04,1.618958651520926604e-03,6.352570932645394686e-02,4.323405537198110604e-02,1.957929776126003107e-01,1.301719493417663465e-01,8.893852299185619689e-04,1.451360118625297582e-03,-1.117905906576723354e-02,3.581076075822366925e-03,1.387478082250709170e-02,1.534806592539663186e-02
2.899999999999999800e-01,0.000000000000000000e+00,2.391112354038771315e-03,2.918590640526212351e-03,2.244410472855941537e-03,2.955100195862961267e-03,1.000000000000000000e+00,1.000000000000000000e+00,9.281140908237450748e-04,1.441772458708029912e-03,-1.035708405440707738e-04,1.632014157865803103e-03,5.382925681293906917e-02,4.644585193998355954e-02,1.547868842598479344e-01,1.439640306448959628e-01,8.969217563812077352e-04,1.449126309943155359e-03,-9.827488001880281196e-03,3.155835966336020815e-03,1.337962336106775750e-02,1.549977205751617258e-02
2.904999999999999805e-01,0.000000000000000000e+00,2.390822841908334193e-03,2.919459065875784111e-03,2.242600774983888670e-03,2.955244943722260594e-03,1.000000000000000000e+00,1.000000000000000000e+00,9.278923116650080773e-04,1.442640884057601238e-03,-4.435583174740108771e-04,1.736850699142721867e-03,5.847108023409070682e-02,4.476254238769472593e-02,1.809659432912592569e-01,1.347164057282757843e-01,8.917451244030571858e-04,1.450775218515355401e-03,-1.087681070802079195e-02,3.439186878569248061e-03,1.337962336106775750e-02,1.549977205751617258e-02
2.909999999999999809e-01,0.000000000000000000e+00,2.390573465079609376e-03,2.920366358620895761e-03,2.240785001747219469e-03,2.955392891234693079e-03,1.000000000000000000e+00,1.000000000000000000e+00,9.277012779311206775e-04,1.443548176802713322e-03,-3.820674677748646733e-04,1.814585490224109206e-03,6.256957588827880001e-02,4.329037822189602674e-02,1.929432991025069322e-01,1.304593967137509247e-01,8.861359018823725207e-04,1.452538682197006964e-03,-1.155854620352605305e-02,3.614261912319939769e-03,1.337962336106775750e-02,1.549977205751617258e-02
2.914999999999999813e-01,0.000000000000000000e+00,2.390444233793402855e-03,2.921281622603917605e-03,2.238963332188780887e-03,2.955544532814412869e-03,1.000000000000000000e+00,1.000000000000000000e+00,9.276022810224451420e-04,1.444463440785734732e-03,-1.979938173511724075e-04,1.830527966042647331e-03,6.590652097162191803e-02,4.210288162264246015e-02,2.024721837495902788e-01,1.271090908897158644e-01,8.802664530602970607e-04,1.454366158034893454e-03,-1.191833001777247228e-02,3.695415103798691502e-03,1.337962336106775750e-02,1.549977205751617258e-02
2.919999999999999818e-01,0.000000000000000000e+00,2.390451985847538621e-03,2.922175970049486864e-03,2.237135927294068259e-03,2.955700276732262446e-03,1.000000000000000000e+00,1.000000000000000000e+00,9.276082194404387067e-04,1.445357788231303991e-03,1.187683598711901378e-05,1.788694891138461812e-03,5.593227437885823355e-02,4.332634210673808745e-02,1.609645632724608921e-01,1.328617207704226311e-01,8.903619474052108101e-04,1.454217496674938860e-03,-9.931432437353501091e-03,3.442164625420121235e-03,1.277722715194707682e-02,1.557461940816927057e-02
2.924999999999999822e-01,0.000000000000000000e+00,2.390242835030892844e-03,2.923067073015569832e-03,2.235302930771905505e-03,2.955860449500663512e-03,1.000000000000000000e+00,1.000000000000000000e+00,9.274480006195732823e-04,1.446248891197387393e-03,-3.204376417308912135e-04,1.782205932166910749e-03,5.721902804067915960e-02,4.254403504480736009e-02,1.743536492492041012e-01,1.287771326999073984e-01,8.851960201030637312e-04,1.455957179680847586e-03,-1.073053290063755508e-02,3.516357868828727182e-03,1.277722715194707682e-02,1.557461940816927057e-02
2.929999999999999827e-01,0.000000000000000000e+00,2.389987833842137366e-03,2.923950426450066913e-03,2.233464469835103224e-03,2.956025300258499633e-03,1.000000000000000000e+00,1.000000000000000000e+00,9.272526583759384483e-04,1.447132244631884473e-03,-3.906844872697488305e-04,1.766706868994339210e-03,6.132427222469545580e-02,4.157945478313146426e-02,1.891726044982057209e-01,1.256941891328370309e-01,8.796577525124054135e-04,1.457721467365739572e-03,-1.142099006974576364e-02,3.540679062931536419e-03,1.277722715194707682e-02,1.557461940816927057e-02
2.934999999999999831e-01,0.000000000000000000e+00,2.389826682622433682e-03,2.924814149274560134e-03,2.231620655981144535e-03,2.956195005156017977e-03,1.000000000000000000e+00,1.000000000000000000e+00,9.271292093795827430e-04,1.447995967456377261e-03,-2.468979927113841154e-04,1.727445648985614143e-03,6.465938454449711437e-02,4.081961971197679145e-02,1.986737173987320193e-01,1.235548521690662122e-01,8.738550481151328509e-04,1.459482729755247560e-03,-1.178889523558145948e-02,3.504374293975891144e-03,1.277722715194707682e-02,1.557461940816927057e-02
2.939999999999999836e-01,0.000000000000000000e+00,2.389793997285799380e-03,2.925638265202552997e-03,2.229771585772850548e-03,2.956369671739707619e-03,1.000000000000000000e+00,1.000000000000000000e+00,9.271041709590822780e-04,1.448820083384370341e-03,-5.007684100085581518e-05,1.648231855986105566e-03,5.512570248866228984e-02,4.558118823502532030e-02,1.588738404800653370e-01,1.426719607719753313e-01,8.905554625154535765e-04,1.452163770639556097e-03,-8.961245228993230255e-03,2.246496483026192998e-03,1.192973716095723988e-02,1.591367075890752492e-02
2.944999999999999840e-01,0.000000000000000000e+00,2.389550133890714322e-03,2.926498406391874613e-03,2.227917341619051021e-03,2.956549343337195636e-03,1.000000000000000000e+00,1.000000000000000000e+00,9.269173607603975506e-04,1.449680224573691740e-03,-3.736203973695197394e-04,1.720282378642622526e-03,5.021535240883210488e-02,4.877128560055308398e-02,1.478226303947908493e-01,1.510181439330179898e-01,8.858870575770920984e-04,1.453332037839513962e-03,-9.710745579961080690e-03,2.426179942898529316e-03,1.192973716095723988e-02,1.591367075890752492e-02
2.949999999999999845e-01,0.000000000000000000e+00,2.389097619627630637e-03,2.927459653279165016e-03,2.226057992555263709e-03,2.956734003442137992e-03,1.000000000000000000e+00,1.000000000000000000e+00,9.265707147237301107e-04,1.450641471460982360e-03,-6.932920733349354301e-04,1.922493774581160225e-03,5.530701591751341351e-02,4.685229326745350698e-02,1.716705199061945297e-01,1.409030454854580117e-01,8.807524804094778777e-04,1.454639219016419776e-03,-1.082520923473380414e-02,2.801767481516689081e-03,1.192973716095723988e-02,1.591367075890752492e-02
2.954999999999999849e-01,0.000000000000000000e+00,2.388669102502623525e-03,2.928508180791012175e-03,2.224193595024361557e-03,2.956923580099109130e-03,1.000000000000000000e+00,1.000000000000000000e+00,9.262424515613371231e-04,1.451689998972829302e-03,-6.565263247859387530e-04,2.097055023693813851e-03,5.948035574057298353e-02,4.526843842797022288e-02,1.835453942760236490e-01,1.364426103646083355e-01,8.751615279444050497e-04,1.456103156080329258e-03,-1.153700987892279130e-02,3.053437717179907033e-03,1.192973716095723988e-02,1.591367075890752492e-02
2.959999999999999853e-01,0.000000000000000000e+00,2.388347480069864803e-03,2.929608449566663622e-03,2.222324193657249439e-03,2.957117950288493287e-03,1.000000000000000000e+00,1.000000000000000000e+00,9.259960744839400683e-04,1.452790267748480749e-03,-4.927541547942113900e-04,2.200537551302974865e-03,4.933036818948993707e-02,4.808195577425674466e-02,1.406242173659231209e-01,1.487525833963428412e-01,8.942759028010266844e-04,1.451614641485214933e-03,-8.679473110207530651e-03,2.417998152124527581e-03,1.099394089471302134e-02,1.614042875436644611e-02
2.964999999999999858e-01,0.000000000000000000e+00,2.387799184604864292e-03,2.930795028841741423e-03,2.220449822053529622e-03,2.957316944311368448e-03,1.000000000000000000e+00,1.000000000000000000e+00,9.255760557897888072e-04,1.453976847023558984e-03,-8.400373883026212522e-04,2.373158550156323054e-03,4.458574092154336810e-02,4.900158864591804692e-02,1.307339580885043262e-01,1.499743043077619853e-01,8.896704478990161190e-04,1.452898913888570065e-03,-9.740116940110543284e-03,2.718460635241722306e-03,1.099394089471302134e-02,1.614042875436644611e-02
2.969999999999999862e-01,0.000000000000000000e+00,2.386982984099747171e-03,2.932100702107589933e-03,2.218570503562181974e-03,2.957520350174405472e-03,1.000000000000000000e+00,1.000000000000000000e+00,9.249508099283730795e-04,1.455282520289407060e-03,-1.250491722831437993e-03,2.611346531696282555e-03,5.050645507651074784e-02,4.708149113420175003e-02,1.576265680653595735e-01,1.418039498933749976e-01,8.844473172371109405e-04,1.454346788048526415e-03,-1.114947699971838464e-02,3.072295560782548930e-03,1.099394089471302134e-02,1.614042875436644611e-02
2.974999999999999867e-01,0.000000000000000000e+00,2.386133500341628723e-03,2.933514374905226568e-03,2.216686252062231594e-03,2.957727917974750740e-03,1.000000000000000000e+00,1.000000000000000000e+00,9.243000676159463403e-04,1.456696193087043695e-03,-1.301484624853441879e-03,2.827345595273466575e-03,5.538455112041618805e-02,4.550103851293998969e-02,1.714983068014393763e-01,1.373701460852925216e-01,8.786370723829633762e-04,1.455940579834486383e-03,-1.208946116622509372e-02,3.302365479959263987e-03,1.099394089471302134e-02,1.614042875436644611e-02
2.979999999999999871e-01,0.000000000000000000e+00,2.385372779602044999e-03,2.935004416352561974e-03,2.214797072743423384e-03,2.957939364284923982e-03,1.000000000000000000e+00,1.000000000000000000e+00,9.237173217206230214e-04,1.458186234534379318e-03,-1.165491790646686629e-03,2.980082894671166795e-03,8.198482176074592398e-03,3.509718776866926904e-02,-1.587032170547128529e-02,9.836027478850249695e-02,9.377177377108665904e-04,1.468815984611352788e-03,1.526892580936015792e-02,8.218012034414082928e-03,-1.325401153045870431e-02,1.198225380588310851e-02
2.984999999999999876e-01,0.000000000000000000e+00,2.383387576889799651e-03,2.936381856914492550e-03,2.212902962886895315e-03,2.958154376537700924e-03,1.000000000000000000e+00,1.000000000000000000e+00,9.221965682144427469e-04,1.459563675096309677e-03,-3.041507012360479545e-03,2.754881123860588709e-03,-1.146722403731364505e-03,3.272994521030254955e-02,-1.257655396471057778e-02,9.798026667869744188e-02,9.451058949382925385e-04,1.472930820162674436e-03,1.428533009298573256e-02,8.241129866354455005e-03,-1.325401153045870431e-02,1.198225380588310851e-02
2.989999999999999880e-01,0.000000000000000000e+00,2.380215324974651117e-03,2.937753349489346296e-03,2.211003912645846496e-03,2.958372617411009382e-03,1.000000000000000000e+00,1.000000000000000000e+00,9.197664822626697156e-04,1.460935167671163640e-03,-4.860171903545997506e-03,2.742985149707769486e-03,-1.065678267361656710e-02,3.005543343183870661e-02,-4.220507366517427250e-02,8.961061117789081987e-02,9.518260577441995220e-04,1.477020064273895997e-03,1.259833654342550069e-02,8.115934669919371708e-03,-1.325401153045870431e-02,1.198225380588310851e-02
2.994999999999999885e-01,0.000000000000000000e+00,2.375708287200826302e-03,2.939174319912347608e-03,2.209099905826216077e-03,2.958593729212815378e-03,1.000000000000000000e+00,1.000000000000000000e+00,9.163138910211039928e-04,1.462356138094164952e-03,-6.905182483131542745e-03,2.841940846002467130e-03,-2.028953298179871773e-02,2.701575055931663624e-02,-7.225302230672198123e-02,8.011843049547683060e-02,9.575254571226349699e-04,1.481005209487813680e-03,1.020368638807074568e-02,7.825059297210777351e-03,-1.325401153045870431e-02,1.198225380588310851e-02
2.999999999999999889e-01,0.000000000000000000e+00,2.369661940423522378e-03,2.940654878346704842e-03,2.207190920667349582e-03,2.958817338266015763e-03,1.000000000000000000e+00,1.000000000000000000e+00,9.116821206711801101e-04,1.463836696528522186e-03,-9.263540699847820983e-03,2.961116868714387500e-03,-2.801501045175086840e-03,4.569235851843203577e-02,3.015835410796695835e-03,1.552827663479484366e-01,9.331635074988016464e-04,1.443066265876138173e-03,-2.498977426177969533e-03,-6.617111860261188847e-03,-7.298581168775140730e-03,2.064596376458327151e-02
3.004999999999999893e-01,0.000000000000000000e+00,2.362586920312091578e-03,2.942551037012710452e-03,2.205276930622676514e-03,2.959043059293329104e-03,1.000000000000000000e+00,1.000000000000000000e+00,9.062623408298632654e-04,1.465732855194527579e-03,-1.083955968263361144e-02,3.792317332010613790e-03,6.594816102688251871e-03,4.828039596069189088e-02,2.399649313108553894e-02,1.496405773583953658e-01,9.312937545512911617e-04,1.439659431041189538e-03,-4.975164884397308661e-03,-7.009338602410219304e-03,-7.298581168775140730e-03,2.064596376458327151e-02
3.009999999999999898e-01,0.000000000000000000e+00,2.354743186953590917e-03,2.944886905607910568e-03,2.203357905140379720e-03,2.959270499802182236e-03,1.000000000000000000e+00,1.000000000000000000e+00,9.002536924772768564e-04,1.468068723789727912e-03,-1.201729670517277110e-02,4.671737190400772864e-03,1.629220188189092061e-02,5.076030064290629890e-02,5.320120803882875948e-02,1.573271282205027377e-01,9.283728210050487843e-04,1.436098102636307241e-03,-6.705106311715684254e-03,-7.235402323427384853e-03,-7.298581168775140730e-03,2.064596376458327151e-02
3.014999999999999902e-01,0.000000000000000000e+00,2.346393528532858541e-03,2.947680895753335487e-03,2.201433810444067794e-03,2.959499264469604186e-03,1.000000000000000000e+00,1.000000000000000000e+00,8.938574830421334907e-04,1.470862713935152614e-03,-1.279241887028672101e-02,5.587980290849336139e-03,2.623251847658656516e-02,5.317973328756367413e-02,8.324120810903576362e-02,1.648822204708175476e-01,9.247774763188572941e-04,1.432463204867966914e-03,-7.674258358010041525e-03,-7.303918600974642836e-03,-7.298581168775140730e-03,2.064596376458327151e-02
3.019999999999999907e-01,0.000000000000000000e+00,2.337801508030751610e-03,2.950946860531292789e-03,2.199504610313449647e-03,2.959728959527115327e-03,1.000000000000000000e+00,1.000000000000000000e+00,8.872756134813297333e-04,1.474128678713110133e-03,-1.316373912160742447e-02,6.531929555914849431e-03,3.967018817573810668e-02,4.395499292511056283e-02,1.268056328391603260e-01,1.272752634599396415e-01,8.752542833355718074e-04,1.471342749942476224e-03,-1.999643378134071184e-02,4.072845985471433908e-03,-1.378333413171484471e-03,1.513119891801372602e-02
3.024999999999999911e-01,0.000000000000000000e+00,2.329318394076305802e-03,2.954498984602621937e-03,2.197570266865005607e-03,2.959959197145617393e-03,1.000000000000000000e+00,1.000000000000000000e+00,8.807771711761818584e-04,1.477680802784439281e-03,-1.299688461029584359e-02,7.104248142658445460e-03,4.031968387183015173e-02,4.308126246505285251e-02,1.179185291467515911e-01,1.319290818532709020e-01,8.652874739671778540e-04,1.473420810854636498e-03,-1.987067076683643116e-02,4.238997132986691528e-03,-1.378333413171484471e-03,1.513119891801372602e-02
3.029999999999999916e-01,0.000000000000000000e+00,2.320948038761306859e-03,2.958299187890723117e-03,2.195630741332660254e-03,2.960189599820284376e-03,1.000000000000000000e+00,1.000000000000000000e+00,8.743651070001953740e-04,1.481481006072540244e-03,-1.282412835197305374e-02,7.600406576201930442e-03,4.097628098839284361e-02,4.218905367331388101e-02,1.199779434615252244e-01,1.293592829131597899e-01,8.553961588754403853e-04,1.475567745953425876e-03,-1.969455710661474970e-02,4.348450009723579812e-03,-1.378333413171484471e-03,1.513119891801372602e-02
3.034999999999999920e-01,0.000000000000000000e+00,2.312695238192235929e-03,2.962312248816685069e-03,2.193685994848454824e-03,2.960419804755450805e-03,1.000000000000000000e+00,1.000000000000000000e+00,8.680430949840895870e-04,1.485494066998502196e-03,-1.264402403221150800e-02,8.026121851923730122e-03,4.164035438310777909e-02,4.127831173065150266e-02,1.220630472600025274e-01,1.267120748982660805e-01,8.456054985910439184e-04,1.477755079278465604e-03,-1.946815280392023492e-02,4.400699371006733251e-03,-1.378333413171484471e-03,1.513119891801372602e-02
3.039999999999999925e-01,0.000000000000000000e+00,2.304565802456518941e-03,2.966505334252323225e-03,2.191735989223218741e-03,2.960649468249504368e-03,1.000000000000000000e+00,1.000000000000000000e+00,8.618155859130505409e-04,1.489687152434140570e-03,-1.245501814207807846e-02,8.386170871276658542e-03,3.960174393924066616e-02,3.962790016176523378e-02,1.136487535017728784e-01,1.211882935666938332e-01,8.594229835227981283e-04,1.483726128237003363e-03,-1.398303334165286807e-02,5.231900173726451025e-03,-3.511468341524370644e-03,1.478854680036712117e-02
3.044999999999999929e-01,0.000000000000000000e+00,2.296493442027520634e-03,2.970835469875176757e-03,2.189780687727244188e-03,2.960878270079774638e-03,1.000000000000000000e+00,1.000000000000000000e+00,8.556317990635628565e-04,1.494017288056994318e-03,-1.236757369897545193e-02,8.660271245707359608e-03,4.006730978143207417e-02,3.849540209167903737e-02,1.172294595608574658e-01,1.182814642190198745e-01,8.525222021139933822e-04,1.486324692756363581e-03,-1.362053402743986300e-02,5.162394403494832869e-03,-3.511468341524370644e-03,1.478854680036712117e-02
3.049999999999999933e-01,0.000000000000000000e+00,2.288483410578319617e-03,2.975273080743296231e-03,2.187820055870956775e-03,2.961105917887424822e-03,1.000000000000000000e+00,1.000000000000000000e+00,8.494957589826944259e-04,1.498454898925113792e-03,-1.227208016173689763e-02,8.875221736239021983e-03,4.039581442560498392e-02,3.774965721113715533e-02,1.181431260461678623e-01,1.164167236796346955e-01,8.458109063695457225e-04,1.488870929994375340e-03,-1.322516155278977840e-02,5.022728994316804849e-03,-3.511468341524370644e-03,1.478854680036712117e-02
3.054999999999999938e-01,0.000000000000000000e+00,2.280538303830913910e-03,2.979796920715861892e-03,2.185854062185137343e-03,2.961332151559474719e-03,1.000000000000000000e+00,1.000000000000000000e+00,8.434094541088571137e-04,1.502978738897679236e-03,-1.217260974767470257e-02,9.047679945130733536e-03,4.049126654329501807e-02,3.770385383313867161e-02,1.182701695204671222e-01,1.169273700788509562e-01,8.393028066963198735e-04,1.491335987493258922e-03,-1.280780003595882732e-02,4.837766300388500820e-03,-3.511468341524370644e-03,1.478854680036712117e-02
3.059999999999999942e-01,0.000000000000000000e+00,2.272655208343582131e-03,2.984398816664000399e-03,2.183882678928693484e-03,2.961556747151425101e-03,1.000000000000000000e+00,1.000000000000000000e+00,8.373706526162102461e-04,1.507580634845817960e-03,-1.207760298529364507e-02,9.203791896277525517e-03,4.055814960243189077e-02,3.604023100744647989e-02,1.184835580921898279e-01,1.105525219589178210e-01,8.299072339578929432e-04,1.502771277076974830e-03,-1.298048684707107416e-02,6.389607836230711685e-03,-3.298754741939216757e-03,1.416609077053292663e-02
3.064999999999999947e-01,0.000000000000000000e+00,2.264830842146996030e-03,2.989043988319809060e-03,2.181905882347711864e-03,2.961779517964469380e-03,1.000000000000000000e+00,1.000000000000000000e+00,8.313768403703875260e-04,1.512225806501626404e-03,-1.198762449164543151e-02,9.290343311616941838e-03,4.064994383127661093e-02,3.599034179211112183e-02,1.188162226558734658e-01,1.118049942006529018e-01,8.235170624681660122e-04,1.505910938191212496e-03,-1.258073234210020826e-02,6.169344837706638648e-03,-3.298754741939216757e-03,1.416609077053292663e-02
3.069999999999999951e-01,0.000000000000000000e+00,2.257064268205499942e-03,2.993726960241842577e-03,2.179923652533505805e-03,2.962000313079923321e-03,1.000000000000000000e+00,1.000000000000000000e+00,8.254272995604316869e-04,1.516908778423659921e-03,-1.189908161991163824e-02,9.365943844066875260e-03,4.074372166634949999e-02,3.594097556777409858e-02,1.191347944883656418e-01,1.116786204496653945e-01,8.173277223991921858e-04,1.508940153789439581e-03,-1.217717612129302039e-02,5.947832367461027871e-03,-3.298754741939216757e-03,1.416609077053292663e-02
3.074999999999999956e-01,0.000000000000000000e+00,2.249354843344097965e-03,2.998442614509056088e-03,2.177935973231555876e-03,2.962219015582200771e-03,1.000000000000000000e+00,1.000000000000000000e+00,8.195215374857113501e-04,1.521624432690873432e-03,-1.181152414944074136e-02,9.431308534426930887e-03,4.083946437117459693e-02,3.589210291905716582e-02,1.194589396080812799e-01,1.115506356337468696e-01,8.113411301414849737e-04,1.511858317143540851e-03,-1.176975624672445785e-02,5.725142340034559442e-03,-3.298754741939216757e-03,1.416609077053292663e-02
3.079999999999999960e-01,0.000000000000000000e+00,2.241702195036301710e-03,3.003186155790177770e-03,2.175942831650311271e-03,2.962435540780950210e-03,1.000000000000000000e+00,1.000000000000000000e+00,8.136592687743801362e-04,1.526367973971995114e-03,-1.172453742266248156e-02,9.487082562243544237e-03,3.968749842477456435e-02,3.434950747029037743e-02,1.149355198209865148e-01,1.056182302359627290e-01,8.197220967029657810e-04,1.520823211158173335e-03,-8.948128775497676130e-03,6.549393899073534947e-03,-4.077860532043882900e-03,1.382731681922749582e-02
3.084999999999999964e-01,0.000000000000000000e+00,2.234072487116581154e-03,3.007927933449333537e-03,2.173944218269992928e-03,2.962649834433196076e-03,1.000000000000000000e+00,1.000000000000000000e+00,8.078145734198574016e-04,1.531109751631150881e-03,-1.168939070904556447e-02,9.483555318311562288e-03,3.968621614690942545e-02,3.407424756276253297e-02,1.159269202105810692e-01,1.058650049161058981e-01,8.153485228722939923e-04,1.524027224704904487e-03,-8.546779077521857865e-03,6.267086314543679135e-03,-4.077860532043882900e-03,1.382731681922749582e-02
3.089999999999999969e-01,0.000000000000000000e+00,2.226465692172592634e-03,3.012662239046045264e-03,2.171940126651397511e-03,2.962861870965478785e-03,1.000000000000000000e+00,1.000000000000000000e+00,8.019874304230694643e-04,1.535844057227862391e-03,-1.165428599357594061e-02,9.468611193422918348e-03,3.978647236244699931e-02,3.400115263873113719e-02,1.163303530963880755e-01,1.058116086108598225e-01,8.111746803645157123e-04,1.527086438713042872e-03,-8.149203717288111548e-03,5.970229413170552099e-03,-4.077860532043882900e-03,1.382731681922749582e-02
3.094999999999999973e-01,0.000000000000000000e+00,2.218884788814079120e-03,3.017387088739800945e-03,2.169930553244702690e-03,2.963071651695994325e-03,1.000000000000000000e+00,1.000000000000000000e+00,7.961801215314581390e-04,1.540568906921618289e-03,-1.161461778322257429e-02,9.449699387511945048e-03,3.988783105939491813e-02,3.392697050243506651e-02,1.166530752503561197e-01,1.055802152508011765e-01,8.072006226414694128e-04,1.529996776068855060e-03,-7.747655188548111145e-03,5.671588788221999800e-03,-4.077860532043882900e-03,1.382731681922749582e-02
3.099999999999999978e-01,0.000000000000000000e+00,2.211332752043384912e-03,3.022100508940940393e-03,2.167915497198268527e-03,2.963279203056731238e-03,1.000000000000000000e+00,1.000000000000000000e+00,7.903949257290376245e-04,1.545282327122757520e-03,-1.157039160484106544e-02,9.426840402278407333e-03,4.054461894945417255e-02,3.393430561588840766e-02,1.191336395266767434e-01,1.056651470158127271e-01,7.936845745488277978e-04,1.536200418209751270e-03,-8.846615779000061019e-03,5.902775857555444053e-03,-3.626624567084471996e-03,1.366786707809068691e-02
3.104999999999999982e-01,0.000000000000000000e+00,2.203827506488578725e-03,3.026801925925638216e-03,2.165894960167443623e-03,2.963484574815613681e-03,1.000000000000000000e+00,1.000000000000000000e+00,7.846455740775351226e-04,1.549983744107455777e-03,-1.149870330300503847e-02,9.402833969396364594e-03,4.064476393530947612e-02,3.386866123998435313e-02,1.189883959032318195e-01,1.053967177534607114e-01,7.893629835796982068e-04,1.539081441020486709e-03,-8.440372076837362667e-03,5.621751131956105249e-03,-3.626624567084471996e-03,1.366786707809068691e-02
3.109999999999999987e-01,0.000000000000000000e+00,2.196371232056337601e-03,3.031489063891911785e-03,2.163868946123367366e-03,2.963687838298640579e-03,1.000000000000000000e+00,1.000000000000000000e+00,7.789337364823464534e-04,1.554670882073728912e-03,-1.142367519037736263e-02,9.374275932546411241e-03,4.074626167196890997e-02,3.380233660950279079e-02,1.193248244967916732e-01,1.051865760530829447e-01,7.852454926001969145e-04,1.541821583316619259e-03,-8.030231086460854623e-03,5.339261961190659711e-03,-3.626624567084471996e-03,1.366786707809068691e-02
3.114999999999999991e-01,0.000000000000000000e+00,2.188966148317391010e-03,3.036159698314394237e-03,2.161837461161774353e-03,2.963889084612023484e-03,1.000000000000000000e+00,1.000000000000000000e+00,7.732611132332958088e-04,1.559341516496211364e-03,-1.134524649810128571e-02,9.341268844964872170e-03,4.084910687084319231e-02,3.373530647587145992e-02,1.196665884793612078e-01,1.049729357429250859e-01,7.813340532657886547e-04,1.544420114495479845e-03,-7.616180859349265531e-03,5.055314839939040183e-03,-3.626624567084471996e-03,1.366786707809068691e-02
3.119999999999999996e-01,0.000000000000000000e+00,2.181614509835017209e-03,3.040811651273605826e-03,2.159800513311798363e-03,2.964088422864328762e-03,1.000000000000000000e+00,1.000000000000000000e+00,7.676294314260538772e-04,1.563993469455423170e-03,-1.126336361448378003e-02,9.303905918423543281e-03,4.029282231636531486e-02,3.245517882734344495e-02,1.174486430252262292e-01,1.000473276811265355e-01,7.815225012459978225e-04,1.554213755665285156e-03,-6.641379939204932782e-03,5.819720283222147572e-03,-3.785689451233666385e-03,1.336797834492562537e-02
3.125000000000000000e-01,0.000000000000000000e+00,2.174300784102429357e-03,3.045422383482381586e-03,2.157758112344773313e-03,2.964285978388613713e-03,1.000000000000000000e+00,1.000000000000000000e+00,7.620267924701084813e-04,1.568604201664198930e-03,-1.120527791189068409e-02,9.221464417551488574e-03,4.038652336736142656e-02,3.236953752024426118e-02,1.183088966909857792e-01,1.007827012038544773e-01,7.782987528387692649e-04,1.557040304175684627e-03,-6.254242130268429858e-03,5.487011726183641837e-03,-3.785689451233666385e-03,1.336797834492562537e-02
3.130000000000000004e-01,0.000000000000000000e+00,2.167028737195645337e-03,3.049991199902801070e-03,2.155710269583044174e-03,2.964481890964574401e-03,1.000000000000000000e+00,1.000000000000000000e+00,7.564560813470658793e-04,1.573173018084618414e-03,-1.114142224608529082e-02,9.137632840839099435e-03,4.048052553805683157e-02,3.228180903360925585e-02,1.186175858626171420e-01,1.004898647486266311e-01,7.752694218104240259e-04,1.559699972188172091e-03,-5.863724321234868413e-03,5.152208657239963109e-03,-3.785689451233666385e-03,1.336797834492562537e-02
3.135000000000000009e-01,0.000000000000000000e+00,2.159802021380893746e-03,3.054517317575587872e-03,2.153656997708758812e-03,2.964676313040666596e-03,1.000000000000000000e+00,1.000000000000000000e+00,7.509200958551756578e-04,1.577699135757405433e-03,-1.107197098378040825e-02,9.052235345574064646e-03,4.057473249456803460e-02,3.219184711068600463e-02,1.189288818244601670e-01,1.001896647099050630e-01,7.724361831196061099e-04,1.562191695463675247e-03,-5.469886624523544183e-03,4.815243315449914754e-03,-3.785689451233666385e-03,1.336797834492562537e-02
3.140000000000000013e-01,0.000000000000000000e+00,2.152624181149818353e-03,3.058999870820929001e-03,2.151598310572687585e-03,2.964869407956274849e-03,1.000000000000000000e+00,1.000000000000000000e+00,7.454215512325643861e-04,1.582181689002746128e-03,-1.099708924522260940e-02,8.965106490681379672e-03,4.108205633103453880e-02,3.195425834163191647e-02,1.208464160914559521e-01,9.931751751781330018e-02,7.595594088266448838e-04,1.571399357792175461e-03,-6.459498294417177419e-03,5.408289563579049032e-03,-3.399217758512477171e-03,1.310816182678379085e-02
3.145000000000000018e-01,0.000000000000000000e+00,2.145509800584310088e-03,3.063435471626757382e-03,2.149534223003009541e-03,2.965061348163820429e-03,1.000000000000000000e+00,1.000000000000000000e+00,7.399716195341230797e-04,1.586617289808574726e-03,-1.089986339688263708e-02,8.871201611657199282e-03,4.117497562751545881e-02,3.187164341560418807e-02,1.208101423491420578e-01,9.917121935920565623e-02,7.564284106161035803e-04,1.574022022401184648e-03,-6.065140485669748456e-03,5.082900360361142407e-03,-3.399217758512477171e-03,1.310816182678379085e-02
3.150000000000000022e-01,0.000000000000000000e+00,2.138461827292423290e-03,3.067823122756278137e-03,2.147464750614132452e-03,2.965252313450928660e-03,1.000000000000000000e+00,1.000000000000000000e+00,7.345725587586222297e-04,1.591004940938095264e-03,-1.079812155100170513e-02,8.775302259041153560e-03,4.126837861475984859e-02,3.178714468590927711e-02,1.211311772425722744e-01,9.888470969156112900e-02,7.534953986284928127e-04,1.576481503549728410e-03,-5.667567116445819224e-03,4.755565658883097180e-03,-3.399217758512477171e-03,1.310816182678379085e-02
3.155000000000000027e-01,0.000000000000000000e+00,2.131483143958008263e-03,3.072161778781864853e-03,2.145389909615484647e-03,2.965442489162546831e-03,1.000000000000000000e+00,1.000000000000000000e+00,7.292265771700068028e-04,1.595343596963682197e-03,-1.069196317723085203e-02,8.677312051173982979e-03,4.136217203384828789e-02,3.170061407528226155e-02,1.214549481920569329e-01,9.859128756747211064e-02,7.507619693687553677e-04,1.578776814029844017e-03,-5.266823260906947426e-03,4.426227772916799599e-03,-3.399217758512477171e-03,1.310816182678379085e-02
3.160000000000000031e-01,0.000000000000000000e+00,2.124576570202935631e-03,3.076450347849115502e-03,2.143309716620325073e-03,2.965632064423097229e-03,1.000000000000000000e+00,1.000000000000000000e+00,7.239358347239420802e-04,1.599632166030933063e-03,-1.058148489212943320e-02,8.577138134501791425e-03,4.121889039815863909e-02,3.048655530859970333e-02,1.208592638033279404e-01,9.392000620922547061e-02,7.415685831903347409e-04,1.594358044423687965e-03,-5.734113335567592694e-03,5.853981296824916497e-03,-3.157698544768789122e-03,1.262045027607019282e-02
3.165000000000000036e-01,0.000000000000000000e+00,2.117738460686874585e-03,3.080668754161986281e-03,2.141224188454545103e-03,2.965821230358613690e-03,1.000000000000000000e+00,1.000000000000000000e+00,7.186975389277242996e-04,1.603850572343803408e-03,-1.047659159243560789e-02,8.436812625740740604e-03,4.129870611433614919e-02,3.039343873836925988e-02,1.213303307149158905e-01,9.455252205277316080e-02,7.387930594926448184e-04,1.597195769407375957e-03,-5.368584955667045529e-03,5.497502250279050554e-03,-3.157698544768789122e-03,1.262045027607019282e-02
3.170000000000000040e-01,0.000000000000000000e+00,2.110972412512774829e-03,3.084817156982840904e-03,2.139133341965472525e-03,2.966010178318876853e-03,1.000000000000000000e+00,1.000000000000000000e+00,7.135144453220798296e-04,1.607998975164658031e-03,-1.036618721128897483e-02,8.296805641709106838e-03,4.137811408926733714e-02,3.029763982864246835e-02,1.216114020225468051e-01,9.421781261029996135e-02,7.362009205049371450e-04,1.599854680706422599e-03,-5.000586213403769055e-03,5.138737744941148690e-03,-3.157698544768789122e-03,1.262045027607019282e-02
3.175000000000000044e-01,0.000000000000000000e+00,2.104281866445275716e-03,3.088895594370998088e-03,2.137037193830674218e-03,2.966199098099560685e-03,1.000000000000000000e+00,1.000000000000000000e+00,7.083891896856408079e-04,1.612077412552815215e-03,-1.025051127287797230e-02,8.156874776314410047e-03,4.145693229631875615e-02,3.019894426957242528e-02,1.218924796825230500e-01,9.387416628792953632e-02,7.337933760824588486e-04,1.602333610572012710e-03,-4.630218262201011951e-03,4.777587940753755952e-03,-3.157698544768789122e-03,1.262045027607019282e-02
3.180000000000000049e-01,0.000000000000000000e+00,2.097670113875880343e-03,3.092903989453341888e-03,2.134935760366763174e-03,2.966388176164367306e-03,1.000000000000000000e+00,1.000000000000000000e+00,7.033242933705779023e-04,1.616085807635159232e-03,-1.012979263012586326e-02,8.016790164687996947e-03,4.240636518711158459e-02,3.053167337348454413e-02,1.255570966491559026e-01,9.520845328279819997e-02,7.176860266554508901e-04,1.609468730493321398e-03,-6.042919609485343166e-03,5.035904983164835903e-03,-2.659244305840577534e-03,1.244680086029729786e-02
3.185000000000000053e-01,0.000000000000000000e+00,2.091163810987381466e-03,3.096849469627437242e-03,2.132829057338197706e-03,2.966577593867167871e-03,1.000000000000000000e+00,1.000000000000000000e+00,6.983401761975940435e-04,1.620031287809254802e-03,-9.968234345967696627e-03,7.890960348190948978e-03,4.249313182504921987e-02,3.045129815818898439e-02,1.251432988992183526e-01,9.457438469276560622e-02,7.147630022380426374e-04,1.611905928537859731e-03,-5.649829400948159532e-03,4.713420063336477839e-03,-2.659244305840577534e-03,1.244680086029729786e-02
3.190000000000000058e-01,0.000000000000000000e+00,2.084764753317425168e-03,3.100730911623201733e-03,2.130717099766089341e-03,2.966767525674143466e-03,1.000000000000000000e+00,1.000000000000000000e+00,6.934382136283263973e-04,1.623912729805019077e-03,-9.803925138535396488e-03,7.762883991528518948e-03,4.258044849596076542e-02,3.036917063398335281e-02,1.254690781805898048e-01,9.428548518008540713e-02,7.120372045722471628e-04,1.614181432164486828e-03,-5.254025315826460311e-03,4.389136907022942943e-03,-2.659244305840577534e-03,1.244680086029729786e-02
3.195000000000000062e-01,0.000000000000000000e+00,2.078474718280235497e-03,3.104547183087997923e-03,2.128599901737004193e-03,2.966958137385922959e-03,1.000000000000000000e+00,1.000000000000000000e+00,6.886197672410635569e-04,1.627729001269815051e-03,-9.636892774525620056e-03,7.632542929592000570e-03,4.266821365375858544e-02,3.028513247208981102e-02,1.257971363613561711e-01,9.398997948933413005e-02,7.095099820895600521e-04,1.616294329331209329e-03,-4.855541366350264905e-03,4.063003953610384161e-03,-2.659244305840577534e-03,1.244680086029729786e-02
3.200000000000000067e-01,0.000000000000000000e+00,2.072295463551887020e-03,3.108297141234852689e-03,2.126477476211782562e-03,2.967149584359827542e-03,0.000000000000000000e+00,1.000000000000000000e+00,6.838861834937955478e-04,1.631478959416670033e-03,-9.467167494536030473e-03,7.499916293709769748e-03,4.294573255999377392e-02,2.997391975608154971e-02,1.268627462823231078e-01,9.281314796167493275e-02,7.006889429146445679e-04,1.623640441922990368e-03,-5.285937045425225314e-03,4.426013317938461492e-03,-2.424351557292121675e-03,1.225158764157042134e-02
3.205000000000000071e-01,0.000000000000000000e+00,2.065661813848541396e-03,3.112322981702045008e-03,2.124349834843601570e-03,2.967342009792826689e-03,0.000000000000000000e+00,1.000000000000000000e+00,6.788045130009495286e-04,1.635504799883862352e-03,-1.016334098569201053e-02,8.051680934384590829e-03,4.311512585628680949e-02,2.983801539676349951e-02,1.270263507921265689e-01,9.271711964335160872e-02,6.981449783238597925e-04,1.625772049202876086e-03,-4.890591354541040311e-03,4.100965185909453449e-03,-2.424351557292121675e-03,1.225158764157042134e-02
3.210000000000000075e-01,0.000000000000000000e+00,2.058584374680134596e-03,3.116618752914445886e-03,2.122216987881427389e-03,2.967535543565434728e-03,0.000000000000000000e+00,1.000000000000000000e+00,6.733828800544789826e-04,1.639800571096263230e-03,-1.084326589294100536e-02,8.591542424801845365e-03,4.328431957914075090e-02,2.969828059175199861e-02,1.272874893882412484e-01,9.245297795644896732e-02,6.958009197067373079e-04,1.627739840739118957e-03,-4.486337968360909652e-03,3.770766515753230103e-03,-2.424351557292121675e-03,1.225158764157042134e-02
3.215000000000000080e-01,0.000000000000000000e+00,2.051073673166105369e-03,3.121178477433603129e-03,2.120078944178707941e-03,2.967730301776940263e-03,0.000000000000000000e+00,1.000000000000000000e+00,6.676293488957317371e-04,1.644360295615420473e-03,-1.150706231749446321e-02,9.119449038314471345e-03,4.345289402086575936e-02,2.955410810164645422e-02,1.275523554950984129e-01,9.217127270578232001e-02,6.936611799299738455e-04,1.629541205847238102e-03,-4.073340660064855151e-03,3.435276018277958268e-03,-2.424351557292121675e-03,1.225158764157042134e-02
3.220000000000000084e-01,0.000000000000000000e+00,2.043140146430842425e-03,3.125996142716523304e-03,2.117935711221105924e-03,2.967926386405739941e-03,0.000000000000000000e+00,1.000000000000000000e+00,6.615519148258475852e-04,1.649177960898340865e-03,-1.215486813976840094e-02,9.635330565840637476e-03,4.402954815199804084e-02,2.976752904986620235e-02,1.294085044077925017e-01,9.327850704235771118e-02,6.866231320709460057e-04,1.632011113248063106e-03,-4.307815315174345384e-03,3.201919641294789093e-03,-2.237013299927230556e-03,1.222085979741000146e-02
3.225000000000000089e-01,0.000000000000000000e+00,2.034805167068625634e-03,3.131071795063709775e-03,2.115787295154401403e-03,2.968123884970723901e-03,0.000000000000000000e+00,1.000000000000000000e+00,6.551669502019102052e-04,1.654253613245527119e-03,-1.276992924787465067e-02,1.015130469437259056e-02,4.420415436584348989e-02,2.962919456910302965e-02,1.293669790803705089e-01,9.271440732047697697e-02,6.845801175536330146e-04,1.633531656540919853e-03,-3.865023671810923281e-03,2.880818358018464101e-03,-2.237013299927230556e-03,1.222085979741000146e-02
3.230000000000000093e-01,0.000000000000000000e+00,2.026079058494529173e-03,3.136399531066935437e-03,2.113633700812382697e-03,2.968322870192652112e-03,0.000000000000000000e+00,1.000000000000000000e+00,6.484823632186706649e-04,1.659581349248752781e-03,-1.336917396647913786e-02,1.065547200645115128e-02,4.437813865759821647e-02,2.948595381093808282e-02,1.296720976241564349e-01,9.242797850992881536e-02,6.827606655092058243e-04,1.634890342723306937e-03,-3.413590619152157696e-03,2.554507412368413419e-03,-2.237013299927230556e-03,1.222085979741000146e-02
3.235000000000000098e-01,0.000000000000000000e+00,2.016972051649263548e-03,3.141973404812057301e-03,2.111474931744741594e-03,2.968523399655533315e-03,0.000000000000000000e+00,1.000000000000000000e+00,6.415059912314083736e-04,1.665155222993874645e-03,-1.395274397452456877e-02,1.114774749024372881e-02,4.455067258802051372e-02,2.933648440936560339e-02,1.299779088416949668e-01,9.211796803742818007e-02,6.811690470258171832e-04,1.636084514862324538e-03,-2.953714400393169220e-03,2.222778900812212490e-03,-2.237013299927230556e-03,1.222085979741000146e-02
3.240000000000000102e-01,0.000000000000000000e+00,2.007494262565489174e-03,3.147787406792410501e-03,2.109310990244974218e-03,2.968725515468009606e-03,0.000000000000000000e+00,1.000000000000000000e+00,6.342455835707294697e-04,1.670969224974228062e-03,-1.452081532135783733e-02,1.162800396070678803e-02,4.573081632652109541e-02,3.007864733854260716e-02,1.342039018060445787e-01,9.527245351000790397e-02,6.640022591902073994e-04,1.640314028352276394e-03,-4.527411852424906985e-03,2.299019305644974843e-03,-1.649645920733194479e-03,1.210185524172051157e-02
3.245000000000000107e-01,0.000000000000000000e+00,1.997682914293344783e-03,3.153850576018224147e-03,2.107141877378273208e-03,2.968929243924734937e-03,0.000000000000000000e+00,1.000000000000000000e+00,6.267296547473480504e-04,1.677032394200041274e-03,-1.503185764676287159e-02,1.212633845162650742e-02,4.601596189939048676e-02,3.016636808257471686e-02,1.341149513165287854e-01,9.512959905167425734e-02,6.618626214142975554e-04,1.641394426405019379e-03,-4.032018459019975735e-03,2.023066868706574137e-03,-1.649645920733194479e-03,1.210185524172051157e-02
3.250000000000000111e-01,0.000000000000000000e+00,1.987550690223699196e-03,3.160160804111444496e-03,2.104967593009420337e-03,2.969134595167752765e-03,0.000000000000000000e+00,1.000000000000000000e+00,6.189679208023599229e-04,1.683342622293261840e-03,-1.552346788997635910e-02,1.262045618644123089e-02,4.621141501436987209e-02,3.006949434676792904e-02,1.344488736763025105e-01,9.482724421570093432e-02,6.599748126256471323e-04,1.642338954460239491e-03,-3.520137373118016524e-03,1.755528144503679762e-03,-1.649645920733194479e-03,1.210185524172051157e-02
3.255000000000000115e-01,0.000000000000000000e+00,1.977107742982607812e-03,3.166712872539417800e-03,2.102788135830693014e-03,2.969341562847883226e-03,0.000000000000000000e+00,1.000000000000000000e+00,6.109681590985371153e-04,1.689894690721234927e-03,-1.599952340764550923e-02,1.310413685594616004e-02,4.641005806661618188e-02,2.997511204852997338e-02,1.348775016812348293e-01,9.468900419466887153e-02,6.583453000488997476e-04,1.643148929022670299e-03,-2.998861579424359422e-03,1.484864039366741656e-03,-1.649645920733194479e-03,1.210185524172051157e-02
3.260000000000000120e-01,0.000000000000000000e+00,1.966364228425619524e-03,3.173501637962185262e-03,2.100603503389748654e-03,2.969550123786097312e-03,0.000000000000000000e+00,1.000000000000000000e+00,6.027381494725882931e-04,1.696683456144002823e-03,-1.646001925189774853e-02,1.357753084553558857e-02,4.653321061341771786e-02,2.803612023209180182e-02,1.350159790307051133e-01,8.738170373449763439e-02,6.420655016758723254e-04,1.661898691812472304e-03,-4.403547264844799580e-03,3.557160774314940908e-03,-1.090830927584608180e-03,1.142453657656410625e-02
3.265000000000000124e-01,0.000000000000000000e+00,1.955328181861574078e-03,3.180490945873083643e-03,2.098413692117526413e-03,2.969760237634895376e-03,0.000000000000000000e+00,1.000000000000000000e+00,5.942840473281991304e-04,1.703672764054900987e-03,-1.690820428877840009e-02,1.397861582179643104e-02,4.642461780635591395e-02,2.738873353972287247e-02,1.343234303323076195e-01,8.664346027339565881e-02,6.399837859786727725e-04,1.663596007237461323e-03,-3.924165889583696061e-03,3.232665650409550021e-03,-1.090830927584608180e-03,1.142453657656410625e-02
3.270000000000000129e-01,0.000000000000000000e+00,1.944001326462533978e-03,3.187666776696845318e-03,2.096218697356140668e-03,2.969971846539697351e-03,0.000000000000000000e+00,1.000000000000000000e+00,5.856071726917520988e-04,1.710848594878662879e-03,-1.735374927289412908e-02,1.435166164752368738e-02,4.657946759638945805e-02,2.723426656866889672e-02,1.348528109602662728e-01,8.670851637219507968e-02,6.381384100590412013e-04,1.665121844097924245e-03,-3.458171142896429399e-03,2.871324403826307214e-03,-1.090830927584608180e-03,1.142453657656410625e-02
3.275000000000000133e-01,0.000000000000000000e+00,1.932392505307787590e-03,3.195023548397905172e-03,2.094018513386781445e-03,2.970184874800214751e-03,0.000000000000000000e+00,1.000000000000000000e+00,5.767142997549967384e-04,1.718205366579722733e-03,-1.778574587351063399e-02,1.471354340211975149e-02,4.673074104027615666e-02,2.707124513492444734e-02,1.351484202154119296e-01,8.631620290252617345e-02,6.365277419449026641e-04,1.666465569335535100e-03,-2.985356753761764584e-03,2.504237176761563155e-03,-1.090830927584608180e-03,1.142453657656410625e-02
3.280000000000000138e-01,0.000000000000000000e+00,1.920510394136945142e-03,3.202555579365802887e-03,2.091813133457604001e-03,2.970399228531832650e-03,0.000000000000000000e+00,1.000000000000000000e+00,5.676120745200508282e-04,1.725737397547620448e-03,-1.820445046989171284e-02,1.506406193579554187e-02,4.756488699603191039e-02,2.618292299809980850e-02,1.381040409968027349e-01,8.311094958813755595e-02,6.141891333984362969e-04,1.684765323240758773e-03,-5.234427721093799953e-03,4.361554023148726117e-03,-3.023513883452510500e-04,1.077990002497550455e-02
3.285000000000000142e-01,0.000000000000000000e+00,1.908382020860742954e-03,3.210245027626637548e-03,2.089602549811629684e-03,2.970614795326992092e-03,0.000000000000000000e+00,1.000000000000000000e+00,5.583212015677434768e-04,1.733426845808454892e-03,-1.858174590461479647e-02,1.537889652166893675e-02,4.771415091775500772e-02,2.604203265556922359e-02,1.378321791575821131e-01,8.341688530498177212e-02,6.116871460798324481e-04,1.686855692060329525e-03,-4.774318687044119131e-03,4.000541895640787049e-03,-3.023513883452510500e-04,1.077990002497550455e-02
3.290000000000000147e-01,0.000000000000000000e+00,1.896015650751260197e-03,3.218086819842347433e-03,2.087386753714638547e-03,2.970831443916569468e-03,0.000000000000000000e+00,1.000000000000000000e+00,5.488480124638215338e-04,1.741268638024164777e-03,-1.894637820784384266e-02,1.568358443141995226e-02,4.786204728433958444e-02,2.589587019778467891e-02,1.381443440029840319e-01,8.306123840199795827e-02,6.094168711098695620e-04,1.688764292330607137e-03,-4.307599892730843739e-03,3.634496449641877198e-03,-3.023513883452510500e-04,1.077990002497550455e-02
3.295000000000000151e-01,0.000000000000000000e+00,1.883419443061991067e-03,3.226075835667751267e-03,2.085165735483065878e-03,2.971049023831255024e-03,0.000000000000000000e+00,1.000000000000000000e+00,5.391987575590845381e-04,1.749257653849568611e-03,-1.929850980947391687e-02,1.597803165080778978e-02,4.800774144759588358e-02,2.574330329065378092e-02,1.384537448038458129e-01,8.268213644091755576e-02,6.073815549411676080e-04,1.690488550207663041e-03,-3.834504718598663944e-03,3.263189485933893491e-03,-3.023513883452510500e-04,1.077990002497550455e-02
3.300000000000000155e-01,0.000000000000000000e+00,1.870601428819019738e-03,3.234206889820855774e-03,2.082939484511902185e-03,2.971267365062937003e-03,0.000000000000000000e+00,1.000000000000000000e+00,5.293795889764364845e-04,1.757388708002673335e-03,-1.963833716529614359e-02,1.626210830620923586e-02,1.022143950330328677e-01,-2.890471891980290683e-02,3.487239774025179817e-01,-1.293364581083684961e-01,5.121607049262811955e-04,1.766659082051657420e-03,-4.329821699614665176e-02,3.479550300200092566e-02,3.438502280281776485e-02,-1.693080416878217295e-02
