time_s,letter_index,simulated_ink_x_m,simulated_ink_y_m,target_x_m,target_y_m,contact,target_down,q_x_m,q_y_m,qdot_x_m_s,qdot_y_m_s,current_x_A,current_y_A,voltage_x_V,voltage_y_V,estimated_q_x_m,estimated_q_y_m,estimated_qdot_x_m_s,estimated_qdot_y_m_s,estimated_compensation_x_N,estimated_compensation_y_N
0.000000000000000000e+00,0.000000000000000000e+00,2.168181818181817364e-03,2.792727272727273113e-03,2.168181818181817364e-03,2.792727272727273113e-03,0.000000000000000000e+00,0.000000000000000000e+00,7.573393926289893191e-04,1.315909090909090457e-03,0.000000000000000000e+00,0.000000000000000000e+00,4.332784217719556907e-02,4.773221379964046572e-03,1.682706217204872068e-01,1.853757050561846004e-02,7.573393926289893191e-04,1.315909090909090457e-03,0.000000000000000000e+00,0.000000000000000000e+00,-0.000000000000000000e+00,-0.000000000000000000e+00
5.000000000000000104e-04,0.000000000000000000e+00,2.168181818181817364e-03,2.792727272727273113e-03,2.168181818181816930e-03,2.792727272727272680e-03,0.000000000000000000e+00,0.000000000000000000e+00,7.573393926289893191e-04,1.315909090909090457e-03,-5.042800802258160449e-19,-6.303501002822700562e-20,4.332784217719556907e-02,4.773221379964047439e-03,1.312833617969025868e-01,1.446286078129106235e-02,7.573393926289893191e-04,1.315909090909090457e-03,-2.168404344971008868e-19,0.000000000000000000e+00,-0.000000000000000000e+00,-0.000000000000000000e+00
1.000000000000000021e-03,0.000000000000000000e+00,2.168181818181817364e-03,2.792727272727273113e-03,2.168181818181817364e-03,2.792727272727273547e-03,0.000000000000000000e+00,0.000000000000000000e+00,7.573393926289893191e-04,1.315909090909090457e-03,-1.008560160451632090e-18,-6.303501002822700562e-20,4.332784217719556907e-02,4.773221379964047439e-03,1.312833617969025868e-01,1.446286078129106235e-02,7.573393926289893191e-04,1.315909090909090457e-03,-4.336808689942017736e-19,5.421010862427522170e-20,-0.000000000000000000e+00,-0.000000000000000000e+00
1.500000000000000031e-03,0.000000000000000000e+00,2.168181818181817364e-03,2.792727272727273113e-03,2.168181818181817364e-03,2.792727272727273547e-03,0.000000000000000000e+00,0.000000000000000000e+00,7.573393926289893191e-04,1.315909090909090457e-03,-1.512840240677448038e-18,-6.303501002822700562e-20,4.332784217719556907e-02,4.773221379964047439e-03,1.312833617969025868e-01,1.446286078129106235e-02,7.573393926289893191e-04,1.315909090909090457e-03,-6.505213034913026604e-19,1.084202172485504434e-19,-0.000000000000000000e+00,-0.000000000000000000e+00
2.000000000000000042e-03,0.000000000000000000e+00,2.168181818181817364e-03,2.792727272727273113e-03,2.168181818181817364e-03,2.792727272727272246e-03,0.000000000000000000e+00,0.000000000000000000e+00,7.573393926289893191e-04,1.315909090909090457e-03,-2.017120320903264180e-18,-6.303501002822700562e-20,4.320268548848457679e-02,4.038887350992208074e-03,1.307972957302900863e-01,1.161095684616646195e-02,7.586054175756627195e-04,1.321960865358498896e-03,-1.122624099395718887e-06,-5.366298554274214448e-06,-0.000000000000000000e+00,-0.000000000000000000e+00
2.500000000000000052e-03,0.000000000000000000e+00,2.168175547740105492e-03,2.792704321065870091e-03,2.168181818181817797e-03,2.792727272727273547e-03,0.000000000000000000e+00,0.000000000000000000e+00,7.573345891919601100e-04,1.315886139247687218e-03,-9.606874058454007966e-06,-4.590332280654014244e-05,4.321594378832459282e-02,4.116737151850204807e-03,1.309505543694635399e-01,1.252042922546329519e-02,7.586023956231282639e-04,1.321946424705077588e-03,-1.094603419123947987e-05,-5.230480317558981740e-05,-0.000000000000000000e+00,-0.000000000000000000e+00
3.000000000000000062e-03,0.000000000000000000e+00,2.168163744730214424e-03,2.792661120425892450e-03,2.168181818181817364e-03,2.792727272727273113e-03,0.000000000000000000e+00,0.000000000000000000e+00,7.573255475618208537e-04,1.315842938607709577e-03,-1.808326027859784459e-05,-8.640127995520855309e-05,4.322817484376444835e-02,4.188554775681214287e-03,1.309822611669629600e-01,1.271547024867391955e-02,7.585947441115639461e-04,1.321909863864661463e-03,-1.964286855411618801e-05,-9.385664987148563572e-05,-0.000000000000000000e+00,-0.000000000000000000e+00
3.500000000000000073e-03,0.000000000000000000e+00,2.168147087607293425e-03,2.792600155823179130e-03,2.168181818181817364e-03,2.792727272727272246e-03,0.000000000000000000e+00,0.000000000000000000e+00,7.573127874653690647e-04,1.315781974004996474e-03,-2.552019290358041432e-05,-1.219292054261044626e-04,4.323944427007797575e-02,4.254725407375406845e-03,1.310116591771931238e-01,1.289586716310901771e-02,7.585830036812580548e-04,1.321853767863442972e-03,-2.730356266168588552e-05,-1.304543092912475153e-04,-0.000000000000000000e+00,-0.000000000000000000e+00
4.000000000000000083e-03,0.000000000000000000e+00,2.168126199309478030e-03,2.792523708894840279e-03,2.168181818181817797e-03,2.792727272727273981e-03,0.000000000000000000e+00,0.000000000000000000e+00,7.572967861009011377e-04,1.315705527076657623e-03,-3.200272893585209805e-05,-1.528938566778652850e-04,4.292148637101788483e-02,7.777691451442533301e-03,1.297637750071147511e-01,2.650806641873436689e-02,7.591772332493605668e-04,1.316494268787044356e-03,1.627463851459736430e-04,-1.868835335825205432e-03,-1.419409063701068023e-04,1.230939966606502643e-03
4.500000000000000527e-03,0.000000000000000000e+00,2.168085201481155695e-03,2.792542078884818237e-03,2.168181818181817364e-03,2.792727272727273113e-03,0.000000000000000000e+00,0.000000000000000000e+00,7.572653799423351021e-04,1.315723897066635364e-03,-6.281231713205358996e-05,3.673997995548190245e-05,4.282294714331728869e-02,8.955953212879664421e-03,1.296362396070339373e-01,2.815817431007790542e-02,7.592553999865211392e-04,1.315567462218640007e-03,1.499424234389485863e-04,-1.838414867623332574e-03,-1.419409063701068023e-04,1.230939966606502643e-03
5.000000000000000104e-03,0.000000000000000000e+00,2.168019395714654383e-03,2.792690987841872988e-03,2.168181818181816930e-03,2.792727272727273113e-03,0.000000000000000000e+00,0.000000000000000000e+00,7.572149698005815064e-04,1.315872806023690332e-03,-1.008202835071868840e-04,2.978179141097786736e-04,4.273685050453296386e-02,1.014970113812358257e-02,1.293659165149640689e-01,3.190073217217562207e-02,7.593253139144167437e-04,1.314674171833439889e-03,1.297497791396802307e-04,-1.734913499475674182e-03,-1.419409063701068023e-04,1.230939966606502643e-03
5.499999999999999681e-03,0.000000000000000000e+00,2.167924764430288059e-03,2.793006211663761826e-03,2.168181818181817364e-03,2.792727272727273547e-03,0.000000000000000000e+00,0.000000000000000000e+00,7.571424780310471829e-04,1.316188029845579170e-03,-1.449835390686398827e-04,6.304476437776122908e-04,4.275215428828175318e-02,1.017492100710617499e-02,1.294755258660168218e-01,3.112267632111170509e-02,7.593835404673232158e-04,1.313850964951985374e-03,1.032056742074828777e-04,-1.558225336233991926e-03,-1.419409063701068023e-04,1.230939966606502643e-03
6.000000000000000125e-03,0.000000000000000000e+00,2.167802420267810060e-03,2.793486568967890570e-03,2.168181818181817364e-03,2.792727272727273113e-03,0.000000000000000000e+00,0.000000000000000000e+00,7.570487569652331909e-04,1.316668387149708130e-03,-1.874421316280551475e-04,9.607146082579409675e-04,4.674539997158733834e-02,1.474684256986481812e-02,1.449484490710069573e-01,4.899897534594090109e-02,7.466545347920515961e-04,1.301695769330687980e-03,-3.909296778807865025e-03,-4.946594927666083177e-03,2.202487114375195447e-03,3.326860576016128952e-03
6.500000000000000569e-03,0.000000000000000000e+00,2.167852763871960103e-03,2.794272980866384197e-03,2.168181818181817364e-03,2.792727272727273113e-03,0.000000000000000000e+00,0.000000000000000000e+00,7.570873224034388362e-04,1.317454799048201758e-03,7.713087641130324593e-05,1.572823796987229570e-03,4.745274259151736895e-02,1.549579167437414688e-02,1.444263732288804947e-01,4.826802086655363616e-02,7.446974524076173385e-04,1.299272483757972019e-03,-3.918940110791280761e-03,-4.746842902496785019e-03,2.202487114375195447e-03,3.326860576016128952e-03
7.000000000000000146e-03,0.000000000000000000e+00,2.168109219920883249e-03,2.795385207884337406e-03,2.168181818181817364e-03,2.792727272727272246e-03,0.000000000000000000e+00,0.000000000000000000e+00,7.572837791346208412e-04,1.318567026066154750e-03,3.929134623639221027e-04,2.224454035906031461e-03,4.818310420316240794e-02,1.623241888989463214e-02,1.468257842124045809e-01,5.076972908341888940e-02,7.427492079837693262e-04,1.296960289610137301e-03,-3.874050953734421709e-03,-4.502320191388816013e-03,2.202487114375195447e-03,3.326860576016128952e-03
7.499999999999999722e-03,0.000000000000000000e+00,2.168605954334611868e-03,2.796842358713453377e-03,2.168181818181817364e-03,2.792727272727273113e-03,0.000000000000000000e+00,0.000000000000000000e+00,7.576642997719635611e-04,1.320024176895270721e-03,7.610412746853697803e-04,2.914301658231836876e-03,4.893910221466810095e-02,1.695160951382032252e-02,1.493327513983738475e-01,5.323067435003035752e-02,7.408373488578288502e-04,1.294781244077586975e-03,-3.773508150255520770e-03,-4.214337697651281654e-03,2.202487114375195447e-03,3.326860576016128952e-03
8.000000000000000167e-03,0.000000000000000000e+00,2.169377992916573725e-03,2.798662735764722957e-03,2.168181818181817797e-03,2.792727272727273981e-03,0.000000000000000000e+00,0.000000000000000000e+00,7.582557156375488916e-04,1.321844553946540084e-03,1.182831731170630191e-03,3.640754102538562662e-03,4.850681168407142835e-02,6.739139632204533409e-03,1.472312640009939833e-01,1.326739095598620209e-02,7.424215878348745801e-04,1.334109026538440271e-03,-2.711400185516368421e-03,7.016577987365585529e-03,1.759133680410374491e-03,-2.015814541380422584e-03
8.500000000000000611e-03,0.000000000000000000e+00,2.170400388855886140e-03,2.800522717637495169e-03,2.168181818181816930e-03,2.792727272727272246e-03,0.000000000000000000e+00,0.000000000000000000e+00,7.590389163655266109e-04,1.323704535819312514e-03,1.566401455955352285e-03,3.719963745544989202e-03,4.863112438679153410e-02,5.651510945220698801e-03,1.482856449017203315e-01,1.779545662526094141e-02,7.411099305304625750e-04,1.337699472472329842e-03,-2.535520316683702140e-03,7.344434680627306630e-03,1.759133680410374491e-03,-2.015814541380422584e-03
9.000000000000001055e-03,0.000000000000000000e+00,2.171676343266715388e-03,2.802387639029919192e-03,2.168181818181818231e-03,2.792727272727273981e-03,0.000000000000000000e+00,0.000000000000000000e+00,7.600163541516154458e-04,1.325569457211736319e-03,1.954875572177617368e-03,3.729842784847720374e-03,4.873423675831221880e-02,4.547212115623115378e-03,1.487851308299829312e-01,1.443944920826411953e-02,7.398881525511804159e-04,1.341435760438345519e-03,-2.351901280008780477e-03,7.600080548074509765e-03,1.759133680410374491e-03,-2.015814541380422584e-03
9.499999999999999764e-03,0.000000000000000000e+00,2.173207929142404425e-03,2.804222716138571499e-03,2.168181818181818231e-03,2.792727272727273981e-03,0.000000000000000000e+00,0.000000000000000000e+00,7.611896170008466880e-04,1.327404534320388626e-03,2.346525698462388967e-03,3.670154217304729457e-03,4.881726761715239615e-02,3.426894291558327602e-03,1.492264021178931477e-01,1.100554117326746698e-02,7.387596906707005013e-04,1.345281727066620489e-03,-2.162271097479142277e-03,7.783285574274548084e-03,1.759133680410374491e-03,-2.015814541380422584e-03
1.000000000000000021e-02,0.000000000000000000e+00,2.174996160291765325e-03,2.805993072331577042e-03,2.168181818181816496e-03,2.792727272727272246e-03,0.000000000000000000e+00,0.000000000000000000e+00,7.625594815358267310e-04,1.329174890513394386e-03,2.739729069960082641e-03,3.540712386011340626e-03,4.504682267881473384e-02,5.162679548035736463e-03,1.347200453910890883e-01,1.864744337268419219e-02,7.637571416800042080e-04,1.333319150494620148e-03,4.009477450224688266e-03,4.246615417862158529e-03,-8.036408246663567919e-04,-4.521619792210029181e-04
1.050000000000000065e-02,0.000000000000000000e+00,2.176848947680765350e-03,2.807753511558252861e-03,2.168181818181817364e-03,2.792727272727273113e-03,0.000000000000000000e+00,0.000000000000000000e+00,7.639787990194509817e-04,1.330935329740070422e-03,2.838634967248443268e-03,3.520878453351947417e-03,4.437699686768412088e-02,4.371931918802899990e-03,1.353895809624475755e-01,1.408614719188330811e-02,7.658118177911732438e-04,1.335451567472057711e-03,4.208763133682136455e-03,4.282901584256930579e-03,-8.036408246663567919e-04,-4.521619792210029181e-04
1.099999999999999936e-02,0.000000000000000000e+00,2.178731771837659481e-03,2.809479234675059042e-03,2.168181818181818231e-03,2.792727272727273981e-03,0.000000000000000000e+00,0.000000000000000000e+00,7.654211260022101464e-04,1.332661052856876386e-03,2.884653965518269112e-03,3.451446233611824271e-03,4.369135129241784321e-02,3.582366023325834342e-03,1.333228728143434905e-01,1.166491062960854641e-02,7.679526378170393325e-04,1.337589592144615815e-03,4.354154300472295319e-03,4.269142972577538546e-03,-8.036408246663567919e-04,-4.521619792210029181e-04
1.149999999999999981e-02,0.000000000000000000e+00,2.180609718692817084e-03,2.811145771771598155e-03,2.168181818181817364e-03,2.792727272727273113e-03,0.000000000000000000e+00,0.000000000000000000e+00,7.668597167550761330e-04,1.334327589953415282e-03,2.877181505731968379e-03,3.333074193077699334e-03,4.298937409948629107e-02,2.794747266560342145e-03,1.311779940569110792e-01,9.229179756404184629e-03,7.701525038055407647e-04,1.339708365589484468e-03,4.445050363662900877e-03,4.205993120620470094e-03,-8.036408246663567919e-04,-4.521619792210029181e-04
1.200000000000000025e-02,0.000000000000000000e+00,2.182447462481110385e-03,2.812729005039314376e-03,2.168181818181817364e-03,2.792727272727273113e-03,0.000000000000000000e+00,0.000000000000000000e+00,7.682675101719746479e-04,1.335910823221131503e-03,2.815586833797051932e-03,3.166466535432273764e-03,4.293452816806356959e-02,1.700257777168623233e-03,1.315317130000550061e-01,5.579260317935100938e-03,7.664434534003365966e-04,1.342983393882290349e-03,3.260713124456427955e-03,4.340620715018565952e-03,-3.327353220212137495e-04,-5.472875997067832904e-04
1.250000000000000069e-02,0.000000000000000000e+00,2.184242514509893325e-03,2.814195515287418008e-03,2.168181818181817364e-03,2.792727272727273113e-03,0.000000000000000000e+00,0.000000000000000000e+00,7.696425998037333344e-04,1.337377333469235569e-03,2.750179263517416820e-03,2.933020496207983715e-03,4.232764644960705647e-02,7.508197473827244025e-04,1.291870685806099928e-01,2.725889681652426347e-03,7.680683485741506694e-04,1.345111538421709307e-03,3.238848538194329715e-03,4.172203409244166529e-03,-3.327353220212137495e-04,-5.472875997067832904e-04
1.300000000000000114e-02,0.000000000000000000e+00,2.185964762467872136e-03,2.815516818747003901e-03,2.168181818181817364e-03,2.792727272727273113e-03,0.000000000000000000e+00,0.000000000000000000e+00,7.709619182816160234e-04,1.338698636928821462e-03,2.638636955765399309e-03,2.642606919171666766e-03,4.170118714838723373e-02,-1.971813687955648010e-04,1.272132787582986035e-01,-2.702251621220961523e-04,7.696706824657569435e-04,1.347141063520458258e-03,3.170558819554759530e-03,3.946258167652556131e-03,-3.327353220212137495e-04,-5.472875997067832904e-04
1.349999999999999985e-02,0.000000000000000000e+00,2.187583471589631384e-03,2.816664824229014007e-03,2.168181818181817364e-03,2.792727272727273113e-03,0.000000000000000000e+00,0.000000000000000000e+00,7.722019214093656103e-04,1.339846642410831134e-03,2.480006255499073598e-03,2.296010964019249648e-03,4.105234791126363691e-02,-1.140513828440301936e-03,1.251444180750262980e-01,-3.273597507849625686e-03,7.712270044218448150e-04,1.349043400274156342e-03,3.054894346623160135e-03,3.663564812708154910e-03,-3.327353220212137495e-04,-5.472875997067832904e-04
1.400000000000000029e-02,0.000000000000000000e+00,2.189067154977993382e-03,2.817611932752463189e-03,2.168181818181817364e-03,2.792727272727273113e-03,0.000000000000000000e+00,0.000000000000000000e+00,7.733384888243681780e-04,1.340793750934280533e-03,2.273134830005186114e-03,1.894217046898630501e-03,4.052866077134491263e-02,-2.558093775415197762e-03,1.235552345451139122e-01,-8.146510426544854161e-03,7.723814102850761398e-04,1.354616603643463884e-03,2.828751487840655901e-03,4.039280425257630452e-03,-3.108280099508409591e-04,-7.998155828123987635e-04
1.450000000000000074e-02,0.000000000000000000e+00,2.190390977382316098e-03,2.818316066392495198e-03,2.168181818181817364e-03,2.792727272727273113e-03,0.000000000000000000e+00,0.000000000000000000e+00,7.743525956208760410e-04,1.341497884574312759e-03,2.028213593015736841e-03,1.408267280064255363e-03,3.996334391625539634e-02,-3.611606913117086561e-03,1.216774438422339177e-01,-1.123685814276852157e-02,7.737444622876364858e-04,1.356537147475026872e-03,2.623802200880014611e-03,3.643589167023739053e-03,-3.108280099508409591e-04,-7.998155828123987635e-04
1.499999999999999944e-02,0.000000000000000000e+00,2.191528324778515592e-03,2.818747042982591364e-03,2.168181818181817364e-03,2.792727272727273113e-03,0.000000000000000000e+00,0.000000000000000000e+00,7.752238542736305821e-04,1.341928861164408925e-03,1.742517305509085112e-03,8.619531801923357084e-04,3.937242064179562184e-02,-4.661363570069397902e-03,1.197142108213613970e-01,-1.464936722953932152e-02,7.749947518556756865e-04,1.358244486737312335e-03,2.377785599066059661e-03,3.186589021148709608e-03,-3.108280099508409591e-04,-7.998155828123987635e-04
1.549999999999999989e-02,0.000000000000000000e+00,2.192451630848613574e-03,2.818875179689112748e-03,2.168181818181817364e-03,2.792727272727273113e-03,0.000000000000000000e+00,0.000000000000000000e+00,7.759311477579270908e-04,1.342056997870929875e-03,1.414586968592944794e-03,2.562734130418854207e-04,3.873280242853006927e-02,-5.685058433409504244e-03,1.175614185657668093e-01,-1.798939929937631507e-02,7.761113815294767501e-04,1.359708215613099911e-03,2.089250076162199772e-03,2.669273717253819490e-03,-3.108280099508409591e-04,-7.998155828123987635e-04
1.600000000000000033e-02,0.000000000000000000e+00,2.193131234427449314e-03,2.818671987724419639e-03,2.168181818181817364e-03,2.792727272727273113e-03,0.000000000000000000e+00,0.000000000000000000e+00,7.764517543030179927e-04,1.341853805906237200e-03,1.041213090181809103e-03,-4.063839293854827053e-04,3.908667346596090414e-02,-4.137371018372523919e-03,1.192845712848011192e-01,-1.138980828047213983e-02,7.747814318441021385e-04,1.354513090534409294e-03,1.362078187107433136e-03,9.987546015372268486e-04,-1.817818651207614596e-04,-4.401046526533141236e-04
1.650000000000000078e-02,0.000000000000000000e+00,2.193587621414829630e-03,2.818189715862114836e-03,2.168181818181817364e-03,2.792727272727273113e-03,0.000000000000000000e+00,0.000000000000000000e+00,7.768013670186123655e-04,1.341371534043932397e-03,6.992254311886943836e-04,-9.645437246095867403e-04,3.939463295561955458e-02,-3.105909959083951160e-03,1.199978918625874691e-01,-8.945210880679331858e-03,7.753830374568151419e-04,1.354884605588050185e-03,1.044936145953320392e-03,4.882808649143294006e-04,-1.817818651207614596e-04,-4.401046526533141236e-04
1.700000000000000122e-02,0.000000000000000000e+00,2.193838764606807160e-03,2.817463902280960969e-03,2.168181818181817364e-03,2.792727272727273113e-03,0.000000000000000000e+00,0.000000000000000000e+00,7.769937538652540955e-04,1.340645720462778530e-03,3.847736932835618359e-04,-1.451627162307571935e-03,3.976386028775636544e-02,-2.092315668490499908e-03,1.210028905265114613e-01,-6.098752189808040632e-03,7.758328461723627096e-04,1.355018402536217617e-03,7.548439127657682922e-04,4.775560390492944712e-05,-1.817818651207614596e-04,-4.401046526533141236e-04
1.750000000000000167e-02,0.000000000000000000e+00,2.193905520646106857e-03,2.816529141108814645e-03,2.168181818181817364e-03,2.792727272727273113e-03,0.000000000000000000e+00,0.000000000000000000e+00,7.770448919582041919e-04,1.339710959290631989e-03,1.022761859001733420e-04,-1.869522344292988414e-03,4.018182525193371435e-02,-1.093735924820239246e-03,1.221617427129156330e-01,-3.265596970890878928e-03,7.761454840390835577e-04,1.354948987698208944e-03,4.961969938022171324e-04,-3.246905367579520875e-04,-1.817818651207614596e-04,-4.401046526533141236e-04
1.800000000000000211e-02,0.000000000000000000e+00,2.193810966351746484e-03,2.815419178624343176e-03,2.168181818181817364e-03,2.792727272727273113e-03,0.000000000000000000e+00,0.000000000000000000e+00,7.769724591664364409e-04,1.338600996806160520e-03,-1.448655835354677656e-04,-2.219924968942812125e-03,3.915328132963173668e-02,4.277369905613362562e-04,1.176799117195247019e-01,1.640141545382100500e-03,7.865143747636323297e-04,1.345598176871034245e-03,1.892160034776278147e-03,-2.080998859746113414e-03,-6.825801757496031442e-04,8.283066471011519196e-06
1.849999999999999908e-02,0.000000000000000000e+00,2.193505457341757454e-03,2.814183731633195483e-03,2.168181818181817364e-03,2.792727272727273113e-03,0.000000000000000000e+00,0.000000000000000000e+00,7.767384256870114813e-04,1.337365549815012827e-03,-4.680669588498258737e-04,-2.470893982295390041e-03,3.868020885828810790e-02,1.442346475841804277e-03,1.165500033062034646e-01,4.173784900482009966e-03,7.873982191691168003e-04,1.344494100649357669e-03,1.643665764853950023e-03,-2.334772493046876479e-03,-6.825801757496031442e-04,8.283066471011519196e-06
1.899999999999999953e-02,0.000000000000000000e+00,2.192967779937069449e-03,2.812856111013133879e-03,2.168181818181817364e-03,2.792727272727273113e-03,0.000000000000000000e+00,0.000000000000000000e+00,7.763265408989595542e-04,1.336037929194951223e-03,-8.237695761038117031e-04,-2.655241240123020884e-03,3.832324849989120902e-02,2.533541732190289133e-03,1.153796870410596920e-01,7.466202580336363075e-03,7.881494454955009820e-04,1.343279731618493393e-03,1.361757486033088023e-03,-2.522294323619410795e-03,-6.825801757496031442e-04,8.283066471011519196e-06
1.949999999999999997e-02,0.000000000000000000e+00,2.192182810752561425e-03,2.811471644449677933e-03,2.168181818181817364e-03,2.792727272727273113e-03,0.000000000000000000e+00,0.000000000000000000e+00,7.757252196171479305e-04,1.334653462631495494e-03,-1.202642563623300669e-03,-2.768933126911417471e-03,3.812086198230299483e-02,3.688653188892779527e-03,1.146983264836591715e-01,1.097185757597550666e-02,7.887536708227186645e-04,1.341989201647291125e-03,1.055714096997009948e-03,-2.639549552017558115e-03,-6.825801757496031442e-04,8.283066471011519196e-06
2.000000000000000042e-02,0.000000000000000000e+00,2.191143374554979477e-03,2.810067252991359926e-03,2.168181818181817364e-03,2.792727272727273113e-03,1.000000000000000000e+00,0.000000000000000000e+00,7.749289652940134819e-04,1.333249071173177487e-03,-1.592508646268951623e-03,-2.808782916636034990e-03,3.900823316276363917e-02,4.600350334680525059e-03,1.181114556511798364e-01,1.350936859787299493e-02,7.825886116381176177e-04,1.339582358377234758e-03,-2.493411521385407352e-04,-2.843963442808702165e-03,-3.911620930246325592e-04,5.570142334576826598e-05
2.050000000000000086e-02,0.000000000000000000e+00,2.189897006051782016e-03,2.808671822699819291e-03,2.168181818181817364e-03,2.792727272727273113e-03,1.000000000000000000e+00,0.000000000000000000e+00,7.739741916280602893e-04,1.331853640881636635e-03,-1.909547331906296004e-03,-2.790860583081578288e-03,3.996314337836247982e-02,4.772466945217839276e-03,1.208950607523183729e-01,1.340723921991780580e-02,7.824264403667700873e-04,1.338523167970641402e-03,-3.990476753245769974e-04,-1.395565133783847368e-03,-3.911620930246325592e-04,5.570142334576826598e-05
2.100000000000000130e-02,0.000000000000000000e+00,2.188494094436714554e-03,2.807290787094987757e-03,2.168181818181817364e-03,2.792727272727273113e-03,1.000000000000000000e+00,0.000000000000000000e+00,7.728994989811508462e-04,1.330472605276804884e-03,-2.149385293818870026e-03,-2.762071209663297632e-03,4.030186310627302537e-02,4.019148813053422496e-03,1.212687056383932455e-01,1.034705979330441568e-02,7.822754151780372681e-04,1.338172063055015739e-03,-2.054226151988685451e-04,-1.152351551417783206e-05,-3.911620930246325592e-04,5.570142334576826598e-05
2.150000000000000175e-02,0.000000000000000000e+00,2.186953589135837497e-03,2.805900590356808638e-03,2.168181818181817364e-03,2.792727272727273113e-03,1.000000000000000000e+00,0.000000000000000000e+00,7.717194034558188045e-04,1.329082408538625982e-03,-2.360191050664093345e-03,-2.780393476357897065e-03,4.025208030146058130e-02,2.835603771206022129e-03,1.206748879426358112e-01,6.385770819206161922e-03,7.822690584675430232e-04,1.338159224030352435e-03,1.792505217334281549e-04,-3.977734238241561375e-05,-3.911620930246325592e-04,5.570142334576826598e-05
2.199999999999999872e-02,0.000000000000000000e+00,2.185274770571081840e-03,2.804464504836593538e-03,2.168181818181817364e-03,2.792727272727273547e-03,1.000000000000000000e+00,0.000000000000000000e+00,7.704333538232824687e-04,1.327646323018410882e-03,-2.572099265072765387e-03,-2.872171040430332879e-03,4.131010394979998251e-02,2.340812466325776012e-03,1.247144812099398314e-01,5.435044150661301129e-03,7.733799362523202832e-04,1.341136672319042820e-03,-1.749677160795668276e-03,3.624527272947799346e-04,-3.421297211160722544e-05,-6.600108220189505122e-05
2.249999999999999917e-02,0.000000000000000000e+00,2.183512445126579993e-03,2.802967762200033949e-03,2.168181818181817364e-03,2.792727272727273113e-03,1.000000000000000000e+00,0.000000000000000000e+00,7.690833342095549372e-04,1.326149580381851076e-03,-2.700039227455168413e-03,-2.993485273119740955e-03,4.263944300733297360e-02,1.971293729544223040e-03,1.289064246138364178e-01,4.370169016513772257e-03,7.728258253766351902e-04,1.341206636860759827e-03,-4.692268982583850962e-04,-8.173637153502448472e-05,-3.421297211160722544e-05,-6.600108220189505122e-05
2.299999999999999961e-02,0.000000000000000000e+00,2.181734384470867746e-03,2.801399688117334370e-03,2.168181818181817364e-03,2.792727272727273113e-03,1.000000000000000000e+00,0.000000000000000000e+00,7.677212607247180373e-04,1.324581506299151931e-03,-2.724146969673744718e-03,-3.136148165398360433e-03,4.195586348325341941e-02,1.977224727255063111e-03,1.251040986135929511e-01,4.647291486619691166e-03,7.728439992582498757e-04,1.341169374413410560e-03,5.399659348660456855e-04,-6.733990985084557139e-05,-3.421297211160722544e-05,-6.600108220189505122e-05
2.350000000000000006e-02,0.000000000000000000e+00,2.179906725319478641e-03,2.799761475173505147e-03,2.168181818181817364e-03,2.792727272727273113e-03,1.000000000000000000e+00,0.000000000000000000e+00,7.663211925878806851e-04,1.322943293355322491e-03,-2.800136273674739065e-03,-3.276425887658965773e-03,4.258306140252109129e-02,2.018406104620432042e-03,1.280833370304566565e-01,4.741833704065399717e-03,7.728005498401102104e-04,1.341129005034435474e-03,-7.113369561390007860e-04,-9.408425026707608121e-05,-3.421297211160722544e-05,-6.600108220189505122e-05
2.400000000000000050e-02,0.000000000000000000e+00,2.178061674679476582e-03,2.798055411791156542e-03,2.168181818181817364e-03,2.792727272727273113e-03,1.000000000000000000e+00,1.000000000000000000e+00,7.649078017978342900e-04,1.321237229972973670e-03,-2.826781580092818397e-03,-3.412126764697675976e-03,4.293534796514671820e-02,3.685327752202315153e-03,1.289020130004319420e-01,1.112207542315671836e-02,7.691765022431102695e-04,1.330877965427234308e-03,3.381081314624890567e-05,-1.479410256028143794e-03,1.027543987347770882e-04,3.247590314236424819e-04
2.450000000000000094e-02,0.000000000000000000e+00,2.176217293769368028e-03,2.796334580101460070e-03,2.168181835245253965e-03,2.792727272539357892e-03,1.000000000000000000e+00,1.000000000000000000e+00,7.634949240506507537e-04,1.319516398283277414e-03,-2.825755494367050875e-03,-3.441663379392511084e-03,4.277996189613852973e-02,4.339350024854590239e-03,1.279983551028302247e-01,1.222638809277092585e-02,7.691731930854784358e-04,1.330472952690103317e-03,-4.689091967298919181e-05,-1.432149165889744398e-04,1.027543987347770882e-04,3.247590314236424819e-04
2.500000000000000139e-02,0.000000000000000000e+00,2.174365998947128294e-03,2.794619788435056748e-03,2.168181953936649219e-03,2.792727271306535020e-03,1.000000000000000000e+00,1.000000000000000000e+00,7.620767499394992669e-04,1.317801606616874092e-03,-2.836348222302867341e-03,-3.429583332806563061e-03,4.269561312147739790e-02,3.843241564287949545e-03,1.277978260119982112e-01,9.746553742135550744e-03,7.691679772328456057e-04,1.330483077885116685e-03,2.588666420795963171e-05,1.830829528278252053e-04,1.027543987347770882e-04,3.247590314236424819e-04
2.550000000000000183e-02,0.000000000000000000e+00,2.172503854556905381e-03,2.792895655064026560e-03,2.168182273822280657e-03,2.792727268210003742e-03,1.000000000000000000e+00,1.000000000000000000e+00,7.606502645770837423e-04,1.316077473245843687e-03,-2.852970724831112043e-03,-3.448266742060973177e-03,4.286326306432927669e-02,4.785320187495527809e-03,1.285121482967260531e-01,1.382074005738856762e-02,7.691464427259261894e-04,1.330420222174636237e-03,-1.117571261431303455e-04,-4.333088597904134320e-04,1.027543987347770882e-04,3.247590314236424819e-04
2.600000000000000228e-02,0.000000000000000000e+00,2.170639597256519664e-03,2.791191928814666830e-03,2.168182892235717002e-03,2.792727262675590537e-03,1.000000000000000000e+00,1.000000000000000000e+00,7.592221606315793705e-04,1.314373746996484174e-03,-2.856207891008756723e-03,-3.407452498719045278e-03,4.343097696429625704e-02,6.510761233103821294e-03,1.305721305934461896e-01,1.973510481920252163e-02,7.667183869651500276e-04,1.322416682621479610e-03,-2.266768268064322752e-04,-5.414013980624848323e-04,1.926415783521425319e-04,6.224077187982307406e-04
2.649999999999999925e-02,0.000000000000000000e+00,2.168801905851368457e-03,2.789562494330360271e-03,2.168183904295867964e-03,2.792727254371525636e-03,1.000000000000000000e+00,1.000000000000000000e+00,7.578144073424955551e-04,1.312744312512177615e-03,-2.815506578167644141e-03,-3.258868968613041605e-03,4.319728244406910445e-02,5.709849254553546992e-03,1.292014000014103936e-01,1.521559545873243068e-02,7.667155752149400856e-04,1.322427329412123815e-03,2.145747921232085882e-04,5.818113860081805012e-04,1.926415783521425319e-04,6.224077187982307406e-04
2.699999999999999969e-02,0.000000000000000000e+00,2.166978971512099460e-03,2.787981639925900604e-03,2.168185402925020596e-03,2.792727243206207834e-03,1.000000000000000000e+00,1.000000000000000000e+00,7.564179586217276846e-04,1.311163458107717948e-03,-2.792897441535766630e-03,-3.161708808919414145e-03,4.341868879102457612e-02,6.463284409914640122e-03,1.302727026812114108e-01,1.886717410890299471e-02,7.667063413161784736e-04,1.322421084917865331e-03,-2.506085187946643835e-04,-6.044900896826463539e-04,1.926415783521425319e-04,6.224077187982307406e-04
2.750000000000000014e-02,0.000000000000000000e+00,2.165181921934843969e-03,2.786472528609854581e-03,2.168187478866888222e-03,2.792727229325970596e-03,1.000000000000000000e+00,1.000000000000000000e+00,7.550413387790616852e-04,1.309654346791671925e-03,-2.753239685331954154e-03,-3.018222632091996892e-03,4.319053179862721026e-02,5.677631361262657633e-03,1.292185558826381697e-01,1.523449589777005168e-02,7.666957637334956797e-04,1.322412889790958819e-03,2.074109518099063847e-04,5.694348399716032960e-04,1.926415783521425319e-04,6.224077187982307406e-04
2.800000000000000058e-02,0.000000000000000000e+00,2.163399229036951608e-03,2.785009941610422195e-03,2.168190220704657202e-03,2.792727213112859881e-03,1.000000000000000000e+00,1.000000000000000000e+00,7.536757167908440021e-04,1.308191759792239322e-03,-2.731243976435312332e-03,-2.925173998865005127e-03,4.289035799267974791e-02,6.585503251054236791e-03,1.282591672959988993e-01,1.947106018019271328e-02,7.695479778602908787e-04,1.320092089568158369e-03,1.235891215244754992e-04,-9.103237524956090017e-04,8.778812291649083560e-05,7.070195569620785908e-04
2.850000000000000103e-02,0.000000000000000000e+00,2.161615889060529601e-03,2.783621879363099710e-03,2.168193714879023716e-03,2.792727195182392874e-03,1.000000000000000000e+00,1.000000000000000000e+00,7.523095991117135237e-04,1.306803697544916838e-03,-2.732235358260993313e-03,-2.776124494644843354e-03,4.295065837090421279e-02,5.788962233568912402e-03,1.287490764028660084e-01,1.566665290212275116e-02,7.695508971921257444e-04,1.319982890249689865e-03,-1.114563892580707887e-04,4.708539003770257844e-04,8.778812291649083560e-05,7.070195569620785908e-04
2.900000000000000147e-02,0.000000000000000000e+00,2.159835132803815828e-03,2.782282736723346896e-03,2.168198045706241396e-03,2.792727176381333640e-03,1.000000000000000000e+00,1.000000000000000000e+00,7.509454606767088439e-04,1.305464554905164457e-03,-2.728276870009401726e-03,-2.678285279504915607e-03,4.282137626386493812e-02,6.629894310197059770e-03,1.281976030512701481e-01,1.965460059931943212e-02,7.695467570476925137e-04,1.319943574849433750e-03,9.449683322320105890e-05,-6.259883491274687538e-04,8.778812291649083560e-05,7.070195569620785908e-04
2.950000000000000192e-02,0.000000000000000000e+00,2.158050654983433708e-03,2.781018380070755802e-03,2.168203295396167220e-03,2.792727157785463137e-03,1.000000000000000000e+00,1.000000000000000000e+00,7.495784713585358465e-04,1.304200198252573363e-03,-2.733978636345911050e-03,-2.528713305182155729e-03,4.293874479617421080e-02,5.802699833011066080e-03,1.287607744647142616e-01,1.578851425731367039e-02,7.695341096133616766e-04,1.319940691218019803e-03,-1.446226819711043834e-04,6.120546207048450579e-04,8.778812291649083560e-05,7.070195569620785908e-04
2.999999999999999889e-02,0.000000000000000000e+00,2.156268581432739442e-03,2.779802229122381712e-03,2.168209544070300466e-03,2.792727140697340120e-03,1.000000000000000000e+00,1.000000000000000000e+00,7.482133238177974058e-04,1.302984047304199056e-03,-2.730295081476910492e-03,-2.432301896748827533e-03,4.436085512692944377e-02,6.347177018857326145e-03,1.341855203639731320e-01,1.865068544236249751e-02,7.568853047873920492e-04,1.315571127742290241e-03,-1.541063367331626773e-03,-1.195084222728426751e-03,5.506518956275687285e-04,8.668861171756567447e-04
3.049999999999999933e-02,0.000000000000000000e+00,2.154560335000990298e-03,2.778650878896859067e-03,2.168216869779829477e-03,2.792727126644076793e-03,1.000000000000000000e+00,1.000000000000000000e+00,7.469047311312781903e-04,1.301832697078676411e-03,-2.617185373038515180e-03,-2.302700451045452262e-03,4.543425450324754811e-02,7.348248083661091876e-03,1.371999730455963074e-01,2.212944451164058565e-02,7.564048900954286952e-04,1.315191835809444284e-03,-3.828219027479156863e-04,-3.237577946380749971e-04,5.506518956275687285e-04,8.668861171756567447e-04
3.099999999999999978e-02,0.000000000000000000e+00,2.152979028995207020e-03,2.777594994974498174e-03,2.168225348523678854e-03,2.792727117375110556e-03,1.000000000000000000e+00,1.000000000000000000e+00,7.456933804526772467e-04,1.300776813156315301e-03,-2.422701357201836880e-03,-2.111767844722388897e-03,4.491413797777708133e-02,6.796428400031218411e-03,1.343664057481083751e-01,1.921390398657102372e-02,7.564457828737979192e-04,1.315217926459413562e-03,5.445941501845045054e-04,4.266650983810265328e-04,5.506518956275687285e-04,8.668861171756567447e-04
3.150000000000000022e-02,0.000000000000000000e+00,2.151497308421275543e-03,2.776616339826993782e-03,2.168235054266544511e-03,2.792727114859961876e-03,1.000000000000000000e+00,1.000000000000000000e+00,7.445583166407619864e-04,1.299798158008810909e-03,-2.270127623830466273e-03,-1.957310295008740826e-03,4.537070342607115586e-02,7.305902718148551446e-03,1.366641279545232623e-01,2.173002327671079772e-02,7.564756958638227781e-04,1.315233337647026511e-03,-4.230680034051514547e-04,-3.634896203969601933e-04,5.506518956275687285e-04,8.668861171756567447e-04
3.200000000000000067e-02,0.000000000000000000e+00,2.150137057557959582e-03,2.775730050052941950e-03,2.168246058956948673e-03,2.792727121286016877e-03,1.000000000000000000e+00,1.000000000000000000e+00,7.435163040256710133e-04,1.298911868234759294e-03,-2.084025230181927972e-03,-1.772579548103197199e-03,4.537284100628437983e-02,7.147718072992836555e-03,1.363809585228841215e-01,2.076021694125555761e-02,7.548275353962094784e-04,1.313434344271137248e-03,3.248142918739042612e-04,1.971845754921938178e-04,6.125110256796507252e-04,9.338392008861216495e-04
3.250000000000000111e-02,0.000000000000000000e+00,2.148897125275584484e-03,2.774930208044758609e-03,2.168258432545271466e-03,2.792727139056282604e-03,1.000000000000000000e+00,1.000000000000000000e+00,7.425664607909136230e-04,1.298112026226575736e-03,-1.899686469514848697e-03,-1.599684016366949117e-03,4.595916209956692200e-02,7.640401342880592632e-03,1.387535550919322958e-01,2.288302450638839830e-02,7.548077101704469974e-04,1.313415253060529414e-03,-4.027045233793040196e-04,-2.726381858376040546e-04,6.125110256796507252e-04,9.338392008861216495e-04
3.300000000000000155e-02,0.000000000000000000e+00,2.147805628210527461e-03,2.774231298125663311e-03,2.168272243001808514e-03,2.792727170787169186e-03,1.000000000000000000e+00,1.000000000000000000e+00,7.417303255295459342e-04,1.297413116307480439e-03,-1.672270522735367585e-03,-1.397819838190451957e-03,4.539866299469945410e-02,7.162702825718219452e-03,1.361963463442246725e-01,2.069403724470556677e-02,7.548605557618938552e-04,1.313442863142719142e-03,6.121181784326828372e-04,3.818091604479347673e-04,6.125110256796507252e-04,9.338392008861216495e-04
3.350000000000000200e-02,0.000000000000000000e+00,2.146832882701789694e-03,2.773617295403050034e-03,2.168287556334802958e-03,2.792727219306248565e-03,1.000000000000000000e+00,1.000000000000000000e+00,7.409851592380085157e-04,1.296799113584867378e-03,-1.490332583074836272e-03,-1.228005445226221671e-03,4.589377898596407046e-02,7.602330316430878920e-03,1.386937660190800670e-01,2.288222539699327762e-02,7.549077432618403949e-04,1.313464881881830446e-03,-4.213670804303625310e-04,-2.924283722277200141e-04,6.125110256796507252e-04,9.338392008861216495e-04
3.400000000000000244e-02,0.000000000000000000e+00,2.146002423873073946e-03,2.773101022782661212e-03,2.168304436608493087e-03,2.792727287650027118e-03,1.000000000000000000e+00,1.000000000000000000e+00,7.403489908670317018e-04,1.296282840964478773e-03,-1.272336741953629391e-03,-1.032545240777377367e-03,4.618659603404956515e-02,9.383880335653928956e-03,1.395234307769725457e-01,2.950992950337550866e-02,7.538786962551085073e-04,1.302731306679771753e-03,4.687587429691974497e-04,-1.004488516958834459e-03,6.524723374454510002e-04,1.333288643896573611e-03
3.450000000000000289e-02,0.000000000000000000e+00,2.145327361727390053e-03,2.772737084869243088e-03,2.168322945961162138e-03,2.792727379061717835e-03,1.000000000000000000e+00,1.000000000000000000e+00,7.398318632615707730e-04,1.295918903051060432e-03,-1.034255210921794770e-03,-7.278758268367488144e-04,4.615590282812744027e-02,9.019106544454178614e-03,1.392799934382356608e-01,2.670346253234416947e-02,7.539934599343345442e-04,1.302576550691004467e-03,-8.782893363809156145e-06,3.827818975674160146e-04,6.524723374454510002e-04,1.333288643896573611e-03
3.500000000000000333e-02,0.000000000000000000e+00,2.144804428107690078e-03,2.772512350559055289e-03,2.168343144623173773e-03,2.792727496989004694e-03,1.000000000000000000e+00,1.000000000000000000e+00,7.394312728680793980e-04,1.295694168740872849e-03,-8.011807869828249055e-04,-4.494686203752248379e-04,4.600268060060597186e-02,9.915606899796838153e-03,1.388342186135378409e-01,3.061629283043775310e-02,7.540250761207191758e-04,1.302552207548025864e-03,1.349678569548255118e-04,-4.784844262089642209e-04,6.524723374454510002e-04,1.333288643896573611e-03
3.550000000000000377e-02,0.000000000000000000e+00,2.144424236817955246e-03,2.772453246865417241e-03,2.168365090935020154e-03,2.792727645081813544e-03,1.000000000000000000e+00,1.000000000000000000e+00,7.391400294432556688e-04,1.295635065047234802e-03,-5.824868496473981257e-04,-1.182073872759868347e-04,4.606757165166727730e-02,9.046876344952489019e-03,1.393325255000428531e-01,2.661959709274793612e-02,7.540452652861980194e-04,1.302611381743074177e-03,-5.384603904007618396e-05,7.128701399688933517e-04,6.524723374454510002e-04,1.333288643896573611e-03
3.600000000000000422e-02,0.000000000000000000e+00,2.144188422255887804e-03,2.772530702317423448e-03,2.168388841365366092e-03,2.792727827190081245e-03,1.000000000000000000e+00,1.000000000000000000e+00,7.389593850083774713e-04,1.295712520499240792e-03,-3.612888697564092290e-04,1.549109040120159810e-04,4.767292675289593051e-02,9.376823672296117490e-03,1.456285992365058124e-01,2.876006116601444174e-02,7.430169098995322279e-04,1.300777493223587329e-03,-1.275255925530391571e-03,-7.489427514413388946e-04,1.065326954574554504e-03,1.403702815688176887e-03
3.649999999999999772e-02,0.000000000000000000e+00,2.144175761822717224e-03,2.772753432763523131e-03,2.168414450529090182e-03,2.792728047361521353e-03,1.000000000000000000e+00,1.000000000000000000e+00,7.389496865538996984e-04,1.295935250945340258e-03,-1.939690895548805459e-05,4.454608921987701664e-04,4.815487977855708451e-02,9.773094411146829655e-03,1.463104663917574877e-01,3.014233593409615733e-02,7.427387318459272329e-04,1.300609224771693108e-03,1.597731552968886196e-04,7.427990765958877688e-05,1.065326954574554504e-03,1.403702815688176887e-03
3.699999999999999817e-02,0.000000000000000000e+00,2.144407808337678127e-03,2.773132109177822366e-03,2.168441971205331120e-03,2.792728309839399327e-03,1.000000000000000000e+00,1.000000000000000000e+00,7.391274444972305941e-04,1.296313927359639710e-03,3.555158866618308034e-04,7.573528285989259996e-04,4.837164729543967645e-02,9.881745806152581260e-03,1.469388852055588390e-01,3.036015572861908846e-02,7.427615851092519419e-04,1.300622384035946249e-03,-6.791969974221150552e-05,-2.145780945016310124e-05,1.065326954574554504e-03,1.403702815688176887e-03
3.749999999999999861e-02,0.000000000000000000e+00,2.144892550274799057e-03,2.773668271210717913e-03,2.168471454355533172e-03,2.792728619060298213e-03,1.000000000000000000e+00,1.000000000000000000e+00,7.394987783645086974e-04,1.296850089392535257e-03,7.426677345561423895e-04,1.072324065791114460e-03,4.780165995296459247e-02,9.570504296955332363e-03,1.447446571811358274e-01,2.919410764676900333e-02,7.428353378798879803e-04,1.300656725663844196e-03,3.620946327381016931e-04,1.584743170448407127e-04,1.065326954574554504e-03,1.403702815688176887e-03
3.799999999999999906e-02,0.000000000000000000e+00,2.145598437575953633e-03,2.774350298973149703e-03,2.168502949141484695e-03,2.792728979651884318e-03,1.000000000000000000e+00,1.000000000000000000e+00,7.400395194090265928e-04,1.297532117154967047e-03,1.081482089035868451e-03,1.364055524863520569e-03,4.804476111058007815e-02,1.006276257689304662e-02,1.463542830693302377e-01,3.149703100686993690e-02,7.459376976245348650e-04,1.300477364884806367e-03,7.863955734054597869e-05,-1.506089081757409551e-04,9.494288214359220945e-04,1.410720171772122857e-03
3.849999999999999950e-02,0.000000000000000000e+00,2.146534998301433128e-03,2.775191804596015450e-03,2.168536502943369231e-03,2.792729396430684592e-03,1.000000000000000000e+00,1.000000000000000000e+00,7.407569665484234041e-04,1.298373622777832795e-03,1.434894278793728481e-03,1.683011245731462404e-03,4.798610562572110105e-02,9.188885714132627100e-03,1.461055963840096339e-01,2.782014195088141836e-02,7.459783974518668882e-04,1.300539667302545548e-03,8.414753951305740422e-05,3.987515709662875192e-04,9.494288214359220945e-04,1.410720171772122857e-03
3.899999999999999994e-02,0.000000000000000000e+00,2.147696505339542934e-03,2.776163525199908631e-03,2.168572161377801434e-03,2.792729874399844936e-03,1.000000000000000000e+00,1.000000000000000000e+00,7.416467325606112323e-04,1.299345343381725758e-03,1.779532024375637695e-03,1.943441207786022291e-03,4.791998874588068030e-02,1.009786029626247653e-02,1.460808960619116581e-01,3.220828753401282218e-02,7.460252943624977968e-04,1.300518296478897929e-03,1.034010177454215413e-04,-4.825261527675816196e-04,9.494288214359220945e-04,1.410720171772122857e-03
3.950000000000000039e-02,0.000000000000000000e+00,2.149076898848928212e-03,2.777292246555243017e-03,2.168609968315876862e-03,2.792730418746905852e-03,1.000000000000000000e+00,1.000000000000000000e+00,7.427041753377932850e-04,1.300474064737060145e-03,2.114885554364113150e-03,2.257442710668613930e-03,4.787570976591362659e-02,9.220937414673821553e-03,1.461424732243751246e-01,2.816170394137823899e-02,7.460734051117750556e-04,1.300578722886152781e-03,8.906793855331250793e-05,7.218953444836805804e-04,9.494288214359220945e-04,1.410720171772122857e-03
4.000000000000000083e-02,0.000000000000000000e+00,2.150671258730654789e-03,2.778548606820424247e-03,2.168649965901213970e-03,2.792731034841573756e-03,1.000000000000000000e+00,1.000000000000000000e+00,7.439255258655217990e-04,1.301730425002241807e-03,2.442701055456947008e-03,2.512720530363453213e-03,4.944955883161199217e-02,9.730734447868790229e-03,1.524656870972936340e-01,3.099996399905187439e-02,7.354152454682567289e-04,1.297178258322096312e-03,-1.251862845515321022e-03,-9.458890850966377405e-04,1.351448766305947619e-03,1.540385635150862045e-03
4.050000000000000128e-02,0.000000000000000000e+00,2.152555767237889113e-03,2.779946913127796185e-03,2.168692194567996973e-03,2.792731728233482317e-03,1.000000000000000000e+00,1.000000000000000000e+00,7.453691431354990708e-04,1.303128731309613529e-03,2.887234539954639835e-03,2.796612614743542065e-03,5.003495013544499020e-02,1.040293255262203162e-02,1.536303738689396847e-01,3.329745300941615305e-02,7.351500011734739227e-04,1.296947926802225143e-03,1.881050504322890303e-04,2.269460695523105309e-05,1.351448766305947619e-03,1.540385635150862045e-03
4.100000000000000172e-02,0.000000000000000000e+00,2.154756165431525108e-03,2.781506366011819373e-03,2.168736693059023467e-03,2.792732504649968108e-03,1.000000000000000000e+00,1.000000000000000000e+00,7.470547459443827943e-04,1.304688184193636934e-03,3.371205617767429608e-03,3.118905768046921143e-03,5.020153328451326669e-02,1.025988016366415762e-02,1.540331862091450232e-01,3.230666580744582378e-02,7.351940407838851617e-04,1.296976474463719647e-03,-1.156132214967365668e-05,9.136188386502910787e-05,1.351448766305947619e-03,1.540385635150862045e-03
4.150000000000000216e-02,0.000000000000000000e+00,2.157276876649622324e-03,2.783220443764238342e-03,2.168783498443742960e-03,2.792733369993836284e-03,1.000000000000000000e+00,1.000000000000000000e+00,7.489857227657141124e-04,1.306402261946055902e-03,3.861953642662572031e-03,3.428155504837955298e-03,4.969043474702259516e-02,1.043531935637252717e-02,1.521652118835159218e-01,3.324312914975489919e-02,7.352802957660456006e-04,1.296987211725983413e-03,3.558659217684136274e-04,-4.814288209151185421e-05,1.351448766305947619e-03,1.540385635150862045e-03
4.200000000000000261e-02,0.000000000000000000e+00,2.160088284133000660e-03,2.785092637457115168e-03,2.168832646136303194e-03,2.792734330341126257e-03,1.000000000000000000e+00,1.000000000000000000e+00,7.511393858456990929e-04,1.308274455638932729e-03,4.307326159969940282e-03,3.744387385753759293e-03,4.883074707235721124e-02,9.909970308214843121e-03,1.494979829032742902e-01,3.118908818463651464e-02,7.443005061917156448e-04,1.298636555233314335e-03,9.341953641754155956e-04,4.146198183800060377e-04,1.014214104355705545e-03,1.479994943713240467e-03
4.250000000000000305e-02,0.000000000000000000e+00,2.163143617975636125e-03,2.787104476457265018e-03,2.168884169913597778e-03,2.792735391938893849e-03,1.000000000000000000e+00,1.000000000000000000e+00,7.534799073577230690e-04,1.310286294639082362e-03,4.681043024047917486e-03,4.023678000299185306e-03,4.909483799246160129e-02,1.005004629562464280e-02,1.514548636078533184e-01,3.230167982804726945e-02,7.445141741911873471e-04,1.298728035555872127e-03,-7.757065110555055615e-05,-4.780581018675446418e-05,1.014214104355705545e-03,1.479994943713240467e-03
4.300000000000000350e-02,0.000000000000000000e+00,2.166452926583317153e-03,2.789258486980424057e-03,2.168938101933302106e-03,2.792736561202960495e-03,1.000000000000000000e+00,1.000000000000000000e+00,7.560149848272029174e-04,1.312440305162241184e-03,5.070154938959791323e-03,4.308021046317426876e-03,4.841722701477983726e-02,9.627726180793884717e-03,1.488032989413686780e-01,3.066424198560247297e-02,7.446054077416775158e-04,1.298768045340724939e-03,4.414954616740961158e-04,2.073489508757686344e-04,1.014214104355705545e-03,1.479994943713240467e-03
4.350000000000000394e-02,0.000000000000000000e+00,2.169978932771904779e-03,2.791539572019958310e-03,2.168994472751925758e-03,2.792737844715701030e-03,1.000000000000000000e+00,1.000000000000000000e+00,7.587160622743737998e-04,1.314721390201775437e-03,5.402154894341773539e-03,4.562170079068375052e-03,4.903201371350770360e-02,1.002710979896579563e-02,1.519447005606710255e-01,3.268513204009352441e-02,7.446400761176477472e-04,1.298778508213604662e-03,-3.013835776777598055e-04,-1.647766799522870163e-04,1.014214104355705545e-03,1.479994943713240467e-03
4.399999999999999745e-02,0.000000000000000000e+00,2.173749518314979472e-03,2.793958478116728532e-03,2.169053311342849285e-03,2.792739249223798528e-03,1.000000000000000000e+00,1.000000000000000000e+00,7.616044983769507462e-04,1.317140296298545876e-03,5.776872205153824220e-03,4.837812193541043797e-03,4.907726128341138860e-02,8.966757289532108904e-03,1.517934960886998530e-01,2.834469045491183614e-02,7.485441301025218220e-04,1.306005977744056565e-03,1.242215508147299268e-03,1.299554805211881187e-03,8.720870770908760146e-04,1.210973383611651079e-03
4.449999999999999789e-02,0.000000000000000000e+00,2.177763678723753510e-03,2.796480187072057557e-03,2.169114645114374011e-03,2.792740781636024287e-03,1.000000000000000000e+00,1.000000000000000000e+00,7.646795236518805260e-04,1.319662005253874901e-03,6.150050549859585602e-03,5.043417910658069478e-03,4.807675997242216032e-02,7.889702003753149007e-03,1.480663384063563015e-01,2.515537924326567004e-02,7.489907280014952923e-04,1.306412725954470217e-03,5.455094181673364895e-04,3.293030009719021662e-04,8.720870770908760146e-04,1.210973383611651079e-03
4.499999999999999833e-02,0.000000000000000000e+00,2.181968000790591392e-03,2.799069554174206907e-03,2.169178499927759685e-03,2.792742449020996134e-03,1.000000000000000000e+00,1.000000000000000000e+00,7.679002212082641256e-04,1.322251372356024034e-03,6.441395112767092472e-03,5.178734204298112223e-03,4.858046819105819869e-02,8.412087041102848939e-03,1.510305174790929350e-01,2.816178010195380735e-02,7.490566373830042377e-04,1.306421702597425219e-03,-2.802740249405029035e-04,-2.921923182550842705e-04,8.720870770908760146e-04,1.210973383611651079e-03
4.549999999999999878e-02,0.000000000000000000e+00,2.186385032831068050e-03,2.801741826319426032e-03,2.169244900115275577e-03,2.792744258604957976e-03,1.000000000000000000e+00,1.000000000000000000e+00,7.712838640579498589e-04,1.324923644501243159e-03,6.767285699371466609e-03,5.344544290438355341e-03,4.804907428028499378e-02,7.864354402115083034e-03,1.487088712462432682e-01,2.565994310449852892e-02,7.491543647355339069e-04,1.306464680438675042e-03,6.693394029670696752e-04,4.626392050716731166e-04,8.720870770908760146e-04,1.210973383611651079e-03
4.599999999999999922e-02,0.000000000000000000e+00,2.190985177481351125e-03,2.804478617112583696e-03,2.169313868498238575e-03,2.792746217769540712e-03,1.000000000000000000e+00,1.000000000000000000e+00,7.748077793048426323e-04,1.327660435294401040e-03,7.047830493785522607e-03,5.473581586315815276e-03,4.707987468206718124e-02,8.019406409776712319e-03,1.455466149268333786e-01,2.678518509812055290e-02,7.597041212349476885e-04,1.307272243483768468e-03,1.152450164271037920e-03,-1.849237531668318849e-04,4.812521605429367932e-04,1.182381254112922688e-03
4.649999999999999967e-02,0.000000000000000000e+00,2.195717226387752102e-03,2.807283712222480472e-03,2.169385426405059936e-03,2.792748334049534840e-03,1.000000000000000000e+00,1.000000000000000000e+00,7.784327390741581192e-04,1.330465530404298033e-03,7.249919538630940699e-03,5.610190219793779673e-03,4.735695640608979240e-02,8.052467895756870372e-03,1.475567967709724426e-01,2.683997417446153458e-02,7.599804190814745449e-04,1.307244823307035335e-03,-4.494867572046813611e-05,7.474085570706966164e-05,4.812521605429367932e-04,1.182381254112922688e-03
4.700000000000000011e-02,0.000000000000000000e+00,2.200592991294742819e-03,2.810157032732426771e-03,2.169459593689285985e-03,2.792750615130658743e-03,1.000000000000000000e+00,1.000000000000000000e+00,7.821677916871129553e-04,1.333338850914244332e-03,7.470105225909567416e-03,5.746641019892383996e-03,4.688548740941583109e-02,8.310281670412450472e-03,1.456055178007580053e-01,2.787169538701851981e-02,7.600497380966517776e-04,1.307237150974080832e-03,3.215119207785099354e-04,-1.050814042992655401e-04,4.812521605429367932e-04,1.182381254112922688e-03
4.750000000000000056e-02,0.000000000000000000e+00,2.205586627368544099e-03,2.813105517557004404e-03,2.169536388747649643e-03,2.792753068847329562e-03,1.000000000000000000e+00,1.000000000000000000e+00,7.859931388524068075e-04,1.336287335738821748e-03,7.650694330587749434e-03,5.896969649154806467e-03,4.755158377591137131e-02,7.833215756814643216e-03,1.486902533840722684e-01,2.586349983157252772e-02,7.600572633467578840e-04,1.307263927806013573e-03,-2.902256649726919486e-04,2.115740458267495851e-04,4.812521605429367932e-04,1.182381254112922688e-03
4.800000000000000100e-02,0.000000000000000000e+00,2.210729569790723971e-03,2.816113047688183560e-03,2.169615828538103749e-03,2.792755703180427145e-03,1.000000000000000000e+00,1.000000000000000000e+00,7.899328613161988363e-04,1.339294865870001121e-03,7.879444927584102615e-03,6.015060262358640913e-03,4.732568591499567573e-02,6.436559875704853800e-03,1.473651260563338949e-01,2.089740224127620283e-02,7.690918168875886729e-04,1.319986876817158582e-03,1.844446178417416711e-03,1.360481127341949025e-03,1.466755659082427123e-04,7.052107385680074850e-04
4.850000000000000144e-02,0.000000000000000000e+00,2.216008181726630485e-03,2.819134943005460227e-03,2.169697928597872152e-03,2.792758526255066653e-03,1.000000000000000000e+00,1.000000000000000000e+00,7.939765126570816648e-04,1.342316761187277788e-03,8.087302681765750831e-03,6.043790634553388406e-03,4.620511225886661522e-02,5.552593795393106178e-03,1.433158084030469459e-01,1.866900402528449965e-02,7.697878951272135294e-04,1.320448484883278819e-03,9.415901983705688479e-04,4.876252763418115156e-04,1.466755659082427123e-04,7.052107385680074850e-04
4.900000000000000189e-02,0.000000000000000000e+00,2.221364145616128508e-03,2.822143065451563054e-03,2.169782703061493446e-03,2.792761546338370319e-03,1.000000000000000000e+00,1.000000000000000000e+00,7.980794190321775956e-04,1.345324883633380398e-03,8.205812750191908422e-03,6.016244892205349984e-03,4.630974975052944143e-02,5.779766743518094732e-03,1.447413593628166517e-01,2.029402677367265692e-02,7.699926398381609118e-04,1.320515497328190752e-03,-1.205606569929848883e-04,-2.182101289818556725e-04,1.466755659082427123e-04,7.052107385680074850e-04
4.950000000000000233e-02,0.000000000000000000e+00,2.226801197215981867e-03,2.825144334445391005e-03,2.169870164678860784e-03,2.792764771837229210e-03,1.000000000000000000e+00,1.000000000000000000e+00,8.022444421971963117e-04,1.348326152627208349e-03,8.330046330037411267e-03,6.002537987656084151e-03,4.576340367605033488e-02,5.083025864740641636e-03,1.425958197125540006e-01,1.738829840615825281e-02,7.700643846755749139e-04,1.320542969712659633e-03,4.065158277487730416e-04,3.270419369943421703e-04,1.466755659082427123e-04,7.052107385680074850e-04
5.000000000000000278e-02,0.000000000000000000e+00,2.232290404897693120e-03,2.828116712733236022e-03,2.169960324833269082e-03,2.792768211296078017e-03,1.000000000000000000e+00,1.000000000000000000e+00,8.064494192388968431e-04,1.351298530915053366e-03,8.409954083401118344e-03,5.944756575690153359e-03,4.509617329220683146e-02,3.785578824493209329e-03,1.405131168244974915e-01,1.291938481786427534e-02,7.791994321592959297e-04,1.328865252150603169e-03,8.687565834072009550e-04,6.182900372901962852e-04,-1.944726644432191449e-04,3.923185326226059119e-04
5.050000000000000322e-02,0.000000000000000000e+00,2.237797111141625120e-03,2.831019647470861371e-03,2.170053193559458304e-03,2.792771873394661597e-03,1.000000000000000000e+00,1.000000000000000000e+00,8.106678009569496862e-04,1.354201465652678715e-03,8.436763436105601185e-03,5.805869475250835174e-03,4.533692007277252689e-02,4.281800888856668492e-03,1.420318416818023566e-01,1.589439068515599920e-02,7.793841614039214143e-04,1.328938228145833383e-03,-1.279150488320213641e-04,-3.245615795789341196e-04,-1.944726644432191449e-04,3.923185326226059119e-04
5.100000000000000366e-02,0.000000000000000000e+00,2.243332549759230986e-03,2.833869126484928145e-03,2.170148779561658064e-03,2.792775766945806287e-03,1.000000000000000000e+00,1.000000000000000000e+00,8.149081929501930796e-04,1.357050944666745489e-03,8.480783986486759018e-03,5.698958028133705930e-03,4.491840974775080514e-02,3.521729098968405004e-03,1.402242210295280567e-01,1.247294555870295980e-02,7.794447935475984140e-04,1.328957339006974370e-03,3.694773919006179145e-04,3.996008841616384985e-04,-1.944726644432191449e-04,3.923185326226059119e-04
5.150000000000000411e-02,0.000000000000000000e+00,2.248874791415272391e-03,2.836641692205297844e-03,2.170247090231628741e-03,2.792779900893185147e-03,1.000000000000000000e+00,1.000000000000000000e+00,8.191537963732260265e-04,1.359823510387115188e-03,8.491206846065871283e-03,5.545131440739291435e-03,4.525681592746763626e-02,4.258371168408974644e-03,1.419012456610510842e-01,1.591650010797412973e-02,7.794689710274149003e-04,1.328909922127062071e-03,-2.715261295363857025e-04,-5.873539058950644600e-04,-1.944726644432191449e-04,3.923185326226059119e-04
5.200000000000000455e-02,0.000000000000000000e+00,2.254440083066411304e-03,2.839360948440385231e-03,2.170348131666705212e-03,2.792784284309086668e-03,1.000000000000000000e+00,1.000000000000000000e+00,8.234170571169175399e-04,1.362542766622202792e-03,8.526521487383070114e-03,5.438512470175013887e-03,4.509322764263444527e-02,2.976574061389960883e-03,1.409956900743382646e-01,1.026373983091670612e-02,7.914058910724966218e-04,1.344818316034248696e-03,1.967468644006009973e-03,2.524569534207897481e-03,-6.399777348892857253e-04,-2.045307295800062131e-04
5.249999999999999806e-02,0.000000000000000000e+00,2.260019329847879309e-03,2.841987144121982389e-03,2.170451908687850550e-03,2.792788926392193033e-03,1.000000000000000000e+00,1.000000000000000000e+00,8.276910081106505796e-04,1.365168962303799517e-03,8.547901987466167972e-03,5.252391363193401053e-03,4.427140765356699093e-02,1.702589027145783029e-03,1.379549602655376905e-01,6.330188973614440419e-03,7.922163977770145527e-04,1.345765567961186831e-03,1.275867858108199922e-03,1.266839840612062887e-03,-6.399777348892857253e-04,-2.045307295800062131e-04
5.299999999999999850e-02,0.000000000000000000e+00,2.265570563176857750e-03,2.844481245120953315e-03,2.170558424857681971e-03,2.792793836465333208e-03,1.000000000000000000e+00,1.000000000000000000e+00,8.319434995547712744e-04,1.367663063302770442e-03,8.504982888241290756e-03,4.988201997941855287e-03,4.331987783046281626e-02,5.464551977035923738e-04,1.349384311700375372e-01,2.814088511060420291e-03,7.926333890306067184e-04,1.346098570967256113e-03,3.937908520454880745e-04,6.748393594763538433e-05,-6.399777348892857253e-04,-2.045307295800062131e-04
5.349999999999999895e-02,0.000000000000000000e+00,2.271045807095622721e-03,2.846808369616879789e-03,2.170667682498531037e-03,2.792799023973265970e-03,1.000000000000000000e+00,1.000000000000000000e+00,8.361377797334620769e-04,1.369990187798697349e-03,8.388560357381710797e-03,4.654248991853736014e-03,4.399151305855595467e-02,9.168470061163137667e-04,1.382976347380937832e-01,5.095886976045471001e-03,7.926134430960061301e-04,1.346031451235201685e-03,-4.718961461367557689e-04,-3.351799700668220200e-04,-6.399777348892857253e-04,-2.045307295800062131e-04
5.399999999999999939e-02,0.000000000000000000e+00,2.276478973878629831e-03,2.848981771987894179e-03,2.170779682710481315e-03,2.792804498480444715e-03,1.000000000000000000e+00,1.000000000000000000e+00,8.402998269561233425e-04,1.372163590169711306e-03,8.324094445322427135e-03,4.346804742027796965e-03,4.334450540430535848e-02,-1.221846794870311292e-04,1.351774839595413780e-01,6.122295725220108613e-04,8.158961657598847502e-04,1.361148403005527346e-03,3.650781797207692733e-03,2.106051205019295654e-03,-1.510343278661767635e-03,-7.724804152397900118e-04
5.449999999999999983e-02,0.000000000000000000e+00,2.281837521268360175e-03,2.850970518289429149e-03,2.170894425389410798e-03,2.792810269668781833e-03,1.000000000000000000e+00,1.000000000000000000e+00,8.444047124072157811e-04,1.374152336471246494e-03,8.209770902184842373e-03,3.977492603070314180e-03,4.219442046887572628e-02,-9.351796599558337550e-04,1.312028951834595114e-01,-1.817016634291785619e-03,8.174490971667047355e-04,1.361963639234676149e-03,2.562993264260510565e-03,1.156702728677252556e-03,-1.510343278661767635e-03,-7.724804152397900118e-04
5.500000000000000028e-02,0.000000000000000000e+00,2.287064089325383572e-03,2.852751120001812898e-03,2.171011909245034767e-03,2.792816347335420890e-03,1.000000000000000000e+00,1.000000000000000000e+00,8.484084958238818832e-04,1.375932938183630242e-03,8.007566833332173048e-03,3.561203424767670454e-03,4.098290389467768718e-02,-1.642058128638090257e-03,1.273727741673723046e-01,-4.047304325986771263e-03,8.184228444475156756e-04,1.362326235452853687e-03,1.334340174678955160e-03,2.953377557838771138e-04,-1.510343278661767635e-03,-7.724804152397900118e-04
5.550000000000000072e-02,0.000000000000000000e+00,2.292098922279017705e-03,2.854303702004475259e-03,2.171132131818958623e-03,2.792822741390509674e-03,1.000000000000000000e+00,1.000000000000000000e+00,8.522654016300455727e-04,1.377485520186292819e-03,7.713811612327470951e-03,3.105164005325092898e-03,4.018909860169769810e-02,-2.041647909864409676e-03,1.251689954379010816e-01,-5.191869966151774901e-03,8.187420969177334031e-04,1.362320955428112474e-03,-5.465051205415455762e-05,-3.152742967164090288e-04,-1.510343278661767635e-03,-7.724804152397900118e-04
5.600000000000000117e-02,0.000000000000000000e+00,2.296903908571461435e-03,2.855618250463376473e-03,2.171255089502709471e-03,2.792829461854961972e-03,1.000000000000000000e+00,1.000000000000000000e+00,8.559462346786349306e-04,1.378800068645194034e-03,7.361666097178715812e-03,2.629096917802336338e-03,3.968959546454653431e-02,-2.891660823422374880e-03,1.237207668303518249e-01,-8.356659511615498886e-03,8.313763721987753709e-04,1.370791339852541835e-03,1.689824383422364098e-03,1.274072061833232119e-03,-1.983614194882868387e-03,-1.091097619782754923e-03
5.650000000000000161e-02,0.000000000000000000e+00,2.301456150614178582e-03,2.856670816964283939e-03,2.171380777555786783e-03,2.792836518858229748e-03,1.000000000000000000e+00,1.000000000000000000e+00,8.594334543991910677e-04,1.379852635146101283e-03,6.974439441112225552e-03,2.105133001814415723e-03,3.856485341587976429e-02,-3.806775092583371614e-03,1.195745622291479876e-01,-1.141037122822090473e-02,8.319255495830470007e-04,1.371123930283791757e-03,5.091525271185672399e-04,5.863260077189238854e-05,-1.983614194882868387e-03,-1.091097619782754923e-03
5.700000000000000205e-02,0.000000000000000000e+00,2.305701720796702117e-03,2.857435726516920592e-03,2.171509190123711332e-03,2.792843922636076628e-03,1.000000000000000000e+00,1.000000000000000000e+00,8.626857498453848654e-04,1.380617544698737936e-03,6.504590892387514776e-03,1.529819105273503210e-03,3.920025819438993642e-02,-3.488526826269024595e-03,1.227542790321148047e-01,-9.640631426312556637e-03,8.318776193849343643e-04,1.371023923461967345e-03,-6.985310326682913143e-04,-4.576555487865984753e-04,-1.983614194882868387e-03,-1.091097619782754923e-03
5.750000000000000250e-02,0.000000000000000000e+00,2.309675537986199609e-03,2.857926184121934061e-03,2.171640320256054170e-03,2.792851683528336203e-03,1.000000000000000000e+00,1.000000000000000000e+00,8.657298704213699410e-04,1.381108002303751189e-03,6.088241151970238789e-03,9.809152100266013176e-04,3.864207301684829954e-02,-3.693906451275088751e-03,1.198241831002598151e-01,-1.094599901451132583e-02,8.318011275135912255e-04,1.370888989070760417e-03,3.904559947800453944e-04,-8.280337558645928589e-05,-1.983614194882868387e-03,-1.091097619782754923e-03
5.800000000000000294e-02,0.000000000000000000e+00,2.313352346095268186e-03,2.858138906322299846e-03,2.171774159924497703e-03,2.792859811976693314e-03,1.000000000000000000e+00,1.000000000000000000e+00,8.685464688417370146e-04,1.381320724504117407e-03,5.633196840734108236e-03,4.254444007323900621e-04,3.752829161149865561e-02,-3.771017638186347724e-03,1.157348259157210818e-01,-1.130903943266807141e-02,8.463297829598131344e-04,1.372502195267832990e-03,1.254312597837889702e-03,-4.339614746337213649e-05,-2.530227527783781433e-03,-1.154782023341137647e-03
5.850000000000000339e-02,0.000000000000000000e+00,2.316679380606805495e-03,2.858074688367170935e-03,2.171910700040864672e-03,2.792868318522441929e-03,1.000000000000000000e+00,1.000000000000000000e+00,8.710951251413650512e-04,1.381256506548988062e-03,5.097312599256158261e-03,-1.284359102587335003e-04,3.732725221299246221e-02,-3.476922042061470104e-03,1.156218475125276174e-01,-1.033925244600211388e-02,8.465719930188985104e-04,1.372398569946548658e-03,-2.825031850759399544e-04,-3.704673616934458396e-04,-2.530227527783781433e-03,-1.154782023341137647e-03
5.900000000000000383e-02,0.000000000000000000e+00,2.319650259241785514e-03,2.857745949749849156e-03,2.172049930475174889e-03,2.792877213804262956e-03,1.000000000000000000e+00,1.000000000000000000e+00,8.733709502108723830e-04,1.380927767931666716e-03,4.551650139014585400e-03,-6.574772346428631436e-04,3.683051449814334077e-02,-4.080294935179503216e-03,1.135761417683574109e-01,-1.316113023254986483e-02,8.465639418783098757e-04,1.372335115319799417e-03,2.492683603969052166e-04,1.157090489069852049e-04,-2.530227527783781433e-03,-1.154782023341137647e-03
5.950000000000000427e-02,0.000000000000000000e+00,2.322243899609784112e-03,2.857136945099826228e-03,2.172191840073678989e-03,2.792886508555988620e-03,1.000000000000000000e+00,1.000000000000000000e+00,8.753577940022269242e-04,1.380318763281643355e-03,3.973687582709001763e-03,-1.218009300046728281e-03,3.741347415692015954e-02,-3.439350378296955266e-03,1.159589821081448424e-01,-1.039791167570756555e-02,8.464859623227736704e-04,1.372217185529571752e-03,-5.596160278457439161e-04,-5.860637263373140275e-04,-2.530227527783781433e-03,-1.154782023341137647e-03
5.999999999999999778e-02,0.000000000000000000e+00,2.324493600861438254e-03,2.856271035135514794e-03,2.172336416676905191e-03,2.792896213604367274e-03,1.000000000000000000e+00,1.000000000000000000e+00,8.770811651447344088e-04,1.379452853317332355e-03,3.446742285014861573e-03,-1.731819928621978685e-03,3.687628634609088629e-02,-4.132217995340034880e-03,1.130967975797922132e-01,-1.385689750660464882e-02,8.634339567679560250e-04,1.382187631489945404e-03,2.472772545184595636e-03,1.342800324405746520e-03,-3.167928881806129828e-03,-1.533506767841325913e-03
6.049999999999999822e-02,0.000000000000000000e+00,2.326376193732946143e-03,2.855129649672237535e-03,2.172483647137712134e-03,2.792906339866848588e-03,1.000000000000000000e+00,1.000000000000000000e+00,8.785233149526083503e-04,1.378311467854055096e-03,2.884299615747856673e-03,-2.282770926554563047e-03,3.567906620115934846e-02,-4.887112213647475459e-03,1.086087509411320651e-01,-1.643412400123257788e-02,8.643304307589187285e-04,1.382595535399868888e-03,1.115719492090346161e-03,2.908385889649803789e-04,-3.167928881806129828e-03,-1.533506767841325913e-03
6.099999999999999867e-02,0.000000000000000000e+00,2.327835751887352179e-03,2.853692527043171379e-03,2.172633517339315687e-03,2.792916898349328842e-03,1.000000000000000000e+00,1.000000000000000000e+00,8.796414013661999496e-04,1.376874345224988723e-03,2.236172827183097005e-03,-2.874245258132707148e-03,3.546351233573402650e-02,-5.013406150486341903e-03,1.084513562897551076e-01,-1.653455873287134476e-02,8.645040957694241721e-04,1.382551961693999701e-03,-4.180935026496315765e-04,-4.636695384766311183e-04,-3.167928881806129828e-03,-1.533506767841325913e-03
6.149999999999999911e-02,0.000000000000000000e+00,2.328866229453400907e-03,2.851959321656345921e-03,2.172786012213346989e-03,2.792927900143939157e-03,1.000000000000000000e+00,1.000000000000000000e+00,8.804307929794303548e-04,1.375141139838163482e-03,1.578783226460779652e-03,-3.466410773650287127e-03,3.496888903170752849e-02,-5.529174389562800836e-03,1.063672494794460494e-01,-1.868448773969547810e-02,8.644600793350916109e-04,1.382448803092891764e-03,2.407525932638429741e-04,5.004346312790109580e-05,-3.167928881806129828e-03,-1.533506767841325913e-03
6.199999999999999956e-02,0.000000000000000000e+00,2.329447717923293845e-03,2.849917552459286206e-03,2.172941115757891836e-03,2.792939356426809433e-03,1.000000000000000000e+00,1.000000000000000000e+00,8.808762389905296780e-04,1.373099370641103550e-03,8.908920221986408282e-04,-4.083538394119894110e-03,3.529295578967846930e-02,-6.060317169344224368e-03,1.076847793832063083e-01,-2.057238292660473061e-02,8.679367874736728912e-04,1.385899783110362913e-03,-1.477111461573608680e-04,-5.513806124492930723e-05,-3.301667463855306479e-03,-1.667193803268131888e-03
6.250000000000000000e-02,0.000000000000000000e+00,2.329601608157682354e-03,2.847554437978213129e-03,2.173098811055533108e-03,2.792951278455829689e-03,1.000000000000000000e+00,1.000000000000000000e+00,8.809941257494331799e-04,1.370736256160030473e-03,2.357735178070182857e-04,-4.726228962145943499e-03,3.508181342984713347e-02,-5.533258972539504758e-03,1.062421629183007837e-01,-1.834845417801475587e-02,8.679265584762130671e-04,1.385798766594348698e-03,1.063032661350595622e-04,-3.483559327732278603e-04,-3.301667463855306479e-03,-1.667193803268131888e-03
6.300000000000000044e-02,0.000000000000000000e+00,2.329322276395442547e-03,2.844890455938212624e-03,2.173259080291394928e-03,2.792963677568426582e-03,1.000000000000000000e+00,1.000000000000000000e+00,8.807801452051827913e-04,1.368072274120030185e-03,-4.279610885007975422e-04,-5.327964080000758759e-03,3.570045441058317809e-02,-6.137422318092828136e-03,1.084744797171508512e-01,-2.140353614565490559e-02,8.678693166419301861e-04,1.385736934285838407e-03,-3.344143348775659988e-04,1.001598175209306727e-04,-3.301667463855306479e-03,-1.667193803268131888e-03
6.350000000000000089e-02,0.000000000000000000e+00,2.328645786136022012e-03,2.841910523652897529e-03,2.173421904771191161e-03,2.792976565179335589e-03,1.000000000000000000e+00,1.000000000000000000e+00,8.802619236011296252e-04,1.365092341834715089e-03,-1.036443208106232507e-03,-5.959864570630180741e-03,3.529770435245438431e-02,-5.426560419181044453e-03,1.060608864006874347e-01,-1.839880100515164929e-02,8.678797098802718641e-04,1.385610635218478522e-03,3.746128097666568562e-04,-6.039866869418912152e-04,-3.301667463855306479e-03,-1.667193803268131888e-03
6.400000000000000133e-02,0.000000000000000000e+00,2.327556654123896264e-03,2.838640870841827382e-03,2.173587264939261330e-03,2.792989952778358875e-03,1.000000000000000000e+00,1.000000000000000000e+00,8.794276000754175327e-04,1.361822689023644943e-03,-1.668647051424131979e-03,-6.539305622140274658e-03,3.520408710742952557e-02,-3.426974676267487922e-03,1.057072534835036409e-01,-1.148912386095925567e-02,8.729520501817264770e-04,1.376317005944196906e-03,1.931689374195151316e-04,-1.102144877193062759e-03,-3.492593319240941841e-03,-1.323837655662250855e-03
6.450000000000000178e-02,0.000000000000000000e+00,2.326055111703657224e-03,2.835147734227867408e-03,2.173755140396619982e-03,2.793003851928143114e-03,1.000000000000000000e+00,1.000000000000000000e+00,8.782773518482862992e-04,1.358329552409684969e-03,-2.300496454262391990e-03,-6.986273227919933236e-03,3.545816518451608279e-02,-3.595579769976700243e-03,1.064402438565170556e-01,-1.404312304535016917e-02,8.729515949361347105e-04,1.376034495697728895e-03,-1.942391106460331562e-04,-2.996330685340470312e-05,-3.492593319240941841e-03,-1.323837655662250855e-03
6.500000000000000222e-02,0.000000000000000000e+00,2.324158854075807253e-03,2.831428838720108972e-03,2.173925509919002151e-03,2.793018274261945162e-03,1.000000000000000000e+00,1.000000000000000000e+00,8.768247342297497051e-04,1.354610656901926316e-03,-2.905235237073232508e-03,-7.437791015517433713e-03,3.504818923905200084e-02,-3.143108921031650613e-03,1.043117773931868802e-01,-1.233613262806706155e-02,8.729582937588661494e-04,1.375954486295445514e-03,2.202309107177833562e-04,-2.895681677079050480e-04,-3.492593319240941841e-03,-1.323837655662250855e-03
6.550000000000000266e-02,0.000000000000000000e+00,2.321852145839811699e-03,2.827501373048945527e-03,2.174098351474902310e-03,2.793033231481404678e-03,1.000000000000000000e+00,1.000000000000000000e+00,8.750576932036686689e-04,1.350683191230762654e-03,-3.534082052162073294e-03,-7.854931342327229823e-03,3.578142252731732892e-02,-3.571012278205097559e-03,1.071772923897399837e-01,-1.456361977400988904e-02,8.728931882590936636e-04,1.375910923343339875e-03,-4.792947774199058037e-04,1.145348589648061415e-04,-3.492593319240941841e-03,-1.323837655662250855e-03
6.600000000000000311e-02,0.000000000000000000e+00,2.319176756717927952e-03,2.823354833564500552e-03,2.174273642243619402e-03,2.793048735354304157e-03,1.000000000000000000e+00,1.000000000000000000e+00,8.730082262336686131e-04,1.346536651746318113e-03,-4.098933940000082030e-03,-8.293078968889044250e-03,3.579248362391232452e-02,-2.206469269057810718e-03,1.062960192725535130e-01,-9.087348150372372840e-03,8.805630180640265170e-04,1.368513554836728015e-03,1.485684006166317159e-03,-1.429323831759317810e-03,-3.779810068631946681e-03,-1.050148975155173721e-03
6.650000000000000355e-02,0.000000000000000000e+00,2.316137831180700886e-03,2.819034886625685840e-03,2.174451358633303598e-03,2.793064797712348484e-03,1.000000000000000000e+00,1.000000000000000000e+00,8.706802742128234331e-04,1.342216704807503184e-03,-4.655904041690366209e-03,-8.639893877630049415e-03,3.481961861859114715e-02,-1.156986407930486738e-03,1.022141635121075753e-01,-6.325524035342392978e-03,8.810266500310662231e-04,1.367980254139794473e-03,3.709866105891096704e-04,-7.052620248739623846e-04,-3.779810068631946681e-03,-1.050148975155173721e-03
6.700000000000000400e-02,0.000000000000000000e+00,2.312691199676252495e-03,2.814576840019854947e-03,2.174631476299000027e-03,2.793081430448929314e-03,1.000000000000000000e+00,1.000000000000000000e+00,8.680400013013619487e-04,1.337758658201672508e-03,-5.280545822922938330e-03,-8.916093211661157286e-03,3.519356062484213510e-02,-1.869181712617338977e-03,1.041670499497103775e-01,-1.010613554952999663e-02,8.810231069601401647e-04,1.367867379499704923e-03,-3.836961945913357685e-04,2.519127374457615434e-04,-3.779810068631946681e-03,-1.050148975155173721e-03
6.750000000000000444e-02,0.000000000000000000e+00,2.308860728491688233e-03,2.809960545261136824e-03,2.174813970160687296e-03,2.793098645516891611e-03,1.000000000000000000e+00,1.000000000000000000e+00,8.651056901358989684e-04,1.333142363442954169e-03,-5.868622330926002301e-03,-9.232589517436740403e-03,3.487132426817952241e-02,-1.165440435526921611e-03,1.022858105190264655e-01,-6.901186085286576538e-03,8.810260707347394946e-04,1.367780263629035783e-03,3.940439303818536526e-04,-5.987244038476796041e-04,-3.779810068631946681e-03,-1.050148975155173721e-03
6.800000000000000488e-02,0.000000000000000000e+00,2.304635170870310279e-03,2.805210361286135379e-03,2.174998814421325553e-03,2.793116454926303227e-03,1.000000000000000000e+00,1.000000000000000000e+00,8.618687252009635258e-04,1.328392179467952723e-03,-6.473929869870974525e-03,-9.500367950002915757e-03,3.602774518453460278e-02,9.914778303996487231e-04,1.067323738120437987e-01,7.596323973256867770e-04,8.718554134914381854e-04,1.350535941645871450e-03,-1.634768699855848389e-03,-1.970264086357631332e-03,-3.436754489135618925e-03,-4.073123937877407030e-04
6.850000000000000533e-02,0.000000000000000000e+00,2.300077537435107899e-03,2.800395798115666232e-03,2.175185982584903685e-03,2.793134870742230991e-03,1.000000000000000000e+00,1.000000000000000000e+00,8.583773754341535037e-04,1.323577616297483576e-03,-6.982699533620094490e-03,-9.629126340938492720e-03,3.695016248567471739e-02,2.223338292392932399e-03,1.090588571845136634e-01,3.647109359197388354e-03,8.712522793733287101e-04,1.349788994246384427e-03,-7.794026683675973812e-04,-1.019340162569126870e-03,-3.436754489135618925e-03,-4.073123937877407030e-04
6.900000000000000577e-02,0.000000000000000000e+00,2.295238420023138024e-03,2.795556652066971855e-03,2.175375447474477836e-03,2.793153905082503777e-03,1.000000000000000000e+00,1.000000000000000000e+00,8.546703964311134962e-04,1.318738470248789199e-03,-7.413958006080100839e-03,-9.678292097388603923e-03,3.711517870535027686e-02,2.396940081637440045e-03,1.086845453166680603e-01,3.248584630756057301e-03,8.710781760580595806e-04,1.349539589972863175e-03,8.132790172891854680e-05,1.971881039040121811e-05,-3.436754489135618925e-03,-4.073123937877407030e-04
6.950000000000000622e-02,0.000000000000000000e+00,2.290129907758154358e-03,2.790699183547646484e-03,2.175567181250213401e-03,2.793173570115475152e-03,1.000000000000000000e+00,1.000000000000000000e+00,8.507570489979178648e-04,1.313881001729464044e-03,-7.826694866391250768e-03,-9.714937038650133319e-03,3.745416594669097321e-02,2.636048187895141497e-03,1.096422223288505277e-01,4.013242455563666850e-03,8.710594903900204574e-04,1.349511101604952820e-03,-1.556106837356354203e-04,-1.333745124972199694e-04,-3.436754489135618925e-03,-4.073123937877407030e-04
7.000000000000000666e-02,0.000000000000000000e+00,2.284772695810086650e-03,2.785831629651621538e-03,2.175761155427436994e-03,2.793193878057806390e-03,1.000000000000000000e+00,1.000000000000000000e+00,8.466531865544899005e-04,1.309013447833439099e-03,-8.207724886856020488e-03,-9.735107792049791861e-03,3.831350888930869919e-02,4.478518136002181647e-03,1.124890163686174116e-01,1.095597796151950160e-02,8.676256353333356526e-04,1.340957233841603025e-03,-1.550640918190396809e-04,-9.587221256272505324e-04,-3.306798602264353088e-03,-8.668293333217716369e-05
7.050000000000000711e-02,0.000000000000000000e+00,2.279213337104459784e-03,2.781012246022503392e-03,2.175957340894676267e-03,2.793214841172226084e-03,1.000000000000000000e+00,1.000000000000000000e+00,8.423944707107391570e-04,1.304194064204320736e-03,-8.517431687501585830e-03,-9.638767258236612123e-03,3.824340564557127120e-02,3.832914657003786210e-03,1.113196159288891846e-01,6.917262995061039185e-03,8.676216352224983604e-04,1.340820721799252909e-03,1.384948860209127719e-04,4.100264974522946013e-04,-3.306798602264353088e-03,-8.668293333217716369e-05
7.100000000000000755e-02,0.000000000000000000e+00,2.273451300237275263e-03,2.776220840542656561e-03,2.176155707931700170e-03,2.793236471765301026e-03,1.000000000000000000e+00,1.000000000000000000e+00,8.379804943875859878e-04,1.299402658724473688e-03,-8.827952646306355677e-03,-9.582810959694171987e-03,3.845265263356677926e-02,4.688312918590639353e-03,1.120281182796956099e-01,1.081453047643216384e-02,8.676257767660989400e-04,1.340771888999687600e-03,-1.214251463688595075e-04,-6.033918582312662159e-04,-3.306798602264353088e-03,-8.668293333217716369e-05
7.150000000000000799e-02,0.000000000000000000e+00,2.267500078612777730e-03,2.771484366628886812e-03,2.176356226227565277e-03,2.793258782185201877e-03,1.000000000000000000e+00,1.000000000000000000e+00,8.334215941323700264e-04,1.294666184810704156e-03,-9.117800510431914307e-03,-9.472947827539037954e-03,3.832508010509125262e-02,3.876431177769533529e-03,1.112009752957550252e-01,6.978486820670575658e-03,8.676458810248469404e-04,1.340771448085780002e-03,2.012161468291158613e-04,5.992974225276950610e-04,-3.306798602264353088e-03,-8.668293333217716369e-05
7.200000000000000844e-02,0.000000000000000000e+00,2.261356155279125452e-03,2.766777347105457870e-03,2.176558864898666887e-03,2.793281784819484463e-03,1.000000000000000000e+00,1.000000000000000000e+00,8.287150758036766459e-04,1.289959165287275430e-03,-9.413036657386783523e-03,-9.414039046857414564e-03,3.973893015887321883e-02,5.220319999807118347e-03,1.166448779461924518e-01,1.291610064046523274e-02,8.523709844614938509e-04,1.327142940253738055e-03,-2.106563931289773262e-03,-2.391564301825921997e-03,-2.733825077860465094e-03,4.236224048202884740e-04
7.249999999999999500e-02,0.000000000000000000e+00,2.255093302425864414e-03,2.762141976463181221e-03,2.176763592506768437e-03,2.793305492092840268e-03,1.000000000000000000e+00,1.000000000000000000e+00,8.239174521773643105e-04,1.285323794644998565e-03,-9.595247252624663700e-03,-9.270741284553926306e-03,4.070207729093344717e-02,6.437133905667118822e-03,1.190822410701471296e-01,1.655619599521424359e-02,8.515880571897186920e-04,1.326216715919556130e-03,-1.027207347969310951e-03,-1.315383656837536015e-03,-2.733825077860465094e-03,4.236224048202884740e-04
7.299999999999999545e-02,0.000000000000000000e+00,2.248761867363406088e-03,2.757615978700882209e-03,2.176970377077061709e-03,2.793329916464883794e-03,1.000000000000000000e+00,1.000000000000000000e+00,8.190672915307991046e-04,1.280797796882699336e-03,-9.700321293130370268e-03,-9.051995524598548809e-03,4.159704384873877392e-02,7.736854550877027628e-03,1.216802970493905955e-01,2.065919968130382200e-02,8.513430993754210431e-04,1.325857395905554164e-03,4.530682888433785159e-05,-1.241913359927159129e-04,-2.733825077860465094e-03,4.236224048202884740e-04
7.349999999999999589e-02,0.000000000000000000e+00,2.242408203846951893e-03,2.753239218022338237e-03,2.177179186116194945e-03,2.793355070427905665e-03,1.000000000000000000e+00,1.000000000000000000e+00,8.142001029005720191e-04,1.276421036204155582e-03,-9.734377260454273387e-03,-8.753521357087575006e-03,4.151615921633151907e-02,7.072975688490503766e-03,1.205841861980835594e-01,1.709976444453207428e-02,8.513941275878663794e-04,1.325913768209314699e-03,1.585845616813051162e-04,3.487618433593282319e-04,-2.733825077860465094e-03,4.236224048202884740e-04
7.399999999999999634e-02,0.000000000000000000e+00,2.236029238295743869e-03,2.748989705734894429e-03,2.177389986630326978e-03,2.793380966504650439e-03,1.000000000000000000e+00,1.000000000000000000e+00,8.093135317872213359e-04,1.272171523916711556e-03,-9.773142226701388852e-03,-8.499024574887884681e-03,4.277906582557081117e-02,9.098046274301607728e-03,1.255374627019276712e-01,2.564062915541837767e-02,8.358856327605295984e-04,1.302782233671768725e-03,-2.011070757917132919e-03,-3.423054295213645223e-03,-2.151290853701645113e-03,1.289472346261974446e-03
7.449999999999999678e-02,0.000000000000000000e+00,2.229689260661658901e-03,2.744929737704903793e-03,2.177602745143170961e-03,2.793407617246086196e-03,1.000000000000000000e+00,1.000000000000000000e+00,8.044568271511323612e-04,1.268111555886721137e-03,-9.713409272177900983e-03,-8.119936059980958909e-03,4.353802182573296431e-02,1.050308002059388048e-02,1.274384417359946120e-01,2.953161506277465417e-02,8.351322380258006071e-04,1.301414130959863700e-03,-1.004430565758102859e-03,-2.051962010513391430e-03,-2.151290853701645113e-03,1.289472346261974446e-03
7.499999999999999722e-02,0.000000000000000000e+00,2.223426560624478833e-03,2.741101484644394189e-03,2.177817427714035491e-03,2.793435035229174107e-03,1.000000000000000000e+00,1.000000000000000000e+00,7.996593205887294817e-04,1.264283302826211750e-03,-9.595013124805701690e-03,-7.656506121018933145e-03,4.422246253605051358e-02,1.197239763689597787e-02,1.295112113907022633e-01,3.423783123311942983e-02,8.348695387008711480e-04,1.300762487133926091e-03,-4.820994992826334053e-05,-5.574849449729712015e-04,-2.151290853701645113e-03,1.289472346261974446e-03
7.549999999999999767e-02,0.000000000000000000e+00,2.217275240603463690e-03,2.737548609835116237e-03,2.178033999955863130e-03,2.793463233054624580e-03,1.000000000000000000e+00,1.000000000000000000e+00,7.949471360687841194e-04,1.260730428016933581e-03,-9.424369039890665573e-03,-7.105749618556342177e-03,4.431026581306485995e-02,1.142732378211671999e-02,1.293580468178622822e-01,3.110351508893205441e-02,8.349613409076146959e-04,1.300842729906480279e-03,4.145185456155744269e-04,8.756755556918692767e-04,-2.151290853701645113e-03,1.289472346261974446e-03
7.599999999999999811e-02,0.000000000000000000e+00,2.211239101878616914e-03,2.734251277679803672e-03,2.178252427053285409e-03,2.793492223344685044e-03,1.000000000000000000e+00,1.000000000000000000e+00,7.903231855407200513e-04,1.257433095861621233e-03,-9.247901056128189981e-03,-6.594664310624788126e-03,4.541529190887997475e-02,1.321139861593007697e-02,1.336678314597531392e-01,3.871736600328375827e-02,8.216960874048164724e-04,1.281384678277825611e-03,-1.555838555401139502e-03,-2.705066227810189444e-03,-1.648727006348168524e-03,2.025139017061010609e-03
7.649999999999999856e-02,0.000000000000000000e+00,2.205372852078437470e-03,2.731262651961328600e-03,2.178472673780663081e-03,2.793522018740898262e-03,1.000000000000000000e+00,1.000000000000000000e+00,7.858293774793446984e-04,1.254444470143145944e-03,-8.987616122750664155e-03,-5.977251436950684234e-03,4.615233673783715462e-02,1.465567209249683638e-02,1.357244028523035828e-01,4.306897030702279416e-02,8.211990989174260038e-04,1.280413772902324818e-03,-4.342701980294386057e-04,-1.181471290885485314e-03,-1.648727006348168524e-03,2.025139017061010609e-03
7.699999999999999900e-02,0.000000000000000000e+00,2.199712107304735344e-03,2.728624622765173004e-03,2.178694704520121178e-03,2.793552631901870600e-03,1.000000000000000000e+00,1.000000000000000000e+00,7.814929954015353451e-04,1.251806440946990348e-03,-8.672764155618741325e-03,-5.276058392310981580e-03,4.675741269064195849e-02,1.618262800911384955e-02,1.376113998354256407e-01,4.806779137885939385e-02,8.212165519089487109e-04,1.280244359676675206e-03,5.022665081738121855e-04,5.005650252524634393e-04,-1.648727006348168524e-03,2.025139017061010609e-03
7.749999999999999944e-02,0.000000000000000000e+00,2.194285434482777693e-03,2.726381137580384528e-03,2.178918483279604010e-03,2.793584075501042048e-03,1.000000000000000000e+00,1.000000000000000000e+00,7.773359228416501943e-04,1.249562955762201655e-03,-8.314145119770219999e-03,-4.486970369577195951e-03,4.720795448404888073e-02,1.687544069791711149e-02,1.390340086336468439e-01,4.979430174322969915e-02,8.213598733720484232e-04,1.280372300277057233e-03,7.184807353448785950e-05,1.213910461814711266e-05,-1.648727006348168524e-03,2.025139017061010609e-03
7.799999999999999989e-02,0.000000000000000000e+00,2.189113299552561051e-03,2.724549516943525033e-03,2.179143973710917156e-03,2.793616362224465334e-03,1.000000000000000000e+00,1.000000000000000000e+00,7.733738376192958062e-04,1.247731335125342594e-03,-7.924170444708698163e-03,-3.663241273717922266e-03,8.194529053512034089e-02,5.074599928979094815e-02,2.737633586379660255e-01,1.810988806712097443e-01,7.634252135829992444e-04,1.235248440586984419e-03,-2.444296038058243331e-02,-1.890388655350138530e-02,1.991834743487426104e-02,1.883262473908303009e-02
7.850000000000000033e-02,0.000000000000000000e+00,2.185933695108777108e-03,2.724183806062850828e-03,2.179371139127765124e-03,2.793649504768557293e-03,1.000000000000000000e+00,1.000000000000000000e+00,7.709381193038187608e-04,1.247365624244667955e-03,-4.871436630954036236e-03,-7.314217613491021466e-04,8.284198853517710237e-02,5.117486613261038736e-02,2.492040932860092872e-01,1.551113886084476146e-01,7.515779381762403800e-04,1.226111394852585522e-03,-2.294858960163262407e-02,-1.764638810510255063e-02,1.991834743487426104e-02,1.883262473908303009e-02
7.900000000000000078e-02,0.000000000000000000e+00,2.184768737896826234e-03,2.725280405200636129e-03,2.179599942523800706e-03,2.793683515837877551e-03,1.000000000000000000e+00,1.000000000000000000e+00,7.700457103051323296e-04,1.248462223382453473e-03,-1.784817997372951329e-03,2.193198275570923221e-03,8.375189138752708873e-02,5.161203095492600257e-02,2.536024158272793816e-01,1.577008723185382710e-01,7.404919311763724686e-04,1.217605840144835505e-03,-2.139802442590743245e-02,-1.637796747842725636e-02,1.991834743487426104e-02,1.883262473908303009e-02
7.950000000000000122e-02,0.000000000000000000e+00,2.185640720658640814e-03,2.727835850045354053e-03,2.179830346590668280e-03,2.793718408142901576e-03,1.000000000000000000e+00,1.000000000000000000e+00,7.707136878543161679e-04,1.251017668227171614e-03,1.335955098367641938e-03,5.110889689436383387e-03,8.467448433364661853e-02,5.205929538379737431e-02,2.580567869078194132e-01,1.603195160227711691e-01,7.301952145684631468e-04,1.209737453418877539e-03,-1.979156618168782106e-02,-1.509776309372363838e-02,1.991834743487426104e-02,1.883262473908303009e-02
8.000000000000000167e-02,0.000000000000000000e+00,2.188572081769063482e-03,2.731846866839687717e-03,2.180062313736046663e-03,2.793754194397782015e-03,1.000000000000000000e+00,1.000000000000000000e+00,7.729592407437304354e-04,1.255028685021505061e-03,4.491105778828505604e-03,8.022033588666913420e-03,7.549981525477778010e-02,4.481849708132418925e-02,2.233041438356171693e-01,1.330688979838740571e-01,7.554301158061409041e-04,1.224221610954856531e-03,-6.513028156493766430e-03,-6.540102783931829936e-03,1.271148893737454079e-02,1.432570854594103493e-02
8.050000000000000211e-02,0.000000000000000000e+00,2.193078884997508651e-03,2.737069763933985475e-03,2.180295806101692838e-03,2.793790887318119143e-03,1.000000000000000000e+00,1.000000000000000000e+00,7.764116523131116927e-04,1.260251582115802602e-03,6.904823138762582191e-03,1.044579418859507836e-02,7.640550911286289604e-02,4.576606506442202488e-02,2.359282871762529432e-01,1.439724985578794414e-01,7.526029147332454232e-04,1.221337059393991318e-03,-4.798991075582204405e-03,-5.000977256314424746e-03,1.271148893737454079e-02,1.432570854594103493e-02
8.100000000000000255e-02,0.000000000000000000e+00,2.199187676229071887e-03,2.743519473869620445e-03,2.180530785581485248e-03,2.793828499618732173e-03,1.000000000000000000e+00,1.000000000000000000e+00,7.810912578902244000e-04,1.266701292051438006e-03,9.359211154225371282e-03,1.289941987127071928e-02,7.724940557911644246e-02,4.682071534554078929e-02,2.397287027045231222e-01,1.483147310320723777e-01,7.506404278867875347e-04,1.219237202402162273e-03,-3.054263406859380157e-03,-3.401471178678853492e-03,1.271148893737454079e-02,1.432570854594103493e-02
8.150000000000000300e-02,0.000000000000000000e+00,2.206921414960468474e-03,2.751213963332135165e-03,2.180767213839472293e-03,2.793867044011429275e-03,1.000000000000000000e+00,1.000000000000000000e+00,7.870156454699448129e-04,1.274395781513952726e-03,1.184877515944082922e-02,1.538897892502940831e-02,7.795497033813184040e-02,4.803623067010433234e-02,2.430632153043179033e-01,1.532057506402932090e-01,7.495526918350254751e-04,1.217957144466050431e-03,-1.300039358095077691e-03,-1.721967049433436973e-03,1.271148893737454079e-02,1.432570854594103493e-02
8.200000000000000344e-02,0.000000000000000000e+00,2.216295678974040690e-03,2.760175876817039242e-03,2.181005052327908682e-03,2.793906533202770645e-03,1.000000000000000000e+00,1.000000000000000000e+00,7.941967483258720231e-04,1.283357694998856586e-03,1.436220571185438041e-02,1.792382696980790793e-02,7.187643656857256591e-02,3.900150670778394779e-02,2.201812858166840026e-01,1.181704759071998956e-01,7.841295017055545423e-04,1.256978563301246535e-03,9.638484582859358982e-03,1.056594199572299247e-02,8.196634108903613075e-03,9.210820432426616855e-03
8.250000000000000389e-02,0.000000000000000000e+00,2.226985790623496261e-03,2.770107079875868024e-03,2.181244262305303931e-03,2.793946979891841556e-03,1.000000000000000000e+00,1.000000000000000000e+00,8.023858489512588699e-04,1.293288898057685585e-03,1.637820125077378564e-02,1.986240611765789990e-02,7.095536742723837498e-02,3.777865989178757350e-02,2.228578172482540143e-01,1.219676639266907003e-01,7.889243159730832938e-04,1.262166184215378090e-03,9.540780636966761027e-03,1.018508371562880724e-02,8.196634108903613075e-03,9.210820432426616855e-03
8.300000000000000433e-02,0.000000000000000000e+00,2.238929091156447587e-03,2.780956955615638930e-03,2.181484804854467822e-03,2.793988396768024539e-03,1.000000000000000000e+00,1.000000000000000000e+00,8.115349479570261758e-04,1.304138773797456057e-03,1.829819801153464293e-02,2.169975147954098654e-02,7.001624517539410675e-02,3.655557772611086470e-02,2.210108165992565599e-01,1.190517107381031670e-01,7.936491709421838060e-04,1.267148401698842217e-03,9.358813334284041968e-03,9.744451875797780979e-03,8.196634108903613075e-03,9.210820432426616855e-03
8.350000000000000477e-02,0.000000000000000000e+00,2.252062603859954215e-03,2.792675364204175170e-03,2.181726640900553266e-03,2.794030796508764191e-03,1.000000000000000000e+00,1.000000000000000000e+00,8.215958023821798469e-04,1.315857182385992297e-03,2.012170885030742720e-02,2.343681717707259485e-02,6.905789067491459321e-02,3.533361831846958123e-02,2.190535814024274497e-01,1.160971916176804786e-01,7.982620784196541204e-04,1.271895367781261492e-03,9.093157089138789381e-03,9.244202539721319695e-03,8.196634108903613075e-03,9.210820432426616855e-03
8.400000000000000522e-02,0.000000000000000000e+00,2.266322985821856741e-03,2.805212685455099435e-03,2.181969731229091783e-03,2.794074191777330685e-03,1.000000000000000000e+00,1.000000000000000000e+00,8.325198887408493493e-04,1.328394503636916996e-03,2.184817271733909341e-02,2.507464250184936183e-02,6.642474003967280272e-02,2.928543897726949841e-02,2.105571741671656838e-01,9.435563487419042217e-02,8.217113255622556824e-04,1.311317170965658509e-03,1.295609397843872253e-02,1.643454604576815442e-02,6.471575943018937488e-03,6.036891157830040662e-03
8.450000000000000566e-02,0.000000000000000000e+00,2.281563594407755129e-03,2.818368939477742478e-03,2.182214036504051546e-03,2.794118595220601922e-03,1.000000000000000000e+00,1.000000000000000000e+00,8.441948722578283999e-04,1.341550757659559822e-03,2.334996703395808906e-02,2.631250804528546816e-02,6.568922098718837921e-02,2.793502935584254998e-02,2.107415823688462142e-01,9.480656189606355422e-02,8.281312643616887525e-04,1.319365770733959588e-03,1.272386865517810897e-02,1.576085447116530938e-02,6.471575943018937488e-03,6.036891157830040662e-03
8.500000000000000611e-02,0.000000000000000000e+00,2.297734453731069271e-03,2.832093230680246543e-03,2.182459517285874166e-03,2.794164019466824876e-03,1.000000000000000000e+00,1.000000000000000000e+00,8.565824691829118610e-04,1.355275048862064104e-03,2.477519385016690306e-02,2.744858240500839749e-02,6.493614305953282484e-02,2.658027020098095716e-02,2.091974297408308037e-01,9.118651986195225323e-02,8.344180642155756391e-04,1.327060621290861988e-03,1.242367494953820414e-02,1.501969332378216837e-02,6.471575943018937488e-03,6.036891157830040662e-03
8.550000000000000655e-02,0.000000000000000000e+00,2.314785183843206910e-03,2.846335054935427919e-03,2.182706134049515814e-03,2.794210477123380398e-03,1.000000000000000000e+00,1.000000000000000000e+00,8.696440862364364323e-04,1.369516873117245263e-03,2.612323410704906965e-02,2.848364851036239501e-02,6.416414610843688970e-02,2.522221143069507121e-02,2.075540291166932394e-01,8.751393567056289791e-02,8.405375530904940105e-04,1.334368246460572276e-03,1.205476423480127471e-02,1.421209630778937083e-02,6.471575943018937488e-03,6.036891157830040662e-03
8.600000000000000699e-02,0.000000000000000000e+00,2.332664942999217693e-03,2.861044333569878403e-03,2.182953847202493552e-03,2.794257980774557566e-03,1.000000000000000000e+00,1.000000000000000000e+00,8.833407763822038973e-04,1.384226151751695747e-03,2.739338029153497514e-02,2.941855726890092032e-02,6.190803496589115246e-02,2.244288259410329167e-02,2.001218476177453187e-01,7.828136341312665059e-02,8.685238595233827578e-04,1.358662230235680411e-03,1.584836943589462005e-02,1.667743303158009463e-02,4.955876269873734155e-03,4.841398501302058253e-03
8.650000000000000744e-02,0.000000000000000000e+00,2.351249031441196135e-03,2.876127095328799999e-03,2.183202617102935131e-03,2.794306542979329774e-03,1.000000000000000000e+00,1.000000000000000000e+00,8.975770140636133267e-04,1.399308913510617343e-03,2.847247536281892477e-02,3.016552351784319852e-02,6.110834170330818604e-02,2.112988166760631017e-02,1.995119337014559513e-01,7.587596416588508752e-02,8.763221637386548130e-04,1.366787518382996634e-03,1.534552722384149859e-02,1.582506437724654977e-02,4.955876269873734155e-03,4.841398501302058253e-03
8.700000000000000788e-02,0.000000000000000000e+00,2.370487087158937300e-03,2.891536249485162236e-03,2.183452404077610570e-03,2.794356176269103924e-03,1.000000000000000000e+00,1.000000000000000000e+00,9.123142197426021595e-04,1.414718067666979580e-03,2.947441135797772629e-02,3.081830831272463697e-02,6.028978783238501254e-02,1.981426979701139679e-02,1.975447376884809370e-01,7.216817433982010421e-02,8.838521433607315642e-04,1.374470732075984501e-03,1.477521196520104572e-02,1.490927482945705526e-02,4.955876269873734155e-03,4.841398501302058253e-03
8.750000000000000833e-02,0.000000000000000000e+00,2.390328314675083023e-03,2.907225134269498558e-03,2.183703168439987165e-03,2.794406893145510822e-03,1.000000000000000000e+00,1.000000000000000000e+00,9.275134818260050195e-04,1.430406952451316119e-03,3.039852416680572517e-02,3.137776956867294187e-02,5.945018877123856016e-02,1.849799714477681420e-02,1.954708114048072376e-01,6.841991148955112179e-02,8.910797412003175098e-04,1.381680551039752821e-03,1.413614476149926795e-02,1.393162323814358186e-02,4.955876269873734155e-03,4.841398501302058253e-03
8.799999999999999489e-02,0.000000000000000000e+00,2.410721386395078044e-03,2.923147578124634174e-03,2.183954870508270606e-03,2.794458706078161749e-03,1.000000000000000000e+00,1.000000000000000000e+00,9.431354810952340736e-04,1.446329396306451735e-03,3.124399853845811689e-02,3.184488771027135096e-02,5.910230411330680278e-02,1.522696641451259242e-02,1.952829732973995203e-01,5.704088234452749095e-02,9.062611758131457283e-04,1.413224195106262777e-03,1.483774615904789873e-02,1.712094212519609318e-02,4.499784750156836551e-03,3.475064733475741879e-03
8.849999999999999534e-02,0.000000000000000000e+00,2.431640144244636738e-03,2.939196823792524903e-03,2.184207470623444804e-03,2.794511627502419340e-03,1.000000000000000000e+00,1.000000000000000000e+00,9.591601793028400706e-04,1.462378641974342247e-03,3.204939641521200450e-02,3.209849133578092373e-02,5.921086090471765900e-02,1.377196456891552172e-02,1.964268772484071557e-01,5.429156581480536203e-02,9.135301345394779369e-04,1.421492845202422268e-03,1.423897445940012357e-02,1.595560419179246209e-02,4.499784750156836551e-03,3.475064733475741879e-03
8.899999999999999578e-02,0.000000000000000000e+00,2.453081542765691951e-03,2.955324101112529432e-03,2.184460929167315619e-03,2.794565669817164564e-03,1.000000000000000000e+00,1.000000000000000000e+00,9.755852434925936598e-04,1.478505919294346993e-03,3.285012837950721659e-02,3.225455464000964029e-02,5.928189880309499282e-02,1.228904556532721230e-02,1.970329605360058300e-01,4.984160757178422024e-02,9.204991623175588864e-04,1.429162568050784893e-03,1.363803789611721905e-02,1.472538151370028636e-02,4.499784750156836551e-03,3.475064733475741879e-03
8.949999999999999623e-02,0.000000000000000000e+00,2.475040632935608838e-03,2.971480325619563732e-03,2.184715206580566723e-03,2.794620845382579308e-03,1.000000000000000000e+00,1.000000000000000000e+00,9.924068824932073471e-04,1.494662143801380860e-03,3.364327800122743350e-02,3.231244901406771231e-02,5.901677318139911949e-02,1.168747479578715817e-02,1.963615230498770570e-01,4.879611878146481591e-02,9.271654843530720584e-04,1.436201733987448742e-03,1.302818021759546974e-02,1.343351982979470831e-02,4.499784750156836551e-03,3.475064733475741879e-03
8.999999999999999667e-02,0.000000000000000000e+00,2.497495622548336416e-03,2.987644526916990746e-03,2.184970263380786419e-03,2.794677166517893843e-03,1.000000000000000000e+00,1.000000000000000000e+00,1.009608402506331380e-03,1.510826345098808090e-03,3.440304002624804125e-02,3.232840259485438017e-02,5.771480156148969809e-02,9.735467035463921115e-03,1.919326653535646243e-01,4.173558193715438958e-02,9.582370145789497222e-04,1.470583282823596707e-03,1.619639420568035754e-02,1.646210852281598108e-02,3.355001238085216289e-03,2.178904752767865140e-03
9.049999999999999711e-02,0.000000000000000000e+00,2.520372969830986676e-03,3.003753769543112892e-03,2.185226060180520038e-03,2.794734645499168113e-03,1.000000000000000000e+00,1.000000000000000000e+00,1.027133467265508790e-03,1.526935587724930453e-03,3.505012951835486529e-02,3.221848525224460524e-02,5.737639252677025764e-02,9.514636533432388465e-03,1.920715693296944360e-01,4.249703073515081336e-02,9.661765310711575502e-04,1.478498135866511583e-03,1.556260000859434854e-02,1.519945155449571768e-02,3.355001238085216289e-03,2.178904752767865140e-03
9.099999999999999756e-02,0.000000000000000000e+00,2.543648215454784138e-03,3.019799964140918239e-03,2.185482557705318001e-03,2.794793294557065648e-03,1.000000000000000000e+00,1.000000000000000000e+00,1.044963339837848282e-03,1.542981782322735366e-03,3.565974514467896983e-02,3.209238919560996467e-02,5.702984859020866770e-02,9.304562176643455668e-03,1.913365349963068729e-01,4.181545742750738398e-02,9.737889803346851288e-04,1.485786557011369762e-03,1.488821631299232749e-02,1.395636667341931293e-02,3.355001238085216289e-03,2.178904752767865140e-03
9.149999999999999800e-02,0.000000000000000000e+00,2.567296731826648488e-03,3.035775458747642409e-03,2.185739716811772176e-03,2.794853125874612303e-03,1.000000000000000000e+00,1.000000000000000000e+00,1.063079154392523049e-03,1.558957276929459753e-03,3.623162910934934339e-02,3.195098921344876469e-02,5.667493363805794354e-02,9.106261927040228479e-03,1.905560088202940816e-01,4.116384690275635971e-02,9.810540153681979007e-04,1.492458723919951437e-03,1.417303528227984583e-02,1.273441693841156214e-02,3.355001238085216289e-03,2.178904752767865140e-03
9.199999999999999845e-02,0.000000000000000000e+00,2.591293716008366034e-03,3.051673066392783171e-03,2.185997498505562638e-03,2.794914151584967574e-03,1.000000000000000000e+00,1.000000000000000000e+00,1.081461910776541566e-03,1.574854884574600515e-03,3.676551276803695367e-02,3.179521529028147414e-02,5.471388968925692403e-02,7.790651396397468668e-03,1.835249012081419662e-01,3.615674988094581127e-02,1.031034289239539554e-03,1.526548196417510045e-03,1.958092444071135932e-02,1.554464934300489251e-02,1.594150761113643155e-03,1.033594306065405534e-03
9.249999999999999889e-02,0.000000000000000000e+00,2.615534145723131566e-03,3.067450770894538953e-03,2.186255863959500091e-03,2.794976383769196774e-03,1.000000000000000000e+00,1.000000000000000000e+00,1.100031157258353921e-03,1.590632589076356298e-03,3.713849296362461277e-02,3.155540900351161415e-02,5.440470895354326125e-02,7.618699515931637301e-03,1.841951846486764022e-01,3.650889826785883030e-02,1.040628864562588443e-03,1.534047972046997119e-03,1.879853053549268918e-02,1.445627900135866908e-02,1.594150761113643155e-03,1.033594306065405534e-03
9.299999999999999933e-02,0.000000000000000000e+00,2.639996951839519018e-03,3.083102803356082069e-03,2.186514774531576107e-03,2.795039834454039317e-03,1.000000000000000000e+00,1.000000000000000000e+00,1.118770753946909729e-03,1.606284621537899414e-03,3.747919337711148186e-02,3.130406492308605848e-02,5.408998925339005004e-02,7.454570104002717669e-03,1.834167795771825538e-01,3.591016839196964350e-02,1.049824624754263280e-03,1.541008025730767087e-03,1.798573789907092005e-02,1.338574738537267814e-02,1.594150761113643155e-03,1.033594306065405534e-03
9.349999999999999978e-02,0.000000000000000000e+00,2.664661007498552586e-03,3.098623720700283309e-03,2.186774191782996438e-03,2.795104515609674392e-03,1.000000000000000000e+00,1.000000000000000000e+00,1.137664516729289385e-03,1.621805538882100653e-03,3.778752556475915847e-02,3.104183468840239143e-02,5.376963251177754172e-02,7.298842898468854701e-03,1.826041168735887121e-01,3.533271029489855330e-02,1.058606374753693919e-03,1.547437522464271313e-03,1.714256429018717540e-02,1.233403477939946404e-02,1.594150761113643155e-03,1.033594306065405534e-03
9.400000000000000022e-02,0.000000000000000000e+00,2.689505126266420517e-03,3.114008420617951634e-03,2.187034077496234283e-03,2.795170439147493576e-03,1.000000000000000000e+00,1.000000000000000000e+00,1.156696215855602516e-03,1.637190238799768978e-03,3.806339825262645277e-02,3.076939983533655276e-02,5.263262339046357458e-02,5.658624674924827951e-03,1.786075239667891390e-01,2.897843199725557567e-02,1.098485309416251474e-03,1.582609530563601312e-03,2.053778681129507511e-02,1.526456551977518027e-02,4.044485823649023558e-04,-7.070994319120478891e-05
9.450000000000000067e-02,0.000000000000000000e+00,2.714467432767097687e-03,3.129205477701797744e-03,2.187294393693069681e-03,2.795237616917869115e-03,1.000000000000000000e+00,1.000000000000000000e+00,1.175818452037879049e-03,1.652387295883615305e-03,3.824447236455322252e-02,3.039411416769254026e-02,5.234732954501717522e-02,5.509923005458407935e-03,1.785657844614114420e-01,2.963971543045038765e-02,1.108547988055481491e-03,1.589982830345436056e-03,1.971414368017025687e-02,1.423035924430750623e-02,4.044485823649023558e-04,-7.070994319120478891e-05
9.500000000000000111e-02,0.000000000000000000e+00,2.739529429265211580e-03,3.144210703241996467e-03,2.187555102652633671e-03,2.795306060707921335e-03,1.000000000000000000e+00,1.000000000000000000e+00,1.195017055188726460e-03,1.667392521423813811e-03,3.839720630169467935e-02,3.001045108039686674e-02,5.205710359018575484e-02,5.368090699492421292e-03,1.777628483207626675e-01,2.905082575390775107e-02,1.118192236310230556e-03,1.596843368550898267e-03,1.886413218769596514e-02,1.321350496394661095e-02,4.044485823649023558e-04,-7.070994319120478891e-05
9.550000000000000155e-02,0.000000000000000000e+00,2.764672574710981198e-03,3.159020193685429471e-03,2.187816166929453313e-03,2.795375782239287350e-03,1.000000000000000000e+00,1.000000000000000000e+00,1.214277822039990483e-03,1.682202011867246815e-03,3.852153370252821285e-02,2.961898088686587896e-02,5.176187530203893439e-02,5.233591450630264118e-03,1.769296936604715931e-01,2.848119347690400427e-02,1.127404877632502299e-03,1.603200026682291947e-03,1.798778330251749741e-02,1.221482277272590601e-02,4.044485823649023558e-04,-7.070994319120478891e-05
9.600000000000000200e-02,0.000000000000000000e+00,2.789878283827641921e-03,3.173630342255241710e-03,2.188077549371495421e-03,2.795446793165893250e-03,1.000000000000000000e+00,1.000000000000000000e+00,1.233586515443681718e-03,1.696812160437059054e-03,3.861738680738246304e-02,2.922029713962451258e-02,5.065733282181687780e-02,3.212661015714499482e-03,1.729426705875684589e-01,2.057594097165261343e-02,1.171912767113686806e-03,1.645871929924268805e-03,2.175926094867086658e-02,1.604925230063590849e-02,-8.914168166175629772e-04,-1.405364203628632494e-03
9.650000000000000244e-02,0.000000000000000000e+00,2.815087633119929718e-03,3.187978646175073250e-03,2.188339213138210289e-03,2.795519105071721071e-03,1.000000000000000000e+00,1.000000000000000000e+00,1.252897997383684318e-03,1.711160464356890594e-03,3.862296388000508590e-02,2.869660783966314355e-02,5.040339603686047609e-02,3.080540884158951449e-03,1.729023157192774440e-01,2.156279646186854554e-02,1.182586847947228502e-03,1.653643018270708510e-03,2.093825011337754199e-02,1.503676958916943564e-02,-8.914168166175629772e-04,-1.405364203628632494e-03
9.700000000000000289e-02,0.000000000000000000e+00,2.840284999804734874e-03,3.202062394028963414e-03,2.188601121718573676e-03,2.795592729468576211e-03,1.000000000000000000e+00,1.000000000000000000e+00,1.272200300113810779e-03,1.725244212210780542e-03,3.860460546025308581e-02,2.816749570777984588e-02,5.014493532980217327e-02,2.954256291313584089e-03,1.721056227958198681e-01,2.095758058491546671e-02,1.192844645734911051e-03,1.660912029032818316e-03,2.009418916768070107e-02,1.404092868555777487e-02,-8.914168166175629772e-04,-1.405364203628632494e-03
9.750000000000000333e-02,0.000000000000000000e+00,2.865454717465901711e-03,3.215879118312488325e-03,2.188863238949134010e-03,2.795667677793858309e-03,1.000000000000000000e+00,1.000000000000000000e+00,1.291481422463021085e-03,1.739060936494305669e-03,3.856224469842078895e-02,2.763344856705014438e-02,4.988190667503402537e-02,2.834148627389579400e-03,1.712823757621711740e-01,2.036924983579447776e-02,1.202674643702176561e-03,1.667687449791553774e-03,1.922711160447278245e-02,1.306239468820776309e-02,-8.914168166175629772e-04,-1.405364203628632494e-03
9.800000000000000377e-02,0.000000000000000000e+00,2.890581076132007089e-03,3.229426603546503224e-03,2.189125529032053506e-03,2.795743961408329956e-03,1.000000000000000000e+00,1.000000000000000000e+00,1.310729329895005471e-03,1.752608421728320785e-03,3.849581486396871227e-02,2.709497046803032577e-02,-2.022715525029041006e-02,-6.579555638032992537e-02,-1.008079510969226711e-01,-2.462942647602968660e-01,1.335146572869166329e-03,1.768323672952972674e-03,7.040985127796244025e-02,5.201728805401899941e-02,-4.597619826789537539e-02,-3.596423994354133735e-02
9.850000000000000422e-02,0.000000000000000000e+00,2.912149216031346619e-03,3.240561418283847105e-03,2.189387956553155365e-03,2.795821591593886275e-03,1.000000000000000000e+00,1.000000000000000000e+00,1.327251483613307382e-03,1.763743236465664449e-03,3.304430743660372732e-02,2.226962947468724002e-02,-1.949171938637049226e-02,-6.536015838201419959e-02,-4.098138636176171939e-02,-1.880921036566894078e-01,1.370272488025283449e-03,1.794143805042889336e-03,7.009309578232478244e-02,5.126372494105492506e-02,-4.597619826789537539e-02,-3.596423994354133735e-02
9.900000000000000466e-02,0.000000000000000000e+00,2.930234912450659177e-03,3.249323962850238050e-03,2.189650486499964029e-03,2.795900579551321465e-03,1.000000000000000000e+00,1.000000000000000000e+00,1.341105930855258314e-03,1.772505781032055611e-03,2.770889448390197532e-02,1.752508913278217478e-02,-1.875891212067959390e-02,-6.492392502048738301e-02,-4.158085782715517653e-02,-1.888100867894436097e-01,1.405251988697127363e-03,1.819596068101318352e-03,6.982410630403054763e-02,5.054575684738930874e-02,-4.597619826789537539e-02,-3.596423994354133735e-02
9.950000000000000511e-02,0.000000000000000000e+00,2.944913322685907900e-03,3.255754462858736608e-03,2.189913084279750208e-03,2.795980936398101413e-03,1.000000000000000000e+00,1.000000000000000000e+00,1.352350245449791344e-03,1.778936281040553952e-03,2.248862918906617894e-02,1.286100001699664805e-02,-1.802869891752089532e-02,-6.448688225347397329e-02,-4.212735029962988431e-02,-1.894910399430007053e-01,1.440108769330046556e-03,1.844698215097699719e-03,6.960212915499629227e-02,4.986320528719242334e-02,-4.597619826789537539e-02,-3.596423994354133735e-02
1.000000000000000056e-01,0.000000000000000000e+00,2.956258986437745526e-03,3.259892965869512754e-03,2.190175715737575912e-03,2.796062673166129376e-03,1.000000000000000000e+00,1.000000000000000000e+00,1.361041528120383046e-03,1.783074784051330098e-03,1.738256534118348684e-02,8.277006021552398701e-03,-4.968310760578662638e-04,-4.846311832247761353e-02,2.264060105013663421e-02,-1.296047069511514493e-01,1.417815503949611212e-03,1.828563468493088788e-03,5.030286611393032514e-02,3.550457457898344854e-02,-3.410564658158423551e-02,-2.745323700433918712e-02
1.005000000000000060e-01,0.000000000000000000e+00,2.965187729701771868e-03,3.262266477681375568e-03,2.190438347174338170e-03,2.796145800799516423e-03,1.000000000000000000e+00,1.000000000000000000e+00,1.367881342281826408e-03,1.785448295863192912e-03,1.367962832288660037e-02,4.747023623725553365e-03,-3.763351999108592637e-05,-4.817569006332740600e-02,7.502185938815412319e-03,-1.436854234711374967e-01,1.442884562011274071e-03,1.846139916372811730e-03,4.997305792001383723e-02,3.480191446041461245e-02,-3.410564658158423551e-02,-2.745323700433918712e-02
1.010000000000000064e-01,0.000000000000000000e+00,2.971749650067941843e-03,3.262904235948128721e-03,2.190700945364811025e-03,2.796230330152351014e-03,1.000000000000000000e+00,1.000000000000000000e+00,1.372908064914520098e-03,1.786086054129946282e-03,1.005344526538747528e-02,1.275516533506563990e-03,4.189204473265679659e-04,-4.788704286533710525e-02,6.968299121325162437e-03,-1.443027721288161203e-01,1.467795726381108511e-03,1.863372425758869641e-03,4.967124306279160212e-02,3.412877638863845431e-02,-3.410564658158423551e-02,-2.745323700433918712e-02
1.015000000000000069e-01,0.000000000000000000e+00,2.975994398482029527e-03,3.261835373234888997e-03,2.190963477575692299e-03,2.796316271986465547e-03,1.000000000000000000e+00,1.000000000000000000e+00,1.376159730849569945e-03,1.785017191416706341e-03,6.503331870099843953e-03,-2.137725426479813312e-03,8.728934271404735100e-04,-4.759724843915683068e-02,6.466817768600627292e-03,-1.448916478309367484e-01,1.492562882604386290e-03,1.880275718503512375e-03,4.939697738598698706e-02,3.348500342686078907e-02,-3.410564658158423551e-02,-2.745323700433918712e-02
1.020000000000000073e-01,0.000000000000000000e+00,2.977971181946500664e-03,3.259088912695904793e-03,2.191225911583644277e-03,2.796403636969208104e-03,1.000000000000000000e+00,1.000000000000000000e+00,1.377674034837777801e-03,1.782270730877722137e-03,3.028607976415806282e-03,-5.492921077968381319e-03,1.517034729595821349e-02,-2.901522765671468024e-02,5.977073044311920214e-02,-7.441574512085188942e-02,1.431732748722945635e-03,1.818458002876598492e-03,2.635436861770041120e-02,1.195810619297168857e-02,-2.295938176970315284e-02,-1.722777771066915167e-02
1.025000000000000078e-01,0.000000000000000000e+00,2.978422460938465882e-03,3.255265455013001043e-03,2.191488215693340909e-03,2.796492435671211595e-03,1.000000000000000000e+00,1.000000000000000000e+00,1.378019734601869210e-03,1.778447273194818387e-03,6.913995281828911807e-04,-7.646915365807286161e-03,1.527441810303835704e-02,-2.871178343838139482e-02,4.673545631754652541e-02,-9.002637259737691910e-02,1.444758477026849642e-03,1.824321975904323557e-03,2.574922510726442015e-02,1.149845511240404905e-02,-2.295938176970315284e-02,-1.722777771066915167e-02
1.030000000000000082e-01,0.000000000000000000e+00,2.977371136743189178e-03,3.250387441052435440e-03,2.191750358755508929e-03,2.796582678564158569e-03,1.000000000000000000e+00,1.000000000000000000e+00,1.377214373544160533e-03,1.773569259234253001e-03,-1.610722115417229788e-03,-9.756027921130864741e-03,1.543928251628425528e-02,-2.854556452205727485e-02,4.607114128936461162e-02,-9.054693861134958943e-02,1.457483757474811693e-03,1.829963823943156747e-03,2.515257209358738935e-02,1.106955503659729639e-02,-2.295938176970315284e-02,-1.722777771066915167e-02
1.035000000000000087e-01,0.000000000000000000e+00,2.974843060509352322e-03,3.244472881311007226e-03,2.192012310184974621e-03,2.796674376018555563e-03,1.000000000000000000e+00,1.000000000000000000e+00,1.375277754793448933e-03,1.767654699492824570e-03,-3.873237501423009745e-03,-1.182911948285681435e-02,1.560254912370067845e-02,-2.837944214568556556e-02,4.536963991561020898e-02,-9.093524421737628205e-02,1.469914085776534646e-03,1.835396523166358098e-03,2.456940153991208839e-02,1.066182672314398491e-02,-2.295938176970315284e-02,-1.722777771066915167e-02
1.040000000000000091e-01,0.000000000000000000e+00,2.970863870162116210e-03,3.237539691359135087e-03,2.192274039978703640e-03,2.796767538301497477e-03,1.000000000000000000e+00,1.000000000000000000e+00,1.372229518139835925e-03,1.760721509540952431e-03,-6.096473307226162736e-03,-1.386637990374443505e-02,2.291258404893647266e-02,-1.987658826641966470e-02,7.244586666868242653e-02,-5.893102412576869953e-02,1.413380959876532963e-03,1.790281077730893023e-03,8.698549305545890536e-03,-9.432964313685304573e-04,-1.668357096708315140e-02,-1.262664791701208905e-02
1.044999999999999957e-01,0.000000000000000000e+00,2.965817128350813851e-03,3.229866259056726231e-03,2.192535518733849075e-03,2.796862175574439755e-03,1.000000000000000000e+00,1.000000000000000000e+00,1.368363489619431632e-03,1.753048077238543792e-03,-7.732057040808739713e-03,-1.534686460481714081e-02,2.273798563252294944e-02,-1.842789124050195695e-02,6.466374654698700541e-02,-6.120003768648012155e-02,1.417521706104818207e-03,1.789897723765801344e-03,7.865892803815825729e-03,-5.907880985152173282e-04,-1.668357096708315140e-02,-1.262664791701208905e-02
1.049999999999999961e-01,0.000000000000000000e+00,2.959707073115786652e-03,3.221507340952859018e-03,2.192796717665792573e-03,2.796958297890967532e-03,1.000000000000000000e+00,1.000000000000000000e+00,1.363682915759488815e-03,1.744689159134676579e-03,-9.361147719885457019e-03,-1.671783620773438159e-02,2.250939889873286581e-02,-1.711692397512978858e-02,6.306471766977514437e-02,-5.793499473551273760e-02,1.421243878648223826e-03,1.789700259590376293e-03,7.024287726440550661e-03,-1.998188344066130755e-04,-1.668357096708315140e-02,-1.262664791701208905e-02
1.054999999999999966e-01,0.000000000000000000e+00,2.952535308913688088e-03,3.212512829854219463e-03,2.193057608626190237e-03,2.797055915194559574e-03,1.000000000000000000e+00,1.000000000000000000e+00,1.358189025645111566e-03,1.735694648036036807e-03,-1.098778022875463237e-02,-1.798902219727964436e-02,2.249577304055618704e-02,-1.734504738991822503e-02,6.234790966231523734e-02,-6.048676799142083810e-02,1.424542243654312000e-03,1.789700745871344693e-03,6.170701889085068378e-03,2.009871828709693629e-04,-1.668357096708315140e-02,-1.262664791701208905e-02
1.059999999999999970e-01,0.000000000000000000e+00,2.944314311610073641e-03,3.202884006090299732e-03,2.193318164121014179e-03,2.797155037316365229e-03,1.000000000000000000e+00,1.000000000000000000e+00,1.351891376343781689e-03,1.726065824272117293e-03,-1.259529860265963183e-02,-1.925764752783910502e-02,2.670864040127202826e-02,-1.318661671594436452e-02,7.787195630198860685e-02,-4.468769324492696815e-02,1.380727033096602711e-03,1.756521149590715720e-03,-3.667184654428054698e-03,-5.929336813031523511e-03,-1.345891677563327941e-02,-1.032301218004027903e-02
1.064999999999999974e-01,0.000000000000000000e+00,2.935268281359860315e-03,3.192759309071047276e-03,2.193578357328599283e-03,2.797255673972965772e-03,1.000000000000000000e+00,1.000000000000000000e+00,1.344961715138319859e-03,1.715941127252864403e-03,-1.385932241092366173e-02,-2.024939403850567129e-02,2.808921980655975509e-02,-1.198250483810831164e-02,7.896976859778225000e-02,-4.398773919041169822e-02,1.379228772463658064e-03,1.753950746137695462e-03,-2.328395813032973008e-03,-4.355230460106239432e-03,-1.345891677563327941e-02,-1.032301218004027903e-02
1.069999999999999979e-01,0.000000000000000000e+00,2.925477005175495995e-03,3.182183287223544314e-03,2.193838162117684766e-03,2.797357834764149179e-03,1.000000000000000000e+00,1.000000000000000000e+00,1.337461162426244188e-03,1.705365105405361442e-03,-1.500110542415129117e-02,-2.115204369500591972e-02,2.941079208466958542e-02,-1.066981113160000647e-02,8.232078452608303232e-02,-4.030578758305940201e-02,1.378402752153806829e-03,1.752193078289817751e-03,-9.782707359589498664e-04,-2.678623750700818117e-03,-1.345891677563327941e-02,-1.032301218004027903e-02
1.074999999999999983e-01,0.000000000000000000e+00,2.915016470503298089e-03,3.171203415870193359e-03,2.194097553065458769e-03,2.797461529170674945e-03,1.000000000000000000e+00,1.000000000000000000e+00,1.329447927968553872e-03,1.694385234052010487e-03,-1.602646891538082180e-02,-2.195974270670179862e-02,3.080220200490341176e-02,-9.556472555197939589e-03,8.605487937047599789e-02,-3.744992018368011044e-02,1.378226694720852000e-03,1.751310158995136998e-03,2.716253744906559357e-04,-8.565512156085631134e-04,-1.345891677563327941e-02,-1.032301218004027903e-02
1.079999999999999988e-01,0.000000000000000000e+00,2.903965356006852142e-03,3.159860433221501654e-03,2.194356505475601217e-03,2.797566766552044525e-03,0.000000000000000000e+00,1.000000000000000000e+00,1.320982283118279530e-03,1.683042251403319214e-03,-1.693128970054881902e-02,-2.268596529738258274e-02,2.104210537436072836e-02,-9.993711622886161661e-03,4.648435165988602097e-02,-4.041074755412960018e-02,1.356731476685606478e-03,1.722325740911761008e-03,-3.009741140786094393e-03,-3.995894356109953860e-03,-1.225742211790741346e-02,-8.719615257143426348e-03
1.084999999999999992e-01,0.000000000000000000e+00,2.891842793796385765e-03,3.148146181541896203e-03,2.194614995396332313e-03,2.797673556144272648e-03,0.000000000000000000e+00,1.000000000000000000e+00,1.311695861700587712e-03,1.671327999723713764e-03,-1.857284283538353925e-02,-2.342850335921110166e-02,2.214649515115237749e-02,-9.346536345863819262e-03,5.823832888669085162e-02,-3.784342812794817129e-02,1.355219179592074023e-03,1.720402195700156166e-03,-3.039332734465570451e-03,-3.698789583541648666e-03,-1.225742211790741346e-02,-8.719615257143426348e-03
1.089999999999999997e-01,0.000000000000000000e+00,2.878717947662665609e-03,3.136086533490881414e-03,2.194872999638449763e-03,2.797781907057652999e-03,0.000000000000000000e+00,1.000000000000000000e+00,1.301641646253059613e-03,1.659268351672698759e-03,-2.010843089505606404e-02,-2.411929610202984825e-02,2.327451328693131219e-02,-8.733291606452546832e-03,6.086544980943581207e-02,-3.631135079171165375e-02,1.353713368860701193e-03,1.718636522933364962e-03,-2.983960595918886197e-03,-3.364482640302776315e-03,-1.225742211790741346e-02,-8.719615257143426348e-03
1.095000000000000001e-01,0.000000000000000000e+00,2.864660474595437378e-03,3.123706039540068667e-03,2.195130495793376837e-03,2.797891828274527357e-03,0.000000000000000000e+00,1.000000000000000000e+00,1.290872997125615132e-03,1.646887857721886228e-03,-2.153729825488914437e-02,-2.476098790162500202e-02,2.442575373532943767e-02,-8.156722149590740767e-03,6.361894695473317707e-02,-3.487162581050633203e-02,1.352256730824588594e-03,1.717046678508500320e-03,-2.842810049172381746e-03,-2.995549964743302734e-03,-1.225742211790741346e-02,-8.719615257143426348e-03
1.100000000000000006e-01,0.000000000000000000e+00,2.849740490808178733e-03,3.111027854776922136e-03,2.195387462251205662e-03,2.798003328647056046e-03,0.000000000000000000e+00,1.000000000000000000e+00,1.279443626453960221e-03,1.634209672958739481e-03,-2.285874134330974361e-02,-2.535636952629359564e-02,2.718167911774817605e-02,-6.001309971594181655e-03,7.264140214612339885e-02,-2.724898715097514440e-02,1.312471851819069441e-03,1.685868702418940809e-03,-8.565767903310280915e-03,-7.207196714069297530e-03,-1.047207499796813310e-02,-7.335752466794071350e-03
1.105000000000000010e-01,0.000000000000000000e+00,2.834107790883933203e-03,3.098124245633136938e-03,2.195643878218740512e-03,2.798116416894987947e-03,0.000000000000000000e+00,1.000000000000000000e+00,1.267468283546045477e-03,1.621306063814954498e-03,-2.395068581582961154e-02,-2.580721828756990174e-02,2.835288377559031306e-02,-5.636366550786732488e-03,7.426068276821551351e-02,-2.786555715013511528e-02,1.308252918438160793e-03,1.682362952679624171e-03,-8.310301275066612689e-03,-6.816427065193288171e-03,-1.047207499796813310e-02,-7.335752466794071350e-03
1.110000000000000014e-01,0.000000000000000000e+00,2.817831112742163503e-03,3.085010702563744170e-03,2.195899723737543274e-03,2.798231101603427043e-03,0.000000000000000000e+00,1.000000000000000000e+00,1.254999624703106867e-03,1.608192520745561731e-03,-2.493731768587717154e-02,-2.622708613878555611e-02,2.953860219599892950e-02,-5.292341730434167030e-03,7.734475875046883941e-02,-2.702159179052531293e-02,1.304183602421730330e-03,1.679057331554624326e-03,-7.967473404531777090e-03,-6.406726507662857673e-03,-1.047207499796813310e-02,-7.335752466794071350e-03
1.115000000000000019e-01,0.000000000000000000e+00,2.800979195183486443e-03,3.071701905890533192e-03,2.196154979701972400e-03,2.798347391220600694e-03,0.000000000000000000e+00,1.000000000000000000e+00,1.242090306901382944e-03,1.594883724072350536e-03,-2.581863560344785716e-02,-2.661759334642243777e-02,3.073866606804729826e-02,-4.970254353405237704e-03,8.052777410801989499e-02,-2.623233950493296732e-02,1.300307599582020213e-03,1.675960912561192187e-03,-7.537225292952225673e-03,-5.979660099615378803e-03,-1.047207499796813310e-02,-7.335752466794071350e-03
1.120000000000000023e-01,0.000000000000000000e+00,2.783620761653861179e-03,3.058211701713862279e-03,2.196409627877235309e-03,2.798465294055633122e-03,0.000000000000000000e+00,1.000000000000000000e+00,1.228792975354763570e-03,1.581393519895679407e-03,-2.659466309323854291e-02,-2.698040835334227644e-02,3.210802556036669586e-02,-1.792289490104155688e-03,8.441163392041210745e-02,-1.432119242376704571e-02,1.268901448336243361e-03,1.631113412393492409e-03,-1.100133240723625595e-02,-1.155512789624373211e-02,-9.334906309610879055e-03,-5.616984721946554834e-03
1.125000000000000028e-01,0.000000000000000000e+00,2.765832275748678418e-03,3.044643056349921779e-03,2.196663650917423435e-03,2.798584818276309352e-03,0.000000000000000000e+00,1.000000000000000000e+00,1.215166204575597944e-03,1.567824874531738907e-03,-2.725354155833107847e-02,-2.713729072788078830e-02,3.231336070950738271e-02,-1.641048000449127266e-03,8.369216406010514253e-02,-1.651419474061059656e-02,1.263527275998541696e-03,1.625452728749975616e-03,-1.049613292018832834e-02,-1.108829746822844430e-02,-9.334906309610879055e-03,-5.616984721946554834e-03
1.130000000000000032e-01,0.000000000000000000e+00,2.747631042236099979e-03,3.031003147274595293e-03,2.196917032383562465e-03,2.798705971906846092e-03,0.000000000000000000e+00,1.000000000000000000e+00,1.201223250785376151e-03,1.554184965456412854e-03,-2.788590758044342047e-02,-2.727981815065208190e-02,3.251624636838397475e-02,-1.485884416160791191e-03,8.397086384406375614e-02,-1.610199767838830717e-02,1.258408464245335456e-03,1.620026778128742751e-03,-9.979921061344522448e-03,-1.061621485649515834e-02,-9.334906309610879055e-03,-5.616984721946554834e-03
1.135000000000000037e-01,0.000000000000000000e+00,2.729034088738858249e-03,3.017299199169403388e-03,2.197169756761652160e-03,2.798828762825662179e-03,0.000000000000000000e+00,1.000000000000000000e+00,1.186977157899872298e-03,1.540481017351220949e-03,-2.849218577100785452e-02,-2.740789621038391966e-02,3.271629328044768636e-02,-1.326418673445972380e-03,8.425440692577992885e-02,-1.567022639663150085e-02,1.253550426027929491e-03,1.614838219164028239e-03,-9.453069251888403940e-03,-1.013875024359971004e-02,-9.334906309610879055e-03,-5.616984721946554834e-03
1.140000000000000041e-01,0.000000000000000000e+00,2.710058147524383333e-03,3.003538494432442078e-03,2.197421809480714413e-03,2.798953198763146424e-03,0.000000000000000000e+00,1.000000000000000000e+00,1.172440743579571251e-03,1.526720312614259422e-03,-2.907282864060218436e-02,-2.752140947392323414e-02,3.354375658959168893e-02,3.548598172170501193e-04,8.699058352538362182e-02,-9.325660024001725459e-03,1.223905494289122178e-03,1.578146130368326700e-03,-1.231308412948874803e-02,-1.396011035906127330e-02,-8.388805788121024218e-03,-4.418213336593682442e-03
1.145000000000000046e-01,0.000000000000000000e+00,2.690751233286211436e-03,2.989775801581185180e-03,2.197673176930832646e-03,2.799079287299425026e-03,0.000000000000000000e+00,1.000000000000000000e+00,1.157650789213644825e-03,1.512957619763002307e-03,-2.957990873185269848e-02,-2.752538570251444536e-02,3.372086793081195688e-02,4.891916050183207475e-04,8.670426203221445749e-02,-1.024091179094895228e-02,1.217874996703537495e-03,1.571282966571898709e-03,-1.180965395757897600e-02,-1.349319034812014768e-02,-8.388805788121024218e-03,-4.418213336593682442e-03
1.150000000000000050e-01,0.000000000000000000e+00,2.671128256820981192e-03,2.976016902587951592e-03,2.197923846481197700e-03,2.799207035862133312e-03,0.000000000000000000e+00,1.000000000000000000e+00,1.142618717135000664e-03,1.499198720769768936e-03,-3.006414415728819386e-02,-2.751779798646687356e-02,3.389555387418913962e-02,6.271048866271296436e-04,8.697576506775582528e-02,-9.816713921266116694e-03,1.212098477737352928e-03,1.564654384995546902e-03,-1.129719674420705776e-02,-1.302179900915668466e-02,-8.388805788121024218e-03,-4.418213336593682442e-03
1.155000000000000054e-01,0.000000000000000000e+00,2.651203869862403875e-03,2.962267623702546405e-03,2.198173806498153297e-03,2.799336451724182290e-03,0.000000000000000000e+00,1.000000000000000000e+00,1.127355751222830493e-03,1.485449441884363966e-03,-3.052593182434033478e-02,-2.749855777080973188e-02,3.406749061371949772e-02,7.688670700556118204e-04,8.725051626479331246e-02,-9.375614215727311879e-03,1.206580363982928715e-03,1.558262650820533678e-03,-1.077605969725540375e-02,-1.254581858697669319e-02,-8.388805788121024218e-03,-4.418213336593682442e-03
1.160000000000000059e-01,0.000000000000000000e+00,2.630992450209608709e-03,2.948533842634728196e-03,2.198423046363237598e-03,2.799467542001529523e-03,0.000000000000000000e+00,1.000000000000000000e+00,1.111872905510260818e-03,1.471715660816545323e-03,-3.096569142513950351e-02,-2.746756213563724541e-02,3.530347445554269520e-02,2.440371707147241578e-03,9.167164489530070515e-02,-2.991744436600292552e-03,1.165734440096022426e-03,1.513905011197118388e-03,-1.490443847064605240e-02,-1.706512593458849730e-02,-7.098675482181012603e-03,-3.033304900286924993e-03
1.165000000000000063e-01,0.000000000000000000e+00,2.610561550558154580e-03,2.934869179199084931e-03,2.198671556491226930e-03,2.799600313650945672e-03,0.000000000000000000e+00,1.000000000000000000e+00,1.096221928364342953e-03,1.458050997380902058e-03,-3.130195429183589562e-02,-2.732932687128670698e-02,3.545218262260191322e-02,2.545880289393006451e-03,9.101648598930507650e-02,-3.949431329533405546e-03,1.158406017792779031e-03,1.505484323968823198e-03,-1.440993214329418411e-02,-1.661817094821831445e-02,-7.098675482181012603e-03,-3.033304900286924993e-03
1.170000000000000068e-01,0.000000000000000000e+00,2.589923489682920132e-03,2.921277676571826243e-03,2.198919328348183412e-03,2.799734773467787551e-03,0.000000000000000000e+00,1.000000000000000000e+00,1.080412256514118752e-03,1.444459494753643587e-03,-3.161934370044834630e-02,-2.718300525451697314e-02,3.559921902661908333e-02,2.654177327876332173e-03,9.129296571180817166e-02,-3.555982405597343105e-03,1.151326668464192028e-03,1.497287933706603494e-03,-1.390817004624956242e-02,-1.616795287045231372e-02,-7.098675482181012603e-03,-3.033304900286924993e-03
1.175000000000000072e-01,0.000000000000000000e+00,2.569090382846966371e-03,2.907763409774485885e-03,2.199166354469493483e-03,2.799870928083762929e-03,0.000000000000000000e+00,1.000000000000000000e+00,1.064453170789532400e-03,1.430945227956303446e-03,-3.191817144917275667e-02,-2.702853359468048583e-02,3.574440043166021708e-02,2.765406343392056310e-03,9.157347078560729159e-02,-3.150021986164215203e-03,1.144499952895517694e-03,1.489317493219061064e-03,-1.339942019302885895e-02,-1.571438687652459976e-02,-7.098675482181012603e-03,-3.033304900286924993e-03
1.180000000000000077e-01,0.000000000000000000e+00,2.548074133614163569e-03,2.894330489327385549e-03,2.199412628477915091e-03,2.800008783964700980e-03,0.000000000000000000e+00,1.000000000000000000e+00,1.048353789849540071e-03,1.417512307509202893e-03,-3.219876187998459843e-02,-2.686584089420110399e-02,1.008776340347431189e-01,6.053298681566152833e-02,3.442567105868957200e-01,2.211746558971382781e-01,1.024918519370542113e-03,1.400530292019666568e-03,-6.068344787377954325e-02,-4.953624447567965550e-02,3.428191426601998743e-02,2.664231997227561530e-02
