time_s,letter_index,simulated_ink_x_m,simulated_ink_y_m,target_x_m,target_y_m,contact,target_down,q_x_m,q_y_m,qdot_x_m_s,qdot_y_m_s,current_x_A,current_y_A,voltage_x_V,voltage_y_V,estimated_q_x_m,estimated_q_y_m,estimated_qdot_x_m_s,estimated_qdot_y_m_s,estimated_compensation_x_N,estimated_compensation_y_N
0.000000000000000000e+00,0.000000000000000000e+00,2.168181818181817364e-03,2.792727272727273113e-03,2.168181818181817364e-03,2.792727272727273113e-03,0.000000000000000000e+00,0.000000000000000000e+00,7.573393926289893191e-04,1.315909090909090457e-03,0.000000000000000000e+00,0.000000000000000000e+00,4.332784217719556907e-02,4.773221379964046572e-03,1.682706217204872068e-01,1.853757050561846004e-02,7.573393926289893191e-04,1.315909090909090457e-03,0.000000000000000000e+00,0.000000000000000000e+00,-0.000000000000000000e+00,-0.000000000000000000e+00
5.000000000000000104e-04,0.000000000000000000e+00,2.168181818181817364e-03,2.792727272727273113e-03,2.168181818181816930e-03,2.792727272727272680e-03,0.000000000000000000e+00,0.000000000000000000e+00,7.573393926289893191e-04,1.315909090909090457e-03,-5.042800802258160449e-19,-6.303501002822700562e-20,4.332784217719556907e-02,4.773221379964047439e-03,1.312833617969025868e-01,1.446286078129106235e-02,7.573393926289893191e-04,1.315909090909090457e-03,-2.168404344971008868e-19,0.000000000000000000e+00,-0.000000000000000000e+00,-0.000000000000000000e+00
1.000000000000000021e-03,0.000000000000000000e+00,2.168181818181817364e-03,2.792727272727273113e-03,2.168181818181817364e-03,2.792727272727273547e-03,0.000000000000000000e+00,0.000000000000000000e+00,7.573393926289893191e-04,1.315909090909090457e-03,-1.008560160451632090e-18,-6.303501002822700562e-20,4.332784217719556907e-02,4.773221379964047439e-03,1.312833617969025868e-01,1.446286078129106235e-02,7.573393926289893191e-04,1.315909090909090457e-03,-4.336808689942017736e-19,5.421010862427522170e-20,-0.000000000000000000e+00,-0.000000000000000000e+00
1.500000000000000031e-03,0.000000000000000000e+00,2.168181818181817364e-03,2.792727272727273113e-03,2.168181818181817364e-03,2.792727272727273547e-03,0.000000000000000000e+00,0.000000000000000000e+00,7.573393926289893191e-04,1.315909090909090457e-03,-1.512840240677448038e-18,-6.303501002822700562e-20,4.332784217719556907e-02,4.773221379964047439e-03,1.312833617969025868e-01,1.446286078129106235e-02,7.573393926289893191e-04,1.315909090909090457e-03,-6.505213034913026604e-19,1.084202172485504434e-19,-0.000000000000000000e+00,-0.000000000000000000e+00
2.000000000000000042e-03,0.000000000000000000e+00,2.168181818181817364e-03,2.792727272727273113e-03,2.168181818181817364e-03,2.792727272727272246e-03,0.000000000000000000e+00,0.000000000000000000e+00,7.573393926289893191e-04,1.315909090909090457e-03,-2.017120320903264180e-18,-6.303501002822700562e-20,4.332784217719556907e-02,4.773221379963970244e-03,1.312833617969025868e-01,1.446286078129076225e-02,7.573393926289893191e-04,1.315909090909090457e-03,-8.673617379884035472e-19,1.626303258728256651e-19,-0.000000000000000000e+00,-0.000000000000000000e+00
2.500000000000000052e-03,0.000000000000000000e+00,2.168181818181817364e-03,2.792727272727273113e-03,2.168181818181817797e-03,2.792727272727273547e-03,0.000000000000000000e+00,0.000000000000000000e+00,7.573393926289893191e-04,1.315909090909090457e-03,-2.521400401129080321e-18,-4.853695772173479493e-18,4.332784217719556907e-02,4.773221379963978050e-03,1.312833617969025868e-01,1.446286078129085939e-02,7.573393926289893191e-04,1.315909090909090457e-03,-1.084202172485504434e-18,-4.607859233063393845e-18,-0.000000000000000000e+00,-0.000000000000000000e+00
3.000000000000000062e-03,0.000000000000000000e+00,2.168181818181817364e-03,2.792727272727273113e-03,2.168181818181817364e-03,2.792727272727273113e-03,0.000000000000000000e+00,0.000000000000000000e+00,7.573393926289893191e-04,1.315909090909090457e-03,-3.025680481354896462e-18,-9.140076454092917078e-18,4.332784217719556907e-02,4.773221379963982387e-03,1.312833617969025868e-01,1.446286078129086633e-02,7.573393926289893191e-04,1.315909090909090457e-03,-1.301042606982605321e-18,-8.890457814381136359e-18,-0.000000000000000000e+00,-0.000000000000000000e+00
3.500000000000000073e-03,0.000000000000000000e+00,2.168181818181817364e-03,2.792727272727273113e-03,2.168181818181817364e-03,2.792727272727272246e-03,0.000000000000000000e+00,0.000000000000000000e+00,7.573393926289893191e-04,1.315909090909090457e-03,-3.529960561580712218e-18,-1.304824707584299159e-17,4.332784217719556907e-02,4.773221379963987591e-03,1.312833617969025868e-01,1.446286078129088194e-02,7.573393926289893191e-04,1.315909090909090457e-03,-1.490777987167568597e-18,-1.279358563532895232e-17,-0.000000000000000000e+00,-0.000000000000000000e+00
4.000000000000000083e-03,0.000000000000000000e+00,2.168181818181817364e-03,2.792727272727273113e-03,2.168181818181817797e-03,2.792727272727273981e-03,0.000000000000000000e+00,0.000000000000000000e+00,7.573393926289893191e-04,1.315909090909090457e-03,-4.034240641806528359e-18,-1.664124264745193189e-17,4.320767275965219090e-02,4.659986070264228106e-03,1.308166645974640219e-01,1.402309330138809887e-02,7.591370864501620309e-04,1.317290247656375916e-03,-3.121066869304120039e-06,-2.397895856639099647e-06,-0.000000000000000000e+00,-0.000000000000000000e+00
4.500000000000000527e-03,0.000000000000000000e+00,2.168175797606041594e-03,2.792723733549753486e-03,2.168181818181817364e-03,2.792727272727273113e-03,0.000000000000000000e+00,0.000000000000000000e+00,7.573347806003718000e-04,1.315905551731571047e-03,-9.224057235031718314e-06,-7.078355038971985999e-06,4.321816823011372100e-02,4.669890069487193235e-03,1.309551380759595984e-01,1.415517737529660078e-02,7.591331363939766768e-04,1.317287214952517693e-03,-1.266052125430721840e-05,-9.718617501144595581e-06,-0.000000000000000000e+00,-0.000000000000000000e+00
5.000000000000000104e-03,0.000000000000000000e+00,2.168164352974502260e-03,2.792717006299373465e-03,2.168181818181816930e-03,2.792727272727273113e-03,0.000000000000000000e+00,0.000000000000000000e+00,7.573260135039775647e-04,1.315898824481191026e-03,-1.753419278842970942e-05,-1.345450076011254516e-05,4.322799216767001657e-02,4.679160167976027102e-03,1.309799427601013866e-01,1.417998245033836452e-02,7.591246451716405228e-04,1.317280697502242479e-03,-2.128732855652518173e-05,-1.633810880939537760e-05,-0.000000000000000000e+00,-0.000000000000000000e+00
5.499999999999999681e-03,0.000000000000000000e+00,2.168148040841579201e-03,2.792707418547006257e-03,2.168181818181817364e-03,2.792727272727273547e-03,0.000000000000000000e+00,0.000000000000000000e+00,7.573135176851965951e-04,1.315889236728823818e-03,-2.499163756194429766e-05,-1.917550473458437402e-05,4.323717989128438716e-02,4.687829699104676187e-03,1.310033001727126389e-01,1.420327801831259770e-02,7.591120538751691292e-04,1.317271034212393402e-03,-2.906231367186634077e-05,-2.230312527770568270e-05,-0.000000000000000000e+00,-0.000000000000000000e+00
6.000000000000000125e-03,0.000000000000000000e+00,2.168127379967144715e-03,2.792695275608087987e-03,2.168181818181817364e-03,2.792727272727273113e-03,0.000000000000000000e+00,0.000000000000000000e+00,7.572976905371460021e-04,1.315877093789905332e-03,-3.165429610108715000e-05,-2.428587783712046400e-05,4.845654206689773563e-02,1.155693413603075571e-02,1.512621682390949684e-01,4.087094775068033509e-02,7.332640279994138413e-04,1.291052538783060482e-03,-6.471141114105771405e-03,-6.555989224406307686e-03,3.411868457429528476e-03,3.461300415541853151e-03
6.500000000000000569e-03,0.000000000000000000e+00,2.168363917125592892e-03,2.792895302910066054e-03,2.168181818181817364e-03,2.792727272727273113e-03,0.000000000000000000e+00,0.000000000000000000e+00,7.574788885129665576e-04,1.316077121091883398e-03,3.623959516410445603e-04,4.000546039562117586e-04,4.907454512478416631e-02,1.235190366716367241e-02,1.494148178564881635e-01,3.827695344967543822e-02,7.300231558533787054e-04,1.287775309033610234e-03,-6.492184213996048114e-03,-6.552812081903380652e-03,3.411868457429528476e-03,3.461300415541853151e-03
7.000000000000000146e-03,0.000000000000000000e+00,2.168885597230952797e-03,2.793329857507863972e-03,2.168181818181817364e-03,2.792727272727272246e-03,0.000000000000000000e+00,0.000000000000000000e+00,7.578785186587630972e-04,1.316511675689681533e-03,7.992602915931532569e-04,8.691091955961203173e-04,4.970187503668131723e-02,1.315525203652706011e-02,1.515542976740217596e-01,4.091997788712042200e-02,7.267838196358551153e-04,1.284512218963061465e-03,-6.465090746167751444e-03,-6.499528149479738559e-03,3.411868457429528476e-03,3.461300415541853151e-03
7.499999999999999722e-03,0.000000000000000000e+00,2.169720475211352022e-03,2.794021271782974429e-03,2.168181818181817364e-03,2.792727272727273113e-03,0.000000000000000000e+00,0.000000000000000000e+00,7.585180722963300731e-04,1.317203089964791990e-03,1.279107275133875348e-03,1.382828550221062731e-03,5.033881079620747268e-02,1.396682146553118037e-02,1.537458205256051202e-01,4.360698640993137393e-02,7.235701259868296785e-04,1.281288306034276047e-03,-6.389708492115708446e-03,-6.396201976613883310e-03,3.411868457429528476e-03,3.461300415541853151e-03
8.000000000000000167e-03,0.000000000000000000e+00,2.170896725526921377e-03,2.794991846267110350e-03,2.168181818181817797e-03,2.792727272727273981e-03,0.000000000000000000e+00,0.000000000000000000e+00,7.594191323142890837e-04,1.318173664448927477e-03,1.802120035918090921e-03,1.941148968270848011e-03,5.183236814888290966e-02,-6.692203256396923525e-03,1.592787664056737329e-01,-3.707833619327772362e-02,7.102696207873998102e-04,1.388723990293110663e-03,-8.637585616505183417e-03,1.963358515196966803e-02,4.497271970988638186e-03,-8.380952160901908657e-03
8.500000000000000611e-03,0.000000000000000000e+00,2.172485073694509303e-03,2.795592525613579526e-03,2.168181818181816930e-03,2.792727272727272246e-03,0.000000000000000000e+00,0.000000000000000000e+00,7.606358776018081304e-04,1.318774343795396870e-03,2.433490575038118643e-03,1.201358692938963614e-03,5.195291059828478775e-02,-7.676574613269678340e-03,1.588053486908228007e-01,-2.358367180577090189e-02,7.059783609771853267e-04,1.398604511468281046e-03,-8.527504789969980042e-03,1.988763381393888682e-02,4.497271970988638186e-03,-8.380952160901908657e-03
9.000000000000001055e-03,0.000000000000000000e+00,2.174486587069215937e-03,2.795796776232796488e-03,2.168181818181818231e-03,2.792727272727273981e-03,0.000000000000000000e+00,0.000000000000000000e+00,7.621691258003305885e-04,1.318978594414613832e-03,3.066496397044929639e-03,4.085012384340969268e-04,5.206888813770575719e-02,-8.676022718100480369e-03,1.594871543610590359e-01,-2.696585400158773432e-02,7.017443683038750504e-04,1.408595437310096888e-03,-8.408536456929073880e-03,2.007532823996089483e-02,4.497271970988638186e-03,-8.380952160901908657e-03
9.499999999999999764e-03,0.000000000000000000e+00,2.176902045048300684e-03,2.795577946784429113e-03,2.168181818181818231e-03,2.792727272727273981e-03,0.000000000000000000e+00,0.000000000000000000e+00,7.640194739627955561e-04,1.318759764966246674e-03,3.700696324930006359e-03,-4.376588967342205736e-04,5.218057678349124345e-02,-9.690557992872165377e-03,1.601568309155387559e-01,-3.041668309033403877e-02,6.975719702077915136e-04,1.418663542534824703e-03,-8.281145132415693166e-03,2.019647739282909998e-02,4.497271970988638186e-03,-8.380952160901908657e-03
1.000000000000000021e-02,0.000000000000000000e+00,2.179731956159785752e-03,2.794909272242374412e-03,2.168181818181816496e-03,2.792727272727272246e-03,0.000000000000000000e+00,0.000000000000000000e+00,7.661873116442696231e-04,1.318091090424191539e-03,4.335675362948205984e-03,-1.337349084110167445e-03,4.259401427033357446e-02,2.394700726179611709e-03,1.231658669089055053e-01,1.699749570895388653e-02,7.859338586614689117e-04,1.332951691527936014e-03,1.071348822111552190e-02,7.073322601815729789e-04,-3.025633407520529703e-03,-5.850778459147910502e-04
1.050000000000000065e-02,0.000000000000000000e+00,2.182490886549544318e-03,2.794173784778554263e-03,2.168181818181817364e-03,2.792727272727273113e-03,0.000000000000000000e+00,0.000000000000000000e+00,7.683007749382962312e-04,1.317355602960371607e-03,4.226926588053134606e-03,-1.470974927639749196e-03,4.172013822513279818e-02,2.351655334726466401e-03,1.278982670035360425e-01,6.456147684556433862e-03,7.913533537782861367e-04,1.333286491747584426e-03,1.096380233411632654e-02,6.320019552682818852e-04,-3.025633407520529703e-03,-5.850778459147910502e-04
1.099999999999999936e-02,0.000000000000000000e+00,2.185135566959602038e-03,2.793370999284443268e-03,2.168181818181818231e-03,2.792727272727273981e-03,0.000000000000000000e+00,0.000000000000000000e+00,7.703267176702462528e-04,1.316552817466260612e-03,4.051885463900114365e-03,-1.605570988221973394e-03,4.083502478355977017e-02,2.317816214819007955e-03,1.251143410738085882e-01,6.303588484303971652e-03,7.968802682890631936e-04,1.333583156667245747e-03,1.114329898086354777e-02,5.547961361155847107e-04,-3.025633407520529703e-03,-5.850778459147910502e-04
1.149999999999999981e-02,0.000000000000000000e+00,2.187622681213866743e-03,2.792500731664690917e-03,2.168181818181817364e-03,2.792727272727273113e-03,0.000000000000000000e+00,0.000000000000000000e+00,7.722319577241277188e-04,1.315682549846508261e-03,3.810480107762967156e-03,-1.740535239504801277e-03,3.993863118432854076e-02,2.292956787431878023e-03,1.222611527873476989e-01,6.177885983176313947e-03,8.024791783226119246e-04,1.333840899445740960e-03,1.125191906233686048e-02,4.763173285327142441e-04,-3.025633407520529703e-03,-5.850778459147910502e-04
1.200000000000000025e-02,0.000000000000000000e+00,2.189908869532163245e-03,2.791563088276097747e-03,2.168181818181817364e-03,2.792727272727273113e-03,0.000000000000000000e+00,0.000000000000000000e+00,7.739832795812822850e-04,1.314744906457914874e-03,3.502643714309141947e-03,-1.875286777186612039e-03,4.134139684826891592e-02,2.141866575487393932e-03,1.283116652845873451e-01,5.554371866444154926e-03,7.745038447840326117e-04,1.334410280023785693e-03,5.165975366582888778e-03,4.611059713916826515e-04,-8.255614382671299907e-04,-6.080566865737475554e-04
1.250000000000000069e-02,0.000000000000000000e+00,2.192066488659135184e-03,2.790554236525294354e-03,2.168181818181817364e-03,2.792727272727273113e-03,0.000000000000000000e+00,0.000000000000000000e+00,7.756361117238664985e-04,1.313736054707111698e-03,3.305664285168491076e-03,-2.017703501606495520e-03,4.037386364748081491e-02,2.041435453833438576e-03,1.232525846728530355e-01,5.232062096673244928e-03,7.770627661782891294e-04,1.334619495943278628e-03,5.069799893912624311e-03,3.759148993964653773e-04,-8.255614382671299907e-04,-6.080566865737475554e-04
1.300000000000000114e-02,0.000000000000000000e+00,2.194048314850045867e-03,2.789471979810400314e-03,2.168181818181817364e-03,2.792727272727273113e-03,0.000000000000000000e+00,0.000000000000000000e+00,7.771542786646415532e-04,1.312653797992217658e-03,3.036333881550051274e-03,-2.164513429788074341e-03,3.939367349643303762e-02,1.962217081417482606e-03,1.201295702932794612e-01,4.947000399864734214e-03,7.795552400097507072e-04,1.334784788594208264e-03,4.900329670808966677e-03,2.854248264252480559e-04,-8.255614382671299907e-04,-6.080566865737475554e-04
1.349999999999999985e-02,0.000000000000000000e+00,2.195807059281010797e-03,2.788314818399451576e-03,2.168181818181817364e-03,2.792727272727273113e-03,0.000000000000000000e+00,0.000000000000000000e+00,7.785015550628486764e-04,1.311496636581268921e-03,2.694552796414193506e-03,-2.314322821897559727e-03,3.840083800105530132e-02,1.911588201410630017e-03,1.169299891962461979e-01,4.753572119306903945e-03,7.819445936443619868e-04,1.334903856569283299e-03,4.657465240546787739e-03,1.910255188892934523e-04,-8.255614382671299907e-04,-6.080566865737475554e-04
1.400000000000000029e-02,0.000000000000000000e+00,2.197295374748429488e-03,2.787082172057913677e-03,2.168181818181817364e-03,2.792727272727273113e-03,0.000000000000000000e+00,0.000000000000000000e+00,7.796416708562726311e-04,1.310263990239731021e-03,2.280231586847818355e-03,-2.465292683075946938e-03,3.796497887515529884e-02,1.047107966180118362e-04,1.158660014907402780e-01,-2.285433679507097634e-03,7.813839328065160265e-04,1.345828881131046033e-03,3.874602303303259238e-03,1.896361051997998625e-03,-6.714788052093364741e-04,-1.203166745447042723e-03
1.450000000000000074e-02,0.000000000000000000e+00,2.198494400180463042e-03,2.785718584185651204e-03,2.168181818181817364e-03,2.792727272727273113e-03,0.000000000000000000e+00,0.000000000000000000e+00,7.805601776256400207e-04,1.308900402367468548e-03,1.837013538734875691e-03,-2.727175744525118292e-03,3.743605209498607200e-02,-9.437669783106185676e-04,1.139498415677799165e-01,-4.927533647324968367e-03,7.832304121340642831e-04,1.346740738688137484e-03,3.511948046572321500e-03,1.751315812502542710e-03,-6.714788052093364741e-04,-1.203166745447042723e-03
1.499999999999999944e-02,0.000000000000000000e+00,2.199380863859878941e-03,2.784192961705273146e-03,2.168181818181817364e-03,2.792727272727273113e-03,0.000000000000000000e+00,0.000000000000000000e+00,7.812392482012836146e-04,1.307374779887090274e-03,1.358141151287083548e-03,-3.051244960756492857e-03,3.708726562778100200e-02,-2.107076885422446994e-03,1.127939045259954559e-01,-8.689762672015571843e-03,7.848864030080353023e-04,1.347564121867182024e-03,3.112726554526514238e-03,1.542590294896451159e-03,-6.714788052093364741e-04,-1.203166745447042723e-03
1.549999999999999989e-02,0.000000000000000000e+00,2.199940825268120823e-03,2.782471002370684281e-03,2.168181818181817364e-03,2.792727272727273113e-03,0.000000000000000000e+00,0.000000000000000000e+00,7.816682035264283608e-04,1.305652820552501625e-03,8.579106502895927130e-04,-3.443918669177310592e-03,3.742324455119239862e-02,-1.894242903517842982e-03,1.141323057989558354e-01,-7.038993352710667430e-03,7.863371822449061405e-04,1.348265592933896176e-03,2.691152572105571291e-03,1.263807739982868205e-03,-6.714788052093364741e-04,-1.203166745447042723e-03
1.600000000000000033e-02,0.000000000000000000e+00,2.200194850249208647e-03,2.780561836531676798e-03,2.168181818181817364e-03,2.792727272727273113e-03,0.000000000000000000e+00,0.000000000000000000e+00,7.818627979516039111e-04,1.303743654713494142e-03,3.891888503510729236e-04,-3.818331678014895425e-03,3.811645263166100334e-02,3.174151523216382493e-04,1.162901464862007017e-01,1.207623655644990673e-03,7.797777328869359790e-04,1.329697003131369423e-03,1.104372062927466572e-03,-1.928599023578226202e-03,-3.038383048455062740e-04,-3.020902635317031086e-04
1.650000000000000078e-02,0.000000000000000000e+00,2.200181197636332919e-03,2.778536982981320326e-03,2.168181818181817364e-03,2.792727272727273113e-03,0.000000000000000000e+00,0.000000000000000000e+00,7.818523394433764913e-04,1.301718801163137453e-03,-2.091701645473488958e-05,-4.049707100713530877e-03,3.851614958411816309e-02,1.341205564220678253e-03,1.170340923869223060e-01,3.196165549352071589e-03,7.802368238821256238e-04,1.328679098996970055e-03,7.326948741969614449e-04,-2.142564384540402139e-03,-3.038383048455062740e-04,-3.020902635317031086e-04
1.700000000000000122e-02,0.000000000000000000e+00,2.199923006617354564e-03,2.776430015128329015e-03,2.168181818181817364e-03,2.792727272727273113e-03,0.000000000000000000e+00,0.000000000000000000e+00,7.816545536480251112e-04,1.299611833310146142e-03,-3.955715907027994977e-04,-4.213935705982589479e-03,3.896210803331039141e-02,2.348845947855285592e-03,1.182269828734067718e-01,6.164899516208762094e-03,7.805187704793503612e-04,1.327570828594727475e-03,3.957338859148563405e-04,-2.290189247001760825e-03,-3.038383048455062740e-04,-3.020902635317031086e-04
1.750000000000000167e-02,0.000000000000000000e+00,2.199445492778488546e-03,2.774273620532152415e-03,2.168181818181817364e-03,2.792727272727273113e-03,0.000000000000000000e+00,0.000000000000000000e+00,7.812887568252493802e-04,1.297455438713969759e-03,-7.315936455513981449e-04,-4.312789192352701508e-03,3.945725145796623312e-02,3.334839151731183206e-03,1.195918013411133851e-01,9.091465690065482150e-03,7.806417242310132636e-04,1.326404923141094377e-03,9.665608325951292228e-05,-2.373227579918685878e-03,-3.038383048455062740e-04,-3.020902635317031086e-04
1.800000000000000211e-02,0.000000000000000000e+00,2.198776067569817305e-03,2.772099435683836755e-03,2.168181818181817364e-03,2.792727272727273113e-03,0.000000000000000000e+00,0.000000000000000000e+00,7.807759473640626773e-04,1.295281253865654099e-03,-1.025618922373405361e-03,-4.348369696631227896e-03,3.781871610984783444e-02,5.471426976311529605e-03,1.126503274600592769e-01,1.653224167976336673e-02,8.116610487562617030e-04,1.302255096483581316e-03,4.260505160566068622e-03,-5.664637199006688877e-03,-1.583273959808515928e-03,6.443510559976074140e-04
1.849999999999999908e-02,0.000000000000000000e+00,2.197834946592779927e-03,2.769974693140463996e-03,2.168181818181817364e-03,2.792727272727273113e-03,0.000000000000000000e+00,0.000000000000000000e+00,7.800550068693005773e-04,1.293156511322281340e-03,-1.441880989524222311e-03,-4.249485086745339972e-03,3.728517520160624932e-02,6.469040482920046520e-03,1.117571602716604662e-01,1.862524069661739001e-02,8.137278566409954271e-04,1.299427551162255293e-03,4.007139292159143072e-03,-5.645474368751274459e-03,-1.583273959808515928e-03,6.443510559976074140e-04
1.899999999999999953e-02,0.000000000000000000e+00,2.196598665007328845e-03,2.767930239357900297e-03,2.168181818181817364e-03,2.792727272727273113e-03,0.000000000000000000e+00,0.000000000000000000e+00,7.791079602306354764e-04,1.291112057539717641e-03,-1.894093277330193871e-03,-4.088907565127574209e-03,3.676955662422422277e-02,7.496853467687898329e-03,1.099713220888472037e-01,2.183435367333621396e-02,8.156584021269540526e-04,1.296625221088157582e-03,3.715534820847511428e-03,-5.563898119417212511e-03,-1.583273959808515928e-03,6.443510559976074140e-04
1.949999999999999997e-02,0.000000000000000000e+00,2.195044962205263111e-03,2.765997496896587752e-03,2.168181818181817364e-03,2.792727272727273113e-03,0.000000000000000000e+00,0.000000000000000000e+00,7.779177548328547898e-04,1.289179315078405096e-03,-2.380410795561433476e-03,-3.865484922624945387e-03,3.627725270883428582e-02,8.557513288245104099e-03,1.082427195662473141e-01,2.517228029284523591e-02,8.174340272868710257e-04,1.293879600342636663e-03,3.387534377474741339e-03,-5.418762375032422363e-03,-1.583273959808515928e-03,6.443510559976074140e-04
2.000000000000000042e-02,0.000000000000000000e+00,2.193153040491002247e-03,2.764208536903561310e-03,2.168181818181817364e-03,2.792727272727273113e-03,1.000000000000000000e+00,0.000000000000000000e+00,7.764684587168290547e-04,1.287390355085378654e-03,-2.898592232051493221e-03,-3.577919986052670222e-03,3.727047748560018137e-02,9.556191003154402425e-03,1.122466757410957860e-01,2.826903508821019054e-02,7.981458483794300713e-04,1.293554885298623617e-03,2.332960078462702072e-04,-4.897096731056108099e-03,-8.150514015960333512e-04,5.585942479175051408e-04
2.050000000000000086e-02,0.000000000000000000e+00,2.190976808422017558e-03,2.762593104049577801e-03,2.168181818181817364e-03,2.792727272727273113e-03,1.000000000000000000e+00,0.000000000000000000e+00,7.748013682334461060e-04,1.285774922231395145e-03,-3.334180966765876511e-03,-3.230865707966983514e-03,3.797932182314171790e-02,1.075717881707784207e-02,1.139216752134472876e-01,3.222998982039126242e-02,7.981560034161289856e-04,1.291537617543041163e-03,-1.918523127057331394e-04,-3.175235003767987434e-03,-8.150514015960333512e-04,5.585942479175051408e-04
2.100000000000000130e-02,0.000000000000000000e+00,2.188555332276794635e-03,2.761186900680280033e-03,2.168181818181817364e-03,2.792727272727273113e-03,1.000000000000000000e+00,0.000000000000000000e+00,7.729464098882529461e-04,1.284368718862097161e-03,-3.709916690386313391e-03,-2.812406738595892713e-03,3.886711320110013135e-02,1.075959936854406149e-02,1.165660169033254645e-01,3.139412131934025962e-02,7.980074234312407996e-04,1.290394837066222156e-03,-4.020546424296565606e-04,-1.399285484935952617e-03,-8.150514015960333512e-04,5.585942479175051408e-04
2.150000000000000175e-02,0.000000000000000000e+00,2.185936217256304395e-03,2.759987728973407016e-03,2.168181818181817364e-03,2.792727272727273113e-03,1.000000000000000000e+00,0.000000000000000000e+00,7.709400513809170057e-04,1.283169547155224577e-03,-4.012717014671972685e-03,-2.398343413745313880e-03,3.926080068673111489e-02,1.007528324483025414e-02,1.171771841314001167e-01,2.891247972523389859e-02,7.978488702511736226e-04,1.290119508269032276e-03,-2.324807181431527432e-04,2.946977827224131572e-04,-8.150514015960333512e-04,5.585942479175051408e-04
2.199999999999999872e-02,0.000000000000000000e+00,2.183141782452741909e-03,2.758971929188376235e-03,2.168181818181817364e-03,2.792727272727273547e-03,1.000000000000000000e+00,0.000000000000000000e+00,7.687993901279893986e-04,1.282153747370193362e-03,-4.281322505855250649e-03,-2.031599570062630165e-03,4.081031857505360017e-02,8.765982284615007197e-03,1.227170592335233706e-01,2.456949849333724817e-02,7.730604037054832154e-04,1.302647292339224969e-03,-2.995581407607452330e-03,1.405900019623899802e-03,1.425769677434803169e-05,1.400649991356383661e-04
2.249999999999999917e-02,0.000000000000000000e+00,2.180252015259519054e-03,2.758096561963856771e-03,2.168181818181817364e-03,2.792727272727273113e-03,1.000000000000000000e+00,0.000000000000000000e+00,7.665857000277134965e-04,1.281278380145674115e-03,-4.427380200551769493e-03,-1.750734449038647078e-03,4.191919063162380388e-02,7.869653164913654672e-03,1.256236465775810995e-01,2.232695053277177280e-02,7.718494587228045493e-04,1.303250208566262940e-03,-1.850372161817213359e-03,1.006516104926897734e-03,1.425769677434803169e-05,1.400649991356383661e-04
2.299999999999999961e-02,0.000000000000000000e+00,2.177323907113413570e-03,2.757332078776026860e-03,2.168181818181817364e-03,2.792727272727273113e-03,1.000000000000000000e+00,0.000000000000000000e+00,7.643426390535381634e-04,1.280513896957843987e-03,-4.486121948350642839e-03,-1.528966375660115520e-03,4.290195664808904574e-02,6.781533802188426108e-03,1.284627543453282505e-01,1.896160088461750978e-02,7.712192139375409310e-04,1.303621506034741487e-03,-6.728651556593980530e-04,4.796807377327288709e-04,1.425769677434803169e-05,1.400649991356383661e-04
2.350000000000000006e-02,0.000000000000000000e+00,2.174407473101960982e-03,2.756643267699942536e-03,2.168181818181817364e-03,2.792727272727273113e-03,1.000000000000000000e+00,0.000000000000000000e+00,7.621085209853415126e-04,1.279825085881760097e-03,-4.468236136393206187e-03,-1.377622152167610982e-03,4.264940269994606237e-02,6.518590012202888327e-03,1.266524177413486663e-01,1.893438942440896916e-02,7.711491719244842509e-04,1.303691595589353928e-03,3.906386932529331505e-04,-1.980118083632790367e-04,1.425769677434803169e-05,1.400649991356383661e-04
2.400000000000000050e-02,0.000000000000000000e+00,2.171490254983979989e-03,2.756021108592747633e-03,2.168181818181817364e-03,2.792727272727273113e-03,1.000000000000000000e+00,1.000000000000000000e+00,7.598738022566962902e-04,1.279202926774564760e-03,-4.469437457290359808e-03,-1.244318214390525415e-03,4.316014549439566722e-02,8.147855880620271871e-03,1.288509301374434479e-01,2.554369931432756702e-02,7.641322598093124594e-04,1.286354147478080932e-03,-1.421948212208306835e-03,-1.746996983246190205e-03,2.317031226705214871e-04,6.822284541314855644e-04
2.450000000000000094e-02,0.000000000000000000e+00,2.168598181195948750e-03,2.755515819785624848e-03,2.168181835245253965e-03,2.792727272539357892e-03,1.000000000000000000e+00,1.000000000000000000e+00,7.576583452022847553e-04,1.278697637967442409e-03,-4.430914108822962133e-03,-1.010577614244787112e-03,4.414642497470240567e-02,9.277194587838983111e-03,1.322656479600987367e-01,2.863935237749125687e-02,7.636418800734566179e-04,1.285795891042372215e-03,-5.412589641418767694e-04,-4.884467173208483556e-04,2.317031226705214871e-04,6.822284541314855644e-04
2.500000000000000139e-02,0.000000000000000000e+00,2.165780700566257745e-03,2.755161397167479355e-03,2.168181953936649219e-03,2.792727271306535020e-03,1.000000000000000000e+00,1.000000000000000000e+00,7.555000298223147432e-04,1.278343215349296482e-03,-4.316630759939965242e-03,-7.088452362918961453e-04,4.377163472455280341e-02,8.658602254311080493e-03,1.300284953496430584e-01,2.540264419489624698e-02,7.636208489586370158e-04,1.285817800387796918e-03,4.552041665994842768e-04,5.740242157130097563e-04,2.317031226705214871e-04,6.822284541314855644e-04
2.550000000000000183e-02,0.000000000000000000e+00,2.163018487890419964e-03,2.754936792515310252e-03,2.168182273822280657e-03,2.792727268210003742e-03,1.000000000000000000e+00,1.000000000000000000e+00,7.533840521512766330e-04,1.278118610697127596e-03,-4.231955342076225771e-03,-4.492093043379873215e-04,4.420095248222222217e-02,9.238615369072939246e-03,1.320604803797640614e-01,2.829494741502766586e-02,7.636447564480893435e-04,1.285885762635661502e-03,-3.579991344764456708e-04,-3.004830085666154510e-04,2.317031226705214871e-04,6.822284541314855644e-04
2.600000000000000228e-02,0.000000000000000000e+00,2.160332722809537101e-03,2.754858650132228221e-03,2.168182892235717002e-03,2.792727262675590537e-03,1.000000000000000000e+00,1.000000000000000000e+00,7.513266367355430578e-04,1.278040468314045781e-03,-4.114830831467178839e-03,-1.562847661634880910e-04,4.371863004127259089e-02,1.061367999397547571e-02,1.298826658108774013e-01,3.326607514700791884e-02,7.656688923574567554e-04,1.275099481680506269e-03,7.219990694292193964e-04,-7.007622332338610000e-04,1.724558304214654936e-04,1.005219362445705514e-03
2.649999999999999925e-02,0.000000000000000000e+00,2.157698656181570446e-03,2.754968253568723310e-03,2.168183904295867964e-03,2.792727254371525636e-03,1.000000000000000000e+00,1.000000000000000000e+00,7.493088246323841494e-04,1.278150071750540438e-03,-4.035624206317773438e-03,2.192068729894374682e-04,4.394368283610149140e-02,9.917691059210382437e-03,1.312102630023228023e-01,2.955074001537676825e-02,7.657779330615123144e-04,1.275051220826043785e-03,-2.838909716512371924e-04,5.053831445864995480e-04,1.724558304214654936e-04,1.005219362445705514e-03
2.699999999999999969e-02,0.000000000000000000e+00,2.155127260801112214e-03,2.755241654125094655e-03,2.168185402925020596e-03,2.792727243206207834e-03,1.000000000000000000e+00,1.000000000000000000e+00,7.473390214901224748e-04,1.278423472306911782e-03,-3.939606284523246120e-03,5.468011127424903363e-04,4.353941029306885452e-02,1.060631958284663674e-02,1.294987942231449751e-01,3.296016581103202586e-02,7.657873748688760447e-04,1.275089413932218663e-03,3.204865682047760710e-04,-3.509525953109611952e-04,1.724558304214654936e-04,1.005219362445705514e-03
2.750000000000000014e-02,0.000000000000000000e+00,2.152597845106893337e-03,2.755698439320315371e-03,2.168187478866888222e-03,2.792727229325970596e-03,1.000000000000000000e+00,1.000000000000000000e+00,7.454013766532280576e-04,1.278880257502132498e-03,-3.875289673788899318e-03,9.135703904416145283e-04,4.389087440970973475e-02,9.895762346986738608e-03,1.312428385265090036e-01,2.977048438920329096e-02,7.657633844597381678e-04,1.275169478873726956e-03,-4.150218919746638448e-04,6.692322302437394036e-04,1.724558304214654936e-04,1.005219362445705514e-03
2.800000000000000058e-02,0.000000000000000000e+00,2.150127816337672748e-03,2.756314216472097785e-03,2.168190220704657202e-03,2.792727213112859881e-03,1.000000000000000000e+00,1.000000000000000000e+00,7.435092248402227740e-04,1.279496034653915129e-03,-3.784303626010611116e-03,1.231554303565178358e-03,4.297320125090590970e-02,9.070777515451936696e-03,1.274269264791273726e-01,2.730985331667269700e-02,7.810133316498613261e-04,1.283738028282552278e-03,2.054008245144330579e-03,6.866252317059514700e-04,-2.705299141456290243e-04,7.595435360533780121e-04
2.850000000000000103e-02,0.000000000000000000e+00,2.147670787883203952e-03,2.757061282066243079e-03,2.168193714879023716e-03,2.792727195182392874e-03,1.000000000000000000e+00,1.000000000000000000e+00,7.416270318460915388e-04,1.280243100248060423e-03,-3.764385988262462616e-03,1.494131188290581799e-03,4.161983179126912263e-02,8.693391863190937097e-03,1.229647988816113952e-01,2.666139883035397243e-02,7.816928722887671061e-04,1.284005852343594531e-03,6.668169894209769865e-04,3.852449623893654924e-04,-2.705299141456290243e-04,7.595435360533780121e-04
2.900000000000000147e-02,0.000000000000000000e+00,2.145159082334978894e-03,2.757926229581626667e-03,2.168198045706241396e-03,2.792727176381333640e-03,1.000000000000000000e+00,1.000000000000000000e+00,7.397029537681227077e-04,1.281108047763444011e-03,-3.848156155937617132e-03,1.729895030766992210e-03,4.215294380497286442e-02,9.034314876960748697e-03,1.261463036181681152e-01,2.840898207241785572e-02,7.817142258400919383e-04,1.284067522855872378e-03,-5.789892342574269558e-04,-1.375520697598145296e-04,-2.705299141456290243e-04,7.595435360533780121e-04
2.950000000000000192e-02,0.000000000000000000e+00,2.142620329532566627e-03,2.758918245809948745e-03,2.168203295396167220e-03,2.792727157785463137e-03,1.000000000000000000e+00,1.000000000000000000e+00,7.377581562913819967e-04,1.282100063991766089e-03,-3.889594953481492236e-03,1.984032456644010088e-03,4.156564950653492824e-02,8.714525820999647482e-03,1.233884716307594026e-01,2.698529437352691074e-02,7.817048920987487498e-04,1.284109279204564275e-03,5.394870286491436654e-04,3.037207054245067307e-04,-2.705299141456290243e-04,7.595435360533780121e-04
2.999999999999999889e-02,0.000000000000000000e+00,2.140025707928424475e-03,2.760025745711783274e-03,2.168209544070300466e-03,2.792727140697340120e-03,1.000000000000000000e+00,1.000000000000000000e+00,7.357705608295324025e-04,1.283207563893600401e-03,-3.975190923699083341e-03,2.214999803668656845e-03,4.296764092330414286e-02,8.317365178952172700e-03,1.292894766543421781e-01,2.581518064655429975e-02,7.531702882247278850e-04,1.289059153264481136e-03,-3.856935469731974375e-03,3.993715261553935415e-04,5.486565675614874047e-04,6.183738064917642914e-04
3.049999999999999933e-02,0.000000000000000000e+00,2.137446402113619623e-03,2.761234847610507387e-03,2.168216869779829477e-03,2.792727126644076793e-03,1.000000000000000000e+00,1.000000000000000000e+00,7.337946979429967606e-04,1.284416665792324731e-03,-3.951725773071266407e-03,2.418203797448574902e-03,4.432776675635323460e-02,8.172617659085903985e-03,1.333873108953010922e-01,2.567946262299202267e-02,7.515865552508153207e-04,1.289254702910067052e-03,-2.480603888900670580e-03,3.828516814846922699e-04,5.486565675614874047e-04,6.183738064917642914e-04
3.099999999999999978e-02,0.000000000000000000e+00,2.134950669718646034e-03,2.762539708915289372e-03,2.168225348523678854e-03,2.792727117375110556e-03,1.000000000000000000e+00,1.000000000000000000e+00,7.318828560103150371e-04,1.285721527097106716e-03,-3.823683865363521756e-03,2.609722609563964492e-03,4.569495249135731990e-02,7.968053358291234470e-03,1.376035294093150563e-01,2.509093602871684953e-02,7.507107367463887503e-04,1.289421850672278725e-03,-1.025457087269231356e-03,2.859209013686835228e-04,5.486565675614874047e-04,6.183738064917642914e-04
3.150000000000000022e-02,0.000000000000000000e+00,2.132606318911980155e-03,2.763932674538286532e-03,2.168235054266544511e-03,2.792727114859961876e-03,1.000000000000000000e+00,1.000000000000000000e+00,7.300869791021473562e-04,1.287114492720103660e-03,-3.591753816335314497e-03,2.785931245993781506e-03,4.533175714081714991e-02,8.097154073670405350e-03,1.351483721582938669e-01,2.584272978944306826e-02,7.505656881313026120e-04,1.289498323503622795e-03,4.424233744940884658e-04,2.048195140070512151e-05,5.486565675614874047e-04,6.183738064917642914e-04
3.200000000000000067e-02,0.000000000000000000e+00,2.130393658873653943e-03,2.765416597139136456e-03,2.168246058956948673e-03,2.792727121286016877e-03,1.000000000000000000e+00,1.000000000000000000e+00,7.283919831752761094e-04,1.288598415320953800e-03,-3.389991853742424163e-03,2.967845201700177165e-03,4.601355734668727271e-02,6.942546555891919262e-03,1.382128485974823684e-01,2.132665391200895544e-02,7.479646293783981902e-04,1.298349206907907982e-03,-8.023658990042608794e-04,1.089494219807255393e-03,6.229933699674262320e-04,3.645249793740978472e-04
3.250000000000000111e-02,0.000000000000000000e+00,2.128345567858915075e-03,2.766954163504479342e-03,2.168258432545271466e-03,2.792727139056282604e-03,1.000000000000000000e+00,1.000000000000000000e+00,7.268230544344333370e-04,1.290135981686296902e-03,-3.137857481685588958e-03,3.075132730685994735e-03,4.615405495147513470e-02,6.723497694586009522e-03,1.383096200394972053e-01,2.150772629294904134e-02,7.478078324370771328e-04,1.298623489845023753e-03,1.732932440066108516e-04,9.719752685405152678e-06,6.229933699674262320e-04,3.645249793740978472e-04
3.300000000000000155e-02,0.000000000000000000e+00,2.126467403503666184e-03,2.768537729165024101e-03,2.168272243001808514e-03,2.792727170787169186e-03,1.000000000000000000e+00,1.000000000000000000e+00,7.253842970668310198e-04,1.291719547346841445e-03,-2.877514735204609285e-03,3.167131321089043487e-03,4.645346075054927748e-02,6.657093429391722911e-03,1.394899603323457304e-01,2.147639381710922390e-02,7.478053431961258560e-04,1.298639696203748167e-03,-1.825604737012652119e-04,5.501728371629739569e-05,6.229933699674262320e-04,3.645249793740978472e-04
3.350000000000000200e-02,0.000000000000000000e+00,2.124772403297624061e-03,2.770164504243141038e-03,2.168287556334802958e-03,2.792727219306248565e-03,1.000000000000000000e+00,1.000000000000000000e+00,7.240858515779067866e-04,1.293346322424958382e-03,-2.596890977848474637e-03,3.253550156233928591e-03,4.579320700181040843e-02,6.748781182747840002e-03,1.368183657000987263e-01,2.192633072188314089e-02,7.478784352127937525e-04,1.298646147857748703e-03,4.736540426770398013e-04,-2.904799407330173723e-05,6.229933699674262320e-04,3.645249793740978472e-04
3.400000000000000244e-02,0.000000000000000000e+00,2.123225550394741354e-03,2.771836667579986695e-03,2.168304436608493087e-03,2.792727287650027118e-03,1.000000000000000000e+00,1.000000000000000000e+00,7.229008935073312275e-04,1.295018485761804039e-03,-2.369916141151092673e-03,3.344326673691432831e-03,4.597054206787809516e-02,8.412371621058003721e-03,1.381905727869393585e-01,2.834792094533832366e-02,7.507745083596794981e-04,1.283791842639130185e-03,-1.711119755776377123e-04,-1.564583057905257878e-03,5.389375927209559417e-04,7.952753628771524986e-04
3.450000000000000289e-02,0.000000000000000000e+00,2.121834182138519070e-03,2.773605497463882755e-03,2.168322945961162138e-03,2.792727379061717835e-03,1.000000000000000000e+00,1.000000000000000000e+00,7.218350435863198728e-04,1.296787315645700099e-03,-2.131699842022709290e-03,3.537659767792292274e-03,4.608042776571249360e-02,8.968484013126555923e-03,1.385917497171625379e-01,2.917067813986958316e-02,7.507600356986809378e-04,1.283402268538624607e-03,1.126719089075088327e-04,3.262912335974532674e-06,5.389375927209559417e-04,7.952753628771524986e-04
3.500000000000000333e-02,0.000000000000000000e+00,2.120602153664171742e-03,2.775487050660951222e-03,2.168343144623173773e-03,2.792727496989004694e-03,1.000000000000000000e+00,1.000000000000000000e+00,7.208912550197817473e-04,1.298668868842768349e-03,-1.887577133076311130e-03,3.763106394136537212e-03,4.622326726657212392e-02,8.766192824962829727e-03,1.391816060517718778e-01,2.800727456827913076e-02,7.507693127074632029e-04,1.283439924650045267e-03,-7.520013070755240513e-05,1.470813918881823021e-04,5.389375927209559417e-04,7.952753628771524986e-04
3.550000000000000377e-02,0.000000000000000000e+00,2.119534908224728238e-03,2.777473480494141791e-03,2.168365090935020154e-03,2.792727645081813544e-03,1.000000000000000000e+00,1.000000000000000000e+00,7.200736975814519148e-04,1.300655298675959352e-03,-1.635114876659669566e-03,3.972859666382043756e-03,4.585140531715302392e-02,9.071175260553019162e-03,1.377488095474860563e-01,2.945461925550550350e-02,7.508206831685139719e-04,1.283445479506805167e-03,2.799916763206312768e-04,-1.243361709395864707e-04,5.389375927209559417e-04,7.952753628771524986e-04
3.600000000000000422e-02,0.000000000000000000e+00,2.118612020178389094e-03,2.779572874509320980e-03,2.168388841365366092e-03,2.792727827190081245e-03,1.000000000000000000e+00,1.000000000000000000e+00,7.193667243219330903e-04,1.302754692691138107e-03,-1.413946519037663019e-03,4.198788030357611563e-03,4.745418954423097357e-02,8.607060901798536598e-03,1.444077219477053753e-01,2.748897028515694813e-02,7.266172087526325159e-04,1.290194820518336801e-03,-3.058206074655770226e-03,1.111926580799573426e-03,1.244348706821643905e-03,6.001669374303896746e-04
3.649999999999999772e-02,0.000000000000000000e+00,2.117912216243487099e-03,2.781769175230070813e-03,2.168414450529090182e-03,2.792728047361521353e-03,1.000000000000000000e+00,1.000000000000000000e+00,7.188306434063284874e-04,1.304950993411888157e-03,-1.072161831209258835e-03,4.392601441500144054e-03,4.874900723848746287e-02,8.026062882911182139e-03,1.482486173700175991e-01,2.571212063195221081e-02,7.254727360726473959e-04,1.290663279272907587e-03,-1.522617346567242550e-03,7.625677870664420962e-04,1.244348706821643905e-03,6.001669374303896746e-04
3.699999999999999817e-02,0.000000000000000000e+00,2.117497853071175634e-03,2.784042847701334068e-03,2.168441971205331120e-03,2.792728309839399327e-03,1.000000000000000000e+00,1.000000000000000000e+00,7.185132228007462193e-04,1.307224665883151629e-03,-6.348412111645869308e-04,4.547344942527124963e-03,4.947796078389650465e-02,7.510198665842555618e-03,1.502052400191584702e-01,2.427120469742133357e-02,7.250991684824101974e-04,1.290910953456461934e-03,2.536114010902833227e-05,2.291533378835659406e-04,1.244348706821643905e-03,6.001669374303896746e-04
3.749999999999999861e-02,0.000000000000000000e+00,2.117402179666216799e-03,2.786376611108425279e-03,2.168471454355533172e-03,2.792728619060298213e-03,1.000000000000000000e+00,1.000000000000000000e+00,7.184399327205231826e-04,1.309558429290242406e-03,-1.465801604460233794e-04,4.667526814181379401e-03,4.919239694050186323e-02,8.143520119520230097e-03,1.487317791689172219e-01,2.722286950651419193e-02,7.251689561954958226e-04,1.290892104304979448e-03,2.533452445744600033e-04,-3.035169232074756761e-04,1.244348706821643905e-03,6.001669374303896746e-04
3.799999999999999906e-02,0.000000000000000000e+00,2.117607194222765558e-03,2.788789296642190697e-03,2.168502949141484695e-03,2.792728979651884318e-03,1.000000000000000000e+00,1.000000000000000000e+00,7.185969829823256935e-04,1.311971114824008258e-03,3.141005236049592407e-04,4.825371067531528287e-03,4.905196477211400119e-02,6.881261565010674160e-03,1.486734484912071719e-01,2.184792867703876096e-02,7.325091061538883085e-04,1.302941689137737712e-03,7.407122484545411532e-04,1.914709899487433654e-03,1.030412229895982974e-03,2.488339470969524124e-04
3.849999999999999950e-02,0.000000000000000000e+00,2.118102341371822048e-03,2.791240261092926313e-03,2.168536502943369231e-03,2.792729396430684592e-03,1.000000000000000000e+00,1.000000000000000000e+00,7.189762877043867585e-04,1.314422079274743657e-03,7.586094441221573857e-04,4.901928901470771135e-03,4.850202518415923369e-02,5.416028435117896389e-03,1.468922966270443942e-01,1.726792616046295831e-02,7.328203091416168402e-04,1.303580621908818861e-03,5.045456298290785548e-04,6.434607041212148885e-04,1.030412229895982974e-03,2.488339470969524124e-04
3.899999999999999994e-02,0.000000000000000000e+00,2.118856638966841802e-03,2.793682985522085403e-03,2.168572161377801434e-03,2.792729874399844936e-03,1.000000000000000000e+00,1.000000000000000000e+00,7.195541131855094294e-04,1.316864803703902964e-03,1.155650962245334881e-03,4.885448858318780334e-03,4.876064583992403834e-02,6.150660903777255793e-03,1.485758307884370022e-01,2.136471295860596642e-02,7.329271065972738390e-04,1.303638181996363485e-03,-7.623429893531809775e-05,-4.111786513399194988e-04,1.030412229895982974e-03,2.488339470969524124e-04
3.950000000000000039e-02,0.000000000000000000e+00,2.119879945198396842e-03,2.796140249796248700e-03,2.168609968315876862e-03,2.792730418746905852e-03,1.000000000000000000e+00,1.000000000000000000e+00,7.203380112378015426e-04,1.319322067978066044e-03,1.567796104584236227e-03,4.914528548326234716e-03,4.845514910387044294e-02,5.347433541838930021e-03,1.473862650428502952e-01,1.763063042133385452e-02,7.330022682403810382e-04,1.303690308978981216e-03,3.760016034500294688e-04,6.176906760500332867e-04,1.030412229895982974e-03,2.488339470969524124e-04
4.000000000000000083e-02,0.000000000000000000e+00,2.121153710434635787e-03,2.798586501334915898e-03,2.168649965901213970e-03,2.792731034841573756e-03,1.000000000000000000e+00,1.000000000000000000e+00,7.213137720188603089e-04,1.321768319516733242e-03,1.951521562117514543e-03,4.892503077334472462e-03,5.029049668294838932e-02,5.385754755608635966e-03,1.549775676214993625e-01,1.845566784236530797e-02,7.048515250975783113e-04,1.301907403758284553e-03,-3.250399179204123933e-03,-6.971145455467242036e-04,1.860446219897295009e-03,3.021639374262543925e-04
4.050000000000000128e-02,0.000000000000000000e+00,2.122766830209197719e-03,2.801022788588709324e-03,2.168692194567996973e-03,2.792731728233482317e-03,1.000000000000000000e+00,1.000000000000000000e+00,7.225494934582488279e-04,1.324204606770526451e-03,2.471442878777041496e-03,4.872574507586342057e-03,5.165228846160988679e-02,5.805413032433381221e-03,1.589741115506891067e-01,2.004419406786590169e-02,7.036583992381793178e-04,1.301636164677850895e-03,-1.525402191866928082e-03,-3.884297531317575103e-04,1.860446219897295009e-03,3.021639374262543925e-04
4.100000000000000172e-02,0.000000000000000000e+00,2.124783402421176991e-03,2.803462067663195847e-03,2.168736693059023467e-03,2.792732504649968108e-03,1.000000000000000000e+00,1.000000000000000000e+00,7.240942773953836778e-04,1.326643885845012975e-03,3.089567874269705337e-03,4.878558148973121018e-03,5.239802149334625569e-02,6.215257271377618367e-03,1.610342097638261250e-01,2.128021764030594079e-02,7.033444240092056286e-04,1.301538006940884803e-03,2.660413462119070802e-04,-4.940682291479652107e-06,1.860446219897295009e-03,3.021639374262543925e-04
4.150000000000000216e-02,0.000000000000000000e+00,2.127235868910871963e-03,2.805916836933923519e-03,2.168783498443742960e-03,2.792733369993836284e-03,1.000000000000000000e+00,1.000000000000000000e+00,7.259729757217502164e-04,1.329098655115741080e-03,3.757396652733177057e-03,4.909538541456367339e-03,5.255784553315065444e-02,6.135255316456991737e-03,1.613709899672572390e-01,2.063297318485018614e-02,7.034094975761038008e-04,1.301551146707549287e-03,-5.223829287042167742e-06,5.737847863559021946e-05,1.860446219897295009e-03,3.021639374262543925e-04
4.200000000000000261e-02,0.000000000000000000e+00,2.130126890400287770e-03,2.808384137513309474e-03,2.168832646136303194e-03,2.792734330341126257e-03,1.000000000000000000e+00,1.000000000000000000e+00,7.281876266686544003e-04,1.331565955695126818e-03,4.429301893808453537e-03,4.934601158771608972e-03,5.184800315579176505e-02,5.692271267997365235e-03,1.588326012516667884e-01,1.899164677919022368e-02,7.196498152683749932e-04,1.306697407415995365e-03,2.285123826864163526e-03,5.192250038918100547e-04,1.385789070010672941e-03,1.506452795393220339e-04
4.250000000000000305e-02,0.000000000000000000e+00,2.133415476028856141e-03,2.810849698468032790e-03,2.168884169913597778e-03,2.792735391938893849e-03,1.000000000000000000e+00,1.000000000000000000e+00,7.307068294151403218e-04,1.334031516649850134e-03,5.038405492971754704e-03,4.931121909446774948e-03,5.052843320983088637e-02,5.375016838852179381e-03,1.546354719154064417e-01,1.813619992689649574e-02,7.205476646137347991e-04,1.306884698177222326e-03,1.308133020158899675e-03,2.304905269638404808e-04,1.385789070010672941e-03,1.506452795393220339e-04
4.300000000000000350e-02,0.000000000000000000e+00,2.137030518703774210e-03,2.813303344691123371e-03,2.168938101933302106e-03,2.792736561202960495e-03,1.000000000000000000e+00,1.000000000000000000e+00,7.334761127678991266e-04,1.336485162872940932e-03,5.538566705517579229e-03,4.907292446181473443e-03,5.053992789825390020e-02,5.437650343408667424e-03,1.560707132134770969e-01,1.864002637184086070e-02,7.209345114511030465e-04,1.306941504675637918e-03,2.413072051511201167e-04,-2.814537769351365369e-06,1.385789070010672941e-03,1.506452795393220339e-04
4.350000000000000394e-02,0.000000000000000000e+00,2.140968388460223228e-03,2.815746894165527692e-03,2.168994472751925758e-03,2.792737844715701030e-03,1.000000000000000000e+00,1.000000000000000000e+00,7.364926960125534137e-04,1.338928712347345036e-03,6.033166489308551539e-03,4.887098948808241486e-03,5.074432661754639529e-02,5.404110981740936105e-03,1.571159141794657432e-01,1.844761853294795556e-02,7.209819408752895587e-04,1.306947395073288897e-03,-5.102476510478507442e-05,2.631944447882550702e-05,1.385789070010672941e-03,1.506452795393220339e-04
4.399999999999999745e-02,0.000000000000000000e+00,2.145235125575838467e-03,2.818179138989887825e-03,2.169053311342849285e-03,2.792739249223798528e-03,1.000000000000000000e+00,1.000000000000000000e+00,7.397612062702200010e-04,1.341360957171705386e-03,6.537020515333138299e-03,4.864489648720909942e-03,5.103351186379670446e-02,3.802928239526018502e-03,1.583306098671276030e-01,1.224807628679015076e-02,7.231221058628873374e-04,1.322576470119730258e-03,7.009055637185734877e-04,1.740816679884796096e-03,1.325897743565644530e-03,-3.093373690603557044e-04
4.449999999999999789e-02,0.000000000000000000e+00,2.149840910675146488e-03,2.820549889786411538e-03,2.169114645114374011e-03,2.792740781636024287e-03,1.000000000000000000e+00,1.000000000000000000e+00,7.432894423517449195e-04,1.343731707968228882e-03,7.056472163049872480e-03,4.741501593047201153e-03,5.033380002161989830e-02,2.627158252979914892e-03,1.556406233803669104e-01,8.995757775887453303e-03,7.234367156488470847e-04,1.323102135799784440e-03,5.577990294692257694e-04,3.644934721737866368e-04,1.325897743565644530e-03,-3.093373690603557044e-04
4.499999999999999833e-02,0.000000000000000000e+00,2.154746223096793561e-03,2.822822844051841445e-03,2.169178499927759685e-03,2.792742449020996134e-03,1.000000000000000000e+00,1.000000000000000000e+00,7.470471296741103490e-04,1.346004662233658790e-03,7.515374644730941391e-03,4.545908530859822660e-03,5.072051528653938324e-02,3.309870204745071938e-03,1.579821569226631250e-01,1.256676862735970138e-02,7.235382514471780987e-04,1.323088466393418936e-03,-1.502874106163598763e-04,-4.176547875472097341e-04,1.325897743565644530e-03,-3.093373690603557044e-04
4.549999999999999878e-02,0.000000000000000000e+00,2.159966398557229030e-03,2.825020219475333442e-03,2.169244900115275577e-03,2.792744258604957976e-03,1.000000000000000000e+00,1.000000000000000000e+00,7.510460160776827017e-04,1.348202037657150786e-03,7.997772807144639534e-03,4.394750846983912045e-03,5.026880259123643613e-02,2.649887530514666127e-03,1.561524894168547228e-01,9.355807641782653769e-03,7.236458217865218354e-04,1.323110773915535344e-03,5.791510602308823190e-04,5.050957540251061351e-04,1.325897743565644530e-03,-3.093373690603557044e-04
4.599999999999999922e-02,0.000000000000000000e+00,2.165474552899446410e-03,2.827122017954966128e-03,2.169313868498238575e-03,2.792746217769540712e-03,1.000000000000000000e+00,1.000000000000000000e+00,7.552655071033799851e-04,1.350303836136783472e-03,8.438982051394644870e-03,4.203596959265315167e-03,4.974625756100825580e-02,3.552103326454566536e-03,1.547417139858690560e-01,1.334089885349639369e-02,7.355503967753506019e-04,1.317597570679312829e-03,1.259401842823320737e-03,-1.081276209866179495e-03,9.794532676121250891e-04,-1.468285909252644748e-04
4.649999999999999967e-02,0.000000000000000000e+00,2.171240533172324062e-03,2.829157311383023211e-03,2.169385426405059936e-03,2.792748334049534840e-03,1.000000000000000000e+00,1.000000000000000000e+00,7.596825042505517094e-04,1.352339129564840772e-03,8.833994294343432835e-03,4.070586856114436457e-03,4.922936765413994664e-02,4.288919730326560056e-03,1.533889712338738220e-01,1.537505403472428159e-02,7.359909931486528951e-04,1.317281456278211185e-03,5.044301256626511224e-04,-1.849066014155040759e-04,9.794532676121250891e-04,-1.468285909252644748e-04
4.700000000000000011e-02,0.000000000000000000e+00,2.177234791136005345e-03,2.831149671576787055e-03,2.169459593689285985e-03,2.792750615130658743e-03,1.000000000000000000e+00,1.000000000000000000e+00,7.642743722542514120e-04,1.354331489758604182e-03,9.183736007399304763e-03,3.984720387526822019e-03,4.983324027206779278e-02,3.870237197677334033e-03,1.563601544974702606e-01,1.308311378904377167e-02,7.360514314075997924e-04,1.317285798048095993e-03,-2.611956008264872857e-04,2.015246180215531134e-04,9.794532676121250891e-04,-1.468285909252644748e-04
4.750000000000000056e-02,0.000000000000000000e+00,2.183484247277322175e-03,2.833086285930042948e-03,2.169536388747649643e-03,2.792753068847329562e-03,1.000000000000000000e+00,1.000000000000000000e+00,7.690617334038231606e-04,1.356268104111860509e-03,9.574722299143589160e-03,3.873228706512699734e-03,4.921322024874393714e-02,4.285508419663660098e-03,1.536431852394285758e-01,1.500534962589899005e-02,7.361774050362445299e-04,1.317249301829300856e-03,7.631002822067740714e-04,-3.464461535050466557e-04,9.794532676121250891e-04,-1.468285909252644748e-04
4.800000000000000100e-02,0.000000000000000000e+00,2.189954162204695454e-03,2.834980562423286728e-03,2.169615828538103749e-03,2.792755703180427145e-03,1.000000000000000000e+00,1.000000000000000000e+00,7.740179757813898248e-04,1.358162380605104289e-03,9.912484755133305764e-03,3.788552986487676855e-03,4.931804090992571166e-02,2.735842216591459226e-03,1.547579320563337302e-01,8.596055438931628906e-03,7.414891265109169920e-04,1.336069805398893470e-03,4.241108768457337204e-04,2.339669397799624788e-03,8.277257900139749951e-04,-7.011133891741006680e-04
4.850000000000000144e-02,0.000000000000000000e+00,2.196646490527918646e-03,2.836784343673631401e-03,2.169697928597872152e-03,2.792758526255066653e-03,1.000000000000000000e+00,1.000000000000000000e+00,7.791445967049227296e-04,1.359966161855448528e-03,1.025324184706586338e-02,3.607562500688565182e-03,4.911616181053778812e-02,1.140427354982215345e-03,1.540643749133461526e-01,3.645056058333952503e-03,7.417208374382759173e-04,1.336869259136671834e-03,5.025720193661956711e-04,8.609810209307476158e-04,8.277257900139749951e-04,-7.011133891741006680e-04
4.900000000000000189e-02,0.000000000000000000e+00,2.203547773030802709e-03,2.838448612649872166e-03,2.169782703061493446e-03,2.792761546338370319e-03,1.000000000000000000e+00,1.000000000000000000e+00,7.844312858166512014e-04,1.361630430831689510e-03,1.057337822345691576e-02,3.328537952481925265e-03,4.927937489154730899e-02,1.851476389739218015e-03,1.550396393975102538e-01,7.648471336782081825e-03,7.418764004723183217e-04,1.336963668061472718e-03,1.204148537623729218e-04,-4.807486342696752190e-04,8.277257900139749951e-04,-7.011133891741006680e-04
4.950000000000000233e-02,0.000000000000000000e+00,2.210662974695562933e-03,2.839997026793379502e-03,2.169870164678860784e-03,2.792764771837229210e-03,1.000000000000000000e+00,1.000000000000000000e+00,7.898818465136116847e-04,1.363178844975196846e-03,1.090112139392088522e-02,3.096828287014747726e-03,4.918091438754741695e-02,9.725207073981153921e-04,1.546910050015702642e-01,3.528260351840858608e-03,7.419542843951563689e-04,1.336969499330240485e-03,1.909811377302525568e-04,5.021686076902378594e-04,8.277257900139749951e-04,-7.011133891741006680e-04
5.000000000000000278e-02,0.000000000000000000e+00,2.217983868481461854e-03,2.841403285885130831e-03,2.169960324833269082e-03,2.792768211296078017e-03,1.000000000000000000e+00,1.000000000000000000e+00,7.954899765169637805e-04,1.364585104066948175e-03,1.121626000670417588e-02,2.812518183502706482e-03,4.908538397436289918e-02,7.301304084506291718e-04,1.545704739696801555e-01,3.214955180919948537e-03,7.451747181054817941e-04,1.342237331821719221e-03,4.687173936205008907e-04,-1.097838794882025504e-04,7.353184480433848326e-04,-8.574769200269198024e-04
5.050000000000000322e-02,0.000000000000000000e+00,2.225502446490974263e-03,2.842661307534571826e-03,2.170053193559458304e-03,2.792771873394661597e-03,1.000000000000000000e+00,1.000000000000000000e+00,8.012495414213073900e-04,1.365843125716389170e-03,1.151912980868731104e-02,2.516043298881799010e-03,4.971615002422942464e-02,6.275379479139930189e-04,1.572616512312243753e-01,2.895935010949843551e-03,7.452291006687598168e-04,1.342210911133246472e-03,-2.497967243173214447e-04,3.881841312292305755e-06,7.353184480433848326e-04,-8.574769200269198024e-04
5.100000000000000366e-02,0.000000000000000000e+00,2.233247159514194224e-03,2.843769466273819366e-03,2.170148779561658064e-03,2.792775766945806287e-03,1.000000000000000000e+00,1.000000000000000000e+00,8.071823357962962979e-04,1.366951284455636927e-03,1.186558874997775161e-02,2.216317478495314752e-03,4.900527748851815635e-02,7.861753109070362955e-04,1.541453689090896695e-01,3.470704745235906642e-03,7.453682618360524563e-04,1.342175259863951026e-03,8.043931277858192876e-04,-1.461947247059308891e-04,7.353184480433848326e-04,-8.574769200269198024e-04
5.150000000000000411e-02,0.000000000000000000e+00,2.241178884805536918e-03,2.844734337282445701e-03,2.170247090231628741e-03,2.792779900893185147e-03,1.000000000000000000e+00,1.000000000000000000e+00,8.132583898800753528e-04,1.367916155464263261e-03,1.215210816755806292e-02,1.929742017252722821e-03,4.955662232720713101e-02,7.461184669684606859e-04,1.570447596771835652e-01,3.056467706079359255e-03,7.455206496093058589e-04,1.342130061892410006e-03,-1.929150229278003836e-04,-3.481131304952455154e-05,7.353184480433848326e-04,-8.574769200269198024e-04
5.200000000000000455e-02,0.000000000000000000e+00,2.249322171347416938e-03,2.845556225327950696e-03,2.170348131666705212e-03,2.792784284309086668e-03,1.000000000000000000e+00,1.000000000000000000e+00,8.194965092842082998e-04,1.368738043509768040e-03,1.247623880826592875e-02,1.643776091009478604e-03,4.948937355208934963e-02,-6.815842599836182368e-04,1.564841005729425694e-01,-2.577035092693128002e-03,7.571238441694969545e-04,1.361943175529676956e-03,2.009678921311165798e-03,2.173580767640473799e-03,3.981815990664645138e-04,-1.440464302248504243e-03
5.249999999999999806e-02,0.000000000000000000e+00,2.257670266690998961e-03,2.846192076875237072e-03,2.170451908687850550e-03,2.792788926392193033e-03,1.000000000000000000e+00,1.000000000000000000e+00,8.258915213327868744e-04,1.369373895057054633e-03,1.279002409715718734e-02,1.271703094573123100e-03,4.854469755966041300e-02,-1.793109822270020064e-03,1.530384176375139405e-01,-5.835066989568243184e-03,7.579804972538076863e-04,1.362722508920246028e-03,1.418047616470853502e-03,9.461021811922141079e-04,3.981815990664645138e-04,-1.440464302248504243e-03
5.299999999999999850e-02,0.000000000000000000e+00,2.266172513938878759e-03,2.846609242242438727e-03,2.170558424857681971e-03,2.792793836465333208e-03,1.000000000000000000e+00,1.000000000000000000e+00,8.324046205910488406e-04,1.369791060424256288e-03,1.302619851652393572e-02,8.343307344031957980e-04,4.784243216811730898e-02,-2.098531334654888270e-03,1.512422136120467331e-01,-6.260455751963564172e-03,7.584702317558495582e-04,1.362939638379642195e-03,5.425685517371550953e-04,-7.561247888702949879e-05,3.981815990664645138e-04,-1.440464302248504243e-03
5.349999999999999895e-02,0.000000000000000000e+00,2.274790972699353847e-03,2.846800671026486138e-03,2.170667682498531037e-03,2.792799023973265970e-03,1.000000000000000000e+00,1.000000000000000000e+00,8.390067430327604247e-04,1.369982489208303698e-03,1.320424488342319611e-02,3.828575680946095052e-04,4.854393283382917035e-02,-1.968497049275066274e-03,1.546601263728018538e-01,-5.688885485610482677e-03,7.585253479175736767e-04,1.362884477925522695e-03,-3.204335005687749746e-04,-1.448929882823728297e-04,3.981815990664645138e-04,-1.440464302248504243e-03
5.399999999999999939e-02,0.000000000000000000e+00,2.283558460279866073e-03,2.846773030599366282e-03,2.170779682710481315e-03,2.792804498480444715e-03,1.000000000000000000e+00,1.000000000000000000e+00,8.457230281739266725e-04,1.369954848781183626e-03,1.343257028233251806e-02,-5.528085424036019695e-05,4.765202413142427540e-02,-2.704666729664174235e-03,1.507179913696682361e-01,-8.847353664825908376e-03,8.003688141826881524e-04,1.379385236487820545e-03,5.541321416042384665e-03,1.867279202845844623e-03,-8.278322890617501473e-04,-1.926485052066696357e-03
5.449999999999999983e-02,0.000000000000000000e+00,2.292427564519926991e-03,2.846505862376324039e-03,2.170894425389410798e-03,2.792810269668781833e-03,1.000000000000000000e+00,1.000000000000000000e+00,8.525171561924684742e-04,1.369687680558141383e-03,1.358825603708361217e-02,-5.343364460845787282e-04,4.641961654418629013e-02,-3.208143383930067531e-03,1.467753436955193114e-01,-1.038027444673294414e-02,8.028905566301102826e-04,1.380147604420502334e-03,4.547479129156509377e-03,1.183488894512500864e-03,-8.278322890617501473e-04,-1.926485052066696357e-03
5.500000000000000028e-02,0.000000000000000000e+00,2.301334353799390324e-03,2.845986245655688935e-03,2.171011909245034767e-03,2.792816347335420890e-03,1.000000000000000000e+00,1.000000000000000000e+00,8.593401526260331181e-04,1.369168063837506279e-03,1.364599286712924429e-02,-1.039233441270061807e-03,4.515272660023408879e-02,-3.627037698146520252e-03,1.429377217867001393e-01,-1.179446056118341191e-02,8.048872822143002216e-04,1.380586604358032855e-03,3.441491140822352558e-03,5.736760750934718741e-04,-8.278322890617501473e-04,-1.926485052066696357e-03
5.550000000000000072e-02,0.000000000000000000e+00,2.310213908025299245e-03,2.845204082224072652e-03,2.171132131818958623e-03,2.792822741390509674e-03,1.000000000000000000e+00,1.000000000000000000e+00,8.661422857981642982e-04,1.368385900405889779e-03,1.360426634426239144e-02,-1.564326863232907028e-03,4.385180159830792679e-02,-3.935035808525927555e-03,1.389448288600090564e-01,-1.285885394889362161e-02,8.063031555888903719e-04,1.380747572827144319e-03,2.224307736879557393e-03,7.116557728344596791e-05,-8.278322890617501473e-04,-1.926485052066696357e-03
5.600000000000000117e-02,0.000000000000000000e+00,2.319000359895877737e-03,2.844152887123244187e-03,2.171255089502709471e-03,2.792829461854961972e-03,1.000000000000000000e+00,1.000000000000000000e+00,8.728730984283532800e-04,1.367334705305061531e-03,1.346162526037802433e-02,-2.102390201656523499e-03,4.272273301763992309e-02,-3.877415069549521465e-03,1.355951292602935454e-01,-1.260355357505640525e-02,8.244948344799261832e-04,1.380621519052159822e-03,2.872684607558465691e-03,-2.623723110362505490e-04,-1.339596328043568844e-03,-1.924122728529070736e-03
5.650000000000000161e-02,0.000000000000000000e+00,2.327637228695910755e-03,2.842837708744840562e-03,2.171380777555786783e-03,2.792836518858229748e-03,1.000000000000000000e+00,1.000000000000000000e+00,8.794893237785660327e-04,1.366019526926657906e-03,1.323245070042540668e-02,-2.630356756807390121e-03,4.139664919691204981e-02,-3.787550837158169814e-03,1.312878840194904306e-01,-1.253080241037967703e-02,8.255955039785582532e-04,1.380455344831884668e-03,1.532548957991148111e-03,-4.020476012674250037e-04,-1.339596328043568844e-03,-1.924122728529070736e-03
5.700000000000000205e-02,0.000000000000000000e+00,2.336058836813499802e-03,2.841264574479246754e-03,2.171509190123711332e-03,2.792843922636076628e-03,1.000000000000000000e+00,1.000000000000000000e+00,8.859406498791708683e-04,1.364446392661063882e-03,1.290265220120963979e-02,-3.146268531187947168e-03,4.152882955205530746e-02,-3.749624961697124725e-03,1.327590860596683520e-01,-1.268210277640538855e-02,8.260161644187071113e-04,1.380279750336464500e-03,1.527509368112074922e-04,-3.005205028189736620e-04,-1.339596328043568844e-03,-1.924122728529070736e-03
5.750000000000000250e-02,0.000000000000000000e+00,2.344273354837038675e-03,2.839437847538935078e-03,2.171640320256054170e-03,2.792851683528336203e-03,1.000000000000000000e+00,1.000000000000000000e+00,8.922333357640034948e-04,1.362619665720752639e-03,1.258537176966521322e-02,-3.653453880622325144e-03,4.189786630832217917e-02,-4.290052758428712122e-03,1.339119064309514662e-01,-1.503144166787070447e-02,8.260059198716242831e-04,1.380253352360350004e-03,-1.930585635209733949e-04,1.939712770936187513e-04,-1.339596328043568844e-03,-1.924122728529070736e-03
5.800000000000000294e-02,0.000000000000000000e+00,2.352300748505377348e-03,2.837343792667233917e-03,2.171774159924497703e-03,2.792859811976693314e-03,1.000000000000000000e+00,1.000000000000000000e+00,8.983826760763628403e-04,1.360525610849051261e-03,1.229868062471873441e-02,-4.188109743402571895e-03,4.138064674089891176e-02,-3.159676485920954667e-03,1.314367675790164280e-01,-1.041004173352176945e-02,8.497811834361406001e-04,1.364906444641172771e-03,3.070559849763350880e-03,-2.342742961955125020e-03,-2.037146524161613081e-03,-1.476064947322628133e-03
5.850000000000000339e-02,0.000000000000000000e+00,2.360116370521787507e-03,2.835021085725251619e-03,2.171910700040864672e-03,2.792868318522441929e-03,1.000000000000000000e+00,1.000000000000000000e+00,9.043697898915520426e-04,1.358202903907069180e-03,1.197422763037834029e-02,-4.645413883964107787e-03,4.036326514687862271e-02,-2.177765039421756567e-03,1.277557891238146615e-01,-7.758261265349505192e-03,8.510510691677348203e-04,1.363888609098228618e-03,2.010988522700582481e-03,-1.729748720268880265e-03,-2.037146524161613081e-03,-1.476064947322628133e-03
5.900000000000000383e-02,0.000000000000000000e+00,2.367670825711386956e-03,2.832503338499032727e-03,2.172049930475174889e-03,2.792877213804262956e-03,1.000000000000000000e+00,1.000000000000000000e+00,9.101568383103360435e-04,1.355685156680850071e-03,1.157409683756805731e-02,-5.035494452438111015e-03,3.938847611837637680e-02,-1.112857110705185552e-03,1.246272287314324628e-01,-4.628501294343926112e-03,8.517880958566000256e-04,1.363207299742175051e-03,9.391675556035630236e-04,-9.968832409022467759e-04,-2.037146524161613081e-03,-1.476064947322628133e-03
5.950000000000000427e-02,0.000000000000000000e+00,2.374917456789530507e-03,2.829826388112877469e-03,2.172191840073678989e-03,2.792886508555988620e-03,1.000000000000000000e+00,1.000000000000000000e+00,9.157080797790812313e-04,1.353008206294694597e-03,1.110248293749040160e-02,-5.353900772311142968e-03,3.948181287404717993e-02,-1.111895238336522507e-03,1.255727962325947911e-01,-5.670772289635980269e-03,8.520019103913891367e-04,1.362932152400477513e-03,-8.193860571595974404e-05,-1.054233659334779605e-04,-2.037146524161613081e-03,-1.476064947322628133e-03
5.999999999999999778e-02,0.000000000000000000e+00,2.381863697780394785e-03,2.826992419321175398e-03,2.172336416676905191e-03,2.792896213604367274e-03,1.000000000000000000e+00,1.000000000000000000e+00,9.210292090906981727e-04,1.350174237502992959e-03,1.064225862323384120e-02,-5.667937583403259358e-03,3.855199357457095993e-02,-1.642143351393565709e-03,1.216389713922205879e-01,-7.865954698629811642e-03,8.840706438978526097e-04,1.374053172834692601e-03,3.756656947016046889e-03,1.290703885562766379e-03,-2.979716229857890843e-03,-1.803608726196269515e-03
6.049999999999999822e-02,0.000000000000000000e+00,2.388465669454614779e-03,2.823987006270478085e-03,2.172483647137712134e-03,2.792906339866848588e-03,1.000000000000000000e+00,1.000000000000000000e+00,9.260866128053632127e-04,1.347168824452295646e-03,1.011480742933004023e-02,-6.010826101394481716e-03,3.730372581821927297e-02,-2.159357936494042673e-03,1.173063261063674589e-01,-9.569454668996746696e-03,8.856051429368309120e-04,1.374539293662264353e-03,2.383941524393908603e-03,6.549930535016575128e-04,-2.979716229857890843e-03,-1.803608726196269515e-03
6.099999999999999867e-02,0.000000000000000000e+00,2.394664087336179862e-03,2.820796317650639713e-03,2.172633517339315687e-03,2.792916898349328842e-03,1.000000000000000000e+00,1.000000000000000000e+00,9.308348763796655189e-04,1.343978135832457057e-03,9.496527148604667901e-03,-6.381377239677334980e-03,3.601759369811119438e-02,-2.581125484797383747e-03,1.130505084327420584e-01,-1.092529383147685870e-02,8.864266526529351138e-04,1.374723054470381768e-03,9.049325953554832307e-04,8.115532484051838063e-05,-2.979716229857890843e-03,-1.803608726196269515e-03
6.149999999999999911e-02,0.000000000000000000e+00,2.400398505022852298e-03,2.817409687189587238e-03,2.172786012213346989e-03,2.792927900143939157e-03,1.000000000000000000e+00,1.000000000000000000e+00,9.352276951830638474e-04,1.340591505371404582e-03,8.785637606796617080e-03,-6.773260922105100307e-03,3.663315653264317961e-02,-2.407719642563589581e-03,1.161636443287879378e-01,-1.006033554023624127e-02,8.864953486993762876e-04,1.374680206320421988e-03,-6.271817872121642542e-04,-2.519008467364181741e-04,-2.979716229857890843e-03,-1.803608726196269515e-03
6.199999999999999956e-02,0.000000000000000000e+00,2.405704507891365078e-03,2.813835197041926819e-03,2.172941115757891836e-03,2.792939356426809433e-03,1.000000000000000000e+00,1.000000000000000000e+00,9.392923291956616072e-04,1.337017015223743947e-03,8.129268025195411987e-03,-7.148980295321425392e-03,2.970796788797386984e-02,-7.350223128347551683e-03,8.839645334305548663e-02,-2.956495547363884382e-02,9.188179403972112150e-04,1.391485960942264377e-03,1.021366247030206474e-02,5.113183189501642988e-03,-8.853492347655861697e-03,-4.863677314046371651e-03
6.250000000000000000e-02,0.000000000000000000e+00,2.410239518936790025e-03,2.809920958578133142e-03,2.173098811055533108e-03,2.792951278455829689e-03,1.000000000000000000e+00,1.000000000000000000e+00,9.427663492064925453e-04,1.333102776759950703e-03,6.948040021661895313e-03,-7.828476927586383582e-03,3.040204756399100469e-02,-6.941152089313179160e-03,9.637997490311431270e-02,-2.404927432101800280e-02,9.236224274395780096e-04,1.393848716318393322e-03,9.006443709125495564e-03,4.339248899814834165e-03,-8.853492347655861697e-03,-4.863677314046371651e-03
6.300000000000000044e-02,0.000000000000000000e+00,2.414046762936425394e-03,2.805684151669348217e-03,2.173259080291394928e-03,2.792963677568426582e-03,1.000000000000000000e+00,1.000000000000000000e+00,9.456828673160115346e-04,1.328865969851165561e-03,5.833036219037979371e-03,-8.473613817570163978e-03,3.055511353794355262e-02,-6.715650257852768742e-03,9.579308895046594052e-02,-2.380016339006051779e-02,9.278373880549485673e-04,1.395837915449374324e-03,7.855470038643959374e-03,3.618868539013468319e-03,-8.853492347655861697e-03,-4.863677314046371651e-03
6.350000000000000089e-02,0.000000000000000000e+00,2.417141939379890969e-03,2.801136055522614361e-03,2.173421904771191161e-03,2.792976565179335589e-03,1.000000000000000000e+00,1.000000000000000000e+00,9.480539100310007763e-04,1.324317873704431705e-03,4.742085429978413168e-03,-9.096192293467579570e-03,3.033702472470685418e-02,-6.704135034682775704e-03,9.423930821480475117e-02,-2.421569631869444419e-02,9.314802280777028211e-04,1.397478071944182124e-03,6.717956873199013718e-03,2.943005272112777029e-03,-8.853492347655861697e-03,-4.863677314046371651e-03
6.400000000000000133e-02,0.000000000000000000e+00,2.419522050806686454e-03,2.796281165316518141e-03,2.173587264939261330e-03,2.792989952778358875e-03,1.000000000000000000e+00,1.000000000000000000e+00,9.498771811635016394e-04,1.319462983498335485e-03,3.646542265001724570e-03,-9.709780412192567725e-03,2.390782075300786763e-02,2.071420799512199359e-02,6.887808083305442530e-02,8.199411895452091148e-02,9.789327056205898020e-04,1.263931760579646395e-03,1.649090311405996059e-02,-3.089838282466338126e-02,-1.405416828866653568e-02,1.093873086929064015e-02
6.450000000000000178e-02,0.000000000000000000e+00,2.420873034263311407e-03,2.791980561060763283e-03,2.173755140396619982e-03,2.793003851928143114e-03,1.000000000000000000e+00,1.000000000000000000e+00,9.509120945331947950e-04,1.315162379242580844e-03,2.069826739386332846e-03,-8.601208511509202126e-03,2.435664889751960882e-02,2.198424760259296007e-02,7.527686920546947102e-02,6.399733296695368778e-02,9.870847957383003905e-04,1.248746808068325158e-03,1.611787221292762529e-02,-2.984289888551162548e-02,-1.405416828866653568e-02,1.093873086929064015e-02
6.500000000000000222e-02,0.000000000000000000e+00,2.421229189808803660e-03,2.788267980315090912e-03,2.173925509919002151e-03,2.793018274261945162e-03,1.000000000000000000e+00,1.000000000000000000e+00,9.511849255097051077e-04,1.311449798496908039e-03,5.456619530206663089e-04,-7.425161491345576639e-03,2.480234675612155021e-02,2.327034853096207612e-02,7.581974952966513692e-02,6.841371195417023099e-02,9.950579947904576207e-04,1.234106311841693315e-03,1.577528660965751145e-02,-2.872070753939875987e-02,-1.405416828866653568e-02,1.093873086929064015e-02
6.550000000000000266e-02,0.000000000000000000e+00,2.420624374620412942e-03,2.785177203674284695e-03,2.174098351474902310e-03,2.793033231481404678e-03,1.000000000000000000e+00,1.000000000000000000e+00,9.507216101955243918e-04,1.308359021856102039e-03,-9.266306283614714808e-04,-6.181553281611800940e-03,2.524180350825230151e-02,2.457312254721076214e-02,7.636845744776074585e-02,7.291018866356749339e-02,1.002866716671879438e-03,1.220043273586168559e-03,1.545991700143291639e-02,-2.753321537577962941e-02,-1.405416828866653568e-02,1.093873086929064015e-02
6.600000000000000311e-02,0.000000000000000000e+00,2.419091848450542412e-03,2.782742069558811343e-03,2.174273642243619402e-03,2.793048735354304157e-03,1.000000000000000000e+00,1.000000000000000000e+00,9.495476270391605246e-04,1.305923887740628470e-03,-2.347966312727690040e-03,-4.870268230946923557e-03,2.325130723239037661e-02,1.747573022081355676e-02,6.751229133555457229e-02,4.479814521657097398e-02,1.030383097821559830e-03,1.273949802867558375e-03,1.923571187927968981e-02,-1.248553948942352811e-02,-1.567210031943094481e-02,5.450977339492395213e-03
6.650000000000000355e-02,0.000000000000000000e+00,2.416542847061537488e-03,2.780733400801378707e-03,2.174451358633303598e-03,2.793064797712348484e-03,1.000000000000000000e+00,1.000000000000000000e+00,9.475949786896109691e-04,1.303915218983196268e-03,-3.905296699099209019e-03,-4.017337514864383063e-03,2.293259682676021538e-02,1.876480684849501229e-02,6.715130932715951406e-02,5.623006293850654064e-02,1.039809543674006902e-03,1.267943178708829961e-03,1.847119691907351396e-02,-1.154255763805102537e-02,-1.567210031943094481e-02,5.450977339492395213e-03
6.700000000000000400e-02,0.000000000000000000e+00,2.412973511293714079e-03,2.779186756409557715e-03,2.174631476299000027e-03,2.793081430448929314e-03,1.000000000000000000e+00,1.000000000000000000e+00,9.448607088590441115e-04,1.302368574591375276e-03,-5.468539661133734256e-03,-3.093288783642037573e-03,2.268372741489975072e-02,1.942982538284083321e-02,6.563130630933065868e-02,5.810974087922856496e-02,1.048845982979936886e-03,1.262420459523973769e-03,1.767576035750160340e-02,-1.055003389260361982e-02,-1.567210031943094481e-02,5.450977339492395213e-03
6.750000000000000444e-02,0.000000000000000000e+00,2.408383641623689127e-03,2.778117724554089556e-03,2.174813970160687296e-03,2.793098645516891611e-03,1.000000000000000000e+00,1.000000000000000000e+00,9.413446647036809774e-04,1.301299542735906683e-03,-7.032088310726345402e-03,-2.138063710937021435e-03,2.261169386722054059e-02,1.944657837772422945e-02,6.473829180232747171e-02,5.801791730075638032e-02,1.057477896031472570e-03,1.257395477496700944e-03,1.685315983224023456e-02,-9.551639195376831690e-03,-1.567210031943094481e-02,5.450977339492395213e-03
6.800000000000000488e-02,0.000000000000000000e+00,2.402782016154411150e-03,2.777521396415234649e-03,2.174998814421325553e-03,2.793116454926303227e-03,1.000000000000000000e+00,1.000000000000000000e+00,9.370535706405071523e-04,1.300703214597051993e-03,-8.582188126347716287e-03,-1.192656277709217005e-03,3.024874741530388794e-02,1.994618681532424331e-02,9.364089757948529380e-02,6.035051655143039429e-02,9.574748979336245242e-04,1.253757053116203368e-03,-3.101505862854761660e-03,-8.432346690556341562e-03,-9.049413747126608051e-03,5.396099151499110687e-03
6.850000000000000533e-02,0.000000000000000000e+00,2.396563656528837797e-03,2.777407958341757046e-03,2.175185982584903685e-03,2.793134870742230991e-03,1.000000000000000000e+00,1.000000000000000000e+00,9.322900308040210160e-04,1.300589776523574390e-03,-9.527079672972177046e-03,-2.268761469549953605e-04,3.151534877982847815e-02,2.073907767569915100e-02,9.154149984481615987e-02,6.341869225808005606e-02,9.561243497651299812e-04,1.249949478240879605e-03,-2.302184847083942575e-03,-6.800970506455441753e-03,-9.049413747126608051e-03,5.396099151499110687e-03
6.900000000000000577e-02,0.000000000000000000e+00,2.389799896718253647e-03,2.777796590052870190e-03,2.175375447474477836e-03,2.793153905082503777e-03,1.000000000000000000e+00,1.000000000000000000e+00,9.271086901865315715e-04,1.300978408234687318e-03,-1.036268123497883532e-02,7.772634222259071661e-04,3.277108414917088292e-02,2.158096159971444050e-02,9.489582065148262358e-02,6.644327404789149294e-02,9.551865361435932927e-04,1.246968549573555926e-03,-1.450684395635189151e-03,-5.125877820113988043e-03,-9.049413747126608051e-03,5.396099151499110687e-03
6.950000000000000622e-02,0.000000000000000000e+00,2.382560758668010939e-03,2.778707722608722043e-03,2.175567181250213401e-03,2.793173570115475152e-03,1.000000000000000000e+00,1.000000000000000000e+00,9.215631887101719726e-04,1.301889540790539387e-03,-1.109100295271929146e-02,1.822265111704237002e-03,3.398131628188463815e-02,2.253309155204069603e-02,9.813935273767267209e-02,6.987176409168120716e-02,9.546785658116615581e-04,1.244839006177822548e-03,-5.828595691703580047e-04,-3.395568603469076210e-03,-9.049413747126608051e-03,5.396099151499110687e-03
7.000000000000000666e-02,0.000000000000000000e+00,2.374913224263959597e-03,2.780164936009301650e-03,2.175761155427436994e-03,2.793193878057806390e-03,1.000000000000000000e+00,1.000000000000000000e+00,9.157048374763872159e-04,1.303346754191118994e-03,-1.171670246756957058e-02,2.914426801159008401e-03,3.441505721653125710e-02,1.720399507124640084e-02,9.846029589472356236e-02,4.883227366128070623e-02,9.554671751795446900e-04,1.315919106508058913e-03,3.558518744390836612e-04,9.720238295968287173e-03,-9.092154828699369404e-03,1.880697757370443455e-03
7.050000000000000711e-02,0.000000000000000000e+00,2.366884640056191730e-03,2.781995153987015627e-03,2.175957340894676267e-03,2.793214841172226084e-03,1.000000000000000000e+00,1.000000000000000000e+00,9.095545851579140122e-04,1.305176972168833188e-03,-1.230050463694635707e-02,3.660435955428521966e-03,3.476680077008544034e-02,1.563366235635475429e-02,9.914777480961595169e-02,4.760370902014758598e-02,9.557783699083324900e-04,1.320514699661745270e-03,8.878842084625736177e-04,8.664007609985558203e-03,-9.092154828699369404e-03,1.880697757370443455e-03
7.100000000000000755e-02,0.000000000000000000e+00,2.358497969683263570e-03,2.784144750924931726e-03,2.176155707931700170e-03,2.793236471765301026e-03,1.000000000000000000e+00,1.000000000000000000e+00,9.031300229224617070e-04,1.307326569106749070e-03,-1.284912447090460000e-02,4.299193875831735893e-03,3.504368137509693976e-02,1.404367082490171406e-02,9.963308917677335397e-02,4.304396319473430960e-02,9.563370830184000177e-04,1.324562184641486610e-03,1.346059180310545719e-03,7.527980957153421714e-03,-9.092154828699369404e-03,1.880697757370443455e-03
7.150000000000000799e-02,0.000000000000000000e+00,2.349772199673137805e-03,2.786560074113454515e-03,2.176356226227565277e-03,2.793258782185201877e-03,1.000000000000000000e+00,1.000000000000000000e+00,8.964456952942706719e-04,1.309741892295271859e-03,-1.336865525638200256e-02,4.830646377045380233e-03,3.522508299155294870e-02,1.243923739698292799e-02,9.982686505039149727e-02,3.839876308467601862e-02,9.571020029383736508e-04,1.328023742052361188e-03,1.712880697239948895e-03,6.320458035993241526e-03,-9.092154828699369404e-03,1.880697757370443455e-03
7.200000000000000844e-02,0.000000000000000000e+00,2.340721350657421103e-03,2.789187613203280951e-03,2.176558864898666887e-03,2.793281784819484463e-03,1.000000000000000000e+00,1.000000000000000000e+00,8.895123427002719864e-04,1.312369431385098078e-03,-1.386670518799737288e-02,5.255078179652520991e-03,3.713668867845477950e-02,1.011424401891852960e-02,1.068330165015631272e-01,3.092145499067698589e-02,9.201748722021480193e-04,1.349536770181869374e-03,-3.383830920206677348e-03,7.693049767262919413e-03,-7.564700904587041280e-03,1.127200992532430670e-03
7.249999999999999500e-02,0.000000000000000000e+00,2.331446001582344538e-03,2.791951934847503643e-03,2.176763592506768437e-03,2.793305492092840268e-03,1.000000000000000000e+00,1.000000000000000000e+00,8.824070130833206512e-04,1.315133753029320987e-03,-1.421065923390263559e-02,5.528643288445755748e-03,3.798364633369084864e-02,8.665716257701502889e-03,1.083088081513708945e-01,2.739827188049085566e-02,9.187847985478350254e-04,1.353070060842510771e-03,-2.178746603496388348e-03,6.442403087404327024e-03,-7.564700904587041280e-03,1.127200992532430670e-03
7.299999999999999545e-02,0.000000000000000000e+00,2.321992247677902646e-03,2.794805861317949287e-03,2.176970377077061709e-03,2.793329916464883794e-03,1.000000000000000000e+00,1.000000000000000000e+00,8.751650174382089855e-04,1.317987679499766631e-03,-1.448399129022322554e-02,5.707852940891465672e-03,3.868472752397734971e-02,7.123742545681885710e-03,1.101642084472902045e-01,2.272339308468380309e-02,9.179802579544800315e-04,1.355947354942177354e-03,-1.041589162636306649e-03,5.069325583324037904e-03,-7.564700904587041280e-03,1.127200992532430670e-03
7.349999999999999589e-02,0.000000000000000000e+00,2.312398359891508319e-03,2.797699832646267752e-03,2.177179186116194945e-03,2.793355070427905665e-03,1.000000000000000000e+00,1.000000000000000000e+00,8.678156730115341687e-04,1.320881650828085313e-03,-1.469868885334973951e-02,5.787942656637564548e-03,3.909796354057948342e-02,5.483487750758305780e-03,1.110572097101222289e-01,1.770396655966240129e-02,9.177113295049678897e-04,1.358106262284796946e-03,-3.606316918136729006e-05,3.569129561635051712e-03,-7.564700904587041280e-03,1.127200992532430670e-03
7.399999999999999634e-02,0.000000000000000000e+00,2.302687758792938081e-03,2.800581788820726524e-03,2.177389986630326978e-03,2.793380966504650439e-03,1.000000000000000000e+00,1.000000000000000000e+00,8.603769210006296467e-04,1.323763607002544085e-03,-1.487750402180911154e-02,5.763912348917397954e-03,4.025575286761000349e-02,7.284618717956081388e-03,1.151064746370245168e-01,2.608883317677080510e-02,9.001316211915825257e-04,1.328256329654814395e-03,-1.595929739262333695e-03,-2.108380124954878886e-03,-6.945382678717131053e-03,2.216894488208180115e-03
7.449999999999999678e-02,0.000000000000000000e+00,2.292920908517619150e-03,2.803507837293287008e-03,2.177602745143170961e-03,2.793407617246086196e-03,1.000000000000000000e+00,1.000000000000000000e+00,8.528950796204467361e-04,1.326689655475104136e-03,-1.496368276036585086e-02,5.852096945119907023e-03,4.068811654693988561e-02,8.770006867393048341e-03,1.157517584660705257e-01,3.035794768077150138e-02,8.997413520725795495e-04,1.327455010434180601e-03,3.171365930314316676e-05,-1.098822984251183327e-03,-6.945382678717131053e-03,2.216894488208180115e-03
7.499999999999999722e-02,0.000000000000000000e+00,2.283121232150804158e-03,2.806523559541002511e-03,2.177817427714035491e-03,2.793435035229174107e-03,1.000000000000000000e+00,1.000000000000000000e+00,8.453880919952835469e-04,1.329705377722819855e-03,-1.501397525032648408e-02,6.031444495431442787e-03,3.992847709959362890e-02,9.185480275673067047e-03,1.124059256791234557e-01,3.078062029824147477e-02,8.999398261895069900e-04,1.327243125692754901e-03,7.607624205817133415e-04,2.486805808164748149e-04,-6.945382678717131053e-03,2.216894488208180115e-03
7.549999999999999767e-02,0.000000000000000000e+00,2.273252163908727648e-03,2.809640556597231380e-03,2.178033999955863130e-03,2.793463233054624580e-03,1.000000000000000000e+00,1.000000000000000000e+00,8.378279471096787426e-04,1.332822374779048507e-03,-1.512028977120963118e-02,6.233994112457333023e-03,3.992054713386646719e-02,1.021260848375598468e-02,1.129674577071648339e-01,3.450207467072093082e-02,9.001792247156506846e-04,1.327250878175034081e-03,1.979134312378603901e-04,-2.167689093988535258e-04,-6.945382678717131053e-03,2.216894488208180115e-03
7.599999999999999811e-02,0.000000000000000000e+00,2.263315232253495634e-03,2.812889400431377133e-03,2.178252427053285409e-03,2.793492223344685044e-03,1.000000000000000000e+00,1.000000000000000000e+00,8.302158158335352011e-04,1.336071218613194261e-03,-1.522426255228702743e-02,6.497687668291497916e-03,4.061051662114936733e-02,1.199109903368084269e-02,1.155989262648615679e-01,4.064571588420835824e-02,8.919934442407688414e-04,1.310276199639088006e-03,-6.234321021071511206e-04,-1.710403447358712888e-03,-6.683781800220626491e-03,2.750916251554789103e-03
7.649999999999999856e-02,0.000000000000000000e+00,2.253346920841633669e-03,2.816323776459594454e-03,2.178472673780663081e-03,2.793522018740898262e-03,1.000000000000000000e+00,1.000000000000000000e+00,8.225796462691990036e-04,1.339505594641412015e-03,-1.527233912867241583e-02,6.868752056435447999e-03,3.999404424598750063e-02,1.232863820755625284e-02,1.125903681228064973e-01,4.059796013111689750e-02,8.919897083565555282e-04,1.309778682605943281e-03,6.061058772590961069e-04,-2.824133106790215932e-04,-6.683781800220626491e-03,2.750916251554789103e-03
7.699999999999999900e-02,0.000000000000000000e+00,2.243317838965144632e-03,2.819951687778864471e-03,2.178694704520121178e-03,2.793552631901870600e-03,1.000000000000000000e+00,1.000000000000000000e+00,8.148969238281291881e-04,1.343133505960681815e-03,-1.536544488213964499e-02,7.255822638539493295e-03,4.023972937633246011e-02,1.135421833574280087e-02,1.140216145430906630e-01,3.669196788453488872e-02,8.921758169520123752e-04,1.309789843929499639e-03,1.392262782016829344e-04,3.258793196258601230e-04,-6.683781800220626491e-03,2.750916251554789103e-03
7.749999999999999944e-02,0.000000000000000000e+00,2.233242139280198352e-03,2.823740017113723130e-03,2.178918483279604010e-03,2.793584075501042048e-03,1.000000000000000000e+00,1.000000000000000000e+00,8.071784900739404972e-04,1.346921835295540474e-03,-1.543686750837731068e-02,7.576658669717126378e-03,3.993973601290792819e-02,1.216904418892339815e-02,1.126090922551672840e-01,4.082628018595273883e-02,8.923335790077910768e-04,1.309752047485427881e-03,4.911339902463821147e-04,-4.755105839818186378e-04,-6.683781800220626491e-03,2.750916251554789103e-03
7.799999999999999989e-02,0.000000000000000000e+00,2.223106476270411865e-03,2.827711937086576852e-03,2.179143973710917156e-03,2.793616362224465334e-03,1.000000000000000000e+00,1.000000000000000000e+00,7.994141217479672039e-04,1.350893755268394412e-03,-1.552873665194650678e-02,7.943839945708035602e-03,4.121540100129456735e-02,1.148922867618730990e-02,1.177709180652719151e-01,3.764843670900013678e-02,8.665688767355423077e-04,1.319629111345740034e-03,-2.771433627775074342e-03,1.626299694330960669e-03,-5.921829865326348752e-03,2.460921154988985216e-03
7.850000000000000033e-02,0.000000000000000000e+00,2.212976608034709566e-03,2.831843614936317699e-03,2.179371139127765124e-03,2.793649504768557293e-03,1.000000000000000000e+00,1.000000000000000000e+00,7.916541924764795585e-04,1.355025433118135260e-03,-1.551985854297530630e-02,8.263355699481552546e-03,4.242923978028659976e-02,1.036420917836626543e-02,1.214007595161112896e-01,3.399698871519969690e-02,8.656711949361105881e-04,1.320269606843585799e-03,-8.230356168404387093e-04,9.369939581575794339e-04,-5.921829865326348752e-03,2.460921154988985216e-03
7.900000000000000078e-02,0.000000000000000000e+00,2.202914429847646020e-03,2.836097562033208699e-03,2.179599942523800706e-03,2.793683515837877551e-03,1.000000000000000000e+00,1.000000000000000000e+00,7.839461167906067998e-04,1.359279380215026043e-03,-1.541615137174550017e-02,8.507894193781742609e-03,4.196242850984312905e-02,1.031809547310141503e-02,1.186063848912211199e-01,3.488345187197298969e-02,8.656887641220417737e-04,1.320464825648893148e-03,8.899918708366271174e-04,-1.540117589886046720e-04,-5.921829865326348752e-03,2.460921154988985216e-03
7.950000000000000122e-02,0.000000000000000000e+00,2.192896907799507175e-03,2.840470433075850676e-03,2.179830346590668280e-03,2.793718408142901576e-03,1.000000000000000000e+00,1.000000000000000000e+00,7.762722496918082965e-04,1.363652251257667803e-03,-1.534773419759691455e-02,8.745742085283480724e-03,4.169681577361112473e-02,1.015190425931171599e-02,1.180094646418869408e-01,3.437967827502961399e-02,8.659753777022534274e-04,1.320443728229394893e-03,2.576770369010516516e-04,6.919031546154014341e-05,-5.921829865326348752e-03,2.460921154988985216e-03
8.000000000000000167e-02,0.000000000000000000e+00,2.182911350947807326e-03,2.844955155148118885e-03,2.180062313736046663e-03,2.793754194397782015e-03,1.000000000000000000e+00,1.000000000000000000e+00,7.686228693541146849e-04,1.368136973329936012e-03,-1.529876067538712102e-02,8.969444144536438401e-03,4.302996955271461837e-02,9.267938308882794213e-03,1.234395870740992301e-01,3.118473312013178914e-02,8.426983319273626720e-04,1.332284811062316035e-03,-2.371065750935306016e-03,1.205985503026624391e-03,-5.256239012440689327e-03,2.123794505371745783e-03
8.050000000000000211e-02,0.000000000000000000e+00,2.173025311667818593e-03,2.849522290796750561e-03,2.180295806101692838e-03,2.793790887318119143e-03,1.000000000000000000e+00,1.000000000000000000e+00,7.610497238992236296e-04,1.372704108978567688e-03,-1.514629090978210878e-02,9.134271297263504841e-03,4.427784315506428509e-02,8.189233309287564933e-03,1.272283631251548974e-01,2.782090314526518282e-02,8.420220450367116609e-04,1.332712380939083448e-03,-3.379963173772585015e-04,5.056351161476063368e-04,-5.256239012440689327e-03,2.123794505371745783e-03
8.100000000000000255e-02,0.000000000000000000e+00,2.163301272960288773e-03,2.854136648938457831e-03,2.180530785581485248e-03,2.793828499618732173e-03,1.000000000000000000e+00,1.000000000000000000e+00,7.536006780826464508e-04,1.377318467120275175e-03,-1.489809163315426732e-02,9.228716283414994254e-03,4.388210564393545121e-02,8.553113486107714186e-03,1.247572669953850300e-01,3.019555574722984984e-02,8.422263502119939089e-04,1.332686732766109319e-03,1.152321081254923784e-03,-6.060723636350648022e-04,-5.256239012440689327e-03,2.123794505371745783e-03
8.150000000000000300e-02,0.000000000000000000e+00,2.153718626793287190e-03,2.858808530435404810e-03,2.180767213839472293e-03,2.793867044011429275e-03,1.000000000000000000e+00,1.000000000000000000e+00,7.462599452360395985e-04,1.381990348617221937e-03,-1.468146569321375668e-02,9.343762993893427876e-03,4.279129516518997284e-02,9.120292061915754103e-03,1.209731552667946408e-01,3.213713272106739904e-02,8.426783532817745193e-04,1.332533137238485011e-03,6.566347502523521215e-04,-9.460169328078449000e-06,-5.256239012440689327e-03,2.123794505371745783e-03
8.200000000000000344e-02,0.000000000000000000e+00,2.144222165068763661e-03,2.863554463956414012e-03,2.181005052327908682e-03,2.793906533202770645e-03,0.000000000000000000e+00,1.000000000000000000e+00,7.389852335026762331e-04,1.386736282138231356e-03,-1.454942346672669778e-02,9.491867042019043813e-03,3.623313058946717874e-02,7.823627670816034330e-03,9.650438486436600793e-02,2.668084589202154161e-02,8.105706044891574464e-04,1.340334709640089847e-03,-3.513375537481925725e-03,8.417847992335157842e-04,-4.343964817597596034e-03,1.903130949297321796e-03
8.250000000000000389e-02,0.000000000000000000e+00,2.134483393430343379e-03,2.868332523038845654e-03,2.181244262305303931e-03,2.793946979891841556e-03,0.000000000000000000e+00,1.000000000000000000e+00,7.315249016062595928e-04,1.391514341220662998e-03,-1.492066379283325285e-02,9.556118164863344061e-03,3.728009965893813726e-02,7.629332276411385054e-03,1.059728498664216229e-01,2.706081199032570397e-02,8.088427359132415242e-04,1.340730376409249953e-03,-3.398256567964710959e-03,7.410625233959936605e-04,-4.343964817597596034e-03,1.903130949297321796e-03
8.300000000000000433e-02,0.000000000000000000e+00,2.124558687456789326e-03,2.873135719714967930e-03,2.181484804854467822e-03,2.793988396768024539e-03,0.000000000000000000e+00,1.000000000000000000e+00,7.239221357456288204e-04,1.396317537896785491e-03,-1.520553172126162290e-02,9.606393352244961895e-03,3.834115069285464611e-02,7.462619130802514850e-03,1.090494168553728382e-01,2.660083886851955653e-02,8.071922031329896831e-04,1.341072927715587304e-03,-3.204188280186719487e-03,6.293462614184974465e-04,-4.343964817597596034e-03,1.903130949297321796e-03
8.350000000000000477e-02,0.000000000000000000e+00,2.114504493793369598e-03,2.877958006507701401e-03,2.181726640900553266e-03,2.794030796508764191e-03,0.000000000000000000e+00,1.000000000000000000e+00,7.162201765597241403e-04,1.401139824689518528e-03,-1.540391837180928730e-02,9.644573585466206800e-03,3.941640062139321887e-02,7.332680337215402577e-03,1.122147771084634899e-01,2.625493729313102195e-02,8.056585162639138924e-04,1.341357330876927255e-03,-2.931030613172076749e-03,5.084898543519932208e-04,-4.343964817597596034e-03,1.903130949297321796e-03
8.400000000000000522e-02,0.000000000000000000e+00,2.104377328784315902e-03,2.882794553480122132e-03,2.181969731229091783e-03,2.794074191777330685e-03,0.000000000000000000e+00,1.000000000000000000e+00,7.084623180799896284e-04,1.405976371661939476e-03,-1.551571695946900656e-02,9.673093944841705538e-03,4.089026766868022328e-02,5.852069411708172436e-03,1.169618370062792401e-01,2.062793671912730928e-02,7.735895985657660536e-04,1.366028642337386223e-03,-6.004940734995763314e-03,3.110290748276602502e-03,-3.469781462634492688e-03,1.206755045822824378e-03
8.450000000000000566e-02,0.000000000000000000e+00,2.094253030889394254e-03,2.887598369888767520e-03,2.182214036504051546e-03,2.794118595220601922e-03,0.000000000000000000e+00,1.000000000000000000e+00,7.007066559371037283e-04,1.410780188070584864e-03,-1.551132428577173782e-02,9.607632817290887375e-03,4.176372477940142741e-02,5.084997306386151647e-03,1.190981856815499784e-01,1.888467517107571617e-02,7.706826543960674635e-04,1.367545036013554944e-03,-5.623465382836218690e-03,2.955526581857309716e-03,-3.469781462634492688e-03,1.206755045822824378e-03
8.500000000000000611e-02,0.000000000000000000e+00,2.084176475423477580e-03,2.892345316810599615e-03,2.182459517285874166e-03,2.794164019466824876e-03,0.000000000000000000e+00,1.000000000000000000e+00,6.929875666166581587e-04,1.415527134992417176e-03,-1.543817864089113041e-02,9.493893843664549456e-03,4.263487565208344543e-02,4.291106577174308608e-03,1.217744323239280113e-01,1.640737657302996158e-02,7.679822002484503699e-04,1.368972470586765286e-03,-5.179110310178347207e-03,2.754547262654455896e-03,-3.469781462634492688e-03,1.206755045822824378e-03
8.550000000000000655e-02,0.000000000000000000e+00,2.074191894938579375e-03,2.897010704237181367e-03,2.182706134049515814e-03,2.794210477123380398e-03,0.000000000000000000e+00,1.000000000000000000e+00,6.853389342193276198e-04,1.420192522418998711e-03,-1.529726479466115598e-02,9.330774853162958696e-03,4.325891977831479440e-02,3.706280269684361379e-03,1.235287574546425904e-01,1.474367031857087319e-02,7.655194375647862573e-04,1.370287560279786088e-03,-4.672828522743667327e-03,2.506243021793232596e-03,-3.469781462634492688e-03,1.206755045822824378e-03
8.600000000000000699e-02,0.000000000000000000e+00,2.064330616998451100e-03,2.901576672822880204e-03,2.182953847202493552e-03,2.794257980774557566e-03,0.000000000000000000e+00,1.000000000000000000e+00,6.777847570512407754e-04,1.424758491004697765e-03,-1.510835433617371999e-02,9.131937171398008327e-03,7.188128979773897309e-02,-3.098878054729221204e-02,2.342553623353634262e-01,-1.195864319785991670e-01,6.487803841397820010e-04,1.473935275691136372e-03,-3.866595423519390146e-02,3.312450386179707079e-02,1.729341204055552875e-02,-1.736758547119470614e-02
8.650000000000000744e-02,0.000000000000000000e+00,2.056026327534167617e-03,2.904959464396399300e-03,2.183202617102935131e-03,2.794306542979329774e-03,0.000000000000000000e+00,1.000000000000000000e+00,6.714233022530747674e-04,1.428141282578216861e-03,-1.272290959633200561e-02,6.765583147038170195e-03,7.130264078190104438e-02,-3.113942597550462682e-02,2.088340586053163417e-01,-9.157138799892709791e-02,6.294857160794501251e-04,1.490464311165067392e-03,-3.851228665327705025e-02,3.299127159283774674e-02,1.729341204055552875e-02,-1.736758547119470614e-02
8.700000000000000788e-02,0.000000000000000000e+00,2.049232872764014061e-03,2.907167744882423969e-03,2.183452404077610570e-03,2.794356176269103924e-03,0.000000000000000000e+00,1.000000000000000000e+00,6.662192139768185898e-04,1.430349563064241313e-03,-1.040817655251227714e-02,4.416560972048840655e-03,7.096640524466155120e-02,-3.085810394679336724e-02,2.092446150720557174e-01,-9.136047217859769032e-02,6.102574638075673394e-04,1.506923839130346011e-03,-3.840021298281736523e-02,3.284649881927732135e-02,1.729341204055552875e-02,-1.736758547119470614e-02
8.750000000000000833e-02,0.000000000000000000e+00,2.043916609384376082e-03,2.908223713768912609e-03,2.183703168439987165e-03,2.794406893145510822e-03,0.000000000000000000e+00,1.000000000000000000e+00,6.621467199566899269e-04,1.431405531950729953e-03,-8.144988040257249498e-03,2.111937772977110633e-03,7.063108973202915364e-02,-3.057697100858689648e-02,2.094245851462864794e-01,-9.149994954511836420e-02,5.910795812726171673e-04,1.523314851220105692e-03,-3.831076575928341749e-02,3.271718072904051394e-02,1.729341204055552875e-02,-1.736758547119470614e-02
8.799999999999999489e-02,0.000000000000000000e+00,2.040044163914470077e-03,2.908149437140183924e-03,2.183954870508270606e-03,2.794458706078161749e-03,0.000000000000000000e+00,1.000000000000000000e+00,6.591802546231869970e-04,1.431331255322001485e-03,-5.932930667005825026e-03,-1.485532574570323089e-04,8.225248456208532344e-02,-2.337786925090831400e-02,2.560125690586136371e-01,-6.475324453333461405e-02,4.947466149807774665e-04,1.509479217307805850e-03,-5.725065536632425317e-02,2.517560896112025839e-02,2.634075795324471170e-02,-1.383208052282387801e-02
8.849999999999999534e-02,0.000000000000000000e+00,2.038181427188365431e-03,2.907183074235479125e-03,2.184207470623444804e-03,2.794511627502419340e-03,0.000000000000000000e+00,1.000000000000000000e+00,6.577533155051609130e-04,1.430364892417296469e-03,-2.853878236052220102e-03,-1.932725809409891913e-03,8.221220434024145707e-02,-2.218748186709393680e-02,2.475614593733301561e-01,-6.704309050234973089e-02,4.660930525176144412e-04,1.522045397225850602e-03,-5.736229529183087261e-02,2.508880405334667704e-02,2.634075795324471170e-02,-1.383208052282387801e-02
8.899999999999999578e-02,0.000000000000000000e+00,2.038303223613503138e-03,2.905372313350500744e-03,2.184460929167315619e-03,2.794565669817164564e-03,0.000000000000000000e+00,1.000000000000000000e+00,6.578466169798295477e-04,1.428554131532318089e-03,1.866029493372404514e-04,-3.621521769956648727e-03,8.168554987667790701e-02,-2.195274589095531914e-02,2.471561771911710559e-01,-6.787394226432931499e-02,4.373848424147876927e-04,1.534586248053237565e-03,-5.746925293401380225e-02,2.507415372103180551e-02,2.634075795324471170e-02,-1.383208052282387801e-02
8.949999999999999623e-02,0.000000000000000000e+00,2.040360077640588146e-03,2.902734515045508109e-03,2.184715206580566723e-03,2.794620845382579308e-03,0.000000000000000000e+00,1.000000000000000000e+00,6.594222585775849112e-04,1.425916333227325453e-03,3.151283195510753369e-03,-5.275596609985364754e-03,8.115975690087262606e-02,-2.171811081071241961e-02,2.471294086251093758e-01,-6.787445167443892369e-02,4.086150180830679514e-04,1.547122762271513439e-03,-5.760868694017274444e-02,2.507143465813470307e-02,2.634075795324471170e-02,-1.383208052282387801e-02
8.999999999999999667e-02,0.000000000000000000e+00,2.044302912797046727e-03,2.899286928623235650e-03,2.184970263380786419e-03,2.794677166517893843e-03,0.000000000000000000e+00,1.000000000000000000e+00,6.624426455393241011e-04,1.422468746805052777e-03,6.040773923478275770e-03,-6.895172844545468041e-03,6.714261378020915105e-02,-1.088616576878199960e-02,1.946663757128006822e-01,-2.670368587497581880e-02,5.280804343096685231e-04,1.480640959765128998e-03,-2.739380042855550298e-02,8.890916160091685144e-03,1.425473125485067494e-02,-7.392746975403101557e-03
9.049999999999999711e-02,0.000000000000000000e+00,2.049407082932197619e-03,2.895377914284075725e-03,2.185226060180520038e-03,2.794734645499168113e-03,0.000000000000000000e+00,1.000000000000000000e+00,6.663526667080903665e-04,1.418559732465893286e-03,7.820042337532449178e-03,-7.818028678318938648e-03,6.689719316904645108e-02,-1.078033348223569714e-02,2.066187567090063126e-01,-3.593636335812454285e-02,5.144153194779961958e-04,1.485075108239683689e-03,-2.726638940506315167e-02,8.845597994659854663e-03,1.425473125485067494e-02,-7.392746975403101557e-03
9.099999999999999756e-02,0.000000000000000000e+00,2.055646209728236029e-03,2.891016588437574433e-03,2.185482557705318001e-03,2.794793294557065648e-03,0.000000000000000000e+00,1.000000000000000000e+00,6.711321151201101246e-04,1.414198406619391777e-03,9.558896824039568238e-03,-8.722651693003038303e-03,6.665248531572001700e-02,-1.067491538682522820e-02,2.067961900629079752e-01,-3.600635111199981808e-02,5.008096203312609228e-04,1.489488126396681066e-03,-2.715610673962398636e-02,8.806383858859170508e-03,1.425473125485067494e-02,-7.392746975403101557e-03
9.149999999999999800e-02,0.000000000000000000e+00,2.062994128629259006e-03,2.886211999822442791e-03,2.185739716811772176e-03,2.794853125874612303e-03,0.000000000000000000e+00,1.000000000000000000e+00,6.767609475627277098e-04,1.409393818004260135e-03,1.125766488523521729e-02,-9.609177230263291070e-03,6.640848966900683714e-02,-1.056991247794112666e-02,2.069546112762817580e-01,-3.606981455297084832e-02,4.872548327202513223e-04,1.493883043263350904e-03,-2.706271245666872979e-02,8.773181865951504635e-03,1.425473125485067494e-02,-7.392746975403101557e-03
9.199999999999999845e-02,0.000000000000000000e+00,2.071424889294377382e-03,2.880973129236444677e-03,2.185997498505562638e-03,2.794914151584967574e-03,0.000000000000000000e+00,1.000000000000000000e+00,6.832192849215078202e-04,1.404154947418262238e-03,1.291667471756018266e-02,-1.047774117199582258e-02,5.563901681033979474e-02,-3.899399873750003347e-03,1.662140499003881833e-01,-1.062698929600542144e-02,6.319850542729645417e-04,1.431944760591422842e-03,9.757826255534428296e-04,-2.972631747431554033e-03,4.569708033419954754e-03,-3.333835927657438115e-03
