time_s,letter_index,simulated_ink_x_m,simulated_ink_y_m,target_x_m,target_y_m,contact,target_down,q_x_m,q_y_m,qdot_x_m_s,qdot_y_m_s,current_x_A,current_y_A,voltage_x_V,voltage_y_V,estimated_q_x_m,estimated_q_y_m,estimated_qdot_x_m_s,estimated_qdot_y_m_s,estimated_compensation_x_N,estimated_compensation_y_N
0.000000000000000000e+00,0.000000000000000000e+00,2.168181818181817364e-03,2.792727272727273113e-03,2.168181818181817364e-03,2.792727272727273113e-03,0.000000000000000000e+00,0.000000000000000000e+00,7.573393926289893191e-04,1.315909090909090457e-03,0.000000000000000000e+00,0.000000000000000000e+00,4.332784217719556907e-02,4.773221379964046572e-03,1.682706217204872068e-01,1.853757050561846004e-02,7.573393926289893191e-04,1.315909090909090457e-03,0.000000000000000000e+00,0.000000000000000000e+00,-0.000000000000000000e+00,-0.000000000000000000e+00
5.000000000000000104e-04,0.000000000000000000e+00,2.168229854084867750e-03,2.792791210170643672e-03,2.168181818181816930e-03,2.792727272727272680e-03,0.000000000000000000e+00,0.000000000000000000e+00,7.573761902655912941e-04,1.315973028352461017e-03,7.359527320397952945e-05,1.278748867411657545e-04,4.331783468743567733e-02,4.759060738340558684e-03,1.312833617969025868e-01,1.446286078129106235e-02,7.573393926289893191e-04,1.315909090909090457e-03,-2.168404344971008868e-19,0.000000000000000000e+00,-0.000000000000000000e+00,-0.000000000000000000e+00
1.000000000000000021e-03,0.000000000000000000e+00,2.168324645627222810e-03,2.792917702075957062e-03,2.168181818181817364e-03,2.792727272727273547e-03,0.000000000000000000e+00,0.000000000000000000e+00,7.574488047998671324e-04,1.316099520257774189e-03,1.452290685516392202e-04,2.529838106261495662e-04,4.330901873824109100e-02,4.746564508155156834e-03,1.312954964755254361e-01,1.448022361093401211e-02,7.573392013323173482e-04,1.315908870470498164e-03,-7.636994184569677064e-07,-8.800405313145022793e-07,-0.000000000000000000e+00,-0.000000000000000000e+00
1.500000000000000031e-03,0.000000000000000000e+00,2.168465007412646514e-03,2.793105448767170280e-03,2.168181818181817364e-03,2.792727272727273547e-03,0.000000000000000000e+00,0.000000000000000000e+00,7.575563281656170177e-04,1.316287266948987624e-03,2.150467314998317234e-04,3.754933824270010548e-04,4.330129180725229843e-02,4.735592739403549946e-03,1.313098842598501015e-01,1.450096818622331925e-02,7.573384618954313863e-04,1.315908018052011023e-03,-2.191253599855111540e-06,-2.526410559535677974e-06,-0.000000000000000000e+00,-0.000000000000000000e+00
2.000000000000000042e-03,0.000000000000000000e+00,2.168649840605912493e-03,2.793353226803526202e-03,2.168181818181817364e-03,2.792727272727272246e-03,0.000000000000000000e+00,0.000000000000000000e+00,7.576979186062225485e-04,1.316535044985343546e-03,2.831808812111402001e-04,4.955560727118655780e-04,4.299758926273056919e-02,4.082839364925192061e-03,1.301729845805212893e-01,1.202689729872095589e-02,7.575315578332496259e-04,1.316245284415139185e-03,7.772196772723486368e-05,1.378386768374599569e-04,-9.525491548425026338e-05,-1.659112189264742572e-04
2.500000000000000052e-03,0.000000000000000000e+00,2.168856870400168863e-03,2.793631164551663507e-03,2.168181818181817797e-03,2.792727272727273547e-03,0.000000000000000000e+00,0.000000000000000000e+00,7.578565126296728715e-04,1.316812982733480634e-03,3.171880469007512808e-04,5.558754962740257259e-04,4.300407899020914498e-02,4.099506342128057812e-03,1.304754064879049547e-01,1.267479739612155723e-02,7.575673171615699081e-04,1.316309042553282828e-03,6.533799416995813712e-05,1.172314029111329542e-04,-9.525491548425026338e-05,-1.659112189264742572e-04
3.000000000000000062e-03,0.000000000000000000e+00,2.169086279709856162e-03,2.793939623989070541e-03,2.168181818181817364e-03,2.792727272727273113e-03,0.000000000000000000e+00,0.000000000000000000e+00,7.580322503565583561e-04,1.317121442170887885e-03,3.514754537709129534e-04,6.169188748143483942e-04,4.301038507092701246e-02,4.115411497122830990e-03,1.305124643327549849e-01,1.274859258962766050e-02,7.575970425144379784e-04,1.316362812775877808e-03,5.358507097853428469e-05,9.788494864104631829e-05,-9.525491548425026338e-05,-1.659112189264742572e-04
3.500000000000000073e-03,0.000000000000000000e+00,2.169338233641235521e-03,2.794278925408451124e-03,2.168181818181817364e-03,2.792727272727272246e-03,0.000000000000000000e+00,0.000000000000000000e+00,7.582252582656136058e-04,1.317460743590268251e-03,3.860158181105780039e-04,6.786028387607788686e-04,4.301650389211185421e-02,4.130578913998626985e-03,1.305490852840725802e-01,1.282044849267766420e-02,7.576210444139951485e-04,1.316407210534603113e-03,4.244321298299757138e-05,7.973957394706628217e-05,-9.525491548425026338e-05,-1.659112189264742572e-04
4.000000000000000083e-03,0.000000000000000000e+00,2.169612879422170952e-03,2.794649348941473117e-03,2.168181818181817797e-03,2.792727272727273981e-03,0.000000000000000000e+00,0.000000000000000000e+00,7.584356491399250931e-04,1.317831167123290461e-03,4.207817486228694875e-04,7.408470660443506424e-04,4.213683261812978947e-02,2.219166507046663184e-03,1.271458773623051763e-01,5.410993497106496818e-03,7.582796204576025545e-04,1.317559038157453156e-03,3.302473485156365274e-04,5.830973332805436567e-04,-3.459099296350682910e-04,-6.030775704425938091e-04
4.500000000000000527e-03,0.000000000000000000e+00,2.169846961807215049e-03,2.794965145952572894e-03,2.168181818181817364e-03,2.792727272727273113e-03,0.000000000000000000e+00,0.000000000000000000e+00,7.586149666502203836e-04,1.318146964134390454e-03,3.586350205906579198e-04,6.315940221998803594e-04,4.217641190206794510e-02,2.302363677549770175e-03,1.280177106145363453e-01,7.318813557428565514e-03,7.584334857685519913e-04,1.317830869987266776e-03,2.852951973118713486e-04,5.043722814250825668e-04,-3.459099296350682910e-04,-6.030775704425938091e-04
5.000000000000000104e-03,0.000000000000000000e+00,2.170043758712631755e-03,2.795230630593268685e-03,2.168181818181816930e-03,2.792727272727273113e-03,0.000000000000000000e+00,0.000000000000000000e+00,7.587657218260377475e-04,1.318412448775085812e-03,3.015103516346249058e-04,5.309692813908028618e-04,4.222011552393910988e-02,2.394763017999397385e-03,1.281234858137058896e-01,7.563363428087875942e-03,7.585657534796144208e-04,1.318064847778350210e-03,2.438509668496584586e-04,4.316709350249419049e-04,-3.459099296350682910e-04,-6.030775704425938091e-04
5.499999999999999681e-03,0.000000000000000000e+00,2.170206809355580864e-03,2.795450483432350246e-03,2.168181818181817364e-03,2.792727272727273547e-03,0.000000000000000000e+00,0.000000000000000000e+00,7.588906258650158663e-04,1.318632301614167590e-03,2.498080779562462939e-04,4.397056781634814046e-04,4.226056648337499222e-02,2.480501619880032260e-03,1.282159715620978246e-01,7.778215667421539692e-03,7.586782474178813650e-04,1.318264111271341080e-03,2.061935146649196459e-04,3.655037378324978311e-04,-3.459099296350682910e-04,-6.030775704425938091e-04
6.000000000000000125e-03,0.000000000000000000e+00,2.170339382824321151e-03,2.795629038384121398e-03,2.168181818181817364e-03,2.792727272727273113e-03,0.000000000000000000e+00,0.000000000000000000e+00,7.589921830340495053e-04,1.318810856565938742e-03,2.031143380673105083e-04,3.571099035422348319e-04,4.211832757119821774e-02,2.172340447030005062e-03,1.276043735813747193e-01,6.472708758046743192e-03,7.589526065841547793e-04,1.318742479880539087e-03,2.391445440763711680e-04,4.213344396804609730e-04,-3.892664782323758833e-04,-6.779851756304989489e-04
6.500000000000000569e-03,0.000000000000000000e+00,2.170431638083595953e-03,2.795752995986286807e-03,2.168181818181817364e-03,2.792727272727273113e-03,0.000000000000000000e+00,0.000000000000000000e+00,7.590628546627652736e-04,1.318934814168104151e-03,1.413432574315293458e-04,2.479152043306861878e-04,4.216224169732962074e-02,2.265376466360247663e-03,1.278637235166247554e-01,7.050132684629783174e-03,7.590623627797010459e-04,1.318935815829157948e-03,1.999520449182861715e-04,3.521361539066219484e-04,-3.892664782323758833e-04,-6.779851756304989489e-04
7.000000000000000146e-03,0.000000000000000000e+00,2.170487176533281506e-03,2.795827131105968824e-03,2.168181818181817364e-03,2.792727272727272246e-03,0.000000000000000000e+00,0.000000000000000000e+00,7.591053995835263593e-04,1.319008949287786385e-03,8.508984152212818340e-05,1.482702393643345752e-04,4.220278379837828081e-02,2.351503577074333211e-03,1.279539800690540075e-01,7.262345682558655341e-03,7.591534698215281858e-04,1.319096191039208395e-03,1.645413049621526807e-04,2.894800523449451101e-04,-3.892664782323758833e-04,-6.779851756304989489e-04
7.499999999999999722e-03,0.000000000000000000e+00,2.170509320514995774e-03,2.795855860253599126e-03,2.168181818181817364e-03,2.792727272727273113e-03,0.000000000000000000e+00,0.000000000000000000e+00,7.591223628576669689e-04,1.319037678435416687e-03,3.392654828119609961e-05,5.745829526079005161e-05,4.224018281995613189e-02,2.431168270750266001e-03,1.280375966281333544e-01,7.459157524186721920e-03,7.592277441983268918e-04,1.319226751907120066e-03,1.326152676132169768e-04,2.328681983799664056e-04,-3.892664782323758833e-04,-6.779851756304989489e-04
8.000000000000000167e-03,0.000000000000000000e+00,2.170501132566502941e-03,2.795843265185040706e-03,2.168181818181817797e-03,2.792727272727273981e-03,0.000000000000000000e+00,0.000000000000000000e+00,7.591160905252234943e-04,1.319025083366858267e-03,-1.254466488687268474e-05,-2.519013711677810393e-05,4.237783656307740621e-02,2.735430890652546139e-03,1.285157294833390029e-01,8.537259010024601108e-03,7.591556541215805417e-04,1.319095819988313524e-03,6.307080113429338957e-05,1.088407267536760598e-04,-3.672678723671635387e-04,-6.386533858309023691e-04
8.500000000000000611e-03,0.000000000000000000e+00,2.170472818531929415e-03,2.795803413198724718e-03,2.168181818181816930e-03,2.792727272727272246e-03,0.000000000000000000e+00,0.000000000000000000e+00,7.590944007163761848e-04,1.318985231380542279e-03,-4.337961769464785116e-05,-7.970397263204882744e-05,4.240378593002614577e-02,2.790867873750426872e-03,1.284827145209331833e-01,8.469375742063071921e-03,7.591820378324538139e-04,1.319141138918810503e-03,4.250290562384673464e-05,7.250370329648943952e-05,-3.672678723671635387e-04,-6.386533858309023691e-04
9.000000000000001055e-03,0.000000000000000000e+00,2.170426472905949682e-03,2.795739101020489493e-03,2.168181818181818231e-03,2.792727272727273981e-03,0.000000000000000000e+00,0.000000000000000000e+00,7.590588979071316317e-04,1.318920919202306837e-03,-7.100561848915870730e-05,-1.286243564710777879e-04,4.242764622926678553e-02,2.841961942061091949e-03,1.285386385721889457e-01,8.599444217162780305e-03,7.591986918895278665e-04,1.319169255329599938e-03,2.414826436888756688e-05,4.002382292304579379e-05,-3.672678723671635387e-04,-6.386533858309023691e-04
9.499999999999999764e-03,0.000000000000000000e+00,2.170364018353183704e-03,2.795652901717628983e-03,2.168181818181818231e-03,2.792727272727273981e-03,0.000000000000000000e+00,0.000000000000000000e+00,7.590110549440379000e-04,1.318834719899446327e-03,-9.568592618741943211e-05,-1.723986057211313321e-04,4.244956423052245742e-02,2.889005708423912026e-03,1.285903583736519584e-01,8.719703266209459513e-03,7.592066771062662466e-04,1.319182019951948420e-03,7.823937158971041184e-06,1.109025697431051415e-05,-3.672678723671635387e-04,-6.386533858309023691e-04
1.000000000000000021e-02,0.000000000000000000e+00,2.170287217992917031e-03,2.795547180073053480e-03,2.168181818181816496e-03,2.792727272727272246e-03,0.000000000000000000e+00,0.000000000000000000e+00,7.589522224548258481e-04,1.318728998254870824e-03,-1.176649784240728580e-04,-2.114432891510529969e-04,4.258983401237671773e-02,3.199050520256953994e-03,1.291048008868017904e-01,9.866860666853974685e-03,7.590248510672883281e-04,1.318857904127689051e-03,-5.576618292173799948e-05,-1.017788378685115106e-04,-3.441896495045962184e-04,-5.976926905852165441e-04
1.050000000000000065e-02,0.000000000000000000e+00,2.170206286799224605e-03,2.795436018608427834e-03,2.168181818181817364e-03,2.792727272727273113e-03,0.000000000000000000e+00,0.000000000000000000e+00,7.588902255636229216e-04,1.318617836790245178e-03,-1.239937824059379745e-04,-2.223229292514455435e-04,4.260112733105506089e-02,3.223386501820984899e-03,1.290255753089402935e-01,9.692021393276699717e-03,7.589953859657133216e-04,1.318804273120268182e-03,-6.208087208328701557e-05,-1.127219574331741179e-04,-3.441896495045962184e-04,-5.976926905852165441e-04
1.099999999999999936e-02,0.000000000000000000e+00,2.170122090271152555e-03,2.795320579784088370e-03,2.168181818181818231e-03,2.792727272727273981e-03,0.000000000000000000e+00,0.000000000000000000e+00,7.588257272811632171e-04,1.318502397965905498e-03,-1.289965649193125920e-04,-2.308776486792905045e-04,4.261141526746434205e-02,3.245587453250656923e-03,1.290532475300112114e-01,9.753788559439383055e-03,7.589629994041131389e-04,1.318745584210682074e-03,-6.745373786054991480e-05,-1.220134562084422515e-04,-3.441896495045962184e-04,-5.976926905852165441e-04
1.149999999999999981e-02,0.000000000000000000e+00,2.170035412256304461e-03,2.795201917699014632e-03,2.168181818181817364e-03,2.792727272727273113e-03,0.000000000000000000e+00,0.000000000000000000e+00,7.587593280695484332e-04,1.318383735880832193e-03,-1.327984232296692180e-04,-2.373241701468258480e-04,4.262077314504503223e-02,3.265808675652192000e-03,1.290788001819793696e-01,9.810596393234524357e-03,7.589281405047860508e-04,1.318682625460749439e-03,-7.197178618498021447e-05,-1.298040661638883797e-04,-3.441896495045962184e-04,-5.976926905852165441e-04
1.200000000000000025e-02,0.000000000000000000e+00,2.169946961202497658e-03,2.795080986165552131e-03,2.168181818181817364e-03,2.792727272727273113e-03,0.000000000000000000e+00,0.000000000000000000e+00,7.586915706312919241e-04,1.318262804347369258e-03,-1.355148765129900819e-04,-2.418630669257671318e-04,4.270583353814330629e-02,3.453745451034780090e-03,1.293997228472408278e-01,1.052126489419735224e-02,7.587578984533103251e-04,1.318380182913241050e-03,-1.076266344485063344e-04,-1.927058105669579471e-04,-3.307772383865266452e-04,-5.739571067229380435e-04
1.250000000000000069e-02,0.000000000000000000e+00,2.169862855737136366e-03,2.794966216678682232e-03,2.168181818181817364e-03,2.792727272727273113e-03,0.000000000000000000e+00,0.000000000000000000e+00,7.586271421069159691e-04,1.318148034860499576e-03,-1.288570487518690135e-04,-2.295389737393432775e-04,4.270877643219338909e-02,3.460159220983794175e-03,1.293420553664171579e-01,1.039103984877725977e-02,7.587044007515534889e-04,1.318284485240218311e-03,-1.063645966777768354e-04,-1.900863415411065496e-04,-3.307772383865266452e-04,-5.739571067229380435e-04
1.300000000000000114e-02,0.000000000000000000e+00,2.169783265495543734e-03,2.794857836973826601e-03,2.168181818181817364e-03,2.792727272727273113e-03,0.000000000000000000e+00,0.000000000000000000e+00,7.585661724446170857e-04,1.318039655155644162e-03,-1.219393245977862440e-04,-2.167594097108670290e-04,4.271135212921057384e-02,3.465760408161013256e-03,1.293531995195201789e-01,1.041281388030691757e-02,7.586515896775670271e-04,1.318190194938608558e-03,-1.048805795080695006e-04,-1.870771334104175988e-04,-3.307772383865266452e-04,-5.739571067229380435e-04
1.349999999999999985e-02,0.000000000000000000e+00,2.169708331347437128e-03,2.794756035131995206e-03,2.168181818181817364e-03,2.792727272727273113e-03,0.000000000000000000e+00,0.000000000000000000e+00,7.585087695568603705e-04,1.317937853313812767e-03,-1.148057755133777275e-04,-2.036036836626408579e-04,4.271359277680945865e-02,3.470619297206118531e-03,1.293634698932543126e-01,1.043256052361499556e-02,7.585995685182991615e-04,1.318097493016780674e-03,-1.032053382449929263e-04,-1.837335304919644004e-04,-3.307772383865266452e-04,-5.739571067229380435e-04
1.400000000000000029e-02,0.000000000000000000e+00,2.169638168016329357e-03,2.794660963157777518e-03,2.168181818181817364e-03,2.792727272727273113e-03,0.000000000000000000e+00,0.000000000000000000e+00,7.584550213269545269e-04,1.317842781339595079e-03,-1.074964598116469712e-04,-1.901439484352748820e-04,4.274551028860709007e-02,3.540590413657720634e-03,1.294893739679200406e-01,1.070594535692937291e-02,7.584898953952740877e-04,1.317903921007358313e-03,-1.139902538861245241e-04,-2.022367139838416195e-04,-3.259378819812540286e-04,-5.654729619969766762e-04
1.450000000000000074e-02,0.000000000000000000e+00,2.169575012397457169e-03,2.794575677792744337e-03,2.168181818181817364e-03,2.792727272727273113e-03,0.000000000000000000e+00,0.000000000000000000e+00,7.584066413160658882e-04,1.317757495974561681e-03,-9.676002177736389037e-05,-1.705707300668920742e-04,4.274523399589935657e-02,3.540012433882658901e-03,1.294667241442227223e-01,1.065238696301364085e-02,7.584338327716859006e-04,1.317804557283037753e-03,-1.102653406568718133e-04,-1.952280110535861148e-04,-3.259378819812540286e-04,-5.654729619969766762e-04
1.499999999999999944e-02,0.000000000000000000e+00,2.169518770390926887e-03,2.794500049101239676e-03,2.168181818181817364e-03,2.792727272727273113e-03,0.000000000000000000e+00,0.000000000000000000e+00,7.583635574394935073e-04,1.317681867283056803e-03,-8.616775314486684219e-05,-1.512573830095949789e-04,4.274485385766165629e-02,3.539179816927009049e-03,1.294710774575294210e-01,1.065795284654732535e-02,7.583796196675615100e-04,1.317708674162263458e-03,-1.065921456964049176e-04,-1.883142473418586915e-04,-3.259378819812540286e-04,-5.654729619969766762e-04
1.549999999999999989e-02,0.000000000000000000e+00,2.169469340774736812e-03,2.794433936194114666e-03,2.168181818181817364e-03,2.792727272727273113e-03,0.000000000000000000e+00,0.000000000000000000e+00,7.583256921566856055e-04,1.317615754375932010e-03,-7.573056561575401680e-05,-1.322258142496106370e-04,4.274438331524758883e-02,3.538124742988249614e-03,1.294750864221440312e-01,1.066275097205488485e-02,7.583272282845355270e-04,1.317616220290765200e-03,-1.029784098761004154e-04,-1.815109295000396153e-04,-3.259378819812540286e-04,-5.654729619969766762e-04
1.600000000000000033e-02,0.000000000000000000e+00,2.169426616261100650e-03,2.794377188808916217e-03,2.168181818181817364e-03,2.792727272727273113e-03,0.000000000000000000e+00,0.000000000000000000e+00,7.582929632804293095e-04,1.317559006990733561e-03,-6.545775251260047098e-05,-1.134947703969112578e-04,4.273933885605313981e-02,3.525898315152503452e-03,1.294613222158831900e-01,1.062422400965890024e-02,7.582862749719181160e-04,1.317545958814911192e-03,-9.753189464758314677e-05,-1.711269043502773232e-04,-3.266138070193282746e-04,-5.667916195805393006e-04
1.650000000000000078e-02,0.000000000000000000e+00,2.169390162683050398e-03,2.794329158566572543e-03,2.168181818181817364e-03,2.792727272727273113e-03,0.000000000000000000e+00,0.000000000000000000e+00,7.582650382195322940e-04,1.317510976748389887e-03,-5.585012179402965720e-05,-9.606048468746142927e-05,4.273902185936673259e-02,3.525197063351854457e-03,1.294694711564441936e-01,1.063943576134834292e-02,7.582383117088955116e-04,1.317461898848986800e-03,-9.432555871648670687e-05,-1.651214212143101558e-04,-3.266138070193282746e-04,-5.667916195805393006e-04
1.700000000000000122e-02,0.000000000000000000e+00,2.169359888567312655e-03,2.794289718239283300e-03,2.168181818181817364e-03,2.792727272727273113e-03,0.000000000000000000e+00,0.000000000000000000e+00,7.582418469014009978e-04,1.317471536421100861e-03,-4.638263626251951582e-05,-7.888065457808318747e-05,4.273862505302457315e-02,3.524301275760224634e-03,1.294732004854956819e-01,1.064394398290136219e-02,7.581919389478118275e-04,1.317380818008077230e-03,-9.116984888557307554e-05,-1.592103339364277605e-04,-3.266138070193282746e-04,-5.667916195805393006e-04
1.750000000000000167e-02,0.000000000000000000e+00,2.169335697091502244e-03,2.794258732418742827e-03,2.168181818181817364e-03,2.792727272727273113e-03,0.000000000000000000e+00,0.000000000000000000e+00,7.582233151557857265e-04,1.317440550600560388e-03,-3.706349123063060235e-05,-6.197164108101095635e-05,4.273815917788316432e-02,3.523236556194038211e-03,1.294766513664558916e-01,1.064784572749783755e-02,7.581471299072931784e-04,1.317302666171928397e-03,-8.807062607974822772e-05,-1.534053073160610123e-04,-3.266138070193282746e-04,-5.667916195805393006e-04
1.800000000000000211e-02,0.000000000000000000e+00,2.169317486926050295e-03,2.794236058769825233e-03,2.168181818181817364e-03,2.792727272727273113e-03,0.000000000000000000e+00,0.000000000000000000e+00,7.582093653597327338e-04,1.317417876951642794e-03,-2.789959210608768277e-05,-4.534729783518482365e-05,4.271217032224770144e-02,3.464485181769745310e-03,1.293809566365158870e-01,1.042773388167886166e-02,7.581628523132557217e-04,1.317333901898846363e-03,-7.429991600221051240e-05,-1.283389236842043767e-04,-3.302263353457538572e-04,-5.733137091858827531e-04
1.849999999999999908e-02,0.000000000000000000e+00,2.169303330498660587e-03,2.794218979955197073e-03,2.168181818181817364e-03,2.792727272727273113e-03,0.000000000000000000e+00,0.000000000000000000e+00,7.581985209071963588e-04,1.317400798137014200e-03,-2.168890507272188358e-05,-3.415762925717885976e-05,4.271332636608163313e-02,3.466979582800986965e-03,1.294109118392071933e-01,1.049238734360942275e-02,7.581260559413648473e-04,1.317270403651137414e-03,-7.288691937108770277e-05,-1.256568653050839379e-04,-3.302263353457538572e-04,-5.733137091858827531e-04
1.899999999999999953e-02,0.000000000000000000e+00,2.169293265018704987e-03,2.794207544230160878e-03,2.168181818181817364e-03,2.792727272727273113e-03,0.000000000000000000e+00,0.000000000000000000e+00,7.581908103022095028e-04,1.317389362411978005e-03,-1.542120997376876320e-05,-2.287145007234083128e-05,4.271430707088338941e-02,3.469085533549403234e-03,1.294170436668770907e-01,1.050329061417510507e-02,7.580899861387862832e-04,1.317208281056716796e-03,-7.139382144516300184e-05,-1.228366303024889139e-04,-3.302263353457538572e-04,-5.733137091858827531e-04
1.949999999999999997e-02,0.000000000000000000e+00,2.169287314249642579e-03,2.794201781304799133e-03,2.168181818181817364e-03,2.792727272727273113e-03,0.000000000000000000e+00,0.000000000000000000e+00,7.581862517486365801e-04,1.317383599486616694e-03,-9.117107145779903367e-06,-1.152585072261776719e-05,4.271512876512954804e-02,3.470838876378354396e-03,1.294227268584712820e-01,1.051318163476459497e-02,7.580546793307689143e-04,1.317147596677793828e-03,-6.983509714421712051e-05,-1.199042749533685813e-04,-3.302263353457538572e-04,-5.733137091858827531e-04
2.000000000000000042e-02,0.000000000000000000e+00,2.169285489831337781e-03,2.794201704156613290e-03,2.168181818181817364e-03,2.792727272727273113e-03,1.000000000000000000e+00,0.000000000000000000e+00,7.581848541631322231e-04,1.317383522338430634e-03,-2.795171008626111308e-06,-1.542963721303798841e-07,4.268014992287531145e-02,3.392305654643339510e-03,1.292895180855516690e-01,1.021157907961429447e-02,7.581078245786639731e-04,1.317245485892720031e-03,-5.327851897123837306e-05,-9.010147882264078127e-05,-3.350712630180170248e-04,-5.819957837449003324e-04
2.050000000000000086e-02,0.000000000000000000e+00,2.169285240467521293e-03,2.794203740164468656e-03,2.168181818181817364e-03,2.792727272727273113e-03,1.000000000000000000e+00,0.000000000000000000e+00,7.581846631393665157e-04,1.317385558346286000e-03,-3.820475314896350717e-07,4.072015710618304153e-06,4.249937646837759903e-02,3.002775225182341585e-03,1.286185898134522276e-01,8.767633509317473983e-03,7.581190603111930210e-04,1.317264481463400680e-03,9.792798816752796057e-05,1.655875216152100896e-04,-3.350712630180170248e-04,-5.819957837449003324e-04
2.100000000000000130e-02,0.000000000000000000e+00,2.169273609468468957e-03,2.794190471953385876e-03,2.168181818181817364e-03,2.792727272727273113e-03,1.000000000000000000e+00,0.000000000000000000e+00,7.581757532771745073e-04,1.317372290135203220e-03,-1.781972438393468887e-05,-2.653642216566416657e-05,4.284313485261181942e-02,3.743587634430654756e-03,1.300987408951001234e-01,1.196406018313105578e-02,7.580963976859499132e-04,1.317225934483064924e-03,-1.880234623807996086e-04,-3.188351811225736509e-04,-3.350712630180170248e-04,-5.819957837449003324e-04
2.150000000000000175e-02,0.000000000000000000e+00,2.169275334135494469e-03,2.794195156331689099e-03,2.168181818181817364e-03,2.792727272727273113e-03,1.000000000000000000e+00,0.000000000000000000e+00,7.581770744487655814e-04,1.317376974513506443e-03,2.642343182116563841e-06,9.368756606477837028e-06,4.248108909493386598e-02,2.945479148031478981e-03,1.284100312801514376e-01,8.247517485932208750e-03,7.581214641273900049e-04,1.317268621246957651e-03,2.873669801502775636e-04,4.880169542162052622e-04,-3.350712630180170248e-04,-5.819957837449003324e-04
2.199999999999999872e-02,0.000000000000000000e+00,2.169264346463974438e-03,2.794181948393649820e-03,2.168181818181817364e-03,2.792727272727273547e-03,1.000000000000000000e+00,0.000000000000000000e+00,7.581686574040548410e-04,1.317363766575467381e-03,-1.683408942158249265e-05,-2.641587607797300129e-05,4.280112749424203056e-02,3.668882802237179511e-03,1.299517303033374815e-01,1.172289522128874134e-02,7.581404451587519036e-04,1.317308261065524774e-03,-3.229210354064578699e-04,-5.490998732643788275e-04,-3.365837272146271660e-04,-5.849714453982436712e-04
2.249999999999999917e-02,0.000000000000000000e+00,2.169263701457572417e-03,2.794183357732264381e-03,2.168181818181817364e-03,2.792727272727273113e-03,1.000000000000000000e+00,0.000000000000000000e+00,7.581681633004848245e-04,1.317365175914081941e-03,-9.882071401388204225e-07,2.818677229227465713e-06,4.248788064818583010e-02,2.953395250603106127e-03,1.284703500863940417e-01,8.339216499839999241e-03,7.581388553519704566e-04,1.317305942262627034e-03,3.153249556386029375e-04,5.377185089138230472e-04,-3.365837272146271660e-04,-5.849714453982436712e-04
2.299999999999999961e-02,0.000000000000000000e+00,2.169250859074057722e-03,2.794167267628796039e-03,2.168181818181817364e-03,2.792727272727273113e-03,1.000000000000000000e+00,0.000000000000000000e+00,7.581583254639572044e-04,1.317349085810613383e-03,-1.967567305527915042e-05,-3.218020693717390591e-05,4.279992905747045245e-02,3.669179462224543640e-03,1.299397776610567434e-01,1.171481062080254217e-02,7.581365320843322896e-04,1.317301427811914906e-03,-3.233801359395707545e-04,-5.536610612449424911e-04,-3.365837272146271660e-04,-5.849714453982436712e-04
2.350000000000000006e-02,0.000000000000000000e+00,2.169248296676088567e-03,2.794165843225819394e-03,2.168181818181817364e-03,2.792727272727273113e-03,1.000000000000000000e+00,0.000000000000000000e+00,7.581563625532318582e-04,1.317347661407636955e-03,-3.925821450645461397e-06,-2.848805952765819571e-06,4.248877519788064883e-02,2.953242497641449769e-03,1.284732959162787347e-01,8.335932599219147282e-03,7.581343000690383450e-04,1.317298010547052764e-03,3.132184390628839051e-04,5.378767443648428334e-04,-3.365837272146271660e-04,-5.849714453982436712e-04
2.400000000000000050e-02,0.000000000000000000e+00,2.169233624967865232e-03,2.794146947496464924e-03,2.168181818181817364e-03,2.792727272727273113e-03,1.000000000000000000e+00,1.000000000000000000e+00,7.581451233726762239e-04,1.317328765678282268e-03,-2.247836111131412034e-05,-3.779145870940840690e-05,4.279967109582948764e-02,3.668877162299073562e-03,1.299365320834835191e-01,1.171135376000533544e-02,7.581383828912481105e-04,1.317310738348409461e-03,-3.207671999899857945e-04,-5.520063349756851702e-04,-3.369067765616506394e-04,-5.858354366733606019e-04
2.450000000000000094e-02,0.000000000000000000e+00,2.169229238007318664e-03,2.794142738897173375e-03,2.168181835245253965e-03,2.792727272539357892e-03,1.000000000000000000e+00,1.000000000000000000e+00,7.581417627659271796e-04,1.317324557078990719e-03,-6.721213498172739413e-06,-8.417198583219412140e-06,4.248939139005485782e-02,2.951500876217174468e-03,1.284744329614258274e-01,8.327031997350091766e-03,7.581365932619420342e-04,1.317308059364676693e-03,3.123817157423333245e-04,5.391758039918328809e-04,-3.369067765616506394e-04,-5.858354366733606019e-04
2.500000000000000139e-02,0.000000000000000000e+00,2.169212809215481305e-03,2.794121016201694604e-03,2.168181953936649219e-03,2.792727271306535020e-03,1.000000000000000000e+00,1.000000000000000000e+00,7.581291775812328861e-04,1.317302834383512165e-03,-2.517036938867501066e-05,-4.344539095715167066e-05,4.279867417810664931e-02,3.669519947629353018e-03,1.299307127242957383e-01,1.171290528771108674e-02,7.581342636105349196e-04,1.317303498377763891e-03,-3.204737673459538607e-04,-5.552985018089033175e-04,-3.369067765616506394e-04,-5.858354366733606019e-04
2.550000000000000183e-02,0.000000000000000000e+00,2.169206616610581950e-03,2.794114045148292542e-03,2.168182273822280657e-03,2.792727268210003742e-03,1.000000000000000000e+00,1.000000000000000000e+00,7.581244337706617448e-04,1.317295863330110103e-03,-9.487621142177246142e-06,-1.394210680404547254e-05,4.249031231332745656e-02,2.951425024840663956e-03,1.284773996028149290e-01,8.323812600070708279e-03,7.581320641882663674e-04,1.317300106824565234e-03,3.104534323926892302e-04,5.396104972810541632e-04,-3.369067765616506394e-04,-5.858354366733606019e-04
2.600000000000000228e-02,0.000000000000000000e+00,2.169188471647649601e-03,2.794089591986561802e-03,2.168182892235717002e-03,2.792727262675590537e-03,1.000000000000000000e+00,1.000000000000000000e+00,7.581105339226365623e-04,1.317271410168379363e-03,-2.779969605028660785e-05,-4.890632346146665918e-05,4.285053273488331066e-02,3.666869032407137421e-03,1.301299390398246436e-01,1.170032620280181748e-02,7.581205000921474200e-04,1.317283912067063406e-03,-3.202597974326807989e-04,-5.580713501161850033e-04,-3.364619130486261019e-04,-5.852773849001060777e-04
2.649999999999999925e-02,0.000000000000000000e+00,2.169184297231551654e-03,2.794079807415515183e-03,2.168183904295867964e-03,2.792727254371525636e-03,1.000000000000000000e+00,1.000000000000000000e+00,7.581073361343815568e-04,1.317261625597332527e-03,-6.395576510044769859e-06,-1.956914209385839979e-05,4.254244100749492163e-02,2.949323907544799082e-03,1.286372130616277032e-01,8.315495537615227514e-03,7.581189451043577384e-04,1.317279840873703976e-03,3.128130178657503846e-04,5.396593422240019084e-04,-3.364619130486261019e-04,-5.852773849001060777e-04
2.699999999999999969e-02,0.000000000000000000e+00,2.169171880500121719e-03,2.794052483517967412e-03,2.168185402925020596e-03,2.792727243206207834e-03,1.000000000000000000e+00,1.000000000000000000e+00,7.580978243662677427e-04,1.317234301699784756e-03,-1.902353622760588804e-05,-5.464779509565001155e-05,4.284995521549589403e-02,3.668595946017717910e-03,1.300878306458226052e-01,1.170635735581945260e-02,7.581177082257205746e-04,1.317275387951780856e-03,-3.165408058581345918e-04,-5.553487496938051870e-04,-3.364619130486261019e-04,-5.852773849001060777e-04
2.750000000000000014e-02,0.000000000000000000e+00,2.169173328254664704e-03,2.794039942905682250e-03,2.168187478866888222e-03,2.792727229325970596e-03,1.000000000000000000e+00,1.000000000000000000e+00,7.580989334105905919e-04,1.317221761087499594e-03,2.218088645638648641e-06,-2.508122457016351343e-05,4.254227300700666459e-02,2.949504418968380316e-03,1.286416024899349475e-01,8.312351805034454838e-03,7.581168016604143516e-04,1.317272446622622323e-03,3.116970617880518825e-04,5.414579465989028490e-04,-3.364619130486261019e-04,-5.852773849001060777e-04
2.800000000000000058e-02,0.000000000000000000e+00,2.169166457539163824e-03,2.794009907593263640e-03,2.168190220704657202e-03,2.792727213112859881e-03,1.000000000000000000e+00,1.000000000000000000e+00,7.580936701371607635e-04,1.317191725775080768e-03,-1.052654685975980949e-05,-6.007062483766328507e-05,4.298715069026591562e-02,3.667662613138471771e-03,1.306252819468128601e-01,1.170024631740815974e-02,7.581053542094500939e-04,1.317232316249684204e-03,-3.164598412845417053e-04,-5.615430238730168043e-04,-3.359605307785813537e-04,-5.835355825734012385e-04
2.850000000000000103e-02,0.000000000000000000e+00,2.169183206855470128e-03,2.793994650247702636e-03,2.168193714879023716e-03,2.792727195182392874e-03,1.000000000000000000e+00,1.000000000000000000e+00,7.581065008578430830e-04,1.317176468429519980e-03,2.566144136456483395e-05,-3.051469112150239697e-05,4.267741876802164797e-02,2.951906870888192959e-03,1.290617248297231678e-01,8.320142091828647973e-03,7.581062839406496742e-04,1.317227857375513926e-03,3.189473198425048380e-04,5.415698767342999511e-04,-3.359605307785813537e-04,-5.835355825734012385e-04
2.900000000000000147e-02,0.000000000000000000e+00,2.169201131373131065e-03,2.793962042196571419e-03,2.168198045706241396e-03,2.792727176381333640e-03,1.000000000000000000e+00,1.000000000000000000e+00,7.581202318349929744e-04,1.317143860378388763e-03,2.746195429971288765e-05,-6.521610226229178136e-05,4.298267620841056402e-02,3.671797335332746028e-03,1.305125977460884212e-01,1.171204038181558778e-02,7.581083392619503061e-04,1.317224578575627381e-03,-3.095081734514329094e-04,-5.525645336137722727e-04,-3.359605307785813537e-04,-5.835355825734012385e-04
2.950000000000000192e-02,0.000000000000000000e+00,2.169242063425152328e-03,2.793944432070223811e-03,2.168203295396167220e-03,2.792727157785463137e-03,1.000000000000000000e+00,1.000000000000000000e+00,7.581515876059893508e-04,1.317126250252041155e-03,6.271154199269084336e-05,-3.522025269519715599e-05,4.267315550220834169e-02,2.952700548046667019e-03,1.290685536128867716e-01,8.317671096275803741e-03,7.581108710032266737e-04,1.317223146863288636e-03,3.184181295843871657e-04,5.447112316991819993e-04,-3.359605307785813537e-04,-5.835355825734012385e-04
2.999999999999999889e-02,0.000000000000000000e+00,2.169283577678752205e-03,2.793909539727326002e-03,2.168209544070300466e-03,2.792727140697340120e-03,1.000000000000000000e+00,1.000000000000000000e+00,7.581833893692698466e-04,1.317091357909143563e-03,6.360352656107014474e-05,-6.978468579520348417e-05,4.318511786341451553e-02,3.679315239355404263e-03,1.313215381287156092e-01,1.173859502707663184e-02,7.581457502657378824e-04,1.317160616430188306e-03,-3.029758920596288888e-04,-5.621658745651259351e-04,-3.375471007762950769e-04,-5.806161854235121012e-04
3.049999999999999933e-02,0.000000000000000000e+00,2.169362305070477327e-03,2.793890013498224502e-03,2.168216869779829477e-03,2.792727126644076793e-03,1.000000000000000000e+00,1.000000000000000000e+00,7.582436980502221422e-04,1.317071831680041846e-03,1.206173619045293759e-04,-3.905245820352619906e-05,4.287661572080678218e-02,2.961343936778177127e-03,1.297164876674482825e-01,8.343173230066861998e-03,7.581515404577568755e-04,1.317157753146173038e-03,3.249195877590508046e-04,5.485602733715257400e-04,-3.375471007762950769e-04,-5.806161854235121012e-04
3.099999999999999978e-02,0.000000000000000000e+00,2.169455723702287155e-03,2.793853619430554380e-03,2.168225348523678854e-03,2.792727117375110556e-03,1.000000000000000000e+00,1.000000000000000000e+00,7.583152608740035714e-04,1.317035437612371941e-03,1.431256475628115831e-04,-7.278813533969380619e-05,4.317445974167843925e-02,3.684840491829484248e-03,1.311484553488812543e-01,1.175138302002564500e-02,7.581588510211180378e-04,1.317156847753487951e-03,-2.944772273293969718e-04,-5.500527117155546396e-04,-3.375471007762950769e-04,-5.806161854235121012e-04
3.150000000000000022e-02,0.000000000000000000e+00,2.169584969588241735e-03,2.793832861981472310e-03,2.168235054266544511e-03,2.792727114859961876e-03,1.000000000000000000e+00,1.000000000000000000e+00,7.584142689667353922e-04,1.317014680163289654e-03,1.980161854636674503e-04,-4.151489816456881067e-05,4.286656198557248221e-02,2.962223051760205002e-03,1.297274151377681151e-01,8.340811704243947938e-03,7.581665246084865395e-04,1.317157925249629958e-03,3.239727385398353610e-04,5.522264523749731554e-04,-3.375471007762950769e-04,-5.806161854235121012e-04
3.200000000000000067e-02,0.000000000000000000e+00,2.169727574475281348e-03,2.793795296742292156e-03,2.168246058956948673e-03,2.792727121286016877e-03,1.000000000000000000e+00,1.000000000000000000e+00,7.585235106480137709e-04,1.316977114924109500e-03,2.184833625568121838e-04,-7.513047836032690253e-05,4.341311610992779069e-02,3.711736072057451354e-03,1.321236945300725829e-01,1.185407848144215924e-02,7.583349698083377425e-04,1.317074564630668285e-03,-2.684192486937421332e-04,-5.633750952386397479e-04,-3.454520331809983664e-04,-5.765304215936181004e-04
3.250000000000000111e-02,0.000000000000000000e+00,2.169922485089735217e-03,2.793774589242480934e-03,2.168258432545271466e-03,2.792727139056282604e-03,1.000000000000000000e+00,1.000000000000000000e+00,7.586728208411208261e-04,1.316956407424298278e-03,2.986203862141076078e-04,-4.141499962241272485e-05,4.311996303125587016e-02,2.978741592696039411e-03,1.305609363679136325e-01,8.382047379865765688e-03,7.583476037323552688e-04,1.317075812207925715e-03,3.178183462156726523e-04,5.661763006882267538e-04,-3.454520331809983664e-04,-5.765304215936181004e-04
3.300000000000000155e-02,0.000000000000000000e+00,2.170148089436885197e-03,2.793737817532770777e-03,2.168272243001808514e-03,2.792727170787169186e-03,1.000000000000000000e+00,1.000000000000000000e+00,7.588456437975984190e-04,1.316919635714588338e-03,3.456459129551771163e-04,-7.354341941993714610e-05,4.339425874602272082e-02,3.716622794261715580e-03,1.319012951042872750e-01,1.185963817359886839e-02,7.583614494194230483e-04,1.317078250249255735e-03,-2.613137704074438910e-04,-5.542528498679031353e-04,-3.454520331809983664e-04,-5.765304215936181004e-04
3.350000000000000200e-02,0.000000000000000000e+00,2.170423637058594563e-03,2.793718119044515721e-03,2.168287556334802958e-03,2.792727219306248565e-03,1.000000000000000000e+00,1.000000000000000000e+00,7.590567255220235674e-04,1.316899937226333065e-03,4.221634488502277950e-04,-3.939697651042364313e-05,4.310330618596479313e-02,2.978863354167476159e-03,1.305775877591175693e-01,8.379216549905673175e-03,7.583751271265752603e-04,1.317082523303650431e-03,3.149073727810794551e-04,5.691677309754764177e-04,-3.454520331809983664e-04,-5.765304215936181004e-04
3.400000000000000244e-02,0.000000000000000000e+00,2.170727691785103060e-03,2.793682356452475632e-03,2.168304436608493087e-03,2.792727287650027118e-03,1.000000000000000000e+00,1.000000000000000000e+00,7.592896449556697227e-04,1.316864174634292976e-03,4.658388672923156502e-04,-7.152518408018196882e-05,4.362753935717489373e-02,3.773659869903195872e-03,1.328849709904555976e-01,1.208191484049319850e-02,7.588022781372678188e-04,1.316983813615663426e-03,-1.965216577618669573e-04,-5.711860523561089259e-04,-3.658915731178477462e-04,-5.715129159994865879e-04
3.450000000000000289e-02,0.000000000000000000e+00,2.171097408332250261e-03,2.793666208346825240e-03,2.168322945961162138e-03,2.792727379061717835e-03,1.000000000000000000e+00,1.000000000000000000e+00,7.595728642621409369e-04,1.316848026528642801e-03,5.664386129424327579e-04,-3.229621130053125479e-05,4.338383634122901233e-02,3.003607409158931714e-03,1.315441209582784710e-01,8.429677590362377043e-03,7.588219399818393451e-04,1.316991122312141747e-03,2.742559319516041545e-04,5.981543949543570264e-04,-3.658915731178477462e-04,-5.715129159994865879e-04
3.500000000000000333e-02,0.000000000000000000e+00,2.171514538847132969e-03,2.793635065563622281e-03,2.168343144623173773e-03,2.792727496989004694e-03,1.000000000000000000e+00,1.000000000000000000e+00,7.598924047751221336e-04,1.316816883745439625e-03,6.390810259623638800e-04,-6.228556640645186912e-05,4.359945025573608995e-02,3.774635139831364079e-03,1.326278942454462983e-01,1.206855311971662126e-02,7.588418866331772582e-04,1.316996667122080633e-03,-1.935634523005348923e-04,-5.737043172609013284e-04,-3.658915731178477462e-04,-5.715129159994865879e-04
3.550000000000000377e-02,0.000000000000000000e+00,2.171993916734918980e-03,2.793623532455468024e-03,2.168365090935020154e-03,2.792727645081813544e-03,1.000000000000000000e+00,1.000000000000000000e+00,7.602596295422146908e-04,1.316805350637285585e-03,7.344495341851461781e-04,-2.306621630815902597e-05,4.336068192798230719e-02,3.002363592174997486e-03,1.315669022632229290e-01,8.427984020189531814e-03,7.588608680338318610e-04,1.317003615866603776e-03,2.685926848043784657e-04,5.992259086945221852e-04,-3.658915731178477462e-04,-5.715129159994865879e-04
3.600000000000000422e-02,0.000000000000000000e+00,2.172517674600893921e-03,2.793596900308702342e-03,2.168388841365366092e-03,2.792727827190081245e-03,1.000000000000000000e+00,1.000000000000000000e+00,7.606608513449845520e-04,1.316778718490519470e-03,8.024436055396403636e-04,-5.326429353205995630e-05,4.376799825551115630e-02,3.853613890063517337e-03,1.333885152679583075e-01,1.238022133256301213e-02,7.596965134861678910e-04,1.316903312866755417e-03,-6.685312475017852205e-05,-5.922420669155653052e-04,-4.064005461168512432e-04,-5.662790758296495702e-04
3.649999999999999772e-02,0.000000000000000000e+00,2.173114389656618031e-03,2.793593356123683091e-03,2.168414450529090182e-03,2.792728047361521353e-03,1.000000000000000000e+00,1.000000000000000000e+00,7.611179615975475305e-04,1.316775174305500652e-03,9.142205051259246883e-04,-7.088370037658294756e-06,4.363973259175840669e-02,3.032406302251750181e-03,1.326016946308900546e-01,8.484110264217598757e-03,7.597200197503851081e-04,1.316914004112512606e-03,1.604368082626676448e-04,6.326328536877808906e-04,-4.064005461168512432e-04,-5.662790758296495702e-04
3.699999999999999817e-02,0.000000000000000000e+00,2.173773965620931243e-03,2.793575964836756027e-03,2.168441971205331120e-03,2.792728309839399327e-03,1.000000000000000000e+00,1.000000000000000000e+00,7.616232260998245275e-04,1.316757783018573588e-03,1.010529004553921287e-03,-3.478257385433684542e-05,4.373379935230549409e-02,3.847694106450146902e-03,1.331273738395001849e-01,1.233953306286840468e-02,7.597435140056842682e-04,1.316919003580531867e-03,-6.602180098685646922e-05,-6.102265246626125718e-04,-4.064005461168512432e-04,-5.662790758296495702e-04
3.749999999999999861e-02,0.000000000000000000e+00,2.174502329366320708e-03,2.793581292114286595e-03,2.168471454355533172e-03,2.792728619060298213e-03,1.000000000000000000e+00,1.000000000000000000e+00,7.621811850995495246e-04,1.316763110296103939e-03,1.115917999450031757e-03,1.065455506053900481e-05,4.361066624788002832e-02,3.029859052332458443e-03,1.326245215924414800e-01,8.486901790748752755e-03,7.597658074158133816e-04,1.316924656265323467e-03,1.547667136491321955e-04,6.304326682606250024e-04,-4.064005461168512432e-04,-5.662790758296495702e-04
3.799999999999999906e-02,0.000000000000000000e+00,2.175289785517804837e-03,2.793572556766126067e-03,2.168502949141484695e-03,2.792728979651884318e-03,1.000000000000000000e+00,1.000000000000000000e+00,7.627844115085938769e-04,1.316754374947943411e-03,1.206452818088742151e-03,-1.747069632117878406e-05,4.378509686363513814e-02,3.874823569037715281e-03,1.334548761720215360e-01,1.245451448165996872e-02,7.611616189728346834e-04,1.316848731603124240e-03,1.446658838986670257e-04,-6.244730499183496824e-04,-4.746312893282569260e-04,-5.623118251995959556e-04
3.849999999999999950e-02,0.000000000000000000e+00,2.176148042109577255e-03,2.793587651051565677e-03,2.168536502943369231e-03,2.792729396430684592e-03,1.000000000000000000e+00,1.000000000000000000e+00,7.634418742014910473e-04,1.316769469233383021e-03,1.314925385794314889e-03,3.018857087932938065e-05,4.385725241974949840e-02,3.049451526356131755e-03,1.336434837492441186e-01,8.548233948447867686e-03,7.611892265539094279e-04,1.316846832860920627e-03,-3.389056275557358200e-05,6.144770830472966790e-04,-4.746312893282569260e-04,-5.623118251995959556e-04
3.899999999999999994e-02,0.000000000000000000e+00,2.177081342930035478e-03,2.793589443226450302e-03,2.168572161377801434e-03,2.792729874399844936e-03,1.000000000000000000e+00,1.000000000000000000e+00,7.641568241087616942e-04,1.316771261408267862e-03,1.429899814541237945e-03,3.584349769774743073e-06,4.375506578999589780e-02,3.869581928287394845e-03,1.332457472919584551e-01,1.242648755030306695e-02,7.612162623059505039e-04,1.316841146119107500e-03,1.416922718900101650e-04,-6.348027467585786506e-04,-4.746312893282569260e-04,-5.623118251995959556e-04
3.950000000000000039e-02,0.000000000000000000e+00,2.178081395811680854e-03,2.793614706667640890e-03,2.168609968315876862e-03,2.792730418746905852e-03,1.000000000000000000e+00,1.000000000000000000e+00,7.649229090615712644e-04,1.316796524849458017e-03,1.532169905619210374e-03,5.052688238045526653e-05,4.382284257357657586e-02,3.045749946205445098e-03,1.336502108420836443e-01,8.547079742008811126e-03,7.612438581601241143e-04,1.316836321966695540e-03,-3.097527053080223523e-05,6.130879229586595931e-04,-4.746312893282569260e-04,-5.623118251995959556e-04
4.000000000000000083e-02,0.000000000000000000e+00,2.179152162141761127e-03,2.793626381409003781e-03,2.168649965901213970e-03,2.792731034841573756e-03,1.000000000000000000e+00,1.000000000000000000e+00,7.657431636586081941e-04,1.316808199590821125e-03,1.640509194073961827e-03,2.334948272637334929e-05,4.374857786316409258e-02,3.732405193678306303e-03,1.333611475995532258e-01,1.190539998645106547e-02,7.633202562899462458e-04,1.316820082714525997e-03,4.477003823999736514e-04,-6.369358549071337319e-04,-5.764704637123397278e-04,-5.618123560399957382e-04
4.050000000000000128e-02,0.000000000000000000e+00,2.180287382966786258e-03,2.793655283360451779e-03,2.168692194567996973e-03,2.792731728233482317e-03,1.000000000000000000e+00,1.000000000000000000e+00,7.666127932633313904e-04,1.316837101542269123e-03,1.739259209446411330e-03,5.780390289594003613e-05,4.403888623977808559e-02,3.019017836207309267e-03,1.346041534809816198e-01,8.563493269560927545e-03,7.633809323912538582e-04,1.316778489062908229e-03,-2.037357950228061332e-04,4.684206532446373019e-04,-5.764704637123397278e-04,-5.618123560399957382e-04
4.100000000000000172e-02,0.000000000000000000e+00,2.181506958202318863e-03,2.793669356112168760e-03,2.168736693059023467e-03,2.792732504649968108e-03,1.000000000000000000e+00,1.000000000000000000e+00,7.675470420954767781e-04,1.316851174293985887e-03,1.868497664290716398e-03,2.814550343366269676e-05,4.371855083127781927e-02,3.760879155596573778e-03,1.331805056956352484e-01,1.204086594795410019e-02,7.634250132758642164e-04,1.316748559104973871e-03,3.789284715794185286e-04,-5.860957144193310042e-04,-5.764704637123397278e-04,-5.618123560399957382e-04
4.150000000000000216e-02,0.000000000000000000e+00,2.182786841519563162e-03,2.793701894683239817e-03,2.168783498443742960e-03,2.792733369993836284e-03,1.000000000000000000e+00,1.000000000000000000e+00,7.685274895984923593e-04,1.316883712865056944e-03,1.960895006031155435e-03,6.507714214221203657e-05,4.399194280083123382e-02,3.020479426133695997e-03,1.345645199414037541e-01,8.547990496998784243e-03,7.634675518604365670e-04,1.316730587279864393e-03,-2.076389804897852895e-04,5.120808407634626922e-04,-5.764704637123397278e-04,-5.618123560399957382e-04
4.200000000000000261e-02,0.000000000000000000e+00,2.184145753898391815e-03,2.793719621744017879e-03,2.168832646136303194e-03,2.792734330341126257e-03,1.000000000000000000e+00,1.000000000000000000e+00,7.695684768749799223e-04,1.316901439925835223e-03,2.081974552975056694e-03,3.545412155642759216e-05,4.378471400390001461e-02,3.493432901429438346e-03,1.335902719594447841e-01,1.100409105534609112e-02,7.662843191908382543e-04,1.316797184474588359e-03,7.847493373524922454e-04,-5.828604736135260421e-04,-7.143390156013031600e-04,-5.661889875760976352e-04
4.250000000000000305e-02,0.000000000000000000e+00,2.185567790455766185e-03,2.793743824931510696e-03,2.168884169913597778e-03,2.792735391938893849e-03,1.000000000000000000e+00,1.000000000000000000e+00,7.706578200776685377e-04,1.316925643113328256e-03,2.178686405377221365e-03,4.840637498585666687e-05,4.412091512662136977e-02,3.069606199124424312e-03,1.351239394891969869e-01,8.959920860201484386e-03,7.664293338650781653e-04,1.316715314365827410e-03,-2.027822966807730316e-04,2.537617690882269404e-04,-7.143390156013031600e-04,-5.661889875760976352e-04
4.300000000000000350e-02,0.000000000000000000e+00,2.187076118716531868e-03,2.793755502293375492e-03,2.168938101933302106e-03,2.792736561202960495e-03,1.000000000000000000e+00,1.000000000000000000e+00,7.718132665602271160e-04,1.316937320475192619e-03,2.310892965117201589e-03,2.335472372875345093e-05,4.360293611265726732e-02,3.715372472451830901e-03,1.328951017150544200e-01,1.181888780008952602e-02,7.664981600082900436e-04,1.316673799263116170e-03,4.767673099303089673e-04,-4.185177417927685183e-04,-7.143390156013031600e-04,-5.661889875760976352e-04
4.350000000000000394e-02,0.000000000000000000e+00,2.188632491246842067e-03,2.793783631683445338e-03,2.168994472751925758e-03,2.792737844715701030e-03,1.000000000000000000e+00,1.000000000000000000e+00,7.730055170884944215e-04,1.316965449865262466e-03,2.384501056534587583e-03,5.625878013954695969e-05,4.403415511398638127e-02,3.090730006820666294e-03,1.350508604375142419e-01,8.855874629336110693e-03,7.665335907223193822e-04,1.316673540201871275e-03,-3.334755522633005894e-04,4.158644843192160810e-04,-7.143390156013031600e-04,-5.661889875760976352e-04
4.399999999999999745e-02,0.000000000000000000e+00,2.190267036354037050e-03,2.793800128261515921e-03,2.169053311342849285e-03,2.792739249223798528e-03,1.000000000000000000e+00,1.000000000000000000e+00,7.742576512848886334e-04,1.316981946443333482e-03,2.504268392788449368e-03,3.299315614202677201e-05,4.377744871014854766e-02,3.388189448805010301e-03,1.337490345820206705e-01,1.053433271321168804e-02,7.700994981682128451e-04,1.316803134311945100e-03,1.070929683779438431e-03,-4.773022748368942149e-04,-8.886213934149946210e-04,-5.736836138118006113e-04
4.449999999999999789e-02,0.000000000000000000e+00,2.191960286630398845e-03,2.793818407016379363e-03,2.169114645114374011e-03,2.792740781636024287e-03,1.000000000000000000e+00,1.000000000000000000e+00,7.755547562499052767e-04,1.317000225198196707e-03,2.594209930033218505e-03,3.655750972650169861e-05,4.378603849656702296e-02,3.327980728755259611e-03,1.340490326264390797e-01,1.004810609197863761e-02,7.703472960758180532e-04,1.316709692262691940e-03,-7.752173337466101294e-05,1.024141259531089442e-04,-8.886213934149946210e-04,-5.736836138118006113e-04
4.499999999999999833e-02,0.000000000000000000e+00,2.193711982282620359e-03,2.793835756827386073e-03,2.169178499927759685e-03,2.792742449020996134e-03,1.000000000000000000e+00,1.000000000000000000e+00,7.768966329703250358e-04,1.317017575009203200e-03,2.683753440839418448e-03,3.469962201320026559e-05,4.331685492333370302e-02,3.781681276076675254e-03,1.322668381982040064e-01,1.186072368229706270e-02,7.704038668502690996e-04,1.316686272309060355e-03,3.030651207829229829e-04,-1.955156712147916478e-04,-8.886213934149946210e-04,-5.736836138118006113e-04
4.549999999999999878e-02,0.000000000000000000e+00,2.195487664490713628e-03,2.793872444303965343e-03,2.169244900115275577e-03,2.792744258604957976e-03,1.000000000000000000e+00,1.000000000000000000e+00,7.782568844585800076e-04,1.317054262485782687e-03,2.720502976509922479e-03,7.337495315903891238e-05,4.389057750206646485e-02,3.173301007241520217e-03,1.349149126618968964e-01,9.127308301299942236e-03,7.703978476576215338e-04,1.316715580650727789e-03,-3.259226934117033015e-04,3.117648270614356326e-04,-8.886213934149946210e-04,-5.736836138118006113e-04
4.599999999999999922e-02,0.000000000000000000e+00,2.197327915772895237e-03,2.793901076190453362e-03,2.169313868498238575e-03,2.792746217769540712e-03,1.000000000000000000e+00,1.000000000000000000e+00,7.796665987272379666e-04,1.317082894372270706e-03,2.819428537315815230e-03,5.726377297598561812e-05,4.358959636756945533e-02,3.397339798636612226e-03,1.333084825916484306e-01,1.050982003500691188e-02,7.746781717393705531e-04,1.316868201641042523e-03,1.233878610340436062e-03,-3.975672749698843018e-04,-1.097399500499791122e-03,-5.826690399069837109e-04
4.649999999999999967e-02,0.000000000000000000e+00,2.199210234728354862e-03,2.793931746264851929e-03,2.169385426405059936e-03,2.792748334049534840e-03,1.000000000000000000e+00,1.000000000000000000e+00,7.811085387032452908e-04,1.317113564446669273e-03,2.883879952014752838e-03,6.134014879700666340e-05,4.336754852241182789e-02,3.439890278398191788e-03,1.327370966543148789e-01,1.048557174319700649e-02,7.749945865690351923e-04,1.316779963363272528e-03,3.409391846426711170e-05,4.376220747524144691e-05,-1.097399500499791122e-03,-5.826690399069837109e-04
4.700000000000000011e-02,0.000000000000000000e+00,2.201118026281991512e-03,2.793966327233341276e-03,2.169459593689285985e-03,2.792750615130658743e-03,1.000000000000000000e+00,1.000000000000000000e+00,7.825699918215381964e-04,1.317148145415158404e-03,2.922906236585901766e-03,6.916193697840772802e-05,4.328896885995005966e-02,3.629752447944006952e-03,1.326420831681103252e-01,1.118997217678099551e-02,7.750264377202263329e-04,1.316770451387483691e-03,9.319494557422458125e-05,-8.156686499745790934e-05,-1.097399500499791122e-03,-5.826690399069837109e-04
4.750000000000000056e-02,0.000000000000000000e+00,2.203045153809618517e-03,2.794013247064719950e-03,2.169536388747649643e-03,2.792753068847329562e-03,1.000000000000000000e+00,1.000000000000000000e+00,7.840462571552580737e-04,1.317195065246537294e-03,2.952530667439730739e-03,9.383966275789945826e-05,4.341763619313281780e-02,3.254055773699917557e-03,1.332245083986098866e-01,9.579429249910034055e-03,7.750446248362614140e-04,1.316791016343031627e-03,-2.022735773692251765e-05,1.633512617683683223e-04,-1.097399500499791122e-03,-5.826690399069837109e-04
4.800000000000000100e-02,0.000000000000000000e+00,2.205000383031230794e-03,2.794055582070419791e-03,2.169615828538103749e-03,2.792755703180427145e-03,1.000000000000000000e+00,1.000000000000000000e+00,7.855440496354982932e-04,1.317237400252237135e-03,2.995584960480384383e-03,8.467001139987031990e-05,4.290128167739417492e-02,3.549932492184131993e-03,1.311320616414662354e-01,1.104528767922009595e-02,7.798736376725403600e-04,1.316976005066072212e-03,9.228329565189563296e-04,-2.712931228206052277e-04,-1.334467603434875190e-03,-5.935974277040794713e-04
4.850000000000000144e-02,0.000000000000000000e+00,2.206946208744260153e-03,2.794106591687783164e-03,2.169697928597872152e-03,2.792758526255066653e-03,1.000000000000000000e+00,1.000000000000000000e+00,7.870346386102423106e-04,1.317288409869600725e-03,2.981177949487979345e-03,1.020192347273556489e-04,4.337858367908164342e-02,3.323628590478502377e-03,1.334189235064009993e-01,9.921283354382413530e-03,7.800384873136242828e-04,1.316941354653043336e-03,-2.611460854366341906e-04,1.319113749110735045e-04,-1.334467603434875190e-03,-5.935974277040794713e-04
4.900000000000000189e-02,0.000000000000000000e+00,2.208916681374697554e-03,2.794156064774358083e-03,2.169782703061493446e-03,2.792761546338370319e-03,1.000000000000000000e+00,1.000000000000000000e+00,7.885441082191069250e-04,1.317337882956175427e-03,3.018939217729206190e-03,9.894617314919705846e-05,4.271714823984320425e-02,3.664419303093858528e-03,1.304626208889591021e-01,1.143666375667862396e-02,7.801267341572881492e-04,1.316919882536826550e-03,6.124371318696644577e-04,-2.171226048584487403e-04,-1.334467603434875190e-03,-5.935974277040794713e-04
4.950000000000000233e-02,0.000000000000000000e+00,2.210863950362962349e-03,2.794219229927260521e-03,2.169870164678860784e-03,2.792764771837229210e-03,1.000000000000000000e+00,1.000000000000000000e+00,7.900358028068252703e-04,1.317401048109077865e-03,2.983389175436794785e-03,1.263303058048731962e-04,4.332178143837029510e-02,3.319075656610370566e-03,1.333566780574241273e-01,9.816323913849326135e-03,7.801725689607895984e-04,1.316920331145713134e-03,-4.270850690108546560e-04,2.180736186318664883e-04,-1.334467603434875190e-03,-5.935974277040794713e-04
5.000000000000000278e-02,0.000000000000000000e+00,2.212831339846890386e-03,2.794280501146952610e-03,2.169960324833269082e-03,2.792768211296078017e-03,1.000000000000000000e+00,1.000000000000000000e+00,7.915429105884390750e-04,1.317462319328769954e-03,3.014215563227526894e-03,1.225424393841210264e-04,4.302355210728582569e-02,3.438896587078760485e-03,1.316985846886988831e-01,1.057484483125458244e-02,7.854144849745502231e-04,1.317159999696050155e-03,1.505239622850864213e-03,-2.394909877034526353e-04,-1.590523388676417160e-03,-6.062288433117979944e-04
5.050000000000000322e-02,0.000000000000000000e+00,2.214797047809060650e-03,2.794345243525976890e-03,2.170053193559458304e-03,2.792771873394661597e-03,1.000000000000000000e+00,1.000000000000000000e+00,7.930487302496541224e-04,1.317527061707794234e-03,3.011639322430191903e-03,1.294847580486686996e-04,4.231562286353765523e-02,3.559669018513657301e-03,1.292024540049865888e-01,1.094458323846286656e-02,7.858570383557945006e-04,1.317098670744172714e-03,2.673561803113609549e-04,-6.274472823575337824e-06,-1.590523388676417160e-03,-6.062288433117979944e-04
5.100000000000000366e-02,0.000000000000000000e+00,2.216710202698090292e-03,2.794418801863159975e-03,2.170148779561658064e-03,2.792775766945806287e-03,1.000000000000000000e+00,1.000000000000000000e+00,7.945142919212210995e-04,1.317600620044977102e-03,2.931123343134030626e-03,1.471166743656330297e-04,4.299559782920979456e-02,3.514009856779110562e-03,1.324050563939116187e-01,1.067174288420004100e-02,7.858495684703115450e-04,1.317102690076683413e-03,-2.961433848643883109e-04,2.229628120925549839e-05,-1.590523388676417160e-03,-6.062288433117979944e-04
5.150000000000000411e-02,0.000000000000000000e+00,2.218619866188539964e-03,2.794499026621766191e-03,2.170247090231628741e-03,2.792779900893185147e-03,1.000000000000000000e+00,1.000000000000000000e+00,7.959771790263072463e-04,1.317680844803583752e-03,2.925774210172206371e-03,1.604495172132582330e-04,4.229935013282418166e-02,3.558238182752634232e-03,1.291177743069777950e-01,1.088822214660223504e-02,7.859442561843793832e-04,1.317101570051282863e-03,6.730124509726308343e-04,-2.668142230994750754e-05,-1.590523388676417160e-03,-6.062288433117979944e-04
5.200000000000000455e-02,0.000000000000000000e+00,2.220476030205232286e-03,2.794587805989190606e-03,2.170348131666705212e-03,2.792784284309086668e-03,1.000000000000000000e+00,1.000000000000000000e+00,7.973990831568121248e-04,1.317769624171008166e-03,2.843808261009740917e-03,1.775587348490114173e-04,4.186423941508765623e-02,3.439634701842396707e-03,1.279790248628174532e-01,1.039720870307772084e-02,7.912130015891361869e-04,1.317408313407295289e-03,3.387865121809119319e-04,8.157597594313834683e-05,-1.848916823679061299e-03,-6.213208411003587079e-04
5.249999999999999806e-02,0.000000000000000000e+00,2.222247964447252640e-03,2.794679734770869582e-03,2.170451908687850550e-03,2.792788926392193033e-03,1.000000000000000000e+00,1.000000000000000000e+00,7.987564635364839032e-04,1.317861552952686709e-03,2.714760759343562511e-03,1.838575633571653590e-04,4.262005390822391770e-02,3.706615839646573967e-03,1.312176383487519138e-01,1.153802877801962667e-02,7.912064489340718022e-04,1.317399463195117592e-03,-3.636355995699790708e-04,-1.165924422895596294e-04,-1.848916823679061299e-03,-6.213208411003587079e-04
5.299999999999999850e-02,0.000000000000000000e+00,2.223990542956002549e-03,2.794786686658009590e-03,2.170558424857681971e-03,2.792793836465333208e-03,1.000000000000000000e+00,1.000000000000000000e+00,8.000913561198104602e-04,1.317968504839826718e-03,2.669785166653098913e-03,2.139037742801698071e-04,4.200055289364433564e-02,3.470234128584194066e-03,1.281427463613478701e-01,1.040501326608384534e-02,7.912988939594105785e-04,1.317418398696978965e-03,7.312902547968599346e-04,1.917361971155471059e-04,-1.848916823679061299e-03,-6.213208411003587079e-04
5.349999999999999895e-02,0.000000000000000000e+00,2.225659570297061369e-03,2.794897920370976660e-03,2.170667682498531037e-03,2.792799023973265970e-03,1.000000000000000000e+00,1.000000000000000000e+00,8.013699052398420885e-04,1.318079738552793787e-03,2.557098240063259906e-03,2.224674259343044380e-04,4.263081387760429830e-02,3.715918042892888372e-03,1.310597993716196008e-01,1.156463879348245370e-02,7.913843781339170930e-04,1.317432540617592901e-03,-3.871891881501662597e-04,-1.345367362419710219e-04,-1.848916823679061299e-03,-6.213208411003587079e-04
5.399999999999999939e-02,0.000000000000000000e+00,2.227300821833456956e-03,2.795024343321605639e-03,2.170779682710481315e-03,2.792804498480444715e-03,1.000000000000000000e+00,1.000000000000000000e+00,8.026271768590581990e-04,1.318206161503422767e-03,2.514543238432286661e-03,2.528459012581730407e-04,4.233068677936943636e-02,3.671409186013863211e-03,1.293337055573585137e-01,1.119511576482368556e-02,7.965744337318031660e-04,1.317796759573722481e-03,1.517464195299287211e-03,2.631396108952502549e-04,-2.101725875636684289e-03,-6.384206108313879692e-04
5.449999999999999983e-02,0.000000000000000000e+00,2.228892953628543866e-03,2.795163777233115356e-03,2.170894425389410798e-03,2.792810269668781833e-03,1.000000000000000000e+00,1.000000000000000000e+00,8.038468205733978467e-04,1.318345595414932700e-03,2.439287428679210237e-03,2.788678230198708132e-04,4.153434852008323214e-02,3.502507864728858153e-03,1.264574622287710781e-01,1.058834709117528403e-02,7.970284168144711485e-04,1.317871831208587826e-03,3.008088418503813543e-04,3.758122088752231473e-05,-2.101725875636684289e-03,-6.384206108313879692e-04
5.500000000000000028e-02,0.000000000000000000e+00,2.230379360439272395e-03,2.795308513546488141e-03,2.171011909245034767e-03,2.792816347335420890e-03,1.000000000000000000e+00,1.000000000000000000e+00,8.049854742509707749e-04,1.318490331728305702e-03,2.277307355145956596e-03,2.894726267458785397e-04,4.229466137397695780e-02,3.629591512276300527e-03,1.300045197378134898e-01,1.123064197395318847e-02,7.970230013892685853e-04,1.317869429958452463e-03,-3.212647671592312477e-04,-4.702217037316438640e-05,-2.101725875636684289e-03,-6.384206108313879692e-04
5.550000000000000072e-02,0.000000000000000000e+00,2.231815520580995686e-03,2.795464148494382697e-03,2.171132131818958623e-03,2.792822741390509674e-03,1.000000000000000000e+00,1.000000000000000000e+00,8.060856367469667900e-04,1.318645966676199825e-03,2.200324991992129529e-03,3.112698957884084882e-04,4.163515604597769343e-02,3.507595184275619140e-03,1.267535217260547797e-01,1.065773775302642987e-02,7.971219789471094925e-04,1.317881195734309317e-03,7.151626747154485320e-04,9.381189451281582914e-05,-2.101725875636684289e-03,-6.384206108313879692e-04
5.600000000000000117e-02,0.000000000000000000e+00,2.233154653068751203e-03,2.795625090555602880e-03,2.171255089502709471e-03,2.792829461854961972e-03,1.000000000000000000e+00,1.000000000000000000e+00,8.071114717478117175e-04,1.318806908737420224e-03,2.051670001689937049e-03,3.218841224407549464e-04,4.133826037695899347e-02,3.567945983176632439e-03,1.260849685737376880e-01,1.100082803961287617e-02,8.017310519127701695e-04,1.318308737650191386e-03,2.778886374872411701e-04,1.393175857120415519e-06,-2.326461378566067537e-03,-6.592287881234420348e-04
5.650000000000000161e-02,0.000000000000000000e+00,2.234376484753207784e-03,2.795793954442388381e-03,2.171380777555786783e-03,2.792836518858229748e-03,1.000000000000000000e+00,1.000000000000000000e+00,8.080474491201167448e-04,1.318975772624205508e-03,1.871954744610140799e-03,3.377277735705479103e-04,4.202501391530358982e-02,3.541193888486381461e-03,1.289106264053638817e-01,1.085222678333799644e-02,8.017301275347755562e-04,1.318313477791894150e-03,-2.805039566919329572e-04,1.753592737172699183e-05,-2.326461378566067537e-03,-6.592287881234420348e-04
5.700000000000000205e-02,0.000000000000000000e+00,2.235531393725486912e-03,2.795969434412336110e-03,2.171509190123711332e-03,2.792843922636076628e-03,1.000000000000000000e+00,1.000000000000000000e+00,8.089321607206394335e-04,1.319151252594153454e-03,1.769423201045324705e-03,3.509599398958832624e-04,4.133994086808258361e-02,3.565816342709428842e-03,1.256096341945709960e-01,1.097637998848088187e-02,8.018315640397688038e-04,1.318315234245306770e-03,6.843762176388299128e-04,-1.045593222587622639e-05,-2.326461378566067537e-03,-6.592287881234420348e-04
5.750000000000000250e-02,0.000000000000000000e+00,2.236570994849213651e-03,2.796152533034755323e-03,2.171640320256054170e-03,2.792851683528336203e-03,1.000000000000000000e+00,1.000000000000000000e+00,8.097285413845305320e-04,1.319334351216572667e-03,1.592761327782109878e-03,3.661972448384973673e-04,4.202350801323673224e-02,3.529201412216815409e-03,1.287559012781296919e-01,1.081971392733076590e-02,8.018975334895414803e-04,1.318319824179685525e-03,-4.183638152314056490e-04,2.873953595869974077e-05,-2.326461378566067537e-03,-6.592287881234420348e-04
5.800000000000000294e-02,0.000000000000000000e+00,2.237545435643431557e-03,2.796341506102087253e-03,2.171774159924497703e-03,2.792859811976693314e-03,1.000000000000000000e+00,1.000000000000000000e+00,8.104750063400893234e-04,1.319523324283904380e-03,1.492929911117641230e-03,3.779461346633532118e-04,4.176723581519103945e-02,3.552888460955381210e-03,1.271243719489527635e-01,1.094801593456937866e-02,8.058717949925012962e-04,1.318871020426082155e-03,1.388274496518255002e-03,6.121062182780018040e-05,-2.518742220415908645e-03,-6.864761868312288648e-04
5.850000000000000339e-02,0.000000000000000000e+00,2.238437021276714137e-03,2.796537321511651485e-03,2.171910700040864672e-03,2.792868318522441929e-03,1.000000000000000000e+00,1.000000000000000000e+00,8.111580005600304037e-04,1.319719139693468829e-03,1.365988439882113645e-03,3.916308191287025463e-04,4.134294814224748205e-02,3.528203813136445485e-03,1.256283143168497596e-01,1.083781382236259465e-02,8.062616606235604782e-04,1.318891310247619682e-03,1.735274589468912675e-04,2.002770952350647958e-05,-2.518742220415908645e-03,-6.864761868312288648e-04
5.900000000000000383e-02,0.000000000000000000e+00,2.239216246781710988e-03,2.796738775329336759e-03,2.172049930475174889e-03,2.792877213804262956e-03,1.000000000000000000e+00,1.000000000000000000e+00,8.117549219280696194e-04,1.319920593511154103e-03,1.193842736078499882e-03,4.029076353705285797e-04,4.169991240088892492e-02,3.579302680673403410e-03,1.272859295902195598e-01,1.106218658917848020e-02,8.062776368047140955e-04,1.318892628120811117e-03,-1.090756567906829653e-04,-1.468898604054148663e-05,-2.518742220415908645e-03,-6.864761868312288648e-04
5.950000000000000427e-02,0.000000000000000000e+00,2.239909879144307264e-03,2.796948060722554644e-03,2.172191840073678989e-03,2.792886508555988620e-03,1.000000000000000000e+00,1.000000000000000000e+00,8.122862751450039571e-04,1.320129878904371988e-03,1.062706433868746770e-03,4.185707864359718990e-04,4.106900691935261305e-02,3.476185955002037645e-03,1.244617276460576044e-01,1.062483142430648529e-02,8.063584154323851817e-04,1.318901885395626318e-03,4.311401832756629792e-04,5.158928899723545466e-05,-2.518742220415908645e-03,-6.864761868312288648e-04
5.999999999999999778e-02,0.000000000000000000e+00,2.240473679528746844e-03,2.797160458727252722e-03,2.172336416676905191e-03,2.792896213604367274e-03,1.000000000000000000e+00,1.000000000000000000e+00,8.127181712965322229e-04,1.320342276909070066e-03,8.637923030565978827e-04,4.247960093962707792e-04,4.158005808700032668e-02,3.468328699493677947e-03,1.268800091447249978e-01,1.068502045072619935e-02,8.092706071601416711e-04,1.319560503520469030e-03,4.147039675802036661e-05,4.840086134467518834e-05,-2.662752833432671835e-03,-7.191321898753084410e-04
6.049999999999999822e-02,0.000000000000000000e+00,2.240945670886476844e-03,2.797375558243025105e-03,2.172483647137712134e-03,2.792906339866848588e-03,1.000000000000000000e+00,1.000000000000000000e+00,8.130797376533217520e-04,1.320557376424842232e-03,7.231327135790524292e-04,4.301990315443489799e-04,4.145179115815555981e-02,3.646389336293659900e-03,1.258713174738398388e-01,1.138557858543164797e-02,8.093214021180941383e-04,1.319555223718157748e-03,1.614749481605902903e-04,-6.929178419153413505e-05,-2.662752833432671835e-03,-7.191321898753084410e-04
6.099999999999999867e-02,0.000000000000000000e+00,2.241317686872216705e-03,2.797601253895882004e-03,2.172633517339315687e-03,2.792916898349328842e-03,1.000000000000000000e+00,1.000000000000000000e+00,8.133647184319489284e-04,1.320783072077699564e-03,5.699615572543072738e-04,4.513913057148450291e-04,4.173139051484705403e-02,3.299097176007747406e-03,1.269857930471074980e-01,9.893924655489721651e-03,8.093469455833531131e-04,1.319577256299100812e-03,-5.887501696193452342e-05,1.569827581143486508e-04,-2.662752833432671835e-03,-7.191321898753084410e-04
6.149999999999999911e-02,0.000000000000000000e+00,2.241610859431803285e-03,2.797821890257705044e-03,2.172786012213346989e-03,2.792927900143939157e-03,1.000000000000000000e+00,1.000000000000000000e+00,8.135893016420953951e-04,1.321003708439522388e-03,4.491664202929835509e-04,4.412727236457855326e-04,4.124704073380962288e-02,3.950733562291371993e-03,1.248022681833641651e-01,1.271677687951849531e-02,8.094217004521759174e-04,1.319548598651282007e-03,3.570855408741774643e-04,-2.707832612190992205e-04,-2.662752833432671835e-03,-7.191321898753084410e-04
6.199999999999999956e-02,0.000000000000000000e+00,2.241791405999467909e-03,2.798066596773168303e-03,2.172941115757891836e-03,2.792939356426809433e-03,1.000000000000000000e+00,1.000000000000000000e+00,8.137276083369789732e-04,1.321248414954985431e-03,2.766133897671338134e-04,4.894130309261498363e-04,4.174734049767918342e-02,3.082486001292585130e-03,1.270676074012935253e-01,8.809225832653208924e-03,8.114041851790614827e-04,1.320344656893988194e-03,4.102723923225543717e-05,5.235308853452383350e-04,-2.759804361614071402e-03,-7.568829976122255299e-04
6.250000000000000000e-02,0.000000000000000000e+00,2.241896423402767874e-03,2.798296298473578348e-03,2.173098811055533108e-03,2.792951278455829689e-03,1.000000000000000000e+00,1.000000000000000000e+00,8.138080563352077237e-04,1.321478116655395692e-03,1.608959964574173493e-04,4.594034008207338008e-04,4.168102077116443704e-02,3.939234035318942007e-03,1.263218476523411682e-01,1.286482644510053390e-02,8.114690981905939944e-04,1.320323568541908630e-03,2.182788424077488634e-04,-6.056950709855876951e-04,-2.759804361614071402e-03,-7.568829976122255299e-04
6.300000000000000044e-02,0.000000000000000000e+00,2.241922031314842571e-03,2.798549397677035401e-03,2.173259080291394928e-03,2.792963677568426582e-03,1.000000000000000000e+00,1.000000000000000000e+00,8.138276731339524808e-04,1.321731215858852528e-03,3.923359748956225667e-05,5.061984069135608104e-04,4.177244295050448752e-02,3.108762894876974762e-03,1.266692649048652974e-01,8.928311934393765026e-03,8.115376076679008946e-04,1.320328990895957471e-03,5.607083488306418206e-05,6.249992121881494268e-04,-2.759804361614071402e-03,-7.568829976122255299e-04
6.350000000000000089e-02,0.000000000000000000e+00,2.241875693510218814e-03,2.798788513005817484e-03,2.173421904771191161e-03,2.792976565179335589e-03,1.000000000000000000e+00,1.000000000000000000e+00,8.137921763162142639e-04,1.321970331187634611e-03,-7.099363547644031171e-05,4.782306575643564882e-04,4.170233909644466969e-02,3.937326687944238575e-03,1.262607508181334548e-01,1.284308444802299484e-02,8.116051013796961614e-04,1.320334585673241506e-03,2.135961795229197023e-04,-6.002458050119649762e-04,-2.759804361614071402e-03,-7.568829976122255299e-04
6.400000000000000133e-02,0.000000000000000000e+00,2.241753234314126236e-03,2.799050775410208240e-03,2.173587264939261330e-03,2.792989952778358875e-03,1.000000000000000000e+00,1.000000000000000000e+00,8.136983671295383190e-04,1.322232593592025801e-03,-1.876183733518366615e-04,5.245248087821993699e-04,4.206030453516716033e-02,3.197553848865578637e-03,1.276492223028059814e-01,9.282655697870376837e-03,8.125992426580165139e-04,1.321206400931448097e-03,1.997240647488895732e-04,7.580438399832382587e-04,-2.805713885818812443e-03,-7.997462201226780568e-04
6.450000000000000178e-02,0.000000000000000000e+00,2.241581173214606156e-03,2.799302855073795664e-03,2.173755140396619982e-03,2.793003851928143114e-03,1.000000000000000000e+00,1.000000000000000000e+00,8.135665606803740325e-04,1.322484673255612791e-03,-2.636128983285023885e-04,5.041593271740843832e-04,4.208263183500918214e-02,4.021609909330059809e-03,1.273902203212173567e-01,1.310576567309646757e-02,8.126881947938931422e-04,1.321266485555970408e-03,1.561655330835507111e-04,-5.152400044191707924e-04,-2.805713885818812443e-03,-7.997462201226780568e-04
6.500000000000000222e-02,0.000000000000000000e+00,2.241361704504996749e-03,2.799581636007126076e-03,2.173925509919002151e-03,2.793018274261945162e-03,1.000000000000000000e+00,1.000000000000000000e+00,8.133984378949395003e-04,1.322763454188943637e-03,-3.362455708691085396e-04,5.575618666617193154e-04,4.211422514839566200e-02,3.163532348505254319e-03,1.274555007477430890e-01,9.092786743932849622e-03,8.127572990173537355e-04,1.321301658204774741e-03,1.203182209044046411e-04,6.536639492422482468e-04,-2.805713885818812443e-03,-7.997462201226780568e-04
6.550000000000000266e-02,0.000000000000000000e+00,2.241097665529812738e-03,2.799848462875570085e-03,2.174098351474902310e-03,2.793033231481404678e-03,1.000000000000000000e+00,1.000000000000000000e+00,8.131961723052330950e-04,1.323030281057387429e-03,-4.045311794127999581e-04,5.336537368873773245e-04,4.206973865406557489e-02,3.998026031963135274e-03,1.272196987012990388e-01,1.305590136309223506e-02,8.128353912210518981e-04,1.321320799540471984e-03,1.919089008908529041e-04,-5.747187395793997792e-04,-2.805713885818812443e-03,-7.997462201226780568e-04
6.600000000000000311e-02,0.000000000000000000e+00,2.240786420474139701e-03,2.800140704655453353e-03,2.174273642243619402e-03,2.793048735354304157e-03,1.000000000000000000e+00,1.000000000000000000e+00,8.129577447598864684e-04,1.323322522837270913e-03,-4.768550906931748540e-04,5.844835597669157702e-04,4.258154758032767218e-02,3.269715923067702864e-03,1.292071727943026604e-01,9.536878506452770715e-03,8.129313853153137537e-04,1.322246011216152584e-03,1.067763547458906579e-04,7.830461257204165233e-04,-2.806814844343694711e-03,-8.447090281641616693e-04
6.650000000000000355e-02,0.000000000000000000e+00,2.240465184963564942e-03,2.800425513573402171e-03,2.174451358633303598e-03,2.793064797712348484e-03,1.000000000000000000e+00,1.000000000000000000e+00,8.127116640820780972e-04,1.323607331755219732e-03,-4.921613556166732273e-04,5.696178358977782054e-04,4.248323823513591724e-02,4.073083197655549825e-03,1.283803784710620399e-01,1.327222026625833780e-02,8.130237265564852888e-04,1.322312586937127122e-03,2.622837489226376466e-04,-5.142316497124451704e-04,-2.806814844343694711e-03,-8.447090281641616693e-04
6.700000000000000400e-02,0.000000000000000000e+00,2.240127075342238268e-03,2.800738814197689837e-03,2.174631476299000027e-03,2.793081430448929314e-03,1.000000000000000000e+00,1.000000000000000000e+00,8.124526570854956808e-04,1.323920632379506964e-03,-5.180139931648444209e-04,6.266012485744140497e-04,4.260225473226191689e-02,3.224373528421720005e-03,1.289128681195491066e-01,9.314824267011939662e-03,8.131016788528094624e-04,1.322340440530719733e-03,4.993402161050902299e-05,6.234401777498249034e-04,-2.806814844343694711e-03,-8.447090281641616693e-04
6.750000000000000444e-02,0.000000000000000000e+00,2.239780844458115656e-03,2.801042344738379451e-03,2.174813970160687296e-03,2.793098645516891611e-03,1.000000000000000000e+00,1.000000000000000000e+00,8.121874288406771836e-04,1.324224162920196578e-03,-5.304564896370550812e-04,6.070610813794033184e-04,4.246821349093575504e-02,4.042114607220132112e-03,1.282841269195785783e-01,1.320675899130710484e-02,8.131865575269571402e-04,1.322350294268756412e-03,2.891139396770269670e-04,-5.816900706816711779e-04,-2.806814844343694711e-03,-8.447090281641616693e-04
6.800000000000000488e-02,0.000000000000000000e+00,2.239417032334117645e-03,2.801372696610023895e-03,2.174998814421325553e-03,2.793116454926303227e-03,1.000000000000000000e+00,1.000000000000000000e+00,8.119087325847495562e-04,1.324554514791841456e-03,-5.573925118553289338e-04,6.607037432897521281e-04,4.312532516319219494e-02,3.358475716444363993e-03,1.309363262181956755e-01,9.876734723224761189e-03,8.126494826729507934e-04,1.323362974264931336e-03,-3.544768123529326153e-05,7.670977826885039654e-04,-2.775877169825782722e-03,-8.944741157201600455e-04
6.850000000000000533e-02,0.000000000000000000e+00,2.239082915757619786e-03,2.801698995939263387e-03,2.175185982584903685e-03,2.793134870742230991e-03,1.000000000000000000e+00,1.000000000000000000e+00,8.116527844379693886e-04,1.324880814121080514e-03,-5.118962935604024064e-04,6.525986584782828611e-04,4.289226710821871652e-02,4.097533767081784802e-03,1.294942843008251854e-01,1.332709480106938731e-02,8.127405728172540800e-04,1.323424678229539282e-03,3.989629337681229295e-04,-5.177941516442573959e-04,-2.775877169825782722e-03,-8.944741157201600455e-04
6.900000000000000577e-02,0.000000000000000000e+00,2.238761506769426039e-03,2.802054251871202717e-03,2.175375447474477836e-03,2.793153905082503777e-03,1.000000000000000000e+00,1.000000000000000000e+00,8.114065708685949934e-04,1.325236070053020061e-03,-4.924271387488588989e-04,7.105118638792893258e-04,4.311377945618354024e-02,3.287784478450060145e-03,1.305637971018454579e-01,9.576305795180027960e-03,8.128371285329239523e-04,1.323436335056631412e-03,-1.194738096121526413e-05,5.623277567880810394e-04,-2.775877169825782722e-03,-8.944741157201600455e-04
6.950000000000000622e-02,0.000000000000000000e+00,2.238468548232501465e-03,2.802401932038458502e-03,2.175567181250213401e-03,2.793173570115475152e-03,1.000000000000000000e+00,1.000000000000000000e+00,8.111821516093196353e-04,1.325583750220275846e-03,-4.488385185507812137e-04,6.953603345116385597e-04,4.290639743253958638e-02,4.086366550297727655e-03,1.295923186270862282e-01,1.336246193345277944e-02,8.129306629679711139e-04,1.323431832537984212e-03,3.853117032987506694e-04,-5.781274732972394026e-04,-2.775877169825782722e-03,-8.944741157201600455e-04
7.000000000000000666e-02,0.000000000000000000e+00,2.238188899696430534e-03,2.802777741883337968e-03,2.175761155427436994e-03,2.793193878057806390e-03,1.000000000000000000e+00,1.000000000000000000e+00,8.109679284022361682e-04,1.325959560065155312e-03,-4.284464141670221000e-04,7.516196897589308814e-04,4.361791863255730373e-02,3.443108221245924205e-03,1.325434281674378878e-01,1.020674269574171032e-02,8.120894545940157477e-04,1.324587494067986293e-03,-1.135397812789597249e-04,7.503834976002913496e-04,-2.729037709454717325e-03,-9.517771295703380792e-04
7.050000000000000711e-02,0.000000000000000000e+00,2.237973363430833910e-03,2.803152590161594234e-03,2.175957340894676267e-03,2.793214841172226084e-03,1.000000000000000000e+00,1.000000000000000000e+00,8.108028180436853156e-04,1.326334408343411578e-03,-3.302207171018119516e-04,7.496965565127366093e-04,4.334810429835664336e-02,4.036307621395623588e-03,1.309400365486078632e-01,1.305882470623842551e-02,8.121834368931214656e-04,1.324648680865884824e-03,4.882990699045515297e-04,-5.032091714344506328e-04,-2.729037709454717325e-03,-9.517771295703380792e-04
7.100000000000000755e-02,0.000000000000000000e+00,2.237801907100518163e-03,2.803552931969350171e-03,2.176155707931700170e-03,2.793236471765301026e-03,1.000000000000000000e+00,1.000000000000000000e+00,8.106714748746092578e-04,1.326734750151167515e-03,-2.626863381520334320e-04,8.006836155119889838e-04,4.362741193191092826e-02,3.257807619396659547e-03,1.322907672473245810e-01,9.550932332239612382e-03,8.122989406412775776e-04,1.324651141588564915e-03,-2.529310705076778971e-05,5.110862773086114093e-04,-2.729037709454717325e-03,-9.517771295703380792e-04
7.150000000000000799e-02,0.000000000000000000e+00,2.237694028324856491e-03,2.803943665379803052e-03,2.176356226227565277e-03,2.793258782185201877e-03,1.000000000000000000e+00,1.000000000000000000e+00,8.105888349379829000e-04,1.327125483561620179e-03,-1.652798732526531322e-04,7.814668209054048253e-04,4.339043620758673697e-02,4.057250492190932201e-03,1.311834405725630370e-01,1.331200690509812788e-02,8.124015708292573737e-04,1.324636740425631960e-03,4.349180969655744170e-04,-5.666018387639067642e-04,-2.729037709454717325e-03,-9.517771295703380792e-04
7.200000000000000844e-02,0.000000000000000000e+00,2.237632039121483646e-03,2.804360553024334759e-03,2.176558864898666887e-03,2.793281784819484463e-03,1.000000000000000000e+00,1.000000000000000000e+00,8.105413484532059771e-04,1.327542371206152103e-03,-9.497296955385795989e-05,8.337752890636511947e-04,4.406537528609504040e-02,3.414552120373744778e-03,1.340441005710797939e-01,1.015602836239715666e-02,8.116143316016548792e-04,1.325963678416041758e-03,-1.046177650113465525e-04,7.542537395964063387e-04,-2.684226417644839779e-03,-1.017708512927155808e-03
7.249999999999999500e-02,0.000000000000000000e+00,2.237663719978352957e-03,2.804774546974042777e-03,2.176763592506768437e-03,2.793305492092840268e-03,1.000000000000000000e+00,1.000000000000000000e+00,8.105656173975640246e-04,1.327956365155860338e-03,4.853788871604671732e-05,8.279878994165890300e-04,4.382843373338941168e-02,3.923574689654548732e-03,1.326235194857477151e-01,1.267905624128527232e-02,8.117157343123038507e-04,1.326027752457784471e-03,5.090355231569981039e-04,-4.955379134856241615e-04,-2.684226417644839779e-03,-1.017708512927155808e-03
7.299999999999999545e-02,0.000000000000000000e+00,2.237771019623823777e-03,2.805208361849727272e-03,2.176970377077061709e-03,2.793329916464883794e-03,1.000000000000000000e+00,1.000000000000000000e+00,8.106478136947255914e-04,1.328390180031544399e-03,1.643925943230735778e-04,8.676297513683368760e-04,4.410750678977406330e-02,3.144339443634856616e-03,1.339707949593647029e-01,9.235287619730173439e-03,8.118416584237017316e-04,1.326029116337257806e-03,-4.348903745818137601e-06,4.990658502217460140e-04,-2.684226417644839779e-03,-1.017708512927155808e-03
7.349999999999999589e-02,0.000000000000000000e+00,2.237973020553999780e-03,2.805626925061459592e-03,2.177179186116194945e-03,2.793355070427905665e-03,1.000000000000000000e+00,1.000000000000000000e+00,8.108025553847916572e-04,1.328808743243276936e-03,3.094833801322273903e-04,8.371264234650031832e-04,4.387230393614075658e-02,3.955768907324980037e-03,1.328957358688735158e-01,1.303868769207245856e-02,8.119508817370038080e-04,1.326012727760672583e-03,4.403761577411514938e-04,-5.625621155501098029e-04,-2.684226417644839779e-03,-1.017708512927155808e-03
7.399999999999999634e-02,0.000000000000000000e+00,2.238251764639709318e-03,2.806066596907359767e-03,2.177389986630326978e-03,2.793380966504650439e-03,1.000000000000000000e+00,1.000000000000000000e+00,8.110160857427017997e-04,1.329248415089177328e-03,4.270607158203626680e-04,8.793436918009162355e-04,4.442654816358825726e-02,3.279741402260197888e-03,1.353111081658598391e-01,9.738697719834543687e-03,8.115910526532556322e-04,1.327491039787826116e-03,-1.500744973911587643e-05,7.765242541619076736e-04,-2.660214108761624861e-03,-1.091101673098986624e-03
7.449999999999999678e-02,0.000000000000000000e+00,2.238645996547549387e-03,2.806496897396071853e-03,2.177602745143170961e-03,2.793407617246086196e-03,1.000000000000000000e+00,1.000000000000000000e+00,8.113180849050029503e-04,1.329678715577889414e-03,6.039983246022047206e-04,8.606009774241147291e-04,4.424461715482949642e-02,3.799354246747738140e-03,1.342248544329425197e-01,1.232573469576392702e-02,8.117042165614093280e-04,1.327561742263973481e-03,4.667252139541806268e-04,-4.912600713511263784e-04,-2.660214108761624861e-03,-1.091101673098986624e-03
7.499999999999999722e-02,0.000000000000000000e+00,2.239141307448539765e-03,2.806941087478189486e-03,2.177817427714035491e-03,2.793435035229174107e-03,1.000000000000000000e+00,1.000000000000000000e+00,8.116975150683228496e-04,1.330122905660006830e-03,7.588603266398194491e-04,8.883801642349208310e-04,4.447610298145409508e-02,2.991307970574564636e-03,1.353609567189771878e-01,8.755931548052297772e-03,8.118287504878562207e-04,1.327570904253559106e-03,3.224779739266817567e-05,5.259363695170569952e-04,-2.660214108761624861e-03,-1.091101673098986624e-03
7.549999999999999767e-02,0.000000000000000000e+00,2.239753033864471700e-03,2.807362875941136343e-03,2.178033999955863130e-03,2.793463233054624580e-03,1.000000000000000000e+00,1.000000000000000000e+00,8.121661246899564016e-04,1.330544694122953470e-03,9.372192432670735721e-04,8.435769258932283680e-04,4.425602817155589730e-02,3.810811450728425389e-03,1.344028420540558377e-01,1.260913323216267083e-02,8.119425917446048812e-04,1.327560446518657100e-03,4.223569009154068171e-04,-5.656514304596911352e-04,-2.660214108761624861e-03,-1.091101673098986624e-03
7.599999999999999811e-02,0.000000000000000000e+00,2.240464001475208147e-03,2.807799066362033635e-03,2.178252427053285409e-03,2.793492223344685044e-03,1.000000000000000000e+00,1.000000000000000000e+00,8.127107574773986386e-04,1.330980884543850979e-03,1.089265574884485570e-03,8.723808417948136166e-04,4.460937724111477265e-02,3.096678084375863345e-03,1.360432946751678196e-01,9.148491893391905508e-03,8.123636213643977344e-04,1.329124427589128922e-03,1.370447784375205364e-04,8.010978841845640703e-04,-2.674711507073886541e-03,-1.168632632610826097e-03
7.649999999999999856e-02,0.000000000000000000e+00,2.241298265776647293e-03,2.808217555698317661e-03,2.178472673780663081e-03,2.793522018740898262e-03,1.000000000000000000e+00,1.000000000000000000e+00,8.133498410096086286e-04,1.331399373880135005e-03,1.278167064419892139e-03,8.369786725679571058e-04,4.451232015600996988e-02,3.639005902867036187e-03,1.354644767883775580e-01,1.184911084692014289e-02,8.124934679611573070e-04,1.329207934209559322e-03,3.818622484240555889e-04,-4.646216097372600539e-04,-2.674711507073886541e-03,-1.168632632610826097e-03
7.699999999999999900e-02,0.000000000000000000e+00,2.242247351888328969e-03,2.808642717322790226e-03,2.178694704520121178e-03,2.793552631901870600e-03,1.000000000000000000e+00,1.000000000000000000e+00,8.140768831515039165e-04,1.331824535504607570e-03,1.454084283790607569e-03,8.503232489449669054e-04,4.467112016159632132e-02,2.790997310291481667e-03,1.362569578015297989e-01,8.098508874811670075e-03,8.126078378834268329e-04,1.329234227217841648e-03,7.620547752335015985e-05,5.677918449153840754e-04,-2.674711507073886541e-03,-1.168632632610826097e-03
7.749999999999999944e-02,0.000000000000000000e+00,2.243321182782349529e-03,2.809036561780906948e-03,2.178918483279604010e-03,2.793584075501042048e-03,1.000000000000000000e+00,1.000000000000000000e+00,8.148994853407178158e-04,1.332218379962724292e-03,1.645204378427736133e-03,7.876889162335511986e-04,4.446583806609356870e-02,3.614321399587892922e-03,1.354250811992143422e-01,1.199299413665617930e-02,8.127257845081762308e-04,1.329234301878489538e-03,3.949588242040932081e-04,-5.652972926142463966e-04,-2.674711507073886541e-03,-1.168632632610826097e-03
7.799999999999999989e-02,0.000000000000000000e+00,2.244503493648043139e-03,2.809436170077592859e-03,2.179143973710917156e-03,2.793616362224465334e-03,1.000000000000000000e+00,1.000000000000000000e+00,8.158051880094215752e-04,1.332617988259410420e-03,1.811405337407612139e-03,7.992165933720952195e-04,4.454857958896475678e-02,2.894888193461763945e-03,1.360094331375814591e-01,8.501078530077556955e-03,8.142038505872118814e-04,1.330783458599168719e-03,3.266087572408104623e-04,8.125239066452678675e-04,-2.741588002020188802e-03,-1.245247911720898321e-03
7.850000000000000033e-02,0.000000000000000000e+00,2.245798811064843997e-03,2.809809307122549532e-03,2.179371139127765124e-03,2.793649504768557293e-03,1.000000000000000000e+00,1.000000000000000000e+00,8.167974587186372596e-04,1.332991125304367093e-03,1.984541418431368370e-03,7.462740899132323542e-04,4.454542633689591996e-02,3.441048867294652265e-03,1.360179870504640565e-01,1.121356368742544747e-02,8.143584583966546712e-04,1.330886141288282597e-03,2.918839340673492350e-04,-3.994482438185561124e-04,-2.741588002020188802e-03,-1.245247911720898321e-03
7.900000000000000078e-02,0.000000000000000000e+00,2.247205448464189778e-03,2.810180624546324175e-03,2.179599942523800706e-03,2.793683515837877551e-03,1.000000000000000000e+00,1.000000000000000000e+00,8.178750054818891653e-04,1.333362442728141519e-03,2.155093526503779229e-03,7.426348475488672891e-04,4.463478943337553795e-02,2.549747703222340380e-03,1.364578034004061968e-01,7.284251889513983572e-03,8.144611540393029538e-04,1.330932341682548306e-03,1.192293579890221539e-04,5.823453712296770531e-04,-2.741588002020188802e-03,-1.245247911720898321e-03
7.950000000000000122e-02,0.000000000000000000e+00,2.248728347892169251e-03,2.810510304724293980e-03,2.179830346590668280e-03,2.793718408142901576e-03,1.000000000000000000e+00,1.000000000000000000e+00,8.190416141261218710e-04,1.333692122906111324e-03,2.333217288465416761e-03,6.593603559395359859e-04,4.445349863173187616e-02,3.386646557735774766e-03,1.357715130006990067e-01,1.125953737100353347e-02,8.145811391433703140e-04,1.330937031291167059e-03,3.602394494275696409e-04,-5.613706067637519274e-04,-2.741588002020188802e-03,-1.245247911720898321e-03
8.000000000000000167e-02,0.000000000000000000e+00,2.250353009379209290e-03,2.810836162051369002e-03,2.180062313736046663e-03,2.793754194397782015e-03,1.000000000000000000e+00,1.000000000000000000e+00,8.202861770302184328e-04,1.334017980233186346e-03,2.489125808193112712e-03,6.517146541501286656e-04,4.422067585595597372e-02,2.735492563809358967e-03,1.351044045350436040e-01,8.012960902984547773e-03,8.172582133161298027e-04,1.332350401774951574e-03,5.324176892898459940e-04,8.066591101189631453e-04,-2.868044702002214320e-03,-1.314890909029056004e-03
8.050000000000000211e-02,0.000000000000000000e+00,2.252061401752167638e-03,2.811129129945328254e-03,2.180295806101692838e-03,2.793790887318119143e-03,1.000000000000000000e+00,1.000000000000000000e+00,8.215948815141900204e-04,1.334310948127145598e-03,2.617408967943099692e-03,5.859357879186788626e-04,4.428840632239376685e-02,3.240597313813123499e-03,1.356339446114281089e-01,1.050219101166941817e-02,8.174491599117524997e-04,1.332476629855967269e-03,2.319437918412482497e-04,-2.996076252489705653e-04,-2.868044702002214320e-03,-1.314890909029056004e-03
8.100000000000000255e-02,0.000000000000000000e+00,2.253857205349134134e-03,2.811412110604581162e-03,2.180530785581485248e-03,2.793828499618732173e-03,1.000000000000000000e+00,1.000000000000000000e+00,8.229705468805793584e-04,1.334593928786398506e-03,2.751330732778769703e-03,5.659613185058104011e-04,4.434638723626033174e-02,2.294888188297588161e-03,1.358720281076672698e-01,6.389599698583060469e-03,8.175414777939200676e-04,1.332533612566954521e-03,1.375072648770763644e-04,5.259364217780045179e-04,-2.868044702002214320e-03,-1.314890909029056004e-03
8.150000000000000300e-02,0.000000000000000000e+00,2.255743350003977347e-03,2.811642962070768151e-03,2.180767213839472293e-03,2.793867044011429275e-03,1.000000000000000000e+00,1.000000000000000000e+00,8.244154175123404558e-04,1.334824780252585495e-03,2.889741263522118547e-03,4.617029323738464563e-04,4.419713935298423546e-02,3.162244658833553504e-03,1.353159986709900064e-01,1.052059359471740375e-02,8.176568469748430636e-04,1.332524421917608351e-03,3.236044449345335124e-04,-5.605929914724247249e-04,-2.868044702002214320e-03,-1.314890909029056004e-03
8.200000000000000344e-02,0.000000000000000000e+00,2.257707889362836704e-03,2.811860991878200461e-03,2.181005052327908682e-03,2.793906533202770645e-03,1.000000000000000000e+00,1.000000000000000000e+00,8.259203419714832017e-04,1.335042810060017805e-03,3.009848918285584155e-03,4.360596148645097645e-04,4.365821477343859169e-02,2.671760898663705537e-03,1.334138345558135430e-01,7.864265050517051103e-03,8.215013660795126042e-04,1.333682708040050298e-03,7.293457550716358085e-04,7.822945788682324295e-04,-3.052594260836102337e-03,-1.371692809263487696e-03
8.250000000000000389e-02,0.000000000000000000e+00,2.259711116969881015e-03,2.812044424248569957e-03,2.181244262305303931e-03,2.793946979891841556e-03,1.000000000000000000e+00,1.000000000000000000e+00,8.274549033481622606e-04,1.335226242430387301e-03,3.069122753358210966e-03,3.668647407389312421e-04,4.374755499937724862e-02,3.108132903869478391e-03,1.342521627139233453e-01,9.947933599062389054e-03,8.217370267885090295e-04,1.333830008328438458e-03,2.142863537921414719e-04,-1.912123476852094651e-04,-3.052594260836102337e-03,-1.371692809263487696e-03
8.300000000000000433e-02,0.000000000000000000e+00,2.261758750152669580e-03,2.812213124735150199e-03,2.181484804854467822e-03,2.793988396768024539e-03,1.000000000000000000e+00,1.000000000000000000e+00,8.290234813693833941e-04,1.335394942916967543e-03,3.137156042442364613e-03,3.374009731603132538e-04,4.385231883824975557e-02,2.209776304106605017e-03,1.346186920772549922e-01,6.073836768829536485e-03,8.218183729782342194e-04,1.333882649026295157e-03,1.112949270732633265e-04,4.006261741547092721e-04,-3.052594260836102337e-03,-1.371692809263487696e-03
8.350000000000000477e-02,0.000000000000000000e+00,2.263857538629993234e-03,2.812327133801105494e-03,2.181726640900553266e-03,2.794030796508764191e-03,1.000000000000000000e+00,1.000000000000000000e+00,8.306312466197194070e-04,1.335508951982922621e-03,3.215530500671978566e-03,2.280181319099640423e-04,4.368345096451988624e-02,3.119206698287703937e-03,1.339148234629113643e-01,1.032560464721509960e-02,8.219245636003542389e-04,1.333852909375684084e-03,3.130725059744745718e-04,-5.178037470526526513e-04,-3.052594260836102337e-03,-1.371692809263487696e-03
8.400000000000000522e-02,0.000000000000000000e+00,2.265994563337267800e-03,2.812427680625649747e-03,2.181969731229091783e-03,2.794074191777330685e-03,1.000000000000000000e+00,1.000000000000000000e+00,8.322683025215346728e-04,1.335609498807466874e-03,3.274111803630597520e-03,2.010936490885164771e-04,4.293154220749260952e-02,2.779584531869672311e-03,1.311697578657199104e-01,8.218703459665016933e-03,8.267149699402043120e-04,1.334669437506164676e-03,8.461077194545942298e-04,7.342327483317220285e-04,-3.284517815553525573e-03,-1.410952543028269092e-03
8.450000000000000566e-02,0.000000000000000000e+00,2.268115321418088561e-03,2.812499746183627029e-03,2.182214036504051546e-03,2.794118595220601922e-03,1.000000000000000000e+00,1.000000000000000000e+00,8.338928974645471543e-04,1.335681564365444373e-03,3.249189886024957813e-03,1.441311159551925570e-04,4.302911754921747572e-02,3.139891790539939623e-03,1.321774207508253640e-01,9.883438572317224460e-03,8.269756993661024408e-04,1.334821474749240061e-03,1.980560470050141955e-04,-1.244254528017256414e-04,-3.284517815553525573e-03,-1.410952543028269092e-03
8.500000000000000611e-02,0.000000000000000000e+00,2.270226745293121243e-03,2.812559741237410059e-03,2.182459517285874166e-03,2.794164019466824876e-03,1.000000000000000000e+00,1.000000000000000000e+00,8.355103419910847855e-04,1.335741559419227620e-03,3.234889053075166564e-03,1.199901075667038027e-04,4.314247330794940966e-02,2.478821550937250658e-03,1.325268075405651169e-01,6.998103979371637917e-03,8.270496366423045779e-04,1.334868234062950134e-03,9.788439506850033422e-05,3.106178321476191066e-04,-3.284517815553525573e-03,-1.410952543028269092e-03
8.550000000000000655e-02,0.000000000000000000e+00,2.272336817275216053e-03,2.812578282487726393e-03,2.182706134049515814e-03,2.794210477123380398e-03,1.000000000000000000e+00,1.000000000000000000e+00,8.371267509075495678e-04,1.335760100669543737e-03,3.232817832929557166e-03,3.708250063239512651e-05,4.294132056514155665e-02,3.426868721610464106e-03,1.316477374874474859e-01,1.120867054647372782e-02,8.271474110577730797e-04,1.334839253937668193e-03,2.928317662842813782e-04,-4.251114040678719789e-04,-3.284517815553525573e-03,-1.410952543028269092e-03
8.600000000000000699e-02,0.000000000000000000e+00,2.274430916861285706e-03,2.812598180254321373e-03,2.182953847202493552e-03,2.794257980774557566e-03,1.000000000000000000e+00,1.000000000000000000e+00,8.387309242587961131e-04,1.335779998436138717e-03,3.208346702493099223e-03,3.979553319006255750e-05,4.211385244330177052e-02,3.120618363585711368e-03,1.285929252739493600e-01,9.211154716351569252e-03,8.324945890336117376e-04,1.335295811628511376e-03,8.793511786465041695e-04,6.796837895106125306e-04,-3.544965290556638393e-03,-1.431173590634414851e-03
8.650000000000000744e-02,0.000000000000000000e+00,2.276449768423609299e-03,2.812605742398832653e-03,2.183202617102935131e-03,2.794306542979329774e-03,1.000000000000000000e+00,1.000000000000000000e+00,8.402774542795960963e-04,1.335787560580650214e-03,3.093060041599880565e-03,1.512428902306547975e-05,4.225288432785976461e-02,3.318424736787152930e-03,1.297783716675334487e-01,1.023019090508311968e-02,8.327528283080278242e-04,1.335442434382138168e-03,1.549999435841696322e-04,-9.170337732665435025e-05,-3.544965290556638393e-03,-1.431173590634414851e-03
8.700000000000000788e-02,0.000000000000000000e+00,2.278403968913750473e-03,2.812609943575706054e-03,2.183452404077610570e-03,2.794356176269103924e-03,1.000000000000000000e+00,1.000000000000000000e+00,8.417744587058090082e-04,1.335791761757523181e-03,2.994008852425858024e-03,8.402353745899973818e-06,4.228054924085845878e-02,2.758123129584569549e-03,1.297148178189777845e-01,7.882419427661000247e-03,8.328257909808272057e-04,1.335488560001403015e-03,1.368831005187223847e-04,2.754924902837115356e-04,-3.544965290556638393e-03,-1.431173590634414851e-03
8.750000000000000833e-02,0.000000000000000000e+00,2.280296028582834249e-03,2.812585804866953726e-03,2.183703168439987165e-03,2.794406893145510822e-03,1.000000000000000000e+00,1.000000000000000000e+00,8.432238605013604206e-04,1.335767623048771070e-03,2.898803591102779714e-03,-4.827741750423373917e-05,4.221219152148162485e-02,3.727397652196455611e-03,1.293754452838485058e-01,1.210068343468893859e-02,8.329096362415010571e-04,1.335467258136072317e-03,1.983756019101941964e-04,-3.594685999686902836e-04,-3.544965290556638393e-03,-1.431173590634414851e-03
8.799999999999999489e-02,0.000000000000000000e+00,2.282121562960677010e-03,2.812576936747005710e-03,2.183954870508270606e-03,2.794458706078161749e-03,1.000000000000000000e+00,1.000000000000000000e+00,8.446223009672292796e-04,1.335758754928823054e-03,2.796880931737651295e-03,-1.773623989600112952e-05,4.135537375226346068e-02,3.500637961667807038e-03,1.260523849850543887e-01,1.040572945180681490e-02,8.383099715489747070e-04,1.335638455092504799e-03,9.398092371743749750e-04,6.523352750494876154e-04,-3.808586163633814487e-03,-1.436197654776175505e-03
8.849999999999999534e-02,0.000000000000000000e+00,2.283819814064839276e-03,2.812573037813448189e-03,2.184207470623444804e-03,2.794511627502419340e-03,1.000000000000000000e+00,1.000000000000000000e+00,8.459232367885934512e-04,1.335754855995265750e-03,2.601871642728265533e-03,-7.797867114740641636e-06,4.144192933790356859e-02,3.538902083209371704e-03,1.270169843386547981e-01,1.075218424778159876e-02,8.385814341927357203e-04,1.335791598206346022e-03,1.475664357191710466e-04,-3.842991280158343168e-05,-3.808586163633814487e-03,-1.436197654776175505e-03
8.899999999999999578e-02,0.000000000000000000e+00,2.285398264396525624e-03,2.812575759223922330e-03,2.184460929167315619e-03,2.794565669817164564e-03,1.000000000000000000e+00,1.000000000000000000e+00,8.471323998939209350e-04,1.335757577405739674e-03,2.418326210655055621e-03,5.442820948061952811e-06,4.149260220075243893e-02,3.177845181258887562e-03,1.270429610457616265e-01,9.322991738918370158e-03,8.386483743291026517e-04,1.335831131700634120e-03,1.202445295460621475e-04,1.961078646856882562e-04,-3.808586163633814487e-03,-1.436197654776175505e-03
8.949999999999999623e-02,0.000000000000000000e+00,2.286861754817924586e-03,2.812568902462426502e-03,2.184715206580566723e-03,2.794620845382579308e-03,1.000000000000000000e+00,1.000000000000000000e+00,8.482534985987917955e-04,1.335750720644243847e-03,2.242197409741819060e-03,-1.371352299155885385e-05,4.143102205919939329e-02,3.828873102287638427e-03,1.266675335956077286e-01,1.215134443635288754e-02,8.387249463777710730e-04,1.335821908446229540e-03,1.859135057655440359e-04,-2.321705355854163707e-04,-3.808586163633814487e-03,-1.436197654776175505e-03
8.999999999999999667e-02,0.000000000000000000e+00,2.288207048710115370e-03,2.812581648142099648e-03,2.184970263380786419e-03,2.794677166517893843e-03,1.000000000000000000e+00,1.000000000000000000e+00,8.492840535092664169e-04,1.335763466323917209e-03,2.061109820949201619e-03,2.549135934685677226e-05,4.051634903705607360e-02,3.634309781172429324e-03,1.230721903685525614e-01,1.085683071145811425e-02,8.435900300106659007e-04,1.335833971878321123e-03,8.157616410351545624e-04,5.075349850249615772e-04,-4.046384546908752752e-03,-1.433253145177071754e-03
9.049999999999999711e-02,0.000000000000000000e+00,2.289369902521278932e-03,2.812605079610860145e-03,2.185226060180520038e-03,2.794734645499168113e-03,1.000000000000000000e+00,1.000000000000000000e+00,8.501748512094679106e-04,1.335786897792677489e-03,1.781595400403048358e-03,4.686293752064154996e-05,4.094851824212057678e-02,3.981134442018323741e-03,1.253837971673675555e-01,1.237906214510001678e-02,8.437889511585872689e-04,1.335936099052095543e-03,-1.846784044801617897e-05,-9.785690749149672301e-05,-4.046384546908752752e-03,-1.433253145177071754e-03
9.099999999999999756e-02,0.000000000000000000e+00,2.290383237231816225e-03,2.812654555714609247e-03,2.185482557705318001e-03,2.794793294557065648e-03,1.000000000000000000e+00,1.000000000000000000e+00,8.509511106334946258e-04,1.335836373896426808e-03,1.552518848053364205e-03,9.895220749858134335e-05,4.045193758303643888e-02,3.312156275725069640e-03,1.229653454456789557e-01,9.507309747523021159e-03,8.438890678532187141e-04,1.335995791608890612e-03,4.180848019524026956e-04,3.357844872668611330e-04,-4.046384546908752752e-03,-1.433253145177071754e-03
9.149999999999999800e-02,0.000000000000000000e+00,2.291213135045632072e-03,2.812699898057620992e-03,2.185739716811772176e-03,2.794853125874612303e-03,1.000000000000000000e+00,1.000000000000000000e+00,8.515868492421247446e-04,1.335881716239438336e-03,1.271477217260311762e-03,9.068468602308264834e-05,4.098536484990108336e-02,4.025420523513587555e-03,1.253124887782179064e-01,1.284491031860546251e-02,8.439604416258857534e-04,1.336011559811718045e-03,-1.315272672538204089e-04,-2.715352937340063510e-04,-4.046384546908752752e-03,-1.433253145177071754e-03
9.199999999999999845e-02,0.000000000000000000e+00,2.291899813571941606e-03,2.812772996886208840e-03,2.185997498505562638e-03,2.794914151584967574e-03,1.000000000000000000e+00,1.000000000000000000e+00,8.521128755114133974e-04,1.335954815068026401e-03,1.052052538577313325e-03,1.461976571760570452e-04,4.024046201309125492e-02,4.068929513950418457e-03,1.218482952344620979e-01,1.242887351787084170e-02,8.477511042487853804e-04,1.336028965375662177e-03,1.152813205089855183e-03,5.798659711912579947e-04,-4.228544192389971888e-03,-1.430156423011245091e-03
9.249999999999999889e-02,0.000000000000000000e+00,2.292391545762045325e-03,2.812875463843941826e-03,2.186255863959500091e-03,2.794976383769196774e-03,1.000000000000000000e+00,1.000000000000000000e+00,8.524895642231448793e-04,1.336057282025758953e-03,7.533774234630321708e-04,2.049339154650774402e-04,4.017570153031373853e-02,4.041114015082346994e-03,1.220749510774565283e-01,1.230896635804389072e-02,8.480934224423895135e-04,1.336196083260260013e-03,2.182577895572322246e-04,8.954947891136577067e-05,-4.228544192389971888e-03,-1.430156423011245091e-03
9.299999999999999933e-02,0.000000000000000000e+00,2.292685907617114747e-03,2.813005703859249463e-03,2.186514774531576107e-03,2.795039834454039317e-03,1.000000000000000000e+00,1.000000000000000000e+00,8.527150584864872295e-04,1.336187522041066807e-03,4.509885266846506307e-04,2.604800306157894173e-04,4.049691186177430124e-02,4.161597710755823507e-03,1.232180146652531311e-01,1.282451779935972827e-02,8.481423607877245372e-04,1.336219412428341731e-03,-2.204056243970383203e-05,3.932236931374255204e-06,-4.228544192389971888e-03,-1.430156423011245091e-03
9.349999999999999978e-02,0.000000000000000000e+00,2.292808150586789044e-03,2.813168758833061930e-03,2.186774191782996438e-03,2.795104515609674392e-03,1.000000000000000000e+00,1.000000000000000000e+00,8.528087020341163166e-04,1.336350577014879491e-03,1.872870952581488194e-04,3.261099476252762538e-04,4.000292038948041751e-02,3.918479009467900308e-03,1.208860542424859824e-01,1.180570063612326921e-02,8.482411663543152095e-04,1.336259620935678757e-03,4.164093843767038773e-04,1.566043961809280368e-04,-4.228544192389971888e-03,-1.430156423011245091e-03
9.400000000000000022e-02,0.000000000000000000e+00,2.292724906002607029e-03,2.813353373435922150e-03,2.187034077496234283e-03,2.795170439147493576e-03,1.000000000000000000e+00,1.000000000000000000e+00,8.527449329829841704e-04,1.336535191617739711e-03,-1.275381022642724195e-04,3.692292057203528060e-04,4.014568775513258775e-02,4.583792518090460885e-03,1.216959558152082288e-01,1.461563739372657295e-02,8.503276979927467229e-04,1.336398930602698343e-03,9.477021468177240218e-05,-4.068010309933868768e-05,-4.329494570352276396e-03,-1.435847057569122290e-03
9.450000000000000067e-02,0.000000000000000000e+00,2.292448790905938713e-03,2.813588982358918716e-03,2.187294393693069681e-03,2.795237616917869115e-03,1.000000000000000000e+00,1.000000000000000000e+00,8.525334165475200463e-04,1.336770800540735844e-03,-4.230328709281834651e-04,4.712178459924646246e-04,4.007135564048500131e-02,4.100452470840410153e-03,1.211293493980275110e-01,1.221441931060587502e-02,8.503977911372465580e-04,1.336455614287203634e-03,1.854240284960496010e-04,2.668167739167781171e-04,-4.329494570352276396e-03,-1.435847057569122290e-03
9.500000000000000111e-02,0.000000000000000000e+00,2.291976759147549766e-03,2.813853384751990525e-03,2.187555102652633671e-03,2.795306060707921335e-03,1.000000000000000000e+00,1.000000000000000000e+00,8.521718192420305342e-04,1.337035202933807869e-03,-7.231946109790704253e-04,5.288047861441208444e-04,4.024501903847440415e-02,4.880643372932937617e-03,1.217087378986063256e-01,1.568179038903932607e-02,8.504611088314907499e-04,1.336458697657807830e-03,6.807178284144580795e-05,-2.534750889205212502e-04,-4.329494570352276396e-03,-1.435847057569122290e-03
9.550000000000000155e-02,0.000000000000000000e+00,2.291323571862458920e-03,2.814181051433176962e-03,2.187816166929453313e-03,2.795375782239287350e-03,1.000000000000000000e+00,1.000000000000000000e+00,8.516714487519706127e-04,1.337362869614994306e-03,-1.000740980119755718e-03,6.553333623726854832e-04,4.012942388348688522e-02,3.957037915504793557e-03,1.209649836880296314e-01,1.148321861016537646e-02,8.505422698519624200e-04,1.336553496632301129e-03,2.562046328123422970e-04,6.309533930755794251e-04,-4.329494570352276396e-03,-1.435847057569122290e-03
9.600000000000000200e-02,0.000000000000000000e+00,2.290483136132240305e-03,2.814529970547064233e-03,2.188077549371495421e-03,2.795446793165893250e-03,1.000000000000000000e+00,1.000000000000000000e+00,8.510276376310379988e-04,1.337711788728881577e-03,-1.287622241865335904e-03,6.978382277743889724e-04,4.024304601657209546e-02,5.169779371951332796e-03,1.213534303561225047e-01,1.699981988573812802e-02,8.508175202141225616e-04,1.337114389147798761e-03,1.638678794382692459e-04,-3.220337236273884771e-04,-4.338269649429561843e-03,-1.460796101021567730e-03
9.650000000000000244e-02,0.000000000000000000e+00,2.289465856763542133e-03,2.814954004441777395e-03,2.188339213138210289e-03,2.795519105071721071e-03,1.000000000000000000e+00,1.000000000000000000e+00,8.502483564235472063e-04,1.338135822623594956e-03,-1.558562414981583483e-03,8.480677894267881368e-04,4.030511523584229261e-02,4.260538659188376973e-03,1.213544078077763710e-01,1.249797772528610067e-02,8.508902234237891065e-04,1.337211704516150755e-03,1.270136347873515744e-04,7.092928215180578297e-04,-4.338269649429561843e-03,-1.460796101021567730e-03
9.700000000000000289e-02,0.000000000000000000e+00,2.288278347856428051e-03,2.815411633927407831e-03,2.188601121718573676e-03,2.795592729468576211e-03,1.000000000000000000e+00,1.000000000000000000e+00,8.493386718240984604e-04,1.338593452109225175e-03,-1.819369198897535529e-03,9.152589712604912615e-04,4.020628992917008038e-02,5.105419324058369478e-03,1.207798856960337480e-01,1.658428686433212687e-02,8.509902933857798994e-04,1.337289478010939394e-03,2.729795513485282644e-04,-3.960596223091782933e-04,-4.338269649429561843e-03,-1.460796101021567730e-03
9.750000000000000333e-02,0.000000000000000000e+00,2.286915650282794234e-03,2.815940140481186429e-03,2.188863238949134010e-03,2.795667677793858309e-03,1.000000000000000000e+00,1.000000000000000000e+00,8.482947849201644347e-04,1.339121958663003773e-03,-2.087773807868048299e-03,1.057013107557363066e-03,4.038056154760730210e-02,4.249656313262465540e-03,1.213993161372000223e-01,1.260051707287601803e-02,8.510649899459922681e-04,1.337371527569122245e-03,2.628196349693931108e-05,7.220877986597732442e-04,-4.338269649429561843e-03,-1.460796101021567730e-03
9.800000000000000377e-02,0.000000000000000000e+00,2.285392428662948693e-03,2.816500430129381758e-03,2.189125529032053506e-03,2.795743961408329956e-03,1.000000000000000000e+00,1.000000000000000000e+00,8.471279294626429552e-04,1.339682248311199102e-03,-2.333710915042961232e-03,1.120579296390579850e-03,4.088413208929361081e-02,5.240330361898007730e-03,1.230763648279184219e-01,1.720582739997190969e-02,8.493173912318876390e-04,1.338470800128550246e-03,8.044274778058887413e-05,-2.500743986823638471e-04,-4.246831730785808993e-03,-1.511389494303050883e-03
9.850000000000000422e-02,0.000000000000000000e+00,2.283746764035994754e-03,2.817136303475111393e-03,2.189387956553155365e-03,2.795821591593886275e-03,1.000000000000000000e+00,1.000000000000000000e+00,8.458672772199277157e-04,1.340318121656928737e-03,-2.521304485430410532e-03,1.271746691459406690e-03,4.075810519532060971e-02,4.320892397518640189e-03,1.220579727525519798e-01,1.285435604774647772e-02,8.494057842897917649e-04,1.338573226938694419e-03,2.727534476779570243e-04,6.580178970047209338e-04,-4.246831730785808993e-03,-1.511389494303050883e-03
9.900000000000000466e-02,0.000000000000000000e+00,2.281971246673655720e-03,2.817805756550961251e-03,2.189650486499964029e-03,2.795900579551321465e-03,1.000000000000000000e+00,1.000000000000000000e+00,8.445071520108464935e-04,1.340987574732778811e-03,-2.720250418162459532e-03,1.338906151700123117e-03,4.080110528207823994e-02,5.212211966921633487e-03,1.222274912225430471e-01,1.712970946461121746e-02,8.495173359059027480e-04,1.338648928270602103e-03,1.736408800665793697e-04,-3.532555948410700825e-04,-4.246831730785808993e-03,-1.511389494303050883e-03
9.950000000000000511e-02,0.000000000000000000e+00,2.280070665408178571e-03,2.818548120505431735e-03,2.189913084279750208e-03,2.795980936398101413e-03,1.000000000000000000e+00,1.000000000000000000e+00,8.430512222937314257e-04,1.341729938687249296e-03,-2.911859434230115989e-03,1.484727908941104162e-03,4.083896573469913277e-02,4.322195178641449753e-03,1.222366321000896427e-01,1.297501594682635463e-02,8.495989858259859681e-04,1.338746955282081336e-03,1.529957247123893914e-04,7.432349513304021020e-04,-4.246831730785808993e-03,-1.511389494303050883e-03
1.000000000000000056e-01,0.000000000000000000e+00,2.278049399710138992e-03,2.819322724035786161e-03,2.190175715737575912e-03,2.796062673166129376e-03,1.000000000000000000e+00,1.000000000000000000e+00,8.415028429376814013e-04,1.342504542217603505e-03,-3.096758712100124329e-03,1.549207060708202932e-03,4.190870615191684412e-02,4.831645709857294337e-03,1.262611751754019462e-01,1.574105131951497247e-02,8.459574065509411784e-04,1.340515909824685232e-03,-2.788347264861911314e-04,-1.119940229510448448e-04,-4.060796952336265600e-03,-1.594440230301725743e-03
1.005000000000000060e-01,0.000000000000000000e+00,2.275985646010430380e-03,2.820151851461900026e-03,2.190438347174338170e-03,2.796145800799516423e-03,1.000000000000000000e+00,1.000000000000000000e+00,8.399219158840532610e-04,1.343333669643717154e-03,-3.161854107256295392e-03,1.658254852227391803e-03,4.135843756669779769e-02,4.505740377193140703e-03,1.231765470451172545e-01,1.408734615929684367e-02,8.461142726327442040e-04,1.340590016608708126e-03,9.040008052030092675e-04,4.074117566129687763e-04,-4.060796952336265600e-03,-1.594440230301725743e-03
1.010000000000000064e-01,0.000000000000000000e+00,2.273840748243539673e-03,2.821020223079427798e-03,2.190700945364811025e-03,2.796230330152351014e-03,1.000000000000000000e+00,1.000000000000000000e+00,8.382788288686683891e-04,1.344202041261244925e-03,-3.286174030769715114e-03,1.736743235055334799e-03,4.175573912945002714e-02,4.718139029232769517e-03,1.251236204251691408e-01,1.522419831071985565e-02,8.463502456539822357e-04,1.340701501565742196e-03,4.155377369291588657e-05,3.923737576180325514e-05,-4.060796952336265600e-03,-1.594440230301725743e-03
1.015000000000000069e-01,0.000000000000000000e+00,2.271644328972532122e-03,2.821936767732476266e-03,2.190963477575692299e-03,2.796316271986465547e-03,1.000000000000000000e+00,1.000000000000000000e+00,8.365962740913534526e-04,1.345118585914293827e-03,-3.365109554629925129e-03,1.833089306097768429e-03,4.136876111635796882e-02,4.538350589231087556e-03,1.232398828069848351e-01,1.438608030807784696e-02,8.464528591236855290e-04,1.340748179909588209e-03,3.682630687725143431e-04,1.472648796689389602e-04,-4.060796952336265600e-03,-1.594440230301725743e-03
1.020000000000000073e-01,0.000000000000000000e+00,2.269369539323455066e-03,2.822892793787086865e-03,2.191225911583644277e-03,2.796403636969208104e-03,1.000000000000000000e+00,1.000000000000000000e+00,8.348536841214135827e-04,1.346074611968903992e-03,-3.485179939879633898e-03,1.912052109220279328e-03,4.240398482642132594e-02,4.480515682554238842e-03,1.275272786218181187e-01,1.434890694791922904e-02,8.411852038176485672e-04,1.343203647303244054e-03,-9.125319399412936978e-04,3.678298021785506543e-04,-3.796375337869915476e-03,-1.714339582809636326e-03
1.025000000000000078e-01,0.000000000000000000e+00,2.267091641999720904e-03,2.823885151436160423e-03,2.191488215693340909e-03,2.796492435671211595e-03,1.000000000000000000e+00,1.000000000000000000e+00,8.331087135345715362e-04,1.347066969617977767e-03,-3.489941173684153741e-03,1.984715298147660817e-03,4.193819782882083486e-02,4.506570220690507209e-03,1.248320763181405696e-01,1.453071552972015797e-02,8.411694610374300307e-04,1.343312311662487202e-03,8.461531044479786825e-04,6.740574634370565129e-05,-3.796375337869915476e-03,-1.714339582809636326e-03
1.030000000000000082e-01,0.000000000000000000e+00,2.264777593859199165e-03,2.824914469051362838e-03,2.191750358755508929e-03,2.796582678564158569e-03,1.000000000000000000e+00,1.000000000000000000e+00,8.313360498154150416e-04,1.348096287233180183e-03,-3.545327438312990097e-03,2.058635230404964704e-03,4.264654438422828958e-02,4.374761497494643152e-03,1.279514281070907589e-01,1.402836422279479626e-02,8.413587874780903897e-04,1.343375294815031496e-03,-8.704596848836047666e-05,1.842979480365761235e-04,-3.796375337869915476e-03,-1.714339582809636326e-03
1.035000000000000087e-01,0.000000000000000000e+00,2.262478775724268733e-03,2.825974314897101644e-03,2.192012310184974621e-03,2.796674376018555563e-03,1.000000000000000000e+00,1.000000000000000000e+00,8.295750529574104143e-04,1.349156133078918771e-03,-3.521993716009342700e-03,2.119691691477060009e-03,4.210070397933816239e-02,4.752134283805751341e-03,1.252392045769220308e-01,1.563273035692226351e-02,8.414949071339513200e-04,1.343394718889945978e-03,6.301295706809140890e-04,-1.060397116866407914e-04,-3.796375337869915476e-03,-1.714339582809636326e-03
1.040000000000000091e-01,0.000000000000000000e+00,2.260156203975367123e-03,2.827081063569599623e-03,2.192274039978703640e-03,2.796767538301497477e-03,1.000000000000000000e+00,1.000000000000000000e+00,8.277958597754191388e-04,1.350262881751417184e-03,-3.558386363982497542e-03,2.213497344996951180e-03,4.297960579708676176e-02,4.548492359516636413e-03,1.290993040256150359e-01,1.456004909351451063e-02,8.352949765574714872e-04,1.346566892881430897e-03,-1.117784010981841877e-03,8.122591062116361286e-04,-3.483191665484025590e-03,-1.868694208966406416e-03
1.044999999999999957e-01,0.000000000000000000e+00,2.257873323309805228e-03,2.828224951580484391e-03,2.192535518733849075e-03,2.796862175574439755e-03,1.000000000000000000e+00,1.000000000000000000e+00,8.260470717272618262e-04,1.351406769762301951e-03,-3.497576096314640795e-03,2.287776021769434825e-03,4.346630114969627506e-02,3.958036618818539659e-03,1.302712937695275075e-01,1.247270560299917723e-02,8.351448496643965784e-04,1.346821977935915840e-03,5.141195035454524612e-04,2.092401151281782267e-04,-3.483191665484025590e-03,-1.868694208966406416e-03
1.049999999999999961e-01,0.000000000000000000e+00,2.255664765008887074e-03,2.829379053484224783e-03,2.192796717665792573e-03,2.796958297890967532e-03,1.000000000000000000e+00,1.000000000000000000e+00,8.243552179135389159e-04,1.352560871666042127e-03,-3.383707627445867953e-03,2.308203807480348636e-03,4.413459776278451374e-02,4.294871355350266158e-03,1.325113922790540910e-01,1.429369131969201838e-02,8.352551609234127499e-04,1.346869476056105014e-03,-7.174324156965770395e-05,-1.880747598760501463e-05,-3.483191665484025590e-03,-1.868694208966406416e-03
1.054999999999999966e-01,0.000000000000000000e+00,2.253577746890046002e-03,2.830558159376296394e-03,2.193057608626190237e-03,2.797055915194559574e-03,1.000000000000000000e+00,1.000000000000000000e+00,8.227564692809122065e-04,1.353739977558113521e-03,-3.197497265253360609e-03,2.358211784142614370e-03,4.341363018171445765e-02,3.947028858131383655e-03,1.292392385430921053e-01,1.267675368043833309e-02,8.354081580198459553e-04,1.346932088612092611e-03,6.822645877258517360e-04,2.686981514683638335e-04,-3.483191665484025590e-03,-1.868694208966406416e-03
1.059999999999999970e-01,0.000000000000000000e+00,2.251559490871367190e-03,2.831746313632711384e-03,2.193318164121014179e-03,2.797155037316365229e-03,1.000000000000000000e+00,1.000000000000000000e+00,8.212103954730118208e-04,1.354928131814528728e-03,-3.092147615800673859e-03,2.376308512830601922e-03,4.435279536257275695e-02,3.736757736233681931e-03,1.335577337063718339e-01,1.216485426213431351e-02,8.290034413980003217e-04,1.350624552963277953e-03,-1.036338732315898173e-03,5.503890971034629438e-04,-3.157732710713262447e-03,-2.048423455808196913e-03
1.064999999999999974e-01,0.000000000000000000e+00,2.249676644583133763e-03,2.832933887709807724e-03,2.193578357328599283e-03,2.797255673972965772e-03,1.000000000000000000e+00,1.000000000000000000e+00,8.197680515366635159e-04,1.356115705891625285e-03,-2.884687872696591569e-03,2.375148154193236407e-03,4.432722888640749925e-02,3.700621617618307050e-03,1.327662737086731937e-01,1.220351493142074126e-02,8.289320059303755461e-04,1.350787501420190086e-03,7.471431958134651862e-04,1.022670275596213214e-04,-3.157732710713262447e-03,-2.048423455808196913e-03
1.069999999999999979e-01,0.000000000000000000e+00,2.247926017099865278e-03,2.834119140234793791e-03,2.193838162117684766e-03,2.797357834764149179e-03,1.000000000000000000e+00,1.000000000000000000e+00,8.184269930811343893e-04,1.357300958416611135e-03,-2.682116911058161652e-03,2.370505049971740903e-03,4.504834417695232490e-02,3.641745027320164845e-03,1.356956434398401690e-01,1.200370936559679372e-02,8.291076332701799358e-04,1.350849313426926443e-03,-4.310897488205597643e-05,1.448960489595942352e-04,-3.157732710713262447e-03,-2.048423455808196913e-03
1.074999999999999983e-01,0.000000000000000000e+00,2.246357881471428442e-03,2.835299334982265343e-03,2.194097553065458769e-03,2.797461529170674945e-03,1.000000000000000000e+00,1.000000000000000000e+00,8.172257314969133719e-04,1.358481153164082904e-03,-2.402523168441975804e-03,2.360389494943561026e-03,4.434444420114967700e-02,3.915022252407972768e-03,1.324940010735442264e-01,1.311093549794661167e-02,8.292596286061702055e-04,1.350874088630674803e-03,6.497418386523915769e-04,-4.542732592491754507e-05,-3.157732710713262447e-03,-2.048423455808196913e-03
1.079999999999999988e-01,0.000000000000000000e+00,2.244919913619470176e-03,2.836486598817828698e-03,2.194356505475601217e-03,2.797566766552044525e-03,1.000000000000000000e+00,1.000000000000000000e+00,8.161241842145370651e-04,1.359668416999646042e-03,-2.203094564752629703e-03,2.374527671126250034e-03,4.513862275047720446e-02,3.595931223220450498e-03,1.362845306009707602e-01,1.164448880388950502e-02,8.233305960979646560e-04,1.354926457332054392e-03,-1.002804595326835940e-03,8.818525058223318546e-04,-2.856773210207517143e-03,-2.246460680999100897e-03
1.084999999999999992e-01,0.000000000000000000e+00,2.243667604314353303e-03,2.837666467493882988e-03,2.194614995396332313e-03,2.797673556144272648e-03,1.000000000000000000e+00,1.000000000000000000e+00,8.151648596302859574e-04,1.360848285675700332e-03,-1.918649168502121246e-03,2.359737352108689200e-03,4.545046178349174820e-02,3.108831015642224763e-03,1.369678644805482348e-01,1.001879153577760716e-02,8.232356231089804979e-04,1.355188853993453003e-03,6.197716959910243338e-04,1.691055183415329051e-04,-2.856773210207517143e-03,-2.246460680999100897e-03
1.089999999999999997e-01,0.000000000000000000e+00,2.242621255803837945e-03,2.838817144163567358e-03,2.194872999638449763e-03,2.797781907057652999e-03,1.000000000000000000e+00,1.000000000000000000e+00,8.143633101682399645e-04,1.361998962345384702e-03,-1.603098924091950813e-03,2.301353339368778644e-03,4.615532173707621172e-02,3.283799788375956104e-03,1.396057387080917589e-01,1.108901974097609849e-02,8.233844334619473551e-04,1.355244373651127423e-03,-2.328966292379323899e-05,5.319564610802317078e-05,-2.856773210207517143e-03,-2.246460680999100897e-03
1.095000000000000001e-01,0.000000000000000000e+00,2.241829040392528602e-03,2.839946650187367798e-03,2.195130495793376837e-03,2.797891828274527357e-03,1.000000000000000000e+00,1.000000000000000000e+00,8.137564379546534518e-04,1.363128468369184925e-03,-1.213744427173111227e-03,2.259012047600459077e-03,4.532684993373359283e-02,3.184112365374639191e-03,1.359921429084522959e-01,1.053429404213878512e-02,8.235433648823443226e-04,1.355288386229400741e-03,6.576896090995051382e-04,1.227182697476427201e-04,-2.856773210207517143e-03,-2.246460680999100897e-03
1.100000000000000006e-01,0.000000000000000000e+00,2.241228797082735810e-03,2.841050652627731717e-03,2.195387462251205662e-03,2.798003328647056046e-03,1.000000000000000000e+00,1.000000000000000000e+00,8.132966249026671833e-04,1.364232470809548844e-03,-9.196261039725255699e-04,2.208004880727925875e-03,4.606464453952225507e-02,2.833619128747324762e-03,1.397200440541515043e-01,9.236259922164593086e-03,8.189424483700381667e-04,1.359408960093232664e-03,-7.574585048740371329e-04,7.228109390181807576e-04,-2.620988165064138450e-03,-2.447903694329051690e-03
1.105000000000000010e-01,0.000000000000000000e+00,2.240871167476950025e-03,2.842113673316874756e-03,2.195643878218740512e-03,2.798116416894987947e-03,1.000000000000000000e+00,1.000000000000000000e+00,8.130226647304601793e-04,1.365295491498691883e-03,-5.479203444140089488e-04,2.126041378285865695e-03,4.582387677059801545e-02,2.948566246847238084e-03,1.383514557863441408e-01,9.946627631478355269e-03,8.189636631735923477e-04,1.359581804460680476e-03,8.392225694809244763e-04,-2.998109960907348152e-05,-2.620988165064138450e-03,-2.447903694329051690e-03
1.110000000000000014e-01,0.000000000000000000e+00,2.240736138685877135e-03,2.843141200670207865e-03,2.195899723737543274e-03,2.798231101603427043e-03,1.000000000000000000e+00,1.000000000000000000e+00,8.129192266753975825e-04,1.366323018852025209e-03,-2.068761101252513551e-04,2.055054706666702754e-03,4.646716484296269101e-02,2.633320013352041886e-03,1.412354076302767825e-01,8.593663325815204326e-03,8.191825150872771976e-04,1.359636690404278673e-03,3.773009705025664497e-05,2.489821725036334165e-04,-2.620988165064138450e-03,-2.447903694329051690e-03
1.115000000000000019e-01,0.000000000000000000e+00,2.240867179355410417e-03,2.844119455132207951e-03,2.196154979701972400e-03,2.798347391220600694e-03,1.000000000000000000e+00,1.000000000000000000e+00,8.130196096521164449e-04,1.367301273314025511e-03,2.007659534377284464e-04,1.956508924000736633e-03,4.603940880655135737e-02,3.227641705259338620e-03,1.392402749000507256e-01,1.112853854369654644e-02,8.193274412314464645e-04,1.359646875344441407e-03,5.409936842514095770e-04,-2.073584144169207991e-04,-2.620988165064138450e-03,-2.447903694329051690e-03
1.120000000000000023e-01,0.000000000000000000e+00,2.241230565240378246e-03,2.845075435259605129e-03,2.196409627877235309e-03,2.798465294055633122e-03,1.000000000000000000e+00,1.000000000000000000e+00,8.132979793900034938e-04,1.368257253441422256e-03,5.567394757741624687e-04,1.911960254793610130e-03,4.643879628511750346e-02,2.685976911701931473e-03,1.413445083122119583e-01,8.498388588951763176e-03,8.166438383680614229e-04,1.363619106014000689e-03,-4.277984719300455111e-04,1.059085883481350986e-03,-2.481255938150900633e-03,-2.641605423252995580e-03
1.125000000000000028e-01,0.000000000000000000e+00,2.241852138604415179e-03,2.845985106287701825e-03,2.196663650917423435e-03,2.798584818276309352e-03,1.000000000000000000e+00,1.000000000000000000e+00,8.137741322115151377e-04,1.369166924469519169e-03,9.523056430232308776e-04,1.819342056193847586e-03,4.621735795018940690e-02,2.527353621118563244e-03,1.403524744293742355e-01,8.304915066580159308e-03,8.167098971656896024e-04,1.363877273140503155e-03,6.898651479643105183e-04,-2.432749225618133226e-05,-2.481255938150900633e-03,-2.641605423252995580e-03
1.130000000000000032e-01,0.000000000000000000e+00,2.242712977908946533e-03,2.846841821017325434e-03,2.196917032383562465e-03,2.798705971906846092e-03,1.000000000000000000e+00,1.000000000000000000e+00,8.144335733771695691e-04,1.370023639199142995e-03,1.318882331308791119e-03,1.713429459247842266e-03,4.687008876362624282e-02,2.176824717913436544e-03,1.432700815996240662e-01,7.033440476495814338e-03,8.168757974107081037e-04,1.363934366237781227e-03,-2.488526005137181064e-05,2.521618908263816689e-04,-2.481255938150900633e-03,-2.641605423252995580e-03
1.135000000000000037e-01,0.000000000000000000e+00,2.243856920956024351e-03,2.847630446941317589e-03,2.197169756761652160e-03,2.798828762825662179e-03,1.000000000000000000e+00,1.000000000000000000e+00,8.153098845916282016e-04,1.370812265123134933e-03,1.752622428917177720e-03,1.577251847983892090e-03,4.621090482544816525e-02,2.748291520597004236e-03,1.403818829967169446e-01,9.493490171623087531e-03,8.170342056192341071e-04,1.363943827218124785e-03,6.571902540127490819e-04,-2.134160427950550069e-04,-2.481255938150900633e-03,-2.641605423252995580e-03
1.140000000000000041e-01,0.000000000000000000e+00,2.245233366725038482e-03,2.848377202431606227e-03,2.197421809480714413e-03,2.798953198763146424e-03,1.000000000000000000e+00,1.000000000000000000e+00,8.163643032242362801e-04,1.371559020613423788e-03,2.108837265216067982e-03,1.493510980577653557e-03,4.630113242615783303e-02,2.115352369166443973e-03,1.414831327128342753e-01,6.511516547195194717e-03,8.168173718402986332e-04,1.367454815389665228e-03,-5.451250760727385721e-05,9.511663625537580997e-04,-2.462334553333784225e-03,-2.813008260823352587e-03
1.145000000000000046e-01,0.000000000000000000e+00,2.246845913458053040e-03,2.849054228896155238e-03,2.197673176930832646e-03,2.799079287299425026e-03,1.000000000000000000e+00,1.000000000000000000e+00,8.175995856883317260e-04,1.372236047077972582e-03,2.470564928190955700e-03,1.354052929097607346e-03,4.605173172282944066e-02,2.540097199555612327e-03,1.406285498850311788e-01,8.641419546137011493e-03,8.169526925628471528e-04,1.367639445856978645e-03,5.945324429684357417e-04,-2.104003688613055589e-04,-2.462334553333784225e-03,-2.813008260823352587e-03
1.150000000000000050e-01,0.000000000000000000e+00,2.248673782751818735e-03,2.849681225280770343e-03,2.197923846481197700e-03,2.799207035862133312e-03,1.000000000000000000e+00,1.000000000000000000e+00,8.189998148035683087e-04,1.372863043462587904e-03,2.800458230473183534e-03,1.253992769230431520e-03,4.648404083917042490e-02,1.858487526162883041e-03,1.426946119099078147e-01,5.588658439101461609e-03,8.170955304969222113e-04,1.367701810289702552e-03,-2.199128935343797921e-05,4.585593075030160908e-04,-2.462334553333784225e-03,-2.813008260823352587e-03
1.155000000000000054e-01,0.000000000000000000e+00,2.250745205059336874e-03,2.850228268306697829e-03,2.198173806498153297e-03,2.799336451724182290e-03,1.000000000000000000e+00,1.000000000000000000e+00,8.205866163515954060e-04,1.373410086488514956e-03,3.173603096054282251e-03,1.094086051854042735e-03,4.603803482845819639e-02,2.595032087469596824e-03,1.407904888601283488e-01,8.962239423819620340e-03,8.172432553678571181e-04,1.367721146058049246e-03,6.116571876711648925e-04,-3.795926368757478794e-04,-2.462334553333784225e-03,-2.813008260823352587e-03
1.160000000000000059e-01,0.000000000000000000e+00,2.253025191773642185e-03,2.850729112432949432e-03,2.198423046363237598e-03,2.799467542001529523e-03,1.000000000000000000e+00,1.000000000000000000e+00,8.223331875044742568e-04,1.373910930614766776e-03,3.493142305757681622e-03,1.001688252503491567e-03,4.556456513306046674e-02,1.955911593532462609e-03,1.395011797996560665e-01,5.811616146656157188e-03,8.196609564633866238e-04,1.370576634549540169e-03,3.974137125185837915e-04,9.906370582902727234e-04,-2.573934230305545412e-03,-2.952257583986686931e-03
1.165000000000000063e-01,0.000000000000000000e+00,2.255477171842788786e-03,2.851155701280414564e-03,2.198671556491226930e-03,2.799600313650945672e-03,1.000000000000000000e+00,1.000000000000000000e+00,8.242115132110825046e-04,1.374337519462231908e-03,3.756651413216548392e-03,8.531776949302766200e-04,4.551178738391031819e-02,2.242574061869751726e-03,1.398395505011036377e-01,7.406637711957780694e-03,8.198598622004353272e-04,1.370802321590977981e-03,3.982001946998390716e-04,-8.581127803798096684e-05,-2.573934230305545412e-03,-2.952257583986686931e-03
1.170000000000000068e-01,0.000000000000000000e+00,2.258095089923843873e-03,2.851521649427131953e-03,2.198919328348183412e-03,2.799734773467787551e-03,1.000000000000000000e+00,1.000000000000000000e+00,8.262169548096154380e-04,1.374703467608949514e-03,4.010883197065866039e-03,7.318962934352561287e-04,4.597758608991099616e-02,1.547393497317255074e-03,1.418278686255183552e-01,4.409920693340407122e-03,8.199513492827235905e-04,1.370875286255329902e-03,-3.142271909040421796e-05,3.767706999920723485e-04,-2.573934230305545412e-03,-2.952257583986686931e-03
1.175000000000000072e-01,0.000000000000000000e+00,2.260910058072057235e-03,2.851796580627599144e-03,2.199166354469493483e-03,2.799870928083762929e-03,1.000000000000000000e+00,1.000000000000000000e+00,8.283733455171113196e-04,1.374978398809416488e-03,4.312781414991822930e-03,5.498624009340710196e-04,4.546180245686785165e-02,2.243344716923981533e-03,1.395865388771798388e-01,7.627919629806757459e-03,8.200952292949893144e-04,1.370885692287849948e-03,6.057025899738495683e-04,-3.337699443097673531e-04,-2.573934230305545412e-03,-2.952257583986686931e-03
1.180000000000000077e-01,0.000000000000000000e+00,2.263882549957978076e-03,2.852012596340322732e-03,2.199412628477915091e-03,2.800008783964700980e-03,1.000000000000000000e+00,1.000000000000000000e+00,8.306504064085370835e-04,1.375194414522139860e-03,4.554121782851612912e-03,4.320314254465777454e-04,4.435725499235360081e-02,1.812574861246476002e-03,1.358646076721509166e-01,5.310174345918140457e-03,8.250037055655919972e-04,1.372884182220930832e-03,7.239640912846024992e-04,8.367501288661439215e-04,-2.809755900215280943e-03,-3.048739202953835992e-03
1.185000000000000081e-01,0.000000000000000000e+00,2.266931341717701685e-03,2.852151123221889975e-03,2.199658145101622726e-03,2.800148347408322295e-03,1.000000000000000000e+00,1.000000000000000000e+00,8.329859163943002407e-04,1.375332941403707319e-03,4.671019971526262429e-03,2.770537631348582897e-04,4.445812868734134310e-02,2.218086508769094318e-03,1.372610091658271192e-01,7.186123773131706215e-03,8.252499105604132155e-04,1.373093916745103801e-03,2.617423636535589010e-04,3.794299760074724623e-06,-2.809755900215280943e-03,-3.048739202953835992e-03
1.190000000000000085e-01,0.000000000000000000e+00,2.270062420275422311e-03,2.852231152735692794e-03,2.199902900192246373e-03,2.800289624542006296e-03,1.000000000000000000e+00,1.000000000000000000e+00,8.353844617244110884e-04,1.375412970917510138e-03,4.797090660221720558e-03,1.600590276057444253e-04,4.469461181239414715e-02,1.831474237202751617e-03,1.381598954024096659e-01,5.288167928409030945e-03,8.253256163428878767e-04,1.373160630963695360e-03,4.150472305577713192e-05,2.625585715179372262e-04,-2.809755900215280943e-03,-3.048739202953835992e-03
1.195000000000000090e-01,0.000000000000000000e+00,2.273291399513345350e-03,2.852236093734038507e-03,2.200146890742922176e-03,2.800432621320562109e-03,1.000000000000000000e+00,1.000000000000000000e+00,8.378580033265684316e-04,1.375417911915855851e-03,4.947083204314585772e-03,9.881996691596303109e-06,4.420625954304988753e-02,2.530777811489447367e-03,1.361406359243742259e-01,8.269474434712631092e-03,8.254427357326496245e-04,1.373178491010069915e-03,4.262228311030896418e-04,-1.902415400281639614e-04,-2.809755900215280943e-03,-3.048739202953835992e-03
1.199999999999999956e-01,0.000000000000000000e+00,2.276581822395133941e-03,2.852198042753447717e-03,2.200390114906330095e-03,2.800577343523994248e-03,1.000000000000000000e+00,1.000000000000000000e+00,8.403786134906743007e-04,1.375379860935265278e-03,5.041220328211724194e-03,-7.610196118093883204e-05,4.282804244355609136e-02,2.328504877054658403e-03,1.312547096608576158e-01,6.849968245795282247e-03,8.323174851162099593e-04,1.374231487387054390e-03,9.413078901269661186e-04,6.780429611587610993e-04,-3.146410666458640971e-03,-3.096698422863748950e-03
1.204999999999999960e-01,0.000000000000000000e+00,2.279833959009886033e-03,2.852108472507852190e-03,2.200632572012740668e-03,2.800723796755274358e-03,1.000000000000000000e+00,1.000000000000000000e+00,8.428698946726689541e-04,1.375290290689669534e-03,4.982562363989221851e-03,-1.791404911913126088e-04,4.302785631854395137e-02,2.367026310292698159e-03,1.331762708472849777e-01,7.127931031111178414e-03,8.325974205359245759e-04,1.374431764846072721e-03,1.798988110220263968e-04,1.241327772779843774e-04,-3.146410666458640971e-03,-3.096698422863748950e-03
1.209999999999999964e-01,0.000000000000000000e+00,2.283062187018631249e-03,2.851969712199079431e-03,2.200874262588060903e-03,2.800871986438111666e-03,1.000000000000000000e+00,1.000000000000000000e+00,8.453428607998890627e-04,1.375151530380896558e-03,4.945932254440246756e-03,-2.775206175461649881e-04,4.311640886887264240e-02,2.453965554609183891e-03,1.333302613216053312e-01,7.390378988325055007e-03,8.326682252770021891e-04,1.374480252872430650e-03,1.034656041244959930e-04,6.992255448962195500e-05,-3.146410666458640971e-03,-3.096698422863748950e-03
1.214999999999999969e-01,0.000000000000000000e+00,2.286272756362573051e-03,2.851786231382094292e-03,2.201115188371872804e-03,2.801021917814716915e-03,1.000000000000000000e+00,1.000000000000000000e+00,8.478022996050642128e-04,1.374968049563911419e-03,4.918877610350213397e-03,-3.669616339704051566e-04,4.296064927127830890e-02,2.318601066083318066e-03,1.326354625852611546e-01,6.751986834180675676e-03,8.327518689377036475e-04,1.374538097246825845e-03,2.308589909445645958e-04,1.612757158322280506e-04,-3.146410666458640971e-03,-3.096698422863748950e-03
1.219999999999999973e-01,0.000000000000000000e+00,2.289454360286278037e-03,2.851552526826481131e-03,2.201355352335483163e-03,2.801173595943575855e-03,1.000000000000000000e+00,1.000000000000000000e+00,8.502395496110234973e-04,1.374734345008298475e-03,4.874500011918461370e-03,-4.674091112256831336e-04,4.137519545559198431e-02,2.879853948660041942e-03,1.265876284638079996e-01,9.004058258621109451e-03,8.407832588882579485e-04,1.374652218414035201e-03,1.239803931052997545e-03,2.924653345620977245e-05,-3.541331228078193477e-03,-3.100128254039754682e-03
1.224999999999999978e-01,0.000000000000000000e+00,2.292493500039538036e-03,2.851294269022025887e-03,2.201594758699963392e-03,2.801327025697215346e-03,1.000000000000000000e+00,1.000000000000000000e+00,8.525676657308706424e-04,1.374476087203843231e-03,4.656232239694326619e-03,-5.165156089106201108e-04,4.139592799438907011e-02,2.631353593445489702e-03,1.279063183339366472e-01,7.538728748752684602e-03,8.411288787653933667e-04,1.374737761842162063e-03,1.447846499044455962e-04,3.123752464143513159e-04,-3.541331228078193477e-03,-3.100128254039754682e-03
1.229999999999999982e-01,0.000000000000000000e+00,2.295392971507939466e-03,2.851000677185175358e-03,2.201833412954194106e-03,2.801482211759974243e-03,1.000000000000000000e+00,1.000000000000000000e+00,8.547887897372215705e-04,1.374182495366992919e-03,4.442248012701892693e-03,-5.871836737004712970e-04,4.144091095833189048e-02,3.368221177618850853e-03,1.279503131912565761e-01,1.058221484841581801e-02,8.411964898403033030e-04,1.374772508245863164e-03,1.256940919283108088e-04,-1.724513568265099691e-04,-3.541331228078193477e-03,-3.100128254039754682e-03
1.234999999999999987e-01,0.000000000000000000e+00,2.298157289564183286e-03,2.850705096673104670e-03,2.202071321872911460e-03,2.801639158625771238e-03,1.000000000000000000e+00,1.000000000000000000e+00,8.569063802232204739e-04,1.373886914854922231e-03,4.235180971997813681e-03,-5.911610241412672056e-04,4.145981391494798357e-02,2.412578513354912257e-03,1.278759735015642385e-01,6.240078185314073579e-03,8.412605072971816172e-04,1.374891578400168736e-03,1.303642655839368420e-04,6.471391182498222863e-04,-3.541331228078193477e-03,-3.100128254039754682e-03
1.239999999999999991e-01,0.000000000000000000e+00,2.300789065294424080e-03,2.850364914580142718e-03,2.202308493534747835e-03,2.801797870595874873e-03,1.000000000000000000e+00,1.000000000000000000e+00,8.589224373969069157e-04,1.373546732761959845e-03,4.032114347372962697e-03,-6.803641859246090757e-04,4.008576849965539424e-02,3.199959562454491452e-03,1.224162715710466615e-01,1.007542937476237771e-02,8.493849446535568868e-04,1.374323503226938629e-03,1.448668289822306740e-03,-3.994826561658806853e-04,-3.939643008497450624e-03,-3.067688195084160036e-03
1.244999999999999996e-01,0.000000000000000000e+00,2.303191197688537854e-03,2.850015844738942872e-03,2.202544937340278168e-03,2.801958351776672254e-03,1.000000000000000000e+00,1.000000000000000000e+00,8.607625775690539403e-04,1.373197662920759999e-03,3.680280344294129414e-03,-6.981396823998099093e-04,3.954637960791267115e-02,3.324893405841234956e-03,1.213086327229986466e-01,9.880829318403868203e-03,8.498332670146020859e-04,1.374303924986187801e-03,3.467397356615236573e-04,3.197765177829363955e-04,-3.939643008497450624e-03,-3.067688195084160036e-03
1.250000000000000000e-01,0.000000000000000000e+00,2.305327479285558534e-03,2.849663608378775852e-03,2.202780664030061508e-03,2.802120606077436460e-03,1.000000000000000000e+00,1.000000000000000000e+00,8.623990642153889956e-04,1.372845426560592979e-03,3.272973292670189500e-03,-7.044727203340720540e-04,4.022238228649083897e-02,3.900705285130388455e-03,1.241793534001508909e-01,1.200771235612474973e-02,8.498746823676194689e-04,1.374367283328389649e-03,-1.800589594453912753e-04,-6.559869101178201958e-05,-3.939643008497450624e-03,-3.067688195084160036e-03
1.255000000000000004e-01,0.000000000000000000e+00,2.307249142363381866e-03,2.849333992311309412e-03,2.203015685702687347e-03,2.802284637208095688e-03,1.000000000000000000e+00,1.000000000000000000e+00,8.638711435377023368e-04,1.372515810493126973e-03,2.944158644626604371e-03,-6.592321349321067676e-04,3.969633259021736194e-02,3.379549124061511419e-03,1.213856312599428111e-01,9.511627699771560071e-03,8.499875110646524764e-04,1.374474122963509695e-03,6.297999872265856421e-04,4.918728211529647129e-04,-3.939643008497450624e-03,-3.067688195084160036e-03
1.260000000000000009e-01,0.000000000000000000e+00,2.308920813944903127e-03,2.849003501204518118e-03,2.203250015832818477e-03,2.802450448677006739e-03,1.000000000000000000e+00,1.000000000000000000e+00,8.651517182634466422e-04,1.372185319386335462e-03,2.561149451488665442e-03,-6.609822135831771401e-04,3.817654665998112401e-02,4.377246361034173479e-03,1.157300993965140884e-01,1.383048256041133524e-02,8.569849341998463663e-04,1.373495640057300097e-03,8.864383437918281483e-04,-1.570953947997327273e-04,-4.280710245896482934e-03,-3.012965620338415012e-03
1.265000000000000013e-01,0.000000000000000000e+00,2.310236436547795976e-03,2.848716729982999230e-03,2.203483669289234281e-03,2.802618043788717653e-03,1.000000000000000000e+00,1.000000000000000000e+00,8.661595436476344232e-04,1.371898548164816574e-03,2.015650768375510694e-03,-5.735424430379505289e-04,3.877937400641272292e-02,3.987999885323477607e-03,1.190805789441975876e-01,1.150469211692011287e-02,8.571389588597591895e-04,1.373576998293723561e-03,-2.681080284544722601e-04,4.812880867328813653e-04,-4.280710245896482934e-03,-3.012965620338415012e-03
1.270000000000000018e-01,0.000000000000000000e+00,2.311243146966275672e-03,2.848455822893839612e-03,2.203716662352874899e-03,2.802787425641739896e-03,1.000000000000000000e+00,1.000000000000000000e+00,8.669307285695407664e-04,1.371637641075656956e-03,1.542369843812645223e-03,-5.218141783192120457e-04,3.832784574106980202e-02,4.559876841096051348e-03,1.165624469128087870e-01,1.408019899825654897e-02,8.572091740249085769e-04,1.373656486023038231e-03,5.473856191165382603e-04,-1.620933082983607798e-04,-4.280710245896482934e-03,-3.012965620338415012e-03
1.275000000000000022e-01,0.000000000000000000e+00,2.311912106074496577e-03,2.848246043134075763e-03,2.203949012734886248e-03,2.802958597126317501e-03,1.000000000000000000e+00,1.000000000000000000e+00,8.674431809770671766e-04,1.371427861315893107e-03,1.024904815052777749e-03,-4.195595195275180780e-04,3.889016092499811283e-02,4.010952013277476261e-03,1.188584663778382428e-01,1.150414938956943224e-02,8.572521450581445032e-04,1.373762148826708929e-03,-3.737180227770670049e-04,5.832959748336918014e-04,-4.280710245896482934e-03,-3.012965620338415012e-03
1.280000000000000027e-01,0.000000000000000000e+00,2.312287411660976684e-03,2.848062310434674223e-03,2.204180739594662018e-03,2.803131560922195783e-03,1.000000000000000000e+00,1.000000000000000000e+00,8.677306817360616337e-04,1.371244128616491567e-03,5.750015179889025364e-04,-3.674653988029600356e-04,3.793840680691487610e-02,4.829661592735351103e-03,1.144445564072010812e-01,1.517473875682477311e-02,8.620707373280544518e-04,1.372673303788213804e-03,1.297912730885997581e-03,-3.042328154197049403e-04,-4.517085003369193490e-03,-2.953279356613997941e-03
1.285000000000000031e-01,0.000000000000000000e+00,2.312304316355306803e-03,2.847940898217474117e-03,2.204411863557889997e-03,2.803306319496388747e-03,1.000000000000000000e+00,1.000000000000000000e+00,8.677436314832157917e-04,1.371122716399291461e-03,2.589949430824506956e-05,-2.428244344002463155e-04,3.774948541654208484e-02,4.647701247618468007e-03,1.142333436487366766e-01,1.382277100590280708e-02,8.624214681557508620e-04,1.372708454172810516e-03,1.073047089496480255e-04,4.433841531453712849e-04,-4.517085003369193490e-03,-2.953279356613997941e-03
1.290000000000000036e-01,0.000000000000000000e+00,2.311953464121861875e-03,2.847872971042884113e-03,2.204642406734593635e-03,2.803482875100950407e-03,1.000000000000000000e+00,1.000000000000000000e+00,8.674748630794294540e-04,1.371054789224701457e-03,-5.375368075726849647e-04,-1.358543491801990821e-04,3.787329697894020741e-02,5.555305220696541736e-03,1.145779094784752233e-01,1.754893347561592779e-02,8.624642499478436331e-04,1.372776495722648725e-03,6.390495085473993277e-05,-1.700317328384329078e-04,-4.517085003369193490e-03,-2.953279356613997941e-03
1.295000000000000040e-01,0.000000000000000000e+00,2.311248032480695772e-03,2.847898439300874940e-03,2.204872392737177063e-03,2.803661229770741756e-03,1.000000000000000000e+00,1.000000000000000000e+00,8.669344710907140499e-04,1.371080257482692067e-03,-1.080783977430794813e-03,5.093651598113356732e-05,3.791823074937417798e-02,4.613901643491664581e-03,1.143598349302095973e-01,1.319838934946607027e-02,8.625049881760376820e-04,1.372925782703874904e-03,9.897845039398350201e-05,7.653612362483449899e-04,-4.517085003369193490e-03,-2.953279356613997941e-03
1.300000000000000044e-01,0.000000000000000000e+00,2.310195440445564699e-03,2.847974180346930177e-03,2.205101846698468392e-03,2.803841385321201654e-03,1.000000000000000000e+00,1.000000000000000000e+00,8.661281388113305658e-04,1.371155998528747521e-03,-1.612664558766973427e-03,1.514820921107320572e-04,3.737356324485109627e-02,5.916029007302353766e-03,1.119252868428930736e-01,1.910229023065284151e-02,8.641946452686405898e-04,1.372200212670684084e-03,3.915850350032586049e-04,-2.807585317776343896e-04,-4.597832981425395427e-03,-2.909670118332411629e-03
1.305000000000000049e-01,0.000000000000000000e+00,2.308760860898881242e-03,2.848157741143641716e-03,2.205330795289765604e-03,2.804023343346114666e-03,1.000000000000000000e+00,1.000000000000000000e+00,8.650291871213815556e-04,1.371339559325459060e-03,-2.197903379898039425e-03,3.671215934229526880e-04,3.780257994460149706e-02,5.229612360232387125e-03,1.137473381818677881e-01,1.541764668829895615e-02,8.642164515969932067e-04,1.372337901285286803e-03,-3.030144206389364389e-04,8.293563980363152311e-04,-4.597832981425395427e-03,-2.909670118332411629e-03
1.310000000000000053e-01,0.000000000000000000e+00,2.306979603983857086e-03,2.848417198590474583e-03,2.205559266738875944e-03,2.804207105215378477e-03,1.000000000000000000e+00,1.000000000000000000e+00,8.636646651598600156e-04,1.371599016772291710e-03,-2.729043923043108968e-03,5.189148936652624366e-04,3.741757531057614272e-02,5.849814048328213015e-03,1.116053809057924451e-01,1.847754774703882705e-02,8.642377541464185036e-04,1.372538748189293042e-03,3.868867934058156785e-04,-2.432195421797058929e-05,-4.597832981425395427e-03,-2.909670118332411629e-03
1.315000000000000058e-01,0.000000000000000000e+00,2.304828347043270075e-03,2.848779332820309575e-03,2.205787290848166583e-03,2.804392672072776940e-03,1.000000000000000000e+00,1.000000000000000000e+00,8.620167067348023619e-04,1.371961151002126702e-03,-3.295916850115280117e-03,7.242684596698672995e-04,3.807911222290851633e-02,5.298476771599080516e-03,1.142038629467966304e-01,1.589521582189194066e-02,8.642426719780463241e-04,1.372660300947618761e-03,-3.657570384404361385e-04,5.094938655980271432e-04,-4.597832981425395427e-03,-2.909670118332411629e-03
1.320000000000000062e-01,0.000000000000000000e+00,2.302358984129093331e-03,2.849218291596690954e-03,2.206014899012601407e-03,2.804580044833745317e-03,1.000000000000000000e+00,1.000000000000000000e+00,8.601250649963529133e-04,1.372400109778508298e-03,-3.783283476898789254e-03,8.779175527633077594e-04,3.787675718620520104e-02,6.511793820186516889e-03,1.125958784062677381e-01,2.114406169646599470e-02,8.623912897988992915e-04,1.372603090272426270e-03,3.049832604824208337e-04,-7.923065536652278140e-05,-4.503189236094283336e-03,-2.901193097803839074e-03
1.325000000000000067e-01,0.000000000000000000e+00,2.299561011054193464e-03,2.849787306572635660e-03,2.206242124237790380e-03,2.804769224183140293e-03,1.000000000000000000e+00,1.000000000000000000e+00,8.579816932703294464e-04,1.372969124754453221e-03,-4.286743452046911165e-03,1.138029951889988961e-03,3.838448895842014319e-02,5.753550142019623129e-03,1.144746012148404740e-01,1.727540665433903444e-02,8.624002065326637299e-04,1.372743384138088146e-03,-2.682058291307233729e-04,6.390088770113466201e-04,-4.503189236094283336e-03,-2.901193097803839074e-03
1.330000000000000071e-01,0.000000000000000000e+00,2.296474905698183723e-03,2.850450945300392249e-03,2.206469001158029800e-03,2.804960210573009122e-03,1.000000000000000000e+00,1.000000000000000000e+00,8.556175994114784914e-04,1.373632763482209593e-03,-4.728187717701922213e-03,1.327277455512631274e-03,3.791461942188159573e-02,6.297598058092758640e-03,1.119832301864736174e-01,2.011697613710193219e-02,8.624530522376897641e-04,1.372883624241294596e-03,4.781402428366172963e-04,-7.666679348600170460e-05,-4.503189236094283336e-03,-2.901193097803839074e-03
1.335000000000000075e-01,0.000000000000000000e+00,2.293070738589367101e-03,2.851232324059442026e-03,2.206695566054348197e-03,2.805153004220360506e-03,1.000000000000000000e+00,1.000000000000000000e+00,8.530098561143209870e-04,1.374414142241259153e-03,-5.215486594314969714e-03,1.562757518099243317e-03,3.850068523971617723e-02,5.727913634287824796e-03,1.144030770178022655e-01,1.754135607388186344e-02,8.624769719547029610e-04,1.373013907076123166e-03,-3.807976678329498500e-04,5.964886425339192442e-04,-4.503189236094283336e-03,-2.901193097803839074e-03
1.340000000000000080e-01,0.000000000000000000e+00,2.289394540238395403e-03,2.852104548726700634e-03,2.206921856872550054e-03,2.805347605104929407e-03,1.000000000000000000e+00,1.000000000000000000e+00,8.501937247957561377e-04,1.375286366908517978e-03,-5.632262637129643174e-03,1.744449334517468976e-03,3.983525467276323451e-02,6.326769953440790177e-03,1.188656906587949869e-01,2.043156774993110450e-02,8.568872716763342853e-04,1.374130007851605316e-03,-2.808031010720800011e-04,1.204482031215348332e-04,-4.223648413361258402e-03,-2.949485814342825332e-03
1.345000000000000084e-01,0.000000000000000000e+00,2.285545409013866984e-03,2.853093203062910359e-03,2.207147913241258672e-03,2.805544012966949656e-03,1.000000000000000000e+00,1.000000000000000000e+00,8.472451192103704672e-04,1.376275021244727486e-03,-5.897211170771372163e-03,1.977308672419131764e-03,3.921386286540326505e-02,6.131066418497746126e-03,1.151732275518530108e-01,1.926044757412137196e-02,8.570094447196581738e-04,1.374239789042276585e-03,7.674591382978001447e-04,3.182889978800539912e-04,-4.223648413361258402e-03,-2.949485814342825332e-03
1.350000000000000089e-01,0.000000000000000000e+00,2.281481317598110271e-03,2.854188082966522232e-03,2.207373776489961192e-03,2.805742227304922239e-03,1.000000000000000000e+00,1.000000000000000000e+00,8.441318445650024867e-04,1.377369901148339792e-03,-6.226549290736062454e-03,2.189759807224727056e-03,3.980540467384527381e-02,5.978139162801501816e-03,1.178271089558333290e-01,1.892496321083013411e-02,8.571484633178380478e-04,1.374393593187331515e-03,-2.094966710857917424e-04,2.969630993003646120e-04,-4.223648413361258402e-03,-2.949485814342825332e-03
1.355000000000000093e-01,0.000000000000000000e+00,2.277247564393606975e-03,2.855381000910458059e-03,2.207599489667052758e-03,2.805942247373381833e-03,1.000000000000000000e+00,1.000000000000000000e+00,8.408886014491552671e-04,1.378562819092275403e-03,-6.486486231694379469e-03,2.385835887871008698e-03,3.914305979351228454e-02,6.213945673101919052e-03,1.146125378530931244e-01,2.005562992415341195e-02,8.572538389697221314e-04,1.374479714413761938e-03,6.293695841268460251e-04,4.800103719390273272e-05,-4.223648413361258402e-03,-2.949485814342825332e-03
1.360000000000000098e-01,0.000000000000000000e+00,2.272799196539454676e-03,2.856681210458130327e-03,2.207825097557877640e-03,2.806144072180668560e-03,1.000000000000000000e+00,1.000000000000000000e+00,8.374809539735331284e-04,1.379863028639947671e-03,-6.815294951244324148e-03,2.600419095344696629e-03,4.016114671241850786e-02,6.185501986350682053e-03,1.189582151705053104e-01,1.983615139257844523e-02,8.482528697742005479e-04,1.377009591055095711e-03,-1.711123754150623184e-03,8.204733485633919658e-04,-3.773783751580527587e-03,-3.068653171178487796e-03
1.365000000000000102e-01,0.000000000000000000e+00,2.268212080875349739e-03,2.858086046611820440e-03,2.208050646702776863e-03,2.806347700486696260e-03,1.000000000000000000e+00,1.000000000000000000e+00,8.339670195091014940e-04,1.381267864793637784e-03,-7.027868928863365179e-03,2.809672307380279253e-03,4.137399803141440097e-02,5.323480673363080798e-03,1.226871569124689948e-01,1.660262814423955902e-02,8.477992644403494924e-04,1.377390712368179674e-03,-1.063903923185162588e-04,7.042227930550410244e-04,-3.773783751580527587e-03,-3.068653171178487796e-03
1.370000000000000107e-01,0.000000000000000000e+00,2.263575157568562674e-03,2.859555644176170908e-03,2.208276185415129766e-03,2.806553130800720774e-03,1.000000000000000000e+00,1.000000000000000000e+00,8.304149301767684227e-04,1.382737462357988252e-03,-7.104178664666246576e-03,2.939195128701123025e-03,4.101044026462634384e-02,6.068948066247364589e-03,1.201995597837031832e-01,2.028934752798211213e-02,8.478886699908245225e-04,1.377538226962698401e-03,4.629059263988939579e-04,-1.125870224841170374e-04,-3.773783751580527587e-03,-3.068653171178487796e-03
1.375000000000000111e-01,0.000000000000000000e+00,2.258863510746545594e-03,2.861122368693700367e-03,2.208501763799399029e-03,2.806760361379109954e-03,1.000000000000000000e+00,1.000000000000000000e+00,8.268055993108228748e-04,1.384304186875517928e-03,-7.218661731891040309e-03,3.133449035059430142e-03,4.150065369223425449e-02,5.407391828357798261e-03,1.223532785163195247e-01,1.716725460558872138e-02,8.479453296625596341e-04,1.377673416543471205e-03,-2.349170085737679577e-04,6.518587503514877094e-04,-3.773783751580527587e-03,-3.068653171178487796e-03
1.380000000000000115e-01,0.000000000000000000e+00,2.254113629244544788e-03,2.862755374606315399e-03,2.208727433769173965e-03,2.806969390223110639e-03,1.000000000000000000e+00,1.000000000000000000e+00,8.231669789807417002e-04,1.385937192788132526e-03,-7.277240660162277198e-03,3.266011825229123405e-03,4.316505936800586057e-02,5.171025624237032825e-03,1.283678534988504927e-01,1.687104411798007880e-02,8.366641225469594349e-04,1.381528296524925196e-03,-1.136644563440092348e-03,4.763849550020278142e-04,-3.210106125827047463e-03,-3.252780736069952206e-03
1.385000000000000120e-01,0.000000000000000000e+00,2.249445621788161848e-03,2.864443152288204120e-03,2.208953249065213811e-03,2.807180215076619540e-03,1.000000000000000000e+00,1.000000000000000000e+00,8.195910778083415234e-04,1.387624970470021464e-03,-7.151802344800356308e-03,3.375555363778006118e-03,4.286150899559627164e-02,5.057429041721293525e-03,1.258343738873891615e-01,1.667876139181776948e-02,8.365367445330361635e-04,1.381747426373667719e-03,6.237257458778041773e-04,4.002736616329606936e-04,-3.210106125827047463e-03,-3.252780736069952206e-03
1.390000000000000124e-01,0.000000000000000000e+00,2.244837339724187544e-03,2.866179801412688764e-03,2.209179265273493627e-03,2.807392833423953682e-03,1.000000000000000000e+00,1.000000000000000000e+00,8.160609289409089667e-04,1.389361619594506108e-03,-7.060297734865121112e-03,3.473298248969485316e-03,4.357790295344743381e-02,5.353327621227223915e-03,1.289240572085214309e-01,1.796694012100998744e-02,8.366748619530907502e-04,1.381888531547535975e-03,-6.991701424554025521e-05,1.645984370064898180e-04,-3.210106125827047463e-03,-3.252780736069952206e-03
1.395000000000000129e-01,0.000000000000000000e+00,2.240339885109963666e-03,2.867977768720756174e-03,2.209405539843245850e-03,2.807607242487613914e-03,1.000000000000000000e+00,1.000000000000000000e+00,8.126156788255033342e-04,1.391159586902573518e-03,-6.890500230811284071e-03,3.595934616134667441e-03,4.283934986158267899e-02,5.311303177932102070e-03,1.255338808904508663e-01,1.760387677287456043e-02,8.368051628113789978e-04,1.381979072849565549e-03,5.898369283770987705e-04,1.974995874776666800e-04,-3.210106125827047463e-03,-3.252780736069952206e-03
1.400000000000000133e-01,0.000000000000000000e+00,2.235899619067944002e-03,2.869834260975365377e-03,2.209632132105005323e-03,2.807823439226060126e-03,1.000000000000000000e+00,1.000000000000000000e+00,8.092142376980440222e-04,1.393016079157182504e-03,-6.802882254918599797e-03,3.712984509217903857e-03,4.407885843852213381e-02,4.957692712154793124e-03,1.310244557351260275e-01,1.631678805534633389e-02,8.242472058170441374e-04,1.387092246476188560e-03,-2.086523648951591099e-03,1.051198762395272280e-03,-2.582288266847434198e-03,-3.500176188604343756e-03
1.405000000000000138e-01,0.000000000000000000e+00,2.231605094712631188e-03,2.871732598436862668e-03,2.209859103288654755e-03,2.808041420331476058e-03,1.000000000000000000e+00,1.000000000000000000e+00,8.059244411798173599e-04,1.394914416618680229e-03,-6.579593036453420911e-03,3.796674922995599971e-03,4.537071781920090641e-02,4.262903529395112995e-03,1.351013985815450180e-01,1.395631881277791322e-02,8.236372540689509926e-04,1.387577508197360360e-03,-3.566128383728005107e-04,8.901419100776448642e-04,-2.582288266847434198e-03,-3.500176188604343756e-03
1.410000000000000142e-01,0.000000000000000000e+00,2.227547565824660424e-03,2.873641056908198335e-03,2.210086516541464544e-03,2.808261182227539746e-03,1.000000000000000000e+00,1.000000000000000000e+00,8.028161937223926526e-04,1.396822875090015462e-03,-6.216494914849338138e-03,3.816916942670659472e-03,4.515700239592878446e-02,4.671303130366065079e-03,1.333603436215759774e-01,1.614422358222277615e-02,8.237176822463246079e-04,1.387812892967741404e-03,6.763206962020221419e-04,5.301062602069907433e-05,-2.582288266847434198e-03,-3.500176188604343756e-03
1.415000000000000147e-01,0.000000000000000000e+00,2.223709440511707769e-03,2.875577537420241810e-03,2.210314436946140843e-03,2.808482721067192232e-03,1.000000000000000000e+00,1.000000000000000000e+00,7.998760191544109508e-04,1.398759355602059370e-03,-5.880349135963350814e-03,3.872961024087684823e-03,4.575850225112496061e-02,4.229898724814665049e-03,1.360563238340090075e-01,1.410542713200562542e-02,8.238625806605227777e-04,1.387935524379144137e-03,-9.523724560926943687e-05,4.367666708658888815e-04,-2.582288266847434198e-03,-3.500176188604343756e-03
1.420000000000000151e-01,0.000000000000000000e+00,2.220131653538581079e-03,2.877521785841679561e-03,2.210542931538867113e-03,2.808706032730407150e-03,1.000000000000000000e+00,1.000000000000000000e+00,7.971352753249837629e-04,1.400703604023496905e-03,-5.481487658854271652e-03,3.888496842875158958e-03,4.740048474771620113e-02,3.583432271456597762e-03,1.421303884439692744e-01,1.197826192941844892e-02,8.117205734007971541e-04,1.393816137218367290e-03,-1.191853619586284285e-03,7.590620779550283012e-04,-1.973166333123879766e-03,-3.787815637382860832e-03
1.425000000000000155e-01,0.000000000000000000e+00,2.216929104086357450e-03,2.879444626632776151e-03,2.210772069327348720e-03,2.808931112821959862e-03,1.000000000000000000e+00,1.000000000000000000e+00,7.946819801132943336e-04,1.402626444814593495e-03,-4.906590423378828260e-03,3.845681582193229489e-03,4.746823033805255138e-02,3.081543703872965945e-03,1.412953974327667006e-01,1.056254642593306044e-02,8.115774788822829617e-04,1.394114567136914154e-03,6.159773993381202715e-04,4.352738159502515022e-04,-1.973166333123879766e-03,-3.787815637382860832e-03
1.430000000000000160e-01,0.000000000000000000e+00,2.214102640727300987e-03,2.881323681348323118e-03,2.211001921308856661e-03,2.809157956669193143e-03,1.000000000000000000e+00,1.000000000000000000e+00,7.925167835634099565e-04,1.404505499530140679e-03,-4.330393099768813960e-03,3.758109431094368031e-03,4.795040156520559427e-02,3.583937188047569850e-03,1.434144449950636446e-01,1.290445229357989852e-02,8.117631626748831805e-04,1.394247901633594543e-03,1.276970351644852227e-04,9.871138573651686270e-05,-1.973166333123879766e-03,-3.787815637382860832e-03
1.435000000000000164e-01,0.000000000000000000e+00,2.211682720997088826e-03,2.883181678015602281e-03,2.211232560488272155e-03,2.809386559319792826e-03,1.000000000000000000e+00,1.000000000000000000e+00,7.906630175012868125e-04,1.406363496197419625e-03,-3.707532124246287232e-03,3.715993334557884335e-03,4.753552385464579477e-02,3.306510752342037111e-03,1.417205235536786179e-01,1.138003600593835533e-02,8.118939894919676922e-04,1.394342061701848079e-03,3.950870905665202328e-04,2.775786863199545401e-04,-1.973166333123879766e-03,-3.787815637382860832e-03
1.440000000000000169e-01,0.000000000000000000e+00,2.209635198171350581e-03,2.885006263732611993e-03,2.211464061896129506e-03,2.809616915539548711e-03,1.000000000000000000e+00,1.000000000000000000e+00,7.890945240184709265e-04,1.408188081914429554e-03,-3.136986965631748635e-03,3.649171434019992354e-03,4.877500910275674173e-02,2.637061729691794407e-03,1.471897329887588424e-01,8.988213258677628034e-03,8.015370617436560390e-04,1.400722818100757572e-03,-1.486180619995918894e-03,1.045009359676654518e-03,-1.453531931390192279e-03,-4.099585469331985810e-03
1.444999999999999896e-01,0.000000000000000000e+00,2.208044687211416397e-03,2.886767729175965420e-03,2.211696502606660692e-03,2.809849019810130213e-03,1.000000000000000000e+00,1.000000000000000000e+00,7.878761219358932028e-04,1.409949547357782981e-03,-2.436804165155538431e-03,3.522930886706801806e-03,4.958209416441667489e-02,1.622873391825872032e-03,1.496358446364765837e-01,5.566640076257723529e-03,8.012482111574229914e-04,1.401144726396362766e-03,3.272747371962712697e-04,6.433862191476172852e-04,-1.453531931390192279e-03,-4.099585469331985810e-03
1.449999999999999900e-01,0.000000000000000000e+00,2.206963819420133463e-03,2.888421324990753450e-03,2.211929961755837795e-03,2.810082866326851173e-03,1.000000000000000000e+00,1.000000000000000000e+00,7.870481291706346279e-04,1.411603143172570794e-03,-1.655985530517210466e-03,3.307191629575588834e-03,4.937563917800932844e-02,2.604917825834022257e-03,1.485574177080138947e-01,1.015355650129728254e-02,8.014337967376246015e-04,1.401270520160047229e-03,4.148907714291073410e-04,-1.387002444885923049e-04,-1.453531931390192279e-03,-4.099585469331985810e-03
1.454999999999999905e-01,0.000000000000000000e+00,2.206372014760200721e-03,2.890011966385401879e-03,2.212164520559420627e-03,2.810318448996441607e-03,1.000000000000000000e+00,1.000000000000000000e+00,7.865947804994813950e-04,1.413193784567219440e-03,-9.066973423063983241e-04,3.181282789297305152e-03,4.957382210184519550e-02,1.744521824921887489e-03,1.498990346669011597e-01,5.919588729334734900e-03,8.015641356555390463e-04,1.401392167471863636e-03,1.070565534837485382e-04,6.238071648275429846e-04,-1.453531931390192279e-03,-4.099585469331985810e-03
1.459999999999999909e-01,0.000000000000000000e+00,2.206277837987358301e-03,2.891501788286354908e-03,2.212400262330995251e-03,2.810555761434814677e-03,1.000000000000000000e+00,1.000000000000000000e+00,7.865226369059744689e-04,1.414683606468172252e-03,-1.442871870138826744e-04,2.979643801905522155e-03,5.088192557752926198e-02,8.944169405005336637e-04,1.552127124240484657e-01,3.265837216133588190e-03,7.947795162302265497e-04,1.407524730047986098e-03,-4.794044921848540771e-04,7.005106451540492156e-04,-1.108702070897877234e-03,-4.398559725865411850e-03
1.464999999999999913e-01,0.000000000000000000e+00,2.206769137610110725e-03,2.892853836841104143e-03,2.212637272500022918e-03,2.810794796964836278e-03,1.000000000000000000e+00,1.000000000000000000e+00,7.868989942518903047e-04,1.416035655022921270e-03,7.527146918316296670e-04,2.704097109498068089e-03,5.032772299543439298e-02,1.265848651678135473e-03,1.524174088253749670e-01,5.315548330346988280e-03,7.949147862601076663e-04,1.407687277719087658e-03,1.017578365766775910e-03,-4.887380587302158491e-05,-1.108702070897877234e-03,-4.398559725865411850e-03
1.469999999999999918e-01,0.000000000000000000e+00,2.207799384413716010e-03,2.894086145243720837e-03,2.212875638629880747e-03,2.811035548614094180e-03,1.000000000000000000e+00,1.000000000000000000e+00,7.876882090908335528e-04,1.417267963425538181e-03,1.578429677886517002e-03,2.464616805233844216e-03,5.046043535530647661e-02,9.549594236224791255e-04,1.538419796988353405e-01,3.688090415789204921e-03,7.952429677877178443e-04,1.407779198032085149e-03,2.965327198846316823e-04,4.156513402256316932e-04,-1.108702070897877234e-03,-4.398559725865411850e-03
1.474999999999999922e-01,0.000000000000000000e+00,2.209371693321207641e-03,2.895186084877097218e-03,2.213115450435907197e-03,2.811278009112666738e-03,1.000000000000000000e+00,1.000000000000000000e+00,7.888926675922839932e-04,1.418367903058914562e-03,2.408917002900921693e-03,2.199879266752920604e-03,5.027695097760420673e-02,1.781980612282157549e-03,1.534546780869819604e-01,7.051497985811378162e-03,7.954027655084907559e-04,1.407853409891012767e-03,3.425629183948871890e-04,-1.177729394716969802e-04,-1.108702070897877234e-03,-4.398559725865411850e-03
1.479999999999999927e-01,0.000000000000000000e+00,2.211466450598024644e-03,2.896191996789164447e-03,2.213356799803444484e-03,2.811522170890892909e-03,1.000000000000000000e+00,1.000000000000000000e+00,7.904973447638724299e-04,1.419373814970981574e-03,3.209354343176908531e-03,2.011823824134032542e-03,5.068364179416963433e-02,7.614795640346868136e-04,1.556134716654934136e-01,2.301346413212387171e-03,7.932299528634969860e-04,1.413186826385252632e-03,-1.749586023449176380e-04,1.393138914555727952e-03,-9.945808838516183130e-04,-4.656945288633106139e-03
1.484999999999999931e-01,0.000000000000000000e+00,2.214106451644087554e-03,2.897059294809475449e-03,2.213599780805884914e-03,2.811768026077139226e-03,1.000000000000000000e+00,1.000000000000000000e+00,7.925197028950373059e-04,1.420241112991292793e-03,4.044716262329803996e-03,1.734596040622223174e-03,5.022901621390418736e-02,1.581307002240431964e-04,1.539418394582328098e-01,7.100783392497812081e-04,7.933623405440776762e-04,1.413623430105212650e-03,7.028032302286707630e-04,3.552708410350920252e-04,-9.945808838516183130e-04,-4.656945288633106139e-03
1.489999999999999936e-01,0.000000000000000000e+00,2.217252518435509218e-03,2.897762552813062595e-03,2.213844489722712004e-03,2.812015566495570679e-03,1.000000000000000000e+00,1.000000000000000000e+00,7.949297298782870324e-04,1.420944370994879939e-03,4.820053966499390427e-03,1.406516007174254262e-03,5.072976210968337119e-02,5.405141223105441482e-04,1.566841183770072699e-01,2.569083351909097999e-03,7.935810970949925451e-04,1.413741361340843357e-03,1.732409914449366348e-04,1.169115820385174592e-04,-9.945808838516183130e-04,-4.656945288633106139e-03
1.494999999999999940e-01,0.000000000000000000e+00,2.220934249433408753e-03,2.898320671970127348e-03,2.214091025057545944e-03,2.812264783663918997e-03,1.000000000000000000e+00,1.000000000000000000e+00,7.977500994502869378e-04,1.421502490151944475e-03,5.640739143999803917e-03,1.116238314129034499e-03,5.033707208261256616e-02,4.620957988238211505e-04,1.551649809381540901e-01,1.813268004611793844e-03,7.937240717857048681e-04,1.413816599410800323e-03,3.982163688341871068e-04,1.839080162423366738e-04,-9.945808838516183130e-04,-4.656945288633106139e-03
1.499999999999999944e-01,0.000000000000000000e+00,2.225116892781841584e-03,2.898731775280564450e-03,2.214339487556188195e-03,2.812515668791251353e-03,1.000000000000000000e+00,1.000000000000000000e+00,8.009541901449024164e-04,1.421913593462381577e-03,6.408181389230949328e-03,8.222066208740284269e-04,4.964431106616778999e-02,-6.345498126722579242e-04,1.532150428924807795e-01,-2.505242578194813614e-03,7.971026183267975861e-04,1.417562264755294326e-03,6.304927743649903910e-04,6.927607279763217489e-04,-1.155433055786547888e-03,-4.838668674926389045e-03
1.504999999999999949e-01,0.000000000000000000e+00,2.229744567103583361e-03,2.898948560287262916e-03,2.214589980224663038e-03,2.812768212775738647e-03,1.000000000000000000e+00,1.000000000000000000e+00,8.044991943436371811e-04,1.422130378469080476e-03,7.090008397469434176e-03,4.335700133978640197e-04,4.977965929481255325e-02,2.194703474261923729e-04,1.546921451290891314e-01,1.580503634261043022e-03,7.973439484727499376e-04,1.417736496691610103e-03,3.353905937361456699e-04,5.492350435908326806e-06,-1.155433055786547888e-03,-4.838668674926389045e-03
1.509999999999999953e-01,0.000000000000000000e+00,2.234821260178354238e-03,2.899011394013438579e-03,2.214842608347263909e-03,2.813022406202426821e-03,1.000000000000000000e+00,1.000000000000000000e+00,8.083881668629859388e-04,1.422193212195255923e-03,7.777945038697537880e-03,1.256674523508284408e-04,4.991110359174057154e-02,-3.321729161120919385e-04,1.554503883114068119e-01,-1.423354133293191961e-03,7.974616410473922123e-04,1.417834261016564460e-03,1.357621345994793137e-04,3.848261107332295568e-04,-1.155433055786547888e-03,-4.838668674926389045e-03
1.514999999999999958e-01,0.000000000000000000e+00,2.240350583096094306e-03,2.898897428539868194e-03,2.215097479504595391e-03,2.813278239341003399e-03,1.000000000000000000e+00,1.000000000000000000e+00,8.126238739583312165e-04,1.422079246721685538e-03,8.471414190690456508e-03,-2.279309471408501732e-04,4.940410637258765836e-02,5.515911816829955098e-04,1.537353958591797798e-01,2.327729421123135231e-03,7.976134858201027562e-04,1.417885754156222953e-03,4.709616055563224180e-04,-1.777652031520079957e-04,-1.155433055786547888e-03,-4.838668674926389045e-03
1.519999999999999962e-01,0.000000000000000000e+00,2.246290358802794512e-03,2.898648192746917582e-03,2.215354703591618235e-03,2.813535702143567501e-03,1.000000000000000000e+00,1.000000000000000000e+00,8.171740061318217684e-04,1.421830010928734709e-03,9.100264346981102107e-03,-4.984715859016970643e-04,4.817198640253123748e-02,1.101332001659688261e-04,1.497151598249561455e-01,-2.575291245843935222e-04,8.066278934860466243e-04,1.419750462456628119e-03,1.399225485979175773e-03,8.935795743412805123e-04,-1.595867560092542169e-03,-4.925516306016262252e-03
1.524999999999999967e-01,0.000000000000000000e+00,2.252546955312031106e-03,2.898245576658704543e-03,2.215614392835693960e-03,2.813794784242398556e-03,1.000000000000000000e+00,1.000000000000000000e+00,8.219668371205599748e-04,1.421427394840521887e-03,9.585661977476376411e-03,-8.052321764257661585e-04,4.740760964716451281e-02,-6.131604190745946516e-04,1.480547307497215859e-01,-2.821629147649278632e-03,8.071667535010828209e-04,1.420100176336824361e-03,7.574379863984173926e-04,5.060138280703151527e-04,-1.595867560092542169e-03,-4.925516306016262252e-03
1.529999999999999971e-01,0.000000000000000000e+00,2.259061271001938046e-03,2.897659114280141252e-03,2.215876661814625975e-03,2.814055474947726315e-03,1.000000000000000000e+00,1.000000000000000000e+00,8.269570924555360832e-04,1.420840932461958812e-03,9.980510669952280881e-03,-1.172924757125957300e-03,4.798862199753863023e-02,-2.711661663619756399e-05,1.511722232156721413e-01,-8.632047523581817339e-05,8.073905743386978638e-04,1.420249445018567083e-03,1.390353622457906821e-04,9.185788695290140853e-05,-1.595867560092542169e-03,-4.925516306016262252e-03
1.534999999999999976e-01,0.000000000000000000e+00,2.265871155087710934e-03,2.896917176761554767e-03,2.216141627474706773e-03,2.814317763245497393e-03,1.000000000000000000e+00,1.000000000000000000e+00,8.321737663177266849e-04,1.420098994943372328e-03,1.043334772438122768e-02,-1.483875037172986645e-03,4.777141584118577144e-02,-1.404497925922475676e-04,1.500718245060620459e-01,-1.160480691359943878e-03,8.075066355307254206e-04,1.420328633539797662e-03,3.248449232348589737e-04,2.246358832904707609e-04,-1.595867560092542169e-03,-4.925516306016262252e-03
1.539999999999999980e-01,0.000000000000000000e+00,2.272956852694702629e-03,2.896016595730796679e-03,2.216409409148759058e-03,2.814581637795147886e-03,1.000000000000000000e+00,1.000000000000000000e+00,8.376017255951842978e-04,1.419198413912614023e-03,1.085591855491514768e-02,-1.801162061516649662e-03,4.625009130502701765e-02,1.277359499460870658e-04,1.445720968505155579e-01,-1.586458817053783147e-04,8.213237005462944735e-04,1.419850976654089911e-03,2.173968027730753105e-03,-1.948520686316566972e-05,-2.275682401267948782e-03,-4.898263501384191032e-03
1.544999999999999984e-01,0.000000000000000000e+00,2.280205468407460381e-03,2.894971292500808386e-03,2.216680128574182503e-03,2.814847086927368611e-03,1.000000000000000000e+00,1.000000000000000000e+00,8.431544873822472298e-04,1.418153110682625730e-03,1.110552357412586573e-02,-2.090606459976619789e-03,4.498010711533919487e-02,1.429073334570181886e-04,1.410704205409433476e-01,-4.531461936393482368e-04,8.221771585518489493e-04,1.419943647928428041e-03,1.241638584488132359e-03,3.893744372442009723e-04,-2.275682401267948782e-03,-4.898263501384191032e-03
1.549999999999999989e-01,0.000000000000000000e+00,2.287523390128016337e-03,2.893783745799864172e-03,2.216953909910994447e-03,2.815114098641875555e-03,1.000000000000000000e+00,1.000000000000000000e+00,8.487603406514590250e-04,1.416965563981681300e-03,1.121170653842365125e-02,-2.375093401888963510e-03,4.523558452009032727e-02,9.070811290963156802e-05,1.432028183836118740e-01,-7.911706751308528098e-04,8.225630558729374667e-04,1.420129421504051073e-03,3.037537256306212675e-04,3.537818227781947033e-04,-2.275682401267948782e-03,-4.898263501384191032e-03
1.554999999999999993e-01,0.000000000000000000e+00,2.294927267474418907e-03,2.892453413556057146e-03,2.217230879759876649e-03,2.815382660605180321e-03,1.000000000000000000e+00,1.000000000000000000e+00,8.544320397502047767e-04,1.415635231737874273e-03,1.134339819749157104e-02,-2.660664487613920246e-03,4.548425612473816493e-02,7.381572037389919592e-04,1.440200299179334176e-01,1.645046587585845916e-03,8.226566541640181534e-04,1.420202835555361845e-03,7.108680711725778390e-05,-5.932779065510624273e-05,-2.275682401267948782e-03,-4.898263501384191032e-03
1.559999999999999998e-01,0.000000000000000000e+00,2.302433059611582594e-03,2.891011015555503688e-03,2.217511167180217287e-03,2.815652760148357105e-03,1.000000000000000000e+00,1.000000000000000000e+00,8.601818101080851162e-04,1.414192833737321032e-03,1.149954071576057141e-02,-2.884796001106656668e-03,4.401956028797571197e-02,1.199660918381193972e-03,1.382018266436962073e-01,2.788276465685508940e-03,8.398703080027767600e-04,1.417520967971018899e-03,2.937435306855163200e-03,1.197839900800877272e-04,-3.123946274555675778e-03,-4.759271514417347942e-03
1.565000000000000002e-01,0.000000000000000000e+00,2.309933898631445857e-03,2.889478624603020358e-03,2.217794903708154679e-03,2.815924384264811842e-03,1.000000000000000000e+00,1.000000000000000000e+00,8.659277861579815468e-04,1.412660442784837702e-03,1.149195209979279875e-02,-3.064781904966857456e-03,4.277005090993737241e-02,1.178493593736194833e-03,1.345955018200776787e-01,2.234695859955697014e-03,8.410904718207540829e-04,1.417676665539519421e-03,1.945096993429161741e-03,5.022591679087679613e-04,-3.123946274555675778e-03,-4.759271514417347942e-03
1.570000000000000007e-01,0.000000000000000000e+00,2.317339561264852160e-03,2.887856515735491049e-03,2.218082223374624046e-03,2.816197519608052216e-03,1.000000000000000000e+00,1.000000000000000000e+00,8.716008528659163887e-04,1.411038333917308393e-03,1.134613341586960047e-02,-3.244217735058655631e-03,4.159361108165349902e-02,7.603232610733782256e-04,1.310162588152955776e-01,5.515641096180436392e-04,8.418048117668548323e-04,1.417946460292352634e-03,9.142335959085249718e-04,5.767652558322163307e-04,-3.123946274555675778e-03,-4.759271514417347942e-03
1.575000000000000011e-01,0.000000000000000000e+00,2.324566113909236342e-03,2.886127244739254520e-03,2.218373262723397771e-03,2.816472152489455510e-03,1.000000000000000000e+00,1.000000000000000000e+00,8.771367133620536043e-04,1.409309062921072081e-03,1.107172099227441905e-02,-3.458541992472814741e-03,4.229179322333764812e-02,1.090321762108417388e-03,1.345871238063596209e-01,2.097967236690891774e-03,8.420362997662018782e-04,1.418149124256681609e-03,1.345535032762096989e-05,2.345461589895587963e-04,-3.123946274555675778e-03,-4.759271514417347942e-03
1.580000000000000016e-01,0.000000000000000000e+00,2.331664790572814464e-03,2.884306988202669977e-03,2.218668160829131292e-03,2.816748268876039050e-03,1.000000000000000000e+00,1.000000000000000000e+00,8.825746151736860905e-04,1.407488806384487321e-03,1.087580362326507483e-02,-3.640513073169379145e-03,4.091475545626169913e-02,1.751114855565490645e-03,1.285397024311797365e-01,4.304296270494389898e-03,8.606176974080122439e-04,1.413311689962970866e-03,3.131874464607658538e-03,-7.073539502735732383e-04,-4.040927205483808501e-03,-4.516091972485858190e-03
1.585000000000000020e-01,0.000000000000000000e+00,2.338537715393705987e-03,2.882426514941034690e-03,2.218967059315406828e-03,2.817025854388227613e-03,1.000000000000000000e+00,1.000000000000000000e+00,8.878395810407044503e-04,1.405608333122852034e-03,1.052993173403662941e-02,-3.760946523270464539e-03,3.969438513983133965e-02,2.189263472767014659e-03,1.247930660871386654e-01,5.390029039001976302e-03,8.619157753201001039e-04,1.413150732232523266e-03,2.062460639067549215e-03,6.203803916333071843e-05,-4.040927205483808501e-03,-4.516091972485858190e-03
1.590000000000000024e-01,0.000000000000000000e+00,2.345099389272475160e-03,2.880506301721524193e-03,2.219270102372776672e-03,2.817304894297623877e-03,1.000000000000000000e+00,1.000000000000000000e+00,8.928661148530943467e-04,1.403688119903341537e-03,1.005306762477987947e-02,-3.840426439020899578e-03,3.845211358611792807e-02,2.168807087870715505e-03,1.207584549498254001e-01,4.902371388252856933e-03,8.626503088296641692e-04,1.413288444944204268e-03,8.779412244284627142e-04,4.879821290008317498e-04,-4.040927205483808501e-03,-4.516091972485858190e-03
1.595000000000000029e-01,0.000000000000000000e+00,2.351263775046691460e-03,2.878546114955635345e-03,2.219577436776807786e-03,2.817585373524774534e-03,1.000000000000000000e+00,1.000000000000000000e+00,8.975883083206744918e-04,1.401727933137452906e-03,9.444386935160330176e-03,-3.920373531777472317e-03,3.919288570185526510e-02,2.359322808428631398e-03,1.243743956709954940e-01,5.625349710947874331e-03,8.628286546677071435e-04,1.413478808830939421e-03,-1.625481567027137284e-04,2.738811489707697637e-04,-4.040927205483808501e-03,-4.516091972485858190e-03
1.600000000000000033e-01,0.000000000000000000e+00,2.357087812369303668e-03,2.876555148228470121e-03,2.219889211906125523e-03,2.817867276636944196e-03,1.000000000000000000e+00,1.000000000000000000e+00,9.020497797481792559e-04,1.399736966410287465e-03,8.922942855009573238e-03,-3.981933454330773524e-03,-1.043018370611630864e-02,2.505557789086192838e-02,-6.925249287331823600e-02,9.358078437377247150e-02,8.896368952490938970e-04,1.404121228318474515e-03,1.822313130465786149e-02,-6.208322239714076339e-03,-3.297981631989113649e-02,5.705196175236446066e-03
1.605000000000000038e-01,0.000000000000000000e+00,2.359023152642109912e-03,2.875547375222336707e-03,2.220205579760456925e-03,2.818150587845878914e-03,1.000000000000000000e+00,1.000000000000000000e+00,9.035323364097069170e-04,1.398729193404153835e-03,2.965113323055401130e-03,-2.015546012267159081e-03,-1.049760749115818091e-02,2.602582716219327755e-02,-3.029943026783136345e-02,7.881969421837728418e-02,8.985115716091540564e-04,1.401256076950423493e-03,1.727707220615580519e-02,-5.254024373751175342e-03,-3.297981631989113649e-02,5.705196175236446066e-03
1.610000000000000042e-01,0.000000000000000000e+00,2.357109968171973609e-03,2.875554799432288380e-03,2.220526694978674880e-03,2.818435291005578786e-03,1.000000000000000000e+00,1.000000000000000000e+00,9.020667520776971902e-04,1.398736617614105941e-03,-2.931168664019549903e-03,1.484841990414620741e-05,-1.060366410556290266e-02,2.696423315139813773e-02,-3.376758981779194591e-02,8.250909226880263903e-02,9.069104980673312229e-04,1.398869153351827831e-03,1.632017068851236360e-02,-4.295437546400109226e-03,-3.297981631989113649e-02,5.705196175236446066e-03
1.615000000000000047e-01,0.000000000000000000e+00,2.351385635414031394e-03,2.876607515318956986e-03,2.220852714856842713e-03,2.818721369610066238e-03,1.000000000000000000e+00,1.000000000000000000e+00,8.976816587779117788e-04,1.399789333500774330e-03,-8.770186599570743008e-03,2.105431773336689013e-03,-1.075450254194965961e-02,2.785932253001245640e-02,-3.734644627265411992e-02,8.608333209883843595e-02,9.148275144477683489e-04,1.396960299140303499e-03,1.534947683627835985e-02,-3.341755386850128393e-03,-3.297981631989113649e-02,5.705196175236446066e-03
1.620000000000000051e-01,0.000000000000000000e+00,2.341884323145538346e-03,2.878733214809490147e-03,2.221183799366257920e-03,2.819008806791152566e-03,1.000000000000000000e+00,1.000000000000000000e+00,8.904032313122945200e-04,1.401915032991307491e-03,-1.455685493123456617e-02,4.251398981066283750e-03,1.202625677650494447e-02,2.120761020586204790e-02,4.819910801889344676e-02,6.040915415268131167e-02,8.934818652520327888e-04,1.401297349387172105e-03,-6.351647786895127379e-04,6.055153075359637552e-04,-1.930400190908729621e-02,2.961340783494091893e-03
1.625000000000000056e-01,0.000000000000000000e+00,2.330281502225180733e-03,2.881622180735888411e-03,2.221520111171494585e-03,2.819297585316212287e-03,1.000000000000000000e+00,1.000000000000000000e+00,8.815149548217500030e-04,1.404803998917705755e-03,-1.777655298108899579e-02,5.777931852796653646e-03,1.190694769654280713e-02,2.064291684522855455e-02,2.658839789903170298e-02,6.455089549764826684e-02,8.935056170950356116e-04,1.401506908917579718e-03,7.275303670081717869e-04,2.334359797651099349e-04,-1.930400190908729621e-02,2.961340783494091893e-03
1.630000000000000060e-01,0.000000000000000000e+00,2.316594384990118723e-03,2.885239996763985099e-03,2.221861815648449711e-03,2.819587687585952719e-03,1.000000000000000000e+00,1.000000000000000000e+00,8.710300147215125971e-04,1.408421814945802226e-03,-2.096988020047480666e-02,7.235632056193020377e-03,1.270940489481793556e-02,2.005314612763475432e-02,2.812032122866617995e-02,6.336939545782019345e-02,8.936440206592743919e-04,1.401657323137566564e-03,-1.721777174398561421e-04,3.679545206817033546e-04,-1.930400190908729621e-02,2.961340783494091893e-03
1.635000000000000064e-01,0.000000000000000000e+00,2.300906193028261042e-03,2.889551444411790973e-03,2.222209080897332399e-03,2.819879095632239503e-03,1.000000000000000000e+00,1.000000000000000000e+00,8.590121624465480018e-04,1.412733262593608317e-03,-2.403570454992914537e-02,8.622895295612026390e-03,1.247343731919301965e-02,2.027316335393056224e-02,2.489981447141615886e-02,6.532395146542982478e-02,8.937671216333562289e-04,1.401746089096074640e-03,6.629584782285879736e-04,-1.215738906495131624e-05,-1.930400190908729621e-02,2.961340783494091893e-03
1.640000000000000069e-01,0.000000000000000000e+00,2.283225084470325537e-03,2.894557793188636159e-03,2.222562077675543923e-03,2.820171791117276078e-03,1.000000000000000000e+00,1.000000000000000000e+00,8.454676474875576307e-04,1.417739611370453286e-03,-2.708902991798074408e-02,1.001269755369014851e-02,2.841630609178031133e-02,1.387674373791036864e-02,8.540547532644175710e-02,4.089232231619350372e-02,8.527586888373148892e-04,1.415350544788399403e-03,-1.579603622489308620e-02,5.638970826055139315e-03,-9.275234309924223694e-03,-3.248007127605933111e-04
1.645000000000000073e-01,0.000000000000000000e+00,2.264717307873320880e-03,2.899964794494037934e-03,2.222920979183795435e-03,2.820465755335051748e-03,1.000000000000000000e+00,1.000000000000000000e+00,8.312898680709351505e-04,1.423146612675855495e-03,-2.835555883324501411e-02,1.081400261080440843e-02,3.002507622367988488e-02,1.360426741656006744e-02,7.737474310463075822e-02,4.563910357332658790e-02,8.452927574036195150e-04,1.418179809718002164e-03,-1.407075094845143537e-02,5.677906515620519297e-03,-9.275234309924223694e-03,-3.248007127605933111e-04
1.650000000000000078e-01,0.000000000000000000e+00,2.245509717580440514e-03,2.905755010479654787e-03,2.223285960810950958e-03,2.820760969213505307e-03,1.000000000000000000e+00,1.000000000000000000e+00,8.165760002613679227e-04,1.428936828661471915e-03,-2.942773561913443817e-02,1.158043197123293302e-02,3.162568786370560658e-02,1.326188112637169576e-02,8.165141483653991228e-02,4.487161183965601013e-02,8.387104021670623456e-04,1.421010272757054034e-03,-1.226192672472075328e-02,5.643904570795347554e-03,-9.275234309924223694e-03,-3.248007127605933111e-04
1.655000000000000082e-01,0.000000000000000000e+00,2.225727188300267133e-03,2.911908041129881129e-03,2.223657199877978729e-03,2.821057413316685643e-03,1.000000000000000000e+00,1.000000000000000000e+00,8.014217036354526072e-04,1.435089859311698473e-03,-3.030859325183069691e-02,1.230606130045312253e-02,3.321140265455622270e-02,1.283350260170948443e-02,8.597823256259644331e-02,4.381228798368476396e-02,8.330513125946541718e-04,1.423802450995211065e-03,-1.037786898430801547e-02,5.524933428090438199e-03,-9.275234309924223694e-03,-3.248007127605933111e-04
1.660000000000000087e-01,0.000000000000000000e+00,2.205492141687572134e-03,2.918399842943683944e-03,2.224034875381903850e-03,2.821355067846910165e-03,1.000000000000000000e+00,1.000000000000000000e+00,7.859207586215443374e-04,1.441581661125501072e-03,-3.100189002781663511e-02,1.298360362760504760e-02,4.175386957142534355e-02,9.328252910452427410e-03,1.174344803324526842e-01,3.085616904002960389e-02,7.956754228835214143e-04,1.438116609452334219e-03,-1.820069907340018250e-02,8.775773265215331201e-03,-4.318094521318880177e-03,-2.085675824124811305e-03
1.665000000000000091e-01,0.000000000000000000e+00,2.185423539154421769e-03,2.925069230983602664e-03,2.224419167739758764e-03,2.821653912646929739e-03,1.000000000000000000e+00,1.000000000000000000e+00,7.705473171698609116e-04,1.448251049165420008e-03,-3.074688290336676996e-02,1.333877607983801825e-02,4.323869949809201058e-02,9.086522829790286485e-03,1.160433596655418287e-01,3.306241304567879985e-02,7.870780398070662551e-04,1.442461295663213664e-03,-1.619240038908541235e-02,8.603141946967108808e-03,-4.318094521318880177e-03,-2.085675824124811305e-03
1.670000000000000095e-01,0.000000000000000000e+00,2.165627993475635789e-03,2.931902590898800495e-03,2.224810258532538068e-03,2.821953927202094925e-03,1.000000000000000000e+00,1.000000000000000000e+00,7.553830494041191296e-04,1.455084409080617622e-03,-3.032853553148348244e-02,1.366671983039516487e-02,4.471764195140297965e-02,8.783895827817675417e-03,1.207404587982092714e-01,3.223450663461954052e-02,7.795014459155264440e-04,1.446703534783655432e-03,-1.411770957717061251e-02,8.366113575691143736e-03,-4.318094521318880177e-03,-2.085675824124811305e-03
1.675000000000000100e-01,0.000000000000000000e+00,2.146210425404545315e-03,2.938883729001391578e-03,2.225208330249147694e-03,2.822255090642506598e-03,1.000000000000000000e+00,1.000000000000000000e+00,7.405083292843756644e-04,1.462065547183208922e-03,-2.974944023948703636e-02,1.396227620518278659e-02,4.618521314678154105e-02,8.406616417335586663e-03,1.254833127659738812e-01,3.115473208109346970e-02,7.729766139446569203e-04,1.450808298227766096e-03,-1.198550391626238172e-02,8.053391131107688963e-03,-4.318094521318880177e-03,-2.085675824124811305e-03
1.680000000000000104e-01,0.000000000000000000e+00,2.127273678964542846e-03,2.945993289910771654e-03,2.225613566030356250e-03,2.822557381745190424e-03,1.000000000000000000e+00,1.000000000000000000e+00,7.260019399032587289e-04,1.469175108092588998e-03,-2.901277876223388660e-02,1.421912181876032640e-02,5.180990741920370179e-02,6.146338857406742281e-03,1.464639386551194189e-01,2.280911179025412946e-02,7.384919933563877884e-04,1.464831735026430768e-03,-1.702307334855246088e-02,1.015959317514083561e-02,-1.236386957440228354e-03,-3.157329014477920116e-03
1.685000000000000109e-01,0.000000000000000000e+00,2.109216883390717043e-03,2.953128052693942702e-03,2.226026149412748539e-03,2.822860778936248788e-03,1.000000000000000000e+00,1.000000000000000000e+00,7.121696319933941595e-04,1.476309870875760046e-03,-2.766461581972909020e-02,1.426952556634218140e-02,5.322081512459377051e-02,5.870512637559689544e-03,1.478538119312409194e-01,2.368908285183258036e-02,7.305486837134622831e-04,1.469823766591896175e-03,-1.475426196803364051e-02,9.809023833420370958e-03,-1.236386957440228354e-03,-3.157329014477920116e-03
1.690000000000000113e-01,0.000000000000000000e+00,2.092132835988305510e-03,2.960274599754612445e-03,2.226446264072679503e-03,2.823165260293033531e-03,1.000000000000000000e+00,1.000000000000000000e+00,6.990824924147954209e-04,1.483456417936429789e-03,-2.617427915719754833e-02,1.429309412133954529e-02,5.462014614220352116e-02,5.515870362554813403e-03,1.528709496973086057e-01,2.255737074197785436e-02,7.237512173719576900e-04,1.474622059020208077e-03,-1.243983185360516240e-02,9.384786715287496764e-03,-1.236386957440228354e-03,-3.157329014477920116e-03
1.695000000000000118e-01,0.000000000000000000e+00,2.076112316169428061e-03,2.967416149034309263e-03,2.226874093570220363e-03,2.823470803546296141e-03,1.000000000000000000e+00,1.000000000000000000e+00,6.868100622316669146e-04,1.490597967216126607e-03,-2.454486036625692577e-02,1.428309855939347180e-02,5.599808382207116519e-02,5.061530622208455614e-03,1.578883348887694382e-01,2.109131476891336343e-02,7.181189046480854037e-04,1.479186077124906677e-03,-1.009375286457806636e-02,8.872106793397753141e-03,-1.236386957440228354e-03,-3.157329014477920116e-03
1.700000000000000122e-01,0.000000000000000000e+00,2.061243396023184227e-03,2.974531662679602041e-03,2.227309821093115608e-03,2.823777386082358329e-03,1.000000000000000000e+00,1.000000000000000000e+00,6.754198085784571389e-04,1.497713480861419602e-03,-2.278050730641964852e-02,1.423102729058616303e-02,5.923941199446498829e-02,4.683703884690353092e-03,1.702320172907884344e-01,1.998942159108016772e-02,6.891947520142177857e-04,1.492581889975271199e-03,-1.297671146991563086e-02,1.020445127520592903e-02,7.335530613707812479e-04,-3.891192372533247221e-03
1.705000000000000127e-01,0.000000000000000000e+00,2.047746360453303952e-03,2.981603766728194160e-03,2.227753629200733033e-03,2.824084984945273054e-03,1.000000000000000000e+00,1.000000000000000000e+00,6.650804794815710604e-04,1.504785584910011721e-03,-2.067865819377217099e-02,1.414420809718436138e-02,6.029909870873363664e-02,5.437815849244327995e-03,1.726904745668548791e-01,2.320333369647160221e-02,6.833100755105532293e-04,1.497560203897544458e-03,-1.056644322840262322e-02,9.709575343345603488e-03,7.335530613707812479e-04,-3.891192372533247221e-03
1.710000000000000131e-01,0.000000000000000000e+00,2.035682631900741398e-03,2.988665835338117412e-03,2.228205699568015959e-03,2.824393576838981658e-03,1.000000000000000000e+00,1.000000000000000000e+00,6.558391272605849573e-04,1.511847653519934756e-03,-1.848270444197225304e-02,1.412413721984626461e-02,6.133373244432043653e-02,6.186029510527160484e-03,1.769637120388849738e-01,2.545675406522350179e-02,6.786261164499578485e-04,1.502282807316631264e-03,-8.173852814164998121e-03,9.181682911497420982e-03,7.335530613707812479e-04,-3.891192372533247221e-03
1.715000000000000135e-01,0.000000000000000000e+00,2.025110962991335650e-03,2.995750592373707093e-03,2.228666212729432834e-03,2.824703138129482267e-03,1.000000000000000000e+00,1.000000000000000000e+00,6.477407590380408102e-04,1.518932410555524437e-03,-1.619673644508835136e-02,1.416951407117916437e-02,6.145860601820139074e-02,5.982410159702637904e-03,1.777726733538043669e-01,2.404676056345081414e-02,6.751256969458322614e-04,1.506728936569927011e-03,-5.832230952876483326e-03,8.603786036313468277e-03,7.335530613707812479e-04,-3.891192372533247221e-03
1.720000000000000140e-01,0.000000000000000000e+00,2.016024140237227587e-03,3.002847879177979878e-03,2.229135347822933794e-03,2.825013644846986489e-03,1.000000000000000000e+00,1.000000000000000000e+00,6.407798489616493105e-04,1.526029697359797439e-03,-1.392182015278306539e-02,1.419457360854591010e-02,6.327959729687337997e-02,5.201125698562104882e-03,1.859395694567516633e-01,2.119711620845991101e-02,6.538651139973009670e-04,1.519819630320491275e-03,-7.246671493614165703e-03,9.605490145818240677e-03,1.964893043073837574e-03,-4.475567531440610876e-03
1.725000000000000144e-01,0.000000000000000000e+00,2.008536261028879069e-03,3.009921860992488714e-03,2.229613282333900263e-03,2.825325072688087379e-03,1.000000000000000000e+00,1.000000000000000000e+00,6.350438007033475498e-04,1.533103679174305841e-03,-1.147209651660348328e-02,1.414796362901685201e-02,6.283822958983946438e-02,4.443063577310715426e-03,1.839646391496070066e-01,1.889996642854019013e-02,6.507969333120911665e-04,1.524462660959008311e-03,-5.030230732962060955e-03,8.967692987836273916e-03,1.964893043073837574e-03,-4.475567531440610876e-03
1.730000000000000149e-01,0.000000000000000000e+00,2.002597992137191037e-03,3.016938159263952545e-03,2.230100191839093707e-03,2.825637397017914838e-03,1.000000000000000000e+00,1.000000000000000000e+00,6.304948228171236785e-04,1.540119977445769889e-03,-9.097955772447739037e-03,1.403259654292819160e-02,6.219593400109120485e-02,3.734662744399546916e-03,1.831007439581165963e-01,1.674628988123410753e-02,6.487813532766552923e-04,1.528749847754029556e-03,-3.035878268685249497e-03,8.182414037280408628e-03,1.964893043073837574e-03,-4.475567531440610876e-03
1.735000000000000153e-01,0.000000000000000000e+00,1.998146017387068471e-03,3.023865019110899208e-03,2.230596249750612173e-03,2.825950592872302283e-03,1.000000000000000000e+00,1.000000000000000000e+00,6.270844122988866298e-04,1.547046837292716552e-03,-6.820821036474170387e-03,1.385371969389343795e-02,6.143602553206076872e-02,3.173772914631068417e-03,1.819003755420021684e-01,1.509578846436980884e-02,6.476938224050008373e-04,1.532611738520120838e-03,-1.317534248547487259e-03,7.266777575565839219e-03,1.964893043073837574e-03,-4.475567531440610876e-03
1.740000000000000158e-01,0.000000000000000000e+00,1.995109170488893954e-03,3.030677651415504721e-03,2.231101627059839908e-03,2.826264634959948542e-03,1.000000000000000000e+00,1.000000000000000000e+00,6.247580526079367759e-04,1.553859469597321848e-03,-4.652719381899761419e-03,1.362526460921044923e-02,6.249174806555934936e-02,2.236131001710800915e-03,1.877941222582816816e-01,1.183486353785157680e-02,6.349206436290138816e-04,1.545834742571598015e-03,-2.078170562752050532e-03,7.961757948391394793e-03,2.662352251171929383e-03,-5.026305010195472080e-03
1.745000000000000162e-01,0.000000000000000000e+00,1.993546901435126750e-03,3.037334746237583052e-03,2.231616492081401736e-03,2.826579497664578888e-03,1.000000000000000000e+00,1.000000000000000000e+00,6.235612850806415090e-04,1.560516564419400613e-03,-2.393535054590611565e-03,1.331418964415751263e-02,6.164906495606495285e-02,1.792937071843147406e-03,1.848132749318842083e-01,1.078029262116016879e-02,6.342558821253637671e-04,1.549571717777827647e-03,-5.837465051293133818e-04,6.987888999481808340e-03,2.662352251171929383e-03,-5.026305010195472080e-03
1.750000000000000167e-01,0.000000000000000000e+00,1.993381928174359219e-03,3.043817568770517540e-03,2.232141010197108335e-03,2.826895155047103904e-03,1.000000000000000000e+00,1.000000000000000000e+00,6.234349082309675058e-04,1.566999386952334884e-03,-2.527536993480413753e-04,1.296564506586858102e-02,6.071677411757225862e-02,1.522817386831959571e-03,1.830424865521910471e-01,9.959678108289843693e-03,6.342566361744268657e-04,1.552806999732357770e-03,5.844986284753391804e-04,5.955118052258005779e-03,2.662352251171929383e-03,-5.026305010195472080e-03
1.755000000000000171e-01,0.000000000000000000e+00,1.994531295422468948e-03,3.050115349594206826e-03,2.232675343599916686e-03,2.827211580847787016e-03,1.000000000000000000e+00,1.000000000000000000e+00,6.243153746244849318e-04,1.573297167776024170e-03,1.760932787034816000e-03,1.259556164737877376e-02,5.971367869144589974e-02,1.437499683592345125e-03,1.810060929206006031e-01,9.699761900043686602e-03,6.347548082210535203e-04,1.555524983523877327e-03,1.406577553128228551e-03,4.918722920116563174e-03,2.662352251171929383e-03,-5.026305010195472080e-03
1.759999999999999898e-01,0.000000000000000000e+00,1.996907795822603585e-03,3.056225716919870779e-03,2.233219651037876650e-03,2.827528748488405963e-03,1.000000000000000000e+00,1.000000000000000000e+00,6.261358795500779470e-04,1.579407535101688340e-03,3.641009851186031987e-03,1.222073465132830078e-02,5.987181416252401744e-02,3.757520920519434094e-04,1.834694095372547129e-01,5.487925482981634989e-03,6.306759387283126682e-04,1.568988705396642683e-03,1.094534144497726156e-03,5.754216889272956853e-03,2.910924733158462823e-03,-5.596745671320333716e-03
1.764999999999999902e-01,0.000000000000000000e+00,2.000508209102722784e-03,3.062102750093117533e-03,2.233774087558083182e-03,2.827846631074409055e-03,1.000000000000000000e+00,1.000000000000000000e+00,6.288939561362449915e-04,1.585284568274934877e-03,5.516153172334000571e-03,1.175406634649291474e-02,5.884466441702174144e-02,4.512390413999313151e-04,1.803355787230344065e-01,6.486763022927206565e-03,6.313704189563093365e-04,1.571613344787861372e-03,1.682221591707119953e-03,4.746195022414078334e-03,2.910924733158462823e-03,-5.596745671320333716e-03
1.769999999999999907e-01,0.000000000000000000e+00,2.005244379882658960e-03,3.067751866510039574e-03,2.234338804250630712e-03,2.828165201397084445e-03,1.000000000000000000e+00,1.000000000000000000e+00,6.325220734438778778e-04,1.590933684691856701e-03,7.256234615265763979e-03,1.129823283384386555e-02,5.786133905264059796e-02,6.721637240033634820e-04,1.783124516570144813e-01,7.084279023954989651e-03,6.322840777333108833e-04,1.573752348693037212e-03,1.971817754778590597e-03,3.811551092078944557e-03,2.910924733158462823e-03,-5.596745671320333716e-03
1.774999999999999911e-01,0.000000000000000000e+00,2.011032185700988711e-03,3.073184940222463760e-03,2.234913947992563620e-03,2.828484431935718996e-03,1.000000000000000000e+00,1.000000000000000000e+00,6.369557899288607423e-04,1.596366758404281321e-03,8.867432969965624925e-03,1.086614742484936190e-02,5.701442266158066041e-02,9.439691712725521450e-04,1.767136163669305038e-01,7.765457550469890072e-03,6.332774510467853316e-04,1.575449740906811414e-03,2.001580279462827645e-03,2.979565994086063457e-03,2.910924733158462823e-03,-5.596745671320333716e-03
1.779999999999999916e-01,0.000000000000000000e+00,2.017798126166100471e-03,3.078416003536285032e-03,2.235499661191827150e-03,2.828804294859760607e-03,1.000000000000000000e+00,1.000000000000000000e+00,6.421388010246334476e-04,1.601597821718102376e-03,1.036602219154550593e-02,1.046212662764224935e-02,5.693702866043435368e-02,-2.563980744049744443e-04,1.779274287997748005e-01,2.697852245514028961e-03,6.381473702649809350e-04,1.589055867874047175e-03,2.428597922963609407e-03,4.156488697598038212e-03,2.722439084719353603e-03,-6.189009058897152436e-03
1.784999999999999920e-01,0.000000000000000000e+00,2.025524521270328886e-03,3.083393215835649945e-03,2.236096081531220060e-03,2.829124762030978818e-03,1.000000000000000000e+00,1.000000000000000000e+00,6.480575630595695157e-04,1.606575034017467072e-03,1.183752406987206157e-02,9.954424598729236240e-03,5.629126228880022842e-02,-9.115297587054714209e-05,1.762626604353371429e-01,4.145966683832743097e-03,6.393403394013508429e-04,1.590939810602709720e-03,2.343398654509816579e-03,3.380714462301564159e-03,2.722439084719353603e-03,-6.189009058897152436e-03
1.789999999999999925e-01,0.000000000000000000e+00,2.034153107881916424e-03,3.088126342809713841e-03,2.236703341712348130e-03,2.829445805005630608e-03,1.000000000000000000e+00,1.000000000000000000e+00,6.546674438853469346e-04,1.611308160991531185e-03,1.321976165155483961e-02,9.466253948128248649e-03,5.571964511171759865e-02,5.351635738844572206e-05,1.753239187917237929e-01,4.356802613679681621e-03,6.404549451589379222e-04,1.592455628209735533e-03,2.115424066017060605e-03,2.683849198155515738e-03,2.722439084719353603e-03,-6.189009058897152436e-03
1.794999999999999929e-01,0.000000000000000000e+00,2.043631505105355725e-03,3.092624145555598371e-03,2.237321569199572906e-03,2.829767395036617093e-03,1.000000000000000000e+00,1.000000000000000000e+00,6.619283174080370239e-04,1.615805963737415932e-03,1.452174704538008142e-02,8.995605491769361611e-03,5.522381168360492032e-02,1.504437619684270439e-04,1.745738160517083248e-01,4.407325589596894008e-03,6.414273762963592761e-04,1.593640414520478173e-03,1.774923620421809279e-03,2.056467129506418801e-03,2.722439084719353603e-03,-6.189009058897152436e-03
1.799999999999999933e-01,0.000000000000000000e+00,2.053913268810930639e-03,3.096893178294520075e-03,2.237950885963965655e-03,2.830089503075651925e-03,1.000000000000000000e+00,1.000000000000000000e+00,6.698046053601549883e-04,1.620074996476337419e-03,1.575257590423587498e-02,8.538065477843104559e-03,5.400303357343627653e-02,-3.092826530684782268e-04,1.709060030383594553e-01,2.342387145528934851e-03,6.553960753449174096e-04,1.606734764794842977e-03,3.338882397545184320e-03,3.323883339850391451e-03,2.097189775027339786e-03,-6.767900218589707403e-03
1.804999999999999938e-01,0.000000000000000000e+00,2.064900517753050224e-03,3.100915090323325303e-03,2.238591408227259133e-03,2.830412099775417127e-03,1.000000000000000000e+00,1.000000000000000000e+00,6.782213263574306738e-04,1.624096908505142647e-03,1.683344199455144574e-02,8.043824057610522021e-03,5.376130403880623188e-02,-4.500239903096852462e-04,1.715801432570311091e-01,1.975687509662240639e-03,6.569331992766399555e-04,1.608281112193999350e-03,2.810579085570375987e-03,2.862342280031814935e-03,2.097189775027339786e-03,-6.767900218589707403e-03
1.809999999999999942e-01,0.000000000000000000e+00,2.076566501786720857e-03,3.104686015051297612e-03,2.239243246205799807e-03,2.830735155491731058e-03,1.000000000000000000e+00,1.000000000000000000e+00,6.871579885999386543e-04,1.627867833233114956e-03,1.787332448501589496e-02,7.541849455944641192e-03,5.353325471933367136e-02,-6.046644179593722813e-04,1.714499944031636636e-01,1.279377814460303398e-03,6.582059203655904120e-04,1.609592850219614298e-03,2.281282942515223348e-03,2.385484395548272303e-03,2.097189775027339786e-03,-6.767900218589707403e-03
1.814999999999999947e-01,0.000000000000000000e+00,2.088885683992373551e-03,3.108201538707258595e-03,2.239906503854497462e-03,2.831058640285705977e-03,1.000000000000000000e+00,1.000000000000000000e+00,6.965950296723491530e-04,1.631383356889075939e-03,1.887408214482106869e-02,7.031047311921833319e-03,5.332068520689637464e-02,-7.743168398448933279e-04,1.713476237672861835e-01,5.328352758399773278e-04,6.592145320937261568e-04,1.610661739168420693e-03,1.754147435898602107e-03,1.890989330862943851e-03,2.097189775027339786e-03,-6.767900218589707403e-03
1.819999999999999951e-01,0.000000000000000000e+00,2.101833858265011578e-03,3.111456657511262741e-03,2.240581278610780450e-03,2.831382523925911679e-03,1.000000000000000000e+00,1.000000000000000000e+00,7.065139066224395336e-04,1.634638475693080085e-03,1.983775390018081147e-02,6.510237608008404356e-03,5.144412850190231701e-02,-6.330896007915748922e-04,1.647500925099797953e-01,1.002154937907148106e-03,6.816894194894288416e-04,1.622288267905336095e-03,4.482789050003601998e-03,2.993367467794900288e-03,1.060796635341169133e-03,-7.283506867634876626e-03
1.824999999999999956e-01,0.000000000000000000e+00,2.115267932975415342e-03,3.114460336197398798e-03,2.241267661138545732e-03,2.831706775890539124e-03,1.000000000000000000e+00,1.000000000000000000e+00,7.168050049027895922e-04,1.637642154379216142e-03,2.058219656070001471e-02,6.007357372272321104e-03,5.099321214493630905e-02,-4.981181286827578939e-04,1.649939689980378654e-01,1.189504615152693189e-03,6.837377887880736116e-04,1.623737425631925635e-03,3.712104312649798336e-03,2.803576486441922231e-03,1.060796635341169133e-03,-7.283506867634876626e-03
1.829999999999999960e-01,0.000000000000000000e+00,2.129148461870000557e-03,3.117221184444335554e-03,2.241965735072109361e-03,2.832031365369558872e-03,1.000000000000000000e+00,1.000000000000000000e+00,7.274381069300389982e-04,1.640403002626152681e-03,2.126620405449891615e-02,5.521696493872883978e-03,5.095468102742331529e-02,-9.154711979335542621e-04,1.655904812404014326e-01,-7.554407915754493032e-04,6.854065003795914435e-04,1.625077116844107685e-03,2.964128559294663436e-03,2.555618274343320583e-03,1.060796635341169133e-03,-7.283506867634876626e-03
1.834999999999999964e-01,0.000000000000000000e+00,2.143465922189017204e-03,3.119723078002469962e-03,2.242675576760161729e-03,2.832356261266888615e-03,1.000000000000000000e+00,1.000000000000000000e+00,7.384059178469980873e-04,1.642904896184287306e-03,2.193562183391811402e-02,5.003787116269265041e-03,5.092850438227396193e-02,-1.301711270074578687e-03,1.658752323050099453e-01,-2.121925441525472199e-03,6.867172679136534933e-04,1.626268766533856512e-03,2.280217453294426481e-03,2.211602150327600207e-03,1.060796635341169133e-03,-7.283506867634876626e-03
1.839999999999999969e-01,0.000000000000000000e+00,2.158211736606803488e-03,3.121951498670137715e-03,2.243397255009716741e-03,2.832681432202548144e-03,1.000000000000000000e+00,1.000000000000000000e+00,7.497018670410071032e-04,1.645133316851955275e-03,2.259189838801799188e-02,4.456841335335832467e-03,-2.815760123412000548e-02,-2.850248922640542804e-02,-1.408994126446752038e-01,-1.076660146709760291e-01,7.301077354359414425e-04,1.639487166677383503e-03,2.964340402827941867e-02,9.848659074294822957e-03,-4.461150251702229036e-02,-2.044421564666261751e-02
1.844999999999999973e-01,0.000000000000000000e+00,2.167718864243921122e-03,3.122694856272128800e-03,2.244130830830064465e-03,2.833006846514828612e-03,1.000000000000000000e+00,1.000000000000000000e+00,7.569847493374436999e-04,1.645876674453946144e-03,1.456576459287308584e-02,1.486715203981806271e-03,-2.774587186147032050e-02,-2.706477395302519726e-02,-7.602632904946320103e-02,-8.013955333356473365e-02,7.447496628061823967e-04,1.644472493790277235e-03,2.892514410295810023e-02,1.009198940722686941e-02,-4.461150251702229036e-02,-2.044421564666261751e-02
1.849999999999999978e-01,0.000000000000000000e+00,2.172076610709878283e-03,3.122034528838133968e-03,2.244876357176724211e-03,2.833332472262449671e-03,1.000000000000000000e+00,1.000000000000000000e+00,7.603229768022117235e-04,1.645216347019951529e-03,6.676454929536111346e-03,-1.320654867989178461e-03,-2.723848235187433658e-02,-2.588254288911693429e-02,-7.857362491791666792e-02,-7.798285492182699397e-02,7.590433325857805745e-04,1.649595762814090767e-03,2.825030268208408857e-02,1.040029558268748024e-02,-4.461150251702229036e-02,-2.044421564666261751e-02
1.854999999999999982e-01,0.000000000000000000e+00,2.171380673605670039e-03,3.120039699884933227e-03,2.245633878695394575e-03,2.833658277226722665e-03,1.000000000000000000e+00,1.000000000000000000e+00,7.597898580507728757e-04,1.643221518066750571e-03,-1.066237502877770936e-03,-3.989657906402092891e-03,-2.628092018615264466e-02,-2.560090730787850308e-02,-7.937683575145271231e-02,-7.904615924588308251e-02,7.730125172608699920e-04,1.654884592542398307e-03,2.762711584150832900e-02,1.075413772042664411e-02,-4.461150251702229036e-02,-2.044421564666261751e-02
1.859999999999999987e-01,0.000000000000000000e+00,2.165758430686989811e-03,3.116738688086809726e-03,2.246403431465906955e-03,2.833984228913715570e-03,1.000000000000000000e+00,1.000000000000000000e+00,7.554829701050526326e-04,1.639920506268626853e-03,-8.613775891440449833e-03,-6.602023596247561139e-03,-4.520218346289687356e-03,-6.539101746832780802e-03,3.310480314220060755e-04,-6.380501838720008603e-03,7.584964437597796786e-04,1.641892869659018891e-03,1.238298610069774389e-02,1.468913911240946057e-03,-3.119981128674887208e-02,-1.166606397961988777e-02
1.864999999999999991e-01,0.000000000000000000e+00,2.156825269256089014e-03,3.112998167380671890e-03,2.247185042746175157e-03,2.834310294556410120e-03,1.000000000000000000e+00,1.000000000000000000e+00,7.486397714314262791e-04,1.636179985562489234e-03,-1.368639734725269133e-02,-7.481041412275383877e-03,-4.115242275803841429e-03,-5.963745688843980451e-03,-1.935126358366575511e-02,-2.079636049462657912e-02,7.645071425016164001e-04,1.642808184602127146e-03,1.166098095514579366e-02,2.190912047485220338e-03,-3.119981128674887208e-02,-1.166606397961988777e-02
1.869999999999999996e-01,0.000000000000000000e+00,2.144649686276001513e-03,3.108849362111319563e-03,2.247978730716149350e-03,2.834636441116868480e-03,1.000000000000000000e+00,1.000000000000000000e+00,7.393127337477963532e-04,1.632031180293137124e-03,-1.865407536725984319e-02,-8.297610538704317668e-03,-3.519822093917026207e-03,-6.201375035543698483e-03,-2.000799844679594305e-02,-2.256157249126686595e-02,7.701700423429956805e-04,1.644067106694528137e-03,1.099170146077579902e-02,2.843464108884202410e-03,-3.119981128674887208e-02,-1.166606397961988777e-02
1.875000000000000000e-01,0.000000000000000000e+00,2.129313380389814998e-03,3.104286879958353083e-03,2.248784504221769572e-03,2.834962635288392537e-03,1.000000000000000000e+00,1.000000000000000000e+00,7.275644418457100733e-04,1.627468698140170427e-03,-2.349658380417249046e-02,-9.124964305933421990e-03,-2.905594763882572706e-03,-6.414262616752127236e-03,-2.068816521417356225e-02,-2.354132063628959493e-02,7.755166199906873359e-04,1.645622823610129763e-03,1.039556238920524324e-02,3.378308240699410062e-03,-3.119981128674887208e-02,-1.166606397961988777e-02
1.880000000000000004e-01,0.000000000000000000e+00,2.110898804668290708e-03,3.099306542924485340e-03,2.249602362518911443e-03,2.835288843497686673e-03,1.000000000000000000e+00,1.000000000000000000e+00,7.134580584418428757e-04,1.622488361106302901e-03,-2.821276680773429288e-02,-9.960674067734986981e-03,1.849364567646694449e-02,3.759944399911364747e-03,5.940425642406278045e-02,1.579416369759670258e-02,7.235469068119540189e-04,1.626235460597884016e-03,-1.178247444522318929e-02,-4.235786333404031878e-03,-1.727780801675772929e-02,-6.495292305687035313e-03
1.885000000000000009e-01,0.000000000000000000e+00,2.090975437230079090e-03,3.094368053777853816e-03,2.250432295017345749e-03,2.835615031907020092e-03,1.000000000000000000e+00,1.000000000000000000e+00,6.981958735275833623e-04,1.617549871959670944e-03,-3.052436982851903027e-02,-9.876978293264076017e-03,2.033092236202551500e-02,4.497654145334900599e-03,4.705117399571523418e-02,1.000985590119592324e-02,7.181831101437815244e-04,1.624454135931136358e-03,-9.676590702193083732e-03,-2.892049161886680545e-03,-1.727780801675772929e-02,-6.495292305687035313e-03
1.890000000000000013e-01,0.000000000000000000e+00,2.069694579356955166e-03,3.089504424615763419e-03,2.251274281024683716e-03,2.835941166416390026e-03,1.000000000000000000e+00,1.000000000000000000e+00,6.818937906090719557e-04,1.612686242797580979e-03,-3.260416583702287902e-02,-9.727258324180006535e-03,2.219305486730981797e-02,5.163476451408828896e-03,5.161631287387131312e-02,1.203032006505170420e-02,7.139077450443973320e-04,1.623333557683982135e-03,-7.429063805298281691e-03,-1.592739525084307765e-03,-1.727780801675772929e-02,-6.495292305687035313e-03
1.895000000000000018e-01,0.000000000000000000e+00,2.047207705907511371e-03,3.084745065405547146e-03,2.252128289490333991e-03,2.836267212665681027e-03,1.000000000000000000e+00,1.000000000000000000e+00,6.646678461600059656e-04,1.607926883587364707e-03,-3.445188889813204092e-02,-9.518718420432470753e-03,2.408673586073922790e-02,5.696681816844787437e-03,5.640531474583048571e-02,1.362240920813150707e-02,7.107925660071454706e-04,1.622841515771542530e-03,-5.036172013231506386e-03,-3.777641371308638986e-04,-1.727780801675772929e-02,-6.495292305687035313e-03
1.900000000000000022e-01,0.000000000000000000e+00,2.023666925136639958e-03,3.080113110957227989e-03,2.252994278749451823e-03,2.836593136036829037e-03,0.000000000000000000e+00,1.000000000000000000e+00,6.466345618637977730e-04,1.603294929139045333e-03,-3.606656859241631069e-02,-9.263908896638818266e-03,2.268935528746549371e-02,-4.963503443008996860e-03,4.850908997265118705e-02,-2.812371976006993596e-02,6.609332644076590119e-04,1.607799290234402517e-03,-1.685465807181107945e-02,-3.861168981534629074e-03,-9.994998167501017994e-03,-4.201069787997173573e-03
1.905000000000000027e-01,0.000000000000000000e+00,1.998987146663192688e-03,3.075131626618153678e-03,2.253872196266889540e-03,2.836918901655983288e-03,0.000000000000000000e+00,1.000000000000000000e+00,6.277287547068059791e-04,1.598313444799971022e-03,-3.781161431398351314e-02,-9.962968678148690846e-03,2.386724527386060307e-02,-4.573303101314194798e-03,5.335494364973663445e-02,-1.780878141173563786e-02,6.525276155263141312e-04,1.605863933191311026e-03,-1.676778815116474267e-02,-3.880149268807359456e-03,-9.994998167501017994e-03,-4.201069787997173573e-03
1.910000000000000031e-01,0.000000000000000000e+00,1.973268717145306491e-03,3.069822663934905146e-03,2.254761978381154396e-03,2.837244474395668632e-03,0.000000000000000000e+00,1.000000000000000000e+00,6.080272946888823707e-04,1.593004482116722274e-03,-3.940292003584720815e-02,-1.061792536649761726e-02,2.505003351662057898e-02,-4.178496809642794074e-03,5.610260433312695000e-02,-1.689026349814421249e-02,6.441881396531423144e-04,1.603925324673123858e-03,-1.659014445827384013e-02,-3.874223027580507746e-03,-9.994998167501017994e-03,-4.201069787997173573e-03
1.915000000000000036e-01,0.000000000000000000e+00,1.946611284753883668e-03,3.064208260823761583e-03,2.255663550048351684e-03,2.837569818876946141e-03,0.000000000000000000e+00,1.000000000000000000e+00,5.876065167376128343e-04,1.587390079005578710e-03,-4.084155590253901041e-02,-1.122880622228691894e-02,2.623776696391934629e-02,-3.778913493843430189e-03,5.894591407095261387e-02,-1.593816947941974899e-02,6.359600498595392162e-04,1.601995917471649589e-03,-1.632242261257618385e-02,-3.843392613654902663e-03,-9.994998167501017994e-03,-4.201069787997173573e-03
1.920000000000000040e-01,0.000000000000000000e+00,1.919113799357408459e-03,3.058310446869187335e-03,2.256576824586145179e-03,2.837894899471576741e-03,0.000000000000000000e+00,1.000000000000000000e+00,5.665422208498977884e-04,1.581492265051004896e-03,-4.212859177543007427e-02,-1.179562790914768546e-02,3.285365866647711047e-02,-1.134960949810097071e-03,8.294618516148555276e-02,-6.254837169433306865e-03,5.849785823384171749e-04,1.587080906323202079e-03,-2.663224192773083060e-02,-7.021133186261702824e-03,-5.440051115884358100e-03,-2.820322014029424864e-03
1.925000000000000044e-01,0.000000000000000000e+00,1.891262662199757593e-03,3.052251238938716651e-03,2.257501703417703291e-03,2.838219680304183978e-03,0.000000000000000000e+00,1.000000000000000000e+00,5.452070119957349442e-04,1.575433057120533996e-03,-4.267041770832578906e-02,-1.211841586094194317e-02,3.391416005421869079e-02,-7.243626826074272759e-04,8.113094957804635465e-02,-7.056071699733353422e-03,5.717462569980768291e-04,1.583585537937310349e-03,-2.629720866526476589e-02,-6.960326108296621857e-03,-5.440051115884358100e-03,-2.820322014029424864e-03
1.930000000000000049e-01,0.000000000000000000e+00,1.863141045760640518e-03,3.046051533905202308e-03,2.258438075815653000e-03,2.838544125254411580e-03,0.000000000000000000e+00,1.000000000000000000e+00,5.236646039910258874e-04,1.569233352087019435e-03,-4.308481600941806156e-02,-1.239941006702920817e-02,3.498038206370435860e-02,-3.087366966822339227e-04,8.414764183879430703e-02,-5.913280109645330934e-03,5.587014940098656646e-04,1.580126985588500843e-03,-2.588215468646814718e-02,-6.873920039759165955e-03,-5.440051115884358100e-03,-2.820322014029424864e-03
1.935000000000000053e-01,0.000000000000000000e+00,1.834831595501763444e-03,3.039732226071197203e-03,2.259385818646033380e-03,2.838868197959092728e-03,0.000000000000000000e+00,1.000000000000000000e+00,5.019783069324600631e-04,1.562914044253014764e-03,-4.337259411713156182e-02,-1.263861566800951464e-02,3.605229365224795618e-02,1.123476740348939939e-04,8.724841519505580067e-02,-4.735609955656493175e-03,5.458841700216793052e-04,1.576718050591123044e-03,-2.538761530195985522e-02,-6.761908201304141393e-03,-5.440051115884358100e-03,-2.820322014029424864e-03
1.940000000000000058e-01,0.000000000000000000e+00,1.806416424403456313e-03,3.033314224059295051e-03,2.260344796112243038e-03,2.839191861814405454e-03,0.000000000000000000e+00,1.000000000000000000e+00,4.802110230123268807e-04,1.556496042241112612e-03,-4.353456784026633886e-02,-1.283600402380409740e-02,4.010092358293506493e-02,1.895636949721000433e-03,1.019713318555474646e-01,1.745726071209250264e-03,4.993371845464281405e-04,1.562571835338212459e-03,-3.209686713895526511e-02,-8.937761241314364988e-03,-2.703044130426715368e-03,-1.950859099617266142e-03
1.945000000000000062e-01,0.000000000000000000e+00,1.778189753726494744e-03,3.026879027142762545e-03,2.261314859498996226e-03,2.839515079978040604e-03,0.000000000000000000e+00,1.000000000000000000e+00,4.585881387924910712e-04,1.550060845324580105e-03,-4.324576843967163631e-02,-1.287039383306507953e-02,4.049419231800325397e-02,2.081271100897024232e-03,1.001950143591395503e-01,9.295527360851387443e-04,4.834327220528746331e-04,1.558140810763442236e-03,-3.152149685513452176e-02,-8.786462820758981704e-03,-2.703044130426715368e-03,-1.950859099617266142e-03
1.950000000000000067e-01,0.000000000000000000e+00,1.750180738938642965e-03,3.020435853417480915e-03,2.262295846916274195e-03,2.839837815371355507e-03,0.000000000000000000e+00,1.000000000000000000e+00,4.371319886570200746e-04,1.543617671599298042e-03,-4.291230027094196375e-02,-1.288634745056391195e-02,4.057556675803843799e-02,2.116688813549824980e-03,1.003514317895802116e-01,9.017734229070121718e-04,4.678226887108562562e-04,1.553788135826103794e-03,-3.091921381607583980e-02,-8.624386539830662321e-03,-2.703044130426715368e-03,-1.950859099617266142e-03
1.955000000000000071e-01,0.000000000000000000e+00,1.722395848768110312e-03,3.013987107517536630e-03,2.263287583043273928e-03,2.840160030681546707e-03,0.000000000000000000e+00,1.000000000000000000e+00,4.158475279392122087e-04,1.537168925699354191e-03,-4.256892143561574054e-02,-1.289749179988761499e-02,4.065728705135979865e-02,2.152181285362173967e-03,1.007806780093011001e-01,1.004586583768149726e-03,4.525144841187497520e-04,1.549516825303050207e-03,-3.031419855680988693e-02,-8.461010756855192813e-03,-2.703044130426715368e-03,-1.950859099617266142e-03
1.960000000000000075e-01,0.000000000000000000e+00,1.694841476069433106e-03,3.007535170085890233e-03,2.264289878872363833e-03,2.840481688363803627e-03,0.000000000000000000e+00,1.000000000000000000e+00,3.947396538497613514e-04,1.530716988267707577e-03,-4.221574817890171027e-02,-1.290387486329306818e-02,4.238870882328610312e-02,3.039631179936966472e-03,1.076216816092865347e-01,4.418096853924110938e-03,4.122385910716000771e-04,1.536694776217252274e-03,-3.450879975061924010e-02,-9.936862939182954796e-03,-1.056021764816727614e-03,-1.388222047723239793e-03
1.965000000000000080e-01,0.000000000000000000e+00,1.667641986443901695e-03,3.001120434429432882e-03,2.265302531453033778e-03,2.840802750643476975e-03,0.000000000000000000e+00,1.000000000000000000e+00,3.739036359664507539e-04,1.524302252611250009e-03,-4.167203576662119324e-02,-1.282947131291527730e-02,4.242495997971123395e-02,3.061103914783235187e-03,1.065715574369015539e-01,3.775907612298822109e-03,3.951242028887539813e-04,1.531766007597963651e-03,-3.394919073158823158e-02,-9.778332506423455944e-03,-1.056021764816727614e-03,-1.388222047723239793e-03
1.970000000000000084e-01,0.000000000000000000e+00,1.640798931592179870e-03,2.994744153981145247e-03,2.266325323635846010e-03,2.841123179518233698e-03,0.000000000000000000e+00,1.000000000000000000e+00,3.533406629609513834e-04,1.517925972162962591e-03,-4.112594601099876790e-02,-1.275256089657489204e-02,4.246177405561031570e-02,3.082663789893723156e-03,1.069719748304848311e-01,3.874385266504186062e-03,3.782896528177809217e-04,1.526916656218645519e-03,-3.338945811792569385e-02,-9.619198150928697302e-03,-1.056021764816727614e-03,-1.388222047723239793e-03
1.975000000000000089e-01,0.000000000000000000e+00,1.614313845051683826e-03,2.988407567130281321e-03,2.267358023816389533e-03,2.841442936760224525e-03,0.000000000000000000e+00,1.000000000000000000e+00,3.330519095910791129e-04,1.511589385312098665e-03,-4.057750673974449412e-02,-1.267317370172800668e-02,4.249914937058803244e-02,3.104307077399769913e-03,1.073753321240623060e-01,3.974177665476794942e-03,3.617349972558791702e-04,1.522147019158291443e-03,-3.282962347044782875e-02,-9.459479375624550365e-03,-1.056021764816727614e-03,-1.388222047723239793e-03
1.980000000000000093e-01,0.000000000000000000e+00,1.588188242113651970e-03,2.982111897090444427e-03,2.268400385679232752e-03,2.841761983918248032e-03,0.000000000000000000e+00,1.000000000000000000e+00,3.130385366372669250e-04,1.505293715272261988e-03,-4.002674590762431844e-02,-1.259134007967355369e-02,4.347534793629385941e-02,3.683159804617952213e-03,1.114255069402246834e-01,6.238963187833633343e-03,3.275988630743746264e-04,1.510756313976208782e-03,-3.535995481312410871e-02,-1.045856378175713357e-02,-5.677224638681575998e-05,-1.013333534895441033e-03
1.985000000000000098e-01,0.000000000000000000e+00,1.562490773597142004e-03,2.975883227670122685e-03,2.269452147941866151e-03,2.842080282319901265e-03,0.000000000000000000e+00,1.000000000000000000e+00,2.933531336779695675e-04,1.499065045851939813e-03,-3.937080591859476453e-02,-1.245733884064431640e-02,4.348585870841042977e-02,3.695792948422520902e-03,1.109793873724402719e-01,5.851512299747418412e-03,3.100507516023218581e-04,1.505566123376999655e-03,-3.483284944354542167e-02,-1.030230530120100976e-02,-5.677224638681575998e-05,-1.013333534895441033e-03
1.990000000000000102e-01,0.000000000000000000e+00,1.537220126852684122e-03,2.969722050020765034e-03,2.270513034098670113e-03,2.842397793073757253e-03,0.000000000000000000e+00,1.000000000000000000e+00,2.739946951653549198e-04,1.492903868202582378e-03,-3.871687702522930152e-02,-1.232235529871475790e-02,4.349705543364258686e-02,3.708528369115039747e-03,1.113592391109030216e-01,5.948240273889627595e-03,2.927658532992513597e-04,1.500454097797713094e-03,-3.430710943814203884e-02,-1.014590692708804663e-02,-5.677224638681575998e-05,-1.013333534895441033e-03
1.995000000000000107e-01,0.000000000000000000e+00,1.512375005199858603e-03,2.963628846497748902e-03,2.271582752164853260e-03,2.842714477071516498e-03,0.000000000000000000e+00,1.000000000000000000e+00,2.549622277845929076e-04,1.486810664679566463e-03,-3.806493476152397748e-02,-1.218640704603177714e-02,4.350893581626563700e-02,3.721362364087518575e-03,1.117401112316340206e-01,6.045678660254475735e-03,2.757434876991668644e-04,1.495420303957161433e-03,-3.378272592402883912e-02,-9.989381548825606791e-03,-5.677224638681575998e-05,-1.013333534895441033e-03
2.000000000000000111e-01,0.000000000000000000e+00,1.487954127724305624e-03,2.957604090542650596e-03,2.272660994420409430e-03,2.843030294990172777e-03,0.000000000000000000e+00,1.000000000000000000e+00,2.362547502983561646e-04,1.480785908724467723e-03,-3.741495497247348395e-02,-1.204951191019733824e-02,4.405949146573463066e-02,4.117224291257068000e-03,1.142113951205987604e-01,7.630990507906428542e-03,2.471823850427908704e-04,1.485439479145223788e-03,-3.516550936789745313e-02,-1.064434174549787164e-02,5.414624015311392171e-04,-7.585732754861295845e-04
