candidate,X_min_mm,Km_tip_N_per_sqrtW,mass_added_g,P_autowrite_W,handle_bore
gimbal_sphere,4.00001,0.14196,18.91769,0.09224,24
gimbal_sphere,4.00001,0.13915,17.69672,0.09486,24
gimbal_sphere,4.00001,0.14029,18.09512,0.09483,24
gimbal_sphere,4.00001,0.14149,18.90502,0.09295,24
gimbal_sphere,4.00001,0.14147,18.90994,0.09304,24
gimbal_sphere,4.00001,0.1391,17.94023,0.09484,24
gimbal_sphere,4.00001,0.13895,17.9931,0.09426,24
gimbal_sphere,4.00001,0.13935,17.90055,0.09587,24
gimbal_sphere,4.00001,0.14017,18.63439,0.09277,24
gimbal_sphere,4.00001,0.14109,18.86409,0.09353,24
gimbal_sphere,4.00001,0.13814,17.61611,0.09564,24
gimbal_sphere,4.00001,0.13817,17.6624,0.09545,24
gimbal_sphere,4.00001,0.13821,17.75252,0.09498,24
gimbal_sphere,4.00001,0.14048,18.96118,0.09181,24
gimbal_sphere,4.00001,0.13735,17.35891,0.0959,24
gimbal_sphere,4.00001,0.13785,17.6757,0.09485,24
gimbal_sphere,4.00001,0.1378,17.32185,0.09717,24
gimbal_sphere,4.00001,0.13804,17.8529,0.09435,24
gimbal_sphere,4.00001,0.13912,18.19602,0.0944,24
gimbal_sphere,4.00001,0.13953,18.53161,0.09321,24
gimbal_sphere,4.00001,0.13734,17.21893,0.09736,24
gimbal_sphere,4.00001,0.138,17.70596,0.09554,24
gimbal_sphere,4.00001,0.13809,17.5532,0.09686,24
gimbal_sphere,4.00001,0.13826,17.99503,0.09421,24
gimbal_sphere,4.00001,0.13805,17.85625,0.09471,24
gimbal_sphere,4.00001,0.13898,18.22747,0.09441,24
gimbal_sphere,4.00001,0.13916,18.49959,0.09303,24
gimbal_sphere,4.00001,0.13711,17.08005,0.09846,24
gimbal_sphere,4.00001,0.13861,18.41883,0.09313,24
gimbal_sphere,4.00001,0.13906,18.58735,0.09299,24
gimbal_sphere,4.00001,0.13619,17.23547,0.09603,24
gimbal_sphere,4.00001,0.13757,17.61479,0.09647,24
gimbal_sphere,4.00001,0.13744,17.84003,0.09482,24
gimbal_sphere,4.00001,0.13687,17.65611,0.0949,24
gimbal_sphere,4.00001,0.1378,17.73862,0.09639,24
gimbal_sphere,4.00001,0.13672,17.36754,0.09662,24
gimbal_sphere,4.00001,0.1363,17.25817,0.09649,24
gimbal_sphere,4.00001,0.1363,17.40014,0.09564,24
gimbal_sphere,4.00001,0.136,17.05888,0.09737,24
gimbal_sphere,4.00001,0.13583,17.20229,0.09612,24
gimbal_sphere,4.00001,0.13743,17.59956,0.09707,24
gimbal_sphere,4.00001,0.137,17.57843,0.0963,24
gimbal_sphere,4.00001,0.13707,17.70883,0.09559,24
gimbal_sphere,4.00001,0.13639,17.37627,0.09643,24
gimbal_sphere,4.00001,0.13577,17.15861,0.09661,24
gimbal_sphere,4.00001,0.13532,16.90169,0.09744,24
gimbal_sphere,4.00001,0.13601,17.4413,0.09533,24
gimbal_sphere,4.00001,0.13956,17.94028,0.09977,24
gimbal_sphere,4.00001,0.13658,17.0396,0.0997,24
gimbal_sphere,4.00001,0.13649,17.55625,0.09612,24
gimbal_sphere,4.00001,0.13696,17.70815,0.09625,24
gimbal_sphere,4.00001,0.13516,16.89925,0.09786,24
gimbal_sphere,4.00001,0.13766,18.35556,0.09378,24
gimbal_sphere,4.00001,0.13465,16.87403,0.0974,24
gimbal_sphere,4.00001,0.13554,16.91342,0.09931,24
gimbal_sphere,4.00001,0.14154,20.15088,0.09051,24
gimbal_sphere,4.00001,0.13498,17.1053,0.09728,24
gimbal_sphere,4.00001,0.13461,16.86816,0.09824,24
gimbal_sphere,4.00001,0.13513,17.2662,0.09675,24
gimbal_sphere,4.00001,0.13635,17.20071,0.10001,24
gimbal_sphere,4.00001,0.13525,17.38374,0.0968,24
gimbal_sphere,4.00001,0.13519,17.45783,0.09698,24
gimbal_sphere,4.00001,0.14211,19.86537,0.09588,24
gimbal_sphere,4.00001,0.1341,16.62119,0.10047,24
gimbal_sphere,4.00001,0.13399,16.86726,0.09901,24
gimbal_sphere,4.00001,0.14132,19.88837,0.09493,24
gimbal_sphere,4.00001,0.1405,19.10051,0.09874,24
gimbal_sphere,4.00001,0.13424,17.28696,0.09857,24
gimbal_sphere,4.00001,0.14044,19.63265,0.09677,24
gimbal_sphere,4.00001,0.13352,16.5264,0.10298,24
gimbal_sphere,4.00001,0.13267,16.53605,0.10146,24
gimbal_sphere,4.00001,0.13305,16.56629,0.10222,24
gimbal_sphere,4.00001,0.13307,16.61704,0.10211,24
gimbal_sphere,4.00001,0.13236,16.53748,0.10149,24
gimbal_sphere,4.00001,0.13297,16.50498,0.10346,24
gimbal_sphere,4.00001,0.14235,20.68663,0.09648,24
gimbal_sphere,4.00001,0.13447,16.86465,0.10568,24
gimbal_sphere,4.00001,0.13463,16.74473,0.10747,24
gimbal_sphere,4.00001,0.13111,16.33244,0.10455,24
gimbal_sphere,4.00001,0.13123,16.21698,0.10579,24
gimbal_sphere,4.00001,0.13022,16.15481,0.10434,24
gimbal_sphere,4.00001,0.13062,16.43318,0.10496,24
gimbal_sphere,4.00001,0.1299,16.38479,0.10374,24
gimbal_sphere,4.00001,0.13172,16.2928,0.10859,24
gimbal_sphere,4.00001,0.13052,16.22863,0.10647,24
gimbal_sphere,4.00001,0.13167,16.35493,0.10819,24
gimbal_sphere,4.00001,0.12954,16.07657,0.10592,24
gimbal_sphere,4.00001,0.13003,16.10439,0.10701,24
gimbal_sphere,4.00001,0.1298,15.99855,0.10755,24
gimbal_sphere,4.00001,0.13064,16.50698,0.10843,24
gimbal_sphere,4.00001,0.13071,16.20058,0.11118,24
gimbal_sphere,4.00001,0.13107,16.86194,0.10824,24
gimbal_sphere,4.00001,0.13137,17.51473,0.10777,24
gimbal_sphere,4.00001,0.12846,15.73945,0.11393,24
gimbal_sphere,4.00001,0.12871,16.03388,0.11323,24
gimbal_sphere,4.00001,0.12644,15.67898,0.11094,24
gimbal_sphere,4.00001,0.12768,15.99991,0.11168,24
gimbal_sphere,4.00001,0.12597,15.48483,0.11521,24
gimbal_sphere,4.00001,0.12529,15.62184,0.1128,24
gimbal_sphere,4.00001,0.12688,15.92808,0.11634,24
gimbal_sphere,4.00001,0.12475,16.01252,0.11331,24
gimbal_sphere,4.00001,0.12641,15.50983,0.12083,24
gimbal_sphere,4.00001,0.12706,16.81709,0.11437,24
gimbal_sphere,5.00001,0.11726,19.31876,0.13061,24
gimbal_sphere,4.00001,0.1236,15.36118,0.11688,24
gimbal_sphere,5.00001,0.11711,19.25777,0.13071,24
gimbal_sphere,5.00001,0.11694,19.12808,0.13127,24
gimbal_sphere,5.00001,0.11719,19.27314,0.13084,24
gimbal_sphere,5.00001,0.1171,19.23835,0.13089,24
gimbal_sphere,5.00001,0.11713,19.27373,0.13075,24
gimbal_sphere,5.00001,0.11722,19.20842,0.13142,24
gimbal_sphere,5.00001,0.1173,19.38598,0.13039,24
gimbal_sphere,5.00001,0.11789,19.64695,0.12995,24
gimbal_sphere,5.00001,0.11705,19.24634,0.13083,24
gimbal_sphere,5.00001,0.11712,19.24171,0.13106,24
gimbal_sphere,5.00001,0.11712,19.23204,0.13113,24
gimbal_sphere,5.00001,0.11694,19.18884,0.13106,24
gimbal_sphere,5.00001,0.1174,19.47101,0.13017,24
gimbal_sphere,5.00001,0.117,19.23188,0.13093,24
gimbal_sphere,5.00001,0.11725,19.39922,0.13035,24
gimbal_sphere,5.00001,0.11704,19.23979,0.13101,24
gimbal_sphere,5.00001,0.11712,19.30856,0.1308,24
gimbal_sphere,5.00001,0.11711,19.33054,0.13065,24
gimbal_sphere,5.00001,0.11711,19.31582,0.13075,24
gimbal_sphere,5.00001,0.11726,19.36891,0.13073,24
gimbal_sphere,5.00001,0.11696,19.27756,0.1307,24
gimbal_sphere,5.00001,0.11703,19.3219,0.13057,24
gimbal_sphere,5.00001,0.11693,19.14424,0.13156,24
gimbal_sphere,5.00001,0.11726,19.4567,0.13024,24
gimbal_sphere,5.00001,0.11724,19.45299,0.13025,24
gimbal_sphere,5.00001,0.11725,19.30028,0.13132,24
gimbal_sphere,5.00001,0.11669,19.10019,0.13153,24
gimbal_sphere,5.00001,0.117,19.16339,0.13178,24
gimbal_sphere,5.00001,0.11678,19.01885,0.1323,24
gimbal_sphere,5.00001,0.1168,19.20045,0.13111,24
gimbal_sphere,5.00001,0.11696,19.19724,0.13148,24
gimbal_sphere,5.00001,0.11679,19.12577,0.13161,24
gimbal_sphere,5.00001,0.11706,19.34686,0.1307,24
gimbal_sphere,5.00001,0.11701,19.34496,0.13062,24
gimbal_sphere,5.00001,0.11681,19.23249,0.13095,24
gimbal_sphere,5.00001,0.11699,19.18021,0.13172,24
gimbal_sphere,5.00001,0.11715,19.40519,0.13054,24
gimbal_sphere,5.00001,0.11695,19.23019,0.13134,24
gimbal_sphere,5.00001,0.11855,19.99231,0.12969,24
gimbal_sphere,5.00001,0.11686,19.25669,0.131,24
gimbal_sphere,5.00001,0.11675,19.14277,0.13155,24
gimbal_sphere,5.00001,0.1168,19.19113,0.13138,24
gimbal_sphere,5.00001,0.11668,19.1623,0.13133,24
gimbal_sphere,5.00001,0.11851,20.03962,0.12939,24
gimbal_sphere,5.00001,0.11707,19.27444,0.13146,24
gimbal_sphere,5.00001,0.11717,19.33504,0.13128,24
gimbal_sphere,5.00001,0.11672,19.08936,0.132,24
gimbal_sphere,5.00001,0.11691,19.29088,0.1311,24
gimbal_sphere,5.00001,0.11795,19.81737,0.12979,24
gimbal_sphere,5.00001,0.11759,19.59208,0.13059,24
gimbal_sphere,5.00001,0.11657,19.04549,0.13207,24
gimbal_sphere,5.00001,0.11619,18.88791,0.13236,24
gimbal_sphere,5.00001,0.11656,19.00139,0.1324,24
gimbal_sphere,5.00001,0.11776,19.66875,0.13051,24
gimbal_sphere,5.00001,0.11659,19.09091,0.1319,24
gimbal_sphere,5.00001,0.11672,19.20921,0.1314,24
gimbal_sphere,5.00001,0.1163,18.95501,0.13224,24
gimbal_sphere,5.00001,0.11663,18.99748,0.13271,24
gimbal_sphere,5.00001,0.11618,18.88006,0.13256,24
gimbal_sphere,5.00001,0.11663,19.21358,0.1313,24
gimbal_sphere,5.00001,0.11667,19.24006,0.13121,24
gimbal_sphere,5.00001,0.1181,19.83703,0.13028,24
gimbal_sphere,5.00001,0.11821,19.95968,0.1297,24
gimbal_sphere,4.00001,0.12256,15.09147,0.1178,24
gimbal_sphere,5.00001,0.11663,19.22622,0.13128,24
gimbal_sphere,5.00001,0.11615,18.8192,0.13302,24
gimbal_sphere,5.00001,0.11633,18.93942,0.13262,24
gimbal_sphere,5.00001,0.11664,19.1274,0.13207,24
gimbal_sphere,5.00001,0.11825,20.06828,0.12917,24
gimbal_sphere,5.00001,0.11643,18.8207,0.13371,24
gimbal_sphere,5.00001,0.11628,19.03065,0.13195,24
gimbal_sphere,5.00001,0.11646,19.08458,0.13202,24
gimbal_sphere,5.00001,0.11663,19.22718,0.13147,24
gimbal_sphere,5.00001,0.11679,19.03632,0.13313,24
gimbal_sphere,5.00001,0.11642,19.02994,0.13236,24
gimbal_sphere,5.00001,0.11814,19.91873,0.13011,24
gimbal_sphere,5.00001,0.11824,20.08242,0.12924,24
gimbal_sphere,5.00001,0.1174,19.16354,0.13367,24
gimbal_sphere,5.00001,0.11807,19.98241,0.12958,24
gimbal_sphere,5.00001,0.11787,19.59984,0.13173,24
gimbal_sphere,5.00001,0.11597,18.82735,0.13288,24
gimbal_sphere,5.00001,0.11667,18.98676,0.13333,24
gimbal_sphere,5.00001,0.11877,20.42368,0.12815,24
gimbal_sphere,5.00001,0.1162,19.04348,0.13198,24
gimbal_sphere,5.00001,0.11594,18.81167,0.13298,24
gimbal_sphere,5.00001,0.11612,18.77988,0.13375,24
gimbal_sphere,5.00001,0.11605,18.75479,0.13381,24
gimbal_sphere,5.00001,0.11598,18.75704,0.13376,24
gimbal_sphere,5.00001,0.11596,18.7982,0.13346,24
gimbal_sphere,5.00001,0.11609,19.00335,0.13236,24
gimbal_sphere,5.00001,0.11848,20.26028,0.12907,24
gimbal_sphere,5.00001,0.11791,19.94963,0.12996,24
gimbal_sphere,5.00001,0.11856,20.30849,0.12896,24
gimbal_sphere,5.00001,0.11831,20.21486,0.12909,24
gimbal_sphere,5.00001,0.11847,20.26346,0.1291,24
gimbal_sphere,5.00001,0.116,18.81649,0.13361,24
gimbal_sphere,5.00001,0.1158,18.82131,0.13315,24
gimbal_sphere,5.00001,0.11831,20.19284,0.12931,24
gimbal_sphere,5.00001,0.11674,19.01691,0.13391,24
gimbal_sphere,4.00001,0.12319,14.85505,0.1218,24
gimbal_sphere,5.00001,0.11815,19.5574,0.13334,24
gimbal_sphere,5.00001,0.11568,18.80027,0.13313,24
gimbal_sphere,5.00001,0.11831,20.21056,0.1293,24
gimbal_sphere,5.00001,0.11571,18.67452,0.13414,24
gimbal_sphere,5.00001,0.1159,18.91955,0.1329,24
gimbal_sphere,5.00001,0.11594,18.93037,0.13293,24
gimbal_sphere,5.00001,0.11581,18.78768,0.13366,24
gimbal_sphere,5.00001,0.11601,18.83833,0.13384,24
gimbal_sphere,5.00001,0.11582,18.79794,0.13376,24
gimbal_sphere,5.00001,0.11573,18.71026,0.13415,24
gimbal_sphere,5.00001,0.11568,18.73624,0.13388,24
gimbal_sphere,5.00001,0.11588,18.79155,0.13398,24
gimbal_sphere,5.00001,0.11804,20.20679,0.12906,24
gimbal_sphere,5.00001,0.11586,18.9749,0.13292,24
gimbal_sphere,5.00001,0.1156,18.74543,0.13398,24
gimbal_sphere,5.00001,0.11821,19.94093,0.13161,24
gimbal_sphere,5.00001,0.11551,18.72473,0.13407,24
gimbal_sphere,5.00001,0.11544,18.62434,0.13472,24
gimbal_sphere,5.00001,0.11738,19.9495,0.12993,24
gimbal_sphere,5.00001,0.11548,18.78126,0.13378,24
gimbal_sphere,5.00001,0.1155,18.78442,0.13381,24
gimbal_sphere,5.00001,0.11579,18.57736,0.13586,24
gimbal_sphere,5.00001,0.11639,18.81084,0.13565,24
gimbal_sphere,5.00001,0.11843,20.28148,0.13025,24
gimbal_sphere,5.00001,0.11547,18.65775,0.13483,24
gimbal_sphere,5.00001,0.11801,20.32111,0.12913,24
gimbal_sphere,4.00001,0.12353,15.33745,0.12058,24
gimbal_sphere,5.00001,0.1153,18.57189,0.13512,24
gimbal_sphere,5.00001,0.11553,18.70004,0.13477,24
gimbal_sphere,5.00001,0.11534,18.65713,0.13467,24
gimbal_sphere,4.00001,0.12346,15.17068,0.12167,24
gimbal_sphere,5.00001,0.11802,20.27328,0.1296,24
gimbal_sphere,5.00001,0.1153,18.60849,0.13507,24
gimbal_sphere,5.00001,0.11805,20.29643,0.12984,24
gimbal_sphere,5.00001,0.11818,20.30047,0.13011,24
gimbal_sphere,5.00001,0.11504,18.49461,0.13556,24
gimbal_sphere,5.00001,0.11878,20.5556,0.12973,24
gimbal_sphere,5.00001,0.11615,18.73544,0.13658,24
gimbal_sphere,5.00001,0.11547,18.677,0.13551,24
gimbal_sphere,5.00001,0.11519,18.67581,0.13495,24
gimbal_sphere,5.00001,0.11503,18.41398,0.13643,24
gimbal_sphere,5.00001,0.11514,18.46311,0.13638,24
gimbal_sphere,5.00001,0.11508,18.57989,0.1355,24
gimbal_sphere,5.00001,0.11836,19.89112,0.13383,24
gimbal_sphere,5.00001,0.11495,18.59003,0.13531,24
gimbal_sphere,5.00001,0.11505,18.45859,0.13655,24
gimbal_sphere,5.00001,0.11497,18.73478,0.13463,24
gimbal_sphere,5.00001,0.11472,18.51858,0.13582,24
gimbal_sphere,5.00001,0.11501,18.56122,0.13643,24
gimbal_sphere,5.00001,0.11491,18.75821,0.13495,24
gimbal_sphere,5.00001,0.11557,18.60108,0.13757,24
gimbal_sphere,4.00001,0.12412,15.3556,0.1239,24
gimbal_sphere,5.00001,0.11782,19.90524,0.13375,24
gimbal_sphere,5.00001,0.11468,18.49393,0.1365,24
gimbal_sphere,5.00001,0.11824,19.59637,0.13683,24
gimbal_sphere,5.00001,0.11899,20.885,0.12974,24
gimbal_sphere,5.00001,0.11471,18.39981,0.13735,24
gimbal_sphere,4.00001,0.12277,15.99996,0.11685,24
gimbal_sphere,5.00001,0.11508,18.96008,0.13447,24
gimbal_sphere,5.00001,0.11458,18.47434,0.13677,24
gimbal_sphere,5.00001,0.11551,18.49792,0.13865,24
gimbal_sphere,5.00001,0.11505,18.71711,0.13638,24
gimbal_sphere,5.00001,0.11453,18.38348,0.13771,24
gimbal_sphere,5.00001,0.11436,18.50272,0.13663,24
gimbal_sphere,5.00001,0.11874,20.22196,0.13455,24
gimbal_sphere,4.00001,0.12443,15.56143,0.12432,24
gimbal_sphere,5.00001,0.11914,21.17785,0.12912,24
gimbal_sphere,4.00001,0.12241,15.02858,0.12442,24
gimbal_sphere,4.00001,0.13196,19.06184,0.11791,24
gimbal_sphere,4.00001,0.12656,16.83468,0.12129,24
gimbal_sphere,4.00001,0.12154,14.81786,0.12461,24
gimbal_sphere,5.00001,0.11412,18.30321,0.13933,24
gimbal_sphere,5.00001,0.11899,20.475,0.13528,24
gimbal_sphere,5.00001,0.11322,18.30742,0.13823,24
gimbal_sphere,5.00001,0.11396,18.27664,0.14011,24
gimbal_sphere,5.00001,0.11506,19.09458,0.13698,24
gimbal_sphere,5.00001,0.11375,18.37313,0.13902,24
gimbal_sphere,5.00001,0.11896,20.83851,0.13385,24
gimbal_sphere,5.00001,0.11367,18.47507,0.13901,24
gimbal_sphere,5.00001,0.11908,20.24184,0.13934,24
gimbal_sphere,5.00001,0.11908,20.24184,0.13934,24
gimbal_sphere,5.00001,0.1133,18.2003,0.14169,24
gimbal_sphere,5.00001,0.11234,18.25182,0.14074,24
gimbal_sphere,5.00001,0.11285,18.50326,0.14024,24
gimbal_sphere,5.00001,0.11204,18.13639,0.1418,24
gimbal_sphere,5.00001,0.1121,18.07566,0.14339,24
gimbal_sphere,5.00001,0.11282,18.14077,0.14474,24
gimbal_sphere,4.00001,0.12059,16.31606,0.12091,24
gimbal_sphere,5.00001,0.11179,18.01421,0.14522,24
gimbal_sphere,4.00001,0.11755,14.67588,0.12664,24
gimbal_sphere,4.00001,0.11733,14.53087,0.12771,24
gimbal_sphere,5.00001,0.11217,18.05596,0.1482,24
gimbal_sphere,5.00001,0.11357,18.13894,0.1526,24
gimbal_sphere,5.00001,0.11061,18.01392,0.14703,24
gimbal_sphere,4.00001,0.11791,14.6749,0.13176,24
gimbal_sphere,5.00001,0.11144,18.00428,0.1506,24
gimbal_sphere,5.00001,0.11016,18.05319,0.14756,24
gimbal_sphere,5.00001,0.10979,17.91403,0.14937,24
gimbal_sphere,5.00001,0.10934,17.88602,0.14871,24
gimbal_sphere,5.00001,0.10947,17.908,0.14888,24
gimbal_sphere,5.00001,0.10963,17.84437,0.14977,24
gimbal_sphere,5.00001,0.10921,17.83736,0.14957,24
gimbal_sphere,5.00001,0.10923,17.75304,0.15024,24
gimbal_sphere,4.00001,0.11816,14.8337,0.13516,24
gimbal_sphere,5.00001,0.10929,18.1129,0.14856,24
gimbal_sphere,5.00001,0.10966,17.65525,0.15252,24
gimbal_sphere,5.00001,0.10988,17.97787,0.15115,24
gimbal_sphere,5.00001,0.10842,17.64575,0.1506,24
gimbal_sphere,5.00001,0.11065,17.76074,0.15513,24
gimbal_sphere,5.00001,0.1088,17.58872,0.15225,24
gimbal_sphere,5.00001,0.10935,18.34923,0.14839,24
gimbal_sphere,5.00001,0.1088,17.86034,0.15099,24
gimbal_sphere,5.00001,0.10838,17.51188,0.15306,24
gimbal_sphere,5.00001,0.10785,17.56477,0.1529,24
gimbal_sphere,5.00001,0.10984,18.38631,0.15171,24
gimbal_sphere,4.00001,0.11484,14.44388,0.13555,24
gimbal_sphere,5.00001,0.10931,18.63855,0.15027,24
gimbal_sphere,5.00001,0.10682,17.3446,0.15391,24
gimbal_sphere,5.00001,0.10682,17.56162,0.15383,24
gimbal_sphere,5.00001,0.10729,17.48673,0.15651,24
gimbal_sphere,4.00001,0.11461,14.1087,0.14103,24
gimbal_sphere,4.00001,0.11498,14.41658,0.1403,24
gimbal_sphere,5.00001,0.10683,17.46846,0.15636,24
gimbal_sphere,5.00001,0.10916,17.55203,0.16118,24
gimbal_sphere,6.00002,0.09876,19.29376,0.18224,24
gimbal_sphere,6.00002,0.09876,19.37765,0.18212,24
gimbal_sphere,6.00002,0.09908,19.612,0.18144,24
gimbal_sphere,6.00002,0.09883,19.43742,0.18211,24
gimbal_sphere,6.00002,0.09901,19.59054,0.18148,24
gimbal_sphere,6.00002,0.09893,19.51914,0.18179,24
gimbal_sphere,6.00002,0.09883,19.44971,0.18207,24
gimbal_sphere,6.00002,0.0989,19.49245,0.18194,24
gimbal_sphere,6.00002,0.09894,19.5152,0.1819,24
gimbal_sphere,6.00002,0.09886,19.33152,0.18309,24
gimbal_sphere,6.00002,0.09906,19.52084,0.18228,24
gimbal_sphere,6.00002,0.09887,19.43839,0.18246,24
gimbal_sphere,6.00002,0.09888,19.56951,0.18166,24
gimbal_sphere,6.00002,0.09898,19.5006,0.1824,24
gimbal_sphere,6.00002,0.09879,19.47684,0.18215,24
gimbal_sphere,6.00002,0.09916,19.70276,0.18151,24
gimbal_sphere,6.00002,0.09883,19.43206,0.18273,24
gimbal_sphere,6.00002,0.09875,19.36536,0.18305,24
gimbal_sphere,6.00002,0.09889,19.44481,0.18286,24
gimbal_sphere,6.00002,0.09874,19.40743,0.18282,24
gimbal_sphere,6.00002,0.09847,19.28524,0.18309,24
gimbal_sphere,6.00002,0.09895,19.58589,0.1822,24
gimbal_sphere,6.00002,0.09899,19.41151,0.18348,24
gimbal_sphere,6.00002,0.09909,19.73656,0.18152,24
gimbal_sphere,6.00002,0.09869,19.26613,0.18394,24
gimbal_sphere,6.00002,0.09867,19.51751,0.18239,24
gimbal_sphere,6.00002,0.09877,19.37743,0.18366,24
gimbal_sphere,6.00002,0.09873,19.40472,0.18341,24
gimbal_sphere,6.00002,0.09903,19.59226,0.18286,24
gimbal_sphere,6.00002,0.09914,19.77651,0.18187,24
gimbal_sphere,6.00002,0.09822,19.23993,0.18356,24
gimbal_sphere,5.00001,0.1075,17.52576,0.16099,24
gimbal_sphere,6.00002,0.09859,19.16209,0.18496,24
gimbal_sphere,6.00002,0.09912,19.62847,0.18302,24
gimbal_sphere,6.00002,0.09863,19.43199,0.18346,24
gimbal_sphere,6.00002,0.09812,19.08103,0.18482,24
gimbal_sphere,6.00002,0.09903,19.45508,0.18427,24
gimbal_sphere,6.00002,0.09883,19.4785,0.18372,24
gimbal_sphere,6.00002,0.09841,19.39247,0.18347,24
gimbal_sphere,6.00002,0.09929,19.90583,0.18193,24
gimbal_sphere,6.00002,0.09812,19.22544,0.18399,24
gimbal_sphere,6.00002,0.09927,19.90872,0.1819,24
gimbal_sphere,6.00002,0.09923,19.78412,0.18272,24
gimbal_sphere,6.00002,0.09863,19.55376,0.18314,24
gimbal_sphere,5.00001,0.10596,17.1991,0.16064,24
gimbal_sphere,6.00002,0.0987,19.40833,0.18436,24
gimbal_sphere,6.00002,0.09846,19.1509,0.18566,24
gimbal_sphere,6.00002,0.09823,19.26352,0.1844,24
gimbal_sphere,6.00002,0.09963,20.0037,0.18248,24
gimbal_sphere,6.00002,0.09831,19.34505,0.18416,24
gimbal_sphere,6.00002,0.099,19.85124,0.18236,24
gimbal_sphere,6.00002,0.10053,20.91959,0.17845,24
gimbal_sphere,6.00002,0.10037,20.85699,0.17855,24
gimbal_sphere,6.00002,0.09888,19.34273,0.18565,24
gimbal_sphere,6.00002,0.09841,19.33007,0.18486,24
gimbal_sphere,6.00002,0.09927,20.04105,0.1819,24
gimbal_sphere,6.00002,0.09887,19.48564,0.1849,24
gimbal_sphere,6.00002,0.09816,19.31196,0.18454,24
gimbal_sphere,6.00002,0.09849,19.26043,0.1857,24
gimbal_sphere,6.00002,0.09835,19.20323,0.18589,24
gimbal_sphere,6.00002,0.09883,19.2897,0.1864,24
gimbal_sphere,6.00002,0.09816,19.33671,0.18473,24
gimbal_sphere,6.00002,0.09917,19.61717,0.1851,24
gimbal_sphere,6.00002,0.09854,19.4426,0.18496,24
gimbal_sphere,6.00002,0.09827,19.39513,0.18477,24
gimbal_sphere,6.00002,0.09873,19.5571,0.1848,24
gimbal_sphere,6.00002,0.09795,19.05314,0.18663,24
gimbal_sphere,6.00002,0.09771,19.01803,0.18637,24
gimbal_sphere,6.00002,0.09857,19.6686,0.18389,24
gimbal_sphere,6.00002,0.09852,19.54171,0.18469,24
gimbal_sphere,6.00002,0.09805,19.01818,0.18724,24
gimbal_sphere,5.00001,0.10683,17.39073,0.16319,24
gimbal_sphere,6.00002,0.09804,19.30503,0.18559,24
gimbal_sphere,6.00002,0.09942,20.19195,0.18266,24
gimbal_sphere,4.00001,0.11107,14.16154,0.14004,24
gimbal_sphere,5.00001,0.10499,17.25522,0.16029,24
gimbal_sphere,6.00002,0.09768,19.00602,0.18711,24
gimbal_sphere,6.00002,0.09916,19.86864,0.18461,24
gimbal_sphere,6.00002,0.09826,19.07074,0.18831,24
gimbal_sphere,6.00002,0.10032,20.74298,0.1815,24
gimbal_sphere,6.00002,0.09907,19.71157,0.18585,24
gimbal_sphere,6.00002,0.09861,19.51224,0.18625,24
gimbal_sphere,6.00002,0.09766,19.10699,0.18698,24
gimbal_sphere,6.00002,0.10027,20.17802,0.18572,24
gimbal_sphere,6.00002,0.09811,19.27571,0.18729,24
gimbal_sphere,6.00002,0.09714,18.94123,0.18799,24
gimbal_sphere,6.00002,0.09854,19.30165,0.18872,24
gimbal_sphere,5.00001,0.10423,16.98245,0.16238,24
gimbal_sphere,6.00002,0.099,19.58254,0.18788,24
gimbal_sphere,6.00002,0.09975,19.96132,0.187,24
gimbal_sphere,6.00002,0.09765,18.94573,0.18936,24
gimbal_sphere,6.00002,0.09696,18.74799,0.18927,24
gimbal_sphere,5.00001,0.10699,17.39317,0.16598,24
gimbal_sphere,5.00001,0.10534,17.33042,0.16278,24
gimbal_sphere,5.00001,0.10467,17.02724,0.16377,24
gimbal_sphere,6.00002,0.0967,18.90628,0.18817,24
gimbal_sphere,6.00002,0.09956,20.22549,0.18555,24
gimbal_sphere,6.00002,0.0986,19.62414,0.18759,24
gimbal_sphere,6.00002,0.09895,19.5197,0.18926,24
gimbal_sphere,6.00002,0.09803,19.17859,0.18967,24
gimbal_sphere,6.00002,0.09671,18.85006,0.18911,24
gimbal_sphere,6.00002,0.0996,19.64704,0.19005,24
gimbal_sphere,6.00002,0.09713,18.88187,0.1899,24
gimbal_sphere,6.00002,0.09832,19.91486,0.18577,24
gimbal_sphere,6.00002,0.09678,18.72192,0.1907,24
gimbal_sphere,6.00002,0.09873,19.1565,0.19218,24
gimbal_sphere,5.00001,0.10525,17.01319,0.16647,24
gimbal_sphere,6.00002,0.09932,19.46898,0.19144,24
gimbal_sphere,6.00002,0.09651,18.60597,0.19116,24
gimbal_sphere,6.00002,0.09864,19.30807,0.19114,24
gimbal_sphere,6.00002,0.0979,19.17252,0.19071,24
gimbal_sphere,6.00002,0.09696,18.89081,0.19079,24
gimbal_sphere,6.00002,0.09901,19.89365,0.18856,24
gimbal_sphere,5.00001,0.10471,16.95607,0.16669,24
gimbal_sphere,5.00001,0.10433,17.17446,0.16448,24
gimbal_sphere,6.00002,0.09675,18.67761,0.19257,24
gimbal_sphere,6.00002,0.09731,19.05315,0.19195,24
gimbal_sphere,6.00002,0.09851,19.97544,0.18847,24
gimbal_sphere,6.00002,0.09649,18.65536,0.19345,24
gimbal_sphere,6.00002,0.09779,19.28225,0.1923,24
gimbal_sphere,4.00001,0.11221,13.95922,0.15093,24
gimbal_sphere,6.00002,0.09888,20.19118,0.18872,24
gimbal_sphere,6.00002,0.09694,18.85866,0.19402,24
gimbal_sphere,6.00002,0.09773,19.11662,0.19418,24
gimbal_sphere,6.00002,0.09773,19.11662,0.19418,24
gimbal_sphere,6.00002,0.09648,19.00413,0.19223,24
gimbal_sphere,5.00001,0.10427,17.02326,0.16831,24
gimbal_sphere,6.00002,0.0983,19.0821,0.19589,24
gimbal_sphere,6.00002,0.0983,19.0821,0.19589,24
gimbal_sphere,6.00002,0.09781,18.9621,0.19562,24
gimbal_sphere,6.00002,0.09781,18.9621,0.19562,24
gimbal_sphere,6.00002,0.09658,18.83816,0.19382,24
gimbal_sphere,6.00002,0.09808,18.86686,0.19699,24
gimbal_sphere,6.00002,0.09505,17.92995,0.19681,24
gimbal_sphere,6.00002,0.09512,18.01719,0.19639,24
gimbal_sphere,6.00002,0.09542,18.34348,0.19505,24
gimbal_sphere,6.00002,0.09542,18.34348,0.19505,24
gimbal_sphere,6.00002,0.09629,18.97285,0.19287,24
gimbal_sphere,6.00002,0.09888,20.83894,0.18595,24
gimbal_sphere,6.00002,0.09661,19.01034,0.19345,24
gimbal_sphere,6.00002,0.09644,19.00292,0.19325,24
gimbal_sphere,6.00002,0.09712,18.82465,0.19695,24
gimbal_sphere,4.00001,0.10992,13.82069,0.15049,24
gimbal_sphere,6.00002,0.09647,18.91114,0.19577,24
gimbal_sphere,5.00001,0.10414,16.73748,0.17385,24
gimbal_sphere,6.00002,0.09569,18.47313,0.19828,24
gimbal_sphere,6.00002,0.09515,18.57924,0.19638,24
gimbal_sphere,6.00002,0.09633,18.46744,0.19997,24
gimbal_sphere,6.00002,0.0956,18.73812,0.19658,24
gimbal_sphere,6.00002,0.0956,18.73812,0.19658,24
gimbal_sphere,6.00002,0.09503,18.29938,0.1984,24
gimbal_sphere,4.00001,0.10992,14.33534,0.14895,24
gimbal_sphere,6.00002,0.09513,18.24569,0.19966,24
gimbal_sphere,6.00002,0.09547,18.60717,0.19793,24
gimbal_sphere,6.00002,0.09659,18.85761,0.19874,24
gimbal_sphere,5.00001,0.10284,16.59168,0.17339,24
gimbal_sphere,6.00002,0.09663,19.08021,0.19752,24
gimbal_sphere,4.00001,0.1077,13.84047,0.14822,24
gimbal_sphere,6.00002,0.09672,19.49883,0.19514,24
gimbal_sphere,5.00001,0.10265,16.86703,0.17144,24
gimbal_sphere,4.00001,0.11035,13.54097,0.15644,24
gimbal_sphere,5.00001,0.10336,16.6901,0.1748,24
gimbal_sphere,5.00001,0.10336,16.6901,0.1748,24
gimbal_sphere,5.00001,0.1012,16.67039,0.17067,24
gimbal_sphere,5.00001,0.10174,16.62356,0.17303,24
gimbal_sphere,4.00001,0.10727,13.68766,0.15185,24
gimbal_sphere,5.00001,0.10153,17.15745,0.17033,24
gimbal_sphere,5.00001,0.10141,16.84631,0.17269,24
gimbal_sphere,6.00002,0.09529,18.98502,0.19953,24
gimbal_sphere,5.00001,0.10274,16.89422,0.17579,24
gimbal_sphere,6.00002,0.09554,19.46108,0.19947,24
gimbal_sphere,4.00001,0.10632,13.70979,0.15347,24
gimbal_sphere,5.00001,0.10293,16.38949,0.18283,24
gimbal_sphere,5.00001,0.10293,16.38949,0.18283,24
gimbal_sphere,5.00001,0.10258,17.45332,0.17504,24
gimbal_sphere,4.00001,0.10557,13.24718,0.15599,24
gimbal_sphere,4.00001,0.1089,13.52612,0.16232,24
gimbal_sphere,5.00001,0.10129,16.54487,0.18058,24
gimbal_sphere,4.0,0.1077,13.4965,0.16332,24
gimbal_sphere,5.00001,0.09937,16.41233,0.18084,24
gimbal_sphere,5.00001,0.09954,16.31345,0.18281,24
gimbal_sphere,5.00001,0.09781,15.71713,0.18443,24
gimbal_sphere,4.00001,0.10327,13.40786,0.15832,24
gimbal_sphere,5.00001,0.1016,16.04042,0.19292,24
gimbal_sphere,4.00001,0.10425,12.80596,0.16642,24
gimbal_sphere,5.00001,0.09898,16.07735,0.18802,24
gimbal_sphere,5.00001,0.10086,16.55188,0.19111,24
gimbal_sphere,5.00001,0.09995,16.26173,0.19148,24
gimbal_sphere,5.00001,0.09597,15.30043,0.19153,24
gimbal_sphere,5.00001,0.09597,15.30043,0.19153,24
gimbal_sphere,4.00001,0.1043,14.26121,0.16349,24
gimbal_sphere,4.00001,0.10395,13.56713,0.168,24
gimbal_sphere,5.00001,0.099,15.55373,0.19925,24
gimbal_sphere,5.00001,0.099,15.55373,0.19925,24
gimbal_sphere,4.00001,0.10093,13.07078,0.16652,22
gimbal_sphere,5.00001,0.09784,15.93348,0.19607,24
gimbal_sphere,5.00001,0.09784,15.93348,0.19607,24
gimbal_sphere,5.00001,0.09448,15.04169,0.19562,24
gimbal_sphere,5.00001,0.09448,15.04169,0.19562,24
gimbal_sphere,4.00001,0.10122,13.21496,0.16909,22
gimbal_sphere,4.00001,0.10171,13.17617,0.17055,22
gimbal_sphere,5.00001,0.09494,15.35168,0.19945,24
gimbal_sphere,4.00001,0.10064,13.26644,0.17249,22
gimbal_sphere,4.00001,0.09996,12.89625,0.1738,24
gimbal_sphere,4.00001,0.0995,13.05102,0.17181,22
gimbal_sphere,4.00001,0.10204,12.78346,0.17992,24
gimbal_sphere,4.00001,0.09972,13.03564,0.17343,22
gimbal_sphere,5.00001,0.09512,16.44879,0.19537,24
gimbal_sphere,4.00001,0.09908,12.98718,0.17516,22
gimbal_sphere,4.00001,0.09962,13.26206,0.17459,24
gimbal_sphere,4.00001,0.09738,12.12787,0.18147,24
gimbal_sphere,4.00001,0.09835,13.18761,0.17723,24
gimbal_sphere,4.00001,0.0969,12.89059,0.18003,22
gimbal_sphere,4.00001,0.09964,13.51785,0.18235,24
gimbal_sphere,4.00001,0.09769,12.42838,0.18657,22
gimbal_sphere,4.00001,0.09656,12.55851,0.18393,22
gimbal_sphere,4.00001,0.09741,12.69824,0.18689,24
gimbal_sphere,4.00001,0.09801,12.41347,0.19031,24
gimbal_sphere,4.00001,0.09711,12.16512,0.1917,24
gimbal_sphere,4.00001,0.09639,13.16657,0.1854,22
gimbal_sphere,4.00001,0.09515,12.97595,0.18777,22
gimbal_sphere,4.00001,0.09706,12.33952,0.19742,24
gimbal_radial,5.00001,0.11738,29.39148,0.14762,24
gimbal_radial,5.00001,0.11881,30.317,0.14423,24
gimbal_radial,5.00001,0.11889,30.60789,0.14293,24
gimbal_radial,5.00001,0.11834,30.38452,0.1437,24
gimbal_radial,5.00001,0.11552,28.87541,0.14922,24
gimbal_radial,5.00001,0.11704,29.62218,0.14684,24
gimbal_radial,5.00001,0.11897,30.86542,0.142,24
gimbal_radial,5.00001,0.11816,29.90037,0.14714,24
gimbal_radial,5.00001,0.11848,30.83218,0.1418,24
gimbal_radial,5.00001,0.11959,31.00878,0.14249,24
gimbal_radial,5.00001,0.11568,29.758,0.14437,24
gimbal_radial,5.00001,0.11865,30.8137,0.14226,24
gimbal_radial,5.00001,0.1194,31.13898,0.14135,24
gimbal_radial,5.00001,0.11813,30.51283,0.14343,24
gimbal_radial,5.00001,0.11934,31.06532,0.14176,24
gimbal_radial,5.00001,0.11607,29.62152,0.14598,24
gimbal_radial,5.00001,0.11853,30.80037,0.14223,24
gimbal_radial,5.00001,0.11946,30.45189,0.14612,24
gimbal_radial,5.00001,0.11582,29.58046,0.14597,24
gimbal_radial,5.00001,0.1183,30.1832,0.14614,24
gimbal_radial,5.00001,0.11801,30.64181,0.14271,24
gimbal_radial,5.00001,0.11532,29.52874,0.14578,24
gimbal_radial,5.00001,0.11485,28.98545,0.14871,24
gimbal_radial,5.00001,0.1149,29.33335,0.14647,24
gimbal_radial,5.00001,0.11882,31.06156,0.14148,24
gimbal_radial,5.00001,0.11816,30.67656,0.14299,24
gimbal_radial,5.00001,0.11562,29.72988,0.14517,24
gimbal_radial,5.00001,0.11704,30.26283,0.14413,24
gimbal_radial,5.00001,0.11532,29.62642,0.14553,24
gimbal_radial,5.00001,0.11757,30.44983,0.14394,24
gimbal_radial,5.00001,0.11414,28.84312,0.1491,24
gimbal_radial,5.00001,0.11535,29.57516,0.14623,24
gimbal_radial,5.00001,0.11471,29.93088,0.14308,24
gimbal_radial,5.00001,0.11764,30.77195,0.14242,24
gimbal_radial,5.00001,0.11664,30.03615,0.14568,24
gimbal_radial,5.00001,0.11722,30.6076,0.143,24
gimbal_radial,5.00001,0.11441,29.36101,0.14666,24
gimbal_radial,5.00001,0.11646,29.56136,0.14875,24
gimbal_radial,5.00001,0.11317,28.43635,0.15083,24
gimbal_radial,5.00001,0.11702,29.128,0.15263,24
gimbal_radial,5.00001,0.11618,29.40049,0.14942,24
gimbal_radial,5.00001,0.11574,28.89024,0.15214,24
gimbal_radial,5.00001,0.1145,29.55101,0.14568,24
gimbal_radial,5.00001,0.11644,30.23669,0.14438,24
gimbal_radial,5.00001,0.11666,30.52217,0.14286,24
gimbal_radial,5.00001,0.11441,29.27018,0.14763,24
gimbal_radial,5.00001,0.11743,30.34725,0.14551,24
gimbal_radial,5.00001,0.11559,29.57379,0.14763,24
gimbal_radial,5.00001,0.11388,29.34647,0.14639,24
gimbal_radial,5.00001,0.11397,29.20309,0.14752,24
gimbal_radial,5.00001,0.11655,30.18493,0.14532,24
gimbal_radial,5.00001,0.11519,30.10252,0.14361,24
gimbal_radial,5.00001,0.11698,30.72845,0.14247,24
gimbal_radial,5.00001,0.11573,29.9115,0.14587,24
gimbal_radial,5.00001,0.11641,28.9312,0.15359,24
gimbal_radial,5.00001,0.11329,29.00541,0.14791,24
gimbal_radial,5.00001,0.11675,30.45496,0.14405,24
gimbal_radial,5.00001,0.11365,29.30906,0.1467,24
gimbal_radial,5.00001,0.11552,30.22964,0.14369,24
gimbal_radial,5.00001,0.1169,30.02907,0.14743,24
gimbal_radial,5.00001,0.11364,29.55145,0.14521,24
gimbal_radial,5.00001,0.11419,29.54832,0.14624,24
gimbal_radial,5.00001,0.1185,30.84875,0.14496,24
gimbal_radial,5.00001,0.11381,29.28798,0.1476,24
gimbal_radial,5.00001,0.11515,30.10481,0.14449,24
gimbal_radial,5.00001,0.11288,28.39982,0.15212,24
gimbal_radial,5.00001,0.11523,30.39363,0.14277,24
gimbal_radial,5.00001,0.11219,28.50342,0.15039,24
gimbal_radial,5.00001,0.11783,31.31113,0.14105,24
gimbal_radial,5.00001,0.11248,28.81503,0.14882,24
gimbal_radial,5.00001,0.11284,29.08513,0.14765,24
gimbal_radial,5.00001,0.11323,28.71064,0.1508,24
gimbal_radial,5.00001,0.11277,28.84006,0.14923,24
gimbal_radial,5.00001,0.11306,28.19542,0.1541,24
gimbal_radial,5.00001,0.11829,31.30062,0.14207,24
gimbal_radial,5.00001,0.11372,29.15068,0.14885,24
gimbal_radial,5.00001,0.11355,28.81014,0.15094,24
gimbal_radial,5.00001,0.11757,31.16182,0.14194,24
gimbal_radial,5.00001,0.11262,28.87365,0.14904,24
gimbal_radial,5.00001,0.11227,28.88968,0.14836,24
gimbal_radial,5.00001,0.11191,28.21329,0.15229,24
gimbal_radial,5.00001,0.11246,28.87883,0.14883,24
gimbal_radial,5.00001,0.11227,28.48462,0.15131,24
gimbal_radial,5.00001,0.11437,29.90841,0.14533,24
gimbal_radial,5.00001,0.11247,28.77679,0.14975,24
gimbal_radial,5.00001,0.11309,29.55487,0.1456,24
gimbal_radial,5.00001,0.11268,28.88428,0.14943,24
gimbal_radial,5.00001,0.11316,29.39476,0.14691,24
gimbal_radial,5.00001,0.11685,29.74764,0.15075,24
gimbal_radial,5.00001,0.11857,31.723,0.14068,24
gimbal_radial,5.00001,0.11152,28.03327,0.15363,24
gimbal_radial,5.00001,0.11733,31.20776,0.1424,24
gimbal_radial,5.00001,0.1122,28.38723,0.15279,24
gimbal_radial,5.00001,0.11411,28.5824,0.15471,24
gimbal_radial,5.00001,0.11384,28.54184,0.15471,24
gimbal_radial,5.00001,0.11692,30.74385,0.14521,24
gimbal_radial,5.00001,0.11887,30.59223,0.14963,24
gimbal_radial,5.00001,0.11726,30.93917,0.14468,24
gimbal_radial,5.00001,0.11405,30.40692,0.14292,24
gimbal_radial,5.00001,0.1109,28.20664,0.15244,24
gimbal_radial,5.00001,0.11167,28.20469,0.15376,24
gimbal_radial,5.00001,0.11168,28.86158,0.14947,24
gimbal_radial,5.00001,0.11546,30.67898,0.14395,24
gimbal_radial,5.00001,0.11079,28.16081,0.153,24
gimbal_radial,5.00001,0.112,28.34888,0.15393,24
gimbal_radial,5.00001,0.11128,27.88604,0.15584,24
gimbal_radial,5.00001,0.11128,27.84425,0.15632,24
gimbal_radial,5.00001,0.11396,28.80308,0.15447,24
gimbal_radial,5.00001,0.11406,28.49593,0.15723,24
gimbal_radial,5.00001,0.11567,30.23096,0.14852,24
gimbal_radial,5.00001,0.11014,27.94876,0.15471,24
gimbal_radial,5.00001,0.10964,28.07231,0.15307,24
gimbal_radial,5.00001,0.11016,27.57191,0.1574,24
gimbal_radial,5.00001,0.11054,28.14261,0.15426,24
gimbal_radial,4.00001,0.15342,30.94037,0.10046,24
gimbal_radial,5.00001,0.1102,28.31211,0.15287,24
gimbal_radial,5.00001,0.11006,28.50106,0.15139,24
gimbal_radial,5.00001,0.11033,27.88124,0.15614,24
gimbal_radial,5.00001,0.10932,27.09975,0.16006,24
gimbal_radial,5.00001,0.11725,31.82545,0.14183,24
gimbal_radial,5.00001,0.11239,28.71456,0.1547,24
gimbal_radial,5.00001,0.11616,31.55421,0.14229,24
gimbal_radial,5.00001,0.1111,27.55804,0.16059,24
gimbal_radial,5.00001,0.10987,28.14705,0.15468,24
gimbal_radial,5.00001,0.11241,27.67357,0.16213,24
gimbal_radial,5.00001,0.10885,27.87859,0.15507,24
gimbal_radial,5.00001,0.10976,28.07653,0.15536,24
gimbal_radial,5.00001,0.10934,27.61939,0.15783,24
gimbal_radial,5.00001,0.10966,28.60672,0.15188,24
gimbal_radial,5.00001,0.10862,27.78006,0.15573,24
gimbal_radial,4.00001,0.15039,30.40773,0.10114,24
gimbal_radial,5.00001,0.10905,27.53405,0.15838,24
gimbal_radial,5.00001,0.10964,27.4972,0.15978,24
gimbal_radial,5.00001,0.10916,27.85117,0.15671,24
gimbal_radial,4.00001,0.15213,31.20327,0.09923,24
gimbal_radial,5.00001,0.11082,27.16981,0.16409,24
gimbal_radial,5.00001,0.10805,27.93916,0.15446,24
gimbal_radial,5.00001,0.10859,27.71375,0.15698,24
gimbal_radial,5.00001,0.11145,27.80305,0.16155,24
gimbal_radial,4.00001,0.15264,32.08199,0.09485,24
gimbal_radial,5.00001,0.10698,27.11665,0.15886,24
gimbal_radial,5.00001,0.10751,26.95132,0.16096,24
gimbal_radial,5.00001,0.10772,27.26744,0.15922,24
gimbal_radial,4.00001,0.15027,31.17929,0.09726,24
gimbal_radial,5.00001,0.10992,27.44596,0.16181,24
gimbal_radial,5.00001,0.10963,27.5335,0.16083,24
gimbal_radial,4.00001,0.14872,30.37901,0.10021,24
gimbal_radial,5.00001,0.10698,27.22565,0.15857,24
gimbal_radial,5.00001,0.10943,27.55504,0.16071,24
gimbal_radial,5.00001,0.10784,27.54444,0.15815,24
gimbal_radial,4.00001,0.14829,30.36305,0.09997,24
gimbal_radial,4.00001,0.14941,30.80309,0.09891,24
gimbal_radial,4.00001,0.14603,29.59375,0.10158,24
gimbal_radial,5.00001,0.1067,26.94032,0.16062,24
gimbal_radial,5.00001,0.10797,27.21947,0.16089,24
gimbal_radial,4.00001,0.14776,30.50567,0.09872,24
gimbal_radial,4.00001,0.15213,32.20251,0.09477,24
gimbal_radial,5.00001,0.10687,27.49047,0.15764,24
gimbal_radial,4.00001,0.14483,28.68255,0.1065,24
gimbal_radial,4.00001,0.14724,29.86775,0.10265,24
gimbal_radial,4.00001,0.15034,31.47033,0.09713,24
gimbal_radial,4.00001,0.14902,30.93504,0.09856,24
gimbal_radial,4.00001,0.14905,31.12833,0.09736,24
gimbal_radial,5.00001,0.10634,27.58605,0.15669,24
gimbal_radial,5.00001,0.10831,27.23084,0.16255,24
gimbal_radial,5.00001,0.10723,27.41413,0.15957,24
gimbal_radial,5.00001,0.10809,28.34631,0.15484,24
gimbal_radial,4.00001,0.14617,29.78845,0.10205,24
gimbal_radial,4.00001,0.14942,31.40521,0.09666,24
gimbal_radial,4.00001,0.14921,31.37122,0.09654,24
gimbal_radial,4.00001,0.14908,30.37272,0.10302,24
gimbal_radial,4.00001,0.15249,32.40171,0.09515,24
gimbal_radial,5.00001,0.10871,26.87177,0.1659,24
gimbal_radial,4.00001,0.14826,30.82588,0.09886,24
gimbal_radial,5.00001,0.11084,27.5117,0.16543,24
gimbal_radial,4.00001,0.15031,31.88267,0.09549,24
gimbal_radial,5.00001,0.10649,26.50327,0.1652,24
gimbal_radial,5.00001,0.11086,28.4789,0.15941,24
gimbal_radial,4.00001,0.15136,32.42268,0.09394,24
gimbal_radial,4.00001,0.15019,31.82173,0.09602,24
gimbal_radial,4.00001,0.14759,30.87964,0.0981,24
gimbal_radial,4.00001,0.14633,30.44515,0.09892,24
gimbal_radial,4.00001,0.14771,31.04924,0.09725,24
gimbal_radial,4.00001,0.14826,31.21944,0.09719,24
gimbal_radial,4.00001,0.14698,30.8788,0.09734,24
gimbal_radial,4.00001,0.14626,29.74837,0.10387,24
gimbal_radial,4.00001,0.1464,30.04161,0.10235,24
gimbal_radial,4.00001,0.14581,30.47526,0.09856,24
gimbal_radial,4.00001,0.14697,30.81695,0.09844,24
gimbal_radial,4.00001,0.14712,30.86971,0.09847,24
gimbal_radial,4.00001,0.14742,30.81878,0.09934,24
gimbal_radial,5.00001,0.11026,29.02703,0.15618,24
gimbal_radial,4.00001,0.15056,32.36094,0.09452,24
gimbal_radial,4.00001,0.14591,30.4315,0.09968,24
gimbal_radial,5.00001,0.11113,30.04941,0.15108,24
gimbal_radial,5.00001,0.10987,28.85486,0.15706,24
gimbal_radial,4.00001,0.14873,31.79336,0.09551,24
gimbal_radial,4.00001,0.14923,31.87157,0.09586,24
gimbal_radial,4.00001,0.14954,29.88599,0.10965,24
gimbal_radial,4.00001,0.14593,30.17161,0.10182,24
gimbal_radial,4.00001,0.14272,28.75147,0.10603,24
gimbal_radial,4.00001,0.14758,31.54019,0.09558,24
gimbal_radial,5.00001,0.10641,26.90261,0.16473,24
gimbal_radial,4.00001,0.14766,31.43529,0.09653,24
gimbal_radial,5.00001,0.10394,26.17697,0.16558,24
gimbal_radial,5.00001,0.10478,26.20512,0.16679,24
gimbal_radial,4.00001,0.14569,30.70794,0.09815,24
gimbal_radial,5.00001,0.10591,27.43953,0.1605,24
gimbal_radial,4.00001,0.14553,30.84793,0.097,24
gimbal_radial,5.00001,0.10845,26.57856,0.17053,24
gimbal_radial,4.00001,0.14827,31.8498,0.09497,24
gimbal_radial,4.00001,0.14488,30.24498,0.10007,24
gimbal_radial,4.00001,0.14466,28.61421,0.11059,24
gimbal_radial,4.00001,0.14527,30.67482,0.09791,24
gimbal_radial,4.00001,0.14842,31.72485,0.09617,24
gimbal_radial,4.00001,0.14648,31.20682,0.09651,24
gimbal_radial,4.00001,0.1448,30.61377,0.09768,24
gimbal_radial,4.00001,0.14686,31.2481,0.0969,24
gimbal_radial,4.00001,0.14279,28.08292,0.11147,24
gimbal_radial,4.00001,0.14484,30.12979,0.1013,24
gimbal_radial,4.00001,0.14032,28.07314,0.10763,24
gimbal_radial,4.00001,0.14951,32.3034,0.09473,24
gimbal_radial,4.00001,0.15044,32.59798,0.09434,24
gimbal_radial,4.00001,0.14479,30.78751,0.09706,24
gimbal_radial,4.00001,0.14759,31.62579,0.09612,24
gimbal_radial,4.00001,0.14635,31.19112,0.09697,24
gimbal_radial,4.00001,0.14035,28.62419,0.10418,24
gimbal_radial,4.00001,0.14726,31.58026,0.096,24
gimbal_radial,4.00001,0.14855,32.02702,0.09516,24
gimbal_radial,4.00001,0.14648,31.27529,0.09679,24
gimbal_radial,4.00001,0.14141,28.61459,0.1062,24
gimbal_radial,5.00001,0.10609,26.63764,0.16737,24
gimbal_radial,5.00001,0.10569,26.14607,0.17,24
gimbal_radial,4.00001,0.14648,31.42339,0.09612,24
gimbal_radial,4.00001,0.14845,32.1595,0.09452,24
gimbal_radial,5.00001,0.10487,27.11313,0.1624,24
gimbal_radial,4.00001,0.14462,29.55071,0.10564,24
gimbal_radial,4.00001,0.14822,32.14272,0.09434,24
gimbal_radial,4.00001,0.14527,31.06769,0.09661,24
gimbal_radial,4.00001,0.14581,31.41061,0.09534,24
gimbal_radial,4.00001,0.14248,29.2266,0.10444,24
gimbal_radial,4.00001,0.1474,31.75894,0.09577,24
gimbal_radial,4.00001,0.14514,31.14488,0.09619,24
gimbal_radial,5.00001,0.1069,26.45606,0.17059,24
gimbal_radial,4.00001,0.14846,32.33126,0.09387,24
gimbal_radial,5.00001,0.10497,26.8033,0.16518,24
gimbal_radial,4.00001,0.14661,31.74462,0.09489,24
gimbal_radial,4.00001,0.14104,29.1957,0.10265,24
gimbal_radial,4.00001,0.14572,31.32078,0.09625,24
gimbal_radial,4.00001,0.14532,31.35729,0.09543,24
gimbal_radial,4.00001,0.14671,31.53684,0.09656,24
gimbal_radial,4.00001,0.14326,30.11967,0.10037,24
gimbal_radial,4.00001,0.15034,32.85089,0.09394,24
gimbal_radial,4.00001,0.13839,28.19466,0.10519,24
gimbal_radial,4.00001,0.14563,31.30835,0.09646,24
gimbal_radial,4.00001,0.14987,32.66295,0.09447,24
gimbal_radial,4.00001,0.14593,31.53864,0.09544,24
gimbal_radial,5.00001,0.10334,26.53235,0.16473,24
gimbal_radial,4.00001,0.14997,32.62212,0.09498,24
gimbal_radial,5.00001,0.1065,26.52213,0.17013,24
gimbal_radial,4.00001,0.14436,30.97719,0.09686,24
gimbal_radial,4.00001,0.15031,32.06248,0.09958,24
gimbal_radial,4.00001,0.14715,32.06812,0.09435,24
gimbal_radial,4.00001,0.13932,28.70518,0.10386,24
gimbal_radial,4.00001,0.15059,32.90119,0.09459,24
gimbal_radial,4.00001,0.14295,29.934,0.10173,24
gimbal_radial,4.00001,0.139,27.5659,0.11098,24
gimbal_radial,4.00001,0.14901,32.40084,0.09535,24
gimbal_radial,4.00001,0.14936,32.64097,0.09437,24
gimbal_radial,4.00001,0.14411,31.0217,0.0966,24
gimbal_radial,4.00001,0.14683,31.87063,0.09549,24
gimbal_radial,4.00001,0.14435,31.12538,0.09637,24
gimbal_radial,4.00001,0.13942,28.2591,0.10735,24
gimbal_radial,4.00001,0.14169,29.10357,0.10548,24
gimbal_radial,4.00001,0.14576,31.65656,0.09521,24
gimbal_radial,4.00001,0.1454,31.3493,0.09677,24
gimbal_radial,4.00001,0.14638,31.72743,0.09589,24
gimbal_radial,4.00001,0.14685,32.1242,0.09406,24
gimbal_radial,4.00001,0.14136,29.84403,0.10032,24
gimbal_radial,4.00001,0.14849,32.47153,0.0947,24
gimbal_radial,4.00001,0.14542,31.58658,0.09555,24
gimbal_radial,4.00001,0.14871,32.55747,0.09456,24
gimbal_radial,4.00001,0.14149,29.97157,0.09986,24
gimbal_radial,5.00001,0.10791,28.56884,0.16002,24
gimbal_radial,4.00001,0.14015,29.17382,0.10309,24
gimbal_radial,4.00001,0.13802,28.26084,0.10569,24
gimbal_radial,4.00001,0.14311,30.84646,0.09691,24
gimbal_radial,4.00001,0.14606,31.91905,0.09471,24
gimbal_radial,4.00001,0.14972,33.0447,0.09341,24
gimbal_radial,4.00001,0.1432,30.88594,0.09704,24
gimbal_radial,4.00001,0.143,30.69979,0.09798,24
gimbal_radial,4.00001,0.14934,32.91547,0.09375,24
gimbal_radial,4.00001,0.13662,27.20293,0.11079,24
gimbal_radial,4.00001,0.14003,28.30356,0.10912,24
gimbal_radial,4.00001,0.13755,27.13025,0.11284,24
gimbal_radial,4.00001,0.14948,32.88689,0.09424,24
gimbal_radial,4.00001,0.14508,31.70745,0.09484,24
gimbal_radial,4.00001,0.13674,27.98037,0.10589,24
gimbal_radial,4.00001,0.15001,33.0979,0.09384,24
gimbal_radial,4.00001,0.146,32.10288,0.09384,24
gimbal_radial,4.00001,0.14355,31.13929,0.09623,24
gimbal_radial,4.00001,0.14491,31.62542,0.09528,24
gimbal_radial,4.00001,0.14056,29.58299,0.1017,24
gimbal_radial,4.00001,0.14403,29.48409,0.10816,24
gimbal_radial,4.00001,0.14867,32.75947,0.09416,24
gimbal_radial,5.00001,0.10317,25.93181,0.17075,24
gimbal_radial,5.00001,0.10433,26.29074,0.17031,24
gimbal_radial,5.00001,0.10679,25.69543,0.17841,24
gimbal_radial,4.00001,0.1376,28.04935,0.1074,24
gimbal_radial,4.00001,0.13587,27.07248,0.11108,24
gimbal_radial,4.00001,0.14166,28.37116,0.11204,24
gimbal_radial,5.00001,0.10704,26.66451,0.17252,24
gimbal_radial,4.00001,0.14551,31.89741,0.09498,24
gimbal_radial,4.00001,0.14627,32.21986,0.0941,24
gimbal_radial,5.00001,0.10414,25.96108,0.17248,24
gimbal_radial,4.00001,0.14462,31.58176,0.09567,24
gimbal_radial,4.00001,0.1382,27.51562,0.11217,24
gimbal_radial,4.00001,0.14991,33.22017,0.09355,24
gimbal_radial,4.00001,0.13639,27.27408,0.11078,24
gimbal_radial,4.00001,0.14401,31.52627,0.09522,24
gimbal_radial,4.00001,0.14189,30.09396,0.10129,24
gimbal_radial,4.00001,0.13563,27.68002,0.10703,24
gimbal_radial,5.00001,0.10872,27.08162,0.1729,24
gimbal_radial,4.00001,0.14726,32.60263,0.09357,24
gimbal_radial,4.00001,0.14924,33.08936,0.09371,24
gimbal_radial,4.00001,0.14515,31.82842,0.09537,24
gimbal_radial,4.00001,0.14207,30.33977,0.10021,24
gimbal_radial,4.00001,0.13708,28.17217,0.10641,24
gimbal_radial,4.00001,0.13809,28.57089,0.10546,24
gimbal_radial,5.00001,0.10438,26.06206,0.17279,24
gimbal_radial,4.00001,0.14172,30.46309,0.09891,24
gimbal_radial,4.00001,0.14389,31.57927,0.09507,24
gimbal_radial,4.00001,0.13496,27.33737,0.10856,24
gimbal_radial,4.00001,0.14903,33.01549,0.09404,24
gimbal_radial,4.00001,0.13428,26.94905,0.11005,24
gimbal_radial,4.00001,0.13646,26.99561,0.11338,24
gimbal_radial,4.00001,0.13544,26.71216,0.1136,24
gimbal_radial,4.00001,0.13523,26.8544,0.11231,24
gimbal_radial,4.00001,0.13502,27.33372,0.10877,24
gimbal_radial,4.00001,0.14426,31.76234,0.09464,24
gimbal_radial,4.00001,0.13995,29.59125,0.10199,24
gimbal_radial,4.00001,0.13589,27.44547,0.10958,24
gimbal_radial,4.00001,0.1422,30.81359,0.09762,24
gimbal_radial,4.00001,0.13527,27.54782,0.108,24
gimbal_radial,4.00001,0.14419,31.70936,0.09504,24
gimbal_radial,5.00001,0.10946,26.774,0.17688,24
gimbal_radial,5.00001,0.10699,27.18299,0.17006,24
gimbal_radial,4.00001,0.14512,32.03165,0.09448,24
gimbal_radial,4.00001,0.13509,27.69211,0.10679,24
gimbal_radial,4.00001,0.14321,31.39114,0.09562,24
gimbal_radial,4.00001,0.13473,27.51169,0.10751,24
gimbal_radial,4.00001,0.14454,31.92818,0.09434,24
gimbal_radial,4.00001,0.13485,27.41701,0.10845,24
gimbal_radial,4.00001,0.1342,27.23207,0.1086,24
gimbal_radial,4.00001,0.14396,31.63458,0.09544,24
gimbal_radial,4.00001,0.13512,27.41561,0.10893,24
gimbal_radial,4.00001,0.14286,31.09238,0.09726,24
gimbal_radial,4.00001,0.14458,31.86662,0.09498,24
gimbal_radial,4.00001,0.13456,27.04484,0.11053,24
gimbal_radial,4.00001,0.1343,26.95913,0.11069,24
gimbal_radial,4.00001,0.13447,27.46276,0.10767,24
gimbal_radial,4.00001,0.141,30.3611,0.0992,24
gimbal_radial,4.00001,0.13405,27.21591,0.10866,24
gimbal_radial,4.00001,0.13581,27.69342,0.10848,24
gimbal_radial,4.00001,0.13448,27.46302,0.10785,24
gimbal_radial,4.00001,0.14331,31.49868,0.0956,24
gimbal_radial,4.00001,0.13458,27.17815,0.11001,24
gimbal_radial,4.00001,0.13486,27.71989,0.10687,24
gimbal_radial,4.00001,0.14767,32.8744,0.09382,24
gimbal_radial,4.00001,0.1368,28.70065,0.10364,24
gimbal_radial,4.00001,0.13403,27.26865,0.10859,24
gimbal_radial,4.00001,0.1337,27.01242,0.10984,24
gimbal_radial,4.00001,0.13428,27.19775,0.10974,24
gimbal_radial,4.00001,0.14551,32.32825,0.09418,24
gimbal_radial,4.00001,0.13506,28.04488,0.10544,24
gimbal_radial,4.00001,0.14026,27.91857,0.11493,24
gimbal_radial,4.00001,0.13349,27.15797,0.1088,24
gimbal_radial,4.00001,0.14621,32.61737,0.0935,24
gimbal_radial,4.00001,0.13337,27.0904,0.10906,24
gimbal_radial,4.00001,0.13822,27.81309,0.11233,24
gimbal_radial,4.00001,0.13496,27.87755,0.1065,24
gimbal_radial,4.00001,0.13385,27.41593,0.10776,24
gimbal_radial,4.00001,0.13385,26.98107,0.11066,24
gimbal_radial,4.00001,0.13319,26.72599,0.11128,24
gimbal_radial,4.00001,0.13327,26.97467,0.10979,24
gimbal_radial,4.00001,0.13321,26.95275,0.10986,24
gimbal_radial,4.00001,0.13342,27.18405,0.10868,24
gimbal_radial,4.00001,0.13353,27.28056,0.10822,24
gimbal_radial,4.00001,0.13361,27.28275,0.10835,24
gimbal_radial,4.00001,0.13349,27.21695,0.10861,24
gimbal_radial,4.00001,0.13375,27.37964,0.10796,24
gimbal_radial,4.00001,0.13374,27.3474,0.10819,24
gimbal_radial,4.00001,0.13322,27.1046,0.10895,24
gimbal_radial,5.00001,0.10781,26.92132,0.17457,24
gimbal_radial,4.00001,0.13377,27.40626,0.10792,24
gimbal_radial,4.00001,0.13358,26.78392,0.11176,24
gimbal_radial,4.00001,0.13429,27.73413,0.10662,24
gimbal_radial,4.00001,0.13343,27.27216,0.10828,24
gimbal_radial,4.00001,0.1336,27.39321,0.10776,24
gimbal_radial,5.00001,0.10328,26.01855,0.17315,24
gimbal_radial,4.00001,0.13339,27.2421,0.10844,24
gimbal_radial,4.00001,0.13357,27.29611,0.1084,24
gimbal_radial,4.00001,0.1434,31.75368,0.09498,24
gimbal_radial,4.00001,0.13344,27.31946,0.10804,24
gimbal_radial,4.00001,0.13333,27.22564,0.10849,24
gimbal_radial,4.00001,0.13497,26.12441,0.11861,24
gimbal_radial,4.00001,0.13491,27.83805,0.10708,24
gimbal_radial,4.00001,0.13332,27.24048,0.10845,24
gimbal_radial,4.00001,0.13371,27.51014,0.10733,24
gimbal_radial,4.00001,0.1333,27.24249,0.10843,24
gimbal_radial,5.00001,0.10355,25.77994,0.17538,24
gimbal_radial,4.00001,0.1337,27.14174,0.10985,24
gimbal_radial,4.00001,0.13293,27.01658,0.10942,24
gimbal_radial,4.00001,0.13484,27.92168,0.10657,24
gimbal_radial,4.00001,0.13316,27.20552,0.1086,24
gimbal_radial,4.00001,0.13286,27.06827,0.10905,24
gimbal_radial,4.00001,0.14254,31.50878,0.09549,24
gimbal_radial,4.00001,0.13325,27.27619,0.10831,24
gimbal_radial,5.00001,0.10138,25.59079,0.1732,24
gimbal_radial,5.00001,0.10188,25.40072,0.17532,24
gimbal_radial,4.00001,0.13304,27.17321,0.10869,24
gimbal_radial,4.00001,0.13276,27.02783,0.10921,24
gimbal_radial,5.00001,0.10551,28.28188,0.16215,24
gimbal_radial,4.00001,0.13311,27.25013,0.10832,24
gimbal_radial,4.00001,0.13296,27.1572,0.10871,24
gimbal_radial,4.00001,0.13326,27.35619,0.10794,24
gimbal_radial,4.00001,0.13338,27.41829,0.10773,24
gimbal_radial,4.00001,0.13305,27.2366,0.1084,24
gimbal_radial,4.00001,0.13262,26.96997,0.10948,24
gimbal_radial,4.00001,0.13324,27.35911,0.10794,24
gimbal_radial,4.00001,0.13296,27.19329,0.10859,24
gimbal_radial,4.00001,0.13296,27.17325,0.10874,24
gimbal_radial,4.00001,0.13341,27.47175,0.10749,24
gimbal_radial,4.00001,0.13264,27.01632,0.10927,24
gimbal_radial,5.00001,0.10495,25.29388,0.18134,24
gimbal_radial,4.00001,0.13327,27.39755,0.1078,24
gimbal_radial,4.00001,0.1331,27.30774,0.10814,24
gimbal_radial,4.00001,0.14323,31.83107,0.0948,24
gimbal_radial,4.00001,0.13308,27.31903,0.10807,24
gimbal_radial,4.00001,0.13327,27.43374,0.10762,24
gimbal_radial,4.00001,0.1326,26.79464,0.11078,24
gimbal_radial,4.00001,0.13281,27.13994,0.10882,24
gimbal_radial,4.00001,0.13303,27.28715,0.10821,24
gimbal_radial,4.00001,0.13366,27.63142,0.10698,24
gimbal_radial,4.00001,0.13301,27.28375,0.10823,24
gimbal_radial,4.00001,0.13362,27.0968,0.11053,24
gimbal_radial,4.00001,0.13239,26.90645,0.10976,24
gimbal_radial,4.00001,0.13288,27.2366,0.10839,24
gimbal_radial,4.00001,0.13289,27.2482,0.10833,24
gimbal_radial,4.00001,0.13263,27.10165,0.1089,24
gimbal_radial,4.00001,0.13267,27.09384,0.10902,24
gimbal_radial,4.00001,0.13246,26.94945,0.10964,24
gimbal_radial,4.00001,0.13279,26.5126,0.11317,24
gimbal_radial,4.00001,0.13268,27.13854,0.10881,24
gimbal_radial,4.00001,0.13262,27.04759,0.10931,24
gimbal_radial,4.00001,0.13265,26.98038,0.10984,24
gimbal_radial,4.00001,0.13255,27.06007,0.10915,24
gimbal_radial,4.00001,0.13264,27.1207,0.1089,24
gimbal_radial,4.00001,0.1328,27.18444,0.10874,24
gimbal_radial,4.00001,0.13238,26.85735,0.11024,24
gimbal_radial,4.00001,0.13305,27.38289,0.10784,24
gimbal_radial,4.00001,0.13259,26.95398,0.10995,24
gimbal_radial,4.00001,0.13267,27.17136,0.10865,24
gimbal_radial,5.00001,0.10432,27.26249,0.16756,24
gimbal_radial,4.00001,0.13226,26.93637,0.1096,24
gimbal_radial,4.00001,0.13262,27.11925,0.10898,24
gimbal_radial,4.00001,0.13249,27.09184,0.10898,24
gimbal_radial,4.00001,0.13247,27.09175,0.10896,24
gimbal_radial,4.00001,0.13237,27.00331,0.1094,24
gimbal_radial,4.00001,0.13199,26.12681,0.11463,24
gimbal_radial,4.00001,0.13248,26.9967,0.10966,24
gimbal_radial,4.00001,0.13294,27.40244,0.10774,24
gimbal_radial,4.00001,0.13268,27.25046,0.10833,24
gimbal_radial,4.00001,0.13857,27.28522,0.11788,24
gimbal_radial,4.00001,0.13216,26.87209,0.11001,24
gimbal_radial,4.00001,0.13265,27.23568,0.10841,24
gimbal_radial,4.00001,0.13239,26.79068,0.11096,24
gimbal_radial,4.00001,0.13356,27.70817,0.1068,24
gimbal_radial,4.00001,0.13233,27.08773,0.10894,24
gimbal_radial,4.00001,0.13225,27.01496,0.10932,24
gimbal_radial,4.00001,0.1321,26.91775,0.10971,24
gimbal_radial,4.00001,0.13255,27.21687,0.10849,24
gimbal_radial,4.00001,0.13255,27.19485,0.10863,24
gimbal_radial,4.00001,0.1324,27.09469,0.10906,24
gimbal_radial,4.00001,0.13227,26.99978,0.10947,24
gimbal_radial,4.00001,0.13759,27.15888,0.11726,24
gimbal_radial,4.00001,0.13193,26.85223,0.10992,24
gimbal_radial,4.00001,0.13235,27.09888,0.10898,24
gimbal_radial,5.00001,0.10641,26.33782,0.17755,24
gimbal_radial,4.00001,0.1322,27.00348,0.10939,24
gimbal_radial,4.00001,0.1323,26.70129,0.11158,24
gimbal_radial,4.00001,0.1323,27.07585,0.10908,24
gimbal_radial,4.00001,0.1323,27.10466,0.10893,24
gimbal_radial,4.00001,0.13216,27.04042,0.10913,24
gimbal_radial,4.00001,0.13214,26.99938,0.10939,24
gimbal_radial,4.00001,0.13198,26.89959,0.10984,24
gimbal_radial,4.00001,0.13246,27.23472,0.10841,24
gimbal_radial,5.00001,0.103,25.39178,0.17833,24
gimbal_radial,4.00001,0.13194,26.90722,0.10974,24
gimbal_radial,4.00001,0.1325,27.23685,0.10847,24
gimbal_radial,4.00001,0.1323,27.14826,0.10875,24
gimbal_radial,4.00001,0.13224,27.12303,0.10884,24
gimbal_radial,5.00001,0.10563,27.01305,0.17194,24
gimbal_radial,4.00001,0.13251,27.29719,0.10817,24
gimbal_radial,4.00001,0.13234,27.18406,0.10863,24
gimbal_radial,4.00001,0.13198,26.84702,0.11032,24
gimbal_radial,4.00001,0.1318,26.88405,0.10978,24
gimbal_radial,4.00001,0.13301,27.5878,0.10714,24
gimbal_radial,4.00001,0.13314,27.67259,0.10681,24
gimbal_radial,4.00001,0.13212,26.99499,0.10965,24
gimbal_radial,4.00001,0.13194,26.85011,0.11034,24
gimbal_radial,4.00001,0.13173,26.87367,0.10983,24
gimbal_radial,4.00001,0.13123,26.48621,0.11159,24
gimbal_radial,4.00001,0.13793,27.28255,0.11741,24
gimbal_radial,4.00001,0.13201,27.04448,0.10918,24
gimbal_radial,4.00001,0.13192,26.97113,0.10954,24
gimbal_radial,4.00001,0.13187,26.94277,0.10965,24
gimbal_radial,4.00001,0.13189,26.99782,0.10932,24
gimbal_radial,4.00001,0.13209,27.13868,0.10883,24
gimbal_radial,4.00001,0.13197,27.08085,0.10904,24
gimbal_radial,4.00001,0.13325,27.78709,0.10648,24
gimbal_radial,4.00001,0.13181,26.84844,0.11044,24
gimbal_radial,4.00001,0.13196,27.09837,0.10905,24
gimbal_radial,4.00001,0.14304,32.01082,0.09468,24
gimbal_radial,4.00001,0.13138,26.78653,0.11022,24
gimbal_radial,4.00001,0.13166,26.41401,0.1132,24
gimbal_radial,4.00001,0.13164,26.9801,0.10944,24
gimbal_radial,4.00001,0.13101,26.46946,0.11181,24
gimbal_radial,4.00001,0.13105,26.64515,0.11087,24
gimbal_radial,4.00001,0.13167,27.0426,0.1093,24
gimbal_radial,4.00001,0.13212,27.22018,0.1089,24
gimbal_radial,4.00001,0.13247,27.53228,0.10742,24
gimbal_radial,4.00001,0.13224,27.38021,0.10807,24
gimbal_radial,4.00001,0.13175,27.08859,0.10922,24
gimbal_radial,4.00001,0.13146,26.95935,0.10962,24
gimbal_radial,4.00001,0.13148,26.99417,0.10944,24
gimbal_radial,4.00001,0.13126,26.72214,0.11092,24
gimbal_radial,4.00001,0.13156,27.0296,0.10935,24
gimbal_radial,4.00001,0.13155,26.7751,0.11107,24
gimbal_radial,4.00001,0.14258,31.94786,0.09492,24
gimbal_radial,5.00001,0.1044,25.86439,0.17867,24
gimbal_radial,4.00001,0.1311,26.67839,0.11103,24
gimbal_radial,4.00001,0.13123,26.94089,0.10961,24
gimbal_radial,4.00001,0.1328,26.19554,0.11719,24
gimbal_radial,4.00001,0.13086,26.41568,0.11256,24
gimbal_radial,4.00001,0.13137,27.03233,0.1093,24
gimbal_radial,4.00001,0.13082,26.32674,0.11314,24
gimbal_radial,4.00001,0.13641,27.81672,0.11248,24
gimbal_radial,5.00001,0.10426,26.40516,0.17506,24
gimbal_radial,4.00001,0.14896,29.473,0.12231,24
gimbal_radial,4.00001,0.13066,26.39217,0.11252,24
gimbal_radial,4.00001,0.13155,26.6832,0.11216,24
gimbal_radial,4.00001,0.13163,27.10586,0.10948,24
gimbal_radial,4.00001,0.13044,26.59094,0.11112,24
gimbal_radial,4.00001,0.13024,26.29407,0.11288,24
gimbal_radial,4.00001,0.13159,26.99339,0.11046,24
gimbal_radial,4.00001,0.13089,26.9675,0.10962,24
gimbal_radial,4.00001,0.13081,26.7758,0.11081,24
gimbal_radial,4.00001,0.13273,27.98181,0.10595,24
gimbal_radial,4.00001,0.14384,32.57035,0.09382,24
gimbal_radial,5.00001,0.10368,26.23044,0.17602,24
gimbal_radial,4.00001,0.1319,26.00459,0.11785,24
gimbal_radial,4.00001,0.13026,26.56739,0.11143,24
gimbal_radial,4.00001,0.13279,27.74188,0.10786,24
gimbal_radial,4.00001,0.13025,26.42843,0.11257,24
gimbal_radial,4.00001,0.13024,26.62348,0.1114,24
gimbal_radial,4.00001,0.13707,26.55498,0.12325,24
gimbal_radial,4.00001,0.13062,26.9846,0.10973,24
gimbal_radial,4.00001,0.1314,26.07613,0.1171,24
gimbal_radial,4.00001,0.13015,26.73686,0.11063,24
gimbal_radial,4.00001,0.12989,25.97337,0.11535,24
gimbal_radial,4.00001,0.13048,26.04688,0.11601,24
gimbal_radial,4.00001,0.12899,25.78678,0.11538,24
gimbal_radial,4.00001,0.13053,26.39046,0.11424,24
gimbal_radial,4.00001,0.12975,26.75615,0.11059,24
gimbal_radial,5.00001,0.10416,28.23613,0.16483,24
gimbal_radial,4.00001,0.13221,27.99248,0.10659,24
gimbal_radial,4.00001,0.12934,26.3125,0.11303,24
gimbal_radial,5.00001,0.10448,27.18792,0.17247,24
gimbal_radial,4.00001,0.12939,25.90716,0.1159,24
gimbal_radial,4.00001,0.12864,25.89676,0.11478,24
gimbal_radial,5.00001,0.10998,26.9912,0.18315,24
gimbal_radial,4.00001,0.1298,26.89938,0.11017,24
gimbal_radial,4.00001,0.12961,26.70798,0.11115,24
gimbal_radial,4.00001,0.12966,26.78769,0.11074,24
gimbal_radial,4.00001,0.12954,26.75751,0.11082,24
gimbal_radial,5.00001,0.1047,26.27971,0.17944,24
gimbal_radial,4.00001,0.12911,26.15421,0.11441,24
gimbal_radial,5.00001,0.10303,25.66199,0.18102,24
gimbal_radial,4.00001,0.12877,26.20052,0.11363,24
gimbal_radial,4.00001,0.12859,26.36548,0.1123,24
gimbal_radial,5.00001,0.10319,25.2369,0.18435,24
gimbal_radial,4.00001,0.12848,26.17796,0.11353,24
gimbal_radial,4.00001,0.13798,26.41909,0.12782,24
gimbal_radial,5.00001,0.10043,25.33261,0.17956,24
gimbal_radial,4.00001,0.12722,25.08765,0.1192,24
gimbal_radial,4.00001,0.13071,26.39248,0.11636,24
gimbal_radial,4.00001,0.12835,26.08128,0.11458,24
gimbal_radial,4.00001,0.12962,25.8308,0.11844,24
gimbal_radial,4.00001,0.14034,28.32542,0.1196,24
gimbal_radial,4.00001,0.1274,25.86733,0.11497,24
gimbal_radial,4.00001,0.12899,26.01303,0.1167,24
gimbal_radial,4.00001,0.13593,29.40145,0.10583,24
gimbal_radial,4.00001,0.12765,26.01904,0.11475,24
gimbal_radial,4.00001,0.13463,25.88153,0.12747,24
gimbal_radial,5.00001,0.09983,24.91281,0.18288,24
gimbal_radial,5.00001,0.10292,25.11119,0.1872,24
gimbal_radial,5.00001,0.10416,26.07506,0.18329,24
gimbal_radial,4.00001,0.12664,25.98007,0.11496,24
gimbal_radial,5.00001,0.10358,26.26268,0.18191,24
gimbal_radial,4.00001,0.1269,25.52373,0.11905,24
gimbal_radial,4.00001,0.12508,24.90151,0.12059,24
gimbal_radial,5.00001,0.10521,25.65396,0.18944,24
gimbal_radial,4.00001,0.13469,26.79362,0.12444,24
gimbal_radial,4.00001,0.13621,28.41179,0.11619,24
gimbal_radial,4.00001,0.12711,24.66063,0.12659,24
gimbal_radial,5.00001,0.1016,24.48507,0.19233,24
gimbal_radial,5.00001,0.0977,25.36253,0.18013,24
gimbal_radial,4.00001,0.13234,25.18949,0.13241,24
gimbal_radial,4.00001,0.12638,24.6416,0.12627,24
gimbal_radial,5.00001,0.10351,26.21103,0.18447,24
gimbal_radial,4.00001,0.1331,27.56567,0.11838,24
gimbal_radial,4.00001,0.14016,27.82232,0.1288,24
gimbal_radial,4.00001,0.13915,30.23607,0.11126,24
gimbal_radial,5.00001,0.10401,25.3765,0.19204,24
gimbal_radial,5.00001,0.09998,25.16563,0.1868,24
gimbal_radial,5.00001,0.10367,26.18808,0.18661,24
gimbal_radial,4.00001,0.13484,27.80672,0.12109,24
gimbal_radial,4.00001,0.12868,24.63766,0.13236,24
gimbal_radial,4.00001,0.13167,27.11635,0.12097,24
gimbal_radial,5.00001,0.09994,24.67376,0.19174,24
gimbal_radial,4.00001,0.12745,25.05775,0.12838,24
gimbal_radial,5.00001,0.09855,25.27437,0.18564,24
gimbal_radial,4.00001,0.12465,24.64518,0.12689,24
gimbal_radial,4.00001,0.12286,25.58191,0.11796,24
gimbal_radial,4.00001,0.13145,25.52916,0.13275,24
gimbal_radial,5.00001,0.10111,27.7454,0.17423,24
gimbal_radial,4.00001,0.14059,30.11843,0.11781,24
gimbal_radial,4.00001,0.13379,29.9965,0.10765,24
gimbal_radial,4.00001,0.13016,28.30232,0.11376,24
gimbal_radial,5.00001,0.10141,25.1145,0.19386,24
gimbal_radial,4.00001,0.12944,25.8098,0.12952,24
gimbal_radial,4.00001,0.13236,28.83609,0.11431,24
gimbal_radial,4.00001,0.12065,23.99711,0.12723,24
gimbal_radial,4.00001,0.13115,27.75393,0.11996,24
gimbal_radial,4.00001,0.12355,23.70684,0.13473,24
gimbal_radial,4.00001,0.13655,30.13604,0.11364,24
gimbal_radial,5.00001,0.09839,24.00976,0.19771,24
gimbal_radial,4.00001,0.12283,23.53408,0.13506,24
gimbal_radial,4.00001,0.12084,24.80622,0.12333,24
gimbal_radial,5.00001,0.09808,24.67777,0.19303,24
gimbal_radial,4.00001,0.12904,26.86283,0.12358,24
gimbal_radial,4.00001,0.12569,25.09627,0.12986,24
gimbal_radial,4.00001,0.13473,30.22691,0.11074,24
gimbal_radial,5.00001,0.09726,25.16994,0.18886,24
gimbal_radial,4.00001,0.13358,26.24178,0.13566,24
gimbal_radial,4.00001,0.12187,23.63492,0.13378,24
gimbal_radial,4.00001,0.12043,24.81894,0.12378,24
gimbal_radial,4.00001,0.12175,24.5989,0.12833,24
gimbal_radial,4.00001,0.12646,27.27316,0.11851,24
gimbal_radial,4.00001,0.13266,30.66226,0.10664,24
gimbal_radial,4.00001,0.13393,31.51898,0.10332,24
gimbal_radial,4.00001,0.12337,24.62993,0.132,24
gimbal_radial,5.00001,0.09888,24.94017,0.19586,24
gimbal_radial,5.00001,0.09832,24.73741,0.19635,24
gimbal_radial,4.00001,0.12735,28.00679,0.11621,24
gimbal_radial,4.00001,0.13279,30.68707,0.10742,24
gimbal_radial,4.00001,0.1192,24.16698,0.12837,24
gimbal_radial,4.00001,0.1187,23.02899,0.13523,24
gimbal_radial,4.00001,0.12865,27.87672,0.11953,24
gimbal_radial,4.00001,0.12731,28.69816,0.11215,24
gimbal_radial,4.00001,0.1294,27.50049,0.12366,24
gimbal_radial,4.00001,0.12488,26.64935,0.12186,24
gimbal_radial,5.00001,0.09757,24.4723,0.19766,24
gimbal_radial,5.00001,0.09603,24.41401,0.1958,24
gimbal_radial,4.00001,0.12505,26.20334,0.12576,24
gimbal_radial,4.00001,0.12252,24.61435,0.13221,22
gimbal_radial,5.00001,0.09443,24.7792,0.19115,24
gimbal_radial,4.00001,0.12843,28.15147,0.1187,24
gimbal_radial,4.00001,0.12779,28.87769,0.11302,24
gimbal_radial,5.00001,0.09503,24.32389,0.19561,24
gimbal_radial,4.00001,0.1274,27.94315,0.11947,24
gimbal_radial,4.00001,0.12482,23.08021,0.14788,24
gimbal_radial,4.00001,0.12214,26.05804,0.12387,24
gimbal_radial,4.00001,0.11623,23.0939,0.13391,24
gimbal_radial,4.00001,0.11791,22.81936,0.13877,24
gimbal_radial,4.00001,0.11836,24.75997,0.12689,22
gimbal_radial,4.00001,0.11752,24.43681,0.12774,24
gimbal_radial,4.00001,0.122,26.38516,0.12225,24
gimbal_radial,4.00001,0.11796,24.55287,0.12785,22
gimbal_radial,4.00001,0.12785,29.63389,0.11098,24
gimbal_radial,4.00001,0.11787,24.80223,0.1267,22
gimbal_radial,4.00001,0.11757,24.79534,0.12675,22
gimbal_radial,5.00001,0.09573,24.41293,0.19982,24
gimbal_radial,4.00001,0.11734,24.71661,0.12749,22
gimbal_radial,4.00001,0.11769,24.74783,0.12788,22
gimbal_radial,4.00001,0.12839,30.21311,0.10932,24
gimbal_radial,4.00001,0.11739,23.04825,0.13901,24
gimbal_radial,4.00001,0.12145,25.79123,0.12767,24
gimbal_radial,4.00001,0.11685,24.13452,0.1311,22
gimbal_radial,4.00001,0.11685,24.77567,0.12733,22
gimbal_radial,4.00001,0.13023,25.92543,0.14189,24
gimbal_radial,4.00001,0.1164,23.99739,0.1318,22
gimbal_radial,4.00001,0.11622,24.16461,0.13042,22
gimbal_radial,4.00001,0.11634,24.02336,0.13157,22
gimbal_radial,4.00001,0.11649,23.9833,0.13215,22
gimbal_radial,4.00001,0.11593,23.80762,0.13249,22
gimbal_radial,4.00001,0.11653,23.8623,0.13338,22
gimbal_radial,4.00001,0.11568,23.87239,0.13195,22
gimbal_radial,4.00001,0.11883,23.15364,0.14203,24
gimbal_radial,4.00001,0.12913,31.06023,0.10664,24
gimbal_radial,4.00001,0.1247,28.66084,0.11532,24
gimbal_radial,4.00001,0.13069,29.9096,0.11697,24
gimbal_radial,4.00001,0.11598,24.08616,0.13141,22
gimbal_radial,4.00001,0.1226,26.89602,0.12389,24
gimbal_radial,4.00001,0.11595,24.17165,0.13107,22
gimbal_radial,4.00001,0.11536,23.77267,0.13278,22
gimbal_radial,4.00001,0.11576,23.74542,0.13365,22
gimbal_radial,4.00001,0.1155,23.92411,0.13215,22
gimbal_radial,4.00001,0.11575,24.15199,0.13107,22
gimbal_radial,4.00001,0.1152,23.46336,0.13503,22
gimbal_radial,4.00001,0.11492,23.97484,0.1314,22
gimbal_radial,4.00001,0.11638,24.0831,0.13329,22
gimbal_radial,4.00001,0.11525,24.13867,0.13142,22
gimbal_radial,4.00001,0.11479,23.11444,0.13769,22
gimbal_radial,4.00001,0.11522,23.67861,0.13468,22
gimbal_radial,4.00001,0.11584,23.69281,0.1359,24
gimbal_radial,4.00001,0.11557,24.16227,0.13334,22
gimbal_radial,4.00001,0.11431,23.69767,0.1345,22
gimbal_radial,4.00001,0.12358,24.67329,0.14409,24
gimbal_radial,4.00001,0.11384,23.11983,0.13838,22
gimbal_radial,4.00001,0.1384,27.63559,0.1496,24
gimbal_radial,4.00001,0.11559,22.5082,0.14634,22
gimbal_radial,4.00001,0.11265,22.75346,0.13991,22
gimbal_radial,4.00001,0.11647,24.78047,0.13316,24
gimbal_radial,4.00001,0.11292,23.21824,0.13808,22
gimbal_radial,4.00001,0.11484,22.63986,0.14611,24
gimbal_radial,4.00001,0.11404,23.12708,0.14172,24
gimbal_radial,4.00001,0.11357,22.53941,0.1458,22
gimbal_radial,4.00001,0.11831,24.10805,0.14323,24
gimbal_radial,4.00001,0.12266,27.1249,0.13035,24
gimbal_radial,4.00001,0.11392,22.572,0.14654,22
gimbal_radial,4.00001,0.1272,29.15811,0.12481,24
gimbal_radial,4.00001,0.12101,23.75111,0.15253,24
gimbal_radial,4.00001,0.11477,22.49997,0.15084,22
gimbal_radial,4.00001,0.10954,22.54693,0.14185,22
gimbal_radial,4.00001,0.11012,22.83772,0.14113,22
gimbal_radial,4.00001,0.11149,23.7125,0.13765,22
gimbal_radial,4.00001,0.1199,27.39389,0.1271,24
gimbal_radial,4.00001,0.11005,22.52552,0.14348,22
gimbal_radial,4.00001,0.10983,22.46708,0.14418,22
gimbal_radial,4.00001,0.11161,22.03939,0.15,22
gimbal_radial,4.00001,0.11036,22.50253,0.14507,22
gimbal_radial,4.00001,0.11075,23.02922,0.14277,24
gimbal_radial,4.00001,0.10985,21.48647,0.15245,22
gimbal_radial,4.00001,0.11166,21.62354,0.15593,22
gimbal_radial,4.00001,0.10896,22.38272,0.14829,24
gimbal_radial,4.00001,0.1071,21.85014,0.14926,22
gimbal_radial,4.00001,0.11106,22.0362,0.15511,22
gimbal_radial,4.00001,0.11102,23.15831,0.1481,24
gimbal_radial,4.00001,0.11219,22.52495,0.15526,22
gimbal_radial,4.00001,0.10753,21.89183,0.15205,22
gimbal_radial,4.00001,0.11781,23.66945,0.15808,24
gimbal_radial,4.00001,0.11007,24.86403,0.13759,24
gimbal_radial,4.00001,0.11235,22.45475,0.15879,24
gimbal_radial,4.00001,0.11286,22.99904,0.15624,24
gimbal_radial,4.00001,0.11529,24.25274,0.15215,24
gimbal_radial,4.00001,0.10596,21.52732,0.15511,22
gimbal_radial,4.00001,0.10644,21.94337,0.15549,22
gimbal_radial,4.00001,0.1068,21.42575,0.15999,22
gimbal_radial,4.00001,0.11564,23.99196,0.15757,24
gimbal_radial,4.00001,0.11163,22.45696,0.16174,22
gimbal_radial,4.00001,0.10497,20.30441,0.16553,24
gimbal_radial,4.00001,0.10758,21.28422,0.16358,22
gimbal_radial,4.00001,0.11048,22.03008,0.16344,22
gimbal_radial,4.00001,0.10676,21.36399,0.16198,22
gimbal_radial,4.00001,0.10669,21.71745,0.15989,24
gimbal_radial,4.00001,0.107,23.69688,0.14763,24
gimbal_radial,4.00001,0.10821,21.36605,0.16544,22
gimbal_radial,4.00001,0.10762,21.44932,0.16402,22
gimbal_radial,4.00001,0.1066,20.83226,0.16718,22
gimbal_radial,4.00001,0.11669,24.53418,0.16001,24
gimbal_radial,4.00001,0.10589,21.49207,0.16248,22
gimbal_radial,4.00001,0.10863,20.8668,0.17147,24
gimbal_radial,4.00001,0.11516,23.39487,0.16556,24
gimbal_radial,4.00001,0.10455,21.38722,0.16178,22
gimbal_radial,4.00001,0.10908,24.45346,0.14975,24
gimbal_radial,4.00001,0.10325,20.86065,0.16516,22
gimbal_radial,4.00001,0.11075,21.74751,0.17279,22
gimbal_radial,4.00001,0.10686,22.93603,0.15843,24
gimbal_radial,4.00001,0.10499,20.77191,0.17001,24
gimbal_radial,4.00001,0.10503,20.8847,0.16945,24
gimbal_radial,4.00001,0.1085,23.91098,0.15555,24
gimbal_radial,4.00001,0.10533,21.1861,0.16866,22
gimbal_radial,4.00001,0.10159,21.46441,0.16136,24
gimbal_radial,4.00001,0.11444,22.04196,0.17916,24
gimbal_radial,4.00001,0.1074,20.68589,0.17653,24
gimbal_radial,4.00001,0.10618,23.74827,0.15417,24
gimbal_radial,4.00001,0.10426,20.49135,0.17324,22
gimbal_radial,4.00001,0.10204,20.19524,0.17188,22
gimbal_radial,4.00001,0.10186,21.48702,0.16312,22
gimbal_radial,4.00001,0.10534,20.53603,0.17545,22
gimbal_radial,4.00001,0.10534,20.53603,0.17545,22
gimbal_radial,4.00001,0.10506,21.19518,0.17115,22
gimbal_radial,4.00001,0.10397,23.45523,0.15484,24
gimbal_radial,4.00001,0.10317,20.34491,0.17514,22
gimbal_radial,4.00001,0.10343,20.0524,0.17823,22
gimbal_radial,4.00001,0.11042,22.25479,0.17619,24
gimbal_radial,4.00001,0.11076,22.76336,0.17357,24
gimbal_radial,4.00001,0.1029,19.58443,0.18291,22
gimbal_radial,4.00001,0.1029,19.58443,0.18291,22
gimbal_radial,4.00001,0.09901,19.97683,0.17552,22
gimbal_radial,4.00001,0.09922,19.49664,0.17996,24
gimbal_radial,4.00001,0.10561,20.05969,0.18687,22
gimbal_radial,4.00001,0.09921,20.01509,0.17664,22
gimbal_radial,4.00001,0.10331,19.96874,0.18411,22
gimbal_radial,4.00001,0.09941,21.12223,0.17028,24
gimbal_radial,4.00001,0.09842,20.76827,0.17113,24
gimbal_radial,4.00001,0.10436,24.97317,0.15395,24
gimbal_radial,4.00001,0.0997,21.37713,0.17193,24
gimbal_radial,4.00001,0.10008,19.18749,0.18884,22
gimbal_radial,4.00001,0.09505,19.42818,0.18079,22
gimbal_radial,4.00001,0.10488,21.13396,0.18788,22
gimbal_radial,4.00001,0.09789,20.50786,0.18208,22
gimbal_radial,4.00001,0.09639,19.13355,0.19053,22
gimbal_radial,4.00001,0.09528,18.86662,0.19204,22
gimbal_radial,4.00001,0.10153,21.25114,0.19165,22
gimbal_radial,4.00001,0.10153,21.25114,0.19165,22
gimbal_radial,4.00001,0.09127,18.664,0.19188,22
gimbal_radial,4.00001,0.09939,20.09324,0.19691,22
gimbal_radial,4.00001,0.09939,20.09324,0.19691,22
gimbal_radial,4.00001,0.0932,19.26139,0.19406,22
gimbal_radial,4.00001,0.09532,19.98185,0.19672,22
gimbal_radial,4.00001,0.09628,20.25355,0.19689,24
gimbal_axial,4.00001,0.09802,16.33798,0.18783,24
gimbal_axial,4.00001,0.09914,17.24473,0.18575,24
gimbal_axial,4.00001,0.10079,16.68479,0.18813,24
gimbal_axial,4.00001,0.1004,16.79514,0.18867,24
gimbal_axial,4.00001,0.10084,16.63035,0.18811,24
gimbal_axial,4.00001,0.10036,16.71349,0.18842,24
gimbal_axial,4.00001,0.10028,16.7411,0.1881,24
gimbal_axial,4.00001,0.10089,16.76793,0.18773,24
gimbal_axial,4.00001,0.10057,16.58273,0.18881,24
gimbal_axial,4.00001,0.09977,16.60173,0.18959,24
gimbal_axial,4.00001,0.10037,16.45728,0.18946,24
gimbal_axial,4.00001,0.10046,16.79673,0.18872,24
gimbal_axial,4.00001,0.10028,16.66472,0.18862,24
gimbal_axial,4.00001,0.10081,16.7506,0.18784,24
gimbal_axial,4.00001,0.10064,16.81224,0.18754,24
gimbal_axial,4.00001,0.10092,16.6439,0.1887,24
gimbal_axial,4.00001,0.10096,17.00785,0.18677,24
gimbal_axial,4.00001,0.101,16.58199,0.18914,24
gimbal_axial,4.00001,0.10068,17.06128,0.18672,24
gimbal_axial,4.00001,0.10098,16.87845,0.18721,24
gimbal_axial,4.00001,0.10032,16.67585,0.18994,24
gimbal_axial,4.00001,0.10079,17.04793,0.1877,24
gimbal_axial,4.00001,0.10007,16.61772,0.19052,24
gimbal_axial,4.00001,0.10065,17.07075,0.18798,24
gimbal_axial,4.00001,0.10034,16.59368,0.18989,24
gimbal_axial,4.00001,0.10105,16.81903,0.18746,24
gimbal_axial,4.00001,0.10004,16.64674,0.18944,24
gimbal_axial,4.00001,0.10093,16.86559,0.18847,24
gimbal_axial,4.00001,0.09976,17.08731,0.18739,24
gimbal_axial,4.00001,0.10105,17.17,0.18776,24
gimbal_axial,4.00001,0.10119,17.04766,0.18755,24
gimbal_axial,4.00001,0.10182,17.2295,0.18682,24
gimbal_axial,4.00001,0.10087,17.33819,0.18675,24
gimbal_axial,4.00001,0.10104,17.09279,0.1877,24
gimbal_axial,4.00001,0.1013,17.23673,0.18673,24
gimbal_axial,4.00001,0.09992,16.61882,0.19035,24
gimbal_axial,4.00001,0.10123,16.93558,0.18745,24
gimbal_axial,4.00001,0.10172,17.21863,0.18701,24
gimbal_axial,4.00001,0.10005,16.55674,0.19051,24
gimbal_axial,4.00001,0.10124,17.22097,0.187,24
gimbal_axial,4.00001,0.10146,17.15489,0.1872,24
gimbal_axial,4.00001,0.10127,17.1222,0.18746,24
gimbal_axial,4.00001,0.10149,17.19521,0.18725,24
gimbal_axial,4.00001,0.1012,17.12477,0.18791,24
gimbal_axial,4.00001,0.1014,17.11465,0.18782,24
gimbal_axial,4.00001,0.09974,16.55088,0.19083,24
gimbal_axial,4.00001,0.10038,16.5114,0.19063,24
gimbal_axial,4.0,0.10208,17.32895,0.18691,24
gimbal_axial,4.0,0.10177,17.37358,0.18633,24
gimbal_axial,4.0,0.10176,17.27921,0.18682,24
gimbal_axial,4.00001,0.10036,16.44656,0.19128,24
gimbal_axial,4.0,0.10201,17.24891,0.18725,24
gimbal_axial,4.00001,0.10127,17.17014,0.18824,24
gimbal_axial,4.00001,0.1013,16.99076,0.18873,24
gimbal_axial,4.00001,0.10155,17.18213,0.18802,24
gimbal_axial,4.0,0.10148,17.30177,0.18668,24
gimbal_axial,4.0,0.10183,17.42857,0.18649,24
gimbal_axial,4.0,0.10174,17.18399,0.18833,24
gimbal_axial,4.0,0.10177,17.44301,0.18647,24
gimbal_axial,4.0,0.10136,17.096,0.18811,24
gimbal_axial,4.0,0.10249,16.97483,0.18828,24
gimbal_axial,4.00001,0.10131,17.19671,0.18884,24
gimbal_axial,4.0,0.10151,17.44626,0.1866,24
gimbal_axial,4.0,0.10213,17.44079,0.18641,24
gimbal_axial,4.00001,0.09951,16.4879,0.19211,24
gimbal_axial,4.00001,0.09957,16.44878,0.19281,24
gimbal_axial,4.0,0.1011,16.81669,0.18994,24
gimbal_axial,4.0,0.10164,16.97972,0.18864,24
gimbal_axial,4.00001,0.0985,16.29153,0.19399,24
gimbal_axial,4.00001,0.09941,16.4349,0.19321,24
gimbal_axial,4.00001,0.0987,16.54569,0.19354,24
gimbal_axial,4.0,0.10167,17.12264,0.18913,24
gimbal_axial,4.00001,0.09915,16.42905,0.19453,24
gimbal_axial,4.00001,0.09865,16.59611,0.19318,24
gimbal_axial,4.00001,0.09797,16.32279,0.19511,24
gimbal_axial,4.00001,0.09898,16.07945,0.19581,24
gimbal_axial,4.00001,0.09977,16.35784,0.19574,24
gimbal_axial,4.00001,0.09875,16.15524,0.19512,24
gimbal_axial,4.0,0.10219,17.5427,0.18718,24
gimbal_axial,4.0,0.10114,16.7521,0.19203,24
gimbal_axial,4.00001,0.09919,17.77915,0.18731,24
gimbal_axial,4.00001,0.09919,17.77915,0.18731,24
gimbal_axial,4.0,0.10161,17.10032,0.19016,24
gimbal_axial,4.0,0.10262,17.89004,0.18669,24
gimbal_axial,4.0,0.1024,17.49038,0.1877,24
gimbal_axial,4.0,0.10123,16.92474,0.19146,24
gimbal_axial,4.00001,0.09904,16.26061,0.19513,24
gimbal_axial,4.00001,0.09894,16.39526,0.19528,24
gimbal_axial,4.00001,0.09526,16.20283,0.19746,24
gimbal_axial,4.00001,0.09922,16.26121,0.19718,24
gimbal_axial,4.00001,0.09486,15.96874,0.19911,24
gimbal_axial,4.00001,0.09495,16.04469,0.19854,24
gimbal_axial,4.00001,0.09478,15.84654,0.19987,24
gimbal_axial,4.00001,0.09589,15.87451,0.19951,24
gimbal_axial,4.00001,0.09407,16.00827,0.19912,24
gimbal_axial,4.00001,0.09602,16.08917,0.19874,24
gimbal_axial,4.00001,0.09561,15.80837,0.19981,24
gimbal_axial,4.00001,0.09604,16.28609,0.19802,24
gimbal_axial,4.00001,0.09499,15.97263,0.19937,24
gimbal_axial,4.00001,0.09503,16.11318,0.19927,24
gimbal_axial,4.00001,0.09477,15.9298,0.19932,24
gimbal_axial,4.00001,0.09548,16.02686,0.19927,24
gimbal_axial,4.00001,0.095,16.0334,0.19921,24
gimbal_axial,4.00001,0.09541,16.22188,0.19905,24
gimbal_axial,4.00001,0.09486,15.88115,0.19977,24
gimbal_axial,4.00001,0.09521,15.95769,0.19995,24
gimbal_axial,4.00001,0.09514,16.18017,0.19936,24
gimbal_axial,4.00001,0.0951,16.18626,0.19911,24
gimbal_axial,4.00001,0.09521,16.12471,0.19997,24
gimbal_axial,4.00001,0.09571,16.00267,0.1986,24
gimbal_axial,4.0,0.09873,16.03028,0.19935,24
dual_plane,4.0,0.13411,39.04217,0.11268,24
dual_plane,4.0,0.13411,39.04217,0.11268,24
dual_plane,4.0,0.13975,41.6628,0.1148,24
dual_plane,4.0,0.13975,41.6628,0.1148,24
dual_plane,4.0,0.1255,36.79494,0.1194,24
dual_plane,4.0,0.1255,36.79494,0.1194,24
dual_plane,4.0,0.13002,38.66208,0.13212,24
dual_plane,4.0,0.13002,38.66208,0.13212,24
dual_plane,5.0,0.1061,38.76316,0.18409,24
dual_plane,4.0,0.11755,34.65951,0.13614,24
dual_plane,4.0,0.11755,34.65951,0.13614,24
dual_plane,4.0,0.12982,39.42152,0.13973,24
dual_plane,4.0,0.12982,39.42152,0.13973,24
dual_plane,4.0,0.13685,40.29627,0.15182,24
dual_plane,4.0,0.13685,40.29627,0.15182,24
dual_plane,4.0,0.11986,35.99552,0.14153,24
dual_plane,4.0,0.11986,35.99552,0.14153,24
dual_plane,5.0,0.10413,38.08907,0.19269,24
dual_plane,4.0,0.1313,38.54919,0.15125,24
dual_plane,4.0,0.1313,38.54919,0.15125,24
dual_plane,5.0,0.1019,37.32483,0.19497,24
dual_plane,5.0,0.10064,37.01934,0.19423,24
dual_plane,5.0,0.10017,36.71271,0.1948,24
dual_plane,5.0,0.10181,37.66764,0.19364,24
dual_plane,5.0,0.10123,37.12541,0.19522,24
dual_plane,5.0,0.10107,37.15372,0.19497,24
dual_plane,5.0,0.10551,38.92626,0.19496,24
dual_plane,5.0,0.1003,36.8619,0.19525,24
dual_plane,5.0,0.10105,37.04638,0.19579,24
dual_plane,5.0,0.1005,36.71929,0.1963,24
dual_plane,5.0,0.09957,36.54059,0.19612,24
dual_plane,5.0,0.09998,36.49079,0.1973,24
dual_plane,5.0,0.10177,37.40826,0.19649,24
dual_plane,5.0,0.10276,38.0491,0.1955,24
dual_plane,5.0,0.10136,37.39312,0.19678,24
dual_plane,5.0,0.10091,36.86309,0.1983,24
dual_plane,5.0,0.0994,36.42225,0.19764,24
dual_plane,5.0,0.10078,36.84033,0.1987,24
dual_plane,5.0,0.09935,36.41889,0.19855,24
dual_plane,5.0,0.10029,36.88478,0.19816,24
dual_plane,5.0,0.10016,36.95531,0.19789,24
dual_plane,5.0,0.0984,35.99724,0.19986,24
dual_plane,5.0,0.10166,37.48354,0.19984,24
dual_plane,4.0,0.11195,31.6902,0.15961,24
dual_plane,4.0,0.11195,31.6902,0.15961,24
dual_plane,4.0,0.13014,40.09966,0.15704,24
dual_plane,4.0,0.13014,40.09966,0.15704,24
dual_plane,4.0,0.10826,32.53527,0.15459,22
dual_plane,4.0,0.11689,36.64072,0.15196,24
dual_plane,4.0,0.11689,36.64072,0.15196,24
dual_plane,4.0,0.11303,34.6335,0.15489,24
dual_plane,4.0,0.11303,34.6335,0.15489,24
dual_plane,4.0,0.11865,36.533,0.15851,24
dual_plane,4.0,0.11865,36.533,0.15851,24
dual_plane,4.0,0.11716,36.45145,0.15651,24
dual_plane,4.0,0.11716,36.45145,0.15651,24
dual_plane,4.0,0.12765,39.72991,0.16046,24
dual_plane,4.0,0.12765,39.72991,0.16046,24
dual_plane,4.0,0.12379,37.74004,0.16331,24
dual_plane,4.0,0.12379,37.74004,0.16331,24
dual_plane,4.0,0.13113,42.31582,0.15776,24
dual_plane,4.0,0.13113,42.31582,0.15776,24
dual_plane,4.0,0.11034,32.9935,0.16337,24
dual_plane,4.0,0.11034,32.9935,0.16337,24
dual_plane,4.0,0.12663,42.02829,0.15408,24
dual_plane,4.0,0.12663,42.02829,0.15408,24
dual_plane,4.0,0.11201,32.63525,0.17133,24
dual_plane,4.0,0.11201,32.63525,0.17133,24
dual_plane,4.0,0.11999,38.57238,0.15969,24
dual_plane,4.0,0.11999,38.57238,0.15969,24
dual_plane,4.0,0.10691,30.83919,0.1715,22
dual_plane,4.0,0.1055,32.26308,0.16539,22
dual_plane,4.0,0.11558,36.46125,0.16832,24
dual_plane,4.0,0.11558,36.46125,0.16832,24
dual_plane,4.0,0.12314,39.01655,0.17074,24
dual_plane,4.0,0.12314,39.01655,0.17074,24
dual_plane,4.0,0.12168,38.12518,0.17324,24
dual_plane,4.0,0.12168,38.12518,0.17324,24
dual_plane,4.0,0.10247,31.07947,0.17113,22
dual_plane,4.0,0.10313,31.55274,0.17035,22
dual_plane,4.0,0.10084,30.99307,0.16934,22
dual_plane,4.0,0.0993,30.19685,0.1742,22
dual_plane,4.0,0.10909,34.35038,0.17323,22
dual_plane,4.0,0.09984,28.88646,0.18132,24
dual_plane,4.0,0.09984,28.88646,0.18132,24
dual_plane,4.0,0.11069,35.28066,0.17366,24
dual_plane,4.0,0.11069,35.28066,0.17366,24
dual_plane,4.0,0.10573,32.46395,0.17778,24
dual_plane,4.0,0.10573,32.46395,0.17778,24
dual_plane,4.0,0.10108,30.39326,0.18001,22
dual_plane,4.0,0.12698,43.00348,0.17067,24
dual_plane,4.0,0.12698,43.00348,0.17067,24
dual_plane,4.0,0.09804,29.29466,0.18249,22
dual_plane,4.0,0.09874,29.28987,0.18405,22
dual_plane,4.0,0.10134,29.66192,0.18936,24
dual_plane,4.0,0.10134,29.66192,0.18936,24
dual_plane,4.0,0.10778,32.92514,0.18772,24
dual_plane,4.0,0.10778,32.92514,0.18772,24
dual_plane,4.0,0.09841,30.82347,0.18166,22
dual_plane,4.0,0.12368,42.72604,0.17478,24
dual_plane,4.0,0.12368,42.72604,0.17478,24
dual_plane,4.0,0.11049,35.39504,0.18398,24
dual_plane,4.0,0.11049,35.39504,0.18398,24
dual_plane,4.00001,0.14216,45.38329,0.19837,24
dual_plane,4.00001,0.14216,45.38329,0.19837,24
dual_plane,4.0,0.10076,29.07653,0.19832,22
dual_plane,4.0,0.11322,34.9042,0.19572,24
dual_plane,4.0,0.11322,34.9042,0.19572,24
dual_plane,4.0,0.0952,28.1124,0.19502,22
dual_plane,4.0,0.10017,30.67233,0.19254,22
dual_plane,4.0,0.10136,31.62491,0.1922,22
dual_plane,4.0,0.10375,31.73321,0.19588,22
dual_plane,4.0,0.10353,34.21011,0.18617,22
dual_plane,4.0,0.09634,30.66168,0.18936,22
dual_plane,4.0,0.10366,33.34749,0.19969,24
dual_plane,4.0,0.10366,33.34749,0.19969,24
dual_plane,4.0,0.10468,35.31132,0.19342,22
dual_plane,4.0,0.12446,44.17923,0.18996,24
dual_plane,4.0,0.12446,44.17923,0.18996,24
dual_plane,4.0,0.12524,48.25768,0.18268,24
dual_plane,4.0,0.12524,48.25768,0.18268,24
coarse_fine,6.00002,0.09496,19.0997,0.09298,24
coarse_fine,6.00002,0.09188,18.13555,0.09908,24
coarse_fine,6.00002,0.09568,19.33516,0.09164,24
coarse_fine,6.00002,0.09456,19.05173,0.093,24
coarse_fine,6.00002,0.09573,19.38524,0.09118,24
coarse_fine,6.00002,0.09591,19.43535,0.09093,24
coarse_fine,6.00002,0.09502,19.17091,0.09262,24
coarse_fine,6.00002,0.09451,18.97878,0.09404,24
coarse_fine,6.00002,0.09453,19.05992,0.09306,24
coarse_fine,6.00002,0.09553,19.38939,0.0909,24
coarse_fine,6.00002,0.09486,18.97049,0.09509,24
coarse_fine,6.00002,0.09353,18.70358,0.09587,24
coarse_fine,6.00002,0.0945,19.09053,0.09299,24
coarse_fine,6.00002,0.09409,18.89963,0.0946,24
coarse_fine,6.00002,0.09362,18.83014,0.09455,24
coarse_fine,6.00002,0.09627,19.49761,0.09146,24
coarse_fine,6.00002,0.09603,19.48945,0.09111,24
coarse_fine,6.00002,0.09573,19.21172,0.0942,24
coarse_fine,6.00002,0.09528,19.32636,0.09188,24
coarse_fine,6.00002,0.09616,19.54263,0.09092,24
coarse_fine,6.00002,0.09545,19.38399,0.09155,24
coarse_fine,6.00002,0.09501,19.15623,0.09359,24
coarse_fine,6.00002,0.09457,19.13781,0.09297,24
coarse_fine,6.00002,0.09323,18.71213,0.0957,24
coarse_fine,6.00002,0.09411,18.87531,0.09553,24
coarse_fine,6.00002,0.0967,19.69494,0.09037,24
coarse_fine,6.00002,0.09597,19.54903,0.09086,24
coarse_fine,6.00002,0.09566,19.32141,0.09316,24
coarse_fine,6.00002,0.09667,19.73014,0.08998,24
coarse_fine,6.00002,0.09523,19.11478,0.09496,24
coarse_fine,6.00002,0.09479,19.09349,0.09435,24
coarse_fine,6.00002,0.09512,19.31899,0.09216,24
coarse_fine,6.00002,0.09456,19.01384,0.09495,24
coarse_fine,6.00002,0.09376,18.94454,0.09421,24
coarse_fine,6.00002,0.09588,19.48134,0.09166,24
coarse_fine,6.00002,0.09452,19.07382,0.09412,24
coarse_fine,6.00002,0.09609,19.46875,0.09229,24
coarse_fine,6.00002,0.09642,19.66965,0.09039,24
coarse_fine,6.00002,0.0945,19.07115,0.09429,24
coarse_fine,6.00002,0.09504,19.3689,0.09156,24
coarse_fine,6.00002,0.09439,18.95327,0.09566,24
coarse_fine,6.00002,0.0938,18.97613,0.0942,24
coarse_fine,6.00002,0.09223,18.30668,0.09962,24
coarse_fine,6.00002,0.09524,19.31337,0.0929,24
coarse_fine,6.00002,0.09504,19.2844,0.09289,24
coarse_fine,6.00002,0.09695,19.81883,0.08995,24
coarse_fine,6.00002,0.09356,18.71831,0.09715,24
coarse_fine,6.00002,0.09368,18.91393,0.09488,24
coarse_fine,6.00002,0.09614,19.58834,0.09128,24
coarse_fine,6.00002,0.09716,19.88266,0.08966,24
coarse_fine,6.00002,0.09178,18.20214,0.10027,24
coarse_fine,6.00002,0.09487,19.19313,0.09389,24
coarse_fine,6.00002,0.09592,19.66485,0.08999,24
coarse_fine,6.00002,0.09599,19.65069,0.09034,24
coarse_fine,6.00002,0.09343,18.67221,0.09772,24
coarse_fine,6.00002,0.09669,19.87693,0.08893,24
coarse_fine,6.00002,0.09284,18.5025,0.09876,24
coarse_fine,6.00002,0.09544,19.43666,0.09207,24
coarse_fine,6.00002,0.09343,18.84613,0.09555,24
coarse_fine,6.00002,0.09505,19.21398,0.09415,24
coarse_fine,6.00002,0.09476,19.29407,0.09254,24
coarse_fine,6.00002,0.09475,19.29522,0.09254,24
coarse_fine,6.00002,0.09368,18.64748,0.09867,24
coarse_fine,6.00002,0.0928,18.65877,0.09675,24
coarse_fine,6.00002,0.09243,18.34298,0.10008,24
coarse_fine,6.00002,0.09591,19.61939,0.09081,24
coarse_fine,6.00002,0.09506,19.08909,0.09588,24
coarse_fine,6.00002,0.09525,19.35261,0.09288,24
coarse_fine,6.00002,0.09601,19.64305,0.09071,24
coarse_fine,6.00002,0.09021,17.79359,0.10263,24
coarse_fine,6.00002,0.09401,18.94951,0.09556,24
coarse_fine,6.00002,0.09624,19.67046,0.09088,24
coarse_fine,6.00002,0.09498,19.29962,0.09307,24
coarse_fine,6.00002,0.09156,18.25833,0.09948,24
coarse_fine,6.00002,0.09744,20.04735,0.08853,24
coarse_fine,6.00002,0.09328,18.65236,0.09798,24
coarse_fine,6.00002,0.095,19.29848,0.09324,24
coarse_fine,6.00002,0.09396,18.8805,0.09651,24
coarse_fine,6.00002,0.09467,19.17436,0.09419,24
coarse_fine,6.00002,0.09258,18.48351,0.09881,24
coarse_fine,6.00002,0.09435,19.11995,0.09429,24
coarse_fine,6.00002,0.09187,18.36515,0.09896,24
coarse_fine,6.00002,0.09718,20.01412,0.08887,24
coarse_fine,6.00002,0.09632,19.66574,0.0916,24
coarse_fine,6.00002,0.09367,18.64609,0.09934,24
coarse_fine,6.00002,0.0941,18.94335,0.09668,24
coarse_fine,6.00002,0.09101,18.01667,0.10237,24
coarse_fine,6.00002,0.0925,18.63328,0.09758,24
coarse_fine,6.00002,0.09259,18.58498,0.09839,24
coarse_fine,6.00002,0.09301,18.88833,0.09545,24
coarse_fine,6.00002,0.09247,18.66649,0.0973,24
coarse_fine,6.00002,0.09278,18.50515,0.10005,24
coarse_fine,6.00002,0.09339,18.74885,0.09833,24
coarse_fine,6.00002,0.09316,18.69414,0.0986,24
coarse_fine,6.00002,0.0971,19.99529,0.08994,24
coarse_fine,6.00002,0.09205,18.58909,0.09777,24
coarse_fine,6.00002,0.09198,18.53256,0.09841,24
coarse_fine,6.00002,0.09211,18.62348,0.09773,24
coarse_fine,6.00002,0.09253,18.43436,0.10129,24
coarse_fine,6.00002,0.0942,19.02784,0.09714,24
coarse_fine,6.00002,0.09129,18.13494,0.10281,24
coarse_fine,6.00002,0.08875,17.39639,0.10713,24
coarse_fine,6.00002,0.09675,19.86438,0.09184,24
coarse_fine,6.00002,0.08952,17.61318,0.10613,24
coarse_fine,6.00002,0.09165,18.56079,0.09864,24
coarse_fine,6.00002,0.09619,19.86042,0.09126,24
coarse_fine,6.00002,0.09708,20.09172,0.09047,24
coarse_fine,6.00002,0.09595,19.75885,0.09267,24
coarse_fine,6.00002,0.09243,18.6372,0.1,24
coarse_fine,6.00002,0.09181,18.2073,0.10457,24
coarse_fine,6.00002,0.0922,18.58568,0.10052,24
coarse_fine,6.00002,0.09061,18.05103,0.10416,24
coarse_fine,6.00002,0.08913,17.62501,0.10667,24
coarse_fine,6.00002,0.09048,18.04436,0.10405,24
coarse_fine,6.00002,0.08866,17.62648,0.10594,24
coarse_fine,6.00002,0.09094,18.0963,0.10462,24
coarse_fine,6.00002,0.08842,17.58429,0.10607,24
coarse_fine,6.00002,0.09775,20.51009,0.08791,24
coarse_fine,6.00002,0.0901,18.01686,0.10434,24
coarse_fine,6.00002,0.08934,17.84444,0.10523,24
coarse_fine,6.00002,0.08869,17.60227,0.10709,24
coarse_fine,6.00002,0.08943,17.7529,0.10669,24
coarse_fine,6.00002,0.08999,17.99184,0.10499,24
coarse_fine,6.00002,0.09152,18.33036,0.10377,24
coarse_fine,6.00002,0.09523,19.64803,0.09447,24
coarse_fine,6.00002,0.08962,17.85806,0.10621,24
coarse_fine,6.00002,0.09041,17.97532,0.10642,24
coarse_fine,6.00002,0.09686,20.3023,0.08977,24
coarse_fine,6.00002,0.08835,17.29563,0.11104,24
coarse_fine,6.00002,0.09891,20.9144,0.08619,24
coarse_fine,6.00002,0.09359,19.12808,0.09856,24
coarse_fine,6.00002,0.08885,17.55811,0.10919,24
coarse_fine,6.00002,0.09689,20.4213,0.08893,24
coarse_fine,6.00002,0.09749,20.62113,0.0876,24
coarse_fine,6.00002,0.09041,18.18294,0.10453,24
coarse_fine,6.00002,0.09692,20.43208,0.08897,24
coarse_fine,6.00002,0.09575,19.90436,0.09362,24
coarse_fine,6.00002,0.0893,17.9848,0.10512,24
coarse_fine,6.00002,0.08867,17.82821,0.10588,24
coarse_fine,6.00002,0.08761,17.23176,0.11146,24
coarse_fine,6.00002,0.08963,17.79946,0.10866,24
coarse_fine,6.00002,0.09701,20.41747,0.09012,24
coarse_fine,6.00002,0.09019,18.00105,0.10734,24
coarse_fine,6.00002,0.09654,20.32551,0.09047,24
coarse_fine,6.00002,0.08943,17.8844,0.10732,24
coarse_fine,6.00002,0.0976,20.53833,0.08993,24
coarse_fine,6.00002,0.09063,18.15186,0.10657,24
coarse_fine,6.00002,0.09873,21.02888,0.08626,24
coarse_fine,6.00002,0.09666,20.37512,0.09046,24
coarse_fine,6.00002,0.09758,20.69293,0.0884,24
coarse_fine,6.00002,0.09788,20.67394,0.08931,24
coarse_fine,6.00002,0.09002,17.89584,0.10897,24
coarse_fine,6.00002,0.09043,17.98161,0.10876,24
coarse_fine,6.00002,0.09672,20.45375,0.08987,24
coarse_fine,6.00002,0.09101,18.6192,0.102,24
coarse_fine,6.00002,0.09143,18.35702,0.10627,24
coarse_fine,6.00002,0.08743,17.16073,0.11358,24
coarse_fine,6.00002,0.09093,18.51481,0.10334,24
coarse_fine,6.00002,0.09792,20.89652,0.08724,24
coarse_fine,6.00002,0.09901,21.22002,0.08535,24
coarse_fine,6.00002,0.08934,17.84024,0.10918,24
coarse_fine,6.00002,0.09677,20.58513,0.08918,24
coarse_fine,6.00002,0.09883,21.27249,0.0849,24
coarse_fine,6.00002,0.09888,21.27004,0.08533,24
coarse_fine,6.00002,0.09921,21.35815,0.08488,24
coarse_fine,6.00002,0.09859,21.17074,0.08604,24
coarse_fine,6.00002,0.08915,17.80704,0.11003,24
coarse_fine,6.00002,0.09859,21.18923,0.08587,24
coarse_fine,6.00002,0.08832,17.7952,0.10884,24
coarse_fine,6.00002,0.09292,19.18177,0.10051,24
coarse_fine,6.00002,0.09933,21.43434,0.08478,24
coarse_fine,6.00002,0.08605,17.13269,0.11294,24
coarse_fine,6.00002,0.09195,18.91906,0.10209,24
coarse_fine,6.00002,0.08823,17.41123,0.11389,24
coarse_fine,6.00002,0.09883,21.22977,0.08654,24
coarse_fine,6.00002,0.09924,21.36648,0.08569,24
coarse_fine,6.00002,0.09754,20.88446,0.08842,24
coarse_fine,6.00002,0.09848,21.1892,0.08655,24
coarse_fine,6.00002,0.09925,21.39588,0.08553,24
coarse_fine,6.00002,0.09937,21.42538,0.08552,24
coarse_fine,6.00002,0.09946,21.5219,0.08455,24
coarse_fine,6.00002,0.09909,21.3506,0.08611,24
coarse_fine,6.00002,0.08918,17.75439,0.11214,24
coarse_fine,6.00002,0.08872,17.57556,0.11351,24
coarse_fine,6.00002,0.09836,21.1799,0.08701,24
coarse_fine,6.00002,0.09929,21.42137,0.08582,24
coarse_fine,6.00002,0.09715,20.86473,0.08861,24
coarse_fine,6.00002,0.09893,21.35822,0.08596,24
coarse_fine,6.00002,0.09906,21.48908,0.08459,24
coarse_fine,6.00002,0.09819,21.01183,0.08903,24
coarse_fine,6.00002,0.0993,21.39201,0.08647,24
coarse_fine,6.00002,0.09863,21.29095,0.08644,24
coarse_fine,6.00002,0.09816,21.12307,0.08777,24
coarse_fine,6.00002,0.09967,21.66266,0.08391,24
coarse_fine,6.00002,0.09624,20.52833,0.09152,24
coarse_fine,6.00002,0.09962,21.52939,0.08558,24
coarse_fine,6.00002,0.09933,21.58674,0.0844,24
coarse_fine,6.00002,0.08459,16.64532,0.1178,24
coarse_fine,6.00002,0.09363,19.46727,0.10003,24
coarse_fine,6.00002,0.0885,17.72369,0.112,24
coarse_fine,6.00002,0.0992,21.51017,0.08535,24
coarse_fine,6.00002,0.09977,21.70073,0.08417,24
coarse_fine,6.00002,0.0978,21.04533,0.08858,24
coarse_fine,6.00002,0.09847,21.29188,0.08686,24
coarse_fine,6.00002,0.09849,21.28275,0.08701,24
coarse_fine,6.00002,0.08791,17.61946,0.11252,24
coarse_fine,6.00002,0.0995,21.5963,0.08513,24
coarse_fine,6.00002,0.09913,21.46289,0.08618,24
coarse_fine,6.00002,0.09693,20.87813,0.08924,24
coarse_fine,6.00002,0.08978,17.97788,0.11199,24
coarse_fine,6.00002,0.09929,21.53889,0.08569,24
coarse_fine,6.00002,0.09908,21.46268,0.08631,24
coarse_fine,6.00002,0.08807,17.68143,0.11245,24
coarse_fine,6.00002,0.09267,19.09203,0.10379,24
coarse_fine,6.00002,0.09922,21.57125,0.0854,24
coarse_fine,6.00002,0.09795,21.10968,0.0888,24
coarse_fine,6.00002,0.09959,21.71851,0.08448,24
coarse_fine,6.00002,0.09917,21.50642,0.08637,24
coarse_fine,6.00002,0.09974,21.73586,0.08466,24
coarse_fine,6.00002,0.08797,17.25627,0.11821,24
coarse_fine,6.00002,0.09946,21.6517,0.08543,24
coarse_fine,6.00002,0.09954,21.65068,0.08564,24
coarse_fine,6.00002,0.09376,19.57253,0.1006,24
coarse_fine,6.00002,0.09934,21.63707,0.08549,24
coarse_fine,6.00002,0.09938,21.61532,0.08596,24
coarse_fine,6.00002,0.09961,21.699,0.08546,24
coarse_fine,6.00002,0.08472,17.03,0.11515,24
coarse_fine,6.00002,0.0995,21.7007,0.08541,24
coarse_fine,6.00002,0.09971,21.83519,0.08416,24
coarse_fine,6.00002,0.08724,17.40464,0.11574,24
coarse_fine,6.00002,0.09825,21.31816,0.08804,24
coarse_fine,6.00002,0.08534,16.87126,0.11886,24
coarse_fine,6.00002,0.09489,20.36445,0.09353,24
coarse_fine,6.00002,0.09964,21.76714,0.08533,24
coarse_fine,6.00002,0.09916,21.61984,0.08638,24
coarse_fine,6.00002,0.09947,21.76375,0.0852,24
coarse_fine,6.00002,0.09995,21.99609,0.08357,24
coarse_fine,6.00002,0.08414,16.45579,0.12251,24
coarse_fine,6.00002,0.09674,20.95854,0.09041,24
coarse_fine,6.00002,0.08554,17.10066,0.11713,24
coarse_fine,5.00001,0.10934,18.64153,0.06897,24
coarse_fine,6.00002,0.09963,21.92182,0.08441,24
coarse_fine,6.00002,0.09947,21.83557,0.08527,24
coarse_fine,6.00002,0.09592,20.78147,0.09165,24
coarse_fine,6.00002,0.09973,21.87188,0.08562,24
coarse_fine,6.00002,0.08521,17.10119,0.11757,24
coarse_fine,6.00002,0.10003,22.19909,0.08248,24
coarse_fine,6.00002,0.08804,17.68591,0.11602,24
coarse_fine,6.00002,0.0844,17.12751,0.11576,24
coarse_fine,6.00002,0.0994,21.93443,0.08486,24
coarse_fine,5.00001,0.10851,18.58466,0.07044,24
coarse_fine,5.00001,0.11058,19.10198,0.06818,24
coarse_fine,5.00001,0.1094,18.87716,0.06878,24
coarse_fine,5.00001,0.11055,19.06491,0.06886,24
coarse_fine,6.00002,0.08438,16.76983,0.12234,24
coarse_fine,5.00001,0.10975,18.98837,0.06849,24
coarse_fine,6.00002,0.09637,20.97714,0.09317,24
coarse_fine,5.00001,0.10806,18.5464,0.07093,24
coarse_fine,6.00002,0.10013,22.41596,0.08343,24
coarse_fine,5.00001,0.1073,18.45258,0.07185,24
coarse_fine,6.00002,0.09968,22.34709,0.08409,24
coarse_fine,5.00001,0.10991,19.19102,0.06814,24
coarse_fine,6.00002,0.08483,17.36439,0.1178,24
coarse_fine,5.00001,0.11086,19.43082,0.06754,24
coarse_fine,6.00002,0.07996,15.71583,0.12968,24
coarse_fine,5.00001,0.1053,17.98005,0.075,24
coarse_fine,6.00002,0.08391,16.76436,0.12466,24
coarse_fine,5.00001,0.10635,18.32967,0.07375,24
coarse_fine,5.00001,0.10751,18.73747,0.07104,24
coarse_fine,6.00002,0.08267,16.34422,0.12865,24
coarse_fine,5.00001,0.10698,18.6278,0.07158,24
coarse_fine,6.00002,0.08387,16.64918,0.12724,24
coarse_fine,6.00002,0.08281,16.56536,0.12623,24
coarse_fine,5.00001,0.10655,18.45979,0.07302,24
coarse_fine,5.00001,0.10626,18.46277,0.0725,24
coarse_fine,5.00001,0.10658,18.50811,0.07261,24
coarse_fine,5.00001,0.10668,18.55961,0.07217,24
coarse_fine,5.00001,0.10844,19.04464,0.06964,24
coarse_fine,5.00001,0.10642,18.52014,0.0725,24
coarse_fine,5.00001,0.10659,18.55533,0.07242,24
coarse_fine,5.00001,0.10784,18.91703,0.07049,24
coarse_fine,5.00001,0.1057,18.34204,0.07371,24
coarse_fine,5.00001,0.10644,18.49774,0.0733,24
coarse_fine,5.00001,0.10668,18.6193,0.0725,24
coarse_fine,5.00001,0.10755,18.89224,0.07079,24
coarse_fine,5.00001,0.10505,18.20494,0.07461,24
coarse_fine,5.00001,0.10806,19.01525,0.07036,24
coarse_fine,5.00001,0.10599,18.4623,0.07328,24
coarse_fine,5.00001,0.10551,18.27658,0.07469,24
coarse_fine,5.00001,0.10487,18.15079,0.07501,24
coarse_fine,5.00001,0.10583,18.38673,0.07396,24
coarse_fine,6.00002,0.08294,16.76202,0.12549,24
coarse_fine,5.00001,0.10603,18.43864,0.07374,24
coarse_fine,5.00001,0.10581,18.43447,0.07336,24
coarse_fine,5.00001,0.10436,17.9233,0.07697,24
coarse_fine,5.00001,0.10688,18.74223,0.07169,24
coarse_fine,5.00001,0.10692,18.76516,0.07155,24
coarse_fine,5.00001,0.10569,18.44838,0.07316,24
coarse_fine,5.00001,0.10734,18.87394,0.07108,24
coarse_fine,5.00001,0.10671,18.725,0.07172,24
coarse_fine,5.00001,0.10507,18.17492,0.07545,24
coarse_fine,5.00001,0.10354,17.66448,0.07892,24
coarse_fine,5.00001,0.10405,17.93653,0.07655,24
coarse_fine,5.00001,0.10545,18.3885,0.07359,24
coarse_fine,5.00001,0.10658,18.70368,0.07199,24
coarse_fine,6.00002,0.10006,22.76479,0.08393,24
coarse_fine,5.00001,0.10522,18.27925,0.07469,24
coarse_fine,5.00001,0.10516,18.2616,0.07484,24
coarse_fine,6.00002,0.08467,17.1801,0.12431,24
coarse_fine,5.00001,0.1078,19.01539,0.07057,24
coarse_fine,5.00001,0.10483,18.17166,0.07544,24
coarse_fine,5.00001,0.10439,18.13964,0.07502,24
coarse_fine,6.00002,0.08524,16.94047,0.12877,24
coarse_fine,6.00002,0.08524,16.94047,0.12877,24
coarse_fine,5.00001,0.10486,18.27008,0.07455,24
coarse_fine,6.00002,0.08116,16.10085,0.13162,24
coarse_fine,5.00001,0.10385,17.99718,0.07624,24
coarse_fine,6.00002,0.08057,16.17151,0.12966,24
coarse_fine,5.00001,0.10399,18.06861,0.07596,24
coarse_fine,5.00001,0.10496,18.33806,0.07448,24
coarse_fine,5.00001,0.10569,18.56082,0.07312,24
coarse_fine,5.00001,0.10388,18.04466,0.07619,24
coarse_fine,5.00001,0.10543,18.52629,0.07358,24
coarse_fine,6.00002,0.0798,15.94096,0.13189,24
coarse_fine,5.00001,0.10792,19.19969,0.07018,24
coarse_fine,5.00001,0.10215,17.49062,0.08054,24
coarse_fine,5.00001,0.10532,18.55053,0.07347,24
coarse_fine,5.00001,0.10286,17.78964,0.07848,24
coarse_fine,5.00001,0.10452,18.3117,0.07523,24
coarse_fine,5.00001,0.10287,17.7667,0.07888,24
coarse_fine,6.00002,0.08468,17.14774,0.12713,24
coarse_fine,4.00001,0.13125,18.50132,0.05026,24
coarse_fine,5.00001,0.10458,18.36799,0.07486,24
coarse_fine,4.00001,0.13271,18.85483,0.04875,24
coarse_fine,4.00001,0.13498,19.29491,0.04776,24
coarse_fine,5.00001,0.10306,17.89861,0.07795,24
coarse_fine,5.00001,0.10325,17.9974,0.07715,24
coarse_fine,5.00001,0.10318,17.95426,0.07759,24
coarse_fine,5.00001,0.10303,17.88005,0.07838,24
coarse_fine,5.00001,0.1026,17.64529,0.08054,24
coarse_fine,6.00002,0.08546,17.54215,0.12437,24
coarse_fine,6.00002,0.08149,16.08847,0.1351,24
coarse_fine,5.00001,0.10218,17.56576,0.08105,24
coarse_fine,5.00001,0.10024,17.16312,0.0823,24
coarse_fine,6.00002,0.07846,15.33955,0.13869,24
coarse_fine,6.00002,0.08549,17.24922,0.12869,24
coarse_fine,6.00002,0.08549,17.24922,0.12869,24
coarse_fine,5.00001,0.10272,17.95246,0.07753,24
coarse_fine,5.00001,0.10144,17.53262,0.08049,24
coarse_fine,6.00002,0.08219,16.45374,0.13256,24
coarse_fine,6.00002,0.08058,16.31841,0.13102,24
coarse_fine,6.00002,0.08323,16.62156,0.13259,24
coarse_fine,5.00001,0.10107,17.28927,0.08322,24
coarse_fine,4.00001,0.13489,19.44885,0.04739,24
coarse_fine,4.00001,0.12905,18.1549,0.05209,24
coarse_fine,4.00001,0.13568,19.59304,0.0472,24
coarse_fine,5.00001,0.1,17.03581,0.08478,24
coarse_fine,5.00001,0.10219,17.91216,0.0781,24
coarse_fine,4.00001,0.13559,19.61366,0.04715,24
coarse_fine,4.00001,0.13687,19.92302,0.04625,24
coarse_fine,5.00001,0.10172,17.69251,0.08054,24
coarse_fine,5.00001,0.10104,17.64677,0.07984,24
coarse_fine,4.00001,0.12926,18.35074,0.0511,24
coarse_fine,4.00001,0.12606,17.62654,0.05412,24
coarse_fine,4.00001,0.13481,19.52991,0.04765,24
coarse_fine,4.00001,0.13634,19.86111,0.0466,24
coarse_fine,4.00001,0.13241,19.03502,0.04921,24
coarse_fine,5.00001,0.10051,17.3271,0.08337,24
coarse_fine,4.00001,0.13669,19.96579,0.04605,24
coarse_fine,4.00001,0.13108,18.79949,0.04959,24
coarse_fine,4.00001,0.13617,19.85992,0.04641,24
coarse_fine,4.00001,0.13618,19.82608,0.04688,24
coarse_fine,5.00001,0.10115,17.44811,0.08329,24
coarse_fine,4.00001,0.13609,19.81096,0.04702,24
coarse_fine,4.00001,0.13589,19.79036,0.0469,24
coarse_fine,4.00001,0.12911,18.42131,0.05064,24
coarse_fine,4.00001,0.13631,19.88756,0.04657,24
coarse_fine,4.00001,0.13633,19.88796,0.0466,24
coarse_fine,5.00001,0.10142,17.74911,0.08013,24
coarse_fine,4.00001,0.13704,20.02839,0.04636,24
coarse_fine,6.00002,0.08355,17.3082,0.12684,24
coarse_fine,4.00001,0.137,20.00278,0.04679,24
coarse_fine,4.00001,0.12709,17.89685,0.05363,24
coarse_fine,4.00001,0.12596,17.74255,0.05333,24
coarse_fine,4.00001,0.13732,20.12005,0.04619,24
coarse_fine,4.00001,0.13085,18.8304,0.04955,24
coarse_fine,6.00002,0.07879,15.55888,0.14008,24
coarse_fine,4.00001,0.13676,20.03548,0.04622,24
coarse_fine,5.00001,0.10153,17.73173,0.08124,24
coarse_fine,4.00001,0.13573,19.81575,0.04699,24
coarse_fine,4.00001,0.13452,19.59066,0.04741,24
coarse_fine,4.00001,0.13688,20.06704,0.04616,24
coarse_fine,4.00001,0.13633,19.9652,0.04643,24
coarse_fine,5.00001,0.09912,17.07292,0.08499,24
coarse_fine,4.00001,0.13737,20.16955,0.04607,24
coarse_fine,4.00001,0.13296,19.26774,0.04864,24
coarse_fine,4.00001,0.13162,19.00775,0.04925,24
coarse_fine,4.00001,0.1303,18.67599,0.05084,24
coarse_fine,5.00001,0.11184,20.57707,0.06612,24
coarse_fine,4.00001,0.12694,17.94272,0.05342,24
coarse_fine,4.00001,0.1374,20.21116,0.04574,24
coarse_fine,4.00001,0.13702,20.13782,0.04599,24
coarse_fine,4.00001,0.13458,19.66065,0.04716,24
coarse_fine,4.00001,0.13727,20.18584,0.04601,24
coarse_fine,4.00001,0.13111,18.90605,0.04985,24
coarse_fine,4.00001,0.12885,18.39944,0.0518,24
coarse_fine,5.00001,0.10141,17.81922,0.08057,24
coarse_fine,4.00001,0.13673,20.10307,0.04609,24
coarse_fine,4.00001,0.1374,20.23576,0.04578,24
coarse_fine,4.00001,0.13777,20.29543,0.04579,24
coarse_fine,4.00001,0.12374,17.38178,0.05457,24
coarse_fine,4.00001,0.13701,20.15091,0.04615,24
coarse_fine,4.00001,0.12534,17.66436,0.05423,24
coarse_fine,4.00001,0.12358,17.35332,0.05468,24
coarse_fine,4.00001,0.13205,19.14241,0.04904,24
coarse_fine,4.00001,0.12549,17.63883,0.05496,24
coarse_fine,4.00001,0.12346,17.33168,0.05474,24
coarse_fine,4.00001,0.12366,17.37918,0.05456,24
coarse_fine,4.00001,0.12364,17.37691,0.05455,24
coarse_fine,4.00001,0.12379,17.4112,0.05441,24
coarse_fine,4.00001,0.12376,17.40571,0.05442,24
coarse_fine,4.00001,0.12358,17.35985,0.05467,24
coarse_fine,4.00001,0.1235,17.34563,0.05468,24
coarse_fine,4.00001,0.12338,17.31881,0.0548,24
coarse_fine,4.00001,0.1235,17.35116,0.05462,24
coarse_fine,4.00001,0.12425,17.4858,0.05443,24
coarse_fine,4.00001,0.12333,17.30935,0.05484,24
coarse_fine,4.00001,0.13691,20.13422,0.04633,24
coarse_fine,4.00001,0.12354,17.3607,0.05462,24
coarse_fine,4.00001,0.12347,17.34393,0.0547,24
coarse_fine,4.00001,0.12346,17.34339,0.05469,24
coarse_fine,4.00001,0.12401,17.43532,0.05463,24
coarse_fine,4.00001,0.12342,17.33055,0.05477,24
coarse_fine,4.00001,0.12343,17.33813,0.05469,24
coarse_fine,4.00001,0.12342,17.33319,0.05474,24
coarse_fine,4.00001,0.13794,20.35798,0.04557,24
coarse_fine,4.00001,0.12316,17.27613,0.05495,24
coarse_fine,4.00001,0.12342,17.33734,0.0547,24
coarse_fine,4.00001,0.12354,17.36731,0.05457,24
coarse_fine,4.00001,0.12309,17.25882,0.05505,24
coarse_fine,4.00001,0.12347,17.34114,0.05478,24
coarse_fine,4.00001,0.12369,17.39776,0.0545,24
coarse_fine,4.00001,0.12344,17.34198,0.05471,24
coarse_fine,4.00001,0.12334,17.31891,0.0548,24
coarse_fine,4.00001,0.12354,17.36049,0.05467,24
coarse_fine,4.00001,0.12348,17.35411,0.05465,24
coarse_fine,4.00001,0.12342,17.29054,0.05535,24
coarse_fine,4.00001,0.1232,17.29034,0.0549,24
coarse_fine,4.00001,0.12336,17.32701,0.05476,24
coarse_fine,4.00001,0.13749,20.24481,0.0462,24
coarse_fine,4.00001,0.12357,17.37251,0.05462,24
coarse_fine,4.00001,0.12329,17.31427,0.0548,24
coarse_fine,4.00001,0.1236,17.38513,0.05454,24
coarse_fine,4.00001,0.1236,17.3848,0.05454,24
coarse_fine,4.00001,0.12353,17.36412,0.05466,24
coarse_fine,4.00001,0.12319,17.29263,0.0549,24
coarse_fine,4.00001,0.12325,17.30876,0.05481,24
coarse_fine,4.00001,0.1375,20.28012,0.0458,24
coarse_fine,4.00001,0.12334,17.32989,0.05474,24
coarse_fine,4.00001,0.12316,17.28949,0.0549,24
coarse_fine,4.00001,0.12292,17.22978,0.05516,24
coarse_fine,4.00001,0.13686,20.16337,0.04599,24
coarse_fine,4.00001,0.12338,17.33714,0.05474,24
coarse_fine,4.00001,0.12336,17.33164,0.05478,24
coarse_fine,4.00001,0.1229,17.22725,0.05518,24
coarse_fine,4.00001,0.1231,17.27085,0.05504,24
coarse_fine,4.00001,0.123,17.25058,0.05509,24
coarse_fine,4.00001,0.12325,17.31435,0.05478,24
coarse_fine,4.00001,0.12326,17.30392,0.05495,24
coarse_fine,4.00001,0.12308,17.27444,0.05496,24
coarse_fine,4.00001,0.12313,17.28508,0.05494,24
coarse_fine,4.00001,0.12322,17.30351,0.05488,24
coarse_fine,4.00001,0.12298,17.24622,0.05514,24
coarse_fine,4.00001,0.12315,17.29295,0.05489,24
coarse_fine,4.00001,0.1232,17.30344,0.05487,24
coarse_fine,4.00001,0.12317,17.28591,0.05502,24
coarse_fine,4.00001,0.12338,17.34652,0.05469,24
coarse_fine,4.00001,0.12305,17.2714,0.05497,24
coarse_fine,4.00001,0.12321,17.30746,0.05484,24
coarse_fine,4.00001,0.12317,17.29776,0.05489,24
coarse_fine,4.00001,0.12298,17.25005,0.05511,24
coarse_fine,4.00001,0.12329,17.32545,0.05477,24
coarse_fine,4.00001,0.12338,17.34494,0.05471,24
coarse_fine,4.00001,0.12308,17.27518,0.05501,24
coarse_fine,4.00001,0.12338,17.34699,0.05471,24
coarse_fine,4.00001,0.12305,17.26942,0.05503,24
coarse_fine,4.00001,0.13761,20.32256,0.04562,24
coarse_fine,4.00001,0.12292,17.24073,0.05515,24
coarse_fine,4.00001,0.123,17.26306,0.05503,24
coarse_fine,4.00001,0.12325,17.31963,0.05482,24
coarse_fine,4.00001,0.12295,17.2575,0.05502,24
coarse_fine,4.00001,0.12295,17.25589,0.05505,24
coarse_fine,4.00001,0.13752,20.29382,0.04582,24
coarse_fine,4.00001,0.12288,17.22441,0.05533,24
coarse_fine,4.00001,0.12308,17.27873,0.05503,24
coarse_fine,4.00001,0.12335,17.34362,0.05474,24
coarse_fine,4.00001,0.13329,19.44807,0.04806,24
coarse_fine,4.00001,0.12287,17.24001,0.05511,24
coarse_fine,4.00001,0.1227,17.19319,0.05537,24
coarse_fine,4.00001,0.12272,17.19998,0.05532,24
coarse_fine,4.00001,0.12378,17.44423,0.05435,24
coarse_fine,4.00001,0.12298,17.26478,0.05502,24
coarse_fine,4.00001,0.12264,17.17945,0.05542,24
coarse_fine,4.00001,0.12276,17.1976,0.05544,24
coarse_fine,4.00001,0.12272,17.20303,0.0553,24
coarse_fine,4.00001,0.12287,17.24114,0.05512,24
coarse_fine,4.00001,0.12639,17.97273,0.05293,24
coarse_fine,4.00001,0.13753,20.26805,0.04624,24
coarse_fine,4.00001,0.12286,17.23811,0.05515,24
coarse_fine,4.00001,0.12296,17.2631,0.05503,24
coarse_fine,4.00001,0.1229,17.25165,0.05507,24
coarse_fine,4.00001,0.12294,17.2547,0.05512,24
coarse_fine,4.00001,0.13764,20.33602,0.04563,24
coarse_fine,6.00002,0.08016,15.9117,0.13982,24
coarse_fine,4.00001,0.12253,17.16773,0.05542,24
coarse_fine,4.00001,0.12456,17.61007,0.05388,24
coarse_fine,4.00001,0.12412,17.50766,0.05431,24
coarse_fine,4.00001,0.12275,17.21445,0.05528,24
coarse_fine,4.00001,0.12252,17.15904,0.05552,24
coarse_fine,4.00001,0.12283,17.23817,0.05515,24
coarse_fine,4.00001,0.12288,17.25391,0.05505,24
coarse_fine,4.00001,0.12285,17.24271,0.05514,24
coarse_fine,4.00001,0.12281,17.22509,0.05528,24
coarse_fine,4.00001,0.12284,17.16297,0.05613,24
coarse_fine,4.00001,0.12252,17.16363,0.05551,24
coarse_fine,4.00001,0.13205,19.17751,0.04913,24
coarse_fine,4.00001,0.13753,20.31395,0.04574,24
coarse_fine,4.00001,0.13278,19.33345,0.04862,24
coarse_fine,4.00001,0.12276,17.22839,0.05517,24
coarse_fine,4.00001,0.12243,17.15216,0.0555,24
coarse_fine,4.00001,0.12262,17.19672,0.05533,24
coarse_fine,4.00001,0.12255,17.16082,0.05565,24
coarse_fine,4.00001,0.12253,17.16557,0.05554,24
coarse_fine,4.00001,0.12258,17.18317,0.05543,24
coarse_fine,4.00001,0.13112,19.01593,0.04937,24
coarse_fine,4.00001,0.138,20.4038,0.04562,24
coarse_fine,4.00001,0.1224,17.14714,0.05556,24
coarse_fine,4.00001,0.12252,17.17725,0.05542,24
coarse_fine,4.00001,0.1225,17.17593,0.05539,24
coarse_fine,4.00001,0.12268,17.21754,0.05523,24
coarse_fine,4.00001,0.12264,17.20412,0.05533,24
coarse_fine,4.00001,0.1223,17.12117,0.05571,24
coarse_fine,4.00001,0.12262,17.17365,0.05572,24
coarse_fine,4.00001,0.12248,17.17347,0.05545,24
coarse_fine,4.00001,0.12302,17.29568,0.05499,24
coarse_fine,4.00001,0.13233,19.23721,0.0491,24
coarse_fine,4.00001,0.12281,17.25588,0.05508,24
coarse_fine,4.00001,0.1225,17.17792,0.05545,24
coarse_fine,4.00001,0.12294,17.28412,0.05499,24
coarse_fine,4.00001,0.12237,17.14638,0.05559,24
coarse_fine,4.00001,0.12234,17.14741,0.05554,24
coarse_fine,4.00001,0.12236,17.14644,0.05559,24
coarse_fine,4.00001,0.13786,20.39428,0.04558,24
coarse_fine,4.00001,0.12243,17.16454,0.05551,24
coarse_fine,4.00001,0.12174,16.9875,0.05638,24
coarse_fine,4.00001,0.12228,17.13207,0.05565,24
coarse_fine,4.00001,0.13783,20.40147,0.04546,24
coarse_fine,4.00001,0.12214,17.09724,0.05581,24
coarse_fine,4.00001,0.13725,20.28406,0.04579,24
coarse_fine,4.00001,0.13807,20.43598,0.04552,24
coarse_fine,4.00001,0.12224,17.12558,0.05566,24
coarse_fine,4.00001,0.13776,20.38676,0.04552,24
coarse_fine,4.00001,0.12231,17.12605,0.05579,24
coarse_fine,4.00001,0.12282,17.2609,0.05512,24
coarse_fine,4.00001,0.12308,17.32302,0.05485,24
coarse_fine,4.00001,0.12216,17.10367,0.0558,24
coarse_fine,4.00001,0.12235,17.15495,0.05554,24
coarse_fine,4.00001,0.12218,17.11013,0.05576,24
coarse_fine,4.00001,0.12217,17.10113,0.05588,24
coarse_fine,4.00001,0.1224,17.1657,0.05551,24
coarse_fine,4.00001,0.12251,17.15602,0.05586,24
coarse_fine,4.00001,0.1224,17.12104,0.05617,24
coarse_fine,4.00001,0.13822,20.47654,0.04544,24
coarse_fine,4.00001,0.1224,17.17183,0.05553,24
coarse_fine,4.00001,0.13787,20.40082,0.04572,24
coarse_fine,4.00001,0.12184,17.04495,0.05606,24
coarse_fine,4.00001,0.12213,17.11597,0.05575,24
coarse_fine,4.00001,0.12257,17.22222,0.05527,24
coarse_fine,4.00001,0.12247,17.19645,0.05542,24
coarse_fine,4.00001,0.12257,17.22252,0.0553,24
coarse_fine,4.00001,0.12187,17.04883,0.0561,24
coarse_fine,4.00001,0.12199,17.07554,0.05602,24
coarse_fine,4.00001,0.13796,20.43746,0.04551,24
coarse_fine,4.00001,0.12214,17.1198,0.05578,24
coarse_fine,6.00002,0.07985,16.01114,0.13847,24
coarse_fine,4.00001,0.13792,20.43068,0.04553,24
coarse_fine,4.00001,0.12205,17.09174,0.05599,24
coarse_fine,4.00001,0.1222,17.14513,0.05561,24
coarse_fine,4.00001,0.13765,20.38299,0.04567,24
coarse_fine,4.00001,0.12192,17.06543,0.05611,24
coarse_fine,4.00001,0.13763,20.37479,0.04574,24
coarse_fine,4.00001,0.12341,17.42182,0.05462,24
coarse_fine,6.00002,0.08078,16.32231,0.13655,24
coarse_fine,6.00002,0.08078,16.32231,0.13655,24
coarse_fine,4.00001,0.13667,20.20724,0.04603,24
coarse_fine,4.00001,0.12495,17.62209,0.05528,24
coarse_fine,4.00001,0.12192,17.09161,0.05592,24
coarse_fine,4.00001,0.1218,17.06797,0.056,24
coarse_fine,4.00001,0.12137,16.96649,0.05644,24
coarse_fine,4.00001,0.13749,20.37662,0.04565,24
coarse_fine,4.00001,0.12163,17.01188,0.05648,24
coarse_fine,4.00001,0.12153,17.01734,0.05625,24
coarse_fine,4.00001,0.12127,16.94872,0.05662,24
coarse_fine,4.00001,0.13762,20.41658,0.04553,24
coarse_fine,4.00001,0.13726,20.35088,0.04566,24
coarse_fine,4.00001,0.1382,20.51665,0.04544,24
coarse_fine,4.00001,0.12609,18.00858,0.05291,24
coarse_fine,4.00001,0.12182,17.0839,0.05605,24
coarse_fine,4.00001,0.13808,20.50437,0.04539,24
coarse_fine,4.00001,0.1377,20.43141,0.04557,24
coarse_fine,4.00001,0.12211,17.08999,0.05661,24
coarse_fine,4.00001,0.13284,19.45492,0.04819,24
coarse_fine,4.00001,0.12181,17.09737,0.05591,24
coarse_fine,4.00001,0.12151,17.01943,0.0563,24
coarse_fine,5.00001,0.1003,17.49547,0.08429,24
coarse_fine,4.00001,0.12132,16.9438,0.05694,24
coarse_fine,4.00001,0.13841,20.55507,0.04553,24
coarse_fine,4.00001,0.13771,20.45153,0.04544,24
coarse_fine,4.00001,0.12155,17.03191,0.05631,24
coarse_fine,4.00001,0.1232,17.26333,0.05675,24
coarse_fine,4.00001,0.13795,20.49041,0.04546,24
coarse_fine,4.00001,0.12045,16.77415,0.05741,24
coarse_fine,4.00001,0.13786,20.47908,0.04544,24
coarse_fine,4.00001,0.12156,17.0541,0.05612,24
coarse_fine,4.00001,0.13499,19.89062,0.04716,24
coarse_fine,4.00001,0.13764,20.44679,0.04544,24
coarse_fine,4.00001,0.12142,17.01109,0.05641,24
coarse_fine,4.00001,0.12093,16.90617,0.05677,24
coarse_fine,4.00001,0.13777,20.46646,0.04547,24
coarse_fine,4.00001,0.12133,17.00248,0.05639,24
coarse_fine,4.00001,0.12113,16.95227,0.05662,24
coarse_fine,4.00001,0.12064,16.81961,0.05733,24
coarse_fine,4.00001,0.12103,16.86815,0.05751,24
coarse_fine,4.00001,0.1373,20.37176,0.04581,24
coarse_fine,4.00001,0.12486,17.78895,0.05357,24
coarse_fine,4.00001,0.1383,20.56446,0.04543,24
coarse_fine,4.00001,0.12071,16.83178,0.05743,24
coarse_fine,4.00001,0.12022,16.71656,0.05799,24
coarse_fine,4.00001,0.12059,16.80084,0.05768,24
coarse_fine,4.00001,0.13811,20.54868,0.04537,24
coarse_fine,4.00001,0.13771,20.47318,0.04553,24
coarse_fine,4.00001,0.12,16.72544,0.05751,24
coarse_fine,4.00001,0.13798,20.53258,0.04537,24
coarse_fine,4.00001,0.1384,20.60174,0.04535,24
coarse_fine,4.00001,0.1247,17.62611,0.05559,24
coarse_fine,4.00001,0.12115,16.9902,0.0565,24
coarse_fine,5.00001,0.10099,17.96575,0.08021,24
coarse_fine,4.00001,0.13797,20.52185,0.04558,24
coarse_fine,4.00001,0.12115,16.98568,0.05661,24
coarse_fine,4.00001,0.13749,20.44638,0.0456,24
coarse_fine,4.00001,0.12005,16.73156,0.0577,24
coarse_fine,4.00001,0.12083,16.91983,0.05694,24
coarse_fine,4.00001,0.12106,16.98809,0.05656,24
coarse_fine,4.00001,0.13813,20.57736,0.04542,24
coarse_fine,4.00001,0.12118,17.02668,0.05637,24
coarse_fine,6.00002,0.07886,15.59582,0.14317,24
coarse_fine,6.00002,0.07886,15.59582,0.14317,24
coarse_fine,4.00001,0.13813,20.59734,0.04532,24
coarse_fine,5.00001,0.09829,17.17792,0.08521,24
coarse_fine,4.00001,0.11969,16.70172,0.05765,24
coarse_fine,4.00001,0.12037,16.8347,0.05735,24
coarse_fine,4.00001,0.13822,20.60074,0.04549,24
coarse_fine,4.00001,0.13807,20.59294,0.04531,24
coarse_fine,4.00001,0.12076,16.94956,0.05673,24
coarse_fine,4.00001,0.13812,20.59455,0.0454,24
coarse_fine,4.00001,0.13773,20.5319,0.04543,24
coarse_fine,4.00001,0.13788,20.54907,0.04555,24
coarse_fine,4.00001,0.12082,16.90304,0.0575,24
coarse_fine,4.00001,0.13807,20.60204,0.04527,24
coarse_fine,4.00001,0.11964,16.64372,0.05843,24
coarse_fine,4.00001,0.13849,20.6644,0.04534,24
coarse_fine,4.00001,0.13842,20.6586,0.04531,24
coarse_fine,4.00001,0.13863,20.70356,0.04522,24
coarse_fine,4.00001,0.12027,16.84868,0.0572,24
coarse_fine,4.00001,0.13819,20.63744,0.04524,24
coarse_fine,4.00001,0.13798,20.59453,0.04537,24
coarse_fine,4.00001,0.13826,20.64412,0.04532,24
coarse_fine,4.00001,0.13837,20.67296,0.04516,24
coarse_fine,4.00001,0.13748,20.50213,0.04555,24
coarse_fine,6.00002,0.07817,15.28946,0.14616,24
coarse_fine,4.00001,0.1198,16.71147,0.0581,24
coarse_fine,4.00001,0.13834,20.67051,0.04523,24
coarse_fine,4.00001,0.125,17.87786,0.05383,24
coarse_fine,4.00001,0.11993,16.70935,0.05848,24
coarse_fine,4.00001,0.12049,16.9038,0.05716,24
coarse_fine,4.00001,0.11889,16.53296,0.05875,24
coarse_fine,4.00001,0.12018,16.83832,0.05747,24
coarse_fine,4.00001,0.13855,20.6857,0.04565,24
coarse_fine,4.00001,0.13838,20.69593,0.04524,24
coarse_fine,4.00001,0.1385,20.72289,0.04518,24
coarse_fine,4.00001,0.13803,20.64361,0.04524,24
coarse_fine,4.00001,0.13848,20.72083,0.04516,24
coarse_fine,4.00001,0.11964,16.69831,0.05831,24
coarse_fine,4.00001,0.12716,18.3437,0.05265,24
coarse_fine,4.00001,0.12478,17.9019,0.05347,24
coarse_fine,4.00001,0.13757,20.55815,0.04553,24
coarse_fine,4.00001,0.13828,20.70649,0.04515,24
coarse_fine,4.00001,0.13793,20.64177,0.0453,24
coarse_fine,4.00001,0.11872,16.49947,0.05924,24
coarse_fine,4.00001,0.13864,20.77646,0.0451,24
coarse_fine,4.00001,0.13854,20.7531,0.04518,24
coarse_fine,4.00001,0.13815,20.67547,0.04544,24
coarse_fine,5.00001,0.09833,17.27628,0.08517,24
coarse_fine,6.00002,0.07903,15.87725,0.14131,24
coarse_fine,4.00001,0.13483,20.06182,0.04699,24
coarse_fine,4.00001,0.13859,20.79994,0.04522,24
coarse_fine,5.00001,0.09652,16.81025,0.08791,24
coarse_fine,4.00001,0.13818,20.74748,0.04521,24
coarse_fine,4.00001,0.12582,18.17996,0.05301,24
coarse_fine,5.00001,0.09858,17.33473,0.08567,24
coarse_fine,4.00001,0.11891,16.66025,0.05861,24
coarse_fine,4.00001,0.11902,16.68101,0.05862,24
coarse_fine,4.00001,0.13873,20.88514,0.04503,24
coarse_fine,5.00001,0.09732,16.89283,0.0891,24
coarse_fine,4.00001,0.11796,16.44025,0.05972,24
coarse_fine,5.00001,0.09963,17.6458,0.08438,24
coarse_fine,4.00001,0.1174,16.33992,0.06016,24
coarse_fine,4.00001,0.11852,16.62752,0.05895,24
coarse_fine,4.00001,0.11806,16.48005,0.05993,24
coarse_fine,4.00001,0.1172,16.32937,0.06018,24
coarse_fine,4.00001,0.11794,16.38657,0.06101,24
coarse_fine,4.00001,0.11739,16.38118,0.06003,24
coarse_fine,4.00001,0.1173,16.30927,0.06084,24
coarse_fine,4.00001,0.11724,16.36715,0.06007,24
coarse_fine,4.00001,0.11799,16.56354,0.05931,24
coarse_fine,4.00001,0.11792,16.50486,0.05993,24
coarse_fine,4.00001,0.13517,20.25588,0.04705,24
coarse_fine,4.00001,0.11645,16.20588,0.06088,24
coarse_fine,4.00001,0.12526,18.08686,0.05477,24
coarse_fine,4.00001,0.13886,21.01974,0.0451,24
coarse_fine,4.00001,0.11748,16.44544,0.06013,24
coarse_fine,4.00001,0.1391,21.08372,0.04489,24
coarse_fine,4.00001,0.11679,16.3178,0.06062,24
coarse_fine,4.00001,0.11679,16.30995,0.06088,24
coarse_fine,4.00001,0.11641,16.18944,0.06181,24
coarse_fine,5.00001,0.09576,16.79304,0.08971,24
coarse_fine,4.00001,0.11592,16.17166,0.0615,24
coarse_fine,6.00002,0.07574,15.06412,0.149,24
coarse_fine,4.00001,0.11576,16.16413,0.06184,24
coarse_fine,4.00001,0.1163,16.38293,0.06058,24
coarse_fine,5.00001,0.09629,17.09459,0.08798,24
coarse_fine,4.00001,0.11584,16.21544,0.0619,24
coarse_fine,5.00001,0.09575,16.77674,0.09113,24
coarse_fine,5.00001,0.09526,16.65215,0.09178,24
coarse_fine,4.00001,0.11506,15.98078,0.06406,24
coarse_fine,5.00001,0.09618,17.09805,0.08857,24
coarse_fine,4.00001,0.11508,16.10192,0.06259,24
coarse_fine,4.00001,0.11469,16.04051,0.06259,24
coarse_fine,4.00001,0.11514,16.09486,0.06303,24
coarse_fine,5.00001,0.09717,17.48841,0.08649,24
coarse_fine,6.00002,0.07543,15.47702,0.14608,24
coarse_fine,6.00002,0.08027,16.95902,0.13716,24
coarse_fine,5.00001,0.09421,16.5739,0.09336,24
coarse_fine,5.00001,0.09606,17.27044,0.08884,24
coarse_fine,6.00002,0.07857,16.0474,0.14633,24
coarse_fine,6.00002,0.07857,16.0474,0.14633,24
coarse_fine,5.00001,0.09336,16.32958,0.09603,24
coarse_fine,5.00001,0.09476,16.60392,0.09609,24
coarse_fine,5.00001,0.09633,17.3308,0.09004,24
coarse_fine,5.00001,0.09442,16.50917,0.0974,24
coarse_fine,5.00001,0.09427,16.65072,0.09549,24
coarse_fine,6.00002,0.07593,14.94377,0.15746,24
coarse_fine,6.00002,0.07593,14.94377,0.15746,24
coarse_fine,5.00001,0.09451,16.58458,0.09712,24
coarse_fine,6.00002,0.07724,15.29159,0.15599,24
coarse_fine,6.00002,0.07398,14.71508,0.15688,24
coarse_fine,4.00001,0.11134,15.47971,0.06889,24
coarse_fine,5.00001,0.09208,16.33225,0.09626,24
coarse_fine,4.00001,0.11126,15.50634,0.06869,24
coarse_fine,6.00002,0.0747,14.95859,0.15616,24
coarse_fine,5.00001,0.093,16.3519,0.09819,24
coarse_fine,4.00001,0.11175,15.77669,0.06659,24
coarse_fine,4.00001,0.11184,15.89356,0.06542,24
coarse_fine,4.00001,0.11282,16.03106,0.06565,24
coarse_fine,4.00001,0.11161,15.83288,0.06616,24
coarse_fine,6.00002,0.07432,14.98319,0.15578,24
coarse_fine,6.00002,0.07432,14.98319,0.15578,24
coarse_fine,5.00001,0.09535,16.74946,0.09866,24
coarse_fine,4.00001,0.11212,15.94276,0.06599,24
coarse_fine,4.00001,0.11055,15.65797,0.06711,24
coarse_fine,5.00001,0.09394,17.16368,0.09156,24
coarse_fine,4.00001,0.11124,15.7988,0.06706,24
coarse_fine,4.00001,0.11064,15.68067,0.06783,24
coarse_fine,4.00001,0.1091,15.32475,0.06946,24
coarse_fine,5.00001,0.09384,16.49598,0.10107,24
coarse_fine,5.00001,0.09249,16.76217,0.09543,24
coarse_fine,5.00001,0.09236,16.29487,0.10163,24
coarse_fine,6.00002,0.07221,14.68862,0.15883,24
coarse_fine,6.00002,0.07221,14.68862,0.15883,24
coarse_fine,5.00001,0.09177,16.15786,0.10282,24
coarse_fine,5.00001,0.09537,17.73667,0.09075,24
coarse_fine,5.00001,0.09141,16.07485,0.10411,24
coarse_fine,5.00001,0.09027,16.1454,0.10107,24
coarse_fine,6.00002,0.07416,14.67441,0.1658,24
coarse_fine,6.00002,0.07416,14.67441,0.1658,24
coarse_fine,4.00001,0.10919,15.63579,0.07018,24
coarse_fine,4.00001,0.10888,15.61084,0.06989,24
coarse_fine,5.00001,0.08814,15.43655,0.10803,24
coarse_fine,5.00001,0.08926,15.70671,0.10739,24
coarse_fine,4.00001,0.10847,15.77826,0.06912,24
coarse_fine,5.00001,0.0896,16.33298,0.10174,24
coarse_fine,5.00001,0.08714,15.59666,0.10775,24
coarse_fine,4.00001,0.10597,15.26994,0.07322,24
coarse_fine,4.00001,0.10614,15.05375,0.07649,24
coarse_fine,5.00001,0.08824,15.83555,0.10736,24
coarse_fine,5.00001,0.08708,15.30726,0.11344,24
coarse_fine,5.00001,0.08847,16.1448,0.10583,24
coarse_fine,4.00001,0.10487,15.11405,0.07518,22
coarse_fine,4.00001,0.10555,15.23266,0.07506,22
coarse_fine,4.00001,0.10492,15.17824,0.07514,22
coarse_fine,6.00002,0.07449,15.79845,0.16,24
coarse_fine,6.00002,0.07449,15.79845,0.16,24
coarse_fine,4.00001,0.10365,14.91696,0.07613,22
coarse_fine,4.00001,0.10478,15.18258,0.0752,22
coarse_fine,4.00001,0.10486,15.20558,0.07508,22
coarse_fine,4.00001,0.10372,14.95187,0.07603,22
coarse_fine,4.00001,0.10457,15.11054,0.07582,22
coarse_fine,4.00001,0.10512,15.25136,0.07515,22
coarse_fine,4.00001,0.10423,15.05482,0.07586,22
coarse_fine,4.00001,0.10503,15.24714,0.07517,22
coarse_fine,4.00001,0.1043,14.98308,0.07714,24
coarse_fine,4.00001,0.10491,15.27957,0.07459,22
coarse_fine,4.00001,0.10475,15.21819,0.07519,22
coarse_fine,4.00001,0.10483,15.3002,0.07442,22
coarse_fine,4.00001,0.10471,15.20332,0.07548,22
coarse_fine,4.00001,0.10347,14.91626,0.07668,22
coarse_fine,4.00001,0.10477,15.27249,0.07478,22
coarse_fine,4.00001,0.10407,15.08887,0.07576,22
coarse_fine,4.00001,0.10433,15.14665,0.0756,22
coarse_fine,4.00001,0.10431,15.18298,0.07519,22
coarse_fine,4.00001,0.10469,15.25767,0.07502,22
coarse_fine,4.00001,0.1039,14.99898,0.07701,22
coarse_fine,4.00001,0.10412,15.17774,0.07528,22
coarse_fine,4.00001,0.10296,14.83187,0.07743,22
coarse_fine,4.00001,0.10377,15.05068,0.07633,22
coarse_fine,4.00001,0.10406,15.14724,0.07582,22
coarse_fine,4.00001,0.10433,15.21815,0.07551,22
coarse_fine,4.00001,0.10305,14.86667,0.07765,22
coarse_fine,5.00001,0.08859,16.27376,0.10757,24
coarse_fine,4.00001,0.10282,14.86923,0.07742,22
coarse_fine,4.00001,0.10348,15.07554,0.07621,22
coarse_fine,4.00001,0.10287,14.93155,0.07688,22
coarse_fine,5.00001,0.0863,15.60201,0.11187,24
coarse_fine,4.00001,0.10337,14.8487,0.07902,22
coarse_fine,4.00001,0.1037,15.13758,0.076,22
coarse_fine,4.00001,0.1025,14.77255,0.07829,22
coarse_fine,4.00001,0.10084,14.35622,0.08026,22
coarse_fine,4.00001,0.1022,14.71877,0.07845,22
coarse_fine,4.00001,0.1042,15.29697,0.07518,22
coarse_fine,6.00002,0.07437,15.11704,0.17182,24
coarse_fine,4.00001,0.10415,15.28662,0.07568,22
coarse_fine,4.00001,0.10187,14.66471,0.07916,22
coarse_fine,4.00001,0.10061,14.3969,0.08012,24
coarse_fine,4.00001,0.10175,14.61111,0.08031,22
coarse_fine,4.00001,0.10197,14.81788,0.07826,22
coarse_fine,4.00001,0.10152,14.51871,0.08123,24
coarse_fine,4.00001,0.10208,14.8583,0.07814,22
coarse_fine,4.00001,0.10318,15.15845,0.07663,22
coarse_fine,4.00001,0.10226,14.7458,0.08007,22
coarse_fine,4.00001,0.10211,14.66445,0.08109,22
coarse_fine,4.00001,0.10213,14.69331,0.08114,22
coarse_fine,4.00001,0.10122,14.59151,0.08079,22
coarse_fine,4.00001,0.10071,14.24825,0.08425,24
coarse_fine,4.00001,0.10005,14.32076,0.08218,24
coarse_fine,4.00001,0.10301,15.30526,0.07641,22
coarse_fine,6.00002,0.06919,14.02099,0.17907,24
coarse_fine,6.00002,0.06982,14.14884,0.17899,24
coarse_fine,6.00002,0.06982,14.14884,0.17899,24
coarse_fine,6.00002,0.0694,14.59548,0.17264,24
coarse_fine,5.00001,0.08597,15.20293,0.12144,24
coarse_fine,5.00001,0.08467,15.37605,0.11728,24
coarse_fine,6.00002,0.06967,13.99714,0.18376,24
coarse_fine,4.00001,0.09707,13.81836,0.08802,24
coarse_fine,4.00001,0.10077,15.10204,0.07928,22
coarse_fine,5.00001,0.0824,14.95437,0.12169,24
coarse_fine,5.00001,0.0842,15.09215,0.12386,24
coarse_fine,6.00002,0.06919,13.77462,0.18827,24
coarse_fine,6.00002,0.06919,13.76684,0.18965,24
coarse_fine,6.00002,0.06919,13.76684,0.18965,24
coarse_fine,4.00001,0.09612,13.60701,0.0919,24
coarse_fine,4.00001,0.09798,14.34126,0.08631,22
coarse_fine,6.00002,0.06947,14.28812,0.18399,24
coarse_fine,4.00001,0.09744,14.19685,0.08827,22
coarse_fine,4.00001,0.09778,14.30206,0.0885,22
coarse_fine,4.00001,0.09756,14.31095,0.08807,22
coarse_fine,4.00001,0.09713,14.3734,0.08673,22
coarse_fine,4.00001,0.09637,14.21898,0.08722,22
coarse_fine,5.00001,0.08252,14.79651,0.12926,24
coarse_fine,6.00002,0.06874,14.50829,0.18286,24
coarse_fine,6.00002,0.06874,14.50829,0.18286,24
coarse_fine,5.00001,0.08172,14.83121,0.12875,24
coarse_fine,4.00001,0.09569,14.01932,0.09071,22
coarse_fine,4.00001,0.09613,14.17868,0.09,22
coarse_fine,4.00001,0.09489,13.90321,0.09237,22
coarse_fine,5.00001,0.08323,15.76311,0.12324,24
coarse_fine,4.00001,0.09687,14.69012,0.088,24
coarse_fine,5.00001,0.07953,14.76138,0.13077,24
coarse_fine,5.00001,0.07945,14.30497,0.13682,24
coarse_fine,4.00001,0.0937,13.65792,0.09701,22
coarse_fine,6.00002,0.07016,14.35746,0.19519,24
coarse_fine,4.00001,0.0926,13.59515,0.09604,22
coarse_fine,4.00001,0.09351,13.84392,0.09479,22
coarse_fine,5.00001,0.07933,14.67291,0.13328,24
coarse_fine,5.00001,0.08151,14.39911,0.14129,24
coarse_fine,4.00001,0.09201,13.23774,0.10024,24
coarse_fine,4.00001,0.09244,13.63782,0.09675,22
coarse_fine,5.00001,0.08019,14.28002,0.14159,24
coarse_fine,4.00001,0.09279,13.75655,0.09661,22
coarse_fine,4.00001,0.09285,13.72775,0.09737,22
coarse_fine,6.00002,0.06607,13.74463,0.19799,24
coarse_fine,4.00001,0.09147,13.47627,0.10008,22
coarse_fine,5.00001,0.07771,13.46326,0.15214,24
coarse_fine,4.00001,0.08909,13.28923,0.10184,24
coarse_fine,4.00001,0.0902,13.44879,0.10238,22
coarse_fine,4.00001,0.0891,13.17509,0.10374,22
coarse_fine,5.00001,0.07712,14.3642,0.14142,24
coarse_fine,5.00001,0.0775,13.84694,0.15126,24
coarse_fine,5.00001,0.07797,15.49067,0.13136,24
coarse_fine,5.00001,0.07888,14.26269,0.15053,24
coarse_fine,4.00001,0.09073,14.16925,0.1,24
coarse_fine,5.00001,0.07556,14.21125,0.14654,24
coarse_fine,4.00001,0.08763,13.03816,0.11016,22
coarse_fine,4.00001,0.08677,12.88123,0.11085,22
coarse_fine,5.00001,0.07557,14.69803,0.1426,24
coarse_fine,4.00001,0.08808,13.78401,0.10397,24
coarse_fine,4.00001,0.08622,13.01811,0.11269,22
coarse_fine,5.00001,0.0747,13.17703,0.16483,24
coarse_fine,4.00001,0.08312,12.28491,0.11705,24
coarse_fine,5.00001,0.07476,13.45197,0.16583,24
coarse_fine,4.00001,0.08537,12.81944,0.12035,22
coarse_fine,5.00001,0.07344,12.98843,0.1714,24
coarse_fine,4.00001,0.08356,12.84514,0.11739,22
coarse_fine,5.00001,0.07422,13.0821,0.17416,24
coarse_fine,4.00001,0.08272,12.19804,0.12768,24
coarse_fine,4.00001,0.08383,12.78149,0.12612,22
coarse_fine,4.00001,0.08152,12.1678,0.12995,24
coarse_fine,4.00001,0.08331,12.68441,0.12775,22
coarse_fine,5.00001,0.06963,13.39701,0.1696,24
coarse_fine,4.00001,0.07917,12.26071,0.13668,22
coarse_fine,5.00001,0.0675,12.40367,0.19118,24
coarse_fine,4.00001,0.07794,12.25573,0.13809,22
coarse_fine,4.00001,0.07785,12.66612,0.13433,22
coarse_fine,4.00001,0.08104,14.5766,0.11861,24
coarse_fine,4.00001,0.07634,11.90552,0.14586,24
coarse_fine,5.00001,0.06887,12.84222,0.19763,24
coarse_fine,4.00001,0.07621,11.92068,0.15066,22
coarse_fine,5.00001,0.06507,12.81144,0.19414,24
coarse_fine,4.00001,0.07563,11.77925,0.15205,24
coarse_fine,4.00001,0.07364,12.07124,0.14625,24
coarse_fine,4.0,0.07697,12.01607,0.15577,24
coarse_fine,4.00001,0.07484,11.64674,0.15635,22
coarse_fine,4.00001,0.07645,12.68594,0.14632,22
coarse_fine,4.00001,0.07324,11.78392,0.15339,24
coarse_fine,4.00001,0.07406,12.53948,0.14565,24
coarse_fine,4.00001,0.07205,11.38638,0.15875,22
coarse_fine,4.00001,0.07214,11.60226,0.15621,22
coarse_fine,4.00001,0.07852,14.28967,0.13726,24
coarse_fine,4.00001,0.06998,10.93113,0.16618,22
coarse_fine,4.00001,0.07422,13.40373,0.14469,22
coarse_fine,4.0,0.07348,11.62221,0.16722,22
coarse_fine,4.00001,0.07302,11.58333,0.16821,22
coarse_fine,4.00001,0.07324,11.60759,0.16838,22
coarse_fine,4.00001,0.07412,13.96143,0.14259,22
coarse_fine,4.00001,0.07214,11.51838,0.17075,22
coarse_fine,4.00001,0.07112,11.25511,0.17764,24
coarse_fine,4.0,0.07221,11.38829,0.17943,22
coarse_fine,4.00001,0.06911,12.25587,0.16716,22
coarse_fine,4.00001,0.06914,12.4023,0.17628,22
coarse_fine,4.00001,0.06779,10.73537,0.19872,22
coarse_fine,4.00001,0.06514,10.90259,0.19498,22
