ISO-10303-21;
HEADER;
FILE_DESCRIPTION(('Open CASCADE Model'),'2;1');
FILE_NAME('Open CASCADE Shape Model','2026-09-29T19:00:32',('Author'),(
    'Open CASCADE'),'Open CASCADE STEP processor 7.9','Open CASCADE 7.9'
  ,'Unknown');
FILE_SCHEMA(('AUTOMOTIVE_DESIGN { 1 0 10303 214 1 1 1 1 }'));
ENDSEC;
DATA;
#1 = APPLICATION_PROTOCOL_DEFINITION('international standard',
  'automotive_design',2000,#2);
#2 = APPLICATION_CONTEXT(
  'core data for automotive mechanical design processes');
#3 = SHAPE_DEFINITION_REPRESENTATION(#4,#10);
#4 = PRODUCT_DEFINITION_SHAPE('','',#5);
#5 = PRODUCT_DEFINITION('design','',#6,#9);
#6 = PRODUCT_DEFINITION_FORMATION('','',#7);
#7 = PRODUCT('rig_pagesense','rig_pagesense','',(#8));
#8 = PRODUCT_CONTEXT('',#2,'mechanical');
#9 = PRODUCT_DEFINITION_CONTEXT('part definition',#2,'design');
#10 = SHAPE_REPRESENTATION('',(#11,#15,#19,#23,#27,#31,#35,#39,#43,#47,
    #51),#55);
#11 = AXIS2_PLACEMENT_3D('',#12,#13,#14);
#12 = CARTESIAN_POINT('',(0.,0.,0.));
#13 = DIRECTION('',(0.,0.,1.));
#14 = DIRECTION('',(1.,0.,-0.));
#15 = AXIS2_PLACEMENT_3D('',#16,#17,#18);
#16 = CARTESIAN_POINT('',(0.,0.,0.));
#17 = DIRECTION('',(0.,0.,1.));
#18 = DIRECTION('',(1.,0.,-0.));
#19 = AXIS2_PLACEMENT_3D('',#20,#21,#22);
#20 = CARTESIAN_POINT('',(0.,0.,0.));
#21 = DIRECTION('',(0.,0.,1.));
#22 = DIRECTION('',(1.,0.,-0.));
#23 = AXIS2_PLACEMENT_3D('',#24,#25,#26);
#24 = CARTESIAN_POINT('',(0.,0.,0.));
#25 = DIRECTION('',(0.,0.,1.));
#26 = DIRECTION('',(1.,0.,-0.));
#27 = AXIS2_PLACEMENT_3D('',#28,#29,#30);
#28 = CARTESIAN_POINT('',(0.,0.,0.));
#29 = DIRECTION('',(0.,0.,1.));
#30 = DIRECTION('',(1.,0.,-0.));
#31 = AXIS2_PLACEMENT_3D('',#32,#33,#34);
#32 = CARTESIAN_POINT('',(0.,0.,0.));
#33 = DIRECTION('',(0.,0.,1.));
#34 = DIRECTION('',(1.,0.,-0.));
#35 = AXIS2_PLACEMENT_3D('',#36,#37,#38);
#36 = CARTESIAN_POINT('',(0.,0.,0.));
#37 = DIRECTION('',(0.,0.,1.));
#38 = DIRECTION('',(1.,0.,-0.));
#39 = AXIS2_PLACEMENT_3D('',#40,#41,#42);
#40 = CARTESIAN_POINT('',(0.,0.,0.));
#41 = DIRECTION('',(0.,0.,1.));
#42 = DIRECTION('',(1.,0.,-0.));
#43 = AXIS2_PLACEMENT_3D('',#44,#45,#46);
#44 = CARTESIAN_POINT('',(0.,0.,0.));
#45 = DIRECTION('',(0.,0.,1.));
#46 = DIRECTION('',(1.,0.,-0.));
#47 = AXIS2_PLACEMENT_3D('',#48,#49,#50);
#48 = CARTESIAN_POINT('',(0.,0.,0.));
#49 = DIRECTION('',(0.,0.,1.));
#50 = DIRECTION('',(1.,0.,-0.));
#51 = AXIS2_PLACEMENT_3D('',#52,#53,#54);
#52 = CARTESIAN_POINT('',(0.,0.,0.));
#53 = DIRECTION('',(0.,0.,1.));
#54 = DIRECTION('',(1.,0.,-0.));
#55 = ( GEOMETRIC_REPRESENTATION_CONTEXT(3) 
GLOBAL_UNCERTAINTY_ASSIGNED_CONTEXT((#59)) GLOBAL_UNIT_ASSIGNED_CONTEXT(
(#56,#57,#58)) REPRESENTATION_CONTEXT('Context #1',
  '3D Context with UNIT and UNCERTAINTY') );
#56 = ( LENGTH_UNIT() NAMED_UNIT(*) SI_UNIT(.MILLI.,.METRE.) );
#57 = ( NAMED_UNIT(*) PLANE_ANGLE_UNIT() SI_UNIT($,.RADIAN.) );
#58 = ( NAMED_UNIT(*) SI_UNIT($,.STERADIAN.) SOLID_ANGLE_UNIT() );
#59 = UNCERTAINTY_MEASURE_WITH_UNIT(LENGTH_MEASURE(1.E-07),#56,
  'distance_accuracy_value','confusion accuracy');
#60 = PRODUCT_RELATED_PRODUCT_CATEGORY('part',$,(#7));
#61 = SHAPE_DEFINITION_REPRESENTATION(#62,#68);
#62 = PRODUCT_DEFINITION_SHAPE('','',#63);
#63 = PRODUCT_DEFINITION('design','',#64,#67);
#64 = PRODUCT_DEFINITION_FORMATION('','',#65);
#65 = PRODUCT('paper','paper','',(#66));
#66 = PRODUCT_CONTEXT('',#2,'mechanical');
#67 = PRODUCT_DEFINITION_CONTEXT('part definition',#2,'design');
#68 = ADVANCED_BREP_SHAPE_REPRESENTATION('',(#11,#69),#399);
#69 = MANIFOLD_SOLID_BREP('',#70);
#70 = CLOSED_SHELL('',(#71,#191,#291,#338,#385,#392));
#71 = ADVANCED_FACE('',(#72),#86,.F.);
#72 = FACE_BOUND('',#73,.F.);
#73 = EDGE_LOOP('',(#74,#109,#137,#165));
#74 = ORIENTED_EDGE('',*,*,#75,.F.);
#75 = EDGE_CURVE('',#76,#78,#80,.T.);
#76 = VERTEX_POINT('',#77);
#77 = CARTESIAN_POINT('',(-95.,-70.,-0.1));
#78 = VERTEX_POINT('',#79);
#79 = CARTESIAN_POINT('',(-95.,-70.,0.));
#80 = SURFACE_CURVE('',#81,(#85,#97),.PCURVE_S1.);
#81 = LINE('',#82,#83);
#82 = CARTESIAN_POINT('',(-95.,-70.,-0.1));
#83 = VECTOR('',#84,1.);
#84 = DIRECTION('',(0.,0.,1.));
#85 = PCURVE('',#86,#91);
#86 = PLANE('',#87);
#87 = AXIS2_PLACEMENT_3D('',#88,#89,#90);
#88 = CARTESIAN_POINT('',(-95.,-70.,-0.1));
#89 = DIRECTION('',(1.,0.,0.));
#90 = DIRECTION('',(0.,0.,1.));
#91 = DEFINITIONAL_REPRESENTATION('',(#92),#96);
#92 = LINE('',#93,#94);
#93 = CARTESIAN_POINT('',(0.,0.));
#94 = VECTOR('',#95,1.);
#95 = DIRECTION('',(1.,0.));
#96 = ( GEOMETRIC_REPRESENTATION_CONTEXT(2) 
PARAMETRIC_REPRESENTATION_CONTEXT() REPRESENTATION_CONTEXT('2D SPACE',''
  ) );
#97 = PCURVE('',#98,#103);
#98 = PLANE('',#99);
#99 = AXIS2_PLACEMENT_3D('',#100,#101,#102);
#100 = CARTESIAN_POINT('',(-95.,-70.,-0.1));
#101 = DIRECTION('',(0.,1.,0.));
#102 = DIRECTION('',(0.,0.,1.));
#103 = DEFINITIONAL_REPRESENTATION('',(#104),#108);
#104 = LINE('',#105,#106);
#105 = CARTESIAN_POINT('',(0.,0.));
#106 = VECTOR('',#107,1.);
#107 = DIRECTION('',(1.,0.));
#108 = ( GEOMETRIC_REPRESENTATION_CONTEXT(2) 
PARAMETRIC_REPRESENTATION_CONTEXT() REPRESENTATION_CONTEXT('2D SPACE',''
  ) );
#109 = ORIENTED_EDGE('',*,*,#110,.T.);
#110 = EDGE_CURVE('',#76,#111,#113,.T.);
#111 = VERTEX_POINT('',#112);
#112 = CARTESIAN_POINT('',(-95.,70.,-0.1));
#113 = SURFACE_CURVE('',#114,(#118,#125),.PCURVE_S1.);
#114 = LINE('',#115,#116);
#115 = CARTESIAN_POINT('',(-95.,-70.,-0.1));
#116 = VECTOR('',#117,1.);
#117 = DIRECTION('',(0.,1.,0.));
#118 = PCURVE('',#86,#119);
#119 = DEFINITIONAL_REPRESENTATION('',(#120),#124);
#120 = LINE('',#121,#122);
#121 = CARTESIAN_POINT('',(0.,0.));
#122 = VECTOR('',#123,1.);
#123 = DIRECTION('',(0.,-1.));
#124 = ( GEOMETRIC_REPRESENTATION_CONTEXT(2) 
PARAMETRIC_REPRESENTATION_CONTEXT() REPRESENTATION_CONTEXT('2D SPACE',''
  ) );
#125 = PCURVE('',#126,#131);
#126 = PLANE('',#127);
#127 = AXIS2_PLACEMENT_3D('',#128,#129,#130);
#128 = CARTESIAN_POINT('',(-95.,-70.,-0.1));
#129 = DIRECTION('',(0.,0.,1.));
#130 = DIRECTION('',(1.,0.,0.));
#131 = DEFINITIONAL_REPRESENTATION('',(#132),#136);
#132 = LINE('',#133,#134);
#133 = CARTESIAN_POINT('',(0.,0.));
#134 = VECTOR('',#135,1.);
#135 = DIRECTION('',(0.,1.));
#136 = ( GEOMETRIC_REPRESENTATION_CONTEXT(2) 
PARAMETRIC_REPRESENTATION_CONTEXT() REPRESENTATION_CONTEXT('2D SPACE',''
  ) );
#137 = ORIENTED_EDGE('',*,*,#138,.T.);
#138 = EDGE_CURVE('',#111,#139,#141,.T.);
#139 = VERTEX_POINT('',#140);
#140 = CARTESIAN_POINT('',(-95.,70.,0.));
#141 = SURFACE_CURVE('',#142,(#146,#153),.PCURVE_S1.);
#142 = LINE('',#143,#144);
#143 = CARTESIAN_POINT('',(-95.,70.,-0.1));
#144 = VECTOR('',#145,1.);
#145 = DIRECTION('',(0.,0.,1.));
#146 = PCURVE('',#86,#147);
#147 = DEFINITIONAL_REPRESENTATION('',(#148),#152);
#148 = LINE('',#149,#150);
#149 = CARTESIAN_POINT('',(0.,-140.));
#150 = VECTOR('',#151,1.);
#151 = DIRECTION('',(1.,0.));
#152 = ( GEOMETRIC_REPRESENTATION_CONTEXT(2) 
PARAMETRIC_REPRESENTATION_CONTEXT() REPRESENTATION_CONTEXT('2D SPACE',''
  ) );
#153 = PCURVE('',#154,#159);
#154 = PLANE('',#155);
#155 = AXIS2_PLACEMENT_3D('',#156,#157,#158);
#156 = CARTESIAN_POINT('',(-95.,70.,-0.1));
#157 = DIRECTION('',(0.,1.,0.));
#158 = DIRECTION('',(0.,0.,1.));
#159 = DEFINITIONAL_REPRESENTATION('',(#160),#164);
#160 = LINE('',#161,#162);
#161 = CARTESIAN_POINT('',(0.,0.));
#162 = VECTOR('',#163,1.);
#163 = DIRECTION('',(1.,0.));
#164 = ( GEOMETRIC_REPRESENTATION_CONTEXT(2) 
PARAMETRIC_REPRESENTATION_CONTEXT() REPRESENTATION_CONTEXT('2D SPACE',''
  ) );
#165 = ORIENTED_EDGE('',*,*,#166,.F.);
#166 = EDGE_CURVE('',#78,#139,#167,.T.);
#167 = SURFACE_CURVE('',#168,(#172,#179),.PCURVE_S1.);
#168 = LINE('',#169,#170);
#169 = CARTESIAN_POINT('',(-95.,-70.,0.));
#170 = VECTOR('',#171,1.);
#171 = DIRECTION('',(0.,1.,0.));
#172 = PCURVE('',#86,#173);
#173 = DEFINITIONAL_REPRESENTATION('',(#174),#178);
#174 = LINE('',#175,#176);
#175 = CARTESIAN_POINT('',(0.1,0.));
#176 = VECTOR('',#177,1.);
#177 = DIRECTION('',(0.,-1.));
#178 = ( GEOMETRIC_REPRESENTATION_CONTEXT(2) 
PARAMETRIC_REPRESENTATION_CONTEXT() REPRESENTATION_CONTEXT('2D SPACE',''
  ) );
#179 = PCURVE('',#180,#185);
#180 = PLANE('',#181);
#181 = AXIS2_PLACEMENT_3D('',#182,#183,#184);
#182 = CARTESIAN_POINT('',(-95.,-70.,0.));
#183 = DIRECTION('',(0.,0.,1.));
#184 = DIRECTION('',(1.,0.,0.));
#185 = DEFINITIONAL_REPRESENTATION('',(#186),#190);
#186 = LINE('',#187,#188);
#187 = CARTESIAN_POINT('',(0.,0.));
#188 = VECTOR('',#189,1.);
#189 = DIRECTION('',(0.,1.));
#190 = ( GEOMETRIC_REPRESENTATION_CONTEXT(2) 
PARAMETRIC_REPRESENTATION_CONTEXT() REPRESENTATION_CONTEXT('2D SPACE',''
  ) );
#191 = ADVANCED_FACE('',(#192),#206,.T.);
#192 = FACE_BOUND('',#193,.T.);
#193 = EDGE_LOOP('',(#194,#224,#247,#270));
#194 = ORIENTED_EDGE('',*,*,#195,.F.);
#195 = EDGE_CURVE('',#196,#198,#200,.T.);
#196 = VERTEX_POINT('',#197);
#197 = CARTESIAN_POINT('',(95.,-70.,-0.1));
#198 = VERTEX_POINT('',#199);
#199 = CARTESIAN_POINT('',(95.,-70.,0.));
#200 = SURFACE_CURVE('',#201,(#205,#217),.PCURVE_S1.);
#201 = LINE('',#202,#203);
#202 = CARTESIAN_POINT('',(95.,-70.,-0.1));
#203 = VECTOR('',#204,1.);
#204 = DIRECTION('',(0.,0.,1.));
#205 = PCURVE('',#206,#211);
#206 = PLANE('',#207);
#207 = AXIS2_PLACEMENT_3D('',#208,#209,#210);
#208 = CARTESIAN_POINT('',(95.,-70.,-0.1));
#209 = DIRECTION('',(1.,0.,0.));
#210 = DIRECTION('',(0.,0.,1.));
#211 = DEFINITIONAL_REPRESENTATION('',(#212),#216);
#212 = LINE('',#213,#214);
#213 = CARTESIAN_POINT('',(0.,0.));
#214 = VECTOR('',#215,1.);
#215 = DIRECTION('',(1.,0.));
#216 = ( GEOMETRIC_REPRESENTATION_CONTEXT(2) 
PARAMETRIC_REPRESENTATION_CONTEXT() REPRESENTATION_CONTEXT('2D SPACE',''
  ) );
#217 = PCURVE('',#98,#218);
#218 = DEFINITIONAL_REPRESENTATION('',(#219),#223);
#219 = LINE('',#220,#221);
#220 = CARTESIAN_POINT('',(0.,190.));
#221 = VECTOR('',#222,1.);
#222 = DIRECTION('',(1.,0.));
#223 = ( GEOMETRIC_REPRESENTATION_CONTEXT(2) 
PARAMETRIC_REPRESENTATION_CONTEXT() REPRESENTATION_CONTEXT('2D SPACE',''
  ) );
#224 = ORIENTED_EDGE('',*,*,#225,.T.);
#225 = EDGE_CURVE('',#196,#226,#228,.T.);
#226 = VERTEX_POINT('',#227);
#227 = CARTESIAN_POINT('',(95.,70.,-0.1));
#228 = SURFACE_CURVE('',#229,(#233,#240),.PCURVE_S1.);
#229 = LINE('',#230,#231);
#230 = CARTESIAN_POINT('',(95.,-70.,-0.1));
#231 = VECTOR('',#232,1.);
#232 = DIRECTION('',(0.,1.,0.));
#233 = PCURVE('',#206,#234);
#234 = DEFINITIONAL_REPRESENTATION('',(#235),#239);
#235 = LINE('',#236,#237);
#236 = CARTESIAN_POINT('',(0.,0.));
#237 = VECTOR('',#238,1.);
#238 = DIRECTION('',(0.,-1.));
#239 = ( GEOMETRIC_REPRESENTATION_CONTEXT(2) 
PARAMETRIC_REPRESENTATION_CONTEXT() REPRESENTATION_CONTEXT('2D SPACE',''
  ) );
#240 = PCURVE('',#126,#241);
#241 = DEFINITIONAL_REPRESENTATION('',(#242),#246);
#242 = LINE('',#243,#244);
#243 = CARTESIAN_POINT('',(190.,0.));
#244 = VECTOR('',#245,1.);
#245 = DIRECTION('',(0.,1.));
#246 = ( GEOMETRIC_REPRESENTATION_CONTEXT(2) 
PARAMETRIC_REPRESENTATION_CONTEXT() REPRESENTATION_CONTEXT('2D SPACE',''
  ) );
#247 = ORIENTED_EDGE('',*,*,#248,.T.);
#248 = EDGE_CURVE('',#226,#249,#251,.T.);
#249 = VERTEX_POINT('',#250);
#250 = CARTESIAN_POINT('',(95.,70.,0.));
#251 = SURFACE_CURVE('',#252,(#256,#263),.PCURVE_S1.);
#252 = LINE('',#253,#254);
#253 = CARTESIAN_POINT('',(95.,70.,-0.1));
#254 = VECTOR('',#255,1.);
#255 = DIRECTION('',(0.,0.,1.));
#256 = PCURVE('',#206,#257);
#257 = DEFINITIONAL_REPRESENTATION('',(#258),#262);
#258 = LINE('',#259,#260);
#259 = CARTESIAN_POINT('',(0.,-140.));
#260 = VECTOR('',#261,1.);
#261 = DIRECTION('',(1.,0.));
#262 = ( GEOMETRIC_REPRESENTATION_CONTEXT(2) 
PARAMETRIC_REPRESENTATION_CONTEXT() REPRESENTATION_CONTEXT('2D SPACE',''
  ) );
#263 = PCURVE('',#154,#264);
#264 = DEFINITIONAL_REPRESENTATION('',(#265),#269);
#265 = LINE('',#266,#267);
#266 = CARTESIAN_POINT('',(0.,190.));
#267 = VECTOR('',#268,1.);
#268 = DIRECTION('',(1.,0.));
#269 = ( GEOMETRIC_REPRESENTATION_CONTEXT(2) 
PARAMETRIC_REPRESENTATION_CONTEXT() REPRESENTATION_CONTEXT('2D SPACE',''
  ) );
#270 = ORIENTED_EDGE('',*,*,#271,.F.);
#271 = EDGE_CURVE('',#198,#249,#272,.T.);
#272 = SURFACE_CURVE('',#273,(#277,#284),.PCURVE_S1.);
#273 = LINE('',#274,#275);
#274 = CARTESIAN_POINT('',(95.,-70.,0.));
#275 = VECTOR('',#276,1.);
#276 = DIRECTION('',(0.,1.,0.));
#277 = PCURVE('',#206,#278);
#278 = DEFINITIONAL_REPRESENTATION('',(#279),#283);
#279 = LINE('',#280,#281);
#280 = CARTESIAN_POINT('',(0.1,0.));
#281 = VECTOR('',#282,1.);
#282 = DIRECTION('',(0.,-1.));
#283 = ( GEOMETRIC_REPRESENTATION_CONTEXT(2) 
PARAMETRIC_REPRESENTATION_CONTEXT() REPRESENTATION_CONTEXT('2D SPACE',''
  ) );
#284 = PCURVE('',#180,#285);
#285 = DEFINITIONAL_REPRESENTATION('',(#286),#290);
#286 = LINE('',#287,#288);
#287 = CARTESIAN_POINT('',(190.,0.));
#288 = VECTOR('',#289,1.);
#289 = DIRECTION('',(0.,1.));
#290 = ( GEOMETRIC_REPRESENTATION_CONTEXT(2) 
PARAMETRIC_REPRESENTATION_CONTEXT() REPRESENTATION_CONTEXT('2D SPACE',''
  ) );
#291 = ADVANCED_FACE('',(#292),#98,.F.);
#292 = FACE_BOUND('',#293,.F.);
#293 = EDGE_LOOP('',(#294,#315,#316,#337));
#294 = ORIENTED_EDGE('',*,*,#295,.F.);
#295 = EDGE_CURVE('',#76,#196,#296,.T.);
#296 = SURFACE_CURVE('',#297,(#301,#308),.PCURVE_S1.);
#297 = LINE('',#298,#299);
#298 = CARTESIAN_POINT('',(-95.,-70.,-0.1));
#299 = VECTOR('',#300,1.);
#300 = DIRECTION('',(1.,0.,0.));
#301 = PCURVE('',#98,#302);
#302 = DEFINITIONAL_REPRESENTATION('',(#303),#307);
#303 = LINE('',#304,#305);
#304 = CARTESIAN_POINT('',(0.,0.));
#305 = VECTOR('',#306,1.);
#306 = DIRECTION('',(0.,1.));
#307 = ( GEOMETRIC_REPRESENTATION_CONTEXT(2) 
PARAMETRIC_REPRESENTATION_CONTEXT() REPRESENTATION_CONTEXT('2D SPACE',''
  ) );
#308 = PCURVE('',#126,#309);
#309 = DEFINITIONAL_REPRESENTATION('',(#310),#314);
#310 = LINE('',#311,#312);
#311 = CARTESIAN_POINT('',(0.,0.));
#312 = VECTOR('',#313,1.);
#313 = DIRECTION('',(1.,0.));
#314 = ( GEOMETRIC_REPRESENTATION_CONTEXT(2) 
PARAMETRIC_REPRESENTATION_CONTEXT() REPRESENTATION_CONTEXT('2D SPACE',''
  ) );
#315 = ORIENTED_EDGE('',*,*,#75,.T.);
#316 = ORIENTED_EDGE('',*,*,#317,.T.);
#317 = EDGE_CURVE('',#78,#198,#318,.T.);
#318 = SURFACE_CURVE('',#319,(#323,#330),.PCURVE_S1.);
#319 = LINE('',#320,#321);
#320 = CARTESIAN_POINT('',(-95.,-70.,0.));
#321 = VECTOR('',#322,1.);
#322 = DIRECTION('',(1.,0.,0.));
#323 = PCURVE('',#98,#324);
#324 = DEFINITIONAL_REPRESENTATION('',(#325),#329);
#325 = LINE('',#326,#327);
#326 = CARTESIAN_POINT('',(0.1,0.));
#327 = VECTOR('',#328,1.);
#328 = DIRECTION('',(0.,1.));
#329 = ( GEOMETRIC_REPRESENTATION_CONTEXT(2) 
PARAMETRIC_REPRESENTATION_CONTEXT() REPRESENTATION_CONTEXT('2D SPACE',''
  ) );
#330 = PCURVE('',#180,#331);
#331 = DEFINITIONAL_REPRESENTATION('',(#332),#336);
#332 = LINE('',#333,#334);
#333 = CARTESIAN_POINT('',(0.,0.));
#334 = VECTOR('',#335,1.);
#335 = DIRECTION('',(1.,0.));
#336 = ( GEOMETRIC_REPRESENTATION_CONTEXT(2) 
PARAMETRIC_REPRESENTATION_CONTEXT() REPRESENTATION_CONTEXT('2D SPACE',''
  ) );
#337 = ORIENTED_EDGE('',*,*,#195,.F.);
#338 = ADVANCED_FACE('',(#339),#154,.T.);
#339 = FACE_BOUND('',#340,.T.);
#340 = EDGE_LOOP('',(#341,#362,#363,#384));
#341 = ORIENTED_EDGE('',*,*,#342,.F.);
#342 = EDGE_CURVE('',#111,#226,#343,.T.);
#343 = SURFACE_CURVE('',#344,(#348,#355),.PCURVE_S1.);
#344 = LINE('',#345,#346);
#345 = CARTESIAN_POINT('',(-95.,70.,-0.1));
#346 = VECTOR('',#347,1.);
#347 = DIRECTION('',(1.,0.,0.));
#348 = PCURVE('',#154,#349);
#349 = DEFINITIONAL_REPRESENTATION('',(#350),#354);
#350 = LINE('',#351,#352);
#351 = CARTESIAN_POINT('',(0.,0.));
#352 = VECTOR('',#353,1.);
#353 = DIRECTION('',(0.,1.));
#354 = ( GEOMETRIC_REPRESENTATION_CONTEXT(2) 
PARAMETRIC_REPRESENTATION_CONTEXT() REPRESENTATION_CONTEXT('2D SPACE',''
  ) );
#355 = PCURVE('',#126,#356);
#356 = DEFINITIONAL_REPRESENTATION('',(#357),#361);
#357 = LINE('',#358,#359);
#358 = CARTESIAN_POINT('',(0.,140.));
#359 = VECTOR('',#360,1.);
#360 = DIRECTION('',(1.,0.));
#361 = ( GEOMETRIC_REPRESENTATION_CONTEXT(2) 
PARAMETRIC_REPRESENTATION_CONTEXT() REPRESENTATION_CONTEXT('2D SPACE',''
  ) );
#362 = ORIENTED_EDGE('',*,*,#138,.T.);
#363 = ORIENTED_EDGE('',*,*,#364,.T.);
#364 = EDGE_CURVE('',#139,#249,#365,.T.);
#365 = SURFACE_CURVE('',#366,(#370,#377),.PCURVE_S1.);
#366 = LINE('',#367,#368);
#367 = CARTESIAN_POINT('',(-95.,70.,0.));
#368 = VECTOR('',#369,1.);
#369 = DIRECTION('',(1.,0.,0.));
#370 = PCURVE('',#154,#371);
#371 = DEFINITIONAL_REPRESENTATION('',(#372),#376);
#372 = LINE('',#373,#374);
#373 = CARTESIAN_POINT('',(0.1,0.));
#374 = VECTOR('',#375,1.);
#375 = DIRECTION('',(0.,1.));
#376 = ( GEOMETRIC_REPRESENTATION_CONTEXT(2) 
PARAMETRIC_REPRESENTATION_CONTEXT() REPRESENTATION_CONTEXT('2D SPACE',''
  ) );
#377 = PCURVE('',#180,#378);
#378 = DEFINITIONAL_REPRESENTATION('',(#379),#383);
#379 = LINE('',#380,#381);
#380 = CARTESIAN_POINT('',(0.,140.));
#381 = VECTOR('',#382,1.);
#382 = DIRECTION('',(1.,0.));
#383 = ( GEOMETRIC_REPRESENTATION_CONTEXT(2) 
PARAMETRIC_REPRESENTATION_CONTEXT() REPRESENTATION_CONTEXT('2D SPACE',''
  ) );
#384 = ORIENTED_EDGE('',*,*,#248,.F.);
#385 = ADVANCED_FACE('',(#386),#126,.F.);
#386 = FACE_BOUND('',#387,.F.);
#387 = EDGE_LOOP('',(#388,#389,#390,#391));
#388 = ORIENTED_EDGE('',*,*,#110,.F.);
#389 = ORIENTED_EDGE('',*,*,#295,.T.);
#390 = ORIENTED_EDGE('',*,*,#225,.T.);
#391 = ORIENTED_EDGE('',*,*,#342,.F.);
#392 = ADVANCED_FACE('',(#393),#180,.T.);
#393 = FACE_BOUND('',#394,.T.);
#394 = EDGE_LOOP('',(#395,#396,#397,#398));
#395 = ORIENTED_EDGE('',*,*,#166,.F.);
#396 = ORIENTED_EDGE('',*,*,#317,.T.);
#397 = ORIENTED_EDGE('',*,*,#271,.T.);
#398 = ORIENTED_EDGE('',*,*,#364,.F.);
#399 = ( GEOMETRIC_REPRESENTATION_CONTEXT(3) 
GLOBAL_UNCERTAINTY_ASSIGNED_CONTEXT((#403)) GLOBAL_UNIT_ASSIGNED_CONTEXT
((#400,#401,#402)) REPRESENTATION_CONTEXT('Context #1',
  '3D Context with UNIT and UNCERTAINTY') );
#400 = ( LENGTH_UNIT() NAMED_UNIT(*) SI_UNIT(.MILLI.,.METRE.) );
#401 = ( NAMED_UNIT(*) PLANE_ANGLE_UNIT() SI_UNIT($,.RADIAN.) );
#402 = ( NAMED_UNIT(*) SI_UNIT($,.STERADIAN.) SOLID_ANGLE_UNIT() );
#403 = UNCERTAINTY_MEASURE_WITH_UNIT(LENGTH_MEASURE(1.E-07),#400,
  'distance_accuracy_value','confusion accuracy');
#404 = CONTEXT_DEPENDENT_SHAPE_REPRESENTATION(#405,#407);
#405 = ( REPRESENTATION_RELATIONSHIP('','',#68,#10) 
REPRESENTATION_RELATIONSHIP_WITH_TRANSFORMATION(#406) 
SHAPE_REPRESENTATION_RELATIONSHIP() );
#406 = ITEM_DEFINED_TRANSFORMATION('','',#11,#15);
#407 = PRODUCT_DEFINITION_SHAPE('Placement','Placement of an item',#408
  );
#408 = NEXT_ASSEMBLY_USAGE_OCCURRENCE('1','paper','',#5,#63,$);
#409 = PRODUCT_RELATED_PRODUCT_CATEGORY('part',$,(#65));
#410 = SHAPE_DEFINITION_REPRESENTATION(#411,#417);
#411 = PRODUCT_DEFINITION_SHAPE('','',#412);
#412 = PRODUCT_DEFINITION('design','',#413,#416);
#413 = PRODUCT_DEFINITION_FORMATION('','',#414);
#414 = PRODUCT('glass_platen','glass_platen','',(#415));
#415 = PRODUCT_CONTEXT('',#2,'mechanical');
#416 = PRODUCT_DEFINITION_CONTEXT('part definition',#2,'design');
#417 = ADVANCED_BREP_SHAPE_REPRESENTATION('',(#11,#418),#748);
#418 = MANIFOLD_SOLID_BREP('',#419);
#419 = CLOSED_SHELL('',(#420,#540,#640,#687,#734,#741));
#420 = ADVANCED_FACE('',(#421),#435,.F.);
#421 = FACE_BOUND('',#422,.F.);
#422 = EDGE_LOOP('',(#423,#458,#486,#514));
#423 = ORIENTED_EDGE('',*,*,#424,.F.);
#424 = EDGE_CURVE('',#425,#427,#429,.T.);
#425 = VERTEX_POINT('',#426);
#426 = CARTESIAN_POINT('',(-100.,-75.,-5.1));
#427 = VERTEX_POINT('',#428);
#428 = CARTESIAN_POINT('',(-100.,-75.,-0.1));
#429 = SURFACE_CURVE('',#430,(#434,#446),.PCURVE_S1.);
#430 = LINE('',#431,#432);
#431 = CARTESIAN_POINT('',(-100.,-75.,-5.1));
#432 = VECTOR('',#433,1.);
#433 = DIRECTION('',(0.,0.,1.));
#434 = PCURVE('',#435,#440);
#435 = PLANE('',#436);
#436 = AXIS2_PLACEMENT_3D('',#437,#438,#439);
#437 = CARTESIAN_POINT('',(-100.,-75.,-5.1));
#438 = DIRECTION('',(1.,0.,0.));
#439 = DIRECTION('',(0.,0.,1.));
#440 = DEFINITIONAL_REPRESENTATION('',(#441),#445);
#441 = LINE('',#442,#443);
#442 = CARTESIAN_POINT('',(0.,0.));
#443 = VECTOR('',#444,1.);
#444 = DIRECTION('',(1.,0.));
#445 = ( GEOMETRIC_REPRESENTATION_CONTEXT(2) 
PARAMETRIC_REPRESENTATION_CONTEXT() REPRESENTATION_CONTEXT('2D SPACE',''
  ) );
#446 = PCURVE('',#447,#452);
#447 = PLANE('',#448);
#448 = AXIS2_PLACEMENT_3D('',#449,#450,#451);
#449 = CARTESIAN_POINT('',(-100.,-75.,-5.1));
#450 = DIRECTION('',(0.,1.,0.));
#451 = DIRECTION('',(0.,0.,1.));
#452 = DEFINITIONAL_REPRESENTATION('',(#453),#457);
#453 = LINE('',#454,#455);
#454 = CARTESIAN_POINT('',(0.,0.));
#455 = VECTOR('',#456,1.);
#456 = DIRECTION('',(1.,0.));
#457 = ( GEOMETRIC_REPRESENTATION_CONTEXT(2) 
PARAMETRIC_REPRESENTATION_CONTEXT() REPRESENTATION_CONTEXT('2D SPACE',''
  ) );
#458 = ORIENTED_EDGE('',*,*,#459,.T.);
#459 = EDGE_CURVE('',#425,#460,#462,.T.);
#460 = VERTEX_POINT('',#461);
#461 = CARTESIAN_POINT('',(-100.,75.,-5.1));
#462 = SURFACE_CURVE('',#463,(#467,#474),.PCURVE_S1.);
#463 = LINE('',#464,#465);
#464 = CARTESIAN_POINT('',(-100.,-75.,-5.1));
#465 = VECTOR('',#466,1.);
#466 = DIRECTION('',(0.,1.,0.));
#467 = PCURVE('',#435,#468);
#468 = DEFINITIONAL_REPRESENTATION('',(#469),#473);
#469 = LINE('',#470,#471);
#470 = CARTESIAN_POINT('',(0.,0.));
#471 = VECTOR('',#472,1.);
#472 = DIRECTION('',(0.,-1.));
#473 = ( GEOMETRIC_REPRESENTATION_CONTEXT(2) 
PARAMETRIC_REPRESENTATION_CONTEXT() REPRESENTATION_CONTEXT('2D SPACE',''
  ) );
#474 = PCURVE('',#475,#480);
#475 = PLANE('',#476);
#476 = AXIS2_PLACEMENT_3D('',#477,#478,#479);
#477 = CARTESIAN_POINT('',(-100.,-75.,-5.1));
#478 = DIRECTION('',(0.,0.,1.));
#479 = DIRECTION('',(1.,0.,0.));
#480 = DEFINITIONAL_REPRESENTATION('',(#481),#485);
#481 = LINE('',#482,#483);
#482 = CARTESIAN_POINT('',(0.,0.));
#483 = VECTOR('',#484,1.);
#484 = DIRECTION('',(0.,1.));
#485 = ( GEOMETRIC_REPRESENTATION_CONTEXT(2) 
PARAMETRIC_REPRESENTATION_CONTEXT() REPRESENTATION_CONTEXT('2D SPACE',''
  ) );
#486 = ORIENTED_EDGE('',*,*,#487,.T.);
#487 = EDGE_CURVE('',#460,#488,#490,.T.);
#488 = VERTEX_POINT('',#489);
#489 = CARTESIAN_POINT('',(-100.,75.,-0.1));
#490 = SURFACE_CURVE('',#491,(#495,#502),.PCURVE_S1.);
#491 = LINE('',#492,#493);
#492 = CARTESIAN_POINT('',(-100.,75.,-5.1));
#493 = VECTOR('',#494,1.);
#494 = DIRECTION('',(0.,0.,1.));
#495 = PCURVE('',#435,#496);
#496 = DEFINITIONAL_REPRESENTATION('',(#497),#501);
#497 = LINE('',#498,#499);
#498 = CARTESIAN_POINT('',(0.,-150.));
#499 = VECTOR('',#500,1.);
#500 = DIRECTION('',(1.,0.));
#501 = ( GEOMETRIC_REPRESENTATION_CONTEXT(2) 
PARAMETRIC_REPRESENTATION_CONTEXT() REPRESENTATION_CONTEXT('2D SPACE',''
  ) );
#502 = PCURVE('',#503,#508);
#503 = PLANE('',#504);
#504 = AXIS2_PLACEMENT_3D('',#505,#506,#507);
#505 = CARTESIAN_POINT('',(-100.,75.,-5.1));
#506 = DIRECTION('',(0.,1.,0.));
#507 = DIRECTION('',(0.,0.,1.));
#508 = DEFINITIONAL_REPRESENTATION('',(#509),#513);
#509 = LINE('',#510,#511);
#510 = CARTESIAN_POINT('',(0.,0.));
#511 = VECTOR('',#512,1.);
#512 = DIRECTION('',(1.,0.));
#513 = ( GEOMETRIC_REPRESENTATION_CONTEXT(2) 
PARAMETRIC_REPRESENTATION_CONTEXT() REPRESENTATION_CONTEXT('2D SPACE',''
  ) );
#514 = ORIENTED_EDGE('',*,*,#515,.F.);
#515 = EDGE_CURVE('',#427,#488,#516,.T.);
#516 = SURFACE_CURVE('',#517,(#521,#528),.PCURVE_S1.);
#517 = LINE('',#518,#519);
#518 = CARTESIAN_POINT('',(-100.,-75.,-0.1));
#519 = VECTOR('',#520,1.);
#520 = DIRECTION('',(0.,1.,0.));
#521 = PCURVE('',#435,#522);
#522 = DEFINITIONAL_REPRESENTATION('',(#523),#527);
#523 = LINE('',#524,#525);
#524 = CARTESIAN_POINT('',(5.,0.));
#525 = VECTOR('',#526,1.);
#526 = DIRECTION('',(0.,-1.));
#527 = ( GEOMETRIC_REPRESENTATION_CONTEXT(2) 
PARAMETRIC_REPRESENTATION_CONTEXT() REPRESENTATION_CONTEXT('2D SPACE',''
  ) );
#528 = PCURVE('',#529,#534);
#529 = PLANE('',#530);
#530 = AXIS2_PLACEMENT_3D('',#531,#532,#533);
#531 = CARTESIAN_POINT('',(-100.,-75.,-0.1));
#532 = DIRECTION('',(0.,0.,1.));
#533 = DIRECTION('',(1.,0.,0.));
#534 = DEFINITIONAL_REPRESENTATION('',(#535),#539);
#535 = LINE('',#536,#537);
#536 = CARTESIAN_POINT('',(0.,0.));
#537 = VECTOR('',#538,1.);
#538 = DIRECTION('',(0.,1.));
#539 = ( GEOMETRIC_REPRESENTATION_CONTEXT(2) 
PARAMETRIC_REPRESENTATION_CONTEXT() REPRESENTATION_CONTEXT('2D SPACE',''
  ) );
#540 = ADVANCED_FACE('',(#541),#555,.T.);
#541 = FACE_BOUND('',#542,.T.);
#542 = EDGE_LOOP('',(#543,#573,#596,#619));
#543 = ORIENTED_EDGE('',*,*,#544,.F.);
#544 = EDGE_CURVE('',#545,#547,#549,.T.);
#545 = VERTEX_POINT('',#546);
#546 = CARTESIAN_POINT('',(100.,-75.,-5.1));
#547 = VERTEX_POINT('',#548);
#548 = CARTESIAN_POINT('',(100.,-75.,-0.1));
#549 = SURFACE_CURVE('',#550,(#554,#566),.PCURVE_S1.);
#550 = LINE('',#551,#552);
#551 = CARTESIAN_POINT('',(100.,-75.,-5.1));
#552 = VECTOR('',#553,1.);
#553 = DIRECTION('',(0.,0.,1.));
#554 = PCURVE('',#555,#560);
#555 = PLANE('',#556);
#556 = AXIS2_PLACEMENT_3D('',#557,#558,#559);
#557 = CARTESIAN_POINT('',(100.,-75.,-5.1));
#558 = DIRECTION('',(1.,0.,0.));
#559 = DIRECTION('',(0.,0.,1.));
#560 = DEFINITIONAL_REPRESENTATION('',(#561),#565);
#561 = LINE('',#562,#563);
#562 = CARTESIAN_POINT('',(0.,0.));
#563 = VECTOR('',#564,1.);
#564 = DIRECTION('',(1.,0.));
#565 = ( GEOMETRIC_REPRESENTATION_CONTEXT(2) 
PARAMETRIC_REPRESENTATION_CONTEXT() REPRESENTATION_CONTEXT('2D SPACE',''
  ) );
#566 = PCURVE('',#447,#567);
#567 = DEFINITIONAL_REPRESENTATION('',(#568),#572);
#568 = LINE('',#569,#570);
#569 = CARTESIAN_POINT('',(0.,200.));
#570 = VECTOR('',#571,1.);
#571 = DIRECTION('',(1.,0.));
#572 = ( GEOMETRIC_REPRESENTATION_CONTEXT(2) 
PARAMETRIC_REPRESENTATION_CONTEXT() REPRESENTATION_CONTEXT('2D SPACE',''
  ) );
#573 = ORIENTED_EDGE('',*,*,#574,.T.);
#574 = EDGE_CURVE('',#545,#575,#577,.T.);
#575 = VERTEX_POINT('',#576);
#576 = CARTESIAN_POINT('',(100.,75.,-5.1));
#577 = SURFACE_CURVE('',#578,(#582,#589),.PCURVE_S1.);
#578 = LINE('',#579,#580);
#579 = CARTESIAN_POINT('',(100.,-75.,-5.1));
#580 = VECTOR('',#581,1.);
#581 = DIRECTION('',(0.,1.,0.));
#582 = PCURVE('',#555,#583);
#583 = DEFINITIONAL_REPRESENTATION('',(#584),#588);
#584 = LINE('',#585,#586);
#585 = CARTESIAN_POINT('',(0.,0.));
#586 = VECTOR('',#587,1.);
#587 = DIRECTION('',(0.,-1.));
#588 = ( GEOMETRIC_REPRESENTATION_CONTEXT(2) 
PARAMETRIC_REPRESENTATION_CONTEXT() REPRESENTATION_CONTEXT('2D SPACE',''
  ) );
#589 = PCURVE('',#475,#590);
#590 = DEFINITIONAL_REPRESENTATION('',(#591),#595);
#591 = LINE('',#592,#593);
#592 = CARTESIAN_POINT('',(200.,0.));
#593 = VECTOR('',#594,1.);
#594 = DIRECTION('',(0.,1.));
#595 = ( GEOMETRIC_REPRESENTATION_CONTEXT(2) 
PARAMETRIC_REPRESENTATION_CONTEXT() REPRESENTATION_CONTEXT('2D SPACE',''
  ) );
#596 = ORIENTED_EDGE('',*,*,#597,.T.);
#597 = EDGE_CURVE('',#575,#598,#600,.T.);
#598 = VERTEX_POINT('',#599);
#599 = CARTESIAN_POINT('',(100.,75.,-0.1));
#600 = SURFACE_CURVE('',#601,(#605,#612),.PCURVE_S1.);
#601 = LINE('',#602,#603);
#602 = CARTESIAN_POINT('',(100.,75.,-5.1));
#603 = VECTOR('',#604,1.);
#604 = DIRECTION('',(0.,0.,1.));
#605 = PCURVE('',#555,#606);
#606 = DEFINITIONAL_REPRESENTATION('',(#607),#611);
#607 = LINE('',#608,#609);
#608 = CARTESIAN_POINT('',(0.,-150.));
#609 = VECTOR('',#610,1.);
#610 = DIRECTION('',(1.,0.));
#611 = ( GEOMETRIC_REPRESENTATION_CONTEXT(2) 
PARAMETRIC_REPRESENTATION_CONTEXT() REPRESENTATION_CONTEXT('2D SPACE',''
  ) );
#612 = PCURVE('',#503,#613);
#613 = DEFINITIONAL_REPRESENTATION('',(#614),#618);
#614 = LINE('',#615,#616);
#615 = CARTESIAN_POINT('',(0.,200.));
#616 = VECTOR('',#617,1.);
#617 = DIRECTION('',(1.,0.));
#618 = ( GEOMETRIC_REPRESENTATION_CONTEXT(2) 
PARAMETRIC_REPRESENTATION_CONTEXT() REPRESENTATION_CONTEXT('2D SPACE',''
  ) );
#619 = ORIENTED_EDGE('',*,*,#620,.F.);
#620 = EDGE_CURVE('',#547,#598,#621,.T.);
#621 = SURFACE_CURVE('',#622,(#626,#633),.PCURVE_S1.);
#622 = LINE('',#623,#624);
#623 = CARTESIAN_POINT('',(100.,-75.,-0.1));
#624 = VECTOR('',#625,1.);
#625 = DIRECTION('',(0.,1.,0.));
#626 = PCURVE('',#555,#627);
#627 = DEFINITIONAL_REPRESENTATION('',(#628),#632);
#628 = LINE('',#629,#630);
#629 = CARTESIAN_POINT('',(5.,0.));
#630 = VECTOR('',#631,1.);
#631 = DIRECTION('',(0.,-1.));
#632 = ( GEOMETRIC_REPRESENTATION_CONTEXT(2) 
PARAMETRIC_REPRESENTATION_CONTEXT() REPRESENTATION_CONTEXT('2D SPACE',''
  ) );
#633 = PCURVE('',#529,#634);
#634 = DEFINITIONAL_REPRESENTATION('',(#635),#639);
#635 = LINE('',#636,#637);
#636 = CARTESIAN_POINT('',(200.,0.));
#637 = VECTOR('',#638,1.);
#638 = DIRECTION('',(0.,1.));
#639 = ( GEOMETRIC_REPRESENTATION_CONTEXT(2) 
PARAMETRIC_REPRESENTATION_CONTEXT() REPRESENTATION_CONTEXT('2D SPACE',''
  ) );
#640 = ADVANCED_FACE('',(#641),#447,.F.);
#641 = FACE_BOUND('',#642,.F.);
#642 = EDGE_LOOP('',(#643,#664,#665,#686));
#643 = ORIENTED_EDGE('',*,*,#644,.F.);
#644 = EDGE_CURVE('',#425,#545,#645,.T.);
#645 = SURFACE_CURVE('',#646,(#650,#657),.PCURVE_S1.);
#646 = LINE('',#647,#648);
#647 = CARTESIAN_POINT('',(-100.,-75.,-5.1));
#648 = VECTOR('',#649,1.);
#649 = DIRECTION('',(1.,0.,0.));
#650 = PCURVE('',#447,#651);
#651 = DEFINITIONAL_REPRESENTATION('',(#652),#656);
#652 = LINE('',#653,#654);
#653 = CARTESIAN_POINT('',(0.,0.));
#654 = VECTOR('',#655,1.);
#655 = DIRECTION('',(0.,1.));
#656 = ( GEOMETRIC_REPRESENTATION_CONTEXT(2) 
PARAMETRIC_REPRESENTATION_CONTEXT() REPRESENTATION_CONTEXT('2D SPACE',''
  ) );
#657 = PCURVE('',#475,#658);
#658 = DEFINITIONAL_REPRESENTATION('',(#659),#663);
#659 = LINE('',#660,#661);
#660 = CARTESIAN_POINT('',(0.,0.));
#661 = VECTOR('',#662,1.);
#662 = DIRECTION('',(1.,0.));
#663 = ( GEOMETRIC_REPRESENTATION_CONTEXT(2) 
PARAMETRIC_REPRESENTATION_CONTEXT() REPRESENTATION_CONTEXT('2D SPACE',''
  ) );
#664 = ORIENTED_EDGE('',*,*,#424,.T.);
#665 = ORIENTED_EDGE('',*,*,#666,.T.);
#666 = EDGE_CURVE('',#427,#547,#667,.T.);
#667 = SURFACE_CURVE('',#668,(#672,#679),.PCURVE_S1.);
#668 = LINE('',#669,#670);
#669 = CARTESIAN_POINT('',(-100.,-75.,-0.1));
#670 = VECTOR('',#671,1.);
#671 = DIRECTION('',(1.,0.,0.));
#672 = PCURVE('',#447,#673);
#673 = DEFINITIONAL_REPRESENTATION('',(#674),#678);
#674 = LINE('',#675,#676);
#675 = CARTESIAN_POINT('',(5.,0.));
#676 = VECTOR('',#677,1.);
#677 = DIRECTION('',(0.,1.));
#678 = ( GEOMETRIC_REPRESENTATION_CONTEXT(2) 
PARAMETRIC_REPRESENTATION_CONTEXT() REPRESENTATION_CONTEXT('2D SPACE',''
  ) );
#679 = PCURVE('',#529,#680);
#680 = DEFINITIONAL_REPRESENTATION('',(#681),#685);
#681 = LINE('',#682,#683);
#682 = CARTESIAN_POINT('',(0.,0.));
#683 = VECTOR('',#684,1.);
#684 = DIRECTION('',(1.,0.));
#685 = ( GEOMETRIC_REPRESENTATION_CONTEXT(2) 
PARAMETRIC_REPRESENTATION_CONTEXT() REPRESENTATION_CONTEXT('2D SPACE',''
  ) );
#686 = ORIENTED_EDGE('',*,*,#544,.F.);
#687 = ADVANCED_FACE('',(#688),#503,.T.);
#688 = FACE_BOUND('',#689,.T.);
#689 = EDGE_LOOP('',(#690,#711,#712,#733));
#690 = ORIENTED_EDGE('',*,*,#691,.F.);
#691 = EDGE_CURVE('',#460,#575,#692,.T.);
#692 = SURFACE_CURVE('',#693,(#697,#704),.PCURVE_S1.);
#693 = LINE('',#694,#695);
#694 = CARTESIAN_POINT('',(-100.,75.,-5.1));
#695 = VECTOR('',#696,1.);
#696 = DIRECTION('',(1.,0.,0.));
#697 = PCURVE('',#503,#698);
#698 = DEFINITIONAL_REPRESENTATION('',(#699),#703);
#699 = LINE('',#700,#701);
#700 = CARTESIAN_POINT('',(0.,0.));
#701 = VECTOR('',#702,1.);
#702 = DIRECTION('',(0.,1.));
#703 = ( GEOMETRIC_REPRESENTATION_CONTEXT(2) 
PARAMETRIC_REPRESENTATION_CONTEXT() REPRESENTATION_CONTEXT('2D SPACE',''
  ) );
#704 = PCURVE('',#475,#705);
#705 = DEFINITIONAL_REPRESENTATION('',(#706),#710);
#706 = LINE('',#707,#708);
#707 = CARTESIAN_POINT('',(0.,150.));
#708 = VECTOR('',#709,1.);
#709 = DIRECTION('',(1.,0.));
#710 = ( GEOMETRIC_REPRESENTATION_CONTEXT(2) 
PARAMETRIC_REPRESENTATION_CONTEXT() REPRESENTATION_CONTEXT('2D SPACE',''
  ) );
#711 = ORIENTED_EDGE('',*,*,#487,.T.);
#712 = ORIENTED_EDGE('',*,*,#713,.T.);
#713 = EDGE_CURVE('',#488,#598,#714,.T.);
#714 = SURFACE_CURVE('',#715,(#719,#726),.PCURVE_S1.);
#715 = LINE('',#716,#717);
#716 = CARTESIAN_POINT('',(-100.,75.,-0.1));
#717 = VECTOR('',#718,1.);
#718 = DIRECTION('',(1.,0.,0.));
#719 = PCURVE('',#503,#720);
#720 = DEFINITIONAL_REPRESENTATION('',(#721),#725);
#721 = LINE('',#722,#723);
#722 = CARTESIAN_POINT('',(5.,0.));
#723 = VECTOR('',#724,1.);
#724 = DIRECTION('',(0.,1.));
#725 = ( GEOMETRIC_REPRESENTATION_CONTEXT(2) 
PARAMETRIC_REPRESENTATION_CONTEXT() REPRESENTATION_CONTEXT('2D SPACE',''
  ) );
#726 = PCURVE('',#529,#727);
#727 = DEFINITIONAL_REPRESENTATION('',(#728),#732);
#728 = LINE('',#729,#730);
#729 = CARTESIAN_POINT('',(0.,150.));
#730 = VECTOR('',#731,1.);
#731 = DIRECTION('',(1.,0.));
#732 = ( GEOMETRIC_REPRESENTATION_CONTEXT(2) 
PARAMETRIC_REPRESENTATION_CONTEXT() REPRESENTATION_CONTEXT('2D SPACE',''
  ) );
#733 = ORIENTED_EDGE('',*,*,#597,.F.);
#734 = ADVANCED_FACE('',(#735),#475,.F.);
#735 = FACE_BOUND('',#736,.F.);
#736 = EDGE_LOOP('',(#737,#738,#739,#740));
#737 = ORIENTED_EDGE('',*,*,#459,.F.);
#738 = ORIENTED_EDGE('',*,*,#644,.T.);
#739 = ORIENTED_EDGE('',*,*,#574,.T.);
#740 = ORIENTED_EDGE('',*,*,#691,.F.);
#741 = ADVANCED_FACE('',(#742),#529,.T.);
#742 = FACE_BOUND('',#743,.T.);
#743 = EDGE_LOOP('',(#744,#745,#746,#747));
#744 = ORIENTED_EDGE('',*,*,#515,.F.);
#745 = ORIENTED_EDGE('',*,*,#666,.T.);
#746 = ORIENTED_EDGE('',*,*,#620,.T.);
#747 = ORIENTED_EDGE('',*,*,#713,.F.);
#748 = ( GEOMETRIC_REPRESENTATION_CONTEXT(3) 
GLOBAL_UNCERTAINTY_ASSIGNED_CONTEXT((#752)) GLOBAL_UNIT_ASSIGNED_CONTEXT
((#749,#750,#751)) REPRESENTATION_CONTEXT('Context #1',
  '3D Context with UNIT and UNCERTAINTY') );
#749 = ( LENGTH_UNIT() NAMED_UNIT(*) SI_UNIT(.MILLI.,.METRE.) );
#750 = ( NAMED_UNIT(*) PLANE_ANGLE_UNIT() SI_UNIT($,.RADIAN.) );
#751 = ( NAMED_UNIT(*) SI_UNIT($,.STERADIAN.) SOLID_ANGLE_UNIT() );
#752 = UNCERTAINTY_MEASURE_WITH_UNIT(LENGTH_MEASURE(1.E-07),#749,
  'distance_accuracy_value','confusion accuracy');
#753 = CONTEXT_DEPENDENT_SHAPE_REPRESENTATION(#754,#756);
#754 = ( REPRESENTATION_RELATIONSHIP('','',#417,#10) 
REPRESENTATION_RELATIONSHIP_WITH_TRANSFORMATION(#755) 
SHAPE_REPRESENTATION_RELATIONSHIP() );
#755 = ITEM_DEFINED_TRANSFORMATION('','',#11,#19);
#756 = PRODUCT_DEFINITION_SHAPE('Placement','Placement of an item',#757
  );
#757 = NEXT_ASSEMBLY_USAGE_OCCURRENCE('2','glass_platen','',#5,#412,$);
#758 = PRODUCT_RELATED_PRODUCT_CATEGORY('part',$,(#414));
#759 = SHAPE_DEFINITION_REPRESENTATION(#760,#766);
#760 = PRODUCT_DEFINITION_SHAPE('','',#761);
#761 = PRODUCT_DEFINITION('design','',#762,#765);
#762 = PRODUCT_DEFINITION_FORMATION('','',#763);
#763 = PRODUCT('mock_nose','mock_nose','',(#764));
#764 = PRODUCT_CONTEXT('',#2,'mechanical');
#765 = PRODUCT_DEFINITION_CONTEXT('part definition',#2,'design');
#766 = ADVANCED_BREP_SHAPE_REPRESENTATION('',(#11,#767),#2010);
#767 = MANIFOLD_SOLID_BREP('',#768);
#768 = CLOSED_SHELL('',(#769,#1304,#1339,#1394,#1860,#1918,#1953,#1983)
  );
#769 = ADVANCED_FACE('',(#770,#857),#784,.T.);
#770 = FACE_BOUND('',#771,.T.);
#771 = EDGE_LOOP('',(#772,#802,#829,#830));
#772 = ORIENTED_EDGE('',*,*,#773,.T.);
#773 = EDGE_CURVE('',#774,#776,#778,.T.);
#774 = VERTEX_POINT('',#775);
#775 = CARTESIAN_POINT('',(-0.273017109389,-7.347880794884E-16,
    5.292540601536));
#776 = VERTEX_POINT('',#777);
#777 = CARTESIAN_POINT('',(-11.37667019254,-1.469576154565E-15,
    32.526873496046));
#778 = SEAM_CURVE('',#779,(#783,#795),.PCURVE_S1.);
#779 = LINE('',#780,#781);
#780 = CARTESIAN_POINT('',(-0.273017109389,-7.347880794884E-16,
    5.292540601536));
#781 = VECTOR('',#782,1.);
#782 = DIRECTION('',(-0.377535531063,-7.495063266053E-17,0.925995098683)
  );
#783 = PCURVE('',#784,#789);
#784 = CONICAL_SURFACE('',#785,3.,0.310998280606);
#785 = AXIS2_PLACEMENT_3D('',#786,#787,#788);
#786 = CARTESIAN_POINT('',(-2.571150438746,0.,3.364177772476));
#787 = DIRECTION('',(-0.642787609687,0.,0.766044443119));
#788 = DIRECTION('',(0.766044443119,0.,0.642787609687));
#789 = DEFINITIONAL_REPRESENTATION('',(#790),#794);
#790 = LINE('',#791,#792);
#791 = CARTESIAN_POINT('',(6.28318530718,-0.));
#792 = VECTOR('',#793,1.);
#793 = DIRECTION('',(0.,1.));
#794 = ( GEOMETRIC_REPRESENTATION_CONTEXT(2) 
PARAMETRIC_REPRESENTATION_CONTEXT() REPRESENTATION_CONTEXT('2D SPACE',''
  ) );
#795 = PCURVE('',#784,#796);
#796 = DEFINITIONAL_REPRESENTATION('',(#797),#801);
#797 = LINE('',#798,#799);
#798 = CARTESIAN_POINT('',(0.,-0.));
#799 = VECTOR('',#800,1.);
#800 = DIRECTION('',(0.,1.));
#801 = ( GEOMETRIC_REPRESENTATION_CONTEXT(2) 
PARAMETRIC_REPRESENTATION_CONTEXT() REPRESENTATION_CONTEXT('2D SPACE',''
  ) );
#802 = ORIENTED_EDGE('',*,*,#803,.F.);
#803 = EDGE_CURVE('',#776,#776,#804,.T.);
#804 = SURFACE_CURVE('',#805,(#810,#817),.PCURVE_S1.);
#805 = CIRCLE('',#806,12.);
#806 = AXIS2_PLACEMENT_3D('',#807,#808,#809);
#807 = CARTESIAN_POINT('',(-20.56920350996,0.,24.813422179807));
#808 = DIRECTION('',(-0.642787609687,0.,0.766044443119));
#809 = DIRECTION('',(0.766044443119,0.,0.642787609687));
#810 = PCURVE('',#784,#811);
#811 = DEFINITIONAL_REPRESENTATION('',(#812),#816);
#812 = LINE('',#813,#814);
#813 = CARTESIAN_POINT('',(0.,28.));
#814 = VECTOR('',#815,1.);
#815 = DIRECTION('',(1.,0.));
#816 = ( GEOMETRIC_REPRESENTATION_CONTEXT(2) 
PARAMETRIC_REPRESENTATION_CONTEXT() REPRESENTATION_CONTEXT('2D SPACE',''
  ) );
#817 = PCURVE('',#818,#823);
#818 = CYLINDRICAL_SURFACE('',#819,12.);
#819 = AXIS2_PLACEMENT_3D('',#820,#821,#822);
#820 = CARTESIAN_POINT('',(-20.56920350996,0.,24.813422179807));
#821 = DIRECTION('',(0.642787609687,-0.,-0.766044443119));
#822 = DIRECTION('',(0.766044443119,0.,0.642787609687));
#823 = DEFINITIONAL_REPRESENTATION('',(#824),#828);
#824 = LINE('',#825,#826);
#825 = CARTESIAN_POINT('',(-0.,0.));
#826 = VECTOR('',#827,1.);
#827 = DIRECTION('',(-1.,0.));
#828 = ( GEOMETRIC_REPRESENTATION_CONTEXT(2) 
PARAMETRIC_REPRESENTATION_CONTEXT() REPRESENTATION_CONTEXT('2D SPACE',''
  ) );
#829 = ORIENTED_EDGE('',*,*,#773,.F.);
#830 = ORIENTED_EDGE('',*,*,#831,.T.);
#831 = EDGE_CURVE('',#774,#774,#832,.T.);
#832 = SURFACE_CURVE('',#833,(#838,#845),.PCURVE_S1.);
#833 = CIRCLE('',#834,3.);
#834 = AXIS2_PLACEMENT_3D('',#835,#836,#837);
#835 = CARTESIAN_POINT('',(-2.571150438746,0.,3.364177772476));
#836 = DIRECTION('',(-0.642787609687,0.,0.766044443119));
#837 = DIRECTION('',(0.766044443119,0.,0.642787609687));
#838 = PCURVE('',#784,#839);
#839 = DEFINITIONAL_REPRESENTATION('',(#840),#844);
#840 = LINE('',#841,#842);
#841 = CARTESIAN_POINT('',(0.,0.));
#842 = VECTOR('',#843,1.);
#843 = DIRECTION('',(1.,0.));
#844 = ( GEOMETRIC_REPRESENTATION_CONTEXT(2) 
PARAMETRIC_REPRESENTATION_CONTEXT() REPRESENTATION_CONTEXT('2D SPACE',''
  ) );
#845 = PCURVE('',#846,#851);
#846 = PLANE('',#847);
#847 = AXIS2_PLACEMENT_3D('',#848,#849,#850);
#848 = CARTESIAN_POINT('',(-2.571150438746,0.,3.364177772476));
#849 = DIRECTION('',(-0.642787609687,0.,0.766044443119));
#850 = DIRECTION('',(0.766044443119,0.,0.642787609687));
#851 = DEFINITIONAL_REPRESENTATION('',(#852),#856);
#852 = CIRCLE('',#853,3.);
#853 = AXIS2_PLACEMENT_2D('',#854,#855);
#854 = CARTESIAN_POINT('',(0.,0.));
#855 = DIRECTION('',(1.,0.));
#856 = ( GEOMETRIC_REPRESENTATION_CONTEXT(2) 
PARAMETRIC_REPRESENTATION_CONTEXT() REPRESENTATION_CONTEXT('2D SPACE',''
  ) );
#857 = FACE_BOUND('',#858,.T.);
#858 = EDGE_LOOP('',(#859));
#859 = ORIENTED_EDGE('',*,*,#860,.T.);
#860 = EDGE_CURVE('',#861,#861,#863,.T.);
#861 = VERTEX_POINT('',#862);
#862 = CARTESIAN_POINT('',(-15.35327003463,1.8,8.303593405886));
#863 = SURFACE_CURVE('',#864,(#1007,#1153),.PCURVE_S1.);
#864 = B_SPLINE_CURVE_WITH_KNOTS('',8,(#865,#866,#867,#868,#869,#870,
    #871,#872,#873,#874,#875,#876,#877,#878,#879,#880,#881,#882,#883,
    #884,#885,#886,#887,#888,#889,#890,#891,#892,#893,#894,#895,#896,
    #897,#898,#899,#900,#901,#902,#903,#904,#905,#906,#907,#908,#909,
    #910,#911,#912,#913,#914,#915,#916,#917,#918,#919,#920,#921,#922,
    #923,#924,#925,#926,#927,#928,#929,#930,#931,#932,#933,#934,#935,
    #936,#937,#938,#939,#940,#941,#942,#943,#944,#945,#946,#947,#948,
    #949,#950,#951,#952,#953,#954,#955,#956,#957,#958,#959,#960,#961,
    #962,#963,#964,#965,#966,#967,#968,#969,#970,#971,#972,#973,#974,
    #975,#976,#977,#978,#979,#980,#981,#982,#983,#984,#985,#986,#987,
    #988,#989,#990,#991,#992,#993,#994,#995,#996,#997,#998,#999,#1000,
    #1001,#1002,#1003,#1004,#1005,#1006),.UNSPECIFIED.,.T.,.F.,(9,7,7,7,
    7,7,7,7,7,7,7,7,7,7,7,7,7,7,7,7,9),(0.,3.443469037551E-02,
    0.151560799161,0.186788974497,0.212985383057,0.254241819793,
    0.295910761914,0.32210739259,0.357335866621,0.385741415163,
    0.408287075067,0.474394864737,0.577583706008,0.618136737049,
    0.666980854644,0.701874319239,0.754199173706,0.806500114758,
    0.840423370711,0.887582182431,1.),.UNSPECIFIED.);
#865 = CARTESIAN_POINT('',(-15.35327003463,1.8,8.303593405886));
#866 = CARTESIAN_POINT('',(-15.3910454541,1.8,8.326811705191));
#867 = CARTESIAN_POINT('',(-15.42898261227,1.798876360395,8.349791563717
    ));
#868 = CARTESIAN_POINT('',(-15.46706232927,1.796636458908,8.372526369657
    ));
#869 = CARTESIAN_POINT('',(-15.50526512112,1.793286343939,8.39501000094)
  );
#870 = CARTESIAN_POINT('',(-15.54357119974,1.788830734568,8.417236825231
    ));
#871 = CARTESIAN_POINT('',(-15.58196047297,1.783273020549,8.439201699925
    ));
#872 = CARTESIAN_POINT('',(-15.62041254456,1.776615262317,8.460899972154
    ));
#873 = CARTESIAN_POINT('',(-15.78984073004,1.742473299143,8.555210970549
    ));
#874 = CARTESIAN_POINT('',(-15.92103351562,1.703415026067,8.624834220629
    ));
#875 = CARTESIAN_POINT('',(-16.05196038567,1.65172939218,8.691211335294)
  );
#876 = CARTESIAN_POINT('',(-16.18182250741,1.587145490443,8.754233573143
    ));
#877 = CARTESIAN_POINT('',(-16.30956031289,1.509271267678,8.813717891255
    ));
#878 = CARTESIAN_POINT('',(-16.43377333607,1.41750097892,8.869395178749)
  );
#879 = CARTESIAN_POINT('',(-16.5527695414,1.311165078565,8.920936426976)
  );
#880 = CARTESIAN_POINT('',(-16.69778067914,1.152085258394,8.981930582816
    ));
#881 = CARTESIAN_POINT('',(-16.73060952062,1.113881626738,8.995604246352
    ));
#882 = CARTESIAN_POINT('',(-16.76266813263,1.074231477969,9.008831751663
    ));
#883 = CARTESIAN_POINT('',(-16.79387675998,1.033112094676,9.021592923133
    ));
#884 = CARTESIAN_POINT('',(-16.82414536135,0.990505459583,9.033864121821
    ));
#885 = CARTESIAN_POINT('',(-16.8533742609,0.946399497752,9.045618532109)
  );
#886 = CARTESIAN_POINT('',(-16.88145480003,0.900789318791,9.056826448331
    ));
#887 = CARTESIAN_POINT('',(-16.92821032481,0.818645837656,9.07535959239)
  );
#888 = CARTESIAN_POINT('',(-16.94744961368,0.782785668713,9.082943023319
    ));
#889 = CARTESIAN_POINT('',(-16.96593937686,0.746101057476,9.090192359063
    ));
#890 = CARTESIAN_POINT('',(-16.98362719034,0.708600145136,9.097092768778
    ));
#891 = CARTESIAN_POINT('',(-17.00045773031,0.670297004117,9.103628412942
    ));
#892 = CARTESIAN_POINT('',(-17.01637381857,0.631212533365,9.109782770385
    ));
#893 = CARTESIAN_POINT('',(-17.03131746804,0.591375353638,9.115538965306
    ));
#894 = CARTESIAN_POINT('',(-17.06714308389,0.48695677744,9.129291779828)
  );
#895 = CARTESIAN_POINT('',(-17.08651092029,0.421285343633,9.136678146045
    ));
#896 = CARTESIAN_POINT('',(-17.10309097674,0.353992474465,9.142965998515
    ));
#897 = CARTESIAN_POINT('',(-17.11665859869,0.285305219414,9.148088837269
    ));
#898 = CARTESIAN_POINT('',(-17.12701909272,0.215496879159,9.151988928584
    ));
#899 = CARTESIAN_POINT('',(-17.13402281394,0.144890307078,9.154621333474
    ));
#900 = CARTESIAN_POINT('',(-17.13758418568,7.386123746008E-02,
    9.155959892898));
#901 = CARTESIAN_POINT('',(-17.13782632193,-6.88880510646E-02,
    9.156050899172));
#902 = CARTESIAN_POINT('',(-17.13443800798,-0.140652079091,
    9.154777381273));
#903 = CARTESIAN_POINT('',(-17.12753401324,-0.21200404523,9.152182749784
    ));
#904 = CARTESIAN_POINT('',(-17.11719976011,-0.282555444383,
    9.148293149383));
#905 = CARTESIAN_POINT('',(-17.10358782414,-0.351972289888,9.143154411)
  );
#906 = CARTESIAN_POINT('',(-17.08689808393,-0.419971744382,
    9.136825796495));
#907 = CARTESIAN_POINT('',(-17.06736198647,-0.486318756414,
    9.129375812623));
#908 = CARTESIAN_POINT('',(-17.03131746804,-0.591375353638,
    9.115538965306));
#909 = CARTESIAN_POINT('',(-17.01637381857,-0.631212533365,
    9.109782770385));
#910 = CARTESIAN_POINT('',(-17.00045773031,-0.670297004117,
    9.103628412942));
#911 = CARTESIAN_POINT('',(-16.98362719034,-0.708600145136,
    9.097092768778));
#912 = CARTESIAN_POINT('',(-16.96593937686,-0.746101057476,
    9.090192359063));
#913 = CARTESIAN_POINT('',(-16.94744961368,-0.782785668713,
    9.082943023319));
#914 = CARTESIAN_POINT('',(-16.92821032481,-0.818645837656,9.07535959239
    ));
#915 = CARTESIAN_POINT('',(-16.88145480003,-0.900789318791,
    9.056826448331));
#916 = CARTESIAN_POINT('',(-16.8533742609,-0.946399497752,9.045618532109
    ));
#917 = CARTESIAN_POINT('',(-16.82414536135,-0.990505459583,
    9.033864121821));
#918 = CARTESIAN_POINT('',(-16.79387675998,-1.033112094676,
    9.021592923133));
#919 = CARTESIAN_POINT('',(-16.76266813263,-1.074231477969,
    9.008831751663));
#920 = CARTESIAN_POINT('',(-16.73060952062,-1.113881626738,
    8.995604246352));
#921 = CARTESIAN_POINT('',(-16.69778067914,-1.152085258394,
    8.981930582816));
#922 = CARTESIAN_POINT('',(-16.63721419211,-1.218527781466,
    8.956455286186));
#923 = CARTESIAN_POINT('',(-16.60972364662,-1.247261741703,
    8.944804696998));
#924 = CARTESIAN_POINT('',(-16.58181587027,-1.275083388215,
    8.932884414789));
#925 = CARTESIAN_POINT('',(-16.55352525078,-1.302005489742,
    8.920702625485));
#926 = CARTESIAN_POINT('',(-16.5248835369,-1.32804061662,8.908266697516)
  );
#927 = CARTESIAN_POINT('',(-16.49591989296,-1.353201132857,8.89558317402
    ));
#928 = CARTESIAN_POINT('',(-16.46666095336,-1.377499188218,
    8.882657765057));
#929 = CARTESIAN_POINT('',(-16.41369267262,-1.419557153882,
    8.859048241337));
#930 = CARTESIAN_POINT('',(-16.39008402754,-1.43763152368,8.848451985041
    ));
#931 = CARTESIAN_POINT('',(-16.36631716347,-1.455175601536,
    8.837709082431));
#932 = CARTESIAN_POINT('',(-16.34240368621,-1.472194874843,
    8.826821859609));
#933 = CARTESIAN_POINT('',(-16.31835458584,-1.488694536544,
    8.815792457278));
#934 = CARTESIAN_POINT('',(-16.29418023669,-1.504679485133,
    8.804622830743));
#935 = CARTESIAN_POINT('',(-16.26989039733,-1.520154324656,8.79331474991
    ));
#936 = CARTESIAN_POINT('',(-16.17396035497,-1.579015189374,
    8.748311216752));
#937 = CARTESIAN_POINT('',(-16.10152095694,-1.618553288463,8.71357992935
    ));
#938 = CARTESIAN_POINT('',(-16.02839775716,-1.653854439,8.677711717035)
  );
#939 = CARTESIAN_POINT('',(-15.95479045585,-1.68500011203,8.640737869717
    ));
#940 = CARTESIAN_POINT('',(-15.8808802089,-1.712046485725,8.602686767806
    ));
#941 = CARTESIAN_POINT('',(-15.80683198491,-1.735030019786,
    8.563584898154));
#942 = CARTESIAN_POINT('',(-15.73279578345,-1.753968591147,
    8.523457305414));
#943 = CARTESIAN_POINT('',(-15.54357193319,-1.792099635926,
    8.418127190543));
#944 = CARTESIAN_POINT('',(-15.42865230144,-1.805464855821,8.35151652081
    ));
#945 = CARTESIAN_POINT('',(-15.31464577672,-1.808958675378,
    8.282580365202));
#946 = CARTESIAN_POINT('',(-15.20207655771,-1.802434146654,
    8.211456504545));
#947 = CARTESIAN_POINT('',(-15.09149481494,-1.785647897349,
    8.138354481189));
#948 = CARTESIAN_POINT('',(-14.98346691782,-1.758289675796,
    8.063576187982));
#949 = CARTESIAN_POINT('',(-14.87856612028,-1.719979883162,7.98753967107
    ));
#950 = CARTESIAN_POINT('',(-14.73760521394,-1.650676829017,
    7.880652099052));
#951 = CARTESIAN_POINT('',(-14.69841704843,-1.629361425881,
    7.850394868451));
#952 = CARTESIAN_POINT('',(-14.65984696776,-1.606255334374,
    7.820072323987));
#953 = CARTESIAN_POINT('',(-14.62193506431,-1.581330617212,7.78972617812
    ));
#954 = CARTESIAN_POINT('',(-14.58472353334,-1.554559039145,
    7.759403775344));
#955 = CARTESIAN_POINT('',(-14.54825647998,-1.525912366657,
    7.729158379838));
#956 = CARTESIAN_POINT('',(-14.51257972624,-1.495362667662,
    7.699049463112));
#957 = CARTESIAN_POINT('',(-14.4357786375,-1.423761991691,7.633122127831
    ));
#958 = CARTESIAN_POINT('',(-14.39503586779,-1.381844805133,
    7.597398652993));
#959 = CARTESIAN_POINT('',(-14.35559253964,-1.337081592437,
    7.562084983552));
#960 = CARTESIAN_POINT('',(-14.31753882134,-1.289429141492,
    7.527313841936));
#961 = CARTESIAN_POINT('',(-14.28097361033,-1.238853946074,
    7.493237495141));
#962 = CARTESIAN_POINT('',(-14.24600332485,-1.185335664751,
    7.460026993284));
#963 = CARTESIAN_POINT('',(-14.21274069559,-1.128870579792,
    7.427871408149));
#964 = CARTESIAN_POINT('',(-14.15884536331,-1.02704383393,7.374906646757
    ));
#965 = CARTESIAN_POINT('',(-14.13732083258,-0.9831207167,7.353481833971)
  );
#966 = CARTESIAN_POINT('',(-14.1167739793,-0.937714604308,7.332778311019
    ));
#967 = CARTESIAN_POINT('',(-14.09725199164,-0.890843442766,7.31287819564
    ));
#968 = CARTESIAN_POINT('',(-14.07880431079,-0.842536056674,
    7.293868347702));
#969 = CARTESIAN_POINT('',(-14.06148171001,-0.792833981707,
    7.275838671218));
#970 = CARTESIAN_POINT('',(-14.04533537362,-0.741793297117,
    7.258880416365));
#971 = CARTESIAN_POINT('',(-14.00804343951,-0.611049198842,
    7.219397524579));
#972 = CARTESIAN_POINT('',(-13.98841661314,-0.529719245371,
    7.198310157273));
#973 = CARTESIAN_POINT('',(-13.97173011636,-0.445797251836,
    7.180151606712));
#974 = CARTESIAN_POINT('',(-13.95815279034,-0.359652390957,
    7.165226143503));
#975 = CARTESIAN_POINT('',(-13.94782877564,-0.271726099098,
    7.153797259891));
#976 = CARTESIAN_POINT('',(-13.94087073938,-0.182536036954,
    7.146066982368));
#977 = CARTESIAN_POINT('',(-13.93734525185,-9.268026595742E-02,
    7.142150318742));
#978 = CARTESIAN_POINT('',(-13.93715541677,8.695592722992E-02,
    7.141939408763));
#979 = CARTESIAN_POINT('',(-13.94048786411,0.176800580403,7.145641602488
    ));
#980 = CARTESIAN_POINT('',(-13.94725216659,0.266009493995,7.153158159032
    ));
#981 = CARTESIAN_POINT('',(-13.95738398535,0.353983239029,7.16437815926)
  );
#982 = CARTESIAN_POINT('',(-13.97077254803,0.440201702387,7.179103055723
    ));
#983 = CARTESIAN_POINT('',(-13.98727518613,0.524220181413,7.197071953574
    ));
#984 = CARTESIAN_POINT('',(-14.00672399256,0.605665653399,7.217982143377
    ));
#985 = CARTESIAN_POINT('',(-14.04332428014,0.735193443911,7.256762125842
    ));
#986 = CARTESIAN_POINT('',(-14.05888729952,0.784962469477,7.273124463707
    ));
#987 = CARTESIAN_POINT('',(-14.07556710378,0.833472507433,7.290508424492
    ));
#988 = CARTESIAN_POINT('',(-14.09331661975,0.880670603434,7.308830069599
    ));
#989 = CARTESIAN_POINT('',(-14.11208907857,0.926517021915,7.328006522528
    ));
#990 = CARTESIAN_POINT('',(-14.13183883952,0.970983629996,7.347957494673
    ));
#991 = CARTESIAN_POINT('',(-14.1525222139,1.01405228139,7.368606811119)
  );
#992 = CARTESIAN_POINT('',(-14.20409252234,1.113628614874,7.419462581493
    ));
#993 = CARTESIAN_POINT('',(-14.23580857468,1.16881733694,7.450251277655)
  );
#994 = CARTESIAN_POINT('',(-14.26913903376,1.221260207016,7.482061628347
    ));
#995 = CARTESIAN_POINT('',(-14.3039809864,1.270956793772,7.514720140429)
  );
#996 = CARTESIAN_POINT('',(-14.34023710924,1.317922276934,7.548069029734
    ));
#997 = CARTESIAN_POINT('',(-14.37781675962,1.362184330171,7.581967026588
    ));
#998 = CARTESIAN_POINT('',(-14.4166370664,1.403780003991,7.616290181337)
  );
#999 = CARTESIAN_POINT('',(-14.55194546738,1.535656034262,7.733513905805
    ));
#1000 = CARTESIAN_POINT('',(-14.65379259563,1.613552697044,
    7.817818469493));
#1001 = CARTESIAN_POINT('',(-14.76122803081,1.677165323155,
    7.902474463281));
#1002 = CARTESIAN_POINT('',(-14.87337686947,1.727082351,7.986446478351)
  );
#1003 = CARTESIAN_POINT('',(-14.98939529211,1.763863710322,
    8.068978404237));
#1004 = CARTESIAN_POINT('',(-15.10849430516,1.788031480462,
    8.149546036972));
#1005 = CARTESIAN_POINT('',(-15.22997978975,1.8,8.227814239235));
#1006 = CARTESIAN_POINT('',(-15.35327003463,1.8,8.303593405886));
#1007 = PCURVE('',#784,#1008);
#1008 = DEFINITIONAL_REPRESENTATION('',(#1009),#1152);
#1009 = B_SPLINE_CURVE_WITH_KNOTS('',8,(#1010,#1011,#1012,#1013,#1014,
    #1015,#1016,#1017,#1018,#1019,#1020,#1021,#1022,#1023,#1024,#1025,
    #1026,#1027,#1028,#1029,#1030,#1031,#1032,#1033,#1034,#1035,#1036,
    #1037,#1038,#1039,#1040,#1041,#1042,#1043,#1044,#1045,#1046,#1047,
    #1048,#1049,#1050,#1051,#1052,#1053,#1054,#1055,#1056,#1057,#1058,
    #1059,#1060,#1061,#1062,#1063,#1064,#1065,#1066,#1067,#1068,#1069,
    #1070,#1071,#1072,#1073,#1074,#1075,#1076,#1077,#1078,#1079,#1080,
    #1081,#1082,#1083,#1084,#1085,#1086,#1087,#1088,#1089,#1090,#1091,
    #1092,#1093,#1094,#1095,#1096,#1097,#1098,#1099,#1100,#1101,#1102,
    #1103,#1104,#1105,#1106,#1107,#1108,#1109,#1110,#1111,#1112,#1113,
    #1114,#1115,#1116,#1117,#1118,#1119,#1120,#1121,#1122,#1123,#1124,
    #1125,#1126,#1127,#1128,#1129,#1130,#1131,#1132,#1133,#1134,#1135,
    #1136,#1137,#1138,#1139,#1140,#1141,#1142,#1143,#1144,#1145,#1146,
    #1147,#1148,#1149,#1150,#1151),.UNSPECIFIED.,.T.,.F.,(9,7,7,7,7,7,7,
    7,7,7,7,7,7,7,7,7,7,7,7,7,9),(0.,3.443469037551E-02,0.151560799161,
    0.186788974497,0.212985383057,0.254241819793,0.295910761914,
    0.32210739259,0.357335866621,0.385741415163,0.408287075067,
    0.474394864737,0.577583706008,0.618136737049,0.666980854644,
    0.701874319239,0.754199173706,0.806500114758,0.840423370711,
    0.887582182431,1.),.UNSPECIFIED.);
#1010 = CARTESIAN_POINT('',(2.87598050402,12.));
#1011 = CARTESIAN_POINT('',(2.876516947408,12.042067820744));
#1012 = CARTESIAN_POINT('',(2.877219701274,12.084056948893));
#1013 = CARTESIAN_POINT('',(2.878086023281,12.125949990916));
#1014 = CARTESIAN_POINT('',(2.879113382689,12.167729732976));
#1015 = CARTESIAN_POINT('',(2.880299460348,12.209379140925));
#1016 = CARTESIAN_POINT('',(2.881642148704,12.250881360307));
#1017 = CARTESIAN_POINT('',(2.883139551792,12.292219716359));
#1018 = CARTESIAN_POINT('',(2.890403767327,12.473372470961));
#1019 = CARTESIAN_POINT('',(2.897778389594,12.611036071847));
#1020 = CARTESIAN_POINT('',(2.906849635334,12.746042061528));
#1021 = CARTESIAN_POINT('',(2.917598610527,12.877793659446));
#1022 = CARTESIAN_POINT('',(2.93002296597,13.005469569442));
#1023 = CARTESIAN_POINT('',(2.944152079924,13.1279634384));
#1024 = CARTESIAN_POINT('',(2.960030656245,13.243935611577));
#1025 = CARTESIAN_POINT('',(2.983162978939,13.383871208328));
#1026 = CARTESIAN_POINT('',(2.988680667752,13.415447814841));
#1027 = CARTESIAN_POINT('',(2.994369871513,13.446187550364));
#1028 = CARTESIAN_POINT('',(3.000232782271,13.476023693835));
#1029 = CARTESIAN_POINT('',(3.006271077552,13.50488025932));
#1030 = CARTESIAN_POINT('',(3.012485819722,13.532672634482));
#1031 = CARTESIAN_POINT('',(3.018877355368,13.559308219048));
#1032 = CARTESIAN_POINT('',(3.030329212312,13.603559303077));
#1033 = CARTESIAN_POINT('',(3.035310394576,13.621735324708));
#1034 = CARTESIAN_POINT('',(3.040388341426,13.639173628751));
#1035 = CARTESIAN_POINT('',(3.045562049746,13.655829156615));
#1036 = CARTESIAN_POINT('',(3.050829833502,13.671654213063));
#1037 = CARTESIAN_POINT('',(3.056189223893,13.686599388714));
#1038 = CARTESIAN_POINT('',(3.061636869519,13.700614482565));
#1039 = CARTESIAN_POINT('',(3.075880040809,13.734178011687));
#1040 = CARTESIAN_POINT('',(3.084804009451,13.752285701751));
#1041 = CARTESIAN_POINT('',(3.093918084109,13.767759931045));
#1042 = CARTESIAN_POINT('',(3.103195399357,13.780405352487));
#1043 = CARTESIAN_POINT('',(3.112604099633,13.790052592963));
#1044 = CARTESIAN_POINT('',(3.122106721676,13.796571037323));
#1045 = CARTESIAN_POINT('',(3.131659342436,13.79988563896));
#1046 = CARTESIAN_POINT('',(3.150857140386,13.80011099599));
#1047 = CARTESIAN_POINT('',(3.160508201692,13.796957458453));
#1048 = CARTESIAN_POINT('',(3.17011046686,13.790532053146));
#1049 = CARTESIAN_POINT('',(3.179618521849,13.780909716504));
#1050 = CARTESIAN_POINT('',(3.188993619877,13.768223630738));
#1051 = CARTESIAN_POINT('',(3.19820279784,13.752647672546));
#1052 = CARTESIAN_POINT('',(3.207218237385,13.734383092412));
#1053 = CARTESIAN_POINT('',(3.22154843766,13.700614482565));
#1054 = CARTESIAN_POINT('',(3.226996083287,13.686599388714));
#1055 = CARTESIAN_POINT('',(3.232355473678,13.671654213063));
#1056 = CARTESIAN_POINT('',(3.237623257433,13.655829156615));
#1057 = CARTESIAN_POINT('',(3.242796965754,13.639173628751));
#1058 = CARTESIAN_POINT('',(3.247874912603,13.621735324708));
#1059 = CARTESIAN_POINT('',(3.252856094868,13.603559303077));
#1060 = CARTESIAN_POINT('',(3.264307951812,13.559308219048));
#1061 = CARTESIAN_POINT('',(3.270699487458,13.532672634482));
#1062 = CARTESIAN_POINT('',(3.276914229628,13.50488025932));
#1063 = CARTESIAN_POINT('',(3.282952524908,13.476023693835));
#1064 = CARTESIAN_POINT('',(3.288815435667,13.446187550364));
#1065 = CARTESIAN_POINT('',(3.294504639427,13.415447814841));
#1066 = CARTESIAN_POINT('',(3.30002232824,13.383871208328));
#1067 = CARTESIAN_POINT('',(3.309683955232,13.325424611483));
#1068 = CARTESIAN_POINT('',(3.313886718466,13.298829160353));
#1069 = CARTESIAN_POINT('',(3.317980644636,13.271758921555));
#1070 = CARTESIAN_POINT('',(3.321966908335,13.244242269872));
#1071 = CARTESIAN_POINT('',(3.325846620089,13.216305257557));
#1072 = CARTESIAN_POINT('',(3.329620834567,13.187971643407));
#1073 = CARTESIAN_POINT('',(3.33329055879,13.159262921848));
#1074 = CARTESIAN_POINT('',(3.339687276622,13.107129622826));
#1075 = CARTESIAN_POINT('',(3.342452537518,13.083837075039));
#1076 = CARTESIAN_POINT('',(3.345152996328,13.060330488444));
#1077 = CARTESIAN_POINT('',(3.347789060208,13.036619105014));
#1078 = CARTESIAN_POINT('',(3.350361090185,13.012711628906));
#1079 = CARTESIAN_POINT('',(3.352869401152,12.988616226459));
#1080 = CARTESIAN_POINT('',(3.355314261868,12.964340526194));
#1081 = CARTESIAN_POINT('',(3.364679256744,12.868203177071));
#1082 = CARTESIAN_POINT('',(3.371118211843,12.795034319847));
#1083 = CARTESIAN_POINT('',(3.377019660758,12.72055498832));
#1084 = CARTESIAN_POINT('',(3.382385151475,12.64491751678));
#1085 = CARTESIAN_POINT('',(3.387212340518,12.568260090632));
#1086 = CARTESIAN_POINT('',(3.391495823602,12.490709039775));
#1087 = CARTESIAN_POINT('',(3.395227335905,12.412379967374));
#1088 = CARTESIAN_POINT('',(3.403340288474,12.210061671775));
#1089 = CARTESIAN_POINT('',(3.406909865934,12.085166022978));
#1090 = CARTESIAN_POINT('',(3.409063102227,11.959075882529));
#1091 = CARTESIAN_POINT('',(3.409734914966,11.832233745087));
#1092 = CARTESIAN_POINT('',(3.40884367381,11.705153772208));
#1093 = CARTESIAN_POINT('',(3.406296488704,11.578431282459));
#1094 = CARTESIAN_POINT('',(3.40199042129,11.452754998301));
#1095 = CARTESIAN_POINT('',(3.393378092018,11.280266443673));
#1096 = CARTESIAN_POINT('',(3.390658984929,11.23189839307));
#1097 = CARTESIAN_POINT('',(3.387643714948,11.183877606422));
#1098 = CARTESIAN_POINT('',(3.384325412443,11.136261808215));
#1099 = CARTESIAN_POINT('',(3.380697219138,11.089114389023));
#1100 = CARTESIAN_POINT('',(3.376752368569,11.042504501803));
#1101 = CARTESIAN_POINT('',(3.372484266545,10.996507158198));
#1102 = CARTESIAN_POINT('',(3.362348875734,10.896637101105));
#1103 = CARTESIAN_POINT('',(3.356333576228,10.843082384158));
#1104 = CARTESIAN_POINT('',(3.349829386882,10.7906768613));
#1105 = CARTESIAN_POINT('',(3.342826222503,10.73958016286));
#1106 = CARTESIAN_POINT('',(3.335315912072,10.689972502173));
#1107 = CARTESIAN_POINT('',(3.327292911918,10.642053315556));
#1108 = CARTESIAN_POINT('',(3.318755018885,10.596039902294));
#1109 = CARTESIAN_POINT('',(3.303238238517,10.520823289339));
#1110 = CARTESIAN_POINT('',(3.296511121809,10.490575228904));
#1111 = CARTESIAN_POINT('',(3.289523860758,10.461508147488));
#1112 = CARTESIAN_POINT('',(3.282279240152,10.433715282897));
#1113 = CARTESIAN_POINT('',(3.274782031726,10.407294953844));
#1114 = CARTESIAN_POINT('',(3.2670393237,10.382348667215));
#1115 = CARTESIAN_POINT('',(3.259060850313,10.358979225343));
#1116 = CARTESIAN_POINT('',(3.23856063408,10.304762782309));
#1117 = CARTESIAN_POINT('',(3.22575321997,10.275993040952));
#1118 = CARTESIAN_POINT('',(3.212488648033,10.25135691082));
#1119 = CARTESIAN_POINT('',(3.198831438152,10.231196005731));
#1120 = CARTESIAN_POINT('',(3.18485966565,10.215804824218));
#1121 = CARTESIAN_POINT('',(3.170665262061,10.20541054858));
#1122 = CARTESIAN_POINT('',(3.156354012131,10.200144070472));
#1123 = CARTESIAN_POINT('',(3.127743021279,10.199860480415));
#1124 = CARTESIAN_POINT('',(3.113433041814,10.20483858121));
#1125 = CARTESIAN_POINT('',(3.099234619646,10.214944607405));
#1126 = CARTESIAN_POINT('',(3.085253776087,10.230052233795));
#1127 = CARTESIAN_POINT('',(3.071582880043,10.249938161106));
#1128 = CARTESIAN_POINT('',(3.058300593166,10.274310826753));
#1129 = CARTESIAN_POINT('',(3.045472122845,10.302830413252));
#1130 = CARTESIAN_POINT('',(3.025157309493,10.356063814691));
#1131 = CARTESIAN_POINT('',(3.017374697541,10.378601808715));
#1132 = CARTESIAN_POINT('',(3.00981383882,10.402640266782));
#1133 = CARTESIAN_POINT('',(3.002483933276,10.428084630149));
#1134 = CARTESIAN_POINT('',(2.995391778923,10.454841349284));
#1135 = CARTESIAN_POINT('',(2.988542061602,10.482819582263));
#1136 = CARTESIAN_POINT('',(2.981937644744,10.511932893162));
#1137 = CARTESIAN_POINT('',(2.966741508978,10.584039428749));
#1138 = CARTESIAN_POINT('',(2.958380732666,10.628011623827));
#1139 = CARTESIAN_POINT('',(2.950500010084,10.67380417233));
#1140 = CARTESIAN_POINT('',(2.94309807534,10.721218019485));
#1141 = CARTESIAN_POINT('',(2.936170553665,10.770069737361));
#1142 = CARTESIAN_POINT('',(2.929710598316,10.820192843122));
#1143 = CARTESIAN_POINT('',(2.923709527478,10.87143911729));
#1144 = CARTESIAN_POINT('',(2.904922369885,11.048212263659));
#1145 = CARTESIAN_POINT('',(2.894253147018,11.178259378321));
#1146 = CARTESIAN_POINT('',(2.885994937835,11.312167798514));
#1147 = CARTESIAN_POINT('',(2.880004138312,11.448581977969));
#1148 = CARTESIAN_POINT('',(2.87613613803,11.586380305743));
#1149 = CARTESIAN_POINT('',(2.874251459198,11.72465406301));
#1150 = CARTESIAN_POINT('',(2.87422967669,11.862700348679));
#1151 = CARTESIAN_POINT('',(2.87598050402,12.));
#1152 = ( GEOMETRIC_REPRESENTATION_CONTEXT(2) 
PARAMETRIC_REPRESENTATION_CONTEXT() REPRESENTATION_CONTEXT('2D SPACE',''
  ) );
#1153 = PCURVE('',#1154,#1159);
#1154 = CYLINDRICAL_SURFACE('',#1155,1.8);
#1155 = AXIS2_PLACEMENT_3D('',#1156,#1157,#1158);
#1156 = CARTESIAN_POINT('',(-16.30352237949,0.,7.506237013795));
#1157 = DIRECTION('',(-0.766044443119,-0.,-0.642787609687));
#1158 = DIRECTION('',(0.,1.,0.));
#1159 = DEFINITIONAL_REPRESENTATION('',(#1160),#1303);
#1160 = B_SPLINE_CURVE_WITH_KNOTS('',8,(#1161,#1162,#1163,#1164,#1165,
    #1166,#1167,#1168,#1169,#1170,#1171,#1172,#1173,#1174,#1175,#1176,
    #1177,#1178,#1179,#1180,#1181,#1182,#1183,#1184,#1185,#1186,#1187,
    #1188,#1189,#1190,#1191,#1192,#1193,#1194,#1195,#1196,#1197,#1198,
    #1199,#1200,#1201,#1202,#1203,#1204,#1205,#1206,#1207,#1208,#1209,
    #1210,#1211,#1212,#1213,#1214,#1215,#1216,#1217,#1218,#1219,#1220,
    #1221,#1222,#1223,#1224,#1225,#1226,#1227,#1228,#1229,#1230,#1231,
    #1232,#1233,#1234,#1235,#1236,#1237,#1238,#1239,#1240,#1241,#1242,
    #1243,#1244,#1245,#1246,#1247,#1248,#1249,#1250,#1251,#1252,#1253,
    #1254,#1255,#1256,#1257,#1258,#1259,#1260,#1261,#1262,#1263,#1264,
    #1265,#1266,#1267,#1268,#1269,#1270,#1271,#1272,#1273,#1274,#1275,
    #1276,#1277,#1278,#1279,#1280,#1281,#1282,#1283,#1284,#1285,#1286,
    #1287,#1288,#1289,#1290,#1291,#1292,#1293,#1294,#1295,#1296,#1297,
    #1298,#1299,#1300,#1301,#1302),.UNSPECIFIED.,.F.,.F.,(9,7,7,7,7,7,7,
    7,7,7,7,7,7,7,7,7,7,7,7,7,9),(0.,3.443469037551E-02,0.151560799161,
    0.186788974497,0.212985383057,0.254241819793,0.295910761914,
    0.32210739259,0.357335866621,0.385741415163,0.408287075067,
    0.474394864737,0.577583706008,0.618136737049,0.666980854644,
    0.701874319239,0.754199173706,0.806500114758,0.840423370711,
    0.887582182431,1.),.UNSPECIFIED.);
#1161 = CARTESIAN_POINT('',(0.,-1.240466337676));
#1162 = CARTESIAN_POINT('',(-2.337101152465E-02,-1.226453122619));
#1163 = CARTESIAN_POINT('',(-4.669844159576E-02,-1.212162741743));
#1164 = CARTESIAN_POINT('',(-6.99918068311E-02,-1.197605637708));
#1165 = CARTESIAN_POINT('',(-9.326069029752E-02,-1.182792800913));
#1166 = CARTESIAN_POINT('',(-0.116514741511,-1.167735769505));
#1167 = CARTESIAN_POINT('',(-0.139763676436,-1.152446629371));
#1168 = CARTESIAN_POINT('',(-0.163017277488,-1.136938014142));
#1169 = CARTESIAN_POINT('',(-0.265429531634,-1.067770435374));
#1170 = CARTESIAN_POINT('',(-0.34460529625,-1.012023893502));
#1171 = CARTESIAN_POINT('',(-0.424382938477,-0.954394479123));
#1172 = CARTESIAN_POINT('',(-0.505230607512,-0.895424236015));
#1173 = CARTESIAN_POINT('',(-0.587580388486,-0.835807182602));
#1174 = CARTESIAN_POINT('',(-0.671935832866,-0.77644315697));
#1175 = CARTESIAN_POINT('',(-0.758846594825,-0.718416850877));
#1176 = CARTESIAN_POINT('',(-0.876551447017,-0.646538162259));
#1177 = CARTESIAN_POINT('',(-0.904074056907,-0.630179072167));
#1178 = CARTESIAN_POINT('',(-0.93192366275,-0.614123227106));
#1179 = CARTESIAN_POINT('',(-0.960118924468,-0.598418754448));
#1180 = CARTESIAN_POINT('',(-0.988676593908,-0.583119435046));
#1181 = CARTESIAN_POINT('',(-1.017611680607,-0.568284388255));
#1182 = CARTESIAN_POINT('',(-1.046937617565,-0.553977756973));
#1183 = CARTESIAN_POINT('',(-1.098773391982,-0.530073822404));
#1184 = CARTESIAN_POINT('',(-1.121101697793,-0.520210207513));
#1185 = CARTESIAN_POINT('',(-1.143655271143,-0.510706010367));
#1186 = CARTESIAN_POINT('',(-1.166436164415,-0.501591857006));
#1187 = CARTESIAN_POINT('',(-1.189444306704,-0.492899946482));
#1188 = CARTESIAN_POINT('',(-1.21267725485,-0.48466346022));
#1189 = CARTESIAN_POINT('',(-1.23612994447,-0.476915971363));
#1190 = CARTESIAN_POINT('',(-1.297063397196,-0.45831209619));
#1191 = CARTESIAN_POINT('',(-1.334875682423,-0.448223337421));
#1192 = CARTESIAN_POINT('',(-1.373176874827,-0.439564030974));
#1193 = CARTESIAN_POINT('',(-1.411901907234,-0.432463526852));
#1194 = CARTESIAN_POINT('',(-1.45097360726,-0.427033858342));
#1195 = CARTESIAN_POINT('',(-1.49029884041,-0.423360773867));
#1196 = CARTESIAN_POINT('',(-1.529762256161,-0.421493014248));
#1197 = CARTESIAN_POINT('',(-1.609067515278,-0.421366024826));
#1198 = CARTESIAN_POINT('',(-1.648933565751,-0.423143022375));
#1199 = CARTESIAN_POINT('',(-1.688664395042,-0.426763992206));
#1200 = CARTESIAN_POINT('',(-1.72814067628,-0.432180302447));
#1201 = CARTESIAN_POINT('',(-1.767266071003,-0.439304532992));
#1202 = CARTESIAN_POINT('',(-1.805960668024,-0.448021660749));
#1203 = CARTESIAN_POINT('',(-1.844156939269,-0.458198422322));
#1204 = CARTESIAN_POINT('',(-1.90546270912,-0.476915971363));
#1205 = CARTESIAN_POINT('',(-1.928915398739,-0.48466346022));
#1206 = CARTESIAN_POINT('',(-1.952148346886,-0.492899946482));
#1207 = CARTESIAN_POINT('',(-1.975156489175,-0.501591857006));
#1208 = CARTESIAN_POINT('',(-1.997937382447,-0.510706010367));
#1209 = CARTESIAN_POINT('',(-2.020490955797,-0.520210207513));
#1210 = CARTESIAN_POINT('',(-2.042819261608,-0.530073822404));
#1211 = CARTESIAN_POINT('',(-2.094655036025,-0.553977756973));
#1212 = CARTESIAN_POINT('',(-2.123980972983,-0.568284388255));
#1213 = CARTESIAN_POINT('',(-2.152916059682,-0.583119435045));
#1214 = CARTESIAN_POINT('',(-2.181473729121,-0.598418754448));
#1215 = CARTESIAN_POINT('',(-2.20966899084,-0.614123227106));
#1216 = CARTESIAN_POINT('',(-2.237518596683,-0.630179072167));
#1217 = CARTESIAN_POINT('',(-2.265041206573,-0.646538162259));
#1218 = CARTESIAN_POINT('',(-2.314202736609,-0.67655957806));
#1219 = CARTESIAN_POINT('',(-2.335947450057,-0.690129703293));
#1220 = CARTESIAN_POINT('',(-2.35750191892,-0.703846090578));
#1221 = CARTESIAN_POINT('',(-2.378875937298,-0.717687659204));
#1222 = CARTESIAN_POINT('',(-2.40007900693,-0.731634824546));
#1223 = CARTESIAN_POINT('',(-2.42112047504,-0.745669451289));
#1224 = CARTESIAN_POINT('',(-2.442009672175,-0.75977480665));
#1225 = CARTESIAN_POINT('',(-2.479222578732,-0.78517495446));
#1226 = CARTESIAN_POINT('',(-2.495598923252,-0.796449083572));
#1227 = CARTESIAN_POINT('',(-2.511889603166,-0.807750153036));
#1228 = CARTESIAN_POINT('',(-2.528099029369,-0.819070767471));
#1229 = CARTESIAN_POINT('',(-2.544231504089,-0.83040388401));
#1230 = CARTESIAN_POINT('',(-2.560291220888,-0.841742812304));
#1231 = CARTESIAN_POINT('',(-2.576282264666,-0.853081214519));
#1232 = CARTESIAN_POINT('',(-2.638907426482,-0.897640176892));
#1233 = CARTESIAN_POINT('',(-2.685044755132,-0.930807134007));
#1234 = CARTESIAN_POINT('',(-2.730728853858,-0.963767112403));
#1235 = CARTESIAN_POINT('',(-2.776051213592,-0.996387245602));
#1236 = CARTESIAN_POINT('',(-2.821093399581,-1.028547002731));
#1237 = CARTESIAN_POINT('',(-2.865932389073,-1.060137035908));
#1238 = CARTESIAN_POINT('',(-2.910644407057,-1.091058537205));
#1239 = CARTESIAN_POINT('',(-3.02502231289,-1.168307523442));
#1240 = CARTESIAN_POINT('',(-3.094583495762,-1.213524555568));
#1241 = CARTESIAN_POINT('',(-3.164297570573,-1.256547313629));
#1242 = CARTESIAN_POINT('',(-3.234414181598,-1.297062801934));
#1243 = CARTESIAN_POINT('',(-3.305164510476,-1.334784256633));
#1244 = CARTESIAN_POINT('',(-3.376777570963,-1.36947186658));
#1245 = CARTESIAN_POINT('',(-3.44949879721,-1.400955208658));
#1246 = CARTESIAN_POINT('',(-3.552771202772,-1.440231520734));
#1247 = CARTESIAN_POINT('',(-3.582119912902,-1.450802424225));
#1248 = CARTESIAN_POINT('',(-3.611698201964,-1.460857864319));
#1249 = CARTESIAN_POINT('',(-3.641522088503,-1.470393940717));
#1250 = CARTESIAN_POINT('',(-3.671607457077,-1.479408762435));
#1251 = CARTESIAN_POINT('',(-3.701970397991,-1.487902780538));
#1252 = CARTESIAN_POINT('',(-3.732627547032,-1.495879120878));
#1253 = CARTESIAN_POINT('',(-3.800896905304,-1.512334893873));
#1254 = CARTESIAN_POINT('',(-3.838645998333,-1.520583059211));
#1255 = CARTESIAN_POINT('',(-3.876876439,-1.528099212386));
#1256 = CARTESIAN_POINT('',(-3.915617362554,-1.534899592822));
#1257 = CARTESIAN_POINT('',(-3.954894918918,-1.541006316025));
#1258 = CARTESIAN_POINT('',(-3.99473288681,-1.546447809789));
#1259 = CARTESIAN_POINT('',(-4.035153287869,-1.551259250391));
#1260 = CARTESIAN_POINT('',(-4.10548369205,-1.55850037782));
#1261 = CARTESIAN_POINT('',(-4.135095778184,-1.561217520776));
#1262 = CARTESIAN_POINT('',(-4.165018939237,-1.563649355523));
#1263 = CARTESIAN_POINT('',(-4.195256248927,-1.565812518095));
#1264 = CARTESIAN_POINT('',(-4.225807781775,-1.56772496678));
#1265 = CARTESIAN_POINT('',(-4.256670220234,-1.569405596195));
#1266 = CARTESIAN_POINT('',(-4.287836461819,-1.570873851366));
#1267 = CARTESIAN_POINT('',(-4.366469540667,-1.574062016626));
#1268 = CARTESIAN_POINT('',(-4.414328853981,-1.575542339481));
#1269 = CARTESIAN_POINT('',(-4.462799101399,-1.576652846304));
#1270 = CARTESIAN_POINT('',(-4.511796758127,-1.577459778633));
#1271 = CARTESIAN_POINT('',(-4.561226731164,-1.578022087945));
#1272 = CARTESIAN_POINT('',(-4.61097555353,-1.578383326349));
#1273 = CARTESIAN_POINT('',(-4.660899880891,-1.578566423629));
#1274 = CARTESIAN_POINT('',(-4.760697890356,-1.578576275419));
#1275 = CARTESIAN_POINT('',(-4.810607057084,-1.578403196902));
#1276 = CARTESIAN_POINT('',(-4.860348110345,-1.57805298999));
#1277 = CARTESIAN_POINT('',(-4.909777164214,-1.577503643656));
#1278 = CARTESIAN_POINT('',(-4.958780000699,-1.576712390616));
#1279 = CARTESIAN_POINT('',(-5.007260584881,-1.575620821299));
#1280 = CARTESIAN_POINT('',(-5.055134221785,-1.574162982129));
#1281 = CARTESIAN_POINT('',(-5.132934304982,-1.571052827445));
#1282 = CARTESIAN_POINT('',(-5.163267795938,-1.569648370976));
#1283 = CARTESIAN_POINT('',(-5.193315054338,-1.568045094214));
#1284 = CARTESIAN_POINT('',(-5.223069137363,-1.566225102601));
#1285 = CARTESIAN_POINT('',(-5.252526573737,-1.564170951181));
#1286 = CARTESIAN_POINT('',(-5.281687004586,-1.561865994248));
#1287 = CARTESIAN_POINT('',(-5.310552824287,-1.559294734997));
#1288 = CARTESIAN_POINT('',(-5.37885407842,-1.552479045866));
#1289 = CARTESIAN_POINT('',(-5.418015020157,-1.547973732625));
#1290 = CARTESIAN_POINT('',(-5.456629190994,-1.542888418944));
#1291 = CARTESIAN_POINT('',(-5.494715542463,-1.537190421654));
#1292 = CARTESIAN_POINT('',(-5.532294901481,-1.530852873062));
#1293 = CARTESIAN_POINT('',(-5.56939043866,-1.523854403087));
#1294 = CARTESIAN_POINT('',(-5.606028136612,-1.516178821397));
#1295 = CARTESIAN_POINT('',(-5.728553055515,-1.487876530366));
#1296 = CARTESIAN_POINT('',(-5.812339496805,-1.464047032705));
#1297 = CARTESIAN_POINT('',(-5.89407923344,-1.436162538482));
#1298 = CARTESIAN_POINT('',(-5.974106557786,-1.404227714669));
#1299 = CARTESIAN_POINT('',(-6.052719652839,-1.368402946069));
#1300 = CARTESIAN_POINT('',(-6.13021558356,-1.328955685004));
#1301 = CARTESIAN_POINT('',(-6.206907723112,-1.286202235261));
#1302 = CARTESIAN_POINT('',(-6.28318530718,-1.240466337676));
#1303 = ( GEOMETRIC_REPRESENTATION_CONTEXT(2) 
PARAMETRIC_REPRESENTATION_CONTEXT() REPRESENTATION_CONTEXT('2D SPACE',''
  ) );
#1304 = ADVANCED_FACE('',(#1305,#1308),#846,.F.);
#1305 = FACE_BOUND('',#1306,.F.);
#1306 = EDGE_LOOP('',(#1307));
#1307 = ORIENTED_EDGE('',*,*,#831,.T.);
#1308 = FACE_BOUND('',#1309,.F.);
#1309 = EDGE_LOOP('',(#1310));
#1310 = ORIENTED_EDGE('',*,*,#1311,.F.);
#1311 = EDGE_CURVE('',#1312,#1312,#1314,.T.);
#1312 = VERTEX_POINT('',#1313);
#1313 = CARTESIAN_POINT('',(-1.189809912942,-4.416595586989E-16,
    4.523260098208));
#1314 = SURFACE_CURVE('',#1315,(#1320,#1327),.PCURVE_S1.);
#1315 = CIRCLE('',#1316,1.803211991435);
#1316 = AXIS2_PLACEMENT_3D('',#1317,#1318,#1319);
#1317 = CARTESIAN_POINT('',(-2.571150438746,0.,3.364177772476));
#1318 = DIRECTION('',(-0.642787609687,0.,0.766044443119));
#1319 = DIRECTION('',(0.766044443119,0.,0.642787609687));
#1320 = PCURVE('',#846,#1321);
#1321 = DEFINITIONAL_REPRESENTATION('',(#1322),#1326);
#1322 = CIRCLE('',#1323,1.803211991435);
#1323 = AXIS2_PLACEMENT_2D('',#1324,#1325);
#1324 = CARTESIAN_POINT('',(0.,0.));
#1325 = DIRECTION('',(1.,0.));
#1326 = ( GEOMETRIC_REPRESENTATION_CONTEXT(2) 
PARAMETRIC_REPRESENTATION_CONTEXT() REPRESENTATION_CONTEXT('2D SPACE',''
  ) );
#1327 = PCURVE('',#1328,#1333);
#1328 = CONICAL_SURFACE('',#1329,1.8,0.310790322755);
#1329 = AXIS2_PLACEMENT_3D('',#1330,#1331,#1332);
#1330 = CARTESIAN_POINT('',(-2.564722562649,0.,3.356517328045));
#1331 = DIRECTION('',(-0.642787609687,0.,0.766044443119));
#1332 = DIRECTION('',(0.766044443119,0.,0.642787609687));
#1333 = DEFINITIONAL_REPRESENTATION('',(#1334),#1338);
#1334 = LINE('',#1335,#1336);
#1335 = CARTESIAN_POINT('',(0.,1.E-02));
#1336 = VECTOR('',#1337,1.);
#1337 = DIRECTION('',(1.,0.));
#1338 = ( GEOMETRIC_REPRESENTATION_CONTEXT(2) 
PARAMETRIC_REPRESENTATION_CONTEXT() REPRESENTATION_CONTEXT('2D SPACE',''
  ) );
#1339 = ADVANCED_FACE('',(#1340),#818,.T.);
#1340 = FACE_BOUND('',#1341,.F.);
#1341 = EDGE_LOOP('',(#1342,#1365,#1392,#1393));
#1342 = ORIENTED_EDGE('',*,*,#1343,.T.);
#1343 = EDGE_CURVE('',#776,#1344,#1346,.T.);
#1344 = VERTEX_POINT('',#1345);
#1345 = CARTESIAN_POINT('',(-26.16078521533,0.,50.145895687782));
#1346 = SEAM_CURVE('',#1347,(#1351,#1358),.PCURVE_S1.);
#1347 = LINE('',#1348,#1349);
#1348 = CARTESIAN_POINT('',(-11.37667019254,0.,32.526873496046));
#1349 = VECTOR('',#1350,1.);
#1350 = DIRECTION('',(-0.642787609687,0.,0.766044443119));
#1351 = PCURVE('',#818,#1352);
#1352 = DEFINITIONAL_REPRESENTATION('',(#1353),#1357);
#1353 = LINE('',#1354,#1355);
#1354 = CARTESIAN_POINT('',(-0.,0.));
#1355 = VECTOR('',#1356,1.);
#1356 = DIRECTION('',(-0.,-1.));
#1357 = ( GEOMETRIC_REPRESENTATION_CONTEXT(2) 
PARAMETRIC_REPRESENTATION_CONTEXT() REPRESENTATION_CONTEXT('2D SPACE',''
  ) );
#1358 = PCURVE('',#818,#1359);
#1359 = DEFINITIONAL_REPRESENTATION('',(#1360),#1364);
#1360 = LINE('',#1361,#1362);
#1361 = CARTESIAN_POINT('',(-6.28318530718,0.));
#1362 = VECTOR('',#1363,1.);
#1363 = DIRECTION('',(-0.,-1.));
#1364 = ( GEOMETRIC_REPRESENTATION_CONTEXT(2) 
PARAMETRIC_REPRESENTATION_CONTEXT() REPRESENTATION_CONTEXT('2D SPACE',''
  ) );
#1365 = ORIENTED_EDGE('',*,*,#1366,.T.);
#1366 = EDGE_CURVE('',#1344,#1344,#1367,.T.);
#1367 = SURFACE_CURVE('',#1368,(#1373,#1380),.PCURVE_S1.);
#1368 = CIRCLE('',#1369,12.);
#1369 = AXIS2_PLACEMENT_3D('',#1370,#1371,#1372);
#1370 = CARTESIAN_POINT('',(-35.35331853276,0.,42.432444371544));
#1371 = DIRECTION('',(-0.642787609687,0.,0.766044443119));
#1372 = DIRECTION('',(0.766044443119,0.,0.642787609687));
#1373 = PCURVE('',#818,#1374);
#1374 = DEFINITIONAL_REPRESENTATION('',(#1375),#1379);
#1375 = LINE('',#1376,#1377);
#1376 = CARTESIAN_POINT('',(-0.,-23.));
#1377 = VECTOR('',#1378,1.);
#1378 = DIRECTION('',(-1.,0.));
#1379 = ( GEOMETRIC_REPRESENTATION_CONTEXT(2) 
PARAMETRIC_REPRESENTATION_CONTEXT() REPRESENTATION_CONTEXT('2D SPACE',''
  ) );
#1380 = PCURVE('',#1381,#1386);
#1381 = PLANE('',#1382);
#1382 = AXIS2_PLACEMENT_3D('',#1383,#1384,#1385);
#1383 = CARTESIAN_POINT('',(-35.35331853276,-3.40453421458E-17,
    42.432444371544));
#1384 = DIRECTION('',(-0.642787609687,0.,0.766044443119));
#1385 = DIRECTION('',(0.766044443119,0.,0.642787609687));
#1386 = DEFINITIONAL_REPRESENTATION('',(#1387),#1391);
#1387 = CIRCLE('',#1388,12.);
#1388 = AXIS2_PLACEMENT_2D('',#1389,#1390);
#1389 = CARTESIAN_POINT('',(0.,3.40453421458E-17));
#1390 = DIRECTION('',(1.,0.));
#1391 = ( GEOMETRIC_REPRESENTATION_CONTEXT(2) 
PARAMETRIC_REPRESENTATION_CONTEXT() REPRESENTATION_CONTEXT('2D SPACE',''
  ) );
#1392 = ORIENTED_EDGE('',*,*,#1343,.F.);
#1393 = ORIENTED_EDGE('',*,*,#803,.F.);
#1394 = ADVANCED_FACE('',(#1395),#1154,.F.);
#1395 = FACE_BOUND('',#1396,.T.);
#1396 = EDGE_LOOP('',(#1397,#1398,#1421,#1859));
#1397 = ORIENTED_EDGE('',*,*,#860,.F.);
#1398 = ORIENTED_EDGE('',*,*,#1399,.T.);
#1399 = EDGE_CURVE('',#861,#1400,#1402,.T.);
#1400 = VERTEX_POINT('',#1401);
#1401 = CARTESIAN_POINT('',(-14.39337573884,1.8,9.109040355454));
#1402 = SEAM_CURVE('',#1403,(#1407,#1414),.PCURVE_S1.);
#1403 = LINE('',#1404,#1405);
#1404 = CARTESIAN_POINT('',(-16.30352237949,1.8,7.506237013795));
#1405 = VECTOR('',#1406,1.);
#1406 = DIRECTION('',(0.766044443119,0.,0.642787609687));
#1407 = PCURVE('',#1154,#1408);
#1408 = DEFINITIONAL_REPRESENTATION('',(#1409),#1413);
#1409 = LINE('',#1410,#1411);
#1410 = CARTESIAN_POINT('',(-6.28318530718,0.));
#1411 = VECTOR('',#1412,1.);
#1412 = DIRECTION('',(-0.,-1.));
#1413 = ( GEOMETRIC_REPRESENTATION_CONTEXT(2) 
PARAMETRIC_REPRESENTATION_CONTEXT() REPRESENTATION_CONTEXT('2D SPACE',''
  ) );
#1414 = PCURVE('',#1154,#1415);
#1415 = DEFINITIONAL_REPRESENTATION('',(#1416),#1420);
#1416 = LINE('',#1417,#1418);
#1417 = CARTESIAN_POINT('',(-0.,0.));
#1418 = VECTOR('',#1419,1.);
#1419 = DIRECTION('',(-0.,-1.));
#1420 = ( GEOMETRIC_REPRESENTATION_CONTEXT(2) 
PARAMETRIC_REPRESENTATION_CONTEXT() REPRESENTATION_CONTEXT('2D SPACE',''
  ) );
#1421 = ORIENTED_EDGE('',*,*,#1422,.T.);
#1422 = EDGE_CURVE('',#1400,#1400,#1423,.T.);
#1423 = SURFACE_CURVE('',#1424,(#1567,#1713),.PCURVE_S1.);
#1424 = B_SPLINE_CURVE_WITH_KNOTS('',8,(#1425,#1426,#1427,#1428,#1429,
    #1430,#1431,#1432,#1433,#1434,#1435,#1436,#1437,#1438,#1439,#1440,
    #1441,#1442,#1443,#1444,#1445,#1446,#1447,#1448,#1449,#1450,#1451,
    #1452,#1453,#1454,#1455,#1456,#1457,#1458,#1459,#1460,#1461,#1462,
    #1463,#1464,#1465,#1466,#1467,#1468,#1469,#1470,#1471,#1472,#1473,
    #1474,#1475,#1476,#1477,#1478,#1479,#1480,#1481,#1482,#1483,#1484,
    #1485,#1486,#1487,#1488,#1489,#1490,#1491,#1492,#1493,#1494,#1495,
    #1496,#1497,#1498,#1499,#1500,#1501,#1502,#1503,#1504,#1505,#1506,
    #1507,#1508,#1509,#1510,#1511,#1512,#1513,#1514,#1515,#1516,#1517,
    #1518,#1519,#1520,#1521,#1522,#1523,#1524,#1525,#1526,#1527,#1528,
    #1529,#1530,#1531,#1532,#1533,#1534,#1535,#1536,#1537,#1538,#1539,
    #1540,#1541,#1542,#1543,#1544,#1545,#1546,#1547,#1548,#1549,#1550,
    #1551,#1552,#1553,#1554,#1555,#1556,#1557,#1558,#1559,#1560,#1561,
    #1562,#1563,#1564,#1565,#1566),.UNSPECIFIED.,.T.,.F.,(9,7,7,7,7,7,7,
    7,7,7,7,7,7,7,7,7,7,7,7,7,9),(0.,4.493492566351E-02,0.156230750711,
    0.189912581866,0.215166634392,0.255120485629,0.295486498253,
    0.320740762063,0.35442287501,0.381704539993,0.403097080037,
    0.465658178854,0.567464919076,0.61309030858,0.666954079182,
    0.702725776096,0.755085756079,0.806985597415,0.841290007373,
    0.891298963417,1.),.UNSPECIFIED.);
#1425 = CARTESIAN_POINT('',(-14.39337573884,1.8,9.109040355454));
#1426 = CARTESIAN_POINT('',(-14.44302114161,1.8,9.139205556152));
#1427 = CARTESIAN_POINT('',(-14.49300331853,1.798078068175,
    9.168868853043));
#1428 = CARTESIAN_POINT('',(-14.54327428691,1.794254576775,
    9.198018500272));
#1429 = CARTESIAN_POINT('',(-14.59378554357,1.788546406317,9.22664520507
    ));
#1430 = CARTESIAN_POINT('',(-14.64448809209,1.780966648169,
    9.254741802403));
#1431 = CARTESIAN_POINT('',(-14.69533246991,1.771524307118,
    9.282302929609));
#1432 = CARTESIAN_POINT('',(-14.74626877554,1.760224003955,9.30932470105
    ));
#1433 = CARTESIAN_POINT('',(-14.92350994441,1.714474843252,
    9.401389848359));
#1434 = CARTESIAN_POINT('',(-15.04981680678,1.670539665544,
    9.463539930129));
#1435 = CARTESIAN_POINT('',(-15.1756582061,1.615259136633,9.522366304438
    ));
#1436 = CARTESIAN_POINT('',(-15.3002744338,1.548366769441,9.57786104794)
  );
#1437 = CARTESIAN_POINT('',(-15.42266525828,1.469485187447,
    9.629944485573));
#1438 = CARTESIAN_POINT('',(-15.54152049158,1.378050814468,
    9.678458297957));
#1439 = CARTESIAN_POINT('',(-15.65525908852,1.273428982222,
    9.723186008588));
#1440 = CARTESIAN_POINT('',(-15.79397264325,1.118319216651,
    9.776028905026));
#1441 = CARTESIAN_POINT('',(-15.82551537085,1.080981674429,
    9.787916995752));
#1442 = CARTESIAN_POINT('',(-15.85630938052,1.042318142053,
    9.799404087546));
#1443 = CARTESIAN_POINT('',(-15.88627970811,1.002307700472,
    9.810474640979));
#1444 = CARTESIAN_POINT('',(-15.91534196454,0.960933833592,
    9.821110224808));
#1445 = CARTESIAN_POINT('',(-15.94340295782,0.918185536071,
    9.831289762383));
#1446 = CARTESIAN_POINT('',(-15.97036131497,0.874058421115,
    9.840989778048));
#1447 = CARTESIAN_POINT('',(-16.01541259968,0.794438773762,
    9.857078794132));
#1448 = CARTESIAN_POINT('',(-16.03403476164,0.759550555632,
    9.863688521167));
#1449 = CARTESIAN_POINT('',(-16.05192834269,0.723894097595,
    9.870002847223));
#1450 = CARTESIAN_POINT('',(-16.06904342262,0.687477038371,
    9.876009668419));
#1451 = CARTESIAN_POINT('',(-16.08532739692,0.650312548144,
    9.881696027292));
#1452 = CARTESIAN_POINT('',(-16.10072596537,0.612420144997,
    9.887048385683));
#1453 = CARTESIAN_POINT('',(-16.11518412074,0.573826511361,9.89205289761
    ));
#1454 = CARTESIAN_POINT('',(-16.14994666404,0.472453656473,
    9.904040923983));
#1455 = CARTESIAN_POINT('',(-16.16876556176,0.408643532989,
    9.910484280981));
#1456 = CARTESIAN_POINT('',(-16.18487037657,0.343309489947,
    9.915964733021));
#1457 = CARTESIAN_POINT('',(-16.19804575199,0.276665276772,
    9.920426860255));
#1458 = CARTESIAN_POINT('',(-16.2081052604,0.208967924487,9.923822535023
    ));
#1459 = CARTESIAN_POINT('',(-16.21490583054,0.140520840287,
    9.926114270643));
#1460 = CARTESIAN_POINT('',(-16.21836577111,7.167691456796E-02,
    9.927280227071));
#1461 = CARTESIAN_POINT('',(-16.21860825435,-6.670373404407E-02,
    9.927361939133));
#1462 = CARTESIAN_POINT('',(-16.21532161748,-0.136281852649,
    9.926254380942));
#1463 = CARTESIAN_POINT('',(-16.20862098268,-0.205473247387,
    9.923996606569));
#1464 = CARTESIAN_POINT('',(-16.19858787945,-0.273912656332,
    9.920610444784));
#1465 = CARTESIAN_POINT('',(-16.18536826343,-0.341285882989,
    9.916134150399));
#1466 = CARTESIAN_POINT('',(-16.1691536824,-0.407326647725,
    9.910617165212));
#1467 = CARTESIAN_POINT('',(-16.15016620856,-0.471813431298,
    9.904116634944));
#1468 = CARTESIAN_POINT('',(-16.11518412074,-0.573826511361,
    9.89205289761));
#1469 = CARTESIAN_POINT('',(-16.10072596537,-0.612420144997,
    9.887048385683));
#1470 = CARTESIAN_POINT('',(-16.08532739692,-0.650312548144,
    9.881696027292));
#1471 = CARTESIAN_POINT('',(-16.06904342262,-0.687477038371,
    9.876009668419));
#1472 = CARTESIAN_POINT('',(-16.05192834269,-0.723894097595,
    9.870002847223));
#1473 = CARTESIAN_POINT('',(-16.03403476164,-0.759550555632,
    9.863688521167));
#1474 = CARTESIAN_POINT('',(-16.01541259968,-0.794438773762,
    9.857078794132));
#1475 = CARTESIAN_POINT('',(-15.97036131497,-0.874058421115,
    9.840989778048));
#1476 = CARTESIAN_POINT('',(-15.94340295782,-0.918185536071,
    9.831289762383));
#1477 = CARTESIAN_POINT('',(-15.91534196454,-0.960933833592,
    9.821110224808));
#1478 = CARTESIAN_POINT('',(-15.88627970811,-1.002307700472,
    9.810474640979));
#1479 = CARTESIAN_POINT('',(-15.85630938052,-1.042318142053,
    9.799404087547));
#1480 = CARTESIAN_POINT('',(-15.82551537085,-1.080981674429,
    9.787916995752));
#1481 = CARTESIAN_POINT('',(-15.79397264325,-1.118319216651,
    9.776028905026));
#1482 = CARTESIAN_POINT('',(-15.73564343709,-1.183543047956,
    9.753808407495));
#1483 = CARTESIAN_POINT('',(-15.70909375953,-1.211875368173,
    9.743610226108));
#1484 = CARTESIAN_POINT('',(-15.68213239446,-1.239364125047,
    9.733164596023));
#1485 = CARTESIAN_POINT('',(-15.65479221022,-1.266021341898,
    9.72247771511));
#1486 = CARTESIAN_POINT('',(-15.62710363132,-1.291858883898,
    9.71155505552));
#1487 = CARTESIAN_POINT('',(-15.5990946385,-1.316888458073,
    9.700401363683));
#1488 = CARTESIAN_POINT('',(-15.57079076871,-1.341121613299,
    9.689020660305));
#1489 = CARTESIAN_POINT('',(-15.51980791174,-1.382956264603,
    9.668316795077));
#1490 = CARTESIAN_POINT('',(-15.49723396463,-1.400859842921,
    9.65907991604));
#1491 = CARTESIAN_POINT('',(-15.47450458806,-1.41828578926,
    9.649707248253));
#1492 = CARTESIAN_POINT('',(-15.45163053813,-1.435239160225,
    9.640200273821));
#1493 = CARTESIAN_POINT('',(-15.42862201278,-1.451724755029,
    9.630560311967));
#1494 = CARTESIAN_POINT('',(-15.40548865175,-1.467747115494,
    9.620788519031));
#1495 = CARTESIAN_POINT('',(-15.38223953659,-1.483310526045,
    9.610885888471));
#1496 = CARTESIAN_POINT('',(-15.29057906875,-1.542602808091,
    9.571513451495));
#1497 = CARTESIAN_POINT('',(-15.22136573473,-1.582891189927,
    9.541065098793));
#1498 = CARTESIAN_POINT('',(-15.15144855228,-1.619392373931,
    9.509525548195));
#1499 = CARTESIAN_POINT('',(-15.08101288785,-1.652183259073,
    9.476907550661));
#1500 = CARTESIAN_POINT('',(-15.01022739549,-1.68131805134,
    9.443220548333));
#1501 = CARTESIAN_POINT('',(-14.9392462269,-1.706833210213,
    9.408471501341));
#1502 = CARTESIAN_POINT('',(-14.86821016715,-1.728748718856,
    9.372665245765));
#1503 = CARTESIAN_POINT('',(-14.68176663176,-1.776873177284,
    9.275820073388));
#1504 = CARTESIAN_POINT('',(-14.5665277973,-1.797138825913,
    9.213068443311));
#1505 = CARTESIAN_POINT('',(-14.45207099765,-1.807883899389,
    9.147560328617));
#1506 = CARTESIAN_POINT('',(-14.33896063541,-1.808971387824,
    9.079351082326));
#1507 = CARTESIAN_POINT('',(-14.22778464686,-1.80016635493,
    9.008561190099));
#1508 = CARTESIAN_POINT('',(-14.1191423243,-1.78116532267,8.935402580553
    ));
#1509 = CARTESIAN_POINT('',(-14.01362913441,-1.751600100853,
    8.860209482508));
#1510 = CARTESIAN_POINT('',(-13.86620460488,-1.692835893805,
    8.749082557351));
#1511 = CARTESIAN_POINT('',(-13.82133601564,-1.672441936656,
    8.714389193352));
#1512 = CARTESIAN_POINT('',(-13.77727755841,-1.649801902817,
    8.679439672743));
#1513 = CARTESIAN_POINT('',(-13.73408684337,-1.624877212316,
    8.644289829054));
#1514 = CARTESIAN_POINT('',(-13.69182293566,-1.597628963407,
    8.609004865493));
#1515 = CARTESIAN_POINT('',(-13.65054588391,-1.568018484136,
    8.573659974324));
#1516 = CARTESIAN_POINT('',(-13.61031624877,-1.536007883899,
    8.53834095626));
#1517 = CARTESIAN_POINT('',(-13.52500899128,-1.460893328568,
    8.461593511474));
#1518 = CARTESIAN_POINT('',(-13.48037313786,-1.416834678817,
    8.420218327153));
#1519 = CARTESIAN_POINT('',(-13.43738250565,-1.369322174231,
    8.379175390563));
#1520 = CARTESIAN_POINT('',(-13.39614244165,-1.318301359229,
    8.338649892545));
#1521 = CARTESIAN_POINT('',(-13.35676478395,-1.263730681142,
    8.298857042589));
#1522 = CARTESIAN_POINT('',(-13.31936578129,-1.205586241936,
    8.260041647337));
#1523 = CARTESIAN_POINT('',(-13.28406535353,-1.143866424655,
    8.222476336093));
#1524 = CARTESIAN_POINT('',(-13.22902034797,-1.035249638413,
    8.162538431364));
#1525 = CARTESIAN_POINT('',(-13.20803567424,-0.990341599295,
    8.139303567999));
#1526 = CARTESIAN_POINT('',(-13.18807106915,-0.943883090995,
    8.11684172132));
#1527 = CARTESIAN_POINT('',(-13.16916640484,-0.895894430211,
    8.095248168892));
#1528 = CARTESIAN_POINT('',(-13.15136328911,-0.846407387648,
    8.074623584055));
#1529 = CARTESIAN_POINT('',(-13.13470432613,-0.795467139051,
    8.055072032189));
#1530 = CARTESIAN_POINT('',(-13.11923237713,-0.743134216254,
    8.036698966982));
#1531 = CARTESIAN_POINT('',(-13.08414261486,-0.610960814227,
    7.994594521331));
#1532 = CARTESIAN_POINT('',(-13.06591745819,-0.529574257492,
    7.972314965776));
#1533 = CARTESIAN_POINT('',(-13.05046922332,-0.44562637613,
    7.953122584176));
#1534 = CARTESIAN_POINT('',(-13.0379294877,-0.359483497565,
    7.937342994201));
#1535 = CARTESIAN_POINT('',(-13.02841030066,-0.271582443463,
    7.925257974996));
#1536 = CARTESIAN_POINT('',(-13.02200016504,-0.182434532112,
    7.917083220399));
#1537 = CARTESIAN_POINT('',(-13.01875223381,-9.262982826161E-02,
    7.912941277434));
#1538 = CARTESIAN_POINT('',(-13.01857797891,8.615749030582E-02,
    7.912719043521));
#1539 = CARTESIAN_POINT('',(-13.0215962807,0.175201621557,7.9165681472)
  );
#1540 = CARTESIAN_POINT('',(-13.02772332443,0.263634751976,
    7.924383834063));
#1541 = CARTESIAN_POINT('',(-13.03690945635,0.350879621992,
    7.936051964567));
#1542 = CARTESIAN_POINT('',(-13.04907042842,0.436433798047,
    7.951367424339));
#1543 = CARTESIAN_POINT('',(-13.06409866453,0.519865941634,
    7.970059724896));
#1544 = CARTESIAN_POINT('',(-13.08186703639,0.600812263145,
    7.991814187411));
#1545 = CARTESIAN_POINT('',(-13.11568131801,0.730635427645,
    8.032465715436));
#1546 = CARTESIAN_POINT('',(-13.1302739637,0.781099770375,8.049837168808
    ));
#1547 = CARTESIAN_POINT('',(-13.14596572156,0.830295176811,
    8.068310750845));
#1548 = CARTESIAN_POINT('',(-13.16271873124,0.878165656904,8.08779330955
    ));
#1549 = CARTESIAN_POINT('',(-13.18049526939,0.924668616079,
    8.108192582941));
#1550 = CARTESIAN_POINT('',(-13.19925838256,0.969773228846,
    8.129418922272));
#1551 = CARTESIAN_POINT('',(-13.21897252013,1.013458812417,8.15138701525
    ));
#1552 = CARTESIAN_POINT('',(-13.26968097472,1.117311631237,
    8.207008480748));
#1553 = CARTESIAN_POINT('',(-13.30170370462,1.175860925327,
    8.241403191583));
#1554 = CARTESIAN_POINT('',(-13.33557171945,1.231332157156,
    8.276957451174));
#1555 = CARTESIAN_POINT('',(-13.3711865898,1.28371905316,8.313446358193)
  );
#1556 = CARTESIAN_POINT('',(-13.40845315669,1.333034277143,8.35066555286
    ));
#1557 = CARTESIAN_POINT('',(-13.4472805939,1.379305715786,8.388432369244
    ));
#1558 = CARTESIAN_POINT('',(-13.48758347037,1.422572764154,8.42658698756
    ));
#1559 = CARTESIAN_POINT('',(-13.61992181141,1.550501360021,
    8.548475375383));
#1560 = CARTESIAN_POINT('',(-13.71708125908,1.62407307974,8.633074490132
    ));
#1561 = CARTESIAN_POINT('',(-13.8199839035,1.684167063572,8.717428655584
    ));
#1562 = CARTESIAN_POINT('',(-13.92784731137,1.731302949861,
    8.800515131017));
#1563 = CARTESIAN_POINT('',(-14.03987010917,1.76600044037,8.881608819308
    ));
#1564 = CARTESIAN_POINT('',(-14.15526620111,1.788759134527,
    8.960229627834));
#1565 = CARTESIAN_POINT('',(-14.273312504,1.8,9.036088352383));
#1566 = CARTESIAN_POINT('',(-14.39337573884,1.8,9.109040355454));
#1567 = PCURVE('',#1154,#1568);
#1568 = DEFINITIONAL_REPRESENTATION('',(#1569),#1712);
#1569 = B_SPLINE_CURVE_WITH_KNOTS('',8,(#1570,#1571,#1572,#1573,#1574,
    #1575,#1576,#1577,#1578,#1579,#1580,#1581,#1582,#1583,#1584,#1585,
    #1586,#1587,#1588,#1589,#1590,#1591,#1592,#1593,#1594,#1595,#1596,
    #1597,#1598,#1599,#1600,#1601,#1602,#1603,#1604,#1605,#1606,#1607,
    #1608,#1609,#1610,#1611,#1612,#1613,#1614,#1615,#1616,#1617,#1618,
    #1619,#1620,#1621,#1622,#1623,#1624,#1625,#1626,#1627,#1628,#1629,
    #1630,#1631,#1632,#1633,#1634,#1635,#1636,#1637,#1638,#1639,#1640,
    #1641,#1642,#1643,#1644,#1645,#1646,#1647,#1648,#1649,#1650,#1651,
    #1652,#1653,#1654,#1655,#1656,#1657,#1658,#1659,#1660,#1661,#1662,
    #1663,#1664,#1665,#1666,#1667,#1668,#1669,#1670,#1671,#1672,#1673,
    #1674,#1675,#1676,#1677,#1678,#1679,#1680,#1681,#1682,#1683,#1684,
    #1685,#1686,#1687,#1688,#1689,#1690,#1691,#1692,#1693,#1694,#1695,
    #1696,#1697,#1698,#1699,#1700,#1701,#1702,#1703,#1704,#1705,#1706,
    #1707,#1708,#1709,#1710,#1711),.UNSPECIFIED.,.F.,.F.,(9,7,7,7,7,7,7,
    7,7,7,7,7,7,7,7,7,7,7,7,7,9),(0.,4.493492566351E-02,0.156230750711,
    0.189912581866,0.215166634392,0.255120485629,0.295486498253,
    0.320740762063,0.35442287501,0.381704539993,0.403097080037,
    0.465658178854,0.567464919076,0.61309030858,0.666954079182,
    0.702725776096,0.755085756079,0.806985597415,0.841290007373,
    0.891298963417,1.),.UNSPECIFIED.);
#1570 = CARTESIAN_POINT('',(0.,-2.49351934839));
#1571 = CARTESIAN_POINT('',(-3.056629675007E-02,-2.474878580723));
#1572 = CARTESIAN_POINT('',(-6.103924725222E-02,-2.455657211543));
#1573 = CARTESIAN_POINT('',(-9.144026140568E-02,-2.435884447636));
#1574 = CARTESIAN_POINT('',(-0.121790454088,-2.415591471301));
#1575 = CARTESIAN_POINT('',(-0.152111060218,-2.394811210397));
#1576 = CARTESIAN_POINT('',(-0.18242384982,-2.373578108386));
#1577 = CARTESIAN_POINT('',(-0.21275154309,-2.351927894375));
#1578 = CARTESIAN_POINT('',(-0.318331100912,-2.275331617847));
#1579 = CARTESIAN_POINT('',(-0.393657460879,-2.2185242503));
#1580 = CARTESIAN_POINT('',(-0.469613765019,-2.159937010167));
#1581 = CARTESIAN_POINT('',(-0.54663191164,-2.100146774937));
#1582 = CARTESIAN_POINT('',(-0.625114269818,-2.039868552342));
#1583 = CARTESIAN_POINT('',(-0.705525645052,-1.980004238834));
#1584 = CARTESIAN_POINT('',(-0.788377970921,-1.921625836883));
#1585 = CARTESIAN_POINT('',(-0.900686024654,-1.849331848189));
#1586 = CARTESIAN_POINT('',(-0.927070176647,-1.832810234412));
#1587 = CARTESIAN_POINT('',(-0.953765678475,-1.816604414696));
#1588 = CARTESIAN_POINT('',(-0.98078969007,-1.800761826368));
#1589 = CARTESIAN_POINT('',(-1.008157564726,-1.785335267832));
#1590 = CARTESIAN_POINT('',(-1.035882969306,-1.77038258049));
#1591 = CARTESIAN_POINT('',(-1.063978004446,-1.755966330682));
#1592 = CARTESIAN_POINT('',(-1.113803625816,-1.731796864561));
#1593 = CARTESIAN_POINT('',(-1.135366409088,-1.721780111513));
#1594 = CARTESIAN_POINT('',(-1.15714523629,-1.712131603738));
#1595 = CARTESIAN_POINT('',(-1.179141884551,-1.7028818021));
#1596 = CARTESIAN_POINT('',(-1.201356110873,-1.694062675106));
#1597 = CARTESIAN_POINT('',(-1.223785416575,-1.685707116965));
#1598 = CARTESIAN_POINT('',(-1.246424811735,-1.677848365646));
#1599 = CARTESIAN_POINT('',(-1.305404011286,-1.658924467344));
#1600 = CARTESIAN_POINT('',(-1.342064830945,-1.648650065361));
#1601 = CARTESIAN_POINT('',(-1.379196577636,-1.639835828138));
#1602 = CARTESIAN_POINT('',(-1.416736409486,-1.632611105111));
#1603 = CARTESIAN_POINT('',(-1.454609701188,-1.627087772257));
#1604 = CARTESIAN_POINT('',(-1.492726490016,-1.623351332554));
#1605 = CARTESIAN_POINT('',(-1.530975770391,-1.621450326654));
#1606 = CARTESIAN_POINT('',(-1.60785400431,-1.621317097212));
#1607 = CARTESIAN_POINT('',(-1.646505836347,-1.623122882446));
#1608 = CARTESIAN_POINT('',(-1.685028132144,-1.626804597102));
#1609 = CARTESIAN_POINT('',(-1.723305940847,-1.632313817244));
#1610 = CARTESIAN_POINT('',(-1.761246106102,-1.639563324064));
#1611 = CARTESIAN_POINT('',(-1.798771272812,-1.64843816404));
#1612 = CARTESIAN_POINT('',(-1.835816156313,-1.658804952547));
#1613 = CARTESIAN_POINT('',(-1.895167841854,-1.677848365646));
#1614 = CARTESIAN_POINT('',(-1.917807237015,-1.685707116965));
#1615 = CARTESIAN_POINT('',(-1.940236542716,-1.694062675106));
#1616 = CARTESIAN_POINT('',(-1.962450769039,-1.7028818021));
#1617 = CARTESIAN_POINT('',(-1.9844474173,-1.712131603738));
#1618 = CARTESIAN_POINT('',(-2.006226244501,-1.721780111512));
#1619 = CARTESIAN_POINT('',(-2.027789027774,-1.731796864561));
#1620 = CARTESIAN_POINT('',(-2.077614649143,-1.755966330682));
#1621 = CARTESIAN_POINT('',(-2.105709684284,-1.77038258049));
#1622 = CARTESIAN_POINT('',(-2.133435088863,-1.785335267832));
#1623 = CARTESIAN_POINT('',(-2.160802963519,-1.800761826368));
#1624 = CARTESIAN_POINT('',(-2.187826975115,-1.816604414696));
#1625 = CARTESIAN_POINT('',(-2.214522476943,-1.832810234412));
#1626 = CARTESIAN_POINT('',(-2.240906628936,-1.849331848189));
#1627 = CARTESIAN_POINT('',(-2.288132292155,-1.879731551944));
#1628 = CARTESIAN_POINT('',(-2.309073220997,-1.89351452027));
#1629 = CARTESIAN_POINT('',(-2.329830625249,-1.907453802563));
#1630 = CARTESIAN_POINT('',(-2.350413700723,-1.921528204142));
#1631 = CARTESIAN_POINT('',(-2.370831518186,-1.935717935896));
#1632 = CARTESIAN_POINT('',(-2.391093023363,-1.950004614285));
#1633 = CARTESIAN_POINT('',(-2.411207036934,-1.964371261339));
#1634 = CARTESIAN_POINT('',(-2.446845544983,-1.99011820757));
#1635 = CARTESIAN_POINT('',(-2.462423373539,-2.001473502914));
#1636 = CARTESIAN_POINT('',(-2.477919866806,-2.012860580812));
#1637 = CARTESIAN_POINT('',(-2.493339055985,-2.024272154281));
#1638 = CARTESIAN_POINT('',(-2.508684876884,-2.035701259234));
#1639 = CARTESIAN_POINT('',(-2.523961169915,-2.047141254478));
#1640 = CARTESIAN_POINT('',(-2.539171680093,-2.058585821721));
#1641 = CARTESIAN_POINT('',(-2.598620505003,-2.103493699116));
#1642 = CARTESIAN_POINT('',(-2.64238489669,-2.136942365177));
#1643 = CARTESIAN_POINT('',(-2.68571160413,-2.170228801937));
#1644 = CARTESIAN_POINT('',(-2.728684102386,-2.203219206597));
#1645 = CARTESIAN_POINT('',(-2.771376894482,-2.235790451974));
#1646 = CARTESIAN_POINT('',(-2.813860097802,-2.267828924882));
#1647 = CARTESIAN_POINT('',(-2.856202691959,-2.299229886277));
#1648 = CARTESIAN_POINT('',(-2.967263943428,-2.379803043662));
#1649 = CARTESIAN_POINT('',(-3.035836806561,-2.427745142129));
#1650 = CARTESIAN_POINT('',(-3.10449997199,-2.473316333015));
#1651 = CARTESIAN_POINT('',(-3.173499628583,-2.516119839086));
#1652 = CARTESIAN_POINT('',(-3.243059050502,-2.555782721712));
#1653 = CARTESIAN_POINT('',(-3.313394653108,-2.591982121436));
#1654 = CARTESIAN_POINT('',(-3.384730387679,-2.624476722474));
#1655 = CARTESIAN_POINT('',(-3.489866896165,-2.665979453508));
#1656 = CARTESIAN_POINT('',(-3.522650710643,-2.678050322445));
#1657 = CARTESIAN_POINT('',(-3.555703132169,-2.689335939966));
#1658 = CARTESIAN_POINT('',(-3.589044494445,-2.699828063214));
#1659 = CARTESIAN_POINT('',(-3.622694884262,-2.709523357475));
#1660 = CARTESIAN_POINT('',(-3.656674640899,-2.718424155486));
#1661 = CARTESIAN_POINT('',(-3.691004855523,-2.726539216733));
#1662 = CARTESIAN_POINT('',(-3.766677060398,-2.742556060709));
#1663 = CARTESIAN_POINT('',(-3.808161050034,-2.750153652354));
#1664 = CARTESIAN_POINT('',(-3.850199900657,-2.756704496157));
#1665 = CARTESIAN_POINT('',(-3.892829044617,-2.762246930017));
#1666 = CARTESIAN_POINT('',(-3.936080573967,-2.766833614977));
#1667 = CARTESIAN_POINT('',(-3.979984346571,-2.770532858013));
#1668 = CARTESIAN_POINT('',(-4.024568909779,-2.773428037913));
#1669 = CARTESIAN_POINT('',(-4.099942188245,-2.777067616038));
#1670 = CARTESIAN_POINT('',(-4.130331625776,-2.778207726454));
#1671 = CARTESIAN_POINT('',(-4.161036560999,-2.779063304503));
#1672 = CARTESIAN_POINT('',(-4.192060354911,-2.779665049595));
#1673 = CARTESIAN_POINT('',(-4.223403302952,-2.780045799882));
#1674 = CARTESIAN_POINT('',(-4.255062215165,-2.780239810617));
#1675 = CARTESIAN_POINT('',(-4.287029996352,-2.780282032504));
#1676 = CARTESIAN_POINT('',(-4.366522697594,-2.78009813392));
#1677 = CARTESIAN_POINT('',(-4.414413676196,-2.779738391654));
#1678 = CARTESIAN_POINT('',(-4.462896900042,-2.779235801043));
#1679 = CARTESIAN_POINT('',(-4.511891903097,-2.778698870911));
#1680 = CARTESIAN_POINT('',(-4.561306875857,-2.778222890635));
#1681 = CARTESIAN_POINT('',(-4.611031949245,-2.777878708442));
#1682 = CARTESIAN_POINT('',(-4.660927901868,-2.77770437849));
#1683 = CARTESIAN_POINT('',(-4.760254313735,-2.777695016283));
#1684 = CARTESIAN_POINT('',(-4.809718831644,-2.777857019124));
#1685 = CARTESIAN_POINT('',(-4.859024032825,-2.778187258001));
#1686 = CARTESIAN_POINT('',(-4.908033351434,-2.778650402403));
#1687 = CARTESIAN_POINT('',(-4.956638353091,-2.779179145105));
#1688 = CARTESIAN_POINT('',(-5.004747916719,-2.779682027536));
#1689 = CARTESIAN_POINT('',(-5.052281712425,-2.780054163969));
#1690 = CARTESIAN_POINT('',(-5.130158543911,-2.780281219963));
#1691 = CARTESIAN_POINT('',(-5.160877536903,-2.780268759817));
#1692 = CARTESIAN_POINT('',(-5.19131410763,-2.780122765544));
#1693 = CARTESIAN_POINT('',(-5.22146124747,-2.77981236291));
#1694 = CARTESIAN_POINT('',(-5.251315413819,-2.779307144827));
#1695 = CARTESIAN_POINT('',(-5.280876157956,-2.778577794173));
#1696 = CARTESIAN_POINT('',(-5.31014575291,-2.777596706609));
#1697 = CARTESIAN_POINT('',(-5.381380327657,-2.774504565607));
#1698 = CARTESIAN_POINT('',(-5.423017727765,-2.772082225277));
#1699 = CARTESIAN_POINT('',(-5.46406107491,-2.768991658252));
#1700 = CARTESIAN_POINT('',(-5.50453155533,-2.76516370205));
#1701 = CARTESIAN_POINT('',(-5.544452083717,-2.760539892748));
#1702 = CARTESIAN_POINT('',(-5.583847898705,-2.755072391856));
#1703 = CARTESIAN_POINT('',(-5.622747158339,-2.7487239132));
#1704 = CARTESIAN_POINT('',(-5.744723704314,-2.725695207891));
#1705 = CARTESIAN_POINT('',(-5.825997741004,-2.705646015659));
#1706 = CARTESIAN_POINT('',(-5.905379027634,-2.681039829102));
#1707 = CARTESIAN_POINT('',(-5.983142937235,-2.651818621827));
#1708 = CARTESIAN_POINT('',(-6.059540662253,-2.618130198127));
#1709 = CARTESIAN_POINT('',(-6.13482462025,-2.580268144718));
#1710 = CARTESIAN_POINT('',(-6.209263287012,-2.538600478587));
#1711 = CARTESIAN_POINT('',(-6.28318530718,-2.49351934839));
#1712 = ( GEOMETRIC_REPRESENTATION_CONTEXT(2) 
PARAMETRIC_REPRESENTATION_CONTEXT() REPRESENTATION_CONTEXT('2D SPACE',''
  ) );
#1713 = PCURVE('',#1328,#1714);
#1714 = DEFINITIONAL_REPRESENTATION('',(#1715),#1858);
#1715 = B_SPLINE_CURVE_WITH_KNOTS('',8,(#1716,#1717,#1718,#1719,#1720,
    #1721,#1722,#1723,#1724,#1725,#1726,#1727,#1728,#1729,#1730,#1731,
    #1732,#1733,#1734,#1735,#1736,#1737,#1738,#1739,#1740,#1741,#1742,
    #1743,#1744,#1745,#1746,#1747,#1748,#1749,#1750,#1751,#1752,#1753,
    #1754,#1755,#1756,#1757,#1758,#1759,#1760,#1761,#1762,#1763,#1764,
    #1765,#1766,#1767,#1768,#1769,#1770,#1771,#1772,#1773,#1774,#1775,
    #1776,#1777,#1778,#1779,#1780,#1781,#1782,#1783,#1784,#1785,#1786,
    #1787,#1788,#1789,#1790,#1791,#1792,#1793,#1794,#1795,#1796,#1797,
    #1798,#1799,#1800,#1801,#1802,#1803,#1804,#1805,#1806,#1807,#1808,
    #1809,#1810,#1811,#1812,#1813,#1814,#1815,#1816,#1817,#1818,#1819,
    #1820,#1821,#1822,#1823,#1824,#1825,#1826,#1827,#1828,#1829,#1830,
    #1831,#1832,#1833,#1834,#1835,#1836,#1837,#1838,#1839,#1840,#1841,
    #1842,#1843,#1844,#1845,#1846,#1847,#1848,#1849,#1850,#1851,#1852,
    #1853,#1854,#1855,#1856,#1857),.UNSPECIFIED.,.T.,.F.,(9,7,7,7,7,7,7,
    7,7,7,7,7,7,7,7,7,7,7,7,7,9),(0.,4.493492566351E-02,0.156230750711,
    0.189912581866,0.215166634392,0.255120485629,0.295486498253,
    0.320740762063,0.35442287501,0.381704539993,0.403097080037,
    0.465658178854,0.567464919076,0.61309030858,0.666954079182,
    0.702725776096,0.755085756079,0.806985597415,0.841290007373,
    0.891298963417,1.),.UNSPECIFIED.);
#1716 = CARTESIAN_POINT('',(2.817808858772,12.01));
#1717 = CARTESIAN_POINT('',(2.818857124912,12.06501933415));
#1718 = CARTESIAN_POINT('',(2.820252613494,12.119870661927));
#1719 = CARTESIAN_POINT('',(2.821985970291,12.174514142802));
#1720 = CARTESIAN_POINT('',(2.824048561898,12.228911480874));
#1721 = CARTESIAN_POINT('',(2.826432538167,12.283025693097));
#1722 = CARTESIAN_POINT('',(2.829130894634,12.336820877521));
#1723 = CARTESIAN_POINT('',(2.832137534955,12.390261981521));
#1724 = CARTESIAN_POINT('',(2.843645115693,12.574716403296));
#1725 = CARTESIAN_POINT('',(2.853689029793,12.703514614229));
#1726 = CARTESIAN_POINT('',(2.865507013079,12.829467523643));
#1727 = CARTESIAN_POINT('',(2.879073457941,12.952080730661));
#1728 = CARTESIAN_POINT('',(2.894381977663,13.070650264147));
#1729 = CARTESIAN_POINT('',(2.911460946892,13.184212671852));
#1730 = CARTESIAN_POINT('',(2.930359399033,13.291585846892));
#1731 = CARTESIAN_POINT('',(2.957564861559,13.421229208341));
#1732 = CARTESIAN_POINT('',(2.964063455511,13.450611288656));
#1733 = CARTESIAN_POINT('',(2.970742993149,13.479204919365));
#1734 = CARTESIAN_POINT('',(2.977605857747,13.506950010536));
#1735 = CARTESIAN_POINT('',(2.984653881276,13.533778198771));
#1736 = CARTESIAN_POINT('',(2.991888249339,13.559613435756));
#1737 = CARTESIAN_POINT('',(2.999309406112,13.584372576809));
#1738 = CARTESIAN_POINT('',(3.012620970647,13.625655885792));
#1739 = CARTESIAN_POINT('',(3.018429420784,13.642689325432));
#1740 = CARTESIAN_POINT('',(3.02434189466,13.659028152008));
#1741 = CARTESIAN_POINT('',(3.030357344723,13.674631005326));
#1742 = CARTESIAN_POINT('',(3.036473985959,13.689454145857));
#1743 = CARTESIAN_POINT('',(3.042689190948,13.703452299269));
#1744 = CARTESIAN_POINT('',(3.04899938491,13.716579500952));
#1745 = CARTESIAN_POINT('',(3.065526111834,13.748107794049));
#1746 = CARTESIAN_POINT('',(3.075883189593,13.765140246157));
#1747 = CARTESIAN_POINT('',(3.086446853647,13.779690491402));
#1748 = CARTESIAN_POINT('',(3.09718787693,13.791577647246));
#1749 = CARTESIAN_POINT('',(3.108071697952,13.800645012402));
#1750 = CARTESIAN_POINT('',(3.119057693741,13.806771905962));
#1751 = CARTESIAN_POINT('',(3.130098153476,13.809889087331));
#1752 = CARTESIAN_POINT('',(3.152289627673,13.810107547628));
#1753 = CARTESIAN_POINT('',(3.163447270155,13.807146499369));
#1754 = CARTESIAN_POINT('',(3.174551792624,13.801109858835));
#1755 = CARTESIAN_POINT('',(3.185553813263,13.792066753968));
#1756 = CARTESIAN_POINT('',(3.196411274825,13.780140308149));
#1757 = CARTESIAN_POINT('',(3.207088376666,13.765491520521));
#1758 = CARTESIAN_POINT('',(3.217554820001,13.748306912511));
#1759 = CARTESIAN_POINT('',(3.23418592227,13.716579500952));
#1760 = CARTESIAN_POINT('',(3.240496116231,13.703452299269));
#1761 = CARTESIAN_POINT('',(3.24671132122,13.689454145857));
#1762 = CARTESIAN_POINT('',(3.252827962457,13.674631005326));
#1763 = CARTESIAN_POINT('',(3.258843412519,13.659028152008));
#1764 = CARTESIAN_POINT('',(3.264755886396,13.642689325432));
#1765 = CARTESIAN_POINT('',(3.270564336533,13.625655885792));
#1766 = CARTESIAN_POINT('',(3.283875901068,13.584372576809));
#1767 = CARTESIAN_POINT('',(3.291297057841,13.559613435756));
#1768 = CARTESIAN_POINT('',(3.298531425903,13.533778198771));
#1769 = CARTESIAN_POINT('',(3.305579449432,13.506950010536));
#1770 = CARTESIAN_POINT('',(3.312442314031,13.479204919366));
#1771 = CARTESIAN_POINT('',(3.319121851669,13.450611288656));
#1772 = CARTESIAN_POINT('',(3.325620445621,13.421229208341));
#1773 = CARTESIAN_POINT('',(3.337060373286,13.366714028682));
#1774 = CARTESIAN_POINT('',(3.34206267685,13.341835964723));
#1775 = CARTESIAN_POINT('',(3.346949200297,13.316503716437));
#1776 = CARTESIAN_POINT('',(3.351721233547,13.290743159019));
#1777 = CARTESIAN_POINT('',(3.356380002236,13.26457804089));
#1778 = CARTESIAN_POINT('',(3.360926667722,13.238029983696));
#1779 = CARTESIAN_POINT('',(3.365362327081,13.211118482304));
#1780 = CARTESIAN_POINT('',(3.373079939947,13.162487252631));
#1781 = CARTESIAN_POINT('',(3.376404208868,13.140901139272));
#1782 = CARTESIAN_POINT('',(3.379661293328,13.119111097557));
#1783 = CARTESIAN_POINT('',(3.382851616313,13.097125176745));
#1784 = CARTESIAN_POINT('',(3.385975550343,13.074950942522));
#1785 = CARTESIAN_POINT('',(3.389033417474,13.052595477003));
#1786 = CARTESIAN_POINT('',(3.392025489291,13.030065378735));
#1787 = CARTESIAN_POINT('',(3.403510339811,12.940986129147));
#1788 = CARTESIAN_POINT('',(3.411506963272,12.873171864227));
#1789 = CARTESIAN_POINT('',(3.418948830402,12.804069268165));
#1790 = CARTESIAN_POINT('',(3.425837063608,12.733807260039));
#1791 = CARTESIAN_POINT('',(3.432168435632,12.662501481661));
#1792 = CARTESIAN_POINT('',(3.437936248626,12.59025635162));
#1793 = CARTESIAN_POINT('',(3.443130591254,12.517166069462));
#1794 = CARTESIAN_POINT('',(3.455235645912,12.32313476886));
#1795 = CARTESIAN_POINT('',(3.461175829653,12.200990136398));
#1796 = CARTESIAN_POINT('',(3.465503249355,12.077236596502));
#1797 = CARTESIAN_POINT('',(3.468130865592,11.952279343037));
#1798 = CARTESIAN_POINT('',(3.468949637047,11.826588591529));
#1799 = CARTESIAN_POINT('',(3.467835120252,11.700711906394));
#1800 = CARTESIAN_POINT('',(3.464650788619,11.575288080352));
#1801 = CARTESIAN_POINT('',(3.456826633852,11.395397255907));
#1802 = CARTESIAN_POINT('',(3.453960221252,11.339979623978));
#1803 = CARTESIAN_POINT('',(3.450635788517,11.284886507517));
#1804 = CARTESIAN_POINT('',(3.44684031454,11.2301977086));
#1805 = CARTESIAN_POINT('',(3.442560879796,11.176001142124));
#1806 = CARTESIAN_POINT('',(3.437784863218,11.122393007224));
#1807 = CARTESIAN_POINT('',(3.432500139078,11.069477958692));
#1808 = CARTESIAN_POINT('',(3.419842249021,10.955851556957));
#1809 = CARTESIAN_POINT('',(3.412265077713,10.8954649534));
#1810 = CARTESIAN_POINT('',(3.403944619285,10.83639039418));
#1811 = CARTESIAN_POINT('',(3.394863909544,10.778837459456));
#1812 = CARTESIAN_POINT('',(3.385009456124,10.723042897402));
#1813 = CARTESIAN_POINT('',(3.374372490276,10.669268964034));
#1814 = CARTESIAN_POINT('',(3.362950175088,10.617801588525));
#1815 = CARTESIAN_POINT('',(3.34264231515,10.536504242122));
#1816 = CARTESIAN_POINT('',(3.334194211746,10.505216615888));
#1817 = CARTESIAN_POINT('',(3.325404360402,10.475176842276));
#1818 = CARTESIAN_POINT('',(3.316276875731,10.446483537451));
#1819 = CARTESIAN_POINT('',(3.306818516079,10.419240566639));
#1820 = CARTESIAN_POINT('',(3.297039113138,10.393555033979));
#1821 = CARTESIAN_POINT('',(3.28695200156,10.369535272362));
#1822 = CARTESIAN_POINT('',(3.261384549454,10.314726131328));
#1823 = CARTESIAN_POINT('',(3.245563878998,10.285944096706));
#1824 = CARTESIAN_POINT('',(3.229177156152,10.261311945463));
#1825 = CARTESIAN_POINT('',(3.212304898641,10.241163691563));
#1826 = CARTESIAN_POINT('',(3.195044097785,10.225787214275));
#1827 = CARTESIAN_POINT('',(3.177508552936,10.215404633187));
#1828 = CARTESIAN_POINT('',(3.159828865553,10.210143990847));
#1829 = CARTESIAN_POINT('',(3.124630663408,10.2098617409));
#1830 = CARTESIAN_POINT('',(3.107100030945,10.214750452376));
#1831 = CARTESIAN_POINT('',(3.089703464366,10.22467600366));
#1832 = CARTESIAN_POINT('',(3.072568708358,10.239519041975));
#1833 = CARTESIAN_POINT('',(3.055807564475,10.259068286995));
#1834 = CARTESIAN_POINT('',(3.039515803021,10.283047383934));
#1835 = CARTESIAN_POINT('',(3.023773405787,10.311133558332));
#1836 = CARTESIAN_POINT('',(2.998645759443,10.364009836738));
#1837 = CARTESIAN_POINT('',(2.988911004063,10.3866971139));
#1838 = CARTESIAN_POINT('',(2.979456620748,10.410935166293));
#1839 = CARTESIAN_POINT('',(2.97029495363,10.436628299176));
#1840 = CARTESIAN_POINT('',(2.961435299923,10.463681587665));
#1841 = CARTESIAN_POINT('',(2.952884266162,10.492002603618));
#1842 = CARTESIAN_POINT('',(2.944646124422,10.521503142536));
#1843 = CARTESIAN_POINT('',(2.92517308644,10.596706423416));
#1844 = CARTESIAN_POINT('',(2.914294255091,10.643638114532));
#1845 = CARTESIAN_POINT('',(2.904092130014,10.69264419782));
#1846 = CARTESIAN_POINT('',(2.894566292081,10.743489119659));
#1847 = CARTESIAN_POINT('',(2.885711398893,10.795955164361));
#1848 = CARTESIAN_POINT('',(2.877518136146,10.849844019745));
#1849 = CARTESIAN_POINT('',(2.869974168995,10.904978342715));
#1850 = CARTESIAN_POINT('',(2.84804730989,11.083415710795));
#1851 = CARTESIAN_POINT('',(2.836042075627,11.210675281667));
#1852 = CARTESIAN_POINT('',(2.826885276046,11.341438866199));
#1853 = CARTESIAN_POINT('',(2.820407121056,11.47442006112));
#1854 = CARTESIAN_POINT('',(2.816428162882,11.608548296837));
#1855 = CARTESIAN_POINT('',(2.814770365609,11.74295050843));
#1856 = CARTESIAN_POINT('',(2.815273715201,11.876940363699));
#1857 = CARTESIAN_POINT('',(2.817808858772,12.01));
#1858 = ( GEOMETRIC_REPRESENTATION_CONTEXT(2) 
PARAMETRIC_REPRESENTATION_CONTEXT() REPRESENTATION_CONTEXT('2D SPACE',''
  ) );
#1859 = ORIENTED_EDGE('',*,*,#1399,.F.);
#1860 = ADVANCED_FACE('',(#1861,#1915),#1328,.F.);
#1861 = FACE_BOUND('',#1862,.F.);
#1862 = EDGE_LOOP('',(#1863,#1886,#1913,#1914));
#1863 = ORIENTED_EDGE('',*,*,#1864,.T.);
#1864 = EDGE_CURVE('',#1312,#1865,#1867,.T.);
#1865 = VERTEX_POINT('',#1866);
#1866 = CARTESIAN_POINT('',(-12.29838405247,-2.644450375152E-15,
    31.753463736125));
#1867 = SEAM_CURVE('',#1868,(#1872,#1879),.PCURVE_S1.);
#1868 = LINE('',#1869,#1870);
#1869 = CARTESIAN_POINT('',(-1.185842565035,-4.40872847693E-16,
    4.51353502548));
#1870 = VECTOR('',#1871,1.);
#1871 = DIRECTION('',(-0.377728090849,-7.490213948134E-17,0.925916567183
    ));
#1872 = PCURVE('',#1328,#1873);
#1873 = DEFINITIONAL_REPRESENTATION('',(#1874),#1878);
#1874 = LINE('',#1875,#1876);
#1875 = CARTESIAN_POINT('',(6.28318530718,-0.));
#1876 = VECTOR('',#1877,1.);
#1877 = DIRECTION('',(0.,1.));
#1878 = ( GEOMETRIC_REPRESENTATION_CONTEXT(2) 
PARAMETRIC_REPRESENTATION_CONTEXT() REPRESENTATION_CONTEXT('2D SPACE',''
  ) );
#1879 = PCURVE('',#1328,#1880);
#1880 = DEFINITIONAL_REPRESENTATION('',(#1881),#1885);
#1881 = LINE('',#1882,#1883);
#1882 = CARTESIAN_POINT('',(0.,-0.));
#1883 = VECTOR('',#1884,1.);
#1884 = DIRECTION('',(0.,1.));
#1885 = ( GEOMETRIC_REPRESENTATION_CONTEXT(2) 
PARAMETRIC_REPRESENTATION_CONTEXT() REPRESENTATION_CONTEXT('2D SPACE',''
  ) );
#1886 = ORIENTED_EDGE('',*,*,#1887,.F.);
#1887 = EDGE_CURVE('',#1865,#1865,#1888,.T.);
#1888 = SURFACE_CURVE('',#1889,(#1894,#1901),.PCURVE_S1.);
#1889 = CIRCLE('',#1890,10.796788008565);
#1890 = AXIS2_PLACEMENT_3D('',#1891,#1892,#1893);
#1891 = CARTESIAN_POINT('',(-20.56920350996,0.,24.813422179807));
#1892 = DIRECTION('',(-0.642787609687,0.,0.766044443119));
#1893 = DIRECTION('',(0.766044443119,0.,0.642787609687));
#1894 = PCURVE('',#1328,#1895);
#1895 = DEFINITIONAL_REPRESENTATION('',(#1896),#1900);
#1896 = LINE('',#1897,#1898);
#1897 = CARTESIAN_POINT('',(0.,28.01));
#1898 = VECTOR('',#1899,1.);
#1899 = DIRECTION('',(1.,0.));
#1900 = ( GEOMETRIC_REPRESENTATION_CONTEXT(2) 
PARAMETRIC_REPRESENTATION_CONTEXT() REPRESENTATION_CONTEXT('2D SPACE',''
  ) );
#1901 = PCURVE('',#1902,#1907);
#1902 = PLANE('',#1903);
#1903 = AXIS2_PLACEMENT_3D('',#1904,#1905,#1906);
#1904 = CARTESIAN_POINT('',(-20.56920350996,0.,24.813422179807));
#1905 = DIRECTION('',(-0.642787609687,0.,0.766044443119));
#1906 = DIRECTION('',(0.766044443119,0.,0.642787609687));
#1907 = DEFINITIONAL_REPRESENTATION('',(#1908),#1912);
#1908 = CIRCLE('',#1909,10.796788008565);
#1909 = AXIS2_PLACEMENT_2D('',#1910,#1911);
#1910 = CARTESIAN_POINT('',(0.,0.));
#1911 = DIRECTION('',(1.,0.));
#1912 = ( GEOMETRIC_REPRESENTATION_CONTEXT(2) 
PARAMETRIC_REPRESENTATION_CONTEXT() REPRESENTATION_CONTEXT('2D SPACE',''
  ) );
#1913 = ORIENTED_EDGE('',*,*,#1864,.F.);
#1914 = ORIENTED_EDGE('',*,*,#1311,.T.);
#1915 = FACE_BOUND('',#1916,.F.);
#1916 = EDGE_LOOP('',(#1917));
#1917 = ORIENTED_EDGE('',*,*,#1422,.T.);
#1918 = ADVANCED_FACE('',(#1919,#1922),#1381,.T.);
#1919 = FACE_BOUND('',#1920,.T.);
#1920 = EDGE_LOOP('',(#1921));
#1921 = ORIENTED_EDGE('',*,*,#1366,.T.);
#1922 = FACE_BOUND('',#1923,.T.);
#1923 = EDGE_LOOP('',(#1924));
#1924 = ORIENTED_EDGE('',*,*,#1925,.F.);
#1925 = EDGE_CURVE('',#1926,#1926,#1928,.T.);
#1926 = VERTEX_POINT('',#1927);
#1927 = CARTESIAN_POINT('',(-27.08003854707,1.036208156317E-15,
    49.374550556158));
#1928 = SURFACE_CURVE('',#1929,(#1934,#1941),.PCURVE_S1.);
#1929 = CIRCLE('',#1930,10.8);
#1930 = AXIS2_PLACEMENT_3D('',#1931,#1932,#1933);
#1931 = CARTESIAN_POINT('',(-35.35331853276,1.036208156317E-15,
    42.432444371544));
#1932 = DIRECTION('',(-0.642787609687,0.,0.766044443119));
#1933 = DIRECTION('',(0.766044443119,0.,0.642787609687));
#1934 = PCURVE('',#1381,#1935);
#1935 = DEFINITIONAL_REPRESENTATION('',(#1936),#1940);
#1936 = CIRCLE('',#1937,10.8);
#1937 = AXIS2_PLACEMENT_2D('',#1938,#1939);
#1938 = CARTESIAN_POINT('',(5.549484219462E-14,1.070253498463E-15));
#1939 = DIRECTION('',(1.,0.));
#1940 = ( GEOMETRIC_REPRESENTATION_CONTEXT(2) 
PARAMETRIC_REPRESENTATION_CONTEXT() REPRESENTATION_CONTEXT('2D SPACE',''
  ) );
#1941 = PCURVE('',#1942,#1947);
#1942 = CYLINDRICAL_SURFACE('',#1943,10.8);
#1943 = AXIS2_PLACEMENT_3D('',#1944,#1945,#1946);
#1944 = CARTESIAN_POINT('',(-20.56920350996,1.036208156317E-15,
    24.813422179807));
#1945 = DIRECTION('',(0.642787609687,-0.,-0.766044443119));
#1946 = DIRECTION('',(0.766044443119,0.,0.642787609687));
#1947 = DEFINITIONAL_REPRESENTATION('',(#1948),#1952);
#1948 = LINE('',#1949,#1950);
#1949 = CARTESIAN_POINT('',(-0.,-23.));
#1950 = VECTOR('',#1951,1.);
#1951 = DIRECTION('',(-1.,0.));
#1952 = ( GEOMETRIC_REPRESENTATION_CONTEXT(2) 
PARAMETRIC_REPRESENTATION_CONTEXT() REPRESENTATION_CONTEXT('2D SPACE',''
  ) );
#1953 = ADVANCED_FACE('',(#1954,#1980),#1902,.T.);
#1954 = FACE_BOUND('',#1955,.T.);
#1955 = EDGE_LOOP('',(#1956));
#1956 = ORIENTED_EDGE('',*,*,#1957,.T.);
#1957 = EDGE_CURVE('',#1958,#1958,#1960,.T.);
#1958 = VERTEX_POINT('',#1959);
#1959 = CARTESIAN_POINT('',(-12.29592352428,1.036208156317E-15,
    31.755528364422));
#1960 = SURFACE_CURVE('',#1961,(#1966,#1973),.PCURVE_S1.);
#1961 = CIRCLE('',#1962,10.8);
#1962 = AXIS2_PLACEMENT_3D('',#1963,#1964,#1965);
#1963 = CARTESIAN_POINT('',(-20.56920350996,1.036208156317E-15,
    24.813422179807));
#1964 = DIRECTION('',(-0.642787609687,0.,0.766044443119));
#1965 = DIRECTION('',(0.766044443119,0.,0.642787609687));
#1966 = PCURVE('',#1902,#1967);
#1967 = DEFINITIONAL_REPRESENTATION('',(#1968),#1972);
#1968 = CIRCLE('',#1969,10.8);
#1969 = AXIS2_PLACEMENT_2D('',#1970,#1971);
#1970 = CARTESIAN_POINT('',(5.549484219462E-14,1.036208156317E-15));
#1971 = DIRECTION('',(1.,0.));
#1972 = ( GEOMETRIC_REPRESENTATION_CONTEXT(2) 
PARAMETRIC_REPRESENTATION_CONTEXT() REPRESENTATION_CONTEXT('2D SPACE',''
  ) );
#1973 = PCURVE('',#1942,#1974);
#1974 = DEFINITIONAL_REPRESENTATION('',(#1975),#1979);
#1975 = LINE('',#1976,#1977);
#1976 = CARTESIAN_POINT('',(-0.,0.));
#1977 = VECTOR('',#1978,1.);
#1978 = DIRECTION('',(-1.,0.));
#1979 = ( GEOMETRIC_REPRESENTATION_CONTEXT(2) 
PARAMETRIC_REPRESENTATION_CONTEXT() REPRESENTATION_CONTEXT('2D SPACE',''
  ) );
#1980 = FACE_BOUND('',#1981,.T.);
#1981 = EDGE_LOOP('',(#1982));
#1982 = ORIENTED_EDGE('',*,*,#1887,.F.);
#1983 = ADVANCED_FACE('',(#1984),#1942,.F.);
#1984 = FACE_BOUND('',#1985,.T.);
#1985 = EDGE_LOOP('',(#1986,#2007,#2008,#2009));
#1986 = ORIENTED_EDGE('',*,*,#1987,.T.);
#1987 = EDGE_CURVE('',#1958,#1926,#1988,.T.);
#1988 = SEAM_CURVE('',#1989,(#1993,#2000),.PCURVE_S1.);
#1989 = LINE('',#1990,#1991);
#1990 = CARTESIAN_POINT('',(-12.29592352428,1.036208156317E-15,
    31.755528364422));
#1991 = VECTOR('',#1992,1.);
#1992 = DIRECTION('',(-0.642787609687,0.,0.766044443119));
#1993 = PCURVE('',#1942,#1994);
#1994 = DEFINITIONAL_REPRESENTATION('',(#1995),#1999);
#1995 = LINE('',#1996,#1997);
#1996 = CARTESIAN_POINT('',(-0.,0.));
#1997 = VECTOR('',#1998,1.);
#1998 = DIRECTION('',(-0.,-1.));
#1999 = ( GEOMETRIC_REPRESENTATION_CONTEXT(2) 
PARAMETRIC_REPRESENTATION_CONTEXT() REPRESENTATION_CONTEXT('2D SPACE',''
  ) );
#2000 = PCURVE('',#1942,#2001);
#2001 = DEFINITIONAL_REPRESENTATION('',(#2002),#2006);
#2002 = LINE('',#2003,#2004);
#2003 = CARTESIAN_POINT('',(-6.28318530718,0.));
#2004 = VECTOR('',#2005,1.);
#2005 = DIRECTION('',(-0.,-1.));
#2006 = ( GEOMETRIC_REPRESENTATION_CONTEXT(2) 
PARAMETRIC_REPRESENTATION_CONTEXT() REPRESENTATION_CONTEXT('2D SPACE',''
  ) );
#2007 = ORIENTED_EDGE('',*,*,#1925,.T.);
#2008 = ORIENTED_EDGE('',*,*,#1987,.F.);
#2009 = ORIENTED_EDGE('',*,*,#1957,.F.);
#2010 = ( GEOMETRIC_REPRESENTATION_CONTEXT(3) 
GLOBAL_UNCERTAINTY_ASSIGNED_CONTEXT((#2014)) 
GLOBAL_UNIT_ASSIGNED_CONTEXT((#2011,#2012,#2013)) REPRESENTATION_CONTEXT
('Context #1','3D Context with UNIT and UNCERTAINTY') );
#2011 = ( LENGTH_UNIT() NAMED_UNIT(*) SI_UNIT(.MILLI.,.METRE.) );
#2012 = ( NAMED_UNIT(*) PLANE_ANGLE_UNIT() SI_UNIT($,.RADIAN.) );
#2013 = ( NAMED_UNIT(*) SI_UNIT($,.STERADIAN.) SOLID_ANGLE_UNIT() );
#2014 = UNCERTAINTY_MEASURE_WITH_UNIT(LENGTH_MEASURE(1.E-07),#2011,
  'distance_accuracy_value','confusion accuracy');
#2015 = CONTEXT_DEPENDENT_SHAPE_REPRESENTATION(#2016,#2018);
#2016 = ( REPRESENTATION_RELATIONSHIP('','',#766,#10) 
REPRESENTATION_RELATIONSHIP_WITH_TRANSFORMATION(#2017) 
SHAPE_REPRESENTATION_RELATIONSHIP() );
#2017 = ITEM_DEFINED_TRANSFORMATION('','',#11,#23);
#2018 = PRODUCT_DEFINITION_SHAPE('Placement','Placement of an item',
  #2019);
#2019 = NEXT_ASSEMBLY_USAGE_OCCURRENCE('3','mock_nose','',#5,#761,$);
#2020 = PRODUCT_RELATED_PRODUCT_CATEGORY('part',$,(#763));
#2021 = SHAPE_DEFINITION_REPRESENTATION(#2022,#2028);
#2022 = PRODUCT_DEFINITION_SHAPE('','',#2023);
#2023 = PRODUCT_DEFINITION('design','',#2024,#2027);
#2024 = PRODUCT_DEFINITION_FORMATION('','',#2025);
#2025 = PRODUCT('sensor_die','sensor_die','',(#2026));
#2026 = PRODUCT_CONTEXT('',#2,'mechanical');
#2027 = PRODUCT_DEFINITION_CONTEXT('part definition',#2,'design');
#2028 = ADVANCED_BREP_SHAPE_REPRESENTATION('',(#11,#2029),#2359);
#2029 = MANIFOLD_SOLID_BREP('',#2030);
#2030 = CLOSED_SHELL('',(#2031,#2151,#2251,#2298,#2345,#2352));
#2031 = ADVANCED_FACE('',(#2032),#2046,.F.);
#2032 = FACE_BOUND('',#2033,.F.);
#2033 = EDGE_LOOP('',(#2034,#2069,#2097,#2125));
#2034 = ORIENTED_EDGE('',*,*,#2035,.F.);
#2035 = EDGE_CURVE('',#2036,#2038,#2040,.T.);
#2036 = VERTEX_POINT('',#2037);
#2037 = CARTESIAN_POINT('',(-11.81726083294,-3.5,6.049028265536));
#2038 = VERTEX_POINT('',#2039);
#2039 = CARTESIAN_POINT('',(-16.95956171044,-3.5,12.177383810487));
#2040 = SURFACE_CURVE('',#2041,(#2045,#2057),.PCURVE_S1.);
#2041 = LINE('',#2042,#2043);
#2042 = CARTESIAN_POINT('',(-11.81726083294,-3.5,6.049028265536));
#2043 = VECTOR('',#2044,1.);
#2044 = DIRECTION('',(-0.642787609687,0.,0.766044443119));
#2045 = PCURVE('',#2046,#2051);
#2046 = PLANE('',#2047);
#2047 = AXIS2_PLACEMENT_3D('',#2048,#2049,#2050);
#2048 = CARTESIAN_POINT('',(-11.81726083294,-3.5,6.049028265536));
#2049 = DIRECTION('',(0.766044443119,0.,0.642787609687));
#2050 = DIRECTION('',(-0.642787609687,0.,0.766044443119));
#2051 = DEFINITIONAL_REPRESENTATION('',(#2052),#2056);
#2052 = LINE('',#2053,#2054);
#2053 = CARTESIAN_POINT('',(0.,0.));
#2054 = VECTOR('',#2055,1.);
#2055 = DIRECTION('',(1.,0.));
#2056 = ( GEOMETRIC_REPRESENTATION_CONTEXT(2) 
PARAMETRIC_REPRESENTATION_CONTEXT() REPRESENTATION_CONTEXT('2D SPACE',''
  ) );
#2057 = PCURVE('',#2058,#2063);
#2058 = PLANE('',#2059);
#2059 = AXIS2_PLACEMENT_3D('',#2060,#2061,#2062);
#2060 = CARTESIAN_POINT('',(-11.81726083294,-3.5,6.049028265536));
#2061 = DIRECTION('',(0.,1.,0.));
#2062 = DIRECTION('',(-0.642787609687,0.,0.766044443119));
#2063 = DEFINITIONAL_REPRESENTATION('',(#2064),#2068);
#2064 = LINE('',#2065,#2066);
#2065 = CARTESIAN_POINT('',(0.,0.));
#2066 = VECTOR('',#2067,1.);
#2067 = DIRECTION('',(1.,0.));
#2068 = ( GEOMETRIC_REPRESENTATION_CONTEXT(2) 
PARAMETRIC_REPRESENTATION_CONTEXT() REPRESENTATION_CONTEXT('2D SPACE',''
  ) );
#2069 = ORIENTED_EDGE('',*,*,#2070,.T.);
#2070 = EDGE_CURVE('',#2036,#2071,#2073,.T.);
#2071 = VERTEX_POINT('',#2072);
#2072 = CARTESIAN_POINT('',(-11.81726083294,3.5,6.049028265536));
#2073 = SURFACE_CURVE('',#2074,(#2078,#2085),.PCURVE_S1.);
#2074 = LINE('',#2075,#2076);
#2075 = CARTESIAN_POINT('',(-11.81726083294,-3.5,6.049028265536));
#2076 = VECTOR('',#2077,1.);
#2077 = DIRECTION('',(0.,1.,0.));
#2078 = PCURVE('',#2046,#2079);
#2079 = DEFINITIONAL_REPRESENTATION('',(#2080),#2084);
#2080 = LINE('',#2081,#2082);
#2081 = CARTESIAN_POINT('',(0.,0.));
#2082 = VECTOR('',#2083,1.);
#2083 = DIRECTION('',(0.,-1.));
#2084 = ( GEOMETRIC_REPRESENTATION_CONTEXT(2) 
PARAMETRIC_REPRESENTATION_CONTEXT() REPRESENTATION_CONTEXT('2D SPACE',''
  ) );
#2085 = PCURVE('',#2086,#2091);
#2086 = PLANE('',#2087);
#2087 = AXIS2_PLACEMENT_3D('',#2088,#2089,#2090);
#2088 = CARTESIAN_POINT('',(-11.81726083294,-3.5,6.049028265536));
#2089 = DIRECTION('',(-0.642787609687,0.,0.766044443119));
#2090 = DIRECTION('',(0.766044443119,0.,0.642787609687));
#2091 = DEFINITIONAL_REPRESENTATION('',(#2092),#2096);
#2092 = LINE('',#2093,#2094);
#2093 = CARTESIAN_POINT('',(0.,0.));
#2094 = VECTOR('',#2095,1.);
#2095 = DIRECTION('',(0.,1.));
#2096 = ( GEOMETRIC_REPRESENTATION_CONTEXT(2) 
PARAMETRIC_REPRESENTATION_CONTEXT() REPRESENTATION_CONTEXT('2D SPACE',''
  ) );
#2097 = ORIENTED_EDGE('',*,*,#2098,.T.);
#2098 = EDGE_CURVE('',#2071,#2099,#2101,.T.);
#2099 = VERTEX_POINT('',#2100);
#2100 = CARTESIAN_POINT('',(-16.95956171044,3.5,12.177383810487));
#2101 = SURFACE_CURVE('',#2102,(#2106,#2113),.PCURVE_S1.);
#2102 = LINE('',#2103,#2104);
#2103 = CARTESIAN_POINT('',(-11.81726083294,3.5,6.049028265536));
#2104 = VECTOR('',#2105,1.);
#2105 = DIRECTION('',(-0.642787609687,0.,0.766044443119));
#2106 = PCURVE('',#2046,#2107);
#2107 = DEFINITIONAL_REPRESENTATION('',(#2108),#2112);
#2108 = LINE('',#2109,#2110);
#2109 = CARTESIAN_POINT('',(0.,-7.));
#2110 = VECTOR('',#2111,1.);
#2111 = DIRECTION('',(1.,0.));
#2112 = ( GEOMETRIC_REPRESENTATION_CONTEXT(2) 
PARAMETRIC_REPRESENTATION_CONTEXT() REPRESENTATION_CONTEXT('2D SPACE',''
  ) );
#2113 = PCURVE('',#2114,#2119);
#2114 = PLANE('',#2115);
#2115 = AXIS2_PLACEMENT_3D('',#2116,#2117,#2118);
#2116 = CARTESIAN_POINT('',(-11.81726083294,3.5,6.049028265536));
#2117 = DIRECTION('',(0.,1.,0.));
#2118 = DIRECTION('',(-0.642787609687,0.,0.766044443119));
#2119 = DEFINITIONAL_REPRESENTATION('',(#2120),#2124);
#2120 = LINE('',#2121,#2122);
#2121 = CARTESIAN_POINT('',(0.,0.));
#2122 = VECTOR('',#2123,1.);
#2123 = DIRECTION('',(1.,0.));
#2124 = ( GEOMETRIC_REPRESENTATION_CONTEXT(2) 
PARAMETRIC_REPRESENTATION_CONTEXT() REPRESENTATION_CONTEXT('2D SPACE',''
  ) );
#2125 = ORIENTED_EDGE('',*,*,#2126,.F.);
#2126 = EDGE_CURVE('',#2038,#2099,#2127,.T.);
#2127 = SURFACE_CURVE('',#2128,(#2132,#2139),.PCURVE_S1.);
#2128 = LINE('',#2129,#2130);
#2129 = CARTESIAN_POINT('',(-16.95956171044,-3.5,12.177383810487));
#2130 = VECTOR('',#2131,1.);
#2131 = DIRECTION('',(0.,1.,0.));
#2132 = PCURVE('',#2046,#2133);
#2133 = DEFINITIONAL_REPRESENTATION('',(#2134),#2138);
#2134 = LINE('',#2135,#2136);
#2135 = CARTESIAN_POINT('',(8.,0.));
#2136 = VECTOR('',#2137,1.);
#2137 = DIRECTION('',(0.,-1.));
#2138 = ( GEOMETRIC_REPRESENTATION_CONTEXT(2) 
PARAMETRIC_REPRESENTATION_CONTEXT() REPRESENTATION_CONTEXT('2D SPACE',''
  ) );
#2139 = PCURVE('',#2140,#2145);
#2140 = PLANE('',#2141);
#2141 = AXIS2_PLACEMENT_3D('',#2142,#2143,#2144);
#2142 = CARTESIAN_POINT('',(-16.95956171044,-3.5,12.177383810487));
#2143 = DIRECTION('',(-0.642787609687,0.,0.766044443119));
#2144 = DIRECTION('',(0.766044443119,0.,0.642787609687));
#2145 = DEFINITIONAL_REPRESENTATION('',(#2146),#2150);
#2146 = LINE('',#2147,#2148);
#2147 = CARTESIAN_POINT('',(0.,0.));
#2148 = VECTOR('',#2149,1.);
#2149 = DIRECTION('',(0.,1.));
#2150 = ( GEOMETRIC_REPRESENTATION_CONTEXT(2) 
PARAMETRIC_REPRESENTATION_CONTEXT() REPRESENTATION_CONTEXT('2D SPACE',''
  ) );
#2151 = ADVANCED_FACE('',(#2152),#2166,.T.);
#2152 = FACE_BOUND('',#2153,.T.);
#2153 = EDGE_LOOP('',(#2154,#2184,#2207,#2230));
#2154 = ORIENTED_EDGE('',*,*,#2155,.F.);
#2155 = EDGE_CURVE('',#2156,#2158,#2160,.T.);
#2156 = VERTEX_POINT('',#2157);
#2157 = CARTESIAN_POINT('',(-9.51912750359,-3.5,7.977391094595));
#2158 = VERTEX_POINT('',#2159);
#2159 = CARTESIAN_POINT('',(-14.66142838108,-3.5,14.105746639547));
#2160 = SURFACE_CURVE('',#2161,(#2165,#2177),.PCURVE_S1.);
#2161 = LINE('',#2162,#2163);
#2162 = CARTESIAN_POINT('',(-9.51912750359,-3.5,7.977391094595));
#2163 = VECTOR('',#2164,1.);
#2164 = DIRECTION('',(-0.642787609687,0.,0.766044443119));
#2165 = PCURVE('',#2166,#2171);
#2166 = PLANE('',#2167);
#2167 = AXIS2_PLACEMENT_3D('',#2168,#2169,#2170);
#2168 = CARTESIAN_POINT('',(-9.51912750359,-3.5,7.977391094595));
#2169 = DIRECTION('',(0.766044443119,0.,0.642787609687));
#2170 = DIRECTION('',(-0.642787609687,0.,0.766044443119));
#2171 = DEFINITIONAL_REPRESENTATION('',(#2172),#2176);
#2172 = LINE('',#2173,#2174);
#2173 = CARTESIAN_POINT('',(0.,0.));
#2174 = VECTOR('',#2175,1.);
#2175 = DIRECTION('',(1.,0.));
#2176 = ( GEOMETRIC_REPRESENTATION_CONTEXT(2) 
PARAMETRIC_REPRESENTATION_CONTEXT() REPRESENTATION_CONTEXT('2D SPACE',''
  ) );
#2177 = PCURVE('',#2058,#2178);
#2178 = DEFINITIONAL_REPRESENTATION('',(#2179),#2183);
#2179 = LINE('',#2180,#2181);
#2180 = CARTESIAN_POINT('',(0.,3.));
#2181 = VECTOR('',#2182,1.);
#2182 = DIRECTION('',(1.,0.));
#2183 = ( GEOMETRIC_REPRESENTATION_CONTEXT(2) 
PARAMETRIC_REPRESENTATION_CONTEXT() REPRESENTATION_CONTEXT('2D SPACE',''
  ) );
#2184 = ORIENTED_EDGE('',*,*,#2185,.T.);
#2185 = EDGE_CURVE('',#2156,#2186,#2188,.T.);
#2186 = VERTEX_POINT('',#2187);
#2187 = CARTESIAN_POINT('',(-9.51912750359,3.5,7.977391094595));
#2188 = SURFACE_CURVE('',#2189,(#2193,#2200),.PCURVE_S1.);
#2189 = LINE('',#2190,#2191);
#2190 = CARTESIAN_POINT('',(-9.51912750359,-3.5,7.977391094595));
#2191 = VECTOR('',#2192,1.);
#2192 = DIRECTION('',(0.,1.,0.));
#2193 = PCURVE('',#2166,#2194);
#2194 = DEFINITIONAL_REPRESENTATION('',(#2195),#2199);
#2195 = LINE('',#2196,#2197);
#2196 = CARTESIAN_POINT('',(0.,0.));
#2197 = VECTOR('',#2198,1.);
#2198 = DIRECTION('',(0.,-1.));
#2199 = ( GEOMETRIC_REPRESENTATION_CONTEXT(2) 
PARAMETRIC_REPRESENTATION_CONTEXT() REPRESENTATION_CONTEXT('2D SPACE',''
  ) );
#2200 = PCURVE('',#2086,#2201);
#2201 = DEFINITIONAL_REPRESENTATION('',(#2202),#2206);
#2202 = LINE('',#2203,#2204);
#2203 = CARTESIAN_POINT('',(3.,0.));
#2204 = VECTOR('',#2205,1.);
#2205 = DIRECTION('',(0.,1.));
#2206 = ( GEOMETRIC_REPRESENTATION_CONTEXT(2) 
PARAMETRIC_REPRESENTATION_CONTEXT() REPRESENTATION_CONTEXT('2D SPACE',''
  ) );
#2207 = ORIENTED_EDGE('',*,*,#2208,.T.);
#2208 = EDGE_CURVE('',#2186,#2209,#2211,.T.);
#2209 = VERTEX_POINT('',#2210);
#2210 = CARTESIAN_POINT('',(-14.66142838108,3.5,14.105746639547));
#2211 = SURFACE_CURVE('',#2212,(#2216,#2223),.PCURVE_S1.);
#2212 = LINE('',#2213,#2214);
#2213 = CARTESIAN_POINT('',(-9.51912750359,3.5,7.977391094595));
#2214 = VECTOR('',#2215,1.);
#2215 = DIRECTION('',(-0.642787609687,0.,0.766044443119));
#2216 = PCURVE('',#2166,#2217);
#2217 = DEFINITIONAL_REPRESENTATION('',(#2218),#2222);
#2218 = LINE('',#2219,#2220);
#2219 = CARTESIAN_POINT('',(0.,-7.));
#2220 = VECTOR('',#2221,1.);
#2221 = DIRECTION('',(1.,0.));
#2222 = ( GEOMETRIC_REPRESENTATION_CONTEXT(2) 
PARAMETRIC_REPRESENTATION_CONTEXT() REPRESENTATION_CONTEXT('2D SPACE',''
  ) );
#2223 = PCURVE('',#2114,#2224);
#2224 = DEFINITIONAL_REPRESENTATION('',(#2225),#2229);
#2225 = LINE('',#2226,#2227);
#2226 = CARTESIAN_POINT('',(0.,3.));
#2227 = VECTOR('',#2228,1.);
#2228 = DIRECTION('',(1.,0.));
#2229 = ( GEOMETRIC_REPRESENTATION_CONTEXT(2) 
PARAMETRIC_REPRESENTATION_CONTEXT() REPRESENTATION_CONTEXT('2D SPACE',''
  ) );
#2230 = ORIENTED_EDGE('',*,*,#2231,.F.);
#2231 = EDGE_CURVE('',#2158,#2209,#2232,.T.);
#2232 = SURFACE_CURVE('',#2233,(#2237,#2244),.PCURVE_S1.);
#2233 = LINE('',#2234,#2235);
#2234 = CARTESIAN_POINT('',(-14.66142838108,-3.5,14.105746639547));
#2235 = VECTOR('',#2236,1.);
#2236 = DIRECTION('',(0.,1.,0.));
#2237 = PCURVE('',#2166,#2238);
#2238 = DEFINITIONAL_REPRESENTATION('',(#2239),#2243);
#2239 = LINE('',#2240,#2241);
#2240 = CARTESIAN_POINT('',(8.,0.));
#2241 = VECTOR('',#2242,1.);
#2242 = DIRECTION('',(0.,-1.));
#2243 = ( GEOMETRIC_REPRESENTATION_CONTEXT(2) 
PARAMETRIC_REPRESENTATION_CONTEXT() REPRESENTATION_CONTEXT('2D SPACE',''
  ) );
#2244 = PCURVE('',#2140,#2245);
#2245 = DEFINITIONAL_REPRESENTATION('',(#2246),#2250);
#2246 = LINE('',#2247,#2248);
#2247 = CARTESIAN_POINT('',(3.,0.));
#2248 = VECTOR('',#2249,1.);
#2249 = DIRECTION('',(0.,1.));
#2250 = ( GEOMETRIC_REPRESENTATION_CONTEXT(2) 
PARAMETRIC_REPRESENTATION_CONTEXT() REPRESENTATION_CONTEXT('2D SPACE',''
  ) );
#2251 = ADVANCED_FACE('',(#2252),#2058,.F.);
#2252 = FACE_BOUND('',#2253,.F.);
#2253 = EDGE_LOOP('',(#2254,#2275,#2276,#2297));
#2254 = ORIENTED_EDGE('',*,*,#2255,.F.);
#2255 = EDGE_CURVE('',#2036,#2156,#2256,.T.);
#2256 = SURFACE_CURVE('',#2257,(#2261,#2268),.PCURVE_S1.);
#2257 = LINE('',#2258,#2259);
#2258 = CARTESIAN_POINT('',(-11.81726083294,-3.5,6.049028265536));
#2259 = VECTOR('',#2260,1.);
#2260 = DIRECTION('',(0.766044443119,0.,0.642787609687));
#2261 = PCURVE('',#2058,#2262);
#2262 = DEFINITIONAL_REPRESENTATION('',(#2263),#2267);
#2263 = LINE('',#2264,#2265);
#2264 = CARTESIAN_POINT('',(0.,0.));
#2265 = VECTOR('',#2266,1.);
#2266 = DIRECTION('',(0.,1.));
#2267 = ( GEOMETRIC_REPRESENTATION_CONTEXT(2) 
PARAMETRIC_REPRESENTATION_CONTEXT() REPRESENTATION_CONTEXT('2D SPACE',''
  ) );
#2268 = PCURVE('',#2086,#2269);
#2269 = DEFINITIONAL_REPRESENTATION('',(#2270),#2274);
#2270 = LINE('',#2271,#2272);
#2271 = CARTESIAN_POINT('',(0.,0.));
#2272 = VECTOR('',#2273,1.);
#2273 = DIRECTION('',(1.,0.));
#2274 = ( GEOMETRIC_REPRESENTATION_CONTEXT(2) 
PARAMETRIC_REPRESENTATION_CONTEXT() REPRESENTATION_CONTEXT('2D SPACE',''
  ) );
#2275 = ORIENTED_EDGE('',*,*,#2035,.T.);
#2276 = ORIENTED_EDGE('',*,*,#2277,.T.);
#2277 = EDGE_CURVE('',#2038,#2158,#2278,.T.);
#2278 = SURFACE_CURVE('',#2279,(#2283,#2290),.PCURVE_S1.);
#2279 = LINE('',#2280,#2281);
#2280 = CARTESIAN_POINT('',(-16.95956171044,-3.5,12.177383810487));
#2281 = VECTOR('',#2282,1.);
#2282 = DIRECTION('',(0.766044443119,0.,0.642787609687));
#2283 = PCURVE('',#2058,#2284);
#2284 = DEFINITIONAL_REPRESENTATION('',(#2285),#2289);
#2285 = LINE('',#2286,#2287);
#2286 = CARTESIAN_POINT('',(8.,8.881784197001E-16));
#2287 = VECTOR('',#2288,1.);
#2288 = DIRECTION('',(0.,1.));
#2289 = ( GEOMETRIC_REPRESENTATION_CONTEXT(2) 
PARAMETRIC_REPRESENTATION_CONTEXT() REPRESENTATION_CONTEXT('2D SPACE',''
  ) );
#2290 = PCURVE('',#2140,#2291);
#2291 = DEFINITIONAL_REPRESENTATION('',(#2292),#2296);
#2292 = LINE('',#2293,#2294);
#2293 = CARTESIAN_POINT('',(0.,0.));
#2294 = VECTOR('',#2295,1.);
#2295 = DIRECTION('',(1.,0.));
#2296 = ( GEOMETRIC_REPRESENTATION_CONTEXT(2) 
PARAMETRIC_REPRESENTATION_CONTEXT() REPRESENTATION_CONTEXT('2D SPACE',''
  ) );
#2297 = ORIENTED_EDGE('',*,*,#2155,.F.);
#2298 = ADVANCED_FACE('',(#2299),#2114,.T.);
#2299 = FACE_BOUND('',#2300,.T.);
#2300 = EDGE_LOOP('',(#2301,#2322,#2323,#2344));
#2301 = ORIENTED_EDGE('',*,*,#2302,.F.);
#2302 = EDGE_CURVE('',#2071,#2186,#2303,.T.);
#2303 = SURFACE_CURVE('',#2304,(#2308,#2315),.PCURVE_S1.);
#2304 = LINE('',#2305,#2306);
#2305 = CARTESIAN_POINT('',(-11.81726083294,3.5,6.049028265536));
#2306 = VECTOR('',#2307,1.);
#2307 = DIRECTION('',(0.766044443119,0.,0.642787609687));
#2308 = PCURVE('',#2114,#2309);
#2309 = DEFINITIONAL_REPRESENTATION('',(#2310),#2314);
#2310 = LINE('',#2311,#2312);
#2311 = CARTESIAN_POINT('',(0.,0.));
#2312 = VECTOR('',#2313,1.);
#2313 = DIRECTION('',(0.,1.));
#2314 = ( GEOMETRIC_REPRESENTATION_CONTEXT(2) 
PARAMETRIC_REPRESENTATION_CONTEXT() REPRESENTATION_CONTEXT('2D SPACE',''
  ) );
#2315 = PCURVE('',#2086,#2316);
#2316 = DEFINITIONAL_REPRESENTATION('',(#2317),#2321);
#2317 = LINE('',#2318,#2319);
#2318 = CARTESIAN_POINT('',(0.,7.));
#2319 = VECTOR('',#2320,1.);
#2320 = DIRECTION('',(1.,0.));
#2321 = ( GEOMETRIC_REPRESENTATION_CONTEXT(2) 
PARAMETRIC_REPRESENTATION_CONTEXT() REPRESENTATION_CONTEXT('2D SPACE',''
  ) );
#2322 = ORIENTED_EDGE('',*,*,#2098,.T.);
#2323 = ORIENTED_EDGE('',*,*,#2324,.T.);
#2324 = EDGE_CURVE('',#2099,#2209,#2325,.T.);
#2325 = SURFACE_CURVE('',#2326,(#2330,#2337),.PCURVE_S1.);
#2326 = LINE('',#2327,#2328);
#2327 = CARTESIAN_POINT('',(-16.95956171044,3.5,12.177383810487));
#2328 = VECTOR('',#2329,1.);
#2329 = DIRECTION('',(0.766044443119,0.,0.642787609687));
#2330 = PCURVE('',#2114,#2331);
#2331 = DEFINITIONAL_REPRESENTATION('',(#2332),#2336);
#2332 = LINE('',#2333,#2334);
#2333 = CARTESIAN_POINT('',(8.,8.881784197001E-16));
#2334 = VECTOR('',#2335,1.);
#2335 = DIRECTION('',(0.,1.));
#2336 = ( GEOMETRIC_REPRESENTATION_CONTEXT(2) 
PARAMETRIC_REPRESENTATION_CONTEXT() REPRESENTATION_CONTEXT('2D SPACE',''
  ) );
#2337 = PCURVE('',#2140,#2338);
#2338 = DEFINITIONAL_REPRESENTATION('',(#2339),#2343);
#2339 = LINE('',#2340,#2341);
#2340 = CARTESIAN_POINT('',(0.,7.));
#2341 = VECTOR('',#2342,1.);
#2342 = DIRECTION('',(1.,0.));
#2343 = ( GEOMETRIC_REPRESENTATION_CONTEXT(2) 
PARAMETRIC_REPRESENTATION_CONTEXT() REPRESENTATION_CONTEXT('2D SPACE',''
  ) );
#2344 = ORIENTED_EDGE('',*,*,#2208,.F.);
#2345 = ADVANCED_FACE('',(#2346),#2086,.F.);
#2346 = FACE_BOUND('',#2347,.F.);
#2347 = EDGE_LOOP('',(#2348,#2349,#2350,#2351));
#2348 = ORIENTED_EDGE('',*,*,#2070,.F.);
#2349 = ORIENTED_EDGE('',*,*,#2255,.T.);
#2350 = ORIENTED_EDGE('',*,*,#2185,.T.);
#2351 = ORIENTED_EDGE('',*,*,#2302,.F.);
#2352 = ADVANCED_FACE('',(#2353),#2140,.T.);
#2353 = FACE_BOUND('',#2354,.T.);
#2354 = EDGE_LOOP('',(#2355,#2356,#2357,#2358));
#2355 = ORIENTED_EDGE('',*,*,#2126,.F.);
#2356 = ORIENTED_EDGE('',*,*,#2277,.T.);
#2357 = ORIENTED_EDGE('',*,*,#2231,.T.);
#2358 = ORIENTED_EDGE('',*,*,#2324,.F.);
#2359 = ( GEOMETRIC_REPRESENTATION_CONTEXT(3) 
GLOBAL_UNCERTAINTY_ASSIGNED_CONTEXT((#2363)) 
GLOBAL_UNIT_ASSIGNED_CONTEXT((#2360,#2361,#2362)) REPRESENTATION_CONTEXT
('Context #1','3D Context with UNIT and UNCERTAINTY') );
#2360 = ( LENGTH_UNIT() NAMED_UNIT(*) SI_UNIT(.MILLI.,.METRE.) );
#2361 = ( NAMED_UNIT(*) PLANE_ANGLE_UNIT() SI_UNIT($,.RADIAN.) );
#2362 = ( NAMED_UNIT(*) SI_UNIT($,.STERADIAN.) SOLID_ANGLE_UNIT() );
#2363 = UNCERTAINTY_MEASURE_WITH_UNIT(LENGTH_MEASURE(1.E-07),#2360,
  'distance_accuracy_value','confusion accuracy');
#2364 = CONTEXT_DEPENDENT_SHAPE_REPRESENTATION(#2365,#2367);
#2365 = ( REPRESENTATION_RELATIONSHIP('','',#2028,#10) 
REPRESENTATION_RELATIONSHIP_WITH_TRANSFORMATION(#2366) 
SHAPE_REPRESENTATION_RELATIONSHIP() );
#2366 = ITEM_DEFINED_TRANSFORMATION('','',#11,#27);
#2367 = PRODUCT_DEFINITION_SHAPE('Placement','Placement of an item',
  #2368);
#2368 = NEXT_ASSEMBLY_USAGE_OCCURRENCE('4','sensor_die','',#5,#2023,$);
#2369 = PRODUCT_RELATED_PRODUCT_CATEGORY('part',$,(#2025));
#2370 = SHAPE_DEFINITION_REPRESENTATION(#2371,#2377);
#2371 = PRODUCT_DEFINITION_SHAPE('','',#2372);
#2372 = PRODUCT_DEFINITION('design','',#2373,#2376);
#2373 = PRODUCT_DEFINITION_FORMATION('','',#2374);
#2374 = PRODUCT('sensor_lens','sensor_lens','',(#2375));
#2375 = PRODUCT_CONTEXT('',#2,'mechanical');
#2376 = PRODUCT_DEFINITION_CONTEXT('part definition',#2,'design');
#2377 = ADVANCED_BREP_SHAPE_REPRESENTATION('',(#11,#2378),#2476);
#2378 = MANIFOLD_SOLID_BREP('',#2379);
#2379 = CLOSED_SHELL('',(#2380,#2468,#2472));
#2380 = ADVANCED_FACE('',(#2381),#2395,.T.);
#2381 = FACE_BOUND('',#2382,.T.);
#2382 = EDGE_LOOP('',(#2383,#2413,#2440,#2441));
#2383 = ORIENTED_EDGE('',*,*,#2384,.T.);
#2384 = EDGE_CURVE('',#2385,#2387,#2389,.T.);
#2385 = VERTEX_POINT('',#2386);
#2386 = CARTESIAN_POINT('',(-14.465015716,1.5,9.048927277043));
#2387 = VERTEX_POINT('',#2388);
#2388 = CARTESIAN_POINT('',(-15.38426904774,1.5,8.277582145419));
#2389 = SEAM_CURVE('',#2390,(#2394,#2406),.PCURVE_S1.);
#2390 = LINE('',#2391,#2392);
#2391 = CARTESIAN_POINT('',(-14.465015716,1.5,9.048927277043));
#2392 = VECTOR('',#2393,1.);
#2393 = DIRECTION('',(-0.766044443119,-0.,-0.642787609687));
#2394 = PCURVE('',#2395,#2400);
#2395 = CYLINDRICAL_SURFACE('',#2396,1.5);
#2396 = AXIS2_PLACEMENT_3D('',#2397,#2398,#2399);
#2397 = CARTESIAN_POINT('',(-14.465015716,0.,9.048927277043));
#2398 = DIRECTION('',(0.766044443119,0.,0.642787609687));
#2399 = DIRECTION('',(0.,1.,0.));
#2400 = DEFINITIONAL_REPRESENTATION('',(#2401),#2405);
#2401 = LINE('',#2402,#2403);
#2402 = CARTESIAN_POINT('',(0.,0.));
#2403 = VECTOR('',#2404,1.);
#2404 = DIRECTION('',(0.,-1.));
#2405 = ( GEOMETRIC_REPRESENTATION_CONTEXT(2) 
PARAMETRIC_REPRESENTATION_CONTEXT() REPRESENTATION_CONTEXT('2D SPACE',''
  ) );
#2406 = PCURVE('',#2395,#2407);
#2407 = DEFINITIONAL_REPRESENTATION('',(#2408),#2412);
#2408 = LINE('',#2409,#2410);
#2409 = CARTESIAN_POINT('',(6.28318530718,0.));
#2410 = VECTOR('',#2411,1.);
#2411 = DIRECTION('',(0.,-1.));
#2412 = ( GEOMETRIC_REPRESENTATION_CONTEXT(2) 
PARAMETRIC_REPRESENTATION_CONTEXT() REPRESENTATION_CONTEXT('2D SPACE',''
  ) );
#2413 = ORIENTED_EDGE('',*,*,#2414,.T.);
#2414 = EDGE_CURVE('',#2387,#2387,#2415,.T.);
#2415 = SURFACE_CURVE('',#2416,(#2421,#2428),.PCURVE_S1.);
#2416 = CIRCLE('',#2417,1.5);
#2417 = AXIS2_PLACEMENT_3D('',#2418,#2419,#2420);
#2418 = CARTESIAN_POINT('',(-15.38426904774,0.,8.277582145419));
#2419 = DIRECTION('',(0.766044443119,-0.,0.642787609687));
#2420 = DIRECTION('',(0.,1.,0.));
#2421 = PCURVE('',#2395,#2422);
#2422 = DEFINITIONAL_REPRESENTATION('',(#2423),#2427);
#2423 = LINE('',#2424,#2425);
#2424 = CARTESIAN_POINT('',(0.,-1.2));
#2425 = VECTOR('',#2426,1.);
#2426 = DIRECTION('',(1.,0.));
#2427 = ( GEOMETRIC_REPRESENTATION_CONTEXT(2) 
PARAMETRIC_REPRESENTATION_CONTEXT() REPRESENTATION_CONTEXT('2D SPACE',''
  ) );
#2428 = PCURVE('',#2429,#2434);
#2429 = PLANE('',#2430);
#2430 = AXIS2_PLACEMENT_3D('',#2431,#2432,#2433);
#2431 = CARTESIAN_POINT('',(-15.38426904774,-1.139533443783E-16,
    8.277582145419));
#2432 = DIRECTION('',(0.766044443119,0.,0.642787609687));
#2433 = DIRECTION('',(-0.642787609687,0.,0.766044443119));
#2434 = DEFINITIONAL_REPRESENTATION('',(#2435),#2439);
#2435 = CIRCLE('',#2436,1.5);
#2436 = AXIS2_PLACEMENT_2D('',#2437,#2438);
#2437 = CARTESIAN_POINT('',(0.,-1.139533443783E-16));
#2438 = DIRECTION('',(0.,-1.));
#2439 = ( GEOMETRIC_REPRESENTATION_CONTEXT(2) 
PARAMETRIC_REPRESENTATION_CONTEXT() REPRESENTATION_CONTEXT('2D SPACE',''
  ) );
#2440 = ORIENTED_EDGE('',*,*,#2384,.F.);
#2441 = ORIENTED_EDGE('',*,*,#2442,.F.);
#2442 = EDGE_CURVE('',#2385,#2385,#2443,.T.);
#2443 = SURFACE_CURVE('',#2444,(#2449,#2456),.PCURVE_S1.);
#2444 = CIRCLE('',#2445,1.5);
#2445 = AXIS2_PLACEMENT_3D('',#2446,#2447,#2448);
#2446 = CARTESIAN_POINT('',(-14.465015716,0.,9.048927277043));
#2447 = DIRECTION('',(0.766044443119,-0.,0.642787609687));
#2448 = DIRECTION('',(0.,1.,0.));
#2449 = PCURVE('',#2395,#2450);
#2450 = DEFINITIONAL_REPRESENTATION('',(#2451),#2455);
#2451 = LINE('',#2452,#2453);
#2452 = CARTESIAN_POINT('',(0.,0.));
#2453 = VECTOR('',#2454,1.);
#2454 = DIRECTION('',(1.,0.));
#2455 = ( GEOMETRIC_REPRESENTATION_CONTEXT(2) 
PARAMETRIC_REPRESENTATION_CONTEXT() REPRESENTATION_CONTEXT('2D SPACE',''
  ) );
#2456 = PCURVE('',#2457,#2462);
#2457 = PLANE('',#2458);
#2458 = AXIS2_PLACEMENT_3D('',#2459,#2460,#2461);
#2459 = CARTESIAN_POINT('',(-14.465015716,-1.139533443783E-16,
    9.048927277043));
#2460 = DIRECTION('',(0.766044443119,0.,0.642787609687));
#2461 = DIRECTION('',(-0.642787609687,0.,0.766044443119));
#2462 = DEFINITIONAL_REPRESENTATION('',(#2463),#2467);
#2463 = CIRCLE('',#2464,1.5);
#2464 = AXIS2_PLACEMENT_2D('',#2465,#2466);
#2465 = CARTESIAN_POINT('',(0.,-1.139533443783E-16));
#2466 = DIRECTION('',(0.,-1.));
#2467 = ( GEOMETRIC_REPRESENTATION_CONTEXT(2) 
PARAMETRIC_REPRESENTATION_CONTEXT() REPRESENTATION_CONTEXT('2D SPACE',''
  ) );
#2468 = ADVANCED_FACE('',(#2469),#2457,.T.);
#2469 = FACE_BOUND('',#2470,.T.);
#2470 = EDGE_LOOP('',(#2471));
#2471 = ORIENTED_EDGE('',*,*,#2442,.T.);
#2472 = ADVANCED_FACE('',(#2473),#2429,.F.);
#2473 = FACE_BOUND('',#2474,.F.);
#2474 = EDGE_LOOP('',(#2475));
#2475 = ORIENTED_EDGE('',*,*,#2414,.T.);
#2476 = ( GEOMETRIC_REPRESENTATION_CONTEXT(3) 
GLOBAL_UNCERTAINTY_ASSIGNED_CONTEXT((#2480)) 
GLOBAL_UNIT_ASSIGNED_CONTEXT((#2477,#2478,#2479)) REPRESENTATION_CONTEXT
('Context #1','3D Context with UNIT and UNCERTAINTY') );
#2477 = ( LENGTH_UNIT() NAMED_UNIT(*) SI_UNIT(.MILLI.,.METRE.) );
#2478 = ( NAMED_UNIT(*) PLANE_ANGLE_UNIT() SI_UNIT($,.RADIAN.) );
#2479 = ( NAMED_UNIT(*) SI_UNIT($,.STERADIAN.) SOLID_ANGLE_UNIT() );
#2480 = UNCERTAINTY_MEASURE_WITH_UNIT(LENGTH_MEASURE(1.E-07),#2477,
  'distance_accuracy_value','confusion accuracy');
#2481 = CONTEXT_DEPENDENT_SHAPE_REPRESENTATION(#2482,#2484);
#2482 = ( REPRESENTATION_RELATIONSHIP('','',#2377,#10) 
REPRESENTATION_RELATIONSHIP_WITH_TRANSFORMATION(#2483) 
SHAPE_REPRESENTATION_RELATIONSHIP() );
#2483 = ITEM_DEFINED_TRANSFORMATION('','',#11,#31);
#2484 = PRODUCT_DEFINITION_SHAPE('Placement','Placement of an item',
  #2485);
#2485 = NEXT_ASSEMBLY_USAGE_OCCURRENCE('5','sensor_lens','',#5,#2372,$);
#2486 = PRODUCT_RELATED_PRODUCT_CATEGORY('part',$,(#2374));
#2487 = SHAPE_DEFINITION_REPRESENTATION(#2488,#2494);
#2488 = PRODUCT_DEFINITION_SHAPE('','',#2489);
#2489 = PRODUCT_DEFINITION('design','',#2490,#2493);
#2490 = PRODUCT_DEFINITION_FORMATION('','',#2491);
#2491 = PRODUCT('roll_ring','roll_ring','',(#2492));
#2492 = PRODUCT_CONTEXT('',#2,'mechanical');
#2493 = PRODUCT_DEFINITION_CONTEXT('part definition',#2,'design');
#2494 = ADVANCED_BREP_SHAPE_REPRESENTATION('',(#11,#2495),#2677);
#2495 = MANIFOLD_SOLID_BREP('',#2496);
#2496 = CLOSED_SHELL('',(#2497,#2585,#2663,#2670));
#2497 = ADVANCED_FACE('',(#2498),#2512,.T.);
#2498 = FACE_BOUND('',#2499,.F.);
#2499 = EDGE_LOOP('',(#2500,#2530,#2557,#2558));
#2500 = ORIENTED_EDGE('',*,*,#2501,.T.);
#2501 = EDGE_CURVE('',#2502,#2504,#2506,.T.);
#2502 = VERTEX_POINT('',#2503);
#2503 = CARTESIAN_POINT('',(-9.624571081963,0.,44.440317528176));
#2504 = VERTEX_POINT('',#2505);
#2505 = CARTESIAN_POINT('',(-16.05244717882,0.,52.100761959366));
#2506 = SEAM_CURVE('',#2507,(#2511,#2523),.PCURVE_S1.);
#2507 = LINE('',#2508,#2509);
#2508 = CARTESIAN_POINT('',(-9.624571081963,0.,44.440317528176));
#2509 = VECTOR('',#2510,1.);
#2510 = DIRECTION('',(-0.642787609687,0.,0.766044443119));
#2511 = PCURVE('',#2512,#2517);
#2512 = CYLINDRICAL_SURFACE('',#2513,21.);
#2513 = AXIS2_PLACEMENT_3D('',#2514,#2515,#2516);
#2514 = CARTESIAN_POINT('',(-25.71150438746,0.,30.941777724759));
#2515 = DIRECTION('',(0.642787609687,-0.,-0.766044443119));
#2516 = DIRECTION('',(0.766044443119,0.,0.642787609687));
#2517 = DEFINITIONAL_REPRESENTATION('',(#2518),#2522);
#2518 = LINE('',#2519,#2520);
#2519 = CARTESIAN_POINT('',(-0.,0.));
#2520 = VECTOR('',#2521,1.);
#2521 = DIRECTION('',(-0.,-1.));
#2522 = ( GEOMETRIC_REPRESENTATION_CONTEXT(2) 
PARAMETRIC_REPRESENTATION_CONTEXT() REPRESENTATION_CONTEXT('2D SPACE',''
  ) );
#2523 = PCURVE('',#2512,#2524);
#2524 = DEFINITIONAL_REPRESENTATION('',(#2525),#2529);
#2525 = LINE('',#2526,#2527);
#2526 = CARTESIAN_POINT('',(-6.28318530718,0.));
#2527 = VECTOR('',#2528,1.);
#2528 = DIRECTION('',(-0.,-1.));
#2529 = ( GEOMETRIC_REPRESENTATION_CONTEXT(2) 
PARAMETRIC_REPRESENTATION_CONTEXT() REPRESENTATION_CONTEXT('2D SPACE',''
  ) );
#2530 = ORIENTED_EDGE('',*,*,#2531,.T.);
#2531 = EDGE_CURVE('',#2504,#2504,#2532,.T.);
#2532 = SURFACE_CURVE('',#2533,(#2538,#2545),.PCURVE_S1.);
#2533 = CIRCLE('',#2534,21.);
#2534 = AXIS2_PLACEMENT_3D('',#2535,#2536,#2537);
#2535 = CARTESIAN_POINT('',(-32.13938048432,0.,38.602222155949));
#2536 = DIRECTION('',(-0.642787609687,0.,0.766044443119));
#2537 = DIRECTION('',(0.766044443119,0.,0.642787609687));
#2538 = PCURVE('',#2512,#2539);
#2539 = DEFINITIONAL_REPRESENTATION('',(#2540),#2544);
#2540 = LINE('',#2541,#2542);
#2541 = CARTESIAN_POINT('',(-0.,-10.));
#2542 = VECTOR('',#2543,1.);
#2543 = DIRECTION('',(-1.,0.));
#2544 = ( GEOMETRIC_REPRESENTATION_CONTEXT(2) 
PARAMETRIC_REPRESENTATION_CONTEXT() REPRESENTATION_CONTEXT('2D SPACE',''
  ) );
#2545 = PCURVE('',#2546,#2551);
#2546 = PLANE('',#2547);
#2547 = AXIS2_PLACEMENT_3D('',#2548,#2549,#2550);
#2548 = CARTESIAN_POINT('',(-32.13938048432,1.846063891983E-16,
    38.602222155949));
#2549 = DIRECTION('',(-0.642787609687,0.,0.766044443119));
#2550 = DIRECTION('',(0.766044443119,0.,0.642787609687));
#2551 = DEFINITIONAL_REPRESENTATION('',(#2552),#2556);
#2552 = CIRCLE('',#2553,21.);
#2553 = AXIS2_PLACEMENT_2D('',#2554,#2555);
#2554 = CARTESIAN_POINT('',(0.,-1.846063891983E-16));
#2555 = DIRECTION('',(1.,0.));
#2556 = ( GEOMETRIC_REPRESENTATION_CONTEXT(2) 
PARAMETRIC_REPRESENTATION_CONTEXT() REPRESENTATION_CONTEXT('2D SPACE',''
  ) );
#2557 = ORIENTED_EDGE('',*,*,#2501,.F.);
#2558 = ORIENTED_EDGE('',*,*,#2559,.F.);
#2559 = EDGE_CURVE('',#2502,#2502,#2560,.T.);
#2560 = SURFACE_CURVE('',#2561,(#2566,#2573),.PCURVE_S1.);
#2561 = CIRCLE('',#2562,21.);
#2562 = AXIS2_PLACEMENT_3D('',#2563,#2564,#2565);
#2563 = CARTESIAN_POINT('',(-25.71150438746,0.,30.941777724759));
#2564 = DIRECTION('',(-0.642787609687,0.,0.766044443119));
#2565 = DIRECTION('',(0.766044443119,0.,0.642787609687));
#2566 = PCURVE('',#2512,#2567);
#2567 = DEFINITIONAL_REPRESENTATION('',(#2568),#2572);
#2568 = LINE('',#2569,#2570);
#2569 = CARTESIAN_POINT('',(-0.,0.));
#2570 = VECTOR('',#2571,1.);
#2571 = DIRECTION('',(-1.,0.));
#2572 = ( GEOMETRIC_REPRESENTATION_CONTEXT(2) 
PARAMETRIC_REPRESENTATION_CONTEXT() REPRESENTATION_CONTEXT('2D SPACE',''
  ) );
#2573 = PCURVE('',#2574,#2579);
#2574 = PLANE('',#2575);
#2575 = AXIS2_PLACEMENT_3D('',#2576,#2577,#2578);
#2576 = CARTESIAN_POINT('',(-25.71150438746,1.846063891983E-16,
    30.941777724759));
#2577 = DIRECTION('',(-0.642787609687,0.,0.766044443119));
#2578 = DIRECTION('',(0.766044443119,0.,0.642787609687));
#2579 = DEFINITIONAL_REPRESENTATION('',(#2580),#2584);
#2580 = CIRCLE('',#2581,21.);
#2581 = AXIS2_PLACEMENT_2D('',#2582,#2583);
#2582 = CARTESIAN_POINT('',(0.,-1.846063891983E-16));
#2583 = DIRECTION('',(1.,0.));
#2584 = ( GEOMETRIC_REPRESENTATION_CONTEXT(2) 
PARAMETRIC_REPRESENTATION_CONTEXT() REPRESENTATION_CONTEXT('2D SPACE',''
  ) );
#2585 = ADVANCED_FACE('',(#2586),#2600,.F.);
#2586 = FACE_BOUND('',#2587,.T.);
#2587 = EDGE_LOOP('',(#2588,#2618,#2640,#2641));
#2588 = ORIENTED_EDGE('',*,*,#2589,.T.);
#2589 = EDGE_CURVE('',#2590,#2592,#2594,.T.);
#2590 = VERTEX_POINT('',#2591);
#2591 = CARTESIAN_POINT('',(-16.36576218141,5.075305255429E-16,
    38.783786562935));
#2592 = VERTEX_POINT('',#2593);
#2593 = CARTESIAN_POINT('',(-22.79363827827,5.075305255429E-16,
    46.444230994125));
#2594 = SEAM_CURVE('',#2595,(#2599,#2611),.PCURVE_S1.);
#2595 = LINE('',#2596,#2597);
#2596 = CARTESIAN_POINT('',(-16.36576218141,5.075305255429E-16,
    38.783786562935));
#2597 = VECTOR('',#2598,1.);
#2598 = DIRECTION('',(-0.642787609687,0.,0.766044443119));
#2599 = PCURVE('',#2600,#2605);
#2600 = CYLINDRICAL_SURFACE('',#2601,12.2);
#2601 = AXIS2_PLACEMENT_3D('',#2602,#2603,#2604);
#2602 = CARTESIAN_POINT('',(-25.71150438746,5.075305255429E-16,
    30.941777724759));
#2603 = DIRECTION('',(0.642787609687,-0.,-0.766044443119));
#2604 = DIRECTION('',(0.766044443119,0.,0.642787609687));
#2605 = DEFINITIONAL_REPRESENTATION('',(#2606),#2610);
#2606 = LINE('',#2607,#2608);
#2607 = CARTESIAN_POINT('',(-0.,0.));
#2608 = VECTOR('',#2609,1.);
#2609 = DIRECTION('',(-0.,-1.));
#2610 = ( GEOMETRIC_REPRESENTATION_CONTEXT(2) 
PARAMETRIC_REPRESENTATION_CONTEXT() REPRESENTATION_CONTEXT('2D SPACE',''
  ) );
#2611 = PCURVE('',#2600,#2612);
#2612 = DEFINITIONAL_REPRESENTATION('',(#2613),#2617);
#2613 = LINE('',#2614,#2615);
#2614 = CARTESIAN_POINT('',(-6.28318530718,0.));
#2615 = VECTOR('',#2616,1.);
#2616 = DIRECTION('',(-0.,-1.));
#2617 = ( GEOMETRIC_REPRESENTATION_CONTEXT(2) 
PARAMETRIC_REPRESENTATION_CONTEXT() REPRESENTATION_CONTEXT('2D SPACE',''
  ) );
#2618 = ORIENTED_EDGE('',*,*,#2619,.T.);
#2619 = EDGE_CURVE('',#2592,#2592,#2620,.T.);
#2620 = SURFACE_CURVE('',#2621,(#2626,#2633),.PCURVE_S1.);
#2621 = CIRCLE('',#2622,12.2);
#2622 = AXIS2_PLACEMENT_3D('',#2623,#2624,#2625);
#2623 = CARTESIAN_POINT('',(-32.13938048432,5.075305255429E-16,
    38.602222155949));
#2624 = DIRECTION('',(-0.642787609687,0.,0.766044443119));
#2625 = DIRECTION('',(0.766044443119,0.,0.642787609687));
#2626 = PCURVE('',#2600,#2627);
#2627 = DEFINITIONAL_REPRESENTATION('',(#2628),#2632);
#2628 = LINE('',#2629,#2630);
#2629 = CARTESIAN_POINT('',(-0.,-10.));
#2630 = VECTOR('',#2631,1.);
#2631 = DIRECTION('',(-1.,0.));
#2632 = ( GEOMETRIC_REPRESENTATION_CONTEXT(2) 
PARAMETRIC_REPRESENTATION_CONTEXT() REPRESENTATION_CONTEXT('2D SPACE',''
  ) );
#2633 = PCURVE('',#2546,#2634);
#2634 = DEFINITIONAL_REPRESENTATION('',(#2635),#2639);
#2635 = CIRCLE('',#2636,12.2);
#2636 = AXIS2_PLACEMENT_2D('',#2637,#2638);
#2637 = CARTESIAN_POINT('',(1.00979330579E-13,3.229241363446E-16));
#2638 = DIRECTION('',(1.,0.));
#2639 = ( GEOMETRIC_REPRESENTATION_CONTEXT(2) 
PARAMETRIC_REPRESENTATION_CONTEXT() REPRESENTATION_CONTEXT('2D SPACE',''
  ) );
#2640 = ORIENTED_EDGE('',*,*,#2589,.F.);
#2641 = ORIENTED_EDGE('',*,*,#2642,.F.);
#2642 = EDGE_CURVE('',#2590,#2590,#2643,.T.);
#2643 = SURFACE_CURVE('',#2644,(#2649,#2656),.PCURVE_S1.);
#2644 = CIRCLE('',#2645,12.2);
#2645 = AXIS2_PLACEMENT_3D('',#2646,#2647,#2648);
#2646 = CARTESIAN_POINT('',(-25.71150438746,5.075305255429E-16,
    30.941777724759));
#2647 = DIRECTION('',(-0.642787609687,0.,0.766044443119));
#2648 = DIRECTION('',(0.766044443119,0.,0.642787609687));
#2649 = PCURVE('',#2600,#2650);
#2650 = DEFINITIONAL_REPRESENTATION('',(#2651),#2655);
#2651 = LINE('',#2652,#2653);
#2652 = CARTESIAN_POINT('',(-0.,0.));
#2653 = VECTOR('',#2654,1.);
#2654 = DIRECTION('',(-1.,0.));
#2655 = ( GEOMETRIC_REPRESENTATION_CONTEXT(2) 
PARAMETRIC_REPRESENTATION_CONTEXT() REPRESENTATION_CONTEXT('2D SPACE',''
  ) );
#2656 = PCURVE('',#2574,#2657);
#2657 = DEFINITIONAL_REPRESENTATION('',(#2658),#2662);
#2658 = CIRCLE('',#2659,12.2);
#2659 = AXIS2_PLACEMENT_2D('',#2660,#2661);
#2660 = CARTESIAN_POINT('',(1.00979330579E-13,3.229241363446E-16));
#2661 = DIRECTION('',(1.,0.));
#2662 = ( GEOMETRIC_REPRESENTATION_CONTEXT(2) 
PARAMETRIC_REPRESENTATION_CONTEXT() REPRESENTATION_CONTEXT('2D SPACE',''
  ) );
#2663 = ADVANCED_FACE('',(#2664,#2667),#2574,.F.);
#2664 = FACE_BOUND('',#2665,.F.);
#2665 = EDGE_LOOP('',(#2666));
#2666 = ORIENTED_EDGE('',*,*,#2559,.T.);
#2667 = FACE_BOUND('',#2668,.F.);
#2668 = EDGE_LOOP('',(#2669));
#2669 = ORIENTED_EDGE('',*,*,#2642,.F.);
#2670 = ADVANCED_FACE('',(#2671,#2674),#2546,.T.);
#2671 = FACE_BOUND('',#2672,.T.);
#2672 = EDGE_LOOP('',(#2673));
#2673 = ORIENTED_EDGE('',*,*,#2531,.T.);
#2674 = FACE_BOUND('',#2675,.T.);
#2675 = EDGE_LOOP('',(#2676));
#2676 = ORIENTED_EDGE('',*,*,#2619,.F.);
#2677 = ( GEOMETRIC_REPRESENTATION_CONTEXT(3) 
GLOBAL_UNCERTAINTY_ASSIGNED_CONTEXT((#2681)) 
GLOBAL_UNIT_ASSIGNED_CONTEXT((#2678,#2679,#2680)) REPRESENTATION_CONTEXT
('Context #1','3D Context with UNIT and UNCERTAINTY') );
#2678 = ( LENGTH_UNIT() NAMED_UNIT(*) SI_UNIT(.MILLI.,.METRE.) );
#2679 = ( NAMED_UNIT(*) PLANE_ANGLE_UNIT() SI_UNIT($,.RADIAN.) );
#2680 = ( NAMED_UNIT(*) SI_UNIT($,.STERADIAN.) SOLID_ANGLE_UNIT() );
#2681 = UNCERTAINTY_MEASURE_WITH_UNIT(LENGTH_MEASURE(1.E-07),#2678,
  'distance_accuracy_value','confusion accuracy');
#2682 = CONTEXT_DEPENDENT_SHAPE_REPRESENTATION(#2683,#2685);
#2683 = ( REPRESENTATION_RELATIONSHIP('','',#2494,#10) 
REPRESENTATION_RELATIONSHIP_WITH_TRANSFORMATION(#2684) 
SHAPE_REPRESENTATION_RELATIONSHIP() );
#2684 = ITEM_DEFINED_TRANSFORMATION('','',#11,#35);
#2685 = PRODUCT_DEFINITION_SHAPE('Placement','Placement of an item',
  #2686);
#2686 = NEXT_ASSEMBLY_USAGE_OCCURRENCE('6','roll_ring','',#5,#2489,$);
#2687 = PRODUCT_RELATED_PRODUCT_CATEGORY('part',$,(#2491));
#2688 = SHAPE_DEFINITION_REPRESENTATION(#2689,#2695);
#2689 = PRODUCT_DEFINITION_SHAPE('','',#2690);
#2690 = PRODUCT_DEFINITION('design','',#2691,#2694);
#2691 = PRODUCT_DEFINITION_FORMATION('','',#2692);
#2692 = PRODUCT('arc_carriage','arc_carriage','',(#2693));
#2693 = PRODUCT_CONTEXT('',#2,'mechanical');
#2694 = PRODUCT_DEFINITION_CONTEXT('part definition',#2,'design');
#2695 = ADVANCED_BREP_SHAPE_REPRESENTATION('',(#11,#2696),#3026);
#2696 = MANIFOLD_SOLID_BREP('',#2697);
#2697 = CLOSED_SHELL('',(#2698,#2818,#2918,#2965,#3012,#3019));
#2698 = ADVANCED_FACE('',(#2699),#2713,.F.);
#2699 = FACE_BOUND('',#2700,.F.);
#2700 = EDGE_LOOP('',(#2701,#2736,#2764,#2792));
#2701 = ORIENTED_EDGE('',*,*,#2702,.F.);
#2702 = EDGE_CURVE('',#2703,#2705,#2707,.T.);
#2703 = VERTEX_POINT('',#2704);
#2704 = CARTESIAN_POINT('',(-29.66498343648,-28.,26.319007623521));
#2705 = VERTEX_POINT('',#2706);
#2706 = CARTESIAN_POINT('',(-37.37843475272,-28.,35.511540940949));
#2707 = SURFACE_CURVE('',#2708,(#2712,#2724),.PCURVE_S1.);
#2708 = LINE('',#2709,#2710);
#2709 = CARTESIAN_POINT('',(-29.66498343648,-28.,26.319007623521));
#2710 = VECTOR('',#2711,1.);
#2711 = DIRECTION('',(-0.642787609687,0.,0.766044443119));
#2712 = PCURVE('',#2713,#2718);
#2713 = PLANE('',#2714);
#2714 = AXIS2_PLACEMENT_3D('',#2715,#2716,#2717);
#2715 = CARTESIAN_POINT('',(-29.66498343648,-28.,26.319007623521));
#2716 = DIRECTION('',(0.766044443119,0.,0.642787609687));
#2717 = DIRECTION('',(-0.642787609687,0.,0.766044443119));
#2718 = DEFINITIONAL_REPRESENTATION('',(#2719),#2723);
#2719 = LINE('',#2720,#2721);
#2720 = CARTESIAN_POINT('',(0.,0.));
#2721 = VECTOR('',#2722,1.);
#2722 = DIRECTION('',(1.,0.));
#2723 = ( GEOMETRIC_REPRESENTATION_CONTEXT(2) 
PARAMETRIC_REPRESENTATION_CONTEXT() REPRESENTATION_CONTEXT('2D SPACE',''
  ) );
#2724 = PCURVE('',#2725,#2730);
#2725 = PLANE('',#2726);
#2726 = AXIS2_PLACEMENT_3D('',#2727,#2728,#2729);
#2727 = CARTESIAN_POINT('',(-29.66498343648,-28.,26.319007623521));
#2728 = DIRECTION('',(0.,1.,0.));
#2729 = DIRECTION('',(-0.642787609687,0.,0.766044443119));
#2730 = DEFINITIONAL_REPRESENTATION('',(#2731),#2735);
#2731 = LINE('',#2732,#2733);
#2732 = CARTESIAN_POINT('',(0.,0.));
#2733 = VECTOR('',#2734,1.);
#2734 = DIRECTION('',(1.,0.));
#2735 = ( GEOMETRIC_REPRESENTATION_CONTEXT(2) 
PARAMETRIC_REPRESENTATION_CONTEXT() REPRESENTATION_CONTEXT('2D SPACE',''
  ) );
#2736 = ORIENTED_EDGE('',*,*,#2737,.T.);
#2737 = EDGE_CURVE('',#2703,#2738,#2740,.T.);
#2738 = VERTEX_POINT('',#2739);
#2739 = CARTESIAN_POINT('',(-29.66498343648,-20.,26.319007623521));
#2740 = SURFACE_CURVE('',#2741,(#2745,#2752),.PCURVE_S1.);
#2741 = LINE('',#2742,#2743);
#2742 = CARTESIAN_POINT('',(-29.66498343648,-28.,26.319007623521));
#2743 = VECTOR('',#2744,1.);
#2744 = DIRECTION('',(0.,1.,0.));
#2745 = PCURVE('',#2713,#2746);
#2746 = DEFINITIONAL_REPRESENTATION('',(#2747),#2751);
#2747 = LINE('',#2748,#2749);
#2748 = CARTESIAN_POINT('',(0.,0.));
#2749 = VECTOR('',#2750,1.);
#2750 = DIRECTION('',(0.,-1.));
#2751 = ( GEOMETRIC_REPRESENTATION_CONTEXT(2) 
PARAMETRIC_REPRESENTATION_CONTEXT() REPRESENTATION_CONTEXT('2D SPACE',''
  ) );
#2752 = PCURVE('',#2753,#2758);
#2753 = PLANE('',#2754);
#2754 = AXIS2_PLACEMENT_3D('',#2755,#2756,#2757);
#2755 = CARTESIAN_POINT('',(-29.66498343648,-28.,26.319007623521));
#2756 = DIRECTION('',(-0.642787609687,0.,0.766044443119));
#2757 = DIRECTION('',(0.766044443119,0.,0.642787609687));
#2758 = DEFINITIONAL_REPRESENTATION('',(#2759),#2763);
#2759 = LINE('',#2760,#2761);
#2760 = CARTESIAN_POINT('',(0.,0.));
#2761 = VECTOR('',#2762,1.);
#2762 = DIRECTION('',(0.,1.));
#2763 = ( GEOMETRIC_REPRESENTATION_CONTEXT(2) 
PARAMETRIC_REPRESENTATION_CONTEXT() REPRESENTATION_CONTEXT('2D SPACE',''
  ) );
#2764 = ORIENTED_EDGE('',*,*,#2765,.T.);
#2765 = EDGE_CURVE('',#2738,#2766,#2768,.T.);
#2766 = VERTEX_POINT('',#2767);
#2767 = CARTESIAN_POINT('',(-37.37843475272,-20.,35.511540940949));
#2768 = SURFACE_CURVE('',#2769,(#2773,#2780),.PCURVE_S1.);
#2769 = LINE('',#2770,#2771);
#2770 = CARTESIAN_POINT('',(-29.66498343648,-20.,26.319007623521));
#2771 = VECTOR('',#2772,1.);
#2772 = DIRECTION('',(-0.642787609687,0.,0.766044443119));
#2773 = PCURVE('',#2713,#2774);
#2774 = DEFINITIONAL_REPRESENTATION('',(#2775),#2779);
#2775 = LINE('',#2776,#2777);
#2776 = CARTESIAN_POINT('',(0.,-8.));
#2777 = VECTOR('',#2778,1.);
#2778 = DIRECTION('',(1.,0.));
#2779 = ( GEOMETRIC_REPRESENTATION_CONTEXT(2) 
PARAMETRIC_REPRESENTATION_CONTEXT() REPRESENTATION_CONTEXT('2D SPACE',''
  ) );
#2780 = PCURVE('',#2781,#2786);
#2781 = PLANE('',#2782);
#2782 = AXIS2_PLACEMENT_3D('',#2783,#2784,#2785);
#2783 = CARTESIAN_POINT('',(-29.66498343648,-20.,26.319007623521));
#2784 = DIRECTION('',(0.,1.,0.));
#2785 = DIRECTION('',(-0.642787609687,0.,0.766044443119));
#2786 = DEFINITIONAL_REPRESENTATION('',(#2787),#2791);
#2787 = LINE('',#2788,#2789);
#2788 = CARTESIAN_POINT('',(0.,0.));
#2789 = VECTOR('',#2790,1.);
#2790 = DIRECTION('',(1.,0.));
#2791 = ( GEOMETRIC_REPRESENTATION_CONTEXT(2) 
PARAMETRIC_REPRESENTATION_CONTEXT() REPRESENTATION_CONTEXT('2D SPACE',''
  ) );
#2792 = ORIENTED_EDGE('',*,*,#2793,.F.);
#2793 = EDGE_CURVE('',#2705,#2766,#2794,.T.);
#2794 = SURFACE_CURVE('',#2795,(#2799,#2806),.PCURVE_S1.);
#2795 = LINE('',#2796,#2797);
#2796 = CARTESIAN_POINT('',(-37.37843475272,-28.,35.511540940949));
#2797 = VECTOR('',#2798,1.);
#2798 = DIRECTION('',(0.,1.,0.));
#2799 = PCURVE('',#2713,#2800);
#2800 = DEFINITIONAL_REPRESENTATION('',(#2801),#2805);
#2801 = LINE('',#2802,#2803);
#2802 = CARTESIAN_POINT('',(12.,0.));
#2803 = VECTOR('',#2804,1.);
#2804 = DIRECTION('',(0.,-1.));
#2805 = ( GEOMETRIC_REPRESENTATION_CONTEXT(2) 
PARAMETRIC_REPRESENTATION_CONTEXT() REPRESENTATION_CONTEXT('2D SPACE',''
  ) );
#2806 = PCURVE('',#2807,#2812);
#2807 = PLANE('',#2808);
#2808 = AXIS2_PLACEMENT_3D('',#2809,#2810,#2811);
#2809 = CARTESIAN_POINT('',(-37.37843475272,-28.,35.511540940949));
#2810 = DIRECTION('',(-0.642787609687,0.,0.766044443119));
#2811 = DIRECTION('',(0.766044443119,0.,0.642787609687));
#2812 = DEFINITIONAL_REPRESENTATION('',(#2813),#2817);
#2813 = LINE('',#2814,#2815);
#2814 = CARTESIAN_POINT('',(0.,0.));
#2815 = VECTOR('',#2816,1.);
#2816 = DIRECTION('',(0.,1.));
#2817 = ( GEOMETRIC_REPRESENTATION_CONTEXT(2) 
PARAMETRIC_REPRESENTATION_CONTEXT() REPRESENTATION_CONTEXT('2D SPACE',''
  ) );
#2818 = ADVANCED_FACE('',(#2819),#2833,.T.);
#2819 = FACE_BOUND('',#2820,.T.);
#2820 = EDGE_LOOP('',(#2821,#2851,#2874,#2897));
#2821 = ORIENTED_EDGE('',*,*,#2822,.F.);
#2822 = EDGE_CURVE('',#2823,#2825,#2827,.T.);
#2823 = VERTEX_POINT('',#2824);
#2824 = CARTESIAN_POINT('',(-20.47245011906,-28.,34.032458939759));
#2825 = VERTEX_POINT('',#2826);
#2826 = CARTESIAN_POINT('',(-28.1859014353,-28.,43.224992257187));
#2827 = SURFACE_CURVE('',#2828,(#2832,#2844),.PCURVE_S1.);
#2828 = LINE('',#2829,#2830);
#2829 = CARTESIAN_POINT('',(-20.47245011906,-28.,34.032458939759));
#2830 = VECTOR('',#2831,1.);
#2831 = DIRECTION('',(-0.642787609687,0.,0.766044443119));
#2832 = PCURVE('',#2833,#2838);
#2833 = PLANE('',#2834);
#2834 = AXIS2_PLACEMENT_3D('',#2835,#2836,#2837);
#2835 = CARTESIAN_POINT('',(-20.47245011906,-28.,34.032458939759));
#2836 = DIRECTION('',(0.766044443119,0.,0.642787609687));
#2837 = DIRECTION('',(-0.642787609687,0.,0.766044443119));
#2838 = DEFINITIONAL_REPRESENTATION('',(#2839),#2843);
#2839 = LINE('',#2840,#2841);
#2840 = CARTESIAN_POINT('',(0.,0.));
#2841 = VECTOR('',#2842,1.);
#2842 = DIRECTION('',(1.,0.));
#2843 = ( GEOMETRIC_REPRESENTATION_CONTEXT(2) 
PARAMETRIC_REPRESENTATION_CONTEXT() REPRESENTATION_CONTEXT('2D SPACE',''
  ) );
#2844 = PCURVE('',#2725,#2845);
#2845 = DEFINITIONAL_REPRESENTATION('',(#2846),#2850);
#2846 = LINE('',#2847,#2848);
#2847 = CARTESIAN_POINT('',(-5.329070518201E-15,12.));
#2848 = VECTOR('',#2849,1.);
#2849 = DIRECTION('',(1.,0.));
#2850 = ( GEOMETRIC_REPRESENTATION_CONTEXT(2) 
PARAMETRIC_REPRESENTATION_CONTEXT() REPRESENTATION_CONTEXT('2D SPACE',''
  ) );
#2851 = ORIENTED_EDGE('',*,*,#2852,.T.);
#2852 = EDGE_CURVE('',#2823,#2853,#2855,.T.);
#2853 = VERTEX_POINT('',#2854);
#2854 = CARTESIAN_POINT('',(-20.47245011906,-20.,34.032458939759));
#2855 = SURFACE_CURVE('',#2856,(#2860,#2867),.PCURVE_S1.);
#2856 = LINE('',#2857,#2858);
#2857 = CARTESIAN_POINT('',(-20.47245011906,-28.,34.032458939759));
#2858 = VECTOR('',#2859,1.);
#2859 = DIRECTION('',(0.,1.,0.));
#2860 = PCURVE('',#2833,#2861);
#2861 = DEFINITIONAL_REPRESENTATION('',(#2862),#2866);
#2862 = LINE('',#2863,#2864);
#2863 = CARTESIAN_POINT('',(0.,0.));
#2864 = VECTOR('',#2865,1.);
#2865 = DIRECTION('',(0.,-1.));
#2866 = ( GEOMETRIC_REPRESENTATION_CONTEXT(2) 
PARAMETRIC_REPRESENTATION_CONTEXT() REPRESENTATION_CONTEXT('2D SPACE',''
  ) );
#2867 = PCURVE('',#2753,#2868);
#2868 = DEFINITIONAL_REPRESENTATION('',(#2869),#2873);
#2869 = LINE('',#2870,#2871);
#2870 = CARTESIAN_POINT('',(12.,0.));
#2871 = VECTOR('',#2872,1.);
#2872 = DIRECTION('',(0.,1.));
#2873 = ( GEOMETRIC_REPRESENTATION_CONTEXT(2) 
PARAMETRIC_REPRESENTATION_CONTEXT() REPRESENTATION_CONTEXT('2D SPACE',''
  ) );
#2874 = ORIENTED_EDGE('',*,*,#2875,.T.);
#2875 = EDGE_CURVE('',#2853,#2876,#2878,.T.);
#2876 = VERTEX_POINT('',#2877);
#2877 = CARTESIAN_POINT('',(-28.1859014353,-20.,43.224992257187));
#2878 = SURFACE_CURVE('',#2879,(#2883,#2890),.PCURVE_S1.);
#2879 = LINE('',#2880,#2881);
#2880 = CARTESIAN_POINT('',(-20.47245011906,-20.,34.032458939759));
#2881 = VECTOR('',#2882,1.);
#2882 = DIRECTION('',(-0.642787609687,0.,0.766044443119));
#2883 = PCURVE('',#2833,#2884);
#2884 = DEFINITIONAL_REPRESENTATION('',(#2885),#2889);
#2885 = LINE('',#2886,#2887);
#2886 = CARTESIAN_POINT('',(0.,-8.));
#2887 = VECTOR('',#2888,1.);
#2888 = DIRECTION('',(1.,0.));
#2889 = ( GEOMETRIC_REPRESENTATION_CONTEXT(2) 
PARAMETRIC_REPRESENTATION_CONTEXT() REPRESENTATION_CONTEXT('2D SPACE',''
  ) );
#2890 = PCURVE('',#2781,#2891);
#2891 = DEFINITIONAL_REPRESENTATION('',(#2892),#2896);
#2892 = LINE('',#2893,#2894);
#2893 = CARTESIAN_POINT('',(-5.329070518201E-15,12.));
#2894 = VECTOR('',#2895,1.);
#2895 = DIRECTION('',(1.,0.));
#2896 = ( GEOMETRIC_REPRESENTATION_CONTEXT(2) 
PARAMETRIC_REPRESENTATION_CONTEXT() REPRESENTATION_CONTEXT('2D SPACE',''
  ) );
#2897 = ORIENTED_EDGE('',*,*,#2898,.F.);
#2898 = EDGE_CURVE('',#2825,#2876,#2899,.T.);
#2899 = SURFACE_CURVE('',#2900,(#2904,#2911),.PCURVE_S1.);
#2900 = LINE('',#2901,#2902);
#2901 = CARTESIAN_POINT('',(-28.1859014353,-28.,43.224992257187));
#2902 = VECTOR('',#2903,1.);
#2903 = DIRECTION('',(0.,1.,0.));
#2904 = PCURVE('',#2833,#2905);
#2905 = DEFINITIONAL_REPRESENTATION('',(#2906),#2910);
#2906 = LINE('',#2907,#2908);
#2907 = CARTESIAN_POINT('',(12.,0.));
#2908 = VECTOR('',#2909,1.);
#2909 = DIRECTION('',(0.,-1.));
#2910 = ( GEOMETRIC_REPRESENTATION_CONTEXT(2) 
PARAMETRIC_REPRESENTATION_CONTEXT() REPRESENTATION_CONTEXT('2D SPACE',''
  ) );
#2911 = PCURVE('',#2807,#2912);
#2912 = DEFINITIONAL_REPRESENTATION('',(#2913),#2917);
#2913 = LINE('',#2914,#2915);
#2914 = CARTESIAN_POINT('',(12.,0.));
#2915 = VECTOR('',#2916,1.);
#2916 = DIRECTION('',(0.,1.));
#2917 = ( GEOMETRIC_REPRESENTATION_CONTEXT(2) 
PARAMETRIC_REPRESENTATION_CONTEXT() REPRESENTATION_CONTEXT('2D SPACE',''
  ) );
#2918 = ADVANCED_FACE('',(#2919),#2725,.F.);
#2919 = FACE_BOUND('',#2920,.F.);
#2920 = EDGE_LOOP('',(#2921,#2942,#2943,#2964));
#2921 = ORIENTED_EDGE('',*,*,#2922,.F.);
#2922 = EDGE_CURVE('',#2703,#2823,#2923,.T.);
#2923 = SURFACE_CURVE('',#2924,(#2928,#2935),.PCURVE_S1.);
#2924 = LINE('',#2925,#2926);
#2925 = CARTESIAN_POINT('',(-29.66498343648,-28.,26.319007623521));
#2926 = VECTOR('',#2927,1.);
#2927 = DIRECTION('',(0.766044443119,0.,0.642787609687));
#2928 = PCURVE('',#2725,#2929);
#2929 = DEFINITIONAL_REPRESENTATION('',(#2930),#2934);
#2930 = LINE('',#2931,#2932);
#2931 = CARTESIAN_POINT('',(0.,0.));
#2932 = VECTOR('',#2933,1.);
#2933 = DIRECTION('',(0.,1.));
#2934 = ( GEOMETRIC_REPRESENTATION_CONTEXT(2) 
PARAMETRIC_REPRESENTATION_CONTEXT() REPRESENTATION_CONTEXT('2D SPACE',''
  ) );
#2935 = PCURVE('',#2753,#2936);
#2936 = DEFINITIONAL_REPRESENTATION('',(#2937),#2941);
#2937 = LINE('',#2938,#2939);
#2938 = CARTESIAN_POINT('',(0.,0.));
#2939 = VECTOR('',#2940,1.);
#2940 = DIRECTION('',(1.,0.));
#2941 = ( GEOMETRIC_REPRESENTATION_CONTEXT(2) 
PARAMETRIC_REPRESENTATION_CONTEXT() REPRESENTATION_CONTEXT('2D SPACE',''
  ) );
#2942 = ORIENTED_EDGE('',*,*,#2702,.T.);
#2943 = ORIENTED_EDGE('',*,*,#2944,.T.);
#2944 = EDGE_CURVE('',#2705,#2825,#2945,.T.);
#2945 = SURFACE_CURVE('',#2946,(#2950,#2957),.PCURVE_S1.);
#2946 = LINE('',#2947,#2948);
#2947 = CARTESIAN_POINT('',(-37.37843475272,-28.,35.511540940949));
#2948 = VECTOR('',#2949,1.);
#2949 = DIRECTION('',(0.766044443119,0.,0.642787609687));
#2950 = PCURVE('',#2725,#2951);
#2951 = DEFINITIONAL_REPRESENTATION('',(#2952),#2956);
#2952 = LINE('',#2953,#2954);
#2953 = CARTESIAN_POINT('',(12.,-8.881784197001E-16));
#2954 = VECTOR('',#2955,1.);
#2955 = DIRECTION('',(0.,1.));
#2956 = ( GEOMETRIC_REPRESENTATION_CONTEXT(2) 
PARAMETRIC_REPRESENTATION_CONTEXT() REPRESENTATION_CONTEXT('2D SPACE',''
  ) );
#2957 = PCURVE('',#2807,#2958);
#2958 = DEFINITIONAL_REPRESENTATION('',(#2959),#2963);
#2959 = LINE('',#2960,#2961);
#2960 = CARTESIAN_POINT('',(0.,0.));
#2961 = VECTOR('',#2962,1.);
#2962 = DIRECTION('',(1.,0.));
#2963 = ( GEOMETRIC_REPRESENTATION_CONTEXT(2) 
PARAMETRIC_REPRESENTATION_CONTEXT() REPRESENTATION_CONTEXT('2D SPACE',''
  ) );
#2964 = ORIENTED_EDGE('',*,*,#2822,.F.);
#2965 = ADVANCED_FACE('',(#2966),#2781,.T.);
#2966 = FACE_BOUND('',#2967,.T.);
#2967 = EDGE_LOOP('',(#2968,#2989,#2990,#3011));
#2968 = ORIENTED_EDGE('',*,*,#2969,.F.);
#2969 = EDGE_CURVE('',#2738,#2853,#2970,.T.);
#2970 = SURFACE_CURVE('',#2971,(#2975,#2982),.PCURVE_S1.);
#2971 = LINE('',#2972,#2973);
#2972 = CARTESIAN_POINT('',(-29.66498343648,-20.,26.319007623521));
#2973 = VECTOR('',#2974,1.);
#2974 = DIRECTION('',(0.766044443119,0.,0.642787609687));
#2975 = PCURVE('',#2781,#2976);
#2976 = DEFINITIONAL_REPRESENTATION('',(#2977),#2981);
#2977 = LINE('',#2978,#2979);
#2978 = CARTESIAN_POINT('',(0.,0.));
#2979 = VECTOR('',#2980,1.);
#2980 = DIRECTION('',(0.,1.));
#2981 = ( GEOMETRIC_REPRESENTATION_CONTEXT(2) 
PARAMETRIC_REPRESENTATION_CONTEXT() REPRESENTATION_CONTEXT('2D SPACE',''
  ) );
#2982 = PCURVE('',#2753,#2983);
#2983 = DEFINITIONAL_REPRESENTATION('',(#2984),#2988);
#2984 = LINE('',#2985,#2986);
#2985 = CARTESIAN_POINT('',(0.,8.));
#2986 = VECTOR('',#2987,1.);
#2987 = DIRECTION('',(1.,0.));
#2988 = ( GEOMETRIC_REPRESENTATION_CONTEXT(2) 
PARAMETRIC_REPRESENTATION_CONTEXT() REPRESENTATION_CONTEXT('2D SPACE',''
  ) );
#2989 = ORIENTED_EDGE('',*,*,#2765,.T.);
#2990 = ORIENTED_EDGE('',*,*,#2991,.T.);
#2991 = EDGE_CURVE('',#2766,#2876,#2992,.T.);
#2992 = SURFACE_CURVE('',#2993,(#2997,#3004),.PCURVE_S1.);
#2993 = LINE('',#2994,#2995);
#2994 = CARTESIAN_POINT('',(-37.37843475272,-20.,35.511540940949));
#2995 = VECTOR('',#2996,1.);
#2996 = DIRECTION('',(0.766044443119,0.,0.642787609687));
#2997 = PCURVE('',#2781,#2998);
#2998 = DEFINITIONAL_REPRESENTATION('',(#2999),#3003);
#2999 = LINE('',#3000,#3001);
#3000 = CARTESIAN_POINT('',(12.,-8.881784197001E-16));
#3001 = VECTOR('',#3002,1.);
#3002 = DIRECTION('',(0.,1.));
#3003 = ( GEOMETRIC_REPRESENTATION_CONTEXT(2) 
PARAMETRIC_REPRESENTATION_CONTEXT() REPRESENTATION_CONTEXT('2D SPACE',''
  ) );
#3004 = PCURVE('',#2807,#3005);
#3005 = DEFINITIONAL_REPRESENTATION('',(#3006),#3010);
#3006 = LINE('',#3007,#3008);
#3007 = CARTESIAN_POINT('',(0.,8.));
#3008 = VECTOR('',#3009,1.);
#3009 = DIRECTION('',(1.,0.));
#3010 = ( GEOMETRIC_REPRESENTATION_CONTEXT(2) 
PARAMETRIC_REPRESENTATION_CONTEXT() REPRESENTATION_CONTEXT('2D SPACE',''
  ) );
#3011 = ORIENTED_EDGE('',*,*,#2875,.F.);
#3012 = ADVANCED_FACE('',(#3013),#2753,.F.);
#3013 = FACE_BOUND('',#3014,.F.);
#3014 = EDGE_LOOP('',(#3015,#3016,#3017,#3018));
#3015 = ORIENTED_EDGE('',*,*,#2737,.F.);
#3016 = ORIENTED_EDGE('',*,*,#2922,.T.);
#3017 = ORIENTED_EDGE('',*,*,#2852,.T.);
#3018 = ORIENTED_EDGE('',*,*,#2969,.F.);
#3019 = ADVANCED_FACE('',(#3020),#2807,.T.);
#3020 = FACE_BOUND('',#3021,.T.);
#3021 = EDGE_LOOP('',(#3022,#3023,#3024,#3025));
#3022 = ORIENTED_EDGE('',*,*,#2793,.F.);
#3023 = ORIENTED_EDGE('',*,*,#2944,.T.);
#3024 = ORIENTED_EDGE('',*,*,#2898,.T.);
#3025 = ORIENTED_EDGE('',*,*,#2991,.F.);
#3026 = ( GEOMETRIC_REPRESENTATION_CONTEXT(3) 
GLOBAL_UNCERTAINTY_ASSIGNED_CONTEXT((#3030)) 
GLOBAL_UNIT_ASSIGNED_CONTEXT((#3027,#3028,#3029)) REPRESENTATION_CONTEXT
('Context #1','3D Context with UNIT and UNCERTAINTY') );
#3027 = ( LENGTH_UNIT() NAMED_UNIT(*) SI_UNIT(.MILLI.,.METRE.) );
#3028 = ( NAMED_UNIT(*) PLANE_ANGLE_UNIT() SI_UNIT($,.RADIAN.) );
#3029 = ( NAMED_UNIT(*) SI_UNIT($,.STERADIAN.) SOLID_ANGLE_UNIT() );
#3030 = UNCERTAINTY_MEASURE_WITH_UNIT(LENGTH_MEASURE(1.E-07),#3027,
  'distance_accuracy_value','confusion accuracy');
#3031 = CONTEXT_DEPENDENT_SHAPE_REPRESENTATION(#3032,#3034);
#3032 = ( REPRESENTATION_RELATIONSHIP('','',#2695,#10) 
REPRESENTATION_RELATIONSHIP_WITH_TRANSFORMATION(#3033) 
SHAPE_REPRESENTATION_RELATIONSHIP() );
#3033 = ITEM_DEFINED_TRANSFORMATION('','',#11,#39);
#3034 = PRODUCT_DEFINITION_SHAPE('Placement','Placement of an item',
  #3035);
#3035 = NEXT_ASSEMBLY_USAGE_OCCURRENCE('7','arc_carriage','',#5,#2690,$
  );
#3036 = PRODUCT_RELATED_PRODUCT_CATEGORY('part',$,(#2692));
#3037 = SHAPE_DEFINITION_REPRESENTATION(#3038,#3044);
#3038 = PRODUCT_DEFINITION_SHAPE('','',#3039);
#3039 = PRODUCT_DEFINITION('design','',#3040,#3043);
#3040 = PRODUCT_DEFINITION_FORMATION('','',#3041);
#3041 = PRODUCT('tilt_arc','tilt_arc','',(#3042));
#3042 = PRODUCT_CONTEXT('',#2,'mechanical');
#3043 = PRODUCT_DEFINITION_CONTEXT('part definition',#2,'design');
#3044 = ADVANCED_BREP_SHAPE_REPRESENTATION('',(#11,#3045),#4161);
#3045 = MANIFOLD_SOLID_BREP('',#3046);
#3046 = CLOSED_SHELL('',(#3047,#3167,#3253,#3329,#3405,#3537,#3613,#3730
    ,#3757,#3886,#3962,#4035,#4082,#4117,#4144));
#3047 = ADVANCED_FACE('',(#3048),#3062,.F.);
#3048 = FACE_BOUND('',#3049,.F.);
#3049 = EDGE_LOOP('',(#3050,#3085,#3113,#3141));
#3050 = ORIENTED_EDGE('',*,*,#3051,.F.);
#3051 = EDGE_CURVE('',#3052,#3054,#3056,.T.);
#3052 = VERTEX_POINT('',#3053);
#3053 = CARTESIAN_POINT('',(-33.77499074759,-32.,19.8));
#3054 = VERTEX_POINT('',#3055);
#3055 = CARTESIAN_POINT('',(-38.9711431703,-32.,22.8));
#3056 = SURFACE_CURVE('',#3057,(#3061,#3073),.PCURVE_S1.);
#3057 = LINE('',#3058,#3059);
#3058 = CARTESIAN_POINT('',(-33.77499074759,-32.,19.8));
#3059 = VECTOR('',#3060,1.);
#3060 = DIRECTION('',(-0.866025403784,0.,0.5));
#3061 = PCURVE('',#3062,#3067);
#3062 = PLANE('',#3063);
#3063 = AXIS2_PLACEMENT_3D('',#3064,#3065,#3066);
#3064 = CARTESIAN_POINT('',(-33.77499074759,-32.,19.8));
#3065 = DIRECTION('',(0.5,0.,0.866025403784));
#3066 = DIRECTION('',(-0.866025403784,0.,0.5));
#3067 = DEFINITIONAL_REPRESENTATION('',(#3068),#3072);
#3068 = LINE('',#3069,#3070);
#3069 = CARTESIAN_POINT('',(0.,0.));
#3070 = VECTOR('',#3071,1.);
#3071 = DIRECTION('',(1.,0.));
#3072 = ( GEOMETRIC_REPRESENTATION_CONTEXT(2) 
PARAMETRIC_REPRESENTATION_CONTEXT() REPRESENTATION_CONTEXT('2D SPACE',''
  ) );
#3073 = PCURVE('',#3074,#3079);
#3074 = PLANE('',#3075);
#3075 = AXIS2_PLACEMENT_3D('',#3076,#3077,#3078);
#3076 = CARTESIAN_POINT('',(-21.93825852681,-32.,36.811393544677));
#3077 = DIRECTION('',(0.,1.,0.));
#3078 = DIRECTION('',(0.,-0.,1.));
#3079 = DEFINITIONAL_REPRESENTATION('',(#3080),#3084);
#3080 = LINE('',#3081,#3082);
#3081 = CARTESIAN_POINT('',(-17.01139354467,-11.83673222078));
#3082 = VECTOR('',#3083,1.);
#3083 = DIRECTION('',(0.5,-0.866025403784));
#3084 = ( GEOMETRIC_REPRESENTATION_CONTEXT(2) 
PARAMETRIC_REPRESENTATION_CONTEXT() REPRESENTATION_CONTEXT('2D SPACE',''
  ) );
#3085 = ORIENTED_EDGE('',*,*,#3086,.T.);
#3086 = EDGE_CURVE('',#3052,#3087,#3089,.T.);
#3087 = VERTEX_POINT('',#3088);
#3088 = CARTESIAN_POINT('',(-33.77499074759,-27.,19.8));
#3089 = SURFACE_CURVE('',#3090,(#3094,#3101),.PCURVE_S1.);
#3090 = LINE('',#3091,#3092);
#3091 = CARTESIAN_POINT('',(-33.77499074759,-32.,19.8));
#3092 = VECTOR('',#3093,1.);
#3093 = DIRECTION('',(-0.,1.,-0.));
#3094 = PCURVE('',#3062,#3095);
#3095 = DEFINITIONAL_REPRESENTATION('',(#3096),#3100);
#3096 = LINE('',#3097,#3098);
#3097 = CARTESIAN_POINT('',(0.,0.));
#3098 = VECTOR('',#3099,1.);
#3099 = DIRECTION('',(0.,-1.));
#3100 = ( GEOMETRIC_REPRESENTATION_CONTEXT(2) 
PARAMETRIC_REPRESENTATION_CONTEXT() REPRESENTATION_CONTEXT('2D SPACE',''
  ) );
#3101 = PCURVE('',#3102,#3107);
#3102 = CYLINDRICAL_SURFACE('',#3103,39.);
#3103 = AXIS2_PLACEMENT_3D('',#3104,#3105,#3106);
#3104 = CARTESIAN_POINT('',(2.30926389122E-14,-32.,0.3));
#3105 = DIRECTION('',(0.,-1.,0.));
#3106 = DIRECTION('',(-3.48994967025E-02,0.,0.999390827019));
#3107 = DEFINITIONAL_REPRESENTATION('',(#3108),#3112);
#3108 = LINE('',#3109,#3110);
#3109 = CARTESIAN_POINT('',(1.012290966157,0.));
#3110 = VECTOR('',#3111,1.);
#3111 = DIRECTION('',(0.,-1.));
#3112 = ( GEOMETRIC_REPRESENTATION_CONTEXT(2) 
PARAMETRIC_REPRESENTATION_CONTEXT() REPRESENTATION_CONTEXT('2D SPACE',''
  ) );
#3113 = ORIENTED_EDGE('',*,*,#3114,.T.);
#3114 = EDGE_CURVE('',#3087,#3115,#3117,.T.);
#3115 = VERTEX_POINT('',#3116);
#3116 = CARTESIAN_POINT('',(-38.9711431703,-27.,22.8));
#3117 = SURFACE_CURVE('',#3118,(#3122,#3129),.PCURVE_S1.);
#3118 = LINE('',#3119,#3120);
#3119 = CARTESIAN_POINT('',(-33.77499074759,-27.,19.8));
#3120 = VECTOR('',#3121,1.);
#3121 = DIRECTION('',(-0.866025403784,0.,0.5));
#3122 = PCURVE('',#3062,#3123);
#3123 = DEFINITIONAL_REPRESENTATION('',(#3124),#3128);
#3124 = LINE('',#3125,#3126);
#3125 = CARTESIAN_POINT('',(0.,-5.));
#3126 = VECTOR('',#3127,1.);
#3127 = DIRECTION('',(1.,0.));
#3128 = ( GEOMETRIC_REPRESENTATION_CONTEXT(2) 
PARAMETRIC_REPRESENTATION_CONTEXT() REPRESENTATION_CONTEXT('2D SPACE',''
  ) );
#3129 = PCURVE('',#3130,#3135);
#3130 = PLANE('',#3131);
#3131 = AXIS2_PLACEMENT_3D('',#3132,#3133,#3134);
#3132 = CARTESIAN_POINT('',(-21.93825852681,-27.,36.811393544677));
#3133 = DIRECTION('',(0.,1.,0.));
#3134 = DIRECTION('',(0.,-0.,1.));
#3135 = DEFINITIONAL_REPRESENTATION('',(#3136),#3140);
#3136 = LINE('',#3137,#3138);
#3137 = CARTESIAN_POINT('',(-17.01139354467,-11.83673222078));
#3138 = VECTOR('',#3139,1.);
#3139 = DIRECTION('',(0.5,-0.866025403784));
#3140 = ( GEOMETRIC_REPRESENTATION_CONTEXT(2) 
PARAMETRIC_REPRESENTATION_CONTEXT() REPRESENTATION_CONTEXT('2D SPACE',''
  ) );
#3141 = ORIENTED_EDGE('',*,*,#3142,.T.);
#3142 = EDGE_CURVE('',#3115,#3054,#3143,.T.);
#3143 = SURFACE_CURVE('',#3144,(#3148,#3155),.PCURVE_S1.);
#3144 = LINE('',#3145,#3146);
#3145 = CARTESIAN_POINT('',(-38.9711431703,-32.,22.8));
#3146 = VECTOR('',#3147,1.);
#3147 = DIRECTION('',(0.,-1.,0.));
#3148 = PCURVE('',#3062,#3149);
#3149 = DEFINITIONAL_REPRESENTATION('',(#3150),#3154);
#3150 = LINE('',#3151,#3152);
#3151 = CARTESIAN_POINT('',(6.,0.));
#3152 = VECTOR('',#3153,1.);
#3153 = DIRECTION('',(0.,1.));
#3154 = ( GEOMETRIC_REPRESENTATION_CONTEXT(2) 
PARAMETRIC_REPRESENTATION_CONTEXT() REPRESENTATION_CONTEXT('2D SPACE',''
  ) );
#3155 = PCURVE('',#3156,#3161);
#3156 = PLANE('',#3157);
#3157 = AXIS2_PLACEMENT_3D('',#3158,#3159,#3160);
#3158 = CARTESIAN_POINT('',(-44.167295593,-32.,22.8));
#3159 = DIRECTION('',(0.,0.,1.));
#3160 = DIRECTION('',(1.,0.,0.));
#3161 = DEFINITIONAL_REPRESENTATION('',(#3162),#3166);
#3162 = LINE('',#3163,#3164);
#3163 = CARTESIAN_POINT('',(5.196152422707,0.));
#3164 = VECTOR('',#3165,1.);
#3165 = DIRECTION('',(0.,-1.));
#3166 = ( GEOMETRIC_REPRESENTATION_CONTEXT(2) 
PARAMETRIC_REPRESENTATION_CONTEXT() REPRESENTATION_CONTEXT('2D SPACE',''
  ) );
#3167 = ADVANCED_FACE('',(#3168),#3102,.F.);
#3168 = FACE_BOUND('',#3169,.F.);
#3169 = EDGE_LOOP('',(#3170,#3200,#3226,#3227));
#3170 = ORIENTED_EDGE('',*,*,#3171,.T.);
#3171 = EDGE_CURVE('',#3172,#3174,#3176,.T.);
#3172 = VERTEX_POINT('',#3173);
#3173 = CARTESIAN_POINT('',(-1.361080371398,-32.,39.276242253745));
#3174 = VERTEX_POINT('',#3175);
#3175 = CARTESIAN_POINT('',(-1.361080371398,-27.,39.276242253745));
#3176 = SURFACE_CURVE('',#3177,(#3181,#3188),.PCURVE_S1.);
#3177 = LINE('',#3178,#3179);
#3178 = CARTESIAN_POINT('',(-1.361080371398,-32.,39.276242253745));
#3179 = VECTOR('',#3180,1.);
#3180 = DIRECTION('',(-0.,1.,-0.));
#3181 = PCURVE('',#3102,#3182);
#3182 = DEFINITIONAL_REPRESENTATION('',(#3183),#3187);
#3183 = LINE('',#3184,#3185);
#3184 = CARTESIAN_POINT('',(0.,0.));
#3185 = VECTOR('',#3186,1.);
#3186 = DIRECTION('',(0.,-1.));
#3187 = ( GEOMETRIC_REPRESENTATION_CONTEXT(2) 
PARAMETRIC_REPRESENTATION_CONTEXT() REPRESENTATION_CONTEXT('2D SPACE',''
  ) );
#3188 = PCURVE('',#3189,#3194);
#3189 = PLANE('',#3190);
#3190 = AXIS2_PLACEMENT_3D('',#3191,#3192,#3193);
#3191 = CARTESIAN_POINT('',(-1.779874331828,-32.,51.268932177974));
#3192 = DIRECTION('',(-0.999390827019,-0.,-3.48994967025E-02));
#3193 = DIRECTION('',(3.48994967025E-02,0.,-0.999390827019));
#3194 = DEFINITIONAL_REPRESENTATION('',(#3195),#3199);
#3195 = LINE('',#3196,#3197);
#3196 = CARTESIAN_POINT('',(12.,0.));
#3197 = VECTOR('',#3198,1.);
#3198 = DIRECTION('',(0.,-1.));
#3199 = ( GEOMETRIC_REPRESENTATION_CONTEXT(2) 
PARAMETRIC_REPRESENTATION_CONTEXT() REPRESENTATION_CONTEXT('2D SPACE',''
  ) );
#3200 = ORIENTED_EDGE('',*,*,#3201,.T.);
#3201 = EDGE_CURVE('',#3174,#3087,#3202,.T.);
#3202 = SURFACE_CURVE('',#3203,(#3208,#3215),.PCURVE_S1.);
#3203 = CIRCLE('',#3204,39.);
#3204 = AXIS2_PLACEMENT_3D('',#3205,#3206,#3207);
#3205 = CARTESIAN_POINT('',(2.30926389122E-14,-27.,0.3));
#3206 = DIRECTION('',(0.,-1.,0.));
#3207 = DIRECTION('',(-3.48994967025E-02,0.,0.999390827019));
#3208 = PCURVE('',#3102,#3209);
#3209 = DEFINITIONAL_REPRESENTATION('',(#3210),#3214);
#3210 = LINE('',#3211,#3212);
#3211 = CARTESIAN_POINT('',(0.,-5.));
#3212 = VECTOR('',#3213,1.);
#3213 = DIRECTION('',(1.,0.));
#3214 = ( GEOMETRIC_REPRESENTATION_CONTEXT(2) 
PARAMETRIC_REPRESENTATION_CONTEXT() REPRESENTATION_CONTEXT('2D SPACE',''
  ) );
#3215 = PCURVE('',#3130,#3216);
#3216 = DEFINITIONAL_REPRESENTATION('',(#3217),#3225);
#3217 = ( BOUNDED_CURVE() B_SPLINE_CURVE(2,(#3218,#3219,#3220,#3221,
#3222,#3223,#3224),.UNSPECIFIED.,.T.,.F.) B_SPLINE_CURVE_WITH_KNOTS((1,2
    ,2,2,2,1),(-2.094395102393,0.,2.094395102393,4.188790204786,
6.28318530718,8.377580409573),.UNSPECIFIED.) CURVE() 
GEOMETRIC_REPRESENTATION_ITEM() RATIONAL_B_SPLINE_CURVE((1.,0.5,1.,0.5,
1.,0.5,1.)) REPRESENTATION_ITEM('') );
#3218 = CARTESIAN_POINT('',(2.464848709068,20.577178155416));
#3219 = CARTESIAN_POINT('',(0.107388352623,-46.93165371618));
#3220 = CARTESIAN_POINT('',(-57.17824484977,-11.13561722328));
#3221 = CARTESIAN_POINT('',(-114.4638780521,24.660419269609));
#3222 = CARTESIAN_POINT('',(-54.82078449332,56.373214648312));
#3223 = CARTESIAN_POINT('',(4.822309065513,88.086010027015));
#3224 = CARTESIAN_POINT('',(2.464848709068,20.577178155416));
#3225 = ( GEOMETRIC_REPRESENTATION_CONTEXT(2) 
PARAMETRIC_REPRESENTATION_CONTEXT() REPRESENTATION_CONTEXT('2D SPACE',''
  ) );
#3226 = ORIENTED_EDGE('',*,*,#3086,.F.);
#3227 = ORIENTED_EDGE('',*,*,#3228,.F.);
#3228 = EDGE_CURVE('',#3172,#3052,#3229,.T.);
#3229 = SURFACE_CURVE('',#3230,(#3235,#3242),.PCURVE_S1.);
#3230 = CIRCLE('',#3231,39.);
#3231 = AXIS2_PLACEMENT_3D('',#3232,#3233,#3234);
#3232 = CARTESIAN_POINT('',(2.30926389122E-14,-32.,0.3));
#3233 = DIRECTION('',(0.,-1.,0.));
#3234 = DIRECTION('',(-3.48994967025E-02,0.,0.999390827019));
#3235 = PCURVE('',#3102,#3236);
#3236 = DEFINITIONAL_REPRESENTATION('',(#3237),#3241);
#3237 = LINE('',#3238,#3239);
#3238 = CARTESIAN_POINT('',(0.,0.));
#3239 = VECTOR('',#3240,1.);
#3240 = DIRECTION('',(1.,0.));
#3241 = ( GEOMETRIC_REPRESENTATION_CONTEXT(2) 
PARAMETRIC_REPRESENTATION_CONTEXT() REPRESENTATION_CONTEXT('2D SPACE',''
  ) );
#3242 = PCURVE('',#3074,#3243);
#3243 = DEFINITIONAL_REPRESENTATION('',(#3244),#3252);
#3244 = ( BOUNDED_CURVE() B_SPLINE_CURVE(2,(#3245,#3246,#3247,#3248,
#3249,#3250,#3251),.UNSPECIFIED.,.T.,.F.) B_SPLINE_CURVE_WITH_KNOTS((1,2
    ,2,2,2,1),(-2.094395102393,0.,2.094395102393,4.188790204786,
6.28318530718,8.377580409573),.UNSPECIFIED.) CURVE() 
GEOMETRIC_REPRESENTATION_ITEM() RATIONAL_B_SPLINE_CURVE((1.,0.5,1.,0.5,
1.,0.5,1.)) REPRESENTATION_ITEM('') );
#3245 = CARTESIAN_POINT('',(2.464848709068,20.577178155416));
#3246 = CARTESIAN_POINT('',(0.107388352623,-46.93165371618));
#3247 = CARTESIAN_POINT('',(-57.17824484977,-11.13561722328));
#3248 = CARTESIAN_POINT('',(-114.4638780521,24.660419269609));
#3249 = CARTESIAN_POINT('',(-54.82078449332,56.373214648312));
#3250 = CARTESIAN_POINT('',(4.822309065513,88.086010027015));
#3251 = CARTESIAN_POINT('',(2.464848709068,20.577178155416));
#3252 = ( GEOMETRIC_REPRESENTATION_CONTEXT(2) 
PARAMETRIC_REPRESENTATION_CONTEXT() REPRESENTATION_CONTEXT('2D SPACE',''
  ) );
#3253 = ADVANCED_FACE('',(#3254),#3189,.F.);
#3254 = FACE_BOUND('',#3255,.F.);
#3255 = EDGE_LOOP('',(#3256,#3279,#3307,#3328));
#3256 = ORIENTED_EDGE('',*,*,#3257,.F.);
#3257 = EDGE_CURVE('',#3258,#3172,#3260,.T.);
#3258 = VERTEX_POINT('',#3259);
#3259 = CARTESIAN_POINT('',(-1.570477351613,-32.,45.272587215859));
#3260 = SURFACE_CURVE('',#3261,(#3265,#3272),.PCURVE_S1.);
#3261 = LINE('',#3262,#3263);
#3262 = CARTESIAN_POINT('',(-1.779874331828,-32.,51.268932177974));
#3263 = VECTOR('',#3264,1.);
#3264 = DIRECTION('',(3.48994967025E-02,0.,-0.999390827019));
#3265 = PCURVE('',#3189,#3266);
#3266 = DEFINITIONAL_REPRESENTATION('',(#3267),#3271);
#3267 = LINE('',#3268,#3269);
#3268 = CARTESIAN_POINT('',(0.,0.));
#3269 = VECTOR('',#3270,1.);
#3270 = DIRECTION('',(1.,0.));
#3271 = ( GEOMETRIC_REPRESENTATION_CONTEXT(2) 
PARAMETRIC_REPRESENTATION_CONTEXT() REPRESENTATION_CONTEXT('2D SPACE',''
  ) );
#3272 = PCURVE('',#3074,#3273);
#3273 = DEFINITIONAL_REPRESENTATION('',(#3274),#3278);
#3274 = LINE('',#3275,#3276);
#3275 = CARTESIAN_POINT('',(14.457538633297,20.158384194986));
#3276 = VECTOR('',#3277,1.);
#3277 = DIRECTION('',(-0.999390827019,3.48994967025E-02));
#3278 = ( GEOMETRIC_REPRESENTATION_CONTEXT(2) 
PARAMETRIC_REPRESENTATION_CONTEXT() REPRESENTATION_CONTEXT('2D SPACE',''
  ) );
#3279 = ORIENTED_EDGE('',*,*,#3280,.T.);
#3280 = EDGE_CURVE('',#3258,#3281,#3283,.T.);
#3281 = VERTEX_POINT('',#3282);
#3282 = CARTESIAN_POINT('',(-1.570477351613,-27.,45.272587215859));
#3283 = SURFACE_CURVE('',#3284,(#3288,#3295),.PCURVE_S1.);
#3284 = LINE('',#3285,#3286);
#3285 = CARTESIAN_POINT('',(-1.570477351613,-32.,45.272587215859));
#3286 = VECTOR('',#3287,1.);
#3287 = DIRECTION('',(0.,1.,0.));
#3288 = PCURVE('',#3189,#3289);
#3289 = DEFINITIONAL_REPRESENTATION('',(#3290),#3294);
#3290 = LINE('',#3291,#3292);
#3291 = CARTESIAN_POINT('',(6.,0.));
#3292 = VECTOR('',#3293,1.);
#3293 = DIRECTION('',(0.,-1.));
#3294 = ( GEOMETRIC_REPRESENTATION_CONTEXT(2) 
PARAMETRIC_REPRESENTATION_CONTEXT() REPRESENTATION_CONTEXT('2D SPACE',''
  ) );
#3295 = PCURVE('',#3296,#3301);
#3296 = PLANE('',#3297);
#3297 = AXIS2_PLACEMENT_3D('',#3298,#3299,#3300);
#3298 = CARTESIAN_POINT('',(-6.570477351613,-32.,45.272587215859));
#3299 = DIRECTION('',(0.,0.,1.));
#3300 = DIRECTION('',(1.,0.,0.));
#3301 = DEFINITIONAL_REPRESENTATION('',(#3302),#3306);
#3302 = LINE('',#3303,#3304);
#3303 = CARTESIAN_POINT('',(5.,0.));
#3304 = VECTOR('',#3305,1.);
#3305 = DIRECTION('',(0.,1.));
#3306 = ( GEOMETRIC_REPRESENTATION_CONTEXT(2) 
PARAMETRIC_REPRESENTATION_CONTEXT() REPRESENTATION_CONTEXT('2D SPACE',''
  ) );
#3307 = ORIENTED_EDGE('',*,*,#3308,.T.);
#3308 = EDGE_CURVE('',#3281,#3174,#3309,.T.);
#3309 = SURFACE_CURVE('',#3310,(#3314,#3321),.PCURVE_S1.);
#3310 = LINE('',#3311,#3312);
#3311 = CARTESIAN_POINT('',(-1.779874331828,-27.,51.268932177974));
#3312 = VECTOR('',#3313,1.);
#3313 = DIRECTION('',(3.48994967025E-02,0.,-0.999390827019));
#3314 = PCURVE('',#3189,#3315);
#3315 = DEFINITIONAL_REPRESENTATION('',(#3316),#3320);
#3316 = LINE('',#3317,#3318);
#3317 = CARTESIAN_POINT('',(0.,-5.));
#3318 = VECTOR('',#3319,1.);
#3319 = DIRECTION('',(1.,0.));
#3320 = ( GEOMETRIC_REPRESENTATION_CONTEXT(2) 
PARAMETRIC_REPRESENTATION_CONTEXT() REPRESENTATION_CONTEXT('2D SPACE',''
  ) );
#3321 = PCURVE('',#3130,#3322);
#3322 = DEFINITIONAL_REPRESENTATION('',(#3323),#3327);
#3323 = LINE('',#3324,#3325);
#3324 = CARTESIAN_POINT('',(14.457538633297,20.158384194986));
#3325 = VECTOR('',#3326,1.);
#3326 = DIRECTION('',(-0.999390827019,3.48994967025E-02));
#3327 = ( GEOMETRIC_REPRESENTATION_CONTEXT(2) 
PARAMETRIC_REPRESENTATION_CONTEXT() REPRESENTATION_CONTEXT('2D SPACE',''
  ) );
#3328 = ORIENTED_EDGE('',*,*,#3171,.F.);
#3329 = ADVANCED_FACE('',(#3330),#3296,.F.);
#3330 = FACE_BOUND('',#3331,.F.);
#3331 = EDGE_LOOP('',(#3332,#3355,#3356,#3379));
#3332 = ORIENTED_EDGE('',*,*,#3333,.F.);
#3333 = EDGE_CURVE('',#3281,#3334,#3336,.T.);
#3334 = VERTEX_POINT('',#3335);
#3335 = CARTESIAN_POINT('',(3.429522648387,-27.,45.272587215859));
#3336 = SURFACE_CURVE('',#3337,(#3341,#3348),.PCURVE_S1.);
#3337 = LINE('',#3338,#3339);
#3338 = CARTESIAN_POINT('',(-6.570477351613,-27.,45.272587215859));
#3339 = VECTOR('',#3340,1.);
#3340 = DIRECTION('',(1.,0.,0.));
#3341 = PCURVE('',#3296,#3342);
#3342 = DEFINITIONAL_REPRESENTATION('',(#3343),#3347);
#3343 = LINE('',#3344,#3345);
#3344 = CARTESIAN_POINT('',(0.,5.));
#3345 = VECTOR('',#3346,1.);
#3346 = DIRECTION('',(1.,0.));
#3347 = ( GEOMETRIC_REPRESENTATION_CONTEXT(2) 
PARAMETRIC_REPRESENTATION_CONTEXT() REPRESENTATION_CONTEXT('2D SPACE',''
  ) );
#3348 = PCURVE('',#3130,#3349);
#3349 = DEFINITIONAL_REPRESENTATION('',(#3350),#3354);
#3350 = LINE('',#3351,#3352);
#3351 = CARTESIAN_POINT('',(8.461193671183,15.367781175201));
#3352 = VECTOR('',#3353,1.);
#3353 = DIRECTION('',(0.,1.));
#3354 = ( GEOMETRIC_REPRESENTATION_CONTEXT(2) 
PARAMETRIC_REPRESENTATION_CONTEXT() REPRESENTATION_CONTEXT('2D SPACE',''
  ) );
#3355 = ORIENTED_EDGE('',*,*,#3280,.F.);
#3356 = ORIENTED_EDGE('',*,*,#3357,.T.);
#3357 = EDGE_CURVE('',#3258,#3358,#3360,.T.);
#3358 = VERTEX_POINT('',#3359);
#3359 = CARTESIAN_POINT('',(3.429522648387,-32.,45.272587215859));
#3360 = SURFACE_CURVE('',#3361,(#3365,#3372),.PCURVE_S1.);
#3361 = LINE('',#3362,#3363);
#3362 = CARTESIAN_POINT('',(-6.570477351613,-32.,45.272587215859));
#3363 = VECTOR('',#3364,1.);
#3364 = DIRECTION('',(1.,0.,0.));
#3365 = PCURVE('',#3296,#3366);
#3366 = DEFINITIONAL_REPRESENTATION('',(#3367),#3371);
#3367 = LINE('',#3368,#3369);
#3368 = CARTESIAN_POINT('',(0.,0.));
#3369 = VECTOR('',#3370,1.);
#3370 = DIRECTION('',(1.,0.));
#3371 = ( GEOMETRIC_REPRESENTATION_CONTEXT(2) 
PARAMETRIC_REPRESENTATION_CONTEXT() REPRESENTATION_CONTEXT('2D SPACE',''
  ) );
#3372 = PCURVE('',#3074,#3373);
#3373 = DEFINITIONAL_REPRESENTATION('',(#3374),#3378);
#3374 = LINE('',#3375,#3376);
#3375 = CARTESIAN_POINT('',(8.461193671183,15.367781175201));
#3376 = VECTOR('',#3377,1.);
#3377 = DIRECTION('',(0.,1.));
#3378 = ( GEOMETRIC_REPRESENTATION_CONTEXT(2) 
PARAMETRIC_REPRESENTATION_CONTEXT() REPRESENTATION_CONTEXT('2D SPACE',''
  ) );
#3379 = ORIENTED_EDGE('',*,*,#3380,.T.);
#3380 = EDGE_CURVE('',#3358,#3334,#3381,.T.);
#3381 = SURFACE_CURVE('',#3382,(#3386,#3393),.PCURVE_S1.);
#3382 = LINE('',#3383,#3384);
#3383 = CARTESIAN_POINT('',(3.429522648387,-32.,45.272587215859));
#3384 = VECTOR('',#3385,1.);
#3385 = DIRECTION('',(0.,1.,0.));
#3386 = PCURVE('',#3296,#3387);
#3387 = DEFINITIONAL_REPRESENTATION('',(#3388),#3392);
#3388 = LINE('',#3389,#3390);
#3389 = CARTESIAN_POINT('',(10.,0.));
#3390 = VECTOR('',#3391,1.);
#3391 = DIRECTION('',(0.,1.));
#3392 = ( GEOMETRIC_REPRESENTATION_CONTEXT(2) 
PARAMETRIC_REPRESENTATION_CONTEXT() REPRESENTATION_CONTEXT('2D SPACE',''
  ) );
#3393 = PCURVE('',#3394,#3399);
#3394 = PLANE('',#3395);
#3395 = AXIS2_PLACEMENT_3D('',#3396,#3397,#3398);
#3396 = CARTESIAN_POINT('',(3.429522648387,-32.,45.272587215859));
#3397 = DIRECTION('',(1.,0.,0.));
#3398 = DIRECTION('',(0.,0.,1.));
#3399 = DEFINITIONAL_REPRESENTATION('',(#3400),#3404);
#3400 = LINE('',#3401,#3402);
#3401 = CARTESIAN_POINT('',(0.,0.));
#3402 = VECTOR('',#3403,1.);
#3403 = DIRECTION('',(0.,-1.));
#3404 = ( GEOMETRIC_REPRESENTATION_CONTEXT(2) 
PARAMETRIC_REPRESENTATION_CONTEXT() REPRESENTATION_CONTEXT('2D SPACE',''
  ) );
#3405 = ADVANCED_FACE('',(#3406),#3394,.T.);
#3406 = FACE_BOUND('',#3407,.T.);
#3407 = EDGE_LOOP('',(#3408,#3431,#3432,#3455,#3483,#3511));
#3408 = ORIENTED_EDGE('',*,*,#3409,.F.);
#3409 = EDGE_CURVE('',#3358,#3410,#3412,.T.);
#3410 = VERTEX_POINT('',#3411);
#3411 = CARTESIAN_POINT('',(3.429522648387,-32.,100.3));
#3412 = SURFACE_CURVE('',#3413,(#3417,#3424),.PCURVE_S1.);
#3413 = LINE('',#3414,#3415);
#3414 = CARTESIAN_POINT('',(3.429522648387,-32.,45.272587215859));
#3415 = VECTOR('',#3416,1.);
#3416 = DIRECTION('',(2.421098071204E-17,0.,1.));
#3417 = PCURVE('',#3394,#3418);
#3418 = DEFINITIONAL_REPRESENTATION('',(#3419),#3423);
#3419 = LINE('',#3420,#3421);
#3420 = CARTESIAN_POINT('',(0.,0.));
#3421 = VECTOR('',#3422,1.);
#3422 = DIRECTION('',(1.,0.));
#3423 = ( GEOMETRIC_REPRESENTATION_CONTEXT(2) 
PARAMETRIC_REPRESENTATION_CONTEXT() REPRESENTATION_CONTEXT('2D SPACE',''
  ) );
#3424 = PCURVE('',#3074,#3425);
#3425 = DEFINITIONAL_REPRESENTATION('',(#3426),#3430);
#3426 = LINE('',#3427,#3428);
#3427 = CARTESIAN_POINT('',(8.461193671183,25.367781175201));
#3428 = VECTOR('',#3429,1.);
#3429 = DIRECTION('',(1.,2.421098071204E-17));
#3430 = ( GEOMETRIC_REPRESENTATION_CONTEXT(2) 
PARAMETRIC_REPRESENTATION_CONTEXT() REPRESENTATION_CONTEXT('2D SPACE',''
  ) );
#3431 = ORIENTED_EDGE('',*,*,#3380,.T.);
#3432 = ORIENTED_EDGE('',*,*,#3433,.T.);
#3433 = EDGE_CURVE('',#3334,#3434,#3436,.T.);
#3434 = VERTEX_POINT('',#3435);
#3435 = CARTESIAN_POINT('',(3.429522648387,-27.,94.3));
#3436 = SURFACE_CURVE('',#3437,(#3441,#3448),.PCURVE_S1.);
#3437 = LINE('',#3438,#3439);
#3438 = CARTESIAN_POINT('',(3.429522648387,-27.,45.272587215859));
#3439 = VECTOR('',#3440,1.);
#3440 = DIRECTION('',(0.,0.,1.));
#3441 = PCURVE('',#3394,#3442);
#3442 = DEFINITIONAL_REPRESENTATION('',(#3443),#3447);
#3443 = LINE('',#3444,#3445);
#3444 = CARTESIAN_POINT('',(0.,-5.));
#3445 = VECTOR('',#3446,1.);
#3446 = DIRECTION('',(1.,0.));
#3447 = ( GEOMETRIC_REPRESENTATION_CONTEXT(2) 
PARAMETRIC_REPRESENTATION_CONTEXT() REPRESENTATION_CONTEXT('2D SPACE',''
  ) );
#3448 = PCURVE('',#3130,#3449);
#3449 = DEFINITIONAL_REPRESENTATION('',(#3450),#3454);
#3450 = LINE('',#3451,#3452);
#3451 = CARTESIAN_POINT('',(8.461193671183,25.367781175201));
#3452 = VECTOR('',#3453,1.);
#3453 = DIRECTION('',(1.,0.));
#3454 = ( GEOMETRIC_REPRESENTATION_CONTEXT(2) 
PARAMETRIC_REPRESENTATION_CONTEXT() REPRESENTATION_CONTEXT('2D SPACE',''
  ) );
#3455 = ORIENTED_EDGE('',*,*,#3456,.T.);
#3456 = EDGE_CURVE('',#3434,#3457,#3459,.T.);
#3457 = VERTEX_POINT('',#3458);
#3458 = CARTESIAN_POINT('',(3.429522648387,-2.,94.3));
#3459 = SURFACE_CURVE('',#3460,(#3464,#3471),.PCURVE_S1.);
#3460 = LINE('',#3461,#3462);
#3461 = CARTESIAN_POINT('',(3.429522648387,-32.,94.3));
#3462 = VECTOR('',#3463,1.);
#3463 = DIRECTION('',(0.,1.,0.));
#3464 = PCURVE('',#3394,#3465);
#3465 = DEFINITIONAL_REPRESENTATION('',(#3466),#3470);
#3466 = LINE('',#3467,#3468);
#3467 = CARTESIAN_POINT('',(49.027412784141,0.));
#3468 = VECTOR('',#3469,1.);
#3469 = DIRECTION('',(0.,-1.));
#3470 = ( GEOMETRIC_REPRESENTATION_CONTEXT(2) 
PARAMETRIC_REPRESENTATION_CONTEXT() REPRESENTATION_CONTEXT('2D SPACE',''
  ) );
#3471 = PCURVE('',#3472,#3477);
#3472 = PLANE('',#3473);
#3473 = AXIS2_PLACEMENT_3D('',#3474,#3475,#3476);
#3474 = CARTESIAN_POINT('',(-44.167295593,-32.,94.3));
#3475 = DIRECTION('',(0.,0.,1.));
#3476 = DIRECTION('',(1.,0.,0.));
#3477 = DEFINITIONAL_REPRESENTATION('',(#3478),#3482);
#3478 = LINE('',#3479,#3480);
#3479 = CARTESIAN_POINT('',(47.596818241394,0.));
#3480 = VECTOR('',#3481,1.);
#3481 = DIRECTION('',(0.,1.));
#3482 = ( GEOMETRIC_REPRESENTATION_CONTEXT(2) 
PARAMETRIC_REPRESENTATION_CONTEXT() REPRESENTATION_CONTEXT('2D SPACE',''
  ) );
#3483 = ORIENTED_EDGE('',*,*,#3484,.T.);
#3484 = EDGE_CURVE('',#3457,#3485,#3487,.T.);
#3485 = VERTEX_POINT('',#3486);
#3486 = CARTESIAN_POINT('',(3.429522648387,-2.,100.3));
#3487 = SURFACE_CURVE('',#3488,(#3492,#3499),.PCURVE_S1.);
#3488 = LINE('',#3489,#3490);
#3489 = CARTESIAN_POINT('',(3.429522648387,-2.,94.3));
#3490 = VECTOR('',#3491,1.);
#3491 = DIRECTION('',(0.,0.,1.));
#3492 = PCURVE('',#3394,#3493);
#3493 = DEFINITIONAL_REPRESENTATION('',(#3494),#3498);
#3494 = LINE('',#3495,#3496);
#3495 = CARTESIAN_POINT('',(49.027412784141,-30.));
#3496 = VECTOR('',#3497,1.);
#3497 = DIRECTION('',(1.,0.));
#3498 = ( GEOMETRIC_REPRESENTATION_CONTEXT(2) 
PARAMETRIC_REPRESENTATION_CONTEXT() REPRESENTATION_CONTEXT('2D SPACE',''
  ) );
#3499 = PCURVE('',#3500,#3505);
#3500 = PLANE('',#3501);
#3501 = AXIS2_PLACEMENT_3D('',#3502,#3503,#3504);
#3502 = CARTESIAN_POINT('',(-44.167295593,-2.,94.3));
#3503 = DIRECTION('',(0.,1.,0.));
#3504 = DIRECTION('',(0.,0.,1.));
#3505 = DEFINITIONAL_REPRESENTATION('',(#3506),#3510);
#3506 = LINE('',#3507,#3508);
#3507 = CARTESIAN_POINT('',(0.,47.596818241394));
#3508 = VECTOR('',#3509,1.);
#3509 = DIRECTION('',(1.,0.));
#3510 = ( GEOMETRIC_REPRESENTATION_CONTEXT(2) 
PARAMETRIC_REPRESENTATION_CONTEXT() REPRESENTATION_CONTEXT('2D SPACE',''
  ) );
#3511 = ORIENTED_EDGE('',*,*,#3512,.T.);
#3512 = EDGE_CURVE('',#3485,#3410,#3513,.T.);
#3513 = SURFACE_CURVE('',#3514,(#3518,#3525),.PCURVE_S1.);
#3514 = LINE('',#3515,#3516);
#3515 = CARTESIAN_POINT('',(3.429522648387,-2.,100.3));
#3516 = VECTOR('',#3517,1.);
#3517 = DIRECTION('',(-4.440892098501E-17,-1.,0.));
#3518 = PCURVE('',#3394,#3519);
#3519 = DEFINITIONAL_REPRESENTATION('',(#3520),#3524);
#3520 = LINE('',#3521,#3522);
#3521 = CARTESIAN_POINT('',(55.027412784141,-30.));
#3522 = VECTOR('',#3523,1.);
#3523 = DIRECTION('',(0.,1.));
#3524 = ( GEOMETRIC_REPRESENTATION_CONTEXT(2) 
PARAMETRIC_REPRESENTATION_CONTEXT() REPRESENTATION_CONTEXT('2D SPACE',''
  ) );
#3525 = PCURVE('',#3526,#3531);
#3526 = PLANE('',#3527);
#3527 = AXIS2_PLACEMENT_3D('',#3528,#3529,#3530);
#3528 = CARTESIAN_POINT('',(-6.570477351613,-32.,100.3));
#3529 = DIRECTION('',(0.,0.,1.));
#3530 = DIRECTION('',(1.,0.,0.));
#3531 = DEFINITIONAL_REPRESENTATION('',(#3532),#3536);
#3532 = LINE('',#3533,#3534);
#3533 = CARTESIAN_POINT('',(10.,30.));
#3534 = VECTOR('',#3535,1.);
#3535 = DIRECTION('',(-4.440892098501E-17,-1.));
#3536 = ( GEOMETRIC_REPRESENTATION_CONTEXT(2) 
PARAMETRIC_REPRESENTATION_CONTEXT() REPRESENTATION_CONTEXT('2D SPACE',''
  ) );
#3537 = ADVANCED_FACE('',(#3538),#3526,.T.);
#3538 = FACE_BOUND('',#3539,.T.);
#3539 = EDGE_LOOP('',(#3540,#3541,#3564,#3592));
#3540 = ORIENTED_EDGE('',*,*,#3512,.F.);
#3541 = ORIENTED_EDGE('',*,*,#3542,.F.);
#3542 = EDGE_CURVE('',#3543,#3485,#3545,.T.);
#3543 = VERTEX_POINT('',#3544);
#3544 = CARTESIAN_POINT('',(-44.167295593,-2.,100.3));
#3545 = SURFACE_CURVE('',#3546,(#3550,#3557),.PCURVE_S1.);
#3546 = LINE('',#3547,#3548);
#3547 = CARTESIAN_POINT('',(-44.167295593,-2.,100.3));
#3548 = VECTOR('',#3549,1.);
#3549 = DIRECTION('',(1.,0.,0.));
#3550 = PCURVE('',#3526,#3551);
#3551 = DEFINITIONAL_REPRESENTATION('',(#3552),#3556);
#3552 = LINE('',#3553,#3554);
#3553 = CARTESIAN_POINT('',(-37.59681824139,30.));
#3554 = VECTOR('',#3555,1.);
#3555 = DIRECTION('',(1.,0.));
#3556 = ( GEOMETRIC_REPRESENTATION_CONTEXT(2) 
PARAMETRIC_REPRESENTATION_CONTEXT() REPRESENTATION_CONTEXT('2D SPACE',''
  ) );
#3557 = PCURVE('',#3500,#3558);
#3558 = DEFINITIONAL_REPRESENTATION('',(#3559),#3563);
#3559 = LINE('',#3560,#3561);
#3560 = CARTESIAN_POINT('',(6.,0.));
#3561 = VECTOR('',#3562,1.);
#3562 = DIRECTION('',(0.,1.));
#3563 = ( GEOMETRIC_REPRESENTATION_CONTEXT(2) 
PARAMETRIC_REPRESENTATION_CONTEXT() REPRESENTATION_CONTEXT('2D SPACE',''
  ) );
#3564 = ORIENTED_EDGE('',*,*,#3565,.F.);
#3565 = EDGE_CURVE('',#3566,#3543,#3568,.T.);
#3566 = VERTEX_POINT('',#3567);
#3567 = CARTESIAN_POINT('',(-44.167295593,-32.,100.3));
#3568 = SURFACE_CURVE('',#3569,(#3573,#3580),.PCURVE_S1.);
#3569 = LINE('',#3570,#3571);
#3570 = CARTESIAN_POINT('',(-44.167295593,-32.,100.3));
#3571 = VECTOR('',#3572,1.);
#3572 = DIRECTION('',(0.,1.,0.));
#3573 = PCURVE('',#3526,#3574);
#3574 = DEFINITIONAL_REPRESENTATION('',(#3575),#3579);
#3575 = LINE('',#3576,#3577);
#3576 = CARTESIAN_POINT('',(-37.59681824139,0.));
#3577 = VECTOR('',#3578,1.);
#3578 = DIRECTION('',(0.,1.));
#3579 = ( GEOMETRIC_REPRESENTATION_CONTEXT(2) 
PARAMETRIC_REPRESENTATION_CONTEXT() REPRESENTATION_CONTEXT('2D SPACE',''
  ) );
#3580 = PCURVE('',#3581,#3586);
#3581 = PLANE('',#3582);
#3582 = AXIS2_PLACEMENT_3D('',#3583,#3584,#3585);
#3583 = CARTESIAN_POINT('',(-44.167295593,-32.,22.8));
#3584 = DIRECTION('',(1.,0.,0.));
#3585 = DIRECTION('',(0.,0.,1.));
#3586 = DEFINITIONAL_REPRESENTATION('',(#3587),#3591);
#3587 = LINE('',#3588,#3589);
#3588 = CARTESIAN_POINT('',(77.5,0.));
#3589 = VECTOR('',#3590,1.);
#3590 = DIRECTION('',(0.,-1.));
#3591 = ( GEOMETRIC_REPRESENTATION_CONTEXT(2) 
PARAMETRIC_REPRESENTATION_CONTEXT() REPRESENTATION_CONTEXT('2D SPACE',''
  ) );
#3592 = ORIENTED_EDGE('',*,*,#3593,.F.);
#3593 = EDGE_CURVE('',#3410,#3566,#3594,.T.);
#3594 = SURFACE_CURVE('',#3595,(#3599,#3606),.PCURVE_S1.);
#3595 = LINE('',#3596,#3597);
#3596 = CARTESIAN_POINT('',(3.429522648387,-32.,100.3));
#3597 = VECTOR('',#3598,1.);
#3598 = DIRECTION('',(-1.,0.,0.));
#3599 = PCURVE('',#3526,#3600);
#3600 = DEFINITIONAL_REPRESENTATION('',(#3601),#3605);
#3601 = LINE('',#3602,#3603);
#3602 = CARTESIAN_POINT('',(10.,0.));
#3603 = VECTOR('',#3604,1.);
#3604 = DIRECTION('',(-1.,0.));
#3605 = ( GEOMETRIC_REPRESENTATION_CONTEXT(2) 
PARAMETRIC_REPRESENTATION_CONTEXT() REPRESENTATION_CONTEXT('2D SPACE',''
  ) );
#3606 = PCURVE('',#3074,#3607);
#3607 = DEFINITIONAL_REPRESENTATION('',(#3608),#3612);
#3608 = LINE('',#3609,#3610);
#3609 = CARTESIAN_POINT('',(63.488606455323,25.367781175201));
#3610 = VECTOR('',#3611,1.);
#3611 = DIRECTION('',(0.,-1.));
#3612 = ( GEOMETRIC_REPRESENTATION_CONTEXT(2) 
PARAMETRIC_REPRESENTATION_CONTEXT() REPRESENTATION_CONTEXT('2D SPACE',''
  ) );
#3613 = ADVANCED_FACE('',(#3614),#3581,.F.);
#3614 = FACE_BOUND('',#3615,.F.);
#3615 = EDGE_LOOP('',(#3616,#3641,#3664,#3687,#3708,#3709));
#3616 = ORIENTED_EDGE('',*,*,#3617,.T.);
#3617 = EDGE_CURVE('',#3618,#3620,#3622,.T.);
#3618 = VERTEX_POINT('',#3619);
#3619 = CARTESIAN_POINT('',(-44.167295593,-32.,22.8));
#3620 = VERTEX_POINT('',#3621);
#3621 = CARTESIAN_POINT('',(-44.167295593,-27.,22.8));
#3622 = SURFACE_CURVE('',#3623,(#3627,#3634),.PCURVE_S1.);
#3623 = LINE('',#3624,#3625);
#3624 = CARTESIAN_POINT('',(-44.167295593,-32.,22.8));
#3625 = VECTOR('',#3626,1.);
#3626 = DIRECTION('',(0.,1.,0.));
#3627 = PCURVE('',#3581,#3628);
#3628 = DEFINITIONAL_REPRESENTATION('',(#3629),#3633);
#3629 = LINE('',#3630,#3631);
#3630 = CARTESIAN_POINT('',(0.,0.));
#3631 = VECTOR('',#3632,1.);
#3632 = DIRECTION('',(0.,-1.));
#3633 = ( GEOMETRIC_REPRESENTATION_CONTEXT(2) 
PARAMETRIC_REPRESENTATION_CONTEXT() REPRESENTATION_CONTEXT('2D SPACE',''
  ) );
#3634 = PCURVE('',#3156,#3635);
#3635 = DEFINITIONAL_REPRESENTATION('',(#3636),#3640);
#3636 = LINE('',#3637,#3638);
#3637 = CARTESIAN_POINT('',(0.,0.));
#3638 = VECTOR('',#3639,1.);
#3639 = DIRECTION('',(0.,1.));
#3640 = ( GEOMETRIC_REPRESENTATION_CONTEXT(2) 
PARAMETRIC_REPRESENTATION_CONTEXT() REPRESENTATION_CONTEXT('2D SPACE',''
  ) );
#3641 = ORIENTED_EDGE('',*,*,#3642,.T.);
#3642 = EDGE_CURVE('',#3620,#3643,#3645,.T.);
#3643 = VERTEX_POINT('',#3644);
#3644 = CARTESIAN_POINT('',(-44.167295593,-27.,94.3));
#3645 = SURFACE_CURVE('',#3646,(#3650,#3657),.PCURVE_S1.);
#3646 = LINE('',#3647,#3648);
#3647 = CARTESIAN_POINT('',(-44.167295593,-27.,22.8));
#3648 = VECTOR('',#3649,1.);
#3649 = DIRECTION('',(0.,0.,1.));
#3650 = PCURVE('',#3581,#3651);
#3651 = DEFINITIONAL_REPRESENTATION('',(#3652),#3656);
#3652 = LINE('',#3653,#3654);
#3653 = CARTESIAN_POINT('',(0.,-5.));
#3654 = VECTOR('',#3655,1.);
#3655 = DIRECTION('',(1.,0.));
#3656 = ( GEOMETRIC_REPRESENTATION_CONTEXT(2) 
PARAMETRIC_REPRESENTATION_CONTEXT() REPRESENTATION_CONTEXT('2D SPACE',''
  ) );
#3657 = PCURVE('',#3130,#3658);
#3658 = DEFINITIONAL_REPRESENTATION('',(#3659),#3663);
#3659 = LINE('',#3660,#3661);
#3660 = CARTESIAN_POINT('',(-14.01139354467,-22.22903706619));
#3661 = VECTOR('',#3662,1.);
#3662 = DIRECTION('',(1.,0.));
#3663 = ( GEOMETRIC_REPRESENTATION_CONTEXT(2) 
PARAMETRIC_REPRESENTATION_CONTEXT() REPRESENTATION_CONTEXT('2D SPACE',''
  ) );
#3664 = ORIENTED_EDGE('',*,*,#3665,.T.);
#3665 = EDGE_CURVE('',#3643,#3666,#3668,.T.);
#3666 = VERTEX_POINT('',#3667);
#3667 = CARTESIAN_POINT('',(-44.167295593,-2.,94.3));
#3668 = SURFACE_CURVE('',#3669,(#3673,#3680),.PCURVE_S1.);
#3669 = LINE('',#3670,#3671);
#3670 = CARTESIAN_POINT('',(-44.167295593,-32.,94.3));
#3671 = VECTOR('',#3672,1.);
#3672 = DIRECTION('',(0.,1.,0.));
#3673 = PCURVE('',#3581,#3674);
#3674 = DEFINITIONAL_REPRESENTATION('',(#3675),#3679);
#3675 = LINE('',#3676,#3677);
#3676 = CARTESIAN_POINT('',(71.5,0.));
#3677 = VECTOR('',#3678,1.);
#3678 = DIRECTION('',(0.,-1.));
#3679 = ( GEOMETRIC_REPRESENTATION_CONTEXT(2) 
PARAMETRIC_REPRESENTATION_CONTEXT() REPRESENTATION_CONTEXT('2D SPACE',''
  ) );
#3680 = PCURVE('',#3472,#3681);
#3681 = DEFINITIONAL_REPRESENTATION('',(#3682),#3686);
#3682 = LINE('',#3683,#3684);
#3683 = CARTESIAN_POINT('',(0.,0.));
#3684 = VECTOR('',#3685,1.);
#3685 = DIRECTION('',(0.,1.));
#3686 = ( GEOMETRIC_REPRESENTATION_CONTEXT(2) 
PARAMETRIC_REPRESENTATION_CONTEXT() REPRESENTATION_CONTEXT('2D SPACE',''
  ) );
#3687 = ORIENTED_EDGE('',*,*,#3688,.T.);
#3688 = EDGE_CURVE('',#3666,#3543,#3689,.T.);
#3689 = SURFACE_CURVE('',#3690,(#3694,#3701),.PCURVE_S1.);
#3690 = LINE('',#3691,#3692);
#3691 = CARTESIAN_POINT('',(-44.167295593,-2.,94.3));
#3692 = VECTOR('',#3693,1.);
#3693 = DIRECTION('',(0.,0.,1.));
#3694 = PCURVE('',#3581,#3695);
#3695 = DEFINITIONAL_REPRESENTATION('',(#3696),#3700);
#3696 = LINE('',#3697,#3698);
#3697 = CARTESIAN_POINT('',(71.5,-30.));
#3698 = VECTOR('',#3699,1.);
#3699 = DIRECTION('',(1.,0.));
#3700 = ( GEOMETRIC_REPRESENTATION_CONTEXT(2) 
PARAMETRIC_REPRESENTATION_CONTEXT() REPRESENTATION_CONTEXT('2D SPACE',''
  ) );
#3701 = PCURVE('',#3500,#3702);
#3702 = DEFINITIONAL_REPRESENTATION('',(#3703),#3707);
#3703 = LINE('',#3704,#3705);
#3704 = CARTESIAN_POINT('',(0.,0.));
#3705 = VECTOR('',#3706,1.);
#3706 = DIRECTION('',(1.,0.));
#3707 = ( GEOMETRIC_REPRESENTATION_CONTEXT(2) 
PARAMETRIC_REPRESENTATION_CONTEXT() REPRESENTATION_CONTEXT('2D SPACE',''
  ) );
#3708 = ORIENTED_EDGE('',*,*,#3565,.F.);
#3709 = ORIENTED_EDGE('',*,*,#3710,.T.);
#3710 = EDGE_CURVE('',#3566,#3618,#3711,.T.);
#3711 = SURFACE_CURVE('',#3712,(#3716,#3723),.PCURVE_S1.);
#3712 = LINE('',#3713,#3714);
#3713 = CARTESIAN_POINT('',(-44.167295593,-32.,100.3));
#3714 = VECTOR('',#3715,1.);
#3715 = DIRECTION('',(0.,0.,-1.));
#3716 = PCURVE('',#3581,#3717);
#3717 = DEFINITIONAL_REPRESENTATION('',(#3718),#3722);
#3718 = LINE('',#3719,#3720);
#3719 = CARTESIAN_POINT('',(77.5,0.));
#3720 = VECTOR('',#3721,1.);
#3721 = DIRECTION('',(-1.,0.));
#3722 = ( GEOMETRIC_REPRESENTATION_CONTEXT(2) 
PARAMETRIC_REPRESENTATION_CONTEXT() REPRESENTATION_CONTEXT('2D SPACE',''
  ) );
#3723 = PCURVE('',#3074,#3724);
#3724 = DEFINITIONAL_REPRESENTATION('',(#3725),#3729);
#3725 = LINE('',#3726,#3727);
#3726 = CARTESIAN_POINT('',(63.488606455323,-22.22903706619));
#3727 = VECTOR('',#3728,1.);
#3728 = DIRECTION('',(-1.,0.));
#3729 = ( GEOMETRIC_REPRESENTATION_CONTEXT(2) 
PARAMETRIC_REPRESENTATION_CONTEXT() REPRESENTATION_CONTEXT('2D SPACE',''
  ) );
#3730 = ADVANCED_FACE('',(#3731),#3500,.T.);
#3731 = FACE_BOUND('',#3732,.T.);
#3732 = EDGE_LOOP('',(#3733,#3754,#3755,#3756));
#3733 = ORIENTED_EDGE('',*,*,#3734,.F.);
#3734 = EDGE_CURVE('',#3666,#3457,#3735,.T.);
#3735 = SURFACE_CURVE('',#3736,(#3740,#3747),.PCURVE_S1.);
#3736 = LINE('',#3737,#3738);
#3737 = CARTESIAN_POINT('',(-44.167295593,-2.,94.3));
#3738 = VECTOR('',#3739,1.);
#3739 = DIRECTION('',(1.,0.,0.));
#3740 = PCURVE('',#3500,#3741);
#3741 = DEFINITIONAL_REPRESENTATION('',(#3742),#3746);
#3742 = LINE('',#3743,#3744);
#3743 = CARTESIAN_POINT('',(0.,0.));
#3744 = VECTOR('',#3745,1.);
#3745 = DIRECTION('',(0.,1.));
#3746 = ( GEOMETRIC_REPRESENTATION_CONTEXT(2) 
PARAMETRIC_REPRESENTATION_CONTEXT() REPRESENTATION_CONTEXT('2D SPACE',''
  ) );
#3747 = PCURVE('',#3472,#3748);
#3748 = DEFINITIONAL_REPRESENTATION('',(#3749),#3753);
#3749 = LINE('',#3750,#3751);
#3750 = CARTESIAN_POINT('',(0.,30.));
#3751 = VECTOR('',#3752,1.);
#3752 = DIRECTION('',(1.,0.));
#3753 = ( GEOMETRIC_REPRESENTATION_CONTEXT(2) 
PARAMETRIC_REPRESENTATION_CONTEXT() REPRESENTATION_CONTEXT('2D SPACE',''
  ) );
#3754 = ORIENTED_EDGE('',*,*,#3688,.T.);
#3755 = ORIENTED_EDGE('',*,*,#3542,.T.);
#3756 = ORIENTED_EDGE('',*,*,#3484,.F.);
#3757 = ADVANCED_FACE('',(#3758),#3472,.F.);
#3758 = FACE_BOUND('',#3759,.F.);
#3759 = EDGE_LOOP('',(#3760,#3761,#3784,#3812,#3835,#3863,#3884,#3885));
#3760 = ORIENTED_EDGE('',*,*,#3665,.F.);
#3761 = ORIENTED_EDGE('',*,*,#3762,.T.);
#3762 = EDGE_CURVE('',#3643,#3763,#3765,.T.);
#3763 = VERTEX_POINT('',#3764);
#3764 = CARTESIAN_POINT('',(-34.167295593,-27.,94.3));
#3765 = SURFACE_CURVE('',#3766,(#3770,#3777),.PCURVE_S1.);
#3766 = LINE('',#3767,#3768);
#3767 = CARTESIAN_POINT('',(-33.05277705991,-27.,94.3));
#3768 = VECTOR('',#3769,1.);
#3769 = DIRECTION('',(1.,0.,0.));
#3770 = PCURVE('',#3472,#3771);
#3771 = DEFINITIONAL_REPRESENTATION('',(#3772),#3776);
#3772 = LINE('',#3773,#3774);
#3773 = CARTESIAN_POINT('',(11.114518533097,5.));
#3774 = VECTOR('',#3775,1.);
#3775 = DIRECTION('',(1.,0.));
#3776 = ( GEOMETRIC_REPRESENTATION_CONTEXT(2) 
PARAMETRIC_REPRESENTATION_CONTEXT() REPRESENTATION_CONTEXT('2D SPACE',''
  ) );
#3777 = PCURVE('',#3130,#3778);
#3778 = DEFINITIONAL_REPRESENTATION('',(#3779),#3783);
#3779 = LINE('',#3780,#3781);
#3780 = CARTESIAN_POINT('',(57.488606455323,-11.11451853309));
#3781 = VECTOR('',#3782,1.);
#3782 = DIRECTION('',(0.,1.));
#3783 = ( GEOMETRIC_REPRESENTATION_CONTEXT(2) 
PARAMETRIC_REPRESENTATION_CONTEXT() REPRESENTATION_CONTEXT('2D SPACE',''
  ) );
#3784 = ORIENTED_EDGE('',*,*,#3785,.T.);
#3785 = EDGE_CURVE('',#3763,#3786,#3788,.T.);
#3786 = VERTEX_POINT('',#3787);
#3787 = CARTESIAN_POINT('',(-34.167295593,-32.,94.3));
#3788 = SURFACE_CURVE('',#3789,(#3793,#3800),.PCURVE_S1.);
#3789 = LINE('',#3790,#3791);
#3790 = CARTESIAN_POINT('',(-34.167295593,-32.,94.3));
#3791 = VECTOR('',#3792,1.);
#3792 = DIRECTION('',(0.,-1.,0.));
#3793 = PCURVE('',#3472,#3794);
#3794 = DEFINITIONAL_REPRESENTATION('',(#3795),#3799);
#3795 = LINE('',#3796,#3797);
#3796 = CARTESIAN_POINT('',(10.,0.));
#3797 = VECTOR('',#3798,1.);
#3798 = DIRECTION('',(0.,-1.));
#3799 = ( GEOMETRIC_REPRESENTATION_CONTEXT(2) 
PARAMETRIC_REPRESENTATION_CONTEXT() REPRESENTATION_CONTEXT('2D SPACE',''
  ) );
#3800 = PCURVE('',#3801,#3806);
#3801 = PLANE('',#3802);
#3802 = AXIS2_PLACEMENT_3D('',#3803,#3804,#3805);
#3803 = CARTESIAN_POINT('',(-34.167295593,-32.,22.8));
#3804 = DIRECTION('',(1.,0.,0.));
#3805 = DIRECTION('',(0.,0.,1.));
#3806 = DEFINITIONAL_REPRESENTATION('',(#3807),#3811);
#3807 = LINE('',#3808,#3809);
#3808 = CARTESIAN_POINT('',(71.5,0.));
#3809 = VECTOR('',#3810,1.);
#3810 = DIRECTION('',(0.,1.));
#3811 = ( GEOMETRIC_REPRESENTATION_CONTEXT(2) 
PARAMETRIC_REPRESENTATION_CONTEXT() REPRESENTATION_CONTEXT('2D SPACE',''
  ) );
#3812 = ORIENTED_EDGE('',*,*,#3813,.T.);
#3813 = EDGE_CURVE('',#3786,#3814,#3816,.T.);
#3814 = VERTEX_POINT('',#3815);
#3815 = CARTESIAN_POINT('',(-6.570477351613,-32.,94.3));
#3816 = SURFACE_CURVE('',#3817,(#3821,#3828),.PCURVE_S1.);
#3817 = LINE('',#3818,#3819);
#3818 = CARTESIAN_POINT('',(-44.167295593,-32.,94.3));
#3819 = VECTOR('',#3820,1.);
#3820 = DIRECTION('',(1.,0.,0.));
#3821 = PCURVE('',#3472,#3822);
#3822 = DEFINITIONAL_REPRESENTATION('',(#3823),#3827);
#3823 = LINE('',#3824,#3825);
#3824 = CARTESIAN_POINT('',(0.,0.));
#3825 = VECTOR('',#3826,1.);
#3826 = DIRECTION('',(1.,0.));
#3827 = ( GEOMETRIC_REPRESENTATION_CONTEXT(2) 
PARAMETRIC_REPRESENTATION_CONTEXT() REPRESENTATION_CONTEXT('2D SPACE',''
  ) );
#3828 = PCURVE('',#3074,#3829);
#3829 = DEFINITIONAL_REPRESENTATION('',(#3830),#3834);
#3830 = LINE('',#3831,#3832);
#3831 = CARTESIAN_POINT('',(57.488606455323,-22.22903706619));
#3832 = VECTOR('',#3833,1.);
#3833 = DIRECTION('',(0.,1.));
#3834 = ( GEOMETRIC_REPRESENTATION_CONTEXT(2) 
PARAMETRIC_REPRESENTATION_CONTEXT() REPRESENTATION_CONTEXT('2D SPACE',''
  ) );
#3835 = ORIENTED_EDGE('',*,*,#3836,.F.);
#3836 = EDGE_CURVE('',#3837,#3814,#3839,.T.);
#3837 = VERTEX_POINT('',#3838);
#3838 = CARTESIAN_POINT('',(-6.570477351613,-27.,94.3));
#3839 = SURFACE_CURVE('',#3840,(#3844,#3851),.PCURVE_S1.);
#3840 = LINE('',#3841,#3842);
#3841 = CARTESIAN_POINT('',(-6.570477351613,-32.,94.3));
#3842 = VECTOR('',#3843,1.);
#3843 = DIRECTION('',(0.,-1.,0.));
#3844 = PCURVE('',#3472,#3845);
#3845 = DEFINITIONAL_REPRESENTATION('',(#3846),#3850);
#3846 = LINE('',#3847,#3848);
#3847 = CARTESIAN_POINT('',(37.596818241394,0.));
#3848 = VECTOR('',#3849,1.);
#3849 = DIRECTION('',(0.,-1.));
#3850 = ( GEOMETRIC_REPRESENTATION_CONTEXT(2) 
PARAMETRIC_REPRESENTATION_CONTEXT() REPRESENTATION_CONTEXT('2D SPACE',''
  ) );
#3851 = PCURVE('',#3852,#3857);
#3852 = PLANE('',#3853);
#3853 = AXIS2_PLACEMENT_3D('',#3854,#3855,#3856);
#3854 = CARTESIAN_POINT('',(-6.570477351613,-32.,45.272587215859));
#3855 = DIRECTION('',(1.,0.,0.));
#3856 = DIRECTION('',(0.,0.,1.));
#3857 = DEFINITIONAL_REPRESENTATION('',(#3858),#3862);
#3858 = LINE('',#3859,#3860);
#3859 = CARTESIAN_POINT('',(49.027412784141,0.));
#3860 = VECTOR('',#3861,1.);
#3861 = DIRECTION('',(0.,1.));
#3862 = ( GEOMETRIC_REPRESENTATION_CONTEXT(2) 
PARAMETRIC_REPRESENTATION_CONTEXT() REPRESENTATION_CONTEXT('2D SPACE',''
  ) );
#3863 = ORIENTED_EDGE('',*,*,#3864,.T.);
#3864 = EDGE_CURVE('',#3837,#3434,#3865,.T.);
#3865 = SURFACE_CURVE('',#3866,(#3870,#3877),.PCURVE_S1.);
#3866 = LINE('',#3867,#3868);
#3867 = CARTESIAN_POINT('',(-33.05277705991,-27.,94.3));
#3868 = VECTOR('',#3869,1.);
#3869 = DIRECTION('',(1.,0.,0.));
#3870 = PCURVE('',#3472,#3871);
#3871 = DEFINITIONAL_REPRESENTATION('',(#3872),#3876);
#3872 = LINE('',#3873,#3874);
#3873 = CARTESIAN_POINT('',(11.114518533097,5.));
#3874 = VECTOR('',#3875,1.);
#3875 = DIRECTION('',(1.,0.));
#3876 = ( GEOMETRIC_REPRESENTATION_CONTEXT(2) 
PARAMETRIC_REPRESENTATION_CONTEXT() REPRESENTATION_CONTEXT('2D SPACE',''
  ) );
#3877 = PCURVE('',#3130,#3878);
#3878 = DEFINITIONAL_REPRESENTATION('',(#3879),#3883);
#3879 = LINE('',#3880,#3881);
#3880 = CARTESIAN_POINT('',(57.488606455323,-11.11451853309));
#3881 = VECTOR('',#3882,1.);
#3882 = DIRECTION('',(0.,1.));
#3883 = ( GEOMETRIC_REPRESENTATION_CONTEXT(2) 
PARAMETRIC_REPRESENTATION_CONTEXT() REPRESENTATION_CONTEXT('2D SPACE',''
  ) );
#3884 = ORIENTED_EDGE('',*,*,#3456,.T.);
#3885 = ORIENTED_EDGE('',*,*,#3734,.F.);
#3886 = ADVANCED_FACE('',(#3887),#3801,.T.);
#3887 = FACE_BOUND('',#3888,.T.);
#3888 = EDGE_LOOP('',(#3889,#3912,#3940,#3961));
#3889 = ORIENTED_EDGE('',*,*,#3890,.F.);
#3890 = EDGE_CURVE('',#3891,#3786,#3893,.T.);
#3891 = VERTEX_POINT('',#3892);
#3892 = CARTESIAN_POINT('',(-34.167295593,-32.,38.162856625723));
#3893 = SURFACE_CURVE('',#3894,(#3898,#3905),.PCURVE_S1.);
#3894 = LINE('',#3895,#3896);
#3895 = CARTESIAN_POINT('',(-34.167295593,-32.,22.8));
#3896 = VECTOR('',#3897,1.);
#3897 = DIRECTION('',(0.,0.,1.));
#3898 = PCURVE('',#3801,#3899);
#3899 = DEFINITIONAL_REPRESENTATION('',(#3900),#3904);
#3900 = LINE('',#3901,#3902);
#3901 = CARTESIAN_POINT('',(0.,0.));
#3902 = VECTOR('',#3903,1.);
#3903 = DIRECTION('',(1.,0.));
#3904 = ( GEOMETRIC_REPRESENTATION_CONTEXT(2) 
PARAMETRIC_REPRESENTATION_CONTEXT() REPRESENTATION_CONTEXT('2D SPACE',''
  ) );
#3905 = PCURVE('',#3074,#3906);
#3906 = DEFINITIONAL_REPRESENTATION('',(#3907),#3911);
#3907 = LINE('',#3908,#3909);
#3908 = CARTESIAN_POINT('',(-14.01139354467,-12.22903706619));
#3909 = VECTOR('',#3910,1.);
#3910 = DIRECTION('',(1.,0.));
#3911 = ( GEOMETRIC_REPRESENTATION_CONTEXT(2) 
PARAMETRIC_REPRESENTATION_CONTEXT() REPRESENTATION_CONTEXT('2D SPACE',''
  ) );
#3912 = ORIENTED_EDGE('',*,*,#3913,.F.);
#3913 = EDGE_CURVE('',#3914,#3891,#3916,.T.);
#3914 = VERTEX_POINT('',#3915);
#3915 = CARTESIAN_POINT('',(-34.167295593,-27.,38.162856625723));
#3916 = SURFACE_CURVE('',#3917,(#3921,#3928),.PCURVE_S1.);
#3917 = LINE('',#3918,#3919);
#3918 = CARTESIAN_POINT('',(-34.167295593,-32.,38.162856625724));
#3919 = VECTOR('',#3920,1.);
#3920 = DIRECTION('',(-0.,-1.,-0.));
#3921 = PCURVE('',#3801,#3922);
#3922 = DEFINITIONAL_REPRESENTATION('',(#3923),#3927);
#3923 = LINE('',#3924,#3925);
#3924 = CARTESIAN_POINT('',(15.362856625724,0.));
#3925 = VECTOR('',#3926,1.);
#3926 = DIRECTION('',(0.,1.));
#3927 = ( GEOMETRIC_REPRESENTATION_CONTEXT(2) 
PARAMETRIC_REPRESENTATION_CONTEXT() REPRESENTATION_CONTEXT('2D SPACE',''
  ) );
#3928 = PCURVE('',#3929,#3934);
#3929 = CYLINDRICAL_SURFACE('',#3930,51.);
#3930 = AXIS2_PLACEMENT_3D('',#3931,#3932,#3933);
#3931 = CARTESIAN_POINT('',(-9.769962616701E-15,-32.,0.3));
#3932 = DIRECTION('',(-0.,-1.,-0.));
#3933 = DIRECTION('',(-0.866025403784,0.,0.5));
#3934 = DEFINITIONAL_REPRESENTATION('',(#3935),#3939);
#3935 = LINE('',#3936,#3937);
#3936 = CARTESIAN_POINT('',(-0.313060192431,0.));
#3937 = VECTOR('',#3938,1.);
#3938 = DIRECTION('',(-0.,1.));
#3939 = ( GEOMETRIC_REPRESENTATION_CONTEXT(2) 
PARAMETRIC_REPRESENTATION_CONTEXT() REPRESENTATION_CONTEXT('2D SPACE',''
  ) );
#3940 = ORIENTED_EDGE('',*,*,#3941,.T.);
#3941 = EDGE_CURVE('',#3914,#3763,#3942,.T.);
#3942 = SURFACE_CURVE('',#3943,(#3947,#3954),.PCURVE_S1.);
#3943 = LINE('',#3944,#3945);
#3944 = CARTESIAN_POINT('',(-34.167295593,-27.,22.8));
#3945 = VECTOR('',#3946,1.);
#3946 = DIRECTION('',(0.,0.,1.));
#3947 = PCURVE('',#3801,#3948);
#3948 = DEFINITIONAL_REPRESENTATION('',(#3949),#3953);
#3949 = LINE('',#3950,#3951);
#3950 = CARTESIAN_POINT('',(0.,-5.));
#3951 = VECTOR('',#3952,1.);
#3952 = DIRECTION('',(1.,0.));
#3953 = ( GEOMETRIC_REPRESENTATION_CONTEXT(2) 
PARAMETRIC_REPRESENTATION_CONTEXT() REPRESENTATION_CONTEXT('2D SPACE',''
  ) );
#3954 = PCURVE('',#3130,#3955);
#3955 = DEFINITIONAL_REPRESENTATION('',(#3956),#3960);
#3956 = LINE('',#3957,#3958);
#3957 = CARTESIAN_POINT('',(-14.01139354467,-12.22903706619));
#3958 = VECTOR('',#3959,1.);
#3959 = DIRECTION('',(1.,0.));
#3960 = ( GEOMETRIC_REPRESENTATION_CONTEXT(2) 
PARAMETRIC_REPRESENTATION_CONTEXT() REPRESENTATION_CONTEXT('2D SPACE',''
  ) );
#3961 = ORIENTED_EDGE('',*,*,#3785,.T.);
#3962 = ADVANCED_FACE('',(#3963),#3929,.T.);
#3963 = FACE_BOUND('',#3964,.F.);
#3964 = EDGE_LOOP('',(#3965,#3989,#3990,#4014));
#3965 = ORIENTED_EDGE('',*,*,#3966,.F.);
#3966 = EDGE_CURVE('',#3891,#3967,#3969,.T.);
#3967 = VERTEX_POINT('',#3968);
#3968 = CARTESIAN_POINT('',(-6.570477351613,-32.,50.874982228093));
#3969 = SURFACE_CURVE('',#3970,(#3975,#3982),.PCURVE_S1.);
#3970 = CIRCLE('',#3971,51.);
#3971 = AXIS2_PLACEMENT_3D('',#3972,#3973,#3974);
#3972 = CARTESIAN_POINT('',(-9.769962616701E-15,-32.,0.3));
#3973 = DIRECTION('',(0.,1.,0.));
#3974 = DIRECTION('',(-0.866025403784,0.,0.5));
#3975 = PCURVE('',#3929,#3976);
#3976 = DEFINITIONAL_REPRESENTATION('',(#3977),#3981);
#3977 = LINE('',#3978,#3979);
#3978 = CARTESIAN_POINT('',(-0.,0.));
#3979 = VECTOR('',#3980,1.);
#3980 = DIRECTION('',(-1.,0.));
#3981 = ( GEOMETRIC_REPRESENTATION_CONTEXT(2) 
PARAMETRIC_REPRESENTATION_CONTEXT() REPRESENTATION_CONTEXT('2D SPACE',''
  ) );
#3982 = PCURVE('',#3074,#3983);
#3983 = DEFINITIONAL_REPRESENTATION('',(#3984),#3988);
#3984 = CIRCLE('',#3985,51.);
#3985 = AXIS2_PLACEMENT_2D('',#3986,#3987);
#3986 = CARTESIAN_POINT('',(-36.51139354467,21.938258526813));
#3987 = DIRECTION('',(0.5,-0.866025403784));
#3988 = ( GEOMETRIC_REPRESENTATION_CONTEXT(2) 
PARAMETRIC_REPRESENTATION_CONTEXT() REPRESENTATION_CONTEXT('2D SPACE',''
  ) );
#3989 = ORIENTED_EDGE('',*,*,#3913,.F.);
#3990 = ORIENTED_EDGE('',*,*,#3991,.T.);
#3991 = EDGE_CURVE('',#3914,#3992,#3994,.T.);
#3992 = VERTEX_POINT('',#3993);
#3993 = CARTESIAN_POINT('',(-6.570477351613,-27.,50.874982228093));
#3994 = SURFACE_CURVE('',#3995,(#4000,#4007),.PCURVE_S1.);
#3995 = CIRCLE('',#3996,51.);
#3996 = AXIS2_PLACEMENT_3D('',#3997,#3998,#3999);
#3997 = CARTESIAN_POINT('',(-9.769962616701E-15,-27.,0.3));
#3998 = DIRECTION('',(0.,1.,0.));
#3999 = DIRECTION('',(-0.866025403784,0.,0.5));
#4000 = PCURVE('',#3929,#4001);
#4001 = DEFINITIONAL_REPRESENTATION('',(#4002),#4006);
#4002 = LINE('',#4003,#4004);
#4003 = CARTESIAN_POINT('',(-0.,-5.));
#4004 = VECTOR('',#4005,1.);
#4005 = DIRECTION('',(-1.,0.));
#4006 = ( GEOMETRIC_REPRESENTATION_CONTEXT(2) 
PARAMETRIC_REPRESENTATION_CONTEXT() REPRESENTATION_CONTEXT('2D SPACE',''
  ) );
#4007 = PCURVE('',#3130,#4008);
#4008 = DEFINITIONAL_REPRESENTATION('',(#4009),#4013);
#4009 = CIRCLE('',#4010,51.);
#4010 = AXIS2_PLACEMENT_2D('',#4011,#4012);
#4011 = CARTESIAN_POINT('',(-36.51139354467,21.938258526813));
#4012 = DIRECTION('',(0.5,-0.866025403784));
#4013 = ( GEOMETRIC_REPRESENTATION_CONTEXT(2) 
PARAMETRIC_REPRESENTATION_CONTEXT() REPRESENTATION_CONTEXT('2D SPACE',''
  ) );
#4014 = ORIENTED_EDGE('',*,*,#4015,.T.);
#4015 = EDGE_CURVE('',#3992,#3967,#4016,.T.);
#4016 = SURFACE_CURVE('',#4017,(#4021,#4028),.PCURVE_S1.);
#4017 = LINE('',#4018,#4019);
#4018 = CARTESIAN_POINT('',(-6.570477351613,-32.,50.874982228093));
#4019 = VECTOR('',#4020,1.);
#4020 = DIRECTION('',(-0.,-1.,-0.));
#4021 = PCURVE('',#3929,#4022);
#4022 = DEFINITIONAL_REPRESENTATION('',(#4023),#4027);
#4023 = LINE('',#4024,#4025);
#4024 = CARTESIAN_POINT('',(-0.918005580574,0.));
#4025 = VECTOR('',#4026,1.);
#4026 = DIRECTION('',(-0.,1.));
#4027 = ( GEOMETRIC_REPRESENTATION_CONTEXT(2) 
PARAMETRIC_REPRESENTATION_CONTEXT() REPRESENTATION_CONTEXT('2D SPACE',''
  ) );
#4028 = PCURVE('',#3852,#4029);
#4029 = DEFINITIONAL_REPRESENTATION('',(#4030),#4034);
#4030 = LINE('',#4031,#4032);
#4031 = CARTESIAN_POINT('',(5.602395012234,0.));
#4032 = VECTOR('',#4033,1.);
#4033 = DIRECTION('',(0.,1.));
#4034 = ( GEOMETRIC_REPRESENTATION_CONTEXT(2) 
PARAMETRIC_REPRESENTATION_CONTEXT() REPRESENTATION_CONTEXT('2D SPACE',''
  ) );
#4035 = ADVANCED_FACE('',(#4036),#3852,.F.);
#4036 = FACE_BOUND('',#4037,.F.);
#4037 = EDGE_LOOP('',(#4038,#4059,#4060,#4081));
#4038 = ORIENTED_EDGE('',*,*,#4039,.F.);
#4039 = EDGE_CURVE('',#3967,#3814,#4040,.T.);
#4040 = SURFACE_CURVE('',#4041,(#4045,#4052),.PCURVE_S1.);
#4041 = LINE('',#4042,#4043);
#4042 = CARTESIAN_POINT('',(-6.570477351613,-32.,45.272587215859));
#4043 = VECTOR('',#4044,1.);
#4044 = DIRECTION('',(0.,0.,1.));
#4045 = PCURVE('',#3852,#4046);
#4046 = DEFINITIONAL_REPRESENTATION('',(#4047),#4051);
#4047 = LINE('',#4048,#4049);
#4048 = CARTESIAN_POINT('',(0.,0.));
#4049 = VECTOR('',#4050,1.);
#4050 = DIRECTION('',(1.,0.));
#4051 = ( GEOMETRIC_REPRESENTATION_CONTEXT(2) 
PARAMETRIC_REPRESENTATION_CONTEXT() REPRESENTATION_CONTEXT('2D SPACE',''
  ) );
#4052 = PCURVE('',#3074,#4053);
#4053 = DEFINITIONAL_REPRESENTATION('',(#4054),#4058);
#4054 = LINE('',#4055,#4056);
#4055 = CARTESIAN_POINT('',(8.461193671183,15.367781175201));
#4056 = VECTOR('',#4057,1.);
#4057 = DIRECTION('',(1.,0.));
#4058 = ( GEOMETRIC_REPRESENTATION_CONTEXT(2) 
PARAMETRIC_REPRESENTATION_CONTEXT() REPRESENTATION_CONTEXT('2D SPACE',''
  ) );
#4059 = ORIENTED_EDGE('',*,*,#4015,.F.);
#4060 = ORIENTED_EDGE('',*,*,#4061,.T.);
#4061 = EDGE_CURVE('',#3992,#3837,#4062,.T.);
#4062 = SURFACE_CURVE('',#4063,(#4067,#4074),.PCURVE_S1.);
#4063 = LINE('',#4064,#4065);
#4064 = CARTESIAN_POINT('',(-6.570477351613,-27.,45.272587215859));
#4065 = VECTOR('',#4066,1.);
#4066 = DIRECTION('',(0.,0.,1.));
#4067 = PCURVE('',#3852,#4068);
#4068 = DEFINITIONAL_REPRESENTATION('',(#4069),#4073);
#4069 = LINE('',#4070,#4071);
#4070 = CARTESIAN_POINT('',(0.,-5.));
#4071 = VECTOR('',#4072,1.);
#4072 = DIRECTION('',(1.,0.));
#4073 = ( GEOMETRIC_REPRESENTATION_CONTEXT(2) 
PARAMETRIC_REPRESENTATION_CONTEXT() REPRESENTATION_CONTEXT('2D SPACE',''
  ) );
#4074 = PCURVE('',#3130,#4075);
#4075 = DEFINITIONAL_REPRESENTATION('',(#4076),#4080);
#4076 = LINE('',#4077,#4078);
#4077 = CARTESIAN_POINT('',(8.461193671183,15.367781175201));
#4078 = VECTOR('',#4079,1.);
#4079 = DIRECTION('',(1.,0.));
#4080 = ( GEOMETRIC_REPRESENTATION_CONTEXT(2) 
PARAMETRIC_REPRESENTATION_CONTEXT() REPRESENTATION_CONTEXT('2D SPACE',''
  ) );
#4081 = ORIENTED_EDGE('',*,*,#3836,.T.);
#4082 = ADVANCED_FACE('',(#4083),#3130,.T.);
#4083 = FACE_BOUND('',#4084,.T.);
#4084 = EDGE_LOOP('',(#4085,#4086,#4087,#4088,#4089,#4110,#4111,#4112,
    #4113,#4114,#4115,#4116));
#4085 = ORIENTED_EDGE('',*,*,#3333,.F.);
#4086 = ORIENTED_EDGE('',*,*,#3308,.T.);
#4087 = ORIENTED_EDGE('',*,*,#3201,.T.);
#4088 = ORIENTED_EDGE('',*,*,#3114,.T.);
#4089 = ORIENTED_EDGE('',*,*,#4090,.F.);
#4090 = EDGE_CURVE('',#3620,#3115,#4091,.T.);
#4091 = SURFACE_CURVE('',#4092,(#4096,#4103),.PCURVE_S1.);
#4092 = LINE('',#4093,#4094);
#4093 = CARTESIAN_POINT('',(-44.167295593,-27.,22.8));
#4094 = VECTOR('',#4095,1.);
#4095 = DIRECTION('',(1.,0.,0.));
#4096 = PCURVE('',#3130,#4097);
#4097 = DEFINITIONAL_REPRESENTATION('',(#4098),#4102);
#4098 = LINE('',#4099,#4100);
#4099 = CARTESIAN_POINT('',(-14.01139354467,-22.22903706619));
#4100 = VECTOR('',#4101,1.);
#4101 = DIRECTION('',(0.,1.));
#4102 = ( GEOMETRIC_REPRESENTATION_CONTEXT(2) 
PARAMETRIC_REPRESENTATION_CONTEXT() REPRESENTATION_CONTEXT('2D SPACE',''
  ) );
#4103 = PCURVE('',#3156,#4104);
#4104 = DEFINITIONAL_REPRESENTATION('',(#4105),#4109);
#4105 = LINE('',#4106,#4107);
#4106 = CARTESIAN_POINT('',(0.,5.));
#4107 = VECTOR('',#4108,1.);
#4108 = DIRECTION('',(1.,0.));
#4109 = ( GEOMETRIC_REPRESENTATION_CONTEXT(2) 
PARAMETRIC_REPRESENTATION_CONTEXT() REPRESENTATION_CONTEXT('2D SPACE',''
  ) );
#4110 = ORIENTED_EDGE('',*,*,#3642,.T.);
#4111 = ORIENTED_EDGE('',*,*,#3762,.T.);
#4112 = ORIENTED_EDGE('',*,*,#3941,.F.);
#4113 = ORIENTED_EDGE('',*,*,#3991,.T.);
#4114 = ORIENTED_EDGE('',*,*,#4061,.T.);
#4115 = ORIENTED_EDGE('',*,*,#3864,.T.);
#4116 = ORIENTED_EDGE('',*,*,#3433,.F.);
#4117 = ADVANCED_FACE('',(#4118),#3156,.F.);
#4118 = FACE_BOUND('',#4119,.F.);
#4119 = EDGE_LOOP('',(#4120,#4121,#4122,#4143));
#4120 = ORIENTED_EDGE('',*,*,#4090,.F.);
#4121 = ORIENTED_EDGE('',*,*,#3617,.F.);
#4122 = ORIENTED_EDGE('',*,*,#4123,.T.);
#4123 = EDGE_CURVE('',#3618,#3054,#4124,.T.);
#4124 = SURFACE_CURVE('',#4125,(#4129,#4136),.PCURVE_S1.);
#4125 = LINE('',#4126,#4127);
#4126 = CARTESIAN_POINT('',(-44.167295593,-32.,22.8));
#4127 = VECTOR('',#4128,1.);
#4128 = DIRECTION('',(1.,0.,0.));
#4129 = PCURVE('',#3156,#4130);
#4130 = DEFINITIONAL_REPRESENTATION('',(#4131),#4135);
#4131 = LINE('',#4132,#4133);
#4132 = CARTESIAN_POINT('',(0.,0.));
#4133 = VECTOR('',#4134,1.);
#4134 = DIRECTION('',(1.,0.));
#4135 = ( GEOMETRIC_REPRESENTATION_CONTEXT(2) 
PARAMETRIC_REPRESENTATION_CONTEXT() REPRESENTATION_CONTEXT('2D SPACE',''
  ) );
#4136 = PCURVE('',#3074,#4137);
#4137 = DEFINITIONAL_REPRESENTATION('',(#4138),#4142);
#4138 = LINE('',#4139,#4140);
#4139 = CARTESIAN_POINT('',(-14.01139354467,-22.22903706619));
#4140 = VECTOR('',#4141,1.);
#4141 = DIRECTION('',(0.,1.));
#4142 = ( GEOMETRIC_REPRESENTATION_CONTEXT(2) 
PARAMETRIC_REPRESENTATION_CONTEXT() REPRESENTATION_CONTEXT('2D SPACE',''
  ) );
#4143 = ORIENTED_EDGE('',*,*,#3142,.F.);
#4144 = ADVANCED_FACE('',(#4145,#4155),#3074,.F.);
#4145 = FACE_BOUND('',#4146,.F.);
#4146 = EDGE_LOOP('',(#4147,#4148,#4149,#4150,#4151,#4152,#4153,#4154));
#4147 = ORIENTED_EDGE('',*,*,#3357,.F.);
#4148 = ORIENTED_EDGE('',*,*,#3257,.T.);
#4149 = ORIENTED_EDGE('',*,*,#3228,.T.);
#4150 = ORIENTED_EDGE('',*,*,#3051,.T.);
#4151 = ORIENTED_EDGE('',*,*,#4123,.F.);
#4152 = ORIENTED_EDGE('',*,*,#3710,.F.);
#4153 = ORIENTED_EDGE('',*,*,#3593,.F.);
#4154 = ORIENTED_EDGE('',*,*,#3409,.F.);
#4155 = FACE_BOUND('',#4156,.F.);
#4156 = EDGE_LOOP('',(#4157,#4158,#4159,#4160));
#4157 = ORIENTED_EDGE('',*,*,#4039,.T.);
#4158 = ORIENTED_EDGE('',*,*,#3813,.F.);
#4159 = ORIENTED_EDGE('',*,*,#3890,.F.);
#4160 = ORIENTED_EDGE('',*,*,#3966,.T.);
#4161 = ( GEOMETRIC_REPRESENTATION_CONTEXT(3) 
GLOBAL_UNCERTAINTY_ASSIGNED_CONTEXT((#4165)) 
GLOBAL_UNIT_ASSIGNED_CONTEXT((#4162,#4163,#4164)) REPRESENTATION_CONTEXT
('Context #1','3D Context with UNIT and UNCERTAINTY') );
#4162 = ( LENGTH_UNIT() NAMED_UNIT(*) SI_UNIT(.MILLI.,.METRE.) );
#4163 = ( NAMED_UNIT(*) PLANE_ANGLE_UNIT() SI_UNIT($,.RADIAN.) );
#4164 = ( NAMED_UNIT(*) SI_UNIT($,.STERADIAN.) SOLID_ANGLE_UNIT() );
#4165 = UNCERTAINTY_MEASURE_WITH_UNIT(LENGTH_MEASURE(1.E-07),#4162,
  'distance_accuracy_value','confusion accuracy');
#4166 = CONTEXT_DEPENDENT_SHAPE_REPRESENTATION(#4167,#4169);
#4167 = ( REPRESENTATION_RELATIONSHIP('','',#3044,#10) 
REPRESENTATION_RELATIONSHIP_WITH_TRANSFORMATION(#4168) 
SHAPE_REPRESENTATION_RELATIONSHIP() );
#4168 = ITEM_DEFINED_TRANSFORMATION('','',#11,#43);
#4169 = PRODUCT_DEFINITION_SHAPE('Placement','Placement of an item',
  #4170);
#4170 = NEXT_ASSEMBLY_USAGE_OCCURRENCE('8','tilt_arc','',#5,#3039,$);
#4171 = PRODUCT_RELATED_PRODUCT_CATEGORY('part',$,(#3041));
#4172 = SHAPE_DEFINITION_REPRESENTATION(#4173,#4179);
#4173 = PRODUCT_DEFINITION_SHAPE('','',#4174);
#4174 = PRODUCT_DEFINITION('design','',#4175,#4178);
#4175 = PRODUCT_DEFINITION_FORMATION('','',#4176);
#4176 = PRODUCT('z_micrometre_stage','z_micrometre_stage','',(#4177));
#4177 = PRODUCT_CONTEXT('',#2,'mechanical');
#4178 = PRODUCT_DEFINITION_CONTEXT('part definition',#2,'design');
#4179 = ADVANCED_BREP_SHAPE_REPRESENTATION('',(#11,#4180),#4510);
#4180 = MANIFOLD_SOLID_BREP('',#4181);
#4181 = CLOSED_SHELL('',(#4182,#4302,#4402,#4449,#4496,#4503));
#4182 = ADVANCED_FACE('',(#4183),#4197,.F.);
#4183 = FACE_BOUND('',#4184,.F.);
#4184 = EDGE_LOOP('',(#4185,#4220,#4248,#4276));
#4185 = ORIENTED_EDGE('',*,*,#4186,.F.);
#4186 = EDGE_CURVE('',#4187,#4189,#4191,.T.);
#4187 = VERTEX_POINT('',#4188);
#4188 = CARTESIAN_POINT('',(-40.3688864723,-37.,100.3));
#4189 = VERTEX_POINT('',#4190);
#4190 = CARTESIAN_POINT('',(-40.3688864723,-37.,120.3));
#4191 = SURFACE_CURVE('',#4192,(#4196,#4208),.PCURVE_S1.);
#4192 = LINE('',#4193,#4194);
#4193 = CARTESIAN_POINT('',(-40.3688864723,-37.,100.3));
#4194 = VECTOR('',#4195,1.);
#4195 = DIRECTION('',(0.,0.,1.));
#4196 = PCURVE('',#4197,#4202);
#4197 = PLANE('',#4198);
#4198 = AXIS2_PLACEMENT_3D('',#4199,#4200,#4201);
#4199 = CARTESIAN_POINT('',(-40.3688864723,-37.,100.3));
#4200 = DIRECTION('',(1.,0.,0.));
#4201 = DIRECTION('',(0.,0.,1.));
#4202 = DEFINITIONAL_REPRESENTATION('',(#4203),#4207);
#4203 = LINE('',#4204,#4205);
#4204 = CARTESIAN_POINT('',(0.,0.));
#4205 = VECTOR('',#4206,1.);
#4206 = DIRECTION('',(1.,0.));
#4207 = ( GEOMETRIC_REPRESENTATION_CONTEXT(2) 
PARAMETRIC_REPRESENTATION_CONTEXT() REPRESENTATION_CONTEXT('2D SPACE',''
  ) );
#4208 = PCURVE('',#4209,#4214);
#4209 = PLANE('',#4210);
#4210 = AXIS2_PLACEMENT_3D('',#4211,#4212,#4213);
#4211 = CARTESIAN_POINT('',(-40.3688864723,-37.,100.3));
#4212 = DIRECTION('',(0.,1.,0.));
#4213 = DIRECTION('',(0.,0.,1.));
#4214 = DEFINITIONAL_REPRESENTATION('',(#4215),#4219);
#4215 = LINE('',#4216,#4217);
#4216 = CARTESIAN_POINT('',(0.,0.));
#4217 = VECTOR('',#4218,1.);
#4218 = DIRECTION('',(1.,0.));
#4219 = ( GEOMETRIC_REPRESENTATION_CONTEXT(2) 
PARAMETRIC_REPRESENTATION_CONTEXT() REPRESENTATION_CONTEXT('2D SPACE',''
  ) );
#4220 = ORIENTED_EDGE('',*,*,#4221,.T.);
#4221 = EDGE_CURVE('',#4187,#4222,#4224,.T.);
#4222 = VERTEX_POINT('',#4223);
#4223 = CARTESIAN_POINT('',(-40.3688864723,3.,100.3));
#4224 = SURFACE_CURVE('',#4225,(#4229,#4236),.PCURVE_S1.);
#4225 = LINE('',#4226,#4227);
#4226 = CARTESIAN_POINT('',(-40.3688864723,-37.,100.3));
#4227 = VECTOR('',#4228,1.);
#4228 = DIRECTION('',(0.,1.,0.));
#4229 = PCURVE('',#4197,#4230);
#4230 = DEFINITIONAL_REPRESENTATION('',(#4231),#4235);
#4231 = LINE('',#4232,#4233);
#4232 = CARTESIAN_POINT('',(0.,0.));
#4233 = VECTOR('',#4234,1.);
#4234 = DIRECTION('',(0.,-1.));
#4235 = ( GEOMETRIC_REPRESENTATION_CONTEXT(2) 
PARAMETRIC_REPRESENTATION_CONTEXT() REPRESENTATION_CONTEXT('2D SPACE',''
  ) );
#4236 = PCURVE('',#4237,#4242);
#4237 = PLANE('',#4238);
#4238 = AXIS2_PLACEMENT_3D('',#4239,#4240,#4241);
#4239 = CARTESIAN_POINT('',(-40.3688864723,-37.,100.3));
#4240 = DIRECTION('',(0.,0.,1.));
#4241 = DIRECTION('',(1.,0.,0.));
#4242 = DEFINITIONAL_REPRESENTATION('',(#4243),#4247);
#4243 = LINE('',#4244,#4245);
#4244 = CARTESIAN_POINT('',(0.,0.));
#4245 = VECTOR('',#4246,1.);
#4246 = DIRECTION('',(0.,1.));
#4247 = ( GEOMETRIC_REPRESENTATION_CONTEXT(2) 
PARAMETRIC_REPRESENTATION_CONTEXT() REPRESENTATION_CONTEXT('2D SPACE',''
  ) );
#4248 = ORIENTED_EDGE('',*,*,#4249,.T.);
#4249 = EDGE_CURVE('',#4222,#4250,#4252,.T.);
#4250 = VERTEX_POINT('',#4251);
#4251 = CARTESIAN_POINT('',(-40.3688864723,3.,120.3));
#4252 = SURFACE_CURVE('',#4253,(#4257,#4264),.PCURVE_S1.);
#4253 = LINE('',#4254,#4255);
#4254 = CARTESIAN_POINT('',(-40.3688864723,3.,100.3));
#4255 = VECTOR('',#4256,1.);
#4256 = DIRECTION('',(0.,0.,1.));
#4257 = PCURVE('',#4197,#4258);
#4258 = DEFINITIONAL_REPRESENTATION('',(#4259),#4263);
#4259 = LINE('',#4260,#4261);
#4260 = CARTESIAN_POINT('',(0.,-40.));
#4261 = VECTOR('',#4262,1.);
#4262 = DIRECTION('',(1.,0.));
#4263 = ( GEOMETRIC_REPRESENTATION_CONTEXT(2) 
PARAMETRIC_REPRESENTATION_CONTEXT() REPRESENTATION_CONTEXT('2D SPACE',''
  ) );
#4264 = PCURVE('',#4265,#4270);
#4265 = PLANE('',#4266);
#4266 = AXIS2_PLACEMENT_3D('',#4267,#4268,#4269);
#4267 = CARTESIAN_POINT('',(-40.3688864723,3.,100.3));
#4268 = DIRECTION('',(0.,1.,0.));
#4269 = DIRECTION('',(0.,0.,1.));
#4270 = DEFINITIONAL_REPRESENTATION('',(#4271),#4275);
#4271 = LINE('',#4272,#4273);
#4272 = CARTESIAN_POINT('',(0.,0.));
#4273 = VECTOR('',#4274,1.);
#4274 = DIRECTION('',(1.,0.));
#4275 = ( GEOMETRIC_REPRESENTATION_CONTEXT(2) 
PARAMETRIC_REPRESENTATION_CONTEXT() REPRESENTATION_CONTEXT('2D SPACE',''
  ) );
#4276 = ORIENTED_EDGE('',*,*,#4277,.F.);
#4277 = EDGE_CURVE('',#4189,#4250,#4278,.T.);
#4278 = SURFACE_CURVE('',#4279,(#4283,#4290),.PCURVE_S1.);
#4279 = LINE('',#4280,#4281);
#4280 = CARTESIAN_POINT('',(-40.3688864723,-37.,120.3));
#4281 = VECTOR('',#4282,1.);
#4282 = DIRECTION('',(0.,1.,0.));
#4283 = PCURVE('',#4197,#4284);
#4284 = DEFINITIONAL_REPRESENTATION('',(#4285),#4289);
#4285 = LINE('',#4286,#4287);
#4286 = CARTESIAN_POINT('',(20.,0.));
#4287 = VECTOR('',#4288,1.);
#4288 = DIRECTION('',(0.,-1.));
#4289 = ( GEOMETRIC_REPRESENTATION_CONTEXT(2) 
PARAMETRIC_REPRESENTATION_CONTEXT() REPRESENTATION_CONTEXT('2D SPACE',''
  ) );
#4290 = PCURVE('',#4291,#4296);
#4291 = PLANE('',#4292);
#4292 = AXIS2_PLACEMENT_3D('',#4293,#4294,#4295);
#4293 = CARTESIAN_POINT('',(-40.3688864723,-37.,120.3));
#4294 = DIRECTION('',(0.,0.,1.));
#4295 = DIRECTION('',(1.,0.,0.));
#4296 = DEFINITIONAL_REPRESENTATION('',(#4297),#4301);
#4297 = LINE('',#4298,#4299);
#4298 = CARTESIAN_POINT('',(0.,0.));
#4299 = VECTOR('',#4300,1.);
#4300 = DIRECTION('',(0.,1.));
#4301 = ( GEOMETRIC_REPRESENTATION_CONTEXT(2) 
PARAMETRIC_REPRESENTATION_CONTEXT() REPRESENTATION_CONTEXT('2D SPACE',''
  ) );
#4302 = ADVANCED_FACE('',(#4303),#4317,.T.);
#4303 = FACE_BOUND('',#4304,.T.);
#4304 = EDGE_LOOP('',(#4305,#4335,#4358,#4381));
#4305 = ORIENTED_EDGE('',*,*,#4306,.F.);
#4306 = EDGE_CURVE('',#4307,#4309,#4311,.T.);
#4307 = VERTEX_POINT('',#4308);
#4308 = CARTESIAN_POINT('',(-0.368886472309,-37.,100.3));
#4309 = VERTEX_POINT('',#4310);
#4310 = CARTESIAN_POINT('',(-0.368886472309,-37.,120.3));
#4311 = SURFACE_CURVE('',#4312,(#4316,#4328),.PCURVE_S1.);
#4312 = LINE('',#4313,#4314);
#4313 = CARTESIAN_POINT('',(-0.368886472309,-37.,100.3));
#4314 = VECTOR('',#4315,1.);
#4315 = DIRECTION('',(0.,0.,1.));
#4316 = PCURVE('',#4317,#4322);
#4317 = PLANE('',#4318);
#4318 = AXIS2_PLACEMENT_3D('',#4319,#4320,#4321);
#4319 = CARTESIAN_POINT('',(-0.368886472309,-37.,100.3));
#4320 = DIRECTION('',(1.,0.,0.));
#4321 = DIRECTION('',(0.,0.,1.));
#4322 = DEFINITIONAL_REPRESENTATION('',(#4323),#4327);
#4323 = LINE('',#4324,#4325);
#4324 = CARTESIAN_POINT('',(0.,0.));
#4325 = VECTOR('',#4326,1.);
#4326 = DIRECTION('',(1.,0.));
#4327 = ( GEOMETRIC_REPRESENTATION_CONTEXT(2) 
PARAMETRIC_REPRESENTATION_CONTEXT() REPRESENTATION_CONTEXT('2D SPACE',''
  ) );
#4328 = PCURVE('',#4209,#4329);
#4329 = DEFINITIONAL_REPRESENTATION('',(#4330),#4334);
#4330 = LINE('',#4331,#4332);
#4331 = CARTESIAN_POINT('',(0.,40.));
#4332 = VECTOR('',#4333,1.);
#4333 = DIRECTION('',(1.,0.));
#4334 = ( GEOMETRIC_REPRESENTATION_CONTEXT(2) 
PARAMETRIC_REPRESENTATION_CONTEXT() REPRESENTATION_CONTEXT('2D SPACE',''
  ) );
#4335 = ORIENTED_EDGE('',*,*,#4336,.T.);
#4336 = EDGE_CURVE('',#4307,#4337,#4339,.T.);
#4337 = VERTEX_POINT('',#4338);
#4338 = CARTESIAN_POINT('',(-0.368886472309,3.,100.3));
#4339 = SURFACE_CURVE('',#4340,(#4344,#4351),.PCURVE_S1.);
#4340 = LINE('',#4341,#4342);
#4341 = CARTESIAN_POINT('',(-0.368886472309,-37.,100.3));
#4342 = VECTOR('',#4343,1.);
#4343 = DIRECTION('',(0.,1.,0.));
#4344 = PCURVE('',#4317,#4345);
#4345 = DEFINITIONAL_REPRESENTATION('',(#4346),#4350);
#4346 = LINE('',#4347,#4348);
#4347 = CARTESIAN_POINT('',(0.,0.));
#4348 = VECTOR('',#4349,1.);
#4349 = DIRECTION('',(0.,-1.));
#4350 = ( GEOMETRIC_REPRESENTATION_CONTEXT(2) 
PARAMETRIC_REPRESENTATION_CONTEXT() REPRESENTATION_CONTEXT('2D SPACE',''
  ) );
#4351 = PCURVE('',#4237,#4352);
#4352 = DEFINITIONAL_REPRESENTATION('',(#4353),#4357);
#4353 = LINE('',#4354,#4355);
#4354 = CARTESIAN_POINT('',(40.,0.));
#4355 = VECTOR('',#4356,1.);
#4356 = DIRECTION('',(0.,1.));
#4357 = ( GEOMETRIC_REPRESENTATION_CONTEXT(2) 
PARAMETRIC_REPRESENTATION_CONTEXT() REPRESENTATION_CONTEXT('2D SPACE',''
  ) );
#4358 = ORIENTED_EDGE('',*,*,#4359,.T.);
#4359 = EDGE_CURVE('',#4337,#4360,#4362,.T.);
#4360 = VERTEX_POINT('',#4361);
#4361 = CARTESIAN_POINT('',(-0.368886472309,3.,120.3));
#4362 = SURFACE_CURVE('',#4363,(#4367,#4374),.PCURVE_S1.);
#4363 = LINE('',#4364,#4365);
#4364 = CARTESIAN_POINT('',(-0.368886472309,3.,100.3));
#4365 = VECTOR('',#4366,1.);
#4366 = DIRECTION('',(0.,0.,1.));
#4367 = PCURVE('',#4317,#4368);
#4368 = DEFINITIONAL_REPRESENTATION('',(#4369),#4373);
#4369 = LINE('',#4370,#4371);
#4370 = CARTESIAN_POINT('',(0.,-40.));
#4371 = VECTOR('',#4372,1.);
#4372 = DIRECTION('',(1.,0.));
#4373 = ( GEOMETRIC_REPRESENTATION_CONTEXT(2) 
PARAMETRIC_REPRESENTATION_CONTEXT() REPRESENTATION_CONTEXT('2D SPACE',''
  ) );
#4374 = PCURVE('',#4265,#4375);
#4375 = DEFINITIONAL_REPRESENTATION('',(#4376),#4380);
#4376 = LINE('',#4377,#4378);
#4377 = CARTESIAN_POINT('',(0.,40.));
#4378 = VECTOR('',#4379,1.);
#4379 = DIRECTION('',(1.,0.));
#4380 = ( GEOMETRIC_REPRESENTATION_CONTEXT(2) 
PARAMETRIC_REPRESENTATION_CONTEXT() REPRESENTATION_CONTEXT('2D SPACE',''
  ) );
#4381 = ORIENTED_EDGE('',*,*,#4382,.F.);
#4382 = EDGE_CURVE('',#4309,#4360,#4383,.T.);
#4383 = SURFACE_CURVE('',#4384,(#4388,#4395),.PCURVE_S1.);
#4384 = LINE('',#4385,#4386);
#4385 = CARTESIAN_POINT('',(-0.368886472309,-37.,120.3));
#4386 = VECTOR('',#4387,1.);
#4387 = DIRECTION('',(0.,1.,0.));
#4388 = PCURVE('',#4317,#4389);
#4389 = DEFINITIONAL_REPRESENTATION('',(#4390),#4394);
#4390 = LINE('',#4391,#4392);
#4391 = CARTESIAN_POINT('',(20.,0.));
#4392 = VECTOR('',#4393,1.);
#4393 = DIRECTION('',(0.,-1.));
#4394 = ( GEOMETRIC_REPRESENTATION_CONTEXT(2) 
PARAMETRIC_REPRESENTATION_CONTEXT() REPRESENTATION_CONTEXT('2D SPACE',''
  ) );
#4395 = PCURVE('',#4291,#4396);
#4396 = DEFINITIONAL_REPRESENTATION('',(#4397),#4401);
#4397 = LINE('',#4398,#4399);
#4398 = CARTESIAN_POINT('',(40.,0.));
#4399 = VECTOR('',#4400,1.);
#4400 = DIRECTION('',(0.,1.));
#4401 = ( GEOMETRIC_REPRESENTATION_CONTEXT(2) 
PARAMETRIC_REPRESENTATION_CONTEXT() REPRESENTATION_CONTEXT('2D SPACE',''
  ) );
#4402 = ADVANCED_FACE('',(#4403),#4209,.F.);
#4403 = FACE_BOUND('',#4404,.F.);
#4404 = EDGE_LOOP('',(#4405,#4426,#4427,#4448));
#4405 = ORIENTED_EDGE('',*,*,#4406,.F.);
#4406 = EDGE_CURVE('',#4187,#4307,#4407,.T.);
#4407 = SURFACE_CURVE('',#4408,(#4412,#4419),.PCURVE_S1.);
#4408 = LINE('',#4409,#4410);
#4409 = CARTESIAN_POINT('',(-40.3688864723,-37.,100.3));
#4410 = VECTOR('',#4411,1.);
#4411 = DIRECTION('',(1.,0.,0.));
#4412 = PCURVE('',#4209,#4413);
#4413 = DEFINITIONAL_REPRESENTATION('',(#4414),#4418);
#4414 = LINE('',#4415,#4416);
#4415 = CARTESIAN_POINT('',(0.,0.));
#4416 = VECTOR('',#4417,1.);
#4417 = DIRECTION('',(0.,1.));
#4418 = ( GEOMETRIC_REPRESENTATION_CONTEXT(2) 
PARAMETRIC_REPRESENTATION_CONTEXT() REPRESENTATION_CONTEXT('2D SPACE',''
  ) );
#4419 = PCURVE('',#4237,#4420);
#4420 = DEFINITIONAL_REPRESENTATION('',(#4421),#4425);
#4421 = LINE('',#4422,#4423);
#4422 = CARTESIAN_POINT('',(0.,0.));
#4423 = VECTOR('',#4424,1.);
#4424 = DIRECTION('',(1.,0.));
#4425 = ( GEOMETRIC_REPRESENTATION_CONTEXT(2) 
PARAMETRIC_REPRESENTATION_CONTEXT() REPRESENTATION_CONTEXT('2D SPACE',''
  ) );
#4426 = ORIENTED_EDGE('',*,*,#4186,.T.);
#4427 = ORIENTED_EDGE('',*,*,#4428,.T.);
#4428 = EDGE_CURVE('',#4189,#4309,#4429,.T.);
#4429 = SURFACE_CURVE('',#4430,(#4434,#4441),.PCURVE_S1.);
#4430 = LINE('',#4431,#4432);
#4431 = CARTESIAN_POINT('',(-40.3688864723,-37.,120.3));
#4432 = VECTOR('',#4433,1.);
#4433 = DIRECTION('',(1.,0.,0.));
#4434 = PCURVE('',#4209,#4435);
#4435 = DEFINITIONAL_REPRESENTATION('',(#4436),#4440);
#4436 = LINE('',#4437,#4438);
#4437 = CARTESIAN_POINT('',(20.,0.));
#4438 = VECTOR('',#4439,1.);
#4439 = DIRECTION('',(0.,1.));
#4440 = ( GEOMETRIC_REPRESENTATION_CONTEXT(2) 
PARAMETRIC_REPRESENTATION_CONTEXT() REPRESENTATION_CONTEXT('2D SPACE',''
  ) );
#4441 = PCURVE('',#4291,#4442);
#4442 = DEFINITIONAL_REPRESENTATION('',(#4443),#4447);
#4443 = LINE('',#4444,#4445);
#4444 = CARTESIAN_POINT('',(0.,0.));
#4445 = VECTOR('',#4446,1.);
#4446 = DIRECTION('',(1.,0.));
#4447 = ( GEOMETRIC_REPRESENTATION_CONTEXT(2) 
PARAMETRIC_REPRESENTATION_CONTEXT() REPRESENTATION_CONTEXT('2D SPACE',''
  ) );
#4448 = ORIENTED_EDGE('',*,*,#4306,.F.);
#4449 = ADVANCED_FACE('',(#4450),#4265,.T.);
#4450 = FACE_BOUND('',#4451,.T.);
#4451 = EDGE_LOOP('',(#4452,#4473,#4474,#4495));
#4452 = ORIENTED_EDGE('',*,*,#4453,.F.);
#4453 = EDGE_CURVE('',#4222,#4337,#4454,.T.);
#4454 = SURFACE_CURVE('',#4455,(#4459,#4466),.PCURVE_S1.);
#4455 = LINE('',#4456,#4457);
#4456 = CARTESIAN_POINT('',(-40.3688864723,3.,100.3));
#4457 = VECTOR('',#4458,1.);
#4458 = DIRECTION('',(1.,0.,0.));
#4459 = PCURVE('',#4265,#4460);
#4460 = DEFINITIONAL_REPRESENTATION('',(#4461),#4465);
#4461 = LINE('',#4462,#4463);
#4462 = CARTESIAN_POINT('',(0.,0.));
#4463 = VECTOR('',#4464,1.);
#4464 = DIRECTION('',(0.,1.));
#4465 = ( GEOMETRIC_REPRESENTATION_CONTEXT(2) 
PARAMETRIC_REPRESENTATION_CONTEXT() REPRESENTATION_CONTEXT('2D SPACE',''
  ) );
#4466 = PCURVE('',#4237,#4467);
#4467 = DEFINITIONAL_REPRESENTATION('',(#4468),#4472);
#4468 = LINE('',#4469,#4470);
#4469 = CARTESIAN_POINT('',(0.,40.));
#4470 = VECTOR('',#4471,1.);
#4471 = DIRECTION('',(1.,0.));
#4472 = ( GEOMETRIC_REPRESENTATION_CONTEXT(2) 
PARAMETRIC_REPRESENTATION_CONTEXT() REPRESENTATION_CONTEXT('2D SPACE',''
  ) );
#4473 = ORIENTED_EDGE('',*,*,#4249,.T.);
#4474 = ORIENTED_EDGE('',*,*,#4475,.T.);
#4475 = EDGE_CURVE('',#4250,#4360,#4476,.T.);
#4476 = SURFACE_CURVE('',#4477,(#4481,#4488),.PCURVE_S1.);
#4477 = LINE('',#4478,#4479);
#4478 = CARTESIAN_POINT('',(-40.3688864723,3.,120.3));
#4479 = VECTOR('',#4480,1.);
#4480 = DIRECTION('',(1.,0.,0.));
#4481 = PCURVE('',#4265,#4482);
#4482 = DEFINITIONAL_REPRESENTATION('',(#4483),#4487);
#4483 = LINE('',#4484,#4485);
#4484 = CARTESIAN_POINT('',(20.,0.));
#4485 = VECTOR('',#4486,1.);
#4486 = DIRECTION('',(0.,1.));
#4487 = ( GEOMETRIC_REPRESENTATION_CONTEXT(2) 
PARAMETRIC_REPRESENTATION_CONTEXT() REPRESENTATION_CONTEXT('2D SPACE',''
  ) );
#4488 = PCURVE('',#4291,#4489);
#4489 = DEFINITIONAL_REPRESENTATION('',(#4490),#4494);
#4490 = LINE('',#4491,#4492);
#4491 = CARTESIAN_POINT('',(0.,40.));
#4492 = VECTOR('',#4493,1.);
#4493 = DIRECTION('',(1.,0.));
#4494 = ( GEOMETRIC_REPRESENTATION_CONTEXT(2) 
PARAMETRIC_REPRESENTATION_CONTEXT() REPRESENTATION_CONTEXT('2D SPACE',''
  ) );
#4495 = ORIENTED_EDGE('',*,*,#4359,.F.);
#4496 = ADVANCED_FACE('',(#4497),#4237,.F.);
#4497 = FACE_BOUND('',#4498,.F.);
#4498 = EDGE_LOOP('',(#4499,#4500,#4501,#4502));
#4499 = ORIENTED_EDGE('',*,*,#4221,.F.);
#4500 = ORIENTED_EDGE('',*,*,#4406,.T.);
#4501 = ORIENTED_EDGE('',*,*,#4336,.T.);
#4502 = ORIENTED_EDGE('',*,*,#4453,.F.);
#4503 = ADVANCED_FACE('',(#4504),#4291,.T.);
#4504 = FACE_BOUND('',#4505,.T.);
#4505 = EDGE_LOOP('',(#4506,#4507,#4508,#4509));
#4506 = ORIENTED_EDGE('',*,*,#4277,.F.);
#4507 = ORIENTED_EDGE('',*,*,#4428,.T.);
#4508 = ORIENTED_EDGE('',*,*,#4382,.T.);
#4509 = ORIENTED_EDGE('',*,*,#4475,.F.);
#4510 = ( GEOMETRIC_REPRESENTATION_CONTEXT(3) 
GLOBAL_UNCERTAINTY_ASSIGNED_CONTEXT((#4514)) 
GLOBAL_UNIT_ASSIGNED_CONTEXT((#4511,#4512,#4513)) REPRESENTATION_CONTEXT
('Context #1','3D Context with UNIT and UNCERTAINTY') );
#4511 = ( LENGTH_UNIT() NAMED_UNIT(*) SI_UNIT(.MILLI.,.METRE.) );
#4512 = ( NAMED_UNIT(*) PLANE_ANGLE_UNIT() SI_UNIT($,.RADIAN.) );
#4513 = ( NAMED_UNIT(*) SI_UNIT($,.STERADIAN.) SOLID_ANGLE_UNIT() );
#4514 = UNCERTAINTY_MEASURE_WITH_UNIT(LENGTH_MEASURE(1.E-07),#4511,
  'distance_accuracy_value','confusion accuracy');
#4515 = CONTEXT_DEPENDENT_SHAPE_REPRESENTATION(#4516,#4518);
#4516 = ( REPRESENTATION_RELATIONSHIP('','',#4179,#10) 
REPRESENTATION_RELATIONSHIP_WITH_TRANSFORMATION(#4517) 
SHAPE_REPRESENTATION_RELATIONSHIP() );
#4517 = ITEM_DEFINED_TRANSFORMATION('','',#11,#47);
#4518 = PRODUCT_DEFINITION_SHAPE('Placement','Placement of an item',
  #4519);
#4519 = NEXT_ASSEMBLY_USAGE_OCCURRENCE('9','z_micrometre_stage','',#5,
  #4174,$);
#4520 = PRODUCT_RELATED_PRODUCT_CATEGORY('part',$,(#4176));
#4521 = SHAPE_DEFINITION_REPRESENTATION(#4522,#4528);
#4522 = PRODUCT_DEFINITION_SHAPE('','',#4523);
#4523 = PRODUCT_DEFINITION('design','',#4524,#4527);
#4524 = PRODUCT_DEFINITION_FORMATION('','',#4525);
#4525 = PRODUCT('head_plate','head_plate','',(#4526));
#4526 = PRODUCT_CONTEXT('',#2,'mechanical');
#4527 = PRODUCT_DEFINITION_CONTEXT('part definition',#2,'design');
#4528 = ADVANCED_BREP_SHAPE_REPRESENTATION('',(#11,#4529),#4859);
#4529 = MANIFOLD_SOLID_BREP('',#4530);
#4530 = CLOSED_SHELL('',(#4531,#4651,#4751,#4798,#4845,#4852));
#4531 = ADVANCED_FACE('',(#4532),#4546,.F.);
#4532 = FACE_BOUND('',#4533,.F.);
#4533 = EDGE_LOOP('',(#4534,#4569,#4597,#4625));
#4534 = ORIENTED_EDGE('',*,*,#4535,.F.);
#4535 = EDGE_CURVE('',#4536,#4538,#4540,.T.);
#4536 = VERTEX_POINT('',#4537);
#4537 = CARTESIAN_POINT('',(-55.3688864723,-30.,120.3));
#4538 = VERTEX_POINT('',#4539);
#4539 = CARTESIAN_POINT('',(-55.3688864723,-30.,126.3));
#4540 = SURFACE_CURVE('',#4541,(#4545,#4557),.PCURVE_S1.);
#4541 = LINE('',#4542,#4543);
#4542 = CARTESIAN_POINT('',(-55.3688864723,-30.,120.3));
#4543 = VECTOR('',#4544,1.);
#4544 = DIRECTION('',(0.,0.,1.));
#4545 = PCURVE('',#4546,#4551);
#4546 = PLANE('',#4547);
#4547 = AXIS2_PLACEMENT_3D('',#4548,#4549,#4550);
#4548 = CARTESIAN_POINT('',(-55.3688864723,-30.,120.3));
#4549 = DIRECTION('',(1.,0.,0.));
#4550 = DIRECTION('',(0.,0.,1.));
#4551 = DEFINITIONAL_REPRESENTATION('',(#4552),#4556);
#4552 = LINE('',#4553,#4554);
#4553 = CARTESIAN_POINT('',(0.,0.));
#4554 = VECTOR('',#4555,1.);
#4555 = DIRECTION('',(1.,0.));
#4556 = ( GEOMETRIC_REPRESENTATION_CONTEXT(2) 
PARAMETRIC_REPRESENTATION_CONTEXT() REPRESENTATION_CONTEXT('2D SPACE',''
  ) );
#4557 = PCURVE('',#4558,#4563);
#4558 = PLANE('',#4559);
#4559 = AXIS2_PLACEMENT_3D('',#4560,#4561,#4562);
#4560 = CARTESIAN_POINT('',(-55.3688864723,-30.,120.3));
#4561 = DIRECTION('',(0.,1.,0.));
#4562 = DIRECTION('',(0.,0.,1.));
#4563 = DEFINITIONAL_REPRESENTATION('',(#4564),#4568);
#4564 = LINE('',#4565,#4566);
#4565 = CARTESIAN_POINT('',(0.,0.));
#4566 = VECTOR('',#4567,1.);
#4567 = DIRECTION('',(1.,0.));
#4568 = ( GEOMETRIC_REPRESENTATION_CONTEXT(2) 
PARAMETRIC_REPRESENTATION_CONTEXT() REPRESENTATION_CONTEXT('2D SPACE',''
  ) );
#4569 = ORIENTED_EDGE('',*,*,#4570,.T.);
#4570 = EDGE_CURVE('',#4536,#4571,#4573,.T.);
#4571 = VERTEX_POINT('',#4572);
#4572 = CARTESIAN_POINT('',(-55.3688864723,30.,120.3));
#4573 = SURFACE_CURVE('',#4574,(#4578,#4585),.PCURVE_S1.);
#4574 = LINE('',#4575,#4576);
#4575 = CARTESIAN_POINT('',(-55.3688864723,-30.,120.3));
#4576 = VECTOR('',#4577,1.);
#4577 = DIRECTION('',(0.,1.,0.));
#4578 = PCURVE('',#4546,#4579);
#4579 = DEFINITIONAL_REPRESENTATION('',(#4580),#4584);
#4580 = LINE('',#4581,#4582);
#4581 = CARTESIAN_POINT('',(0.,0.));
#4582 = VECTOR('',#4583,1.);
#4583 = DIRECTION('',(0.,-1.));
#4584 = ( GEOMETRIC_REPRESENTATION_CONTEXT(2) 
PARAMETRIC_REPRESENTATION_CONTEXT() REPRESENTATION_CONTEXT('2D SPACE',''
  ) );
#4585 = PCURVE('',#4586,#4591);
#4586 = PLANE('',#4587);
#4587 = AXIS2_PLACEMENT_3D('',#4588,#4589,#4590);
#4588 = CARTESIAN_POINT('',(-55.3688864723,-30.,120.3));
#4589 = DIRECTION('',(0.,0.,1.));
#4590 = DIRECTION('',(1.,0.,0.));
#4591 = DEFINITIONAL_REPRESENTATION('',(#4592),#4596);
#4592 = LINE('',#4593,#4594);
#4593 = CARTESIAN_POINT('',(0.,0.));
#4594 = VECTOR('',#4595,1.);
#4595 = DIRECTION('',(0.,1.));
#4596 = ( GEOMETRIC_REPRESENTATION_CONTEXT(2) 
PARAMETRIC_REPRESENTATION_CONTEXT() REPRESENTATION_CONTEXT('2D SPACE',''
  ) );
#4597 = ORIENTED_EDGE('',*,*,#4598,.T.);
#4598 = EDGE_CURVE('',#4571,#4599,#4601,.T.);
#4599 = VERTEX_POINT('',#4600);
#4600 = CARTESIAN_POINT('',(-55.3688864723,30.,126.3));
#4601 = SURFACE_CURVE('',#4602,(#4606,#4613),.PCURVE_S1.);
#4602 = LINE('',#4603,#4604);
#4603 = CARTESIAN_POINT('',(-55.3688864723,30.,120.3));
#4604 = VECTOR('',#4605,1.);
#4605 = DIRECTION('',(0.,0.,1.));
#4606 = PCURVE('',#4546,#4607);
#4607 = DEFINITIONAL_REPRESENTATION('',(#4608),#4612);
#4608 = LINE('',#4609,#4610);
#4609 = CARTESIAN_POINT('',(0.,-60.));
#4610 = VECTOR('',#4611,1.);
#4611 = DIRECTION('',(1.,0.));
#4612 = ( GEOMETRIC_REPRESENTATION_CONTEXT(2) 
PARAMETRIC_REPRESENTATION_CONTEXT() REPRESENTATION_CONTEXT('2D SPACE',''
  ) );
#4613 = PCURVE('',#4614,#4619);
#4614 = PLANE('',#4615);
#4615 = AXIS2_PLACEMENT_3D('',#4616,#4617,#4618);
#4616 = CARTESIAN_POINT('',(-55.3688864723,30.,120.3));
#4617 = DIRECTION('',(0.,1.,0.));
#4618 = DIRECTION('',(0.,0.,1.));
#4619 = DEFINITIONAL_REPRESENTATION('',(#4620),#4624);
#4620 = LINE('',#4621,#4622);
#4621 = CARTESIAN_POINT('',(0.,0.));
#4622 = VECTOR('',#4623,1.);
#4623 = DIRECTION('',(1.,0.));
#4624 = ( GEOMETRIC_REPRESENTATION_CONTEXT(2) 
PARAMETRIC_REPRESENTATION_CONTEXT() REPRESENTATION_CONTEXT('2D SPACE',''
  ) );
#4625 = ORIENTED_EDGE('',*,*,#4626,.F.);
#4626 = EDGE_CURVE('',#4538,#4599,#4627,.T.);
#4627 = SURFACE_CURVE('',#4628,(#4632,#4639),.PCURVE_S1.);
#4628 = LINE('',#4629,#4630);
#4629 = CARTESIAN_POINT('',(-55.3688864723,-30.,126.3));
#4630 = VECTOR('',#4631,1.);
#4631 = DIRECTION('',(0.,1.,0.));
#4632 = PCURVE('',#4546,#4633);
#4633 = DEFINITIONAL_REPRESENTATION('',(#4634),#4638);
#4634 = LINE('',#4635,#4636);
#4635 = CARTESIAN_POINT('',(6.,0.));
#4636 = VECTOR('',#4637,1.);
#4637 = DIRECTION('',(0.,-1.));
#4638 = ( GEOMETRIC_REPRESENTATION_CONTEXT(2) 
PARAMETRIC_REPRESENTATION_CONTEXT() REPRESENTATION_CONTEXT('2D SPACE',''
  ) );
#4639 = PCURVE('',#4640,#4645);
#4640 = PLANE('',#4641);
#4641 = AXIS2_PLACEMENT_3D('',#4642,#4643,#4644);
#4642 = CARTESIAN_POINT('',(-55.3688864723,-30.,126.3));
#4643 = DIRECTION('',(0.,0.,1.));
#4644 = DIRECTION('',(1.,0.,0.));
#4645 = DEFINITIONAL_REPRESENTATION('',(#4646),#4650);
#4646 = LINE('',#4647,#4648);
#4647 = CARTESIAN_POINT('',(0.,0.));
#4648 = VECTOR('',#4649,1.);
#4649 = DIRECTION('',(0.,1.));
#4650 = ( GEOMETRIC_REPRESENTATION_CONTEXT(2) 
PARAMETRIC_REPRESENTATION_CONTEXT() REPRESENTATION_CONTEXT('2D SPACE',''
  ) );
#4651 = ADVANCED_FACE('',(#4652),#4666,.T.);
#4652 = FACE_BOUND('',#4653,.T.);
#4653 = EDGE_LOOP('',(#4654,#4684,#4707,#4730));
#4654 = ORIENTED_EDGE('',*,*,#4655,.F.);
#4655 = EDGE_CURVE('',#4656,#4658,#4660,.T.);
#4656 = VERTEX_POINT('',#4657);
#4657 = CARTESIAN_POINT('',(54.631113527691,-30.,120.3));
#4658 = VERTEX_POINT('',#4659);
#4659 = CARTESIAN_POINT('',(54.631113527691,-30.,126.3));
#4660 = SURFACE_CURVE('',#4661,(#4665,#4677),.PCURVE_S1.);
#4661 = LINE('',#4662,#4663);
#4662 = CARTESIAN_POINT('',(54.631113527691,-30.,120.3));
#4663 = VECTOR('',#4664,1.);
#4664 = DIRECTION('',(0.,0.,1.));
#4665 = PCURVE('',#4666,#4671);
#4666 = PLANE('',#4667);
#4667 = AXIS2_PLACEMENT_3D('',#4668,#4669,#4670);
#4668 = CARTESIAN_POINT('',(54.631113527691,-30.,120.3));
#4669 = DIRECTION('',(1.,0.,0.));
#4670 = DIRECTION('',(0.,0.,1.));
#4671 = DEFINITIONAL_REPRESENTATION('',(#4672),#4676);
#4672 = LINE('',#4673,#4674);
#4673 = CARTESIAN_POINT('',(0.,0.));
#4674 = VECTOR('',#4675,1.);
#4675 = DIRECTION('',(1.,0.));
#4676 = ( GEOMETRIC_REPRESENTATION_CONTEXT(2) 
PARAMETRIC_REPRESENTATION_CONTEXT() REPRESENTATION_CONTEXT('2D SPACE',''
  ) );
#4677 = PCURVE('',#4558,#4678);
#4678 = DEFINITIONAL_REPRESENTATION('',(#4679),#4683);
#4679 = LINE('',#4680,#4681);
#4680 = CARTESIAN_POINT('',(0.,110.));
#4681 = VECTOR('',#4682,1.);
#4682 = DIRECTION('',(1.,0.));
#4683 = ( GEOMETRIC_REPRESENTATION_CONTEXT(2) 
PARAMETRIC_REPRESENTATION_CONTEXT() REPRESENTATION_CONTEXT('2D SPACE',''
  ) );
#4684 = ORIENTED_EDGE('',*,*,#4685,.T.);
#4685 = EDGE_CURVE('',#4656,#4686,#4688,.T.);
#4686 = VERTEX_POINT('',#4687);
#4687 = CARTESIAN_POINT('',(54.631113527691,30.,120.3));
#4688 = SURFACE_CURVE('',#4689,(#4693,#4700),.PCURVE_S1.);
#4689 = LINE('',#4690,#4691);
#4690 = CARTESIAN_POINT('',(54.631113527691,-30.,120.3));
#4691 = VECTOR('',#4692,1.);
#4692 = DIRECTION('',(0.,1.,0.));
#4693 = PCURVE('',#4666,#4694);
#4694 = DEFINITIONAL_REPRESENTATION('',(#4695),#4699);
#4695 = LINE('',#4696,#4697);
#4696 = CARTESIAN_POINT('',(0.,0.));
#4697 = VECTOR('',#4698,1.);
#4698 = DIRECTION('',(0.,-1.));
#4699 = ( GEOMETRIC_REPRESENTATION_CONTEXT(2) 
PARAMETRIC_REPRESENTATION_CONTEXT() REPRESENTATION_CONTEXT('2D SPACE',''
  ) );
#4700 = PCURVE('',#4586,#4701);
#4701 = DEFINITIONAL_REPRESENTATION('',(#4702),#4706);
#4702 = LINE('',#4703,#4704);
#4703 = CARTESIAN_POINT('',(110.,0.));
#4704 = VECTOR('',#4705,1.);
#4705 = DIRECTION('',(0.,1.));
#4706 = ( GEOMETRIC_REPRESENTATION_CONTEXT(2) 
PARAMETRIC_REPRESENTATION_CONTEXT() REPRESENTATION_CONTEXT('2D SPACE',''
  ) );
#4707 = ORIENTED_EDGE('',*,*,#4708,.T.);
#4708 = EDGE_CURVE('',#4686,#4709,#4711,.T.);
#4709 = VERTEX_POINT('',#4710);
#4710 = CARTESIAN_POINT('',(54.631113527691,30.,126.3));
#4711 = SURFACE_CURVE('',#4712,(#4716,#4723),.PCURVE_S1.);
#4712 = LINE('',#4713,#4714);
#4713 = CARTESIAN_POINT('',(54.631113527691,30.,120.3));
#4714 = VECTOR('',#4715,1.);
#4715 = DIRECTION('',(0.,0.,1.));
#4716 = PCURVE('',#4666,#4717);
#4717 = DEFINITIONAL_REPRESENTATION('',(#4718),#4722);
#4718 = LINE('',#4719,#4720);
#4719 = CARTESIAN_POINT('',(0.,-60.));
#4720 = VECTOR('',#4721,1.);
#4721 = DIRECTION('',(1.,0.));
#4722 = ( GEOMETRIC_REPRESENTATION_CONTEXT(2) 
PARAMETRIC_REPRESENTATION_CONTEXT() REPRESENTATION_CONTEXT('2D SPACE',''
  ) );
#4723 = PCURVE('',#4614,#4724);
#4724 = DEFINITIONAL_REPRESENTATION('',(#4725),#4729);
#4725 = LINE('',#4726,#4727);
#4726 = CARTESIAN_POINT('',(0.,110.));
#4727 = VECTOR('',#4728,1.);
#4728 = DIRECTION('',(1.,0.));
#4729 = ( GEOMETRIC_REPRESENTATION_CONTEXT(2) 
PARAMETRIC_REPRESENTATION_CONTEXT() REPRESENTATION_CONTEXT('2D SPACE',''
  ) );
#4730 = ORIENTED_EDGE('',*,*,#4731,.F.);
#4731 = EDGE_CURVE('',#4658,#4709,#4732,.T.);
#4732 = SURFACE_CURVE('',#4733,(#4737,#4744),.PCURVE_S1.);
#4733 = LINE('',#4734,#4735);
#4734 = CARTESIAN_POINT('',(54.631113527691,-30.,126.3));
#4735 = VECTOR('',#4736,1.);
#4736 = DIRECTION('',(0.,1.,0.));
#4737 = PCURVE('',#4666,#4738);
#4738 = DEFINITIONAL_REPRESENTATION('',(#4739),#4743);
#4739 = LINE('',#4740,#4741);
#4740 = CARTESIAN_POINT('',(6.,0.));
#4741 = VECTOR('',#4742,1.);
#4742 = DIRECTION('',(0.,-1.));
#4743 = ( GEOMETRIC_REPRESENTATION_CONTEXT(2) 
PARAMETRIC_REPRESENTATION_CONTEXT() REPRESENTATION_CONTEXT('2D SPACE',''
  ) );
#4744 = PCURVE('',#4640,#4745);
#4745 = DEFINITIONAL_REPRESENTATION('',(#4746),#4750);
#4746 = LINE('',#4747,#4748);
#4747 = CARTESIAN_POINT('',(110.,0.));
#4748 = VECTOR('',#4749,1.);
#4749 = DIRECTION('',(0.,1.));
#4750 = ( GEOMETRIC_REPRESENTATION_CONTEXT(2) 
PARAMETRIC_REPRESENTATION_CONTEXT() REPRESENTATION_CONTEXT('2D SPACE',''
  ) );
#4751 = ADVANCED_FACE('',(#4752),#4558,.F.);
#4752 = FACE_BOUND('',#4753,.F.);
#4753 = EDGE_LOOP('',(#4754,#4775,#4776,#4797));
#4754 = ORIENTED_EDGE('',*,*,#4755,.F.);
#4755 = EDGE_CURVE('',#4536,#4656,#4756,.T.);
#4756 = SURFACE_CURVE('',#4757,(#4761,#4768),.PCURVE_S1.);
#4757 = LINE('',#4758,#4759);
#4758 = CARTESIAN_POINT('',(-55.3688864723,-30.,120.3));
#4759 = VECTOR('',#4760,1.);
#4760 = DIRECTION('',(1.,0.,0.));
#4761 = PCURVE('',#4558,#4762);
#4762 = DEFINITIONAL_REPRESENTATION('',(#4763),#4767);
#4763 = LINE('',#4764,#4765);
#4764 = CARTESIAN_POINT('',(0.,0.));
#4765 = VECTOR('',#4766,1.);
#4766 = DIRECTION('',(0.,1.));
#4767 = ( GEOMETRIC_REPRESENTATION_CONTEXT(2) 
PARAMETRIC_REPRESENTATION_CONTEXT() REPRESENTATION_CONTEXT('2D SPACE',''
  ) );
#4768 = PCURVE('',#4586,#4769);
#4769 = DEFINITIONAL_REPRESENTATION('',(#4770),#4774);
#4770 = LINE('',#4771,#4772);
#4771 = CARTESIAN_POINT('',(0.,0.));
#4772 = VECTOR('',#4773,1.);
#4773 = DIRECTION('',(1.,0.));
#4774 = ( GEOMETRIC_REPRESENTATION_CONTEXT(2) 
PARAMETRIC_REPRESENTATION_CONTEXT() REPRESENTATION_CONTEXT('2D SPACE',''
  ) );
#4775 = ORIENTED_EDGE('',*,*,#4535,.T.);
#4776 = ORIENTED_EDGE('',*,*,#4777,.T.);
#4777 = EDGE_CURVE('',#4538,#4658,#4778,.T.);
#4778 = SURFACE_CURVE('',#4779,(#4783,#4790),.PCURVE_S1.);
#4779 = LINE('',#4780,#4781);
#4780 = CARTESIAN_POINT('',(-55.3688864723,-30.,126.3));
#4781 = VECTOR('',#4782,1.);
#4782 = DIRECTION('',(1.,0.,0.));
#4783 = PCURVE('',#4558,#4784);
#4784 = DEFINITIONAL_REPRESENTATION('',(#4785),#4789);
#4785 = LINE('',#4786,#4787);
#4786 = CARTESIAN_POINT('',(6.,0.));
#4787 = VECTOR('',#4788,1.);
#4788 = DIRECTION('',(0.,1.));
#4789 = ( GEOMETRIC_REPRESENTATION_CONTEXT(2) 
PARAMETRIC_REPRESENTATION_CONTEXT() REPRESENTATION_CONTEXT('2D SPACE',''
  ) );
#4790 = PCURVE('',#4640,#4791);
#4791 = DEFINITIONAL_REPRESENTATION('',(#4792),#4796);
#4792 = LINE('',#4793,#4794);
#4793 = CARTESIAN_POINT('',(0.,0.));
#4794 = VECTOR('',#4795,1.);
#4795 = DIRECTION('',(1.,0.));
#4796 = ( GEOMETRIC_REPRESENTATION_CONTEXT(2) 
PARAMETRIC_REPRESENTATION_CONTEXT() REPRESENTATION_CONTEXT('2D SPACE',''
  ) );
#4797 = ORIENTED_EDGE('',*,*,#4655,.F.);
#4798 = ADVANCED_FACE('',(#4799),#4614,.T.);
#4799 = FACE_BOUND('',#4800,.T.);
#4800 = EDGE_LOOP('',(#4801,#4822,#4823,#4844));
#4801 = ORIENTED_EDGE('',*,*,#4802,.F.);
#4802 = EDGE_CURVE('',#4571,#4686,#4803,.T.);
#4803 = SURFACE_CURVE('',#4804,(#4808,#4815),.PCURVE_S1.);
#4804 = LINE('',#4805,#4806);
#4805 = CARTESIAN_POINT('',(-55.3688864723,30.,120.3));
#4806 = VECTOR('',#4807,1.);
#4807 = DIRECTION('',(1.,0.,0.));
#4808 = PCURVE('',#4614,#4809);
#4809 = DEFINITIONAL_REPRESENTATION('',(#4810),#4814);
#4810 = LINE('',#4811,#4812);
#4811 = CARTESIAN_POINT('',(0.,0.));
#4812 = VECTOR('',#4813,1.);
#4813 = DIRECTION('',(0.,1.));
#4814 = ( GEOMETRIC_REPRESENTATION_CONTEXT(2) 
PARAMETRIC_REPRESENTATION_CONTEXT() REPRESENTATION_CONTEXT('2D SPACE',''
  ) );
#4815 = PCURVE('',#4586,#4816);
#4816 = DEFINITIONAL_REPRESENTATION('',(#4817),#4821);
#4817 = LINE('',#4818,#4819);
#4818 = CARTESIAN_POINT('',(0.,60.));
#4819 = VECTOR('',#4820,1.);
#4820 = DIRECTION('',(1.,0.));
#4821 = ( GEOMETRIC_REPRESENTATION_CONTEXT(2) 
PARAMETRIC_REPRESENTATION_CONTEXT() REPRESENTATION_CONTEXT('2D SPACE',''
  ) );
#4822 = ORIENTED_EDGE('',*,*,#4598,.T.);
#4823 = ORIENTED_EDGE('',*,*,#4824,.T.);
#4824 = EDGE_CURVE('',#4599,#4709,#4825,.T.);
#4825 = SURFACE_CURVE('',#4826,(#4830,#4837),.PCURVE_S1.);
#4826 = LINE('',#4827,#4828);
#4827 = CARTESIAN_POINT('',(-55.3688864723,30.,126.3));
#4828 = VECTOR('',#4829,1.);
#4829 = DIRECTION('',(1.,0.,0.));
#4830 = PCURVE('',#4614,#4831);
#4831 = DEFINITIONAL_REPRESENTATION('',(#4832),#4836);
#4832 = LINE('',#4833,#4834);
#4833 = CARTESIAN_POINT('',(6.,0.));
#4834 = VECTOR('',#4835,1.);
#4835 = DIRECTION('',(0.,1.));
#4836 = ( GEOMETRIC_REPRESENTATION_CONTEXT(2) 
PARAMETRIC_REPRESENTATION_CONTEXT() REPRESENTATION_CONTEXT('2D SPACE',''
  ) );
#4837 = PCURVE('',#4640,#4838);
#4838 = DEFINITIONAL_REPRESENTATION('',(#4839),#4843);
#4839 = LINE('',#4840,#4841);
#4840 = CARTESIAN_POINT('',(0.,60.));
#4841 = VECTOR('',#4842,1.);
#4842 = DIRECTION('',(1.,0.));
#4843 = ( GEOMETRIC_REPRESENTATION_CONTEXT(2) 
PARAMETRIC_REPRESENTATION_CONTEXT() REPRESENTATION_CONTEXT('2D SPACE',''
  ) );
#4844 = ORIENTED_EDGE('',*,*,#4708,.F.);
#4845 = ADVANCED_FACE('',(#4846),#4586,.F.);
#4846 = FACE_BOUND('',#4847,.F.);
#4847 = EDGE_LOOP('',(#4848,#4849,#4850,#4851));
#4848 = ORIENTED_EDGE('',*,*,#4570,.F.);
#4849 = ORIENTED_EDGE('',*,*,#4755,.T.);
#4850 = ORIENTED_EDGE('',*,*,#4685,.T.);
#4851 = ORIENTED_EDGE('',*,*,#4802,.F.);
#4852 = ADVANCED_FACE('',(#4853),#4640,.T.);
#4853 = FACE_BOUND('',#4854,.T.);
#4854 = EDGE_LOOP('',(#4855,#4856,#4857,#4858));
#4855 = ORIENTED_EDGE('',*,*,#4626,.F.);
#4856 = ORIENTED_EDGE('',*,*,#4777,.T.);
#4857 = ORIENTED_EDGE('',*,*,#4731,.T.);
#4858 = ORIENTED_EDGE('',*,*,#4824,.F.);
#4859 = ( GEOMETRIC_REPRESENTATION_CONTEXT(3) 
GLOBAL_UNCERTAINTY_ASSIGNED_CONTEXT((#4863)) 
GLOBAL_UNIT_ASSIGNED_CONTEXT((#4860,#4861,#4862)) REPRESENTATION_CONTEXT
('Context #1','3D Context with UNIT and UNCERTAINTY') );
#4860 = ( LENGTH_UNIT() NAMED_UNIT(*) SI_UNIT(.MILLI.,.METRE.) );
#4861 = ( NAMED_UNIT(*) PLANE_ANGLE_UNIT() SI_UNIT($,.RADIAN.) );
#4862 = ( NAMED_UNIT(*) SI_UNIT($,.STERADIAN.) SOLID_ANGLE_UNIT() );
#4863 = UNCERTAINTY_MEASURE_WITH_UNIT(LENGTH_MEASURE(1.E-07),#4860,
  'distance_accuracy_value','confusion accuracy');
#4864 = CONTEXT_DEPENDENT_SHAPE_REPRESENTATION(#4865,#4867);
#4865 = ( REPRESENTATION_RELATIONSHIP('','',#4528,#10) 
REPRESENTATION_RELATIONSHIP_WITH_TRANSFORMATION(#4866) 
SHAPE_REPRESENTATION_RELATIONSHIP() );
#4866 = ITEM_DEFINED_TRANSFORMATION('','',#11,#51);
#4867 = PRODUCT_DEFINITION_SHAPE('Placement','Placement of an item',
  #4868);
#4868 = NEXT_ASSEMBLY_USAGE_OCCURRENCE('10','head_plate','',#5,#4523,$);
#4869 = PRODUCT_RELATED_PRODUCT_CATEGORY('part',$,(#4525));
#4870 = MECHANICAL_DESIGN_GEOMETRIC_PRESENTATION_REPRESENTATION('',(
    #4871),#2359);
#4871 = STYLED_ITEM('color',(#4872),#2029);
#4872 = PRESENTATION_STYLE_ASSIGNMENT((#4873));
#4873 = SURFACE_STYLE_USAGE(.BOTH.,#4874);
#4874 = SURFACE_SIDE_STYLE('',(#4875));
#4875 = SURFACE_STYLE_FILL_AREA(#4876);
#4876 = FILL_AREA_STYLE('',(#4877));
#4877 = FILL_AREA_STYLE_COLOUR('',#4878);
#4878 = COLOUR_RGB('',1.,0.647058735019,0.);
#4879 = MECHANICAL_DESIGN_GEOMETRIC_PRESENTATION_REPRESENTATION('',(
    #4880),#748);
#4880 = STYLED_ITEM('color',(#4881),#418);
#4881 = PRESENTATION_STYLE_ASSIGNMENT((#4882));
#4882 = SURFACE_STYLE_USAGE(.BOTH.,#4883);
#4883 = SURFACE_SIDE_STYLE('',(#4884));
#4884 = SURFACE_STYLE_FILL_AREA(#4885);
#4885 = FILL_AREA_STYLE('',(#4886));
#4886 = FILL_AREA_STYLE_COLOUR('',#4887);
#4887 = COLOUR_RGB('',0.678431324741,0.847059188575,0.901961310962);
#4888 = MECHANICAL_DESIGN_GEOMETRIC_PRESENTATION_REPRESENTATION('',(
    #4889),#2010);
#4889 = STYLED_ITEM('color',(#4890),#767);
#4890 = PRESENTATION_STYLE_ASSIGNMENT((#4891));
#4891 = SURFACE_STYLE_USAGE(.BOTH.,#4892);
#4892 = SURFACE_SIDE_STYLE('',(#4893));
#4893 = SURFACE_STYLE_FILL_AREA(#4894);
#4894 = FILL_AREA_STYLE('',(#4895));
#4895 = FILL_AREA_STYLE_COLOUR('',#4896);
#4896 = DRAUGHTING_PRE_DEFINED_COLOUR('blue');
ENDSEC;
END-ISO-10303-21;
