time_s,letter_index,simulated_ink_x_m,simulated_ink_y_m,target_x_m,target_y_m,contact,target_down,q_x_m,q_y_m,qdot_x_m_s,qdot_y_m_s,current_x_A,current_y_A,voltage_x_V,voltage_y_V,estimated_q_x_m,estimated_q_y_m,estimated_qdot_x_m_s,estimated_qdot_y_m_s,estimated_compensation_x_N,estimated_compensation_y_N,recovery_force_x_N,recovery_force_y_N
0.000000000000000000e+00,0.000000000000000000e+00,2.168181818181817364e-03,2.792727272727273113e-03,2.168181818181817364e-03,2.792727272727273113e-03,0.000000000000000000e+00,0.000000000000000000e+00,7.573393926289893191e-04,1.315909090909090457e-03,0.000000000000000000e+00,0.000000000000000000e+00,4.332784217719556907e-02,4.773221379964046572e-03,1.682706217204872068e-01,1.853757050561846004e-02,7.573393926289893191e-04,1.315909090909090457e-03,0.000000000000000000e+00,0.000000000000000000e+00,-0.000000000000000000e+00,-0.000000000000000000e+00,0.000000000000000000e+00,0.000000000000000000e+00
5.000000000000000104e-04,0.000000000000000000e+00,2.168181818181817364e-03,2.792727272727273113e-03,2.168181818181816930e-03,2.792727272727272680e-03,0.000000000000000000e+00,0.000000000000000000e+00,7.573393926289893191e-04,1.315909090909090457e-03,-5.042800802258160449e-19,-6.303501002822700562e-20,4.332784217719556907e-02,4.773221379964047439e-03,1.312833617969025868e-01,1.446286078129106235e-02,7.573393926289893191e-04,1.315909090909090457e-03,-2.168404344971008868e-19,0.000000000000000000e+00,-0.000000000000000000e+00,-0.000000000000000000e+00,3.374512771823351194e-19,0.000000000000000000e+00
1.000000000000000021e-03,0.000000000000000000e+00,2.168181818181817364e-03,2.792727272727273113e-03,2.168181818181817364e-03,2.792727272727273547e-03,0.000000000000000000e+00,0.000000000000000000e+00,7.573393926289893191e-04,1.315909090909090457e-03,-1.008560160451632090e-18,-6.303501002822700562e-20,4.332784217719556907e-02,4.773221379964047439e-03,1.312833617969025868e-01,1.446286078129106235e-02,7.573393926289893191e-04,1.315909090909090457e-03,-4.336808689942017736e-19,5.421010862427522170e-20,-0.000000000000000000e+00,-0.000000000000000000e+00,6.749025543646702388e-19,-8.436281929558377986e-20
1.500000000000000031e-03,0.000000000000000000e+00,2.168181818181817364e-03,2.792727272727273113e-03,2.168181818181817364e-03,2.792727272727273547e-03,0.000000000000000000e+00,0.000000000000000000e+00,7.573393926289893191e-04,1.315909090909090457e-03,-1.512840240677448038e-18,-6.303501002822700562e-20,4.332784217719556907e-02,4.773221379964047439e-03,1.312833617969025868e-01,1.446286078129106235e-02,7.573393926289893191e-04,1.315909090909090457e-03,-6.505213034913026604e-19,1.084202172485504434e-19,-0.000000000000000000e+00,-0.000000000000000000e+00,1.012353831547005358e-18,-1.687256385911675597e-19
2.000000000000000042e-03,0.000000000000000000e+00,2.168181818181817364e-03,2.792727272727273113e-03,2.168181818181817364e-03,2.792727272727272246e-03,0.000000000000000000e+00,0.000000000000000000e+00,7.573393926289893191e-04,1.315909090909090457e-03,-2.017120320903264180e-18,-6.303501002822700562e-20,4.332784217719556907e-02,4.773221379963608554e-03,1.312833617969025868e-01,1.446286078128935712e-02,7.573393926289893191e-04,1.315909090909090457e-03,-8.673617379884035472e-19,1.626303258728256651e-19,-0.000000000000000000e+00,-0.000000000000000000e+00,1.349805108729340478e-18,-1.887214357184230968e-16
2.500000000000000052e-03,0.000000000000000000e+00,2.168181818181817364e-03,2.792727272727273113e-03,2.168181818181817797e-03,2.792727272727273547e-03,0.000000000000000000e+00,0.000000000000000000e+00,7.573393926289893191e-04,1.315909090909090457e-03,-2.521400401129080321e-18,-2.748326437230697315e-17,4.332784217719556907e-02,4.773221379963701362e-03,1.312833617969025868e-01,1.446286078129008050e-02,7.573393926289893191e-04,1.315909090909090457e-03,-1.084202172485504434e-18,-2.705084420351333563e-17,-0.000000000000000000e+00,-0.000000000000000000e+00,1.687256385911675597e-18,-1.463713004320400497e-16
3.000000000000000062e-03,0.000000000000000000e+00,2.168181818181817364e-03,2.792727272727273113e-03,2.168181818181817364e-03,2.792727272727273113e-03,0.000000000000000000e+00,0.000000000000000000e+00,7.573393926289893191e-04,1.315909090909090457e-03,-3.025680481354896462e-18,-4.878909776184769953e-17,4.332784217719556907e-02,4.773221379963774220e-03,1.312833617969025868e-01,1.446286078129027652e-02,7.573393926289893191e-04,1.315909090909090457e-03,-1.301042606982605321e-18,-4.819278656698067209e-17,-0.000000000000000000e+00,-0.000000000000000000e+00,2.024707663094010717e-18,-1.134698009067623890e-16
3.500000000000000073e-03,0.000000000000000000e+00,2.168181818181817364e-03,2.792727272727273113e-03,2.168181818181817364e-03,2.792727272727272246e-03,0.000000000000000000e+00,0.000000000000000000e+00,7.573393926289893191e-04,1.315909090909090457e-03,-3.529960561580712218e-18,-6.530427038924317835e-17,4.332784217719556907e-02,4.773221379963830599e-03,1.312833617969025868e-01,1.446286078129042571e-02,7.573393926289893191e-04,1.315909090909090457e-03,-1.490777987167568597e-18,-6.461844948013606427e-17,-0.000000000000000000e+00,-0.000000000000000000e+00,2.319977530628554042e-18,-8.790786666020049429e-17
4.000000000000000083e-03,0.000000000000000000e+00,2.168181818181817364e-03,2.792727272727273113e-03,2.168181818181817797e-03,2.792727272727273981e-03,0.000000000000000000e+00,0.000000000000000000e+00,7.573393926289893191e-04,1.315909090909090457e-03,-4.034240641806528359e-18,-7.810037742497325918e-17,4.260178357332990162e-02,4.088378452583326002e-03,1.284635968019523233e-01,1.180316347395830336e-02,7.591370864501620309e-04,1.317290247656375916e-03,-3.121066869304120039e-06,-2.397895856700086020e-06,-0.000000000000000000e+00,-0.000000000000000000e+00,-3.857624064994653250e-04,-2.963788072864328798e-04
4.500000000000000527e-03,0.000000000000000000e+00,2.168145442114331051e-03,2.792705867913709145e-03,2.168181818181817364e-03,2.792727272727273113e-03,0.000000000000000000e+00,0.000000000000000000e+00,7.573115269446290855e-04,1.315887686095526705e-03,-5.573136872053224139e-05,-4.280962712759616031e-05,4.276403652353334695e-02,4.241423161949355210e-03,1.296841078164423788e-01,1.296374925121725197e-02,7.591215546099667555e-04,1.317278316741408344e-03,-5.889761270735180290e-05,-4.524228125475464584e-05,-0.000000000000000000e+00,-0.000000000000000000e+00,-2.955869660282406082e-04,-2.271110871593658804e-04
5.000000000000000104e-03,0.000000000000000000e+00,2.168081246072483658e-03,2.792668093029559637e-03,2.168181818181816930e-03,2.792727272727273113e-03,0.000000000000000000e+00,0.000000000000000000e+00,7.572623499235014988e-04,1.315849911211377198e-03,-9.835404225511849927e-05,-7.554976829893071937e-05,4.289990525859749271e-02,4.369584153918030373e-03,1.300507578763298866e-01,1.331675426983626453e-02,7.590813989342453305e-04,1.317247471221898647e-03,-1.016407370290082818e-04,-7.807500171053344869e-05,-0.000000000000000000e+00,-0.000000000000000000e+00,-2.203438943657403629e-04,-1.693137741220826086e-04
5.499999999999999681e-03,0.000000000000000000e+00,2.167996367945462886e-03,2.792618148387862511e-03,2.168181818181817364e-03,2.792727272727273547e-03,0.000000000000000000e+00,0.000000000000000000e+00,7.571973295059548914e-04,1.315799966569679855e-03,-1.300408350931385969e-04,-9.988928339485710647e-05,4.301298645945661470e-02,4.476252715000363612e-03,1.303572072940327453e-01,1.361114508487687273e-02,7.590225953168145464e-04,1.317202301548495331e-03,-1.335097487204420078e-04,-1.025545438646086028e-04,-0.000000000000000000e+00,-0.000000000000000000e+00,-1.579713305184561600e-04,-1.214033545917914250e-04
6.000000000000000125e-03,0.000000000000000000e+00,2.167896723296374069e-03,2.792559515093087120e-03,2.168181818181817364e-03,2.792727272727273113e-03,0.000000000000000000e+00,0.000000000000000000e+00,7.571209972762340482e-04,1.315741333274904248e-03,-1.526644594417494029e-04,-1.172665895513757070e-04,5.419291450772655006e-02,1.876512875107910414e-02,1.736677698351498655e-01,6.900575389174767871e-02,7.331183686728623633e-04,1.290940623814977508e-03,-6.591463861823570504e-03,-6.648441745086410698e-03,3.411868457429528476e-03,3.461300415541853151e-03,3.353459558760836252e-03,3.438070357885271433e-03
6.500000000000000569e-03,0.000000000000000000e+00,2.168342617704157108e-03,2.792938900642719276e-03,2.168181818181817364e-03,2.792727272727273113e-03,0.000000000000000000e+00,0.000000000000000000e+00,7.574625722095339663e-04,1.316120718824536837e-03,6.831498665999038988e-04,7.587710992650909285e-04,6.085265013878263241e-02,2.705086620091651239e-02,1.904294537142236787e-01,8.936365443600816083e-02,7.299273457000290477e-04,1.287729652618294736e-03,-6.173317800389222995e-03,-6.196198139280551485e-03,3.411868457429528476e-03,3.461300415541853151e-03,6.871987941647356851e-03,6.990528382805757772e-03
7.000000000000000146e-03,0.000000000000000000e+00,2.169661314769076935e-03,2.794010140085792342e-03,2.168181818181817364e-03,2.792727272727272246e-03,0.000000000000000000e+00,0.000000000000000000e+00,7.584727527682731153e-04,1.317191958267609903e-03,2.020361117478227699e-03,2.142478886146162269e-03,6.761330092859013652e-02,3.540482343891365735e-02,2.117065546301165613e-01,1.153294722720926702e-01,7.270716643520399930e-04,1.284872654715026388e-03,-5.251086945241292651e-03,-5.233551103764121776e-03,3.411868457429528476e-03,3.461300415541853151e-03,1.040276672182539885e-02,1.053081102765834887e-02
7.499999999999999722e-03,0.000000000000000000e+00,2.172181229672551402e-03,2.796026170678323972e-03,2.168181818181817364e-03,2.792727272727273113e-03,0.000000000000000000e+00,0.000000000000000000e+00,7.604031195772124885e-04,1.319207988860141532e-03,3.860733617878794877e-03,4.032061185063321417e-03,7.272103262460896667e-02,4.156844219277032459e-02,2.267438516118697178e-01,1.329480842387097406e-01,7.248038126844561814e-04,1.282624391018456983e-03,-3.823001632845060994e-03,-3.762270043325616816e-03,3.411868457429528476e-03,3.461300415541853151e-03,1.301905954509035776e-02,1.308732355277434159e-02
8.000000000000000167e-03,0.000000000000000000e+00,2.176144010173799818e-03,2.799168422250078534e-03,2.168181818181817797e-03,2.792727272727273981e-03,0.000000000000000000e+00,0.000000000000000000e+00,7.634387855594941541e-04,1.322350240431895878e-03,6.071331964563355527e-03,6.284503143508682679e-03,7.403213665639227226e-02,1.078158428535049874e-02,2.286428842177580800e-01,9.089455964211998196e-03,7.132069786326029892e-04,1.391798988076365599e-03,-4.392924123393963758e-03,2.395197424343333686e-02,4.497271970988638186e-03,-8.380952160901976311e-03,1.288940773229412841e-02,8.089004794687913030e-03
8.500000000000000611e-03,0.000000000000000000e+00,2.181598116768795892e-03,2.802461197568830668e-03,2.168181818181816930e-03,2.792727272727272246e-03,0.000000000000000000e+00,0.000000000000000000e+00,7.676168736087693543e-04,1.325643015750648012e-03,8.356176098550291073e-03,6.585550637504103237e-03,7.351264088570469424e-02,-4.180639791461306966e-04,2.267127286373229467e-01,-7.995183063306538288e-03,7.114499087428534938e-04,1.404097998967751169e-03,-2.638688720930141250e-03,2.524110621249455594e-02,4.497271970988638186e-03,-8.380952160901976311e-03,1.251556762839710346e-02,3.103000023659483082e-03
9.000000000000001055e-03,0.000000000000000000e+00,2.188499562994617072e-03,2.805552327260293737e-03,2.168181818181818231e-03,2.792727272727273981e-03,0.000000000000000000e+00,0.000000000000000000e+00,7.729036881395438515e-04,1.328734145442111297e-03,1.057362906154903255e-02,6.182259382926671987e-03,7.255433815527922992e-02,-1.169760898514649039e-02,2.246055169999197909e-01,-4.241385248375559303e-02,7.105550291356162044e-04,1.416862791427061325e-03,-9.440800203055522977e-04,2.581646619408347471e-02,4.497271970988638186e-03,-8.380952160901976311e-03,1.191286095111007172e-02,-1.860541520556061208e-03
9.499999999999999764e-03,0.000000000000000000e+00,2.196782725221052470e-03,2.808091262625652968e-03,2.168181818181818231e-03,2.792727272727273981e-03,0.000000000000000000e+00,0.000000000000000000e+00,7.792489585345577880e-04,1.331273080807470312e-03,1.269054079002785058e-02,5.077870730718055461e-03,7.116630193413278627e-02,-2.303575094489522523e-02,2.211508626830858970e-01,-7.729340868106664153e-02,7.104842630500456634e-04,1.429737283011563121e-03,6.579137085764806808e-04,2.568127560574427759e-02,4.497271970988638186e-03,-8.380952160901976311e-03,1.108876624552861123e-02,-6.792160718774087336e-03
1.000000000000000021e-02,0.000000000000000000e+00,2.206361056272899968e-03,2.809729762265293813e-03,2.168181818181816496e-03,2.792727272727272246e-03,0.000000000000000000e+00,0.000000000000000000e+00,7.865863858111794794e-04,1.332911580447111374e-03,1.467485455324333762e-02,3.276999279282242356e-03,5.339093022844597358e-02,-1.255427887475794695e-02,1.543501850766156314e-01,-2.768250981569868319e-02,8.035765181189479921e-04,1.346485604948944800e-03,2.097927182662290974e-02,5.284741963102205543e-03,-3.019500498071147308e-03,-5.803655017330275247e-04,6.130622082874927908e-03,-7.437766219326250039e-03
1.050000000000000065e-02,0.000000000000000000e+00,2.216327850999111164e-03,2.810805709744116331e-03,2.168181818181817364e-03,2.792727272727273113e-03,0.000000000000000000e+00,0.000000000000000000e+00,7.942213935269012894e-04,1.333987527925933891e-03,1.527001543144362698e-02,2.151894957645133014e-03,4.418291842164085576e-02,-1.374878519368546298e-02,1.340778292348154543e-01,-4.175305683993595085e-02,8.143042501743269620e-04,1.348862166602011418e-03,2.192940963141780039e-02,4.223471565987653789e-03,-3.019500498071147308e-03,-5.803655017330275247e-04,1.149630070394785063e-03,-7.873333173546865835e-03
1.099999999999999936e-02,0.000000000000000000e+00,2.226216134292591416e-03,2.811288190005408003e-03,2.168181818181818231e-03,2.792727272727273981e-03,0.000000000000000000e+00,0.000000000000000000e+00,8.017962579958578780e-04,1.334470008187225347e-03,1.514972893791319448e-02,9.649605225828317753e-04,3.484164141255869512e-02,-1.448987709190075954e-02,1.055964733394866018e-01,-4.412196799859069429e-02,8.253276707259421746e-04,1.350692447124180687e-03,2.216340251716476806e-02,3.099759095804187608e-03,-3.019500498071147308e-03,-5.803655017330275247e-04,-3.844858933491586590e-03,-8.108023586768440052e-03
1.149999999999999981e-02,0.000000000000000000e+00,2.235557693206179086e-03,2.811160886251891367e-03,2.168181818181817364e-03,2.792727272727273113e-03,0.000000000000000000e+00,0.000000000000000000e+00,8.089523072916805346e-04,1.334342704433708927e-03,1.431209859164520384e-02,-2.546075070328590682e-04,2.538108078118648039e-02,-1.477141403693355698e-02,7.638679403525477918e-02,-4.510722044238128087e-02,8.362882237044125516e-04,1.351952496026695210e-03,2.167933330997359048e-02,1.942631395109274076e-03,-3.019500498071147308e-03,-5.803655017330275247e-04,-8.844747043871788172e-03,-8.141473305432342378e-03
1.200000000000000025e-02,0.000000000000000000e+00,2.243883844915811263e-03,2.810422103971164931e-03,2.168181818181817364e-03,2.792727272727273113e-03,0.000000000000000000e+00,0.000000000000000000e+00,8.153305095414096777e-04,1.333603922152982058e-03,1.275640449945832783e-02,-1.477564561453578946e-03,1.800026380225093828e-02,-1.624120217923651077e-02,5.497675061108932282e-02,-5.110099826831013964e-02,8.154392976006853569e-04,1.355223646881347117e-03,1.475790767636988784e-02,1.253181818653855122e-03,-9.649661392842275335e-04,-7.499495731553937772e-04,-1.382553600450905570e-02,-8.579356086087086899e-03
1.250000000000000069e-02,0.000000000000000000e+00,2.250835668195780900e-03,2.809033098804832214e-03,2.168181818181817364e-03,2.792727272727273113e-03,0.000000000000000000e+00,0.000000000000000000e+00,8.206559151345756446e-04,1.332214916986649558e-03,1.065081118633202234e-02,-2.778010332664991935e-03,8.270515697268094810e-03,-1.650618599642670811e-02,2.237845993355105229e-02,-5.143468798321953334e-02,8.223228798324734839e-04,1.355544391316140058e-03,1.277999428683345741e-02,3.215014343167918107e-05,-9.649661392842275335e-04,-7.499495731553937772e-04,-1.882549372694767090e-02,-8.599917550686307643e-03
1.300000000000000114e-02,0.000000000000000000e+00,2.255940887964802063e-03,2.806993306870816766e-03,2.168181818181817364e-03,2.792727272727273113e-03,0.000000000000000000e+00,0.000000000000000000e+00,8.245667403695355283e-04,1.330175125052634327e-03,7.821650469919689402e-03,-4.079583868030318104e-03,-1.458811297191731256e-03,-1.493647407548987990e-02,-8.595122193315041237e-03,-4.567202131922198233e-02,8.280368752405714095e-04,1.355254024062911350e-03,1.008100202290636294e-02,-1.191237273705453856e-03,-9.649661392842275335e-04,-7.499495731553937772e-04,-2.376589689941592531e-02,-7.830231580003718661e-03
1.349999999999999985e-02,0.000000000000000000e+00,2.258732951163551408e-03,2.804359588168403496e-03,2.168181818181817364e-03,2.792727272727273113e-03,0.000000000000000000e+00,0.000000000000000000e+00,8.267055848677743899e-04,1.327541406350220840e-03,4.277688996477780475e-03,-5.267437404827131700e-03,-7.407892600305523295e-03,-8.035445405481794409e-03,-2.526536013125181557e-02,-2.072163073705315939e-02,8.322229133113027543e-04,1.354379969295301531e-03,6.669603314670773456e-03,-2.302794581491070074e-03,-9.649661392842275335e-04,-7.499495731553937772e-04,-2.665074673572424835e-02,-4.775653334981190719e-03
1.400000000000000029e-02,0.000000000000000000e+00,2.258940385091736357e-03,2.801354839546449545e-03,2.168181818181817364e-03,2.792727272727273113e-03,0.000000000000000000e+00,0.000000000000000000e+00,8.268644884757746574e-04,1.324536657728266889e-03,3.178072160004976818e-04,-6.009497243907833096e-03,6.097064448429734447e-05,-1.518587947142043849e-02,6.728447401185494794e-03,-5.470175972984281376e-02,8.339009445017635247e-04,1.363579958497636259e-03,2.726981417487841022e-03,-1.226093056432717588e-03,-9.266801911762125943e-04,-1.326715557302850582e-03,-2.243317067483781638e-02,-7.461179758354769681e-03
1.450000000000000074e-02,0.000000000000000000e+00,2.256967415576200536e-03,2.797760228644460834e-03,2.168181818181817364e-03,2.792727272727273113e-03,0.000000000000000000e+00,0.000000000000000000e+00,8.253531061419553836e-04,1.320942046826277961e-03,-3.022764667638571431e-03,-7.189221803977758479e-03,8.982783085762688011e-03,-1.388647524289301528e-02,3.323770693927848713e-02,-4.405863705590522955e-02,8.344586709183221453e-04,1.362705101343779151e-03,-4.898626247248948420e-04,-2.271276944284381181e-03,-9.266801911762125943e-04,-1.326715557302850582e-03,-1.747396579500760591e-02,-6.823773326109040804e-03
1.499999999999999944e-02,0.000000000000000000e+00,2.253286609158596139e-03,2.793623634824706978e-03,2.168181818181817364e-03,2.792727272727273113e-03,0.000000000000000000e+00,0.000000000000000000e+00,8.225334448395529635e-04,1.316805453006524105e-03,-5.639322604804752719e-03,-8.273187639507685945e-03,1.754125111434792772e-02,-1.016866312583060254e-02,5.747788714294185808e-02,-3.119534840079341703e-02,8.335878327567101606e-04,1.361330965861307389e-03,-2.988614562251014090e-03,-3.223367915726743551e-03,-9.266801911762125943e-04,-1.326715557302850582e-03,-1.276143678722336215e-02,-5.152824388890414956e-03
1.549999999999999989e-02,0.000000000000000000e+00,2.248347027220810174e-03,2.789068029666020958e-03,2.168181818181817364e-03,2.792727272727273113e-03,0.000000000000000000e+00,0.000000000000000000e+00,8.187495055447810768e-04,1.312249847847838085e-03,-7.567878589543735116e-03,-9.111210317371942757e-03,2.502923161802932464e-02,-6.124692163354483743e-03,7.823416421082216021e-02,-1.902409573128068659e-02,8.316385251250388256e-04,1.359541503589229696e-03,-4.805022123702464010e-03,-3.933038215444800700e-03,-9.266801911762125943e-04,-1.326715557302850582e-03,-8.666731497431435019e-03,-3.360182379660559254e-03
1.600000000000000033e-02,0.000000000000000000e+00,2.242539020002236837e-03,2.784225196466859689e-03,2.168181818181817364e-03,2.792727272727273113e-03,0.000000000000000000e+00,0.000000000000000000e+00,8.143003138893980955e-04,1.307407014648676816e-03,-8.898383310765881071e-03,-9.685666398322571868e-03,3.018848728114491980e-02,5.016739674785025693e-03,9.117612882647943562e-02,2.054620732077376902e-02,8.196259803832712425e-04,1.335869595300509787e-03,-7.453030055372891413e-03,-7.689039389661591131e-03,-4.885655632699282538e-04,-3.098904346602409082e-04,-6.055049718372965128e-03,9.035153447253967997e-04
1.650000000000000078e-02,0.000000000000000000e+00,2.236131826422188204e-03,2.779447250361148473e-03,2.168181818181817364e-03,2.792727272727273113e-03,0.000000000000000000e+00,0.000000000000000000e+00,8.093921188514139860e-04,1.302629068542965817e-03,-9.816390075968120174e-03,-9.555892211422065477e-03,3.623479344407104508e-02,1.383902256649829215e-02,1.097688766082528522e-01,4.535377098821467834e-02,8.156841212723490477e-04,1.332061293980227367e-03,-8.312591603269423382e-03,-7.544302471487869706e-03,-4.885655632699282538e-04,-3.098904346602409082e-04,-2.791275993646424002e-03,4.691361840266715377e-03
1.700000000000000122e-02,0.000000000000000000e+00,2.229436064525188149e-03,2.775009719601983192e-03,2.168181818181817364e-03,2.792727272727273113e-03,0.000000000000000000e+00,0.000000000000000000e+00,8.042628676577694494e-04,1.298191537783800536e-03,-1.025850238728897787e-02,-8.875061518330664909e-03,4.389508482002294626e-02,2.067944027145703079e-02,1.341238749473434022e-01,6.468120164472759837e-02,8.114307783725468928e-04,1.328462492085579622e-03,-8.699868721006755526e-03,-6.852110565147395693e-03,-4.885655632699282538e-04,-3.098904346602409082e-04,1.287806318186717272e-03,7.582916351821009267e-03
1.750000000000000167e-02,0.000000000000000000e+00,2.222839635074144640e-03,2.771122946697023720e-03,2.168181818181817364e-03,2.792727272727273113e-03,0.000000000000000000e+00,0.000000000000000000e+00,7.992097095323712772e-04,1.294304764878841064e-03,-1.010631625079644325e-02,-7.773545809918899069e-03,4.603369071002553353e-02,1.926936647216212495e-02,1.359705765110954534e-01,5.383928935529278675e-02,8.071315913299650230e-04,1.325314463171188648e-03,-8.497109924106176215e-03,-5.742037434050303694e-03,-4.885655632699282538e-04,-3.098904346602409082e-04,2.404059226993544244e-03,6.892183774733674426e-03
1.800000000000000211e-02,0.000000000000000000e+00,2.216449276612053251e-03,2.767736896181597489e-03,2.168181818181817364e-03,2.792727272727273113e-03,0.000000000000000000e+00,0.000000000000000000e+00,7.943144109429477054e-04,1.290918714363414616e-03,-9.790597178847108839e-03,-6.772101030853103047e-03,3.822006782568980465e-02,2.855256215196977365e-02,1.039662076596026274e-01,9.152648330350253436e-02,8.286982196903227909e-04,1.297570911510942740e-03,-4.467604501635955017e-03,-8.311465210435412670e-03,-1.549028245798925304e-03,7.259057797850150930e-04,-1.284550754289832605e-03,1.026770690544640159e-02
1.849999999999999908e-02,0.000000000000000000e+00,2.209871849227316911e-03,2.765136276515810752e-03,2.168181818181817364e-03,2.792727272727273113e-03,0.000000000000000000e+00,0.000000000000000000e+00,7.892758092448519912e-04,1.288318094697628313e-03,-1.007720339619133480e-02,-5.201239331572521905e-03,3.077905755434357654e-02,3.599886816599207062e-02,8.158667429328481102e-02,1.131962908099347631e-01,8.264317994579651900e-04,1.293784257928027540e-03,-4.597738580012426628e-03,-6.837861845827453849e-03,-1.549028245798925304e-03,7.259057797850150930e-04,-5.211441123971522968e-03,1.336278881462121468e-02
1.899999999999999953e-02,0.000000000000000000e+00,2.202737473775697244e-03,2.763544984435446078e-03,2.168181818181817364e-03,2.792727272727273113e-03,0.000000000000000000e+00,0.000000000000000000e+00,7.838105605750143780e-04,1.286726802617263639e-03,-1.093049733967515688e-02,-3.182584160729538640e-03,2.874482990030896232e-02,3.572109222588103206e-02,7.958789547234002004e-02,1.066290499326772445e-01,8.239585807025963209e-04,1.290846255414429197e-03,-5.293694223530249696e-03,-4.917758315990499764e-03,-1.549028245798925304e-03,7.259057797850150930e-04,-6.237481466091312696e-03,1.309899432284340748e-02
1.949999999999999997e-02,0.000000000000000000e+00,2.194951518942181434e-03,2.762942782074920452e-03,2.168181818181817364e-03,2.792727272727273113e-03,0.000000000000000000e+00,0.000000000000000000e+00,7.778461731404242045e-04,1.286124600256737796e-03,-1.192877486918031069e-02,-1.204404721051475103e-03,3.228868214708469075e-02,3.025017370289099367e-02,9.456036256059299761e-02,8.646974217265838980e-02,8.211006606502894208e-04,1.288858568268615688e-03,-6.136245129858811445e-03,-3.036560888217826326e-03,-1.549028245798925304e-03,7.259057797850150930e-04,-4.305292261533315464e-03,1.060334147987409409e-02
2.000000000000000042e-02,0.000000000000000000e+00,2.186699993532661805e-03,2.763147242723085206e-03,2.168181818181817364e-03,2.792727272727273113e-03,1.000000000000000000e+00,0.000000000000000000e+00,7.715251379532065941e-04,1.286329060904902333e-03,-1.264207037443526062e-02,4.089212963289423110e-04,4.216439027090392727e-02,2.796862321430431189e-02,1.295123207149210254e-01,8.297312388756215851e-02,7.930359727054546882e-04,1.289014517885047348e-03,-1.001986329725673176e-02,-1.343888125142620339e-03,-6.350176703247512001e-04,6.783385149229329697e-04,5.781970592915732995e-04,9.530246864572501295e-03
2.050000000000000086e-02,0.000000000000000000e+00,2.178484026856637636e-03,2.764077653377387117e-03,2.168181818181817364e-03,2.792727272727273113e-03,1.000000000000000000e+00,0.000000000000000000e+00,7.652313423361876152e-04,1.287259471559204461e-03,-1.258759123403787802e-02,1.860821308604170563e-03,5.081918805169739761e-02,2.347082635324109975e-02,1.547228857221528142e-01,6.807729608778900765e-02,7.880538800378398406e-04,1.288684525834809949e-03,-9.908534849647689102e-03,2.128670313028416597e-05,-6.350176703247512001e-04,6.783385149229329697e-04,5.143582339394650246e-03,7.491311543328065328e-03
2.100000000000000130e-02,0.000000000000000000e+00,2.170737748605425753e-03,2.765584888320807289e-03,2.168181818181817364e-03,2.792727272727273113e-03,1.000000000000000000e+00,0.000000000000000000e+00,7.592973489269934503e-04,1.288766706502624633e-03,-1.186798681838822749e-02,3.014469886840436680e-03,5.743550391304958619e-02,1.590858854090939495e-02,1.734101749976205975e-01,4.304387322094570950e-02,7.832928489818208198e-04,1.288963156648122383e-03,-9.136904861044769718e-03,1.091152633719821808e-03,-6.350176703247512001e-04,6.783385149229329697e-04,8.579621983504011687e-03,4.156987953514535566e-03
2.150000000000000175e-02,0.000000000000000000e+00,2.163788057764903794e-03,2.767425711144387308e-03,2.168181818181817364e-03,2.792727272727273113e-03,1.000000000000000000e+00,0.000000000000000000e+00,7.539735768772163650e-04,1.290607529326204652e-03,-1.064754409955418098e-02,3.681645647160166485e-03,5.563217492978228540e-02,1.353600366080703367e-02,1.614030876570358986e-01,4.057207397397391557e-02,7.790421332643748765e-04,1.289655875294353502e-03,-7.868255996865169619e-03,1.678557389846174015e-03,-6.350176703247512001e-04,6.783385149229329697e-04,7.528960751633922976e-03,3.092337025719812255e-03
2.199999999999999872e-02,0.000000000000000000e+00,2.157536131489763351e-03,2.769521878915087894e-03,2.168181818181817364e-03,2.792727272727273547e-03,1.000000000000000000e+00,0.000000000000000000e+00,7.491843234953556811e-04,1.292703697096905021e-03,-9.578506763721350570e-03,4.192335541400579908e-03,6.422315919550136698e-02,6.550564155495304172e-03,1.968715418416028540e-01,1.568801356602556388e-02,7.500748261894378153e-04,1.304224085995028034e-03,-9.953266453666407068e-03,3.834613343687535199e-03,2.126471439190127195e-04,2.222253299937326646e-04,1.165668344222330760e-02,2.706521762737335891e-04
2.249999999999999917e-02,0.000000000000000000e+00,2.152404979632325469e-03,2.771651854458688675e-03,2.168181818181817364e-03,2.792727272727273113e-03,1.000000000000000000e+00,0.000000000000000000e+00,7.452536331281657545e-04,1.294833672640506020e-03,-7.861380734379782090e-03,4.259951087202069886e-03,7.081912206267348964e-02,-2.051879184039134135e-03,2.160610535997093407e-01,-1.172868237306032464e-02,7.455192429841408803e-04,1.306150536524130308e-03,-8.272152187271246751e-03,3.871045366036013173e-03,2.126471439190127195e-04,2.222253299937326646e-04,1.501521748146333185e-02,-3.433433285384257516e-03
2.299999999999999961e-02,0.000000000000000000e+00,2.148712614228849311e-03,2.773546133213904315e-03,2.168181818181817364e-03,2.792727272727273113e-03,1.000000000000000000e+00,0.000000000000000000e+00,7.424251171288680272e-04,1.296727951395721659e-03,-5.657031998595487415e-03,3.788557510431378710e-03,6.703479207235202297e-02,-2.343790927395407973e-03,1.968974069146969541e-01,-5.721535958300843008e-03,7.419256744262268293e-04,1.307961074279557611e-03,-6.106183860411808911e-03,3.372004369403145720e-03,2.126471439190127195e-04,2.222253299937326646e-04,1.285179605719226868e-02,-3.520560145289062734e-03
2.350000000000000006e-02,0.000000000000000000e+00,2.146253126113059108e-03,2.775198117360775166e-03,2.168181818181817364e-03,2.792727272727273113e-03,1.000000000000000000e+00,0.000000000000000000e+00,7.405410399248498268e-04,1.298379935542592510e-03,-3.768154408036386051e-03,3.303968293741596594e-03,6.290823179831542267e-02,-1.371492508292804094e-03,1.850992978214803519e-01,-1.904672856653026342e-03,7.393366617242289572e-04,1.309518894895773554e-03,-4.253359856689847493e-03,2.860211073339849475e-03,2.126471439190127195e-04,2.222253299937326646e-04,1.053096004073762575e-02,-3.062595133258100288e-03
2.400000000000000050e-02,0.000000000000000000e+00,2.144805714649725310e-03,2.776640826244617354e-03,2.168181818181817364e-03,2.792727272727273113e-03,1.000000000000000000e+00,1.000000000000000000e+00,7.394322584164563558e-04,1.299822644426434698e-03,-2.217563016786850208e-03,2.885417767684287163e-03,6.417468542028967327e-02,1.061156848654668493e-02,1.943593221886164846e-01,4.362344721420671756e-02,7.311703370123856169e-04,1.295936507007520522e-03,-3.513096507519104274e-03,6.115773794587610465e-04,4.129383503048433563e-04,6.871305158294979199e-04,1.101119242309999552e-02,1.914289118854917669e-03
2.450000000000000094e-02,0.000000000000000000e+00,2.144422225855178304e-03,2.778251061144770048e-03,2.168181835245253965e-03,2.792727272539357892e-03,1.000000000000000000e+00,1.000000000000000000e+00,7.391384889563950905e-04,1.301432879326587392e-03,-5.875389201225823723e-04,3.220469800305228447e-03,6.058216486476643986e-02,1.294836751300319777e-02,1.801868877471971553e-01,4.261341286543332552e-02,7.298090202658346834e-04,1.296307660590259158e-03,-1.935177021758014825e-03,8.725172271972752702e-04,4.129383503048433563e-04,6.871305158294979199e-04,8.993612776956285554e-03,2.901351137812246787e-03
2.500000000000000139e-02,0.000000000000000000e+00,2.144910344103174646e-03,2.780099728345505720e-03,2.168181953936649219e-03,2.792727271306535020e-03,1.000000000000000000e+00,1.000000000000000000e+00,7.395124092278578757e-04,1.303281546527322848e-03,7.478405429255912534e-04,3.697334401471046549e-03,5.724503626295050773e-02,1.128724235987989266e-02,1.709986204499460150e-01,3.437241943421344426e-02,7.291634837731147869e-04,1.296844882005006696e-03,-6.494363032359656146e-04,1.275567024378533067e-03,4.129383503048433563e-04,6.871305158294979199e-04,7.132986323423825929e-03,2.157384832641140102e-03
2.550000000000000183e-02,0.000000000000000000e+00,2.146092686503582765e-03,2.782131927208174142e-03,2.168182273822280657e-03,2.792727268210003742e-03,1.000000000000000000e+00,1.000000000000000000e+00,7.404181360535544475e-04,1.305313745389991486e-03,1.811453651393127350e-03,4.064397725337193928e-03,5.442639984386146018e-02,9.909637014690929682e-03,1.634624627817072851e-01,3.059816768651311969e-02,7.290933284584414286e-04,1.297556568347638757e-03,3.668481492428120327e-04,1.570579720132884646e-03,4.129383503048433563e-04,6.871305158294979199e-04,5.566668799640931038e-03,1.543638607372305833e-03
2.600000000000000228e-02,0.000000000000000000e+00,2.147819830890231214e-03,2.784302236097690661e-03,2.168182892235717002e-03,2.792727262675590537e-03,1.000000000000000000e+00,1.000000000000000000e+00,7.417412054134104281e-04,1.307484054279508005e-03,2.646138719712027090e-03,4.340617779033091247e-03,4.850524635255328704e-02,1.320392017867395157e-02,1.433136694572634262e-01,4.468684543877992493e-02,7.340674121973634041e-04,1.293778337233080422e-03,1.693762326076530926e-03,1.236279973046092119e-03,2.762625747967255080e-04,8.244656330171976077e-04,2.422969731803393135e-03,2.884827583801783356e-03
2.649999999999999925e-02,0.000000000000000000e+00,2.149788592422476226e-03,2.786711766081599942e-03,2.168183904295867964e-03,2.792727254371525636e-03,1.000000000000000000e+00,1.000000000000000000e+00,7.432493642450130290e-04,1.309893584263417286e-03,3.016317663205123761e-03,4.819059967818563675e-03,4.716790874652656423e-02,1.147765203197271926e-02,1.433700499155396157e-01,3.537617099855647901e-02,7.349996550121889799e-04,1.294495533207490855e-03,2.034513331958330128e-03,1.631710481904796207e-03,2.762625747967255080e-04,8.244656330171976077e-04,1.690120122165551797e-03,2.113612032473291807e-03
2.699999999999999969e-02,0.000000000000000000e+00,2.151928936803093866e-03,2.789303507714225618e-03,2.168185402925020596e-03,2.792727243206207834e-03,1.000000000000000000e+00,1.000000000000000000e+00,7.448889631641463947e-04,1.312485325896043178e-03,3.279197838266700599e-03,5.183483265251863890e-03,4.606892099829970610e-02,1.005107313174065722e-02,1.403824139734932974e-01,3.146619719172443624e-02,7.360756670851238909e-04,1.295382382357714805e-03,2.269039787221561848e-03,1.915103392450373879e-03,2.762625747967255080e-04,8.244656330171976077e-04,1.091339703664010938e-03,1.479887753467148091e-03
2.750000000000000014e-02,0.000000000000000000e+00,2.154183566136782472e-03,2.792030460601052991e-03,2.168187478866888222e-03,2.792727229325970596e-03,1.000000000000000000e+00,1.000000000000000000e+00,7.466161094365113618e-04,1.315212278782870552e-03,3.454292544729944178e-03,5.453905773654804494e-03,4.517377525892415924e-02,8.881504351929307012e-03,1.379366017982656123e-01,2.825810367612049609e-02,7.372471927603901258e-04,1.296387847049277047e-03,2.416732414628483452e-03,2.106346749374268627e-03,2.762625747967255080e-04,8.244656330171976077e-04,6.069376919259168376e-04,9.637945143623729205e-04
2.800000000000000058e-02,0.000000000000000000e+00,2.156506048459954240e-03,2.794854188403877397e-03,2.168190220704657202e-03,2.792727213112859881e-03,1.000000000000000000e+00,1.000000000000000000e+00,7.483952341144192635e-04,1.318036006585694741e-03,3.558249355815707934e-03,5.647455605648170514e-03,3.657086732200387491e-02,2.601364658406766280e-03,1.053448795812969851e-01,4.949828697247767202e-03,7.625634240698740077e-04,1.311137105781733829e-03,5.252020855875349364e-03,3.787189551144463234e-03,-4.222228751174836162e-04,4.281683011371404898e-04,-3.704012902135290532e-03,-1.569129680232351186e-03
2.850000000000000103e-02,0.000000000000000000e+00,2.158464319495212533e-03,2.797576959495962252e-03,2.168193714879023716e-03,2.792727195182392874e-03,1.000000000000000000e+00,1.000000000000000000e+00,7.498953567590996815e-04,1.320758777677779380e-03,3.000245289360835982e-03,5.445542184169378797e-03,2.846285362801254798e-02,-3.575088416880070098e-03,8.090538751624301583e-02,-1.376314782551315251e-02,7.650600027075081782e-04,1.312970660276013661e-03,4.735200937764054950e-03,3.547423797718727081e-03,-4.222228751174836162e-04,4.281683011371404898e-04,-7.951364476869010253e-03,-4.207311743814582013e-03
2.900000000000000147e-02,0.000000000000000000e+00,2.159656174823585545e-03,2.800006593633707144e-03,2.168198045706241396e-03,2.792727176381333640e-03,1.000000000000000000e+00,1.000000000000000000e+00,7.508083709104018373e-04,1.323188411815524488e-03,1.826028302604373573e-03,4.859268275490410786e-03,2.871910716292418522e-02,-3.827341782926607823e-03,8.820197440094490471e-02,-9.722359943548343486e-03,7.671445443231932754e-04,1.314588776116654449e-03,3.605076914899492131e-03,2.926182373226155538e-03,-4.222228751174836162e-04,4.281683011371404898e-04,-7.732045218698681451e-03,-4.266957901575666595e-03
2.950000000000000192e-02,0.000000000000000000e+00,2.160103229622148142e-03,2.802138339737054486e-03,2.168203295396167220e-03,2.792727157785463137e-03,1.000000000000000000e+00,1.000000000000000000e+00,7.511508347546101780e-04,1.325320157918871613e-03,6.849276884165823084e-04,4.263492206694417461e-03,3.117000850561776892e-02,-2.323178079591125319e-03,9.689907357896694606e-02,-3.921585624530732686e-03,7.686720877596822004e-04,1.315894057839903401e-03,2.507166840093960451e-03,2.296116252517613546e-03,-4.222228751174836162e-04,4.281683011371404898e-04,-6.355375037439042231e-03,-3.570060456132167527e-03
2.999999999999999889e-02,0.000000000000000000e+00,2.159936885629823271e-03,2.804022432681523621e-03,2.168209544070300466e-03,2.792727140697340120e-03,1.000000000000000000e+00,1.000000000000000000e+00,7.510234078636435434e-04,1.327204250863340965e-03,-2.548537819332366734e-04,3.768185888938893700e-03,3.996922866746061009e-02,-7.557596244507153865e-03,1.284837196472526644e-01,-2.574734893585339801e-02,7.534359460656386972e-04,1.327249657313803611e-03,-2.312467277216717155e-04,2.936291066290831493e-03,4.509875279897430830e-05,1.310712653445966021e-04,-1.807244508374445356e-03,-5.647200001418085057e-03
3.049999999999999933e-02,0.000000000000000000e+00,2.159605141620081319e-03,2.805497936445833750e-03,2.168216869779829477e-03,2.792727126644076793e-03,1.000000000000000000e+00,1.000000000000000000e+00,7.507692772084425962e-04,1.328679754627651310e-03,-5.082613104018640204e-04,2.951007528620804531e-03,4.651592063440812552e-02,-8.594082364465358351e-03,1.462634777421934762e-01,-2.565573753962832604e-02,7.532553814308168196e-04,1.328511934114216851e-03,-4.905025533682177584e-04,2.114361322588998848e-03,4.509875279897430830e-05,1.310712653445966021e-04,1.671508056380053772e-03,-6.028949826970469994e-03
3.099999999999999978e-02,0.000000000000000000e+00,2.159437952518791001e-03,2.806537039339887258e-03,2.168225348523678854e-03,2.792727117375110556e-03,1.000000000000000000e+00,1.000000000000000000e+00,7.506412029264491071e-04,1.329718857521704602e-03,-2.561485639870201593e-04,2.078205788106700196e-03,4.590965059423340183e-02,-6.004066163793615567e-03,1.384534204685239078e-01,-1.508755293112383315e-02,7.530710945621088082e-04,1.329349427612381554e-03,-2.471096495309355696e-04,1.237280791681718770e-03,4.509875279897430830e-05,1.310712653445966021e-04,1.332778861174601422e-03,-4.845998445780007324e-03
3.150000000000000022e-02,0.000000000000000000e+00,2.159403049278595804e-03,2.807225649124524096e-03,2.168235054266544511e-03,2.792727114859961876e-03,1.000000000000000000e+00,1.000000000000000000e+00,7.506144654932506415e-04,1.330407467306341223e-03,-5.347486639683052333e-05,1.377219569273286769e-03,4.539585598149536300e-02,-3.802473119889558141e-03,1.370825974500920752e-01,-9.049780423283467629e-03,7.529962183979450451e-04,1.329791200353139550e-03,-5.276880761588705580e-05,5.311619259576951142e-04,4.509875279897430830e-05,1.310712653445966021e-04,1.046611667636420349e-03,-3.843115062860172175e-03
3.200000000000000067e-02,0.000000000000000000e+00,2.159473156162695917e-03,2.807636574176355405e-03,2.168246058956948673e-03,2.792727121286016877e-03,1.000000000000000000e+00,1.000000000000000000e+00,7.506681704822399954e-04,1.330818392358172966e-03,1.074099779788129105e-04,8.218501036633250488e-04,3.968202751781040732e-02,-1.372224279348350368e-02,1.154155979529499637e-01,-4.969305660982460682e-02,7.612831767146245642e-04,1.344182287636181555e-03,1.032039342843294339e-03,1.576582093085694301e-03,-1.930192003883316094e-04,-2.794411059781734584e-04,-1.901881968394075664e-03,-7.881231613714997919e-03
3.250000000000000111e-02,0.000000000000000000e+00,2.159360777186751512e-03,2.807462953705680553e-03,2.168258432545271466e-03,2.792727139056282604e-03,1.000000000000000000e+00,1.000000000000000000e+00,7.505820831921944164e-04,1.330644771887497897e-03,-1.721745800910836298e-04,-3.472409413501018885e-04,3.924655519469116144e-02,-1.174393287029418254e-02,1.184543913348154870e-01,-3.404464972987256838e-02,7.617332710636559026e-04,1.344686598044365433e-03,7.688311381074779127e-04,4.428376638930839153e-04,-1.930192003883316094e-04,-2.794411059781734584e-04,-2.112676558120083533e-03,-6.942190894956977443e-03
3.300000000000000155e-02,0.000000000000000000e+00,2.159046229537878690e-03,2.806773436652101883e-03,2.168272243001808514e-03,2.792727170787169186e-03,1.000000000000000000e+00,1.000000000000000000e+00,7.503411257136794474e-04,1.329955254833919010e-03,-4.819149570299552376e-04,-1.379034107157990283e-03,3.994214831092573331e-02,-8.301106178252474349e-03,1.213640101624534756e-01,-2.280642803013792699e-02,7.620441763444698669e-04,1.344658097776305593e-03,4.753470043938479031e-04,-5.549040481682217425e-04,-1.930192003883316094e-04,-2.794411059781734584e-04,-1.723507237173400484e-03,-5.383293148687580409e-03
3.350000000000000200e-02,0.000000000000000000e+00,2.158566749399782464e-03,2.805681705773988704e-03,2.168287556334802958e-03,2.792727219306248565e-03,1.000000000000000000e+00,1.000000000000000000e+00,7.499738226183048787e-04,1.328863523955806265e-03,-7.346061907491290097e-04,-2.183461756225413709e-03,4.053410923322762344e-02,-5.410808210742896682e-03,1.229357387306292820e-01,-1.486645704768145212e-02,7.622224711197778547e-04,1.344187221290803983e-03,2.382847825683587044e-04,-1.327087617026053096e-03,-1.930192003883316094e-04,-2.794411059781734584e-04,-1.393327954486253467e-03,-4.079289767433270410e-03
3.400000000000000244e-02,0.000000000000000000e+00,2.157953966627259787e-03,2.804282898213091534e-03,2.168304436608493087e-03,2.792727287650027118e-03,1.000000000000000000e+00,1.000000000000000000e+00,7.495044037805746349e-04,1.327464716394908661e-03,-9.388376754603948481e-04,-2.797615121795207424e-03,3.657311230119186796e-02,5.552476119764259040e-03,1.069393838130700408e-01,2.497975386107584295e-02,7.702368824292348155e-04,1.329696343937740921e-03,9.436475509324640781e-04,-3.451406239108072930e-03,-4.230260108524176634e-04,1.167442235771786271e-04,-3.392118017796023725e-03,5.038137970538036914e-04
3.450000000000000289e-02,0.000000000000000000e+00,2.157011051877895554e-03,2.802923401432302897e-03,2.168322945961162138e-03,2.792727379061717835e-03,1.000000000000000000e+00,1.000000000000000000e+00,7.487820891764891381e-04,1.326105219614120024e-03,-1.444629208170932757e-03,-2.718993561577211227e-03,3.619644585439412560e-02,1.052533795789947074e-02,1.085907765183883739e-01,3.496755196226190854e-02,7.705914295116399540e-04,1.327987794029592602e-03,4.754347706047638671e-04,-3.382861664741082953e-03,-4.230260108524176634e-04,1.167442235771786271e-04,-3.556830350773868693e-03,2.640152993274816774e-03
3.500000000000000333e-02,0.000000000000000000e+00,2.155723079531142537e-03,2.801758339602863305e-03,2.168343144623173773e-03,2.792727496989004694e-03,1.000000000000000000e+00,1.000000000000000000e+00,7.477954451173683030e-04,1.324940157784680649e-03,-1.973288118241651838e-03,-2.330123658878593962e-03,3.752886204110437302e-02,1.003042562309271885e-02,1.138077886383907500e-01,2.896758688547749344e-02,7.707060102941264623e-04,1.326390826252677596e-03,-1.616325993004740337e-05,-3.005680065620883884e-03,-4.230260108524176634e-04,1.167442235771786271e-04,-2.816693157446691423e-03,2.400179562638629811e-03
3.550000000000000377e-02,0.000000000000000000e+00,2.154160962930971521e-03,2.800770115419126682e-03,2.168365090935020154e-03,2.792727645081813544e-03,1.000000000000000000e+00,1.000000000000000000e+00,7.465987943763031367e-04,1.323951933600944243e-03,-2.393301482130432388e-03,-1.976448367472959620e-03,3.865040549954915083e-02,9.564707541622294307e-03,1.168042424227414278e-01,2.773348812279665190e-02,7.706016833520881217e-04,1.324973739390687688e-03,-4.003959275478612221e-04,-2.663277401723635612e-03,-4.230260108524176634e-04,1.167442235771786271e-04,-2.196073731369198919e-03,2.175243601525491191e-03
3.600000000000000422e-02,0.000000000000000000e+00,2.152384257049859070e-03,2.799942228615254474e-03,2.168388841365366092e-03,2.792727827190081245e-03,1.000000000000000000e+00,1.000000000000000000e+00,7.452377587090202454e-04,1.323124046797071818e-03,-2.722071334565773475e-03,-1.655773607744912045e-03,4.835079029501065245e-02,7.570237703632507788e-03,1.533462013740341801e-01,2.052312230675696486e-02,7.500134021569249522e-04,1.326880614755750979e-03,-2.987041808133298303e-03,-1.996764112168737237e-03,1.693402102915469542e-04,2.457189415722567418e-05,2.733106165450571116e-03,1.336682008803861781e-03
3.649999999999999772e-02,0.000000000000000000e+00,2.150881654919234182e-03,2.799210571368174021e-03,2.168414450529090182e-03,2.792728047361521353e-03,1.000000000000000000e+00,1.000000000000000000e+00,7.440866986966364945e-04,1.322392389549991365e-03,-2.302120024767415063e-03,-1.463314494160999511e-03,5.463027118768130908e-02,5.967028399141965228e-03,1.696745149761158533e-01,1.608217255427339329e-02,7.486188585857977756e-04,1.325930065761306027e-03,-2.591845660795041688e-03,-1.805766095473812331e-03,1.693402102915469542e-04,2.457189415722567418e-05,6.021639835696511629e-03,6.334627652232349302e-04
3.699999999999999817e-02,0.000000000000000000e+00,2.149964746228269150e-03,2.798523999260192630e-03,2.168441971205331120e-03,2.792728309839399327e-03,1.000000000000000000e+00,1.000000000000000000e+00,7.433843058890750657e-04,1.321705817442010190e-03,-1.404785615122932166e-03,-1.373144215962500241e-03,5.263463461127687593e-02,6.101888631731122031e-03,1.570374792976111655e-01,1.801329957855155040e-02,7.475408782117640410e-04,1.325049557428178721e-03,-1.721721387648034824e-03,-1.716407138561202965e-03,1.693402102915469542e-04,2.457189415722567418e-05,4.901769120736766336e-03,6.857255890911634214e-04
3.749999999999999861e-02,0.000000000000000000e+00,2.149526841686820195e-03,2.797886280949620202e-03,2.168471454355533172e-03,2.792728619060298213e-03,1.000000000000000000e+00,1.000000000000000000e+00,7.430488515484815273e-04,1.321068099131437546e-03,-6.709086811871700466e-04,-1.275436621145370833e-03,5.093132820370306624e-02,6.187503128988403739e-03,1.525135722299887364e-01,1.827269345673901424e-02,7.468573457234425721e-04,1.324215618060984668e-03,-1.013754764909477295e-03,-1.619506607090084090e-03,1.693402102915469542e-04,2.457189415722567418e-05,3.948542007298442430e-03,7.161331349594233934e-04
3.799999999999999906e-02,0.000000000000000000e+00,2.149477084227609594e-03,2.797299596555599677e-03,2.168502949141484695e-03,2.792728979651884318e-03,1.000000000000000000e+00,1.000000000000000000e+00,7.430107351233495661e-04,1.320481414737417238e-03,-7.623285026390081570e-05,-1.173368788040490655e-03,4.172910585122957539e-02,2.788124916524611745e-03,1.185433599898043922e-01,5.041473745277051319e-03,7.569621092501399888e-04,1.327145591863264839e-03,7.401361656496731941e-04,-1.098147210307895069e-03,-1.375429142859037595e-04,-8.431030703575447091e-05,-8.457022004379460139e-04,-7.034521835706364747e-04
3.849999999999999950e-02,0.000000000000000000e+00,2.149349928078231504e-03,2.796657171370498657e-03,2.168536502943369231e-03,2.792729396430684592e-03,1.000000000000000000e+00,1.000000000000000000e+00,7.429133278617101053e-04,1.319838989552315784e-03,-1.948145232788883957e-04,-1.284850370202761816e-03,4.172322389198875048e-02,3.359815143837463578e-03,1.263134655757981728e-01,1.011569385960994424e-02,7.573044665995799221e-04,1.326571223790847529e-03,6.294947159328628805e-04,-1.199107713410462687e-03,-1.375429142859037595e-04,-8.431030703575447091e-05,-8.410614231053224147e-04,-4.491137174794582860e-04
3.899999999999999994e-02,0.000000000000000000e+00,2.149145992948950801e-03,2.795977594594151530e-03,2.168572161377801434e-03,2.792729874399844936e-03,1.000000000000000000e+00,1.000000000000000000e+00,7.427571044891680000e-04,1.319159412775968657e-03,-3.124467450842287135e-04,-1.359153552694133179e-03,4.191410362578927573e-02,3.889872067873408664e-03,1.269976772006765064e-01,1.165427008815332621e-02,7.575916928850934349e-04,1.325955600700377216e-03,5.196125219570006497e-04,-1.263237101703247340e-03,-1.375429142859037595e-04,-8.431030703575447091e-05,-7.324718008735060229e-04,-2.155460680653909693e-04
3.950000000000000039e-02,0.000000000000000000e+00,2.148875757953532580e-03,2.795277942233057294e-03,2.168609968315876862e-03,2.792730418746905852e-03,1.000000000000000000e+00,1.000000000000000000e+00,7.425500924725914574e-04,1.318459760414874638e-03,-4.140240331529943798e-04,-1.399304722188131431e-03,4.208166923536623555e-02,4.315621717028315582e-03,1.274318556514487111e-01,1.283798073880391272e-02,7.578279298105440771e-04,1.325316385374131906e-03,4.255086244632034294e-04,-1.293541317703007180e-03,-1.375429142859037595e-04,-8.431030703575447091e-05,-6.373572309384651453e-04,-2.949146756175532384e-05
4.000000000000000083e-02,0.000000000000000000e+00,2.148548419817447423e-03,2.794571833880343716e-03,2.168649965901213970e-03,2.792731034841573756e-03,1.000000000000000000e+00,1.000000000000000000e+00,7.422993369124226319e-04,1.317753652062161060e-03,-5.015111203377134843e-04,-1.412216705427183456e-03,5.160051833699588753e-02,8.376211724429198646e-03,1.642105861905522601e-01,2.823893441668683807e-02,7.297784806253223558e-04,1.315253602949767757e-03,-2.853450935424021659e-03,-2.363246500489102255e-03,6.928084768276416595e-04,1.925068408364362610e-04,4.092642583504725075e-03,1.591342193048544528e-03
4.050000000000000128e-02,0.000000000000000000e+00,2.148641580948945813e-03,2.793986338683166620e-03,2.168692194567996973e-03,2.792731728233482317e-03,1.000000000000000000e+00,1.000000000000000000e+00,7.423707024795216103e-04,1.317168156864984181e-03,1.427311341979728291e-04,-1.170990394353695107e-03,6.058000456167941111e-02,1.235439072164458765e-02,1.912982213339135540e-01,4.032620991048070647e-02,7.284946589900571793e-04,1.314128001922639693e-03,-2.282892823600749573e-03,-2.139548594524892655e-03,6.928084768276416595e-04,1.925068408364362610e-04,8.796362028080080206e-03,3.286931585184423368e-03
4.100000000000000172e-02,0.000000000000000000e+00,2.149600220092103605e-03,2.793644458804410771e-03,2.168736693059023467e-03,2.792732504649968108e-03,1.000000000000000000e+00,1.000000000000000000e+00,7.431050626680937854e-04,1.316826276986228115e-03,1.468720377144449533e-03,-6.837597575122017664e-04,5.968745684499264514e-02,1.222738825269521941e-02,1.808666934380806224e-01,3.664650504045636331e-02,7.276661773794832486e-04,1.313175591814480861e-03,-1.033423765165692419e-03,-1.670963957028146537e-03,6.928084768276416595e-04,1.925068408364362610e-04,8.231837156159927532e-03,3.197198671355318180e-03
4.150000000000000216e-02,0.000000000000000000e+00,2.151369447572285421e-03,2.793539430796407926e-03,2.168783498443742960e-03,2.792733369993836284e-03,1.000000000000000000e+00,1.000000000000000000e+00,7.444603695479005924e-04,1.316721248978225270e-03,2.710613759613639522e-03,-2.100560160054985447e-04,5.650670183068794844e-02,1.102385203732484178e-02,1.699314983085313813e-01,3.228452181309375557e-02,7.274417858410754840e-04,1.312454189456271425e-03,1.336044054929541591e-04,-1.215500895220029184e-03,6.928084768276416595e-04,1.925068408364362610e-04,6.464443210516878507e-03,2.645151196198050093e-03
4.200000000000000261e-02,0.000000000000000000e+00,2.153780279208346651e-03,2.793630895866348191e-03,2.168832646136303194e-03,2.792734330341126257e-03,1.000000000000000000e+00,1.000000000000000000e+00,7.463071737260006892e-04,1.316812714048165535e-03,3.693608356200249118e-03,1.829301398806404215e-04,4.686239802109964936e-02,1.186105401661585387e-02,1.357107023963855519e-01,3.673235250748031755e-02,7.438399235782703310e-04,1.309560292869837517e-03,2.869268862936234094e-03,-1.109696527665145812e-03,2.188523133934679264e-04,2.625621467806523953e-04,1.473415149687496394e-03,2.944548751321163661e-03
4.250000000000000305e-02,0.000000000000000000e+00,2.156341794485891125e-03,2.793942725647794237e-03,2.168884169913597778e-03,2.792735391938893849e-03,1.000000000000000000e+00,1.000000000000000000e+00,7.482694082703280009e-04,1.317124543829611364e-03,3.924469088654679826e-03,6.236595628914683945e-04,4.041254459853368952e-02,1.104079448619098291e-02,1.190165397262121227e-01,3.302160139379232973e-02,7.453266272629777102e-04,1.309109859337406279e-03,3.077086943511571100e-03,-6.928284649438815057e-04,2.188523133934679264e-04,2.625621467806523953e-04,-1.950044809907664975e-03,2.560269563206916000e-03
4.300000000000000350e-02,0.000000000000000000e+00,2.158728808487818309e-03,2.794446685138626731e-03,2.168938101933302106e-03,2.792736561202960495e-03,1.000000000000000000e+00,1.000000000000000000e+00,7.500979670821515807e-04,1.317628503320444075e-03,3.657117623647070711e-03,1.007918981665392429e-03,4.061338019147490985e-02,9.926973178298570746e-03,1.251613125255553738e-01,2.956137914460938224e-02,7.467932610923015777e-04,1.308853905239330774e-03,2.789949417610808249e-03,-3.316781594389754412e-04,2.188523133934679264e-04,2.625621467806523953e-04,-1.821879546614509722e-03,2.053856538152880936e-03
4.350000000000000394e-02,0.000000000000000000e+00,2.160953141688161383e-03,2.795105670574685175e-03,2.168994472751925758e-03,2.792737844715701030e-03,1.000000000000000000e+00,1.000000000000000000e+00,7.518019051699193454e-04,1.318287488756502302e-03,3.407876175535477000e-03,1.317970872116406558e-03,4.081977632695164143e-02,8.983686462035180356e-03,1.256598151298296273e-01,2.698214295226218987e-02,7.481209165590529519e-04,1.308760152709257090e-03,2.521143219426227617e-03,-4.388615517718873205e-05,2.188523133934679264e-04,2.625621467806523953e-04,-1.692043351304824269e-03,1.626360469362154266e-03
4.399999999999999745e-02,0.000000000000000000e+00,2.163026774144294426e-03,2.795888322125890911e-03,2.169053311342849285e-03,2.792739249223798528e-03,1.000000000000000000e+00,1.000000000000000000e+00,7.533903997900112583e-04,1.319070140307708038e-03,3.176989240183862671e-03,1.565303102411504501e-03,4.190858636953368604e-02,1.789775002377092406e-03,1.295902598275771311e-01,-4.494901988376403439e-05,7.483191053814954160e-04,1.315562862930200107e-03,2.157631365027113269e-03,9.488663501551294248e-04,2.482732281382846575e-04,6.338219293450548662e-05,-1.109422861608559989e-03,-1.394243327917421603e-03
4.449999999999999789e-02,0.000000000000000000e+00,2.165005773278479671e-03,2.796568266877811661e-03,2.169114645114374011e-03,2.792740781636024287e-03,1.000000000000000000e+00,1.000000000000000000e+00,7.549064010796911186e-04,1.319750085059629222e-03,3.032002579359780424e-03,1.359889503842370796e-03,4.194939644140591867e-02,2.283036874387197636e-03,1.287427108384826824e-01,7.923527175345812176e-03,7.493560460197782247e-04,1.315985821576004262e-03,1.990416062565959418e-03,7.433505362329020927e-04,2.482732281382846575e-04,6.338219293450548662e-05,-1.074515187117912806e-03,-1.166319994475117352e-03
4.499999999999999833e-02,0.000000000000000000e+00,2.166893059729379026e-03,2.797162038943083739e-03,2.169178499927759685e-03,2.792742449020996134e-03,1.000000000000000000e+00,1.000000000000000000e+00,7.563521463779763207e-04,1.320343857124901300e-03,2.891490596570407256e-03,1.187544130544240795e-03,4.201043229860425277e-02,2.710600652766927392e-03,1.288707110063152250e-01,9.088841034102266431e-03,7.503105863363245627e-04,1.316314274086581408e-03,1.828023844967955214e-03,5.707815301985107691e-04,2.482732281382846575e-04,6.338219293450548662e-05,-1.029208589700122923e-03,-9.691339570460559636e-04
4.549999999999999878e-02,0.000000000000000000e+00,2.168692543899047604e-03,2.797683936548288168e-03,2.169244900115275577e-03,2.792744258604957976e-03,1.000000000000000000e+00,1.000000000000000000e+00,7.577306312266314818e-04,1.320865754730105512e-03,2.756969697310342454e-03,1.043795210408435389e-03,4.208634343159486924e-02,3.080019765623127643e-03,1.290423796355038288e-01,1.009672308802986133e-02,7.511855151376767899e-04,1.316563580765690725e-03,1.671960744613498143e-03,4.267149639664137659e-04,2.482732281382846575e-04,6.338219293450548662e-05,-9.764527636393460341e-04,-7.991064323520805177e-04
4.599999999999999922e-02,0.000000000000000000e+00,2.170408845936282367e-03,2.798146282494529992e-03,2.169313868498238575e-03,2.792746217769540712e-03,1.000000000000000000e+00,1.000000000000000000e+00,7.590453948649690313e-04,1.321328100676347336e-03,2.629527276675174517e-03,9.246918924835111943e-04,3.696485380674208177e-02,1.342122686275259297e-02,1.090201488520265577e-01,4.989187764874531555e-02,7.609099810107750441e-04,1.302976155075691181e-03,2.534245519096957333e-03,-1.252482710913360156e-03,-1.425532928268501655e-05,4.684189981364115900e-04,-3.574805523188818134e-03,3.472727241486549613e-03
4.649999999999999967e-02,0.000000000000000000e+00,2.171786148115591175e-03,2.798872931976472550e-03,2.169385426405059936e-03,2.792748334049534840e-03,1.000000000000000000e+00,1.000000000000000000e+00,7.601004695459243760e-04,1.322054750158289894e-03,2.110149361910622096e-03,1.453298963885324858e-03,3.644278989644839095e-02,1.501307180509190223e-02,1.110903587950272109e-01,4.747352238272463387e-02,7.620484250674211275e-04,1.302471950961538389e-03,2.020483349546005423e-03,-7.652589250625999777e-04,-1.425532928268501655e-05,4.684189981364115900e-04,-3.811585939106955107e-03,4.121111158371243421e-03
4.700000000000000011e-02,0.000000000000000000e+00,2.172802080364130868e-03,2.799910482540354968e-03,2.169459593689285985e-03,2.792750615130658743e-03,1.000000000000000000e+00,1.000000000000000000e+00,7.608787187995033055e-04,1.323092300722172095e-03,1.556498507157939035e-03,2.075101127764348782e-03,3.761848744798015204e-02,1.313455639068581565e-02,1.158096507601028280e-01,3.908653002843076596e-02,7.629214368693500040e-04,1.302234751997268262e-03,1.472592671715456693e-03,-1.846531747653511798e-04,-1.425532928268501655e-05,4.684189981364115900e-04,-3.148643916962942223e-03,3.269102038329984011e-03
4.750000000000000056e-02,0.000000000000000000e+00,2.173519632787348187e-03,2.801196488297457744e-03,2.169536388747649643e-03,2.792753068847329562e-03,1.000000000000000000e+00,1.000000000000000000e+00,7.614283958459553813e-04,1.324378306479275088e-03,1.099354092904189419e-03,2.572011514206002346e-03,3.862815574579225170e-02,1.154978321387226808e-02,1.184857949814752953e-01,3.474912952882332901e-02,7.635445196033435397e-04,1.302256939729775232e-03,1.020590691702270370e-03,2.725172757070452000e-04,-1.425532928268501655e-05,4.684189981364115900e-04,-2.580618850699499360e-03,2.552823388174576755e-03
4.800000000000000100e-02,0.000000000000000000e+00,2.173992778688414122e-03,2.802678382240330387e-03,2.169615828538103749e-03,2.792755703180427145e-03,1.000000000000000000e+00,1.000000000000000000e+00,7.617908466342515660e-04,1.325860200422147731e-03,7.249015765923762927e-04,2.963787885745250861e-03,4.096430501532240254e-02,-2.500403406910899073e-05,1.264989429361709217e-01,-8.682063340904901810e-03,7.619148131380958479e-04,1.314531749931598451e-03,4.189793956656688904e-04,1.989996732499543612e-03,4.592977615204222051e-05,1.141918483254635784e-04,-1.340844540290472625e-03,-2.291034543190650398e-03
4.850000000000000144e-02,0.000000000000000000e+00,2.174341349150420155e-03,2.803991947809475471e-03,2.169697928597872152e-03,2.792758526255066653e-03,1.000000000000000000e+00,1.000000000000000000e+00,7.620578670997067185e-04,1.327173765991292598e-03,5.340409309103309743e-04,2.627131138289744670e-03,4.167581752804161432e-02,-4.670609106773697134e-04,1.271671443270852297e-01,-6.627113143981680542e-04,7.620759849517462188e-04,1.315442217588821960e-03,2.260756132523591652e-04,1.652493566100808045e-03,4.592977615204222051e-05,1.141918483254635784e-04,-9.497669250968805016e-04,-2.455529604191725428e-03
4.900000000000000189e-02,0.000000000000000000e+00,2.174602400504493157e-03,2.805125176871308725e-03,2.169782703061493446e-03,2.792761546338370319e-03,1.000000000000000000e+00,1.000000000000000000e+00,7.622578440388630156e-04,1.328306995053126285e-03,3.999538783126062227e-04,2.266458123667256831e-03,4.202457241856520642e-02,4.038340483631964735e-04,1.278433884329781556e-01,2.941800747442350691e-03,7.621548569958016021e-04,1.316177981248444666e-03,8.967392709675523453e-05,1.291233385075143784e-03,4.592977615204222051e-05,1.141918483254635784e-04,-7.546340277010595574e-04,-2.053203029543884239e-03
4.950000000000000233e-02,0.000000000000000000e+00,2.174794393694023421e-03,2.806107257768229897e-03,2.169870164678860784e-03,2.792764771837229210e-03,1.000000000000000000e+00,1.000000000000000000e+00,7.624049193548196497e-04,1.329289075950047458e-03,2.941506319133310905e-04,1.964161793842129911e-03,4.231951400023525878e-02,1.158389691260756221e-03,1.286352484051115075e-01,4.998781576198192342e-03,7.621725865803462329e-04,1.316747679995886045e-03,-1.854652904526470417e-05,9.881274908040934331e-04,4.592977615204222051e-05,1.141918483254635784e-04,-5.900717086347278921e-04,-1.705293166807468098e-03
5.000000000000000278e-02,0.000000000000000000e+00,2.174932886743377591e-03,2.806963420385832908e-03,2.169960324833269082e-03,2.792768211296078017e-03,1.000000000000000000e+00,1.000000000000000000e+00,7.625110111856875806e-04,1.330145238567650469e-03,2.121836617358041036e-04,1.712325235205914209e-03,4.972622143937002748e-02,3.373596824752975523e-03,1.571053175262968893e-01,1.284945213107354517e-02,7.529921539193369824e-04,1.315539420934454078e-03,-1.138412621580164397e-03,5.498398323293197162e-04,3.148203900617285202e-04,1.623570286129152234e-04,3.230456990482836847e-03,-7.554035293099078388e-04
5.050000000000000322e-02,0.000000000000000000e+00,2.175389567509937710e-03,2.807764268279002232e-03,2.170053193559458304e-03,2.792771873394661597e-03,1.000000000000000000e+00,1.000000000000000000e+00,7.628608489491904305e-04,1.330946086460819576e-03,6.996755270056477516e-04,1.601695786338334275e-03,4.863039432794819678e-02,3.650421184744165326e-03,1.467841295875161600e-01,1.198593108874097118e-02,7.525374122090398594e-04,1.315785099676146765e-03,-6.814226753900855423e-04,4.330921057032828710e-04,3.148203900617285202e-04,1.623570286129152234e-04,2.618090866670389535e-03,-6.271017994150852610e-04
5.100000000000000366e-02,0.000000000000000000e+00,2.176105782621309999e-03,2.808519006013126401e-03,2.170148779561658064e-03,2.792775766945806287e-03,1.000000000000000000e+00,1.000000000000000000e+00,7.634095015553349654e-04,1.331700824194943962e-03,1.097305212289064174e-03,1.509475468248832426e-03,4.769877094598826833e-02,3.890695115450543660e-03,1.443114733331959110e-01,1.264309827713172053e-02,7.522889164129660652e-04,1.315977039172372453e-03,-3.132646038024886406e-04,3.348490195434655520e-04,3.148203900617285202e-04,1.623570286129152234e-04,2.099151611976543715e-03,-5.159203906157589295e-04
5.150000000000000411e-02,0.000000000000000000e+00,2.177031758024138963e-03,2.809235593965148103e-03,2.170247090231628741e-03,2.792779900893185147e-03,1.000000000000000000e+00,1.000000000000000000e+00,7.641188398671370369e-04,1.332417412146965664e-03,1.418676623604242255e-03,1.433175904043554284e-03,4.691031782079926882e-02,4.098583152897185625e-03,1.422143954930742415e-01,1.321253834296105649e-02,7.522056358282275647e-04,1.316123872039116688e-03,-2.042211299414689162e-05,2.526362258813578195e-04,3.148203900617285202e-04,1.623570286129152234e-04,1.661520437627181769e-03,-4.198844490691589545e-04
5.200000000000000455e-02,0.000000000000000000e+00,2.178125447586825615e-03,2.809920892051250181e-03,2.170348131666705212e-03,2.792784284309086668e-03,1.000000000000000000e+00,1.000000000000000000e+00,7.649566546791302562e-04,1.333102710233067525e-03,1.675629623986459819e-03,1.370596172203604858e-03,5.026894846351020324e-02,-7.345102190135070937e-03,1.560669442005007679e-01,-3.143522783947982208e-02,7.459749203515792871e-04,1.331981455021710292e-03,-5.013740371947253416e-04,1.965928115060215295e-03,4.992981572923788991e-04,-3.004107679353279362e-04,3.351637914564275199e-03,-5.125572806169722238e-03
5.249999999999999806e-02,0.000000000000000000e+00,2.179553047004366417e-03,2.810217513228127802e-03,2.170451908687850550e-03,2.792788926392193033e-03,1.000000000000000000e+00,1.000000000000000000e+00,7.660502592799371463e-04,1.333399331409945363e-03,2.187209201613794958e-03,5.932423537555935131e-04,4.996702807231027249e-02,-8.468954834668250206e-03,1.522974235861988546e-01,-2.636518596737974854e-02,7.458409404683950025e-04,1.332780028198297419e-03,-3.544340007950448450e-05,1.229761095110525580e-03,4.992981572923788991e-04,-3.004107679353279362e-04,3.158406303707622306e-03,-5.553221786300051657e-03
5.299999999999999850e-02,0.000000000000000000e+00,2.181295385321508837e-03,2.810094817273203933e-03,2.170558424857681971e-03,2.792793836465333208e-03,1.000000000000000000e+00,1.000000000000000000e+00,7.673849678658176262e-04,1.333276635455021061e-03,2.669417171760946061e-03,-2.453919098484578284e-04,4.870043908747360983e-02,-5.934724009188310431e-03,1.478908138620889656e-01,-1.592437707273976211e-02,7.459328085637291408e-04,1.333195116431944074e-03,4.020644249823163651e-04,4.321219676277926079e-04,4.992981572923788991e-04,-3.004107679353279362e-04,2.457586220404347436e-03,-4.402114546832134635e-03
5.349999999999999895e-02,0.000000000000000000e+00,2.183285148215856342e-03,2.809636901438962442e-03,2.170667682498531037e-03,2.792799023973265970e-03,1.000000000000000000e+00,1.000000000000000000e+00,7.689092146741566183e-04,1.332818719620780003e-03,3.048493616677923779e-03,-9.158316684822991180e-04,4.763954108703424839e-02,-3.793634987510062159e-03,1.450520735643045511e-01,-1.006082276515256682e-02,7.462179430727853115e-04,1.333253129263138994e-03,7.378121609149592168e-04,-1.988500193985594548e-04,4.992981572923788991e-04,-3.004107679353279362e-04,1.873132449074017564e-03,-3.432789301879603672e-03
5.399999999999999939e-02,0.000000000000000000e+00,2.185466081307518935e-03,2.808914635432882556e-03,2.170779682710481315e-03,2.792804498480444715e-03,1.000000000000000000e+00,1.000000000000000000e+00,7.705799063498392247e-04,1.332096453614700117e-03,3.341383351365107869e-03,-1.444532012159560576e-03,3.877662054856551022e-02,-9.474318908912295056e-03,1.116918223982746733e-01,-3.417781032660343471e-02,7.676465355971191480e-04,1.346073884873853809e-03,3.363875103937092118e-03,7.860358416847765956e-04,-1.177675151508232029e-04,-6.837267413475254206e-04,-2.601447376548217307e-03,-5.663962846033999618e-03
5.449999999999999983e-02,0.000000000000000000e+00,2.187391675624159818e-03,2.807753624805954442e-03,2.170894425389410798e-03,2.792810269668781833e-03,1.000000000000000000e+00,1.000000000000000000e+00,7.720549971758035096e-04,1.330935442987771786e-03,2.950181651928582369e-03,-2.322021253856842299e-03,3.127230729295006617e-02,-1.164273125757190122e-02,8.990694860925718679e-02,-3.812719443269138586e-02,7.692353831989069083e-04,1.346265873082883686e-03,2.992175608534852413e-03,-1.653488892477440741e-05,-1.177675151508232029e-04,-6.837267413475254206e-04,-6.538621095544193754e-03,-6.536193278575344254e-03
5.500000000000000028e-02,0.000000000000000000e+00,2.188688710325819697e-03,2.806091328986497040e-03,2.171011909245034767e-03,2.792816347335420890e-03,1.000000000000000000e+00,1.000000000000000000e+00,7.730485834015424912e-04,1.329273147168314384e-03,1.987172451477862631e-03,-3.324591638914784798e-03,3.338922606213311911e-02,-8.328179210078490852e-03,1.040259110424987671e-01,-2.383468775580633095e-02,7.704959235973514323e-04,1.346025141004704917e-03,2.051760860541571290e-03,-9.445857753874803073e-04,-1.177675151508232029e-04,-6.837267413475254206e-04,-5.349031308002097536e-03,-5.039634060243240385e-03
5.550000000000000072e-02,0.000000000000000000e+00,2.189470406377488736e-03,2.804037361885976156e-03,2.171132131818958623e-03,2.792822741390509674e-03,1.000000000000000000e+00,1.000000000000000000e+00,7.736473973181314401e-04,1.327219180067793500e-03,1.197627833177978152e-03,-4.107934201041695162e-03,3.519910904698803078e-02,-5.552625400172997439e-03,1.088307934140798766e-01,-1.622177307266253754e-02,7.713293831190559712e-04,1.345374690794261512e-03,1.283534542237185294e-03,-1.655812137661224863e-03,-1.177675151508232029e-04,-6.837267413475254206e-04,-4.334604417805166046e-03,-3.791474029679272901e-03
5.600000000000000117e-02,0.000000000000000000e+00,2.189833343928802509e-03,2.801683260812494122e-03,2.171255089502709471e-03,2.792829461854961972e-03,1.000000000000000000e+00,1.000000000000000000e+00,7.739254236125147094e-04,1.324865078994311466e-03,5.560525887664483774e-04,-4.708202146963861093e-03,3.962274997861275211e-02,-1.006353811413850151e-03,1.241268707771114865e-01,-1.193135733012155864e-03,7.683076931281454568e-04,1.342073749115222162e-03,2.653405504926928025e-04,-2.450870957719765864e-03,-1.465848043578202803e-05,-6.149390858518572010e-04,-1.988244691144381866e-03,-1.827565073656793517e-03
5.650000000000000161e-02,0.000000000000000000e+00,2.190003978766180345e-03,2.799174876621612733e-03,2.171380777555786783e-03,2.792836518858229748e-03,1.000000000000000000e+00,1.000000000000000000e+00,7.740561374814905644e-04,1.322356694803429860e-03,2.614277379516914018e-04,-5.016768381763000995e-03,4.039896233345033338e-02,4.966114533746576873e-04,1.232095376479934862e-01,6.301941403525101494e-04,7.683686796620647604e-04,1.340786244324623094e-03,-2.084210115005855882e-05,-2.698619415586002435e-03,-1.465848043578202803e-05,-6.149390858518572010e-04,-1.556133430583812871e-03,-1.162253233385592997e-03
5.700000000000000205e-02,0.000000000000000000e+00,2.190023416429581933e-03,2.796561262968238256e-03,2.171509190123711332e-03,2.792843922636076628e-03,1.000000000000000000e+00,1.000000000000000000e+00,7.740710275955266489e-04,1.319743081150055600e-03,2.978022807214572619e-05,-5.227227306748584088e-03,4.105233305117252096e-02,1.717922479254773002e-03,1.249620527550729943e-01,3.999817479332578099e-03,7.683022403967269430e-04,1.339399054396589028e-03,-2.444790438267795823e-04,-2.849794897506430832e-03,-1.465848043578202803e-05,-6.149390858518572010e-04,-1.193668760437993116e-03,-6.255696208902483679e-04
5.750000000000000250e-02,0.000000000000000000e+00,2.189926147173179918e-03,2.793882111923102433e-03,2.171640320256054170e-03,2.792851683528336203e-03,1.000000000000000000e+00,1.000000000000000000e+00,7.739965150221736652e-04,1.317063930104919777e-03,-1.490251467060237978e-04,-5.358302090271783655e-03,4.159928156370937963e-02,2.699564776368814940e-03,1.264340311491313484e-01,6.713226653279186912e-03,7.681371255172516569e-04,1.337955806381195805e-03,-4.156425215973674325e-04,-2.923000750711652815e-03,-1.465848043578202803e-05,-6.149390858518572010e-04,-8.914231647613307923e-04,-1.980430347469409619e-04
5.800000000000000294e-02,0.000000000000000000e+00,2.189740941602613504e-03,2.791169170588471762e-03,2.171774159924497703e-03,2.792859811976693314e-03,1.000000000000000000e+00,1.000000000000000000e+00,7.738546393240062051e-04,1.314350988770288890e-03,-2.837513963349045667e-04,-5.425882669261825574e-03,4.009206953896440884e-02,1.473707985981136115e-02,1.200424743758975732e-01,5.259579297126155267e-02,7.715759115607767702e-04,1.319112895252899480e-03,-1.268880571584859204e-04,-4.900079760629404840e-03,-1.228048886350352790e-04,-1.040171609064949055e-04,-1.637796013289626734e-03,4.745935886221449261e-03
5.850000000000000339e-02,0.000000000000000000e+00,2.189393330804674867e-03,2.788799372821845236e-03,2.171910700040864672e-03,2.792868318522441929e-03,1.000000000000000000e+00,1.000000000000000000e+00,7.735883540038772854e-04,1.311981191003662580e-03,-5.325706402579094122e-04,-4.739595533252532501e-03,4.014972606716651210e-02,1.871403289846580373e-02,1.214216383224655110e-01,5.806012999207943448e-02,7.714546244453784115e-04,1.316835782211940543e-03,-3.578083003776223931e-04,-4.209624443288160871e-03,-1.228048886350352790e-04,-1.040171609064949055e-04,-1.589970099396614649e-03,6.404420492771488622e-03
5.900000000000000383e-02,0.000000000000000000e+00,2.188888131255868966e-03,2.786893297195868098e-03,2.172049930475174889e-03,2.792877213804262956e-03,1.000000000000000000e+00,1.000000000000000000e+00,7.732013486968483586e-04,1.310075115377685659e-03,-7.740106140578999032e-04,-3.812151251953837302e-03,4.087373350219219298e-02,1.646068629493888796e-02,1.240567136443308793e-01,4.631279589432094751e-02,7.712196570362229173e-04,1.314963928739662589e-03,-5.816187148900116635e-04,-3.279521235546723704e-03,-1.228048886350352790e-04,-1.040171609064949055e-04,-1.190616121709496891e-03,5.363709458740512082e-03
5.950000000000000427e-02,0.000000000000000000e+00,2.188263505961487304e-03,2.785375339182813870e-03,2.172191840073678989e-03,2.792886508555988620e-03,1.000000000000000000e+00,1.000000000000000000e+00,7.727228579610559249e-04,1.308557157364631214e-03,-9.569814715848655364e-04,-3.035916026108702488e-03,4.147559171593712124e-02,1.450937160272752421e-02,1.256794431103683274e-01,4.099198033578199674e-02,7.708872875427469308e-04,1.313519452664664621e-03,-7.475251739072285391e-04,-2.499839490145948362e-03,-1.228048886350352790e-04,-1.040171609064949055e-04,-8.602089772434282165e-04,4.464222715848065182e-03
5.999999999999999778e-02,0.000000000000000000e+00,2.187551067945101187e-03,2.784180169404164122e-03,2.172336416676905191e-03,2.792896213604367274e-03,1.000000000000000000e+00,1.000000000000000000e+00,7.721770987775365821e-04,1.307361987585981249e-03,-1.091518367038618554e-03,-2.390339557299913688e-03,3.489200978856767110e-02,5.699344231877984113e-03,9.952621570537235896e-02,8.720229411836625047e-03,7.817046798052206154e-04,1.321842226326429108e-03,4.039700509555679679e-04,-7.855484026363996524e-04,-4.527302812112621593e-04,-3.807008717851108814e-04,-4.207930627449695850e-03,7.503622240228511285e-04
6.049999999999999822e-02,0.000000000000000000e+00,2.186422076782104044e-03,2.783028811985984417e-03,2.172483647137712134e-03,2.792906339866848588e-03,1.000000000000000000e+00,1.000000000000000000e+00,7.713122413707920776e-04,1.306210630167801761e-03,-1.729714813488950498e-03,-2.302714836359162024e-03,3.524225205206553413e-02,3.728961995767888973e-03,1.061695486112672754e-01,8.626389681948096883e-03,7.817592487532748491e-04,1.321479596187120041e-03,-1.845557652894511515e-04,-6.651917003369367531e-04,-4.527302812112621593e-04,-3.807008717851108814e-04,-3.979537524644014002e-03,-1.076612943663194039e-04
6.099999999999999867e-02,0.000000000000000000e+00,2.184899051503584946e-03,2.781859303579509862e-03,2.172633517339315687e-03,2.792916898349328842e-03,1.000000000000000000e+00,1.000000000000000000e+00,7.701455363194525732e-04,1.305041121761327423e-03,-2.333410102679098035e-03,-2.339016812948646953e-03,3.689469870304931676e-02,3.911584307121973754e-03,1.119692904819275109e-01,1.100205746906668045e-02,7.815279564623523129e-04,1.321146142298775666e-03,-7.395291262971362151e-04,-6.686046373603816463e-04,-4.527302812112621593e-04,-3.807008717851108814e-04,-3.065619929501331269e-03,-2.989408364024174125e-05
6.149999999999999911e-02,0.000000000000000000e+00,2.183069535356856224e-03,2.780677695705466388e-03,2.172786012213346989e-03,2.792927900143939157e-03,1.000000000000000000e+00,1.000000000000000000e+00,7.687440456416547597e-04,1.303859513887283732e-03,-2.802981355595604140e-03,-2.363215748087324833e-03,3.827605711619291168e-02,4.054200304208421465e-03,1.156754084479236222e-01,1.138962490664613587e-02,7.810523899201921244e-04,1.320813853565942645e-03,-1.161900519897755921e-03,-6.605533398666777996e-04,-4.527302812112621593e-04,-3.807008717851108814e-04,-2.304981920950615899e-03,2.977908792653129091e-05
6.199999999999999956e-02,0.000000000000000000e+00,2.181006506672870417e-03,2.779488720489651978e-03,2.172941115757891836e-03,2.792939356426809433e-03,1.000000000000000000e+00,1.000000000000000000e+00,7.671636739822922449e-04,1.302670538671469322e-03,-3.160743318724928107e-03,-2.377950431628909466e-03,4.785773810538036799e-02,1.650645515655685099e-03,1.515192576725545304e-01,1.926951969883305710e-03,7.634122954448403471e-04,1.324431539130033848e-03,-3.395072647963170379e-03,-1.974636930656644730e-04,4.660081303324034943e-05,-4.966674492311541275e-04,2.597278568862850228e-03,-9.540105694768388767e-04
6.250000000000000000e-02,0.000000000000000000e+00,2.179192963834356445e-03,2.778217475122522848e-03,2.173098811055533108e-03,2.792951278455829689e-03,1.000000000000000000e+00,1.000000000000000000e+00,7.657744195684906179e-04,1.301399293304340192e-03,-2.778508827603302141e-03,-2.542490734258433683e-03,5.225201481578940765e-02,9.573206119048436376e-04,1.606074930478046670e-01,1.215369105562403001e-03,7.618091831139018732e-04,1.324302268187579857e-03,-3.018046764511083269e-03,-3.193789213308470543e-04,4.660081303324034943e-05,-4.966674492311541275e-04,4.890610542721735704e-03,-1.244263791335846470e-03
6.300000000000000044e-02,0.000000000000000000e+00,2.177846367927804318e-03,2.776843390439165567e-03,2.173259080291394928e-03,2.792963677568426582e-03,1.000000000000000000e+00,1.000000000000000000e+00,7.647428672571495627e-04,1.300025208620982694e-03,-2.063104622682079142e-03,-2.748169366715166439e-03,5.081494727517318205e-02,1.624053128150726878e-03,1.516529963840158313e-01,4.308139531291304246e-03,7.604775770740784813e-04,1.324101608127547722e-03,-2.309699839931777035e-03,-4.829367626728467509e-04,4.660081303324034943e-05,-4.966674492311541275e-04,4.077610986553131464e-03,-9.461306499185708884e-04
6.350000000000000089e-02,0.000000000000000000e+00,2.176889443868487966e-03,2.775388656799836467e-03,2.173421904771191161e-03,2.792976565179335589e-03,1.000000000000000000e+00,1.000000000000000000e+00,7.640098208990234088e-04,1.298570474981653811e-03,-1.466092716252414803e-03,-2.909467278657748568e-03,4.957405791178588761e-02,2.177341551795183502e-03,1.483758533481177311e-01,5.818391379176158368e-03,7.594706917948098506e-04,1.323830034654632695e-03,-1.718948095727277324e-03,-6.031139641322119573e-04,4.660081303324034943e-05,-4.966674492311541275e-04,3.377057006315875923e-03,-7.000985796341905980e-04
6.400000000000000133e-02,0.000000000000000000e+00,2.176255599611535106e-03,2.773871669977646080e-03,2.173587264939261330e-03,2.792989952778358875e-03,1.000000000000000000e+00,1.000000000000000000e+00,7.635242680281820226e-04,1.297053488159463207e-03,-9.711057416827204416e-04,-3.033973644381323612e-03,5.122484235129803193e-02,1.418077119292146873e-02,1.561076402082031411e-01,5.190976806528637549e-02,7.546973530500605690e-04,1.306341438878465613e-03,-1.686216042171374829e-03,-2.629618368375732061e-03,1.652960987321250665e-04,8.110948309599463362e-06,4.168970531611759962e-03,4.236790417340872625e-03
6.450000000000000178e-02,0.000000000000000000e+00,2.176023855784006179e-03,2.772668493863220986e-03,2.173755140396619982e-03,2.793003851928143114e-03,1.000000000000000000e+00,1.000000000000000000e+00,7.633467419568760711e-04,1.295850312045038547e-03,-3.550521426118116979e-04,-2.406352228849451165e-03,5.044920428623328457e-02,1.737592349535629563e-02,1.520114543753715297e-01,5.434172362059051103e-02,7.540042636956064337e-04,1.305180963005329745e-03,-1.087275921762690225e-03,-2.013435423805898846e-03,1.652960987321250665e-04,8.110948309599463362e-06,3.713750730888010308e-03,5.563989272878904456e-03
6.500000000000000222e-02,0.000000000000000000e+00,2.176150703038012748e-03,2.771875480609982834e-03,2.173925509919002151e-03,2.793018274261945162e-03,1.000000000000000000e+00,1.000000000000000000e+00,7.634439125909327694e-04,1.295057298791800178e-03,1.943412681134537492e-04,-1.586026506476854309e-03,4.912474441260311631e-02,1.500505337578265583e-02,1.478199684167435524e-01,4.275929192511873644e-02,7.535941169424820738e-04,1.304376592947566150e-03,-5.543284365477521396e-04,-1.205580023183905249e-03,1.652960987321250665e-04,8.110948309599463362e-06,2.973488013026988602e-03,4.481570011822982522e-03
6.550000000000000266e-02,0.000000000000000000e+00,2.176565600919781913e-03,2.771413849076603646e-03,2.174098351474902310e-03,2.793033231481404678e-03,1.000000000000000000e+00,1.000000000000000000e+00,7.637617428077238127e-04,1.294595667258421207e-03,6.356604335820972233e-04,-9.232630667580343353e-04,4.800209962551970494e-02,1.298869245654944195e-02,1.448236970589072969e-01,3.723738329438711081e-02,7.534236012927450054e-04,1.303936941765301925e-03,-1.285528662105404549e-04,-5.542703211845356097e-04,1.652960987321250665e-04,8.110948309599463362e-06,2.347939048204459797e-03,3.563520717559669811e-03
6.600000000000000311e-02,0.000000000000000000e+00,2.177208907640024692e-03,2.771216776821936595e-03,2.174273642243619402e-03,2.793048735354304157e-03,1.000000000000000000e+00,1.000000000000000000e+00,7.642545443459869241e-04,1.294398595003754156e-03,9.856030765261895085e-04,-3.941445093340416577e-04,3.829062881294380272e-02,1.370523589734696374e-02,1.082508053018138572e-01,4.196903984174450708e-02,7.683285530080775699e-04,1.301134393308200476e-03,1.890766918081614959e-03,-3.361594106128449862e-04,-2.724140532869578110e-04,8.619151638531988215e-05,-2.646714035737131668e-03,3.794692885159385142e-03
6.650000000000000355e-02,0.000000000000000000e+00,2.177591342553046247e-03,2.771303605533119441e-03,2.174451358633303598e-03,2.793064797712348484e-03,1.000000000000000000e+00,1.000000000000000000e+00,7.645475064859619729e-04,1.294485423714936785e-03,5.859242799500947183e-04,1.736574223652780817e-04,3.661463068570736112e-02,1.196539571853209687e-02,1.098210246968456816e-01,3.484460129734968936e-02,7.691813953349181969e-04,1.301104049237274390e-03,1.521286208765248744e-03,2.137186169142896207e-04,-2.724140532869578110e-04,8.619151638531988215e-05,-3.505749801359610892e-03,3.003350957524977393e-03
6.700000000000000400e-02,0.000000000000000000e+00,2.177631926961600545e-03,2.771616645365779230e-03,2.174631476299000027e-03,2.793081430448929314e-03,1.000000000000000000e+00,1.000000000000000000e+00,7.645785959466122866e-04,1.294798463547596357e-03,6.217892130059969342e-05,6.260796653191592290e-04,3.773740878663696396e-02,1.036078447082440512e-02,1.153356564556583808e-01,3.029264191660413497e-02,7.698184852502341132e-04,1.301319964345821513e-03,1.028005348552965808e-03,6.490899135833245971e-04,-2.724140532869578110e-04,8.619151638531988215e-05,-2.876529352896280405e-03,2.278901703455117351e-03
6.750000000000000444e-02,0.000000000000000000e+00,2.177390883275078480e-03,2.772103078231352540e-03,2.174813970160687296e-03,2.793098645516891611e-03,1.000000000000000000e+00,1.000000000000000000e+00,7.643939457700031507e-04,1.295284896413169667e-03,-3.693003532183766714e-04,9.728657311464317592e-04,3.869633804405954447e-02,9.020062049940349297e-03,1.178734764841165850e-01,2.660466660425791358e-02,7.702317941053690459e-04,1.301727309128204507e-03,6.259935465906690290e-04,9.796332333045277597e-04,-2.724140532869578110e-04,8.619151638531988215e-05,-2.340718367850287869e-03,1.675992171464725511e-03
6.800000000000000488e-02,0.000000000000000000e+00,2.176919556624076074e-03,2.772718928410892840e-03,2.174998814421325553e-03,2.793116454926303227e-03,1.000000000000000000e+00,1.000000000000000000e+00,7.640328886081086375e-04,1.295900746592709967e-03,-7.221143237889934927e-04,1.231700359080815498e-03,4.589655328871561357e-02,1.742034433379956865e-02,1.448317457243975537e-01,6.048434813322649262e-02,7.565764999567024633e-04,1.286886737465824625e-03,-1.269428193940990183e-03,-5.184326048368729546e-04,1.359357756477193172e-04,5.387742178659674563e-04,1.338152773156026619e-03,5.062126712186772355e-03
6.850000000000000533e-02,0.000000000000000000e+00,2.176581414206664976e-03,2.773725172641625276e-03,2.175185982584903685e-03,2.793134870742230991e-03,1.000000000000000000e+00,1.000000000000000000e+00,7.637738564882680381e-04,1.296906990823442404e-03,-5.180642396812650072e-04,2.012488461464852219e-03,5.010902291390267882e-02,2.007587680493944787e-02,1.551527677108028580e-01,6.396233986999874666e-02,7.559896982200173818e-04,1.286808042023064244e-03,-1.078127315861777610e-03,2.022571201054142870e-04,1.359357756477193172e-04,5.387742178659674563e-04,3.549286412897986655e-03,6.149520712052818083e-03
6.900000000000000577e-02,0.000000000000000000e+00,2.176585993516383290e-03,2.775200156230822786e-03,2.175375447474477836e-03,2.793153905082503777e-03,1.000000000000000000e+00,1.000000000000000000e+00,7.637773644430310808e-04,1.298381974412640130e-03,7.015909526189253488e-06,2.949967178395286778e-03,4.884750691284539537e-02,1.689667528139625341e-02,1.469347448882848961e-01,4.975165957194793015e-02,7.555785471344153787e-04,1.287128940837774238e-03,-5.674511728232570738e-04,1.079625682484336045e-03,1.359357756477193172e-04,5.387742178659674563e-04,2.843901019001367995e-03,4.714414939609251620e-03
6.950000000000000622e-02,0.000000000000000000e+00,2.176866106022694487e-03,2.777038895333017263e-03,2.175567181250213401e-03,2.793173570115475152e-03,1.000000000000000000e+00,1.000000000000000000e+00,7.639919430719387897e-04,1.300220713514834607e-03,4.291572578155059209e-04,3.677478204389146316e-03,4.777767598891227707e-02,1.423719233359080349e-02,1.440797241363034609e-01,4.244996986308201270e-02,7.553971594332484956e-04,1.287836466335467523e-03,-1.588845740209758042e-04,1.749152036742510855e-03,1.359357756477193172e-04,5.387742178659674563e-04,2.247495367920993112e-03,3.518747423761992097e-03
7.000000000000000666e-02,0.000000000000000000e+00,2.177364916781935299e-03,2.779153829445817070e-03,2.175761155427436994e-03,2.793193878057806390e-03,1.000000000000000000e+00,1.000000000000000000e+00,7.643740542822233123e-04,1.302335647627634631e-03,7.642224205690116394e-04,4.229868225599967002e-03,4.229905548211711219e-02,4.169079578155544287e-03,1.238928432796624624e-01,5.856701114333758354e-03,7.672199834601044514e-04,1.305290815036208628e-03,1.500790416442286798e-03,4.107182413898624596e-03,-2.116715266669232890e-04,5.490955232014996219e-05,-5.433110726244805289e-04,-6.299149403512769620e-04
7.050000000000000711e-02,0.000000000000000000e+00,2.177805343342525089e-03,2.781226827656922522e-03,2.175957340894676267e-03,2.793214841172226084e-03,1.000000000000000000e+00,1.000000000000000000e+00,7.647114406015650566e-04,1.304408645838740083e-03,6.747726386833936309e-04,4.145996422211042920e-03,3.800186524805686250e-02,-4.186132852456919684e-03,1.118336585606328620e-01,-1.803342822542444712e-02,7.679534568843357414e-04,1.307321681699688846e-03,1.433206538727381301e-03,4.016383459416738265e-03,-2.116715266669232890e-04,5.490955232014996219e-05,-2.809966545366497301e-03,-4.218813488888571196e-03
7.100000000000000755e-02,0.000000000000000000e+00,2.177972722282394726e-03,2.782996999824428365e-03,2.176155707931700170e-03,2.793236471765301026e-03,1.000000000000000000e+00,1.000000000000000000e+00,7.648396603083474016e-04,1.306178818006245926e-03,2.564394135646425087e-04,3.540344335011473813e-03,3.885658843838234178e-02,-3.025371016866218281e-03,1.186005319954867576e-01,-6.653382808113163412e-03,7.685711509969442344e-04,1.309177232469767088e-03,1.038311869537318112e-03,3.406930610338446304e-03,-2.116715266669232890e-04,5.490955232014996219e-05,-2.329642091196933509e-03,-3.673562342097507014e-03
7.150000000000000799e-02,0.000000000000000000e+00,2.177913031855220356e-03,2.784503946185581079e-03,2.176356226227565277e-03,2.793258782185201877e-03,1.000000000000000000e+00,1.000000000000000000e+00,7.647939347883031275e-04,1.307685764367398423e-03,-9.145104008859470486e-05,3.013892722305193742e-03,3.958997210111320914e-02,-1.992177791501889561e-03,1.205353806757179513e-01,-3.858118516453895499e-03,7.690088484514292924e-04,1.310747792151741031e-03,7.130916801631376244e-04,2.876277164751936052e-03,-2.116715266669232890e-04,5.490955232014996219e-05,-1.918635078068789629e-03,-3.189014862223020410e-03
7.200000000000000844e-02,0.000000000000000000e+00,2.177665662228004707e-03,2.785782849186383640e-03,2.176558864898666887e-03,2.793281784819484463e-03,1.000000000000000000e+00,1.000000000000000000e+00,7.646044386599781329e-04,1.308964667368200984e-03,-3.789922566499365794e-04,2.557806001604909056e-03,4.604161549857822139e-02,-1.107934143129687271e-02,1.448134610227370667e-01,-4.022772060378472514e-02,7.612580958643606205e-04,1.323605732541802875e-03,-4.621820203472693346e-04,3.720683967978687459e-03,2.476151166177013152e-05,-2.842734424343969874e-04,1.423199037125608786e-03,-6.908174007315210502e-03
7.249999999999999500e-02,0.000000000000000000e+00,2.177556055818278581e-03,2.786552195567179504e-03,2.176763592506768437e-03,2.793305492092840268e-03,1.000000000000000000e+00,1.000000000000000000e+00,7.645204752788771051e-04,1.309734013748996848e-03,-1.679267622020405419e-04,1.538692761591530867e-03,4.614753225175474705e-02,-9.329918594018792033e-03,1.398287574678486467e-01,-2.611449523901340428e-02,7.610791047292325652e-04,1.325218343804127064e-03,-2.541788634758152410e-04,2.731616939127720113e-03,2.476151166177013152e-05,-2.842734424343969874e-04,1.462992597101707903e-03,-6.080621411734291222e-03
7.299999999999999545e-02,0.000000000000000000e+00,2.177587929661330916e-03,2.786872501515594812e-03,2.176970377077061709e-03,2.793329916464883794e-03,1.000000000000000000e+00,1.000000000000000000e+00,7.645448920592282744e-04,1.310054319697411939e-03,4.883356070236309111e-05,6.406118968300096930e-04,4.557977464457037969e-02,-6.919017031677679105e-03,1.376478340498497321e-01,-1.863102278391217531e-02,7.610055456381247798e-04,1.326366437117810744e-03,-4.046888835754984103e-05,1.862397464809966352e-03,2.476151166177013152e-05,-2.842734424343969874e-04,1.146396598169535869e-03,-4.977393547510594249e-03
7.349999999999999589e-02,0.000000000000000000e+00,2.177731189952653891e-03,2.786824305015095458e-03,2.177179186116194945e-03,2.793355070427905665e-03,1.000000000000000000e+00,1.000000000000000000e+00,7.646546358093160318e-04,1.310006123196912802e-03,2.194875001754882746e-04,-9.639300099845062725e-05,4.510110217824733758e-02,-4.858390062636295213e-03,1.363636273358237727e-01,-1.300330211243410500e-02,7.610273719463579939e-04,1.327119911550377149e-03,1.274478758770938500e-04,1.152846891249576216e-03,2.476151166177013152e-05,-2.842734424343969874e-04,8.803386613968853256e-04,-4.036899089020089954e-03
7.399999999999999634e-02,0.000000000000000000e+00,2.177960543418346832e-03,2.786476301481965664e-03,2.177389986630326978e-03,2.793380966504650439e-03,1.000000000000000000e+00,1.000000000000000000e+00,7.648303307572200957e-04,1.309658119663783225e-03,3.513898958081932691e-04,-6.960070662591638516e-04,4.535697458797902093e-02,7.000879644043894387e-03,1.378356302602787853e-01,3.103712178470917696e-02,7.606459662029161836e-04,1.316732982941697149e-03,2.028524578825096063e-04,-6.446586472804599101e-04,3.880351921985070900e-05,3.387169164062980690e-05,1.001423019606030541e-03,9.616345537792744466e-04
7.449999999999999678e-02,0.000000000000000000e+00,2.178287782367714989e-03,2.786202678801990955e-03,2.177602745143170961e-03,2.793407617246086196e-03,1.000000000000000000e+00,1.000000000000000000e+00,7.650810103359558618e-04,1.309384496983808516e-03,5.013591574714735188e-04,-5.472453599495794973e-04,4.489551990117260361e-02,6.861375185782325574e-03,1.359042676978792219e-01,2.043552370986488967e-02,7.607839994353710620e-04,1.316445931819699815e-03,3.489920388923510998e-04,-5.038079597162219625e-04,3.880351921985070900e-05,3.387169164062980690e-05,7.460971444480123983e-04,8.911944130388869392e-04
7.499999999999999722e-02,0.000000000000000000e+00,2.178688612280129180e-03,2.785998242881111957e-03,2.177817427714035491e-03,2.793435035229174107e-03,1.000000000000000000e+00,1.000000000000000000e+00,7.653880638629963640e-04,1.309180061062929301e-03,6.141070540810279798e-04,-4.088718417586305678e-04,4.450734167299824628e-02,6.522146287568504099e-03,1.348501830779836597e-01,1.929667358355188073e-02,7.609858492409176528e-04,1.316226741395222109e-03,4.581879349753191001e-04,-3.731985741888585017e-04,3.880351921985070900e-05,3.387169164062980690e-05,5.323045945698505390e-04,7.355652759855858206e-04
7.549999999999999767e-02,0.000000000000000000e+00,2.179142683990434835e-03,2.785851609776532865e-03,2.178033999955863130e-03,2.793463233054624580e-03,1.000000000000000000e+00,1.000000000000000000e+00,7.657359029734533062e-04,1.309033427958350209e-03,6.956782209138519116e-04,-2.932662091582918492e-04,4.418653745959814222e-02,6.230419543625881351e-03,1.339787385981929813e-01,1.850301074082990466e-02,7.612345482051603674e-04,1.316067207829035206e-03,5.364468586793076643e-04,-2.651390796209491672e-04,3.880351921985070900e-05,3.387169164062980690e-05,3.564769426270412490e-04,6.020659236493895467e-04
7.599999999999999811e-02,0.000000000000000000e+00,2.179633254402996764e-03,2.785753006046812110e-03,2.178252427053285409e-03,2.793492223344685044e-03,1.000000000000000000e+00,1.000000000000000000e+00,7.661117017119551276e-04,1.308934824228629454e-03,7.515974770036694267e-04,-1.972074594413816113e-04,3.683992782190976395e-02,1.323160177613091036e-02,1.057503910194615843e-01,4.598357193094679968e-02,7.711713480826677984e-04,1.308375136959406132e-03,1.681614048162802418e-03,-1.034184828089579171e-03,-2.451048337360440198e-04,2.568066403323988607e-04,-3.423238287573050764e-03,3.504157708117951360e-03
7.649999999999999856e-02,0.000000000000000000e+00,2.179791772977169619e-03,2.785920706829796839e-03,2.178472673780663081e-03,2.793522018740898262e-03,1.000000000000000000e+00,1.000000000000000000e+00,7.662331339848315378e-04,1.309102525011614183e-03,2.428645457527489528e-04,3.354015659692958259e-04,3.789771639544546600e-02,1.170048596309241490e-02,1.158613296741288767e-01,3.428966571403008201e-02,7.718913419154315413e-04,1.307983850461189729e-03,1.199268852769139887e-03,-5.319197611884850197e-04,-2.451048337360440198e-04,2.568066403323988607e-04,-2.829050258931249760e-03,2.807545433040571550e-03
7.699999999999999900e-02,0.000000000000000000e+00,2.179675078791032568e-03,2.786303741417040132e-03,2.178694704520121178e-03,2.793552631901870600e-03,1.000000000000000000e+00,1.000000000000000000e+00,7.661437410519970556e-04,1.309485559598857259e-03,-1.787858656689514966e-04,7.660691744861059839e-04,3.880422645624498346e-02,1.040253315795566097e-02,1.182562409557272043e-01,3.074112783985074454e-02,7.723917437719737909e-04,1.307818424575837250e-03,8.030874574443756363e-04,-1.305553678217765898e-04,-2.451048337360440198e-04,2.568066403323988607e-04,-2.321237034951853344e-03,2.218879662970864395e-03
7.749999999999999944e-02,0.000000000000000000e+00,2.179331802040384257e-03,2.786858994896015962e-03,2.178918483279604010e-03,2.793584075501042048e-03,1.000000000000000000e+00,1.000000000000000000e+00,7.658807758047107622e-04,1.310040813077833523e-03,-5.259304945725820808e-04,1.110506957952326875e-03,3.957807884553288941e-02,9.307490599885823168e-03,1.203044418973140545e-01,2.774449759225749643e-02,7.727125058926817471e-04,1.307832318989747902e-03,4.805739307354286506e-04,1.855199483888990810e-04,-2.451048337360440198e-04,2.568066403323988607e-04,-1.889033396246439121e-03,1.723978037743714763e-03
7.799999999999999989e-02,0.000000000000000000e+00,2.178803386895328265e-03,2.787550176139531096e-03,2.179143973710917156e-03,2.793616362224465334e-03,1.000000000000000000e+00,1.000000000000000000e+00,7.654759863191807874e-04,1.310731994321348440e-03,-8.095789710598549557e-04,1.382362487029633030e-03,3.994558354211550505e-02,7.515527944372804928e-03,1.209213033585368330e-01,2.183683455036794507e-02,7.736720352851381892e-04,1.309002726882794272e-03,3.095225471011336655e-04,5.448616610257280782e-04,-2.681670930581526373e-04,2.269187740701956622e-04,-1.666265522370090433e-03,9.477593915712801244e-04
7.850000000000000033e-02,0.000000000000000000e+00,2.178110458289714800e-03,2.788319618313467741e-03,2.179371139127765124e-03,2.793649504768557293e-03,1.000000000000000000e+00,1.000000000000000000e+00,7.649451722113724973e-04,1.311501436495285085e-03,-1.061628215616589694e-03,1.538884347873450444e-03,4.054253256936766331e-02,6.903505355444397758e-03,1.227928191343520825e-01,2.105698944846804560e-02,7.737700287418567812e-04,1.309308440607813385e-03,8.288679377933894977e-05,6.777241999870949095e-04,-2.681670930581526373e-04,2.269187740701956622e-04,-1.334863501465838624e-03,6.745678453456308921e-04
7.900000000000000078e-02,0.000000000000000000e+00,2.177284915312723002e-03,2.789147195364942607e-03,2.179599942523800706e-03,2.793683515837877551e-03,1.000000000000000000e+00,1.000000000000000000e+00,7.643127696012921553e-04,1.312329013546759734e-03,-1.264805220160695153e-03,1.655154102949093304e-03,4.104610885883305804e-02,6.399299275676354794e-03,1.241316488384326816e-01,1.967128780911061095e-02,7.737667680857598755e-04,1.309670655005505972e-03,-9.558342190593715777e-05,7.709390532379302311e-04,-2.681670930581526373e-04,2.269187740701956622e-04,-1.056416195369877737e-03,4.507998077277198244e-04
7.950000000000000122e-02,0.000000000000000000e+00,2.176353623126153335e-03,2.790016378486598597e-03,2.179830346590668280e-03,2.793718408142901576e-03,1.000000000000000000e+00,1.000000000000000000e+00,7.635993583968500717e-04,1.313198196668415941e-03,-1.426822408884084259e-03,1.738366243312282084e-03,4.146868390235568941e-02,5.987413789903054881e-03,1.252573423330134716e-01,1.853787224106444309e-02,7.736844170231511062e-04,1.310071336603219148e-03,-2.335503382732654221e-04,8.316545297512882226e-04,-2.681670930581526373e-04,2.269187740701956622e-04,-8.238154148913936874e-04,2.692494211028886668e-04
8.000000000000000167e-02,0.000000000000000000e+00,2.175339088273501881e-03,2.790913711836165434e-03,2.180062313736046663e-03,2.793754194397782015e-03,1.000000000000000000e+00,1.000000000000000000e+00,7.628221796106259825e-04,1.314095530017982778e-03,-1.554357572448150215e-03,1.794666699133727356e-03,3.741956519498219891e-02,8.820751063668738623e-03,1.091038537328204439e-01,2.991741522647317283e-02,7.797072255435670389e-04,1.307250127096813144e-03,3.599034062449917612e-04,4.987819205120129756e-04,-4.494656252056337584e-04,3.223553398711606469e-04,-2.887926164631910396e-03,1.441211237782962125e-03
8.050000000000000211e-02,0.000000000000000000e+00,2.174039529901729273e-03,2.791927322507384984e-03,2.180295806101692838e-03,2.793790887318119143e-03,1.000000000000000000e+00,1.000000000000000000e+00,7.618266601414206470e-04,1.315109140689202328e-03,-1.991038938410729861e-03,2.027221342438890236e-03,3.849671457741319497e-02,7.976562235717677557e-03,1.165130964650933354e-01,2.432017966308334250e-02,7.797881989159080596e-04,1.307549897716757782e-03,-3.524718004165727911e-05,6.998994674475237515e-04,-4.494656252056337584e-04,3.223553398711606469e-04,-2.290579821419321069e-03,1.063091300918416653e-03
8.100000000000000255e-02,0.000000000000000000e+00,2.172512375543923790e-03,2.793029358342390307e-03,2.180530785581485248e-03,2.793828499618732173e-03,1.000000000000000000e+00,1.000000000000000000e+00,7.606567920318390566e-04,1.316211176524207434e-03,-2.339736219163112384e-03,2.204071670010301302e-03,3.940297239072772933e-02,7.277251758061544298e-03,1.189290271239322877e-01,2.240100379393112490e-02,7.796933304763262402e-04,1.307936484428995610e-03,-3.436253600983439020e-04,8.461493417056577260e-04,-4.494656252056337584e-04,3.223553398711606469e-04,-1.790061846204985332e-03,7.514932970915355051e-04
8.150000000000000300e-02,0.000000000000000000e+00,2.170805848981501029e-03,2.794196809203633881e-03,2.180767213839472293e-03,2.793867044011429275e-03,1.000000000000000000e+00,1.000000000000000000e+00,7.593495168416601647e-04,1.317378627385451225e-03,-2.614550380357858698e-03,2.334901722487790852e-03,4.016122267861970546e-02,6.702338999069173270e-03,1.209550478836845244e-01,2.082147758088671516e-02,7.794624976193482600e-04,1.308384863213080118e-03,-5.792407248611689896e-04,9.471531060631058381e-04,-4.494656252056337584e-04,3.223553398711606469e-04,-1.373235170245606235e-03,4.968814139044232291e-04
8.200000000000000344e-02,0.000000000000000000e+00,2.168960218304676578e-03,2.795410813156462213e-03,2.181005052327908682e-03,2.793906533202770645e-03,1.000000000000000000e+00,1.000000000000000000e+00,7.579356817176287993e-04,1.318592631338279340e-03,-2.827670248062705803e-03,2.428007905656045205e-03,4.376647812299239160e-02,1.213666334256429183e-02,1.341967985523141449e-01,4.245736980595485321e-02,7.756592791048439947e-04,1.302744979448008803e-03,-1.146755457365071984e-03,3.176923271244247232e-04,-3.474382032090707079e-04,5.025911269628631148e-04,5.070783410039427473e-04,2.746652198850080533e-03
8.250000000000000389e-02,0.000000000000000000e+00,2.167157936182764841e-03,2.796840541438885570e-03,2.181244262305303931e-03,2.793946979891841556e-03,1.000000000000000000e+00,1.000000000000000000e+00,7.565550535132055951e-04,1.320022359620702914e-03,-2.761256408846494113e-03,2.859456564847277261e-03,4.373519225074637418e-02,1.068447936637742686e-02,1.310327044827271914e-01,3.236406643573989245e-02,7.751091591005911628e-04,1.303000080637127522e-03,-1.053883754430278265e-03,7.019580866814257398e-04,-3.474382032090707079e-04,5.025911269628631148e-04,4.820847424488987213e-04,2.093219657345949270e-03
8.300000000000000433e-02,0.000000000000000000e+00,2.165397135446198856e-03,2.798437935425500921e-03,2.181484804854467822e-03,2.793988396768024539e-03,1.000000000000000000e+00,1.000000000000000000e+00,7.552062018935195003e-04,1.321619753607318048e-03,-2.697703239372109020e-03,3.194787973230441263e-03,4.369455670376717893e-02,9.473274609931244677e-03,1.309351597812559720e-01,2.904404632216698798e-02,7.746046381658860469e-04,1.303423577821399403e-03,-9.643544249162626066e-04,9.914536074705306880e-04,-3.474382032090707079e-04,5.025911269628631148e-04,4.523844242210481661e-04,1.550679761136118228e-03
8.350000000000000477e-02,0.000000000000000000e+00,2.163675497508307441e-03,2.800163008125873716e-03,2.181726640900553266e-03,2.794030796508764191e-03,1.000000000000000000e+00,1.000000000000000000e+00,7.538873507181349408e-04,1.323344826307691277e-03,-2.637702350769171103e-03,3.450145400746614226e-03,4.364723983213736336e-02,8.469737193766587596e-03,1.308177725698576599e-01,2.629042682883288296e-02,7.741438735269398326e-04,1.303972103014594498e-03,-8.788524200700425061e-04,1.202217977463040845e-03,-3.474382032090707079e-04,5.025911269628631148e-04,4.194437355575139615e-04,1.103495566862330206e-03
8.400000000000000522e-02,0.000000000000000000e+00,2.161990391563505063e-03,2.801982713696609360e-03,2.181969731229091783e-03,2.794074191777330685e-03,1.000000000000000000e+00,1.000000000000000000e+00,7.525964846730522507e-04,1.325164531878426921e-03,-2.581732090165361499e-03,3.639411141471502863e-03,4.673050558196803483e-02,-1.887638802300009491e-03,1.428620798916458989e-01,-1.299602586856314461e-02,7.700507427739035696e-04,1.314809566373914898e-03,-1.213508260474932500e-03,2.502002186177165396e-03,-2.394055408714114224e-04,2.026682165879562880e-04,2.002544045972194566e-03,-3.225450890614869545e-03
8.450000000000000566e-02,0.000000000000000000e+00,2.160496057735998739e-03,2.803572024940957988e-03,2.182214036504051546e-03,2.794118595220601922e-03,1.000000000000000000e+00,1.000000000000000000e+00,7.514517585483265674e-04,1.326753843122775549e-03,-2.289452249451423473e-03,3.178622488697463444e-03,4.609494700690913022e-02,-8.367625391077776345e-04,1.379160777115758241e-01,-2.712697024533616266e-04,7.695205050139441744e-04,1.315942335476489753e-03,-9.080147838398605967e-04,2.029946254475394236e-03,-2.394055408714114224e-04,2.026682165879562880e-04,1.642344134577200087e-03,-2.736966825581532356e-03
8.500000000000000611e-02,0.000000000000000000e+00,2.159158605211307282e-03,2.804966285890232378e-03,2.182459517285874166e-03,2.794164019466824876e-03,1.000000000000000000e+00,1.000000000000000000e+00,7.504272104738510382e-04,1.328148104072049505e-03,-2.049096148951142470e-03,2.788521898547715802e-03,4.554746709476680672e-02,8.151068867058599535e-05,1.364593349834017921e-01,2.230129759258083020e-03,7.691300075083947613e-04,1.316856743018160166e-03,-6.544518829100981266e-04,1.628427494438116317e-03,-2.394055408714114224e-04,2.026682165879562880e-04,1.332595539715205691e-03,-2.310806459890213903e-03
8.550000000000000655e-02,0.000000000000000000e+00,2.157948932273704660e-03,2.806196307194754828e-03,2.182706134049515814e-03,2.794210477123380398e-03,1.000000000000000000e+00,1.000000000000000000e+00,7.495005472420091441e-04,1.329378125376572172e-03,-1.853326463683728975e-03,2.460042609045259929e-03,4.507753328201333232e-02,8.815584537479441169e-04,1.352050196024022488e-01,4.412081090499937394e-03,7.688551115985905408e-04,1.317585800764486861e-03,-4.455262630320912416e-04,1.288434840774180072e-03,-2.394055408714114224e-04,2.026682165879562880e-04,1.067193365300437386e-03,-1.940119699964632394e-03
8.600000000000000699e-02,0.000000000000000000e+00,2.156842146229209257e-03,2.807288864716565944e-03,2.182953847202493552e-03,2.794257980774557566e-03,1.000000000000000000e+00,1.000000000000000000e+00,7.486526999429015316e-04,1.330470682898383288e-03,-1.695694598215298889e-03,2.185115043622295507e-03,4.241278377335258587e-02,-2.605760061038238633e-03,1.253404469527250598e-01,-9.932686542545325972e-03,7.720610908584403390e-04,1.322711715646308992e-03,1.082466650449941928e-04,1.517103835743995608e-03,-3.389695952468863949e-04,6.877513507966746765e-05,-3.165806728115071449e-04,-3.356983905868954517e-03
8.650000000000000744e-02,0.000000000000000000e+00,2.155703670296423534e-03,2.808136436622277968e-03,2.183202617102935131e-03,2.794306542979329774e-03,1.000000000000000000e+00,1.000000000000000000e+00,7.477805767809664935e-04,1.331318254804095312e-03,-1.744246323870175981e-03,1.695143811423840529e-03,4.246748987928154057e-02,-1.250778441265952947e-03,1.278020576388067819e-01,-1.904134529180316789e-03,7.721088462666929808e-04,1.323348118094424446e-03,8.282243509477933859e-05,1.029427018186812592e-03,-3.389695952468863949e-04,6.877513507966746765e-05,-2.873917294936957157e-04,-2.736335197744973937e-03
8.700000000000000788e-02,0.000000000000000000e+00,2.154536742849768975e-03,2.808784125536079729e-03,2.183452404077610570e-03,2.794356176269103924e-03,1.000000000000000000e+00,1.000000000000000000e+00,7.468866584949340271e-04,1.331965943717896856e-03,-1.787836572064846995e-03,1.295377827603094679e-03,4.251439894399092895e-02,-9.280817686310000817e-05,1.279145160539514603e-01,1.264407332471357030e-03,7.721450064505875829e-04,1.323763155953144215e-03,6.185756362346726182e-05,6.314799485557551044e-04,-3.389695952468863949e-04,6.877513507966746765e-05,-2.626230089245787098e-04,-2.207225521575997395e-03
8.750000000000000833e-02,0.000000000000000000e+00,2.153344177196286902e-03,2.809270374690511687e-03,2.183703168439987165e-03,2.794406893145510822e-03,1.000000000000000000e+00,1.000000000000000000e+00,7.459731002030292862e-04,1.332452192872329031e-03,-1.827116583809533209e-03,9.724983088642594978e-04,4.255446777559478838e-02,8.927510425531479674e-04,1.280093415893746867e-01,3.964610580542791279e-03,7.721716397458925360e-04,1.323998379044916606e-03,4.470784704164337299e-05,3.100265020377569909e-04,-3.389695952468863949e-04,6.877513507966746765e-05,-2.417214160675714265e-04,-1.758084892098518356e-03
8.799999999999999489e-02,0.000000000000000000e+00,2.152128414136115706e-03,2.809627809887285145e-03,2.183954870508270606e-03,2.794458706078161749e-03,1.000000000000000000e+00,1.000000000000000000e+00,7.450417716666359698e-04,1.332809628069102272e-03,-1.862657072786736258e-03,7.148703935462789438e-04,5.229352865275742335e-02,-1.884584324671123665e-03,1.657795718235436921e-01,-7.773747381822296125e-03,7.474925685002603137e-04,1.330797972509572538e-03,-2.763397683922048671e-03,8.125090883539371183e-04,3.872668229002941185e-04,-1.284963390338109785e-04,4.639165497152335574e-03,-2.842954902910253909e-03
8.849999999999999534e-02,0.000000000000000000e+00,2.151377795318514929e-03,2.809771082628909761e-03,2.184207470623444804e-03,2.794511627502419340e-03,1.000000000000000000e+00,1.000000000000000000e+00,7.444667642925123594e-04,1.332952900810726888e-03,-1.150014748247303945e-03,2.865454832493895894e-04,6.045140903033420499e-02,-3.232786727768240716e-03,1.895245049799225423e-01,-1.082301614178134835e-02,7.462768182757413635e-04,1.331102034985421918e-03,-2.100841296087922402e-03,4.045200020456311981e-04,3.872668229002941185e-04,-1.284963390338109785e-04,8.899833923395761986e-03,-3.391579696965025224e-03
8.899999999999999578e-02,0.000000000000000000e+00,2.151495712966735793e-03,2.809660528773017408e-03,2.184460929167315619e-03,2.794565669817164564e-03,1.000000000000000000e+00,1.000000000000000000e+00,7.445570944516773483e-04,1.332842346954834752e-03,1.806603183300296758e-04,-2.211077117841702962e-04,5.717100687125330205e-02,-1.598772490990506973e-03,1.705232084207221610e-01,-3.544479260855940266e-03,7.455464308192258143e-04,1.331182283556365869e-03,-8.231570641426249474e-04,-8.258474802464125933e-05,3.872668229002941185e-04,-1.284963390338109785e-04,7.070182328994221999e-03,-2.650975014442190358e-03
8.949999999999999623e-02,0.000000000000000000e+00,2.152307703901743755e-03,2.809350183554578176e-03,2.184715206580566723e-03,2.794620845382579308e-03,1.000000000000000000e+00,1.000000000000000000e+00,7.451791155953034051e-04,1.332532001736395303e-03,1.244042287252213226e-03,-6.206904368789593548e-04,5.439786768998976924e-02,-2.240825584077678204e-04,1.631151993914798926e-01,2.276079171431977092e-04,7.453885088397022929e-04,1.331045827012219225e-03,1.895125729777316376e-04,-4.625000007824367444e-04,3.872668229002941185e-04,-1.284963390338109785e-04,5.528561000084378230e-03,-2.030093016979589351e-03
8.999999999999999667e-02,0.000000000000000000e+00,2.153666669144057265e-03,2.808885371343386277e-03,2.184970263380786419e-03,2.794677166517893843e-03,1.000000000000000000e+00,1.000000000000000000e+00,7.462201433675694651e-04,1.332067189525203404e-03,2.082055544532023395e-03,-9.296244223836964754e-04,6.320074543751531826e-02,-1.552606677596419290e-03,2.001124604745142532e-01,-6.238309921086693938e-03,7.315593736069049688e-04,1.333515649643458130e-03,-6.188222021144755385e-04,-4.387324380276634572e-04,8.025086385589267181e-04,-2.100569558134670798e-04,9.968254508026951413e-03,-2.542168875387576261e-03
9.049999999999999711e-02,0.000000000000000000e+00,2.156007125076920758e-03,2.808226417849792565e-03,2.185226060180520038e-03,2.794734645499168113e-03,1.000000000000000000e+00,1.000000000000000000e+00,7.480130366293043622e-04,1.331408236031610126e-03,3.585786523469852195e-03,-1.317906987186756584e-03,5.921877455156652342e-02,-1.528142061051872562e-04,1.779272915095122254e-01,1.651283104925893304e-04,7.316040455289059058e-04,1.333205693020878815e-03,7.947686805420687206e-04,-8.003814675343459478e-04,8.025086385589267181e-04,-2.100569558134670798e-04,7.758690315333554785e-03,-1.912013432696816478e-03
9.099999999999999756e-02,0.000000000000000000e+00,2.159117894019542752e-03,2.807419405849044709e-03,2.185482557705318001e-03,2.794793294557065648e-03,1.000000000000000000e+00,1.000000000000000000e+00,7.503960238916268120e-04,1.330601224030861836e-03,4.765974524644868426e-03,-1.614024001496505538e-03,5.587665574235214233e-02,1.012851987175401479e-03,1.689701455698874866e-01,3.369881587099182122e-03,7.322752869293119122e-04,1.332737770582884465e-03,1.888052783536405335e-03,-1.070766598342611474e-03,8.025086385589267181e-04,-2.100569558134670798e-04,5.911446939602448686e-03,-1.389560366603160343e-03
9.149999999999999800e-02,0.000000000000000000e+00,2.162822223570938680e-03,2.806502581422677146e-03,2.185739716811772176e-03,2.794853125874612303e-03,1.000000000000000000e+00,1.000000000000000000e+00,7.532337049599552824e-04,1.329684399604494274e-03,5.675362136657032680e-03,-1.833648852735250039e-03,5.308790451825581846e-02,1.976930635327811634e-03,1.614728652482625981e-01,6.024498593842738531e-03,7.334260705691230493e-04,1.332153613422790844e-03,2.713438699258854253e-03,-1.265462647832011310e-03,8.025086385589267181e-04,-2.100569558134670798e-04,4.376912548620504224e-03,-9.596395614517907449e-04
9.199999999999999845e-02,0.000000000000000000e+00,2.166973073418441021e-03,2.805507457747198272e-03,2.185997498505562638e-03,2.794914151584967574e-03,1.000000000000000000e+00,1.000000000000000000e+00,7.564134404198556922e-04,1.328689275929015616e-03,6.359470919800886378e-03,-1.990247350957262060e-03,4.385192221204840118e-02,5.701490541536633275e-03,1.283453715672823181e-01,1.959908016441199580e-02,7.504594483245637581e-04,1.326599788589945868e-03,5.072658091557769033e-03,-1.950846785562202748e-03,3.459808515017787729e-04,-6.632893730939271840e-05,-3.780395743288875524e-04,5.864620873601761103e-04
9.249999999999999889e-02,0.000000000000000000e+00,2.171102051401307964e-03,2.804551469478451520e-03,2.186255863959500091e-03,2.794976383769196774e-03,1.000000000000000000e+00,1.000000000000000000e+00,7.595764210593915428e-04,1.327733287660269081e-03,6.325961279071747219e-03,-1.911976537493100502e-03,3.838539778620501941e-02,7.725435223450267085e-03,1.149819427503071256e-01,2.431354671214436269e-02,7.529789238002633500e-04,1.325646280234200631e-03,5.005279178028192513e-03,-1.863320229053667650e-03,3.459808515017787729e-04,-6.632893730939271840e-05,-3.261021020347668661e-03,1.450944036711049800e-03
9.299999999999999933e-02,0.000000000000000000e+00,2.174935066857760016e-03,2.803697528468459925e-03,2.186514774531576107e-03,2.795039834454039317e-03,1.000000000000000000e+00,1.000000000000000000e+00,7.625126812501957074e-04,1.326879346650277486e-03,5.872520381608436688e-03,-1.707882019983230325e-03,3.876228304946904846e-02,7.437572742246464745e-03,1.208727298189360422e-01,2.155560021566791870e-02,7.553602687691747270e-04,1.324767841451780781e-03,4.520949330130460096e-03,-1.650813539121648039e-03,3.459808515017787729e-04,-6.632893730939271840e-05,-3.024738113829508225e-03,1.311112286121659046e-03
9.349999999999999978e-02,0.000000000000000000e+00,2.178494008883085243e-03,2.802935547772300064e-03,2.186774191782996438e-03,2.795104515609674392e-03,1.000000000000000000e+00,1.000000000000000000e+00,7.652389890120788385e-04,1.326117365954117625e-03,5.452615523766248321e-03,-1.523961392319690949e-03,3.914004855697891805e-02,7.168146945320723849e-03,1.217963588258061808e-01,2.083407741743976971e-02,7.575079256854532405e-04,1.323990607103132022e-03,4.070470196468341240e-03,-1.458467247954803574e-03,3.459808515017787729e-04,-6.632893730939271840e-05,-2.790356450913518242e-03,1.180663906417239208e-03
9.400000000000000022e-02,0.000000000000000000e+00,2.181800587221368118e-03,2.802256123549228504e-03,2.187034077496234283e-03,2.795170439147493576e-03,1.000000000000000000e+00,1.000000000000000000e+00,7.677719749738580414e-04,1.325437941731046065e-03,5.065971923558362441e-03,-1.358848446142938739e-03,4.456095361645132785e-02,1.461452363035265975e-02,1.423226426872841732e-01,5.005428332875802577e-02,7.532749935152126567e-04,1.315342750188256511e-03,2.956231149453031250e-03,-2.185715473289065458e-03,5.272242866318560192e-04,1.677938040359212954e-04,4.078973633243193619e-05,4.262514813604265790e-03
9.450000000000000067e-02,0.000000000000000000e+00,2.185128952771644290e-03,2.801891109891772695e-03,2.187294393693069681e-03,2.795237616917869115e-03,1.000000000000000000e+00,1.000000000000000000e+00,7.703216509083154464e-04,1.325072928073590039e-03,5.099351868914812728e-03,-7.300273149122223386e-04,4.399543118458279500e-02,1.298023700312112699e-02,1.355163620300398886e-01,3.762102978933314773e-02,7.547492380595071998e-04,1.314403400163536868e-03,2.940721372768390247e-03,-1.572836877937606494e-03,5.272242866318560192e-04,1.677938040359212954e-04,-2.554110823856170845e-04,3.512851917606309941e-03
9.500000000000000111e-02,0.000000000000000000e+00,2.188450141762703777e-03,2.801785812502718964e-03,2.187555102652633671e-03,2.795306060707921335e-03,1.000000000000000000e+00,1.000000000000000000e+00,7.728658292794646180e-04,1.324967630684536308e-03,5.088356742298278876e-03,-2.105947781075624692e-04,4.355871580514331098e-02,1.157830307127823664e-02,1.342972653704157249e-01,3.379491248115270435e-02,7.562048793687566441e-04,1.313743321056652430e-03,2.881902844119473527e-03,-1.068432134822782081e-03,5.272242866318560192e-04,1.677938040359212954e-04,-4.801717015850330648e-04,2.871315570754658531e-03
9.550000000000000155e-02,0.000000000000000000e+00,2.191741981352603001e-03,2.801893405820213116e-03,2.187816166929453313e-03,2.795375782239287350e-03,1.000000000000000000e+00,1.000000000000000000e+00,7.753875247049459365e-04,1.325075224002030243e-03,5.043390850962559124e-03,2.151866349877245340e-04,4.322969129066432659e-02,1.038027745722379727e-02,1.333685060067294759e-01,3.052207902272181805e-02,7.576228521271284122e-04,1.313312192335739639e-03,2.790112491758595624e-03,-6.568640699253057305e-04,5.272242866318560192e-04,1.677938040359212954e-04,-6.454359614709446113e-04,2.324505009106595400e-03
9.600000000000000200e-02,0.000000000000000000e+00,2.194987955241701517e-03,2.802173957798537347e-03,2.188077549371495421e-03,2.795446793165893250e-03,1.000000000000000000e+00,1.000000000000000000e+00,7.778740849651993861e-04,1.325355775980354475e-03,4.973120520506937176e-03,5.611039566485466999e-04,4.151461177037173156e-02,1.426428667416700016e-03,1.269514851032026437e-01,-3.080152779066432957e-03,7.613518988369943723e-04,1.321644326952128422e-03,2.941306305535914579e-03,6.459598090118774411e-04,4.577388769418344844e-04,-8.441909344831048363e-05,-1.513928772516656869e-03,-1.437501835725326933e-03
9.650000000000000244e-02,0.000000000000000000e+00,2.198102302009944352e-03,2.802345572313935315e-03,2.188339213138210289e-03,2.795519105071721071e-03,1.000000000000000000e+00,1.000000000000000000e+00,7.802598130009571900e-04,1.325527390495752442e-03,4.771456071515566347e-03,3.432290307960703005e-04,4.160294041835845696e-02,1.993853675487467468e-03,1.286521198433733526e-01,6.673377282207508532e-03,7.627625514766334016e-04,1.321916062583242645e-03,2.701715267916890862e-03,4.413689409052308781e-04,4.577388769418344844e-04,-8.441909344831048363e-05,-1.447592165179234589e-03,-1.178158791376241561e-03
9.700000000000000289e-02,0.000000000000000000e+00,2.201090624455151815e-03,2.802427231533084068e-03,2.188601121718573676e-03,2.795592729468576211e-03,1.000000000000000000e+00,1.000000000000000000e+00,7.825490008043559358e-04,1.325609049714901195e-03,4.578375606797525400e-03,1.633184382974938907e-04,4.171361504851545804e-02,2.478836734820846852e-03,1.289045739864847218e-01,7.995124425407330176e-03,7.640557134202756841e-04,1.322094914900902654e-03,2.471330120702590165e-03,2.743572373695665235e-04,4.577388769418344844e-04,-8.441909344831048363e-05,-1.370052481929291688e-03,-9.571146277478309421e-04
9.750000000000000333e-02,0.000000000000000000e+00,2.203959594064036805e-03,2.802435130369341880e-03,2.188863238949134010e-03,2.795667677793858309e-03,1.000000000000000000e+00,1.000000000000000000e+00,7.847467590307195817e-04,1.325616948551159224e-03,4.395516452727224119e-03,1.579767251610683394e-05,4.184004543923824926e-02,2.891665641869445910e-03,1.292045401513074732e-01,9.120956655929131698e-03,7.652363946543264475e-04,1.322198286186497583e-03,2.251775690480297635e-03,1.393855719324595978e-04,4.577388769418344844e-04,-8.441909344831048363e-05,-1.284926925311621849e-03,-7.695305770981164051e-04
9.800000000000000377e-02,0.000000000000000000e+00,2.206716607654302803e-03,2.802383028602417614e-03,2.189125529032053506e-03,2.795743961408329956e-03,1.000000000000000000e+00,1.000000000000000000e+00,7.868587539711466728e-04,1.325564846784235175e-03,4.223989880854217734e-03,-1.042035338482113154e-04,3.406770775752400449e-02,5.581371324669244516e-03,9.882090879372085190e-02,1.916283535763011608e-02,7.770812985760423581e-04,1.319967850309405584e-03,3.262732865849837533e-03,-2.255565451155862897e-04,1.410205303276667926e-04,-1.757827310544117548e-05,-5.255536347405416822e-03,3.641025334544368110e-04
9.850000000000000422e-02,0.000000000000000000e+00,2.208973254664969160e-03,2.802355696759748285e-03,2.189387956553155365e-03,2.795821591593886275e-03,1.000000000000000000e+00,1.000000000000000000e+00,7.885874458737483945e-04,1.325537514941565846e-03,3.457383805203363691e-03,-5.466368533849344979e-05,3.563036275361793764e-02,5.444677900646090890e-03,1.111198213826628534e-01,1.635717508776804094e-02,7.785199564214304209e-04,1.319868714859752639e-03,2.493335230801215982e-03,-1.710870682616133184e-04,1.410205303276667926e-04,-1.757827310544117548e-05,-4.370789697387210404e-03,3.008771438915186676e-04
9.900000000000000466e-02,0.000000000000000000e+00,2.210813387630358208e-03,2.802348577555104948e-03,2.189650486499964029e-03,2.795900579551321465e-03,1.000000000000000000e+00,1.000000000000000000e+00,7.899970695064846256e-04,1.325530395736922292e-03,2.819247265472369333e-03,-1.423840928708075044e-05,3.697957925911937727e-02,5.326722803738800222e-03,1.146887432803841700e-01,1.603315299943458908e-02,7.796059401149464489e-04,1.319794533599757697e-03,1.851801786961055490e-03,-1.257230831918632855e-04,1.410205303276667926e-04,-1.757827310544117548e-05,-3.608395486200368079e-03,2.463996205457158971e-04
9.950000000000000511e-02,0.000000000000000000e+00,2.212309237851790324e-03,2.802357750070132852e-03,2.189913084279750208e-03,2.795980936398101413e-03,1.000000000000000000e+00,1.000000000000000000e+00,7.911429572563511130e-04,1.325539568251950413e-03,2.291775499732999575e-03,1.834503005606640853e-05,3.814052692722556814e-02,5.225288950002958052e-03,1.177671390431858922e-01,1.575392510446045613e-02,7.803987502522115576e-04,1.319741070526521398e-03,1.320438576496839799e-03,-8.819990878810966698e-05,1.410205303276667926e-04,-1.757827310544117548e-05,-2.953746871966407648e-03,1.996222799315086583e-04
1.000000000000000056e-01,0.000000000000000000e+00,2.213522803357233920e-03,2.802379853504136098e-03,2.190175715737575912e-03,2.796062673166129376e-03,1.000000000000000000e+00,1.000000000000000000e+00,7.920726023681570922e-04,1.325561671685953442e-03,1.859290223611940584e-03,4.420686800622076345e-05,3.836564923668318861e-02,7.188933648377872875e-03,1.174219870250979847e-01,2.347776656721266980e-02,7.823870136583268046e-04,1.317750262130520976e-03,1.046289847740301728e-03,-2.785180080089758666e-04,9.875291767899943302e-05,3.989091914681062339e-05,-2.783683212170841564e-03,1.014674512103130432e-03
1.005000000000000060e-01,0.000000000000000000e+00,2.214468507735126331e-03,2.802476108843979328e-03,2.190438347174338170e-03,2.796145800799516423e-03,1.000000000000000000e+00,1.000000000000000000e+00,7.927970539516747579e-04,1.325657927025796672e-03,1.448903167035333348e-03,1.925106796865053865e-04,3.934210770053656048e-02,6.734956550053164751e-03,1.208053164817508851e-01,2.010216913058305091e-02,7.828072760595099428e-04,1.317647869758633520e-03,6.355399032272401405e-04,-1.313328530461200247e-04,9.875291767899943302e-05,3.989091914681062339e-05,-2.235784691249866150e-03,8.078708854959978447e-04
1.010000000000000064e-01,0.000000000000000000e+00,2.215198279717005888e-03,2.802631453859590407e-03,2.190700945364811025e-03,2.796230330152351014e-03,1.000000000000000000e+00,1.000000000000000000e+00,7.933560917231376013e-04,1.325813272041407751e-03,1.118075542925624005e-03,3.106900312220258549e-04,4.017293793186840767e-02,6.350477912155698401e-03,1.230237048476337525e-01,1.904735230177442146e-02,7.830419983872794788e-04,1.317611581095444765e-03,3.039830904767107248e-04,-1.404772544040126846e-05,9.875291767899943302e-05,3.989091914681062339e-05,-1.770812197258894195e-03,6.332346369614582846e-04
1.015000000000000069e-01,0.000000000000000000e+00,2.215756172611618724e-03,2.802833166943225103e-03,2.190963477575692299e-03,2.796316271986465547e-03,1.000000000000000000e+00,1.000000000000000000e+00,7.937834624749113936e-04,1.326014985125042447e-03,8.547415035476213594e-04,4.034261672694108565e-04,4.087672183551602917e-02,6.026442677173317330e-03,1.249086488626128533e-01,1.815700668281719846e-02,7.831277738828974332e-04,1.317627611140215075e-03,3.962796739181212913e-05,7.798893284666913190e-05,9.875291767899943302e-05,3.989091914681062339e-05,-1.378055732632880136e-03,4.865222538607662586e-04
1.020000000000000073e-01,0.000000000000000000e+00,2.216179381852219528e-03,2.803070558318748826e-03,2.191225911583644277e-03,2.796403636969208104e-03,1.000000000000000000e+00,1.000000000000000000e+00,7.941076595619500373e-04,1.326252376500566170e-03,6.483941740772735914e-04,4.747827510475517146e-04,3.253029139244108248e-02,5.662672985891211222e-03,9.178418358006545930e-02,1.705155309825933871e-02,7.952084929557444145e-04,1.318008590082807773e-03,1.202426357109619582e-03,1.854982689680729981e-04,-2.574234812100461537e-04,3.035664616718568518e-05,-5.638452944681394269e-03,3.281036472869059317e-04
1.025000000000000078e-01,0.000000000000000000e+00,2.216051263273392802e-03,2.803331816561617854e-03,2.191488215693340909e-03,2.796492435671211595e-03,1.000000000000000000e+00,1.000000000000000000e+00,7.940095150365798250e-04,1.326513634743435198e-03,-1.962890507404253066e-04,5.225164857382503993e-04,3.463457590493113775e-02,5.444483390098316458e-03,1.066354488769155895e-01,1.653524341084236168e-02,7.956069934372665036e-04,1.318113429052078251e-03,3.931289176563425910e-04,2.337601153255675209e-04,-2.574234812100461537e-04,3.035664616718568518e-05,-4.465598475126488810e-03,2.302172518899062669e-04
1.030000000000000082e-01,0.000000000000000000e+00,2.215483668383097862e-03,2.803609814999657914e-03,2.191750358755508929e-03,2.796582678564158569e-03,1.000000000000000000e+00,1.000000000000000000e+00,7.935747121249267511e-04,1.326791633181475258e-03,-8.696058233060761661e-04,5.559968760800698250e-04,3.641166146794778263e-02,5.264528309210134149e-03,1.113851225344235502e-01,1.603701770774823565e-02,7.956433979509236910e-04,1.318238856261814713e-03,-2.462730857196636044e-04,2.678778638710898122e-04,-2.574234812100461537e-04,3.035664616718568518e-05,-3.478459021462506403e-03,1.498685724943293635e-04
1.035000000000000087e-01,0.000000000000000000e+00,2.214570805007853686e-03,2.803898702953540410e-03,2.192012310184974621e-03,2.796674376018555563e-03,1.000000000000000000e+00,1.000000000000000000e+00,7.928754182089939795e-04,1.327080521135357754e-03,-1.398587831865618671e-03,5.777759077649283204e-04,3.790470522832758982e-02,5.117330555797296003e-03,1.153872143161921160e-01,1.562833864876195938e-02,7.953959265693327178e-04,1.318378434787459766e-03,-7.426411334829061996e-04,2.903873408576538120e-04,-2.574234812100461537e-04,3.035664616718568518e-05,-2.652228606197004016e-03,8.450998150534906898e-05
1.040000000000000091e-01,0.000000000000000000e+00,2.213391593975932124e-03,2.804193720373084498e-03,2.192274039978703640e-03,2.796767538301497477e-03,1.000000000000000000e+00,1.000000000000000000e+00,7.919720901507256968e-04,1.327375538554901842e-03,-1.806656116536528491e-03,5.900348390881469691e-04,3.822762341347452075e-02,3.704013184251784760e-03,1.151512656241251431e-01,1.027042312134669733e-02,7.965626073812571680e-04,1.320135452793418269e-03,-9.345739484786222059e-04,4.854393128892704268e-04,-3.054219674137702420e-04,-1.694228055598048411e-05,-2.434406258396691267e-03,-5.036347089774707896e-04
1.044999999999999957e-01,0.000000000000000000e+00,2.211965444480164245e-03,2.804450589205456992e-03,2.192535518733849075e-03,2.796862175574439755e-03,1.000000000000000000e+00,1.000000000000000000e+00,7.908795962544357735e-04,1.327632407387274336e-03,-2.184987792579880413e-03,5.137376647450053561e-04,3.941738684013293414e-02,3.834068926785020627e-03,1.192964431014583437e-01,1.194919531096073906e-02,7.960093833933782172e-04,1.320360492430453425e-03,-1.277636245896571730e-03,4.148475368257828087e-04,-3.054219674137702420e-04,-1.694228055598048411e-05,-1.780316473846860290e-03,-4.426771071039220214e-04
1.049999999999999961e-01,0.000000000000000000e+00,2.210354997602102800e-03,2.804673788818446908e-03,2.192796717665792573e-03,2.796958297890967532e-03,1.000000000000000000e+00,1.000000000000000000e+00,7.896459223725586004e-04,1.327855607000264469e-03,-2.467347763754351806e-03,4.463992259801656710e-04,4.040207606697482356e-02,3.950321506560638615e-03,1.219558733452651839e-01,1.226069718892837217e-02,7.953083988822662971e-04,1.320552453127586895e-03,-1.525794380516341331e-03,3.531076485102602690e-04,-3.054219674137702420e-04,-1.694228055598048411e-05,-1.241811615158648846e-03,-3.883072873764392219e-04
1.054999999999999966e-01,0.000000000000000000e+00,2.208611912565298582e-03,2.804867318892505235e-03,2.193057608626190237e-03,2.797055915194559574e-03,1.000000000000000000e+00,1.000000000000000000e+00,7.883106417662308352e-04,1.328049137074322362e-03,-2.670561212655635404e-03,3.870601481158594728e-04,4.121076706007344159e-02,4.053943099901677165e-03,1.241486472471746011e-01,1.253836810165942332e-02,7.945029184982729809e-04,1.320715522106891875e-03,-1.695767310396898006e-03,2.992664497892672643e-04,-3.054219674137702420e-04,-1.694228055598048411e-05,-8.022742582253772348e-04,-3.399517025752145437e-04
1.059999999999999970e-01,0.000000000000000000e+00,2.206778445301790185e-03,2.805034741181502977e-03,2.193318164121014179e-03,2.797155037316365229e-03,1.000000000000000000e+00,1.000000000000000000e+00,7.869061243573797311e-04,1.328216559363320105e-03,-2.809034817702125379e-03,3.348445779953554565e-04,4.574549738889695932e-02,9.594705266413727915e-04,1.409965241395094993e-01,4.095737546631091205e-04,7.889814312877071675e-04,1.324476730609310243e-03,-2.327611336654199139e-03,6.623759736560732875e-04,-1.687777515734626723e-04,-1.234843597499851037e-04,1.551637522038546747e-03,-1.619489029580447464e-03
1.064999999999999974e-01,0.000000000000000000e+00,2.205083047940354854e-03,2.805079622326749414e-03,2.193578357328599283e-03,2.797255673972965772e-03,1.000000000000000000e+00,1.000000000000000000e+00,7.856073746297738327e-04,1.328261440508566541e-03,-2.597499455211714752e-03,8.976229049302417900e-05,4.556029714051732654e-02,1.609232896545853770e-03,1.365178618097459273e-01,5.469256080624236918e-03,7.878749244101746407e-04,1.324750611585611120e-03,-2.098817756911446498e-03,4.335809832186358274e-04,-1.687777515734626723e-04,-1.234843597499851037e-04,1.436016534914015021e-03,-1.322945222389768777e-03
1.069999999999999979e-01,0.000000000000000000e+00,2.203515028559763569e-03,2.805023690505283399e-03,2.193838162117684766e-03,2.797357834764149179e-03,1.000000000000000000e+00,1.000000000000000000e+00,7.844062020965688340e-04,1.328205508687100743e-03,-2.402345066410010478e-03,-1.118636429317032880e-04,4.537627534638060539e-02,2.163407602085280074e-03,1.360643428779326480e-01,6.980092824427147451e-03,7.868786719591744708e-04,1.324920859127432437e-03,-1.886565739774006796e-03,2.477628634801484981e-04,-1.687777515734626723e-04,-1.234843597499851037e-04,1.322180750083392373e-03,-1.070764425260598745e-03
1.074999999999999983e-01,0.000000000000000000e+00,2.202063864163762881e-03,2.804885445071168305e-03,2.194097553065458769e-03,2.797461529170674945e-03,1.000000000000000000e+00,1.000000000000000000e+00,7.832945456749605380e-04,1.328067263252985866e-03,-2.223312843216683401e-03,-2.764908682295536858e-04,4.519606505604049917e-02,2.634050679348960960e-03,1.356161064109554226e-01,8.264032519855940562e-03,7.859844675097667818e-04,1.325007354655935920e-03,-1.690598048186979551e-03,9.850524120752895952e-05,-1.687777515734626723e-04,-1.234843597499851037e-04,1.211513017863846469e-03,-8.572813724026992748e-04
1.079999999999999988e-01,0.000000000000000000e+00,2.200719331827558339e-03,2.804680568814886185e-03,2.194356505475601217e-03,2.797566766552044525e-03,1.000000000000000000e+00,1.000000000000000000e+00,7.822645741502171329e-04,1.327862386996703529e-03,-2.059943049486827240e-03,-4.097525125645247760e-04,3.913313937813431287e-02,6.271048628110141143e-04,1.123098765135695787e-01,1.065554672077861974e-05,7.932966442764168057e-04,1.327837762531962600e-03,-5.926651731443837367e-04,2.982094902213497508e-04,-4.073193728466546000e-04,-2.061347047678312411e-04,-1.917076026347322741e-03,-1.674525504384676011e-03
1.084999999999999992e-01,0.000000000000000000e+00,2.199176587061752244e-03,2.804347132508913133e-03,2.194614995396332313e-03,2.797673556144272648e-03,1.000000000000000000e+00,1.000000000000000000e+00,7.810827630952204767e-04,1.327528950690730260e-03,-2.363622109993301044e-03,-6.668726119464528151e-04,4.002034806585638010e-02,1.387599109446239608e-03,1.207707997890214574e-01,4.566827323569045555e-03,7.929345633799218373e-04,1.327928246148029831e-03,-8.551360642571623552e-04,6.417511030263658696e-05,-4.073193728466546000e-04,-2.061347047678312411e-04,-1.429937478094413499e-03,-1.329977790357855100e-03
1.089999999999999997e-01,0.000000000000000000e+00,2.197482559370880946e-03,2.803910438140754316e-03,2.194872999638449763e-03,2.797781907057652999e-03,1.000000000000000000e+00,1.000000000000000000e+00,7.797850625961386291e-04,1.327092256322571660e-03,-2.595400998163659243e-03,-8.733887363173997460e-04,4.075576328346847133e-02,2.028951978443233745e-03,1.227471253186204758e-01,6.319603908816927122e-03,7.924589893014605301e-04,1.327914225974025433e-03,-1.046770891427494790e-03,-1.198985440549406621e-04,-4.073193728466546000e-04,-2.061347047678312411e-04,-1.028374538391404677e-03,-1.040472377495606357e-03
1.095000000000000001e-01,0.000000000000000000e+00,2.195676044754871822e-03,2.803391781423255659e-03,2.195130495793376837e-03,2.797891828274527357e-03,1.000000000000000000e+00,1.000000000000000000e+00,7.784011921131317891e-04,1.326573599605072786e-03,-2.767740966013693821e-03,-1.037313434997602602e-03,4.136080372829678553e-02,2.566965393009768004e-03,1.243780892946180910e-01,7.791068706374976692e-03,7.919022391078876051e-04,1.327818688458185349e-03,-1.179950742014393645e-03,-2.619725711952012367e-04,-4.073193728466546000e-04,-2.061347047678312411e-04,-7.001416696209291713e-04,-7.986147578017142911e-04
1.100000000000000006e-01,0.000000000000000000e+00,2.193788868978710505e-03,2.802808989855065484e-03,2.195387462251205662e-03,2.798003328647056046e-03,1.000000000000000000e+00,1.000000000000000000e+00,7.769555315966145646e-04,1.325990808036883045e-03,-2.891321033034459365e-03,-1.165583136379499040e-03,5.097600150030281996e-02,-5.284648161690506116e-04,1.611384897155091478e-01,-4.744976419537526822e-03,7.689624195511070596e-04,1.334424918358052435e-03,-3.791417748456414518e-03,3.963080883804260797e-04,2.492426107425320110e-04,-4.050284861079389890e-04,4.145374929161690578e-03,-2.031890432953912477e-03
1.105000000000000010e-01,0.000000000000000000e+00,2.192303912362070922e-03,2.802066127375013507e-03,2.195643878218740512e-03,2.798116416894987947e-03,1.000000000000000000e+00,1.000000000000000000e+00,7.758179888321652812e-04,1.325247945556830851e-03,-2.275085528898609412e-03,-1.485724960104447450e-03,5.831445209353840198e-02,-2.214161021927883201e-03,1.817558604690394930e-01,-8.786885250432455510e-03,7.672142444966706344e-04,1.334553004832233179e-03,-3.202357994969831645e-03,1.165750869140431972e-04,2.492426107425320110e-04,-4.050284861079389890e-04,7.978367291070934814e-03,-2.736603050588704879e-03
1.110000000000000014e-01,0.000000000000000000e+00,2.191584328036660229e-03,2.801112452939909670e-03,2.195899723737543274e-03,2.798231101603427043e-03,1.000000000000000000e+00,1.000000000000000000e+00,7.752667552583289001e-04,1.324294271121727014e-03,-1.102467147672866760e-03,-1.907348870207617019e-03,5.565351081849600340e-02,-8.823003138021263524e-04,1.657763844731452996e-01,-2.356706377376795256e-03,7.658992637875047587e-04,1.334515789016166082e-03,-2.059729547268148060e-03,-2.646980422308486524e-04,2.492426107425320110e-04,-4.050284861079389890e-04,6.485917925995834596e-03,-2.135171839088700809e-03
1.115000000000000019e-01,0.000000000000000000e+00,2.191487982799921082e-03,2.799992153371149393e-03,2.196154979701972400e-03,2.798347391220600694e-03,1.000000000000000000e+00,1.000000000000000000e+00,7.751929505251038991e-04,1.323173971552966954e-03,-1.476094664500785837e-04,-2.240599137520283158e-03,5.338543331439459666e-02,2.347561424469895880e-04,1.597437425449408643e-01,7.012839540709006527e-04,7.651014872401522152e-04,1.334309779451616201e-03,-1.133142208257733501e-03,-5.587625374243735321e-04,2.492426107425320110e-04,-4.050284861079389890e-04,5.217293027842738115e-03,-1.632779329742688017e-03
1.120000000000000023e-01,0.000000000000000000e+00,2.191894008265511760e-03,2.798742206858613468e-03,2.196409627877235309e-03,2.798465294055633122e-03,1.000000000000000000e+00,1.000000000000000000e+00,7.755039840767843397e-04,1.321924025040430595e-03,6.220671033608936480e-04,-2.499893025072863918e-03,5.226280372910602212e-02,1.084028509861790016e-02,1.577264648272338754e-01,4.082445476835560444e-02,7.640775884138892781e-04,1.324043418714789628e-03,-4.630150191082008050e-04,-1.903552107866228514e-03,2.681620135431643233e-04,-1.129934374534119485e-04,4.561435263112443260e-03,2.811137431702854898e-03
1.125000000000000028e-01,0.000000000000000000e+00,2.192740272317758501e-03,2.797695739182775101e-03,2.196663650917423435e-03,2.798584818276309352e-03,1.000000000000000000e+00,1.000000000000000000e+00,7.761522599514193363e-04,1.320877557364592229e-03,1.296551749269938799e-03,-2.092935351676922587e-03,5.047895813211367155e-02,9.846598689968155335e-03,1.521131543820985754e-01,2.808681515788247207e-02,7.640081339544164008e-04,1.323195249310919449e-03,1.839460036039312170e-04,-1.489895116771608853e-03,2.681620135431643233e-04,-1.129934374534119485e-04,3.569713714022888524e-03,2.351694483457326349e-03
1.130000000000000032e-01,0.000000000000000000e+00,2.193932187990521587e-03,2.796819445212722459e-03,2.196917032383562465e-03,2.798705971906846092e-03,1.000000000000000000e+00,1.000000000000000000e+00,7.770653203292057212e-04,1.320001263394539586e-03,1.826120755572813604e-03,-1.752587940105439137e-03,4.897933600059534848e-02,8.985340438716385783e-03,1.480915952078622755e-01,2.573662445096326634e-02,7.642261855856838761e-04,1.322537285858120526e-03,6.872768323152222882e-04,-1.142606869799878393e-03,2.681620135431643233e-04,-1.129934374534119485e-04,2.739040278728292928e-03,1.954206157240821490e-03
1.135000000000000037e-01,0.000000000000000000e+00,2.195390468782511262e-03,2.796084526844874046e-03,2.197169756761652160e-03,2.798828762825662179e-03,1.000000000000000000e+00,1.000000000000000000e+00,7.781824282264167671e-04,1.319266345026691174e-03,2.234215794422047575e-03,-1.469836735697014132e-03,4.772575698600594468e-02,8.241275650740838982e-03,1.447188031820282328e-01,2.370375429671024367e-02,7.646657622724358037e-04,1.322038587562280720e-03,1.070271064772211926e-03,-8.527292466055576845e-04,2.681620135431643233e-04,-1.129934374534119485e-04,2.047501977048290980e-03,1.611454753674281416e-03
1.140000000000000041e-01,0.000000000000000000e+00,2.197049046870376901e-03,2.795466167699155700e-03,2.197421809480714413e-03,2.798953198763146424e-03,1.000000000000000000e+00,1.000000000000000000e+00,7.794529727541051620e-04,1.318647985880973044e-03,2.541089055376812358e-03,-1.236718291436047969e-03,3.891745744907289251e-02,3.184609830648658935e-03,1.117425502756284883e-01,4.800817648085797459e-03,7.784347925368157372e-04,1.327861263359008488e-03,2.842256126864734899e-03,8.782588967667063909e-05,-1.188938332538990681e-04,-2.949742444887725823e-04,-2.484924305653978590e-03,-4.997325880530434535e-04
1.145000000000000046e-01,0.000000000000000000e+00,2.198464102925364212e-03,2.794805036096793989e-03,2.197673176930832646e-03,2.799079287299425026e-03,1.000000000000000000e+00,1.000000000000000000e+00,7.805369685817300889e-04,1.317986854278611116e-03,2.167991655249896198e-03,-1.322263204723967333e-03,3.737664800536540100e-02,2.235831001473878501e-03,1.130808327562762700e-01,5.395967667379444888e-03,7.797664697645369366e-04,1.327890193374015775e-03,2.485094633519444995e-03,2.800900144672528996e-05,-1.188938332538990681e-04,-2.949742444887725823e-04,-3.273275214147801458e-03,-9.042587545437098633e-04
1.150000000000000050e-01,0.000000000000000000e+00,2.199561112490239397e-03,2.794072050197185693e-03,2.197923846481197700e-03,2.799207035862133312e-03,1.000000000000000000e+00,1.000000000000000000e+00,7.813773266629512292e-04,1.317253868379003037e-03,1.680716162442187373e-03,-1.465971799216121826e-03,3.823578733031844645e-02,2.651833732739521544e-03,1.174754355939773703e-01,7.759711095359544779e-03,7.808910755406686926e-04,1.327874617455191949e-03,2.014198562064283601e-03,-9.008322685960461315e-05,-1.188938332538990681e-04,-2.949742444887725823e-04,-2.784822343300490197e-03,-7.170968662139331215e-04
1.155000000000000054e-01,0.000000000000000000e+00,2.200386692918753981e-03,2.793281130810004211e-03,2.198173806498153297e-03,2.799336451724182290e-03,1.000000000000000000e+00,1.000000000000000000e+00,7.820097579625621400e-04,1.316462948991821771e-03,1.264862599221861644e-03,-1.581838774362460780e-03,3.898592403054738226e-02,3.000503334100991515e-03,1.194356861591093777e-01,8.708869483389456226e-03,7.817979605443393628e-04,1.327806815286707454e-03,1.614082600526986835e-03,-1.809467923384781927e-04,-1.188938332538990681e-04,-2.949742444887725823e-04,-2.359210473417714359e-03,-5.609605489378416843e-04
1.160000000000000059e-01,0.000000000000000000e+00,2.200981489163611384e-03,2.792443938941402415e-03,2.198423046363237598e-03,2.799467542001529523e-03,1.000000000000000000e+00,1.000000000000000000e+00,7.824653983207233935e-04,1.315625757123219542e-03,9.112807163224222661e-04,-1.674383737204413608e-03,4.151102969374127760e-02,1.468413130577033918e-02,1.284152501811059166e-01,5.374666571697902379e-02,7.794208624773958866e-04,1.312198335802295356e-03,9.250072748406066962e-04,-2.002770674915573586e-03,-2.775760225224771491e-05,1.608264136069276055e-04,-1.033442220177755886e-03,4.260070309571681139e-03
1.165000000000000063e-01,0.000000000000000000e+00,2.201474626970492156e-03,2.791926280166587976e-03,2.198671556491226930e-03,2.799600313650945672e-03,1.000000000000000000e+00,1.000000000000000000e+00,7.828431637973764590e-04,1.315108098348405537e-03,7.555309533061860781e-04,-1.035317549628018453e-03,4.255949934196052997e-02,1.656595006242633783e-02,1.302493161243661601e-01,5.135600393247936185e-02,7.798457077011769966e-04,1.311351440028114953e-03,7.746489576246354735e-04,-1.385975757846799432e-03,-2.775760225224771491e-05,1.608264136069276055e-04,-4.687662707439615561e-04,5.022421891147356432e-03
1.170000000000000068e-01,0.000000000000000000e+00,2.201919761602986070e-03,2.791783314049303428e-03,2.198919328348183412e-03,2.799734773467787551e-03,1.000000000000000000e+00,1.000000000000000000e+00,7.831841567090380273e-04,1.314965132231120772e-03,6.819858233230535836e-04,-2.859322345696121330e-04,4.260099220754502702e-02,1.432509865306580768e-02,1.294765841671856321e-01,4.136915216378498489e-02,7.802158284526103426e-04,1.310840491918376658e-03,7.059531925233622105e-04,-6.592058430042427482e-04,-2.775760225224771491e-05,1.608264136069276055e-04,-4.422838385979797069e-04,4.002432007573742193e-03
1.175000000000000072e-01,0.000000000000000000e+00,2.202319479594629526e-03,2.791940661939120837e-03,2.199166354469493483e-03,2.799870928083762929e-03,1.000000000000000000e+00,1.000000000000000000e+00,7.834903584553513066e-04,1.315122480120938181e-03,6.124034926266645838e-04,3.146957796346858387e-04,4.264525930377047191e-02,1.242724305505456782e-02,1.295763352648511002e-01,3.616976356529492953e-02,7.805525731432197368e-04,1.310655962937233403e-03,6.411384542520464323e-04,-8.002555222882197679e-05,-2.775760225224771491e-05,1.608264136069276055e-04,-4.145888775458873789e-04,3.141196596153905066e-03
1.180000000000000077e-01,0.000000000000000000e+00,2.202676481542954583e-03,2.792335496364472050e-03,2.199412628477915091e-03,2.800008783964700980e-03,1.000000000000000000e+00,1.000000000000000000e+00,7.837638378140485357e-04,1.315517314546289394e-03,5.469587173944704924e-04,7.896688507024290623e-04,4.494824622371963729e-02,7.343266359440030894e-03,1.384480037257778406e-01,1.824972055489249706e-02,7.782968524320442666e-04,1.314755824027366007e-03,2.906316891416722381e-04,8.300057510704269680e-04,4.755001793441217858e-05,4.244258554678976409e-05,7.786333221611694156e-04,9.728373730427879000e-04
1.185000000000000081e-01,0.000000000000000000e+00,2.203106605002422974e-03,2.792806111043832223e-03,2.199658145101622726e-03,2.800148347408322295e-03,1.000000000000000000e+00,1.000000000000000000e+00,7.840933315000291710e-04,1.315987929225649567e-03,6.589873719613680491e-04,9.412293587205029788e-04,4.457349480904795880e-02,6.621173215189433275e-03,1.350857903306649233e-01,1.985052685842663214e-02,7.784693940090497283e-04,1.315206952343975569e-03,3.993174667426708244e-04,9.742109989592639269e-04,4.755001793441217858e-05,4.244258554678976409e-05,5.720029903694401601e-04,6.503970620505312040e-04
1.190000000000000085e-01,0.000000000000000000e+00,2.203590175638736257e-03,2.793329002385190347e-03,2.199902900192246373e-03,2.800289624542006296e-03,1.000000000000000000e+00,1.000000000000000000e+00,7.844637680988325850e-04,1.316510820567007691e-03,7.408731976067757432e-04,1.045782682716168846e-03,4.426321667683592170e-02,6.028949274906662131e-03,1.342439298082127863e-01,1.821191772964784669e-02,7.786887894806474508e-04,1.315718498057143930e-03,4.781034423111695832e-04,1.071763466592968355e-03,4.755001793441217858e-05,4.244258554678976409e-05,4.017224629050986117e-04,3.874306614122422182e-04
1.195000000000000090e-01,0.000000000000000000e+00,2.204110971988150133e-03,2.793884993238449771e-03,2.200146890742922176e-03,2.800432621320562109e-03,1.000000000000000000e+00,1.000000000000000000e+00,7.848627212482976257e-04,1.317066811420266898e-03,7.979062989300094626e-04,1.111981706518271789e-03,4.400828164903526629e-02,5.547691855878411106e-03,1.335488400884570492e-01,1.687690566521539773e-02,7.789414055924847365e-04,1.316269288570646664e-03,5.322465298780060554e-04,1.131262464356813918e-03,4.755001793441217858e-05,4.244258554678976409e-05,2.625731875757946268e-04,1.751563347402273867e-04
1.199999999999999956e-01,0.000000000000000000e+00,2.204655729718272596e-03,2.794458593957447560e-03,2.200390114906330095e-03,2.800577343523994248e-03,1.000000000000000000e+00,1.000000000000000000e+00,7.852800298803040311e-04,1.317640412139264904e-03,8.346172640127152900e-04,1.147201437995812832e-03,4.280903121387134858e-02,6.331689796465400297e-03,1.291283737446329294e-01,2.034766467081818020e-02,7.808966644203108693e-04,1.315961349918775636e-03,7.563854782616032156e-04,1.060390000544960592e-03,-1.868003287646597539e-06,6.834175260635416520e-05,-3.556721052700007437e-04,4.973109250093766523e-04
1.204999999999999960e-01,0.000000000000000000e+00,2.205164025123490870e-03,2.795074038656421636e-03,2.200632572012740668e-03,2.800723796755274358e-03,1.000000000000000000e+00,1.000000000000000000e+00,7.856694067509343822e-04,1.318255856838238980e-03,7.787537412605985594e-04,1.230889397948163556e-03,4.280966107140758009e-02,5.799122473818707664e-03,1.301250708690684099e-01,1.764607781099781017e-02,7.812614799241191085e-04,1.316510248329456076e-03,7.029662760874007352e-04,1.135038231596108716e-03,-1.868003287646597539e-06,6.834175260635416520e-05,-3.518105826842879533e-04,2.618722020851522309e-04
1.209999999999999964e-01,0.000000000000000000e+00,2.205636256114136377e-03,2.795714125574317362e-03,2.200874262588060903e-03,2.800871986438111666e-03,1.000000000000000000e+00,1.000000000000000000e+00,7.860311566771871440e-04,1.318895943756134706e-03,7.234998525054939927e-04,1.280173835791414277e-03,4.281949959954422374e-02,5.369159300088409935e-03,1.301335630870249782e-01,1.645207423235905964e-02,7.815997324569474254e-04,1.317087932526983356e-03,6.501334617621739665e-04,1.175598122871784716e-03,-1.868003287646597539e-06,6.834175260635416520e-05,-3.430897612154516015e-04,7.322757178432020403e-05
1.214999999999999969e-01,0.000000000000000000e+00,2.206073281423512767e-03,2.796365057076664017e-03,2.201115188371872804e-03,2.801021917814716915e-03,1.000000000000000000e+00,1.000000000000000000e+00,7.863659374869371712e-04,1.319546875258481144e-03,6.695616194999932371e-04,1.301863004692661299e-03,4.283639255509374966e-02,5.026270627402972674e-03,1.301622860263857151e-01,1.549678145686494632e-02,7.819118910360645276e-04,1.317679052985213208e-03,5.985889506357893212e-04,1.188835716909929490e-03,-1.868003287646597539e-06,6.834175260635416520e-05,-3.307038874958336677e-04,-7.581712570748060792e-05
1.219999999999999973e-01,0.000000000000000000e+00,2.206476307222969904e-03,2.797015916256743139e-03,2.201355352335483163e-03,2.801173595943575855e-03,1.000000000000000000e+00,1.000000000000000000e+00,7.866746731610449288e-04,1.320197734438560483e-03,6.174713482155137940e-04,1.301718360158495361e-03,4.324053921999858330e-02,1.886796348504342618e-03,1.316899246577294125e-01,3.596778001323681310e-03,7.820793006975176442e-04,1.321678527664792244e-03,5.353500902332100934e-04,1.565944348131538023e-03,1.643850914822693323e-06,-3.184435452538538950e-05,-1.152868261031577031e-04,-1.380482021853115821e-03
1.224999999999999978e-01,0.000000000000000000e+00,2.206865931207491888e-03,2.797568505678217458e-03,2.201594758699963392e-03,2.801327025697215346e-03,1.000000000000000000e+00,1.000000000000000000e+00,7.869731424492937364e-04,1.320750323860034802e-03,5.969385764975736197e-04,1.105178842948796765e-03,4.318561721566391287e-02,2.185546689702489581e-03,1.311207789099456122e-01,7.352541785488121359e-03,7.823422951757602432e-04,1.322412844476881458e-03,5.166541165581603305e-04,1.371671647947185794e-03,1.643850914822693323e-06,-3.184435452538538950e-05,-1.433376528899205668e-04,-1.237710209549518952e-03
1.229999999999999982e-01,0.000000000000000000e+00,2.207239513407031894e-03,2.798033242827275332e-03,2.201833412954194106e-03,2.801482211759974243e-03,1.000000000000000000e+00,1.000000000000000000e+00,7.872593230172997628e-04,1.321215061009092676e-03,5.723611360120141149e-04,9.294742981156857951e-04,4.314620272880437951e-02,2.459499424732622744e-03,1.310016118118052519e-01,8.085884628297301119e-03,7.825949312777814078e-04,1.323055198507154572e-03,4.939247933782047904e-04,1.198056661811731363e-03,1.643850914822693323e-06,-3.184435452538538950e-05,-1.628609397935853694e-04,-1.107103811048912832e-03
1.234999999999999987e-01,0.000000000000000000e+00,2.207595223305537820e-03,2.798419658965626763e-03,2.202071321872911460e-03,2.801639158625771238e-03,1.000000000000000000e+00,1.000000000000000000e+00,7.875318126084124770e-04,1.321601477147443891e-03,5.449791822253661046e-04,7.728322767023860368e-04,4.311954686141340753e-02,2.709738315722933204e-03,1.309172756409734406e-01,8.756497903304759356e-03,7.828355010627818236e-04,1.323615477767866927e-03,4.683947322650097657e-04,1.043339048494005368e-03,1.643850914822693323e-06,-3.184435452538538950e-05,-1.754037836689898095e-04,-9.880719076641628854e-04
1.239999999999999991e-01,0.000000000000000000e+00,2.207931892914420137e-03,2.798736442227920534e-03,2.202308493534747835e-03,2.801797870595874873e-03,1.000000000000000000e+00,1.000000000000000000e+00,7.877897164914639261e-04,1.321918260409737662e-03,5.158077661028156969e-04,6.335665245876700817e-04,3.951637696342275019e-02,1.398406935348652652e-02,1.169311372773564062e-01,5.226865706639406695e-02,7.897321557643794971e-04,1.308758436283271155e-03,1.195604360845390745e-03,-8.301314490816578311e-04,-1.944649426434339455e-04,4.193495942819392645e-04,-2.005695914635375731e-03,3.664887442612016835e-03
1.244999999999999996e-01,0.000000000000000000e+00,2.208069184014258696e-03,2.799336746389008250e-03,2.202544937340278168e-03,2.801958351776672254e-03,1.000000000000000000e+00,1.000000000000000000e+00,7.878948875755848900e-04,1.322518564570825377e-03,2.103421682418452868e-04,1.200608322175358150e-03,3.887006139586299258e-02,1.615909262953598574e-02,1.173356338473978272e-01,5.133512708379180112e-02,7.902588368938168965e-04,1.308474392209697671e-03,9.116505521824749434e-04,-3.070478404627914474e-04,-1.944649426434339455e-04,4.193495942819392645e-04,-2.326665508071162295e-03,4.560989121291709851e-03
1.250000000000000000e-01,0.000000000000000000e+00,2.207977018511830380e-03,2.800285187141034020e-03,2.202780664030061508e-03,2.802120606077436460e-03,1.000000000000000000e+00,1.000000000000000000e+00,7.878242847046022443e-04,1.323467005322851147e-03,-1.412057419652686173e-04,1.896881504051496723e-03,3.964327879428808377e-02,1.391044598512670115e-02,1.207046289594454758e-01,4.104486228161351863e-02,7.906319817548041612e-04,1.308484244920464284e-03,5.815545123505007526e-04,3.451942741546802423e-04,-1.944649426434339455e-04,4.193495942819392645e-04,-1.894044020100353132e-03,3.543816442451330762e-03
1.255000000000000004e-01,0.000000000000000000e+00,2.207696813713768118e-03,2.801507327249345199e-03,2.203015685702687347e-03,2.802284637208095688e-03,1.000000000000000000e+00,1.000000000000000000e+00,7.876096353761114117e-04,1.324689145431162543e-03,-4.292986569815888096e-04,2.444280216622654774e-03,4.030197570863953971e-02,1.202259056099619361e-02,1.224505770412436800e-01,3.586807313151568061e-02,7.908557968206493148e-04,1.308783318616903689e-03,3.142153927650279252e-04,8.501106877302595181e-04,-1.944649426434339455e-04,4.193495942819392645e-04,-1.526638311650608832e-03,2.693070268756829391e-03
1.260000000000000009e-01,0.000000000000000000e+00,2.207263789088450938e-03,2.802940840553469135e-03,2.203250015832818477e-03,2.802450448677006739e-03,1.000000000000000000e+00,1.000000000000000000e+00,7.872779192681535329e-04,1.326122658735286262e-03,-6.634322159157354185e-04,2.867026608247443247e-03,3.939823039786726627e-02,1.874695522530774733e-05,1.182547877897730665e-01,-8.957380333655997826e-03,7.936210835766167610e-04,1.325038833314845250e-03,4.013397620779397216e-04,3.011933454730724054e-03,-2.727339859487230476e-04,-4.332923279825620871e-05,-1.960530629973232693e-03,-2.288067899985392600e-03
1.265000000000000013e-01,0.000000000000000000e+00,2.206634492401964107e-03,2.804207925734211911e-03,2.203483669289234281e-03,2.802618043788717653e-03,1.000000000000000000e+00,1.000000000000000000e+00,7.867958500383970570e-04,1.327389743916029255e-03,-9.641384595129556985e-04,2.534170361485969282e-03,3.982306313837934153e-02,-3.647327835830634860e-03,1.205173822890236446e-01,-1.309111590402722673e-02,7.937532949059127475e-04,1.326463089944262489e-03,1.280302291953250781e-04,2.685671530820247718e-03,-2.727339859487230476e-04,-4.332923279825620871e-05,-1.716485178379557018e-03,-3.841170754257341134e-03
1.270000000000000018e-01,0.000000000000000000e+00,2.205832561663511292e-03,2.805195790926370315e-03,2.203716662352874899e-03,2.802787425641739896e-03,1.000000000000000000e+00,1.000000000000000000e+00,7.861815354524392778e-04,1.328377609108187443e-03,-1.228629171915508267e-03,1.975730384316244821e-03,4.048945210137507023e-02,-2.360832214466001156e-03,1.226030701679058366e-01,-5.205389441212530423e-03,7.937577588309750222e-04,1.327668013267657536e-03,-1.097139523995769260e-04,2.135043338411383648e-03,-2.727339859487230476e-04,-4.332923279825620871e-05,-1.347473048502815336e-03,-3.246089351444930628e-03
1.275000000000000022e-01,0.000000000000000000e+00,2.204893481737160883e-03,2.805947780388220233e-03,2.203949012734886248e-03,2.802958597126317501e-03,1.000000000000000000e+00,1.000000000000000000e+00,7.854621584932138965e-04,1.329129598570037577e-03,-1.438753918450733083e-03,1.503978923700131356e-03,4.104894101863488381e-02,-1.242576064848724057e-03,1.240960983029645026e-01,-2.163578708635544544e-03,7.936567793505412477e-04,1.328619180973145391e-03,-2.938433128613552161e-04,1.670491833249760499e-03,-2.727339859487230476e-04,-4.332923279825620871e-05,-1.038985625684847765e-03,-2.729823795907873173e-03
1.280000000000000027e-01,0.000000000000000000e+00,2.203846984650635957e-03,2.806501502780312483e-03,2.204180739594662018e-03,2.803131560922195783e-03,1.000000000000000000e+00,1.000000000000000000e+00,7.846604952153411316e-04,1.329683320962129611e-03,-1.603326555745500370e-03,1.107444784183867978e-03,4.322312542387089784e-02,9.145070618059417166e-04,1.319753676586665758e-01,5.088651199179138052e-03,7.916137446780113513e-04,1.328519592978150534e-03,-6.436846657102773209e-04,1.185903885179457815e-03,-2.180051779144848319e-04,-1.871208936547474018e-05,9.817434501988215635e-05,-1.783781976737868879e-03
1.285000000000000031e-01,0.000000000000000000e+00,2.202803366314325800e-03,2.806926620540920250e-03,2.204411863557889997e-03,2.803306319496388747e-03,1.000000000000000000e+00,1.000000000000000000e+00,7.838610371880735386e-04,1.330108438722737811e-03,-1.598916054535078415e-03,8.502355212164303339e-04,4.328975553369714818e-02,1.520242050207619953e-03,1.303804505896516419e-01,5.489085928505805546e-03,7.912977262980812982e-04,1.329048996376465917e-03,-6.204219942248204341e-04,9.321814125343746331e-04,-2.180051779144848319e-04,-1.871208936547474018e-05,1.306399101033903763e-04,-1.503967805059008541e-03
1.290000000000000036e-01,0.000000000000000000e+00,2.201766049788857031e-03,2.807243513165648061e-03,2.204642406734593635e-03,2.803482875100950407e-03,1.000000000000000000e+00,1.000000000000000000e+00,7.830664066279830349e-04,1.330425331347465188e-03,-1.589261120181052625e-03,6.337852494548536827e-04,4.333742821946760804e-02,2.045573126730149995e-03,1.305138144011139811e-01,6.919112743843448474e-03,7.909945631750125343e-04,1.329461675214569467e-03,-5.922735925578046217e-04,7.189316198861774553e-04,-2.180051779144848319e-04,-1.871208936547474018e-05,1.527088987894753428e-04,-1.261775013073015679e-03
1.295000000000000040e-01,0.000000000000000000e+00,2.200737467836557174e-03,2.807469822419042527e-03,2.204872392737177063e-03,2.803661229770741756e-03,1.000000000000000000e+00,1.000000000000000000e+00,7.822784671391308378e-04,1.330651640600860088e-03,-1.575878977704374450e-03,4.526185067897232602e-04,4.336951192866115440e-02,2.499712107398180047e-03,1.306047874635105910e-01,8.156465649575698681e-03,7.907063208764990520e-04,1.329776503197843381e-03,-5.607458090712960424e-04,5.407137995442156233e-04,-2.180051779144848319e-04,-1.871208936547474018e-05,1.662766939538149900e-04,-1.052837718806977308e-03
1.300000000000000044e-01,0.000000000000000000e+00,2.199719242922422782e-03,2.807620770084550636e-03,2.205101846698468392e-03,2.803841385321201654e-03,1.000000000000000000e+00,1.000000000000000000e+00,7.814984616018132418e-04,1.330802588266367980e-03,-1.560011074635191076e-03,3.018953310156019141e-04,4.866578256836994604e-02,3.193618419353380644e-03,1.511546948840820637e-01,1.039886015294339862e-02,7.839058058512418528e-04,1.330124325053310460e-03,-1.265681577977688550e-03,4.056764033748654075e-04,-2.603434080714459893e-05,-2.207990582795463344e-05,2.889005779944418557e-03,-7.416343375379122471e-04
1.305000000000000049e-01,0.000000000000000000e+00,2.198976717089678491e-03,2.807718903436734123e-03,2.205330795289765604e-03,2.804023343346114666e-03,1.000000000000000000e+00,1.000000000000000000e+00,7.809296538137672087e-04,1.330900721618551684e-03,-1.137615576092044535e-03,1.962667043673470084e-04,4.770742735467262130e-02,3.458286967650379615e-03,1.431346198537014058e-01,1.078895492627429502e-02,7.833781208778396862e-04,1.330301391574159912e-03,-8.458519985122943353e-04,3.027823958531879319e-04,-2.603434080714459893e-05,-2.207990582795463344e-05,2.350319121445539842e-03,-6.199833379037358655e-04
1.310000000000000053e-01,0.000000000000000000e+00,2.198458754419093525e-03,2.807773097703909586e-03,2.205559266738875944e-03,2.804207105215378477e-03,1.000000000000000000e+00,1.000000000000000000e+00,7.805328713882225518e-04,1.330954915885726713e-03,-7.935648510893802531e-04,1.083885343499017758e-04,4.688908979456140463e-02,3.686109216342922656e-03,1.409562778774322567e-01,1.141000837199626118e-02,7.830408415334997154e-04,1.330431420107037457e-03,-5.039153018583261657e-04,2.174921132868816768e-04,-2.603434080714459893e-05,-2.207990582795463344e-05,1.891477784570693267e-03,-5.155067481766045399e-04
1.315000000000000058e-01,0.000000000000000000e+00,2.198121803122883230e-03,2.807790978261857917e-03,2.205787290848166583e-03,2.804392672072776940e-03,1.000000000000000000e+00,1.000000000000000000e+00,7.802747517201588483e-04,1.330972796443675478e-03,-5.162393361275155121e-04,3.576111589766712662e-05,4.619321027290496789e-02,3.881509431322445643e-03,1.390987562028243862e-01,1.194315876292830272e-02,7.828579134011149189e-04,1.330522590443247244e-03,-2.283244063993095682e-04,1.473217753963283706e-04,-2.603434080714459893e-05,-2.207990582795463344e-05,1.502346213451784132e-03,-4.261166418512971391e-04
1.320000000000000062e-01,0.000000000000000000e+00,2.197928932545120152e-03,2.807779072583234392e-03,2.206014899012601407e-03,2.804580044833745317e-03,1.000000000000000000e+00,1.000000000000000000e+00,7.801270042858221652e-04,1.330960890765051953e-03,-2.954948686734619793e-04,-2.381135724724927927e-05,3.813303474233090129e-02,1.061006054982156430e-02,1.085063922404523734e-01,3.788214006964646385e-02,7.948534496378132979e-04,1.322809019079094085e-03,1.354817858797510450e-03,-7.892976015153461066e-04,-3.805010877961694719e-04,2.064798706169453438e-04,-2.644258894874027335e-03,2.367745573005814765e-03
1.325000000000000067e-01,0.000000000000000000e+00,2.197474668501094800e-03,2.807948029704912356e-03,2.206242124237790380e-03,2.804769224183140293e-03,1.000000000000000000e+00,1.000000000000000000e+00,7.797790178391877849e-04,1.331129847886729917e-03,-6.959728932687662441e-04,3.379142433559774363e-04,3.745134550362546472e-02,1.080960828921170153e-02,1.125281022755998811e-01,3.306878580292553493e-02,7.954392765723173470e-04,1.322499661872601632e-03,9.891763490761126647e-04,-4.487794535333811596e-04,-3.805010877961694719e-04,2.064798706169453438e-04,-2.978423451956804888e-03,2.427816175780774660e-03
1.330000000000000071e-01,0.000000000000000000e+00,2.196727948820767062e-03,2.808301964294594721e-03,2.206469001158029800e-03,2.804960210573009122e-03,1.000000000000000000e+00,1.000000000000000000e+00,7.792069973775051905e-04,1.331483782476412065e-03,-1.144040923365296364e-03,7.078691793641106629e-04,3.845231958151507784e-02,9.677933166171704543e-03,1.167608517566316312e-01,2.866250446718818928e-02,7.958302811817713094e-04,1.322362698315251864e-03,5.756287624415788512e-04,-9.974602232911149082e-05,-3.805010877961694719e-04,2.064798706169453438e-04,-2.419813783803076521e-03,1.914404304165366480e-03
1.335000000000000075e-01,0.000000000000000000e+00,2.195742408342200424e-03,2.808803314740113653e-03,2.206695566054348197e-03,2.805153004220360506e-03,1.000000000000000000e+00,1.000000000000000000e+00,7.784520295704304210e-04,1.331985132921930997e-03,-1.509935614149435744e-03,1.002700891037650813e-03,3.930260673662881038e-02,8.723365401274409819e-03,1.190153572675373833e-01,2.604815186883086692e-02,7.960348253009108793e-04,1.322381628440742665e-03,2.431842575341080473e-04,1.749334834735756278e-04,-3.805010877961694719e-04,2.064798706169453438e-04,-1.946902446984933362e-03,1.482829433767511888e-03
1.340000000000000080e-01,0.000000000000000000e+00,2.194563535793039779e-03,2.809420474982247951e-03,2.206921856872550054e-03,2.805347605104929407e-03,1.000000000000000000e+00,1.000000000000000000e+00,7.775489608050003155e-04,1.332602293164065295e-03,-1.806137530860281275e-03,1.234320484268762582e-03,4.393322384337249725e-02,-1.936457393660029639e-03,1.361168204622690836e-01,-1.443648979963181242e-02,7.888782322275449382e-04,1.337929410486857467e-03,-8.365005632868715776e-04,2.130185559657067369e-03,-1.684307168569361554e-04,-2.465635102825605544e-04,4.386945089799474881e-04,-2.911363002129110401e-03
1.345000000000000084e-01,0.000000000000000000e+00,2.193425710178254461e-03,2.809818854920161958e-03,2.207147913241258672e-03,2.805544012966949656e-03,1.000000000000000000e+00,1.000000000000000000e+00,7.766773358155555163e-04,1.333000673101979302e-03,-1.743249978889594917e-03,7.967598758281307968e-04,4.578271106308118982e-02,-5.278166478938193726e-03,1.393798374284537234e-01,-1.850286657184933153e-02,7.884782998809578567e-04,1.338891546586439127e-03,-7.633554636295443278e-04,1.719119120489430571e-03,-1.684307168569361554e-04,-2.465635102825605544e-04,1.409445073122191951e-03,-4.318408438993952443e-03
1.350000000000000089e-01,0.000000000000000000e+00,2.192421243869004804e-03,2.809896507994678536e-03,2.207373776489961192e-03,2.805742227304922239e-03,1.000000000000000000e+00,1.000000000000000000e+00,7.759078699810549118e-04,1.333078326176495663e-03,-1.538931669001216947e-03,1.553061490326695807e-04,4.532115639292303572e-02,-3.520950233335966555e-03,1.361163825772285230e-01,-9.101620933562416110e-03,7.881501037665582200e-04,1.339597268983520667e-03,-5.498304001071658903e-04,1.104934081004325551e-03,-1.684307168569361554e-04,-2.465635102825605544e-04,1.148466714944879454e-03,-3.515947666613501547e-03
1.355000000000000093e-01,0.000000000000000000e+00,2.191525575827334756e-03,2.809712076700818240e-03,2.207599489667052758e-03,2.805942247373381833e-03,1.000000000000000000e+00,1.000000000000000000e+00,7.752217484548540663e-04,1.332893894882635584e-03,-1.372243052401787324e-03,-3.688625877199745414e-04,4.492502506511553834e-02,-2.023204589456986495e-03,1.350599822857755650e-01,-5.010380515086659999e-03,7.879192456176792878e-04,1.340024997872580129e-03,-3.739343554484921201e-04,6.069304358820385705e-04,-1.684307168569361554e-04,-2.465635102825605544e-04,9.248968738720472369e-04,-2.833885636845727592e-03
1.360000000000000098e-01,0.000000000000000000e+00,2.190717696031400930e-03,2.809315441585386909e-03,2.207825097557877640e-03,2.806144072180668560e-03,1.000000000000000000e+00,1.000000000000000000e+00,7.746028766264708440e-04,1.332497259767204036e-03,-1.237743656766452120e-03,-7.932702308631648476e-04,4.424726960904569462e-02,5.855723268027674018e-03,1.328370010889434738e-01,2.412760809457243499e-02,7.885846441429629787e-04,1.333722554356014511e-03,-1.378984407100185142e-04,-5.283504637447012991e-04,-1.924360982128770793e-04,-5.525916049850021944e-05,5.619150147602991734e-04,4.978562435702421803e-04
1.365000000000000102e-01,0.000000000000000000e+00,2.189962719234245236e-03,2.808955371542933271e-03,2.208050646702776863e-03,2.806347700486696260e-03,1.000000000000000000e+00,1.000000000000000000e+00,7.740245308463260991e-04,1.332137189724750615e-03,-1.156691560289396098e-03,-7.201400849068480183e-04,4.400887476595684300e-02,5.713373786196419488e-03,1.325325330810346869e-01,1.688029399219272489e-02,7.885388719061038262e-04,1.333477759673328813e-03,-4.536809960241621614e-05,-4.509689803830963157e-04,-1.924360982128770793e-04,-5.525916049850021944e-05,4.278633218900261418e-04,4.306249261802795538e-04
1.370000000000000107e-01,0.000000000000000000e+00,2.189248172121889633e-03,2.808627033077080743e-03,2.208276185415129766e-03,2.806553130800720774e-03,1.000000000000000000e+00,1.000000000000000000e+00,7.734771560015592804e-04,1.331808851258898087e-03,-1.094749689533737079e-03,-6.566769317050901670e-04,4.380736118577511357e-02,5.586093429106192727e-03,1.319861425288575418e-01,1.653479200734367729e-02,7.885345416103417765e-04,1.333269228798136027e-03,2.790507770032417292e-05,-3.832778244743919259e-04,-1.924360982128770793e-04,-5.525916049850021944e-05,3.147751130440436295e-04,3.705941496535865840e-04
1.375000000000000111e-01,0.000000000000000000e+00,2.188563569613557851e-03,2.808326116283970178e-03,2.208501763799399029e-03,2.806760361379109954e-03,1.000000000000000000e+00,1.000000000000000000e+00,7.729527200543064719e-04,1.331507934465787305e-03,-1.048871894505563201e-03,-6.018335862217693384e-04,4.363788317392414823e-02,5.472608254293125085e-03,1.315241997271824337e-01,1.622629479200197317e-02,7.885627832766131965e-04,1.333092377251672307e-03,8.494996783224597584e-05,-3.242361001607631916e-04,-1.924360982128770793e-04,-5.525916049850021944e-05,2.198641425832612050e-04,3.171402094996596342e-04
1.380000000000000115e-01,0.000000000000000000e+00,2.187900150158557898e-03,2.808048789435436780e-03,2.208727433769173965e-03,2.806969390223110639e-03,1.000000000000000000e+00,1.000000000000000000e+00,7.724445112673466616e-04,1.331230607617253908e-03,-1.016417573919608597e-03,-5.546536970668147553e-04,5.273080210231335940e-02,-8.609258672797963884e-05,1.669998240202081874e-01,-5.244642699103884906e-03,7.599819224217946138e-04,1.347454863108744298e-03,-3.111141482251281436e-03,1.368893956564794538e-03,6.495447535336162015e-04,-4.819727923320884480e-04,4.709825068063796735e-03,-1.882916809683702350e-03
1.385000000000000120e-01,0.000000000000000000e+00,2.187713304549365311e-03,2.807621072087602108e-03,2.208953249065213811e-03,2.807180215076619540e-03,1.000000000000000000e+00,1.000000000000000000e+00,7.723013792267035106e-04,1.330802890269419453e-03,-2.862640812862208596e-04,-8.554346956689872286e-04,6.126815731469280324e-02,-5.367431767693792849e-03,1.927793419392764829e-01,-2.113968458441256235e-02,7.585914704207475778e-04,1.348075352783649743e-03,-2.451891593816826753e-03,1.113536174505810883e-03,6.495447535336162015e-04,-4.819727923320884480e-04,9.172926289440615222e-03,-4.136963723069656679e-03
1.390000000000000124e-01,0.000000000000000000e+00,2.188425240157696600e-03,2.806879692833162340e-03,2.209179265273493627e-03,2.807392833423953682e-03,1.000000000000000000e+00,1.000000000000000000e+00,7.728467535433241947e-04,1.330061511014979901e-03,1.090748633241449619e-03,-1.482758508878989114e-03,6.112136516281880400e-02,-5.522005575289200795e-03,1.856484505629347470e-01,-1.750132001896750888e-02,7.576920012029968177e-04,1.348486655815667483e-03,-1.148477286203041263e-03,5.327858968936388141e-04,6.495447535336162015e-04,-4.819727923320884480e-04,8.997820511276483080e-03,-4.159840926951701746e-03
1.395000000000000129e-01,0.000000000000000000e+00,2.190018070931279686e-03,2.805823551740147317e-03,2.209405539843245850e-03,2.807607242487613914e-03,1.000000000000000000e+00,1.000000000000000000e+00,7.740669327062564250e-04,1.329005369921964662e-03,2.440358325864538588e-03,-2.112282186030372579e-03,5.764500038730209497e-02,-3.573651729605324678e-03,1.729854706152810506e-01,-1.007336105614255531e-02,7.574376973510130000e-04,1.348606841392795087e-03,1.287961486936457529e-04,-5.091692154082425297e-05,6.495447535336162015e-04,-4.819727923320884480e-04,7.065360376627505788e-03,-3.277586343078195494e-03
1.400000000000000133e-01,0.000000000000000000e+00,2.192307204900769205e-03,2.804517324502492446e-03,2.209632132105005323e-03,2.807823439226060126e-03,1.000000000000000000e+00,1.000000000000000000e+00,7.758205110631386219e-04,1.327699142684309790e-03,3.507156713764436433e-03,-2.612454475309768272e-03,5.331684599939300051e-02,-4.954854760090356179e-04,1.597074004433825245e-01,2.849744603036915517e-06,7.599704787742986387e-04,1.347456947502870348e-03,1.376999064222880114e-03,-6.210761954310611193e-04,5.843075605537842183e-04,-4.522667727081412835e-04,4.725601189816754609e-03,-1.932566225462097487e-03
1.405000000000000138e-01,0.000000000000000000e+00,2.195067442290675637e-03,2.803060275489750383e-03,2.209859103288654755e-03,2.808041420331476058e-03,1.000000000000000000e+00,1.000000000000000000e+00,7.779349755773657272e-04,1.326242093671567944e-03,4.228929028454103851e-03,-2.914098025483726623e-03,5.111124237165974582e-02,5.968324730689582953e-04,1.552175270533746321e-01,1.487605447425420632e-03,7.608246228268056516e-04,1.347080784848183038e-03,2.038263345237557953e-03,-8.830525010796729272e-04,5.843075605537842183e-04,-4.522667727081412835e-04,3.510932642094459228e-03,-1.443137546552278631e-03
1.410000000000000142e-01,0.000000000000000000e+00,2.198182489864237629e-03,2.801488464106037003e-03,2.210086516541464544e-03,2.808261182227539746e-03,1.000000000000000000e+00,1.000000000000000000e+00,7.803212404611441048e-04,1.324670282287854347e-03,4.772529767556809958e-03,-3.143622767427313967e-03,4.928138296713914512e-02,1.502060844073436520e-03,1.502808867451977393e-01,3.972024810071155335e-03,7.619652688415121762e-04,1.346591420462339055e-03,2.523337540092708466e-03,-1.074016463119435282e-03,5.843075605537842183e-04,-4.522667727081412835e-04,2.508200728249145809e-03,-1.039622135134246270e-03
1.415000000000000147e-01,0.000000000000000000e+00,2.201556191466664918e-03,2.799831695973080403e-03,2.210314436946140843e-03,2.808482721067192232e-03,1.000000000000000000e+00,1.000000000000000000e+00,7.829056458264254054e-04,1.323013514154897964e-03,5.168810730562658357e-03,-3.313536265912893006e-03,4.777439687129557411e-02,2.246613373899703035e-03,1.461996191319637761e-01,6.017781726497276225e-03,7.633119999360029467e-04,1.346021248186867305e-03,2.862877918987784959e-03,-1.206394544505951351e-03,5.843075605537842183e-04,-4.522667727081412835e-04,1.687171288690169106e-03,-7.097205215181366742e-04
1.420000000000000151e-01,0.000000000000000000e+00,2.205109655902932030e-03,2.798114417832691173e-03,2.210542931538867113e-03,2.808706032730407150e-03,1.000000000000000000e+00,1.000000000000000000e+00,7.856277575116487905e-04,1.321296236014508517e-03,5.444223370446838774e-03,-3.434556280778777899e-03,4.186863304502094763e-02,5.867036396835542678e-03,1.246955382191667905e-01,1.939063298274510544e-02,7.713037521546229659e-04,1.342736173052980989e-03,3.819125157717873954e-03,-1.591855453753818032e-03,3.930264003898957591e-04,-3.740290446836376558e-04,-1.381027603568165231e-03,8.178511564710274056e-04
1.425000000000000155e-01,0.000000000000000000e+00,2.208544506953458164e-03,2.796450684555661960e-03,2.210772069327348720e-03,2.808931112821959862e-03,1.000000000000000000e+00,1.000000000000000000e+00,7.882590060718457472e-04,1.319632502737479521e-03,5.262497120393882025e-03,-3.327466554058090050e-03,4.170887614624383538e-02,5.790852602436337773e-03,1.290206432691065885e-01,1.605020555429463591e-02,7.731593116939793715e-04,1.341973920978388381e-03,3.603460831601501806e-03,-1.457384641336022853e-03,3.930264003898957591e-04,-3.740290446836376558e-04,-1.448599676322263668e-03,7.742142294261236722e-04
1.430000000000000160e-01,0.000000000000000000e+00,2.211853730489844565e-03,2.794837681018408002e-03,2.211001921308856661e-03,2.809157956669193143e-03,1.000000000000000000e+00,1.000000000000000000e+00,7.907940183729331033e-04,1.318019499200225562e-03,5.070024602174675807e-03,-3.226007074508110539e-03,4.162253571903828941e-02,5.702680760033220289e-03,1.287200596958651411e-01,1.581644580503409336e-02,7.749045070183382088e-04,1.341277370743301821e-03,3.377692050773323761e-03,-1.329038708706837407e-03,3.930264003898957591e-04,-3.740290446836376558e-04,-1.476466048121545440e-03,7.258326579100360604e-04
1.435000000000000164e-01,0.000000000000000000e+00,2.215034086404941635e-03,2.793272244392724230e-03,2.211232560488272155e-03,2.809386559319792826e-03,1.000000000000000000e+00,1.000000000000000000e+00,7.932303123488337751e-04,1.316454062574541357e-03,4.872587951801334201e-03,-3.130873251368617924e-03,4.159502384093974325e-02,5.606508226038316167e-03,1.285826519357321507e-01,1.555912733468371723e-02,7.765357248685904627e-04,1.340643287373635391e-03,3.147563691270781859e-03,-1.207506335728112529e-03,3.930264003898957591e-04,-3.740290446836376558e-04,-1.472781883924359969e-03,6.744811038057966363e-04
1.440000000000000169e-01,0.000000000000000000e+00,2.218085334230625663e-03,2.791750993172541131e-03,2.211464061896129506e-03,2.809616915539548711e-03,1.000000000000000000e+00,1.000000000000000000e+00,7.955677037902777462e-04,1.314932811354358475e-03,4.674782882888008952e-03,-3.042502440365802297e-03,3.338515571025393175e-02,1.236917725672721444e-02,9.661733765515533034e-02,4.194314104463599258e-02,7.931230283920328271e-04,1.330760998376428030e-03,4.622711175892662248e-03,-2.146185479232612034e-03,-5.013489095914807063e-05,-1.003547875563047661e-04,-5.632400705640642352e-03,3.448930825466588104e-03
1.444999999999999896e-01,0.000000000000000000e+00,2.220597308894906984e-03,2.790484953734754126e-03,2.211696502606660692e-03,2.809849019810130213e-03,1.000000000000000000e+00,1.000000000000000000e+00,7.974919880231060368e-04,1.313666771916571470e-03,3.848568465656495262e-03,-2.532078875574000128e-03,3.180853836991014150e-02,1.354867282478647295e-02,9.706640601421867576e-02,4.097039667265912205e-02,7.952306905757605985e-04,1.329815180629433753e-03,3.809434029927201773e-03,-1.638034555758390715e-03,-5.013489095914807063e-05,-1.003547875563047661e-04,-6.404167726515300717e-03,3.917127840192067244e-03
1.449999999999999900e-01,0.000000000000000000e+00,2.222497006545373112e-03,2.789508167250461749e-03,2.211929961755837795e-03,2.810082866326851173e-03,1.000000000000000000e+00,1.000000000000000000e+00,7.989472408518517475e-04,1.312689985432279093e-03,2.910505657491372408e-03,-1.953572968584693127e-03,3.371151984998248252e-02,1.191054718594026368e-02,1.053074440505255560e-01,3.385038244355915993e-02,7.969038202615227233e-04,1.329140376701986584e-03,2.884813387609179089e-03,-1.062271474356019357e-03,-5.013489095914807063e-05,-1.003547875563047661e-04,-5.328808232133484292e-03,3.167741812084298204e-03
1.454999999999999905e-01,0.000000000000000000e+00,2.223886672074508464e-03,2.788766181322214002e-03,2.212164520559420627e-03,2.810318448996441607e-03,1.000000000000000000e+00,1.000000000000000000e+00,8.000117864082400632e-04,1.311947999504031346e-03,2.129091112776671738e-03,-1.483971856495487542e-03,3.535237746011306303e-02,1.051357127588178550e-02,1.096428125510780643e-01,3.002536663083738705e-02,7.981536074557136736e-04,1.328726319061138746e-03,2.115778538729766976e-03,-5.948492998226644676e-04,-5.013489095914807063e-05,-1.003547875563047661e-04,-4.403586602282773266e-03,2.530300643466939538e-03
1.459999999999999909e-01,0.000000000000000000e+00,2.224854286706365314e-03,2.788212687251771533e-03,2.212400262330995251e-03,2.810555761434814677e-03,1.000000000000000000e+00,1.000000000000000000e+00,8.007530222200546490e-04,1.311394505433588877e-03,1.482471623629231551e-03,-1.106988140885114495e-03,4.106794739065617456e-02,1.012846887252039085e-02,1.300979297017414715e-01,2.988443191408656288e-02,7.938447022738002404e-04,1.328229638663445912e-03,8.914401902261516334e-04,-2.527586667727788712e-04,1.029961332923432150e-04,-9.173178052206812697e-05,-1.395636286605951223e-03,2.331469525513349492e-03
1.464999999999999913e-01,0.000000000000000000e+00,2.225691002546003900e-03,2.787833519621592260e-03,2.212637272500022918e-03,2.810794796964836278e-03,1.000000000000000000e+00,1.000000000000000000e+00,8.013939837394792702e-04,1.311015337803409821e-03,1.281923038849325366e-03,-7.583352603582585623e-04,4.148184503946904245e-02,8.959664628906389636e-03,1.267203025020081919e-01,2.582388494794536984e-02,7.942388445169446106e-04,1.328189983387932519e-03,6.855129718119351697e-04,9.346808022794254184e-05,1.029961332923432150e-04,-9.173178052206812697e-05,-1.160811224154700101e-03,1.801281430393234352e-03
1.469999999999999918e-01,0.000000000000000000e+00,2.226418983387331609e-03,2.787590163308743645e-03,2.212875638629880747e-03,2.811035548614094180e-03,1.000000000000000000e+00,1.000000000000000000e+00,8.019516494176754176e-04,1.310771981490560989e-03,1.115331356392252303e-03,-4.867126256978248082e-04,4.183959550264365612e-02,7.976800877040564342e-03,1.276683786515528385e-01,2.312135448257375200e-02,7.945385109399591937e-04,1.328304243123585920e-03,5.134748034584614212e-04,3.630441094695405040e-04,1.029961332923432150e-04,-9.173178052206812697e-05,-9.581963803497368665e-04,1.356934593176103033e-03
1.474999999999999922e-01,0.000000000000000000e+00,2.227057334618139789e-03,2.787450347226411163e-03,2.213115450435907197e-03,2.811278009112666738e-03,1.000000000000000000e+00,1.000000000000000000e+00,8.024406548307941572e-04,1.310632165408228723e-03,9.780108262374728311e-04,-2.796321646645382798e-04,4.214777556220392768e-02,7.154932218972522538e-03,1.284873289223787129e-01,2.085758661759977428e-02,7.947594796772041240e-04,1.328537201035287886e-03,3.706685516854299196e-04,5.683807937810633976e-04,1.029961332923432150e-04,-9.173178052206812697e-05,-7.839726523727631995e-04,9.867664337670865177e-04
1.479999999999999927e-01,0.000000000000000000e+00,2.227622466118540749e-03,2.787387195707314615e-03,2.213356799803444484e-03,2.811522170890892909e-03,1.000000000000000000e+00,1.000000000000000000e+00,8.028735706763075967e-04,1.310569013889132176e-03,8.658316910269670506e-04,-1.263030381932254379e-04,4.214755359839945231e-02,1.820807422358483585e-02,1.281641439571944985e-01,6.455177459855970801e-02,7.956991233087642133e-04,1.317018291907684751e-03,3.416630434016292668e-04,-6.194441504822185106e-04,7.994917345188083180e-05,2.564532521311261638e-04,-7.699898460283372340e-04,5.569480176641258828e-03
1.484999999999999931e-01,0.000000000000000000e+00,2.228115154090057684e-03,2.787745291188599601e-03,2.213599780805884914e-03,2.811768026077139226e-03,1.000000000000000000e+00,1.000000000000000000e+00,8.032509915590799968e-04,1.310927109370417162e-03,7.548417655447662699e-04,7.161909625699864040e-04,4.240835647594949631e-02,1.549557921071837395e-02,1.291185894069813711e-01,4.494406770532079209e-02,7.958413407113126099e-04,1.316910164319746957e-03,2.274225888663285481e-04,1.853781494269101217e-04,7.994917345188083180e-05,2.564532521311261638e-04,-6.231089487445888976e-04,4.340495108984301388e-03
1.489999999999999936e-01,0.000000000000000000e+00,2.228549251457297500e-03,2.788434915630075023e-03,2.213844489722712004e-03,2.812015566495570679e-03,1.000000000000000000e+00,1.000000000000000000e+00,8.035835294350267104e-04,1.311616733811892367e-03,6.650757518934666485e-04,1.379248882950546463e-03,4.263106601721162320e-02,1.321438799551524594e-02,1.297134750821362925e-01,3.868540642609511609e-02,7.959317470783717607e-04,1.317159890482267172e-03,1.343797786507438803e-04,8.123020925958827736e-04,7.994917345188083180e-05,2.564532521311261638e-04,-4.979582564511799044e-04,3.310601145176473529e-03
1.494999999999999940e-01,0.000000000000000000e+00,2.228936548202857179e-03,2.789380837068785538e-03,2.214091025057545944e-03,2.812264783663918997e-03,1.000000000000000000e+00,1.000000000000000000e+00,8.038802159548004639e-04,1.312562655250602882e-03,5.933730395475794164e-04,1.891842877420816041e-03,4.282045837938332211e-02,1.130665909247213427e-02,1.302210261566516813e-01,3.344424898650900924e-02,7.959801544082034056e-04,1.317685731931574457e-03,5.939303469859581551e-05,1.290117831817571767e-03,7.994917345188083180e-05,2.564532521311261638e-04,-3.917808259842690388e-04,2.452755378967797287e-03
1.499999999999999944e-01,0.000000000000000000e+00,2.229287033307337292e-03,2.790520341865786007e-03,2.214339487556188195e-03,2.812515668791251353e-03,1.000000000000000000e+00,1.000000000000000000e+00,8.041487031214836429e-04,1.313702160047603568e-03,5.369743333662955727e-04,2.279009594001534401e-03,3.803899564053118965e-02,2.197229775624601894e-02,1.114599880890858319e-01,7.666102790458935445e-02,8.041003749272093715e-04,1.303934724592220292e-03,9.167325032266825102e-04,4.984077863121852588e-06,-1.583898479960218900e-04,6.823699148723223751e-04,-2.829606108443997840e-03,6.818188678446801543e-03
1.504999999999999949e-01,0.000000000000000000e+00,2.229361540294879165e-03,2.792184405145683567e-03,2.214589980224663038e-03,2.812768212775738647e-03,1.000000000000000000e+00,1.000000000000000000e+00,8.042057787852637104e-04,1.315366223327500911e-03,1.141513275600898906e-04,3.328126559794743807e-03,3.811062149739669752e-02,2.049869596598197924e-02,1.155966106477440553e-01,6.228441998745361252e-02,8.044580725148421955e-04,1.304180916825117180e-03,5.148232248062620123e-04,9.778900703451168068e-04,-1.583898479960218900e-04,6.823699148723223751e-04,-2.761687571147560753e-03,6.109850129150770810e-03
1.509999999999999953e-01,0.000000000000000000e+00,2.229166858274195945e-03,2.794320681205942659e-03,2.214842608347263909e-03,2.813022406202426821e-03,1.000000000000000000e+00,1.000000000000000000e+00,8.040566437051441338e-04,1.317502499387759787e-03,-2.982701602392278132e-04,4.272552120517923539e-03,3.914372806438078112e-02,1.714969980060521149e-02,1.193299015431703164e-01,5.094218070666751974e-02,8.046173320193904807e-04,1.304887782182433857e-03,1.229681850116889040e-04,1.847858657789399955e-03,-1.583898479960218900e-04,6.823699148723223751e-04,-2.186480552971510356e-03,4.602393975472678957e-03
1.514999999999999958e-01,0.000000000000000000e+00,2.228757898816722052e-03,2.796818763896957803e-03,2.215097479504595391e-03,2.813278239341003399e-03,1.000000000000000000e+00,1.000000000000000000e+00,8.037433625852851392e-04,1.320000582078775147e-03,-6.265622397179230248e-04,4.996165382030741571e-03,4.001523066172944093e-02,1.435986063911115322e-02,1.216592283471704117e-01,4.327750238115205678e-02,8.046015415968724421e-04,1.305974930747235904e-03,-1.855314100087534124e-04,2.499431776801458536e-03,-1.583898479960218900e-04,6.823699148723223751e-04,-1.702956429338040641e-03,3.352177634937501469e-03
1.519999999999999962e-01,0.000000000000000000e+00,2.228180862803165463e-03,2.799586966334026428e-03,2.215354703591618235e-03,2.813535702143567501e-03,1.000000000000000000e+00,1.000000000000000000e+00,8.033013273536204193e-04,1.322768784515843772e-03,-8.840704633294961187e-04,5.536404874137256481e-03,3.281092076773721444e-02,1.340823475299223952e-02,9.280017844780504011e-02,4.219562636174183090e-02,8.153043657489009860e-04,1.306501797563117389e-03,8.041790611047691661e-04,2.874699753506687692e-03,-4.775870272847040844e-04,7.070900012949755823e-04,-5.378380418178744550e-03,2.895749824759261300e-03
1.524999999999999967e-01,0.000000000000000000e+00,2.227076828833042706e-03,2.802592090619377904e-03,2.215614392835693960e-03,2.813794784242398556e-03,1.000000000000000000e+00,1.000000000000000000e+00,8.024555882657933778e-04,1.325773908801195248e-03,-1.691478175653984145e-03,6.010248570703080433e-03,3.484420879810379290e-02,1.124480144473323853e-02,1.064204197341168251e-01,3.480973736310931377e-02,8.155170982663214902e-04,1.308040154291343271e-03,4.820803163946806025e-05,3.277887650758192287e-03,-4.775870272847040844e-04,7.070900012949755823e-04,-4.248148164758853464e-03,1.934032703724655180e-03
1.529999999999999971e-01,0.000000000000000000e+00,2.225553919174781334e-03,2.805763422891302886e-03,2.215876661814625975e-03,2.814055474947726315e-03,1.000000000000000000e+00,1.000000000000000000e+00,8.012889717847101459e-04,1.328945241073120013e-03,-2.333232962166358494e-03,6.342664543849347962e-03,3.655674056400922550e-02,9.476756962291742192e-03,1.109966631474614135e-01,2.993305239405681314e-02,8.153928964674859265e-04,1.309745168638802105e-03,-5.438631068730959920e-04,3.541594245347734655e-03,-4.775870272847040844e-04,7.070900012949755823e-04,-3.299767899384756231e-03,1.153166180520117257e-03
1.534999999999999976e-01,0.000000000000000000e+00,2.223702976226318677e-03,2.809043410604336773e-03,2.216141627474706773e-03,2.814317763245497393e-03,1.000000000000000000e+00,1.000000000000000000e+00,7.998710672245099886e-04,1.332225228786154117e-03,-2.835809120400350179e-03,6.559975426068131305e-03,3.799128753020575289e-02,8.046002461815717627e-03,1.148406252052623228e-01,2.597925617328023656e-02,8.150071218037085834e-04,1.311553650770226577e-03,-9.983401986464375284e-04,3.691974501524076385e-03,-4.775870272847040844e-04,7.070900012949755823e-04,-2.508677188876162929e-03,5.261778634427663557e-04
1.539999999999999980e-01,0.000000000000000000e+00,2.221599896026524995e-03,2.812385700132128633e-03,2.216409409148759058e-03,2.814581637795147886e-03,1.000000000000000000e+00,1.000000000000000000e+00,7.982600143240245688e-04,1.335567518313945977e-03,-3.222105800970855461e-03,6.684579055583518212e-03,4.655210754841419135e-02,2.086656402871297621e-03,1.466593230250510249e-01,4.110146917039663242e-03,7.980569082356563917e-04,1.323129315878323426e-03,-3.189540822041073056e-03,4.850368096290576941e-03,3.649393418401625120e-06,4.214290040530637859e-04,1.857427715455506508e-03,-1.910444381463270768e-03
1.544999999999999984e-01,0.000000000000000000e+00,2.219676752183440821e-03,2.815602928334999533e-03,2.216680128574182503e-03,2.814847086927368611e-03,1.000000000000000000e+00,1.000000000000000000e+00,7.967868006697112612e-04,1.338784746516816877e-03,-2.946427308626685133e-03,6.434456405741829747e-03,5.195596852966177792e-02,-1.916628142495231625e-03,1.604836370278397983e-01,-6.457563332433679908e-03,7.965306055649686587e-04,1.325482925289961627e-03,-2.916142024127904141e-03,4.564534547583970654e-03,3.649393418401625120e-06,4.214290040530637859e-04,4.691881530762729083e-03,-3.611240221240974695e-03
1.549999999999999989e-01,0.000000000000000000e+00,2.218202407835161323e-03,2.818571061732224117e-03,2.216953909910994447e-03,2.815114098641875555e-03,1.000000000000000000e+00,1.000000000000000000e+00,7.956573873744679677e-04,1.341752879914041461e-03,-2.258826590486649830e-03,5.936266794448965753e-03,5.057200423208518814e-02,-1.172827668973042744e-03,1.508588502518125873e-01,-3.657060353290870255e-04,7.952435909130723280e-04,1.327631996314565695e-03,-2.233191495848533062e-03,4.032699026535567846e-03,3.649393418401625120e-06,4.214290040530637859e-04,3.908715110125687321e-03,-3.250557445577182628e-03
1.554999999999999993e-01,0.000000000000000000e+00,2.217102473908124857e-03,2.821315907807324559e-03,2.217230879759876649e-03,2.815382660605180321e-03,1.000000000000000000e+00,1.000000000000000000e+00,7.948147891018639537e-04,1.344497725989141686e-03,-1.685196545208102539e-03,5.489692150200498749e-03,4.937682552374851597e-02,-4.803390987935815884e-04,1.477015517721297355e-01,1.496673145255077511e-03,7.942696851727127369e-04,1.329528152018111383e-03,-1.663498718480262498e-03,3.552782203408376069e-03,3.649393418401625120e-06,4.214290040530637859e-04,3.233767403321719577e-03,-2.915715781129418240e-03
1.559999999999999998e-01,0.000000000000000000e+00,2.216312842166505599e-03,2.823861395514230301e-03,2.217511167180217287e-03,2.815652760148357105e-03,1.000000000000000000e+00,1.000000000000000000e+00,7.942098960940861254e-04,1.347043213696047645e-03,-1.209786015555588089e-03,5.090975413812087215e-03,4.789792596338764141e-02,-1.209542056094634575e-02,1.432293493451588517e-01,-4.437498395596179562e-02,7.946872890786319931e-04,1.344773322714267697e-03,-1.063443679931577908e-03,4.657073182984965143e-03,-2.961055415003417503e-05,2.220402378678277452e-05,2.423023194187435506e-03,-7.694804749854376909e-03
1.565000000000000002e-01,0.000000000000000000e+00,2.215755900017117933e-03,2.825846524203274451e-03,2.217794903708154679e-03,2.815924384264811842e-03,1.000000000000000000e+00,1.000000000000000000e+00,7.937832536554087970e-04,1.349028342385091795e-03,-8.532848773547493416e-04,3.970257378088107303e-03,4.708082371723074089e-02,-9.305303148991538736e-03,1.415067480337123262e-01,-2.410576835422121797e-02,7.942449783321433188e-04,1.346823302301720579e-03,-7.064743927966380017e-04,3.544923029737673432e-03,-2.961055415003417503e-05,2.220402378678277452e-05,1.963610039772678822e-03,-6.409493621941634092e-03
1.570000000000000007e-01,0.000000000000000000e+00,2.215388067488121854e-03,2.827364789933527189e-03,2.218082223374624046e-03,2.816197519608052216e-03,1.000000000000000000e+00,1.000000000000000000e+00,7.935014775905730507e-04,1.350546608115344317e-03,-5.635521296714482084e-04,3.036531460504931362e-03,4.638327148484244766e-02,-6.897674627176801285e-03,1.396482278444638458e-01,-1.753873680712006444e-02,7.939645209653542739e-04,1.348363755738722896e-03,-4.159075905007836608e-04,2.618627652300878784e-03,-2.961055415003417503e-05,2.220402378678277452e-05,1.572364723190756552e-03,-5.302698755039454356e-03
1.575000000000000011e-01,0.000000000000000000e+00,2.215172239454977175e-03,2.828496699812815124e-03,2.218373262723397771e-03,2.816472152489455510e-03,1.000000000000000000e+00,1.000000000000000000e+00,7.933361437251132539e-04,1.351678517994632685e-03,-3.306677309194879497e-04,2.263819758576703003e-03,4.579025826244020880e-02,-4.827278297123801208e-03,1.380636249230128010e-01,-1.188563760774750261e-02,7.938151847451270894e-04,1.349481145049676077e-03,-1.818851793867000042e-04,1.852372357751559846e-03,-2.961055415003417503e-05,2.220402378678277452e-05,1.240623671142594784e-03,-4.353034089865287504e-03
1.580000000000000016e-01,0.000000000000000000e+00,2.215076962495928295e-03,2.829311328406052505e-03,2.218668160829131292e-03,2.816748268876039050e-03,1.000000000000000000e+00,1.000000000000000000e+00,7.932631573400767289e-04,1.352493146587870065e-03,-1.459727700730041339e-04,1.629257186474732198e-03,5.543220454458588214e-02,-1.636511772227016923e-03,1.761134385129854707e-01,-1.534105624577144361e-03,7.692824378930677651e-04,1.346050980434691660e-03,-2.766300444742860343e-03,7.484017638171645663e-04,6.904641586149297926e-04,1.456690781633694577e-04,6.050530786129444671e-03,-2.987459652055736697e-03
1.585000000000000020e-01,0.000000000000000000e+00,2.215583914222125222e-03,2.829912000305130886e-03,2.218967059315406828e-03,2.817025854388227613e-03,1.000000000000000000e+00,1.000000000000000000e+00,7.936515048928591103e-04,1.353093818486948230e-03,7.766951055648458084e-04,1.201343798156179936e-03,6.254884301685068038e-02,2.871809523736541456e-03,1.960083592388673357e-01,1.306681952999668231e-02,7.681130365513504435e-04,1.346316252138606180e-03,-1.912914580747131742e-03,3.135178266544037026e-04,6.904641586149297926e-04,1.456690781633694577e-04,9.747358807002648104e-03,-1.013858121541325475e-03
1.590000000000000024e-01,0.000000000000000000e+00,2.217042583296681586e-03,2.830442043176379860e-03,2.219270102372776672e-03,2.817304894297623877e-03,1.000000000000000000e+00,1.000000000000000000e+00,7.947689102317726092e-04,1.353623861358196987e-03,2.234810677826975806e-03,1.060085742497328702e-03,5.891131115420240177e-02,3.324944031660607979e-03,1.765762605018509623e-01,1.091731419091141256e-02,7.675039520094634497e-04,1.346435511292260259e-03,-5.260882211637915671e-04,1.638044237717310638e-04,6.904641586149297926e-04,1.456690781633694577e-04,7.721500308552009528e-03,-8.067849563265919784e-04
1.595000000000000029e-01,0.000000000000000000e+00,2.219259494857657791e-03,2.830916380946212237e-03,2.219577436776807786e-03,2.817585373524774534e-03,1.000000000000000000e+00,1.000000000000000000e+00,7.964671630139446038e-04,1.354098199128029797e-03,3.396505564344043469e-03,9.486755396658139421e-04,5.584155322516591580e-02,3.709337197680412455e-03,1.683730715572542558e-01,1.197542956814727326e-02,7.675147534268653409e-04,1.346487395889152134e-03,5.671747526520522697e-04,4.396425178942756583e-05,6.904641586149297926e-04,1.456690781633694577e-04,6.017796296942934386e-03,-6.315613264478929078e-04
1.600000000000000033e-01,0.000000000000000000e+00,2.222071783676923644e-03,2.831347621806973216e-03,2.219889211906125523e-03,2.817867276636944196e-03,1.000000000000000000e+00,1.000000000000000000e+00,7.986215012363891011e-04,1.354529439988790560e-03,4.308676444889008444e-03,8.624817215213186148e-04,4.623793214808061963e-02,1.394783814879607068e-03,1.341781177206211317e-01,2.621279869853330655e-03,7.891595697612985771e-04,1.352007647377289918e-03,3.806193761699936881e-03,5.741204388504437357e-04,6.857691938654716089e-05,-1.670248801453601907e-05,1.101782989185251874e-03,-1.544147299356399316e-03
1.605000000000000038e-01,0.000000000000000000e+00,2.224991059482783664e-03,2.831663876467072419e-03,2.220205579760456925e-03,2.818150587845878914e-03,1.000000000000000000e+00,1.000000000000000000e+00,8.008577962453997806e-04,1.354845694648889763e-03,4.472590018021418805e-03,6.325093201986002308e-04,3.685207257032750011e-02,1.340127601335696717e-04,1.060114203712651526e-01,-3.981884350683500022e-04,7.911029575126790787e-04,1.352239013803047986e-03,3.966972215243525293e-03,3.517674380126557224e-04,6.857691938654716089e-05,-1.670248801453601907e-05,-3.870561744262017261e-03,-2.069302373367122670e-03
1.610000000000000042e-01,0.000000000000000000e+00,2.227545508841355382e-03,2.831827040633462175e-03,2.220526694978674880e-03,2.818435291005578786e-03,1.000000000000000000e+00,1.000000000000000000e+00,8.028146179817625527e-04,1.355008858815279736e-03,3.913643472725475587e-03,3.263283327797567913e-04,3.712095549005765827e-02,1.037946089319946499e-03,1.147728263791229220e-01,4.056972620410455484e-03,7.929467436783067553e-04,1.352340210216726674e-03,3.409183756361346476e-03,5.359225218950317850e-05,6.857691938654716089e-05,-1.670248801453601907e-05,-3.686900968258902643e-03,-1.657233111052210757e-03
1.615000000000000047e-01,0.000000000000000000e+00,2.229752555548445564e-03,2.831867128429285500e-03,2.220852714856842713e-03,2.818721369610066238e-03,1.000000000000000000e+00,1.000000000000000000e+00,8.045053138474329152e-04,1.355048946611103061e-03,3.381391731340718104e-03,8.017559164648715726e-05,3.796401809834161478e-02,1.874171154487269762e-03,1.175363781617844161e-01,6.427071858319200783e-03,7.945182917443935344e-04,1.352307251085190041e-03,2.877978587062565013e-03,-1.849652114161934866e-04,6.857691938654716089e-05,-1.670248801453601907e-05,-3.201709650478306267e-03,-1.278823709561268795e-03
1.620000000000000051e-01,0.000000000000000000e+00,2.231658227006011724e-03,2.831811702703154396e-03,2.221183799366257920e-03,2.819008806791152566e-03,1.000000000000000000e+00,1.000000000000000000e+00,8.059651428779119340e-04,1.354993520884971740e-03,2.919658060958049261e-03,-1.108514522625706823e-04,3.111868445413309286e-02,3.939719399332547445e-03,8.998789663857585663e-02,1.365295251255286245e-02,8.064331513861865272e-04,1.351375838051863077e-03,3.615178874500360288e-03,-4.584785233686216720e-04,-2.428584773171671126e-04,6.612140692353328349e-06,-6.675646276459711384e-03,-3.856274962816330166e-04
1.625000000000000056e-01,0.000000000000000000e+00,2.232922855301499795e-03,2.831726439215915929e-03,2.221520111171494585e-03,2.819297585316212287e-03,1.000000000000000000e+00,1.000000000000000000e+00,8.069339043562817225e-04,1.354908257397733056e-03,1.937522956739621020e-03,-1.705269744772702799e-04,3.313655470310319928e-02,4.252389034071890790e-03,1.031495431159745457e-01,1.307831394059867647e-02,8.080028743760107705e-04,1.351132713596878100e-03,2.665494240795557128e-03,-5.139026973784539213e-04,-2.428584773171671126e-04,6.612140692353328349e-06,-5.538812554702162404e-03,-2.465470040812430571e-04
1.630000000000000060e-01,0.000000000000000000e+00,2.233654847828046765e-03,2.831621467096068732e-03,2.221861815648449711e-03,2.819587687585952719e-03,1.000000000000000000e+00,1.000000000000000000e+00,8.074946431636475207e-04,1.354803285277886076e-03,1.121477614731530500e-03,-2.099442396939518556e-04,3.487105512038270183e-02,4.507319223808555105e-03,1.077322239506951496e-01,1.378451036813391900e-02,8.091389976709132672e-04,1.350866919123611901e-03,1.880477356809125838e-03,-5.491967516970822430e-04,-2.428584773171671126e-04,6.612140692353328349e-06,-4.564021433837076210e-03,-1.338674430238388031e-04
1.635000000000000064e-01,0.000000000000000000e+00,2.233947214777759829e-03,2.831504995275568003e-03,2.222209080897332399e-03,2.819879095632239503e-03,1.000000000000000000e+00,1.000000000000000000e+00,8.077186092408266457e-04,1.354686813457385347e-03,4.479321543582480327e-04,-2.329436410013874085e-04,3.635649331175712373e-02,4.713045456915671005e-03,1.116647875230078885e-01,1.435596604169824680e-02,8.099179845339640705e-04,1.350587563661823044e-03,1.236688312038770800e-03,-5.681777534819341859e-04,-2.428584773171671126e-04,6.612140692353328349e-06,-3.731409913950309298e-03,-4.362791327346128535e-05
1.640000000000000069e-01,0.000000000000000000e+00,2.233879456470339205e-03,2.831383600664312376e-03,2.222562077675543923e-03,2.820171791117276078e-03,1.000000000000000000e+00,1.000000000000000000e+00,8.076667033659521398e-04,1.354565418846129937e-03,-1.038117497491109799e-04,-2.427892225109383136e-04,3.297200155468580501e-02,1.602758908976985655e-02,9.696113534706578274e-02,5.811795565701754346e-02,8.174525800162319627e-04,1.338474420736297235e-03,1.510855050799970751e-03,-1.912202907783464067e-03,-4.500817594873238506e-04,3.543984085727398402e-04,-5.411675994087126323e-03,4.665587084997658771e-03
1.645000000000000073e-01,0.000000000000000000e+00,2.233286202576397622e-03,2.831610991118914400e-03,2.222920979183795435e-03,2.820465755335051748e-03,1.000000000000000000e+00,1.000000000000000000e+00,8.072122445171392522e-04,1.354792809300731527e-03,-9.089176976258287128e-04,4.547809092030785541e-04,3.467020135573560535e-02,1.479518939186740684e-02,1.060203961337159162e-01,4.397296064546837857e-02,8.180185597604207413e-04,1.337684968997556682e-03,7.545083276531292177e-04,-1.246863632425282246e-03,-4.500817594873238506e-04,3.543984085727398402e-04,-4.458732697210821168e-03,4.085108643335018559e-03
1.650000000000000078e-01,0.000000000000000000e+00,2.232258711821181844e-03,2.832144566480641022e-03,2.223285960810950958e-03,2.820760969213505307e-03,1.000000000000000000e+00,1.000000000000000000e+00,8.064251409337502841e-04,1.355326384662458583e-03,-1.574207166777870370e-03,1.067150723454228381e-03,3.631353584954474106e-02,1.303646699146919496e-02,1.106015236995184781e-01,3.845809270205067382e-02,8.182409931574728462e-04,1.337207113817619154e-03,1.364147123163037727e-04,-6.656653837641625555e-04,-4.500817594873238506e-04,3.543984085727398402e-04,-3.545175838253236157e-03,3.284469464985768569e-03
1.655000000000000082e-01,0.000000000000000000e+00,2.230884482220263539e-03,2.832925736975766898e-03,2.223657199877978729e-03,2.821057413316685643e-03,1.000000000000000000e+00,1.000000000000000000e+00,8.053724199843973570e-04,1.356107555157584025e-03,-2.105441898705926081e-03,1.562340990251033252e-03,3.769886182705368266e-02,1.154465563723054353e-02,1.142982645188740654e-01,3.437872202974530389e-02,8.181875757466308772e-04,1.336990818268221116e-03,-3.491413354751558167e-04,-2.004102983883028228e-04,-4.500817594873238506e-04,3.543984085727398402e-04,-2.777937100511543821e-03,2.607429193703206336e-03
1.660000000000000087e-01,0.000000000000000000e+00,2.229237107265422905e-03,2.833904908360027758e-03,2.224034875381903850e-03,2.821355067846910165e-03,1.000000000000000000e+00,1.000000000000000000e+00,8.041104575545081953e-04,1.357086726541844885e-03,-2.523924859778353853e-03,1.958342768521881619e-03,4.623157483458257416e-02,5.895181714660819444e-03,1.460328246750577652e-01,1.388189284693856253e-02,8.065155433208639384e-04,1.343648440426715085e-03,-2.013488495909348652e-03,9.209188845961725246e-04,-1.147583486379676043e-04,1.583909518778134752e-04,1.626184191366984895e-03,2.402123370501877374e-04
1.665000000000000091e-01,0.000000000000000000e+00,2.227747444998896646e-03,2.834903092584463262e-03,2.224419167739758764e-03,2.821653912646929739e-03,1.000000000000000000e+00,1.000000000000000000e+00,8.029693100531119310e-04,1.358084910766280606e-03,-2.282295002792545865e-03,1.996368448871308279e-03,4.786296347980003446e-02,4.273403329942359295e-03,1.452121502745168380e-01,1.242254192665237338e-02,8.055715314364824287e-04,1.344116390492822123e-03,-1.763008793282772740e-03,9.508057752596553967e-04,-1.147583486379676043e-04,1.583909518778134752e-04,2.468519902290690262e-03,-4.599988486091526572e-04
1.670000000000000095e-01,0.000000000000000000e+00,2.226495564203552144e-03,2.835869266606530232e-03,2.224810258532538068e-03,2.821953927202094925e-03,1.000000000000000000e+00,1.000000000000000000e+00,8.020103137263909221e-04,1.359051084788347576e-03,-1.917992653441935418e-03,1.932348044133729622e-03,4.714540878062974810e-02,4.288010104065232211e-03,1.412251479976364965e-01,1.383618430191485213e-02,8.047832695964117055e-04,1.344573924544486274e-03,-1.390730249193514959e-03,8.794514247080545931e-04,-1.147583486379676043e-04,1.583909518778134752e-04,2.060453626164436558e-03,-4.483730413704772595e-04
1.675000000000000100e-01,0.000000000000000000e+00,2.225442891891271126e-03,2.836804149636458668e-03,2.225208330249147694e-03,2.822255090642506598e-03,1.000000000000000000e+00,1.000000000000000000e+00,8.012039199511428308e-04,1.359985967818276228e-03,-1.612787550496254559e-03,1.869766059857200496e-03,4.652252998754444202e-02,4.314722459935084811e-03,1.395798252471028011e-01,1.390054217600411937e-02,8.041663937099132343e-04,1.344996190263107998e-03,-1.077357297487249602e-03,8.097306101322245160e-04,-1.147583486379676043e-04,1.583909518778134752e-04,1.706817053413557661e-03,-4.316259461625473332e-04
1.680000000000000104e-01,0.000000000000000000e+00,2.224556024344562753e-03,2.837708834429898859e-03,2.225613566030356250e-03,2.822557381745190424e-03,1.000000000000000000e+00,1.000000000000000000e+00,8.005245399952038744e-04,1.360890652611716420e-03,-1.358759911877817361e-03,1.809369586880241361e-03,4.094209902820598879e-02,-5.562259602625420872e-03,1.185732059264236055e-01,-2.450707918659282558e-02,8.117356929111617771e-04,1.357406776889572226e-03,9.484347886881086976e-05,2.102560699067760122e-03,-3.512389798078933219e-04,-1.951297153920693360e-04,-1.182952715869905157e-03,-4.511972828540980994e-03
1.685000000000000109e-01,0.000000000000000000e+00,2.223553550471453651e-03,2.838274863798390026e-03,2.226026149412748539e-03,2.822860778936248788e-03,1.000000000000000000e+00,1.000000000000000000e+00,7.997566004553367022e-04,1.361456681980207370e-03,-1.535879079734450790e-03,1.132058736981919091e-03,4.087333268312868390e-02,-4.601147082437459512e-03,1.229763966201225939e-01,-1.263414780012685028e-02,8.117468768349195762e-04,1.358295776442015098e-03,-4.982783529378919675e-05,1.454659539120699329e-03,-3.512389798078933219e-04,-1.951297153920693360e-04,-1.210042106618993947e-03,-4.049582784053280989e-03
1.690000000000000113e-01,0.000000000000000000e+00,2.222433482939893158e-03,2.838536151062773412e-03,2.226446264072679503e-03,2.823165260293033531e-03,1.000000000000000000e+00,1.000000000000000000e+00,7.988985789468670438e-04,1.361717969244590756e-03,-1.716043016939404735e-03,5.225745287668553214e-04,4.131740331302877212e-02,-2.896079864709714610e-03,1.246645745667419869e-01,-7.094830248233147466e-03,8.116848302669998081e-04,1.358877619086894901e-03,-1.980688024685193702e-04,8.738147221331717205e-04,-3.512389798078933219e-04,-1.951297153920693360e-04,-9.658645972263809601e-04,-3.272088977067360432e-03
1.695000000000000118e-01,0.000000000000000000e+00,2.221219564365995748e-03,2.838549502108272601e-03,2.226874093570220363e-03,2.823470803546296141e-03,1.000000000000000000e+00,1.000000000000000000e+00,7.979686633689338140e-04,1.361731320290090162e-03,-1.859831155866438837e-03,2.670209099899639987e-05,4.168842297317216367e-02,-1.446026837079437879e-03,1.256504688529813674e-01,-3.132124812621281482e-03,8.115575859446834753e-04,1.359197236668713412e-03,-3.106854285383326385e-04,4.055510157612283485e-04,-3.512389798078933219e-04,-1.951297153920693360e-04,-7.629596077460918530e-04,-2.612817394464663108e-03
1.700000000000000122e-01,0.000000000000000000e+00,2.219931612021977876e-03,2.838363119909274781e-03,2.227309821093115608e-03,2.823777386082358329e-03,1.000000000000000000e+00,1.000000000000000000e+00,7.969820346327969630e-04,1.361544938091092125e-03,-1.973257472273737441e-03,-3.727643979961917054e-04,4.085985762140263017e-02,-5.047268691019320477e-03,1.220559772239423607e-01,-1.852777612847542055e-02,8.137671579012342596e-04,1.365093459876758368e-03,-1.237454877661065054e-04,6.874638199530086220e-04,-4.213897376223740289e-04,-3.652895388125125976e-04,-1.178073394829442979e-03,-4.054409608936694609e-03
1.705000000000000127e-01,0.000000000000000000e+00,2.218529121052899809e-03,2.837866791010045311e-03,2.227753629200733033e-03,2.824084984945273054e-03,1.000000000000000000e+00,1.000000000000000000e+00,7.959076642194102625e-04,1.361048609191862655e-03,-2.148740826773294036e-03,-9.926577984588915403e-04,4.129212041568949831e-02,-3.163258637997490730e-03,1.243493796338464574e-01,-8.403281138009486076e-03,8.136705347965229916e-04,1.365292764035604036e-03,-2.624744246871935690e-04,1.108627292679476625e-04,-4.213897376223740289e-04,-3.652895388125125976e-04,-9.411855824695030586e-04,-3.200398485269034289e-03
1.710000000000000131e-01,0.000000000000000000e+00,2.217035238988960578e-03,2.837123060577722514e-03,2.228205699568015959e-03,2.824393576838981658e-03,1.000000000000000000e+00,1.000000000000000000e+00,7.947632841656546371e-04,1.360304878759539858e-03,-2.288760107511227278e-03,-1.487460864645501375e-03,4.165228552397534645e-02,-1.575063496264218332e-03,1.253051887438814405e-01,-4.056375149280413636e-03,8.135132185603107750e-04,1.365234759868181073e-03,-3.665828143210548770e-04,-3.419995654972183370e-04,-4.213897376223740289e-04,-3.652895388125125976e-04,-7.449869726251172721e-04,-2.483041745465898280e-03
1.715000000000000135e-01,0.000000000000000000e+00,2.215469242417391141e-03,2.836184528842759789e-03,2.228666212729432834e-03,2.824703138129482267e-03,1.000000000000000000e+00,1.000000000000000000e+00,7.935636611940604995e-04,1.359366347024577350e-03,-2.399245943188269177e-03,-1.877063469925230451e-03,4.195035569142056137e-02,-2.433826860158074966e-04,1.260969857531162308e-01,-4.079147019801150392e-04,8.133110441434838371e-04,1.364976366875528388e-03,-4.419611304464879137e-04,-6.908865017612139973e-04,-4.213897376223740289e-04,-3.652895388125125976e-04,-5.837514600746081597e-04,-1.883951139495483986e-03
1.720000000000000140e-01,0.000000000000000000e+00,2.213847080952845679e-03,2.835095189116695544e-03,2.229135347822933794e-03,2.825013644846986489e-03,1.000000000000000000e+00,1.000000000000000000e+00,7.923210134183037053e-04,1.358277007298512888e-03,-2.485295551513636188e-03,-2.178679452128896594e-03,5.163787676361421275e-02,-1.946186957078298047e-03,1.634201335021498447e-01,-8.287547083871962469e-03,7.986645682345276101e-04,1.368626255255058150e-03,-2.124235269656489337e-03,-4.934646721239209629e-04,2.406822166119710872e-06,-4.847010752434711012e-04,4.372914589901782251e-03,-2.540808558583863060e-03
1.725000000000000144e-01,0.000000000000000000e+00,2.212654943479731504e-03,2.833803697215032859e-03,2.229613282333900263e-03,2.825325072688087379e-03,1.000000000000000000e+00,1.000000000000000000e+00,7.914077831315906569e-04,1.356985515396850204e-03,-1.826460573426123878e-03,-2.582983803325265750e-03,5.251508282980454217e-02,-9.367529839965904864e-04,1.589049824884231910e-01,-3.087511034893205327e-03,7.977650504077331934e-04,1.368290923225944566e-03,-1.475060137388409503e-03,-8.471653045165011917e-04,2.406822166119710872e-06,-4.847010752434711012e-04,4.786330358944759431e-03,-2.080272372616508159e-03
1.730000000000000149e-01,0.000000000000000000e+00,2.211931913540178714e-03,2.832344100092989980e-03,2.230100191839093707e-03,2.825637397017914838e-03,1.000000000000000000e+00,1.000000000000000000e+00,7.908539100641875279e-04,1.355525918274807541e-03,-1.107746134806332928e-03,-2.919194244085425438e-03,5.076121470954984838e-02,3.016170513076808779e-04,1.517242717939631669e-01,7.155898616637548695e-04,7.972050530994690982e-04,1.367795501214113391e-03,-7.662815370207179920e-04,-1.133948238744134128e-03,2.406822166119710872e-06,-4.847010752434711012e-04,3.804996768475913706e-03,-1.526325367071303292e-03
1.735000000000000153e-01,0.000000000000000000e+00,2.211584748290289053e-03,2.830757223282024532e-03,2.230596249750612173e-03,2.825950592872302283e-03,1.000000000000000000e+00,1.000000000000000000e+00,7.905879660536652706e-04,1.353939041463842093e-03,-5.318880210446000909e-04,-3.173753621930819422e-03,4.927402369082801298e-02,1.325686354295065690e-03,1.477498455514608122e-01,3.526101525488137614e-03,7.969638918115420738e-04,1.367176826549222190e-03,-1.994530076152449581e-04,-1.340327081075798950e-03,2.406822166119710872e-06,-4.847010752434711012e-04,2.975288996174065091e-03,-1.070723292424308930e-03
1.740000000000000158e-01,0.000000000000000000e+00,2.211534607210690392e-03,2.829076734043709310e-03,2.231101627059839908e-03,2.826264634959948542e-03,1.000000000000000000e+00,1.000000000000000000e+00,7.905495557582669719e-04,1.352258552225526437e-03,-7.682059079653220631e-05,-3.360978476631198628e-03,5.124887700146177338e-02,1.349716168569698588e-02,1.569293822551054984e-01,4.984125030700956027e-02,7.911638096437281472e-04,1.341489327267177730e-03,-4.102184929712762761e-04,-4.306890186342415307e-03,1.733150447553996663e-04,2.498935834902226653e-04,3.913769052330770028e-03,3.840412542003008092e-03
1.745000000000000162e-01,0.000000000000000000e+00,2.211876983812900710e-03,2.827684331727455414e-03,2.231616492081401736e-03,2.826579497664578888e-03,1.000000000000000000e+00,1.000000000000000000e+00,7.908118314518443196e-04,1.350866149909272758e-03,5.245513871546658019e-04,-2.784804632507411129e-03,5.166376708908408666e-02,2.520826591834420330e-02,1.571724052690624540e-01,8.518069053708875182e-02,7.911031221614113354e-04,1.339473710097162807e-03,1.663534679000429816e-04,-3.756568838034079691e-03,1.733150447553996663e-04,2.498935834902226653e-04,4.088622493420878030e-03,8.837354234092174854e-03
1.750000000000000167e-01,0.000000000000000000e+00,2.212628061418942752e-03,2.826942855726260074e-03,2.232141010197108335e-03,2.826895155047103904e-03,1.000000000000000000e+00,1.000000000000000000e+00,7.913871902783036968e-04,1.350124673908077418e-03,1.150717652918749768e-03,-1.482952002390491722e-03,4.989358496136882259e-02,2.197948553097198165e-02,1.502741225962613836e-01,6.320378662296767536e-02,7.913369798363194089e-04,1.337914075322044986e-03,7.679025994224046104e-04,-2.484376814949812440e-03,1.733150447553996663e-04,2.498935834902226653e-04,3.107067693638501920e-03,7.350823682027937851e-03
1.755000000000000171e-01,0.000000000000000000e+00,2.213694315120052873e-03,2.826743905435479681e-03,2.232675343599916686e-03,2.827211580847787016e-03,1.000000000000000000e+00,1.000000000000000000e+00,7.922039880009943899e-04,1.349925723617297242e-03,1.633595445381488256e-03,-3.979005815604849585e-04,4.840230307989897007e-02,1.883814513271930141e-02,1.462486325113346863e-01,5.422681707205011942e-02,7.918360136390906970e-04,1.336936666338090765e-03,1.227323401085407941e-03,-1.427270842024034713e-03,1.733150447553996663e-04,2.498935834902226653e-04,2.283673497310412855e-03,5.918115352280659339e-03
1.759999999999999898e-01,0.000000000000000000e+00,2.214997244880710994e-03,2.826983012158314646e-03,2.233219651037876650e-03,2.827528748488405963e-03,1.000000000000000000e+00,1.000000000000000000e+00,7.932020901039207568e-04,1.350164830340131990e-03,1.996204205852703927e-03,4.782134456694765940e-04,5.289394369573863219e-02,1.184203811887085851e-02,1.651571809734259932e-01,3.011474164128349895e-02,7.861647486908696124e-04,1.341706493769074908e-03,8.468046701832727475e-04,1.884027298213559673e-05,3.606271561833966481e-04,9.491310902719302610e-05,4.554290509919758229e-03,2.915459770337975286e-03
1.764999999999999902e-01,0.000000000000000000e+00,2.216758985420310551e-03,2.827436391286805052e-03,2.233774087558083182e-03,2.827846631074409055e-03,1.000000000000000000e+00,1.000000000000000000e+00,7.945516616544981208e-04,1.350618209468622396e-03,2.699143101154808690e-03,9.067582569809073869e-04,5.079835423383372017e-02,1.034347146337135162e-02,1.535555102114661841e-01,3.045142094034179389e-02,7.867538692428992925e-04,1.341821007180856807e-03,1.508373163227902901e-03,4.383959529621495196e-04,3.606271561833966481e-04,9.491310902719302610e-05,3.396735288735117098e-03,2.237656579417193238e-03
1.769999999999999907e-01,0.000000000000000000e+00,2.218869011431690713e-03,2.828054662075247042e-03,2.234338804250630712e-03,2.828165201397084445e-03,1.000000000000000000e+00,1.000000000000000000e+00,7.961680353553525274e-04,1.351236480257064169e-03,3.232747401708726837e-03,1.236541576883641840e-03,4.905390430271246160e-02,9.088567165133305120e-03,1.488513774350145036e-01,2.699889563810193432e-02,7.876317609036118279e-04,1.342120744925723351e-03,2.002203266951047781e-03,7.599205885005506748e-04,3.606271561833966481e-04,9.491310902719302610e-05,2.437470946330766094e-03,1.672163946370900647e-03
1.774999999999999911e-01,0.000000000000000000e+00,2.221235635647334904e-03,2.828796614962548073e-03,2.234913947992563620e-03,2.828484431935718996e-03,1.000000000000000000e+00,1.000000000000000000e+00,7.979809746846976441e-04,1.351978433144365417e-03,3.625878658690314012e-03,1.483905774602399356e-03,4.761172538479129662e-02,8.044116774015121554e-03,1.449472248476760261e-01,2.412025096578236660e-02,7.887217376302467454e-04,1.342560758905831861e-03,2.356974905638254889e-03,9.996541029620442664e-04,3.606271561833966481e-04,9.491310902719302610e-05,1.648528279640581974e-03,1.203475725122916864e-03
1.779999999999999916e-01,0.000000000000000000e+00,2.223783351838674524e-03,2.829628083298038436e-03,2.235499661191827150e-03,2.828804294859760607e-03,1.000000000000000000e+00,1.000000000000000000e+00,7.999326385157175647e-04,1.352809901479855564e-03,3.903327662039876318e-03,1.662936670980467426e-03,5.101304091208043456e-02,4.622318008864938557e-03,1.595344308686672263e-01,1.179974849183389705e-02,7.851688582826037762e-04,1.346506641875605970e-03,2.055226922469291333e-03,1.556590718195278479e-03,5.015222291741045120e-04,-5.150601195992606218e-06,3.369050231886516669e-03,-2.352578595698972489e-04
1.784999999999999920e-01,0.000000000000000000e+00,2.226680173842626037e-03,2.830440983379528888e-03,2.236096081531220060e-03,2.829124762030978818e-03,1.000000000000000000e+00,1.000000000000000000e+00,8.021517329145493340e-04,1.353622801561346449e-03,4.438188797663624417e-03,1.625800162981970096e-03,4.918426353578728150e-02,4.351904246398087886e-03,1.498109729631167675e-01,1.365463585447876035e-02,7.863176815507025123e-04,1.347276524715758589e-03,2.539085024178753137e-03,1.522976691578202361e-03,5.015222291741045120e-04,-5.150601195992606218e-06,2.366433996776366993e-03,-3.502342958678653041e-04
1.789999999999999925e-01,0.000000000000000000e+00,2.229830090785390843e-03,2.831226987155720069e-03,2.236703341712348130e-03,2.829445805005630608e-03,1.000000000000000000e+00,1.000000000000000000e+00,8.045647092848409471e-04,1.354408805337537630e-03,4.825952740583143961e-03,1.572007552382574192e-03,4.767831562778095111e-02,4.148953048530410956e-03,1.457283157927753148e-01,1.307414926467325572e-02,7.876720056065357467e-04,1.348025445194516760e-03,2.877504166270090057e-03,1.472774213010332074e-03,5.015222291741045120e-04,-5.150601195992606218e-06,1.545499579037175070e-03,-4.348405675135676380e-04
1.794999999999999929e-01,0.000000000000000000e+00,2.233154353497431195e-03,2.831979975009579677e-03,2.237321569199572906e-03,2.829767395036617093e-03,1.000000000000000000e+00,1.000000000000000000e+00,8.071112422628671070e-04,1.355161793191397021e-03,5.093065956052402962e-03,1.505975707718728998e-03,4.644873232997533824e-02,4.002001587212313319e-03,1.423796624916751352e-01,1.264829279059267661e-02,7.891656928845597156e-04,1.348746208650457431e-03,3.096763576376298024e-03,1.410373304786012539e-03,5.015222291741045120e-04,-5.150601195992606218e-06,8.797217158691687149e-04,-4.943451897904193671e-04
1.799999999999999933e-01,0.000000000000000000e+00,2.236588954800535801e-03,2.832695652501176879e-03,2.237950885963965655e-03,2.830089503075651925e-03,1.000000000000000000e+00,1.000000000000000000e+00,8.097422995054393436e-04,1.355877470682994006e-03,5.262114485144376089e-03,1.431354983194180717e-03,3.688771644153668317e-02,1.727134747095878395e-03,1.063868454701814292e-01,3.906837209608575098e-03,8.048269716656219000e-04,1.352732328639047986e-03,4.812495313543468066e-03,1.712601305534360409e-03,8.743961547072223966e-05,-1.021480326778163297e-04,-4.033384865308404024e-03,-1.422452792382713528e-03
1.804999999999999938e-01,0.000000000000000000e+00,2.239653208405777314e-03,2.833303271211983984e-03,2.238591408227259133e-03,2.830412099775417127e-03,1.000000000000000000e+00,1.000000000000000000e+00,8.120896539520417118e-04,1.356485089393801111e-03,4.694708893204755512e-03,1.215237421614164459e-03,3.633213498661986424e-02,1.736097665926057600e-03,1.120913686629619044e-01,5.790664084399163060e-03,8.070902866582525814e-04,1.353537853665694700e-03,4.241785153886180361e-03,1.509861267360980940e-03,8.743961547072223966e-05,-1.021480326778163297e-04,-4.284424290702493546e-03,-1.404272634888187841e-03
1.809999999999999942e-01,0.000000000000000000e+00,2.242323238243346117e-03,2.833804298889101500e-03,2.239243246205799807e-03,2.830735155491731058e-03,1.000000000000000000e+00,1.000000000000000000e+00,8.141350154720731775e-04,1.356986117070918844e-03,4.090723040063026783e-03,1.002055354235269766e-03,3.722418091421018926e-02,2.070534016801783665e-03,1.157110847363010397e-01,6.990166823066396203e-03,8.090591566256502684e-04,1.354242691700982158e-03,3.634796646872582443e-03,1.309851853211752883e-03,8.743961547072223966e-05,-1.021480326778163297e-04,-3.767631239604595731e-03,-1.246167817244695159e-03
1.814999999999999947e-01,0.000000000000000000e+00,2.244648017757567681e-03,2.834210370992120039e-03,2.239906503854497462e-03,2.831058640285705977e-03,1.000000000000000000e+00,1.000000000000000000e+00,8.159158999004195462e-04,1.357392189173937599e-03,3.561768856692637715e-03,8.121442060375777278e-04,3.802375490442909400e-02,2.373443570313320695e-03,1.177755134028111716e-01,7.799394551792134846e-03,8.107432363183433117e-04,1.354853272451781235e-03,3.102490084813940875e-03,1.132791217011352861e-03,8.743961547072223966e-05,-1.021480326778163297e-04,-3.305177821414527397e-03,-1.103295240673160234e-03
1.819999999999999951e-01,0.000000000000000000e+00,2.246671357164117290e-03,2.834532013077646021e-03,2.240581278610780450e-03,2.831382523925911679e-03,1.000000000000000000e+00,1.000000000000000000e+00,8.174658678093508221e-04,1.357713831259463365e-03,3.099935817862540122e-03,6.432841710514521257e-04,4.613969334337151423e-02,-4.633689022131510897e-03,1.483686027426225351e-01,-1.974513176744189039e-02,7.951938051411745713e-04,1.369631031017562927e-03,7.155089342821984886e-04,2.588707336486442429e-03,5.868519316026724964e-04,-5.211802175712571200e-04,8.306614336798111460e-04,-3.913069903527943358e-03
1.824999999999999956e-01,0.000000000000000000e+00,2.248803146646487228e-03,2.834551162005877287e-03,2.241267661138545732e-03,2.831706775890539124e-03,1.000000000000000000e+00,1.000000000000000000e+00,8.190989132962194505e-04,1.357732980187694631e-03,3.266090973737235514e-03,3.829785646235108875e-05,5.229467033335340187e-02,-8.850389935709348718e-03,1.654319346295751170e-01,-3.039984103617295388e-02,7.955798510270748001e-04,1.370787258223216945e-03,8.284411591459180883e-04,2.037226554348881089e-03,5.868519316026724964e-04,-5.211802175712571200e-04,4.075292243547751735e-03,-5.686778923118961451e-03
1.829999999999999960e-01,0.000000000000000000e+00,2.251350252324128658e-03,2.834139539686365318e-03,2.241965735072109361e-03,2.832031365369558872e-03,1.000000000000000000e+00,1.000000000000000000e+00,8.210501094466135909e-04,1.357321357868182662e-03,3.902392300788329327e-03,-8.232446390239983158e-04,5.043374387500920708e-02,-6.482526906285425786e-03,1.532864996672193003e-01,-1.797475842371878962e-02,7.961396676843682588e-04,1.371603640527233568e-03,1.409677884692410281e-03,1.229836521824405728e-03,5.868519316026724964e-04,-5.211802175712571200e-04,3.049118292461284758e-03,-4.607694008399749498e-03
1.834999999999999964e-01,0.000000000000000000e+00,2.254214322390603840e-03,2.833376209478082313e-03,2.242675576760161729e-03,2.832356261266888615e-03,1.000000000000000000e+00,1.000000000000000000e+00,8.232441144057401922e-04,1.356558027659899657e-03,4.388009918253105504e-03,-1.526660416566128376e-03,4.888577766735581476e-02,-4.468680069263151686e-03,1.491197786510860546e-01,-1.247752994201163645e-02,7.969528102614118620e-04,1.372055487798206188e-03,1.842023813282947422e-03,5.787971924991338561e-04,5.868519316026724964e-04,-5.211802175712571200e-04,2.199606089581209855e-03,-3.692715551806599172e-03
1.839999999999999969e-01,0.000000000000000000e+00,2.257313792267841551e-03,2.832328290471638338e-03,2.243397255009716741e-03,2.832681432202548144e-03,1.000000000000000000e+00,1.000000000000000000e+00,8.256184460818128410e-04,1.355510108653455465e-03,4.748663352145383355e-03,-2.095838012888243031e-03,3.918487967528475752e-02,-2.711633797171435385e-03,1.129566845331744368e-01,-7.617686265082754607e-03,8.177593604529248203e-04,1.371691594648934663e-03,4.392027910922609649e-03,1.154444576502845592e-06,4.399733269645400854e-06,-5.057887302508275434e-04,-2.737723402313230973e-03,-2.903553028324019902e-03
1.844999999999999973e-01,0.000000000000000000e+00,2.260159551265459796e-03,2.831054127247922218e-03,2.244130830830064465e-03,2.833006846514828612e-03,1.000000000000000000e+00,1.000000000000000000e+00,8.277984239483944344e-04,1.354235945429739562e-03,4.359955733163080153e-03,-2.548326447431892815e-03,3.376794153083935435e-02,-1.625461211693521248e-04,9.999513188300661326e-02,5.875821238533068553e-04,8.198598498402995174e-04,1.371590809747308274e-03,4.010589482534218479e-03,-4.035060154569368191e-04,4.399733269645400854e-06,-5.057887302508275434e-04,-5.571694134484492418e-03,-1.777015253115355777e-03
1.849999999999999978e-01,0.000000000000000000e+00,2.262482834314394169e-03,2.829636166921685632e-03,2.244876357176724211e-03,2.833332472262449671e-03,1.000000000000000000e+00,1.000000000000000000e+00,8.295781620178228552e-04,1.352817985103502759e-03,3.559476138856775690e-03,-2.835920652473445085e-03,3.524173041593758882e-02,8.031219796499125801e-04,1.099203189252144358e-01,2.038168425667007209e-03,8.216670628665192740e-04,1.371328557526880782e-03,3.219727008080984151e-03,-6.450248950042306766e-04,4.399733269645400854e-06,-5.057887302508275434e-04,-4.733626550588288830e-03,-1.344174324614635582e-03
1.854999999999999982e-01,0.000000000000000000e+00,2.264363291222781273e-03,2.828106424333377833e-03,2.245633878695394575e-03,2.833658277226722665e-03,1.000000000000000000e+00,1.000000000000000000e+00,8.310186755830174712e-04,1.351288242515195394e-03,2.881027130389185106e-03,-3.059485176614861000e-03,3.652561011376401212e-02,1.605507470416390027e-03,1.132900672988234880e-01,4.233860234748723812e-03,8.231092121615848868e-04,1.370961294867494755e-03,2.550113375191863374e-03,-8.236656598717916576e-04,4.399733269645400854e-06,-5.057887302508275434e-04,-4.004924348586112216e-03,-9.863678986702464381e-04
1.859999999999999987e-01,0.000000000000000000e+00,2.265870181253040912e-03,2.826491451321462393e-03,2.246403431465906955e-03,2.833984228913715570e-03,1.000000000000000000e+00,1.000000000000000000e+00,8.321730203170893360e-04,1.349673269503279521e-03,2.308689468143687931e-03,-3.229946023831703136e-03,4.042393393801564649e-02,1.240770666100194514e-02,1.270315839835713945e-01,4.542765795974660487e-02,8.221306764170463076e-04,1.360493409725323927e-03,1.746956488494711725e-03,-2.084386052577773870e-03,6.651082748912190022e-05,-2.110261476002922674e-04,-1.927672058404233772e-03,3.535460926183410599e-03
1.864999999999999991e-01,0.000000000000000000e+00,2.267202986243744937e-03,2.825130045520989237e-03,2.247185042746175157e-03,2.834310294556410120e-03,1.000000000000000000e+00,1.000000000000000000e+00,8.331940081739796057e-04,1.348311863702806365e-03,2.041975713780533070e-03,-2.722811600946437906e-03,4.083831051239470572e-02,1.108471496131172018e-02,1.251721858230076256e-01,3.128630186912677302e-02,8.229375043060933436e-04,1.359581238968161129e-03,1.480840306936447807e-03,-1.565268547728528850e-03,6.651082748912190022e-05,-2.110261476002922674e-04,-1.688851905821878770e-03,2.925805090682924783e-03
1.869999999999999996e-01,0.000000000000000000e+00,2.268384339906324466e-03,2.823978062623389539e-03,2.247978730716149350e-03,2.834636441116868480e-03,1.000000000000000000e+00,1.000000000000000000e+00,8.340989775825567026e-04,1.347159880805206883e-03,1.809938817154246697e-03,-2.303965795199052272e-03,4.120696073226026712e-02,9.944827840088751869e-03,1.261276224436637117e-01,2.816888592206240327e-02,8.236199226024407778e-04,1.358906575363078365e-03,1.249255897080125792e-03,-1.134195790199626821e-03,6.651082748912190022e-05,-2.110261476002922674e-04,-1.476737901923264474e-03,2.401558451911026213e-03
1.875000000000000000e-01,0.000000000000000000e+00,2.269434339016042097e-03,2.822997570829694110e-03,2.248784504221769572e-03,2.834962635288392537e-03,1.000000000000000000e+00,1.000000000000000000e+00,8.349033235658357040e-04,1.346179389011511237e-03,1.608691966558066207e-03,-1.960983587391098779e-03,4.153402723926115370e-02,8.966180852992552269e-03,1.269768570578422850e-01,2.548873613320176007e-02,8.241942298221669296e-04,1.358428489294581263e-03,1.048340649591014044e-03,-7.788191320947502163e-04,6.651082748912190022e-05,-2.110261476002922674e-04,-1.288860471061747731e-03,1.952397369063727309e-03
1.880000000000000004e-01,0.000000000000000000e+00,2.270370778182217303e-03,2.822156099537719356e-03,2.249602362518911443e-03,2.835288843497686673e-03,1.000000000000000000e+00,1.000000000000000000e+00,8.356206775854030681e-04,1.345337917719536701e-03,1.434708039134798951e-03,-1.682942583948913735e-03,3.709172565685830980e-02,1.224819222603969020e-02,1.093533819637987625e-01,3.918996263084164461e-02,8.324631961109016896e-04,1.354450566809391838e-03,1.755720592521062707e-03,-9.025026248319674297e-04,-1.625022639947006358e-04,-1.033671349241052016e-04,-3.538776496101599459e-03,3.293305131242121181e-03
1.885000000000000009e-01,0.000000000000000000e+00,2.270972309142457735e-03,2.821554707124232855e-03,2.250432295017345749e-03,2.835615031907020092e-03,1.000000000000000000e+00,1.000000000000000000e+00,8.360814770348594426e-04,1.344736525306050416e-03,9.215988989128226852e-04,-1.202784826972534650e-03,3.815540585203495288e-02,1.076220376890459421e-02,1.170055980337771639e-01,3.082366664345042098e-02,8.332183902793675705e-04,1.354119865420784930e-03,1.265976659635358742e-03,-4.212231457561759840e-04,-1.625022639947006358e-04,-1.033671349241052016e-04,-2.940723062260022346e-03,2.616186543099554857e-03
1.890000000000000013e-01,0.000000000000000000e+00,2.271296049137734585e-03,2.821144225482391694e-03,2.251274281024683716e-03,2.835941166416390026e-03,1.000000000000000000e+00,1.000000000000000000e+00,8.363294762592565551e-04,1.344326043664208822e-03,4.959984487942336456e-04,-8.209632836829723699e-04,3.906780367082643424e-02,9.503780738917031595e-03,1.194162599069528846e-01,2.736911833971947261e-02,8.337504252299705572e-04,1.354005291893249077e-03,8.629241475230317072e-04,-3.780968505225741020e-05,-1.625022639947006358e-04,-1.033671349241052016e-04,-2.429090403503796850e-03,2.044406692872999774e-03
1.895000000000000018e-01,0.000000000000000000e+00,2.271390903391009436e-03,2.820883149156901831e-03,2.252128289490333991e-03,2.836267212665681027e-03,1.000000000000000000e+00,1.000000000000000000e+00,8.364021388328839700e-04,1.344064967338719175e-03,1.453251472547708993e-04,-5.221526509792762463e-04,3.984744836064105927e-02,8.443265262784866929e-03,1.214800665375627559e-01,2.445321169181500012e-02,8.340995156082151247e-04,1.354061727836761717e-03,5.340615047662397195e-04,2.629684221520054441e-04,-1.625022639947006358e-04,-1.033671349241052016e-04,-1.993161572347428804e-03,1.564067064721519741e-03
1.900000000000000022e-01,0.000000000000000000e+00,2.271298583380187627e-03,2.820736623990079996e-03,2.252994278749451823e-03,2.836593136036829037e-03,1.000000000000000000e+00,1.000000000000000000e+00,8.363314176016051508e-04,1.343918442171897123e-03,-1.414424625576957378e-04,-2.930503336441513096e-04,3.489031395560817511e-02,1.925397157145624510e-02,1.014112464913312917e-01,6.744217285749075363e-02,8.482251223955040824e-04,1.333902151552806203e-03,1.843855379557850791e-03,-1.807855114897508747e-03,-5.719660399710106919e-04,4.949897398537326815e-04,-4.441495180057060572e-03,5.923615498373740844e-03
1.905000000000000027e-01,0.000000000000000000e+00,2.270772919954688277e-03,2.821041223984886888e-03,2.253872196266889540e-03,2.836918901655983288e-03,1.000000000000000000e+00,1.000000000000000000e+00,8.359287360555505992e-04,1.344223042166704015e-03,-8.053630921092071095e-04,6.091999896137383335e-04,3.252013267022954568e-02,2.489157879184081268e-02,9.608735971321719083e-02,8.049608385725172399e-02,8.489959782671115899e-04,1.333209964910676230e-03,1.240707868011377800e-03,-9.625035760910474487e-04,-5.719660399710106919e-04,4.949897398537326815e-04,-5.650503711990978624e-03,8.284341395254279580e-03
1.910000000000000031e-01,0.000000000000000000e+00,2.269700263769757701e-03,2.821967872774494047e-03,2.254761978381154396e-03,2.837244474395668632e-03,1.000000000000000000e+00,1.000000000000000000e+00,8.351070337457073721e-04,1.345149690956311608e-03,-1.643404619686513260e-03,1.853297579215206024e-03,3.452702376850225879e-02,2.090641039050854244e-02,1.054622027433971543e-01,6.074149057079509390e-02,8.494216622349508479e-04,1.333025797848450336e-03,4.635181004755411930e-04,2.235437421655953483e-04,-5.719660399710106919e-04,4.949897398537326815e-04,-4.533522500616604493e-03,6.478609139676102906e-03
1.915000000000000036e-01,0.000000000000000000e+00,2.268187643528546925e-03,2.823384675460333896e-03,2.255663550048351684e-03,2.837569818876946141e-03,1.000000000000000000e+00,1.000000000000000000e+00,8.339482994153783876e-04,1.346566493642151240e-03,-2.317468660657987997e-03,2.833605371679229819e-03,3.622273543495324599e-02,1.755414631828994612e-02,1.099785940882679058e-01,5.154601648733755231e-02,8.494993475495843599e-04,1.333369182133179029e-03,-1.515877103792587373e-04,1.148188470140890051e-03,-5.719660399710106919e-04,4.949897398537326815e-04,-3.593163124219459284e-03,4.965045434129854857e-03
1.920000000000000040e-01,0.000000000000000000e+00,2.266325302976748314e-03,2.825180996704719678e-03,2.256576824586145179e-03,2.837894899471576741e-03,1.000000000000000000e+00,1.000000000000000000e+00,8.325216637844782500e-04,1.348362814886536806e-03,-2.853271261800372285e-03,3.592642488771239685e-03,4.268737747630416829e-02,8.437943762687482446e-03,1.333545485855948121e-01,1.932991604514219114e-02,8.360034575615380142e-04,1.350990428891975801e-03,-2.134882061382795387e-03,3.762318557882400605e-03,-1.808769659852578558e-04,-1.080358550006978971e-06,-2.831952713498509834e-04,1.217497860986885630e-03
1.925000000000000044e-01,0.000000000000000000e+00,2.264441403065060344e-03,2.827067292300386534e-03,2.257501703417703291e-03,2.838219680304183978e-03,1.000000000000000000e+00,1.000000000000000000e+00,8.310785127257372612e-04,1.350249110482203878e-03,-2.886302117482010543e-03,3.772591191334002947e-03,4.862345226792241099e-02,-5.767291586604953325e-04,1.508721947058385138e-01,-7.820480590114378683e-03,8.349320811659669949e-04,1.352915765018079591e-03,-2.150552663424429994e-03,3.938611533189638123e-03,-1.808769659852578558e-04,-1.080358550006978971e-06,2.853326354061347294e-03,-2.676373232581556131e-03
1.930000000000000049e-01,0.000000000000000000e+00,2.262833809757309501e-03,2.828760547948412814e-03,2.258438075815653000e-03,2.838544125254411580e-03,1.000000000000000000e+00,1.000000000000000000e+00,8.298470248055394433e-04,1.351942366130230158e-03,-2.462975840395593887e-03,3.386511296052414390e-03,4.881561664262196176e-02,-1.743674503397496826e-03,1.467746630793368146e-01,-4.823072583569888022e-03,8.339664456401556410e-04,1.354788295420442448e-03,-1.712801304435305864e-03,3.552188195637075944e-03,-1.808769659852578558e-04,-1.080358550006978971e-06,2.920258832701897681e-03,-3.150232062931725575e-03
1.935000000000000053e-01,0.000000000000000000e+00,2.261509120018052009e-03,2.830226343373099841e-03,2.259385818646033380e-03,2.838868197959092728e-03,1.000000000000000000e+00,1.000000000000000000e+00,8.288322535919244189e-04,1.353408161554916968e-03,-2.029542427230142387e-03,2.931590849373572755e-03,4.787053517034405015e-02,-1.016062541245177885e-03,1.431691409021988437e-01,-1.196747456157580200e-03,8.332221418823906010e-04,1.356450465202216089e-03,-1.265252941987852001e-03,3.097309665808446483e-03,-1.808769659852578558e-04,-1.080358550006978971e-06,2.385504592763956506e-03,-2.803512858469063389e-03
1.940000000000000058e-01,0.000000000000000000e+00,2.260416845180252508e-03,2.831489898843204695e-03,2.260344796112243038e-03,2.839191861814405454e-03,1.000000000000000000e+00,1.000000000000000000e+00,8.279955225220694392e-04,1.354671717025022039e-03,-1.673462139709969414e-03,2.527110940209997478e-03,5.108051086712229322e-02,1.045271483854845820e-02,1.566304208566282052e-01,4.254900020981582098e-02,8.270122647563859933e-04,1.340671341052132159e-03,-1.536336160407747540e-03,7.436487260572574674e-04,-1.415156461177396938e-05,5.054571881683734159e-04,3.995843076111826701e-03,1.930070347628499647e-03
1.945000000000000062e-01,0.000000000000000000e+00,2.259715228710464444e-03,2.832911880172817032e-03,2.261314859498996226e-03,2.839515079978040604e-03,1.000000000000000000e+00,1.000000000000000000e+00,8.274580531241877658e-04,1.356093698354634593e-03,-1.074938795763424881e-03,2.843962659225009008e-03,5.136493000488356192e-02,1.544214038786843532e-02,1.553108596739974645e-01,5.227206236486421631e-02,8.263933329747630242e-04,1.341109723659588684e-03,-9.405222560992511317e-04,1.009350210846723115e-03,-1.415156461177396938e-05,5.054571881683734159e-04,4.099539916915965164e-03,4.056367448227768228e-03
1.950000000000000067e-01,0.000000000000000000e+00,2.259414057220233280e-03,2.834646228832070607e-03,2.262295846916274195e-03,2.839837815371355507e-03,1.000000000000000000e+00,1.000000000000000000e+00,8.272273423776702007e-04,1.357828047013887951e-03,-4.614214930352036458e-04,3.468697318506613631e-03,4.978694645963965826e-02,1.314583254320238204e-02,1.492637089625364621e-01,3.936338752967308979e-02,8.260760489458038140e-04,1.341757830703584108e-03,-3.297854695865162387e-04,1.581943793548063783e-03,-1.415156461177396938e-05,5.054571881683734159e-04,3.218041916154551138e-03,3.024459574747647653e-03
1.955000000000000071e-01,0.000000000000000000e+00,2.259429650386420366e-03,2.836617344753785460e-03,2.263287583043273928e-03,2.840160030681546707e-03,1.000000000000000000e+00,1.000000000000000000e+00,8.272392874359785686e-04,1.359799162935602804e-03,2.389011661678880653e-05,3.942231843429687237e-03,4.845361083146018655e-02,1.123806757392329173e-02,1.456888414703049195e-01,3.411819619116492758e-02,8.260322132450553844e-04,1.342654787875565770e-03,1.535077070617218813e-04,2.005031059939852995e-03,-1.415156461177396938e-05,5.054571881683734159e-04,2.475456754078413438e-03,2.171143873852927897e-03
1.960000000000000075e-01,0.000000000000000000e+00,2.259691522040342682e-03,2.838762624033258977e-03,2.264289878872363833e-03,2.840481688363803627e-03,1.000000000000000000e+00,1.000000000000000000e+00,8.274398927612760558e-04,1.361944442215076538e-03,4.012106505948894201e-04,4.290558558947624168e-03,4.832216583452762781e-02,1.104281105604269959e-02,1.465158325922729377e-01,3.513827425425793821e-02,8.267696848679056444e-04,1.342942965090447626e-03,5.935424915951701330e-04,2.215136782194264582e-03,-3.081078697041404475e-05,5.286676675596186118e-04,2.389528109734795173e-03,2.055344286969222438e-03
1.965000000000000080e-01,0.000000000000000000e+00,2.260190193299160127e-03,2.841073695544252785e-03,2.265302531453033778e-03,2.840802750643476975e-03,1.000000000000000000e+00,1.000000000000000000e+00,8.278218971080362554e-04,1.364255513726070346e-03,7.640086935204300428e-04,4.622143021987525947e-03,4.714900859769595443e-02,9.480361689887943297e-03,1.422634915336946360e-01,2.937953883183413648e-02,8.271573947980197109e-04,1.344121034470471820e-03,9.565790168073894009e-04,2.496550840939709085e-03,-3.081078697041404475e-05,5.286676675596186118e-04,1.740318464589684895e-03,1.361420521585981992e-03
1.970000000000000084e-01,0.000000000000000000e+00,2.260864078107442839e-03,2.843499534994957390e-03,2.266325323635846010e-03,2.841123179518233698e-03,1.000000000000000000e+00,1.000000000000000000e+00,8.283381228207235044e-04,1.366681353176774517e-03,1.032451425374473477e-03,4.851678901408189304e-03,4.617366397250687038e-02,8.205566821137452380e-03,1.396188268039363078e-01,2.586118605283627483e-02,8.277031211165607368e-04,1.345414604176165116e-03,1.225783918264820990e-03,2.677328751626793877e-03,-3.081078697041404475e-05,5.286676675596186118e-04,1.202796150456366016e-03,7.990117012240229369e-04
1.975000000000000089e-01,0.000000000000000000e+00,2.261662197218987889e-03,2.845998689049221951e-03,2.267358023816389533e-03,2.841442936760224525e-03,1.000000000000000000e+00,1.000000000000000000e+00,8.289495175310698056e-04,1.369180507231039078e-03,1.222789420692668803e-03,4.998308108529094483e-03,4.536848624568405597e-02,7.175977684565701051e-03,1.374249205873859792e-01,2.301391416272830989e-02,8.283639929399143559e-04,1.346778119888406358e-03,1.417307230575594670e-03,2.776490395125669544e-03,-3.081078697041404475e-05,5.286676675596186118e-04,7.611435516401123197e-04,3.484171815244624078e-04
1.980000000000000093e-01,0.000000000000000000e+00,2.262542675570983468e-03,2.848537841996901833e-03,2.268400385679232752e-03,2.841761983918248032e-03,1.000000000000000000e+00,1.000000000000000000e+00,8.296240030799023786e-04,1.371719660178719177e-03,1.348971097665066163e-03,5.078305895360173995e-03,4.900925089775367421e-02,-4.132223751193449431e-03,1.523183986985926774e-01,-1.998997509549513274e-02,8.234146616692545034e-04,1.364805318587216905e-03,9.012751194818551751e-04,4.691698931007464053e-03,1.365014133631489940e-04,3.965280402485683761e-05,2.621721911891811228e-03,-4.292514639280827805e-03
1.985000000000000098e-01,0.000000000000000000e+00,2.263686860650064234e-03,2.850762802239217505e-03,2.269452147941866151e-03,2.842080282319901265e-03,1.000000000000000000e+00,1.000000000000000000e+00,8.305004997016317107e-04,1.373944620421034633e-03,1.752993243458611777e-03,4.449920484630955596e-03,4.920568583973614074e-02,-7.705554936700370790e-03,1.501866731903783170e-01,-2.448446628392074095e-02,8.239626111212958442e-04,1.366994710756754515e-03,1.289749123553158780e-03,4.066997671716495941e-03,1.365014133631489940e-04,3.965280402485683761e-05,2.694643085294953430e-03,-5.782911140398794107e-03
1.990000000000000102e-01,0.000000000000000000e+00,2.265101397914652884e-03,2.852565286215351381e-03,2.270513034098670113e-03,2.842397793073757253e-03,1.000000000000000000e+00,1.000000000000000000e+00,8.315840981127549120e-04,1.375747104397168508e-03,2.167196822246458127e-03,3.604967952267719260e-03,4.778449168574667311e-02,-5.736162561014849538e-03,1.447182901835704083e-01,-1.414899271188033852e-02,8.247073929879288100e-04,1.368817817493595424e-03,1.688577273213064719e-03,3.226988306806535551e-03,1.365014133631489940e-04,3.965280402485683761e-05,1.912145942910033767e-03,-4.871813747058896527e-03
1.995000000000000107e-01,0.000000000000000000e+00,2.266711780498290377e-03,2.854011555585002097e-03,2.271582752164853260e-03,2.842714477071516498e-03,1.000000000000000000e+00,1.000000000000000000e+00,8.328177227422459529e-04,1.377193373766819441e-03,2.467249258982053602e-03,2.892538739301927890e-03,4.661013622693555014e-02,-4.024922828248029411e-03,1.415291673472624245e-01,-9.490705253088413396e-03,8.256232216005865605e-04,1.370253914459212225e-03,1.974149132947162957e-03,2.518717903728926941e-03,1.365014133631489940e-04,3.965280402485683761e-05,1.268733816529838722e-03,-4.081638025900398425e-03
2.000000000000000111e-01,0.000000000000000000e+00,2.268456712489334316e-03,2.855159073329350747e-03,2.272660994420409430e-03,2.843030294990172777e-03,1.000000000000000000e+00,1.000000000000000000e+00,8.341544181976057052e-04,1.378340891511168091e-03,2.673390910719458061e-03,2.295035488697338196e-03,4.153804152972766228e-02,-1.393173485547948703e-02,1.229422385440964716e-01,-4.968318364143714527e-02,8.339622438206427619e-04,1.384053217026572817e-03,2.992887514796084732e-03,3.360239624699383910e-03,-7.826285551696826614e-05,-3.334554761663660735e-04,-1.335291223287790770e-03,-8.124374119116409623e-03
2.005000000000000115e-01,0.000000000000000000e+00,2.270080315876393025e-03,2.855701545105649407e-03,2.273747437154070329e-03,2.843345207294173740e-03,1.000000000000000000e+00,1.000000000000000000e+00,8.353981705500909769e-04,1.378883363287466534e-03,2.487504704970486692e-03,1.084943552596787011e-03,4.144170520750512648e-02,-1.061162536654683061e-02,1.267997804356060798e-01,-2.885237769324208723e-02,8.354142863865259656e-04,1.385440617031766328e-03,2.815571511244746410e-03,2.191572826869900379e-03,-7.826285551696826614e-05,-3.334554761663660735e-04,-1.374861812567518271e-03,-6.607139301730322739e-03
2.010000000000000120e-01,0.000000000000000000e+00,2.271578990865616779e-03,2.855749715085112092e-03,2.274841740407255140e-03,2.843659174237584547e-03,1.000000000000000000e+00,1.000000000000000000e+00,8.365462221976270206e-04,1.378931533266929436e-03,2.296103295072141927e-03,9.633995892580418663e-05,4.139785439312330950e-02,-7.779977232256121873e-03,1.266106381085762289e-01,-2.111463243812655363e-02,8.367762625833415849e-04,1.386298684548534178e-03,2.632636332087615050e-03,1.242504096533167922e-03,-7.826285551696826614e-05,-3.334554761663660735e-04,-1.386117281885382085e-03,-5.316629004819385142e-03
2.015000000000000124e-01,0.000000000000000000e+00,2.272951823246977150e-03,2.855397828862280864e-03,2.275943547718025772e-03,2.843972155866248894e-03,1.000000000000000000e+00,1.000000000000000000e+00,8.375978728147019528e-04,1.378579647044098425e-03,2.103301234149792132e-03,-7.037724456618771633e-04,4.139577956324952401e-02,-5.375179389314034030e-03,1.265381950350919493e-01,-1.453658428456890139e-02,8.380463875123426954e-04,1.386729006664207771e-03,2.448172872896675709e-03,4.802453518759474001e-04,-7.826285551696826614e-05,-3.334554761663660735e-04,-1.375036122796140497e-03,-4.223891559449224377e-03
2.020000000000000129e-01,0.000000000000000000e+00,2.274200016715236493e-03,2.854725740272208781e-03,2.277052485866070362e-03,2.844284112020421893e-03,1.000000000000000000e+00,1.000000000000000000e+00,8.385540444849994869e-04,1.377907558454026342e-03,1.912343340594982715e-03,-1.344177180144214652e-03,3.515431536543570101e-02,-4.121364091728848232e-03,1.021993944131579374e-01,-1.199549078059355088e-02,8.493711305425487995e-04,1.388275745667882704e-03,3.413324065575465763e-03,4.113737917963941094e-05,-3.766155407864571307e-04,-3.763252081180507871e-04,-4.535316305138574304e-03,-3.616460438190372169e-03
2.025000000000000133e-01,0.000000000000000000e+00,2.275012177125078361e-03,2.853776436879089905e-03,2.278168164710582533e-03,2.844595002379489077e-03,1.000000000000000000e+00,1.000000000000000000e+00,8.391761954538803654e-04,1.376958255060907249e-03,1.244301937761731940e-03,-1.898606786238279508e-03,3.628706473701980711e-02,-2.294236290802264492e-03,1.115739056649762972e-01,-6.208322813296959786e-03,8.509200720157602356e-04,1.388167268251991196e-03,2.783603681914727321e-03,-4.740445272387732193e-04,-3.766155407864571307e-04,-3.763252081180507871e-04,-3.891901537072950477e-03,-2.791153421354645829e-03
2.030000000000000138e-01,0.000000000000000000e+00,2.275450034124642824e-03,2.852610356742507278e-03,2.279290177483221918e-03,2.844904786712902384e-03,1.000000000000000000e+00,1.000000000000000000e+00,8.395116133752773607e-04,1.375792174924324839e-03,6.708358427939385303e-04,-2.332160273164873322e-03,3.727760829177825114e-02,-7.634538865029223773e-04,1.141510095152900306e-01,-2.009488681318758168e-03,8.521775481576172482e-04,1.387831145564721478e-03,2.247292728528361028e-03,-8.696668085167971914e-04,-3.766155407864571307e-04,-3.763252081180507871e-04,-3.330520058910970728e-03,-2.102442543782232724e-03
2.035000000000000142e-01,0.000000000000000000e+00,2.275567517395513627e-03,2.851277997434258603e-03,2.280418101413595171e-03,2.845213425281786432e-03,1.000000000000000000e+00,1.000000000000000000e+00,8.396016107820875995e-04,1.374459815616075947e-03,1.799948136203779374e-04,-2.664718616497620263e-03,3.814127736739769681e-02,5.113002312718545458e-04,1.164004057763115135e-01,1.491431817232820138e-03,8.531872904602686184e-04,1.387322209729749270e-03,1.792519667710637228e-03,-1.165484008317112024e-03,-3.766155407864571307e-04,-3.763252081180507871e-04,-2.842199535519203315e-03,-1.531499831497214583e-03
2.040000000000000147e-01,0.000000000000000000e+00,2.275411609347126329e-03,2.849821286014499622e-03,2.281551498386102071e-03,2.845520879254754328e-03,1.000000000000000000e+00,1.000000000000000000e+00,8.394821782879826949e-04,1.373003104196316966e-03,-2.388649882098584348e-04,-2.913422839517771420e-03,3.706461804279016087e-02,6.652443499691117548e-03,1.112605466300085055e-01,2.414637910851198319e-02,8.583240757249018709e-04,1.381928063197648653e-03,1.899338823344497379e-03,-1.916828455227764533e-03,-5.041336489245382699e-04,-2.364165931665893408e-04,-3.319436861652163076e-03,1.064325045801736832e-03
2.045000000000000151e-01,0.000000000000000000e+00,2.274931565203715429e-03,2.848433775450540193e-03,2.282689915596828462e-03,2.845827111123752987e-03,1.000000000000000000e+00,1.000000000000000000e+00,8.391144431394711523e-04,1.371615593632357537e-03,-7.354702970230088399e-04,-2.775021127918712426e-03,3.798680355437678013e-02,6.572024871643879565e-03,1.154988458197594298e-01,1.865113249333429785e-02,8.591610491730976643e-04,1.381009301032241334e-03,1.449395324494440239e-03,-1.758492339157236755e-03,-5.041336489245382699e-04,-2.364165931665893408e-04,-2.801091388000477578e-03,1.017556425799416749e-03
2.050000000000000155e-01,0.000000000000000000e+00,2.274177410582368507e-03,2.847112304896402563e-03,2.283832886210417513e-03,2.846132085119887616e-03,1.000000000000000000e+00,1.000000000000000000e+00,8.385367271825357269e-04,1.370294123078219907e-03,-1.155431913870913138e-03,-2.642941108275370220e-03,3.878220281988566109e-02,6.475450544984450579e-03,1.175788913210311232e-01,1.840152442717942968e-02,8.597919386565959672e-04,1.380168046940185005e-03,1.074864603591821951e-03,-1.606786242013137200e-03,-5.041336489245382699e-04,-2.364165931665893408e-04,-2.355324915653933104e-03,9.642639013889224130e-04
2.055000000000000160e-01,0.000000000000000000e+00,2.273192268399699435e-03,2.845853237825548068e-03,2.284979930016963097e-03,2.846435767629270069e-03,1.000000000000000000e+00,1.000000000000000000e+00,8.377820644878198383e-04,1.369035056007365629e-03,-1.509325389431669800e-03,-2.518134141708739792e-03,3.946586218754925823e-02,6.367744764021736337e-03,1.193681000121939451e-01,1.811934913232142105e-02,8.602518195533999986e-04,1.379400749300883303e-03,7.652416498103080476e-04,-1.462654643719837931e-03,-5.041336489245382699e-04,-2.364165931665893408e-04,-1.973410844824542015e-03,9.066890193272181221e-04
2.060000000000000164e-01,0.000000000000000000e+00,2.272013188079933382e-03,2.844652625007435161e-03,2.286130554088879746e-03,2.846738127608838993e-03,1.000000000000000000e+00,1.000000000000000000e+00,8.368788365608724336e-04,1.367834443189252722e-03,-1.806455853894796014e-03,-2.401225636225840995e-03,4.889240453085369476e-02,2.717568440190551177e-03,1.552370609448002203e-01,4.085527122007535407e-03,8.384383826373942609e-04,1.386867467711620045e-03,-1.992672037571171454e-03,-4.030831255265128390e-04,1.466645543345574678e-04,-4.764767061851357417e-04,2.805828801304965751e-03,-5.626197994252937458e-04
2.065000000000000169e-01,0.000000000000000000e+00,2.271114835063569801e-03,2.843395836341301199e-03,2.287284253437797329e-03,2.847039137002210785e-03,1.000000000000000000e+00,1.000000000000000000e+00,8.361906582247279800e-04,1.366577654523118326e-03,-1.376356672288853080e-03,-2.513577332268819142e-03,5.768243732667083928e-02,-5.393212240898838513e-04,1.815546329042637408e-01,-5.495434409496716480e-03,8.375443160532607817e-04,1.386648336818227913e-03,-1.584351831012062017e-03,-4.732960950824187212e-04,1.466645543345574678e-04,-4.764767061851357417e-04,7.418141466428574207e-03,-1.959357543931152402e-03
2.070000000000000173e-01,0.000000000000000000e+00,2.270934434004661263e-03,2.841981873205337832e-03,2.288440511671435782e-03,2.847338771155504510e-03,1.000000000000000000e+00,1.000000000000000000e+00,8.360524629960180412e-04,1.365163691387155176e-03,-2.763904574198253802e-04,-2.827926271926283711e-03,5.488884920037210430e-02,5.510456309494189122e-04,1.637824758209534548e-01,1.384265609752895069e-03,8.370212983874678048e-04,1.386343615816983945e-03,-5.097815706460848053e-04,-7.450497391259737652e-04,1.466645543345574678e-04,-4.764767061851357417e-04,5.859520544083228998e-03,-1.470236682420999683e-03
2.075000000000000178e-01,0.000000000000000000e+00,2.271323696267206656e-03,2.840446803005888289e-03,2.289598801650485904e-03,2.847637009233177242e-03,1.000000000000000000e+00,1.000000000000000000e+00,8.363506551891569706e-04,1.363628621187705416e-03,5.963843862779439177e-04,-3.070140398899530009e-03,5.252957340822757976e-02,1.456855358282667379e-03,1.574655380972010410e-01,3.867151013686865972e-03,8.369790731976862585e-04,1.385920798413152336e-03,3.392370198631222602e-04,-9.458148174386960590e-04,1.466645543345574678e-04,-4.764767061851357417e-04,4.547436474310904107e-03,-1.065928525518209085e-03
2.080000000000000182e-01,0.000000000000000000e+00,2.272157752283581258e-03,2.838820519145082537e-03,2.290758586145500569e-03,2.847933834633870238e-03,1.000000000000000000e+00,1.000000000000000000e+00,8.369895791657504117e-04,1.362002337326900098e-03,1.277847953186935122e-03,-3.252567721610589470e-03,5.153141999576681120e-02,1.363018287526784195e-02,1.559629505945618055e-01,5.029250983634644956e-02,8.389187240769829627e-04,1.364839507701933298e-03,1.179933102397369210e-03,-3.415363822633231319e-03,9.947207549575100716e-05,1.284604534341638057e-04,4.008214555833410075e-03,3.904910409976829980e-03
2.084999999999999909e-01,0.000000000000000000e+00,2.273381327258160341e-03,2.837484744824518828e-03,2.291919318493764249e-03,2.848229235406228230e-03,1.000000000000000000e+00,1.000000000000000000e+00,8.379268919757661572e-04,1.360666563006336172e-03,1.874625620031535869e-03,-2.671548641127641580e-03,4.884959076120091309e-02,2.108295900481583704e-02,1.467148792670934510e-01,6.909455280513057684e-02,8.396538699979591916e-04,1.363272211393939688e-03,1.759499607226000257e-03,-2.854848451897164761e-03,9.947207549575100716e-05,1.284604534341638057e-04,2.545663351606431129e-03,7.068704309964905612e-03
2.089999999999999913e-01,0.000000000000000000e+00,2.274855391573882800e-03,2.836669190504672797e-03,2.293080443256188990e-03,2.848523204664749932e-03,1.000000000000000000e+00,1.000000000000000000e+00,8.390560907536253428e-04,1.359851008686490358e-03,2.258397555718310006e-03,-1.631108639691578824e-03,4.742169653480514391e-02,1.817593062726964928e-02,1.436614644312381173e-01,5.188996450097777685e-02,8.406258098362347567e-04,1.362099650203211229e-03,2.127509816436950248e-03,-1.837323948846532459e-03,9.947207549575100716e-05,1.284604534341638057e-04,1.761766707755335571e-03,5.739997897955760250e-03
2.094999999999999918e-01,0.000000000000000000e+00,2.276505326900356459e-03,2.836277040201736800e-03,2.294241396874184373e-03,2.848815741005612974e-03,1.000000000000000000e+00,1.000000000000000000e+00,8.403200145419764330e-04,1.359458858383554144e-03,2.527847576702284185e-03,-7.843006058722808756e-04,4.624752362600938194e-02,1.569779953594746535e-02,1.404626089961258373e-01,4.511154642128317044e-02,8.417533360795543661e-04,1.361387707741383004e-03,2.382059233277721965e-03,-1.012018425422773343e-03,9.947207549575100716e-05,1.284604534341638057e-04,1.120632695853013326e-03,4.610338899016070205e-03
2.099999999999999922e-01,0.000000000000000000e+00,2.278270074247051424e-03,2.836225960911615412e-03,2.295401608326549155e-03,2.849106848922516172e-03,1.000000000000000000e+00,1.000000000000000000e+00,8.416718894404209448e-04,1.359407779093432756e-03,2.703749796889060031e-03,-1.021585802426184728e-04,4.104073603185641461e-02,1.528291122379865294e-02,1.213364534420845464e-01,4.590911199960052980e-02,8.503892371551048050e-04,1.359845238656615454e-03,3.381484369984491967e-03,-4.861641419592426221e-04,-1.182506242881012094e-04,1.638121154699093737e-04,-1.540008022835766743e-03,4.364242889570396459e-03
2.104999999999999927e-01,0.000000000000000000e+00,2.279887234647844530e-03,2.836499025120069791e-03,2.296560499786345563e-03,2.849396539222508358e-03,1.000000000000000000e+00,1.000000000000000000e+00,8.429107061790805898e-04,1.359680843301887135e-03,2.477633477319261725e-03,5.461284169088270139e-04,4.098204200323821850e-02,1.317767024266486633e-02,1.254339216603791995e-01,3.836605344895253206e-02,8.520254628943521504e-04,1.359758762881734971e-03,3.163778663841688554e-03,1.390526481215942313e-04,-1.182506242881012094e-04,1.638121154699093737e-04,-1.556744392258378219e-03,3.410058683953824665e-03
2.109999999999999931e-01,0.000000000000000000e+00,2.281355400275360268e-03,2.837026633304775246e-03,2.297717487277791369e-03,2.849684829441833690e-03,1.000000000000000000e+00,1.000000000000000000e+00,8.440353862996172185e-04,1.360208451486592373e-03,2.249360241073206264e-03,1.055216369410692454e-03,4.097451221251138809e-02,1.140704589677905140e-02,1.253342320941777666e-01,3.350565396166146209e-02,8.535522538962318816e-04,1.359950311776587798e-03,2.943754050141642823e-03,6.261916233044349843e-04,-1.182506242881012094e-04,1.638121154699093737e-04,-1.546093045216697043e-03,2.610342082891647410e-03
2.114999999999999936e-01,0.000000000000000000e+00,2.282675759929925045e-03,2.837750424848317979e-03,2.298871981333131150e-03,2.849971744261754411e-03,1.000000000000000000e+00,1.000000000000000000e+00,8.450468404759151151e-04,1.360932243030135106e-03,2.022908352595819640e-03,1.447583087085464173e-03,4.100715386308996513e-02,9.926176096581421776e-03,1.253478397352320861e-01,2.943471548810250304e-02,8.549694416454221846e-04,1.360356440843773010e-03,2.725366622220466023e-03,9.975895330522732262e-04,-1.182506242881012094e-04,1.638121154699093737e-04,-1.514173914097658412e-03,1.944118009696921756e-03
2.119999999999999940e-01,0.000000000000000000e+00,2.283851517964291186e-03,2.838621751801975214e-03,2.300023387649524458e-03,2.850257315924394422e-03,1.000000000000000000e+00,1.000000000000000000e+00,8.459475233845940162e-04,1.361803569983792558e-03,1.801365817357762069e-03,1.742653907314829862e-03,3.670047949185951258e-02,1.288783082574885067e-02,1.084773177613666817e-01,4.232783729753384488e-02,8.637744735345116113e-04,1.357067890704248634e-03,3.359732169897768853e-03,8.362758220144009226e-04,-3.386641918724295338e-04,2.772032481830795109e-04,-3.669121313619670612e-03,3.142639580616399166e-03
2.124999999999999944e-01,0.000000000000000000e+00,2.284668454956265918e-03,2.839731366579133220e-03,2.301171107745928358e-03,2.850541584648574184e-03,1.000000000000000000e+00,1.000000000000000000e+00,8.465733334276744548e-04,1.362913184760950564e-03,1.251620086160880460e-03,2.219229554316024151e-03,3.752462558339984822e-02,1.109035267895225677e-02,1.150641373694071129e-01,3.302375636032248846e-02,8.653241432114291498e-04,1.357597561320095974e-03,2.839895411810040328e-03,1.281523739882579156e-03,-3.386641918724295338e-04,2.772032481830795109e-04,-3.196867799285870067e-03,2.334644451183841892e-03
2.129999999999999949e-01,0.000000000000000000e+00,2.285171940948107095e-03,2.841020192286680159e-03,2.302314539619981261e-03,2.850824599045647355e-03,1.000000000000000000e+00,1.000000000000000000e+00,8.469590260739126618e-04,1.364202010468497503e-03,7.713852924764101442e-04,2.577651415094073077e-03,3.825609454335146542e-02,9.597632845867787310e-03,1.169477613557273893e-01,2.891512175211545174e-02,8.666310710421116234e-04,1.358320551153365452e-03,2.388641046520734688e-03,1.609772129653708975e-03,-3.386641918724295338e-04,2.772032481830795109e-04,-2.778598346672262690e-03,1.666720069654960626e-03
2.134999999999999953e-01,0.000000000000000000e+00,2.285402210767911550e-03,2.842439343897000710e-03,2.303453078404878521e-03,2.851106416535329185e-03,1.000000000000000000e+00,1.000000000000000000e+00,8.471354229897920095e-04,1.365621162078818054e-03,3.527938317585987450e-04,2.838303220641123781e-03,3.890352910696689981e-02,8.366929856547961411e-03,1.186166929482527499e-01,2.552186353893839965e-02,8.677275911327882217e-04,1.359183433593556378e-03,1.998154635705625109e-03,1.841276369879514801e-03,-3.386641918724295338e-04,2.772032481830795109e-04,-2.409177828166394596e-03,1.118953650266777062e-03
2.139999999999999958e-01,0.000000000000000000e+00,2.285394852187262651e-03,2.843948679392478696e-03,2.304586117026259737e-03,2.851387103761538790e-03,1.000000000000000000e+00,1.000000000000000000e+00,8.471297859899765137e-04,1.367130497574296040e-03,-1.127399963102087514e-05,3.018670990955886133e-03,4.833516358020954751e-02,6.135986590466466044e-03,1.545010040137611007e-01,1.798581072492981894e-02,8.573619855580579679e-04,1.362280673726565207e-03,3.851638766445021600e-04,2.235349977432621142e-03,-6.969342913139585572e-06,2.143217131571152948e-04,2.500411180927466278e-03,1.724148175796192057e-04
2.144999999999999962e-01,0.000000000000000000e+00,2.285625160951867615e-03,2.845477250719044820e-03,2.305713046859090426e-03,2.851666737008231450e-03,1.000000000000000000e+00,1.000000000000000000e+00,8.473062127393036396e-04,1.368659068900862164e-03,3.528534986543037529e-04,3.057142653132137022e-03,4.829475012438058656e-02,5.257835982833547819e-03,1.464849355758826299e-01,1.649638530563881170e-02,8.576437695916665997e-04,1.363402692756957588e-03,7.412714769178547613e-04,2.252650214627352921e-03,-6.969342913139585572e-06,2.143217131571152948e-04,2.450716546730418235e-03,-2.073772809126341542e-04
2.149999999999999967e-01,0.000000000000000000e+00,2.286088322633640646e-03,2.846997214248292267e-03,2.306833258384543249e-03,2.851945402615236116e-03,1.000000000000000000e+00,1.000000000000000000e+00,8.476610151718913999e-04,1.370179032430109611e-03,7.096048651754360316e-04,3.039927058494762847e-03,4.713149390171557374e-02,4.824820552187691035e-03,1.421901434260282870e-01,1.555693888486780856e-02,8.581017844560713927e-04,1.364519578126679360e-03,1.090094657060199004e-03,2.214922172869204439e-03,-6.969342913139585572e-06,2.143217131571152948e-04,1.808349480358936116e-03,-3.913513129854744119e-04
2.154999999999999971e-01,0.000000000000000000e+00,2.286723297142720639e-03,2.848494963821889513e-03,2.307946141846884455e-03,2.852223197394089874e-03,1.000000000000000000e+00,1.000000000000000000e+00,8.481474338660945772e-04,1.371676782003706857e-03,9.728373884064385729e-04,2.995499147194478819e-03,4.616634077537604131e-02,4.496410272918268877e-03,1.395738553999357756e-01,1.463204590518771102e-02,8.587109356195381672e-04,1.365610905266369636e-03,1.345991052564394618e-03,2.150470051296665512e-03,-6.969342913139585572e-06,2.143217131571152948e-04,1.277756586055410698e-03,-5.281832876655980424e-04
2.159999999999999976e-01,0.000000000000000000e+00,2.287479659789080823e-03,2.849960323452409294e-03,2.309051087910347737e-03,2.852500229043872411e-03,1.000000000000000000e+00,1.000000000000000000e+00,8.487268412683215578e-04,1.373142141634226421e-03,1.158814804453964361e-03,2.930719261039071901e-03,5.584866725540045540e-02,3.921344718438803459e-03,1.780988502995794198e-01,1.265117758200203293e-02,8.472946978515142691e-04,1.367601841989763908e-03,1.523306415008254420e-04,2.172098406212700974e-03,3.498306345396551167e-04,1.867747233921343455e-04,6.272261089948632205e-03,-7.625436097986866644e-04
2.164999999999999980e-01,0.000000000000000000e+00,2.288841004975882346e-03,2.851375529922106807e-03,2.310147488316022842e-03,2.852776616567041790e-03,1.000000000000000000e+00,1.000000000000000000e+00,8.497696921838375928e-04,1.374557348103924367e-03,2.085701831032080525e-03,2.830412939395916122e-03,5.328549677023897146e-02,3.788527653733602708e-03,1.603684381662721925e-01,1.258313315051128901e-02,8.475920185108596055e-04,1.368658640312375198e-03,1.035229712607318997e-03,2.055281337115642207e-03,3.498306345396551167e-04,1.867747233921343455e-04,4.850712888745892064e-03,-8.111811258073415524e-04
2.169999999999999984e-01,0.000000000000000000e+00,2.290671726966471596e-03,2.852736854755711336e-03,2.311234736538737237e-03,2.853052490685270646e-03,1.000000000000000000e+00,1.000000000000000000e+00,8.511721065916241736e-04,1.375918672937528897e-03,2.804828815573261365e-03,2.722649667209192572e-03,5.110667776699680948e-02,3.712293090060889058e-03,1.544744934242803514e-01,1.235409893412167670e-02,8.482792110745899497e-04,1.369655242233992418e-03,1.712202607860187006e-03,1.931328905342980006e-03,3.498306345396551167e-04,1.867747233921343455e-04,3.647875048977646667e-03,-8.348347993545397099e-04
2.174999999999999989e-01,0.000000000000000000e+00,2.292856999911422992e-03,2.854042387431013263e-03,2.312312228443936472e-03,2.853327994255281958e-03,1.000000000000000000e+00,1.000000000000000000e+00,8.528461227878022643e-04,1.377224205612830607e-03,3.348032392356237695e-03,2.611065350603307324e-03,4.929484388445067033e-02,3.679713570299988912e-03,1.495847834077993210e-01,1.224466052784812034e-02,8.492612356966290155e-04,1.370588985020876338e-03,2.214884577563901082e-03,1.803854000181630670e-03,3.498306345396551167e-04,1.867747233921343455e-04,2.652208292613760562e-03,-8.393481199420503927e-04
2.179999999999999993e-01,0.000000000000000000e+00,2.295301679172580614e-03,2.855291610407899826e-03,2.313379362944568019e-03,2.853603282684681781e-03,1.000000000000000000e+00,1.000000000000000000e+00,8.547188557510202551e-04,1.378473428589716953e-03,3.745465926436082268e-03,2.498445953772484348e-03,5.268891703646494395e-02,-6.064227199037422120e-03,1.645227861562439942e-01,-2.561811802087692741e-02,8.455565534131237243e-04,1.382361740611295084e-03,2.018662972038084199e-03,2.909129481937866232e-03,4.939695265046727861e-04,-1.338230505416429018e-04,4.389985150241017438e-03,-4.882332395483879664e-03
2.184999999999999998e-01,0.000000000000000000e+00,2.298172516788204913e-03,2.856180489273464022e-03,2.314435542657962072e-03,2.853878524347800219e-03,1.000000000000000000e+00,1.000000000000000000e+00,8.569180449535663928e-04,1.379362307455281366e-03,4.398378405092214644e-03,1.777757731128710560e-03,5.053176922987966113e-02,-4.290688152937614797e-03,1.535925745242813500e-01,-1.072222533732785678e-02,8.467160993912162476e-04,1.383640239037987755e-03,2.618315002186088081e-03,2.206178220228262321e-03,4.939695265046727861e-04,-1.338230505416429018e-04,3.204838235412340447e-03,-4.066189962879987983e-03
2.190000000000000002e-01,0.000000000000000000e+00,2.301356157271707871e-03,2.856768545388306112e-03,2.315480174562715380e-03,2.854153901001518084e-03,1.000000000000000000e+00,1.000000000000000000e+00,8.593568550548424988e-04,1.379950363570123456e-03,4.877620202552282284e-03,1.176112229684070148e-03,4.875033939123632476e-02,-2.761157827197820852e-03,1.487686654067836844e-01,-6.554798551847201317e-03,8.481324292030128966e-04,1.384596840477681466e-03,3.046121637038073059e-03,1.621324826462326469e-03,4.939695265046727861e-04,-1.338230505416429018e-04,2.231324091204209790e-03,-3.363888973849072771e-03
2.195000000000000007e-01,0.000000000000000000e+00,2.304759351505636204e-03,2.857107015599475927e-03,2.316512670655572481e-03,2.854429608201112644e-03,1.000000000000000000e+00,1.000000000000000000e+00,8.619638530865977692e-04,1.380288833781293054e-03,5.213996063510611956e-03,6.769404223392919097e-04,4.729100201041029627e-02,-1.446663993719977124e-03,1.447994709121414314e-01,-2.970129058996000965e-03,8.497272868658150560e-04,1.385286470468725505e-03,3.332693370983961720e-03,1.138105549021175243e-03,4.939695265046727861e-04,-1.338230505416429018e-04,1.438810255032546732e-03,-2.761742946628096846e-03
2.200000000000000011e-01,0.000000000000000000e+00,2.308306046841220992e-03,2.857239848292211781e-03,2.317532448608307372e-03,2.854705855716084713e-03,1.000000000000000000e+00,1.000000000000000000e+00,8.646807793398585389e-04,1.380421666474029125e-03,5.433852506521555902e-03,2.656653854722847326e-04,4.584297995306690909e-02,1.143511555327283991e-03,1.405377297898715294e-01,5.790224768015992014e-03,8.531449522588936078e-04,1.384834525267500003e-03,3.697483600214852319e-03,6.377489240920021854e-04,4.437362800022117597e-04,-1.067179912454916958e-04,7.040807378756220886e-04,-1.641079808250830128e-03
2.205000000000000016e-01,0.000000000000000000e+00,2.311921625599787453e-03,2.857250375658760590e-03,2.318538932424607773e-03,2.854982867945998759e-03,1.000000000000000000e+00,1.000000000000000000e+00,8.674504733565173648e-04,1.380432193840577717e-03,5.539388033317611815e-03,2.105473309704195299e-05,4.489869179195551258e-02,1.814240921090117323e-03,1.381622876549800372e-01,6.078780044693189027e-03,8.550095586399919035e-04,1.385095014156727472e-03,3.760748852163147294e-03,4.046485343962447773e-04,4.437362800022117597e-04,-1.067179912454916958e-04,2.004672810093210272e-04,-1.334925899454302532e-03
2.210000000000000020e-01,0.000000000000000000e+00,2.315557567377534050e-03,2.857160982353776531e-03,2.319531553096955065e-03,2.855260884336315204e-03,1.000000000000000000e+00,1.000000000000000000e+00,8.702357663508641884e-04,1.380342800535593658e-03,5.570585988693722672e-03,-1.787866099682268938e-04,4.415379081269828893e-02,2.385642124443258533e-03,1.360919222664568606e-01,7.639387460438291748e-03,8.568874581663525917e-04,1.385250056568868710e-03,3.750797571628554112e-03,2.158810839611655639e-04,4.437362800022117597e-04,-1.067179912454916958e-04,-1.920936492666956968e-04,-1.074851386240586754e-03
2.215000000000000024e-01,0.000000000000000000e+00,2.319175903096553845e-03,2.856990699564789134e-03,2.320509749263508989e-03,2.855540159794228792e-03,1.000000000000000000e+00,1.000000000000000000e+00,8.730075723217580992e-04,1.380172517746606695e-03,5.543611941787813038e-03,-3.405655779739689536e-04,4.357667161524979293e-02,2.870312980320618816e-03,1.344722347447895316e-01,8.964325654723187542e-03,8.587460658808420896e-04,1.385320149893877690e-03,3.683693095904457156e-03,6.478239456439700112e-05,4.437362800022117597e-04,-1.067179912454916958e-04,-4.915197694537043601e-04,-8.549392072758993334e-04
2.220000000000000029e-01,0.000000000000000000e+00,2.322747513165955915e-03,2.856755635593988783e-03,2.321472967864986713e-03,2.855820965104503492e-03,1.000000000000000000e+00,1.000000000000000000e+00,8.757435843684116322e-04,1.379937453775805910e-03,5.472024093307071083e-03,-4.701279416015758782e-04,3.698224977200516295e-02,3.815973878352444445e-03,1.093165984459409656e-01,1.216748623105307590e-02,8.698339301204511230e-04,1.385425529222879520e-03,4.622093931365666743e-03,-4.281944000811703011e-05,1.710443410446634818e-04,-1.097424266374903310e-04,-3.842759818269188363e-03,-4.522933129067519833e-04
2.225000000000000033e-01,0.000000000000000000e+00,2.325942150625261509e-03,2.856486127058091139e-03,2.322420664801548400e-03,2.856103587345303930e-03,1.000000000000000000e+00,1.000000000000000000e+00,8.781908186418923862e-04,1.379667945239908483e-03,4.894468546961550613e-03,-5.390170717947921500e-04,3.774063714809630654e-02,4.037068295510186193e-03,1.175863064211640774e-01,1.218924152419313678e-02,8.719977076971361426e-04,1.385389389374014476e-03,4.034074179640955229e-03,-1.016246259895824914e-04,1.710443410446634818e-04,-1.097424266374903310e-04,-3.397837631489835589e-03,-3.529267461461672471e-04
2.230000000000000038e-01,0.000000000000000000e+00,2.328801832456815421e-03,2.856189515351504823e-03,2.323352305589677577e-03,2.856388330304037229e-03,1.000000000000000000e+00,1.000000000000000000e+00,8.803814620180424894e-04,1.379371333533322167e-03,4.381286752300312184e-03,-5.932234131725990347e-04,3.843302610308144823e-02,4.221533813136313026e-03,1.193568932257705606e-01,1.269359089592299143e-02,8.738835583342025428e-04,1.385327461584832205e-03,3.510272222659707991e-03,-1.459981950260131819e-04,1.710443410446634818e-04,-1.097424266374903310e-04,-2.992461893377348740e-03,-2.704154995461164734e-04
2.235000000000000042e-01,0.000000000000000000e+00,2.331364818478816672e-03,2.855871914737514311e-03,2.324267366019063669e-03,2.856675514893184439e-03,1.000000000000000000e+00,1.000000000000000000e+00,8.823448232179883187e-04,1.379053732919331438e-03,3.926722399891555311e-03,-6.352012279813467515e-04,3.906287924391721456e-02,4.374428160329726575e-03,1.209719082965893949e-01,1.311185632342696215e-02,8.755221584782704345e-04,1.385246350992383945e-03,3.044968183182152933e-03,-1.783783571941201262e-04,1.710443410446634818e-04,-1.097424266374903310e-04,-2.624396881233454892e-03,-2.024004084529116708e-04
2.240000000000000047e-01,0.000000000000000000e+00,2.333665824174821664e-03,2.855538384003736708e-03,2.325165332809483662e-03,2.856965479566135439e-03,1.000000000000000000e+00,1.000000000000000000e+00,8.841074958449977352e-04,1.378720202185554052e-03,3.525345254018879756e-03,-6.670614675549275431e-04,2.934040618288777033e-02,6.508740466661728195e-03,8.246347733145979741e-02,2.125657838900063545e-02,8.918791251889798865e-04,1.383686520408621218e-03,4.322745736148591103e-03,-3.666060070775417927e-04,-2.681949553015769124e-04,-6.666427299483281867e-05,-7.546059889980196236e-03,6.792079106627633284e-04
2.245000000000000051e-01,0.000000000000000000e+00,2.335220531941218335e-03,2.855255854277517335e-03,2.326045704267687246e-03,2.857258580733026444e-03,1.000000000000000000e+00,1.000000000000000000e+00,8.852984710901200044e-04,1.378437672459334679e-03,2.381950490244625143e-03,-5.650594524388144121e-04,3.136476153252293342e-02,6.290857670325236684e-03,9.802124822681906879e-02,1.863228585780159902e-02,8.937626758808417306e-04,1.383529885115431781e-03,3.213535486177174043e-03,-2.601355846682824728e-04,-2.681949553015769124e-04,-6.666427299483281867e-05,-6.393653429672378416e-03,5.770170169341891668e-04
2.250000000000000056e-01,0.000000000000000000e+00,2.336138865085162983e-03,2.855016954612842051e-03,2.326907990944274141e-03,2.857555193176574467e-03,1.000000000000000000e+00,1.000000000000000000e+00,8.860019550919708735e-04,1.378198772794659178e-03,1.406968003701662435e-03,-4.777993293508137084e-04,3.344320548240235086e-02,6.030213641311648297e-03,1.038502180759744015e-01,1.784355882236761046e-02,8.951334337573308309e-04,1.383422792787429708e-03,2.271270315978401143e-03,-1.684074482257154706e-04,-2.681949553015769124e-04,-6.666427299483281867e-05,-5.225133048099686421e-03,4.575379246676699002e-04
2.255000000000000060e-01,0.000000000000000000e+00,2.336532250761405669e-03,2.854813058320623386e-03,2.327751716290580100e-03,2.857855710467913958e-03,1.000000000000000000e+00,1.000000000000000000e+00,8.863033060032590423e-04,1.377994876502440730e-03,6.027018225763432777e-04,-4.077925844369635340e-04,3.522348319595861033e-02,5.807906342678787956e-03,1.085651935940073198e-01,1.723280203741338334e-02,8.960754492384681233e-04,1.383357246648687791e-03,1.498254104879876564e-03,-9.391898741166514533e-05,-2.681949553015769124e-04,-6.666427299483281867e-05,-4.226840072834529144e-03,3.558600103124362870e-04
2.260000000000000064e-01,0.000000000000000000e+00,2.336495941627818752e-03,2.854636833270894798e-03,2.328576417315559449e-03,2.858160545382428669e-03,1.000000000000000000e+00,1.000000000000000000e+00,8.862754915932404606e-04,1.377818651452712359e-03,-5.562882003710425093e-05,-3.524500994566717141e-04,3.819006137775429049e-02,7.331602341141532121e-03,1.182189584750998473e-01,2.336389578772568934e-02,8.956933042616280769e-04,1.382327464465159727e-03,7.596840100547481035e-04,-1.469837325959585050e-04,-2.395584292394256187e-04,-3.732405070037054823e-05,-2.603586320152527500e-03,9.706297234723556796e-04
2.265000000000000069e-01,0.000000000000000000e+00,2.336183565990392064e-03,2.854535600908959803e-03,2.329381645242664580e-03,2.858470130315591759e-03,1.000000000000000000e+00,1.000000000000000000e+00,8.860361979720240673e-04,1.377717419090777147e-03,-4.785872424327585373e-04,-2.024647238706266529e-04,3.919010772736969406e-02,6.830869985925710694e-03,1.193469842083671462e-01,2.018300675566971764e-02,8.959735876110255879e-04,1.382291826490557318e-03,3.622090968301537595e-04,4.140304481359963207e-06,-2.395584292394256187e-04,-3.732405070037054823e-05,-2.045930721972130141e-03,7.431913220699004055e-04
2.270000000000000073e-01,0.000000000000000000e+00,2.335648472393522801e-03,2.854492850278982780e-03,2.330166966166728922e-03,2.858784917698798528e-03,1.000000000000000000e+00,1.000000000000000000e+00,8.856262924955937525e-04,1.377674668460800124e-03,-8.198109528606980318e-04,-8.550125995419252396e-05,4.003688615367707870e-02,6.409195820030443198e-03,1.216016837270671030e-01,1.902312532182268492e-02,8.960753886317127234e-04,1.382323518614641871e-03,4.560471410922214627e-05,1.223978126233565725e-04,-2.395584292394256187e-04,-3.732405070037054823e-05,-1.575345122852781030e-03,5.522703445465936174e-04
2.275000000000000078e-01,0.000000000000000000e+00,2.334935735464556232e-03,2.854494726752024401e-03,2.330931961710852509e-03,2.859105380415201750e-03,1.000000000000000000e+00,1.000000000000000000e+00,8.850803043317533774e-04,1.377676544933841745e-03,-1.091976327680826194e-03,3.752946083298156952e-06,4.075038725473707768e-02,6.056032902402848014e-03,1.235060878632801007e-01,1.804991255114288609e-02,8.960359879573614236e-04,1.382407429950943765e-03,-2.027246633189150327e-04,2.130686425874394089e-04,-2.395584292394256187e-04,-3.732405070037054823e-05,-1.180328802360445465e-03,3.929336176487592731e-04
2.280000000000000082e-01,0.000000000000000000e+00,2.334083248555515397e-03,2.854529673063867408e-03,2.331676229683279748e-03,2.859432012215548310e-03,1.000000000000000000e+00,1.000000000000000000e+00,8.844272614722506649e-04,1.377711491245684535e-03,-1.306085719005325779e-03,6.989262368538223043e-05,4.861219952736937910e-02,-8.168538795981239182e-04,1.533165374533553560e-01,-8.312119329300472065e-03,8.869005766493471242e-04,1.390577986388856274e-03,-1.410366329899662629e-03,1.191125622875965559e-03,2.467841565764352762e-05,-2.739459657328823829e-04,2.906756871260820791e-03,-2.487297396780429552e-03
2.285000000000000087e-01,0.000000000000000000e+00,2.333486615863638799e-03,2.854382488162799172e-03,2.332399384734283251e-03,2.859765328134012807e-03,1.000000000000000000e+00,1.000000000000000000e+00,8.839702143140554160e-04,1.377564306344616733e-03,-9.140943163903922451e-04,-2.943698021355918354e-04,4.796697999853853644e-02,-7.141351397614770962e-05,1.443064175355542045e-01,2.933703682888084041e-04,8.862922940013986429e-04,1.391088767744375846e-03,-1.023491033946119858e-03,8.526364841300539035e-04,2.467841565764352762e-05,-2.739459657328823829e-04,2.536382490445985693e-03,-2.141651181418213409e-03
2.290000000000000091e-01,0.000000000000000000e+00,2.333110604010729672e-03,2.854078605331013957e-03,2.333101059013047672e-03,2.860105864904036350e-03,1.000000000000000000e+00,1.000000000000000000e+00,8.836821725235874305e-04,1.377260423512831518e-03,-5.760835809359350114e-04,-6.077656635702657038e-04,4.720965488859708153e-02,7.434895367726642498e-04,1.420945259595993160e-01,2.687042067090264930e-03,8.858640258267532668e-04,1.391442863309222833e-03,-6.902113718914121244e-04,5.642912032803912943e-04,2.467841565764352762e-05,-2.739459657328823829e-04,2.110784289315435856e-03,-1.769863825386392472e-03
2.295000000000000095e-01,0.000000000000000000e+00,2.332914747725119836e-03,2.853645350941116585e-03,2.333780902824550071e-03,2.860454181374157134e-03,1.000000000000000000e+00,1.000000000000000000e+00,8.835321379043463864e-04,1.376827169122933929e-03,-3.000692384820855094e-04,-8.665087797950473195e-04,4.656272015312515333e-02,1.438797465378553308e-03,1.403743128704604270e-01,4.580453889325607035e-03,8.855869769087871017e-04,1.391666289510210246e-03,-4.185004025549273615e-04,3.298594829732265712e-04,2.467841565764352762e-05,-2.739459657328823829e-04,1.748142165444172523e-03,-1.453584751882128342e-03
2.300000000000000100e-01,0.000000000000000000e+00,2.332864562475504139e-03,2.853106010330415561e-03,2.334438585284224175e-03,2.860810858918052223e-03,1.000000000000000000e+00,1.000000000000000000e+00,8.834936937727514393e-04,1.376287828512232688e-03,-7.688826318993019016e-05,-1.078681221402457086e-03,4.997773816006401831e-02,1.295838186865154971e-02,1.543072072935156580e-01,4.863380107532495888e-02,8.780366326182747214e-04,1.373698174446590006e-03,-1.036000902137192668e-03,-1.904828053271908055e-03,2.421559607971626163e-04,2.578622430666004627e-04,3.470022670401578125e-03,3.240574121297136803e-03
2.305000000000000104e-01,0.000000000000000000e+00,2.333129455003973493e-03,2.852821923621500205e-03,2.335073794829455301e-03,2.861176501470156629e-03,1.000000000000000000e+00,1.000000000000000000e+00,8.836966132222092351e-04,1.376003741803317549e-03,4.058388989154971594e-04,-5.681734178303740829e-04,5.100316936068643309e-02,1.889492210533942618e-02,1.556292967693484464e-01,6.207504865274861977e-02,8.776331764550566799e-04,1.372866115691527902e-03,-5.786947574212177991e-04,-1.424306767130478681e-03,2.421559607971626163e-04,2.578622430666004627e-04,3.977423677870929423e-03,5.757984988589975352e-03
2.310000000000000109e-01,0.000000000000000000e+00,2.333757106437720722e-03,2.852975701933294257e-03,2.335686239128960569e-03,2.861551733986722468e-03,1.000000000000000000e+00,1.000000000000000000e+00,8.841774221152471497e-04,1.376157520115111818e-03,9.616177860758158818e-04,3.075566235886703463e-04,4.958116851531445962e-02,1.624532936589276680e-02,1.495248656025718881e-01,4.709376657797725851e-02,8.774766690864212225e-04,1.372365382657056388e-03,-4.835659131166374601e-05,-5.802422341853045226e-04,2.421559607971626163e-04,2.578622430666004627e-04,3.186108531251927427e-03,4.553239326572991463e-03
2.315000000000000113e-01,0.000000000000000000e+00,2.334671984208609545e-03,2.853479423171630027e-03,2.336275644608296499e-03,2.861937199902989289e-03,1.000000000000000000e+00,1.000000000000000000e+00,8.848782591477693995e-04,1.376661241353447371e-03,1.401674065044558604e-03,1.007442476671167268e-03,4.838318685736284208e-02,1.400459019851423709e-02,1.463186113551917245e-01,4.095434871698013651e-02,8.775566168900935174e-04,1.372243011853785085e-03,3.673391715457384444e-04,8.946575988689326169e-05,2.421559607971626163e-04,2.578622430666004627e-04,2.521822951692511208e-03,3.537616651363605352e-03
2.320000000000000118e-01,0.000000000000000000e+00,2.335810624995985751e-03,2.854258926665481470e-03,2.336841755945246596e-03,2.862333558511609248e-03,1.000000000000000000e+00,1.000000000000000000e+00,8.857505085956477288e-04,1.377440744847298814e-03,1.744498895756766647e-03,1.559006987702719459e-03,4.130771036432992482e-02,2.256080533451919334e-02,1.200435793378072519e-01,7.633382333876974346e-02,8.889122569401695017e-04,1.360020564967383185e-03,1.941655677468819138e-03,-7.904945040064838844e-04,-8.399978998880478008e-05,6.224250563964162011e-04,-1.109519139468756205e-03,6.974672748805210015e-03
2.325000000000000122e-01,0.000000000000000000e+00,2.336815811263084387e-03,2.855578342372622550e-03,2.337384335565215882e-03,2.862741482341063168e-03,1.000000000000000000e+00,1.000000000000000000e+00,8.865205259498580093e-04,1.378760160554440110e-03,1.540034708420611473e-03,2.638831414282521385e-03,3.938161633184151383e-02,2.157468764231756583e-02,1.184953603219383450e-01,6.566437560230808934e-02,8.898344395219444933e-04,1.359879492997170900e-03,1.747416233326297202e-03,2.242454011595730948e-04,-8.399978998880478008e-05,6.224250563964162011e-04,-2.113323808794924114e-03,6.472713889366992976e-03
2.330000000000000127e-01,0.000000000000000000e+00,2.337592482125765408e-03,2.857400421481745730e-03,2.337903163136609806e-03,2.863161654534060116e-03,1.000000000000000000e+00,1.000000000000000000e+00,8.871154903483472734e-04,1.380582239663562857e-03,1.189928796978437925e-03,3.644158218245378139e-03,4.000900803795489485e-02,1.816068215925970702e-02,1.223912756010991226e-01,5.367970816214118202e-02,8.906231966390342663e-04,1.360227500102955886e-03,1.408239747136806131e-03,1.165944868801143579e-03,-8.399978998880478008e-05,6.224250563964162011e-04,-1.756879213615328370e-03,4.931604779029014063e-03
2.335000000000000131e-01,0.000000000000000000e+00,2.338174639470782905e-03,2.859612407516646821e-03,2.338398035066217937e-03,2.863594766225946962e-03,1.000000000000000000e+00,1.000000000000000000e+00,8.875614487475191059e-04,1.382794225698464165e-03,8.919167983437376653e-04,4.423972069802498824e-03,4.055597927537946124e-02,1.530488525582472149e-02,1.238225664403733717e-01,4.583853842075327756e-02,8.912552991403977594e-04,1.360990455732367715e-03,1.120703612153355370e-03,1.884456349996058459e-03,-8.399978998880478008e-05,6.224250563964162011e-04,-1.446758973774498998e-03,3.647661291864446632e-03
2.340000000000000135e-01,0.000000000000000000e+00,2.338591882742176338e-03,2.862120257766549106e-03,2.338868763994606317e-03,2.864041513923118801e-03,1.000000000000000000e+00,1.000000000000000000e+00,8.878810756369985959e-04,1.385302075948366450e-03,6.392537789590491733e-04,5.015700499804438828e-03,4.467879248297272621e-02,4.404265791853869891e-03,1.392338134513007863e-01,6.196600091723903671e-03,8.837667848668765910e-04,1.379853407077825120e-03,-2.562847165591349593e-05,4.429340241750621618e-03,1.508880814995516102e-04,9.939389157993172498e-05,6.714271079715495010e-04,-8.814984230382325731e-04
2.345000000000000140e-01,0.000000000000000000e+00,2.339052638201067832e-03,2.864579548006383238e-03,2.339315178291496815e-03,2.864502596881417663e-03,1.000000000000000000e+00,1.000000000000000000e+00,8.882340347959190828e-04,1.387761366188200798e-03,7.059183178409612729e-04,4.918580479668880658e-03,4.718306606594062369e-02,-3.310524161444949008e-03,1.454752849099831824e-01,-1.450136558867289385e-02,8.837672684585575053e-04,1.382042257426743326e-03,2.745993543723702522e-05,4.326178362198987784e-03,1.508880814995516102e-04,9.939389157993172498e-05,1.990662002101493272e-03,-4.194270212030954369e-03
2.350000000000000144e-01,0.000000000000000000e+00,2.339681813594466676e-03,2.866749437773316762e-03,2.339737121551149508e-03,2.864978714484544674e-03,1.000000000000000000e+00,1.000000000000000000e+00,8.887160111097794444e-04,1.389931255955134323e-03,9.639526277207207967e-04,4.339779533867097437e-03,4.646968007464376965e-02,-2.325395813793669237e-03,1.407032050461604900e-01,-4.338576378026865257e-03,8.838420120641542806e-04,1.384059606866381133e-03,2.710396079883504658e-04,3.744270888719690351e-03,1.508880814995516102e-04,9.939389157993172498e-05,1.595357626556379201e-03,-3.727042816556367516e-03
2.355000000000000149e-01,0.000000000000000000e+00,2.340441638059789428e-03,2.868663836439546561e-03,2.340134452087755910e-03,2.865470563622467010e-03,1.000000000000000000e+00,1.000000000000000000e+00,8.892980704191857369e-04,1.391845654621363688e-03,1.164118618812645233e-03,3.828797332458874769e-03,4.587261969578752124e-02,-1.434626561542424582e-03,1.390991223923935816e-01,-1.939854153580365193e-03,8.840241970306127097e-04,1.385802914661415832e-03,4.573323399734086558e-04,3.229891271868778283e-03,1.508880814995516102e-04,9.939389157993172498e-05,1.265858447194913392e-03,-3.305357284746694626e-03
2.360000000000000153e-01,0.000000000000000000e+00,2.341300593116896894e-03,2.870353338847681651e-03,2.340507042430817457e-03,2.865978836069821810e-03,1.000000000000000000e+00,1.000000000000000000e+00,8.899560681675720798e-04,1.393535157029498995e-03,1.315995496772675005e-03,3.379004816270501400e-03,4.978478591717878238e-02,6.977405511966125636e-03,1.548825401328737250e-01,2.977576454872496448e-02,8.786048897708603495e-04,1.380869217401443048e-03,-4.705313501725570191e-05,2.048419797696692229e-03,3.179854599471165929e-04,2.886154810055554685e-04,3.266392482466533645e-03,2.220864513351136250e-04
2.365000000000000158e-01,0.000000000000000000e+00,2.342453431094126091e-03,2.872083287178500699e-03,2.340854778820533090e-03,2.866504215864325300e-03,1.000000000000000000e+00,1.000000000000000000e+00,8.908391932938448379e-04,1.395265105360317826e-03,1.766250252545561962e-03,3.459896661637696519e-03,4.857324438641338199e-02,6.258742400672230935e-03,1.470754429619921810e-01,1.983849222047111976e-02,8.786865692698405186e-04,1.381907673962522653e-03,3.729540755094197827e-04,2.105257052750335919e-03,3.179854599471165929e-04,2.886154810055554685e-04,2.595021065967974012e-03,-9.201019032437399939e-05
2.370000000000000162e-01,0.000000000000000000e+00,2.343835904931095612e-03,2.873830553136937256e-03,2.341177560703182510e-03,2.867047376685177146e-03,1.000000000000000000e+00,1.000000000000000000e+00,8.918982296944128136e-04,1.397012371318754817e-03,2.118072801135969987e-03,3.494531916873819862e-03,4.755816022382883257e-02,5.688000751805945103e-03,1.443532434283550936e-01,1.825031528436940609e-02,8.789538685436008901e-04,1.382963137970514645e-03,6.956076195897621965e-04,2.116537231665156608e-03,3.179854599471165929e-04,2.886154810055554685e-04,2.034820133395445416e-03,-3.389055638769267274e-04
2.375000000000000167e-01,0.000000000000000000e+00,2.345394331249910091e-03,2.875576898693902195e-03,2.341475300226513769e-03,2.867608979231469138e-03,1.000000000000000000e+00,1.000000000000000000e+00,8.930920535159510634e-04,1.398758716875719539e-03,2.387647643076532683e-03,3.492691113929484795e-03,4.671280589615064982e-02,5.242020704874987384e-03,1.420790740154362075e-01,1.700470809839689859e-02,8.793621384545724203e-04,1.384015264968649827e-03,9.369888017952914374e-04,2.091978594606522419e-03,3.179854599471165929e-04,2.886154810055554685e-04,1.570465423464089804e-03,-5.293027827634267171e-04
2.380000000000000171e-01,0.000000000000000000e+00,2.347084134538858502e-03,2.877308197427347336e-03,2.341747921735127386e-03,2.868189668600591713e-03,1.000000000000000000e+00,1.000000000000000000e+00,8.943865179354139024e-04,1.400490015609164463e-03,2.588928838925643253e-03,3.462597466889678378e-03,3.818691139534507312e-02,-5.050617927737270987e-04,1.097953379156927506e-01,-4.947235088925596401e-03,8.912974297668775636e-04,1.393290959111509984e-03,2.403328559466889197e-03,2.972298854030025472e-03,-1.791083545102717584e-05,4.623901809352523590e-05,-2.819481964480897909e-03,-2.922702442468212789e-03
2.385000000000000175e-01,0.000000000000000000e+00,2.348476442027269771e-03,2.878844802554207313e-03,2.341995361265858736e-03,2.868790071666639171e-03,1.000000000000000000e+00,1.000000000000000000e+00,8.954530873500245050e-04,1.402026620736024657e-03,2.133138829221232612e-03,3.073210253720301544e-03,3.801465585043548034e-02,-5.305540770760694066e-04,1.161638709053841451e-01,-3.076458035691591840e-04,8.923869255355650759e-04,1.394680263452265133e-03,1.955481264929888156e-03,2.585615393922809611e-03,-1.791083545102717584e-05,4.623901809352523590e-05,-2.876892386465425885e-03,-2.905027307779274853e-03
2.390000000000000180e-01,0.000000000000000000e+00,2.349565924990944590e-03,2.880188006982362277e-03,2.342217566043167803e-03,2.869410794458818366e-03,1.000000000000000000e+00,1.000000000000000000e+00,8.962876797202202735e-04,1.403369825164179404e-03,1.669184740391497666e-03,2.686408856309418711e-03,3.893775878960614723e-02,1.878985333694161070e-04,1.196509225672088145e-01,2.337990263400412452e-03,8.932504444687953743e-04,1.395876874143355028e-03,1.499445626365608977e-03,2.201526509140048354e-03,-1.791083545102717584e-05,4.623901809352523590e-05,-2.354834254672818084e-03,-2.567311350534868565e-03
2.395000000000000184e-01,0.000000000000000000e+00,2.350402229261232094e-03,2.881362362561804957e-03,2.342414493974518969e-03,2.870052419539854786e-03,1.000000000000000000e+00,1.000000000000000000e+00,8.969283259592307055e-04,1.404544180743622301e-03,1.281292478020908945e-03,2.348711158885678774e-03,3.973502666627719282e-02,8.288685217479309581e-04,1.217543777859272508e-01,4.068751919406859464e-03,8.939048671039799250e-04,1.396893672799666419e-03,1.118957564383495085e-03,1.866279395289647137e-03,-1.791083545102717584e-05,4.623901809352523590e-05,-1.904910352892309235e-03,-2.266532686588564570e-03
2.399999999999999911e-01,0.000000000000000000e+00,2.351028147667036817e-03,2.882389733073880637e-03,2.342586113145771632e-03,2.870715503384398213e-03,1.000000000000000000e+00,1.000000000000000000e+00,8.974078072758434176e-04,1.405571551255697981e-03,9.589626332253833136e-04,2.054741024151169031e-03,4.338367399779773093e-02,5.339807941046856125e-03,1.350736662083638351e-01,2.091411006415952803e-02,8.902580850608566871e-04,1.395652714590511160e-03,3.366449321423647988e-04,1.336831987813279221e-03,1.034503124825072166e-04,1.080191296142329991e-04,3.455412170982755451e-06,-3.640740097543160997e-04
2.404999999999999916e-01,0.000000000000000000e+00,2.351628855495846611e-03,2.883412700898985680e-03,2.342732401316558691e-03,2.871400573757429669e-03,1.000000000000000000e+00,1.000000000000000000e+00,8.978679761700410688e-04,1.406594519080802807e-03,9.203377883952484125e-04,2.045935650209522970e-03,4.344323325043675937e-02,5.053424582151878723e-03,1.321698708457949012e-01,1.594729742981146683e-02,8.904152467953354482e-04,1.396317654209802868e-03,2.920824280970043922e-04,1.322928305991537355e-03,1.034503124825072166e-04,1.080191296142329991e-04,3.865489346144771593e-05,-4.869210361517943629e-04
2.409999999999999920e-01,0.000000000000000000e+00,2.352207561752551850e-03,2.884422250323251044e-03,2.342853345415679342e-03,2.872108127092669674e-03,1.000000000000000000e+00,1.000000000000000000e+00,8.983112908821886148e-04,1.407604068505068171e-03,8.866294242950950415e-04,2.019098848530902646e-03,4.349734192347774753e-02,4.833841782992450570e-03,1.323113657820187694e-01,1.532744483912478264e-02,8.905513863594913346e-04,1.396971186706078873e-03,2.525473022971470513e-04,1.291238396319429205e-03,1.034503124825072166e-04,1.080191296142329991e-04,7.059856230477563562e-05,-5.796101460842447871e-04
2.414999999999999925e-01,0.000000000000000000e+00,2.352767167544371572e-03,2.885411559844126839e-03,2.342948941036477120e-03,2.872838625870984333e-03,1.000000000000000000e+00,1.000000000000000000e+00,8.987399737893492484e-04,1.408593378025943966e-03,8.573658143213277235e-04,1.978619041751456496e-03,4.354633422903776696e-02,4.670001568777905863e-03,1.324399907046958091e-01,1.486118508249101820e-02,8.906688998345437414e-04,1.397605511164692720e-03,2.175699426823454903e-04,1.246122899846773815e-03,1.034503124825072166e-04,1.080191296142329991e-04,9.949659547382488261e-05,-6.472323988899359197e-04
2.419999999999999929e-01,0.000000000000000000e+00,2.353310286076422484e-03,2.886375631811888449e-03,2.343019191932227061e-03,2.873592495998789249e-03,1.000000000000000000e+00,1.000000000000000000e+00,8.991560267227816702e-04,1.409557449993705577e-03,8.321058668648999334e-04,1.928143935523184962e-03,5.301618784454243533e-02,5.082918348961228475e-03,1.691625229190858726e-01,1.658296967400403263e-02,8.780297459718863730e-04,1.399952355317403852e-03,-1.254653273258381522e-03,1.387782204460245774e-03,4.780724859734036760e-04,5.692748616743593856e-05,4.967333243396566782e-03,-4.670902863508336988e-04
2.424999999999999933e-01,0.000000000000000000e+00,2.354311494084058379e-03,2.887327556130424994e-03,2.343064109511522851e-03,2.874370124186461685e-03,1.000000000000000000e+00,1.000000000000000000e+00,8.999229965534374757e-04,1.410509374312242338e-03,1.533939661311671662e-03,1.903848637073715482e-03,5.136085459596911873e-02,4.820438951302683135e-03,1.550203712049668670e-01,1.520064950381365063e-02,8.775671409195840485e-04,1.400640229579499813e-03,-5.970239312026946179e-04,1.363735450991774775e-03,4.780724859734036760e-04,5.692748616743593856e-05,4.044436831373846714e-03,-5.791359189441968236e-04
2.429999999999999938e-01,0.000000000000000000e+00,2.355682418029062322e-03,2.888259162317899365e-03,2.343083712333661386e-03,2.875171855326743176e-03,1.000000000000000000e+00,1.000000000000000000e+00,9.009731852234466147e-04,1.411440980499716925e-03,2.100377340018352943e-03,1.863212374949116618e-03,4.995928462839708400e-02,4.621607163560053320e-03,1.512893777959588293e-01,1.463504619887891905e-02,8.773998238831514328e-04,1.401312025467480382e-03,-7.325295308618169545e-05,1.323500687770006769e-03,4.780724859734036760e-04,5.692748616743593856e-05,3.265690493879907803e-03,-6.624958005162741781e-04
2.434999999999999942e-01,0.000000000000000000e+00,2.357348383783147618e-03,2.889164366512082457e-03,2.343078025604022983e-03,2.875997989873145186e-03,1.000000000000000000e+00,1.000000000000000000e+00,9.022493890317900053e-04,1.412346184693900018e-03,2.552407616686717777e-03,1.810408388366402518e-03,4.877837310883885447e-02,4.475723875785102453e-03,1.481383006106162525e-01,1.421551047278949570e-02,8.774660886573657686e-04,1.401960687714532946e-03,3.375134855486564087e-04,1.271225096490145260e-03,4.780724859734036760e-04,5.692748616743593856e-05,2.612049198661499545e-03,-7.220908220591651990e-04
2.439999999999999947e-01,0.000000000000000000e+00,2.359246607222090925e-03,2.890038813495646002e-03,2.343047080669463308e-03,2.876848781218360393e-03,1.000000000000000000e+00,1.000000000000000000e+00,9.037035125489906130e-04,1.413220631677463562e-03,2.908247034401224146e-03,1.748893967127033251e-03,3.922559386257538222e-02,7.182298830176519697e-03,1.122345670806832035e-01,2.482500752802615715e-02,8.961295134096180538e-04,1.400347789181682814e-03,2.736818586883427509e-03,9.576835313086949283e-04,-6.343132794442404084e-05,1.225960603716307799e-04,-2.260259489401480852e-03,4.006772075115030973e-04
2.444999999999999951e-01,0.000000000000000000e+00,2.360895571237259759e-03,2.890967355962070079e-03,2.342990914513695764e-03,2.877724433072666611e-03,1.000000000000000000e+00,1.000000000000000000e+00,9.049666922697140962e-04,1.414149174143887640e-03,2.526359441446907831e-03,1.857084932848052008e-03,3.376074079603115508e-02,8.268681887984598994e-03,9.896408770976075631e-02,2.678018431170967051e-02,8.974060149666007735e-04,1.400852145343708163e-03,2.369850580572552875e-03,1.059524689941479438e-03,-6.343132794442404084e-05,1.225960603716307799e-04,-5.119955705889538480e-03,8.592660327539706740e-04
2.449999999999999956e-01,0.000000000000000000e+00,2.362024194108958836e-03,2.891983214601716052e-03,2.342909569252672568e-03,2.878625096842332871e-03,1.000000000000000000e+00,1.000000000000000000e+00,9.058312675489562510e-04,1.415165032783533396e-03,1.729150558484348872e-03,2.031717279291628177e-03,3.553929604107530088e-02,7.404231658784590081e-03,1.101155141050496195e-01,2.257065522705055741e-02,8.983955639520773860e-04,1.401424009459720189e-03,1.589819655745695719e-03,1.227584465235612285e-03,-6.343132794442404084e-05,1.225960603716307799e-04,-4.121074815107577533e-03,4.734682584108352655e-04
2.454999999999999960e-01,0.000000000000000000e+00,2.362727505280839101e-03,2.893058240487887851e-03,2.342803091629974948e-03,2.879550869008027682e-03,1.000000000000000000e+00,1.000000000000000000e+00,9.063700351639582091e-04,1.416240058669704979e-03,1.077535230003967602e-03,2.150051772342972609e-03,3.705813406887444733e-02,6.696245207115272824e-03,1.141517647490875725e-01,2.060991528522897534e-02,8.990313054003899870e-04,1.402065926046274684e-03,9.543536375700603473e-04,1.339840072557391213e-03,-6.343132794442404084e-05,1.225960603716307799e-04,-3.270290067073493810e-03,1.592923633275476866e-04
2.459999999999999964e-01,0.000000000000000000e+00,2.363086465398814458e-03,2.894169495585378546e-03,2.342671532512198562e-03,2.880501788503225975e-03,1.000000000000000000e+00,1.000000000000000000e+00,9.066450145676348358e-04,1.417351313767195673e-03,5.499588073532140362e-04,2.222510194981311502e-03,3.297240095942732818e-02,-1.669499819034682376e-03,9.670898009382802862e-02,-1.124425465664372417e-02,9.056661663327026691e-04,1.413718395104273089e-03,1.153201174951029324e-03,2.647265098841061412e-03,-2.482695987713197622e-04,-1.998503416644872898e-04,-5.323601372671933965e-03,-3.301369034083873923e-03
2.464999999999999969e-01,0.000000000000000000e+00,2.362900339629547385e-03,2.895054960693439934e-03,2.342514946384331546e-03,2.881477834092613030e-03,1.000000000000000000e+00,1.000000000000000000e+00,9.065024339563663948e-04,1.418236778875257278e-03,-2.851612225367787480e-04,1.770930216123147143e-03,3.506310413426450001e-02,-8.206501529511871142e-04,1.078753621359115344e-01,-1.000317143690267717e-03,9.060420798189732861e-04,1.414935754129903033e-03,3.519912987906025689e-04,2.222947321376418824e-03,-2.482695987713197622e-04,-1.998503416644872898e-04,-4.158425015135985663e-03,-2.905556485377844798e-03
2.469999999999999973e-01,0.000000000000000000e+00,2.362280233041828478e-03,2.895743691745678635e-03,2.342333390845148175e-03,2.882478921750493590e-03,1.000000000000000000e+00,1.000000000000000000e+00,9.060274047507027931e-04,1.418925509927495979e-03,-9.500584113272795726e-04,1.377462104477497271e-03,3.682821965879383430e-02,-6.972296256562731027e-05,1.125945884642761685e-01,1.022180973503003173e-03,9.060596592869435808e-04,1.415955332263089863e-03,-2.804484309890064014e-04,1.856037746967215563e-03,-2.482695987713197622e-04,-1.998503416644872898e-04,-3.178029906956556482e-03,-2.556108038392512771e-03
2.474999999999999978e-01,0.000000000000000000e+00,2.361319695806766115e-03,2.896261368546336912e-03,2.342126926102588644e-03,2.883504902039200554e-03,1.000000000000000000e+00,1.000000000000000000e+00,9.052915905393745790e-04,1.419443186728154256e-03,-1.471628422656500942e-03,1.035353601316670209e-03,3.831074268256394466e-02,5.927559027214122011e-04,1.165699539041064187e-01,2.806856586733356279e-03,9.057965960216246863e-04,1.416804153636388140e-03,-7.708443078898931811e-04,1.539828478280641467e-03,-2.482695987713197622e-04,-1.998503416644872898e-04,-2.357705551364856853e-03,-2.248456786015815608e-03
2.479999999999999982e-01,0.000000000000000000e+00,2.360097070806988113e-03,2.896630627231477559e-03,2.341895614469145792e-03,2.884555557487495855e-03,1.000000000000000000e+00,1.000000000000000000e+00,9.043550054522761332e-04,1.419812445413294903e-03,-1.873170174196791063e-03,7.385173702814305753e-04,4.426244432987742200e-02,-1.963091749971494770e-03,1.382067160336518108e-01,-7.812379756005476475e-03,8.982555641726487411e-04,1.423725842499862010e-03,-1.941370498099560717e-03,1.971948394563781230e-03,-4.059739638557347116e-05,-3.827414169222066926e-04,7.357717682652475076e-04,-3.234685138458412868e-03
2.484999999999999987e-01,0.000000000000000000e+00,2.358913728795025005e-03,2.896773268532480596e-03,2.341639519857248788e-03,2.885630599968983488e-03,1.000000000000000000e+00,1.000000000000000000e+00,9.034485128797026298e-04,1.419955086714297940e-03,-1.812985145146967176e-03,2.852826020059261039e-04,4.446306445201229918e-02,-9.921600874208131703e-04,1.339369086040793078e-01,-2.054707803598220753e-03,8.973018965612061153e-04,1.424608989636193474e-03,-1.873395642337448777e-03,1.561402408995901528e-03,-4.059739638557347116e-05,-3.827414169222066926e-04,8.372096656709001293e-04,-2.787683881042140720e-03
2.489999999999999991e-01,0.000000000000000000e+00,2.357779398364870556e-03,2.896722257900643561e-03,2.341358707274650286e-03,2.886729668080511256e-03,1.000000000000000000e+00,1.000000000000000000e+00,9.025795653570222983e-04,1.419904076082460689e-03,-1.737895045360622745e-03,-1.020212636746478619e-04,4.460707979731433348e-02,-1.493347206537017156e-04,1.343646089574645208e-01,2.231261140988424936e-04,8.963859076756294049e-04,1.425303121088311413e-03,-1.790685575195186596e-03,1.215767004849910380e-03,-4.059739638557347116e-05,-3.827414169222066926e-04,9.075291615978769164e-04,-2.400626656809067960e-03
2.494999999999999996e-01,0.000000000000000000e+00,2.356700853490037093e-03,2.896506195451557797e-03,2.341053242319808374e-03,2.887852324520579460e-03,1.000000000000000000e+00,1.000000000000000000e+00,9.017533520490014255e-04,1.419688013633375358e-03,-1.652426616041738697e-03,-4.321248981705955541e-04,4.470452195752271096e-02,5.799699683249088123e-04,1.346652369315592124e-01,2.194043631324221321e-03,8.955138381661127038e-04,1.425838520016311497e-03,-1.697739634834702143e-03,9.263693231346695417e-04,-4.059739638557347116e-05,-3.827414169222066926e-04,9.523761871432954388e-04,-2.066596798839595572e-03
2.500000000000000000e-01,0.000000000000000000e+00,2.355682449701713803e-03,2.896149819356884196e-03,2.340723190677276334e-03,2.888998053467750453e-03,1.000000000000000000e+00,1.000000000000000000e+00,9.009732094861052287e-04,1.419331637538701757e-03,-1.560285125792421415e-03,-7.127521893472944445e-04,3.723675624884427438e-02,7.249804212371678720e-03,1.056284489656921094e-01,2.735414648138087892e-02,9.034706523413257818e-04,1.422883436995494699e-03,-6.048279544926507718e-04,3.056353820687746862e-04,-2.987933504178485978e-04,-2.840019710640727738e-04,-2.907628463760688481e-03,7.999141281905966863e-04
2.505000000000000004e-01,0.000000000000000000e+00,2.354349462615538263e-03,2.895863267709243918e-03,2.340368617613081993e-03,2.890166257959048655e-03,1.000000000000000000e+00,1.000000000000000000e+00,8.999520821359911294e-04,1.419045085891061262e-03,-2.042254700228184755e-03,-5.731032952811958075e-04,3.866186853615252716e-02,6.580977616821697025e-03,1.172835080245270278e-01,1.912293705099069388e-02,9.030561259722052776e-04,1.423078159117637615e-03,-1.052394478446551807e-03,4.729215493270150358e-04,-2.987933504178485978e-04,-2.840019710640727738e-04,-2.121044677167162069e-03,4.972691437241805049e-04
2.510000000000000009e-01,0.000000000000000000e+00,2.352777100469063097e-03,2.895624856861428453e-03,2.339989587470117909e-03,2.891356257268374447e-03,1.000000000000000000e+00,1.000000000000000000e+00,8.987475828511132725e-04,1.418806675043246014e-03,-2.408998569755727275e-03,-4.768216956303903071e-04,3.984776715360679317e-02,6.025141135938675598e-03,1.204788960428528066e-01,1.757661549678164389e-02,9.024463815096073248e-04,1.423345615721110288e-03,-1.385913972690066632e-03,5.966549633920637799e-04,-2.987933504178485978e-04,-2.840019710640727738e-04,-1.469524298116987957e-03,2.465973779276084085e-04
2.515000000000000013e-01,0.000000000000000000e+00,2.351027739343952705e-03,2.895416681357772335e-03,2.339586163163521592e-03,2.892567284284905480e-03,1.000000000000000000e+00,1.000000000000000000e+00,8.974074944822139866e-04,1.418598499539589679e-03,-2.680176737798524791e-03,-4.163510073128811749e-04,4.082778312128294146e-02,5.566486005637014123e-03,1.231293812840915103e-01,1.629585693000813046e-02,9.016935495165606879e-04,1.423665911765075939e-03,-1.624922354216121927e-03,6.843471618835975361e-04,-2.987933504178485978e-04,-2.840019710640727738e-04,-9.339925637051960453e-04,4.053220842359747016e-05
2.520000000000000018e-01,0.000000000000000000e+00,2.349152735213892555e-03,2.895224077927641831e-03,2.339158405676064392e-03,2.893798482891507973e-03,1.000000000000000000e+00,1.000000000000000000e+00,8.959711579875562692e-04,1.418405896109459175e-03,-2.872672989315489065e-03,-3.852068602612204653e-04,4.071970869210927296e-02,1.503220265183278885e-02,1.217713988181497592e-01,5.346241498042783591e-02,9.008180631685240754e-04,1.416713964928087519e-03,-1.788755920940605839e-03,-8.442308103876150450e-05,-2.981282048985904338e-04,-6.909247161769611738e-05,-9.819208047193311601e-04,4.051715286102039633e-03
2.525000000000000022e-01,0.000000000000000000e+00,2.347148347009193371e-03,2.895342738971670715e-03,2.338706373553540389e-03,2.895048905343177922e-03,1.000000000000000000e+00,1.000000000000000000e+00,8.944357075414932330e-04,1.418524557153488276e-03,-3.070900892126038947e-03,2.373220880579861303e-04,4.157465082364987519e-02,1.282702555428657382e-02,1.250792782802272740e-01,3.708548028105909666e-02,8.998817158489237026e-04,1.416828508934566983e-03,-1.956273325627355935e-03,5.413819759129314801e-04,-2.981282048985904338e-04,-6.909247161769611738e-05,-5.177688104569865089e-04,3.052936178620337289e-03
2.530000000000000027e-01,0.000000000000000000e+00,2.345059139664083282e-03,2.895700108718338769e-03,2.338230122422865417e-03,2.896317509845455166e-03,1.000000000000000000e+00,1.000000000000000000e+00,8.928352818642482222e-04,1.418881926900156113e-03,-3.200851354489922442e-03,7.147394933357641015e-04,4.226838666283044832e-02,1.097856304732862040e-02,1.269750555695266236e-01,3.199447476880230151e-02,8.988784918781336916e-04,1.417219802979642791e-03,-2.056390618954364712e-03,1.022846345215130785e-03,-2.981282048985904338e-04,-6.909247161769611738e-05,-1.439745980631822577e-04,2.218648042966766144e-03
2.535000000000000031e-01,0.000000000000000000e+00,2.342921092978763123e-03,2.896235597144443744e-03,2.337729704826292144e-03,2.897603160915842614e-03,1.000000000000000000e+00,1.000000000000000000e+00,8.911974430818298378e-04,1.419417415326260871e-03,-3.275677564836722809e-03,1.070976852209610131e-03,4.282503335470641548e-02,9.438376631827564284e-03,1.285051517302734647e-01,2.774407991495956086e-02,8.978388177669597041e-04,1.417821633394693130e-03,-2.102177800761990782e-03,1.383753138565734127e-03,-2.981282048985904338e-04,-6.909247161769611738e-05,1.531902664356337438e-04,1.526226656604600003e-03
2.540000000000000036e-01,0.000000000000000000e+00,2.340762905654061865e-03,2.896898933759035552e-03,2.337205170583604719e-03,2.898904634393565348e-03,1.000000000000000000e+00,1.000000000000000000e+00,8.895441756745323548e-04,1.420080751940852679e-03,-3.306534814595040589e-03,1.326673229183684402e-03,4.576506314574224632e-02,1.483718733979279801e-02,1.394317458680475186e-01,5.013599019388214478e-02,8.921501932520308886e-04,1.414611455940907505e-03,-2.629314167608220922e-03,1.195761462311306688e-03,-1.617818315761502266e-04,4.756785166909766608e-05,1.653992298616771030e-03,3.837413337526456893e-03
2.545000000000000040e-01,0.000000000000000000e+00,2.338732354206134526e-03,2.897857296957449293e-03,2.336656567288802628e-03,2.900220623633451098e-03,1.000000000000000000e+00,1.000000000000000000e+00,8.879886830213805935e-04,1.421039115139266420e-03,-3.110985306303569887e-03,1.916726396827655044e-03,4.569687771076611643e-02,1.246405664762356529e-02,1.367604197739148153e-01,3.656457018436394535e-02,8.908880066529691359e-04,1.415355233341909682e-03,-2.419790583820183392e-03,1.778191292137755106e-03,-1.617818315761502266e-04,4.756785166909766608e-05,1.602187175599680338e-03,2.769409969726177850e-03
2.550000000000000044e-01,0.000000000000000000e+00,2.336824768564547440e-03,2.899032975180712395e-03,2.336083940809201027e-03,2.901549745720886746e-03,1.000000000000000000e+00,1.000000000000000000e+00,8.865273876408692917e-04,1.422214793362529739e-03,-2.922590761022657302e-03,2.351356446526574155e-03,4.560717590671933830e-02,1.049439676158128894e-02,1.365697468659223257e-01,3.112784899190914126e-02,8.897287410342233534e-04,1.416351549116031880e-03,-2.217619885998220203e-03,2.206204668344534901e-03,-1.617818315761502266e-04,4.756785166909766608e-05,1.539461137348718768e-03,1.886838609266821946e-03
2.555000000000000049e-01,0.000000000000000000e+00,2.335034441035280933e-03,2.900361746363419157e-03,2.335487335784503741e-03,2.902890547686763113e-03,1.000000000000000000e+00,1.000000000000000000e+00,8.851559171857114857e-04,1.423543564545236501e-03,-2.742940910315612088e-03,2.657542365413322148e-03,4.550203853831301382e-02,8.871519114094814779e-03,1.363328770632254716e-01,2.663824526440453783e-02,8.886683242094245080e-04,1.417529910203898852e-03,-2.024381832244105672e-03,2.506612964542203562e-03,-1.617818315761502266e-04,4.756785166909766608e-05,1.469157476130578122e-03,1.163292259304245409e-03
2.560000000000000053e-01,0.000000000000000000e+00,2.333354943665979283e-03,2.901790956555001452e-03,2.334866796125889717e-03,2.904241512722409782e-03,1.000000000000000000e+00,1.000000000000000000e+00,8.838693475587251986e-04,1.424972774736818796e-03,-2.573139253972472288e-03,2.858420383164421603e-03,4.321368066730915669e-02,8.749620943600464745e-03,1.276250963032163344e-01,2.763661200028066575e-02,8.890173072045717611e-04,1.420565970758091686e-03,-1.692367225310953448e-03,2.898550977171122402e-03,-2.004576112997651430e-04,-3.411030973805565656e-06,2.587207862205333827e-04,1.198241618746295799e-03
2.565000000000000058e-01,0.000000000000000000e+00,2.331670529737703453e-03,2.903315465891617014e-03,2.334222365515104675e-03,2.905601066394561567e-03,1.000000000000000000e+00,1.000000000000000000e+00,8.825790116290575067e-04,1.426497284073434575e-03,-2.580671859335485242e-03,3.049018673231620753e-03,4.353211924059927074e-02,7.345314860835066781e-03,1.308113059138143464e-01,2.236879437289935116e-02,8.881736783778748385e-04,1.422062940010415189e-03,-1.682136028098273582e-03,3.088900565517342049e-03,-2.004576112997651430e-04,-3.411030973805565656e-06,4.261102409819825763e-04,5.767406416225934456e-04
2.570000000000000062e-01,0.000000000000000000e+00,2.329997401390877017e-03,2.904890101722084998e-03,2.333554087903540186e-03,2.906967582860291166e-03,1.000000000000000000e+00,1.000000000000000000e+00,8.812973209563460973e-04,1.428071919903902559e-03,-2.563381345422818813e-03,3.149271660936074461e-03,4.377778418478946165e-02,6.212926324328991307e-03,1.315026778614739600e-01,1.921289810729782249e-02,8.873412701283518028e-04,1.423632585715843861e-03,-1.647532573777295371e-03,3.189428117078747099e-03,-2.004576112997651430e-04,-3.411030973805565656e-06,5.531330075926268628e-04,7.923064590481304539e-05
2.575000000000000067e-01,0.000000000000000000e+00,2.328347925077386797e-03,2.906478709777579258e-03,2.332862008011323159e-03,2.908339391081964358e-03,1.000000000000000000e+00,1.000000000000000000e+00,8.800337487923406412e-04,1.429660527959396386e-03,-2.527144328010940723e-03,3.177216110987513518e-03,4.396262257687388181e-02,5.311188060936412707e-03,1.320299497574011494e-01,1.668954621977654720e-02,8.865308060528653616e-04,1.425234486635562191e-03,-1.594396078038731171e-03,3.218059537529436003e-03,-2.004576112997651430e-04,-3.411030973805565656e-06,6.465460645266215807e-04,-3.134019103787772363e-04
2.580000000000000071e-01,0.000000000000000000e+00,2.326731273316906285e-03,2.908052763594094585e-03,2.332146171826397947e-03,2.909714781042181328e-03,1.000000000000000000e+00,1.000000000000000000e+00,8.787953216947659097e-04,1.431234581775911712e-03,-2.476854195149365973e-03,3.148107633030455994e-03,4.656527598977330817e-02,2.455747927691289551e-03,1.420065405976482786e-01,6.357246162676118660e-03,8.808459933190990665e-04,1.431964722107658371e-03,-2.082441598688369259e-03,3.770139553677056502e-03,-5.624687447548667546e-05,-1.542051373738032830e-04,1.961446958133222004e-03,-1.380086928720552272e-03
2.585000000000000075e-01,0.000000000000000000e+00,2.325277642552756388e-03,2.909523006972241158e-03,2.331406627103610203e-03,2.911092009958726225e-03,1.000000000000000000e+00,1.000000000000000000e+00,8.776817759255420813e-04,1.432704825154058285e-03,-2.227091538447622913e-03,2.940486756293273201e-03,4.626199615265887827e-02,2.194021587998520092e-03,1.387388225138124764e-01,7.689074457699222008e-03,8.798677689334402467e-04,1.433801791458099969e-03,-1.830906448143976989e-03,3.578439935436795831e-03,-5.624687447548667546e-05,-1.542051373738032830e-04,1.782560697396611471e-03,-1.480935624722999307e-03
2.590000000000000080e-01,0.000000000000000000e+00,2.323970107451296414e-03,2.910882300050529614e-03,2.330643423863797224e-03,2.912469308499515859e-03,1.000000000000000000e+00,1.000000000000000000e+00,8.766801459268856083e-04,1.434064118232346958e-03,-2.003259997313001136e-03,2.718586156577178573e-03,4.598224331366505824e-02,2.031781125216138104e-03,1.380294609960940333e-01,7.186980263629925113e-03,8.790088393160309802e-04,1.435539389888132195e-03,-1.605216945380108203e-03,3.372287640221148519e-03,-5.624687447548667546e-05,-1.542051373738032830e-04,1.617974467501243335e-03,-1.537678827583735704e-03
2.595000000000000084e-01,0.000000000000000000e+00,2.322793101641745447e-03,2.912126708005820328e-03,2.329856614892872237e-03,2.913844886997547963e-03,1.000000000000000000e+00,1.000000000000000000e+00,8.757785071669603547e-04,1.435308526187637672e-03,-1.803277519850430546e-03,2.488815910581257222e-03,4.572530011843942838e-02,1.949970947794832507e-03,1.373760056227106563e-01,6.908938334789590900e-03,8.782567997187345956e-04,1.437171887358845365e-03,-1.403304327834077559e-03,3.158055728193511456e-03,-5.624687447548667546e-05,-1.542051373738032830e-04,1.467164238072647718e-03,-1.559011070054414213e-03
2.600000000000000089e-01,0.000000000000000000e+00,2.321732367739103454e-03,2.913254868647688171e-03,2.329046256240902175e-03,2.915216941665837742e-03,1.000000000000000000e+00,1.000000000000000000e+00,8.749659378552136378e-04,1.436436686829505515e-03,-1.625138623493378601e-03,2.256321283735688091e-03,4.236396575235003986e-02,1.285050924983861635e-02,1.246351421281763350e-01,4.921277567601427955e-02,8.799669752997384695e-04,1.429509607740213004e-03,-9.554174215857756929e-04,1.901497758438124627e-03,-1.258394273322123262e-04,1.159335079535481498e-04,-2.985380605577290722e-04,3.118840508673945307e-03
2.605000000000000093e-01,0.000000000000000000e+00,2.320618268690034618e-03,2.914608702873692364e-03,2.328212407721201929e-03,2.916583660812381747e-03,1.000000000000000000e+00,1.000000000000000000e+00,8.741124884695902113e-04,1.437790521055509491e-03,-1.706898771246855538e-03,2.707668452008094896e-03,4.268549812044280384e-02,1.108639556437667449e-02,1.287101248600819869e-01,3.325031102050936271e-02,8.794712479658718446e-04,1.430569960589986268e-03,-1.027333806953144779e-03,2.339025645640375583e-03,-1.258394273322123262e-04,1.159335079535481498e-04,-1.229169443800733692e-04,2.324150320457222477e-03
2.610000000000000098e-01,0.000000000000000000e+00,2.319467660334222168e-03,2.916130295588823668e-03,2.327355133409417763e-03,2.917943231055093560e-03,1.000000000000000000e+00,1.000000000000000000e+00,8.732310713324139629e-04,1.439312113770641012e-03,-1.762834274352532895e-03,3.043185430263215582e-03,4.303117024886569941e-02,9.350549763134728687e-03,1.297485790050576238e-01,2.815912512094697479e-02,8.789459455619159922e-04,1.431820284488141042e-03,-1.073765972378862722e-03,2.661597556068600809e-03,-1.258394273322123262e-04,1.159335079535481498e-04,6.348423393511256414e-05,1.550475783221462022e-03
2.615000000000000102e-01,0.000000000000000000e+00,2.318298416072012667e-03,2.917763269624977594e-03,2.326474502142605091e-03,2.919293843536749020e-03,1.000000000000000000e+00,1.000000000000000000e+00,8.723353782626994991e-04,1.440945087806794938e-03,-1.791386139428942197e-03,3.265948072307873085e-03,4.330793496887462568e-02,7.932075261378989869e-03,1.305132743353919211e-01,2.422787814434271617e-02,8.784041992727162221e-04,1.433203864727850821e-03,-1.093161123897034171e-03,2.872262849631111552e-03,-1.258394273322123262e-04,1.159335079535481498e-04,2.113829672379318684e-04,9.219973218273417150e-04
2.620000000000000107e-01,0.000000000000000000e+00,2.317124751274708943e-03,2.919461810197130237e-03,2.325570588018327067e-03,2.920633700139947057e-03,1.000000000000000000e+00,1.000000000000000000e+00,8.714362988666405924e-04,1.442643628378947581e-03,-1.798158792117788901e-03,3.397081144305266233e-03,4.184581733676488724e-02,1.552580491732443585e-02,1.245950663922933271e-01,5.498663651964540156e-02,8.780791131051884435e-04,1.427803496232547950e-03,-1.066087534669069286e-03,2.215172138806653299e-03,-1.323372889792505803e-04,3.178412332546100391e-04,-5.613753720063650822e-04,4.183575639726795983e-03
2.625000000000000111e-01,0.000000000000000000e+00,2.315873597241163186e-03,2.921462304887776154e-03,2.324643470893725857e-03,2.921961019702040176e-03,1.000000000000000000e+00,1.000000000000000000e+00,8.704778592717569725e-04,1.444644123069593281e-03,-1.916879189767155354e-03,4.000989381291591117e-03,4.238020351675517855e-02,1.293364675554127367e-02,1.278558963290324646e-01,3.869683163523120195e-02,8.775188094382218359e-04,1.429054209310225317e-03,-1.174895091259483063e-03,2.786525630701282199e-03,-1.323372889792505803e-04,3.178412332546100391e-04,-2.702990070091724800e-04,3.022657830241669025e-03
2.630000000000000115e-01,0.000000000000000000e+00,2.314572769993714606e-03,2.923679997717712909e-03,2.323693236884616462e-03,2.923274044230091823e-03,1.000000000000000000e+00,1.000000000000000000e+00,8.694813677873913273e-04,1.446861815899530253e-03,-1.992982968731357198e-03,4.435385659874137125e-03,4.281455649461528290e-02,1.079617390349742884e-02,1.290464010421295271e-01,3.279525640780702606e-02,8.769146647109476479e-04,1.430548516546633828e-03,-1.241531845601067394e-03,3.189865177060032062e-03,-1.323372889792505803e-04,3.178412332546100391e-04,-3.532347054197452541e-05,2.070276189233622496e-03
2.635000000000000120e-01,0.000000000000000000e+00,2.313244756007493477e-03,2.926045304839310426e-03,2.322719978864569695e-03,2.924571045115820743e-03,1.000000000000000000e+00,1.000000000000000000e+00,8.684640500528622437e-04,1.449227123021127987e-03,-2.034635469058249622e-03,4.730614243195459603e-03,4.316378091137469675e-02,9.048211470254856337e-03,1.300098834487968535e-01,2.795840871308786710e-02,8.762857321184718343e-04,1.432209963399795312e-03,-1.274111617321029878e-03,3.455344951900088217e-03,-1.323372889792505803e-04,3.178412332546100391e-04,1.520380666730954675e-04,1.296116955074547378e-03
2.640000000000000124e-01,0.000000000000000000e+00,2.311907518365985750e-03,2.928501608959469676e-03,2.321723796963996462e-03,2.925850329350547507e-03,1.000000000000000000e+00,1.000000000000000000e+00,8.674396665884555628e-04,1.451683427141287237e-03,-2.048766928813468020e-03,4.912608240318310122e-03,5.099189145688123176e-02,1.568103402774015257e-03,1.601060239512424599e-01,4.786460667570828238e-04,8.625555903723916909e-04,1.443281145590391557e-03,-2.760653931907094526e-03,4.661465412788810998e-03,2.526210760092373353e-04,4.422832594247836778e-05,4.143108061333781317e-03,-1.715752945455544876e-03
2.645000000000000129e-01,0.000000000000000000e+00,2.310953509994475609e-03,2.930813782196730558e-03,2.320704799069235082e-03,2.927110245740145375e-03,1.000000000000000000e+00,1.000000000000000000e+00,8.667088537767716084e-04,1.453995600378547902e-03,-1.461625623367815300e-03,4.624346474521231869e-03,5.078276201507449239e-02,6.428848555892910724e-04,1.529213583665830212e-01,3.146910331547160544e-03,8.613146992990139460e-04,1.445539648911510922e-03,-2.203942367507595937e-03,4.373021521945258221e-03,2.526210760092373353e-04,4.422832594247836778e-05,3.992250784620690607e-03,-2.094100545816779142e-03
2.650000000000000133e-01,0.000000000000000000e+00,2.310367905358483298e-03,2.932954320585309804e-03,2.319663101321634262e-03,2.928349191119981182e-03,1.000000000000000000e+00,1.000000000000000000e+00,8.662602545995046633e-04,1.456136138767127148e-03,-8.971983545338218808e-04,4.281076777158570115e-03,4.967987274020112948e-02,7.669182186264141780e-04,1.491147108013971267e-01,4.270806233420962501e-03,8.603466191717809098e-04,1.447640237856445081e-03,-1.669377536948708253e-03,4.029919801927302203e-03,2.526210760092373353e-04,4.422832594247836778e-05,3.370704025029539613e-03,-2.016594328025252819e-03
2.655000000000000138e-01,0.000000000000000000e+00,2.310091231524942675e-03,2.934928853873376361e-03,2.318598828616638251e-03,2.929565616569865770e-03,1.000000000000000000e+00,1.000000000000000000e+00,8.660483101467644036e-04,1.458110672055193489e-03,-4.238889054804390326e-04,3.949066576132730273e-03,4.872917063522480552e-02,9.370760975551684904e-04,1.466139544673605299e-01,4.682971727831729096e-03,8.596232410261111850e-04,1.449572084911743969e-03,-1.224968967008014786e-03,3.698038595061896739e-03,2.526210760092373353e-04,4.422832594247836778e-05,2.836289081173114755e-03,-1.919883897795288032e-03
2.660000000000000142e-01,0.000000000000000000e+00,2.310072296770994751e-03,2.936744406792223851e-03,2.317512115102875019e-03,2.930758033629002682e-03,1.000000000000000000e+00,1.000000000000000000e+00,8.660338052837208847e-04,1.459926224974041195e-03,-2.900972608707884154e-05,3.631105837695416429e-03,3.930465220692379996e-02,-2.157995635018765661e-03,1.110324386560787163e-01,-7.619237898969333928e-03,8.723372486543596281e-04,1.457544842006155625e-03,6.391871246808399163e-04,4.081968090567066922e-03,-1.365386260557533403e-04,-1.381792800369732851e-04,-2.031589456138994075e-03,-3.061706364720914036e-03
2.665000000000000147e-01,0.000000000000000000e+00,2.309835931005816377e-03,2.938305885434424995e-03,2.316403104681237501e-03,2.931925020510933386e-03,1.000000000000000000e+00,1.000000000000000000e+00,8.658527386027623559e-04,1.461487703616242339e-03,-3.621333619170595238e-04,3.122957284402364930e-03,3.686296009818058883e-02,-2.369594338134389886e-03,1.094191506512236789e-01,-6.017414767292263156e-03,8.725765292985953117e-04,1.459463073115627087e-03,3.185478046621181576e-04,3.591833730293547862e-03,-1.365386260557533403e-04,-1.381792800369732851e-04,-3.296666605267970472e-03,-3.117348189354753486e-03
2.670000000000000151e-01,0.000000000000000000e+00,2.309262358732437279e-03,2.939609453591675650e-03,2.315271951503972657e-03,2.933065228318483368e-03,1.000000000000000000e+00,1.000000000000000000e+00,8.654133567500132008e-04,1.462791271773493211e-03,-8.787637054983217250e-04,2.607136314501624745e-03,3.825810441325881717e-02,-1.496444021763620839e-03,1.166489602871177006e-01,-2.667601107589011832e-03,8.726097344721286172e-04,1.461134258680466588e-03,-1.847529747799916652e-04,3.093810536519934172e-03,-1.365386260557533403e-04,-1.381792800369732851e-04,-2.520635325973636775e-03,-2.705445456961989847e-03
2.675000000000000155e-01,0.000000000000000000e+00,2.308425463735205418e-03,2.940685252809022154e-03,2.314118820473762272e-03,2.934177387258712130e-03,1.000000000000000000e+00,1.000000000000000000e+00,8.647722579879097695e-04,1.463867070990839282e-03,-1.282197524206907160e-03,2.151598434692307115e-03,3.943050130245014800e-02,-7.107759961535026465e-04,1.197981186723069136e-01,-5.576202183853169823e-04,8.724194182098833194e-04,1.462571377430946272e-03,-5.757471402324415869e-04,2.655459674169961381e-03,-1.365386260557533403e-04,-1.381792800369732851e-04,-1.870808974720877425e-03,-2.335545767312363023e-03
2.680000000000000160e-01,0.000000000000000000e+00,2.307387140729070911e-03,2.941560365705956151e-03,2.312943887742812885e-03,2.935260312857857976e-03,1.000000000000000000e+00,1.000000000000000000e+00,8.639768564188977365e-04,1.464742183887773495e-03,-1.590803138024089129e-03,1.750225793868493947e-03,4.202233160158811570e-02,6.712220281042447639e-03,1.287001037290543271e-01,2.742746407151519863e-02,8.675669344665588823e-04,1.458082003657203531e-03,-1.380689615392233314e-03,1.623487701224588008e-03,-4.504783282079881741e-06,3.003741275017894551e-05,-5.336872318796087502e-04,8.756362547863217639e-04
2.685000000000000164e-01,0.000000000000000000e+00,2.306279702212090613e-03,2.942469032898451832e-03,2.311747341211937458e-03,2.936312912176285844e-03,1.000000000000000000e+00,1.000000000000000000e+00,8.631285092968692249e-04,1.465650851080269393e-03,-1.696694244056930591e-03,1.817334384991730429e-03,4.261640800543131657e-02,6.072647996987252765e-03,1.287388308568698514e-01,1.863572651172258621e-02,8.668495843571270799e-04,1.458910100191883981e-03,-1.488474826796281876e-03,1.688740683701461104e-03,-4.504783282079881741e-06,3.003741275017894551e-05,-2.100773627361924569e-04,5.941518594327242168e-04
2.690000000000000169e-01,0.000000000000000000e+00,2.305133841068280134e-03,2.943390771326338459e-03,2.310529381029642702e-03,2.937334190023434266e-03,1.000000000000000000e+00,1.000000000000000000e+00,8.622507287350673595e-04,1.466572589508155586e-03,-1.755561123603699642e-03,1.843476855772421168e-03,4.309699825742629303e-02,5.561529181373793540e-03,1.300670530740865027e-01,1.720793521647622643e-02,8.660900512573188343e-04,1.459760630672906744e-03,-1.549510582632270591e-03,1.713301499706899531e-03,-4.504783282079881741e-06,3.003741275017894551e-05,4.994600833868145622e-05,3.711187459126098157e-04
2.695000000000000173e-01,0.000000000000000000e+00,2.303974211904435271e-03,2.944309349444782994e-03,2.309290220091212049e-03,2.938323255172763191e-03,1.000000000000000000e+00,1.000000000000000000e+00,8.613624012580252442e-04,1.467491167626600555e-03,-1.776654954084226461e-03,1.837156236889798521e-03,4.348120260731618003e-02,5.158995275834543995e-03,1.311377717738727300e-01,1.607823380548235176e-02,8.653094071358226466e-04,1.460615365600598584e-03,-1.572990897721005844e-03,1.705620795151641285e-03,-4.504783282079881741e-06,3.003741275017894551e-05,2.561120735528472068e-04,1.973469292422486230e-04
2.700000000000000178e-01,0.000000000000000000e+00,2.302820355202541986e-03,2.945212118635093506e-03,2.308030084537794277e-03,2.939279326576701382e-03,1.000000000000000000e+00,1.000000000000000000e+00,8.604784957433843015e-04,1.468393936816910850e-03,-1.767811029281873792e-03,1.805538380620697698e-03,4.840548011892478741e-02,3.745376316653482862e-03,1.499386834540882563e-01,1.091824727767741823e-02,8.559818191516858433e-04,1.463675741168111912e-03,-2.533177132837242680e-03,1.923502016423380995e-03,2.466896550997357655e-04,-3.511675324217828709e-05,2.757119151692247454e-03,-3.336623403191049057e-04
2.705000000000000182e-01,0.000000000000000000e+00,2.301919044563714191e-03,2.946054977613805480e-03,2.306749214255484313e-03,2.940201739581590774e-03,1.000000000000000000e+00,1.000000000000000000e+00,8.597880517369861164e-04,1.469236795795622825e-03,-1.380888012796473554e-03,1.685717957423959329e-03,4.787874135140475496e-02,3.670798597106746716e-03,1.438936828367544385e-01,1.178383202915661392e-02,8.548051513621513680e-04,1.464608830932640892e-03,-2.174145357296261745e-03,1.809043598570515615e-03,2.466896550997357655e-04,-3.511675324217828709e-05,2.454064175042326712e-03,-3.582902754424204320e-04
2.710000000000000187e-01,0.000000000000000000e+00,2.301241055591501765e-03,2.946836196522762893e-03,2.305447863374412293e-03,2.941089952142637333e-03,1.000000000000000000e+00,1.000000000000000000e+00,8.592686820523266723e-04,1.470018014704580021e-03,-1.038739369318846450e-03,1.562437817914600702e-03,4.740655497946748287e-02,3.637430604259371363e-03,1.426902161705976002e-01,1.166488705936975269e-02,8.537969540708324106e-04,1.465483810366389290e-03,-1.859216036585959212e-03,1.691069702282279761e-03,2.466896550997357655e-04,-3.511675324217828709e-05,2.183035469855037092e-03,-3.648206071493398850e-04
2.715000000000000191e-01,0.000000000000000000e+00,2.300760211504521147e-03,2.947555360619590753e-03,2.304126300767826534e-03,2.941943551038855853e-03,1.000000000000000000e+00,1.000000000000000000e+00,8.589003341114885906e-04,1.470737178801408097e-03,-7.366958816761241379e-04,1.438328193656365685e-03,4.698448708357988446e-02,3.636847792438787676e-03,1.416136438780673801e-01,1.163773275137157739e-02,8.529363374491167119e-04,1.466299576735840193e-03,-1.583751773271959047e-03,1.572195324205514621e-03,2.466896550997357655e-04,-3.511675324217828709e-05,1.941355362936716565e-03,-3.570832316922838579e-04
2.720000000000000195e-01,0.000000000000000000e+00,2.300453128524173555e-03,2.948213091722909525e-03,2.302784810551180856e-03,2.942762258088017346e-03,1.000000000000000000e+00,1.000000000000000000e+00,8.586650949008171234e-04,1.471394909904727086e-03,-4.704784213429551317e-04,1.315462206637776649e-03,4.050563808008728756e-02,-5.364860098761707954e-03,1.169528871953666727e-01,-2.337418648386323239e-02,8.589281682860243437e-04,1.478827298387245083e-03,-5.828351697844773565e-04,2.786206124723094972e-03,4.898606503882525206e-05,-3.812425913910630804e-04,-1.436270374044951821e-03,-4.043767972876297946e-03
2.725000000000000200e-01,0.000000000000000000e+00,2.299993225909902073e-03,2.948528680592169167e-03,2.301423692565463669e-03,2.943545936226686123e-03,1.000000000000000000e+00,1.000000000000000000e+00,8.583127890587784583e-04,1.471710498773986728e-03,-7.046116840774110978e-04,6.311777385192551002e-04,4.027819512270558455e-02,-5.157737391293255522e-03,1.214766665018752190e-01,-1.517968139777282205e-02,8.585769870190499342e-04,1.480059087924954575e-03,-8.214142634429850032e-04,2.142153641577931346e-03,4.898606503882525206e-05,-3.812425913910630804e-04,-1.536429653451426179e-03,-3.907004207739536890e-03
2.730000000000000204e-01,0.000000000000000000e+00,2.299370937715675307e-03,2.948512543481168844e-03,2.300043262497462014e-03,2.944294592480524789e-03,1.000000000000000000e+00,1.000000000000000000e+00,8.578360886455728201e-04,1.471694361662986188e-03,-9.534008264112598177e-04,-3.227422200126881836e-05,4.117874207966193412e-02,-3.470431682176065152e-03,1.250368583827103919e-01,-9.088902220474055077e-03,8.581028814878731642e-04,1.480973877003199241e-03,-1.074499468540121442e-03,1.518177359102564853e-03,4.898606503882525206e-05,-3.812425913910630804e-04,-1.039555546840034359e-03,-3.134734047776144283e-03
2.735000000000000209e-01,0.000000000000000000e+00,2.298633340757718930e-03,2.948221276356122016e-03,2.298643851146098000e-03,2.945008373620887528e-03,1.000000000000000000e+00,1.000000000000000000e+00,8.572710565946686746e-04,1.471403094537939577e-03,-1.130064101808302308e-03,-5.825342500930487041e-04,4.192296813684319445e-02,-2.024939126050755676e-03,1.270651224445722705e-01,-5.152136269883772317e-03,8.575202096423736268e-04,1.481604705294808965e-03,-1.255814507619994712e-03,1.006104358952722216e-03,4.898606503882525206e-05,-3.812425913910630804e-04,-6.307812716704766596e-04,-2.474908324489055039e-03
2.740000000000000213e-01,0.000000000000000000e+00,2.297819145728715977e-03,2.947703290395680461e-03,2.297225803377288267e-03,2.945687559153510604e-03,1.000000000000000000e+00,1.000000000000000000e+00,8.566473470170858423e-04,1.470885108577497805e-03,-1.247419155165712789e-03,-1.035971920883348640e-03,5.089013091211797013e-02,-7.138412441008486903e-03,1.611932452547663042e-01,-2.644009919591909161e-02,8.401384115555531312e-04,1.490634403803566552e-03,-3.270084322066103746e-03,1.566134095617211256e-03,5.407284996383008701e-04,-6.350332458298943265e-04,3.923289520709977683e-03,-4.538991466706747066e-03
2.745000000000000218e-01,0.000000000000000000e+00,2.297378597029386092e-03,2.946801458624648436e-03,2.295789477068216865e-03,2.946332554216616901e-03,1.000000000000000000e+00,1.000000000000000000e+00,8.563098671340408719e-04,1.469983276806465780e-03,-6.749597660899516079e-04,-1.803663542063993572e-03,5.241809990303206851e-02,-6.330615395075331331e-03,1.597747627130015058e-01,-1.926788150652462492e-02,8.386331774195030040e-04,1.491240612537354186e-03,-2.751799767270769140e-03,8.600463197414643692e-04,5.407284996383008701e-04,-6.350332458298943265e-04,4.694986265436389833e-03,-4.138974941018220936e-03
2.750000000000000222e-01,0.000000000000000000e+00,2.297383952245722442e-03,2.945545594362093764e-03,2.294335242051614640e-03,2.946943882479034771e-03,1.000000000000000000e+00,1.000000000000000000e+00,8.563139694677570886e-04,1.468727412543911108e-03,8.204667432452341855e-06,-2.511728525109367411e-03,5.114959517890847740e-02,-4.234605754668531452e-03,1.539047341223268028e-01,-1.212179364996204302e-02,8.374148725319172440e-04,1.491508369403042340e-03,-2.122593137051451660e-03,2.122264909962245645e-04,5.407284996383008701e-04,-6.350332458298943265e-04,3.980527247759532705e-03,-3.189005874658967180e-03
2.755000000000000226e-01,0.000000000000000000e+00,2.297766472826191092e-03,2.944005467572670225e-03,2.292863479060033849e-03,2.947522179038311249e-03,1.000000000000000000e+00,1.000000000000000000e+00,8.566069972328039205e-04,1.467187285754487569e-03,5.860555300936588947e-04,-3.080253578846946314e-03,5.005366142363032456e-02,-2.466367982008408309e-03,1.510365350874805501e-01,-7.288344473050554009e-03,8.364851639105060294e-04,1.491486711804039739e-03,-1.597224372342769634e-03,-2.978675127718182240e-04,5.407284996383008701e-04,-6.350332458298943265e-04,3.364953869462210950e-03,-2.390481759778977002e-03
2.760000000000000231e-01,0.000000000000000000e+00,2.298466822676566070e-03,2.942239824637173790e-03,2.291374578670134048e-03,2.948068183318831772e-03,1.000000000000000000e+00,1.000000000000000000e+00,8.571434963439226572e-04,1.465421642818991350e-03,1.072998222237388135e-03,-3.531285870992378374e-03,4.142989903839374571e-02,3.015298706910498477e-03,1.187374810254710478e-01,1.229713718708438756e-02,8.488660049466193814e-04,1.484443568385458712e-03,3.173249372332373214e-04,-1.460943824382310600e-03,1.564004767663680639e-04,-4.352150717466907008e-04,-1.096168136814513507e-03,-1.325201912146375602e-04
2.765000000000000235e-01,0.000000000000000000e+00,2.299049169899943131e-03,2.940422817886523092e-03,2.289868940246948467e-03,2.948582731969923848e-03,1.000000000000000000e+00,1.000000000000000000e+00,8.575896001983562573e-04,1.463604636068340219e-03,8.922077088671171363e-04,-3.634013501302400806e-03,3.747003723836293820e-02,6.390615505543350769e-03,1.106250111334304287e-01,2.068205970321151596e-02,8.489766363743361322e-04,1.483696211836552483e-03,1.255682149183994845e-04,-1.528323547070455828e-03,1.564004767663680639e-04,-4.352150717466907008e-04,-3.171417167071632730e-03,1.323974304084907325e-03
2.770000000000000240e-01,0.000000000000000000e+00,2.299316428623398960e-03,2.938660746334705465e-03,2.288346970888173806e-03,2.949066751763987186e-03,1.000000000000000000e+00,1.000000000000000000e+00,8.577943322583349338e-04,1.461842564516522809e-03,4.094641199574436180e-04,-3.524143103634855018e-03,3.886806883985279709e-02,6.267623560020516016e-03,1.191799308518588368e-01,1.737027865735288334e-02,8.489162461278360093e-04,1.482967946903049859e-03,-3.661739286259779996e-04,-1.384986450803699868e-03,1.564004767663680639e-04,-4.352150717466907008e-04,-2.393036385544377535e-03,1.259154455613559860e-03
2.775000000000000244e-01,0.000000000000000000e+00,2.299342274773532278e-03,2.936949326848225898e-03,2.286809084368439209e-03,2.949521252494596499e-03,1.000000000000000000e+00,1.000000000000000000e+00,8.578141315580205912e-04,1.460131145030043242e-03,3.959859937139524437e-05,-3.422838972959284416e-03,4.004073949779157759e-02,6.141154927148046935e-03,1.223454151306423709e-01,1.702767863303660673e-02,8.486381406606001128e-04,1.482309060611988315e-03,-7.455022969036219057e-04,-1.250793877202868980e-03,1.564004767663680639e-04,-4.352150717466907008e-04,-1.742288926392860900e-03,1.193490259700288793e-03
2.780000000000000249e-01,0.000000000000000000e+00,2.299188264201345450e-03,2.935284211690829172e-03,2.285255700083586514e-03,2.949947319874620787e-03,1.000000000000000000e+00,1.000000000000000000e+00,8.576961526150152660e-04,1.458466029872646516e-03,-2.359578860106880120e-04,-3.330230314793540623e-03,4.218821171204267112e-02,1.813852101302591141e-02,1.295388838735197778e-01,6.376916276797557626e-02,8.431021369728167484e-04,1.465971481305992832e-03,-1.606929068717041819e-03,-2.907009479046802122e-03,3.061224264386524911e-04,2.771702326196828859e-05,-6.558536698199905670e-04,6.074029003863215190e-03
2.785000000000000253e-01,0.000000000000000000e+00,2.298964095654333975e-03,2.934040029733268537e-03,2.283687241994952245e-03,2.950346108434340458e-03,1.000000000000000000e+00,1.000000000000000000e+00,8.575244295452547506e-04,1.457221847915086098e-03,-3.434461395210074500e-04,-2.488363915120818479e-03,4.343825020447016766e-02,1.892035309842365898e-02,1.325036323547240658e-01,5.692591884574146194e-02,8.422656330918829818e-04,1.464725002585428888e-03,-1.738799280148784670e-03,-2.080460140173233385e-03,3.061224264386524911e-04,2.771702326196828859e-05,1.789757829416289015e-05,6.346821379968974573e-03
2.790000000000000258e-01,0.000000000000000000e+00,2.298733238180784844e-03,2.933236463675443183e-03,2.282104137573635720e-03,2.950718834419555764e-03,1.000000000000000000e+00,1.000000000000000000e+00,8.573475824604901612e-04,1.456418281857260310e-03,-3.536941695291508005e-04,-1.607132115651408420e-03,4.389078169917139116e-02,1.635973099564280719e-02,1.331885907107295541e-01,4.669290448894096446e-02,8.413875193639981783e-04,1.463901638454817534e-03,-1.773555090547639709e-03,-1.214643209127555176e-03,3.061224264386524911e-04,2.771702326196828859e-05,2.627898811622425448e-04,5.178328471565588932e-03
2.795000000000000262e-01,0.000000000000000000e+00,2.298518467890820535e-03,2.932788448755821106e-03,2.280506816744787973e-03,2.951066768689707825e-03,1.000000000000000000e+00,1.000000000000000000e+00,8.571830588733160214e-04,1.455970266937638233e-03,-3.290471743481946363e-04,-8.960298392439653477e-04,4.424863362980376025e-02,1.418343267220803505e-02,1.342050739601730602e-01,4.073262611872311562e-02,8.405008285832082232e-04,1.463468852783806132e-03,-1.773175260067780127e-03,-5.178335280699743453e-04,3.061224264386524911e-04,2.771702326196828859e-05,4.548671213352456911e-04,4.187979428544385402e-03
2.800000000000000266e-01,0.000000000000000000e+00,2.298337550716775257e-03,2.932623881095015612e-03,2.278895710831884205e-03,2.951391229615995745e-03,1.000000000000000000e+00,1.000000000000000000e+00,8.570444682774740371e-04,1.455805699276832956e-03,-2.771811916840082805e-04,-3.291353216106648969e-04,3.445081514701125308e-02,1.460340480411999320e-02,9.587558147531814734e-02,4.446527895460620355e-02,8.575820486413825508e-04,1.461091148640829545e-03,2.867084562754296500e-04,-2.196674465949137152e-04,-2.220105994138933821e-04,9.409653704541191366e-05,-4.545004718647798446e-03,4.223778642845308316e-03
2.805000000000000271e-01,0.000000000000000000e+00,2.297699235651307331e-03,2.932752609710386621e-03,2.277271251500997094e-03,2.951693575979475945e-03,1.000000000000000000e+00,1.000000000000000000e+00,8.565554905686129138e-04,1.455934427892203748e-03,-9.779554177222044530e-04,2.574572307416798846e-04,3.044945308747053908e-02,1.269016533267551192e-02,8.832958019341428935e-02,3.692866889497277427e-02,8.575572581082873498e-04,1.461123375593405271e-03,-3.845687250503122779e-04,3.474749242201334359e-04,-2.220105994138933821e-04,9.409653704541191366e-05,-6.606502867883291483e-03,3.356456853702207734e-03
2.810000000000000275e-01,0.000000000000000000e+00,2.296408442473717171e-03,2.933111411152475312e-03,2.275633869705084855e-03,2.951975199869198794e-03,1.000000000000000000e+00,1.000000000000000000e+00,8.555666856277043377e-04,1.456293229334292439e-03,-1.977609881817085028e-03,7.176028841774642272e-04,3.333953207041779471e-02,1.102952423249909525e-02,1.024415514343479522e-01,3.231045430122712891e-02,8.571222930979162553e-04,1.461407740903317718e-03,-1.353397301184668241e-03,7.891196670991416787e-04,-2.220105994138933821e-04,9.409653704541191366e-05,-5.004279899882703442e-03,2.607371251118644363e-03
2.815000000000000280e-01,0.000000000000000000e+00,2.294617699551137167e-03,2.933645666024124223e-03,2.273983994628261951e-03,2.952237519580309250e-03,1.000000000000000000e+00,1.000000000000000000e+00,8.541948969628069405e-04,1.456827484205941783e-03,-2.743577329794803094e-03,1.068509743298672217e-03,3.575527786660580992e-02,9.643906109473814395e-03,1.089518340813464964e-01,2.849772202239332988e-02,8.562609978101761365e-04,1.461885778303569170e-03,-2.090323147793531587e-03,1.122366041254326419e-03,-2.220105994138933821e-04,9.409653704541191366e-05,-3.670311474466091302e-03,1.984894430425025984e-03
2.820000000000000284e-01,0.000000000000000000e+00,2.292454053905540814e-03,2.934309966008298055e-03,2.272322052630075008e-03,2.952481972512163103e-03,1.000000000000000000e+00,1.000000000000000000e+00,8.525374482391192155e-04,1.457491784190115399e-03,-3.314897447375435985e-03,1.328599968347057457e-03,2.600926592869858694e-02,1.138316239960180352e-02,6.873769345957948806e-02,3.654710683614887518e-02,8.699405457816317307e-04,1.459340700184548305e-03,-9.528486168581860134e-04,1.007203085078324728e-03,-6.589921837946288849e-04,1.872263579243030969e-04,-8.633268542745054994e-03,2.592395161634357317e-03
2.825000000000000289e-01,0.000000000000000000e+00,2.289433804580538051e-03,2.935157084216362053e-03,2.270648466189788706e-03,2.952710008066447567e-03,1.000000000000000000e+00,1.000000000000000000e+00,8.502238030268672187e-04,1.458338902398179180e-03,-4.627290424504031802e-03,1.694236416127357404e-03,2.792849991392903561e-02,1.020159834414531216e-02,8.381805486893353918e-02,3.063082847663033820e-02,8.691533339574296401e-04,1.459929396565477940e-03,-2.193564438981453896e-03,1.346901859439565046e-03,-6.589921837946288849e-04,1.872263579243030969e-04,-7.524382267075918271e-03,2.057381207687329194e-03
2.830000000000000293e-01,0.000000000000000000e+00,2.285663409523444080e-03,2.936147868948309203e-03,2.268963652850656924e-03,2.952923080545291016e-03,1.000000000000000000e+00,1.000000000000000000e+00,8.473355128450171629e-04,1.459329687130126547e-03,-5.776580363700194003e-03,1.981569463894806548e-03,3.151450735439696033e-02,8.928086927273499313e-03,9.549957534521380520e-02,2.681717032429677822e-02,8.677860999499578719e-04,1.460668528823230033e-03,-3.273227548638186178e-03,1.609091119758919355e-03,-6.589921837946288849e-04,1.872263579243030969e-04,-5.547104460465088552e-03,1.488751746117615137e-03
2.835000000000000298e-01,0.000000000000000000e+00,2.281331680414144889e-03,2.937240733647477221e-03,2.267268024164202124e-03,2.953122642049379239e-03,1.000000000000000000e+00,1.000000000000000000e+00,8.440172158317417678e-04,1.460422551829294565e-03,-6.636594026550863071e-03,2.185729398335933219e-03,3.449045649365817257e-02,7.881946513684876671e-03,1.035417451353345120e-01,2.392926549051957799e-02,8.659507959457574252e-04,1.461518127537981236e-03,-4.066381987419706752e-03,1.788923120168318644e-03,-6.589921837946288849e-04,1.872263579243030969e-04,-3.913990427609409690e-03,1.024285075724961237e-03
2.840000000000000302e-01,0.000000000000000000e+00,2.276594732720075426e-03,2.938401670245395850e-03,2.265561984634494302e-03,2.953310135376071253e-03,1.000000000000000000e+00,1.000000000000000000e+00,8.403885033733546816e-04,1.461583488427212977e-03,-7.257424916774172369e-03,2.321873195836723480e-03,3.149301043423541335e-02,-1.672418878609526881e-03,8.903237205397696030e-02,-1.222504443555502522e-02,8.679028286305634022e-04,1.471866354719926018e-03,-4.156166705904753254e-03,2.967822309688376674e-03,-7.802754276631284139e-04,-8.992973152986848584e-05,-5.426842132950682879e-03,-3.047223784237421042e-03
2.845000000000000306e-01,0.000000000000000000e+00,2.271307641081387382e-03,2.939331133232388552e-03,2.263845930662427772e-03,2.953486986917513817e-03,1.000000000000000000e+00,1.000000000000000000e+00,8.363383562032767823e-04,1.462512951414205679e-03,-8.100294340155843667e-03,1.858925973985239019e-03,3.457484615873742534e-02,-7.892981616684851490e-04,1.031148563214287078e-01,-8.382204589984438344e-04,8.656325926136797765e-04,1.473235753505799895e-03,-4.923205057157602378e-03,2.510607160512703592e-03,-7.802754276631284139e-04,-8.992973152986848584e-05,-3.739864426856170498e-03,-2.633252309009242228e-03
2.850000000000000311e-01,0.000000000000000000e+00,2.265631804154858309e-03,2.940059310786642156e-03,2.262120249489999249e-03,2.953654599558755076e-03,1.000000000000000000e+00,1.000000000000000000e+00,8.319904128656597456e-04,1.463241128968459284e-03,-8.695886675234111574e-03,1.456355108507124616e-03,3.710420284080030717e-02,-4.641486504830560390e-06,1.099926450959432672e-01,1.282100864423651142e-03,8.630401043325252892e-04,1.474391543196704440e-03,-5.445637627788613329e-03,2.113277944059179132e-03,-7.802754276631284139e-04,-8.992973152986848584e-05,-2.363525026395096179e-03,-2.266061528690194258e-03
2.855000000000000315e-01,0.000000000000000000e+00,2.259699108337157817e-03,2.940612985380658146e-03,2.260385318144585501e-03,2.953814345575860815e-03,1.000000000000000000e+00,1.000000000000000000e+00,8.274457042017949703e-04,1.463794803562475490e-03,-9.089417327729451893e-03,1.107349188032296424e-03,3.916135032069434363e-02,6.906133657574285451e-04,1.156148720151669862e-01,3.162307384321520407e-03,8.602364134306420516e-04,1.475361972055096041e-03,-5.768394527525518532e-03,1.769067891100934396e-03,-7.802754276631284139e-04,-8.992973152986848584e-05,-1.252032715371868441e-03,-1.941258908808190554e-03
2.860000000000000320e-01,0.000000000000000000e+00,2.253616277556175045e-03,2.941015853586382081e-03,2.258641502383221429e-03,2.953967559534029404e-03,1.000000000000000000e+00,1.000000000000000000e+00,8.227859854835899460e-04,1.464197671768199208e-03,-9.319437436410091952e-03,8.057364114473164690e-04,4.565327714502061263e-02,9.833801551305247635e-03,1.389497317741328897e-01,3.794811858378863839e-02,8.467579974497558854e-04,1.466098651175871785e-03,-7.123784247586226887e-03,3.321894937322263141e-04,-4.699450172832575490e-04,2.062760452853374391e-04,2.060656891999218532e-03,1.803882953019689348e-03
2.865000000000000324e-01,0.000000000000000000e+00,2.247710997476163285e-03,2.941555394278276905e-03,2.256889155636877722e-03,2.954115531185705010e-03,1.000000000000000000e+00,1.000000000000000000e+00,8.182622784932360067e-04,1.464737212460094033e-03,-9.047413980707980780e-03,1.079081383789755582e-03,4.713938235012653938e-02,1.014396312643476433e-02,1.393230149123602102e-01,3.146506117843320127e-02,8.432732135683224930e-04,1.466326611750883241e-03,-6.815816423559797194e-03,5.791655550196691963e-04,-4.699450172832575490e-04,2.062760452853374391e-04,2.823687231122575143e-03,1.918416188334945991e-03
2.870000000000000329e-01,0.000000000000000000e+00,2.242056328006569038e-03,2.942239651194239729e-03,2.255128617954738068e-03,2.954259498368695148e-03,1.000000000000000000e+00,1.000000000000000000e+00,8.139305503683789446e-04,1.465421469376057073e-03,-8.663456249714186763e-03,1.368513831926294801e-03,4.732331896879312522e-02,9.058838144724664157e-03,1.389715014250525182e-01,2.711050784942637196e-02,8.399701231056481759e-04,1.466682158268331568e-03,-6.397231812813460386e-03,8.424967458842625356e-04,-4.699450172832575490e-04,2.062760452853374391e-04,2.890003684583830092e-03,1.431358675036863192e-03
2.875000000000000333e-01,0.000000000000000000e+00,2.236659211511466544e-03,2.943032948354690724e-03,2.253360214948478112e-03,2.954400639904283463e-03,1.000000000000000000e+00,1.000000000000000000e+00,8.097961192684396308e-04,1.466214766536507851e-03,-8.268862199878627625e-03,1.586594320901705798e-03,4.739292015726676716e-02,8.158875172980934593e-03,1.392931746688164385e-01,2.463547533097212860e-02,8.368788114302032951e-04,1.467151693160404814e-03,-5.968728500226735435e-03,1.035251522025930782e-03,-4.699450172832575490e-04,2.062760452853374391e-04,2.894867216967761218e-03,1.029365099130630755e-03
2.880000000000000338e-01,0.000000000000000000e+00,2.231520752141705546e-03,2.943905799506463337e-03,2.251584256736542233e-03,2.954540068495343369e-03,1.000000000000000000e+00,1.000000000000000000e+00,8.058598310220417863e-04,1.467087617688280681e-03,-7.872576492795669775e-03,1.745702303545780760e-03,4.348199445248849410e-02,1.019412007345018092e-02,1.242543305220307343e-01,3.337636542375602144e-02,8.360263007569899724e-04,1.465140586995969385e-03,-5.310176626543495690e-03,8.798315206954653413e-04,-5.294686523923087477e-04,2.816233258312807360e-04,8.054580576940060382e-04,1.796965608940324574e-03
2.884999999999999787e-01,0.000000000000000000e+00,2.226442584573810283e-03,2.944920792367806961e-03,2.249801036888422496e-03,2.954678823624458210e-03,1.000000000000000000e+00,1.000000000000000000e+00,8.019697289754283394e-04,1.468102610549624522e-03,-7.780204093226901658e-03,2.029985722687875898e-03,4.418888922971361127e-02,9.072064337809025020e-03,1.303870537382930406e-01,2.740353595347871235e-02,8.334043076060410537e-04,1.465643713481545310e-03,-5.177953137799897257e-03,1.132166386311444627e-03,-5.294686523923087477e-04,2.816233258312807360e-04,1.169420129412558152e-03,1.294953254869549457e-03
2.889999999999999791e-01,0.000000000000000000e+00,2.221459999408546652e-03,2.946041089125835122e-03,2.248010831368934571e-03,2.954817864452029264e-03,1.000000000000000000e+00,1.000000000000000000e+00,7.981528472972111233e-04,1.469222907307652249e-03,-7.633763356434388955e-03,2.240593516055349853e-03,4.471505524381891999e-02,8.145772514580767662e-03,1.319043911931720714e-01,2.485456365811628682e-02,8.308617026682542156e-04,1.466254778890871240e-03,-4.992729487677746714e-03,1.311724177665689241e-03,-5.294686523923087477e-04,2.816233258312807360e-04,1.433652122975379549e-03,8.827440275233491363e-04
2.894999999999999796e-01,0.000000000000000000e+00,2.216598811411166735e-03,2.947236386990563072e-03,2.246213897482502754e-03,2.954958062714429286e-03,1.000000000000000000e+00,1.000000000000000000e+00,7.944289612448618291e-04,1.470418205172380416e-03,-7.447772104698643057e-03,2.390595729456378247e-03,4.509147989667506434e-02,7.387277978998919511e-03,1.330153516806270864e-01,2.276407851893880174e-02,8.284213728753203306e-04,1.466940647474335342e-03,-4.768931180637018055e-03,1.431492127962930754e-03,-5.294686523923087477e-04,2.816233258312807360e-04,1.615630204049614939e-03,5.473269843282148545e-04
2.899999999999999800e-01,0.000000000000000000e+00,2.211877019260382465e-03,2.948481971542953051e-03,2.244410472855941537e-03,2.955100195862961267e-03,1.000000000000000000e+00,1.000000000000000000e+00,7.908118586061906909e-04,1.471663789724770395e-03,-7.234205277342224336e-03,2.491169104780026778e-03,5.503559115717063244e-02,6.194625072215621982e-03,1.714263479989546757e-01,1.882297000179893390e-02,8.025691704964449174e-04,1.469565157547400190e-03,-7.180575974162493533e-03,1.716508958358324609e-03,1.624375285451630437e-04,2.260204421888542526e-04,6.586573089435237074e-03,9.064195131277597885e-06
2.904999999999999805e-01,0.000000000000000000e+00,2.207791744646374690e-03,2.949739840389586747e-03,2.242600774983888670e-03,2.955244943722260594e-03,1.000000000000000000e+00,1.000000000000000000e+00,7.876823566895146738e-04,1.472921658571403874e-03,-6.259003833352098228e-03,2.515737693266815577e-03,5.971280346693845498e-02,4.966741604183102198e-03,1.816171628593682974e-01,1.508297436821989974e-02,7.992151071502975705e-04,1.470423694771346573e-03,-6.237378562827711539e-03,1.717605367889925424e-03,1.624375285451630437e-04,2.260204421888542526e-04,8.988685428636433369e-03,-5.193205196805596342e-04
2.909999999999999809e-01,0.000000000000000000e+00,2.204570381118734542e-03,2.950971330498989870e-03,2.240785001747219469e-03,2.955392891234693079e-03,1.000000000000000000e+00,1.000000000000000000e+00,7.852146490598999095e-04,1.474153148680807214e-03,-4.935415259229553910e-03,2.462980218806860248e-03,5.724444901128339369e-02,4.801793219506918231e-03,1.687371496114938585e-01,1.546787687907431180e-02,7.964194983375568002e-04,1.471263614084398347e-03,-4.947450903784293870e-03,1.642186304390490367e-03,1.624375285451630437e-04,2.260204421888542526e-04,7.588730694225408191e-03,-5.844573191051940153e-04
2.914999999999999813e-01,0.000000000000000000e+00,2.202079582047520440e-03,2.952171453510762326e-03,2.238963332188780887e-03,2.955544532814412869e-03,1.000000000000000000e+00,1.000000000000000000e+00,7.833065862724703475e-04,1.475353271692579670e-03,-3.816125574859084886e-03,2.400246023544865253e-03,5.510025748479184526e-02,4.689837454518438163e-03,1.631080716139650388e-01,1.514690852780136918e-02,7.942180803385129328e-04,1.472063427790851805e-03,-3.860244890910772761e-03,1.557202992507419935e-03,1.624375285451630437e-04,2.260204421888542526e-04,6.375144052797360357e-03,-6.259955346583236492e-04
2.919999999999999818e-01,0.000000000000000000e+00,2.200203709319396156e-03,2.953336938912879284e-03,2.237135927294068259e-03,2.955700276732262446e-03,1.000000000000000000e+00,1.000000000000000000e+00,7.818695843930923263e-04,1.476518757094696628e-03,-2.874003758756076173e-03,2.330970804234000493e-03,6.320355510542280397e-02,-1.158437001695031277e-03,1.969064732202656931e-01,-7.500023941636407496e-03,7.763786586759132769e-04,1.479423413173662494e-03,-4.774528411258919386e-03,2.213235967415818489e-03,6.369585369755625080e-04,3.182573212694400459e-05,1.040707819976866705e-02,-3.070416422531707830e-03
2.924999999999999822e-01,0.000000000000000000e+00,2.199341806441598018e-03,2.954285269107818565e-03,2.235302930771905505e-03,2.955860449500663512e-03,1.000000000000000000e+00,1.000000000000000000e+00,7.812093284830468011e-04,1.477467087289635909e-03,-1.320511820091119053e-03,1.896660389878488100e-03,5.989154991826391855e-02,-1.630411016307982050e-04,1.779467060412741886e-01,1.171411733715109742e-03,7.743610656264996719e-04,1.480420878281440717e-03,-3.298627817007198162e-03,1.777431352683491242e-03,6.369585369755625080e-04,3.182573212694400459e-05,8.548654356484186936e-03,-2.608947259747570590e-03
2.929999999999999827e-01,0.000000000000000000e+00,2.199316246898691367e-03,2.955049972810381252e-03,2.233464469835103224e-03,2.956025300258499633e-03,1.000000000000000000e+00,1.000000000000000000e+00,7.811897487372345978e-04,1.478231790992198596e-03,-3.915949162439070173e-05,1.529407405125393507e-03,5.705919882337150834e-02,7.042947610769594328e-04,1.704508265308280202e-01,3.532175220680351408e-03,7.730139389709118946e-04,1.481217146149606256e-03,-2.092166004361415213e-03,1.408325351271790503e-03,6.369585369755625080e-04,3.182573212694400459e-05,6.963851241863428659e-03,-2.207557779407134067e-03
2.934999999999999831e-01,0.000000000000000000e+00,2.199975405802947082e-03,2.955660207159292903e-03,2.231620655981144535e-03,2.956195005156017977e-03,1.000000000000000000e+00,1.000000000000000000e+00,7.816946937529721572e-04,1.478842025341110464e-03,1.009890031475060021e-03,1.220468697823569489e-03,5.464680362931251256e-02,1.457761360633123750e-03,1.640537722249919006e-01,5.585108148657183004e-03,7.722124729714938780e-04,1.481843390167684018e-03,-1.115560354857489563e-03,1.097229953826900188e-03,6.369585369755625080e-04,3.182573212694400459e-05,5.618188559848613303e-03,-1.859501174553277380e-03
2.939999999999999836e-01,0.000000000000000000e+00,2.201190383816777410e-03,2.956141248777517921e-03,2.229771585772850548e-03,2.956369671739707619e-03,1.000000000000000000e+00,1.000000000000000000e+00,7.826254209089783618e-04,1.479323066959335265e-03,1.861454312012381443e-03,9.620832364494103688e-04,5.024617924406197395e-02,1.202642085391606754e-02,1.494723193670595696e-01,4.587586341525268924e-02,7.727676089727793718e-04,1.470547427235664381e-03,-2.304476471643437593e-04,-4.962139613905932342e-04,6.099883945493923994e-04,3.781913542457814156e-04,3.242703213552714566e-03,2.540165786653383537e-03
2.944999999999999840e-01,0.000000000000000000e+00,2.202734105679978252e-03,2.956824869560595228e-03,2.227917341619051021e-03,2.956549343337195636e-03,1.000000000000000000e+00,1.000000000000000000e+00,7.838079804640046616e-04,1.480006687742412572e-03,2.365119110052690647e-03,1.367241566154652182e-03,4.825582612872457433e-02,1.256129763609114235e-02,1.457650879539756361e-01,3.910534418081781927e-02,7.727623504857213631e-04,1.470391251266000773e-03,2.085631003337377800e-04,-1.291952928413371430e-04,6.099883945493923994e-04,3.781913542457814156e-04,2.161127221667696885e-03,2.742898665985672984e-03
2.949999999999999845e-01,0.000000000000000000e+00,2.204502855626771368e-03,2.957725354044535033e-03,2.226057992555263709e-03,2.956734003442137992e-03,1.000000000000000000e+00,1.000000000000000000e+00,7.851629215320124304e-04,1.480907172226352377e-03,2.709882136015544576e-03,1.800968967879548006e-03,4.738748879117434670e-02,1.118038444800163039e-02,1.442739156583394966e-01,3.347227636865984096e-02,7.729372759869493478e-04,1.470425853633043189e-03,4.905857376916141540e-04,2.668359497844353338e-04,6.099883945493923994e-04,3.781913542457814156e-04,1.684228715915678590e-03,2.119068467186060664e-03
2.954999999999999849e-01,0.000000000000000000e+00,2.206450312188466042e-03,2.958796917930371119e-03,2.224193595024361557e-03,2.956923580099109130e-03,1.000000000000000000e+00,1.000000000000000000e+00,7.866547598093144448e-04,1.481978736112188246e-03,2.983676554604078150e-03,2.143127771671673489e-03,4.666335833802653932e-02,1.002202617143840499e-02,1.423474950149589136e-01,3.029958924447336346e-02,7.732357850432713215e-04,1.470635822479015318e-03,7.030274972707263896e-04,5.724392438877607889e-04,6.099883945493923994e-04,3.781913542457814156e-04,1.288759944523749793e-03,1.597858746717854828e-03
2.959999999999999853e-01,0.000000000000000000e+00,2.208537897128218502e-03,2.960001245868391917e-03,2.222324193657249439e-03,2.957117950288493287e-03,1.000000000000000000e+00,1.000000000000000000e+00,7.882539426519506818e-04,1.483183064050209044e-03,3.198365685272431570e-03,2.408655876041405214e-03,3.744860921583459401e-02,1.377617743662418529e-02,1.072920782739788942e-01,4.598247768865090096e-02,7.846022662216262534e-04,1.465599929620170277e-03,2.099469781390223434e-03,1.938204030782944673e-04,2.872356240934075379e-04,5.363807948906459651e-04,-3.471254316517075576e-03,3.128304510110982255e-03
2.964999999999999858e-01,0.000000000000000000e+00,2.210302078696730049e-03,2.961453993813567206e-03,2.220449822053529622e-03,2.957316944311368448e-03,1.000000000000000000e+00,1.000000000000000000e+00,7.896053841391618587e-04,1.484635811995384334e-03,2.702882974422422726e-03,2.905495890350457983e-03,3.630812748415417762e-02,1.301030537990121097e-02,1.104674357657472045e-01,4.001699663610024799e-02,7.855215819293079804e-04,1.465808558110090563e-03,1.578767422405763813e-03,6.398213281930329160e-04,2.872356240934075379e-04,5.363807948906459651e-04,-4.031510032730541669e-03,2.765341783150659059e-03
2.969999999999999862e-01,0.000000000000000000e+00,2.211689278419837722e-03,2.963128171075422260e-03,2.218570503562181974e-03,2.957520350174405472e-03,1.000000000000000000e+00,1.000000000000000000e+00,7.906680407785445083e-04,1.486309989257239604e-03,2.125313278765260643e-03,3.348354523710349827e-03,3.772643906174736467e-02,1.144534686184516328e-02,1.166442454095728692e-01,3.478348402341596701e-02,7.861602065498826068e-04,1.466226957265140364e-03,9.768733889160465672e-04,1.032997509909153438e-03,2.872356240934075379e-04,5.363807948906459651e-04,-3.233597138666732124e-03,2.062559784290218974e-03
2.974999999999999867e-01,0.000000000000000000e+00,2.212774780985793648e-03,2.964972100201613246e-03,2.216686252062231594e-03,2.957727917974750740e-03,1.000000000000000000e+00,1.000000000000000000e+00,7.914995839871866038e-04,1.488153918383430373e-03,1.663086417284113548e-03,3.687858252381612158e-03,3.893418054519009325e-02,1.014457954844855472e-02,1.198798445927392181e-01,3.121369890171300093e-02,7.865267081988217002e-04,1.466816416959218581e-03,4.900627893258312434e-04,1.324254537853408699e-03,2.872356240934075379e-04,5.363807948906459651e-04,-2.555649924128066720e-03,1.481216733856001401e-03
2.979999999999999871e-01,0.000000000000000000e+00,2.213622480167695694e-03,2.966942942709847441e-03,2.214797072743423384e-03,2.957939364284923982e-03,1.000000000000000000e+00,1.000000000000000000e+00,7.921489592349191490e-04,1.490124760891664785e-03,1.298750495465087135e-03,3.941685016468859590e-03,3.648350348807839760e-02,-1.645883213202337190e-03,1.091388404070129797e-01,-1.335687689719118089e-02,7.892858658501987522e-04,1.484408475915407338e-03,3.964522848681726079e-04,3.440661256206409627e-03,2.104428342590524130e-04,4.008519697586664099e-05,-3.789732848154448233e-03,-3.364094333209404278e-03
2.984999999999999876e-01,0.000000000000000000e+00,2.214112264301427817e-03,2.968670487686851482e-03,2.212902962886895315e-03,2.958154376537700924e-03,1.000000000000000000e+00,1.000000000000000000e+00,7.925241556488926090e-04,1.491852305868668609e-03,7.503928279470015476e-04,3.455089954007681177e-03,3.705189059298156368e-02,-5.536223770407251721e-03,1.131487207481197271e-01,-1.860985770329539116e-02,7.893426871302381851e-04,1.486007919308374127e-03,-1.680752647173495821e-04,2.957987287696144281e-03,2.104428342590524130e-04,4.008519697586664099e-05,-3.443332668058487773e-03,-5.001280126895941980e-03
2.989999999999999880e-01,0.000000000000000000e+00,2.214276716272005514e-03,2.970035775452256870e-03,2.211003912645846496e-03,2.958372617411009382e-03,1.000000000000000000e+00,1.000000000000000000e+00,7.926501331671137246e-04,1.493217593634074214e-03,2.519550364421253548e-04,2.730575530811225980e-03,3.857517947312257695e-02,-3.718498265514551954e-03,1.183162226349612767e-01,-8.540991627439454073e-03,7.891297463742950099e-04,1.487306776735597370e-03,-6.826824096881130722e-04,2.238787137353380301e-03,2.104428342590524130e-04,4.008519697586664099e-05,-2.596221349416254296e-03,-4.164274650750023239e-03
2.994999999999999885e-01,0.000000000000000000e+00,2.214195918255148100e-03,2.971099676651399891e-03,2.209099905826216077e-03,2.958593729212815378e-03,1.000000000000000000e+00,1.000000000000000000e+00,7.925882382952848665e-04,1.494281494833217235e-03,-1.237897436578107497e-04,2.127802398285931831e-03,3.984921629075914573e-02,-2.151106654089858950e-03,1.217653466380894806e-01,-4.264729655707841412e-03,7.886901272735544199e-04,1.488276346637361575e-03,-1.075017040176170493e-03,1.640615078937474828e-03,2.104428342590524130e-04,4.008519697586664099e-05,-1.890138123604016753e-03,-3.444064805133998687e-03
2.999999999999999889e-01,0.000000000000000000e+00,2.213936561332219104e-03,2.971914564096901981e-03,2.207190920667349582e-03,2.958817338266015763e-03,1.000000000000000000e+00,1.000000000000000000e+00,7.923895593656907080e-04,1.495096382278719542e-03,-3.973578591883253418e-04,1.629774891004430459e-03,3.753423195126329159e-02,9.365149788682722992e-03,1.115426676917848914e-01,3.890829200023247780e-02,7.895149526231078421e-04,1.477593173110081960e-03,-1.203110204891602239e-03,-1.408656627337596088e-04,1.682443274091335341e-04,3.747031415188163531e-04,-3.071183265693955451e-03,1.414446527810049765e-03
3.004999999999999893e-01,0.000000000000000000e+00,2.213384768763563756e-03,2.972843182312102234e-03,2.205276930622676514e-03,2.959043059293329104e-03,1.000000000000000000e+00,1.000000000000000000e+00,7.919668617347180471e-04,1.496025000493919795e-03,-8.453952619454049074e-04,1.857236430400476283e-03,3.889800375305702690e-02,9.771480626657110674e-03,1.185786957041168321e-01,3.075319604400576085e-02,7.887982391455221299e-04,1.477571939382771229e-03,-1.662825697502407114e-03,5.555090308870908825e-05,1.682443274091335341e-04,3.747031415188163531e-04,-2.312240944444098143e-03,1.574995456129142744e-03
3.009999999999999898e-01,0.000000000000000000e+00,2.212612329487017183e-03,2.973896803465541673e-03,2.203357905140379720e-03,2.959270499802182236e-03,1.000000000000000000e+00,1.000000000000000000e+00,7.913751389192725475e-04,1.497078621647359234e-03,-1.183445630891099328e-03,2.107242306878687015e-03,4.025058381566955223e-02,8.973526706921960971e-03,1.224889348254383364e-01,2.741486551481554443e-02,7.878791129030881472e-04,1.477654669869565320e-03,-2.012965970368728319e-03,2.749427390209544832e-04,1.682443274091335341e-04,3.747031415188163531e-04,-1.567629665625156193e-03,1.215597196537982622e-03
3.014999999999999902e-01,0.000000000000000000e+00,2.211689661986177002e-03,2.975048914477911033e-03,2.201433810444067794e-03,2.959499264469604186e-03,1.000000000000000000e+00,1.000000000000000000e+00,7.906683346074073332e-04,1.498230732659728594e-03,-1.413608623730533377e-03,2.304222024738896129e-03,4.136314632579263240e-02,8.306228700108867283e-03,1.255335566072483811e-01,2.558920334386482684e-02,7.868118406703905046e-04,1.477834032497796256e-03,-2.255612381773569076e-03,4.421768979645556482e-04,1.682443274091335341e-04,3.747031415188163531e-04,-9.581118873464112900e-04,9.163706007222144952e-04
3.019999999999999907e-01,0.000000000000000000e+00,2.210674357901693671e-03,2.976277383055211077e-03,2.199504610313449647e-03,2.959728959527115327e-03,1.000000000000000000e+00,1.000000000000000000e+00,7.898905665554131674e-04,1.499459201237028421e-03,-1.555536103988386853e-03,2.456937154599625386e-03,4.478852397370681332e-02,-3.270521982699201718e-03,1.378118574526428775e-01,-1.873564000490782200e-02,7.760374367361876167e-04,1.498403145251382684e-03,-3.497280307749375209e-03,2.864524272617841733e-03,4.507600886845309382e-04,-2.227128289283083909e-04,7.648925732635518436e-04,-3.777375837755067058e-03
3.024999999999999911e-01,0.000000000000000000e+00,2.209739223437631305e-03,2.977219349892953719e-03,2.197570266865005607e-03,2.959959197145617393e-03,1.000000000000000000e+00,1.000000000000000000e+00,7.891742119956490255e-04,1.500401168074771280e-03,-1.432709119528293188e-03,1.883933675485829342e-03,4.757290597505535457e-02,-9.801419594941759503e-03,1.457662073392877178e-01,-3.446324665727413389e-02,7.743095063779134937e-04,1.499699625292133564e-03,-3.414536182753118328e-03,2.322397530343116995e-03,4.507600886845309382e-04,-2.227128289283083909e-04,2.234280172716498602e-03,-6.546240297536116449e-03
3.029999999999999916e-01,0.000000000000000000e+00,2.209022931983524365e-03,2.977673915952603386e-03,2.195630741332660254e-03,2.960189599820284376e-03,1.000000000000000000e+00,1.000000000000000000e+00,7.886255009075768567e-04,1.500855734134420730e-03,-1.097422176144303594e-03,9.091321192988587648e-04,4.741099257697491132e-02,-7.028492870010909568e-03,1.429375394074311190e-01,-1.853820562725219667e-02,7.726760297065477954e-04,1.500624877275771873e-03,-3.119879812857382848e-03,1.380401015729542085e-03,4.507600886845309382e-04,-2.227128289283083909e-04,2.130667088431275041e-03,-5.281334379251928848e-03
3.034999999999999920e-01,0.000000000000000000e+00,2.208514908080917716e-03,2.977733365168568763e-03,2.193685994848454824e-03,2.960419804755450805e-03,1.000000000000000000e+00,1.000000000000000000e+00,7.882363320200131470e-04,1.500915183350386107e-03,-7.783377751274397037e-04,1.188984319308347259e-04,4.723365794980797366e-02,-4.670839448494259506e-03,1.425555595856480284e-01,-1.208887371774583150e-02,7.711860224089034941e-04,1.501124981511069200e-03,-2.840634243734062314e-03,6.214678291725597194e-04,4.507600886845309382e-04,-2.227128289283083909e-04,2.019862243358877193e-03,-4.208935133382949237e-03
3.039999999999999925e-01,0.000000000000000000e+00,2.208203903015208344e-03,2.977475973805353889e-03,2.191735989223218741e-03,2.960649468249504368e-03,1.000000000000000000e+00,1.000000000000000000e+00,7.879980883176450129e-04,1.500657791987171233e-03,-4.764874047361700822e-04,-5.147827264297998636e-04,3.745632677681531159e-02,-4.120687982514948354e-03,1.048945172325023711e-01,-1.223743459116806431e-02,7.874768712746878750e-04,1.502710903913540789e-03,-5.815218761551067903e-04,1.791358315227954690e-04,-6.809630451335172904e-05,-2.646559008319223825e-04,-2.969778688702547423e-03,-3.887246822906482123e-03
3.044999999999999929e-01,0.000000000000000000e+00,2.207597809680783302e-03,2.976922650259260401e-03,2.189780687727244188e-03,2.960878270079774638e-03,1.000000000000000000e+00,1.000000000000000000e+00,7.875337938867971047e-04,1.500104468441077962e-03,-9.285888616957984221e-04,-1.106647092186698912e-03,3.239218559422669258e-02,-1.663079105618275877e-03,9.333487781158288088e-02,-3.417101943712257291e-03,7.870763267501113946e-04,1.502660531568261260e-03,-1.019791723833588480e-03,-3.795406011190327394e-04,-6.809630451335172904e-05,-2.646559008319223825e-04,-5.609460343241359954e-03,-2.787111444293287593e-03
3.049999999999999933e-01,0.000000000000000000e+00,2.206446410870747075e-03,2.976153711070858056e-03,2.187820055870956775e-03,2.961105917887424822e-03,1.000000000000000000e+00,1.000000000000000000e+00,7.866517712265551398e-04,1.499335529252675617e-03,-1.764045320484026362e-03,-1.537878376804797118e-03,3.497741418602205027e-02,-1.430875880923720761e-04,1.072568790837134661e-01,2.026060768890266444e-04,7.863611403196456209e-04,1.502370704458726646e-03,-1.839338698890818739e-03,-7.789827703419560266e-04,-6.809630451335172904e-05,-2.646559008319223825e-04,-4.178663198341747535e-03,-2.102515512771740546e-03
3.054999999999999938e-01,0.000000000000000000e+00,2.204885699727622377e-03,2.975219258016146943e-03,2.185854062185137343e-03,2.961332151559474719e-03,1.000000000000000000e+00,1.000000000000000000e+00,7.854561971280506682e-04,1.498401076197964071e-03,-2.391148197009033711e-03,-1.868906109423222476e-03,3.713012587214371135e-02,1.124116277524472027e-03,1.130791997088583661e-01,3.684073981993098330e-03,7.852880192302561478e-04,1.501905994759014954e-03,-2.451917933815721436e-03,-1.079256540009921120e-03,-6.809630451335172904e-05,-2.646559008319223825e-04,-2.992177913300774362e-03,-1.534247262296494722e-03
3.059999999999999942e-01,0.000000000000000000e+00,2.203028465069365935e-03,2.974160928161258786e-03,2.183882678928693484e-03,2.961556747151425101e-03,1.000000000000000000e+00,1.000000000000000000e+00,7.840334728385250137e-04,1.497342746343076347e-03,-2.845448579051299953e-03,-2.116659709775509969e-03,4.253731793444220921e-02,-9.317963727255374265e-04,1.320012962404388535e-01,-5.488705411926518909e-03,7.758458147352385263e-04,1.505004491665747719e-03,-3.809907952229304919e-03,-8.794085752645971685e-04,1.702519117881881984e-04,-3.732392101957501644e-04,-1.854825352837663650e-04,-2.338726869178451608e-03
3.064999999999999947e-01,0.000000000000000000e+00,2.201149269682477205e-03,2.972916024225589343e-03,2.181905882347711864e-03,2.961779517964469380e-03,1.000000000000000000e+00,1.000000000000000000e+00,7.825939256548641127e-04,1.496097842407406470e-03,-2.879094367321708651e-03,-2.489807871339667217e-03,4.344391454495902249e-02,4.781701341006455567e-04,1.308885358317840308e-01,1.581696897566957014e-03,7.739296104042653508e-04,1.504481364598920286e-03,-3.854750053561826085e-03,-1.212434522608164941e-03,1.702519117881881984e-04,-3.732392101957501644e-04,3.006721361394148833e-04,-1.706795582899689988e-03
3.069999999999999951e-01,0.000000000000000000e+00,2.199294003126343010e-03,2.971530925414280801e-03,2.179923652533505805e-03,2.962000313079923321e-03,1.000000000000000000e+00,1.000000000000000000e+00,7.811727090190332713e-04,1.494712743596098362e-03,-2.842433271661715371e-03,-2.770197622616414005e-03,4.415641158466872274e-02,1.645566648553025303e-03,1.329010674971630168e-01,4.791248803796091874e-03,7.720085534079601085e-04,1.503814670519942973e-03,-3.829454356345410575e-03,-1.453848740749563674e-03,1.702519117881881984e-04,-3.732392101957501644e-04,6.787314410331883943e-04,-1.186236678367477227e-03
3.074999999999999956e-01,0.000000000000000000e+00,2.197498294117394488e-03,2.970043905991514785e-03,2.177935973231555876e-03,2.962219015582200771e-03,1.000000000000000000e+00,1.000000000000000000e+00,7.797971161112691877e-04,1.493225724173332346e-03,-2.751185815528178150e-03,-2.974038845532041547e-03,4.470577488420476170e-02,2.604738232318187796e-03,1.344745653080439141e-01,7.432119393992160129e-03,7.701137988785602051e-04,1.503046181170610701e-03,-3.749646823182478054e-03,-1.619758084614371938e-03,1.702519117881881984e-04,-3.732392101957501644e-04,9.662431304701239471e-04,-7.610609052858656205e-04
3.079999999999999960e-01,0.000000000000000000e+00,2.195789177212708991e-03,2.968486298642078296e-03,2.175942831650311271e-03,2.962435540780950210e-03,1.000000000000000000e+00,1.000000000000000000e+00,7.784878566037944231e-04,1.491668116823895640e-03,-2.618519014949615472e-03,-3.115214698873311917e-03,3.496841446036606099e-02,3.979952033618516967e-03,9.625905667216168304e-02,1.189346048180605492e-02,7.853882323568129719e-04,1.501117865236132687e-03,-1.691667173921571369e-03,-1.847537948520629235e-03,-3.331245936387551413e-04,-3.411196021336322052e-04,-3.998793665783081062e-03,-1.707985806778019580e-04
3.084999999999999964e-01,0.000000000000000000e+00,2.193677990409102167e-03,2.966902083148504135e-03,2.173944218269992928e-03,2.962649834433196076e-03,1.000000000000000000e+00,1.000000000000000000e+00,7.768705936845052371e-04,1.490083901330321696e-03,-3.234525838578300363e-03,-3.168430987147982138e-03,3.144121485333971344e-02,5.329172189157016515e-03,9.054769634580014936e-02,1.593652109252404955e-02,7.843979940069582780e-04,1.500189004025098260e-03,-2.268131622843138229e-03,-1.867832462802495371e-03,-3.331245936387551413e-04,-3.411196021336322052e-04,-5.816686735163748186e-03,4.109648896144013413e-04
3.089999999999999969e-01,0.000000000000000000e+00,2.190992933005606914e-03,2.965333918483911875e-03,2.171940126651397511e-03,2.962861870965478785e-03,1.000000000000000000e+00,1.000000000000000000e+00,7.748137203811024908e-04,1.488515736665729436e-03,-4.113746606805539566e-03,-3.136329329184704869e-03,3.434030651649299520e-02,5.573450830362852021e-03,1.043534971802572431e-01,1.574724659326864895e-02,7.830538303990012151e-04,1.499271110263835543e-03,-3.106846593034415759e-03,-1.803831926651756727e-03,-3.331245936387551413e-04,-3.411196021336322052e-04,-4.219390031271198251e-03,5.108144283882868177e-04
3.094999999999999973e-01,0.000000000000000000e+00,2.187886228941043638e-03,2.963789430742870719e-03,2.169930553244702690e-03,2.963071651695994325e-03,1.000000000000000000e+00,1.000000000000000000e+00,7.724338469960284311e-04,1.486971248924687846e-03,-4.759746770148057769e-03,-3.088975482083092510e-03,3.674026126681567694e-02,5.749502402872081266e-03,1.108581137686871221e-01,1.624280557393654317e-02,7.813482389388064176e-04,1.498388885354253689e-03,-3.714277598609437830e-03,-1.725186785090371700e-03,-3.331245936387551413e-04,-3.411196021336322052e-04,-2.903487532761835251e-03,5.801232924201378972e-04
3.099999999999999978e-01,0.000000000000000000e+00,2.184483372786723450e-03,2.962274022218327422e-03,2.167915497198268527e-03,2.963279203056731238e-03,1.000000000000000000e+00,1.000000000000000000e+00,7.698271079482781921e-04,1.485455840400144766e-03,-5.213478095500415424e-03,-3.030817049086357261e-03,4.483002006119544275e-02,1.241436121511884164e-02,1.399876272163300406e-01,4.200157726894185317e-02,7.666220945356923234e-04,1.490137844920529477e-03,-5.575241356019727465e-03,-2.474725293553504957e-03,4.221400359912377885e-05,-1.232101232949513235e-04,1.266379448690979972e-03,3.339146553827984643e-03
3.104999999999999982e-01,0.000000000000000000e+00,2.181193496797350327e-03,2.960995837212924975e-03,2.165894960167443623e-03,2.963484574815613681e-03,1.000000000000000000e+00,1.000000000000000000e+00,7.673069167280686075e-04,1.484177655394742319e-03,-5.040382440419217958e-03,-2.556370010805004110e-03,4.649038594927539653e-02,1.214741096041493419e-02,1.396214300854171086e-01,3.547935292674336133e-02,7.638773331851091055e-04,1.489021242936125955e-03,-5.404032121253168550e-03,-1.992574848420503118e-03,4.221400359912377885e-05,-1.232101232949513235e-04,2.133939842155235366e-03,3.187142308770601982e-03
3.109999999999999987e-01,0.000000000000000000e+00,2.178098845776486880e-03,2.959943918675289522e-03,2.163868946123367366e-03,2.963687838298640579e-03,1.000000000000000000e+00,1.000000000000000000e+00,7.649362765101436895e-04,1.483125736857106866e-03,-4.741280435849789913e-03,-2.103837075271103481e-03,4.673453260165748996e-02,1.101051424178745193e-02,1.393101801452630017e-01,3.148653781817248309e-02,7.612495725283671385e-04,1.488140222900281992e-03,-5.107485903691013664e-03,-1.532363883681175888e-03,4.221400359912377885e-05,-1.232101232949513235e-04,2.243432922577386513e-03,2.662389254416298607e-03
3.114999999999999991e-01,0.000000000000000000e+00,2.175209732439408600e-03,2.959080221071781758e-03,2.161837461161774353e-03,2.963889084612023484e-03,1.000000000000000000e+00,1.000000000000000000e+00,7.627230872927337870e-04,1.482262039253599102e-03,-4.426378434819884002e-03,-1.727395207015674193e-03,4.687238410428398033e-02,1.002794058113647829e-02,1.398034301089373377e-01,2.880297536315015380e-02,7.587740388026794226e-04,1.487470323057989716e-03,-4.795160729216838523e-03,-1.147955148819605710e-03,4.221400359912377885e-05,-1.232101232949513235e-04,2.295293215472458785e-03,2.209726955800285671e-03
3.119999999999999996e-01,0.000000000000000000e+00,2.172531000819054574e-03,2.958371943297650932e-03,2.159800513311798363e-03,2.964088422864328762e-03,1.000000000000000000e+00,1.000000000000000000e+00,7.606710598203544893e-04,1.481553761479468276e-03,-4.104054944758695096e-03,-1.416555548261593358e-03,3.715328933255046540e-02,1.088730781658777541e-02,1.021103081243668886e-01,3.311293269234381192e-02,7.718888139949491153e-04,1.485172901497999395e-03,-2.729454114684121656e-03,-1.032947221829204950e-03,-4.115676661504662215e-04,-7.018309883863759391e-05,-2.694786941780592110e-03,2.524528518994255399e-03
3.125000000000000000e-01,0.000000000000000000e+00,2.169573574547930660e-03,2.957844218027523824e-03,2.157758112344773313e-03,2.964285978388613713e-03,1.000000000000000000e+00,1.000000000000000000e+00,7.584055398594259081e-04,1.481026036209341168e-03,-4.531039921857087788e-03,-1.055450540254331167e-03,3.413653520511442802e-02,1.021505981742227599e-02,9.846557450061357852e-02,2.992384243753879944e-02,7.704280633578377245e-04,1.484747589325286291e-03,-3.112750407589726358e-03,-6.689907392810195974e-04,-4.115676661504662215e-04,-7.018309883863759391e-05,-4.258130769352130342e-03,2.206826148547669664e-03
3.130000000000000004e-01,0.000000000000000000e+00,2.166189887961245120e-03,2.957473994484795688e-03,2.155710269583044174e-03,2.964481890964574401e-03,1.000000000000000000e+00,1.000000000000000000e+00,7.558134855524392204e-04,1.480655812666613032e-03,-5.184108613973335486e-03,-7.404470854562726807e-04,3.654224780803313338e-02,9.251527094048233452e-03,1.100389425924873099e-01,2.689115353354716575e-02,7.687191942733487748e-04,1.484492757187906358e-03,-3.721481637549307626e-03,-3.509445494828316919e-04,-4.115676661504662215e-04,-7.018309883863759391e-05,-2.939492644118057215e-03,1.767248791901892494e-03
3.135000000000000009e-01,0.000000000000000000e+00,2.162505809152172678e-03,2.957229367944432322e-03,2.153656997708758812e-03,2.964676313040666596e-03,1.000000000000000000e+00,1.000000000000000000e+00,7.529913174527370044e-04,1.480411186126249883e-03,-5.644336199404346999e-03,-4.892530807263379810e-04,3.851847138040274260e-02,8.434264232793517446e-03,1.154172159126777703e-01,2.464774278805599225e-02,7.667538105530112211e-04,1.484381039261761055e-03,-4.139169496775596188e-03,-9.641620593731938232e-05,-4.115676661504662215e-04,-7.018309883863759391e-05,-1.862422043898498848e-03,1.395421961861943163e-03
3.140000000000000013e-01,0.000000000000000000e+00,2.158624258972713546e-03,2.957083362102144383e-03,2.151598310572687585e-03,2.964869407956274849e-03,1.000000000000000000e+00,1.000000000000000000e+00,7.500178775070747740e-04,1.480265180283961727e-03,-5.946879891324421789e-03,-2.920116845762368504e-04,4.362782264443518243e-02,1.036684597318587517e-02,1.334134036172502369e-01,3.293572626369409284e-02,7.565373211737521416e-04,1.482003365338116063e-03,-5.315036388529694941e-03,-1.648446934776811321e-04,-1.739375567713732668e-04,-2.068096166233337895e-07,7.703635323256783664e-04,2.169776957098245272e-03
3.145000000000000018e-01,0.000000000000000000e+00,2.154803955899135294e-03,2.957095249735993900e-03,2.149534223003009541e-03,2.965061348163820429e-03,1.000000000000000000e+00,1.000000000000000000e+00,7.470913555665297445e-04,1.480277067917811027e-03,-5.853043881090031278e-03,2.377526769864392753e-05,4.439701873302517865e-02,9.297179449235797033e-03,1.320886043107925845e-01,2.726754688022462944e-02,7.539073193186239009e-04,1.481999126529588793e-03,-5.205084727354054169e-03,1.472847166758820730e-04,-1.739375567713732668e-04,-2.068096166233337895e-07,1.170725657781401027e-03,1.684956180765949775e-03
3.150000000000000022e-01,0.000000000000000000e+00,2.151083158158588471e-03,2.957229761025629254e-03,2.147464750614132452e-03,2.965252313450928660e-03,1.000000000000000000e+00,1.000000000000000000e+00,7.442410591334141807e-04,1.480411579207446598e-03,-5.700592866231065162e-03,2.690225792710324005e-04,4.497556725480228446e-02,8.398708665039094495e-03,1.337593675047787090e-01,2.479679686816279108e-02,7.513468258291493805e-04,1.482133394397399349e-03,-5.037117985182559474e-03,3.893126334256038546e-04,-1.739375567713732668e-04,-2.068096166233337895e-07,1.465700174464934155e-03,1.279132697663387880e-03
3.155000000000000027e-01,0.000000000000000000e+00,2.147490116251348988e-03,2.957457373097601566e-03,2.145389909615484647e-03,2.965442489162546831e-03,1.000000000000000000e+00,1.000000000000000000e+00,7.414886293464799860e-04,1.480639191279418693e-03,-5.504859573868409357e-03,4.552241439442938258e-04,4.539578725664163844e-02,7.648365030894980869e-03,1.350008421582105378e-01,2.272978559062842005e-02,7.488810314842829149e-04,1.482373979030846348e-03,-4.826374628210102456e-03,5.726614807393315063e-04,-1.739375567713732668e-04,-2.068096166233337895e-07,1.673527793662469686e-03,9.415252310199166523e-04
3.160000000000000031e-01,0.000000000000000000e+00,2.144044805324822351e-03,2.957753525537084802e-03,2.143309716620325073e-03,2.965632064423097229e-03,1.000000000000000000e+00,1.000000000000000000e+00,7.388493680563968562e-04,1.480935343718902146e-03,-5.278522580166304656e-03,5.923048789667104911e-04,4.177447018821785207e-02,-3.474790090192810422e-03,1.206976802336282018e-01,-1.976927779363865309e-02,7.489508944711495636e-04,1.496256245231290848e-03,-4.311360172189267377e-03,2.241558750182770336e-03,-2.451771102261817662e-04,-3.990003548252645969e-04,-2.303805226686298120e-04,-3.681799668119800726e-03
3.165000000000000036e-01,0.000000000000000000e+00,2.140564467543296361e-03,2.957769732796855164e-03,2.141224188454545103e-03,2.965821230358613690e-03,1.000000000000000000e+00,1.000000000000000000e+00,7.361832746386819766e-04,1.480951550978672291e-03,-5.332186835429715902e-03,3.241451954031130366e-05,4.209771342416185336e-02,-4.116872664519504246e-03,1.250160817650343981e-01,-1.300830408919331597e-02,7.467873944242881023e-04,1.497246374677401988e-03,-4.342497910563991245e-03,1.719932521678203211e-03,-2.451771102261817662e-04,-3.990003548252645969e-04,-5.542722568687783315e-05,-3.919576807465611004e-03
3.170000000000000040e-01,0.000000000000000000e+00,2.137066099491678316e-03,2.957489179880228979e-03,2.139133341965472525e-03,2.966010178318876853e-03,1.000000000000000000e+00,1.000000000000000000e+00,7.335033692327548724e-04,1.480670998062046323e-03,-5.359810811854218843e-03,-5.611058332518963033e-04,4.300395680345690808e-02,-2.566814260583681964e-03,1.282450950651948529e-01,-6.695538497551543379e-03,7.446147170403825781e-04,1.497967155200584811e-03,-4.348118625219528702e-03,1.164239258835143495e-03,-2.451771102261817662e-04,-3.990003548252645969e-04,4.254191925550007128e-04,-3.211414037276180081e-03
3.175000000000000044e-01,0.000000000000000000e+00,2.133595710898199098e-03,2.956963796477563543e-03,2.137037193830674218e-03,2.966199098099560685e-03,1.000000000000000000e+00,1.000000000000000000e+00,7.308448973352565806e-04,1.480145614659380670e-03,-5.316943794996514122e-03,-1.050766805331375224e-03,4.370923759844359824e-02,-1.242672970250366382e-03,1.302331801759890606e-01,-3.086835242543504824e-03,7.424566914710431379e-04,1.498435792502856526e-03,-4.284026308980785208e-03,7.111702821184101315e-04,-2.451771102261817662e-04,-3.990003548252645969e-04,7.945931628671553228e-04,-2.608169164186989117e-03
3.180000000000000049e-01,0.000000000000000000e+00,2.130188704949593798e-03,2.956237875147373420e-03,2.134935760366763174e-03,2.966388176164367306e-03,1.000000000000000000e+00,1.000000000000000000e+00,7.282349793606543355e-04,1.479419693329190981e-03,-5.219835949204570773e-03,-1.451842660379594387e-03,5.160623672772451931e-02,5.810849567728482157e-03,1.603516548522729845e-01,2.300379291978446247e-02,7.271191637679445471e-04,1.492838623901197436e-03,-5.662577395033489662e-03,-3.175540697284641076e-04,1.436991577166553088e-04,-2.266542359336067057e-04,4.815612193335871982e-03,3.635989890524954186e-04
3.185000000000000053e-01,0.000000000000000000e+00,2.127240376334278271e-03,2.955534288365191647e-03,2.132829057338197706e-03,2.966577593867167871e-03,1.000000000000000000e+00,1.000000000000000000e+00,7.259764286084031395e-04,1.478716106547008991e-03,-4.517101504502401589e-03,-1.407173564364175245e-03,5.080322177996030031e-02,5.696680765032029019e-03,1.508627770178820604e-01,1.655829854098438830e-02,7.244590750648556956e-04,1.492695135648021724e-03,-4.979001651963737597e-03,-2.565118195703505613e-04,1.436991577166553088e-04,-2.266542359336067057e-04,4.342379189673963545e-03,3.090591266162030196e-04
3.190000000000000058e-01,0.000000000000000000e+00,2.124705494216430970e-03,2.954849287840168211e-03,2.130717099766089341e-03,2.966767525674143466e-03,1.000000000000000000e+00,1.000000000000000000e+00,7.240345962480648377e-04,1.478031106021985772e-03,-3.883664720676497858e-03,-1.370001050046391758e-03,5.003575065816298628e-02,5.573255038122403721e-03,1.489022000723697059e-01,1.619240309387439888e-02,7.221235886472651255e-04,1.492580222021403077e-03,-4.364047532137657961e-03,-2.032415812933799143e-04,1.436991577166553088e-04,-2.266542359336067057e-04,3.892851696903831208e-03,2.511284429322689182e-04
3.195000000000000062e-01,0.000000000000000000e+00,2.122541087598585861e-03,2.954178877433256273e-03,2.128599901737004193e-03,2.966958137385922959e-03,1.000000000000000000e+00,1.000000000000000000e+00,7.223765645858145658e-04,1.477360695615073834e-03,-3.316063324500648311e-03,-1.340820813823999239e-03,4.933164693192881173e-02,5.465841289169942260e-03,1.471226105204074541e-01,1.589315776212909051e-02,7.200792541621754521e-04,1.492489873878173438e-03,-3.814278596721570533e-03,-1.582347998850478356e-04,1.436991577166553088e-04,-2.266542359336067057e-04,3.481502475043728780e-03,2.007196961257920204e-04
3.200000000000000067e-01,0.000000000000000000e+00,2.120707817897352597e-03,2.953519606273519171e-03,2.126477476211782562e-03,2.967149584359827542e-03,1.000000000000000000e+00,1.000000000000000000e+00,7.209721985184462103e-04,1.476701424455336515e-03,-2.808732134736746915e-03,-1.318542319474746375e-03,4.126924211082964172e-02,1.047635248282457673e-02,1.166799559819086396e-01,3.545355746601067809e-02,7.243852034014159605e-04,1.487473023784918269e-03,-2.635136496939512706e-03,-6.801085460539144480e-04,-3.538552328202786466e-05,-8.118303594905053821e-05,-7.470308140048917932e-04,2.276811701299091828e-03
3.205000000000000071e-01,0.000000000000000000e+00,2.118798110142344759e-03,2.953028023455355183e-03,2.124349834843601570e-03,2.967342009792826689e-03,1.000000000000000000e+00,1.000000000000000000e+00,7.195092775047413122e-04,1.476209841637172527e-03,-2.925842027409808043e-03,-9.831656363279862171e-04,4.213807473725075109e-02,9.453564028079062750e-03,1.268749161428599226e-01,2.734835526728442504e-02,7.230390813542214015e-04,1.487216976846591869e-03,-2.749079999886928222e-03,-3.447195108052436476e-04,-3.538552328202786466e-05,-8.118303594905053821e-05,-2.772119345420364484e-04,1.810509036345279077e-03
3.210000000000000075e-01,0.000000000000000000e+00,2.116856598806225384e-03,2.952670267521457798e-03,2.122216987881427389e-03,2.967535543565434728e-03,1.000000000000000000e+00,1.000000000000000000e+00,7.180219935344544710e-04,1.475852085703275142e-03,-2.974567940573709206e-03,-7.155118677949046753e-04,4.283328020239220157e-02,8.586517998904582422e-03,1.288074379102210343e-01,2.496926672130841615e-02,7.216530026274861707e-04,1.487111742794028704e-03,-2.795093352890124904e-03,-7.673207886165628322e-05,-3.538552328202786466e-05,-8.118303594905053821e-05,9.557488737168515517e-05,1.416328036911829614e-03
3.215000000000000080e-01,0.000000000000000000e+00,2.114918704113933744e-03,2.952417723320558979e-03,2.120078944178707941e-03,2.967730301776940263e-03,1.000000000000000000e+00,1.000000000000000000e+00,7.165374800740748409e-04,1.475599541502376323e-03,-2.969026920759227587e-03,-5.050884017978179985e-04,4.338164993821708865e-02,7.855008037323949616e-03,1.303465765876687110e-01,2.295899007140394729e-02,7.202574182621397387e-04,1.487126232561528484e-03,-2.787206652733970145e-03,1.342816593059542162e-04,-3.538552328202786466e-05,-8.118303594905053821e-05,3.865468770089161544e-04,1.084795907087313842e-03
3.220000000000000084e-01,0.000000000000000000e+00,2.113012077439789006e-03,2.952246332696899494e-03,2.117935711221105924e-03,2.967926386405739941e-03,1.000000000000000000e+00,1.000000000000000000e+00,7.150769193052439448e-04,1.475428150878716838e-03,-2.921121537661802714e-03,-3.427812473189239227e-04,3.736338922585622641e-02,1.761124382339328970e-02,1.065308735836685700e-01,6.154316036746802082e-02,7.290007286990479816e-04,1.469922749923368221e-03,-1.591823249560934874e-03,-1.661155374310688227e-03,-3.330909509406585985e-04,4.278559399841242719e-04,-2.686010262512986569e-03,5.029335503082387610e-03
3.225000000000000089e-01,0.000000000000000000e+00,2.110835052093737452e-03,2.952460103266571576e-03,2.115787295154401403e-03,2.968123884970723901e-03,1.000000000000000000e+00,1.000000000000000000e+00,7.134092211363718275e-04,1.475641921448388920e-03,-3.335396337744267470e-03,4.275411393441617839e-04,3.471214437872159608e-02,2.190295464090433186e-02,1.011531108866662587e-01,7.021348833799344324e-02,7.281090858164786022e-04,1.469272664045145893e-03,-1.973973981598791793e-03,-9.405600760341650823e-04,-3.330909509406585985e-04,4.278559399841242719e-04,-4.056477489115680422e-03,6.820805323370228261e-03
3.230000000000000093e-01,0.000000000000000000e+00,2.108258189752904369e-03,2.953188669897010080e-03,2.113633700812382697e-03,2.968322870192652112e-03,1.000000000000000000e+00,1.000000000000000000e+00,7.114352300594941952e-04,1.476370488078827641e-03,-3.947982153755356591e-03,1.457133260877353786e-03,3.679995029117517913e-02,1.864951411554209570e-02,1.112011956271306834e-01,5.435736362154836021e-02,7.269768486413822652e-04,1.469047628124702009e-03,-2.553808219292488541e-03,3.852743920068320629e-05,-3.330909509406585985e-04,4.278559399841242719e-04,-2.908105314361303720e-03,5.346028277147901048e-03
3.235000000000000098e-01,0.000000000000000000e+00,2.105391032433314141e-03,2.954324277477359158e-03,2.111474931744741594e-03,2.968523399655533315e-03,1.000000000000000000e+00,1.000000000000000000e+00,7.092388601272741483e-04,1.477506095659176502e-03,-4.392739864439997553e-03,2.271215160697826613e-03,3.852405159885278346e-02,1.591044868101490484e-02,1.158798656862907589e-01,4.684720897192986427e-02,7.255963519188229774e-04,1.469258658005439177e-03,-2.967325110482745172e-03,8.041004379187989635e-04,-3.330909509406585985e-04,4.278559399841242719e-04,-1.964615289228605760e-03,4.108774256571743819e-03
3.240000000000000102e-01,0.000000000000000000e+00,2.102323659451057689e-03,2.955776454545500434e-03,2.109310990244974218e-03,2.968725515468009606e-03,1.000000000000000000e+00,1.000000000000000000e+00,7.068891160992434334e-04,1.478958272727317561e-03,-4.699488056061448815e-03,2.904354136281981844e-03,4.363008297955488224e-02,2.644487109776533923e-02,1.340761664687728227e-01,9.036985280337467286e-02,7.136605984843898349e-04,1.453671640785273930e-03,-4.418807345416376348e-03,-4.350348170553191771e-04,-2.778966765324144712e-05,9.023291086599962568e-04,6.433998000852599909e-04,8.374715804918508172e-03
3.245000000000000107e-01,0.000000000000000000e+00,2.099314562559221123e-03,2.957870609533484046e-03,2.107141877378273208e-03,2.968929243924734937e-03,1.000000000000000000e+00,1.000000000000000000e+00,7.045840141464451527e-04,1.481052427715301390e-03,-4.610203905596460885e-03,4.188309975967774781e-03,4.571463625678512388e-02,2.519593739238043181e-02,1.378601979056088556e-01,7.707879061714086044e-02,7.114732817549214872e-04,1.453752309548942030e-03,-4.330547957847353212e-03,7.553997758964195106e-04,-2.778966765324144712e-05,9.023291086599962568e-04,1.740678207972257748e-03,7.746680538730035120e-03
3.250000000000000111e-01,0.000000000000000000e+00,2.096467842921418290e-03,2.960560004652785203e-03,2.104967593009420337e-03,2.969134595167752765e-03,1.000000000000000000e+00,1.000000000000000000e+00,7.024033003867886753e-04,1.483741822834602547e-03,-4.361427519312892354e-03,5.378790238602166283e-03,4.588373354831899731e-02,2.108603218448761030e-02,1.368687928172034884e-01,6.269546953165726355e-02,7.093698087898002739e-04,1.454405290540084807e-03,-4.083742716417074550e-03,1.854369722109251977e-03,-2.778966765324144712e-05,9.023291086599962568e-04,1.813657098702036114e-03,5.894556533747936054e-03
3.255000000000000115e-01,0.000000000000000000e+00,2.093790407066683200e-03,2.963708958229631287e-03,2.102788135830693014e-03,2.969341562847883226e-03,1.000000000000000000e+00,1.000000000000000000e+00,7.003522655284615287e-04,1.486890776411448631e-03,-4.102069716654283514e-03,6.297907153692135565e-03,4.597195240403509353e-02,1.765559757588787415e-02,1.372040201894027256e-01,5.327657415434041560e-02,7.073923725724387676e-04,1.455540548116061612e-03,-3.826426100734269843e-03,2.685007913245964200e-03,-2.778966765324144712e-05,9.023291086599962568e-04,1.842891560148841087e-03,4.355222096356330640e-03
3.260000000000000120e-01,0.000000000000000000e+00,2.091285009954683364e-03,2.967204551084100857e-03,2.100603503389748654e-03,2.969550123786097312e-03,1.000000000000000000e+00,1.000000000000000000e+00,6.984330199930076149e-04,1.490386369265918201e-03,-3.838491070907793824e-03,6.991185708939171711e-03,4.192883531498596550e-02,6.830461311623322977e-03,1.215658137959449714e-01,1.446200598287202335e-02,7.089731109565615419e-04,1.469835759607137455e-03,-3.177041003967085581e-03,4.740736673014721812e-03,-1.286027084493528518e-04,5.259337298899729183e-04,-2.735102019335573613e-04,-1.747716764268630874e-04
3.265000000000000124e-01,0.000000000000000000e+00,2.088747372051549030e-03,2.970704015833656661e-03,2.098413692117526413e-03,2.969760237634895376e-03,1.000000000000000000e+00,1.000000000000000000e+00,6.964890765786635549e-04,1.493885834015474005e-03,-3.887886828688141665e-03,6.998929499111727730e-03,4.130154096017683157e-02,2.106353862845049361e-03,1.225549783354243916e-01,5.359497037070408768e-03,7.073744637123574467e-04,1.472196651884797062e-03,-3.217409325575727470e-03,4.702816706310393273e-03,-1.286027084493528518e-04,5.259337298899729183e-04,-5.997094972132436955e-04,-2.204942091796081687e-03
3.270000000000000129e-01,0.000000000000000000e+00,2.086146728041202505e-03,2.974059258406107527e-03,2.096218697356140668e-03,2.969971846539697351e-03,1.000000000000000000e+00,1.000000000000000000e+00,6.944968676860068793e-04,1.497241076587924654e-03,-3.984417785313425046e-03,6.710485144901143575e-03,4.221322743334755823e-02,2.101950561275683048e-03,1.265801771922391294e-01,9.251128024522813423e-03,7.057438489013828859e-04,1.474465020888531680e-03,-3.304818897619794197e-03,4.371216222988226659e-03,-1.286027084493528518e-04,5.259337298899729183e-04,-1.093660260725554199e-04,-2.181791117462055472e-03
3.275000000000000133e-01,0.000000000000000000e+00,2.083529781552858652e-03,2.977271437787140825e-03,2.094018513386781445e-03,2.970184874800214751e-03,1.000000000000000000e+00,1.000000000000000000e+00,6.924921703706714109e-04,1.500453255968957952e-03,-4.009394630670896909e-03,6.424358762066552028e-03,4.293707868546800532e-02,2.169885440787979770e-03,1.285999087286738563e-01,9.395668639460353841e-03,7.040873025222523082e-04,1.476568356361884597e-03,-3.321272130722921750e-03,4.042682877438780187e-03,-1.286027084493528518e-04,5.259337298899729183e-04,2.761884683053752380e-04,-2.127553276717076679e-03
3.280000000000000138e-01,0.000000000000000000e+00,2.080933284316464123e-03,2.980343976640146240e-03,2.091813133457604001e-03,2.970399228531832650e-03,1.000000000000000000e+00,1.000000000000000000e+00,6.905031380911576212e-04,1.503525794821963584e-03,-3.978064559027490871e-03,6.145077706011169323e-03,4.063476123469919599e-02,1.122369024912455143e-03,1.190571121106149127e-01,5.149367044474287280e-03,7.024402755552466198e-04,1.480232660888730406e-03,-3.281495399387046596e-03,3.916684296916795108e-03,-1.287135059910998758e-04,4.752593443920440823e-04,-9.405123599781600296e-04,-2.525645817696412290e-03
3.285000000000000142e-01,0.000000000000000000e+00,2.078241945130900829e-03,2.983245410153237149e-03,2.089602549811629684e-03,2.970614795326992092e-03,1.000000000000000000e+00,1.000000000000000000e+00,6.884414526635082706e-04,1.506427228335054493e-03,-4.123370855298739285e-03,5.802867026181728408e-03,4.170152281229212027e-02,1.481422459440128554e-03,1.250887124872329115e-01,7.290857364060626677e-03,7.007653407845688617e-04,1.482096310291845407e-03,-3.417916004971790784e-03,3.538575656757976095e-03,-1.287135059910998758e-04,4.752593443920440823e-04,-3.642667216678348915e-04,-2.342176747880198376e-03
3.290000000000000147e-01,0.000000000000000000e+00,2.075510617468131341e-03,2.985988621221991567e-03,2.087386753714638547e-03,2.970831443916569468e-03,1.000000000000000000e+00,1.000000000000000000e+00,6.863491342851066324e-04,1.509170439403809127e-03,-4.184636756803220177e-03,5.486422137509348873e-03,4.255447959063489438e-02,1.841835720845895561e-03,1.274583003055508035e-01,8.247976998488846037e-03,6.990430781301577206e-04,1.483777487979744429e-03,-3.470966715577355425e-03,3.186753389124201679e-03,-1.287135059910998758e-04,4.752593443920440823e-04,9.252091245284631412e-05,-2.159965904347110888e-03
3.295000000000000151e-01,0.000000000000000000e+00,2.072782809725692323e-03,2.988586403380371313e-03,2.085165735483065878e-03,2.971049023831255024e-03,1.000000000000000000e+00,1.000000000000000000e+00,6.842595123221145237e-04,1.511768221562188657e-03,-4.179243925984130539e-03,5.195564316758874944e-03,4.322667157653314191e-02,2.197655299227121994e-03,1.293435782469311013e-01,9.197099722347995901e-03,6.973108460575208395e-04,1.485289292245171953e-03,-3.457921394403959230e-03,2.861037773246275472e-03,-1.287135059910998758e-04,4.752593443920440823e-04,4.486148708432849191e-04,-1.981579719850161490e-03
3.300000000000000155e-01,0.000000000000000000e+00,2.070092467542050153e-03,2.991051274312009518e-03,2.082939484511902185e-03,2.971267365062937003e-03,1.000000000000000000e+00,1.000000000000000000e+00,6.821985906422467711e-04,1.514233092493826862e-03,-4.121843359735500971e-03,4.929741863276580066e-03,4.750821117099835594e-02,-5.951128030557673552e-03,1.454281133383771296e-01,-2.286807806620596434e-02,6.869012728351894066e-04,1.496097152731408952e-03,-4.377250203335230662e-03,3.630288975395475938e-03,1.270125718193328200e-04,1.973109165169756416e-04,2.614323928093849163e-03,-5.327045214920291503e-03
3.305000000000000160e-01,0.000000000000000000e+00,2.067653968548415541e-03,2.993129809256162704e-03,2.080707989302580611e-03,2.971486277726078859e-03,1.000000000000000000e+00,1.000000000000000000e+00,6.803305920386216185e-04,1.516311627437980048e-03,-3.735997207250210499e-03,4.157069888306525775e-03,4.733519174152399367e-02,-4.094707686790967360e-03,1.413049496494069301e-01,-9.034381836585805153e-03,6.848046534410674345e-04,1.497717488350650689e-03,-4.009860137809339101e-03,2.852499614003635355e-03,1.270125718193328200e-04,1.973109165169756416e-04,2.498157176799999102e-03,-4.468715818141985423e-03
3.310000000000000164e-01,0.000000000000000000e+00,2.065455992393280295e-03,2.994884287391500963e-03,2.078471237490881699e-03,2.971705551719100794e-03,1.000000000000000000e+00,1.000000000000000000e+00,6.786468446188722182e-04,1.518066105573318090e-03,-3.367494839498883993e-03,3.508956270676210319e-03,4.713643597763706589e-02,-2.484625246237897114e-03,1.408753558336559575e-01,-4.644855005875987881e-03,6.828874728236200694e-04,1.498979996257985940e-03,-3.659468934169720668e-03,2.198751260406936123e-03,1.270125718193328200e-04,1.973109165169756416e-04,2.369454272962854581e-03,-3.725669335247666896e-03
3.315000000000000169e-01,0.000000000000000000e+00,2.063486033679361176e-03,2.996368601150812844e-03,2.076229215874823841e-03,2.971924956385760437e-03,1.000000000000000000e+00,1.000000000000000000e+00,6.771377686929007465e-04,1.519550419332630188e-03,-3.018151851942932166e-03,2.968627518624206672e-03,4.692065314795867970e-02,-1.092667327744122063e-03,1.403914866899006741e-01,-8.458058213592232946e-04,6.811407788445770486e-04,1.499942522066576153e-03,-3.327883581495026839e-03,1.652374470808817136e-03,1.270125718193328200e-04,1.973109165169756416e-04,2.232972490985129892e-03,-3.084533683080470205e-03
3.320000000000000173e-01,0.000000000000000000e+00,2.061730853501698036e-03,2.997629229442610663e-03,2.073981910442560667e-03,2.972144240176532656e-03,1.000000000000000000e+00,1.000000000000000000e+00,6.757932226711294184e-04,1.520811047624427790e-03,-2.689092043542579830e-03,2.521256583595178624e-03,3.948748768982269369e-02,1.429698723510368233e-03,1.118815787429773140e-01,7.569547178803823564e-03,6.851595351072362625e-04,1.499695623574570343e-03,-2.382141359842205458e-03,1.090087769559727792e-03,-3.779044301489170067e-05,2.255228957011943668e-04,-1.653321990529212603e-03,-1.963833245929712690e-03
3.325000000000000178e-01,0.000000000000000000e+00,2.059815746393806133e-03,2.998747467067871750e-03,2.071729306400276263e-03,2.972363130309990231e-03,1.000000000000000000e+00,1.000000000000000000e+00,6.743261655131511934e-04,1.521929285249689094e-03,-2.934114315956478248e-03,2.236475250522460337e-03,4.068028341464029890e-02,2.203001008916217161e-03,1.227299942812452582e-01,8.297070917113841607e-03,6.839074187670135616e-04,1.500166911122047643e-03,-2.625804466671866327e-03,7.956152940328716774e-04,-3.779044301489170067e-05,2.255228957011943668e-04,-1.002057380981984016e-03,-1.607975184442413368e-03
3.330000000000000182e-01,0.000000000000000000e+00,2.057802549029724530e-03,2.999749012572063521e-03,2.069471388200083868e-03,2.972581332434184528e-03,1.000000000000000000e+00,1.000000000000000000e+00,6.727839668594946332e-04,1.522930830753880648e-03,-3.084397307313208308e-03,2.003091008383038000e-03,4.164998478570238610e-02,2.867363974361776102e-03,1.253983781333450342e-01,1.011672202148661964e-02,6.825570501581914879e-04,1.500503829292466548e-03,-2.775329160282803513e-03,5.525157790847389470e-04,-3.779044301489170067e-05,2.255228957011943668e-04,-4.759436325559040799e-04,-1.302867701744972332e-03
3.335000000000000187e-01,0.000000000000000000e+00,2.055741212982680789e-03,3.000655874003925732e-03,2.067208139567917186e-03,2.972798530288030955e-03,1.000000000000000000e+00,1.000000000000000000e+00,6.712048918352560420e-04,1.523837692185743076e-03,-3.158150048477128321e-03,1.813722863724889821e-03,4.242981638360546204e-02,3.436012994279313837e-03,1.275602347324967800e-01,1.167657984093115574e-02,6.811509660238290135e-04,1.500730227050590601e-03,-2.848811831789929173e-03,3.534524798608509552e-04,-3.779044301489170067e-05,2.255228957011943668e-04,-5.606156678644898250e-05,-1.042275336349656302e-03
3.340000000000000191e-01,0.000000000000000000e+00,2.053671601836631281e-03,3.001486822693130024e-03,2.064939543533380207e-03,2.973014385431160030e-03,1.000000000000000000e+00,1.000000000000000000e+00,6.696194777174075026e-04,1.524668640874947368e-03,-3.170828235697023632e-03,1.661897378408741695e-03,5.225400466758435558e-02,3.363747541281178564e-03,1.650416383642407669e-01,1.084519670948065617e-02,6.617155674731428064e-04,1.501839363758275493e-03,-4.898923212522970916e-03,3.020541945721705009e-04,4.917228755939654890e-04,1.969164384820021687e-04,4.943921168461171654e-03,-1.029135807221352294e-03
3.345000000000000195e-01,0.000000000000000000e+00,2.052086245473563192e-03,3.002240388477809586e-03,2.062665582489812445e-03,2.973228538035145585e-03,1.000000000000000000e+00,1.000000000000000000e+00,6.684050242851157560e-04,1.525422206659626930e-03,-2.428906864583526941e-03,1.507131569359176871e-03,5.287594522927763913e-02,3.867031148054870821e-03,1.594623334159594175e-01,1.279490934197604311e-02,6.594385655443780764e-04,1.501949945586645912e-03,-4.210332932398351026e-03,1.405818712827527884e-04,4.917228755939654890e-04,1.969164384820021687e-04,5.224662874745824095e-03,-7.996240692264343451e-04
3.350000000000000200e-01,0.000000000000000000e+00,2.051010852436440692e-03,3.002933115890157011e-03,2.060386238308834460e-03,2.973440609587773859e-03,1.000000000000000000e+00,1.000000000000000000e+00,6.675812254248593251e-04,1.526114934071974572e-03,-1.647597720512776606e-03,1.385454824695406305e-03,5.161760322973880932e-02,4.287701658256338859e-03,1.544570441786597137e-01,1.394668797625552882e-02,6.575158754938425793e-04,1.501988088719890700e-03,-3.481766562455172569e-03,1.223794915175625332e-05,4.917228755939654890e-04,1.969164384820021687e-04,4.508633604744414873e-03,-6.081808671434110530e-04
3.355000000000000204e-01,0.000000000000000000e+00,2.050376570983498351e-03,3.003578781903350464e-03,2.058101492469951652e-03,2.973650206126289205e-03,1.000000000000000000e+00,1.000000000000000000e+00,6.670953376424594919e-04,1.526760600085167808e-03,-9.717755647996623603e-04,1.291332026386472287e-03,5.051216866465881028e-02,4.642273249148127189e-03,1.515950103869547483e-01,1.492413450213468142e-02,6.559314069640511139e-04,1.501968979169069187e-03,-2.857257968380773339e-03,-8.848023968855480434e-05,4.917228755939654890e-04,1.969164384820021687e-04,3.881049170488276839e-03,-4.472889748834529399e-04
3.360000000000000209e-01,0.000000000000000000e+00,2.050122960739260859e-03,3.004188942702310395e-03,2.055811326190475508e-03,2.973856921481680439e-03,1.000000000000000000e+00,1.000000000000000000e+00,6.669010609241433516e-04,1.527370760884127739e-03,-3.885534366323161641e-04,1.220321597919681988e-03,4.401800019638673483e-02,-4.898390056580340969e-03,1.276255314031163879e-01,-2.246178421041513523e-02,6.697671804111291101e-04,1.525935092182566233e-03,-6.121769322494422221e-04,2.552620712708886935e-03,4.680483057305584254e-05,-5.096719108568621096e-04,5.766483358367810452e-04,-4.199746186358955038e-03
3.365000000000000213e-01,0.000000000000000000e+00,2.049920261453036519e-03,3.004465747864673835e-03,2.053515720555438781e-03,2.974060340522955911e-03,1.000000000000000000e+00,1.000000000000000000e+00,6.667457842623071692e-04,1.527647566046491179e-03,-3.105533236723525712e-04,5.536103247269426623e-04,3.726245427391293441e-02,-1.313357629785516165e-02,1.069742915834376029e-01,-4.658669690211313108e-02,6.694793137367363025e-04,1.527060017820868485e-03,-5.394198888806897227e-04,1.948210667873246423e-03,4.680483057305584254e-05,-5.096719108568621096e-04,-2.995952941049138431e-03,-7.697819958650372468e-03
3.370000000000000218e-01,0.000000000000000000e+00,2.049429446322003842e-03,3.004155650915206824e-03,2.051214656647523671e-03,2.974260042401432463e-03,1.000000000000000000e+00,1.000000000000000000e+00,6.663697980585806891e-04,1.527337469097024168e-03,-7.519724074529954456e-04,-6.201938989339278408e-04,3.630046653614256436e-02,-1.250160296477656995e-02,1.087720859316234079e-01,-3.760709306344064279e-02,6.690984958433579327e-04,1.527756233732093048e-03,-9.829776838233468018e-04,8.387767355901307523e-04,4.680483057305584254e-05,-5.096719108568621096e-04,-3.467746737823633636e-03,-7.341424366425619054e-03
3.375000000000000222e-01,0.000000000000000000e+00,2.048605724885361589e-03,3.003285263824108896e-03,2.048908115676971800e-03,2.974455603795005728e-03,1.000000000000000000e+00,1.000000000000000000e+00,6.657387908293629615e-04,1.526467082005926240e-03,-1.262014458435445526e-03,-1.740774182195918129e-03,3.798383642820832989e-02,-8.942487137499455230e-03,1.158615801685909108e-01,-2.480611438333713697e-02,6.684788204186474254e-04,1.527910754343347714e-03,-1.494708868445581698e-03,-2.186508486216342563e-04,4.680483057305584254e-05,-5.096719108568621096e-04,-2.536731989230738959e-03,-5.729410774147233182e-03
3.380000000000000226e-01,0.000000000000000000e+00,2.047537399597407996e-03,3.001972440684586366e-03,2.046596079111510230e-03,2.974646602152439950e-03,1.000000000000000000e+00,1.000000000000000000e+00,6.649204061790826067e-04,1.525154258866403493e-03,-1.636769300560734011e-03,-2.625646279045424931e-03,4.321797269096327304e-02,8.583392257667799008e-04,1.345542532555339399e-01,9.838133422996058960e-03,6.586623476605216448e-04,1.520585394309894060e-03,-2.887238508253031979e-03,-1.835676625865442432e-03,3.107012619054022378e-04,-3.035556377282622371e-04,1.641090134465099208e-04,-1.521625385340271384e-03
3.385000000000000231e-01,0.000000000000000000e+00,2.046489669865091642e-03,3.000528800452392439e-03,2.044278528806270107e-03,2.974832618937642628e-03,1.000000000000000000e+00,1.000000000000000000e+00,6.641177986397512126e-04,1.523710618634209783e-03,-1.605215078662720115e-03,-2.887280464387506195e-03,4.382132541781631752e-02,2.168296831633563775e-03,1.324459596263540817e-01,6.446466216582943942e-03,6.572193416935955207e-04,1.519611376236820266e-03,-2.884735677722880236e-03,-2.059924268502163515e-03,3.107012619054022378e-04,-3.035556377282622371e-04,4.868768871187023552e-04,-9.405734908473502819e-04
3.390000000000000235e-01,0.000000000000000000e+00,2.045492643401754934e-03,2.998996970741560353e-03,2.041955447133702705e-03,2.975013242873945224e-03,1.000000000000000000e+00,1.000000000000000000e+00,6.633540320578693852e-04,1.522178788923377697e-03,-1.527533163763620909e-03,-3.063659421664120114e-03,4.426508794321033086e-02,3.187161856605930706e-03,1.336953481026677271e-01,9.209277798300049417e-03,6.557891946509787585e-04,1.518546332910760766e-03,-2.835893102806368807e-03,-2.199937443245191752e-03,3.107012619054022378e-04,-3.035556377282622371e-04,7.216226493515815084e-04,-4.912598574321975836e-04
3.395000000000000240e-01,0.000000000000000000e+00,2.044568076496809401e-03,2.997409995375455594e-03,2.039626817113504575e-03,2.975188073188389081e-03,1.000000000000000000e+00,1.000000000000000000e+00,6.626457727180442908e-04,1.520591813557272938e-03,-1.416518679650151987e-03,-3.173950732209655356e-03,4.460149462102897672e-02,4.009101730570359574e-03,1.346816416985579246e-01,1.148421546994437929e-02,6.543918904329582053e-04,1.517427610557210487e-03,-2.753430775150031255e-03,-2.274764679428336375e-03,3.107012619054022378e-04,-3.035556377282622371e-04,8.969123108426273888e-04,-1.317259685931747044e-04
3.400000000000000244e-01,0.000000000000000000e+00,2.043732085638125424e-03,2.995794385289558479e-03,2.037292622542533592e-03,2.975356722855999198e-03,1.000000000000000000e+00,1.000000000000000000e+00,6.620053665662508930e-04,1.518976203471375823e-03,-1.280812303586884677e-03,-3.231220171794359913e-03,3.503043874660435181e-02,1.660383617135604856e-03,9.729540126372365760e-02,1.636304797493791808e-03,6.666784787266159416e-04,1.520506043347040611e-03,-1.103185317250114216e-03,-1.819790554774896761e-03,-9.027286317123226368e-05,-4.276874137522753338e-04,-4.015841892604261366e-03,-1.061697009279346723e-03
3.405000000000000249e-01,0.000000000000000000e+00,2.042504218744946743e-03,2.994077247262020257e-03,2.034952848124728896e-03,2.975518821844070141e-03,1.000000000000000000e+00,1.000000000000000000e+00,6.610647659558417742e-04,1.517259065443837601e-03,-1.881201220818136659e-03,-3.434276055076635956e-03,3.331000633554181967e-02,1.831250423477048979e-03,9.846719124264349809e-02,4.217572712016262951e-03,6.659798700520267638e-04,1.519556905185138248e-03,-1.690085574871817275e-03,-1.976422673174601380e-03,-9.027286317123226368e-05,-4.276874137522753338e-04,-4.877329669772269456e-03,-9.764120774691514978e-04
3.410000000000000253e-01,0.000000000000000000e+00,2.040802976798139316e-03,2.992265296979809263e-03,2.032607479601031275e-03,2.975674020356441993e-03,1.000000000000000000e+00,1.000000000000000000e+00,6.597615390160890608e-04,1.515447115161626607e-03,-2.606453879505466614e-03,-3.623900564422078731e-03,3.571798218607123016e-02,2.844313664452377891e-03,1.089046102197049753e-01,7.924552248443473765e-03,6.649566690529019148e-04,1.518532619478105486e-03,-2.401301426764902713e-03,-2.120402415565170347e-03,-9.027286317123226368e-05,-4.276874137522753338e-04,-3.548191271082172353e-03,-5.297817856397954092e-04
3.415000000000000258e-01,0.000000000000000000e+00,2.038754698384760873e-03,2.990391505698005836e-03,2.030256503879304415e-03,2.975821992077785395e-03,1.000000000000000000e+00,1.000000000000000000e+00,6.581924667195599614e-04,1.513573323879823180e-03,-3.138144593058183555e-03,-3.747582563606888326e-03,3.771396566662303662e-02,3.662578513807586856e-03,1.143199525623246060e-01,1.018441119536323859e-02,6.636260133841560393e-04,1.517452590365411151e-03,-2.920265216517611145e-03,-2.199519891498114520e-03,-9.027286317123226368e-05,-4.276874137522753338e-04,-2.451432666625651298e-03,-1.719789664993309655e-04
3.420000000000000262e-01,0.000000000000000000e+00,2.036463651263491995e-03,2.988482379858700688e-03,2.027899909164249635e-03,2.975962437417879226e-03,1.000000000000000000e+00,1.000000000000000000e+00,6.564374228033881698e-04,1.511664198040518249e-03,-3.510087832343551997e-03,-3.818251678609733881e-03,3.057554078369732059e-02,-4.941605425264093210e-04,8.469641977403094546e-02,-6.687864256015431906e-03,6.695494025785365564e-04,1.521492028795125295e-03,-2.435033597641759074e-03,-1.644429415993570957e-03,-3.100374853380033881e-04,-5.790039741943565042e-04,-6.110564181618549813e-03,-1.871710334755506472e-03
3.425000000000000266e-01,0.000000000000000000e+00,2.033575277755547868e-03,2.986408627600685255e-03,2.025537685087331046e-03,2.976095086755890882e-03,1.000000000000000000e+00,1.000000000000000000e+00,6.542248003279755664e-04,1.509590445782502599e-03,-4.425244950825283144e-03,-4.147504516031430034e-03,3.362841056992059430e-02,8.887279208115897011e-04,1.021632243544797619e-01,2.089646338750079761e-03,6.681113746126885128e-04,1.520601943428361155e-03,-3.315317941676844925e-03,-1.915353366911068866e-03,-3.100374853380033881e-04,-5.790039741943565042e-04,-4.428180702108485377e-03,-1.256687296896378614e-03
3.430000000000000271e-01,0.000000000000000000e+00,2.030249801988349458e-03,2.984215620565856646e-03,2.023169822836692455e-03,2.976219703684659587e-03,1.000000000000000000e+00,1.000000000000000000e+00,6.516773380957865307e-04,1.507397438747673990e-03,-5.094924464378072261e-03,-4.386014069657147817e-03,3.615516630797983855e-02,2.021697031912139415e-03,1.090165135519900463e-01,5.206620762505520875e-03,6.662941996951911566e-04,1.519598760830125940e-03,-3.952079021047489975e-03,-2.096987111155633552e-03,-3.100374853380033881e-04,-5.790039741943565042e-04,-3.042388294264683837e-03,-7.560445971204295861e-04
3.435000000000000275e-01,0.000000000000000000e+00,2.026619275874369693e-03,2.981940405092222551e-03,2.020796315287077746e-03,2.976336088254974074e-03,1.000000000000000000e+00,1.000000000000000000e+00,6.488961937405736489e-04,1.505122223274040112e-03,-5.562288710425726361e-03,-4.550430947267925831e-03,3.823039315162297946e-02,2.941228200477509751e-03,1.146721833536354790e-01,7.739885972040848154e-03,6.642088965452033191e-04,1.518522982597341397e-03,-4.388209558362719462e-03,-2.205874143884320286e-03,-3.100374853380033881e-04,-5.790039741943565042e-04,-1.910559643587575419e-03,-3.528374883835211752e-04
3.440000000000000280e-01,0.000000000000000000e+00,2.022791628494818601e-03,2.979612935048748905e-03,2.018417157129748229e-03,2.976444080219853294e-03,1.000000000000000000e+00,1.000000000000000000e+00,6.459640457352497454e-04,1.502794753230566249e-03,-5.864296010647872953e-03,-4.654940086947803764e-03,3.665952539667439308e-02,1.178758516989647509e-02,1.066404375818699596e-01,4.126621807424102339e-02,6.621671287426266579e-04,1.508816244695511313e-03,-4.635485609208183852e-03,-3.228074477315470616e-03,-3.165226104393536501e-04,-3.263820146872567886e-04,-2.714353585064803540e-03,3.349553124465738836e-03
3.445000000000000284e-01,0.000000000000000000e+00,2.018690884281524375e-03,2.977510575422275853e-03,2.016032345002405184e-03,2.976543562278828430e-03,1.000000000000000000e+00,1.000000000000000000e+00,6.428226934180034970e-04,1.500692393604092980e-03,-6.282704634492436956e-03,-4.204719252946472786e-03,3.873430557174477318e-02,1.090260171664573369e-02,1.158182047678527476e-01,3.047108532981736284e-02,6.597522164669553579e-04,1.507321699078006038e-03,-5.023320612919134238e-03,-2.750976123428294957e-03,-3.165226104393536501e-04,-3.263820146872567886e-04,-1.586062870976215908e-03,2.931832077827391334e-03
3.450000000000000289e-01,0.000000000000000000e+00,2.014424631694408923e-03,2.975603286779036558e-03,2.013641877619111106e-03,2.976634463322225341e-03,1.000000000000000000e+00,1.000000000000000000e+00,6.395545543307016439e-04,1.498785104960854118e-03,-6.536278174603597606e-03,-3.814577286477723473e-03,4.041467824797476127e-02,1.011216057489934192e-02,1.204391316622121788e-01,2.832454395346589021e-02,6.571843099136875964e-04,1.506050624463827533e-03,-5.247773570191864925e-03,-2.334082233634477560e-03,-3.165226104393536501e-04,-3.263820146872567886e-04,-6.787864510650843883e-04,2.559244544496499553e-03
3.455000000000000293e-01,0.000000000000000000e+00,2.010079466824445538e-03,2.973864311791956077e-03,2.011245755900203588e-03,2.976716761675440078e-03,1.000000000000000000e+00,1.000000000000000000e+00,6.362259649276303395e-04,1.497046129973773421e-03,-6.657178806142579480e-03,-3.477949974161346353e-03,4.175991412031243577e-02,9.408141915919054216e-03,1.241652556936183177e-01,2.640991608967618517e-02,6.545370948607081131e-04,1.504974552643800799e-03,-5.340806305384683712e-03,-1.970868285058004297e-03,-3.165226104393536501e-04,-3.263820146872567886e-04,4.120415927578416522e-05,2.227822770505303619e-03
3.460000000000000298e-01,0.000000000000000000e+00,2.005724197178592426e-03,2.972269886324335579e-03,2.008843983102219597e-03,2.976790488343222189e-03,1.000000000000000000e+00,1.000000000000000000e+00,6.328896348171398050e-04,1.495451704506152923e-03,-6.672660220981089726e-03,-3.188850935240875213e-03,4.696944426894385238e-02,1.667177968778695007e-02,1.432407510188175859e-01,5.534474348785811681e-02,6.423706350671825075e-04,1.495650562364833147e-03,-6.404157251474191029e-03,-2.607706211586507863e-03,-3.721131332742838815e-05,-7.886577145575328080e-05,2.692253758074916563e-03,5.213436694016970741e-03
3.465000000000000302e-01,0.000000000000000000e+00,2.001620435293797063e-03,2.971045535837428531e-03,2.006436564947614628e-03,2.976855730249208798e-03,1.000000000000000000e+00,1.000000000000000000e+00,6.297459708294088571e-04,1.494227354019245658e-03,-6.287327975461908837e-03,-2.448700973814539258e-03,4.716575318650326198e-02,1.469059074449743409e-02,1.397594730644470540e-01,4.176811531005440031e-02,6.392646106749829771e-04,1.494532215056543992e-03,-6.020566332925036263e-03,-1.867076090342262382e-03,-3.721131332742838815e-05,-7.886577145575328080e-05,2.770207741133635590e-03,4.303858581535906919e-03
3.470000000000000306e-01,0.000000000000000000e+00,1.997775557133740429e-03,2.970125173742059477e-03,2.004023509727725482e-03,2.976912632833202035e-03,1.000000000000000000e+00,1.000000000000000000e+00,6.268006232804279772e-04,1.493306991923877038e-03,-5.890695097961746833e-03,-1.840724190737326720e-03,4.725117641291113474e-02,1.299153606681966930e-02,1.401331086941524917e-01,3.712229889641395497e-02,6.363531952585204906e-04,1.493751253175435237e-03,-5.625750456759012232e-03,-1.257922453115148560e-03,-3.721131332742838815e-05,-7.886577145575328080e-05,2.788406797400274934e-03,3.525576502723253968e-03
3.475000000000000311e-01,0.000000000000000000e+00,1.994191268090605897e-03,2.969452265560158094e-03,2.001604828250342152e-03,2.976961398919780212e-03,1.000000000000000000e+00,1.000000000000000000e+00,6.240548985764024937e-04,1.492634083741975655e-03,-5.491449408051008590e-03,-1.345816363802905015e-03,4.724845321677684229e-02,1.154002614758356353e-02,1.402604521022320916e-01,3.314838787181486474e-02,6.336398380788870735e-04,1.493246693367279764e-03,-5.228345887220152075e-03,-7.612602369898367576e-04,-3.721131332742838815e-05,-7.886577145575328080e-05,2.759541361070349304e-03,2.862296560451557843e-03
3.480000000000000315e-01,0.000000000000000000e+00,1.990864807982613716e-03,2.968978643165664545e-03,1.999180533655806752e-03,2.977002284431682494e-03,1.000000000000000000e+00,1.000000000000000000e+00,6.215066822954182658e-04,1.492160461347481672e-03,-5.096432561968560794e-03,-9.472447889880145425e-04,4.837406096147996160e-02,1.085437483959575053e-02,1.448428634709397755e-01,3.189606110340219985e-02,6.254463505657883006e-04,1.492281527406480067e-03,-5.477509937179608421e-03,-4.379500933437347528e-04,1.297421344211223372e-04,-5.872568525747723806e-05,3.265494688322584122e-03,2.513984415321949065e-03
3.485000000000000320e-01,0.000000000000000000e+00,1.987849949698524115e-03,2.968680612897986286e-03,1.996750641218085834e-03,2.977035593742647333e-03,1.000000000000000000e+00,1.000000000000000000e+00,6.191971668601001060e-04,1.491862431079803413e-03,-4.619030870636404648e-03,-5.960605353565880896e-04,4.815837452354430198e-02,9.712732563550331363e-03,1.432964399428381108e-01,2.819865733635943186e-02,6.228227200698481297e-04,1.492150656467375065e-03,-5.017803802511368490e-03,-8.621038451625811106e-05,1.297421344211223372e-04,-5.872568525747723806e-05,3.120177711360305316e-03,1.995037121930085238e-03
3.490000000000000324e-01,0.000000000000000000e+00,1.985132605713697644e-03,2.968520484667387053e-03,1.994315168145805849e-03,2.977061675029490234e-03,1.000000000000000000e+00,1.000000000000000000e+00,6.171155606004811870e-04,1.491702302849204397e-03,-4.163212519237838825e-03,-3.202564611979926562e-04,4.791029822119916015e-02,8.749795885167784004e-03,1.427578366441709379e-01,2.555212807227994973e-02,6.204236323581428922e-04,1.492176868985202378e-03,-4.579306184026987227e-03,1.905231591018941538e-04,1.297421344211223372e-04,-5.872568525747723806e-05,2.959075113081307586e-03,1.558683332883805317e-03
3.495000000000000329e-01,0.000000000000000000e+00,1.982697195826189310e-03,2.968466576462691717e-03,1.991874133383298578e-03,2.977080915624196258e-03,1.000000000000000000e+00,1.000000000000000000e+00,6.152499283894382470e-04,1.491648394644509061e-03,-3.731264422085938878e-03,-1.078164093906983155e-04,4.764076051244828247e-02,7.941877571303893046e-03,1.421509285850463544e-01,2.332783265150083912e-02,6.182379129634485437e-04,1.492325652819024174e-03,-4.164293085098238686e-03,4.041924651078866075e-04,1.297421344211223372e-04,-5.872568525747723806e-05,2.788156945104363661e-03,1.193837905393605250e-03
3.500000000000000333e-01,0.000000000000000000e+00,1.980527213803563117e-03,2.968492407735634844e-03,1.989427557411632685e-03,2.977093737365989548e-03,1.000000000000000000e+00,1.000000000000000000e+00,6.135876257193374197e-04,1.491674225917452188e-03,-3.324605340201561374e-03,5.166254588625526041e-05,4.006063790109041373e-02,1.588417601086297010e-02,1.131571575850083000e-01,5.493129689520190317e-02,6.307310662489050597e-04,1.476000172458500704e-03,-2.136253356181975691e-03,-1.309273115859053808e-03,-2.959675027329750486e-04,4.284483849344352399e-04,-1.088192279248043071e-03,4.351988739483469461e-03
3.505000000000000338e-01,0.000000000000000000e+00,1.978240049599665987e-03,2.968845285447313694e-03,1.986975462049657849e-03,2.977100591953430603e-03,1.000000000000000000e+00,1.000000000000000000e+00,6.118355562904412553e-04,1.492027103629131254e-03,-3.504138857792402605e-03,7.057554233582555379e-04,3.399353227848148085e-02,2.099900926191497832e-02,9.597061840902672281e-02,6.829685235632937390e-02,6.296245540103841869e-04,1.475497755578749834e-03,-2.289456875549249464e-03,-7.015531700960240136e-04,-2.959675027329750486e-04,4.284483849344352399e-04,-4.280141344850736836e-03,6.506098550949492715e-03
3.510000000000000342e-01,0.000000000000000000e+00,1.975533358666133922e-03,2.969681231196450930e-03,1.984517870255046723e-03,2.977101956296493608e-03,1.000000000000000000e+00,1.000000000000000000e+00,6.097621107415686055e-04,1.492863049378268057e-03,-4.146891097745275187e-03,1.671891498273745617e-03,3.624470847955273828e-02,1.790102246669743324e-02,1.095532317851593551e-01,5.231449963166429074e-02,6.283259727208961257e-04,1.475377084100501241e-03,-2.903628950353321757e-03,2.170914955240447423e-04,-2.959675027329750486e-04,4.284483849344352399e-04,-3.042187182711915058e-03,5.102706568825650033e-03
3.515000000000000346e-01,0.000000000000000000e+00,1.972525111659373300e-03,2.970897705346098490e-03,1.982054805925327796e-03,2.977098327868650703e-03,1.000000000000000000e+00,1.000000000000000000e+00,6.074576598385102687e-04,1.494079523527915834e-03,-4.608901806116638168e-03,2.432948299295678834e-03,3.810180193681669131e-02,1.529577035021148675e-02,1.145998241310162286e-01,4.516852128282813211e-02,6.267651949945879071e-04,1.475664846647118961e-03,-3.338580042263171975e-03,9.325612448063770382e-04,-2.959675027329750486e-04,4.284483849344352399e-04,-2.026167722977029965e-03,3.926751013473778543e-03
3.519999999999999796e-01,0.000000000000000000e+00,1.969312197838103944e-03,2.972408717896193615e-03,1.979586293698929952e-03,2.977090220058952776e-03,1.000000000000000000e+00,1.000000000000000000e+00,6.049964250595066956e-04,1.495590536078010959e-03,-4.922469558007210380e-03,3.022025100190183205e-03,4.725763197902374535e-02,1.964045239213697835e-02,1.484070357735387813e-01,6.451913505597711707e-02,6.103340283550674544e-04,1.469094735959588192e-03,-5.288333904699436122e-03,6.662332432235303081e-04,1.359807373293659208e-04,6.393671104672790477e-04,2.675170832478186798e-03,5.628930729893362635e-03
3.524999999999999800e-01,0.000000000000000000e+00,1.966356075090417224e-03,2.974346466015859690e-03,1.977112358756218796e-03,2.977078157524118938e-03,1.000000000000000000e+00,1.000000000000000000e+00,6.027319036554639473e-04,1.497528284197677034e-03,-4.529042808085419376e-03,3.875496239332308288e-03,4.765235273514337871e-02,1.683708224679954582e-02,1.423317970579585645e-01,5.028996707711700515e-02,6.077837228862480179e-04,1.469625562490141282e-03,-4.913517981347525002e-03,1.455523184687801961e-03,1.359807373293659208e-04,6.393671104672790477e-04,2.858952676508790935e-03,4.362371355320217130e-03
3.529999999999999805e-01,0.000000000000000000e+00,1.963673868414215519e-03,2.976618148447190623e-03,1.974633026620537749e-03,2.977062671540614720e-03,1.000000000000000000e+00,1.000000000000000000e+00,6.006772141358627777e-04,1.499799966629007750e-03,-4.109379039202402419e-03,4.543364862661553559e-03,4.749100980707451208e-02,1.430968452404637707e-02,1.415898630707091710e-01,4.315476878543391542e-02,6.054274257204325009e-04,1.470505070983620880e-03,-4.512359076756712606e-03,2.061303557242160842e-03,1.359807373293659208e-04,6.393671104672790477e-04,2.746659382872277538e-03,3.228536519476110731e-03
3.534999999999999809e-01,0.000000000000000000e+00,1.961254613427494079e-03,2.979140630695199105e-03,1.972148322959248277e-03,2.977044295356741539e-03,1.000000000000000000e+00,1.000000000000000000e+00,5.988239572967969096e-04,1.502322448877016665e-03,-3.706513678131711197e-03,5.044964496017788347e-03,4.729541989048478140e-02,1.221519394150809464e-02,1.411807436739596078e-01,3.739374080607123230e-02,6.032675915112822255e-04,1.471646316147252323e-03,-4.127641715651826464e-03,2.502778396149937280e-03,1.359807373293659208e-04,6.393671104672790477e-04,2.617263456391570684e-03,2.293524577834847589e-03
3.539999999999999813e-01,0.000000000000000000e+00,1.959085727630488147e-03,2.981845247054300090e-03,1.969658273384767514e-03,2.977023559544712296e-03,1.000000000000000000e+00,1.000000000000000000e+00,5.971624943842410507e-04,1.505027065236117650e-03,-3.322925825111740228e-03,5.409232718201906730e-03,4.926670315556125335e-02,1.605916891001682792e-04,1.492060785229087638e-01,-7.477595456793085203e-03,5.917666992994492650e-04,1.496948296230257019e-03,-4.839860698724231768e-03,5.520995447555945325e-03,4.161688662977515961e-04,-6.557989850098711656e-05,3.530643213415208224e-03,-2.622341309214903937e-03
3.544999999999999818e-01,0.000000000000000000e+00,1.957263308379117266e-03,2.984352805621995341e-03,1.967162903255607193e-03,2.977000987352741278e-03,1.000000000000000000e+00,1.000000000000000000e+00,5.957664402436953005e-04,1.507534623803812469e-03,-2.792108281091549085e-03,5.015117135389570574e-03,5.062015099249674022e-02,-1.141667259263439219e-02,1.530599288161705596e-01,-4.231871893710290045e-02,5.894686382774059737e-04,1.499613101068047061e-03,-4.353239609716314830e-03,5.138863765212862283e-03,4.161688662977515961e-04,-6.557989850098711656e-05,4.213228600892326633e-03,-7.575529897266313449e-03
3.549999999999999822e-01,0.000000000000000000e+00,1.955851342331377859e-03,2.986303465276446325e-03,1.964662237477416470e-03,2.976977090057125394e-03,1.000000000000000000e+00,1.000000000000000000e+00,5.946848114989518579e-04,1.509485283458263669e-03,-2.163257489486862094e-03,3.901319308902253050e-03,4.990295351688264075e-02,-9.636243140789826911e-03,1.494512890455816645e-01,-2.600009526261405982e-02,5.874384754926995989e-04,1.501907576558351651e-03,-3.768468087741233194e-03,4.041078979347224008e-03,4.161688662977515961e-04,-6.557989850098711656e-05,3.794027063128854738e-03,-6.726340249786575895e-03
3.554999999999999827e-01,0.000000000000000000e+00,1.954809284734671231e-03,2.987759127883008424e-03,1.962156300304016953e-03,2.976952362314329303e-03,1.000000000000000000e+00,1.000000000000000000e+00,5.938865490675847595e-04,1.510940946064825985e-03,-1.596524862734239290e-03,2.911325213124832650e-03,4.914930081860223454e-02,-7.179260138257837279e-03,1.474358927019408516e-01,-1.840365636452935896e-02,5.856854047839060067e-04,1.503683935238535937e-03,-3.244763430746138311e-03,3.066177957527449916e-03,4.161688662977515961e-04,-6.557989850098711656e-05,3.359951099352396012e-03,-5.595164003256478114e-03
3.559999999999999831e-01,0.000000000000000000e+00,1.954095193916375890e-03,2.988802177365272247e-03,1.959645115138445096e-03,2.976927277513064483e-03,1.000000000000000000e+00,1.000000000000000000e+00,5.933395237643473421e-04,1.511983995547089808e-03,-1.094050606474930229e-03,2.086098964527575202e-03,3.991448589544320524e-02,-4.022789127533878996e-03,1.124797286063383833e-01,-8.597328896342576118e-03,5.935903575015762622e-04,1.503205670077249843e-03,-1.719433535455213834e-03,2.050330205868126313e-03,1.394117475818774899e-04,-1.241168313888299344e-05,-1.449012665067164925e-03,-4.226271197920850910e-03
3.564999999999999836e-01,0.000000000000000000e+00,1.953242666280277044e-03,2.989535949019629570e-03,1.957128704333991557e-03,2.976902283126379566e-03,1.000000000000000000e+00,1.000000000000000000e+00,5.926864497061083269e-04,1.512717767201446914e-03,-1.306148116478124703e-03,1.467543308714057762e-03,3.901989573135488526e-02,-1.701020867682690590e-03,1.167768306313444054e-01,-2.540945775842658530e-03,5.926745885359385822e-04,1.504077824558731338e-03,-1.943174113127647644e-03,1.439438660892253599e-03,1.394117475818774899e-04,-1.241168313888299344e-05,-1.901282113511546749e-03,-3.180603117499095685e-03
3.569999999999999840e-01,0.000000000000000000e+00,1.952208588587647569e-03,2.990036522939910728e-03,1.954607088995238395e-03,2.976877796063738101e-03,1.000000000000000000e+00,1.000000000000000000e+00,5.918943002359163506e-04,1.513218341121728072e-03,-1.584298940383887123e-03,1.001147840562398089e-03,4.025330481606783500e-02,-4.256160990816652617e-04,1.221837571399184141e-01,2.297090849745136239e-04,5.916305505839306597e-04,1.504682401690161193e-03,-2.232377766943078289e-03,9.797379117271966167e-04,1.394117475818774899e-04,-1.241168313888299344e-05,-1.224359612829002339e-03,-2.596576010040534122e-03
3.574999999999999845e-01,0.000000000000000000e+00,1.951056983819136892e-03,2.990346416841751717e-03,1.952080288779100377e-03,2.976854198023104990e-03,1.000000000000000000e+00,1.000000000000000000e+00,5.910121198023294328e-04,1.513528235023569061e-03,-1.764360867173828378e-03,6.197878036818884077e-04,4.126257499693967989e-02,6.644778725831658938e-04,1.249554165279759960e-01,3.210489923384806082e-03,5.904663869804194914e-04,1.505078284017008234e-03,-2.423861559375696181e-03,6.045036343185424032e-04,1.394117475818774899e-04,-1.241168313888299344e-05,-6.734086420525793029e-04,-2.098650129925424667e-03
3.579999999999999849e-01,0.000000000000000000e+00,1.949839914303282042e-03,2.990501883764627895e-03,1.949548321695864558e-03,2.976831830843030754e-03,1.000000000000000000e+00,1.000000000000000000e+00,5.900797904628191960e-04,1.513683701946445023e-03,-1.864658679020581673e-03,3.109338457517330239e-04,3.589542387126605505e-02,-8.824393896058319378e-03,1.031966834077259615e-01,-3.470446363748819207e-02,5.930307698651151585e-04,1.516342565645460543e-03,-2.105430211596163916e-03,1.550067576402488915e-03,2.754524229815000366e-05,-3.369802510469759754e-04,-3.456271570740802618e-03,-6.027722781641070560e-03
3.584999999999999853e-01,0.000000000000000000e+00,1.948289381039955848e-03,2.990208126395101258e-03,1.947011203910242868e-03,2.976810991855070171e-03,1.000000000000000000e+00,1.000000000000000000e+00,5.888920130725772400e-04,1.513389944576918819e-03,-2.375554780483807131e-03,-5.875147390524630264e-04,3.780248365313715331e-02,-6.150459767692626097e-03,1.149149753893689979e-01,-1.660593393743193744e-02,5.918503789220845666e-04,1.516902302031612054e-03,-2.615101216731894034e-03,6.905226027562400481e-04,2.754524229815000366e-05,-3.369802510469759754e-04,-2.406625481014534104e-03,-4.811706950164683708e-03
3.589999999999999858e-01,0.000000000000000000e+00,1.946504982392724403e-03,2.989553975573426559e-03,1.944468949554271344e-03,2.976791929511747418e-03,1.000000000000000000e+00,1.000000000000000000e+00,5.875250844045564608e-04,1.512735793755244119e-03,-2.733857336041479059e-03,-1.308301643349362928e-03,3.937389298304277280e-02,-3.887487002823018095e-03,1.192005944724893740e-01,-1.040993652407338349e-02,5.904531539076898761e-04,1.517076356529475662e-03,-2.973052333984024364e-03,7.013443233655340149e-06,2.754524229815000366e-05,-3.369802510469759754e-04,-1.545973110427341281e-03,-3.785836943603289144e-03
3.594999999999999862e-01,0.000000000000000000e+00,1.944568368785133759e-03,2.988614425455528995e-03,1.941921570658281145e-03,2.976774841761464958e-03,1.000000000000000000e+00,1.000000000000000000e+00,5.860415523119930515e-04,1.511796243637346339e-03,-2.967064185126793829e-03,-1.879100235795357933e-03,4.065787328472307560e-02,-1.981765313754556106e-03,1.227225314052275140e-01,-5.186054091084467063e-03,5.889081101670195703e-04,1.516945859984213845e-03,-3.206611605500165035e-03,-5.279579249285412147e-04,2.754524229815000366e-05,-3.369802510469759754e-04,-8.467823211962542977e-04,-2.924948664498746090e-03
3.599999999999999867e-01,0.000000000000000000e+00,1.942545858069434249e-03,2.987452464621235398e-03,1.939369077236142644e-03,2.976759878012439492e-03,1.000000000000000000e+00,1.000000000000000000e+00,5.844922192170828954e-04,1.510634282803052742e-03,-3.098666189820261860e-03,-2.323921668587024779e-03,4.570205249764580646e-02,-9.348776283631872810e-03,1.411468279854751484e-01,-3.561516557178127929e-02,5.777225535745984016e-04,1.526100704988813056e-03,-4.419456769481492839e-03,1.389762629621553794e-04,3.083320657801033983e-04,-6.169601103283846137e-04,1.727919513863886841e-03,-5.943497363056779795e-03
3.604999999999999871e-01,0.000000000000000000e+00,1.940691395416093562e-03,2.985840554532803379e-03,1.936811477400371927e-03,2.976747141791457121e-03,1.000000000000000000e+00,1.000000000000000000e+00,5.830716184065194620e-04,1.509022372714620506e-03,-2.841201621126851571e-03,-3.223820176864493174e-03,4.593879820003048120e-02,-6.396823955949946204e-03,1.378962193345935339e-01,-1.824887957252278523e-02,5.755700299717028201e-04,1.525960415337786332e-03,-4.190999044964983933e-03,-6.985065342743090357e-04,3.083320657801033983e-04,-6.169601103283846137e-04,1.840109339554886524e-03,-4.609707012179036639e-03
3.609999999999999876e-01,0.000000000000000000e+00,1.939015098155160311e-03,2.983876373380258459e-03,1.934248777477536301e-03,2.976736693409472861e-03,1.000000000000000000e+00,1.000000000000000000e+00,5.817875002047661216e-04,1.507058191562075803e-03,-2.568236403506659726e-03,-3.928362305089519967e-03,4.608286789102615522e-02,-3.922550819439185252e-03,1.383977896963350385e-01,-1.146261000870961271e-02,5.735357185529051278e-04,1.525449778228087994e-03,-3.946643310553349208e-03,-1.342774024880990852e-03,3.083320657801033983e-04,-6.169601103283846137e-04,1.901872142675698927e-03,-3.496129550756835267e-03
3.614999999999999880e-01,0.000000000000000000e+00,1.937522302638324239e-03,2.981641573601919587e-03,1.931680982123655911e-03,2.976728552627211019e-03,1.000000000000000000e+00,1.000000000000000000e+00,5.806439524943808302e-04,1.504823391783736931e-03,-2.287095420770567100e-03,-4.469599556677776239e-03,4.615212566485302204e-02,-1.861076547386296366e-03,1.386922474421461993e-01,-5.801502753889113510e-03,5.716257439278501790e-04,1.524657424880630904e-03,-3.693673263197318722e-03,-1.825673568116087039e-03,3.083320657801033983e-04,-6.169601103283846137e-04,1.923212141670724296e-03,-2.572462110501244625e-03
3.619999999999999885e-01,0.000000000000000000e+00,1.936214514230888027e-03,2.979203986812385858e-03,1.929108094439606650e-03,2.976722701320763838e-03,1.000000000000000000e+00,1.000000000000000000e+00,5.796421284520889223e-04,1.502385804994202986e-03,-2.003648084583807640e-03,-4.875173579067685302e-03,4.706172303410817437e-02,1.019285142167532590e-02,1.423153806877627270e-01,3.907763516024632955e-02,5.638319891147743415e-04,1.506741772878962679e-03,-4.117976654970138643e-03,-4.088393789269965418e-03,4.850826560431884850e-04,-1.195680620473860731e-04,2.323581604958228821e-03,2.411482541365073812e-03
3.624999999999999889e-01,0.000000000000000000e+00,1.935135301448074555e-03,2.976942993715682006e-03,1.926530116086523506e-03,2.976719086147192744e-03,1.000000000000000000e+00,1.000000000000000000e+00,5.788154034968716506e-04,1.500124811897499350e-03,-1.653449910434577966e-03,-4.521986193407386868e-03,4.738206120520290637e-02,1.564115837327428524e-02,1.429679179314360393e-01,5.009894384023636654e-02,5.618497069168284673e-04,1.504787372952379968e-03,-3.811670841835688040e-03,-3.729826956973195454e-03,4.850826560431884850e-04,-1.195680620473860731e-04,2.474492166204608247e-03,4.728741934377378268e-03
3.629999999999999893e-01,0.000000000000000000e+00,1.934298177963236038e-03,2.975027084444887594e-03,1.923947047401202825e-03,2.976717621210129595e-03,1.000000000000000000e+00,1.000000000000000000e+00,5.781741297031067458e-04,1.498208902626705155e-03,-1.282547587529883669e-03,-3.831818541588321355e-03,4.720532935527804036e-02,1.410963551365439911e-02,1.422039651231316870e-01,3.979684601376087816e-02,5.600259230744780931e-04,1.503096138864663898e-03,-3.484030568265988025e-03,-3.036389354371459709e-03,4.850826560431884850e-04,-1.195680620473860731e-04,2.360900588150779359e-03,4.017087847968309200e-03
3.634999999999999898e-01,0.000000000000000000e+00,1.933691569295938485e-03,2.973404595753994118e-03,1.921358887511506307e-03,2.976718190725374455e-03,1.000000000000000000e+00,1.000000000000000000e+00,5.777094405043757411e-04,1.496586413935811462e-03,-9.293783974620101543e-04,-3.244977381787406828e-03,4.701071009797939959e-02,1.277021418736184674e-02,1.417855077831698396e-01,3.615477149066246426e-02,5.583617322210656297e-04,1.501725863342564735e-03,-3.173272200291419719e-03,-2.445805494487248138e-03,4.850826560431884850e-04,-1.195680620473860731e-04,2.238903123460757663e-03,3.395755911522653665e-03
3.639999999999999902e-01,0.000000000000000000e+00,1.933303113246580881e-03,2.972030436013556494e-03,1.918765634451763489e-03,2.976720651686496407e-03,1.000000000000000000e+00,1.000000000000000000e+00,5.774118659063692902e-04,1.495212254195374055e-03,-5.951491960129762530e-04,-2.748319480874842485e-03,4.040297785346608911e-02,1.364093776371294586e-02,1.164659655168850672e-01,4.089337449256970347e-02,5.608353835418896337e-04,1.498516149317187605e-03,-2.429532058533787932e-03,-2.183982922293076223e-03,3.678463151004897694e-04,-5.745822038183438167e-05,-1.226114122724959472e-03,3.710424159533361275e-03
3.644999999999999907e-01,0.000000000000000000e+00,1.932799264974966033e-03,2.970929087995245830e-03,1.916167285278174218e-03,2.976724836530434369e-03,1.000000000000000000e+00,1.000000000000000000e+00,5.770258957377236847e-04,1.494110906177063174e-03,-7.719403372911539220e-04,-2.202696036621849731e-03,4.148619430640509975e-02,1.225422502479552034e-02,1.262202056827340657e-01,3.499920721514435118e-02,5.595695469815236550e-04,1.497560314902263764e-03,-2.633371308192790968e-03,-1.640372126667283183e-03,3.678463151004897694e-04,-5.745822038183438167e-05,-6.338429139732029141e-04,3.072139033024725956e-03
3.649999999999999911e-01,0.000000000000000000e+00,1.932235693310596896e-03,2.970054162528282249e-03,1.913563836184212002e-03,2.976730555803097471e-03,1.000000000000000000e+00,1.000000000000000000e+00,5.765941747959344972e-04,1.493235980710099810e-03,-8.634418835783333858e-04,-1.749850933926880769e-03,4.236383036824774989e-02,1.105956989135989908e-02,1.286556251258367811e-01,3.173810910458405021e-02,5.582231605160338939e-04,1.496853173649127658e-03,-2.751893977455190186e-03,-1.189040836901796927e-03,3.678463151004897694e-04,-5.745822038183438167e-05,-1.568403921015658928e-04,2.523422717153627707e-03
3.654999999999999916e-01,0.000000000000000000e+00,1.931657126813904899e-03,2.969365786954735170e-03,1.910955282616027574e-03,2.976737600824961964e-03,1.000000000000000000e+00,1.000000000000000000e+00,5.761509671461686978e-04,1.492547605136552514e-03,-8.864152995316850348e-04,-1.376751147094776740e-03,4.306675255961054521e-02,1.003402365078188106e-02,1.306242007964032725e-01,2.893552448486156475e-02,5.568347093866242870e-04,1.496351829605624146e-03,-2.801761427173473078e-03,-8.170373291077878469e-04,3.678463151004897694e-04,-5.745822038183438167e-05,2.224597471504772216e-04,2.053440316335507394e-03
3.659999999999999920e-01,0.000000000000000000e+00,1.931099022352984838e-03,2.968829816612944452e-03,1.908341619387850501e-03,2.976745746356675507e-03,1.000000000000000000e+00,1.000000000000000000e+00,5.757234343252010111e-04,1.492011634794761796e-03,-8.550656419354306067e-04,-1.071940683581651095e-03,3.449055460120940136e-02,3.843183526717322985e-03,9.673366000636737794e-02,5.898962206464183206e-03,5.743085833342404401e-04,1.508211250358827173e-03,-6.618288973288142737e-04,8.663409083178665081e-04,-1.871263715812157178e-04,-4.159539687335682369e-04,-4.101331120540938936e-03,-4.575022422405165302e-04
3.664999999999999925e-01,0.000000000000000000e+00,1.930131531475667806e-03,2.968251044972333025e-03,1.905722840797393399e-03,2.976754753264655370e-03,1.000000000000000000e+00,1.000000000000000000e+00,5.749822933148639658e-04,1.491432863154150369e-03,-1.482282020674002138e-03,-1.157543281222641338e-03,2.767761326615657963e-02,-2.382433763517770482e-03,7.726443678571698337e-02,-1.303116115877080497e-02,5.738277721456633328e-04,1.508631623516693216e-03,-1.260237977506772781e-03,8.152348797980378840e-04,-1.871263715812157178e-04,-4.159539687335682369e-04,-7.652693847769926651e-03,-3.133162192165273811e-03
3.669999999999999929e-01,0.000000000000000000e+00,1.928418190828026010e-03,2.967435453235416250e-03,1.903098940741253763e-03,2.976764371186687089e-03,1.000000000000000000e+00,1.000000000000000000e+00,5.736697982325681105e-04,1.490617271417233594e-03,-2.624990164591636983e-03,-1.631183473833439090e-03,3.115936236493613287e-02,-1.026170725751571113e-03,9.599884076495154850e-02,-2.653032038650519030e-03,5.729192902659680214e-04,1.508929654259794995e-03,-2.371501594176958320e-03,3.777247190249373183e-04,-1.871263715812157178e-04,-4.159539687335682369e-04,-5.725920608746644033e-03,-2.517059284759357030e-03
3.674999999999999933e-01,0.000000000000000000e+00,1.926142305505108669e-03,2.966428277685630686e-03,1.900469912830318395e-03,2.976774341197527436e-03,1.000000000000000000e+00,1.000000000000000000e+00,5.719263689277710901e-04,1.489610095867448030e-03,-3.486858609594071633e-03,-2.014351099571342219e-03,3.405989925434029647e-02,1.219406495480621620e-04,1.038361566910531580e-01,4.832658027250401138e-04,5.715250111009587217e-04,1.509031297055453023e-03,-3.203949102271307515e-03,2.951744378727200874e-05,-1.871263715812157178e-04,-4.159539687335682369e-04,-4.127487880737144670e-03,-1.997258272612400989e-03
3.679999999999999938e-01,0.000000000000000000e+00,1.923455993767134685e-03,2.965267744528614705e-03,1.897835750505165019e-03,2.976784398474501339e-03,1.000000000000000000e+00,1.000000000000000000e+00,5.698685347484108753e-04,1.488449562710432265e-03,-4.115668358720370526e-03,-2.321066314031331422e-03,3.527211797963171469e-02,1.200923042552712490e-02,1.057358545318358850e-01,4.553745543055267436e-02,5.665257065609620966e-04,1.494800807426142127e-03,-4.172384385796611139e-03,-1.847221324446275421e-03,-9.165682328285648423e-05,9.138661553544180589e-07,-3.472850696909776397e-03,2.959701496999470136e-03
3.684999999999999942e-01,0.000000000000000000e+00,1.920425065612474131e-03,2.964327306637267768e-03,1.895196447151465194e-03,2.976794274963104857e-03,1.000000000000000000e+00,1.000000000000000000e+00,5.675467090780402521e-04,1.487509124819084896e-03,-4.643651340741176969e-03,-1.880875782694611548e-03,3.787187175715590187e-02,1.342354328141971871e-02,1.145187640964619447e-01,4.107177111801482011e-02,5.643117399374348491e-04,1.493985071628196621e-03,-4.682410017724297421e-03,-1.416525722794789157e-03,-9.165682328285648423e-05,9.138661553544180589e-07,-2.056953465990806959e-03,3.535223787413596663e-03
3.689999999999999947e-01,0.000000000000000000e+00,1.917184121398553048e-03,2.963648715830892975e-03,1.892551996215388306e-03,2.976803702042602959e-03,1.000000000000000000e+00,1.000000000000000000e+00,5.650640017725074840e-04,1.486830534012710103e-03,-4.965414611065449568e-03,-1.357181612749783477e-03,3.971490279848608612e-02,1.194964229323242783e-02,1.192872406713541278e-01,3.436552257597974558e-02,5.618940624100663295e-04,1.493405495060584273e-03,-4.987617238298858689e-03,-9.027543275770309001e-04,-9.165682328285648423e-05,9.138661553544180589e-07,-1.056648846424673282e-03,2.861618542236285621e-03
3.694999999999999951e-01,0.000000000000000000e+00,1.913828307809362864e-03,2.963182937430797019e-03,1.889902391319004055e-03,2.976812413191630771e-03,1.000000000000000000e+00,1.000000000000000000e+00,5.624932994203653020e-04,1.486364755612614363e-03,-5.141404704284374336e-03,-9.315568001914277096e-04,4.120073213851741661e-02,1.069364602324712754e-02,1.233914342172806600e-01,3.092891885267735896e-02,5.593600346420904770e-04,1.493058400137337559e-03,-5.148087082417588355e-03,-4.864191009008743318e-04,-9.165682328285648423e-05,9.138661553544180589e-07,-2.563056789463100549e-04,2.289129593696487362e-03
3.699999999999999956e-01,0.000000000000000000e+00,1.910433782128400032e-03,2.962888293429180152e-03,1.887247626375684060e-03,2.976820146653764033e-03,1.000000000000000000e+00,1.000000000000000000e+00,5.598929418854389859e-04,1.486070111610997497e-03,-5.200715069852559352e-03,-5.892880032338434094e-04,3.837549195509705469e-02,1.953387489924349185e-02,1.111194456162123284e-01,6.648075866706211479e-02,5.575293122700700123e-04,1.482386770232096453e-03,-5.107370093923746350e-03,-1.342169727819379462e-03,-1.138435259926093187e-04,3.100150100336877129e-04,-1.733453122169217701e-03,5.938584441732471138e-03
3.704999999999999960e-01,0.000000000000000000e+00,1.906859832739647535e-03,2.963039129267008333e-03,1.884587695703906444e-03,2.976826648031936830e-03,1.000000000000000000e+00,1.000000000000000000e+00,5.571551378161967560e-04,1.486220947448825460e-03,-5.475608138484549213e-03,3.016716756557149626e-04,4.016609962399290273e-02,1.683948460044443554e-02,1.203401819091641373e-01,4.885328410134514437e-02,5.549112022065012719e-04,1.481928741685643869e-03,-5.364472958056846000e-03,-4.915755895464606496e-04,-1.138435259926093187e-04,3.100150100336877129e-04,-7.644576047372296556e-04,4.714398057156040170e-03
3.709999999999999964e-01,0.000000000000000000e+00,1.903198661906243616e-03,2.963546034488454255e-03,1.881922594121331841e-03,2.976831672005368114e-03,1.000000000000000000e+00,1.000000000000000000e+00,5.543505182439582759e-04,1.486727852670271599e-03,-5.609239144476860402e-03,1.013810442892244118e-03,4.160276041077327902e-02,1.456253223584512424e-02,1.243205430983542470e-01,4.261673799002525798e-02,5.521996635574845293e-04,1.481851621429060295e-03,-5.481352655722985558e-03,1.817924987326403202e-04,-1.138435259926093187e-04,3.100150100336877129e-04,6.620933129621248484e-06,3.683247017002845482e-03
3.714999999999999969e-01,0.000000000000000000e+00,1.899523676662602436e-03,2.964333644977635088e-03,1.879252317008683936e-03,2.976834982703123987e-03,1.000000000000000000e+00,1.000000000000000000e+00,5.515353162195227050e-04,1.487515463159452432e-03,-5.630404048871048145e-03,1.575220978361532853e-03,4.273978448087473181e-02,1.264812064653671186e-02,1.274987608593780575e-01,3.736700324647814625e-02,5.494576399959882201e-04,1.482073788047314671e-03,-5.486627744261078111e-03,7.058499616689485048e-04,-1.138435259926093187e-04,3.100150100336877129e-04,6.106422627508968854e-04,2.819424250465215036e-03
3.719999999999999973e-01,0.000000000000000000e+00,1.895892420020317505e-03,2.965338772358724374e-03,1.876576860366642105e-03,2.976836353766704364e-03,1.000000000000000000e+00,1.000000000000000000e+00,5.487536122471615204e-04,1.488520590540541718e-03,-5.563407944722469772e-03,2.010254762178356833e-03,3.983742613016250100e-02,1.666128314604483490e-02,1.152917352056058720e-01,5.477411533106495839e-02,5.471659948772517176e-04,1.476516336848177373e-03,-5.355680160726954998e-03,4.248178758486665101e-04,-1.265202259186169861e-04,4.867464249288986321e-04,-9.207301260391402000e-04,4.446606851686933301e-03
3.724999999999999978e-01,0.000000000000000000e+00,1.892159384912718480e-03,2.966684205086572539e-03,1.873896220872625206e-03,2.976835568408056458e-03,1.000000000000000000e+00,1.000000000000000000e+00,5.458939414470172268e-04,1.489866023268389666e-03,-5.719341600288498778e-03,2.690865455695715721e-03,4.133499347902624965e-02,1.431669629418175389e-02,1.235030576632993871e-01,4.253536885812064100e-02,5.444534405692824175e-04,1.476885885589212903e-03,-5.494166177703874165e-03,1.052147366113513009e-03,-1.265202259186169861e-04,4.867464249288986321e-04,-1.158067245300691689e-04,3.390045614161496784e-03
3.729999999999999982e-01,0.000000000000000000e+00,1.888401207252645656e-03,2.968292553361804274e-03,1.871210395937583822e-03,2.976832419467600847e-03,1.000000000000000000e+00,1.000000000000000000e+00,5.430150103342645763e-04,1.491474371543621402e-03,-5.757862225505344309e-03,3.216696550463524380e-03,4.252313459860754263e-02,1.235963961311923112e-02,1.268186376031412710e-01,3.716245030051542469e-02,5.417008252660694516e-04,1.477530757567102919e-03,-5.516148410641848014e-03,1.526397085288269586e-03,-1.265202259186169861e-04,4.867464249288986321e-04,5.165160574657583475e-04,2.511885307725095998e-03
3.734999999999999987e-01,0.000000000000000000e+00,1.884678132207568552e-03,2.970099409741722672e-03,1.868519383762784047e-03,2.976826709472247569e-03,1.000000000000000000e+00,1.000000000000000000e+00,5.401629693846681955e-04,1.493281227923540016e-03,-5.704081899192683588e-03,3.613712759837295341e-03,4.345039291199301323e-02,1.073668806779465128e-02,1.294339264012230317e-01,3.270086408421617880e-02,5.389601498717687530e-04,1.478380874746172908e-03,-5.446584408726490995e-03,1.873367080984676778e-03,-1.265202259186169861e-04,4.867464249288986321e-04,1.003778405183148193e-03,1.787202600436569276e-03
3.739999999999999991e-01,0.000000000000000000e+00,1.881036630020554816e-03,2.972051535681474732e-03,1.865823183396596047e-03,2.976818250693420882e-03,1.000000000000000000e+00,1.000000000000000000e+00,5.373734168697008205e-04,1.495233353863291859e-03,-5.579105029934731778e-03,3.904251879503870849e-03,3.574854658653809497e-02,3.548317257746395025e-03,9.879700807771045479e-02,6.294074990029770167e-03,5.438250886351007288e-04,1.486284162388551433e-03,-4.451922435736863776e-03,2.896564673028391174e-03,-3.486185407237002193e-04,2.836773290961688561e-04,-2.991029508260865336e-03,-1.219707729900053588e-03
3.744999999999999996e-01,0.000000000000000000e+00,1.877090296876517605e-03,2.973922347651414104e-03,1.863121794791281101e-03,2.976806865205073194e-03,1.000000000000000000e+00,1.000000000000000000e+00,5.343503502940148827e-04,1.497104165833231448e-03,-6.046133151371880718e-03,3.741623939879175700e-03,3.705238688525169799e-02,2.705018356300529017e-03,1.101888038483775784e-01,9.085474120081990859e-03,5.414918551029626777e-04,1.487685073160273505e-03,-4.880093727732898526e-03,2.707392086582420792e-03,-3.486185407237002193e-04,2.836773290961688561e-04,-2.267367769863791373e-03,-1.568172508013258035e-03
3.750000000000000000e-01,0.000000000000000000e+00,1.872908448078817491e-03,2.975686221698840665e-03,1.860415218859782106e-03,2.976792384941718064e-03,1.000000000000000000e+00,1.000000000000000000e+00,5.311468682605728414e-04,1.498868039880658226e-03,-6.406964066883990769e-03,3.527748094853356327e-03,3.899071971182309360e-02,2.876006888982533816e-03,1.164130384720160338e-01,1.037744478313276132e-02,5.389708349335797918e-04,1.488978740479123940e-03,-5.203265376122468561e-03,2.467692834389421767e-03,-3.486185407237002193e-04,2.836773290961688561e-04,-1.216651319262210219e-03,-1.476247847069697564e-03
3.755000000000000004e-01,0.000000000000000000e+00,1.868591408179875058e-03,2.977349545572417766e-03,1.857703457532507586e-03,2.976774651756437622e-03,1.000000000000000000e+00,1.000000000000000000e+00,5.278398238352651969e-04,1.500531363754235327e-03,-6.614088850615396434e-03,3.326647747154025132e-03,4.055371570378718538e-02,3.060471713159622006e-03,1.207191234879114727e-01,1.086139019716501376e-02,5.363263620611646333e-04,1.490155843258859176e-03,-5.374194917792626293e-03,2.241112910082472889e-03,-3.486185407237002193e-04,2.836773290961688561e-04,-3.760320386497885501e-04,-1.379411521193322533e-03
3.760000000000000009e-01,0.000000000000000000e+00,1.864219545844307980e-03,2.978919065346677733e-03,1.854986513814120899e-03,2.976753517478914271e-03,1.000000000000000000e+00,1.000000000000000000e+00,5.244907829870228350e-04,1.502100883528494860e-03,-6.698081696484657101e-03,3.139039548519277027e-03,3.760669753703709678e-02,5.037159424635330625e-03,1.078952816279890176e-01,1.830001892576835557e-02,5.345191540912811942e-04,1.489181588426794064e-03,-5.322326248336768303e-03,1.797394966165334921e-03,-3.748536151120212927e-04,3.437079540567551010e-04,-1.917309999670136237e-03,-5.316854689430490543e-04
3.765000000000000013e-01,0.000000000000000000e+00,1.859646346422293584e-03,2.980457475339805436e-03,1.852264391840328147e-03,2.976728843973442014e-03,1.000000000000000000e+00,1.000000000000000000e+00,5.209875089825137875e-04,1.503639293521622997e-03,-7.006548009017992545e-03,3.076819986256109935e-03,3.948241650334467778e-02,4.914561078741436564e-03,1.175327882806592172e-01,1.610970996307236475e-02,5.317902415887343446e-04,1.490056947873365538e-03,-5.592696659915522700e-03,1.704190369027834074e-03,-3.748536151120212927e-04,3.437079540567551010e-04,-9.035910938638121517e-04,-5.768448356356669672e-04
3.770000000000000018e-01,0.000000000000000000e+00,1.854968644409063245e-03,2.981961131060812363e-03,1.849537096934665212e-03,2.976700503196955550e-03,1.000000000000000000e+00,1.000000000000000000e+00,5.174041813487121515e-04,1.505142949242629490e-03,-7.166655267603298969e-03,3.007311442013031137e-03,4.098750148415653688e-02,4.839360411503434642e-03,1.216922475408648702e-01,1.589241993613977125e-02,5.289629384599117863e-04,1.490884017877424196e-03,-5.716169720413761743e-03,1.604252070833171381e-03,-3.748536151120212927e-04,3.437079540567551010e-04,-9.709746484226839183e-05,-6.010323116955218654e-04
3.775000000000000022e-01,0.000000000000000000e+00,1.850263591131066834e-03,2.983427915754433522e-03,1.846804635665285233e-03,2.976668377257045937e-03,1.000000000000000000e+00,1.000000000000000000e+00,5.137999014305243053e-04,1.506609733936250650e-03,-7.208559836375800882e-03,2.933569387242294674e-03,4.217881228301770952e-02,4.802445948725158134e-03,1.250119328723867662e-01,1.578153829981375489e-02,5.261031873810450210e-04,1.491660191716760427e-03,-5.722713840681756779e-03,1.500614802097798494e-03,-3.748536151120212927e-04,3.437079540567551010e-04,5.344796757990889205e-04,-6.084041908236373798e-04
3.780000000000000027e-01,0.000000000000000000e+00,1.845591723590997608e-03,2.984856938096980446e-03,1.844067015901746948e-03,2.976632358469982319e-03,1.000000000000000000e+00,1.000000000000000000e+00,5.102210432624662475e-04,1.508038756278798007e-03,-7.157716336116031440e-03,2.858044685094554126e-03,4.075234150408284933e-02,-6.533263669089815762e-03,1.184818806056145285e-01,-2.824347590020634055e-02,5.217194146602985262e-04,1.504167221756738454e-03,-5.812271891652895546e-03,2.728781901957896827e-03,-3.294614951581828705e-04,-2.767505164529852001e-06,-2.404518338678314797e-04,-5.310721025994430584e-03
3.785000000000000031e-01,0.000000000000000000e+00,1.840881718337465190e-03,2.985894176777868607e-03,1.841324246871800649e-03,2.976592349418734525e-03,1.000000000000000000e+00,1.000000000000000000e+00,5.066129699109366480e-04,1.509075994959685951e-03,-7.216146703059134887e-03,2.074477361775830565e-03,4.202561112782205593e-02,-4.454314074508284975e-03,1.246136917422974583e-01,-1.082968487011522728e-02,5.188061625033053197e-04,1.505337147175620904e-03,-5.840571797665079085e-03,1.952380218011870580e-03,-3.294614951581828705e-04,-2.767505164529852001e-06,4.366072882643912958e-04,-4.356681882855970023e-03
3.790000000000000036e-01,0.000000000000000000e+00,1.836198344555516320e-03,2.986609047542040929e-03,1.838576339218178906e-03,2.976548263010991326e-03,1.000000000000000000e+00,1.000000000000000000e+00,5.030252974502257349e-04,1.509790865723858056e-03,-7.175344921421871261e-03,1.429741528344265038e-03,4.302010217444837692e-02,-2.671601614425666606e-03,1.274105648382096445e-01,-5.958233391483967918e-03,5.159033461041445407e-04,1.506153424234016281e-03,-5.770719472490866420e-03,1.313934467754712893e-03,-3.294614951581828705e-04,-2.767505164529852001e-06,9.586524326858896633e-04,-3.540488458318901549e-03
3.795000000000000040e-01,0.000000000000000000e+00,1.831591648270110371e-03,2.987060936609796380e-03,1.835823305055379493e-03,2.976500022537183036e-03,1.000000000000000000e+00,1.000000000000000000e+00,4.994963633596535531e-04,1.510242754791613724e-03,-7.057868181144340974e-03,9.037781355111812074e-04,4.378074263608543182e-02,-1.148787810755486907e-03,1.295777159800245437e-01,-1.792173689459846623e-03,5.130544268935173730e-04,1.506680038566376913e-03,-5.625131854389378919e-03,7.935115336889763662e-04,-3.294614951581828705e-04,-2.767505164529852001e-06,1.351125572225187269e-03,-2.845023837482479542e-03
3.800000000000000044e-01,0.000000000000000000e+00,1.827099368797122179e-03,2.987300446328102106e-03,1.833065158026457413e-03,2.976447561728501941e-03,1.000000000000000000e+00,1.000000000000000000e+00,4.960550776324333796e-04,1.510482264509919667e-03,-6.882571454440258515e-03,4.790194366119772743e-04,4.198609346995198915e-02,-1.719370071272211236e-03,1.220511538933770901e-01,-5.490762980086359886e-03,5.087254156944225883e-04,1.508709252253195767e-03,-5.599847834891710265e-03,5.702398431647486866e-04,-2.833795046612579312e-04,-5.386180490328415201e-05,3.722478043169477092e-04,-3.030285972259665322e-03
3.805000000000000049e-01,0.000000000000000000e+00,1.822630771770824762e-03,2.987312185482125099e-03,1.830301913359810850e-03,2.976390824814922290e-03,1.000000000000000000e+00,1.000000000000000000e+00,4.926319337119004337e-04,1.510494003663942660e-03,-6.846287841065792912e-03,2.347830804611683456e-05,4.296019615454471641e-02,-2.750921614816797004e-04,1.273854200277395876e-01,4.094908138894814021e-04,5.059404077673006900e-04,1.508882708300109338e-03,-5.540194234170941340e-03,1.244417405964662164e-04,-2.833795046612579312e-04,-5.386180490328415201e-05,8.845658910655509067e-04,-2.374216472186818465e-03
3.810000000000000053e-01,0.000000000000000000e+00,1.818234891685613971e-03,2.987143942242928042e-03,1.827533587925966483e-03,2.976329766583223763e-03,1.000000000000000000e+00,1.000000000000000000e+00,4.892644942000071943e-04,1.510325760424745169e-03,-6.734879023786518801e-03,-3.364864783951926450e-04,4.370678513026692025e-02,9.432619779365295333e-04,1.295122002345965861e-01,3.753431726666008831e-03,5.032038309122507068e-04,1.508857033667353577e-03,-5.406269313733385630e-03,-2.264592596221123096e-04,-2.833795046612579312e-04,-5.386180490328415201e-05,1.270777964481224548e-03,-1.822558729634114576e-03
3.815000000000000058e-01,0.000000000000000000e+00,1.813948786019931557e-03,2.986835908246910157e-03,1.824760200285479314e-03,2.976264352458358672e-03,1.000000000000000000e+00,1.000000000000000000e+00,4.859811467721904515e-04,1.510017726428727718e-03,-6.566694855633453502e-03,-6.160679920348666704e-04,4.426354735310072952e-02,1.965622800028424787e-03,1.311259603231317850e-01,6.563633743265101517e-03,5.005482532819617754e-04,1.508675895507928348e-03,-5.216308992047024619e-03,-4.975611406992542108e-04,-2.833795046612579312e-04,-5.386180490328415201e-05,1.552186405324565898e-03,-1.361305372384803702e-03
3.820000000000000062e-01,0.000000000000000000e+00,1.809799558446690756e-03,2.986421697849402784e-03,1.821981770597053043e-03,2.976194558951896201e-03,1.000000000000000000e+00,1.000000000000000000e+00,4.828026540464732883e-04,1.509603516031220345e-03,-6.356985451434300424e-03,-8.284207950149197414e-04,3.912614683292084394e-02,1.044477701221188486e-02,1.108095035312720023e-01,3.852971317095869180e-02,5.005514062903755959e-04,1.500040409711932577e-03,-4.696577220050885890e-03,-1.644974625710115884e-03,-3.584647141364951262e-04,1.912414301883058295e-04,-1.150450363393054490e-03,2.191595843777134275e-03
3.825000000000000067e-01,0.000000000000000000e+00,1.805528700240441840e-03,2.986167609177194440e-03,1.819198320271238518e-03,2.976120374778603618e-03,1.000000000000000000e+00,1.000000000000000000e+00,4.795309868502273341e-04,1.509349427359011567e-03,-6.543334392491875415e-03,-5.081773444175416432e-04,4.054269198915824712e-02,9.779265570181465070e-03,1.205980678197228206e-01,2.884450225292999395e-02,4.981639200400030934e-04,1.499293670835095005e-03,-4.852974460811071075e-03,-1.342538778744772551e-03,-3.584647141364951262e-04,1.912414301883058295e-04,-3.882869506773901653e-04,1.883197631556808018e-03
3.830000000000000071e-01,0.000000000000000000e+00,1.801209079856160977e-03,2.986051008549684381e-03,1.816409871553041058e-03,2.976041802159750532e-03,1.000000000000000000e+00,1.000000000000000000e+00,4.762219656584654420e-04,1.509232826731501508e-03,-6.618042383523817067e-03,-2.332012550203032609e-04,4.167095751957366340e-02,9.197028387545323411e-03,1.237311661795691964e-01,2.726967042231535562e-02,4.957259020939918737e-04,1.498686953419298314e-03,-4.898916154442035237e-03,-1.084807436283540243e-03,-3.584647141364951262e-04,1.912414301883058295e-04,2.129633959801515960e-04,1.613944280969675012e-03
3.835000000000000075e-01,0.000000000000000000e+00,1.796898280949220167e-03,2.986052112624095704e-03,1.813616447103008579e-03,2.975958858130373953e-03,1.000000000000000000e+00,1.000000000000000000e+00,4.729197021104000688e-04,1.509233930805913048e-03,-6.604527096130757662e-03,2.208148823107337552e-06,4.255583456679874754e-02,8.689123757060195768e-03,1.262117099687622146e-01,2.589541660895789549e-02,4.932867516249629051e-04,1.498199323508111113e-03,-4.857673472309736312e-03,-8.661175987579467763e-04,-3.584647141364951262e-04,1.912414301883058295e-04,6.787818162332898793e-04,1.379571645448024247e-03
3.840000000000000080e-01,0.000000000000000000e+00,1.792641022656340545e-03,2.986153678021206091e-03,1.810818069578326670e-03,2.975871575846542050e-03,1.000000000000000000e+00,1.000000000000000000e+00,4.696584530522174544e-04,1.509335496203023652e-03,-6.522498116365272290e-03,2.031307942210636597e-04,4.899484527629610620e-02,7.306837174368928638e-04,1.505065755116865300e-01,-4.492472450959513613e-03,4.786436437539314599e-04,1.505457439133490831e-03,-6.133776734512074065e-03,1.834848736937517120e-04,1.493367694531825184e-06,-3.355507036918211331e-05,3.940780166688744035e-03,-1.955436888098672360e-03
3.845000000000000084e-01,0.000000000000000000e+00,1.788759764216050693e-03,2.986105783471709567e-03,1.808014761213911281e-03,2.975780005892627450e-03,1.000000000000000000e+00,1.000000000000000000e+00,4.666852365917248304e-04,1.509287601653526694e-03,-5.946432920985299068e-03,-9.578909899371460695e-05,4.860532685352261795e-02,1.721803941470666233e-03,1.438013105207131548e-01,6.021949962270274279e-03,4.757185844864284148e-04,1.505476229825261853e-03,-5.567447334780842479e-03,-1.077583909298905445e-04,1.493367694531825184e-06,-3.355507036918211331e-05,3.695031222667105337e-03,-1.506281502534217737e-03
3.850000000000000089e-01,0.000000000000000000e+00,1.785231058405348887e-03,2.985941149843744820e-03,1.805206543403498586e-03,2.975684217588570133e-03,1.000000000000000000e+00,1.000000000000000000e+00,4.639820911140349812e-04,1.509122968025562164e-03,-5.406290955379693987e-03,-3.292672559290137167e-04,4.820345888550715829e-02,2.554730553338367162e-03,1.428583574322787875e-01,8.310262090194987447e-03,4.730677640420512817e-04,1.505365672685087365e-03,-5.036762726522269612e-03,-3.340274850725191312e-04,1.493367694531825184e-06,-3.355507036918211331e-05,3.445164255030415314e-03,-1.130134289187599951e-03
3.855000000000000093e-01,0.000000000000000000e+00,1.782031071952475555e-03,2.985687186412789608e-03,1.802393436280740275e-03,2.975584300297144658e-03,1.000000000000000000e+00,1.000000000000000000e+00,4.615307592737553943e-04,1.508869004594606952e-03,-4.902663680559148779e-03,-5.079268619103842258e-04,4.779823218614930730e-02,3.250737819899631332e-03,1.418936190673244224e-01,1.022544540059649489e-02,4.706732120268213504e-04,1.505155610744618499e-03,-4.542313079850237613e-03,-5.058792917731043609e-04,1.493367694531825184e-06,-3.355507036918211331e-05,3.196002470641853919e-03,-8.170509913226020691e-04
3.860000000000000098e-01,0.000000000000000000e+00,1.779136043174238445e-03,2.985366714445614363e-03,1.799575458300294506e-03,2.975480364731229125e-03,1.000000000000000000e+00,1.000000000000000000e+00,4.593130385655173008e-04,1.508548532627431490e-03,-4.435441416476232010e-03,-6.409439343510614116e-04,3.819036347976016016e-02,3.052382143306961969e-03,1.051725867516533769e-01,8.803738917304166842e-03,4.786321295552695555e-04,1.505411521879413284e-03,-2.939597383051627266e-03,-5.712771437167669204e-04,-2.959438514052852042e-04,-4.944987778172089238e-05,-1.803459686423367677e-03,-8.903867948073472798e-04
3.865000000000000102e-01,0.000000000000000000e+00,1.776061393012048472e-03,2.984974344009331919e-03,1.796752625818915771e-03,2.975372544261067204e-03,1.000000000000000000e+00,1.000000000000000000e+00,4.569577198942368019e-04,1.508156162191149263e-03,-4.710637342560951984e-03,-7.847408725644780536e-04,3.736233793043176182e-02,3.641074200400155891e-03,1.100133420479580126e-01,1.119750456108038750e-02,4.770991158044766110e-04,1.505091844036539296e-03,-3.191910706427047127e-03,-7.071588099717980146e-04,-2.959438514052852042e-04,-4.944987778172089238e-05,-2.219806942791421270e-03,-6.262158775211601816e-04
3.870000000000000107e-01,0.000000000000000000e+00,1.772768073980086033e-03,2.984529355227903170e-03,1.793924952676553440e-03,2.975260996221546200e-03,1.000000000000000000e+00,1.000000000000000000e+00,4.544348911503839341e-04,1.507711173409720731e-03,-5.045657487705734572e-03,-8.899775628570765059e-04,3.892211652346247441e-02,4.166715909418496760e-03,1.166009205875948029e-01,1.269111624032247601e-02,4.754249369616837567e-04,1.504713802330622484e-03,-3.504136307084503802e-03,-8.048044911351606451e-04,-2.959438514052852042e-04,-4.944987778172089238e-05,-1.370134426601755289e-03,-3.921133965190832789e-04
3.875000000000000111e-01,0.000000000000000000e+00,1.769337148159276464e-03,2.984048839360217177e-03,1.791092449777437938e-03,2.975145903219449973e-03,1.000000000000000000e+00,1.000000000000000000e+00,4.518066494905994494e-04,1.507230657542034304e-03,-5.256483319569001632e-03,-9.610317353730601832e-04,4.018899486709927305e-02,4.596241490856596730e-03,1.200781874464680876e-01,1.387996997612684844e-02,4.736254626251029188e-04,1.504295425464859202e-03,-3.693326387870294724e-03,-8.685635968234103931e-04,-2.959438514052852042e-04,-4.944987778172089238e-05,-6.847068066360398504e-04,-2.019814644938926250e-04
3.880000000000000115e-01,0.000000000000000000e+00,1.765834076132098652e-03,2.983546688841086716e-03,1.788255124671176040e-03,2.975027474440736144e-03,1.000000000000000000e+00,1.000000000000000000e+00,4.491231406303343118e-04,1.506728507022904060e-03,-5.367017720530326344e-03,-1.004301038260611454e-03,4.818667612152331692e-02,1.191142292872768640e-02,1.499986078035779602e-01,4.190437214448363562e-02,4.517567557722109708e-04,1.491676443491690143e-03,-6.045879263360864030e-03,-2.282283596498369330e-03,2.921357915467089907e-04,3.085707111949656392e-04,3.333731569696593653e-03,2.773275333770276133e-03
3.885000000000000120e-01,0.000000000000000000e+00,1.762660783643218119e-03,2.983251848673232516e-03,1.785412981133843117e-03,2.974905946957800279e-03,1.000000000000000000e+00,1.000000000000000000e+00,4.466922575528362613e-04,1.506433666855049860e-03,-4.861766154996153937e-03,-5.896803357085180376e-04,5.272719127512127263e-02,1.534965788313405466e-02,1.610719467129858862e-01,4.919094448006142151e-02,4.488509394372243422e-04,1.490631958244791099e-03,-5.578182653959608793e-03,-1.896365823088943690e-03,2.921357915467089907e-04,3.085707111949656392e-04,5.701393507101702555e-03,4.224079178681224706e-03
3.890000000000000124e-01,0.000000000000000000e+00,1.760041278942239048e-03,2.983269403971643662e-03,1.782566018749074527e-03,2.974781587036740959e-03,1.000000000000000000e+00,1.000000000000000000e+00,4.446856005329272079e-04,1.506451222153461006e-03,-4.013314039818097201e-03,3.511059682219049884e-05,5.151581920564787809e-02,1.370368856060680089e-02,1.529393992897641885e-01,4.013217763445839359e-02,4.462645703037478387e-04,1.489832892695159292e-03,-4.768764780969881635e-03,-1.301019951034972175e-03,2.921357915467089907e-04,3.085707111949656392e-04,5.003751868597148059e-03,3.471218742870570487e-03
3.895000000000000129e-01,0.000000000000000000e+00,1.757908728987675213e-03,2.983544275354393666e-03,1.779714232489159166e-03,2.974654691444630038e-03,1.000000000000000000e+00,1.000000000000000000e+00,4.430519724905600015e-04,1.506726093536211010e-03,-3.267256084734363256e-03,5.497427654998125008e-04,5.043270161972689125e-02,1.229646444397378656e-02,1.501610322503594552e-01,3.629342360579592558e-02,4.440575488802688529e-04,1.489304192850854532e-03,-4.060609903364502740e-03,-8.147019244889177432e-04,2.921357915467089907e-04,3.085707111949656392e-04,4.381269497212119703e-03,2.829281997842674704e-03
3.900000000000000133e-01,0.000000000000000000e+00,1.756203448302852107e-03,2.984029456723120283e-03,1.776857612296131074e-03,2.974525588756777271e-03,1.000000000000000000e+00,1.000000000000000000e+00,4.417456516979930488e-04,1.507211274904937410e-03,-2.612641585133857781e-03,9.703627374526072307e-04,4.911974450411230736e-02,4.519010559029725677e-04,1.463322694609129893e-01,-8.324649984962361610e-03,4.384715913619192961e-04,1.504031678943530594e-03,-3.862613414184959317e-03,1.279765666925541901e-03,4.012383391462142550e-04,-1.335677911969007918e-04,3.604783826354091784e-03,-2.110057027062596773e-03
3.905000000000000138e-01,0.000000000000000000e+00,1.754854881859187156e-03,2.984352244950248464e-03,1.773996142662861248e-03,2.974394640663997544e-03,1.000000000000000000e+00,1.000000000000000000e+00,4.407125898676468112e-04,1.507534063132065809e-03,-2.066123660692457779e-03,6.455764542569271316e-04,4.795707955569299824e-02,-2.637669176133575644e-03,1.432263094455024643e-01,-1.035193822653040878e-02,4.366657022412502652e-04,1.504594785992317612e-03,-3.361845305018425038e-03,9.732353000264811187e-04,4.012383391462142550e-04,-1.335677911969007918e-04,2.956821121577698532e-03,-3.416013219605917948e-03
3.910000000000000142e-01,0.000000000000000000e+00,1.753800784341548761e-03,2.984417926999392238e-03,1.771129802214152071e-03,2.974262243279881136e-03,1.000000000000000000e+00,1.000000000000000000e+00,4.399051043217543978e-04,1.507599745181209582e-03,-1.614971091784786353e-03,1.313640982876770674e-04,4.745940827764563025e-02,-1.117991982511553056e-03,1.425242980253857428e-01,-2.033731850426762425e-03,4.350866196006376169e-04,1.504957391258556279e-03,-2.955213629903335158e-03,4.781315666499097949e-04,4.012383391462142550e-04,-1.335677911969007918e-04,2.667130666058887493e-03,-2.724313427984815031e-03
3.915000000000000147e-01,0.000000000000000000e+00,1.753012917502602946e-03,2.984276982647668212e-03,1.768258563287826305e-03,2.974128828448055744e-03,1.000000000000000000e+00,1.000000000000000000e+00,4.393015633078622300e-04,1.507458800829485773e-03,-1.207082027784385199e-03,-2.818887034477352243e-04,4.700151211532104661e-02,1.695499957825049144e-04,1.413862334571497070e-01,1.491628185967849027e-03,4.337002474820708317e-04,1.505097519328685036e-03,-2.590928432555217060e-03,8.314090527495050895e-05,4.012383391462142550e-04,-1.335677911969007918e-04,2.401466700900585505e-03,-2.140069640591577265e-03
3.920000000000000151e-01,0.000000000000000000e+00,1.752465334026010336e-03,2.983972072721328191e-03,1.765382391527927069e-03,2.973994864966062086e-03,1.000000000000000000e+00,1.000000000000000000e+00,4.388820900284746691e-04,1.507153890903145535e-03,-8.389465587751573569e-04,-6.098198526805413515e-04,4.268338648919059453e-02,-1.087872824693208486e-02,1.252014005405105435e-01,-4.265628848505056969e-02,4.372147874676324481e-04,1.526468434602239405e-03,-1.730546478456477036e-03,2.194617485458834425e-03,2.621981024679409782e-04,-7.630373338881068796e-04,1.517534057806336177e-04,-6.605356875446747808e-03
3.925000000000000155e-01,0.000000000000000000e+00,1.751938960745385567e-03,2.983159823656379196e-03,1.762501245848099125e-03,2.973860857258983463e-03,1.000000000000000000e+00,1.000000000000000000e+00,4.384788647018457832e-04,1.506341641838196757e-03,-8.064506532578114570e-04,-1.624498129897612242e-03,3.959118555391025890e-02,-1.644419963615031607e-02,1.168957160788501592e-01,-5.527559454761417357e-02,4.363508083628632006e-04,1.527331443607817625e-03,-1.725347366073665860e-03,1.259198752920289051e-03,2.621981024679409782e-04,-7.630373338881068796e-04,-1.478346958214514419e-03,-8.929185375093290702e-03
3.930000000000000160e-01,0.000000000000000000e+00,1.751278689176415798e-03,2.981672277634228423e-03,1.759615079432873871e-03,2.973727336902743344e-03,1.000000000000000000e+00,1.000000000000000000e+00,4.379730673354869882e-04,1.504854095816045550e-03,-1.011594732717613354e-03,-2.975092044302465270e-03,4.060844410845328850e-02,-1.223008161010799393e-02,1.233777553671068367e-01,-3.473921903304170999e-02,4.354303539920595118e-04,1.527642774386142079e-03,-1.955988353201783443e-03,-1.142495222801985510e-05,2.621981024679409782e-04,-7.630373338881068796e-04,-9.194141906400918373e-04,-7.019465014265256417e-03
3.935000000000000164e-01,0.000000000000000000e+00,1.750537116530468144e-03,2.979649168144738597e-03,1.756723841190153089e-03,2.973594851039032191e-03,1.000000000000000000e+00,1.000000000000000000e+00,4.374049897308898162e-04,1.502830986326556158e-03,-1.136155209194379505e-03,-4.046218978978831891e-03,4.143949241128616623e-02,-8.681731393793771720e-03,1.256710909866934345e-01,-2.501671674944050058e-02,4.344147463992304456e-04,1.527388068206337463e-03,-2.106112698511475919e-03,-1.005463706836252783e-03,2.621981024679409782e-04,-7.630373338881068796e-04,-4.651072095144332319e-04,-5.417177778015799805e-03
3.940000000000000169e-01,0.000000000000000000e+00,1.749756908370796865e-03,2.977207855968277105e-03,1.753827477223962291e-03,2.973463950650688352e-03,1.000000000000000000e+00,1.000000000000000000e+00,4.368073156056974404e-04,1.500389674150094232e-03,-1.195348250384753019e-03,-4.882624352924054036e-03,4.252776489933363102e-02,1.815558417402722297e-04,1.291568788406444734e-01,6.016481788406539445e-03,4.279109502800652908e-04,1.520286722179700406e-03,-2.805111961242006020e-03,-2.492320663968481016e-03,4.218511357294169603e-04,-5.746190205618337656e-04,6.415536218034516118e-05,-1.662711237032417876e-03
3.945000000000000173e-01,0.000000000000000000e+00,1.748993125649596098e-03,2.974630503365518781e-03,1.750925932307181073e-03,2.973335178837043392e-03,1.000000000000000000e+00,1.000000000000000000e+00,4.362222240963714495e-04,1.497812321547336125e-03,-1.170183018652020887e-03,-5.154705205516014674e-03,4.313917945266132481e-02,1.593293829322732415e-03,1.306156800048858813e-01,3.815942175246549162e-03,4.265045819144819002e-04,1.518985582638563087e-03,-2.820278960015708269e-03,-2.711763053031457111e-03,4.218511357294169603e-04,-5.746190205618337656e-04,3.933472107763412049e-04,-1.038487164204225785e-03
3.950000000000000178e-01,0.000000000000000000e+00,1.748276296281682995e-03,2.971963108371224096e-03,1.748019151354303184e-03,2.973209059089317735e-03,1.000000000000000000e+00,1.000000000000000000e+00,4.356731009424170509e-04,1.495144926553041440e-03,-1.098246307908830148e-03,-5.334789988589498828e-03,4.361711313088634245e-02,2.737623038063227276e-03,1.319878615259179044e-01,6.977534392369423057e-03,4.251024409276365893e-04,1.517597409397069934e-03,-2.788293985976919749e-03,-2.840627714827396576e-03,4.218511357294169603e-04,-5.746190205618337656e-04,6.482416837209349332e-04,-5.363104180031193343e-04
3.955000000000000182e-01,0.000000000000000000e+00,1.747629900393377154e-03,2.969242786487503137e-03,1.745107080894162761e-03,2.973086083565955155e-03,1.000000000000000000e+00,1.000000000000000000e+00,4.351779329641254678e-04,1.492424604669320481e-03,-9.903359565831598623e-04,-5.440643767441875889e-03,4.398305001204873277e-02,3.654644237132190481e-03,1.330580305498110794e-01,9.516540286215034727e-03,4.237254145507068719e-04,1.516163070342542614e-03,-2.719892045076805365e-03,-2.896565891143607074e-03,4.218511357294169603e-04,-5.746190205618337656e-04,8.410062348848999867e-04,-1.375919456104024311e-04
3.960000000000000187e-01,0.000000000000000000e+00,1.747071525979575430e-03,2.966499123113562359e-03,1.742189670542696345e-03,2.972966701368023185e-03,1.000000000000000000e+00,1.000000000000000000e+00,4.347501933472527826e-04,1.489680941295379703e-03,-8.554792337453610927e-04,-5.487326747881425895e-03,3.933084274295640254e-02,1.457224501008019812e-02,1.147492698330705302e-01,5.111389171975055934e-02,4.291652532562285037e-04,1.494198800071399290e-03,-1.857469224737717198e-03,-5.215674128220789026e-03,2.226109998312974104e-04,2.866213242444944190e-05,-1.544149761207487320e-03,4.256839857740802972e-03
3.965000000000000191e-01,0.000000000000000000e+00,1.746367133849510873e-03,2.964073931092204434e-03,1.739266874475668689e-03,2.972851306814548039e-03,1.000000000000000000e+00,1.000000000000000000e+00,4.342105976702400456e-04,1.487255749274021561e-03,-1.079191354025461685e-03,-4.850384042716170130e-03,3.638115823172708568e-02,2.276453604511677678e-02,1.071469594450168983e-01,7.388397455119873058e-02,4.281759838985573939e-04,1.491747551713541470e-03,-2.099102538450873124e-03,-4.590438367917817376e-03,2.226109998312974104e-04,2.866213242444944190e-05,-3.079718374475745070e-03,7.734459143538780640e-03
3.970000000000000195e-01,0.000000000000000000e+00,1.745370720389005821e-03,2.962219832846178617e-03,1.736338652901434337e-03,2.972740227717912426e-03,1.000000000000000000e+00,1.000000000000000000e+00,4.334473006757713349e-04,1.485401651027995745e-03,-1.526593988937409527e-03,-3.708196492051718789e-03,3.815133975970126656e-02,1.990189087917314248e-02,1.163034983647626974e-01,5.626421957331107643e-02,4.270102714693691935e-04,1.489734772582374748e-03,-2.562804476693682047e-03,-3.462787465749103503e-03,2.226109998312974104e-04,2.866213242444944190e-05,-2.104799718230717601e-03,6.416942192641913838e-03
3.975000000000000200e-01,0.000000000000000000e+00,1.744174481550626876e-03,2.960840925778437157e-03,1.733404973533667764e-03,2.972633713659198276e-03,1.000000000000000000e+00,1.000000000000000000e+00,4.325309285609879009e-04,1.484022743960254501e-03,-1.832744229566844133e-03,-2.757814135482573436e-03,3.960835496436931891e-02,1.743456837190719352e-02,1.202892387138088937e-01,4.953443436008677508e-02,4.256479586513118424e-04,1.488238093804821133e-03,-2.885769410812395654e-03,-2.525687172560365720e-03,2.226109998312974104e-04,2.866213242444944190e-05,-1.306179565938216840e-03,5.283820745721906804e-03
3.980000000000000204e-01,0.000000000000000000e+00,1.742853874033583727e-03,2.959854724402320725e-03,1.730465813064114341e-03,2.972531924263568503e-03,1.000000000000000000e+00,1.000000000000000000e+00,4.315192845110158207e-04,1.483036542584137852e-03,-2.023288099944136990e-03,-1.972402752233385660e-03,3.217110531514075222e-02,2.588652970633614769e-02,9.006106494424837017e-02,8.480301830541284169e-02,4.391494655493842600e-04,1.468301756119316662e-03,-1.396863894918512700e-03,-3.887009682232336026e-03,-2.183548283472627478e-04,5.834455541996320764e-04,-5.052459811704832285e-03,8.595222914015397675e-03
3.985000000000000209e-01,0.000000000000000000e+00,1.741037882054282662e-03,2.959520940822565459e-03,1.727521158635333259e-03,2.972434917475628817e-03,1.000000000000000000e+00,1.000000000000000000e+00,4.301281539465237136e-04,1.482702759004382803e-03,-2.782261128984208146e-03,-6.675671595099325929e-04,2.793822087137415311e-02,2.965682585945587230e-02,7.957005059204939890e-02,9.279163415205425591e-02,4.382676974650140172e-04,1.466668490544461786e-03,-2.128756720830229585e-03,-2.648391321805281147e-03,-2.183548283472627478e-04,5.834455541996320764e-04,-7.229865324889951997e-03,1.012332531513100362e-02
3.990000000000000213e-01,0.000000000000000000e+00,1.738520401171123790e-03,2.959949867497267510e-03,1.724571009313440473e-03,2.972342637834796478e-03,1.000000000000000000e+00,1.000000000000000000e+00,4.281996517053215825e-04,1.483131685679084854e-03,-3.857004482404212745e-03,8.578533494038871176e-04,3.140848126835929510e-02,2.512266817882734260e-02,9.609323637723671263e-02,7.261999083890403883e-02,4.369412459367064279e-04,1.465709720190394236e-03,-3.174971713361425876e-03,-1.189481211366829683e-03,-2.183548283472627478e-04,5.834455541996320764e-04,-5.313501717631772571e-03,8.061271643774440068e-03
3.995000000000000218e-01,0.000000000000000000e+00,1.735483736229819851e-03,2.960990871658990362e-03,1.721615377560852499e-03,2.972254904750665574e-03,1.000000000000000000e+00,1.000000000000000000e+00,4.258734314014214284e-04,1.484172689840807706e-03,-4.652440607800257047e-03,2.082008323445664125e-03,3.428869946132326318e-02,2.128507298049619328e-02,1.038965317695214191e-01,6.211317718248458158e-02,4.351611364508207926e-04,1.465405637503604296e-03,-3.943908768261922271e-03,-2.908687396713065254e-05,-2.183548283472627478e-04,5.834455541996320764e-04,-3.730068419168686318e-03,6.321517424441970741e-03
4.000000000000000222e-01,0.000000000000000000e+00,1.732078569566981646e-03,2.962516773800671216e-03,1.718654290709031515e-03,2.972171400778375779e-03,1.000000000000000000e+00,1.000000000000000000e+00,4.232649224014602986e-04,1.485698591982488777e-03,-5.217017999922290809e-03,3.051804283362280230e-03,3.815108195584124978e-02,1.022359827284502129e-02,1.161398318975487842e-01,2.284724939122676976e-02,4.226041775246518607e-04,1.481929000461678324e-03,-5.665950007225402027e-03,2.724672669083382046e-03,8.891766824736452367e-05,1.038446853458063415e-04,-1.758009152801819422e-03,1.726848529958214910e-03
4.005000000000000226e-01,0.000000000000000000e+00,1.728503080327233304e-03,2.964176035413835716e-03,1.715687792431229170e-03,2.972091659893981094e-03,1.000000000000000000e+00,1.000000000000000000e+00,4.205259387379194189e-04,1.487357853595652844e-03,-5.477967327081806337e-03,3.318523226328102399e-03,4.276534341049607890e-02,9.506809370466286300e-04,1.306250859081413140e-01,-3.608161912965070217e-03,4.197043900881699554e-04,1.483355133866792871e-03,-5.932573440882644641e-03,2.979313565954660233e-03,8.891766824736452367e-05,1.038446853458063415e-04,7.050450322480771026e-04,-2.283173640492338306e-03
4.010000000000000231e-01,0.000000000000000000e+00,1.724990832242601687e-03,2.965677092013512157e-03,1.712715944215229512e-03,2.972015055769814708e-03,1.000000000000000000e+00,1.000000000000000000e+00,4.178354006098320642e-04,1.488858910195329285e-03,-5.381076256174684158e-03,3.002113199353061666e-03,4.371741572446360968e-02,1.358622559376989909e-03,1.304347676502084219e-01,5.755988042141350382e-03,4.167604324764376516e-04,1.484763415997174697e-03,-5.843318726391691711e-03,2.654391430648163699e-03,8.891766824736452367e-05,1.038446853458063415e-04,1.205835344831595072e-03,-2.083528042811315546e-03
4.015000000000000235e-01,0.000000000000000000e+00,1.721589187661525574e-03,2.967034363258872105e-03,1.709738826836093659e-03,2.971940790049855570e-03,1.000000000000000000e+00,1.000000000000000000e+00,4.152295896810329306e-04,1.490216181440689666e-03,-5.211621857598315762e-03,2.714542490720965075e-03,4.444177024698121869e-02,1.745545965593203958e-03,1.325246571395702067e-01,6.786748079577211573e-03,4.138792083555037208e-04,1.486016451905779450e-03,-5.681781930198074280e-03,2.358278713417649719e-03,8.891766824736452367e-05,1.038446853458063415e-04,1.580507573472189533e-03,-1.894982889662286032e-03
4.020000000000000240e-01,0.000000000000000000e+00,1.718333536840083511e-03,2.968261460514065499e-03,1.706756541827903319e-03,2.971867880633806761e-03,1.000000000000000000e+00,1.000000000000000000e+00,4.127356164605314507e-04,1.491443278695882843e-03,-4.987946441002919992e-03,2.454194510386461647e-03,3.801258792965035715e-02,-6.108324826518475234e-03,1.070556671898463541e-01,-2.415728728494419969e-02,4.151785850039888697e-04,1.495602563275131355e-03,-5.003891696191278132e-03,3.048112112975309186e-03,-3.123857928005828986e-05,-1.453402026759124715e-04,-1.787334008997101039e-03,-5.089646830302090724e-03
4.025000000000000244e-01,0.000000000000000000e+00,1.714900444536483250e-03,2.969114285030985921e-03,1.703769212691047877e-03,2.971795152261357334e-03,1.000000000000000000e+00,1.000000000000000000e+00,4.101057151786438636e-04,1.492296103212803482e-03,-5.259802563775192383e-03,1.705649033841422774e-03,3.980579349416629720e-02,-4.269278740093649174e-03,1.193646390599040069e-01,-1.063244582520717768e-02,4.126100245169229920e-04,1.496943485360662830e-03,-5.269737977657180071e-03,2.316942552221477967e-03,-3.123857928005828986e-05,-1.453402026759124715e-04,-8.154984048000127415e-04,-4.243154522616901861e-03
4.030000000000000249e-01,0.000000000000000000e+00,1.711382204151936683e-03,2.969654571645693412e-03,1.700776984155547185e-03,2.971721244004816437e-03,1.000000000000000000e+00,1.000000000000000000e+00,4.074105866825053425e-04,1.492836389827510756e-03,-5.390256992277089876e-03,1.080573229414655062e-03,4.124602188175997830e-02,-2.682770426674356556e-03,1.233583154301564899e-01,-6.309733315750513938e-03,4.099437359983465392e-04,1.497949499510359012e-03,-5.395072439168143580e-03,1.708255656167920449e-03,-3.123857928005828986e-05,-1.453402026759124715e-04,-4.109476506721214829e-05,-3.514500225205187661e-03
4.035000000000000253e-01,0.000000000000000000e+00,1.707852361147066400e-03,2.969935479694645053e-03,1.697780019444193513e-03,2.971644634159050641e-03,1.000000000000000000e+00,1.000000000000000000e+00,4.047065700635420096e-04,1.493117297876462180e-03,-5.408033237926665807e-03,5.618160979027163457e-04,4.238731666498691403e-02,-1.318870148496820507e-03,1.265518632229711837e-01,-2.590248877014714179e-03,4.072428253884236666e-04,1.498677578885510833e-03,-5.408442021181996545e-03,1.205009614336799472e-03,-3.123857928005828986e-05,-1.453402026759124715e-04,5.665899710348230173e-04,-2.889542796302131591e-03
4.040000000000000258e-01,0.000000000000000000e+00,1.704368630325752039e-03,2.970002622159068420e-03,1.694778497243861620e-03,2.971563667669788796e-03,1.000000000000000000e+00,1.000000000000000000e+00,4.020378774265518794e-04,1.493184440340885547e-03,-5.337385273980217899e-03,1.342849288465965650e-04,4.322827433633726069e-02,-6.169545011573073466e-03,1.288808883058580601e-01,-2.277679818775885795e-02,3.995917864240170294e-04,1.505079568303510900e-03,-5.895718662045583598e-03,1.460030505170621228e-03,1.147690679148554869e-04,-3.189126825181815375e-04,9.485205723527378010e-04,-4.778199211102530757e-03
4.045000000000000262e-01,0.000000000000000000e+00,1.700973003052534292e-03,2.969706868891320347e-03,1.691772608675439285e-03,2.971476583573808873e-03,1.000000000000000000e+00,1.000000000000000000e+00,3.994366760230001409e-04,1.492888687073137691e-03,-5.202402807103516033e-03,-5.915065354957898527e-04,4.406905361851586739e-02,-4.064299043778508980e-03,1.314995815377001387e-01,-1.077205021606325239e-02,3.966751981789741325e-04,1.505635857734539387e-03,-5.770766254459501303e-03,7.664503460299754069e-04,1.147690679148554869e-04,-3.189126825181815375e-04,1.387810376579855145e-03,-3.819712047044545190e-03
4.050000000000000266e-01,0.000000000000000000e+00,1.697706963494360899e-03,2.969118272749257832e-03,1.688762554263771067e-03,2.971381542439135211e-03,1.000000000000000000e+00,1.000000000000000000e+00,3.969347445684546258e-04,1.492300090931075393e-03,-5.003862909091045044e-03,-1.177192284124673957e-03,4.470066588619404924e-02,-2.278997701256290070e-03,1.333396581202083153e-01,-5.887596912062963497e-03,3.938369596139273845e-04,1.505880112965041423e-03,-5.582445709603887050e-03,2.116365675469419698e-04,1.147690679148554869e-04,-3.189126825181815375e-04,1.711460920137068470e-03,-3.009374142795460342e-03
4.055000000000000271e-01,0.000000000000000000e+00,1.694601019331990442e-03,2.968296105331206906e-03,1.685748540907595992e-03,2.971276653805233602e-03,1.000000000000000000e+00,1.000000000000000000e+00,3.945554533022329821e-04,1.491477923513024250e-03,-4.758582532443314181e-03,-1.644334836102228151e-03,4.515861888364886001e-02,-7.721952346377050332e-04,1.347085423305583174e-01,-1.760632765744719625e-03,3.911045679796505367e-04,1.505876351094377922e-03,-5.347472942828534678e-03,-2.258360915137452418e-04,1.147690679148554869e-04,-3.189126825181815375e-04,1.939510977814018532e-03,-2.327753317501473143e-03
4.060000000000000275e-01,0.000000000000000000e+00,1.691676604898811193e-03,2.967290271009492657e-03,1.682730778849482640e-03,2.971160003623195094e-03,1.000000000000000000e+00,1.000000000000000000e+00,3.923152218763190351e-04,1.490472089191310218e-03,-4.480462851827900911e-03,-2.011668643428197317e-03,4.626920428966104643e-02,9.039853935189089834e-03,1.387776176121393590e-01,3.490175667275455251e-02,3.824224124345097136e-04,1.495868502128699972e-03,-5.767015512585299195e-03,-1.674446491835307731e-03,2.934166692128131054e-04,-3.045018422728515864e-05,2.435830665253923069e-03,1.890717700671795849e-03
4.065000000000000280e-01,0.000000000000000000e+00,1.688987582072728425e-03,2.966409695761964248e-03,1.679709478645771172e-03,2.971029681695938444e-03,1.000000000000000000e+00,1.000000000000000000e+00,3.902553108829781570e-04,1.489591513943781809e-03,-4.119821986681702561e-03,-1.761150495056861345e-03,4.647686346119234840e-02,8.575593706404240069e-03,1.388264871712951154e-01,2.483031081778867138e-02,3.796224333925654658e-04,1.495093502531183840e-03,-5.433441304698171867e-03,-1.426004088723875282e-03,2.934166692128131054e-04,-3.045018422728515864e-05,2.525121268079684282e-03,1.672485879526037751e-03
4.070000000000000284e-01,0.000000000000000000e+00,1.686541922478665672e-03,2.965638512434517170e-03,1.676684848136510142e-03,2.970883809118399568e-03,1.000000000000000000e+00,1.000000000000000000e+00,3.883818269411858093e-04,1.488820330616334297e-03,-3.746967883584725705e-03,-1.542366654895167485e-03,4.657992267706458772e-02,8.161349490268317297e-03,1.392463681525513142e-01,2.371193984263299595e-02,3.769923999591112793e-04,1.494434819002795917e-03,-5.087263925773083915e-03,-1.209125440825339903e-03,2.934166692128131054e-04,-3.045018422728515864e-05,2.557871225334344256e-03,1.478099957758528381e-03
4.075000000000000289e-01,0.000000000000000000e+00,1.684342236923295133e-03,2.964962589226817751e-03,1.673657089415394195e-03,2.970720565717721411e-03,1.000000000000000000e+00,1.000000000000000000e+00,3.866967700448851282e-04,1.488144407408635095e-03,-3.370113792601413423e-03,-1.351846415398537263e-03,4.659947930294641022e-02,7.792764003311204377e-03,1.394333586652930224e-01,2.271603985685178781e-02,3.745365680447417986e-04,1.493877533393803960e-03,-4.736650408734233327e-03,-1.020361756589883203e-03,2.934166692128131054e-04,-3.045018422728515864e-05,2.545865468126449083e-03,1.305434412247921411e-03
4.080000000000000293e-01,0.000000000000000000e+00,1.682386894427602420e-03,2.964369374928726639e-03,1.670626395799702400e-03,2.970538217493450331e-03,1.000000000000000000e+00,1.000000000000000000e+00,3.851988907916653734e-04,1.487551193110543983e-03,-2.995758506439467461e-03,-1.186428596182139469e-03,4.846961051972833306e-02,1.982256095252677569e-02,1.468773155275023279e-01,6.982147302049972193e-02,3.628492923168580514e-04,1.468609876573840050e-03,-5.452239901540349536e-03,-3.662151321948968127e-03,5.700045526530446785e-04,6.987424472533924425e-04,3.402361394804681582e-03,6.231529694272376976e-03
4.085000000000000298e-01,0.000000000000000000e+00,1.680766970417278206e-03,2.964233967207178209e-03,1.667592948800237455e-03,2.970335144057726848e-03,1.000000000000000000e+00,1.000000000000000000e+00,3.839579570052814822e-04,1.487415785388995337e-03,-2.481867572767777665e-03,-2.708154430974998687e-04,4.966055079705872927e-02,2.779143378043191087e-02,1.501774522001335099e-01,9.089428540614011287e-02,3.602389418798329461e-04,1.466989798448385673e-03,-4.989959094036333816e-03,-2.819732553011928058e-03,5.700045526530446785e-04,6.987424472533924425e-04,4.002093258089629499e-03,9.597320648711353194e-03
4.090000000000000302e-01,0.000000000000000000e+00,1.679538415311144801e-03,2.964800125758579839e-03,1.664556915091263811e-03,2.970109866075480720e-03,1.000000000000000000e+00,1.000000000000000000e+00,3.830168291931625038e-04,1.487981943940396967e-03,-1.882255624237997227e-03,1.132317102803161472e-03,4.908376558150601143e-02,2.376427105295230921e-02,1.472374111660343932e-01,6.905488758606563582e-02,3.578813014961459179e-04,1.465912625225364741e-03,-4.441576103224780317e-03,-1.491493742108675712e-03,5.700045526530446785e-04,6.987424472533924425e-04,3.660978861372402721e-03,7.764347846382147096e-03
4.095000000000000306e-01,0.000000000000000000e+00,1.678667920230381919e-03,2.965933759396457634e-03,1.661518443480444057e-03,2.969861072704619090e-03,1.000000000000000000e+00,1.000000000000000000e+00,3.823499912737817895e-04,1.489115577578274978e-03,-1.333675838761374903e-03,2.267267275756095803e-03,4.853959521348365225e-02,2.034883373277496244e-02,1.459061221396084906e-01,5.971642596771128270e-02,3.557853671574076225e-04,1.465433082709691019e-03,-3.943048185785014322e-03,-4.287178447013933677e-04,5.700045526530446785e-04,6.987424472533924425e-04,3.340583993989518132e-03,6.214634858693793285e-03
4.100000000000000311e-01,0.000000000000000000e+00,1.678124157042433333e-03,2.967521391318705612e-03,1.658477661878780514e-03,2.969587649036225466e-03,1.000000000000000000e+00,1.000000000000000000e+00,3.819334445052810978e-04,1.490703209500523173e-03,-8.330935370013786137e-04,3.175263844496178066e-03,4.001137312750070729e-02,1.472835800411419205e-02,1.135142987166981726e-01,4.119453256893146342e-02,3.657086527713417166e-04,1.470294154038835318e-03,-2.158444285911014730e-03,9.600145850712143774e-04,2.235674456293360133e-04,5.556751755223230706e-04,-1.072972223443064994e-03,3.865055850538888071e-03
4.105000000000000315e-01,0.000000000000000000e+00,1.677476118018145831e-03,2.969381894120597977e-03,1.655434674270550967e-03,2.969288703534749170e-03,1.000000000000000000e+00,1.000000000000000000e+00,3.814370178118014457e-04,1.492563712302415321e-03,-9.928533869593325536e-04,3.721005603784280271e-03,3.609116627864462912e-02,9.553913577584506947e-03,1.054853825233119102e-01,2.613143221221264981e-02,3.645863273811372502e-04,1.470897512855451556e-03,-2.330481455586437198e-03,1.452443558878500213e-03,2.235674456293360133e-04,5.556751755223230706e-04,-3.126839458583698106e-03,1.601887241704878524e-03
4.110000000000000320e-01,0.000000000000000000e+00,1.676528683904295221e-03,2.971350156333602954e-03,1.652389557683246139e-03,2.968963595478193909e-03,1.000000000000000000e+00,1.000000000000000000e+00,3.807112411736646379e-04,1.494531974515420298e-03,-1.451553276273600092e-03,3.936524426009813636e-03,3.792463035297023721e-02,8.596947801143858467e-03,1.157102196896493268e-01,2.692480824191545441e-02,3.633036104440336882e-04,1.471665070982756821e-03,-2.799429003613292805e-03,1.617440182409844111e-03,2.235674456293360133e-04,5.556751755223230706e-04,-2.118333665809785799e-03,1.178334206154413484e-03
4.115000000000000324e-01,0.000000000000000000e+00,1.675377301343832295e-03,2.973394791763074238e-03,1.649342359157511930e-03,2.968611962398320231e-03,1.000000000000000000e+00,1.000000000000000000e+00,3.798292309613180351e-04,1.496576609944891365e-03,-1.764020424693223555e-03,4.089270858941953038e-03,3.943174426853059827e-02,7.817781604285629557e-03,1.198331686540728275e-01,2.478140673471595709e-02,3.618229018272393297e-04,1.472499707664681355e-03,-3.122722966928344335e-03,1.720874549292361003e-03,2.235674456293360133e-04,5.556751755223230706e-04,-1.293475342286129004e-03,8.360100986486354710e-04
4.120000000000000329e-01,0.000000000000000000e+00,1.674099979875262600e-03,2.975490327649812135e-03,1.646293092725774603e-03,2.968233747440849907e-03,1.000000000000000000e+00,1.000000000000000000e+00,3.788507459482435159e-04,1.498672145831629480e-03,-1.956970026149004553e-03,4.191071773476323127e-03,3.488865676377445740e-02,-3.071138623212387245e-03,1.008008998356688807e-01,-1.679853599178442874e-02,3.671642146792542015e-04,1.491218564624590672e-03,-2.540192714542446190e-03,3.793389264921511687e-03,1.909190254812864529e-05,3.094872950067295212e-05,-3.600066799679535988e-03,-3.600163460701783554e-03
4.125000000000000333e-01,0.000000000000000000e+00,1.672470716707839464e-03,2.977295600589932416e-03,1.643241737080890609e-03,2.967829220376470064e-03,1.000000000000000000e+00,1.000000000000000000e+00,3.776026579524606290e-04,1.500477418771749760e-03,-2.496175991565741624e-03,3.610545880240471385e-03,3.351757314203086119e-02,-1.006280025821877644e-02,9.906957546454155106e-02,-3.490600233378110540e-02,3.657615206830474967e-04,1.492971106526233202e-03,-3.069504461993684871e-03,3.217827543286101797e-03,1.909190254812864529e-05,3.094872950067295212e-05,-4.280313939041467848e-03,-6.563991161709078342e-03
4.130000000000000338e-01,0.000000000000000000e+00,1.670425096606871496e-03,2.978595256193306701e-03,1.640188236443144466e-03,2.967398969182028466e-03,1.000000000000000000e+00,1.000000000000000000e+00,3.760356220413817153e-04,1.501777074375124045e-03,-3.134071822157781517e-03,2.599311206748579177e-03,3.596416164068652610e-02,-7.297424417313077595e-03,1.094048608226806246e-01,-1.863261918819429305e-02,3.640695789966538038e-04,1.494328601552247096e-03,-3.696982299770973368e-03,2.214046575026181948e-03,1.909190254812864529e-05,3.094872950067295212e-05,-2.936180121188374046e-03,-5.296856831361223747e-03
4.135000000000000342e-01,0.000000000000000000e+00,1.668090768722825957e-03,2.979481458401815608e-03,1.637132503652758298e-03,2.966943871143524602e-03,1.000000000000000000e+00,1.000000000000000000e+00,3.742474231373910348e-04,1.502663276583632952e-03,-3.576397807981375639e-03,1.772404417017818708e-03,3.797551353609163183e-02,-4.932319851225405380e-03,1.148941203282393131e-01,-1.216367566639681326e-02,3.621125842331623826e-04,1.495230094143498939e-03,-4.130083453422471983e-03,1.393479969744395230e-03,1.909190254812864529e-05,3.094872950067295212e-05,-1.836945883949212422e-03,-4.215759826441540549e-03
4.140000000000000346e-01,0.000000000000000000e+00,1.665572124972738034e-03,2.980032835851001340e-03,1.634074423459046374e-03,2.966465062149752953e-03,1.000000000000000000e+00,1.000000000000000000e+00,3.723180300884396695e-04,1.503214654032818684e-03,-3.858786097902723589e-03,1.102754898371674855e-03,2.840532831488059781e-02,-7.916287852962024946e-03,7.586063098501759361e-02,-2.605938575831229578e-02,3.763444447174726730e-04,1.501171760930166462e-03,-2.552698399125927567e-03,1.341435057762836378e-03,-4.621334937384016599e-04,-1.281691783295012298e-04,-6.687474412417727249e-03,-5.429173603565015487e-03
4.145000000000000351e-01,0.000000000000000000e+00,1.662392120823866486e-03,2.980159955212738788e-03,1.631013855809698883e-03,2.965963905984715480e-03,1.000000000000000000e+00,1.000000000000000000e+00,3.698820055811014246e-04,1.503341773394556132e-03,-4.872049014676450851e-03,2.542387234749928599e-04,2.649492263487442795e-02,-6.906973463219298268e-03,7.607584716242159206e-02,-1.995717755426421047e-02,3.748285033840760777e-04,1.501635222067011994e-03,-3.509156043087375068e-03,5.139955425038188327e-04,-4.621334937384016599e-04,-1.281691783295012298e-04,-7.621558127740625868e-03,-4.930629622145982043e-03
4.150000000000000355e-01,0.000000000000000000e+00,1.658463094314259522e-03,2.979899281500614314e-03,1.627950639140061375e-03,2.965441963620025437e-03,1.000000000000000000e+00,1.000000000000000000e+00,3.668721966565498976e-04,1.503081099682431658e-03,-6.019617849103029751e-03,-5.213474242489955475e-04,3.038014647679533609e-02,-4.346488516708551728e-03,9.218954287142316906e-02,-1.120829155132130328e-02,3.728006793933438378e-04,1.501703053088537321e-03,-4.599949343256881130e-03,-2.412104400651626443e-04,-4.621334937384016599e-04,-1.281691783295012298e-04,-5.483420227507468728e-03,-3.770102417857246636e-03
4.155000000000000360e-01,0.000000000000000000e+00,1.653988853006447277e-03,2.979335381625514666e-03,1.624884593662421790e-03,2.964900962507320721e-03,1.000000000000000000e+00,1.000000000000000000e+00,3.634447289655268155e-04,1.502517199807332010e-03,-6.854935382046112129e-03,-1.127799750199232455e-03,3.359063254358087003e-02,-2.194087393466354063e-03,1.009001872863980742e-01,-5.295697925288947276e-03,3.703050095728096396e-04,1.501435330312120503e-03,-5.381121723539042043e-03,-8.285323257304497624e-04,-4.621334937384016599e-04,-1.281691783295012298e-04,-3.725462538915507837e-03,-2.797927471691812312e-03
4.160000000000000364e-01,0.000000000000000000e+00,1.649137091563320900e-03,2.978539118851118283e-03,1.621815524655292927e-03,2.964342765870675925e-03,1.000000000000000000e+00,1.000000000000000000e+00,3.597280640726811026e-04,1.501720937032935627e-03,-7.433329785691399766e-03,-1.592525548792609897e-03,3.315012206171662201e-02,-1.021243921539130746e-02,9.614327932041516478e-02,-3.847353674478689450e-02,3.663615445270996781e-04,1.509815880858124361e-03,-6.034478795575653337e-03,-2.675451431420296971e-04,-4.291711402098530065e-04,-3.900682919321656495e-04,-3.919417670288394794e-03,-6.189392577230611557e-03
4.164999999999999813e-01,0.000000000000000000e+00,1.643890679910676653e-03,2.977262671198927652e-03,1.618743225752697313e-03,2.963769341999010487e-03,1.000000000000000000e+00,1.000000000000000000e+00,3.557090795798582795e-04,1.500444489380744779e-03,-8.037968985645658343e-03,-2.552895304381803954e-03,3.600159237497008169e-02,-6.882699961738622703e-03,1.072741575870353320e-01,-1.911003765919821323e-02,3.632048970108995331e-04,1.509452773741029466e-03,-6.590913613660823872e-03,-1.183095278496937210e-03,-4.291711402098530065e-04,-3.900682919321656495e-04,-2.367577600065516423e-03,-4.685696493907712083e-03
4.169999999999999818e-01,0.000000000000000000e+00,1.638397662550912341e-03,2.975615838160686286e-03,1.615667482233447503e-03,2.963182733538498575e-03,1.000000000000000000e+00,1.000000000000000000e+00,3.515011841554547146e-04,1.498797656342503630e-03,-8.415790848807133337e-03,-3.293666076482315488e-03,3.831510417218310371e-02,-4.097983635924497443e-03,1.136253366243999280e-01,-1.145619475230570845e-02,3.598263337023041727e-04,1.508686405880051758e-03,-6.922569198141157940e-03,-1.880994683558934481e-03,-4.291711402098530065e-04,-3.900682919321656495e-04,-1.117323412382261296e-03,-3.433088477091505563e-03
4.174999999999999822e-01,0.000000000000000000e+00,1.632777438381521158e-03,2.973690149751524736e-03,1.612588074310433543e-03,2.962585026784979401e-03,1.000000000000000000e+00,1.000000000000000000e+00,3.471958426614095753e-04,1.496871967933341863e-03,-8.610682988090255160e-03,-3.851376818323593021e-03,4.017116252026262796e-02,-1.783660434571044794e-03,1.187557609473620657e-01,-5.085205926563847109e-03,3.563273204694469647e-04,1.507616508738830394e-03,-7.073059854181273053e-03,-2.397552366873112895e-03,-4.291711402098530065e-04,-3.900682919321656495e-04,-1.228291205555977032e-04,-2.396734316576700809e-03
4.179999999999999827e-01,0.000000000000000000e+00,1.627125113609794414e-03,2.971561401128502977e-03,1.609504780419903714e-03,2.961978320976369275e-03,1.000000000000000000e+00,1.000000000000000000e+00,3.428659106793246255e-04,1.494743219310320538e-03,-8.659863964169858819e-03,-4.257497246042732039e-03,4.794754811474568473e-02,5.711643846312784364e-03,1.473461853004572886e-01,2.187370393172897304e-02,3.389740836214307678e-04,1.498803563311659412e-03,-8.642343818189077501e-03,-3.615082381292085076e-03,-2.294237052124917510e-05,-1.688755553709357616e-04,3.848674850401439650e-03,6.408891309020166120e-04
4.184999999999999831e-01,0.000000000000000000e+00,1.621831304924583423e-03,2.969466461056785231e-03,1.606417380510749169e-03,2.961364697585068019e-03,1.000000000000000000e+00,1.000000000000000000e+00,3.388106179530836590e-04,1.492648279238602358e-03,-8.110585452481921739e-03,-4.189880143436362607e-03,4.841525326445492161e-02,6.602595006951603521e-03,1.428142755500904915e-01,1.896449177505800388e-02,3.347907802149997693e-04,1.497016918131723962e-03,-8.091778705917538825e-03,-3.531592622012324524e-03,-2.294237052124917510e-05,-1.688755553709357616e-04,4.058058464764805438e-03,1.019412332015786965e-03
4.189999999999999836e-01,0.000000000000000000e+00,1.616915876074688074e-03,2.967433020662221723e-03,1.603325659333787500e-03,2.960746189610373620e-03,1.000000000000000000e+00,1.000000000000000000e+00,3.350451809970746565e-04,1.490614838844039067e-03,-7.530873912018025765e-03,-4.066880789126576731e-03,4.838519024545694103e-02,6.997979075887077530e-03,1.426044055434066982e-01,1.979235784135863208e-02,3.308903364627427835e-04,1.495285745597329163e-03,-7.510974493948821204e-03,-3.393300102540012641e-03,-2.294237052124917510e-05,-1.688755553709357616e-04,4.001724062662106313e-03,1.180363952295018694e-03
4.194999999999999840e-01,0.000000000000000000e+00,1.612373478387782357e-03,2.965472953124392592e-03,1.600229409731046722e-03,2.960124750870889079e-03,1.000000000000000000e+00,1.000000000000000000e+00,3.315655024905840012e-04,1.488654771306209936e-03,-6.959357012981351454e-03,-3.920135075658278193e-03,4.826015195076210906e-02,7.275531687410054238e-03,1.424462811709805987e-01,2.059586510783507213e-02,3.272782530808771842e-04,1.493629570257951110e-03,-6.938332303791674288e-03,-3.231651939085898768e-03,-2.294237052124917510e-05,-1.688755553709357616e-04,3.895433959510415361e-03,1.288672986489949228e-03
4.199999999999999845e-01,0.000000000000000000e+00,1.608194024763251635e-03,2.963594302413777130e-03,1.597128435925047104e-03,2.959502225296934026e-03,1.000000000000000000e+00,1.000000000000000000e+00,3.283638552662387715e-04,1.486776120595594691e-03,-6.403294448690506104e-03,-3.757301421230465222e-03,5.490490359839776680e-02,1.657192005910586990e-02,1.686526366051091796e-01,5.653297398973047838e-02,3.095921914482704040e-04,1.481053163967557817e-03,-8.005287922925097277e-03,-4.299310503408683426e-03,3.992048527762452441e-04,1.547232568845250474e-04,7.220316710123290960e-03,5.022994169071457599e-03
4.204999999999999849e-01,0.000000000000000000e+00,1.604706675675822165e-03,2.962086894077993124e-03,1.594022556808087979e-03,2.958880316222956344e-03,1.000000000000000000e+00,1.000000000000000000e+00,3.256923908765974583e-04,1.485268712259810468e-03,-5.342928779282632608e-03,-3.014816671568513497e-03,5.372228672732866361e-02,1.527011021002830891e-02,1.589473730176623190e-01,4.386054902709784348e-02,3.058449364096075640e-04,1.479084743511285827e-03,-6.985566827084294626e-03,-3.575699283189463090e-03,3.992048527762452441e-04,1.547232568845250474e-04,6.522963066398643206e-03,4.409205810815659647e-03
4.209999999999999853e-01,0.000000000000000000e+00,1.601844528795536710e-03,2.960905894085452163e-03,1.590911609231526747e-03,2.958260555679937277e-03,1.000000000000000000e+00,1.000000000000000000e+00,3.234998591635644986e-04,1.484087712267269290e-03,-4.385063426065956629e-03,-2.361999985082223735e-03,5.248232737585968588e-02,1.390640355179286435e-02,1.556471942288627230e-01,3.995643571914011399e-02,3.025821849499043745e-04,1.477455872363291111e-03,-6.067095695647869817e-03,-2.940953881259415759e-03,3.992048527762452441e-04,1.547232568845250474e-04,5.802581220007471674e-03,3.775338868079882327e-03
4.214999999999999858e-01,0.000000000000000000e+00,1.599538515945784969e-03,2.960005018135820898e-03,1.587795451293574260e-03,2.957644273701972269e-03,1.000000000000000000e+00,1.000000000000000000e+00,3.217333508342511811e-04,1.483186836317638459e-03,-3.533016658626668763e-03,-1.801751899261574801e-03,5.135791617348611088e-02,1.271007158089676632e-02,1.527888333689195188e-01,3.671537673846803074e-02,2.997524827519812115e-04,1.476121393061362481e-03,-5.253183511264585166e-03,-2.397965200819812334e-03,3.992048527762452441e-04,1.547232568845250474e-04,5.150819096667086719e-03,3.220297337808767507e-03
4.219999999999999862e-01,0.000000000000000000e+00,1.597726098065054392e-03,2.959343719667609056e-03,1.584673965309018467e-03,2.957032570650374240e-03,1.000000000000000000e+00,1.000000000000000000e+00,3.203449581881079810e-04,1.482525537849426617e-03,-2.776785292286454085e-03,-1.322596936423597403e-03,4.183096579915091678e-02,1.199295457019744840e-02,1.171486254608535699e-01,3.515766905642529055e-02,3.062001528322945789e-04,1.473893709231120872e-03,-3.527659286936989623e-03,-2.064823248758936546e-03,1.376760046336280229e-04,1.883791070392573609e-04,1.688935029424323137e-04,2.795541668521998521e-03
4.224999999999999867e-01,0.000000000000000000e+00,1.595924433967644456e-03,2.958896874326646595e-03,1.581547058600695681e-03,2.956426310203431364e-03,1.000000000000000000e+00,1.000000000000000000e+00,3.189648034179201684e-04,1.482078692508463939e-03,-2.760309540375622574e-03,-8.936906819255253150e-04,4.020217243457663292e-02,1.080720913144533890e-02,1.189644257129477689e-01,3.134927049054662268e-02,3.044384490440404782e-04,1.472963946243966956e-03,-3.519105866509997672e-03,-1.654987819397218604e-03,1.376760046336280229e-04,1.883791070392573609e-04,-6.886399785412306886e-04,2.255160257424914261e-03
4.229999999999999871e-01,0.000000000000000000e+00,1.594051999128246258e-03,2.958624978575141902e-03,1.578414662175230002e-03,2.955826132418507522e-03,1.000000000000000000e+00,1.000000000000000000e+00,3.175304351140967752e-04,1.481806796756959029e-03,-2.868736607646758634e-03,-5.437915030098984482e-04,4.125452797891589196e-02,1.004040605008052651e-02,1.243845930925003840e-01,2.953397268036007592e-02,3.026499616386451740e-04,1.472219504355118738e-03,-3.634552432911939465e-03,-1.323394227248148557e-03,1.376760046336280229e-04,1.883791070392573609e-04,-1.203607832323755691e-04,1.900887087623065030e-03
4.234999999999999876e-01,0.000000000000000000e+00,1.592162552527355080e-03,2.958502062457027838e-03,1.575276729111183775e-03,2.955232469522665016e-03,1.000000000000000000e+00,1.000000000000000000e+00,3.160830350449141167e-04,1.481683880638845182e-03,-2.894800138365347716e-03,-2.458322362276816491e-04,4.209266104193046254e-02,9.373173983250982638e-03,1.267274988797678914e-01,2.772540261358600114e-02,3.008243034722350175e-04,1.471628001156895108e-03,-3.667946522531409254e-03,-1.043139342785732310e-03,1.376760046336280229e-04,1.883791070392573609e-04,3.283035663829079174e-04,1.593276280113870274e-03
4.239999999999999880e-01,0.000000000000000000e+00,1.590298497266588555e-03,2.958505553201358149e-03,1.572133232946111049e-03,2.954645561713578530e-03,1.000000000000000000e+00,1.000000000000000000e+00,3.146550858707371722e-04,1.481687371383175276e-03,-2.855898348353928112e-03,6.981488660114630596e-06,3.633873681710796111e-02,1.287980647032321586e-03,1.036862747479229824e-01,-2.996424900028773000e-03,3.020773266855254617e-04,1.478069268174271892e-03,-3.288220235645614251e-03,-2.641022322563636639e-05,4.713428530316555266e-05,-1.462542813865438460e-05,-2.675036648661498206e-03,-1.827552163234792519e-03
4.244999999999999885e-01,0.000000000000000000e+00,1.588171473614452111e-03,2.958381277282286920e-03,1.568984166063621451e-03,2.954065472960460369e-03,1.000000000000000000e+00,1.000000000000000000e+00,3.130256912216354092e-04,1.481563095464104047e-03,-3.258789298203505509e-03,-2.485518381422671913e-04,3.816800464534905735e-02,2.187280791743926277e-03,1.154896596162525435e-01,7.288263024818926114e-03,3.003331710281961753e-04,1.477993257854800591e-03,-3.687562560421619832e-03,-2.771422666231835165e-04,4.713428530316555266e-05,-1.462542813865438460e-05,-1.674586195049178241e-03,-1.420841886616187964e-03
4.249999999999999889e-01,0.000000000000000000e+00,1.585876428145173780e-03,2.958158842136993615e-03,1.565829538080434728e-03,2.953492106804973989e-03,1.000000000000000000e+00,1.000000000000000000e+00,3.112675843931894388e-04,1.481340660318810959e-03,-3.516213656891978550e-03,-4.448702905863077166e-04,3.965963964598406832e-02,2.940137139414340534e-03,1.195851440192609860e-01,9.359973868506685571e-03,2.984255699333213520e-04,1.477806613614083501e-03,-3.942276097888023842e-03,-4.690557169725919880e-04,4.713428530316555266e-05,-1.462542813865438460e-05,-8.636949268347097032e-04,-1.081626684465908893e-03
4.254999999999999893e-01,0.000000000000000000e+00,1.583490306800243528e-03,2.957862944947536789e-03,1.562669374233445485e-03,2.952925222162159670e-03,1.000000000000000000e+00,1.000000000000000000e+00,3.094397093962979466e-04,1.481044763129354134e-03,-3.655749993783035702e-03,-5.917943789138453746e-04,4.086354612296348027e-02,3.566529613875229435e-03,1.229136690278659350e-01,1.108679826709126244e-02,2.964199728878359622e-04,1.477536300430406678e-03,-4.079769830041813511e-03,-6.119099526981657986e-04,4.713428530316555266e-05,-1.462542813865438460e-05,-2.139299235734865327e-04,-8.005780222068769941e-04
4.259999999999999898e-01,0.000000000000000000e+00,1.581074755716727715e-03,2.957514051410787582e-03,1.559503713766778382e-03,2.952364449121354546e-03,1.000000000000000000e+00,1.000000000000000000e+00,3.075892899117006968e-04,1.480695869592605143e-03,-3.700838969194519476e-03,-6.977870734978145568e-04,3.319555400315134935e-02,-4.233902089726203355e-03,9.208225354253293804e-02,-1.978773953161361635e-02,3.085517809121532547e-04,1.491529881160158630e-03,-2.518788499836923257e-03,9.065601643184313056e-04,-3.699017115203639028e-04,-4.358519945994501201e-04,-4.106832255185604783e-03,-3.938301948324173483e-03
4.264999999999999902e-01,0.000000000000000000e+00,1.578246218939246886e-03,2.956869014280011192e-03,1.556332608318846365e-03,2.951809304747106139e-03,1.000000000000000000e+00,1.000000000000000000e+00,3.054225050311538503e-04,1.480050832461828319e-03,-4.333569761093730363e-03,-1.290074261553818529e-03,2.912297753705836434e-02,-8.746259785759314537e-03,8.247746518828816265e-02,-3.090800982778549311e-02,3.071447524059477932e-04,1.491846173352998637e-03,-3.108130215564878195e-03,3.596565464929912413e-04,-3.699017115203639028e-04,-4.358519945994501201e-04,-6.211334907172957193e-03,-5.837833074573773109e-03
4.269999999999999907e-01,0.000000000000000000e+00,1.574805780242328514e-03,2.955790316159388840e-03,1.553156120309413454e-03,2.951259208880097594e-03,1.000000000000000000e+00,1.000000000000000000e+00,3.027869760854880817e-04,1.478972134341206184e-03,-5.271057891331505131e-03,-2.157396241244081796e-03,3.235139331046670702e-02,-5.909911461882786689e-03,9.799704457697194782e-02,-1.641358457924485537e-02,3.053669958834098123e-04,1.491820340870500701e-03,-4.001098131335573301e-03,-4.613943139916769592e-04,-3.699017115203639028e-04,-4.358519945994501201e-04,-4.435393658201652184e-03,-4.554484729196644176e-03
4.274999999999999911e-01,0.000000000000000000e+00,1.570922690807566302e-03,2.954371772177949960e-03,1.549974321326651238e-03,2.950713499938067714e-03,1.000000000000000000e+00,1.000000000000000000e+00,2.998123570018544517e-04,1.477553590359767088e-03,-5.949238167267294555e-03,-2.837087962878197169e-03,3.501679001752577847e-02,-3.528993251697793918e-03,1.052344223049043737e-01,-9.880499878998064492e-03,3.032071622771338954e-04,1.491430523091142636e-03,-4.636922452622168830e-03,-1.096630991249121544e-03,-3.699017115203639028e-04,-4.358519945994501201e-04,-2.976603015448496189e-03,-3.481213931038398650e-03
4.279999999999999916e-01,0.000000000000000000e+00,1.566736076296477813e-03,2.952691910620128257e-03,1.546787290514198623e-03,2.950171450716727525e-03,1.000000000000000000e+00,1.000000000000000000e+00,2.966052242201537526e-04,1.475873728801945601e-03,-6.414265563401347001e-03,-3.359723115643038771e-03,2.977446522624923805e-02,-5.052137514150061882e-03,8.235408892719627005e-02,-1.805313981711317850e-02,3.051312663898205651e-04,1.493341870897446199e-03,-4.569453249814354329e-03,-1.284561797507598841e-03,-4.977807559786580046e-04,-5.117118137317994793e-04,-5.666985268186785531e-03,-4.026442954839908397e-03
4.284999999999999920e-01,0.000000000000000000e+00,1.561987296406547234e-03,2.950706354531428509e-03,1.543595112958221589e-03,2.949632284190684215e-03,1.000000000000000000e+00,1.000000000000000000e+00,2.929674477738772103e-04,1.473888172713245853e-03,-7.275552892553065545e-03,-3.971112177399515816e-03,3.305452648744010985e-02,-2.725674594105725532e-03,9.911305125689161277e-02,-7.980640191080683177e-03,3.026442895659439474e-04,1.492558873688558298e-03,-5.376795442098562805e-03,-1.846308789421430415e-03,-4.977807559786580046e-04,-5.117118137317994793e-04,-3.870190506495221547e-03,-2.982104578249614602e-03
4.289999999999999925e-01,0.000000000000000000e+00,1.556847759793619172e-03,2.948491597367246947e-03,1.540397878074471413e-03,2.949095189314356828e-03,1.000000000000000000e+00,1.000000000000000000e+00,2.890303343113373100e-04,1.471673415549064508e-03,-7.874226925079830242e-03,-4.429514328362517579e-03,3.574505110803161828e-02,-7.968039110961696540e-04,1.064459168382221183e-01,-2.672715644528909397e-03,2.998188270345217938e-04,1.491532895176846986e-03,-5.923887649595040161e-03,-2.256771014352554599e-03,-4.977807559786580046e-04,-5.117118137317994793e-04,-2.404852511397431204e-03,-2.120401265958138382e-03
4.294999999999999929e-01,0.000000000000000000e+00,1.551457390073341259e-03,2.946110842336043846e-03,1.537195677995344643e-03,2.948559336822899335e-03,1.000000000000000000e+00,1.000000000000000000e+00,2.849010715407614353e-04,1.469292660517861407e-03,-8.258525541151763225e-03,-4.761510062406173159e-03,3.793182630406545519e-02,7.905269765632076326e-04,1.124388665426337003e-01,1.702556645424880893e-03,2.967729976403314001e-04,1.490332962648325014e-03,-6.258666026896024005e-03,-2.542360285040573195e-03,-4.977807559786580046e-04,-5.117118137317994793e-04,-1.222038062707365286e-03,-1.415229328738278405e-03
4.299999999999999933e-01,0.000000000000000000e+00,1.545929274065161764e-03,2.943615901694599316e-03,1.533988605956940893e-03,2.948023895033119804e-03,1.000000000000000000e+00,1.000000000000000000e+00,2.806662889917786404e-04,1.466797719876416876e-03,-8.469565097965564560e-03,-4.989881282889003719e-03,4.139358475913855473e-02,2.989228823461702930e-03,1.239049472195273144e-01,8.788310818152369336e-03,2.859953199062176070e-04,1.486839664541377655e-03,-7.282654009902776032e-03,-2.971915731861387352e-03,-2.740872338598876793e-04,-4.477219225854762140e-04,5.356557690278905288e-04,-4.388817034607875745e-04
4.304999999999999938e-01,0.000000000000000000e+00,1.540439076836589826e-03,2.941077106619117455e-03,1.530776754686124326e-03,2.947488045644398695e-03,1.000000000000000000e+00,1.000000000000000000e+00,2.764605539132038983e-04,1.464258924800935016e-03,-8.411470157149507701e-03,-5.077590150963907922e-03,4.264436890513047251e-02,3.917318329288912472e-03,1.258380820897781749e-01,1.047802974217019664e-02,2.823747120870183152e-04,1.485341123190762544e-03,-7.199801009723294683e-03,-3.022095791370809411e-03,-2.740872338598876793e-04,-4.477219225854762140e-04,1.193437342573478799e-03,-3.517365755797876702e-05
4.309999999999999942e-01,0.000000000000000000e+00,1.535049645107949400e-03,2.938524262375764862e-03,1.527560214798368617e-03,2.946950999459414366e-03,1.000000000000000000e+00,1.000000000000000000e+00,2.723320096859096475e-04,1.461706080557581989e-03,-8.257088454588492818e-03,-5.105688486706244471e-03,4.360193625489583447e-02,4.649378043745044063e-03,1.285707326475299672e-01,1.251674357659865802e-02,2.788194036886254708e-04,1.483832169769275493e-03,-7.021643493343257027e-03,-3.013677185348548771e-03,-2.740872338598876793e-04,-4.477219225854762140e-04,1.688715325522781611e-03,2.796044425883055518e-04
4.314999999999999947e-01,0.000000000000000000e+00,1.529808393023642183e-03,2.935980702325796839e-03,1.524339073612636592e-03,2.946412009005105505e-03,1.000000000000000000e+00,1.000000000000000000e+00,2.683169776517404311e-04,1.459162520507613966e-03,-8.030064068338418209e-03,-5.087120099936078173e-03,4.431492992203359127e-02,5.216481631729890864e-03,1.306422122712633804e-01,1.410223664899442828e-02,2.753711614676730571e-04,1.482338882366424212e-03,-6.771679506105333056e-03,-2.959520947812746897e-03,-2.740872338598876793e-04,-4.477219225854762140e-04,2.048982364843087572e-03,5.198006993290653095e-04
4.319999999999999951e-01,0.000000000000000000e+00,1.524749913280860599e-03,2.933464331744484524e-03,1.521113415306191716e-03,2.945870371193842763e-03,1.000000000000000000e+00,1.000000000000000000e+00,2.644419573541526838e-04,1.456646149926301868e-03,-7.750040595175505809e-03,-5.032741162624166167e-03,4.767742421099785410e-02,1.653917015835141072e-02,1.432402240337621591e-01,5.761498577766088064e-02,2.626286368218405339e-04,1.467203898225297566e-03,-7.536562287685798049e-03,-4.417821615894190410e-03,3.268629327266133630e-06,-4.553813295181396992e-05,3.699840727660198836e-03,5.239405202453961512e-03
4.324999999999999956e-01,0.000000000000000000e+00,1.520041117535281608e-03,2.931329011182737341e-03,1.517883321734176012e-03,2.945325425043490361e-03,1.000000000000000000e+00,1.000000000000000000e+00,2.608348105394696251e-04,1.454510829364554685e-03,-7.214293629366093190e-03,-4.270641123494233436e-03,4.790840343679068913e-02,1.576605563320191555e-02,1.415497690853764756e-01,4.527449775957006345e-02,2.589932104337085497e-04,1.465184087453030946e-03,-7.006034036686398236e-03,-3.662808349378980210e-03,3.268629327266133630e-06,-4.553813295181396992e-05,3.785424708934012096e-03,4.849999375056540316e-03
4.329999999999999960e-01,0.000000000000000000e+00,1.515690045768219385e-03,2.929546388163613551e-03,1.514648873285611959e-03,2.944776549126607544e-03,1.000000000000000000e+00,1.000000000000000000e+00,2.575016961906996939e-04,1.452728206345430895e-03,-6.666228697539821647e-03,-3.565246038247441886e-03,4.776580216574649596e-02,1.419806470006779522e-02,1.410882096778706130e-01,4.014829987403991524e-02,2.556261274432880277e-04,1.463527668882619055e-03,-6.463222642298257353e-03,-2.964157312023069091e-03,3.268629327266133630e-06,-4.553813295181396992e-05,3.672321925364718104e-03,4.122667004403468907e-03
4.334999999999999964e-01,0.000000000000000000e+00,1.511685887260586208e-03,2.928063555986386117e-03,1.511410149739418705e-03,2.944223159019679088e-03,1.000000000000000000e+00,1.000000000000000000e+00,2.544343328165597903e-04,1.451245374168203678e-03,-6.134726748279787159e-03,-2.965664354454233126e-03,4.755995445051843656e-02,1.282919212407411871e-02,1.406911864961628289e-01,3.642845736257663974e-02,2.525263374636444185e-04,1.462194230785358916e-03,-5.936840255553608309e-03,-2.370694808365905043e-03,3.268629327266133630e-06,-4.553813295181396992e-05,3.526706393893629631e-03,3.488850891894431944e-03
4.339999999999999969e-01,0.000000000000000000e+00,1.508014748975902144e-03,2.926834412614778835e-03,1.508167231120415485e-03,2.943664704752314148e-03,1.000000000000000000e+00,1.000000000000000000e+00,2.516220777336561657e-04,1.450016230796595963e-03,-5.624510165807247372e-03,-2.458286743215635801e-03,3.814391380645329455e-02,1.104858898991072438e-02,1.045676526023723574e-01,3.089995959151509153e-02,2.565472865923934076e-04,1.460413639482882912e-03,-4.655155326166999022e-03,-1.950459149980000081e-03,-1.985310948323961680e-04,-2.433950083411449844e-05,-1.411699852097309145e-03,2.706454732932945303e-03
4.344999999999999973e-01,0.000000000000000000e+00,1.504201424262365406e-03,2.925800494654096865e-03,1.504920198555331767e-03,2.943100668256461595e-03,1.000000000000000000e+00,1.000000000000000000e+00,2.487009015270429872e-04,1.448982312835914209e-03,-5.842352413226360557e-03,-2.067835921363508564e-03,3.943872204482942734e-02,1.012586640981646795e-02,1.175193057533767127e-01,2.900436986013240834e-02,2.541696042410464111e-04,1.459534486197313274e-03,-4.855096741025455992e-03,-1.566864170751819212e-03,-1.985310948323961680e-04,-2.433950083411449844e-05,-7.094921244939060047e-04,2.280630044207282003e-03
4.349999999999999978e-01,0.000000000000000000e+00,1.500312869615614501e-03,2.924930809500130187e-03,1.501669135128821941e-03,2.942530560815632273e-03,1.000000000000000000e+00,1.000000000000000000e+00,2.457220958481350689e-04,1.448112627681947531e-03,-5.957611357815853145e-03,-1.739370307933234099e-03,4.071745574243808286e-02,9.372433147785769192e-03,1.213192783682052606e-01,2.700724577892632539e-02,2.517174170112993414e-04,1.458831701633971469e-03,-4.953369057613796547e-03,-1.244871541581625074e-03,-1.985310948323961680e-04,-2.433950083411449844e-05,-2.372501800276751067e-05,1.932246391275254261e-03
4.354999999999999982e-01,0.000000000000000000e+00,1.496414466150102623e-03,2.924199997457838270e-03,1.498414126739466574e-03,2.941953920514096127e-03,1.000000000000000000e+00,1.000000000000000000e+00,2.427357455363439768e-04,1.447381815639655614e-03,-5.972700623582177272e-03,-1.461624084583641216e-03,4.172846601660257920e-02,8.717627190219845446e-03,1.241461259868831130e-01,2.522682819659961828e-02,2.492409610263842507e-04,1.458277288947485307e-03,-4.952363244334749906e-03,-9.732845848432380076e-04,-1.985310948323961680e-04,-2.433950083411449844e-05,5.128168817093776326e-04,1.630065412488624190e-03
4.359999999999999987e-01,0.000000000000000000e+00,1.492557422711874660e-03,2.923586060571315044e-03,1.495155262955786234e-03,2.941370309686108797e-03,1.000000000000000000e+00,1.000000000000000000e+00,2.397810788436208684e-04,1.446767878753132605e-03,-5.909333385446232344e-03,-1.227873773046024098e-03,4.566690031939346639e-02,4.240373823997406304e-03,1.386120719399040468e-01,8.498207732719934016e-03,2.372186254583518903e-04,1.460495552594796550e-03,-5.955890312505527674e-03,-4.458589632021937171e-04,8.274980146247406794e-05,-1.021982866549578270e-04,2.483362323975062298e-03,-2.524329889990145452e-04
4.364999999999999991e-01,0.000000000000000000e+00,1.488939014092741618e-03,2.922947772563523963e-03,1.491892637872250117e-03,2.940779312365113946e-03,1.000000000000000000e+00,1.000000000000000000e+00,2.370092170280001112e-04,1.446129590745341090e-03,-5.543723631241522995e-03,-1.276576015582971298e-03,4.585886946723583685e-02,4.515349974172649765e-03,1.361886084345880488e-01,1.336722990911460088e-02,2.343290690018259262e-04,1.460261158491289344e-03,-5.602910385952239794e-03,-4.916199087739629801e-04,8.274980146247406794e-05,-1.021982866549578270e-04,2.561917577859037457e-03,-1.302876109305922019e-04
4.369999999999999996e-01,0.000000000000000000e+00,1.485566493490601044e-03,2.922294083349877974e-03,1.488626350965285101e-03,2.940180531732964654e-03,1.000000000000000000e+00,1.000000000000000000e+00,2.344257163614261715e-04,1.445475901531695102e-03,-5.167001333147890410e-03,-1.307378427291872557e-03,4.594629817762568152e-02,4.738893698072559058e-03,1.365632225877703165e-01,1.398741438482989027e-02,2.316188097747107232e-04,1.460008310643599655e-03,-5.238729877215174760e-03,-5.197074933048753589e-04,8.274980146247406794e-05,-1.021982866549578270e-04,2.584082915741785051e-03,-3.163605955757499725e-05
4.375000000000000000e-01,0.000000000000000000e+00,1.482441764334567784e-03,2.921632232998996360e-03,1.485356507949283505e-03,2.939573587569127913e-03,1.000000000000000000e+00,1.000000000000000000e+00,2.320320349551949787e-04,1.444814051180813488e-03,-4.787362812462378492e-03,-1.323700701763027383e-03,4.595051627658989363e-02,4.918663705776971790e-03,1.367054570728226115e-01,1.448772990659682146e-02,2.290914070775422809e-04,1.459744994782606782e-03,-4.871497091712613005e-03,-5.335192328014012973e-04,8.274980146247406794e-05,-1.021982866549578270e-04,2.561765490474676634e-03,4.707373206868894133e-05
4.380000000000000004e-01,0.000000000000000000e+00,1.479562510915686732e-03,2.920968010167339542e-03,1.482083221632614096e-03,2.938958113699903420e-03,1.000000000000000000e+00,1.000000000000000000e+00,2.298263988733297697e-04,1.444149828349156669e-03,-4.411272163730440600e-03,-1.328445663313511469e-03,3.865517371064448870e-02,1.331330125543811645e-02,1.085678373639074878e-01,4.693414753016905000e-02,2.426701454900055742e-04,1.438474526487034874e-03,-2.706147531410639778e-03,-2.912125978757060425e-03,-3.854722098589902506e-04,5.153917607957073837e-04,-1.150206920591341411e-03,3.396888774647120138e-03
4.385000000000000009e-01,0.000000000000000000e+00,1.476560703289589351e-03,2.920563892729600465e-03,1.478806612773631360e-03,2.938333755447634574e-03,1.000000000000000000e+00,1.000000000000000000e+00,2.275268808220457569e-04,1.443745710911417809e-03,-4.599036102567999156e-03,-8.082348754776617341e-04,3.165236812008805078e-02,2.124295659853323026e-02,8.749990542917621128e-02,7.078779328681666927e-02,2.412786280119858830e-04,1.437134290792777295e-03,-2.859572458686879606e-03,-2.449662398465909160e-03,-3.854722098589902506e-04,5.153917607957073837e-04,-4.836412300188670799e-03,6.775037661156967095e-03
4.390000000000000013e-01,0.000000000000000000e+00,1.473087261140679271e-03,2.920664743952102078e-03,1.475526810936681962e-03,2.937700167079917296e-03,1.000000000000000000e+00,1.000000000000000000e+00,2.248660697653779618e-04,1.443846562133919639e-03,-5.321622113335593325e-03,2.017024450037429488e-04,3.310988388390639220e-02,1.972856207451070473e-02,9.875682094881428619e-02,5.857151068357341339e-02,2.396770612828776059e-04,1.436147459927759103e-03,-3.545304992397878708e-03,-1.499465238765831064e-03,-3.854722098589902506e-04,5.153917607957073837e-04,-4.011987129821304593e-03,6.052111187908646751e-03
4.395000000000000018e-01,0.000000000000000000e+00,1.469221084989304812e-03,2.921217348165823253e-03,1.472243955348117705e-03,2.937057009258818401e-03,1.000000000000000000e+00,1.000000000000000000e+00,2.219044070084983918e-04,1.444399166347640597e-03,-5.923325513759113495e-03,1.105208427441933729e-03,3.547944457573855292e-02,1.709060069773097115e-02,1.063974066286616366e-01,5.000791386757424267e-02,2.377625717915560568e-04,1.435609448347262328e-03,-4.111483376416831710e-03,-6.541988670174449672e-04,-3.854722098589902506e-04,5.153917607957073837e-04,-2.714891470417219160e-03,4.853595426940494721e-03
4.400000000000000022e-01,0.000000000000000000e+00,1.465085896551436041e-03,2.922133940111891481e-03,1.468958195741157033e-03,2.936403946516575377e-03,1.000000000000000000e+00,1.000000000000000000e+00,2.187366688844192078e-04,1.445315758293709042e-03,-6.335476248158358921e-03,1.833183892137012650e-03,4.077196906307690993e-02,1.239646636284851694e-02,1.247113170999172987e-01,3.434249378766941058e-02,2.257665958483216306e-04,1.436350886671805722e-03,-5.603690242530099015e-03,1.192845559162635351e-04,-9.596975831376451291e-05,4.889184931071289923e-04,1.378979962818153993e-07,2.814677176914831980e-03
4.405000000000000027e-01,0.000000000000000000e+00,1.460950452042518357e-03,2.923263467962125377e-03,1.465669692448403044e-03,2.935740646519306891e-03,1.000000000000000000e+00,1.000000000000000000e+00,2.155687345985360197e-04,1.446445286143942504e-03,-6.335868571766383080e-03,2.259055700467076967e-03,4.190623179182901420e-02,1.102807411163311650e-02,1.245981828889776571e-01,3.321847392849006098e-02,2.229656635787220721e-04,1.436504355379170659e-03,-5.599940254152543928e-03,4.938585541481335358e-04,-9.596975831376451291e-05,4.889184931071289923e-04,6.029144550795765287e-04,2.198410783514181521e-03
4.410000000000000031e-01,0.000000000000000000e+00,1.456872050677046442e-03,2.924560558465243328e-03,1.462378613262132988e-03,2.935066787012460040e-03,1.000000000000000000e+00,1.000000000000000000e+00,2.124444978957073301e-04,1.447742376647060672e-03,-6.248473405657403550e-03,2.594181006236306701e-03,4.278712001552703592e-02,9.884077903794414102e-03,1.270971318634233904e-01,3.008785067893724602e-02,2.201884353970922541e-04,1.436822712480822313e-03,-5.509043675443389514e-03,7.790052108831703416e-04,-9.596975831376451291e-05,4.889184931071289923e-04,1.064921160585046702e-03,1.685484479182627286e-03
4.415000000000000036e-01,0.000000000000000000e+00,1.452894624684319177e-03,2.925987360483002508e-03,1.459085128193508482e-03,2.934382067759612727e-03,1.000000000000000000e+00,1.000000000000000000e+00,2.093976128160616773e-04,1.449169178664819852e-03,-6.093770159291311134e-03,2.853604035518307516e-03,4.345582834208083778e-02,8.933711652936104919e-03,1.290238873740205405e-01,2.748510515164446361e-02,2.174733867450980604e-04,1.437264987965219563e-03,-5.351353929736579057e-03,9.896717437157659652e-04,-9.596975831376451291e-05,4.889184931071289923e-04,1.409472107133723055e-03,1.261539456328905108e-03
4.420000000000000040e-01,0.000000000000000000e+00,1.449050953637820958e-03,2.927512500218847416e-03,1.455789404062574066e-03,2.933686222883476451e-03,1.000000000000000000e+00,1.000000000000000000e+00,2.064531899697144351e-04,1.450694318400664543e-03,-5.888845692694504377e-03,3.050279471689348529e-03,5.107118225980260967e-02,1.620858957614974491e-02,1.581367061784888506e-01,5.663413404871228685e-02,2.000738883059197278e-04,1.427455389126681398e-03,-6.815510889878384840e-03,-3.128852169637119131e-05,3.385075328727659219e-04,7.930154158631813437e-04,5.253794536148184008e-03,4.256413882384121189e-03
4.425000000000000044e-01,0.000000000000000000e+00,1.445721452817782474e-03,2.929362038120637314e-03,1.452491599088179437e-03,2.932979033207045241e-03,1.000000000000000000e+00,1.000000000000000000e+00,2.039026443681638890e-04,1.452543856302454875e-03,-5.101091203101107419e-03,3.699075803580529828e-03,5.029372946208439388e-02,1.417508947492105223e-02,1.490324315126194954e-01,4.280546339719170507e-02,1.968531635297238679e-04,1.427582847094042637e-03,-6.068713784932179035e-03,5.400084081357405062e-04,3.385075328727659219e-04,7.930154158631813437e-04,4.791443184542520418e-03,3.339655311978789991e-03
4.430000000000000049e-01,0.000000000000000000e+00,1.442861570018901364e-03,2.931468435242893817e-03,1.449191857477908621e-03,2.932260338594757168e-03,1.000000000000000000e+00,1.000000000000000000e+00,2.017118470421093662e-04,1.454650253424711161e-03,-4.381594652109022971e-03,4.212794244512552307e-03,4.955882659149089819e-02,1.247190988619286713e-02,1.472219653936783501e-01,3.814774552759468002e-02,1.939889883399492697e-04,1.427962631155098088e-03,-5.389195632679763884e-03,9.782641496584078018e-04,3.385075328727659219e-04,7.930154158631813437e-04,4.356318261948545836e-03,2.575110273736460394e-03
4.435000000000000053e-01,0.000000000000000000e+00,1.440429349625688875e-03,2.933775233046750745e-03,1.445890304018001334e-03,2.931530050293643282e-03,1.000000000000000000e+00,1.000000000000000000e+00,1.998486581254482373e-04,1.456957051228568306e-03,-3.726377833322264826e-03,4.613595607714471476e-03,4.886877062442929187e-02,1.105406275531804761e-02,1.455154000797569958e-01,3.426761826712907549e-02,1.914487119383615496e-04,1.428533735067060448e-03,-4.773008138520773436e-03,1.305495745057629140e-03,3.385075328727659219e-04,7.930154158631813437e-04,3.949370022131821339e-03,1.941771419196811933e-03
4.440000000000000058e-01,0.000000000000000000e+00,1.438385522256360478e-03,2.936235524854051426e-03,1.442587038663279992e-03,2.930788163274488690e-03,1.000000000000000000e+00,1.000000000000000000e+00,1.982829955264798930e-04,1.459417343035868770e-03,-3.131325197936677372e-03,4.920583614600973488e-03,4.541765419565946260e-02,2.403902016348118901e-03,1.330157570402923373e-01,2.015718286989204647e-03,1.873998770164832933e-04,1.435244774586257347e-03,-4.419914665398191021e-03,2.219421921424647153e-03,3.914893770465240671e-04,6.166055588793398299e-04,2.064653536363666650e-03,-1.712182282199852489e-03
4.445000000000000062e-01,0.000000000000000000e+00,1.436552899966854523e-03,2.938576885543853125e-03,1.439282131127073670e-03,2.930034768572981063e-03,1.000000000000000000e+00,1.000000000000000000e+00,1.968791254052677233e-04,1.461758703725670469e-03,-2.807740242424353570e-03,4.682721379603333074e-03,4.549561296117508868e-02,2.870005713386288102e-03,1.364354889188502951e-01,1.110790841423743049e-02,1.852607195555277088e-04,1.436282097268189910e-03,-4.137182270035330567e-03,1.930389745901062290e-03,3.914893770465240671e-04,6.166055588793398299e-04,2.089475751351156565e-03,-1.487783848253950922e-03
4.450000000000000067e-01,0.000000000000000000e+00,1.434933140443587531e-03,2.940815000694795185e-03,1.435975615471145545e-03,2.929270065630875178e-03,1.000000000000000000e+00,1.000000000000000000e+00,1.956383176232799582e-04,1.463996818876612529e-03,-2.481615563975541564e-03,4.476230301884044117e-03,4.550678659844813179e-02,3.294497281198533606e-03,1.365845597884793594e-01,1.226978967225903633e-02,1.832637179161977054e-04,1.437182940798360179e-03,-3.851302849956018352e-03,1.673448280622194875e-03,3.914893770465240671e-04,6.166055588793398299e-04,2.078511579373055508e-03,-1.283670150989791627e-03
4.455000000000000071e-01,0.000000000000000000e+00,1.433524511981048091e-03,2.942964084610222644e-03,1.432667484695616207e-03,2.928494374637141857e-03,1.000000000000000000e+00,1.000000000000000000e+00,1.945592456171324188e-04,1.466145902792040205e-03,-2.158144012295082782e-03,4.298167830855152347e-03,4.546550298605418761e-02,3.679748280720357163e-03,1.365855152159023145e-01,1.332702279995165787e-02,1.814091518201693079e-04,1.437962617234862491e-03,-3.567441568438377720e-03,1.445669433429162039e-03,3.914893770465240671e-04,6.166055588793398299e-04,2.039738366898791438e-03,-1.098611581783910966e-03
4.460000000000000075e-01,0.000000000000000000e+00,1.432322650926861219e-03,2.945036969937836913e-03,1.429357685328889148e-03,2.927708148869124713e-03,1.000000000000000000e+00,1.000000000000000000e+00,1.936385666351714740e-04,1.468218788119654257e-03,-1.841357963921889202e-03,4.145770655228181618e-03,4.221652289751756659e-02,-7.911598717396172570e-03,1.241701171538368287e-01,-3.208424658503335886e-02,1.822883485535973212e-04,1.460148416336210604e-03,-2.996212429837026049e-03,3.678222528094833577e-03,3.152329312038629140e-04,-1.598962783803080717e-05,3.362353828356438781e-04,-5.799470820613334375e-03
4.465000000000000080e-01,0.000000000000000000e+00,1.431162512985840801e-03,2.946672019339753763e-03,1.426046112017577113e-03,2.926911987033698186e-03,1.000000000000000000e+00,1.000000000000000000e+00,1.927498494122013362e-04,1.469853837521570891e-03,-1.777434445940261759e-03,3.270098803833213462e-03,3.970690934936394606e-02,-1.599732653987800610e-02,1.172309140190581633e-01,-5.396799385967913920e-02,1.807987642585530083e-04,1.461771811463397075e-03,-2.962134500530438225e-03,2.816965736294878200e-03,3.152329312038629140e-04,-1.598962783803080717e-05,-9.873516962918009367e-04,-9.211216331849639283e-03
4.470000000000000084e-01,0.000000000000000000e+00,1.429918011057121872e-03,2.947621418574155033e-03,1.422732602116425632e-03,2.926106645608419522e-03,1.000000000000000000e+00,1.000000000000000000e+00,1.917965056252553876e-04,1.470803236755972377e-03,-1.906687573891876521e-03,1.898798468802849991e-03,4.076446626931012895e-02,-1.188376837353307368e-02,1.234122047703574282e-01,-3.167962095701046948e-02,1.792782318967286808e-04,1.462841118135673434e-03,-3.119632256134860938e-03,1.462844812339484778e-03,3.152329312038629140e-04,-1.598962783803080717e-05,-4.118553670726770840e-04,-7.336255968108718918e-03
4.475000000000000089e-01,0.000000000000000000e+00,1.428643251584853268e-03,2.948021602230043933e-03,1.419416930278240025e-03,2.925293051182685511e-03,1.000000000000000000e+00,1.000000000000000000e+00,1.908199832152106951e-04,1.471203420411861277e-03,-1.953044820089385207e-03,8.003673117778396188e-04,4.161403889911317183e-02,-8.395515716099061221e-03,1.257843806226804639e-01,-2.211641593626844510e-02,1.776997096393177072e-04,1.463301273596394206e-03,-3.194252506963504018e-03,3.798584549258589814e-04,3.152329312038629140e-04,-1.598962783803080717e-05,4.726596525050257621e-05,-5.750878473886669555e-03
4.480000000000000093e-01,0.000000000000000000e+00,1.427381295133676748e-03,2.947987936746045319e-03,1.416098803043808717e-03,2.924472312798890965e-03,1.000000000000000000e+00,1.000000000000000000e+00,1.898532684883287103e-04,1.471169754927862663e-03,-1.933429453763993574e-03,-6.733096799716690051e-05,3.295703860030840121e-02,-1.482759722935897244e-02,9.144864444409110671e-02,-5.044738942658056474e-02,1.985249836055197315e-04,1.480510701588290054e-03,-6.658128243327995043e-04,1.475828821883703231e-03,-3.441547493413747564e-04,-5.227310917445320221e-04,-4.269003212510373395e-03,-8.274728783455651340e-03
4.485000000000000098e-01,0.000000000000000000e+00,1.425698413850509834e-03,2.947324435539046099e-03,1.412777853431830674e-03,2.923645734293578522e-03,1.000000000000000000e+00,1.000000000000000000e+00,1.885641066329297598e-04,1.470506253720863226e-03,-2.578323710797900993e-03,-1.327002413998749648e-03,2.398347282493562202e-02,-1.905781538588318877e-02,6.364793186118451740e-02,-6.192705364631351239e-02,1.980397813602268245e-04,1.480948829269374684e-03,-1.273799550068128138e-03,2.789848139804122860e-04,-3.441547493413747564e-04,-5.227310917445320221e-04,-8.961201129575574464e-03,-1.000194582456223266e-02
4.490000000000000102e-01,0.000000000000000000e+00,1.423150110788444804e-03,2.945906281738601938e-03,1.409453635770154152e-03,2.922814825977161808e-03,1.000000000000000000e+00,1.000000000000000000e+00,1.866119932328518330e-04,1.469088099920419499e-03,-3.904226800155866269e-03,-2.836307600887399451e-03,2.678553766538901287e-02,-1.451328231319518394e-02,8.149036709946956558e-02,-4.131556795409366267e-02,1.970808465803994280e-04,1.480726135428915829e-03,-2.559411829972812850e-03,-1.166949557393902976e-03,-3.441547493413747564e-04,-5.227310917445320221e-04,-7.379978060201580412e-03,-7.934475462610167049e-03
4.495000000000000107e-01,0.000000000000000000e+00,1.419887123397328699e-03,2.943884450852771260e-03,1.406125626136623492e-03,2.921981300938041991e-03,1.000000000000000000e+00,1.000000000000000000e+00,1.841123998739200294e-04,1.467066269034588604e-03,-4.999186717863632334e-03,-4.043661771661918002e-03,3.037526681360128503e-02,-1.013388638982443656e-02,9.246139545227059775e-02,-2.870621585978803958e-02,1.955364571362740178e-04,1.479855432321155410e-03,-3.616039851148420553e-03,-2.313607759971848983e-03,-3.441547493413747564e-04,-5.227310917445320221e-04,-5.400053938746612707e-03,-5.960829404103467656e-03
4.500000000000000111e-01,0.000000000000000000e+00,1.416097979949564696e-03,2.941403069927436657e-03,1.402793236064750048e-03,2.921147034988592558e-03,1.000000000000000000e+00,1.000000000000000000e+00,1.812097475915796986e-04,1.464584888109254218e-03,-5.805304564680672727e-03,-4.962761850668861302e-03,3.058196498565812771e-02,-4.433907086975693093e-03,8.977402045149825149e-02,-1.070322608456054231e-02,1.915243500181538832e-04,1.474702228132921452e-03,-4.613637752318160319e-03,-3.602315819834058745e-03,-2.850166027027859232e-04,-4.115599327602157266e-04,-5.227061531080635058e-03,-3.589528183021232968e-03
4.505000000000000115e-01,0.000000000000000000e+00,1.411799583851669091e-03,2.938645917138580504e-03,1.399455831114862665e-03,2.920314013275087002e-03,1.000000000000000000e+00,1.000000000000000000e+00,1.779169851464625302e-04,1.461827735320398065e-03,-6.585524890234348630e-03,-5.514305577712476543e-03,3.370261014566378749e-02,-1.722624934186552190e-03,1.013050615830497631e-01,-5.276575627501030666e-03,1.890295586198496869e-04,1.472774138662352478e-03,-5.363979408310869113e-03,-4.108987275697339667e-03,-2.850166027027859232e-04,-4.115599327602157266e-04,-3.517274083470842572e-03,-2.382083227138053275e-03
4.510000000000000120e-01,0.000000000000000000e+00,1.407154690570893742e-03,2.935701253033156689e-03,1.396112749611939713e-03,2.919484276430856472e-03,1.000000000000000000e+00,1.000000000000000000e+00,1.743587904598439559e-04,1.458883071214974250e-03,-7.116389373237150262e-03,-5.889328210847609435e-03,3.625929996860950688e-02,4.935149089609154518e-04,1.082900557196016383e-01,8.543588567525523068e-04,1.862215693345466887e-04,1.470636500792249675e-03,-5.866896969142880447e-03,-4.440840294929477260e-03,-2.850166027027859232e-04,-4.115599327602157266e-04,-2.124478275566239922e-03,-1.401161496488713800e-03
4.515000000000000124e-01,0.000000000000000000e+00,1.402295947776999261e-03,2.932640857423743364e-03,1.392763321383416828e-03,2.918659866729408393e-03,1.000000000000000000e+00,1.000000000000000000e+00,1.706367775420366130e-04,1.455822675605560924e-03,-7.444025835614676359e-03,-6.120791218826449574e-03,3.833436742073808440e-02,2.287237268413157710e-03,1.139933432522016177e-01,5.829191317904694816e-03,1.832126128908128152e-04,1.468368519825944503e-03,-6.168231113479832016e-03,-4.630630051572388883e-03,-2.850166027027859232e-04,-4.115599327602157266e-04,-1.001722483215291594e-03,-6.129992136741009047e-04
4.520000000000000129e-01,0.000000000000000000e+00,1.397330355336250454e-03,2.929522485906679852e-03,1.389406886497018302e-03,2.917842774237579349e-03,1.000000000000000000e+00,1.000000000000000000e+00,1.668329130460075114e-04,1.452704304088497196e-03,-7.607728992058214457e-03,-6.236743034127487616e-03,3.887112518891380764e-02,1.483829551489976133e-02,1.142200736444936027e-01,5.299214130674363005e-02,1.753077639421948028e-04,1.443402867162923596e-03,-6.848489437339409618e-03,-7.266631857145029391e-03,-1.442875350744858272e-04,2.539091872126044932e-04,-7.274314622410526805e-04,4.379471560983764014e-03
4.525000000000000133e-01,0.000000000000000000e+00,1.392286610603071101e-03,2.926739450359507749e-03,1.386042813998564389e-03,2.917034882968653695e-03,1.000000000000000000e+00,1.000000000000000000e+00,1.629691804206446831e-04,1.449921268541325093e-03,-7.727465250725635768e-03,-5.566071094344151107e-03,4.098975510122575966e-02,2.339221601217935514e-02,1.219266710083071886e-01,7.578675821660479928e-02,1.718563112501093882e-04,1.439930954980794386e-03,-6.956980643647922916e-03,-6.622134692853818595e-03,-1.442875350744858272e-04,2.539091872126044932e-04,4.046738196445786966e-04,8.013357099664573935e-03
4.530000000000000138e-01,0.000000000000000000e+00,1.387272339054263989e-03,2.924555520428364155e-03,1.382670520649805727e-03,2.916237917035523382e-03,1.000000000000000000e+00,1.000000000000000000e+00,1.591280255643915309e-04,1.447737338610181716e-03,-7.682309712506281418e-03,-4.367859862286713364e-03,4.225207705926816576e-02,2.088903393243855822e-02,1.250443570692811035e-01,5.927842113194362050e-02,1.683916213805288398e-04,1.436912773886503533e-03,-6.901754928417854276e-03,-5.452741893754621191e-03,-1.442875350744858272e-04,2.539091872126044932e-04,1.071570220079439469e-03,6.849343600403088282e-03
4.535000000000000142e-01,0.000000000000000000e+00,1.382351009710887889e-03,2.922885740234717339e-03,1.379289489666228694e-03,2.915453386803800069e-03,1.000000000000000000e+00,1.000000000000000000e+00,1.553580685681397989e-04,1.446067558416534683e-03,-7.539913992503437593e-03,-3.339560387294008593e-03,4.322347462413267394e-02,1.869215737936516519e-02,1.278145403105048206e-01,5.332560656245657893e-02,1.649787092954585542e-04,1.434437095358837141e-03,-6.750058421508393913e-03,-4.451818436427654180e-03,-1.442875350744858272e-04,2.539091872126044932e-04,1.577086155141108406e-03,5.829625394086363974e-03
4.540000000000000147e-01,0.000000000000000000e+00,1.377570767520037379e-03,2.921655657069500804e-03,1.375899289454886147e-03,2.914682535044969738e-03,1.000000000000000000e+00,1.000000000000000000e+00,1.516961906010759573e-04,1.444837475251318365e-03,-7.323755934127687030e-03,-2.460166330432704378e-03,4.363710200453008170e-02,6.582511953839044298e-03,1.287058381454592726e-01,8.549444197978605525e-03,1.557199988944872170e-04,1.458459214828121278e-03,-7.197243269413243320e-03,-6.531011671185550042e-04,3.037547240867448877e-05,-5.116219215105135935e-04,1.738377768585783276e-03,8.322275696749023566e-04
4.545000000000000151e-01,0.000000000000000000e+00,1.372951236913998911e-03,2.920481809819470975e-03,1.372499592352211233e-03,2.913926283089521285e-03,1.000000000000000000e+00,1.000000000000000000e+00,1.481574248505021345e-04,1.443663628001288319e-03,-7.077531501147640500e-03,-2.347694500060145198e-03,4.450484516272735364e-02,-4.962788323152354797e-03,1.318527917521692683e-01,-2.590268584393950677e-02,1.521810696526866796e-04,1.458173196394724159e-03,-6.958802055313507290e-03,-4.912753739943654264e-04,3.037547240867448877e-05,-5.116219215105135935e-04,2.183637605000965983e-03,-4.147907335935137503e-03
4.550000000000000155e-01,0.000000000000000000e+00,1.368534547446630589e-03,2.919002828493016781e-03,1.369090193361840319e-03,2.913185176980087263e-03,1.000000000000000000e+00,1.000000000000000000e+00,1.447740444270425501e-04,1.442184646674834342e-03,-6.766760846919192031e-03,-2.957962652908152201e-03,4.536584006982163214e-02,-7.215288877414335889e-03,1.346199637036708252e-01,-2.505732595190785991e-02,1.487774553591535165e-04,1.457787911287576751e-03,-6.656113101302072593e-03,-1.048770076668288555e-03,3.037547240867448877e-05,-5.116219215105135935e-04,2.620004211283895757e-03,-5.073952436504353125e-03
4.555000000000000160e-01,0.000000000000000000e+00,1.364361977704413656e-03,2.917152026773736986e-03,1.365671028892430708e-03,2.912459333624575070e-03,1.000000000000000000e+00,1.000000000000000000e+00,1.415776705624907509e-04,1.440333844955554330e-03,-6.392747729103597648e-03,-3.701603438559966045e-03,4.566471200149271881e-02,-4.488014166069710306e-03,1.352432000392112255e-01,-1.286246441017140085e-02,1.455409565995521403e-04,1.457090455524411889e-03,-6.290468242749733090e-03,-1.739687629113552229e-03,3.037547240867448877e-05,-5.116219215105135935e-04,2.754236872213007298e-03,-3.847183569064833997e-03
4.560000000000000164e-01,0.000000000000000000e+00,1.360446135841390835e-03,2.915019179145566901e-03,1.362242195495482269e-03,2.911748386949312029e-03,1.000000000000000000e+00,1.000000000000000000e+00,1.385779616631895353e-04,1.438200997327384462e-03,-5.999417798602415045e-03,-4.265695256339871108e-03,4.885549847858833283e-02,6.971043948805208564e-03,1.475877134630080301e-01,2.906985992023691789e-02,1.309298634157432322e-04,1.439829807956979424e-03,-7.213629554113800031e-03,-4.092758852928387800e-03,3.703600823655565119e-04,-3.343562906173418186e-05,4.289468664466657317e-03,9.112892262817615802e-04
4.565000000000000169e-01,0.000000000000000000e+00,1.356944341334824456e-03,2.912965960679832992e-03,1.358803968603156673e-03,2.911051434052173547e-03,1.000000000000000000e+00,1.000000000000000000e+00,1.358954314404898600e-04,1.436147778861650336e-03,-5.365060445399355039e-03,-4.106436931468177530e-03,4.994990200641216682e-02,1.254702774937240667e-02,1.494491615506675086e-01,4.101143588255255074e-02,1.274716336923891304e-04,1.437823744922418420e-03,-6.620308499195980655e-03,-3.931729547595085722e-03,3.703600823655565119e-04,-3.343562906173418186e-05,4.828299588155789135e-03,3.299514021751089130e-03
4.570000000000000173e-01,0.000000000000000000e+00,1.353907007104125778e-03,2.911165955997147611e-03,1.355356821266096631e-03,2.910366981355724716e-03,1.000000000000000000e+00,1.000000000000000000e+00,1.335686984311679681e-04,1.434347774178964955e-03,-4.653466018643769020e-03,-3.600009365370895366e-03,4.935302163939658121e-02,1.173218057879761751e-02,1.465726253553228664e-01,3.330464928144255543e-02,1.243294559994204422e-04,1.435984643298112004e-03,-5.949583384491180689e-03,-3.425588344024404694e-03,3.703600823655565119e-04,-3.343562906173418186e-05,4.467265505057850354e-03,2.911464233526023931e-03
4.575000000000000178e-01,0.000000000000000000e+00,1.351299172654082253e-03,2.909590956716222830e-03,1.351901442793815690e-03,2.909692891055988724e-03,1.000000000000000000e+00,1.000000000000000000e+00,1.315709813421378569e-04,1.432772774898040174e-03,-3.995434178060245332e-03,-3.149998561849392739e-03,4.877178320909306836e-02,1.099005483567315651e-02,1.451723326703018291e-01,3.131162371638684244e-02,1.215094601671348707e-04,1.434384560995365099e-03,-5.331491229920037704e-03,-2.975552562456165208e-03,3.703600823655565119e-04,-3.343562906173418186e-05,4.118133210133815246e-03,2.558790468250527351e-03
4.580000000000000182e-01,0.000000000000000000e+00,1.349087018986056983e-03,2.908215329864169418e-03,1.348438751184196207e-03,2.909026346416833039e-03,1.000000000000000000e+00,1.000000000000000000e+00,1.298763733174218581e-04,1.431397148045986546e-03,-3.389216049431994539e-03,-2.751253704107246411e-03,4.313718192485753444e-02,1.002407586166438255e-02,1.241057794100249856e-01,2.836510090883249263e-02,1.198247935566170076e-04,1.431821918175478579e-03,-4.669375833750898964e-03,-2.709416953565972792e-03,3.456886455378440737e-04,1.109278424969020930e-06,1.078930535837439170e-03,2.234107087961822655e-03
4.585000000000000187e-01,0.000000000000000000e+00,1.346983898308676741e-03,2.907006721374273857e-03,1.344969879598666585e-03,2.908363895817128123e-03,1.000000000000000000e+00,1.000000000000000000e+00,1.282652894093061372e-04,1.430188539556091201e-03,-3.222167816231420734e-03,-2.417216979790886254e-03,4.369964243335148352e-02,9.523781331750457227e-03,1.311884387811604047e-01,2.739040391249734571e-02,1.175235117510273707e-04,1.430550235593047292e-03,-4.535923051412037686e-03,-2.377907779025790341e-03,3.456886455378440737e-04,1.109278424969020930e-06,1.371292442062627907e-03,1.994529004524474205e-03
4.590000000000000191e-01,0.000000000000000000e+00,1.345016960914825668e-03,2.905947689454530664e-03,1.341496146384294191e-03,2.907701546721296222e-03,1.000000000000000000e+00,1.000000000000000000e+00,1.267585279487837117e-04,1.429129507636348008e-03,-3.013522921044836135e-03,-2.118063839486509278e-03,4.411349785669954615e-02,9.063678513619806767e-03,1.324257478945070621e-01,2.615925916317460645e-02,1.152994502130715303e-04,1.429435628245524781e-03,-4.360578866435144488e-03,-2.081054786664807664e-03,3.456886455378440737e-04,1.109278424969020930e-06,1.581683006465078867e-03,1.774752788155362256e-03
4.595000000000000195e-01,0.000000000000000000e+00,1.343205580733388338e-03,2.905022234361421055e-03,1.338019023815739065e-03,2.907034863534117657e-03,1.000000000000000000e+00,1.000000000000000000e+00,1.253709302264177324e-04,1.428204052543238182e-03,-2.775195444731952486e-03,-1.850910186219725286e-03,4.440452266795624769e-02,8.642263347996080591e-03,1.333285582803674096e-01,2.503029203344665082e-02,1.131705879452853553e-04,1.428461485517277651e-03,-4.155187798860406935e-03,-1.815992999222719537e-03,3.456886455378440737e-04,1.109278424969020930e-06,1.724628256900925631e-03,1.573929213399078092e-03
4.600000000000000200e-01,0.000000000000000000e+00,1.341562734875588470e-03,2.904215736436353661e-03,1.334540106836786758e-03,2.906359065456836852e-03,1.000000000000000000e+00,1.000000000000000000e+00,1.241124372861491111e-04,1.427397554618171005e-03,-2.516985880537254017e-03,-1.612995850134276658e-03,3.746957668503593519e-02,6.619950257969624274e-03,1.062835079268643346e-01,1.763838008678373509e-02,1.148172354495006033e-04,1.427162554091409305e-03,-3.514545315950733453e-03,-1.630896248428254048e-03,2.378401800334688048e-04,1.434270283927658987e-05,-1.975266467565470977e-03,9.320851152887750860e-04
4.605000000000000204e-01,0.000000000000000000e+00,1.339739204023142512e-03,2.903463696353820317e-03,1.331061081801880076e-03,2.905669124343267067e-03,1.000000000000000000e+00,1.000000000000000000e+00,1.227155316097769172e-04,1.426645514535637661e-03,-2.793811352744406378e-03,-1.504080165066538650e-03,3.904186801398983053e-02,6.649568545156027757e-03,1.181636500054962374e-01,1.952661725025657546e-02,1.129858621939111861e-04,1.426373790712830375e-03,-3.810305318385435146e-03,-1.524333974330398158e-03,2.378401800334688048e-04,1.434270283927658987e-05,-1.117061383872697006e-03,9.376406155538443343e-04
4.610000000000000209e-01,0.000000000000000000e+00,1.337816068848275957e-03,2.902766491865087922e-03,1.327583695217653646e-03,2.904959862555902932e-03,1.000000000000000000e+00,1.000000000000000000e+00,1.212423245957036031e-04,1.425948310046905483e-03,-2.946414028146634827e-03,-1.394408977464206773e-03,4.031568539266038725e-02,6.649685339167550613e-03,1.216879317636235108e-01,1.954895314332578266e-02,1.110376264703984394e-04,1.425638504499805552e-03,-3.982230761154238394e-03,-1.416991119906226481e-03,2.378401800334688048e-04,1.434270283927658987e-05,-4.261770831148062929e-04,9.303613505383818419e-04
4.615000000000000213e-01,0.000000000000000000e+00,1.335858524753675072e-03,2.902123568040910692e-03,1.324109722484465013e-03,2.904226050822016070e-03,1.000000000000000000e+00,1.000000000000000000e+00,1.197427588198742791e-04,1.425305386222728036e-03,-2.999131551658640576e-03,-1.285847648355050755e-03,4.133584877104887895e-02,6.626704846109437476e-03,1.245346522996684524e-01,1.950629395667455648e-02,1.090283869673942043e-04,1.424956621205638371e-03,-4.054511241663407393e-03,-1.310722235690939480e-03,2.378401800334688048e-04,1.434270283927658987e-05,1.228932636346195643e-04,9.131495406525485907e-04
4.620000000000000218e-01,0.000000000000000000e+00,1.333918304705886300e-03,2.901533648343472202e-03,1.320640936637925301e-03,2.903462506089762862e-03,1.000000000000000000e+00,1.000000000000000000e+00,1.182564640338377635e-04,1.424715466525289763e-03,-2.972589572073026844e-03,-1.179839394876443194e-03,3.717252737526149237e-02,1.552228162770947877e-02,1.075088699920433016e-01,5.411890106918923471e-02,1.080357431768977529e-04,1.411881951881964557e-03,-3.930789077882588037e-03,-2.614961216635257758e-03,2.074677109557547419e-04,3.802929092364836406e-04,-2.134971058856388777e-03,4.849119800087705115e-03
4.625000000000000222e-01,0.000000000000000000e+00,1.331786841780076150e-03,2.901274215200232327e-03,1.317179077090433782e-03,2.902664189384294817e-03,1.000000000000000000e+00,1.000000000000000000e+00,1.166236687038066676e-04,1.424456033382049671e-03,-3.265590660062201583e-03,-5.188662864801120824e-04,3.886494391090331013e-02,1.396130357817627551e-02,1.174809692699747415e-01,4.074705610935978883e-02,1.059932613848323302e-04,1.410730214129052610e-03,-4.238464632231415605e-03,-1.993151329814302035e-03,2.074677109557547419e-04,3.802929092364836406e-04,-1.212351155645731513e-03,4.131707417379187723e-03
4.630000000000000226e-01,0.000000000000000000e+00,1.329551392686238558e-03,2.901292666678713730e-03,1.313725818372708538e-03,2.901826303663855057e-03,1.000000000000000000e+00,1.000000000000000000e+00,1.149112153475969711e-04,1.424474484860531074e-03,-3.424906712419392273e-03,3.690295696282778082e-05,4.023420330644088966e-02,1.261446126854560632e-02,1.212698239424649660e-01,3.708794264307205962e-02,1.038303021211196668e-04,1.409863340179911282e-03,-4.412952527557544892e-03,-1.475315266784580151e-03,2.074677109557547419e-04,3.802929092364836406e-04,-4.708220081436876280e-04,3.514203278764431709e-03
4.635000000000000231e-01,0.000000000000000000e+00,1.327282020901338977e-03,2.901543673819974561e-03,1.310282738875320156e-03,2.900944391675891725e-03,1.000000000000000000e+00,1.000000000000000000e+00,1.131727757024037520e-04,1.424725492001791905e-03,-3.476879290386450556e-03,5.020142825214859777e-04,4.132898745300761512e-02,1.145640110375274572e-02,1.243252645381419247e-01,3.394020648823967146e-02,1.016069018281617518e-04,1.409232962544702426e-03,-4.480433842514683698e-03,-1.047001518319451473e-03,2.074677109557547419e-04,3.802929092364836406e-04,1.173146133406583001e-04,2.984627399818331767e-03
4.640000000000000235e-01,0.000000000000000000e+00,1.325034227645763892e-03,2.901988308779800650e-03,1.306851289590223045e-03,2.900014433813155774e-03,1.000000000000000000e+00,1.000000000000000000e+00,1.114508661696901295e-04,1.425170126961617777e-03,-3.443819065427237720e-03,8.892699196516862248e-04,3.179977720706694128e-02,1.268629902910339488e-02,8.639993408220868198e-02,3.987184922588803832e-02,1.119535972447435870e-04,1.402144766762704895e-03,-3.039552203991088830e-03,-1.448149198883510276e-03,-1.625196174003179300e-04,5.759147584024712106e-04,-4.840901027935170554e-03,3.629683718760894420e-03
4.645000000000000240e-01,0.000000000000000000e+00,1.322330596435261022e-03,2.902662710208355965e-03,1.303432762852288051e-03,2.899032945969812636e-03,1.000000000000000000e+00,1.000000000000000000e+00,1.093797645046414344e-04,1.425844528390173309e-03,-4.142203330097377068e-03,1.348802857111114795e-03,3.110262721222573773e-02,1.212292097124230070e-02,9.145833205231602980e-02,3.683159636918456603e-02,1.102646137196660025e-04,1.401522366565140535e-03,-3.715009041600561123e-03,-1.042214766282412164e-03,-1.625196174003179300e-04,5.759147584024712106e-04,-5.154041280553273152e-03,3.358440679459099090e-03
4.650000000000000244e-01,0.000000000000000000e+00,1.319141806502481572e-03,2.903546521523637982e-03,1.300028261080833983e-03,2.897997077397541747e-03,1.000000000000000000e+00,1.000000000000000000e+00,1.069370096963619007e-04,1.426728339705455326e-03,-4.885509616559067375e-03,1.767622630564244859e-03,3.395210195617968246e-02,1.107498726351119692e-02,1.027273130366138654e-01,3.342283302041375997e-02,1.082266331736061332e-04,1.401093019332669970e-03,-4.435439939918782784e-03,-6.758679138775305342e-04,-1.625196174003179300e-04,5.759147584024712106e-04,-3.590061601846752850e-03,2.881617144912156005e-03
4.655000000000000249e-01,0.000000000000000000e+00,1.315616621518026635e-03,2.904604454286142425e-03,1.296638665521161532e-03,2.896904708561646048e-03,1.000000000000000000e+00,1.000000000000000000e+00,1.042365613280537775e-04,1.427786272467959985e-03,-5.400896736616235538e-03,2.115865525009195166e-03,3.629282059575682229e-02,1.018183991430207831e-02,1.091132094836709948e-01,3.099850026440623130e-02,1.058851139126351773e-04,1.400829492307606710e-03,-4.929590957878244792e-03,-3.788059299069142368e-04,-1.625196174003179300e-04,5.759147584024712106e-04,-2.312267360784424266e-03,2.476585120424409925e-03
4.660000000000000253e-01,0.000000000000000000e+00,1.311876624426976719e-03,2.905806448504999126e-03,1.293264605151981609e-03,2.895754548401275295e-03,1.000000000000000000e+00,1.000000000000000000e+00,1.013715573391738923e-04,1.428988266686816687e-03,-5.730007977759772955e-03,2.403988437713375226e-03,3.730154455528717633e-02,6.074832046800477184e-03,1.108587682988717155e-01,1.593463415715162812e-02,9.934364214676340342e-05,1.400024800307513115e-03,-5.691295338075468523e-03,-2.170016819226629548e-04,-4.492464440401797897e-05,5.957612970136096607e-04,-1.826284498252660985e-03,7.766014076551813403e-04
4.665000000000000258e-01,0.000000000000000000e+00,1.307975274864522485e-03,2.907022327956428065e-03,1.289906433178315869e-03,2.894546204343872130e-03,1.000000000000000000e+00,1.000000000000000000e+00,9.838295018619110262e-05,1.430204146138245409e-03,-5.977214305965585991e-03,2.431758902857285472e-03,3.915751518852989693e-02,6.200785175766531862e-03,1.170750704369689921e-01,1.994172624390467066e-02,9.643811445671385556e-05,1.399910877899327973e-03,-5.930242543558147776e-03,-2.386417075138770150e-04,-4.492464440401797897e-05,5.957612970136096607e-04,-8.230904187461062123e-04,8.350321440630233214e-04
4.670000000000000262e-01,0.000000000000000000e+00,1.304007876813544553e-03,2.908255730011287312e-03,1.286564230258976623e-03,2.893280156293263732e-03,1.000000000000000000e+00,1.000000000000000000e+00,9.534374695559844667e-05,1.431437548193104656e-03,-6.078406461185313636e-03,2.466804109718419638e-03,4.064181259565731452e-02,6.303420027337395051e-03,1.212017692782652312e-01,2.024787583962323750e-02,9.344944893130922023e-05,1.399788165489662889e-03,-6.024124671959311603e-03,-2.521770624120140553e-04,-4.492464440401797897e-05,5.957612970136096607e-04,-2.758446269359891498e-05,8.827602077010580786e-04
4.675000000000000266e-01,0.000000000000000000e+00,1.300050012458460556e-03,2.909509518944461415e-03,1.283237822213372263e-03,2.891957678610379383e-03,1.000000000000000000e+00,1.000000000000000000e+00,9.231184695976767779e-05,1.432691337126278976e-03,-6.063799991661535799e-03,2.507577866348628236e-03,4.181184860846379886e-02,6.386188703023394815e-03,1.244864195943609642e-01,2.049924152054955623e-02,9.044265670606539437e-05,1.399660329369608897e-03,-6.002971594679735318e-03,-2.591490751156445209e-04,-4.492464440401797897e-05,5.957612970136096607e-04,5.928402181532410999e-04,9.213875982866328749e-04
4.680000000000000271e-01,0.000000000000000000e+00,1.296160639314346882e-03,2.910785902495294578e-03,1.279926798630442834e-03,2.890580758853634677e-03,1.000000000000000000e+00,1.000000000000000000e+00,8.933241427550317546e-05,1.433967720677112138e-03,-5.958865368528994469e-03,2.552767101666219771e-03,3.864672465180988420e-02,-5.414560297100736060e-03,1.112507559415562425e-01,-2.538208101185773780e-02,9.528911495798848363e-05,1.430630321000181957e-03,-5.007358943656385619e-03,3.257632641657819215e-03,-2.748753495850770321e-04,-3.187250930328653286e-04,-9.878851088956077872e-04,-3.822166706285658536e-03
4.685000000000000275e-01,0.000000000000000000e+00,1.292180826891233415e-03,2.911715639994563905e-03,1.276630531477652205e-03,2.889152016519116670e-03,1.000000000000000000e+00,1.000000000000000000e+00,8.628370108412121843e-05,1.434897458176381032e-03,-6.097426382763916457e-03,1.859474998537898049e-03,3.610606190327139697e-02,-1.673211378109606268e-02,1.040124514498569491e-01,-5.955994719567176549e-02,9.275783446658631803e-05,1.432096139157213420e-03,-5.117454000292924986e-03,2.606845808913471792e-03,-2.748753495850770321e-04,-3.187250930328653286e-04,-2.318897814749460926e-03,-8.641752287728902276e-03
4.690000000000000280e-01,0.000000000000000000e+00,1.287984788944989247e-03,2.911948925878818199e-03,1.273348193709978281e-03,2.887674621780774234e-03,1.000000000000000000e+00,1.000000000000000000e+00,8.306934953228453178e-05,1.435130744060635543e-03,-6.428703103673368523e-03,4.665717685090400857e-04,3.606107991016682668e-02,-2.134619154102980476e-02,1.058316723020238104e-01,-6.841715708958656661e-02,9.012340356194611273e-05,1.433062191489396960e-03,-5.419584536134758844e-03,1.259937303825542452e-03,-2.748753495850770321e-04,-3.187250930328653286e-04,-2.316465687048966087e-03,-1.052207247881477119e-02
4.695000000000000284e-01,0.000000000000000000e+00,1.283573261808709136e-03,2.911349618651645245e-03,1.270078777878908428e-03,2.886152214230612752e-03,1.000000000000000000e+00,1.000000000000000000e+00,7.968992368386853024e-05,1.434531436833462806e-03,-6.758851696832010245e-03,-1.198614454345342355e-03,3.804547083745570685e-02,-1.589907508131778446e-02,1.134024203686954946e-01,-4.403969811073672053e-02,8.733807402973975918e-05,1.433286820659730038e-03,-5.721044108314334714e-03,-3.582930013564006484e-04,-2.748753495850770321e-04,-3.187250930328653286e-04,-1.242106416515053983e-03,-8.052560681437465756e-03
4.700000000000000289e-01,0.000000000000000000e+00,1.279048670752629298e-03,2.910097717578694759e-03,1.266821114741425568e-03,2.884588821618864520e-03,1.000000000000000000e+00,1.000000000000000000e+00,7.622388584797278055e-05,1.433279535760512320e-03,-6.932075671791509790e-03,-2.503802145901061916e-03,4.341106997850258109e-02,-2.574093687670085326e-02,1.324551094305274623e-01,-8.747345528792241365e-02,7.283621583523333112e-05,1.446174159348061813e-03,-7.179845087974451312e-03,-1.052417135006089143e-04,6.635936809341241914e-05,-7.122289364646059188e-04,1.527440550214045033e-03,-1.221544545033050391e-02
4.705000000000000293e-01,0.000000000000000000e+00,1.274681663880121180e-03,2.907893344812812354e-03,1.263573891869007940e-03,2.882988778594203390e-03,1.000000000000000000e+00,1.000000000000000000e+00,7.287856450022555136e-05,1.431075162994629698e-03,-6.690642695494467690e-03,-4.408745531765264139e-03,4.531936589898147294e-02,-2.129502547237895754e-02,1.354133843155102546e-01,-6.262469713844369401e-02,6.930499212197017565e-05,1.445665255124170762e-03,-6.945370726090250614e-03,-1.926825743231703461e-03,6.635936809341241914e-05,-7.122289364646059188e-04,2.522462796394182860e-03,-1.016084278266356916e-02
4.710000000000000298e-01,0.000000000000000000e+00,1.270566510936043574e-03,2.904886782792293412e-03,1.260335672256613455e-03,2.881356645443907804e-03,1.000000000000000000e+00,1.000000000000000000e+00,6.972617445483020988e-05,1.428068600974110539e-03,-6.304780090790695554e-03,-6.013124041038112912e-03,4.564110671418990933e-02,-1.538019412936936919e-02,1.352376540195585342e-01,-4.413879417713904157e-02,6.592700155050968758e-05,1.444320089035328828e-03,-6.567196799502400019e-03,-3.450834267991308678e-03,6.635936809341241914e-05,-7.122289364646059188e-04,2.667942123463605628e-03,-7.496861169431016589e-03
4.715000000000000302e-01,0.000000000000000000e+00,1.266716869380184792e-03,2.901272568626452227e-03,1.257104912931676644e-03,2.879697126834063724e-03,1.000000000000000000e+00,1.000000000000000000e+00,6.677717793296466880e-05,1.424454386808269571e-03,-5.897993043731068925e-03,-7.228428331681892305e-03,4.582498153825663445e-02,-1.045552400679576957e-02,1.358919283991504301e-01,-3.058497068378678713e-02,6.274334022751580306e-05,1.442309498222420260e-03,-6.168101621182413286e-03,-4.589246772890126849e-03,6.635936809341241914e-05,-7.122289364646059188e-04,2.738637745060421708e-03,-5.288361925594764132e-03
4.720000000000000306e-01,0.000000000000000000e+00,1.263139300576013226e-03,2.897212098697834765e-03,1.253879983563097999e-03,2.878014990549750216e-03,1.000000000000000000e+00,1.000000000000000000e+00,6.403660123065325709e-05,1.420393916879652109e-03,-5.481153404622835131e-03,-8.120939857234856646e-03,4.556274325462471297e-02,-1.482541180455997087e-02,1.349366505056543153e-01,-5.214396828430526570e-02,5.487853777703918708e-05,1.445023201582420168e-03,-6.311356799093752711e-03,-4.818107857301235503e-03,2.099491462938754972e-04,-8.655279573140384208e-04,2.587081590957165771e-03,-7.290768765051231989e-03
4.725000000000000311e-01,0.000000000000000000e+00,1.259817908153391779e-03,2.892574441222351377e-03,1.250659185070236582e-03,2.876314986235224604e-03,1.000000000000000000e+00,1.000000000000000000e+00,6.149226702188650853e-05,1.415756259404168937e-03,-5.088668417533507085e-03,-9.275314950966537936e-03,4.577145488478286117e-02,-9.814002552448545733e-03,1.361783494690724239e-01,-2.944741896417730695e-02,5.181598168897798973e-05,1.442347091556722130e-03,-5.939472524120669068e-03,-5.884165107887242771e-03,2.099491462938754972e-04,-8.655279573140384208e-04,2.673808485631205129e-03,-5.050260022785740301e-03
4.730000000000000315e-01,0.000000000000000000e+00,1.256760546475832029e-03,2.887523465410497814e-03,1.247440768231902839e-03,2.874601764134114557e-03,1.000000000000000000e+00,1.000000000000000000e+00,5.915019209818704929e-05,1.410705283592314941e-03,-4.684149847398913491e-03,-1.010195162370803451e-02,4.586860986093872078e-02,-5.689959992639959455e-03,1.365911239633396945e-01,-1.806459118565344538e-02,4.894244989194045374e-05,1.439219213623152633e-03,-5.555290611024745612e-03,-6.625791159760842375e-03,2.099491462938754972e-04,-8.655279573140384208e-04,2.700324619099710340e-03,-3.216473093416294740e-03
4.735000000000000320e-01,0.000000000000000000e+00,1.253969359573301650e-03,2.882193447167604502e-03,1.244222952295348603e-03,2.872879793829603672e-03,1.000000000000000000e+00,1.000000000000000000e+00,5.701201888179706817e-05,1.405375265349421846e-03,-4.276346432779958018e-03,-1.066003648578598036e-02,4.587690898163827857e-02,-2.325343267077817008e-03,1.367557787142706371e-01,-8.758109636925713593e-03,4.626191236064724664e-05,1.435787052744334942e-03,-5.167509729284704492e-03,-7.101800152347201821e-03,2.099491462938754972e-04,-8.655279573140384208e-04,2.679304396337876988e-03,-1.729927166975562744e-03
4.740000000000000324e-01,0.000000000000000000e+00,1.251441984624999211e-03,2.876693396779361582e-03,1.241003943585360309e-03,2.871153282985367764e-03,1.000000000000000000e+00,1.000000000000000000e+00,5.507593734697194276e-05,1.399875214961178709e-03,-3.872163069650257864e-03,-1.100010077648624907e-02,4.699938487304285151e-02,4.842213075986659399e-03,1.413214585550167102e-01,1.605975339171586413e-02,3.675050305211564834e-05,1.424110064839890534e-03,-5.577650540769297366e-03,-8.274361496111199907e-03,4.164862254846272635e-04,-6.285031788712002777e-04,3.246701071712159922e-03,1.030328833227504848e-03
4.745000000000000329e-01,0.000000000000000000e+00,1.249231877447595871e-03,2.871249937390454518e-03,1.237781954379109026e-03,2.869426098081849074e-03,1.000000000000000000e+00,1.000000000000000000e+00,5.338289702502465862e-05,1.394431755572272079e-03,-3.386080643894567085e-03,-1.088691877781312704e-02,4.683741019736707700e-02,6.329803290565171915e-03,1.399908911050655458e-01,1.576706615418993832e-02,3.407367820498632889e-05,1.420014636072238975e-03,-5.130414426683772323e-03,-8.107522138023749367e-03,4.164862254846272635e-04,-6.285031788712002777e-04,3.132348740484672354e-03,1.660582681577785604e-03
4.750000000000000333e-01,0.000000000000000000e+00,1.247327484395633745e-03,2.865909522838527498e-03,1.234555225130807253e-03,2.867701710303032815e-03,1.000000000000000000e+00,1.000000000000000000e+00,5.192404731005467711e-05,1.389091341020345059e-03,-2.917699429939957061e-03,-1.068082910385407397e-02,4.663331177008821909e-02,7.450047791580927982e-03,1.395838657868786470e-01,1.893645146727082618e-02,3.161622708173696957e-05,1.416025530851755575e-03,-4.700131081279541878e-03,-7.849248523918515852e-03,4.164862254846272635e-04,-6.285031788712002777e-04,2.996711092427618069e-03,2.125441813038621286e-03
4.755000000000000338e-01,0.000000000000000000e+00,1.245715241078132170e-03,2.860706573701957654e-03,1.231322051906424877e-03,2.865983180540624016e-03,1.000000000000000000e+00,1.000000000000000000e+00,5.068899727572697864e-05,1.383888391883774998e-03,-2.470100068655396719e-03,-1.040589827313997268e-02,4.639944148246098049e-02,8.265126056884512101e-03,1.390862011472956405e-01,2.126386973942838779e-02,2.936890495058936944e-05,1.412182476206165537e-03,-4.289867600947715361e-03,-7.523456208197494381e-03,4.164862254846272635e-04,-6.285031788712002777e-04,2.846569982722239704e-03,2.453491821332953824e-03
4.760000000000000342e-01,0.000000000000000000e+00,1.244380216115965627e-03,2.855665556743069468e-03,1.228080815045907385e-03,2.864273153614367400e-03,1.000000000000000000e+00,1.000000000000000000e+00,4.966630882203419727e-05,1.378847374924886812e-03,-2.045376907385563613e-03,-1.008203391777624108e-02,3.813910813033786346e-02,1.542694663788343572e-02,1.074298144639227043e-01,4.852143248696849653e-02,3.817187918864254042e-05,1.394556506836702302e-03,-2.674116159669861353e-03,-8.729040720907445261e-03,9.742454475095194252e-05,-2.180790197845830264e-04,-1.355612632654428808e-03,5.163041833240115085e-03
4.765000000000000346e-01,0.000000000000000000e+00,1.242905488647437712e-03,2.851009003743056915e-03,1.224830007844038889e-03,2.862573852632353377e-03,1.000000000000000000e+00,1.000000000000000000e+00,4.853660203965346549e-05,1.374190821924874475e-03,-2.259413564761457698e-03,-9.313106000024596459e-03,3.469835850450331272e-02,1.850548281839565698e-02,1.010055976799050237e-01,5.469435186355697115e-02,3.678048771465929800e-05,1.390386644715023738e-03,-2.890976881270243808e-03,-7.951756550834852486e-03,9.742454475095194252e-05,-2.180790197845830264e-04,-3.152951552904010961e-03,6.430951438363770485e-03
4.770000000000000351e-01,0.000000000000000000e+00,1.241120466238554779e-03,2.846829191977433456e-03,1.221568265231307753e-03,2.860887073351340952e-03,1.000000000000000000e+00,1.000000000000000000e+00,4.716919554248573605e-05,1.370011010159250583e-03,-2.734812994335457815e-03,-8.359623531247833972e-03,3.666971223289734044e-02,1.708296904163963612e-02,1.113478387820683174e-01,4.695183131958342165e-02,3.521560332223359685e-05,1.386651325567771122e-03,-3.367577903579909750e-03,-6.991240346263537069e-03,9.742454475095194252e-05,-2.180790197845830264e-04,-2.071223331862701890e-03,5.747822095872225610e-03
4.775000000000000355e-01,0.000000000000000000e+00,1.239127725606452984e-03,2.843076591049958912e-03,1.218294392454769394e-03,2.859214178537071958e-03,1.000000000000000000e+00,1.000000000000000000e+00,4.564266765468689529e-05,1.366258409231776039e-03,-3.053055775597677927e-03,-7.505201854949287120e-03,3.828531192680404566e-02,1.577085114628270363e-02,1.157713486188788332e-01,4.343781560766048211e-02,3.345157448937577784e-05,1.383371540753440066e-03,-3.687850080534892019e-03,-6.129445114096574061e-03,9.742454475095194252e-05,-2.180790197845830264e-04,-1.189505144638983505e-03,5.119341544038541122e-03
4.780000000000000360e-01,0.000000000000000000e+00,1.237010850727675347e-03,2.839705648496436766e-03,1.215007393758911047e-03,2.857556092324586156e-03,1.000000000000000000e+00,1.000000000000000000e+00,4.402104741702113301e-05,1.362887466678254110e-03,-3.243240475331522939e-03,-6.741885107043801319e-03,3.712736616102951109e-02,2.820538397640582132e-02,1.097946706142130247e-01,9.317769988909824219e-02,2.923313606983792901e-05,1.361091744354194638e-03,-4.143886368241586800e-03,-7.554209858219301278e-03,1.658253761292903441e-04,3.526124279714101871e-04,-1.761587360780495978e-03,1.008650592001550383e-02
4.785000000000000364e-01,0.000000000000000000e+00,1.234713511087816512e-03,2.837100950792353221e-03,1.211706501066517165e-03,2.855913294578538500e-03,1.000000000000000000e+00,1.000000000000000000e+00,4.226118315195027177e-05,1.360282768974170782e-03,-3.519728530141728439e-03,-5.209395408166840082e-03,3.862329683455584250e-02,2.668167350755083073e-02,1.164468361402977159e-01,7.730433610847545212e-02,2.708981844305717674e-05,1.357686039091684843e-03,-4.428751077210748947e-03,-6.071356239595713036e-03,1.658253761292903441e-04,3.526124279714101871e-04,-9.448515305845541813e-04,9.320252659342215598e-03
4.790000000000000369e-01,0.000000000000000000e+00,1.232313012790211670e-03,2.835206259736701602e-03,1.208391202659532017e-03,2.854285815253515112e-03,1.000000000000000000e+00,1.000000000000000000e+00,4.042229477035345789e-05,1.358388077918518729e-03,-3.677776763193624406e-03,-3.789382111304175939e-03,4.001033269736586906e-02,2.331834608921097909e-02,1.204731302946477067e-01,6.615375080446228573e-02,2.483361229650137431e-05,1.354993925468243356e-03,-4.595664768799137372e-03,-4.699654857422883719e-03,1.658253761292903441e-04,3.526124279714101871e-04,-1.948479638466206259e-04,7.770551687775539319e-03
4.795000000000000373e-01,0.000000000000000000e+00,1.229880319015609104e-03,2.833908413209763714e-03,1.205061271859924222e-03,2.852673228754349245e-03,1.000000000000000000e+00,1.000000000000000000e+00,3.855874322250902795e-05,1.357090231391581059e-03,-3.727103095688862489e-03,-2.595693053875452322e-03,4.111759734877452194e-02,2.040946900977469100e-02,1.235632633501859701e-01,5.824116904728035560e-02,2.252107528720256885e-05,1.352931472681907863e-03,-4.654282276047353416e-03,-3.552301902050177505e-03,1.658253761292903441e-04,3.526124279714101871e-04,3.988630754024677502e-04,6.433167570020327866e-03
4.799999999999999822e-01,0.000000000000000000e+00,1.227471554699093893e-03,2.833109701142018464e-03,1.201716795710552161e-03,2.851074648296436816e-03,1.000000000000000000e+00,1.000000000000000000e+00,3.671352270305931515e-05,1.356291519323835808e-03,-3.690441038899427116e-03,-1.597424135490504082e-03,3.137688444939076143e-02,2.146007439325515326e-02,8.480777644688319850e-02,6.523388172941443908e-02,3.423036910181874600e-05,1.344148298059443967e-03,-3.039951195196911957e-03,-3.418355628633164712e-03,-2.467130762867004480e-04,5.656759831821701933e-04,-4.590939855554749920e-03,6.752333216998132256e-03
4.804999999999999827e-01,0.000000000000000000e+00,1.224598697831914135e-03,2.832837246940759016e-03,1.198358203656026133e-03,2.849488720266054546e-03,1.000000000000000000e+00,1.000000000000000000e+00,3.451278666408009972e-05,1.356019065122576360e-03,-4.401472077958435737e-03,-5.449084025189044733e-04,2.939056813617390435e-02,1.915207300825510703e-02,8.503336298942583416e-02,5.582618337098497335e-02,3.254053975386130639e-05,1.342686745113023852e-03,-3.717988309406252117e-03,-2.429716893426815336e-03,-2.467130762867004480e-04,5.656759831821701933e-04,-5.585404461804042466e-03,5.685962688088829972e-03
4.809999999999999831e-01,0.000000000000000000e+00,1.221167954639714066e-03,2.833012825472560302e-03,1.194986296223574411e-03,2.847913618580673323e-03,1.000000000000000000e+00,1.000000000000000000e+00,3.188468490592691031e-05,1.356194643654377863e-03,-5.256203516306377083e-03,3.511570636030822727e-04,3.253453957157995818e-02,1.678692553515002961e-02,9.848773556788381622e-02,4.899637384077187852e-02,3.047578792472629381e-05,1.341680793295264157e-03,-4.539349191666072585e-03,-1.595668736868202913e-03,-2.467130762867004480e-04,5.656759831821701933e-04,-3.858538479453073062e-03,4.606583295237724925e-03
4.814999999999999836e-01,0.000000000000000000e+00,1.217343716393437915e-03,2.833557284299186192e-03,1.191602273703907785e-03,2.846347039049277640e-03,1.000000000000000000e+00,1.000000000000000000e+00,2.895514844820396846e-05,1.356739102481003536e-03,-5.859072915445883920e-03,1.088917653251363169e-03,3.512179394257421150e-02,1.476946635459140678e-02,1.055334934884193943e-01,4.349756874625061026e-02,2.806295652301755774e-05,1.341052681104475683e-03,-5.110777811125384248e-03,-9.180694683769729299e-04,-2.467130762867004480e-04,5.656759831821701933e-04,-2.444987981869221807e-03,3.688572212992738669e-03
4.819999999999999840e-01,0.000000000000000000e+00,1.213260615516570081e-03,2.834403216560742525e-03,1.188207764832081501e-03,2.844786193732678093e-03,1.000000000000000000e+00,1.000000000000000000e+00,2.582731171078526090e-05,1.357585034742560086e-03,-6.255673474837413102e-03,1.691864523113166020e-03,2.807021072713252255e-02,6.155785493172770406e-03,7.572945819730271533e-02,1.202649219542921075e-02,3.891368653941492946e-05,1.351449718186872179e-03,-3.950484099198774829e-03,8.391935273357602502e-04,-6.436185203760910571e-04,2.504666620400679733e-04,-6.053723288249348439e-03,2.277876937709002320e-04
4.824999999999999845e-01,0.000000000000000000e+00,1.208568835468951542e-03,2.835277799649667425e-03,1.184804854422212474e-03,2.843227806237061742e-03,1.000000000000000000e+00,1.000000000000000000e+00,2.223319967697043220e-05,1.358459617831484986e-03,-7.188224067629655351e-03,1.749166177849793401e-03,2.586607882062433306e-02,-6.745943714100140036e-04,7.269653507795552361e-02,-7.122581773057365742e-03,3.672212984558447142e-05,1.351877326491686578e-03,-4.813986399074200902e-03,8.711615786289525487e-04,-6.436185203760910571e-04,2.504666620400679733e-04,-7.150185584803296808e-03,-2.711770143256244173e-03
4.829999999999999849e-01,0.000000000000000000e+00,1.203165557210470003e-03,2.835967117263399513e-03,1.181396084093984085e-03,2.841668131011342718e-03,1.000000000000000000e+00,1.000000000000000000e+00,1.809404839243518022e-05,1.359148935445216857e-03,-8.278302569070503797e-03,1.378635227463530233e-03,2.981775122958299148e-02,5.027331923281312849e-04,8.934939754320968264e-02,3.121228729726901931e-03,3.405932158853688772e-05,1.352214473337638853e-03,-5.835166964647927647e-03,4.781746678713189513e-04,-6.436185203760910571e-04,2.504666620400679733e-04,-4.982405138337327351e-03,-2.173454685571241714e-03
4.834999999999999853e-01,0.000000000000000000e+00,1.197257648237183515e-03,2.836510042957565442e-03,1.177984385153028803e-03,2.840103033167506140e-03,1.000000000000000000e+00,1.000000000000000000e+00,1.356832755299620748e-05,1.359691861139382786e-03,-9.051441678877947261e-03,1.085851388331741637e-03,3.306766367810712315e-02,1.502301224838484793e-03,9.818927257552946541e-02,5.872256132718870793e-03,3.096457767752861228e-05,1.352374576819297342e-03,-6.542321270723959123e-03,1.628443146113034412e-04,-6.436185203760910571e-04,2.504666620400679733e-04,-3.209463471956977045e-03,-1.717520251449072442e-03
4.839999999999999858e-01,0.000000000000000000e+00,1.191014469132523632e-03,2.836939458979888945e-03,1.174572984923886836e-03,2.838528091982903817e-03,1.000000000000000000e+00,1.000000000000000000e+00,8.785774892475006542e-06,1.360121277161706289e-03,-9.565105321042401826e-03,8.588320446469260416e-04,3.705009176168478496e-02,2.847895623348929359e-03,1.106100832462663247e-01,1.014716198591627053e-02,2.047314290846381906e-05,1.347776798446326599e-03,-7.796656781844075491e-03,-6.090477195068460690e-04,-4.346255485785151403e-04,3.862189116906115352e-04,-1.273602890646464113e-03,-9.466433961585450380e-04
4.844999999999999862e-01,0.000000000000000000e+00,1.184640148750564208e-03,2.837298693173460288e-03,1.171165312072903813e-03,2.836938705303608706e-03,1.000000000000000000e+00,1.000000000000000000e+00,3.902762185214966454e-06,1.360480511355277632e-03,-9.766025414520080813e-03,7.184683871428882698e-04,3.911062165309113492e-02,3.621465003942836870e-03,1.151067346023767202e-01,1.194239598049163208e-02,1.653480356665526139e-05,1.347428293218763196e-03,-7.956242477776556687e-03,-7.846197640767208024e-04,-4.346255485785151403e-04,3.862189116906115352e-04,-1.694938985059768130e-04,-5.976883596325383496e-04
4.849999999999999867e-01,0.000000000000000000e+00,1.178240168715668709e-03,2.837612698843984191e-03,1.167764901931116987e-03,2.835330193947755914e-03,1.000000000000000000e+00,1.000000000000000000e+00,-9.999069565891442182e-07,1.360794517025801535e-03,-9.805338283608220490e-03,6.280113410477049848e-04,4.073994009641245667e-02,4.260506158957967290e-03,1.196547002391564057e-01,1.372494643087599116e-02,1.255674512943260186e-05,1.347004573856467940e-03,-7.955841714239769713e-03,-9.099986896751562559e-04,-4.346255485785151403e-04,3.862189116906115352e-04,6.942716026531900409e-04,-3.105016054744134187e-04
4.854999999999999871e-01,0.000000000000000000e+00,1.171897183021602517e-03,2.837901939581006193e-03,1.164375301817149010e-03,2.833697906108890649e-03,1.000000000000000000e+00,1.000000000000000000e+00,-5.858915900311668744e-06,1.361083757762823537e-03,-9.718017887445048672e-03,5.784814740438623711e-04,4.200611176653457068e-02,4.784198445875135347e-03,1.232273103399047637e-01,1.519196400966556573e-02,8.610255529208223042e-06,1.346528501148429226e-03,-7.830211016831923124e-03,-9.941111424886270136e-04,-4.346255485785151403e-04,3.862189116906115352e-04,1.356292291498147279e-03,-7.615871706584054148e-05
4.859999999999999876e-01,0.000000000000000000e+00,1.165674684188473245e-03,2.838183038596073585e-03,1.160999976360102375e-03,2.832037321759319631e-03,1.000000000000000000e+00,1.000000000000000000e+00,-1.062562655374460087e-05,1.361364856777890929e-03,-9.533421306865866307e-03,5.621980301348687486e-04,4.106977121070515269e-02,7.835822484946205688e-03,1.186074866709583980e-01,2.658937687752510950e-02,2.255836166860358229e-06,1.338434428394387997e-03,-7.890775074727655533e-03,-1.902651137448992070e-03,-3.612664951074729303e-04,6.092350282548121901e-04,6.746553287203946791e-04,1.391054775815243070e-03
4.864999999999999880e-01,0.000000000000000000e+00,1.159525065316793216e-03,2.838551437414228891e-03,1.157642212822445173e-03,2.830344157053448634e-03,1.000000000000000000e+00,1.000000000000000000e+00,-1.533650791769481124e-05,1.361733255596046235e-03,-9.421762727900418952e-03,7.367976363106831534e-04,4.227478123973844176e-02,7.882347576029184039e-03,1.241456200363245804e-01,2.424010416376893781e-02,-1.654077984223017361e-06,1.337512981709190188e-03,-7.749008513093665583e-03,-1.783332020194283631e-03,-3.612664951074729303e-04,6.092350282548121901e-04,1.303617623171995747e-03,1.405588481023044680e-03
4.869999999999999885e-01,0.000000000000000000e+00,1.153508548044764005e-03,2.839007533300311192e-03,1.154305026422909435e-03,2.828614468731136932e-03,1.000000000000000000e+00,1.000000000000000000e+00,-1.994542754086210169e-05,1.362189351482128753e-03,-9.217839246334577977e-03,9.121917721650727893e-04,4.318644506917077713e-02,7.892952860157712372e-03,1.267652354927260305e-01,2.431700657475089483e-02,-5.470265737799583506e-06,1.336651624231005326e-03,-7.516049756015635852e-03,-1.662299899987637695e-03,-3.612664951074729303e-04,6.092350282548121901e-04,1.770299124784099638e-03,1.404399641561828154e-03
4.874999999999999889e-01,0.000000000000000000e+00,1.147669941809661759e-03,2.839550586281324417e-03,1.150991065659378839e-03,2.826844758521041782e-03,1.000000000000000000e+00,1.000000000000000000e+00,-2.441805940282203272e-05,1.362732404463141977e-03,-8.945263723919865198e-03,1.086105962026461935e-03,4.385415455621162473e-02,7.875271569997930460e-03,1.287240883287825433e-01,2.431408037351288215e-02,-9.153008629527822795e-06,1.335850644928439834e-03,-7.215365360111223453e-03,-1.541820528228690992e-03,-3.612664951074729303e-04,6.092350282548121901e-04,2.102588548976329092e-03,1.390951473811929007e-03
4.879999999999999893e-01,0.000000000000000000e+00,1.142041292547532963e-03,2.840178971031244622e-03,1.147702517631782500e-03,2.825032077543965497e-03,1.000000000000000000e+00,1.000000000000000000e+00,-2.872985489234145280e-05,1.363360789213062182e-03,-8.623590979038840004e-03,1.256769499840420384e-03,4.934519936052445682e-02,-2.799077178136881623e-03,1.496493195856388736e-01,-1.705297333377733121e-02,-2.767808597730709309e-05,1.347033586195642242e-03,-8.563955061030347274e-03,-7.460705309115752727e-05,7.994453693442325260e-05,2.586056046149484613e-04,4.717651439627825252e-03,-2.870673342843972197e-03
4.884999999999999898e-01,0.000000000000000000e+00,1.136895902393794634e-03,2.840557996562678364e-03,1.144441013364985715e-03,2.823174130716200360e-03,1.000000000000000000e+00,1.000000000000000000e+00,-3.267145242729181724e-05,1.363739814744495925e-03,-7.883195069900730129e-03,7.580510628676165319e-04,5.186176659007485368e-02,-6.691490195461271759e-03,1.551263281448918840e-01,-2.327199902162430112e-02,-3.177872673940996314e-05,1.346867503412826905e-03,-7.839856315645297308e-03,-5.887214545295029605e-04,7.994453693442325260e-05,2.586056046149484613e-04,5.996290940340408444e-03,-4.502561005217874286e-03
4.889999999999999902e-01,0.000000000000000000e+00,1.132354817260320312e-03,2.840568861789579715e-03,1.141207533131682449e-03,2.821269381152878303e-03,1.000000000000000000e+00,1.000000000000000000e+00,-3.615012545952002215e-05,1.363750679971397275e-03,-6.957346064456406028e-03,2.173045380286938409e-05,5.082775291975132753e-02,-3.876707464428591141e-03,1.494512178732320951e-01,-9.334209659365263340e-03,-3.547108512079805089e-05,1.346385273217507719e-03,-6.931198640332086360e-03,-1.338727600438012737e-03,7.994453693442325260e-05,2.586056046149484613e-04,5.384529932965662069e-03,-3.230603519757071010e-03
4.894999999999999907e-01,0.000000000000000000e+00,1.128359720335154158e-03,2.840303822644912445e-03,1.138002311775286515e-03,2.819317154571313218e-03,1.000000000000000000e+00,1.000000000000000000e+00,-3.921054725876521314e-05,1.363485640826729789e-03,-6.120843598490385666e-03,-5.300782893349797109e-04,4.986506625919012725e-02,-1.527717345595969427e-03,1.470369235913668859e-01,-2.851714527684074373e-03,-3.873131147685321987e-05,1.345574063747878276e-03,-6.111172777537838587e-03,-1.904982227555907437e-03,7.994453693442325260e-05,2.586056046149484613e-04,4.816801839481918771e-03,-2.173120054235811761e-03
4.899999999999999911e-01,0.000000000000000000e+00,1.124856484544375576e-03,2.839839535217437462e-03,1.134824744032824489e-03,2.817317743694356270e-03,1.000000000000000000e+00,1.000000000000000000e+00,-4.189418156922674463e-05,1.363021353399254589e-03,-5.367268620923066995e-03,-9.285748549505265428e-04,5.056397743127664240e-02,-1.369102106818341144e-02,1.509710278159508701e-01,-5.226647563715869360e-02,-4.861282752477513947e-05,1.358973735804536306e-03,-6.166559584520305698e-03,-6.830410884734012481e-04,2.860922000002289411e-04,-1.664615569931087715e-04,5.067160257476241957e-03,-7.166848186857708962e-03
4.904999999999999916e-01,0.000000000000000000e+00,1.121874803702925744e-03,2.838798204076861328e-03,1.131673292515545564e-03,2.815272509862225096e-03,1.000000000000000000e+00,1.000000000000000000e+00,-4.417828160897369863e-05,1.361980022258678672e-03,-4.568200079493908543e-03,-2.082662281151848212e-03,4.980185247440836044e-02,-1.434873098412229632e-02,1.478365490087401313e-01,-4.493380581496765613e-02,-5.150471763636484341e-05,1.358350360483383300e-03,-5.402372560198017218e-03,-1.808255986006136479e-03,2.860922000002289411e-04,-1.664615569931087715e-04,4.610563053799833326e-03,-7.360094735634515294e-03
4.909999999999999920e-01,0.000000000000000000e+00,1.119370768239598413e-03,2.837166100322298552e-03,1.128545457082079330e-03,2.813183920161426571e-03,1.000000000000000000e+00,1.000000000000000000e+00,-4.609648406102843021e-05,1.360347918504115896e-03,-3.836404904109469438e-03,-3.264207509125653401e-03,4.887868243932730339e-02,-9.789906340226826875e-03,1.452883273106412854e-01,-2.717556542025140187e-02,-5.403113929298337552e-05,1.357157443249494945e-03,-4.704570921893329837e-03,-2.961133606026403013e-03,2.860922000002289411e-04,-1.664615569931087715e-04,4.073594818104525790e-03,-5.306756246363457559e-03
4.914999999999999925e-01,0.000000000000000000e+00,1.117292856531646372e-03,2.835092764820660791e-03,1.125437888797800080e-03,2.811055432689252287e-03,1.000000000000000000e+00,1.000000000000000000e+00,-4.768825677819695311e-05,1.358274583002477918e-03,-3.183545434337044493e-03,-4.146671003276034169e-03,4.803909224968098968e-02,-5.998859211395203908e-03,1.431604931612559528e-01,-1.672363468921803792e-02,-5.622819139891200983e-05,1.355462471016400999e-03,-4.084755667904744342e-03,-3.817032550774051083e-03,2.860922000002289411e-04,-1.664615569931087715e-04,3.586422052065166548e-03,-3.606490579791177698e-03
4.919999999999999929e-01,0.000000000000000000e+00,1.115594285145848907e-03,2.832702052675037385e-03,1.122346556710688593e-03,2.808891326343085793e-03,1.000000000000000000e+00,1.000000000000000000e+00,-4.898943794952812512e-05,1.355883870856854729e-03,-2.602362342662342069e-03,-4.781424291246335473e-03,3.857803776749556268e-02,-9.574475283522010383e-03,1.074406190578838655e-01,-3.411936770054688206e-02,-4.348230113123587449e-05,1.358154372327830548e-03,-1.878202236337746288e-03,-3.889248150480991047e-03,-1.447091479639603926e-04,-3.062287733853535031e-04,-1.139672575556475737e-03,-5.238676099505727712e-03
4.924999999999999933e-01,0.000000000000000000e+00,1.113796829964324060e-03,2.829886169221302542e-03,1.119266916424164690e-03,2.806696528722303369e-03,1.000000000000000000e+00,1.000000000000000000e+00,-5.036636850309065037e-05,1.353067987403119886e-03,-2.753861107125052561e-03,-5.631766907469817895e-03,3.299508228467283588e-02,-8.408451847398891454e-03,9.375483665162637203e-02,-2.690427380209601052e-02,-4.445628249023971933e-05,1.356006395515825915e-03,-2.017416596572588379e-03,-4.701004749920836313e-03,-1.447091479639603926e-04,-3.062287733853535031e-04,-4.076259024625272787e-03,-4.670750972091949893e-03
4.929999999999999938e-01,0.000000000000000000e+00,1.111622134423819776e-03,2.826686821698474149e-03,1.116194078669912639e-03,2.804476444030168727e-03,1.000000000000000000e+00,1.000000000000000000e+00,-5.203228193736955442e-05,1.349868639880291493e-03,-3.331826868557809414e-03,-6.398695045656606351e-03,3.504174624460978937e-02,-4.629994930358819621e-03,1.061641079470235505e-01,-1.355525112542944020e-02,-4.560613174509015538e-05,1.353473171432464364e-03,-2.580845051962354572e-03,-5.430382326663317147e-03,-1.447091479639603926e-04,-3.062287733853535031e-04,-2.949590930624019884e-03,-2.985237222198001278e-03
4.934999999999999942e-01,0.000000000000000000e+00,1.109177370952354373e-03,2.823226927642846946e-03,1.113122977880708509e-03,2.802236780975720775e-03,1.000000000000000000e+00,1.000000000000000000e+00,-5.390507940942576462e-05,1.346408745824664074e-03,-3.745594944112424184e-03,-6.919788111254887748e-03,3.673103444917374949e-02,-1.536527044554140530e-03,1.107590626291555108e-01,-4.990897762463525691e-03,-4.699687076560406018e-05,1.350636339751088051e-03,-2.981282430499316780e-03,-5.915896273096453786e-03,-1.447091479639603926e-04,-3.062287733853535031e-04,-2.024229955163167963e-03,-1.613258114081033258e-03
4.939999999999999947e-01,0.000000000000000000e+00,1.106550591618167415e-03,2.819606595475692302e-03,1.110048540763249481e-03,2.799983380675672654e-03,1.000000000000000000e+00,1.000000000000000000e+00,-5.591730912167952063e-05,1.342788413657509646e-03,-4.024459424507518743e-03,-7.240664334308734296e-03,3.866843835826494491e-02,-1.272656292436114001e-02,1.166939345721092619e-01,-5.122796613513678349e-02,-5.674642890096107448e-05,1.365434488896930323e-03,-4.174657728010907655e-03,-4.185907939008130796e-03,9.617815818674274359e-05,-8.304562554181534571e-04,-8.548408150451279001e-04,-6.474588080147314004e-03
4.944999999999999951e-01,0.000000000000000000e+00,1.103841276042161505e-03,2.815478355847509176e-03,1.106965854870983149e-03,2.797722044556306444e-03,1.000000000000000000e+00,1.000000000000000000e+00,-5.799276526333457007e-05,1.338660174029326520e-03,-4.150912283310093792e-03,-8.256479256366305516e-03,4.138681121775295013e-02,-1.585605078096190973e-02,1.255305067445475764e-01,-5.426621556044686212e-02,-5.886820873720669103e-05,1.363108539588156736e-03,-4.312115042908867477e-03,-5.115998892274815739e-03,9.617815818674274359e-05,-8.304562554181534571e-04,5.958296998644114096e-04,-7.746533038910462417e-03
4.949999999999999956e-01,0.000000000000000000e+00,1.101186883578806567e-03,2.810750770324474228e-03,1.103870337176932927e-03,2.795458362255364825e-03,1.000000000000000000e+00,1.000000000000000000e+00,-6.002614785974447203e-05,1.333932588506291355e-03,-4.066765192819809561e-03,-9.455171046070126942e-03,4.205710854152583389e-02,-1.060232669959827213e-02,1.258575849134860036e-01,-3.170653724162759285e-02,-6.100623544018070289e-05,1.360271661468690938e-03,-4.240050631421053880e-03,-6.229248913451333400e-03,9.617815818674274359e-05,-8.304562554181534571e-04,9.482518035111699248e-04,-5.397648822323487632e-03
4.954999999999999960e-01,0.000000000000000000e+00,1.098620658907826760e-03,2.805595549534547345e-03,1.100757902646528220e-03,2.793197539523946220e-03,1.000000000000000000e+00,1.000000000000000000e+00,-6.199199000874341091e-05,1.328777367716364906e-03,-3.931684297997888912e-03,-1.031044157985281685e-02,4.256547520709147436e-02,-6.279799660255496081e-03,1.273310384019382124e-01,-1.977203227858728013e-02,-6.309550559938448071e-05,1.356963337348392586e-03,-4.117189154446661455e-03,-7.002424140023154678e-03,9.617815818674274359e-05,-8.304562554181534571e-04,1.211028260688571702e-03,-3.475555447774958135e-03
4.959999999999999964e-01,0.000000000000000000e+00,1.096167337302635363e-03,2.800153351323750577e-03,1.097625132810431782e-03,2.790944226128399056e-03,1.000000000000000000e+00,1.000000000000000000e+00,-6.387134339158391137e-05,1.323335169505567921e-03,-3.758706765681006125e-03,-1.088439642159405585e-02,4.053502840025899334e-02,6.404964841567451980e-03,1.191028497367442041e-01,2.555447390700925359e-02,-6.596278837090863818e-05,1.329638232336860428e-03,-4.052531923639944751e-03,-1.017853121711895063e-02,1.211404627358640126e-04,-1.335671481286254041e-04,2.760891940089752047e-04,1.436255719360468325e-03
4.964999999999999969e-01,0.000000000000000000e+00,1.093724157203901067e-03,2.794824592833370508e-03,1.094469444337367505e-03,2.788702343752214301e-03,1.000000000000000000e+00,1.000000000000000000e+00,-6.574292792975834979e-05,1.318006411015188069e-03,-3.743169076348864914e-03,-1.065751698075981246e-02,3.990038090966342710e-02,1.750370335471997801e-02,1.183796118005155801e-01,5.792729812472786205e-02,-6.798856270591306129e-05,1.324607997491025540e-03,-4.050492812751500804e-03,-9.942675156291921890e-03,1.211404627358640126e-04,-1.335671481286254041e-04,-5.510195298125239623e-05,6.198038716204223864e-03
4.969999999999999973e-01,0.000000000000000000e+00,1.091259481371767339e-03,2.789955450977391928e-03,1.091289257606948638e-03,2.786474913897922338e-03,1.000000000000000000e+00,1.000000000000000000e+00,-6.763097915505399496e-05,1.313137269159209272e-03,-3.776102450591277328e-03,-9.738283711957479438e-03,4.085910687833782529e-02,1.671020105199638728e-02,1.226273590668625901e-01,4.576638639611106674e-02,-7.002534053017482640e-05,1.319868063493019085e-03,-4.096452443880145740e-03,-9.018672416103712397e-03,1.211404627358640126e-04,-1.335671481286254041e-04,4.589911590834266182e-04,5.790024300813464801e-03
4.974999999999999978e-01,0.000000000000000000e+00,1.088821872054842417e-03,2.785516332431212799e-03,1.088084165282506444e-03,2.784263885788985926e-03,1.000000000000000000e+00,1.000000000000000000e+00,-6.949829622677930301e-05,1.308698150613030360e-03,-3.734634143450613064e-03,-8.878237092357962185e-03,4.161230745679356940e-02,1.589483033892763117e-02,1.247560073760643762e-01,4.364702498599864339e-02,-7.206652325879666808e-05,1.315575361715777590e-03,-4.068255977314288313e-03,-8.153648873498633987e-03,1.211404627358640126e-04,-1.335671481286254041e-04,8.586382561588965043e-04,5.376615717017703411e-03
4.979999999999999982e-01,0.000000000000000000e+00,1.086449026783355230e-03,2.781477255727321345e-03,1.084855100866918137e-03,2.782069964286701131e-03,1.000000000000000000e+00,1.000000000000000000e+00,-7.131600116138333309e-05,1.304659073909138689e-03,-3.635409869208057563e-03,-8.078153407783176393e-03,3.560418489381615703e-02,1.365045947556316197e-02,1.008319230618663770e-01,3.597079233397227488e-02,-7.126301774554675693e-05,1.309115674204648291e-03,-3.663841780119389373e-03,-7.640780660740096979e-03,3.833212729553833915e-05,-5.756967704529833521e-05,-2.300991893683649279e-03,4.248980609336876386e-03
4.984999999999999987e-01,0.000000000000000000e+00,1.083839450163444785e-03,2.777763879166758858e-03,1.081604492034885607e-03,2.779892451247043591e-03,1.000000000000000000e+00,1.000000000000000000e+00,-7.331505282995893905e-05,1.300945697348576202e-03,-3.998103337151222118e-03,-7.426753121125186617e-03,3.741152715155288133e-02,1.325283001553939459e-02,1.127883838034039049e-01,3.662261250657094375e-02,-7.318653435524011003e-05,1.305458140683147649e-03,-4.029443436223584772e-03,-6.990475487835037458e-03,3.833212729553833915e-05,-5.756967704529833521e-05,-1.314076121365027796e-03,4.031705695631090068e-03
4.989999999999999991e-01,0.000000000000000000e+00,1.081086739908353753e-03,2.774360408595263113e-03,1.078336258726688562e-03,2.777729223928135198e-03,1.000000000000000000e+00,1.000000000000000000e+00,-7.542375122438789827e-05,1.297542226777080457e-03,-4.217396788857914747e-03,-6.806941142991679641e-03,3.888021764610182646e-02,1.280398762277443377e-02,1.168336134741464888e-01,3.548546399736587226e-02,-7.525713307642471837e-05,1.302117887157145694e-03,-4.252441032629217937e-03,-6.371611735893000297e-03,3.833212729553833915e-05,-5.756967704529833521e-05,-5.171241883834368789e-04,3.794419009479442668e-03
4.994999999999999996e-01,0.000000000000000000e+00,1.078266454911973359e-03,2.771249597713045226e-03,1.075055604911187871e-03,2.775576895554530792e-03,1.000000000000000000e+00,1.000000000000000000e+00,-7.758421487387701370e-05,1.294431415894862570e-03,-4.320927298978220234e-03,-6.221621764435737029e-03,4.006074216418049894e-02,1.232209932716850018e-02,1.201099324015820619e-01,3.424886065115529538e-02,-7.741039130515341984e-05,1.299078469110756485e-03,-4.360301476996641425e-03,-5.787078406236356373e-03,3.833212729553833915e-05,-5.756967704529833521e-05,1.186101013368523254e-04,3.545189686477904709e-03
5.000000000000000000e-01,0.000000000000000000e+00,1.075438845811152412e-03,2.768413334727241534e-03,1.071768769610939283e-03,2.773431011846512299e-03,1.000000000000000000e+00,1.000000000000000000e+00,-7.975028911287346690e-05,1.291595152909058878e-03,-4.332148477992910085e-03,-5.672525971607327022e-03,4.479816829274118478e-02,6.383415294014881808e-03,1.374947934544474282e-01,1.183254749352868548e-02,-8.964706982157971508e-05,1.297252684710252730e-03,-5.513623592427786997e-03,-5.133337907075448577e-03,3.339227053550732917e-04,-8.492767302488543786e-05,2.281371992018168052e-03,1.175334774504370461e-03
5.005000000000000560e-01,0.000000000000000000e+00,1.072841666858418254e-03,2.765663134788970585e-03,1.068482777507071251e-03,2.771286247920372141e-03,1.000000000000000000e+00,1.000000000000000000e+00,-8.173984361740105884e-05,1.288844952970787930e-03,-3.979109009055187794e-03,-5.500399876542101489e-03,4.499553263064973163e-02,7.044479139466858393e-03,1.344035770391561746e-01,1.954354010648238701e-02,-9.232401850172930208e-05,1.294730122211308794e-03,-5.194688057513988620e-03,-4.957158193412683142e-03,3.339227053550732917e-04,-8.492767302488543786e-05,2.366710410610119424e-03,1.449286111154265196e-03
5.010000000000000009e-01,0.000000000000000000e+00,1.070482421178846344e-03,2.763018970557740844e-03,1.065205189544168613e-03,2.769136605188708342e-03,1.000000000000000000e+00,1.000000000000000000e+00,-8.354713066018959553e-05,1.286200788739557972e-03,-3.614574085577064270e-03,-5.288328462460116335e-03,4.509316120706062525e-02,7.520396493246752842e-03,1.348067621905946478e-01,2.091872297633674133e-02,-9.483850211899162437e-05,1.292305570958944506e-03,-4.863792658610896318e-03,-4.741373378857413438e-03,3.339227053550732917e-04,-8.492767302488543786e-05,2.398134752347756259e-03,1.640306437567210993e-03
5.015000000000000568e-01,0.000000000000000000e+00,1.068363500842226975e-03,2.760494783664804545e-03,1.061943853535142392e-03,2.766975608260698397e-03,1.000000000000000000e+00,1.000000000000000000e+00,-8.517031780946869612e-05,1.283676601846622106e-03,-3.246374298558204856e-03,-5.048373785871935332e-03,4.511118031775231130e-02,7.843899039298832948e-03,1.349878470969295974e-01,2.187202246686052037e-02,-9.718649114422782767e-05,1.289995830737175608e-03,-4.528724068945368976e-03,-4.497971930508068948e-03,3.339227053550732917e-04,-8.492767302488543786e-05,2.386887215471453043e-03,1.763402026256102829e-03
5.020000000000000018e-01,0.000000000000000000e+00,1.066483254364896131e-03,2.758099576291873564e-03,1.058706654766123235e-03,2.764796501842405226e-03,1.000000000000000000e+00,1.000000000000000000e+00,-8.661067017512200724e-05,1.281281394473691125e-03,-2.880704731306617684e-03,-4.790414745861849496e-03,3.844673787013556943e-02,1.517744302970085515e-02,1.092831443947392955e-01,5.018779541272041372e-02,-9.113935379703387476e-05,1.271183899950559769e-03,-3.264758242453242795e-03,-6.118022088115125309e-03,9.197815709536292866e-05,4.040241385195378061e-04,-1.393017858535806983e-03,5.036369736377021601e-03
5.025000000000000577e-01,0.000000000000000000e+00,1.064505226192290904e-03,2.756061330656773417e-03,1.055501266601325356e-03,2.762592447637043664e-03,1.000000000000000000e+00,1.000000000000000000e+00,-8.812592766507895030e-05,1.279243148838590544e-03,-3.030514979913888959e-03,-4.076491270200953421e-03,3.668794046423030919e-02,1.738579833462531102e-02,1.080626279579642857e-01,5.281097863628538003e-02,-9.281097108278204470e-05,1.268292526258707692e-03,-3.421344267227701113e-03,-5.448660626417745935e-03,9.197815709536292866e-05,4.040241385195378061e-04,-2.306218236999986546e-03,5.939200476003579816e-03
5.030000000000000027e-01,0.000000000000000000e+00,1.062342660536689555e-03,2.754445149421207942e-03,1.052334901087938679e-03,2.760356721245288587e-03,1.000000000000000000e+00,1.000000000000000000e+00,-8.978254906843243259e-05,1.277626967603025286e-03,-3.313242806706958275e-03,-3.232362471130355124e-03,3.822224879794544616e-02,1.590275352822492771e-02,1.153734672621069962e-01,4.552918531809712482e-02,-9.459395211554548347e-05,1.265768429426866477e-03,-3.709953163334066099e-03,-4.649180695676183479e-03,9.197815709536292866e-05,4.040241385195378061e-04,-1.469656951147396261e-03,5.243493356136438160e-03
5.035000000000000586e-01,0.000000000000000000e+00,1.060074818327915456e-03,2.753199955420366964e-03,1.049214059560999715e-03,2.758082909065547473e-03,1.000000000000000000e+00,1.000000000000000000e+00,-9.151981699033447722e-05,1.276381773602184308e-03,-3.474535843804082112e-03,-2.490388001681870852e-03,3.946526619461988156e-02,1.457829729315036904e-02,1.188059675449999741e-01,4.197056448081114277e-02,-9.649096962879102912e-05,1.263618805943687645e-03,-3.877720069898972326e-03,-3.950585869305655619e-03,9.197815709536292866e-05,4.040241385195378061e-04,-7.963734093150303967e-04,4.623416568212846550e-03
5.040000000000000036e-01,0.000000000000000000e+00,1.057765456903343292e-03,2.752280180047242918e-03,1.046144283248276333e-03,2.755765105194257249e-03,1.000000000000000000e+00,1.000000000000000000e+00,-9.328889047678133400e-05,1.275461998229060045e-03,-3.538146972893714635e-03,-1.839550746248642217e-03,3.649266644017735289e-02,2.564801381123214818e-03,1.061666921123162188e-01,-3.275231815761826554e-03,-9.307711765353204837e-05,1.276213193283405123e-03,-3.340672036142228359e-03,-1.710837577798602141e-03,-6.593682594924882810e-05,-1.991059075645259038e-05,-2.549207358406795076e-03,-5.927209823844339226e-05
5.045000000000000595e-01,0.000000000000000000e+00,1.055266391438223431e-03,2.751306660986724793e-03,1.043129903875142112e-03,2.753398108326163794e-03,1.000000000000000000e+00,1.000000000000000000e+00,-9.520328568932692130e-05,1.274488479168541920e-03,-3.828790425091186528e-03,-1.947038121036044796e-03,3.517647871533896575e-02,-5.866914498931022348e-03,1.034391676265610516e-01,-2.581193448846155064e-02,-9.481799867819882372e-05,1.275331328430796872e-03,-3.622240597102116544e-03,-1.816383958797569090e-03,-6.593682594924882810e-05,-1.991059075645259038e-05,-3.219697000727347099e-03,-3.675771158711965431e-03
5.050000000000000044e-01,0.000000000000000000e+00,1.052514169149388126e-03,2.750016599666121105e-03,1.040173794269461972e-03,2.750977618654620524e-03,1.000000000000000000e+00,1.000000000000000000e+00,-9.731161027991743905e-05,1.273198417847938449e-03,-4.216649181181046993e-03,-2.580122641206967094e-03,3.701394480611490401e-02,-3.175823801797260891e-03,1.114940106769614636e-01,-8.435101484469596789e-03,-9.672390707668434217e-05,1.274265790357792137e-03,-4.000587739243829238e-03,-2.444510763942654361e-03,-6.593682594924882810e-05,-1.991059075645259038e-05,-2.216772530890748130e-03,-2.466738151896214794e-03
5.055000000000000604e-01,0.000000000000000000e+00,1.049604104142100747e-03,2.748497933294177104e-03,1.037277118966464145e-03,2.748500434771861817e-03,1.000000000000000000e+00,1.000000000000000000e+00,-9.954084940786480382e-05,1.271679751475994231e-03,-4.458478255894716968e-03,-3.037332743888600251e-03,3.850825825788831841e-02,-9.492094080900522141e-04,1.156011346181429061e-01,-2.281597104574322951e-03,-9.878265846897636986e-05,1.272929966029363391e-03,-4.233887895525569912e-03,-2.897857487794812566e-03,-6.593682594924882810e-05,-1.991059075645259038e-05,-1.406361851752107499e-03,-1.470971000241801541e-03
5.060000000000000053e-01,0.000000000000000000e+00,1.046613227914653570e-03,2.746823085232057322e-03,1.034439087805786792e-03,2.745964648709752626e-03,1.000000000000000000e+00,1.000000000000000000e+00,-1.018319935219574613e-04,1.270004903413874666e-03,-4.582288228185326003e-03,-3.349696124239012838e-03,3.993669132060950755e-02,-1.311704265922939219e-02,1.198076632316399937e-01,-5.157243878438343837e-02,-1.048867203777606834e-04,1.280463791624365582e-03,-4.797769218128628346e-03,-2.182225282279034659e-03,5.044756508031043841e-05,-2.863251693208747383e-04,-6.863799225879736645e-04,-6.418862068331022269e-03
5.065000000000000613e-01,0.000000000000000000e+00,1.043614384756266561e-03,2.744613754948198488e-03,1.031656816590330230e-03,2.743369774444328821e-03,1.000000000000000000e+00,1.000000000000000000e+00,-1.041292406592251923e-04,1.267795573130015615e-03,-4.594494274535453580e-03,-4.418660567718292118e-03,4.113568070227771600e-02,-1.033807246255110876e-02,1.232382880727015961e-01,-3.085239525231467730e-02,-1.072896290413589683e-04,1.279112886468105953e-03,-4.813743670414642739e-03,-3.219334386698224568e-03,5.044756508031043841e-05,-2.863251693208747383e-04,-4.789608025330233890e-05,-5.140151993521653757e-03
5.070000000000000062e-01,0.000000000000000000e+00,1.040668077536408952e-03,2.741963264736291955e-03,1.028925516949720422e-03,2.740716671808081633e-03,1.000000000000000000e+00,1.000000000000000000e+00,-1.063862429327184372e-04,1.265145082918109299e-03,-4.514004546986495441e-03,-5.300980423812633700e-03,4.189737198802414436e-02,-6.495543418524037799e-03,1.252154152877673621e-01,-1.868107334576915579e-02,-1.096774237374911678e-04,1.277289776188671958e-03,-4.737492651238013434e-03,-4.071386568016845120e-03,5.044756508031043841e-05,-2.863251693208747383e-04,3.522826335922901644e-04,-3.418029719658516753e-03
5.075000000000000622e-01,0.000000000000000000e+00,1.037812190692020053e-03,2.738997143368418659e-03,1.026238842769118228e-03,2.738007373100872881e-03,1.000000000000000000e+00,1.000000000000000000e+00,-1.085739791800390588e-04,1.262178961550236220e-03,-4.375472494641244672e-03,-5.932242735746115839e-03,4.247602826326396519e-02,-3.325902023022185225e-03,1.268856529028085933e-01,-9.922964239625801236e-03,-1.120126196175663999e-04,1.275103034707897234e-03,-4.603462369417976249e-03,-4.674328223263455630e-03,5.044756508031043841e-05,-2.863251693208747383e-04,6.511149864274559402e-04,-2.004564926839098003e-03
5.080000000000000071e-01,0.000000000000000000e+00,1.035074987704186428e-03,2.735818464613052128e-03,1.023589244676657720e-03,2.735244904692618086e-03,1.000000000000000000e+00,1.000000000000000000e+00,-1.106707983185576858e-04,1.259000282794869472e-03,-4.193638277037259852e-03,-6.357357510733484263e-03,3.651533494634116861e-02,-8.961472376859078506e-03,1.033383955584167291e-01,-3.469823136349237114e-02,-1.100643663840378093e-04,1.274269782165209086e-03,-3.950499574154237720e-03,-4.891349612219911616e-03,-7.321776976169637420e-05,-3.334827622199640828e-04,-2.175461907890208386e-03,-4.507467978652557675e-03
5.085000000000000631e-01,0.000000000000000000e+00,1.032156763752439116e-03,2.732253920295865581e-03,1.020968324530924622e-03,2.732433108625934894e-03,1.000000000000000000e+00,1.000000000000000000e+00,-1.129062875605704004e-04,1.255435738477682925e-03,-4.470978484025420023e-03,-7.129088634373184630e-03,3.809972554275663226e-02,-5.100981311987952058e-03,1.144335744009577355e-01,-1.522643076100564478e-02,-1.121067334763599577e-04,1.271638931634717787e-03,-4.218372478357831391e-03,-5.630520584035805798e-03,-7.321776976169637420e-05,-3.334827622199640828e-04,-1.314808581511382659e-03,-2.785500384351441948e-03
5.090000000000000080e-01,0.000000000000000000e+00,1.029139333705426452e-03,2.728429061263636622e-03,1.018367189908446230e-03,2.729576464218808843e-03,1.000000000000000000e+00,1.000000000000000000e+00,-1.152177730805846879e-04,1.251610879445454183e-03,-4.622971040028572495e-03,-7.649718064457634338e-03,3.937800660768409067e-02,-1.941649835074431632e-03,1.179651851399748930e-01,-6.476115484105106866e-03,-1.142518573074681405e-04,1.268700887797335640e-03,-4.361763889622371701e-03,-6.120593978717813084e-03,-7.321776976169637420e-05,-3.334827622199640828e-04,-6.255478308844873584e-04,-1.384433465233125479e-03
5.095000000000000639e-01,0.000000000000000000e+00,1.026088236031735693e-03,2.724446093190069536e-03,1.015776808591165297e-03,2.726679909667230513e-03,1.000000000000000000e+00,1.000000000000000000e+00,-1.175550494989288495e-04,1.247627911371887097e-03,-4.674552836688332554e-03,-7.965936147134169282e-03,4.039658618733284190e-02,6.191746339119004071e-04,1.208025440455883365e-01,6.362651333033314885e-04,-1.164437043550317885e-04,1.265568578180091379e-03,-4.405456792934862170e-03,-6.407969188585908513e-03,-7.321776976169637420e-05,-3.334827622199640828e-04,-8.128737537551353285e-05,-2.565975229408339834e-04
5.100000000000000089e-01,0.000000000000000000e+00,1.023055239707208004e-03,2.720387344857588124e-03,1.013188363053930605e-03,2.723748663647863888e-03,1.000000000000000000e+00,1.000000000000000000e+00,-1.198784594793335346e-04,1.243569163039405685e-03,-4.646819960809357372e-03,-8.117496664962789779e-03,4.417639631556063984e-02,-3.119896299741438525e-04,1.346271674492856008e-01,-5.231316425846841908e-03,-1.274777939890756040e-04,1.258806995576424153e-03,-5.370544578008286732e-03,-6.931118931508173549e-03,1.867233093109388082e-04,-2.297881890405140397e-04,2.190678947794102039e-03,-9.660865290865210207e-04
5.105000000000000648e-01,0.000000000000000000e+00,1.020229849362205019e-03,2.716225053976633989e-03,1.010593604951974967e-03,2.720788046920693051e-03,1.000000000000000000e+00,1.000000000000000000e+00,-1.220428340527649987e-04,1.239406872158451550e-03,-4.328749146862940871e-03,-8.324581761908454031e-03,4.440262585225147884e-02,2.102396180950161838e-03,1.324470654897622612e-01,4.851174913984038391e-03,-1.300880399555182424e-04,1.255293952373293500e-03,-5.070921310914067864e-03,-7.120553997927630240e-03,1.867233093109388082e-04,-2.297881890405140397e-04,2.291577711006716114e-03,9.206236839992836159e-05
5.110000000000000098e-01,0.000000000000000000e+00,1.017621305559501333e-03,2.712036358215236687e-03,1.007985209608401904e-03,2.717803303931678408e-03,1.000000000000000000e+00,1.000000000000000000e+00,-1.240410945374587266e-04,1.235218176397054031e-03,-3.996520969387440045e-03,-8.377391522795081188e-03,4.452604079453986036e-02,4.019619219799010906e-03,1.329086938478118152e-01,1.021324070580208014e-02,-1.325448728863189000e-04,1.251724525064591914e-03,-4.756926085698496773e-03,-7.156949811150168858e-03,1.867233093109388082e-04,-2.297881890405140397e-04,2.336775557687827045e-03,9.243002785432558131e-04
5.115000000000000657e-01,0.000000000000000000e+00,1.015233565742686139e-03,2.707881962428181945e-03,1.005357130501663421e-03,2.714799424415407711e-03,1.000000000000000000e+00,1.000000000000000000e+00,-1.258702093557438270e-04,1.231063780609999506e-03,-3.658229636570178335e-03,-8.308791574108870953e-03,4.456703122801754929e-02,5.517535821288188994e-03,1.331411841058747214e-01,1.442348550145124662e-02,-1.348431225545653150e-04,1.248167052532236920e-03,-4.436606510178568719e-03,-7.072968633418563918e-03,1.867233093109388082e-04,-2.297881890405140397e-04,2.337672896214045958e-03,1.566607543734059322e-03
5.120000000000000107e-01,0.000000000000000000e+00,1.013066386777332351e-03,2.703808756259184869e-03,1.002704953753048422e-03,2.711780964997754020e-03,1.000000000000000000e+00,1.000000000000000000e+00,-1.275303647593974306e-04,1.226990574441002213e-03,-3.320310807307226206e-03,-8.146412337994460989e-03,3.555057082922295775e-02,1.210047818107376320e-02,9.826777771627207003e-02,3.878052000290761053e-02,-1.226810903174381257e-04,1.228440539772218589e-03,-2.498514729834405874e-03,-8.732739315146535383e-03,-2.337681293779897960e-04,2.475768501836009858e-04,-2.078068297102532869e-03,3.912077584823279996e-03
5.124999999999999556e-01,0.000000000000000000e+00,1.010665718434490068e-03,2.700022007754410668e-03,1.000026252614161573e-03,2.708751870798525429e-03,1.000000000000000000e+00,1.000000000000000000e+00,-1.293693834032034193e-04,1.223203825936227795e-03,-3.678037287611978824e-03,-7.573497009548943448e-03,3.103095729558831561e-02,1.627410365460378941e-02,8.822321298865029582e-02,4.961626050542917998e-02,-1.240136012315591878e-04,1.224209580885871279e-03,-2.830834538531535726e-03,-8.191984315817101014e-03,-2.337681293779897960e-04,2.475768501836009858e-04,-4.438038052910093893e-03,5.671899235191440319e-03
5.130000000000000115e-01,0.000000000000000000e+00,1.007808111929587571e-03,2.696649262278289112e-03,9.973209419544062926e-04,2.705715297034119986e-03,1.000000000000000000e+00,1.000000000000000000e+00,-1.315584369869047133e-04,1.219831080460106673e-03,-4.378107167402564906e-03,-6.745490952242392396e-03,3.356314375452891519e-02,1.549701272638277262e-02,1.015458726852136867e-01,4.339154517806335237e-02,-1.255976253696876723e-04,1.220312638233724640e-03,-3.503897764540097638e-03,-7.397179346699717800e-03,-2.337681293779897960e-04,2.475768501836009858e-04,-3.046412691273244887e-03,5.281771965427709339e-03
5.134999999999999565e-01,0.000000000000000000e+00,1.004626068864903146e-03,2.693661800186051940e-03,9.945916316488377998e-04,2.702673431017856877e-03,1.000000000000000000e+00,1.000000000000000000e+00,-1.339960233943715323e-04,1.216843618367869501e-03,-4.875172814933639333e-03,-5.974924184474423097e-03,3.564895839685323226e-02,1.472222885258272357e-02,1.072223405884937253e-01,4.137731694753252892e-02,-1.274677327060526279e-04,1.216798912128782715e-03,-3.975546858258804245e-03,-6.659022825032155993e-03,-2.337681293779897960e-04,2.475768501836009858e-04,-1.906069104746714159e-03,4.896533283999250120e-03
5.140000000000000124e-01,0.000000000000000000e+00,1.001228223353730967e-03,2.691031264209050883e-03,9.918438897836634807e-04,2.699627346773855741e-03,1.000000000000000000e+00,1.000000000000000000e+00,-1.365989240667817343e-04,1.214213082390868228e-03,-5.205801344820419098e-03,-5.261071954002379675e-03,2.825100920581893882e-02,7.855840116156913300e-03,7.653603655524261751e-02,1.567900393554895119e-02,-1.198200245247336179e-04,1.215477370656323089e-03,-3.183320129901151367e-03,-5.768957746722721755e-03,-5.193552854764422804e-04,1.935570631730860016e-04,-5.856768659416856232e-03,1.831900674904133469e-03
5.144999999999999574e-01,0.000000000000000000e+00,9.972468272783643287e-04,2.688539192813092522e-03,9.890860816146977708e-04,2.696577013075762610e-03,1.000000000000000000e+00,1.000000000000000000e+00,-1.396488504061719701e-04,1.211721010994909866e-03,-6.099852678780474761e-03,-4.984142791916538855e-03,2.951863205554745850e-02,6.659507856143430729e-03,8.730224001276770673e-02,1.701351831255319344e-02,-1.216223066813908627e-04,1.212656303430356035e-03,-4.024110945202107568e-03,-5.515695366401358185e-03,-5.193552854764422804e-04,1.935570631730860016e-04,-5.121086436546472970e-03,1.302661353880402509e-03
5.150000000000000133e-01,0.000000000000000000e+00,9.927526263222834907e-04,2.686146867027852658e-03,9.863289094140491320e-04,2.693521409656297536e-03,1.000000000000000000e+00,1.000000000000000000e+00,-1.430916080748376369e-04,1.209328685209670002e-03,-6.885515337331339115e-03,-4.784651570479879490e-03,3.247414713975214917e-02,7.411964342354053145e-03,9.728342861473975034e-02,2.104286024631575255e-02,-1.238182088117004739e-04,1.209942667634264588e-03,-4.757992338461169632e-03,-5.339087531580579207e-03,-5.193552854764422804e-04,1.935570631730860016e-04,-3.501860181160731684e-03,1.617464605989409358e-03
5.154999999999999583e-01,0.000000000000000000e+00,9.879001663188904069e-04,2.683876916323700915e-03,9.835849254168176330e-04,2.690458653144954960e-03,1.000000000000000000e+00,1.000000000000000000e+00,-1.468088080958940007e-04,1.207058734505518042e-03,-7.434400042112716822e-03,-4.539901408303882724e-03,3.489957077978263211e-02,7.958866625510258377e-03,1.038900779931594687e-01,2.262976034001538961e-02,-1.263222999133747351e-04,1.207328689399301668e-03,-5.257309766011034925e-03,-5.117156723368494753e-03,-5.193552854764422804e-04,1.935570631730860016e-04,-2.180700766676523308e-03,1.840080857724454844e-03
5.160000000000000142e-01,0.000000000000000000e+00,9.828156787042416267e-04,2.681745268552727067e-03,9.808680447478193565e-04,2.687386123012899287e-03,1.000000000000000000e+00,1.000000000000000000e+00,-1.507037515792030585e-04,1.204927086734544194e-03,-7.789886966618138169e-03,-4.263295541947665843e-03,4.434435709773218437e-02,1.842071177136528999e-03,1.383121991998044753e-01,-1.473704434400859627e-03,-1.460473460769435303e-04,1.207131381719655410e-03,-7.490645382999918007e-03,-4.603277336797693270e-03,-1.890915569919694497e-05,1.259941963094932788e-04,2.147024149552163169e-03,-6.640750977730054856e-04
5.164999999999999591e-01,0.000000000000000000e+00,9.779756286203799935e-04,2.679559376341374491e-03,9.781930583483181788e-04,2.684300587517881274e-03,1.000000000000000000e+00,1.000000000000000000e+00,-1.544114450503627156e-04,1.202741194523191618e-03,-7.415386942319323639e-03,-4.371784422705198188e-03,4.818041276788673222e-02,1.065765708582883976e-03,1.453452706423266905e-01,6.863966315868094692e-04,-1.496997809193150982e-04,1.204799068750981358e-03,-7.119674894627539032e-03,-4.725649242977176742e-03,-1.890915569919694497e-05,1.259941963094932788e-04,4.103616712837264945e-03,-9.738249728280874880e-04
5.170000000000000151e-01,0.000000000000000000e+00,9.735699116938880023e-04,2.677295854776443745e-03,9.755751459027493105e-04,2.681198329649137069e-03,1.000000000000000000e+00,1.000000000000000000e+00,-1.577864200198572566e-04,1.200477672958261089e-03,-6.749949938989105100e-03,-4.527043129861177927e-03,4.772080505901176578e-02,2.849672007730280100e-03,1.406370394065438456e-01,8.210411857748595166e-03,-1.530942744491324147e-04,1.202393972292643918e-03,-6.459450451097297798e-03,-4.894318820607206251e-03,-1.890915569919694497e-05,1.259941963094932788e-04,3.813749486255484621e-03,-1.887366039814955716e-04
5.174999999999999600e-01,0.000000000000000000e+00,9.695709503419429462e-04,2.675011619261083960e-03,9.730293887654530276e-04,2.678075273072303732e-03,1.000000000000000000e+00,1.000000000000000000e+00,-1.608498021417622918e-04,1.198193437442901521e-03,-6.126764243810072647e-03,-4.568471030719031649e-03,4.724802155612126131e-02,4.272456883629094371e-03,1.395223623358912979e-01,1.219535811199184278e-02,-1.561691676856704182e-04,1.199932936915374402e-03,-5.841204445737331608e-03,-4.949622506411842024e-03,-1.890915569919694497e-05,1.259941963094932788e-04,3.519764221485965731e-03,4.320844953941784840e-04
5.180000000000000160e-01,0.000000000000000000e+00,9.659507814196356288e-04,2.672751638864490509e-03,9.705702828873973443e-04,2.674927108074315676e-03,1.000000000000000000e+00,1.000000000000000000e+00,-1.636230124278477882e-04,1.195933457046307853e-03,-5.546420572171016986e-03,-4.519960793187539037e-03,5.101005180002680939e-02,-2.181504735094223898e-04,1.548428861703166348e-01,-6.438347741499507275e-03,-1.658345595557124321e-04,1.195659325387270037e-03,-6.044909847762743038e-03,-5.119784417475049809e-03,1.836587609040255605e-04,1.791394565847301279e-04,4.907757667503752363e-03,-1.342339785946350221e-03
5.184999999999999609e-01,0.000000000000000000e+00,9.628938912587645289e-04,2.670375533522278012e-03,9.682112517429102266e-04,2.671749417508321491e-03,1.000000000000000000e+00,1.000000000000000000e+00,-1.659647261488082369e-04,1.193557351704095356e-03,-4.683427441920874450e-03,-4.752210684424786578e-03,5.006129106659056027e-02,1.838805540792133510e-03,1.484024727723418091e-01,5.283740415514453018e-03,-1.686471245212112539e-04,1.193036912064680474e-03,-5.206867840374032087e-03,-5.369286238690595958e-03,1.836587609040255605e-04,1.791394565847301279e-04,4.214720511303232317e-03,-3.842381067279428521e-04
5.190000000000000169e-01,0.000000000000000000e+00,9.603465430651426027e-04,2.667949213212550234e-03,9.659641592564043250e-04,2.668537802738581675e-03,1.000000000000000000e+00,1.000000000000000000e+00,-1.679161080772214579e-04,1.191131031394367578e-03,-3.902763856826417174e-03,-4.852640619455434075e-03,4.892933223288348232e-02,3.604007306551798486e-03,1.452285172835632021e-01,1.034005086030169440e-02,-1.710610801863454049e-04,1.190322641363733992e-03,-4.450329756441205944e-03,-5.487464962065653762e-03,1.836587609040255605e-04,1.791394565847301279e-04,3.561907836644572639e-03,3.894556454730767120e-04
5.194999999999999618e-01,0.000000000000000000e+00,9.582463887642739741e-04,2.665528708411861632e-03,9.638388227291088631e-04,2.665288009585386336e-03,1.000000000000000000e+00,1.000000000000000000e+00,-1.695249196090942493e-04,1.188710526593678759e-03,-3.217623063745565868e-03,-4.841009601377849712e-03,4.791716870059097716e-02,5.001409220266997413e-03,1.426257493827151057e-01,1.426520466604550182e-02,-1.731204661368449936e-04,1.187577256772887014e-03,-3.788418994704663683e-03,-5.493957069737489922e-03,1.836587609040255605e-04,1.791394565847301279e-04,2.979311857226993928e-03,9.961012392176950194e-04
5.200000000000000178e-01,0.000000000000000000e+00,9.565377563922496497e-04,2.663157901810196161e-03,9.618425257657933942e-04,2.661996054269949018e-03,1.000000000000000000e+00,1.000000000000000000e+00,-1.708338079430167251e-04,1.186339719992013288e-03,-2.617776667844932178e-03,-4.741613203330885540e-03,4.007132061491162911e-02,-9.511065321752909876e-04,1.133359633954370838e-01,-1.000250379734593173e-02,-1.637657393438564162e-04,1.184679069234592349e-03,-1.954687320563711951e-03,-5.432311491336267242e-03,-1.428602999518594364e-04,1.841818972632684357e-04,-1.439419551539241737e-03,-1.343730536184707973e-03
5.204999999999999627e-01,0.000000000000000000e+00,9.548232043479351009e-04,2.660650438008919580e-03,9.599795312015006656e-04,2.658658349359326566e-03,1.000000000000000000e+00,1.000000000000000000e+00,-1.721472310090021735e-04,1.183832256190737141e-03,-2.626846131970904212e-03,-5.014927602552376670e-03,3.900064764568871717e-02,4.881365437691794406e-04,1.158707329171088929e-01,5.509097231552397174e-04,-1.647424713653117484e-04,1.181890327885002029e-03,-1.952208657504365822e-03,-5.721987130828504707e-03,-1.428602999518594364e-04,1.841818972632684357e-04,-2.004346216974784659e-03,-6.964519147811751298e-04
5.210000000000000187e-01,0.000000000000000000e+00,9.530493543476548177e-04,2.658053173964594097e-03,9.582505955496011798e-04,2.655271829508069285e-03,1.000000000000000000e+00,1.000000000000000000e+00,-1.735060789446434676e-04,1.181234992146411658e-03,-2.717695871282572572e-03,-5.194528088650780633e-03,3.963001647179201919e-02,2.619667138598189785e-03,1.191810009143311339e-01,7.523185077001979387e-03,-1.657383823923217370e-04,1.178980152417971735e-03,-2.031244643627325673e-03,-5.918224454301100786e-03,-1.428602999518594364e-04,1.841818972632684357e-04,-1.664948166279026868e-03,2.412861322560297568e-04
5.214999999999999636e-01,0.000000000000000000e+00,9.512486288464609306e-04,2.655434069461082205e-03,9.566526050248937933e-04,2.651834060957657807e-03,1.000000000000000000e+00,1.000000000000000000e+00,-1.748855147084156763e-04,1.178615887642899549e-03,-2.758871527544393999e-03,-5.238209007024170923e-03,4.013297770155353078e-02,4.318570599254218170e-03,1.205753194111972154e-01,1.228276009977934125e-02,-1.667614949610916148e-04,1.176005774231689976e-03,-2.061109090405275051e-03,-5.979057992406847967e-03,-1.428602999518594364e-04,1.841818972632684357e-04,-1.396161214403004612e-03,9.822567483960349590e-04
5.220000000000000195e-01,0.000000000000000000e+00,9.494467432279463668e-04,2.652846774736981536e-03,9.551787768003266402e-04,2.648343275521648083e-03,1.000000000000000000e+00,1.000000000000000000e+00,-1.762658391736147869e-04,1.176028592918799097e-03,-2.760648930398225571e-03,-5.174589448201073749e-03,3.876812728824085424e-02,7.154041094447193862e-03,1.148444073136520027e-01,2.187183873514490784e-02,-1.656905483702337102e-04,1.162305673495594343e-03,-1.814516796680036136e-03,-7.145977796540171900e-03,-2.045876231083202290e-04,4.994620490464862696e-04,-1.893274045629206271e-03,2.175300386538187546e-03
5.224999999999999645e-01,0.000000000000000000e+00,9.475755352606936039e-04,2.650379836066672941e-03,9.538192546323781811e-04,2.644798351883808404e-03,1.000000000000000000e+00,1.000000000000000000e+00,-1.776992676388487128e-04,1.173561654248490502e-03,-2.866856930467878619e-03,-4.933877340617245921e-03,3.939965808889543675e-02,8.252843926652099829e-03,1.184060885956238485e-01,2.382221003031987153e-02,-1.666201703448225309e-04,1.158781101520787223e-03,-1.903763012578423052e-03,-6.952551763926589912e-03,-2.045876231083202290e-04,4.994620490464862696e-04,-1.552390533787934707e-03,2.640138516064984790e-03
5.230000000000000204e-01,0.000000000000000000e+00,9.456676633166453960e-04,2.648066476802483048e-03,9.525617394578177752e-04,2.641198792224131765e-03,1.000000000000000000e+00,1.000000000000000000e+00,-1.791607823397694773e-04,1.171248294984300175e-03,-2.923029401841516824e-03,-4.626718528380552135e-03,3.990607566986108246e-02,9.065367871507131609e-03,1.198040649710371275e-01,2.617187237183464868e-02,-1.675820317301693503e-04,1.155369984708283287e-03,-1.943569035835716798e-03,-6.692290959825127408e-03,-2.045876231083202290e-04,4.994620490464862696e-04,-1.281441529643506053e-03,2.976314499182865485e-03
5.234999999999999654e-01,0.000000000000000000e+00,9.437491419120231685e-04,2.645930568900434036e-03,9.513921200146528527e-04,2.637544698841627708e-03,1.000000000000000000e+00,1.000000000000000000e+00,-1.806304550007851333e-04,1.169112387082251597e-03,-2.939345322031285210e-03,-4.271815804097359864e-03,4.030659979308014174e-02,9.641020308574926173e-03,1.209186395771410932e-01,2.786652437743091654e-02,-1.685539458229561938e-04,1.152101083372288450e-03,-1.944049674541537421e-03,-6.383788723599742240e-03,-2.045876231083202290e-04,4.994620490464862696e-04,-1.069507104505435912e-03,3.206514344179861847e-03
5.240000000000000213e-01,0.000000000000000000e+00,9.418403789362845809e-04,2.643988283182101794e-03,9.502951034630690392e-04,2.633836750777105492e-03,1.000000000000000000e+00,1.000000000000000000e+00,-1.820926522715808952e-04,1.167170101363918921e-03,-2.924394541591528868e-03,-3.884571436665326151e-03,4.467564995199739541e-02,-3.736528384409056047e-04,1.375525303048927006e-01,-1.135193396690459613e-02,-1.813954202064364265e-04,1.158918942770450350e-03,-3.257449289040535798e-03,-4.919576610268270103e-03,1.446530601766431406e-04,2.076420675505252745e-04,1.624738494664291870e-03,-1.005497129137198926e-03
5.244999999999999662e-01,0.000000000000000000e+00,9.401603699306310472e-04,2.641924579118535600e-03,9.492548460063754846e-04,2.630076180435965069e-03,1.000000000000000000e+00,1.000000000000000000e+00,-1.833796138347516173e-04,1.165106397300352727e-03,-2.573923126341450419e-03,-4.127408127132226566e-03,4.828962790721516574e-02,-6.065700621935391466e-03,1.480433924086465847e-01,-2.501322168695302092e-02,-1.829411466179924550e-04,1.156394673922352427e-03,-2.926040209762678559e-03,-5.176904689687589559e-03,1.446530601766431406e-04,2.076420675505252745e-04,3.603659921145196520e-03,-3.431467103345436486e-03
5.250000000000000222e-01,0.000000000000000000e+00,9.388877083720921154e-04,2.639563197166078321e-03,9.482555835119446620e-04,2.626264750210974188e-03,1.000000000000000000e+00,1.000000000000000000e+00,-1.843545291496415204e-04,1.162745015347895665e-03,-1.949830629779800845e-03,-4.722763904914219560e-03,4.713518506057323698e-02,-2.607001353645601802e-03,1.408044023999479033e-01,-6.977777700535363337e-03,-1.842529615419326208e-04,1.153654023082519671e-03,-2.322339875288208753e-03,-5.784417745892490165e-03,1.446530601766431406e-04,2.076420675505252745e-04,2.949213016091458469e-03,-1.890529680642915461e-03
5.254999999999999671e-01,0.000000000000000000e+00,9.379599635151486710e-04,2.637015968297728823e-03,9.472822621321571549e-04,2.622404729105063271e-03,1.000000000000000000e+00,1.000000000000000000e+00,-1.850652229419352758e-04,1.160197786479546167e-03,-1.421387584587505224e-03,-5.094457736699050873e-03,4.613229353066295585e-02,2.118257483748034378e-04,1.381740853782192080e-01,8.571806581634906427e-04,-1.852866736354224554e-04,1.150665376920009895e-03,-1.813455645236885247e-03,-6.169308048586247956e-03,1.446530601766431406e-04,2.076420675505252745e-04,2.381892021724060522e-03,-6.421553839136132959e-04
5.260000000000000231e-01,0.000000000000000000e+00,9.373229842811495139e-04,2.634373444946906326e-03,9.463211689253465519e-04,2.618498869354112923e-03,1.000000000000000000e+00,1.000000000000000000e+00,-1.855531773445224803e-04,1.157555263128723670e-03,-9.759088051744008348e-04,-5.285046701645145471e-03,4.247643952584367194e-02,-6.596301235482093621e-03,1.250673764375208052e-01,-2.807155942717197428e-02,-1.846939156323833243e-04,1.147745396087069105e-03,-1.229229458167020684e-03,-6.349441242702901986e-03,1.037035149678020907e-04,2.012923292104451425e-04,9.372958773654349596e-04,-3.661539576950828372e-03
5.264999999999999680e-01,0.000000000000000000e+00,9.367903009286352627e-04,2.631424246292643227e-03,9.453605624767384870e-04,2.614550383049732765e-03,1.000000000000000000e+00,1.000000000000000000e+00,-1.859612364666580260e-04,1.154606064474460571e-03,-8.161182442710771152e-04,-5.898397308526138333e-03,4.212529416865985754e-02,-2.734892287426889633e-03,1.269088901244321832e-01,-7.527114330791189259e-03,-1.852717945765975337e-04,1.144414341724033467e-03,-1.082548745629604084e-03,-6.973441022873083997e-03,1.037035149678020907e-04,2.012923292104451425e-04,8.345953757166753697e-04,-1.966656880181839092e-03
5.270000000000000240e-01,0.000000000000000000e+00,9.363431684668117524e-04,2.628292961290236603e-03,9.443913035193951012e-04,2.610562918762051980e-03,1.000000000000000000e+00,1.000000000000000000e+00,-1.863037598043760677e-04,1.151474779472054163e-03,-6.850466754361070288e-04,-6.262570004813004451e-03,4.200184889214936268e-02,3.507587744777350414e-04,1.267984484058432004e-01,1.003554991232872944e-03,-1.857834389275345838e-04,1.140833398888770707e-03,-9.642386062941409432e-04,-7.349466259707858329e-03,1.037035149678020907e-04,2.012923292104451425e-04,7.616536462026181559e-04,-6.033788939640758429e-04
5.274999999999999689e-01,0.000000000000000000e+00,9.359744581115153096e-04,2.625078504462757031e-03,9.434074855551600461e-04,2.606540538162508552e-03,1.000000000000000000e+00,1.000000000000000000e+00,-1.865862083231713275e-04,1.148260322644574375e-03,-5.648970375905388317e-04,-6.428913654959583605e-03,4.188521707444897713e-02,2.829880933227273132e-03,1.265143214457984944e-01,7.925986096415480950e-03,-1.862386027246888177e-04,1.137113772347077929e-03,-8.566079681976829490e-04,-7.528552273384702884e-03,1.037035149678020907e-04,2.012923292104451425e-04,6.930589480852051556e-04,4.835529380633639060e-04
5.280000000000000249e-01,0.000000000000000000e+00,9.356774564398164917e-04,2.621859692490502262e-03,9.424070654755977404e-04,2.602487692646630706e-03,1.000000000000000000e+00,1.000000000000000000e+00,-1.868137248033731649e-04,1.145041510672319823e-03,-4.550329604036878551e-04,-6.437623944509256353e-03,4.346341942079801762e-02,-8.302993879829533713e-03,1.328011065017524750e-01,-3.743039240612611174e-02,-1.916535419053297623e-04,1.140852536959440595e-03,-1.325953732058046067e-03,-6.701162327163355525e-03,2.510526961538344834e-04,-1.949620450654602352e-05,1.623258937702739494e-03,-4.429157920445972452e-03
5.284999999999999698e-01,0.000000000000000000e+00,9.355304323942183675e-04,2.618288982157704857e-03,9.413924871404833221e-04,2.598409199558889687e-03,1.000000000000000000e+00,1.000000000000000000e+00,-1.869263517565085159e-04,1.141470800339522201e-03,-2.252539062707116263e-04,-7.141420665595192563e-03,4.353502954971559535e-02,-6.710486998581063206e-03,1.318533135906343468e-01,-2.204462474506025879e-02,-1.922655760526739081e-04,1.137328456753779497e-03,-1.122553914423908214e-03,-7.393683221276555091e-03,2.510526961538344834e-04,-1.949620450654602352e-05,1.647653383617913268e-03,-3.683906641964885577e-03
5.290000000000000258e-01,0.000000000000000000e+00,9.355352464371327788e-04,2.614420644038554804e-03,9.403710548269745163e-04,2.594310204283878721e-03,1.000000000000000000e+00,1.000000000000000000e+00,-1.869226639856849670e-04,1.137602462220372148e-03,7.375541647079703186e-06,-7.736676238299994811e-03,4.316200737236629281e-02,-2.774413783076929568e-03,1.304663431306221921e-01,-8.373714721059379723e-03,-1.927750977830372926e-04,1.133485117501567552e-03,-9.159142169957607557e-04,-7.978395380324701525e-03,2.510526961538344834e-04,-1.949620450654602352e-05,1.436790265233126767e-03,-1.938850121768789054e-03
5.294999999999999707e-01,0.000000000000000000e+00,9.356714437794974235e-04,2.610381599726325184e-03,9.393545408230592883e-04,2.590196099062474274e-03,1.000000000000000000e+00,1.000000000000000000e+00,-1.868183307683990251e-04,1.133563417908142528e-03,2.086664345718747802e-04,-8.078088624459132602e-03,4.283596726521292364e-02,4.105067786883838908e-04,1.296248501302365574e-01,4.885342174451995367e-04,-1.931890016595891834e-04,1.129412610676791464e-03,-7.400265156594218116e-04,-8.310833754562830730e-03,2.510526961538344834e-04,-1.949620450654602352e-05,1.253007269850272979e-03,-5.365913027691338738e-04
5.300000000000000266e-01,0.000000000000000000e+00,9.359211464195392937e-04,2.606273837006431275e-03,9.383584302840321766e-04,2.586072421311378169e-03,1.000000000000000000e+00,1.000000000000000000e+00,-1.866270474485627660e-04,1.129455655188248836e-03,3.825666396724926375e-04,-8.215525439787502854e-03,3.754047607111781620e-02,-8.402778187154708034e-03,1.094291253344903958e-01,-3.651721870226259242e-02,-1.823696146753057870e-04,1.134717294562442727e-03,6.707199678991576999e-04,-7.366609368309001010e-03,-7.687058981791788253e-05,-2.986243616695208759e-04,-1.889738555982585022e-03,-4.425440576553110045e-03
5.304999999999999716e-01,0.000000000000000000e+00,9.360176982340906969e-04,2.601823160798153074e-03,9.374011475331387334e-04,2.581944750894165502e-03,1.000000000000000000e+00,1.000000000000000000e+00,-1.865530844675525823e-04,1.125004978979970201e-03,1.479259620203807332e-04,-8.901352416557100841e-03,3.445459978124134487e-02,-9.893554565329835612e-03,1.018412669294575246e-01,-3.507828949684303060e-02,-1.820909862925372113e-04,1.130871320587418247e-03,4.442219838690671238e-04,-8.015882905832437053e-03,-7.687058981791788253e-05,-2.986243616695208759e-04,-3.607768414475075267e-03,-5.066483598541720625e-03
5.310000000000000275e-01,0.000000000000000000e+00,9.358082644396188525e-04,2.596987468730209848e-03,9.365032823621167492e-04,2.577818607392305238e-03,1.000000000000000000e+00,1.000000000000000000e+00,-1.867135200620091359e-04,1.120169286912027192e-03,-3.208711889131249688e-04,-9.671384135885837188e-03,3.569638967153529463e-02,-5.269100184544142640e-03,1.090506752752881114e-01,-1.617703019144631563e-02,-1.819839522338379326e-04,1.126679606335642941e-03,-1.519944100531085696e-05,-8.749394157917611894e-03,-7.687058981791788253e-05,-2.986243616695208759e-04,-2.916065255418352938e-03,-3.014164923839757464e-03
5.314999999999999725e-01,0.000000000000000000e+00,9.353586413346903902e-04,2.591916323608641284e-03,9.356868163317451749e-04,2.573699347376208132e-03,1.000000000000000000e+00,1.000000000000000000e+00,-1.870579513430374640e-04,1.115098141790458628e-03,-6.888625620566812997e-04,-1.014229024313714929e-02,3.674192798005312260e-02,-1.517205926135853106e-03,1.118567877805757699e-01,-5.756183025280980220e-03,-1.820815630014763653e-04,1.122195492941696236e-03,-3.745435364226456371e-04,-9.186043738747859400e-03,-7.687058981791788253e-05,-2.986243616695208759e-04,-2.335637258899533972e-03,-1.360292943572232209e-03
5.320000000000000284e-01,0.000000000000000000e+00,9.347240550275063729e-04,2.586730303903281205e-03,9.349743490723867560e-04,2.569592061676250795e-03,1.000000000000000000e+00,1.000000000000000000e+00,-1.875440726573351642e-04,1.109912122085098549e-03,-9.722426285954112977e-04,-1.037203941072014322e-02,4.233909783412265204e-02,-4.105905804880692449e-03,1.325521065944406385e-01,-1.911146549249705812e-02,-1.867531803839340596e-04,1.115247871388495415e-03,-1.149436384668311951e-03,-9.644230108302545915e-03,5.296207641811632690e-05,-2.308432489619426672e-04,1.018143350831222579e-04,-2.634847776798288944e-03
5.324999999999999734e-01,0.000000000000000000e+00,9.341871505038445815e-04,2.581350423319360085e-03,9.343883245845337020e-04,2.565501472653818407e-03,1.000000000000000000e+00,1.000000000000000000e+00,-1.879553653841717158e-04,1.104532241501177212e-03,-8.225854536730999814e-04,-1.075976116784270291e-02,4.297849942731298695e-02,-8.893078412444026856e-05,1.303362773560979848e-01,-1.467775988200357203e-03,-1.872920669971029424e-04,1.110335239150709490e-03,-1.006366969844378709e-03,-1.000541322276487372e-02,5.296207641811632690e-05,-2.308432489619426672e-04,-3.738808060850434324e-06,-1.005305649518904330e-03
5.330000000000000293e-01,0.000000000000000000e+00,9.337788872868259520e-04,2.575905096816509966e-03,9.339502575393516214e-04,2.561431831472327919e-03,1.000000000000000000e+00,1.000000000000000000e+00,-1.882681131528987336e-04,1.099086914998327310e-03,-6.254955374540251871e-04,-1.089065300569996841e-02,4.263163891917361864e-02,2.801261893366271787e-03,1.285474404459827358e-01,6.271325819397717549e-03,-1.877475817244056693e-04,1.105305874257517728e-03,-8.160435695151646487e-04,-1.011165040054525996e-02,5.296207641811632690e-05,-2.308432489619426672e-04,-2.009453284501791720e-04,2.528494277685355233e-04
5.334999999999999742e-01,0.000000000000000000e+00,9.334804378676194283e-04,2.570486035916002242e-03,9.336799595792259505e-04,2.557386815368274668e-03,1.000000000000000000e+00,1.000000000000000000e+00,-1.884967386720339596e-04,1.093667854097819586e-03,-4.572510382704595994e-04,-1.083812180101535391e-02,4.232875065060408976e-02,5.070410689552592998e-03,1.277560763307723779e-01,1.263927823169715657e-02,-1.881150923055142628e-04,1.100268975004864121e-03,-6.542983266941340822e-04,-1.003590305959712985e-02,5.296207641811632690e-05,-2.308432489619426672e-04,-3.728003189595618960e-04,1.229433813016495101e-03
5.340000000000000302e-01,0.000000000000000000e+00,9.332753842534828852e-04,2.565164471978364363e-03,9.335947656183054546e-04,2.553369424922253411e-03,1.000000000000000000e+00,1.000000000000000000e+00,-1.886538188536847804e-04,1.088346290160181491e-03,-3.141603633016216025e-04,-1.064312787527611250e-02,4.786282440694596130e-02,1.448245056329664111e-02,1.495826689619704497e-01,4.733922277372163562e-02,-1.913854586156066165e-04,1.079567982651261603e-03,-8.543218881261726563e-04,-1.159932614398568630e-02,1.405142860315808839e-04,2.319090959036361932e-04,2.005705442637317412e-03,4.937223458035105636e-03
5.344999999999999751e-01,0.000000000000000000e+00,9.334399248398512865e-04,2.560234048598950159e-03,9.337087601430477894e-04,2.549381881330004939e-03,1.000000000000000000e+00,1.000000000000000000e+00,-1.885277734518296482e-04,1.083415866780767503e-03,2.520908037102888126e-04,-9.860846758828175143e-03,4.694872095704646919e-02,1.483872278137529296e-02,1.416074198963706843e-01,4.102461346922596508e-02,-1.916749648693563636e-04,1.073958111736432897e-03,-3.047572356344644242e-04,-1.084141433804068112e-02,1.405142860315808839e-04,2.319090959036361932e-04,1.213368888873221814e-03,4.976710872030681680e-03
5.350000000000000311e-01,0.000000000000000000e+00,9.339239461135214262e-04,2.555701911917230597e-03,9.340320035127646281e-04,2.545425523673440146e-03,1.000000000000000000e+00,1.000000000000000000e+00,-1.881569916447832752e-04,1.078883730099047941e-03,7.415636140927297799e-04,-9.064273363439102893e-03,4.563678635458424948e-02,1.480646448563326112e-02,1.375511361510005637e-01,4.093777987802606211e-02,-1.917087424165657395e-04,1.068730857744626351e-03,1.687307095767904110e-04,-1.006890120843474505e-02,1.405142860315808839e-04,2.319090959036361932e-04,4.838572893203906423e-04,4.910336894675766152e-03
5.354999999999999760e-01,0.000000000000000000e+00,9.346579494244327147e-04,2.551562936275068166e-03,9.345697582911834285e-04,2.541500706197168374e-03,1.000000000000000000e+00,1.000000000000000000e+00,-1.875947124872287682e-04,1.074744754456885294e-03,1.124558315108997600e-03,-8.277951284325167983e-03,4.453428154512308751e-02,1.461537425183435240e-02,1.345915881269484360e-01,4.056136129467606544e-02,-1.915322277196844535e-04,1.063887409062511200e-03,5.366084648634259066e-04,-9.306188610233700337e-03,1.405142860315808839e-04,2.319090959036361932e-04,-1.269959261914942400e-04,4.775817941078468534e-03
5.360000000000000320e-01,0.000000000000000000e+00,9.355837084912955017e-04,2.547807046738184960e-03,9.353217634190963024e-04,2.537606704049231651e-03,1.000000000000000000e+00,1.000000000000000000e+00,-1.868855398983915346e-04,1.070988864920002304e-03,1.418345177674487645e-03,-7.511779073765924471e-03,4.614958913733838847e-02,2.325338679296718846e-03,1.419612077056519317e-01,-6.676328624924815491e-03,-1.919794368887775147e-04,1.087656735755060389e-03,7.271690107233631187e-04,-5.368600574802354433e-03,1.636119578233388749e-04,-5.983721530902387379e-04,5.989800130547504649e-04,-1.711972130963735489e-04
5.364999999999999769e-01,0.000000000000000000e+00,9.367798167334549526e-04,2.544046088709187026e-03,9.362820546788382580e-04,2.533741715673746772e-03,1.000000000000000000e+00,1.000000000000000000e+00,-1.859692678261164222e-04,1.067227906891004153e-03,1.832544144550204892e-03,-7.521916057996190334e-03,4.690903417297562911e-02,-9.263123767917715370e-03,1.437504488810192049e-01,-4.119482430676105894e-02,-1.915163437433534165e-04,1.084984473342415386e-03,1.124416210278089689e-03,-5.320441420988607228e-03,1.636119578233388749e-04,-5.983721530902387379e-04,9.687583409341464849e-04,-5.157504863876729954e-03
5.370000000000000329e-01,0.000000000000000000e+00,9.382810437027095394e-04,2.539918349307925417e-03,9.374395754351918814e-04,2.529903005022062206e-03,1.000000000000000000e+00,1.000000000000000000e+00,-1.848192612484586236e-04,1.063100167489742761e-03,2.300013155315583802e-03,-8.255478802522957932e-03,4.591849095591713642e-02,-1.458458900621586313e-02,1.395020779463900518e-01,-5.228446024657781854e-02,-1.908412901462442409e-04,1.082155903990837491e-03,1.574899636194406448e-03,-5.992426792534578245e-03,1.636119578233388749e-04,-5.983721530902387379e-04,4.097800984460961068e-04,-7.390867386456632937e-03
5.374999999999999778e-01,0.000000000000000000e+00,9.400340443694456911e-04,2.535262238636555761e-03,9.387789591365589426e-04,2.526087074152374989e-03,1.000000000000000000e+00,1.000000000000000000e+00,-1.834763848289215670e-04,1.058444056818373322e-03,2.685752839074104486e-03,-9.312221342739079172e-03,4.452390054840687367e-02,-9.536996345427413077e-03,1.351352592243136586e-01,-2.859307413953595181e-02,-1.899612762497284346e-04,1.078910614675070156e-03,1.944406593694442652e-03,-6.986680976697422045e-03,1.636119578233388749e-04,-5.983721530902387379e-04,-3.564712987259896059e-04,-5.138423446037398458e-03
5.380000000000000338e-01,0.000000000000000000e+00,9.419658223910002542e-04,2.530242191281493070e-03,9.402813140149625295e-04,2.522289836218352850e-03,1.000000000000000000e+00,1.000000000000000000e+00,-1.819965570101703253e-04,1.053424009463310414e-03,2.959655637502506351e-03,-1.004009471012569030e-02,3.401725324831209041e-02,-6.791555473232324322e-03,9.566616460694452040e-02,-2.255268027128643632e-02,-1.664501187731869309e-04,1.067514047383691465e-03,4.745614309799470361e-03,-8.530151100690339452e-03,-4.972345135417307769e-04,-3.709032509468504946e-04,-5.190743373235807978e-03,-3.861781949917779313e-03
5.384999999999999787e-01,0.000000000000000000e+00,9.435476892312179807e-04,2.524948817144274937e-03,9.419250077860450614e-04,2.518506788457765874e-03,1.000000000000000000e+00,1.000000000000000000e+00,-1.807847767074673270e-04,1.048130635326092065e-03,2.423560605406004792e-03,-1.058674827443689334e-02,3.009497882329291787e-02,-1.690827418508962510e-03,8.911937901672520312e-02,-5.321958207109529077e-03,-1.641989122178511180e-04,1.063121175645045154e-03,4.260067819913514880e-03,-9.040181411923791516e-03,-4.972345135417307769e-04,-3.709032509468504946e-04,-7.017671782447442407e-03,-1.560715874666697423e-03
5.390000000000000346e-01,0.000000000000000000e+00,9.445870254656420608e-04,2.519545318176079005e-03,9.436864523490753019e-04,2.514733185181117735e-03,1.000000000000000000e+00,1.000000000000000000e+00,-1.799885989605545604e-04,1.042727136357896349e-03,1.592355493825553525e-03,-1.080699793639152903e-02,3.149125364118868925e-02,1.242562548931183284e-03,9.745136647476924929e-02,1.621320134154945712e-03,-1.622641710964076482e-04,1.058554421499394160e-03,3.480334663743309739e-03,-9.226301890765283703e-03,-4.972345135417307769e-04,-3.709032509468504946e-04,-6.224634337996618264e-03,-2.787651836733289791e-04
5.394999999999999796e-01,0.000000000000000000e+00,9.451599761483325162e-04,2.514125270812651684e-03,9.455408884869442041e-04,2.510964210760276497e-03,1.000000000000000000e+00,1.000000000000000000e+00,-1.795496932738982888e-04,1.037307088994468812e-03,8.778113733125235147e-04,-1.084009472685487294e-02,3.271284890662273792e-02,3.562436567974874586e-03,1.006263321112630671e-01,8.112570257905227927e-03,-1.606904502887496005e-04,1.053941069745399639e-03,2.815776999318576109e-03,-9.226929567066379997e-03,-4.972345135417307769e-04,-3.709032509468504946e-04,-5.532389401980150959e-03,7.246431786820878643e-04
5.400000000000000355e-01,0.000000000000000000e+00,9.453331022274166599e-04,2.508761989783924069e-03,9.474631705661697547e-04,2.507195152617098036e-03,1.000000000000000000e+00,1.000000000000000000e+00,-1.794170710030568887e-04,1.031943807965741413e-03,2.652445416828266150e-04,-1.072656205745477730e-02,3.911209640059210707e-02,1.148508519608211140e-02,1.241125115428074466e-01,3.694988897434388353e-02,-1.700946108978126166e-04,1.028228739734778161e-03,1.044566864633169126e-03,-1.147345093710739825e-02,-1.834628735028485166e-04,2.505664586736087779e-04,-1.726402070675012428e-03,3.967244053588649122e-03
5.404999999999999805e-01,0.000000000000000000e+00,9.454316401818493127e-04,2.503703045999274186e-03,9.494285512368961805e-04,2.503421574212065081e-03,1.000000000000000000e+00,1.000000000000000000e+00,-1.793415865506274749e-04,1.026884864181091530e-03,1.509689048588263444e-04,-1.011788756929995689e-02,4.405831271334588461e-02,1.809911238218968321e-02,1.377988028910705487e-01,5.613504563220489407e-02,-1.695969379344563599e-04,1.022637004390906761e-03,9.462966278760853332e-04,-1.089440131378022723e-02,-1.834628735028485166e-04,2.505664586736087779e-04,1.392375705485171967e-03,6.900095223505322943e-03
5.410000000000000364e-01,0.000000000000000000e+00,9.457042552015613914e-04,2.499152196078585804e-03,9.514134661328984676e-04,2.499639488032912374e-03,1.000000000000000000e+00,1.000000000000000000e+00,-1.791327513296662663e-04,1.022334014260403148e-03,4.176704419223940552e-04,-9.101699841376738667e-03,4.298520617665263499e-02,1.730330273064848920e-02,1.295496781527819830e-01,4.783529026385616167e-02,-1.690535940457619450e-04,1.017436387893882847e-03,1.226515333229436086e-03,-9.909776330324729723e-03,-1.834628735028485166e-04,2.505664586736087779e-04,8.382311730568235827e-04,6.497840637396912547e-03
5.414999999999999813e-01,0.000000000000000000e+00,9.460951288047561277e-04,2.495079174806770494e-03,9.533963185715793988e-04,2.495845528583257901e-03,1.000000000000000000e+00,1.000000000000000000e+00,-1.788333247779770683e-04,1.018260992988587622e-03,5.988531033783955730e-04,-8.146042543630910293e-03,4.217166271868764277e-02,1.649441541184286028e-02,1.274019028082429839e-01,4.578419710854866181e-02,-1.683914983655459012e-04,1.012713128718078885e-03,1.421464557435682136e-03,-8.984874326175461973e-03,-1.834628735028485166e-04,2.505664586736087779e-04,3.909811730109866569e-04,6.084803511089479505e-03
5.420000000000000373e-01,0.000000000000000000e+00,9.465620824547567487e-04,2.491453605974006461e-03,9.553582642539754826e-04,2.492037125371228921e-03,1.000000000000000000e+00,1.000000000000000000e+00,-1.784756175291999638e-04,1.014635424155823588e-03,7.154144975541903853e-04,-7.251137665528043647e-03,4.304064308535120176e-02,8.216015082670773129e-03,1.315327732729486276e-01,1.470908871952814403e-02,-1.676678470286158183e-04,1.007631842644808682e-03,1.549680065074966577e-03,-8.211048266307889240e-03,-1.828817174420120759e-04,2.742509432316851659e-04,1.344014153386931558e-03,2.548947600916119140e-03
5.424999999999999822e-01,0.000000000000000000e+00,9.471477151127563002e-04,2.488011955702359307e-03,9.572839959647542075e-04,2.488212675898101005e-03,1.000000000000000000e+00,1.000000000000000000e+00,-1.780269968858304416e-04,1.011193773884176434e-03,8.972412867390311842e-04,-6.883300543294309896e-03,4.153241017297025495e-02,8.918668139648575077e-03,1.250295176776727579e-01,2.466309207662655684e-02,-1.668441474076830418e-04,1.003611247068096407e-03,1.744709326223016152e-03,-7.871839481853005679e-03,-1.828817174420120759e-04,2.742509432316851659e-04,8.615248056134751408e-04,2.894696369888128794e-03
5.430000000000000382e-01,0.000000000000000000e+00,9.477750168230407750e-04,2.484774437061412593e-03,9.591625225635594301e-04,2.484371717206482547e-03,1.000000000000000000e+00,1.000000000000000000e+00,-1.775464558965079607e-04,1.007956255243230154e-03,9.610819786449493899e-04,-6.475037281892619817e-03,4.095339196557069156e-02,9.538314227596806846e-03,1.241020405311796249e-01,2.664534165035578606e-02,-1.659523766542633609e-04,9.997704356594142288e-04,1.822189830583703478e-03,-7.491997135686741596e-03,-1.828817174420120759e-04,2.742509432316851659e-04,5.471759835434407068e-04,3.138145244467841974e-03
5.434999999999999831e-01,0.000000000000000000e+00,9.484144227072403757e-04,2.481758410553609046e-03,9.609877204342216718e-04,2.480515040014085338e-03,1.000000000000000000e+00,1.000000000000000000e+00,-1.770566425720192282e-04,1.004940228735426606e-03,9.796266489774795461e-04,-6.032053015607012972e-03,4.048977752206454894e-02,9.938317252718761180e-03,1.228055978294348566e-01,2.786036438550262145e-02,-1.650332092309384055e-04,9.961283048330578718e-04,1.854382737301272458e-03,-7.077192417462690663e-03,-1.828817174420120759e-04,2.742509432316851659e-04,2.973515958726775411e-04,3.284013852713813311e-03
5.440000000000000391e-01,0.000000000000000000e+00,9.490424921054052380e-04,2.478974144744775301e-03,9.627581410953354752e-04,2.476644615158819784e-03,1.000000000000000000e+00,1.000000000000000000e+00,-1.765755134996619769e-04,1.002155962926592645e-03,9.622581447144919241e-04,-5.568531617667923581e-03,3.694636552917574673e-02,-3.030227035774046840e-04,1.094307861941971605e-01,-1.205564147470669298e-02,-1.585129552179706969e-04,9.952583236215476956e-04,2.483492014125128922e-03,-6.351954984002500075e-03,-3.473715931558755640e-04,1.989890074813161869e-04,-1.349423707912176130e-03,-1.187359173160402494e-03
5.444999999999999840e-01,0.000000000000000000e+00,9.494817580971839444e-04,2.476099166604931508e-03,9.644764436525728223e-04,2.472763425382320732e-03,1.000000000000000000e+00,1.000000000000000000e+00,-1.762390162276087930e-04,9.992809847867488524e-04,6.729945441063544826e-04,-5.749956279687457733e-03,3.719422558467040674e-02,1.993323187622541605e-03,1.132655004848333868e-01,5.527186315542840893e-03,-1.573361197194270795e-04,9.920326808798055583e-04,2.224307802381346282e-03,-6.550110061665604527e-03,-3.473715931558755640e-04,1.989890074813161869e-04,-1.201789882142227303e-03,-1.780890449095901343e-04
5.450000000000000400e-01,0.000000000000000000e+00,9.497467842407171902e-04,2.473206629322250924e-03,9.661488061811447431e-04,2.468875291797015953e-03,1.000000000000000000e+00,1.000000000000000000e+00,-1.760359944230738651e-04,9.963884475040682680e-04,4.060436090698501393e-04,-5.785074565361174835e-03,3.743217107842090885e-02,3.820739627526284488e-03,1.138370347755123663e-01,1.064884834693788709e-02,-1.562834518815760568e-04,9.887444656047352735e-04,1.986784085967368326e-03,-6.602525194840589556e-03,-3.473715931558755640e-04,1.989890074813161869e-04,-1.060884245090139809e-03,6.179740999381728387e-04
5.454999999999999849e-01,0.000000000000000000e+00,9.498514877775826853e-04,2.470354181034379020e-03,9.677843371078249067e-04,2.464984700353096622e-03,1.000000000000000000e+00,1.000000000000000000e+00,-1.759557868604831750e-04,9.935359992161963642e-04,1.604151251813714686e-04,-5.704896575743840723e-03,3.765861957756388989e-02,5.252362182975495869e-03,1.143836427066994288e-01,1.468327328199401857e-02,-1.553443668924297356e-04,9.854588280866886669e-04,1.769940621866544165e-03,-6.540021841570620512e-03,-3.473715931558755640e-04,1.989890074813161869e-04,-9.274812890586378849e-04,1.234638755226537266e-03
5.460000000000000409e-01,0.000000000000000000e+00,9.498090662892319427e-04,2.467586424441282379e-03,9.693944865929851390e-04,2.461096628305481718e-03,1.000000000000000000e+00,1.000000000000000000e+00,-1.759882836059031082e-04,9.907682426230999401e-04,-6.499349083987978758e-05,-5.535513186192674712e-03,4.389665798418578013e-02,-2.334216083258365548e-03,1.382977165119519403e-01,-1.592969245358856478e-02,-1.594389392093892711e-04,9.836687162794468219e-04,1.014913596929857206e-03,-6.225393999014964576e-03,-2.024022266833633960e-04,1.565878865061308433e-04,1.903615988691349488e-03,-2.271460690664232288e-03
5.464999999999999858e-01,0.000000000000000000e+00,9.499337656312361721e-04,2.464665569508180630e-03,9.709924579126248678e-04,2.457216370680790664e-03,1.000000000000000000e+00,1.000000000000000000e+00,-1.758927583679001372e-04,9.878473876899981909e-04,1.910504760059512713e-04,-5.841709866203337841e-03,4.291570383522444465e-02,3.543194401864390233e-04,1.292980748080252706e-01,8.563412474456764088e-04,-1.588644643134384078e-04,9.804765559759489636e-04,1.282445803015812812e-03,-6.542512010328414666e-03,-2.024022266833633960e-04,1.565878865061308433e-04,1.362449999751614779e-03,-1.084333517266040155e-03
5.470000000000000417e-01,0.000000000000000000e+00,9.501744818798368419e-04,2.461677757957472616e-03,9.725926188404036051e-04,2.453349366744308601e-03,1.000000000000000000e+00,1.000000000000000000e+00,-1.757083590232911641e-04,9.848595761392901771e-04,3.687986892179300033e-04,-5.975623101416143064e-03,4.210643066162470666e-02,2.512122372889531198e-03,1.270864032266248445e-01,6.883826743377026609e-03,-1.581757842522962516e-04,9.771687905978381113e-04,1.471881292261046715e-03,-6.688142269783919382e-03,-2.024022266833633960e-04,1.565878865061308433e-04,9.180040815276316931e-04,-1.389591639558436075e-04
5.474999999999999867e-01,0.000000000000000000e+00,9.504892935323932699e-04,2.458691549370414006e-03,9.742099130296698502e-04,2.449501026466954692e-03,1.000000000000000000e+00,1.000000000000000000e+00,-1.754671993062212180e-04,9.818733675522313496e-04,4.823194341399132971e-04,-5.972417174117583029e-03,4.144426042752025197e-02,4.220561562808708769e-03,1.252655537080393233e-01,1.167817226159001236e-02,-1.574084452096645664e-04,9.738224104438882424e-04,1.597203008085659693e-03,-6.697234263850553211e-03,-2.024022266833633960e-04,1.565878865061308433e-04,5.562415092751530439e-04,6.023222746873103028e-04
5.480000000000000426e-01,0.000000000000000000e+00,9.508441281101863646e-04,2.455760661046905990e-03,9.758592713954945472e-04,2.445676556992249125e-03,1.000000000000000000e+00,1.000000000000000000e+00,-1.751953802496763156e-04,9.789424792287231177e-04,5.436381130897939735e-04,-5.861776647016547076e-03,4.648575186450946278e-02,1.156997216896839351e-03,1.454426448666703564e-01,-1.630514660495591388e-03,-1.596570448752614179e-04,9.680088538466429318e-04,1.323544418729296745e-03,-6.880935072168979476e-03,-1.122610750588521743e-04,2.297891772711635873e-04,2.710124980020424141e-03,-9.683060005461467277e-04
5.484999999999999876e-01,0.000000000000000000e+00,9.514910624130960143e-04,2.452789030091247560e-03,9.775550234966997720e-04,2.441880789103284023e-03,1.000000000000000000e+00,1.000000000000000000e+00,-1.746997998218693276e-04,9.759708482730650126e-04,9.911608556139529964e-04,-5.943261911316137167e-03,4.520290311552230961e-02,3.399145812109837395e-03,1.363931117712437746e-01,9.657427879375775001e-03,-1.588829102188547707e-04,9.645434097616813977e-04,1.772095665131810096e-03,-6.980517317033974913e-03,-1.122610750588521743e-04,2.297891772711635873e-04,1.843869748479261142e-03,-6.033057624337629862e-05
5.490000000000000435e-01,0.000000000000000000e+00,9.523623549271000802e-04,2.449847545666060302e-03,9.793103089178920809e-04,2.438118003689685245e-03,1.000000000000000000e+00,1.000000000000000000e+00,-1.740323510331853653e-04,9.730293638478777546e-04,1.334897577367920654e-03,-5.882968850374461524e-03,4.384068620982088660e-02,4.999497669670558905e-03,1.323793685900323813e-01,1.398454781717385284e-02,-1.579103688569337503e-04,9.610635630442726203e-04,2.117363904034350996e-03,-6.938818857904061402e-03,-1.122610750588521743e-04,2.297891772711635873e-04,1.095233893982899354e-03,6.309106212076831012e-04
5.494999999999999885e-01,0.000000000000000000e+00,9.533870499914957365e-04,2.446986209821705970e-03,9.811364886514915232e-04,2.434391758214588496e-03,1.000000000000000000e+00,1.000000000000000000e+00,-1.732473890732136323e-04,9.701680280035230967e-04,1.569923919943455809e-03,-5.722671688709251442e-03,4.272150182246085837e-02,6.234412447477356324e-03,1.293198246137210738e-01,1.748331941903941492e-02,-1.567922905956072011e-04,9.576295535756020137e-04,2.354447423443783473e-03,-6.797363382149062237e-03,-1.122610750588521743e-04,2.297891772711635873e-04,4.833335939472661142e-04,1.156948080807549328e-03
5.500000000000000444e-01,0.000000000000000000e+00,9.545071757268886077e-04,2.444243012341272125e-03,9.830425570980575161e-04,2.430704713376757517e-03,1.000000000000000000e+00,1.000000000000000000e+00,-1.723893229780213679e-04,9.674248305230895772e-04,1.716132190384520202e-03,-5.486394960867074615e-03,4.699545232229728614e-02,-4.591012894087424974e-03,1.469510125614899021e-01,-2.551153778054468871e-02,-1.591417048674087032e-04,9.665251646210230646e-04,2.099915894811710780e-03,-5.195270658502874721e-03,-7.465961581028290520e-06,-1.301211076932670338e-04,2.269293567695308649e-03,-3.513206838696714997e-03
5.504999999999999893e-01,0.000000000000000000e+00,9.559356235316382022e-04,2.441278541099178336e-03,9.850346314498790133e-04,2.427058484198059418e-03,1.000000000000000000e+00,1.000000000000000000e+00,-1.712950684749074042e-04,9.644603592809954627e-04,2.188509006227913091e-03,-5.928942484188157863e-03,4.707755504874913677e-02,-7.731486300373157858e-03,1.438708320523167106e-01,-2.865715992704829379e-02,-1.579757191429404331e-04,9.638212876814806476e-04,2.563085323122804224e-03,-5.619313129319902789e-03,-7.465961581028290520e-06,-1.301211076932670338e-04,2.274440748671972476e-03,-4.826569349083448951e-03
5.510000000000000453e-01,0.000000000000000000e+00,9.576727597259755047e-04,2.437997549418626821e-03,9.871158767661154364e-04,2.423453628633082113e-03,1.000000000000000000e+00,1.000000000000000000e+00,-1.699643449462944975e-04,9.611793676004440562e-04,2.661447057225835994e-03,-6.561983361102770480e-03,4.520888434723596694e-02,-4.136401333937339206e-03,1.367932207035678915e-01,-1.228642525452380840e-02,-1.565779906906997253e-04,9.608578863616010516e-04,3.026876842580600302e-03,-6.232990861491187300e-03,-7.465961581028290520e-06,-1.301211076932670338e-04,1.248968105936835082e-03,-3.227637062489804344e-03
5.514999999999999902e-01,0.000000000000000000e+00,9.596211761973517593e-04,2.434516454374638459e-03,9.892867902337777481e-04,2.419889749552585952e-03,1.000000000000000000e+00,1.000000000000000000e+00,-1.684717713355152148e-04,9.576982725564556946e-04,2.985147221558538504e-03,-6.962190087976807308e-03,4.367535161597663890e-02,-1.210298259440416042e-03,1.326036566934574445e-01,-4.163533051155385994e-03,-1.549855130753942714e-04,9.576455609832503282e-04,3.342362031485514914e-03,-6.615448058689456408e-03,-7.465961581028290520e-06,-1.301211076932670338e-04,4.119757507033603404e-04,-1.934446131367174556e-03
5.520000000000000462e-01,0.000000000000000000e+00,9.617013641900137855e-04,2.430929432965659061e-03,9.915455251179815764e-04,2.416365609254504665e-03,1.000000000000000000e+00,1.000000000000000000e+00,-1.668782548830936862e-04,9.541112511474765133e-04,3.187032904843049245e-03,-7.174042817958452972e-03,4.395669907340982174e-02,-1.338051413920596754e-02,1.351120466088139016e-01,-5.401752719578790940e-02,-1.498940178252420674e-04,9.673566101779112894e-04,3.918240804401956420e-03,-5.332468018081028792e-03,-1.066067466955049087e-04,-5.143747915807981479e-04,6.015844648534070206e-04,-6.930849691481025428e-03
5.524999999999999911e-01,0.000000000000000000e+00,9.639256513552504685e-04,2.426857742613748418e-03,9.938882147849854333e-04,2.412879243997934856e-03,1.000000000000000000e+00,1.000000000000000000e+00,-1.651743520602632677e-04,9.500395607955659794e-04,3.407805645660836723e-03,-8.143380703821014033e-03,4.263593426533666270e-02,-1.279101454275212608e-02,1.298590597257465729e-01,-4.175576344563096398e-02,-1.478791725989496029e-04,9.644615687058343857e-04,4.140632965171609295e-03,-6.245818403043585688e-03,-1.066067466955049087e-04,-5.143747915807981479e-04,-1.169627417559527443e-04,-6.602405859458575048e-03
5.530000000000000471e-01,0.000000000000000000e+00,9.662259386655891848e-04,2.422325905471438626e-03,9.963092967252417265e-04,2.409428078537112928e-03,1.000000000000000000e+00,1.000000000000000000e+00,-1.634122297486011524e-04,9.455077236532558613e-04,3.524244623324206214e-03,-9.063674284620201402e-03,4.144693378893361813e-02,-8.139014470865325868e-03,1.264303617318119632e-01,-2.458799818435824028e-02,-1.457791380245494599e-04,9.611218456554794553e-04,4.259196196631186843e-03,-7.111270352938060119e-03,-1.066067466955049087e-04,-5.143747915807981479e-04,-7.577879898789074671e-04,-4.529887015008837725e-03
5.534999999999999920e-01,0.000000000000000000e+00,9.685415118158790214e-04,2.417485184454073142e-03,9.988018365764364959e-04,2.406009040655407612e-03,1.000000000000000000e+00,1.000000000000000000e+00,-1.616383978041861303e-04,9.406670026358903780e-04,3.547663888830032090e-03,-9.681442034730970009e-03,4.050206032994644462e-02,-4.337382483756181684e-03,1.237881644233722322e-01,-1.406066198991349700e-02,-1.436430130186333652e-04,9.574245171142221162e-04,4.285172759155991828e-03,-7.676808082493219963e-03,-1.066067466955049087e-04,-5.143747915807981479e-04,-1.262370134838557492e-03,-2.846396664870462240e-03
5.540000000000000480e-01,0.000000000000000000e+00,9.708245916905328468e-04,2.412458540310771088e-03,1.001357852146539124e-03,2.402618675699298191e-03,1.000000000000000000e+00,1.000000000000000000e+00,-1.598894571530107592e-04,9.356403584925885404e-04,3.497881302350737756e-03,-1.005328828660362328e-02,4.897868452148891605e-02,-7.119659730073141235e-03,1.574888042871458171e-01,-2.827130398472547587e-02,-1.486071859887037763e-04,9.528975169060988374e-04,3.435563611597051634e-03,-8.067461505901315361e-03,1.020205051418426775e-04,-4.964986540094151485e-04,3.447431823581813791e-03,-3.844643205369500938e-03
5.544999999999999929e-01,0.000000000000000000e+00,9.734999823571829696e-04,2.407161744549707154e-03,1.003968637436840989e-03,2.399253261112361830e-03,1.000000000000000000e+00,1.000000000000000000e+00,-1.578399889996510866e-04,9.303435627315244979e-04,4.098936306719354848e-03,-1.059359152212804335e-02,4.659123724985485271e-02,-3.340957194134820934e-03,1.412980296254328361e-01,-1.145335523790170888e-02,-1.467439043310298614e-04,9.487405562857210463e-04,4.016367014702765768e-03,-8.559270761059121005e-03,1.020205051418426775e-04,-4.964986540094151485e-04,2.138703336417060487e-03,-2.176017441177140101e-03
5.550000000000000488e-01,0.000000000000000000e+00,9.764432058920137405e-04,2.401716642589464198e-03,1.006625086665006042e-03,2.395908920969251794e-03,1.000000000000000000e+00,1.000000000000000000e+00,-1.555853489659369800e-04,9.248984607712817593e-04,4.509280067428220184e-03,-1.089020392048550834e-02,4.463404441019146185e-02,-2.983910050295975167e-04,1.359517291519148352e-01,-2.990354103011158386e-03,-1.446376503877513096e-04,9.443981775702507599e-04,4.407810548976569785e-03,-8.809594874370232920e-03,1.020205051418426775e-04,-4.964986540094151485e-04,1.071865082646962595e-03,-8.429061728023341110e-04
5.554999999999999938e-01,0.000000000000000000e+00,9.795527574861183882e-04,2.396220671862243912e-03,1.009318018288110543e-03,2.392581740509692155e-03,1.000000000000000000e+00,1.000000000000000000e+00,-1.532032942466813317e-04,9.194024900440611473e-04,4.764109438511313077e-03,-1.099194145444126400e-02,4.304439647304118821e-02,2.120119504356993839e-03,1.315834298890005694e-01,3.761246927788165512e-03,-1.423743432329253335e-04,9.399789728250933273e-04,4.644873114125385241e-03,-8.866945955813736527e-03,1.020205051418426775e-04,-4.964986540094151485e-04,2.111515099330451423e-04,2.065901992194451794e-04
5.560000000000000497e-01,0.000000000000000000e+00,9.827467080307430297e-04,2.390750637670057896e-03,1.012038499025693424e-03,2.389267880672450370e-03,1.000000000000000000e+00,1.000000000000000000e+00,-1.507565861803748472e-04,9.139324558518751316e-04,4.893416132612972945e-03,-1.094006838437198287e-02,4.809900989885260159e-02,6.778674197615019124e-03,1.526391378102572027e-01,1.981121353786960762e-02,-1.439659729626473206e-04,9.255204993072916816e-04,4.311352712515634233e-03,-9.909187123196609021e-03,2.179416605066597078e-04,-2.010207790983956305e-04,3.203170286031744706e-03,2.283416246718094657e-03
5.564999999999999947e-01,0.000000000000000000e+00,9.862769538701982291e-04,2.385452462027071695e-03,1.014778167882794289e-03,2.385963692629331553e-03,1.000000000000000000e+00,1.000000000000000000e+00,-1.480522609722162203e-04,9.086342802088892556e-04,5.408650416317240320e-03,-1.059635128597183513e-02,4.580699133555529712e-02,7.995896822613961924e-03,1.396948887123624916e-01,2.070949176335016781e-02,-1.416886143337960763e-04,9.206552322275148199e-04,4.797054456064574375e-03,-9.552388804805054395e-03,2.179416605066597078e-04,-2.010207790983956305e-04,1.952466382287807237e-03,2.785329846879119366e-03
5.570000000000000506e-01,0.000000000000000000e+00,9.900243525550749164e-04,2.380362791621549144e-03,1.017529560067240721e-03,2.382665832285525611e-03,1.000000000000000000e+00,1.000000000000000000e+00,-1.451815870335152001e-04,9.035446098033665966e-04,5.741347877402042457e-03,-1.017934081104536481e-02,4.394063534148091865e-02,8.865236820601838513e-03,1.345788989504219935e-01,2.322596195571492023e-02,-1.392137571942306663e-04,9.159865509786138974e-04,5.101690195412783048e-03,-9.122991923909059067e-03,2.179416605066597078e-04,-2.010207790983956305e-04,9.406266000661512444e-04,3.131548180255463824e-03
5.574999999999999956e-01,0.000000000000000000e+00,9.938924484004874396e-04,2.375506950282972422e-03,1.020286404765827215e-03,2.379371366468194249e-03,1.000000000000000000e+00,1.000000000000000000e+00,-1.422184537056853256e-04,8.986887684647897664e-04,5.926266655659769012e-03,-9.711682677153561649e-03,4.243680352017030477e-02,9.448586417772466065e-03,1.304294167108165647e-01,2.495049819828427246e-02,-1.366232829878113759e-04,9.115451173467085640e-04,5.259802315168296029e-03,-8.643504000477213525e-03,2.179416605066597078e-04,-2.010207790983956305e-04,1.316873667882698020e-04,3.350435409349226522e-03
5.580000000000000515e-01,0.000000000000000000e+00,9.978040563419941431e-04,2.370901002218032527e-03,1.023043734830792091e-03,2.376077819310359017e-03,1.000000000000000000e+00,1.000000000000000000e+00,-1.392219881784339381e-04,8.940828203998498706e-04,5.992931054502780713e-03,-9.211896129879760392e-03,5.061018966204951230e-02,3.832805825195571489e-03,1.634910392657972222e-01,2.857674578866449284e-03,-1.441517716144954931e-04,9.073978518120198993e-04,4.150299373418367931e-03,-8.127072468731772956e-03,5.169483561722833286e-04,-2.023876664791266064e-04,4.570814058234866882e-03,1.049532495863653679e-03
5.584999999999999964e-01,0.000000000000000000e+00,1.002167719585959167e-03,2.366367042262014931e-03,1.025797806264853659e-03,2.372783158158699082e-03,1.000000000000000000e+00,1.000000000000000000e+00,-1.358792281987520408e-04,8.895488604438321666e-04,6.685519959363802819e-03,-9.067919912035489471e-03,4.945390007174275959e-02,4.331395834121552248e-03,1.523888642267043625e-01,9.649917731039039243e-03,-1.419172821775792662e-04,9.033736792648278287e-04,4.786341290108455000e-03,-7.969770493059085900e-03,5.169483561722833286e-04,-2.023876664791266064e-04,3.909868644364744225e-03,1.257019891810323784e-03
5.590000000000000524e-01,0.000000000000000000e+00,1.006919756002931047e-03,2.361920330833993872e-03,1.028545990536679439e-03,2.369485770842535369e-03,1.000000000000000000e+00,1.000000000000000000e+00,-1.322389571080317624e-04,8.851021490158114333e-04,7.280542181440532827e-03,-8.893422856041511768e-03,4.690430922494378402e-02,5.665032194805442144e-03,1.437884294097893367e-01,1.447872775296235766e-02,-1.393888486240907592e-04,8.994356894992820749e-04,5.326251034302522357e-03,-7.782402865907760321e-03,5.169483561722833286e-04,-2.023876664791266064e-04,2.520249329653766537e-03,1.821117454422087551e-03
5.594999999999999973e-01,0.000000000000000000e+00,1.011927374509890903e-03,2.357602040446854941e-03,1.031286666776858084e-03,2.366184442904835979e-03,1.000000000000000000e+00,1.000000000000000000e+00,-1.284028987775154198e-04,8.807838586286722855e-04,7.672116661032694386e-03,-8.636580774278271311e-03,4.482833151525338067e-02,6.661272412285728327e-03,1.381093123222099650e-01,1.731977392289297743e-02,-1.366409078028436050e-04,8.956118222896406085e-04,5.664752392737755840e-03,-7.513442707513327823e-03,5.169483561722833286e-04,-2.023876664791266064e-04,1.396369078561869202e-03,2.233441542096116332e-03
5.600000000000000533e-01,0.000000000000000000e+00,1.017083027495130527e-03,2.353442304963931139e-03,1.034019113973886055e-03,2.362878334833212052e-03,1.000000000000000000e+00,1.000000000000000000e+00,-1.244534394575228442e-04,8.766241231457485910e-04,7.898918639985125223e-03,-8.319470965847420088e-03,4.687735923377253644e-02,-1.783401476377909772e-03,1.479589940011042104e-01,-1.619054244353866287e-02,-1.343991131301126168e-04,8.943182530619265148e-04,5.768485637589337509e-03,-6.915471305415449299e-03,5.356078561783727838e-04,-2.723965999473759031e-04,2.508108076994071487e-03,-1.330496831149894157e-03
5.604999999999999982e-01,0.000000000000000000e+00,1.022487066908803460e-03,2.349175813448816340e-03,1.036743403170144098e-03,2.359566959290927517e-03,1.000000000000000000e+00,1.000000000000000000e+00,-1.203137050942826818e-04,8.723576316306337923e-04,8.279468726480320243e-03,-8.532983030229496918e-03,4.474297370208850377e-02,6.391579881667608810e-04,1.381215605579212136e-01,3.349136298510455023e-04,-1.314328120768966249e-04,8.908122064104666759e-04,6.095971812630865752e-03,-7.108209280745456278e-03,5.356078561783727838e-04,-2.723965999473759031e-04,1.353922544890882006e-03,-2.687281581376203821e-04
5.610000000000000542e-01,0.000000000000000000e+00,1.028029057591983882e-03,2.344880008217189223e-03,1.039460289657885214e-03,2.356250158347900601e-03,1.000000000000000000e+00,1.000000000000000000e+00,-1.160682939276151579e-04,8.680618263990064589e-04,8.490822333335042160e-03,-8.591610463254630362e-03,4.302688420119095414e-02,2.563437593899492092e-03,1.333905080144706656e-01,5.714905201827696207e-03,-1.283446863511555870e-04,8.872482606385054477e-04,6.256104053676190407e-03,-7.147363243263039380e-03,5.356078561783727838e-04,-2.723965999473759031e-04,4.337052540641956212e-04,5.666109584820557118e-04
5.614999999999999991e-01,0.000000000000000000e+00,1.033620789812987216e-03,2.340615860644226776e-03,1.042171105175205940e-03,2.352928080711700568e-03,1.000000000000000000e+00,1.000000000000000000e+00,-1.117847785323062621e-04,8.637976788260442280e-04,8.567030790617788036e-03,-8.528295145924454784e-03,4.166519303613383518e-02,4.067425460162893414e-03,1.296073652980598290e-01,9.940432056273176137e-03,-1.252099377379922512e-04,8.836950081210352996e-04,6.282720352629663635e-03,-7.065670865577487747e-03,5.356078561783727838e-04,-2.723965999473759031e-04,-2.888625962960624134e-04,1.211563134860181535e-03
5.620000000000000551e-01,0.000000000000000000e+00,1.039192829511405292e-03,2.336430493298839294e-03,1.044877650102036051e-03,2.349601158958553558e-03,1.000000000000000000e+00,1.000000000000000000e+00,-1.075163484844946437e-04,8.596123114806566382e-04,8.536860095623228367e-03,-8.370734690775139680e-03,3.255941905551745785e-02,2.637137771885516343e-04,9.539012071255156822e-02,-6.048024888840101282e-03,-1.069857019675356057e-04,8.782674510877298444e-04,7.913024349256945686e-03,-7.109973572637240044e-03,9.152433790872613296e-05,-2.153947896108367492e-04,-4.995772340498741068e-03,-4.751498401091439408e-04
5.625000000000000000e-01,0.000000000000000000e+00,1.044288568014933253e-03,2.332204579361204892e-03,1.047582085656112438e-03,2.346270086764344967e-03,1.000000000000000000e+00,1.000000000000000000e+00,-1.036127863202797593e-04,8.553863975430224531e-04,7.807124328429765510e-03,-8.451827875268375437e-03,3.299223133636031147e-02,2.258287992026972169e-03,1.044588808629993149e-01,4.910425891469992823e-03,-1.032125278720672656e-04,8.746954288537317013e-04,7.180948196185846580e-03,-7.177848832789789947e-03,9.152433790872613296e-05,-2.153947896108367492e-04,-4.714356008781309289e-03,3.930290868713544371e-04
5.630000000000000560e-01,0.000000000000000000e+00,1.048934650207081600e-03,2.328001409960534819e-03,1.050286826088965564e-03,2.342935796135620086e-03,1.000000000000000000e+00,1.000000000000000000e+00,-1.000536808747104798e-04,8.511832281423521631e-04,7.118210891138561196e-03,-8.406338801340675418e-03,3.352859444990237414e-02,3.854693492941967375e-03,1.058086428941271417e-01,9.427197199879184392e-03,-9.979520477247018242e-05,8.711209173963067832e-04,6.489554970621409444e-03,-7.120173687384949782e-03,9.152433790872613296e-05,-2.153947896108367492e-04,-4.380943940084217059e-03,1.079976682821835168e-03
5.635000000000000009e-01,0.000000000000000000e+00,1.053162650098123185e-03,2.323871092913095543e-03,1.052994430881895290e-03,2.339599434640587776e-03,1.000000000000000000e+00,1.000000000000000000e+00,-9.681484505267045672e-05,8.470529110949129954e-04,6.477671644080037518e-03,-8.260634094878345837e-03,3.406650498434129343e-02,5.083043144043286610e-03,1.071015637724164749e-01,1.289756515398852825e-02,-9.671150989031198242e-05,8.676001290288067914e-04,5.846354537441913676e-03,-6.963151037539967551e-03,9.152433790872613296e-05,-2.153947896108367492e-04,-4.050036614828978442e-03,1.600644323496466835e-03
5.640000000000000568e-01,0.000000000000000000e+00,1.057003899484461242e-03,2.319851641515392835e-03,1.055707496973085210e-03,2.336262342634366600e-03,1.000000000000000000e+00,1.000000000000000000e+00,-9.387227730563194679e-05,8.430334596972102875e-04,5.885135494077028961e-03,-8.038902795405511101e-03,3.689414585633087051e-02,8.733065225605228868e-03,1.173110490037573422e-01,2.611977766727309469e-02,-9.214546496613434023e-05,8.542727376132872854e-04,5.453715369530592362e-03,-7.851307859404228415e-03,3.883187979336823897e-05,7.582882379423164861e-05,-2.600967157262120029e-03,2.955946815825291098e-03
5.645000000000000018e-01,0.000000000000000000e+00,1.060604126851859459e-03,2.316056304020867006e-03,1.058428557204186366e-03,2.332926029334970140e-03,1.000000000000000000e+00,1.000000000000000000e+00,-9.111434313687155964e-05,8.392381222026845666e-04,5.515868337520768439e-03,-7.590674989051534628e-03,3.684794801420224197e-02,9.168818782870255188e-03,1.145227773237807445e-01,2.488898665199443250e-02,-8.951087161122900815e-05,8.504548578764163343e-04,5.085272524616450164e-03,-7.420900931019812699e-03,3.883187979336823897e-05,7.582882379423164861e-05,-2.600057987531955751e-03,3.115723304932566540e-03
5.650000000000000577e-01,0.000000000000000000e+00,1.063963412070916903e-03,2.312496524247145517e-03,1.061160020434484628e-03,2.329592141199677939e-03,1.000000000000000000e+00,1.000000000000000000e+00,-8.854098136196092189e-05,8.356783424289630779e-04,5.146723549821287207e-03,-7.119559547442883690e-03,3.687654486158856160e-02,9.414998795158452047e-03,1.144783295317844951e-01,2.567569318056659583e-02,-8.706046115662697410e-05,8.468579301676542855e-04,4.716990417207972928e-03,-6.967552557130747906e-03,3.883187979336823897e-05,7.582882379423164861e-05,-2.559378003622800584e-03,3.191787381184561095e-03
5.655000000000000027e-01,0.000000000000000000e+00,1.067085608668309933e-03,2.309177661104138378e-03,1.063904151401137785e-03,2.326262422956899487e-03,1.000000000000000000e+00,1.000000000000000000e+00,-8.614924000820298677e-05,8.323594792859557220e-04,4.783482707515868300e-03,-6.637726286014638231e-03,3.696324477399815650e-02,9.508904961090629271e-03,1.145988029249287860e-01,2.603746063782036782e-02,-8.479271357370032902e-05,8.434903949955600399e-04,4.354616490888883751e-03,-6.503360468232777768e-03,3.883187979336823897e-05,7.582882379423164861e-05,-2.488201774197770343e-03,3.201131735270206120e-03
5.660000000000000586e-01,0.000000000000000000e+00,1.069977463247584557e-03,2.306100224545915012e-03,1.066663055862454015e-03,2.322938677661793086e-03,1.000000000000000000e+00,1.000000000000000000e+00,-8.393395087744152114e-05,8.292820427277323558e-04,4.430578261522928434e-03,-6.154873116446678630e-03,4.496171608818064908e-02,1.719032950490872319e-02,1.454017674010877059e-01,5.599700097320550046e-02,-9.262113025608160273e-05,8.220976728951773357e-04,2.880533635912417133e-03,-8.103538821581223600e-03,3.304548261612157102e-04,6.126878419700570403e-04,1.562946857683165328e-03,6.131693927479957978e-03
5.665000000000000036e-01,0.000000000000000000e+00,1.073042055615947791e-03,2.303501839643055504e-03,1.069438665759734914e-03,2.319622726748465577e-03,1.000000000000000000e+00,1.000000000000000000e+00,-8.158633692323207214e-05,8.266836578248728477e-04,4.695227908418900600e-03,-5.196769805719044823e-03,4.726210394301492285e-02,1.922793624957835207e-02,1.476474763879871421e-01,5.776509732390099072e-02,-9.112196674878653049e-05,8.182684490352332921e-04,3.115608167361165470e-03,-7.214934014173764697e-03,3.304548261612157102e-04,6.126878419700570403e-04,2.758761697829012656e-03,6.946202057730416213e-03
5.670000000000000595e-01,0.000000000000000000e+00,1.076392280870482271e-03,2.301440916153036330e-03,1.072232724379128949e-03,2.316316370082156014e-03,1.000000000000000000e+00,1.000000000000000000e+00,-7.901991548379907646e-05,8.246227343348536739e-04,5.132842878865980299e-03,-4.121846980038279887e-03,4.544069056202865164e-02,1.745114167080706949e-02,1.388410802800529309e-01,4.958749847251082976e-02,-8.946206083186888480e-05,8.149128816922646557e-04,3.523162935302965974e-03,-6.209157730334423017e-03,3.304548261612157102e-04,6.126878419700570403e-04,1.763837440937437908e-03,6.110122134956464356e-03
5.675000000000000044e-01,0.000000000000000000e+00,1.079933183732953482e-03,2.299855904337002807e-03,1.075046771513478395e-03,2.313021346011431487e-03,1.000000000000000000e+00,1.000000000000000000e+00,-7.630742652237899307e-05,8.230377225188202596e-04,5.424977922840154218e-03,-3.170023632066721990e-03,4.395379009589511082e-02,1.585406448911321625e-02,1.347756088965587351e-01,4.531112266446662984e-02,-8.763447221628551883e-05,8.120298107056343794e-04,3.786611900417959434e-03,-5.324731270344413604e-03,3.304548261612157102e-04,6.126878419700570403e-04,9.567377797552379564e-04,5.360220794353859342e-03
5.680000000000000604e-01,0.000000000000000000e+00,1.083587650780627309e-03,2.298691533275443177e-03,1.077882128624171485e-03,2.309739291420375134e-03,1.000000000000000000e+00,1.000000000000000000e+00,-7.350794234794697532e-05,8.218733514572607382e-04,5.598968348864026383e-03,-2.328742123119101684e-03,3.662104369582920571e-02,8.521388258358433138e-03,1.076589049607123566e-01,1.855867006334575853e-02,-7.000044311134687104e-05,8.114317248974993848e-04,5.709792709319986420e-03,-4.337615452329870135e-03,-1.313169372428554837e-04,5.576998533117133233e-04,-2.820950388309836129e-03,2.084694561080624453e-03
5.685000000000000053e-01,0.000000000000000000e+00,1.086986571223359484e-03,2.297713860495854098e-03,1.080739884002989782e-03,2.306471701780785002e-03,1.000000000000000000e+00,1.000000000000000000e+00,-7.090421823018846126e-05,8.208956786776712249e-04,5.207448235517019887e-03,-1.955345559178983759e-03,3.466254321371911584e-02,6.480990157878191264e-03,1.061056671114899014e-01,1.705465826975260946e-02,-6.723886713926311343e-05,8.093421655062771987e-04,5.337129034695848109e-03,-4.021156440275367935e-03,-1.313169372428554837e-04,5.576998533117133233e-04,-3.831084282625961054e-03,1.187835688583548620e-03
5.690000000000000613e-01,0.000000000000000000e+00,1.090034408882914431e-03,2.296857053143540155e-03,1.083620877933960973e-03,2.303219891204356419e-03,1.000000000000000000e+00,1.000000000000000000e+00,-6.856943912755773525e-05,8.200388713253573903e-04,4.669558205261451801e-03,-1.713614704627654858e-03,3.507726505647063703e-02,6.819996673469675037e-03,1.091041401174504127e-01,2.021701246577992453e-02,-6.470013372526308185e-05,8.073782713943766787e-04,4.818713363897527205e-03,-3.834707126854958528e-03,-1.313169372428554837e-04,5.576998533117133233e-04,-3.575955170370613903e-03,1.324412662759722175e-03
5.695000000000000062e-01,0.000000000000000000e+00,1.092755678445375125e-03,2.296130398616940196e-03,1.086525687855204297e-03,2.299984952494882155e-03,1.000000000000000000e+00,1.000000000000000000e+00,-6.648482570100590968e-05,8.193122167987573236e-04,4.169226853103656996e-03,-1.453309053200049468e-03,3.549031256759358627e-02,7.043492665472532270e-03,1.100900195938463721e-01,2.090754815970379682e-02,-6.241131787912629694e-05,8.055124484845281423e-04,4.337396311142455857e-03,-3.628912828583499752e-03,-1.313169372428554837e-04,5.576998533117133233e-04,-3.324255253876098881e-03,1.409574783372888286e-03
5.700000000000000622e-01,0.000000000000000000e+00,1.095174562680804051e-03,2.295539451276299835e-03,1.089454613520785507e-03,2.296767717200435231e-03,1.000000000000000000e+00,1.000000000000000000e+00,-6.463185287390737382e-05,8.187212694581172878e-04,3.705945654197061092e-03,-1.181894681280090892e-03,4.460570484894341159e-02,3.611149454888412658e-03,1.448938457168277849e-01,7.503430456568048294e-03,-6.774804439754129643e-05,8.016816193493179771e-04,3.056149365398286473e-03,-3.645489272391061117e-03,8.610290631994203868e-05,6.185937723164074056e-04,1.423499129170347974e-03,-1.584903677809953917e-04
5.705000000000000071e-01,0.000000000000000000e+00,1.097750991288916605e-03,2.294975422001065048e-03,1.092407662162560994e-03,2.293568715665570811e-03,1.000000000000000000e+00,1.000000000000000000e+00,-6.265819405556994834e-05,8.181572401828822840e-04,3.947317636674847925e-03,-1.128058550469908947e-03,4.435400180806356452e-02,4.102789223232137551e-03,1.362623364797018732e-01,1.236600083975331055e-02,-6.616094831879109207e-05,7.998580210918058986e-04,3.291718442241062682e-03,-3.648828371499839365e-03,8.610290631994203868e-05,6.185937723164074056e-04,1.269669977466766127e-03,5.878395177457451421e-05
5.710000000000000631e-01,0.000000000000000000e+00,1.100470229756718736e-03,2.294453427970977785e-03,1.095384533716534754e-03,2.290388137186270129e-03,1.000000000000000000e+00,1.000000000000000000e+00,-6.057513653779481879e-05,8.176352461527951285e-04,4.166115035550258666e-03,-1.043988060174387209e-03,4.306293464159140216e-02,4.913268768960812709e-03,1.315786860330452057e-01,1.513009090768623575e-02,-6.446165307102571628e-05,7.980405193096224000e-04,3.504985023332581485e-03,-3.621163686411206679e-03,8.610290631994203868e-05,6.185937723164074056e-04,5.685418772775844426e-04,4.106551612136732747e-04
5.715000000000000080e-01,0.000000000000000000e+00,1.103265625808663979e-03,2.293998371178525633e-03,1.098384611306624237e-03,2.287225798540878756e-03,1.000000000000000000e+00,1.000000000000000000e+00,-5.843373892588546003e-05,8.171801893603429772e-04,4.282795223818716863e-03,-9.101135849043395266e-04,4.202218772177238743e-02,5.537347467348135641e-03,1.287005301801285861e-01,1.691950171918322338e-02,-6.268111925514730702e-05,7.962494888566497807e-04,3.616866128412534777e-03,-3.543041840371217305e-03,8.610290631994203868e-05,6.185937723164074056e-04,7.539551009636122000e-06,6.782520268711227963e-04
5.720000000000000639e-01,0.000000000000000000e+00,1.106083834789098200e-03,2.293629030497816232e-03,1.101406976392398009e-03,2.284081151814950240e-03,1.000000000000000000e+00,1.000000000000000000e+00,-5.627486559687576244e-05,8.168108486796336843e-04,4.317746658019395826e-03,-7.386813614186175112e-04,4.806158314031264145e-02,-3.753760736590466655e-03,1.530623927877744483e-01,-1.962303001708817773e-02,-6.707678804768578830e-05,8.017647273068683259e-04,2.944848852227438703e-03,-2.605548063552218241e-03,2.687597650769294150e-04,4.051856032865320222e-04,3.157606706909942343e-03,-3.204669156119610129e-03
5.725000000000000089e-01,0.000000000000000000e+00,1.109226850056113873e-03,2.293054056866467363e-03,1.104450441263049414e-03,2.280953319861664993e-03,1.000000000000000000e+00,1.000000000000000000e+00,-5.386717621694034970e-05,8.162358750482847074e-04,4.815378759870830687e-03,-1.149947262698007566e-03,4.809050540786372063e-02,-4.568098633132904214e-03,1.482819244793612268e-01,-1.503106435882006243e-02,-6.548560798896345598e-05,8.003511489094358158e-04,3.418892560121281586e-03,-3.047854920943604377e-03,2.687597650769294150e-04,4.051856032865320222e-04,3.134168738562592271e-03,-3.515823199459810165e-03
5.730000000000000648e-01,0.000000000000000000e+00,1.112691987488979546e-03,2.292250454363388076e-03,1.107513583086228680e-03,2.277841134239367519e-03,1.000000000000000000e+00,1.000000000000000000e+00,-5.121272694185011648e-05,8.154322725452052036e-04,5.308898550180463083e-03,-1.607205006159016444e-03,4.602602569011395028e-02,-2.072556424597932472e-03,1.405001246946430971e-01,-4.840710862748588521e-03,-6.365832022623460051e-05,7.987051050727803688e-04,3.889277835578023451e-03,-3.535313531884521233e-03,2.687597650769294150e-04,4.051856032865320222e-04,2.005096161802730117e-03,-2.399563117477790473e-03
5.735000000000000098e-01,0.000000000000000000e+00,1.116371676686294355e-03,2.291298970916086884e-03,1.110594777957994803e-03,2.274743173150925966e-03,1.000000000000000000e+00,1.000000000000000000e+00,-4.839392147984219447e-05,8.144807890979043367e-04,5.637610924015849442e-03,-1.902966894601785305e-03,4.433920034521547648e-02,-2.810123487848942758e-05,1.358850255810417351e-01,8.417150251818223804e-04,-6.163677279180413164e-05,7.968556890950848808e-04,4.196240616465900415e-03,-3.861648055990000040e-03,2.687597650769294150e-04,4.051856032865320222e-04,1.088134300477527124e-03,-1.489856883103430566e-03
5.740000000000000657e-01,0.000000000000000000e+00,1.120178494501596674e-03,2.290265333531953454e-03,1.113692234952777180e-03,2.271657799383070865e-03,1.000000000000000000e+00,1.000000000000000000e+00,-4.547772984646348968e-05,8.134471517137710148e-04,5.832383266757407841e-03,-2.067274768266695942e-03,4.438606886333212875e-02,-1.248599253681399908e-02,1.376098822071715466e-01,-4.935643731690415870e-02,-5.627522919648380570e-05,8.139427008960665620e-04,4.734723715176280753e-03,-1.899603965363938453e-03,1.740835133769144726e-04,-1.554656509075358817e-04,1.202828610845094745e-03,-6.488541231526454706e-03
5.745000000000000107e-01,0.000000000000000000e+00,1.124112879255301624e-03,2.288761242411545532e-03,1.116804030173330735e-03,2.268583198245754246e-03,1.000000000000000000e+00,1.000000000000000000e+00,-4.246381626879568248e-05,8.119430605933627672e-04,6.027827155335611052e-03,-3.008182240816522409e-03,4.307069649819193075e-02,-1.872973289274797865e-02,1.325646269325930771e-01,-6.337485231902878491e-02,-5.386175325990623022e-05,8.127637150332702072e-04,4.918732218058002523e-03,-2.814521831793721524e-03,1.740835133769144726e-04,-1.554656509075358817e-04,4.905154642852088730e-04,-9.099990271298380104e-03
5.750000000000000666e-01,0.000000000000000000e+00,1.128107000443212896e-03,2.286597189927859486e-03,1.119928140800697776e-03,2.265517415511492279e-03,1.000000000000000000e+00,1.000000000000000000e+00,-3.940414192765248933e-05,8.097790081096767215e-04,6.119348682286383789e-03,-4.328104967372015111e-03,4.183003962776828122e-02,-1.342340726940237199e-02,1.289175508210420873e-01,-3.800451143149119471e-02,-5.138208772527936923e-05,8.110327985152094091e-04,4.999679337690829221e-03,-4.106574845401628031e-03,1.740835133769144726e-04,-1.554656509075358817e-04,-1.742605748615195810e-04,-6.713162903603666666e-03
5.755000000000000115e-01,0.000000000000000000e+00,1.132097552816454817e-03,2.283946944971649781e-03,1.123062479144160955e-03,2.262458395354720059e-03,1.000000000000000000e+00,1.000000000000000000e+00,-3.634720145715522089e-05,8.071287631534669084e-04,6.113880940994541324e-03,-5.300489912419697330e-03,4.085164894202078512e-02,-9.021459964401828263e-03,1.261740257640181773e-01,-2.585683635003763192e-02,-4.888603940164084407e-05,8.087423103449860274e-04,4.984449145411548425e-03,-5.053456232130638937e-03,1.740835133769144726e-04,-1.554656509075358817e-04,-6.929234247313123150e-04,-4.741909413687545906e-03
5.760000000000000675e-01,0.000000000000000000e+00,1.136035107366116948e-03,2.280954044578277669e-03,1.126204926691205983e-03,2.259404018291138148e-03,1.000000000000000000e+00,1.000000000000000000e+00,-3.333085967490872798e-05,8.041358627600950128e-04,6.032683564492989300e-03,-5.985800786743838801e-03,4.135872634156523286e-02,-1.325376005994373732e-02,1.289356750916459404e-01,-4.634615158382077160e-02,-4.289151128380383471e-05,8.077367848562825919e-04,5.292958561881826174e-03,-5.524395352655736731e-03,7.043503446121485948e-05,-2.050713406170403532e-04,-2.954296159956739504e-04,-6.369419308886192961e-03
5.765000000000000124e-01,0.000000000000000000e+00,1.139945238886029295e-03,2.277490531589362443e-03,1.129353368157474816e-03,2.256352139117065621e-03,1.000000000000000000e+00,1.000000000000000000e+00,-3.033552515221558100e-05,8.006723497711798953e-04,5.990669045386295098e-03,-6.927025977830169115e-03,4.039806376658201803e-02,-8.620061016630101852e-03,1.247497282197053275e-01,-2.514228425174769646e-02,-4.025541240959750681e-05,8.047461279522997524e-04,5.251417820399908142e-03,-6.436351883991275891e-03,7.043503446121485948e-05,-2.050713406170403532e-04,-8.035789539945126150e-04,-4.300377442899764799e-03
5.769999999999999574e-01,0.000000000000000000e+00,1.143779693050680796e-03,2.273707097497584470e-03,1.132505725536728366e-03,2.253300624848785742e-03,1.000000000000000000e+00,1.000000000000000000e+00,-2.739816284698990518e-05,7.968889156794019225e-04,5.874724610451351366e-03,-7.566868183555865851e-03,3.965870864074053093e-02,-4.822609915613492414e-03,1.226371732789183211e-01,-1.462505589258305400e-02,-3.765847547737779811e-05,8.013744437662951832e-04,5.136454565801108589e-03,-7.049070001751801123e-03,7.043503446121485948e-05,-2.050713406170403532e-04,-1.188957289862670793e-03,-2.614223065169416459e-03
5.775000000000000133e-01,0.000000000000000000e+00,1.147501872876254990e-03,2.269726580851202328e-03,1.135659992150802071e-03,2.250247392661898146e-03,1.000000000000000000e+00,1.000000000000000000e+00,-2.454680767531918167e-05,7.929083990330196719e-04,5.702710343341447011e-03,-7.961033292764461283e-03,3.910420821799548419e-02,-1.739438723141472753e-03,1.210239993263271807e-01,-6.062318094350501937e-03,-3.513296586065498006e-05,7.977574858274561311e-04,4.965819149649978829e-03,-7.417910258500235755e-03,7.043503446121485948e-05,-2.050713406170403532e-04,-1.472177146405008420e-03,-1.254300790475162616e-03
5.779999999999999583e-01,0.000000000000000000e+00,1.151084881009963902e-03,2.265648089318456158e-03,1.138814266613823178e-03,2.247190447753129316e-03,1.000000000000000000e+00,1.000000000000000000e+00,-2.180206420484141392e-05,7.888299075002735018e-04,5.489486940955537464e-03,-8.156983065492333373e-03,4.345748838100103179e-02,-1.121964402962007980e-03,1.382914124426490865e-01,-6.380510574705675238e-03,-3.387852584048469073e-05,7.891207214477670125e-04,4.621290295890620285e-03,-8.142666804058295432e-03,1.050004326855102146e-04,-6.143939936591911132e-05,9.090676244124745817e-04,-9.243711149684342987e-04
5.785000000000000142e-01,0.000000000000000000e+00,1.154748032036675759e-03,2.261492523732369034e-03,1.141966784445829592e-03,2.244127919076257215e-03,1.000000000000000000e+00,1.000000000000000000e+00,-1.899592771652311977e-05,7.846743419141863785e-04,5.612272976636586454e-03,-8.311131172174281156e-03,4.216714511529946058e-02,1.434294814318462941e-03,1.296287782764279917e-01,2.953724163483257333e-03,-3.153795131617804744e-05,7.850132430324367186e-04,4.740687958252345902e-03,-8.286812280719254437e-03,1.050004326855102146e-04,-6.143939936591911132e-05,2.146770829767631877e-04,1.924616051252980679e-04
5.789999999999999591e-01,0.000000000000000000e+00,1.158425331621119707e-03,2.257341147488542595e-03,1.145115943519667279e-03,2.241058089500902982e-03,1.000000000000000000e+00,1.000000000000000000e+00,-1.617895280417608282e-05,7.805229656703600470e-04,5.633949824694076125e-03,-8.302752487652739419e-03,4.114339312364020257e-02,3.452074340263420159e-03,1.267658356873527792e-01,8.611520796534604880e-03,-2.916282235438563726e-05,7.808741358418395994e-04,4.759701283583499427e-03,-8.269493625314613613e-03,1.050004326855102146e-04,-6.143939936591911132e-05,-3.310017184922278829e-04,1.064893312292269001e-03
5.795000000000000151e-01,0.000000000000000000e+00,1.162064907617923288e-03,2.253257448364028893e-03,1.148260326997514475e-03,2.237979423700927825e-03,1.000000000000000000e+00,1.000000000000000000e+00,-1.339087583651553304e-05,7.764392665458462375e-04,5.576153935321098709e-03,-8.167398249027679746e-03,4.034441042182797948e-02,5.016623519073606582e-03,1.245062726958256621e-01,1.302341180712480659e-02,-2.679794545916513199e-05,7.767752821439278524e-04,4.699832951060497858e-03,-8.126044270896996477e-03,1.050004326855102146e-04,-6.143939936591911132e-05,-7.516956952319090758e-04,1.732291337035526393e-03
5.799999999999999600e-01,0.000000000000000000e+00,1.165626756428936317e-03,2.249290002487037629e-03,1.151398726165657645e-03,2.234890595950831879e-03,1.000000000000000000e+00,1.000000000000000000e+00,-1.066234134760902995e-05,7.724718206688551900e-04,5.457068977813003992e-03,-7.934891753982160900e-03,3.498833519956687232e-02,1.285294450739520771e-03,1.043242668709150056e-01,-2.703402413492430982e-03,-1.333641791942257479e-05,7.709413282483954010e-04,5.839684552130945498e-03,-8.093255124516285023e-03,-2.226214629192020710e-04,-7.599526701976678983e-06,-3.400263340918921288e-03,1.678077477808468613e-04
5.805000000000000160e-01,0.000000000000000000e+00,1.168843034755420902e-03,2.245321284922424838e-03,1.154530163269287162e-03,2.231790517922150035e-03,1.000000000000000000e+00,1.000000000000000000e+00,-8.198529208081490935e-06,7.685031031042423993e-04,4.927624279055078764e-03,-7.937435129225534416e-03,3.524384235440549545e-02,3.311297288467139437e-03,1.096092388564981340e-01,8.349098193931685924e-03,-1.054137789140309868e-05,7.668949636182857037e-04,5.341335727242421672e-03,-8.092052811104097701e-03,-2.226214629192020710e-04,-7.599526701976678983e-06,-3.232055304103410593e-03,1.045168060248741508e-03
5.809999999999999609e-01,0.000000000000000000e+00,1.171730197318093239e-03,2.241415083259377765e-03,1.157653914347274568e-03,2.228678366479850369e-03,1.000000000000000000e+00,1.000000000000000000e+00,-5.986834370565270784e-06,7.645969014411950005e-04,4.423389675032441196e-03,-7.812403326094887954e-03,3.552961375536362043e-02,4.885710340019867870e-03,1.102346751070696768e-01,1.278783785336325141e-02,-7.989338222433359685e-06,7.628809639053989265e-04,4.867644512941822661e-03,-7.964042431159045268e-03,-2.226214629192020710e-04,-7.599526701976678983e-06,-3.049418561518371217e-03,1.718154660194457645e-03
5.815000000000000169e-01,0.000000000000000000e+00,1.174306061077132679e-03,2.237620321813038951e-03,1.160769532066968038e-03,2.225553611478731271e-03,1.000000000000000000e+00,1.000000000000000000e+00,-4.013608251721573352e-06,7.608021399948562951e-04,3.946452237687393672e-03,-7.589522892677457583e-03,3.583459077454673875e-02,6.081875960377418691e-03,1.109232797127595871e-01,1.618517899213063951e-02,-5.667449507876604834e-06,7.589553330264153233e-04,4.420688794097719747e-03,-7.738769308984049661e-03,-2.226214629192020710e-04,-7.599526701976678983e-06,-2.858378794764932212e-03,2.220577505772613081e-03
5.819999999999999618e-01,0.000000000000000000e+00,1.176589233326890598e-03,2.233973521227056083e-03,1.163876868558968991e-03,2.222416043559820743e-03,1.000000000000000000e+00,1.000000000000000000e+00,-2.264596837111082604e-06,7.571553394088733182e-04,3.498022829220981313e-03,-7.293601171965992044e-03,3.993511645023339884e-02,1.549018956602220103e-02,1.263511660813624315e-01,5.183002113611381856e-02,-3.586895533926041758e-06,7.390524153417959204e-04,3.998863649198016595e-03,-9.263282294389826171e-03,-2.218906388188081054e-04,4.660548002955177695e-04,-6.528840127822559992e-04,6.052576171396392354e-03
5.825000000000000178e-01,0.000000000000000000e+00,1.178788297946689947e-03,2.230767431971081120e-03,1.166976098251927335e-03,2.219265801946767452e-03,1.000000000000000000e+00,1.000000000000000000e+00,-5.800156050541443779e-07,7.539492501528983559e-04,3.369162464113876435e-03,-6.412178511949921840e-03,3.941690539957436179e-02,1.483272587470506679e-02,1.207701030870765024e-01,4.162422464545585676e-02,-1.612935642022097776e-06,7.346302197552942621e-04,3.897098540626946304e-03,-8.426953728088982382e-03,-2.218906388188081054e-04,4.660548002955177695e-04,-9.234353694634226490e-04,5.711960872174711226e-03
5.829999999999999627e-01,0.000000000000000000e+00,1.180878020866731526e-03,2.227976743902187681e-03,1.170067740707319594e-03,2.216103402242245671e-03,1.000000000000000000e+00,1.000000000000000000e+00,1.020805025501935154e-06,7.511585620840050253e-04,3.201641261112159100e-03,-5.581376137786704661e-03,3.903191512364026505e-02,1.414202460401417505e-02,1.196288398319563517e-01,3.986032917152877025e-02,3.004200887505202011e-07,7.306137737783161262e-04,3.756524506156854945e-03,-7.640203108412619952e-03,-2.218906388188081054e-04,4.660548002955177695e-04,-1.120422894892001905e-03,5.360334719861191075e-03
5.835000000000000187e-01,0.000000000000000000e+00,1.182840148291252214e-03,2.225575355243668285e-03,1.173152683454241774e-03,2.212929764224346764e-03,1.000000000000000000e+00,1.000000000000000000e+00,2.523881835747471376e-06,7.487571734254858460e-04,3.006153620491072275e-03,-4.802777317038424421e-03,3.875725890484424396e-02,1.343614657237745050e-02,1.187875822011107696e-01,3.804341474632048914e-02,2.136429924480128466e-06,7.269778921478138112e-04,3.587772491980293667e-03,-6.904611578299072426e-03,-2.218906388188081054e-04,4.660548002955177695e-04,-1.256752874958220328e-03,5.005630805594574184e-03
5.839999999999999636e-01,0.000000000000000000e+00,1.184662180960718153e-03,2.223536949241434503e-03,1.176232204824189656e-03,2.209746239642981086e-03,1.000000000000000000e+00,1.000000000000000000e+00,3.919639837373106270e-06,7.467187674232516302e-04,2.791516003251269442e-03,-4.076812004468393508e-03,4.183627245023757713e-02,2.126800500169893655e-03,1.308665378664670143e-01,-4.963448118862743078e-03,6.011972146589167917e-07,7.403041629602905580e-04,3.028297571465599341e-03,-4.341748568772608313e-03,-1.253842963181123042e-04,-2.227734239530527818e-05,2.986242388103080552e-04,2.537046662311808962e-04
5.845000000000000195e-01,0.000000000000000000e+00,1.186499802148533724e-03,2.221504061863302255e-03,1.179307996776951008e-03,2.206554640006231499e-03,1.000000000000000000e+00,1.000000000000000000e+00,5.327339336856951892e-06,7.446858800451194903e-04,2.815398998967691760e-03,-4.065774756264175713e-03,4.421739838818132540e-02,-8.527715168817997723e-03,1.374982031140699335e-01,-3.668288107301187484e-02,2.125305283806626093e-06,7.381380139491778040e-04,3.068000164910998466e-03,-4.322802332993124982e-03,-1.253842963181123042e-04,-2.227734239530527818e-05,1.549407886761296378e-03,-4.326993522759448041e-03
5.849999999999999645e-01,0.000000000000000000e+00,1.188471918410233469e-03,2.219143851779968417e-03,1.182382182719609459e-03,2.203357258720175897e-03,1.000000000000000000e+00,1.000000000000000000e+00,6.838068040316586098e-06,7.423256699617857609e-04,3.021457406919268642e-03,-4.720420166667551633e-03,4.295348331163102024e-02,-5.154566480216423233e-03,1.306657330488854851e-01,-1.476892319893193667e-02,3.714579303628128684e-06,7.358155465710215304e-04,3.288608318788683975e-03,-4.965733419622516374e-03,-1.253842963181123042e-04,-2.227734239530527818e-05,8.607611147967007175e-04,-2.821804630465541992e-03
5.855000000000000204e-01,0.000000000000000000e+00,1.190513419196214014e-03,2.216565820649392827e-03,1.185457289648430244e-03,2.200156841715903561e-03,1.000000000000000000e+00,1.000000000000000000e+00,8.401948373039943538e-06,7.397476388312101709e-04,3.127760665446716656e-03,-5.156062261151240708e-03,4.193251244541545963e-02,-2.394655396833698588e-03,1.278357219483834684e-01,-7.117245722713210800e-03,5.389266583911701182e-06,7.332261223706294882e-04,3.409842564321249186e-03,-5.391041284528188399e-03,-1.253842963181123042e-04,-2.227734239530527818e-05,3.082025606487901305e-04,-1.597278366832999025e-03
5.859999999999999654e-01,0.000000000000000000e+00,1.192572114872775821e-03,2.213859054765056084e-03,1.188536164538973828e-03,2.196956495202013852e-03,1.000000000000000000e+00,1.000000000000000000e+00,9.979000756143214078e-06,7.370408729468734283e-04,3.154104766206540077e-03,-5.413531768673478239e-03,3.623263133971121874e-02,-7.348316981483665744e-03,1.065847944821341764e-01,-2.882234114052657434e-02,1.886170413999482416e-05,7.315421516717147488e-04,4.781517573311329719e-03,-5.517824534526292318e-03,-4.710982883846145637e-04,-5.385100545706720838e-05,-2.695244055967931963e-03,-3.848319788312278521e-03
5.865000000000000213e-01,0.000000000000000000e+00,1.194362003885317660e-03,2.210870530875338677e-03,1.191621880761887815e-03,2.193759582168460127e-03,1.000000000000000000e+00,1.000000000000000000e+00,1.135013528800058114e-05,7.340523490571562379e-04,2.742269063714733879e-03,-5.977047779434402526e-03,3.631297757567369944e-02,-4.006932061267161858e-03,1.115451037534861412e-01,-1.185914391649623562e-02,2.116169581483244496e-05,7.286455198743574174e-04,4.419064637023460348e-03,-6.067527871037802292e-03,-4.710982883846145637e-04,-5.385100545706720838e-05,-2.630951162976124212e-03,-2.363453990143679889e-03
5.869999999999999662e-01,0.000000000000000000e+00,1.195890034374490251e-03,2.207708299270560223e-03,1.194717644417515965e-03,2.190569618798861827e-03,1.000000000000000000e+00,1.000000000000000000e+00,1.252067455314759269e-05,7.308901174523776750e-04,2.341078530294021711e-03,-6.324463209557053787e-03,3.643877864024808177e-02,-1.291753053651800969e-03,1.117532150941672742e-01,-4.316131538849292404e-03,2.328291997032670284e-05,7.255278122453241762e-04,4.066435213839571239e-03,-6.402535584047236786e-03,-4.710982883846145637e-04,-5.385100545706720838e-05,-2.543101557892687645e-03,-1.164664279888753384e-03
5.875000000000000222e-01,0.000000000000000000e+00,1.197165380696243661e-03,2.204459601426353790e-03,1.197826700670530202e-03,2.187390170882822643e-03,1.000000000000000000e+00,1.000000000000000000e+00,1.349764651597912902e-05,7.276414196081712428e-04,1.953943925663071887e-03,-6.497395688412795946e-03,3.659818844741477561e-02,8.905698378834643429e-04,1.120604713324213075e-01,1.767055666190200675e-03,2.523113880373274530e-05,7.222860172176504175e-04,3.727024269414055957e-03,-6.564208696532970386e-03,-4.710982883846145637e-04,-5.385100545706720838e-05,-2.438230615209324888e-03,-2.086583738366687814e-04
5.879999999999999671e-01,0.000000000000000000e+00,1.198198822997907382e-03,2.201194019730295156e-03,1.200952240084546783e-03,2.184224750228245214e-03,1.000000000000000000e+00,1.000000000000000000e+00,1.428930924845267327e-05,7.243758379121126084e-04,1.583325464947087351e-03,-6.531163392117177689e-03,3.898156059497463050e-02,6.875053836810703090e-03,1.209848736124320423e-01,2.313127380910476316e-02,2.989780403352567371e-05,7.084932856640883394e-04,3.729589405534136821e-03,-7.776100883639757919e-03,-5.559081934581232504e-04,2.550373749500309348e-04,-1.263074514060750662e-03,2.038375401163263021e-03
5.885000000000000231e-01,0.000000000000000000e+00,1.199112465642489201e-03,2.198099166197758914e-03,1.204097304956751151e-03,2.181076711073645820e-03,1.000000000000000000e+00,1.000000000000000000e+00,1.498920011933106420e-05,7.212809843795764744e-04,1.399781741756780679e-03,-6.189707065072371124e-03,3.860565795138324457e-02,7.680837728930764094e-03,1.173934756737105845e-01,2.129879821656170333e-02,3.172988101019753529e-05,7.046856122163516496e-04,3.598902535226266696e-03,-7.455071164291221866e-03,-5.559081934581232504e-04,2.550373749500309348e-04,-1.457787639236986796e-03,2.366149101478324558e-03
5.889999999999999680e-01,0.000000000000000000e+00,1.199888765070095901e-03,2.195198591319434157e-03,1.207264695652517789e-03,2.177949146500472548e-03,1.000000000000000000e+00,1.000000000000000000e+00,1.558387998204560214e-05,7.183804095012516098e-04,1.189359725429075610e-03,-5.801149756649694525e-03,3.833627328964336889e-02,8.238149412472195454e-03,1.165570463793428185e-01,2.294244849992519916e-02,3.348970525315815041e-05,7.010502796306425800e-04,3.440634652824734081e-03,-7.086835433067191145e-03,-5.559081934581232504e-04,2.550373749500309348e-04,-1.593878920598105304e-03,2.583012083449745359e-03
5.895000000000000240e-01,0.000000000000000000e+00,1.200515733915460395e-03,2.192507783701070408e-03,1.210456876940033989e-03,2.174844784845415650e-03,1.000000000000000000e+00,1.000000000000000000e+00,1.606416598204583372e-05,7.156896018828877524e-04,9.605720000004654797e-04,-5.381615236727619461e-03,3.815450387038694935e-02,8.592193466378739153e-03,1.159602558132710043e-01,2.402210958311075048e-02,3.516560659130858843e-05,6.976068760767503447e-04,3.263251133354311967e-03,-6.687422710770368935e-03,-5.559081934581232504e-04,2.550373749500309348e-04,-1.681986536187196537e-03,2.709652721253452690e-03
5.899999999999999689e-01,0.000000000000000000e+00,1.200985930718982252e-03,2.190035674922625065e-03,1.213675884324919713e-03,2.171765886112730914e-03,1.000000000000000000e+00,1.000000000000000000e+00,1.642435763055610388e-05,7.132174931044425173e-04,7.203832970205411960e-04,-4.944217556890556121e-03,4.730656731983887836e-02,3.300885698324601634e-03,1.515320871417583926e-01,3.358345679201512734e-03,8.520368006637000932e-06,7.058506389010023611e-04,-1.200550744152630971e-04,-4.970750685118484856e-03,2.741689339685052717e-04,-8.261438671405784936e-05,2.765859075143993744e-03,4.256497839169280650e-04
5.905000000000000249e-01,0.000000000000000000e+00,1.201759650181777935e-03,2.187614622048341274e-03,1.216923230384851784e-03,2.168714138386544383e-03,1.000000000000000000e+00,1.000000000000000000e+00,1.701706112556365934e-05,7.107964402301585093e-04,1.185406990015108481e-03,-4.842105748567975161e-03,5.579116947726144027e-02,-1.994518384944769015e-03,1.769162256378777887e-01,-1.264631035381052516e-02,8.569103175014805308e-06,7.033942225960373952e-04,3.141524175198901858e-04,-4.855045939434683364e-03,2.741689339685052717e-04,-8.261438671405784936e-05,7.213980927114560515e-03,-1.857815124948967046e-03
5.909999999999999698e-01,0.000000000000000000e+00,1.203258360030724436e-03,2.185078797659990163e-03,1.220199811104182887e-03,2.165690554243181361e-03,1.000000000000000000e+00,1.000000000000000000e+00,1.816513947719687491e-05,7.082606158418077238e-04,2.296156703266429185e-03,-5.071648776701466813e-03,5.984471209741235032e-02,-4.578226598272016473e-03,1.860024273768565439e-01,-1.825879857241111126e-02,8.995864048077155967e-06,7.009130277190358908e-04,1.390788440041468548e-03,-5.069224726717429935e-03,2.741689339685052717e-04,-8.261438671405784936e-05,9.270311395173636698e-03,-2.948716658428906980e-03
5.915000000000000258e-01,0.000000000000000000e+00,1.205676545685406293e-03,2.182349069820979388e-03,1.223505813248498223e-03,2.162695368308537383e-03,1.000000000000000000e+00,1.000000000000000000e+00,2.001757716039586989e-05,7.055308880027968401e-04,3.704875366397988173e-03,-5.459455678021828129e-03,5.557627141144759475e-02,-1.982461716471674990e-03,1.667088499537024981e-01,-6.138904305864012652e-03,1.003527594873413687e-05,6.982852852062839235e-04,2.764158308926025018e-03,-5.440925668342325161e-03,2.741689339685052717e-04,-8.261438671405784936e-05,6.907193657251840466e-03,-1.799288369556506940e-03
5.919999999999999707e-01,0.000000000000000000e+00,1.208789389409301940e-03,2.179509133510370775e-03,1.226840657977379921e-03,2.159727974717372961e-03,1.000000000000000000e+00,1.000000000000000000e+00,2.240215379738389948e-05,7.026909516921879019e-04,4.769153273976058788e-03,-5.679872621217948482e-03,4.944891967609461869e-02,-1.144630455533652939e-02,1.471181411371700887e-01,-4.520395144085931349e-02,2.577653928340015437e-05,7.078056206650736341e-04,5.390898810865709517e-03,-4.255708243153823005e-03,-1.404612165974766715e-04,-4.440656566906737339e-04,3.747374835895515930e-03,-5.674278049052740650e-03
5.925000000000000266e-01,0.000000000000000000e+00,1.212281476066589311e-03,2.176264799122119842e-03,1.230203054196614236e-03,2.156786985406705399e-03,1.000000000000000000e+00,1.000000000000000000e+00,2.507724737608880137e-05,6.994466173039371858e-04,5.350187157409803246e-03,-6.488668776501447730e-03,4.307902632311626928e-02,-1.304132319469428723e-02,1.279171603294061432e-01,-4.366739364825523301e-02,2.861972688374249551e-05,7.054880517524780544e-04,5.980601308458554158e-03,-5.013012179188578755e-03,-1.404612165974766715e-04,-4.440656566906737339e-04,3.311977287559940072e-04,-6.298499938851026374e-03
5.929999999999999716e-01,0.000000000000000000e+00,1.215828863631170228e-03,2.172571284357375631e-03,1.233591103336091448e-03,2.153870345034048644e-03,1.000000000000000000e+00,1.000000000000000000e+00,2.779470390752536533e-05,6.957531025391929750e-04,5.434913062873128128e-03,-7.387029529488366164e-03,4.158053827757125093e-02,-8.764185489883554586e-03,1.275800107813272188e-01,-2.608119729242824175e-02,3.163412928036399757e-05,7.027693321647466695e-04,6.076708107927780537e-03,-5.860121741760887341e-03,-1.404612165974766715e-04,-4.440656566906737339e-04,-4.733626478581427419e-04,-4.389463224344376108e-03
5.935000000000000275e-01,0.000000000000000000e+00,1.219355431546598461e-03,2.168567913223194265e-03,1.237002406716607075e-03,2.150975448746278267e-03,1.000000000000000000e+00,1.000000000000000000e+00,3.049621166242089457e-05,6.917497314050115005e-04,5.403015509791057186e-03,-8.006742268362994006e-03,4.039904748889474456e-02,-5.257841935758779568e-03,1.242538565640506354e-01,-1.638149242017869489e-02,3.466749153709597033e-05,6.996962544474079988e-04,6.056665129207123438e-03,-6.430966703512079954e-03,-1.404612165974766715e-04,-4.440656566906737339e-04,-1.101288266713087993e-03,-2.833356625516966765e-03
5.939999999999999725e-01,0.000000000000000000e+00,1.222801828534137054e-03,2.164368333584046952e-03,1.240434172916660919e-03,2.148099259948516374e-03,1.000000000000000000e+00,1.000000000000000000e+00,3.313630492350689758e-05,6.875501517658644040e-04,5.280186522172011440e-03,-8.399159278294199976e-03,4.988685367785447577e-02,-6.380971412616413298e-03,1.620449988302615774e-01,-2.390533888676007329e-02,2.533975239640673648e-05,6.949563231470835736e-04,4.551236075472640460e-03,-6.939249812344258465e-03,2.220512773063496959e-04,-4.017862064928939695e-04,3.888513965174699404e-03,-3.152533201486525712e-03
5.945000000000000284e-01,0.000000000000000000e+00,1.226643942123224404e-03,2.159940199559009025e-03,1.243883325139266086e-03,2.145238428073000490e-03,1.000000000000000000e+00,1.000000000000000000e+00,3.607953468825914078e-05,6.831220177408263688e-04,5.886459529504485533e-03,-8.856268050075980294e-03,5.079738168037759710e-02,-3.437752852743957560e-03,1.578019895750664148e-01,-1.171269531597995961e-02,2.776082222862313756e-05,6.913828266886284024e-04,5.131826582390613088e-03,-7.353797588213295371e-03,2.220512773063496959e-04,-4.017862064928939695e-04,4.320984319160028203e-03,-1.850032394871204029e-03
5.949999999999999734e-01,0.000000000000000000e+00,1.230922353488948795e-03,2.155378661285851927e-03,1.247346608578752802e-03,2.142389406347972383e-03,1.000000000000000000e+00,1.000000000000000000e+00,3.935698794034939532e-05,6.785604794676693792e-04,6.554906504180506473e-03,-9.123076546314015656e-03,4.788313149228748400e-02,-7.846369243012485091e-04,1.460597571981897547e-01,-4.036149426443215102e-03,3.048776897301652024e-05,6.876492795013361674e-04,5.774611632638253222e-03,-7.579812054454702040e-03,2.220512773063496959e-04,-4.017862064928939695e-04,2.728133689356361264e-03,-6.870447914209530139e-04
5.955000000000000293e-01,0.000000000000000000e+00,1.235485498281414102e-03,2.150768710451693086e-03,1.250820697787574393e-03,2.139548569566547369e-03,1.000000000000000000e+00,1.000000000000000000e+00,4.285255965176463757e-05,6.739505286335105384e-04,6.991143422830490249e-03,-9.219901668317612153e-03,4.550566963849014823e-02,1.325967790139820921e-03,1.395446595640143783e-01,1.854221000782739406e-03,3.347837997118401348e-05,6.838448935375162968e-04,6.186920293784812716e-03,-7.637476277935636992e-03,2.220512773063496959e-04,-4.017862064928939695e-04,1.436663475428423976e-03,2.293454107007100338e-04
5.959999999999999742e-01,0.000000000000000000e+00,1.240210435734506473e-03,2.146177399730938001e-03,1.254302304043109807e-03,2.136712331855599670e-03,1.000000000000000000e+00,1.000000000000000000e+00,4.647207173179081387e-05,6.693592179127553447e-04,7.239024160052349131e-03,-9.182621441510292054e-03,4.412476031109264368e-02,3.734212031481471718e-03,1.363421275664705723e-01,9.421317206188708701e-03,4.155245302309743357e-05,6.729332427939452299e-04,6.969424998727252914e-03,-8.367024689522878714e-03,7.725894860430183723e-05,-1.926695958562714092e-04,8.761599002142265655e-04,1.363596311832432177e-03
5.965000000000000302e-01,0.000000000000000000e+00,1.245025564294122795e-03,2.141680302746680128e-03,1.257788282714473495e-03,2.133877264444635196e-03,1.000000000000000000e+00,1.000000000000000000e+00,5.016067420778842843e-05,6.648621209284974725e-04,7.377204951995228362e-03,-8.994193968515669727e-03,4.232330536083331318e-02,5.103732853386319657e-03,1.305976892804789069e-01,1.276528528102813947e-02,4.506977321143953508e-05,6.688011440428033019e-04,7.099470805563754677e-03,-8.161612246943214521e-03,7.725894860430183723e-05,-1.926695958562714092e-04,-9.049562584600035625e-05,1.941789971974202484e-03
5.969999999999999751e-01,0.000000000000000000e+00,1.249839035113695790e-03,2.137319638304667306e-03,1.261275740629314458e-03,2.131040213434676461e-03,1.000000000000000000e+00,1.000000000000000000e+00,5.384800678123758262e-05,6.605014564864847585e-04,7.374665146898311957e-03,-8.721328884025523337e-03,4.090044499321762728e-02,6.123983673483059630e-03,1.266082722698348151e-01,1.567583834383270286e-02,4.861710444970506883e-05,6.647927074064129485e-04,7.089738951635571503e-03,-7.872543029572359394e-03,7.725894860430183723e-05,-1.926695958562714092e-04,-8.461475307040293350e-04,2.362924898242283692e-03
5.975000000000000311e-01,0.000000000000000000e+00,1.254579035410142290e-03,2.133126202368339046e-03,1.264762143440627653e-03,2.128198417567133630e-03,1.000000000000000000e+00,1.000000000000000000e+00,5.747905766871290033e-05,6.563080205501566067e-04,7.262101774950641825e-03,-8.386871872656286378e-03,3.979629980707825865e-02,6.854788784338481863e-03,1.234753421035997278e-01,1.778692935811512083e-02,5.213219925391313466e-05,6.609440741719284796e-04,6.970738049614982890e-03,-7.522522800694818844e-03,7.725894860430183723e-05,-1.926695958562714092e-04,-1.424748200692440517e-03,2.654483126766682671e-03
5.979999999999999760e-01,0.000000000000000000e+00,1.259190563626121561e-03,2.129121367203617651e-03,1.268245422932726043e-03,2.125349625925982821e-03,1.000000000000000000e+00,1.000000000000000000e+00,6.101169323285011428e-05,6.523031853854351038e-04,7.065271128274427243e-03,-8.009670329443089112e-03,4.755469467428881380e-02,2.413913138173295024e-03,1.544449310545419340e-01,7.844044160470109092e-05,4.982165915733761567e-05,6.559587156707866271e-04,6.118085990185781996e-03,-7.279883683925259322e-03,2.461941647603204937e-04,-1.537873878548060350e-04,2.717627103450009646e-03,8.357871525004208733e-04
5.985000000000000320e-01,0.000000000000000000e+00,1.264063292065966846e-03,2.125164593936094883e-03,1.271724072422581722e-03,2.122492202584321842e-03,1.000000000000000000e+00,1.000000000000000000e+00,6.474441977702135936e-05,6.483464121179122273e-04,7.465453088342494277e-03,-7.913546535045855312e-03,4.521388942057282673e-02,3.853575845016276279e-03,1.389423408984339081e-01,9.501940674387135063e-03,5.297476570777103795e-05,6.523460271428234078e-04,6.493493518415505324e-03,-7.170945023713956763e-03,2.461941647603204937e-04,-1.537873878548060350e-04,1.448274615859402583e-03,1.451252940948791637e-03
5.989999999999999769e-01,0.000000000000000000e+00,1.269076355029806827e-03,2.121300769052698269e-03,1.275197162975555193e-03,2.119625144409543333e-03,1.000000000000000000e+00,1.000000000000000000e+00,6.858464880347666173e-05,6.444825872345156127e-04,7.680458052910604967e-03,-7.727649766793208419e-03,4.332892220225471186e-02,4.949086676438649995e-03,1.337335652744906234e-01,1.260749826990730654e-02,5.626956205579914598e-05,6.488101066766892820e-04,6.685195844387160566e-03,-6.972986856414272426e-03,2.461941647603204937e-04,-1.537873878548060350e-04,4.340200520542051525e-04,1.911503979560469357e-03
5.995000000000000329e-01,0.000000000000000000e+00,1.274133114142087051e-03,2.117563490075786634e-03,1.278664284532533921e-03,2.116748016520186588e-03,1.000000000000000000e+00,1.000000000000000000e+00,7.245835102163018229e-05,6.407453082576041944e-04,7.747404436307041113e-03,-7.474557953822786108e-03,4.183039378937977032e-02,5.757977031664113232e-03,1.295582660703125111e-01,1.492260665250285702e-02,5.962343479168361531e-05,6.453898436679977781e-04,6.730081366427737716e-03,-6.708448596102367656e-03,2.461941647603204937e-04,-1.537873878548060350e-04,-3.645920241703684605e-04,2.243010672359616476e-03
5.999999999999999778e-01,0.000000000000000000e+00,1.279157410642373354e-03,2.113976991169063107e-03,1.282125477129472061e-03,2.113860876877328085e-03,1.000000000000000000e+00,1.000000000000000000e+00,7.630718543625662753e-05,6.371588093508805594e-04,7.697668829252882032e-03,-7.172997813447328126e-03,3.260773705721765892e-02,1.103422100257894951e-02,9.499356887215154588e-02,3.485292033075031159e-02,9.054740860871828446e-05,6.255746197910576128e-04,9.779215411007737349e-03,-8.267110994146382660e-03,-5.646884132682246935e-04,3.325443476460064845e-04,-4.929893708029664708e-03,4.282133163862141337e-03
6.005000000000000338e-01,0.000000000000000000e+00,1.283686990535161301e-03,2.110704835058889364e-03,1.285581162082912897e-03,2.110964200838652029e-03,1.000000000000000000e+00,1.000000000000000000e+00,7.977704494279014974e-05,6.338866532407068160e-04,6.939719013067045285e-03,-6.544312220347413972e-03,2.385947461741869807e-02,1.581390048895160022e-02,6.849103168853327983e-02,4.918183043744193961e-02,9.526177888434876324e-05,6.215894901055685163e-04,9.079443681069601299e-03,-7.674405802258778969e-03,-5.646884132682246935e-04,3.325443476460064845e-04,-9.505404845567964889e-03,6.298242741802532497e-03
6.009999999999999787e-01,0.000000000000000000e+00,1.287288798459738795e-03,2.107893126784087575e-03,1.289032073175498932e-03,2.108058805712524804e-03,1.000000000000000000e+00,1.000000000000000000e+00,8.253618988859465937e-05,6.310749449659048107e-04,5.518289891609026200e-03,-5.623416549604073195e-03,2.594898428363567530e-02,1.459330116618227924e-02,8.332336481384096383e-02,4.075726390055933734e-02,9.946080392200376877e-05,6.179736213850009225e-04,7.719134048522142792e-03,-6.790645150913455011e-03,-5.646884132682246935e-04,3.325443476460064845e-04,-8.304048786733556411e-03,5.710008346694704987e-03
6.015000000000000346e-01,0.000000000000000000e+00,1.290077900081421439e-03,2.105498681152162370e-03,1.292479187841492818e-03,2.105145775312055115e-03,1.000000000000000000e+00,1.000000000000000000e+00,8.467276568717873231e-05,6.286804993339798224e-04,4.273151597168142399e-03,-4.788891263850056368e-03,2.781699708897032719e-02,1.345144348550497693e-02,8.813680253824322797e-02,3.772355783489429737e-02,1.030233306315860671e-04,6.147782686616962578e-04,6.533136607645562491e-03,-5.992192379193565788e-03,-5.646884132682246935e-04,3.325443476460064845e-04,-7.232475251838862626e-03,5.161756374254940390e-03
6.019999999999999796e-01,0.000000000000000000e+00,1.292157018076033450e-03,2.103481228893608855e-03,1.295923658352290259e-03,2.102226384509174942e-03,1.000000000000000000e+00,1.000000000000000000e+00,8.626546247353996137e-05,6.266630470754264159e-04,3.185393572722450967e-03,-4.034904517106705293e-03,3.169997868256546614e-02,2.665301143617030723e-03,1.010478902672667517e-01,-2.867129758570172767e-03,1.039691185586017180e-04,6.266459008662359940e-04,5.269304054583724521e-03,-3.612019507220988034e-03,-5.040355520204647206e-04,-9.922478632505327177e-05,-5.173937367437838816e-03,6.051763213549849613e-04
6.025000000000000355e-01,0.000000000000000000e+00,1.293728712573141400e-03,2.101499493454521330e-03,1.299366743001940071e-03,2.099302023788700115e-03,1.000000000000000000e+00,1.000000000000000000e+00,8.746945030933024211e-05,6.246813116363385656e-04,2.407975671580563429e-03,-3.963470878175609675e-03,3.646066066457316623e-02,-6.824603689682035706e-03,1.158114599927257543e-01,-3.048427341986464575e-02,1.064213296444248920e-04,6.248600823598271601e-04,4.540859334702062461e-03,-3.531343380433104445e-03,-5.040355520204647206e-04,-9.922478632505327177e-05,-2.608886145594246225e-03,-3.480253178012515311e-03
6.029999999999999805e-01,0.000000000000000000e+00,1.295037219311517048e-03,2.099256676557658720e-03,1.302809737292656873e-03,2.096374123802410405e-03,1.000000000000000000e+00,1.000000000000000000e+00,8.847182462504657875e-05,6.224384947394758470e-04,2.004748631432666777e-03,-4.485633793725448369e-03,3.657457932748446605e-02,-4.124186549088283693e-03,1.119769316978257434e-01,-1.212018172142536113e-02,1.086022982364219828e-04,6.229667391096604901e-04,4.183624928787989597e-03,-4.040970418691643487e-03,-5.040355520204647206e-04,-9.922478632505327177e-05,-2.526851998779221752e-03,-2.275758666452965852e-03
6.035000000000000364e-01,0.000000000000000000e+00,1.296091157674181954e-03,2.096840470033251459e-03,1.306253905120340064e-03,2.093444079923110525e-03,1.000000000000000000e+00,1.000000000000000000e+00,8.927918825115604767e-05,6.200222882150688026e-04,1.614727252218931116e-03,-4.832413048814137441e-03,3.672555662366033813e-02,-1.915808042334897704e-03,1.122600579558540729e-01,-5.997967978677849581e-03,1.106077418832369789e-04,6.208622071575765943e-04,3.838742249689763679e-03,-4.376427745851080992e-03,-5.040355520204647206e-04,-9.922478632505327177e-05,-2.425900171318216923e-03,-1.296421400900104205e-03
6.039999999999999813e-01,0.000000000000000000e+00,1.296900932344375451e-03,2.094322186994738294e-03,1.309700409960088026e-03,2.090513176798706758e-03,1.000000000000000000e+00,1.000000000000000000e+00,8.989951163743618151e-05,6.175040051765557465e-04,1.240646772560271595e-03,-5.036566077026217135e-03,4.625246431203063058e-02,1.064602228380932001e-03,1.489328960172281169e-01,3.603927985501938127e-03,1.005579925565976146e-04,6.099728567188199843e-04,2.164152566014854694e-03,-5.549177750277051180e-03,-1.545157033326694288e-04,1.552012536430351711e-04,2.448815458242230205e-03,-1.841500621885927124e-04
6.045000000000000373e-01,0.000000000000000000e+00,1.297946595677277812e-03,2.091796452812681815e-03,1.313150246052486887e-03,2.087582512907122743e-03,1.000000000000000000e+00,1.000000000000000000e+00,9.070053622297937206e-05,6.149782709944990504e-04,1.602049171086379360e-03,-5.051468364113425973e-03,4.894533852847308963e-02,3.736261019708501593e-03,1.514492183844048656e-01,1.142907621129347386e-02,1.017323658840339886e-04,6.071909008820802712e-04,2.532582351058744376e-03,-5.578483670163127649e-03,-1.545157033326694288e-04,1.552012536430351711e-04,3.839112276589402850e-03,9.722198979816517889e-04
6.049999999999999822e-01,0.000000000000000000e+00,1.299360201201692081e-03,2.089347143358320086e-03,1.316604172223457365e-03,2.084652928019741988e-03,1.000000000000000000e+00,1.000000000000000000e+00,9.178342087971923127e-05,6.125289615401373214e-04,2.165769313479705849e-03,-4.898618908723538674e-03,4.677893568571010047e-02,4.643772246083393250e-03,1.410345465425699163e-01,1.273858836880627406e-02,1.031412926868972006e-04,6.044361240007384674e-04,3.101968153545625519e-03,-5.440786605485562269e-03,-1.545157033326694288e-04,1.552012536430351711e-04,2.646878487974583562e-03,1.356516356933439938e-03
6.055000000000000382e-01,0.000000000000000000e+00,1.301028771888522798e-03,2.087002011982181000e-03,1.320062680247708307e-03,2.081724968814908580e-03,1.000000000000000000e+00,1.000000000000000000e+00,9.306162018231713161e-05,6.101838301639981275e-04,2.556398605195810223e-03,-4.690262752278423312e-03,4.499548867566747351e-02,5.319543412540228902e-03,1.361639077767429762e-01,1.467795539039737883e-02,1.047917671422051274e-04,6.017640783954544825e-04,3.499097663120952738e-03,-5.247669096528927157e-03,-1.545157033326694288e-04,1.552012536430351711e-04,1.670227574591891901e-03,1.636589835181738797e-03
6.059999999999999831e-01,0.000000000000000000e+00,1.302859801856645931e-03,2.084781234458756190e-03,1.323526018509998872e-03,2.078798915562546541e-03,1.000000000000000000e+00,1.000000000000000000e+00,9.446427051458215209e-05,6.079630526405734254e-04,2.805300664530037923e-03,-4.441555046849439935e-03,4.855907210092629683e-02,-3.828062707834209780e-03,1.516575585748922150e-01,-2.131815695817362161e-02,1.058856635023342044e-04,6.032273457001629570e-04,3.673706773540880762e-03,-4.558414593452575492e-03,-1.333500547772044082e-04,3.674013148782568386e-05,3.504467914346269097e-03,-2.281068317871748699e-03
6.065000000000000391e-01,0.000000000000000000e+00,1.305029732594891302e-03,2.082397707518527860e-03,1.326994229114538933e-03,2.075874823660915636e-03,1.000000000000000000e+00,1.000000000000000000e+00,9.612653389856810437e-05,6.055795257003449873e-04,3.324526767971909980e-03,-4.767053880456940257e-03,4.629469060889248450e-02,-1.524033985023428434e-03,1.400955837136179105e-01,-4.701130788335923863e-03,1.078534531350144952e-04,6.008663978312959314e-04,4.196364488969656602e-03,-4.884655409573282307e-03,-1.333500547772044082e-04,3.674013148782568386e-05,2.263518415321180179e-03,-1.260357552899949276e-03
6.069999999999999840e-01,0.000000000000000000e+00,1.307420930216894508e-03,2.079925606400788787e-03,1.330467185212394574e-03,2.072952565414170646e-03,1.000000000000000000e+00,1.000000000000000000e+00,9.795829754930290465e-05,6.031074245826060229e-04,3.663527301469591234e-03,-4.944202235477878488e-03,4.444327740173165814e-02,3.368604446182901259e-04,1.350173626439641894e-01,4.829070169982802550e-04,1.100376576748186342e-04,5.983792774385656224e-04,4.539705736633490966e-03,-5.063385794124619470e-03,-1.333500547772044082e-04,3.674013148782568386e-05,1.254600046545158165e-03,-4.417894458319102840e-04
6.075000000000000400e-01,0.000000000000000000e+00,1.309937793600029609e-03,2.077424403690583156e-03,1.333944628328905500e-03,2.070031871809894196e-03,1.000000000000000000e+00,1.000000000000000000e+00,9.988632675804326997e-05,6.006062218724004999e-04,3.856058417480726520e-03,-5.002405420410954880e-03,4.294421623362141421e-02,1.821629332821324493e-03,1.308776720149419093e-01,4.635641865655905705e-03,1.123570216396316778e-04,5.958324200566415124e-04,4.737279576645299708e-03,-5.123830345308088771e-03,-1.333500547772044082e-04,3.674013148782568386e-05,4.431590514933545465e-04,2.056801632890547724e-04
6.079999999999999849e-01,0.000000000000000000e+00,1.312503472110699296e-03,2.074941127900489096e-03,1.337426205691094215e-03,2.067112374296660362e-03,1.000000000000000000e+00,1.000000000000000000e+00,1.018517505239715414e-04,5.981229460823065487e-04,3.930847531856533107e-03,-4.966551580187823604e-03,5.208584949966929556e-02,-2.225828442905812728e-03,1.676998556607433577e-01,-1.233537796554816726e-02,1.024710547098160387e-04,5.942026930050783992e-04,3.428932407565239357e-03,-4.986197029748746373e-03,2.275856277206654424e-04,9.572538234617307268e-06,5.141567997881880958e-03,-1.504569342629967672e-03
6.085000000000000409e-01,0.000000000000000000e+00,1.315575109772568673e-03,2.072349348536435629e-03,1.340911507555080616e-03,2.064193646561565329e-03,1.000000000000000000e+00,1.000000000000000000e+00,1.042047614861215619e-04,5.955311667182530818e-04,4.706021924300052631e-03,-5.183558728106933688e-03,5.271500234166580368e-02,-1.766335193093625678e-03,1.627487918320264793e-01,-7.189036344543936127e-03,1.043717120734315580e-04,5.916555316114559867e-04,4.172184805932991139e-03,-5.201934189860526678e-03,2.275856277206654424e-04,9.572538234617307268e-06,5.413690982862495032e-03,-1.285783128950080192e-03
6.089999999999999858e-01,0.000000000000000000e+00,1.319177996119590178e-03,2.069664982596978748e-03,1.344400104533490089e-03,2.061275246307787100e-03,1.000000000000000000e+00,1.000000000000000000e+00,1.069647325514465059e-04,5.928468007787959836e-04,5.519942130649883177e-03,-5.368731878914265870e-03,4.959195388290624229e-02,1.935381373580439819e-04,1.505126811739161408e-01,-4.944257578573659981e-05,1.066537555412949706e-04,5.890084251401334070e-04,4.954386927639936079e-03,-5.386034874648950102e-03,2.275856277206654424e-04,9.572538234617307268e-06,3.700549492265927699e-03,-4.240944081008173223e-04
6.095000000000000417e-01,0.000000000000000000e+00,1.323149078361032099e-03,2.066950666980321358e-03,1.347891584922870922e-03,2.058356757032122654e-03,1.000000000000000000e+00,1.000000000000000000e+00,1.100067580356716172e-04,5.901324851621388102e-04,6.084050968450210352e-03,-5.428631233314309447e-03,4.702781133302686573e-02,1.756386727761552165e-03,1.435183511342879303e-01,4.321303482620562735e-03,1.092648006432819275e-04,5.863004619685285293e-04,5.488659393791992837e-03,-5.445600039448321439e-03,2.275856277206654424e-04,9.572538234617307268e-06,2.301752420500362620e-03,2.570132327704317821e-04
6.099999999999999867e-01,0.000000000000000000e+00,1.327355159520828519e-03,2.064255904608098581e-03,1.351385592031100445e-03,2.055437829802543321e-03,1.000000000000000000e+00,1.000000000000000000e+00,1.132288031354411077e-04,5.874377227899161419e-04,6.444090199538977763e-03,-5.389524744445229991e-03,5.073127236156634023e-02,-9.481716767911207988e-03,1.602803794222502354e-01,-4.064099653533473355e-02,1.074844945207122245e-04,5.973297682841146716e-04,5.299159139970960504e-03,-3.851989613567918802e-03,3.630758644323213804e-04,-3.945186561079129604e-04,4.195004862708915164e-03,-4.370685459892191191e-03
6.105000000000000426e-01,0.000000000000000000e+00,1.331978576309439562e-03,2.061229525917586750e-03,1.354881861504803747e-03,2.052518225035735409e-03,1.000000000000000000e+00,1.000000000000000000e+00,1.167705458745794744e-04,5.844113440994038768e-04,7.083485478276724256e-03,-6.052757381024466941e-03,5.007046572581994037e-02,-1.277587005574065335e-02,1.548901980370844533e-01,-4.412608216693979235e-02,1.102837514185220916e-04,5.952479133042758771e-04,5.896604823198123117e-03,-4.474145899986999540e-03,3.630758644323213804e-04,-3.945186561079129604e-04,3.796882586411958610e-03,-5.736337251319287636e-03
6.109999999999999876e-01,0.000000000000000000e+00,1.336980844924434003e-03,2.057772771028109661e-03,1.358380258656759817e-03,2.049597854274652544e-03,1.000000000000000000e+00,1.000000000000000000e+00,1.206025059500844356e-04,5.809545892099268966e-04,7.663920151009913188e-03,-6.913509778953940386e-03,4.729736483851627871e-02,-8.734331203471563942e-03,1.449910483119278004e-01,-2.598821367180262354e-02,1.133672058832532092e-04,5.928056251268464059e-04,6.436051069815942882e-03,-5.293326951391547248e-03,3.630758644323213804e-04,-3.945186561079129604e-04,2.287384519979956173e-03,-3.930828988842590202e-03
6.115000000000000435e-01,0.000000000000000000e+00,1.342218058610152379e-03,2.054017354792930274e-03,1.361880815055217537e-03,2.046676821120459698e-03,1.000000000000000000e+00,1.000000000000000000e+00,1.246144443914557051e-04,5.771991729747478345e-04,8.023876882742550162e-03,-7.510832470358174556e-03,4.504772330589429385e-02,-5.417096416674895693e-03,1.388115842349422480e-01,-1.681219234082712011e-02,1.166656334007154852e-04,5.900191787647918185e-04,6.756912524727751168e-03,-5.851271904794106728e-03,3.630758644323213804e-04,-3.945186561079129604e-04,1.071341008243704290e-03,-2.457079533345879214e-03
6.119999999999999885e-01,0.000000000000000000e+00,1.347574183005900185e-03,2.050070856182919458e-03,1.365383748523009595e-03,2.043755443158152066e-03,1.000000000000000000e+00,1.000000000000000000e+00,1.287174737214723220e-04,5.732526743647369102e-04,8.206058660033221236e-03,-7.892997220021884947e-03,4.848966595891254783e-02,-4.270720248729833590e-04,1.541955603548214038e-01,-4.287818152135581574e-04,1.190562950258375612e-04,5.783552030172775917e-04,6.785767780394763408e-03,-7.174792839915770763e-03,3.931885077473317998e-04,-1.401098618792658967e-04,2.858623039997799150e-03,-4.081058607718710679e-04
6.125000000000000444e-01,0.000000000000000000e+00,1.353219672040186427e-03,2.046091908070117246e-03,1.368889444747271433e-03,2.040834229901825059e-03,1.000000000000000000e+00,1.000000000000000000e+00,1.330421692248763988e-04,5.692737262519346987e-04,8.649391006808152330e-03,-7.957896225604516732e-03,4.593275573392162359e-02,1.563449366332103933e-03,1.415612636393324963e-01,3.014030187774184664e-03,1.225499449649635462e-04,5.747544159316506866e-04,7.187920581605803001e-03,-7.228116086602013463e-03,3.931885077473317998e-04,-1.401098618792658967e-04,1.473652637355384607e-03,4.572889898208430497e-04
6.129999999999999893e-01,0.000000000000000000e+00,1.359022417893222942e-03,2.042143552761212840e-03,1.372398425114460495e-03,2.037913844959167442e-03,1.000000000000000000e+00,1.000000000000000000e+00,1.374873304404267236e-04,5.653253709430301841e-04,8.890322431100626532e-03,-7.896710617808961469e-03,4.387517741083472866e-02,3.121985983744288151e-03,1.358802971292000505e-01,7.393941955023327142e-03,1.261944294880586344e-04,5.711583118877437085e-04,7.389489145863546889e-03,-7.156303361953901890e-03,3.931885077473317998e-04,-1.401098618792658967e-04,3.680605752675622337e-04,1.126927247645458400e-03
6.135000000000000453e-01,0.000000000000000000e+00,1.364876847947893435e-03,2.038274594330148105e-03,1.375911314090402619e-03,2.034995067674690451e-03,1.000000000000000000e+00,1.000000000000000000e+00,1.419720840514358709e-04,5.614564125119652326e-04,8.969507222018278589e-03,-7.737916862129884908e-03,4.224079630522617479e-02,4.317872342669787020e-03,1.313312065716100707e-01,1.077618987697866876e-02,1.298995755880291139e-04,5.676223703664642168e-04,7.430875028691661006e-03,-6.987655934114791328e-03,3.931885077473317998e-04,-1.401098618792658967e-04,-5.014332066924199289e-04,1.632796800839911907e-03
6.139999999999999902e-01,0.000000000000000000e+00,1.370699813806458165e-03,2.034521925701064920e-03,1.379428806600336253e-03,2.032078754772982058e-03,1.000000000000000000e+00,1.000000000000000000e+00,1.464327346898609199e-04,5.577037438828822639e-04,8.921301276850087530e-03,-7.505337258165830673e-03,3.536805645503976470e-02,5.338178534845184481e-03,1.060095682089726987e-01,1.381785727157019625e-02,1.468546179473202674e-04,5.579761525856081691e-04,8.846479239625051547e-03,-7.448749636177409532e-03,3.259289731134471551e-06,4.257942133861125140e-05,-4.013058225645611474e-03,1.929737293260561396e-03
6.145000000000000462e-01,0.000000000000000000e+00,1.376146691872897482e-03,2.030916509856213904e-03,1.382951635408963395e-03,2.029165802001946066e-03,1.000000000000000000e+00,1.000000000000000000e+00,1.506052853650033006e-04,5.540983280380312476e-04,8.345101350284774011e-03,-7.210831689701960485e-03,3.522208554626833632e-02,6.186626407206064632e-03,1.110053607359690608e-01,1.636860363499662366e-02,1.511343571846582409e-04,5.543234686233858765e-04,8.273426544387089618e-03,-7.162403111259214861e-03,3.259289731134471551e-06,4.257942133861125140e-05,-4.051203700266812167e-03,2.277808108470612356e-03
6.149999999999999911e-01,0.000000000000000000e+00,1.381213924487734472e-03,2.027483561605012991e-03,1.386480538500494027e-03,2.026257105776051171e-03,1.000000000000000000e+00,1.000000000000000000e+00,1.544870107515905358e-04,5.506653797868302268e-04,7.763450773174449676e-03,-6.865896502401999148e-03,3.520894640063667452e-02,6.784523181043767420e-03,1.107717724465250020e-01,1.811469152084813766e-02,1.551262029231178488e-04,5.508265400834638737e-04,7.694926680348650183e-03,-6.825831169308235920e-03,3.259289731134471551e-06,4.257942133861125140e-05,-4.018316034391703102e-03,2.513873185749420855e-03
6.155000000000000471e-01,0.000000000000000000e+00,1.385904693369384346e-03,2.024240152016312366e-03,1.390016226458694456e-03,2.023353524819570485e-03,1.000000000000000000e+00,1.000000000000000000e+00,1.580803481873337872e-04,5.474219701981297096e-04,7.186674871486518901e-03,-6.486819177401017059e-03,3.529999907179256352e-02,7.176887695867197048e-03,1.108320108938678772e-01,1.929113096017306614e-02,1.588300027850564420e-04,5.475064246408886540e-04,7.121244586974625687e-03,-6.455223364834616895e-03,3.259289731134471551e-06,4.257942133861125140e-05,-3.930336615289806504e-03,2.658551417295481906e-03
6.159999999999999920e-01,0.000000000000000000e+00,1.390227406006300584e-03,2.021196708244645934e-03,1.393559349846932400e-03,2.020455841809830604e-03,1.000000000000000000e+00,1.000000000000000000e+00,1.613917381820436628e-04,5.443785264264631692e-04,6.622779989419768851e-03,-6.086887543333105964e-03,3.783389437872373973e-02,-4.132622494009703662e-03,1.202972784218332980e-01,-2.479411260013538940e-02,1.643101069988940697e-04,5.537704116431163819e-04,6.793392670751278832e-03,-5.001044937355683152e-03,-5.731286472787170132e-05,-2.336360603314812225e-04,-2.559006748926186646e-03,-2.149717959270179123e-03
6.165000000000000480e-01,0.000000000000000000e+00,1.394312802056820681e-03,2.017997770616198998e-03,1.397110466588229443e-03,2.017564725020453732e-03,1.000000000000000000e+00,1.000000000000000000e+00,1.645213331244847223e-04,5.411795887980163419e-04,6.259189884882093019e-03,-6.397875256893576640e-03,3.816983098340780839e-02,-4.816980143082737718e-03,1.192468441209504348e-01,-1.793119149572009602e-02,1.676176096476475821e-04,5.511972727343760056e-04,6.437183260842658204e-03,-5.290851814834567936e-03,-5.731286472787170132e-05,-2.336360603314812225e-04,-2.358791471239836488e-03,-2.417849584495593979e-03
6.169999999999999929e-01,0.000000000000000000e+00,1.398180008516014452e-03,2.014624120223172145e-03,1.400670009345296799e-03,2.014680689964600674e-03,1.000000000000000000e+00,1.000000000000000000e+00,1.674837851429440228e-04,5.378059384049894889e-04,5.924904036918606128e-03,-6.747300786053746745e-03,3.780404812020952965e-02,-2.319187206757329471e-03,1.173629554952622112e-01,-7.796680543270480962e-03,1.707542772108243487e-04,5.484695642210468333e-04,6.110002527208507547e-03,-5.619242739021216605e-03,-5.731286472787170132e-05,-2.336360603314812225e-04,-2.531190505289074473e-03,-1.314099648899597897e-03
6.175000000000000488e-01,0.000000000000000000e+00,1.401812798049685256e-03,2.011156239779958530e-03,1.404238252900596009e-03,2.011804061038218166e-03,1.000000000000000000e+00,1.000000000000000000e+00,1.702666633782332583e-04,5.343380579617759826e-04,5.565756470578467514e-03,-6.935760886426937943e-03,3.757701883034750279e-02,-3.072707208895919485e-04,1.166038392053757727e-01,-2.196398031170472033e-03,1.737211357273815086e-04,5.456176514117695546e-04,5.758001592801874867e-03,-5.787973723820592949e-03,-5.731286472787170132e-05,-2.336360603314812225e-04,-2.628066189276098349e-03,-4.318273448969465848e-04
6.179999999999999938e-01,0.000000000000000000e+00,1.405202110245489314e-03,2.007658500736073538e-03,1.407815281906028230e-03,2.008934933603420681e-03,1.000000000000000000e+00,1.000000000000000000e+00,1.728630271518243695e-04,5.308403189178908816e-04,5.192727547182207810e-03,-6.995478087770260964e-03,4.645124755963566526e-02,-5.035191880384483690e-03,1.510651384401754393e-01,-2.230121371563585989e-02,1.653567140215789167e-04,5.458736665886711930e-04,4.130436740785036961e-03,-5.471523940083481384e-03,2.706024262860294745e-04,-3.265644320727718202e-04,1.956759591986555885e-03,-2.426663818262445125e-03
6.185000000000000497e-01,0.000000000000000000e+00,1.408794997336598829e-03,2.003983875324236684e-03,1.411400970447586811e-03,2.006073150139569324e-03,1.000000000000000000e+00,1.000000000000000000e+00,1.756153383427227403e-04,5.271656935060538111e-04,5.504622381796739870e-03,-7.349250823674102762e-03,4.898336966898204914e-02,-4.748856346707525621e-03,1.534881753974224883e-01,-1.730529199621787945e-02,1.674932702135794075e-04,5.430564142700570465e-04,4.415155503906640841e-03,-5.796748587195870925e-03,2.706024262860294745e-04,-3.265644320727718202e-04,3.269815228351059984e-03,-2.274466285822626579e-03
6.189999999999999947e-01,0.000000000000000000e+00,1.412715546010982455e-03,2.000143786399772791e-03,1.414994995621258328e-03,2.003218316890575598e-03,1.000000000000000000e+00,1.000000000000000000e+00,1.786186528687118272e-04,5.233256045815899184e-04,6.006629051978159065e-03,-7.680177848927769932e-03,4.670381449804564961e-02,-2.213704068946368078e-03,1.427386951366023393e-01,-7.846376664277615945e-03,1.698196403979922934e-04,5.400821109124893677e-04,4.889318396887398950e-03,-6.099765199723872038e-03,2.706024262860294745e-04,-3.265644320727718202e-04,2.026418624773631584e-03,-1.156621945673323758e-03
6.195000000000000506e-01,0.000000000000000000e+00,1.416845294386856165e-03,1.996219829677574505e-03,1.418596866280931370e-03,2.000369838577040378e-03,1.000000000000000000e+00,1.000000000000000000e+00,1.817822236635294175e-04,5.194016478593918486e-04,6.327141589635155473e-03,-7.847913444396179342e-03,4.484917058882488539e-02,-1.782184275243196099e-04,1.376511167677943737e-01,-2.177538762550280862e-03,1.723380086643557343e-04,5.369968121958980812e-04,5.183489397998108754e-03,-6.241039283690452515e-03,2.706024262860294745e-04,-3.265644320727718202e-04,1.021409772162917406e-03,-2.663663621367514441e-04
6.199999999999999956e-01,0.000000000000000000e+00,1.421088422693991176e-03,1.992277044477776260e-03,1.422205952495057390e-03,1.997526953952307241e-03,1.000000000000000000e+00,1.000000000000000000e+00,1.850326485246510952e-04,5.154588626595934956e-04,6.500849722243353182e-03,-7.885570399596711355e-03,4.671291359285402456e-02,1.174790881929069566e-02,1.465642327874574768e-01,4.238568002519303712e-02,1.759349394083407621e-04,5.135846101278369056e-04,5.441648679986347929e-03,-8.548822377535313100e-03,2.421408451257968278e-04,2.700141069505814818e-04,2.024902789360490032e-03,4.631898816927741344e-03
6.205000000000000515e-01,0.000000000000000000e+00,1.425536506397409716e-03,1.988688848678673952e-03,1.425821515003328037e-03,1.994688771358511456e-03,1.000000000000000000e+00,1.000000000000000000e+00,1.884400783281829205e-04,5.118706668604911881e-04,6.814859607063670534e-03,-7.176391598204510079e-03,4.528972366895289009e-02,1.469533483895706094e-02,1.396118718158924632e-01,4.395661619685892890e-02,1.787287270532268550e-04,5.094791401812465668e-04,5.732832010770613773e-03,-7.874209651307792490e-03,2.421408451257968278e-04,2.700141069505814818e-04,1.247301890273415240e-03,5.853579353451457586e-03
6.209999999999999964e-01,0.000000000000000000e+00,1.430115355149390614e-03,1.985543647955230473e-03,1.429442734673336008e-03,1.991854304282632444e-03,1.000000000000000000e+00,1.000000000000000000e+00,1.919476799705201403e-04,5.087254661370477085e-04,7.015203284674463927e-03,-6.290401446887038811e-03,4.359840256857057395e-02,1.363882538605760454e-02,1.343640775040481905e-01,3.771842926287386627e-02,1.816398979075285627e-04,5.057551311347617800e-04,5.911395337811249304e-03,-7.023334786594501340e-03,2.421408451257968278e-04,2.700141069505814818e-04,3.368521713292735829e-04,5.338618421302195223e-03
6.215000000000000524e-01,0.000000000000000000e+00,1.434738192887369344e-03,1.982803626503106334e-03,1.433068741957253898e-03,1.989022506912547540e-03,1.000000000000000000e+00,1.000000000000000000e+00,1.954889791311395118e-04,5.059854446849237864e-04,7.082598321238753325e-03,-5.480042904247863292e-03,4.225267769261301098e-02,1.263481907356336746e-02,1.306171442595633336e-01,3.506962068941765071e-02,1.846073370961201856e-04,5.024378512218333637e-04,5.958158648289821856e-03,-6.247163712645211961e-03,2.421408451257968278e-04,2.700141069505814818e-04,-3.807143151732760283e-04,4.851535120562747855e-03
6.219999999999999973e-01,0.000000000000000000e+00,1.439336562209441372e-03,1.980433003289919312e-03,1.436698646348493532e-03,1.986192309693081848e-03,1.000000000000000000e+00,1.000000000000000000e+00,1.990115343977215997e-04,5.036148214717365472e-04,7.045110533164194479e-03,-4.741246426374494047e-03,3.484239594196662793e-02,4.535956376446354833e-03,1.029671216352880669e-01,4.791203320690775105e-03,2.068164856002416513e-04,5.054804191610681513e-04,8.078225017989595566e-03,-4.864039561178279750e-03,-3.237338183540211978e-04,9.389580013927571300e-05,-4.050812973831065256e-03,1.455894409928258984e-03
6.225000000000000533e-01,0.000000000000000000e+00,1.443538965765715949e-03,1.978174621230139457e-03,1.440331565838384384e-03,1.983362654882058103e-03,1.000000000000000000e+00,1.000000000000000000e+00,2.022307622897490575e-04,5.013564394119570181e-04,6.438455784054917391e-03,-4.516764119559093030e-03,3.106878870353041444e-02,7.076409084205150749e-04,9.431720185930257683e-02,-3.066452750919920756e-03,2.107127315756049163e-04,5.031011998960941908e-04,7.507717278504099680e-03,-4.653156275555714837e-03,-3.237338183540211978e-04,9.389580013927571300e-05,-6.006689631675683934e-03,-2.030597364772244832e-04
6.229999999999999982e-01,0.000000000000000000e+00,1.447160470889290954e-03,1.975907776964037216e-03,1.443966656372834209e-03,1.980532532106353029e-03,1.000000000000000000e+00,1.000000000000000000e+00,2.050049961653906052e-04,4.990895951458543429e-04,5.548467751283087460e-03,-4.533688532205267831e-03,3.201132005821587245e-02,1.976368163124925942e-03,1.007290492691086253e-01,5.121655310420066519e-03,2.142530272519991294e-04,5.007673486199827606e-04,6.654984222840301840e-03,-4.682104529701192931e-03,-3.237338183540211978e-04,9.389580013927571300e-05,-5.448918013693378540e-03,3.491107975905116722e-04
6.235000000000000542e-01,0.000000000000000000e+00,1.450254643146236568e-03,1.973672480045264056e-03,1.447603141309006594e-03,1.977701013917941564e-03,1.000000000000000000e+00,1.000000000000000000e+00,2.073752696288768283e-04,4.968542982270816172e-04,4.740546926972459725e-03,-4.470593837545481022e-03,3.289307107948814812e-02,2.968701115399312307e-03,1.029222058186218952e-01,7.919612425504922448e-03,2.173872506142517742e-04,4.984389893664476281e-04,5.883286322573912618e-03,-4.631342869610971004e-03,-3.237338183540211978e-04,9.389580013927571300e-05,-4.929019738964330460e-03,7.760418645338054309e-04
6.239999999999999991e-01,0.000000000000000000e+00,1.452871439892843182e-03,1.971499632500275934e-03,1.451240340871981591e-03,1.974867291349957556e-03,1.000000000000000000e+00,1.000000000000000000e+00,2.093798522353865796e-04,4.946814506820932777e-04,4.009165213019477356e-03,-4.345695089976614814e-03,4.148895883847323468e-02,2.354895975254098044e-03,1.351667552656119486e-01,4.742401656207975366e-03,2.159416192447469901e-04,4.913985108985701811e-04,4.710505834944712575e-03,-5.056698776857089170e-03,-1.998539644509692275e-04,2.336543739510114827e-04,-3.554470885373511163e-04,4.904925721743546956e-04
6.245000000000000551e-01,0.000000000000000000e+00,1.455446775603825953e-03,1.969369569991278462e-03,1.454877701392803032e-03,1.972030709207579433e-03,1.000000000000000000e+00,1.000000000000000000e+00,2.113526738459507368e-04,4.925513881730959149e-04,3.945643221128340879e-03,-4.260125017994768892e-03,4.065732792696304110e-02,3.404934025365547422e-03,1.245654689447881630e-01,9.381174970481860609e-03,2.182858414122718896e-04,4.888853055705247135e-04,4.666379761173173116e-03,-4.996144912206166612e-03,-1.998539644509692275e-04,2.336543739510114827e-04,-7.961514232783062188e-04,9.423498786229162708e-04
6.250000000000000000e-01,0.000000000000000000e+00,1.457939175095678518e-03,1.967314855520149036e-03,1.458514816645098064e-03,1.969190791776043604e-03,1.000000000000000000e+00,1.000000000000000000e+00,2.132619626267170162e-04,4.904966737019665970e-04,3.818577561532571826e-03,-4.109428942258576758e-03,4.001866190876329082e-02,4.208077451228427190e-03,1.227279339618251863e-01,1.166874523055564349e-02,2.205920994490830880e-04,4.864186891031451691e-04,4.558773770063712788e-03,-4.870471296079884049e-03,-1.998539644509692275e-04,2.336543739510114827e-04,-1.129817887164417207e-03,1.282743311860625899e-03
6.255000000000000560e-01,0.000000000000000000e+00,1.460317322539517269e-03,1.965359948198105826e-03,1.462151424745586218e-03,1.966347238892337569e-03,1.000000000000000000e+00,1.000000000000000000e+00,2.150837292609871832e-04,4.885417663799230615e-04,3.643533268540313265e-03,-3.909814644087149238e-03,3.954108228734240504e-02,4.805328888220852974e-03,1.213259398193143324e-01,1.338850333574852745e-02,2.228325285494593916e-04,4.840271861531995640e-04,4.403159542513993170e-03,-4.695788659927532110e-03,-1.998539644509692275e-04,2.336543739510114827e-04,-1.374469087546958956e-03,1.530546603551440196e-03
6.260000000000000009e-01,0.000000000000000000e+00,1.462558349743381045e-03,1.963522576244246861e-03,1.465787393368467003e-03,1.963499907843908182e-03,1.000000000000000000e+00,1.000000000000000000e+00,2.168004556973856536e-04,4.867043944260640966e-04,3.433452872796917237e-03,-3.674743907717974850e-03,4.665521288994076143e-02,3.924951529207207010e-03,1.492515538433687172e-01,9.560663672264744367e-03,2.211996117931242390e-04,4.769020112846729257e-04,3.783990059445296872e-03,-5.031914167564400901e-03,-8.850611696697013593e-05,3.756773020815100221e-04,2.361196978653690506e-03,1.087728425534929388e-03
6.265000000000000568e-01,0.000000000000000000e+00,1.465020020209038907e-03,1.961774065019056875e-03,1.469422704353311746e-03,1.960648794531777775e-03,1.000000000000000000e+00,1.000000000000000000e+00,2.186862046783928052e-04,4.849558832008743275e-04,3.771497962014310184e-03,-3.497022450379552033e-03,4.488740805785469690e-02,4.682667442911838881e-03,1.364914710305294987e-01,1.333135075454677625e-02,2.231776951868064986e-04,4.744212451427241980e-04,4.127602844892690713e-03,-4.891329102473488712e-03,-8.850611696697013593e-05,3.756773020815100221e-04,1.396643938635219176e-03,1.407990945168839918e-03
6.270000000000000018e-01,0.000000000000000000e+00,1.467610920916416527e-03,1.960137261954471820e-03,1.473057438312933096e-03,1.957794014633664620e-03,1.000000000000000000e+00,1.000000000000000000e+00,2.206709497679526120e-04,4.833190801362891096e-04,3.969490179119634921e-03,-3.273606129170448294e-03,4.345328706383603384e-02,5.241427253005926865e-03,1.325354968359522267e-01,1.495063665069485195e-02,2.252926828278358428e-04,4.720222985521915966e-04,4.331871921487754316e-03,-4.704728231970243396e-03,-8.850611696697013593e-05,3.756773020815100221e-04,6.191924569862575006e-04,1.638864272887652221e-03
6.275000000000000577e-01,0.000000000000000000e+00,1.470257404940956188e-03,1.958628517763100641e-03,1.476691759241270793e-03,1.954935784767092982e-03,1.000000000000000000e+00,1.000000000000000000e+00,2.226982741487543583e-04,4.818103359449178225e-04,4.054648761603467030e-03,-3.017488382742587651e-03,4.230290026577795959e-02,5.635660732974375441e-03,1.293370097432111065e-01,1.611486299240959610e-02,2.274816784270080119e-04,4.697249439655602635e-04,4.423849500166703724e-03,-4.485029070172977424e-03,-8.850611696697013593e-05,3.756773020815100221e-04,4.100449666687936562e-07,1.796154553356699981e-03
6.280000000000000027e-01,0.000000000000000000e+00,1.472900890706984591e-03,1.957258836232736617e-03,1.480325899121263770e-03,1.952074403652515749e-03,1.000000000000000000e+00,1.000000000000000000e+00,2.247233017302845256e-04,4.804406544145541232e-04,4.050055163060352868e-03,-2.739363060727345329e-03,4.921837826393475612e-02,-2.502425972870887111e-03,1.571739909764598986e-01,-1.570762967567882612e-02,2.247841380754504411e-04,4.709055523896495707e-04,3.870966494199716296e-03,-3.862448890671441645e-03,5.587523566434223068e-05,2.768044106723563250e-04,3.587829861296324037e-03,-1.686720560885167581e-03
6.285000000000000586e-01,0.000000000000000000e+00,1.475887583889892111e-03,1.955772399170537489e-03,1.483960142532734627e-03,1.949210233276421882e-03,1.000000000000000000e+00,1.000000000000000000e+00,2.270112414463520327e-04,4.789542173523546700e-04,4.575879432134988094e-03,-2.972874124398920768e-03,4.745150633536896617e-02,-1.244567045964923950e-03,1.446862793455090668e-01,-3.975797152832552701e-03,2.268490243165499089e-04,4.689099839434619104e-04,4.387499402439898680e-03,-4.119251799367862690e-03,5.587523566434223068e-05,2.768044106723563250e-04,2.610867511244402070e-03,-1.120986874183370905e-03
6.290000000000000036e-01,0.000000000000000000e+00,1.479124633521235535e-03,1.954210047188127165e-03,1.487594811260261945e-03,1.946343680054460346e-03,1.000000000000000000e+00,1.000000000000000000e+00,2.294909653285431210e-04,4.773918653699445636e-04,4.959447764382185660e-03,-3.124703964820249678e-03,4.546692083023579772e-02,4.093745741978728437e-04,1.386896943998703058e-01,1.308468614425752812e-03,2.291367854414298147e-04,4.668064538523005250e-04,4.762731446029854626e-03,-4.294449540413098482e-03,5.587523566434223068e-05,2.768044106723563250e-04,1.529818340566975942e-03,-3.912663690310523839e-04
6.295000000000000595e-01,0.000000000000000000e+00,1.482509332302022181e-03,1.952624534205194863e-03,1.491230248901065413e-03,1.943475175994548642e-03,1.000000000000000000e+00,1.000000000000000000e+00,2.320837950211963711e-04,4.758063523870122071e-04,5.185659385306522380e-03,-3.171025965864761060e-03,4.385880793088931667e-02,1.732571185492261115e-03,1.342579544831720151e-01,5.015488762250720246e-03,2.315730072596248405e-04,4.646416995382218491e-04,4.981639519162526716e-03,-4.364350441286623042e-03,5.587523566434223068e-05,2.768044106723563250e-04,6.597846486934919995e-04,1.878925203942811029e-04
6.300000000000000044e-01,0.000000000000000000e+00,1.485959012017990357e-03,1.951057665891198700e-03,1.494866805472877275e-03,1.940605159859995011e-03,1.000000000000000000e+00,1.000000000000000000e+00,2.347264029981539605e-04,4.742394840730160439e-04,5.285215953915157160e-03,-3.133736627992375363e-03,3.960366914339021049e-02,-8.949253574625141636e-03,1.191577988322888582e-01,-3.758261371447429305e-02,2.447310379270122645e-04,4.702281670221650309e-04,6.278930449307067521e-03,-3.472196825772484122e-03,-2.571046062182033186e-04,4.846952983536907320e-05,-1.499048388621797940e-03,-4.322034299078075445e-03
6.305000000000000604e-01,0.000000000000000000e+00,1.489259340411693998e-03,1.949175541907297721e-03,1.498504822021826804e-03,1.937734058332606741e-03,1.000000000000000000e+00,1.000000000000000000e+00,2.372546012246184056e-04,4.723573600891151731e-04,5.056396452928877024e-03,-3.764247967801723389e-03,3.836512232006614870e-02,-7.256098136469033011e-03,1.178593071773849504e-01,-2.215948695521364337e-02,2.478193245768824950e-04,4.683345363189840072e-04,6.074495633816321544e-03,-4.101035743420109597e-03,-2.571046062182033186e-04,4.846952983536907320e-05,-2.143339456875044922e-03,-3.540677815217041328e-03
6.310000000000000053e-01,0.000000000000000000e+00,1.492349627858885128e-03,1.947034961088997280e-03,1.502144615295815779e-03,1.934862267258080117e-03,1.000000000000000000e+00,1.000000000000000000e+00,2.396218987511796003e-04,4.702167792708146239e-04,4.734595053122406944e-03,-4.281161636601063872e-03,3.798912608292194515e-02,-4.391812726641406914e-03,1.172864203562756918e-01,-1.270326390719743112e-02,2.507821380888609420e-04,4.661547772823367301e-04,5.777222558837727222e-03,-4.616918254750083245e-03,-2.571046062182033186e-04,4.846952983536907320e-05,-2.324504758118800182e-03,-2.264213355384880541e-03
6.315000000000000613e-01,0.000000000000000000e+00,1.495213128657107331e-03,1.944728694871141698e-03,1.505786464527694365e-03,1.931990135541118443e-03,1.000000000000000000e+00,1.000000000000000000e+00,2.418154676255244453e-04,4.679105130529591502e-04,4.387137748689676382e-03,-4.612532435710971560e-03,3.774888645728202707e-02,-2.054703364933564442e-03,1.164908919931945258e-01,-6.214364379511325143e-03,2.535898240824616947e-04,4.637632870891160550e-04,5.454041631772650438e-03,-4.948309909214390970e-03,-2.571046062182033186e-04,4.846952983536907320e-05,-2.431644222974244703e-03,-1.228850238636146949e-03
6.320000000000000062e-01,0.000000000000000000e+00,1.497840119038253495e-03,1.942331977810830184e-03,1.509430604319621661e-03,1.929117956703231117e-03,1.000000000000000000e+00,1.000000000000000000e+00,2.438278590091283774e-04,4.655137959926474735e-04,4.024782767207841713e-03,-4.793434120623361189e-03,4.144789814925282229e-02,-8.650651412884693536e-04,1.308703201884911238e-01,-3.667111493408230748e-03,2.573015633700514917e-04,4.558769210363198816e-04,5.236641685908228865e-03,-5.737225899320568846e-03,-2.885516393575193565e-04,2.062745935346999558e-04,-4.562920811262667978e-04,-7.881889165845929433e-04
6.325000000000000622e-01,0.000000000000000000e+00,1.500418374489282357e-03,1.939883315608705939e-03,1.513077220261274973e-03,1.926245963874018835e-03,1.000000000000000000e+00,1.000000000000000000e+00,2.458029172703302644e-04,4.630651337905233368e-04,3.950116522403771327e-03,-4.897324404248257039e-03,4.052620323522591883e-02,9.980032936566911057e-04,1.240936394150356781e-01,2.508186449372814056e-03,2.599074151688097350e-04,4.529783008898540333e-04,5.186763695123212947e-03,-5.856913193231351976e-03,-2.885516393575193565e-04,2.062745935346999558e-04,-9.448944673993381425e-04,2.790964772715360392e-05
6.330000000000000071e-01,0.000000000000000000e+00,1.502901991803391648e-03,1.937441820222162358e-03,1.516726444676634849e-03,1.923374324943971734e-03,1.000000000000000000e+00,1.000000000000000000e+00,2.477054785126377450e-04,4.606236384039797565e-04,3.805122484614981149e-03,-4.882990773087191733e-03,3.981853004847353550e-02,2.471796477335334516e-03,1.220555201119830069e-01,6.647635418947321975e-03,2.624707072101963826e-04,4.500493508500159239e-04,5.066540592728014693e-03,-5.858772675442711249e-03,-2.885516393575193565e-04,2.062745935346999558e-04,-1.314776654651397684e-03,6.672326516349748457e-04
6.335000000000000631e-01,0.000000000000000000e+00,1.505256334906508947e-03,1.935053748622546279e-03,1.520378352370781389e-03,1.920503137717251936e-03,1.000000000000000000e+00,1.000000000000000000e+00,2.495090099639762850e-04,4.582355668043635146e-04,3.607062902677088314e-03,-4.776143199232513355e-03,3.928951066260998048e-02,3.617705265065586373e-03,1.205005056965583604e-01,9.885789055723119556e-03,2.649605648039250489e-04,4.471425843849293185e-04,4.893131752921114561e-03,-5.768358557637021100e-03,-2.885516393575193565e-04,2.062745935346999558e-04,-1.585933655742332053e-03,1.158137443468828772e-03
6.340000000000000080e-01,0.000000000000000000e+00,1.507456135811885943e-03,1.932754565802964229e-03,1.524032956376677756e-03,1.917632425064488225e-03,1.000000000000000000e+00,1.000000000000000000e+00,2.511941552235084658e-04,4.559363839847815187e-04,3.370290519064338998e-03,-4.598365639164011739e-03,4.758019711597381851e-02,-2.468911262942643202e-03,1.530252790382833905e-01,-1.465432219770176903e-02,2.576948513114362110e-04,4.481726100354260821e-04,3.588020320866958362e-03,-5.168857066744176817e-03,-4.528100025923559290e-06,9.236530119307751895e-05,2.699042392787718604e-03,-1.418484427028235276e-03
6.345000000000000639e-01,0.000000000000000000e+00,1.509918311585400344e-03,1.930353261211100162e-03,1.527690203701967571e-03,1.914762130075562709e-03,1.000000000000000000e+00,1.000000000000000000e+00,2.530802912927913569e-04,4.535350793929175607e-04,3.772272138565830376e-03,-4.802609183727965352e-03,4.907058892816767298e-02,-2.923347318012537062e-03,1.519483111234670170e-01,-1.131113339255692025e-02,2.595881000909079964e-04,4.455361142028233705e-04,3.984135583445153929e-03,-5.376623979016878496e-03,-4.528100025923559290e-06,9.236530119307751895e-05,3.451897439693765116e-03,-1.593021545495774873e-03
6.350000000000000089e-01,0.000000000000000000e+00,1.512714201935142291e-03,1.927837091119685318e-03,1.531349971075760159e-03,1.911892111212404408e-03,1.000000000000000000e+00,1.000000000000000000e+00,2.552220675587810964e-04,4.510189093015026080e-04,4.283552531979494676e-03,-5.032340182829861223e-03,4.679313644681024065e-02,-7.461465859936330068e-04,1.421011782775786492e-01,-2.566491610240591303e-03,2.617066381898615845e-04,4.427894131761775896e-04,4.488958411059715270e-03,-5.609624775236369577e-03,-4.528100025923559290e-06,9.236530119307751895e-05,2.205946922736517699e-03,-6.335927033660707780e-04
6.355000000000000648e-01,0.000000000000000000e+00,1.515725507446843544e-03,1.925275724998591707e-03,1.535012060695425127e-03,1.909022137461773971e-03,1.000000000000000000e+00,1.000000000000000000e+00,2.575288614125534076e-04,4.484575431804091049e-04,4.613587707544620706e-03,-5.122732242187035684e-03,4.493471012052046437e-02,9.961390517442053269e-04,1.370021442115812171e-01,2.302489219044996562e-03,2.640324671960200798e-04,4.399609362125894230e-04,4.813640489111817126e-03,-5.703993304012486276e-03,-4.528100025923559290e-06,9.236530119307751895e-05,1.195292846039612642e-03,1.278629522280733729e-04
6.360000000000000098e-01,0.000000000000000000e+00,1.518856273375824434e-03,1.922724434029874762e-03,1.538676195973378690e-03,1.906151883488059430e-03,1.000000000000000000e+00,1.000000000000000000e+00,2.599271672551554382e-04,4.459062522116920518e-04,4.796611685204055925e-03,-5.102581937434158207e-03,4.610174010576913173e-02,-5.263653128269825399e-03,1.432176121214672471e-01,-2.348707141665650963e-02,2.690580153555501355e-04,4.390135102605731941e-04,5.283411861837759155e-03,-5.473316776572433734e-03,-8.021514975884488224e-05,3.647638032968891346e-05,1.831351243114874312e-03,-2.519976061256025586e-03
6.365000000000000657e-01,0.000000000000000000e+00,1.522163224762437816e-03,1.919987740063669370e-03,1.542342017283878470e-03,1.903280924786059179e-03,1.000000000000000000e+00,1.000000000000000000e+00,2.624604389885353060e-04,4.431695582454867142e-04,5.066543466759745179e-03,-5.473387932410658796e-03,4.423479022965096097e-02,-2.581959185011239825e-03,1.351133168296070330e-01,-7.888019246156998884e-03,2.717678713046222175e-04,4.361847035072195984e-04,5.555382451550556697e-03,-5.841090593257916054e-03,-8.021514975884488224e-05,3.647638032968891346e-05,8.192828926131723484e-04,-1.332970150053711372e-03
6.370000000000000107e-01,0.000000000000000000e+00,1.525550402467280072e-03,1.917151925745145657e-03,1.546009077709809172e-03,1.900408732833779469e-03,1.000000000000000000e+00,1.000000000000000000e+00,2.650551676471861614e-04,4.403337439269630008e-04,5.189457317301734117e-03,-5.671628637047440580e-03,4.273615650577138048e-02,-4.186045845652391429e-04,1.309517843830885764e-01,-1.860797872335445170e-03,2.745770820205896173e-04,4.332149839184144249e-04,5.681110590768612481e-03,-6.037295291984093835e-03,-8.021514975884488224e-05,3.647638032968891346e-05,1.321115258689424359e-05,-3.823445790676988044e-04
6.375000000000000666e-01,0.000000000000000000e+00,1.528941406968281147e-03,1.914286080937993573e-03,1.549676839090138782e-03,1.897534670599674081e-03,1.000000000000000000e+00,1.000000000000000000e+00,2.676528278017694111e-04,4.374678991198108083e-04,5.195320309166492553e-03,-5.731689614304339916e-03,4.154938120363827619e-02,1.305001258516365293e-03,1.276251726280969723e-01,2.960501353986645483e-03,2.774199860143031866e-04,4.301815765942312571e-04,5.690379984830097430e-03,-6.096105396965521318e-03,-8.021514975884488224e-05,3.647638032968891346e-05,-6.189464219981206852e-04,3.683035260881136657e-04
6.380000000000000115e-01,0.000000000000000000e+00,1.532276351011246495e-03,1.911444751161865555e-03,1.553344675149212484e-03,1.894657996398960847e-03,1.000000000000000000e+00,1.000000000000000000e+00,2.702075431539956944e-04,4.346265693436828989e-04,5.109430704452563865e-03,-5.682659552255798878e-03,4.818694390359676977e-02,-7.525103564980439169e-03,1.543709562148637970e-01,-3.278291401338145200e-02,2.714727853219328418e-04,4.367457441548841372e-04,4.615929088159395101e-03,-4.960357006161385078e-03,1.777190273411546873e-04,-2.458031358313305628e-04,2.818986179687368171e-03,-3.262208755431953919e-03
6.385000000000000675e-01,0.000000000000000000e+00,1.535888055121956489e-03,1.908351987942309095e-03,1.557011891514434613e-03,1.891777887660252896e-03,1.000000000000000000e+00,1.000000000000000000e+00,2.729742690181951909e-04,4.315338061241263306e-04,5.533451728398993893e-03,-6.185526439113134094e-03,4.981729685023841836e-02,-9.442397817427360118e-03,1.552603949868522071e-01,-3.290739130758117692e-02,2.738812257617245977e-04,4.341470686535215773e-04,5.016964452891533796e-03,-5.433330177493001303e-03,1.777190273411546873e-04,-2.458031358313305628e-04,3.645786802494162086e-03,-4.046310943773272217e-03
6.390000000000000124e-01,0.000000000000000000e+00,1.539854573569584412e-03,1.904951140391180882e-03,1.560677751981762347e-03,1.888893472057999023e-03,1.000000000000000000e+00,1.000000000000000000e+00,2.760127984335294287e-04,4.281329585729981720e-04,6.077058830668438313e-03,-6.801695102256294541e-03,4.728188486420700776e-02,-5.991082707316457145e-03,1.443090275257503108e-01,-1.813193320984801335e-02,2.765200475935834139e-04,4.312835808513861653e-04,5.537214912798282644e-03,-6.019377066369006012e-03,1.777190273411546873e-04,-2.458031358313305628e-04,2.262775464285456291e-03,-2.512088439198456244e-03
6.395000000000000684e-01,0.000000000000000000e+00,1.544044304917254265e-03,1.901354047540637724e-03,1.564341504998261866e-03,1.886003858900798819e-03,1.000000000000000000e+00,1.000000000000000000e+00,2.792223188505733086e-04,4.245358657224550139e-04,6.419040834087771062e-03,-7.194185701086324922e-03,4.522030341885104748e-02,-3.182679221657523389e-03,1.386475269029255053e-01,-1.034009713423961890e-02,2.793688689645880559e-04,4.281826604351606489e-04,5.857342509047637133e-03,-6.383481782258888619e-03,1.777190273411546873e-04,-2.458031358313305628e-04,1.145568562187455029e-03,-1.271665090633050058e-03
6.400000000000000133e-01,0.000000000000000000e+00,1.548350891928146778e-03,1.897651175969954302e-03,1.568002410144648910e-03,1.883108170519727986e-03,1.000000000000000000e+00,1.000000000000000000e+00,2.825213558990759852e-04,4.208329941517715916e-04,6.598074097005405224e-03,-7.405743141366813442e-03,5.421568574659907380e-02,-7.770186818242538068e-03,1.754369741990429166e-01,-3.064482548317723834e-02,2.701654589607575818e-04,4.274084310199559441e-04,4.638727107124269132e-03,-6.289382786829679148e-03,5.356271614206107104e-04,-3.182502257062791982e-04,5.781326257929038197e-03,-3.145097925397264804e-03
6.404999999999999583e-01,0.000000000000000000e+00,1.553223162807411710e-03,1.893700792595964452e-03,1.571659764617839737e-03,1.880205573656649337e-03,1.000000000000000000e+00,1.000000000000000000e+00,2.862537319315071956e-04,4.168826107777816878e-04,7.464752064862379202e-03,-7.900766747979839563e-03,5.409673324560146379e-02,-6.130364937240204842e-03,1.677536950250662628e-01,-2.057303574979489624e-02,2.726875925124602382e-04,4.241484379896370231e-04,5.448143148402345877e-03,-6.749574291717469129e-03,5.356271614206107104e-04,-3.182502257062791982e-04,5.653931629699960638e-03,-2.399618095065800781e-03
6.410000000000000142e-01,0.000000000000000000e+00,1.558648027848735188e-03,1.889557476073633249e-03,1.575312929713498181e-03,1.877295310852535731e-03,1.000000000000000000e+00,1.000000000000000000e+00,2.904094196510835133e-04,4.127392942554504842e-04,8.311375439152642389e-03,-8.286633044662410769e-03,5.068607165002014109e-02,-3.180592535060140606e-03,1.550564910447784217e-01,-1.068292200714879812e-02,2.756096663873519397e-04,4.206853972993027384e-04,6.238510202560121516e-03,-7.101775038315876788e-03,5.356271614206107104e-04,-3.182502257062791982e-04,3.789012011503496962e-03,-1.099035105232336025e-03
6.414999999999999591e-01,0.000000000000000000e+00,1.564447569867957570e-03,1.885316134890738932e-03,1.578961357308577944e-03,1.874376731835788231e-03,1.000000000000000000e+00,1.000000000000000000e+00,2.948521265875438482e-04,4.084979530725562757e-04,8.885413872920720074e-03,-8.482682365788470763e-03,4.789702036557912102e-02,-8.122799046901528226e-04,1.474394596232666554e-01,-4.087618760935001969e-03,2.788592666762778564e-04,4.170933940547985022e-04,6.758759911118747757e-03,-7.265784347458606116e-03,5.356271614206107104e-04,-3.182502257062791982e-04,2.273286273834180388e-03,-6.329709782413477960e-05
6.420000000000000151e-01,0.000000000000000000e+00,1.570477041139043371e-03,1.881052411495443433e-03,1.582604616343878104e-03,1.871449324910551878e-03,1.000000000000000000e+00,1.000000000000000000e+00,2.994709695497045502e-04,4.042342296772607774e-04,9.237685924321418704e-03,-8.527446790590977391e-03,3.849364501292334290e-02,-4.165126200363696886e-03,1.134868812578182784e-01,-1.914992126227860192e-02,2.987755080075837379e-04,4.127993681156976900e-04,8.921768739215770253e-03,-7.354288914301099732e-03,5.158081370752839090e-05,-2.989147228453166482e-04,-2.522557025503979929e-03,-1.477470725139136062e-03
6.424999999999999600e-01,0.000000000000000000e+00,1.576261968504373513e-03,1.876662256087950620e-03,1.586242419306583239e-03,1.868512748345042959e-03,1.000000000000000000e+00,1.000000000000000000e+00,3.039024810117626390e-04,3.998440742697679639e-04,8.863022924116127285e-03,-8.780310814985654855e-03,3.679330529606208988e-02,-1.873780441831399612e-03,1.147127681671475385e-01,-7.497669949704411675e-03,3.031420924903091454e-04,4.090662607122889189e-04,8.545134088698771654e-03,-7.577566912692841432e-03,5.158081370752839090e-05,-2.989147228453166482e-04,-3.397046571159084358e-03,-4.697553528294853321e-04
6.430000000000000160e-01,0.000000000000000000e+00,1.581719351384048471e-03,1.872219252700885444e-03,1.589874648712813303e-03,1.865566861759851338e-03,1.000000000000000000e+00,1.000000000000000000e+00,3.080830788407103388e-04,3.954010708827028963e-04,8.361195657895420519e-03,-8.886006774130112557e-03,3.650531203372733846e-02,3.054277357932349223e-04,1.147807975539697906e-01,-1.035853211465265645e-03,3.072887046675616229e-04,4.052580431183598229e-04,8.042132727328085359e-03,-7.655009465181071560e-03,5.158081370752839090e-05,-2.989147228453166482e-04,-3.515280212337517762e-03,4.782468392258897244e-04
6.434999999999999609e-01,0.000000000000000000e+00,1.586837951046721640e-03,1.867792630862143838e-03,1.593501383590012390e-03,1.862611757516092949e-03,1.000000000000000000e+00,1.000000000000000000e+00,3.120041536688517893e-04,3.909744490439610734e-04,7.842149656282932160e-03,-8.853243677483618040e-03,3.636953857958523384e-02,2.015777521823620185e-03,1.142252396140569087e-01,3.760351249465866685e-03,3.111795382144697062e-04,4.014454679816108229e-04,7.522062312981090196e-03,-7.595262790299527403e-03,5.158081370752839090e-05,-2.989147228453166482e-04,-3.551372726563084125e-03,1.213699349875519990e-03
6.440000000000000169e-01,0.000000000000000000e+00,1.591614324176337776e-03,1.863436159046098772e-03,1.597122924517391327e-03,1.859647790417065429e-03,1.000000000000000000e+00,1.000000000000000000e+00,3.156630677630569825e-04,3.866179772279160621e-04,7.317828188410350869e-03,-8.712943632089995699e-03,3.935312917423360729e-02,6.862491383311731391e-03,1.256515020891482426e-01,2.118362263929510214e-02,3.167654773690648439e-04,3.874063613866752750e-04,7.218137631571637340e-03,-8.592433626259301377e-03,-5.947882414312603646e-06,3.456003808473997387e-06,-1.926720348713714193e-03,3.138854759934432605e-03
6.444999999999999618e-01,0.000000000000000000e+00,1.596201388716375060e-03,1.859300999837651836e-03,1.600739797029685201e-03,1.856675582104260532e-03,1.000000000000000000e+00,1.000000000000000000e+00,3.191769630641806579e-04,3.824828180194691802e-04,7.027790602247343914e-03,-8.270318416893815069e-03,3.871084183257401945e-02,7.456955670982184231e-03,1.204569343425999500e-01,1.954523238988921732e-02,3.203026914212119621e-04,3.832199345480217243e-04,6.931141098957992880e-03,-8.153965266600860309e-03,-5.947882414312603646e-06,3.456003808473997387e-06,-2.248689243782891773e-03,3.366167202586457362e-03
6.450000000000000178e-01,0.000000000000000000e+00,1.600568646818461335e-03,1.855403628668905822e-03,1.604352716904566822e-03,1.853695980873513744e-03,1.000000000000000000e+00,1.000000000000000000e+00,3.225224768649502505e-04,3.785854468507232748e-04,6.691027601539200828e-03,-7.794742337491767509e-03,3.826188571739650573e-02,7.824743332884027958e-03,1.190837918466177009e-01,2.067065505414046600e-02,3.236847636893378150e-04,3.792609584927522062e-04,6.597666432440658230e-03,-7.682702643115616771e-03,-5.947882414312603646e-06,3.456003808473997387e-06,-2.464617332364274233e-03,3.493021976584548705e-03
6.454999999999999627e-01,0.000000000000000000e+00,1.604695666216238376e-03,1.851753217644862021e-03,1.607962545165035400e-03,1.850710009462100793e-03,1.000000000000000000e+00,1.000000000000000000e+00,3.256839571412615446e-04,3.749350358266792570e-04,6.322960552622628946e-03,-7.300822048087991269e-03,3.797132451289992466e-02,8.009301585080796232e-03,1.181442305038079427e-01,2.128587106168531445e-02,3.268922944861543342e-04,3.755421935645031611e-04,6.233042177274394219e-03,-7.193165252531037376e-03,-5.947882414312603646e-06,3.456003808473997387e-06,-2.594143850254931709e-03,3.539241918503389494e-03
6.460000000000000187e-01,0.000000000000000000e+00,1.608570215165165771e-03,1.848353077371741020e-03,1.611570242877214537e-03,1.847718812596519950e-03,1.000000000000000000e+00,1.000000000000000000e+00,3.286520338331798798e-04,3.715348955535582561e-04,5.936153383836646931e-03,-6.800280546241986232e-03,4.434386066844821228e-02,-6.071420166665543895e-04,1.429367639180326721e-01,-1.211975140819991983e-02,3.261913061227212285e-04,3.760939743719663364e-04,5.428721462925239875e-03,-6.241738060085775044e-03,1.034826547056923662e-04,-1.148719628726692431e-04,7.195672839703948914e-04,-2.049961239975277814e-04
6.464999999999999636e-01,0.000000000000000000e+00,1.612514058828130306e-03,1.844931375658515321e-03,1.615176825948128753e-03,1.844723604540276715e-03,1.000000000000000000e+00,1.000000000000000000e+00,3.316731933557237871e-04,3.681131938403326104e-04,6.042319045087805006e-03,-6.843403426451341760e-03,4.383626350678556521e-02,-1.465113792662801591e-04,1.355815137853488006e-01,-2.993848260000233057e-03,3.289299169283242241e-04,3.729647083271466542e-04,5.525430843944473779e-03,-6.275143123495230922e-03,1.034826547056923662e-04,-1.148719628726692431e-04,4.401751182086498519e-04,1.984318828726454320e-07
6.470000000000000195e-01,0.000000000000000000e+00,1.616500513341501567e-03,1.841503148187858228e-03,1.618783319923500393e-03,1.841725616641668069e-03,1.000000000000000000e+00,1.000000000000000000e+00,3.347269946834384056e-04,3.646849663696756809e-04,6.107602655429282199e-03,-6.856454941313891958e-03,4.254350914637239356e-02,1.441503102806734491e-03,1.310286868209488975e-01,2.774625420353338257e-03,3.317067439335066740e-04,3.698261841287095323e-04,5.581663260875004487e-03,-6.278827922183509956e-03,1.034826547056923662e-04,-1.148719628726692431e-04,-2.507094040138435945e-04,6.879002320500102532e-04
6.474999999999999645e-01,0.000000000000000000e+00,1.620463863337905661e-03,1.838118493009628911e-03,1.622390714785528322e-03,1.838726044881570411e-03,1.000000000000000000e+00,1.000000000000000000e+00,3.377630969243194123e-04,3.613003111914462012e-04,6.072204481762057647e-03,-6.769310356458975789e-03,4.152894284774009959e-02,2.676532786732472701e-03,1.281733352593114328e-01,6.252914495265600274e-03,3.344866555344784206e-04,3.667107260655001126e-04,5.537962779236283578e-03,-6.183072168811607448e-03,1.034826547056923662e-04,-1.148719628726692431e-04,-7.867466664759268074e-04,1.215838699918063946e-03
6.480000000000000204e-01,0.000000000000000000e+00,1.624353097627067493e-03,1.834815888133801368e-03,1.625999919750682667e-03,1.835725997421216657e-03,1.000000000000000000e+00,1.000000000000000000e+00,3.407424232395196554e-04,3.579977063156187665e-04,5.958652630400530434e-03,-6.605209751654874534e-03,4.635244115465132764e-02,-7.525707310289381398e-03,1.477122924951577709e-01,-3.435284175251736988e-02,3.340579296829380182e-04,3.724491617148696968e-04,5.058379064395398736e-03,-5.016867576545618046e-03,1.966180543645609422e-04,-3.732479781733809981e-04,1.693485910385340897e-03,-3.125641043749538897e-03
6.484999999999999654e-01,0.000000000000000000e+00,1.628410297884599857e-03,1.831275882182981009e-03,1.629611718067485891e-03,1.832726442149990899e-03,1.000000000000000000e+00,1.000000000000000000e+00,3.438504189514232320e-04,3.544577003647982993e-04,6.215991423807129719e-03,-7.080011901640914478e-03,4.608073040415225363e-02,-7.830920961828660015e-03,1.426753318026015294e-01,-2.703313833189439908e-02,3.366470245338556641e-04,3.698306293484375962e-04,5.297439200066674306e-03,-5.456311296637882807e-03,1.966180543645609422e-04,-3.732479781733809981e-04,1.528144174791464882e-03,-3.219347749447592100e-03
6.490000000000000213e-01,0.000000000000000000e+00,1.632619438137085941e-03,1.827492097498655205e-03,1.633226721814303849e-03,1.829728154233201814e-03,1.000000000000000000e+00,1.000000000000000000e+00,3.470748074521485507e-04,3.506739156804726033e-04,6.448777001450597610e-03,-7.567569368651405962e-03,4.437339965471386732e-02,-4.847729801310762809e-03,1.363995219434907258e-01,-1.539657211186694005e-02,3.393496149075276940e-04,3.669890483660475690e-04,5.512403563643752252e-03,-5.909027888558744668e-03,1.966180543645609422e-04,-3.732479781733809981e-04,6.063687468673161808e-04,-1.897376546753537290e-03
6.494999999999999662e-01,0.000000000000000000e+00,1.636892735921144804e-03,1.823561037541087879e-03,1.636845326697130990e-03,1.826731663659877979e-03,1.000000000000000000e+00,1.000000000000000000e+00,3.503483434734194660e-04,3.467428557229051142e-04,6.547072042541785333e-03,-7.862119915134982429e-03,4.300885183092792441e-02,-2.431843680989142185e-03,1.326094718693362484e-01,-8.687400256805708279e-03,3.421262741315818519e-04,3.639690240568441474e-04,5.593970325361003089e-03,-6.170448589432620153e-03,1.966180543645609422e-04,-3.732479781733809981e-04,-1.239051155706104822e-04,-8.343298991716479197e-04
6.500000000000000222e-01,0.000000000000000000e+00,1.641160595901512611e-03,1.819560369175504851e-03,1.640467666858043665e-03,1.823737202802619287e-03,1.000000000000000000e+00,1.000000000000000000e+00,3.536177138953901494e-04,3.427421873573221404e-04,6.538740843941322559e-03,-8.001336731165967567e-03,4.089674179903278473e-02,7.823448860390469148e-03,1.255672145645681526e-01,2.901845344998758153e-02,3.523408352922025163e-04,3.457524445837009686e-04,6.409700149929510593e-03,-7.986846947576054651e-03,-2.167063013596584142e-05,7.089200719454263509e-05,-1.171781515639564678e-03,3.365830264280766752e-03
6.504999999999999671e-01,0.000000000000000000e+00,1.645316779193707352e-03,1.815811885251340622e-03,1.644093574814832134e-03,1.820744659787906609e-03,1.000000000000000000e+00,1.000000000000000000e+00,3.568015350109598116e-04,3.389937034331580749e-04,6.367642231139301889e-03,-7.496967848328078138e-03,4.006802413068095287e-02,8.078782888200236947e-03,1.240614239336661484e-01,2.147246150431062969e-02,3.555042462131751497e-04,3.418819220959716152e-04,6.244144830630018843e-03,-7.496047896052998767e-03,-2.167063013596584142e-05,7.089200719454263509e-05,-1.601516187909435502e-03,3.443062065336591378e-03
6.510000000000000231e-01,0.000000000000000000e+00,1.649320593806914139e-03,1.812321058847724204e-03,1.647722586337834957e-03,1.817753582752317399e-03,1.000000000000000000e+00,1.000000000000000000e+00,3.598686349466855114e-04,3.355028770295416019e-04,6.134199871451355424e-03,-6.981652807232938129e-03,3.945291070642347603e-02,8.171750781796041294e-03,1.222566947306906321e-01,2.183717011163705674e-02,3.585693405800086282e-04,3.382595666338617272e-04,6.016557865374637902e-03,-6.994209617383753859e-03,-2.167063013596584142e-05,7.089200719454263509e-05,-1.913352886816693538e-03,3.449190390575689394e-03
6.514999999999999680e-01,0.000000000000000000e+00,1.653142539916333670e-03,1.809088195427282792e-03,1.651353998461612370e-03,1.814763244267515122e-03,1.000000000000000000e+00,1.000000000000000000e+00,3.627964155257064273e-04,3.322700136091001903e-04,5.855561158041818794e-03,-6.465726840882822339e-03,3.901467116056055867e-02,8.136149664480851057e-03,1.209326699121654192e-01,2.184142861971438004e-02,3.615093714515546118e-04,3.348883241751085061e-04,5.743982762161797123e-03,-6.491606853920296044e-03,-2.167063013596584142e-05,7.089200719454263509e-05,-2.128003227351538910e-03,3.399564863551036552e-03
6.520000000000000240e-01,0.000000000000000000e+00,1.656762342847966155e-03,1.806109549221526951e-03,1.654986936655234928e-03,1.811772716136239407e-03,1.000000000000000000e+00,1.000000000000000000e+00,3.655693454466693668e-04,3.292913674033443494e-04,5.545859841925908536e-03,-5.957292411511641052e-03,4.697157438325662293e-02,1.899267043814521511e-03,1.520451336190209446e-01,-2.131451443295343928e-03,3.594786974410630622e-04,3.317372398121895007e-04,4.894402917066388060e-03,-5.999612307249398320e-03,1.202560820958859384e-04,7.175413317671610594e-05,2.074091933514418239e-03,7.265929286428382712e-04
6.524999999999999689e-01,0.000000000000000000e+00,1.660580589394689780e-03,1.803187567709438853e-03,1.658620422060376421e-03,1.808780944265094134e-03,1.000000000000000000e+00,1.000000000000000000e+00,3.684942919962451349e-04,3.263693858912561970e-04,5.849893099151555129e-03,-5.843963024176301348e-03,4.511993919242117401e-02,3.037845284586149740e-03,1.382220789561644236e-01,7.663318500015598063e-03,3.619994441505838259e-04,3.287630999527162796e-04,5.187919828183787212e-03,-5.897033532242967890e-03,1.202560820958859384e-04,7.175413317671610594e-05,1.069584178363495357e-03,1.213206357388950992e-03
6.530000000000000249e-01,0.000000000000000000e+00,1.664501770911655347e-03,1.800357509612889907e-03,1.662253438729416766e-03,1.805786823537328806e-03,1.000000000000000000e+00,1.000000000000000000e+00,3.714980913077775820e-04,3.235393277947071970e-04,6.007598623064934126e-03,-5.660116193097955786e-03,4.362947133962043200e-02,3.900746975902823037e-03,1.340975599354977121e-01,1.012164345418233372e-02,3.646305596166290347e-04,3.258578436528053652e-04,5.336155325809528206e-03,-5.724216792451644956e-03,1.202560820958859384e-04,7.175413317671610594e-05,2.671842282094309077e-04,1.575546452880223708e-03
6.534999999999999698e-01,0.000000000000000000e+00,1.668449572397688509e-03,1.797645596957241293e-03,1.665885000863536001e-03,1.802789272685631841e-03,1.000000000000000000e+00,1.000000000000000000e+00,3.745222826986900492e-04,3.208274151390586373e-04,6.048382781824884931e-03,-5.423825311297085505e-03,4.244513735850642677e-02,4.534286382522475720e-03,1.307919004430497245e-01,1.194709193651884681e-02,3.673067228026006192e-04,3.230520904998826492e-04,5.368333922323455763e-03,-5.499126011018911492e-03,1.202560820958859384e-04,7.175413317671610594e-05,-3.643941117531736447e-04,1.834915713701373938e-03
6.540000000000000258e-01,0.000000000000000000e+00,1.672363900748430332e-03,1.795070564731946925e-03,1.669514220050819561e-03,1.799787309164908042e-03,1.000000000000000000e+00,1.000000000000000000e+00,3.775208321803189622e-04,3.182523829137642694e-04,5.997098963257798364e-03,-5.150064450588695900e-03,4.188790108103556536e-02,-4.724203425614387220e-03,1.296117199495788463e-01,-2.443282880869501045e-02,3.753512026004399561e-04,3.239856259454524214e-04,5.917269089570687847e-03,-4.827392947347334921e-03,-3.779748956197154588e-05,-3.461376748808918358e-05,-5.618538051958383520e-04,-2.059582312933157591e-03
6.544999999999999707e-01,0.000000000000000000e+00,1.676216783465420915e-03,1.792341738494794643e-03,1.673140372504349025e-03,1.796780124025073189e-03,1.000000000000000000e+00,1.000000000000000000e+00,3.804723115756587456e-04,3.155235566766118787e-04,5.902958790679552030e-03,-5.457652474304730376e-03,4.093250149617124606e-02,-2.426028988999802405e-03,1.263272475283294116e-01,-7.736178794996981245e-03,3.782880593480918239e-04,3.214953706446003904e-04,5.830215623736354803e-03,-5.132941997384786979e-03,-3.779748956197154588e-05,-3.461376748808918358e-05,-1.064526802354208348e-03,-1.042975364647284828e-03
6.550000000000000266e-01,0.000000000000000000e+00,1.679960632004897508e-03,1.789533045523641550e-03,1.676762966300307609e-03,1.793767156783831942e-03,1.000000000000000000e+00,1.000000000000000000e+00,3.833402659452038192e-04,3.127148637054588936e-04,5.735908739090139416e-03,-5.617385942305993564e-03,4.020518464470109604e-02,-5.741411856033943250e-04,1.242299634552325172e-01,-2.574632478511357150e-03,3.811632136333611737e-04,3.188891447584586269e-04,5.670602192121977463e-03,-5.291555664826407337e-03,-3.779748956197154588e-05,-3.461376748808918358e-05,-1.440873298345503317e-03,-2.298329431110582343e-04
6.554999999999999716e-01,0.000000000000000000e+00,1.683559850651576359e-03,1.786703613811578767e-03,1.680381808616074378e-03,1.790748170299471566e-03,1.000000000000000000e+00,1.000000000000000000e+00,3.860974273890624138e-04,3.098854319933961655e-04,5.514322887717137099e-03,-5.658863424125504769e-03,3.966783744717088112e-02,8.992946425756205607e-04,1.226469514336986505e-01,1.548970433206786623e-03,3.839449596353041046e-04,3.162330483192854957e-04,5.456691248290986354e-03,-5.332650075712337852e-03,-3.779748956197154588e-05,-3.461376748808918358e-05,-1.712424343743070834e-03,4.112600720122832785e-04
6.560000000000000275e-01,0.000000000000000000e+00,1.686988791609543049e-03,1.783900057625150250e-03,1.683997072968325404e-03,1.787723325643640485e-03,1.000000000000000000e+00,1.000000000000000000e+00,3.887241485556957536e-04,3.070818758069675399e-04,5.253442333266702957e-03,-5.607112372857266797e-03,4.488389345983772455e-02,3.334966100952278301e-04,1.432252821010420174e-01,-1.883954087350583548e-03,3.851802387005708603e-04,3.087754034786811407e-04,5.041882051265631631e-03,-5.824623122215560715e-03,4.242548047023049406e-06,1.066525573834771500e-04,1.041673977065060057e-03,1.039242123010365357e-04
6.564999999999999725e-01,0.000000000000000000e+00,1.690510374329791225e-03,1.781104709874130766e-03,1.687609366227331518e-03,1.784693256729141158e-03,1.000000000000000000e+00,1.000000000000000000e+00,3.914218374295257131e-04,3.042865280559480011e-04,5.395377747659919898e-03,-5.590695502039131314e-03,4.343859367410334710e-02,1.780927532727092982e-03,1.332344447255224829e-01,4.227435696204248639e-03,3.877371377801197561e-04,3.058639088835683642e-04,5.185339620994573219e-03,-5.821251764512426832e-03,4.242548047023049406e-06,1.066525573834771500e-04,2.628359507217540355e-04,7.313140021825922672e-04
6.570000000000000284e-01,0.000000000000000000e+00,1.694050711756182968e-03,1.778363031580679947e-03,1.691219775889885209e-03,1.781659123326115486e-03,1.000000000000000000e+00,1.000000000000000000e+00,3.941338932417793868e-04,3.015448497624973454e-04,5.424111624507324883e-03,-5.483356586901282775e-03,4.229017910423867738e-02,2.905209475154179634e-03,1.300233620802827839e-01,7.404313739292496185e-03,3.903375770903290149e-04,3.029767867201195453e-04,5.216259425269671041e-03,-5.727309841230298834e-03,4.242548047023049406e-06,1.066525573834771500e-04,-3.503294512376958899e-04,1.212460260123666370e-03
6.574999999999999734e-01,0.000000000000000000e+00,1.697551648024753701e-03,1.775709849021839259e-03,1.694829821402256669e-03,1.778622559038375807e-03,1.000000000000000000e+00,1.000000000000000000e+00,3.968157660160315995e-04,2.988916672036565493e-04,5.363745548504387367e-03,-5.306365117681574942e-03,4.139220610979190557e-02,3.758861519965938421e-03,1.274844165972613408e-01,9.835972107167811201e-03,3.929312872921918902e-04,3.001540273176520057e-04,5.158595116805718070e-03,-5.563937707776269587e-03,4.242548047023049406e-06,1.066525573834771500e-04,-8.241763813721617472e-04,1.571572548912569074e-03
6.580000000000000293e-01,0.000000000000000000e+00,1.700968255275743003e-03,1.773171114928626547e-03,1.698441335855341121e-03,1.775585543055650025e-03,1.000000000000000000e+00,1.000000000000000000e+00,3.994330390149720077e-04,2.963529331104439450e-04,5.234545997880842363e-03,-5.077468186425255353e-03,4.233859285803756589e-02,6.483698710435118265e-03,1.318581948552091654e-01,1.978802696641057679e-02,3.994590922830685686e-04,2.888939549434725780e-04,5.482774734437577749e-03,-6.314040477754158213e-03,-1.127902804614216607e-04,3.575327301847896718e-04,-3.445271063254004324e-04,2.520425615768966815e-03
6.584999999999999742e-01,0.000000000000000000e+00,1.704348541399994775e-03,1.770830951303374113e-03,1.702056341171544977e-03,1.772550264781025788e-03,1.000000000000000000e+00,1.000000000000000000e+00,4.020224884166073232e-04,2.940127694851914024e-04,5.178898803270610973e-03,-4.680327250505102524e-03,4.134286270192027296e-02,6.783988625703701002e-03,1.271538370263943785e-01,1.879896389747105767e-02,4.021899324340429084e-04,2.858269553067602220e-04,5.440564472101496081e-03,-5.954538874677502841e-03,-1.127902804614216607e-04,3.575327301847896718e-04,-8.722207802546947785e-04,2.627388199068699925e-03
6.590000000000000302e-01,0.000000000000000000e+00,1.707642658696441676e-03,1.768696700078691139e-03,1.705676923285849404e-03,1.769518988451995040e-03,1.000000000000000000e+00,1.000000000000000000e+00,4.045459286665323696e-04,2.918785182605084828e-04,5.046880499850093724e-03,-4.268502449365886922e-03,4.057633675368101794e-02,6.940163756130575748e-03,1.249572070275051655e-01,1.932626286242523916e-02,4.048806021488537683e-04,2.829435098641106395e-04,5.322242012335602623e-03,-5.579860051403805546e-03,-1.127902804614216607e-04,3.575327301847896718e-04,-1.272738578411939910e-03,2.670847352906844437e-03
6.594999999999999751e-01,0.000000000000000000e+00,1.710812832156165513e-03,1.766771090153484601e-03,1.709305107326876058e-03,1.766493917761523518e-03,1.000000000000000000e+00,1.000000000000000000e+00,4.069744224290771208e-04,2.899529083353019989e-04,4.856987525089510177e-03,-3.851219850412940932e-03,4.000127393623090222e-02,6.981065764219971867e-03,1.232779286193910889e-01,1.953125248354866186e-02,4.074976500319855326e-04,2.802489093354211210e-04,5.146191803258186141e-03,-5.199177989616596274e-03,-1.127902804614216607e-04,3.575327301847896718e-04,-1.567422107135201274e-03,2.663930188626083186e-03
6.600000000000000311e-01,0.000000000000000000e+00,1.713831332509303373e-03,1.765053192171682148e-03,1.712942732797943703e-03,1.763477060479090759e-03,1.000000000000000000e+00,1.000000000000000000e+00,4.092867278511511196e-04,2.882350103534994917e-04,4.624610844147968892e-03,-3.435795963604975495e-03,4.940763520649509022e-02,4.194737646175335059e-03,1.601772308084774554e-01,8.853845343775696222e-03,4.013954493632523120e-04,2.752351662443473660e-04,3.952420657436245092e-03,-5.103643575180153227e-03,1.406957961341601506e-04,4.313140423470883714e-04,3.241375023401245684e-03,1.294452128435109742e-03
6.604999999999999760e-01,0.000000000000000000e+00,1.717170846767473481e-03,1.763453698759732046e-03,1.716591328758133080e-03,1.760470093071757423e-03,1.000000000000000000e+00,1.000000000000000000e+00,4.118449441913389609e-04,2.866355169415494447e-04,5.116432680375702577e-03,-3.198986823900131730e-03,4.884232525147171045e-02,4.204617299729082602e-03,1.502116528186059619e-01,1.137263678516163903e-02,4.034914009500079122e-04,2.727323170971322200e-04,4.430380202540922657e-03,-4.908037511396718018e-03,1.406957961341601506e-04,4.313140423470883714e-04,2.902323645989267776e-03,1.288919331924922793e-03
6.610000000000000320e-01,0.000000000000000000e+00,1.720798941160608161e-03,1.761971723247488788e-03,1.720251989003351986e-03,1.757474225325213971e-03,1.000000000000000000e+00,1.000000000000000000e+00,4.146242257403109856e-04,2.851535414293061865e-04,5.558563097944076332e-03,-2.963951024486477775e-03,4.669309597953334723e-02,4.739008217293733637e-03,1.425808482792995657e-01,1.354067751282654782e-02,4.058140193236250037e-04,2.703269978432561432e-04,4.859174520582568331e-03,-4.713525567155298079e-03,1.406957961341601506e-04,4.313140423470883714e-04,1.730345724024619008e-03,1.508866004703537022e-03
6.614999999999999769e-01,0.000000000000000000e+00,1.724604170821453578e-03,1.760622769587892860e-03,1.723925247247391247e-03,1.754490064964839540e-03,1.000000000000000000e+00,1.000000000000000000e+00,4.175392007767931147e-04,2.838045877697103125e-04,5.829950072964283463e-03,-2.697907319191721921e-03,4.494765846718038610e-02,5.112608993210194033e-03,1.377801931841373118e-01,1.464984505190671839e-02,4.083085747306135454e-04,2.680268241569044364e-04,5.118450363087119481e-03,-4.487520248586300900e-03,1.406957961341601506e-04,4.313140423470883714e-04,7.848156694135671263e-04,1.656955082015550270e-03
6.620000000000000329e-01,0.000000000000000000e+00,1.728496596933816335e-03,1.759417120867280693e-03,1.727610952302994357e-03,1.751517482276754734e-03,1.000000000000000000e+00,1.000000000000000000e+00,4.205209721704197064e-04,2.825989390490979826e-04,5.963542787253146849e-03,-2.411297441224627761e-03,3.948125281515263429e-02,-4.808178155768896671e-03,1.181110915411609646e-01,-2.407478833035833071e-02,4.252252557600031779e-04,2.745897433747524841e-04,6.861810017742438032e-03,-3.251060134899505256e-03,-2.805780157608227915e-04,1.741757096399426121e-04,-1.968050761049849710e-03,-2.516979083256777258e-03
6.624999999999999778e-01,0.000000000000000000e+00,1.732200893368717907e-03,1.758043172540296219e-03,1.731308143262913013e-03,1.748555474728879632e-03,1.000000000000000000e+00,1.000000000000000000e+00,4.233586278700415297e-04,2.812249907221135627e-04,5.675311399243605781e-03,-2.747896653968798491e-03,3.678954901132397426e-02,-6.556205898363504959e-03,1.121716668003379103e-01,-2.253931306586284128e-02,4.285916066075797361e-04,2.728769995615757294e-04,6.603965854615723510e-03,-3.599175748356628866e-03,-2.805780157608227915e-04,1.741757096399426121e-04,-3.376346648700277644e-03,-3.237683358087945894e-03
6.630000000000000338e-01,0.000000000000000000e+00,1.735583971385965766e-03,1.756448402617227615e-03,1.735014927189798897e-03,1.745602034301005140e-03,1.000000000000000000e+00,1.000000000000000000e+00,4.259502159857923203e-04,2.796302207990450134e-04,5.183176231501632376e-03,-3.189539846137087395e-03,3.678078392785918277e-02,-4.045253517574779432e-03,1.141755301791301802e-01,-1.148534236947246732e-02,4.317781414988623896e-04,2.709640944434759920e-04,6.142946738444763494e-03,-4.051495843380869058e-03,-2.805780157608227915e-04,1.741757096399426121e-04,-3.351299436182283292e-03,-2.118120436888254552e-03
6.634999999999999787e-01,0.000000000000000000e+00,1.738648743399707217e-03,1.754714039585626327e-03,1.738728424779963522e-03,1.742654088212834121e-03,1.000000000000000000e+00,1.000000000000000000e+00,4.282979675563454371e-04,2.778958577674437249e-04,4.695503141106249258e-03,-3.468726063202547463e-03,3.685461689167994492e-02,-1.996409403410200414e-03,1.142122143964568320e-01,-5.791897747441526918e-03,4.347351586748955470e-04,2.688655393188950121e-04,5.685895976627984919e-03,-4.342082196403620510e-03,-2.805780157608227915e-04,1.741757096399426121e-04,-3.282556130304829269e-03,-1.209910949081016490e-03
6.640000000000000346e-01,0.000000000000000000e+00,1.741402262268451715e-03,1.752905940015536245e-03,1.742444893055698513e-03,1.739707630806839982e-03,1.000000000000000000e+00,1.000000000000000000e+00,4.304072853847705038e-04,2.760877581973535892e-04,4.218635656850109987e-03,-3.616199140180276304e-03,4.257077995733686560e-02,-1.193008741550094336e-02,1.360969879509665581e-01,-4.618336959240802037e-02,4.312484444186594408e-04,2.783135266924737362e-04,4.535673788561127469e-03,-3.182451160893362638e-03,-9.774605586320526539e-05,-1.686531661839063166e-04,-1.641956281697295669e-04,-5.118341296256686927e-03
6.644999999999999796e-01,0.000000000000000000e+00,1.744134218996105153e-03,1.750714688495997847e-03,1.746159919602211820e-03,1.736757932684776214e-03,1.000000000000000000e+00,1.000000000000000000e+00,4.325000856548308803e-04,2.738965066778152450e-04,4.185600540120719242e-03,-4.382503039076658842e-03,4.541888526015876171e-02,-1.419148733683108995e-02,1.422609540333387435e-01,-4.681545606507223067e-02,4.335105843117408259e-04,2.765362202588317591e-04,4.512844538750566958e-03,-3.925267838647789748e-03,-9.774605586320526539e-05,-1.686531661839063166e-04,1.337454340919841042e-03,-6.029821672462896444e-03
6.650000000000000355e-01,0.000000000000000000e+00,1.746987246737903739e-03,1.748074308496402321e-03,1.749868619670628522e-03,1.733799752938932834e-03,1.000000000000000000e+00,1.000000000000000000e+00,4.346856317025000181e-04,2.712561266782197189e-04,4.371092095338251216e-03,-5.280759999191083492e-03,4.393538406065692487e-02,-1.009335151568860681e-02,1.341661829342024881e-01,-2.935553432202777507e-02,4.358156906974036096e-04,2.743545606330901189e-04,4.707117393997985524e-03,-4.799593785195568722e-03,-9.774605586320526539e-05,-1.686531661839063166e-04,5.342484203062562416e-04,-4.195127630062502055e-03
6.654999999999999805e-01,0.000000000000000000e+00,1.749885289741699886e-03,1.745118409307880487e-03,1.753565833280981440e-03,1.730827551383401931e-03,1.000000000000000000e+00,1.000000000000000000e+00,4.369056614414778346e-04,2.683002274896978856e-04,4.440059477955679047e-03,-5.911798377043700307e-03,4.274836526918227020e-02,-6.720240075852118578e-03,1.308590329656632856e-01,-2.002532173463089302e-02,4.381888813156560331e-04,2.718021969062999919e-04,4.785403676681595879e-03,-5.408584450126555955e-03,-9.774605586320526539e-05,-1.686531661839063166e-04,-1.032509224113538305e-04,-2.692803482227398328e-03
6.660000000000000364e-01,0.000000000000000000e+00,1.752768025506732177e-03,1.741956421708510793e-03,1.757246322325204356e-03,1.727835700785328903e-03,1.000000000000000000e+00,1.000000000000000000e+00,4.391139651552611409e-04,2.651382398903281913e-04,4.416607427566649965e-03,-6.323975198739346937e-03,4.926450747865660645e-02,-1.572261300803935724e-02,1.571664417633300836e-01,-5.804423654316666348e-02,4.359157311526375557e-04,2.741157156709698745e-04,4.244176287230756218e-03,-5.221502756182281116e-03,3.935140696857713409e-05,-3.190863437957326600e-04,3.500600099036784395e-03,-6.158673909004373434e-03
6.664999999999999813e-01,0.000000000000000000e+00,1.755961768696491770e-03,1.738309730761081369e-03,1.760904967670132810e-03,1.724818699096183862e-03,1.000000000000000000e+00,1.000000000000000000e+00,4.415605143785254175e-04,2.614915489428987672e-04,4.893098446528533138e-03,-7.293381894858819679e-03,4.719649072260805045e-02,-1.128474675227535140e-02,1.438240301255572506e-01,-3.354101531418483828e-02,4.381556960963474694e-04,2.712714511249089797e-04,4.714686993955659149e-03,-6.153641468230773223e-03,3.935140696857713409e-05,-3.190863437957326600e-04,2.367773937629154973e-03,-4.172848570145053400e-03
6.670000000000000373e-01,0.000000000000000000e+00,1.759358931711078877e-03,1.734323091804037750e-03,1.764536966260492985e-03,1.721771381683010914e-03,1.000000000000000000e+00,1.000000000000000000e+00,4.441628922282193199e-04,2.575049099858549859e-04,5.204755699387830781e-03,-7.973277914087544341e-03,4.534405293148709160e-02,-7.442928144780933467e-03,1.385597611384809524e-01,-2.270152988286593815e-02,4.405898921488621842e-04,2.680330700447715645e-04,5.021410799283520902e-03,-6.798510723158549332e-03,3.935140696857713409e-05,-3.190863437957326600e-04,1.361519882256366108e-03,-2.465625297682597691e-03
6.674999999999999822e-01,0.000000000000000000e+00,1.762863955571001163e-03,1.730120986003923830e-03,1.768138028221896002e-03,1.718689133559695228e-03,1.000000000000000000e+00,1.000000000000000000e+00,4.468478962791121796e-04,2.533028041857411736e-04,5.370008101785731652e-03,-8.404211600227676562e-03,4.385063439806077823e-02,-4.318379018144301827e-03,1.344284533338674648e-01,-1.403178207651529195e-02,4.431410115824181619e-04,2.645341161880676020e-04,5.182658031279980919e-03,-7.196401368719447175e-03,3.935140696857713409e-05,-3.190863437957326600e-04,5.562530942104815810e-04,-1.086135260016689611e-03
6.680000000000000382e-01,0.000000000000000000e+00,1.766400367346871673e-03,1.725804053192027008e-03,1.771704573963837209e-03,1.715568101618217961e-03,1.000000000000000000e+00,1.000000000000000000e+00,4.495569448685982289e-04,2.489858713738444065e-04,5.418097178972056116e-03,-8.633865623793538641e-03,4.753965346194519159e-02,-6.688474139229402989e-03,1.500556183311200220e-01,-2.600249735017319194e-02,4.442017220110650011e-04,2.578803789711974046e-04,5.053050183277645567e-03,-7.734764781767861259e-03,8.468973125826923074e-05,-2.307007467317875936e-04,2.642999401684337311e-03,-1.897501079294030548e-03
6.684999999999999831e-01,0.000000000000000000e+00,1.770152223687765456e-03,1.721300040497195051e-03,1.775233931282684842e-03,1.712405406859920497e-03,1.000000000000000000e+00,1.000000000000000000e+00,4.524310335699205984e-04,2.444818586790123947e-04,5.748177402644747552e-03,-9.008025389664060800e-03,4.557598972773707624e-02,-3.498384207019554493e-03,1.394545616583129921e-01,-1.175093026587034628e-02,4.468086938602538485e-04,2.539251366517627194e-04,5.374116471790215364e-03,-8.085375545397815999e-03,8.468973125826923074e-05,-2.307007467317875936e-04,1.576882980188736537e-03,-4.924423483101101912e-04
6.690000000000000391e-01,0.000000000000000000e+00,1.774018213078144791e-03,1.716711340380058879e-03,1.778724532449775866e-03,1.709199356610762409e-03,1.000000000000000000e+00,1.000000000000000000e+00,4.553925532595776843e-04,2.398931585618762773e-04,5.923039379314194372e-03,-9.177400234272213228e-03,4.399362296712287790e-02,-9.436164157272850482e-04,1.350778331472819727e-01,-4.625176163928578985e-03,4.495375827863342896e-04,2.498454909644241221e-04,5.541012663227956603e-03,-8.232767387814565394e-03,8.468973125826923074e-05,-2.307007467317875936e-04,7.241977795464388939e-04,6.233946774561549640e-04
6.694999999999999840e-01,0.000000000000000000e+00,1.777917292361311978e-03,1.712119307254511341e-03,1.782176097200893067e-03,1.705949641602868497e-03,1.000000000000000000e+00,1.000000000000000000e+00,4.583794212777282206e-04,2.353011254363287662e-04,5.973736036301121287e-03,-9.184066251095034800e-03,4.273459101569592605e-02,1.073676897902624185e-03,1.315657573566919036e-01,1.025535085717893882e-03,4.523190333666838366e-04,2.457325779614403420e-04,5.584600073396455908e-03,-8.218756347545699489e-03,8.468973125826923074e-05,-2.307007467317875936e-04,5.198700836430553401e-05,1.495282044910338374e-03
6.700000000000000400e-01,0.000000000000000000e+00,1.781785556301988122e-03,1.707587551128391182e-03,1.785589670195045697e-03,1.702657376840571550e-03,1.000000000000000000e+00,1.000000000000000000e+00,4.613426833740007812e-04,2.307693693102085529e-04,5.926524192545168032e-03,-9.063512252240425726e-03,5.218728538242629195e-02,2.927569312329999628e-03,1.693266644878493876e-01,6.555186865947856129e-03,4.463073903624215403e-04,2.331950942831394614e-04,4.536455989565047961e-03,-9.036093650221401277e-03,3.431729080100402989e-04,1.815633255302979179e-05,4.935618682004392320e-03,2.152763694813927993e-03
6.704999999999999849e-01,0.000000000000000000e+00,1.786096511571523028e-03,1.703173828418027636e-03,1.788967463254113703e-03,1.699324932914473858e-03,1.000000000000000000e+00,1.000000000000000000e+00,4.646450667027624210e-04,2.263556465998450341e-04,6.604766657523257825e-03,-8.827445420727053627e-03,4.939018947344227251e-02,4.368937239752892707e-03,1.507524840066974958e-01,1.067190110353846005e-02,4.487369319337202790e-04,2.287350470864161849e-04,5.180370583189161139e-03,-8.804375655005112350e-03,3.431729080100402989e-04,1.815633255302979179e-05,3.405633170215091945e-03,2.761279804098441641e-03
6.710000000000000409e-01,0.000000000000000000e+00,1.790704385301952403e-03,1.698922317090142834e-03,1.792312658649952619e-03,1.695955725503060264e-03,1.000000000000000000e+00,1.000000000000000000e+00,4.681749027685517747e-04,2.221041352719602320e-04,7.059672131578675382e-03,-8.503022655769586907e-03,4.710360525179556335e-02,5.439409193618198815e-03,1.445001731379075283e-01,1.373833636690188591e-02,4.514329554874945013e-04,2.244128753209666748e-04,5.602803078458271947e-03,-8.484767465626740987e-03,3.431729080100402989e-04,1.815633255302979179e-05,2.162418723076023688e-03,3.203060650097537630e-03
6.714999999999999858e-01,0.000000000000000000e+00,1.795490643005593712e-03,1.694865070644349355e-03,1.795629211979751869e-03,1.692554004432366126e-03,1.000000000000000000e+00,1.000000000000000000e+00,4.718413888857615627e-04,2.180468888261667530e-04,7.332972234419614030e-03,-8.114492891586970111e-03,4.525256536466604196e-02,6.202716955764596418e-03,1.394076590841819285e-01,1.595603990497061753e-02,4.542951069723749819e-04,2.202664872310754402e-04,5.845224887976438466e-03,-8.101371216217284968e-03,3.431729080100402989e-04,1.815633255302979179e-05,1.163242578956863449e-03,3.507377387534196898e-03
6.720000000000000417e-01,0.000000000000000000e+00,1.800359929368948409e-03,1.691024147402649721e-03,1.798921655041396108e-03,1.689124642735621417e-03,1.000000000000000000e+00,1.000000000000000000e+00,4.755714786463645046e-04,2.142059655844670649e-04,7.460179521205870072e-03,-7.681846483399387346e-03,4.256285932671667604e-02,-4.639986162730739931e-03,1.306090919837191722e-01,-2.661887345054063381e-02,4.666931997072717281e-04,2.289376943971061613e-04,7.012164440802316073e-03,-6.246870033476499204e-03,6.526960466223885940e-05,-3.527809683546791241e-04,-3.421137059674574619e-04,-1.260630839748852917e-03
6.724999999999999867e-01,0.000000000000000000e+00,1.805175970660089640e-03,1.687058577988615696e-03,1.802194898708815501e-03,1.685672925712910011e-03,1.000000000000000000e+00,1.000000000000000000e+00,4.792607803152748678e-04,2.102403961704329592e-04,7.378603337820702039e-03,-7.931138828068192911e-03,3.937444403978768159e-02,-1.007252431996823357e-02,1.204793849511673065e-01,-3.856823397600582515e-02,4.701783369566099363e-04,2.257600188713412099e-04,6.928415155893764311e-03,-6.463292558913103121e-03,6.526960466223885940e-05,-3.527809683546791241e-04,-2.024497814771781395e-03,-3.576295685923532117e-03
6.730000000000000426e-01,0.000000000000000000e+00,1.809779098063474300e-03,1.682800467001425949e-03,1.805454035807355518e-03,1.682204339990819430e-03,1.000000000000000000e+00,1.000000000000000000e+00,4.827869804836062745e-04,2.059822851832432118e-04,7.052400336662824690e-03,-8.516221974379475576e-03,3.890639328638732103e-02,-6.487811534397967296e-03,1.212111905204045631e-01,-2.026051141610833023e-02,4.735606983982292083e-04,2.223903719744548901e-04,6.601536275999007365e-03,-7.014100229017803528e-03,6.526960466223885940e-05,-3.527809683546791241e-04,-2.250753228317249523e-03,-1.986930224934266558e-03
6.734999999999999876e-01,0.000000000000000000e+00,1.814147815770463662e-03,1.678365739286908622e-03,1.808704143989126132e-03,1.678724362582101641e-03,1.000000000000000000e+00,1.000000000000000000e+00,4.861336124066009375e-04,2.015475574687259665e-04,6.693263845989313836e-03,-8.869455429034472926e-03,3.859984782460912367e-02,-3.583315720710469714e-03,1.202305683179488022e-01,-1.219247837101844131e-02,4.767714320831740560e-04,2.188029148797016022e-04,6.241973955224773031e-03,-7.334970734524625703e-03,6.526960466223885940e-05,-3.527809683546791241e-04,-2.388853179423519255e-03,-7.080696198279543430e-04
6.740000000000000435e-01,0.000000000000000000e+00,1.818268996032523007e-03,1.673847731521975165e-03,1.811950088608368578e-03,1.675238249945318249e-03,1.000000000000000000e+00,1.000000000000000000e+00,4.892906196454432184e-04,1.970295497037925087e-04,6.314014477684641580e-03,-9.036015529866932988e-03,4.124502981606097129e-02,8.986118427181003648e-03,1.305649606437115084e-01,3.407184905355092192e-02,4.809372771580704945e-04,1.939421767209760766e-04,5.991432888296444742e-03,-9.864646275914143447e-03,3.175150029665558594e-05,2.693990007075535635e-04,-1.160262449282871552e-03,4.138636975150998369e-03
6.744999999999999885e-01,0.000000000000000000e+00,1.822277575519093938e-03,1.669640782838159544e-03,1.815196325596804983e-03,1.671750827044502820e-03,1.000000000000000000e+00,1.000000000000000000e+00,4.923613696859315773e-04,1.928226010199769150e-04,6.141500080976768083e-03,-8.413897367631163401e-03,4.115547601010879908e-02,1.245131758463484742e-02,1.278679722398526619e-01,3.706703249094444458e-02,4.838902321449523535e-04,1.891576960368303230e-04,5.820606524392277735e-03,-9.274239852112897697e-03,3.175150029665558594e-05,2.693990007075535635e-04,-1.198617567468183466e-03,5.590655904360961916e-03
6.750000000000000444e-01,0.000000000000000000e+00,1.826169922369246402e-03,1.665850058261853211e-03,1.818446704339007512e-03,1.668266276408808882e-03,1.000000000000000000e+00,1.000000000000000000e+00,4.953430803611825290e-04,1.890318764436705278e-04,5.963421350501823745e-03,-7.581449152612781441e-03,4.047781963313569487e-02,1.192734170511956446e-02,1.252185901411853042e-01,3.243199591480284277e-02,4.867563916283082601e-04,1.847209162437679023e-04,5.644264842870549796e-03,-8.474261998237177240e-03,3.175150029665558594e-05,2.693990007075535635e-04,-1.546976764075135664e-03,5.309779277453977910e-03
6.754999999999999893e-01,0.000000000000000000e+00,1.829912995761263971e-03,1.662454770837493070e-03,1.821704271111418850e-03,1.664787927790026267e-03,1.000000000000000000e+00,1.000000000000000000e+00,4.982104409333240483e-04,1.856365890193104138e-04,5.734721144282950087e-03,-6.790574848720206703e-03,3.998200911748455572e-02,1.134817714771666278e-02,1.237507422128608092e-01,3.097014604453205214e-02,4.895217770864756027e-04,1.806738951349344741e-04,5.417611734870870013e-03,-7.715140665019926819e-03,3.175150029665558594e-05,2.693990007075535635e-04,-1.795143237559405436e-03,5.007794001253985938e-03
6.760000000000000453e-01,0.000000000000000000e+00,1.833483266603228544e-03,1.659432605560779437e-03,1.824971111291875340e-03,1.661318088942065905e-03,1.000000000000000000e+00,1.000000000000000000e+00,5.009454270722406722e-04,1.826144237425968348e-04,5.469972277833334492e-03,-6.044330553427162273e-03,3.731566186904833327e-02,8.049432696555353789e-03,1.136789949787741782e-01,1.897429000226302440e-02,5.009837813427454791e-04,1.729471802999782177e-04,6.152860649767662865e-03,-7.457919228578238288e-03,-2.275662959056688197e-04,3.884369588916111661e-04,-3.199260772073668664e-03,3.331610911202070001e-03
6.764999999999999902e-01,0.000000000000000000e+00,1.836748753509282557e-03,1.656676463942898143e-03,1.828248359638326697e-03,1.657858054663290288e-03,1.000000000000000000e+00,1.000000000000000000e+00,5.034469351707011354e-04,1.798582821247154333e-04,5.003016196920984614e-03,-5.512283235762806613e-03,3.733648454236173503e-02,8.165704204987368417e-03,1.157894183544152383e-01,2.247067377694262832e-02,5.039501244212255720e-04,1.693413666565538500e-04,5.713251520994973645e-03,-6.966152117446533162e-03,-2.275662959056688197e-04,3.884369588916111661e-04,-3.159686890786073035e-03,3.349817823385749932e-03
6.770000000000000462e-01,0.000000000000000000e+00,1.839713673494769702e-03,1.654187199229157365e-03,1.831536320708005003e-03,1.654408232659461148e-03,1.000000000000000000e+00,1.000000000000000000e+00,5.057181956498759106e-04,1.773690174109746553e-04,4.542520958349467904e-03,-4.978529427481555129e-03,3.742957455781414922e-02,8.150428130194842247e-03,1.158899851586352309e-01,2.254164169058071182e-02,5.066981705930337105e-04,1.659820215239422533e-04,5.279669592031340473e-03,-6.472059007297687253e-03,-2.275662959056688197e-04,3.884369588916111661e-04,-3.082059091884468190e-03,3.310850022795151781e-03
6.774999999999999911e-01,0.000000000000000000e+00,1.842385849262608358e-03,1.651961512958106948e-03,1.834834598246513340e-03,1.650968278920659192e-03,1.000000000000000000e+00,1.000000000000000000e+00,5.077652010478660464e-04,1.751433311399242106e-04,4.094010795980268166e-03,-4.451372542100894870e-03,3.757777665930749772e-02,8.032408917332145570e-03,1.161492261451957664e-01,2.232304997087695281e-02,5.092323096902507448e-04,1.628682394269600694e-04,4.857608978161352502e-03,-5.983897759050033939e-03,-2.275662959056688197e-04,3.884369588916111661e-04,-2.975881286960842774e-03,3.227755302260386545e-03
6.780000000000000471e-01,0.000000000000000000e+00,1.844775806898930372e-03,1.649992903896097809e-03,1.838142224580848784e-03,1.647537233102357862e-03,1.000000000000000000e+00,1.000000000000000000e+00,5.095960148144601694e-04,1.731747220779151532e-04,3.661627533188198218e-03,-3.937218124018094546e-03,4.317426474700067351e-02,8.799114149538309060e-03,1.375292288870389734e-01,2.562254325169741401e-02,5.100876732492899733e-04,1.518256641259686465e-04,4.284693336649762763e-03,-6.432330151369880164e-03,-1.842925259209889045e-04,6.286673831857892683e-04,1.742356433345878738e-05,3.448997083069698776e-03
6.784999999999999920e-01,0.000000000000000000e+00,1.847166945204911648e-03,1.648302569384210280e-03,1.841457790012406307e-03,1.644113653906498825e-03,1.000000000000000000e+00,1.000000000000000000e+00,5.114277330264860354e-04,1.714843875660276515e-04,3.663436424051789292e-03,-3.380669023775015585e-03,4.224121418689000262e-02,8.639161405866931445e-03,1.291290328682322963e-01,2.458619022657915903e-02,5.122352687748591305e-04,1.487338330035486945e-04,4.305567153328492859e-03,-5.935839688185278774e-03,-1.842925259209889045e-04,6.286673831857892683e-04,-4.817100090287083306e-04,3.348170567256796796e-03
6.790000000000000480e-01,0.000000000000000000e+00,1.849512232847480868e-03,1.646882465974439276e-03,1.844779572209995916e-03,1.640695754462556839e-03,1.000000000000000000e+00,1.000000000000000000e+00,5.132243275925918924e-04,1.700642841562567285e-04,3.593189132211680511e-03,-2.840206819541845479e-03,4.151234695991597168e-02,8.408215546173491983e-03,1.270577707606861395e-01,2.405825671649318431e-02,5.143752837121865233e-04,1.458864893425576776e-04,4.254510670177024528e-03,-5.454360453430187605e-03,-1.842925259209889045e-04,6.286673831857892683e-04,-8.672570788532475749e-04,3.217580327926585892e-03
6.794999999999999929e-01,0.000000000000000000e+00,1.851775420302158911e-03,1.645722394215776195e-03,1.848105665602849806e-03,1.637281537708620231e-03,1.000000000000000000e+00,1.000000000000000000e+00,5.149580297659845296e-04,1.689042123975934852e-04,3.467404346785270090e-03,-2.320143517326483072e-03,4.095476440579629007e-02,8.125317903396463495e-03,1.254480875599224554e-01,2.338039118323633619e-02,5.164758653425625436e-04,1.432750521838328567e-04,4.147942995726947024e-03,-4.992185183347224234e-03,-1.842925259209889045e-04,6.286673831857892683e-04,-1.157848127230875091e-03,3.065771354069718544e-03
6.800000000000000488e-01,0.000000000000000000e+00,1.853929270345915179e-03,1.644810620018535233e-03,1.851434110773639286e-03,1.633868931772456193e-03,1.000000000000000000e+00,1.000000000000000000e+00,5.166079746233156285e-04,1.679924382003524690e-04,3.299889714662159607e-03,-1.823548394482018154e-03,4.404823603635744239e-02,-3.510071066381272031e-03,1.378496021708352781e-01,-2.135243830810566734e-02,5.151271331334088006e-04,1.570057376824655329e-04,3.616563267479778066e-03,-2.729015094852842160e-03,-8.474104248931936198e-05,1.547624449726999287e-04,5.262146032278102598e-04,-1.642087258917723173e-03
6.804999999999999938e-01,0.000000000000000000e+00,1.856129795350437185e-03,1.643780694675989326e-03,1.854763023851482145e-03,1.630455925352589965e-03,1.000000000000000000e+00,1.000000000000000000e+00,5.182936745749739706e-04,1.669625128578066970e-04,3.371399903316715015e-03,-2.059850685091557491e-03,4.627812295168418771e-02,-1.293797764938358491e-02,1.439067160708618343e-01,-4.813618158817038056e-02,5.169554229306541886e-04,1.555800496413043842e-04,3.696372160546596269e-03,-2.973209945509025769e-03,-8.474104248931936198e-05,1.547624449726999287e-04,1.693985923801242166e-03,-5.674609251236355234e-03
6.810000000000000497e-01,0.000000000000000000e+00,1.858487922072101861e-03,1.642339438924223178e-03,1.858090725904959582e-03,1.627040703099370345e-03,1.000000000000000000e+00,1.000000000000000000e+00,5.201001044462756412e-04,1.655212571060404403e-04,3.612859742603341615e-03,-2.882511503532507284e-03,4.480363674038721766e-02,-9.250315605279134379e-03,1.364042615061094865e-01,-2.612012653301688803e-02,5.188659071512236867e-04,1.538862899526665285e-04,3.945010664924511815e-03,-3.800162177655466017e-03,-8.474104248931936198e-05,1.547624449726999287e-04,8.919222674453268062e-04,-4.019654491380802476e-03
6.814999999999999947e-01,0.000000000000000000e+00,1.860927677748617278e-03,1.640607057208097724e-03,1.861415872334972214e-03,1.623621780995897733e-03,1.000000000000000000e+00,1.000000000000000000e+00,5.219690657248383893e-04,1.637888753899150406e-04,3.737922557125527862e-03,-3.464763432250800735e-03,4.361410990510210250e-02,-6.206371839892779046e-03,1.331092994278476882e-01,-1.769690262851970203e-02,5.208716950969652371e-04,1.518389580012460729e-04,4.077807958454945751e-03,-4.387949134205020724e-03,-8.474104248931936198e-05,1.547624449726999287e-04,2.494244722183063846e-04,-2.660065920287148222e-03
6.820000000000000506e-01,0.000000000000000000e+00,1.863388240440770702e-03,1.638682269792135927e-03,1.864737578611333317e-03,1.620198138030265380e-03,1.000000000000000000e+00,1.000000000000000000e+00,5.238539661021083746e-04,1.618640879739533791e-04,3.769800754540017940e-03,-3.849574831923328107e-03,4.610469451702779026e-02,-5.756054507367770225e-03,1.438141708314339684e-01,-1.871201284689309394e-02,5.237412693437246093e-04,1.441344349348120692e-04,4.210675756587400898e-03,-5.391618744294167896e-03,-1.088712798656395149e-04,3.139156063570237875e-04,1.611699059778502969e-03,-2.437264989976670269e-03
6.824999999999999956e-01,0.000000000000000000e+00,1.865993869359397223e-03,1.636581606868799370e-03,1.868055484813012194e-03,1.616769285794553059e-03,1.000000000000000000e+00,1.000000000000000000e+00,5.258499936560521873e-04,1.597634250506168229e-04,3.992055107887639356e-03,-4.201325846673116711e-03,4.457541726110933467e-02,-3.079145585339020455e-03,1.358662367552500305e-01,-8.851503383751999077e-03,5.259045863516663291e-04,1.413451831056857205e-04,4.442062098123336807e-03,-5.764560408211726744e-03,-1.088712798656395149e-04,3.139156063570237875e-04,7.815457160851135409e-04,-1.250811633238248840e-03
6.830000000000000515e-01,0.000000000000000000e+00,1.868665964372442402e-03,1.634391018634145671e-03,1.871369703856213228e-03,1.613335220104898746e-03,1.000000000000000000e+00,1.000000000000000000e+00,5.278969371922813836e-04,1.575728368159629066e-04,4.093887072458334518e-03,-4.381176469307816214e-03,4.334632176623032240e-02,-9.183572783691188422e-04,1.324521081641626408e-01,-2.822254821117320574e-03,5.281535694966450019e-04,1.384123728088734284e-04,4.553569391445022596e-03,-5.966179211419734424e-03,-1.088712798656395149e-04,3.139156063570237875e-04,1.193361380269152526e-04,-2.997805190827515336e-04
6.834999999999999964e-01,0.000000000000000000e+00,1.871341871093419509e-03,1.632179334672469303e-03,1.874680735691686920e-03,1.609896338103169577e-03,1.000000000000000000e+00,1.000000000000000000e+00,5.299468006661905723e-04,1.553611528542866202e-04,4.099726947818422423e-03,-4.423367923352595002e-03,4.237151511659011105e-02,8.044595056196424988e-04,1.297186043548799184e-01,2.005855852229330473e-03,5.304343607616065527e-04,1.354131414195406280e-04,4.569478643808232501e-03,-6.030508333873892471e-03,-1.088712798656395149e-04,3.139156063570237875e-04,-4.010134814020325806e-04,4.520303258831715430e-04
6.840000000000000524e-01,0.000000000000000000e+00,1.873972403300349070e-03,1.630000897785165159e-03,1.877989380714377389e-03,1.606453354559661886e-03,1.000000000000000000e+00,1.000000000000000000e+00,5.319619052457545075e-04,1.531827159669825033e-04,4.030209159127838385e-03,-4.356873774608212464e-03,4.665021460514990476e-02,-9.752875362325452019e-03,1.471310612034620047e-01,-4.043734995041223940e-02,5.310021487507589257e-04,1.387293228601885957e-04,4.317725977132448427e-03,-5.271287196542421595e-03,-5.882007995190341074e-05,1.280660217212072202e-04,1.814966974805238371e-03,-4.030093123745075168e-03
6.844999999999999973e-01,0.000000000000000000e+00,1.876772156351052406e-03,1.627525598113070899e-03,1.881296653173066815e-03,1.603007218175824889e-03,1.000000000000000000e+00,1.000000000000000000e+00,5.341066405123511777e-04,1.507074162948881884e-04,4.289470533193256128e-03,-4.950599344188656714e-03,4.544158983835540344e-02,-7.394393929379757154e-03,1.389215331689662714e-01,-2.252077465525621422e-02,5.332268860102343981e-04,1.359447010476704746e-04,4.580629482731465169e-03,-5.865942386470529915e-03,-5.882007995190341074e-05,1.280660217212072202e-04,1.151927373059251749e-03,-2.963820877155860789e-03
6.850000000000000533e-01,0.000000000000000000e+00,1.879678292161976981e-03,1.624830882680974821e-03,1.884603694580033566e-03,1.599559027886965270e-03,1.000000000000000000e+00,1.000000000000000000e+00,5.363328697012590763e-04,1.480127008627922459e-04,4.452458377815690475e-03,-5.389430864191884461e-03,4.402230659688385894e-02,-4.355812676934299986e-03,1.345273481058457399e-01,-1.292202739327268438e-02,5.355590823436190244e-04,1.329013508926166058e-04,4.747743849966155200e-03,-6.306489448782045572e-03,-5.882007995190341074e-05,1.280660217212072202e-04,3.850996632987462986e-04,-1.616945867530400656e-03
6.854999999999999982e-01,0.000000000000000000e+00,1.882618137120353665e-03,1.622014579409885486e-03,1.887911687120681897e-03,1.596109949164956771e-03,1.000000000000000000e+00,1.000000000000000000e+00,5.385849215952548006e-04,1.451963975917028033e-04,4.504103787991427070e-03,-5.632606542178900805e-03,4.288995985440341441e-02,-1.899418615785690391e-03,1.313685577418866046e-01,-6.080726002025535828e-03,5.379470885837472080e-04,1.296864804717225801e-04,4.804081684141651293e-03,-6.552394182354008209e-03,-5.882007995190341074e-05,1.280660217212072202e-04,-2.214623542163395974e-04,-5.357075105170282410e-04
6.860000000000000542e-01,0.000000000000000000e+00,1.885534234562365099e-03,1.619155196170156017e-03,1.891221767063203758e-03,1.592661130320953237e-03,1.000000000000000000e+00,1.000000000000000000e+00,5.408187818363013053e-04,1.423370143519734157e-04,4.467720482093105565e-03,-5.718766479458799179e-03,4.080471619503336922e-02,-1.397304943144127461e-02,1.242176051229940820e-01,-5.510458794561727547e-02,5.514167137160946820e-04,1.524537465832381962e-04,6.025829520308451613e-03,-3.693086909044778626e-03,-3.844888099592780285e-04,-6.383957831435611114e-04,-1.253467184126697692e-03,-5.428044991828154253e-03
6.864999999999999991e-01,0.000000000000000000e+00,1.888322057784241805e-03,1.615876195890863240e-03,1.894534938168218694e-03,1.589213618808101892e-03,1.000000000000000000e+00,1.000000000000000000e+00,5.429543783238180259e-04,1.390580140726805844e-04,4.271192975033477612e-03,-6.558000558585689449e-03,3.776920491862932605e-02,-2.513201076588532715e-02,1.141050139416969339e-01,-8.849635294099440774e-02,5.543894370353419105e-04,1.504149128293830726e-04,5.865262592125371731e-03,-4.460683464959640243e-03,-3.844888099592780285e-04,-6.383957831435611114e-04,-2.850896273641365108e-03,-1.016600027907732171e-02
6.870000000000000551e-01,0.000000000000000000e+00,1.890830700948564844e-03,1.611834055470547349e-03,1.897851985098423285e-03,1.585768277524247276e-03,1.000000000000000000e+00,1.000000000000000000e+00,5.448761104796159263e-04,1.350158736523647746e-04,3.843464311595715804e-03,-8.084280840631634726e-03,3.698333967227678681e-02,-2.148334003480880869e-02,1.134183921459216426e-01,-6.545659959117935967e-02,5.572241506387586724e-04,1.478209144350070765e-04,5.474242487831363670e-03,-5.912398677703703184e-03,-3.844888099592780285e-04,-6.383957831435611114e-04,-3.241688628063839166e-03,-8.480184646846486082e-03
6.875000000000000000e-01,0.000000000000000000e+00,1.893023753500896848e-03,1.607152146356429293e-03,1.901173386828236035e-03,1.582325701114651239e-03,1.000000000000000000e+00,1.000000000000000000e+00,5.465560862007977101e-04,1.303339645382467450e-04,3.359951442363468248e-03,-9.363818228236054503e-03,3.716567799283037460e-02,-1.569595632186688433e-02,1.145420509060024322e-01,-4.664538285686806174e-02,5.598493080005889676e-04,1.445622211641442250e-04,5.027154204481130637e-03,-7.119911113550713572e-03,-3.844888099592780285e-04,-6.383957831435611114e-04,-3.116339566796343455e-03,-5.892951556586444040e-03
6.880000000000000560e-01,0.000000000000000000e+00,1.894913771751879222e-03,1.602019323599671898e-03,1.904499230168189665e-03,1.578886132379325432e-03,1.000000000000000000e+00,1.000000000000000000e+00,5.480039241793564471e-04,1.252011417814891331e-04,2.895675957117553080e-03,-1.026564551351524975e-02,3.704891875243201266e-02,-1.224877468878187922e-02,1.136877586307004778e-01,-3.858600882723596526e-02,5.682891201401783299e-04,1.349509721580262540e-04,5.281190116133159355e-03,-8.613994374757854774e-03,-5.619039703024261787e-04,-4.665963098743869495e-04,-3.096127244392457827e-03,-4.440699292480848777e-03
6.885000000000000009e-01,0.000000000000000000e+00,1.896498215357450123e-03,1.596549154203914453e-03,1.907829137835347511e-03,1.575449391944580991e-03,1.000000000000000000e+00,1.000000000000000000e+00,5.492176783988392307e-04,1.197309723857318918e-04,2.427508438965477779e-03,-1.094033879151448500e-02,3.718467398167289717e-02,-7.861869494619495163e-03,1.140674191208327082e-01,-2.478164654377872089e-02,5.708253627232046188e-04,1.304875921334068003e-04,4.864491925494779205e-03,-9.238147448710315804e-03,-5.619039703024261787e-04,-4.665963098743869495e-04,-2.998751610965186016e-03,-2.499535887935575105e-03
6.890000000000000568e-01,0.000000000000000000e+00,1.897787259315821592e-03,1.590883293997523559e-03,1.911162278841319279e-03,1.572014882998139067e-03,1.000000000000000000e+00,1.000000000000000000e+00,5.502051433600859635e-04,1.140651121793409437e-04,1.974929922493525412e-03,-1.133172041278190240e-02,3.736302073316956351e-02,-4.318138716214227693e-03,1.144051615890236684e-01,-1.493224823335531463e-02,5.731569185715632269e-04,1.257824917691696665e-04,4.462422562230502349e-03,-9.581410958901817598e-03,-5.619039703024261787e-04,-4.665963098743869495e-04,-2.879665422598792768e-03,-9.429750322875638750e-04
6.895000000000000018e-01,0.000000000000000000e+00,1.898793127667791018e-03,1.585135420358646866e-03,1.914497447039519799e-03,1.568581658177151551e-03,1.000000000000000000e+00,1.000000000000000000e+00,5.509756832216213028e-04,1.083172385404641689e-04,1.541079723070672451e-03,-1.149574727775355687e-02,3.757190981053790124e-02,-1.490127056157732055e-03,1.148350518148287674e-01,-7.044896914777823080e-03,5.752918853100198650e-04,1.209621877849577343e-04,4.078108505562338948e-03,-9.699394165387799013e-03,-5.619039703024261787e-04,-4.665963098743869495e-04,-2.745493693207151729e-03,2.880327621456316763e-04
6.900000000000000577e-01,0.000000000000000000e+00,1.899529464611237565e-03,1.579395528282417525e-03,1.917833147246329143e-03,1.565148493362672694e-03,1.000000000000000000e+00,1.000000000000000000e+00,5.515397500454118258e-04,1.025773464642348555e-04,1.128133647580951884e-03,-1.147978415245862194e-02,4.687554513540818923e-02,1.300136752365271126e-03,1.505708139303674198e-01,1.384243839254064093e-03,5.658115486115163984e-04,1.069306140783477226e-04,2.420795813482094945e-03,-1.067966160571933755e-02,-2.258629750954632091e-04,-1.961636495127681802e-04,2.123887251139093980e-03,1.423431026561105704e-03
6.905000000000000027e-01,0.000000000000000000e+00,1.900465439691739885e-03,1.573751385593912672e-03,1.921167681376430639e-03,1.561713961487083691e-03,1.000000000000000000e+00,1.000000000000000000e+00,5.522567485547283947e-04,9.693320377572992085e-05,1.433997018633079027e-03,-1.128828537700986984e-02,4.926039723474727461e-02,4.324720417619309573e-03,1.520521515994253392e-01,1.083111974324532656e-02,5.671017196936619558e-04,1.016431107857200370e-04,2.739222651436068207e-03,-1.047055698855008966e-02,-2.258629750954632091e-04,-1.961636495127681802e-04,3.354939514841275439e-03,2.714894657451672778e-03
6.910000000000000586e-01,0.000000000000000000e+00,1.901718108257906270e-03,1.568297052390295191e-03,1.924499234578161237e-03,1.558276506341500778e-03,1.000000000000000000e+00,1.000000000000000000e+00,5.532163483489099766e-04,9.147887057211261607e-05,1.919199588363174058e-03,-1.090866640723460457e-02,4.726394083805218749e-02,5.544184792210345679e-03,1.425189751300192098e-01,1.314840071411449429e-02,5.685956935536587041e-04,9.650693456019747310e-05,3.235654252043653877e-03,-1.007472093922476102e-02,-2.258629750954632091e-04,-1.961636495127681802e-04,2.257758657998409132e-03,3.214922620260343786e-03
6.915000000000000036e-01,0.000000000000000000e+00,1.903183621882924628e-03,1.563069054397968165e-03,1.927825961368857116e-03,1.554834516383207625e-03,1.000000000000000000e+00,1.000000000000000000e+00,5.543389969176702996e-04,8.625087257978546814e-05,2.245297137520627529e-03,-1.045599598465429131e-02,4.562533546512914651e-02,6.406874855107097880e-03,1.380316963081736903e-01,1.565246738989107059e-02,5.702981936904985430e-04,9.158679981571291398e-05,3.573626969785087190e-03,-9.606539433340426787e-03,-2.258629750954632091e-04,-1.961636495127681802e-04,1.361864068710039134e-03,3.555421701787530881e-03
6.920000000000000595e-01,0.000000000000000000e+00,1.904777244147355837e-03,1.558092315959438805e-03,1.931146071770202532e-03,1.551386398543062786e-03,1.000000000000000000e+00,1.000000000000000000e+00,5.555597823977686004e-04,8.127413414125604033e-05,2.441570960196616340e-03,-9.953476877058850189e-03,4.638274609074446997e-02,-3.762373796140864885e-03,1.424756865829589769e-01,-2.436176616126599359e-02,5.745909088371642034e-04,9.056486277645635309e-05,4.059834673002532188e-03,-8.675931968986744583e-03,-2.980112267771542283e-04,-3.035425834031952349e-04,1.842715328274824186e-03,-7.174295990656077808e-04
6.925000000000000044e-01,0.000000000000000000e+00,1.906535251570290208e-03,1.553046639097846677e-03,1.934457917443572605e-03,1.547930652032929481e-03,1.000000000000000000e+00,1.000000000000000000e+00,5.569064942150695006e-04,7.622845727966410189e-05,2.693423634601802008e-03,-1.009135372318387645e-02,4.477299032118044197e-02,-1.193309919202244522e-03,1.357103740524263913e-01,-5.762607237566120741e-03,5.766885334638942665e-04,8.619940598706635898e-05,4.330060868272842672e-03,-8.785517838934558607e-03,-2.980112267771542283e-04,-3.035425834031952349e-04,9.663928988073003422e-04,4.016767100101393401e-04
6.930000000000000604e-01,0.000000000000000000e+00,1.908374883445113079e-03,1.548013693732752877e-03,1.937760077825384552e-03,1.544465942153084789e-03,1.000000000000000000e+00,1.000000000000000000e+00,5.583157339901621439e-04,7.119551191457027537e-05,2.818479550185263704e-03,-1.006589073018766302e-02,4.347451612025772516e-02,8.269565532869001300e-04,1.321077680245194841e-01,-9.873553436128305535e-05,5.788895966539506048e-04,8.181971372259651016e-05,4.473830089322808519e-03,-8.733187123648495850e-03,-2.980112267771542283e-04,-3.035425834031952349e-04,2.643891741452556897e-04,1.271898513324100713e-03
6.935000000000000053e-01,0.000000000000000000e+00,1.910229927579501540e-03,1.543057045988858577e-03,1.941051446262438956e-03,1.540991174099646827e-03,1.000000000000000000e+00,1.000000000000000000e+00,5.597367802410507191e-04,6.623886417067594815e-05,2.842092501777117308e-03,-9.913295487788652272e-03,4.244010927915041476e-02,2.385876341732277341e-03,1.292114091331636461e-01,4.296584662989281524e-03,5.811371817102031073e-04,7.749773156525221769e-05,4.516342808794242096e-03,-8.554923647447225041e-03,-2.980112267771542283e-04,-3.035425834031952349e-04,-2.901459243517197405e-04,1.933601535339988771e-03
6.940000000000000613e-01,0.000000000000000000e+00,1.912048169911033553e-03,1.538225094777002705e-03,1.944331316147268835e-03,1.537505566771985455e-03,1.000000000000000000e+00,1.000000000000000000e+00,5.611296346753645104e-04,6.140691295882007576e-05,2.785708868627649864e-03,-9.663902423711748235e-03,4.904026550241612215e-02,-7.262679868773419707e-03,1.556974298746298668e-01,-3.439866186591397645e-02,5.601196679573246327e-04,9.831768660665912935e-05,1.846678715232638992e-03,-5.449238555409845197e-03,3.861284894801348777e-04,-1.039507508473987586e-03,2.981995605918227790e-03,-1.847018758458722444e-03
6.945000000000000062e-01,0.000000000000000000e+00,1.914160504887424874e-03,1.533215371647168000e-03,1.947599464850606954e-03,1.534008724854060354e-03,1.000000000000000000e+00,1.000000000000000000e+00,5.627477771460349682e-04,5.639718982898544590e-05,3.236284941341019752e-03,-1.001944625966925788e-02,5.530717008272061780e-02,-1.608724344488657310e-02,1.746396164368047843e-01,-6.058658833260376769e-02,5.611439972574680697e-04,9.552791483985196685e-05,2.249818495400430097e-03,-5.709239206436326000e-03,3.861284894801348777e-04,-1.039507508473987586e-03,6.261107546021505051e-03,-5.621594878272987914e-03
6.950000000000000622e-01,0.000000000000000000e+00,1.916877249853402281e-03,1.527754699326094737e-03,1.950856192196261888e-03,1.530500675276937408e-03,1.000000000000000000e+00,1.000000000000000000e+00,5.648289245305934334e-04,5.093651750791204039e-05,4.162294769116921603e-03,-1.092134464214681092e-02,5.876641082850747599e-02,-2.091951302720037806e-02,1.832133508012791789e-01,-7.220818139307148831e-02,5.624884615080453067e-04,9.247168370396795537e-05,3.126289109631400723e-03,-6.514010203939479653e-03,3.861284894801348777e-04,-1.039507508473987586e-03,8.019276314257134733e-03,-7.635284214675967102e-03
6.955000000000000071e-01,0.000000000000000000e+00,1.920364379276093963e-03,1.521697907573323376e-03,1.954102259455434663e-03,1.526981825732222353e-03,1.000000000000000000e+00,1.000000000000000000e+00,5.675002206472830758e-04,4.487972575514074668e-05,5.342592233379188545e-03,-1.211358350554258591e-02,5.484674421938076638e-02,-1.537863293262474625e-02,1.656609960364186229e-01,-4.707691424470937525e-02,5.643346634816723750e-04,8.894035371110519056e-05,4.256259147885689889e-03,-7.609054134737963486e-03,3.861284894801348777e-04,-1.039507508473987586e-03,5.859635321365648693e-03,-5.163835768687542738e-03
6.960000000000000631e-01,0.000000000000000000e+00,1.924416161687455282e-03,1.515225795275957970e-03,1.957338794625643370e-03,1.523452896767402316e-03,1.000000000000000000e+00,1.000000000000000000e+00,5.706040660482336688e-04,3.840761345777532791e-05,6.207690801901288510e-03,-1.294422459473084167e-02,6.249038924987616872e-02,-6.969071232801798965e-03,1.991492397484142252e-01,-1.950429623224721881e-02,5.460053592231333503e-04,6.267363156917498388e-05,2.735948887125951023e-03,-1.086659927844135960e-02,9.936938379379676306e-04,-3.844439340313424418e-04,9.572052280215579204e-03,-1.814513400857979426e-03
6.965000000000000080e-01,0.000000000000000000e+00,1.929408524206736690e-03,1.508606766938305191e-03,1.960567196698012778e-03,1.519914853088537559e-03,1.000000000000000000e+00,1.000000000000000000e+00,5.744284376141647235e-04,3.178858512012249394e-05,7.648743131862185615e-03,-1.323805667530566534e-02,6.608837117844558462e-02,3.812779483990777225e-03,2.073585231727921030e-01,1.506347216483325605e-02,5.477076492713060232e-04,5.717378993533258930e-05,4.070560514272227211e-03,-1.113204498370522211e-02,9.936938379379676306e-04,-3.844439340313424418e-04,1.137036698873769049e-02,2.850898071789748339e-03
6.970000000000000639e-01,0.000000000000000000e+00,1.935510225389485165e-03,1.502180268797283788e-03,1.963789039924580641e-03,1.516368834862928932e-03,1.000000000000000000e+00,1.000000000000000000e+00,5.791026118987816027e-04,2.536208697910103421e-05,9.348348569233815714e-03,-1.285299628204291701e-02,6.149033985187046802e-02,7.906974918656824863e-03,1.873274391563854446e-01,2.192550116810076943e-02,5.501420484686709092e-04,5.171014814284440476e-05,5.663856489967593506e-03,-1.072310822579325938e-02,9.936938379379676306e-04,-3.844439340313424418e-04,8.818517808125623386e-03,4.586358951604453671e-03
6.975000000000000089e-01,0.000000000000000000e+00,1.942477309451330191e-03,1.496072755079704475e-03,1.967005978085583848e-03,1.512816089021807447e-03,1.000000000000000000e+00,1.000000000000000000e+00,5.844397079291008311e-04,1.925457326152188299e-05,1.067419206063851753e-02,-1.221502743515830332e-02,5.677469364783618855e-02,8.250972104566803647e-03,1.736388064407792808e-01,2.004078828785730779e-02,5.532804364729291581e-04,4.651382953207556473e-05,6.887206089063151702e-03,-1.006324864443714807e-02,9.936938379379676306e-04,-3.844439340313424418e-04,6.232779654575661826e-03,4.688576679882284874e-03
6.980000000000000648e-01,0.000000000000000000e+00,1.950062666601352912e-03,1.490291960742068291e-03,1.970219648756761470e-03,1.509257900563008240e-03,1.000000000000000000e+00,1.000000000000000000e+00,5.902504286229485033e-04,1.347377892388554367e-05,1.162144138769530093e-02,-1.156158867527268090e-02,5.060643816083282287e-02,1.828156143625299032e-02,1.542092001189648565e-01,5.898355763388468676e-02,5.733490934842814211e-04,1.402780558020410793e-05,9.592598080202723726e-03,-1.251367598262870945e-02,5.110900300789829927e-04,4.278131252026415809e-04,3.016227767872444246e-03,8.516604104045540080e-03
6.985000000000000098e-01,0.000000000000000000e+00,1.957949213535079870e-03,1.485148248873240746e-03,1.973431577576647417e-03,1.505695523853656671e-03,1.000000000000000000e+00,1.000000000000000000e+00,5.962918740769270354e-04,8.330067055058018908e-06,1.208289090795700363e-02,-1.028742373765504682e-02,4.277548706426163166e-02,2.488582433900320134e-02,1.293057326805366614e-01,7.661753510048749383e-02,5.782485472840235034e-04,8.075633013923966014e-06,1.000423421938241401e-02,-1.129714696379411840e-02,5.110900300789829927e-04,4.278131252026415809e-04,-1.156297282137850116e-03,1.127160586575760501e-02
6.990000000000000657e-01,0.000000000000000000e+00,1.965740217549654615e-03,1.480841211389562423e-03,1.976643082513868284e-03,1.502130113932840551e-03,1.000000000000000000e+00,1.000000000000000000e+00,6.022601294086096660e-04,4.023029571379674126e-06,1.193651066336516575e-02,-8.614074967356688886e-03,3.978626352553469442e-02,2.318179485556184569e-02,1.243042726275163795e-01,6.508152287701485239e-02,5.832026552671078310e-04,2.831335380657254703e-06,9.812382300437360455e-03,-9.682973631343266829e-03,5.110900300789829927e-04,4.278131252026415809e-04,-2.724022219753217781e-03,1.042061978999656892e-02
6.995000000000000107e-01,0.000000000000000000e+00,1.973286144039594365e-03,1.477308348256355488e-03,1.979855178134436004e-03,1.498562657814298199e-03,1.000000000000000000e+00,1.000000000000000000e+00,6.080406444644122959e-04,4.901664381728929744e-07,1.156103011160516773e-02,-7.065726266413561822e-03,3.898986864125160434e-02,2.029983277607613767e-02,1.235648355364374062e-01,5.600952140795633499e-02,5.880039748506858807e-04,-1.636795463982877020e-06,9.393526326346136879e-03,-8.192269858703873919e-03,5.110900300789829927e-04,4.278131252026415809e-04,-3.115465395150703812e-03,9.071634377069294486e-03
7.000000000000000666e-01,0.000000000000000000e+00,1.980549087279460420e-03,1.474450982048142221e-03,1.983068479869050035e-03,1.494993905789090884e-03,1.000000000000000000e+00,1.000000000000000000e+00,6.136043817740003412e-04,-2.367199770040479897e-06,1.112747461917606116e-02,-5.714732416426745662e-03,2.710171887315469819e-02,1.739962920038122182e-02,7.784618982172883395e-02,4.778735413521480180e-02,6.045505217603018783e-04,-8.184987128595139203e-06,1.253057161112586942e-02,-7.735075278540696694e-03,-1.660927626018969495e-03,9.316628571895470843e-04,-7.787450118422779843e-03,7.290466573207922754e-03
7.005000000000000115e-01,0.000000000000000000e+00,1.986935909352272305e-03,1.472170936029628882e-03,1.986283108401327123e-03,1.491424302805073859e-03,1.000000000000000000e+00,1.000000000000000000e+00,6.184969713320673593e-04,-4.647245788553697630e-06,9.785179116133939023e-03,-4.560092037026434834e-03,2.463919919578601986e-02,1.415760373944975441e-02,7.772217491445831961e-02,3.816879311916036854e-02,6.105379836347810205e-04,-1.179245414106118770e-05,1.142119956561599321e-02,-6.696668861285325416e-03,-1.660927626018969495e-03,9.316628571895470843e-04,-9.025224840697817011e-03,5.824260253396841211e-03
7.010000000000000675e-01,0.000000000000000000e+00,1.992332699587817668e-03,1.470360425936554239e-03,1.989498612263271033e-03,1.487853931405784449e-03,1.000000000000000000e+00,1.000000000000000000e+00,6.226311525026855106e-04,-6.457755881628389786e-06,8.268362341236238505e-03,-3.621020186149384937e-03,2.606350197447834804e-02,1.288675313365830744e-02,8.455480696403773477e-02,3.640469596233800176e-02,6.159265723452381908e-04,-1.493399953870388977e-05,1.013544341704322206e-02,-5.870994155356447364e-03,-1.660927626018969495e-03,9.316628571895470843e-04,-8.195188446347822370e-03,5.221953229241810962e-03
7.015000000000000124e-01,0.000000000000000000e+00,1.996821716750518064e-03,1.468974476785660926e-03,1.992714000551996413e-03,1.484282524583322273e-03,1.000000000000000000e+00,1.000000000000000000e+00,6.260699391552381008e-04,-7.843705032521776962e-06,6.877573305105136141e-03,-2.771898301786775327e-03,2.739521685752285482e-02,1.172167701489482475e-02,8.777638824285545482e-02,3.332999245220751722e-02,6.207029400486107793e-04,-1.768471220894141834e-05,8.972101436406362124e-03,-5.133182444119423551e-03,-1.660927626018969495e-03,9.316628571895470843e-04,-7.422626327970555972e-03,4.671456561649388502e-03
7.020000000000000684e-01,0.000000000000000000e+00,2.000479727302328058e-03,1.467971894414236023e-03,1.995927872113434191e-03,1.480709539876320490e-03,1.000000000000000000e+00,1.000000000000000000e+00,6.288721378113226214e-04,-8.846287403946735979e-06,5.604397312169022947e-03,-2.005164742849917248e-03,6.855163338271967784e-03,1.929354729429869075e-02,6.196600399956871466e-03,6.406089283756821740e-02,7.000416174243719253e-04,-4.455207217109712487e-05,2.641441253121343258e-02,-1.049852114640812545e-02,-1.046287504020535809e-02,3.798496712240072206e-03,-1.228303430766987218e-02,5.844671917360013541e-03
7.025000000000000133e-01,0.000000000000000000e+00,2.002286907679070183e-03,1.467584994068725415e-03,1.999138556246980031e-03,1.477134240782377282e-03,1.000000000000000000e+00,1.000000000000000000e+00,6.302565182966395931e-04,-9.233187749457138059e-06,2.768760970633908636e-03,-7.738006910208044316e-04,-2.388680998704171242e-03,2.202805516970039040e-02,-1.366662291507330859e-02,6.874655977258808948e-02,7.128568523950963402e-04,-4.960546697001928345e-05,2.484907665647454258e-02,-9.716382852235342163e-03,-1.046287504020535809e-02,3.798496712240072206e-03,-1.715069851185585525e-02,6.987407755288642559e-03
7.030000000000000693e-01,0.000000000000000000e+00,2.001801450910791879e-03,1.467892127754286688e-03,2.002344253438376707e-03,1.473555778188390987e-03,1.000000000000000000e+00,1.000000000000000000e+00,6.298846368369256845e-04,-8.926054063895996415e-06,-7.437629194278808607e-04,6.142673711222821492e-04,-1.175441869721322204e-02,2.472738514756508271e-02,-4.400382883176226501e-02,7.749246573082588241e-02,7.247165439875861287e-04,-5.422721143022038524e-05,2.259361258869139327e-02,-8.772250047214833271e-03,-1.046287504020535809e-02,3.798496712240072206e-03,-2.202508291664279777e-02,8.101129746797230274e-03
7.035000000000000142e-01,0.000000000000000000e+00,1.998580840292329443e-03,1.468969558234511875e-03,2.005543176092573071e-03,1.469973271800899782e-03,1.000000000000000000e+00,1.000000000000000000e+00,6.274175059692025302e-04,-7.848623583670813049e-06,-4.934261735446292957e-03,2.154860960450366569e-03,-2.124166798486426186e-02,2.739777105915992134e-02,-7.506692776834600345e-02,8.622158935984661210e-02,7.352753569426869655e-04,-5.833735089999247416e-05,1.964695080052157247e-02,-7.670288095328074360e-03,-1.046287504020535809e-02,3.798496712240072206e-03,-2.690536290453320045e-02,9.188726749274003444e-03
7.039999999999999591e-01,0.000000000000000000e+00,1.992181926932163390e-03,1.470891669517698438e-03,2.008733689266604255e-03,1.466385891576415731e-03,1.000000000000000000e+00,1.000000000000000000e+00,6.225156539476473612e-04,-5.926512300484159870e-06,-9.803704043110397087e-03,3.844222566373306331e-03,-2.486000398768242747e-03,2.211656881858289903e-02,3.301048392253322708e-03,6.415813457173069612e-02,6.356049333668173287e-04,-4.070030239674725034e-05,-6.231215740251270022e-03,-2.080843871255990719e-03,-1.616826654966104383e-03,2.074819516047245616e-03,-2.204245710491556376e-02,8.025908111633062170e-03
7.045000000000000151e-01,0.000000000000000000e+00,1.983582065971233911e-03,1.473483357475096006e-03,2.011914451402458878e-03,1.462792939151766423e-03,1.000000000000000000e+00,1.000000000000000000e+00,6.159277782469315798e-04,-3.334824343086609679e-06,-1.317575140143161481e-02,5.183375914795100396e-03,6.251792510000819293e-03,1.954815286209872147e-02,1.944391927732618680e-02,5.926756161163997810e-02,6.316970776429516043e-04,-4.146319362115236107e-05,-9.393930173782618492e-03,-9.728394947625272540e-04,-1.616826654966104383e-03,2.074819516047245616e-03,-1.718394446567068912e-02,6.844868343336580133e-03
7.049999999999999600e-01,0.000000000000000000e+00,1.973245594628023243e-03,1.476656266486090158e-03,2.015084555059948844e-03,1.459193929274434001e-03,1.000000000000000000e+00,1.000000000000000000e+00,6.080095818130066936e-04,-1.619153320923941596e-07,-1.583639286784972733e-02,6.345818021988430639e-03,1.508220809354848292e-02,1.690500452450314703e-02,4.487406105746757912e-02,5.169495727995124246e-02,6.263842994491346629e-04,-4.171524099199315559e-05,-1.185221769758736804e-02,-3.715381067356045459e-05,-1.616826654966104383e-03,2.074819516047245616e-03,-1.233017906286895844e-02,5.644467820775485138e-03
7.055000000000000160e-01,0.000000000000000000e+00,1.961636288197986418e-03,1.480320666660961708e-03,2.018243667649586084e-03,1.455588671232887262e-03,1.000000000000000000e+00,1.000000000000000000e+00,5.991163371338114425e-04,3.502484842779066807e-06,-1.778648935839047956e-02,7.328800349742922021e-03,2.400526372214294851e-02,1.418261221689892659e-02,7.096015606653785501e-02,4.380121213008990322e-02,6.200186156308278495e-04,-4.154329545031326773e-05,-1.360687650534173759e-02,7.234554282919815425e-04,-1.616826654966104383e-03,2.074819516047245616e-03,-7.481641518212338304e-03,4.423122792515592899e-03
7.059999999999999609e-01,0.000000000000000000e+00,1.949217314878625394e-03,1.484385338983598311e-03,2.021392172165447157e-03,1.451977350286927414e-03,1.000000000000000000e+00,1.000000000000000000e+00,5.896028516332720926e-04,7.567157165415556579e-06,-1.902697100107875530e-02,8.129344645272979300e-03,3.113520101188216316e-02,2.056238709273478221e-03,9.037805325330247608e-02,-6.252153703718331748e-04,6.108610907889772254e-04,1.221561415469216047e-05,-1.502807800625999973e-02,1.071312403935643920e-02,-1.488895207506279366e-03,-1.183919298961985667e-03,-3.706825890767383863e-03,1.144286569280685527e-03
7.065000000000000169e-01,0.000000000000000000e+00,1.936356712443123348e-03,1.488466157654713424e-03,2.024531307918033506e-03,1.448360609098009542e-03,1.000000000000000000e+00,1.000000000000000000e+00,5.797510586023932148e-04,1.164797583653068999e-05,-1.970358606175785787e-02,8.161637342230266060e-03,3.827100943764304847e-02,-5.408752678276391827e-03,1.116472440758709272e-01,-1.925101417700680884e-02,6.032198075794117627e-04,1.761522643918123817e-05,-1.553578213844545794e-02,1.088478836025875106e-02,-1.488895207506279366e-03,-1.183919298961985667e-03,1.020042230908528059e-04,-2.094974637193199995e-03
7.069999999999999618e-01,0.000000000000000000e+00,1.923418583372301293e-03,1.492329153447516550e-03,2.027663305971669303e-03,1.444739626231883846e-03,1.000000000000000000e+00,1.000000000000000000e+00,5.698398767233339495e-04,1.551097162933387722e-05,-1.982236375811854967e-02,7.725991585606376520e-03,4.555293355140577205e-02,-1.286788704430521894e-02,1.337734807612729893e-01,-4.203454946593989522e-02,5.954629822061969623e-04,2.298365981935800853e-05,-1.549131240047169414e-02,1.058931490752333150e-02,-1.488895207506279366e-03,-1.183919298961985667e-03,3.944411123760274696e-03,-5.294335387356893796e-03
7.075000000000000178e-01,0.000000000000000000e+00,1.910770125689478143e-03,1.495743285464274297e-03,2.030791416890855711e-03,1.441116135122130597e-03,1.000000000000000000e+00,1.000000000000000000e+00,5.601505960013817469e-04,1.892510364609172537e-05,-1.937856144390437407e-02,6.828264033515696850e-03,5.298491034113013420e-02,-2.031532412896000159e-02,1.566548366165844419e-01,-6.497638380187403806e-02,5.878678970416092346e-04,2.808879544344605178e-05,-1.488990675101905560e-02,9.832501357426219266e-03,-1.488895207506279366e-03,-1.183919298961985667e-03,7.821659019448631844e-03,-8.451382861719642162e-03
7.079999999999999627e-01,0.000000000000000000e+00,1.898781752581759057e-03,1.498480615817292944e-03,2.033919705073120032e-03,1.437492313986513722e-03,1.000000000000000000e+00,1.000000000000000000e+00,5.509669694001766236e-04,2.166243399911023000e-05,-1.836725320241025874e-02,5.474660706037007621e-03,6.218162531321552028e-02,-2.630054747402016044e-02,1.865614422116811111e-01,-8.244552053883653919e-02,5.639902149107079354e-04,2.978615533659821461e-05,-1.634231387649822190e-02,8.164524184513044860e-03,-6.760417811307298155e-04,-1.042222233598607672e-03,1.204624691148791123e-02,-1.112586545512628255e-02
7.085000000000000187e-01,0.000000000000000000e+00,1.887907909945618721e-03,1.500361635382489213e-03,2.037052764755387622e-03,1.433870632438998156e-03,1.000000000000000000e+00,1.000000000000000000e+00,5.426371226734109281e-04,2.354345356430655021e-05,-1.665969345353149680e-02,3.762039130392637667e-03,7.052680654994818166e-02,-3.260495559853900799e-02,2.120221837258573772e-01,-1.025568992924140443e-01,5.562623193089889393e-04,3.347132078723485444e-05,-1.457240654611618481e-02,6.579070941602383100e-03,-6.760417811307298155e-04,-1.042222233598607672e-03,1.631932588506443405e-02,-1.372216976810236577e-02
7.089999999999999636e-01,0.000000000000000000e+00,1.878554970602854110e-03,1.501199043290331108e-03,2.040195433709653117e-03,1.430253696824270847e-03,1.000000000000000000e+00,1.000000000000000000e+00,5.354723554630572624e-04,2.438086147214840505e-05,-1.432953442070732109e-02,1.674815815683710317e-03,7.907781631143812051e-02,-3.875453416223686304e-02,2.393380087945747858e-01,-1.219556021206348595e-01,5.495741929817914021e-04,3.627001681417435096e-05,-1.218447379751078780e-02,4.619405209119716374e-03,-6.760417811307298155e-04,-1.042222233598607672e-03,2.065036735946378446e-02,-1.622058521534741962e-02
7.095000000000000195e-01,0.000000000000000000e+00,1.871134721841648729e-03,1.500812674113557316e-03,2.043352506938672479e-03,1.426644095552256127e-03,1.000000000000000000e+00,1.000000000000000000e+00,5.297881151329754228e-04,2.399449229537458517e-05,-1.136848066016376765e-02,-7.727383535476414940e-04,8.786895859261713293e-02,-4.466186213715056530e-02,2.677438950961481545e-01,-1.407006252062846241e-01,5.442369289632574721e-04,3.799868459669163682e-05,-9.170222159620548125e-03,2.299696160441909269e-03,-6.760417811307298155e-04,-1.042222233598607672e-03,2.505633864592065468e-02,-1.858435699428835283e-02
7.099999999999999645e-01,0.000000000000000000e+00,1.866065974427727394e-03,1.499032167672989611e-03,2.046528450371632064e-03,1.423044244432631732e-03,1.000000000000000000e+00,1.000000000000000000e+00,5.259052293429672658e-04,2.221398585480701231e-05,-7.765771580016313062e-03,-3.561012881135145001e-03,8.225622269325602587e-02,-3.841614895279781006e-02,2.403438779581390239e-01,-1.126006977288248889e-01,5.263708543541351439e-04,4.198627052111450947e-05,-7.525288941883921320e-03,1.346874939880116084e-04,-1.031407316864597034e-04,-1.183639821135290841e-03,2.104040143215631098e-02,-1.560572504402952740e-02
7.105000000000000204e-01,0.000000000000000000e+00,1.863040757799919005e-03,1.496069146928920030e-03,2.049727114559838498e-03,1.419456232009344392e-03,1.000000000000000000e+00,1.000000000000000000e+00,5.235877789560034867e-04,1.925096511073734373e-05,-4.634900773927603385e-03,-5.926041488139335324e-03,7.596243177470499153e-02,-3.129267794781317308e-02,2.223457158532686773e-01,-9.128440084510953956e-02,5.233909767886041993e-04,4.149567183196450605e-05,-4.400165159307673976e-03,-2.092746970484132656e-03,-1.031407316864597034e-04,-1.183639821135290841e-03,1.702446421839196727e-02,-1.262709309377070196e-02
7.109999999999999654e-01,0.000000000000000000e+00,1.861720329415772956e-03,1.492160342555701657e-03,2.052951448372393808e-03,1.415881664895131484e-03,1.000000000000000000e+00,1.000000000000000000e+00,5.225762721297918644e-04,1.534216073751894026e-05,-2.023013652423296099e-03,-7.817608746436808392e-03,6.889664252226540553e-02,-2.349870191259618990e-02,2.016566886214841148e-01,-6.790977579517404328e-02,5.218444424532783744e-04,4.000874562553342336e-05,-1.790970324257718134e-03,-3.851493235088629657e-03,-1.031407316864597034e-04,-1.183639821135290841e-03,1.300852700462762530e-02,-9.648461143511874796e-03
7.115000000000000213e-01,0.000000000000000000e+00,1.861731014642614528e-03,1.487560796452483793e-03,2.056203212691878803e-03,1.412321513106030556e-03,1.000000000000000000e+00,1.000000000000000000e+00,5.225844574884374151e-04,1.074261463430103191e-05,1.637071729115738630e-05,-9.199092206435818819e-03,6.118120487963306375e-02,-1.571599911769569827e-02,1.788013331457503075e-01,-4.493194410718989729e-02,5.214599477632827270e-04,3.776896840467000024e-05,2.490525558470726205e-04,-5.105101528508797400e-03,-1.031407316864597034e-04,-1.183639821135290841e-03,8.992589790863283333e-03,-6.669829193253048495e-03
7.119999999999999662e-01,0.000000000000000000e+00,1.862670785130648293e-03,1.482522310879858538e-03,2.059482694110031670e-03,1.408775955395902280e-03,1.000000000000000000e+00,1.000000000000000000e+00,5.233043634486028543e-04,5.704129061675978468e-06,1.439811920330956018e-03,-1.007697114525010589e-02,5.349709360240718914e-02,-7.311080167492847032e-03,1.562969378760225292e-01,-1.931142762753084233e-02,5.150179606204459198e-04,2.042745736840895684e-05,7.759087425078666726e-04,-7.759286673888497743e-03,1.384528402978215951e-04,-6.742274504201138663e-04,4.976652577098941363e-03,-3.691197242994222194e-03
7.125000000000000222e-01,0.000000000000000000e+00,1.864143751419827149e-03,1.477313257338067586e-03,2.062788418623431787e-03,1.405244224590942569e-03,1.000000000000000000e+00,1.000000000000000000e+00,5.244327210893298718e-04,4.950755198848253946e-07,2.256715281453942033e-03,-1.041810708358230537e-02,4.542003428388541320e-02,5.107132836239440879e-04,1.319194109541022564e-01,3.744103173354834321e-03,5.156067212037042293e-04,1.647979544501410612e-05,1.577557755132231966e-03,-8.030685866616744592e-03,1.384528402978215951e-04,-6.742274504201138663e-04,9.607153633346002600e-04,-7.125652927353958929e-04
7.129999999999999671e-01,0.000000000000000000e+00,1.865738879981910505e-03,1.472180680437926289e-03,2.066116865787201266e-03,1.401724453170146399e-03,1.000000000000000000e+00,1.000000000000000000e+00,5.256546604603741816e-04,-4.637501380256394747e-06,2.443878742088601529e-03,-1.026515380028244009e-02,4.299600749112515718e-02,3.115799966422052453e-03,1.294992204595053487e-01,7.250000798351328990e-03,5.164395483316218003e-04,1.251920708162222203e-05,1.753378544946873965e-03,-7.811941836792959774e-03,1.384528402978215951e-04,-6.742274504201138663e-04,0.000000000000000000e+00,0.000000000000000000e+00
7.135000000000000231e-01,0.000000000000000000e+00,1.867333123965726240e-03,1.467205694973504381e-03,2.069462240278103181e-03,1.398213549672608141e-03,1.000000000000000000e+00,1.000000000000000000e+00,5.268759222051519779e-04,-9.612486844678275189e-06,2.442523489555582534e-03,-9.949970928843763010e-03,4.234444525813474414e-02,4.074195381174896408e-03,1.290373538599683123e-01,8.883774521051521905e-03,5.173133919233820254e-04,8.708132255614482075e-06,1.741984879727291905e-03,-7.432947929550736375e-03,1.384528402978215951e-04,-6.742274504201138663e-04,0.000000000000000000e+00,0.000000000000000000e+00
7.139999999999999680e-01,0.000000000000000000e+00,1.868893669169512280e-03,1.462416987226438855e-03,2.072816566879963004e-03,1.394707248771365942e-03,1.000000000000000000e+00,1.000000000000000000e+00,5.280713691867483040e-04,-1.440119459174375659e-05,2.390893963192683002e-03,-9.577415494130960688e-03,4.263003598316434523e-02,5.678452888933010166e-03,1.306754384855158269e-01,1.445624644216395721e-02,5.103507002379357961e-04,-5.140004667526358142e-06,7.274058522914642706e-04,-8.246708813589395670e-03,3.838758931988413801e-04,-3.527693541442541341e-04,0.000000000000000000e+00,0.000000000000000000e+00
7.145000000000000240e-01,0.000000000000000000e+00,1.870435038821631826e-03,1.457863075263118435e-03,2.076170052233576417e-03,1.391200304590481298e-03,1.000000000000000000e+00,1.000000000000000000e+00,5.292521268435468633e-04,-1.895510655506414682e-05,2.361515313597183606e-03,-9.107823926640780735e-03,4.263853679256696116e-02,5.825860538356496948e-03,1.304491403943085215e-01,1.386119382694649474e-02,5.106990027751240812e-04,-9.137945612152988624e-06,6.659103114572860948e-04,-7.745874490628338119e-03,3.838758931988413801e-04,-3.527693541442541341e-04,0.000000000000000000e+00,0.000000000000000000e+00
7.149999999999999689e-01,0.000000000000000000e+00,1.871957707042085951e-03,1.453546352422928085e-03,2.079511476082585714e-03,1.387686699860438220e-03,1.000000000000000000e+00,1.000000000000000000e+00,5.304185583725395600e-04,-2.327182939525455766e-05,2.332863057985327167e-03,-8.633445680380819401e-03,4.264100586082111843e-02,5.911179601370957284e-03,1.304363413462286958e-01,1.427072376426399142e-02,5.110168790232863306e-04,-1.288440394344237593e-05,6.056993565059814360e-04,-7.240796088911745018e-03,3.838758931988413801e-04,-3.527693541442541341e-04,0.000000000000000000e+00,0.000000000000000000e+00
7.155000000000000249e-01,0.000000000000000000e+00,1.873461842363425634e-03,1.449467216741989447e-03,2.082828582573598847e-03,1.384159855102655391e-03,1.000000000000000000e+00,1.000000000000000000e+00,5.315707928771507430e-04,-2.735096507619317889e-05,2.304469009222371960e-03,-8.158271361877243374e-03,4.264503438985799144e-02,5.997511654464507402e-03,1.304348841313760499e-01,1.473753274054385130e-02,5.113048539626879668e-04,-1.637825068448233253e-05,5.463046245759954752e-04,-6.735438217603950325e-03,3.838758931988413801e-04,-3.527693541442541341e-04,0.000000000000000000e+00,0.000000000000000000e+00
7.159999999999999698e-01,0.000000000000000000e+00,1.874947691589761442e-03,1.445626066353419706e-03,2.086108471556305868e-03,1.380612837814014591e-03,1.000000000000000000e+00,1.000000000000000000e+00,5.327090194202979689e-04,-3.119211546476299721e-05,2.276453086294553865e-03,-7.682300777139633441e-03,4.122070272930615509e-02,5.809859856108071270e-03,1.248850295540639282e-01,1.413975920328095978e-02,5.362518735931300854e-04,-2.157838452654116165e-05,3.363019039267849033e-03,-6.457944075068612969e-03,-3.410220542982946089e-04,-2.952485273350382829e-04,0.000000000000000000e+00,0.000000000000000000e+00
7.165000000000000258e-01,0.000000000000000000e+00,1.876343938837547569e-03,1.442014704395562421e-03,2.089337989883607079e-03,1.377038571651374808e-03,1.000000000000000000e+00,1.000000000000000000e+00,5.337786068656847098e-04,-3.480347742262026889e-05,2.139174890773378867e-03,-7.222723915714541858e-03,4.028068350289512600e-02,5.541318589429556317e-03,1.223777129432196548e-01,1.345467714657592670e-02,5.379081621868988129e-04,-2.468624792576638711e-05,3.262267997782439255e-03,-5.974329312889937495e-03,-3.410220542982946089e-04,-2.952485273350382829e-04,0.000000000000000000e+00,0.000000000000000000e+00
7.169999999999999707e-01,0.000000000000000000e+00,1.877604372043500123e-03,1.438622475061524485e-03,2.092504122711719497e-03,1.373430045616095673e-03,1.000000000000000000e+00,1.000000000000000000e+00,5.347441547190272780e-04,-3.819570675665809675e-05,1.931095706685182455e-03,-6.784458668075650511e-03,3.947882571062865525e-02,5.305948874773008805e-03,1.199561400737606948e-01,1.295830877976437284e-02,5.394963056338254173e-04,-2.755771379978056817e-05,3.090578504979810213e-03,-5.512321034753642386e-03,-3.410220542982946089e-04,-2.952485273350382829e-04,0.000000000000000000e+00,0.000000000000000000e+00
7.175000000000000266e-01,0.000000000000000000e+00,1.878690253880407500e-03,1.435439858384797212e-03,2.095594384800306305e-03,1.369780523238552442e-03,1.000000000000000000e+00,1.000000000000000000e+00,5.355759884660740147e-04,-4.137832343338543692e-05,1.663667494093415888e-03,-6.365233353454674906e-03,3.943869474463589098e-02,5.371337537621184016e-03,1.203435702806291557e-01,1.359347805429204914e-02,5.409836856461444415e-04,-3.020301958809988195e-05,2.859333485135181954e-03,-5.069660022097034410e-03,-3.410220542982946089e-04,-2.952485273350382829e-04,0.000000000000000000e+00,0.000000000000000000e+00
7.179999999999999716e-01,0.000000000000000000e+00,1.879601480315885214e-03,1.432466821556041808e-03,2.098597211812587224e-03,1.366083751762661811e-03,1.000000000000000000e+00,1.000000000000000000e+00,5.362740284133947878e-04,-4.435136026214091612e-05,1.396079894641603361e-03,-5.946073657510961979e-03,3.948118609058545031e-02,5.715140028126283051e-03,1.204015373386143478e-01,1.505313835028032621e-02,5.447299715970653705e-04,-3.927138305075705170e-05,2.896302173767636469e-03,-5.379915503710281689e-03,-4.085343773448924225e-04,-1.063536767273024267e-04,0.000000000000000000e+00,0.000000000000000000e+00
7.185000000000000275e-01,0.000000000000000000e+00,1.880342107766579205e-03,1.429712010230561057e-03,2.101502351615461457e-03,1.362334171330394951e-03,1.000000000000000000e+00,1.000000000000000000e+00,5.368413819564201925e-04,-4.710617158762154524e-05,1.134707086050857835e-03,-5.509622650961252394e-03,3.944166073634916558e-02,5.778059747014594599e-03,1.200737300354455667e-01,1.519171100024606889e-02,5.461229711411144791e-04,-4.185067674500833357e-05,2.676070166888850407e-03,-4.938018191468624557e-03,-4.085343773448924225e-04,-1.063536767273024267e-04,0.000000000000000000e+00,0.000000000000000000e+00
7.189999999999999725e-01,0.000000000000000000e+00,1.880912055725952924e-03,1.427175165781440803e-03,2.104301255579395149e-03,1.358527124166182543e-03,1.000000000000000000e+00,1.000000000000000000e+00,5.372779874235655059e-04,-4.964301603674174408e-05,8.732109342905326581e-04,-5.073688898240392466e-03,3.939967716512653845e-02,5.840285782205450332e-03,1.198063251180228744e-01,1.556714564180810417e-02,5.474056602867140254e-04,-4.420918044019179658e-05,2.455066244636953596e-03,-4.496762607582536000e-03,-4.085343773448924225e-04,-1.063536767273024267e-04,0.000000000000000000e+00,0.000000000000000000e+00
7.195000000000000284e-01,0.000000000000000000e+00,1.881311140815413677e-03,1.424855986196563043e-03,2.106987460301545413e-03,1.354659058728603389e-03,1.000000000000000000e+00,1.000000000000000000e+00,5.375837043386785330e-04,-5.196219562161966685e-05,6.114338302260005631e-04,-4.638359169755842948e-03,3.935481862716683210e-02,5.901506599578959338e-03,1.195297049176427401e-01,1.593900875650548429e-02,5.485776145578521610e-04,-4.634723640197081589e-05,2.233136647736105786e-03,-4.056234179502667646e-03,-4.085343773448924225e-04,-1.063536767273024267e-04,0.000000000000000000e+00,0.000000000000000000e+00
7.199999999999999734e-01,0.000000000000000000e+00,1.881539057121820943e-03,1.422754116880303645e-03,2.109556801372347665e-03,1.350727645598950519e-03,1.000000000000000000e+00,1.000000000000000000e+00,5.377582983586980418e-04,-5.406406493787903111e-05,3.491880400389586986e-04,-4.203738632518731234e-03,3.967640144729779605e-02,6.261211602249164634e-03,1.206784252136022806e-01,1.747063617275293468e-02,5.484748641486631836e-04,-5.099048922532533533e-05,1.879987356736624680e-03,-3.921303067999411772e-03,-3.756701476713542433e-04,-2.937351938958685576e-05,0.000000000000000000e+00,0.000000000000000000e+00
7.205000000000000293e-01,0.000000000000000000e+00,1.881613880675181080e-03,1.420878511867398712e-03,2.112007297541400319e-03,1.346731720160724340e-03,1.000000000000000000e+00,1.000000000000000000e+00,5.378156165259640430e-04,-5.593966995078401833e-05,1.146363345319672232e-04,-3.751210025809978768e-03,3.963060971506586483e-02,6.324404152928300715e-03,1.201021963421316091e-01,1.760360755465523869e-02,5.493649893971476461e-04,-5.283833814698821169e-05,1.680865893656646216e-03,-3.470895671061460623e-03,-3.756701476713542433e-04,-2.937351938958685576e-05,0.000000000000000000e+00,0.000000000000000000e+00
7.209999999999999742e-01,0.000000000000000000e+00,1.881535088941580815e-03,1.419228727906430903e-03,2.114338935141675362e-03,1.342671172863718274e-03,1.000000000000000000e+00,1.000000000000000000e+00,5.377552585562758941e-04,-5.758945391175175274e-05,-1.207159393762697491e-04,-3.299567921935461778e-03,3.958038560171293907e-02,6.385795900352472798e-03,1.198219439080005499e-01,1.798232488707932758e-02,5.501552068016129235e-04,-5.446120380508977422e-05,1.480362434536573648e-03,-3.021376794084989700e-03,-3.756701476713542433e-04,-2.937351938958685576e-05,0.000000000000000000e+00,0.000000000000000000e+00
7.215000000000000302e-01,0.000000000000000000e+00,1.881301960813230997e-03,1.417804245014032656e-03,2.116553450059450829e-03,1.338546838198335746e-03,1.000000000000000000e+00,1.000000000000000000e+00,5.375766720490187615e-04,-5.901393680415000631e-05,-3.571730145143711135e-04,-2.848965784796511809e-03,3.952440424653499984e-02,6.444495644380249418e-03,1.195225326041803315e-01,1.835167740876190307e-02,5.508447502938464612e-04,-5.585956861543325038e-05,1.278177308315162379e-03,-2.572898746954494897e-03,-3.756701476713542433e-04,-2.937351938958685576e-05,0.000000000000000000e+00,0.000000000000000000e+00
7.219999999999999751e-01,0.000000000000000000e+00,1.880913512622726935e-03,1.416604439571546390e-03,2.118654109704239379e-03,1.334360383669922368e-03,1.000000000000000000e+00,1.000000000000000000e+00,5.372791034712434992e-04,-6.021374224663636075e-05,-5.951371555504539508e-04,-2.399610884972711803e-03,4.061385320741919130e-02,7.169157813142052610e-03,1.236757024231390917e-01,2.130916343613834321e-02,5.426487518502209288e-04,-6.911831752034307828e-05,9.331283455899369312e-05,-3.474708965831168478e-03,-1.254795734393824409e-04,3.148211621898938531e-04,0.000000000000000000e+00,0.000000000000000000e+00
7.225000000000000311e-01,0.000000000000000000e+00,1.880426176646840964e-03,1.415649484441675087e-03,2.120645494978720767e-03,1.330114198773082058e-03,1.000000000000000000e+00,1.000000000000000000e+00,5.369057824549840078e-04,-6.116869737650755567e-05,-7.466420325190749416e-04,-1.909910259742394166e-03,4.154885938750649960e-02,7.497478804951157073e-03,1.262969196925672333e-01,2.217624073381475186e-02,5.426599230601157793e-04,-7.074146782207315970e-05,-4.835386885368957296e-05,-3.018714612464476737e-03,-1.254795734393824409e-04,3.148211621898938531e-04,0.000000000000000000e+00,0.000000000000000000e+00
7.229999999999999760e-01,0.000000000000000000e+00,1.879888002487834072e-03,1.414946902488570246e-03,2.122533282248673884e-03,1.325811283966011819e-03,1.000000000000000000e+00,1.000000000000000000e+00,5.364935171310466176e-04,-6.187127932961243690e-05,-8.245306478748709068e-04,-1.405163906209773959e-03,4.250143795737392621e-02,7.787509105188657015e-03,1.291571006047427805e-01,2.323942144326875126e-02,5.426185448190170776e-04,-7.213274304854584923e-05,-1.170244491060375115e-04,-2.547247413699470827e-03,-1.254795734393824409e-04,3.148211621898938531e-04,0.000000000000000000e+00,0.000000000000000000e+00
7.235000000000000320e-01,0.000000000000000000e+00,1.879347367184883589e-03,1.414502903710901458e-03,2.124324025312905768e-03,1.321455139644814834e-03,1.000000000000000000e+00,1.000000000000000000e+00,5.360793664614674691e-04,-6.231527810728115715e-05,-8.283013391581899596e-04,-8.879975553374447198e-04,4.288990920438046084e-02,7.939248871783322059e-03,1.298506211379858166e-01,2.380355740319418587e-02,5.425612419945818150e-04,-7.328506089180789962e-05,-1.121940443856919164e-04,-2.062919034790659800e-03,-1.254795734393824409e-04,3.148211621898938531e-04,0.000000000000000000e+00,0.000000000000000000e+00
7.239999999999999769e-01,0.000000000000000000e+00,1.878823823342711669e-03,1.414319274301641116e-03,2.126024937373187113e-03,1.317049655117837840e-03,1.000000000000000000e+00,1.000000000000000000e+00,5.356783086104424749e-04,-6.249890751654163469e-05,-8.021157020499918716e-04,-3.672588185209676656e-04,4.411987306737008563e-02,7.816561093438784136e-03,1.343095891492449845e-01,2.342149951153825113e-02,5.266487506859466759e-04,-8.130934544907618140e-05,-1.855814836911426347e-03,-2.371949277350025257e-03,3.323880753286825038e-04,5.201658616902428726e-04,0.000000000000000000e+00,0.000000000000000000e+00
7.245000000000000329e-01,0.000000000000000000e+00,1.878378853668460566e-03,1.414389172913356214e-03,2.127643673004178670e-03,1.312598997579983353e-03,1.000000000000000000e+00,1.000000000000000000e+00,5.353374420641260692e-04,-6.242900890482652363e-05,-6.817330926328391298e-04,1.397972234302215797e-04,4.502095958968747869e-02,7.411798207771152537e-03,1.368227058741515734e-01,2.217234111076626588e-02,5.257423696235004763e-04,-8.238098581269703879e-05,-1.769841774828689136e-03,-1.915456356663676083e-03,3.323880753286825038e-04,5.201658616902428726e-04,0.000000000000000000e+00,0.000000000000000000e+00
7.249999999999999778e-01,0.000000000000000000e+00,1.878056740050469599e-03,1.414696992728967833e-03,2.129188110123365462e-03,1.308107501087044230e-03,1.000000000000000000e+00,1.000000000000000000e+00,5.350906887170109403e-04,-6.212118908921489106e-05,-4.935066942303373890e-04,6.156396312232701243e-04,4.590537045293984625e-02,6.932218032108980812e-03,1.395876378717335609e-01,2.085999005722950772e-02,5.248960010933379416e-04,-8.323194631833234671e-05,-1.615898700721799539e-03,-1.489179626452559729e-03,3.323880753286825038e-04,5.201658616902428726e-04,0.000000000000000000e+00,0.000000000000000000e+00
7.255000000000000338e-01,0.000000000000000000e+00,1.877900400080225081e-03,1.415224943012760844e-03,2.130666132188943195e-03,1.303579555626911473e-03,1.000000000000000000e+00,1.000000000000000000e+00,5.349709253515678954e-04,-6.159323880542174462e-05,-2.395267308859863869e-04,1.055900567586285288e-03,4.657183201088412050e-02,6.090790267619744514e-03,1.415550886294776600e-01,1.819091191582880920e-02,5.241431104896557541e-04,-8.387842442025538196e-05,-1.396061303872567824e-03,-1.097467483607845367e-03,3.323880753286825038e-04,5.201658616902428726e-04,0.000000000000000000e+00,0.000000000000000000e+00
7.259999999999999787e-01,0.000000000000000000e+00,1.877941314093626267e-03,1.415944105369707677e-03,2.132085431008780025e-03,1.299019504951423988e-03,1.000000000000000000e+00,1.000000000000000000e+00,5.350022673041795757e-04,-6.087407644847493790e-05,6.268390522327601296e-05,1.438324713893608230e-03,4.680175255541185741e-02,4.314735729184519288e-03,1.420386876836305379e-01,1.217608192835113040e-02,5.190904636672219593e-04,-6.361478228148942826e-05,-1.625963028983466035e-03,1.573062704913868451e-03,4.614876581393462522e-04,-8.502318482419487795e-05,0.000000000000000000e+00,0.000000000000000000e+00
7.265000000000000346e-01,0.000000000000000000e+00,1.878188702988762074e-03,1.416796664161927392e-03,2.133453410824558399e-03,1.294431587454649563e-03,1.000000000000000000e+00,1.000000000000000000e+00,5.351917781925877001e-04,-6.002151765625526360e-05,3.790217768162608414e-04,1.705117584439347096e-03,4.684212854036370888e-02,3.170580317857040267e-03,1.421662783941109454e-01,9.363457793822601780e-03,5.183453596689528492e-04,-6.275898379644674391e-05,-1.354950025902865087e-03,1.849563039866992768e-03,4.614876581393462522e-04,-8.502318482419487795e-05,0.000000000000000000e+00,0.000000000000000000e+00
7.269999999999999796e-01,0.000000000000000000e+00,1.878642160714316884e-03,1.417745210954350762e-03,2.134777166596410307e-03,1.289819908589700213e-03,1.000000000000000000e+00,1.000000000000000000e+00,5.355391469634382959e-04,-5.907297086383188708e-05,6.947375417011750860e-04,1.897093584846750976e-03,4.678899807118946930e-02,2.017688116441236981e-03,1.420921999343151554e-01,5.945299245211753056e-03,5.177357887173380385e-04,-6.178359779653735690e-05,-1.083836159724332849e-03,2.051552645944373400e-03,4.614876581393462522e-04,-8.502318482419487795e-05,0.000000000000000000e+00,0.000000000000000000e+00
7.275000000000000355e-01,0.000000000000000000e+00,1.879296577836254241e-03,1.418752488342366449e-03,2.136063469312406322e-03,1.285188416271400638e-03,1.000000000000000000e+00,1.000000000000000000e+00,5.360404595631802598e-04,-5.806569347581622099e-05,1.002625199483972570e-03,2.014554776031330773e-03,4.664720274183610516e-02,8.659029344657697292e-04,1.417494659985976679e-01,2.506851668915068346e-03,5.172600058892158365e-04,-6.072580594069696379e-05,-8.197888928959530357e-04,2.179327177300963408e-03,4.614876581393462522e-04,-8.502318482419487795e-05,0.000000000000000000e+00,0.000000000000000000e+00
7.279999999999999805e-01,0.000000000000000000e+00,1.880142439374981288e-03,1.419781700088557390e-03,2.137318751304718122e-03,1.280540876281812453e-03,1.000000000000000000e+00,1.000000000000000000e+00,5.366884270945703308e-04,-5.703648172962522578e-05,1.295935062780230896e-03,2.058423492381995616e-03,4.586993050998288551e-02,-6.574712489916653604e-04,1.390067467627691400e-01,-2.407316287105552063e-03,5.296270142583530327e-04,-4.204211073506673420e-05,8.690653510784199448e-04,4.222982840601375090e-03,8.756402955308302072e-05,-6.020599517563567267e-04,0.000000000000000000e+00,0.000000000000000000e+00
7.285000000000000364e-01,0.000000000000000000e+00,1.881138481427802218e-03,1.420784861291774252e-03,2.138549091565777101e-03,1.275880847675737832e-03,1.000000000000000000e+00,1.000000000000000000e+00,5.374514395742465648e-04,-5.603332052640845146e-05,1.526024959352555469e-03,2.006322406433551364e-03,4.532168449578059116e-02,-1.605472616533362923e-03,1.376625824949403998e-01,-4.810994586166023566e-03,5.301173036917194298e-04,-3.992895610776279401e-05,1.091642502288148013e-03,4.229543097360485664e-03,8.756402955308302072e-05,-6.020599517563567267e-04,0.000000000000000000e+00,0.000000000000000000e+00
7.289999999999999813e-01,0.000000000000000000e+00,1.882255377259701339e-03,1.421732531285816977e-03,2.139760201064449044e-03,1.271211658186249165e-03,1.000000000000000000e+00,1.000000000000000000e+00,5.383070314198155557e-04,-5.508565053236572664e-05,1.711183691138088835e-03,1.895339988085446804e-03,4.473781314853663565e-02,-2.536933177148207891e-03,1.359608227739608766e-01,-7.666930036399127388e-03,5.307077274845459647e-04,-3.782741726235888349e-05,1.269685311768148622e-03,4.176635400118316674e-03,8.756402955308302072e-05,-6.020599517563567267e-04,0.000000000000000000e+00,0.000000000000000000e+00
7.295000000000000373e-01,0.000000000000000000e+00,1.883462342587502881e-03,1.422596135013044945e-03,2.140957408062190998e-03,1.266536379630192263e-03,1.000000000000000000e+00,1.000000000000000000e+00,5.392316205022151896e-04,-5.422204680513779924e-05,1.849178164799369396e-03,1.727207454455852425e-03,4.411900788970991860e-02,-3.450538808050210033e-03,1.341288960778236339e-01,-1.049222177158001465e-02,5.313754611992910519e-04,-3.576679726691583272e-05,1.400969885242297173e-03,4.065981155951732193e-03,8.756402955308302072e-05,-6.020599517563567267e-04,0.000000000000000000e+00,0.000000000000000000e+00
7.299999999999999822e-01,0.000000000000000000e+00,1.884727190658905434e-03,1.423347997271774213e-03,2.142145643429216404e-03,1.261857803313711900e-03,0.000000000000000000e+00,1.000000000000000000e+00,5.402005503387027896e-04,-5.347018454640851102e-05,1.937859672975110427e-03,1.503724517458576541e-03,4.318210606534737123e-02,-4.026756075952800731e-03,1.310653698690476820e-01,-1.204625828649909941e-02,5.388531195937553081e-04,-3.715804521547933599e-05,2.249571254123374376e-03,3.515779500253237398e-03,-1.117500650048731129e-04,-5.022772735256792950e-04,0.000000000000000000e+00,0.000000000000000000e+00
7.305000000000000382e-01,0.000000000000000000e+00,1.886002165553119078e-03,1.423971322430223800e-03,2.143329425960662817e-03,1.257178415437759569e-03,0.000000000000000000e+00,1.000000000000000000e+00,5.411772377715315212e-04,-5.284685938795881486e-05,1.953374865657526039e-03,1.246650316899397320e-03,4.235514928666279932e-02,-4.674944438052131349e-03,1.286617401322695531e-01,-1.418226773166560324e-02,5.399849662112224391e-04,-3.545277492947388745e-05,2.277717894651192388e-03,3.305644439549191259e-03,-1.117500650048731129e-04,-5.022772735256792950e-04,0.000000000000000000e+00,0.000000000000000000e+00
7.309999999999999831e-01,0.000000000000000000e+00,1.887245573829922449e-03,1.424447275265597335e-03,2.144512847692751391e-03,1.252500372503616202e-03,0.000000000000000000e+00,1.000000000000000000e+00,5.421297437725048751e-04,-5.237090655258528742e-05,1.905012001946720110e-03,9.519056707470560565e-04,4.149608542736864247e-02,-5.282554236922665583e-03,1.260058276514907094e-01,-1.611544587244351928e-02,5.411149328993510683e-04,-3.386214833657961423e-05,2.242175037261043107e-03,3.057283142238981059e-03,-1.117500650048731129e-04,-5.022772735256792950e-04,0.000000000000000000e+00,0.000000000000000000e+00
7.315000000000000391e-01,0.000000000000000000e+00,1.888414601847072114e-03,1.424758524563055464e-03,2.145699559218977159e-03,1.247825476718569717e-03,0.000000000000000000e+00,1.000000000000000000e+00,5.430252711888927794e-04,-5.205965725512718567e-05,1.791054832775796279e-03,6.224985949161970095e-04,4.060465508372596011e-02,-5.843425293999508080e-03,1.232169829035211633e-01,-1.791665418841277210e-02,5.422107463038302591e-04,-3.240452934304066326e-05,2.141232793919187194e-03,2.773687352580142106e-03,-1.117500650048731129e-04,-5.022772735256792950e-04,0.000000000000000000e+00,0.000000000000000000e+00
7.319999999999999840e-01,0.000000000000000000e+00,1.889465320643463932e-03,1.424889420128939380e-03,2.146892755154692755e-03,1.243155152615644425e-03,0.000000000000000000e+00,1.000000000000000000e+00,5.438301684841492963e-04,-5.192876168924335020e-05,1.609794590512929032e-03,2.617911317676742877e-04,3.958026796696952065e-02,-5.022976414253198761e-03,1.199038664164596424e-01,-1.440664542649461310e-02,5.490470987385137744e-04,-4.270212033011526221e-05,2.632158027310647994e-03,1.141421236684486348e-03,-2.830948396650819409e-04,-1.598890907681440319e-04,0.000000000000000000e+00,0.000000000000000000e+00
7.325000000000000400e-01,0.000000000000000000e+00,1.890347664241180843e-03,1.424867687446841657e-03,2.148095161765635648e-03,1.238490441375663526e-03,0.000000000000000000e+00,1.000000000000000000e+00,5.445060828941020040e-04,-5.195049437134099268e-05,1.351828819905343069e-03,-4.346536419528955865e-05,3.870812765624383894e-02,-4.472224248013416566e-03,1.172550165144788936e-01,-1.309937733594726712e-02,5.503059033317405290e-04,-4.220471967571532063e-05,2.403455996176912749e-03,8.487298161049617110e-04,-2.830948396650819409e-04,-1.598890907681440319e-04,0.000000000000000000e+00,0.000000000000000000e+00
7.329999999999999849e-01,0.000000000000000000e+00,1.891019795590307036e-03,1.424712317525163568e-03,2.149309028332351511e-03,1.233832025711450574e-03,0.000000000000000000e+00,1.000000000000000000e+00,5.450209653791460987e-04,-5.210586429301915592e-05,1.029764970088263044e-03,-3.107398433563248060e-04,3.787980822328909647e-02,-3.813123398025025559e-03,1.146125347394659350e-01,-1.112475545926103031e-02,5.514342789719468407e-04,-4.184426895550384516e-05,2.110571528984213525e-03,5.935539706484028273e-04,-2.830948396650819409e-04,-1.598890907681440319e-04,0.000000000000000000e+00,0.000000000000000000e+00
7.335000000000000409e-01,0.000000000000000000e+00,1.891442583408503922e-03,1.424445482143044117e-03,2.150536119501034703e-03,1.229180262821338333e-03,0.000000000000000000e+00,1.000000000000000000e+00,5.453448396378942752e-04,-5.237269967513858625e-05,6.477485174964591700e-04,-5.336707642388550119e-04,3.733399672824736643e-02,-2.818835445122078957e-03,1.129981486984914657e-01,-7.921802878104339599e-03,5.524011659160270099e-04,-4.160042497357935244e-05,1.757623716449957779e-03,3.822223001445085181e-04,-2.830948396650819409e-04,-1.598890907681440319e-04,0.000000000000000000e+00,0.000000000000000000e+00
7.339999999999999858e-01,0.000000000000000000e+00,1.891591533551411144e-03,1.424099584201640040e-03,2.151777707653157977e-03,1.224535217496648416e-03,0.000000000000000000e+00,1.000000000000000000e+00,5.454589420671701171e-04,-5.271859761654264340e-05,2.282048585517913188e-04,-6.917958828081169050e-04,3.850954594251590479e-02,-3.292623339849263045e-03,1.178079590026106654e-01,-1.067862313943258867e-02,5.397653637028890878e-04,-3.485309060576980111e-05,-1.545517668584340176e-04,9.827365217035715153e-04,1.122171284099251489e-04,-3.541479176763977308e-04,0.000000000000000000e+00,0.000000000000000000e+00
7.345000000000000417e-01,0.000000000000000000e+00,1.891528709167322264e-03,1.423660773974443549e-03,2.153034565275127338e-03,1.219896695229154455e-03,0.000000000000000000e+00,1.000000000000000000e+00,5.454108157968464961e-04,-5.315740784373909308e-05,-9.625254064717087129e-05,-8.776204543929034749e-04,3.943129285581642440e-02,-3.414601586587237298e-03,1.202128451223372502e-01,-1.082780881711985568e-02,5.396046571634230231e-04,-3.440104664609549260e-05,-4.876228302540436309e-04,8.257265173616119272e-04,1.122171284099251489e-04,-3.541479176763977308e-04,0.000000000000000000e+00,0.000000000000000000e+00
7.349999999999999867e-01,0.000000000000000000e+00,1.891302760068290512e-03,1.423126369147077091e-03,2.154306957327925195e-03,1.215264275318564575e-03,0.000000000000000000e+00,1.000000000000000000e+00,5.452377287451054500e-04,-5.369181267110555866e-05,-3.461741034820431211e-04,-1.068809654732935394e-03,4.036680754138239485e-02,-3.413734712300454596e-03,1.229272239509609232e-01,-1.080253887568546206e-02,5.392960112982641717e-04,-3.402897591302162558e-05,-7.464473677373506793e-04,6.628579912863505168e-04,1.122171284099251489e-04,-3.541479176763977308e-04,0.000000000000000000e+00,0.000000000000000000e+00
7.355000000000000426e-01,0.000000000000000000e+00,1.890962478640137879e-03,1.422497568965469137e-03,2.155594633616753943e-03,1.210637343979983471e-03,0.000000000000000000e+00,1.000000000000000000e+00,5.449770580479725533e-04,-5.432061285271355927e-05,-5.213413942657621090e-04,-1.257600363216003925e-03,4.130685983820427121e-02,-3.300136802711656214e-03,1.256869500780969096e-01,-1.044329637219034053e-02,5.388766052035864462e-04,-3.373787380282111437e-05,-9.308038807212043117e-04,5.018514771719846407e-04,1.122171284099251489e-04,-3.541479176763977308e-04,0.000000000000000000e+00,0.000000000000000000e+00
7.359999999999999876e-01,0.000000000000000000e+00,1.890556330215103793e-03,1.421779092849014686e-03,2.156896821160683882e-03,1.206015127451394008e-03,0.000000000000000000e+00,1.000000000000000000e+00,5.446659303038936572e-04,-5.503908896916790197e-05,-6.222554881578532763e-04,-1.436952232908688450e-03,4.173678692942936475e-02,-1.748646328950689355e-03,1.265008627444133005e-01,-4.591942215967084392e-03,5.400520348165065154e-04,-5.063422008683804665e-05,-8.521591790425465333e-04,-1.588632184451363016e-03,6.313149483596494443e-05,1.491913740880261151e-04,0.000000000000000000e+00,0.000000000000000000e+00
7.365000000000000435e-01,0.000000000000000000e+00,1.890106666396349465e-03,1.421020556939485468e-03,2.158212216562295505e-03,1.201396725101121048e-03,0.000000000000000000e+00,1.000000000000000000e+00,5.443214678342653138e-04,-5.579762487869708681e-05,-6.889249392566493919e-04,-1.517071819058364145e-03,4.221147109835577532e-02,-7.327498701687663483e-04,1.279421549561060023e-01,-2.005448319183257902e-03,5.396080015940435968e-04,-5.145368321301313833e-05,-9.238180564850535835e-04,-1.688994850589310226e-03,6.313149483596494443e-05,1.491913740880261151e-04,0.000000000000000000e+00,0.000000000000000000e+00
7.369999999999999885e-01,0.000000000000000000e+00,1.889637826180458032e-03,1.420254264960059886e-03,2.159538978377327414e-03,1.196781142535311739e-03,0.000000000000000000e+00,1.000000000000000000e+00,5.439623153921709781e-04,-5.656391685812266792e-05,-7.183048841887595482e-04,-1.532583958851168725e-03,4.269638656511236946e-02,2.916615424178052498e-04,1.294046673136632630e-01,1.099115836938356194e-03,5.391374459386907847e-04,-5.230717538113933854e-05,-9.583199181312579895e-04,-1.724872038323066415e-03,6.313149483596494443e-05,1.491913740880261151e-04,0.000000000000000000e+00,0.000000000000000000e+00
7.375000000000000444e-01,0.000000000000000000e+00,1.889174380322002165e-03,1.419512412024026603e-03,2.160874719484320774e-03,1.192167324705399991e-03,0.000000000000000000e+00,1.000000000000000000e+00,5.436072952676143828e-04,-5.730576979415612742e-05,-7.100402491132362225e-04,-1.483705872066921156e-03,4.319232368881271988e-02,1.324127989471975738e-03,1.309211301065817123e-01,4.255386422010250420e-03,5.386590354846697076e-04,-5.316250671731692011e-05,-9.553096523518923378e-04,-1.696476013969956849e-03,6.313149483596494443e-05,1.491913740880261151e-04,0.000000000000000000e+00,0.000000000000000000e+00
7.379999999999999893e-01,0.000000000000000000e+00,1.888741165450616953e-03,1.418827067872851112e-03,2.162216499677301063e-03,1.187554188978106988e-03,0.000000000000000000e+00,1.000000000000000000e+00,5.432754334227131573e-04,-5.799111394533155788e-05,-6.637236898024992610e-04,-1.370688302350857139e-03,4.349116798076312074e-02,2.632754755390868083e-03,1.316828377720538068e-01,8.504878070151314015e-03,5.392027863864165072e-04,-5.916293151060924877e-05,-7.999229923784688997e-04,-2.189869512653520867e-03,3.341647779936710808e-05,3.012793940515726219e-04,0.000000000000000000e+00,0.000000000000000000e+00
7.385000000000000453e-01,0.000000000000000000e+00,1.888352851475436642e-03,1.418238554347578742e-03,2.163560833335484955e-03,1.182940655671844889e-03,0.000000000000000000e+00,1.000000000000000000e+00,5.429779676598408622e-04,-5.857962747060389358e-05,-5.949315257446853491e-04,-1.177027050544674977e-03,4.380976443105662199e-02,3.792407810481731017e-03,1.327013758176346370e-01,1.197474172879939812e-02,5.388193786440752470e-04,-6.021808484851563596e-05,-7.338215914315152598e-04,-2.031011828204966081e-03,3.341647779936710808e-05,3.012793940515726219e-04,0.000000000000000000e+00,0.000000000000000000e+00
7.389999999999999902e-01,0.000000000000000000e+00,1.888024922232338972e-03,1.417782057269002284e-03,2.164903761911329307e-03,1.178325667700919760e-03,0.000000000000000000e+00,1.000000000000000000e+00,5.427267592854295546e-04,-5.903612454918035835e-05,-5.024167488225410793e-04,-9.129941571529305144e-04,4.412324791581429678e-02,4.969087450648093998e-03,1.336957231284723602e-01,1.566816852225149867e-02,5.384749413011223835e-04,-6.117615895683567537e-05,-6.440886651424111101e-04,-1.801692816167409401e-03,3.341647779936710808e-05,3.012793940515726219e-04,0.000000000000000000e+00,0.000000000000000000e+00
7.395000000000000462e-01,0.000000000000000000e+00,1.887772418503338772e-03,1.417492870520589221e-03,2.166240968578802498e-03,1.173708203135000877e-03,0.000000000000000000e+00,1.000000000000000000e+00,5.425333302069622419e-04,-5.932531129759348207e-05,-3.868581569346958311e-04,-5.783734968262476501e-04,4.437431420808194554e-02,6.099853469552164210e-03,1.344641974481341762e-01,1.919910515026210240e-02,5.381811215308122042e-04,-6.200186830044818957e-05,-5.313977061133808412e-04,-1.501694746656433328e-03,3.341647779936710808e-05,3.012793940515726219e-04,0.000000000000000000e+00,0.000000000000000000e+00
7.399999999999999911e-01,0.000000000000000000e+00,1.887607070479459422e-03,1.417404423590049034e-03,2.167567896280163820e-03,1.169087287187528176e-03,0.000000000000000000e+00,1.000000000000000000e+00,5.424066662720887673e-04,-5.941375822813369645e-05,-2.533278697468961086e-04,-1.768938610804280049e-04,4.297427849786085441e-02,6.499761287758028076e-03,1.288831263646877945e-01,1.995958544009269336e-02,5.598717161476587326e-04,-7.352538039642732769e-05,2.079413448608625949e-03,-2.363826264611899527e-03,-6.105414328427946277e-04,6.204029935528783575e-04,0.000000000000000000e+00,0.000000000000000000e+00
