time_s,letter_index,simulated_ink_x_m,simulated_ink_y_m,target_x_m,target_y_m,contact,target_down,q_x_m,q_y_m,qdot_x_m_s,qdot_y_m_s,current_x_A,current_y_A,voltage_x_V,voltage_y_V,observed_q_x_m,observed_q_y_m,observed_qdot_x_m_s,observed_qdot_y_m_s
0.000000000000000000e+00,0.000000000000000000e+00,2.168181818181817364e-03,2.792727272727273113e-03,2.168181818181817364e-03,2.792727272727273113e-03,0.000000000000000000e+00,0.000000000000000000e+00,7.573393926289893191e-04,1.315909090909090457e-03,0.000000000000000000e+00,0.000000000000000000e+00,4.388219955912512488e-02,4.414626740327044080e-03,1.704235574916972695e-01,1.714491073016554540e-02,7.517908035126095404e-04,1.318832024586673009e-03,0.000000000000000000e+00,0.000000000000000000e+00
5.000000000000000104e-04,0.000000000000000000e+00,2.168209591892409152e-03,2.792716064826746610e-03,2.168181818181816930e-03,2.792727272727272680e-03,0.000000000000000000e+00,0.000000000000000000e+00,7.573606685256530210e-04,1.315897883008563954e-03,4.255179332738617142e-05,-2.241580105309749611e-05,4.387641336366106259e-02,4.417109026986337436e-03,1.329630646641491165e-01,1.337631902319094332e-02,7.517908035126095404e-04,1.318832024586673009e-03,0.000000000000000000e+00,0.000000000000000000e+00
1.000000000000000021e-03,0.000000000000000000e+00,2.168264523322077988e-03,2.792693858204824651e-03,2.168181818181817364e-03,2.792727272727273547e-03,0.000000000000000000e+00,0.000000000000000000e+00,7.574027484421035506e-04,1.315875676386641779e-03,8.415983290097852514e-05,-4.441324384437689711e-05,4.387075549989027240e-02,4.419544985382383405e-03,1.329680041096613918e-01,1.337419999354952545e-02,7.517908035126095404e-04,1.318832024586673009e-03,0.000000000000000000e+00,0.000000000000000000e+00
1.500000000000000031e-03,0.000000000000000000e+00,2.168346006992586013e-03,2.792660859407276874e-03,2.168181818181817364e-03,2.792727272727273547e-03,0.000000000000000000e+00,0.000000000000000000e+00,7.574651685551008927e-04,1.315842677589094435e-03,1.248402259946210788e-04,-6.599759509487115221e-05,4.386522377754466240e-02,4.421935198742669125e-03,1.329728340034983802e-01,1.337212051250846398e-02,7.517908035126095404e-04,1.318832024586673009e-03,0.000000000000000000e+00,0.000000000000000000e+00
2.000000000000000042e-03,0.000000000000000000e+00,2.168453447775633286e-03,2.792617272371946888e-03,2.168181818181817364e-03,2.792727272727272246e-03,0.000000000000000000e+00,0.000000000000000000e+00,7.575474729699184550e-04,1.315799090553764449e-03,1.646088296352017720e-04,-8.717407066009195656e-05,4.397510123605206933e-02,4.421383044259874495e-03,1.334252847561150646e-01,1.335882833992862138e-02,7.598737055180630187e-04,1.328023457240657887e-03,2.562557555359743031e-03,2.913999845124655604e-03
2.500000000000000052e-03,0.000000000000000000e+00,2.168592036604638160e-03,2.792563207901804789e-03,2.168181818181817797e-03,2.792727272727273547e-03,0.000000000000000000e+00,0.000000000000000000e+00,7.576536381722563098e-04,1.315745026083622350e-03,2.123304046757022311e-04,-1.081289402844043667e-04,4.332337124956921193e-02,3.522723276941786517e-03,1.308255906178938666e-01,9.860198350663474526e-03,7.598737055180630187e-04,1.328023457240657887e-03,2.562557555359743031e-03,2.913999845124655604e-03
3.000000000000000062e-03,0.000000000000000000e+00,2.168728743431564115e-03,2.792470706283048994e-03,2.168181818181817364e-03,2.792727272727273113e-03,0.000000000000000000e+00,0.000000000000000000e+00,7.577583616773592634e-04,1.315652524464866338e-03,2.094470102059469297e-04,-1.850032375120597605e-04,4.267852252994122630e-02,2.630255929372889157e-03,1.288760505402507806e-01,7.128247199902147668e-03,7.598737055180630187e-04,1.328023457240657887e-03,2.562557555359743031e-03,2.913999845124655604e-03
3.500000000000000073e-03,0.000000000000000000e+00,2.168831267248571767e-03,2.792312330817040781e-03,2.168181818181817364e-03,2.792727272727272246e-03,0.000000000000000000e+00,0.000000000000000000e+00,7.578368994776652151e-04,1.315494148998858125e-03,1.570756006119045675e-04,-3.167509320165320681e-04,4.204040319364226591e-02,1.743865165981720814e-03,1.269206361980937947e-01,4.391009826072461708e-03,7.598737055180630187e-04,1.328023457240657887e-03,2.562557555359743031e-03,2.913999845124655604e-03
4.000000000000000083e-03,0.000000000000000000e+00,2.168868023663365983e-03,2.792061161228840370e-03,2.168181818181817797e-03,2.792727272727273981e-03,0.000000000000000000e+00,0.000000000000000000e+00,7.578650565249673600e-04,1.315242979410657931e-03,5.631409460437392567e-05,-5.023391764004915203e-04,4.164839056798474992e-02,1.349217878125700187e-03,1.258897172889196225e-01,3.535194547969441273e-03,7.593515095466102155e-04,1.317185120399838550e-03,7.721659767752759012e-04,-2.369801266040983019e-03
4.500000000000000527e-03,0.000000000000000000e+00,2.168820133126554608e-03,2.791705970266924325e-03,2.168181818181817364e-03,2.792727272727273113e-03,0.000000000000000000e+00,0.000000000000000000e+00,7.578283702453651781e-04,1.314887788448741886e-03,-7.337255920444289844e-05,-7.103819238321540603e-04,4.177653119498873219e-02,2.564363475974600504e-03,1.266535300147645926e-01,8.501829135925152020e-03,7.593515095466102155e-04,1.317185120399838550e-03,7.721659767752759012e-04,-2.369801266040983019e-03
5.000000000000000104e-03,0.000000000000000000e+00,2.168695005273672122e-03,2.791285987211488458e-03,2.168181818181816930e-03,2.792727272727273113e-03,0.000000000000000000e+00,0.000000000000000000e+00,7.577325167489848586e-04,1.314467805393305802e-03,-1.917069927607344430e-04,-8.399661108723139756e-04,4.190312814638717798e-02,3.770820709874074701e-03,1.269733085448237486e-01,1.209424740257872451e-02,7.593515095466102155e-04,1.317185120399838550e-03,7.721659767752759012e-04,-2.369801266040983019e-03
5.499999999999999681e-03,0.000000000000000000e+00,2.168499894998976787e-03,2.790839720978499812e-03,2.168181818181817364e-03,2.792727272727273547e-03,0.000000000000000000e+00,0.000000000000000000e+00,7.575830536072592977e-04,1.314021539160317156e-03,-2.989262834510283593e-04,-8.925324659772855378e-04,4.202821365997759517e-02,4.968749123577134372e-03,1.272944048495051328e-01,1.569408258084293781e-02,7.593515095466102155e-04,1.317185120399838550e-03,7.721659767752759012e-04,-2.369801266040983019e-03
6.000000000000000125e-03,0.000000000000000000e+00,2.168241905047407249e-03,2.790404969116741084e-03,2.168181818181817364e-03,2.792727272727273113e-03,0.000000000000000000e+00,0.000000000000000000e+00,7.573854218384787123e-04,1.313586787298558428e-03,-3.952635375612343228e-04,-8.695037235174167545e-04,4.193724738093985993e-02,5.485926300000360835e-03,1.267834664405969869e-01,1.668990306732959228e-02,7.523001104621585347e-04,1.309375533369247198e-03,-1.952975995799841914e-03,-3.343091795381150557e-03
6.500000000000000569e-03,0.000000000000000000e+00,2.167917238349694690e-03,2.789997811435701407e-03,2.168181818181817364e-03,2.792727272727273113e-03,0.000000000000000000e+00,0.000000000000000000e+00,7.571367127188304014e-04,1.313179629617518751e-03,-4.974182392965629390e-04,-8.143153620791403506e-04,4.265128867495009135e-02,6.316698464365560692e-03,1.295802666538312664e-01,1.949858117078254183e-02,7.523001104621585347e-04,1.309375533369247198e-03,-1.952975995799841914e-03,-3.343091795381150557e-03
7.000000000000000146e-03,0.000000000000000000e+00,2.167562481016451111e-03,2.789643939075198750e-03,2.168181818181817364e-03,2.792727272727272246e-03,0.000000000000000000e+00,0.000000000000000000e+00,7.568649528350433926e-04,1.312825757257016094e-03,-5.435197675739428941e-04,-7.077447210054330431e-04,4.335770785499881708e-02,7.141780644823380805e-03,1.316898638389754905e-01,2.203955567426604117e-02,7.523001104621585347e-04,1.309375533369247198e-03,-1.952975995799841914e-03,-3.343091795381150557e-03
7.499999999999999722e-03,0.000000000000000000e+00,2.167213415276346596e-03,2.789368560558953825e-03,2.168181818181817364e-03,2.792727272727273113e-03,0.000000000000000000e+00,0.000000000000000000e+00,7.565975529645529649e-04,1.312550378740770952e-03,-5.347997409808893585e-04,-5.507570324902580144e-04,4.405667239665699009e-02,7.961279729501197222e-03,1.338059677204168352e-01,2.458538749127285594e-02,7.523001104621585347e-04,1.309375533369247198e-03,-1.952975995799841914e-03,-3.343091795381150557e-03
8.000000000000000167e-03,0.000000000000000000e+00,2.166905033157516883e-03,2.789196407889257823e-03,2.168181818181817797e-03,2.792727272727273981e-03,0.000000000000000000e+00,0.000000000000000000e+00,7.563613185560662819e-04,1.312378226071074950e-03,-4.724688169733669177e-04,-3.443053393918240430e-04,4.430526541096382886e-02,8.980536741955634852e-03,1.342076572324153727e-01,2.793305028743800489e-02,7.492346701553914559e-04,1.325649336111385176e-03,-1.686504923048651097e-03,3.936012467992773024e-03
8.500000000000000611e-03,0.000000000000000000e+00,2.166649351248496960e-03,2.789158157232045441e-03,2.168181818181816930e-03,2.792727272727272246e-03,0.000000000000000000e+00,0.000000000000000000e+00,7.561654548504557431e-04,1.312339975413862785e-03,-3.917274112209925049e-04,-7.650131442439578582e-05,4.448380874389597228e-02,7.773861863330731523e-03,1.347314844634787678e-01,2.249181007228520657e-02,7.492346701553914559e-04,1.325649336111385176e-03,-1.686504923048651097e-03,3.936012467992773024e-03
9.000000000000001055e-03,0.000000000000000000e+00,2.166454730895006793e-03,2.789214541216054541e-03,2.168181818181818231e-03,2.792727272727273981e-03,0.000000000000000000e+00,0.000000000000000000e+00,7.560163670101465372e-04,1.312396359397871885e-03,-2.981756806184990304e-04,1.127679680180666106e-04,4.466061012807001629e-02,6.575883784931658982e-03,1.353151103284545298e-01,1.895075960327398390e-02,7.492346701553914559e-04,1.325649336111385176e-03,-1.686504923048651097e-03,3.936012467992773024e-03
9.499999999999999764e-03,0.000000000000000000e+00,2.166329342022229806e-03,2.789327010157533968e-03,2.168181818181818231e-03,2.792727272727273981e-03,0.000000000000000000e+00,0.000000000000000000e+00,7.559203135609269923e-04,1.312508828339351528e-03,-1.921068984391778925e-04,2.249378829592679611e-04,4.483570944280365622e-02,5.386443555835189814e-03,1.359002232259769183e-01,1.540228502093765779e-02,7.492346701553914559e-04,1.325649336111385176e-03,-1.686504923048651097e-03,3.936012467992773024e-03
1.000000000000000021e-02,0.000000000000000000e+00,2.166281166432379099e-03,2.789457723117478184e-03,2.168181818181816496e-03,2.792727272727272246e-03,0.000000000000000000e+00,0.000000000000000000e+00,7.558834089180276397e-04,1.312639541299295528e-03,-7.380928579875713506e-05,2.614259198878936936e-04,4.538716616374917356e-02,4.059378990069815833e-03,1.379548914898349188e-01,1.127948735176684779e-02,7.604212292565771039e-04,1.312504539720164756e-03,2.929378503902264376e-03,-2.727041747602147216e-03
1.050000000000000065e-02,0.000000000000000000e+00,2.166336940143702948e-03,2.789564975641174206e-03,2.168181818181817364e-03,2.792727272727273113e-03,0.000000000000000000e+00,0.000000000000000000e+00,7.559261340596597212e-04,1.312746793822991550e-03,8.545028326424664348e-05,2.145050473919490419e-04,4.457309649302977628e-02,4.766523242502104275e-03,1.344066697186723225e-01,1.513847855322107347e-02,7.604212292565771039e-04,1.312504539720164756e-03,2.929378503902264376e-03,-2.727041747602147216e-03
1.099999999999999936e-02,0.000000000000000000e+00,2.166454662633861793e-03,2.789671130207986398e-03,2.168181818181818231e-03,2.792727272727273981e-03,0.000000000000000000e+00,0.000000000000000000e+00,7.560163147190757582e-04,1.312852948389803742e-03,1.803613188321057667e-04,2.123091336245524661e-04,4.376777693983807671e-02,5.468714731117194083e-03,1.320241436536210289e-01,1.726094638963393893e-02,7.604212292565771039e-04,1.312504539720164756e-03,2.929378503902264376e-03,-2.727041747602147216e-03
1.149999999999999981e-02,0.000000000000000000e+00,2.166593253122709936e-03,2.789798134593947550e-03,2.168181818181817364e-03,2.792727272727273113e-03,0.000000000000000000e+00,0.000000000000000000e+00,7.561224811929271065e-04,1.312979952775765111e-03,2.123329477026704621e-04,2.540087719228298129e-04,4.297101589102573366e-02,6.166045302960365335e-03,1.296341479603792535e-01,1.938764220402681634e-02,7.604212292565771039e-04,1.312504539720164756e-03,2.929378503902264376e-03,-2.727041747602147216e-03
1.200000000000000025e-02,0.000000000000000000e+00,2.166712534935078330e-03,2.789967527076312251e-03,2.168181818181817364e-03,2.792727272727273113e-03,0.000000000000000000e+00,0.000000000000000000e+00,7.562138563624572294e-04,1.313149345258129378e-03,1.827503390602745368e-04,3.387849647284564233e-04,4.242172678437361455e-02,6.474444236056797579e-03,1.281654363597574398e-01,2.002653513841909719e-02,7.518830871173725174e-04,1.317833823535514330e-03,-1.634933009218774921e-03,6.916560610852892990e-04
1.250000000000000069e-02,0.000000000000000000e+00,2.166785199280941640e-03,2.790188434596066903e-03,2.168181818181817364e-03,2.792727272727273113e-03,0.000000000000000000e+00,0.000000000000000000e+00,7.562695204808187691e-04,1.313370252777884247e-03,1.113282367231066951e-04,4.418150395099472048e-04,4.321543482258576041e-02,5.746976502009788768e-03,1.316791170588426374e-01,1.698233974611506464e-02,7.518830871173725174e-04,1.317833823535514330e-03,-1.634933009218774921e-03,6.916560610852892990e-04
1.300000000000000114e-02,0.000000000000000000e+00,2.166851545339417741e-03,2.790437496041526643e-03,2.168181818181817364e-03,2.792727272727273113e-03,0.000000000000000000e+00,0.000000000000000000e+00,7.563203445102368487e-04,1.313619314223343987e-03,1.016480588361375542e-04,4.981228909193914688e-04,4.400074719012787849e-02,5.024682705378363291e-03,1.340463343760087411e-01,1.482242263167036361e-02,7.518830871173725174e-04,1.317833823535514330e-03,-1.634933009218774921e-03,6.916560610852892990e-04
1.349999999999999985e-02,0.000000000000000000e+00,2.166950983781588264e-03,2.790691780461744369e-03,2.168181818181817364e-03,2.792727272727273113e-03,0.000000000000000000e+00,0.000000000000000000e+00,7.563965187762942749e-04,1.313873598643561930e-03,1.523485321147458602e-04,5.085688404360716886e-04,4.477784899302461596e-02,4.307467575664466336e-03,1.364207187441448532e-01,1.265808873211931446e-02,7.518830871173725174e-04,1.317833823535514330e-03,-1.634933009218774921e-03,6.916560610852892990e-04
1.400000000000000029e-02,0.000000000000000000e+00,2.167122051907869121e-03,2.790928781686689147e-03,2.168181818181817364e-03,2.792727272727273113e-03,0.000000000000000000e+00,0.000000000000000000e+00,7.565275645638263550e-04,1.314110599868506275e-03,2.620915750642560833e-04,4.740024498887953318e-04,4.481783603519999548e-02,3.715683121391154080e-03,1.359705891957256330e-01,1.095719106774219187e-02,7.540637056841782140e-04,1.323980836058945157e-03,9.305780953213123059e-05,2.201912704860450702e-03
1.450000000000000074e-02,0.000000000000000000e+00,2.167365900800685870e-03,2.791130177549939334e-03,2.168181818181817364e-03,2.792727272727273113e-03,0.000000000000000000e+00,0.000000000000000000e+00,7.567143636531292218e-04,1.314311995731756678e-03,3.735981786058375814e-04,4.027917265009263123e-04,4.435440242812513367e-02,2.657483838587148053e-03,1.341955218087073909e-01,7.322061826935296648e-03,7.540637056841782140e-04,1.323980836058945157e-03,9.305780953213123059e-05,2.201912704860450702e-03
1.499999999999999944e-02,0.000000000000000000e+00,2.167658438163475379e-03,2.791263285142110001e-03,2.168181818181817364e-03,2.792727272727273113e-03,0.000000000000000000e+00,0.000000000000000000e+00,7.569384602742987864e-04,1.314445103323927345e-03,4.481932423391544367e-04,2.662151843412556779e-04,4.389598805449520386e-02,1.606523052392151273e-03,1.328502046577745010e-01,4.085092421195349668e-03,7.540637056841782140e-04,1.323980836058945157e-03,9.305780953213123059e-05,2.201912704860450702e-03
1.549999999999999989e-02,0.000000000000000000e+00,2.167976097790013344e-03,2.791296035569346481e-03,2.168181818181817364e-03,2.792727272727273113e-03,0.000000000000000000e+00,0.000000000000000000e+00,7.571818016660115686e-04,1.314477853751164042e-03,4.866827834256245034e-04,6.550085447329089005e-05,4.348619145326008961e-02,6.666121667702723085e-04,1.316703503603753322e-01,1.245640168171031686e-03,7.540637056841782140e-04,1.323980836058945157e-03,9.305780953213123059e-05,2.201912704860450702e-03
1.600000000000000033e-02,0.000000000000000000e+00,2.168298020437548282e-03,2.791200215082016191e-03,2.168181818181817364e-03,2.792727272727273113e-03,0.000000000000000000e+00,0.000000000000000000e+00,7.574284087212700307e-04,1.314382033263833535e-03,4.932141105169091664e-04,-1.916409746611867214e-04,4.354228861857411398e-02,1.170854942500106858e-03,1.322414889926507575e-01,3.895723540299740953e-03,7.530797627528298954e-04,1.320990661795265258e-03,-2.778909383990038314e-04,-1.422391498344242238e-04
1.650000000000000078e-02,0.000000000000000000e+00,2.168626930548066441e-03,2.790993089697322779e-03,2.168181818181817364e-03,2.792727272727273113e-03,0.000000000000000000e+00,0.000000000000000000e+00,7.576803684837181982e-04,1.314174907879139906e-03,5.039195248963627277e-04,-4.142507693872527061e-04,4.370736005002407581e-02,2.377757829657500994e-03,1.328403359709011133e-01,8.056734607528219863e-03,7.530797627528298954e-04,1.320990661795265258e-03,-2.778909383990038314e-04,-1.422391498344242238e-04
1.700000000000000122e-02,0.000000000000000000e+00,2.168970979782309204e-03,2.790713698974593704e-03,2.168181818181817364e-03,2.792727272727273113e-03,0.000000000000000000e+00,0.000000000000000000e+00,7.579439254877689582e-04,1.313895517156411265e-03,5.271140081015818733e-04,-5.587814454573474974e-04,4.387073321712983698e-02,3.576014371580562949e-03,1.333461559414812481e-01,1.161791261422673825e-02,7.530797627528298954e-04,1.320990661795265258e-03,-2.778909383990038314e-04,-1.422391498344242238e-04
1.750000000000000167e-02,0.000000000000000000e+00,2.169338138213623528e-03,2.790400366475541925e-03,2.168181818181817364e-03,2.792727272727273113e-03,0.000000000000000000e+00,0.000000000000000000e+00,7.582251851638214081e-04,1.313582184657359269e-03,5.625193521049191544e-04,-6.266649981040823235e-04,4.398374527806933609e-02,4.420035078648196572e-03,1.336642887830087056e-01,1.384370361468852118e-02,7.530797627528298954e-04,1.320990661795265258e-03,-2.778909383990038314e-04,-1.422391498344242238e-04
1.800000000000000211e-02,0.000000000000000000e+00,2.169733757491866619e-03,2.790079902321339171e-03,2.168181818181817364e-03,2.792727272727273113e-03,0.000000000000000000e+00,0.000000000000000000e+00,7.585282471135104936e-04,1.313261720503156732e-03,6.061238993781302084e-04,-6.409283084050800385e-04,4.448318033312965991e-02,4.324500989540762050e-03,1.355304785569002579e-01,1.274604045164043700e-02,7.678615941842840227e-04,1.316204491578229366e-03,4.584659274102624756e-03,-1.569430105133356578e-03
1.849999999999999908e-02,0.000000000000000000e+00,2.170182483886588885e-03,2.789749439845268068e-03,2.168181818181817364e-03,2.792727272727273113e-03,0.000000000000000000e+00,0.000000000000000000e+00,7.588719914746682544e-04,1.312931258027085629e-03,6.874887223155040552e-04,-6.609249521421161440e-04,4.353599556776054091e-02,4.670488225219671455e-03,1.314685555618363977e-01,1.416269106245808367e-02,7.678615941842840227e-04,1.316204491578229366e-03,4.584659274102624756e-03,-1.569430105133356578e-03
1.899999999999999953e-02,0.000000000000000000e+00,2.170636194350100343e-03,2.789419946627342498e-03,2.168181818181817364e-03,2.792727272727273113e-03,0.000000000000000000e+00,0.000000000000000000e+00,7.592195538540261147e-04,1.312601764809159842e-03,6.951247587156651449e-04,-6.589864358515379892e-04,4.259883644730254326e-02,5.014046399587009616e-03,1.286415545158049456e-01,1.520243243475674806e-02,7.678615941842840227e-04,1.316204491578229366e-03,4.584659274102624756e-03,-1.569430105133356578e-03
1.949999999999999997e-02,0.000000000000000000e+00,2.171047827132127281e-03,2.789102186687207694e-03,2.168181818181817364e-03,2.792727272727273113e-03,0.000000000000000000e+00,0.000000000000000000e+00,7.595348828593033192e-04,1.312284004869025038e-03,6.306580105545002857e-04,-6.355198802694704595e-04,4.167148186790737424e-02,5.355220596482052065e-03,1.258059949744597672e-01,1.624424740032907530e-02,7.678615941842840227e-04,1.316204491578229366e-03,4.584659274102624756e-03,-1.569430105133356578e-03
2.000000000000000042e-02,0.000000000000000000e+00,2.171371363697168367e-03,2.788806723039881884e-03,2.168181818181817364e-03,2.792727272727273113e-03,1.000000000000000000e+00,0.000000000000000000e+00,7.597827262470989960e-04,1.311988541221699228e-03,4.956867755913209415e-04,-5.909272946517680342e-04,4.098997594698537694e-02,5.492232360502240576e-03,1.238796249212424927e-01,1.650428559876378556e-02,7.595587836963186906e-04,1.318873963834432325e-03,-9.546057373562559945e-04,2.720107827990831968e-04
2.050000000000000086e-02,0.000000000000000000e+00,2.171573647794361982e-03,2.788537612235739323e-03,2.168181818181817364e-03,2.792727272727273113e-03,1.000000000000000000e+00,0.000000000000000000e+00,7.599376848556854257e-04,1.311719430417556667e-03,3.099172171729678085e-04,-5.382216082849335679e-04,4.193225661541492844e-02,5.072206638672921084e-03,1.280227925651220844e-01,1.477875398124898869e-02,7.595587836963186906e-04,1.318873963834432325e-03,-9.546057373562559945e-04,2.720107827990831968e-04
2.100000000000000130e-02,0.000000000000000000e+00,2.171703275353935488e-03,2.788281450422732191e-03,2.168181818181817364e-03,2.792727272727273113e-03,1.000000000000000000e+00,0.000000000000000000e+00,7.600369853273720609e-04,1.311463268604549318e-03,1.986009433733771940e-04,-5.123236260147138836e-04,4.286441312163981332e-02,4.655149555175450669e-03,1.307797980180677722e-01,1.352874316608653968e-02,7.595587836963186906e-04,1.318873963834432325e-03,-9.546057373562559945e-04,2.720107827990831968e-04
2.150000000000000175e-02,0.000000000000000000e+00,2.171807778246448613e-03,2.788025080924500573e-03,2.168181818181817364e-03,2.792727272727273113e-03,1.000000000000000000e+00,0.000000000000000000e+00,7.601170391874716679e-04,1.311206899106317917e-03,1.601077201991551048e-04,-5.127389964629467658e-04,4.378666714497835705e-02,4.241006366401600322e-03,1.335454460666322951e-01,1.227619814215482122e-02,7.595587836963186906e-04,1.318873963834432325e-03,-9.546057373562559945e-04,2.720107827990831968e-04
2.199999999999999872e-02,0.000000000000000000e+00,2.171933642373086171e-03,2.787755591146823600e-03,2.168181818181817364e-03,2.792727272727273547e-03,1.000000000000000000e+00,0.000000000000000000e+00,7.602134567022703288e-04,1.310937409328640944e-03,1.928350295972919358e-04,-5.389795553540402927e-04,4.424381231388879038e-02,3.690404123339428941e-03,1.345508342558211501e-01,1.048009839385167542e-02,7.553089341673993595e-04,1.322458748145037555e-03,-1.696668393333452098e-03,1.236037012613200141e-03
2.249999999999999917e-02,0.000000000000000000e+00,2.172103508385491571e-03,2.787455955092117688e-03,2.168181818181817364e-03,2.792727272727273113e-03,1.000000000000000000e+00,0.000000000000000000e+00,7.603435816171479110e-04,1.310637773273935032e-03,2.602498297551170950e-04,-5.992721094117638061e-04,4.492211275520963804e-02,2.844490379177444517e-03,1.368304778560553436e-01,7.638954032067921118e-03,7.553089341673993595e-04,1.322458748145037555e-03,-1.696668393333452098e-03,1.236037012613200141e-03
2.299999999999999961e-02,0.000000000000000000e+00,2.172350828724350404e-03,2.787100118175653979e-03,2.168181818181817364e-03,2.792727272727273113e-03,1.000000000000000000e+00,0.000000000000000000e+00,7.605330399884011310e-04,1.310281936357471323e-03,3.789167425063825253e-04,-7.116738329274329864e-04,4.535245364415526476e-02,2.303220894264468820e-03,1.379854055574249727e-01,6.210629628311256818e-03,7.553089341673993595e-04,1.322458748145037555e-03,-1.696668393333452098e-03,1.236037012613200141e-03
2.350000000000000006e-02,0.000000000000000000e+00,2.172696235112256489e-03,2.786671856822216589e-03,2.168181818181817364e-03,2.792727272727273113e-03,1.000000000000000000e+00,0.000000000000000000e+00,7.607976366324743995e-04,1.309853675004034150e-03,5.291932881465273228e-04,-8.565227068741980334e-04,4.533201903027077317e-02,2.319261205585937576e-03,1.376180406134223655e-01,6.672689913827113684e-03,7.553089341673993595e-04,1.322458748145037555e-03,-1.696668393333452098e-03,1.236037012613200141e-03
2.400000000000000050e-02,0.000000000000000000e+00,2.173137524065197820e-03,2.786172563070359823e-03,2.168181818181817364e-03,2.792727272727273113e-03,1.000000000000000000e+00,1.000000000000000000e+00,7.611356835826850551e-04,1.309354381252177167e-03,6.760939004212931968e-04,-9.985875037139789467e-04,4.553732023093709502e-02,1.969858102343102421e-03,1.385103832283039182e-01,5.240936192869537907e-03,7.579465458754221317e-04,1.309553959092441293e-03,2.153494216326767852e-04,-3.638956724935648885e-03
2.450000000000000094e-02,0.000000000000000000e+00,2.173683816380197857e-03,2.785592198865767533e-03,2.168181835245253965e-03,2.792727272539357892e-03,1.000000000000000000e+00,1.000000000000000000e+00,7.615541677749090984e-04,1.308774017047585093e-03,8.369683844481889956e-04,-1.160728409184250045e-03,4.518328889200575599e-02,3.116164722789604470e-03,1.370451461470735821e-01,9.921341404135988751e-03,7.579465458754221317e-04,1.309553959092441293e-03,2.153494216326767852e-04,-3.638956724935648885e-03
2.500000000000000139e-02,0.000000000000000000e+00,2.174316091924415051e-03,2.784967600578773517e-03,2.168181953936649219e-03,2.792727271306535020e-03,1.000000000000000000e+00,1.000000000000000000e+00,7.620385189420770655e-04,1.308149418760590861e-03,9.687023343359768687e-04,-1.249196573988478652e-03,4.483322008469227404e-02,4.254312952604617261e-03,1.360573890645288553e-01,1.332491856349803105e-02,7.579465458754221317e-04,1.309553959092441293e-03,2.153494216326767852e-04,-3.638956724935648885e-03
2.550000000000000183e-02,0.000000000000000000e+00,2.175015740506981883e-03,2.784334926273663961e-03,2.168182273822280657e-03,2.792727268210003742e-03,1.000000000000000000e+00,1.000000000000000000e+00,7.625744808508883163e-04,1.307516744455481088e-03,1.071923817622557566e-03,-1.265348610219709955e-03,4.448702840433436945e-02,5.384453020641991570e-03,1.350662493259472963e-01,1.673546021727478905e-02,7.579465458754221317e-04,1.309553959092441293e-03,2.153494216326767852e-04,-3.638956724935648885e-03
2.600000000000000228e-02,0.000000000000000000e+00,2.175764554943272928e-03,2.783729664192055933e-03,2.168182892235717002e-03,2.792727262675590537e-03,1.000000000000000000e+00,1.000000000000000000e+00,7.631481059887361851e-04,1.306911482373873060e-03,1.147250275695721076e-03,-1.210524163215968450e-03,4.402667846017910280e-02,6.536899308871101100e-03,1.336137165446701081e-01,2.026999274269601289e-02,7.617109735558731491e-04,1.306764910089295998e-03,1.272255965035894642e-03,-2.215832518409023219e-03
2.649999999999999925e-02,0.000000000000000000e+00,2.176538814773502570e-03,2.783187583996284825e-03,2.168183904295867964e-03,2.792727254371525636e-03,1.000000000000000000e+00,1.000000000000000000e+00,7.637412234292142218e-04,1.306369402178102169e-03,1.186234880956000192e-03,-1.084160391541690591e-03,4.325632508820469180e-02,7.269221590887657569e-03,1.310354959844402534e-01,2.218463129784094268e-02,7.617109735558731491e-04,1.306764910089295998e-03,1.272255965035894642e-03,-2.215832518409023219e-03
2.699999999999999969e-02,0.000000000000000000e+00,2.177299541073751503e-03,2.782730901254137912e-03,2.168185402925020596e-03,2.792727243206207834e-03,1.000000000000000000e+00,1.000000000000000000e+00,7.643239735842541436e-04,1.305912719435955256e-03,1.165500310079770107e-03,-9.133654842937746461e-04,4.249409233346067294e-02,7.996623646550026637e-03,1.287219130517907317e-01,2.445791304953305600e-02,7.617109735558731491e-04,1.306764910089295998e-03,1.272255965035894642e-03,-2.215832518409023219e-03
2.750000000000000014e-02,0.000000000000000000e+00,2.178008616546591066e-03,2.782381409749139570e-03,2.168187478866888222e-03,2.792727229325970596e-03,1.000000000000000000e+00,1.000000000000000000e+00,7.648671569099747261e-04,1.305563227930956914e-03,1.086366651441171690e-03,-6.989830099968729303e-04,4.173980069024905981e-02,8.719198891163326345e-03,1.264013978703804886e-01,2.673539500326387042e-02,7.617109735558731491e-04,1.306764910089295998e-03,1.272255965035894642e-03,-2.215832518409023219e-03
2.800000000000000058e-02,0.000000000000000000e+00,2.178628770830244414e-03,2.782160486833914863e-03,2.168190220704657202e-03,2.792727213112859881e-03,1.000000000000000000e+00,1.000000000000000000e+00,7.653422226528442058e-04,1.305342305015732207e-03,9.501314857389307408e-04,-4.418458304492287611e-04,4.196339444114177003e-02,8.914850042234230207e-03,1.278417230596271548e-01,2.698899072253558087e-02,7.751519675076024279e-04,1.311316967070663654e-03,4.726815022240924043e-03,6.323159210278444251e-04
2.850000000000000103e-02,0.000000000000000000e+00,2.179172169794417295e-03,2.782072777661757489e-03,2.168193714879023716e-03,2.792727195182392874e-03,1.000000000000000000e+00,1.000000000000000000e+00,7.657584904097452117e-04,1.305254595843574833e-03,8.325355138019973917e-04,-1.754183443147310710e-04,4.115167944138110878e-02,8.247759528231722592e-03,1.244363221274643883e-01,2.434580053863146659e-02,7.751519675076024279e-04,1.311316967070663654e-03,4.726815022240924043e-03,6.323159210278444251e-04
2.900000000000000147e-02,0.000000000000000000e+00,2.179598976820929304e-03,2.782095893218784581e-03,2.168198045706241396e-03,2.792727176381333640e-03,1.000000000000000000e+00,1.000000000000000000e+00,7.660854435606890547e-04,1.305277711400601925e-03,6.539063018877884189e-04,4.623111405423105088e-05,4.034826374533242305e-02,7.585627654818883313e-03,1.219147232019875821e-01,2.243909868669814386e-02,7.751519675076024279e-04,1.311316967070663654e-03,4.726815022240924043e-03,6.323159210278444251e-04
2.950000000000000192e-02,0.000000000000000000e+00,2.179870247527555729e-03,2.782207847246710806e-03,2.168203295396167220e-03,2.792727157785463137e-03,1.000000000000000000e+00,1.000000000000000000e+00,7.662932489780810213e-04,1.305389665428528150e-03,4.156108347838445485e-04,2.239080558525530359e-04,3.955296147032053705e-02,6.928365221092825169e-03,1.193860394901896521e-01,2.052816384001730082e-02,7.751519675076024279e-04,1.311316967070663654e-03,4.726815022240924043e-03,6.323159210278444251e-04
2.999999999999999889e-02,0.000000000000000000e+00,2.179947914495534208e-03,2.782387051264291304e-03,2.168209544070300466e-03,2.792727140697340120e-03,1.000000000000000000e+00,1.000000000000000000e+00,7.663527453273148238e-04,1.305568869446108865e-03,1.189926984676236929e-04,3.584080351612173093e-04,3.836065280053127524e-02,6.565253028175523607e-03,1.152777914646051782e-01,1.973688266031115024e-02,7.608774455945899531e-04,1.310218511232866300e-03,-2.795824127952485985e-03,-1.168640373459307890e-04
3.049999999999999933e-02,0.000000000000000000e+00,2.179774484588805055e-03,2.782621353881197662e-03,2.168216869779829477e-03,2.792727126644076793e-03,1.000000000000000000e+00,1.000000000000000000e+00,7.662198903109942571e-04,1.305803172063015223e-03,-2.657100326411768187e-04,4.686052338128278536e-04,3.938499470484470300e-02,6.431139120637239560e-03,1.200706524343813641e-01,1.957339675463514589e-02,7.608774455945899531e-04,1.310218511232866300e-03,-2.795824127952485985e-03,-1.168640373459307890e-04
3.099999999999999978e-02,0.000000000000000000e+00,2.179404217479745387e-03,2.782905896113110379e-03,2.168225348523678854e-03,2.792727117375110556e-03,1.000000000000000000e+00,1.000000000000000000e+00,7.659362492496293385e-04,1.306087714294927506e-03,-5.672821227298600281e-04,5.690844638247194920e-04,4.039803249949831809e-02,6.298101363973630275e-03,1.229712467501017786e-01,1.921442409776738872e-02,7.608774455945899531e-04,1.310218511232866300e-03,-2.795824127952485985e-03,-1.168640373459307890e-04
3.150000000000000022e-02,0.000000000000000000e+00,2.178890197885987277e-03,2.783235903414926857e-03,2.168235054266544511e-03,2.792727114859961876e-03,1.000000000000000000e+00,1.000000000000000000e+00,7.655424873961766104e-04,1.306417721596744201e-03,-7.875237069055056370e-04,6.600146036332412650e-04,4.140001096697427246e-02,6.166121056881601961e-03,1.258814909357714729e-01,1.885453277359199972e-02,7.608774455945899531e-04,1.310218511232866300e-03,-2.795824127952485985e-03,-1.168640373459307890e-04
3.200000000000000067e-02,0.000000000000000000e+00,2.178284355478137327e-03,2.783606684655702459e-03,2.168246058956948673e-03,2.792727121286016877e-03,1.000000000000000000e+00,1.000000000000000000e+00,7.650783851862375971e-04,1.306788502837519803e-03,-9.282044198779314335e-04,7.415624815512661741e-04,4.226063903780982040e-02,5.884214333867373442e-03,1.282942352281109255e-01,1.790744044603861940e-02,7.722880133900006860e-04,1.315193875115390617e-03,2.594462327427271130e-03,1.534597027321410716e-03
3.250000000000000111e-02,0.000000000000000000e+00,2.177630944745237614e-03,2.784008912669290112e-03,2.168258432545271466e-03,2.792727139056282604e-03,1.000000000000000000e+00,1.000000000000000000e+00,7.645778435252251551e-04,1.307190730851107673e-03,-1.001083322024943221e-03,8.044560271755732579e-04,4.152881445053418358e-02,5.096247484337347936e-03,1.246789056965882658e-01,1.511494605103585673e-02,7.722880133900006860e-04,1.315193875115390617e-03,2.594462327427271130e-03,1.534597027321410716e-03
3.300000000000000155e-02,0.000000000000000000e+00,2.176893927938412365e-03,2.784417548235150822e-03,2.168272243001808514e-03,2.792727170787169186e-03,1.000000000000000000e+00,1.000000000000000000e+00,7.640132558958715684e-04,1.307599366416968166e-03,-1.129175258707154931e-03,8.172711317211969403e-04,4.080449773507789646e-02,4.313826233910090721e-03,1.224229898220088875e-01,1.275445510914421064e-02,7.722880133900006860e-04,1.315193875115390617e-03,2.594462327427271130e-03,1.534597027321410716e-03
3.350000000000000200e-02,0.000000000000000000e+00,2.176038071980849163e-03,2.784808015888122143e-03,2.168287556334802958e-03,2.792727219306248565e-03,1.000000000000000000e+00,1.000000000000000000e+00,7.633576321954699002e-04,1.307989834069939487e-03,-1.311247400803418860e-03,7.809353059424716231e-04,4.008752125126148480e-02,3.536847871664567863e-03,1.201606647751167212e-01,1.038923010930878008e-02,7.722880133900006860e-04,1.315193875115390617e-03,2.594462327427271130e-03,1.534597027321410716e-03
3.400000000000000244e-02,0.000000000000000000e+00,2.175028934706694714e-03,2.785156198101849598e-03,2.168304436608493087e-03,2.792727287650027118e-03,1.000000000000000000e+00,1.000000000000000000e+00,7.625845881942595363e-04,1.308338016283666942e-03,-1.546088002420807628e-03,6.963644274547729556e-04,3.988888619282397047e-02,3.329099675791305155e-03,1.198772686503376955e-01,1.020931090824289678e-02,7.746228919576306779e-04,1.303650969081990600e-03,1.689631691199377931e-03,-3.097940575512757658e-03
3.450000000000000289e-02,0.000000000000000000e+00,2.173858461103027155e-03,2.785456053908957549e-03,2.168322945961162138e-03,2.792727379061717835e-03,1.000000000000000000e+00,1.000000000000000000e+00,7.616879533943526556e-04,1.308637872090775110e-03,-1.793269599813660659e-03,5.997116142164288623e-04,3.994514049031280822e-02,4.539285989305199935e-03,1.201347714098173619e-01,1.504504242285135615e-02,7.746228919576306779e-04,1.303650969081990600e-03,1.689631691199377931e-03,-3.097940575512757658e-03
3.500000000000000333e-02,0.000000000000000000e+00,2.172531478254199813e-03,2.785745935706944280e-03,2.168343144623173773e-03,2.792727496989004694e-03,1.000000000000000000e+00,1.000000000000000000e+00,7.606714255568943926e-04,1.308927753888761624e-03,-2.033055674916552959e-03,5.797635959731174942e-04,4.000038914422748837e-02,5.740978147786713302e-03,1.201746852383540343e-01,1.867033950043340065e-02,7.746228919576306779e-04,1.303650969081990600e-03,1.689631691199377931e-03,-3.097940575512757658e-03
3.550000000000000377e-02,0.000000000000000000e+00,2.171052724475979346e-03,2.786063485580561085e-03,2.168365090935020154e-03,2.792727645081813544e-03,1.000000000000000000e+00,1.000000000000000000e+00,7.595386344423474311e-04,1.309245303762378645e-03,-2.265582229093940358e-03,6.350997472340400235e-04,4.005465064804188124e-02,6.934333468821564893e-03,1.202154575449131124e-01,2.230288770117844557e-02,7.746228919576306779e-04,1.303650969081990600e-03,1.689631691199377931e-03,-3.097940575512757658e-03
3.600000000000000422e-02,0.000000000000000000e+00,2.169426850737082683e-03,2.786445644210676365e-03,2.168388841365366092e-03,2.792727827190081245e-03,1.000000000000000000e+00,1.000000000000000000e+00,7.582931428994525236e-04,1.309627462392493492e-03,-2.490983085789754640e-03,7.643172602298603730e-04,3.911673070694986210e-02,7.854625739337758178e-03,1.164075399109974068e-01,2.491384273286232839e-02,7.579177565730089820e-04,1.311682982534918872e-03,-4.677812547337900639e-03,1.412790692740244214e-03
3.649999999999999772e-02,0.000000000000000000e+00,2.167608761587884458e-03,2.786920380805795773e-03,2.168414450529090182e-03,2.792728047361521353e-03,1.000000000000000000e+00,1.000000000000000000e+00,7.569004058096143401e-04,1.310102198987612900e-03,-2.785474179676454293e-03,9.494731902386020468e-04,4.006797873783711494e-02,7.401008624244207260e-03,1.207470083379861281e-01,2.244616090537647837e-02,7.579177565730089820e-04,1.311682982534918872e-03,-4.677812547337900639e-03,1.412790692740244214e-03
3.699999999999999817e-02,0.000000000000000000e+00,2.165648556434472335e-03,2.787472387221433777e-03,2.168441971205331120e-03,2.792728309839399327e-03,1.000000000000000000e+00,1.000000000000000000e+00,7.553988015444700185e-04,1.310654205403251338e-03,-3.003208530288562460e-03,1.104012831276702123e-03,4.100878938207055263e-02,6.950781903519741289e-03,1.234737690161526874e-01,2.115133101335457677e-02,7.579177565730089820e-04,1.311682982534918872e-03,-4.677812547337900639e-03,1.412790692740244214e-03
3.749999999999999861e-02,0.000000000000000000e+00,2.163595245322979740e-03,2.788086630521558092e-03,2.168471454355533172e-03,2.792728619060298213e-03,1.000000000000000000e+00,1.000000000000000000e+00,7.538258739775164025e-04,1.311268448703375219e-03,-3.145855133907235479e-03,1.228486600247692901e-03,4.193938958986673238e-02,6.503884624957764933e-03,1.262094396772237004e-01,1.985360687616670450e-02,7.579177565730089820e-04,1.311682982534918872e-03,-4.677812547337900639e-03,1.412790692740244214e-03
3.799999999999999906e-02,0.000000000000000000e+00,2.161496767420559122e-03,2.788748349577737165e-03,2.168502949141484695e-03,2.792728979651884318e-03,1.000000000000000000e+00,1.000000000000000000e+00,7.522183466413590903e-04,1.311930167759554509e-03,-3.215054672314646839e-03,1.323438112358444078e-03,4.310409894775057982e-02,5.538635472994509965e-03,1.299018144234574679e-01,1.652724129013498008e-02,7.674455188250067826e-04,1.314383954014212812e-03,1.308869820375424108e-03,1.373285072561307787e-03
3.849999999999999950e-02,0.000000000000000000e+00,2.159412238622615034e-03,2.789426748396109639e-03,2.168536502943369231e-03,2.792729396430684592e-03,1.000000000000000000e+00,1.000000000000000000e+00,7.506215049391726495e-04,1.312608566577926983e-03,-3.193683404372901161e-03,1.356797636744997305e-03,4.250737749983324321e-02,4.582133100364852232e-03,1.266013710129937631e-01,1.365085280227983089e-02,7.674455188250067826e-04,1.314383954014212812e-03,1.308869820375424108e-03,1.373285072561307787e-03
3.899999999999999994e-02,0.000000000000000000e+00,2.157311836876345430e-03,2.790091660565945011e-03,2.168572161377801434e-03,2.792729874399844936e-03,1.000000000000000000e+00,1.000000000000000000e+00,7.490125038531254180e-04,1.313273478747762355e-03,-3.218002172094433077e-03,1.329824339670910823e-03,4.191686898576509057e-02,3.632311879012123552e-03,1.248045912002955365e-01,1.076699753591808112e-02,7.674455188250067826e-04,1.314383954014212812e-03,1.308869820375424108e-03,1.373285072561307787e-03
3.950000000000000039e-02,0.000000000000000000e+00,2.155166399969086523e-03,2.790713480797590330e-03,2.168609968315876862e-03,2.792730418746905852e-03,1.000000000000000000e+00,1.000000000000000000e+00,7.473690038322573261e-04,1.313895298979407891e-03,-3.287000041736255068e-03,1.243640463291224461e-03,4.145572951886391383e-02,2.886878606328503738e-03,1.234813380382652065e-01,8.645747523609607563e-03,7.674455188250067826e-04,1.314383954014212812e-03,1.308869820375424108e-03,1.373285072561307787e-03
4.000000000000000083e-02,0.000000000000000000e+00,2.152953591373354784e-03,2.791269341093992329e-03,2.168649965901213970e-03,2.792731034841573756e-03,1.000000000000000000e+00,1.000000000000000000e+00,7.456738941038109280e-04,1.314451159275809890e-03,-3.390219456892828130e-03,1.111720592804113159e-03,3.963893099021445487e-02,2.432799002366596748e-03,1.167646559271720841e-01,7.461868644459940247e-03,7.404637965750234061e-04,1.309181794509210132e-03,-8.075176237774000024e-03,-1.146735237804660801e-03
4.050000000000000128e-02,0.000000000000000000e+00,2.150583422415541963e-03,2.791745753122336186e-03,2.168692194567996973e-03,2.792731728233482317e-03,1.000000000000000000e+00,1.000000000000000000e+00,7.438582393444256998e-04,1.314927571304153747e-03,-3.631309518770377449e-03,9.528240566876720365e-04,4.061818178457037715e-02,2.748404221651665636e-03,1.219913424629104209e-01,9.006865261400478703e-03,7.404637965750234061e-04,1.309181794509210132e-03,-8.075176237774000024e-03,-1.146735237804660801e-03
4.100000000000000172e-02,0.000000000000000000e+00,2.148107052759868751e-03,2.792153450951052017e-03,2.168736693059023467e-03,2.792732504649968108e-03,1.000000000000000000e+00,1.000000000000000000e+00,7.419612301305887050e-04,1.315335269132869578e-03,-3.794018427673984898e-03,8.153956574317640935e-04,4.158677430494200911e-02,3.061632096955025500e-03,1.248311526191092230e-01,9.894812480398515464e-03,7.404637965750234061e-04,1.309181794509210132e-03,-8.075176237774000024e-03,-1.146735237804660801e-03
4.150000000000000216e-02,0.000000000000000000e+00,2.145574525243604605e-03,2.792502977320041394e-03,2.168783498443742960e-03,2.792733369993836284e-03,1.000000000000000000e+00,1.000000000000000000e+00,7.400212014997087319e-04,1.315684795501858954e-03,-3.880057261759990543e-03,6.990527379786404651e-04,4.254494122384193389e-02,3.372525003050935721e-03,1.276800613209634061e-01,1.078478914363749722e-02,7.404637965750234061e-04,1.309181794509210132e-03,-8.075176237774000024e-03,-1.146735237804660801e-03
4.200000000000000261e-02,0.000000000000000000e+00,2.143034784847033108e-03,2.792804685994601261e-03,2.168832646136303194e-03,2.792734330341126257e-03,1.000000000000000000e+00,1.000000000000000000e+00,7.380756474819502545e-04,1.315986504176418605e-03,-3.891108035517008498e-03,6.034173491193087387e-04,4.413997238660959804e-02,4.141616169255249447e-03,1.330508355651578434e-01,1.346515116491212201e-02,7.519753833741282291e-04,1.312551427569184611e-03,6.946086039002130272e-04,6.486630909272200242e-04
4.250000000000000305e-02,0.000000000000000000e+00,2.140568115605263888e-03,2.793083136787246918e-03,2.168884169913597778e-03,2.792735391938893849e-03,1.000000000000000000e+00,1.000000000000000000e+00,7.361860692162803870e-04,1.316264954969064262e-03,-3.779156531339706269e-03,5.569015852912640764e-04,4.381675421544458521e-02,4.215152806322494672e-03,1.304930727834432147e-01,1.307419484492926276e-02,7.519753833741282291e-04,1.312551427569184611e-03,6.946086039002130272e-04,6.486630909272200242e-04
4.300000000000000350e-02,0.000000000000000000e+00,2.138157754038208947e-03,2.793340866962648432e-03,2.168938101933302106e-03,2.792736561202960495e-03,1.000000000000000000e+00,1.000000000000000000e+00,7.343396251319303557e-04,1.316522685144465559e-03,-3.692888168700148542e-03,5.154603508026877083e-04,4.380502343820667777e-02,4.219741936252404541e-03,1.307689913131501735e-01,1.301141953527989135e-02,7.519753833741282291e-04,1.312551427569184611e-03,6.946086039002130272e-04,6.486630909272200242e-04
4.350000000000000394e-02,0.000000000000000000e+00,2.135802730952674269e-03,2.793578231672382353e-03,2.168994472751925758e-03,2.792737844715701030e-03,1.000000000000000000e+00,1.000000000000000000e+00,7.325355727838396514e-04,1.316760049854199697e-03,-3.608104696181300541e-03,4.747294194683565486e-04,4.379349457641838750e-02,4.224252408451561157e-03,1.307790054122837109e-01,1.300750197712302603e-02,7.519753833741282291e-04,1.312551427569184611e-03,6.946086039002130272e-04,6.486630909272200242e-04
4.399999999999999745e-02,0.000000000000000000e+00,2.133502092267427434e-03,2.793795581788779438e-03,2.169053311342849285e-03,2.792739249223798528e-03,1.000000000000000000e+00,1.000000000000000000e+00,7.307731813033815872e-04,1.316977399970596999e-03,-3.524782960916215697e-03,4.347002327944587269e-04,4.323034506485501360e-02,4.320855208524277888e-03,1.286457679671091370e-01,1.336160868529797340e-02,7.374858014158318809e-04,1.318176929440359208e-03,-4.339516113394118607e-03,2.020843442255069403e-03
4.449999999999999789e-02,0.000000000000000000e+00,2.131227252231221447e-03,2.793996144725500660e-03,2.169114645114374011e-03,2.792740781636024287e-03,1.000000000000000000e+00,1.000000000000000000e+00,7.290305527346614039e-04,1.317177962907317788e-03,-3.485257137440406130e-03,4.011258734413699093e-04,4.416309470765964612e-02,3.989136912639048432e-03,1.327698627481390947e-01,1.197642220517659666e-02,7.374858014158318809e-04,1.318176929440359208e-03,-4.339516113394118607e-03,2.020843442255069403e-03
4.499999999999999833e-02,0.000000000000000000e+00,2.129024900202964015e-03,2.794169725065544056e-03,2.169178499927759685e-03,2.792742449020996134e-03,1.000000000000000000e+00,1.000000000000000000e+00,7.273434532016231262e-04,1.317351543247361617e-03,-3.374199066076468984e-03,3.471606800877829677e-04,4.508611739101324456e-02,3.659676662098326847e-03,1.356169677678095709e-01,1.095687645191536358e-02,7.374858014158318809e-04,1.318176929440359208e-03,-4.339516113394118607e-03,2.020843442255069403e-03
4.549999999999999878e-02,0.000000000000000000e+00,2.126940687096135971e-03,2.794306319577710088e-03,2.169244900115275577e-03,2.792744258604957976e-03,1.000000000000000000e+00,1.000000000000000000e+00,7.257468533328617155e-04,1.317488137759527432e-03,-3.193199737522727649e-03,2.731890243317012753e-04,4.599962945792844538e-02,3.332431892262654235e-03,1.384723763068662072e-01,9.935403094926827453e-03,7.374858014158318809e-04,1.318176929440359208e-03,-4.339516113394118607e-03,2.020843442255069403e-03
4.599999999999999922e-02,0.000000000000000000e+00,2.125019243117140261e-03,2.794396114785603537e-03,2.169313868498238575e-03,2.792746217769540712e-03,1.000000000000000000e+00,1.000000000000000000e+00,7.242749418499877696e-04,1.317577932967420882e-03,-2.943822965747838489e-03,1.795904157868957783e-04,4.685681752402966888e-02,3.004483030673423503e-03,1.411532705474532468e-01,8.900863057834763198e-03,7.349188150073819896e-04,1.307101812956953241e-03,-2.401787661419754315e-03,-2.771702435104941679e-03
4.649999999999999967e-02,0.000000000000000000e+00,2.123301839189349269e-03,2.794429394622318947e-03,2.169385426405059936e-03,2.792748334049534840e-03,1.000000000000000000e+00,1.000000000000000000e+00,7.229593341145125474e-04,1.317611212804136291e-03,-2.631215470950503104e-03,6.655967343084279891e-05,4.715595845535580644e-02,4.141068994327585899e-03,1.417483730032192690e-01,1.354632270116879790e-02,7.349188150073819896e-04,1.307101812956953241e-03,-2.401787661419754315e-03,-2.771702435104941679e-03
4.700000000000000011e-02,0.000000000000000000e+00,2.121801284639318174e-03,2.794442336544068067e-03,2.169459593689285985e-03,2.792750615130658743e-03,1.000000000000000000e+00,1.000000000000000000e+00,7.218098426398643656e-04,1.317624154725885628e-03,-2.298982949296464982e-03,2.588384349888006667e-05,4.745243077432742540e-02,5.269642501348177979e-03,1.428198581585696791e-01,1.694156706660170097e-02,7.349188150073819896e-04,1.307101812956953241e-03,-2.401787661419754315e-03,-2.771702435104941679e-03
4.750000000000000056e-02,0.000000000000000000e+00,2.120530081563845766e-03,2.794470449214827949e-03,2.169536388747649643e-03,2.792753068847329562e-03,1.000000000000000000e+00,1.000000000000000000e+00,7.208360445878228898e-04,1.317652267396645510e-03,-1.947596104082996134e-03,5.622534151974664402e-05,4.774629848720774589e-02,6.390351673503448168e-03,1.438936214024154336e-01,2.034365134838493627e-02,7.349188150073819896e-04,1.307101812956953241e-03,-2.401787661419754315e-03,-2.771702435104941679e-03
4.800000000000000100e-02,0.000000000000000000e+00,2.119500430191783094e-03,2.794548580886857710e-03,2.169615828538103749e-03,2.792755703180427145e-03,1.000000000000000000e+00,1.000000000000000000e+00,7.200472858759045724e-04,1.317730399068675270e-03,-1.577517423836633827e-03,1.562633440593156698e-04,4.773654725620820466e-02,7.078349647042311496e-03,1.438003264132431125e-01,2.210192014479775077e-02,7.239162515599832518e-04,1.318218898575601638e-03,-4.367079810632611657e-03,2.510245279888749688e-03
4.850000000000000144e-02,0.000000000000000000e+00,2.118709149972313951e-03,2.794697644510664089e-03,2.169697928597872152e-03,2.792758526255066653e-03,1.000000000000000000e+00,1.000000000000000000e+00,7.194411300608302955e-04,1.317879462692481650e-03,-1.212311630148497823e-03,2.981272476127575280e-04,4.832491552717323169e-02,6.153948473315669007e-03,1.462865384784306499e-01,1.798555478021450840e-02,7.239162515599832518e-04,1.318218898575601638e-03,-4.367079810632611657e-03,2.510245279888749688e-03
4.900000000000000189e-02,0.000000000000000000e+00,2.118183036537971044e-03,2.794887906173157584e-03,2.169782703061493446e-03,2.792761546338370319e-03,1.000000000000000000e+00,1.000000000000000000e+00,7.190381037880018162e-04,1.318069724354975145e-03,-8.060525456570227397e-04,3.805233249868587289e-04,4.890770136913924482e-02,5.236132662799222737e-03,1.482621596539529518e-01,1.524563059902959809e-02,7.239162515599832518e-04,1.318218898575601638e-03,-4.367079810632611657e-03,2.510245279888749688e-03
4.950000000000000233e-02,0.000000000000000000e+00,2.117948264197872920e-03,2.795090178859703598e-03,2.169870164678860784e-03,2.792764771837229210e-03,1.000000000000000000e+00,1.000000000000000000e+00,7.188582577414714568e-04,1.318271997041520942e-03,-3.596920930607339756e-04,4.045453730916568767e-04,4.948503422461310308e-02,4.324781090333481778e-03,1.502425463276402806e-01,1.250008475453289955e-02,7.239162515599832518e-04,1.318218898575601638e-03,-4.367079810632611657e-03,2.510245279888749688e-03
5.000000000000000278e-02,0.000000000000000000e+00,2.118030396680141338e-03,2.795275815618055576e-03,2.169960324833269082e-03,2.792768211296078017e-03,1.000000000000000000e+00,1.000000000000000000e+00,7.189211748731127050e-04,1.318457633799872703e-03,1.258342632826044464e-04,3.712735167036923458e-04,5.010448069237590646e-02,3.960948124923138400e-03,1.524118264930662547e-01,1.185075656315647680e-02,7.142511684691641317e-04,1.312221222336537553e-03,-4.662214524471469321e-03,-9.828920311334091858e-04
5.050000000000000322e-02,0.000000000000000000e+00,2.118456774454883368e-03,2.795433617218446437e-03,2.170053193559458304e-03,2.792771873394661597e-03,1.000000000000000000e+00,1.000000000000000000e+00,7.192477991981234857e-04,1.318615435400263564e-03,6.532486500216052715e-04,3.156032007816021940e-04,5.083162304175400936e-02,4.657955525865863956e-03,1.549855312455877543e-01,1.484434420260035380e-02,7.142511684691641317e-04,1.312221222336537553e-03,-4.662214524471469321e-03,-9.828920311334091858e-04
5.100000000000000366e-02,0.000000000000000000e+00,2.119259776694450582e-03,2.795585674450241052e-03,2.170148779561658064e-03,2.792775766945806287e-03,1.000000000000000000e+00,1.000000000000000000e+00,7.198629346015558012e-04,1.318767492632058180e-03,1.230270806864731167e-03,3.041144635893832130e-04,5.155201972351357992e-02,5.350070335943425161e-03,1.574673002965870094e-01,1.693233450794981790e-02,7.142511684691641317e-04,1.312221222336537553e-03,-4.662214524471469321e-03,-9.828920311334091858e-04
5.150000000000000411e-02,0.000000000000000000e+00,2.120471025407599710e-03,2.795753668966142243e-03,2.170247090231628741e-03,2.792779900893185147e-03,1.000000000000000000e+00,1.000000000000000000e+00,7.207908049474987542e-04,1.318935487147959587e-03,1.855740691885989077e-03,3.359890318027241077e-04,5.226582848022680999e-02,6.037383169314639031e-03,1.599548278564117409e-01,1.902450142401738639e-02,7.142511684691641317e-04,1.312221222336537553e-03,-4.662214524471469321e-03,-9.828920311334091858e-04
5.200000000000000455e-02,0.000000000000000000e+00,2.122121398561688677e-03,2.795958878413651576e-03,2.170348131666705212e-03,2.792784284309086668e-03,1.000000000000000000e+00,1.000000000000000000e+00,7.220550641312613750e-04,1.319140696595468920e-03,2.528518367525186064e-03,4.104188950184508048e-04,5.246208984542298503e-02,6.057197682556591384e-03,1.604629842563740361e-01,1.854673259841282604e-02,7.113247203749212223e-04,1.322354462589853336e-03,-2.633834813390896999e-03,2.852914236400077696e-03
5.249999999999999806e-02,0.000000000000000000e+00,2.124215435790356536e-03,2.796201466099977519e-03,2.170451908687850550e-03,2.792788926392193033e-03,1.000000000000000000e+00,1.000000000000000000e+00,7.236591897139665192e-04,1.319383284281794863e-03,3.208251165410231590e-03,4.851753726519736397e-04,5.208295908694227788e-02,4.901926434721886119e-03,1.591819957712476141e-01,1.407528712288253457e-02,7.113247203749212223e-04,1.322354462589853336e-03,-2.633834813390896999e-03,2.852914236400077696e-03
5.299999999999999850e-02,0.000000000000000000e+00,2.126728746075129666e-03,2.796444861808161653e-03,2.170558424857681971e-03,2.792793836465333208e-03,1.000000000000000000e+00,1.000000000000000000e+00,7.255844970914508306e-04,1.319626679989978780e-03,3.850614754968706074e-03,4.867914163680175195e-04,5.170890979569965629e-02,3.754754630799013188e-03,1.583921967146042220e-01,1.060696574247095916e-02,7.113247203749212223e-04,1.322354462589853336e-03,-2.633834813390896999e-03,2.852914236400077696e-03
5.349999999999999895e-02,0.000000000000000000e+00,2.129637429065393221e-03,2.796653173613404108e-03,2.170667682498531037e-03,2.792799023973265970e-03,1.000000000000000000e+00,1.000000000000000000e+00,7.278126775329370798e-04,1.319834991795221452e-03,4.456360882972561742e-03,4.166236104853376010e-04,5.133983974912299103e-02,2.615532045009794776e-03,1.575980598109764097e-01,7.131730188120645117e-03,7.113247203749212223e-04,1.322354462589853336e-03,-2.633834813390896999e-03,2.852914236400077696e-03
5.399999999999999939e-02,0.000000000000000000e+00,2.132918066961157245e-03,2.796791179369772801e-03,2.170779682710481315e-03,2.792804498480444715e-03,1.000000000000000000e+00,1.000000000000000000e+00,7.303257919628726533e-04,1.319972997551590145e-03,5.026228859871100310e-03,2.760115127373042178e-04,5.238751236866262539e-02,2.313085408030790026e-03,1.622828723449142863e-01,6.869166296825295580e-03,7.284428750310834423e-04,1.326473174146711696e-03,4.463240359673188197e-03,2.349743662088787932e-03
5.449999999999999983e-02,0.000000000000000000e+00,2.136618451937670297e-03,2.796850227952683236e-03,2.170894425389410798e-03,2.792810269668781833e-03,1.000000000000000000e+00,1.000000000000000000e+00,7.331604513115312855e-04,1.320032046134500580e-03,5.669318697317232182e-03,1.180971658210015741e-04,5.133449075560152924e-02,2.146933089001738879e-03,1.576385535123090986e-01,6.414159636643807123e-03,7.284428750310834423e-04,1.326473174146711696e-03,4.463240359673188197e-03,2.349743662088787932e-03
5.500000000000000028e-02,0.000000000000000000e+00,2.140680526540968652e-03,2.796826037671997552e-03,2.171011909245034767e-03,2.792816347335420890e-03,1.000000000000000000e+00,1.000000000000000000e+00,7.362721809889229054e-04,1.320007855853814896e-03,6.223459354783217323e-03,-4.838056137154180241e-05,5.029356445748459775e-02,1.981729063748485006e-03,1.547875140053490695e-01,5.842803924425384911e-03,7.284428750310834423e-04,1.326473174146711696e-03,4.463240359673188197e-03,2.349743662088787932e-03
5.550000000000000072e-02,0.000000000000000000e+00,2.145047473382385560e-03,2.796714415700624588e-03,2.171132131818958623e-03,2.792822741390509674e-03,1.000000000000000000e+00,1.000000000000000000e+00,7.396174563501862944e-04,1.319896233882441716e-03,6.690550722526870768e-03,-2.232439427462029385e-04,4.926447512711815829e-02,1.817453651193764834e-03,1.519261492078780029e-01,5.270638691432168697e-03,7.284428750310834423e-04,1.326473174146711696e-03,4.463240359673188197e-03,2.349743662088787932e-03
5.600000000000000117e-02,0.000000000000000000e+00,2.149663694217308213e-03,2.796511256901444784e-03,2.171255089502709471e-03,2.792829461854961972e-03,1.000000000000000000e+00,1.000000000000000000e+00,7.431536866689887914e-04,1.319693075083262128e-03,7.072460637604988803e-03,-4.063175983590734501e-04,4.746745794104474669e-02,1.784972696820179804e-03,1.460273243567901391e-01,5.205994656497035800e-03,7.268007453106552001e-04,1.323013788840217593e-03,1.112627855175940192e-03,-2.368991907924340940e-04
5.650000000000000161e-02,0.000000000000000000e+00,2.154435735283976618e-03,2.796216633494216525e-03,2.171380777555786783e-03,2.792836518858229748e-03,1.000000000000000000e+00,1.000000000000000000e+00,7.468092822104456302e-04,1.319398451676033869e-03,7.311191082913606407e-03,-5.892468144565631482e-04,4.665794970176022349e-02,2.532622169850479166e-03,1.445435852385621167e-01,8.058666631192043864e-03,7.268007453106552001e-04,1.323013788840217593e-03,1.112627855175940192e-03,-2.368991907924340940e-04
5.700000000000000205e-02,0.000000000000000000e+00,2.159320686747645893e-03,2.795855010259504052e-03,2.171509190123711332e-03,2.792843922636076628e-03,1.000000000000000000e+00,1.000000000000000000e+00,7.505513721340955832e-04,1.319036828441321179e-03,7.484179847299998051e-03,-7.232464694252262096e-04,4.585738102027588081e-02,3.274853268737133987e-03,1.422168489098482591e-01,1.024537221008367353e-02,7.268007453106552001e-04,1.323013788840217593e-03,1.112627855175940192e-03,-2.368991907924340940e-04
5.750000000000000250e-02,0.000000000000000000e+00,2.164276572802640523e-03,2.795450405747926682e-03,2.171640320256054170e-03,2.792851683528336203e-03,1.000000000000000000e+00,1.000000000000000000e+00,7.543478011072547989e-04,1.318632223929744026e-03,7.592857946318341995e-03,-8.092090231541090254e-04,4.506555730700900070e-02,4.011764822929570970e-03,1.398824812352989777e-01,1.243670324001887491e-02,7.268007453106552001e-04,1.323013788840217593e-03,1.112627855175940192e-03,-2.368991907924340940e-04
5.800000000000000294e-02,0.000000000000000000e+00,2.169262335821351556e-03,2.795026397834768535e-03,2.171774159924497703e-03,2.792859811976693314e-03,1.000000000000000000e+00,1.000000000000000000e+00,7.581671171624467572e-04,1.318208216016586096e-03,7.638632110383887161e-03,-8.480158263156984061e-04,4.551129277110885218e-02,3.839312303522572634e-03,1.423136882165677020e-01,1.112119444114318886e-02,7.426958105743596168e-04,1.314493566957442060e-03,5.446426994103773130e-03,-2.787891807390847996e-03
5.850000000000000339e-02,0.000000000000000000e+00,2.174299394823840485e-03,2.794577870196095215e-03,2.171910700040864672e-03,2.792868318522441929e-03,1.000000000000000000e+00,1.000000000000000000e+00,7.620257282209655673e-04,1.317759688377912559e-03,7.717222117037626263e-03,-8.970552773468771363e-04,4.465979046046066742e-02,4.455917247028944386e-03,1.386677392037768686e-01,1.364200408680059200e-02,7.426958105743596168e-04,1.314493566957442060e-03,5.446426994103773130e-03,-2.787891807390847996e-03
5.900000000000000383e-02,0.000000000000000000e+00,2.179343921394243273e-03,2.794124430826118964e-03,2.172049930475174889e-03,2.792877213804262956e-03,1.000000000000000000e+00,1.000000000000000000e+00,7.658900597683887795e-04,1.317306249007936308e-03,7.728663094846522329e-03,-9.068787399526534714e-04,4.381741907886942816e-02,5.068179480468037665e-03,1.361291906140459362e-01,1.548922668060195504e-02,7.426958105743596168e-04,1.314493566957442060e-03,5.446426994103773130e-03,-2.787891807390847996e-03
5.950000000000000427e-02,0.000000000000000000e+00,2.184353053369055692e-03,2.793685324544266206e-03,2.172191840073678989e-03,2.792886508555988620e-03,1.000000000000000000e+00,1.000000000000000000e+00,7.697272774825434510e-04,1.316867142726083550e-03,7.674435428309331862e-03,-8.782125637053132903e-04,4.298397732356028927e-02,5.676179438522911506e-03,1.335828473124299476e-01,1.734015647369965482e-02,7.426958105743596168e-04,1.314493566957442060e-03,5.446426994103773130e-03,-2.787891807390847996e-03
5.999999999999999778e-02,0.000000000000000000e+00,2.189284878375595024e-03,2.793279437550306391e-03,2.172336416676905191e-03,2.792896213604367274e-03,1.000000000000000000e+00,1.000000000000000000e+00,7.735052746232379565e-04,1.316461255732123735e-03,7.555994281388905137e-03,-8.117739879195172512e-04,4.315583921338943252e-02,6.765319305609457552e-03,1.348992278636880204e-01,2.107955354553660635e-02,7.640786581034953763e-04,1.326094772083288680e-03,8.772115241449086886e-03,2.657803593336310454e-03
6.049999999999999822e-02,0.000000000000000000e+00,2.194148346607246308e-03,2.792940470732381726e-03,2.172483647137712134e-03,2.792906339866848588e-03,1.000000000000000000e+00,1.000000000000000000e+00,7.772309074363801173e-04,1.316122288914198853e-03,7.451265626284263484e-03,-6.779336358497266334e-04,4.230664820788920116e-02,6.188878865269226148e-03,1.313992395270230651e-01,1.796865986966251008e-02,7.640786581034953763e-04,1.326094772083288680e-03,8.772115241449086886e-03,2.657803593336310454e-03
6.099999999999999867e-02,0.000000000000000000e+00,2.198901156437722652e-03,2.792649667692033086e-03,2.172633517339315687e-03,2.792916898349328842e-03,1.000000000000000000e+00,1.000000000000000000e+00,7.808717709962179716e-04,1.315831485873850430e-03,7.281727119675699030e-03,-5.816060806969089274e-04,4.146627004996776555e-02,5.616592526543262229e-03,1.287708835389257678e-01,1.627960602376320176e-02,7.640786581034953763e-04,1.326094772083288680e-03,8.772115241449086886e-03,2.657803593336310454e-03
6.149999999999999911e-02,0.000000000000000000e+00,2.203501952195802312e-03,2.792388614504767198e-03,2.172786012213346989e-03,2.792927900143939157e-03,1.000000000000000000e+00,1.000000000000000000e+00,7.843961850206199486e-04,1.315570432686584326e-03,7.048828048803905399e-03,-5.221063745319931386e-04,4.063450766545732840e-02,5.048384439494169734e-03,1.261350043724820680e-01,1.458700598612123860e-02,7.640786581034953763e-04,1.326094772083288680e-03,8.772115241449086886e-03,2.657803593336310454e-03
6.199999999999999956e-02,0.000000000000000000e+00,2.207910307980866932e-03,2.792139235454728537e-03,2.172941115757891836e-03,2.792939356426809433e-03,1.000000000000000000e+00,1.000000000000000000e+00,7.877731814730601790e-04,1.315321053636546098e-03,6.753992904880515465e-03,-4.987581000765799145e-04,3.862275023892651482e-02,3.511347694765107590e-03,1.188763618682257411e-01,9.112775447649643090e-03,7.657569914235229543e-04,1.325092685469624575e-03,3.742080902316485911e-03,6.548776677740095892e-04
6.250000000000000000e-02,0.000000000000000000e+00,2.212027171162941550e-03,2.791853382877870424e-03,2.173098811055533108e-03,2.792951278455829689e-03,1.000000000000000000e+00,1.000000000000000000e+00,7.909268816367698383e-04,1.315035201059687768e-03,6.307400327419261307e-03,-5.717051537164522619e-04,3.825777280786268886e-02,2.866806066920883720e-03,1.189404252965600289e-01,7.890329666675140186e-03,7.657569914235229543e-04,1.325092685469624575e-03,3.742080902316485911e-03,6.548776677740095892e-04
6.300000000000000044e-02,0.000000000000000000e+00,2.215837178817064903e-03,2.791511368099044293e-03,2.173259080291394928e-03,2.792963677568426582e-03,1.000000000000000000e+00,1.000000000000000000e+00,7.938455168284516174e-04,1.314693186280861638e-03,5.837270383363454135e-03,-6.840295576521151924e-04,3.832170110646308109e-02,2.879244675237498715e-03,1.192519920497297908e-01,8.440549283501387612e-03,7.657569914235229543e-04,1.325092685469624575e-03,3.742080902316485911e-03,6.548776677740095892e-04
6.350000000000000089e-02,0.000000000000000000e+00,2.219346669936779742e-03,2.791114271711614067e-03,2.173421904771191161e-03,2.792976565179335589e-03,1.000000000000000000e+00,1.000000000000000000e+00,7.965339429988845844e-04,1.314296089893431411e-03,5.376852340866035591e-03,-7.941927748602405209e-04,3.838430878009445324e-02,2.891443957510431238e-03,1.191974189974384923e-01,8.429930937057713083e-03,7.657569914235229543e-04,1.325092685469624575e-03,3.742080902316485911e-03,6.548776677740095892e-04
6.400000000000000133e-02,0.000000000000000000e+00,2.222561877712313921e-03,2.790663160508469881e-03,2.173587264939261330e-03,2.792989952778358875e-03,1.000000000000000000e+00,1.000000000000000000e+00,7.989969350488055873e-04,1.313844978690287008e-03,4.925984099841932903e-03,-9.022224062889931673e-04,3.877459496040549375e-02,2.507834551203119624e-03,1.204216085803950093e-01,6.883247983547766992e-03,7.832552000710843280e-04,1.312976510856118896e-03,6.916877699278625551e-03,-3.601603260173104077e-03
6.450000000000000178e-02,0.000000000000000000e+00,2.225505413151483963e-03,2.790146723973477381e-03,2.173755140396619982e-03,2.793003851928143114e-03,1.000000000000000000e+00,1.000000000000000000e+00,8.012518140151054331e-04,1.313328542155294725e-03,4.509757932599624784e-03,-1.032873069984760299e-03,3.819583362483321837e-02,3.433809620221043267e-03,1.176209151216585647e-01,1.075070385437232670e-02,7.832552000710843280e-04,1.312976510856118896e-03,6.916877699278625551e-03,-3.601603260173104077e-03
6.500000000000000222e-02,0.000000000000000000e+00,2.228151105153639532e-03,2.789594721668515152e-03,2.173925509919002151e-03,2.793018274261945162e-03,1.000000000000000000e+00,1.000000000000000000e+00,8.032785316715609870e-04,1.312776539850332280e-03,4.053435312911052302e-03,-1.104004609924758278e-03,3.762252460732154469e-02,4.353193645424748362e-03,1.156474590822632043e-01,1.350021941368422310e-02,7.832552000710843280e-04,1.312976510856118896e-03,6.916877699278625551e-03,-3.601603260173104077e-03
6.550000000000000266e-02,0.000000000000000000e+00,2.230473393865514166e-03,2.789036365142673855e-03,2.174098351474902310e-03,2.793033231481404678e-03,1.000000000000000000e+00,1.000000000000000000e+00,8.050575080346104471e-04,1.312218183324491199e-03,3.557952726098908072e-03,-1.116713051682008797e-03,3.705454056453890560e-02,5.266107998771973019e-03,1.136693486152490495e-01,1.625536148561419758e-02,7.832552000710843280e-04,1.312976510856118896e-03,6.916877699278625551e-03,-3.601603260173104077e-03
6.600000000000000311e-02,0.000000000000000000e+00,2.232447320091477012e-03,2.788500324786215463e-03,2.174273642243619402e-03,2.793048735354304157e-03,1.000000000000000000e+00,1.000000000000000000e+00,8.065696232511359578e-04,1.311682142968032590e-03,3.024230433051017068e-03,-1.072080712917003204e-03,3.696609997941072839e-02,6.065877248501257667e-03,1.135288819271746685e-01,1.860126984543521503e-02,8.051905622273115891e-04,1.316266843835821711e-03,9.485365303534328690e-03,-2.747908219951043785e-04
6.650000000000000355e-02,0.000000000000000000e+00,2.234072279831912124e-03,2.788011398724616653e-03,2.174451358633303598e-03,2.793064797712348484e-03,1.000000000000000000e+00,1.000000000000000000e+00,8.078144146305883417e-04,1.311193216906433780e-03,2.489582758904774692e-03,-9.778521231974574186e-04,3.607463459373815018e-02,5.860972361083465962e-03,1.098598837605862244e-01,1.716328245119216889e-02,8.051905622273115891e-04,1.316266843835821711e-03,9.485365303534328690e-03,-2.747908219951043785e-04
6.700000000000000400e-02,0.000000000000000000e+00,2.235307483543241651e-03,2.787562690231231918e-03,2.174631476299000027e-03,2.793081430448929314e-03,1.000000000000000000e+00,1.000000000000000000e+00,8.087606355697724318e-04,1.310744508413049479e-03,1.892441878368146795e-03,-8.974169867688113573e-04,3.519166703809984559e-02,5.657594936592763579e-03,1.068763960078639580e-01,1.658294550945008800e-02,8.051905622273115891e-04,1.316266843835821711e-03,9.485365303534328690e-03,-2.747908219951043785e-04
6.750000000000000444e-02,0.000000000000000000e+00,2.236113085913867676e-03,2.787147425955323332e-03,2.174813970160687296e-03,2.793098645516891611e-03,1.000000000000000000e+00,1.000000000000000000e+00,8.093777627891541194e-04,1.310329244137140459e-03,1.234254438763365434e-03,-8.305285518179774621e-04,3.431700059730434516e-02,5.455717650164318769e-03,1.038856539947754648e-01,1.600130463320609264e-02,8.051905622273115891e-04,1.316266843835821711e-03,9.485365303534328690e-03,-2.747908219951043785e-04
6.800000000000000488e-02,0.000000000000000000e+00,2.236450169546501908e-03,2.786758954401322153e-03,2.174998814421325553e-03,2.793116454926303227e-03,1.000000000000000000e+00,1.000000000000000000e+00,8.096359838327997971e-04,1.309940772583139280e-03,5.164420872913027529e-04,-7.769431080022175121e-04,3.283166190820720198e-02,5.228693961103994536e-03,9.848469412773908083e-02,1.531500184811518742e-02,7.989915902064506420e-04,1.305302319071557958e-03,1.505705078550518498e-03,-3.576685508271411958e-03
6.850000000000000533e-02,0.000000000000000000e+00,2.236249727562064030e-03,2.786389912426513911e-03,2.175185982584903685e-03,2.793134870742230991e-03,1.000000000000000000e+00,1.000000000000000000e+00,8.094824363644535087e-04,1.309571730608331255e-03,-3.070949366925391230e-04,-7.380839496158569241e-04,3.367289565804122004e-02,6.022925250723837678e-03,1.025848247724165940e-01,1.861003966376057264e-02,7.989915902064506420e-04,1.305302319071557958e-03,1.505705078550518498e-03,-3.576685508271411958e-03
6.900000000000000577e-02,0.000000000000000000e+00,2.235560179409555072e-03,2.786064939699092399e-03,2.175375447474477836e-03,2.793153905082503777e-03,1.000000000000000000e+00,1.000000000000000000e+00,8.089542118339612545e-04,1.309246757880909526e-03,-1.056449060984425946e-03,-6.499454548432867041e-04,3.450404201262950027e-02,6.811699432698920149e-03,1.046988528279583081e-01,2.103327262029901223e-02,7.989915902064506420e-04,1.305302319071557958e-03,1.505705078550518498e-03,-3.576685508271411958e-03
6.950000000000000622e-02,0.000000000000000000e+00,2.234428931586232743e-03,2.785808213820976410e-03,2.175567181250213401e-03,2.793173570115475152e-03,1.000000000000000000e+00,1.000000000000000000e+00,8.080876257251143856e-04,1.308990032002793971e-03,-1.733172217693722695e-03,-5.134517562312545386e-04,3.532531200379535746e-02,7.595118843853462462e-03,1.068214920926246203e-01,2.346116409313424994e-02,7.989915902064506420e-04,1.305302319071557958e-03,1.505705078550518498e-03,-3.576685508271411958e-03
7.000000000000000666e-02,0.000000000000000000e+00,2.232902394614392095e-03,2.785643456158156360e-03,2.175761155427436994e-03,2.793193878057806390e-03,1.000000000000000000e+00,1.000000000000000000e+00,8.069182305606202935e-04,1.308825274339973704e-03,-2.338790328988247548e-03,-3.295153256407003912e-04,3.611726408779262348e-02,8.397990891720618495e-03,1.088762522247162384e-01,2.598957783927718923e-02,8.138898936506908143e-04,1.317940522413263557e-03,5.274258524102830997e-03,2.697923335182982572e-03
7.050000000000000711e-02,0.000000000000000000e+00,2.231025015325243874e-03,2.785594709813674595e-03,2.175957340894676267e-03,2.793214841172226084e-03,1.000000000000000000e+00,1.000000000000000000e+00,8.054800745885418514e-04,1.308776527995491939e-03,-2.876311944156907923e-03,-9.749268896364456571e-05,3.577261450377851315e-02,7.287676215969318694e-03,1.065778268700578735e-01,2.109189868763272982e-02,8.138898936506908143e-04,1.317940522413263557e-03,5.274258524102830997e-03,2.697923335182982572e-03
7.100000000000000755e-02,0.000000000000000000e+00,2.228783818926614695e-03,2.785625928382389968e-03,2.176155707931700170e-03,2.793236471765301026e-03,1.000000000000000000e+00,1.000000000000000000e+00,8.037632185414336295e-04,1.308807746564207529e-03,-3.433712094216429152e-03,6.243713743126128903e-05,3.543066800415692330e-02,6.185344972118153942e-03,1.052496732670456792e-01,1.782743114019022870e-02,8.138898936506908143e-04,1.317940522413263557e-03,5.274258524102830997e-03,2.697923335182982572e-03
7.150000000000000799e-02,0.000000000000000000e+00,2.226166158169220685e-03,2.785701725060340563e-03,2.176356226227565277e-03,2.793258782185201877e-03,1.000000000000000000e+00,1.000000000000000000e+00,8.017579740642611632e-04,1.308883543242157907e-03,-4.010488954344993209e-03,1.515933559006283553e-04,3.509135635075787130e-02,5.090851074002149430e-03,1.039192121481269243e-01,1.455614845366084119e-02,8.138898936506908143e-04,1.317940522413263557e-03,5.274258524102830997e-03,2.697923335182982572e-03
7.200000000000000844e-02,0.000000000000000000e+00,2.223159707553092231e-03,2.785787364420902815e-03,2.176558864898666887e-03,2.793281784819484463e-03,1.000000000000000000e+00,1.000000000000000000e+00,7.994548992762645721e-04,1.308969182602719942e-03,-4.606149575993260387e-03,1.712787211242484454e-04,3.411862354642685585e-02,4.453653167703639296e-03,1.001165366498966564e-01,1.302428032384467943e-02,8.026144379847949132e-04,1.318257372909981953e-03,-1.644690403986796140e-03,1.087707102245539332e-03
7.249999999999999500e-02,0.000000000000000000e+00,2.219720594112659789e-03,2.785862806640065567e-03,2.176763592506768437e-03,2.793305492092840268e-03,1.000000000000000000e+00,1.000000000000000000e+00,7.968203855359651906e-04,1.309044624821882911e-03,-5.269027480598769894e-03,1.508844383259602998e-04,3.517730391970549236e-02,4.297583346254482337e-03,1.047084089523250133e-01,1.295333775877692550e-02,8.026144379847949132e-04,1.318257372909981953e-03,-1.644690403986796140e-03,1.087707102245539332e-03
7.299999999999999545e-02,0.000000000000000000e+00,2.215907279372077588e-03,2.785923283763020505e-03,2.176970377077061709e-03,2.793329916464883794e-03,1.000000000000000000e+00,1.000000000000000000e+00,7.938992169690786997e-04,1.309105101944837849e-03,-5.842337133772958387e-03,1.209542459099148618e-04,3.622380479666612724e-02,4.142569514781874705e-03,1.075661444171707309e-01,1.247167523544118542e-02,8.026144379847949132e-04,1.318257372909981953e-03,-1.644690403986796140e-03,1.087707102245539332e-03
7.349999999999999589e-02,0.000000000000000000e+00,2.211776977292642145e-03,2.785964117977958281e-03,2.177179186116194945e-03,2.793355070427905665e-03,1.000000000000000000e+00,1.000000000000000000e+00,7.907352220127242693e-04,1.309145936159775625e-03,-6.327989912708822592e-03,8.166842987570010473e-05,3.725838608649656436e-02,3.988591708729092439e-03,1.104342770348266112e-01,1.198911125535670127e-02,8.026144379847949132e-04,1.318257372909981953e-03,-1.644690403986796140e-03,1.087707102245539332e-03
7.399999999999999634e-02,0.000000000000000000e+00,2.207385675314506648e-03,2.785980720474234926e-03,2.177389986630326978e-03,2.793380966504650439e-03,1.000000000000000000e+00,1.000000000000000000e+00,7.873712895343163700e-04,1.309162538656052270e-03,-6.727864956815699654e-03,3.320499255347088014e-05,3.786352580671057538e-02,3.565660374252818850e-03,1.116900789978592101e-01,1.045719169591256999e-02,7.974125593358035325e-04,1.307956357058537343e-03,-2.251017907252669814e-03,-2.867749747557215081e-03
7.449999999999999678e-02,0.000000000000000000e+00,2.202767224114220677e-03,2.785960152385340543e-03,2.177602745143170961e-03,2.793407617246086196e-03,1.000000000000000000e+00,1.000000000000000000e+00,7.838333506565212366e-04,1.309141970567157887e-03,-7.075877755590223583e-03,-4.113617778869261589e-05,3.865127835596022382e-02,4.356759721690974321e-03,1.140490728619088234e-01,1.385862065820868926e-02,7.974125593358035325e-04,1.307956357058537343e-03,-2.251017907252669814e-03,-2.867749747557215081e-03
7.499999999999999722e-02,0.000000000000000000e+00,2.197964255544595201e-03,2.785927574124628589e-03,2.177817427714035491e-03,2.793435035229174107e-03,1.000000000000000000e+00,1.000000000000000000e+00,7.801540632732840985e-04,1.309109392306446150e-03,-7.358574766474310774e-03,-6.515652142367829363e-05,3.943014926037025081e-02,5.142286628665189603e-03,1.162521773985993739e-01,1.622367979152657819e-02,7.974125593358035325e-04,1.307956357058537343e-03,-2.251017907252669814e-03,-2.867749747557215081e-03
7.549999999999999767e-02,0.000000000000000000e+00,2.193018481681433159e-03,2.785907680737109270e-03,2.178033999955863130e-03,2.793463233054624580e-03,1.000000000000000000e+00,1.000000000000000000e+00,7.763653806884860493e-04,1.309089498918926614e-03,-7.577365169596168674e-03,-3.978677503919191791e-05,4.020033014034080782e-02,5.922344163330726940e-03,1.184628638431284714e-01,1.859349589619341270e-02,7.974125593358035325e-04,1.307956357058537343e-03,-2.251017907252669814e-03,-2.867749747557215081e-03
7.599999999999999811e-02,0.000000000000000000e+00,2.187970710389953478e-03,2.785924707732380899e-03,2.178252427053285409e-03,2.793492223344685044e-03,1.000000000000000000e+00,1.000000000000000000e+00,7.724985635405123667e-04,1.309106525914198460e-03,-7.733634295947340066e-03,3.405399054359899510e-05,4.105334155543818864e-02,6.661173556343061297e-03,1.210356717892519390e-01,2.082871080859728316e-02,7.917729521074006729e-04,1.307319555822720244e-03,-2.611667117088142809e-03,-1.251287276770534458e-03
7.649999999999999856e-02,0.000000000000000000e+00,2.182865436459411126e-03,2.786001316037602094e-03,2.178472673780663081e-03,2.793522018740898262e-03,1.000000000000000000e+00,1.000000000000000000e+00,7.685876968154201896e-04,1.309183134219419438e-03,-7.821733450184453068e-03,1.532166104420543996e-04,4.201741705850612491e-02,6.917601315239457586e-03,1.240051063733257491e-01,2.124512802085510438e-02,7.917729521074006729e-04,1.307319555822720244e-03,-2.611667117088142809e-03,-1.251287276770534458e-03
7.699999999999999900e-02,0.000000000000000000e+00,2.177752208209085202e-03,2.786144818829126846e-03,2.178694704520121178e-03,2.793552631901870600e-03,1.000000000000000000e+00,1.000000000000000000e+00,7.646707367278593372e-04,1.309326637010943973e-03,-7.833920175121659654e-03,2.870055830490962070e-04,4.297116998478624217e-02,7.172409377381917632e-03,1.268797299517385180e-01,2.207335236986435190e-02,7.917729521074006729e-04,1.307319555822720244e-03,-2.611667117088142809e-03,-1.251287276770534458e-03
7.749999999999999944e-02,0.000000000000000000e+00,2.172679481548154060e-03,2.786362386038671209e-03,2.178918483279604010e-03,2.793584075501042048e-03,1.000000000000000000e+00,1.000000000000000000e+00,7.607848026577914953e-04,1.309544204220488769e-03,-7.771868140135672516e-03,4.351344190896596752e-04,4.391482791994295865e-02,7.425629468092399474e-03,1.297631655044279853e-01,2.290295938973428008e-02,7.917729521074006729e-04,1.307319555822720244e-03,-2.611667117088142809e-03,-1.251287276770534458e-03
7.799999999999999989e-02,0.000000000000000000e+00,2.167694638586795813e-03,2.786661046197657851e-03,2.179143973710917156e-03,2.793616362224465334e-03,1.000000000000000000e+00,1.000000000000000000e+00,7.569661914074223312e-04,1.309842864379475412e-03,-7.637222500738259819e-03,5.973203179732995260e-04,4.370380103530204646e-02,7.597929295742917796e-03,1.282091518349352255e-01,2.342570070018361317e-02,7.747042935956437561e-04,1.310327773482856560e-03,-6.367041758859202406e-03,4.958231315517237781e-04
7.850000000000000033e-02,0.000000000000000000e+00,2.162786649962228011e-03,2.787045207748243235e-03,2.179371139127765124e-03,2.793649504768557293e-03,1.000000000000000000e+00,1.000000000000000000e+00,7.532064539946805790e-04,1.310227025930060362e-03,-7.519474825483487071e-03,7.683231011700473925e-04,4.462503656963728860e-02,7.239877966779166736e-03,1.320292456016467775e-01,2.196160855784759849e-02,7.747042935956437561e-04,1.310327773482856560e-03,-6.367041758859202406e-03,4.958231315517237781e-04
7.900000000000000078e-02,0.000000000000000000e+00,2.158001333022873704e-03,2.787502642015686136e-03,2.179599942523800706e-03,2.793683515837877551e-03,1.000000000000000000e+00,1.000000000000000000e+00,7.495406885447253960e-04,1.310684460197503263e-03,-7.331530899910338253e-03,9.148685348859604983e-04,4.553672681355290519e-02,6.884535001982020237e-03,1.348827718614627746e-01,2.095025615732106633e-02,7.747042935956437561e-04,1.310327773482856560e-03,-6.367041758859202406e-03,4.958231315517237781e-04
7.950000000000000122e-02,0.000000000000000000e+00,2.153383480223711524e-03,2.788021338862169130e-03,2.179830346590668280e-03,2.793718408142901576e-03,1.000000000000000000e+00,1.000000000000000000e+00,7.460032080687855824e-04,1.311203157043986257e-03,-7.074960951879657491e-03,1.037393692965823781e-03,4.643908528672962416e-02,6.531852000557258550e-03,1.377444465570202281e-01,1.993659173375428653e-02,7.747042935956437561e-04,1.310327773482856560e-03,-6.367041758859202406e-03,4.958231315517237781e-04
8.000000000000000167e-02,0.000000000000000000e+00,2.148976876662913194e-03,2.788589503994513396e-03,2.180062313736046663e-03,2.793754194397782015e-03,1.000000000000000000e+00,1.000000000000000000e+00,7.426275538980077993e-04,1.311771322176330740e-03,-6.751308341555545267e-03,1.136330264688924273e-03,4.750247934372966996e-02,6.301104358366243011e-03,1.412749213019048045e-01,1.938406738439116261e-02,7.638027729951021210e-04,1.307856847927201796e-03,-5.786056371938139500e-03,-6.019310623192403653e-04
8.050000000000000211e-02,0.000000000000000000e+00,2.144832842360453254e-03,2.789199285752337609e-03,2.180295806101692838e-03,2.793790887318119143e-03,1.000000000000000000e+00,1.000000000000000000e+00,7.394530394485140587e-04,1.312381103934154953e-03,-6.349028898987470020e-03,1.219563515648454822e-03,4.842037084876917724e-02,6.406822100273149544e-03,1.441443667282416297e-01,2.002741539661348491e-02,7.638027729951021210e-04,1.307856847927201796e-03,-5.786056371938139500e-03,-6.019310623192403653e-04
8.100000000000000255e-02,0.000000000000000000e+00,2.140994781039508906e-03,2.789853435304570292e-03,2.180530785581485248e-03,2.793828499618732173e-03,1.000000000000000000e+00,1.000000000000000000e+00,7.365129139012547340e-04,1.313035253486387636e-03,-5.880251094518691886e-03,1.308299104465421737e-03,4.932921990248265165e-02,6.511930522895587915e-03,1.471380219106724063e-01,2.038353625900399257e-02,7.638027729951021210e-04,1.307856847927201796e-03,-5.786056371938139500e-03,-6.019310623192403653e-04
8.150000000000000300e-02,0.000000000000000000e+00,2.137505104006573800e-03,2.790554647755417225e-03,2.180767213839472293e-03,2.793867044011429275e-03,1.000000000000000000e+00,1.000000000000000000e+00,7.338396662018949928e-04,1.313736465937234569e-03,-5.346495398719518927e-03,1.402424901693982923e-03,5.022923325855146309e-02,6.616442043252557074e-03,1.501393962750595945e-01,2.074017727309416387e-02,7.638027729951021210e-04,1.307856847927201796e-03,-5.786056371938139500e-03,-6.019310623192403653e-04
8.200000000000000344e-02,0.000000000000000000e+00,2.134405247241440672e-03,2.791305562878821679e-03,2.181005052327908682e-03,2.793906533202770645e-03,1.000000000000000000e+00,1.000000000000000000e+00,7.314650381524998675e-04,1.314487381060639240e-03,-4.749256098790222841e-03,1.501830246809445716e-03,5.057809736497647507e-02,6.681483177371160508e-03,1.510413625636423396e-01,2.094630883974204355e-02,7.468948340262505231e-04,1.305657439236345427e-03,-7.477696552367376487e-03,-9.175535173796700193e-04
8.250000000000000389e-02,0.000000000000000000e+00,2.131708507734627299e-03,2.792107550469105463e-03,2.181244262305303931e-03,2.793946979891841556e-03,1.000000000000000000e+00,1.000000000000000000e+00,7.293992158387658468e-04,1.315289368650922591e-03,-4.131644627468024009e-03,1.603975180566584360e-03,5.146042678241599666e-02,6.847861301169610310e-03,1.544963797164145280e-01,2.158087136993250277e-02,7.468948340262505231e-04,1.305657439236345427e-03,-7.477696552367376487e-03,-9.175535173796700193e-04
8.300000000000000433e-02,0.000000000000000000e+00,2.129454709160781990e-03,2.792965125897250208e-03,2.181484804854467822e-03,2.793988396768024539e-03,1.000000000000000000e+00,1.000000000000000000e+00,7.276727059653624033e-04,1.316146944079067552e-03,-3.453019746806880105e-03,1.715150856289779889e-03,5.233445959271495335e-02,7.013239376374982501e-03,1.574959986973134274e-01,2.212892653237006832e-02,7.468948340262505231e-04,1.305657439236345427e-03,-7.477696552367376487e-03,-9.175535173796700193e-04
8.350000000000000477e-02,0.000000000000000000e+00,2.127682746245339492e-03,2.793882714471227977e-03,2.181726640900553266e-03,2.794030796508764191e-03,1.000000000000000000e+00,1.000000000000000000e+00,7.263153036205747008e-04,1.317064532653045104e-03,-2.714804689575464787e-03,1.835177147955115943e-03,5.320038932715244473e-02,7.177637349828572093e-03,1.605027001625773941e-01,2.267783539661667042e-02,7.468948340262505231e-04,1.305657439236345427e-03,-7.477696552367376487e-03,-9.175535173796700193e-04
8.400000000000000522e-02,0.000000000000000000e+00,2.126430600852735088e-03,2.794864652604974603e-03,2.181969731229091783e-03,2.794074191777330685e-03,1.000000000000000000e+00,1.000000000000000000e+00,7.253561046005929701e-04,1.318046470786792164e-03,-1.918398039963421873e-03,1.963876267494310372e-03,5.355697256289785463e-02,7.083774046604330785e-03,1.615689211139597903e-01,2.222831178161459656e-02,7.361629587924428501e-04,1.315274635713614736e-03,-6.138696324102963994e-03,2.713220042812151088e-03
8.450000000000000566e-02,0.000000000000000000e+00,2.125710235632620893e-03,2.795907147019311909e-03,2.182214036504051546e-03,2.794118595220601922e-03,1.000000000000000000e+00,1.000000000000000000e+00,7.248042728267084988e-04,1.319088965201129469e-03,-1.103663547768958617e-03,2.084988828674553315e-03,5.355784776739760250e-02,5.878417524643080212e-03,1.616981807354717637e-01,1.767933070578094068e-02,7.361629587924428501e-04,1.315274635713614736e-03,-6.138696324102963994e-03,2.713220042812151088e-03
8.500000000000000611e-02,0.000000000000000000e+00,2.125515592612318722e-03,2.796971701879323417e-03,2.182459517285874166e-03,2.794164019466824876e-03,1.000000000000000000e+00,1.000000000000000000e+00,7.246551676226139702e-04,1.320153520061140978e-03,-2.982104081891490729e-04,2.129109720022801053e-03,5.355998505079461597e-02,4.681586925732627441e-03,1.621310941912730841e-01,1.407918729457405087e-02,7.361629587924428501e-04,1.315274635713614736e-03,-6.138696324102963994e-03,2.713220042812151088e-03
8.550000000000000655e-02,0.000000000000000000e+00,2.125840687889541704e-03,2.798020532953362453e-03,2.182706134049515814e-03,2.794210477123380398e-03,1.000000000000000000e+00,1.000000000000000000e+00,7.249042050532150325e-04,1.321202351135179797e-03,4.980748612021655046e-04,2.097662148077824879e-03,5.356336898174164640e-02,3.493124646466510327e-03,1.625629302603902038e-01,1.047176564110717696e-02,7.361629587924428501e-04,1.315274635713614736e-03,-6.138696324102963994e-03,2.713220042812151088e-03
8.600000000000000699e-02,0.000000000000000000e+00,2.126679610676400316e-03,2.799016558696367039e-03,2.182953847202493552e-03,2.794257980774557566e-03,1.000000000000000000e+00,1.000000000000000000e+00,7.255468571922936904e-04,1.322198376878184383e-03,1.285304278157374872e-03,1.992051486009034124e-03,5.349153030558236738e-02,3.044407989650302088e-03,1.626967806620203127e-01,9.698225708674712217e-03,7.349721586006256573e-04,1.317078846576956496e-03,-2.623865729454502842e-03,1.564848968346277489e-03
8.650000000000000744e-02,0.000000000000000000e+00,2.128022691953719830e-03,2.799946255531818133e-03,2.183202617102935131e-03,2.794306542979329774e-03,1.000000000000000000e+00,1.000000000000000000e+00,7.265757171414416373e-04,1.323128073713635694e-03,2.057719898295812689e-03,1.859393670902663703e-03,5.241482786025908336e-02,2.932926423183282883e-03,1.589844728930683293e-01,9.591268664860215509e-03,7.349721586006256573e-04,1.317078846576956496e-03,-2.623865729454502842e-03,1.564848968346277489e-03
8.700000000000000788e-02,0.000000000000000000e+00,2.129809973564942942e-03,2.800806804960255005e-03,2.183452404077610570e-03,2.794356176269103924e-03,1.000000000000000000e+00,1.000000000000000000e+00,7.279448542880077476e-04,1.323988623142072565e-03,2.738274293132313304e-03,1.721098856873553564e-03,5.135061670998122829e-02,2.822069088131916662e-03,1.561299774579468502e-01,9.196427403523709312e-03,7.349721586006256573e-04,1.317078846576956496e-03,-2.623865729454502842e-03,1.564848968346277489e-03
8.750000000000000833e-02,0.000000000000000000e+00,2.131982770004481331e-03,2.801595448605248475e-03,2.183703168439987165e-03,2.794406893145510822e-03,1.000000000000000000e+00,1.000000000000000000e+00,7.296093129265447978e-04,1.324777266787065819e-03,3.328917277074154232e-03,1.577287289986382046e-03,5.029863171886625461e-02,2.711822668657010854e-03,1.532648186998115669e-01,8.801053260592757096e-03,7.349721586006256573e-04,1.317078846576956496e-03,-2.623865729454502842e-03,1.564848968346277489e-03
8.799999999999999489e-02,0.000000000000000000e+00,2.134483646989246853e-03,2.802309487410831537e-03,2.183954870508270606e-03,2.794458706078161749e-03,1.000000000000000000e+00,1.000000000000000000e+00,7.315250958436485696e-04,1.325491305592649098e-03,3.831565834207453433e-03,1.428077611166622555e-03,5.017641710556716705e-02,2.609598763066978393e-03,1.539536653949521161e-01,8.433992757456010639e-03,7.195840618547427910e-04,1.323159143272302626e-03,-5.838709811779199503e-03,2.500290117666334640e-03
8.849999999999999534e-02,0.000000000000000000e+00,2.137302383057940180e-03,2.802946512907749863e-03,2.184207470623444804e-03,2.794511627502419340e-03,1.000000000000000000e+00,1.000000000000000000e+00,7.336843729456901360e-04,1.326128331089566990e-03,4.318554204083177930e-03,1.274050993835707185e-03,5.102594786303124574e-02,2.208256652781273068e-03,1.576144627990393177e-01,6.896338628217891023e-03,7.195840618547427910e-04,1.323159143272302626e-03,-5.838709811779199503e-03,2.500290117666334640e-03
8.899999999999999578e-02,0.000000000000000000e+00,2.140477524721449455e-03,2.803494804402967971e-03,2.184460929167315619e-03,2.794565669817164564e-03,1.000000000000000000e+00,1.000000000000000000e+00,7.361166725731372500e-04,1.326676622584785099e-03,4.864599254894247035e-03,1.096582990436079964e-03,5.186744808940296769e-02,1.809510400648300628e-03,1.604457197321063622e-01,5.614029843428472444e-03,7.195840618547427910e-04,1.323159143272302626e-03,-5.838709811779199503e-03,2.500290117666334640e-03
8.949999999999999623e-02,0.000000000000000000e+00,2.144046727533487160e-03,2.803942868684267120e-03,2.184715206580566723e-03,2.794620845382579308e-03,1.000000000000000000e+00,1.000000000000000000e+00,7.388508405536632281e-04,1.327124686866084681e-03,5.468335961052057763e-03,8.961285625993565835e-04,5.270110340094552592e-02,1.413309625011569806e-03,1.632838320109721297e-01,4.329505077519403208e-03,7.195840618547427910e-04,1.323159143272302626e-03,-5.838709811779199503e-03,2.500290117666334640e-03
8.999999999999999667e-02,0.000000000000000000e+00,2.148046771480976568e-03,2.804279437103447421e-03,2.184970263380786419e-03,2.794677166517893843e-03,1.000000000000000000e+00,1.000000000000000000e+00,7.419150519918691440e-04,1.327461255285264765e-03,6.128422876411763164e-03,6.731368383602815472e-04,5.314962139051160328e-02,1.266401406319906005e-03,1.646626572108549624e-01,4.001282342854780259e-03,7.243775592349075212e-04,1.326043688995882323e-03,-6.168634027646224816e-04,1.829434498999171635e-03
9.049999999999999711e-02,0.000000000000000000e+00,2.152494664369484362e-03,2.804501176339911465e-03,2.185226060180520038e-03,2.794734645499168113e-03,1.000000000000000000e+00,1.000000000000000000e+00,7.453223356226990970e-04,1.327682994521728593e-03,6.814567261659825424e-03,4.434784729276790858e-04,5.207933069610518051e-02,1.308847755467034118e-03,1.604854827921161908e-01,4.192770144568204807e-03,7.243775592349075212e-04,1.326043688995882323e-03,-6.168634027646224816e-04,1.829434498999171635e-03
9.099999999999999756e-02,0.000000000000000000e+00,2.157331072039078874e-03,2.804610723141282014e-03,2.185482557705318001e-03,2.794793294557065648e-03,1.000000000000000000e+00,1.000000000000000000e+00,7.490272388426499591e-04,1.327792541323099141e-03,7.409806439901666861e-03,2.190936027410045252e-04,5.102140129731780327e-02,1.350710126960817051e-03,1.576048550912718393e-01,4.222613463970949395e-03,7.243775592349075212e-04,1.326043688995882323e-03,-6.168634027646224816e-04,1.829434498999171635e-03
9.149999999999999800e-02,0.000000000000000000e+00,2.162497925525144575e-03,2.804610678062554804e-03,2.185739716811772176e-03,2.794853125874612303e-03,1.000000000000000000e+00,1.000000000000000000e+00,7.529852782440603484e-04,1.327792496244371932e-03,7.916078802820757793e-03,-9.015745427550978484e-08,4.997556961152951199e-02,1.391996536617921918e-03,1.547136750427664520e-01,4.252955301928242927e-03,7.243775592349075212e-04,1.326043688995882323e-03,-6.168634027646224816e-04,1.829434498999171635e-03
9.199999999999999845e-02,0.000000000000000000e+00,2.167938399724526378e-03,2.804503605842647608e-03,2.185997498505562638e-03,2.794914151584967574e-03,1.000000000000000000e+00,1.000000000000000000e+00,7.571529232724290813e-04,1.327685424024464735e-03,8.335290056737536951e-03,-2.141444398145934784e-04,5.125957685908297951e-02,1.112299681490809284e-03,1.608144936866625629e-01,3.039404877874810930e-03,7.476682070341592913e-04,1.324373724772631884e-03,7.158205674103195089e-03,1.400113409366549912e-04
9.249999999999999889e-02,0.000000000000000000e+00,2.173713025905997694e-03,2.804282021177446037e-03,2.186255863959500091e-03,2.794976383769196774e-03,1.000000000000000000e+00,1.000000000000000000e+00,7.615765435698342457e-04,1.327463839359263598e-03,8.847240594810224651e-03,-4.431693304022461290e-04,5.022710197030515189e-02,1.341662208083382532e-03,1.559789671437404046e-01,4.070440451602310925e-03,7.476682070341592913e-04,1.324373724772631884e-03,7.158205674103195089e-03,1.400113409366549912e-04
9.299999999999999933e-02,0.000000000000000000e+00,2.179765536152297647e-03,2.803954449470330741e-03,2.186514774531576107e-03,2.795039834454039317e-03,1.000000000000000000e+00,1.000000000000000000e+00,7.662130354109331553e-04,1.327136267652147868e-03,9.272983682197918215e-03,-6.551434142314223417e-04,4.920634957595392683e-02,1.569136558114855168e-03,1.531209294989365755e-01,4.666912227040424278e-03,7.476682070341592913e-04,1.324373724772631884e-03,7.158205674103195089e-03,1.400113409366549912e-04
9.349999999999999978e-02,0.000000000000000000e+00,2.186040872625528465e-03,2.803529269992964534e-03,2.186774191782996438e-03,2.795104515609674392e-03,1.000000000000000000e+00,1.000000000000000000e+00,7.710202220449533612e-04,1.326711088174781662e-03,9.614373268040422166e-03,-8.503589547322279061e-04,4.819706757591166180e-02,1.794755096327037150e-03,1.502528848257066452e-01,5.264995863899225338e-03,7.476682070341592913e-04,1.324373724772631884e-03,7.158205674103195089e-03,1.400113409366549912e-04
9.400000000000000022e-02,0.000000000000000000e+00,2.192485167108082673e-03,2.803014717646089629e-03,2.187034077496234283e-03,2.795170439147493576e-03,1.000000000000000000e+00,1.000000000000000000e+00,7.759568380231365164e-04,1.326196535827906973e-03,9.873231956366317411e-03,-1.029104693749388968e-03,4.639380950218280342e-02,2.052798563857495193e-03,1.442479303564588033e-01,5.997674308884278979e-03,7.519178173919831504e-04,1.321327290695288766e-03,3.966684000476222195e-03,-9.145897039796760343e-04
9.450000000000000067e-02,0.000000000000000000e+00,2.199005379819418508e-03,2.802419955151610152e-03,2.187294393693069681e-03,2.795237616917869115e-03,1.000000000000000000e+00,1.000000000000000000e+00,7.809516107386092060e-04,1.325601773333427279e-03,9.989545430945424159e-03,-1.189524988959434273e-03,4.551483675259664075e-02,2.632820787360246138e-03,1.424350938261865485e-01,7.961010218079649092e-03,7.519178173919831504e-04,1.321327290695288766e-03,3.966684000476222195e-03,-9.145897039796760343e-04
9.500000000000000111e-02,0.000000000000000000e+00,2.205555851601161653e-03,2.801764111250266368e-03,2.187555102652633671e-03,2.795306060707921335e-03,1.000000000000000000e+00,1.000000000000000000e+00,7.859695632468207890e-04,1.324945929432083712e-03,1.003590501642308459e-02,-1.311687802687094926e-03,4.464537633713698550e-02,3.208606444180549244e-03,1.398332315838142215e-01,9.649485637146853687e-03,7.519178173919831504e-04,1.321327290695288766e-03,3.966684000476222195e-03,-9.145897039796760343e-04
9.550000000000000155e-02,0.000000000000000000e+00,2.212091927359749553e-03,2.801065966766321663e-03,2.187816166929453313e-03,2.795375782239287350e-03,1.000000000000000000e+00,1.000000000000000000e+00,7.909764877614919873e-04,1.324247784948138790e-03,1.001384902934233066e-02,-1.396288967889897006e-03,4.378521907542604064e-02,3.780232589644847829e-03,1.372232490391803728e-01,1.134157764511379597e-02,7.519178173919831504e-04,1.321327290695288766e-03,3.966684000476222195e-03,-9.145897039796760343e-04
9.600000000000000200e-02,0.000000000000000000e+00,2.218569938973816331e-03,2.800343958932247253e-03,2.188077549371495421e-03,2.795446793165893250e-03,1.000000000000000000e+00,1.000000000000000000e+00,7.959389325609078853e-04,1.323525777114064814e-03,9.924889598831717827e-03,-1.444015668147948092e-03,4.401547505820738171e-02,4.328526361993717195e-03,1.388047876858257701e-01,1.296246404345551342e-02,7.720935483013994637e-04,1.327590219881046333e-03,7.847933525136258776e-03,1.650886656073932224e-03
9.650000000000000244e-02,0.000000000000000000e+00,2.225001363175368140e-03,2.799615584044578415e-03,2.188339213138210289e-03,2.795519105071721071e-03,1.000000000000000000e+00,1.000000000000000000e+00,8.008656893318476765e-04,1.322797402226395542e-03,9.853513541879559828e-03,-1.456749775338713393e-03,4.306801237661028736e-02,4.088910600585166956e-03,1.348909103383422459e-01,1.155834462166422001e-02,7.720935483013994637e-04,1.327590219881046333e-03,7.847933525136258776e-03,1.650886656073932224e-03
9.700000000000000289e-02,0.000000000000000000e+00,2.231338543960646736e-03,2.798873509508834762e-03,2.188601121718573676e-03,2.795592729468576211e-03,1.000000000000000000e+00,1.000000000000000000e+00,8.057202514574504605e-04,1.322055327690651889e-03,9.709124251205493439e-03,-1.484149071487091999e-03,4.213047803900862864e-02,3.850918836588947472e-03,1.319824046910710591e-01,1.082683231015026636e-02,7.720935483013994637e-04,1.327590219881046333e-03,7.847933525136258776e-03,1.650886656073932224e-03
9.750000000000000333e-02,0.000000000000000000e+00,2.237534887567344932e-03,2.798110540304574873e-03,2.188863238949134010e-03,2.795667677793858309e-03,1.000000000000000000e+00,1.000000000000000000e+00,8.104669260450176075e-04,1.321292358486392217e-03,9.493349175134299309e-03,-1.525938408519266496e-03,4.120265074487953344e-02,3.614520600587908805e-03,1.290654236104176733e-01,1.009393365647416260e-02,7.720935483013994637e-04,1.327590219881046333e-03,7.847933525136258776e-03,1.650886656073932224e-03
9.800000000000000377e-02,0.000000000000000000e+00,2.243544844318079955e-03,2.797319617249086846e-03,2.189125529032053506e-03,2.795743961408329956e-03,1.000000000000000000e+00,1.000000000000000000e+00,8.150708200173036131e-04,1.320501435430904190e-03,9.207787944571974720e-03,-1.581846110976098787e-03,4.119481566637509667e-02,3.000432943037413709e-03,1.296762391869247799e-01,7.886785366693493601e-03,7.966037710583317695e-04,1.320369996400564110e-03,1.064238702667442277e-02,-1.684947721261499318e-03
9.850000000000000422e-02,0.000000000000000000e+00,2.249369507597330682e-03,2.796481961703094730e-03,2.189387956553155365e-03,2.795821591593886275e-03,1.000000000000000000e+00,1.000000000000000000e+00,8.195327709554128858e-04,1.319663779884912074e-03,8.923901876218508916e-03,-1.675311091984304796e-03,4.031103846178450689e-02,3.406618514166961324e-03,1.261007168776571985e-01,9.948297963179541376e-03,7.966037710583317695e-04,1.320369996400564110e-03,1.064238702667442277e-02,-1.684947721261499318e-03
9.900000000000000466e-02,0.000000000000000000e+00,2.254966093741256686e-03,2.795610907392830167e-03,2.189650486499964029e-03,2.795900579551321465e-03,1.000000000000000000e+00,1.000000000000000000e+00,8.238200046714040615e-04,1.318792725574647511e-03,8.574467431982406990e-03,-1.742108620529176678e-03,3.943617452936295370e-02,3.809850978185579887e-03,1.232729516102257783e-01,1.113884378158483228e-02,7.966037710583317695e-04,1.320369996400564110e-03,1.064238702667442277e-02,-1.684947721261499318e-03
9.950000000000000511e-02,0.000000000000000000e+00,2.260292788989522704e-03,2.794719544488115381e-03,2.189913084279750208e-03,2.795980936398101413e-03,1.000000000000000000e+00,1.000000000000000000e+00,8.279004899665263475e-04,1.317901362669932509e-03,8.160970590244598019e-03,-1.782725809429975498e-03,3.857002180567917909e-02,4.210184277116129151e-03,1.204375774359593976e-01,1.233191055037226834e-02,7.966037710583317695e-04,1.320369996400564110e-03,1.064238702667442277e-02,-1.684947721261499318e-03
1.000000000000000056e-01,0.000000000000000000e+00,2.265308732824338270e-03,2.793820722636315181e-03,2.190175715737575912e-03,2.796062673166129376e-03,1.000000000000000000e+00,1.000000000000000000e+00,8.317429258681835599e-04,1.317002540818132525e-03,7.684871803314342366e-03,-1.797643703599925095e-03,3.725620921676228020e-02,4.659273809411487721e-03,1.158231478794003178e-01,1.372785736015541894e-02,8.119690951971475328e-04,1.316486010106518228e-03,8.765718091207189838e-03,-1.847932178430775410e-03
1.005000000000000060e-01,0.000000000000000000e+00,2.269951146993841665e-03,2.792928666795409763e-03,2.190438347174338170e-03,2.796145800799516423e-03,1.000000000000000000e+00,1.000000000000000000e+00,8.352992214453885695e-04,1.316110484977226890e-03,7.112591154409958483e-03,-1.784111681811173826e-03,3.644956581624094610e-02,5.167667688194990498e-03,1.135097469690588418e-01,1.532473629407543267e-02,8.119690951971475328e-04,1.316486010106518228e-03,8.765718091207189838e-03,-1.847932178430775410e-03
1.010000000000000064e-01,0.000000000000000000e+00,2.274183435121241489e-03,2.792059289311307497e-03,2.190700945364811025e-03,2.796230330152351014e-03,1.000000000000000000e+00,1.000000000000000000e+00,8.385413422470617932e-04,1.315241107493124841e-03,6.484241603346422265e-03,-1.738754968204251272e-03,3.565054666847088799e-02,5.672537356188559615e-03,1.107633958434792315e-01,1.687098946017658724e-02,8.119690951971475328e-04,1.316486010106518228e-03,8.765718091207189838e-03,-1.847932178430775410e-03
1.015000000000000069e-01,0.000000000000000000e+00,2.277969854846502527e-03,2.791228204782092524e-03,2.190963477575692299e-03,2.796316271986465547e-03,1.000000000000000000e+00,1.000000000000000000e+00,8.414419080369140618e-04,1.314410022963909868e-03,5.801131579704512861e-03,-1.662169058429879441e-03,3.485897385311755720e-02,6.173948757540514976e-03,1.080105361958024757e-01,1.842025110521327766e-02,8.119690951971475328e-04,1.316486010106518228e-03,8.765718091207189838e-03,-1.847932178430775410e-03
1.020000000000000073e-01,0.000000000000000000e+00,2.281275503034164813e-03,2.790450733811036550e-03,2.191225911583644277e-03,2.796403636969208104e-03,1.000000000000000000e+00,1.000000000000000000e+00,8.439741814619790630e-04,1.313632551992853894e-03,5.064546850130090955e-03,-1.554941942112151318e-03,3.459685891028221882e-02,6.472359254311190607e-03,1.072793144319563324e-01,1.919725623220248228e-02,8.352746044519485623e-04,1.313647334290725995e-03,1.059629757452402662e-02,-1.576173969460414447e-03
1.025000000000000078e-01,0.000000000000000000e+00,2.284092463132202013e-03,2.789735667969118170e-03,2.191488215693340909e-03,2.796492435671211595e-03,1.000000000000000000e+00,1.000000000000000000e+00,8.461320980915683788e-04,1.312917486150935514e-03,4.315833259178642779e-03,-1.430131683836703693e-03,3.374131902738831956e-02,6.698473911015377646e-03,1.037850493345321146e-01,1.987434466958485496e-02,8.352746044519485623e-04,1.313647334290725995e-03,1.059629757452402662e-02,-1.576173969460414447e-03
1.030000000000000082e-01,0.000000000000000000e+00,2.286383235021260604e-03,2.789089429913212473e-03,2.191750358755508929e-03,2.796582678564158569e-03,1.000000000000000000e+00,1.000000000000000000e+00,8.478869311676348131e-04,1.312271248095029600e-03,3.509666152132891181e-03,-1.292476111811874081e-03,3.324583354684711167e-02,6.834885451248111539e-03,1.021653553404558018e-01,2.027029714381394648e-02,8.352746044519485623e-04,1.313647334290725995e-03,1.059629757452402662e-02,-1.576173969460414447e-03
1.035000000000000087e-01,0.000000000000000000e+00,2.288128853274041218e-03,2.788515556137811241e-03,2.192012310184974621e-03,2.796674376018555563e-03,1.000000000000000000e+00,1.000000000000000000e+00,8.492241523299846580e-04,1.311697374319628585e-03,2.674442324699654282e-03,-1.147747550801934404e-03,3.335940733408065267e-02,6.818858463171138286e-03,1.025883316378257415e-01,2.015384802376475604e-02,8.352746044519485623e-04,1.313647334290725995e-03,1.059629757452402662e-02,-1.576173969460414447e-03
1.040000000000000091e-01,0.000000000000000000e+00,2.289341149111790048e-03,2.788012769334431533e-03,2.192274039978703640e-03,2.796767538301497477e-03,1.000000000000000000e+00,1.000000000000000000e+00,8.501528248199082980e-04,1.311194587516248877e-03,1.857344979847280709e-03,-1.005573606759368284e-03,3.255545689262272224e-02,7.576053701161057294e-03,9.893759835753412890e-02,2.316936344751101273e-02,8.449437855853291195e-04,1.310897381565350383e-03,6.942979542279690067e-03,-1.448600865887566917e-03
1.044999999999999957e-01,0.000000000000000000e+00,2.289985908011858869e-03,2.787603966102456324e-03,2.192535518733849075e-03,2.796862175574439755e-03,1.000000000000000000e+00,1.000000000000000000e+00,8.506467387924575903e-04,1.310785784284273885e-03,9.878279450985095848e-04,-8.176064639500381283e-04,3.267369387228838407e-02,7.555238548052052236e-03,9.962389895432534337e-02,2.252297591300382942e-02,8.449437855853291195e-04,1.310897381565350383e-03,6.942979542279690067e-03,-1.448600865887566917e-03
1.049999999999999961e-01,0.000000000000000000e+00,2.290075579902523060e-03,2.787287449377473005e-03,2.192796717665792573e-03,2.796958297890967532e-03,1.000000000000000000e+00,1.000000000000000000e+00,8.507154314460047256e-04,1.310469267559290565e-03,1.373853070943522941e-04,-6.330334499665697234e-04,3.278933711431590570e-02,7.534799254841358963e-03,9.952296473559393841e-02,2.254074498341456650e-02,8.449437855853291195e-04,1.310897381565350383e-03,6.942979542279690067e-03,-1.448600865887566917e-03
1.054999999999999966e-01,0.000000000000000000e+00,2.289622402928671169e-03,2.787061543113188503e-03,2.193057608626190237e-03,2.797055915194559574e-03,1.000000000000000000e+00,1.000000000000000000e+00,8.503682777434362150e-04,1.310243361295006063e-03,-6.943074051370456750e-04,-4.518125285688335624e-04,3.290243074028792458e-02,7.514731166509159080e-03,9.942424468778297830e-02,2.255819319714158153e-02,8.449437855853291195e-04,1.310897381565350383e-03,6.942979542279690067e-03,-1.448600865887566917e-03
1.059999999999999970e-01,0.000000000000000000e+00,2.288638406737463979e-03,2.786924592081557479e-03,2.193318164121014179e-03,2.797155037316365229e-03,1.000000000000000000e+00,1.000000000000000000e+00,8.496144929291117543e-04,1.310106410263374823e-03,-1.507569628648973859e-03,-2.739020632623768037e-04,3.298025982671966977e-02,7.596961686841275860e-03,9.920047880078156077e-02,2.297119384891060934e-02,8.483298495533535440e-04,1.310053994725607482e-03,3.614152155382281510e-03,-7.974710036998738580e-04
1.064999999999999974e-01,0.000000000000000000e+00,2.287133774497286838e-03,2.786878147566495059e-03,2.193578357328599283e-03,2.797255673972965772e-03,1.000000000000000000e+00,1.000000000000000000e+00,8.484618777625861467e-04,1.310059965748312186e-03,-2.305230333051288064e-03,-9.288903012520118669e-05,3.308872577818174066e-02,7.576916619691973463e-03,9.913403919740382264e-02,2.290099691602996701e-02,8.483298495533535440e-04,1.310053994725607482e-03,3.614152155382281510e-03,-7.974710036998738580e-04
1.069999999999999979e-01,0.000000000000000000e+00,2.285120164922550302e-03,2.786920535922182522e-03,2.193838162117684766e-03,2.797357834764149179e-03,1.000000000000000000e+00,1.000000000000000000e+00,8.469193633372481059e-04,1.310102354103999866e-03,-3.085028850675995433e-03,8.477671137515775776e-05,3.319476282839128184e-02,7.557242225772467167e-03,9.904144611780435481e-02,2.291810859460848698e-02,8.483298495533535440e-04,1.310053994725607482e-03,3.614152155382281510e-03,-7.974710036998738580e-04
1.074999999999999983e-01,0.000000000000000000e+00,2.282609037175315023e-03,2.787050104478048726e-03,2.194097553065458769e-03,2.797461529170674945e-03,1.000000000000000000e+00,1.000000000000000000e+00,8.449957278805165714e-04,1.310231922659866287e-03,-3.847270913463036839e-03,2.591371117329168599e-04,3.329841255079620671e-02,7.537933859558296201e-03,9.895092649484249492e-02,2.293490384415642833e-02,8.483298495533535440e-04,1.310053994725607482e-03,3.614152155382281510e-03,-7.974710036998738580e-04
1.079999999999999988e-01,0.000000000000000000e+00,2.279611653969376445e-03,2.787265221337042152e-03,2.194356505475601217e-03,2.797566766552044525e-03,1.000000000000000000e+00,1.000000000000000000e+00,8.426995991317091190e-04,1.310447039518859713e-03,-4.592257497614908243e-03,4.302337179869088310e-04,3.284856088545490271e-02,7.063191115120059232e-03,9.672194608299385099e-02,2.118123054493510973e-02,8.553476198529856795e-04,1.309731365258913352e-03,3.547405642740708749e-03,-3.941042287761667862e-04
1.084999999999999992e-01,0.000000000000000000e+00,2.276111471359884217e-03,2.787550029245543237e-03,2.194614995396332313e-03,2.797673556144272648e-03,1.000000000000000000e+00,1.000000000000000000e+00,8.400183036938058817e-04,1.310731847427360364e-03,-5.362590875806508457e-03,5.696158170012116792e-04,3.295331086542434285e-02,7.047756184906855959e-03,9.710596660275547243e-02,2.158649959141938079e-02,8.553476198529856795e-04,1.309731365258913352e-03,3.547405642740708749e-03,-3.941042287761667862e-04
1.089999999999999997e-01,0.000000000000000000e+00,2.272119980725226251e-03,2.787903203133418502e-03,2.194872999638449763e-03,2.797781907057652999e-03,1.000000000000000000e+00,1.000000000000000000e+00,8.369606444733648483e-04,1.311085021315236063e-03,-6.115318440881967015e-03,7.063477757512219048e-04,3.305566680584743483e-02,7.032614726598036478e-03,9.701654570059574378e-02,2.159967577899325752e-02,8.553476198529856795e-04,1.309731365258913352e-03,3.547405642740708749e-03,-3.941042287761667862e-04
1.095000000000000001e-01,0.000000000000000000e+00,2.267648475580598053e-03,2.788323434760020189e-03,2.195130495793376837e-03,2.797891828274527357e-03,1.000000000000000000e+00,1.000000000000000000e+00,8.335352728049444816e-04,1.311505252941837533e-03,-6.850743336840841961e-03,8.404632532028298575e-04,3.315566992826380482e-02,7.017763012858501369e-03,9.692916849501810594e-02,2.161260144124525773e-02,8.553476198529856795e-04,1.309731365258913352e-03,3.547405642740708749e-03,-3.941042287761667862e-04
1.100000000000000006e-01,0.000000000000000000e+00,2.262708054663595258e-03,2.788809432550309539e-03,2.195387462251205662e-03,2.798003328647056046e-03,1.000000000000000000e+00,1.000000000000000000e+00,8.297506908148057254e-04,1.311991250732126666e-03,-7.569163980277406403e-03,9.719955805783250195e-04,3.141474300469236647e-02,7.301417163267478680e-03,8.970323276437844329e-02,2.278346420730252564e-02,8.324389567006859180e-04,1.314067268187382384e-03,-5.964726269251405082e-03,1.230415076034735910e-03
1.105000000000000010e-01,0.000000000000000000e+00,2.257217508875931575e-03,2.789369242313163334e-03,2.195643878218740512e-03,2.798116416894987947e-03,1.000000000000000000e+00,1.000000000000000000e+00,8.255446887244754497e-04,1.312551060494980895e-03,-8.412004180660558397e-03,1.119619525708504589e-03,3.249282495440334456e-02,7.085478100684514634e-03,9.493119288770124342e-02,2.176617453699443427e-02,8.324389567006859180e-04,1.314067268187382384e-03,-5.964726269251405082e-03,1.230415076034735910e-03
1.110000000000000014e-01,0.000000000000000000e+00,2.251237870187869361e-03,2.789995193112532884e-03,2.195899723737543274e-03,2.798231101603427043e-03,1.000000000000000000e+00,1.000000000000000000e+00,8.209640197356260927e-04,1.313177011294350445e-03,-9.161337977698701812e-03,1.251901598739099241e-03,3.355819189765777560e-02,6.871237970223190508e-03,9.775267697428602354e-02,2.117536777228364031e-02,8.324389567006859180e-04,1.314067268187382384e-03,-5.964726269251405082e-03,1.230415076034735910e-03
1.115000000000000019e-01,0.000000000000000000e+00,2.244828879313954043e-03,2.790679748810993149e-03,2.196154979701972400e-03,2.798347391220600694e-03,1.000000000000000000e+00,1.000000000000000000e+00,8.160544478906634445e-04,1.313861566992810710e-03,-9.819143689925353621e-03,1.369111396920667236e-03,3.461111284633106022e-02,6.658666917154832700e-03,1.005850153574409933e-01,2.058311069662224768e-02,8.324389567006859180e-04,1.314067268187382384e-03,-5.964726269251405082e-03,1.230415076034735910e-03
1.120000000000000023e-01,0.000000000000000000e+00,2.238049007432379132e-03,2.791415506423595115e-03,2.196409627877235309e-03,2.798465294055633122e-03,1.000000000000000000e+00,1.000000000000000000e+00,8.108607647107240503e-04,1.314597324605412676e-03,-1.038736635987879027e-02,1.471515225204099789e-03,3.612936753666864953e-02,6.114681383627102590e-03,1.052824854214453459e-01,1.869595992628892908e-02,8.260866602876581729e-04,1.308191959400532107e-03,-4.196576221519237454e-03,-1.412427285043583742e-03
1.125000000000000028e-01,0.000000000000000000e+00,2.230979401432524930e-03,2.792184784858990805e-03,2.196663650917423435e-03,2.798584818276309352e-03,1.000000000000000000e+00,1.000000000000000000e+00,8.054451323194952153e-04,1.315366603040807932e-03,-1.083126478245767001e-02,1.538556870790446863e-03,3.714119743208138535e-02,6.380199004564878450e-03,1.076815923276088910e-01,2.022035162987055948e-02,8.260866602876581729e-04,1.308191959400532107e-03,-4.196576221519237454e-03,-1.412427285043583742e-03
1.130000000000000032e-01,0.000000000000000000e+00,2.223674925230156949e-03,2.792995405897264957e-03,2.196917032383562465e-03,2.798705971906846092e-03,1.000000000000000000e+00,1.000000000000000000e+00,7.998495789147764060e-04,1.316177224079082084e-03,-1.119110680943765680e-02,1.621242076548268761e-03,3.814159733366992433e-02,6.643984284970831135e-03,1.105130139898368585e-01,2.105370260585886361e-02,8.260866602876581729e-04,1.308191959400532107e-03,-4.196576221519237454e-03,-1.412427285043583742e-03
1.135000000000000037e-01,0.000000000000000000e+00,2.216189258765200593e-03,2.793855041536050243e-03,2.197169756761652160e-03,2.798828762825662179e-03,1.000000000000000000e+00,1.000000000000000000e+00,7.941152257162546833e-04,1.317036859717867804e-03,-1.146870639704345059e-02,1.719271277571452448e-03,3.913081390331288323e-02,6.906070398139475645e-03,1.133541929843310397e-01,2.188853241223213952e-02,8.260866602876581729e-04,1.308191959400532107e-03,-4.196576221519237454e-03,-1.412427285043583742e-03
1.140000000000000041e-01,0.000000000000000000e+00,2.208574918041037762e-03,2.794771215899227029e-03,2.197421809480714413e-03,2.798953198763146424e-03,1.000000000000000000e+00,1.000000000000000000e+00,7.882823023164949299e-04,1.317953034081044373e-03,-1.166584679951945466e-02,1.832348726353165902e-03,3.971414297752250827e-02,7.557527966187862004e-03,1.146710801077456404e-01,2.424347099839795419e-02,8.151491031867271050e-04,1.318930758382076815e-03,-5.003239889540458257e-03,2.887716755248570522e-03
1.145000000000000046e-01,0.000000000000000000e+00,2.200863487737309259e-03,2.795763529042985789e-03,2.197673176930832646e-03,2.799079287299425026e-03,1.000000000000000000e+00,1.000000000000000000e+00,7.823750039838246392e-04,1.318945347224803133e-03,-1.181459666534066463e-02,1.984626287517603661e-03,4.055508998518402020e-02,6.889604071788582584e-03,1.173605128912200424e-01,2.115884796207925453e-02,8.151491031867271050e-04,1.318930758382076815e-03,-5.003239889540458257e-03,2.887716755248570522e-03
1.150000000000000050e-01,0.000000000000000000e+00,2.193099103124217068e-03,2.796810107124045579e-03,2.197923846481197700e-03,2.799207035862133312e-03,1.000000000000000000e+00,1.000000000000000000e+00,7.764271402967269252e-04,1.319991925305862924e-03,-1.189572737419547846e-02,2.093156162119422150e-03,4.138684213573779608e-02,6.226524719793664550e-03,1.198300274653685826e-01,1.920052853650432156e-02,8.151491031867271050e-04,1.318930758382076815e-03,-5.003239889540458257e-03,2.887716755248570522e-03
1.155000000000000054e-01,0.000000000000000000e+00,2.185324931605615775e-03,2.797889475910521513e-03,2.198173806498153297e-03,2.799336451724182290e-03,1.000000000000000000e+00,1.000000000000000000e+00,7.704717794050485336e-04,1.321071294092339074e-03,-1.191072178335688889e-02,2.158737572952314047e-03,4.220960106820668967e-02,5.568201405666774531e-03,1.223073913242429256e-01,1.723807351727604104e-02,8.151491031867271050e-04,1.318930758382076815e-03,-5.003239889540458257e-03,2.887716755248570522e-03
1.160000000000000059e-01,0.000000000000000000e+00,2.177583189181557001e-03,2.798980555803645687e-03,2.198423046363237598e-03,2.799467542001529523e-03,1.000000000000000000e+00,1.000000000000000000e+00,7.645412606410395507e-04,1.322162373985463031e-03,-1.186103752801787210e-02,2.182159786247965527e-03,4.130641123669997333e-02,4.507520185107582143e-03,1.181235904220318267e-01,1.369080562267589556e-02,7.857246984800165699e-04,1.311387799136416558e-03,-1.115938902992755569e-02,-1.334671189021063506e-03
1.165000000000000063e-01,0.000000000000000000e+00,2.169829125995446570e-03,2.800049935264060409e-03,2.198671556491226930e-03,2.799600313650945672e-03,1.000000000000000000e+00,1.000000000000000000e+00,7.586013036257266895e-04,1.323231753445877970e-03,-1.187991403062581795e-02,2.138758920829894258e-03,4.226914965099315413e-02,4.734612539351923388e-03,1.226235880459140559e-01,1.545955126722467314e-02,7.857246984800165699e-04,1.311387799136416558e-03,-1.115938902992755569e-02,-1.334671189021063506e-03
1.170000000000000068e-01,0.000000000000000000e+00,2.162111998305558426e-03,2.801104843171997073e-03,2.198919328348183412e-03,2.799734773467787551e-03,1.000000000000000000e+00,1.000000000000000000e+00,7.526896408420480095e-04,1.324286661353814201e-03,-1.182332556735729567e-02,2.109815815872256167e-03,4.322162633460227554e-02,4.960103866453441541e-03,1.255307167532250801e-01,1.612897570073351661e-02,7.857246984800165699e-04,1.311387799136416558e-03,-1.115938902992755569e-02,-1.334671189021063506e-03
1.175000000000000072e-01,0.000000000000000000e+00,2.154479971315301570e-03,2.802152375951392441e-03,2.199166354469493483e-03,2.799870928083762929e-03,1.000000000000000000e+00,1.000000000000000000e+00,7.468431689764276496e-04,1.325334194133209785e-03,-1.169294373124062439e-02,2.095065558791200933e-03,4.416406859084973796e-02,5.184023502368995638e-03,1.284466054929079559e-01,1.679976686759672086e-02,7.857246984800165699e-04,1.311387799136416558e-03,-1.115938902992755569e-02,-1.334671189021063506e-03
1.180000000000000077e-01,0.000000000000000000e+00,2.146980137787381920e-03,2.803199499222444342e-03,2.199412628477915091e-03,2.800008783964700980e-03,1.000000000000000000e+00,1.000000000000000000e+00,7.410979631780474338e-04,1.326381317404261686e-03,-1.149041159676053060e-02,2.094246542103655063e-03,4.478094308613665697e-02,6.202263305156913153e-03,1.301447682273306206e-01,2.056276084917127087e-02,7.611547460000666222e-04,1.323296929258568379e-03,-1.187308864112591837e-02,3.287205313474073163e-03
1.185000000000000081e-01,0.000000000000000000e+00,2.139642716724070477e-03,2.804277924188528642e-03,2.199658145101622726e-03,2.800148347408322295e-03,1.000000000000000000e+00,1.000000000000000000e+00,7.354771725456737182e-04,1.327459742370345770e-03,-1.124158126474732178e-02,2.156849932168293689e-03,4.566926586379105313e-02,5.798718563367267348e-03,1.331995182633441965e-01,1.815322304727430558e-02,7.611547460000666222e-04,1.323296929258568379e-03,-1.187308864112591837e-02,3.287205313474073163e-03
1.190000000000000085e-01,0.000000000000000000e+00,2.132511157088481674e-03,2.805374551794040383e-03,2.199902900192246373e-03,2.800289624542006296e-03,1.000000000000000000e+00,1.000000000000000000e+00,7.300140809160593014e-04,1.328556369975857510e-03,-1.092618325922884402e-02,2.193255211023269896e-03,4.654853676512321625e-02,5.398074954657824248e-03,1.360225436698533907e-01,1.695740630470357613e-02,7.611547460000666222e-04,1.323296929258568379e-03,-1.187308864112591837e-02,3.287205313474073163e-03
1.195000000000000090e-01,0.000000000000000000e+00,2.125627925778657452e-03,2.806476523909420644e-03,2.200146890742922176e-03,2.800432621320562109e-03,1.000000000000000000e+00,1.000000000000000000e+00,7.247412198204659668e-04,1.329658342091237771e-03,-1.054572219118662252e-02,2.203944230760439618e-03,4.741896038722660106e-02,5.000279119569494765e-03,1.388532963040642887e-01,1.575911297991876986e-02,7.611547460000666222e-04,1.323296929258568379e-03,-1.187308864112591837e-02,3.287205313474073163e-03
1.199999999999999956e-01,0.000000000000000000e+00,2.119034524482833574e-03,2.807571220319690034e-03,2.200390114906330095e-03,2.800577343523994248e-03,1.000000000000000000e+00,1.000000000000000000e+00,7.196903813965464412e-04,1.330753038501507378e-03,-1.010167684783904764e-02,2.189392820539232121e-03,4.846437429886461812e-02,4.420453106357349546e-03,1.424047832339078723e-01,1.384059009696742178e-02,7.396606351396454700e-04,1.325676342319205558e-03,-1.115910623474012861e-02,1.957247001346448193e-03
1.204999999999999960e-01,0.000000000000000000e+00,2.112780706594427800e-03,2.808640479015476858e-03,2.200632572012740668e-03,2.800723796755274358e-03,1.000000000000000000e+00,1.000000000000000000e+00,7.148996789548549714e-04,1.331822297197294202e-03,-9.581404883382944881e-03,2.138517391573838827e-03,4.935767020416217954e-02,4.230689891449497704e-03,1.452563685364545720e-01,1.357670870815342636e-02,7.396606351396454700e-04,1.325676342319205558e-03,-1.115910623474012861e-02,1.957247001346448193e-03
1.209999999999999964e-01,0.000000000000000000e+00,2.106907987256286582e-03,2.809678543497516438e-03,2.200874262588060903e-03,2.800871986438111666e-03,1.000000000000000000e+00,1.000000000000000000e+00,7.104009149398746517e-04,1.332860361679333999e-03,-8.997528029960559504e-03,2.076128964079554037e-03,5.024231711276064272e-02,4.042201605891216146e-03,1.482378109460449067e-01,1.297984618336688566e-02,7.396606351396454700e-04,1.325676342319205558e-03,-1.115910623474012861e-02,1.957247001346448193e-03
1.214999999999999969e-01,0.000000000000000000e+00,2.101456922350032966e-03,2.810679767587142240e-03,2.201115188371872804e-03,2.801021917814716915e-03,1.000000000000000000e+00,1.000000000000000000e+00,7.062251569593580493e-04,1.333861585768959367e-03,-8.351515961033140548e-03,2.002448179250769598e-03,5.111851487094734581e-02,3.854963816261990171e-03,1.512266366609860690e-01,1.238189530197481535e-02,7.396606351396454700e-04,1.325676342319205558e-03,-1.115910623474012861e-02,1.957247001346448193e-03
1.219999999999999973e-01,0.000000000000000000e+00,2.096467125064804295e-03,2.811638614019936443e-03,2.201355352335483163e-03,2.801173595943575855e-03,1.000000000000000000e+00,1.000000000000000000e+00,7.024027504767186127e-04,1.334820432201753570e-03,-7.644812965278949615e-03,1.917692865588248351e-03,5.186338133235486592e-02,3.637579120637957249e-03,1.537446798342962662e-01,1.166103375904608760e-02,7.175389806524905137e-04,1.332236465504561644e-03,-1.109679060325849745e-02,2.796002320431059847e-03
1.224999999999999978e-01,0.000000000000000000e+00,2.091971115882289636e-03,2.812548672479067442e-03,2.201594758699963392e-03,2.801327025697215346e-03,1.000000000000000000e+00,1.000000000000000000e+00,6.989586076262412724e-04,1.335730490660884786e-03,-6.888285700954638151e-03,1.820116918262292037e-03,5.264890604709526745e-02,3.148914015607127623e-03,1.565590503854332738e-01,9.906832703362560000e-03,7.175389806524905137e-04,1.332236465504561644e-03,-1.109679060325849745e-02,2.796002320431059847e-03
1.229999999999999982e-01,0.000000000000000000e+00,2.088003018165501823e-03,2.813395133829308531e-03,2.201833412954194106e-03,2.801482211759974243e-03,1.000000000000000000e+00,1.000000000000000000e+00,6.959188684205430643e-04,1.336576952011126092e-03,-6.079478411396499471e-03,1.692922700482499395e-03,5.342732172080084940e-02,2.663528786117874431e-03,1.593387125987325847e-01,8.384212970696931083e-03,7.175389806524905137e-04,1.332236465504561644e-03,-1.109679060325849745e-02,2.796002320431059847e-03
1.234999999999999987e-01,0.000000000000000000e+00,2.084596142475576667e-03,2.814163470857556672e-03,2.202071321872911460e-03,2.801639158625771238e-03,1.000000000000000000e+00,1.000000000000000000e+00,6.933090502298788760e-04,1.337345289039374016e-03,-5.219636381328378316e-03,1.536674056495821068e-03,5.353629173705348049e-02,2.553831914122994210e-03,1.595514954426650589e-01,8.305343877583699908e-03,7.175389806524905137e-04,1.332236465504561644e-03,-1.109679060325849745e-02,2.796002320431059847e-03
1.239999999999999991e-01,0.000000000000000000e+00,2.081749808697194205e-03,2.814851076294781415e-03,2.202308493534747835e-03,2.801797870595874873e-03,1.000000000000000000e+00,1.000000000000000000e+00,6.911286320556871404e-04,1.338032894476598542e-03,-4.360836348383516359e-03,1.375210874449215486e-03,5.425455383842038570e-02,2.573085342301287704e-03,1.627014907049661174e-01,8.404321088144147550e-03,7.044898246657966797e-04,1.325365913784177672e-03,-8.197693729305323418e-03,-1.155056091641830634e-03
1.244999999999999996e-01,0.000000000000000000e+00,2.079493807052972595e-03,2.815459412692389134e-03,2.202544937340278168e-03,2.801958351776672254e-03,1.000000000000000000e+00,1.000000000000000000e+00,6.894004345324637826e-04,1.338641230874206261e-03,-3.456395046446657411e-03,1.216672795215371656e-03,5.417176364548553780e-02,3.789431234108072560e-03,1.622444456423475789e-01,1.304357705036560469e-02,7.044898246657966797e-04,1.325365913784177672e-03,-8.197693729305323418e-03,-1.155056091641830634e-03
1.250000000000000000e-01,0.000000000000000000e+00,2.077817381134135135e-03,2.816027349790895494e-03,2.202780664030061508e-03,2.802120606077436460e-03,1.000000000000000000e+00,1.000000000000000000e+00,6.881162177730375685e-04,1.339209167972712621e-03,-2.568433518852492395e-03,1.135874197012544124e-03,5.409121437327560344e-02,4.997168391557935997e-03,1.624712271432710298e-01,1.666092266857054777e-02,7.044898246657966797e-04,1.325365913784177672e-03,-8.197693729305323418e-03,-1.155056091641830634e-03
1.255000000000000004e-01,0.000000000000000000e+00,2.076709946170480874e-03,2.816593040870648060e-03,2.203015685702687347e-03,2.802284637208095688e-03,1.000000000000000000e+00,1.000000000000000000e+00,6.872678733730145121e-04,1.339774859052465187e-03,-1.696688800046055462e-03,1.131382159504974554e-03,5.400544366600862345e-02,5.974966417487357143e-03,1.626672532761853918e-01,1.942542888341934268e-02,7.044898246657966797e-04,1.325365913784177672e-03,-8.197693729305323418e-03,-1.155056091641830634e-03
1.260000000000000009e-01,0.000000000000000000e+00,2.076160714365118780e-03,2.817187009060207522e-03,2.203250015832818477e-03,2.802450448677006739e-03,1.000000000000000000e+00,1.000000000000000000e+00,6.868471374005328785e-04,1.340368827242024866e-03,-8.414719449632866504e-04,1.187936379119417830e-03,5.416522814634661814e-02,6.719927624811758426e-03,1.638126613103269014e-01,2.150822004664880438e-02,6.931746997413837201e-04,1.342956903799364093e-03,-6.587076016578402582e-03,5.154276839064008547e-03
1.265000000000000013e-01,0.000000000000000000e+00,2.076171262570627920e-03,2.817832142031160420e-03,2.203483669289234281e-03,2.802618043788717653e-03,1.000000000000000000e+00,1.000000000000000000e+00,6.868552177947479442e-04,1.341013960212977980e-03,1.616078843010146024e-05,1.290265941906337506e-03,5.389511031067386465e-02,5.523688142598516884e-03,1.630801298797351917e-01,1.627049725072314892e-02,6.931746997413837201e-04,1.342956903799364093e-03,-6.587076016578402582e-03,5.154276839064008547e-03
1.270000000000000018e-01,0.000000000000000000e+00,2.076721547419964082e-03,2.818490383155483354e-03,2.203716662352874899e-03,2.802787425641739896e-03,1.000000000000000000e+00,1.000000000000000000e+00,6.872767604457145473e-04,1.341672201337300698e-03,8.430853019331218789e-04,1.316482248645526373e-03,5.362916818062343771e-02,4.335877309427762193e-03,1.627145890008309392e-01,1.268990047030815749e-02,6.931746997413837201e-04,1.342956903799364093e-03,-6.587076016578402582e-03,5.154276839064008547e-03
1.275000000000000022e-01,0.000000000000000000e+00,2.077791906623326600e-03,2.819124380275998300e-03,2.203949012734886248e-03,2.802958597126317501e-03,1.000000000000000000e+00,1.000000000000000000e+00,6.880967031655915288e-04,1.342306198457815861e-03,1.639885439753873287e-03,1.267994241030358585e-03,5.336732236502420706e-02,3.156339101557091055e-03,1.623454834876994768e-01,9.102108486594916517e-03,6.931746997413837201e-04,1.342956903799364093e-03,-6.587076016578402582e-03,5.154276839064008547e-03
1.280000000000000027e-01,0.000000000000000000e+00,2.079363052788624905e-03,2.819697476873013649e-03,2.204180739594662018e-03,2.803131560922195783e-03,1.000000000000000000e+00,1.000000000000000000e+00,6.893002709548459121e-04,1.342879295054830776e-03,2.407135578508825830e-03,1.146193194029790060e-03,5.443332358117434350e-02,2.893265354231398020e-03,1.671141825856191088e-01,9.034961436052996869e-03,6.876558000161647668e-04,1.339421036056018775e-03,-4.160098103614001154e-03,7.651197406302284558e-04
1.285000000000000031e-01,0.000000000000000000e+00,2.081482392128700988e-03,2.820202093730628679e-03,2.204411863557889997e-03,2.803306319496388747e-03,1.000000000000000000e+00,1.000000000000000000e+00,6.909237790793947183e-04,1.343383911912446023e-03,3.247016249097528333e-03,1.009233715230530622e-03,5.442613185231021111e-02,3.135779622608928820e-03,1.666197906989887456e-01,1.014247796965625503e-02,6.876558000161647668e-04,1.339421036056018775e-03,-4.160098103614001154e-03,7.651197406302284558e-04
1.290000000000000036e-01,0.000000000000000000e+00,2.084142949719496388e-03,2.820646549715823646e-03,2.204642406734593635e-03,2.803482875100950407e-03,1.000000000000000000e+00,1.000000000000000000e+00,6.929618844374217049e-04,1.343828367897640990e-03,4.076210716053952493e-03,8.889119703900124183e-04,5.431337793788376667e-02,3.149103842489944446e-03,1.666259299926030057e-01,9.935453159997517311e-03,6.876558000161647668e-04,1.339421036056018775e-03,-4.160098103614001154e-03,7.651197406302284558e-04
1.295000000000000040e-01,0.000000000000000000e+00,2.087332481638913551e-03,2.821031910434144627e-03,2.204872392737177063e-03,2.803661229770741756e-03,1.000000000000000000e+00,1.000000000000000000e+00,6.954052076404415843e-04,1.344213728615962188e-03,4.886646406039764010e-03,7.707214366425913692e-04,5.420317484309924994e-02,3.162192055776683487e-03,1.667221835360690463e-01,9.924078802096131940e-03,6.876558000161647668e-04,1.339421036056018775e-03,-4.160098103614001154e-03,7.651197406302284558e-04
1.300000000000000044e-01,0.000000000000000000e+00,2.091038954163044940e-03,2.821359228423728563e-03,2.205101846698468392e-03,2.803841385321201654e-03,1.000000000000000000e+00,1.000000000000000000e+00,6.982445303211256551e-04,1.344541046605545690e-03,5.678645361368080818e-03,6.546359791669150666e-04,5.467123209704265185e-02,2.109364531606289662e-03,1.690522898746887603e-01,5.774156581765780422e-03,6.875070636648600211e-04,1.342083116376711861e-03,-1.569464668000527521e-03,1.123952161534986669e-03
1.305000000000000049e-01,0.000000000000000000e+00,2.095279386155092082e-03,2.821596235293441415e-03,2.205330795289765604e-03,2.804023343346114666e-03,1.000000000000000000e+00,1.000000000000000000e+00,7.014928896850573543e-04,1.344778053475258759e-03,6.496718727863351472e-03,4.740137394261026123e-04,5.454195122148587649e-02,2.002863646228366084e-03,1.685826698056782091e-01,6.181620243425358513e-03,6.875070636648600211e-04,1.342083116376711861e-03,-1.569464668000527521e-03,1.123952161534986669e-03
1.310000000000000053e-01,0.000000000000000000e+00,2.100040610970891133e-03,2.821740625610003571e-03,2.205559266738875944e-03,2.804207105215378477e-03,1.000000000000000000e+00,1.000000000000000000e+00,7.051401994976403461e-04,1.344922443791820698e-03,7.294619625165946371e-03,2.887806331240054081e-04,5.443345260857849338e-02,2.023376036909569926e-03,1.686930317601879892e-01,6.272535824068754297e-03,6.875070636648600211e-04,1.342083116376711861e-03,-1.569464668000527521e-03,1.123952161534986669e-03
1.315000000000000058e-01,0.000000000000000000e+00,2.105310597229988982e-03,2.821794101056451266e-03,2.205787290848166583e-03,2.804392672072776940e-03,1.000000000000000000e+00,1.000000000000000000e+00,7.091772431867356856e-04,1.344975919238268394e-03,8.074087378190760583e-03,1.069508928951921889e-04,5.432746053575952805e-02,2.043511544775816497e-03,1.687856527215675639e-01,6.255025209931151450e-03,6.875070636648600211e-04,1.342083116376711861e-03,-1.569464668000527521e-03,1.123952161534986669e-03
1.320000000000000062e-01,0.000000000000000000e+00,2.111077521351849111e-03,2.821758342056519125e-03,2.206014899012601407e-03,2.804580044833745317e-03,1.000000000000000000e+00,1.000000000000000000e+00,7.135949633641755540e-04,1.344940160238336469e-03,8.835440354879812996e-03,-7.151799986367023891e-05,5.539060083553932340e-02,1.820202676478835336e-03,1.734070805415815764e-01,5.293826459021565289e-03,7.069776048500935311e-04,1.338962722731492456e-03,5.598514044073751340e-03,-5.779826768164916286e-04
1.325000000000000067e-01,0.000000000000000000e+00,2.117388215288147982e-03,2.821627410739834668e-03,2.206242124237790380e-03,2.804769224183140293e-03,1.000000000000000000e+00,1.000000000000000000e+00,7.184292353863018423e-04,1.344809228921652229e-03,9.668544044252633946e-03,-2.618626333684467410e-04,5.432591565125074323e-02,2.114584537656180943e-03,1.688046066005205459e-01,6.545874064637413614e-03,7.069776048500935311e-04,1.338962722731492456e-03,5.598514044073751340e-03,-5.779826768164916286e-04
1.330000000000000071e-01,0.000000000000000000e+00,2.124182299170465811e-03,2.821411629530849122e-03,2.206469001158029800e-03,2.804960210573009122e-03,1.000000000000000000e+00,1.000000000000000000e+00,7.236338055904358328e-04,1.344593447712666466e-03,1.040914040826787686e-02,-4.315624179714561918e-04,5.327380961873273008e-02,2.406680224322493324e-03,1.660185728581058118e-01,7.355989632816722044e-03,7.069776048500935311e-04,1.338962722731492456e-03,5.598514044073751340e-03,-5.779826768164916286e-04
1.335000000000000075e-01,0.000000000000000000e+00,2.131400670643658537e-03,2.821121138990887161e-03,2.206695566054348197e-03,2.805153004220360506e-03,1.000000000000000000e+00,1.000000000000000000e+00,7.291633989458433862e-04,1.344302957172704505e-03,1.105918671081500791e-02,-5.809810799237895371e-04,5.223401658912173173e-02,2.696530014887568542e-03,1.632218007928766257e-01,8.168056817476824008e-03,7.069776048500935311e-04,1.338962722731492456e-03,5.598514044073751340e-03,-5.779826768164916286e-04
1.340000000000000080e-01,0.000000000000000000e+00,2.138985483377353267e-03,2.820765900042084516e-03,2.206921856872550054e-03,2.805347605104929407e-03,1.000000000000000000e+00,1.000000000000000000e+00,7.349737025925885854e-04,1.343947718223901643e-03,1.162060729349042448e-02,-7.104778976058216417e-04,5.108776940840545344e-02,3.343399404175582696e-03,1.599542825668717749e-01,1.037715186889832421e-02,7.148518026363838603e-04,1.351543479840154995e-03,4.545062710696528424e-03,3.777030152472459369e-03
1.345000000000000084e-01,0.000000000000000000e+00,2.146874188697827333e-03,2.820366923795074657e-03,2.207147913241258672e-03,2.805544012966949656e-03,1.000000000000000000e+00,1.000000000000000000e+00,7.410168014667406792e-04,1.343548741976892218e-03,1.208619774830409048e-02,-7.979524940188942534e-04,5.023412484019207369e-02,2.647610882042213901e-03,1.578634012581771329e-01,7.085118676205443694e-03,7.148518026363838603e-04,1.351543479840154995e-03,4.545062710696528424e-03,3.777030152472459369e-03
1.350000000000000089e-01,0.000000000000000000e+00,2.155019590393630891e-03,2.819903017136973170e-03,2.207373776489961192e-03,2.805742227304922239e-03,1.000000000000000000e+00,1.000000000000000000e+00,7.472565411727828720e-04,1.343084835318790514e-03,1.247947941208448625e-02,-9.278133162033031130e-04,4.939031282581415883e-02,1.956516136522973640e-03,1.555227367075960043e-01,4.939259275299908401e-03,7.148518026363838603e-04,1.351543479840154995e-03,4.545062710696528424e-03,3.777030152472459369e-03
1.355000000000000093e-01,0.000000000000000000e+00,2.163375504562410449e-03,2.819353387452051482e-03,2.207599489667052758e-03,2.805942247373381833e-03,1.000000000000000000e+00,1.000000000000000000e+00,7.536575427889556254e-04,1.342535205633868826e-03,1.280200323234557437e-02,-1.099259369843160004e-03,4.855612246733376908e-02,1.270026466906261538e-03,1.531736784958919184e-01,2.789392983514825917e-03,7.148518026363838603e-04,1.351543479840154995e-03,4.545062710696528424e-03,3.777030152472459369e-03
1.360000000000000098e-01,0.000000000000000000e+00,2.171896742509696072e-03,2.818697637549751923e-03,2.207825097557877640e-03,2.806144072180668560e-03,1.000000000000000000e+00,1.000000000000000000e+00,7.601851897669683342e-04,1.341879455731569267e-03,1.305529395602543670e-02,-1.311499804599123480e-03,4.916013057456355279e-02,8.006058240218928983e-05,1.563653189581091507e-01,-1.337279510014011520e-03,7.400360375318781186e-04,1.341698637223070860e-03,9.647448190790077621e-03,-1.739019665740678582e-03
1.365000000000000102e-01,0.000000000000000000e+00,2.180610677043659778e-03,2.817899883262934158e-03,2.208050646702776863e-03,2.806347700486696260e-03,1.000000000000000000e+00,1.000000000000000000e+00,7.668604508944137791e-04,1.341081701444751502e-03,1.335052225489088279e-02,-1.595508573635665483e-03,4.821727771446927824e-02,5.706656601892182200e-04,1.523438911263919338e-01,1.461747049345926436e-03,7.400360375318781186e-04,1.341698637223070860e-03,9.647448190790077621e-03,-1.739019665740678582e-03
1.370000000000000107e-01,0.000000000000000000e+00,2.189466841970916320e-03,2.816977200144442708e-03,2.208276185415129766e-03,2.806553130800720774e-03,1.000000000000000000e+00,1.000000000000000000e+00,7.736446668242839223e-04,1.340159018326260052e-03,1.356843185974027088e-02,-1.845366236982714896e-03,4.728493865512509164e-02,1.057488904177296277e-03,1.496429571339496500e-01,2.826136851396824062e-03,7.400360375318781186e-04,1.341698637223070860e-03,9.647448190790077621e-03,-1.739019665740678582e-03
1.375000000000000111e-01,0.000000000000000000e+00,2.198415868538438657e-03,2.815946361156145949e-03,2.208501763799399029e-03,2.806760361379109954e-03,1.000000000000000000e+00,1.000000000000000000e+00,7.805000188976585554e-04,1.339128179337963293e-03,1.371070414674915687e-02,-2.061677976593581218e-03,4.636288476289560090e-02,1.540597331158979465e-03,1.469330479269203849e-01,4.193755054925404034e-03,7.400360375318781186e-04,1.341698637223070860e-03,9.647448190790077621e-03,-1.739019665740678582e-03
1.380000000000000115e-01,0.000000000000000000e+00,2.207409466814949130e-03,2.814823840380463720e-03,2.208727433769173965e-03,2.806969390223110639e-03,1.000000000000000000e+00,1.000000000000000000e+00,7.873895148810238767e-04,1.338005658562281064e-03,1.377899196673068247e-02,-2.245041551364631172e-03,4.440935888265459819e-02,2.361390427939376313e-03,1.401694006181032626e-01,6.890167014910486901e-03,7.475983996166489422e-04,1.351401929579430262e-03,5.927831846867905388e-03,2.439915212300574655e-03
1.385000000000000120e-01,0.000000000000000000e+00,2.216348225825235177e-03,2.813636485092831790e-03,2.208953249065213811e-03,2.807180215076619540e-03,1.000000000000000000e+00,1.000000000000000000e+00,7.942370015492329020e-04,1.336818303274649134e-03,1.369497333641808007e-02,-2.374710575264003462e-03,4.352346932707354399e-02,1.900922460616300729e-03,1.383521837690862011e-01,4.345420608676768721e-03,7.475983996166489422e-04,1.351401929579430262e-03,5.927831846867905388e-03,2.439915212300574655e-03
1.390000000000000124e-01,0.000000000000000000e+00,2.225187386114210047e-03,2.812370791837374116e-03,2.209179265273493627e-03,2.807392833423953682e-03,1.000000000000000000e+00,1.000000000000000000e+00,8.010081911704402353e-04,1.335552610019191460e-03,1.354237924241466322e-02,-2.531386510915503100e-03,4.264690466724721518e-02,1.443445191532927770e-03,1.356235681459838360e-01,2.894435941468822930e-03,7.475983996166489422e-04,1.351401929579430262e-03,5.927831846867905388e-03,2.439915212300574655e-03
1.395000000000000129e-01,0.000000000000000000e+00,2.233883187161386959e-03,2.811013516530964929e-03,2.209405539843245850e-03,2.807607242487613914e-03,1.000000000000000000e+00,1.000000000000000000e+00,8.076695612410984175e-04,1.334195334712782489e-03,1.332274014131634016e-02,-2.714550612817750140e-03,4.177945679159388720e-02,9.889011757184275851e-04,1.328869922293217376e-01,1.440898233823451622e-03,7.475983996166489422e-04,1.351401929579430262e-03,5.927831846867905388e-03,2.439915212300574655e-03
1.400000000000000133e-01,0.000000000000000000e+00,2.242392850300037148e-03,2.809551671153331237e-03,2.209632132105005323e-03,2.807823439226060126e-03,1.000000000000000000e+00,1.000000000000000000e+00,8.141883414012758254e-04,1.332733489335148364e-03,1.303756032035488163e-02,-2.923690755268108961e-03,4.332337330478835263e-02,2.799837534524785010e-04,1.394729418083824057e-01,-1.014214892230753083e-03,7.845819197949468202e-04,1.343658173156488458e-03,1.389422540713441262e-02,-1.562195394766745498e-03
1.405000000000000138e-01,0.000000000000000000e+00,2.250794926513493069e-03,2.807964480104418493e-03,2.209859103288654755e-03,2.808041420331476058e-03,1.000000000000000000e+00,1.000000000000000000e+00,8.206247051952554302e-04,1.331146298286235838e-03,1.287272758795931019e-02,-3.174382097824939453e-03,4.245160568227716175e-02,7.914013875002415916e-04,1.346822639759824580e-01,1.469317396249313892e-03,7.845819197949468202e-04,1.343658173156488458e-03,1.389422540713441262e-02,-1.562195394766745498e-03
1.410000000000000142e-01,0.000000000000000000e+00,2.259046038055574548e-03,2.806269565229103230e-03,2.210086516541464544e-03,2.808261182227539746e-03,1.000000000000000000e+00,1.000000000000000000e+00,8.269454233416221114e-04,1.329451383410920574e-03,1.264143629273326193e-02,-3.389829750630702146e-03,4.158887509921198322e-02,1.298916196898278284e-03,1.319537598529312850e-01,2.911098061439579970e-03,7.845819197949468202e-04,1.343658173156488458e-03,1.389422540713441262e-02,-1.562195394766745498e-03
1.415000000000000147e-01,0.000000000000000000e+00,2.267103781449973220e-03,2.804484233696905894e-03,2.210314436946140843e-03,2.808482721067192232e-03,1.000000000000000000e+00,1.000000000000000000e+00,8.331180128929797490e-04,1.327666051878723455e-03,1.234517910271526464e-02,-3.570663064394450237e-03,4.073497858250144793e-02,1.802597874844944718e-03,1.292175411678309904e-01,4.356210413196771186e-03,7.845819197949468202e-04,1.343658173156488458e-03,1.389422540713441262e-02,-1.562195394766745498e-03
1.420000000000000151e-01,0.000000000000000000e+00,2.274926710799798826e-03,2.802625481877125003e-03,2.210542931538867113e-03,2.808706032730407150e-03,1.000000000000000000e+00,1.000000000000000000e+00,8.391107244503260166e-04,1.325807300058942347e-03,1.198542311469244157e-02,-3.717503639562230039e-03,4.006681448021313929e-02,2.193667659343581742e-03,1.271615690614237848e-01,5.381867863254008455e-03,8.130468734053736268e-04,1.338723436029370158e-03,1.410870002903963707e-02,-2.136137362894753502e-03
1.425000000000000155e-01,0.000000000000000000e+00,2.282483194088462831e-03,2.800706597138067321e-03,2.210772069327348720e-03,2.808931112821959862e-03,1.000000000000000000e+00,1.000000000000000000e+00,8.448993264831284851e-04,1.323888415319884881e-03,1.157720406560502208e-02,-3.837769478114879274e-03,3.925950112169369899e-02,2.770014378554869205e-03,1.243810427549689318e-01,7.234639290609853196e-03,8.130468734053736268e-04,1.338723436029370158e-03,1.410870002903963707e-02,-2.136137362894753502e-03
1.430000000000000160e-01,0.000000000000000000e+00,2.289735025841484542e-03,2.798746510004698589e-03,2.211001921308856661e-03,2.809157956669193143e-03,1.000000000000000000e+00,1.000000000000000000e+00,8.504545518999644766e-04,1.321928328186515716e-03,1.111045083367207323e-02,-3.920174266738357324e-03,3.846014724494432879e-02,3.342168431221541943e-03,1.217193026480978407e-01,8.929247149283095833e-03,8.130468734053736268e-04,1.338723436029370158e-03,1.410870002903963707e-02,-2.136137362894753502e-03
1.435000000000000164e-01,0.000000000000000000e+00,2.296644878148930771e-03,2.796763804508714708e-03,2.211232560488272155e-03,2.809386559319792826e-03,1.000000000000000000e+00,1.000000000000000000e+00,8.557478058628568236e-04,1.319945622690531836e-03,1.058650792578463666e-02,-3.965410991967735325e-03,3.766857002383561942e-02,3.910206557462192131e-03,1.190507678474157366e-01,1.062743412105005003e-02,8.130468734053736268e-04,1.338723436029370158e-03,1.410870002903963707e-02,-2.136137362894753502e-03
1.440000000000000169e-01,0.000000000000000000e+00,2.303176285533399537e-03,2.794776722509144211e-03,2.211464061896129506e-03,2.809616915539548711e-03,1.000000000000000000e+00,1.000000000000000000e+00,8.607511541954749506e-04,1.317958540690961555e-03,1.000669666523629382e-02,-3.974163999140717385e-03,3.732924539574065947e-02,4.144661116965370554e-03,1.181024857799619354e-01,1.104929997595353527e-02,8.435135630013452504e-04,1.328605497327046145e-03,1.482180206784064827e-02,-3.989413621725551931e-03
1.444999999999999896e-01,0.000000000000000000e+00,2.309315907625690036e-03,2.792792868068854316e-03,2.211696502606660692e-03,2.809849019810130213e-03,1.000000000000000000e+00,1.000000000000000000e+00,8.654543775821250560e-04,1.315974686250671443e-03,9.406446773300313272e-03,-3.967708880580034583e-03,3.669770901525126056e-02,4.964100771105503171e-03,1.156224887773881216e-01,1.403435684651006127e-02,8.435135630013452504e-04,1.328605497327046145e-03,1.482180206784064827e-02,-3.989413621725551931e-03
1.449999999999999900e-01,0.000000000000000000e+00,2.315035963572019493e-03,2.790838040215482332e-03,2.211929961755837795e-03,2.810082866326851173e-03,1.000000000000000000e+00,1.000000000000000000e+00,8.698361946541401622e-04,1.314019858397299460e-03,8.763634144030267928e-03,-3.909655706744132563e-03,3.607196031839261796e-02,5.777826546720757003e-03,1.133919413549326904e-01,1.652003514985632415e-02,8.435135630013452504e-04,1.328605497327046145e-03,1.482180206784064827e-02,-3.989413621725551931e-03
1.454999999999999905e-01,0.000000000000000000e+00,2.320309333086063505e-03,2.788937556109494405e-03,2.212164520559420627e-03,2.810318448996441607e-03,1.000000000000000000e+00,1.000000000000000000e+00,8.738758300668866223e-04,1.312119374291311966e-03,8.079270825493025873e-03,-3.800968211975113299e-03,3.545186168680659888e-02,6.585945166069013743e-03,1.111564532165761482e-01,1.901059116461289653e-02,8.435135630013452504e-04,1.328605497327046145e-03,1.482180206784064827e-02,-3.989413621725551931e-03
1.459999999999999909e-01,0.000000000000000000e+00,2.325109544947847381e-03,2.787116257112645917e-03,2.212400262330995251e-03,2.810555761434814677e-03,1.000000000000000000e+00,1.000000000000000000e+00,8.775530056894000064e-04,1.310298075294463261e-03,7.354351245026752651e-03,-3.642597993697481960e-03,3.338232515678395129e-02,7.843003277671359297e-03,1.032655996020623718e-01,2.327082931860182877e-02,8.561261157247456724e-04,1.324835736157952424e-03,9.422373812640360766e-03,-2.654995109342788567e-03
1.464999999999999913e-01,0.000000000000000000e+00,2.329337871485537281e-03,2.785412718391474911e-03,2.212637272500022918e-03,2.810794796964836278e-03,1.000000000000000000e+00,1.000000000000000000e+00,8.807920917372898898e-04,1.308594536573292255e-03,6.478172095779773793e-03,-3.407077442341804787e-03,3.288947433792887426e-02,8.652891096011333660e-03,1.026555051285453352e-01,2.544434813679270421e-02,8.561261157247456724e-04,1.324835736157952424e-03,9.422373812640360766e-03,-2.654995109342788567e-03
1.469999999999999918e-01,0.000000000000000000e+00,2.332975790967491310e-03,2.783851076874572193e-03,2.212875638629880747e-03,2.811035548614094180e-03,1.000000000000000000e+00,1.000000000000000000e+00,8.835788997409547985e-04,1.307032895056389320e-03,5.573616007329807755e-03,-3.123283033805761711e-03,3.301247593026386540e-02,8.621464198858626304e-03,1.030762323197586261e-01,2.475297903691050724e-02,8.561261157247456724e-04,1.324835736157952424e-03,9.422373812640360766e-03,-2.654995109342788567e-03
1.474999999999999922e-01,0.000000000000000000e+00,2.336035918623291345e-03,2.782428877391145833e-03,2.213115450435907197e-03,2.811278009112666738e-03,1.000000000000000000e+00,1.000000000000000000e+00,8.859230935269151027e-04,1.305610695572963177e-03,4.688387571920611153e-03,-2.844398966852357442e-03,3.313284934715405444e-02,8.590581064356839214e-03,1.029712307402176064e-01,2.477980693221221858e-02,8.561261157247456724e-04,1.324835736157952424e-03,9.422373812640360766e-03,-2.654995109342788567e-03
1.479999999999999927e-01,0.000000000000000000e+00,2.338530656825758836e-03,2.781143694505406987e-03,2.213356799803444484e-03,2.811522170890892909e-03,1.000000000000000000e+00,1.000000000000000000e+00,8.878341738639523124e-04,1.304325512687224331e-03,3.822160674074496535e-03,-2.570365771477502777e-03,3.364740324034953128e-02,8.767530857553555018e-03,1.044093705263162697e-01,2.561123692168569208e-02,8.747952696414187197e-04,1.310417065875950447e-03,9.366704575977262415e-03,-5.542759540961252757e-03
1.484999999999999931e-01,0.000000000000000000e+00,2.340492076563845114e-03,2.779999611283131764e-03,2.213599780805884914e-03,2.811768026077139226e-03,1.000000000000000000e+00,1.000000000000000000e+00,8.893367085549368483e-04,1.303181429464949108e-03,3.005069381969152024e-03,-2.288166444550408535e-03,3.411613032631610753e-02,9.852834796612593149e-03,1.053589868564778348e-01,2.979649915158026283e-02,8.747952696414187197e-04,1.310417065875950447e-03,9.366704575977262415e-03,-5.542759540961252757e-03
1.489999999999999936e-01,0.000000000000000000e+00,2.341949640414868125e-03,2.779029037988143148e-03,2.213844489722712004e-03,2.812015566495570679e-03,1.000000000000000000e+00,1.000000000000000000e+00,8.904532672435043787e-04,1.302210856169960492e-03,2.233117377135033447e-03,-1.941146589977130231e-03,3.450824980277328313e-02,1.071094127696861978e-02,1.060740438543596176e-01,3.235185507634674718e-02,8.747952696414187197e-04,1.310417065875950447e-03,9.366704575977262415e-03,-5.542759540961252757e-03
1.494999999999999940e-01,0.000000000000000000e+00,2.342928687393928001e-03,2.778256887277095761e-03,2.214091025057545944e-03,2.812264783663918997e-03,1.000000000000000000e+00,1.000000000000000000e+00,8.912032607413654817e-04,1.301438705458913105e-03,1.499986995722278529e-03,-1.544301422094927680e-03,3.460794091696108021e-02,1.066699533616972430e-02,1.057393070138424318e-01,3.161932361767776090e-02,8.747952696414187197e-04,1.310417065875950447e-03,9.366704575977262415e-03,-5.542759540961252757e-03
1.499999999999999944e-01,0.000000000000000000e+00,2.343439665251881472e-03,2.777679565917532366e-03,2.214339487556188195e-03,2.812515668791251353e-03,1.000000000000000000e+00,1.000000000000000000e+00,8.915946924900078297e-04,1.300861384099349493e-03,7.828634972847684469e-04,-1.154642719127267061e-03,3.481017458247226415e-02,1.136997280449076816e-02,1.060608983439197822e-01,3.455454465396704672e-02,8.899447202116105536e-04,1.298701488548478777e-03,8.230466609019859367e-03,-5.742509645114362779e-03
1.504999999999999949e-01,0.000000000000000000e+00,2.343498090776964787e-03,2.777316845513915985e-03,2.214589980224663038e-03,2.812768212775738647e-03,1.000000000000000000e+00,1.000000000000000000e+00,8.916394490388339540e-04,1.300498663695733546e-03,8.951309765219681632e-05,-7.254408072318328576e-04,3.490445641230003476e-02,1.132244373437108625e-02,1.058882594868779115e-01,3.395444067844760605e-02,8.899447202116105536e-04,1.298701488548478777e-03,8.230466609019859367e-03,-5.742509645114362779e-03
1.509999999999999953e-01,0.000000000000000000e+00,2.343113943170464439e-03,2.777164786304257751e-03,2.214842608347263909e-03,2.813022406202426821e-03,1.000000000000000000e+00,1.000000000000000000e+00,8.913451748995371120e-04,1.300346604486075095e-03,-5.885482785937650721e-04,-3.041184193169405763e-04,3.499665923979083937e-02,1.127578722897537751e-02,1.058077748291917641e-01,3.399501435999060378e-02,8.899447202116105536e-04,1.298701488548478777e-03,8.230466609019859367e-03,-5.742509645114362779e-03
1.514999999999999958e-01,0.000000000000000000e+00,2.342297031612348285e-03,2.777219497726723593e-03,2.215097479504595391e-03,2.813278239341003399e-03,1.000000000000000000e+00,1.000000000000000000e+00,8.907193843399225123e-04,1.300401315908540720e-03,-1.251581119229175885e-03,1.094228449311960508e-04,3.508681848608843912e-02,1.122999239162474419e-02,1.057290649333205296e-01,3.403484316764596174e-02,8.899447202116105536e-04,1.298701488548478777e-03,8.230466609019859367e-03,-5.742509645114362779e-03
1.519999999999999962e-01,0.000000000000000000e+00,2.341056997900792594e-03,2.777477137948046633e-03,2.215354703591618235e-03,2.813535702143567501e-03,1.000000000000000000e+00,1.000000000000000000e+00,8.897694634059047933e-04,1.300658956129863760e-03,-1.899841868035411115e-03,5.152804426460230389e-04,3.400256516448578459e-02,1.111908493273402847e-02,1.010988812112392915e-01,3.381775658577475252e-02,8.982290659215849855e-04,1.297856300348186869e-03,5.638207531560307170e-03,-2.369317748333546296e-03
1.524999999999999967e-01,0.000000000000000000e+00,2.339344580761031425e-03,2.777931851701440254e-03,2.215614392835693960e-03,2.813794784242398556e-03,1.000000000000000000e+00,1.000000000000000000e+00,8.884576757716893067e-04,1.301113669883257381e-03,-2.623575268431078966e-03,9.094275067870816794e-04,3.382792217172510274e-02,1.043228011976891391e-02,1.009640073180003705e-01,3.141462801284360118e-02,8.982290659215849855e-04,1.297856300348186869e-03,5.638207531560307170e-03,-2.369317748333546296e-03
1.529999999999999971e-01,0.000000000000000000e+00,2.337156717422175442e-03,2.778559829749920572e-03,2.215876661814625975e-03,2.814055474947726315e-03,1.000000000000000000e+00,1.000000000000000000e+00,8.867816752186550829e-04,1.301741647931738133e-03,-3.352001106068386565e-03,1.255956096961594482e-03,3.392697356176203188e-02,1.039390614890717268e-02,1.011130931123183502e-01,3.200092603410254616e-02,8.982290659215849855e-04,1.297856300348186869e-03,5.638207531560307170e-03,-2.369317748333546296e-03
1.534999999999999976e-01,0.000000000000000000e+00,2.334504146918187084e-03,2.779357786816055980e-03,2.216141627474706773e-03,2.814317763245497393e-03,1.000000000000000000e+00,1.000000000000000000e+00,8.847496883240934650e-04,1.302539604997873324e-03,-4.063973789123316409e-03,1.595914132270298590e-03,3.402378765083068080e-02,1.035625978981575927e-02,1.010285368703041503e-01,3.203368437061878543e-02,8.982290659215849855e-04,1.297856300348186869e-03,5.638207531560307170e-03,-2.369317748333546296e-03
1.539999999999999980e-01,0.000000000000000000e+00,2.331397424004948149e-03,2.780322479293992517e-03,2.216409409148759058e-03,2.814581637795147886e-03,1.000000000000000000e+00,1.000000000000000000e+00,8.823698005000962579e-04,1.303504297475810078e-03,-4.759775647994310063e-03,1.929384955873435226e-03,3.265429372417079368e-02,1.092015922312368666e-02,9.525978807366078382e-02,3.439923114908870205e-02,8.833906714530319121e-04,1.301746219748942026e-03,-2.641084043052388617e-03,3.662305150633680907e-04
1.544999999999999984e-01,0.000000000000000000e+00,2.327773569091990541e-03,2.781469483746870641e-03,2.216680128574182503e-03,2.814847086927368611e-03,1.000000000000000000e+00,1.000000000000000000e+00,8.795937665813557049e-04,1.304651301928687768e-03,-5.552067837481150341e-03,2.294008905755411803e-03,3.372177121534690458e-02,1.065471234345422014e-02,1.001561808916782703e-01,3.304376079417792322e-02,8.833906714530319121e-04,1.301746219748942026e-03,-2.641084043052388617e-03,3.662305150633680907e-04
1.549999999999999989e-01,0.000000000000000000e+00,2.323692487589757230e-03,2.782788253668930060e-03,2.216953909910994447e-03,2.815114098641875555e-03,1.000000000000000000e+00,1.000000000000000000e+00,8.764674767746541764e-04,1.305970071850747621e-03,-6.252579613403115057e-03,2.637539844119581901e-03,3.477676840026253102e-02,1.039160126704116727e-02,1.029722278921214873e-01,3.239627048404551679e-02,8.833906714530319121e-04,1.301746219748942026e-03,-2.641084043052388617e-03,3.662305150633680907e-04
1.554999999999999993e-01,0.000000000000000000e+00,2.319212814898407617e-03,2.784268418720484400e-03,2.217230879759876649e-03,2.815382660605180321e-03,1.000000000000000000e+00,1.000000000000000000e+00,8.730358484024539545e-04,1.307450236902301744e-03,-6.863256744400388423e-03,2.960330103108323261e-03,3.581954986465659546e-02,1.013078697723843007e-02,1.057989288348888113e-01,3.174678619134129604e-02,8.833906714530319121e-04,1.301746219748942026e-03,-2.641084043052388617e-03,3.662305150633680907e-04
1.559999999999999998e-01,0.000000000000000000e+00,2.314391937783701232e-03,2.785899782635712849e-03,2.217511167180217287e-03,2.815652760148357105e-03,1.000000000000000000e+00,1.000000000000000000e+00,8.693428422777734052e-04,1.309081600817530193e-03,-7.386012249361030915e-03,3.262727830456866457e-03,3.665784476717741380e-02,9.519362716040176767e-03,1.078883329490435833e-01,2.972492097562471833e-02,8.826821580944526529e-04,1.307989176352530088e-03,-1.191078405260448392e-03,2.113246878248574174e-03
1.565000000000000002e-01,0.000000000000000000e+00,2.309276369480059692e-03,2.787661292229131824e-03,2.217794903708154679e-03,2.815924384264811842e-03,1.000000000000000000e+00,1.000000000000000000e+00,8.654240896053735227e-04,1.310843110410949168e-03,-7.837505344799666068e-03,3.523019186837755834e-03,3.707171441571027043e-02,8.371520930517295511e-03,1.085416093125541187e-01,2.590098544787011736e-02,8.826821580944526529e-04,1.307989176352530088e-03,-1.191078405260448392e-03,2.113246878248574174e-03
1.570000000000000007e-01,0.000000000000000000e+00,2.303890851764221499e-03,2.789515358597635317e-03,2.218082223374624046e-03,2.816197519608052216e-03,1.000000000000000000e+00,1.000000000000000000e+00,8.612985436858368359e-04,1.312697176779452444e-03,-8.251091839073356263e-03,3.708132737006365059e-03,3.748042952229394681e-02,7.232004203955891448e-03,1.095572006771945300e-01,2.253496827936866953e-02,8.826821580944526529e-04,1.307989176352530088e-03,-1.191078405260448392e-03,2.113246878248574174e-03
1.575000000000000011e-01,0.000000000000000000e+00,2.298259611076250777e-03,2.791425079625329490e-03,2.218373262723397771e-03,2.816472152489455510e-03,1.000000000000000000e+00,1.000000000000000000e+00,8.569847630489511522e-04,1.314606897807146834e-03,-8.627561273771391578e-03,3.819442055388891973e-03,3.785022551410073544e-02,6.208194940413771373e-03,1.104456451806452993e-01,1.957947185360081263e-02,8.826821580944526529e-04,1.307989176352530088e-03,-1.191078405260448392e-03,2.113246878248574174e-03
1.580000000000000016e-01,0.000000000000000000e+00,2.292404670135410327e-03,2.793357592425852083e-03,2.218668160829131292e-03,2.816748268876039050e-03,1.000000000000000000e+00,1.000000000000000000e+00,8.524996180764307999e-04,1.316539410607669427e-03,-8.970289945040789761e-03,3.865025601045184341e-03,3.634936648368877060e-02,5.825170026221017719e-03,1.041201432025728874e-01,1.898552264545588439e-02,8.538022972266874578e-04,1.305467421891527615e-03,-9.591760695577088505e-03,-2.617958560429203569e-05
1.585000000000000020e-01,0.000000000000000000e+00,2.286254099758376623e-03,2.795300441415102081e-03,2.218967059315406828e-03,2.817025854388227613e-03,1.000000000000000000e+00,1.000000000000000000e+00,8.477880078170917360e-04,1.318482259596919426e-03,-9.423220518678103452e-03,3.885697978500152455e-03,3.736371739147539145e-02,6.088935553388227784e-03,1.091015685884400149e-01,2.034576209692765675e-02,8.538022972266874578e-04,1.305467421891527615e-03,-9.591760695577088505e-03,-2.617958560429203569e-05
1.590000000000000024e-01,0.000000000000000000e+00,2.279862854522695347e-03,2.797261530149970470e-03,2.219270102372776672e-03,2.817304894297623877e-03,1.000000000000000000e+00,1.000000000000000000e+00,8.428920299196873125e-04,1.320443348331787597e-03,-9.791955794808900743e-03,3.922177469736474326e-03,3.836661941754791749e-02,6.350950628382505056e-03,1.119358590358518202e-01,2.115386220869184403e-02,8.538022972266874578e-04,1.305467421891527615e-03,-9.591760695577088505e-03,-2.617958560429203569e-05
1.595000000000000029e-01,0.000000000000000000e+00,2.273284703687655436e-03,2.799248613507139896e-03,2.219577436776807786e-03,2.817585373524774534e-03,1.000000000000000000e+00,1.000000000000000000e+00,8.378528740265065930e-04,1.322430431688957240e-03,-1.007831178636135402e-02,3.974166714339223520e-03,3.935831950345562713e-02,6.611248180376859407e-03,1.147799229393721560e-01,2.196345661203047417e-02,8.538022972266874578e-04,1.305467421891527615e-03,-9.591760695577088505e-03,-2.617958560429203569e-05
1.600000000000000033e-01,0.000000000000000000e+00,2.266572251253078790e-03,2.801269299561943288e-03,2.219889211906125523e-03,2.817867276636944196e-03,1.000000000000000000e+00,1.000000000000000000e+00,8.327108371392989228e-04,1.324451117743760632e-03,-1.028407377441543404e-02,4.041372109606722676e-03,4.166853895526442114e-02,6.607966860576094600e-03,1.227967925696080570e-01,2.175741039546589053e-02,8.568450357592238831e-04,1.317338124003528729e-03,-2.545272904878282880e-03,3.753840356947527566e-03
1.605000000000000038e-01,0.000000000000000000e+00,2.259843563555735159e-03,2.803322865938050884e-03,2.220205579760456925e-03,2.818150587845878914e-03,1.000000000000000000e+00,1.000000000000000000e+00,8.275563633192656397e-04,1.326504684119868445e-03,-1.030894764006649172e-02,4.107132752215508949e-03,4.191954443602997904e-02,5.440048458064158932e-03,1.217863340066951683e-01,1.725269482682824027e-02,8.568450357592238831e-04,1.317338124003528729e-03,-2.545272904878282880e-03,3.753840356947527566e-03
1.610000000000000042e-01,0.000000000000000000e+00,2.253112167781464326e-03,2.805372194117723185e-03,2.220526694978674880e-03,2.818435291005578786e-03,1.000000000000000000e+00,1.000000000000000000e+00,8.223998149919510125e-04,1.328554012299540312e-03,-1.031309665462933414e-02,4.098656359343829866e-03,4.216773175027462711e-02,4.280350935205916654e-03,1.225337447157798798e-01,1.374218373111852319e-02,8.568450357592238831e-04,1.317338124003528729e-03,-2.545272904878282880e-03,3.753840356947527566e-03
1.615000000000000047e-01,0.000000000000000000e+00,2.246391292938063489e-03,2.807380854618551653e-03,2.220852714856842713e-03,2.818721369610066238e-03,1.000000000000000000e+00,1.000000000000000000e+00,8.172513261652656529e-04,1.330562672800368997e-03,-1.029697765337081981e-02,4.017321001657264516e-03,4.241316301848595260e-02,3.128721686862674482e-03,1.232835611818185184e-01,1.022465479659495635e-02,8.568450357592238831e-04,1.317338124003528729e-03,-2.545272904878282880e-03,3.753840356947527566e-03
1.620000000000000051e-01,0.000000000000000000e+00,2.239693874934953546e-03,2.809313098341825916e-03,2.221183799366257920e-03,2.819008806791152566e-03,1.000000000000000000e+00,1.000000000000000000e+00,8.121208063207383107e-04,1.332494916523643260e-03,-1.026103968905469135e-02,3.864487446548669353e-03,4.187691157958338406e-02,3.026510508535395268e-03,1.210104066587608523e-01,1.074507240849286588e-02,8.358898681699210775e-04,1.322882857166298278e-03,-7.574902903692071372e-03,3.131518562805058435e-03
1.625000000000000056e-01,0.000000000000000000e+00,2.232993533728880927e-03,2.811166400174688884e-03,2.221520111171494585e-03,2.819297585316212287e-03,1.000000000000000000e+00,1.000000000000000000e+00,8.069880471728252359e-04,1.334348218356506228e-03,-1.026551829582607843e-02,3.706603665725774575e-03,4.285390692748025643e-02,3.089422916902569149e-03,1.252601361559332327e-01,1.100875542085964776e-02,8.358898681699210775e-04,1.322882857166298278e-03,-7.574902903692071372e-03,3.131518562805058435e-03
1.630000000000000060e-01,0.000000000000000000e+00,2.226340011124317442e-03,2.812943434265111758e-03,2.221861815648449711e-03,2.819587687585952719e-03,1.000000000000000000e+00,1.000000000000000000e+00,8.018911531544328179e-04,1.336125252446929102e-03,-1.019378803678489508e-02,3.554068180845644954e-03,4.382053938913414715e-02,3.151743064317869859e-03,1.282180669061710188e-01,1.113147897820429555e-02,8.358898681699210775e-04,1.322882857166298278e-03,-7.574902903692071372e-03,3.131518562805058435e-03
1.635000000000000064e-01,0.000000000000000000e+00,2.219781946036550845e-03,2.814646833801798080e-03,2.222209080897332399e-03,2.819879095632239503e-03,1.000000000000000000e+00,1.000000000000000000e+00,7.968673838363365611e-04,1.337828651983615424e-03,-1.004753863619254305e-02,3.406799073372858856e-03,4.477703873335368151e-02,3.213480022296840051e-03,1.311848440412682337e-01,1.125470812522682065e-02,8.358898681699210775e-04,1.322882857166298278e-03,-7.574902903692071372e-03,3.131518562805058435e-03
1.640000000000000069e-01,0.000000000000000000e+00,2.213366893313267574e-03,2.816279191475455374e-03,2.222562077675543923e-03,2.820171791117276078e-03,1.000000000000000000e+00,1.000000000000000000e+00,7.919531683453502179e-04,1.339461009657272718e-03,-9.828430981972753958e-03,3.264715347314579939e-03,4.520340138665496915e-02,3.020770568689972596e-03,1.321398770529164102e-01,1.039248175964649010e-02,8.161171727847966626e-04,1.323251632330868120e-03,-9.040517680048317656e-03,1.262835073713830091e-03
1.645000000000000073e-01,0.000000000000000000e+00,2.207115278388954195e-03,2.817835125143009975e-03,2.222920979183795435e-03,2.820465755335051748e-03,1.000000000000000000e+00,1.000000000000000000e+00,7.871641534720602833e-04,1.341016943324827319e-03,-9.578029746579947226e-03,3.111867335109169946e-03,4.610523198850272758e-02,3.382455864359547835e-03,1.354105488858467488e-01,1.189591770031219256e-02,8.161171727847966626e-04,1.323251632330868120e-03,-9.040517680048317656e-03,1.262835073713830091e-03
1.650000000000000078e-01,0.000000000000000000e+00,2.201071091955996394e-03,2.819326651555435943e-03,2.223285960810950958e-03,2.820760969213505307e-03,1.000000000000000000e+00,1.000000000000000000e+00,7.825340380419176919e-04,1.342508469737253287e-03,-9.260230860285110013e-03,2.983052824852021247e-03,4.699789785365099393e-02,3.741479731998022772e-03,1.382753325943166522e-01,1.292608883799283535e-02,8.161171727847966626e-04,1.323251632330868120e-03,-9.040517680048317656e-03,1.262835073713830091e-03
1.655000000000000082e-01,0.000000000000000000e+00,2.195277330510481649e-03,2.820765571852911196e-03,2.223657199877978729e-03,2.821057413316685643e-03,1.000000000000000000e+00,1.000000000000000000e+00,7.780957592818242867e-04,1.343947390034728540e-03,-8.876557520186867736e-03,2.877840594950518104e-03,4.788160610653453830e-02,4.097889924331429498e-03,1.411479398749147796e-01,1.395853193119693351e-02,8.161171727847966626e-04,1.323251632330868120e-03,-9.040517680048317656e-03,1.262835073713830091e-03
1.660000000000000087e-01,0.000000000000000000e+00,2.189776013415105447e-03,2.822163474226514323e-03,2.224034875381903850e-03,2.821355067846910165e-03,1.000000000000000000e+00,1.000000000000000000e+00,7.738815058910760184e-04,1.345345292408331667e-03,-8.428506781496576325e-03,2.795804747206265869e-03,4.768568475988972655e-02,4.791352795589339658e-03,1.398692769980933170e-01,1.631217179373692372e-02,7.875565384245107256e-04,1.337333857328347215e-03,-1.236291050096299804e-02,4.926659888730516162e-03
1.665000000000000091e-01,0.000000000000000000e+00,2.184554548047131992e-03,2.823542351376242404e-03,2.224419167739758764e-03,2.821653912646929739e-03,1.000000000000000000e+00,1.000000000000000000e+00,7.698816313610019283e-04,1.346724169558059965e-03,-7.999749060148199364e-03,2.757754299456765656e-03,4.853183089124653987e-02,4.341607267534721738e-03,1.435490985511510553e-01,1.395716684068258780e-02,7.875565384245107256e-04,1.337333857328347215e-03,-1.236291050096299804e-02,4.926659888730516162e-03
1.670000000000000095e-01,0.000000000000000000e+00,2.179652664825676087e-03,2.824888211371525976e-03,2.224810258532538068e-03,2.821953927202094925e-03,1.000000000000000000e+00,1.000000000000000000e+00,7.661265709583873432e-04,1.348070029553343320e-03,-7.510120805229118096e-03,2.691719990566714561e-03,4.936969984371850778e-02,3.894960623388833004e-03,1.463393484401243061e-01,1.257807354367773515e-02,7.875565384245107256e-04,1.337333857328347215e-03,-1.236291050096299804e-02,4.926659888730516162e-03
1.675000000000000100e-01,0.000000000000000000e+00,2.175109181263816614e-03,2.826187325577718401e-03,2.225208330249147694e-03,2.822255090642506598e-03,1.000000000000000000e+00,1.000000000000000000e+00,7.626460606234224766e-04,1.349369143759535528e-03,-6.961020669929726332e-03,2.598228412384455312e-03,5.019948180625216638e-02,3.451354549290083697e-03,1.491366642283314392e-01,1.119633485242184714e-02,7.875565384245107256e-04,1.337333857328347215e-03,-1.236291050096299804e-02,4.926659888730516162e-03
1.680000000000000104e-01,0.000000000000000000e+00,2.170962017711567261e-03,2.827426225328356739e-03,2.225613566030356250e-03,2.822557381745190424e-03,1.000000000000000000e+00,1.000000000000000000e+00,7.594691490295162961e-04,1.350608043510174300e-03,-6.353823187812304533e-03,2.477799501277752094e-03,5.213783704964214394e-02,2.539263786750808535e-03,1.562768868598163885e-01,7.980980216461874832e-03,7.795151962472124298e-04,1.347713498386739163e-03,-7.073357659614322099e-03,5.093521812094940933e-03
1.685000000000000109e-01,0.000000000000000000e+00,2.167304148985792125e-03,2.828576962874336867e-03,2.226026149412748539e-03,2.822860778936248788e-03,1.000000000000000000e+00,1.000000000000000000e+00,7.566670590184774265e-04,1.351758781056154211e-03,-5.604180022077822482e-03,2.301475091959986376e-03,5.256000771685973710e-02,1.546195489043041514e-03,1.566576441929428687e-01,4.827024168539474115e-03,7.795151962472124298e-04,1.347713498386739163e-03,-7.073357659614322099e-03,5.093521812094940933e-03
1.690000000000000113e-01,0.000000000000000000e+00,2.164151451371429391e-03,2.829609394476991294e-03,2.226446264072679503e-03,2.823165260293033531e-03,1.000000000000000000e+00,1.000000000000000000e+00,7.542519525301604865e-04,1.352791212658808421e-03,-4.830212976633776849e-03,2.064863205308552392e-03,5.297887082142393317e-02,5.598033212827777192e-04,1.583327081472408471e-01,1.742195429773139587e-03,7.795151962472124298e-04,1.347713498386739163e-03,-7.073357659614322099e-03,5.093521812094940933e-03
1.695000000000000118e-01,0.000000000000000000e+00,2.161519393561838268e-03,2.830493948981742478e-03,2.226874093570220363e-03,2.823470803546296141e-03,1.000000000000000000e+00,1.000000000000000000e+00,7.522356792711551356e-04,1.353675767163559822e-03,-4.032546518010804090e-03,1.769109009502874445e-03,5.339451127833187011e-02,-4.200395304541287367e-04,1.600105956365552584e-01,-1.348332456267640686e-03,7.795151962472124298e-04,1.347713498386739163e-03,-7.073357659614322099e-03,5.093521812094940933e-03
1.700000000000000122e-01,0.000000000000000000e+00,2.159423043898818333e-03,2.831201620549114902e-03,2.227309821093115608e-03,2.823777386082358329e-03,1.000000000000000000e+00,1.000000000000000000e+00,7.506297822609642829e-04,1.354383438730932029e-03,-3.211794020381763572e-03,1.415343134744561759e-03,5.373545541737132641e-02,1.501426704507238829e-04,1.614133307917625937e-01,1.550370500371889455e-03,7.653751981827647917e-04,1.352360401272912184e-03,-7.071228059134354246e-03,3.337106913537116019e-03
1.705000000000000127e-01,0.000000000000000000e+00,2.157873492436340225e-03,2.831752206811785893e-03,2.227753629200733033e-03,2.824084984945273054e-03,1.000000000000000000e+00,1.000000000000000000e+00,7.494427569738063488e-04,1.354934024993603237e-03,-2.374050574315907276e-03,1.101172525342580940e-03,5.411524626452371423e-02,1.220308540899191132e-03,1.630396715753896220e-01,5.084674031550951920e-03,7.653751981827647917e-04,1.352360401272912184e-03,-7.071228059134354246e-03,3.337106913537116019e-03
1.710000000000000131e-01,0.000000000000000000e+00,2.156883584531113680e-03,2.832180920031031942e-03,2.228205699568015959e-03,2.824393576838981658e-03,1.000000000000000000e+00,1.000000000000000000e+00,7.486844435238078528e-04,1.355362738212849286e-03,-1.516626899997008428e-03,8.574264384921049306e-04,5.402953451340082591e-02,1.312061981679659220e-03,1.628353896282083990e-01,4.422627260903128250e-03,7.653751981827647917e-04,1.352360401272912184e-03,-7.071228059134354246e-03,3.337106913537116019e-03
1.715000000000000135e-01,0.000000000000000000e+00,2.156442630706377917e-03,2.832491996491354625e-03,2.228666212729432834e-03,2.824703138129482267e-03,1.000000000000000000e+00,1.000000000000000000e+00,7.483466532966970069e-04,1.355673814673171969e-03,-6.755804542217748367e-04,6.221529206452962747e-04,5.391516896616836002e-02,1.338115760139456335e-03,1.629085583497044687e-01,4.344300988638026204e-03,7.653751981827647917e-04,1.352360401272912184e-03,-7.071228059134354246e-03,3.337106913537116019e-03
1.720000000000000140e-01,0.000000000000000000e+00,2.156538567969383709e-03,2.832687583107321074e-03,2.229135347822933794e-03,2.825013644846986489e-03,1.000000000000000000e+00,1.000000000000000000e+00,7.484201455039104275e-04,1.355869401289138418e-03,1.469844144269396658e-04,3.911732319329921026e-04,5.365531369426944364e-02,2.268592977324216178e-03,1.624313948807727392e-01,7.836379985505079540e-03,7.478238188987970788e-04,1.357546420508404846e-03,-8.151973787340512090e-03,2.865298113686535076e-03
1.725000000000000144e-01,0.000000000000000000e+00,2.157152123584576454e-03,2.832798082740495098e-03,2.229613282333900263e-03,2.825325072688087379e-03,1.000000000000000000e+00,1.000000000000000000e+00,7.488901563734733004e-04,1.355979900922312442e-03,9.400217391256483583e-04,2.209992663478888019e-04,5.354747643026276649e-02,2.287437745063296453e-03,1.626532230171689741e-01,7.042068499965644691e-03,7.478238188987970788e-04,1.357546420508404846e-03,-8.151973787340512090e-03,2.865298113686535076e-03
1.730000000000000149e-01,0.000000000000000000e+00,2.158271806447965499e-03,2.832825061241355490e-03,2.230100191839093707e-03,2.825637397017914838e-03,1.000000000000000000e+00,1.000000000000000000e+00,7.497478832090284174e-04,1.356006879423172834e-03,1.715453671110251169e-03,5.395700172084613396e-05,5.344203314863613108e-02,2.305935713707814912e-03,1.627452794112296819e-01,7.025981469374220634e-03,7.478238188987970788e-04,1.357546420508404846e-03,-8.151973787340512090e-03,2.865298113686535076e-03
1.735000000000000153e-01,0.000000000000000000e+00,2.159886321632614389e-03,2.832770064882553403e-03,2.230596249750612173e-03,2.825950592872302283e-03,1.000000000000000000e+00,1.000000000000000000e+00,7.509846735945595840e-04,1.355951883064370747e-03,2.473580771062297307e-03,-1.099927176042725537e-04,5.333894297912967347e-02,2.324091219286746231e-03,1.628352921575088597e-01,7.010190487411283554e-03,7.478238188987970788e-04,1.357546420508404846e-03,-8.151973787340512090e-03,2.865298113686535076e-03
1.740000000000000158e-01,0.000000000000000000e+00,2.161984567340406900e-03,2.832634620546779433e-03,2.231101627059839908e-03,2.826264634959948542e-03,1.000000000000000000e+00,1.000000000000000000e+00,7.525920230593124418e-04,1.355816438728596777e-03,3.214698929505651042e-03,-2.708886715478331830e-04,5.454056779185125631e-02,1.571798748246854352e-03,1.679813835316284198e-01,4.003846943876561253e-03,7.473867667407413764e-04,1.343034215295748571e-03,-3.121622967481111396e-03,-3.552365212776621879e-03
1.745000000000000162e-01,0.000000000000000000e+00,2.164620883197947848e-03,2.832396166077468663e-03,2.231616492081401736e-03,2.826579497664578888e-03,1.000000000000000000e+00,1.000000000000000000e+00,7.546115581722880961e-04,1.355577984259286224e-03,4.039070225951254742e-03,-4.769089386210308970e-04,5.428610596012792278e-02,2.781614681558315389e-03,1.664027115664395151e-01,9.255960236804174068e-03,7.473867667407413764e-04,1.343034215295748571e-03,-3.121622967481111396e-03,-3.552365212776621879e-03
1.750000000000000167e-01,0.000000000000000000e+00,2.167775964966921730e-03,2.832093739182512879e-03,2.232141010197108335e-03,2.826895155047103904e-03,1.000000000000000000e+00,1.000000000000000000e+00,7.570284910289964107e-04,1.355275557364330006e-03,4.833865713416548616e-03,-6.048537899124848457e-04,5.403566584872204065e-02,3.982784679685272104e-03,1.660670430023683530e-01,1.283309942755528517e-02,7.473867667407413764e-04,1.343034215295748571e-03,-3.121622967481111396e-03,-3.552365212776621879e-03
1.755000000000000171e-01,0.000000000000000000e+00,2.171430875554454694e-03,2.831765660666344959e-03,2.232675343599916686e-03,2.827211580847787016e-03,1.000000000000000000e+00,1.000000000000000000e+00,7.598283149746726901e-04,1.354947478848162303e-03,5.599647891352529244e-03,-6.561570323355268202e-04,5.378917096892374405e-02,5.175467519901151212e-03,1.657279412552156161e-01,1.641761931016369469e-02,7.473867667407413764e-04,1.343034215295748571e-03,-3.121622967481111396e-03,-3.552365212776621879e-03
1.759999999999999898e-01,0.000000000000000000e+00,2.175567039058778993e-03,2.831449543384114819e-03,2.233219651037876650e-03,2.827528748488405963e-03,1.000000000000000000e+00,1.000000000000000000e+00,7.629968000429920849e-04,1.354631361565932163e-03,6.336970136638890236e-03,-6.322345644601298602e-04,5.372912801738458782e-02,6.152268264845568019e-03,1.660945578761003349e-01,1.920332391735088753e-02,7.493511900185960070e-04,1.354605298794651176e-03,-5.195099220666281586e-04,2.368509250667036152e-03
1.764999999999999902e-01,0.000000000000000000e+00,2.180175382394413351e-03,2.831175814066143499e-03,2.233774087558083182e-03,2.827846631074409055e-03,1.000000000000000000e+00,1.000000000000000000e+00,7.665269958472389943e-04,1.354357632247960843e-03,7.060391608493846519e-03,-5.474586359426032809e-04,5.291715230723609276e-02,5.323311545891254784e-03,1.633744154561209694e-01,1.518654111508745998e-02,7.493511900185960070e-04,1.354605298794651176e-03,-5.195099220666281586e-04,2.368509250667036152e-03
1.769999999999999907e-01,0.000000000000000000e+00,2.185209212063275383e-03,2.830918101762198904e-03,2.234338804250630712e-03,2.828165201397084445e-03,1.000000000000000000e+00,1.000000000000000000e+00,7.703831330926783983e-04,1.354099919944016248e-03,7.712274490878898159e-03,-5.154246078893765350e-04,5.211490441886729857e-02,4.500195372880325811e-03,1.612961682007796049e-01,1.271126182003835293e-02,7.493511900185960070e-04,1.354605298794651176e-03,-5.195099220666281586e-04,2.368509250667036152e-03
1.774999999999999911e-01,0.000000000000000000e+00,2.190622816647651988e-03,2.830650522891794193e-03,2.234913947992563620e-03,2.828484431935718996e-03,1.000000000000000000e+00,1.000000000000000000e+00,7.745301948017834816e-04,1.353832341073611537e-03,8.294123418210203047e-03,-5.351577408094879444e-04,5.132217975199812598e-02,3.682811804863936160e-03,1.592096166899162890e-01,1.023099668262902710e-02,7.493511900185960070e-04,1.354605298794651176e-03,-5.195099220666281586e-04,2.368509250667036152e-03
1.779999999999999916e-01,0.000000000000000000e+00,2.196371450322432035e-03,2.830347675137872242e-03,2.235499661191827150e-03,2.828804294859760607e-03,1.000000000000000000e+00,1.000000000000000000e+00,7.789339036838755512e-04,1.353529493319689369e-03,8.807417764184180889e-03,-6.056955078445157422e-04,5.119021490904886867e-02,3.457558830704713249e-03,1.596448985968143275e-01,1.002362240667267930e-02,7.576962171272461728e-04,1.353522318160892829e-03,2.455555271409833734e-03,5.233696280716093521e-04
1.784999999999999920e-01,0.000000000000000000e+00,2.202443954130664343e-03,2.830002962640760806e-03,2.236096081531220060e-03,2.829124762030978818e-03,1.000000000000000000e+00,1.000000000000000000e+00,7.835857114819907814e-04,1.353184780822578150e-03,9.303615596230359677e-03,-6.894249942223670911e-04,5.018069244591184808e-02,3.785248645823149037e-03,1.560989516667735111e-01,1.145253834855844075e-02,7.576962171272461728e-04,1.353522318160892829e-03,2.455555271409833734e-03,5.233696280716093521e-04
1.789999999999999925e-01,0.000000000000000000e+00,2.208785295873783375e-03,2.829627153248653708e-03,2.236703341712348130e-03,2.829445805005630608e-03,1.000000000000000000e+00,1.000000000000000000e+00,7.884434610862252986e-04,1.352808971430470835e-03,9.715499208469025733e-03,-7.516187842146966657e-04,4.918263503555070359e-02,4.110553635536069381e-03,1.533021408617920855e-01,1.240942896810657073e-02,7.576962171272461728e-04,1.353522318160892829e-03,2.455555271409833734e-03,5.233696280716093521e-04
1.794999999999999929e-01,0.000000000000000000e+00,2.215341627191324929e-03,2.829230818589841163e-03,2.237321569199572906e-03,2.829767395036617093e-03,1.000000000000000000e+00,1.000000000000000000e+00,7.934659022592750310e-04,1.352412636771658291e-03,1.004488234609951687e-02,-7.926693176250934050e-04,4.819579604478206603e-02,4.433517257941927033e-03,1.504955427961082448e-01,1.336835541849034324e-02,7.576962171272461728e-04,1.353522318160892829e-03,2.455555271409833734e-03,5.233696280716093521e-04
1.799999999999999933e-01,0.000000000000000000e+00,2.222060263543767199e-03,2.828824336514097586e-03,2.237950885963965655e-03,2.830089503075651925e-03,1.000000000000000000e+00,1.000000000000000000e+00,7.986126763024006684e-04,1.352006154695914713e-03,1.029354808625126613e-02,-8.129641514870585787e-04,4.909400884872524434e-02,4.408191986669448940e-03,1.549576419928394566e-01,1.298557124128312673e-02,7.826683258260758993e-04,1.352775317852485289e-03,8.815580712527045990e-03,-4.530742261958734798e-05
1.804999999999999938e-01,0.000000000000000000e+00,2.228983557076314251e-03,2.828407079555242832e-03,2.238591408227259133e-03,2.830412099775417127e-03,1.000000000000000000e+00,1.000000000000000000e+00,8.039162268410895377e-04,1.351588897737060176e-03,1.060710107737777678e-02,-8.345139177089256136e-04,4.808133735186526092e-02,4.554472815446187518e-03,1.504235886905579966e-01,1.356602756914382542e-02,7.826683258260758993e-04,1.352775317852485289e-03,8.815580712527045990e-03,-4.530742261958734798e-05
1.809999999999999942e-01,0.000000000000000000e+00,2.236057607562825199e-03,2.827983792325438825e-03,2.239243246205799807e-03,2.830735155491731058e-03,1.000000000000000000e+00,1.000000000000000000e+00,8.093352639066244206e-04,1.351165610507255952e-03,1.083807413106980047e-02,-8.465744596082665956e-04,4.707989507995777312e-02,4.699702824094434232e-03,1.475207815054649374e-01,1.399999057751182517e-02,7.826683258260758993e-04,1.352775317852485289e-03,8.815580712527045990e-03,-4.530742261958734798e-05
1.814999999999999947e-01,0.000000000000000000e+00,2.243229687024734208e-03,2.827559132107144990e-03,2.239906503854497462e-03,2.831058640285705977e-03,1.000000000000000000e+00,1.000000000000000000e+00,8.148293955240276882e-04,1.350740950288962334e-03,1.098826323480650048e-02,-8.493204365870374436e-04,4.608943781451532024e-02,4.843901354091318182e-03,1.446083883765263978e-01,1.443485062933438923e-02,7.826683258260758993e-04,1.352775317852485289e-03,8.815580712527045990e-03,-4.530742261958734798e-05
1.819999999999999951e-01,0.000000000000000000e+00,2.250448219842619314e-03,2.827137669945096327e-03,2.240581278610780450e-03,2.831382523925911679e-03,1.000000000000000000e+00,1.000000000000000000e+00,8.203591124766404117e-04,1.350319488126913671e-03,1.105943390522536388e-02,-8.429243240971973170e-04,4.399214311433248537e-02,4.759508928002390178e-03,1.373463074857627086e-01,1.398675332252568432e-02,7.857416287441290918e-04,1.359391806296197285e-03,4.200239553893227867e-03,2.081074685697923820e-03
1.824999999999999956e-01,0.000000000000000000e+00,2.257606771481427028e-03,2.826716778743463328e-03,2.241267661138545732e-03,2.831706775890539124e-03,1.000000000000000000e+00,1.000000000000000000e+00,8.258428811803296844e-04,1.349898596925280672e-03,1.096753740737849148e-02,-8.417824032658946477e-04,4.323469939293753117e-02,4.020684587855203815e-03,1.361465000602478659e-01,1.118994411570921159e-02,7.857416287441290918e-04,1.359391806296197285e-03,4.200239553893227867e-03,2.081074685697923820e-03
1.829999999999999960e-01,0.000000000000000000e+00,2.264667279331900648e-03,2.826273407574094940e-03,2.241965735072109361e-03,2.832031365369558872e-03,1.000000000000000000e+00,1.000000000000000000e+00,8.312515439847827569e-04,1.349455225755912284e-03,1.081732560890613128e-02,-8.867423387366944439e-04,4.248518538969497244e-02,3.286965486757753227e-03,1.338029150099756814e-01,8.951797470683130545e-03,7.857416287441290918e-04,1.359391806296197285e-03,4.200239553893227867e-03,2.081074685697923820e-03
1.834999999999999964e-01,0.000000000000000000e+00,2.271592531773373828e-03,2.825784935656092990e-03,2.242675576760161729e-03,2.832356261266888615e-03,1.000000000000000000e+00,1.000000000000000000e+00,8.365565951347695003e-04,1.348966753837910117e-03,1.061010229997356828e-02,-9.769438360043933983e-04,4.179757539929706417e-02,2.610210626957849746e-03,1.316628670329569317e-01,6.911065421903562524e-03,7.857416287441290918e-04,1.359391806296197285e-03,4.200239553893227867e-03,2.081074685697923820e-03
1.839999999999999969e-01,0.000000000000000000e+00,2.278348866648988169e-03,2.825230790775404115e-03,2.243397255009716741e-03,2.832681432202548144e-03,1.000000000000000000e+00,1.000000000000000000e+00,8.417322479220845383e-04,1.348412608957221242e-03,1.035130557463007431e-02,-1.108289761377624942e-03,4.375664075157371241e-02,2.116786683258083633e-03,1.397215261427777744e-01,5.516005291454239255e-03,8.240833939073635185e-04,1.354000004271617300e-03,1.369265561273061600e-02,-9.478560518984776619e-04
1.844999999999999973e-01,0.000000000000000000e+00,2.285035632744729373e-03,2.824596377395845008e-03,2.244130830830064465e-03,2.833006846514828612e-03,1.000000000000000000e+00,1.000000000000000000e+00,8.468546079321636689e-04,1.347778195577662569e-03,1.024472002015834951e-02,-1.268826759117310486e-03,4.285299663564515193e-02,2.545002179528594449e-03,1.344834150999489053e-01,7.531223162530717267e-03,8.240833939073635185e-04,1.354000004271617300e-03,1.369265561273061600e-02,-9.478560518984776619e-04
1.849999999999999978e-01,0.000000000000000000e+00,2.291607607675608810e-03,2.823896084702094515e-03,2.244876357176724211e-03,2.833332472262449671e-03,1.000000000000000000e+00,1.000000000000000000e+00,8.518890328082810368e-04,1.347077902883911642e-03,1.006884975223477051e-02,-1.400585387501750287e-03,4.195877385929729780e-02,2.970030809438294409e-03,1.316890855580124253e-01,8.759674007855117878e-03,8.240833939073635185e-04,1.354000004271617300e-03,1.369265561273061600e-02,-9.478560518984776619e-04
1.854999999999999982e-01,0.000000000000000000e+00,2.298020579928445987e-03,2.823144042425872798e-03,2.245633878695394575e-03,2.833658277226722665e-03,1.000000000000000000e+00,1.000000000000000000e+00,8.568016545664430654e-04,1.346325860607690142e-03,9.825243516323948004e-03,-1.504084552442994712e-03,4.107376182402691644e-02,3.391930035721611031e-03,1.288867133922481367e-01,9.990845354559369645e-03,8.240833939073635185e-04,1.354000004271617300e-03,1.369265561273061600e-02,-9.478560518984776619e-04
1.859999999999999987e-01,0.000000000000000000e+00,2.304231331568758895e-03,2.822354124056925331e-03,2.246403431465906955e-03,2.833984228913715570e-03,1.000000000000000000e+00,1.000000000000000000e+00,8.615593663480969550e-04,1.345535942238742892e-03,9.515423563307720198e-03,-1.579836737894375854e-03,3.909306513203728711e-02,3.739735615041052917e-03,1.217862438615268383e-01,1.094886672864577026e-02,8.369998689942483592e-04,1.347664125115398230e-03,9.105537602496757699e-03,-2.355541511844287499e-03
1.864999999999999991e-01,0.000000000000000000e+00,2.310142275519083514e-03,2.821537730257326661e-03,2.247185042746175157e-03,2.834310294556410120e-03,1.000000000000000000e+00,1.000000000000000000e+00,8.660874121148309530e-04,1.344719548439143788e-03,9.056091533467898816e-03,-1.632787599198032465e-03,3.841318641701574332e-02,4.525735583688195347e-03,1.205940946401036495e-01,1.368174323504682717e-02,8.369998689942483592e-04,1.347664125115398230e-03,9.105537602496757699e-03,-2.355541511844287499e-03
1.869999999999999996e-01,0.000000000000000000e+00,2.315722165358008629e-03,2.820719827921153253e-03,2.247978730716149350e-03,2.834636441116868480e-03,1.000000000000000000e+00,1.000000000000000000e+00,8.703618557191555253e-04,1.343901646102970597e-03,8.548887208649045763e-03,-1.635804672346295209e-03,3.773981737959886118e-02,5.306205971844659038e-03,1.182914887190224390e-01,1.604055057574060514e-02,8.369998689942483592e-04,1.347664125115398230e-03,9.105537602496757699e-03,-2.355541511844287499e-03
1.875000000000000000e-01,0.000000000000000000e+00,2.320940481666514468e-03,2.819924920973363239e-03,2.248784504221769572e-03,2.834962635288392537e-03,1.000000000000000000e+00,1.000000000000000000e+00,8.743593179297234636e-04,1.343106739155180366e-03,7.994924421135810727e-03,-1.589813895580408478e-03,3.707280656080434028e-02,6.081249316294124949e-03,1.159833257444282256e-01,1.840407829992454086e-02,8.369998689942483592e-04,1.347664125115398230e-03,9.105537602496757699e-03,-2.355541511844287499e-03
1.880000000000000004e-01,0.000000000000000000e+00,2.325767419446301328e-03,2.819177056179887099e-03,2.249602362518911443e-03,2.835288843497686673e-03,1.000000000000000000e+00,1.000000000000000000e+00,8.780569667932102643e-04,1.342358874361704443e-03,7.395297726973549396e-03,-1.495729586951718461e-03,3.687801959817170461e-02,6.733863074882900750e-03,1.154795769405476819e-01,2.031744752434090293e-02,8.618522695818456444e-04,1.347317992997045487e-03,1.121106585525935041e-02,-9.717021539384328166e-04
1.885000000000000009e-01,0.000000000000000000e+00,2.330197223401054597e-03,2.818496168814568423e-03,2.250432295017345749e-03,2.835615031907020092e-03,1.000000000000000000e+00,1.000000000000000000e+00,8.814503934968554192e-04,1.341677986996385984e-03,6.786853407290202242e-03,-1.361774730636975458e-03,3.600574940389357492e-02,6.972656493726746806e-03,1.119369380248922963e-01,2.074533951001391457e-02,8.618522695818456444e-04,1.347317992997045487e-03,1.121106585525935041e-02,-9.717021539384328166e-04
1.890000000000000013e-01,0.000000000000000000e+00,2.334190307774618601e-03,2.817889020768725786e-03,2.251274281024683716e-03,2.835941166416390026e-03,1.000000000000000000e+00,1.000000000000000000e+00,8.845092735921294318e-04,1.341070838950543347e-03,6.117760190547926261e-03,-1.214296091685282755e-03,3.514172625035383996e-02,7.209952312500740070e-03,1.089726396663378699e-01,2.152649350225570649e-02,8.618522695818456444e-04,1.347317992997045487e-03,1.121106585525935041e-02,-9.717021539384328166e-04
1.895000000000000018e-01,0.000000000000000000e+00,2.337708009804919003e-03,2.817362240139458570e-03,2.252128289490333991e-03,2.836267212665681027e-03,1.000000000000000000e+00,1.000000000000000000e+00,8.872039896849891628e-04,1.340544058321275914e-03,5.389432185719530456e-03,-1.053561258534812650e-03,3.428575784692772244e-02,7.445780163481182518e-03,1.060013011362894442e-01,2.230892593626293205e-02,8.618522695818456444e-04,1.347317992997045487e-03,1.121106585525935041e-02,-9.717021539384328166e-04
1.900000000000000022e-01,0.000000000000000000e+00,2.340712573740848235e-03,2.816922322960111261e-03,2.252994278749451823e-03,2.836593136036829037e-03,1.000000000000000000e+00,1.000000000000000000e+00,8.895056191921039100e-04,1.340104141141928388e-03,4.603259014229412957e-03,-8.798343586950181519e-04,3.460205067859368350e-02,7.420767214292559380e-03,1.075452029834233630e-01,2.208518194386910327e-02,8.851239602142434333e-04,1.333133953225389048e-03,1.148040521289546770e-02,-4.852404019301818222e-03
1.905000000000000027e-01,0.000000000000000000e+00,2.343225472173107900e-03,2.816567527283424244e-03,2.253872196266889540e-03,2.836918901655983288e-03,1.000000000000000000e+00,1.000000000000000000e+00,8.914306110722585710e-04,1.339749345465241588e-03,3.849983760309272102e-03,-7.095913533736016238e-04,3.476769982954922705e-02,8.599206172434420772e-03,1.075207164373338797e-01,2.675640750458978256e-02,8.851239602142434333e-04,1.333133953225389048e-03,1.148040521289546770e-02,-4.852404019301818222e-03
1.910000000000000031e-01,0.000000000000000000e+00,2.345260436393590588e-03,2.816333735740418100e-03,2.254761978381154396e-03,2.837244474395668632e-03,1.000000000000000000e+00,1.000000000000000000e+00,8.929894841053052793e-04,1.339515553922235444e-03,3.117746066093466870e-03,-4.675830860124064923e-04,3.493048829184707688e-02,9.769697970796449235e-03,1.076248284249884668e-01,3.040029391650342708e-02,8.851239602142434333e-04,1.333133953225389048e-03,1.148040521289546770e-02,-4.852404019301818222e-03
1.915000000000000036e-01,0.000000000000000000e+00,2.346830948889812047e-03,2.816256151614690475e-03,2.255663550048351684e-03,2.837569818876946141e-03,1.000000000000000000e+00,1.000000000000000000e+00,8.941925664758846801e-04,1.339437969796507819e-03,2.406164741158844933e-03,-1.551682514551954405e-04,3.507784372279226098e-02,1.069330543136589630e-02,1.076823544537123811e-01,3.312242933095947695e-02,8.851239602142434333e-04,1.333133953225389048e-03,1.148040521289546770e-02,-4.852404019301818222e-03
1.920000000000000040e-01,0.000000000000000000e+00,2.347949614825874456e-03,2.816361834752536489e-03,2.256576824586145179e-03,2.837894899471576741e-03,1.000000000000000000e+00,1.000000000000000000e+00,8.950495142999117691e-04,1.339543652934353834e-03,1.713895648054096716e-03,2.113662756920693209e-04,3.329089156655178072e-02,1.181942501572364780e-02,1.002510602091136044e-01,3.686508365416468064e-02,8.847653927023940712e-04,1.347616500288619824e-03,4.087361466964655604e-03,2.815818299681676490e-03
1.925000000000000044e-01,0.000000000000000000e+00,2.348532033795076510e-03,2.816683839104066125e-03,2.257501703417703291e-03,2.838219680304183978e-03,1.000000000000000000e+00,1.000000000000000000e+00,8.954956731148358464e-04,1.339865657285883686e-03,8.923176298481242871e-04,6.440087030598246097e-04,3.364783383938773492e-02,1.061011097284659567e-02,1.027288772605232242e-01,3.139326149588125836e-02,8.847653927023940712e-04,1.347616500288619824e-03,4.087361466964655604e-03,2.815818299681676490e-03
1.930000000000000049e-01,0.000000000000000000e+00,2.348602258266337117e-03,2.817181815605085404e-03,2.258438075815653000e-03,2.838544125254411580e-03,1.000000000000000000e+00,1.000000000000000000e+00,8.955494681808160969e-04,1.340363633786902748e-03,1.075901319604847129e-04,9.959530020382403957e-04,3.399976517621275396e-02,9.409733299767630843e-03,1.033765366924354751e-01,2.791510637163902020e-02,8.847653927023940712e-04,1.347616500288619824e-03,4.087361466964655604e-03,2.815818299681676490e-03
1.935000000000000053e-01,0.000000000000000000e+00,2.348183868045705409e-03,2.817816143723095822e-03,2.259385818646033380e-03,2.838868197959092728e-03,1.000000000000000000e+00,1.000000000000000000e+00,8.952289626772460531e-04,1.340997961904913166e-03,-6.410110071400392439e-04,1.268656236020951865e-03,3.434678404855621286e-02,8.218130643831316959e-03,1.040284737616216371e-01,2.442932262303226451e-02,8.847653927023940712e-04,1.347616500288619824e-03,4.087361466964655604e-03,2.815818299681676490e-03
1.940000000000000058e-01,0.000000000000000000e+00,2.347299978032643761e-03,2.818547922434772035e-03,2.260344796112243038e-03,2.839191861814405454e-03,1.000000000000000000e+00,1.000000000000000000e+00,8.945518636444116769e-04,1.341729740616589379e-03,-1.354198065668723097e-03,1.463557423352338741e-03,3.462215037956821451e-02,7.108894403675103044e-03,1.044250324637686772e-01,2.122247086399896635e-02,8.920992159840620541e-04,1.329983426747808825e-03,3.820767395213225080e-03,-4.559893876803319812e-03
1.945000000000000062e-01,0.000000000000000000e+00,2.345969897278632303e-03,2.819341266374173101e-03,2.261314859498996226e-03,2.839515079978040604e-03,1.000000000000000000e+00,1.000000000000000000e+00,8.935329626739015822e-04,1.342523084555990662e-03,-2.037801941020161642e-03,1.586687878802669127e-03,3.494846683385864627e-02,8.260343119426798164e-03,1.050962539601775075e-01,2.669417221719965969e-02,8.920992159840620541e-04,1.329983426747808825e-03,3.820767395213225080e-03,-4.559893876803319812e-03
1.950000000000000067e-01,0.000000000000000000e+00,2.344215313535343709e-03,2.820231358333589664e-03,2.262295846916274195e-03,2.839837815371355507e-03,1.000000000000000000e+00,1.000000000000000000e+00,8.921888735473686941e-04,1.343413176515407008e-03,-2.688178253065694970e-03,1.780183918832514700e-03,3.527026500205467791e-02,9.403999673236056872e-03,1.057239813576849319e-01,3.023601651157103651e-02,8.920992159840620541e-04,1.329983426747808825e-03,3.820767395213225080e-03,-4.559893876803319812e-03
1.955000000000000071e-01,0.000000000000000000e+00,2.342057484128644979e-03,2.821252717489983013e-03,2.263287583043273928e-03,2.840160030681546707e-03,1.000000000000000000e+00,1.000000000000000000e+00,8.905358803211684167e-04,1.344434535671800357e-03,-3.305986452400657208e-03,2.042718312786651405e-03,3.558763455628868172e-02,1.054001104030762373e-02,1.063555658367774243e-01,3.378451266545465931e-02,8.920992159840620541e-04,1.329983426747808825e-03,3.820767395213225080e-03,-4.559893876803319812e-03
1.960000000000000075e-01,0.000000000000000000e+00,2.339517243046197910e-03,2.822439207801654294e-03,2.264289878872363833e-03,2.840481688363803627e-03,1.000000000000000000e+00,1.000000000000000000e+00,8.885899427557772661e-04,1.345621025983471638e-03,-3.891875130782311565e-03,2.372980623342362330e-03,3.589691204881403919e-02,1.109783526497463285e-02,1.069763607396928690e-01,3.512318047433801715e-02,8.944350297024576809e-04,1.335771122116885534e-03,2.138671582274912723e-03,1.662902933939596622e-04
1.965000000000000080e-01,0.000000000000000000e+00,2.336614819956592086e-03,2.823806209459133083e-03,2.265302531453033778e-03,2.840802750643476975e-03,1.000000000000000000e+00,1.000000000000000000e+00,8.863665576764042731e-04,1.346988027640950427e-03,-4.446770158746042416e-03,2.734003314957463796e-03,3.667862112182873613e-02,1.022874249543360113e-02,1.094551950592775880e-01,3.142699189765343903e-02,8.944350297024576809e-04,1.335771122116885534e-03,2.138671582274912723e-03,1.662902933939596622e-04
1.970000000000000084e-01,0.000000000000000000e+00,2.333393919529018479e-03,2.825324304958184291e-03,2.266325323635846010e-03,2.841123179518233698e-03,1.000000000000000000e+00,1.000000000000000000e+00,8.838992048020220772e-04,1.348506123140001418e-03,-4.934705748764338894e-03,3.036190998101834931e-03,3.745122504636860805e-02,9.366165011974939350e-03,1.115307332813505053e-01,2.894890574892525562e-02,8.944350297024576809e-04,1.335771122116885534e-03,2.138671582274912723e-03,1.662902933939596622e-04
1.975000000000000089e-01,0.000000000000000000e+00,2.329897318170680819e-03,2.826964605364471611e-03,2.267358023816389533e-03,2.841442936760224525e-03,1.000000000000000000e+00,1.000000000000000000e+00,8.812206527616655172e-04,1.350146423546288738e-03,-5.357104080713223984e-03,3.280600812574631549e-03,3.792571494254311226e-02,8.849497363389751889e-03,1.124908808327331200e-01,2.778380554716958564e-02,8.944350297024576809e-04,1.335771122116885534e-03,2.138671582274912723e-03,1.662902933939596622e-04
1.980000000000000093e-01,0.000000000000000000e+00,2.326152390414467849e-03,2.828709355242941398e-03,2.268400385679232752e-03,2.841761983918248032e-03,1.000000000000000000e+00,1.000000000000000000e+00,8.783518716641362497e-04,1.351891173424758742e-03,-5.737562195058457104e-03,3.489499756939929212e-03,3.738502784381780852e-02,9.286002748809248780e-03,1.097850625274411074e-01,3.000994398817926831e-02,8.846302019909289393e-04,1.349097401453482926e-03,-2.325860259137346904e-03,4.285739085539082109e-03
1.985000000000000098e-01,0.000000000000000000e+00,2.322135359527533090e-03,2.830570785265234049e-03,2.269452147941866151e-03,2.842080282319901265e-03,1.000000000000000000e+00,1.000000000000000000e+00,8.752746474753628171e-04,1.353752603447051176e-03,-6.154448377546824396e-03,3.722860044584976914e-03,3.816166050815251315e-02,8.448995345625719827e-03,1.130426453732389508e-01,2.648702541622231788e-02,8.846302019909289393e-04,1.349097401453482926e-03,-2.325860259137346904e-03,4.285739085539082109e-03
1.990000000000000102e-01,0.000000000000000000e+00,2.317888754783902199e-03,2.832521166926381742e-03,2.270513034098670113e-03,2.842397793073757253e-03,1.000000000000000000e+00,1.000000000000000000e+00,8.720215595093814848e-04,1.355702985108199303e-03,-6.506175931962681833e-03,3.900763322296297089e-03,3.892943289824927350e-02,7.618129154866263436e-03,1.151756845992665951e-01,2.405125418789332004e-02,8.846302019909289393e-04,1.349097401453482926e-03,-2.325860259137346904e-03,4.285739085539082109e-03
1.995000000000000107e-01,0.000000000000000000e+00,2.313454193052200472e-03,2.834533276005285658e-03,2.271582752164853260e-03,2.842714477071516498e-03,1.000000000000000000e+00,1.000000000000000000e+00,8.686244881371434686e-04,1.357715094187102785e-03,-6.794142744476096632e-03,4.024218157806791485e-03,3.968853509875512608e-02,6.793292489501608772e-03,1.173162874898979885e-01,2.161024045015787556e-02,8.846302019909289393e-04,1.349097401453482926e-03,-2.325860259137346904e-03,4.285739085539082109e-03
2.000000000000000111e-01,0.000000000000000000e+00,2.308872394210210489e-03,2.836580386296625334e-03,2.272660994420409430e-03,2.843030294990172777e-03,1.000000000000000000e+00,1.000000000000000000e+00,8.651146265947480367e-04,1.359762204478442678e-03,-7.019723084790969667e-03,4.094220582679625013e-03,4.047935455732634691e-02,5.958363493061740249e-03,1.196204171532467553e-01,1.910189609448794193e-02,8.805208647557013785e-04,1.357146790818956590e-03,-2.153906129428053914e-03,4.120219002223968890e-03
2.005000000000000115e-01,0.000000000000000000e+00,2.304185210399186182e-03,2.838635762960238333e-03,2.273747437154070329e-03,2.843345207294173740e-03,1.000000000000000000e+00,1.000000000000000000e+00,8.615240354824357967e-04,1.361817581142055460e-03,-7.181182224624537216e-03,4.110753327225591218e-03,4.122416268982263127e-02,5.149276780609646741e-03,1.217526411196805658e-01,1.667953412186745990e-02,8.805208647557013785e-04,1.357146790818956590e-03,-2.153906129428053914e-03,4.120219002223968890e-03
2.010000000000000120e-01,0.000000000000000000e+00,2.299431713854178244e-03,2.840673788791411251e-03,2.274841740407255140e-03,2.843659174237584547e-03,1.000000000000000000e+00,1.000000000000000000e+00,8.578826458687468549e-04,1.363855606973228595e-03,-7.282779227377845360e-03,4.076051662346427511e-03,4.196083076525064515e-02,4.345863677176097471e-03,1.239241431297797430e-01,1.423511161664611085e-02,8.805208647557013785e-04,1.357146790818956590e-03,-2.153906129428053914e-03,4.120219002223968890e-03
2.015000000000000124e-01,0.000000000000000000e+00,2.294650122177117023e-03,2.842669323756052274e-03,2.275943547718025772e-03,2.843972155866248894e-03,1.000000000000000000e+00,1.000000000000000000e+00,8.542197341352702903e-04,1.365851141937869618e-03,-7.325823466953179652e-03,3.991069929282202271e-03,4.268953683235383184e-02,3.548018500678934081e-03,1.261025939836580845e-01,1.178584577649441009e-02,8.805208647557013785e-04,1.357146790818956590e-03,-2.153906129428053914e-03,4.120219002223968890e-03
2.020000000000000129e-01,0.000000000000000000e+00,2.289877812861973970e-03,2.844597698989270902e-03,2.277052485866070362e-03,2.844284112020421893e-03,1.000000000000000000e+00,1.000000000000000000e+00,8.505639331035598407e-04,1.367779517171088029e-03,-7.311602063420841874e-03,3.856750466436658330e-03,4.318409914370002767e-02,3.040558454640251724e-03,1.274087488803762047e-01,1.043836536304759179e-02,8.714571413880558464e-04,1.362230285240608992e-03,-3.661693299954801167e-03,3.119359456422350803e-03
2.025000000000000133e-01,0.000000000000000000e+00,2.285139996954792425e-03,2.846443616095030611e-03,2.278168164710582533e-03,2.844595002379489077e-03,1.000000000000000000e+00,1.000000000000000000e+00,8.469345555553426481e-04,1.369625434276847955e-03,-7.258755096434287186e-03,3.691834211519839145e-03,4.413362141604827704e-02,2.815056851199846527e-03,1.307020911374767447e-01,9.924866746481401936e-03,8.714571413880558464e-04,1.362230285240608992e-03,-3.661693299954801167e-03,3.119359456422350803e-03
2.030000000000000138e-01,0.000000000000000000e+00,2.280484382266378431e-03,2.848200776544904285e-03,2.279290177483221918e-03,2.844904786712902384e-03,1.000000000000000000e+00,1.000000000000000000e+00,8.433681477939801181e-04,1.371382594726721846e-03,-7.132815522724953415e-03,3.514320899747654017e-03,4.507320455125556763e-02,2.590950223834771315e-03,1.336070521254712762e-01,9.170671393590767648e-03,8.714571413880558464e-04,1.362230285240608992e-03,-3.661693299954801167e-03,3.119359456422350803e-03
2.035000000000000142e-01,0.000000000000000000e+00,2.275957614588182323e-03,2.849863008711769809e-03,2.280418101413595171e-03,2.845213425281786432e-03,1.000000000000000000e+00,1.000000000000000000e+00,8.399004425688075346e-04,1.373044826893587153e-03,-6.935410450345088837e-03,3.324464333730571455e-03,4.600306980357450615e-02,2.368210466887211551e-03,1.365204977605281866e-01,8.415285204967435165e-03,8.714571413880558464e-04,1.362230285240608992e-03,-3.661693299954801167e-03,3.119359456422350803e-03
2.040000000000000147e-01,0.000000000000000000e+00,2.271605295838029746e-03,2.851424266215458504e-03,2.281551498386102071e-03,2.845520879254754328e-03,1.000000000000000000e+00,1.000000000000000000e+00,8.365663729755706346e-04,1.374606084397276065e-03,-6.668139186473726228e-03,3.122515007377884080e-03,4.626976769546835289e-02,2.247738191886500606e-03,1.369036187603135668e-01,8.050703605124429063e-03,8.572624909246236722e-04,1.368121833347063368e-03,-5.840119948757440185e-03,3.009294386684325216e-03
2.045000000000000151e-01,0.000000000000000000e+00,2.267439252731090395e-03,2.852881780807554717e-03,2.282689915596828462e-03,2.845827111123752987e-03,1.000000000000000000e+00,1.000000000000000000e+00,8.333749988037056572e-04,1.376063598989372277e-03,-6.382748343729895829e-03,2.915029184192560047e-03,4.720215695696906161e-02,2.139170811731426133e-03,1.404477475443901835e-01,7.642673801131399935e-03,8.572624909246236722e-04,1.368121833347063368e-03,-5.840119948757440185e-03,3.009294386684325216e-03
2.050000000000000155e-01,0.000000000000000000e+00,2.263504504968995388e-03,2.854233200278448630e-03,2.283832886210417513e-03,2.846132085119887616e-03,1.000000000000000000e+00,1.000000000000000000e+00,8.303608071454778809e-04,1.377415018460266191e-03,-6.028383316455525852e-03,2.702838941787827787e-03,4.812516710463082825e-02,2.031124390744413859e-03,1.434236020161702985e-01,7.224481260710883049e-03,8.572624909246236722e-04,1.368121833347063368e-03,-5.840119948757440185e-03,3.009294386684325216e-03
2.055000000000000160e-01,0.000000000000000000e+00,2.259845052645567502e-03,2.855476228080646404e-03,2.284979930016963097e-03,2.846435767629270069e-03,1.000000000000000000e+00,1.000000000000000000e+00,8.275575040282568805e-04,1.378658046262463749e-03,-5.606606234442083024e-03,2.486055604395072654e-03,4.903901055695843864e-02,1.923586601074508441e-03,1.464074630653377229e-01,6.805843998116577892e-03,8.572624909246236722e-04,1.368121833347063368e-03,-5.840119948757440185e-03,3.009294386684325216e-03
2.060000000000000164e-01,0.000000000000000000e+00,2.256503893756664578e-03,2.856608622556591846e-03,2.286130554088879746e-03,2.846738127608838993e-03,1.000000000000000000e+00,1.000000000000000000e+00,8.249980278278354860e-04,1.379790440738409190e-03,-5.118952400842742209e-03,2.264788951890979885e-03,4.831079951071021172e-02,2.397235135530314566e-03,1.430567569844978237e-01,8.641974668517951250e-03,8.293219851970081184e-04,1.383217972589155867e-03,-1.099518270059698065e-02,5.887189667623415890e-03
2.065000000000000169e-01,0.000000000000000000e+00,2.253441222103590852e-03,2.857646345676430333e-03,2.287284253437797329e-03,2.847039137002210785e-03,1.000000000000000000e+00,1.000000000000000000e+00,8.226518852269005524e-04,1.380828163858247894e-03,-4.692285201869787412e-03,2.075446239677596668e-03,4.915532465030587883e-02,1.958561339626812940e-03,1.471835737495755247e-01,6.452549112879033509e-03,8.293219851970081184e-04,1.383217972589155867e-03,-1.099518270059698065e-02,5.887189667623415890e-03
2.070000000000000173e-01,0.000000000000000000e+00,2.250696458011806813e-03,2.858576669840890046e-03,2.288440511671435782e-03,2.847338771155504510e-03,1.000000000000000000e+00,1.000000000000000000e+00,8.205492739467166096e-04,1.381758488022707173e-03,-4.205222560367848257e-03,1.860648328918501496e-03,4.999163721392566734e-02,1.522706407952611985e-03,1.499678080278740999e-01,5.041936936154485863e-03,8.293219851970081184e-04,1.383217972589155867e-03,-1.099518270059698065e-02,5.887189667623415890e-03
2.075000000000000178e-01,0.000000000000000000e+00,2.248308115932980741e-03,2.859387115725879960e-03,2.289598801650485904e-03,2.847637009233177242e-03,1.000000000000000000e+00,1.000000000000000000e+00,8.187196977689647657e-04,1.382568933907697304e-03,-3.659152355503789752e-03,1.620891769980212357e-03,5.081992592546371451e-02,1.089615353387350574e-03,1.527590530564661708e-01,3.628918406870024291e-03,8.293219851970081184e-04,1.383217972589155867e-03,-1.099518270059698065e-02,5.887189667623415890e-03
2.080000000000000182e-01,0.000000000000000000e+00,2.246313820067149386e-03,2.860065449091754412e-03,2.290758586145500569e-03,2.847933834633870238e-03,1.000000000000000000e+00,1.000000000000000000e+00,8.171919785030094027e-04,1.383247267273571973e-03,-3.055438531910740010e-03,1.356666731749378400e-03,5.278268550071830989e-02,2.708661903450748035e-04,1.599934888312022352e-01,7.052522165889049763e-04,8.267740851605839434e-04,1.374113592975299229e-03,-4.831253398757605691e-03,-7.320940321494909427e-04
2.084999999999999909e-01,0.000000000000000000e+00,2.244807550270445234e-03,2.860587539164204107e-03,2.291919318493764249e-03,2.848229235406228230e-03,1.000000000000000000e+00,1.000000000000000000e+00,8.160381088954060886e-04,1.383769357346021451e-03,-2.307739215206545350e-03,1.044180144899091445e-03,5.296146970909591800e-02,1.454788708334586560e-03,1.594071562726776525e-01,5.867747776344029408e-03,8.267740851605839434e-04,1.374113592975299229e-03,-4.831253398757605691e-03,-7.320940321494909427e-04
2.089999999999999913e-01,0.000000000000000000e+00,2.243792759809792869e-03,2.860992147116318395e-03,2.293080443256188990e-03,2.848523204664749932e-03,1.000000000000000000e+00,1.000000000000000000e+00,8.152607343020932488e-04,1.384173965298135739e-03,-1.554749186625682374e-03,8.092159042284790497e-04,5.313953448614835290e-02,2.630126537101386795e-03,1.603437327092998854e-01,9.320641973885195747e-03,8.267740851605839434e-04,1.374113592975299229e-03,-4.831253398757605691e-03,-7.320940321494909427e-04
2.094999999999999918e-01,0.000000000000000000e+00,2.243272770033773872e-03,2.861317328414004265e-03,2.294241396874184373e-03,2.848815741005612974e-03,1.000000000000000000e+00,1.000000000000000000e+00,8.148623990236951269e-04,1.384499146595821609e-03,-7.966705567961896405e-04,6.503625953718956965e-04,5.331690731489119317e-02,3.797035974207284108e-03,1.612809232959024619e-01,1.278086458003589200e-02,8.267740851605839434e-04,1.374113592975299229e-03,-4.831253398757605691e-03,-7.320940321494909427e-04
2.099999999999999922e-01,0.000000000000000000e+00,2.243250772906930750e-03,2.861600441592546985e-03,2.295401608326549155e-03,2.849106848922516172e-03,1.000000000000000000e+00,1.000000000000000000e+00,8.148455482469125176e-04,1.384782259774364329e-03,-3.370155356529843955e-05,5.662263570854412630e-04,5.341688298180827243e-02,3.785824015503773312e-03,1.619207028925149783e-01,1.170499239714959880e-02,8.234039741293854497e-04,1.383910269456853229e-03,-2.836347818879315398e-03,2.837986800500572754e-03
2.104999999999999927e-01,0.000000000000000000e+00,2.243725989165013153e-03,2.861841593288436125e-03,2.296560499786345563e-03,2.849396539222508358e-03,1.000000000000000000e+00,1.000000000000000000e+00,8.152095850206964988e-04,1.385023411470253252e-03,7.280735475679249013e-04,4.823033917780058773e-04,5.295350789159455202e-02,2.679614912486645573e-03,1.604380598897807708e-01,7.382330464970450479e-03,8.234039741293854497e-04,1.383910269456853229e-03,-2.836347818879315398e-03,2.837986800500572754e-03
2.109999999999999931e-01,0.000000000000000000e+00,2.244669367949588684e-03,2.862006669443179982e-03,2.297717487277791369e-03,2.849684829441833690e-03,1.000000000000000000e+00,1.000000000000000000e+00,8.159322550963769719e-04,1.385188487624997326e-03,1.445340151361030733e-03,3.301523094883548719e-04,5.249618506957645647e-02,1.580961271983327655e-03,1.594363270786257336e-01,3.994424153130669494e-03,8.234039741293854497e-04,1.383910269456853229e-03,-2.836347818879315398e-03,2.837986800500572754e-03
2.114999999999999936e-01,0.000000000000000000e+00,2.246052446349405471e-03,2.862062197444739230e-03,2.298871981333131150e-03,2.849971744261754411e-03,1.000000000000000000e+00,1.000000000000000000e+00,8.169917546189544395e-04,1.385244015626556574e-03,2.118999045154884055e-03,1.110560031185576872e-04,5.204479202663615106e-02,4.897210286744246334e-04,1.584294276862233120e-01,6.000680426902957852e-04,8.234039741293854497e-04,1.383910269456853229e-03,-2.836347818879315398e-03,2.837986800500572754e-03
2.119999999999999940e-01,0.000000000000000000e+00,2.247847339653902092e-03,2.861975338023443546e-03,2.300023387649524458e-03,2.850257315924394422e-03,1.000000000000000000e+00,1.000000000000000000e+00,8.183667226608552607e-04,1.385157156205260890e-03,2.749936083801711798e-03,-1.737188425914461926e-04,5.189368733658501764e-02,8.688238069493396101e-04,1.585611228119883920e-01,2.881449915495726440e-03,8.235776653197245849e-04,1.383227926090302429e-03,-9.828423912755213619e-04,8.221819356662419219e-04
2.124999999999999944e-01,0.000000000000000000e+00,2.250041485371292137e-03,2.861759605578268265e-03,2.301171107745928358e-03,2.850541584648574184e-03,1.000000000000000000e+00,1.000000000000000000e+00,8.200475357950556387e-04,1.384941423760085392e-03,3.361626268400829710e-03,-4.314648903511667096e-04,5.121186619116216421e-02,1.845607879075287800e-03,1.563651869708431452e-01,6.240473681460543230e-03,8.235776653197245849e-04,1.383227926090302429e-03,-9.828423912755213619e-04,8.221819356662419219e-04
2.129999999999999949e-01,0.000000000000000000e+00,2.252595832538328673e-03,2.861447052545233391e-03,2.302314539619981261e-03,2.850824599045647355e-03,1.000000000000000000e+00,1.000000000000000000e+00,8.220042792481604965e-04,1.384628870727050952e-03,3.913486906209793711e-03,-6.251060660690573988e-04,5.053818067117797630e-02,2.815293089630852615e-03,1.546223027125642191e-01,9.089280638641658583e-03,8.235776653197245849e-04,1.383227926090302429e-03,-9.828423912755213619e-04,8.221819356662419219e-04
2.134999999999999953e-01,0.000000000000000000e+00,2.255472151036727081e-03,2.861069147758954750e-03,2.303453078404878521e-03,2.851106416535329185e-03,1.000000000000000000e+00,1.000000000000000000e+00,8.242076670504989077e-04,1.384250965940772094e-03,4.406775604676849319e-03,-7.558095725577332943e-04,4.996227578292818799e-02,3.635741555153853936e-03,1.532212882910398144e-01,1.139163037470341047e-02,8.235776653197245849e-04,1.383227926090302429e-03,-9.828423912755213619e-04,8.221819356662419219e-04
2.139999999999999958e-01,0.000000000000000000e+00,2.258637517663118939e-03,2.860652337141532560e-03,2.304586117026259737e-03,2.851387103761538790e-03,1.000000000000000000e+00,1.000000000000000000e+00,8.266324785650806806e-04,1.383834155323349687e-03,4.849623029163451123e-03,-8.336212348446197639e-04,5.055976608220275753e-02,3.546615593824718922e-03,1.562672327057808286e-01,1.031164666610476059e-02,8.183508417221001382e-04,1.385249515707883588e-03,-2.016735404453827603e-03,9.417754536222382438e-04
2.144999999999999962e-01,0.000000000000000000e+00,2.262118147229842061e-03,2.860194334702892936e-03,2.305713046859090426e-03,2.851666737008231450e-03,1.000000000000000000e+00,1.000000000000000000e+00,8.292987955032245055e-04,1.383376152884710497e-03,5.332633876287755717e-03,-9.160048772785066686e-04,5.146444442896542376e-02,3.415173051225313134e-03,1.595257205522750688e-01,9.841821061945168342e-03,8.183508417221001382e-04,1.385249515707883588e-03,-2.016735404453827603e-03,9.417754536222382438e-04
2.149999999999999967e-01,0.000000000000000000e+00,2.265955304329838292e-03,2.859691563096540892e-03,2.306833258384543249e-03,2.851945402615236116e-03,1.000000000000000000e+00,1.000000000000000000e+00,8.322382283770513294e-04,1.382873381278358236e-03,5.878865747653731072e-03,-1.005543212704381470e-03,5.169525852901747653e-02,3.380893089875222982e-03,1.599383013551584076e-01,9.782388889354180078e-03,8.183508417221001382e-04,1.385249515707883588e-03,-2.016735404453827603e-03,9.417754536222382438e-04
2.154999999999999971e-01,0.000000000000000000e+00,2.270155972222940438e-03,2.859143528471874522e-03,2.307946141846884455e-03,2.852223197394089874e-03,1.000000000000000000e+00,1.000000000000000000e+00,8.354561266739502379e-04,1.382325346653691866e-03,6.435796593797717298e-03,-1.096069249332550129e-03,5.161952703843232515e-02,3.390917785067180338e-03,1.597412645150190214e-01,9.811652332371740073e-03,8.183508417221001382e-04,1.385249515707883588e-03,-2.016735404453827603e-03,9.417754536222382438e-04
2.159999999999999976e-01,0.000000000000000000e+00,2.274711653597839486e-03,2.858551132597441681e-03,2.309051087910347737e-03,2.852500229043872411e-03,1.000000000000000000e+00,1.000000000000000000e+00,8.389459810758122900e-04,1.381732950779259242e-03,6.979708803724202042e-03,-1.184791748865095945e-03,5.150983081972781985e-02,3.555087108818529018e-03,1.596671308703303815e-01,1.040251567312940745e-02,8.232489743330626388e-04,1.382913171182880959e-03,8.148896492240449230e-04,-3.960763371624259426e-04
2.164999999999999980e-01,0.000000000000000000e+00,2.279612208042813316e-03,2.857920089586577644e-03,2.310147488316022842e-03,2.852776616567041790e-03,1.000000000000000000e+00,1.000000000000000000e+00,8.427000235765864759e-04,1.381101907768394988e-03,7.508085001548362412e-03,-1.262086021728380100e-03,5.057378107756384245e-02,4.123479211307900204e-03,1.564045105976467065e-01,1.243657076365540376e-02,8.232489743330626388e-04,1.382913171182880959e-03,8.148896492240449230e-04,-3.960763371624259426e-04
2.169999999999999984e-01,0.000000000000000000e+00,2.284806173042553713e-03,2.857268685502148582e-03,2.311234736538737237e-03,2.853052490685270646e-03,1.000000000000000000e+00,1.000000000000000000e+00,8.466788316023919972e-04,1.380450503683965709e-03,7.957616051611106703e-03,-1.302808168858685198e-03,4.964845270342377326e-02,4.687821380467030279e-03,1.538473155440626683e-01,1.412555690468070453e-02,8.232489743330626388e-04,1.382913171182880959e-03,8.148896492240449230e-04,-3.960763371624259426e-04
2.174999999999999989e-01,0.000000000000000000e+00,2.290243188366909710e-03,2.856614869505810610e-03,2.312312228443936472e-03,2.853327994255281958e-03,1.000000000000000000e+00,1.000000000000000000e+00,8.508438269787677987e-04,1.379796687687627954e-03,8.329990752751698438e-03,-1.307631992675553374e-03,4.873361605433798593e-02,5.248188231999060573e-03,1.512809680839449500e-01,1.581800031311725308e-02,8.232489743330626388e-04,1.382913171182880959e-03,8.148896492240449230e-04,-3.960763371624259426e-04
2.179999999999999993e-01,0.000000000000000000e+00,2.295873977457783474e-03,2.855976258072652312e-03,2.313379362944568019e-03,2.853603282684681781e-03,1.000000000000000000e+00,1.000000000000000000e+00,8.551572616722065250e-04,1.379158076254469656e-03,8.626869386877419540e-03,-1.277222866316687390e-03,4.881516835418796968e-02,5.369419480892271591e-03,1.525354309848168388e-01,1.582353640082258955e-02,8.361207640821558202e-04,1.386747209262754717e-03,4.378993086120473027e-03,1.070585025515066822e-03
2.184999999999999998e-01,0.000000000000000000e+00,2.301699734587412099e-03,2.855356535897299493e-03,2.314435542657962072e-03,2.853878524347800219e-03,1.000000000000000000e+00,1.000000000000000000e+00,8.596200505483193952e-04,1.378538354079117054e-03,8.925577752225811665e-03,-1.239444350705035894e-03,4.783388874494344523e-02,5.040688893125394587e-03,1.488126043317214986e-01,1.445961554845292055e-02,8.361207640821558202e-04,1.386747209262754717e-03,4.378993086120473027e-03,1.070585025515066822e-03
2.190000000000000002e-01,0.000000000000000000e+00,2.307668369380636020e-03,2.854745279098922471e-03,2.315480174562715380e-03,2.854153901001518084e-03,1.000000000000000000e+00,1.000000000000000000e+00,8.641922900646753589e-04,1.377927097280739815e-03,9.144479032711953434e-03,-1.222513596754290673e-03,4.686346130798873383e-02,4.714266950074111340e-03,1.459970751137485423e-01,1.347980926472890084e-02,8.361207640821558202e-04,1.386747209262754717e-03,4.378993086120473027e-03,1.070585025515066822e-03
2.195000000000000007e-01,0.000000000000000000e+00,2.313728924667767840e-03,2.854132256201721406e-03,2.316512670655572481e-03,2.854429608201112644e-03,1.000000000000000000e+00,1.000000000000000000e+00,8.688349447645979037e-04,1.377314074383538750e-03,9.285309399845086131e-03,-1.226045794402290737e-03,4.590364995861563602e-02,4.390111038544208984e-03,1.431722818268293673e-01,1.249803218260191369e-02,8.361207640821558202e-04,1.386747209262754717e-03,4.378993086120473027e-03,1.070585025515066822e-03
2.200000000000000011e-01,0.000000000000000000e+00,2.319831557256887399e-03,2.853507425725745374e-03,2.317532448608307372e-03,2.854705855716084713e-03,1.000000000000000000e+00,1.000000000000000000e+00,8.735098325478897474e-04,1.376689243907562935e-03,9.349775566583597153e-03,-1.249660951951556956e-03,4.585325370393757149e-02,4.032584925880461357e-03,1.438299573687798205e-01,1.137608507923525657e-02,8.536254601156263722e-04,1.380068896524289188e-03,7.152000531257252970e-03,-1.725493937379568967e-03
2.205000000000000016e-01,0.000000000000000000e+00,2.325972561119565678e-03,2.852859821303120255e-03,2.318538932424607773e-03,2.854982867945998759e-03,1.000000000000000000e+00,1.000000000000000000e+00,8.782141144320664613e-04,1.376041639484937599e-03,9.408563768353325404e-03,-1.295208845250532493e-03,4.495477443614076529e-02,4.531461229665435624e-03,1.404146364360685795e-01,1.359916827499948501e-02,8.536254601156263722e-04,1.380068896524289188e-03,7.152000531257252970e-03,-1.725493937379568967e-03
2.210000000000000020e-01,0.000000000000000000e+00,2.332105779390790303e-03,2.852205373581192041e-03,2.319531553096955065e-03,2.855260884336315204e-03,1.000000000000000000e+00,1.000000000000000000e+00,8.829124322071740414e-04,1.375387191763009602e-03,9.396635550215181112e-03,-1.308895443856026826e-03,4.406591119145625290e-02,5.026809269321990195e-03,1.377232903257062657e-01,1.509117470384715304e-02,8.536254601156263722e-04,1.380068896524289188e-03,7.152000531257252970e-03,-1.725493937379568967e-03
2.215000000000000024e-01,0.000000000000000000e+00,2.338186074565748451e-03,2.851559718466920110e-03,2.320509749263508989e-03,2.855540159794228792e-03,1.000000000000000000e+00,1.000000000000000000e+00,8.875702085384736678e-04,1.374741536648737454e-03,9.315552662599263165e-03,-1.291310228544461942e-03,4.318645160296484542e-02,5.518694322921772859e-03,1.350237353979089894e-01,1.658619307180463076e-02,8.536254601156263722e-04,1.380068896524289188e-03,7.152000531257252970e-03,-1.725493937379568967e-03
2.220000000000000029e-01,0.000000000000000000e+00,2.344169311124392856e-03,2.850938200821682977e-03,2.321472967864986713e-03,2.855820965104503492e-03,1.000000000000000000e+00,1.000000000000000000e+00,8.921536336560897517e-04,1.374120019003500321e-03,9.166850235232084504e-03,-1.243035290474239036e-03,4.300932343459527851e-02,5.874475017657680535e-03,1.350080597107508884e-01,1.756878327646899107e-02,8.756139595373574683e-04,1.378338355113950834e-03,9.588250446977373068e-03,-1.180053316793189255e-03
2.225000000000000033e-01,0.000000000000000000e+00,2.350047065072351660e-03,2.850351730390474764e-03,2.322420664801548400e-03,2.856103587345303930e-03,1.000000000000000000e+00,1.000000000000000000e+00,8.966562544059441349e-04,1.373533548572291891e-03,9.005241499708755912e-03,-1.172940862416664478e-03,4.206865656066587078e-02,6.072254679247511555e-03,1.314206907487336096e-01,1.806332193143265347e-02,8.756139595373574683e-04,1.378338355113950834e-03,9.588250446977373068e-03,-1.180053316793189255e-03
2.230000000000000038e-01,0.000000000000000000e+00,2.355772768479444911e-03,2.849806147754077937e-03,2.323352305589677577e-03,2.856388330304037229e-03,1.000000000000000000e+00,1.000000000000000000e+00,9.010423976838951568e-04,1.372987965935895281e-03,8.772286555902068100e-03,-1.091165272793171359e-03,4.113769134851064102e-02,6.268740789406749246e-03,1.284851244878238985e-01,1.869273980002687102e-02,8.756139595373574683e-04,1.378338355113950834e-03,9.588250446977373068e-03,-1.180053316793189255e-03
2.235000000000000042e-01,0.000000000000000000e+00,2.361300898201696384e-03,2.849307180513970666e-03,2.324267366019063669e-03,2.856675514893184439e-03,1.000000000000000000e+00,1.000000000000000000e+00,9.052771907384671345e-04,1.372488998695788011e-03,8.469586109144014441e-03,-9.979344802143394477e-04,4.021621013412044615e-02,6.463958370397289779e-03,1.255412763031510115e-01,1.932326192215838914e-02,8.756139595373574683e-04,1.378338355113950834e-03,9.588250446977373068e-03,-1.180053316793189255e-03
2.240000000000000047e-01,0.000000000000000000e+00,2.366586957988587279e-03,2.848860444738760510e-03,2.325165332809483662e-03,2.856965479566135439e-03,1.000000000000000000e+00,1.000000000000000000e+00,9.093265474642096141e-04,1.372042262920577854e-03,8.098713451484921069e-03,-8.934715504202900326e-04,3.982073236238579950e-02,6.570965083443031790e-03,1.245961489382307746e-01,1.961711649163907362e-02,8.997136090937373713e-04,1.375416626673609238e-03,1.114905766603619189e-02,-1.358106719294464686e-03
2.245000000000000051e-01,0.000000000000000000e+00,2.371613349589315242e-03,2.848468728235497779e-03,2.326045704267687246e-03,2.857258580733026444e-03,1.000000000000000000e+00,1.000000000000000000e+00,9.131769868188869405e-04,1.371650546417315123e-03,7.700878709354618858e-03,-7.834330065252875178e-04,3.890905126150612930e-02,6.740790566147371148e-03,1.211829962255616538e-01,2.023263784604505122e-02,8.997136090937373713e-04,1.375416626673609238e-03,1.114905766603619189e-02,-1.358106719294464686e-03
2.250000000000000056e-01,0.000000000000000000e+00,2.376336846658405437e-03,2.848136743562258884e-03,2.326907990944274141e-03,2.857555193176574467e-03,1.000000000000000000e+00,1.000000000000000000e+00,9.167953955007524620e-04,1.371318561744076011e-03,7.236817363731008410e-03,-6.639693464784229230e-04,3.800637565822757857e-02,6.909572327950070855e-03,1.182105058156774913e-01,2.079453330899905250e-02,8.997136090937373713e-04,1.375416626673609238e-03,1.114905766603619189e-02,-1.358106719294464686e-03
2.255000000000000060e-01,0.000000000000000000e+00,2.380715211004117218e-03,2.847869109086439803e-03,2.327751716290580100e-03,2.857855710467913958e-03,1.000000000000000000e+00,1.000000000000000000e+00,9.201494171777351624e-04,1.371050927268256930e-03,6.708043353965465784e-03,-5.352689516382022530e-04,3.711249968698437929e-02,7.077331229873769398e-03,1.152303277697658973e-01,2.135731975507931812e-02,8.997136090937373713e-04,1.375416626673609238e-03,1.114905766603619189e-02,-1.358106719294464686e-03
2.260000000000000064e-01,0.000000000000000000e+00,2.384707175572898033e-03,2.847670350208417016e-03,2.328576417315559449e-03,2.858160545382428669e-03,1.000000000000000000e+00,1.000000000000000000e+00,9.232074394527776603e-04,1.370852168390234577e-03,6.116044550085039319e-03,-3.975177560447337179e-04,3.535475215331352478e-02,7.524245648973641037e-03,1.088542650753037550e-01,2.300901705891802290e-02,9.116023506039630346e-04,1.373564195646009237e-03,7.848928638647259884e-03,-1.084258027083040074e-03
2.265000000000000069e-01,0.000000000000000000e+00,2.388228716370026719e-03,2.847553656924264182e-03,2.329381645242664580e-03,2.858470130315591759e-03,1.000000000000000000e+00,1.000000000000000000e+00,9.259050962116346668e-04,1.370735475106081742e-03,5.395313517714033641e-03,-2.333865683056457116e-04,3.452806674936580861e-02,7.893692295732907677e-03,1.067636007791867292e-01,2.413289709553816456e-02,9.116023506039630346e-04,1.373564195646009237e-03,7.848928638647259884e-03,-1.084258027083040074e-03
2.270000000000000073e-01,0.000000000000000000e+00,2.391243486651085243e-03,2.847529635293419119e-03,2.330166966166728922e-03,2.858784917698798528e-03,1.000000000000000000e+00,1.000000000000000000e+00,9.282145442327196681e-04,1.370711453475236463e-03,4.618896042169923742e-03,-4.804326169048205595e-05,3.370895359137301983e-02,8.260789949494922943e-03,1.038781256809014342e-01,2.532290829603082993e-02,9.116023506039630346e-04,1.373564195646009237e-03,7.848928638647259884e-03,-1.084258027083040074e-03
2.275000000000000078e-01,0.000000000000000000e+00,2.393715999136917551e-03,2.847608684124727091e-03,2.330931961710852509e-03,2.859105380415201750e-03,1.000000000000000000e+00,1.000000000000000000e+00,9.301085986830339401e-04,1.370790502306544652e-03,3.788108900628524983e-03,1.580976626164544365e-04,3.290626176590479707e-02,8.621799992280040556e-03,1.010212486936117177e-01,2.650022695190259667e-02,9.116023506039630346e-04,1.373564195646009237e-03,7.848928638647259884e-03,-1.084258027083040074e-03
2.280000000000000082e-01,0.000000000000000000e+00,2.395612063388829864e-03,2.847800879356632373e-03,2.331676229683279748e-03,2.859432012215548310e-03,1.000000000000000000e+00,1.000000000000000000e+00,9.315610681670076498e-04,1.370982697538449717e-03,2.904938967947388179e-03,3.843904638100818370e-04,3.293749923987616263e-02,8.197277315006105611e-03,1.013613882306878128e-01,2.464066681214686569e-02,9.208827113964075314e-04,1.378162977523688781e-03,5.814361834218410158e-03,1.061207850509081558e-03
2.285000000000000087e-01,0.000000000000000000e+00,2.396939732352798905e-03,2.848091615057786463e-03,2.332399384734283251e-03,2.859765328134012807e-03,1.000000000000000000e+00,1.000000000000000000e+00,9.325781215991580308e-04,1.371273433239603807e-03,2.034106864300866489e-03,5.814714023083746193e-04,3.352451460642623393e-02,7.122631422602915263e-03,1.031546035733945099e-01,2.091426391398363768e-02,9.208827113964075314e-04,1.378162977523688781e-03,5.814361834218410158e-03,1.061207850509081558e-03
2.290000000000000091e-01,0.000000000000000000e+00,2.397734874655276481e-03,2.848446124314983358e-03,2.333101059013047672e-03,2.860105864904036350e-03,1.000000000000000000e+00,1.000000000000000000e+00,9.331872359414595478e-04,1.371627942496800702e-03,1.218228684603034004e-03,7.090185143938076669e-04,3.410405733503039244e-02,6.055685584695453400e-03,1.044733733785523505e-01,1.774284541227387491e-02,9.208827113964075314e-04,1.378162977523688781e-03,5.814361834218410158e-03,1.061207850509081558e-03
2.295000000000000095e-01,0.000000000000000000e+00,2.398032627834690948e-03,2.848830277917048862e-03,2.333780902824550071e-03,2.860454181374157134e-03,1.000000000000000000e+00,1.000000000000000000e+00,9.334153281099712065e-04,1.372012096098866422e-03,4.561843370233339317e-04,7.683072041315400962e-04,3.453268912117844064e-02,5.318909376459362952e-03,1.052408651047473387e-01,1.581776448803942983e-02,9.208827113964075314e-04,1.378162977523688781e-03,5.814361834218410158e-03,1.061207850509081558e-03
2.300000000000000100e-01,0.000000000000000000e+00,2.397860216494815920e-03,2.849220659618114434e-03,2.334438585284224175e-03,2.860810858918052223e-03,1.000000000000000000e+00,1.000000000000000000e+00,9.332832533611290894e-04,1.372402477799931778e-03,-2.641494976843067246e-04,7.807634021306614170e-04,3.438113767247909236e-02,4.985367616862424085e-03,1.039059762410854681e-01,1.515671524187216582e-02,9.279463930234036666e-04,1.364664915263944303e-03,4.367086713731237364e-03,-3.891020172257468514e-03
2.305000000000000104e-01,0.000000000000000000e+00,2.397215534373072551e-03,2.849606727869023054e-03,2.335073794829455301e-03,2.861176501470156629e-03,1.000000000000000000e+00,1.000000000000000000e+00,9.327893982041894063e-04,1.372788546050840615e-03,-9.877103138793616715e-04,7.721365018175593842e-04,3.462520201918353746e-02,6.172718712478060706e-03,1.046010999866864993e-01,2.004900478482178269e-02,9.279463930234036666e-04,1.364664915263944303e-03,4.367086713731237364e-03,-3.891020172257468514e-03
2.310000000000000109e-01,0.000000000000000000e+00,2.396116373881552672e-03,2.850025599798292585e-03,2.335686239128960569e-03,2.861551733986722468e-03,1.000000000000000000e+00,1.000000000000000000e+00,9.319473924175646160e-04,1.373207417980110145e-03,-1.684011573249511676e-03,8.377438585390085003e-04,3.486555960968058115e-02,7.351849236120253268e-03,1.049585022229949233e-01,2.364296843557459060e-02,9.279463930234036666e-04,1.364664915263944303e-03,4.367086713731237364e-03,-3.891020172257468514e-03
2.315000000000000113e-01,0.000000000000000000e+00,2.394580186357800171e-03,2.850513700286349573e-03,2.336275644608296499e-03,2.861937199902989289e-03,1.000000000000000000e+00,1.000000000000000000e+00,9.307706045014052390e-04,1.373695518468166701e-03,-2.353575832318815543e-03,9.762009761131272686e-04,3.510228150123836932e-02,8.522912504478147300e-03,1.053190687700196054e-01,2.724394966248682576e-02,9.279463930234036666e-04,1.364664915263944303e-03,4.367086713731237364e-03,-3.891020172257468514e-03
2.320000000000000118e-01,0.000000000000000000e+00,2.392624087612320056e-03,2.851106770677283662e-03,2.336841755945246596e-03,2.862333558511609248e-03,1.000000000000000000e+00,1.000000000000000000e+00,9.292721459272384760e-04,1.374288588859101006e-03,-2.996917148333535542e-03,1.186140781868653829e-03,3.490999516895310073e-02,1.016354613662196101e-02,1.040304650959800042e-01,3.270621192045756326e-02,9.388114736799977938e-04,1.363696721046273649e-03,5.042657494633666360e-03,-1.730796918081825998e-03
2.325000000000000122e-01,0.000000000000000000e+00,2.390243548414756978e-03,2.851854801272046130e-03,2.337384335565215882e-03,2.862741482341063168e-03,1.000000000000000000e+00,1.000000000000000000e+00,9.274485471033183659e-04,1.375036619453863691e-03,-3.647197647840165220e-03,1.496061189525169349e-03,3.449235324238063977e-02,1.115556388189566962e-02,1.022292195562382322e-01,3.529161543441061699e-02,9.388114736799977938e-04,1.363696721046273649e-03,5.042657494633666360e-03,-1.730796918081825998e-03
2.330000000000000127e-01,0.000000000000000000e+00,2.387422849839705274e-03,2.852786910985975408e-03,2.337903163136609806e-03,2.863161654534060116e-03,1.000000000000000000e+00,1.000000000000000000e+00,9.252877666341863695e-04,1.375968729167792752e-03,-4.321560938264028436e-03,1.864219427858127042e-03,3.434206025641575039e-02,1.160557249077539058e-02,1.016459254901613263e-01,3.635078354853338994e-02,9.388114736799977938e-04,1.363696721046273649e-03,5.042657494633666360e-03,-1.730796918081825998e-03
2.335000000000000131e-01,0.000000000000000000e+00,2.384159900019360099e-03,2.853914918739492400e-03,2.338398035066217937e-03,2.863594766225946962e-03,1.000000000000000000e+00,1.000000000000000000e+00,9.227882020561347515e-04,1.377096736921309961e-03,-4.999129156103255048e-03,2.256015507034222871e-03,3.443419602419618003e-02,1.156218567724154669e-02,1.017742246497142095e-01,3.596662905229942864e-02,9.388114736799977938e-04,1.363696721046273649e-03,5.042657494633666360e-03,-1.730796918081825998e-03
2.340000000000000135e-01,0.000000000000000000e+00,2.380464827406916090e-03,2.855235062705926627e-03,2.338868763994606317e-03,2.864041513923118801e-03,1.000000000000000000e+00,1.000000000000000000e+00,9.199576122144509024e-04,1.378416880887744188e-03,-5.661179683367671168e-03,2.640287932868662368e-03,3.311491186229868766e-02,1.262494370641609881e-02,9.622229131247432565e-02,4.029632179953365062e-02,9.257156397870279583e-04,1.379664799250341104e-03,-2.306562893046044081e-03,4.429076460472490540e-03
2.345000000000000140e-01,0.000000000000000000e+00,2.376276978501968770e-03,2.856778175652268693e-03,2.339315178291496815e-03,2.864502596881417663e-03,1.000000000000000000e+00,1.000000000000000000e+00,9.167495338321939588e-04,1.379959993834086037e-03,-6.416156764513930577e-03,3.086225892683563087e-03,3.395960278876616889e-02,1.179498101968851076e-02,1.002303008260167216e-01,3.635757870553526366e-02,9.257156397870279583e-04,1.379664799250341104e-03,-2.306562893046044081e-03,4.429076460472490540e-03
2.350000000000000144e-01,0.000000000000000000e+00,2.371644877680283061e-03,2.858515549428231051e-03,2.339737121551149508e-03,2.864978714484544674e-03,1.000000000000000000e+00,1.000000000000000000e+00,9.132011387377749444e-04,1.381697367610048178e-03,-7.096790188838091387e-03,3.474747551924173717e-03,3.479418446022350397e-02,1.097137651380861861e-02,1.023910106578860141e-01,3.403457619689822383e-02,9.257156397870279583e-04,1.379664799250341104e-03,-2.306562893046044081e-03,4.429076460472490540e-03
2.355000000000000149e-01,0.000000000000000000e+00,2.366616028965391923e-03,2.860418986400856817e-03,2.340134452087755910e-03,2.865470563622467010e-03,1.000000000000000000e+00,1.000000000000000000e+00,9.093488171244465922e-04,1.383600804582674378e-03,-7.704643226656793763e-03,3.806873945252453248e-03,3.561886945026412898e-02,1.015401712118120352e-02,1.045603503596935074e-01,3.170614596151926506e-02,9.257156397870279583e-04,1.379664799250341104e-03,-2.306562893046044081e-03,4.429076460472490540e-03
2.360000000000000153e-01,0.000000000000000000e+00,2.361236933157617214e-03,2.862460793181162942e-03,2.340507042430817457e-03,2.865978836069821810e-03,1.000000000000000000e+00,1.000000000000000000e+00,9.052281906718960243e-04,1.385642611362980503e-03,-8.241252905101059331e-03,4.083613560612440845e-03,3.605114717608769170e-02,8.691460881172520178e-03,1.052517855860999746e-01,2.684283894299618195e-02,9.147178584907942993e-04,1.372513672530057587e-03,-4.330717980518812397e-03,-6.464150489900672217e-04
2.365000000000000158e-01,0.000000000000000000e+00,2.355533930167389225e-03,2.864593417036479482e-03,2.340854778820533090e-03,2.866504215864325300e-03,1.000000000000000000e+00,1.000000000000000000e+00,9.008594369221413186e-04,1.387775235218296609e-03,-8.737507499509470504e-03,4.265247710632209983e-03,3.709230129317715730e-02,8.771551252385600961e-03,1.086641839456371633e-01,2.848052433406875888e-02,9.147178584907942993e-04,1.372513672530057587e-03,-4.330717980518812397e-03,-6.464150489900672217e-04
2.370000000000000162e-01,0.000000000000000000e+00,2.349563595502011677e-03,2.866818063404425083e-03,2.341177560703182510e-03,2.867047376685177146e-03,1.000000000000000000e+00,1.000000000000000000e+00,8.962858952281679923e-04,1.389999881586242644e-03,-9.147083387946742736e-03,4.449292735892217479e-03,3.812166883451734156e-02,8.851374647485182184e-03,1.115568086858700764e-01,2.880131351447502708e-02,9.147178584907942993e-04,1.372513672530057587e-03,-4.330717980518812397e-03,-6.464150489900672217e-04
2.375000000000000167e-01,0.000000000000000000e+00,2.343381286605928943e-03,2.869135904928763088e-03,2.341475300226513769e-03,2.867608979231469138e-03,1.000000000000000000e+00,1.000000000000000000e+00,8.915499718526788972e-04,1.392317723110580432e-03,-9.471846750978294219e-03,4.635683048675536509e-03,3.913950356345588522e-02,8.930938329540493228e-03,1.144594951582119935e-01,2.912233060179766561e-02,9.147178584907942993e-04,1.372513672530057587e-03,-4.330717980518812397e-03,-6.464150489900672217e-04
2.380000000000000171e-01,0.000000000000000000e+00,2.337041163461991977e-03,2.871548081934782552e-03,2.341747921735127386e-03,2.868189668600591713e-03,1.000000000000000000e+00,1.000000000000000000e+00,8.866931557495761349e-04,1.394729900116599679e-03,-9.713632206205441433e-03,4.824354012038428730e-03,4.011442513766704659e-02,9.557611714129839176e-03,1.172491872821879999e-01,3.156933848097254192e-02,9.083498531011092048e-04,1.385739011991855840e-03,-3.603621718019621618e-03,3.956343350196623622e-03
2.385000000000000175e-01,0.000000000000000000e+00,2.330594624197079509e-03,2.874072810745159461e-03,2.341995361265858736e-03,2.868790071666639171e-03,1.000000000000000000e+00,1.000000000000000000e+00,8.817548201683415550e-04,1.397254628926976805e-03,-9.876671162469234308e-03,5.049457620754170539e-03,4.088843398680830354e-02,8.766388427544371392e-03,1.193368219394885105e-01,2.805834004194972600e-02,9.083498531011092048e-04,1.385739011991855840e-03,-3.603621718019621618e-03,3.956343350196623622e-03
2.390000000000000180e-01,0.000000000000000000e+00,2.324082415475467282e-03,2.876683766645067412e-03,2.342217566043167803e-03,2.869410794458818366e-03,1.000000000000000000e+00,1.000000000000000000e+00,8.767661788647192200e-04,1.399865584826884756e-03,-9.977282607244560703e-03,5.221911799815792676e-03,4.165395393911204558e-02,7.980995446846264260e-03,1.215959678193817700e-01,2.575774373897259800e-02,9.083498531011092048e-04,1.385739011991855840e-03,-3.603621718019621618e-03,3.956343350196623622e-03
2.395000000000000184e-01,0.000000000000000000e+00,2.317544392308147280e-03,2.879355103471886550e-03,2.342414493974518969e-03,2.870052419539854786e-03,1.000000000000000000e+00,1.000000000000000000e+00,8.717577625484108309e-04,1.402536921653704111e-03,-1.001683263261667935e-02,5.342673653638521820e-03,4.241117075586375851e-02,7.201326783964167970e-03,1.238623603337257184e-01,2.345217033516483127e-02,9.083498531011092048e-04,1.385739011991855840e-03,-3.603621718019621618e-03,3.956343350196623622e-03
2.399999999999999911e-01,0.000000000000000000e+00,2.311019533209222529e-03,2.882061447668214128e-03,2.342586113145771632e-03,2.870715503384398213e-03,1.000000000000000000e+00,1.000000000000000000e+00,8.667594304935451492e-04,1.405243265850031256e-03,-9.996664109731431130e-03,5.412688392654426903e-03,4.162755162858422509e-02,6.696454909528437929e-03,1.201832948665313705e-01,2.218710289405330036e-02,8.828236837699318705e-04,1.390269088019180452e-03,-9.411350418304376131e-03,2.883939585897092855e-03
2.404999999999999916e-01,0.000000000000000000e+00,2.304469164953222050e-03,2.884786305541982634e-03,2.342732401316558691e-03,2.871400573757429669e-03,1.000000000000000000e+00,1.000000000000000000e+00,8.617415572906532558e-04,1.407968123723799762e-03,-1.003574640578389250e-02,5.449715747537046094e-03,4.259692028113797047e-02,6.497044707429511234e-03,1.245962986302492637e-01,2.185957483849726088e-02,8.828236837699318705e-04,1.390269088019180452e-03,-9.411350418304376131e-03,2.883939585897092855e-03
2.409999999999999920e-01,0.000000000000000000e+00,2.297942892866225266e-03,2.887522920315228111e-03,2.342853345415679342e-03,2.872108127092669674e-03,1.000000000000000000e+00,1.000000000000000000e+00,8.567421428241269463e-04,1.410704738497045455e-03,-9.998828933052648568e-03,5.473229546491256356e-03,4.355595448047554219e-02,6.299130972912592510e-03,1.275128462725107215e-01,2.127128627183132864e-02,8.828236837699318705e-04,1.390269088019180452e-03,-9.411350418304376131e-03,2.883939585897092855e-03
2.414999999999999925e-01,0.000000000000000000e+00,2.291489224972690503e-03,2.890264659216467032e-03,2.342948941036477120e-03,2.872838625870984333e-03,1.000000000000000000e+00,1.000000000000000000e+00,8.517983463965492132e-04,1.413446477398284159e-03,-9.887592855155556346e-03,5.483477802477464309e-03,4.450488283132872369e-02,6.102686241455602435e-03,1.304382160274846492e-01,2.068172023015991609e-02,8.828236837699318705e-04,1.390269088019180452e-03,-9.411350418304376131e-03,2.883939585897092855e-03
2.419999999999999929e-01,0.000000000000000000e+00,2.285155590708584563e-03,2.893005011932324629e-03,2.343019191932227061e-03,2.873592495998789249e-03,1.000000000000000000e+00,1.000000000000000000e+00,8.469465010637827014e-04,1.416186830114141973e-03,-9.703690665533053206e-03,5.480705431715701161e-03,4.453792338396149464e-02,6.330741332287813557e-03,1.298535906388323669e-01,2.173391349967873989e-02,8.553320007876424012e-04,1.401946136938953284e-03,-1.215971550793489356e-02,4.757349355478526082e-03
2.424999999999999933e-01,0.000000000000000000e+00,2.278942967747273757e-03,2.895750811779517625e-03,2.343064109511522851e-03,2.874370124186461685e-03,1.000000000000000000e+00,1.000000000000000000e+00,8.421873557670770316e-04,1.418932629961334969e-03,-9.518290593411299697e-03,5.491599694385884516e-03,4.544203290683467011e-02,5.958983687102840932e-03,1.334345493617073442e-01,2.010013679131928202e-02,8.553320007876424012e-04,1.401946136938953284e-03,-1.215971550793489356e-02,4.757349355478526082e-03
2.429999999999999938e-01,0.000000000000000000e+00,2.272895949867505434e-03,2.898490064811048549e-03,2.343083712333661386e-03,2.875171855326743176e-03,1.000000000000000000e+00,1.000000000000000000e+00,8.375550713228394799e-04,1.421671882992865893e-03,-9.264568888475131075e-03,5.478506063061749573e-03,4.633685204989125561e-02,5.589882419403803364e-03,1.362719110625591756e-01,1.897839641936018007e-02,8.553320007876424012e-04,1.401946136938953284e-03,-1.215971550793489356e-02,4.757349355478526082e-03
2.434999999999999942e-01,0.000000000000000000e+00,2.267058128085892767e-03,2.901211000311910114e-03,2.343078025604022983e-03,2.875997989873145186e-03,1.000000000000000000e+00,1.000000000000000000e+00,8.330830403871162648e-04,1.424392818493727675e-03,-8.944061871446433790e-03,5.441871001723610005e-03,4.722258972211716699e-02,5.223388088549273632e-03,1.391172035920837102e-01,1.785438840332765481e-02,8.553320007876424012e-04,1.401946136938953284e-03,-1.215971550793489356e-02,4.757349355478526082e-03
2.439999999999999947e-01,0.000000000000000000e+00,2.261472107841427243e-03,2.903902067992565443e-03,2.343047080669463308e-03,2.876848781218360393e-03,1.000000000000000000e+00,1.000000000000000000e+00,8.288039006196935409e-04,1.427083886174382570e-03,-8.558279534845511863e-03,5.382135361309935660e-03,4.975410598939052076e-02,4.553019258685292968e-03,1.483963655700390738e-01,1.553807475198896657e-02,8.503158773773123293e-04,1.410460832086162441e-03,-6.039903995357512670e-03,4.440313879118687121e-03
2.444999999999999951e-01,0.000000000000000000e+00,2.256262425325977761e-03,2.906542357636638860e-03,2.342990914513695764e-03,2.877724433072666611e-03,1.000000000000000000e+00,1.000000000000000000e+00,8.248130522783193473e-04,1.429724175818455987e-03,-7.981696682748401148e-03,5.280579288146985961e-03,5.051525445510912649e-02,3.950477771014128392e-03,1.494958462817777001e-01,1.372659935927215274e-02,8.503158773773123293e-04,1.410460832086162441e-03,-6.039903995357512670e-03,4.440313879118687121e-03
2.449999999999999956e-01,0.000000000000000000e+00,2.251463429247298718e-03,2.909113327874940369e-03,2.342909569252672568e-03,2.878625096842332871e-03,1.000000000000000000e+00,1.000000000000000000e+00,8.211368079996974028e-04,1.432295146056757713e-03,-7.352488557243817835e-03,5.141940476603401068e-03,5.126924693292511659e-02,3.352042761026020803e-03,1.521066197499996719e-01,1.185722245543573312e-02,8.503158773773123293e-04,1.410460832086162441e-03,-6.039903995357512670e-03,4.440313879118687121e-03
2.454999999999999960e-01,0.000000000000000000e+00,2.247108663828953877e-03,2.911596789142729264e-03,2.342803091629974948e-03,2.879550869008027682e-03,1.000000000000000000e+00,1.000000000000000000e+00,8.178008641498873185e-04,1.434778607324546608e-03,-6.671887699620163495e-03,4.966922535577782127e-03,5.201625102387842647e-02,2.757636312300392085e-03,1.547235020011950568e-01,9.984340014517346928e-03,8.503158773773123293e-04,1.410460832086162441e-03,-6.039903995357512670e-03,4.440313879118687121e-03
2.459999999999999964e-01,0.000000000000000000e+00,2.243230882758737773e-03,2.913974899215869899e-03,2.342671532512198562e-03,2.880501788503225975e-03,1.000000000000000000e+00,1.000000000000000000e+00,8.148303115094165721e-04,1.437156717397687460e-03,-5.941105280941550749e-03,4.756220146281617267e-03,5.158557768900266099e-02,2.695603489740570555e-03,1.527991517651668130e-01,1.016023007961771273e-02,8.295449307199447833e-04,1.428517190435350890e-03,-8.795293463135688689e-03,7.349335630950257561e-03
2.464999999999999969e-01,0.000000000000000000e+00,2.239803402289873568e-03,2.916246674656732332e-03,2.342514946384331546e-03,2.881477834092613030e-03,1.000000000000000000e+00,1.000000000000000000e+00,8.122047091423440944e-04,1.439428492838549893e-03,-5.251204734144968543e-03,4.543550881725070059e-03,5.201390245172911320e-02,1.705026766038708055e-03,1.551946051266747395e-01,6.274658896520582396e-03,8.295449307199447833e-04,1.428517190435350890e-03,-8.795293463135688689e-03,7.349335630950257561e-03
2.469999999999999973e-01,0.000000000000000000e+00,2.236842834333611918e-03,2.918382133813855143e-03,2.342333390845148175e-03,2.882478921750493590e-03,1.000000000000000000e+00,1.000000000000000000e+00,8.099367825109739108e-04,1.441563951995672487e-03,-4.535853262740412173e-03,4.270918314245068619e-03,5.243876639616787405e-02,7.210902737763334952e-04,1.568567658912437546e-01,3.181748803757559509e-03,8.295449307199447833e-04,1.428517190435350890e-03,-8.795293463135688689e-03,7.349335630950257561e-03
2.474999999999999978e-01,0.000000000000000000e+00,2.234365371315068412e-03,2.920351866654990244e-03,2.342126926102588644e-03,2.883504902039200554e-03,1.000000000000000000e+00,1.000000000000000000e+00,8.080389357325858894e-04,1.443533684836807588e-03,-3.795693556776132301e-03,3.939465682270373512e-03,5.286025691535103932e-02,-2.563325872734809963e-04,1.585218810190840710e-01,8.317020885218080750e-05,8.295449307199447833e-04,1.428517190435350890e-03,-8.795293463135688689e-03,7.349335630950257561e-03
2.479999999999999982e-01,0.000000000000000000e+00,2.232386793593651997e-03,2.922127027497748060e-03,2.341895614469145792e-03,2.884555557487495855e-03,1.000000000000000000e+00,1.000000000000000000e+00,8.065232572638160067e-04,1.445308845679565404e-03,-3.031356937539708436e-03,3.550321685515584347e-03,5.298092582105681791e-02,4.159961339969060930e-04,1.590343547772748167e-01,3.361294643641317241e-03,8.089295570197047817e-04,1.439057883476663885e-03,-9.754254761411462055e-03,6.031113722903009428e-03
2.484999999999999987e-01,0.000000000000000000e+00,2.230907570093532133e-03,2.923730691234702542e-03,2.341639519857248788e-03,2.885630599968983488e-03,1.000000000000000000e+00,1.000000000000000000e+00,8.053901063214181531e-04,1.446912509416520103e-03,-2.266301884795674307e-03,3.207327473909375986e-03,5.315037833939473266e-02,9.326461699836190600e-04,1.599934663984024230e-01,4.646336096407863506e-03,8.089295570197047817e-04,1.439057883476663885e-03,-9.754254761411462055e-03,6.031113722903009428e-03
2.489999999999999991e-01,0.000000000000000000e+00,2.229930551768137016e-03,2.925180818140520056e-03,2.341358707274650286e-03,2.886729668080511256e-03,1.000000000000000000e+00,1.000000000000000000e+00,8.046416668624239337e-04,1.448362636322337400e-03,-1.496878917988429076e-03,2.900253811634676340e-03,5.304575215722113352e-02,9.666509710379933909e-04,1.598488115061777737e-01,4.205292457714318935e-03,8.089295570197047817e-04,1.439057883476663885e-03,-9.754254761411462055e-03,6.031113722903009428e-03
2.494999999999999996e-01,0.000000000000000000e+00,2.229444767940717657e-03,2.926480091945701453e-03,2.341053242319808374e-03,2.887852324520579460e-03,1.000000000000000000e+00,1.000000000000000000e+00,8.042695348608720979e-04,1.449661910127518580e-03,-7.442640031037776665e-04,2.598547610362568309e-03,5.294341153497789110e-02,1.000061388835242655e-03,1.599381267270705842e-01,4.176263908124791882e-03,8.089295570197047817e-04,1.439057883476663885e-03,-9.754254761411462055e-03,6.031113722903009428e-03
2.500000000000000000e-01,0.000000000000000000e+00,2.229439434316474872e-03,2.927631163699620682e-03,2.340723190677276334e-03,2.888998053467750453e-03,1.000000000000000000e+00,1.000000000000000000e+00,8.042654490676590063e-04,1.450812981881438027e-03,-8.171586426116285266e-06,2.302143507838834771e-03,5.447972235738324925e-02,4.482420545298474975e-04,1.663807309241753796e-01,1.877189461833160067e-03,8.089572535193787894e-04,1.443755404221433144e-03,-3.560606451406329431e-03,3.696248746559470128e-03
2.505000000000000004e-01,0.000000000000000000e+00,2.229985935166514839e-03,2.928618379030665814e-03,2.340368617613081993e-03,2.890166257959048655e-03,1.000000000000000000e+00,1.000000000000000000e+00,8.046840930069922536e-04,1.451800197212483158e-03,8.372878786665670587e-04,1.974430662090372220e-03,5.436475672751357735e-02,4.845324027156534428e-04,1.650692433250622593e-01,2.348255735231734483e-03,8.089572535193787894e-04,1.443755404221433144e-03,-3.560606451406329431e-03,3.696248746559470128e-03
2.510000000000000009e-01,0.000000000000000000e+00,2.231072031990755707e-03,2.929444665580780392e-03,2.339989587470117909e-03,2.891356257268374447e-03,1.000000000000000000e+00,1.000000000000000000e+00,8.055160914438909154e-04,1.452626483762597519e-03,1.663996873797361775e-03,1.652573100228935240e-03,5.425234078769827772e-02,5.201743469900972291e-04,1.651673849222569379e-01,2.317276104730489096e-03,8.089572535193787894e-04,1.443755404221433144e-03,-3.560606451406329431e-03,3.696248746559470128e-03
2.515000000000000013e-01,0.000000000000000000e+00,2.232685695163466599e-03,2.930112914928482276e-03,2.339586163163521592e-03,2.892567284284905480e-03,1.000000000000000000e+00,1.000000000000000000e+00,8.067522291504118518e-04,1.453294733110299837e-03,2.472275413041839787e-03,1.336498695404464247e-03,5.414243102240373640e-02,5.551758745545848752e-04,1.652633499502058345e-01,2.286849990924281085e-03,8.089572535193787894e-04,1.443755404221433144e-03,-3.560606451406329431e-03,3.696248746559470128e-03
2.520000000000000018e-01,0.000000000000000000e+00,2.234815100688163775e-03,2.930625982930024336e-03,2.339158405676064392e-03,2.893798482891507973e-03,1.000000000000000000e+00,1.000000000000000000e+00,8.083834484197528021e-04,1.453807801111841680e-03,3.262438538681993860e-03,1.026136003083661773e-03,5.384903319638228297e-02,1.260619728663557593e-03,1.646350034978467936e-01,4.863197275471435252e-03,8.046470500381428144e-04,1.446711541674038570e-03,-2.669419916348910078e-03,2.289770240146332507e-03
2.525000000000000022e-01,0.000000000000000000e+00,2.237439310699758811e-03,2.931007664549038858e-03,2.338706373553540389e-03,2.895048905343177922e-03,1.000000000000000000e+00,1.000000000000000000e+00,8.103937099167126193e-04,1.454189482730856202e-03,4.020522993919545089e-03,7.633632380290096726e-04,5.331654350226536221e-02,2.367449652809654193e-03,1.632178011630900927e-01,8.446528688987348099e-03,8.046470500381428144e-04,1.446711541674038570e-03,-2.669419916348910078e-03,2.289770240146332507e-03
2.530000000000000027e-01,0.000000000000000000e+00,2.240525596022099018e-03,2.931294038308759030e-03,2.338230122422865417e-03,2.896317509845455166e-03,1.000000000000000000e+00,1.000000000000000000e+00,8.127579416377709014e-04,1.454475856490576591e-03,4.728463442116656243e-03,5.727475194409863959e-04,5.295590047532883204e-02,3.052097920990264231e-03,1.626456150856795679e-01,1.007863515438112666e-02,8.046470500381428144e-04,1.446711541674038570e-03,-2.669419916348910078e-03,2.289770240146332507e-03
2.535000000000000031e-01,0.000000000000000000e+00,2.244050165308208566e-03,2.931507578702792147e-03,2.337729704826292144e-03,2.897603160915842614e-03,1.000000000000000000e+00,1.000000000000000000e+00,8.154579183537830024e-04,1.454689396884609491e-03,5.399953432024151567e-03,4.270807880656648462e-04,5.286459122535500099e-02,3.068228800414979189e-03,1.629534817300044292e-01,9.494178089848231972e-03,8.046470500381428144e-04,1.446711541674038570e-03,-2.669419916348910078e-03,2.289770240146332507e-03
2.540000000000000036e-01,0.000000000000000000e+00,2.248002947984873573e-03,2.931649612592980830e-03,2.337205170583604719e-03,2.898904634393565348e-03,1.000000000000000000e+00,1.000000000000000000e+00,8.184859255580993276e-04,1.454831430774798174e-03,6.056014408632732007e-03,2.840677803773884041e-04,5.248855604361025995e-02,3.220492495320009980e-03,1.619175019412774363e-01,1.001024269904800604e-02,8.066158616721612502e-04,1.450142217303804909e-03,-3.526434089342511853e-04,1.925540623009175606e-03
2.545000000000000040e-01,0.000000000000000000e+00,2.252359677053536284e-03,2.931725714360048154e-03,2.336656567288802628e-03,2.900220623633451098e-03,1.000000000000000000e+00,1.000000000000000000e+00,8.218233736513233783e-04,1.454907532541865282e-03,6.674896186448129112e-03,1.522035341342222099e-04,5.144576521383488477e-02,3.467164252104874313e-03,1.585154945778795010e-01,1.078153971411766054e-02,8.066158616721612502e-04,1.450142217303804909e-03,-3.526434089342511853e-04,1.925540623009175606e-03
2.550000000000000044e-01,0.000000000000000000e+00,2.257062916947800459e-03,2.931744351771771451e-03,2.336083940809201027e-03,2.901549745720886746e-03,1.000000000000000000e+00,1.000000000000000000e+00,8.254262644369795643e-04,1.454926169953588578e-03,7.205781571312423230e-03,3.727482344655956505e-05,5.041494013896506698e-02,3.711960597260334331e-03,1.556826700590454027e-01,1.147224431220632279e-02,8.066158616721612502e-04,1.450142217303804909e-03,-3.526434089342511853e-04,1.925540623009175606e-03
2.555000000000000049e-01,0.000000000000000000e+00,2.262056460165112748e-03,2.931713842032244999e-03,2.335487335784503741e-03,2.902890547686763113e-03,1.000000000000000000e+00,1.000000000000000000e+00,8.292515404700763872e-04,1.454895660214062343e-03,7.650552066193616260e-03,-6.101947905228654765e-05,4.944800838062851644e-02,3.942282158637569305e-03,1.530422934833514659e-01,1.211548868726487413e-02,8.066158616721612502e-04,1.450142217303804909e-03,-3.526434089342511853e-04,1.925540623009175606e-03
2.560000000000000053e-01,0.000000000000000000e+00,2.267287920968162618e-03,2.931641958795425020e-03,2.334866796125889717e-03,2.904241512722409782e-03,1.000000000000000000e+00,1.000000000000000000e+00,8.332590719476474237e-04,1.454823776977242364e-03,8.015062955142048667e-03,-1.437664736400074555e-04,4.974061006577154553e-02,3.977818397966623350e-03,1.551965886556813390e-01,1.202129601045609682e-02,8.199427242229314532e-04,1.453552922698777509e-03,4.096029896554398593e-03,1.785926352845578022e-03
2.565000000000000058e-01,0.000000000000000000e+00,2.272768599330326350e-03,2.931530301985686357e-03,2.334222365515104675e-03,2.905601066394561567e-03,1.000000000000000000e+00,1.000000000000000000e+00,8.374575151515055481e-04,1.454712120167503484e-03,8.396886407716320014e-03,-2.233136194778208685e-04,4.871264607753104936e-02,4.042059751886117359e-03,1.511561843529661553e-01,1.220624090828062100e-02,8.199427242229314532e-04,1.453552922698777509e-03,4.096029896554398593e-03,1.785926352845578022e-03
2.570000000000000062e-01,0.000000000000000000e+00,2.278443474268813246e-03,2.931381354613207552e-03,2.333554087903540186e-03,2.906967582860291166e-03,1.000000000000000000e+00,1.000000000000000000e+00,8.418047215635282533e-04,1.454563172795024896e-03,8.694412824045309740e-03,-2.978947449570608732e-04,4.769614480544457497e-02,4.105751177384286445e-03,1.482430945748894890e-01,1.236668138859571206e-02,8.199427242229314532e-04,1.453552922698777509e-03,4.096029896554398593e-03,1.785926352845578022e-03
2.575000000000000067e-01,0.000000000000000000e+00,2.284258716853697010e-03,2.931197557855614970e-03,2.332862008011323159e-03,2.908339391081964358e-03,1.000000000000000000e+00,1.000000000000000000e+00,8.462594558310672583e-04,1.454379376037432531e-03,8.909468535077914517e-03,-3.675935151846995773e-04,4.669085790491776800e-02,4.168901939388954675e-03,1.453202195307918554e-01,1.252759132098680422e-02,8.199427242229314532e-04,1.453552922698777509e-03,4.096029896554398593e-03,1.785926352845578022e-03
2.580000000000000071e-01,0.000000000000000000e+00,2.290161670007291594e-03,2.930981311557221032e-03,2.332146171826397947e-03,2.909714781042181328e-03,1.000000000000000000e+00,1.000000000000000000e+00,8.507813802923704007e-04,1.454163129739038159e-03,9.043848922606380347e-03,-4.324925967885284587e-04,4.607982828449871948e-02,4.222424036539780545e-03,1.438763279118763505e-01,1.265363253360028521e-02,8.318973667564597907e-04,1.456095623438275746e-03,5.288897856925931125e-03,1.459649831764206918e-03
2.585000000000000075e-01,0.000000000000000000e+00,2.296120031577889627e-03,2.930734690391449682e-03,2.331406627103610203e-03,2.911092009958726225e-03,1.000000000000000000e+00,1.000000000000000000e+00,8.553457500636204571e-04,1.453916508573266809e-03,9.128739542500145798e-03,-4.932423315427093748e-04,4.509730498624464623e-02,4.363087510934255710e-03,1.406269836713585075e-01,1.312810537365930071e-02,8.318973667564597907e-04,1.456095623438275746e-03,5.288897856925931125e-03,1.459649831764206918e-03
2.590000000000000080e-01,0.000000000000000000e+00,2.302083256633257087e-03,2.930462471961115152e-03,2.330643423863797224e-03,2.912469308499515859e-03,1.000000000000000000e+00,1.000000000000000000e+00,8.599138454803525230e-04,1.453644290142932496e-03,9.136190833464039734e-03,-5.444368606685000408e-04,4.412531189268361492e-02,4.502692858545665963e-03,1.376947688453602214e-01,1.352818907712045882e-02,8.318973667564597907e-04,1.456095623438275746e-03,5.288897856925931125e-03,1.459649831764206918e-03
2.595000000000000084e-01,0.000000000000000000e+00,2.308001914992510208e-03,2.930169348145700032e-03,2.329856614892872237e-03,2.913844886997547963e-03,1.000000000000000000e+00,1.000000000000000000e+00,8.644478008271781842e-04,1.453351166327517376e-03,9.067910693651275514e-03,-5.862476308303018677e-04,4.316361676372010986e-02,4.641259065078191977e-03,1.347535648013797049e-01,1.392917606143731155e-02,8.318973667564597907e-04,1.456095623438275746e-03,5.288897856925931125e-03,1.459649831764206918e-03
2.600000000000000089e-01,0.000000000000000000e+00,2.313827672232494567e-03,2.929859926159608143e-03,2.329046256240902175e-03,2.915216941665837742e-03,1.000000000000000000e+00,1.000000000000000000e+00,8.689105897878281410e-04,1.453041744341425270e-03,8.925577921299880646e-03,-6.188439721840230607e-04,4.336392857758223501e-02,4.198856000132282149e-03,1.362773028346000725e-01,1.207872565559085960e-02,8.529656851391987553e-04,1.448013764789515736e-03,8.614753856007921831e-03,-2.028095204838117546e-03
2.605000000000000093e-01,0.000000000000000000e+00,2.319570983888981537e-03,2.929520603257552112e-03,2.328212407721201929e-03,2.916583660812381747e-03,1.000000000000000000e+00,1.000000000000000000e+00,8.733102217673804728e-04,1.452702421439369673e-03,8.799263959104713928e-03,-6.786458041113939714e-04,4.254375477385663462e-02,4.823785434992321382e-03,1.328543216731699061e-01,1.485768229446668073e-02,8.529656851391987553e-04,1.448013764789515736e-03,8.614753856007921831e-03,-2.028095204838117546e-03
2.610000000000000098e-01,0.000000000000000000e+00,2.325191066192397807e-03,2.929171297807516873e-03,2.327355133409417763e-03,2.917943231055093560e-03,1.000000000000000000e+00,1.000000000000000000e+00,8.776154545857838300e-04,1.452353115989334434e-03,8.610465636806697090e-03,-6.986109000703382560e-04,4.173207759724661958e-02,5.444303419286308093e-03,1.303024885978049108e-01,1.672549952248141708e-02,8.529656851391987553e-04,1.448013764789515736e-03,8.614753856007921831e-03,-2.028095204838117546e-03
2.615000000000000102e-01,0.000000000000000000e+00,2.330648049261055572e-03,2.928831559820103264e-03,2.326474502142605091e-03,2.919293843536749020e-03,1.000000000000000000e+00,1.000000000000000000e+00,8.817957461417233814e-04,1.452013378001920608e-03,8.360583111879189497e-03,-6.794759748278159312e-04,4.092870665425316773e-02,6.060491535520856274e-03,1.277434022889575582e-01,1.859708263082915716e-02,8.529656851391987553e-04,1.448013764789515736e-03,8.614753856007921831e-03,-2.028095204838117546e-03
2.620000000000000107e-01,0.000000000000000000e+00,2.335902961455827657e-03,2.928520575565194892e-03,2.325570588018327067e-03,2.920633700139947057e-03,1.000000000000000000e+00,1.000000000000000000e+00,8.858212424276068128e-04,1.451702393747012019e-03,8.050992571766927078e-03,-6.219685098173561699e-04,4.020535992989029278e-02,6.662679791955635963e-03,1.254564803362375747e-01,2.043449414470892983e-02,8.710080625699997926e-04,1.445347893051930621e-03,8.872461476116484669e-03,-1.587316433164150890e-03
2.625000000000000111e-01,0.000000000000000000e+00,2.340921316477306315e-03,2.928256867390046248e-03,2.324643470893725857e-03,2.921961019702040176e-03,1.000000000000000000e+00,1.000000000000000000e+00,8.896655254054089456e-04,1.451438685571863592e-03,7.688565955604164011e-03,-5.274163502966949238e-04,3.936181867954580138e-02,7.139632627369650944e-03,1.226065474195131566e-01,2.181341675026701038e-02,8.710080625699997926e-04,1.445347893051930621e-03,8.872461476116484669e-03,-1.587316433164150890e-03
2.630000000000000115e-01,0.000000000000000000e+00,2.345663034014820042e-03,2.928054822664156662e-03,2.323693236884616462e-03,2.923274044230091823e-03,1.000000000000000000e+00,1.000000000000000000e+00,8.932978917758610917e-04,1.451236640845974006e-03,7.264732740904293086e-03,-4.040894517789751783e-04,3.852662750223314475e-02,7.613398998442382111e-03,1.198592198011484700e-01,2.329924786629259184e-02,8.710080625699997926e-04,1.445347893051930621e-03,8.872461476116484669e-03,-1.587316433164150890e-03
2.635000000000000120e-01,0.000000000000000000e+00,2.350088949515561840e-03,2.927928554877950659e-03,2.322719978864569695e-03,2.924571045115820743e-03,1.000000000000000000e+00,1.000000000000000000e+00,8.966883397509186737e-04,1.451110373059767786e-03,6.780895950115250689e-03,-2.525355724125681036e-04,3.769959561487385563e-02,8.084039562954510594e-03,1.171047640567084436e-01,2.478779914050989464e-02,8.710080625699997926e-04,1.445347893051930621e-03,8.872461476116484669e-03,-1.587316433164150890e-03
2.640000000000000124e-01,0.000000000000000000e+00,2.354160798418039689e-03,2.927891907123204851e-03,2.321723796963996462e-03,2.925850329350547507e-03,1.000000000000000000e+00,1.000000000000000000e+00,8.998075569758817293e-04,1.451073725305022412e-03,6.238434449926153792e-03,-7.329550949059863139e-05,3.610862939480923017e-02,8.465337617247768384e-03,1.113455218590538587e-01,2.594394981968788441e-02,8.799173478746642133e-04,1.451579265873457949e-03,6.071260868349436825e-03,1.394710433536539528e-03
2.645000000000000129e-01,0.000000000000000000e+00,2.357802527569568748e-03,2.927955758958702623e-03,2.320704799069235082e-03,2.927110245740145375e-03,1.000000000000000000e+00,1.000000000000000000e+00,9.025972833557550836e-04,1.451137577140520184e-03,5.579452759746762400e-03,1.277036709955902609e-04,3.531244081169588461e-02,7.936692781398366550e-03,1.092635321158050149e-01,2.365181749153363183e-02,8.799173478746642133e-04,1.451579265873457949e-03,6.071260868349436825e-03,1.394710433536539528e-03
2.650000000000000133e-01,0.000000000000000000e+00,2.360978835861369390e-03,2.928102411714245731e-03,2.319663101321634262e-03,2.928349191119981182e-03,1.000000000000000000e+00,1.000000000000000000e+00,9.050304766723213249e-04,1.451284229896063075e-03,4.866386633132553652e-03,2.933055110858803207e-04,3.452360663356301984e-02,7.411967785202743311e-03,1.065030722350600728e-01,2.213646730858019260e-02,8.799173478746642133e-04,1.451579265873457949e-03,6.071260868349436825e-03,1.394710433536539528e-03
2.655000000000000138e-01,0.000000000000000000e+00,2.363655253889478114e-03,2.928314485645675154e-03,2.318598828616638251e-03,2.929565616569865770e-03,1.000000000000000000e+00,1.000000000000000000e+00,9.070807318302177326e-04,1.451496303827492715e-03,4.100510315792732161e-03,4.241478628591276168e-04,3.374195358840102049e-02,6.891091994035706408e-03,1.037363341905541969e-01,2.061777091402590412e-02,8.799173478746642133e-04,1.451579265873457949e-03,6.071260868349436825e-03,1.394710433536539528e-03
2.660000000000000142e-01,0.000000000000000000e+00,2.365798129510580331e-03,2.928574915989117650e-03,2.317512115102875019e-03,2.930758033629002682e-03,1.000000000000000000e+00,1.000000000000000000e+00,9.087222697920580971e-04,1.451756734170935211e-03,3.283075923680657884e-03,5.208606868851979686e-04,3.429753524458260816e-02,6.834457606634390670e-03,1.061296034169725427e-01,2.088406644996141509e-02,9.065749527684966369e-04,1.451328829968017266e-03,1.067304077189049419e-02,4.309714281198098848e-04
2.665000000000000147e-01,0.000000000000000000e+00,2.367441258811485774e-03,2.928881340823442751e-03,2.316403104681237501e-03,2.931925020510933386e-03,1.000000000000000000e+00,1.000000000000000000e+00,9.099809798623427525e-04,1.452063159005260312e-03,2.517420140569379301e-03,6.128496686501839954e-04,3.354186848852474395e-02,7.040728448932840125e-03,1.023162292958961633e-01,2.177306054597008544e-02,9.065749527684966369e-04,1.451328829968017266e-03,1.067304077189049419e-02,4.309714281198098848e-04
2.670000000000000151e-01,0.000000000000000000e+00,2.368552407053328007e-03,2.929239637598558300e-03,2.315271951503972657e-03,2.933065228318483368e-03,1.000000000000000000e+00,1.000000000000000000e+00,9.108321687984872149e-04,1.452421455780375428e-03,1.702377872288997254e-03,7.165935502301854854e-04,3.365269798610803081e-02,7.029240032675959995e-03,1.029613120260173265e-01,2.159697531127161702e-02,9.065749527684966369e-04,1.451328829968017266e-03,1.067304077189049419e-02,4.309714281198098848e-04
2.675000000000000155e-01,0.000000000000000000e+00,2.369143186728122318e-03,2.929648803460252297e-03,2.314118820473762272e-03,2.934177387258712130e-03,1.000000000000000000e+00,1.000000000000000000e+00,9.112847322854711373e-04,1.452830621642069858e-03,9.051269739678249231e-04,8.183317233889022147e-04,3.376110821211408819e-02,7.017973725066670165e-03,1.028667012808630044e-01,2.160678251645081413e-02,9.065749527684966369e-04,1.451328829968017266e-03,1.067304077189049419e-02,4.309714281198098848e-04
2.680000000000000160e-01,0.000000000000000000e+00,2.369225013086904801e-03,2.930107848390297622e-03,2.312943887742812885e-03,2.935260312857857976e-03,1.000000000000000000e+00,1.000000000000000000e+00,9.113474149129172433e-04,1.453289666572114966e-03,1.253652548923020384e-04,9.180898600902583171e-04,3.234694986547807793e-02,7.596070396326405627e-03,9.687025265310082733e-02,2.390443418175048143e-02,9.085618142853716652e-04,1.446279679222741386e-03,4.535503101342392568e-03,-1.443048269110498369e-03
2.685000000000000164e-01,0.000000000000000000e+00,2.368732944546416905e-03,2.930634208808509215e-03,2.311747341211937458e-03,2.936312912176285844e-03,1.000000000000000000e+00,1.000000000000000000e+00,9.109704685418425728e-04,1.453816026990326776e-03,-7.538927421492904119e-04,1.052720836423763195e-03,3.270478783061751132e-02,8.744744128342821221e-03,9.900284816562227030e-02,2.792989530197636031e-02,9.085618142853716652e-04,1.446279679222741386e-03,4.535503101342392568e-03,-1.443048269110498369e-03
2.690000000000000169e-01,0.000000000000000000e+00,2.367691638033971036e-03,2.931262944179854543e-03,2.310529381029642702e-03,2.937334190023434266e-03,1.000000000000000000e+00,1.000000000000000000e+00,9.101727814743999475e-04,1.454444762361671670e-03,-1.595374134885165635e-03,1.257470742689751177e-03,3.305748893078865741e-02,9.885653012521625552e-03,9.962276072709272401e-02,3.146827742190642929e-02,9.085618142853716652e-04,1.446279679222741386e-03,4.535503101342392568e-03,-1.443048269110498369e-03
2.695000000000000173e-01,0.000000000000000000e+00,2.366125268675987880e-03,2.932028452003776573e-03,2.309290220091212049e-03,2.938323255172763191e-03,1.000000000000000000e+00,1.000000000000000000e+00,9.089728729318451595e-04,1.455210270185593917e-03,-2.399817085109604963e-03,1.531015647844430165e-03,3.333151847384697303e-02,1.065935926436180174e-02,9.996108483633198150e-02,3.361678443796120574e-02,9.085618142853716652e-04,1.446279679222741386e-03,4.535503101342392568e-03,-1.443048269110498369e-03
2.700000000000000178e-01,0.000000000000000000e+00,2.364053848517645544e-03,2.932953237358677280e-03,2.308030084537794277e-03,2.939279326576701382e-03,1.000000000000000000e+00,1.000000000000000000e+00,9.073860730301824221e-04,1.456135055540494624e-03,-3.173599803325565828e-03,1.849570709801602294e-03,3.309986730316751696e-02,1.045624810377218661e-02,9.841886728649064386e-02,3.230448824921722251e-02,9.071962894275238101e-04,1.451291007657732257e-03,1.226764296533127676e-03,1.060706696536321911e-03
2.705000000000000182e-01,0.000000000000000000e+00,2.361471879190701548e-03,2.934028995081870619e-03,2.306749214255484313e-03,2.940201739581590774e-03,1.000000000000000000e+00,1.000000000000000000e+00,9.054081697749735008e-04,1.457210813263687963e-03,-3.955806510417792313e-03,2.151515446386617018e-03,3.382454665202640209e-02,9.493797887908902652e-03,1.010179434867713305e-01,2.886990376981540818e-02,9.071962894275238101e-04,1.451291007657732257e-03,1.226764296533127676e-03,1.060706696536321911e-03
2.710000000000000187e-01,0.000000000000000000e+00,2.358421897002463928e-03,2.935223766271028226e-03,2.305447863374412293e-03,2.941089952142637333e-03,1.000000000000000000e+00,1.000000000000000000e+00,9.030717478680618318e-04,1.458405584452845353e-03,-4.672843813823338022e-03,2.389542378314770277e-03,3.454036426137862409e-02,8.538425818100499332e-03,1.028006382629698817e-01,2.608353691668435781e-02,9.071962894275238101e-04,1.451291007657732257e-03,1.226764296533127676e-03,1.060706696536321911e-03
2.715000000000000191e-01,0.000000000000000000e+00,2.354945552731975422e-03,2.936506171374108666e-03,2.304126300767826534e-03,2.941943551038855853e-03,1.000000000000000000e+00,1.000000000000000000e+00,9.004087136572860471e-04,1.459687989555925793e-03,-5.326068421551494007e-03,2.564810206160674302e-03,3.524750461646245642e-02,7.590003581869028335e-03,1.045908979546140150e-01,2.329112773107715889e-02,9.071962894275238101e-04,1.451291007657732257e-03,1.226764296533127676e-03,1.060706696536321911e-03
2.720000000000000195e-01,0.000000000000000000e+00,2.351083626447670119e-03,2.937845402999876652e-03,2.302784810551180856e-03,2.942762258088017346e-03,1.000000000000000000e+00,1.000000000000000000e+00,8.974503064874585082e-04,1.461027221181693996e-03,-5.916814339655074306e-03,2.678463251536498512e-03,3.524483949329682009e-02,7.169445464424249043e-03,1.036649167172317282e-01,2.251633202965435884e-02,9.101893688394528453e-04,1.461309136982881030e-03,1.397820437810666765e-03,3.564236871790010981e-03
2.725000000000000200e-01,0.000000000000000000e+00,2.346840905971379725e-03,2.939227503969964270e-03,2.301423692565463669e-03,2.943545936226686123e-03,1.000000000000000000e+00,1.000000000000000000e+00,8.942001940428891214e-04,1.462409322151781614e-03,-6.500224889138690385e-03,2.764201940175170773e-03,3.518316250188512767e-02,5.972705526519380206e-03,1.031195600159016817e-01,1.826448800849269152e-02,9.101893688394528453e-04,1.461309136982881030e-03,1.397820437810666765e-03,3.564236871790010981e-03
2.730000000000000204e-01,0.000000000000000000e+00,2.342219210086233117e-03,2.940614414921535746e-03,2.300043262497462014e-03,2.944294592480524789e-03,1.000000000000000000e+00,1.000000000000000000e+00,8.906597695922868416e-04,1.463796233103353090e-03,-7.080848901204633318e-03,2.773821903143020105e-03,3.512110659694462483e-02,4.784394843353505927e-03,1.026245794053186888e-01,1.467523961403935720e-02,9.101893688394528453e-04,1.461309136982881030e-03,1.397820437810666765e-03,3.564236871790010981e-03
2.735000000000000209e-01,0.000000000000000000e+00,2.337220360408107968e-03,2.941968781954114841e-03,2.298643851146098000e-03,2.945008373620887528e-03,1.000000000000000000e+00,1.000000000000000000e+00,8.868304285743720816e-04,1.465150600135932185e-03,-7.658682035829426221e-03,2.708734065158093299e-03,3.505867118831865886e-02,3.604357171587535720e-03,1.021299222581825983e-01,1.107879549922870244e-02,9.101893688394528453e-04,1.461309136982881030e-03,1.397820437810666765e-03,3.564236871790010981e-03
2.740000000000000213e-01,0.000000000000000000e+00,2.331846181116604619e-03,2.943253947778026909e-03,2.297225803377288267e-03,2.945687559153510604e-03,1.000000000000000000e+00,1.000000000000000000e+00,8.827135683917909127e-04,1.466435765959844036e-03,-8.233720365162301366e-03,2.570331647823854374e-03,3.366311974452241423e-02,3.489919254460067781e-03,9.645969515884135481e-02,1.158218615073409660e-02,8.869941011222954317e-04,1.468885598748332450e-03,-6.842190283605097470e-03,3.706264461556987855e-03
2.745000000000000218e-01,0.000000000000000000e+00,2.326031727642711815e-03,2.944466994591450615e-03,2.295789477068216865e-03,2.946332554216616901e-03,1.000000000000000000e+00,1.000000000000000000e+00,8.782594386183411326e-04,1.467648812773267959e-03,-8.908259546899549922e-03,2.426093626847681661e-03,3.471834323261870081e-02,3.306497983352978728e-03,1.013929272667236092e-01,1.090549893543874514e-02,8.869941011222954317e-04,1.468885598748332450e-03,-6.842190283605097470e-03,3.706264461556987855e-03
2.750000000000000222e-01,0.000000000000000000e+00,2.319835646119540809e-03,2.945602890617226091e-03,2.294335242051614640e-03,2.946943882479034771e-03,1.000000000000000000e+00,1.000000000000000000e+00,8.735129647984041538e-04,1.468784708799043652e-03,-9.492947639873934931e-03,2.271792051551481308e-03,3.576134876415929670e-02,3.124191132675234635e-03,1.042340300447075901e-01,1.028770007266300787e-02,8.869941011222954317e-04,1.468885598748332450e-03,-6.842190283605097470e-03,3.706264461556987855e-03
2.755000000000000226e-01,0.000000000000000000e+00,2.313315331885829832e-03,2.946656706165265340e-03,2.292863479060033849e-03,2.947522179038311249e-03,1.000000000000000000e+00,1.000000000000000000e+00,8.685181143122802172e-04,1.469838524347082684e-03,-9.989700972247814170e-03,2.107631096078117685e-03,3.679239692156514169e-02,2.942976092538845002e-03,1.070855628074808413e-01,9.668949873379080462e-03,8.869941011222954317e-04,1.468885598748332450e-03,-6.842190283605097470e-03,3.706264461556987855e-03
2.760000000000000231e-01,0.000000000000000000e+00,2.306526950578400431e-03,2.947623612297707238e-03,2.291374578670134048e-03,2.948068183318831772e-03,1.000000000000000000e+00,1.000000000000000000e+00,8.633179125339510195e-04,1.470805430479524582e-03,-1.040040355665848397e-02,1.933812264883822806e-03,3.879361807171865378e-02,2.730499108202123423e-03,1.137605689002567227e-01,8.923703306003262503e-03,8.847593344635611666e-04,1.469131711635201110e-03,-3.212269420118035648e-03,1.434264436548475302e-03
2.765000000000000235e-01,0.000000000000000000e+00,2.299574651513645526e-03,2.948497868985983008e-03,2.289868940246948467e-03,2.948582731969923848e-03,1.000000000000000000e+00,1.000000000000000000e+00,8.579921424684942713e-04,1.471679687167800352e-03,-1.065154013091359174e-02,1.748513376551576095e-03,3.973626254890046117e-02,3.192627103342198479e-03,1.155804914396596494e-01,1.082014318992729172e-02,8.847593344635611666e-04,1.469131711635201110e-03,-3.212269420118035648e-03,1.434264436548475302e-03
2.770000000000000240e-01,0.000000000000000000e+00,2.292508356086962826e-03,2.949294898275689816e-03,2.288346970888173806e-03,2.949066751763987186e-03,1.000000000000000000e+00,1.000000000000000000e+00,8.525790461234470860e-04,1.472476716457507160e-03,-1.082619269009429085e-02,1.594058579413511288e-03,4.066850672502580338e-02,3.651339477692813664e-03,1.183040788879246297e-01,1.214069956643803495e-02,8.847593344635611666e-04,1.469131711635201110e-03,-3.212269420118035648e-03,1.434264436548475302e-03
2.775000000000000244e-01,0.000000000000000000e+00,2.285376897073719549e-03,2.950029844886278407e-03,2.286809084368439209e-03,2.949521252494596499e-03,1.000000000000000000e+00,1.000000000000000000e+00,8.471160315750213233e-04,1.473211663068095751e-03,-1.092602909685145424e-02,1.469893221177036432e-03,4.159057739616015686e-02,4.106697652480147467e-03,1.210365446605909667e-01,1.346417172290900396e-02,8.847593344635611666e-04,1.469131711635201110e-03,-3.212269420118035648e-03,1.434264436548475302e-03
2.780000000000000249e-01,0.000000000000000000e+00,2.278228037113998704e-03,2.950717579638511938e-03,2.285255700083586514e-03,2.949947319874620787e-03,1.000000000000000000e+00,1.000000000000000000e+00,8.416396871282413872e-04,1.473899397820329282e-03,-1.095268889355992085e-02,1.375469504467172720e-03,4.052055419087199906e-02,3.920023522076413261e-03,1.160797237900103307e-01,1.230986281480416118e-02,8.568903901400885467e-04,1.467802194525437030e-03,-1.001088249920641798e-02,1.033396716719513827e-04
2.785000000000000253e-01,0.000000000000000000e+00,2.271009180079824365e-03,2.951352739024565471e-03,2.283687241994952245e-03,2.950346108434340458e-03,1.000000000000000000e+00,1.000000000000000000e+00,8.361097218115415546e-04,1.474534557206383031e-03,-1.105993063339964950e-02,1.270318772107532955e-03,4.149818587394917685e-02,4.134317892840093725e-03,1.207333151290243128e-01,1.325624350964634511e-02,8.568903901400885467e-04,1.467802194525437030e-03,-1.001088249920641798e-02,1.033396716719513827e-04
2.790000000000000258e-01,0.000000000000000000e+00,2.263770938370488969e-03,2.951942560162094595e-03,2.282104137573635720e-03,2.950718834419555764e-03,1.000000000000000000e+00,1.000000000000000000e+00,8.305649069721531951e-04,1.475124378343911939e-03,-1.108962967877673983e-02,1.179642275057817512e-03,4.246527329668180889e-02,4.347009412064886322e-03,1.236389047263399960e-01,1.386033330264307972e-02,8.568903901400885467e-04,1.467802194525437030e-03,-1.001088249920641798e-02,1.033396716719513827e-04
2.795000000000000262e-01,0.000000000000000000e+00,2.256562809791535194e-03,2.952494151059077959e-03,2.280506816744787973e-03,2.951066768689707825e-03,1.000000000000000000e+00,1.000000000000000000e+00,8.250431601289585090e-04,1.475675969240895303e-03,-1.104349368638930448e-02,1.103181793966776826e-03,4.342204866633238292e-02,4.558126674510769305e-03,1.265534955403899986e-01,1.446579138640872661e-02,8.568903901400885467e-04,1.467802194525437030e-03,-1.001088249920641798e-02,1.033396716719513827e-04
2.800000000000000266e-01,0.000000000000000000e+00,2.249433196537230402e-03,2.953014492202976626e-03,2.278895710831884205e-03,2.951391229615995745e-03,1.000000000000000000e+00,1.000000000000000000e+00,8.195815595139113296e-04,1.476196310384793754e-03,-1.092320123009426006e-02,1.040682287796717035e-03,4.510950484328360433e-02,4.627067243905733616e-03,1.323537674640726802e-01,1.452643156165587222e-02,8.471518695145258994e-04,1.475767720279297802e-03,-6.750740839258207934e-03,2.563160473251785941e-03
2.805000000000000271e-01,0.000000000000000000e+00,2.242466536727446592e-03,2.953506042713162274e-03,2.277271251500997094e-03,2.951693575979475945e-03,1.000000000000000000e+00,1.000000000000000000e+00,8.142447884795258033e-04,1.476687860894979618e-03,-1.067354206877104209e-02,9.831010203717141949e-04,4.587095592164465441e-02,3.936606572559593099e-03,1.340023155114702658e-01,1.176130105397519415e-02,8.471518695145258994e-04,1.475767720279297802e-03,-6.750740839258207934e-03,2.563160473251785941e-03
2.810000000000000275e-01,0.000000000000000000e+00,2.235699874635855341e-03,2.953947501239792030e-03,2.275633869705084855e-03,2.951975199869198794e-03,1.000000000000000000e+00,1.000000000000000000e+00,8.090612245857985510e-04,1.477129319421609374e-03,-1.036712778745441793e-02,8.829170532594751621e-04,4.662468943531127008e-02,3.250863649770955894e-03,1.364413573741852237e-01,9.644441257831761274e-03,8.471518695145258994e-04,1.475767720279297802e-03,-6.750740839258207934e-03,2.563160473251785941e-03
2.815000000000000280e-01,0.000000000000000000e+00,2.229169414458962405e-03,2.954317967255730513e-03,2.273983994628261951e-03,2.952237519580309250e-03,1.000000000000000000e+00,1.000000000000000000e+00,8.040586018562798391e-04,1.477499785437547857e-03,-1.000524545903737177e-02,7.409320318768027654e-04,4.737088040053431814e-02,2.569749702726443954e-03,1.388869874157012962e-01,7.523554106911765904e-03,8.471518695145258994e-04,1.475767720279297802e-03,-6.750740839258207934e-03,2.563160473251785941e-03
2.820000000000000284e-01,0.000000000000000000e+00,2.222910534748340043e-03,2.954596935990757428e-03,2.272322052630075008e-03,2.952481972512163103e-03,1.000000000000000000e+00,1.000000000000000000e+00,7.992640218338074908e-04,1.477778754172574989e-03,-9.589160044944658456e-03,5.579374700542038884e-04,4.778105587130847265e-02,2.525201467003979679e-03,1.400627108560812129e-01,7.853283418381448375e-03,8.289718669613150908e-04,1.477008915872495822e-03,-8.233992647490882832e-03,1.331442295681937440e-03
2.825000000000000289e-01,0.000000000000000000e+00,2.216941337265192821e-03,2.954784047381253664e-03,2.270648466189788706e-03,2.952710008066447567e-03,1.000000000000000000e+00,1.000000000000000000e+00,7.946913512719629450e-04,1.477965865563071225e-03,-9.145341123689155680e-03,3.742227809923836211e-04,4.866754865503974958e-02,2.841748783588108739e-03,1.433897781201423915e-01,9.041664602350779970e-03,8.289718669613150908e-04,1.477008915872495822e-03,-8.233992647490882832e-03,1.331442295681937440e-03
2.830000000000000293e-01,0.000000000000000000e+00,2.211303544289265101e-03,2.954890242031171961e-03,2.268963652850656924e-03,2.952923080545291016e-03,1.000000000000000000e+00,1.000000000000000000e+00,7.903725512912984337e-04,1.478072060212989522e-03,-8.637599961328954953e-03,2.123892998363953791e-04,4.954534928850871239e-02,3.155873013424401793e-03,1.463102321910424997e-01,9.921792839039853679e-03,8.289718669613150908e-04,1.477008915872495822e-03,-8.233992647490882832e-03,1.331442295681937440e-03
2.835000000000000298e-01,0.000000000000000000e+00,2.206037919902400883e-03,2.954926266768094674e-03,2.267268024164202124e-03,2.953122642049379239e-03,1.000000000000000000e+00,1.000000000000000000e+00,7.863388489901891642e-04,1.478108084949912235e-03,-8.067404602218433349e-03,7.204947384531091713e-05,5.041465739647665867e-02,3.467617073426527106e-03,1.492381064057784479e-01,1.080398956875457117e-02,8.289718669613150908e-04,1.477008915872495822e-03,-8.233992647490882832e-03,1.331442295681937440e-03
2.840000000000000302e-01,0.000000000000000000e+00,2.201184286510215853e-03,2.954902677019428502e-03,2.265561984634494302e-03,2.953310135376071253e-03,1.000000000000000000e+00,1.000000000000000000e+00,7.826207501011692592e-04,1.478084495201245846e-03,-7.436197778039721484e-03,-4.717949733297778221e-05,5.061899223398649839e-02,3.283742210336377740e-03,1.496229202208116948e-01,9.772481746377410794e-03,8.080401330386519218e-04,1.485291839639342124e-03,-9.649154276739154226e-03,3.113187743150374037e-03
2.845000000000000306e-01,0.000000000000000000e+00,2.196748641111246660e-03,2.954814421629586765e-03,2.263845930662427772e-03,2.953486986917513817e-03,1.000000000000000000e+00,1.000000000000000000e+00,7.792228485916422552e-04,1.477996239811404109e-03,-6.795803019054066051e-03,-1.765107796834846613e-04,5.129072114300730484e-02,2.542200123575567416e-03,1.523954472997793852e-01,6.993929365153884851e-03,8.080401330386519218e-04,1.485291839639342124e-03,-9.649154276739154226e-03,3.113187743150374037e-03
2.850000000000000311e-01,0.000000000000000000e+00,2.192760280368400566e-03,2.954639085580574968e-03,2.262120249489999249e-03,2.953654599558755076e-03,1.000000000000000000e+00,1.000000000000000000e+00,7.761675870074310774e-04,1.477820903762392312e-03,-6.110523168422402410e-03,-3.506720980236750123e-04,5.195634657451571325e-02,1.805622436704337188e-03,1.547689786027973413e-01,4.691435368477069046e-03,8.080401330386519218e-04,1.485291839639342124e-03,-9.649154276739154226e-03,3.113187743150374037e-03
2.855000000000000315e-01,0.000000000000000000e+00,2.189247803787426443e-03,2.954354679529324484e-03,2.260385318144585501e-03,2.953814345575860815e-03,1.000000000000000000e+00,1.000000000000000000e+00,7.734768738409907160e-04,1.477536497711141828e-03,-5.381426332880656985e-03,-5.688121025010216963e-04,5.261601376973111532e-02,1.073914872726905965e-03,1.571477202024246789e-01,2.384703460566879075e-03,8.080401330386519218e-04,1.485291839639342124e-03,-9.649154276739154226e-03,3.113187743150374037e-03
2.860000000000000320e-01,0.000000000000000000e+00,2.186239125857699674e-03,2.953939634404328593e-03,2.258641502383221429e-03,2.953967559534029404e-03,1.000000000000000000e+00,1.000000000000000000e+00,7.711720928317885703e-04,1.477121452586145720e-03,-4.609562018404255758e-03,-8.300902499923772928e-04,5.243322099869642677e-02,7.928651584089032017e-04,1.562823052853539729e-01,1.805463722862945489e-03,7.860959501714107371e-04,1.476174500800678290e-03,-1.048798731080176870e-02,-1.751296701197850494e-03
2.865000000000000324e-01,0.000000000000000000e+00,2.183719571503858758e-03,2.953386732090652542e-03,2.256889155636877722e-03,2.954115531185705010e-03,1.000000000000000000e+00,1.000000000000000000e+00,7.692420022198927319e-04,1.476568550272469886e-03,-3.860181223791670814e-03,-1.105804627351697012e-03,5.255944462758092850e-02,1.990043648297979469e-03,1.573243061962368294e-01,6.576242902901568987e-03,7.860959501714107371e-04,1.476174500800678290e-03,-1.048798731080176870e-02,-1.751296701197850494e-03
2.870000000000000329e-01,0.000000000000000000e+00,2.181690062785810423e-03,2.952735056159936245e-03,2.255128617954738068e-03,2.954259498368695148e-03,1.000000000000000000e+00,1.000000000000000000e+00,7.676873083441700454e-04,1.475916874341753589e-03,-3.109387751445468265e-03,-1.303351861432486660e-03,5.268547616046063975e-02,3.178566045259758038e-03,1.581025120660991545e-01,1.008511731067442477e-02,7.860959501714107371e-04,1.476174500800678290e-03,-1.048798731080176870e-02,-1.751296701197850494e-03
2.875000000000000333e-01,0.000000000000000000e+00,2.180151445860182072e-03,2.952022976375065760e-03,2.253360214948478112e-03,2.954400639904283463e-03,1.000000000000000000e+00,1.000000000000000000e+00,7.665086593982039544e-04,1.475204794556883104e-03,-2.357297891932243292e-03,-1.424159569740983703e-03,5.281133141053395708e-02,4.358590441163539587e-03,1.588808819206998790e-01,1.360138108156662071e-02,7.860959501714107371e-04,1.476174500800678290e-03,-1.048798731080176870e-02,-1.751296701197850494e-03
2.880000000000000338e-01,0.000000000000000000e+00,2.179104492559245845e-03,2.951288157581387871e-03,2.251584256736542233e-03,2.954540068495343369e-03,1.000000000000000000e+00,1.000000000000000000e+00,7.657066466398164579e-04,1.474469975763205215e-03,-1.604025516775096482e-03,-1.469637587355668643e-03,5.332024072088097782e-02,5.128062833301953553e-03,1.611476786048893772e-01,1.556285175173656443e-02,7.821003837419162642e-04,1.476647641105698896e-03,-5.104614695814793310e-03,-4.908525632923981408e-04
2.884999999999999787e-01,0.000000000000000000e+00,2.178569101288336217e-03,2.950554997407326633e-03,2.249801036888422496e-03,2.954678823624458210e-03,1.000000000000000000e+00,1.000000000000000000e+00,7.652965131318416499e-04,1.473736815589143977e-03,-8.202670159495513164e-04,-1.466320348122563235e-03,5.228926853199300506e-02,5.516372914458732984e-03,1.571232002819827611e-01,1.641547479887463246e-02,7.821003837419162642e-04,1.476647641105698896e-03,-5.104614695814793310e-03,-4.908525632923981408e-04
2.889999999999999791e-01,0.000000000000000000e+00,2.178487731888909505e-03,2.949835696345238893e-03,2.248010831368934571e-03,2.954817864452029264e-03,1.000000000000000000e+00,1.000000000000000000e+00,7.652341805555710899e-04,1.473017514527056454e-03,-1.246651525411396995e-04,-1.438602124175230841e-03,5.127028388806287307e-02,5.901980873184719222e-03,1.544132577033394405e-01,1.759348098906643107e-02,7.821003837419162642e-04,1.476647641105698896e-03,-5.104614695814793310e-03,-4.908525632923981408e-04
2.894999999999999796e-01,0.000000000000000000e+00,2.178804062385400562e-03,2.949142226995030060e-03,2.246213897482502754e-03,2.954958062714429286e-03,1.000000000000000000e+00,1.000000000000000000e+00,7.654765037745969768e-04,1.472324045176847404e-03,4.846464380516666984e-04,-1.386938700418022729e-03,5.026303300071774394e-02,6.284937182304189962e-03,1.516930818331468367e-01,1.877379387397624250e-02,7.821003837419162642e-04,1.476647641105698896e-03,-5.104614695814793310e-03,-4.908525632923981408e-04
2.899999999999999800e-01,0.000000000000000000e+00,2.179462968490659264e-03,2.948486336934237617e-03,2.244410472855941537e-03,2.955100195862961267e-03,1.000000000000000000e+00,1.000000000000000000e+00,7.659812551350673668e-04,1.471668155116054961e-03,1.009502720940757842e-03,-1.311780121584939836e-03,5.030898736860156539e-02,6.474794316136772872e-03,1.530085799072658514e-01,1.921654331645414673e-02,7.632255082932864467e-04,1.475641297314235706e-03,-7.851922130750529222e-03,-4.986638663114753480e-04
2.904999999999999805e-01,0.000000000000000000e+00,2.180462694413276212e-03,2.947873597551997626e-03,2.242600774983888670e-03,2.955244943722260594e-03,1.000000000000000000e+00,1.000000000000000000e+00,7.667470896227304841e-04,1.471055415733814754e-03,1.531668975326150057e-03,-1.225478764480293853e-03,5.120082222800181881e-02,6.669385887606148200e-03,1.567086903400360665e-01,1.984731298367933827e-02,7.632255082932864467e-04,1.475641297314235706e-03,-7.851922130750529222e-03,-4.986638663114753480e-04
2.909999999999999809e-01,0.000000000000000000e+00,2.181843845370327276e-03,2.947309658536947582e-03,2.240785001747219469e-03,2.955392891234693079e-03,1.000000000000000000e+00,1.000000000000000000e+00,7.678051126384878231e-04,1.470491476718764710e-03,2.116046031514744706e-03,-1.127878030100252929e-03,5.208419765876086405e-02,6.862726185770473206e-03,1.596867061557687151e-01,2.047404104932307872e-02,7.632255082932864467e-04,1.475641297314235706e-03,-7.851922130750529222e-03,-4.986638663114753480e-04
2.914999999999999813e-01,0.000000000000000000e+00,2.183646087358678475e-03,2.946800059242436765e-03,2.238963332188780887e-03,2.955544532814412869e-03,1.000000000000000000e+00,1.000000000000000000e+00,7.691857100988198350e-04,1.469981877424253892e-03,2.761194920663935081e-03,-1.019198589021427142e-03,5.295930933195003992e-02,7.054839647304003182e-03,1.626719434501218420e-01,2.110183727734564821e-02,7.632255082932864467e-04,1.475641297314235706e-03,-7.851922130750529222e-03,-4.986638663114753480e-04
2.919999999999999818e-01,0.000000000000000000e+00,2.185908163382399919e-03,2.946350230105256388e-03,2.237135927294068259e-03,2.955700276732262446e-03,1.000000000000000000e+00,1.000000000000000000e+00,7.709185608667042024e-04,1.469532048287073948e-03,3.465701535768719605e-03,-8.996582743597314512e-04,5.314358725886116075e-02,7.084272403978861612e-03,1.630126184104485620e-01,2.110355514100524174e-02,7.613633708285055248e-04,1.475720147611657516e-03,-3.463625661601451699e-03,-1.574784678069879838e-04
2.924999999999999822e-01,0.000000000000000000e+00,2.188633702536828783e-03,2.945960447044516060e-03,2.235302930771905505e-03,2.955860449500663512e-03,1.000000000000000000e+00,1.000000000000000000e+00,7.730064449904578035e-04,1.469142265226333404e-03,4.175768247507190799e-03,-7.795661214810539318e-04,5.207112198817610144e-02,7.012109704077003174e-03,1.590652033238482699e-01,2.084982215319453047e-02,7.613633708285055248e-04,1.475720147611657516e-03,-3.463625661601451699e-03,-1.574784678069879838e-04
2.929999999999999827e-01,0.000000000000000000e+00,2.191763275420672598e-03,2.945627800590315537e-03,2.233464469835103224e-03,2.956025300258499633e-03,1.000000000000000000e+00,1.000000000000000000e+00,7.754038369074624151e-04,1.468809618772133098e-03,4.794783834009222305e-03,-6.652929084006237647e-04,5.101103785507994648e-02,6.940591383405593159e-03,1.561906200463324401e-01,2.068281717607243705e-02,7.613633708285055248e-04,1.475720147611657516e-03,-3.463625661601451699e-03,-1.574784678069879838e-04
2.934999999999999831e-01,0.000000000000000000e+00,2.195238718170094971e-03,2.945349428766222931e-03,2.231620655981144535e-03,2.956195005156017977e-03,1.000000000000000000e+00,1.000000000000000000e+00,7.780661805130354011e-04,1.468531246948040492e-03,5.324687211146015425e-03,-5.567436481853313152e-04,4.996307120567371196e-02,6.869706923277551364e-03,1.533054674828531194e-01,2.051526211796572685e-02,7.613633708285055248e-04,1.475720147611657516e-03,-3.463625661601451699e-03,-1.574784678069879838e-04
2.939999999999999836e-01,0.000000000000000000e+00,2.199003111128068275e-03,2.945122516532728586e-03,2.229771585772850548e-03,2.956369671739707619e-03,1.000000000000000000e+00,1.000000000000000000e+00,7.809498728202068094e-04,1.468304334714545713e-03,5.767384614342868643e-03,-4.538244669893725975e-04,5.059832697215457115e-02,6.283267540088018077e-03,1.569009813154365607e-01,1.834250443040564768e-02,7.710589459274307068e-04,1.463434651959281052e-03,1.806381250608794916e-03,-3.952550387480107015e-03
2.944999999999999840e-01,0.000000000000000000e+00,2.203084494410208205e-03,2.944928162044101964e-03,2.227917341619051021e-03,2.956549343337195636e-03,1.000000000000000000e+00,1.000000000000000000e+00,7.840763938037288629e-04,1.468109980225919308e-03,6.253041967044170417e-03,-3.887089772526955748e-04,4.968415046842442756e-02,6.871782875289056403e-03,1.530648134778854752e-01,2.115672232840066710e-02,7.710589459274307068e-04,1.463434651959281052e-03,1.806381250608794916e-03,-3.952550387480107015e-03
2.949999999999999845e-01,0.000000000000000000e+00,2.207432918455587249e-03,2.944784402844227364e-03,2.226057992555263709e-03,2.956734003442137992e-03,1.000000000000000000e+00,1.000000000000000000e+00,7.874074798800167509e-04,1.467966221026044925e-03,6.662172152575670039e-03,-2.875183997487485961e-04,4.878038013357529484e-02,7.456303318276096513e-03,1.505513344988727298e-01,2.296792799721924724e-02,7.710589459274307068e-04,1.463434651959281052e-03,1.806381250608794916e-03,-3.952550387480107015e-03
2.954999999999999849e-01,0.000000000000000000e+00,2.211999505593834243e-03,2.944708936141376965e-03,2.224193595024361557e-03,2.956923580099109130e-03,1.000000000000000000e+00,1.000000000000000000e+00,7.909056885812890516e-04,1.467890754323194526e-03,6.996417402544545874e-03,-1.509334057005923832e-04,4.788679265685261144e-02,8.036904245391583018e-03,1.480289721863295715e-01,2.478254394703176960e-02,7.710589459274307068e-04,1.463434651959281052e-03,1.806381250608794916e-03,-3.952550387480107015e-03
2.959999999999999853e-01,0.000000000000000000e+00,2.216736431934618681e-03,2.944719123115125889e-03,2.222324193657249439e-03,2.957117950288493287e-03,1.000000000000000000e+00,1.000000000000000000e+00,7.945343846821108788e-04,1.467900941296943016e-03,7.257392201643618999e-03,2.037394749699437285e-05,4.793148631255571279e-02,8.762156381019799156e-03,1.491031882292550292e-01,2.717721502853453000e-02,7.856834148924626360e-04,1.461644690355057199e-03,5.297470413537229937e-03,-2.013841236549652851e-03
2.964999999999999858e-01,0.000000000000000000e+00,2.221643418939149572e-03,2.944836634443762438e-03,2.220449822053529622e-03,2.957316944311368448e-03,1.000000000000000000e+00,1.000000000000000000e+00,7.982933548093888417e-04,1.468018452625579999e-03,7.517940254555867570e-03,2.350226572741321890e-04,4.692946666054923638e-02,8.913780899022184442e-03,1.453111265820327680e-01,2.723926809789220527e-02,7.856834148924626360e-04,1.461644690355057199e-03,5.297470413537229937e-03,-2.013841236549652851e-03
2.969999999999999862e-01,0.000000000000000000e+00,2.226667730924475775e-03,2.945064947882076491e-03,2.218570503562181974e-03,2.957520350174405472e-03,1.000000000000000000e+00,1.000000000000000000e+00,8.021422010862442730e-04,1.468246766063893618e-03,7.697692553710845306e-03,4.566268766272711145e-04,4.593843362008951520e-02,9.064635176041958495e-03,1.424126025594029954e-01,2.779100430692028542e-02,7.856834148924626360e-04,1.461644690355057199e-03,5.297470413537229937e-03,-2.013841236549652851e-03
2.974999999999999867e-01,0.000000000000000000e+00,2.231757782549164369e-03,2.945407464110042645e-03,2.216686252062231594e-03,2.957727917974750740e-03,1.000000000000000000e+00,1.000000000000000000e+00,8.060414068485254263e-04,1.468589282291859772e-03,7.798411524562311875e-03,6.850324559324167360e-04,4.495814753645534234e-02,9.214736282339260759e-03,1.395046997023669522e-01,2.834339804011748454e-02,7.856834148924626360e-04,1.461644690355057199e-03,5.297470413537229937e-03,-2.013841236549652851e-03
2.979999999999999871e-01,0.000000000000000000e+00,2.236863119278694086e-03,2.945867507777033979e-03,2.214797072743423384e-03,2.957939364284923982e-03,1.000000000000000000e+00,1.000000000000000000e+00,8.099523216804333349e-04,1.469049325958851323e-03,7.821829663815919528e-03,9.200873339829971709e-04,4.403724113201325230e-02,1.010725544267498596e-02,1.367774105012539154e-01,3.178259393016604623e-02,7.956069148090847386e-04,1.472348791555241334e-03,5.084600583258892456e-03,2.656640173521559577e-03
2.984999999999999876e-01,0.000000000000000000e+00,2.241936846491666621e-03,2.946471555877549706e-03,2.212902962886895315e-03,2.958154376537700924e-03,1.000000000000000000e+00,1.000000000000000000e+00,8.138390222178324036e-04,1.469653374059367267e-03,7.773401074798175561e-03,1.208096201031790690e-03,4.315798351811830913e-02,9.569096607177826272e-03,1.341232386955696909e-01,2.905452351761918586e-02,7.956069148090847386e-04,1.472348791555241334e-03,5.084600583258892456e-03,2.656640173521559577e-03
2.989999999999999880e-01,0.000000000000000000e+00,2.246934705071504564e-03,2.947201045267216178e-03,2.211003912645846496e-03,2.958372617411009382e-03,1.000000000000000000e+00,1.000000000000000000e+00,8.176676040104116769e-04,1.470382863449033739e-03,7.657163585158474443e-03,1.458978779332861147e-03,4.228794656268500263e-02,9.035049072055311228e-03,1.314335129697256077e-01,2.754776615090582387e-02,7.956069148090847386e-04,1.472348791555241334e-03,5.084600583258892456e-03,2.656640173521559577e-03
2.994999999999999885e-01,0.000000000000000000e+00,2.251813421105645224e-03,2.948037742929614236e-03,2.209099905826216077e-03,2.958593729212815378e-03,1.000000000000000000e+00,1.000000000000000000e+00,8.214049173179203793e-04,1.471219561111431796e-03,7.474626615017452604e-03,1.673395324796307952e-03,4.142692501467282878e-02,8.505039721721098511e-03,1.287359159335634828e-01,2.603749913017002621e-02,7.956069148090847386e-04,1.472348791555241334e-03,5.084600583258892456e-03,2.656640173521559577e-03
2.999999999999999889e-01,0.000000000000000000e+00,2.256530689052505673e-03,2.948963741919465725e-03,2.207190920667349582e-03,2.958817338266015763e-03,1.000000000000000000e+00,1.000000000000000000e+00,8.250185542153161715e-04,1.472145560101283286e-03,7.227273794791511455e-03,1.851997979702870887e-03,4.098005559269037729e-02,7.148570533242496958e-03,1.276048197086179503e-01,2.129869311460092646e-02,8.100821771753005272e-04,1.459500767198615261e-03,6.449769881820552504e-03,-3.101117195326674562e-03
3.004999999999999893e-01,0.000000000000000000e+00,2.261065462923762294e-03,2.949935502327499792e-03,2.205276930622676514e-03,2.959043059293329104e-03,1.000000000000000000e+00,1.000000000000000000e+00,8.284923925401937181e-04,1.473117320509316919e-03,6.947676649755034350e-03,1.943520816067060512e-03,4.010237073783620709e-02,7.556989194970295184e-03,1.244300091995496071e-01,2.408217760349209632e-02,8.100821771753005272e-04,1.459500767198615261e-03,6.449769881820552504e-03,-3.101117195326674562e-03
3.009999999999999898e-01,0.000000000000000000e+00,2.265375377973103364e-03,2.950965147027509797e-03,2.203357905140379720e-03,2.959270499802182236e-03,1.000000000000000000e+00,1.000000000000000000e+00,8.317939790140561809e-04,1.474146965209326924e-03,6.603172947724972319e-03,2.059289400020101416e-03,3.923351188057924710e-02,7.962722924955444037e-03,1.216229687338069854e-01,2.535904735296017065e-02,8.100821771753005272e-04,1.459500767198615261e-03,6.449769881820552504e-03,-3.101117195326674562e-03
3.014999999999999902e-01,0.000000000000000000e+00,2.269419029749200449e-03,2.952064567449449312e-03,2.201433810444067794e-03,2.959499264469604186e-03,1.000000000000000000e+00,1.000000000000000000e+00,8.348915959870432859e-04,1.475246385631266439e-03,6.195233945974165830e-03,2.198840843879209649e-03,3.837327895926535143e-02,8.365822982571494842e-03,1.188083938640688980e-01,2.663820912213779590e-02,8.100821771753005272e-04,1.459500767198615261e-03,6.449769881820552504e-03,-3.101117195326674562e-03
3.019999999999999907e-01,0.000000000000000000e+00,2.273155957600362081e-03,2.953245426524596200e-03,2.199504610313449647e-03,2.959728959527115327e-03,1.000000000000000000e+00,1.000000000000000000e+00,8.377542488017623032e-04,1.476427244706413761e-03,5.725305629438032055e-03,2.361718150294517347e-03,3.740392595995689629e-02,9.787005988361727193e-03,1.155299334772122710e-01,3.188353925655985216e-02,8.179186759688375974e-04,1.477998838862401966e-03,4.844611996412276009e-03,4.729728193717758732e-03
3.024999999999999911e-01,0.000000000000000000e+00,2.276540739125748093e-03,2.954551062589585129e-03,2.197570266865005607e-03,2.959959197145617393e-03,1.000000000000000000e+00,1.000000000000000000e+00,8.403471418804563543e-04,1.477732880771402474e-03,5.185786157388142838e-03,2.611272129977216909e-03,3.688231606363834986e-02,8.807652888370150895e-03,1.140467555826961132e-01,2.697418254700977014e-02,8.179186759688375974e-04,1.477998838862401966e-03,4.844611996412276009e-03,4.729728193717758732e-03
3.029999999999999916e-01,0.000000000000000000e+00,2.279550952272718124e-03,2.955949266976896569e-03,2.195630741332660254e-03,2.960189599820284376e-03,1.000000000000000000e+00,1.000000000000000000e+00,8.426530989342963674e-04,1.479131085158714130e-03,4.611914107680104360e-03,2.796408774623474532e-03,3.636537743293476177e-02,7.835433251555267223e-03,1.121813571644448698e-01,2.411406827462942229e-02,8.179186759688375974e-04,1.477998838862401966e-03,4.844611996412276009e-03,4.729728193717758732e-03
3.034999999999999920e-01,0.000000000000000000e+00,2.282164712209600477e-03,2.957408418000628814e-03,2.193685994848454824e-03,2.960419804755450805e-03,1.000000000000000000e+00,1.000000000000000000e+00,8.446553552095919203e-04,1.480590236182446374e-03,4.004512550591175085e-03,2.918302047464275788e-03,3.585299814669937885e-02,6.870217075279205256e-03,1.103119710720609908e-01,2.124786444774062408e-02,8.179186759688375974e-04,1.477998838862401966e-03,4.844611996412276009e-03,4.729728193717758732e-03
3.039999999999999925e-01,0.000000000000000000e+00,2.284360661952735717e-03,2.958897473652901886e-03,2.191735989223218741e-03,2.960649468249504368e-03,1.000000000000000000e+00,1.000000000000000000e+00,8.463375503076891321e-04,1.482079291834719230e-03,3.364390196194346882e-03,2.978111304545726177e-03,3.654057945702832849e-02,5.685946739309350600e-03,1.130816523459533401e-01,1.749824963709037395e-02,8.439909335457863307e-04,1.476574157821613012e-03,1.003859634292353538e-02,1.279082796624936551e-03
3.044999999999999929e-01,0.000000000000000000e+00,2.286177859127688609e-03,2.960378902935992956e-03,2.189780687727244188e-03,2.960878270079774638e-03,1.000000000000000000e+00,1.000000000000000000e+00,8.477296041056134887e-04,1.483560721117810300e-03,2.784107595848614881e-03,2.962858566182238751e-03,3.564991065806863424e-02,5.539151257287761379e-03,1.087291889251242455e-01,1.793255070814354923e-02,8.439909335457863307e-04,1.476574157821613012e-03,1.003859634292353538e-02,1.279082796624936551e-03
3.049999999999999933e-01,0.000000000000000000e+00,2.287575878655897198e-03,2.961848038472824317e-03,2.187820055870956775e-03,2.961105917887424822e-03,1.000000000000000000e+00,1.000000000000000000e+00,8.488005491965694383e-04,1.485029856654641444e-03,2.141890181911967721e-03,2.938271073662301631e-03,3.476766375885614879e-02,5.393389489638255457e-03,1.057240150087654929e-01,1.748120065606360851e-02,8.439909335457863307e-04,1.476574157821613012e-03,1.003859634292353538e-02,1.279082796624936551e-03
3.054999999999999938e-01,0.000000000000000000e+00,2.288515234984240913e-03,2.963300300860726398e-03,2.185854062185137343e-03,2.961332151559474719e-03,1.000000000000000000e+00,1.000000000000000000e+00,8.495201378920055240e-04,1.486482119042543525e-03,1.439177390872256254e-03,2.904524775804292244e-03,3.389364302472903934e-02,5.248641952095981986e-03,1.027116516507141086e-01,1.702896816303472310e-02,8.439909335457863307e-04,1.476574157821613012e-03,1.003859634292353538e-02,1.279082796624936551e-03
3.059999999999999942e-01,0.000000000000000000e+00,2.288957365830435707e-03,2.964731197558675545e-03,2.183882678928693484e-03,2.961556747151425101e-03,1.000000000000000000e+00,1.000000000000000000e+00,8.498588297698647914e-04,1.487913015740492889e-03,6.773837557184836031e-04,2.861793395898905735e-03,3.178161144933963622e-02,4.595796527839150943e-03,9.485305173761866826e-02,1.459872604501111053e-02,8.410785486779458371e-04,1.484506106938937977e-03,2.750110646204308434e-03,2.982756744570288707e-03
3.064999999999999947e-01,0.000000000000000000e+00,2.288802188433025631e-03,2.966120410051806787e-03,2.181905882347711864e-03,2.961779517964469380e-03,1.000000000000000000e+00,1.000000000000000000e+00,8.497399569868808707e-04,1.489302228233624348e-03,-2.377455659678461919e-04,2.778424986262769195e-03,3.179422847123048596e-02,3.413106413706529924e-03,9.622172939768744437e-02,1.052701337586896095e-02,8.410785486779458371e-04,1.484506106938937977e-03,2.750110646204308434e-03,2.982756744570288707e-03
3.069999999999999951e-01,0.000000000000000000e+00,2.288057297951520686e-03,2.967431300480064850e-03,2.179923652533505805e-03,2.962000313079923321e-03,1.000000000000000000e+00,1.000000000000000000e+00,8.491693377727918199e-04,1.490613118661881977e-03,-1.141238428178052190e-03,2.621780856515236978e-03,3.182143204532027897e-02,2.410875971545054734e-03,9.583947327395403448e-02,7.576938495149659197e-03,8.410785486779458371e-04,1.484506106938937977e-03,2.750110646204308434e-03,2.982756744570288707e-03
3.074999999999999956e-01,0.000000000000000000e+00,2.286730998883572050e-03,2.968633306164219013e-03,2.177935973231555876e-03,2.962219015582200771e-03,1.000000000000000000e+00,1.000000000000000000e+00,8.481533337418761852e-04,1.491815124346036140e-03,-2.032008061831210802e-03,2.404011368308368347e-03,3.194255895468722795e-02,2.434991384333413684e-03,9.581625066199946084e-02,8.432502862189989248e-03,8.410785486779458371e-04,1.484506106938937977e-03,2.750110646204308434e-03,2.982756744570288707e-03
3.079999999999999960e-01,0.000000000000000000e+00,2.284836270706257916e-03,2.969728310660957500e-03,2.175942831650311271e-03,2.962435540780950210e-03,1.000000000000000000e+00,1.000000000000000000e+00,8.467018877504234623e-04,1.492910128842774627e-03,-2.902891982905437922e-03,2.190008993476856569e-03,3.294597471130621125e-02,3.414269257612207766e-03,9.914986127016583994e-02,1.212306316627317047e-02,8.575202438850550168e-04,1.489680299329720903e-03,6.218933678819367310e-03,2.731880777257580679e-03
3.084999999999999964e-01,0.000000000000000000e+00,2.282430209733531112e-03,2.970748041425559649e-03,2.173944218269992928e-03,2.962649834433196076e-03,1.000000000000000000e+00,1.000000000000000000e+00,8.448587381124606725e-04,1.493929859607377210e-03,-3.686299275925526871e-03,2.039461529205211562e-03,3.305250248301513927e-02,3.430940620873633266e-03,9.829328504719804516e-02,1.128709249669198819e-02,8.575202438850550168e-04,1.489680299329720903e-03,6.218933678819367310e-03,2.731880777257580679e-03
3.089999999999999969e-01,0.000000000000000000e+00,2.279524371595073942e-03,2.971693779189594868e-03,2.171940126651397511e-03,2.962861870965478785e-03,1.000000000000000000e+00,1.000000000000000000e+00,8.426327369538927185e-04,1.494875597371411995e-03,-4.452002317135805506e-03,1.891475528069524407e-03,3.315662282947812872e-02,3.447328332180993153e-03,9.820234651476053567e-02,1.127286081527778018e-02,8.575202438850550168e-04,1.489680299329720903e-03,6.218933678819367310e-03,2.731880777257580679e-03
3.094999999999999973e-01,0.000000000000000000e+00,2.276130113599799179e-03,2.972566789315581916e-03,2.169930553244702690e-03,2.963071651695994325e-03,1.000000000000000000e+00,1.000000000000000000e+00,8.400325844781003550e-04,1.495748607497399043e-03,-5.200304951584814629e-03,1.746020251974110885e-03,3.325837706756350209e-02,3.463435795417318767e-03,9.811346310574584062e-02,1.125887127628345113e-02,8.575202438850550168e-04,1.489680299329720903e-03,6.218933678819367310e-03,2.731880777257580679e-03
3.099999999999999978e-01,0.000000000000000000e+00,2.272258597824306642e-03,2.973368321938635143e-03,2.167915497198268527e-03,2.963279203056731238e-03,1.000000000000000000e+00,1.000000000000000000e+00,8.370668313318366206e-04,1.496550140120452271e-03,-5.931506292527486193e-03,1.603065246106614126e-03,3.165098306018845203e-02,3.108412290856557656e-03,9.139787951504720065e-02,9.804849648795231978e-03,8.410473848985993610e-04,1.491505828015219281e-03,-2.946759555369559552e-03,1.578435997107230544e-03
3.104999999999999982e-01,0.000000000000000000e+00,2.267835281083226736e-03,2.974088021036628334e-03,2.165894960167443623e-03,2.963484574815613681e-03,1.000000000000000000e+00,1.000000000000000000e+00,8.336783741221772716e-04,1.497269839218445678e-03,-6.776914419318761339e-03,1.439398195986742396e-03,3.274260844566472678e-02,3.091350656664027495e-03,9.656308986674649875e-02,9.971269288725864016e-03,8.410473848985993610e-04,1.491505828015219281e-03,-2.946759555369559552e-03,1.578435997107230544e-03
3.109999999999999987e-01,0.000000000000000000e+00,2.262921772378352452e-03,2.974726223305816132e-03,2.163868946123367366e-03,2.963687838298640579e-03,1.000000000000000000e+00,1.000000000000000000e+00,8.299144080825917626e-04,1.497908041487633693e-03,-7.527932079170936500e-03,1.276404538376160139e-03,3.382139860966273948e-02,3.074214452161101990e-03,9.942425444081574859e-02,9.849184287865733398e-03,8.410473848985993610e-04,1.491505828015219281e-03,-2.946759555369559552e-03,1.578435997107230544e-03
3.114999999999999991e-01,0.000000000000000000e+00,2.257578376847833856e-03,2.975283268436147016e-03,2.161837461161774353e-03,2.963889084612023484e-03,1.000000000000000000e+00,1.000000000000000000e+00,8.258211296290510033e-04,1.498465086617964143e-03,-8.186556907081466578e-03,1.114090260660996132e-03,3.488762519071188922e-02,3.057003014315100298e-03,1.022963759342500056e-01,9.727162944721166882e-03,8.410473848985993610e-04,1.491505828015219281e-03,-2.946759555369559552e-03,1.578435997107230544e-03
3.119999999999999996e-01,0.000000000000000000e+00,2.251864117699750676e-03,2.975759499017215700e-03,2.159800513311798363e-03,2.964088422864328762e-03,1.000000000000000000e+00,1.000000000000000000e+00,8.214437531621200618e-04,1.498941317199033044e-03,-8.754752933861969719e-03,9.524611621376236808e-04,3.498668650200237318e-02,2.989087040749041808e-03,1.014708365554133629e-01,9.408581306370907005e-03,8.455167825696936583e-04,1.497197069619393608e-03,3.386409946970671964e-04,2.381918210264708652e-03
3.125000000000000000e-01,0.000000000000000000e+00,2.245788918183471393e-03,2.976153678043325090e-03,2.157758112344773313e-03,2.964285978388613713e-03,1.000000000000000000e+00,1.000000000000000000e+00,8.167898803318352635e-04,1.499335496225142651e-03,-9.307745660569572213e-03,7.883580522192794272e-04,3.412603561666861102e-02,2.662364057085914518e-03,9.775176048203707002e-02,8.127101603597551571e-03,8.455167825696936583e-04,1.497197069619393608e-03,3.386409946970671964e-04,2.381918210264708652e-03
3.130000000000000004e-01,0.000000000000000000e+00,2.239314544798805089e-03,2.976456503163731754e-03,2.155710269583044174e-03,2.964481890964574401e-03,1.000000000000000000e+00,1.000000000000000000e+00,8.118302225778342403e-04,1.499638321345548881e-03,-9.919315508001975285e-03,6.056502408125247639e-04,3.327335005180037664e-02,2.337701325572395621e-03,9.485195263630995244e-02,7.066555177707863587e-03,8.455167825696936583e-04,1.497197069619393608e-03,3.386409946970671964e-04,2.381918210264708652e-03
3.135000000000000009e-01,0.000000000000000000e+00,2.232403652944706975e-03,2.976658854944867587e-03,2.153656997708758812e-03,2.964676313040666596e-03,1.000000000000000000e+00,1.000000000000000000e+00,8.065361722760059108e-04,1.499840673126685148e-03,-1.058810060365656183e-02,4.047035622724710598e-04,3.252069465353682465e-02,2.049056010923399826e-03,9.230361290834772359e-02,6.136285424010875025e-03,8.455167825696936583e-04,1.497197069619393608e-03,3.386409946970671964e-04,2.381918210264708652e-03
3.140000000000000013e-01,0.000000000000000000e+00,2.225024393333253914e-03,2.976752857110846751e-03,2.151598310572687585e-03,2.964869407956274849e-03,1.000000000000000000e+00,1.000000000000000000e+00,8.008833314563200282e-04,1.499934675292664311e-03,-1.130568163937166470e-02,1.880043319582585951e-04,3.119281324406632944e-02,1.874053923565440578e-03,8.741012980286790024e-02,5.609846027533373081e-03,8.206561343143767978e-04,1.499031111280754855e-03,-7.757760032147092109e-03,1.453072643326703672e-03
3.145000000000000018e-01,0.000000000000000000e+00,2.217116520872720702e-03,2.976734289181220180e-03,2.149534223003009541e-03,2.965061348163820429e-03,1.000000000000000000e+00,1.000000000000000000e+00,7.948255497010351051e-04,1.499916107363037524e-03,-1.211556351056978544e-02,-3.713585925353200356e-05,3.227836425084222582e-02,1.968973102328977487e-03,9.233190194395052286e-02,6.031046227101133014e-03,8.206561343143767978e-04,1.499031111280754855e-03,-7.757760032147092109e-03,1.453072643326703672e-03
3.150000000000000022e-01,0.000000000000000000e+00,2.208741465656195203e-03,2.976607428921239709e-03,2.147464750614132452e-03,2.965252313450928660e-03,1.000000000000000000e+00,1.000000000000000000e+00,7.884098851916010149e-04,1.499789247103056836e-03,-1.283132901886818028e-02,-2.537205199614529392e-04,3.335111730882394515e-02,2.062944856586799471e-03,9.519342257925438033e-02,6.221825350352439173e-03,8.206561343143767978e-04,1.499031111280754855e-03,-7.757760032147092109e-03,1.453072643326703672e-03
3.155000000000000027e-01,0.000000000000000000e+00,2.199959355252241282e-03,2.976376487020209079e-03,2.145389909615484647e-03,2.965442489162546831e-03,1.000000000000000000e+00,1.000000000000000000e+00,7.816823983177946696e-04,1.499558305202026640e-03,-1.345497374761268211e-02,-4.618838020603351492e-04,3.441134377755713375e-02,2.155984042085442882e-03,9.806586831571154073e-02,6.413413252317153035e-03,8.206561343143767978e-04,1.499031111280754855e-03,-7.757760032147092109e-03,1.453072643326703672e-03
3.160000000000000031e-01,0.000000000000000000e+00,2.190829036629057466e-03,2.976045607858382631e-03,2.143309716620325073e-03,2.965632064423097229e-03,1.000000000000000000e+00,1.000000000000000000e+00,7.746881684725992001e-04,1.499227426040199759e-03,-1.398845969039100301e-02,-6.617583236537820813e-04,3.529459938006802161e-02,2.416447143700375336e-03,1.003093256604110500e-01,7.259579617310941459e-03,8.048920472879028459e-04,1.509606615027295944e-03,-7.836564296570541419e-03,3.884522690956562860e-03
3.165000000000000036e-01,0.000000000000000000e+00,2.181399845594935751e-03,2.975624131801840773e-03,2.141224188454545103e-03,2.965821230358613690e-03,1.000000000000000000e+00,1.000000000000000000e+00,7.674649890778028781e-04,1.498805949983657900e-03,-1.444635878959269100e-02,-8.429521130837560119e-04,3.623679711805942449e-02,1.914936900006902016e-03,1.029726846858098344e-01,5.011611193899643754e-03,8.048920472879028459e-04,1.509606615027295944e-03,-7.836564296570541419e-03,3.884522690956562860e-03
3.170000000000000040e-01,0.000000000000000000e+00,2.171723531213897926e-03,2.975097485348749803e-03,2.139133341965472525e-03,2.966010178318876853e-03,1.000000000000000000e+00,1.000000000000000000e+00,7.600525022163366531e-04,1.498279303530567147e-03,-1.482497372293245692e-02,-1.053292906181510849e-03,3.716821379031871875e-02,1.416654344594189818e-03,1.055857271485570320e-01,3.414109185651735545e-03,8.048920472879028459e-04,1.509606615027295944e-03,-7.836564296570541419e-03,3.884522690956562860e-03
3.175000000000000044e-01,0.000000000000000000e+00,2.161850728694270606e-03,2.974451377261610758e-03,2.137037193830674218e-03,2.966199098099560685e-03,1.000000000000000000e+00,1.000000000000000000e+00,7.524894967081653327e-04,1.497633195443428102e-03,-1.512601101634270841e-02,-1.292216174278143243e-03,3.808908145034672899e-02,9.215369625433953923e-04,1.082079729794030304e-01,1.813851827970437876e-03,8.048920472879028459e-04,1.509606615027295944e-03,-7.836564296570541419e-03,3.884522690956562860e-03
3.180000000000000049e-01,0.000000000000000000e+00,2.151830978225926453e-03,2.973671794951434320e-03,2.134935760366763174e-03,2.966388176164367306e-03,1.000000000000000000e+00,1.000000000000000000e+00,7.448139225404512434e-04,1.496853613133251664e-03,-1.535114833542810392e-02,-1.559164620352899294e-03,3.721663021922666514e-02,-1.609569081369498851e-04,1.039146654566368150e-01,-2.082331060190782245e-03,7.703211288561844297e-04,1.501617499156067837e-03,-1.382781274889295989e-02,-1.111355664437244008e-03
3.185000000000000053e-01,0.000000000000000000e+00,2.141623414020762169e-03,2.972726545405356482e-03,2.132829057338197706e-03,2.966577593867167871e-03,1.000000000000000000e+00,1.000000000000000000e+00,7.369944747033051321e-04,1.495908363587174043e-03,-1.563889567429213590e-02,-1.890499092155139334e-03,3.817709736112834956e-02,2.752081002459286761e-04,1.082376111184740336e-01,3.931708132374152126e-04,7.703211288561844297e-04,1.501617499156067837e-03,-1.382781274889295989e-02,-1.111355664437244008e-03
3.190000000000000058e-01,0.000000000000000000e+00,2.131279497319173068e-03,2.971631294519329249e-03,2.130717099766089341e-03,2.966767525674143466e-03,1.000000000000000000e+00,1.000000000000000000e+00,7.290705747939671541e-04,1.494813112701146593e-03,-1.584779981867592835e-02,-2.190501772054861528e-03,3.912684340061342581e-02,7.079034807146767933e-04,1.109958670825319238e-01,1.572253851279080666e-03,7.703211288561844297e-04,1.501617499156067837e-03,-1.382781274889295989e-02,-1.111355664437244008e-03
3.195000000000000062e-01,0.000000000000000000e+00,2.120849569298526461e-03,2.970401434590225036e-03,2.128599901737004193e-03,2.966958137385922959e-03,1.000000000000000000e+00,1.000000000000000000e+00,7.210807863916199279e-04,1.493583252772042597e-03,-1.597957680469442102e-02,-2.459719858207936108e-03,4.006610168437793607e-02,1.137189829037393461e-03,1.137632752263851160e-01,2.754298773020687468e-03,7.703211288561844297e-04,1.501617499156067837e-03,-1.382781274889295989e-02,-1.111355664437244008e-03
3.200000000000000067e-01,0.000000000000000000e+00,2.110382870080708059e-03,2.969052087646092877e-03,2.126477476211782562e-03,2.967149584359827542e-03,1.000000000000000000e+00,1.000000000000000000e+00,7.130628296180122928e-04,1.492233905827910221e-03,-1.603591354721516093e-02,-2.698693888264869917e-03,4.144798831516899318e-02,1.598285646174856965e-03,1.182984945226412121e-01,4.075798076320168335e-03,7.486246997425905110e-04,1.499005159587861241e-03,-1.193854281739056312e-02,-1.234881198683281372e-03
3.205000000000000071e-01,0.000000000000000000e+00,2.099950247401038191e-03,2.967599207631108939e-03,2.124349834843601570e-03,2.967342009792826689e-03,1.000000000000000000e+00,1.000000000000000000e+00,7.050709769870941142e-04,1.490781025812926066e-03,-1.598370526183643878e-02,-2.905760029968198783e-03,4.233610423263739486e-02,2.101980595938536620e-03,1.205955444987314301e-01,5.549306077358430803e-03,7.486246997425905110e-04,1.499005159587861241e-03,-1.193854281739056312e-02,-1.234881198683281372e-03
3.210000000000000075e-01,0.000000000000000000e+00,2.089596983046484047e-03,2.966059906155099797e-03,2.122216987881427389e-03,2.967535543565434728e-03,1.000000000000000000e+00,1.000000000000000000e+00,6.971399163601461240e-04,1.489241724336916924e-03,-1.586212125389607069e-02,-3.078602952018074344e-03,4.321478643510079376e-02,2.601885726128844081e-03,1.233141069434470077e-01,6.986448888906725274e-03,7.486246997425905110e-04,1.499005159587861241e-03,-1.193854281739056312e-02,-1.234881198683281372e-03
3.215000000000000080e-01,0.000000000000000000e+00,2.079367350638560222e-03,2.964450987202391433e-03,2.120078944178707941e-03,2.967730301776940263e-03,1.000000000000000000e+00,1.000000000000000000e+00,6.893035632989062689e-04,1.487632805384208560e-03,-1.567270612247961478e-02,-3.217837905416560604e-03,4.408424495723747838e-02,3.098069168567207671e-03,1.260407225763990058e-01,8.426826919071506508e-03,7.486246997425905110e-04,1.499005159587861241e-03,-1.193854281739056312e-02,-1.234881198683281372e-03
3.220000000000000084e-01,0.000000000000000000e+00,2.069304632859680568e-03,2.962788950933211134e-03,2.117935711221105924e-03,2.967926386405739941e-03,1.000000000000000000e+00,1.000000000000000000e+00,6.815950742617212389e-04,1.485970769115028478e-03,-1.541697807437006004e-02,-3.324072538360367968e-03,4.438984953498013863e-02,2.860345393050251882e-03,1.266204147810102154e-01,7.034328100263918110e-03,7.214616356336930967e-04,1.485773832727798520e-03,-1.298031085564154211e-02,-4.646666755747669124e-03
3.225000000000000089e-01,0.000000000000000000e+00,2.059423340686471985e-03,2.961067173346084401e-03,2.115787295154401403e-03,2.968123884970723901e-03,1.000000000000000000e+00,1.000000000000000000e+00,6.740255653015996646e-04,1.484248991527901745e-03,-1.513901792024320049e-02,-3.443555174253489729e-03,4.507214356876029088e-02,3.684545926869314814e-03,1.291561214076339670e-01,1.038679250219567800e-02,7.214616356336930967e-04,1.485773832727798520e-03,-1.298031085564154211e-02,-4.646666755747669124e-03
3.230000000000000093e-01,0.000000000000000000e+00,2.049756668212135164e-03,2.959312304754321138e-03,2.113633700812382697e-03,2.968322870192652112e-03,1.000000000000000000e+00,1.000000000000000000e+00,6.666204645691826405e-04,1.482494122936138699e-03,-1.481020146483396846e-02,-3.509737183526223485e-03,4.574752215957579582e-02,4.502844042386288693e-03,1.313702631900184881e-01,1.283273425091168915e-02,7.214616356336930967e-04,1.485773832727798520e-03,-1.298031085564154211e-02,-4.646666755747669124e-03
3.235000000000000098e-01,0.000000000000000000e+00,2.040337052751404513e-03,2.957550504854967923e-03,2.111474931744741594e-03,2.968523399655533315e-03,1.000000000000000000e+00,1.000000000000000000e+00,6.594046204891724572e-04,1.480732323036785267e-03,-1.443168816002040819e-02,-3.523599798706987789e-03,4.641614296976407511e-02,5.315348399577642796e-03,1.335903084117059381e-01,1.528371465996588782e-02,7.214616356336930967e-04,1.485773832727798520e-03,-1.298031085564154211e-02,-4.646666755747669124e-03
3.240000000000000102e-01,0.000000000000000000e+00,2.031196187861810613e-03,2.955807448864041821e-03,2.109310990244974218e-03,2.968725515468009606e-03,1.000000000000000000e+00,1.000000000000000000e+00,6.524023117351975031e-04,1.478989267045858948e-03,-1.400461750794999675e-02,-3.486111981852533376e-03,4.570168504201718718e-02,5.681772055867959428e-03,1.304703576119173869e-01,1.602929931796567495e-02,6.805407623233926569e-04,1.474097128242581435e-03,-1.772322444525072441e-02,-5.402277214938571749e-03
3.245000000000000107e-01,0.000000000000000000e+00,2.022296073711504598e-03,2.954094569040014318e-03,2.107141877378273208e-03,2.968929243924734937e-03,1.000000000000000000e+00,1.000000000000000000e+00,6.455844287472312310e-04,1.477276387221831662e-03,-1.363576597593261011e-02,-3.425759648054781722e-03,4.647945172782629725e-02,6.312249730927154551e-03,1.342956342518232260e-01,1.819101482723697871e-02,6.805407623233926569e-04,1.474097128242581435e-03,-1.772322444525072441e-02,-5.402277214938571749e-03
3.250000000000000111e-01,0.000000000000000000e+00,2.013673886578094471e-03,2.952431414313797398e-03,2.104967593009420337e-03,2.969134595167752765e-03,1.000000000000000000e+00,1.000000000000000000e+00,6.389794502061503772e-04,1.475613232495614742e-03,-1.320995708216166076e-02,-3.326309452433802178e-03,4.724947334809402599e-02,6.938397777052688481e-03,1.368470579400809239e-01,2.012731789648578365e-02,6.805407623233926569e-04,1.474097128242581435e-03,-1.772322444525072441e-02,-5.402277214938571749e-03
3.255000000000000115e-01,0.000000000000000000e+00,2.005365950914269040e-03,2.950837165342859187e-03,2.102788135830693014e-03,2.969341562847883226e-03,1.000000000000000000e+00,1.000000000000000000e+00,6.326152022570869470e-04,1.474018983524676531e-03,-1.272849589812692639e-02,-3.188497941876593418e-03,4.801192736652155207e-02,7.560297758160437753e-03,1.394050932835217416e-01,2.206731699818611364e-02,6.805407623233926569e-04,1.474097128242581435e-03,-1.772322444525072441e-02,-5.402277214938571749e-03
3.260000000000000120e-01,0.000000000000000000e+00,1.997407754025622845e-03,2.949330639168207951e-03,2.100603503389748654e-03,2.969550123786097312e-03,1.000000000000000000e+00,1.000000000000000000e+00,6.265188697532925611e-04,1.472512457350025512e-03,-1.219266500758869713e-02,-3.013052349302250323e-03,4.996582109508395514e-02,8.755611552676758474e-03,1.466254485848340061e-01,2.625407226326725157e-02,6.575131977832311767e-04,1.478206306314002079e-03,-1.378601156061707959e-02,-6.741117770760493653e-04
3.265000000000000124e-01,0.000000000000000000e+00,1.989894022925586207e-03,2.947948346171551208e-03,2.098413692117526413e-03,2.969760237634895376e-03,1.000000000000000000e+00,1.000000000000000000e+00,6.207630177970193709e-04,1.471130164353368769e-03,-1.151170391254636126e-02,-2.764585993313669124e-03,5.083618658698585424e-02,8.524829078618276212e-03,1.486973067621509825e-01,2.444425742635723472e-02,6.575131977832311767e-04,1.478206306314002079e-03,-1.378601156061707959e-02,-6.741117770760493653e-04
3.270000000000000129e-01,0.000000000000000000e+00,1.982864047202937720e-03,2.946681785372144528e-03,2.096218697356140668e-03,2.969971846539697351e-03,1.000000000000000000e+00,1.000000000000000000e+00,6.153777439594231057e-04,1.469863603553961656e-03,-1.077054767519259812e-02,-2.533121598814376280e-03,5.169836673974773089e-02,8.295929372081093864e-03,1.516941300083492206e-01,2.385184439649110782e-02,6.575131977832311767e-04,1.478206306314002079e-03,-1.378601156061707959e-02,-6.741117770760493653e-04
3.275000000000000133e-01,0.000000000000000000e+00,1.976356194654929621e-03,2.945522600363084664e-03,2.094018513386781445e-03,2.970184874800214751e-03,1.000000000000000000e+00,1.000000000000000000e+00,6.103924396783838363e-04,1.468704418544901791e-03,-9.970608562078618620e-03,-2.318370018119660439e-03,5.255255359346175381e-02,8.068880413355603715e-03,1.546979407538347784e-01,2.325782412268697502e-02,6.575131977832311767e-04,1.478206306314002079e-03,-1.378601156061707959e-02,-6.741117770760493653e-04
3.280000000000000138e-01,0.000000000000000000e+00,1.970407927277306997e-03,2.944462577576825897e-03,2.091813133457604001e-03,2.970399228531832650e-03,1.000000000000000000e+00,1.000000000000000000e+00,6.058358025075702598e-04,1.467644395758643241e-03,-9.113274341627055838e-03,-2.120045572517033003e-03,5.241061618066383820e-02,8.179072128260220925e-03,1.538702771443083150e-01,2.396488734967143833e-02,6.312525485186694027e-04,1.466010413421497136e-03,-1.337026100691127151e-02,-4.113195537127246372e-03
3.285000000000000142e-01,0.000000000000000000e+00,1.965006301465014888e-03,2.943504128191019864e-03,2.089602549811629684e-03,2.970614795326992092e-03,1.000000000000000000e+00,1.000000000000000000e+00,6.016979170702558850e-04,1.466685946372836991e-03,-8.275770874628742696e-03,-1.916898771612395502e-03,5.222943456891690484e-02,9.353532090747806310e-03,1.537300815351736460e-01,2.851939191258706999e-02,6.312525485186694027e-04,1.466010413421497136e-03,-1.337026100691127151e-02,-4.113195537127246372e-03
3.290000000000000147e-01,0.000000000000000000e+00,1.960136495983043174e-03,2.942682887609245936e-03,2.087386753714638547e-03,2.970831443916569468e-03,1.000000000000000000e+00,1.000000000000000000e+00,5.979674296417209932e-04,1.465864705791063063e-03,-7.460974857069700358e-03,-1.642481163547863292e-03,5.205134071753611535e-02,1.052009964852538421e-02,1.536233871417487240e-01,3.216537289519647708e-02,6.312525485186694027e-04,1.466010413421497136e-03,-1.337026100691127151e-02,-4.113195537127246372e-03
3.295000000000000151e-01,0.000000000000000000e+00,1.955783956341793951e-03,2.942033814636616125e-03,2.085165735483065878e-03,2.971049023831255024e-03,1.000000000000000000e+00,1.000000000000000000e+00,5.946331908360869608e-04,1.465215632818433252e-03,-6.668477611268103754e-03,-1.298145945259571252e-03,5.193020323443639508e-02,1.071983181601169829e-02,1.537234800480672126e-01,3.209330051249804916e-02,6.312525485186694027e-04,1.466010413421497136e-03,-1.337026100691127151e-02,-4.113195537127246372e-03
3.300000000000000155e-01,0.000000000000000000e+00,1.951937092202149504e-03,2.941561223553803596e-03,2.082939484511902185e-03,2.971267365062937003e-03,1.000000000000000000e+00,1.000000000000000000e+00,5.916863219384786016e-04,1.464743041735620940e-03,-5.893737795216810391e-03,-9.451821656245554433e-04,5.217405717009208216e-02,1.014991224587914395e-02,1.551830765499389586e-01,2.986122210956763945e-02,6.054667036751098597e-04,1.464176200592052926e-03,-1.306759555409044843e-02,-2.086655484384669287e-03
3.305000000000000160e-01,0.000000000000000000e+00,1.948602677004118797e-03,2.941245302948450931e-03,2.080707989302580611e-03,2.971486277726078859e-03,1.000000000000000000e+00,1.000000000000000000e+00,5.891320117049756626e-04,1.464427121130268275e-03,-5.108620467005845801e-03,-6.318412107052275278e-04,5.230021001197579511e-02,9.340438945401159654e-03,1.558794636575737691e-01,2.733877896316434103e-02,6.054667036751098597e-04,1.464176200592052926e-03,-1.306759555409044843e-02,-2.086655484384669287e-03
3.310000000000000164e-01,0.000000000000000000e+00,1.945781450418423205e-03,2.941058966742814140e-03,2.078471237490881699e-03,2.971705551719100794e-03,1.000000000000000000e+00,1.000000000000000000e+00,5.869708267562241634e-04,1.464240784924631484e-03,-4.322369897503038419e-03,-3.726724112736004070e-04,5.219329561135652162e-02,9.311739045191908676e-03,1.557717719813123680e-01,2.802979420559290405e-02,6.054667036751098597e-04,1.464176200592052926e-03,-1.306759555409044843e-02,-2.086655484384669287e-03
3.315000000000000169e-01,0.000000000000000000e+00,1.943462408494254232e-03,2.940999832249486037e-03,2.076229215874823841e-03,2.971924956385760437e-03,1.000000000000000000e+00,1.000000000000000000e+00,5.851943375768545261e-04,1.464181650431303598e-03,-3.552978358739351632e-03,-1.182689866559153758e-04,5.208867370277019820e-02,9.283566854266796231e-03,1.558630405635119121e-01,2.805429417179198387e-02,6.054667036751098597e-04,1.464176200592052926e-03,-1.306759555409044843e-02,-2.086655484384669287e-03
3.320000000000000173e-01,0.000000000000000000e+00,1.941634733155521561e-03,2.941065546559193822e-03,2.073981910442560667e-03,2.972144240176532656e-03,1.000000000000000000e+00,1.000000000000000000e+00,5.837942570397927720e-04,1.464247364741011167e-03,-2.800161074123507909e-03,1.314286194152740664e-04,5.324240876968944908e-02,9.955748536456324183e-03,1.608306303295216622e-01,3.079625637516452893e-02,5.978769688951812147e-04,1.456183812918239668e-03,-7.188048925974334369e-03,-3.297433971913744585e-03
3.325000000000000178e-01,0.000000000000000000e+00,1.940350721015976065e-03,2.941275659576960896e-03,2.071729306400276263e-03,2.972363130309990231e-03,1.000000000000000000e+00,1.000000000000000000e+00,5.828106466753967289e-04,1.464457477758778024e-03,-1.967220728792095676e-03,4.202260355337368125e-04,5.271749645403218248e-02,1.101189537892163783e-02,1.582470274433905311e-01,3.444836016808687507e-02,5.978769688951812147e-04,1.456183812918239668e-03,-7.188048925974334369e-03,-3.297433971913744585e-03
3.330000000000000182e-01,0.000000000000000000e+00,1.939577897490435323e-03,2.941661478370472069e-03,2.069471388200083868e-03,2.972581332434184528e-03,1.000000000000000000e+00,1.000000000000000000e+00,5.822186295081446285e-04,1.464843296552289413e-03,-1.184034334504221889e-03,7.716375870227846958e-04,5.219934968368652312e-02,1.206110844139196558e-02,1.570964192308801355e-01,3.777268813671037090e-02,5.978769688951812147e-04,1.456183812918239668e-03,-7.188048925974334369e-03,-3.297433971913744585e-03
3.335000000000000187e-01,0.000000000000000000e+00,1.939284446609421207e-03,2.942253709335832836e-03,2.067208139567917186e-03,2.972798530288030955e-03,1.000000000000000000e+00,1.000000000000000000e+00,5.819938330914153479e-04,1.465435527517649963e-03,-4.495928334585550619e-04,1.184461930721006926e-03,5.175253717505513829e-02,1.293248108473722506e-02,1.561913313868056319e-01,4.043867520284502581e-02,5.978769688951812147e-04,1.456183812918239668e-03,-7.188048925974334369e-03,-3.297433971913744585e-03
3.340000000000000191e-01,0.000000000000000000e+00,1.939442441907833232e-03,2.943077120001919098e-03,2.064939543533380207e-03,2.973014385431160030e-03,1.000000000000000000e+00,1.000000000000000000e+00,5.821148645118028606e-04,1.466258938183736442e-03,2.420628407751255476e-04,1.646821332172980663e-03,5.141074735826084430e-02,1.235587504680476373e-02,1.556106255643361636e-01,3.765432375092158529e-02,5.766655028440368855e-04,1.455433846587057085e-03,-9.355095416293854327e-03,-1.444399408620502959e-03
3.345000000000000195e-01,0.000000000000000000e+00,1.940029492179243340e-03,2.944110907018867348e-03,2.062665582489812445e-03,2.973228538035145585e-03,1.000000000000000000e+00,1.000000000000000000e+00,5.825645711100478586e-04,1.467292725200684692e-03,8.994131964900835925e-04,2.067574033896546135e-03,5.175923379888771464e-02,1.123670032337683103e-02,1.576029479006826883e-01,3.398100799162469265e-02,5.766655028440368855e-04,1.455433846587057085e-03,-9.355095416293854327e-03,-1.444399408620502959e-03
3.350000000000000200e-01,0.000000000000000000e+00,1.941058001282966201e-03,2.945317527063234016e-03,2.060386238308834460e-03,2.973440609587773859e-03,1.000000000000000000e+00,1.000000000000000000e+00,5.833524547936520463e-04,1.468499345245051360e-03,1.575767367208319577e-03,2.413240088733132477e-03,5.210513609958596082e-02,1.012584056408590352e-02,1.590060087813605638e-01,3.077086159383783312e-02,5.766655028440368855e-04,1.455433846587057085e-03,-9.355095416293854327e-03,-1.444399408620502959e-03
3.355000000000000204e-01,0.000000000000000000e+00,1.942540049330981119e-03,2.946660113652191208e-03,2.058101492469951652e-03,2.973650206126289205e-03,1.000000000000000000e+00,1.000000000000000000e+00,5.844877694652692414e-04,1.469841931834008552e-03,2.270629343234496951e-03,2.685173177914399259e-03,5.203461798521604592e-02,1.003701384116722356e-02,1.588038141732160402e-01,3.149113587837015088e-02,5.766655028440368855e-04,1.455433846587057085e-03,-9.355095416293854327e-03,-1.444399408620502959e-03
3.360000000000000209e-01,0.000000000000000000e+00,1.944466661582599414e-03,2.948134157282121179e-03,2.055811326190475508e-03,2.973856921481680439e-03,1.000000000000000000e+00,1.000000000000000000e+00,5.859636400746664467e-04,1.471315975463938740e-03,2.951741218794504563e-03,2.948087259860365707e-03,5.409598031073180324e-02,1.111647914642872360e-02,1.672293392060668349e-01,3.587231170477674091e-02,5.895445952483413998e-04,1.471668440926491911e-03,6.597923520449276887e-04,4.618373044230126775e-03
3.365000000000000213e-01,0.000000000000000000e+00,1.946935726023858119e-03,2.949771701030936763e-03,2.053515720555438781e-03,2.974060340522955911e-03,1.000000000000000000e+00,1.000000000000000000e+00,5.878550531695954373e-04,1.472953519212753890e-03,3.782826189857938382e-03,3.275087497630220328e-03,5.321996075768644502e-02,1.033080408649705156e-02,1.625063698652958188e-01,3.204015285338959740e-02,5.895445952483413998e-04,1.471668440926491911e-03,6.597923520449276887e-04,4.618373044230126775e-03
3.370000000000000218e-01,0.000000000000000000e+00,1.949896765927350631e-03,2.951546101753787024e-03,2.051214656647523671e-03,2.974260042401432463e-03,1.000000000000000000e+00,1.000000000000000000e+00,5.901233413335194066e-04,1.474727919935604151e-03,4.536576327847972358e-03,3.548801445700464248e-03,5.235445719998118447e-02,9.551029857221901911e-03,1.602909268996635939e-01,2.980019033615725899e-02,5.895445952483413998e-04,1.471668440926491911e-03,6.597923520449276887e-04,4.618373044230126775e-03
3.375000000000000222e-01,0.000000000000000000e+00,1.953300362587136792e-03,2.953431195024945263e-03,2.048908115676971800e-03,2.974455603795005728e-03,1.000000000000000000e+00,1.000000000000000000e+00,5.927306476413668306e-04,1.476613013206762607e-03,5.214612615694891318e-03,3.770186542316918393e-03,5.149924921625784191e-02,8.777050433564102805e-03,1.580665068460100353e-01,2.755519051389677954e-02,5.895445952483413998e-04,1.471668440926491911e-03,6.597923520449276887e-04,4.618373044230126775e-03
3.380000000000000226e-01,0.000000000000000000e+00,1.957098137575598480e-03,2.955401289223802321e-03,2.046596079111510230e-03,2.974646602152439950e-03,1.000000000000000000e+00,1.000000000000000000e+00,5.956399120674941419e-04,1.478583107405619665e-03,5.818528852254567160e-03,3.940188397713939757e-03,4.985830582966041535e-02,7.999005391542770432e-03,1.527426256311455455e-01,2.526735603692350021e-02,5.821289113511680414e-04,1.464785399810345336e-03,-2.109587820714933955e-03,-4.921531583746308492e-04
3.385000000000000231e-01,0.000000000000000000e+00,1.961202864397355340e-03,2.957430854761603119e-03,2.044278528806270107e-03,2.974832618937642628e-03,1.000000000000000000e+00,1.000000000000000000e+00,5.987843152398223019e-04,1.480612672943420680e-03,6.288806344656263682e-03,4.059131075602173504e-03,4.905354425219436015e-02,8.768153625761027081e-03,1.512663670054705811e-01,2.896980635396245729e-02,5.821289113511680414e-04,1.464785399810345336e-03,-2.109587820714933955e-03,-4.921531583746308492e-04
3.390000000000000235e-01,0.000000000000000000e+00,1.965570189339502227e-03,2.959543009796880130e-03,2.041955447133702705e-03,2.975013242873945224e-03,1.000000000000000000e+00,1.000000000000000000e+00,6.021298802430490992e-04,1.482724827978697474e-03,6.691130006453673527e-03,4.224310070553773111e-03,4.825802304077780880e-02,9.532181730979678511e-03,1.490762931431348359e-01,3.135147915278897746e-02,5.821289113511680414e-04,1.464785399810345336e-03,-2.109587820714933955e-03,-4.921531583746308492e-04
3.395000000000000240e-01,0.000000000000000000e+00,1.970156707607787286e-03,2.961760434279033655e-03,2.039626817113504575e-03,2.975188073188389081e-03,1.000000000000000000e+00,1.000000000000000000e+00,6.056433570757325906e-04,1.484942252460850999e-03,7.026953665366982710e-03,4.434848964307068139e-03,4.758081962377667257e-02,1.017578913837057300e-02,1.473027185949729034e-01,3.328935763677402793e-02,5.821289113511680414e-04,1.464785399810345336e-03,-2.109587820714933955e-03,-4.921531583746308492e-04
3.400000000000000244e-01,0.000000000000000000e+00,1.974925422072563302e-03,2.964101768745177560e-03,2.037292622542533592e-03,2.975356722855999198e-03,1.000000000000000000e+00,1.000000000000000000e+00,6.092964042922952277e-04,1.487283586926994904e-03,7.306094433125285593e-03,4.682668932287963048e-03,4.897964893750317295e-02,1.093610618500685458e-02,1.534608125379799959e-01,3.579932855148527937e-02,6.023952985917926028e-04,1.477852367693637892e-03,5.653176607000582818e-03,3.962583375540389141e-03
3.405000000000000249e-01,0.000000000000000000e+00,1.979943755906744818e-03,2.966589070701992382e-03,2.034952848124728896e-03,2.975518821844070141e-03,1.000000000000000000e+00,1.000000000000000000e+00,6.131406710396858145e-04,1.489770888883809510e-03,7.688533494781198650e-03,4.974603913629423169e-03,4.807303109056812462e-02,1.032217646002141047e-02,1.489476578942631468e-01,3.289153394414372211e-02,6.023952985917926028e-04,1.477852367693637892e-03,5.653176607000582818e-03,3.962583375540389141e-03
3.410000000000000253e-01,0.000000000000000000e+00,1.985162815402791679e-03,2.969201172445979676e-03,2.032607479601031275e-03,2.975674020356441993e-03,1.000000000000000000e+00,1.000000000000000000e+00,6.171387025649398587e-04,1.492382990627796804e-03,7.996063050508079792e-03,5.224203487974389375e-03,4.717659944283943835e-02,9.712934884067722999e-03,1.464025720277252751e-01,3.115687928531943665e-02,6.023952985917926028e-04,1.477852367693637892e-03,5.653176607000582818e-03,3.962583375540389141e-03
3.415000000000000258e-01,0.000000000000000000e+00,1.990534762963994467e-03,2.971917284789340682e-03,2.030256503879304415e-03,2.975821992077785395e-03,1.000000000000000000e+00,1.000000000000000000e+00,6.212538531429258760e-04,1.495099102971158027e-03,8.230301155972058816e-03,5.432224686722428308e-03,4.629013397100853466e-02,9.108297624810766935e-03,1.438487906070415323e-01,2.941822253965941866e-02,6.023952985917926028e-04,1.477852367693637892e-03,5.653176607000582818e-03,3.962583375540389141e-03
3.420000000000000262e-01,0.000000000000000000e+00,1.996012799224235537e-03,2.974716992395359978e-03,2.027899909164249635e-03,2.975962437417879226e-03,1.000000000000000000e+00,1.000000000000000000e+00,6.254502723792879039e-04,1.497898810577177539e-03,8.392838472724062707e-03,5.599415212038898540e-03,4.573200159079580246e-02,8.878330429656199757e-03,1.425237704463641064e-01,2.911316649719576308e-02,6.163663570648845232e-04,1.489993502626722364e-03,6.497979697509751427e-03,5.299190093110476424e-03
3.425000000000000266e-01,0.000000000000000000e+00,2.001567106696786058e-03,2.977591818176630531e-03,2.025537685087331046e-03,2.976095086755890882e-03,1.000000000000000000e+00,1.000000000000000000e+00,6.297051187540093822e-04,1.500773636358447658e-03,8.509692749442847315e-03,5.749651562540148732e-03,4.489595839419312229e-02,8.209556773234306243e-03,1.398150289089297726e-01,2.677680276246919427e-02,6.163663570648845232e-04,1.489993502626722364e-03,6.497979697509751427e-03,5.299190093110476424e-03
3.430000000000000271e-01,0.000000000000000000e+00,2.007154282427535928e-03,2.980519660173604202e-03,2.023169822836692455e-03,2.976219703684659587e-03,1.000000000000000000e+00,1.000000000000000000e+00,6.339851436752794601e-04,1.503701478355421546e-03,8.560049842540218279e-03,5.855683993947950403e-03,4.406895748869396612e-02,7.545678181610420386e-03,1.373435288099070783e-01,2.481503069498205635e-02,6.163663570648845232e-04,1.489993502626722364e-03,6.497979697509751427e-03,5.299190093110476424e-03
3.435000000000000275e-01,0.000000000000000000e+00,2.012731877446947808e-03,2.983478820411298270e-03,2.020796315287077746e-03,2.976336088254974074e-03,1.000000000000000000e+00,1.000000000000000000e+00,6.382578293458680612e-04,1.506660638593115397e-03,8.545371341177181515e-03,5.918320475387677491e-03,4.325080012731465778e-02,6.886605181694724007e-03,1.348643096657036466e-01,2.284907990487850676e-02,6.163663570648845232e-04,1.489993502626722364e-03,6.497979697509751427e-03,5.299190093110476424e-03
3.440000000000000280e-01,0.000000000000000000e+00,2.018258380532372311e-03,2.986447999865252806e-03,2.018417157129748229e-03,2.976444080219853294e-03,1.000000000000000000e+00,1.000000000000000000e+00,6.424913763243372778e-04,1.509629818047069933e-03,8.467093956938481769e-03,5.938358907909197827e-03,4.252506660424659746e-02,5.969609801641135270e-03,1.327028973393276357e-01,1.985902372383377412e-02,6.308629447437852020e-04,1.495111110985719669e-03,6.973730404873484598e-03,3.561597178390137411e-03
3.445000000000000284e-01,0.000000000000000000e+00,2.023697399444142776e-03,2.989398084656165206e-03,2.016032345002405184e-03,2.976543562278828430e-03,1.000000000000000000e+00,1.000000000000000000e+00,6.466579065377180743e-04,1.512579902837982550e-03,8.333060426761513054e-03,5.900169581825259225e-03,4.162732976751512548e-02,5.556137933260322376e-03,1.297651391622567096e-01,1.901961793392294847e-02,6.308629447437852020e-04,1.495111110985719669e-03,6.973730404873484598e-03,3.561597178390137411e-03
3.450000000000000289e-01,0.000000000000000000e+00,2.029004357534523306e-03,2.992316039265567433e-03,2.013641877619111106e-03,2.976634463322225341e-03,1.000000000000000000e+00,1.000000000000000000e+00,6.507232722927193749e-04,1.515497857447384777e-03,8.130731510002531942e-03,5.835909218804463498e-03,4.073887974163593884e-02,5.145553125976678500e-03,1.269742133901822501e-01,1.775037409835751243e-02,6.308629447437852020e-04,1.495111110985719669e-03,6.973730404873484598e-03,3.561597178390137411e-03
3.455000000000000293e-01,0.000000000000000000e+00,2.034135676736923727e-03,2.995189073628749463e-03,2.011245755900203588e-03,2.976716761675440078e-03,1.000000000000000000e+00,1.000000000000000000e+00,6.546540908535880641e-04,1.518370891810566590e-03,7.861637121737390446e-03,5.746068726363732192e-03,3.985950848866327834e-02,4.737801017549156390e-03,1.241753598361183264e-01,1.647866569327163799e-02,6.308629447437852020e-04,1.495111110985719669e-03,6.973730404873484598e-03,3.561597178390137411e-03
3.460000000000000298e-01,0.000000000000000000e+00,2.039048760472175151e-03,2.998004640031586617e-03,2.008843983102219597e-03,2.976790488343222189e-03,1.000000000000000000e+00,1.000000000000000000e+00,6.584177313475556579e-04,1.521186458213403961e-03,7.527280987935216182e-03,5.631132805674570092e-03,3.893847038179547304e-02,4.492798858315350322e-03,1.211724714344640796e-01,1.582581186161906295e-02,6.429730704700853047e-04,1.505712597007531064e-03,6.391232077337452577e-03,4.664335103451775280e-03
3.465000000000000302e-01,0.000000000000000000e+00,2.043699444672102041e-03,3.000755429939908243e-03,2.006436564947614628e-03,2.976855730249208798e-03,1.000000000000000000e+00,1.000000000000000000e+00,6.619803621356109419e-04,1.523937248121725804e-03,7.125261576110528128e-03,5.501579816643653240e-03,3.815830872162033482e-02,3.883717864496313583e-03,1.187165356378619280e-01,1.361377997021065607e-02,6.429730704700853047e-04,1.505712597007531064e-03,6.391232077337452577e-03,4.664335103451775280e-03
3.470000000000000306e-01,0.000000000000000000e+00,2.048051166566082926e-03,3.003422847836923447e-03,2.004023509727725482e-03,2.976912632833202035e-03,1.000000000000000000e+00,1.000000000000000000e+00,6.653139745104940609e-04,1.526604666018740574e-03,6.667224749766202489e-03,5.334835794029486704e-03,3.738576431290409341e-02,3.278755340781930837e-03,1.161403392077016983e-01,1.171254773580818545e-02,6.429730704700853047e-04,1.505712597007531064e-03,6.391232077337452577e-03,4.664335103451775280e-03
3.475000000000000311e-01,0.000000000000000000e+00,2.052068204055847080e-03,3.005988652607908922e-03,2.001604828250342152e-03,2.976961398919780212e-03,1.000000000000000000e+00,1.000000000000000000e+00,6.683912037573284514e-04,1.529170470789726483e-03,6.154458493668840853e-03,5.131609541971768329e-03,3.662066201539927041e-02,2.677832795439703036e-03,1.135576402321698125e-01,9.807799726869211379e-03,6.429730704700853047e-04,1.505712597007531064e-03,6.391232077337452577e-03,4.664335103451775280e-03
3.480000000000000315e-01,0.000000000000000000e+00,2.055715661215450074e-03,3.008434953034028799e-03,1.999180533655806752e-03,2.977002284431682494e-03,1.000000000000000000e+00,1.000000000000000000e+00,6.711853180459570077e-04,1.531616771215846143e-03,5.588228577257212289e-03,4.892600852239133852e-03,3.634035092128742872e-02,2.443060774659372610e-03,1.128231184063165915e-01,9.306218270196427514e-03,6.591089257611063837e-04,1.520449511361525495e-03,7.454372244906286998e-03,6.378934252495933183e-03
3.485000000000000320e-01,0.000000000000000000e+00,2.058983378179753479e-03,3.010755523542568615e-03,1.996750641218085834e-03,2.977035593742647333e-03,1.000000000000000000e+00,1.000000000000000000e+00,6.736885344681471264e-04,1.533937341724385959e-03,5.006432844380156837e-03,4.641141017079694099e-03,3.570887431680696417e-02,1.647396928624230436e-03,1.103027216889496398e-01,6.308400446315299420e-03,6.591089257611063837e-04,1.520449511361525495e-03,7.454372244906286998e-03,6.378934252495933183e-03
3.490000000000000324e-01,0.000000000000000000e+00,2.061843762624422649e-03,3.012926694492256644e-03,1.994315168145805849e-03,2.977061675029490234e-03,1.000000000000000000e+00,1.000000000000000000e+00,6.758797160771699971e-04,1.536108512674073988e-03,4.382363218045814274e-03,4.342341899376043687e-03,3.508314611894920720e-02,8.569753520597032763e-04,1.080821010360144829e-01,3.789393721423829804e-03,6.591089257611063837e-04,1.520449511361525495e-03,7.454372244906286998e-03,6.378934252495933183e-03
3.495000000000000329e-01,0.000000000000000000e+00,2.064269877245624753e-03,3.014925252255447330e-03,1.991874133383298578e-03,2.977080915624196258e-03,1.000000000000000000e+00,1.000000000000000000e+00,6.777382277011114332e-04,1.538107070437264457e-03,3.717023247882842579e-03,3.997115526380766969e-03,3.446302986497413318e-02,7.169504866070126577e-05,1.058565731964017376e-01,1.265911879061563331e-03,6.591089257611063837e-04,1.520449511361525495e-03,7.454372244906286998e-03,6.378934252495933183e-03
3.500000000000000333e-01,0.000000000000000000e+00,2.066235428360563633e-03,3.016728433390767489e-03,1.989427557411632685e-03,2.977093737365989548e-03,1.000000000000000000e+00,1.000000000000000000e+00,6.792439272103767845e-04,1.539910251572584616e-03,3.011399018530726973e-03,3.606362270640349216e-03,3.481330000232027433e-02,-1.574057178624980167e-04,1.073736316606745261e-01,8.784738022349515953e-04,6.830875854513263892e-04,1.520701664523907426e-03,1.032984688354410610e-02,2.414192960969484009e-03
3.505000000000000338e-01,0.000000000000000000e+00,2.067763097310462012e-03,3.018331144728581081e-03,1.986975462049657849e-03,2.977100591953430603e-03,1.000000000000000000e+00,1.000000000000000000e+00,6.804141895203717890e-04,1.541512962910398426e-03,2.340524619990065006e-03,3.205422675627434947e-03,3.426140989094673267e-02,7.902620555355234630e-04,1.045769771926459424e-01,4.582035776171942618e-03,6.830875854513263892e-04,1.520701664523907426e-03,1.032984688354410610e-02,2.414192960969484009e-03
3.510000000000000342e-01,0.000000000000000000e+00,2.068830152454844123e-03,3.019765155032803211e-03,1.984517870255046723e-03,2.977101956296493608e-03,1.000000000000000000e+00,1.000000000000000000e+00,6.812316011842272073e-04,1.542946973214620555e-03,1.634823327710872637e-03,2.868020608444267830e-03,3.371425554271780672e-02,1.730893794070338838e-03,1.025504611375956804e-01,7.281037133451414602e-03,6.830875854513263892e-04,1.520701664523907426e-03,1.032984688354410610e-02,2.414192960969484009e-03
3.515000000000000346e-01,0.000000000000000000e+00,2.069414415960586610e-03,3.021061662877344827e-03,1.982054805925327796e-03,2.977098327868650703e-03,1.000000000000000000e+00,1.000000000000000000e+00,6.816791729961183292e-04,1.544243481059162171e-03,8.951436237821610610e-04,2.593015689083363884e-03,3.321607552677039582e-02,2.602319803317650754e-03,1.006921580090176932e-01,9.744108455814429193e-03,6.830875854513263892e-04,1.520701664523907426e-03,1.032984688354410610e-02,2.414192960969484009e-03
3.519999999999999796e-01,0.000000000000000000e+00,2.069496476261337755e-03,3.022249356621037678e-03,1.979586293698929952e-03,2.977090220058952776e-03,1.000000000000000000e+00,1.000000000000000000e+00,6.817420348335097129e-04,1.545431174802854805e-03,1.257236747827933376e-04,2.375387487385221662e-03,3.123520200266640540e-02,1.838199671206228614e-03,9.301806364671344474e-02,5.939028292708949802e-03,6.773678574749382843e-04,1.528816457940816026e-03,1.966664149278876499e-03,3.456097013566350289e-03
3.524999999999999800e-01,0.000000000000000000e+00,2.068982920412460250e-03,3.023305484264659192e-03,1.977112358756218796e-03,2.977078157524118938e-03,1.000000000000000000e+00,1.000000000000000000e+00,6.813486282292458831e-04,1.546487302446476319e-03,-7.868132085275515936e-04,2.112255287243040933e-03,3.169481968163808533e-02,7.404938259410907483e-04,9.601214466756204102e-02,2.215045489931251506e-03,6.773678574749382843e-04,1.528816457940816026e-03,1.966664149278876499e-03,3.456097013566350289e-03
3.529999999999999805e-01,0.000000000000000000e+00,2.067903759588166947e-03,3.024197147038260643e-03,1.974633026620537749e-03,2.977062671540614720e-03,1.000000000000000000e+00,1.000000000000000000e+00,6.805219430765642279e-04,1.547378965220077987e-03,-1.653370305363275825e-03,1.783325547203541694e-03,3.214818502642748099e-02,-3.499257146715998483e-04,9.692287516981749895e-02,-1.224168423854667164e-03,6.773678574749382843e-04,1.528816457940816026e-03,1.966664149278876499e-03,3.456097013566350289e-03
3.534999999999999809e-01,0.000000000000000000e+00,2.066288406872829591e-03,3.024892075095418111e-03,1.972148322959248277e-03,2.977044295356741539e-03,1.000000000000000000e+00,1.000000000000000000e+00,6.792845111053028798e-04,1.548073893277235671e-03,-2.474863942522747239e-03,1.389856114315441305e-03,3.250194015490120297e-02,-1.119247276391897514e-03,9.747588882613587857e-02,-3.450323455460134817e-03,6.773678574749382843e-04,1.528816457940816026e-03,1.966664149278876499e-03,3.456097013566350289e-03
3.539999999999999813e-01,0.000000000000000000e+00,2.064161003582662066e-03,3.025368432064480615e-03,1.969658273384767514e-03,2.977023559544712296e-03,1.000000000000000000e+00,1.000000000000000000e+00,6.776548256365968245e-04,1.548550250246297959e-03,-3.259370937412114661e-03,9.527139381247805468e-04,3.295289931789299742e-02,-5.578923280350492559e-04,9.851097588422000340e-02,-8.014738487212157321e-04,6.783686008360107671e-04,1.550328354460442891e-03,1.036933999981409392e-03,8.084704152797208762e-03
3.544999999999999818e-01,0.000000000000000000e+00,2.061550338366420487e-03,3.025646250652289180e-03,1.967162903255607193e-03,2.977000987352741278e-03,1.000000000000000000e+00,1.000000000000000000e+00,6.756549400548511608e-04,1.548828068834106524e-03,-3.999771163491290006e-03,5.556371756171136177e-04,3.366217085406252030e-02,-1.452565051090585167e-03,1.004895740309992014e-01,-4.926055966420130050e-03,6.783686008360107671e-04,1.550328354460442891e-03,1.036933999981409392e-03,8.084704152797208762e-03
3.549999999999999822e-01,0.000000000000000000e+00,2.058497861548514666e-03,3.025699844889303668e-03,1.964662237477416470e-03,2.976977090057125394e-03,1.000000000000000000e+00,1.000000000000000000e+00,6.733166071507449115e-04,1.548881663071121012e-03,-4.676665808212593194e-03,1.071884740288478357e-04,3.436280689738762523e-02,-2.341548935333723387e-03,1.022476611528090190e-01,-7.807685025939599399e-03,6.783686008360107671e-04,1.550328354460442891e-03,1.036933999981409392e-03,8.084704152797208762e-03
3.554999999999999827e-01,0.000000000000000000e+00,2.055044158917430659e-03,3.025504030705886659e-03,1.962156300304016953e-03,2.976952362314329303e-03,1.000000000000000000e+00,1.000000000000000000e+00,6.706709174420175936e-04,1.548685848887704003e-03,-5.291379417454733676e-03,-3.916283668338314708e-04,3.505498755969806840e-02,-3.224955139801860896e-03,1.040131200522646931e-01,-1.069417042146023067e-02,6.783686008360107671e-04,1.550328354460442891e-03,1.036933999981409392e-03,8.084704152797208762e-03
3.559999999999999831e-01,0.000000000000000000e+00,2.051228966200914407e-03,3.025034119477146288e-03,1.959645115138445096e-03,2.976927277513064483e-03,1.000000000000000000e+00,1.000000000000000000e+00,6.677483102621021606e-04,1.548215937658963415e-03,-5.845214359830952847e-03,-9.398224574811043109e-04,3.481237826605473179e-02,-4.345298702937569306e-03,1.021875403554264872e-01,-1.452683714282866634e-02,6.826886281933966950e-04,1.543538126017064303e-03,1.749043664062837093e-03,8.057107195352250853e-04
3.564999999999999836e-01,0.000000000000000000e+00,2.047044764405247901e-03,3.024258335236472417e-03,1.957128704333991557e-03,2.976902283126379566e-03,1.000000000000000000e+00,1.000000000000000000e+00,6.645430257276435096e-04,1.547440153418289978e-03,-6.410569068917244817e-03,-1.551568481347005138e-03,3.435386652652448053e-02,-3.273899628755448134e-03,1.003153784014573086e-01,-9.672587678218727558e-03,6.826886281933966950e-04,1.543538126017064303e-03,1.749043664062837093e-03,8.057107195352250853e-04
3.569999999999999840e-01,0.000000000000000000e+00,2.042473346931638744e-03,3.023213809252029826e-03,1.954607088995238395e-03,2.976877796063738101e-03,1.000000000000000000e+00,1.000000000000000000e+00,6.610411167748081549e-04,1.546395627433847170e-03,-7.003817905670668524e-03,-2.089051968885486353e-03,3.389914783218362510e-02,-2.210724258146278508e-03,9.862752380005594677e-02,-6.689341950202551748e-03,6.826886281933966950e-04,1.543538126017064303e-03,1.749043664062837093e-03,8.057107195352250853e-04
3.574999999999999845e-01,0.000000000000000000e+00,2.037496952819722613e-03,3.021937014468433109e-03,1.952080288779100377e-03,2.976854198023104990e-03,1.000000000000000000e+00,1.000000000000000000e+00,6.572289777186049063e-04,1.545118832650250670e-03,-7.624278112406466038e-03,-2.553589567192842379e-03,3.344812934160037998e-02,-1.155626787910148459e-03,9.693643122645767551e-02,-3.699075972704692419e-03,6.826886281933966950e-04,1.543538126017064303e-03,1.749043664062837093e-03,8.057107195352250853e-04
3.579999999999999849e-01,0.000000000000000000e+00,2.032098258927896896e-03,3.020463773583751017e-03,1.949548321695864558e-03,2.976831830843030754e-03,1.000000000000000000e+00,1.000000000000000000e+00,6.530933382626712266e-04,1.543645591765568145e-03,-8.271278911867293443e-03,-2.946481769365141834e-03,3.260528703295129810e-02,-1.624485995110767174e-03,9.370645322147372336e-02,-6.589631781995909307e-03,6.712116022515924631e-04,1.550626049074056928e-03,-2.998581585672438661e-03,2.541949831240128323e-03
3.584999999999999853e-01,0.000000000000000000e+00,2.026240560763369232e-03,3.018781883652081090e-03,1.947011203910242868e-03,2.976810991855070171e-03,1.000000000000000000e+00,1.000000000000000000e+00,6.486060811342667619e-04,1.541963701833898434e-03,-8.974514256808846166e-03,-3.363779863339272369e-03,3.316877726760678047e-02,-2.631589610420803031e-03,9.624298008601371579e-02,-1.028010092571559481e-02,6.712116022515924631e-04,1.550626049074056928e-03,-2.998581585672438661e-03,2.541949831240128323e-03
3.589999999999999858e-01,0.000000000000000000e+00,2.019958090957824689e-03,3.016862484410625257e-03,1.944468949554271344e-03,2.976791929511747418e-03,1.000000000000000000e+00,1.000000000000000000e+00,6.437934300506666617e-04,1.540044302592442601e-03,-9.625302167200268030e-03,-3.838798482911622185e-03,3.372513569689836177e-02,-3.632301355535323944e-03,9.757897665168785428e-02,-1.351109217197292087e-02,6.712116022515924631e-04,1.550626049074056928e-03,-2.998581585672438661e-03,2.541949831240128323e-03
3.594999999999999862e-01,0.000000000000000000e+00,2.013284374937671789e-03,3.014677277886312380e-03,1.941921570658281145e-03,2.976774841761464958e-03,1.000000000000000000e+00,1.000000000000000000e+00,6.386810669784744087e-04,1.537859096068129941e-03,-1.022472614438457890e-02,-4.370413048625293971e-03,3.393404042452453917e-02,-3.860238875946804451e-03,9.759879451210771995e-02,-1.377068751105661043e-02,6.712116022515924631e-04,1.550626049074056928e-03,-2.998581585672438661e-03,2.541949831240128323e-03
3.599999999999999867e-01,0.000000000000000000e+00,2.006235184970412561e-03,3.012222478399806912e-03,1.939369077236142644e-03,2.976759878012439492e-03,1.000000000000000000e+00,1.000000000000000000e+00,6.332810741755652909e-04,1.535404296581624039e-03,-1.079998560581824606e-02,-4.909598973011890938e-03,3.335750731428643867e-02,-4.010323192970359843e-03,9.487760733253686185e-02,-1.439087036262917847e-02,6.485183779617329294e-04,1.549763854696818103e-03,-8.291806411994877973e-03,6.568337929557063097e-04
3.604999999999999871e-01,0.000000000000000000e+00,1.998786801482784880e-03,3.009496808162930200e-03,1.936811477400371927e-03,2.976747141791457121e-03,1.000000000000000000e+00,1.000000000000000000e+00,6.275752813946491263e-04,1.532678626344747544e-03,-1.141158556183233252e-02,-5.451340473753109490e-03,3.437457557767066574e-02,-3.597580225980499900e-03,9.899673227779010043e-02,-1.289278248747506052e-02,6.485183779617329294e-04,1.549763854696818103e-03,-8.291806411994877973e-03,6.568337929557063097e-04
3.609999999999999876e-01,0.000000000000000000e+00,1.990995666563165952e-03,3.006516626160793230e-03,1.934248777477536301e-03,2.976736693409472861e-03,1.000000000000000000e+00,1.000000000000000000e+00,6.216069257838845825e-04,1.529698444342610791e-03,-1.193671122152910498e-02,-5.960364004273438487e-03,3.537988506094288943e-02,-3.188460389870781224e-03,1.017554629532411992e-01,-1.187515793566748523e-02,6.485183779617329294e-04,1.549763854696818103e-03,-8.291806411994877973e-03,6.568337929557063097e-04
3.614999999999999880e-01,0.000000000000000000e+00,1.982917015731534838e-03,3.003298016771072543e-03,1.931680982123655911e-03,2.976728552627211019e-03,1.000000000000000000e+00,1.000000000000000000e+00,6.154183202064150487e-04,1.526479834952889887e-03,-1.237721115493907106e-02,-6.437218779441830283e-03,3.637368713276908916e-02,-2.782902865545815868e-03,1.045242316327684440e-01,-1.085444046076779537e-02,6.485183779617329294e-04,1.549763854696818103e-03,-8.291806411994877973e-03,6.568337929557063097e-04
3.619999999999999885e-01,0.000000000000000000e+00,1.974604898300928030e-03,2.999856793034503914e-03,1.929108094439606650e-03,2.976722701320763838e-03,1.000000000000000000e+00,1.000000000000000000e+00,6.090508688381463713e-04,1.523038611216321475e-03,-1.273490273653732005e-02,-6.882447473136801309e-03,3.645148892188927736e-02,-3.830902296518076764e-03,1.037891208965660700e-01,-1.546220204070256933e-02,6.271104254167730483e-04,1.529499340270565983e-03,-9.821287802868245570e-03,-6.184191040562006351e-03
3.624999999999999889e-01,0.000000000000000000e+00,1.966066869287972588e-03,2.996163178333275702e-03,1.926530116086523506e-03,2.976719086147192744e-03,1.000000000000000000e+00,1.000000000000000000e+00,6.025103591575833428e-04,1.519344996515092829e-03,-1.308101936112613696e-02,-7.387229402457093190e-03,3.703063002943008525e-02,-2.768695562933857351e-03,1.057891076216950915e-01,-1.065940779744810850e-02,6.271104254167730483e-04,1.529499340270565983e-03,-9.821287802868245570e-03,-6.184191040562006351e-03
3.629999999999999893e-01,0.000000000000000000e+00,1.957335538939137826e-03,2.992253725544578684e-03,1.923947047401202825e-03,2.976717621210129595e-03,1.000000000000000000e+00,1.000000000000000000e+00,5.958217720628223787e-04,1.515435543726395811e-03,-1.337717418952195231e-02,-7.818905577394202888e-03,3.760297732886313388e-02,-1.714584432910407942e-03,1.073611208602955475e-01,-7.658012838783009694e-03,6.271104254167730483e-04,1.529499340270565983e-03,-9.821287802868245570e-03,-6.184191040562006351e-03
3.634999999999999898e-01,0.000000000000000000e+00,1.948442819852198599e-03,2.988164333953509562e-03,1.921358887511506307e-03,2.976718190725374455e-03,1.000000000000000000e+00,1.000000000000000000e+00,5.890095540220545087e-04,1.511346152135326689e-03,-1.362443608153575403e-02,-8.178783182138401817e-03,3.816867616381097034e-02,-6.684241511535043544e-04,1.089389337033471877e-01,-4.649706984534516391e-03,6.271104254167730483e-04,1.529499340270565983e-03,-9.821287802868245570e-03,-6.184191040562006351e-03
3.639999999999999902e-01,0.000000000000000000e+00,1.939419938752253835e-03,2.983930257307336985e-03,1.918765634451763489e-03,2.976720651686496407e-03,1.000000000000000000e+00,1.000000000000000000e+00,5.820976260945184139e-04,1.507112075489154546e-03,-1.382385585507224859e-02,-8.468153292344297173e-03,3.869391201245614420e-02,7.006839692541674998e-04,1.103905430225812778e-01,-3.500709564981990731e-04,6.058929629581716629e-04,1.522763442182067982e-03,-1.032058102712393732e-02,-4.398500158622776005e-03
3.644999999999999907e-01,0.000000000000000000e+00,1.930295746794456410e-03,2.979596449586554771e-03,1.916167285278174218e-03,2.976724836530434369e-03,1.000000000000000000e+00,1.000000000000000000e+00,5.751080895472970508e-04,1.502778267768372332e-03,-1.397907309444279197e-02,-8.667615441564253953e-03,3.941934327460352300e-02,1.554357127598320065e-03,1.126775283476278422e-01,1.710769695993978384e-03,6.058929629581716629e-04,1.522763442182067982e-03,-1.032058102712393732e-02,-4.398500158622776005e-03
3.649999999999999911e-01,0.000000000000000000e+00,1.921108801077984259e-03,2.975191243401906563e-03,1.913563836184212002e-03,2.976730555803097471e-03,1.000000000000000000e+00,1.000000000000000000e+00,5.680704808319577467e-04,1.498373061583723690e-03,-1.407521743067852854e-02,-8.810412369297066990e-03,4.013674179976288448e-02,2.401755278281124482e-03,1.147936147905091603e-01,4.211616726777032277e-03,6.058929629581716629e-04,1.522763442182067982e-03,-1.032058102712393732e-02,-4.398500158622776005e-03
3.654999999999999916e-01,0.000000000000000000e+00,1.911896815032173864e-03,2.970742453883963140e-03,1.910955282616027574e-03,2.976737600824961964e-03,1.000000000000000000e+00,1.000000000000000000e+00,5.610136901114750902e-04,1.493924272065780485e-03,-1.411358144096520884e-02,-8.897579035886551621e-03,4.084628335265913512e-02,3.242993031003487542e-03,1.169165584622747639e-01,6.717820482652542280e-03,6.058929629581716629e-04,1.522763442182067982e-03,-1.032058102712393732e-02,-4.398500158622776005e-03
3.659999999999999920e-01,0.000000000000000000e+00,1.902696672756927585e-03,2.966277385129010950e-03,1.908341619387850501e-03,2.976745746356675507e-03,1.000000000000000000e+00,1.000000000000000000e+00,5.539659722456186618e-04,1.489459203310828077e-03,-1.409543573171289504e-02,-8.930137509904635326e-03,4.175741220174589152e-02,4.265627800059703517e-03,1.198589487079602389e-01,9.957252854018314170e-03,5.879984333500593453e-04,1.516368558105031733e-03,-9.449804204407032115e-03,-3.636946806120472733e-03
3.664999999999999925e-01,0.000000000000000000e+00,1.893554927795600964e-03,2.961828695165879405e-03,1.905722840797393399e-03,2.976754753264655370e-03,1.000000000000000000e+00,1.000000000000000000e+00,5.469629893175835967e-04,1.485010513347696532e-03,-1.400596585607019086e-02,-8.897379926263113484e-03,4.246138344648827528e-02,5.078231414058033411e-03,1.218623884256165857e-01,1.225423458610803290e-02,5.879984333500593453e-04,1.516368558105031733e-03,-9.449804204407032115e-03,-3.636946806120472733e-03
3.669999999999999929e-01,0.000000000000000000e+00,1.884507207003047842e-03,2.957422095883547111e-03,1.903098940741253763e-03,2.976764371186687089e-03,1.000000000000000000e+00,1.000000000000000000e+00,5.400320330815562347e-04,1.480603914065364455e-03,-1.386191247205469275e-02,-8.813198564664127474e-03,4.315793242241747901e-02,5.885140448697280362e-03,1.240426703715495071e-01,1.473051158271626929e-02,5.879984333500593453e-04,1.516368558105031733e-03,-9.449804204407032115e-03,-3.636946806120472733e-03
3.674999999999999933e-01,0.000000000000000000e+00,1.875588340447550658e-03,2.953082817439155530e-03,1.900469912830318395e-03,2.976774341197527436e-03,1.000000000000000000e+00,1.000000000000000000e+00,5.331997849177979015e-04,1.476264635620972874e-03,-1.366449632751672721e-02,-8.678556888783123952e-03,4.384722512690097940e-02,6.686461596262164957e-03,1.262292884139050164e-01,1.721164981580261544e-02,5.879984333500593453e-04,1.516368558105031733e-03,-9.449804204407032115e-03,-3.636946806120472733e-03
3.679999999999999938e-01,0.000000000000000000e+00,1.866832375043612612e-03,2.948835614333819837e-03,1.897835750505165019e-03,2.976784398474501339e-03,1.000000000000000000e+00,1.000000000000000000e+00,5.264923262759691738e-04,1.472017432515637181e-03,-1.341491728365751257e-02,-8.494406210671363519e-03,4.267895631532404865e-02,5.372398685529642184e-03,1.212355101287201087e-01,1.150341738749705023e-02,5.509788332906920185e-04,1.486700814680561814e-03,-1.519446391645752278e-02,-1.073656634761696593e-02
3.684999999999999942e-01,0.000000000000000000e+00,1.858179878151356920e-03,2.944638826310244477e-03,1.895196447151465194e-03,2.976794274963104857e-03,1.000000000000000000e+00,1.000000000000000000e+00,5.198641291125524451e-04,1.467820644492061604e-03,-1.325639432683351805e-02,-8.393576047151333000e-03,4.328382135944124770e-02,6.282021558374721940e-03,1.246656212715929191e-01,1.620121102990028025e-02,5.509788332906920185e-04,1.486700814680561814e-03,-1.519446391645752278e-02,-1.073656634761696593e-02
3.689999999999999947e-01,0.000000000000000000e+00,1.849660931781673236e-03,2.940520773271660532e-03,1.892551996215388306e-03,2.976803702042602959e-03,1.000000000000000000e+00,1.000000000000000000e+00,5.133382375848276899e-04,1.463702591453477876e-03,-1.305178305544955550e-02,-8.236106077167357556e-03,4.388241931172048166e-02,7.185372237973731632e-03,1.265820783873011224e-01,1.900073233902645209e-02,5.509788332906920185e-04,1.486700814680561814e-03,-1.519446391645752278e-02,-1.073656634761696593e-02
3.694999999999999951e-01,0.000000000000000000e+00,1.841304939027836813e-03,2.936509240855911945e-03,1.889902391319004055e-03,2.976812413191630771e-03,1.000000000000000000e+00,1.000000000000000000e+00,5.069371757690087788e-04,1.459691059037729506e-03,-1.280212363163792458e-02,-8.023064831496893798e-03,4.447489161347223385e-02,8.082569051558772394e-03,1.285038854706773981e-01,2.180560797069042156e-02,5.509788332906920185e-04,1.486700814680561814e-03,-1.519446391645752278e-02,-1.073656634761696593e-02
3.699999999999999956e-01,0.000000000000000000e+00,1.833140635712721209e-03,2.932631487196051510e-03,1.887247626375684060e-03,2.976820146653764033e-03,1.000000000000000000e+00,1.000000000000000000e+00,5.006829565825267466e-04,1.455813305377869071e-03,-1.250843837296406434e-02,-7.755507319720932914e-03,4.534564049850972611e-02,9.180638766300760339e-03,1.315349035649889253e-01,2.541930482820953588e-02,5.250001020543664442e-04,1.467735612911076886e-03,-1.379628012039180174e-02,-9.941466105431374933e-03
3.704999999999999960e-01,0.000000000000000000e+00,1.825210343649997635e-03,2.928920716599885121e-03,1.884587695703906444e-03,2.976826648031936830e-03,1.000000000000000000e+00,1.000000000000000000e+00,4.946080004155667832e-04,1.452102534781702248e-03,-1.214991233391990097e-02,-7.421541192333429814e-03,4.588238219952765762e-02,1.010419769047393029e-02,1.330654399707286162e-01,2.821234416275169438e-02,5.250001020543664442e-04,1.467735612911076886e-03,-1.379628012039180174e-02,-9.941466105431374933e-03
3.709999999999999964e-01,0.000000000000000000e+00,1.817539132004485644e-03,2.925404274000439030e-03,1.881922594121331841e-03,2.976831672005368114e-03,1.000000000000000000e+00,1.000000000000000000e+00,4.887315113625326744e-04,1.448586092182256157e-03,-1.175297810606827295e-02,-7.032885198892053873e-03,4.641390115267807204e-02,1.102170035439646242e-02,1.348811050584172999e-01,3.115435643584549275e-02,5.250001020543664442e-04,1.467735612911076886e-03,-1.379628012039180174e-02,-9.941466105431374933e-03
3.714999999999999969e-01,0.000000000000000000e+00,1.810151487403108186e-03,2.922108975046193609e-03,1.879252317008683936e-03,2.976834982703123987e-03,1.000000000000000000e+00,1.000000000000000000e+00,4.830722472679095159e-04,1.445290793228011170e-03,-1.131852818924633693e-02,-6.590597908490188582e-03,4.694031872014347434e-02,1.193326398216095971e-02,1.367012285987586617e-01,3.410153869804560117e-02,5.250001020543664442e-04,1.467735612911076886e-03,-1.379628012039180174e-02,-9.941466105431374933e-03
3.719999999999999973e-01,0.000000000000000000e+00,1.803071324012822055e-03,2.919061112879255994e-03,1.876576860366642105e-03,2.976836353766704364e-03,1.000000000000000000e+00,1.000000000000000000e+00,4.776485274464065426e-04,1.442242931061073121e-03,-1.084743964300593708e-02,-6.095724333876243774e-03,4.763378027154528682e-02,1.302347305250704107e-02,1.391937979566840178e-01,3.777020486848223224e-02,4.995872692380581848e-04,1.450965317281049981e-03,-1.310523166076115256e-02,-8.954653401042721519e-03
3.724999999999999978e-01,0.000000000000000000e+00,1.796330612094949224e-03,2.916292230430888362e-03,1.873896220872625206e-03,2.976835568408056458e-03,1.000000000000000000e+00,1.000000000000000000e+00,4.724848425390540526e-04,1.439474048612705706e-03,-1.032736981470492969e-02,-5.537764896734885707e-03,4.819699722061689118e-02,1.387468611209110095e-02,1.410638097309091787e-01,4.038532050852581406e-02,4.995872692380581848e-04,1.450965317281049981e-03,-1.310523166076115256e-02,-8.954653401042721519e-03
3.729999999999999982e-01,0.000000000000000000e+00,1.789954386329353775e-03,2.913826002388548997e-03,1.871210395937583822e-03,2.976832419467600847e-03,1.000000000000000000e+00,1.000000000000000000e+00,4.676003702232476569e-04,1.437007820570366124e-03,-9.768944631612801882e-03,-4.932456084679290483e-03,4.875499860619374182e-02,1.472065578459311186e-02,1.430450061549566887e-01,4.320445756128141884e-02,4.995872692380581848e-04,1.450965317281049981e-03,-1.310523166076115256e-02,-8.954653401042721519e-03
3.734999999999999987e-01,0.000000000000000000e+00,1.783967087668865458e-03,2.911685629957637064e-03,1.868519383762784047e-03,2.976826709472247569e-03,1.000000000000000000e+00,1.000000000000000000e+00,4.630138333550868355e-04,1.434867448139454625e-03,-9.173073736321635946e-03,-4.280744861822808819e-03,4.883831954025952271e-02,1.488518118166215314e-02,1.432069323555198170e-01,4.340152886172967545e-02,4.995872692380581848e-04,1.450965317281049981e-03,-1.310523166076115256e-02,-8.954653401042721519e-03
3.739999999999999991e-01,0.000000000000000000e+00,1.778369046937648777e-03,2.909872709030703920e-03,1.865823183396596047e-03,2.976818250693420882e-03,1.000000000000000000e+00,1.000000000000000000e+00,4.587254853605845107e-04,1.433054527212521481e-03,-8.576695989004703286e-03,-3.625841853866265327e-03,4.960596860705548949e-02,1.549150467505778714e-02,1.464320401140805916e-01,4.589748853474378415e-02,4.815347871640969133e-04,1.442521680801009312e-03,-1.051887140694192195e-02,-5.953710796030962579e-03
3.744999999999999996e-01,0.000000000000000000e+00,1.773194832322427198e-03,2.908402588249927971e-03,1.863121794791281101e-03,2.976806865205073194e-03,1.000000000000000000e+00,1.000000000000000000e+00,4.547618070070890079e-04,1.431584406431745315e-03,-7.927356706990969226e-03,-2.940241561552522920e-03,4.951767141169835518e-02,1.541558249609183660e-02,1.457767285606558771e-01,4.537989422307036474e-02,4.815347871640969133e-04,1.442521680801009312e-03,-1.051887140694192195e-02,-5.953710796030962579e-03
3.750000000000000000e-01,0.000000000000000000e+00,1.768435678469974489e-03,2.907269075284757247e-03,1.860415218859782106e-03,2.976792384941718064e-03,1.000000000000000000e+00,1.000000000000000000e+00,4.511160836444694927e-04,1.430450893466574374e-03,-7.291446725239055481e-03,-2.267025930341835024e-03,4.943120033341371483e-02,1.534103177286655351e-02,1.458521043733225220e-01,4.544470597519718880e-02,4.815347871640969133e-04,1.442521680801009312e-03,-1.051887140694192195e-02,-5.953710796030962579e-03
3.755000000000000004e-01,0.000000000000000000e+00,1.764082966383271299e-03,2.906466054511495922e-03,1.857703457532507586e-03,2.976774651756437622e-03,1.000000000000000000e+00,1.000000000000000000e+00,4.477817127379536861e-04,1.429647872693313266e-03,-6.668741813031599242e-03,-1.606041546522052332e-03,4.934652488129487313e-02,1.526783551661539673e-02,1.459259213022917889e-01,4.550834696996788886e-02,4.815347871640969133e-04,1.442521680801009312e-03,-1.051887140694192195e-02,-5.953710796030962579e-03
3.760000000000000009e-01,0.000000000000000000e+00,1.760128221169224771e-03,2.905987486283721256e-03,1.854986513814120899e-03,2.976753517478914271e-03,1.000000000000000000e+00,1.000000000000000000e+00,4.447522021427819782e-04,1.429169304465538600e-03,-6.059021190343421952e-03,-9.571364555494545285e-04,4.880936449778630615e-02,1.547472723528120139e-02,1.442340505917229232e-01,4.665340332769143949e-02,4.614745696802563849e-04,1.428438534183715681e-03,-1.020896230271574855e-02,-6.643490357632857515e-03
3.765000000000000013e-01,0.000000000000000000e+00,1.756540351535418407e-03,2.905836118568825080e-03,1.852264391840328147e-03,2.976728843973442014e-03,1.000000000000000000e+00,1.000000000000000000e+00,4.420037345471692410e-04,1.429017936750642641e-03,-5.496935191225437931e-03,-3.027354297921214287e-04,4.873293200918386858e-02,1.540226000860400388e-02,1.446926031003899771e-01,4.647678807547014901e-02,4.614745696802563849e-04,1.428438534183715681e-03,-1.020896230271574855e-02,-6.643490357632857515e-03
3.770000000000000018e-01,0.000000000000000000e+00,1.753311668927399819e-03,2.906005898902321201e-03,1.849537096934665212e-03,2.976700503196955550e-03,1.000000000000000000e+00,1.000000000000000000e+00,4.395304201767017424e-04,1.429187717084138328e-03,-4.946628740935037939e-03,3.395606669914502792e-04,4.865810130435280906e-02,1.533113326062004317e-02,1.447578504836079805e-01,4.653865047189621046e-02,4.614745696802563849e-04,1.428438534183715681e-03,-1.020896230271574855e-02,-6.643490357632857515e-03
3.775000000000000022e-01,0.000000000000000000e+00,1.750434613721267314e-03,2.906490850684744290e-03,1.846804635665285233e-03,2.976668377257045937e-03,1.000000000000000000e+00,1.000000000000000000e+00,4.373264680234973246e-04,1.429672668866561851e-03,-4.407904306408836487e-03,9.699035648469995097e-04,4.858484552273505813e-02,1.526133018900902895e-02,1.448217304875678568e-01,4.659936855484256291e-02,4.614745696802563849e-04,1.428438534183715681e-03,-1.020896230271574855e-02,-6.643490357632857515e-03
3.780000000000000027e-01,0.000000000000000000e+00,1.747901753235793455e-03,2.907285072451925006e-03,1.844067015901746948e-03,2.976632358469982319e-03,1.000000000000000000e+00,1.000000000000000000e+00,4.353861843234044758e-04,1.430466890633742350e-03,-3.880567400185685502e-03,1.588443534361198882e-03,4.971025227213272946e-02,1.586927876167633367e-02,1.495334504013929311e-01,4.928603775768355955e-02,4.473269555343585666e-04,1.431535822564175249e-03,-8.221058523641319379e-03,-1.449114311508513039e-03
3.785000000000000031e-01,0.000000000000000000e+00,1.745765756064355904e-03,2.908403879473797984e-03,1.841324246871800649e-03,2.976592349418734525e-03,1.000000000000000000e+00,1.000000000000000000e+00,4.337499155597070253e-04,1.431585697655615112e-03,-3.272537527394871106e-03,2.237614043745361249e-03,5.029502263648609472e-02,1.492114559502665319e-02,1.511648855724434526e-01,4.536401762255226622e-02,4.473269555343585666e-04,1.431535822564175249e-03,-8.221058523641319379e-03,-1.449114311508513039e-03
3.790000000000000036e-01,0.000000000000000000e+00,1.744051547102998907e-03,2.909813736693325943e-03,1.838576339218178906e-03,2.976548263010991326e-03,1.000000000000000000e+00,1.000000000000000000e+00,4.324367553105146179e-04,1.432995554875143287e-03,-2.626320498384801441e-03,2.819714439056216805e-03,5.085069997123922714e-02,1.401181660631961243e-02,1.531650197832165050e-01,4.289222015234862850e-02,4.473269555343585666e-04,1.431535822564175249e-03,-8.221058523641319379e-03,-1.449114311508513039e-03
3.795000000000000040e-01,0.000000000000000000e+00,1.742782256022303630e-03,2.911482678826320634e-03,1.835823305055379493e-03,2.976500022537183036e-03,1.000000000000000000e+00,1.000000000000000000e+00,4.314644219314474642e-04,1.434664497008137762e-03,-1.944666758134343341e-03,3.337884265988750286e-03,5.075800865387096461e-02,1.395443538467170189e-02,1.526906600878939479e-01,4.366847823424913760e-02,4.473269555343585666e-04,1.431535822564175249e-03,-8.221058523641319379e-03,-1.449114311508513039e-03
3.800000000000000044e-01,0.000000000000000000e+00,1.741948209357883134e-03,2.913405710591952021e-03,1.833065158026457413e-03,2.976447561728501941e-03,1.000000000000000000e+00,1.000000000000000000e+00,4.308255051188661909e-04,1.436587528773769365e-03,-1.277833625162514124e-03,3.846063531263289696e-03,5.042871455619998833e-02,1.435456032994114443e-02,1.518430753888848073e-01,4.548996421805565765e-02,4.387781037415737278e-04,1.429758453333779093e-03,-5.718622331698760067e-03,-1.093763386417667596e-03
3.805000000000000049e-01,0.000000000000000000e+00,1.741527942810451330e-03,2.915592165374604472e-03,1.830301913359810850e-03,2.976390824814922290e-03,1.000000000000000000e+00,1.000000000000000000e+00,4.305035622655774079e-04,1.438773983556422033e-03,-6.438857065775141280e-04,4.372909565305136380e-03,4.940977899874215984e-02,1.465361321729812157e-02,1.485017692255638788e-01,4.653639380909023460e-02,4.387781037415737278e-04,1.429758453333779093e-03,-5.718622331698760067e-03,-1.093763386417667596e-03
3.810000000000000053e-01,0.000000000000000000e+00,1.741465643212567827e-03,2.918048079151882874e-03,1.827533587925966483e-03,2.976329766583223763e-03,1.000000000000000000e+00,1.000000000000000000e+00,4.304558380048101275e-04,1.441229897333700218e-03,-9.544852153454703308e-05,4.911827554556549673e-03,4.908795106357089627e-02,1.468867377122597996e-02,1.484113535827594199e-01,4.664903983705433188e-02,4.387781037415737278e-04,1.429758453333779093e-03,-5.718622331698760067e-03,-1.093763386417667596e-03
3.815000000000000058e-01,0.000000000000000000e+00,1.741741031405766651e-03,2.920771136067641487e-03,1.824760200285479314e-03,2.976264352458358672e-03,1.000000000000000000e+00,1.000000000000000000e+00,4.306667975999106104e-04,1.443952954249459047e-03,4.219191902010146437e-04,5.446113831517710412e-03,4.901759937042687865e-02,1.462950784204937286e-02,1.486860853231532220e-01,4.661911003312153856e-02,4.387781037415737278e-04,1.429758453333779093e-03,-5.718622331698760067e-03,-1.093763386417667596e-03
3.820000000000000062e-01,0.000000000000000000e+00,1.742346624895169983e-03,2.923756071852403812e-03,1.821981770597053043e-03,2.976194558951896201e-03,1.000000000000000000e+00,1.000000000000000000e+00,4.311307091272572408e-04,1.446937890034220939e-03,9.278230546932934430e-04,5.969871569523620830e-03,4.892613197004586079e-02,1.454398290642252428e-02,1.486580814760952440e-01,4.656272020572117809e-02,4.376158368811812471e-04,1.429927375755562407e-03,-2.461101458319446458e-03,-3.466880558721233325e-04
3.825000000000000067e-01,0.000000000000000000e+00,1.743273932843201601e-03,2.926996829906782036e-03,1.819198320271238518e-03,2.976120374778603618e-03,1.000000000000000000e+00,1.000000000000000000e+00,4.318410682279069136e-04,1.450178648088599380e-03,1.420718201299318861e-03,6.481516108756821791e-03,4.790343896219556585e-02,1.423748859908812586e-02,1.450246694145976012e-01,4.566545251348242546e-02,4.376158368811812471e-04,1.429927375755562407e-03,-2.461101458319446458e-03,-3.466880558721233325e-04
3.830000000000000071e-01,0.000000000000000000e+00,1.744467871584975613e-03,2.930480488640700883e-03,1.816409871553041058e-03,2.976041802159750532e-03,1.000000000000000000e+00,1.000000000000000000e+00,4.327556783664672198e-04,1.453662306822518227e-03,1.829220277120648585e-03,6.967317467837900145e-03,4.689222172928185495e-02,1.393385612038850960e-02,1.421862077097345300e-01,4.495681760736474492e-02,4.376158368811812471e-04,1.429927375755562407e-03,-2.461101458319446458e-03,-3.466880558721233325e-04
3.835000000000000075e-01,0.000000000000000000e+00,1.745874542679569808e-03,2.934194338623627180e-03,1.813616447103008579e-03,2.975958858130373953e-03,1.000000000000000000e+00,1.000000000000000000e+00,4.338332509417773455e-04,1.457376156805444524e-03,2.155145150620226598e-03,7.427699965852801664e-03,4.589223334939983301e-02,1.363303848196917821e-02,1.393379495910857802e-01,4.424573967167872574e-02,4.376158368811812471e-04,1.429927375755562407e-03,-2.461101458319446458e-03,-3.466880558721233325e-04
3.840000000000000080e-01,0.000000000000000000e+00,1.747441212867963892e-03,2.938125880089869670e-03,1.810818069578326670e-03,2.975871575846542050e-03,1.000000000000000000e+00,1.000000000000000000e+00,4.350333899337967660e-04,1.461307698271687230e-03,2.400277984038849243e-03,7.863082932485486801e-03,4.557108076893835041e-02,1.419360126926590138e-02,1.390738072026808658e-01,4.686681626186763733e-02,4.305282991502141577e-04,1.447738532535996049e-03,-3.147586966197245002e-03,5.519884437430419219e-03
3.845000000000000084e-01,0.000000000000000000e+00,1.749149754099554258e-03,2.942289656445125096e-03,1.808014761213911281e-03,2.975780005892627450e-03,1.000000000000000000e+00,1.000000000000000000e+00,4.363422084500961505e-04,1.465471474626942440e-03,2.617637032598789468e-03,8.327552710510483999e-03,4.547198287070820799e-02,1.294540400140463746e-02,1.390778872375051933e-01,4.174046624678787176e-02,4.305282991502141577e-04,1.447738532535996049e-03,-3.147586966197245002e-03,5.519884437430419219e-03
3.850000000000000089e-01,0.000000000000000000e+00,1.750993358132917153e-03,2.946643482734814020e-03,1.805206543403498586e-03,2.975684217588570133e-03,1.000000000000000000e+00,1.000000000000000000e+00,4.377544910751655547e-04,1.469825300916631364e-03,2.824565250138776681e-03,8.707652579378015803e-03,4.537430335751931054e-02,1.170654970993093708e-02,1.388924079996717853e-01,3.815818293195880062e-02,4.305282991502141577e-04,1.447738532535996049e-03,-3.147586966197245002e-03,5.519884437430419219e-03
3.855000000000000093e-01,0.000000000000000000e+00,1.752965351642003268e-03,2.951145934996107084e-03,1.802393436280740275e-03,2.975584300297144658e-03,1.000000000000000000e+00,1.000000000000000000e+00,4.392651257446676520e-04,1.474327753177924211e-03,3.021269339004150744e-03,9.004904522585789953e-03,4.527801412197408198e-02,1.047686985305041306e-02,1.387057179428001497e-01,3.456792388885105566e-02,4.305282991502141577e-04,1.447738532535996049e-03,-3.147586966197245002e-03,5.519884437430419219e-03
3.860000000000000098e-01,0.000000000000000000e+00,1.755059193995721616e-03,2.955756340837716913e-03,1.799575458300294506e-03,2.975480364731229125e-03,1.000000000000000000e+00,1.000000000000000000e+00,4.408691020445007079e-04,1.478938159019534473e-03,3.207952599666078538e-03,9.220811683220588376e-03,4.643867893932779323e-02,9.932691622549600849e-03,1.433941316461610771e-01,3.359710453414725684e-02,4.456642701529981375e-04,1.459876971031128694e-03,3.646822063702922362e-03,5.868200442544943898e-03
3.865000000000000102e-01,0.000000000000000000e+00,1.757331381120639385e-03,2.960455913965464366e-03,1.796752625818915771e-03,2.975372544261067204e-03,1.000000000000000000e+00,1.000000000000000000e+00,4.426096983652706186e-04,1.483637732147281710e-03,3.481192641539794519e-03,9.399146255494541038e-03,4.558969793089126532e-02,9.245279760389057619e-03,1.392504624446958550e-01,3.146867002996835833e-02,4.456642701529981375e-04,1.459876971031128694e-03,3.646822063702922362e-03,5.868200442544943898e-03
3.870000000000000107e-01,0.000000000000000000e+00,1.759737047067810520e-03,2.965221599644198534e-03,1.793924952676553440e-03,2.975260996221546200e-03,1.000000000000000000e+00,1.000000000000000000e+00,4.444525453961016190e-04,1.488403417826015662e-03,3.685694061662017715e-03,9.531371357468010341e-03,4.475006400445252774e-02,8.562973980439130689e-03,1.368223481561400834e-01,2.946250839463741833e-02,4.456642701529981375e-04,1.459876971031128694e-03,3.646822063702922362e-03,5.868200442544943898e-03
3.875000000000000111e-01,0.000000000000000000e+00,1.762232300748245396e-03,2.970030763312722730e-03,1.791092449777437938e-03,2.975145903219449973e-03,1.000000000000000000e+00,1.000000000000000000e+00,4.463640206121708082e-04,1.493212581494540074e-03,3.822950432138395253e-03,9.618327337048621084e-03,4.391957406398514646e-02,7.885681224040208548e-03,1.343862546345090114e-01,2.745198789949659934e-02,4.456642701529981375e-04,1.459876971031128694e-03,3.646822063702922362e-03,5.868200442544943898e-03
3.880000000000000115e-01,0.000000000000000000e+00,1.764774209398095204e-03,2.974861185355623730e-03,1.788255124671176040e-03,2.975027474440736144e-03,1.000000000000000000e+00,1.000000000000000000e+00,4.483112356083043077e-04,1.498043003537441074e-03,3.894429992266974783e-03,9.660844085802033909e-03,4.209436283381509658e-02,6.547718536422935699e-03,1.280444588876949175e-01,2.285225841446497652e-02,4.363599804250814398e-04,1.469314307052411702e-03,-1.615293049856690675e-03,5.139317915819332713e-03
3.885000000000000120e-01,0.000000000000000000e+00,1.767270497917632294e-03,2.979670252830123392e-03,1.785412981133843117e-03,2.974905946957800279e-03,1.000000000000000000e+00,1.000000000000000000e+00,4.502235035571174201e-04,1.502852071011940736e-03,3.824535897626241132e-03,9.618134948999464487e-03,4.182854169775757081e-02,5.401260623839923905e-03,1.285332992059994572e-01,1.952360305993621620e-02,4.363599804250814398e-04,1.469314307052411702e-03,-1.615293049856690675e-03,5.139317915819332713e-03
3.890000000000000124e-01,0.000000000000000000e+00,1.769708095930552175e-03,2.984421836208919938e-03,1.782566018749074527e-03,2.974781587036740959e-03,1.000000000000000000e+00,1.000000000000000000e+00,4.520908119694724424e-04,1.507603654390737282e-03,3.734616824710097153e-03,9.503166757593011285e-03,4.156544355947298930e-02,4.262804552762892996e-03,1.276909500665571462e-01,1.603146767651906709e-02,4.363599804250814398e-04,1.469314307052411702e-03,-1.615293049856690675e-03,5.139317915819332713e-03
3.895000000000000129e-01,0.000000000000000000e+00,1.772074228119716478e-03,2.989080482690701507e-03,1.779714232489159166e-03,2.974654691444630038e-03,1.000000000000000000e+00,1.000000000000000000e+00,4.539033743846668982e-04,1.512262300872519068e-03,3.625124830388929895e-03,9.317292963563476860e-03,4.130500694824042196e-02,3.132200444283294097e-03,1.268462764119454300e-01,1.253250143846486656e-02,4.363599804250814398e-04,1.469314307052411702e-03,-1.615293049856690675e-03,5.139317915819332713e-03
3.900000000000000133e-01,0.000000000000000000e+00,1.774356409164870758e-03,2.993611407666123270e-03,1.776857612296131074e-03,2.974525588756777271e-03,1.000000000000000000e+00,1.000000000000000000e+00,4.556516264924987802e-04,1.516793225847940614e-03,3.496504215663742178e-03,9.061849950842982768e-03,4.215561361901441761e-02,4.325107562100280294e-03,1.303041436017516319e-01,1.802064104317750021e-02,4.477155142793655721e-04,1.501448578357192278e-03,3.009007958157673170e-03,1.206830502603063217e-02
3.905000000000000138e-01,0.000000000000000000e+00,1.776597972523266331e-03,2.998052866983879836e-03,1.773996142662861248e-03,2.974394640663997544e-03,1.000000000000000000e+00,1.000000000000000000e+00,4.573687636470967184e-04,1.521234685165696963e-03,3.434274309195888258e-03,8.882918635512701555e-03,4.163431717432511392e-02,3.336771967252485666e-03,1.275206124755245141e-01,1.308699087514870671e-02,4.477155142793655721e-04,1.501448578357192278e-03,3.009007958157673170e-03,1.206830502603063217e-02
3.910000000000000142e-01,0.000000000000000000e+00,1.778773019029419086e-03,3.002374506906678453e-03,1.771129802214152071e-03,2.974262243279881136e-03,1.000000000000000000e+00,1.000000000000000000e+00,4.590349459366604729e-04,1.525556325088495580e-03,3.332364579127468189e-03,8.643279845597096056e-03,4.111841639448043234e-02,2.355159012114313791e-03,1.259082206115320068e-01,1.001538107460029151e-02,4.477155142793655721e-04,1.501448578357192278e-03,3.009007958157673170e-03,1.206830502603063217e-02
3.915000000000000147e-01,0.000000000000000000e+00,1.780856228538845332e-03,3.006546550348409771e-03,1.768258563287826305e-03,2.974128828448055744e-03,1.000000000000000000e+00,1.000000000000000000e+00,4.606307770052090475e-04,1.529728368530226899e-03,3.191662137097185659e-03,8.344086883462652551e-03,4.060779064998539661e-02,1.380140981995950887e-03,1.242912226825235306e-01,6.938032423238687380e-03,4.477155142793655721e-04,1.501448578357192278e-03,3.009007958157673170e-03,1.206830502603063217e-02
3.920000000000000151e-01,0.000000000000000000e+00,1.782822850022230433e-03,3.010539789553060095e-03,1.765382391527927069e-03,2.973994864966062086e-03,1.000000000000000000e+00,1.000000000000000000e+00,4.621372964642744591e-04,1.533721607734877439e-03,3.013038918130865607e-03,7.986478409301264736e-03,4.048557091892380361e-02,9.189825033799238355e-04,1.241581327139723578e-01,5.825587154533958673e-03,4.585791552766179269e-04,1.529052551719636268e-03,4.545237539218783054e-03,1.316757828731767582e-02
3.925000000000000155e-01,0.000000000000000000e+00,1.784667892896317845e-03,3.014341437377296515e-03,1.762501245848099125e-03,2.973860857258983463e-03,1.000000000000000000e+00,1.000000000000000000e+00,4.635506813052853734e-04,1.537523255559113860e-03,2.826769682021832049e-03,7.603295648472885131e-03,3.989068546068955112e-02,3.431329151480359721e-05,1.218537649439077608e-01,2.618709812857024193e-03,4.585791552766179269e-04,1.529052551719636268e-03,4.545237539218783054e-03,1.316757828731767582e-02
3.930000000000000160e-01,0.000000000000000000e+00,1.786362757492615614e-03,3.017925640229044554e-03,1.759615079432873871e-03,2.973727336902743344e-03,1.000000000000000000e+00,1.000000000000000000e+00,4.648490229111184582e-04,1.541107458410861681e-03,2.596683211666126704e-03,7.168405703495807704e-03,3.930175827265307287e-02,-8.446299570845854738e-04,1.199528931530891296e-01,-2.266332177630640474e-04,4.585791552766179269e-04,1.529052551719636268e-03,4.545237539218783054e-03,1.316757828731767582e-02
3.935000000000000164e-01,0.000000000000000000e+00,1.787879492236640368e-03,3.021267048756966569e-03,1.756723841190153089e-03,2.973594851039032191e-03,1.000000000000000000e+00,1.000000000000000000e+00,4.660109091334641409e-04,1.544448866938784130e-03,2.323772444691386135e-03,6.682817055844837185e-03,3.871865433509498466e-02,-1.717958919895443788e-03,1.180469350233848830e-01,-3.076864276057278934e-03,4.585791552766179269e-04,1.529052551719636268e-03,4.545237539218783054e-03,1.316757828731767582e-02
3.940000000000000169e-01,0.000000000000000000e+00,1.789190782516281988e-03,3.024340811370621225e-03,1.753827477223962291e-03,2.973463950650688352e-03,1.000000000000000000e+00,1.000000000000000000e+00,4.670154157654995432e-04,1.547522629552438786e-03,2.009013264070811690e-03,6.147525227309323312e-03,3.713430374216739049e-02,-4.067959489558651762e-03,1.122254037400185478e-01,-1.168815479817823452e-02,4.588344438668426188e-04,1.536376981245342679e-03,1.744179964463242125e-03,7.140524860312586451e-03
3.945000000000000173e-01,0.000000000000000000e+00,1.790219491432579971e-03,3.027076242320838381e-03,1.750925932307181073e-03,2.973335178837043392e-03,1.000000000000000000e+00,1.000000000000000000e+00,4.678034525144165426e-04,1.550258060502655725e-03,1.576073497833976834e-03,5.470861900433811320e-03,3.637047921685893082e-02,-4.640317117853135810e-03,1.103828303291631979e-01,-1.219590759299074567e-02,4.588344438668426188e-04,1.536376981245342679e-03,1.744179964463242125e-03,7.140524860312586451e-03
3.950000000000000178e-01,0.000000000000000000e+00,1.790930520020664590e-03,3.029459076497516626e-03,1.748019151354303184e-03,2.973209059089317735e-03,1.000000000000000000e+00,1.000000000000000000e+00,4.683481320132176274e-04,1.552640894679333970e-03,1.089358997602152268e-03,4.765668353356622422e-03,3.561396698317421949e-02,-5.209515359390678307e-03,1.078398063670667345e-01,-1.422116364251960197e-02,4.588344438668426188e-04,1.536376981245342679e-03,1.744179964463242125e-03,7.140524860312586451e-03
3.955000000000000182e-01,0.000000000000000000e+00,1.791289579810411651e-03,3.031475353385416904e-03,1.745107080894162761e-03,2.973086083565955155e-03,1.000000000000000000e+00,1.000000000000000000e+00,4.686231877699006910e-04,1.554657171567234248e-03,5.501115133660836303e-04,4.032553775800547420e-03,3.509850321225213565e-02,-5.591587144728734499e-03,1.061989478551897403e-01,-1.553438913202307217e-02,4.588344438668426188e-04,1.536376981245342679e-03,1.744179964463242125e-03,7.140524860312586451e-03
3.960000000000000187e-01,0.000000000000000000e+00,1.791274897642693934e-03,3.033117165008707324e-03,1.742189670542696345e-03,2.972966701368023185e-03,1.000000000000000000e+00,1.000000000000000000e+00,4.686119405769076092e-04,1.556298983190524668e-03,-2.249438598619414326e-05,3.283623246580962950e-03,3.508203203442798040e-02,-5.504812688710076368e-03,1.062726169797231085e-01,-1.519331946884473240e-02,4.684456637908675464e-04,1.541358446002533784e-03,3.685336881899996600e-03,4.192237018436066609e-03
3.965000000000000191e-01,0.000000000000000000e+00,1.790889995800709622e-03,3.034391391620718924e-03,1.739266874475668689e-03,2.972851306814548039e-03,1.000000000000000000e+00,1.000000000000000000e+00,4.683170886597091812e-04,1.557573209802536269e-03,-5.897038343968494809e-04,2.548453224023299914e-03,3.447841823530459204e-02,-4.562713467162297920e-03,1.036429032871061529e-01,-1.192477640494619268e-02,4.684456637908675464e-04,1.541358446002533784e-03,3.685336881899996600e-03,4.192237018436066609e-03
3.970000000000000195e-01,0.000000000000000000e+00,1.790108981308372992e-03,3.035331608381050452e-03,1.736338652901434337e-03,2.972740227717912426e-03,1.000000000000000000e+00,1.000000000000000000e+00,4.677187968478594489e-04,1.558513426562867796e-03,-1.196583623699458811e-03,1.880433520662843716e-03,3.388019881156652952e-02,-3.628050354683999904e-03,1.015144099566155922e-01,-9.386390160127735388e-03,4.684456637908675464e-04,1.541358446002533784e-03,3.685336881899996600e-03,4.192237018436066609e-03
3.975000000000000200e-01,0.000000000000000000e+00,1.788906577440991987e-03,3.035970805491754708e-03,1.733404973533667764e-03,2.972633713659198276e-03,1.000000000000000000e+00,1.000000000000000000e+00,4.667977020468673868e-04,1.559152623673572269e-03,-1.842189601984157120e-03,1.278394221409004383e-03,3.328724537737924594e-02,-2.700693796921311597e-03,9.938131166186935095e-02,-6.841656004009004713e-03,4.684456637908675464e-04,1.541358446002533784e-03,3.685336881899996600e-03,4.192237018436066609e-03
3.980000000000000204e-01,0.000000000000000000e+00,1.787258112993003311e-03,3.036341395308234624e-03,1.730465813064114341e-03,2.972531924263568503e-03,1.000000000000000000e+00,1.000000000000000000e+00,4.655349050168064288e-04,1.559523213490051968e-03,-2.525594060121896106e-03,7.411796329592955585e-04,3.293017884500640952e-02,-1.981210712636134307e-03,9.813986121184228861e-02,-5.070115346060714845e-03,4.765494105228077447e-04,1.545958844360112916e-03,3.917746191312659887e-03,2.992555058233791095e-03
3.985000000000000209e-01,0.000000000000000000e+00,1.785151072310585266e-03,3.036468946650665909e-03,1.727521158635333259e-03,2.972434917475628817e-03,1.000000000000000000e+00,1.000000000000000000e+00,4.639208182106145401e-04,1.559650764832483253e-03,-3.228173612383810308e-03,2.551026848624386224e-04,3.261847566461675146e-02,-1.174787511800538852e-03,9.686309294817621596e-02,-2.761482716476379527e-03,4.765494105228077447e-04,1.545958844360112916e-03,3.917746191312659887e-03,2.992555058233791095e-03
3.990000000000000213e-01,0.000000000000000000e+00,1.782575409997659956e-03,3.036381475900562770e-03,1.724571009313440473e-03,2.972342637834796478e-03,1.000000000000000000e+00,1.000000000000000000e+00,4.619477464084471353e-04,1.559563294082380114e-03,-3.946143604334820948e-03,-1.749415002063479854e-04,3.271610526811657288e-02,-1.127165169820675602e-03,9.712918158709181460e-02,-3.449894209846665876e-03,4.765494105228077447e-04,1.545958844360112916e-03,3.917746191312659887e-03,2.992555058233791095e-03
3.995000000000000218e-01,0.000000000000000000e+00,1.779541758465776015e-03,3.036082981671184289e-03,1.721615377560852499e-03,2.972254904750665574e-03,1.000000000000000000e+00,1.000000000000000000e+00,4.596238345100880267e-04,1.559264799853001633e-03,-4.647823796718205010e-03,-5.969884587567498299e-04,3.281151978367301270e-02,-1.080428426738256308e-03,9.704583906783788294e-02,-3.490547513876335241e-03,4.765494105228077447e-04,1.545958844360112916e-03,3.917746191312659887e-03,2.992555058233791095e-03
4.000000000000000222e-01,0.000000000000000000e+00,1.776060567439458580e-03,3.035577412325005109e-03,1.718654290709031515e-03,2.972171400778375779e-03,1.000000000000000000e+00,1.000000000000000000e+00,4.569570874689419431e-04,1.558759230506822236e-03,-5.333494082292127361e-03,-1.011138692358630247e-03,3.153648324846166501e-02,-5.404490307225221033e-04,9.165047594294176148e-02,-1.611461751835482556e-03,4.618501551564739094e-04,1.564956460803380422e-03,-3.226542835482422173e-03,7.117966498259881147e-03
4.005000000000000226e-01,0.000000000000000000e+00,1.772073555272564134e-03,3.034884110123440594e-03,1.715687792431229170e-03,2.972091659893981094e-03,1.000000000000000000e+00,1.000000000000000000e+00,4.539028589538446888e-04,1.558065928305257721e-03,-6.108457030194517322e-03,-1.386604403129064250e-03,3.237075326218023796e-02,-1.297898662443024284e-03,9.556968718398756168e-02,-5.175574272885631252e-03,4.618501551564739094e-04,1.564956460803380422e-03,-3.226542835482422173e-03,7.117966498259881147e-03
4.010000000000000231e-01,0.000000000000000000e+00,1.767628853160500401e-03,3.033981662466608310e-03,1.712715944215229512e-03,2.972015055769814708e-03,1.000000000000000000e+00,1.000000000000000000e+00,4.504980195995791437e-04,1.557163480648425654e-03,-6.809678708531041562e-03,-1.804895313664106778e-03,3.319499593354469091e-02,-2.050605906336053132e-03,9.768826710661400459e-02,-7.632123105787440645e-03,4.618501551564739094e-04,1.564956460803380422e-03,-3.226542835482422173e-03,7.117966498259881147e-03
4.015000000000000235e-01,0.000000000000000000e+00,1.762773582145688456e-03,3.032849077673266912e-03,1.709738826836093659e-03,2.971940790049855570e-03,1.000000000000000000e+00,1.000000000000000000e+00,4.467786662188457129e-04,1.556030895855084473e-03,-7.438706761466810403e-03,-2.265169586682561510e-03,3.400942171130340308e-02,-2.798663985991853113e-03,9.981540697359396475e-02,-1.009272032703307544e-02,4.618501551564739094e-04,1.564956460803380422e-03,-3.226542835482422173e-03,7.117966498259881147e-03
4.020000000000000240e-01,0.000000000000000000e+00,1.757553870064951533e-03,3.031465779552573649e-03,1.706756541827903319e-03,2.971867880633806761e-03,1.000000000000000000e+00,1.000000000000000000e+00,4.427801347847162513e-04,1.554647597734390993e-03,-7.997062868258920584e-03,-2.766596241386809051e-03,3.408685516221741235e-02,-5.114458215849560993e-03,9.912602115292307170e-02,-1.866353944015993957e-02,4.593215093189787586e-04,1.563289136437235683e-03,-1.982360617384593821e-03,2.076087692599413483e-03
4.025000000000000244e-01,0.000000000000000000e+00,1.751978425847354080e-03,3.029762459892658324e-03,1.703769212691047877e-03,2.971795152261357334e-03,1.000000000000000000e+00,1.000000000000000000e+00,4.385090967239058612e-04,1.552944278074475668e-03,-8.542076121620731724e-03,-3.406639319830663624e-03,3.416096609780578525e-02,-5.043580963181624501e-03,9.905991928789081857e-02,-1.668663778050686122e-02,4.593215093189787586e-04,1.563289136437235683e-03,-1.982360617384593821e-03,2.076087692599413483e-03
4.030000000000000249e-01,0.000000000000000000e+00,1.746055731024990371e-03,3.027745248256610670e-03,1.700776984155547185e-03,2.971721244004816437e-03,1.000000000000000000e+00,1.000000000000000000e+00,4.339720492669446074e-04,1.550927066438428231e-03,-9.074094913922463312e-03,-4.034423272094910494e-03,3.423331004578294978e-02,-4.974061264736181869e-03,9.899665372237805017e-02,-1.674714287920015324e-02,4.593215093189787586e-04,1.563289136437235683e-03,-1.982360617384593821e-03,2.076087692599413483e-03
4.035000000000000253e-01,0.000000000000000000e+00,1.739794119348644051e-03,3.025420196089669694e-03,1.697780019444193513e-03,2.971644634159050641e-03,1.000000000000000000e+00,1.000000000000000000e+00,4.291753764373104781e-04,1.548602014271487255e-03,-9.593345659268292386e-03,-4.650104333881973674e-03,3.430391779395268459e-02,-4.905881819244413584e-03,9.893489656408741006e-02,-1.680648908771186986e-02,4.593215093189787586e-04,1.563289136437235683e-03,-1.982360617384593821e-03,2.076087692599413483e-03
4.040000000000000258e-01,0.000000000000000000e+00,1.733201779103851065e-03,3.022793277482256971e-03,1.694778497243861620e-03,2.971563667669788796e-03,1.000000000000000000e+00,1.000000000000000000e+00,4.241253508256372811e-04,1.545975095664074532e-03,-1.010005122334637316e-02,-5.253837214825355338e-03,3.389493844433483921e-02,-5.093196610262510152e-03,9.701869326050679976e-02,-1.785180545428427870e-02,4.408328863474966970e-04,1.559917067086649027e-03,-6.586936313539899605e-03,-3.093563203372638737e-04
4.045000000000000262e-01,0.000000000000000000e+00,1.726262813194286757e-03,3.019862445791637005e-03,1.691772608675439285e-03,2.971476583573808873e-03,1.000000000000000000e+00,1.000000000000000000e+00,4.188097945496236534e-04,1.543044263973454133e-03,-1.063111255202730046e-02,-5.861663381240907363e-03,3.486754696182373797e-02,-4.559935096935387004e-03,1.008646501352183228e-01,-1.588230331986321270e-02,4.408328863474966970e-04,1.559917067086649027e-03,-6.586936313539899605e-03,-3.093563203372638737e-04
4.050000000000000266e-01,0.000000000000000000e+00,1.719030767234644604e-03,3.016648234291264587e-03,1.688762554263771067e-03,2.971381542439135211e-03,1.000000000000000000e+00,1.000000000000000000e+00,4.132697259298585596e-04,1.539830052473081931e-03,-1.108013723953020328e-02,-6.428423000744367191e-03,3.582900013181835458e-02,-4.031221221290347788e-03,1.035312002594398206e-01,-1.452792858907778553e-02,4.408328863474966970e-04,1.559917067086649027e-03,-6.586936313539899605e-03,-3.093563203372638737e-04
4.055000000000000271e-01,0.000000000000000000e+00,1.711558038552214549e-03,3.013170827486231357e-03,1.685748540907595992e-03,2.971276653805233602e-03,1.000000000000000000e+00,1.000000000000000000e+00,4.075452836477472598e-04,1.536352645668048918e-03,-1.144888456422264202e-02,-6.954813610066019197e-03,3.677953718109894243e-02,-3.506977739328132667e-03,1.062072732612517612e-01,-1.316967172042133455e-02,4.408328863474966970e-04,1.559917067086649027e-03,-6.586936313539899605e-03,-3.093563203372638737e-04
4.060000000000000275e-01,0.000000000000000000e+00,1.703895895584106200e-03,3.009450065294616387e-03,1.682730778849482640e-03,2.971160003623195094e-03,1.000000000000000000e+00,1.000000000000000000e+00,4.016757416046447108e-04,1.532631883476433948e-03,-1.173908408620511108e-02,-7.441524383229923198e-03,3.664484340536261486e-02,-4.038885358699591602e-03,1.047194781450416917e-01,-1.589226568797293473e-02,4.194576738806690729e-04,1.544008610391243768e-03,-9.187042730299502594e-03,-5.156730335329886249e-03
4.065000000000000280e-01,0.000000000000000000e+00,1.696040661238446380e-03,3.005472574450992335e-03,1.679709478645771172e-03,2.971029681695938444e-03,1.000000000000000000e+00,1.000000000000000000e+00,3.956582829847547279e-04,1.528654392632809679e-03,-1.203491723978001270e-02,-7.954981687248705718e-03,3.732150099865856607e-02,-3.071645603633195963e-03,1.073061395301345422e-01,-1.190258905258010855e-02,4.194576738806690729e-04,1.544008610391243768e-03,-9.187042730299502594e-03,-5.156730335329886249e-03
4.070000000000000284e-01,0.000000000000000000e+00,1.688029372368868341e-03,3.001272022254856085e-03,1.676684848136510142e-03,2.970883809118399568e-03,1.000000000000000000e+00,1.000000000000000000e+00,3.895212796639935010e-04,1.524453840436673429e-03,-1.227400664152247974e-02,-8.401104392272441476e-03,3.799044257310332101e-02,-2.111862364459245710e-03,1.092001824401825499e-01,-9.192675055153975983e-03,4.194576738806690729e-04,1.544008610391243768e-03,-9.187042730299502594e-03,-5.156730335329886249e-03
4.075000000000000289e-01,0.000000000000000000e+00,1.679898266281952199e-03,2.996881476760485975e-03,1.673657089415394195e-03,2.970720565717721411e-03,1.000000000000000000e+00,1.000000000000000000e+00,3.832924910297003823e-04,1.520063294942303102e-03,-1.245757726858624272e-02,-8.781090988740563458e-03,3.865183470116529546e-02,-1.159402922439650187e-03,1.111008122094066380e-01,-6.476395725932415984e-03,4.194576738806690729e-04,1.544008610391243768e-03,-9.187042730299502594e-03,-5.156730335329886249e-03
4.080000000000000293e-01,0.000000000000000000e+00,1.671682794271387015e-03,2.992333414144046112e-03,1.670626395799702400e-03,2.970538217493450331e-03,1.000000000000000000e+00,1.000000000000000000e+00,3.769990743484075168e-04,1.515515232325863456e-03,-1.258683336258577257e-02,-9.096125232879337386e-03,3.834194575141612604e-02,-1.670992006822560796e-03,1.092644443781510821e-01,-9.411797497816428229e-03,3.919676114411047344e-04,1.518645494447282704e-03,-1.207712053480240570e-02,-9.927987960392996997e-03
4.085000000000000298e-01,0.000000000000000000e+00,1.663369343078339221e-03,2.987614191870767086e-03,1.667592948800237455e-03,2.970335144057726848e-03,1.000000000000000000e+00,1.000000000000000000e+00,3.706306012588324837e-04,1.510796010052584213e-03,-1.273694617915007918e-02,-9.438444546558597686e-03,3.894689841169862721e-02,-6.716669074163703589e-04,1.117991402929739836e-01,-5.241256136017519857e-03,3.919676114411047344e-04,1.518645494447282704e-03,-1.207712053480240570e-02,-9.927987960392996997e-03
4.090000000000000302e-01,0.000000000000000000e+00,1.654990303080060678e-03,2.982757569173153864e-03,1.664556915091263811e-03,2.970109866075480720e-03,1.000000000000000000e+00,1.000000000000000000e+00,3.642118842294794854e-04,1.505939387354971425e-03,-1.283743405870600013e-02,-9.713245395225365147e-03,3.954510307000591585e-02,3.201813150957257188e-04,1.135528722197734902e-01,-2.360522270504488915e-03,3.919676114411047344e-04,1.518645494447282704e-03,-1.207712053480240570e-02,-9.927987960392996997e-03
4.095000000000000306e-01,0.000000000000000000e+00,1.646577357377611208e-03,2.977796694621562962e-03,1.661518443480444057e-03,2.969861072704619090e-03,1.000000000000000000e+00,1.000000000000000000e+00,3.577671939238564027e-04,1.500978512803380089e-03,-1.288938061124618104e-02,-9.921749103182511687e-03,4.013670707569116924e-02,1.304687908033978858e-03,1.153123646481460790e-01,5.265943081833113562e-04,3.919676114411047344e-04,1.518645494447282704e-03,-1.207712053480240570e-02,-9.927987960392996997e-03
4.100000000000000311e-01,0.000000000000000000e+00,1.638161493810332209e-03,2.972764113693960632e-03,1.658477661878780514e-03,2.969587649036225466e-03,1.000000000000000000e+00,1.000000000000000000e+00,3.513202684040948117e-04,1.495945931875777976e-03,-1.289385103952313087e-02,-1.006516185520423684e-02,4.149732179917136471e-02,3.387645242106612428e-03,1.200891403663291862e-01,7.713981361255674643e-03,3.760026723272467280e-04,1.511636999721593932e-03,-9.480830540730660755e-03,-5.854895155157193234e-03
4.105000000000000315e-01,0.000000000000000000e+00,1.629811868224488288e-03,2.967726333716719581e-03,1.655434674270550967e-03,2.969288703534749170e-03,1.000000000000000000e+00,1.000000000000000000e+00,3.449240841219351457e-04,1.490908151898536925e-03,-1.279236856431936742e-02,-1.007555995448215953e-02,4.214434303365088841e-02,4.272585837397572042e-03,1.214940411882245858e-01,9.368180095861756290e-03,3.760026723272467280e-04,1.511636999721593932e-03,-9.480830540730660755e-03,-5.854895155157193234e-03
4.110000000000000320e-01,0.000000000000000000e+00,1.621561073262951140e-03,2.962711645167725918e-03,1.652389557683246139e-03,2.968963595478193909e-03,1.000000000000000000e+00,1.000000000000000000e+00,3.386036084903354675e-04,1.485893463349543262e-03,-1.264095126319934176e-02,-1.002937709798747655e-02,4.278457412744249982e-02,5.151260756465238060e-03,1.235081084613248309e-01,1.204507819151390789e-02,3.760026723272467280e-04,1.511636999721593932e-03,-9.480830540730660755e-03,-5.854895155157193234e-03
4.115000000000000324e-01,0.000000000000000000e+00,1.613440971188719129e-03,2.957747811113748803e-03,1.649342359157511930e-03,2.968611962398320231e-03,1.000000000000000000e+00,1.000000000000000000e+00,3.323832494188111311e-04,1.480929629295566147e-03,-1.244071814304862321e-02,-9.927668107954291943e-03,4.341816724317108106e-02,6.023786808481564406e-03,1.255279722081454330e-01,1.472732504638006069e-02,3.760026723272467280e-04,1.511636999721593932e-03,-9.480830540730660755e-03,-5.854895155157193234e-03
4.120000000000000329e-01,0.000000000000000000e+00,1.605482706388875001e-03,2.952862073846449463e-03,1.646293092725774603e-03,2.968233747440849907e-03,1.000000000000000000e+00,1.000000000000000000e+00,3.262868648920212418e-04,1.476043892028267024e-03,-1.219276905357975782e-02,-9.771474534598201256e-03,4.346464331203039877e-02,6.521532319979526406e-03,1.252985381722422631e-01,1.598273280031129936e-02,3.492793414019612543e-04,1.499958751149487249e-03,-1.194154646764403888e-02,-5.844895340796114544e-03
4.125000000000000333e-01,0.000000000000000000e+00,1.597687627764851799e-03,2.948069636240670602e-03,1.643241737080890609e-03,2.967829220376470064e-03,1.000000000000000000e+00,1.000000000000000000e+00,3.203154882284127750e-04,1.471251454422487946e-03,-1.194275332721698307e-02,-9.584875211557963501e-03,4.429715183830500169e-02,7.055303988092185945e-03,1.286240771289375306e-01,1.771106578173966759e-02,3.492793414019612543e-04,1.499958751149487249e-03,-1.194154646764403888e-02,-5.844895340796114544e-03
4.130000000000000338e-01,0.000000000000000000e+00,1.590096430833869926e-03,2.943386639816104704e-03,1.640188236443144466e-03,2.967398969182028466e-03,1.000000000000000000e+00,1.000000000000000000e+00,3.145002940028122766e-04,1.466568457997921831e-03,-1.163038845120100730e-02,-9.365992849132047729e-03,4.512118212338925294e-02,7.585500688805788677e-03,1.312786113609595851e-01,1.940864466252978718e-02,3.492793414019612543e-04,1.499958751149487249e-03,-1.194154646764403888e-02,-5.844895340796114544e-03
4.135000000000000342e-01,0.000000000000000000e+00,1.582748890028877779e-03,2.938828914256922872e-03,1.637132503652758298e-03,2.966943871143524602e-03,1.000000000000000000e+00,1.000000000000000000e+00,3.088717511985580606e-04,1.462010732438740433e-03,-1.125708560850839125e-02,-9.115451118362784960e-03,4.593692606003079576e-02,8.112191486362323178e-03,1.339403831311291038e-01,2.110927535115900838e-02,3.492793414019612543e-04,1.499958751149487249e-03,-1.194154646764403888e-02,-5.844895340796114544e-03
4.140000000000000346e-01,0.000000000000000000e+00,1.575683874513490301e-03,2.934411981401734669e-03,1.634074423459046374e-03,2.966465062149752953e-03,1.000000000000000000e+00,1.000000000000000000e+00,3.034596353224460830e-04,1.457593799583551796e-03,-1.082423175222398115e-02,-8.833865710377072911e-03,4.660195944661345985e-02,8.043681817281479046e-03,1.360553689563549218e-01,2.051469339816488352e-02,3.315180123837895704e-04,1.476352295506679676e-03,-1.000073704457406752e-02,-9.622887429584264102e-03
4.145000000000000351e-01,0.000000000000000000e+00,1.568932218744950851e-03,2.930132563608500371e-03,1.631013855809698883e-03,2.965963905984715480e-03,1.000000000000000000e+00,1.000000000000000000e+00,2.982875669391042229e-04,1.453314381790317932e-03,-1.034413676668366824e-02,-8.558835586467842052e-03,4.675511813241736009e-02,9.182662681909002644e-03,1.363360109890006111e-01,2.511487432178069121e-02,3.315180123837895704e-04,1.476352295506679676e-03,-1.000073704457406752e-02,-9.622887429584264102e-03
4.150000000000000355e-01,0.000000000000000000e+00,1.562498717816880643e-03,2.926025145957960628e-03,1.627950639140061375e-03,2.965441963620025437e-03,1.000000000000000000e+00,1.000000000000000000e+00,2.933592193033552958e-04,1.449206964139777756e-03,-9.856695271497803792e-03,-8.214835301080362223e-03,4.690727783938947876e-02,1.031400591131120814e-02,1.370536201461244052e-01,2.868426848147484151e-02,3.315180123837895704e-04,1.476352295506679676e-03,-1.000073704457406752e-02,-9.622887429584264102e-03
4.155000000000000360e-01,0.000000000000000000e+00,1.556388024946547561e-03,2.922123554326703024e-03,1.624884593662421790e-03,2.964900962507320721e-03,1.000000000000000000e+00,1.000000000000000000e+00,2.886781569864299351e-04,1.445305372508520585e-03,-9.362124633850667579e-03,-7.803183262514459817e-03,4.705846812513288235e-02,1.143785750372061476e-02,1.377720820918444666e-01,3.226018258735337957e-02,3.315180123837895704e-04,1.476352295506679676e-03,-1.000073704457406752e-02,-9.622887429584264102e-03
4.160000000000000364e-01,0.000000000000000000e+00,1.550604654077903950e-03,2.918460963780607296e-03,1.621815524655292927e-03,2.964342765870675925e-03,1.000000000000000000e+00,1.000000000000000000e+00,2.842478378700091638e-04,1.441642781962424640e-03,-8.860638232841545198e-03,-7.325181092191822806e-03,4.703535624181380548e-02,1.230164196854830437e-02,1.378180933922851514e-01,3.486101480611590586e-02,3.033119482714402766e-04,1.461767447667256664e-03,-1.260187388112089801e-02,-8.145213477658237722e-03
4.164999999999999813e-01,0.000000000000000000e+00,1.545144296891751232e-03,2.915062008116667443e-03,1.618743225752697313e-03,2.963769341999010487e-03,1.000000000000000000e+00,1.000000000000000000e+00,2.800649615901122853e-04,1.438243826298484787e-03,-8.365752559793751889e-03,-6.797911327879896208e-03,4.784420167036890215e-02,1.277436799183786532e-02,1.412404532984298244e-01,3.618630636151506236e-02,3.033119482714402766e-04,1.461767447667256664e-03,-1.260187388112089801e-02,-8.145213477658237722e-03
4.169999999999999818e-01,0.000000000000000000e+00,1.540044340215158958e-03,2.911938782244615637e-03,1.615667482233447503e-03,2.963182733538498575e-03,1.000000000000000000e+00,1.000000000000000000e+00,2.761581681178611929e-04,1.435120600426432981e-03,-7.813586944502147469e-03,-6.246451744103506329e-03,4.864525816886781234e-02,1.324441527676759219e-02,1.439526042536239392e-01,3.784542899401539123e-02,3.033119482714402766e-04,1.461767447667256664e-03,-1.260187388112089801e-02,-8.145213477658237722e-03
4.174999999999999822e-01,0.000000000000000000e+00,1.535341305054191505e-03,2.909103125451480490e-03,1.612588074310433543e-03,2.962585026784979401e-03,1.000000000000000000e+00,1.000000000000000000e+00,2.725554341670087771e-04,1.432284943633298051e-03,-7.205467901704836788e-03,-5.671313586269744432e-03,4.939766236361260721e-02,1.368695976698724136e-02,1.465120043132140115e-01,3.941021028518560537e-02,3.033119482714402766e-04,1.461767447667256664e-03,-1.260187388112089801e-02,-8.145213477658237722e-03
4.179999999999999827e-01,0.000000000000000000e+00,1.531068805236200214e-03,2.906565847154083705e-03,1.609504780419903714e-03,2.961978320976369275e-03,1.000000000000000000e+00,1.000000000000000000e+00,2.692825094232096988e-04,1.429747665335901049e-03,-6.545849487598207755e-03,-5.074556594793876510e-03,4.845813052277156419e-02,1.383910026330103550e-02,1.425692288940233754e-01,3.987993675776688174e-02,2.768608117245887788e-04,1.439237840963190690e-03,-1.299733896931767885e-02,-1.012324775218220903e-02
4.184999999999999831e-01,0.000000000000000000e+00,1.527175247685605072e-03,2.904328520653429949e-03,1.606417380510749169e-03,2.961364697585068019e-03,1.000000000000000000e+00,1.000000000000000000e+00,2.662998712976124074e-04,1.427510338835247293e-03,-5.965276251194591428e-03,-4.474653001307387669e-03,4.816708483509195976e-02,1.405855503756666368e-02,1.425475483024731260e-01,4.086034864786702858e-02,2.768608117245887788e-04,1.439237840963190690e-03,-1.299733896931767885e-02,-1.012324775218220903e-02
4.189999999999999836e-01,0.000000000000000000e+00,1.523642085915759064e-03,2.902394770862626316e-03,1.603325659333787500e-03,2.960746189610373620e-03,1.000000000000000000e+00,1.000000000000000000e+00,2.635933123571814699e-04,1.425576589044443877e-03,-5.413117880861909731e-03,-3.867499581606852026e-03,4.809200230606006099e-02,1.399131992826598177e-02,1.427960024594057131e-01,4.067300881349358854e-02,2.768608117245887788e-04,1.439237840963190690e-03,-1.299733896931767885e-02,-1.012324775218220903e-02
4.194999999999999840e-01,0.000000000000000000e+00,1.520461768150333133e-03,2.900759185615151437e-03,1.600229409731046722e-03,2.960124750870889079e-03,1.000000000000000000e+00,1.000000000000000000e+00,2.611570476056243378e-04,1.423941003796968781e-03,-4.872529503114311072e-03,-3.271170494950325410e-03,4.801849306532884887e-02,1.392528348670183866e-02,1.428600974356952213e-01,4.073040475888881073e-02,2.768608117245887788e-04,1.439237840963190690e-03,-1.299733896931767885e-02,-1.012324775218220903e-02
4.199999999999999845e-01,0.000000000000000000e+00,1.517626869244582781e-03,2.899416419337557012e-03,1.597128435925047104e-03,2.959502225296934026e-03,1.000000000000000000e+00,1.000000000000000000e+00,2.589853890520702785e-04,1.422598237519374356e-03,-4.343317107108090810e-03,-2.685532555188993760e-03,4.804059167180067813e-02,1.481298898547986700e-02,1.432881501011588066e-01,4.448618924614927000e-02,2.578661261192212819e-04,1.423705293662136644e-03,-1.077810097422961938e-02,-8.628764263972485068e-03
4.204999999999999849e-01,0.000000000000000000e+00,1.515134801254921582e-03,2.898390964687735764e-03,1.594022556808087979e-03,2.958880316222956344e-03,1.000000000000000000e+00,1.000000000000000000e+00,2.570763542167156003e-04,1.421572782869553325e-03,-3.818069670709328678e-03,-2.050909299642055157e-03,4.796916849321411491e-02,1.474271191453378066e-02,1.432692853975305880e-01,4.372839027973363796e-02,2.578661261192212819e-04,1.423705293662136644e-03,-1.077810097422961938e-02,-8.628764263972485068e-03
4.209999999999999853e-01,0.000000000000000000e+00,1.512978281952787399e-03,2.897677051738773400e-03,1.590911609231526747e-03,2.958260555679937277e-03,1.000000000000000000e+00,1.000000000000000000e+00,2.554243645888369576e-04,1.420858869920590744e-03,-3.303979255757250738e-03,-1.427825897925148269e-03,4.789926244708753861e-02,1.467371274684641305e-02,1.433302565315221488e-01,4.378838302710196667e-02,2.578661261192212819e-04,1.423705293662136644e-03,-1.077810097422961938e-02,-8.628764263972485068e-03
4.214999999999999858e-01,0.000000000000000000e+00,1.511150151754284653e-03,2.897268982276748374e-03,1.587795451293574260e-03,2.957644273701972269e-03,1.000000000000000000e+00,1.000000000000000000e+00,2.540239356089759042e-04,1.420450800458565935e-03,-2.800857959722148453e-03,-8.161389240494469838e-04,4.783084798242343005e-02,1.460597559967425317e-02,1.433899325497216826e-01,4.384728487915650480e-02,2.578661261192212819e-04,1.423705293662136644e-03,-1.077810097422961938e-02,-8.628764263972485068e-03
4.219999999999999862e-01,0.000000000000000000e+00,1.509643371825655734e-03,2.897161129116465443e-03,1.584673965309018467e-03,2.957032570650374240e-03,1.000000000000000000e+00,1.000000000000000000e+00,2.528696752176465192e-04,1.420342947298283004e-03,-2.308520782658740438e-03,-2.157063205658213629e-04,4.872406143102804565e-02,1.608932621507674562e-02,1.471772763429419206e-01,4.992416723726388061e-02,2.571739357289930684e-04,1.419567165578514275e-03,-4.163492703884970683e-03,-4.469463717249761228e-03
4.224999999999999867e-01,0.000000000000000000e+00,1.508499127010205255e-03,2.897396375825399446e-03,1.581547058600695681e-03,2.956426310203431364e-03,1.000000000000000000e+00,1.000000000000000000e+00,2.519931328352028503e-04,1.420578194007217007e-03,-1.753084764887354648e-03,4.704934178680976508e-04,4.770926168028966075e-02,1.634389792262545479e-02,1.427669638925064266e-01,4.994167346482314418e-02,2.571739357289930684e-04,1.419567165578514275e-03,-4.163492703884970683e-03,-4.469463717249761228e-03
4.229999999999999871e-01,0.000000000000000000e+00,1.507662489298504382e-03,2.897978662856289227e-03,1.578414662175230002e-03,2.955826132418507522e-03,1.000000000000000000e+00,1.000000000000000000e+00,2.513522311652507750e-04,1.421160481038106571e-03,-1.281803339904186590e-03,1.164574061778977151e-03,4.670590527623526278e-02,1.659759691246570287e-02,1.399854466138478748e-01,5.100813949673952546e-02,2.571739357289930684e-04,1.419567165578514275e-03,-4.163492703884970683e-03,-4.469463717249761228e-03
4.234999999999999876e-01,0.000000000000000000e+00,1.507079707824893026e-03,2.898911818221113802e-03,1.575276729111183775e-03,2.955232469522665016e-03,1.000000000000000000e+00,1.000000000000000000e+00,2.509057946558380914e-04,1.422093636402931363e-03,-8.928730188253966192e-04,1.866310729649755043e-03,4.571374698033594391e-02,1.685044808758392326e-02,1.371941606041164885e-01,5.207535053314035767e-02,2.571739357289930684e-04,1.419567165578514275e-03,-4.163492703884970683e-03,-4.469463717249761228e-03
4.239999999999999880e-01,0.000000000000000000e+00,1.506698188986977868e-03,2.900199559142901257e-03,1.572133232946111049e-03,2.954645561713578530e-03,1.000000000000000000e+00,1.000000000000000000e+00,2.506135342701080342e-04,1.423381377324718601e-03,-5.845207714600705699e-04,2.575481843574432654e-03,4.552490681639091014e-02,1.661427091666816541e-02,1.374705766623087189e-01,5.124726265947984055e-02,2.489714229822684180e-04,1.421510012663376602e-03,-4.124030595129706683e-03,-1.019567443424109366e-03
4.244999999999999885e-01,0.000000000000000000e+00,1.506506174744709058e-03,2.901830234805910600e-03,1.568984166063621451e-03,2.954065472960460369e-03,1.000000000000000000e+00,1.000000000000000000e+00,2.504664428268182615e-04,1.425012052987727944e-03,-2.941828865795904327e-04,3.261351326018548970e-03,4.535140230635315017e-02,1.534985426054870372e-02,1.371112769804364862e-01,4.683328466113662047e-02,2.489714229822684180e-04,1.421510012663376602e-03,-4.124030595129706683e-03,-1.019567443424109366e-03
4.249999999999999889e-01,0.000000000000000000e+00,1.506492790622384953e-03,2.903760153292792977e-03,1.565829538080434728e-03,2.953492106804973989e-03,1.000000000000000000e+00,1.000000000000000000e+00,2.504561899942858499e-04,1.426941971474610322e-03,-2.050566506481667564e-05,3.859836973764779917e-03,4.518016331434075716e-02,1.409511433766731658e-02,1.367388858592341605e-01,4.329707391802356531e-02,2.489714229822684180e-04,1.421510012663376602e-03,-4.124030595129706683e-03,-1.019567443424109366e-03
4.254999999999999893e-01,0.000000000000000000e+00,1.506647381844136886e-03,2.905946399252938399e-03,1.562669374233445485e-03,2.952925222162159670e-03,1.000000000000000000e+00,1.000000000000000000e+00,2.505746137406639120e-04,1.429128217434755960e-03,2.368474927560832691e-04,4.372491920291195731e-03,4.501114406950971342e-02,1.284987915673519061e-02,1.363645607551733085e-01,3.975260253164964591e-02,2.489714229822684180e-04,1.421510012663376602e-03,-4.124030595129706683e-03,-1.019567443424109366e-03
4.259999999999999898e-01,0.000000000000000000e+00,1.506959509694080985e-03,2.908346824362434239e-03,1.559503713766778382e-03,2.952364449121354546e-03,1.000000000000000000e+00,1.000000000000000000e+00,2.508137175456562058e-04,1.431528642544251367e-03,4.782076099846379658e-04,4.800850218990997814e-03,4.550229327062657592e-02,1.308590337264416668e-02,1.385437648130670163e-01,4.191647223849449128e-02,2.539482218272514345e-04,1.431065962368665472e-03,6.870426408553788680e-05,2.656472623196646198e-03
4.264999999999999902e-01,0.000000000000000000e+00,1.507451913898839998e-03,2.910966042978200934e-03,1.556332608318846365e-03,2.951809304747106139e-03,1.000000000000000000e+00,1.000000000000000000e+00,2.511909210504802278e-04,1.434147861160018494e-03,7.544070096480272932e-04,5.238437231534429084e-03,4.476873317592931084e-02,1.219536139409386349e-02,1.354214529930703459e-01,3.844461811971938009e-02,2.539482218272514345e-04,1.431065962368665472e-03,6.870426408553788680e-05,2.656472623196646198e-03
4.269999999999999907e-01,0.000000000000000000e+00,1.508085690499167113e-03,2.913773380091619347e-03,1.553156120309413454e-03,2.951259208880097594e-03,1.000000000000000000e+00,1.000000000000000000e+00,2.516764220933397122e-04,1.436955198273436908e-03,9.710020857189883290e-04,5.614674226837036188e-03,4.404327808080649165e-02,1.131161320930464814e-02,1.333446269110860616e-01,3.593446886695579601e-02,2.539482218272514345e-04,1.431065962368665472e-03,6.870426408553788680e-05,2.656472623196646198e-03
4.274999999999999911e-01,0.000000000000000000e+00,1.508822777946161858e-03,2.916738708393326954e-03,1.549974321326651238e-03,2.950713499938067714e-03,1.000000000000000000e+00,1.000000000000000000e+00,2.522410638362027079e-04,1.439920526575144081e-03,1.129283485726021276e-03,5.930656603414423758e-03,4.332575248292805381e-02,1.043453751575802203e-02,1.312608819125142545e-01,3.341852002198816840e-02,2.539482218272514345e-04,1.431065962368665472e-03,6.870426408553788680e-05,2.656472623196646198e-03
4.279999999999999916e-01,0.000000000000000000e+00,1.509625942828122114e-03,2.919832441528899189e-03,1.546787290514198623e-03,2.950171450716727525e-03,1.000000000000000000e+00,1.000000000000000000e+00,2.528563238309366546e-04,1.443014259710716533e-03,1.230519989467936202e-03,6.187466271145005726e-03,4.255323987307037259e-02,9.590237758572758148e-03,1.289266915090230003e-01,3.099871734689503902e-02,2.529114421447563321e-04,1.437014721358729390e-03,-3.035537279854845830e-04,2.858047417935645138e-03
4.284999999999999920e-01,0.000000000000000000e+00,1.510455622299109336e-03,2.923026347027947620e-03,1.543595112958221589e-03,2.949632284190684215e-03,1.000000000000000000e+00,1.000000000000000000e+00,2.534918951792562995e-04,1.446208165209765181e-03,1.271142696639239629e-03,6.387810998097103940e-03,4.189904383239997920e-02,8.670794541970028649e-03,1.270669325335972155e-01,2.823481961944113855e-02,2.529114421447563321e-04,1.437014721358729390e-03,-3.035537279854845830e-04,2.858047417935645138e-03
4.289999999999999925e-01,0.000000000000000000e+00,1.511278638286979708e-03,2.926290160733795859e-03,1.540397878074471413e-03,2.949095189314356828e-03,1.000000000000000000e+00,1.000000000000000000e+00,2.541223620033624710e-04,1.449471978915612986e-03,1.260933648212319864e-03,6.527627411695725509e-03,4.125175989697060785e-02,7.758054125075015788e-03,1.251061713970229583e-01,2.553506888212962733e-02,2.529114421447563321e-04,1.437014721358729390e-03,-3.035537279854845830e-04,2.858047417935645138e-03
4.294999999999999929e-01,0.000000000000000000e+00,1.512062545568110868e-03,2.929594171969398565e-03,1.537195677995344643e-03,2.948559336822899335e-03,1.000000000000000000e+00,1.000000000000000000e+00,2.547228698199935164e-04,1.452775990151215692e-03,1.201015633262132992e-03,6.608022471205295123e-03,4.061123538985503267e-02,6.851893925152083807e-03,1.231395096704280129e-01,2.282959623062742749e-02,2.529114421447563321e-04,1.437014721358729390e-03,-3.035537279854845830e-04,2.858047417935645138e-03
4.299999999999999933e-01,0.000000000000000000e+00,1.512775619275064662e-03,2.932909216638563462e-03,1.533988605956940893e-03,2.948023895033119804e-03,1.000000000000000000e+00,1.000000000000000000e+00,2.552691159707397642e-04,1.456091034820380806e-03,1.092492301492449741e-03,6.630089338330227150e-03,4.009084287201662017e-02,6.257524893839907891e-03,1.216079610430541719e-01,2.130431210900845737e-02,2.501102255522219759e-04,1.448032279587458358e-03,-9.991616843099417576e-04,4.538793400339568088e-03
4.304999999999999938e-01,0.000000000000000000e+00,1.513392530165353148e-03,2.936216213566380899e-03,1.530776754686124326e-03,2.947488045644398695e-03,1.000000000000000000e+00,1.000000000000000000e+00,2.557416971301448741e-04,1.459398031748198460e-03,9.451623188102642546e-04,6.613993855635181066e-03,3.978396596004625529e-02,5.128648622862379269e-03,1.207825887834649142e-01,1.742060720251195974e-02,2.501102255522219759e-04,1.448032279587458358e-03,-9.991616843099417576e-04,4.538793400339568088e-03
4.309999999999999942e-01,0.000000000000000000e+00,1.513898951712878711e-03,2.939479598303320999e-03,1.527560214798368617e-03,2.946950999459414366e-03,1.000000000000000000e+00,1.000000000000000000e+00,2.561296385425025786e-04,1.462661416485138560e-03,7.758828247153794124e-04,6.526769473880037614e-03,3.948007374398275482e-02,4.007649041939731482e-03,1.197749467219388769e-01,1.399318992104160719e-02,2.501102255522219759e-04,1.448032279587458358e-03,-9.991616843099417576e-04,4.538793400339568088e-03
4.314999999999999947e-01,0.000000000000000000e+00,1.514280886040914043e-03,2.942664471070868294e-03,1.524339073612636592e-03,2.946412009005105505e-03,1.000000000000000000e+00,1.000000000000000000e+00,2.564222172121303545e-04,1.465846289252685421e-03,5.851573392556038561e-04,6.369745535093594008e-03,3.917909775513918336e-02,2.894378942057400372e-03,1.187647567439288343e-01,1.055904862176288914e-02,2.501102255522219759e-04,1.448032279587458358e-03,-9.991616843099417576e-04,4.538793400339568088e-03
4.319999999999999951e-01,0.000000000000000000e+00,1.514524658257234910e-03,2.945736588388420465e-03,1.521113415306191716e-03,2.945870371193842763e-03,1.000000000000000000e+00,1.000000000000000000e+00,2.566089575638297901e-04,1.468918406570237810e-03,3.734807033988883250e-04,6.144234635104987852e-03,3.872751567786207605e-02,1.909434276808085786e-03,1.171561100975133940e-01,7.587227199518252821e-03,2.504289108447641638e-04,1.455099986986203766e-03,-2.645903575155724710e-04,3.901592597544700954e-03
4.324999999999999956e-01,0.000000000000000000e+00,1.514609222668454516e-03,2.948666128559134653e-03,1.517883321734176012e-03,2.945325425043490361e-03,1.000000000000000000e+00,1.000000000000000000e+00,2.566737376611302182e-04,1.471847946740952214e-03,1.295601946008961066e-04,5.859080341428968448e-03,3.806821214637631096e-02,1.094549851776816397e-03,1.148522823218119798e-01,5.140664832804526380e-03,2.504289108447641638e-04,1.455099986986203766e-03,-2.645903575155724710e-04,3.901592597544700954e-03
4.329999999999999960e-01,0.000000000000000000e+00,1.514503389351377254e-03,2.951428948059048665e-03,1.514648873285611959e-03,2.944776549126607544e-03,1.000000000000000000e+00,1.000000000000000000e+00,2.565926646366863302e-04,1.474610766240866009e-03,-1.621460488878187359e-04,5.525638999827654947e-03,3.741540652202191702e-02,2.850126500991850571e-04,1.127257781106467127e-01,2.548928785807161312e-03,2.504289108447641638e-04,1.455099986986203766e-03,-2.645903575155724710e-04,3.901592597544700954e-03
4.334999999999999964e-01,0.000000000000000000e+00,1.514176678192025215e-03,2.954001370132160968e-03,1.511410149739418705e-03,2.944223159019679088e-03,1.000000000000000000e+00,1.000000000000000000e+00,2.563423893685596992e-04,1.477183188313978312e-03,-5.005505362532160912e-04,5.144844146224646954e-03,3.676895092773136559e-02,-5.192807063625604590e-04,1.105937268939545526e-01,-4.737197362710736728e-05,2.504289108447641638e-04,1.455099986986203766e-03,-2.645903575155724710e-04,3.901592597544700954e-03
4.339999999999999969e-01,0.000000000000000000e+00,1.513599306678887818e-03,2.956360178816090731e-03,1.508167231120415485e-03,2.943664704752314148e-03,1.000000000000000000e+00,1.000000000000000000e+00,2.559000971293056152e-04,1.479541996997908075e-03,-8.845844785081259177e-04,4.717617367859592084e-03,3.709008696169312225e-02,-3.061106520098986626e-04,1.121899551959798652e-01,1.283364120305338337e-03,2.600229179131362863e-04,1.473104078873568954e-03,2.944807866189615500e-03,7.135630384737262459e-03
4.344999999999999973e-01,0.000000000000000000e+00,1.512790344075412878e-03,2.958514253209327399e-03,1.504920198555331767e-03,2.943100668256461595e-03,1.000000000000000000e+00,1.000000000000000000e+00,2.552803958222226366e-04,1.481696071391144960e-03,-1.239402614165984471e-03,4.308148786473747598e-03,3.645631548015447476e-02,-1.119929230907270711e-03,1.092670813564713128e-01,-2.235305681550177337e-03,2.600229179131362863e-04,1.473104078873568954e-03,2.944807866189615500e-03,7.135630384737262459e-03
4.349999999999999978e-01,0.000000000000000000e+00,1.511720822599930481e-03,2.960440293774669468e-03,1.501669135128821941e-03,2.942530560815632273e-03,1.000000000000000000e+00,1.000000000000000000e+00,2.544610948391328462e-04,1.483622111956486595e-03,-1.638601966179629521e-03,3.852081130683328563e-03,3.582857895913540286e-02,-1.928587509690633285e-03,1.071593741789524101e-01,-4.877276030863408017e-03,2.600229179131362863e-04,1.473104078873568954e-03,2.944807866189615500e-03,7.135630384737262459e-03
4.354999999999999982e-01,0.000000000000000000e+00,1.510362443201484529e-03,2.962115459037977742e-03,1.498414126739466574e-03,2.941953920514096127e-03,1.000000000000000000e+00,1.000000000000000000e+00,2.534205158493061110e-04,1.485297277219795086e-03,-2.081157979653447485e-03,3.350330526616917062e-03,3.520673807959841251e-02,-2.732186938567444847e-03,1.050465151950626397e-01,-7.523651523659664365e-03,2.600229179131362863e-04,1.473104078873568954e-03,2.944807866189615500e-03,7.135630384737262459e-03
4.359999999999999987e-01,0.000000000000000000e+00,1.508687564012232626e-03,2.963517359680617035e-03,1.495155262955786234e-03,2.941370309686108797e-03,1.000000000000000000e+00,1.000000000000000000e+00,2.521374839534841006e-04,1.486699177862434379e-03,-2.566063791643984678e-03,2.803801285278503374e-03,3.447617538908807205e-02,-3.726117975381603754e-03,1.024840198077399817e-01,-1.093278680851712120e-02,2.514824487420115693e-04,1.486255298649985729e-03,-1.630024671555845754e-03,6.780538920417110600e-03
4.364999999999999991e-01,0.000000000000000000e+00,1.506663453421336167e-03,2.964617948877737788e-03,1.491892637872250117e-03,2.940779312365113946e-03,1.000000000000000000e+00,1.000000000000000000e+00,2.505869252830694185e-04,1.487799767059555132e-03,-3.101117340829388606e-03,2.201178394241435753e-03,3.509277091416124206e-02,-4.656165941445964893e-03,1.052197577947295848e-01,-1.395546758581580130e-02,2.514824487420115693e-04,1.486255298649985729e-03,-1.630024671555845754e-03,6.780538920417110600e-03
4.369999999999999996e-01,0.000000000000000000e+00,1.504325293623818335e-03,2.965391536760511419e-03,1.488626350965285101e-03,2.940180531732964654e-03,1.000000000000000000e+00,1.000000000000000000e+00,2.487957909630568302e-04,1.488573354942328980e-03,-3.582268640025176084e-03,1.547175765547898103e-03,3.570203680797789242e-02,-5.580524205097261992e-03,1.068054802588088992e-01,-1.703268280618406780e-02,2.514824487420115693e-04,1.486255298649985729e-03,-1.630024671555845754e-03,6.780538920417110600e-03
4.375000000000000000e-01,0.000000000000000000e+00,1.501707526103937887e-03,2.965812947084385705e-03,1.485356507949283505e-03,2.939573587569127913e-03,1.000000000000000000e+00,1.000000000000000000e+00,2.467904647010749704e-04,1.488994765266203049e-03,-4.010652523963733479e-03,8.428206477479344844e-04,3.630412738543450230e-02,-6.499306522045821335e-03,1.083974597383039057e-01,-2.011475509977509596e-02,2.514824487420115693e-04,1.486255298649985729e-03,-1.630024671555845754e-03,6.780538920417110600e-03
4.380000000000000004e-01,0.000000000000000000e+00,1.498843864074688456e-03,2.965857510555547187e-03,1.482083221632614096e-03,2.938958113699903420e-03,1.000000000000000000e+00,1.000000000000000000e+00,2.445967723165976384e-04,1.489039328737364314e-03,-4.387384768954701378e-03,8.912694232273029021e-05,3.690276063916909238e-02,-7.486897099273531406e-03,1.100094146793330341e-01,-2.349003430309855311e-02,2.611737005222162047e-04,1.479314658749463201e-03,2.475982616779626340e-03,2.807902335568235666e-04
4.385000000000000009e-01,0.000000000000000000e+00,1.495767483398085726e-03,2.965498736849368419e-03,1.478806612773631360e-03,2.938333755447634574e-03,1.000000000000000000e+00,1.000000000000000000e+00,2.422401279943675850e-04,1.488680555031185980e-03,-4.713288644460130600e-03,-7.175474123565947450e-04,3.628551524587191046e-02,-6.514614546904955519e-03,1.069291038171640701e-01,-1.921787848017704123e-02,2.611737005222162047e-04,1.479314658749463201e-03,2.475982616779626340e-03,2.807902335568235666e-04
4.390000000000000013e-01,0.000000000000000000e+00,1.492450281876498037e-03,2.964771745367088956e-03,1.475526810936681962e-03,2.937700167079917296e-03,1.000000000000000000e+00,1.000000000000000000e+00,2.396990042020494987e-04,1.487953563548906301e-03,-5.082247584636174348e-03,-1.453982964559349207e-03,3.567412448290686877e-02,-5.550110116850160216e-03,1.048867403184797625e-01,-1.661878859405356915e-02,2.611737005222162047e-04,1.479314658749463201e-03,2.475982616779626340e-03,2.807902335568235666e-04
4.395000000000000018e-01,0.000000000000000000e+00,1.488864804705661380e-03,2.963711045784678949e-03,1.472243955348117705e-03,2.937057009258818401e-03,1.000000000000000000e+00,1.000000000000000000e+00,2.369523693394001728e-04,1.486892863966496293e-03,-5.493269725298646940e-03,-2.121399164820127539e-03,3.506845347652143979e-02,-4.593248769286724029e-03,1.028393789541513365e-01,-1.401305883349184163e-02,2.611737005222162047e-04,1.479314658749463201e-03,2.475982616779626340e-03,2.807902335568235666e-04
4.400000000000000022e-01,0.000000000000000000e+00,1.484984233302185253e-03,2.962350545450916084e-03,1.468958195741157033e-03,2.936403946516575377e-03,1.000000000000000000e+00,1.000000000000000000e+00,2.339796791796408223e-04,1.485532363632733211e-03,-5.945380319518719751e-03,-2.721000667526357435e-03,3.395389912878725436e-02,-3.866724967091961403e-03,9.878910598915939534e-02,-1.226619221258778286e-02,2.431789973650617769e-04,1.488244474878458934e-03,-4.798899401496054852e-03,2.933808358225241560e-03
4.405000000000000027e-01,0.000000000000000000e+00,1.480756598954247917e-03,2.960716592216037883e-03,1.465669692448403044e-03,2.935740646519306891e-03,1.000000000000000000e+00,1.000000000000000000e+00,2.307411233798645580e-04,1.483898410397855010e-03,-6.477111599552555846e-03,-3.267906469756326395e-03,3.499461193306283024e-02,-3.965723178332208367e-03,1.035015243626638964e-01,-1.350607983270872905e-02,2.431789973650617769e-04,1.488244474878458934e-03,-4.798899401496054852e-03,2.933808358225241560e-03
4.410000000000000031e-01,0.000000000000000000e+00,1.476238557046472694e-03,2.958809456813627468e-03,1.462378613262132988e-03,2.935066787012460040e-03,1.000000000000000000e+00,1.000000000000000000e+00,2.272801024826345535e-04,1.481991274995444596e-03,-6.922041794460005899e-03,-3.814270804820629225e-03,3.602352152046409822e-02,-4.064781350700704537e-03,1.063740766742922589e-01,-1.404125206084940077e-02,2.431789973650617769e-04,1.488244474878458934e-03,-4.798899401496054852e-03,2.933808358225241560e-03
4.415000000000000036e-01,0.000000000000000000e+00,1.471485545754248241e-03,2.956629435926347652e-03,1.459085128193508482e-03,2.934382067759612727e-03,1.000000000000000000e+00,1.000000000000000000e+00,2.236390845941442756e-04,1.479811254108164996e-03,-7.282035776980564160e-03,-4.360041774559389113e-03,3.704088147650043406e-02,-4.163905231309035157e-03,1.092567049238978016e-01,-1.457637310255371910e-02,2.431789973650617769e-04,1.488244474878458934e-03,-4.798899401496054852e-03,2.933808358225241560e-03
4.420000000000000040e-01,0.000000000000000000e+00,1.466551806617003191e-03,2.954176851670945771e-03,1.455789404062574066e-03,2.933686222883476451e-03,1.000000000000000000e+00,1.000000000000000000e+00,2.198596211442591661e-04,1.477358669852763332e-03,-7.558926899770203323e-03,-4.905168510803521557e-03,3.695047960209082299e-02,-4.805881042486255528e-03,1.078909086137720824e-01,-1.721941349261073284e-02,2.269543401723161740e-04,1.476340483587166002e-03,-6.899841120634116719e-03,-2.700401773285515325e-03
4.425000000000000044e-01,0.000000000000000000e+00,1.461435471269563382e-03,2.951435086444671816e-03,1.452491599088179437e-03,2.932979033207045241e-03,1.000000000000000000e+00,1.000000000000000000e+00,2.159402808822196871e-04,1.474616904626489160e-03,-7.838680524078947554e-03,-5.483530452548440910e-03,3.751234453406109004e-02,-3.729019179783371434e-03,1.100024356606075920e-01,-1.273795450029208826e-02,2.269543401723161740e-04,1.476340483587166002e-03,-6.899841120634116719e-03,-2.700401773285515325e-03
4.430000000000000049e-01,0.000000000000000000e+00,1.456167392817666164e-03,2.948441471049404339e-03,1.449191857477908621e-03,2.932260338594757168e-03,1.000000000000000000e+00,1.000000000000000000e+00,2.119046986582289360e-04,1.471623289231221684e-03,-8.071164447981508255e-03,-5.987230790534886320e-03,3.806778172927362952e-02,-2.660425212683779558e-03,1.115571484121815893e-01,-9.723799038812888651e-03,2.269543401723161740e-04,1.476340483587166002e-03,-6.899841120634116719e-03,-2.700401773285515325e-03
4.435000000000000053e-01,0.000000000000000000e+00,1.450777760779122308e-03,2.945232672347057254e-03,1.445890304018001334e-03,2.931530050293643282e-03,1.000000000000000000e+00,1.000000000000000000e+00,2.077760009846464574e-04,1.468414490528874381e-03,-8.257395347164952007e-03,-6.417597404694485967e-03,3.861692943535066647e-02,-1.599952094082998958e-03,1.131173482676183922e-01,-6.702585602868916734e-03,2.269543401723161740e-04,1.476340483587166002e-03,-6.899841120634116719e-03,-2.700401773285515325e-03
4.440000000000000058e-01,0.000000000000000000e+00,1.445296112303613668e-03,2.941844701418778411e-03,1.442587038663279992e-03,2.930788163274488690e-03,1.000000000000000000e+00,1.000000000000000000e+00,2.035768146308513727e-04,1.465026519600595755e-03,-8.398372707590183797e-03,-6.775941856557249343e-03,3.928885167320460281e-02,-3.055776979108102711e-04,1.151836301991703282e-01,-2.735072054405769237e-03,2.164072304261095117e-04,1.472708749845256506e-03,-5.868663925122922370e-03,-2.139545883799835041e-03
4.445000000000000062e-01,0.000000000000000000e+00,1.439757802611594433e-03,2.938320481526124871e-03,1.439282131127073670e-03,2.930034768572981063e-03,1.000000000000000000e+00,1.000000000000000000e+00,1.993342232670081116e-04,1.461502299707942215e-03,-8.485182727686545537e-03,-7.048439785307106763e-03,3.968813541249951310e-02,8.260271016456002596e-04,1.161148748557188498e-01,4.375474218646875418e-04,2.164072304261095117e-04,1.472708749845256506e-03,-5.868663925122922370e-03,-2.139545883799835041e-03
4.450000000000000067e-01,0.000000000000000000e+00,1.434184122851772181e-03,2.934697364894671336e-03,1.435975615471145545e-03,2.929270065630875178e-03,1.000000000000000000e+00,1.000000000000000000e+00,1.950645368592715848e-04,1.457879183076488680e-03,-8.539372815473065745e-03,-7.246233262907234539e-03,4.008298349140012456e-02,1.949359260753446730e-03,1.172788601821151272e-01,3.749116845216832108e-03,2.164072304261095117e-04,1.472708749845256506e-03,-5.868663925122922370e-03,-2.139545883799835041e-03
4.455000000000000071e-01,0.000000000000000000e+00,1.428595898381503906e-03,2.931012022071962948e-03,1.432667484695616207e-03,2.928494374637141857e-03,1.000000000000000000e+00,1.000000000000000000e+00,1.907837085569210960e-04,1.454193840253780292e-03,-8.561656604700963735e-03,-7.370685645416714081e-03,4.047349294986762880e-02,3.064569755081601038e-03,1.184466320558143076e-01,7.067748293519907597e-03,2.164072304261095117e-04,1.472708749845256506e-03,-5.868663925122922370e-03,-2.139545883799835041e-03
4.460000000000000075e-01,0.000000000000000000e+00,1.423013496683733520e-03,2.927300450415342911e-03,1.429357685328889148e-03,2.927708148869124713e-03,1.000000000000000000e+00,1.000000000000000000e+00,1.865073407570861307e-04,1.450482268597160038e-03,-8.552735599669927108e-03,-7.423143313240484001e-03,4.110343624141705315e-02,3.188311342683412992e-03,1.205644665795167908e-01,6.573747176067583700e-03,2.013620557780535229e-04,1.469714828408355154e-03,-6.917364973085875397e-03,-1.732102747827980868e-03
4.465000000000000080e-01,0.000000000000000000e+00,1.417469043560356905e-03,2.923567243251868480e-03,1.426046112017577113e-03,2.926911987033698186e-03,1.000000000000000000e+00,1.000000000000000000e+00,1.822600432517897974e-04,1.446749061433685608e-03,-8.494595010592685333e-03,-7.466414326949024488e-03,4.207259618690686875e-02,3.200984903531045155e-03,1.238213010806563374e-01,6.498724142833816816e-03,2.013620557780535229e-04,1.469714828408355154e-03,-6.917364973085875397e-03,-1.732102747827980868e-03
4.470000000000000084e-01,0.000000000000000000e+00,1.412011281957773878e-03,2.919813471511740512e-03,1.422732602116425632e-03,2.926106645608419522e-03,1.000000000000000000e+00,1.000000000000000000e+00,1.780791553042628721e-04,1.442995289693557856e-03,-8.361775895053854060e-03,-7.507543480255474480e-03,4.233821354100632262e-02,3.207827851322648128e-03,1.240956770888732852e-01,6.496792506429191483e-03,2.013620557780535229e-04,1.469714828408355154e-03,-6.917364973085875397e-03,-1.732102747827980868e-03
4.475000000000000089e-01,0.000000000000000000e+00,1.406653130216757629e-03,2.916040013767714351e-03,1.419416930278240025e-03,2.925293051182685511e-03,1.000000000000000000e+00,1.000000000000000000e+00,1.739745729376691483e-04,1.439221831949531695e-03,-8.209164733187454890e-03,-7.546915488052368878e-03,4.231746146586432694e-02,3.212187838702636883e-03,1.238689300915011837e-01,6.490950953379389862e-03,2.013620557780535229e-04,1.469714828408355154e-03,-6.917364973085875397e-03,-1.732102747827980868e-03
4.480000000000000093e-01,0.000000000000000000e+00,1.401392997853827781e-03,2.912247663003324737e-03,1.416098803043808717e-03,2.924472312798890965e-03,1.000000000000000000e+00,1.000000000000000000e+00,1.699450777709764671e-04,1.435429481185141864e-03,-8.058990333385383786e-03,-7.584701528779739729e-03,4.241453227325368835e-02,3.238927611371292953e-03,1.243429425143143668e-01,6.574826565860027866e-03,1.966278346458306123e-04,1.458016209595168174e-03,-4.032191108170984396e-03,-4.342694593004032405e-03
4.485000000000000098e-01,0.000000000000000000e+00,1.396235204779490034e-03,2.908437904605061693e-03,1.412777853431830674e-03,2.923645734293578522e-03,1.000000000000000000e+00,1.000000000000000000e+00,1.659939790476224006e-04,1.431619722786879037e-03,-7.902197446708107698e-03,-7.619516796525660322e-03,4.169529732028320196e-02,4.082478125579473531e-03,1.215496151457976237e-01,9.813090554769822102e-03,1.966278346458306123e-04,1.458016209595168174e-03,-4.032191108170984396e-03,-4.342694593004032405e-03
4.490000000000000102e-01,0.000000000000000000e+00,1.391143111554230764e-03,2.904637738137839757e-03,1.409453635770154152e-03,2.922814825977161808e-03,1.000000000000000000e+00,1.000000000000000000e+00,1.620932093285687827e-04,1.427819556319657318e-03,-7.801539438107229878e-03,-7.600332934443337386e-03,4.098369559147327368e-02,4.920048870460267884e-03,1.194531356196468219e-01,1.235407561891471544e-02,1.966278346458306123e-04,1.458016209595168174e-03,-4.032191108170984396e-03,-4.342694593004032405e-03
4.495000000000000107e-01,0.000000000000000000e+00,1.386080879760119393e-03,2.900873661232578667e-03,1.406125626136623492e-03,2.921981300938041991e-03,1.000000000000000000e+00,1.000000000000000000e+00,1.582153147929094743e-04,1.424055479414396011e-03,-7.755789071318629734e-03,-7.528153810522425320e-03,4.027956020716150221e-02,5.751751012601585833e-03,1.173501399128626527e-01,1.490016537489933894e-02,1.966278346458306123e-04,1.458016209595168174e-03,-4.032191108170984396e-03,-4.342694593004032405e-03
4.500000000000000111e-01,0.000000000000000000e+00,1.381013458388885822e-03,2.897171675893072014e-03,1.402793236064750048e-03,2.921147034988592558e-03,1.000000000000000000e+00,1.000000000000000000e+00,1.543334448105337714e-04,1.420353494074889141e-03,-7.763739964751420648e-03,-7.403970679013783737e-03,3.924144878770519790e-02,5.353942192681227299e-03,1.139153613507622453e-01,1.269862733033439404e-02,1.717660099264398598e-04,1.435705348220141534e-03,-9.357557315489442584e-03,-8.662437264603414094e-03
4.505000000000000115e-01,0.000000000000000000e+00,1.375889472146665880e-03,2.893519046283722293e-03,1.399455831114862665e-03,2.920314013275087002e-03,1.000000000000000000e+00,1.000000000000000000e+00,1.504082436230631435e-04,1.416700864465539854e-03,-7.850402374941251038e-03,-7.305259218698361215e-03,3.981834593447375337e-02,6.321786111253249914e-03,1.169962619954904026e-01,1.683945078121607333e-02,1.717660099264398598e-04,1.435705348220141534e-03,-9.357557315489442584e-03,-8.662437264603414094e-03
4.510000000000000120e-01,0.000000000000000000e+00,1.370739062650870761e-03,2.889945862636280217e-03,1.396112749611939713e-03,2.919484276430856472e-03,1.000000000000000000e+00,1.000000000000000000e+00,1.464628010490219090e-04,1.413127680818097561e-03,-7.890885148082490974e-03,-7.146367294884588793e-03,4.038896357136674553e-02,7.282965750402993835e-03,1.186984938993779631e-01,1.981447066871240212e-02,1.717660099264398598e-04,1.435705348220141534e-03,-9.357557315489442584e-03,-8.662437264603414094e-03
4.515000000000000124e-01,0.000000000000000000e+00,1.365591709422605930e-03,2.886481647996604061e-03,1.392763321383416828e-03,2.918659866729408393e-03,1.000000000000000000e+00,1.000000000000000000e+00,1.425196997117392282e-04,1.409663466178421405e-03,-7.886202674565375922e-03,-6.928429279352122869e-03,4.095343963525159559e-02,8.237606728480150950e-03,1.204060863717196506e-01,2.279517958715994441e-02,1.717660099264398598e-04,1.435705348220141534e-03,-9.357557315489442584e-03,-8.662437264603414094e-03
4.520000000000000129e-01,0.000000000000000000e+00,1.360476241154050508e-03,2.883155365398969421e-03,1.389406886497018302e-03,2.917842774237579349e-03,1.000000000000000000e+00,1.000000000000000000e+00,1.386010236706608869e-04,1.406337183580786765e-03,-7.837352082156676114e-03,-6.652565195269491589e-03,4.137609201089943733e-02,8.346822118649552258e-03,1.215914518297370461e-01,2.252303673642485835e-02,1.547759183358862658e-04,1.408861787619168420e-03,-8.810665763120131833e-03,-1.168018768318389647e-02
4.525000000000000133e-01,0.000000000000000000e+00,1.355414042234580081e-03,2.879969201624695690e-03,1.386042813998564389e-03,2.917034882968653695e-03,1.000000000000000000e+00,1.000000000000000000e+00,1.347231543184376713e-04,1.403151019806513035e-03,-7.755738704446435081e-03,-6.372327548547488361e-03,4.168726480374820159e-02,9.448454609365400381e-03,1.224822397498609161e-01,2.682869202788995891e-02,1.547759183358862658e-04,1.408861787619168420e-03,-8.810665763120131833e-03,-1.168018768318389647e-02
4.530000000000000138e-01,0.000000000000000000e+00,1.350420657149927536e-03,2.876956320207693218e-03,1.382670520649805727e-03,2.916237917035523382e-03,1.000000000000000000e+00,1.000000000000000000e+00,1.308979994219864305e-04,1.400138138389510562e-03,-7.650309792902466009e-03,-6.025762834005052998e-03,4.199519915884692561e-02,1.054274215643142762e-02,1.234681933670970233e-01,3.028716021272733275e-02,1.547759183358862658e-04,1.408861787619168420e-03,-8.810665763120131833e-03,-1.168018768318389647e-02
4.535000000000000142e-01,0.000000000000000000e+00,1.345511279586321732e-03,2.874149249847274268e-03,1.379289489666228694e-03,2.915453386803800069e-03,1.000000000000000000e+00,1.000000000000000000e+00,1.271371980202131954e-04,1.397331068029091395e-03,-7.521602803546466841e-03,-5.614140720838226885e-03,4.229996815949839395e-02,1.162982536079690959e-02,1.244569115101619994e-01,3.375189848456300323e-02,1.547759183358862658e-04,1.408861787619168420e-03,-8.810665763120131833e-03,-1.168018768318389647e-02
4.540000000000000147e-01,0.000000000000000000e+00,1.340700758448538140e-03,2.871579892496595697e-03,1.375899289454886147e-03,2.914682535044969738e-03,1.000000000000000000e+00,1.000000000000000000e+00,1.234521250341076299e-04,1.394761710678413258e-03,-7.370145972211149948e-03,-5.138714701356202237e-03,4.278725767978836664e-02,1.375804117519149189e-02,1.261691936916828349e-01,4.129363236150798699e-02,1.380275031558226824e-04,1.419399758043451152e-03,-8.533921299735217417e-03,-9.332477770189512474e-04
4.545000000000000151e-01,0.000000000000000000e+00,1.336012903183736921e-03,2.869312292878349775e-03,1.372499592352211233e-03,2.913926283089521285e-03,1.000000000000000000e+00,1.000000000000000000e+00,1.198610195583606512e-04,1.392494111060167119e-03,-7.182210951493947504e-03,-4.535199236492233957e-03,4.323950670370563937e-02,1.264464430571303304e-02,1.276088441063938927e-01,3.541235745529296847e-02,1.380275031558226824e-04,1.419399758043451152e-03,-8.533921299735217417e-03,-9.332477770189512474e-04
4.550000000000000155e-01,0.000000000000000000e+00,1.331469476923639308e-03,2.867308399967229311e-03,1.369090193361840319e-03,2.913185176980087263e-03,1.000000000000000000e+00,1.000000000000000000e+00,1.163805531190920123e-04,1.390490218149046872e-03,-6.960932878537267644e-03,-4.007785822240341606e-03,4.368722173733625980e-02,1.153967484440668323e-02,1.290784072026986695e-01,3.229831869297958291e-02,1.380275031558226824e-04,1.419399758043451152e-03,-8.533921299735217417e-03,-9.332477770189512474e-04
4.555000000000000160e-01,0.000000000000000000e+00,1.327091746209844427e-03,2.865530838693962183e-03,1.365671028892430708e-03,2.912459333624575070e-03,1.000000000000000000e+00,1.000000000000000000e+00,1.130270168323182139e-04,1.388712656875779310e-03,-6.707072573547595389e-03,-3.555122546534990411e-03,4.413050623705852549e-02,1.044298308289143273e-02,1.305518407866343711e-01,2.917708578664977154e-02,1.380275031558226824e-04,1.419399758043451152e-03,-8.533921299735217417e-03,-9.332477770189512474e-04
4.560000000000000164e-01,0.000000000000000000e+00,1.322900489540341758e-03,2.863942901643496373e-03,1.362242195495482269e-03,2.911748386949312029e-03,1.000000000000000000e+00,1.000000000000000000e+00,1.098163279509602864e-04,1.387124719825313934e-03,-6.421377762715846024e-03,-3.175874100930549480e-03,4.393936306657830748e-02,8.859480364129984284e-03,1.295819667827338151e-01,2.412660463648333073e-02,1.178592862161643735e-04,1.389780604186338945e-03,-9.516846452673054235e-03,-9.731793666586547112e-03
4.565000000000000169e-01,0.000000000000000000e+00,1.318884437371084864e-03,2.862493071422600281e-03,1.358803968603156673e-03,2.911051434052173547e-03,1.000000000000000000e+00,1.000000000000000000e+00,1.067398535034251036e-04,1.385674889604417625e-03,-6.152948895070358207e-03,-2.899660441792669373e-03,4.409270227984822543e-02,1.000583448896910470e-02,1.304824129274390621e-01,3.004921926325465967e-02,1.178592862161643735e-04,1.389780604186338945e-03,-9.516846452673054235e-03,-9.731793666586547112e-03
4.570000000000000173e-01,0.000000000000000000e+00,1.315049690155503269e-03,2.861215735886490918e-03,1.355356821266096631e-03,2.910366981355724716e-03,1.000000000000000000e+00,1.000000000000000000e+00,1.038022667081628587e-04,1.384397554068308479e-03,-5.875173590524495650e-03,-2.554671072218456154e-03,4.424477056405572151e-02,1.114457251175168806e-02,1.310887881277673639e-01,3.364146340410383712e-02,1.178592862161643735e-04,1.389780604186338945e-03,-9.516846452673054235e-03,-9.731793666586547112e-03
4.575000000000000178e-01,0.000000000000000000e+00,1.311402193182123217e-03,2.860144625433719799e-03,1.351901442793815690e-03,2.909692891055988724e-03,1.000000000000000000e+00,1.000000000000000000e+00,1.010081219204117607e-04,1.383326443615537360e-03,-5.588289575502202941e-03,-2.142220905542262070e-03,4.439560024525449067e-02,1.227584004368386696e-02,1.316962482698147419e-01,3.724020910912546195e-02,1.178592862161643735e-04,1.389780604186338945e-03,-9.516846452673054235e-03,-9.731793666586547112e-03
4.580000000000000182e-01,0.000000000000000000e+00,1.307947739324339656e-03,2.859312821378018257e-03,1.348438751184196207e-03,2.909026346416833039e-03,1.000000000000000000e+00,1.000000000000000000e+00,9.836185673864576825e-05,1.382494639559835601e-03,-5.292530363531980711e-03,-1.663608111403418622e-03,4.452217800386727015e-02,1.468452840759463043e-02,1.322152665232950164e-01,4.583485522735069456e-02,1.078348379490427387e-04,1.386791545283166125e-03,-6.660606466070477689e-03,-4.508802311402156787e-03
4.585000000000000187e-01,0.000000000000000000e+00,1.304690817171780173e-03,2.858792919113402765e-03,1.344969879598666585e-03,2.908363895817128123e-03,1.000000000000000000e+00,1.000000000000000000e+00,9.586690962200645420e-05,1.381974737295220109e-03,-4.989894233278626377e-03,-1.039804529230835013e-03,4.414473833170544370e-02,1.511212047952928579e-02,1.308011868839826786e-01,4.570755495476062913e-02,1.078348379490427387e-04,1.386791545283166125e-03,-6.660606466070477689e-03,-4.508802311402156787e-03
4.590000000000000191e-01,0.000000000000000000e+00,1.301610589084393598e-03,2.858594715237364886e-03,1.341496146384294191e-03,2.907701546721296222e-03,1.000000000000000000e+00,1.000000000000000000e+00,9.350731801212493199e-05,1.381776533419182013e-03,-4.719183219763042891e-03,-3.964077520762472953e-04,4.410792703149950950e-02,1.504087184412337269e-02,1.311233921579639805e-01,4.534253656678664118e-02,1.078348379490427387e-04,1.386791545283166125e-03,-6.660606466070477689e-03,-4.508802311402156787e-03
4.595000000000000195e-01,0.000000000000000000e+00,1.298703505418847843e-03,2.858712264660675552e-03,1.338019023815739065e-03,2.907034863534117657e-03,1.000000000000000000e+00,1.000000000000000000e+00,9.128036272445170499e-05,1.381894082842492896e-03,-4.453910575346454667e-03,2.350988466216360692e-04,4.407185524105688978e-02,1.497093990631349555e-02,1.311548165045371139e-01,4.540335870018950143e-02,1.078348379490427387e-04,1.386791545283166125e-03,-6.660606466070477689e-03,-4.508802311402156787e-03
4.600000000000000200e-01,0.000000000000000000e+00,1.295966075226968493e-03,2.859139696778914205e-03,1.334540106836786758e-03,2.906359065456836852e-03,1.000000000000000000e+00,1.000000000000000000e+00,8.918336953753642484e-05,1.382321514960731766e-03,-4.193986373830555295e-03,8.548642364777887326e-04,4.385192324401836900e-02,1.424348138662546309e-02,1.304687344562123208e-01,4.290439738217782795e-02,9.724592747051760406e-05,1.382556100442301674e-03,-5.794372743167837056e-03,-2.992693409935897123e-03
4.605000000000000204e-01,0.000000000000000000e+00,1.293385617388106762e-03,2.859850623079177381e-03,1.331061081801880076e-03,2.905669124343267067e-03,1.000000000000000000e+00,1.000000000000000000e+00,8.720662414937362854e-05,1.383032441260994509e-03,-3.953490776325587625e-03,1.421852600525494274e-03,4.341689951708833928e-02,1.308731833993484472e-02,1.290940031009731870e-01,3.927909985463381992e-02,9.724592747051760406e-05,1.382556100442301674e-03,-5.794372743167837056e-03,-2.992693409935897123e-03
4.610000000000000209e-01,0.000000000000000000e+00,1.290938804187118961e-03,2.860805530561447325e-03,1.327583695217653646e-03,2.904959862555902932e-03,1.000000000000000000e+00,1.000000000000000000e+00,8.533225649340675707e-05,1.383987348743264886e-03,-3.748735311933745328e-03,1.909814964540546738e-03,4.307542120314838963e-02,1.218092426390338795e-02,1.282473112539337101e-01,3.695580152309064365e-02,9.724592747051760406e-05,1.382556100442301674e-03,-5.794372743167837056e-03,-2.992693409935897123e-03
4.615000000000000213e-01,0.000000000000000000e+00,1.288607250703451262e-03,2.861973144565176097e-03,1.324109722484465013e-03,2.904226050822016070e-03,1.000000000000000000e+00,1.000000000000000000e+00,8.354618290340833694e-05,1.385154962746993658e-03,-3.572147179996838524e-03,2.335228007457659447e-03,4.305140873814700814e-02,1.213381476651708389e-02,1.285388177430940027e-01,3.772955418647663123e-02,9.724592747051760406e-05,1.382556100442301674e-03,-5.794372743167837056e-03,-2.992693409935897123e-03
4.620000000000000218e-01,0.000000000000000000e+00,1.286388677998858299e-03,2.863349386973241921e-03,1.320640936637925301e-03,2.903462506089762862e-03,1.000000000000000000e+00,1.000000000000000000e+00,8.184665761139956819e-05,1.386531205155059048e-03,-3.399050584017539005e-03,2.752484816130901929e-03,4.298584234839256113e-02,1.276314161073507404e-02,1.283960910213951256e-01,4.039331092937153977e-02,8.626690532129464633e-05,1.374285413000005335e-03,-5.601069503422609341e-03,-3.717212199389387066e-03
4.625000000000000222e-01,0.000000000000000000e+00,1.284278738943464820e-03,2.864951345500987324e-03,1.317179077090433782e-03,2.902664189384294817e-03,1.000000000000000000e+00,1.000000000000000000e+00,8.023035052269567665e-05,1.388133163682804668e-03,-3.232614177407774642e-03,3.203917055491059367e-03,4.296321031562319592e-02,1.271315079297734643e-02,1.284520624471167105e-01,3.985607956971173871e-02,8.626690532129464633e-05,1.374285413000005335e-03,-5.601069503422609341e-03,-3.717212199389387066e-03
4.630000000000000226e-01,0.000000000000000000e+00,1.282275275682103052e-03,2.866774651458475591e-03,1.313725818372708538e-03,2.901826303663855057e-03,1.000000000000000000e+00,1.000000000000000000e+00,7.869560862433643976e-05,1.389956469640292935e-03,-3.069483796718466828e-03,3.646611914976726453e-03,4.294102783646108756e-02,1.266412753740703279e-02,1.284713825156125200e-01,3.989875474754855933e-02,8.626690532129464633e-05,1.374285413000005335e-03,-5.601069503422609341e-03,-3.717212199389387066e-03
4.635000000000000231e-01,0.000000000000000000e+00,1.280376165902525612e-03,2.868814992101092164e-03,1.310282738875320156e-03,2.900944391675891725e-03,1.000000000000000000e+00,1.000000000000000000e+00,7.724080613081822535e-05,1.391996810282909508e-03,-2.909604987036433586e-03,4.080681285233108031e-03,4.291928750612379606e-02,1.261605945344950429e-02,1.284903188180289701e-01,3.994060395593203305e-02,8.626690532129464633e-05,1.374285413000005335e-03,-5.601069503422609341e-03,-3.717212199389387066e-03
4.640000000000000235e-01,0.000000000000000000e+00,1.278579322291741645e-03,2.871068110080694617e-03,1.306851289590223045e-03,2.900014433813155774e-03,1.000000000000000000e+00,1.000000000000000000e+00,7.586434406762334129e-05,1.394249928262511744e-03,-2.752924126389774424e-03,4.506235959204610633e-03,4.321729186885112095e-02,1.266365343566586144e-02,1.297489686167101197e-01,4.034949483000490472e-02,8.576533664229652083e-05,1.377214690993625902e-03,-2.208621182042217693e-03,-4.315625837903659017e-04
4.645000000000000240e-01,0.000000000000000000e+00,1.276898689656868991e-03,2.873532763354741219e-03,1.303432762852288051e-03,2.899032945969812636e-03,1.000000000000000000e+00,1.000000000000000000e+00,7.457690477675473720e-05,1.396714581536558347e-03,-2.574878581737199273e-03,4.929306548093001158e-03,4.253865772507724879e-02,1.172586548400852968e-02,1.269530155320746645e-01,3.684876573991879151e-02,8.576533664229652083e-05,1.377214690993625902e-03,-2.208621182042217693e-03,-4.315625837903659017e-04
4.650000000000000244e-01,0.000000000000000000e+00,1.275299107177005906e-03,2.876176902159627638e-03,1.300028261080833983e-03,2.897997077397541747e-03,1.000000000000000000e+00,1.000000000000000000e+00,7.335155350674514053e-05,1.399358720341444982e-03,-2.450702540019190304e-03,5.288277609773437554e-03,4.186734875961331537e-02,1.079517580204401687e-02,1.249907799943138081e-01,3.418921811377766823e-02,8.576533664229652083e-05,1.377214690993625902e-03,-2.208621182042217693e-03,-4.315625837903659017e-04
4.655000000000000249e-01,0.000000000000000000e+00,1.273746180685974509e-03,2.878969050911685777e-03,1.296638665521161532e-03,2.896904708561646048e-03,1.000000000000000000e+00,1.000000000000000000e+00,7.216194279771828853e-05,1.402150869093502904e-03,-2.379221418053696201e-03,5.584297504115743292e-03,4.120320525256625926e-02,9.871457222405947973e-03,1.230222912424411424e-01,3.152361097640903748e-02,8.576533664229652083e-05,1.377214690993625902e-03,-2.208621182042217693e-03,-4.315625837903659017e-04
4.660000000000000253e-01,0.000000000000000000e+00,1.272206269654986175e-03,2.881878301124497343e-03,1.293264605151981609e-03,2.895754548401275295e-03,1.000000000000000000e+00,1.000000000000000000e+00,7.098230250953199705e-05,1.405060119306314687e-03,-2.359280576372569521e-03,5.818500425623749674e-03,4.053260961058789691e-02,9.475860447950909884e-03,1.209954092814859578e-01,3.087651297740965847e-02,7.309816586484243345e-05,1.384784557853483040e-03,-4.824131845488810640e-03,2.241985532915646232e-03
4.665000000000000258e-01,0.000000000000000000e+00,1.270645799991918781e-03,2.884890596920548344e-03,1.289906433178315869e-03,2.894546204343872130e-03,1.000000000000000000e+00,1.000000000000000000e+00,6.978691339548352842e-05,1.408072415102365688e-03,-2.390778228096948101e-03,6.024591592102019472e-03,4.065829867400493763e-02,8.262530736388941713e-03,1.220393698841704677e-01,2.659069136371517914e-02,7.309816586484243345e-05,1.384784557853483040e-03,-4.824131845488810640e-03,2.241985532915646232e-03
4.670000000000000262e-01,0.000000000000000000e+00,1.269071484778419969e-03,2.887966475880159988e-03,1.286564230258976623e-03,2.893280156293263732e-03,1.000000000000000000e+00,1.000000000000000000e+00,6.858091797446507561e-05,1.411148294061977332e-03,-2.411990842036899983e-03,6.151757919223360509e-03,4.078258917735382016e-02,7.057941023694671093e-03,1.224035738248179656e-01,2.300293591655528172e-02,7.309816586484243345e-05,1.384784557853483040e-03,-4.824131845488810640e-03,2.241985532915646232e-03
4.675000000000000266e-01,0.000000000000000000e+00,1.267489890537864053e-03,2.891067200409718103e-03,1.283237822213372263e-03,2.891957678610379383e-03,1.000000000000000000e+00,1.000000000000000000e+00,6.736934649521825788e-05,1.414249018591535447e-03,-2.423142958493630043e-03,6.201449059116320717e-03,4.090551165363847524e-02,5.861930777923208928e-03,1.227689716607107129e-01,1.940771947910352110e-02,7.309816586484243345e-05,1.384784557853483040e-03,-4.824131845488810640e-03,2.241985532915646232e-03
4.680000000000000271e-01,0.000000000000000000e+00,1.265907439724783855e-03,2.894154748687787458e-03,1.279926798630442834e-03,2.890580758853634677e-03,1.000000000000000000e+00,1.000000000000000000e+00,6.615711884334911266e-05,1.417336566869605019e-03,-2.424455303738298675e-03,6.175096556139166547e-03,4.166872930590477531e-02,7.091265401585998204e-03,1.256274226864097232e-01,2.519169066858711198e-02,7.473628388581039154e-05,1.413453646107629700e-03,-1.245961194761299393e-03,9.909498356449039647e-03
4.685000000000000275e-01,0.000000000000000000e+00,1.264362559468095110e-03,2.897267346824374153e-03,1.276630531477652205e-03,2.889152016519116670e-03,1.000000000000000000e+00,1.000000000000000000e+00,6.497367190742848856e-05,1.420449165006191497e-03,-2.366893871841251658e-03,6.225196273172842534e-03,4.139049843034108001e-02,5.932772328928623273e-03,1.239257380560124105e-01,1.966460925961299039e-02,7.473628388581039154e-05,1.413453646107629700e-03,-1.245961194761299393e-03,9.909498356449039647e-03
4.690000000000000280e-01,0.000000000000000000e+00,1.262841048476656724e-03,2.900368141878326318e-03,1.273348193709978281e-03,2.887674621780774234e-03,1.000000000000000000e+00,1.000000000000000000e+00,6.380812686729264141e-05,1.423549960060143445e-03,-2.331090080271695612e-03,6.201590107904096129e-03,4.111522616004234520e-02,4.782441316949671492e-03,1.231130967164937445e-01,1.617592162283121304e-02,7.473628388581039154e-05,1.413453646107629700e-03,-1.245961194761299393e-03,9.909498356449039647e-03
4.695000000000000284e-01,0.000000000000000000e+00,1.261329016169486809e-03,2.903420965874980997e-03,1.270078777878908428e-03,2.886152214230612752e-03,1.000000000000000000e+00,1.000000000000000000e+00,6.264984292056864721e-05,1.426602784056798558e-03,-2.316567893447994686e-03,6.105647993310358949e-03,4.084284776366101793e-02,3.640120661663814178e-03,1.222979297330369641e-01,1.268026635866124560e-02,7.473628388581039154e-05,1.413453646107629700e-03,-1.245961194761299393e-03,9.909498356449039647e-03
4.700000000000000289e-01,0.000000000000000000e+00,1.259812877394569670e-03,2.906390327200359704e-03,1.266821114741425568e-03,2.884588821618864520e-03,1.000000000000000000e+00,1.000000000000000000e+00,6.148841323704624408e-05,1.429572145382176831e-03,-2.322859367044816450e-03,5.938722650756483000e-03,3.984718879673228992e-02,1.605330811143633896e-03,1.186603246053071076e-01,5.681198024186924316e-03,6.068546953554398277e-05,1.423739584178018930e-03,-4.910526954139108995e-03,6.887191339295242049e-03
4.705000000000000293e-01,0.000000000000000000e+00,1.258242968546349587e-03,2.909213262208926350e-03,1.263573891869007940e-03,2.882988778594203390e-03,1.000000000000000000e+00,1.000000000000000000e+00,6.028579328766392773e-05,1.432395080390743694e-03,-2.405239898764636487e-03,5.645870017133601711e-03,3.995682189024818420e-02,4.440590245139984819e-04,1.198925516712509298e-01,2.782285164428946380e-03,6.068546953554398277e-05,1.423739584178018930e-03,-4.910526954139108995e-03,6.887191339295242049e-03
4.710000000000000298e-01,0.000000000000000000e+00,1.256625585540319069e-03,2.911854857859361850e-03,1.260335672256613455e-03,2.881356645443907804e-03,1.000000000000000000e+00,1.000000000000000000e+00,5.904680602349918249e-05,1.435036676041178978e-03,-2.477974528329487773e-03,5.283191300870525124e-03,4.006514333339797340e-02,-7.094803436757177303e-04,1.201812347553839755e-01,-8.623154114385331998e-04,6.068546953554398277e-05,1.423739584178018930e-03,-4.910526954139108995e-03,6.887191339295242049e-03
4.715000000000000302e-01,0.000000000000000000e+00,1.254966890751252426e-03,2.914280869312043352e-03,1.257104912931676644e-03,2.879697126834063724e-03,1.000000000000000000e+00,1.000000000000000000e+00,5.777617209750420647e-05,1.437462687493860697e-03,-2.541267851989952812e-03,4.852022905363527309e-03,4.017218094719236798e-02,-1.855435284403584998e-03,1.204710375433975383e-01,-4.513516846160371340e-03,6.068546953554398277e-05,1.423739584178018930e-03,-4.910526954139108995e-03,6.887191339295242049e-03
4.720000000000000306e-01,0.000000000000000000e+00,1.253272915261215929e-03,2.916457711416201460e-03,1.253879983563097999e-03,2.878014990549750216e-03,1.000000000000000000e+00,1.000000000000000000e+00,5.647851158658202689e-05,1.439639529598018804e-03,-2.595321021844364685e-03,4.353684208316064945e-03,4.042346852486870812e-02,-2.995119470597080915e-03,1.213270338761428674e-01,-8.175727240686374298e-03,5.674529933049449296e-05,1.436536675289411822e-03,-3.046084832270865191e-03,6.577356345920106276e-03
4.725000000000000311e-01,0.000000000000000000e+00,1.251556851052034857e-03,2.918352413787796487e-03,1.250659185070236582e-03,2.876314986235224604e-03,1.000000000000000000e+00,1.000000000000000000e+00,5.516393013510354832e-05,1.441534231969613614e-03,-2.629162902956954859e-03,3.789404743189726896e-03,4.014768247461272810e-02,-4.081975661213283618e-03,1.200235883883527255e-01,-1.166648386941714771e-02,5.674529933049449296e-05,1.436536675289411822e-03,-3.046084832270865191e-03,6.577356345920106276e-03
4.730000000000000315e-01,0.000000000000000000e+00,1.249805332440094867e-03,2.919934072548813209e-03,1.247440768231902839e-03,2.874601764134114557e-03,1.000000000000000000e+00,1.000000000000000000e+00,5.382218903540741142e-05,1.443115890730630770e-03,-2.683482199392270111e-03,3.163317522034295691e-03,3.987468094454709594e-02,-5.161987368874429091e-03,1.191700847461654583e-01,-1.520233766213011442e-02,5.674529933049449296e-05,1.436536675289411822e-03,-3.046084832270865191e-03,6.577356345920106276e-03
4.735000000000000320e-01,0.000000000000000000e+00,1.248005292682746476e-03,2.921172392583859610e-03,1.244222952295348603e-03,2.872879793829603672e-03,1.000000000000000000e+00,1.000000000000000000e+00,5.244327858189749912e-05,1.444354210765676954e-03,-2.757820907019825369e-03,2.476640070092335152e-03,3.960440165524210798e-02,-6.235289420199463528e-03,1.183142040695618624e-01,-1.874403431840102052e-02,5.674529933049449296e-05,1.436536675289411822e-03,-3.046084832270865191e-03,6.577356345920106276e-03
4.740000000000000324e-01,0.000000000000000000e+00,1.246143958863407198e-03,2.922037679682133217e-03,1.241003943585360309e-03,2.871153282985367764e-03,1.000000000000000000e+00,1.000000000000000000e+00,5.101741415280313985e-05,1.445219497863950344e-03,-2.851728858188718428e-03,1.730574196546628713e-03,3.925486601962838856e-02,-7.958162820097581386e-03,1.171378602714535366e-01,-2.483971438247111266e-02,4.831261909884816306e-05,1.442904712094606866e-03,-3.788107070457918772e-03,4.425746991091035996e-03
4.745000000000000329e-01,0.000000000000000000e+00,1.244204742735854864e-03,2.922480324807974657e-03,1.237781954379109026e-03,2.869426098081849074e-03,1.000000000000000000e+00,1.000000000000000000e+00,4.953188841428493908e-05,1.445662142989792001e-03,-2.971051477036402294e-03,8.852902516832000541e-04,3.914700274749970121e-02,-9.054647937443460401e-03,1.169543263466833738e-01,-2.799087252668830753e-02,4.831261909884816306e-05,1.442904712094606866e-03,-3.788107070457918772e-03,4.425746991091035996e-03
4.750000000000000333e-01,0.000000000000000000e+00,1.242183365732432406e-03,2.922470921500336469e-03,1.234555225130807253e-03,2.867701710303032815e-03,1.000000000000000000e+00,1.000000000000000000e+00,4.798342379336473131e-05,1.445652739682153813e-03,-3.096929241840418786e-03,-1.880661527654760214e-05,3.912291572918967508e-02,-9.349701343200771814e-03,1.168863830513651725e-01,-2.858955861330782569e-02,4.831261909884816306e-05,1.442904712094606866e-03,-3.788107070457918772e-03,4.425746991091035996e-03
4.755000000000000338e-01,0.000000000000000000e+00,1.240079805602655816e-03,2.922005505287604381e-03,1.231322051906424877e-03,2.865983180540624016e-03,1.000000000000000000e+00,1.000000000000000000e+00,4.637200324518273026e-05,1.445187323469421508e-03,-3.222841096364007212e-03,-9.308324254645778837e-04,3.914003723088316927e-02,-9.248705197838895734e-03,1.169069451832935036e-01,-2.833768322645026025e-02,4.831261909884816306e-05,1.442904712094606866e-03,-3.788107070457918772e-03,4.425746991091035996e-03
4.760000000000000342e-01,0.000000000000000000e+00,1.237896114249054710e-03,2.921092588052211225e-03,1.228080815045907385e-03,2.864273153614367400e-03,1.000000000000000000e+00,1.000000000000000000e+00,4.469919861826970588e-05,1.444274406234028569e-03,-3.345609253826045508e-03,-1.825834470785794601e-03,3.914291653367574925e-02,-9.381468326307443317e-03,1.168386775612956646e-01,-2.932441984028674384e-02,5.071948533636308541e-05,1.445317864021516442e-03,-6.231277063321131451e-04,2.384571424865266059e-03
4.765000000000000346e-01,0.000000000000000000e+00,1.235633615254882502e-03,2.919733327272898762e-03,1.224830007844038889e-03,2.862573852632353377e-03,1.000000000000000000e+00,1.000000000000000000e+00,4.296602383622180279e-05,1.442915145454716323e-03,-3.466349564095803568e-03,-2.718521558624614667e-03,3.822858497019117341e-02,-8.917512868716719054e-03,1.132215033934159953e-01,-2.779315754366504243e-02,5.071948533636308541e-05,1.445317864021516442e-03,-6.231277063321131451e-04,2.384571424865266059e-03
4.770000000000000351e-01,0.000000000000000000e+00,1.233247672811731274e-03,2.917947568053371431e-03,1.221568265231307753e-03,2.860887073351340952e-03,1.000000000000000000e+00,1.000000000000000000e+00,4.113828588604411803e-05,1.441129386235188558e-03,-3.655475900355364093e-03,-3.571518439055476526e-03,3.732355254271111505e-02,-8.457952635375177303e-03,1.103873157536211513e-01,-2.677129023037866720e-02,5.071948533636308541e-05,1.445317864021516442e-03,-6.231277063321131451e-04,2.384571424865266059e-03
4.775000000000000355e-01,0.000000000000000000e+00,1.230694650020783786e-03,2.915754835720292017e-03,1.218294392454769394e-03,2.859214178537071958e-03,1.000000000000000000e+00,1.000000000000000000e+00,3.918255696388268006e-05,1.438936653902109361e-03,-3.911457844322874765e-03,-4.385464666158573124e-03,3.642761114486382790e-02,-8.002716803180959237e-03,1.075451898103433473e-01,-2.574567088852224364e-02,5.071948533636308541e-05,1.445317864021516442e-03,-6.231277063321131451e-04,2.384571424865266059e-03
4.780000000000000360e-01,0.000000000000000000e+00,1.227931891798510287e-03,2.913174339541576424e-03,1.215007393758911047e-03,2.857556092324586156e-03,1.000000000000000000e+00,1.000000000000000000e+00,3.706616138002877985e-05,1.436356157723393768e-03,-4.232791167707806480e-03,-5.160992357431051433e-03,3.598539634635139484e-02,-8.074508916121513058e-03,1.064229111213012419e-01,-2.674663484818474643e-02,3.828607758247302414e-05,1.438326231849157465e-03,-4.169839238356971151e-03,-1.343998198941622618e-03
4.785000000000000364e-01,0.000000000000000000e+00,1.224939994863597295e-03,2.910208637087895525e-03,1.211706501066517165e-03,2.855913294578538500e-03,1.000000000000000000e+00,1.000000000000000000e+00,3.477423535865393529e-05,1.433390455269712869e-03,-4.583852042749685107e-03,-5.931404907361907328e-03,3.660351244233477075e-02,-7.015036457463413172e-03,1.090155699325748295e-01,-2.290204875609705426e-02,3.828607758247302414e-05,1.438326231849157465e-03,-4.169839238356971151e-03,-1.343998198941622618e-03
4.790000000000000369e-01,0.000000000000000000e+00,1.221752930886131194e-03,2.906895657615624767e-03,1.208391202659532017e-03,2.854285815253515112e-03,1.000000000000000000e+00,1.000000000000000000e+00,3.233280270885145014e-05,1.430077475797442328e-03,-4.882865299604975499e-03,-6.625958944540896386e-03,3.721455110000786853e-02,-5.963964438020119725e-03,1.107030663256662606e-01,-2.002317834818631570e-02,3.828607758247302414e-05,1.438326231849157465e-03,-4.169839238356971151e-03,-1.343998198941622618e-03
4.795000000000000373e-01,0.000000000000000000e+00,1.218403944058435873e-03,2.903272666158483555e-03,1.205061271859924222e-03,2.852673228754349245e-03,1.000000000000000000e+00,1.000000000000000000e+00,2.976732995941667705e-05,1.426454484340301115e-03,-5.130945498869545970e-03,-7.245982914282427315e-03,3.781866387738880286e-02,-4.921145748077658880e-03,1.123966044470603581e-01,-1.713713681858806265e-02,3.828607758247302414e-05,1.438326231849157465e-03,-4.169839238356971151e-03,-1.343998198941622618e-03
4.799999999999999822e-01,0.000000000000000000e+00,1.214925563378318986e-03,2.899376271624161915e-03,1.201716795710552161e-03,2.851074648296436816e-03,1.000000000000000000e+00,1.000000000000000000e+00,2.710273576836071309e-05,1.422558089805979475e-03,-5.329188382111927497e-03,-7.792789068643323283e-03,3.781132390435029689e-02,-4.796376065809893757e-03,1.117476992340106501e-01,-1.777795149000850963e-02,3.950551835866769119e-05,1.431894429488772416e-03,-1.139270112614929704e-03,-2.530913275796078769e-03
4.804999999999999827e-01,0.000000000000000000e+00,1.211319320038736378e-03,2.895213994545752824e-03,1.198358203656026133e-03,2.849488720266054546e-03,1.000000000000000000e+00,1.000000000000000000e+00,2.434019309753861064e-05,1.418395812727569951e-03,-5.525085341644203271e-03,-8.324554156819184009e-03,3.692887587822768491e-02,-4.297719316522286004e-03,1.082233834313910820e-01,-1.617654506854941318e-02,3.950551835866769119e-05,1.431894429488772416e-03,-1.139270112614929704e-03,-2.530913275796078769e-03
4.809999999999999831e-01,0.000000000000000000e+00,1.207542898370144151e-03,2.890804984018362309e-03,1.194986296223574411e-03,2.847913618580673323e-03,1.000000000000000000e+00,1.000000000000000000e+00,2.144728626343957482e-05,1.413986802200179653e-03,-5.785813668198072288e-03,-8.818021054780808901e-03,3.605524362536528804e-02,-3.803303641930992369e-03,1.054461126555760464e-01,-1.489431120300421969e-02,3.950551835866769119e-05,1.431894429488772416e-03,-1.139270112614929704e-03,-2.530913275796078769e-03
4.814999999999999836e-01,0.000000000000000000e+00,1.203554935715834585e-03,2.886168061890802966e-03,1.191602273703907785e-03,2.846347039049277640e-03,1.000000000000000000e+00,1.000000000000000000e+00,1.839232963273960798e-05,1.409349880072620310e-03,-6.109913261399934487e-03,-9.273844255118471325e-03,3.519022860122481694e-02,-3.313056564669640026e-03,1.026613162038764043e-01,-1.360845690024669805e-02,3.950551835866769119e-05,1.431894429488772416e-03,-1.139270112614929704e-03,-2.530913275796078769e-03
4.819999999999999840e-01,0.000000000000000000e+00,1.199315006092534089e-03,2.881321726702194136e-03,1.188207764832081501e-03,2.844786193732678093e-03,1.000000000000000000e+00,1.000000000000000000e+00,1.514435510559469028e-05,1.404503544884011263e-03,-6.495949054289835642e-03,-9.692670377217970853e-03,3.434818650239723770e-02,-2.424553449943068345e-03,9.992567407459673756e-02,-1.075644153399067139e-02,3.396935020644739134e-05,1.425769253837416055e-03,-2.172050053684116203e-03,-2.868031462772399447e-03
4.824999999999999845e-01,0.000000000000000000e+00,1.194784333112938008e-03,2.876296733154246922e-03,1.184804854422212474e-03,2.843227806237061742e-03,1.000000000000000000e+00,1.000000000000000000e+00,1.167365824598594357e-05,1.399478551336064483e-03,-6.941393719217494283e-03,-1.004998709589363139e-02,3.430610016773159854e-02,-2.214671964244108691e-03,1.002458034877961729e-01,-1.085348411018721530e-02,3.396935020644739134e-05,1.425769253837416055e-03,-2.172050053684116203e-03,-2.868031462772399447e-03
4.829999999999999849e-01,0.000000000000000000e+00,1.189964702609454944e-03,2.871102288224286828e-03,1.181396084093984085e-03,2.841668131011342718e-03,1.000000000000000000e+00,1.000000000000000000e+00,7.981607080905953627e-06,1.394284106406104388e-03,-7.384102330159980979e-03,-1.038888985992015776e-02,3.436629971177496828e-02,-2.177142464051447408e-03,1.002817309220113973e-01,-1.103265160791183988e-02,3.396935020644739134e-05,1.425769253837416055e-03,-2.172050053684116203e-03,-2.868031462772399447e-03
4.834999999999999853e-01,0.000000000000000000e+00,1.184863037006109523e-03,2.865742124169466491e-03,1.177984385153028803e-03,2.840103033167506140e-03,1.000000000000000000e+00,1.000000000000000000e+00,4.073504494811899335e-06,1.388923942351283618e-03,-7.816205172188108938e-03,-1.072032810964137182e-02,3.442505708271147852e-02,-2.140439571136138440e-03,1.002303409595547423e-01,-1.106468905332052763e-02,3.396935020644739134e-05,1.425769253837416055e-03,-2.172050053684116203e-03,-2.868031462772399447e-03
4.839999999999999858e-01,0.000000000000000000e+00,1.179486137954605194e-03,2.860219922800854610e-03,1.174572984923886836e-03,2.838528091982903817e-03,1.000000000000000000e+00,1.000000000000000000e+00,-4.543914480463569943e-08,1.383401740982671737e-03,-8.237887279233069987e-03,-1.104440273722362593e-02,3.363493521226115085e-02,-3.151977852971099385e-03,9.688892668482176895e-02,-1.516386664923477685e-02,1.459022940284205347e-05,1.399644525684997504e-03,-6.938668015170949832e-03,-9.331938619580069233e-03
4.844999999999999862e-01,0.000000000000000000e+00,1.173798229750141206e-03,2.854506578637088041e-03,1.171165312072903813e-03,2.836938705303608706e-03,1.000000000000000000e+00,1.000000000000000000e+00,-4.402629617805165132e-06,1.377688396818905385e-03,-8.714380946001059475e-03,-1.142668832753283154e-02,3.427975481537949565e-02,-2.144113149780160505e-03,9.981604620853758159e-02,-1.055056185866991292e-02,1.459022940284205347e-05,1.399644525684997504e-03,-6.938668015170949832e-03,-9.331938619580069233e-03
4.849999999999999867e-01,0.000000000000000000e+00,1.167835879562361409e-03,2.848636462884339242e-03,1.167764901931116987e-03,2.835330193947755914e-03,1.000000000000000000e+00,1.000000000000000000e+00,-8.970054847083255817e-06,1.371818281066156586e-03,-9.134850458556179054e-03,-1.174023150549742545e-02,3.491695625057503194e-02,-1.143860861273243712e-03,1.015182131246215869e-01,-7.661141280758685182e-03,1.459022940284205347e-05,1.399644525684997504e-03,-6.938668015170949832e-03,-9.331938619580069233e-03
4.854999999999999871e-01,0.000000000000000000e+00,1.161634878799535893e-03,2.842643326930562649e-03,1.164375301817149010e-03,2.833697906108890649e-03,1.000000000000000000e+00,1.000000000000000000e+00,-1.372029702322217045e-05,1.365825145112379993e-03,-9.500484352277828448e-03,-1.198627190755323542e-02,3.554670113496147948e-02,-1.510837122764775351e-04,1.032268833684261145e-01,-4.765222286438613661e-03,1.459022940284205347e-05,1.399644525684997504e-03,-6.938668015170949832e-03,-9.331938619580069233e-03
4.859999999999999876e-01,0.000000000000000000e+00,1.155230256168431231e-03,2.836560310016762818e-03,1.160999976360102375e-03,2.832037321759319631e-03,1.000000000000000000e+00,1.000000000000000000e+00,-1.862652260005409673e-05,1.359742128198580162e-03,-9.812451153663852288e-03,-1.216603382759961181e-02,3.608272597501587658e-02,1.721644128279752690e-04,1.046062837670896917e-01,-4.434640999013022590e-03,2.090337688721138487e-06,1.373603145380446547e-03,-6.501970856497258679e-03,-1.167086048293454817e-02
4.864999999999999880e-01,0.000000000000000000e+00,1.148651960707487837e-03,2.830399250057485504e-03,1.157642212822445173e-03,2.830344157053448634e-03,1.000000000000000000e+00,1.000000000000000000e+00,-2.366578928310449575e-05,1.353581068239302848e-03,-1.007853336610080135e-02,-1.232211991855446630e-02,3.652390013781225964e-02,1.281336888606563655e-03,1.057215531055549079e-01,-4.700638671212816269e-04,2.090337688721138487e-06,1.373603145380446547e-03,-6.501970856497258679e-03,-1.167086048293454817e-02
4.869999999999999885e-01,0.000000000000000000e+00,1.141924860811810612e-03,2.824196420285524870e-03,1.154305026422909435e-03,2.828614468731136932e-03,1.000000000000000000e+00,1.000000000000000000e+00,-2.881904677649430214e-05,1.347378238467342214e-03,-1.030651498677961041e-02,-1.240565954392107775e-02,3.695989337980670753e-02,2.382475695488730626e-03,1.069177927041896070e-01,2.823600826533260132e-03,2.090337688721138487e-06,1.373603145380446547e-03,-6.501970856497258679e-03,-1.167086048293454817e-02
4.874999999999999889e-01,0.000000000000000000e+00,1.135073293011464816e-03,2.817987425794546419e-03,1.150991065659378839e-03,2.826844758521041782e-03,1.000000000000000000e+00,1.000000000000000000e+00,-3.406765221660208059e-05,1.341169243976363980e-03,-1.049721088021554963e-02,-1.241798898195639426e-02,3.739081650632594678e-02,3.475728810594833854e-03,1.081184550493704960e-01,6.124123544605375967e-03,2.090337688721138487e-06,1.373603145380446547e-03,-6.501970856497258679e-03,-1.167086048293454817e-02
4.879999999999999893e-01,0.000000000000000000e+00,1.128121070948298827e-03,2.811807211896558828e-03,1.147702517631782500e-03,2.825032077543965497e-03,1.000000000000000000e+00,1.000000000000000000e+00,-3.939336329541955235e-05,1.334989030078376172e-03,-1.065142215763494569e-02,-1.236042779597559989e-02,3.708704064961677177e-02,4.647521337487054739e-03,1.064893917966843462e-01,9.766456206583572913e-03,-2.349383731705668345e-05,1.358327354228815653e-03,-1.049033689766162847e-02,-9.113683695125910852e-03
4.884999999999999898e-01,0.000000000000000000e+00,1.121054933815916754e-03,2.805692769054621456e-03,1.144441013364985715e-03,2.823174130716200360e-03,1.000000000000000000e+00,1.000000000000000000e+00,-4.480633837999761711e-05,1.328874587236438583e-03,-1.082595016915612572e-02,-1.222888568387534014e-02,3.800812399784540829e-02,5.107677565427824057e-03,1.102337197439725303e-01,1.060980618635217268e-02,-2.349383731705668345e-05,1.358327354228815653e-03,-1.049033689766162847e-02,-9.113683695125910852e-03
4.889999999999999902e-01,0.000000000000000000e+00,1.113923154260828023e-03,2.799658407911262935e-03,1.141207533131682449e-03,2.821269381152878303e-03,1.000000000000000000e+00,1.000000000000000000e+00,-5.026959847772279278e-05,1.322840226093080062e-03,-1.092652019545034721e-02,-1.206872228671711580e-02,3.891915053471103197e-02,5.564664322248514747e-03,1.129324339817768252e-01,1.206065184182808156e-02,-2.349383731705668345e-05,1.358327354228815653e-03,-1.049033689766162847e-02,-9.113683695125910852e-03
4.894999999999999907e-01,0.000000000000000000e+00,1.106772947208108180e-03,2.793718164565120801e-03,1.138002311775286515e-03,2.819317154571313218e-03,1.000000000000000000e+00,1.000000000000000000e+00,-5.574697485760891485e-05,1.316899982746938362e-03,-1.095475275977224848e-02,-1.188048669228348488e-02,3.982034061906512129e-02,6.018542412971181546e-03,1.156397333204584182e-01,1.351420314905695322e-02,-2.349383731705668345e-05,1.358327354228815653e-03,-1.049033689766162847e-02,-9.113683695125910852e-03
4.899999999999999911e-01,0.000000000000000000e+00,1.099650487847769319e-03,2.787885804072476499e-03,1.134824744032824489e-03,2.817317743694356270e-03,1.000000000000000000e+00,1.000000000000000000e+00,-6.120309527193734244e-05,1.311067622254294060e-03,-1.091224082865686548e-02,-1.166472098528868045e-02,4.068639575297703509e-02,6.312121970326298875e-03,1.182563376294454710e-01,1.435970301563010802e-02,-4.338827967250392454e-05,1.337579292832724413e-03,-1.014596422294089702e-02,-9.912830272067667953e-03
4.904999999999999916e-01,0.000000000000000000e+00,1.092599651016461096e-03,2.782169909058046856e-03,1.131673292515545564e-03,2.815272509862225096e-03,1.000000000000000000e+00,1.000000000000000000e+00,-6.660434964589956916e-05,1.305351727239863983e-03,-1.080250874792444346e-02,-1.143179002886001230e-02,4.150308257102383602e-02,6.916210916674373453e-03,1.207467044678128404e-01,1.655533863056937727e-02,-4.338827967250392454e-05,1.337579292832724413e-03,-1.014596422294089702e-02,-9.912830272067667953e-03
4.909999999999999920e-01,0.000000000000000000e+00,1.085661319869559143e-03,2.776588654137307662e-03,1.128545457082079330e-03,2.813183920161426571e-03,1.000000000000000000e+00,1.000000000000000000e+00,-7.191941966550318170e-05,1.299770472319125006e-03,-1.063014003920722921e-02,-1.116250984147788318e-02,4.231125205655913990e-02,7.516274612670804586e-03,1.232792150788477731e-01,1.848590469894718924e-02,-4.338827967250392454e-05,1.337579292832724413e-03,-1.014596422294089702e-02,-9.912830272067667953e-03
4.914999999999999925e-01,0.000000000000000000e+00,1.078875462697312946e-03,2.771159861519088309e-03,1.125437888797800080e-03,2.811055432689252287e-03,1.000000000000000000e+00,1.000000000000000000e+00,-7.711768784410142014e-05,1.294341679700905436e-03,-1.039653635719648903e-02,-1.085758523643913509e-02,4.311109480667375121e-02,8.112391108109120660e-03,1.258189965987401571e-01,2.041990696385665577e-02,-4.338827967250392454e-05,1.337579292832724413e-03,-1.014596422294089702e-02,-9.912830272067667953e-03
4.919999999999999929e-01,0.000000000000000000e+00,1.072281148580578412e-03,2.765901005522230106e-03,1.122346556710688593e-03,2.808891326343085793e-03,1.000000000000000000e+00,1.000000000000000000e+00,-8.216922552940696361e-05,1.289082823704047450e-03,-1.010307537061108131e-02,-1.051771199371589159e-02,4.403844097084738674e-02,8.599698659543913645e-03,1.288926769377082282e-01,2.194973217051385261e-02,-5.392623686788095965e-05,1.311660033075529377e-03,-7.053620321471020839e-03,-1.184471051659183143e-02
4.924999999999999933e-01,0.000000000000000000e+00,1.065923358607305613e-03,2.760825937178601388e-03,1.119266916424164690e-03,2.806696528722303369e-03,1.000000000000000000e+00,1.000000000000000000e+00,-8.703957520895009648e-05,1.284007755360418732e-03,-9.740699359086259224e-03,-1.015013668725749975e-02,4.409860000265274083e-02,9.751250266078486870e-03,1.285260464585357143e-01,2.616405536012045632e-02,-5.392623686788095965e-05,1.311660033075529377e-03,-7.053620321471020839e-03,-1.184471051659183143e-02
4.929999999999999938e-01,0.000000000000000000e+00,1.059803077304239402e-03,2.755969086619539272e-03,1.116194078669912639e-03,2.804476444030168727e-03,1.000000000000000000e+00,1.000000000000000000e+00,-9.172798269148894380e-05,1.279150904801356617e-03,-9.376814965077698988e-03,-9.713701118124336634e-03,4.415855392451553674e-02,1.089517640738930059e-02,1.288996992303989009e-01,2.981133975240604292e-02,-5.392623686788095965e-05,1.311660033075529377e-03,-7.053620321471020839e-03,-1.184471051659183143e-02
4.934999999999999942e-01,0.000000000000000000e+00,1.053921240547125819e-03,2.751364220551760949e-03,1.113122977880708509e-03,2.802236780975720775e-03,1.000000000000000000e+00,1.000000000000000000e+00,-9.623373105460885583e-05,1.274546038733578510e-03,-9.011496726239822536e-03,-9.209732135556251975e-03,4.421831287207057815e-02,1.203162401644383012e-02,1.292735270964826821e-01,3.346513370182849917e-02,-5.392623686788095965e-05,1.311660033075529377e-03,-7.053620321471020839e-03,-1.184471051659183143e-02
4.939999999999999947e-01,0.000000000000000000e+00,1.048278736528121622e-03,2.747044450735802550e-03,1.110048540763249481e-03,2.799983380675672654e-03,1.000000000000000000e+00,1.000000000000000000e+00,-1.005561399036434704e-04,1.270226268917619677e-03,-8.644817698069223039e-03,-8.639539631917656989e-03,4.345950090621476802e-02,1.276871305888207034e-02,1.264691886564517642e-01,3.560281949003661628e-02,-8.509221070652456622e-05,1.300487442716869802e-03,-1.246182465278885404e-02,-7.876445283075522372e-03
4.944999999999999951e-01,0.000000000000000000e+00,1.042835404976006925e-03,2.743029989609854259e-03,1.106965854870983149e-03,2.797722044556306444e-03,1.000000000000000000e+00,1.000000000000000000e+00,-1.047259737911950710e-04,1.266211807791671820e-03,-8.339667775103202368e-03,-8.028922251895921625e-03,4.435579657498401468e-02,1.236425115645212180e-02,1.307590140445027138e-01,3.366541124389386963e-02,-8.509221070652456622e-05,1.300487442716869802e-03,-1.246182465278885404e-02,-7.876445283075522372e-03
4.949999999999999956e-01,0.000000000000000000e+00,1.037634452122797053e-03,2.739305100715699708e-03,1.103870337176932927e-03,2.795458362255364825e-03,1.000000000000000000e+00,1.000000000000000000e+00,-1.087101348233203624e-04,1.262486918897517268e-03,-7.968322064250578721e-03,-7.449777788309297488e-03,4.524309093646022850e-02,1.196327450982056541e-02,1.336359397078679123e-01,3.270249975069756954e-02,-8.509221070652456622e-05,1.300487442716869802e-03,-1.246182465278885404e-02,-7.876445283075522372e-03
4.954999999999999960e-01,0.000000000000000000e+00,1.032718103351395978e-03,2.735854306679696632e-03,1.100757902646528220e-03,2.793197539523946220e-03,1.000000000000000000e+00,1.000000000000000000e+00,-1.124762764800869787e-04,1.259036124861514193e-03,-7.532283313533236560e-03,-6.901588072006015033e-03,4.612158833441148270e-02,1.156572573784052545e-02,1.365205494301607314e-01,3.173661303289655733e-02,-8.509221070652456622e-05,1.300487442716869802e-03,-1.246182465278885404e-02,-7.876445283075522372e-03
4.959999999999999964e-01,0.000000000000000000e+00,1.028127620051411464e-03,2.732662386161419099e-03,1.097625132810431782e-03,2.790944226128399056e-03,1.000000000000000000e+00,1.000000000000000000e+00,-1.159927907032704474e-04,1.255844204343236226e-03,-7.033028446366948808e-03,-6.383841036556023307e-03,4.642777450541409057e-02,1.044781052236927812e-02,1.372233908188236762e-01,2.795704902046809714e-02,-1.015681565139103397e-04,1.262986600497553605e-03,-9.783612494565840229e-03,-1.477129292378870709e-02
4.964999999999999969e-01,0.000000000000000000e+00,1.023875073673432634e-03,2.729691750360194354e-03,1.094469444337367505e-03,2.788702343752214301e-03,1.000000000000000000e+00,1.000000000000000000e+00,-1.192504302252268887e-04,1.252873568542011698e-03,-6.515279043912869557e-03,-5.941271602448863071e-03,4.601021941629836881e-02,1.152032550186400661e-02,1.356137933486010194e-01,3.326698849606241765e-02,-1.015681565139103397e-04,1.262986600497553605e-03,-9.783612494565840229e-03,-1.477129292378870709e-02
4.969999999999999973e-01,0.000000000000000000e+00,1.019936097022859298e-03,2.726973684515766275e-03,1.091289257606948638e-03,2.786474913897922338e-03,1.000000000000000000e+00,1.000000000000000000e+00,-1.222678613999741233e-04,1.250155502697583619e-03,-6.034862349494476107e-03,-5.436131688856059296e-03,4.559774083110895715e-02,1.258591153574020391e-02,1.346220250791944351e-01,3.670704461503031257e-02,-1.015681565139103397e-04,1.262986600497553605e-03,-9.783612494565840229e-03,-1.477129292378870709e-02
4.974999999999999978e-01,0.000000000000000000e+00,1.016286825031069213e-03,2.724538864886955764e-03,1.088084165282506444e-03,2.784263885788985926e-03,1.000000000000000000e+00,1.000000000000000000e+00,-1.250633659307146494e-04,1.247720683068773108e-03,-5.591009061481072920e-03,-4.869639257621074906e-03,4.519023414016291873e-02,1.364470349896523133e-02,1.336259231997857233e-01,4.015301569998108028e-02,-1.015681565139103397e-04,1.262986600497553605e-03,-9.783612494565840229e-03,-1.477129292378870709e-02
4.979999999999999982e-01,0.000000000000000000e+00,1.012903886381355577e-03,2.722417366570530420e-03,1.084855100866918137e-03,2.782069964286701131e-03,1.000000000000000000e+00,1.000000000000000000e+00,-1.276548472847401116e-04,1.245599184752347764e-03,-5.182962708050926209e-03,-4.242996632850627552e-03,4.656467050436106231e-02,1.523040760973417077e-02,1.395271289044711371e-01,4.567700319617074706e-02,-1.149139810336301075e-04,1.256189965911589214e-03,-7.811214862248422319e-03,-7.560045129374701536e-03
4.984999999999999987e-01,0.000000000000000000e+00,1.009853427973080812e-03,2.720655348106938883e-03,1.081604492034885607e-03,2.779892451247043591e-03,1.000000000000000000e+00,1.000000000000000000e+00,-1.299916339973645183e-04,1.243837166288756010e-03,-4.673573425248839057e-03,-3.524036927183588942e-03,4.702906638836017866e-02,1.487861000045168081e-02,1.404263916473670604e-01,4.326629091738324467e-02,-1.149139810336301075e-04,1.256189965911589214e-03,-7.811214862248422319e-03,-7.560045129374701536e-03
4.989999999999999991e-01,0.000000000000000000e+00,1.007155196167479208e-03,2.719237833802744947e-03,1.078336258726688562e-03,2.777729223928135198e-03,1.000000000000000000e+00,1.000000000000000000e+00,-1.320585994782925022e-04,1.242419651984562508e-03,-4.133930961855943054e-03,-2.835028608387200715e-03,4.695568577312089070e-02,1.480231042258517947e-02,1.400299553051492507e-01,4.356660657958060651e-02,-1.149139810336301075e-04,1.256189965911589214e-03,-7.811214862248422319e-03,-7.560045129374701536e-03
4.994999999999999996e-01,0.000000000000000000e+00,1.004801724788033672e-03,2.718158593753555469e-03,1.075055604911187871e-03,2.775576895554530792e-03,1.000000000000000000e+00,1.000000000000000000e+00,-1.338614631505563569e-04,1.241340411935372813e-03,-3.605727344527683703e-03,-2.158480098379526261e-03,4.688386061287040663e-02,1.472739062218281214e-02,1.400925974251539807e-01,4.363174050217630273e-02,-1.149139810336301075e-04,1.256189965911589214e-03,-7.811214862248422319e-03,-7.560045129374701536e-03
5.000000000000000000e-01,0.000000000000000000e+00,1.002785673317455354e-03,2.717411475269904467e-03,1.071768769610939283e-03,2.773431011846512299e-03,1.000000000000000000e+00,1.000000000000000000e+00,-1.354058481766347842e-04,1.240593293451722028e-03,-3.088770052156854587e-03,-1.494236967301466271e-03,4.704252281216772524e-02,1.437388115849624198e-02,1.410431071407450832e-01,4.260845676928125270e-02,-1.341153002647599410e-04,1.248339864749625425e-03,-8.945845758284571431e-03,-5.255208886799750748e-03
5.005000000000000560e-01,0.000000000000000000e+00,1.001111295924722719e-03,2.716981652212513421e-03,1.068482777507071251e-03,2.771286247920372141e-03,1.000000000000000000e+00,1.000000000000000000e+00,-1.366884956740215657e-04,1.240163470394330765e-03,-2.565294994773576094e-03,-8.596461147826262635e-04,4.758318739112533946e-02,1.336815942747312039e-02,1.432838684624396508e-01,3.927727052360958232e-02,-1.341153002647599410e-04,1.248339864749625425e-03,-8.945845758284571431e-03,-5.255208886799750748e-03
5.010000000000000009e-01,0.000000000000000000e+00,9.998018971742526732e-04,2.716834049926620566e-03,1.065205189544168613e-03,2.769136605188708342e-03,1.000000000000000000e+00,1.000000000000000000e+00,-1.376915533106460600e-04,1.240015868108437693e-03,-2.006115273248996068e-03,-2.952045717860211742e-04,4.811899684766517832e-02,1.237020590847030810e-02,1.451985295077775073e-01,3.650285201538188556e-02,-1.341153002647599410e-04,1.248339864749625425e-03,-8.945845758284571431e-03,-5.255208886799750748e-03
5.015000000000000568e-01,0.000000000000000000e+00,9.988802260235752403e-04,2.716934212402337748e-03,1.061943853535142392e-03,2.766975608260698397e-03,1.000000000000000000e+00,1.000000000000000000e+00,-1.383975943740056171e-04,1.240116030584154875e-03,-1.412082126719112251e-03,2.003249514341768744e-04,4.865006693333711468e-02,1.137988358618230098e-02,1.471173351785063921e-01,3.372180209274030366e-02,-1.341153002647599410e-04,1.248339864749625425e-03,-8.945845758284571431e-03,-5.255208886799750748e-03
5.020000000000000018e-01,0.000000000000000000e+00,9.983684855040194945e-04,2.717248294705031444e-03,1.058706654766123235e-03,2.764796501842405226e-03,1.000000000000000000e+00,1.000000000000000000e+00,-1.387896103553301359e-04,1.240430112886848788e-03,-7.840319626490490452e-04,6.281646053877430400e-04,4.925538534824167730e-02,1.103489059858431265e-02,1.493465063522350089e-01,3.341136628928534358e-02,-1.339877939897768291e-04,1.232401775417506836e-03,-3.233141161456635094e-03,-6.975967192530806854e-03
5.025000000000000577e-01,0.000000000000000000e+00,9.982922938930780758e-04,2.717762991006743983e-03,1.055501266601325356e-03,2.762592447637043664e-03,1.000000000000000000e+00,1.000000000000000000e+00,-1.388479765155041404e-04,1.240944809188561544e-03,-1.167323203480203882e-04,1.029392603425390018e-03,4.821277924763652661e-02,1.126129998484482614e-02,1.451330432740272625e-01,3.475772629653959417e-02,-1.339877939897768291e-04,1.232401775417506836e-03,-3.233141161456635094e-03,-6.975967192530806854e-03
5.030000000000000027e-01,0.000000000000000000e+00,9.985943599777930176e-04,2.718482986675552823e-03,1.052334901087938679e-03,2.760356721245288587e-03,1.000000000000000000e+00,1.000000000000000000e+00,-1.386165804698535149e-04,1.241664804857370167e-03,4.627920913012453829e-04,1.439991337617221130e-03,4.718210882827390817e-02,1.148667167214966617e-02,1.423263479766919415e-01,3.561630276644561777e-02,-1.339877939897768291e-04,1.232401775417506836e-03,-3.233141161456635094e-03,-6.975967192530806854e-03
5.035000000000000586e-01,0.000000000000000000e+00,9.992186138246014586e-04,2.719412856889937957e-03,1.049214059560999715e-03,2.758082909065547473e-03,1.000000000000000000e+00,1.000000000000000000e+00,-1.381383742794103594e-04,1.242594675071755301e-03,9.564123808863145846e-04,1.859740428770260750e-03,4.616311965669345208e-02,1.171103006490577594e-02,1.395094636618035289e-01,3.647576507878153018e-02,-1.339877939897768291e-04,1.232401775417506836e-03,-3.233141161456635094e-03,-6.975967192530806854e-03
5.040000000000000036e-01,0.000000000000000000e+00,1.000110186187874381e-03,2.720557068164122100e-03,1.046144283248276333e-03,2.755765105194257249e-03,1.000000000000000000e+00,1.000000000000000000e+00,-1.374553902248865339e-04,1.243738886345939227e-03,1.365968109047638497e-03,2.288422548368058019e-03,4.607655468654578423e-02,1.318567086725546365e-02,1.402594318822751318e-01,4.219560641764222991e-02,-1.370257301225029400e-04,1.246083969431941016e-03,-2.146237667374250972e-03,1.785000646511587449e-03
5.045000000000000595e-01,0.000000000000000000e+00,1.001261530664979875e-03,2.721959088439923277e-03,1.043129903875142112e-03,2.753398108326163794e-03,1.000000000000000000e+00,1.000000000000000000e+00,-1.365734091860841537e-04,1.245140906621740838e-03,1.763962077604762022e-03,2.804040551603402109e-03,4.568808764741195960e-02,1.200119747838237355e-02,1.390348356965037946e-01,3.655842347102256779e-02,-1.370257301225029400e-04,1.246083969431941016e-03,-2.146237667374250972e-03,1.785000646511587449e-03
5.050000000000000044e-01,0.000000000000000000e+00,1.002650033636614006e-03,2.723578740189721084e-03,1.040173794269461972e-03,2.750977618654620524e-03,1.000000000000000000e+00,1.000000000000000000e+00,-1.355097542004096375e-04,1.246760558371538211e-03,2.127309971349036766e-03,3.239303499594572977e-03,4.530433178365415869e-02,1.082562246798645690e-02,1.380679613296818820e-01,3.319122081455951057e-02,-1.370257301225029400e-04,1.246083969431941016e-03,-2.146237667374250972e-03,1.785000646511587449e-03
5.055000000000000604e-01,0.000000000000000000e+00,1.004253553578714642e-03,2.725376566512551120e-03,1.037277118966464145e-03,2.748500434771861817e-03,1.000000000000000000e+00,1.000000000000000000e+00,-1.342813866593330888e-04,1.248558384694368247e-03,2.456735082153076264e-03,3.595652645660180231e-03,4.492518874199923767e-02,9.658786234192362485e-03,1.370970652193476691e-01,2.981642196541535797e-02,-1.370257301225029400e-04,1.246083969431941016e-03,-2.146237667374250972e-03,1.785000646511587449e-03
5.060000000000000053e-01,0.000000000000000000e+00,1.006050413155640862e-03,2.727313822239674224e-03,1.034439087805786792e-03,2.745964648709752626e-03,1.000000000000000000e+00,1.000000000000000000e+00,-1.329049123653635569e-04,1.250495640421491568e-03,2.752948587939060138e-03,3.874511454246667378e-03,4.466560996574191894e-02,8.560351852248807014e-03,1.365690392589732904e-01,2.666648647672815314e-02,-1.401792552923261117e-04,1.250224534495304870e-03,-1.785151346107649497e-03,1.965888958594868684e-03
5.065000000000000613e-01,0.000000000000000000e+00,1.008025155431686252e-03,2.729354334824826527e-03,1.031656816590330230e-03,2.743369774444328821e-03,1.000000000000000000e+00,1.000000000000000000e+00,-1.313921720182068399e-04,1.252536153006643871e-03,3.025480694313425426e-03,4.081025170304398465e-03,4.431476665954431349e-02,7.401230255031765633e-03,1.355719994387254157e-01,2.319135707379193015e-02,-1.401792552923261117e-04,1.250224534495304870e-03,-1.785151346107649497e-03,1.965888958594868684e-03
5.070000000000000062e-01,0.000000000000000000e+00,1.010157910616270348e-03,2.731460443843145187e-03,1.028925516949720422e-03,2.740716671808081633e-03,1.000000000000000000e+00,1.000000000000000000e+00,-1.297583867605230220e-04,1.254642262024962315e-03,3.267570515367630973e-03,4.212218036636837873e-03,4.396806289716993082e-02,6.250449557165005908e-03,1.346528685269549885e-01,1.976803393889415422e-02,-1.401792552923261117e-04,1.250224534495304870e-03,-1.785151346107649497e-03,1.965888958594868684e-03
5.075000000000000622e-01,0.000000000000000000e+00,1.012429229442810474e-03,2.733595180040271008e-03,1.026238842769118228e-03,2.738007373100872881e-03,1.000000000000000000e+00,1.000000000000000000e+00,-1.280184555949004626e-04,1.256776998222088569e-03,3.479862331245100159e-03,4.269472394252549728e-03,4.362541106936537044e-02,5.107856680619502626e-03,1.337302038508505209e-01,1.633759050912907476e-02,-1.401792552923261117e-04,1.250224534495304870e-03,-1.785151346107649497e-03,1.965888958594868684e-03
5.080000000000000071e-01,0.000000000000000000e+00,1.014820076094624136e-03,2.735722256702302103e-03,1.023589244676657720e-03,2.735244904692618086e-03,1.000000000000000000e+00,1.000000000000000000e+00,-1.261869608029289721e-04,1.258904074884119447e-03,3.662989583942961435e-03,4.254153324061933639e-03,4.409007870124245776e-02,4.346065962923043036e-03,1.359240329391971369e-01,1.434785206110762712e-02,-1.316246199139338240e-04,1.255467088600905386e-03,2.058870471816305180e-03,2.381450030933916686e-03
5.085000000000000631e-01,0.000000000000000000e+00,1.017352069846455672e-03,2.737817711920337814e-03,1.020968324530924622e-03,2.732433108625934894e-03,1.000000000000000000e+00,1.000000000000000000e+00,-1.242473410593265511e-04,1.260999530102154941e-03,3.879239487204868067e-03,4.190910436071075898e-03,4.341994488169800825e-02,3.447246177490400579e-03,1.330389941415766053e-01,1.148025297869427648e-02,-1.316246199139338240e-04,1.255467088600905386e-03,2.058870471816305180e-03,2.381450030933916686e-03
5.090000000000000080e-01,0.000000000000000000e+00,1.019989708200666522e-03,2.739853583144224308e-03,1.018367189908446230e-03,2.729576464218808843e-03,1.000000000000000000e+00,1.000000000000000000e+00,-1.222267928551257286e-04,1.263035401326041869e-03,4.041096408401651137e-03,4.071742447773874993e-03,4.275720742318776108e-02,2.554619439992171764e-03,1.311226903221194284e-01,8.729630175060679870e-03,-1.316246199139338240e-04,1.255467088600905386e-03,2.058870471816305180e-03,2.381450030933916686e-03
5.095000000000000639e-01,0.000000000000000000e+00,1.022698260065310703e-03,2.741802433289049819e-03,1.015776808591165297e-03,2.726679909667230513e-03,1.000000000000000000e+00,1.000000000000000000e+00,-1.201519217503154742e-04,1.264984251470867163e-03,4.149742209620510720e-03,3.897700289650744398e-03,4.210170561603268635e-02,1.668069372222410985e-03,1.292000725226827851e-01,5.973720612101918702e-03,-1.316246199139338240e-04,1.255467088600905386e-03,2.058870471816305180e-03,2.381450030933916686e-03
5.100000000000000089e-01,0.000000000000000000e+00,1.025443752670164056e-03,2.743637344098270869e-03,1.013188363053930605e-03,2.723748663647863888e-03,1.000000000000000000e+00,1.000000000000000000e+00,-1.180487523967433435e-04,1.266819162280087997e-03,4.206338707144251579e-03,3.669821618441795365e-03,4.115678555233738545e-02,9.347474572744128747e-04,1.261197884773925804e-01,3.784556279019151218e-03,-1.317974286751438155e-04,1.262475683474254505e-03,6.986188498898209800e-04,3.093412417996245500e-03
5.105000000000000648e-01,0.000000000000000000e+00,1.028178104022675274e-03,2.745336512392494883e-03,1.010593604951974967e-03,2.720788046920693051e-03,1.000000000000000000e+00,1.000000000000000000e+00,-1.159541177376172577e-04,1.268518330574312227e-03,4.189269318252161409e-03,3.398336588448320952e-03,4.061341971365214215e-02,-3.044607518869828461e-05,1.248071665466520402e-01,5.453227726362176947e-04,-1.317974286751438155e-04,1.262475683474254505e-03,6.986188498898209800e-04,3.093412417996245500e-03
5.110000000000000098e-01,0.000000000000000000e+00,1.030873910646924263e-03,2.746871156743472056e-03,1.007985209608401904e-03,2.717803303931678408e-03,1.000000000000000000e+00,1.000000000000000000e+00,-1.138890100533880470e-04,1.270052974925289617e-03,4.130215368458419606e-03,3.069288701954800587e-03,4.007576293813094881e-02,-9.892651974568568776e-04,1.231517537048589933e-01,-2.495971132903929655e-03,-1.317974286751438155e-04,1.262475683474254505e-03,6.986188498898209800e-04,3.093412417996245500e-03
5.115000000000000657e-01,0.000000000000000000e+00,1.033504378110199160e-03,2.748213048275783329e-03,1.005357130501663421e-03,2.714799424415407711e-03,1.000000000000000000e+00,1.000000000000000000e+00,-1.118739550703409872e-04,1.271394866457600673e-03,4.030109966094126174e-03,2.683783064621919710e-03,3.954368834164575380e-02,-1.941832287000852877e-03,1.214914672623381015e-01,-5.542706619535884942e-03,-1.317974286751438155e-04,1.262475683474254505e-03,6.986188498898209800e-04,3.093412417996245500e-03
5.120000000000000107e-01,0.000000000000000000e+00,1.036043310621852622e-03,2.749334503617255950e-03,1.002704953753048422e-03,2.711780964997754020e-03,1.000000000000000000e+00,1.000000000000000000e+00,-1.099290199283347772e-04,1.272516321799073294e-03,3.889870284012422220e-03,2.242910682945115693e-03,4.034570209581948147e-02,-2.703969635586897426e-03,1.249863666073380564e-01,-7.879026350968786063e-03,-1.119399208814397069e-04,1.262540583251759536e-03,6.551158515872529224e-03,1.152551907577000238e-03
5.124999999999999556e-01,0.000000000000000000e+00,1.038531666173805445e-03,2.750214138181571177e-03,1.000026252614161573e-03,2.708751870798525429e-03,1.000000000000000000e+00,1.000000000000000000e+00,-1.080228289852570438e-04,1.273395956363388305e-03,3.812381886155460312e-03,1.759269128630113442e-03,3.939811556399900466e-02,-2.885646954737218495e-03,1.205806934120434715e-01,-8.141992537476197903e-03,-1.119399208814397069e-04,1.262540583251759536e-03,6.551158515872529224e-03,1.152551907577000238e-03
5.130000000000000115e-01,0.000000000000000000e+00,1.040922275981340977e-03,2.750848985774909800e-03,9.973209419544062926e-04,2.705715297034119986e-03,1.000000000000000000e+00,1.000000000000000000e+00,-1.061915156265286978e-04,1.274030803956727360e-03,3.662626717456698641e-03,1.269695186677979870e-03,3.846035587210581280e-02,-3.066667331641552245e-03,1.176685845691067267e-01,-8.900474422554234891e-03,-1.119399208814397069e-04,1.262540583251759536e-03,6.551158515872529224e-03,1.152551907577000238e-03
5.134999999999999565e-01,0.000000000000000000e+00,1.043169023147496113e-03,2.751236162978867167e-03,9.945916316488377998e-04,2.702673431017856877e-03,1.000000000000000000e+00,1.000000000000000000e+00,-1.044704074448022432e-04,1.274417981160684511e-03,3.442216363452920216e-03,7.743544079144310671e-04,3.753220387663985802e-02,-3.247049099109203599e-03,1.147480869427836836e-01,-9.659517113164834551e-03,-1.119399208814397069e-04,1.262540583251759536e-03,6.551158515872529224e-03,1.152551907577000238e-03
5.140000000000000124e-01,0.000000000000000000e+00,1.045226824680927724e-03,2.751372867941850962e-03,9.918438897836634807e-04,2.699627346773855741e-03,1.000000000000000000e+00,1.000000000000000000e+00,-1.028940400150752863e-04,1.274554686123668306e-03,3.152734859453918109e-03,2.734099259674694325e-04,3.654537214096016673e-02,-2.910553789016364148e-03,1.115550189282994570e-01,-8.414139942523249718e-03,-1.018173523783341174e-04,1.274955651268475489e-03,5.606475888273512558e-03,4.357757801654349103e-03
5.144999999999999574e-01,0.000000000000000000e+00,1.047048203334349000e-03,2.751272514817688399e-03,9.890860816146977708e-04,2.696577013075762610e-03,1.000000000000000000e+00,1.000000000000000000e+00,-1.014987830188063115e-04,1.274454332999505959e-03,2.790513992537959915e-03,-2.007062483245224973e-04,3.581009413315222600e-02,-3.573222354229662993e-03,1.093505790286807000e-01,-1.147887528583038837e-02,-1.018173523783341174e-04,1.274955651268475489e-03,5.606475888273512558e-03,4.357757801654349103e-03
5.150000000000000133e-01,0.000000000000000000e+00,1.048598863751134397e-03,2.750917159720684887e-03,9.863289094140491320e-04,2.693521409656297536e-03,1.000000000000000000e+00,1.000000000000000000e+00,-1.003109082233633579e-04,1.274098977902502448e-03,2.375749590885911297e-03,-7.107101940068119485e-04,3.508196099841736498e-02,-4.231916770317400642e-03,1.069313976914549880e-01,-1.369066406856186101e-02,-1.018173523783341174e-04,1.274955651268475489e-03,5.606475888273512558e-03,4.357757801654349103e-03
5.154999999999999583e-01,0.000000000000000000e+00,1.049845298013138027e-03,2.750289220537395149e-03,9.835849254168176330e-04,2.690458653144954960e-03,1.000000000000000000e+00,1.000000000000000000e+00,-9.935608418324235619e-05,1.273471038719212493e-03,1.909648080242002180e-03,-1.255878366579896415e-03,3.436080868690895296e-02,-4.886717161333777558e-03,1.045061170595449618e-01,-1.590584542473562693e-02,-1.018173523783341174e-04,1.274955651268475489e-03,5.606475888273512558e-03,4.357757801654349103e-03
5.160000000000000142e-01,0.000000000000000000e+00,1.050754772064278709e-03,2.749371472209006725e-03,9.808680447478193565e-04,2.687386123012899287e-03,1.000000000000000000e+00,1.000000000000000000e+00,-9.865938664020514125e-05,1.272553290390824286e-03,1.393395086074429665e-03,-1.835496656776234355e-03,3.341151848609264646e-02,-6.381755784174171151e-03,1.011623820890259068e-01,-2.140236679571502071e-02,-1.076963183356880984e-04,1.277490893253050569e-03,1.877509185727408575e-04,2.398398793566534470e-03
5.164999999999999591e-01,0.000000000000000000e+00,1.051283540803680562e-03,2.748120661119694309e-03,9.781930583483181788e-04,2.684300587517881274e-03,1.000000000000000000e+00,1.000000000000000000e+00,-9.825432628569128054e-05,1.271302479301511437e-03,8.101207090277233631e-04,-2.501622178625655286e-03,3.404640967565005644e-02,-7.294962105257433299e-03,1.041304277833148689e-01,-2.395917524008726873e-02,-1.076963183356880984e-04,1.277490893253050569e-03,1.877509185727408575e-04,2.398398793566534470e-03
5.170000000000000151e-01,0.000000000000000000e+00,1.051467779602975649e-03,2.746512259571933390e-03,9.755751459027493105e-04,2.681198329649137069e-03,1.000000000000000000e+00,1.000000000000000000e+00,-9.811319117728446661e-05,1.269694077753750735e-03,2.822702168136245011e-04,-3.216803095521534542e-03,3.467376432195178049e-02,-8.202736117568783236e-03,1.057461206737825010e-01,-2.701267083746885025e-02,-1.076963183356880984e-04,1.277490893253050569e-03,1.877509185727408575e-04,2.398398793566534470e-03
5.174999999999999600e-01,0.000000000000000000e+00,1.051342904663686226e-03,2.744522235401955848e-03,9.730293887654530276e-04,2.678075273072303732e-03,1.000000000000000000e+00,1.000000000000000000e+00,-9.820885093061192171e-05,1.267704053583772975e-03,-1.913195066549103164e-04,-3.980048339955389279e-03,3.493296948103585126e-02,-8.464285195236001189e-03,1.059671347863079260e-01,-2.758175665419652922e-02,-1.076963183356880984e-04,1.277490893253050569e-03,1.877509185727408575e-04,2.398398793566534470e-03
5.180000000000000160e-01,0.000000000000000000e+00,1.050925510857136404e-03,2.742147076960613564e-03,9.705702828873973443e-04,2.674927108074315676e-03,1.000000000000000000e+00,1.000000000000000000e+00,-9.852859313671173235e-05,1.265328895142431125e-03,-6.394844121996102245e-04,-4.750316882683867058e-03,3.471828142940714540e-02,-8.648713585553621797e-03,1.046754101045243857e-01,-2.840600901435343453e-02,-1.014172019019001956e-04,1.272914917083460377e-03,2.059399514380422756e-03,-5.730924095636969568e-04
5.184999999999999609e-01,0.000000000000000000e+00,1.050208290857787248e-03,2.739385767507842000e-03,9.682112517429102266e-04,2.671749417508321491e-03,1.000000000000000000e+00,1.000000000000000000e+00,-9.907801553170694515e-05,1.262567585689659344e-03,-1.098844789990412359e-03,-5.522618905543614024e-03,3.394853121546633629e-02,-7.934514625740823890e-03,1.016266440241390817e-01,-2.580700739550323419e-02,-1.014172019019001956e-04,1.272914917083460377e-03,2.059399514380422756e-03,-5.730924095636969568e-04
5.190000000000000169e-01,0.000000000000000000e+00,1.049156247280319792e-03,2.736265432565521474e-03,9.659641592564043250e-04,2.668537802738581675e-03,1.000000000000000000e+00,1.000000000000000000e+00,-9.988392766814490286e-05,1.259447250747339035e-03,-1.611824272875909785e-03,-6.240669884640659242e-03,3.391265267643749082e-02,-7.775200677660408163e-03,1.018735045305751014e-01,-2.610678146694136309e-02,-1.014172019019001956e-04,1.272914917083460377e-03,2.059399514380422756e-03,-5.730924095636969568e-04
5.194999999999999618e-01,0.000000000000000000e+00,1.047771595153469985e-03,2.732795579976133628e-03,9.638388227291088631e-04,2.665288009585386336e-03,1.000000000000000000e+00,1.000000000000000000e+00,-1.009446327355710652e-04,1.255977398157951189e-03,-2.121410134852327444e-03,-6.939705178775869981e-03,3.398194619317441989e-02,-7.697790730057055102e-03,1.019041326159367267e-01,-2.624278146396415504e-02,-1.014172019019001956e-04,1.272914917083460377e-03,2.059399514380422756e-03,-5.730924095636969568e-04
5.200000000000000178e-01,0.000000000000000000e+00,1.046061830655326680e-03,2.728983086736139034e-03,9.618425257657933942e-04,2.661996054269949018e-03,1.000000000000000000e+00,1.000000000000000000e+00,-1.022543883284157700e-04,1.252164904917956161e-03,-2.619511185689418417e-03,-7.624986479990198893e-03,3.383927376548830079e-02,-7.457526800976277404e-03,1.010278408937370781e-01,-2.567047854172664970e-02,-9.170182378355952338e-05,1.265610520856117914e-03,3.833707308845206354e-03,-2.525456939156770289e-03
5.204999999999999627e-01,0.000000000000000000e+00,1.044023780008825368e-03,2.724839878735383671e-03,9.599795312015006656e-04,2.658658349359326566e-03,1.000000000000000000e+00,1.000000000000000000e+00,-1.038156257009632312e-04,1.248021696917201015e-03,-3.122474745094934619e-03,-8.286416001510293200e-03,3.334507306885961531e-02,-6.805850836368291905e-03,9.896471180447706517e-02,-2.362915507291813919e-02,-9.170182378355952338e-05,1.265610520856117914e-03,3.833707308845206354e-03,-2.525456939156770289e-03
5.210000000000000187e-01,0.000000000000000000e+00,1.041636731736201010e-03,2.720390639396329333e-03,9.582505955496011798e-04,2.655271829508069285e-03,1.000000000000000000e+00,1.000000000000000000e+00,-1.056442107656639347e-04,1.243572457578146677e-03,-3.657170129401419219e-03,-8.898478678108674711e-03,3.341778097998160391e-02,-6.738072084532788220e-03,9.938659133279206803e-02,-2.418546498999946115e-02,-9.170182378355952338e-05,1.265610520856117914e-03,3.833707308845206354e-03,-2.525456939156770289e-03
5.214999999999999636e-01,0.000000000000000000e+00,1.038908657293609143e-03,2.715641550072111967e-03,9.566526050248937933e-04,2.651834060957657807e-03,1.000000000000000000e+00,1.000000000000000000e+00,-1.077340370328263046e-04,1.238823368253929311e-03,-4.179652534324731009e-03,-9.498178648434871252e-03,3.348882816941870649e-02,-6.671662357198329153e-03,9.932452347360418154e-02,-2.424332502145875798e-02,-9.170182378355952338e-05,1.265610520856117914e-03,3.833707308845206354e-03,-2.525456939156770289e-03
5.220000000000000195e-01,0.000000000000000000e+00,1.035847390905333607e-03,2.710598711445332161e-03,9.551787768003266402e-04,2.648343275521648083e-03,1.000000000000000000e+00,1.000000000000000000e+00,-1.100791031384716682e-04,1.233780529627149505e-03,-4.690132211290715461e-03,-1.008567725355951662e-02,3.306613034995068562e-02,-7.398946427471989225e-03,9.735267404893283016e-02,-2.737720604638958777e-02,-9.764076258241716915e-05,1.245006316264855124e-03,-4.799740552175416758e-04,-7.456384296717695481e-03
5.224999999999999645e-01,0.000000000000000000e+00,1.032435976488356487e-03,2.705243379608273172e-03,9.538192546323781811e-04,2.644798351883808404e-03,1.000000000000000000e+00,1.000000000000000000e+00,-1.126923981957729428e-04,1.228425197790090516e-03,-5.226590114602535503e-03,-1.071066367411778811e-02,3.367614092307574802e-02,-6.806564405448681764e-03,9.979928465285045625e-02,-2.472452969271201131e-02,-9.764076258241716915e-05,1.245006316264855124e-03,-4.799740552175416758e-04,-7.456384296717695481e-03
5.230000000000000204e-01,0.000000000000000000e+00,1.028709434266781870e-03,2.699598310289598371e-03,9.525617394578177752e-04,2.641198792224131765e-03,1.000000000000000000e+00,1.000000000000000000e+00,-1.155470951566584014e-04,1.222780128471415715e-03,-5.709393921770904504e-03,-1.129013863734953244e-02,3.374179261435878568e-02,-6.742394360076769261e-03,9.927854282748932446e-02,-2.523022272337409680e-02,-9.764076258241716915e-05,1.245006316264855124e-03,-4.799740552175416758e-04,-7.456384296717695481e-03
5.234999999999999654e-01,0.000000000000000000e+00,1.024675140201085398e-03,2.693669518162369013e-03,9.513921200146528527e-04,2.637544698841627708e-03,1.000000000000000000e+00,1.000000000000000000e+00,-1.186375437075931042e-04,1.216851336344186357e-03,-6.180897101869392563e-03,-1.185758425445883855e-02,3.380590764568040113e-02,-6.679556423485135536e-03,9.922249858323692329e-02,-2.528500214529344134e-02,-9.764076258241716915e-05,1.245006316264855124e-03,-4.799740552175416758e-04,-7.456384296717695481e-03
5.240000000000000213e-01,0.000000000000000000e+00,1.020340342387441972e-03,2.687462938492682710e-03,9.502951034630690392e-04,2.633836750777105492e-03,1.000000000000000000e+00,1.000000000000000000e+00,-1.219581914847788932e-04,1.210644756674500271e-03,-6.641295554371567933e-03,-1.241315933937219874e-02,3.336316978374232606e-02,-6.664156338049186806e-03,9.720518606216792257e-02,-2.551777174237608234e-02,-1.134245311559991924e-04,1.235179097971984136e-03,-5.179634288819788199e-03,-5.844090180436103260e-03
5.244999999999999662e-01,0.000000000000000000e+00,1.015686845009638670e-03,2.680982986351917834e-03,9.492548460063754846e-04,2.630076180435965069e-03,1.000000000000000000e+00,1.000000000000000000e+00,-1.255229772921138075e-04,1.204164804533734961e-03,-7.129571614669823199e-03,-1.295990428153081207e-02,3.432184220418230819e-02,-7.092543310261328546e-03,1.010484330883560239e-01,-2.742976613998380359e-02,-1.134245311559991924e-04,1.235179097971984136e-03,-5.179634288819788199e-03,-5.844090180436103260e-03
5.250000000000000222e-01,0.000000000000000000e+00,1.010766911643254991e-03,2.674220185870713942e-03,9.482555835119446620e-04,2.626264750210974188e-03,1.000000000000000000e+00,1.000000000000000000e+00,-1.292918649079477175e-04,1.197402004052531286e-03,-7.537775231667839457e-03,-1.352560096240714230e-02,3.526962636887580327e-02,-7.518831600027189518e-03,1.036953517545506492e-01,-2.896291713281674493e-02,-1.134245311559991924e-04,1.235179097971984136e-03,-5.179634288819788199e-03,-5.844090180436103260e-03
5.254999999999999671e-01,0.000000000000000000e+00,1.005631682844698206e-03,2.667165269025815501e-03,9.472822621321571549e-04,2.622404729105063271e-03,1.000000000000000000e+00,1.000000000000000000e+00,-1.332256783932266573e-04,1.190347087207633062e-03,-7.867626970557905705e-03,-1.410983368979650335e-02,3.620675624038310197e-02,-7.943067240375509264e-03,1.063515652927069094e-01,-3.049785968759316165e-02,-1.134245311559991924e-04,1.235179097971984136e-03,-5.179634288819788199e-03,-5.844090180436103260e-03
5.260000000000000231e-01,0.000000000000000000e+00,1.000331195133350153e-03,2.659809172835223088e-03,9.463211689253465519e-04,2.618498869354112923e-03,1.000000000000000000e+00,1.000000000000000000e+00,-1.372860875503253064e-04,1.182990991017040432e-03,-8.120818314197289847e-03,-1.471219238118517091e-02,3.680350169866011129e-02,-8.299623891459551039e-03,1.077354209196971641e-01,-3.177950773118107947e-02,-1.204284248381854979e-04,1.207818108426065911e-03,-4.115865201478763162e-03,-1.081290899869641331e-02
5.264999999999999680e-01,0.000000000000000000e+00,9.948978684361040742e-04,2.652145089157321133e-03,9.453605624767384870e-04,2.614550383049732765e-03,1.000000000000000000e+00,1.000000000000000000e+00,-1.414482572744006682e-04,1.175326907339138260e-03,-8.324339448150707560e-03,-1.532816735580427511e-02,3.710838450084967544e-02,-7.080905902230827560e-03,1.083025846538901299e-01,-2.700695496976541349e-02,-1.204284248381854979e-04,1.207818108426065911e-03,-4.115865201478763162e-03,-1.081290899869641331e-02
5.270000000000000240e-01,0.000000000000000000e+00,9.893491382314966061e-04,2.644215559251107336e-03,9.443913035193951012e-04,2.610562918762051980e-03,1.000000000000000000e+00,1.000000000000000000e+00,-1.456988312140065466e-04,1.167397377432924680e-03,-8.501147879211750844e-03,-1.585905981242698506e-02,3.740963490806310104e-02,-5.871609802447912661e-03,1.091188999585339520e-01,-2.357915167300103643e-02,-1.204284248381854979e-04,1.207818108426065911e-03,-4.115865201478763162e-03,-1.081290899869641331e-02
5.274999999999999689e-01,0.000000000000000000e+00,9.837020683578325594e-04,2.636062365322159456e-03,9.434074855551600461e-04,2.606540538162508552e-03,1.000000000000000000e+00,1.000000000000000000e+00,-1.500247377106315809e-04,1.159244183503977017e-03,-8.651812993250086389e-03,-1.630638785789531586e-02,3.770733034542582407e-02,-4.671567479610510762e-03,1.099383160946611204e-01,-2.014330528301088580e-02,-1.204284248381854979e-04,1.207818108426065911e-03,-4.115865201478763162e-03,-1.081290899869641331e-02
5.280000000000000249e-01,0.000000000000000000e+00,9.779733572790739841e-04,2.627726539866268377e-03,9.424070654755977404e-04,2.602487692646630706e-03,1.000000000000000000e+00,1.000000000000000000e+00,-1.544131849987487152e-04,1.150908358048085721e-03,-8.776894576234274201e-03,-1.667165091178244088e-02,3.749069016344463989e-02,-4.296305319717448092e-03,1.087767728000727518e-01,-1.986743163675601734e-02,-1.396410644201470327e-04,1.183820153712727367e-03,-7.597190567342477011e-03,-1.156495781231454967e-02
5.284999999999999698e-01,0.000000000000000000e+00,9.721537499558394147e-04,2.619222880400855994e-03,9.413924871404833221e-04,2.598409199558889687e-03,1.000000000000000000e+00,1.000000000000000000e+00,-1.588712628498470489e-04,1.142404698582673338e-03,-8.916155702196665658e-03,-1.700731893082457757e-02,3.833349607175160628e-02,-3.614098302708315495e-03,1.121613379461330190e-01,-1.768267839309229164e-02,-1.396410644201470327e-04,1.183820153712727367e-03,-7.597190567342477011e-03,-1.156495781231454967e-02
5.290000000000000258e-01,0.000000000000000000e+00,9.662871882951578131e-04,2.610575624989845862e-03,9.403710548269745163e-04,2.594310204283878721e-03,1.000000000000000000e+00,1.000000000000000000e+00,-1.633653098102270116e-04,1.133757443171662990e-03,-8.988093920759913577e-03,-1.729451082202061729e-02,3.916714740698515329e-02,-2.937259447433021847e-03,1.146414959962604729e-01,-1.575995179654220840e-02,-1.396410644201470327e-04,1.183820153712727367e-03,-7.597190567342477011e-03,-1.156495781231454967e-02
5.294999999999999707e-01,0.000000000000000000e+00,9.604166499241508078e-04,2.601808578356710339e-03,9.393545408230592883e-04,2.590196099062474274e-03,1.000000000000000000e+00,1.000000000000000000e+00,-1.678624031074536804e-04,1.124990396538527899e-03,-8.994186594453354097e-03,-1.753409326627036052e-02,3.999184506099256325e-02,-2.265692779162387527e-03,1.171294689422318486e-01,-1.383264261329073333e-02,-1.396410644201470327e-04,1.183820153712727367e-03,-7.597190567342477011e-03,-1.156495781231454967e-02
5.300000000000000266e-01,0.000000000000000000e+00,9.545841645949546027e-04,2.592945117224221795e-03,9.383584302840321766e-04,2.586072421311378169e-03,1.000000000000000000e+00,1.000000000000000000e+00,-1.723303460834574091e-04,1.116126935406039139e-03,-8.935885952007475638e-03,-1.772692226497763965e-02,4.088014579101727913e-02,-1.761037142925543381e-03,1.199061041676844769e-01,-1.252895128322707025e-02,-1.487170414402533888e-04,1.155106971522391543e-03,-5.657446317074544574e-03,-1.333504507947256765e-02
5.304999999999999716e-01,0.000000000000000000e+00,9.488344555881665469e-04,2.584003140607533510e-03,9.374011475331387334e-04,2.581944750894165502e-03,1.000000000000000000e+00,1.000000000000000000e+00,-1.767348787176585383e-04,1.107184958789350854e-03,-8.809065268402247947e-03,-1.788395323337648238e-02,4.122832812376697742e-02,-6.309123463671652754e-04,1.205669930380898897e-01,-8.638269212863937049e-03,-1.487170414402533888e-04,1.155106971522391543e-03,-5.657446317074544574e-03,-1.333504507947256765e-02
5.310000000000000275e-01,0.000000000000000000e+00,9.431846564346741020e-04,2.575019897377506077e-03,9.365032823621167492e-04,2.577818607392305238e-03,1.000000000000000000e+00,1.000000000000000000e+00,-1.810628759639297373e-04,1.098201715559323204e-03,-8.655994492542408089e-03,-1.796648646005515743e-02,4.157294096736337263e-02,4.909627003838567660e-04,1.216889595561616438e-01,-5.281525350463884064e-03,-1.487170414402533888e-04,1.155106971522391543e-03,-5.657446317074544574e-03,-1.333504507947256765e-02
5.314999999999999725e-01,0.000000000000000000e+00,9.376515112772528058e-04,2.566031950110569081e-03,9.356868163317451749e-04,2.573699347376208132e-03,1.000000000000000000e+00,1.000000000000000000e+00,-1.853015110647429544e-04,1.089213768292386425e-03,-8.477270201626420712e-03,-1.797589453387343772e-02,4.191406544441049487e-02,1.604739995420621356e-03,1.228139732055114064e-01,-1.917739003945157904e-03,-1.487170414402533888e-04,1.155106971522391543e-03,-5.657446317074544574e-03,-1.333504507947256765e-02
5.320000000000000284e-01,0.000000000000000000e+00,9.322513815643188127e-04,2.557075183674426596e-03,9.349743490723867560e-04,2.569592061676250795e-03,1.000000000000000000e+00,1.000000000000000000e+00,-1.894382504234577659e-04,1.080257001856243940e-03,-8.273478717429599144e-03,-1.791353287228509769e-02,4.129865797771479358e-02,1.163223554166726518e-03,1.202403575675430603e-01,-4.556406515589698364e-03,-1.732374072838103237e-04,1.116262744198702689e-03,-9.844034886630043460e-03,-1.719466470005580686e-02
5.324999999999999734e-01,0.000000000000000000e+00,9.269525004641414670e-04,2.548136451321403751e-03,9.343883245845337020e-04,2.565501472653818407e-03,1.000000000000000000e+00,1.000000000000000000e+00,-1.934974288449968342e-04,1.071318269503221095e-03,-8.118356843078154347e-03,-1.787746470604558921e-02,4.196580498643393692e-02,2.010879017108255923e-03,1.234385987960343878e-01,-8.719837258483386852e-04,-1.732374072838103237e-04,1.116262744198702689e-03,-9.844034886630043460e-03,-1.719466470005580686e-02
5.330000000000000293e-01,0.000000000000000000e+00,9.217877159659604303e-04,2.539243050286398365e-03,9.339502575393516214e-04,2.561431831472327919e-03,1.000000000000000000e+00,1.000000000000000000e+00,-1.974538833097354089e-04,1.062424868468215709e-03,-7.912908929477168590e-03,-1.778680207001061969e-02,4.262610865725215137e-02,2.852488783814193483e-03,1.255419741515768628e-01,1.711924154527068309e-03,-1.732374072838103237e-04,1.116262744198702689e-03,-9.844034886630043460e-03,-1.719466470005580686e-02
5.334999999999999742e-01,0.000000000000000000e+00,9.167891360466022543e-04,2.530421766296635233e-03,9.336799595792259505e-04,2.557386815368274668e-03,1.000000000000000000e+00,1.000000000000000000e+00,-2.012830176804458835e-04,1.053603584478452577e-03,-7.658268741420965614e-03,-1.764256797952605538e-02,4.327972315957563654e-02,3.688166141217238524e-03,1.276511913931899778e-01,4.300993005928229612e-03,-1.732374072838103237e-04,1.116262744198702689e-03,-9.844034886630043460e-03,-1.719466470005580686e-02
5.340000000000000302e-01,0.000000000000000000e+00,9.119881413591267392e-04,2.521698880023467027e-03,9.335947656183054546e-04,2.553369424922253411e-03,1.000000000000000000e+00,1.000000000000000000e+00,-2.049607929822302435e-04,1.044880698205284371e-03,-7.355550603568719939e-03,-1.744577254633641189e-02,4.386466420110002318e-02,3.585411764547886092e-03,1.295248045003809523e-01,3.273181068664622606e-03,-1.909735000377066783e-04,1.071776125502548870e-03,-9.225191127855747464e-03,-2.039585221374438234e-02
5.344999999999999751e-01,0.000000000000000000e+00,9.074122846739769016e-04,2.513071024644047621e-03,9.337087601430477894e-04,2.549381881330004939e-03,1.000000000000000000e+00,1.000000000000000000e+00,-2.084661025683980627e-04,1.036252842825864749e-03,-7.010619172335657949e-03,-1.725571075883940847e-02,4.431836041168316781e-02,4.594737271468110791e-03,1.309696239293417497e-01,7.362515659442453800e-03,-1.909735000377066783e-04,1.071776125502548870e-03,-9.225191127855747464e-03,-2.039585221374438234e-02
5.350000000000000311e-01,0.000000000000000000e+00,9.030821973940839726e-04,2.504569619845273959e-03,9.340320035127646281e-04,2.545425523673440146e-03,1.000000000000000000e+00,1.000000000000000000e+00,-2.117831418673802311e-04,1.027751438027091520e-03,-6.634078597964339352e-03,-1.700280959754666213e-02,4.476775840904548970e-02,5.597104055883525553e-03,1.325264818636081587e-01,1.050251177308360838e-02,-1.909735000377066783e-04,1.071776125502548870e-03,-9.225191127855747464e-03,-2.039585221374438234e-02
5.354999999999999760e-01,0.000000000000000000e+00,8.990180278153246055e-04,2.496225488137523377e-03,9.345697582911834285e-04,2.541500706197168374e-03,1.000000000000000000e+00,1.000000000000000000e+00,-2.148964763890820289e-04,1.019407306319340721e-03,-6.226669043403614684e-03,-1.668826341550169040e-02,4.521295884059012976e-02,6.592644378364221833e-03,1.340870090119783697e-01,1.364844827205410026e-02,-1.909735000377066783e-04,1.071776125502548870e-03,-9.225191127855747464e-03,-2.039585221374438234e-02
5.360000000000000320e-01,0.000000000000000000e+00,8.952394495022992452e-04,2.488068862437963456e-03,9.353217634190963024e-04,2.537606704049231651e-03,1.000000000000000000e+00,1.000000000000000000e+00,-2.177910353086650111e-04,1.011250680619780584e-03,-5.789117839165979634e-03,-1.631325139912023076e-02,4.632968138459023222e-02,8.845218066422144004e-03,1.382750010589651191e-01,2.170810738939856627e-02,-2.062433277748368105e-04,1.059686233845835495e-03,-8.216846104456321936e-03,-1.129639175775375842e-02
5.364999999999999769e-01,0.000000000000000000e+00,8.917995186284984142e-04,2.480168891525968977e-03,9.362820546788382580e-04,2.533741715673746772e-03,1.000000000000000000e+00,1.000000000000000000e+00,-2.204261752392534671e-04,1.003350709707786321e-03,-5.270279861176935428e-03,-1.579994182398843788e-02,4.719059204351869902e-02,8.426024187447932884e-03,1.409391824257994474e-01,1.837792688771615335e-02,-2.062433277748368105e-04,1.059686233845835495e-03,-8.216846104456321936e-03,-1.129639175775375842e-02
5.370000000000000329e-01,0.000000000000000000e+00,8.887378196793128265e-04,2.472510384745794931e-03,9.374395754351918814e-04,2.529903005022062206e-03,1.000000000000000000e+00,1.000000000000000000e+00,-2.227715727057803677e-04,9.956922029276124922e-04,-4.690794933053827644e-03,-1.531701356034779679e-02,4.804325592645172782e-02,8.010194681847116957e-03,1.438217402501086317e-01,1.732852836112211067e-02,-2.062433277748368105e-04,1.059686233845835495e-03,-8.216846104456321936e-03,-1.129639175775375842e-02
5.374999999999999778e-01,0.000000000000000000e+00,8.860930208049603088e-04,2.465078405855658863e-03,9.387789591365589426e-04,2.526087074152374989e-03,1.000000000000000000e+00,1.000000000000000000e+00,-2.247976061866454722e-04,9.882602240374762075e-04,-4.052066961730224973e-03,-1.486395778027259536e-02,4.888786393674018904e-02,7.597673202903870888e-03,1.467113380199112638e-01,1.627625780245378975e-02,-2.062433277748368105e-04,1.059686233845835495e-03,-8.216846104456321936e-03,-1.129639175775375842e-02
5.380000000000000338e-01,0.000000000000000000e+00,8.839028896560552004e-04,2.457858270001670592e-03,9.402813140149625295e-04,2.522289836218352850e-03,1.000000000000000000e+00,1.000000000000000000e+00,-2.264753439829659610e-04,9.810400881834881529e-04,-3.355475592640994997e-03,-1.444027170797600700e-02,4.997339912400999840e-02,6.175581892217013244e-03,1.505740497692682756e-01,1.128770598650453982e-02,-2.048886473519005941e-04,1.012925466737500018e-03,-2.577321011297484688e-03,-1.895847264303810592e-02
5.384999999999999787e-01,0.000000000000000000e+00,8.822167738057637258e-04,2.450803884891311363e-03,9.419250077860450614e-04,2.518506788457765874e-03,1.000000000000000000e+00,1.000000000000000000e+00,-2.277669836605366108e-04,9.739857030731287075e-04,-2.583279355141280490e-03,-1.410877022071897226e-02,4.942347778454611595e-02,7.207072781157247525e-03,1.479194608753521822e-01,1.665021792863945541e-02,-2.048886473519005941e-04,1.012925466737500018e-03,-2.577321011297484688e-03,-1.895847264303810592e-02
5.390000000000000346e-01,0.000000000000000000e+00,8.810014523079442083e-04,2.443946362280589001e-03,9.436864523490753019e-04,2.514733185181117735e-03,1.000000000000000000e+00,1.000000000000000000e+00,-2.286979739405442709e-04,9.671281804624064530e-04,-1.861980560015296131e-03,-1.371504522144458872e-02,4.888047748241504398e-02,8.231673147050404954e-03,1.466609963349323476e-01,1.991820408778367801e-02,-2.048886473519005941e-04,1.012925466737500018e-03,-2.577321011297484688e-03,-1.895847264303810592e-02
5.394999999999999796e-01,0.000000000000000000e+00,8.802243838806217153e-04,2.437316214478414764e-03,9.455408884869442041e-04,2.510964210760276497e-03,1.000000000000000000e+00,1.000000000000000000e+00,-2.292932428912178961e-04,9.604980326602322168e-04,-1.190537901347237274e-03,-1.326029560434853136e-02,4.834425662077448255e-02,9.249515753345840391e-03,1.453966235795193518e-01,2.319207241308585826e-02,-2.048886473519005941e-04,1.012925466737500018e-03,-2.577321011297484688e-03,-1.895847264303810592e-02
5.400000000000000355e-01,0.000000000000000000e+00,8.798536955980835756e-04,2.430943362007203373e-03,9.474631705661697547e-04,2.507195152617098036e-03,1.000000000000000000e+00,1.000000000000000000e+00,-2.295772065901854843e-04,9.541251801890206089e-04,-5.679273979351842335e-04,-1.274570494242316214e-02,4.689777353778957353e-02,9.978996517381683029e-03,1.405655259292458992e-01,2.537754594693081983e-02,-2.271233052589840791e-04,9.726301922664146388e-04,-7.992272685947278063e-03,-1.971248468203917747e-02
5.404999999999999805e-01,0.000000000000000000e+00,8.798122342743171752e-04,2.424848335536672079e-03,9.494285512368961805e-04,2.503421574212065081e-03,1.000000000000000000e+00,1.000000000000000000e+00,-2.296089678068611423e-04,9.480301537184894229e-04,-6.352243335133777105e-05,-1.219005294106244829e-02,4.701258341846491218e-02,1.073166248234909415e-02,1.425125901777268000e-01,2.791688523085154860e-02,-2.271233052589840791e-04,9.726301922664146388e-04,-7.992272685947278063e-03,-1.971248468203917747e-02
5.410000000000000364e-01,0.000000000000000000e+00,8.801019284484844305e-04,2.419052120165181719e-03,9.514134661328984676e-04,2.499639488032912374e-03,1.000000000000000000e+00,1.000000000000000000e+00,-2.293870491945363614e-04,9.422339383469990632e-04,4.438372246495550207e-04,-1.159243074298068818e-02,4.694359262108098452e-02,1.066548284388414182e-02,1.424145815374402990e-01,2.727436415703408251e-02,-2.271233052589840791e-04,9.726301922664146388e-04,-7.992272685947278063e-03,-1.971248468203917747e-02
5.414999999999999813e-01,0.000000000000000000e+00,8.807154381425796310e-04,2.413549830024911292e-03,9.533963185715793988e-04,2.495845528583257901e-03,1.000000000000000000e+00,1.000000000000000000e+00,-2.289170735025751241e-04,9.367316482067286360e-04,9.399513839224726570e-04,-1.100458028054086303e-02,4.687613098730316480e-02,1.060038531035778497e-02,1.424734762440988678e-01,2.733085908885047460e-02,-2.271233052589840791e-04,9.726301922664146388e-04,-7.992272685947278063e-03,-1.971248468203917747e-02
5.420000000000000373e-01,0.000000000000000000e+00,8.816455486277509964e-04,2.408336636558803135e-03,9.553582642539754826e-04,2.492037125371228921e-03,1.000000000000000000e+00,1.000000000000000000e+00,-2.282045675339228782e-04,9.315184547406204791e-04,1.425011937304483276e-03,-1.042638693221625661e-02,4.805780470968273183e-02,1.261252291660885580e-02,1.473764455769313031e-01,3.544955274016278052e-02,-2.260045358321466379e-04,9.523533848966572648e-04,-2.569934455245460533e-03,-1.364185965693142516e-02
5.424999999999999822e-01,0.000000000000000000e+00,8.829476757692860441e-04,2.403472658709803096e-03,9.572839959647542075e-04,2.488212675898101005e-03,1.000000000000000000e+00,1.000000000000000000e+00,-2.272070802729155340e-04,9.266544768916205486e-04,1.994974522014661151e-03,-9.727955697999793316e-03,4.798030116248881011e-02,1.253517986154590973e-02,1.463676976006121344e-01,3.373187069313024478e-02,-2.260045358321466379e-04,9.523533848966572648e-04,-2.569934455245460533e-03,-1.364185965693142516e-02
5.430000000000000382e-01,0.000000000000000000e+00,8.846134631827889125e-04,2.398951969907958063e-03,9.591625225635594301e-04,2.484371717206482547e-03,1.000000000000000000e+00,1.000000000000000000e+00,-2.259310130813841635e-04,9.221337880897754070e-04,2.552134383062755734e-03,-9.041377603690213885e-03,4.790453853044297772e-02,1.245914940249467744e-02,1.464338593040576397e-01,3.379789539081073935e-02,-2.260045358321466379e-04,9.523533848966572648e-04,-2.569934455245460533e-03,-1.364185965693142516e-02
5.434999999999999831e-01,0.000000000000000000e+00,8.866346976433210104e-04,2.394768714602800788e-03,9.609877204342216718e-04,2.480515040014085338e-03,1.000000000000000000e+00,1.000000000000000000e+00,-2.243826576546529520e-04,9.179505327846180238e-04,3.096710853462412635e-03,-8.366510610314688290e-03,4.783048698862856635e-02,1.238441581030737433e-02,1.464985348573084600e-01,3.386279957735056911e-02,-2.260045358321466379e-04,9.523533848966572648e-04,-2.569934455245460533e-03,-1.364185965693142516e-02
5.440000000000000391e-01,0.000000000000000000e+00,8.890033068576568779e-04,2.390917107609782846e-03,9.627581410953354752e-04,2.476644615158819784e-03,1.000000000000000000e+00,1.000000000000000000e+00,-2.225681977280906019e-04,9.140989257916002980e-04,3.628919853124677655e-03,-7.703213986035554843e-03,4.799858318683079134e-02,1.348043662346829798e-02,1.474956380260382949e-01,3.846843305099428151e-02,-2.199228937140508978e-04,9.310048914217927511e-04,9.876699607744435574e-04,-1.176018921156045394e-02
5.444999999999999840e-01,0.000000000000000000e+00,8.917234047928553498e-04,2.387427985425052447e-03,9.644764436525728223e-04,2.472763425382320732e-03,1.000000000000000000e+00,1.000000000000000000e+00,-2.204844818200923809e-04,9.106098036068697912e-04,4.167431815996445847e-03,-6.978244369461072613e-03,4.712516544274981956e-02,1.408867132750163224e-02,1.442444714953079743e-01,4.020676806506442991e-02,-2.199228937140508978e-04,9.310048914217927511e-04,9.876699607744435574e-04,-1.176018921156045394e-02
5.450000000000000400e-01,0.000000000000000000e+00,8.947468371193016950e-04,2.384316539096251186e-03,9.661488061811447431e-04,2.468875291797015953e-03,1.000000000000000000e+00,1.000000000000000000e+00,-2.181683982872718722e-04,9.074983572780685303e-04,4.632167065640999115e-03,-6.222892657602589403e-03,4.639537235577435859e-02,1.457859318568494739e-02,1.424012319704701102e-01,4.191508624345799405e-02,-2.199228937140508978e-04,9.310048914217927511e-04,9.876699607744435574e-04,-1.176018921156045394e-02
5.454999999999999849e-01,0.000000000000000000e+00,8.980331707522372321e-04,2.381594042336763334e-03,9.677843371078249067e-04,2.464984700353096622e-03,1.000000000000000000e+00,1.000000000000000000e+00,-2.156509206695265751e-04,9.047758605185805695e-04,5.034955235490605994e-03,-5.444993518975881769e-03,4.634060119575696135e-02,1.449244999367876527e-02,1.430242273757802718e-01,4.149685938976968580e-02,-2.199228937140508978e-04,9.310048914217927511e-04,9.876699607744435574e-04,-1.176018921156045394e-02
5.460000000000000409e-01,0.000000000000000000e+00,9.015762320459976128e-04,2.379253588720846822e-03,9.693944865929851390e-04,2.461096628305481718e-03,1.000000000000000000e+00,1.000000000000000000e+00,-2.129367782538114885e-04,9.024354069026639495e-04,5.428284831430185350e-03,-4.680907231833280648e-03,4.709913584890729893e-02,1.417681135220317037e-02,1.462245917861424438e-01,4.067317355313987415e-02,-2.181665913825005579e-04,9.125368664346022660e-04,9.182275215638897089e-04,-1.015841964156491938e-02
5.464999999999999858e-01,0.000000000000000000e+00,9.054106372522756265e-04,2.377281135920690253e-03,9.709924579126248678e-04,2.457216370680790664e-03,1.000000000000000000e+00,1.000000000000000000e+00,-2.099994534528756916e-04,9.004629541025075973e-04,5.874649601871582971e-03,-3.944905600312694806e-03,4.747316341771570802e-02,1.375913112529062420e-02,1.472653822763469733e-01,3.963702565873739037e-02,-2.181665913825005579e-04,9.125368664346022660e-04,9.182275215638897089e-04,-1.015841964156491938e-02
5.470000000000000417e-01,0.000000000000000000e+00,9.095513029915783124e-04,2.375659573853456524e-03,9.725926188404036051e-04,2.453349366744308601e-03,1.000000000000000000e+00,1.000000000000000000e+00,-2.068275194724697908e-04,8.988413920352740852e-04,6.343867960811807281e-03,-3.243124134466979225e-03,4.740935907651519510e-02,1.368141707142825347e-02,1.469460897796302790e-01,3.999358269784807768e-02,-2.181665913825005579e-04,9.125368664346022660e-04,9.182275215638897089e-04,-1.015841964156491938e-02
5.474999999999999867e-01,0.000000000000000000e+00,9.139910020147803352e-04,2.374382577276044643e-03,9.742099130296698502e-04,2.449501026466954692e-03,1.000000000000000000e+00,1.000000000000000000e+00,-2.034265127066251888e-04,8.975643954578620956e-04,6.802013531689200462e-03,-2.553993154823959270e-03,4.734706041371395530e-02,1.360510391031382466e-02,1.470005570144070350e-01,4.005992410248502417e-02,-2.181665913825005579e-04,9.125368664346022660e-04,9.182275215638897089e-04,-1.015841964156491938e-02
5.480000000000000426e-01,0.000000000000000000e+00,9.187226326440973371e-04,2.373443899215581156e-03,9.758592713954945472e-04,2.445676556992249125e-03,1.000000000000000000e+00,1.000000000000000000e+00,-1.998018733561452364e-04,8.966257173973986088e-04,7.249278700959920808e-03,-1.877356120926878483e-03,4.723959538468940067e-02,1.342777842167364351e-02,1.468725821425442279e-01,3.972739878333463731e-02,-2.078285909797140485e-04,8.979378688705702376e-04,3.613509399152951135e-03,-8.345667428592469864e-03
5.484999999999999876e-01,0.000000000000000000e+00,9.237368798144902308e-04,2.372834169835177053e-03,9.775550234966997720e-04,2.441880789103284023e-03,1.000000000000000000e+00,1.000000000000000000e+00,-1.959607371748407702e-04,8.960159880169945050e-04,7.682272362608906849e-03,-1.219458760808135329e-03,4.632872968702431149e-02,1.276754081232692878e-02,1.436554919136698305e-01,3.759757766905665738e-02,-2.078285909797140485e-04,8.979378688705702376e-04,3.613509399152951135e-03,-8.345667428592469864e-03
5.490000000000000435e-01,0.000000000000000000e+00,9.289842537732588036e-04,2.372528997503847801e-03,9.793103089178920809e-04,2.438118003689685245e-03,1.000000000000000000e+00,1.000000000000000000e+00,-1.919410155127588538e-04,8.957108156856652533e-04,8.039443324163833213e-03,-6.103446626585668769e-04,4.542817436476412341e-02,1.211270537621043572e-02,1.411242329623435543e-01,3.587999947367999376e-02,-2.078285909797140485e-04,8.979378688705702376e-04,3.613509399152951135e-03,-8.345667428592469864e-03
5.494999999999999885e-01,0.000000000000000000e+00,9.344163303572265798e-04,2.372504408531256673e-03,9.811364886514915232e-04,2.434391758214588496e-03,1.000000000000000000e+00,1.000000000000000000e+00,-1.877798034310136730e-04,8.956862267130741252e-04,8.322424163490386301e-03,-4.917794518235802000e-05,4.517227728742503196e-02,1.190066932081232202e-02,1.410486262719428119e-01,3.585687132649311576e-02,-2.078285909797140485e-04,8.979378688705702376e-04,3.613509399152951135e-03,-8.345667428592469864e-03
5.500000000000000444e-01,0.000000000000000000e+00,9.400175253846809872e-04,2.372750515906180049e-03,9.830425570980575161e-04,2.430704713376757517e-03,1.000000000000000000e+00,1.000000000000000000e+00,-1.834890391054064989e-04,8.959323340879975011e-04,8.581528651214332185e-03,4.922147498468585833e-04,4.549484707667553196e-02,1.243851945645363215e-02,1.426566601235361997e-01,3.835954195596546351e-02,-1.950417589895962344e-04,9.000376225441037402e-04,5.376161141244319153e-03,-2.388246955680921671e-03
5.504999999999999893e-01,0.000000000000000000e+00,9.458013983254333129e-04,2.373280954638545479e-03,9.850346314498790133e-04,2.427058484198059418e-03,1.000000000000000000e+00,1.000000000000000000e+00,-1.790583353794369557e-04,8.964627728203630394e-04,8.861407451939093752e-03,1.060877464731153734e-03,4.527011669805507815e-02,1.119784143367400127e-02,1.416563227340215669e-01,3.332659325587363636e-02,-1.950417589895962344e-04,9.000376225441037402e-04,5.376161141244319153e-03,-2.388246955680921671e-03
5.510000000000000453e-01,0.000000000000000000e+00,9.517539101314615758e-04,2.374053580934507631e-03,9.871158767661154364e-04,2.423453628633082113e-03,1.000000000000000000e+00,1.000000000000000000e+00,-1.744984467878289648e-04,8.972353991163248667e-04,9.119777183216003918e-03,1.545252591923683243e-03,4.504831112401612436e-02,9.966497271146594270e-03,1.411231937848090312e-01,2.981190348517644140e-02,-1.950417589895962344e-04,9.000376225441037402e-04,5.376161141244319153e-03,-2.388246955680921671e-03
5.514999999999999902e-01,0.000000000000000000e+00,9.578613124153972187e-04,2.375027005317477836e-03,9.892867902337777481e-04,2.419889749552585952e-03,1.000000000000000000e+00,1.000000000000000000e+00,-1.698199052063278718e-04,8.982088234992951798e-04,9.357083163002167733e-03,1.946848765940627050e-03,4.482936980019559120e-02,8.744319905319930530e-03,1.405875680459608978e-01,2.628924576828364779e-02,-1.950417589895962344e-04,9.000376225441037402e-04,5.376161141244319153e-03,-2.388246955680921671e-03
5.520000000000000462e-01,0.000000000000000000e+00,9.641101425956160979e-04,2.376160583327824836e-03,9.915455251179815764e-04,2.416365609254504665e-03,1.000000000000000000e+00,1.000000000000000000e+00,-1.650330235707769800e-04,8.993424015096419637e-04,9.573763271101801489e-03,2.267156020693571628e-03,4.524189923077324288e-02,8.468718693278715764e-03,1.424910225964327037e-01,2.639998306957092034e-02,-1.749317349466869738e-04,9.037446301383999549e-04,8.342874003875851152e-03,3.013144004461661444e-04
5.524999999999999911e-01,0.000000000000000000e+00,9.705187157451593966e-04,2.377443710262808988e-03,9.938882147849854333e-04,2.412879243997934856e-03,1.000000000000000000e+00,1.000000000000000000e+00,-1.601237717212478844e-04,9.006255284446264405e-04,9.818503699058171719e-03,2.566253869968896945e-03,4.473837801496640537e-02,7.383880008602178649e-03,1.403126047285198907e-01,2.255074087023337115e-02,-1.749317349466869738e-04,9.037446301383999549e-04,8.342874003875851152e-03,3.013144004461661444e-04
5.530000000000000471e-01,0.000000000000000000e+00,9.770592210528281259e-04,2.378840595001744176e-03,9.963092967252417265e-04,2.409428078537112928e-03,1.000000000000000000e+00,1.000000000000000000e+00,-1.551134539751180673e-04,9.020224131835616289e-04,1.002063549225965487e-02,2.793769477870339420e-03,4.424065072392442677e-02,6.306968216316589243e-03,1.389161829549989124e-01,1.939231259645108479e-02,-1.749317349466869738e-04,9.037446301383999549e-04,8.342874003875851152e-03,3.013144004461661444e-04
5.534999999999999920e-01,0.000000000000000000e+00,9.837044464113958719e-04,2.380316097458380718e-03,9.988018365764364959e-04,2.406009040655407612e-03,1.000000000000000000e+00,1.000000000000000000e+00,-1.500229160159139807e-04,9.034979156401979532e-04,1.018107591840819968e-02,2.951004913272608707e-03,4.374859262752896216e-02,5.237839127588829469e-03,1.375148151377681149e-01,1.622711744911781162e-02,-1.749317349466869738e-04,9.037446301383999549e-04,8.342874003875851152e-03,3.013144004461661444e-04
5.540000000000000480e-01,0.000000000000000000e+00,9.904277682919572848e-04,2.381835720488010948e-03,1.001357852146539124e-03,2.402618675699298191e-03,1.000000000000000000e+00,1.000000000000000000e+00,-1.448725526500095953e-04,9.050175386698284001e-04,1.030072673180874865e-02,3.039246059260800915e-03,4.312223900611505956e-02,4.033002288443833863e-03,1.355655085418123462e-01,1.249856335253795268e-02,-1.616877902925391319e-04,9.036266824332862433e-04,7.251704126783515419e-03,7.286689874013537653e-05
5.544999999999999929e-01,0.000000000000000000e+00,9.971961355834590632e-04,2.383361121518251698e-03,1.003968637436840989e-03,2.399253261112361830e-03,1.000000000000000000e+00,1.000000000000000000e+00,-1.396876824973665302e-04,9.065429397000689333e-04,1.036974030528612332e-02,3.050802060481023429e-03,4.277732333420772998e-02,2.904878106084545289e-03,1.347971125615912147e-01,9.150803518362215019e-03,-1.616877902925391319e-04,9.036266824332862433e-04,7.251704126783515419e-03,7.286689874013537653e-05
5.550000000000000488e-01,0.000000000000000000e+00,1.003990976630465696e-03,2.384856800824969141e-03,1.006625086665006042e-03,2.395908920969251794e-03,1.000000000000000000e+00,1.000000000000000000e+00,-1.344825322714302777e-04,9.080386190067862677e-04,1.041030045187250376e-02,2.991358613434737419e-03,4.243627676103257224e-02,1.784616278625341269e-03,1.337884641693486143e-01,5.737557132505509069e-03,-1.616877902925391319e-04,9.036266824332862433e-04,7.251704126783515419e-03,7.286689874013537653e-05
5.554999999999999938e-01,0.000000000000000000e+00,1.010794126570317784e-03,2.386287920579585609e-03,1.009318018288110543e-03,2.392581740509692155e-03,1.000000000000000000e+00,1.000000000000000000e+00,-1.292710170643014179e-04,9.094697387614031694e-04,1.042303041425772514e-02,2.862239509233708082e-03,4.209901453801039029e-02,6.720702117505171665e-04,1.327765128810168560e-01,2.317598966193375448e-03,-1.616877902925391319e-04,9.036266824332862433e-04,7.251704126783515419e-03,7.286689874013537653e-05
5.560000000000000497e-01,0.000000000000000000e+00,1.017587820416404436e-03,2.387620296520442768e-03,1.012038499025693424e-03,2.389267880672450370e-03,1.000000000000000000e+00,1.000000000000000000e+00,-1.240667456452550547e-04,9.108021147022600040e-04,1.040854283809274257e-02,2.664751881713714118e-03,4.203257214190236901e-02,-1.189029291338956028e-04,1.327987296685038954e-01,1.105309415641113742e-04,-1.417217680737182140e-04,9.048841958606634135e-04,8.983540375599900069e-03,4.253392271891452106e-04
5.564999999999999947e-01,0.000000000000000000e+00,1.024368069095336984e-03,2.388830203856366456e-03,1.014778167882794289e-03,2.385963692629331553e-03,1.000000000000000000e+00,1.000000000000000000e+00,-1.188727738217940056e-04,9.120120220381836918e-04,1.038794364692210807e-02,2.419814671847358295e-03,4.141013673496894004e-02,-1.013780767912290113e-03,1.304272427695705172e-01,-2.794988315820172518e-03,-1.417217680737182140e-04,9.048841958606634135e-04,8.983540375599900069e-03,4.253392271891452106e-04
5.570000000000000506e-01,0.000000000000000000e+00,1.031103075785810581e-03,2.389890960001775106e-03,1.017529560067240721e-03,2.382665832285525611e-03,1.000000000000000000e+00,1.000000000000000000e+00,-1.137134593721875740e-04,9.130727781835925585e-04,1.031862889921286892e-02,2.121512290817782927e-03,4.079432567239871937e-02,-1.902749040838648239e-03,1.285303850460987884e-01,-5.611808254817695837e-03,-1.417217680737182140e-04,9.048841958606634135e-04,8.983540375599900069e-03,4.253392271891452106e-04
5.574999999999999956e-01,0.000000000000000000e+00,1.037761750410680969e-03,2.390776394247187252e-03,1.020286404765827215e-03,2.379371366468194249e-03,1.000000000000000000e+00,1.000000000000000000e+00,-1.086126186772682527e-04,9.139582124290044881e-04,1.020168138983865158e-02,1.770868490823895511e-03,4.018499171567843642e-02,-2.785921116443491365e-03,1.266278723826513852e-01,-8.433672955733230100e-03,-1.417217680737182140e-04,9.048841958606634135e-04,8.983540375599900069e-03,4.253392271891452106e-04
5.580000000000000515e-01,0.000000000000000000e+00,1.044313697566999011e-03,2.391460841230858610e-03,1.023043734830792091e-03,2.376077819310359017e-03,1.000000000000000000e+00,1.000000000000000000e+00,-1.035935359665617230e-04,9.146426594126758460e-04,1.003816542141304849e-02,1.368893967342796510e-03,3.973687780843548206e-02,-2.939478423135960441e-03,1.253213615605663911e-01,-8.448985500313617794e-03,-1.265680190623891981e-04,9.155172704613529899e-04,8.091617585879676972e-03,3.526694796926207673e-03
5.584999999999999964e-01,0.000000000000000000e+00,1.050736964629132028e-03,2.391941760972431628e-03,1.025797806264853659e-03,2.372783158158699082e-03,1.000000000000000000e+00,1.000000000000000000e+00,-9.867302792694552789e-05,9.151235791542487556e-04,9.841016079232376909e-03,9.618394831458119097e-04,3.950497128641429490e-02,-4.051384221499791487e-03,1.246991378256197547e-01,-1.281122598124039870e-02,-1.265680190623891981e-04,9.155172704613529899e-04,8.091617585879676972e-03,3.526694796926207673e-03
5.590000000000000524e-01,0.000000000000000000e+00,1.057020700971518989e-03,2.392186712851419525e-03,1.028545990536679439e-03,2.369485770842535369e-03,1.000000000000000000e+00,1.000000000000000000e+00,-9.385940661983521174e-05,9.153685310332370859e-04,9.627242614220632086e-03,4.899037579766684931e-04,3.927532531363434748e-02,-5.156105184553829920e-03,1.238923464234929495e-01,-1.635536237533407461e-02,-1.265680190623891981e-04,9.155172704613529899e-04,8.091617585879676972e-03,3.526694796926207673e-03
5.594999999999999973e-01,0.000000000000000000e+00,1.063154311212724610e-03,2.392163884778555211e-03,1.031286666776858084e-03,2.366184442904835979e-03,1.000000000000000000e+00,1.000000000000000000e+00,-8.916078857830196224e-05,9.153457029603723379e-04,9.397236083066504847e-03,-4.565614572952657498e-05,3.904788671418311929e-02,-6.253780517196669622e-03,1.230836252801615072e-01,-1.990563217828814069e-02,-1.265680190623891981e-04,9.155172704613529899e-04,8.091617585879676972e-03,3.526694796926207673e-03
5.600000000000000533e-01,0.000000000000000000e+00,1.069127450784553143e-03,2.391842085143027971e-03,1.034019113973886055e-03,2.362878334833212052e-03,1.000000000000000000e+00,1.000000000000000000e+00,-8.458509820132862408e-05,9.150239033248453151e-04,9.151380753946688693e-03,-6.435992710541092949e-04,3.896858728671984129e-02,-7.048820314506776437e-03,1.228399722588669057e-01,-2.231341207153513320e-02,-1.046004776873897334e-04,9.219991312215393376e-04,9.925441323149590545e-03,3.345500526622202393e-03
5.604999999999999982e-01,0.000000000000000000e+00,1.074937335478326960e-03,2.391199977817020164e-03,1.036743403170144098e-03,2.359566959290927517e-03,1.000000000000000000e+00,1.000000000000000000e+00,-8.013446831650115443e-05,9.143817959988377250e-04,8.901259769654924769e-03,-1.284214652015275423e-03,3.829781340148427637e-02,-7.808876203406239086e-03,1.201705201233752157e-01,-2.486202634448943585e-02,-1.046004776873897334e-04,9.219991312215393376e-04,9.925441323149590545e-03,3.345500526622202393e-03
5.610000000000000542e-01,0.000000000000000000e+00,1.080551598665176151e-03,2.390217604505679057e-03,1.039460289657885214e-03,2.356250158347900601e-03,1.000000000000000000e+00,1.000000000000000000e+00,-7.583369320000793782e-05,9.133994226874966177e-04,8.601550232986431704e-03,-1.964746622682141813e-03,3.763378257063948462e-02,-8.564511798876245016e-03,1.180059862669502330e-01,-2.744050499213922939e-02,-1.046004776873897334e-04,9.219991312215393376e-04,9.925441323149590545e-03,3.345500526622202393e-03
5.614999999999999991e-01,0.000000000000000000e+00,1.085938610082360332e-03,2.388875415720595041e-03,1.042171105175205940e-03,2.352928080711700568e-03,1.000000000000000000e+00,1.000000000000000000e+00,-7.170700303885547272e-05,9.120572339024122762e-04,8.253380322304926936e-03,-2.684377570168691718e-03,3.697634138442243423e-02,-9.315817641939831695e-03,1.158356961325087142e-01,-3.002275706892371110e-02,-1.046004776873897334e-04,9.219991312215393376e-04,9.925441323149590545e-03,3.345500526622202393e-03
5.620000000000000551e-01,0.000000000000000000e+00,1.091067463170920272e-03,2.387154265412737633e-03,1.044877650102036051e-03,2.349601158958553558e-03,1.000000000000000000e+00,1.000000000000000000e+00,-6.777807363079063347e-05,9.103360835945549772e-04,7.857858816129669605e-03,-3.442300615714660381e-03,3.690218144834558206e-02,-9.373912104630271330e-03,1.159000405354990160e-01,-2.993297602083567002e-02,-7.750375066113217813e-05,9.213584828100217228e-04,1.222262286120308176e-02,1.021115829579092226e-03
5.625000000000000000e-01,0.000000000000000000e+00,1.095936862835998442e-03,2.385056939495362564e-03,1.047582085656112438e-03,2.346270086764344967e-03,1.000000000000000000e+00,1.000000000000000000e+00,-6.404789707603204796e-05,9.082387576771800168e-04,7.460353109517178609e-03,-4.194651834749909582e-03,3.608788548376003213e-02,-8.740527926316144988e-03,1.125909760882023575e-01,-2.774709758725972877e-02,-7.750375066113217813e-05,9.213584828100217228e-04,1.222262286120308176e-02,1.021115829579092226e-03
5.630000000000000560e-01,0.000000000000000000e+00,1.100508477099993452e-03,2.382607846348458458e-03,1.050286826088965564e-03,2.342935796135620086e-03,1.000000000000000000e+00,1.000000000000000000e+00,-6.054583737301511584e-05,9.057896645302756936e-04,7.004119406033858068e-03,-4.898186293808627287e-03,3.528157535578757553e-02,-8.112549630743065565e-03,1.099137364050677829e-01,-2.615150703651548947e-02,-7.750375066113217813e-05,9.213584828100217228e-04,1.222262286120308176e-02,1.021115829579092226e-03
5.635000000000000009e-01,0.000000000000000000e+00,1.104744853562787460e-03,2.379830981452985168e-03,1.052994430881895290e-03,2.339599434640587776e-03,1.000000000000000000e+00,1.000000000000000000e+00,-5.730058472473176527e-05,9.030127996348025123e-04,6.490505296566701464e-03,-5.553729790946441459e-03,3.487700201050263071e-02,-7.739429990072784100e-03,1.087595861212928977e-01,-2.552044668363412025e-02,-7.750375066113217813e-05,9.213584828100217228e-04,1.222262286120308176e-02,1.021115829579092226e-03
5.640000000000000568e-01,0.000000000000000000e+00,1.108629140630758639e-03,2.376742132807779361e-03,1.055707496973085210e-03,2.336262342634366600e-03,1.000000000000000000e+00,1.000000000000000000e+00,-5.432504820083365691e-05,8.999239509895967052e-04,5.951073047796219539e-03,-6.177697290411646343e-03,3.451513248383814708e-02,-9.462948453509938476e-03,1.074147016415095551e-01,-3.280087395137289835e-02,-6.566173054932935768e-05,9.119987758342252247e-04,8.226967465583439817e-03,-2.593690334721553050e-03
5.645000000000000018e-01,0.000000000000000000e+00,1.112146862068729173e-03,2.373291409630053431e-03,1.058428557204186366e-03,2.332926029334970140e-03,1.000000000000000000e+00,1.000000000000000000e+00,-5.163031724083581994e-05,8.964732278118708831e-04,5.389461919995680236e-03,-6.901446355451721325e-03,3.459150039940973864e-02,-9.382801746079322963e-03,1.077236152999932750e-01,-3.132957461618930683e-02,-6.566173054932935768e-05,9.119987758342252247e-04,8.226967465583439817e-03,-2.593690334721553050e-03
5.650000000000000577e-01,0.000000000000000000e+00,1.115305707544770632e-03,2.369485915969860891e-03,1.061160020434484628e-03,2.329592141199677939e-03,1.000000000000000000e+00,1.000000000000000000e+00,-4.921050121724271614e-05,8.926677341516782351e-04,4.839632047186203691e-03,-7.610987320385281286e-03,3.466626629920574465e-02,-9.304228418839977782e-03,1.076584230402099079e-01,-3.139799268066693211e-02,-6.566173054932935768e-05,9.119987758342252247e-04,8.226967465583439817e-03,-2.593690334721553050e-03
5.655000000000000027e-01,0.000000000000000000e+00,1.118113237736565466e-03,2.365332664316985908e-03,1.063904151401137785e-03,2.326262422956899487e-03,1.000000000000000000e+00,1.000000000000000000e+00,-4.705980831492954149e-05,8.885144824988031433e-04,4.301385804626347772e-03,-8.306503305750105592e-03,3.473945705625060970e-02,-9.227208193343362785e-03,1.075945983577374643e-01,-3.146506761289589310e-02,-6.566173054932935768e-05,9.119987758342252247e-04,8.226967465583439817e-03,-2.593690334721553050e-03
5.660000000000000586e-01,0.000000000000000000e+00,1.120576886320483450e-03,2.360838576504381645e-03,1.066663055862454015e-03,2.322938677661793086e-03,1.000000000000000000e+00,1.000000000000000000e+00,-4.517254400742114223e-05,8.840203946861990977e-04,3.774528615016800592e-03,-8.988175625208030470e-03,3.446923220190178938e-02,-9.526889683834935049e-03,1.062044232895485163e-01,-3.298784449120138740e-02,-5.978887954397092366e-05,8.935230741548649911e-04,4.872400437592514129e-03,-6.806544502572905476e-03
5.665000000000000036e-01,0.000000000000000000e+00,1.122686834147884139e-03,2.355998758681417810e-03,1.069438665759734914e-03,2.319622726748465577e-03,1.000000000000000000e+00,1.000000000000000000e+00,-4.355623019896988607e-05,8.791805768632351536e-04,3.232627616902517854e-03,-9.679635645927896909e-03,3.514803005972948896e-02,-8.508286250683633894e-03,1.087851457204258715e-01,-2.907348459607730917e-02,-5.978887954397092366e-05,8.935230741548649911e-04,4.872400437592514129e-03,-6.806544502572905476e-03
5.670000000000000595e-01,0.000000000000000000e+00,1.124480963078578009e-03,2.350849616186270318e-03,1.072232724379128949e-03,2.316316370082156014e-03,1.000000000000000000e+00,1.000000000000000000e+00,-4.218184770137289104e-05,8.740314343680877706e-04,2.748764995193990913e-03,-1.029828499029485089e-02,3.581893585557717474e-02,-7.497745744667387753e-03,1.105557251124437146e-01,-2.628449224002225512e-02,-5.978887954397092366e-05,8.935230741548649911e-04,4.872400437592514129e-03,-6.806544502572905476e-03
5.675000000000000044e-01,0.000000000000000000e+00,1.125996354892601185e-03,2.345426914100664367e-03,1.075046771513478395e-03,2.313021346011431487e-03,1.000000000000000000e+00,1.000000000000000000e+00,-4.102099022309249149e-05,8.686087322824819282e-04,2.321714956560797915e-03,-1.084540417121178206e-02,3.648211627289703329e-02,-6.495126364023750751e-03,1.123330416446725738e-01,-2.348861688295206598e-02,-5.978887954397092366e-05,8.935230741548649911e-04,4.872400437592514129e-03,-6.806544502572905476e-03
5.680000000000000604e-01,0.000000000000000000e+00,1.127269304740392396e-03,2.339765785071978074e-03,1.077882128624171485e-03,2.309739291420375134e-03,1.000000000000000000e+00,1.000000000000000000e+00,-4.004585406582278437e-05,8.629476032537954176e-04,1.950272314539418673e-03,-1.132225805737301083e-02,3.674904179265042758e-02,-5.813524547593149246e-03,1.126073998876655491e-01,-2.190248377525054121e-02,-3.801583005189473885e-05,8.836877708219424872e-04,8.685768377741199392e-03,-5.608856690651635446e-03
5.685000000000000053e-01,0.000000000000000000e+00,1.128315860561507648e-03,2.333890946832986937e-03,1.080739884002989782e-03,2.306471701780785002e-03,1.000000000000000000e+00,1.000000000000000000e+00,-3.924414579464371788e-05,8.570727650148044982e-04,1.603416542358139171e-03,-1.174967647798180574e-02,3.585209153458938230e-02,-5.457140701936460427e-03,1.087129113672349739e-01,-2.128408614053873757e-02,-3.801583005189473885e-05,8.836877708219424872e-04,8.685768377741199392e-03,-5.608856690651635446e-03
5.690000000000000613e-01,0.000000000000000000e+00,1.129093598329960948e-03,2.327816689219222839e-03,1.083620877933960973e-03,2.303219891204356419e-03,1.000000000000000000e+00,1.000000000000000000e+00,-3.864836409891632022e-05,8.509985074010401832e-04,1.191563391454799215e-03,-1.214851522752862650e-02,3.496397962406974647e-02,-5.103921719138614956e-03,1.058119774239452693e-01,-2.038806282653182408e-02,-3.801583005189473885e-05,8.836877708219424872e-04,8.685768377741199392e-03,-5.608856690651635446e-03
5.695000000000000062e-01,0.000000000000000000e+00,1.129561060606540683e-03,2.321557059595919913e-03,1.086525687855204297e-03,2.299984952494882155e-03,1.000000000000000000e+00,1.000000000000000000e+00,-3.829026721957461420e-05,8.447388777777372574e-04,7.161937586834157387e-04,-1.251925924660592972e-02,3.408450468864657190e-02,-4.753813897725354953e-03,1.029034985340027408e-01,-1.948933779466174507e-02,-3.801583005189473885e-05,8.836877708219424872e-04,8.685768377741199392e-03,-5.608856690651635446e-03
5.700000000000000622e-01,0.000000000000000000e+00,1.129677739910637906e-03,2.315125865763302971e-03,1.089454613520785507e-03,2.296767717200435231e-03,1.000000000000000000e+00,1.000000000000000000e+00,-3.820088568704385417e-05,8.383076839451203150e-04,1.787630650615228698e-04,-1.286238766523380497e-02,3.290850152054419081e-02,-5.417705543361579779e-03,9.880325719881546953e-02,-2.251410975487509042e-02,-4.302213311177804515e-05,8.587461568530564433e-04,1.591224555138187830e-03,-9.959804545269748677e-03
5.705000000000000071e-01,0.000000000000000000e+00,1.129388783266361542e-03,2.308505081792155706e-03,1.092407662162560994e-03,2.293568715665570811e-03,1.000000000000000000e+00,1.000000000000000000e+00,-3.842223931869416048e-05,8.316868999739729417e-04,-4.427072633006059023e-04,-1.324156794229471891e-02,3.379815769351281890e-02,-4.695969960334150234e-03,1.029340881217091219e-01,-1.930746991653261094e-02,-4.302213311177804515e-05,8.587461568530564433e-04,1.591224555138187830e-03,-9.959804545269748677e-03
5.710000000000000631e-01,0.000000000000000000e+00,1.128743512555846918e-03,2.301720220727203163e-03,1.095384533716534754e-03,2.290388137186270129e-03,1.000000000000000000e+00,1.000000000000000000e+00,-3.891654536079130095e-05,8.249020389090206155e-04,-9.886120841942833137e-04,-1.356972212990465755e-02,3.467753846414553531e-02,-3.979884917335159596e-03,1.053015476159192693e-01,-1.728368507138785398e-02,-4.302213311177804515e-05,8.587461568530564433e-04,1.591224555138187830e-03,-9.959804545269748677e-03
5.715000000000000080e-01,0.000000000000000000e+00,1.127790201741865877e-03,2.294796340943600597e-03,1.098384611306624237e-03,2.287225798540878756e-03,1.000000000000000000e+00,1.000000000000000000e+00,-3.964682381240664443e-05,8.179781591254180499e-04,-1.460556903230693371e-03,-1.384775956720515032e-02,3.554686214919371839e-02,-3.269349715736244097e-03,1.076777788134480746e-01,-1.525507658439438294e-02,-4.302213311177804515e-05,8.587461568530564433e-04,1.591224555138187830e-03,-9.959804545269748677e-03
5.720000000000000639e-01,0.000000000000000000e+00,1.126576094517844082e-03,2.287758051740209318e-03,1.101406976392398009e-03,2.284081151814950240e-03,1.000000000000000000e+00,1.000000000000000000e+00,-4.057688390471915837e-05,8.109398699220268791e-04,-1.860120184625022998e-03,-1.407657840678231895e-02,3.608028230284729410e-02,-2.812268920367540139e-03,1.087962848441067082e-01,-1.418489380957168797e-02,-4.337782813829067817e-05,8.369813594238859327e-04,4.695113408046214330e-04,-1.054479262443121582e-02
5.725000000000000089e-01,0.000000000000000000e+00,1.125131085786184931e-03,2.280621767496906344e-03,1.104450441263049414e-03,2.280953319861664993e-03,1.000000000000000000e+00,1.000000000000000000e+00,-4.168382481386514408e-05,8.038035856787237960e-04,-2.213881818291969349e-03,-1.427256848660611241e-02,3.693097994081519231e-02,-2.106277776809964159e-03,1.114579242388111791e-01,-1.191754516229150476e-02,-4.337782813829067817e-05,8.369813594238859327e-04,4.695113408046214330e-04,-1.054479262443121582e-02
5.730000000000000648e-01,0.000000000000000000e+00,1.123500644846127166e-03,2.273411502548919501e-03,1.107513583086228680e-03,2.277841134239367519e-03,1.000000000000000000e+00,1.000000000000000000e+00,-4.293281503582999954e-05,7.965933207307367364e-04,-2.497980443929704968e-03,-1.442052989597407756e-02,3.777220479868260983e-02,-1.405605244336315162e-03,1.138487164324885614e-01,-9.862681404253677286e-03,-4.337782813829067817e-05,8.369813594238859327e-04,4.695113408046214330e-04,-1.054479262443121582e-02
5.735000000000000098e-01,0.000000000000000000e+00,1.121729258713749337e-03,2.266150834148806213e-03,1.110594777957994803e-03,2.274743173150925966e-03,1.000000000000000000e+00,1.000000000000000000e+00,-4.428977553915603636e-05,7.893326523306236657e-04,-2.713921006652067567e-03,-1.452133680022619014e-02,3.860416151897833048e-02,-7.101545194035798836e-04,1.162475951627246484e-01,-7.803277358938463110e-03,-4.337782813829067817e-05,8.369813594238859327e-04,4.695113408046214330e-04,-1.054479262443121582e-02
5.740000000000000657e-01,0.000000000000000000e+00,1.119860448753020503e-03,2.258862907901410672e-03,1.113692234952777180e-03,2.271657799383070865e-03,1.000000000000000000e+00,1.000000000000000000e+00,-4.572136702481784386e-05,7.820447260832281240e-04,-2.863182971323615864e-03,-1.457585249479110591e-02,3.945667807758277551e-02,1.529493989816605782e-05,1.187694461549331920e-01,-5.603002319636441603e-03,-4.248449461983200536e-05,8.176347256585871732e-04,4.550263068217074488e-04,-9.992217139807239856e-03
5.745000000000000107e-01,0.000000000000000000e+00,1.117938271373628825e-03,2.251571540979455197e-03,1.116804030173330735e-03,2.268583198245754246e-03,1.000000000000000000e+00,1.000000000000000000e+00,-4.719384032498980935e-05,7.747533591612724329e-04,-2.944946600343928151e-03,-1.458273384391146378e-02,4.030154127632715189e-02,6.416665479850242656e-04,1.212796688747707491e-01,-3.792634638182234078e-03,-4.248449461983200536e-05,8.176347256585871732e-04,4.550263068217074488e-04,-9.992217139807239856e-03
5.750000000000000666e-01,0.000000000000000000e+00,1.116005893312874619e-03,2.244297177316703987e-03,1.119928140800697776e-03,2.265517415511492279e-03,1.000000000000000000e+00,1.000000000000000000e+00,-4.867412780043566846e-05,7.674789954985214392e-04,-2.960574950891719636e-03,-1.454872732550197174e-02,4.113741139585233575e-02,1.263510305032524220e-03,1.237964249642895392e-01,-1.897688125855989064e-03,-4.248449461983200536e-05,8.176347256585871732e-04,4.550263068217074488e-04,-9.992217139807239856e-03
5.755000000000000115e-01,0.000000000000000000e+00,1.114105529965873052e-03,2.237059879680767041e-03,1.123062479144160955e-03,2.262458395354720059e-03,1.000000000000000000e+00,1.000000000000000000e+00,-5.012989058231310998e-05,7.602416978625842767e-04,-2.911525563754883365e-03,-1.447459527187434924e-02,4.196448663264396028e-02,1.880910630389447200e-03,1.263208580887557886e-01,1.123633269370545584e-06,-4.248449461983200536e-05,8.176347256585871732e-04,4.550263068217074488e-04,-9.992217139807239856e-03
5.760000000000000675e-01,0.000000000000000000e+00,1.112278461591415229e-03,2.229879334469235877e-03,1.126204926691205983e-03,2.259404018291138148e-03,1.000000000000000000e+00,1.000000000000000000e+00,-5.152950615776498043e-05,7.530611526510534379e-04,-2.799231150903743175e-03,-1.436109042306172798e-02,4.198633067165156996e-02,1.322118588394297209e-03,1.257589543201845794e-01,-2.647270011679590633e-03,-4.757253469156772592e-05,7.830985221185752382e-04,-1.446575088109960808e-03,-1.460562779812327877e-02
5.765000000000000124e-01,0.000000000000000000e+00,1.110525137463286858e-03,2.222738230759308941e-03,1.129353368157474816e-03,2.256352139117065621e-03,1.000000000000000000e+00,1.000000000000000000e+00,-5.287263036310411329e-05,7.459200489411263934e-04,-2.686248410678270925e-03,-1.428220741985405766e-02,4.256975763857225037e-02,2.261485090888134403e-03,1.280658053226969295e-01,1.511854198344120617e-03,-4.757253469156772592e-05,7.830985221185752382e-04,-1.446575088109960808e-03,-1.460562779812327877e-02
5.769999999999999574e-01,0.000000000000000000e+00,1.108874128986354944e-03,2.215666279496442733e-03,1.132505725536728366e-03,2.253300624848785742e-03,1.000000000000000000e+00,1.000000000000000000e+00,-5.413737623240010661e-05,7.388480976782599687e-04,-2.529491738591982744e-03,-1.414390252573283560e-02,4.314723222355620197e-02,3.194271316962881552e-03,1.298932552592983181e-01,4.392059895298691327e-03,-4.757253469156772592e-05,7.830985221185752382e-04,-1.446575088109960808e-03,-1.460562779812327877e-02
5.775000000000000133e-01,0.000000000000000000e+00,1.107353365521417110e-03,2.208692632643026454e-03,1.135659992150802071e-03,2.250247392661898146e-03,1.000000000000000000e+00,1.000000000000000000e+00,-5.530234863401410048e-05,7.318744508248439069e-04,-2.329944803227987186e-03,-1.394729370683214960e-02,4.371888818591764675e-02,4.120601068235690313e-03,1.317257865082105961e-01,7.277882913173293333e-03,-4.757253469156772592e-05,7.830985221185752382e-04,-1.446575088109960808e-03,-1.460562779812327877e-02
5.779999999999999583e-01,0.000000000000000000e+00,1.105990145385859873e-03,2.201845890242595805e-03,1.138814266613823178e-03,2.247190447753129316e-03,1.000000000000000000e+00,1.000000000000000000e+00,-5.634663584360573264e-05,7.250277084244131486e-04,-2.088574419183269852e-03,-1.369348480086146624e-02,4.380144751803098646e-02,4.554314878074122372e-03,1.316858866841143505e-01,8.280664607035415070e-03,-5.630733804226541200e-05,7.508028551443657588e-04,-3.298579784931641220e-03,-1.558349214376345514e-02
5.785000000000000142e-01,0.000000000000000000e+00,1.104786927514591569e-03,2.195138908646934294e-03,1.141966784445829592e-03,2.244127919076257215e-03,1.000000000000000000e+00,1.000000000000000000e+00,-5.726835420775224151e-05,7.183207268287516382e-04,-1.843436728293011998e-03,-1.341396319132302263e-02,4.444168619327018566e-02,5.392513707561562980e-03,1.342313359056097055e-01,1.128591366657226772e-02,-5.630733804226541200e-05,7.508028551443657588e-04,-3.298579784931641220e-03,-1.558349214376345514e-02
5.789999999999999591e-01,0.000000000000000000e+00,1.103774064253742375e-03,2.188597021077949741e-03,1.145115943519667279e-03,2.241058089500902982e-03,1.000000000000000000e+00,1.000000000000000000e+00,-5.804425248036512844e-05,7.117788392597670846e-04,-1.551796545225777972e-03,-1.308377513796909683e-02,4.507560145677366736e-02,6.225101823550115501e-03,1.363007163966602486e-01,1.394586991194658732e-02,-5.630733804226541200e-05,7.508028551443657588e-04,-3.298579784931641220e-03,-1.558349214376345514e-02
5.795000000000000151e-01,0.000000000000000000e+00,1.102981216626727897e-03,2.182245072104904270e-03,1.148260326997514475e-03,2.237979423700927825e-03,1.000000000000000000e+00,1.000000000000000000e+00,-5.865160899927956522e-05,7.054268902867215059e-04,-1.214713037828877911e-03,-1.270389794609107573e-02,4.570333733425022138e-02,7.052187451120874723e-03,1.383754949334412288e-01,1.661061580084137804e-02,-5.630733804226541200e-05,7.508028551443657588e-04,-3.298579784931641220e-03,-1.558349214376345514e-02
5.799999999999999600e-01,0.000000000000000000e+00,1.102437366225947086e-03,2.176107423892323194e-03,1.151398726165657645e-03,2.234890595950831879e-03,1.000000000000000000e+00,1.000000000000000000e+00,-5.906822257668571072e-05,6.992892420741405376e-04,-8.332271548122953311e-04,-1.227529642516201995e-02,4.687688803324793763e-02,8.361650768471364653e-03,1.425987568461396793e-01,2.117440490284064683e-02,-5.436183650760420273e-05,7.237236351190402686e-04,-5.902628040369948962e-04,-1.428753047213038307e-02
5.805000000000000160e-01,0.000000000000000000e+00,1.102198475141264421e-03,2.170223207776434717e-03,1.154530163269287162e-03,2.231790517922150035e-03,1.000000000000000000e+00,1.000000000000000000e+00,-5.925122376461761293e-05,6.934050259582518437e-04,-3.660023758638071296e-04,-1.176843223177748837e-02,4.725448279509139593e-02,9.376089799807495184e-03,1.433101345471772259e-01,2.421429160220601312e-02,-5.436183650760420273e-05,7.237236351190402686e-04,-5.902628040369948962e-04,-1.428753047213038307e-02
5.809999999999999609e-01,0.000000000000000000e+00,1.102279942191648331e-03,2.164621850341120254e-03,1.157653914347274568e-03,2.228678366479850369e-03,1.000000000000000000e+00,1.000000000000000000e+00,-5.918881638337374789e-05,6.878036685229375977e-04,1.248147624877307248e-04,-1.120271487062841735e-02,4.762886946645757819e-02,1.038401153413277996e-02,1.447009882538474457e-01,2.750602883005966517e-02,-5.436183650760420273e-05,7.237236351190402686e-04,-5.902628040369948962e-04,-1.428753047213038307e-02
5.815000000000000169e-01,0.000000000000000000e+00,1.102696790092679664e-03,2.159332200233828568e-03,1.160769532066968038e-03,2.225553611478731271e-03,1.000000000000000000e+00,1.000000000000000000e+00,-5.886949236516289075e-05,6.825140184156459119e-04,6.386480364217095220e-04,-1.057930021458338039e-02,4.800012640229691513e-02,1.138554397078994293e-02,1.460945805800837050e-01,3.080332961581110432e-02,-5.436183650760420273e-05,7.237236351190402686e-04,-5.902628040369948962e-04,-1.428753047213038307e-02
5.819999999999999618e-01,0.000000000000000000e+00,1.103463672052330292e-03,2.154382535615761204e-03,1.163876868558968991e-03,2.222416043559820743e-03,1.000000000000000000e+00,1.000000000000000000e+00,-5.828202670144438198e-05,6.775643537975784393e-04,1.174931327437017756e-03,-9.899329236135033516e-03,4.785125739629454700e-02,1.156993685566020356e-02,1.454827080142807594e-01,3.095691539666034151e-02,-6.074999235880759242e-05,6.882685505900340865e-04,-2.241260455134021744e-03,-1.646873425342668465e-02
5.825000000000000178e-01,0.000000000000000000e+00,1.104568972517950718e-03,2.149775227533618285e-03,1.166976098251927335e-03,2.219265801946767452e-03,1.000000000000000000e+00,1.000000000000000000e+00,-5.743531742177898067e-05,6.729570457154356294e-04,1.693418559330804032e-03,-9.214616164285678937e-03,4.778075347073081069e-02,1.149411292593894261e-02,1.456097915786331298e-01,3.079950650625532318e-02,-6.074999235880759242e-05,6.882685505900340865e-04,-2.241260455134021744e-03,-1.646873425342668465e-02
5.829999999999999627e-01,0.000000000000000000e+00,1.106005098782131746e-03,2.145504447555384581e-03,1.170067740707319594e-03,2.216103402242245671e-03,1.000000000000000000e+00,1.000000000000000000e+00,-5.633518087748582906e-05,6.686862657372020331e-04,2.200273088586300173e-03,-8.541559956467208170e-03,4.771183136078463449e-02,1.141957985698168268e-02,1.456699779827885510e-01,3.086423438689979773e-02,-6.074999235880759242e-05,6.882685505900340865e-04,-2.241260455134021744e-03,-1.646873425342668465e-02
5.835000000000000187e-01,0.000000000000000000e+00,1.107764588168466636e-03,2.141564437214558275e-03,1.173152683454241774e-03,2.212929764224346764e-03,1.000000000000000000e+00,1.000000000000000000e+00,-5.498733381035719124e-05,6.647462553963754024e-04,2.695694134257279988e-03,-7.880020681653217979e-03,4.764446397663688049e-02,1.134632215307094724e-02,1.457288140537065513e-01,3.092786031092228591e-02,-6.074999235880759242e-05,6.882685505900340865e-04,-2.241260455134021744e-03,-1.646873425342668465e-02
5.839999999999999636e-01,0.000000000000000000e+00,1.109840106008401885e-03,2.137949507365126574e-03,1.176232204824189656e-03,2.209746239642981086e-03,1.000000000000000000e+00,1.000000000000000000e+00,-5.339739490248042361e-05,6.611313255469439178e-04,3.179877815753535258e-03,-7.229859698862931006e-03,4.853406774315789651e-02,1.278246896340621414e-02,1.494969393527097179e-01,3.684751847651727974e-02,-6.175748680930114758e-05,6.812487970831812177e-04,-1.139557712287204722e-03,-8.251928414867507056e-03
5.845000000000000195e-01,0.000000000000000000e+00,1.112272312046516318e-03,2.134701174702479179e-03,1.179307996776951008e-03,2.206554640006231499e-03,1.000000000000000000e+00,1.000000000000000000e+00,-5.153421698246248624e-05,6.578829928842963061e-04,3.726355840035877436e-03,-6.496665325295311946e-03,4.910147430427455606e-02,1.179650886425064396e-02,1.512297295075608894e-01,3.210772752913786110e-02,-6.175748680930114758e-05,6.812487970831812177e-04,-1.139557712287204722e-03,-8.251928414867507056e-03
5.849999999999999645e-01,0.000000000000000000e+00,1.115085210485352706e-03,2.131784728487087343e-03,1.182382182719609459e-03,2.203357258720175897e-03,1.000000000000000000e+00,1.000000000000000000e+00,-4.937941176433377347e-05,6.549665466689045786e-04,4.309610436257420123e-03,-5.832892430783355280e-03,4.966387998488538957e-02,1.081823637844068521e-02,1.532375666341538323e-01,2.943559315827727965e-02,-6.175748680930114758e-05,6.812487970831812177e-04,-1.139557712287204722e-03,-8.251928414867507056e-03
5.855000000000000204e-01,0.000000000000000000e+00,1.118302232701152239e-03,2.129166064242905311e-03,1.185457289648430244e-03,2.200156841715903561e-03,1.000000000000000000e+00,1.000000000000000000e+00,-4.691502977253035503e-05,6.523478824247226551e-04,4.928763983606842744e-03,-5.237328488363840115e-03,5.022140412392212677e-02,9.847517232858106137e-03,1.552496728140349558e-01,2.675689617689377617e-02,-6.175748680930114758e-05,6.812487970831812177e-04,-1.139557712287204722e-03,-8.251928414867507056e-03
5.859999999999999654e-01,0.000000000000000000e+00,1.121946247227127843e-03,2.126811676377573460e-03,1.188536164538973828e-03,2.196956495202013852e-03,1.000000000000000000e+00,1.000000000000000000e+00,-4.412355269426189604e-05,6.499934945593906959e-04,5.582954156536915589e-03,-4.708775730664011179e-03,5.097072850005619771e-02,1.004583837516274253e-02,1.580293359987338386e-01,2.858308711116909484e-02,-4.772104673869043189e-05,6.592937810863717203e-04,4.033033762392211098e-03,-9.980133099228460924e-03
5.865000000000000213e-01,0.000000000000000000e+00,1.126049417606569177e-03,2.124724957372986587e-03,1.191621880761887815e-03,2.193759582168460127e-03,1.000000000000000000e+00,1.000000000000000000e+00,-4.098034182592036995e-05,6.479067755548040394e-04,6.286421736683051736e-03,-4.173438009173280859e-03,5.018494237907307476e-02,1.083589866435689074e-02,1.547094426119491883e-01,3.171234658744739865e-02,-4.772104673869043189e-05,6.592937810863717203e-04,4.033033762392211098e-03,-9.980133099228460924e-03
5.869999999999999662e-01,0.000000000000000000e+00,1.130566571173099869e-03,2.122927724765794836e-03,1.194717644417515965e-03,2.190569618798861827e-03,1.000000000000000000e+00,1.000000000000000000e+00,-3.752000143756446354e-05,6.461095429476121799e-04,6.920680776711813156e-03,-3.594465214383749281e-03,4.940856723961593172e-02,1.162112688174284439e-02,1.527000121541995659e-01,3.433646183006060226e-02,-4.772104673869043189e-05,6.592937810863717203e-04,4.033033762392211098e-03,-9.980133099228460924e-03
5.875000000000000222e-01,0.000000000000000000e+00,1.135453485086828154e-03,2.121441358553939529e-03,1.197826700670530202e-03,2.187390170882822643e-03,1.000000000000000000e+00,1.000000000000000000e+00,-3.377640818995220631e-05,6.446231767357569814e-04,7.487186495224512281e-03,-2.972732423710432257e-03,4.864140520097021136e-02,1.240161993186520394e-02,1.506825479148826141e-01,3.696470202067395072e-02,-4.772104673869043189e-05,6.592937810863717203e-04,4.033033762392211098e-03,-9.980133099228460924e-03
5.879999999999999671e-01,0.000000000000000000e+00,1.140666870389520039e-03,2.120286806889178175e-03,1.200952240084546783e-03,2.184224750228245214e-03,1.000000000000000000e+00,1.000000000000000000e+00,-2.978272334898688983e-05,6.434686250709954107e-04,7.987369681930636331e-03,-2.309103329523167717e-03,4.793420413106014299e-02,1.320072442399450319e-02,1.488550618988277452e-01,3.968728328794565718e-02,-3.929805189190329283e-05,6.403943487087385015e-04,4.146191982681813985e-03,-9.643812342067379501e-03
5.885000000000000231e-01,0.000000000000000000e+00,1.146166908558598476e-03,2.119485318423518401e-03,1.204097304956751151e-03,2.181076711073645820e-03,1.000000000000000000e+00,1.000000000000000000e+00,-2.556944967262203994e-05,6.426671366053355282e-04,8.426547352729700860e-03,-1.602976931319661678e-03,4.761643955090603952e-02,1.343419382726600969e-02,1.484566115922876794e-01,4.021551895677403371e-02,-3.929805189190329283e-05,6.403943487087385015e-04,4.146191982681813985e-03,-9.643812342067379501e-03
5.889999999999999680e-01,0.000000000000000000e+00,1.151933722632308759e-03,2.119040175739867089e-03,1.207264695652517789e-03,2.177949146500472548e-03,1.000000000000000000e+00,1.000000000000000000e+00,-2.115181379695594120e-05,6.422219939216843249e-04,8.835271751332194820e-03,-8.902853673023879318e-04,4.756086118213907754e-02,1.335527160818667305e-02,1.487278746077085878e-01,4.001621538961987884e-02,-3.929805189190329283e-05,6.403943487087385015e-04,4.146191982681813985e-03,-9.643812342067379501e-03
5.895000000000000240e-01,0.000000000000000000e+00,1.157960772252511266e-03,2.118944819029903569e-03,1.210456876940033989e-03,2.174844784845415650e-03,1.000000000000000000e+00,1.000000000000000000e+00,-1.653482592699748367e-05,6.421266372117210219e-04,9.233975739916914366e-03,-1.907134199266423023e-04,4.750664538934034481e-02,1.327780223254073147e-02,1.487753196561674152e-01,4.008358815697107835e-02,-3.929805189190329283e-05,6.403943487087385015e-04,4.146191982681813985e-03,-9.643812342067379501e-03
5.899999999999999689e-01,0.000000000000000000e+00,1.164241631874347004e-03,2.119192770514903394e-03,1.213675884324919713e-03,2.171765886112730914e-03,1.000000000000000000e+00,1.000000000000000000e+00,-1.172340831567980667e-05,6.423745886967208467e-04,9.622835222635354319e-03,4.959029699996792082e-04,4.690214958867941486e-02,1.434748813807425021e-02,1.466793020050903840e-01,4.459931035050434395e-02,-4.251871067453746314e-05,6.440443901062103309e-04,4.961619985058213830e-04,-2.371784364976721633e-03
5.905000000000000249e-01,0.000000000000000000e+00,1.170742352462457447e-03,2.119813443236077521e-03,1.216923230384851784e-03,2.168714138386544383e-03,1.000000000000000000e+00,1.000000000000000000e+00,-6.743567432888745643e-06,6.429952614178949732e-04,9.959681765582121746e-03,1.241345442348183725e-03,4.736350132378930322e-02,1.323941222836061068e-02,1.491649583021606718e-01,3.970336374712538779e-02,-4.251871067453746314e-05,6.440443901062103309e-04,4.961619985058213830e-04,-2.371784364976721633e-03
5.909999999999999698e-01,0.000000000000000000e+00,1.177482754553291038e-03,2.120767799868588863e-03,1.220199811104182887e-03,2.165690554243181361e-03,1.000000000000000000e+00,1.000000000000000000e+00,-1.580119866818203526e-06,6.439496180504060982e-04,1.032689513214108366e-02,1.908713265022149441e-03,4.782072377636363558e-02,1.213998216899410745e-02,1.507407428432537833e-01,3.666648600719885770e-02,-4.251871067453746314e-05,6.440443901062103309e-04,4.961619985058213830e-04,-2.371784364976721633e-03
5.915000000000000258e-01,0.000000000000000000e+00,1.184482194158671068e-03,2.122017489406194737e-03,1.223505813248498223e-03,2.162695368308537383e-03,1.000000000000000000e+00,1.000000000000000000e+00,3.781761947830166058e-06,6.451993075880121898e-04,1.072376362929673872e-02,2.499379075212198806e-03,4.827391372246231382e-02,1.104904595652956775e-02,1.523200523890267388e-01,3.362222764783732998e-02,-4.251871067453746314e-05,6.440443901062103309e-04,4.961619985058213830e-04,-2.371784364976721633e-03
5.919999999999999707e-01,0.000000000000000000e+00,1.191759570821365353e-03,2.123524838777856097e-03,1.226840657977379921e-03,2.159727974717372961e-03,1.000000000000000000e+00,1.000000000000000000e+00,9.356555900770821189e-06,6.467066569596734409e-04,1.114958790588130993e-02,3.014698743322476171e-03,5.085067980245499414e-02,1.091397999007194530e-02,1.621653442660904165e-01,3.425058968320564973e-02,-5.852107442445859451e-06,6.469123902542114630e-04,1.180613380370507462e-02,4.134440030877052294e-05
5.925000000000000266e-01,0.000000000000000000e+00,1.199439925530351638e-03,2.125282459551414756e-03,1.230203054196614236e-03,2.156786985406705399e-03,1.000000000000000000e+00,1.000000000000000000e+00,1.524004894677242637e-05,6.484642777332322089e-04,1.176698609200320898e-02,3.515241547117633862e-03,5.004184603128949277e-02,1.005404020900567234e-02,1.571504738733050521e-01,3.124144445331253350e-02,-5.852107442445859451e-06,6.469123902542114630e-04,1.180613380370507462e-02,4.134440030877052294e-05
5.929999999999999716e-01,0.000000000000000000e+00,1.207477178592551107e-03,2.127260364851180693e-03,1.233591103336091448e-03,2.153870345034048644e-03,1.000000000000000000e+00,1.000000000000000000e+00,2.139694199301126325e-05,6.504421830329981452e-04,1.231378609247767153e-02,3.955810599531806721e-03,4.924261220573432352e-02,9.200741816422827041e-03,1.550257557567377431e-01,2.885109524107205489e-02,-5.852107442445859451e-06,6.469123902542114630e-04,1.180613380370507462e-02,4.134440030877052294e-05
5.935000000000000275e-01,0.000000000000000000e+00,1.215826226627257688e-03,2.129429099089007790e-03,1.237002406716607075e-03,2.150975448746278267e-03,1.000000000000000000e+00,1.000000000000000000e+00,2.779268384533170789e-05,6.526109172708251336e-04,1.279148370464088837e-02,4.337468475654031493e-03,4.845277492717603440e-02,8.353967144613838602e-03,1.528928425474609942e-01,2.645507653896670558e-02,-5.852107442445859451e-06,6.469123902542114630e-04,1.180613380370507462e-02,4.134440030877052294e-05
5.939999999999999725e-01,0.000000000000000000e+00,1.224442926136714476e-03,2.131759731448261766e-03,1.240434172916660919e-03,2.148099259948516374e-03,1.000000000000000000e+00,1.000000000000000000e+00,3.439345862257713130e-05,6.549415496300788932e-04,1.320154955449084379e-02,4.661264718507437607e-03,4.676508414776858746e-02,7.171705049545663152e-03,1.472292334993956231e-01,2.272568506047792022e-02,2.942349747618004465e-06,6.469147421977374662e-04,7.108378961045850805e-03,1.587485731853278945e-05
5.945000000000000284e-01,0.000000000000000000e+00,1.233238633457873178e-03,2.134213163479559573e-03,1.243883325139266086e-03,2.145238428073000490e-03,1.000000000000000000e+00,1.000000000000000000e+00,4.113136133925172910e-05,6.573949816613770250e-04,1.347580543334919896e-02,4.906864062596362486e-03,4.642032888045535127e-02,6.005652014924103832e-03,1.474758704387985897e-01,1.931200624882307287e-02,2.942349747618004465e-06,6.469147421977374662e-04,7.108378961045850805e-03,1.587485731853278945e-05
5.949999999999999734e-01,0.000000000000000000e+00,1.242192997425569691e-03,2.136751244059913873e-03,1.247346608578752802e-03,2.142389406347972383e-03,1.000000000000000000e+00,1.000000000000000000e+00,4.799080209837040188e-05,6.599330622417311091e-04,1.371888151823734588e-02,5.076161160708273119e-03,4.607981344343675678e-02,4.848048557759729663e-03,1.465760966097330309e-01,1.588449040532612100e-02,2.942349747618004465e-06,6.469147421977374662e-04,7.108378961045850805e-03,1.587485731853278945e-05
5.955000000000000293e-01,0.000000000000000000e+00,1.251286097947459930e-03,2.139336520179395580e-03,1.250820697787574393e-03,2.139548569566547369e-03,1.000000000000000000e+00,1.000000000000000000e+00,5.495652122388667681e-05,6.625183383612127073e-04,1.393143825103254456e-02,5.170552238963200056e-03,4.574344802978585339e-02,3.698740062410517566e-03,1.456727034057514747e-01,1.244976149277358252e-02,2.942349747618004465e-06,6.469147421977374662e-04,7.108378961045850805e-03,1.587485731853278945e-05
5.959999999999999742e-01,0.000000000000000000e+00,1.260498438750535556e-03,2.141932228237145800e-03,1.254302304043109807e-03,2.136712331855599670e-03,1.000000000000000000e+00,1.000000000000000000e+00,6.201358370420093113e-05,6.651140464189630357e-04,1.411412496062850429e-02,5.191416115500585571e-03,4.666316150930040207e-02,3.414792606707951067e-03,1.496281768862217920e-01,1.233709801253276422e-02,3.443613129179281331e-05,6.523220598602077125e-04,1.258578885504517061e-02,1.720114528883962251e-03
5.965000000000000302e-01,0.000000000000000000e+00,1.269873667216040586e-03,2.144529077853126343e-03,1.257788282714473495e-03,2.133877264444635196e-03,1.000000000000000000e+00,1.000000000000000000e+00,6.919542537317196584e-05,6.677108960349437952e-04,1.436368333794207225e-02,5.193699231961525047e-03,4.590617825843147648e-02,2.607547749633618191e-03,1.460349800280655030e-01,9.445409764147811096e-03,3.443613129179281331e-05,6.523220598602077125e-04,1.258578885504517061e-02,1.720114528883962251e-03
5.969999999999999751e-01,0.000000000000000000e+00,1.279370900997179152e-03,2.147101530848696815e-03,1.261275740629314458e-03,2.131040213434676461e-03,1.000000000000000000e+00,1.000000000000000000e+00,7.647072853621496226e-05,6.702833490305140510e-04,1.455060632608598872e-02,5.144905991140454396e-03,4.515771217161988760e-02,1.805958999159542082e-03,1.438731126491408774e-01,7.000439746565062168e-03,3.443613129179281331e-05,6.523220598602077125e-04,1.258578885504517061e-02,1.720114528883962251e-03
5.975000000000000311e-01,0.000000000000000000e+00,1.288950146007435821e-03,2.149624525548684151e-03,1.264762143440627653e-03,2.128198417567133630e-03,1.000000000000000000e+00,1.000000000000000000e+00,8.380885594559729927e-05,6.728063437305013871e-04,1.467625481876467901e-02,5.045989399974667826e-03,4.441757819445629057e-02,1.009920820961918760e-03,1.417039745051614785e-01,4.550641335172076959e-03,3.443613129179281331e-05,6.523220598602077125e-04,1.258578885504517061e-02,1.720114528883962251e-03
5.979999999999999760e-01,0.000000000000000000e+00,1.298572281354820309e-03,2.152073470783458665e-03,1.268245422932726043e-03,2.125349625925982821e-03,1.000000000000000000e+00,1.000000000000000000e+00,9.117983925939993431e-05,6.752552889652760088e-04,1.474196662760527202e-02,4.897890469549250406e-03,4.363939665638848220e-02,9.534243921037750379e-04,1.393483071820435515e-01,4.947081735615720122e-03,5.632151511896037719e-05,6.651685370101993820e-04,1.154395252480398988e-02,4.702218246095093285e-03
5.985000000000000320e-01,0.000000000000000000e+00,1.308196729968218218e-03,2.154447184151433992e-03,1.271724072422581722e-03,2.122492202584321842e-03,1.000000000000000000e+00,1.000000000000000000e+00,9.855259463777748196e-05,6.776290023332512272e-04,1.474551075675509942e-02,4.747426735950457596e-03,4.310451256743835086e-02,-3.436138204931607097e-05,1.379371734284228213e-01,1.094376170778466224e-03,5.632151511896037719e-05,6.651685370101993820e-04,1.154395252480398988e-02,4.702218246095093285e-03
5.989999999999999769e-01,0.000000000000000000e+00,1.317795575720943435e-03,2.156715398015491246e-03,1.275197162975555193e-03,2.119625144409543333e-03,1.000000000000000000e+00,1.000000000000000000e+00,1.059057370870088838e-04,6.798972161973086984e-04,1.470628489846281112e-02,4.536427728114935526e-03,4.257544434400134525e-02,-1.015443585658638110e-03,1.363183462948165392e-01,-1.963324626971198281e-03,5.632151511896037719e-05,6.651685370101993820e-04,1.154395252480398988e-02,4.702218246095093285e-03
5.995000000000000329e-01,0.000000000000000000e+00,1.327341521374203470e-03,2.158848418169046803e-03,1.278664284532533921e-03,2.116748016520186588e-03,1.000000000000000000e+00,1.000000000000000000e+00,1.132183557090046089e-04,6.820302363508643634e-04,1.462523724399145998e-02,4.266040307111275236e-03,4.205206305097144992e-02,-1.989949220115926759e-03,1.346945543875542328e-01,-5.026747996943692343e-03,5.632151511896037719e-05,6.651685370101993820e-04,1.154395252480398988e-02,4.702218246095093285e-03
5.999999999999999778e-01,0.000000000000000000e+00,1.336807878015730403e-03,2.160817116565310995e-03,1.282125477129472061e-03,2.113860876877328085e-03,1.000000000000000000e+00,1.000000000000000000e+00,1.204700056108286727e-04,6.839989347471284479e-04,1.450329980364812449e-02,3.937396792528197707e-03,4.353354130166352254e-02,-3.057070400602676739e-03,1.408305073336743041e-01,-8.480527029160698019e-03,1.043512171214961066e-04,6.657962050797559860e-04,1.945135882304325700e-02,1.919681204585991932e-03
6.005000000000000338e-01,0.000000000000000000e+00,1.346268721023198035e-03,2.162589827779849358e-03,1.285581162082912897e-03,2.110964200838652029e-03,1.000000000000000000e+00,1.000000000000000000e+00,1.277174318239203280e-04,6.857716459616665936e-04,1.449485242618330297e-02,3.545422429076377623e-03,4.258459444873359534e-02,-3.293724556467508835e-03,1.358759798172969602e-01,-8.657228690698489174e-03,1.043512171214961066e-04,6.657962050797559860e-04,1.945135882304325700e-02,1.919681204585991932e-03
6.009999999999999787e-01,0.000000000000000000e+00,1.355675498981151516e-03,2.164161233115215448e-03,1.289032073175498932e-03,2.108058805712524804e-03,1.000000000000000000e+00,1.000000000000000000e+00,1.349234418062647046e-04,6.873430512970329009e-04,1.441201996468877491e-02,3.142810670732659739e-03,4.164576248408805026e-02,-3.529200745800284943e-03,1.329962097897609274e-01,-9.542867104083665314e-03,1.043512171214961066e-04,6.657962050797559860e-04,1.945135882304325700e-02,1.919681204585991932e-03
6.015000000000000346e-01,0.000000000000000000e+00,1.364980737918252991e-03,2.165526135359178376e-03,1.292479187841492818e-03,2.105145775312055115e-03,1.000000000000000000e+00,1.000000000000000000e+00,1.420516683859254900e-04,6.887079535409957199e-04,1.425645315932155127e-02,2.729804487925632794e-03,4.071682093997917862e-02,-3.763525874721915764e-03,1.301078050833839039e-01,-1.042951110076384934e-02,1.043512171214961066e-04,6.657962050797559860e-04,1.945135882304325700e-02,1.919681204585991932e-03
6.019999999999999796e-01,0.000000000000000000e+00,1.374138022915085636e-03,2.166679457120367948e-03,1.295923658352290259e-03,2.102226384509174942e-03,1.000000000000000000e+00,1.000000000000000000e+00,1.490665556718060933e-04,6.898612753021850751e-04,1.402977457176120095e-02,2.306643522378621410e-03,3.874957043605906787e-02,-2.951378091904624697e-03,1.231409638444978111e-01,-7.257359646386535128e-03,1.243595345518176253e-04,6.888595648822688896e-04,1.346118499757412851e-02,8.014348655865822721e-03
6.025000000000000355e-01,0.000000000000000000e+00,1.383049475495579236e-03,2.167648911618171893e-03,1.299366743001940071e-03,2.099302023788700115e-03,1.000000000000000000e+00,1.000000000000000000e+00,1.558931244012113845e-04,6.908307297999893458e-04,1.365313745881060331e-02,1.938908995608506700e-03,3.846558085596030185e-02,-4.037646806652982895e-03,1.235185062891255153e-01,-1.232750820060047464e-02,1.243595345518176253e-04,6.888595648822688896e-04,1.346118499757412851e-02,8.014348655865822721e-03
6.029999999999999805e-01,0.000000000000000000e+00,1.391702715780344587e-03,2.168402575530334157e-03,1.302809737292656873e-03,2.096374123802410405e-03,1.000000000000000000e+00,1.000000000000000000e+00,1.625218910363292722e-04,6.915843937121513929e-04,1.325753327023579051e-02,1.507327824324001132e-03,3.818417041996713390e-02,-5.116845255496351580e-03,1.224591156630044780e-01,-1.577705390661537227e-02,1.243595345518176253e-04,6.888595648822688896e-04,1.346118499757412851e-02,8.014348655865822721e-03
6.035000000000000364e-01,0.000000000000000000e+00,1.400085666333155451e-03,2.168909142182303372e-03,1.306253905120340064e-03,2.093444079923110525e-03,1.000000000000000000e+00,1.000000000000000000e+00,1.689436037242511048e-04,6.920909603641209329e-04,1.284342537584367248e-02,1.013133303939095075e-03,3.790527611902484717e-02,-6.189110011414917893e-03,1.213975233238827334e-01,-1.923263521813509472e-02,1.243595345518176253e-04,6.888595648822688896e-04,1.346118499757412851e-02,8.014348655865822721e-03
6.039999999999999813e-01,0.000000000000000000e+00,1.408186546856609982e-03,2.169137913657620716e-03,1.309700409960088026e-03,2.090513176798706758e-03,1.000000000000000000e+00,1.000000000000000000e+00,1.751492382336141914e-04,6.923197318394378429e-04,1.241126901872617594e-02,4.575429506337855756e-04,3.679305196887407842e-02,-8.524411420436040984e-03,1.170878815855389832e-01,-2.762574538073433311e-02,1.476677093672964375e-04,6.842198070913529679e-04,1.231536099055808783e-02,1.461738498626672473e-03
6.045000000000000373e-01,0.000000000000000000e+00,1.415951995576984713e-03,2.169019104187687019e-03,1.313150246052486887e-03,2.087582512907122743e-03,1.000000000000000000e+00,1.000000000000000000e+00,1.810979170741825893e-04,6.922009223695042542e-04,1.189735768113680398e-02,-2.376189398671713819e-04,3.595247881327452710e-02,-8.882909924605896651e-03,1.145014458337841046e-01,-2.732344574273811236e-02,1.476677093672964375e-04,6.842198070913529679e-04,1.231536099055808783e-02,1.461738498626672473e-03
6.049999999999999822e-01,0.000000000000000000e+00,1.423342919148562133e-03,2.168545563985273435e-03,1.316604172223457365e-03,2.084652928019741988e-03,1.000000000000000000e+00,1.000000000000000000e+00,1.867596930057065772e-04,6.917273821670908871e-04,1.132355186304796583e-02,-9.470804048266577568e-04,3.514645396049564247e-02,-9.227195698598707196e-03,1.117856559809397438e-01,-2.865961671727432214e-02,1.476677093672964375e-04,6.842198070913529679e-04,1.231536099055808783e-02,1.461738498626672473e-03
6.055000000000000382e-01,0.000000000000000000e+00,1.430322452155371018e-03,2.167710710836652770e-03,1.320062680247708307e-03,2.081724968814908580e-03,1.000000000000000000e+00,1.000000000000000000e+00,1.921063254811380472e-04,6.908925290184701144e-04,1.069326495086294140e-02,-1.669706297241639039e-03,3.523216041343602001e-02,-9.147173369342969165e-03,1.124737274203776727e-01,-2.836571361084713402e-02,1.476677093672964375e-04,6.842198070913529679e-04,1.231536099055808783e-02,1.461738498626672473e-03
6.059999999999999831e-01,0.000000000000000000e+00,1.436898880880388852e-03,2.166521341807695240e-03,1.323526018509998872e-03,2.078798915562546541e-03,1.000000000000000000e+00,1.000000000000000000e+00,1.971441621615059115e-04,6.897031599895128012e-04,1.007567336073575057e-02,-2.378738057914559900e-03,3.555871131314319866e-02,-8.144910120480037402e-03,1.133426256488960920e-01,-2.484650860214591972e-02,1.788693691085960484e-04,6.915284114672708019e-04,1.439857394944289715e-02,2.851974491569544794e-03
6.065000000000000391e-01,0.000000000000000000e+00,1.443092507438308372e-03,2.165013039825234610e-03,1.326994229114538933e-03,2.075874823660915636e-03,1.000000000000000000e+00,1.000000000000000000e+00,2.018887553689542645e-04,6.881948580070519541e-04,9.489186414896709151e-03,-3.016603964921602335e-03,3.563846184397596178e-02,-8.074273963974570173e-03,1.130638621010518763e-01,-2.570210097496574211e-02,1.788693691085960484e-04,6.915284114672708019e-04,1.439857394944289715e-02,2.851974491569544794e-03
6.069999999999999840e-01,0.000000000000000000e+00,1.448911076392680151e-03,2.163191892149347092e-03,1.330467185212394574e-03,2.072952565414170646e-03,1.000000000000000000e+00,1.000000000000000000e+00,2.063460377833554842e-04,6.863737103311643275e-04,8.914564828802437960e-03,-3.642295351775335678e-03,3.571659892246356605e-02,-8.004985992568007871e-03,1.129957822368183318e-01,-2.576240025943012449e-02,1.788693691085960484e-04,6.915284114672708019e-04,1.439857394944289715e-02,2.851974491569544794e-03
6.075000000000000400e-01,0.000000000000000000e+00,1.454362203939912760e-03,2.161063908588366830e-03,1.333944628328905500e-03,2.070031871809894196e-03,1.000000000000000000e+00,1.000000000000000000e+00,2.105218437496457799e-04,6.842457267701840653e-04,8.351611932580601388e-03,-4.255967121960475830e-03,3.579314929178731286e-02,-7.937029052518999525e-03,1.129290797128414681e-01,-2.582154865176205030e-02,1.788693691085960484e-04,6.915284114672708019e-04,1.439857394944289715e-02,2.851974491569544794e-03
6.079999999999999849e-01,0.000000000000000000e+00,1.459453379878301871e-03,2.158635022254284247e-03,1.337426205691094215e-03,2.067112374296660362e-03,1.000000000000000000e+00,1.000000000000000000e+00,2.144219107861897254e-04,6.818168404361016994e-04,7.800134073087876263e-03,-4.857772668164755947e-03,3.543381824002009989e-02,-9.516713476758691115e-03,1.111769762882707374e-01,-3.227333689101252734e-02,1.942296555461315926e-04,6.881178615894664643e-04,1.013862735663826828e-02,-3.763469875219015506e-05
6.085000000000000409e-01,0.000000000000000000e+00,1.464170209745695953e-03,2.155859634237386989e-03,1.340911507555080616e-03,2.064193646561565329e-03,1.000000000000000000e+00,1.000000000000000000e+00,2.180352120952447099e-04,6.790414524192044414e-04,7.226602618109950749e-03,-5.550776033794531730e-03,3.557781936844918447e-02,-9.508780156254172458e-03,1.117400922478254260e-01,-3.119205243903786298e-02,1.942296555461315926e-04,6.881178615894664643e-04,1.013862735663826828e-02,-3.763469875219015506e-05
6.089999999999999858e-01,0.000000000000000000e+00,1.468523726208446250e-03,2.152742336235045472e-03,1.344400104533490089e-03,2.061275246307787100e-03,1.000000000000000000e+00,1.000000000000000000e+00,2.213701991895615766e-04,6.759241544168627077e-04,6.669974188633719277e-03,-6.234596004683571474e-03,3.565350973639732496e-02,-9.433055126973450069e-03,1.116171641974343237e-01,-3.119882480001438113e-02,1.942296555461315926e-04,6.881178615894664643e-04,1.013862735663826828e-02,-3.763469875219015506e-05
6.095000000000000417e-01,0.000000000000000000e+00,1.472521452416586905e-03,2.149289824150446213e-03,1.347891584922870922e-03,2.058356757032122654e-03,1.000000000000000000e+00,1.000000000000000000e+00,2.244326351364188767e-04,6.724716423322637734e-04,6.124871893714596734e-03,-6.905024169197823344e-03,3.572763277986211461e-02,-9.358813082941806749e-03,1.115525503331767782e-01,-3.126346825327644408e-02,1.942296555461315926e-04,6.881178615894664643e-04,1.013862735663826828e-02,-3.763469875219015506e-05
6.099999999999999867e-01,0.000000000000000000e+00,1.476170785854245783e-03,2.145508707680553011e-03,1.351385592031100445e-03,2.055437829802543321e-03,1.000000000000000000e+00,1.000000000000000000e+00,2.272281867374256260e-04,6.686905258623702464e-04,5.591103202013494519e-03,-7.562232939787063603e-03,3.614888825261879102e-02,-9.670620431365982428e-03,1.128434041555698986e-01,-3.282044518903397268e-02,2.123268594821671993e-04,6.887247319835678762e-04,9.447476383074880635e-03,1.786270443212214392e-04
6.105000000000000426e-01,0.000000000000000000e+00,1.479496469075098491e-03,2.141393490919207745e-03,1.354881861504803747e-03,2.052518225035735409e-03,1.000000000000000000e+00,1.000000000000000000e+00,2.297758078883339373e-04,6.645753091010251972e-04,5.095242301816623604e-03,-8.230433522690079259e-03,3.621631544821193177e-02,-9.596625065831483614e-03,1.124837950709226125e-01,-3.255426762599995111e-02,2.123268594821671993e-04,6.887247319835678762e-04,9.447476383074880635e-03,1.786270443212214392e-04
6.109999999999999876e-01,0.000000000000000000e+00,1.482505266565944078e-03,2.136950838034580406e-03,1.358380258656759817e-03,2.049597854274652544e-03,1.000000000000000000e+00,1.000000000000000000e+00,2.320806804866663788e-04,6.601326562163978588e-04,4.609745196664873784e-03,-8.885305769254663033e-03,3.628233337431978345e-02,-9.524105656985082380e-03,1.124262351490801365e-01,-3.261743453394270326e-02,2.123268594821671993e-04,6.887247319835678762e-04,9.447476383074880635e-03,1.786270443212214392e-04
6.115000000000000435e-01,0.000000000000000000e+00,1.485203829477323026e-03,2.132187326695501612e-03,1.361880815055217537e-03,2.046676821120459698e-03,1.000000000000000000e+00,1.000000000000000000e+00,2.341478996093352468e-04,6.553691448773190644e-04,4.134438245337729995e-03,-9.527022678157562666e-03,3.634696564268615621e-02,-9.453043047255468151e-03,1.123698782646874311e-01,-3.267934147621638641e-02,2.123268594821671993e-04,6.887247319835678762e-04,9.447476383074880635e-03,1.786270443212214392e-04
6.119999999999999885e-01,0.000000000000000000e+00,1.487598697370293372e-03,2.127109448930317257e-03,1.365383748523009595e-03,2.043755443158152066e-03,1.000000000000000000e+00,1.000000000000000000e+00,2.359824748507493024e-04,6.502912671121347096e-04,3.669150482828091673e-03,-1.015575553036870624e-02,3.518443111214375474e-02,-1.075330848776218443e-02,1.075540963870481037e-01,-3.806019310079210294e-02,2.250653253931341640e-04,6.665120047438745279e-04,7.495658596025449143e-03,-6.976832237287422002e-03
6.125000000000000444e-01,0.000000000000000000e+00,1.489634886240205451e-03,2.121680795964989586e-03,1.368889444747271433e-03,2.040834229901825059e-03,1.000000000000000000e+00,1.000000000000000000e+00,2.375422860196862171e-04,6.448626141468068217e-04,3.119622337873835527e-03,-1.085730593065582089e-02,3.455680443489932141e-02,-9.841522243944838405e-03,1.058188111517257002e-01,-3.371085563125244405e-02,2.250653253931341640e-04,6.665120047438745279e-04,7.495658596025449143e-03,-6.976832237287422002e-03
6.129999999999999893e-01,0.000000000000000000e+00,1.491284891370464258e-03,2.115934559981445633e-03,1.372398425114460495e-03,2.037913844959167442e-03,1.000000000000000000e+00,1.000000000000000000e+00,2.388062632808386082e-04,6.391163781632629767e-04,2.527954522304759997e-03,-1.149247196708765538e-02,3.393490791264725664e-02,-8.937087288640153254e-03,1.036268963034125273e-01,-3.124985892601607820e-02,2.250653253931341640e-04,6.665120047438745279e-04,7.495658596025449143e-03,-6.976832237287422002e-03
6.135000000000000453e-01,0.000000000000000000e+00,1.492521858734177859e-03,2.109903353446024830e-03,1.375911314090402619e-03,2.034995067674690451e-03,1.000000000000000000e+00,1.000000000000000000e+00,2.397538352561310714e-04,6.330851716278422829e-04,1.895143950584913476e-03,-1.206241307084145349e-02,3.331860598489763681e-02,-8.039875228464516549e-03,1.014300898491145159e-01,-2.878258671742371655e-02,2.250653253931341640e-04,6.665120047438745279e-04,7.495658596025449143e-03,-6.976832237287422002e-03
6.139999999999999902e-01,0.000000000000000000e+00,1.493319573680817807e-03,2.103619216165957245e-03,1.379428806600336253e-03,2.032078754772982058e-03,1.000000000000000000e+00,1.000000000000000000e+00,2.403649203581975495e-04,6.268010343477745886e-04,1.222170204132978603e-03,-1.256827456013536251e-02,3.306468618629880563e-02,-7.472990833712409540e-03,1.006146664222543757e-01,-2.756447035442147198e-02,2.413092044316666259e-04,6.478122123412182820e-04,7.892763722512331770e-03,-8.481517803511423245e-03
6.145000000000000462e-01,0.000000000000000000e+00,1.493670331790251634e-03,2.097103519653590459e-03,1.382951635408963395e-03,2.029165802001946066e-03,1.000000000000000000e+00,1.000000000000000000e+00,2.406336166588082435e-04,6.202853378354080197e-04,5.373926012213752369e-04,-1.303139302473306504e-02,3.265023293172539948e-02,-6.396487281140273568e-03,9.886020071341590498e-02,-2.406679618093640963e-02,2.413092044316666259e-04,6.478122123412182820e-04,7.892763722512331770e-03,-8.481517803511423245e-03
6.149999999999999911e-01,0.000000000000000000e+00,1.493558526057414291e-03,2.090393341350069156e-03,1.386480538500494027e-03,2.026257105776051171e-03,1.000000000000000000e+00,1.000000000000000000e+00,2.405479684984593270e-04,6.135751595318865003e-04,-1.712963206978344258e-04,-1.342035660704293983e-02,3.226664215228387117e-02,-5.383965867885972395e-03,9.735000784097530557e-02,-2.122075678793786807e-02,2.413092044316666259e-04,6.478122123412182820e-04,7.892763722512331770e-03,-8.481517803511423245e-03
6.155000000000000471e-01,0.000000000000000000e+00,1.492970329628468332e-03,2.083523349846071269e-03,1.390016226458694456e-03,2.023353524819570485e-03,1.000000000000000000e+00,1.000000000000000000e+00,2.400973838926028620e-04,6.067051680278886128e-04,-9.011692117129103908e-04,-1.373998300799574371e-02,3.236589031272778944e-02,-5.348570998473816188e-03,9.767746407120875274e-02,-2.208510614872701699e-02,2.413092044316666259e-04,6.478122123412182820e-04,7.892763722512331770e-03,-8.481517803511423245e-03
6.159999999999999920e-01,0.000000000000000000e+00,1.491916321020655186e-03,2.076497288569059338e-03,1.393559349846932400e-03,2.020455841809830604e-03,1.000000000000000000e+00,1.000000000000000000e+00,2.392899664555879816e-04,5.996791067508764651e-04,-1.614834874029734760e-03,-1.405212255402429194e-02,3.206782031822515144e-02,-5.292684386692923099e-03,9.605825014197988398e-02,-2.203251850774200563e-02,2.420745493363668684e-04,6.330066135646677996e-04,3.130849966088976397e-03,-7.797536227784257479e-03
6.165000000000000480e-01,0.000000000000000000e+00,1.490387102624926704e-03,2.069319515583065410e-03,1.397110466588229443e-03,2.017564725020453732e-03,1.000000000000000000e+00,1.000000000000000000e+00,2.381185172012249081e-04,5.925013337648827542e-04,-2.342898508726143185e-03,-1.435554597198744967e-02,3.313833762641583969e-02,-5.387033031116950435e-03,1.000857355958992417e-01,-2.257713801537670345e-02,2.420745493363668684e-04,6.330066135646677996e-04,3.130849966088976397e-03,-7.797536227784257479e-03
6.169999999999999929e-01,0.000000000000000000e+00,1.488442007207877935e-03,2.061989659863399781e-03,1.400670009345296799e-03,2.014680689964600674e-03,1.000000000000000000e+00,1.000000000000000000e+00,2.366284876656585723e-04,5.851714780452172337e-04,-2.980059071132649430e-03,-1.465971143933095244e-02,3.419649392926635278e-02,-5.481299502288585965e-03,1.029449123653976561e-01,-2.299350764506425532e-02,2.420745493363668684e-04,6.330066135646677996e-04,3.130849966088976397e-03,-7.797536227784257479e-03
6.175000000000000488e-01,0.000000000000000000e+00,1.486139105473646780e-03,2.054507374509881561e-03,1.404238252900596009e-03,2.011804061038218166e-03,1.000000000000000000e+00,1.000000000000000000e+00,2.348643625891016129e-04,5.776891926916990138e-04,-3.528250153113925321e-03,-1.496457070703648140e-02,3.524255215671696223e-02,-5.575489143219859896e-03,1.058146412347575477e-01,-2.340994742279732185e-02,2.420745493363668684e-04,6.330066135646677996e-04,3.130849966088976397e-03,-7.797536227784257479e-03
6.179999999999999938e-01,0.000000000000000000e+00,1.483535227328442981e-03,2.046872336338653904e-03,1.407815281906028230e-03,2.008934933603420681e-03,1.000000000000000000e+00,1.000000000000000000e+00,2.328696762054093710e-04,5.700541545204711397e-04,-3.989372767384499405e-03,-1.527007634245564419e-02,3.474571006705191867e-02,-6.182490973075622370e-03,1.027485778908848874e-01,-2.581831912402355461e-02,2.330764086570782316e-04,6.055515479007443766e-04,-1.707043630309422163e-03,-1.155756142443762485e-02
6.185000000000000497e-01,0.000000000000000000e+00,1.480609275552739615e-03,2.039068215260909141e-03,1.411400970447586811e-03,2.006073150139569324e-03,1.000000000000000000e+00,1.000000000000000000e+00,2.306282671067976734e-04,5.622500334427264854e-04,-4.482818197223374310e-03,-1.560824215548922700e-02,3.567057553309904705e-02,-5.570483082249950112e-03,1.065039868762922004e-01,-2.306874986863574964e-02,2.330764086570782316e-04,6.055515479007443766e-04,-1.707043630309422163e-03,-1.155756142443762485e-02
6.189999999999999947e-01,0.000000000000000000e+00,1.477411663346825041e-03,2.031116990475902162e-03,1.414994995621258328e-03,2.003218316890575598e-03,1.000000000000000000e+00,1.000000000000000000e+00,2.281787540452073467e-04,5.542988086577195061e-04,-4.899026123180669559e-03,-1.590244957001399687e-02,3.658493823863554623e-02,-4.963343067701547762e-03,1.090457405247132611e-01,-2.135980085008844231e-02,2.330764086570782316e-04,6.055515479007443766e-04,-1.707043630309422163e-03,-1.155756142443762485e-02
6.195000000000000506e-01,0.000000000000000000e+00,1.473991722313706693e-03,2.023040250142444773e-03,1.418596866280931370e-03,2.000369838577040378e-03,1.000000000000000000e+00,1.000000000000000000e+00,2.255589272209925292e-04,5.462220683242620086e-04,-5.239653648429651485e-03,-1.615348066691488921e-02,3.748902351665247407e-02,-4.360984323159123634e-03,1.115964599631068394e-01,-1.964669631868620758e-02,2.330764086570782316e-04,6.055515479007443766e-04,-1.707043630309422163e-03,-1.155756142443762485e-02
6.199999999999999956e-01,0.000000000000000000e+00,1.470397720732344923e-03,2.014859196185278447e-03,1.422205952495057390e-03,1.997526953952307241e-03,1.000000000000000000e+00,1.000000000000000000e+00,2.228057622810295500e-04,5.380410143670957910e-04,-5.506329879925985285e-03,-1.636210791433242648e-02,3.809853085224589042e-02,-5.304285333749109675e-03,1.130509658709594328e-01,-2.391409106345467744e-02,2.305801490192987773e-04,5.628314556063809294e-04,-1.416060749675946339e-03,-1.777301010131591280e-02
6.205000000000000515e-01,0.000000000000000000e+00,1.466662626785721502e-03,2.006546486117706529e-03,1.425821515003328037e-03,1.994688771358511456e-03,1.000000000000000000e+00,1.000000000000000000e+00,2.199445143186913891e-04,5.297283042995240901e-04,-5.722495924676334819e-03,-1.662542013514348507e-02,3.862489591449880938e-02,-4.242108343431478211e-03,1.144607193812822721e-01,-1.909694040071401033e-02,2.305801490192987773e-04,5.628314556063809294e-04,-1.416060749675946339e-03,-1.777301010131591280e-02
6.209999999999999964e-01,0.000000000000000000e+00,1.462814875813040795e-03,1.998137791670148364e-03,1.429442734673336008e-03,1.991854304282632444e-03,1.000000000000000000e+00,1.000000000000000000e+00,2.169969660675635456e-04,5.213196098519659247e-04,-5.895096502255703017e-03,-1.681738889511624757e-02,3.914533694185631796e-02,-3.187831803365313854e-03,1.159414481518570988e-01,-1.599178674413032769e-02,2.305801490192987773e-04,5.628314556063809294e-04,-1.416060749675946339e-03,-1.777301010131591280e-02
6.215000000000000524e-01,0.000000000000000000e+00,1.458882288483705778e-03,1.989668133738285195e-03,1.433068741957253898e-03,1.989022506912547540e-03,1.000000000000000000e+00,1.000000000000000000e+00,2.139844293968464113e-04,5.128499519201027562e-04,-6.025073341434274664e-03,-1.693931586372628140e-02,3.965998199065427082e-02,-2.141311568946265877e-03,1.174272340359982375e-01,-1.287988878660109929e-02,2.305801490192987773e-04,5.628314556063809294e-04,-1.416060749675946339e-03,-1.777301010131591280e-02
6.219999999999999973e-01,0.000000000000000000e+00,1.454892081206271472e-03,1.981171890485764007e-03,1.436698646348493532e-03,1.986192309693081848e-03,1.000000000000000000e+00,1.000000000000000000e+00,2.109277532850750453e-04,5.043537086675814593e-04,-6.113352223542711968e-03,-1.699248650504269625e-02,4.069454898889433847e-02,3.031891183479228655e-05,1.209591886718313219e-01,-5.362253533996639426e-03,2.319141249869207451e-04,5.414801892689748413e-04,-9.526476165629414782e-05,-1.327278558550905666e-02
6.225000000000000533e-01,0.000000000000000000e+00,1.450897208922139608e-03,1.972718208743567611e-03,1.440331565838384384e-03,1.983362654882058103e-03,1.000000000000000000e+00,1.000000000000000000e+00,2.078675035708458098e-04,4.959000269253851720e-04,-6.120499428458484568e-03,-1.690736348439265263e-02,4.133445866385870165e-02,9.286205721460383472e-04,1.225574372457559486e-01,-3.690780963371541670e-03,2.319141249869207451e-04,5.414801892689748413e-04,-9.526476165629414782e-05,-1.327278558550905666e-02
6.229999999999999982e-01,0.000000000000000000e+00,1.446930238725698415e-03,1.964335628503188075e-03,1.443966656372834209e-03,1.980532532106353029e-03,1.000000000000000000e+00,1.000000000000000000e+00,2.048286280958434001e-04,4.875174466850055273e-04,-6.077750950004841106e-03,-1.676516048075931548e-02,4.196758352074109188e-02,1.820601294832234832e-03,1.244925891193428835e-01,-9.323180954152613178e-04,2.319141249869207451e-04,5.414801892689748413e-04,-9.526476165629414782e-05,-1.327278558550905666e-02
6.235000000000000542e-01,0.000000000000000000e+00,1.443023015936521943e-03,1.956052152273477472e-03,1.447603141309006594e-03,1.977701013917941564e-03,1.000000000000000000e+00,1.000000000000000000e+00,2.018355217901669633e-04,4.792339704552946535e-04,-5.986212611352874011e-03,-1.656695245942177430e-02,4.259407392944405957e-02,2.706380119670954987e-03,1.264335329229526739e-01,1.831540706221317094e-03,2.319141249869207451e-04,5.414801892689748413e-04,-9.526476165629414782e-05,-1.327278558550905666e-02
6.239999999999999991e-01,0.000000000000000000e+00,1.439206676415372664e-03,1.947895251876339499e-03,1.451240340871981591e-03,1.974867291349957556e-03,1.000000000000000000e+00,1.000000000000000000e+00,1.989120361069350508e-04,4.710770700581567343e-04,-5.846971366463822248e-03,-1.631380079427579427e-02,4.144853504460385002e-02,2.064858447638283356e-03,1.215233723484497042e-01,-1.307192925384337290e-03,2.111988491519190881e-04,5.026844374200943816e-04,-6.602314296263393778e-03,-1.715651361158165855e-02
6.245000000000000551e-01,0.000000000000000000e+00,1.435423203709864856e-03,1.939844329459938527e-03,1.454877701392803032e-03,1.972030709207579433e-03,1.000000000000000000e+00,1.000000000000000000e+00,1.960137278651885400e-04,4.630261476417559256e-04,-5.796616483493008745e-03,-1.610184483280158868e-02,4.224683373456331742e-02,2.721137368238569186e-03,1.256281868311630578e-01,1.880368932253801383e-03,2.111988491519190881e-04,5.026844374200943816e-04,-6.602314296263393778e-03,-1.715651361158165855e-02
6.250000000000000000e-01,0.000000000000000000e+00,1.431712639936618368e-03,1.931919577515633663e-03,1.458514816645098064e-03,1.969190791776043604e-03,1.000000000000000000e+00,1.000000000000000000e+00,1.931712711058545737e-04,4.551013956974510615e-04,-5.684913518667929558e-03,-1.584950388860974224e-02,4.303679030859308696e-02,3.372944126385308584e-03,1.280736242940306302e-01,3.960049911532345472e-03,2.111988491519190881e-04,5.026844374200943816e-04,-6.602314296263393778e-03,-1.715651361158165855e-02
6.255000000000000560e-01,0.000000000000000000e+00,1.428114135394293509e-03,1.924140799656411799e-03,1.462151424745586218e-03,1.966347238892337569e-03,1.000000000000000000e+00,1.000000000000000000e+00,1.904146566976681648e-04,4.473226178382291971e-04,-5.513228816372842817e-03,-1.555755571844370799e-02,4.381859056228624982e-02,4.020364849501916089e-03,1.305261830903110543e-01,6.043548598473624973e-03,2.111988491519190881e-04,5.026844374200943816e-04,-6.602314296263393778e-03,-1.715651361158165855e-02
6.260000000000000009e-01,0.000000000000000000e+00,1.424665963803510831e-03,1.916527415585471536e-03,1.465787393368467003e-03,1.963499907843908182e-03,1.000000000000000000e+00,1.000000000000000000e+00,1.877732040116283300e-04,4.397092337672888255e-04,-5.282905372079675296e-03,-1.522676814188069980e-02,4.459074275205532345e-02,4.456172742163341631e-03,1.329792019518842017e-01,7.325662769435475549e-03,1.987051272959879350e-04,4.670119513411217431e-04,-6.376932443583482532e-03,-1.758750876156670723e-02
6.265000000000000568e-01,0.000000000000000000e+00,1.421405453423002204e-03,1.909091986470662014e-03,1.469422704353311746e-03,1.960648794531777775e-03,1.000000000000000000e+00,1.000000000000000000e+00,1.852755081529080074e-04,4.322738046524792497e-04,-4.995391717440641685e-03,-1.487085822961919934e-02,4.532723475352786607e-02,5.146493887168914969e-03,1.353321670955206779e-01,9.787669796220848512e-03,1.987051272959879350e-04,4.670119513411217431e-04,-6.376932443583482532e-03,-1.758750876156670723e-02
6.270000000000000018e-01,0.000000000000000000e+00,1.418367690584900701e-03,1.901854862074106893e-03,1.473057438312933096e-03,1.957794014633664620e-03,1.000000000000000000e+00,1.000000000000000000e+00,1.829484468112669649e-04,4.250366802559242909e-04,-4.654122683282069933e-03,-1.447424879310996171e-02,4.605641709519942700e-02,5.832308037941247823e-03,1.377155739271612167e-01,1.203240895677021305e-02,1.987051272959879350e-04,4.670119513411217431e-04,-6.376932443583482532e-03,-1.758750876156670723e-02
6.275000000000000577e-01,0.000000000000000000e+00,1.415586962168071490e-03,1.894835992184148738e-03,1.476691759241270793e-03,1.954935784767092982e-03,1.000000000000000000e+00,1.000000000000000000e+00,1.808182852597318405e-04,4.180178103659660822e-04,-4.260323103070266619e-03,-1.403773977991643919e-02,4.677845632999979436e-02,6.513703779276403850e-03,1.401052207253780935e-01,1.428099555949075700e-02,1.987051272959879350e-04,4.670119513411217431e-04,-6.376932443583482532e-03,-1.758750876156670723e-02
6.280000000000000027e-01,0.000000000000000000e+00,1.413096769351328708e-03,1.888054931773180435e-03,1.480325899121263770e-03,1.952074403652515749e-03,1.000000000000000000e+00,1.000000000000000000e+00,1.789106868901712947e-04,4.112367499549977250e-04,-3.815196739121086249e-03,-1.356212082193676040e-02,4.763425813505611783e-02,7.396369475405117910e-03,1.430475593913348442e-01,1.733183812615398181e-02,1.863833311382762851e-04,4.383531331059930744e-04,-6.239951816284847533e-03,-1.552164977843908597e-02
6.285000000000000586e-01,0.000000000000000000e+00,1.410936892428943249e-03,1.881537272175741980e-03,1.483960142532734627e-03,1.949210233276421882e-03,1.000000000000000000e+00,1.000000000000000000e+00,1.772561251759570140e-04,4.047190903575592158e-04,-3.309123428428587931e-03,-1.303531919487703125e-02,4.847879342827485921e-02,7.764268825317182168e-03,1.458641410578509212e-01,1.823369899917559947e-02,1.863833311382762851e-04,4.383531331059930744e-04,-6.239951816284847533e-03,-1.552164977843908597e-02
6.290000000000000036e-01,0.000000000000000000e+00,1.409146047224530719e-03,1.875292188232282600e-03,1.487594811260261945e-03,1.946343680054460346e-03,1.000000000000000000e+00,1.000000000000000000e+00,1.758842581586304442e-04,3.984740064140999982e-04,-2.743734034653144346e-03,-1.249016788691846569e-02,4.931526291688134028e-02,8.130136163614331765e-03,1.486903404985470689e-01,1.957499547966557243e-02,1.863833311382762851e-04,4.383531331059930744e-04,-6.239951816284847533e-03,-1.552164977843908597e-02
6.295000000000000595e-01,0.000000000000000000e+00,1.407762053437097748e-03,1.869328653685923495e-03,1.491230248901065413e-03,1.943475175994548642e-03,1.000000000000000000e+00,1.000000000000000000e+00,1.748240574084563442e-04,3.925104718677407305e-04,-2.120401500348215174e-03,-1.192706909271851884e-02,5.014385329368810373e-02,8.494016028630502549e-03,1.515234253966465106e-01,2.091802660785532092e-02,1.863833311382762851e-04,4.383531331059930744e-04,-6.239951816284847533e-03,-1.552164977843908597e-02
6.300000000000000044e-01,0.000000000000000000e+00,1.406821850126844945e-03,1.863655443895473850e-03,1.494866805472877275e-03,1.940605159859995011e-03,1.000000000000000000e+00,1.000000000000000000e+00,1.741038198872350590e-04,3.868372620772911395e-04,-1.440475042442563658e-03,-1.134641958089917940e-02,5.052496474312268698e-02,9.753889946334734495e-03,1.526552674944239574e-01,2.575003895178393232e-02,1.860867757313127021e-04,4.126916056240473546e-04,-2.377411973040257157e-03,-1.381544318549295450e-02
6.305000000000000604e-01,0.000000000000000000e+00,1.406339477494771310e-03,1.858309203622706416e-03,1.498504822021826804e-03,1.937734058332606741e-03,1.000000000000000000e+00,1.000000000000000000e+00,1.737343010129223928e-04,3.814910218045238139e-04,-7.390377486253215701e-04,-1.069248054553462168e-02,5.036150201069029830e-02,9.778999811201727344e-03,1.520655233348246760e-01,2.505329216230953865e-02,1.860867757313127021e-04,4.126916056240473546e-04,-2.377411973040257157e-03,-1.381544318549295450e-02
6.310000000000000053e-01,0.000000000000000000e+00,1.406301477013394922e-03,1.853287521821516673e-03,1.502144615295815779e-03,1.934862267258080117e-03,1.000000000000000000e+00,1.000000000000000000e+00,1.737051909553281469e-04,3.764693400033340166e-04,-5.822011518850163554e-05,-1.004336360237964229e-02,5.026892438717778244e-02,9.707117734603235362e-03,1.522050649844542691e-01,2.503185686685486036e-02,1.860867757313127021e-04,4.126916056240473546e-04,-2.377411973040257157e-03,-1.381544318549295450e-02
6.315000000000000613e-01,0.000000000000000000e+00,1.406698047666179010e-03,1.848584947195436139e-03,1.505786464527694365e-03,1.931990135541118443e-03,1.000000000000000000e+00,1.000000000000000000e+00,1.740089817001974973e-04,3.717667653772535369e-04,6.075814897387004894e-04,-9.405149252160958581e-03,5.017838864414213285e-02,9.636442992105070243e-03,1.522840948288199658e-01,2.509321974387334481e-02,1.860867757313127021e-04,4.126916056240473546e-04,-2.377411973040257157e-03,-1.381544318549295450e-02
6.320000000000000062e-01,0.000000000000000000e+00,1.407519555433363019e-03,1.844196093392628470e-03,1.509430604319621661e-03,1.929117956703231117e-03,1.000000000000000000e+00,1.000000000000000000e+00,1.746382931602278817e-04,3.673779115744458135e-04,1.258622920060749849e-03,-8.777707605615393816e-03,4.970012037287242779e-02,9.325218506786036449e-03,1.508477653097594073e-01,2.421470546068966653e-02,1.790050362033945418e-04,3.816364140912689002e-04,-3.115124133957125271e-03,-1.490106553477894488e-02
6.325000000000000622e-01,0.000000000000000000e+00,1.408737004459199686e-03,1.840108082727043119e-03,1.513077220261274973e-03,1.926245963874018835e-03,1.000000000000000000e+00,1.000000000000000000e+00,1.755709132212506288e-04,3.632899009088605175e-04,1.865240122045502390e-03,-8.176021331170619036e-03,4.961763252857546991e-02,9.258588819602574932e-03,1.512560439586316807e-01,2.448038545661472554e-02,1.790050362033945418e-04,3.816364140912689002e-04,-3.115124133957125271e-03,-1.490106553477894488e-02
6.330000000000000071e-01,0.000000000000000000e+00,1.410341520049445199e-03,1.836315797973461436e-03,1.516726444676634849e-03,1.923374324943971734e-03,1.000000000000000000e+00,1.000000000000000000e+00,1.768000434730560347e-04,3.594976161552787259e-04,2.458260503610824356e-03,-7.584569507163623804e-03,4.953699358075230180e-02,9.193092477586071315e-03,1.513264605587722744e-01,2.453726457716735518e-02,1.790050362033945418e-04,3.816364140912689002e-04,-3.115124133957125271e-03,-1.490106553477894488e-02
6.335000000000000631e-01,0.000000000000000000e+00,1.412324379452495424e-03,1.832814183304999752e-03,1.520378352370781389e-03,1.920503137717251936e-03,1.000000000000000000e+00,1.000000000000000000e+00,1.783190019002488095e-04,3.559960014868171507e-04,3.037916854385559143e-03,-7.003229336923149674e-03,4.945817187465492704e-02,9.128715882447607094e-03,1.513952988293443824e-01,2.459317620591408918e-02,1.790050362033945418e-04,3.816364140912689002e-04,-3.115124133957125271e-03,-1.490106553477894488e-02
6.340000000000000080e-01,0.000000000000000000e+00,1.414677009495600522e-03,1.829598243727350790e-03,1.524032956376677756e-03,1.917632425064488225e-03,1.000000000000000000e+00,1.000000000000000000e+00,1.801212210714842445e-04,3.527800619091682422e-04,3.604438342470877351e-03,-6.431879155297796045e-03,5.008487468719180491e-02,9.398712441306029952e-03,1.541956668496988481e-01,2.594242731176082950e-02,1.737955278430905514e-04,3.657786493778062277e-04,-2.791514524371473908e-03,-1.048022245930839771e-02
6.345000000000000639e-01,0.000000000000000000e+00,1.417426242067181246e-03,1.826673460796253163e-03,1.527690203701967571e-03,1.914762130075562709e-03,1.000000000000000000e+00,1.000000000000000000e+00,1.822272554057852818e-04,3.498552789780705070e-04,4.212068668602068043e-03,-5.849565862195473150e-03,5.062834942661749438e-02,8.413110668941372466e-03,1.560922366056426425e-01,2.213463479866148095e-02,1.737955278430905514e-04,3.657786493778062277e-04,-2.791514524371473908e-03,-1.048022245930839771e-02
6.350000000000000089e-01,0.000000000000000000e+00,1.420594382305915507e-03,1.824005975505781476e-03,1.531349971075760159e-03,1.911892111212404408e-03,1.000000000000000000e+00,1.000000000000000000e+00,1.846541916306893960e-04,3.471877936875988196e-04,4.853872449808219712e-03,-5.334970580943346023e-03,5.090395296047126039e-02,7.822262860920125085e-03,1.570375811061021087e-01,2.090266360868757792e-02,1.737955278430905514e-04,3.657786493778062277e-04,-2.791514524371473908e-03,-1.048022245930839771e-02
6.355000000000000648e-01,0.000000000000000000e+00,1.424190007952500078e-03,1.821574631451757485e-03,1.535012060695425127e-03,1.909022137461773971e-03,1.000000000000000000e+00,1.000000000000000000e+00,1.874086006767915560e-04,3.447564496335749377e-04,5.508818092204330504e-03,-4.862688108047712697e-03,5.081489341188578923e-02,7.769963124715731188e-03,1.568023093032548942e-01,2.140704694172289660e-02,1.737955278430905514e-04,3.657786493778062277e-04,-2.791514524371473908e-03,-1.048022245930839771e-02
6.360000000000000098e-01,0.000000000000000000e+00,1.428203278654202428e-03,1.819375323820504294e-03,1.538676195973378690e-03,1.906151883488059430e-03,1.000000000000000000e+00,1.000000000000000000e+00,1.904829443965629424e-04,3.425571420023216921e-04,6.148687439542785751e-03,-4.398615262506455625e-03,5.166743084637726025e-02,9.166821391558914109e-03,1.605272169568917606e-01,2.707619988322595983e-02,1.847368252610722761e-04,3.507146641232115739e-04,2.447264518844281117e-03,-8.610842222888447778e-03
6.365000000000000657e-01,0.000000000000000000e+00,1.432671595829748982e-03,1.817449262756958396e-03,1.542342017283878470e-03,1.903280924786059179e-03,1.000000000000000000e+00,1.000000000000000000e+00,1.939058739389834312e-04,3.406310809387756862e-04,6.845859084840960791e-03,-3.852122127092062493e-03,5.119879089042445042e-02,9.698294738828709682e-03,1.583475777704413390e-01,2.818284952454537529e-02,1.847368252610722761e-04,3.507146641232115739e-04,2.447264518844281117e-03,-8.610842222888447778e-03
6.370000000000000107e-01,0.000000000000000000e+00,1.437565682453790768e-03,1.815810100573639861e-03,1.546009077709809172e-03,1.900408732833779469e-03,1.000000000000000000e+00,1.000000000000000000e+00,1.976549618014735495e-04,3.389919187554572052e-04,7.498175724980250464e-03,-3.278324366636933482e-03,5.111008883372696043e-02,9.634753376977014949e-03,1.587476371085111970e-01,2.772915181309387744e-02,1.847368252610722761e-04,3.507146641232115739e-04,2.447264518844281117e-03,-8.610842222888447778e-03
6.375000000000000666e-01,0.000000000000000000e+00,1.442875588827977843e-03,1.814452701082599345e-03,1.549676839090138782e-03,1.897534670599674081e-03,1.000000000000000000e+00,1.000000000000000000e+00,2.017225860729016530e-04,3.376345192644167976e-04,8.135248542856221218e-03,-2.714798982080838564e-03,5.102345963291491510e-02,9.572349560091612808e-03,1.588233585352420429e-01,2.778339455283373310e-02,1.847368252610722761e-04,3.507146641232115739e-04,2.447264518844281117e-03,-8.610842222888447778e-03
6.380000000000000115e-01,0.000000000000000000e+00,1.448591537657369088e-03,1.813371991429024634e-03,1.553344675149212484e-03,1.894657996398960847e-03,1.000000000000000000e+00,1.000000000000000000e+00,2.061012569108091794e-04,3.365538096108418699e-04,8.757341675815037696e-03,-2.161419307149847150e-03,5.141212737344435374e-02,9.615154395150291716e-03,1.607352915446624564e-01,2.824089752026223005e-02,1.890541162257226458e-04,3.456474921453101066e-04,2.264260223566754663e-03,-4.757444305252683803e-03
6.385000000000000675e-01,0.000000000000000000e+00,1.454727632027266737e-03,1.812566214679650622e-03,1.557011891514434613e-03,1.891777887660252896e-03,1.000000000000000000e+00,1.000000000000000000e+00,2.108017779053228836e-04,3.357480328614680749e-04,9.401041989027428269e-03,-1.611553498747643606e-03,5.183771134910495487e-02,8.533215090814543630e-03,1.623962632893623526e-01,2.423895263546804388e-02,1.890541162257226458e-04,3.456474921453101066e-04,2.264260223566754663e-03,-4.757444305252683803e-03
6.390000000000000124e-01,0.000000000000000000e+00,1.461299612931230615e-03,1.811998449204258420e-03,1.560677751981762347e-03,1.888893472057999023e-03,1.000000000000000000e+00,1.000000000000000000e+00,2.158362073570884343e-04,3.351802673860757096e-04,1.006885890353110061e-02,-1.135530950784740048e-03,5.226001594784419196e-02,7.459453060172161962e-03,1.640257211087065847e-01,2.119715720056282102e-02,1.890541162257226458e-04,3.456474921453101066e-04,2.264260223566754663e-03,-4.757444305252683803e-03
6.395000000000000684e-01,0.000000000000000000e+00,1.468322824611458747e-03,1.811632431291333896e-03,1.564341504998261866e-03,1.886003858900798819e-03,1.000000000000000000e+00,1.000000000000000000e+00,2.212162996375756200e-04,3.348142494731513484e-04,1.076018456097435454e-02,-7.320358258487713338e-04,5.267912382627799178e-02,6.393722589686221848e-03,1.656579784020260349e-01,1.814838115152210551e-02,1.890541162257226458e-04,3.456474921453101066e-04,2.264260223566754663e-03,-4.757444305252683803e-03
6.400000000000000133e-01,0.000000000000000000e+00,1.475812221573724169e-03,1.811432547054858851e-03,1.568002410144648910e-03,1.883108170519727986e-03,1.000000000000000000e+00,1.000000000000000000e+00,2.269535105628311153e-04,3.346143652366762489e-04,1.147442185051101779e-02,-3.997684729502126830e-04,5.343610278177945982e-02,5.409215463054787426e-03,1.686172407476826673e-01,1.537755984541754224e-02,1.993296999960449492e-04,3.384728471367170382e-04,4.086276688696727916e-03,-4.015506704200918348e-03
6.404999999999999583e-01,0.000000000000000000e+00,1.483799459170059018e-03,1.811366116530134952e-03,1.571659764617839737e-03,1.880205573656649337e-03,1.000000000000000000e+00,1.000000000000000000e+00,2.330720895393743625e-04,3.345479347119522415e-04,1.223715795308649712e-02,-1.328610494480103707e-04,5.334024253725268283e-02,5.349752423226049845e-03,1.680015504337538379e-01,1.610184908446069679e-02,1.993296999960449492e-04,3.384728471367170382e-04,4.086276688696727916e-03,-4.015506704200918348e-03
6.410000000000000142e-01,0.000000000000000000e+00,1.492273040357622316e-03,1.811429736939717617e-03,1.575312929713498181e-03,1.877295310852535731e-03,1.000000000000000000e+00,1.000000000000000000e+00,2.395632293214248153e-04,3.346115551215349065e-04,1.298227956410089208e-02,1.272408191652908108e-04,5.323892085492887283e-02,5.320949196565229536e-03,1.680833825214481658e-01,1.615261032248859960e-02,1.993296999960449492e-04,3.384728471367170382e-04,4.086276688696727916e-03,-4.015506704200918348e-03
6.414999999999999591e-01,0.000000000000000000e+00,1.501221273020296107e-03,1.811620988603798981e-03,1.578961357308577944e-03,1.874376731835788231e-03,1.000000000000000000e+00,1.000000000000000000e+00,2.464179732284018623e-04,3.348028067856163251e-04,1.370948781395406844e-02,3.825033281628055439e-04,5.314003503255344124e-02,5.292681872136292473e-03,1.681698768219185014e-01,1.617719849438012392e-02,1.993296999960449492e-04,3.384728471367170382e-04,4.086276688696727916e-03,-4.015506704200918348e-03
6.420000000000000151e-01,0.000000000000000000e+00,1.510632669222935999e-03,1.811937482258222298e-03,1.582604616343878104e-03,1.871449324910551878e-03,1.000000000000000000e+00,1.000000000000000000e+00,2.536275209914251615e-04,3.351193004400395878e-04,1.441909552604663317e-02,6.329873088464887509e-04,5.456769771088087334e-02,5.494067620521363507e-03,1.741735927244037752e-01,1.709116861513761132e-02,2.334860860133363802e-04,3.362143735842131964e-04,1.232404409001486463e-02,-2.185413303171649876e-03
6.424999999999999600e-01,0.000000000000000000e+00,1.520572303298448188e-03,1.812384020044868109e-03,1.586242419306583239e-03,1.868512748345042959e-03,1.000000000000000000e+00,1.000000000000000000e+00,2.612417224416072980e-04,3.355658382266853992e-04,1.522840290036430767e-02,8.930755732916317337e-04,5.351282433510659575e-02,5.159493399799833235e-03,1.692854793791490897e-01,1.573173706176774281e-02,2.334860860133363802e-04,3.362143735842131964e-04,1.232404409001486463e-02,-2.185413303171649876e-03
6.430000000000000160e-01,0.000000000000000000e+00,1.530980056140634387e-03,1.812948582057086113e-03,1.589874648712813303e-03,1.865566861759851338e-03,1.000000000000000000e+00,1.000000000000000000e+00,2.692145236717197990e-04,3.361304002389035655e-04,1.594560246022498975e-02,1.129124024436311494e-03,5.247047578558616809e-02,4.827581306017521279e-03,1.665166085737654067e-01,1.482983327091395159e-02,2.334860860133363802e-04,3.362143735842131964e-04,1.232404409001486463e-02,-2.185413303171649876e-03
6.434999999999999609e-01,0.000000000000000000e+00,1.541797082134029094e-03,1.813619357978892878e-03,1.593501383590012390e-03,1.862611757516092949e-03,1.000000000000000000e+00,1.000000000000000000e+00,2.775008463250333525e-04,3.368011761607103303e-04,1.657264530662712343e-02,1.341551843613483178e-03,5.144038675148628753e-02,4.498284919765724484e-03,1.637370458211055702e-01,1.392565692790657256e-02,2.334860860133363802e-04,3.362143735842131964e-04,1.232404409001486463e-02,-2.185413303171649876e-03
6.440000000000000169e-01,0.000000000000000000e+00,1.552965787725051538e-03,1.814384744535988683e-03,1.597122924517391327e-03,1.859647790417065429e-03,1.000000000000000000e+00,1.000000000000000000e+00,2.860565711798679161e-04,3.375665627178059728e-04,1.711144970966909512e-02,1.530773114191312902e-03,5.023487306650328832e-02,4.046627067434940134e-03,1.602191290949595837e-01,1.253405685295400952e-02,2.551787876243741975e-04,3.314794816428359410e-04,1.138708504037288551e-02,-2.300834518758130068e-03
6.444999999999999618e-01,0.000000000000000000e+00,1.564420420278542397e-03,1.815229438233487060e-03,1.600739797029685201e-03,1.856675582104260532e-03,1.000000000000000000e+00,1.000000000000000000e+00,2.948313287954392901e-04,3.384112564153042959e-04,1.754951523114273854e-02,1.689387394996675652e-03,4.924832222920091235e-02,3.649785315893820659e-03,1.576481425177425344e-01,1.144663588227374552e-02,2.551787876243741975e-04,3.314794816428359410e-04,1.138708504037288551e-02,-2.300834518758130068e-03
6.450000000000000178e-01,0.000000000000000000e+00,1.576106929507666010e-03,1.816140017813961836e-03,1.604352716904566822e-03,1.853695980873513744e-03,1.000000000000000000e+00,1.000000000000000000e+00,3.037837142498681412e-04,3.393218359957791801e-04,1.790477090885771866e-02,1.821159160949811133e-03,4.827303187952709101e-02,3.255916057566828233e-03,1.548902360443614179e-01,1.031242058106547621e-02,2.551787876243741975e-04,3.314794816428359410e-04,1.138708504037288551e-02,-2.300834518758130068e-03
6.454999999999999627e-01,0.000000000000000000e+00,1.587972431487622753e-03,1.817103303516982848e-03,1.607962545165035400e-03,1.850710009462100793e-03,1.000000000000000000e+00,1.000000000000000000e+00,3.128732161064311690e-04,3.402851216988001383e-04,1.817900371312604346e-02,1.926571406041887148e-03,4.730875902514931897e-02,2.864965806542934135e-03,1.521227169394285539e-01,9.175667780327866757e-03,2.551787876243741975e-04,3.314794816428359410e-04,1.138708504037288551e-02,-2.300834518758130068e-03
6.460000000000000187e-01,0.000000000000000000e+00,1.599965188914766277e-03,1.818106354093521320e-03,1.611570242877214537e-03,1.847718812596519950e-03,1.000000000000000000e+00,1.000000000000000000e+00,3.220602012911682934e-04,3.412881722753387183e-04,1.837397036947423234e-02,2.006101153077147897e-03,4.721538932385363485e-02,3.337459619927186059e-03,1.526862241782047380e-01,1.137861531666086237e-02,2.840629022508879531e-04,3.404235574600661353e-04,1.332414731677102407e-02,1.993631849519762744e-03
6.464999999999999636e-01,0.000000000000000000e+00,1.612077684540207459e-03,1.819163361270547275e-03,1.615176825948128753e-03,1.844723604540276715e-03,1.000000000000000000e+00,1.000000000000000000e+00,3.313389112573406135e-04,3.423451794523646734e-04,1.855741993234467577e-02,2.114014354051919724e-03,4.648142215676752398e-02,2.499964696461901524e-03,1.500123308016666768e-01,7.769130489659783166e-03,2.840629022508879531e-04,3.404235574600661353e-04,1.332414731677102407e-02,1.993631849519762744e-03
6.470000000000000195e-01,0.000000000000000000e+00,1.624270380548042654e-03,1.820247401848242063e-03,1.618783319923500393e-03,1.841725616641668069e-03,1.000000000000000000e+00,1.000000000000000000e+00,3.406790582807816582e-04,3.434292200300594609e-04,1.868029404688211978e-02,2.168081155389592340e-03,4.575569204285753755e-02,1.668432629249381408e-03,1.478852900672859849e-01,5.277931076196422031e-03,2.840629022508879531e-04,3.404235574600661353e-04,1.332414731677102407e-02,1.993631849519762744e-03
6.474999999999999645e-01,0.000000000000000000e+00,1.636504602454320802e-03,1.821332048991905960e-03,1.622390714785528322e-03,1.838726044881570411e-03,1.000000000000000000e+00,1.000000000000000000e+00,3.500510159879703740e-04,3.445138671737233045e-04,1.874391541437742809e-02,2.169294287327679441e-03,4.503801912112113948e-02,8.427534850769321942e-04,1.457512176873970722e-01,2.781641408914141758e-03,2.840629022508879531e-04,3.404235574600661353e-04,1.332414731677102407e-02,1.993631849519762744e-03
6.480000000000000204e-01,0.000000000000000000e+00,1.648742524441739517e-03,1.822391366020365737e-03,1.625999919750682667e-03,1.835725997421216657e-03,1.000000000000000000e+00,1.000000000000000000e+00,3.594258081217562213e-04,3.455731842021830271e-04,1.874958426757168672e-02,2.118634056919470321e-03,4.513346172709155335e-02,5.711373627088361547e-04,1.467375269742684785e-01,2.409838745318030467e-03,3.190965855618246643e-04,3.489606931704571156e-04,1.598260353650347854e-02,3.436097549430765577e-03
6.484999999999999654e-01,0.000000000000000000e+00,1.660987497791687698e-03,1.823417037991966264e-03,1.629611718067485891e-03,1.832726442149990899e-03,1.000000000000000000e+00,1.000000000000000000e+00,3.688060019126239821e-04,3.465988561737834992e-04,1.876038758173553117e-02,2.051343943200944174e-03,4.436050032925824976e-02,-1.576624178999630975e-04,1.436598371271293750e-01,-2.176435843219933549e-04,3.190965855618246643e-04,3.489606931704571156e-04,1.598260353650347854e-02,3.436097549430765577e-03
6.490000000000000213e-01,0.000000000000000000e+00,1.673199326341526065e-03,1.824386561157636741e-03,1.633226721814303849e-03,1.829728154233201814e-03,1.000000000000000000e+00,1.000000000000000000e+00,3.781608053135491880e-04,3.475683793394540849e-04,1.870960680185036751e-02,1.939046331341128622e-03,4.359591314030734216e-02,-8.814781467704511453e-04,1.413234693258934305e-01,-2.454846362743924419e-03,3.190965855618246643e-04,3.489606931704571156e-04,1.598260353650347854e-02,3.436097549430765577e-03
6.494999999999999662e-01,0.000000000000000000e+00,1.685338704637544694e-03,1.825277855582400650e-03,1.636845326697130990e-03,1.826731663659877979e-03,1.000000000000000000e+00,1.000000000000000000e+00,3.874601086001333962e-04,3.484596737642179937e-04,1.859860657316840180e-02,1.782588849527867204e-03,4.283951459569383668e-02,-1.600403688767763552e-03,1.389799527947641333e-01,-4.696303828402846083e-03,3.190965855618246643e-04,3.489606931704571156e-04,1.598260353650347854e-02,3.436097549430765577e-03
6.500000000000000222e-01,0.000000000000000000e+00,1.697367202737105505e-03,1.826069259786799754e-03,1.640467666858043665e-03,1.823737202802619287e-03,1.000000000000000000e+00,1.000000000000000000e+00,3.966744727283692167e-04,3.492510779686171522e-04,1.842872825647166174e-02,1.582808408798327222e-03,4.298994326658765741e-02,-3.042557506560486687e-03,1.401201612831702581e-01,-9.769340709319373692e-03,3.617672754466620959e-04,3.415045973154130754e-04,1.937660928403337618e-02,-1.106462810023132234e-03
6.504999999999999671e-01,0.000000000000000000e+00,1.709292282835330086e-03,1.826716770943496038e-03,1.644093574814832134e-03,1.820744659787906609e-03,1.000000000000000000e+00,1.000000000000000000e+00,4.058096140713628001e-04,3.498985891253133824e-04,1.827028268598716518e-02,1.295022313392491485e-03,4.203710611109909290e-02,-3.099894476606975847e-03,1.362075752715828092e-01,-8.884676622897132517e-03,3.617672754466620959e-04,3.415045973154130754e-04,1.937660928403337618e-02,-1.106462810023132234e-03
6.510000000000000231e-01,0.000000000000000000e+00,1.721066057656915962e-03,1.827220196746761087e-03,1.647722586337834957e-03,1.817753582752317399e-03,1.000000000000000000e+00,1.000000000000000000e+00,4.148288488479729298e-04,3.504020149285784307e-04,1.803846955322023493e-02,1.006851606530082032e-03,4.109424548122538046e-02,-3.157188855452490537e-03,1.332368035261739247e-01,-9.182175739633615524e-03,3.617672754466620959e-04,3.415045973154130754e-04,1.937660928403337618e-02,-1.106462810023132234e-03
6.514999999999999680e-01,0.000000000000000000e+00,1.732641713740375438e-03,1.827579364793428720e-03,1.651353998461612370e-03,1.814763244267515122e-03,1.000000000000000000e+00,1.000000000000000000e+00,4.236963158661635103e-04,3.507611829752461724e-04,1.773493403638121482e-02,7.183360933354502372e-04,4.016113766553264242e-02,-3.214445051046981982e-03,1.302575152166457473e-01,-9.479711214788653917e-03,3.617672754466620959e-04,3.415045973154130754e-04,1.937660928403337618e-02,-1.106462810023132234e-03
6.520000000000000240e-01,0.000000000000000000e+00,1.743973493051061141e-03,1.827794122233245000e-03,1.654986936655234928e-03,1.811772716136239407e-03,1.000000000000000000e+00,1.000000000000000000e+00,4.323769624377647876e-04,3.509759404150624524e-04,1.736129314320252609e-02,4.295148796325118303e-04,3.885611377355081830e-02,-2.825419841678313872e-03,1.257884829309648955e-01,-8.044205370857116302e-03,3.931150815003185174e-04,3.505301085413557467e-04,1.702883916674700210e-02,2.456507671456376746e-03
6.524999999999999689e-01,0.000000000000000000e+00,1.754997564005672788e-03,1.827878282921922880e-03,1.658620422060376421e-03,1.808780944265094134e-03,1.000000000000000000e+00,1.000000000000000000e+00,4.408218907330942573e-04,3.510601011037402241e-04,1.688985659065892278e-02,1.683213773555686439e-04,3.814669228805199486e-02,-3.529520312343818744e-03,1.238984121575413266e-01,-1.122311924980758970e-02,3.931150815003185174e-04,3.505301085413557467e-04,1.702883916674700210e-02,2.456507671456376746e-03
6.530000000000000249e-01,0.000000000000000000e+00,1.765680712250674179e-03,1.827811349175437194e-03,1.662253438729416766e-03,1.805786823537328806e-03,1.000000000000000000e+00,1.000000000000000000e+00,4.490056570811939681e-04,3.509931673572546469e-04,1.636753269619937307e-02,-1.338674929711598490e-04,3.744419046642508825e-02,-4.229081027550140107e-03,1.214998992390046023e-01,-1.346887510322756359e-02,3.931150815003185174e-04,3.505301085413557467e-04,1.702883916674700210e-02,2.456507671456376746e-03
6.534999999999999698e-01,0.000000000000000000e+00,1.775990494977289051e-03,1.827573220675193051e-03,1.665885000863536001e-03,1.802789272685631841e-03,1.000000000000000000e+00,1.000000000000000000e+00,4.569034088486812416e-04,3.507550388570104490e-04,1.579550353497457399e-02,-4.762570004884118325e-04,3.674844757001864692e-02,-4.924189994404625306e-03,1.190954792779438248e-01,-1.571850636577756810e-02,3.931150815003185174e-04,3.505301085413557467e-04,1.702883916674700210e-02,2.456507671456376746e-03
6.540000000000000258e-01,0.000000000000000000e+00,1.785895227575033705e-03,1.827144189375643369e-03,1.669514220050819561e-03,1.799787309164908042e-03,1.000000000000000000e+00,1.000000000000000000e+00,4.644908742157630058e-04,3.503260075574606588e-04,1.517493073416354213e-02,-8.580625990996326811e-04,3.659415475752796770e-02,-5.334011701252546964e-03,1.187624617865630783e-01,-1.688093076468696538e-02,4.333305416553403719e-04,3.548157498637777036e-04,1.898106750260541292e-02,2.257608558840583975e-03
6.544999999999999707e-01,0.000000000000000000e+00,1.795390766826023259e-03,1.826513714710863504e-03,1.673140372504349025e-03,1.796780124025073189e-03,1.000000000000000000e+00,1.000000000000000000e+00,4.717648792934017125e-04,3.496955328926807391e-04,1.454801015527744726e-02,-1.260949329559887117e-03,3.576072921015323314e-02,-5.698020082490426637e-03,1.153263567162435693e-01,-1.811803654150851567e-02,4.333305416553403719e-04,3.548157498637777036e-04,1.898106750260541292e-02,2.257608558840583975e-03
6.550000000000000266e-01,0.000000000000000000e+00,1.804439039033327915e-03,1.825672833416399016e-03,1.676762966300307609e-03,1.793767156783831942e-03,1.000000000000000000e+00,1.000000000000000000e+00,4.786962579376351982e-04,3.488546515982163059e-04,1.386275728846698627e-02,-1.681762588928873607e-03,3.493523569086481873e-02,-6.060043311225740692e-03,1.124700003184990887e-01,-1.939425133685382732e-02,4.333305416553403719e-04,3.548157498637777036e-04,1.898106750260541292e-02,2.257608558840583975e-03
6.554999999999999716e-01,0.000000000000000000e+00,1.813002861325437162e-03,1.824612772352121257e-03,1.680381808616074378e-03,1.790748170299471566e-03,1.000000000000000000e+00,1.000000000000000000e+00,4.852565264163639946e-04,3.477945905339384922e-04,1.312053695745764303e-02,-2.120122128555590978e-03,3.489017476911871612e-02,-6.076435173999011202e-03,1.126077232412014961e-01,-1.933739207893163392e-02,4.333305416553403719e-04,3.548157498637777036e-04,1.898106750260541292e-02,2.257608558840583975e-03
6.560000000000000275e-01,0.000000000000000000e+00,1.821084638357281255e-03,1.823335687972529352e-03,1.683997072968325404e-03,1.787723325643640485e-03,1.000000000000000000e+00,1.000000000000000000e+00,4.914475268021347917e-04,3.465175061543468047e-04,1.238200077154149106e-02,-2.554168759183423048e-03,3.381608254420435250e-02,-5.893100384543973128e-03,1.080847593684128027e-01,-1.879805927865677712e-02,4.626277112352793447e-04,3.498526233262538366e-04,1.623397585130491316e-02,-7.473519280679867668e-04
6.564999999999999725e-01,0.000000000000000000e+00,1.828635246251686690e-03,1.821849978731934208e-03,1.687609366227331518e-03,1.784693256729141158e-03,1.000000000000000000e+00,1.000000000000000000e+00,4.972316280218143456e-04,3.450317969137514976e-04,1.156820243935901410e-02,-2.971418481190639393e-03,3.392674289128082971e-02,-5.846894879057942807e-03,1.090016692884207550e-01,-1.895456491498357168e-02,4.626277112352793447e-04,3.498526233262538366e-04,1.623397585130491316e-02,-7.473519280679867668e-04
6.570000000000000284e-01,0.000000000000000000e+00,1.835665549530137320e-03,1.820159683095081814e-03,1.691219775889885209e-03,1.781659123326115486e-03,1.000000000000000000e+00,1.000000000000000000e+00,5.026171527817125360e-04,3.433415012768991584e-04,1.077104951979632012e-02,-3.380591273704637578e-03,3.403513979412929602e-02,-5.801583798637590869e-03,1.089072029403433950e-01,-1.899400872190853615e-02,4.626277112352793447e-04,3.498526233262538366e-04,1.623397585130491316e-02,-7.473519280679867668e-04
6.574999999999999734e-01,0.000000000000000000e+00,1.842186231970282390e-03,1.818268787806896596e-03,1.694829821402256669e-03,1.778622559038375807e-03,1.000000000000000000e+00,1.000000000000000000e+00,5.076122853303293011e-04,3.414506059887140480e-04,9.990265097233509348e-03,-3.781790576370217330e-03,3.414131090775273519e-02,-5.757155688557304835e-03,1.088146688048060029e-01,-1.903268899363940239e-02,4.626277112352793447e-04,3.498526233262538366e-04,1.623397585130491316e-02,-7.473519280679867668e-04
6.580000000000000293e-01,0.000000000000000000e+00,1.848207799382911142e-03,1.816181228399906455e-03,1.698441335855341121e-03,1.775585543055650025e-03,1.000000000000000000e+00,1.000000000000000000e+00,5.122250735856396934e-04,3.393630465817238533e-04,9.225576510620874665e-03,-4.175118813980345164e-03,3.368956496929298439e-02,-5.247037546325283158e-03,1.065657746331719474e-01,-1.725864849897481429e-02,4.923830542983859831e-04,3.419649917159245985e-04,1.537398574389014193e-02,-2.774129601028014862e-03
6.584999999999999742e-01,0.000000000000000000e+00,1.853712739951264305e-03,1.813915472115360840e-03,1.702056341171544977e-03,1.772550264781025788e-03,1.000000000000000000e+00,1.000000000000000000e+00,5.164421027177268884e-04,3.370972902971782381e-04,8.434058264174489061e-03,-4.531512569091261655e-03,3.365764074824750124e-02,-4.821503498999200020e-03,1.064094283097819643e-01,-1.619476059905932547e-02,4.923830542983859831e-04,3.419649917159245985e-04,1.537398574389014193e-02,-2.774129601028014862e-03
6.590000000000000302e-01,0.000000000000000000e+00,1.858704837430753733e-03,1.811487147979900549e-03,1.705676923285849404e-03,1.769518988451995040e-03,1.000000000000000000e+00,1.000000000000000000e+00,5.202662712513982102e-04,3.346689661617178926e-04,7.648337067342576671e-03,-4.856648270920665977e-03,3.376448316473856098e-02,-4.785498539229992264e-03,1.064366807507606538e-01,-1.655802213307286386e-02,4.923830542983859831e-04,3.419649917159245985e-04,1.537398574389014193e-02,-2.774129601028014862e-03
6.594999999999999751e-01,0.000000000000000000e+00,1.863194842031839528e-03,1.808899546959097469e-03,1.709305107326876058e-03,1.766493917761523518e-03,1.000000000000000000e+00,1.000000000000000000e+00,5.237058143256385651e-04,3.320813651409147043e-04,6.879086148480768013e-03,-5.175202041606375737e-03,3.386908595182199638e-02,-4.750222451020257725e-03,1.063454736185554944e-01,-1.658875813880505978e-02,4.923830542983859831e-04,3.419649917159245985e-04,1.537398574389014193e-02,-2.774129601028014862e-03
6.600000000000000311e-01,0.000000000000000000e+00,1.867193323678781759e-03,1.806155917028103887e-03,1.712942732797943703e-03,1.763477060479090759e-03,1.000000000000000000e+00,1.000000000000000000e+00,5.267688289721919387e-04,3.293377352099212852e-04,6.126029293106790424e-03,-5.487259861986808727e-03,3.289957838044928196e-02,-5.940841341635576256e-03,1.020932506740152151e-01,-2.137703791840220302e-02,5.064238737974207987e-04,3.352340415731034761e-04,1.007724473077163674e-02,-3.149083250579662492e-03
6.604999999999999760e-01,0.000000000000000000e+00,1.870656971399586692e-03,1.803221170650994454e-03,1.716591328758133080e-03,1.760470093071757423e-03,1.000000000000000000e+00,1.000000000000000000e+00,5.294221370616361165e-04,3.264029888328119069e-04,5.306616178888410272e-03,-5.869492754218748679e-03,3.331227394151290572e-02,-6.700547614099639469e-03,1.040909178339449459e-01,-2.347548172633284747e-02,5.064238737974207987e-04,3.352340415731034761e-04,1.007724473077163674e-02,-3.149083250579662492e-03
6.610000000000000320e-01,0.000000000000000000e+00,1.873612287862081588e-03,1.800074118157718450e-03,1.720251989003351986e-03,1.757474225325213971e-03,1.000000000000000000e+00,1.000000000000000000e+00,5.316860408153884681e-04,3.232559363395359027e-04,4.527807507504724889e-03,-6.294104986551959935e-03,3.341817639236992904e-02,-6.653526797078777866e-03,1.037386160063130947e-01,-2.282695062131522359e-02,5.064238737974207987e-04,3.352340415731034761e-04,1.007724473077163674e-02,-3.149083250579662492e-03
6.614999999999999769e-01,0.000000000000000000e+00,1.876070154634741291e-03,1.796719054650896012e-03,1.723925247247391247e-03,1.754490064964839540e-03,1.000000000000000000e+00,1.000000000000000000e+00,5.335688759985112491e-04,3.199008728327133017e-04,3.765670366245562565e-03,-6.710127013645175893e-03,3.352181184753905835e-02,-6.607457244383349235e-03,1.036482112854785337e-01,-2.286709042735165717e-02,5.064238737974207987e-04,3.352340415731034761e-04,1.007724473077163674e-02,-3.149083250579662492e-03
6.620000000000000329e-01,0.000000000000000000e+00,1.878041269574943530e-03,1.793160219140904014e-03,1.727610952302994357e-03,1.751517482276754734e-03,1.000000000000000000e+00,1.000000000000000000e+00,5.350788376452019282e-04,3.163420373227213579e-04,3.019923293381324321e-03,-7.117671019983847804e-03,3.400991106941474162e-02,-5.862542058298858029e-03,1.050615240880441587e-01,-2.018869297527770348e-02,5.326908793892366116e-04,3.302953029577870934e-04,1.201512228778272261e-02,-2.718097919137664898e-03
6.624999999999999778e-01,0.000000000000000000e+00,1.879555523246566502e-03,1.789423666918479048e-03,1.731308143262913013e-03,1.748555474728879632e-03,1.000000000000000000e+00,1.000000000000000000e+00,5.362388232558211237e-04,3.126054851002963374e-04,2.319971221238389253e-03,-7.473104444850062547e-03,3.410509059507499385e-02,-5.823181981595703348e-03,1.046448531466623311e-01,-2.082459751665903872e-02,5.326908793892366116e-04,3.302953029577870934e-04,1.201512228778272261e-02,-2.718097919137664898e-03
6.630000000000000338e-01,0.000000000000000000e+00,1.880622824879735677e-03,1.785513118279715957e-03,1.735014927189798897e-03,1.745602034301005140e-03,1.000000000000000000e+00,1.000000000000000000e+00,5.370564237410422031e-04,3.086949364615332466e-04,1.635200970442098056e-03,-7.821097277526195546e-03,3.419820569573825408e-02,-5.784645863076641123e-03,1.045636021616582478e-01,-2.085819765261037392e-02,5.326908793892366116e-04,3.302953029577870934e-04,1.201512228778272261e-02,-2.718097919137664898e-03
6.634999999999999787e-01,0.000000000000000000e+00,1.881252915723655248e-03,1.781432244234920160e-03,1.738728424779963522e-03,1.742654088212834121e-03,1.000000000000000000e+00,1.000000000000000000e+00,5.375391013306870776e-04,3.046140624167374493e-04,9.653551792896438843e-04,-8.161748089591559785e-03,3.428929136746462769e-02,-5.746922787097135527e-03,1.044841134943722549e-01,-2.089109440814879842e-02,5.326908793892366116e-04,3.302953029577870934e-04,1.201512228778272261e-02,-2.718097919137664898e-03
6.640000000000000346e-01,0.000000000000000000e+00,1.881455371648817383e-03,1.777184667006677116e-03,1.742444893055698513e-03,1.739707630806839982e-03,1.000000000000000000e+00,1.000000000000000000e+00,5.376941915671339198e-04,3.003664851884944062e-04,3.101804728936236348e-04,-8.495154456486089800e-03,3.288966380753987478e-02,-6.962031802819850998e-03,9.862468123855354374e-02,-2.578575577572373920e-02,5.327229209945015965e-04,3.208358670537195126e-04,4.406867691214729627e-03,-3.993603204326822906e-03
6.644999999999999796e-01,0.000000000000000000e+00,1.881165019836227026e-03,1.772734828243598473e-03,1.746159919602211820e-03,1.736757932684776214e-03,1.000000000000000000e+00,1.000000000000000000e+00,5.374717691745496597e-04,2.959166464254157089e-04,-4.448447851685714480e-04,-8.899677526157436999e-03,3.369063696418667098e-02,-7.756441048883809530e-03,1.025314663130455772e-01,-2.800765422854780209e-02,5.327229209945015965e-04,3.208358670537195126e-04,4.406867691214729627e-03,-3.993603204326822906e-03
6.650000000000000355e-01,0.000000000000000000e+00,1.880427752867622898e-03,1.768060754995017577e-03,1.749868619670628522e-03,1.733799752938932834e-03,1.000000000000000000e+00,1.000000000000000000e+00,5.369069899101552292e-04,2.912425731768349753e-04,-1.129558528788846168e-03,-9.348146497161450783e-03,3.448204915679123350e-02,-8.545983802585956080e-03,1.045596858601110513e-01,-3.058868738433082740e-02,5.327229209945015965e-04,3.208358670537195126e-04,4.406867691214729627e-03,-3.993603204326822906e-03
6.654999999999999805e-01,0.000000000000000000e+00,1.879288501346481699e-03,1.763140907334186797e-03,1.753565833280981440e-03,1.730827551383401931e-03,1.000000000000000000e+00,1.000000000000000000e+00,5.360342726130701502e-04,2.863227255160041406e-04,-1.745434594170165461e-03,-9.839695321661684133e-03,3.526410079769076722e-02,-9.330755968551148610e-03,1.065960672228677547e-01,-3.317387487157506115e-02,5.327229209945015965e-04,3.208358670537195126e-04,4.406867691214729627e-03,-3.993603204326822906e-03
6.660000000000000364e-01,0.000000000000000000e+00,1.877791250030741085e-03,1.757954172767634991e-03,1.757246322325204356e-03,1.727835700785328903e-03,1.000000000000000000e+00,1.000000000000000000e+00,5.348873115626944300e-04,2.811359909494522808e-04,-2.293922100751470423e-03,-1.037346913310371876e-02,3.544239134456535212e-02,-9.345539873163029657e-03,1.063312242321555606e-01,-3.279092164746628957e-02,5.345821824803262314e-04,3.042555747245745922e-04,2.202060603949173266e-03,-6.717906583800361403e-03
6.664999999999999813e-01,0.000000000000000000e+00,1.875949263942122518e-03,1.752503780590456946e-03,1.760904967670132810e-03,1.724818699096183862e-03,1.000000000000000000e+00,1.000000000000000000e+00,5.334762683552056375e-04,2.756855987722742359e-04,-2.822086414977686888e-03,-1.090078435435614009e-02,3.624623410587001632e-02,-8.492447467068002520e-03,1.090219531375026807e-01,-2.969196241334529085e-02,5.345821824803262314e-04,3.042555747245745922e-04,2.202060603949173266e-03,-6.717906583800361403e-03
6.670000000000000373e-01,0.000000000000000000e+00,1.873807033565021759e-03,1.746820077973972821e-03,1.764536966260492985e-03,1.721771381683010914e-03,1.000000000000000000e+00,1.000000000000000000e+00,5.318352246789470302e-04,2.700018961557900570e-04,-3.282087352517246669e-03,-1.136740523296834657e-02,3.704080800703603293e-02,-7.646076246473938395e-03,1.111786729348892416e-01,-2.733387475446590401e-02,5.345821824803262314e-04,3.042555747245745922e-04,2.202060603949173266e-03,-6.717906583800361403e-03
6.674999999999999822e-01,0.000000000000000000e+00,1.871408101715267688e-03,1.740932875595187657e-03,1.768138028221896002e-03,1.718689133559695228e-03,1.000000000000000000e+00,1.000000000000000000e+00,5.299975362660217567e-04,2.641146937770050013e-04,-3.675376825850582094e-03,-1.177440475757016332e-02,3.782631047921149181e-02,-6.806307390493942892e-03,1.133433051904531863e-01,-2.497004948617356085e-02,5.345821824803262314e-04,3.042555747245745922e-04,2.202060603949173266e-03,-6.717906583800361403e-03
6.680000000000000382e-01,0.000000000000000000e+00,1.868795079514427512e-03,1.734871454209154255e-03,1.771704573963837209e-03,1.715568101618217961e-03,1.000000000000000000e+00,1.000000000000000000e+00,5.279958451293216299e-04,2.580532723909715448e-04,-4.003382273400197221e-03,-1.212284277206688264e-02,3.794878640650048429e-02,-6.783361158429838597e-03,1.129751879950183641e-01,-2.574766412518823475e-02,5.324780897300404213e-04,2.823070739735382656e-04,1.387332446430428450e-04,-9.416720929023408501e-03
6.684999999999999831e-01,0.000000000000000000e+00,1.865976888762586839e-03,1.728639244000398575e-03,1.775233931282684842e-03,1.712405406859920497e-03,1.000000000000000000e+00,1.000000000000000000e+00,5.258369857642248169e-04,2.518210621822158653e-04,-4.317718730193627688e-03,-1.246442041751133836e-02,3.866875640128258212e-02,-5.880674894085696769e-03,1.155007528613771345e-01,-2.240842779715233879e-02,5.324780897300404213e-04,2.823070739735382656e-04,1.387332446430428450e-04,-9.416720929023408501e-03
6.690000000000000391e-01,0.000000000000000000e+00,1.862992305668469866e-03,1.722267150966466523e-03,1.778724532449775866e-03,1.709199356610762409e-03,1.000000000000000000e+00,1.000000000000000000e+00,5.235506624699496790e-04,2.454489691482839215e-04,-4.572646588550282817e-03,-1.274418606786387707e-02,3.938064801120891995e-02,-4.984833582123026144e-03,1.175162607466661013e-01,-1.982019063279624391e-02,5.324780897300404213e-04,2.823070739735382656e-04,1.387332446430428450e-04,-9.416720929023408501e-03
6.694999999999999840e-01,0.000000000000000000e+00,1.859879269685906899e-03,1.715785523652183300e-03,1.782176097200893067e-03,1.705949641602868497e-03,1.000000000000000000e+00,1.000000000000000000e+00,5.211659385542777821e-04,2.389673418340007257e-04,-4.769447831343807606e-03,-1.296325462856638515e-02,4.008463556038921460e-02,-4.095713759860382906e-03,1.195386648286131115e-01,-1.722611020415150754e-02,5.324780897300404213e-04,2.823070739735382656e-04,1.387332446430428450e-04,-9.416720929023408501e-03
6.700000000000000400e-01,0.000000000000000000e+00,1.856674897676032030e-03,1.709224160049818090e-03,1.785589670195045697e-03,1.702657376840571550e-03,1.000000000000000000e+00,1.000000000000000000e+00,5.187112471824271293e-04,2.324059782316354340e-04,-4.909382743701268433e-03,-1.312272720473060469e-02,3.973106792940727522e-02,-4.233311606242599542e-03,1.174906623268748423e-01,-1.858808415234029093e-02,5.200901864035885986e-04,2.558732669413049925e-04,-3.876623998442021383e-03,-1.182629773540606541e-02
6.704999999999999849e-01,0.000000000000000000e+00,1.853362900974933006e-03,1.702580430570729440e-03,1.788967463254113703e-03,1.699324932914473858e-03,1.000000000000000000e+00,1.000000000000000000e+00,5.161741105139220102e-04,2.257622487525468382e-04,-5.074273337010336109e-03,-1.328745895817718022e-02,4.057176779735453126e-02,-3.559390254755059012e-03,1.209704029272703901e-01,-1.592418685943074869e-02,5.200901864035885986e-04,2.558732669413049925e-04,-3.876623998442021383e-03,-1.182629773540606541e-02
6.710000000000000409e-01,0.000000000000000000e+00,1.849987026199233523e-03,1.695877109630132594e-03,1.792312658649952619e-03,1.695955725503060264e-03,1.000000000000000000e+00,1.000000000000000000e+00,5.135880404013318462e-04,2.190589278119499112e-04,-5.172140225180249865e-03,-1.340664188119384918e-02,4.140335377777001891e-02,-2.890512901198031594e-03,1.234306447439385140e-01,-1.395305131038635307e-02,5.200901864035885986e-04,2.558732669413049925e-04,-3.876623998442021383e-03,-1.182629773540606541e-02
6.714999999999999858e-01,0.000000000000000000e+00,1.846590061913522870e-03,1.689136555929961507e-03,1.795629211979751869e-03,1.692554004432366126e-03,1.000000000000000000e+00,1.000000000000000000e+00,5.109858147867896204e-04,2.123183741117788779e-04,-5.204451229084434277e-03,-1.348110740034207111e-02,4.222602546502605969e-02,-2.226587474846190504e-03,1.258986667248177538e-01,-1.197760990041892362e-02,5.200901864035885986e-04,2.558732669413049925e-04,-3.876623998442021383e-03,-1.182629773540606541e-02
6.720000000000000417e-01,0.000000000000000000e+00,1.843213854919291839e-03,1.682380717635569272e-03,1.798921655041396108e-03,1.689124642735621417e-03,1.000000000000000000e+00,1.000000000000000000e+00,5.083994901800395526e-04,2.055625358173866974e-04,-5.172649213500114806e-03,-1.351167658878435311e-02,4.377586761080490968e-02,-1.378873411096933049e-03,1.312322396541480973e-01,-9.265290102540218314e-03,5.187136018992735513e-04,2.417137495928601491e-04,-1.855002655037825757e-03,-8.816665916329251632e-03
6.724999999999999867e-01,0.000000000000000000e+00,1.839936194846237150e-03,1.675637033760638602e-03,1.802194898708815501e-03,1.685672925712910011e-03,1.000000000000000000e+00,1.000000000000000000e+00,5.058886568946428667e-04,1.988188519424558920e-04,-5.021666570793426564e-03,-1.348736774986162082e-02,4.473242173348663392e-02,-1.378997410952509080e-03,1.337038661874020984e-01,-9.978977044204717997e-03,5.187136018992735513e-04,2.417137495928601491e-04,-1.855002655037825757e-03,-8.816665916329251632e-03
6.730000000000000426e-01,0.000000000000000000e+00,1.836804231456796478e-03,1.668906123644641783e-03,1.805454035807355518e-03,1.682204339990819430e-03,1.000000000000000000e+00,1.000000000000000000e+00,5.034894337441098329e-04,1.920879418264590183e-04,-4.798446301065995533e-03,-1.346182023199372566e-02,4.567915297921962270e-02,-1.379258579951111834e-03,1.366819591684911295e-01,-9.968898267202392499e-03,5.187136018992735513e-04,2.417137495928601491e-04,-1.855002655037825757e-03,-8.816665916329251632e-03
6.734999999999999876e-01,0.000000000000000000e+00,1.833864057609094298e-03,1.662188593690010555e-03,1.808704143989126132e-03,1.678724362582101641e-03,1.000000000000000000e+00,1.000000000000000000e+00,5.012371299062738607e-04,1.853704118718279799e-04,-4.504607675671855153e-03,-1.343505990926209363e-02,4.661628153662186053e-02,-1.379654052842154170e-03,1.396684375499288588e-01,-9.958702394344568984e-03,5.187136018992735513e-04,2.417137495928601491e-04,-1.855002655037825757e-03,-8.816665916329251632e-03
6.740000000000000435e-01,0.000000000000000000e+00,1.831160727352492334e-03,1.655485037533371753e-03,1.811950088608368578e-03,1.675238249945318249e-03,1.000000000000000000e+00,1.000000000000000000e+00,4.991662587852885519e-04,1.786668557151890966e-04,-4.141742241970654791e-03,-1.340711231327775151e-02,4.600845845789761773e-02,-2.880651011464613245e-03,1.366994990719390679e-01,-1.577570771811236117e-02,5.053301776388470067e-04,1.980024840339872274e-04,-4.921808710666984200e-03,-1.708426659405542364e-02
6.744999999999999885e-01,0.000000000000000000e+00,1.828661340792819400e-03,1.648749138920037067e-03,1.815196325596804983e-03,1.671750827044502820e-03,1.000000000000000000e+00,1.000000000000000000e+00,4.972516176000448766e-04,1.719309571018544651e-04,-3.829282370487355897e-03,-1.347179722666928120e-02,4.632862769685815868e-02,-1.759386905874176388e-03,1.386268122649146339e-01,-1.016757626576625211e-02,5.053301776388470067e-04,1.980024840339872274e-04,-4.921808710666984200e-03,-1.708426659405542364e-02
6.750000000000000444e-01,0.000000000000000000e+00,1.826379850565641944e-03,1.642017082776001937e-03,1.818446704339007512e-03,1.668266276408808882e-03,1.000000000000000000e+00,1.000000000000000000e+00,4.955038946894852608e-04,1.651989009578193356e-04,-3.495445821119280011e-03,-1.346411228807024157e-02,4.664589013385003757e-02,-6.461369112988099139e-04,1.397619352324705744e-01,-6.797965051120470267e-03,5.053301776388470067e-04,1.980024840339872274e-04,-4.921808710666984200e-03,-1.708426659405542364e-02
6.754999999999999893e-01,0.000000000000000000e+00,1.824329876730307895e-03,1.635324382355079521e-03,1.821704271111418850e-03,1.664787927790026267e-03,1.000000000000000000e+00,1.000000000000000000e+00,4.939335236243883173e-04,1.585062005368968654e-04,-3.140742130193791264e-03,-1.338540084184495008e-02,4.696031505565429615e-02,4.592477318702312778e-04,1.408995396215458051e-01,-3.421512507844504981e-03,5.053301776388470067e-04,1.980024840339872274e-04,-4.921808710666984200e-03,-1.708426659405542364e-02
6.760000000000000453e-01,0.000000000000000000e+00,1.822524712564296909e-03,1.628705887672322406e-03,1.824971111291875340e-03,1.661318088942065905e-03,1.000000000000000000e+00,1.000000000000000000e+00,4.925506876460981768e-04,1.518877058541397227e-04,-2.765671956580344377e-03,-1.323698936551430914e-02,4.792588087189143808e-02,2.422472106617264229e-03,1.445791318908241918e-01,3.323188381730259738e-03,5.008943128017890201e-04,1.751031876693980277e-04,-3.207365403918626193e-03,-1.351153146182571159e-02
6.764999999999999902e-01,0.000000000000000000e+00,1.821010091652918404e-03,1.622222846937961156e-03,1.828248359638326697e-03,1.657858054663290288e-03,1.000000000000000000e+00,1.000000000000000000e+00,4.913904207135046933e-04,1.454046651197784461e-04,-2.320533865187064844e-03,-1.296608146872255118e-02,4.840217744852273046e-02,3.394968946229275433e-03,1.458397183693481980e-01,5.540618308726950880e-03,5.008943128017890201e-04,1.751031876693980277e-04,-3.207365403918626193e-03,-1.351153146182571159e-02
6.770000000000000462e-01,0.000000000000000000e+00,1.819806670109087345e-03,1.615904815558677921e-03,1.831536320708005003e-03,1.654408232659461148e-03,1.000000000000000000e+00,1.000000000000000000e+00,4.904685463271233866e-04,1.390866337404953737e-04,-1.843748772762682708e-03,-1.263606275856613871e-02,4.887417066401463644e-02,4.360919957606661061e-03,1.475179745869723003e-01,8.603793027389679271e-03,5.008943128017890201e-04,1.751031876693980277e-04,-3.207365403918626193e-03,-1.351153146182571159e-02
6.774999999999999911e-01,0.000000000000000000e+00,1.818934612975494063e-03,1.609780781975860909e-03,1.834834598246513340e-03,1.650968278920659192e-03,1.000000000000000000e+00,1.000000000000000000e+00,4.898005118058519104e-04,1.329626001576783068e-04,-1.336069042542851679e-03,-1.224806716563411717e-02,4.934196282476598777e-02,5.320450710242436917e-03,1.491999044132739927e-01,1.167255565992402627e-02,5.008943128017890201e-04,1.751031876693980277e-04,-3.207365403918626193e-03,-1.351153146182571159e-02
6.780000000000000471e-01,0.000000000000000000e+00,1.818413602774193467e-03,1.603879174896425796e-03,1.838142224580848784e-03,1.647537233102357862e-03,1.000000000000000000e+00,1.000000000000000000e+00,4.894013948363372217e-04,1.270609930782432484e-04,-7.982339390294507404e-04,-1.180321415887010915e-02,4.940321824979427429e-02,5.758007765628827580e-03,1.493224949850923688e-01,1.274408312728402340e-02,4.908804800075295630e-04,1.434564571770701033e-04,-4.348404350276487661e-03,-1.497739288803003055e-02
6.784999999999999920e-01,0.000000000000000000e+00,1.818242685573758215e-03,1.598211752919579103e-03,1.841457790012406307e-03,1.644113653906498825e-03,1.000000000000000000e+00,1.000000000000000000e+00,4.892704646647105544e-04,1.213935711013965421e-04,-2.618603432533666382e-04,-1.133484395369342007e-02,4.982226348852267922e-02,6.742754439598742933e-03,1.511808921218040225e-01,1.639641148074068647e-02,4.908804800075295630e-04,1.434564571770701033e-04,-4.348404350276487661e-03,-1.497739288803003055e-02
6.790000000000000480e-01,0.000000000000000000e+00,1.818438804375759488e-03,1.592807213816349945e-03,1.844779572209995916e-03,1.640695754462556839e-03,1.000000000000000000e+00,1.000000000000000000e+00,4.894207003831747014e-04,1.159890319981672760e-04,3.004714369282100467e-04,-1.080907820645852016e-02,5.023777893174502518e-02,7.721145231482782166e-03,1.527338582891354102e-01,1.958162576543609479e-02,4.908804800075295630e-04,1.434564571770701033e-04,-4.348404350276487661e-03,-1.497739288803003055e-02
6.794999999999999929e-01,0.000000000000000000e+00,1.819018486713142816e-03,1.587693693205634868e-03,1.848105665602849806e-03,1.637281537708620231e-03,1.000000000000000000e+00,1.000000000000000000e+00,4.898647628165012742e-04,1.108755113874521580e-04,8.881248666531999523e-04,-1.022704122143024835e-02,5.049875610548189980e-02,8.374944817876223829e-03,1.537030359291143011e-01,2.153586438506979034e-02,4.908804800075295630e-04,1.434564571770701033e-04,-4.348404350276487661e-03,-1.497739288803003055e-02
6.800000000000000488e-01,0.000000000000000000e+00,1.819990281972423338e-03,1.582888821433780114e-03,1.851434110773639286e-03,1.633868931772456193e-03,1.000000000000000000e+00,1.000000000000000000e+00,4.906092011747225290e-04,1.060706396155974173e-04,1.488876716442403539e-03,-9.609743543709470259e-03,5.137955826110159052e-02,8.782517191178075208e-03,1.572182437310932768e-01,2.282609533812323885e-02,4.866471863741813784e-04,1.294742104787059169e-04,-2.933316767721294138e-03,-9.913549399118159328e-03
6.804999999999999938e-01,0.000000000000000000e+00,1.821393649359250543e-03,1.578402293002184164e-03,1.854763023851482145e-03,1.630455925352589965e-03,1.000000000000000000e+00,1.000000000000000000e+00,4.916842429630559688e-04,1.015841111840014402e-04,2.150083576666975138e-03,-8.973056863191941623e-03,5.185785466598531734e-02,7.735941741813759376e-03,1.586730622341100683e-01,1.868744310968594932e-02,4.866471863741813784e-04,1.294742104787059169e-04,-2.933316767721294138e-03,-9.913549399118159328e-03
6.810000000000000497e-01,0.000000000000000000e+00,1.823247374490343528e-03,1.574198204102395969e-03,1.858090725904959582e-03,1.627040703099370345e-03,1.000000000000000000e+00,1.000000000000000000e+00,4.931042787987997616e-04,9.738002228421335337e-05,2.840071671487677529e-03,-8.408177799576165012e-03,5.233223739682506259e-02,6.697318142532724186e-03,1.604714839279417493e-01,1.579013918713258191e-02,4.866471863741813784e-04,1.294742104787059169e-04,-2.933316767721294138e-03,-9.913549399118159328e-03
6.814999999999999947e-01,0.000000000000000000e+00,1.825569777409083265e-03,1.570241284926978927e-03,1.861415872334972214e-03,1.623621780995897733e-03,1.000000000000000000e+00,1.000000000000000000e+00,4.948833426493835829e-04,9.342310310879635231e-05,3.558127701167679811e-03,-7.913838350834005372e-03,5.280280344816273841e-02,5.666505977004950532e-03,1.622732465700377769e-01,1.288604708563643314e-02,4.866471863741813784e-04,1.294742104787059169e-04,-2.933316767721294138e-03,-9.913549399118159328e-03
6.820000000000000506e-01,0.000000000000000000e+00,1.828378720781671839e-03,1.566496891907295103e-03,1.864737578611333317e-03,1.620198138030265380e-03,1.000000000000000000e+00,1.000000000000000000e+00,4.970351181109909861e-04,8.967871008911255503e-05,4.303550923214796015e-03,-7.488786039367595869e-03,5.293246852177714568e-02,5.352695691281309301e-03,1.627687763817618760e-01,1.273008012544428816e-02,4.900586215239300086e-04,9.821056062381062276e-05,8.149674942760582255e-06,-1.353932888991562361e-02
6.824999999999999956e-01,0.000000000000000000e+00,1.831674725020277471e-03,1.562953170156234761e-03,1.868055484813012194e-03,1.616769285794553059e-03,1.000000000000000000e+00,1.000000000000000000e+00,4.995600038424715013e-04,8.613498833805202323e-05,5.049771462961109326e-03,-7.087443502121070112e-03,5.220637503469400392e-02,6.230880893142127369e-03,1.602322653256750828e-01,1.658114583424930011e-02,4.900586215239300086e-04,9.821056062381062276e-05,8.149674942760582255e-06,-1.353932888991562361e-02
6.830000000000000515e-01,0.000000000000000000e+00,1.835415375136398471e-03,1.559635635785971584e-03,1.871369703856213228e-03,1.613335220104898746e-03,1.000000000000000000e+00,1.000000000000000000e+00,5.024255080775783021e-04,8.281745396778898228e-05,5.731008470213516670e-03,-6.635068740526072796e-03,5.148911801234129504e-02,7.103414875606672840e-03,1.584262814023936761e-01,1.941465228527454109e-02,4.900586215239300086e-04,9.821056062381062276e-05,8.149674942760582255e-06,-1.353932888991562361e-02
6.834999999999999964e-01,0.000000000000000000e+00,1.839559141641990180e-03,1.556569305937107513e-03,1.874680735691686920e-03,1.609896338103169577e-03,1.000000000000000000e+00,1.000000000000000000e+00,5.055998173827693475e-04,7.975112411892489809e-05,6.348618610382023887e-03,-6.132659697728165549e-03,5.078051297527347990e-02,7.970408149155970567e-03,1.566127541397405176e-01,2.225298295809787635e-02,4.900586215239300086e-04,9.821056062381062276e-05,8.149674942760582255e-06,-1.353932888991562361e-02
6.840000000000000524e-01,0.000000000000000000e+00,1.844065365718678632e-03,1.553778705198433302e-03,1.877989380714377389e-03,1.606453354559661886e-03,1.000000000000000000e+00,1.000000000000000000e+00,5.090517852961654998e-04,7.696052338025068703e-05,6.903935826792367142e-03,-5.581201477348409976e-03,5.100501246317050430e-02,8.108240558181108171e-03,1.583828051290628869e-01,2.228532496083037578e-02,4.955127561697032779e-04,8.616057142847901305e-05,1.732130234508785565e-03,-8.774724766022558992e-03
6.844999999999999973e-01,0.000000000000000000e+00,1.848940569452153272e-03,1.551265251755329713e-03,1.881296653173066815e-03,1.603007218175824889e-03,1.000000000000000000e+00,1.000000000000000000e+00,5.127864080252666698e-04,7.444706993714697595e-05,7.469245458202232457e-03,-5.026906886207410663e-03,5.071666618055439141e-02,6.876717062233126711e-03,1.573698600296380146e-01,1.762322930118311037e-02,4.955127561697032779e-04,8.616057142847901305e-05,1.732130234508785565e-03,-8.774724766022558992e-03
6.850000000000000533e-01,0.000000000000000000e+00,1.854165463309425613e-03,1.548987516567356532e-03,1.884603694580033566e-03,1.599559027886965270e-03,1.000000000000000000e+00,1.000000000000000000e+00,5.167889089305166940e-04,7.216933474917391629e-05,8.005001810500022436e-03,-4.555470375946124757e-03,5.064381399893993357e-02,6.824511006453382218e-03,1.576160098115612640e-01,1.867453205151033829e-02,4.955127561697032779e-04,8.616057142847901305e-05,1.732130234508785565e-03,-8.774724766022558992e-03
6.854999999999999982e-01,0.000000000000000000e+00,1.859731738821490850e-03,1.546941385252253954e-03,1.887911687120681897e-03,1.596109949164956771e-03,1.000000000000000000e+00,1.000000000000000000e+00,5.210529233554034604e-04,7.012320343407128472e-05,8.528028849773518910e-03,-4.092262630205257927e-03,5.057269275009053378e-02,6.773216189685042285e-03,1.576782008287449521e-01,1.871909829016153715e-02,4.955127561697032779e-04,8.616057142847901305e-05,1.732130234508785565e-03,-8.774724766022558992e-03
6.860000000000000542e-01,0.000000000000000000e+00,1.865631232147294417e-03,1.545122793492838828e-03,1.891221767063203758e-03,1.592661130320953237e-03,1.000000000000000000e+00,1.000000000000000000e+00,5.255721974348526214e-04,6.830461167465624016e-05,9.038548158898256080e-03,-3.637183518830084360e-03,5.144065220450280695e-02,7.584411885953613527e-03,1.613793793515488906e-01,2.210901094831797462e-02,5.155108004369860636e-04,8.748219111480865775e-05,6.973907576649407587e-03,-2.791947668064920576e-03
6.864999999999999991e-01,0.000000000000000000e+00,1.871902885227150204e-03,1.543554655636065554e-03,1.894534938168218694e-03,1.589213618808101892e-03,1.000000000000000000e+00,1.000000000000000000e+00,5.303765624258461762e-04,6.673647381788287074e-05,9.608729981987178953e-03,-3.136275713546740358e-03,5.073458989802469982e-02,6.610322113671691924e-03,1.581974438630382451e-01,1.784891686182728948e-02,5.155108004369860636e-04,8.748219111480865775e-05,6.973907576649407587e-03,-2.791947668064920576e-03
6.870000000000000551e-01,0.000000000000000000e+00,1.878506285353270583e-03,1.542203791966404369e-03,1.897851985098423285e-03,1.585768277524247276e-03,1.000000000000000000e+00,1.000000000000000000e+00,5.354350603981519871e-04,6.538561014822163162e-05,1.011699594461151937e-02,-2.701727339322487331e-03,5.003694691404653172e-02,5.643580868888121646e-03,1.563591883057214027e-01,1.511285015230646143e-02,5.155108004369860636e-04,8.748219111480865775e-05,6.973907576649407587e-03,-2.791947668064920576e-03
6.875000000000000000e-01,0.000000000000000000e+00,1.885401873936437414e-03,1.541037613624882553e-03,1.901173386828236035e-03,1.582325701114651239e-03,1.000000000000000000e+00,1.000000000000000000e+00,5.407173877143216061e-04,6.421943180669991010e-05,1.056465463233920501e-02,-2.332356683043444127e-03,4.934754531102256842e-02,4.684057290756543125e-03,1.545137455068056886e-01,1.237051029639801500e-02,5.155108004369860636e-04,8.748219111480865775e-05,6.973907576649407587e-03,-2.791947668064920576e-03
6.880000000000000560e-01,0.000000000000000000e+00,1.892550932144228780e-03,1.540024115343261932e-03,1.904499230168189665e-03,1.578886132379325432e-03,1.000000000000000000e+00,1.000000000000000000e+00,5.461938840279343451e-04,6.320593352507922159e-05,1.095299262722551972e-02,-2.026996563241388084e-03,4.872572816627609993e-02,3.264457673984506349e-03,1.528924151674734278e-01,7.807700949943895130e-03,5.333521292548244665e-04,6.751801005101031668e-05,8.208285136989823191e-03,-7.350992156641688972e-03
6.885000000000000009e-01,0.000000000000000000e+00,1.899918548657650568e-03,1.539117266989182067e-03,1.907829137835347511e-03,1.575449391944580991e-03,1.000000000000000000e+00,1.000000000000000000e+00,5.518378057170727135e-04,6.229908517099930296e-05,1.128784337827672297e-02,-1.813696708159838336e-03,4.770363912817193741e-02,3.280386455098422208e-03,1.496306239518962189e-01,9.173152616218786456e-03,5.333521292548244665e-04,6.751801005101031668e-05,8.208285136989823191e-03,-7.350992156641688972e-03
6.890000000000000568e-01,0.000000000000000000e+00,1.907450139410032768e-03,1.538316429113669370e-03,1.911162278841319279e-03,1.572014882998139067e-03,1.000000000000000000e+00,1.000000000000000000e+00,5.576073389607813209e-04,6.149824729548668679e-05,1.153906648741711075e-02,-1.601675751025237113e-03,4.669292178193918536e-02,3.296456859137380721e-03,1.467105289717137717e-01,9.313150640857201581e-03,5.333521292548244665e-04,6.751801005101031668e-05,8.208285136989823191e-03,-7.350992156641688972e-03
6.895000000000000018e-01,0.000000000000000000e+00,1.915092306173138241e-03,1.537620962111008226e-03,1.914497447039519799e-03,1.568581658177151551e-03,1.000000000000000000e+00,1.000000000000000000e+00,5.634615783430468655e-04,6.080278029282565815e-05,1.170847876453098499e-02,-1.390934005322056952e-03,4.569332907765841917e-02,3.312668920816105173e-03,1.437807264293292087e-01,9.453027767623106703e-03,5.333521292548244665e-04,6.751801005101031668e-05,8.208285136989823191e-03,-7.350992156641688972e-03
6.900000000000000577e-01,0.000000000000000000e+00,1.922792816444831437e-03,1.537030226294162005e-03,1.917833147246329143e-03,1.565148493362672694e-03,1.000000000000000000e+00,1.000000000000000000e+00,5.693605114458580871e-04,6.021204447597930832e-05,1.179786620562249880e-02,-1.181471633692703256e-03,4.478924991316553250e-02,3.019564132030411532e-03,1.411701082211758440e-01,8.390952166140407120e-03,5.464485559699831015e-04,6.000638051674092718e-05,7.155685593435362653e-03,-5.071402727962776025e-03
6.905000000000000027e-01,0.000000000000000000e+00,1.930504823761381144e-03,1.536533909820939374e-03,1.921167681376430639e-03,1.561713961487083691e-03,1.000000000000000000e+00,1.000000000000000000e+00,5.752682517959937592e-04,5.971572800275675152e-05,1.181548070027129034e-02,-9.926329464451167425e-04,4.415883082291101325e-02,2.079511628579887392e-03,1.395028533473091081e-01,5.071533292236832420e-03,5.464485559699831015e-04,6.000638051674092718e-05,7.155685593435362653e-03,-5.071402727962776025e-03
6.910000000000000586e-01,0.000000000000000000e+00,1.938195735651956214e-03,1.536101589653731444e-03,1.924499234578161237e-03,1.558276506341500778e-03,1.000000000000000000e+00,1.000000000000000000e+00,5.811598321122864478e-04,5.928340783554868627e-05,1.178316063258540158e-02,-8.646403344161297322e-04,4.353520183750254902e-02,1.146197113231048510e-03,1.376019857249660416e-01,2.304388016021708362e-03,5.464485559699831015e-04,6.000638051674092718e-05,7.155685593435362653e-03,-5.071402727962776025e-03
6.915000000000000036e-01,0.000000000000000000e+00,1.945833681208800417e-03,1.535703399852073568e-03,1.927825961368857116e-03,1.554834516383207625e-03,1.000000000000000000e+00,1.000000000000000000e+00,5.870108378629523100e-04,5.888521803389101388e-05,1.170201150133169492e-02,-7.963796033153508567e-04,4.291821263115008778e-02,2.194972020541240316e-04,1.356953216594993517e-01,-4.685092133199964155e-04,5.464485559699831015e-04,6.000638051674092718e-05,7.155685593435362653e-03,-5.071402727962776025e-03
6.920000000000000595e-01,0.000000000000000000e+00,1.953387498778802987e-03,1.535310024624364630e-03,1.931146071770202532e-03,1.551386398543062786e-03,1.000000000000000000e+00,1.000000000000000000e+00,5.927973978367872187e-04,5.849184280618187245e-05,1.157311994766991106e-02,-7.867504554182885987e-04,4.374587999773263403e-02,7.413926627780707129e-04,1.393683321056969904e-01,2.353583636963497375e-03,5.766095580877416641e-04,6.384613825072324564e-05,1.218056297834081356e-02,-6.384499442449436540e-04
6.925000000000000044e-01,0.000000000000000000e+00,1.960898776943130473e-03,1.534937764464062689e-03,1.934457917443572605e-03,1.547930652032929481e-03,1.000000000000000000e+00,1.000000000000000000e+00,5.985513707352913253e-04,5.811958264588001943e-05,1.150794579700821670e-02,-7.445203206036993303e-04,4.303130445866625714e-02,-6.974914715052665326e-05,1.358521981460610317e-01,-1.223975175542521034e-03,5.766095580877416641e-04,6.384613825072324564e-05,1.218056297834081356e-02,-6.384499442449436540e-04
6.930000000000000604e-01,0.000000000000000000e+00,1.968331358019173583e-03,1.534561063757076266e-03,1.937760077825384552e-03,1.544465942153084789e-03,1.000000000000000000e+00,1.000000000000000000e+00,6.042450581666254867e-04,5.774288193889365724e-05,1.138737486266841806e-02,-7.534014139727202583e-04,4.232426177763892045e-02,-8.752309889361266273e-04,1.336526157696600325e-01,-3.663572955606401657e-03,5.766095580877416641e-04,6.384613825072324564e-05,1.218056297834081356e-02,-6.384499442449436540e-04
6.935000000000000053e-01,0.000000000000000000e+00,1.975649891086248087e-03,1.534154841453751108e-03,1.941051446262438956e-03,1.540991174099646827e-03,1.000000000000000000e+00,1.000000000000000000e+00,6.098513797544402549e-04,5.733665963556837061e-05,1.121264317562943071e-02,-8.124446066505731489e-04,4.162458387908236218e-02,-1.675157967452662504e-03,1.314466028912017193e-01,-6.108002425926354478e-03,5.766095580877416641e-04,6.384613825072324564e-05,1.218056297834081356e-02,-6.384499442449436540e-04
6.940000000000000613e-01,0.000000000000000000e+00,1.982819818191739868e-03,1.533694485109109509e-03,1.944331316147268835e-03,1.537505566771985455e-03,1.000000000000000000e+00,1.000000000000000000e+00,6.153438625711703811e-04,5.687630329092691436e-05,1.098496563346016211e-02,-9.207126892829181402e-04,4.035575436403049387e-02,-1.325244441128922614e-03,1.269959507114240271e-01,-4.112754048248439681e-03,5.858059534149185265e-04,7.833498983949548349e-05,7.372822512922099988e-03,4.359834772893041166e-03
6.945000000000000062e-01,0.000000000000000000e+00,1.989778485154890860e-03,1.533191612952034119e-03,1.947599464850606954e-03,1.534008724854060354e-03,1.000000000000000000e+00,1.000000000000000000e+00,6.206745107298077165e-04,5.637343113385146956e-05,1.066129631727456145e-02,-1.005744314150889152e-03,4.045487573422765909e-02,-2.513723673029270595e-03,1.282931239778268007e-01,-9.063680516682536339e-03,5.858059534149185265e-04,7.833498983949548349e-05,7.372822512922099988e-03,4.359834772893041166e-03
6.950000000000000622e-01,0.000000000000000000e+00,1.996532525623543469e-03,1.532609630362641523e-03,1.950856192196261888e-03,1.530500675276937408e-03,1.000000000000000000e+00,1.000000000000000000e+00,6.258484058994196820e-04,5.579144854445884020e-05,1.034779033922397264e-02,-1.163965178785259912e-03,4.055261509308245860e-02,-3.694098056343317425e-03,1.284225318441322983e-01,-1.270134211999157312e-02,5.858059534149185265e-04,7.833498983949548349e-05,7.372822512922099988e-03,4.359834772893041166e-03
6.955000000000000071e-01,0.000000000000000000e+00,2.003088450069254525e-03,1.531912630526408720e-03,1.954102259455434663e-03,1.526981825732222353e-03,1.000000000000000000e+00,1.000000000000000000e+00,6.308705353905645196e-04,5.509444870822603649e-05,1.004425898228977071e-02,-1.393999672465605702e-03,4.064899810234665761e-02,-4.866519923799731730e-03,1.285531194786923570e-01,-1.634592251099552251e-02,5.858059534149185265e-04,7.833498983949548349e-05,7.372822512922099988e-03,4.359834772893041166e-03
6.960000000000000631e-01,0.000000000000000000e+00,2.009452647767144291e-03,1.531065385746096814e-03,1.957338794625643370e-03,1.523452896767402316e-03,1.000000000000000000e+00,1.000000000000000000e+00,6.357457936719436561e-04,5.424720392791417131e-05,9.750516562758217501e-03,-1.694489560623726240e-03,4.010716488861836015e-02,-7.046511796698089539e-03,1.262114194912254406e-01,-2.394065204087254817e-02,6.023273641846676064e-04,5.689524405115805651e-05,7.935801245130194928e-03,-5.201735759268164699e-03
6.965000000000000080e-01,0.000000000000000000e+00,2.015599480334989962e-03,1.530001603311491060e-03,1.960567196698012778e-03,1.519914853088537559e-03,1.000000000000000000e+00,1.000000000000000000e+00,6.404545406033246291e-04,5.318342149330841114e-05,9.417493862761949427e-03,-2.127564869211515022e-03,3.936003154947566307e-02,-6.296612696286653377e-03,1.235964794905812791e-01,-1.935357867491233064e-02,6.023273641846676064e-04,5.689524405115805651e-05,7.935801245130194928e-03,-5.201735759268164699e-03
6.970000000000000639e-01,0.000000000000000000e+00,2.021493346467880935e-03,1.528747359854332752e-03,1.963789039924580641e-03,1.516368834862928932e-03,1.000000000000000000e+00,1.000000000000000000e+00,6.449695040029129831e-04,5.192917803615004882e-05,9.029926799176715008e-03,-2.508486914316722036e-03,3.893970210159984624e-02,-5.835408935395607587e-03,1.223971864708316010e-01,-1.836640209056302278e-02,6.023273641846676064e-04,5.689524405115805651e-05,7.935801245130194928e-03,-5.201735759268164699e-03
6.975000000000000089e-01,0.000000000000000000e+00,2.027115460623056531e-03,1.527319427189663924e-03,1.967005978085583848e-03,1.512816089021807447e-03,1.000000000000000000e+00,1.000000000000000000e+00,6.492762933100658601e-04,5.050124537148133555e-05,8.613578614305780062e-03,-2.855865329337427087e-03,3.899631715329074377e-02,-5.796940856414623672e-03,1.227560050447762396e-01,-1.876011344392440258e-02,6.023273641846676064e-04,5.689524405115805651e-05,7.935801245130194928e-03,-5.201735759268164699e-03
6.980000000000000648e-01,0.000000000000000000e+00,2.032471181771914465e-03,1.525721189169645074e-03,1.970219648756761470e-03,1.509257900563008240e-03,1.000000000000000000e+00,1.000000000000000000e+00,6.533790137350429898e-04,4.890300735146230985e-05,8.205440849954247218e-03,-3.196476040038053780e-03,3.996865898196463873e-02,-5.720215792307127740e-03,1.262683827015325666e-01,-1.864146439645516379e-02,6.377769148991819679e-04,4.604364821943367539e-05,1.414268326679206551e-02,-5.343806558063653872e-03
6.985000000000000098e-01,0.000000000000000000e+00,2.037611715355548171e-03,1.523957205331936396e-03,1.973431577576647417e-03,1.505695523853656671e-03,1.000000000000000000e+00,1.000000000000000000e+00,6.573168909214521924e-04,4.713902351375363794e-05,7.875754372818299237e-03,-3.527967675417347827e-03,3.904134546606111145e-02,-5.562978203297633609e-03,1.216628547952890160e-01,-1.823886868207711190e-02,6.377769148991819679e-04,4.604364821943367539e-05,1.414268326679206551e-02,-5.343806558063653872e-03
6.990000000000000657e-01,0.000000000000000000e+00,2.042492521676011336e-03,1.522034517411862504e-03,1.976643082513868284e-03,1.502130113932840551e-03,1.000000000000000000e+00,1.000000000000000000e+00,6.610558054811830741e-04,4.521633559367986853e-05,7.477829119461806839e-03,-3.845375840147543384e-03,3.812331106312945306e-02,-5.407300193230963649e-03,1.186789872917897171e-01,-1.790500331603896156e-02,6.377769148991819679e-04,4.604364821943367539e-05,1.414268326679206551e-02,-5.343806558063653872e-03
6.995000000000000107e-01,0.000000000000000000e+00,2.047070073274996974e-03,1.519960054511969912e-03,1.979855178134436004e-03,1.498562657814298199e-03,1.000000000000000000e+00,1.000000000000000000e+00,6.645624134466764695e-04,4.314187269378736474e-05,7.013215930986805603e-03,-4.148925799785014613e-03,3.721434488970160048e-02,-5.253156816592823887e-03,1.156871985776761341e-01,-1.756980659933040159e-02,6.377769148991819679e-04,4.604364821943367539e-05,1.414268326679206551e-02,-5.343806558063653872e-03
7.000000000000000666e-01,0.000000000000000000e+00,2.051301837532992344e-03,1.517740634405817437e-03,1.983068479869050035e-03,1.494993905789090884e-03,1.000000000000000000e+00,1.000000000000000000e+00,6.678041329411031450e-04,4.092245258763469958e-05,6.483438988853451601e-03,-4.438840212305334224e-03,3.593845237089907801e-02,-5.023608775460439504e-03,1.112282383829470145e-01,-1.693458948647567214e-02,6.489894038900071490e-04,4.985458774236398123e-05,8.729994691647809807e-03,-7.472673965185916423e-04
7.005000000000000115e-01,0.000000000000000000e+00,2.055127432319990045e-03,1.515385368802687560e-03,1.986283108401327123e-03,1.491424302805073859e-03,1.000000000000000000e+00,1.000000000000000000e+00,6.707347085693075904e-04,3.856718698450492484e-05,5.861151256408881315e-03,-4.710531206259555015e-03,3.619798414982278861e-02,-6.173946333242204265e-03,1.129967200999689309e-01,-2.171491195927080509e-02,6.489894038900071490e-04,4.985458774236398123e-05,8.729994691647809807e-03,-7.472673965185916423e-04
7.010000000000000675e-01,0.000000000000000000e+00,2.058564149553213270e-03,1.512860150442000206e-03,1.989498612263271033e-03,1.487853931405784449e-03,1.000000000000000000e+00,1.000000000000000000e+00,6.733673867083898304e-04,3.604196862381752321e-05,5.265356278164427806e-03,-5.050436721374809007e-03,3.645391344240700437e-02,-7.316729934087652827e-03,1.134544710088252473e-01,-2.531728084039800569e-02,6.489894038900071490e-04,4.985458774236398123e-05,8.729994691647809807e-03,-7.472673965185916423e-04
7.015000000000000124e-01,0.000000000000000000e+00,2.061628943681741502e-03,1.510131524026579785e-03,1.992714000551996413e-03,1.484282524583322273e-03,1.000000000000000000e+00,1.000000000000000000e+00,6.757151552198525056e-04,3.331334220839712190e-05,4.695537022925456300e-03,-5.457252830840805986e-03,3.670631055458524472e-02,-8.452103972574440127e-03,1.139152972173483047e-01,-2.892609823487402379e-02,6.489894038900071490e-04,4.985458774236398123e-05,8.729994691647809807e-03,-7.472673965185916423e-04
7.020000000000000684e-01,0.000000000000000000e+00,2.064338437210773425e-03,1.507166677921520674e-03,1.995927872113434191e-03,1.480709539876320490e-03,1.000000000000000000e+00,1.000000000000000000e+00,6.777907476814340731e-04,3.034849610333811268e-05,4.151184923163189593e-03,-5.929692210118018766e-03,3.645882809035880245e-02,-9.191867351740812958e-03,1.124512254431748876e-01,-3.103304604022872129e-02,6.725266495032939263e-04,3.718288189037345550e-05,1.065669364921449820e-02,-4.290814519240664787e-03
7.025000000000000133e-01,0.000000000000000000e+00,2.066684055309075518e-03,1.503945573642085677e-03,1.999138556246980031e-03,1.477134240782377282e-03,1.000000000000000000e+00,1.000000000000000000e+00,6.795875953913176797e-04,2.712739182390301777e-05,3.593695419767273941e-03,-6.442208558870191927e-03,3.558974216143968861e-02,-8.829664503380327961e-03,1.089928464489863941e-01,-2.921528434351968601e-02,6.725266495032939263e-04,3.718288189037345550e-05,1.065669364921449820e-02,-4.290814519240664787e-03
7.030000000000000693e-01,0.000000000000000000e+00,2.068626221317515588e-03,1.500482876793164579e-03,2.002344253438376707e-03,1.473555778188390987e-03,1.000000000000000000e+00,1.000000000000000000e+00,6.810753808696977125e-04,2.366469497498191994e-05,2.975570956759981001e-03,-6.925393697842193927e-03,3.472890137804400534e-02,-8.470709741963771550e-03,1.060651056717661772e-01,-2.833822749700510776e-02,6.725266495032939263e-04,3.718288189037345550e-05,1.065669364921449820e-02,-4.290814519240664787e-03
7.035000000000000142e-01,0.000000000000000000e+00,2.070126277598705131e-03,1.496793008320028862e-03,2.005543176092573071e-03,1.469973271800899782e-03,1.000000000000000000e+00,1.000000000000000000e+00,6.822244906482688052e-04,1.997482650184628422e-05,2.298219557142107839e-03,-7.379736946271270130e-03,3.455219604890499840e-02,-8.333500110122142937e-03,1.057559982958569400e-01,-2.830717662498037634e-02,6.725266495032939263e-04,3.718288189037345550e-05,1.065669364921449820e-02,-4.290814519240664787e-03
7.039999999999999591e-01,0.000000000000000000e+00,2.071180341832578459e-03,1.492883316577938314e-03,2.008733689266604255e-03,1.466385891576415731e-03,1.000000000000000000e+00,1.000000000000000000e+00,6.830319506973179210e-04,1.606513475975576612e-05,1.614920098098136109e-03,-7.819383484181034738e-03,3.373306356483472129e-02,-8.629872753604132460e-03,1.023647615973079933e-01,-2.976439640351647223e-02,6.731096323300604601e-04,2.469573201230601206e-05,4.084443414251804835e-03,-5.528998766475620198e-03
7.045000000000000151e-01,0.000000000000000000e+00,2.071752441334696708e-03,1.488747537753663981e-03,2.011914451402458878e-03,1.462792939151766423e-03,1.000000000000000000e+00,1.000000000000000000e+00,6.834702043418265953e-04,1.192935593548138281e-05,8.765072890172975100e-04,-8.271557648548767336e-03,3.480900449735246927e-02,-8.512126385708532889e-03,1.068526555383019355e-01,-2.924857437325440943e-02,6.731096323300604601e-04,2.469573201230601206e-05,4.084443414251804835e-03,-5.528998766475620198e-03
7.049999999999999600e-01,0.000000000000000000e+00,2.071902020914253434e-03,1.484392449819626385e-03,2.015084555059948844e-03,1.459193929274434001e-03,1.000000000000000000e+00,1.000000000000000000e+00,6.835847889475500780e-04,7.574268001443695256e-06,2.291692114470438892e-04,-8.710175868075374292e-03,3.587256108229872065e-02,-8.395881179469101910e-03,1.097228004866976220e-01,-2.908626931368475318e-02,6.731096323300604601e-04,2.469573201230601206e-05,4.084443414251804835e-03,-5.528998766475620198e-03
7.055000000000000160e-01,0.000000000000000000e+00,2.071687261598821172e-03,1.479824729879233467e-03,2.018243667649586084e-03,1.455588671232887262e-03,1.000000000000000000e+00,1.000000000000000000e+00,6.834202737673552609e-04,3.006548061050773371e-06,-3.290303603896231046e-04,-9.135439880785843972e-03,3.692399660777326287e-02,-8.281114794769291187e-03,1.126035174612915052e-01,-2.892268277196472989e-02,6.731096323300604601e-04,2.469573201230601206e-05,4.084443414251804835e-03,-5.528998766475620198e-03
7.059999999999999609e-01,0.000000000000000000e+00,2.071165101924307781e-03,1.475050955281021056e-03,2.021392172165447157e-03,1.451977350286927414e-03,1.000000000000000000e+00,1.000000000000000000e+00,6.830202762502735276e-04,-1.767226537161600136e-06,-7.999950341635380605e-04,-9.547549196424746920e-03,3.795948276229196144e-02,-8.615986970541653078e-03,1.154787085461338458e-01,-3.049841982034966203e-02,6.839742555019668680e-04,1.880190056311331094e-05,4.939084424297939500e-03,-3.891780746742182044e-03
7.065000000000000169e-01,0.000000000000000000e+00,2.070391054126085109e-03,1.470063596768940006e-03,2.024531307918033506e-03,1.448360609098009542e-03,1.000000000000000000e+00,1.000000000000000000e+00,6.824273212357365691e-04,-6.754585049242685066e-06,-1.185910029073906132e-03,-9.974717024162169793e-03,3.870562934575632469e-02,-9.413664745543188356e-03,1.172887331298640562e-01,-3.349417422372166081e-02,6.839742555019668680e-04,1.880190056311331094e-05,4.939084424297939500e-03,-3.891780746742182044e-03
7.069999999999999618e-01,0.000000000000000000e+00,2.069405517381210646e-03,1.464840771829532600e-03,2.027663305971669303e-03,1.444739626231883846e-03,1.000000000000000000e+00,1.000000000000000000e+00,6.816723562888357029e-04,-1.197740998865008265e-05,-1.509929893801678635e-03,-1.044564987881479307e-02,3.944335942562578190e-02,-1.020649605790001010e-02,1.193457554264505532e-01,-3.609484984789267797e-02,6.839742555019668680e-04,1.880190056311331094e-05,4.939084424297939500e-03,-3.891780746742182044e-03
7.075000000000000178e-01,0.000000000000000000e+00,2.068248023412821990e-03,1.459361030569022522e-03,2.030791416890855711e-03,1.441116135122130597e-03,1.000000000000000000e+00,1.000000000000000000e+00,6.807856644664081599e-04,-1.745715124916007312e-05,-1.773383644855047736e-03,-1.095948252101998019e-02,4.017285372164654256e-02,-1.099457672270798617e-02,1.214099625582485270e-01,-3.869966270495003857e-02,6.839742555019668680e-04,1.880190056311331094e-05,4.939084424297939500e-03,-3.891780746742182044e-03
7.079999999999999627e-01,0.000000000000000000e+00,2.066957251149211146e-03,1.453603350119965498e-03,2.033919705073120032e-03,1.437492313986513722e-03,1.000000000000000000e+00,1.000000000000000000e+00,6.797968755465368367e-04,-2.321483169821719837e-05,-1.977577839742688474e-03,-1.151536089811424669e-02,3.991895207759127429e-02,-1.138157982836281515e-02,1.196933194472124540e-01,-3.976896459598015798e-02,6.833839976705212557e-04,-2.172120294794045589e-06,1.620233612600537141e-03,-8.073609411764014199e-03
7.085000000000000187e-01,0.000000000000000000e+00,2.065522176017340651e-03,1.447559519284556716e-03,2.037052764755387622e-03,1.433870632438998156e-03,1.000000000000000000e+00,1.000000000000000000e+00,6.786975442163094112e-04,-2.925866253362597032e-05,-2.198662660454788181e-03,-1.208766167081754515e-02,4.062314898293531429e-02,-1.044970805681510843e-02,1.225281718159830779e-01,-3.606565122615756208e-02,6.833839976705212557e-04,-2.172120294794045589e-06,1.620233612600537141e-03,-8.073609411764014199e-03
7.089999999999999636e-01,0.000000000000000000e+00,2.063979919435400285e-03,1.441262676311976486e-03,2.040195433709653117e-03,1.430253696824270847e-03,1.000000000000000000e+00,1.000000000000000000e+00,6.775161071318501265e-04,-3.555550550620606849e-05,-2.362874168918676406e-03,-1.259368594516019867e-02,4.131961225179486830e-02,-9.525175628943571143e-03,1.245451334637222851e-01,-3.348820901535268235e-02,6.833839976705212557e-04,-2.172120294794045589e-06,1.620233612600537141e-03,-8.073609411764014199e-03
7.095000000000000195e-01,0.000000000000000000e+00,2.062366795867717154e-03,1.434745373415742629e-03,2.043352506938672479e-03,1.426644095552256127e-03,1.000000000000000000e+00,1.000000000000000000e+00,6.762803827867621635e-04,-4.207280840244006110e-05,-2.471448690175973451e-03,-1.303460579246798132e-02,4.200850999972485789e-02,-8.607852751616617074e-03,1.265686970101121689e-01,-3.090450149802483060e-02,6.833839976705212557e-04,-2.172120294794045589e-06,1.620233612600537141e-03,-8.073609411764014199e-03
7.099999999999999645e-01,0.000000000000000000e+00,2.060718326513608697e-03,1.428039583954258300e-03,2.046528450371632064e-03,1.423044244432631732e-03,1.000000000000000000e+00,1.000000000000000000e+00,6.750175819983954186e-04,-4.877859786392439625e-05,-2.525601576733423319e-03,-1.341157892296867757e-02,4.213764443411753546e-02,-8.218554572500192529e-03,1.264535284536273396e-01,-3.033780649630271956e-02,6.789474942667922657e-04,-2.054949109813085647e-05,-8.136297540673446569e-04,-8.780644187343835533e-03
7.105000000000000204e-01,0.000000000000000000e+00,2.059041578990694534e-03,1.421160427422956275e-03,2.049727114559838498e-03,1.419456232009344392e-03,1.000000000000000000e+00,1.000000000000000000e+00,6.737331188759534961e-04,-5.565775439522630008e-05,-2.568926244883916118e-03,-1.375831306260380874e-02,4.297806578610076367e-02,-7.556128617030688326e-03,1.295843227995891744e-01,-2.824661737317555460e-02,6.789474942667922657e-04,-2.054949109813085647e-05,-8.136297540673446569e-04,-8.780644187343835533e-03
7.109999999999999654e-01,0.000000000000000000e+00,2.057379177936140453e-03,1.414131403791911478e-03,2.052951448372393808e-03,1.415881664895131484e-03,1.000000000000000000e+00,1.000000000000000000e+00,6.724596457858773900e-04,-6.268677802627112402e-05,-2.546946180152228657e-03,-1.405804726208963532e-02,4.380960699650506690e-02,-6.898907352847653135e-03,1.321079197228505475e-01,-2.638858659693784151e-02,6.789474942667922657e-04,-2.054949109813085647e-05,-8.136297540673446569e-04,-8.780644187343835533e-03
7.115000000000000213e-01,0.000000000000000000e+00,2.055772805823715462e-03,1.406975594093489226e-03,2.056203212691878803e-03,1.412321513106030556e-03,1.000000000000000000e+00,1.000000000000000000e+00,6.712290933555728045e-04,-6.984258772469336188e-05,-2.461104860609273932e-03,-1.431161939684448027e-02,4.463246434956696929e-02,-6.246797995090612454e-03,1.346390972706764666e-01,-2.452611278223430086e-02,6.789474942667922657e-04,-2.054949109813085647e-05,-8.136297540673446569e-04,-8.780644187343835533e-03
7.119999999999999662e-01,0.000000000000000000e+00,2.054263219027531971e-03,1.399715665576966965e-03,2.059482694110031670e-03,1.408775955395902280e-03,1.000000000000000000e+00,1.000000000000000000e+00,6.700726827789508545e-04,-7.710251624121563672e-05,-2.312821153243882922e-03,-1.451985703304454339e-02,4.486624676421276797e-02,-6.555363125610605066e-03,1.349228967630780318e-01,-2.637071153616091582e-02,6.731852511551787667e-04,-5.004537172807602737e-05,-2.124561578705839830e-03,-1.256431984408367883e-02
7.125000000000000222e-01,0.000000000000000000e+00,2.052861175952040273e-03,1.392344007774845007e-03,2.062788418623431787e-03,1.405244224590942569e-03,1.000000000000000000e+00,1.000000000000000000e+00,6.689986554719569520e-04,-8.447417404333760788e-05,-2.148054613987726482e-03,-1.474331560424394644e-02,4.549165828945714307e-02,-5.632428658350298843e-03,1.372392251894273552e-01,-2.261904052543667679e-02,6.731852511551787667e-04,-5.004537172807602737e-05,-2.124561578705839830e-03,-1.256431984408367883e-02
7.129999999999999671e-01,0.000000000000000000e+00,2.051596918616597435e-03,1.384891601986421505e-03,2.066116865787201266e-03,1.401724453170146399e-03,1.000000000000000000e+00,1.000000000000000000e+00,6.680301781654685023e-04,-9.192657983176109665e-05,-1.936954612976919503e-03,-1.490481157684696474e-02,4.611076938773300132e-02,-4.716355821040518759e-03,1.392212353811387582e-01,-1.991865186412201949e-02,6.731852511551787667e-04,-5.004537172807602737e-05,-2.124561578705839830e-03,-1.256431984408367883e-02
7.135000000000000231e-01,0.000000000000000000e+00,2.050500006112112358e-03,1.377388863957172953e-03,2.069462240278103181e-03,1.398213549672608141e-03,1.000000000000000000e+00,1.000000000000000000e+00,6.671898944368199634e-04,-9.942931786100964826e-05,-1.680567457297166712e-03,-1.500547605849710843e-02,4.672372233594195012e-02,-3.807019356796312141e-03,1.412086239973966428e-01,-1.721240570153967017e-02,6.731852511551787667e-04,-5.004537172807602737e-05,-2.124561578705839830e-03,-1.256431984408367883e-02
7.139999999999999680e-01,0.000000000000000000e+00,2.049599326319075099e-03,1.369865650921577331e-03,2.072816566879963004e-03,1.394707248771365942e-03,1.000000000000000000e+00,1.000000000000000000e+00,6.664999336863341702e-04,-1.069525308966053930e-04,-1.379921500971602625e-03,-1.504642607119148837e-02,4.684029866419468086e-02,-3.279580491018144802e-03,1.412968844848164762e-01,-1.595788812924445188e-02,6.637161257112406381e-04,-7.793066014865523061e-05,-3.779481592496482766e-03,-1.343827217357483964e-02
7.145000000000000240e-01,0.000000000000000000e+00,2.048898540133096621e-03,1.362339539022127885e-03,2.076170052233576417e-03,1.391200304590481298e-03,1.000000000000000000e+00,1.000000000000000000e+00,6.659631003227509680e-04,-1.144786427960547710e-04,-1.073666727166304631e-03,-1.505222379889875443e-02,4.745981787497193655e-02,-2.395536143416776044e-03,1.437651033381881494e-01,-1.297730723114334794e-02,6.637161257112406381e-04,-7.793066014865523061e-05,-3.779481592496482766e-03,-1.343827217357483964e-02
7.149999999999999689e-01,0.000000000000000000e+00,2.048426441025417901e-03,1.354839046085478792e-03,2.079511476082585714e-03,1.387686699860438220e-03,1.000000000000000000e+00,1.000000000000000000e+00,6.656014514247122127e-04,-1.219791357327038500e-04,-7.232977960774976747e-04,-1.500098587329814874e-02,4.807333843993864819e-02,-1.517807824449622211e-03,1.458039798059738434e-01,-1.030114628528514507e-02,6.637161257112406381e-04,-7.793066014865523061e-05,-3.779481592496482766e-03,-1.343827217357483964e-02
7.155000000000000249e-01,0.000000000000000000e+00,2.048211161196195583e-03,1.347392158023256580e-03,2.082828582573598847e-03,1.384159855102655391e-03,1.000000000000000000e+00,1.000000000000000000e+00,6.654365375078206317e-04,-1.294260237949260758e-04,-3.298278337831568683e-04,-1.489377612444442792e-02,4.868099812404096116e-02,-6.462777274344059034e-04,1.478479770797040127e-01,-7.619593596357367160e-03,6.637161257112406381e-04,-7.793066014865523061e-05,-3.779481592496482766e-03,-1.343827217357483964e-02
7.159999999999999698e-01,0.000000000000000000e+00,2.048280182976419152e-03,1.340026335526353467e-03,2.086108471556305868e-03,1.380612837814014591e-03,1.000000000000000000e+00,1.000000000000000000e+00,6.654894112590150268e-04,-1.367918462918290808e-04,1.057475023888626098e-04,-1.473164499380600831e-02,5.009354903635975659e-02,4.501919495670873004e-04,1.530451375490209931e-01,-4.035540782892821539e-03,6.731224710104998735e-04,-1.046159686073151236e-04,1.599103896477308126e-03,-1.337764382863452020e-02
7.165000000000000258e-01,0.000000000000000000e+00,2.048700962542888797e-03,1.332775741287025272e-03,2.089337989883607079e-03,1.377038571651374808e-03,1.000000000000000000e+00,1.000000000000000000e+00,6.658117471076873328e-04,-1.440424405311574658e-04,6.446716973445584895e-04,-1.450118847865678948e-02,4.991809767671716302e-02,1.617899766240299842e-03,1.514425114568096475e-01,-3.374605461904760240e-04,6.731224710104998735e-04,-1.046159686073151236e-04,1.599103896477308126e-03,-1.337764382863452020e-02
7.169999999999999707e-01,0.000000000000000000e+00,2.049460571742589814e-03,1.325676354246285108e-03,2.092504122711719497e-03,1.373430045616095673e-03,1.000000000000000000e+00,1.000000000000000000e+00,6.663936415140603396e-04,-1.511418275718974394e-04,1.163788812746079874e-03,-1.419877408147993993e-02,4.974533968496603481e-02,2.777639092732628583e-03,1.511954999034454405e-01,3.299806516900897699e-03,6.731224710104998735e-04,-1.046159686073151236e-04,1.599103896477308126e-03,-1.337764382863452020e-02
7.175000000000000266e-01,0.000000000000000000e+00,2.050546329275745438e-03,1.318763468786974006e-03,2.095594384800306305e-03,1.369780523238552442e-03,1.000000000000000000e+00,1.000000000000000000e+00,6.672253800389087858e-04,-1.580547130312085684e-04,1.663477049696962268e-03,-1.382577091862224362e-02,4.957522363329715243e-02,3.929561542597148453e-03,1.509461891287660895e-01,6.943875963926223957e-03,6.731224710104998735e-04,-1.046159686073151236e-04,1.599103896477308126e-03,-1.337764382863452020e-02
7.179999999999999716e-01,0.000000000000000000e+00,2.051945796686566008e-03,1.312071703431031680e-03,2.098597211812587224e-03,1.366083751762661811e-03,1.000000000000000000e+00,1.000000000000000000e+00,6.682974342722940034e-04,-1.647464783871508949e-04,2.144108466770489486e-03,-1.338353071188467559e-02,4.907746371240580274e-02,4.353269879489251280e-03,1.494121016247360045e-01,7.796258867225430711e-03,6.676494691194260079e-04,-1.368844422092517054e-04,-1.149967399317662273e-03,-1.512551313189700909e-02
7.185000000000000275e-01,0.000000000000000000e+00,2.053630229388859335e-03,1.305612488707595491e-03,2.101502351615461457e-03,1.362334171330394951e-03,1.000000000000000000e+00,1.000000000000000000e+00,6.695877845836935034e-04,-1.712056931105871652e-04,2.580700622799017227e-03,-1.291842944687256189e-02,4.939212508595089424e-02,5.410182885987641251e-03,1.512896218933023618e-01,1.173927297251327675e-02,6.676494691194260079e-04,-1.368844422092517054e-04,-1.149967399317662273e-03,-1.512551313189700909e-02
7.189999999999999725e-01,0.000000000000000000e+00,2.055611887630191294e-03,1.299416886724128872e-03,2.104301255579395149e-03,1.358527124166182543e-03,1.000000000000000000e+00,1.000000000000000000e+00,6.711058228676268674e-04,-1.774012950940538928e-04,3.036076567866675090e-03,-1.239120396693347073e-02,4.970423223871141272e-02,6.460216365425316271e-03,1.524736103339534021e-01,1.514174537245207772e-02,6.676494691194260079e-04,-1.368844422092517054e-04,-1.149967399317662273e-03,-1.512551313189700909e-02
7.195000000000000284e-01,0.000000000000000000e+00,2.057902727431698119e-03,1.293515353494371651e-03,2.106987460301545413e-03,1.354659058728603389e-03,1.000000000000000000e+00,1.000000000000000000e+00,6.728607079676470230e-04,-1.833028283238108966e-04,3.509770200040358574e-03,-1.180306645951401459e-02,5.001384855125685230e-02,7.503504553323026537e-03,1.536597792115547978e-01,1.855009055171152541e-02,6.676494691194260079e-04,-1.368844422092517054e-04,-1.149967399317662273e-03,-1.512551313189700909e-02
7.199999999999999734e-01,0.000000000000000000e+00,2.060514405945535702e-03,1.287937746728621278e-03,2.109556801372347665e-03,1.350727645598950519e-03,1.000000000000000000e+00,1.000000000000000000e+00,6.748613697803855808e-04,-1.888804350895612971e-04,4.001323625477205825e-03,-1.115521353150081621e-02,4.993731369370442430e-02,8.658982385627260123e-03,1.533578262044908158e-01,2.242558218655062857e-02,6.702746097555512808e-04,-1.642432766067699116e-04,4.114506727494346102e-04,-1.420858897353474357e-02
7.205000000000000293e-01,0.000000000000000000e+00,2.063439061945161052e-03,1.282717046725452992e-03,2.112007297541400319e-03,1.346731720160724340e-03,1.000000000000000000e+00,1.000000000000000000e+00,6.771017862569329816e-04,-1.941011350927296635e-04,4.480832953094778144e-03,-1.044140000633674362e-02,4.940580671262764789e-02,9.634293613131689887e-03,1.516121974530320882e-01,2.553396373583593365e-02,6.702746097555512808e-04,-1.642432766067699116e-04,4.114506727494346102e-04,-1.420858897353474357e-02
7.209999999999999742e-01,0.000000000000000000e+00,2.066646095694326703e-03,1.277880178708505361e-03,2.114338935141675362e-03,1.342671172863718274e-03,1.000000000000000000e+00,1.000000000000000000e+00,6.795585166393765990e-04,-1.989380031096772683e-04,4.913460764887144644e-03,-9.673736033895223921e-03,4.926056358990030942e-02,9.744675250616868789e-03,1.517303198299710110e-01,2.546021308247763126e-02,6.702746097555512808e-04,-1.642432766067699116e-04,4.114506727494346102e-04,-1.420858897353474357e-02
7.215000000000000302e-01,0.000000000000000000e+00,2.070124583355942988e-03,1.273426677866793758e-03,2.116553450059450829e-03,1.338546838198335746e-03,1.000000000000000000e+00,1.000000000000000000e+00,6.822231927830156020e-04,-2.033915039513888978e-04,5.329352287277903596e-03,-8.907001683423242805e-03,4.920401063520144641e-02,9.659768427751574613e-03,1.518543081216209845e-01,2.536598465772113564e-02,6.702746097555512808e-04,-1.642432766067699116e-04,4.114506727494346102e-04,-1.420858897353474357e-02
7.219999999999999751e-01,0.000000000000000000e+00,2.073868140781316271e-03,1.269349937576494869e-03,2.118654109704239379e-03,1.334360383669922368e-03,1.000000000000000000e+00,1.000000000000000000e+00,6.850909241462195803e-04,-2.074682442416877874e-04,5.735462726407923595e-03,-8.153480580597789740e-03,4.849863384807660133e-02,9.858246181078299253e-03,1.493776083645027286e-01,2.653335306148614514e-02,6.730125348014680438e-04,-1.951429738522050773e-04,1.018578960199645724e-03,-1.499563285703861548e-02
7.225000000000000311e-01,0.000000000000000000e+00,2.077837921455620920e-03,1.265652242525596967e-03,2.120645494978720767e-03,1.330114198773082058e-03,1.000000000000000000e+00,1.000000000000000000e+00,6.881319525721718870e-04,-2.111659392925856345e-04,6.082056851904705380e-03,-7.395390101795699424e-03,4.764746694005279892e-02,1.038020663110039883e-02,1.468571538765566509e-01,2.871706936133910232e-02,6.730125348014680438e-04,-1.951429738522050773e-04,1.018578960199645724e-03,-1.499563285703861548e-02
7.229999999999999760e-01,0.000000000000000000e+00,2.081988200728522673e-03,1.262345918337092789e-03,2.122533282248673884e-03,1.325811283966011819e-03,1.000000000000000000e+00,1.000000000000000000e+00,6.913112509465700649e-04,-2.144722634810899758e-04,6.358596748796344587e-03,-6.612648377008677365e-03,4.760986302792821756e-02,1.029352717956042752e-02,1.475837612976388935e-01,2.827149243286330993e-02,6.730125348014680438e-04,-1.951429738522050773e-04,1.018578960199645724e-03,-1.499563285703861548e-02
7.235000000000000320e-01,0.000000000000000000e+00,2.086314525269737999e-03,1.259424079859577592e-03,2.124324025312905768e-03,1.321455139644814834e-03,1.000000000000000000e+00,1.000000000000000000e+00,6.946254078204973544e-04,-2.173941019586051729e-04,6.628313747854617903e-03,-5.843676955030399287e-03,4.757318689386909327e-02,1.020837262730358609e-02,1.476158622655617259e-01,2.834548724181389784e-02,6.730125348014680438e-04,-1.951429738522050773e-04,1.018578960199645724e-03,-1.499563285703861548e-02
7.239999999999999769e-01,0.000000000000000000e+00,2.090812520055634026e-03,1.256879926072431005e-03,2.126024937373187113e-03,1.317049655117837840e-03,1.000000000000000000e+00,1.000000000000000000e+00,6.980710717314111535e-04,-2.199382557457516777e-04,6.891327821827541826e-03,-5.088307574292989278e-03,4.758389744508847996e-02,9.786110115496470668e-03,1.478276651985919454e-01,2.710311766966754660e-02,6.767209670505014299e-04,-2.152950281905704880e-04,1.548430324849439611e-03,-1.187626490817563982e-02
7.245000000000000329e-01,0.000000000000000000e+00,2.095480215579947382e-03,1.254696155884925434e-03,2.127643673004178670e-03,1.312598997579983353e-03,1.000000000000000000e+00,1.000000000000000000e+00,7.016467339499824927e-04,-2.221220259332572222e-04,7.151324437142754856e-03,-4.367540375011070425e-03,4.743174918833807652e-02,8.515090562559612941e-03,1.473649341859140927e-01,2.283735838864367138e-02,6.767209670505014299e-04,-2.152950281905704880e-04,1.548430324849439611e-03,-1.187626490817563982e-02
7.249999999999999778e-01,0.000000000000000000e+00,2.100307486652839162e-03,1.252829100563717518e-03,2.129188110123365462e-03,1.308107501087044230e-03,1.000000000000000000e+00,1.000000000000000000e+00,7.053446381308003726e-04,-2.239890812544650294e-04,7.395808361635797072e-03,-3.734110642415634698e-03,4.728171034823620833e-02,7.253742608148223275e-03,1.470412292765115314e-01,1.929614932094108823e-02,6.767209670505014299e-04,-2.152950281905704880e-04,1.548430324849439611e-03,-1.187626490817563982e-02
7.255000000000000338e-01,0.000000000000000000e+00,2.105284413411141493e-03,1.251235865531294053e-03,2.130666132188943195e-03,1.303579555626911473e-03,1.000000000000000000e+00,1.000000000000000000e+00,7.091571852178080778e-04,-2.255823162868886300e-04,7.625094174015340995e-03,-3.186470064847176514e-03,4.720940285481049770e-02,6.773613424480998471e-03,1.470095796604386773e-01,1.874377701850210923e-02,6.767209670505014299e-04,-2.152950281905704880e-04,1.548430324849439611e-03,-1.187626490817563982e-02
7.259999999999999787e-01,0.000000000000000000e+00,2.110405068769517084e-03,1.249898440988003647e-03,2.132085431008780025e-03,1.299019504951423988e-03,1.000000000000000000e+00,1.000000000000000000e+00,7.130798348002188956e-04,-2.269197408301791173e-04,7.845299164821684101e-03,-2.674849086580997123e-03,4.788297597028791375e-02,8.020248437209408221e-03,1.498035252218307689e-01,2.421518390795771719e-02,6.916439145309488321e-04,-2.137303416930652828e-04,5.297706035235189015e-03,-3.849837778169864968e-03
7.265000000000000346e-01,0.000000000000000000e+00,2.115700947431859401e-03,1.248852967684353386e-03,2.133453410824558399e-03,1.294431587454649563e-03,1.000000000000000000e+00,1.000000000000000000e+00,7.171367132209388508e-04,-2.279652141338292157e-04,8.113756841439969530e-03,-2.090946607300200356e-03,4.742811468365147609e-02,6.871324442889857435e-03,1.476037684407030537e-01,1.894006931990141473e-02,6.916439145309488321e-04,-2.137303416930652828e-04,5.297706035235189015e-03,-3.849837778169864968e-03
7.269999999999999796e-01,0.000000000000000000e+00,2.121146622629650064e-03,1.248060259666235183e-03,2.134777166596410307e-03,1.289819908589700213e-03,1.000000000000000000e+00,1.000000000000000000e+00,7.213083424452372463e-04,-2.287579221519473913e-04,8.343258448596747520e-03,-1.585416036236327389e-03,4.697855064572749317e-02,5.731079216809261551e-03,1.463673113403442527e-01,1.570994841728192218e-02,6.916439145309488321e-04,-2.137303416930652828e-04,5.297706035235189015e-03,-3.849837778169864968e-03
7.275000000000000355e-01,0.000000000000000000e+00,2.126717211667759466e-03,1.247481829229148175e-03,2.136063469312406322e-03,1.285188416271400638e-03,1.000000000000000000e+00,1.000000000000000000e+00,7.255756612227804185e-04,-2.293363525890344541e-04,8.534637555086261110e-03,-1.156860874174113528e-03,4.653417050778024117e-02,4.599358113083510009e-03,1.451263321889171287e-01,1.247241879452911859e-02,6.916439145309488321e-04,-2.137303416930652828e-04,5.297706035235189015e-03,-3.849837778169864968e-03
7.279999999999999805e-01,0.000000000000000000e+00,2.132388366740162362e-03,1.247079878328981274e-03,2.137318751304718122e-03,1.280540876281812453e-03,1.000000000000000000e+00,1.000000000000000000e+00,7.299200180520603936e-04,-2.297383034892013821e-04,8.688713658559990213e-03,-8.039018003338671992e-04,4.709101431205131583e-02,4.103207559013756500e-03,1.477496417209649693e-01,1.166344100378940291e-02,7.150736010439263154e-04,-2.167799645096103690e-04,9.366611846293809718e-03,-2.375611346482040670e-03
7.285000000000000364e-01,0.000000000000000000e+00,2.138186173805816780e-03,1.246836893227863717e-03,2.138549091565777101e-03,1.275880847675737832e-03,1.000000000000000000e+00,1.000000000000000000e+00,7.343613959369811161e-04,-2.299812885903188572e-04,8.882755769841496965e-03,-4.859702022349278710e-04,4.640353884729260525e-02,3.184514384607398281e-03,1.447068387792023458e-01,8.655825580524462506e-03,7.150736010439263154e-04,-2.167799645096103690e-04,9.366611846293809718e-03,-2.375611346482040670e-03
7.289999999999999813e-01,0.000000000000000000e+00,2.144074059833629524e-03,1.246722339214621474e-03,2.139760201064449044e-03,1.271211658186249165e-03,1.000000000000000000e+00,1.000000000000000000e+00,7.388717783103048711e-04,-2.300958426035611820e-04,9.020764746647553373e-03,-2.291080264846352883e-04,4.572368277159335331e-02,2.272583931373829084e-03,1.427262618316009202e-01,6.008918028730858216e-03,7.150736010439263154e-04,-2.167799645096103690e-04,9.366611846293809718e-03,-2.375611346482040670e-03
7.295000000000000373e-01,0.000000000000000000e+00,2.150016248584837864e-03,1.246706233441682854e-03,2.140957408062190998e-03,1.266536379630192263e-03,1.000000000000000000e+00,1.000000000000000000e+00,7.434237589831319860e-04,-2.301119483764998833e-04,9.103961345654304482e-03,-3.221154587738025185e-05,4.505128008638593917e-02,1.367293974489967130e-03,1.407391805138430430e-01,3.356237410169111545e-03,7.150736010439263154e-04,-2.167799645096103690e-04,9.366611846293809718e-03,-2.375611346482040670e-03
7.299999999999999822e-01,0.000000000000000000e+00,2.155977747087361052e-03,1.246759138087133153e-03,2.142145643429216404e-03,1.261857803313711900e-03,1.000000000000000000e+00,1.000000000000000000e+00,7.479905317836520792e-04,-2.300590437310495034e-04,9.133545601040181025e-03,1.058092909007628452e-04,4.415819593436566548e-02,3.619664163288902232e-05,1.378603719762802882e-01,-9.811237838294318940e-04,7.313259774522237701e-04,-2.263984102006818763e-04,8.580098048679755951e-03,-3.918688209099668168e-03
7.305000000000000382e-01,0.000000000000000000e+00,2.161912910771942881e-03,1.246838641166158473e-03,2.143329425960662817e-03,1.257178415437759569e-03,1.000000000000000000e+00,1.000000000000000000e+00,7.525371309432276777e-04,-2.299795406520240742e-04,9.093198319151169287e-03,1.590061580508753136e-04,4.345270812119809284e-02,-7.927031308289509337e-04,1.358615800398981777e-01,-3.041105596752594932e-03,7.313259774522237701e-04,-2.263984102006818763e-04,8.580098048679755951e-03,-3.918688209099668168e-03
7.309999999999999831e-01,0.000000000000000000e+00,2.167786027519652027e-03,1.246918517060891353e-03,2.144512847692751391e-03,1.252500372503616202e-03,1.000000000000000000e+00,1.000000000000000000e+00,7.570361993915991454e-04,-2.298996647572913027e-04,8.998136896743020446e-03,1.597517894655441756e-04,4.275466034021097039e-02,-1.615794545051834220e-03,1.337026445515366591e-01,-5.529793543329124608e-03,7.313259774522237701e-04,-2.263984102006818763e-04,8.580098048679755951e-03,-3.918688209099668168e-03
7.315000000000000391e-01,0.000000000000000000e+00,2.173562180254202600e-03,1.246973026600884651e-03,2.145699559218977159e-03,1.247825476718569717e-03,1.000000000000000000e+00,1.000000000000000000e+00,7.614609890965079756e-04,-2.298451552172980862e-04,8.849579409817584161e-03,1.090190799864133473e-04,4.206388695735492622e-02,-2.433185337711357612e-03,1.315373578028706802e-01,-8.023439854899576743e-03,7.313259774522237701e-04,-2.263984102006818763e-04,8.580098048679755951e-03,-3.918688209099668168e-03
7.319999999999999840e-01,0.000000000000000000e+00,2.179207233357507208e-03,1.246976910957533049e-03,2.146892755154692755e-03,1.243155152615644425e-03,1.000000000000000000e+00,1.000000000000000000e+00,7.657853506574061617e-04,-2.298412708606495803e-04,8.648723121796412019e-03,7.768713297009888371e-06,4.167154457832648873e-02,-3.016741575835341950e-03,1.304972468228756122e-01,-9.635544695196153475e-03,7.508624987617459152e-04,-2.313873993543561153e-04,9.333474759458964057e-03,-3.015651614028421693e-03
7.325000000000000400e-01,0.000000000000000000e+00,2.184702414612036715e-03,1.246912519264370411e-03,2.148095161765635648e-03,1.238490441375663526e-03,1.000000000000000000e+00,1.000000000000000000e+00,7.699949037213700640e-04,-2.299056625538122174e-04,8.419106127927868805e-03,-1.287833863252607798e-04,4.100883200886291935e-02,-3.846272160408128159e-03,1.281371626129605423e-01,-1.241772783644389498e-02,7.508624987617459152e-04,-2.313873993543561153e-04,9.333474759458964057e-03,-3.015651614028421693e-03
7.329999999999999849e-01,0.000000000000000000e+00,2.190015641328709774e-03,1.246754725692771158e-03,2.149309028332351511e-03,1.233832025711450574e-03,1.000000000000000000e+00,1.000000000000000000e+00,7.740650715227086502e-04,-2.300634561254115526e-04,8.140335602677148050e-03,-3.155871431986553388e-04,4.035280333960863247e-02,-4.670237964221733533e-03,1.260078827082383168e-01,-1.498993243665494059e-02,7.508624987617459152e-04,-2.313873993543561153e-04,9.333474759458964057e-03,-3.015651614028421693e-03
7.335000000000000409e-01,0.000000000000000000e+00,2.195115559369828322e-03,1.246478881091685588e-03,2.150536119501034703e-03,1.229180262821338333e-03,1.000000000000000000e+00,1.000000000000000000e+00,7.779718353984698244e-04,-2.303393007264971219e-04,7.813527751522273898e-03,-5.516892021711495685e-04,3.970330678887433462e-02,-5.488744560160655969e-03,1.238728970230774384e-01,-1.756688746942886015e-02,7.508624987617459152e-04,-2.313873993543561153e-04,9.333474759458964057e-03,-3.015651614028421693e-03
7.339999999999999858e-01,0.000000000000000000e+00,2.199971530627861313e-03,1.246060806939715574e-03,2.151777707653157977e-03,1.224535217496648416e-03,1.000000000000000000e+00,1.000000000000000000e+00,7.816917251966315266e-04,-2.307573748784670273e-04,7.439779596323511067e-03,-8.361483039398199179e-04,3.887695937822290698e-02,-5.165696317746057767e-03,1.210207172671204923e-01,-1.573588847638684660e-02,7.587228961408441254e-04,-2.219775307435338312e-04,5.907426563575833914e-03,1.879730209558075783e-03
7.345000000000000417e-01,0.000000000000000000e+00,2.204544440551573208e-03,1.245512301362186776e-03,2.153034565275127338e-03,1.219896695229154455e-03,1.000000000000000000e+00,1.000000000000000000e+00,7.851947774325746063e-04,-2.313058804559958259e-04,7.006104471886160333e-03,-1.097011155057589548e-03,3.902041514982606402e-02,-6.332120681892277128e-03,1.220542467634716799e-01,-2.065384719644471762e-02,7.587228961408441254e-04,-2.219775307435338312e-04,5.907426563575833914e-03,1.879730209558075783e-03
7.349999999999999867e-01,0.000000000000000000e+00,2.208844249350617149e-03,1.244798486513776833e-03,2.154306957327925195e-03,1.215264275318564575e-03,1.000000000000000000e+00,1.000000000000000000e+00,7.884886220695564059e-04,-2.320196953044058774e-04,6.587689273963536624e-03,-1.427629696820092867e-03,3.916179587568668907e-02,-7.490820422685218020e-03,1.222598937580801626e-01,-2.430030224404599801e-02,7.587228961408441254e-04,-2.219775307435338312e-04,5.907426563575833914e-03,1.879730209558075783e-03
7.355000000000000426e-01,0.000000000000000000e+00,2.212880728418991326e-03,1.243885150280604930e-03,2.155594633616753943e-03,1.210637343979983471e-03,1.000000000000000000e+00,1.000000000000000000e+00,7.915807444296503632e-04,-2.329330315375777258e-04,6.184244720187958948e-03,-1.826672466343672984e-03,3.930114089243884334e-02,-8.641942983999202979e-03,1.224673121369158624e-01,-2.795335149614540729e-02,7.587228961408441254e-04,-2.219775307435338312e-04,5.907426563575833914e-03,1.879730209558075783e-03
7.359999999999999876e-01,0.000000000000000000e+00,2.216663463393558561e-03,1.242738737809499653e-03,2.156896821160683882e-03,1.206015127451394008e-03,1.000000000000000000e+00,1.000000000000000000e+00,7.944784875367097259e-04,-2.340794440086829762e-04,5.795486214118777263e-03,-2.292824942210507696e-03,3.938836940985459417e-02,-1.064068655811330200e-02,1.224818212462135958e-01,-3.493360304096756325e-02,7.801165414052725795e-04,-2.346157679979871482e-04,8.944232669357888438e-03,-3.318903156967918482e-03
7.365000000000000435e-01,0.000000000000000000e+00,2.220199346143026092e-03,1.241299618390340415e-03,2.158212216562295505e-03,1.201396725101121048e-03,1.000000000000000000e+00,1.000000000000000000e+00,7.971871308684593893e-04,-2.355185634278422952e-04,5.417286663499413721e-03,-2.878238838318633239e-03,3.853798586762781364e-02,-1.103766212437020354e-02,1.189050295734494778e-01,-3.502084202011552377e-02,7.801165414052725795e-04,-2.346157679979871482e-04,8.944232669357888438e-03,-3.318903156967918482e-03
7.369999999999999885e-01,0.000000000000000000e+00,2.223448241333778747e-03,1.239558951249200265e-03,2.159538978377327414e-03,1.196781142535311739e-03,1.000000000000000000e+00,1.000000000000000000e+00,7.996759289756116221e-04,-2.372592305689823634e-04,4.977596214304399677e-03,-3.481334282280130685e-03,3.769596386155726203e-02,-1.143267966689874744e-02,1.161286401181707562e-01,-3.647544680071755641e-02,7.801165414052725795e-04,-2.346157679979871482e-04,8.944232669357888438e-03,-3.318903156967918482e-03
7.375000000000000444e-01,0.000000000000000000e+00,2.226370931777590934e-03,1.237508093797114401e-03,2.160874719484320774e-03,1.192167324705399991e-03,1.000000000000000000e+00,1.000000000000000000e+00,8.019148397490506036e-04,-2.393100880210681741e-04,4.477821546877923907e-03,-4.101714904171602401e-03,3.686211211116353220e-02,-1.182578307901199256e-02,1.133451127512021817e-01,-3.793172306849592473e-02,7.801165414052725795e-04,-2.346157679979871482e-04,8.944232669357888438e-03,-3.318903156967918482e-03
7.379999999999999893e-01,0.000000000000000000e+00,2.228929102618355806e-03,1.235138598933543160e-03,2.162216499677301063e-03,1.187554188978106988e-03,1.000000000000000000e+00,1.000000000000000000e+00,8.038745123061677520e-04,-2.416795828846394687e-04,3.919345114234360980e-03,-4.738989727142582133e-03,3.694081766014716689e-02,-1.226794457582475358e-02,1.140676729169703418e-01,-3.958742397577325739e-02,7.929403926284801915e-04,-2.352066087233946454e-04,7.338576042824417923e-03,-1.401807373123349415e-03
7.385000000000000453e-01,0.000000000000000000e+00,2.231130645636539463e-03,1.232440620590769973e-03,2.163560833335484955e-03,1.182940655671844889e-03,1.000000000000000000e+00,1.000000000000000000e+00,8.055609921015345837e-04,-2.443775612274127367e-04,3.372959590733604855e-03,-5.395956685546553916e-03,3.744156999239652006e-02,-1.327468919897349837e-02,1.156566906820085394e-01,-4.340236402349186007e-02,7.929403926284801915e-04,-2.352066087233946454e-04,7.338576042824417923e-03,-1.401807373123349415e-03
7.389999999999999902e-01,0.000000000000000000e+00,2.233004546132114597e-03,1.229386818346021003e-03,2.164903761911329307e-03,1.178325667700919760e-03,1.000000000000000000e+00,1.000000000000000000e+00,8.069964831631279249e-04,-2.474313634721617616e-04,2.870982123186632123e-03,-6.107604489498018492e-03,3.772220295908087356e-02,-1.373347043598387163e-02,1.160540069154969156e-01,-4.463075476972681171e-02,7.929403926284801915e-04,-2.352066087233946454e-04,7.338576042824417923e-03,-1.401807373123349415e-03
7.395000000000000462e-01,0.000000000000000000e+00,2.234568461370873074e-03,1.225967336662850491e-03,2.166240968578802498e-03,1.173708203135000877e-03,1.000000000000000000e+00,1.000000000000000000e+00,8.081945117412876181e-04,-2.508508451553322733e-04,2.396057156319437911e-03,-6.838963366340993118e-03,3.778678328517696972e-02,-1.365248103128478309e-02,1.158144416853746361e-01,-4.423911142889370290e-02,7.929403926284801915e-04,-2.352066087233946454e-04,7.338576042824417923e-03,-1.401807373123349415e-03
7.399999999999999911e-01,0.000000000000000000e+00,2.235829054049806672e-03,1.222189346631051814e-03,2.167567896280163820e-03,1.169087287187528176e-03,1.000000000000000000e+00,1.000000000000000000e+00,8.091601817580213515e-04,-2.546288351871307332e-04,1.931340033467499311e-03,-7.555980063596895446e-03,3.800279600508132266e-02,-1.376855521634517271e-02,1.163528147693359271e-01,-4.506740877829466113e-02,8.161623346746892712e-04,-2.485439049488727772e-04,1.004756794420121405e-02,-4.741346197439839233e-03
7.405000000000000471e-01,0.000000000000000000e+00,2.236800530654771586e-03,1.218053817364223804e-03,2.168879865774119790e-03,1.164462004203861440e-03,1.000000000000000000e+00,1.000000000000000000e+00,8.099043760128746619e-04,-2.587643644539588516e-04,1.488388509706523727e-03,-8.271058533656283629e-03,3.736850760049353903e-02,-1.284544195333286315e-02,1.134711297041483269e-01,-4.169079612184839467e-02,8.161623346746892712e-04,-2.485439049488727772e-04,1.004756794420121405e-02,-4.741346197439839233e-03
7.409999999999999920e-01,0.000000000000000000e+00,2.237454364548912590e-03,1.213594227118498401e-03,2.170172193683990447e-03,1.159831509649448785e-03,1.000000000000000000e+00,1.000000000000000000e+00,8.104052418342042909e-04,-2.632239546996842003e-04,1.001731642659312548e-03,-8.919180491450651518e-03,3.674016225116390894e-02,-1.192974333754884785e-02,1.113153129749901438e-01,-3.920129656219561998e-02,8.161623346746892712e-04,-2.485439049488727772e-04,1.004756794420121405e-02,-4.741346197439839233e-03
7.415000000000000480e-01,0.000000000000000000e+00,2.237762694563692929e-03,1.208843469862114521e-03,2.171440310545874781e-03,1.155195042097978235e-03,1.000000000000000000e+00,1.000000000000000000e+00,8.106414363286735701e-04,-2.679747119560681894e-04,4.723889889385823014e-04,-9.501514512767978218e-03,3.611762131772174728e-02,-1.102132996295128974e-02,1.091544228953365697e-01,-3.670546741236494631e-02,8.161623346746892712e-04,-2.485439049488727772e-04,1.004756794420121405e-02,-4.741346197439839233e-03
7.419999999999999929e-01,0.000000000000000000e+00,2.237698313473633540e-03,1.203833862384798411e-03,2.172679878856816592e-03,1.150551935219545777e-03,1.000000000000000000e+00,1.000000000000000000e+00,8.105921175523917105e-04,-2.729843194333841905e-04,-9.863755256362923603e-05,-1.001921495463197441e-02,3.438201006815365390e-02,-1.116050025716385126e-02,1.026437775116278428e-01,-3.824408132687057843e-02,8.077382878964231832e-04,-2.528326666613287151e-04,1.006007503922700178e-03,-3.094691777618870446e-03
7.425000000000000488e-01,0.000000000000000000e+00,2.237178607033840552e-03,1.198564632745252080e-03,2.173886911122965143e-03,1.145901629768807583e-03,1.000000000000000000e+00,1.000000000000000000e+00,8.101939993221352011e-04,-2.782535490729305216e-04,-7.962364605130677541e-04,-1.053845927909270209e-02,3.528763961258456899e-02,-1.177259513121663680e-02,1.072741552704153112e-01,-4.072575702967735911e-02,8.077382878964231832e-04,-2.528326666613287151e-04,1.006007503922700178e-03,-3.094691777618870446e-03
7.429999999999999938e-01,0.000000000000000000e+00,2.236254301348375526e-03,1.193020266121347546e-03,2.175057887907743195e-03,1.141243685573146548e-03,1.000000000000000000e+00,1.000000000000000000e+00,8.094859400880413539e-04,-2.837979156968350016e-04,-1.416118468187633258e-03,-1.108873324780893302e-02,3.618270120815392926e-02,-1.238125383665801722e-02,1.096498105491657965e-01,-4.280371578098523394e-02,8.077382878964231832e-04,-2.528326666613287151e-04,1.006007503922700178e-03,-3.094691777618870446e-03
7.435000000000000497e-01,0.000000000000000000e+00,2.234975049091170521e-03,1.187185566686411661e-03,2.176189875880009828e-03,1.136577793520825164e-03,1.000000000000000000e+00,1.000000000000000000e+00,8.085059760050621958e-04,-2.896326151317709405e-04,-1.959928165958252887e-03,-1.166939886987192025e-02,3.706741848636113668e-02,-1.298654702348697905e-02,1.120344872665977459e-01,-4.488460785311375323e-02,8.077382878964231832e-04,-2.528326666613287151e-04,1.006007503922700178e-03,-3.094691777618870446e-03
7.439999999999999947e-01,0.000000000000000000e+00,2.233389447562649822e-03,1.181045653414587769e-03,2.177280645860361907e-03,1.131903787548849995e-03,1.000000000000000000e+00,1.000000000000000000e+00,8.072913347651376140e-04,-2.957725284035948323e-04,-2.429282479849147018e-03,-1.227982654364781490e-02,3.789037962901565387e-02,-1.415530852784576896e-02,1.142274745794933516e-01,-4.916949224379517369e-02,8.132301613850399531e-04,-2.733146389332853816e-04,2.109242163388679644e-03,-7.625933301636664101e-03
7.445000000000000506e-01,0.000000000000000000e+00,2.231542469682211947e-03,1.174568241676286155e-03,2.178328785605283292e-03,1.127221655774420309e-03,1.000000000000000000e+00,1.000000000000000000e+00,8.058764676232645129e-04,-3.022499401418963930e-04,-2.829734283746108189e-03,-1.295482347660314136e-02,3.794483308984764741e-02,-1.408056054637634238e-02,1.135249453013011112e-01,-4.817176691573462483e-02,8.132301613850399531e-04,-2.733146389332853816e-04,2.109242163388679644e-03,-7.625933301636664101e-03
7.449999999999999956e-01,0.000000000000000000e+00,2.229440092263755731e-03,1.167760326483391646e-03,2.179333745662816527e-03,1.122531540734000074e-03,1.000000000000000000e+00,1.000000000000000000e+00,8.042659530845175288e-04,-3.090578553347910103e-04,-3.221029077494043987e-03,-1.361583038578921025e-02,3.799804137987847219e-02,-1.400736179570546275e-02,1.134784605421179787e-01,-4.823557630204253904e-02,8.132301613850399531e-04,-2.733146389332853816e-04,2.109242163388679644e-03,-7.625933301636664101e-03
7.455000000000000515e-01,0.000000000000000000e+00,2.227088189194555753e-03,1.160628810558992675e-03,2.180295780448030917e-03,1.117833722569726426e-03,1.000000000000000000e+00,1.000000000000000000e+00,8.024642908076024114e-04,-3.161893712591900348e-04,-3.603324553830261796e-03,-1.426303184879800824e-02,3.805002594217620632e-02,-1.393569183603295993e-02,1.134330387358482295e-01,-4.829806317148027661e-02,8.132301613850399531e-04,-2.733146389332853816e-04,2.109242163388679644e-03,-7.625933301636664101e-03
7.459999999999999964e-01,0.000000000000000000e+00,2.224492533040461385e-03,1.153180505266778681e-03,2.181215864453083571e-03,1.113128598169070820e-03,1.000000000000000000e+00,1.000000000000000000e+00,8.004759028345107474e-04,-3.236376765514040296e-04,-3.976775946183409502e-03,-1.489661058442801056e-02,3.742489536286797841e-02,-1.429911844709743501e-02,1.107636469291089498e-01,-5.004315353978469605e-02,8.013630696112366203e-04,-2.990145683206285750e-04,-2.990437944207103432e-03,-1.093832805888191040e-02
7.465000000000000524e-01,0.000000000000000000e+00,2.221624932915057006e-03,1.145408579709878945e-03,2.182095608073863179e-03,1.108416660242084401e-03,1.000000000000000000e+00,1.000000000000000000e+00,7.982791936933577312e-04,-3.314096021083036566e-04,-4.393418282306135562e-03,-1.554385111379926430e-02,3.830667985361467520e-02,-1.358484200952965459e-02,1.145018185760682677e-01,-4.723726217727336474e-02,8.013630696112366203e-04,-2.990145683206285750e-04,-2.990437944207103432e-03,-1.093832805888191040e-02
7.469999999999999973e-01,0.000000000000000000e+00,2.218533054111774053e-03,1.137340002794076524e-03,2.182937173436618611e-03,1.103698476398652694e-03,1.000000000000000000e+00,1.000000000000000000e+00,7.959106771173054097e-04,-3.394781790241061859e-04,-4.737033152104644720e-03,-1.613715383160505695e-02,3.917853406501576458e-02,-1.287653855101194428e-02,1.169535966114799014e-01,-4.535136315172595689e-02,8.013630696112366203e-04,-2.990145683206285750e-04,-2.990437944207103432e-03,-1.093832805888191040e-02
7.475000000000000533e-01,0.000000000000000000e+00,2.215263535589124567e-03,1.129001276779333747e-03,2.183743190224610511e-03,1.098974668225745528e-03,1.000000000000000000e+00,1.000000000000000000e+00,7.934060806213548336e-04,-3.478169050388488551e-04,-5.009192991901123722e-03,-1.667745202948529154e-02,4.004067181705871226e-02,-1.217410472045807671e-02,1.194138517324055265e-01,-4.346036523092913773e-02,8.013630696112366203e-04,-2.990145683206285750e-04,-2.990437944207103432e-03,-1.093832805888191040e-02
7.479999999999999982e-01,0.000000000000000000e+00,2.211862007329809705e-03,1.120418442931536696e-03,2.184516671504732957e-03,1.094245890364670213e-03,1.000000000000000000e+00,1.000000000000000000e+00,7.908003588001945566e-04,-3.563997388866458520e-04,-5.211443642320564423e-03,-1.716566769559401892e-02,4.078101780297880424e-02,-1.188561509029652935e-02,1.214463226276751434e-01,-4.314957618825124991e-02,7.977822413653012533e-04,-3.281943733911411084e-04,-2.229540408234509039e-03,-1.325367711472313047e-02
7.485000000000000542e-01,0.000000000000000000e+00,2.208367481844930418e-03,1.111604329531253174e-03,2.185260929554166780e-03,1.089512809588319940e-03,1.000000000000000000e+00,1.000000000000000000e+00,7.881233969711654149e-04,-3.652138522869295364e-04,-5.353923658058271084e-03,-1.762822680056732802e-02,4.130508139559595226e-02,-1.080703172482193504e-02,1.227743598657802249e-01,-3.940592959845794913e-02,7.977822413653012533e-04,-3.281943733911411084e-04,-2.229540408234509039e-03,-1.325367711472313047e-02
7.489999999999999991e-01,0.000000000000000000e+00,2.204807692648818110e-03,1.102596336348566795e-03,2.185979491687008603e-03,1.084776083878431514e-03,1.000000000000000000e+00,1.000000000000000000e+00,7.853964402388083528e-04,-3.742218454696159152e-04,-5.453913464714158117e-03,-1.801598636537276449e-02,4.182336716697851453e-02,-9.736731529787700026e-03,1.242870288024885694e-01,-3.633675468515629864e-02,7.977822413653012533e-04,-3.281943733911411084e-04,-2.229540408234509039e-03,-1.325367711472313047e-02
7.495000000000000551e-01,0.000000000000000000e+00,2.201209768699087868e-03,1.093431191361999774e-03,2.186676016080912020e-03,1.080036341502828116e-03,1.000000000000000000e+00,1.000000000000000000e+00,7.826402705903528871e-04,-3.833869904561829360e-04,-5.512339296911016387e-03,-1.833028997313401742e-02,4.233600106656725676e-02,-8.674565719145283654e-03,1.258046300359616787e-01,-3.326050875786748517e-02,7.977822413653012533e-04,-3.281943733911411084e-04,-2.229540408234509039e-03,-1.325367711472313047e-02
7.500000000000000000e-01,0.000000000000000000e+00,2.197600244660863691e-03,1.084144959056432787e-03,2.187354207603724437e-03,1.075294160092679641e-03,1.000000000000000000e+00,1.000000000000000000e+00,7.798752147585670189e-04,-3.926732227617499770e-04,-5.530111663571644562e-03,-1.857246461113409852e-02,4.232320861801790179e-02,-8.714185607216344207e-03,1.253079476952662363e-01,-3.442525974750593187e-02,7.880855037039369597e-04,-3.650156524862068841e-04,-3.890057523400877043e-03,-1.652354554464766090e-02
7.505000000000000560e-01,0.000000000000000000e+00,2.193979023727155205e-03,1.074738861901168921e-03,2.188017733741747916e-03,1.070550045792699467e-03,1.000000000000000000e+00,1.000000000000000000e+00,7.771011985849935952e-04,-4.020793199170138435e-04,-5.548032347146817853e-03,-1.881219431052776753e-02,4.281642324898541491e-02,-7.650165283285039960e-03,1.272248822764772413e-01,-3.036224479637529561e-02,7.880855037039369597e-04,-3.650156524862068841e-04,-3.890057523400877043e-03,-1.652354554464766090e-02
7.510000000000000009e-01,0.000000000000000000e+00,2.190371362867787452e-03,1.065248616092048014e-03,2.188670146518757395e-03,1.065804416712032125e-03,1.000000000000000000e+00,1.000000000000000000e+00,7.743375700310170138e-04,-4.115695657261345336e-04,-5.527257107953196559e-03,-1.898049161824134912e-02,4.330437600600369613e-02,-6.594055257651305381e-03,1.287098586886955831e-01,-2.724136370957397357e-02,7.880855037039369597e-04,-3.650156524862068841e-04,-3.890057523400877043e-03,-1.652354554464766090e-02
7.515000000000000568e-01,0.000000000000000000e+00,2.186801960205818872e-03,1.055709284823490692e-03,2.189314828501348620e-03,1.061057603666349346e-03,1.000000000000000000e+00,1.000000000000000000e+00,7.716032489565620087e-04,-4.211088969946919099e-04,-5.468642148909907963e-03,-1.907866253711479332e-02,4.378718331559814519e-02,-5.545710905841582869e-03,1.301993269539503117e-01,-2.411372991494083878e-02,7.880855037039369597e-04,-3.650156524862068841e-04,-3.890057523400877043e-03,-1.652354554464766090e-02
7.520000000000000018e-01,0.000000000000000000e+00,2.183294964548737876e-03,1.046155286426596852e-03,2.189954953544881542e-03,1.056309861502016927e-03,1.000000000000000000e+00,1.000000000000000000e+00,7.689167344214124875e-04,-4.306628953915858584e-04,-5.373029070299002383e-03,-1.910799679378793678e-02,4.433032437351075439e-02,-4.433685764828124154e-03,1.319470421888666589e-01,-2.070254775111075168e-02,7.801045858046598775e-04,-3.951989977337865738e-04,-3.953718924516623143e-03,-1.561563975309319258e-02
7.525000000000000577e-01,0.000000000000000000e+00,2.179877259593682691e-03,1.036622631029674758e-03,2.190593448631613857e-03,1.051561381204308039e-03,1.000000000000000000e+00,1.000000000000000000e+00,7.662986205323724489e-04,-4.401955507885078975e-04,-5.236227778080040918e-03,-1.906531079384403415e-02,4.490974067360340577e-02,-3.489576622569235190e-03,1.338058851261852422e-01,-1.796688231865362084e-02,7.801045858046598775e-04,-3.951989977337865738e-04,-3.953718924516623143e-03,-1.561563975309319258e-02
7.530000000000000027e-01,0.000000000000000000e+00,2.176577223729775010e-03,1.027141659392632588e-03,2.191232955709093884e-03,1.046812302005826426e-03,1.000000000000000000e+00,1.000000000000000000e+00,7.637706463967323511e-04,-4.496765224255501220e-04,-5.055948271280164344e-03,-1.896194327408443070e-02,4.548324480341316839e-02,-2.552187245834113081e-03,1.356337613284004373e-01,-1.508787365978185406e-02,7.801045858046598775e-04,-3.951989977337865738e-04,-3.953718924516623143e-03,-1.561563975309319258e-02
7.535000000000000586e-01,0.000000000000000000e+00,2.173422595820415949e-03,1.017742143589607084e-03,2.191875793528543469e-03,1.042062723494900991e-03,1.000000000000000000e+00,1.000000000000000000e+00,7.613540612166597816e-04,-4.590760382285756806e-04,-4.833170360145190927e-03,-1.879903160605109202e-02,4.605096999759731441e-02,-1.621391684084623605e-03,1.374666845158328821e-01,-1.220312860367532386e-02,7.801045858046598775e-04,-3.951989977337865738e-04,-3.953718924516623143e-03,-1.561563975309319258e-02
7.540000000000000036e-01,0.000000000000000000e+00,2.170440486169975414e-03,1.008453294182859797e-03,2.192523919483261273e-03,1.037312717724013988e-03,1.000000000000000000e+00,1.000000000000000000e+00,7.590696326901685050e-04,-4.683648876353229133e-04,-4.568857052982569673e-03,-1.857769881349446289e-02,4.585739975542850455e-02,-2.078834584268206189e-03,1.363698629259883777e-01,-1.467907614930652124e-02,7.659143104250998226e-04,-4.405559675049181673e-04,-5.945594215357286050e-03,-2.009396873551614476e-02
7.545000000000000595e-01,0.000000000000000000e+00,2.167619528829385633e-03,9.992605800403092653e-04,2.193178891447008713e-03,1.032562341318196903e-03,1.000000000000000000e+00,1.000000000000000000e+00,7.569086539951338025e-04,-4.775576017778733365e-04,-4.321957390069436356e-03,-1.838542828510080288e-02,4.628071251847586109e-02,-1.039570339714178089e-03,1.383094969491612258e-01,-1.016973623728098866e-02,7.659143104250998226e-04,-4.405559675049181673e-04,-5.945594215357286050e-03,-2.009396873551614476e-02
7.550000000000000044e-01,0.000000000000000000e+00,2.164979378031684117e-03,9.901964077838943702e-04,2.193841829612403274e-03,1.027811647583453010e-03,1.000000000000000000e+00,1.000000000000000000e+00,7.548861811475588357e-04,-4.866217740342882857e-04,-4.044945695149914505e-03,-1.812834451282985954e-02,4.669993064556587220e-02,-7.483400590415842379e-06,1.397225224243464903e-01,-6.938075835938152178e-03,7.659143104250998226e-04,-4.405559675049181673e-04,-5.945594215357286050e-03,-2.009396873551614476e-02
7.555000000000000604e-01,0.000000000000000000e+00,2.162539233829642929e-03,9.812925683141226867e-04,2.194513378329310954e-03,1.023060698615158677e-03,1.000000000000000000e+00,1.000000000000000000e+00,7.530169222411762370e-04,-4.955256135040599693e-04,-3.738517812765218638e-03,-1.780767893954342956e-02,4.711514875768185034e-02,1.017562600934874412e-03,1.411390433278022216e-01,-3.700288453694338536e-03,7.659143104250998226e-04,-4.405559675049181673e-04,-5.945594215357286050e-03,-2.009396873551614476e-02
7.560000000000000053e-01,0.000000000000000000e+00,2.160317849940760707e-03,9.725802446276076828e-04,2.195193667943237843e-03,1.018309577406482881e-03,1.000000000000000000e+00,1.000000000000000000e+00,7.513152434570637660e-04,-5.042379371905749731e-04,-3.403357568224979739e-03,-1.742464737302990355e-02,4.836887043527359625e-02,3.051885061883590974e-03,1.458306154877452576e-01,3.490018169986680227e-03,7.593625028256081617e-04,-4.644353869513724413e-04,-4.252827102659175254e-03,-1.492360838073187104e-02
7.565000000000000613e-01,0.000000000000000000e+00,2.158375746857104510e-03,9.641217804217186438e-04,2.195882276633921194e-03,1.013558399956692021e-03,1.000000000000000000e+00,1.000000000000000000e+00,7.498275061818646548e-04,-5.126964013964640122e-04,-2.975474550398321191e-03,-1.691692841177805037e-02,4.914272390334141483e-02,3.624689969398433870e-03,1.479917122230143822e-01,4.196332059813498438e-03,7.593625028256081617e-04,-4.644353869513724413e-04,-4.252827102659175254e-03,-1.492360838073187104e-02
7.570000000000000062e-01,0.000000000000000000e+00,2.156748667932907766e-03,9.559330858532422235e-04,2.196578192771729814e-03,1.008807327124136826e-03,1.000000000000000000e+00,1.000000000000000000e+00,7.485810914134679488e-04,-5.208850959649404325e-04,-2.492829536793503969e-03,-1.637738913695293771e-02,4.990913083186773042e-02,4.193971150962535338e-03,1.505624534109691881e-01,6.150285502301714238e-03,7.593625028256081617e-04,-4.644353869513724413e-04,-4.252827102659175254e-03,-1.492360838073187104e-02
7.575000000000000622e-01,0.000000000000000000e+00,2.155471532109977124e-03,9.480297453584925638e-04,2.197279783775169665e-03,1.004056573273502586e-03,1.000000000000000000e+00,1.000000000000000000e+00,7.476027486132035341e-04,-5.287884364596900921e-04,-1.956685600528893648e-03,-1.580668098949939912e-02,5.066826297361258502e-02,4.759800746008380733e-03,1.531395514143044367e-01,8.107247009837495119e-03,7.593625028256081617e-04,-4.644353869513724413e-04,-4.252827102659175254e-03,-1.492360838073187104e-02
7.580000000000000071e-01,0.000000000000000000e+00,2.154578448149986180e-03,9.404270219286416013e-04,2.197984775050819579e-03,9.993064099513880930e-04,1.000000000000000000e+00,1.000000000000000000e+00,7.469186066084137349e-04,-5.363911598895410547e-04,-1.368284009579571721e-03,-1.520544685970187486e-02,5.092263328630216440e-02,5.020042200617039208e-03,1.537901334111240192e-01,8.893482764369676358e-03,7.637022063231775106e-04,-4.959049721098565070e-04,-1.804075173883778506e-04,-1.543795488531108512e-02
7.585000000000000631e-01,0.000000000000000000e+00,2.154077795723246310e-03,9.331304158179449691e-04,2.198690231301203557e-03,9.945571683942339668e-04,1.000000000000000000e+00,1.000000000000000000e+00,7.465350845989757135e-04,-5.436877660002376869e-04,-7.670440188760851942e-04,-1.459321222139325393e-02,4.999175455458721579e-02,5.545850370579748917e-03,1.502752858282366544e-01,1.097668889349344770e-02,7.637022063231775106e-04,-4.959049721098565070e-04,-1.804075173883778506e-04,-1.543795488531108512e-02
7.590000000000000080e-01,0.000000000000000000e+00,2.153918430726600112e-03,9.261536289253028765e-04,2.199392537868386649e-03,9.898092420186459239e-04,1.000000000000000000e+00,1.000000000000000000e+00,7.464130039288672386e-04,-5.506645528928797795e-04,-2.441613402169935838e-04,-1.395357378528414537e-02,4.907153085496549633e-02,6.068623891834917967e-03,1.477722383322376265e-01,1.283319125353306681e-02,7.637022063231775106e-04,-4.959049721098565070e-04,-1.804075173883778506e-04,-1.543795488531108512e-02
7.595000000000000639e-01,0.000000000000000000e+00,2.154050298888200449e-03,9.195100727184781679e-04,2.200087382077581255e-03,9.850630889116987476e-04,1.000000000000000000e+00,1.000000000000000000e+00,7.465140208012853787e-04,-5.573081090997044880e-04,2.020337448362168010e-04,-1.328711241364939621e-02,4.816173513902140962e-02,6.588427088056389436e-03,1.452600950580571204e-01,1.469228417278086590e-02,7.637022063231775106e-04,-4.959049721098565070e-04,-1.804075173883778506e-04,-1.543795488531108512e-02
7.600000000000000089e-01,0.000000000000000000e+00,2.154424417394518523e-03,9.132128721011572919e-04,2.200769734580750384e-03,9.803192343212597734e-04,1.000000000000000000e+00,1.000000000000000000e+00,7.468006122041185007e-04,-5.636053097170253641e-04,5.731828056662209006e-04,-1.259440123464185268e-02,4.747041348831751439e-02,6.196271769507756717e-03,1.435478970544807609e-01,1.302346488533913035e-02,7.461869634547689013e-04,-5.279338613131867499e-04,-5.618950335708803798e-03,-1.580348896632147171e-02
7.605000000000000648e-01,0.000000000000000000e+00,2.155003291245776147e-03,9.072464567676869407e-04,2.201433830700210911e-03,9.755782731462971959e-04,1.000000000000000000e+00,1.000000000000000000e+00,7.472440553011412603e-04,-5.695717250504957153e-04,8.868861940455329300e-04,-1.193283066694065912e-02,4.840204146312515610e-02,6.032217805012781570e-03,1.479218444014938350e-01,1.300562394587638504e-02,7.461869634547689013e-04,-5.279338613131867499e-04,-5.618950335708803798e-03,-1.580348896632147171e-02
7.610000000000000098e-01,0.000000000000000000e+00,2.155831149181164363e-03,9.016025292844243857e-04,2.202073151772235542e-03,9.708408724271985670e-04,1.000000000000000000e+00,1.000000000000000000e+00,7.478782312722371444e-04,-5.752156525337582703e-04,1.268351942191718986e-03,-1.128785496652518795e-02,4.932445510809947004e-02,5.870001527137998741e-03,1.509103440403984364e-01,1.279306192991044866e-02,7.461869634547689013e-04,-5.279338613131867499e-04,-5.618950335708803798e-03,-1.580348896632147171e-02
7.615000000000000657e-01,0.000000000000000000e+00,2.156951215779692559e-03,8.962729095754143772e-04,2.202680406490654767e-03,9.661077738360791031e-04,1.000000000000000000e+00,1.000000000000000000e+00,7.487362520659631088e-04,-5.805452722427682788e-04,1.716041587451834320e-03,-1.065923941801993034e-02,5.023786362348630491e-02,5.709596943912648506e-03,1.539067095871221591e-01,1.257893115378327931e-02,7.461869634547689013e-04,-5.279338613131867499e-04,-5.618950335708803798e-03,-1.580348896632147171e-02
7.620000000000000107e-01,0.000000000000000000e+00,2.158405728717096607e-03,8.912495336727768594e-04,2.203247512250462725e-03,9.613797961671043026e-04,1.000000000000000000e+00,1.000000000000000000e+00,7.498504736191062125e-04,-5.855686481454057965e-04,2.228443106286243352e-03,-1.004675180527498865e-02,4.989230310039794586e-02,6.075484677114629910e-03,1.520555287123269428e-01,1.440025825806151918e-02,7.390079967520434999e-04,-5.633715563600228413e-04,-4.332128857338675074e-03,-1.701795786335850644e-02
7.625000000000000666e-01,0.000000000000000000e+00,2.160173321346146348e-03,8.865408459593349241e-04,2.203765576491418295e-03,9.566578378267954347e-04,1.000000000000000000e+00,1.000000000000000000e+00,7.512045281302878741e-04,-5.902773358588477319e-04,2.708109022363357037e-03,-9.417375426883829032e-03,4.920248256004947085e-02,6.928445199772780873e-03,1.499248031035408102e-01,1.767119910758907161e-02,7.390079967520434999e-04,-5.633715563600228413e-04,-4.332128857338675074e-03,-1.701795786335850644e-02
7.630000000000000115e-01,0.000000000000000000e+00,2.162215592295655547e-03,8.821703804446345007e-04,2.204224878689794390e-03,9.519428792599904463e-04,1.000000000000000000e+00,1.000000000000000000e+00,7.527689984425025172e-04,-5.946478013735481552e-04,3.128940624429339592e-03,-8.740931029400883165e-03,4.904028295426744732e-02,7.008606526751282907e-03,1.501059886820268197e-01,1.754529819508684335e-02,7.390079967520434999e-04,-5.633715563600228413e-04,-4.332128857338675074e-03,-1.701795786335850644e-02
7.635000000000000675e-01,0.000000000000000000e+00,2.164520989776162578e-03,8.781372052491117318e-04,2.204614895772882659e-03,9.472359810638894626e-04,1.000000000000000000e+00,1.000000000000000000e+00,7.545350353716253049e-04,-5.986809765690709242e-04,3.532073858245654389e-03,-8.066350391045532670e-03,4.898546487243071734e-02,6.933904645018791266e-03,1.502444520505469283e-01,1.747686765048118637e-02,7.390079967520434999e-04,-5.633715563600228413e-04,-4.332128857338675074e-03,-1.701795786335850644e-02
7.640000000000000124e-01,0.000000000000000000e+00,2.167083446383080442e-03,8.744355208292895398e-04,2.204924513411940165e-03,9.425382636442933889e-04,1.000000000000000000e+00,1.000000000000000000e+00,7.564979910160883831e-04,-6.023826609888931162e-04,3.925911288926185738e-03,-7.403368839644375310e-03,4.987943623697926182e-02,7.660969847853421263e-03,1.539711148868030122e-01,2.064944028458139819e-02,7.506607838994984808e-04,-5.913670421174683448e-04,2.109072183935004410e-03,-1.510293409529419109e-02
7.645000000000000684e-01,0.000000000000000000e+00,2.169944471165430062e-03,8.710846167827091587e-04,2.205142357747667640e-03,9.378508749128184642e-04,1.000000000000000000e+00,1.000000000000000000e+00,7.586896631522329964e-04,-6.057335650354734972e-04,4.383344272289205895e-03,-6.701808093160869714e-03,4.887870874878900290e-02,7.917019314874360059e-03,1.495630518827064936e-01,2.132490278568833011e-02,7.506607838994984808e-04,-5.913670421174683448e-04,2.109072183935004410e-03,-1.510293409529419109e-02
7.650000000000000133e-01,0.000000000000000000e+00,2.173050130860241201e-03,8.680887970108152425e-04,2.205257136771880677e-03,9.331749570252681090e-04,1.000000000000000000e+00,1.000000000000000000e+00,7.610687365036614962e-04,-6.087293848073674135e-04,4.758146702856958822e-03,-5.991639543787783025e-03,4.788921736823111008e-02,8.172115568836884475e-03,1.467724181209102974e-01,2.240245273387816982e-02,7.506607838994984808e-04,-5.913670421174683448e-04,2.109072183935004410e-03,-1.510293409529419109e-02
7.655000000000000693e-01,0.000000000000000000e+00,2.176347654537952401e-03,8.654522453202988588e-04,2.205257981713008159e-03,9.285116131195955951e-04,1.000000000000000000e+00,1.000000000000000000e+00,7.635947861930254300e-04,-6.113659364978837971e-04,5.052099378727893664e-03,-5.273103381032765574e-03,4.691071994227105635e-02,8.426285207907578678e-03,1.439721925397978441e-01,2.348081640223920880e-02,7.506607838994984808e-04,-5.913670421174683448e-04,2.109072183935004410e-03,-1.510293409529419109e-02
7.660000000000000142e-01,0.000000000000000000e+00,2.179785413937613842e-03,8.631790271765483894e-04,2.205134788421609770e-03,9.238618740538945794e-04,1.000000000000000000e+00,1.000000000000000000e+00,7.662282626779161852e-04,-6.136391546416342666e-04,5.266952969781543356e-03,-4.546436287500948449e-03,4.706986198727237947e-02,1.060856700245492792e-02,1.455390148797734706e-01,3.205160063677185700e-02,7.628801167570512529e-04,-5.873831979804269984e-04,4.645723748219763097e-03,-4.263620989477522570e-03
7.665000000000000702e-01,0.000000000000000000e+00,2.183369361798254658e-03,8.613333828604029284e-04,2.204878558755880933e-03,9.192266651443662187e-04,1.000000000000000000e+00,1.000000000000000000e+00,7.689737260209883896e-04,-6.154847989577797275e-04,5.490926686144405322e-03,-3.691288632290956606e-03,4.646246602980530493e-02,9.545554534416599013e-03,1.431625226490738922e-01,2.642806704539155116e-02,7.628801167570512529e-04,-5.873831979804269984e-04,4.645723748219763097e-03,-4.263620989477522570e-03
7.670000000000000151e-01,0.000000000000000000e+00,2.187066960952332127e-03,8.598773252987385691e-04,2.204481741967164246e-03,9.146067729033059094e-04,1.000000000000000000e+00,1.000000000000000000e+00,7.718062513058509015e-04,-6.169408565194440868e-04,5.665050569724942170e-03,-2.912115123328800140e-03,4.586184865565456209e-02,8.490955310644468165e-03,1.414403935002617185e-01,2.357491241560077250e-02,7.628801167570512529e-04,-5.873831979804269984e-04,4.645723748219763097e-03,-4.263620989477522570e-03
7.675000000000000711e-01,0.000000000000000000e+00,2.190846379298561075e-03,8.587735279168558049e-04,2.203938576085456152e-03,9.100028117770707272e-04,1.000000000000000000e+00,1.000000000000000000e+00,7.747014537282015303e-04,-6.180446539013268511e-04,5.790404844701311365e-03,-2.207594763765610008e-03,4.526786297587022390e-02,7.444623046254624302e-03,1.397124777437987742e-01,2.071457573295812371e-02,7.628801167570512529e-04,-5.873831979804269984e-04,4.645723748219763097e-03,-4.263620989477522570e-03
7.680000000000000160e-01,0.000000000000000000e+00,2.194676477853098676e-03,8.579853166179128967e-04,2.203245429304919248e-03,9.054151908840669255e-04,1.000000000000000000e+00,1.000000000000000000e+00,7.776354794425026709e-04,-6.188328652002697593e-04,5.868051428602217949e-03,-1.576422597885736429e-03,4.420002406127208211e-02,5.070610233970176267e-03,1.361134213147879857e-01,1.265937676401955245e-02,7.710182664363761590e-04,-6.196947197430301016e-04,4.280088728417099676e-03,-1.180405458835769375e-02
7.684999999999999609e-01,0.000000000000000000e+00,2.198502733573689388e-03,8.574349112210747411e-04,2.202401141369388950e-03,9.008440807527196524e-04,1.000000000000000000e+00,1.000000000000000000e+00,7.805665613752133577e-04,-6.193832705971079149e-04,5.862163865421267731e-03,-1.100810793676322607e-03,4.322461195060429973e-02,5.068686339115786865e-03,1.332337144908466442e-01,1.488305181900579505e-02,7.710182664363761590e-04,-6.196947197430301016e-04,4.280088728417099676e-03,-1.180405458835769375e-02
7.690000000000000169e-01,0.000000000000000000e+00,2.202275888493140238e-03,8.571195488105767812e-04,2.201407364956259501e-03,8.962893800596017204e-04,1.000000000000000000e+00,1.000000000000000000e+00,7.834569657342860260e-04,-6.196986330076058747e-04,5.780808718145362748e-03,-6.307248209958926221e-04,4.225946192664609830e-02,5.067374365194020347e-03,1.302751065712334233e-01,1.508176867293447437e-02,7.710182664363761590e-04,-6.196947197430301016e-04,4.280088728417099676e-03,-1.180405458835769375e-02
7.694999999999999618e-01,0.000000000000000000e+00,2.205947777569524162e-03,8.570364910758983008e-04,2.200268890219451556e-03,8.917506839176434028e-04,1.000000000000000000e+00,1.000000000000000000e+00,7.862697959569991263e-04,-6.197816907422843552e-04,5.625660445426109400e-03,-1.661154693570406917e-04,4.130434629640743205e-02,5.066668862721449701e-03,1.273077383153234099e-01,1.527996315423968063e-02,7.710182664363761590e-04,-6.196947197430301016e-04,4.280088728417099676e-03,-1.180405458835769375e-02
7.700000000000000178e-01,0.000000000000000000e+00,2.209471310030729566e-03,8.571830241657786131e-04,2.198993712421987504e-03,8.872272758109684462e-04,1.000000000000000000e+00,1.000000000000000000e+00,7.889689784190550030e-04,-6.196351576524040429e-04,5.398364924111858330e-03,2.930661797606883522e-04,4.081955912751475402e-02,6.319593326049331716e-03,1.261202990929801426e-01,2.034397858718582641e-02,7.799354861530678274e-04,-6.191510447744950603e-04,4.393283387954376520e-03,-4.147109484350226978e-03
7.704999999999999627e-01,0.000000000000000000e+00,2.212823523291430634e-03,8.575956220483810710e-04,2.197592641707660048e-03,8.827181616723430487e-04,1.000000000000000000e+00,1.000000000000000000e+00,7.915369227595646330e-04,-6.192225597698015850e-04,5.135888681019316372e-03,8.251957652048357234e-04,4.028067484853623675e-02,5.290234002270995453e-03,1.243026853700905932e-01,1.550557755605299314e-02,7.799354861530678274e-04,-6.191510447744950603e-04,4.393283387954376520e-03,-4.147109484350226978e-03
7.710000000000000187e-01,0.000000000000000000e+00,2.215979030891111149e-03,8.582389714723466772e-04,2.196078787781572360e-03,8.782221154742975589e-04,1.000000000000000000e+00,1.000000000000000000e+00,7.939541818215196814e-04,-6.185792103458359788e-04,4.834518123910153294e-03,1.286698847931141932e-03,3.974707942076098621e-02,4.268695734054037474e-03,1.225312522038896484e-01,1.261547164905423013e-02,7.799354861530678274e-04,-6.191510447744950603e-04,4.393283387954376520e-03,-4.147109484350226978e-03
7.714999999999999636e-01,0.000000000000000000e+00,2.218913028836906262e-03,8.590783880923713806e-04,2.194467042042480033e-03,8.737377250547999179e-04,1.000000000000000000e+00,1.000000000000000000e+00,7.962017546440186772e-04,-6.177397937258112754e-04,4.495145644997918660e-03,1.678833240049356062e-03,3.921865149664111733e-02,3.254839233482201277e-03,1.207553041552407447e-01,9.718689217207025777e-03,7.799354861530678274e-04,-6.191510447744950603e-04,4.393283387954376520e-03,-4.147109484350226978e-03
7.720000000000000195e-01,0.000000000000000000e+00,2.221601285563201689e-03,8.600798087351281583e-04,2.192773559715117428e-03,8.692634379429166336e-04,1.000000000000000000e+00,1.000000000000000000e+00,7.982610787708741343e-04,-6.167383730830544976e-04,4.118648253710851734e-03,2.002841285513548564e-03,3.902341476339428461e-02,2.887275277298121876e-03,1.202493405431157986e-01,9.296030797713241214e-03,7.902388222262807325e-04,-6.194157870997870447e-04,4.874151350960984411e-03,-1.601489603734517018e-03
7.724999999999999645e-01,0.000000000000000000e+00,2.224036572249507744e-03,8.612297478626144238e-04,2.191015241982549166e-03,8.647976071844912108e-04,1.000000000000000000e+00,1.000000000000000000e+00,8.001266166043205161e-04,-6.155884339555682322e-04,3.731075666892770537e-03,2.299878254972522254e-03,3.866101475679347560e-02,1.768233980778956662e-03,1.188038906423032892e-01,5.391575895831017887e-03,7.902388222262807325e-04,-6.194157870997870447e-04,4.874151350960984411e-03,-1.601489603734517018e-03
7.730000000000000204e-01,0.000000000000000000e+00,2.226203397808782826e-03,8.624913724307593614e-04,2.189209218118490837e-03,8.603385371678016558e-04,1.000000000000000000e+00,1.000000000000000000e+00,8.017865012832113081e-04,-6.143268093874232946e-04,3.319769357781646515e-03,2.523249136289807109e-03,3.830184206320438184e-02,6.573503382023524215e-04,1.175011413960937445e-01,2.128627386073879586e-03,7.902388222262807325e-04,-6.194157870997870447e-04,4.874151350960984411e-03,-1.601489603734517018e-03
7.734999999999999654e-01,0.000000000000000000e+00,2.228086643409647391e-03,8.638285199927341713e-04,2.187372327619658760e-03,8.558845294492399905e-04,1.000000000000000000e+00,1.000000000000000000e+00,8.032291511107821210e-04,-6.129896618254484847e-04,2.885299655141682247e-03,2.674295123949660142e-03,3.794581912928669809e-02,-4.455241719664720262e-04,1.161956371208031358e-01,-1.141284989215868512e-03,7.902388222262807325e-04,-6.194157870997870447e-04,4.874151350960984411e-03,-1.601489603734517018e-03
7.740000000000000213e-01,0.000000000000000000e+00,2.229671555976406316e-03,8.652056903590713086e-04,2.185520602338099361e-03,8.514339285789706245e-04,1.000000000000000000e+00,1.000000000000000000e+00,8.044432645753772952e-04,-6.116124914591113473e-04,2.428226929190302301e-03,2.754340732674308897e-03,3.729346195719471235e-02,-6.573538995008340125e-04,1.137246458313386915e-01,-9.880542872043656874e-04,7.922270570956232083e-04,-6.122988148572078033e-04,2.413943316635689448e-03,1.670289460446190873e-03
7.744999999999999662e-01,0.000000000000000000e+00,2.230928741241164012e-03,8.666156412626975069e-04,2.183668748613528960e-03,8.469851679266081346e-04,1.000000000000000000e+00,1.000000000000000000e+00,8.054063243614159205e-04,-6.102025405554851491e-04,1.926119572077280304e-03,2.819901807252344489e-03,3.734858257003736276e-02,-1.864310603178912298e-03,1.142304439248299774e-01,-5.466437683539319969e-03,7.922270570956232083e-04,-6.122988148572078033e-04,2.413943316635689448e-03,1.670289460446190873e-03
7.750000000000000222e-01,0.000000000000000000e+00,2.231864629039825507e-03,8.680201081693533034e-04,2.181829629405668356e-03,8.425368155068773714e-04,1.000000000000000000e+00,1.000000000000000000e+00,8.061232560089633299e-04,-6.087980736488293526e-04,1.433863295094811715e-03,2.808933813311629418e-03,3.740236363240021650e-02,-3.062792611467684591e-03,1.141322963010496100e-01,-9.095320659957890908e-03,7.922270570956232083e-04,-6.122988148572078033e-04,2.413943316635689448e-03,1.670289460446190873e-03
7.754999999999999671e-01,0.000000000000000000e+00,2.232485543756468870e-03,8.693815369801531764e-04,2.180013747020522873e-03,8.380876197628936214e-04,1.000000000000000000e+00,1.000000000000000000e+00,8.065989042772986079e-04,-6.074366448380294796e-04,9.512965366705991490e-04,2.722857621599843181e-03,3.745482711343579157e-02,-4.252957269112190783e-03,1.140352921983699280e-01,-1.273143814761419114e-02,7.922270570956232083e-04,-6.122988148572078033e-04,2.413943316635689448e-03,1.670289460446190873e-03
7.760000000000000231e-01,0.000000000000000000e+00,2.232797705933190283e-03,8.706630751104748418e-04,2.178228798681958178e-03,8.336365501497001139e-04,1.000000000000000000e+00,1.000000000000000000e+00,8.068380343781283168e-04,-6.061551067077078142e-04,4.782602016595063053e-04,2.563076260643361564e-03,3.826917678092661701e-02,-5.619684528783461253e-03,1.169033530387882935e-01,-1.709206336485394676e-02,8.077703930621570137e-04,-6.114587646046926563e-04,5.811108793774937865e-03,8.775359880893000841e-04
7.764999999999999680e-01,0.000000000000000000e+00,2.232845469839722478e-03,8.718227890750279360e-04,2.176479638937949684e-03,8.291828086777870916e-04,1.000000000000000000e+00,1.000000000000000000e+00,8.068746236533088593e-04,-6.049953927431547199e-04,7.317855036099849735e-05,2.319427929106094785e-03,3.805180021668625595e-02,-6.744918407580037349e-03,1.151500345271024572e-01,-2.040015447901142795e-02,8.077703930621570137e-04,-6.114587646046926563e-04,5.811108793774937865e-03,8.775359880893000841e-04
7.770000000000000240e-01,0.000000000000000000e+00,2.232621013734485509e-03,8.728267946911476803e-04,2.174768575149556987e-03,8.247258176810086253e-04,1.000000000000000000e+00,1.000000000000000000e+00,8.067026803011681166e-04,-6.039913871270349757e-04,-3.438867042814957057e-04,2.008011232239494646e-03,3.783605318356290936e-02,-7.862647735957883563e-03,1.142774597678277437e-01,-2.391439891166807774e-02,8.077703930621570137e-04,-6.114587646046926563e-04,5.811108793774937865e-03,8.775359880893000841e-04
7.774999999999999689e-01,0.000000000000000000e+00,2.232116719329238670e-03,8.736418539865227527e-04,2.173095699457330485e-03,8.202652049807409662e-04,1.000000000000000000e+00,1.000000000000000000e+00,8.063163683743328376e-04,-6.031763278316599032e-04,-7.726238536704854894e-04,1.630118590750069150e-03,3.762189329540241434e-02,-8.973015634328819490e-03,1.134034939424868049e-01,-2.743504968128959026e-02,8.077703930621570137e-04,-6.114587646046926563e-04,5.811108793774937865e-03,8.775359880893000841e-04
7.780000000000000249e-01,0.000000000000000000e+00,2.231325168163465940e-03,8.742353669801410532e-04,2.171459220812327340e-03,8.158007890454136313e-04,1.000000000000000000e+00,1.000000000000000000e+00,8.057100050023482084e-04,-6.025828148380416027e-04,-1.212726743969171550e-03,1.187025987236603203e-03,3.710362446906163847e-02,-1.002477970770903302e-02,1.113411151641729574e-01,-3.076242779366416408e-02,8.121039708896425537e-04,-6.087905451258147178e-04,3.500359650355078147e-03,1.167035109892495788e-03
7.784999999999999698e-01,0.000000000000000000e+00,2.230223824524327214e-03,8.745769695443515518e-04,2.169855797007124842e-03,8.113325641500551254e-04,1.000000000000000000e+00,1.000000000000000000e+00,8.048663268276215000e-04,-6.022412122738311042e-04,-1.687356349453346133e-03,6.832051284208977109e-04,3.724151204346119737e-02,-1.116540751418421649e-02,1.120683971323467587e-01,-3.451106760747330721e-02,8.121039708896425537e-04,-6.087905451258147178e-04,3.500359650355078147e-03,1.167035109892495788e-03
7.790000000000000258e-01,0.000000000000000000e+00,2.228823323779921713e-03,8.746339017401782816e-04,2.168280866706839838e-03,8.068606855358235932e-04,1.000000000000000000e+00,1.000000000000000000e+00,8.037934810147854235e-04,-6.021842800780043744e-04,-2.145691625672049678e-03,1.138643916533542584e-04,3.737718391396877698e-02,-1.229877976380585811e-02,1.122355444128650820e-01,-3.818384797782523737e-02,8.121039708896425537e-04,-6.087905451258147178e-04,3.500359650355078147e-03,1.167035109892495788e-03
7.794999999999999707e-01,0.000000000000000000e+00,2.227134100538956905e-03,8.743740436047802963e-04,2.166728981480145998e-03,8.023854545695531916e-04,1.000000000000000000e+00,1.000000000000000000e+00,8.024994609378572480e-04,-6.024441382134023597e-04,-2.588040153856282100e-03,-5.197162707959063514e-04,3.751068190549902703e-02,-1.342503819625291347e-02,1.124045831518925148e-01,-4.186282212921374479e-02,8.121039708896425537e-04,-6.087905451258147178e-04,3.500359650355078147e-03,1.167035109892495788e-03
7.800000000000000266e-01,0.000000000000000000e+00,2.225166391897629142e-03,8.737659069212928191e-04,2.165194137830285873e-03,7.979073039032843085e-04,1.000000000000000000e+00,1.000000000000000000e+00,8.009921086674907410e-04,-6.030522748968898368e-04,-3.014704540732993099e-03,-1.216273366975011063e-03,3.755408981146647618e-02,-1.357394914612464719e-02,1.122338811548133086e-01,-4.177926768012513170e-02,8.117403042934017050e-04,-5.997748053035235937e-04,1.165596379925230462e-03,3.285353866048071770e-03
7.804999999999999716e-01,0.000000000000000000e+00,2.222925833909375308e-03,8.728089561638569492e-04,2.163670109226092063e-03,7.934267826338100432e-04,1.000000000000000000e+00,1.000000000000000000e+00,7.992757416711031206e-04,-6.040092256543257068e-04,-3.432733992775167074e-03,-1.913901514871794909e-03,3.826856383389652672e-02,-1.438406525582342985e-02,1.147508384552514971e-01,-4.509839287688004877e-02,8.117403042934017050e-04,-5.997748053035235937e-04,1.165596379925230462e-03,3.285353866048071770e-03
7.810000000000000275e-01,0.000000000000000000e+00,2.220451648929246298e-03,8.714820355659536402e-04,2.162150778133002747e-03,7.889445414622069672e-04,1.000000000000000000e+00,1.000000000000000000e+00,7.973804060158268476e-04,-6.053361462522290157e-04,-3.790671310552627248e-03,-2.653841195806558566e-03,3.897486652422706144e-02,-1.518949586025091468e-02,1.166949332352344854e-01,-4.785307346064634343e-02,8.117403042934017050e-04,-5.997748053035235937e-04,1.165596379925230462e-03,3.285353866048071770e-03
7.814999999999999725e-01,0.000000000000000000e+00,2.217782220335458385e-03,8.697644237483989757e-04,2.160630468044076342e-03,7.844613178533807376e-04,1.000000000000000000e+00,1.000000000000000000e+00,7.953355050752525506e-04,-6.070537580697836803e-04,-4.089801881148557444e-03,-3.435223635109240208e-03,3.937750723318403367e-02,-1.559138248554588560e-02,1.174977394322553881e-01,-4.906234940961489571e-02,8.117403042934017050e-04,-5.997748053035235937e-04,1.165596379925230462e-03,3.285353866048071770e-03
7.820000000000000284e-01,0.000000000000000000e+00,2.214940293635523326e-03,8.676482973670342604e-04,2.159104271407764116e-03,7.799779214120732170e-04,1.000000000000000000e+00,1.000000000000000000e+00,7.931584629190161330e-04,-6.091698844511483956e-04,-4.354084312472762328e-03,-4.232252762729471311e-03,3.913331103793902394e-02,-1.830604026880222265e-02,1.160660783079024289e-01,-5.960486160304059866e-02,8.012852608977097911e-04,-6.178623829832259173e-04,-2.888079644217137528e-03,-4.532169536015742163e-03
7.824999999999999734e-01,0.000000000000000000e+00,2.211915962408433391e-03,8.650536834030511223e-04,2.157568270585207351e-03,7.754952249023527779e-04,1.000000000000000000e+00,1.000000000000000000e+00,7.908416907883525446e-04,-6.117644984151315336e-04,-4.633544261327230546e-03,-5.189227927966359386e-03,3.920152304612207345e-02,-1.821383307250597217e-02,1.163918682796301063e-01,-5.734093060316364926e-02,8.012852608977097911e-04,-6.178623829832259173e-04,-2.888079644217137528e-03,-4.532169536015742163e-03
7.830000000000000293e-01,0.000000000000000000e+00,2.208715107983360085e-03,8.619893217647305993e-04,2.156019486812319960e-03,7.710141696168123365e-04,1.000000000000000000e+00,1.000000000000000000e+00,7.883896940427923298e-04,-6.148288600534520566e-04,-4.903993491120533718e-03,-6.128723276640956653e-03,3.923829874896140463e-02,-1.810979499842780421e-02,1.163336383944154340e-01,-5.741964422851075778e-02,8.012852608977097911e-04,-6.178623829832259173e-04,-2.888079644217137528e-03,-4.532169536015742163e-03
7.834999999999999742e-01,0.000000000000000000e+00,2.205341988332824420e-03,8.584642737647025026e-04,2.154455721832820511e-03,7.665357764081666457e-04,1.000000000000000000e+00,1.000000000000000000e+00,7.858057344785239961e-04,-6.183539080534801533e-04,-5.167919128536605823e-03,-7.050096000056121394e-03,3.927418737330955201e-02,-1.800776379221959156e-02,1.163022444359019386e-01,-5.750845740485452384e-02,8.012852608977097911e-04,-6.178623829832259173e-04,-2.888079644217137528e-03,-4.532169536015742163e-03
7.840000000000000302e-01,0.000000000000000000e+00,2.201800787004826176e-03,8.544874848556777624e-04,2.152875395392161995e-03,7.620611569392045457e-04,1.000000000000000000e+00,1.000000000000000000e+00,7.830930168792456193e-04,-6.223306969625048935e-04,-5.425435198556803965e-03,-7.953577818049535966e-03,3.965005827764722657e-02,-1.687304175052611876e-02,1.175953683287089546e-01,-5.357724263239556362e-02,7.891137916833897755e-04,-6.136917610095087494e-04,-4.915612547423011194e-03,-3.362323095353709698e-04
7.844999999999999751e-01,0.000000000000000000e+00,2.198112691318305448e-03,8.501001245125326721e-04,2.151277382731459423e-03,7.575915249327541158e-04,1.000000000000000000e+00,1.000000000000000000e+00,7.802677716728951413e-04,-6.267180573056499839e-04,-5.650490412701008117e-03,-8.774720686290265678e-03,4.064031709470283804e-02,-1.700772957092812343e-02,1.210014793892063012e-01,-5.542214028399129050e-02,7.891137916833897755e-04,-6.136917610095087494e-04,-4.915612547423011194e-03,-3.362323095353709698e-04
7.850000000000000311e-01,0.000000000000000000e+00,2.194329440165870837e-03,8.453032545486944540e-04,2.149660852081420465e-03,7.531282074216344912e-04,1.000000000000000000e+00,1.000000000000000000e+00,7.773696331506492908e-04,-6.315149272694882019e-04,-5.796277044491765160e-03,-9.593739927676456919e-03,4.161979696507275145e-02,-1.714265255805907245e-02,1.238831118631939926e-01,-5.618339309754338123e-02,7.891137916833897755e-04,-6.136917610095087494e-04,-4.915612547423011194e-03,-3.362323095353709698e-04
7.854999999999999760e-01,0.000000000000000000e+00,2.190501641579958511e-03,8.400979635077329526e-04,2.148025102156277816e-03,7.486726559986227499e-04,1.000000000000000000e+00,1.000000000000000000e+00,7.744373693145320797e-04,-6.367202183104497034e-04,-5.864527672234351972e-03,-1.041058208192310874e-02,4.200210262563802699e-02,-1.713989686225276740e-02,1.244956709017436963e-01,-5.640881162043660801e-02,7.891137916833897755e-04,-6.136917610095087494e-04,-4.915612547423011194e-03,-3.362323095353709698e-04
7.860000000000000320e-01,0.000000000000000000e+00,2.186649401312936586e-03,8.344896767361453110e-04,2.146369399647711160e-03,7.442264580664041023e-04,1.000000000000000000e+00,1.000000000000000000e+00,7.714863820644210545e-04,-6.423285050820373449e-04,-5.901974500222008715e-03,-1.121657354317519631e-02,4.134915982802954415e-02,-1.749151699896142609e-02,1.216137280039144286e-01,-5.812336977948878020e-02,7.829247906703542224e-04,-6.201398789328398326e-04,-3.760902415732754640e-03,-2.167312780631648964e-03
7.864999999999999769e-01,0.000000000000000000e+00,2.182740727394866416e-03,8.284727261420589363e-04,2.144692816718784308e-03,7.397913480875378030e-04,1.000000000000000000e+00,1.000000000000000000e+00,7.684921641295192887e-04,-6.483454556761237197e-04,-5.988435869803524630e-03,-1.203390118817270794e-02,4.120910915371912842e-02,-1.738133871142032161e-02,1.215815498372709025e-01,-5.774681847994323630e-02,7.829247906703542224e-04,-6.201398789328398326e-04,-3.760902415732754640e-03,-2.167312780631648964e-03
7.870000000000000329e-01,0.000000000000000000e+00,2.178769702524243311e-03,8.220559894147473189e-04,2.142994068497867596e-03,7.353692188344096176e-04,1.000000000000000000e+00,1.000000000000000000e+00,7.654501825938912719e-04,-6.547621924034353370e-04,-6.083963071255942510e-03,-1.283347345462326934e-02,4.122209894842615574e-02,-1.729279547509117096e-02,1.217011055417070442e-01,-5.784087331291996870e-02,7.829247906703542224e-04,-6.201398789328398326e-04,-3.760902415732754640e-03,-2.167312780631648964e-03
7.874999999999999778e-01,0.000000000000000000e+00,2.174738152713767692e-03,8.152476101340916425e-04,2.141271350572572854e-03,7.309621326391972998e-04,1.000000000000000000e+00,1.000000000000000000e+00,7.623618362644188524e-04,-6.615705716840910135e-04,-6.176692658944842387e-03,-1.361675856131129916e-02,4.123470832344219850e-02,-1.720605585038850749e-02,1.216900166693090785e-01,-5.791645916100324892e-02,7.829247906703542224e-04,-6.201398789328398326e-04,-3.760902415732754640e-03,-2.167312780631648964e-03
7.880000000000000338e-01,0.000000000000000000e+00,2.170647870545966852e-03,8.080556252165124742e-04,2.139522176500846529e-03,7.265723326398753701e-04,1.000000000000000000e+00,1.000000000000000000e+00,7.592284983389865341e-04,-6.687625566016701818e-04,-6.266675850864694003e-03,-1.438396983515835906e-02,4.109404402436191150e-02,-1.842266022663851394e-02,1.210854400314587825e-01,-6.304533785694013681e-02,7.677603625272533695e-04,-6.474374917632402110e-04,-6.183876503107067768e-03,-9.447368443864383875e-03
7.884999999999999787e-01,0.000000000000000000e+00,2.166492955294737309e-03,8.004472855082380659e-04,2.137743229518760876e-03,7.222022507631828099e-04,1.000000000000000000e+00,1.000000000000000000e+00,7.560456485991519284e-04,-6.763708963099445901e-04,-6.365699479669293705e-03,-1.521667941654883220e-02,4.169592819893943453e-02,-1.737260439124084857e-02,1.234907388383698068e-01,-5.828683398938979549e-02,7.677603625272533695e-04,-6.474374917632402110e-04,-6.183876503107067768e-03,-9.447368443864383875e-03
7.890000000000000346e-01,0.000000000000000000e+00,2.162304784396689404e-03,7.924611144859721899e-04,2.135930356426694876e-03,7.178544830284299457e-04,1.000000000000000000e+00,1.000000000000000000e+00,7.528373235558697210e-04,-6.843570673322104661e-04,-6.416650086564372295e-03,-1.597234204453169479e-02,4.229127540105197952e-02,-1.633108060090059793e-02,1.252621534724037144e-01,-5.546328801943781889e-02,7.677603625272533695e-04,-6.474374917632402110e-04,-6.183876503107067768e-03,-9.447368443864383875e-03
7.894999999999999796e-01,0.000000000000000000e+00,2.158114046697677015e-03,7.841349638448774162e-04,2.134078747879405297e-03,7.135317220071238972e-04,1.000000000000000000e+00,1.000000000000000000e+00,7.496270322289717673e-04,-6.926832179733052397e-04,-6.420582653795847521e-03,-1.665230128218952305e-02,4.288022908724997695e-02,-1.529794007178852944e-02,1.270391484604899701e-01,-5.263245858111167963e-02,7.677603625272533695e-04,-6.474374917632402110e-04,-6.183876503107067768e-03,-9.447368443864383875e-03
7.900000000000000355e-01,0.000000000000000000e+00,2.153950754167684428e-03,7.755060216689112652e-04,2.132183154906503592e-03,7.092366809551587130e-04,1.000000000000000000e+00,1.000000000000000000e+00,7.464377651212923551e-04,-7.013121601492713908e-04,-6.378534215358763748e-03,-1.725788435193220324e-02,4.316035785173374245e-02,-1.564722941245757712e-02,1.276465128290673046e-01,-5.513137378465123029e-02,7.536165003169582486e-04,-6.592645642830082409e-04,-6.746964123987652870e-03,-7.206676089479155389e-03
7.904999999999999805e-01,0.000000000000000000e+00,2.149829094334166583e-03,7.665678700083528030e-04,2.130238105793224885e-03,7.049720178622134433e-04,1.000000000000000000e+00,1.000000000000000000e+00,7.432803905093993656e-04,-7.102503118098298530e-04,-6.314749223785937407e-03,-1.787630332111687925e-02,4.364118040036700508e-02,-1.661713250215348867e-02,1.293084143504432404e-01,-5.886593678115840250e-02,7.536165003169582486e-04,-6.592645642830082409e-04,-6.746964123987652870e-03,-7.206676089479155389e-03
7.910000000000000364e-01,0.000000000000000000e+00,2.145773139938824542e-03,7.572948032704249384e-04,2.128238122961187851e-03,7.007402595011342746e-04,1.000000000000000000e+00,1.000000000000000000e+00,7.401733491833033685e-04,-7.195233785477577176e-04,-6.214082652192068693e-03,-1.854613347585573613e-02,4.407815010567446568e-02,-1.749895461711498124e-02,1.306481591785786933e-01,-6.175074025087614465e-02,7.536165003169582486e-04,-6.592645642830082409e-04,-6.746964123987652870e-03,-7.206676089479155389e-03
7.914999999999999813e-01,0.000000000000000000e+00,2.141804479299045522e-03,7.476642057116373837e-04,2.126177939849162399e-03,6.965437254773308674e-04,1.000000000000000000e+00,1.000000000000000000e+00,7.371331787535758025e-04,-7.291539761065452723e-04,-6.080340859455130378e-03,-1.926119511757513197e-02,4.405996388850293155e-02,-1.741976993977026322e-02,1.302751354770326497e-01,-6.099796369581352712e-02,7.536165003169582486e-04,-6.592645642830082409e-04,-6.746964123987652870e-03,-7.206676089479155389e-03
7.920000000000000373e-01,0.000000000000000000e+00,2.137921636163732896e-03,7.376838014307438626e-04,2.124052717793830421e-03,6.923844522781591416e-04,1.000000000000000000e+00,1.000000000000000000e+00,7.341587483462667365e-04,-7.391343803874387934e-04,-5.948860814618206483e-03,-1.996080856178700583e-02,4.457612630708531615e-02,-1.893161658160964420e-02,1.323646944967236394e-01,-6.723794192416905624e-02,7.496662797186000229e-04,-7.009930737489163859e-04,-3.721281005824111053e-03,-1.586651913029379912e-02
7.924999999999999822e-01,0.000000000000000000e+00,2.134149912975951899e-03,7.273115365746271946e-04,2.121858262910551740e-03,6.882641173223166386e-04,1.000000000000000000e+00,1.000000000000000000e+00,7.312694407572840720e-04,-7.495066452435554614e-04,-5.778615177965321266e-03,-2.074452971223332554e-02,4.422890398355429353e-02,-1.771293854864495337e-02,1.306654803386768371e-01,-6.155146166583694289e-02,7.496662797186000229e-04,-7.009930737489163859e-04,-3.721281005824111053e-03,-1.586651913029379912e-02
7.930000000000000382e-01,0.000000000000000000e+00,2.130471049158886264e-03,7.165912334540822754e-04,2.119591242974128327e-03,6.841839630092280168e-04,1.000000000000000000e+00,1.000000000000000000e+00,7.284512675732294920e-04,-7.602269483641003805e-04,-5.636346368109143405e-03,-2.144060624108976021e-02,4.388548595064538371e-02,-1.650396612800329732e-02,1.297033034819570774e-01,-5.819592199443063274e-02,7.496662797186000229e-04,-7.009930737489163859e-04,-3.721281005824111053e-03,-1.586651913029379912e-02
7.934999999999999831e-01,0.000000000000000000e+00,2.126867176538091604e-03,7.055659409263856461e-04,2.117249404299567216e-03,6.801447207684381373e-04,1.000000000000000000e+00,1.000000000000000000e+00,7.256905409783612551e-04,-7.712522408917970099e-04,-5.521453189736545003e-03,-2.205058505539328473e-02,4.354579045778310398e-02,-1.530452801790107772e-02,1.287378790532607009e-01,-5.483209702683437825e-02,7.496662797186000229e-04,-7.009930737489163859e-04,-3.721281005824111053e-03,-1.586651913029379912e-02
7.940000000000000391e-01,0.000000000000000000e+00,2.123320812708666145e-03,6.942779438624509594e-04,2.114831788622844287e-03,6.761465351089966918e-04,1.000000000000000000e+00,1.000000000000000000e+00,7.229738686735518371e-04,-7.825402379557316965e-04,-5.433344609618932265e-03,-2.257599412786941151e-02,4.298306195505448291e-02,-1.500488844578624394e-02,1.268889474315404164e-01,-5.491827399218700972e-02,7.379957360387774234e-04,-7.412455061157647174e-04,-5.061696411131860404e-03,-1.856745967359819602e-02
7.944999999999999840e-01,0.000000000000000000e+00,2.119803497912552299e-03,6.827409419658114894e-04,2.112338949485936986e-03,6.721888878530586468e-04,1.000000000000000000e+00,1.000000000000000000e+00,7.202794492192887135e-04,-7.940772398523711665e-04,-5.388838908526222965e-03,-2.307400379327897294e-02,4.284606158573518037e-02,-1.376075814992087053e-02,1.268607670072864624e-01,-5.055646383374561015e-02,7.379957360387774234e-04,-7.412455061157647174e-04,-5.061696411131860404e-03,-1.856745967359819602e-02
7.950000000000000400e-01,0.000000000000000000e+00,2.116308429316854541e-03,6.709980239949091567e-04,2.109773122667032031e-03,6.682705394452591839e-04,1.000000000000000000e+00,1.000000000000000000e+00,7.176020713432345070e-04,-8.058201578232734993e-04,-5.354755752108429460e-03,-2.348583594180463432e-02,4.271047847467942388e-02,-1.252617100176568743e-02,1.264691593654296564e-01,-4.700092793544180525e-02,7.379957360387774234e-04,-7.412455061157647174e-04,-5.061696411131860404e-03,-1.856745967359819602e-02
7.954999999999999849e-01,0.000000000000000000e+00,2.112828951674961681e-03,6.590915027494987114e-04,2.107138168325846904e-03,6.643895550877130293e-04,1.000000000000000000e+00,1.000000000000000000e+00,7.149366368307061162e-04,-8.177266790686839445e-04,-5.330869025056788474e-03,-2.381304249082099450e-02,4.257628187471367009e-02,-1.130095514470106852e-02,1.260763418664200830e-01,-4.343724543054257314e-02,7.379957360387774234e-04,-7.412455061157647174e-04,-5.061696411131860404e-03,-1.856745967359819602e-02
7.960000000000000409e-01,0.000000000000000000e+00,2.109358554824495354e-03,6.470629246677228217e-04,2.104439344281744222e-03,6.605433936223024851e-04,1.000000000000000000e+00,1.000000000000000000e+00,7.122781586079885048e-04,-8.297552571504598342e-04,-5.316956445435139580e-03,-2.405715616355180719e-02,4.219915625455769592e-02,-1.080579512285436035e-02,1.247336196089560978e-01,-4.266511617648709176e-02,7.241748099515889344e-04,-7.844901538015087387e-04,-6.233941453547831024e-03,-2.050445340488151608e-02
7.964999999999999858e-01,0.000000000000000000e+00,2.105878632351407178e-03,6.349305489812868833e-04,2.101683063099587211e-03,6.567290024296612832e-04,1.000000000000000000e+00,1.000000000000000000e+00,7.096123833349945878e-04,-8.418876328368957726e-04,-5.331550545987848687e-03,-2.426475137287185599e-02,4.220371484928330669e-02,-9.583005207937785389e-03,1.250655536727915962e-01,-3.842819438401618576e-02,7.241748099515889344e-04,-7.844901538015087387e-04,-6.233941453547831024e-03,-2.050445340488151608e-02
7.970000000000000417e-01,0.000000000000000000e+00,2.102389917933778114e-03,6.227351764961673109e-04,2.098876649159270563e-03,6.529429123342215136e-04,1.000000000000000000e+00,1.000000000000000000e+00,7.069398730417408589e-04,-8.540830053220153451e-04,-5.345020586507428367e-03,-2.439074497023912061e-02,4.220812059425672891e-02,-8.369251713011182509e-03,1.250716590649194604e-01,-3.481242136403853160e-02,7.241748099515889344e-04,-7.844901538015087387e-04,-6.233941453547831024e-03,-2.050445340488151608e-02
7.974999999999999867e-01,0.000000000000000000e+00,2.098893130057425012e-03,6.105168582985045014e-04,2.096028095725241316e-03,6.491813325092646737e-04,1.000000000000000000e+00,1.000000000000000000e+00,7.042611781202946352e-04,-8.663013235196781545e-04,-5.357389842892368477e-03,-2.443663639532551307e-02,4.221237665453607402e-02,-7.164368592744052577e-03,1.250778949388167416e-01,-3.118893431081682169e-02,7.241748099515889344e-04,-7.844901538015087387e-04,-6.233941453547831024e-03,-2.050445340488151608e-02
7.980000000000000426e-01,0.000000000000000000e+00,2.095388972269670268e-03,5.983149051213584695e-04,2.093145822016022339e-03,6.454402453819670787e-04,1.000000000000000000e+00,1.000000000000000000e+00,7.015768375191729165e-04,-8.785032766968241865e-04,-5.368681202243396657e-03,-2.440390635429202232e-02,4.220155297913453368e-02,-5.863164858949729621e-03,1.250262632592142598e-01,-2.714998571002381900e-02,7.114605191845334948e-04,-8.228871838068383586e-04,-6.312061208409875182e-03,-1.967639874897279123e-02
7.984999999999999876e-01,0.000000000000000000e+00,2.091877385266800466e-03,5.861711792484136608e-04,2.090238430273740587e-03,6.417155015384541639e-04,1.000000000000000000e+00,1.000000000000000000e+00,6.988868058090958986e-04,-8.906470025697689951e-04,-5.380063420154067820e-03,-2.428745174588969186e-02,4.225075627516079735e-02,-4.677683397491515585e-03,1.252205809367535616e-01,-2.360668078896134212e-02,7.114605191845334948e-04,-8.228871838068383586e-04,-6.312061208409875182e-03,-1.967639874897279123e-02
7.990000000000000435e-01,0.000000000000000000e+00,2.088361318672151985e-03,5.741234326835520244e-04,2.087314462833649714e-03,6.380029146288435093e-04,1.000000000000000000e+00,1.000000000000000000e+00,6.961933425326290040e-04,-9.026947491346306316e-04,-5.386926552933885524e-03,-2.409549312972326593e-02,4.229934506571407515e-02,-3.500563117984910842e-03,1.253636559702316911e-01,-1.996458835504883941e-02,7.114605191845334948e-04,-8.228871838068383586e-04,-6.312061208409875182e-03,-1.967639874897279123e-02
7.994999999999999885e-01,0.000000000000000000e+00,2.084843657531800561e-03,5.622087062431649915e-04,2.084382159193655729e-03,6.342983562723002264e-04,1.000000000000000000e+00,1.000000000000000000e+00,6.934986577632871628e-04,-9.146094755750176645e-04,-5.389369538683736263e-03,-2.382945288077412127e-02,4.234733280440335784e-02,-2.331646509108665534e-03,1.255072555826528546e-01,-1.631535831181695970e-02,7.114605191845334948e-04,-8.228871838068383586e-04,-6.312061208409875182e-03,-1.967639874897279123e-02
8.000000000000000444e-01,0.000000000000000000e+00,2.081327223412413573e-03,5.504633385494076426e-04,2.081449213083838307e-03,6.305978509620791157e-04,1.000000000000000000e+00,1.000000000000000000e+00,6.908049129465369939e-04,-9.263548432687750134e-04,-5.387489633500250168e-03,-2.349073538751472387e-02,4.216439104448037323e-02,-3.223883096086095114e-03,1.247567994773956801e-01,-2.063268773000430031e-02,6.959587384605875945e-04,-8.817046827440270856e-04,-7.224377729344378871e-03,-2.584737765015220415e-02
8.004999999999999893e-01,0.000000000000000000e+00,2.077803235195727505e-03,5.388588049945566057e-04,2.078522529535981218e-03,6.268976709705809201e-04,1.000000000000000000e+00,1.000000000000000000e+00,6.881053813555278306e-04,-9.379593768236260502e-04,-5.399063182018330048e-03,-2.320906710970210840e-02,4.229133105780059909e-02,-2.065186059219373434e-03,1.253998494984053524e-01,-1.524989803105798042e-02,6.959587384605875945e-04,-8.817046827440270856e-04,-7.224377729344378871e-03,-2.584737765015220415e-02
8.010000000000000453e-01,0.000000000000000000e+00,2.074278540029582396e-03,5.274309987594799154e-04,2.075607983871841783e-03,6.231944307511401437e-04,1.000000000000000000e+00,1.000000000000000000e+00,6.854053082098141578e-04,-9.493871830587027405e-04,-5.400146291427370716e-03,-2.285561247015338929e-02,4.241684458056796392e-02,-9.144385186760126778e-04,1.257783657435197211e-01,-1.161790900021114452e-02,6.959587384605875945e-04,-8.817046827440270856e-04,-7.224377729344378871e-03,-2.584737765015220415e-02
8.014999999999999902e-01,0.000000000000000000e+00,2.070759834055748653e-03,5.162151271644680730e-04,2.072710242937405613e-03,6.194851650137952939e-04,1.000000000000000000e+00,1.000000000000000000e+00,6.827098230515892159e-04,-9.606030546537145829e-04,-5.390970316449911551e-03,-2.243174319002377501e-02,4.254096307241182068e-02,2.285114275489961880e-04,1.261580997270259907e-01,-7.979133799732984061e-03,6.959587384605875945e-04,-8.817046827440270856e-04,-7.224377729344378871e-03,-2.584737765015220415e-02
8.020000000000000462e-01,0.000000000000000000e+00,2.067253664982804731e-03,5.052457204005370538e-04,2.069832767106039029e-03,6.157673593885295985e-04,1.000000000000000000e+00,1.000000000000000000e+00,6.800239417166249051e-04,-9.715724614176456022e-04,-5.371762669928573097e-03,-2.193881352786209576e-02,4.315729776985302579e-02,2.371341964845922242e-03,1.284559228725453139e-01,-4.208047369510126839e-04,6.899135357656569975e-04,-9.211626736471430600e-04,-4.560162870361369331e-03,-2.196790304585591325e-02
8.024999999999999911e-01,0.000000000000000000e+00,2.063791163354022733e-03,4.945881305403827723e-04,2.066977893616062448e-03,6.120389597559321420e-04,1.000000000000000000e+00,1.000000000000000000e+00,6.773715115846059122e-04,-9.822300512777998836e-04,-5.304860264038053358e-03,-2.131517972030867042e-02,4.301913206491637248e-02,3.491573371616298917e-03,1.274285249115843788e-01,2.368750160405747041e-03,6.899135357656569975e-04,-9.211626736471430600e-04,-4.560162870361369331e-03,-2.196790304585591325e-02
8.030000000000000471e-01,0.000000000000000000e+00,2.060365291756533629e-03,4.842749529902427418e-04,2.064146923758070247e-03,6.082983805681199414e-04,1.000000000000000000e+00,1.000000000000000000e+00,6.747471416845103251e-04,-9.925432288279399141e-04,-5.248739800191104012e-03,-2.062635510028009572e-02,4.288243248911945832e-02,4.604585661669308334e-03,1.270452140108806194e-01,6.031257365974252577e-03,6.899135357656569975e-04,-9.211626736471430600e-04,-4.560162870361369331e-03,-2.196790304585591325e-02
8.034999999999999920e-01,0.000000000000000000e+00,2.056969163909171464e-03,4.743381394592609095e-04,2.061340210062269276e-03,6.045445131696735750e-04,1.000000000000000000e+00,1.000000000000000000e+00,6.721455568189168986e-04,-1.002480042358921747e-03,-5.203169731186890225e-03,-1.987362706196366124e-02,4.274716755665974866e-02,5.710521398788809787e-03,1.266606515338959127e-01,9.699927245080760055e-03,6.899135357656569975e-04,-9.211626736471430600e-04,-4.560162870361369331e-03,-2.196790304585591325e-02
8.040000000000000480e-01,0.000000000000000000e+00,2.053596042108376228e-03,4.648090062777463904e-04,2.058557243485806092e-03,6.007767341185581752e-04,1.000000000000000000e+00,1.000000000000000000e+00,6.695615956074543566e-04,-1.012009175540436266e-03,-5.167922422925162913e-03,-1.905826636302903124e-02,4.266518533276029285e-02,5.858454697058369277e-03,1.264763448464045204e-01,9.681018445127075392e-03,6.850520272201526860e-04,-9.719226155113518031e-04,-3.209971543887321730e-03,-2.413138847111705870e-02
8.044999999999999929e-01,0.000000000000000000e+00,2.050241933890434125e-03,4.556885169798702544e-04,2.055796740600104172e-03,5.969949135070601407e-04,1.000000000000000000e+00,1.000000000000000000e+00,6.669921996454798762e-04,-1.021129664838312402e-03,-5.138791923948921037e-03,-1.824097859575211228e-02,4.221026102916382305e-02,6.832321293603760802e-03,1.247949421760461558e-01,1.368839147757247056e-02,6.850520272201526860e-04,-9.719226155113518031e-04,-3.209971543887321730e-03,-2.413138847111705870e-02
8.050000000000000488e-01,0.000000000000000000e+00,2.046884206388852306e-03,4.470033921700736126e-04,2.053056730778188982e-03,5.931994232827066116e-04,1.000000000000000000e+00,1.000000000000000000e+00,6.644200311513854922e-04,-1.029814789648109043e-03,-5.144336988188763678e-03,-1.737024961959334271e-02,4.201514972375865187e-02,7.198183281950594307e-03,1.244226186192051026e-01,1.465239809293154317e-02,6.850520272201526860e-04,-9.719226155113518031e-04,-3.209971543887321730e-03,-2.413138847111705870e-02
8.054999999999999938e-01,0.000000000000000000e+00,2.043513507141708676e-03,4.387609891633842928e-04,2.050334643382027353e-03,5.893911455692026156e-04,1.000000000000000000e+00,1.000000000000000000e+00,6.618379257236858305e-04,-1.038057192654798363e-03,-5.164210855399388282e-03,-1.648480601337871249e-02,4.201785217343974310e-02,7.100130803430760792e-03,1.245891773999894397e-01,1.434007622830229221e-02,6.850520272201526860e-04,-9.719226155113518031e-04,-3.209971543887321730e-03,-2.413138847111705870e-02
8.060000000000000497e-01,0.000000000000000000e+00,2.040130504521189391e-03,4.309540298532699154e-04,2.047627394949852984e-03,5.855714809873519520e-04,1.000000000000000000e+00,1.000000000000000000e+00,6.592463953651800986e-04,-1.045864151964912741e-03,-5.183060717011390116e-03,-1.561391862022890389e-02,4.235194482102425800e-02,7.143473133385780729e-03,1.258744181680181429e-01,1.496664896022422905e-02,6.749753379204216468e-04,-1.017317703229653333e-03,-4.369285689618605806e-03,-2.322223249195832367e-02
8.064999999999999947e-01,0.000000000000000000e+00,2.036752463414043864e-03,4.235796906998023567e-04,2.044931476383503657e-03,5.817423569759920619e-04,1.000000000000000000e+00,1.000000000000000000e+00,6.566586657464236606e-04,-1.053238491118380299e-03,-5.175459237512826556e-03,-1.474867830693510351e-02,4.235091117137625844e-02,7.047657932238832711e-03,1.255892165292143703e-01,1.492964933265948646e-02,6.749753379204216468e-04,-1.017317703229653333e-03,-4.369285689618605806e-03,-2.322223249195832367e-02
8.070000000000000506e-01,0.000000000000000000e+00,2.033379657317242392e-03,4.166307825694993017e-04,2.042243040135727650e-03,5.779062361128589663e-04,1.000000000000000000e+00,1.000000000000000000e+00,6.540749463782511959e-04,-1.060187399248683354e-03,-5.167438736344990083e-03,-1.389781626060591739e-02,4.234982054313599087e-02,6.953434955263818225e-03,1.255900989149109637e-01,1.501144296860745797e-02,6.749753379204216468e-04,-1.017317703229653333e-03,-4.369285689618605806e-03,-2.322223249195832367e-02
8.074999999999999956e-01,0.000000000000000000e+00,2.030012353099385543e-03,4.101002014565262050e-04,2.039557986837346650e-03,5.740661227439530518e-04,1.000000000000000000e+00,1.000000000000000000e+00,6.514954416938708052e-04,-1.066717980361656451e-03,-5.159009368760798797e-03,-1.306116222594608939e-02,4.234867431721537484e-02,6.860785348686695290e-03,1.255910299409712383e-01,1.509187738594807218e-02,6.749753379204216468e-04,-1.017317703229653333e-03,-4.369285689618605806e-03,-2.322223249195832367e-02
8.080000000000000515e-01,0.000000000000000000e+00,2.026650811116705985e-03,4.039809277089597469e-04,2.036872042388390008e-03,5.702255408171778752e-04,1.000000000000000000e+00,1.000000000000000000e+00,6.489203511377279309e-04,-1.072837254109222909e-03,-5.150181112285767693e-03,-1.223854749513312960e-02,4.257389724545727894e-02,8.191188014960061256e-03,1.264713599852260728e-01,2.069158245473452437e-02,6.585475718980144007e-04,-1.046840049814851733e-03,-6.807024488653022620e-03,-1.785733974352833597e-02
8.084999999999999964e-01,0.000000000000000000e+00,2.023306629305074086e-03,3.983104542662138647e-04,2.034180816712441615e-03,5.663884563445699058e-04,1.000000000000000000e+00,1.000000000000000000e+00,6.463585592441479328e-04,-1.078507727551968791e-03,-5.123583787159970149e-03,-1.134094688549158042e-02,4.333260735215948428e-02,8.042198773177760066e-03,1.292397145049979379e-01,1.936327775242513080e-02,6.585475718980144007e-04,-1.046840049814851733e-03,-6.807024488653022620e-03,-1.785733974352833597e-02
8.090000000000000524e-01,0.000000000000000000e+00,2.020017996870605414e-03,3.930795487243701498e-04,2.031479857079537647e-03,5.625591834633489156e-04,1.000000000000000000e+00,1.000000000000000000e+00,6.438393206422620904e-04,-1.083738633093812506e-03,-5.038477203771725595e-03,-1.046181108368755656e-02,4.332103455373535750e-02,7.944844809901738941e-03,1.285920337871703789e-01,1.949046395729272727e-02,6.585475718980144007e-04,-1.046840049814851733e-03,-6.807024488653022620e-03,-1.785733974352833597e-02
8.094999999999999973e-01,0.000000000000000000e+00,2.016784060923779241e-03,3.882806500625495417e-04,2.028764701300521736e-03,5.587422901087533023e-04,1.000000000000000000e+00,1.000000000000000000e+00,6.413619819807932438e-04,-1.088537531755633114e-03,-4.954677322937714977e-03,-9.597797323641349757e-03,4.330963944080463979e-02,7.849165435119247886e-03,1.286019130260580845e-01,1.957357117342306552e-02,6.585475718980144007e-04,-1.046840049814851733e-03,-6.807024488653022620e-03,-1.785733974352833597e-02
8.100000000000000533e-01,0.000000000000000000e+00,2.013603981193514553e-03,3.839062885405766790e-04,2.026030930921384095e-03,5.549425036868566551e-04,1.000000000000000000e+00,1.000000000000000000e+00,6.389258995747486075e-04,-1.092911893277605977e-03,-4.872164812089338493e-03,-8.748723043945652589e-03,4.339917176840324409e-02,7.360921387257794712e-03,1.290029286180195967e-01,1.812423599439663691e-02,6.447160400173300920e-04,-1.073152843056161950e-03,-6.875974038806857008e-03,-1.487661888146479296e-02
8.104999999999999982e-01,0.000000000000000000e+00,2.010481977612174533e-03,3.799367635087601107e-04,2.023274224417614519e-03,5.511646167474001500e-04,1.000000000000000000e+00,1.000000000000000000e+00,6.365343060798657861e-04,-1.096881418309422545e-03,-4.783186989765667897e-03,-7.939050063633251025e-03,4.354850374542952596e-02,6.087942865259642414e-03,1.295534423175214722e-01,1.394543025066414914e-02,6.447160400173300920e-04,-1.073152843056161950e-03,-6.875974038806857008e-03,-1.487661888146479296e-02
8.110000000000000542e-01,0.000000000000000000e+00,2.007425210465134651e-03,3.763280305667301290e-04,2.020490410388534573e-03,5.474133926566093333e-04,1.000000000000000000e+00,1.000000000000000000e+00,6.341926865929670533e-04,-1.100490151251452527e-03,-4.683238973797483780e-03,-7.217465884060070974e-03,4.369634399485182452e-02,4.824719143207750228e-03,1.300529074287351539e-01,1.043652119477474736e-02,6.447160400173300920e-04,-1.073152843056161950e-03,-6.875974038806857008e-03,-1.487661888146479296e-02
8.114999999999999991e-01,0.000000000000000000e+00,2.004440674646000217e-03,3.730368214415072468e-04,2.017675520751658399e-03,5.436934712700282508e-04,1.000000000000000000e+00,1.000000000000000000e+00,6.319063995134297212e-04,-1.103781360376675409e-03,-4.572574159074684237e-03,-6.582418250445852027e-03,4.384272697332276814e-02,3.571078327118777911e-03,1.305536459686230666e-01,6.919284853172868663e-03,6.447160400173300920e-04,-1.073152843056161950e-03,-6.875974038806857008e-03,-1.487661888146479296e-02
8.120000000000000551e-01,0.000000000000000000e+00,2.001535202513048031e-03,3.700206344956211753e-04,2.014825843937023599e-03,5.400092746053357980e-04,1.000000000000000000e+00,1.000000000000000000e+00,6.296806787313445402e-04,-1.106797547322561481e-03,-4.451441564170430416e-03,-6.032373891772112480e-03,4.450936678006023328e-02,2.989389666501965446e-03,1.330816573653052504e-01,5.966944554614638137e-03,6.386253463499649624e-04,-1.094852071600579740e-03,-4.447093253258570418e-03,-1.232322133193251845e-02
8.125000000000000000e-01,0.000000000000000000e+00,1.998741603262805221e-03,3.672584330284352390e-04,2.011937978081547278e-03,5.363649125151783315e-04,1.000000000000000000e+00,1.000000000000000000e+00,6.275406575493947068e-04,-1.109559748789747417e-03,-4.280042363899714576e-03,-5.524402934371861439e-03,4.448894148695745066e-02,1.733337719991988714e-03,1.325237644903177192e-01,1.803892922141530318e-03,6.386253463499649624e-04,-1.094852071600579740e-03,-4.447093253258570418e-03,-1.232322133193251845e-02
8.130000000000000560e-01,0.000000000000000000e+00,1.996057869441858219e-03,3.647083188856089370e-04,2.009008884223363427e-03,5.327640883599879702e-04,1.000000000000000000e+00,1.000000000000000000e+00,6.254847981690477184e-04,-1.112109862932573719e-03,-4.111718760694027183e-03,-5.100228285652671709e-03,4.446893441373201555e-02,4.865652303546165675e-04,1.325523918331680262e-01,-1.783481527141936827e-03,6.386253463499649624e-04,-1.094852071600579740e-03,-4.447093253258570418e-03,-1.232322133193251845e-02
8.135000000000000009e-01,0.000000000000000000e+00,1.993482025436722586e-03,3.623291470859321857e-04,2.006035939494651543e-03,5.292100046836381447e-04,1.000000000000000000e+00,1.000000000000000000e+00,6.235115871825724085e-04,-1.114489034732250470e-03,-3.946421972950700345e-03,-4.758343599353619634e-03,4.444652060016408834e-02,4.223686291880687847e-04,1.325697167339520699e-01,-8.214448433630210794e-04,6.386253463499649624e-04,-1.094852071600579740e-03,-4.447093253258570418e-03,-1.232322133193251845e-02
8.140000000000000568e-01,0.000000000000000000e+00,1.991011985795017661e-03,3.601171931901703174e-04,2.003016988179859813e-03,5.257052728495709626e-04,1.000000000000000000e+00,1.000000000000000000e+00,6.216194270407607303e-04,-1.116700988628012339e-03,-3.784320283623368152e-03,-4.423907791523665547e-03,4.391956956413579222e-02,9.234983717429656475e-04,1.306279576464387526e-01,1.323405676257634681e-03,6.159898051542628695e-04,-1.106289127232275597e-03,-8.803574657572386941e-03,-8.135391946135448263e-03
8.145000000000000018e-01,0.000000000000000000e+00,1.988620399634409303e-03,3.580864264230657762e-04,1.999950368849203255e-03,5.222518670663807688e-04,1.000000000000000000e+00,1.000000000000000000e+00,6.197873657521863573e-04,-1.118731755395116880e-03,-3.664122577148824084e-03,-4.061533534209132643e-03,4.471752375579887001e-02,2.202625251040361398e-04,1.342402543303381490e-01,-1.679671851304141098e-03,6.159898051542628695e-04,-1.106289127232275597e-03,-8.803574657572386941e-03,-8.135391946135448263e-03
8.150000000000000577e-01,0.000000000000000000e+00,1.986346603933303919e-03,3.562129905042791395e-04,1.996834907357264259e-03,5.188511417465492548e-04,1.000000000000000000e+00,1.000000000000000000e+00,6.180455371905666699e-04,-1.120605191313903517e-03,-3.483657123239313966e-03,-3.746871837573332448e-03,4.550728273547276215e-02,-4.776897158955934570e-04,1.367215319842492172e-01,-3.654630256100581138e-03,6.159898051542628695e-04,-1.106289127232275597e-03,-8.803574657572386941e-03,-8.135391946135448263e-03
8.155000000000000027e-01,0.000000000000000000e+00,1.984229054323112529e-03,3.544734538546156794e-04,1.993669902537058974e-03,5.155038624178857496e-04,1.000000000000000000e+00,1.000000000000000000e+00,6.164234000786507134e-04,-1.122344727963566977e-03,-3.244274223831814311e-03,-3.479073299327082713e-03,4.560472577880152895e-02,-6.132034424637368636e-04,1.365521999544581921e-01,-3.469933347874609459e-03,6.159898051542628695e-04,-1.106289127232275597e-03,-8.803574657572386941e-03,-8.135391946135448263e-03
8.160000000000000586e-01,0.000000000000000000e+00,1.982271056027648960e-03,3.528622212297446038e-04,1.990455111803708134e-03,5.122102368026515201e-04,1.000000000000000000e+00,1.000000000000000000e+00,6.149234863647745934e-04,-1.123955960588438052e-03,-2.999827427752138446e-03,-3.222465249742126597e-03,4.680848647791241435e-02,6.999793089101209948e-04,1.412731068078973695e-01,1.856064460708568235e-03,6.209042713086306486e-04,-1.114703198269596579e-03,-1.663449014410098769e-03,-5.644544120297631702e-03
8.165000000000000036e-01,0.000000000000000000e+00,1.980531285073540947e-03,3.514190270098977407e-04,1.987190736758121315e-03,5.089699458966967559e-04,1.000000000000000000e+00,1.000000000000000000e+00,6.135907444930803695e-04,-1.125399154808284915e-03,-2.665483743388435620e-03,-2.886388439693686556e-03,4.593295940839633995e-02,1.295711827559490074e-03,1.370218213338237900e-01,3.193211665540966141e-03,6.209042713086306486e-04,-1.114703198269596579e-03,-1.663449014410098769e-03,-5.644544120297631702e-03
8.170000000000000595e-01,0.000000000000000000e+00,1.978963536628020048e-03,3.501607005395926658e-04,1.983877408790665590e-03,5.057821750485867133e-04,1.000000000000000000e+00,1.000000000000000000e+00,6.123897795081808442e-04,-1.126657481278589990e-03,-2.401929969799066703e-03,-2.516652940610224990e-03,4.506705835528508619e-02,1.887717041770215669e-03,1.345455413363583486e-01,5.142817670686843784e-03,6.209042713086306486e-04,-1.114703198269596579e-03,-1.663449014410098769e-03,-5.644544120297631702e-03
8.175000000000000044e-01,0.000000000000000000e+00,1.977522605891731972e-03,3.491037380172897723e-04,1.980516174684851527e-03,5.026456450387372906e-04,1.000000000000000000e+00,1.000000000000000000e+00,6.112859625247278215e-04,-1.127714443800892884e-03,-2.207633966906078719e-03,-2.113925044605711057e-03,4.458818106675437043e-02,2.188132245172899962e-03,1.335275377764314486e-01,5.977358003302520040e-03,6.209042713086306486e-04,-1.114703198269596579e-03,-1.663449014410098769e-03,-5.644544120297631702e-03
8.180000000000000604e-01,0.000000000000000000e+00,1.976183189498817959e-03,3.482553073299672532e-04,1.977108482221003570e-03,4.995586431585414969e-04,1.000000000000000000e+00,1.000000000000000000e+00,6.102599100399134753e-04,-1.128562874488215403e-03,-2.052104969628621659e-03,-1.696861374645123764e-03,4.462441942509452059e-02,1.849424224377416723e-03,1.341592087146722123e-01,4.584845032882818583e-03,6.092959034733986742e-04,-1.122432587595534109e-03,-4.288959382788426131e-03,-4.515997301047868819e-03
8.185000000000000053e-01,0.000000000000000000e+00,1.974946074470653595e-03,3.476024935343442757e-04,1.973656165779943874e-03,4.965190542895063291e-04,1.000000000000000000e+00,1.000000000000000000e+00,6.093122249470892590e-04,-1.129215688283838380e-03,-1.895370185648477448e-03,-1.305627591245887495e-03,4.544953080886750957e-02,1.206712072315128470e-03,1.374154975096943954e-01,2.546168766038638467e-03,6.092959034733986742e-04,-1.122432587595534109e-03,-4.288959382788426131e-03,-4.515997301047868819e-03
8.190000000000000613e-01,0.000000000000000000e+00,1.973851550195066581e-03,3.471230080130311736e-04,1.970161431946660519e-03,4.935243919823766381e-04,1.000000000000000000e+00,1.000000000000000000e+00,6.084737707079169739e-04,-1.129695173805151482e-03,-1.676908478344534079e-03,-9.589710426261817498e-04,4.626624856182452727e-02,5.689363253779271051e-04,1.399983566998204421e-01,7.670087653178366775e-04,6.092959034733986742e-04,-1.122432587595534109e-03,-4.288959382788426131e-03,-4.515997301047868819e-03
8.195000000000000062e-01,0.000000000000000000e+00,1.972939000885770566e-03,3.467949559557057491e-04,1.966626845113993941e-03,4.905718295362736323e-04,1.000000000000000000e+00,1.000000000000000000e+00,6.077747173804589091e-04,-1.130023225862476907e-03,-1.398106654916043143e-03,-6.561041146507377072e-04,4.633348053210679940e-02,4.609409844651985583e-04,1.397094986373139114e-01,1.022289304592921425e-03,6.092959034733986742e-04,-1.122432587595534109e-03,-4.288959382788426131e-03,-4.515997301047868819e-03
8.200000000000000622e-01,0.000000000000000000e+00,1.972209782383332541e-03,3.466132382981552528e-04,1.963055313080878071e-03,4.876582310812070924e-04,1.000000000000000000e+00,1.000000000000000000e+00,6.072161035988465645e-04,-1.130204943520027403e-03,-1.117227563224775563e-03,-3.634353151009635566e-04,4.644513785600836581e-02,7.837019159542000027e-04,1.402340768426721118e-01,2.493842468287831710e-03,6.119135651349590739e-04,-1.132876971864487216e-03,-7.395758580541488035e-04,-4.963773336124806257e-03
8.205000000000000071e-01,0.000000000000000000e+00,1.971667439720865486e-03,3.465862619947764241e-04,1.959450069987582737e-03,4.847801843217175877e-04,1.000000000000000000e+00,1.000000000000000000e+00,6.068006450159973237e-04,-1.130231919823406232e-03,-8.309171656983790899e-04,-5.395260675757041716e-05,4.552799553838123015e-02,1.275365604860390382e-03,1.367280908084533841e-01,4.260868183464054833e-03,6.119135651349590739e-04,-1.132876971864487216e-03,-7.395758580541488035e-04,-4.963773336124806257e-03
8.210000000000000631e-01,0.000000000000000000e+00,1.971263911908601590e-03,3.467275977688201363e-04,1.955814635809779121e-03,4.819340479025646705e-04,1.000000000000000000e+00,1.000000000000000000e+00,6.064915247777685672e-04,-1.130090584049362520e-03,-6.182404764575686468e-04,2.826715480874195975e-04,4.462086593691873271e-02,1.764023697383686369e-03,1.341003502126963953e-01,5.883708315502980159e-03,6.119135651349590739e-04,-1.132876971864487216e-03,-7.395758580541488035e-04,-4.963773336124806257e-03
8.215000000000000080e-01,0.000000000000000000e+00,1.970952182712168953e-03,3.470505455224119715e-04,1.952152748024554157e-03,4.791160161328970185e-04,1.000000000000000000e+00,1.000000000000000000e+00,6.062527263590834986e-04,-1.129767636295770684e-03,-4.775968373702278442e-04,6.458955071838155164e-04,4.372353139403001299e-02,2.249736174040894553e-03,1.314640621583836044e-01,7.509114205933126347e-03,6.119135651349590739e-04,-1.132876971864487216e-03,-7.395758580541488035e-04,-4.963773336124806257e-03
8.220000000000000639e-01,0.000000000000000000e+00,1.970686262929798732e-03,3.475681378524930146e-04,1.948468288457289596e-03,4.763221867164784849e-04,1.000000000000000000e+00,1.000000000000000000e+00,6.060490199874833455e-04,-1.129250043965689641e-03,-4.074127432003965240e-04,1.035184660162134784e-03,4.442293165005284372e-02,2.712684375839160937e-03,1.349833783308385937e-01,9.059835792346664432e-03,6.085343784715751365e-04,-1.132247461572370890e-03,-1.341952195946615693e-03,-1.616823680153892063e-03
8.225000000000000089e-01,0.000000000000000000e+00,1.970500690506514409e-03,3.482925222479144479e-04,1.944765210092428039e-03,4.735486285044505374e-04,1.000000000000000000e+00,1.000000000000000000e+00,6.059068632638302341e-04,-1.128525659570268208e-03,-2.843134473061473223e-04,1.448768790842781037e-03,4.529828152386630724e-02,2.177436098903253250e-03,1.378508984403777338e-01,6.763782809288227012e-03,6.085343784715751365e-04,-1.132247461572370890e-03,-1.341952195946615693e-03,-1.616823680153892063e-03
8.230000000000000648e-01,0.000000000000000000e+00,1.970438407878815929e-03,3.492044828024938249e-04,1.941047463884238312e-03,4.707914492480875417e-04,1.000000000000000000e+00,1.000000000000000000e+00,6.058591520029789302e-04,-1.127613699015688831e-03,-9.542252170266222653e-05,1.823921109158915463e-03,4.616468504784046467e-02,1.646443693747209457e-03,1.405682173416484826e-01,5.319850558731439687e-03,6.085343784715751365e-04,-1.132247461572370890e-03,-1.341952195946615693e-03,-1.616823680153892063e-03
8.235000000000000098e-01,0.000000000000000000e+00,1.970541395956248391e-03,3.502851388024867414e-04,1.937318925567580851e-03,4.680468633515583871e-04,1.000000000000000000e+00,1.000000000000000000e+00,6.059380454474037458e-04,-1.126533043015695915e-03,1.577868888495548955e-04,2.161311999986034911e-03,4.664126869294590166e-02,1.328710842868264857e-03,1.418132120042399635e-01,4.684272861465829836e-03,6.085343784715751365e-04,-1.132247461572370890e-03,-1.341952195946615693e-03,-1.616823680153892063e-03
8.240000000000000657e-01,0.000000000000000000e+00,1.970831598499904296e-03,3.515224753942512541e-04,1.933583322468667223e-03,4.653112596246809026e-04,1.000000000000000000e+00,1.000000000000000000e+00,6.061603534933502702e-04,-1.125295706423931402e-03,4.446160918930967560e-04,2.474673183529103523e-03,4.662854443929797393e-02,8.281329940500519946e-04,1.415084293828446360e-01,3.146201628363761143e-03,6.056621563507682453e-04,-1.127867022843026144e-03,-1.401655384072649684e-03,7.971031276973374741e-04
8.245000000000000107e-01,0.000000000000000000e+00,1.971306168202094540e-03,3.528988848353483646e-04,1.929844160315833095e-03,4.625812690356846755e-04,1.000000000000000000e+00,1.000000000000000000e+00,6.065238949765856596e-04,-1.123919296982834291e-03,7.270829664707905392e-04,2.752818882194026356e-03,4.664206053483715281e-02,-4.007782514583398993e-04,1.417209543581622877e-01,-1.079526716784731319e-03,6.056621563507682453e-04,-1.127867022843026144e-03,-1.401655384072649684e-03,7.971031276973374741e-04
8.250000000000000666e-01,0.000000000000000000e+00,1.971963584621969079e-03,3.543741842463280119e-04,1.926104650050293205e-03,4.598538324639650336e-04,1.000000000000000000e+00,1.000000000000000000e+00,6.070275051718457618e-04,-1.122443997571854644e-03,1.007220390520136922e-03,2.950598821959323544e-03,4.665589338920190371e-02,-1.620789933185450438e-03,1.419110789884108215e-01,-4.683505736309400737e-03,6.056621563507682453e-04,-1.127867022843026144e-03,-1.401655384072649684e-03,7.971031276973374741e-04
8.255000000000000115e-01,0.000000000000000000e+00,1.972802340138356779e-03,3.559089249356500381e-04,1.922367634636916499e-03,4.571262684528459722e-04,1.000000000000000000e+00,1.000000000000000000e+00,6.076700291743099280e-04,-1.120909256882532618e-03,1.285048004928382578e-03,3.069481378643939759e-03,4.667004033162319016e-02,-2.832064656504940277e-03,1.421009332142166848e-01,-8.295081960362243878e-03,6.056621563507682453e-04,-1.127867022843026144e-03,-1.401655384072649684e-03,7.971031276973374741e-04
8.260000000000000675e-01,0.000000000000000000e+00,1.973820939837813739e-03,3.574643832527531467e-04,1.918635515874979368e-03,4.543963409623338109e-04,1.000000000000000000e+00,1.000000000000000000e+00,6.084503218138415971e-04,-1.119353798565429509e-03,1.560585279063359410e-03,3.110916634206205376e-03,4.648304428655462839e-02,-3.352701586373174874e-03,1.415081387453857864e-01,-9.265221722739575352e-03,6.105737851443060124e-04,-1.125954736580281985e-03,1.044245438378997018e-03,8.979454149714330121e-04
8.265000000000000124e-01,0.000000000000000000e+00,1.975007808389400970e-03,3.590238694057897462e-04,1.914910181229605678e-03,4.516623271016567687e-04,1.000000000000000000e+00,1.000000000000000000e+00,6.093595158724976783e-04,-1.117794312412392910e-03,1.818388117312128103e-03,3.118972306073198707e-03,4.558083655473408463e-02,-3.906504002020745429e-03,1.383000472496154487e-01,-1.096809060070820865e-02,6.105737851443060124e-04,-1.125954736580281985e-03,1.044245438378997018e-03,8.979454149714330121e-04
8.270000000000000684e-01,0.000000000000000000e+00,1.976315653353059344e-03,3.605698506240389081e-04,1.911192938253766706e-03,4.489230774325577052e-04,1.000000000000000000e+00,1.000000000000000000e+00,6.103613832393694040e-04,-1.116248331194143748e-03,2.003734733743404647e-03,3.091962436498266967e-03,4.468848142439608984e-02,-4.456423320851207737e-03,1.357025035962715342e-01,-1.264264741923950934e-02,6.105737851443060124e-04,-1.125954736580281985e-03,1.044245438378997018e-03,8.979454149714330121e-04
8.275000000000000133e-01,0.000000000000000000e+00,1.977698212108020340e-03,3.620851209037516914e-04,1.907484510681433428e-03,4.461780159123795780e-04,1.000000000000000000e+00,1.000000000000000000e+00,6.114204846908928874e-04,-1.114733060914430965e-03,2.118202903046952773e-03,3.030540559425703648e-03,4.380576434964168070e-02,-5.002531914072152336e-03,1.330965491679237112e-01,-1.432051908346968980e-02,6.105737851443060124e-04,-1.125954736580281985e-03,1.044245438378997018e-03,8.979454149714330121e-04
8.280000000000000693e-01,0.000000000000000000e+00,1.979110234374146897e-03,3.635527968972492030e-04,1.903785103266129007e-03,4.434270725529987464e-04,1.000000000000000000e+00,1.000000000000000000e+00,6.125021565014192575e-04,-1.113265384920933453e-03,2.163343621052814074e-03,2.935351986994903014e-03,4.338735613371215438e-02,-5.546168677503912972e-03,1.322489731557833503e-01,-1.600656610031143262e-02,6.073783576471690395e-04,-1.117657765055380358e-03,-6.309381704032372522e-04,2.959011284832278529e-03
8.285000000000000142e-01,0.000000000000000000e+00,1.980530254910683585e-03,3.649562742279251377e-04,1.900094477668054158e-03,4.406706052660697885e-04,1.000000000000000000e+00,1.000000000000000000e+00,6.135899553425479052e-04,-1.111861907590257518e-03,2.175597682257263306e-03,2.806954661351760208e-03,4.346441811742460248e-02,-6.727854469695704331e-03,1.329119055933514482e-01,-2.018697100047406670e-02,6.073783576471690395e-04,-1.117657765055380358e-03,-6.309381704032372522e-04,2.959011284832278529e-03
8.290000000000000702e-01,0.000000000000000000e+00,1.981961880585574043e-03,3.662592066046650892e-04,1.896412028409210845e-03,4.379093216416889752e-04,1.000000000000000000e+00,1.000000000000000000e+00,6.146866442354244776e-04,-1.110558975213517567e-03,2.193377785753139464e-03,2.605864753479756289e-03,4.354072866956763821e-02,-7.901490412289487869e-03,1.331518747782469980e-01,-2.382269875806810461e-02,6.073783576471690395e-04,-1.117657765055380358e-03,-6.309381704032372522e-04,2.959011284832278529e-03
8.295000000000000151e-01,0.000000000000000000e+00,1.983408637363468299e-03,3.674259333652503227e-04,1.892736858828538999e-03,4.351442007270695076e-04,1.000000000000000000e+00,1.000000000000000000e+00,6.157949242256748534e-04,-1.109392248452932333e-03,2.216559980500717401e-03,2.333453521170381247e-03,4.361630464501126125e-02,-9.067228355978182788e-03,1.333924854304618657e-01,-2.746529835290272697e-02,6.073783576471690395e-04,-1.117657765055380358e-03,-6.309381704032372522e-04,2.959011284832278529e-03
8.300000000000000711e-01,0.000000000000000000e+00,1.984873971691150131e-03,3.684214708007487165e-04,1.889067857037042596e-03,4.323764148052061836e-04,0.000000000000000000e+00,1.000000000000000000e+00,6.169174354447069060e-04,-1.108396711017433939e-03,2.245022438064206167e-03,1.991074870996871644e-03,4.365443069489031991e-02,-9.235744158406479498e-03,1.334910688802387890e-01,-2.727185895952501105e-02,6.166279231499348758e-04,-1.117273119184152572e-03,2.701549925555011243e-03,1.204740819142625843e-03
8.305000000000000160e-01,0.000000000000000000e+00,1.986359411565584172e-03,3.692424296453614835e-04,1.885403771872929193e-03,4.296072511735497682e-04,0.000000000000000000e+00,1.000000000000000000e+00,6.180553484061044808e-04,-1.107575752172821172e-03,2.275825922795185734e-03,1.641917689225616799e-03,4.270693693381576173e-02,-8.884316744607233252e-03,1.297950455856725638e-01,-2.591334094568746929e-02,6.166279231499348758e-04,-1.117273119184152572e-03,2.701549925555011243e-03,1.204740819142625843e-03
8.310000000000000719e-01,0.000000000000000000e+00,1.987817084662975645e-03,3.699017306972630665e-04,1.881743288856731460e-03,4.268380339226719852e-04,0.000000000000000000e+00,1.000000000000000000e+00,6.191719907822453755e-04,-1.106916451120919589e-03,2.233284752281685173e-03,1.318602103803304809e-03,4.176941658345557917e-02,-8.535750984055172352e-03,1.269404068212771075e-01,-2.499867782786490203e-02,6.166279231499348758e-04,-1.117273119184152572e-03,2.701549925555011243e-03,1.204740819142625843e-03
8.315000000000000169e-01,0.000000000000000000e+00,1.989200178137612296e-03,3.704120733990989497e-04,1.878085106146445624e-03,4.240700457149390199e-04,0.000000000000000000e+00,1.000000000000000000e+00,6.202315018528047064e-04,-1.106406108419083706e-03,2.119022141118687402e-03,1.020685403671562231e-03,4.084164891898973970e-02,-8.189997851700884374e-03,1.240772541518294081e-01,-2.408157183019541889e-02,6.166279231499348758e-04,-1.117273119184152572e-03,2.701549925555011243e-03,1.204740819142625843e-03
8.320000000000000728e-01,0.000000000000000000e+00,1.990462920551145428e-03,3.707859385044054781e-04,1.874428010492659290e-03,4.213044495631777580e-04,0.000000000000000000e+00,1.000000000000000000e+00,6.211988186617826762e-04,-1.106032243313777178e-03,1.934633617955993506e-03,7.477302106129265656e-04,4.028032814555111696e-02,-8.643713770118487127e-03,1.225918977339857108e-01,-2.625619584920939678e-02,6.196685094993607552e-04,-1.108593620038230993e-03,1.952552001381804587e-03,3.192551722403713741e-03
8.325000000000000178e-01,0.000000000000000000e+00,1.991578445593165589e-03,3.710106896533664923e-04,1.870770953193684038e-03,4.185422106093489628e-04,0.000000000000000000e+00,1.000000000000000000e+00,6.220533604213822083e-04,-1.105807492164816164e-03,1.709083519199031554e-03,4.495022979219428193e-04,3.993093443153798716e-02,-9.716006341989703171e-03,1.215950354129494426e-01,-3.016155549764317975e-02,6.196685094993607552e-04,-1.108593620038230993e-03,1.952552001381804587e-03,3.192551722403713741e-03
8.329999999999999627e-01,0.000000000000000000e+00,1.992530833743356641e-03,3.710545206694032105e-04,1.867113126039291957e-03,4.157840179158067391e-04,0.000000000000000000e+00,1.000000000000000000e+00,6.227829320715285756e-04,-1.105763661148779445e-03,1.459143300292691523e-03,8.766203207349860345e-05,3.988540137644471656e-02,-9.907199939792556490e-03,1.215844705235952228e-01,-3.014432941755145270e-02,6.196685094993607552e-04,-1.108593620038230993e-03,1.952552001381804587e-03,3.192551722403713741e-03
8.335000000000000187e-01,0.000000000000000000e+00,1.993319592728696327e-03,3.709135545365144226e-04,1.863454031548340394e-03,4.130302125628093624e-04,0.000000000000000000e+00,1.000000000000000000e+00,6.233871565092080321e-04,-1.105904627281668233e-03,1.208448875358811899e-03,-2.819322657776535037e-04,3.991949081970877500e-02,-9.866271712747096828e-03,1.216233402862979679e-01,-2.998111502832019257e-02,6.196685094993607552e-04,-1.108593620038230993e-03,1.952552001381804587e-03,3.192551722403713741e-03
8.339999999999999636e-01,0.000000000000000000e+00,1.993948243696693629e-03,3.705912352549799692e-04,1.859793502699870872e-03,4.102807715645761816e-04,0.000000000000000000e+00,1.000000000000000000e+00,6.238687310899035388e-04,-1.106226946563202687e-03,9.631491613910862087e-04,-6.446385630690620828e-04,4.031733112552890463e-02,-1.066163063231079233e-02,1.230097732237064034e-01,-3.326094672455796875e-02,6.200958326534477963e-04,-1.106440558368065961e-03,8.499760226493289269e-04,1.850849123895036922e-03
8.345000000000000195e-01,0.000000000000000000e+00,1.994438509187521427e-03,3.700648491257296085e-04,1.856131662447003949e-03,4.075353583358455817e-04,0.000000000000000000e+00,1.000000000000000000e+00,6.242442962448054153e-04,-1.106753332692453047e-03,7.511303098037280541e-04,-1.052772258500900152e-03,4.034616146195941361e-02,-1.061643461968652877e-02,1.226701527381242052e-01,-3.258198036915688212e-02,6.200958326534477963e-04,-1.106440558368065961e-03,8.499760226493289269e-04,1.850849123895036922e-03
8.349999999999999645e-01,0.000000000000000000e+00,1.994793387173168439e-03,3.693382413011163292e-04,1.852468872749775787e-03,4.047933847418654541e-04,0.000000000000000000e+00,1.000000000000000000e+00,6.245161485536955851e-04,-1.107479940517066327e-03,5.437046177803007627e-04,-1.453215649226483660e-03,4.037436722027096248e-02,-1.057209021797427158e-02,1.226455414236978098e-01,-3.262056241207530322e-02,6.200958326534477963e-04,-1.106440558368065961e-03,8.499760226493289269e-04,1.850849123895036922e-03
8.355000000000000204e-01,0.000000000000000000e+00,1.995015824822826949e-03,3.684152083048136943e-04,1.848805683528390378e-03,4.020540732363105671e-04,0.000000000000000000e+00,1.000000000000000000e+00,6.246865456791568646e-04,-1.108402973513368962e-03,3.407942509224629328e-04,-1.846065992605375530e-03,4.040195898438983524e-02,-1.052858665706388891e-02,1.226214632868327381e-01,-3.265841746854405980e-02,6.200958326534477963e-04,-1.106440558368065961e-03,8.499760226493289269e-04,1.850849123895036922e-03
8.359999999999999654e-01,0.000000000000000000e+00,1.995108719289759476e-03,3.672994985034656878e-04,1.845142781616478924e-03,3.993165189992085558e-04,0.000000000000000000e+00,1.000000000000000000e+00,6.247577069693470864e-04,-1.109518683314716968e-03,1.423225803803647633e-04,-2.231419602696189074e-03,4.001683799750900550e-02,-9.685224564331046393e-03,1.209974172320869290e-01,-2.958595176698395821e-02,6.259142097419517639e-04,-1.101647845181069315e-03,2.155658214952048315e-03,2.196738332200154700e-03
8.365000000000000213e-01,0.000000000000000000e+00,1.995054271515075625e-03,3.660198381565500040e-04,1.841480939714362471e-03,3.965797520748600021e-04,0.000000000000000000e+00,1.000000000000000000e+00,6.247159975541102502e-04,-1.110798343661632652e-03,-8.341883047369440425e-05,-2.559320693831231095e-03,3.924289797862667850e-02,-8.968253569345345858e-03,1.182012454704231413e-01,-2.766244506216979093e-02,6.259142097419517639e-04,-1.101647845181069315e-03,2.155658214952048315e-03,2.196738332200154700e-03
8.369999999999999662e-01,0.000000000000000000e+00,1.994815425992087568e-03,3.646006877220937629e-04,1.837820965342304349e-03,3.938427995097626357e-04,0.000000000000000000e+00,1.000000000000000000e+00,6.245330312684614854e-04,-1.112217494096088893e-03,-3.659325712974571148e-04,-2.838300868912386251e-03,3.904669820819219733e-02,-8.738892889382988971e-03,1.179507584846029716e-01,-2.750371672032151174e-02,6.259142097419517639e-04,-1.101647845181069315e-03,2.155658214952048315e-03,2.196738332200154700e-03
8.375000000000000222e-01,0.000000000000000000e+00,1.994384524206971321e-03,3.630509987539980860e-04,1.834163649793771290e-03,3.911047474905310350e-04,0.000000000000000000e+00,1.000000000000000000e+00,6.242029413504429332e-04,-1.113767183064184570e-03,-6.601798360371118231e-04,-3.099377936191503608e-03,3.908670996928178404e-02,-8.709981670925105723e-03,1.181182464448002345e-01,-2.769951283339180254e-02,6.259142097419517639e-04,-1.101647845181069315e-03,2.155658214952048315e-03,2.196738332200154700e-03
8.379999999999999671e-01,0.000000000000000000e+00,1.993765852842830418e-03,3.613733684558243474e-04,1.830509717088693459e-03,3.883648034818230508e-04,0.000000000000000000e+00,1.000000000000000000e+00,6.237290115898261626e-04,-1.115444813362358309e-03,-9.478595212336035939e-04,-3.355260596347424233e-03,3.895554831472869406e-02,-8.744323269507277632e-03,1.174227789295462232e-01,-2.796761169227499413e-02,6.204422465832129616e-04,-1.106113763892294186e-03,-9.459774363473140478e-04,-6.119942913563495646e-04
8.385000000000000231e-01,0.000000000000000000e+00,1.992955094112035253e-03,3.595684013648515077e-04,1.826859772926717976e-03,3.856223583642571758e-04,0.000000000000000000e+00,1.000000000000000000e+00,6.231079343693902593e-04,-1.117249780453331148e-03,-1.242154440871723331e-03,-3.609934181945765718e-03,3.973306637655844159e-02,-7.929095161227925695e-03,1.203989452250375097e-01,-2.488175397866355942e-02,6.204422465832129616e-04,-1.106113763892294186e-03,-9.459774363473140478e-04,-6.119942913563495646e-04
8.389999999999999680e-01,0.000000000000000000e+00,1.991993527730025974e-03,3.576632627858640674e-04,1.823214253640473292e-03,3.828770485723403776e-04,0.000000000000000000e+00,1.000000000000000000e+00,6.223713317857620941e-04,-1.119154919032318589e-03,-1.473205167256310582e-03,-3.810277157974890482e-03,4.050198448911425386e-02,-7.119883529763545126e-03,1.225994076966529928e-01,-2.252114021886780088e-02,6.204422465832129616e-04,-1.106113763892294186e-03,-9.459774363473140478e-04,-6.119942913563495646e-04
8.395000000000000240e-01,0.000000000000000000e+00,1.990921539649178305e-03,3.556846254592575113e-04,1.819573375150213522e-03,3.801288182306475469e-04,0.000000000000000000e+00,1.000000000000000000e+00,6.215501412733387410e-04,-1.121133556358925145e-03,-1.642381024846781366e-03,-3.957274653213115750e-03,4.126248885321995991e-02,-6.316579283673759079e-03,1.248072116037782370e-01,-2.015539043150645776e-02,6.204422465832129616e-04,-1.106113763892294186e-03,-9.459774363473140478e-04,-6.119942913563495646e-04
8.399999999999999689e-01,0.000000000000000000e+00,1.989778637201552146e-03,3.536586756742472054e-04,1.815937084312749597e-03,3.773779783013394900e-04,0.000000000000000000e+00,1.000000000000000000e+00,6.206746272043080085e-04,-1.123159506143935451e-03,-1.751028138061431604e-03,-4.051899570020586587e-03,4.209615316903749654e-02,-5.283024522023994224e-03,1.273382916484046834e-01,-1.686785908872020373e-02,6.206991479509175232e-04,-1.106288559819766908e-03,-2.647162023868338725e-04,-2.793641835189462864e-04
8.405000000000000249e-01,0.000000000000000000e+00,1.988607541738467762e-03,3.516184970881834886e-04,1.812305038182877599e-03,3.746252308896966428e-04,0.000000000000000000e+00,1.000000000000000000e+00,6.197775160324502357e-04,-1.125199684729999167e-03,-1.794222343715459571e-03,-4.080357172127256626e-03,4.272431858650501540e-02,-4.354872482833000227e-03,1.290433957306009738e-01,-1.415777528665708787e-02,6.206991479509175232e-04,-1.106288559819766908e-03,-2.647162023868338725e-04,-2.793641835189462864e-04
