time_s,letter_index,simulated_ink_x_m,simulated_ink_y_m,target_x_m,target_y_m,contact,target_down,q_x_m,q_y_m,qdot_x_m_s,qdot_y_m_s,current_x_A,current_y_A,voltage_x_V,voltage_y_V,observed_q_x_m,observed_q_y_m,observed_qdot_x_m_s,observed_qdot_y_m_s
0.000000000000000000e+00,0.000000000000000000e+00,2.168181818181817364e-03,2.792727272727273113e-03,2.168181818181817364e-03,2.792727272727273113e-03,0.000000000000000000e+00,0.000000000000000000e+00,7.573393926289893191e-04,1.315909090909090457e-03,0.000000000000000000e+00,0.000000000000000000e+00,4.332784217719556907e-02,4.773221379964046572e-03,1.682706217204872068e-01,1.853757050561846004e-02,7.573393926289893191e-04,1.315909090909090457e-03,0.000000000000000000e+00,0.000000000000000000e+00
5.000000000000000104e-04,0.000000000000000000e+00,2.168181818181817364e-03,2.792727272727273113e-03,2.168181818181816930e-03,2.792727272727272680e-03,0.000000000000000000e+00,0.000000000000000000e+00,7.573393926289893191e-04,1.315909090909090457e-03,-5.042800802258160449e-19,-6.303501002822700562e-20,4.332784217719556907e-02,4.773221379964047439e-03,1.312833617969025868e-01,1.446286078129106235e-02,7.573393926289893191e-04,1.315909090909090457e-03,-5.042800802258160449e-19,-6.303501002822700562e-20
1.000000000000000021e-03,0.000000000000000000e+00,2.168181818181817364e-03,2.792727272727273113e-03,2.168181818181817364e-03,2.792727272727273547e-03,0.000000000000000000e+00,0.000000000000000000e+00,7.573393926289893191e-04,1.315909090909090457e-03,-1.008560160451632090e-18,-6.303501002822700562e-20,4.332784217719556907e-02,4.773221379964047439e-03,1.312833617969025868e-01,1.446286078129106235e-02,7.573393926289893191e-04,1.315909090909090457e-03,-1.008560160451632090e-18,-6.303501002822700562e-20
1.500000000000000031e-03,0.000000000000000000e+00,2.168181818181817364e-03,2.792727272727273113e-03,2.168181818181817364e-03,2.792727272727273547e-03,0.000000000000000000e+00,0.000000000000000000e+00,7.573393926289893191e-04,1.315909090909090457e-03,-1.512840240677448038e-18,-6.303501002822700562e-20,4.332784217719556907e-02,4.773221379964047439e-03,1.312833617969025868e-01,1.446286078129106235e-02,7.573393926289893191e-04,1.315909090909090457e-03,-1.512840240677448038e-18,-6.303501002822700562e-20
2.000000000000000042e-03,0.000000000000000000e+00,2.168181818181817364e-03,2.792727272727273113e-03,2.168181818181817364e-03,2.792727272727272246e-03,0.000000000000000000e+00,0.000000000000000000e+00,7.573393926289893191e-04,1.315909090909090457e-03,-2.017120320903264180e-18,-6.303501002822700562e-20,4.332784217719556907e-02,4.773221379963609422e-03,1.312833617969025868e-01,1.446286078128936232e-02,7.573393926289893191e-04,1.315909090909090457e-03,-2.017120320903264180e-18,-6.303501002822700562e-20
2.500000000000000052e-03,0.000000000000000000e+00,2.168181818181817364e-03,2.792727272727273113e-03,2.168181818181817797e-03,2.792727272727273547e-03,0.000000000000000000e+00,0.000000000000000000e+00,7.573393926289893191e-04,1.315909090909090457e-03,-2.521400401129080321e-18,-2.742022936227874815e-17,4.332784217719558295e-02,4.773221379963697025e-03,1.312833617969026145e-01,1.446286078129006315e-02,7.573393926289893191e-04,1.315909090909090457e-03,-2.521400401129080321e-18,-2.742022936227874815e-17
3.000000000000000062e-03,0.000000000000000000e+00,2.168181818181817364e-03,2.792727272727273113e-03,2.168181818181817364e-03,2.792727272727273113e-03,0.000000000000000000e+00,0.000000000000000000e+00,7.573393926289893191e-04,1.315909090909090457e-03,-2.017120320903264180e-18,-4.897820279193238684e-17,4.332784217719557601e-02,4.773221379963767282e-03,1.312833617969025868e-01,1.446286078129025224e-02,7.573393926289893191e-04,1.315909090909090457e-03,-2.017120320903264180e-18,-4.897820279193238684e-17
3.500000000000000073e-03,0.000000000000000000e+00,2.168181818181817364e-03,2.792727272727273113e-03,2.168181818181817364e-03,2.792727272727272246e-03,0.000000000000000000e+00,0.000000000000000000e+00,7.573393926289893191e-04,1.315909090909090457e-03,-1.512840240677448038e-18,-6.593462048952545295e-17,4.332784217719557601e-02,4.773221379963822793e-03,1.312833617969025868e-01,1.446286078129040142e-02,7.573393926289893191e-04,1.315909090909090457e-03,-1.512840240677448038e-18,-6.593462048952545295e-17
4.000000000000000083e-03,0.000000000000000000e+00,2.168181818181817364e-03,2.792727272727273113e-03,2.168181818181817797e-03,2.792727272727273981e-03,0.000000000000000000e+00,0.000000000000000000e+00,7.573393926289893191e-04,1.315909090909090457e-03,-1.008560160451631897e-18,-7.923500760548134607e-17,4.332784217719570785e-02,4.773221379964741329e-03,1.312833617969030864e-01,1.446286078129391424e-02,7.573393926289893191e-04,1.315909090909090457e-03,-1.008560160451631897e-18,-7.923500760548134607e-17
4.500000000000000527e-03,0.000000000000000000e+00,2.168181818181817364e-03,2.792727272727273113e-03,2.168181818181817364e-03,2.792727272727273113e-03,0.000000000000000000e+00,0.000000000000000000e+00,7.573393926289893191e-04,1.315909090909090457e-03,9.581321524290504372e-18,-3.492139555563775680e-17,4.332784217719567316e-02,4.773221379964598214e-03,1.312833617969028643e-01,1.446286078129259411e-02,7.573393926289893191e-04,1.315909090909090457e-03,9.581321524290504372e-18,-3.492139555563775680e-17
5.000000000000000104e-03,0.000000000000000000e+00,2.168181818181817364e-03,2.792727272727273113e-03,2.168181818181816930e-03,2.792727272727273113e-03,0.000000000000000000e+00,0.000000000000000000e+00,7.573393926289893191e-04,1.315909090909090457e-03,1.714552272767774418e-17,-1.260700200564499909e-19,4.332784217719566622e-02,4.773221379964486324e-03,1.312833617969028366e-01,1.446286078129229921e-02,7.573393926289893191e-04,1.315909090909090457e-03,1.714552272767774418e-17,-1.260700200564499909e-19
5.499999999999999681e-03,0.000000000000000000e+00,2.168181818181817364e-03,2.792727272727273113e-03,2.168181818181817364e-03,2.792727272727273547e-03,0.000000000000000000e+00,0.000000000000000000e+00,7.573393926289893191e-04,1.315909090909090457e-03,2.470972393106498399e-17,2.729415934222229508e-17,4.332784217719563846e-02,4.773221379964396986e-03,1.312833617969027533e-01,1.446286078129205808e-02,7.573393926289893191e-04,1.315909090909090457e-03,2.470972393106498399e-17,2.729415934222229508e-17
6.000000000000000125e-03,0.000000000000000000e+00,2.168181818181817364e-03,2.792727272727273113e-03,2.168181818181817364e-03,2.792727272727273113e-03,0.000000000000000000e+00,0.000000000000000000e+00,7.573393926289893191e-04,1.315909090909090457e-03,2.924824465309732849e-17,4.885213277187593069e-17,4.332784217719548581e-02,4.773221379963888712e-03,1.312833617969022260e-01,1.446286078129016897e-02,7.573393926289893191e-04,1.315909090909090457e-03,2.924824465309732849e-17,4.885213277187593069e-17
6.500000000000000569e-03,0.000000000000000000e+00,2.168181818181817364e-03,2.792727272727273113e-03,2.168181818181817364e-03,2.792727272727273113e-03,0.000000000000000000e+00,0.000000000000000000e+00,7.573393926289893191e-04,1.315909090909090457e-03,2.269260361016171942e-17,3.838832110719024865e-17,4.332784217719550662e-02,4.773221379963922539e-03,1.312833617969023925e-01,1.446286078129073276e-02,7.573393926289893191e-04,1.315909090909090457e-03,2.269260361016171942e-17,3.838832110719024865e-17
7.000000000000000146e-03,0.000000000000000000e+00,2.168181818181817364e-03,2.792727272727273113e-03,2.168181818181817364e-03,2.792727272727272246e-03,0.000000000000000000e+00,0.000000000000000000e+00,7.573393926289893191e-04,1.315909090909090457e-03,1.714552272767774110e-17,3.013073479349250924e-17,4.332784217719552744e-02,4.773221379963949428e-03,1.312833617969024758e-01,1.446286078129080215e-02,7.573393926289893191e-04,1.315909090909090457e-03,1.714552272767774110e-17,3.013073479349250924e-17
7.499999999999999722e-03,0.000000000000000000e+00,2.168181818181817364e-03,2.792727272727273113e-03,2.168181818181817364e-03,2.792727272727273113e-03,0.000000000000000000e+00,0.000000000000000000e+00,7.573393926289893191e-04,1.315909090909090457e-03,1.361556216609702888e-17,2.363812876058512825e-17,4.332784217719553438e-02,4.773221379963970244e-03,1.312833617969024758e-01,1.446286078129085766e-02,7.573393926289893191e-04,1.315909090909090457e-03,1.361556216609702888e-17,2.363812876058512825e-17
8.000000000000000167e-03,0.000000000000000000e+00,2.168181818181817364e-03,2.792727272727273113e-03,2.168181818181817797e-03,2.792727272727273981e-03,0.000000000000000000e+00,0.000000000000000000e+00,7.573393926289893191e-04,1.315909090909090457e-03,1.109416176496794894e-17,1.859532795832696838e-17,4.332784217719568010e-02,4.773221379964425609e-03,1.312833617969030309e-01,1.446286078129260799e-02,7.573393926289893191e-04,1.315909090909090457e-03,1.109416176496794894e-17,1.859532795832696838e-17
8.500000000000000611e-03,0.000000000000000000e+00,2.168181818181817364e-03,2.792727272727273113e-03,2.168181818181816930e-03,2.792727272727272246e-03,0.000000000000000000e+00,0.000000000000000000e+00,7.573393926289893191e-04,1.315909090909090457e-03,1.966692312880682103e-17,4.204435168882741548e-17,4.332784217719565234e-02,4.773221379964350149e-03,1.312833617969028088e-01,1.446286078129193318e-02,7.573393926289893191e-04,1.315909090909090457e-03,1.966692312880682103e-17,4.204435168882741548e-17
9.000000000000001055e-03,0.000000000000000000e+00,2.168181818181817364e-03,2.792727272727273113e-03,2.168181818181818231e-03,2.792727272727273981e-03,0.000000000000000000e+00,0.000000000000000000e+00,7.573393926289893191e-04,1.315909090909090457e-03,2.622256417174243010e-17,6.045057461706970579e-17,4.332784217719563152e-02,4.773221379964290301e-03,1.312833617969027533e-01,1.446286078129177533e-02,7.573393926289893191e-04,1.315909090909090457e-03,2.622256417174243010e-17,6.045057461706970579e-17
9.499999999999999764e-03,0.000000000000000000e+00,2.168181818181817364e-03,2.792727272727273113e-03,2.168181818181818231e-03,2.792727272727273981e-03,0.000000000000000000e+00,0.000000000000000000e+00,7.573393926289893191e-04,1.315909090909090457e-03,3.076108489377477152e-17,7.494862692356192312e-17,4.332784217719562458e-02,4.773221379964242596e-03,1.312833617969027811e-01,1.446286078129164696e-02,7.573393926289893191e-04,1.315909090909090457e-03,3.076108489377477152e-17,7.494862692356192312e-17
1.000000000000000021e-02,0.000000000000000000e+00,2.168181818181817364e-03,2.792727272727273113e-03,2.168181818181816496e-03,2.792727272727272246e-03,0.000000000000000000e+00,0.000000000000000000e+00,7.573393926289893191e-04,1.315909090909090457e-03,3.429104545535548220e-17,8.629492872864277975e-17,4.332784217719521519e-02,4.773221379963330999e-03,1.312833617969011712e-01,1.446286078128814802e-02,7.573393926289893191e-04,1.315909090909090457e-03,3.429104545535548220e-17,8.629492872864277975e-17
1.050000000000000065e-02,0.000000000000000000e+00,2.168181818181817364e-03,2.792727272727273113e-03,2.168181818181817364e-03,2.792727272727273113e-03,0.000000000000000000e+00,0.000000000000000000e+00,7.573393926289893191e-04,1.315909090909090457e-03,6.555641042935599821e-18,4.053151144814997245e-17,4.332784217719528458e-02,4.773221379963478450e-03,1.312833617969017819e-01,1.446286078128948376e-02,7.573393926289893191e-04,1.315909090909090457e-03,6.555641042935599821e-18,4.053151144814997245e-17
1.099999999999999936e-02,0.000000000000000000e+00,2.168181818181817364e-03,2.792727272727273113e-03,2.168181818181818231e-03,2.792727272727273981e-03,0.000000000000000000e+00,0.000000000000000000e+00,7.573393926289893191e-04,1.315909090909090457e-03,-1.512840240677448886e-17,4.538520722032353745e-18,4.332784217719533315e-02,4.773221379963594677e-03,1.312833617969019206e-01,1.446286078128979254e-02,7.573393926289893191e-04,1.315909090909090457e-03,-1.512840240677448886e-17,4.538520722032353745e-18
1.149999999999999981e-02,0.000000000000000000e+00,2.168181818181817364e-03,2.792727272727273113e-03,2.168181818181817364e-03,2.792727272727273113e-03,0.000000000000000000e+00,0.000000000000000000e+00,7.573393926289893191e-04,1.315909090909090457e-03,-3.378676537512968223e-17,-2.382723379066980015e-17,4.332784217719539560e-02,4.773221379963686617e-03,1.312833617969020594e-01,1.446286078129003887e-02,7.573393926289893191e-04,1.315909090909090457e-03,-3.378676537512968223e-17,-2.382723379066980015e-17
1.200000000000000025e-02,0.000000000000000000e+00,2.168181818181817364e-03,2.792727272727273113e-03,2.168181818181817364e-03,2.792727272727273113e-03,0.000000000000000000e+00,0.000000000000000000e+00,7.573393926289893191e-04,1.315909090909090457e-03,-4.639376738077508191e-17,-4.614162734066216344e-17,4.332784217719569397e-02,4.773221379964196626e-03,1.312833617969031696e-01,1.446286078129193318e-02,7.573393926289893191e-04,1.315909090909090457e-03,-4.639376738077508191e-17,-4.614162734066216344e-17
1.250000000000000069e-02,0.000000000000000000e+00,2.168181818181817364e-03,2.792727272727273113e-03,2.168181818181817364e-03,2.792727272727273113e-03,0.000000000000000000e+00,0.000000000000000000e+00,7.573393926289893191e-04,1.315909090909090457e-03,-3.681244585648458062e-17,-3.624513076623052485e-17,4.332784217719566622e-02,4.773221379964163666e-03,1.312833617969028366e-01,1.446286078129137460e-02,7.573393926289893191e-04,1.315909090909090457e-03,-3.681244585648458062e-17,-3.624513076623052485e-17
1.300000000000000114e-02,0.000000000000000000e+00,2.168181818181817364e-03,2.792727272727273113e-03,2.168181818181817364e-03,2.792727272727273113e-03,0.000000000000000000e+00,0.000000000000000000e+00,7.573393926289893191e-04,1.315909090909090457e-03,-2.924824465309734081e-17,-2.855485954278682889e-17,4.332784217719565234e-02,4.773221379964140247e-03,1.312833617969027811e-01,1.446286078129131215e-02,7.573393926289893191e-04,1.315909090909090457e-03,-2.924824465309734081e-17,-2.855485954278682889e-17
1.349999999999999985e-02,0.000000000000000000e+00,2.168181818181817364e-03,2.792727272727273113e-03,2.168181818181817364e-03,2.792727272727273113e-03,0.000000000000000000e+00,0.000000000000000000e+00,7.573393926289893191e-04,1.315909090909090457e-03,-2.269260361016173175e-17,-2.244046357004881020e-17,4.332784217719563152e-02,4.773221379964120298e-03,1.312833617969027533e-01,1.446286078129125664e-02,7.573393926289893191e-04,1.315909090909090457e-03,-2.269260361016173175e-17,-2.244046357004881020e-17
1.400000000000000029e-02,0.000000000000000000e+00,2.168181818181817364e-03,2.792727272727273113e-03,2.168181818181817364e-03,2.792727272727273113e-03,0.000000000000000000e+00,0.000000000000000000e+00,7.573393926289893191e-04,1.315909090909090457e-03,-1.714552272767775342e-17,-1.764980280790355955e-17,4.332784217719561071e-02,4.773221379964104685e-03,1.312833617969026978e-01,1.446286078129121674e-02,7.573393926289893191e-04,1.315909090909090457e-03,-1.714552272767775342e-17,-1.764980280790355955e-17
1.450000000000000074e-02,0.000000000000000000e+00,2.168181818181817364e-03,2.792727272727273113e-03,2.168181818181817364e-03,2.792727272727273113e-03,0.000000000000000000e+00,0.000000000000000000e+00,7.573393926289893191e-04,1.315909090909090457e-03,-1.361556216609704121e-17,-1.386770220620993965e-17,4.332784217719560377e-02,4.773221379964091675e-03,1.312833617969026700e-01,1.446286078129118205e-02,7.573393926289893191e-04,1.315909090909090457e-03,-1.361556216609704121e-17,-1.386770220620993965e-17
1.499999999999999944e-02,0.000000000000000000e+00,2.168181818181817364e-03,2.792727272727273113e-03,2.168181818181817364e-03,2.792727272727273113e-03,0.000000000000000000e+00,0.000000000000000000e+00,7.573393926289893191e-04,1.315909090909090457e-03,-1.109416176496796127e-17,-1.090505673488326934e-17,4.332784217719561071e-02,4.773221379964083001e-03,1.312833617969026978e-01,1.446286078129115776e-02,7.573393926289893191e-04,1.315909090909090457e-03,-1.109416176496796127e-17,-1.090505673488326934e-17
1.549999999999999989e-02,0.000000000000000000e+00,2.168181818181817364e-03,2.792727272727273113e-03,2.168181818181817364e-03,2.792727272727273113e-03,0.000000000000000000e+00,0.000000000000000000e+00,7.573393926289893191e-04,1.315909090909090457e-03,-7.564201203387249052e-18,-8.572761363838870549e-18,4.332784217719558989e-02,4.773221379964074328e-03,1.312833617969026145e-01,1.446286078129113348e-02,7.573393926289893191e-04,1.315909090909090457e-03,-7.564201203387249052e-18,-8.572761363838870549e-18
1.600000000000000033e-02,0.000000000000000000e+00,2.168181818181817364e-03,2.792727272727273113e-03,2.168181818181817364e-03,2.792727272727273113e-03,0.000000000000000000e+00,0.000000000000000000e+00,7.573393926289893191e-04,1.315909090909090457e-03,-6.051360962709801398e-18,-6.744746073020287133e-18,4.332784217719558295e-02,4.773221379964069123e-03,1.312833617969026145e-01,1.446286078129112133e-02,7.573393926289893191e-04,1.315909090909090457e-03,-6.051360962709801398e-18,-6.744746073020287133e-18
1.650000000000000078e-02,0.000000000000000000e+00,2.168181818181817364e-03,2.792727272727273113e-03,2.168181818181817364e-03,2.792727272727273113e-03,0.000000000000000000e+00,0.000000000000000000e+00,7.573393926289893191e-04,1.315909090909090457e-03,-5.547080882483985257e-18,-5.294940842371066016e-18,4.332784217719558295e-02,4.773221379964064787e-03,1.312833617969026145e-01,1.446286078129110919e-02,7.573393926289893191e-04,1.315909090909090457e-03,-5.547080882483985257e-18,-5.294940842371066016e-18
1.700000000000000122e-02,0.000000000000000000e+00,2.168181818181817364e-03,2.792727272727273113e-03,2.168181818181817364e-03,2.792727272727273113e-03,0.000000000000000000e+00,0.000000000000000000e+00,7.573393926289893191e-04,1.315909090909090457e-03,-5.042800802258169116e-18,-4.160310661862979891e-18,4.332784217719558295e-02,4.773221379964060450e-03,1.312833617969026145e-01,1.446286078129109705e-02,7.573393926289893191e-04,1.315909090909090457e-03,-5.042800802258169116e-18,-4.160310661862979891e-18
1.750000000000000167e-02,0.000000000000000000e+00,2.168181818181817364e-03,2.792727272727273113e-03,2.168181818181817364e-03,2.792727272727273113e-03,0.000000000000000000e+00,0.000000000000000000e+00,7.573393926289893191e-04,1.315909090909090457e-03,-4.538520722032352975e-18,-3.277820521467801836e-18,4.332784217719558295e-02,4.773221379964058715e-03,1.312833617969026145e-01,1.446286078129109358e-02,7.573393926289893191e-04,1.315909090909090457e-03,-4.538520722032352975e-18,-3.277820521467801836e-18
1.800000000000000211e-02,0.000000000000000000e+00,2.168181818181817364e-03,2.792727272727273113e-03,2.168181818181817364e-03,2.792727272727273113e-03,0.000000000000000000e+00,0.000000000000000000e+00,7.573393926289893191e-04,1.315909090909090457e-03,-4.034240641806536834e-18,-2.521400401129077625e-18,4.332784217719558295e-02,4.773221379964056113e-03,1.312833617969026145e-01,1.446286078129108317e-02,7.573393926289893191e-04,1.315909090909090457e-03,-4.034240641806536834e-18,-2.521400401129077625e-18
1.849999999999999908e-02,0.000000000000000000e+00,2.168181818181817364e-03,2.792727272727273113e-03,2.168181818181817364e-03,2.792727272727273113e-03,0.000000000000000000e+00,0.000000000000000000e+00,7.573393926289893191e-04,1.315909090909090457e-03,-3.529960561580720692e-18,-1.954085310875034562e-18,4.332784217719558295e-02,4.773221379964053511e-03,1.312833617969026145e-01,1.446286078129107797e-02,7.573393926289893191e-04,1.315909090909090457e-03,-3.529960561580720692e-18,-1.954085310875034562e-18
1.899999999999999953e-02,0.000000000000000000e+00,2.168181818181817364e-03,2.792727272727273113e-03,2.168181818181817364e-03,2.792727272727273113e-03,0.000000000000000000e+00,0.000000000000000000e+00,7.573393926289893191e-04,1.315909090909090457e-03,-3.025680481354904551e-18,-1.575875250705672649e-18,4.332784217719558295e-02,4.773221379964052644e-03,1.312833617969026145e-01,1.446286078129107797e-02,7.573393926289893191e-04,1.315909090909090457e-03,-3.025680481354904551e-18,-1.575875250705672649e-18
1.949999999999999997e-02,0.000000000000000000e+00,2.168181818181817364e-03,2.792727272727273113e-03,2.168181818181817364e-03,2.792727272727273113e-03,0.000000000000000000e+00,0.000000000000000000e+00,7.573393926289893191e-04,1.315909090909090457e-03,-2.521400401129088410e-18,-1.260700200564537657e-18,4.332784217719558295e-02,4.773221379964050909e-03,1.312833617969026145e-01,1.446286078129107103e-02,7.573393926289893191e-04,1.315909090909090457e-03,-2.521400401129088410e-18,-1.260700200564537657e-18
2.000000000000000042e-02,0.000000000000000000e+00,2.168181818181817364e-03,2.792727272727273113e-03,2.168181818181817364e-03,2.792727272727273113e-03,1.000000000000000000e+00,0.000000000000000000e+00,7.573393926289893191e-04,1.315909090909090457e-03,-2.017120320903272269e-18,-1.008560160451629586e-18,4.332784217719557601e-02,4.773221379964049174e-03,1.312833617969025868e-01,1.446286078129106929e-02,7.573393926289893191e-04,1.315909090909090457e-03,-2.017120320903272269e-18,-1.008560160451629586e-18
2.050000000000000086e-02,0.000000000000000000e+00,2.168181818181817364e-03,2.792727272727273113e-03,2.168181818181817364e-03,2.792727272727273113e-03,1.000000000000000000e+00,0.000000000000000000e+00,7.573393926289893191e-04,1.315909090909090457e-03,1.021460348550436055e-17,4.981231722695694078e-18,4.332784217719554132e-02,4.773221379964030960e-03,1.312833617969024480e-01,1.446286078129099990e-02,7.573393926289893191e-04,1.315909090909090457e-03,1.021460348550436055e-17,4.981231722695694078e-18
2.100000000000000130e-02,0.000000000000000000e+00,2.168181818181817364e-03,2.792727272727273113e-03,2.168181818181817364e-03,2.792727272727273113e-03,1.000000000000000000e+00,0.000000000000000000e+00,7.573393926289893191e-04,1.315909090909090457e-03,-5.169402648251053723e-17,-2.505101299834052788e-17,4.332784217719570785e-02,4.773221379964127237e-03,1.312833617969030864e-01,1.446286078129137981e-02,7.573393926289893191e-04,1.315909090909090457e-03,-5.169402648251053723e-17,-2.505101299834052788e-17
2.150000000000000175e-02,0.000000000000000000e+00,2.168181818181817364e-03,2.792727272727273113e-03,2.168181818181817364e-03,2.792727272727273113e-03,1.000000000000000000e+00,0.000000000000000000e+00,7.573393926289894275e-04,1.315909090909090457e-03,2.594425207982230780e-16,1.258893522529871192e-16,4.332784217719484743e-02,4.773221379963640647e-03,1.312833617968997835e-01,1.446286078128946814e-02,7.573393926289894275e-04,1.315909090909090457e-03,2.594425207982230780e-16,1.258893522529871192e-16
2.199999999999999872e-02,0.000000000000000000e+00,2.168181818181816496e-03,2.792727272727273113e-03,2.168181818181817364e-03,2.792727272727273547e-03,1.000000000000000000e+00,0.000000000000000000e+00,7.573393926289887770e-04,1.315909090909090241e-03,-1.307944997415075571e-15,-6.328784006991952604e-16,4.332784217719923281e-02,4.773221379966419674e-03,1.312833617969167144e-01,1.446286078130035180e-02,7.573393926289887770e-04,1.315909090909090241e-03,-1.307944997415075571e-15,-6.328784006991952604e-16
2.249999999999999917e-02,0.000000000000000000e+00,2.168181818181820833e-03,2.792727272727274414e-03,2.168181818181817364e-03,2.792727272727273113e-03,1.000000000000000000e+00,0.000000000000000000e+00,7.573393926289920296e-04,1.315909090909091759e-03,6.592903070077912382e-15,3.202406694540991529e-15,4.332784217717711162e-02,4.773221379953265266e-03,1.312833617968312550e-01,1.446286078124854081e-02,7.573393926289920296e-04,1.315909090909091759e-03,6.592903070077912382e-15,3.202406694540991529e-15
2.299999999999999961e-02,0.000000000000000000e+00,2.168181818181799149e-03,2.792727272727266175e-03,2.168181818181817364e-03,2.792727272727273113e-03,1.000000000000000000e+00,0.000000000000000000e+00,7.573393926289754413e-04,1.315909090909083735e-03,-3.323211061040973852e-14,-1.612777607157037698e-14,4.332784217728868903e-02,4.773221380019755482e-03,1.312833617972624378e-01,1.446286078150968435e-02,7.573393926289754413e-04,1.315909090909083735e-03,-3.323211061040973852e-14,-1.612777607157037698e-14
2.350000000000000006e-02,0.000000000000000000e+00,2.168181818181908437e-03,2.792727272727306941e-03,2.168181818181817364e-03,2.792727272727273113e-03,1.000000000000000000e+00,0.000000000000000000e+00,7.573393926290592501e-04,1.315909090909124285e-03,1.675148048780042863e-13,8.130971196849421844e-14,4.332784217672616678e-02,4.773221379684547926e-03,1.312833617950885379e-01,1.446286078019299454e-02,7.573393926290592501e-04,1.315909090909124285e-03,1.675148048780042863e-13,8.130971196849421844e-14
2.400000000000000050e-02,0.000000000000000000e+00,2.168181818181357662e-03,2.792727272727102243e-03,2.168181818181817364e-03,2.792727272727273113e-03,1.000000000000000000e+00,1.000000000000000000e+00,7.573393926286370618e-04,1.315909090908919370e-03,-8.444034619410533969e-13,-4.098458637554434793e-13,4.332784217956165557e-02,4.773221381374272675e-03,1.312833618060464391e-01,1.446286078683023391e-02,7.573393926286370618e-04,1.315909090908919370e-03,-8.444034619410533969e-13,-4.098458637554434793e-13
2.450000000000000094e-02,0.000000000000000000e+00,2.168181818184135821e-03,2.792727272728135271e-03,2.168181835245253965e-03,2.792727272539357892e-03,1.000000000000000000e+00,1.000000000000000000e+00,7.573393926307652423e-04,1.315909090909952398e-03,4.256435488632926647e-12,2.065936780879036899e-12,4.332784216526879006e-02,4.773221372855645031e-03,1.312833617508110118e-01,1.446286075336908512e-02,7.573393926307652423e-04,1.315909090909952398e-03,4.256435488632926647e-12,2.065936780879036899e-12
2.500000000000000139e-02,0.000000000000000000e+00,2.168181818170131399e-03,2.792727272722928065e-03,2.168181953936649219e-03,2.792727271306535020e-03,1.000000000000000000e+00,1.000000000000000000e+00,7.573393926200373870e-04,1.315909090904745409e-03,-2.145566364711754897e-11,-1.041388870999778817e-11,4.332784223731575568e-02,4.773221415795877130e-03,1.312833620292396253e-01,1.446286092203918038e-02,7.573393926200373870e-04,1.315909090904745409e-03,-2.145566364711754897e-11,-1.041388870999778817e-11
2.550000000000000183e-02,0.000000000000000000e+00,2.168181818240723369e-03,2.792727272749174865e-03,2.168182273822280657e-03,2.792727268210003742e-03,1.000000000000000000e+00,1.000000000000000000e+00,7.573393926741138135e-04,1.315909090930992426e-03,1.081528328211129867e-10,5.249390552511147174e-11,4.332784187414441546e-02,4.773221199344587079e-03,1.312833606257481633e-01,1.446286007181426213e-02,7.573393926741138135e-04,1.315909090930992426e-03,1.081528328211129867e-10,5.249390552511147174e-11
2.600000000000000228e-02,0.000000000000000000e+00,2.168181817884887348e-03,2.792727272616870541e-03,2.168182892235717002e-03,2.792727262675590537e-03,1.000000000000000000e+00,1.000000000000000000e+00,7.573393924015276064e-04,1.315909090798687885e-03,-5.451723649579267810e-10,-2.646091277126980901e-10,4.333945233253576335e-02,4.773080904721963003e-03,1.313284516673852431e-01,1.446231526355373082e-02,7.573393924015276064e-04,1.315909090798687885e-03,-5.451723649579267810e-10,-2.646091277126980901e-10
2.649999999999999925e-02,0.000000000000000000e+00,2.168182401279316902e-03,2.792727268864766011e-03,2.168183904295867964e-03,2.792727254371525636e-03,1.000000000000000000e+00,1.000000000000000000e+00,7.573398393075885925e-04,1.315909087046583355e-03,8.938121220263023344e-07,-7.504209103381803240e-09,4.333691615724746815e-02,4.773106181469073325e-03,1.313091629467454668e-01,1.446253008027407680e-02,7.573398393075885925e-04,1.315909087046583355e-03,8.938121220263023344e-07,-7.504209103381803240e-09
2.699999999999999969e-02,0.000000000000000000e+00,2.168180040612559343e-03,2.792727283370729716e-03,2.168185402925020596e-03,2.792727243206207834e-03,1.000000000000000000e+00,1.000000000000000000e+00,7.573380309319368946e-04,1.315909101552546843e-03,-3.616751303451110159e-06,2.901192713528079854e-08,4.334952499578630797e-02,4.772980903829980928e-03,1.313579143947645189e-01,1.446203767120707306e-02,7.573380309319368946e-04,1.315909101552546843e-03,-3.616751303451110159e-06,2.901192713528079854e-08
2.750000000000000014e-02,0.000000000000000000e+00,2.168192518489367102e-03,2.792727205855187553e-03,2.168187478866888222e-03,2.792727229325970596e-03,1.000000000000000000e+00,1.000000000000000000e+00,7.573475895401272310e-04,1.315909024037004897e-03,1.911721638069215575e-05,-1.550310839242858629e-07,4.328579299817934822e-02,4.773614518429621090e-03,1.311116431155920359e-01,1.446452620830677473e-02,7.573475895401272310e-04,1.315909024037004897e-03,1.911721638069215575e-05,-1.550310839242858629e-07
2.800000000000000058e-02,0.000000000000000000e+00,2.168130232903976370e-03,2.792727591988401932e-03,2.168190220704657202e-03,2.792727213112859881e-03,1.000000000000000000e+00,1.000000000000000000e+00,7.572998760135526194e-04,1.315909410170219493e-03,-9.542705314915383985e-05,7.722664291773046250e-07,4.362601590536908241e-02,4.770362467144672117e-03,1.324268679294872686e-01,1.445175425672407324e-02,7.572998760135526194e-04,1.315909410170219493e-03,-9.542705314915383985e-05,7.722664291773046250e-07
2.850000000000000103e-02,0.000000000000000000e+00,2.168441407646307453e-03,2.792725666147565303e-03,2.168193714879023716e-03,2.792727195182392874e-03,1.000000000000000000e+00,1.000000000000000000e+00,7.575382496957540736e-04,1.315907484329382864e-03,4.767473644028697713e-04,-3.851681673280915742e-06,4.273634158809832412e-02,4.779190936799323879e-03,1.289834058024631191e-01,1.448682856097504613e-02,7.575382496957540736e-04,1.315907484329382864e-03,4.767473644028697713e-04,-3.851681673280915742e-06
2.900000000000000147e-02,0.000000000000000000e+00,2.167312665008340293e-03,2.792732655036667296e-03,2.168198045706241396e-03,2.792727176381333640e-03,1.000000000000000000e+00,1.000000000000000000e+00,7.566735826702281715e-04,1.315914473218484640e-03,-1.729334051051753442e-03,1.397777820372288253e-05,4.337665122255517786e-02,4.772836230729441548e-03,1.310645981853954811e-01,1.446228043839058175e-02,7.566735826702281715e-04,1.315914473218484640e-03,-1.729334051051753442e-03,1.397777820372288253e-05
2.950000000000000192e-02,0.000000000000000000e+00,2.168093169615628243e-03,2.792727825452583947e-03,2.168203295396167220e-03,2.792727157785463137e-03,1.000000000000000000e+00,1.000000000000000000e+00,7.572714838874694890e-04,1.315909643634401291e-03,1.195802434482611497e-03,-9.659168166557969957e-06,4.284448056899020640e-02,4.778114106122812767e-03,1.299959868570668697e-01,1.447803713823416980e-02,7.572714838874694890e-04,1.315909643634401291e-03,1.195802434482611497e-03,-9.659168166557969957e-06
2.999999999999999889e-02,0.000000000000000000e+00,2.166974548900107121e-03,2.792734750296034345e-03,2.168209544070300466e-03,2.792727140697340120e-03,1.000000000000000000e+00,1.000000000000000000e+00,7.564145707043869182e-04,1.315916568477851906e-03,-1.713826366165216528e-03,1.384968690113282870e-05,4.337823573481599387e-02,4.772885094752715371e-03,1.309866275491197440e-01,1.446333436909069334e-02,7.564145707043869182e-04,1.315916568477851906e-03,-1.713826366165216528e-03,1.384968690113282870e-05
3.049999999999999933e-02,0.000000000000000000e+00,2.167764935488138752e-03,2.792729862510854276e-03,2.168216869779829477e-03,2.792727126644076793e-03,1.000000000000000000e+00,1.000000000000000000e+00,7.570200419580643686e-04,1.315911680692671837e-03,1.210942507354898987e-03,-9.775570360328357511e-06,4.284603233990057214e-02,4.778253463589212692e-03,1.300086562510076593e-01,1.447848658095587070e-02,7.570200419580643686e-04,1.315911680692671837e-03,1.210942507354898987e-03,-9.775570360328357511e-06
3.099999999999999978e-02,0.000000000000000000e+00,2.166654360724198404e-03,2.792736738353702487e-03,2.168225348523678854e-03,2.792727117375110556e-03,1.000000000000000000e+00,1.000000000000000000e+00,7.561692923314796647e-04,1.315918556535519831e-03,-1.701499253169335302e-03,1.375168569586281600e-05,4.337937940820506266e-02,4.773000263049917251e-03,1.309962544557500275e-01,1.446362053234211999e-02,7.561692923314796647e-04,1.315918556535519831e-03,-1.701499253169335302e-03,1.375168569586281600e-05
3.150000000000000022e-02,0.000000000000000000e+00,2.167452591638438161e-03,2.792731805382936243e-03,2.168235054266544511e-03,2.792727114859961876e-03,1.000000000000000000e+00,1.000000000000000000e+00,7.567807726876590564e-04,1.315913623564753370e-03,1.222960712358847624e-03,-9.865941532948443277e-06,4.284714668871711374e-02,4.778327617773261982e-03,1.300183545131979035e-01,1.447863739010361687e-02,7.567807726876590564e-04,1.315913623564753370e-03,1.222960712358847624e-03,-9.865941532948443277e-06
3.200000000000000067e-02,0.000000000000000000e+00,2.166348479675219915e-03,2.792738639423301972e-03,2.168246058956948673e-03,2.792727121286016877e-03,1.000000000000000000e+00,1.000000000000000000e+00,7.559349738536543916e-04,1.315920457605119533e-03,-1.691597668009227774e-03,1.366808073240458236e-05,4.338018852507488643e-02,4.773195680073380465e-03,1.310036745462412888e-01,1.446428020723164974e-02,7.559349738536543916e-04,1.315920457605119533e-03,-1.691597668009227774e-03,1.366808073240458236e-05
3.250000000000000111e-02,0.000000000000000000e+00,2.167153004173068796e-03,2.792733675144815422e-03,2.168258432545271466e-03,2.792727139056282604e-03,1.000000000000000000e+00,1.000000000000000000e+00,7.565512753745843016e-04,1.315915493326632766e-03,1.232603041859883265e-03,-9.928556973489631411e-06,4.284793188002954112e-02,4.778692801559770130e-03,1.300258053363453070e-01,1.447986189111960011e-02,7.565512753745843016e-04,1.315915493326632766e-03,1.232603041859883265e-03,-9.928556973489631411e-06
3.300000000000000155e-02,0.000000000000000000e+00,2.166054123709676340e-03,2.792740478374274374e-03,2.168272243001808514e-03,2.792727170787169186e-03,1.000000000000000000e+00,1.000000000000000000e+00,7.557094841019507169e-04,1.315922296556091935e-03,-1.683582545267070518e-03,1.360645891851915447e-05,4.338073863930928808e-02,4.773496914193528506e-03,1.310093735056759301e-01,1.446511185364377991e-02,7.557094841019507169e-04,1.315922296556091935e-03,-1.683582545267070518e-03,1.360645891851915447e-05
3.350000000000000200e-02,0.000000000000000000e+00,2.166863737737573063e-03,2.792735491024583155e-03,2.168287556334802958e-03,2.792727219306248565e-03,1.000000000000000000e+00,1.000000000000000000e+00,7.563296844290919897e-04,1.315917309206400499e-03,1.240400654282651938e-03,-9.974699382974981573e-06,4.284845983519860319e-02,4.778888212811453588e-03,1.300315040461922922e-01,1.448034380597264248e-02,7.563296844290919897e-04,1.315917309206400499e-03,1.240400654282651938e-03,-9.974699382974981573e-06
3.400000000000000244e-02,0.000000000000000000e+00,2.165769116871664804e-03,2.792742263216269928e-03,2.168304436608493087e-03,2.792727287650027118e-03,1.000000000000000000e+00,1.000000000000000000e+00,7.554911561974413277e-04,1.315924081398087272e-03,-1.677056463301321906e-03,1.354438337368676077e-05,4.338108484820032279e-02,4.773880600762027242e-03,1.310137137953244768e-01,1.446640845030007852e-02,7.554911561974413277e-04,1.315924081398087272e-03,-1.677056463301321906e-03,1.354438337368676077e-05
3.450000000000000289e-02,0.000000000000000000e+00,2.166582871650037101e-03,2.792737265784693296e-03,2.168322945961162138e-03,2.792727379061717835e-03,1.000000000000000000e+00,1.000000000000000000e+00,7.561145285234746648e-04,1.315919083966510640e-03,1.246744652066776593e-03,-9.994863153091681438e-06,4.284878974313625216e-02,4.779563152593304005e-03,1.300358400193385167e-01,1.448262883299720506e-02,7.561145285234746648e-04,1.315919083966510640e-03,1.246744652066776593e-03,-9.994863153091681438e-06
3.500000000000000333e-02,0.000000000000000000e+00,2.165491734870101694e-03,2.792744017473520676e-03,2.168343144623173773e-03,2.792727496989004694e-03,1.000000000000000000e+00,1.000000000000000000e+00,7.552786692565222320e-04,1.315925835655338237e-03,-1.671718533904880365e-03,1.350337765540512666e-05,4.338126951893520045e-02,4.774440171535611691e-03,1.310169683268984087e-01,1.446798782847922085e-02,7.552786692565222320e-04,1.315925835655338237e-03,-1.671718533904880365e-03,1.350337765540512666e-05
3.550000000000000377e-02,0.000000000000000000e+00,2.166308874188935685e-03,2.792739015859539622e-03,2.168365090935020154e-03,2.792727645081813544e-03,1.000000000000000000e+00,1.000000000000000000e+00,7.559046342909693083e-04,1.315920834041356966e-03,1.251930068894091877e-03,-1.000322796257896798e-05,4.284895751163746158e-02,4.779913448875254024e-03,1.300390723496720469e-01,1.448350798394891850e-02,7.559046342909693083e-04,1.315920834041356966e-03,1.251930068894091877e-03,-1.000322796257896798e-05
3.600000000000000422e-02,0.000000000000000000e+00,2.165220597126315226e-03,2.792745739350200110e-03,2.168388841365366092e-03,2.792727827190081245e-03,1.000000000000000000e+00,1.000000000000000000e+00,7.550709656945748085e-04,1.315927557532017454e-03,-1.667337192789087284e-03,1.344698132085952601e-05,4.338132375179629130e-02,4.775064174425092296e-03,1.310193495194569013e-01,1.447008795534828439e-02,7.550709656945748085e-04,1.315927557532017454e-03,-1.667337192789087284e-03,1.344698132085952601e-05
3.649999999999999772e-02,0.000000000000000000e+00,2.166040513109441373e-03,2.792740747953845713e-03,2.168414450529090182e-03,2.792728047361521353e-03,1.000000000000000000e+00,1.000000000000000000e+00,7.556990577772733928e-04,1.315922566135663057e-03,1.256184165397061965e-03,-9.982792708772569189e-06,4.284900185507871384e-02,4.781004843577213448e-03,1.300414448580277105e-01,1.448722269232809688e-02,7.556990577772733928e-04,1.315922566135663057e-03,1.256184165397061965e-03,-9.982792708772569189e-06
3.699999999999999817e-02,0.000000000000000000e+00,2.164954590059280266e-03,2.792747455897009318e-03,2.168441971205331120e-03,2.792728309839399327e-03,1.000000000000000000e+00,1.000000000000000000e+00,7.548671924590424041e-04,1.315929274078826445e-03,-1.663730636461986396e-03,1.341588632661201466e-05,4.338127424316573499e-02,4.775974378834241425e-03,1.310210240142440641e-01,1.447267782672661922e-02,7.548671924590424041e-04,1.315929274078826445e-03,-1.663730636461986396e-03,1.341588632661201466e-05
3.749999999999999861e-02,0.000000000000000000e+00,2.165776790585115935e-03,2.792742479568875898e-03,2.168471454355533172e-03,2.792728619060298213e-03,1.000000000000000000e+00,1.000000000000000000e+00,7.554970346029882744e-04,1.315924297750693459e-03,1.259684287891831532e-03,-9.952656266153740694e-06,4.284893877343534663e-02,4.781545416686719743e-03,1.300430905498876910e-01,1.448855805004645170e-02,7.554970346029882744e-04,1.315924297750693459e-03,1.259684287891831532e-03,-9.952656266153740694e-06
3.799999999999999906e-02,0.000000000000000000e+00,2.164692809350957092e-03,2.792749155187496286e-03,2.168502949141484695e-03,2.792728979651884318e-03,1.000000000000000000e+00,1.000000000000000000e+00,7.546666568021157071e-04,1.315930973369313630e-03,-1.660755601745152275e-03,1.335123724014852781e-05,4.338113848394289929e-02,4.776892637033584334e-03,1.310221217387650683e-01,1.447575476023072599e-02,7.546666568021157071e-04,1.315930973369313630e-03,-1.660755601745152275e-03,1.335123724014852781e-05
3.849999999999999950e-02,0.000000000000000000e+00,2.165516894024378542e-03,2.792744211267381409e-03,2.168536502943369231e-03,2.792729396430684592e-03,1.000000000000000000e+00,1.000000000000000000e+00,7.552979422868498277e-04,1.315926029449198753e-03,1.262570969468266701e-03,-9.887840229709256832e-06,4.284879873364647040e-02,4.783181332267398556e-03,1.300441870327843641e-01,1.449415538530812904e-02,7.552979422868498277e-04,1.315926029449198753e-03,1.262570969468266701e-03,-9.887840229709256832e-06
3.899999999999999994e-02,0.000000000000000000e+00,2.164434517782211007e-03,2.792750871958396205e-03,2.168572161377801434e-03,2.792729874399844936e-03,1.000000000000000000e+00,1.000000000000000000e+00,7.544687939811731267e-04,1.315932690140213333e-03,-1.658296611353487875e-03,1.332138202935753343e-05,4.338093576337372081e-02,4.778265209012969549e-03,1.310227525810788718e-01,1.447967600752006305e-02,7.544687939811731267e-04,1.315932690140213333e-03,-1.658296611353487875e-03,1.332138202935753343e-05
3.950000000000000039e-02,0.000000000000000000e+00,2.165260159262534165e-03,2.792745965106528672e-03,2.168609968315876862e-03,2.792730418746905852e-03,1.000000000000000000e+00,1.000000000000000000e+00,7.551012720491836290e-04,1.315927783288346016e-03,1.264956136020995922e-03,-9.813703734508566148e-06,4.284858392557445300e-02,4.783940982553537211e-03,1.300447854530417391e-01,1.449596578260684172e-02,7.551012720491836290e-04,1.315927783288346016e-03,1.264956136020995922e-03,-9.813703734508566148e-06
4.000000000000000083e-02,0.000000000000000000e+00,2.164179111138684643e-03,2.792752582050958988e-03,2.168649965901213970e-03,2.792731034841573756e-03,1.000000000000000000e+00,1.000000000000000000e+00,7.542731411411643687e-04,1.315934400232776332e-03,-1.656261816038524966e-03,1.323388886043694139e-05,4.338067412772567133e-02,4.779526059245786315e-03,1.310229944263785751e-01,1.448388661006958303e-02,7.542731411411643687e-04,1.315934400232776332e-03,-1.656261816038524966e-03,1.323388886043694139e-05
4.050000000000000128e-02,0.000000000000000000e+00,2.165006041086697981e-03,2.792747733691217961e-03,2.168692194567996973e-03,2.792731728233482317e-03,1.000000000000000000e+00,1.000000000000000000e+00,7.549066062326886817e-04,1.315929551873035088e-03,1.266930183048552757e-03,-9.696719482580809643e-06,4.284832338189908940e-02,4.786274011026535671e-03,1.300450394328433179e-01,1.450400044629656521e-02,7.549066062326886817e-04,1.315929551873035088e-03,1.266930183048552757e-03,-9.696719482580809643e-06
4.100000000000000172e-02,0.000000000000000000e+00,2.163926093768900674e-03,2.792754332409062238e-03,2.168736693059023467e-03,2.792732504649968108e-03,1.000000000000000000e+00,1.000000000000000000e+00,7.540793185910285058e-04,1.315936150590879582e-03,-1.654575283320455781e-03,1.319743568919634247e-05,4.338037049664697498e-02,4.781495221261389608e-03,1.310229283007544876e-01,1.448952687521116479e-02,7.540793185910285058e-04,1.315936150590879582e-03,-1.654575283320455781e-03,1.319743568919634247e-05
4.150000000000000216e-02,0.000000000000000000e+00,2.164754091420664946e-03,2.792749547719659310e-03,2.168783498443742960e-03,2.792733369993836284e-03,1.000000000000000000e+00,1.000000000000000000e+00,7.547136015910781235e-04,1.315931365901476654e-03,1.268566000099203683e-03,-9.569378805691745871e-06,4.284800726876251964e-02,4.787263999524286190e-03,1.300449348301903618e-01,1.450621899523382545e-02,7.547136015910781235e-04,1.315931365901476654e-03,1.268566000099203683e-03,-9.569378805691745871e-06
4.200000000000000261e-02,0.000000000000000000e+00,2.163675056768442698e-03,2.792756082762862073e-03,2.168832646136303194e-03,2.792734330341126257e-03,1.000000000000000000e+00,1.000000000000000000e+00,7.538870130918105816e-04,1.315937900944679200e-03,-1.653176998535089808e-03,1.307008640495367931e-05,4.338002457012254259e-02,4.783131458390417132e-03,1.310225931275904865e-01,1.449498158145371383e-02,7.538870130918105816e-04,1.315937900944679200e-03,-1.653176998535089808e-03,1.307008640495367931e-05
4.250000000000000305e-02,0.000000000000000000e+00,2.164503940292783653e-03,2.792751388131834399e-03,2.168884169913597778e-03,2.792735391938893849e-03,1.000000000000000000e+00,1.000000000000000000e+00,7.545219747096247207e-04,1.315933206313651526e-03,1.269923235628263487e-03,-9.389262055424162058e-06,4.284766826854174981e-02,4.790479886967337515e-03,1.300446303288161631e-01,1.451738908175785603e-02,7.545219747096247207e-04,1.315933206313651526e-03,1.269923235628263487e-03,-9.389262055424162058e-06
4.300000000000000350e-02,0.000000000000000000e+00,2.163425663701589417e-03,2.792757898064511524e-03,2.168938101933302106e-03,2.792736561202960495e-03,1.000000000000000000e+00,1.000000000000000000e+00,7.536959669187954375e-04,1.315939716246329085e-03,-1.652015581658589083e-03,1.301986535522056088e-05,4.337965504000421829e-02,4.785861615668756189e-03,1.310220607338509757e-01,1.450281771088091955e-02,7.536959669187954375e-04,1.315939716246329085e-03,-1.652015581658589083e-03,1.301986535522056088e-05
4.350000000000000394e-02,0.000000000000000000e+00,2.164255282931223500e-03,2.792753299890191488e-03,2.168994472751925758e-03,2.792737844715701030e-03,1.000000000000000000e+00,1.000000000000000000e+00,7.543314921195611511e-04,1.315935118072008832e-03,1.271050401531451015e-03,-9.196348640691645376e-06,4.284728368339643656e-02,4.791675812573027542e-03,1.300440474406762692e-01,1.451978598985796155e-02,7.543314921195611511e-04,1.315935118072008832e-03,1.271050401531451015e-03,-9.196348640691645376e-06
4.399999999999999745e-02,0.000000000000000000e+00,2.163177635488710768e-03,2.792759715631568454e-03,2.169053311342849285e-03,2.792739249223798528e-03,1.000000000000000000e+00,1.000000000000000000e+00,7.535059662845827472e-04,1.315941533813385798e-03,-1.651051669956889612e-03,1.283148275378549378e-05,4.337925219008842426e-02,4.787874185006866720e-03,1.310213335488217556e-01,1.450953191467057798e-02,7.535059662845827472e-04,1.315941533813385798e-03,-1.651051669956889612e-03,1.283148275378549378e-05
4.449999999999999789e-02,0.000000000000000000e+00,2.164007866355306849e-03,2.792755245885439244e-03,2.169114645114374011e-03,2.792740781636024287e-03,1.000000000000000000e+00,1.000000000000000000e+00,7.541419600264445732e-04,1.315937064067256588e-03,1.271987483723544324e-03,-8.939492258603488314e-06,4.284689501336644279e-02,4.796012640873729624e-03,1.300433767487429726e-01,1.453502117343831446e-02,7.541419600264445732e-04,1.315937064067256588e-03,1.271987483723544324e-03,-8.939492258603488314e-06
4.499999999999999833e-02,0.000000000000000000e+00,2.162930742570999890e-03,2.792761626831743570e-03,2.169178499927759685e-03,2.792742449020996134e-03,1.000000000000000000e+00,1.000000000000000000e+00,7.533168353369249252e-04,1.315943445013560914e-03,-1.650249379039300281e-03,1.276189260862810291e-05,4.337884109117073894e-02,4.791576800646351816e-03,1.310204924625793799e-01,1.452017950925326914e-02,7.533168353369249252e-04,1.315943445013560914e-03,-1.650249379039300281e-03,1.276189260862810291e-05
4.549999999999999878e-02,0.000000000000000000e+00,2.163761482478570274e-03,2.792757293946763510e-03,2.169244900115275577e-03,2.792744258604957976e-03,1.000000000000000000e+00,1.000000000000000000e+00,7.539532190267963976e-04,1.315939112128580854e-03,1.272767379743009342e-03,-8.665769959980317900e-06,4.284646335082503005e-02,4.797319935683881480e-03,1.300424631202686254e-01,1.453705520603426615e-02,7.539532190267963976e-04,1.315939112128580854e-03,1.272767379743009342e-03,-8.665769959980317900e-06
4.599999999999999922e-02,0.000000000000000000e+00,2.162684793420579892e-03,2.792763536250344666e-03,2.169313868498238575e-03,2.792746217769540712e-03,1.000000000000000000e+00,1.000000000000000000e+00,7.531284273569561821e-04,1.315945354432162010e-03,-1.649583339680365038e-03,1.248460716246534234e-05,4.337839921234416113e-02,4.793904044764562590e-03,1.310194965841289250e-01,1.452798249710556856e-02,7.531284273569561821e-04,1.315945354432162010e-03,-1.649583339680365038e-03,1.248460716246534234e-05
4.649999999999999967e-02,0.000000000000000000e+00,2.163515957372257395e-03,2.792759378049139429e-03,2.169385426405059936e-03,2.792748334049534840e-03,1.000000000000000000e+00,1.000000000000000000e+00,7.537651358834593146e-04,1.315941196230956990e-03,1.273417053006338680e-03,-8.316402409934130235e-06,4.284604590194635021e-02,4.803112350636224923e-03,1.300415621977338010e-01,1.455771455462645872e-02,7.537651358834593146e-04,1.315941196230956990e-03,1.273417053006338680e-03,-8.316402409934130235e-06
4.700000000000000011e-02,0.000000000000000000e+00,2.162439631254037264e-03,2.792765575253661117e-03,2.169459593689285985e-03,2.792750615130658743e-03,1.000000000000000000e+00,1.000000000000000000e+00,7.529406222416129557e-04,1.315947393435478461e-03,-1.649027283692779729e-03,1.239440904310368631e-05,4.337796452460235264e-02,4.798876477299889379e-03,1.310184584175100586e-01,1.454231018974561258e-02,7.529406222416129557e-04,1.315947393435478461e-03,-1.649027283692779729e-03,1.239440904310368631e-05
4.750000000000000056e-02,0.000000000000000000e+00,2.163271149191793065e-03,2.792761603307040551e-03,2.169536388747649643e-03,2.792753068847329562e-03,1.000000000000000000e+00,1.000000000000000000e+00,7.535776019371847332e-04,1.315943421488857895e-03,1.273959391143475971e-03,-7.943893240918140005e-06,4.284558056023901607e-02,4.804290848367539536e-03,1.300404124532567873e-01,1.455820687605630277e-02,7.535776019371847332e-04,1.315943421488857895e-03,1.273959391143475971e-03,-7.943893240918140005e-06
4.800000000000000100e-02,0.000000000000000000e+00,2.162195124237211233e-03,2.792767597632217838e-03,2.169615828538103749e-03,2.792755703180427145e-03,1.000000000000000000e+00,1.000000000000000000e+00,7.527533190000697347e-04,1.315949415814035182e-03,-1.648565874229998562e-03,1.198865035439430167e-05,4.337749472835333853e-02,4.801327313158514076e-03,1.310172748027176870e-01,1.455064786243653353e-02,7.527533190000697347e-04,1.315949415814035182e-03,-1.648565874229998562e-03,1.198865035439430167e-05
4.850000000000000144e-02,0.000000000000000000e+00,2.163026937826362760e-03,2.792763855281255730e-03,2.169697928597872152e-03,2.792758526255066653e-03,1.000000000000000000e+00,1.000000000000000000e+00,7.533905251777500787e-04,1.315945673463072858e-03,1.274412355360736004e-03,-7.484701924838804325e-06,4.284515165755172633e-02,4.812084080306766772e-03,1.300393869978959671e-01,1.458657844471750696e-02,7.533905251777500787e-04,1.315945673463072858e-03,1.274412355360736004e-03,-7.484701924838804325e-06
4.900000000000000189e-02,0.000000000000000000e+00,2.161951165884570033e-03,2.792769799544869182e-03,2.169782703061493446e-03,2.792761546338370319e-03,1.000000000000000000e+00,1.000000000000000000e+00,7.525664360596765173e-04,1.315951617726686743e-03,-1.648178236147047806e-03,1.188852722775702591e-05,4.337705181103994334e-02,4.808053034761163198e-03,1.310161255113425904e-01,1.457007244774028050e-02,7.525664360596765173e-04,1.315951617726686743e-03,-1.648178236147047806e-03,1.188852722775702591e-05
4.950000000000000233e-02,0.000000000000000000e+00,2.162783227773182413e-03,2.792766303291179843e-03,2.169870164678860784e-03,2.792764771837229210e-03,1.000000000000000000e+00,1.000000000000000000e+00,7.532038324457791161e-04,1.315948121472997187e-03,1.274792772205299556e-03,-6.992507379013362950e-06,4.284465974858180093e-02,4.812551044815313768e-03,1.300380555897596435e-01,1.458286217254156636e-02,7.532038324457791161e-04,1.315948121472997187e-03,1.274792772205299556e-03,-6.992507379013362950e-06
5.000000000000000278e-02,0.000000000000000000e+00,2.161707665525696310e-03,2.792771948391912194e-03,2.169960324833269082e-03,2.792768211296078017e-03,1.000000000000000000e+00,1.000000000000000000e+00,7.523799039628638330e-04,1.315953766573729321e-03,-1.647856965830645989e-03,1.129020146408884204e-05,4.337655973860532477e-02,4.810132984985898350e-03,1.310148040552950310e-01,1.457749431701659860e-02,7.523799039628638330e-04,1.315953766573729321e-03,-1.647856965830645989e-03,1.129020146408884204e-05
5.050000000000000322e-02,0.000000000000000000e+00,2.162539935681287873e-03,2.792768745485158573e-03,2.170053193559458304e-03,2.792771873394661597e-03,1.000000000000000000e+00,1.000000000000000000e+00,7.530174598907285032e-04,1.315950563666975917e-03,1.275111855729444115e-03,-6.405813506803377939e-06,4.284423977898846325e-02,4.823454847697806504e-03,1.300370131413538244e-01,1.462368558751509125e-02,7.530174598907285032e-04,1.315950563666975917e-03,1.275111855729444115e-03,-6.405813506803377939e-06
5.100000000000000366e-02,0.000000000000000000e+00,2.161464552382782837e-03,2.792774358556085468e-03,2.170148779561658064e-03,2.792775766945806287e-03,1.000000000000000000e+00,1.000000000000000000e+00,7.521936684906859426e-04,1.315956176737903029e-03,-1.647582800085028911e-03,1.122614185430921400e-05,4.337612753394447240e-02,4.819593087639805623e-03,1.310136288176124431e-01,1.460489844834751173e-02,7.521936684906859426e-04,1.315956176737903029e-03,-1.647582800085028911e-03,1.122614185430921400e-05
5.150000000000000411e-02,0.000000000000000000e+00,2.162297000097446881e-03,2.792771474126426370e-03,2.170247090231628741e-03,2.792779900893185147e-03,1.000000000000000000e+00,1.000000000000000000e+00,7.528313604366911570e-04,1.315953292308243714e-03,1.275383892010445268e-03,-5.768859318448961307e-06,4.284372301913491610e-02,4.821620244129822680e-03,1.300355188400445505e-01,1.460875883083277704e-02,7.528313604366911570e-04,1.315953292308243714e-03,1.275383892010445268e-03,-5.768859318448961307e-06
5.200000000000000455e-02,0.000000000000000000e+00,2.161221764900462042e-03,2.792776625782087893e-03,2.170348131666705212e-03,2.792784284309086668e-03,1.000000000000000000e+00,1.000000000000000000e+00,7.520076824889950721e-04,1.315958443963905454e-03,-1.647355895392251749e-03,1.030331132329370252e-05,4.337561414879399779e-02,4.819917740371734358e-03,1.310121959699086791e-01,1.460732853605779639e-02,7.520076824889950721e-04,1.315958443963905454e-03,-1.647355895392251749e-03,1.030331132329370252e-05
5.249999999999999806e-02,0.000000000000000000e+00,2.162054362868207763e-03,2.792774105798034433e-03,2.170451908687850550e-03,2.792788926392193033e-03,1.000000000000000000e+00,1.000000000000000000e+00,7.526454895355387618e-04,1.315955923979851777e-03,1.275614093087396733e-03,-5.039968107533124715e-06,4.306244084297249780e-02,4.833930188623080867e-03,1.308855044011116575e-01,1.465660280480162413e-02,7.526454895355387618e-04,1.315955923979851777e-03,1.275614093087396733e-03,-5.039968107533124715e-06
5.299999999999999850e-02,0.000000000000000000e+00,2.160990236342309224e-03,2.792779180544662995e-03,2.170558424857681971e-03,2.792793836465333208e-03,1.000000000000000000e+00,1.000000000000000000e+00,7.518303213235987947e-04,1.315960998726480339e-03,-1.630336423879896919e-03,1.014949325712240513e-05,4.359689443583834867e-02,4.830455066479832048e-03,1.316938507020223026e-01,1.463767726767583634e-02,7.518303213235987947e-04,1.315960998726480339e-03,-1.630336423879896919e-03,1.014949325712240513e-05
5.349999999999999895e-02,0.000000000000000000e+00,2.161844560246329802e-03,2.792776957462431674e-03,2.170667682498531037e-03,2.792799023973265970e-03,1.000000000000000000e+00,1.000000000000000000e+00,7.524847714028974925e-04,1.315958775644249235e-03,1.308900158597293278e-03,-4.446164462229665291e-06,4.306699752848434232e-02,4.830505660831735382e-03,1.307318812011342979e-01,1.463456318182003273e-02,7.524847714028974925e-04,1.315958775644249235e-03,1.308900158597293278e-03,-4.446164462229665291e-06
5.399999999999999939e-02,0.000000000000000000e+00,2.160799311079662170e-03,2.792781430016206060e-03,2.170779682710481315e-03,2.792804498480444715e-03,1.000000000000000000e+00,1.000000000000000000e+00,7.516840640870970335e-04,1.315963248198023620e-03,-1.601414631601016502e-03,8.945107548588229632e-06,4.360084258265965740e-02,4.829720176198240046e-03,1.317205677107350648e-01,1.463722861708408388e-02,7.516840640870970335e-04,1.315963248198023620e-03,-1.601414631601016502e-03,8.945107548588229632e-06
5.449999999999999983e-02,0.000000000000000000e+00,2.161671836562809468e-03,2.792779518376403008e-03,2.170894425389410798e-03,2.792810269668781833e-03,1.000000000000000000e+00,1.000000000000000000e+00,7.523524573849416303e-04,1.315961336558220569e-03,1.336786595689264372e-03,-3.823279606253598509e-06,4.320406634709397786e-02,4.846299743463920728e-03,1.312755663954634222e-01,1.469679726456064352e-02,7.523524573849416303e-04,1.315961336558220569e-03,1.336786595689264372e-03,-3.823279606253598509e-06
5.500000000000000028e-02,0.000000000000000000e+00,2.160649350255508354e-03,2.792784024746119628e-03,2.171011909245034767e-03,2.792816347335420890e-03,1.000000000000000000e+00,1.000000000000000000e+00,7.515691874310683872e-04,1.315965842927936972e-03,-1.566539907746477851e-03,9.012739432664054363e-06,4.373901544937473101e-02,4.843338039573362799e-03,1.321585913334935303e-01,1.467666207749625078e-02,7.515691874310683872e-04,1.315965842927936972e-03,-1.566539907746477851e-03,9.012739432664054363e-06
5.550000000000000072e-02,0.000000000000000000e+00,2.161550376585166626e-03,2.792782333303636590e-03,2.171132131818958623e-03,2.792822741390509674e-03,1.000000000000000000e+00,1.000000000000000000e+00,7.522594136440068730e-04,1.315964151485453934e-03,1.380452425876997190e-03,-3.382884965986004616e-06,4.321039821729292379e-02,4.843273185299916406e-03,1.312052644750066610e-01,1.467360751140700525e-02,7.522594136440068730e-04,1.315964151485453934e-03,1.380452425876997190e-03,-3.382884965986004616e-06
5.600000000000000117e-02,0.000000000000000000e+00,2.160553518171382491e-03,2.792786378243276336e-03,2.171255089502709471e-03,2.792829461854961972e-03,1.000000000000000000e+00,1.000000000000000000e+00,7.514957757955513084e-04,1.315968196425093464e-03,-1.527275696911124542e-03,8.089879278864602784e-06,4.374474676727665295e-02,4.843297941512715761e-03,1.321961800033064349e-01,1.467869310863455755e-02,7.514957757955513084e-04,1.315968196425093464e-03,-1.527275696911124542e-03,8.089879278864602784e-06
5.650000000000000161e-02,0.000000000000000000e+00,2.161478956350756930e-03,2.792784894914583822e-03,2.171380777555786783e-03,2.792836518858229748e-03,1.000000000000000000e+00,1.000000000000000000e+00,7.522047025703111969e-04,1.315966713096400949e-03,1.417853549519828248e-03,-2.966657385128190609e-06,4.324738920095276551e-02,4.863374259168513208e-03,1.313637838391966128e-01,1.475188649154179563e-02,7.522047025703111969e-04,1.315966713096400949e-03,1.417853549519828248e-03,-2.966657385128190609e-06
5.700000000000000205e-02,0.000000000000000000e+00,2.160505993033357865e-03,2.792789260377604842e-03,2.171509190123711332e-03,2.792843922636076628e-03,1.000000000000000000e+00,1.000000000000000000e+00,7.514593694276592564e-04,1.315971078559422186e-03,-1.490666285303799982e-03,8.730926042419475219e-06,4.378166525268015891e-02,4.860660283937069323e-03,1.323273145689816410e-01,1.472923875462883204e-02,7.514593694276592564e-04,1.315971078559422186e-03,-1.490666285303799982e-03,8.730926042419475219e-06
5.750000000000000250e-02,0.000000000000000000e+00,2.161455574163615584e-03,2.792787831626079333e-03,2.171640320256054170e-03,2.792851683528336203e-03,1.000000000000000000e+00,1.000000000000000000e+00,7.521867907757836787e-04,1.315969649807896677e-03,1.454842696248753991e-03,-2.857503051066824455e-06,4.325293409098664166e-02,4.861276780146217905e-03,1.313733364443608054e-01,1.472896599654210589e-02,7.521867907757836787e-04,1.315969649807896677e-03,1.454842696248753991e-03,-2.857503051066824455e-06
5.800000000000000294e-02,0.000000000000000000e+00,2.160504967627679962e-03,2.792792002733076456e-03,2.171774159924497703e-03,2.792859811976693314e-03,1.000000000000000000e+00,1.000000000000000000e+00,7.514585839213377017e-04,1.315973820914893583e-03,-1.456413708891965246e-03,8.342213993699234783e-06,4.378685351168275924e-02,4.861805407364774151e-03,1.323608193502474883e-01,1.473530938638456175e-02,7.514585839213377017e-04,1.315973820914893583e-03,-1.456413708891965246e-03,8.342213993699234783e-06
5.850000000000000339e-02,0.000000000000000000e+00,2.161475481252350846e-03,2.792790610363552091e-03,2.171910700040864672e-03,2.792868318522441929e-03,1.000000000000000000e+00,1.000000000000000000e+00,7.522020404904876910e-04,1.315972428545369652e-03,1.486913138300003691e-03,-2.784739048046414839e-06,4.327608711305631906e-02,4.886348401079721945e-03,1.314757623190364599e-01,1.482538940325415361e-02,7.522020404904876910e-04,1.315972428545369652e-03,1.486913138300003691e-03,-2.784739048046414839e-06
5.900000000000000383e-02,0.000000000000000000e+00,2.160545372103473728e-03,2.792795470748844246e-03,2.172049930475174889e-03,2.792877213804262956e-03,1.000000000000000000e+00,1.000000000000000000e+00,7.514895355454963375e-04,1.315977288930661590e-03,-1.425009889982605058e-03,9.720770583733732843e-06,4.380994338468481575e-02,4.883433795040846917e-03,1.324473121259518438e-01,1.479849692491867416e-02,7.514895355454963375e-04,1.315977288930661590e-03,-1.425009889982605058e-03,9.720770583733732843e-06
5.950000000000000427e-02,0.000000000000000000e+00,2.161535795308719941e-03,2.792793862892430264e-03,2.172191840073678989e-03,2.792886508555988620e-03,1.000000000000000000e+00,1.000000000000000000e+00,7.522482437382116459e-04,1.315975681074247391e-03,1.517416385430710949e-03,-3.215712828397383736e-06,4.328084221609571070e-02,4.885620518706262211e-03,1.314906273915959767e-01,1.480391391006930131e-02,7.522482437382116459e-04,1.315975681074247391e-03,1.517416385430710949e-03,-3.215712828397383736e-06
5.999999999999999778e-02,0.000000000000000000e+00,2.160624463623105063e-03,2.792798845245383216e-03,2.172336416676905191e-03,2.792896213604367274e-03,1.000000000000000000e+00,1.000000000000000000e+00,7.515501231646079874e-04,1.315980663427200560e-03,-1.396241147207322609e-03,9.964705906459452378e-06,4.381448641060491783e-02,4.886210848018482031e-03,1.324760892363491538e-01,1.481000832890516823e-02,7.515501231646079874e-04,1.315980663427200560e-03,-1.396241147207322609e-03,9.964705906459452378e-06
6.049999999999999822e-02,0.000000000000000000e+00,2.161632123295308995e-03,2.792796997615002060e-03,2.172483647137712134e-03,2.792906339866848588e-03,1.000000000000000000e+00,1.000000000000000000e+00,7.523220352570549095e-04,1.315978815796819187e-03,1.543824184893740573e-03,-3.695260762536883126e-06,4.329927513490383628e-02,4.916780939465123686e-03,1.315722823547375853e-01,1.492235350092590423e-02,7.523220352570549095e-04,1.315978815796819187e-03,1.543824184893740573e-03,-3.695260762536883126e-06
6.099999999999999867e-02,0.000000000000000000e+00,2.160737865764417870e-03,2.792803115109298347e-03,2.172633517339315687e-03,2.792916898349328842e-03,1.000000000000000000e+00,1.000000000000000000e+00,7.516369942447984412e-04,1.315984933291115691e-03,-1.370082024512848246e-03,1.223498859289022980e-05,4.383290626485742553e-02,4.913067651523508883e-03,1.325457048843955987e-01,1.488868699614710224e-02,7.516369942447984412e-04,1.315984933291115691e-03,-1.370082024512848246e-03,1.223498859289022980e-05
6.149999999999999911e-02,0.000000000000000000e+00,2.161761726427968017e-03,2.792800652199191151e-03,2.172786012213346989e-03,2.792927900143939157e-03,1.000000000000000000e+00,1.000000000000000000e+00,7.524213170166388224e-04,1.315982470381008278e-03,1.568645543680725028e-03,-4.925820214681490708e-06,4.330333577608042050e-02,4.918008190349439090e-03,1.315854363757126833e-01,1.490366391242245632e-02,7.524213170166388224e-04,1.315982470381008278e-03,1.568645543680725028e-03,-4.925820214681490708e-06
6.199999999999999956e-02,0.000000000000000000e+00,2.160882930930859563e-03,2.792807281953266739e-03,2.172941115757891836e-03,2.792939356426809433e-03,1.000000000000000000e+00,1.000000000000000000e+00,7.517481206094413790e-04,1.315989100135083866e-03,-1.346392814394840702e-03,1.325950815106472039e-05,4.383684179790810209e-02,4.918059613726872073e-03,1.325700330303060115e-01,1.490746704120150638e-02,7.517481206094413790e-04,1.315989100135083866e-03,-1.346392814394840702e-03,1.325950815106472039e-05
6.250000000000000000e-02,0.000000000000000000e+00,2.161920681130910255e-03,2.792804169509023431e-03,2.173098811055533108e-03,2.792951278455829689e-03,1.000000000000000000e+00,1.000000000000000000e+00,7.525430833835355850e-04,1.315985987690840558e-03,1.589925548188433728e-03,-6.224888486658059319e-06,4.332176901360881849e-02,4.956701722278169554e-03,1.316649031788078295e-01,1.504911631721827722e-02,7.525430833835355850e-04,1.315985987690840558e-03,1.589925548188433728e-03,-6.224888486658059319e-06
6.300000000000000044e-02,0.000000000000000000e+00,2.161055943093284290e-03,2.792812490240578153e-03,2.173259080291394928e-03,2.792963677568426582e-03,1.000000000000000000e+00,1.000000000000000000e+00,7.518806556150586795e-04,1.315994308422395497e-03,-1.324855536953836645e-03,1.664146310999862447e-05,4.385531838837076340e-02,4.951389365184863736e-03,1.326374279522571087e-01,1.500533181809186704e-02,7.518806556150586795e-04,1.315994308422395497e-03,-1.324855536953836645e-03,1.664146310999862447e-05
6.350000000000000089e-02,0.000000000000000000e+00,2.162106890146260098e-03,2.792808198810014381e-03,2.173421904771191161e-03,2.792976565179335589e-03,1.000000000000000000e+00,1.000000000000000000e+00,7.526857277650029999e-04,1.315990016991831508e-03,1.610144299888565354e-03,-8.582861128111417910e-06,4.332528826823042745e-02,4.960655551809686065e-03,1.316734755663439560e-01,1.503500526884726622e-02,7.526857277650029999e-04,1.315990016991831508e-03,1.610144299888565354e-03,-8.582861128111417910e-06
6.400000000000000133e-02,0.000000000000000000e+00,2.161254854546854325e-03,2.792817529390050416e-03,2.173587264939261330e-03,2.792989952778358875e-03,1.000000000000000000e+00,1.000000000000000000e+00,7.520330306287386279e-04,1.315999347571867543e-03,-1.305394272528800394e-03,1.866116007197880062e-05,4.385876897642905503e-02,4.959354358954633397e-03,1.326581021170817054e-01,1.503375853158108247e-02,7.520330306287386279e-04,1.315999347571867543e-03,-1.305394272528800394e-03,1.866116007197880062e-05
6.450000000000000178e-02,0.000000000000000000e+00,2.162316947523538861e-03,2.792812005746339588e-03,2.173755140396619982e-03,2.793003851928143114e-03,1.000000000000000000e+00,1.000000000000000000e+00,7.528466410516035595e-04,1.315993823928156715e-03,1.627220845729930934e-03,-1.104728742159572768e-05,4.334532668173812081e-02,5.008740106656026266e-03,1.317573704579348137e-01,1.521389007243264917e-02,7.528466410516035595e-04,1.315993823928156715e-03,1.627220845729930934e-03,-1.104728742159572768e-05
6.500000000000000222e-02,0.000000000000000000e+00,2.161476526277259468e-03,2.792823736100066151e-03,2.173925509919002151e-03,2.793018274261945162e-03,1.000000000000000000e+00,1.000000000000000000e+00,7.522028410260118460e-04,1.316005554281883278e-03,-1.287600051183500870e-03,2.346070745315067990e-05,4.387888548393190785e-02,5.000756378068242809e-03,1.327285189354237283e-01,1.515556617405504174e-02,7.522028410260118460e-04,1.316005554281883278e-03,-1.287600051183500870e-03,2.346070745315067990e-05
6.550000000000000266e-02,0.000000000000000000e+00,2.162549474969182196e-03,2.792816256832708361e-03,2.174098351474902310e-03,2.793033231481404678e-03,1.000000000000000000e+00,1.000000000000000000e+00,7.530247674092111886e-04,1.315998075014525705e-03,1.643852766398667519e-03,-1.495853471521046212e-05,4.334847896935538347e-02,5.016445753895544535e-03,1.317612235313658509e-01,1.520679081854193690e-02,7.530247674092111886e-04,1.315998075014525705e-03,1.643852766398667519e-03,-1.495853471521046212e-05
6.600000000000000311e-02,0.000000000000000000e+00,2.161719586014950421e-03,2.792829645353946642e-03,2.174273642243619402e-03,2.793048735354304157e-03,1.000000000000000000e+00,1.000000000000000000e+00,7.523890355874160527e-04,1.316011463535764203e-03,-1.271463643590364182e-03,2.677704247698252428e-05,4.388201195821971046e-02,5.012691515382803817e-03,1.327464917595088112e-01,1.519676644341259354e-02,7.523890355874160527e-04,1.316011463535764203e-03,-1.271463643590364182e-03,2.677704247698252428e-05
6.650000000000000355e-02,0.000000000000000000e+00,2.162801527606848188e-03,2.792820123279208134e-03,2.174451358633303598e-03,2.793064797712348484e-03,1.000000000000000000e+00,1.000000000000000000e+00,7.532178509316688050e-04,1.316001941461025478e-03,1.657630688505415222e-03,-1.904414947737349169e-05,4.337036586310047404e-02,5.076335866172388550e-03,1.318508319709751075e-01,1.542743801898350219e-02,7.532178509316688050e-04,1.316001941461025478e-03,1.657630688505415222e-03,-1.904414947737349169e-05
6.700000000000000400e-02,0.000000000000000000e+00,2.161981357826366079e-03,2.792836828978977840e-03,2.174631476299000027e-03,2.793081430448929314e-03,1.000000000000000000e+00,1.000000000000000000e+00,7.525895644289161629e-04,1.316018647160795184e-03,-1.256573005505370010e-03,3.341139953922686687e-05,4.390397186197057128e-02,5.064242932047371623e-03,1.328209563450903352e-01,1.534870205864398429e-02,7.525895644289161629e-04,1.316018647160795184e-03,-1.256573005505370010e-03,3.341139953922686687e-05
6.750000000000000444e-02,0.000000000000000000e+00,2.163072325499464012e-03,2.792824293234782117e-03,2.174813970160687296e-03,2.793098645516891611e-03,1.000000000000000000e+00,1.000000000000000000e+00,7.534252941525154462e-04,1.316006111416599244e-03,1.671459447198530082e-03,-2.507148839185425256e-05,4.337334677170031488e-02,5.089165897673757037e-03,1.318509654813968812e-01,1.543066592789906454e-02,7.534252941525154462e-04,1.316006111416599244e-03,1.671459447198530082e-03,-2.507148839185425256e-05
6.800000000000000488e-02,0.000000000000000000e+00,2.162261013368734896e-03,2.792843512322914709e-03,2.174998814421325553e-03,2.793116454926303227e-03,1.000000000000000000e+00,1.000000000000000000e+00,7.528037930031354023e-04,1.316025330504732270e-03,-1.243002298760027564e-03,3.843817626619089323e-05,4.390696659181665684e-02,5.081472388092459283e-03,1.328372088704167231e-01,1.540682478932494867e-02,7.528037930031354023e-04,1.316025330504732270e-03,-1.243002298760027564e-03,3.843817626619089323e-05
6.850000000000000533e-02,0.000000000000000000e+00,2.163359268732746241e-03,2.792827820319116784e-03,2.175185982584903685e-03,2.793134870742230991e-03,1.000000000000000000e+00,1.000000000000000000e+00,7.536451054218619395e-04,1.316009638500934345e-03,1.682624837452971304e-03,-3.138400759578426806e-05,4.339711634011281932e-02,5.164020810190298599e-03,1.319466183758880862e-01,1.570395405521203200e-02,7.536451054218619395e-04,1.316009638500934345e-03,1.682624837452971304e-03,-3.138400759578426806e-05
6.900000000000000577e-02,0.000000000000000000e+00,2.162556226014809672e-03,2.792851554755091531e-03,2.175375447474477836e-03,2.793153905082503777e-03,1.000000000000000000e+00,1.000000000000000000e+00,7.530299390101995692e-04,1.316033372936908875e-03,-1.230332823324682082e-03,4.746887194890622610e-05,4.393074573916675579e-02,5.145890625626441464e-03,1.329159586187021180e-01,1.559698650281493397e-02,7.530299390101995692e-04,1.316033372936908875e-03,-1.230332823324682082e-03,4.746887194890622610e-05
6.950000000000000622e-02,0.000000000000000000e+00,2.163662006733320722e-03,2.792831418023971300e-03,2.175567181250213401e-03,2.793173570115475152e-03,1.000000000000000000e+00,1.000000000000000000e+00,7.538770161849229958e-04,1.316013236205788644e-03,1.694154349446826309e-03,-4.027346224039155128e-05,4.340018263637383800e-02,5.183811567353098504e-03,1.319443162538652403e-01,1.572200025428461059e-02,7.538770161849229958e-04,1.316013236205788644e-03,1.694154349446826309e-03,-4.027346224039155128e-05
7.000000000000000666e-02,0.000000000000000000e+00,2.162866519972438638e-03,2.792858800721287078e-03,2.175761155427436994e-03,2.793193878057806390e-03,1.000000000000000000e+00,1.000000000000000000e+00,7.532676379721746102e-04,1.316040618903104422e-03,-1.218756425496694395e-03,5.476539463143493332e-05,4.393386832559036809e-02,5.170175492241948535e-03,1.329315816082118074e-01,1.567754410537705242e-02,7.532676379721746102e-04,1.316040618903104422e-03,-1.218756425496694395e-03,5.476539463143493332e-05
7.050000000000000711e-02,0.000000000000000000e+00,2.163978145208120263e-03,2.792833993536120336e-03,2.175957340894676267e-03,2.793214841172226084e-03,1.000000000000000000e+00,1.000000000000000000e+00,7.541191923067994260e-04,1.316015811717937680e-03,1.703108669249727737e-03,-4.961437033328280097e-05,4.342627355591875682e-02,5.277756894857003368e-03,1.320477076744448475e-01,1.606210372632790873e-02,7.541191923067994260e-04,1.316015811717937680e-03,1.703108669249727737e-03,-4.961437033328280097e-05
7.100000000000000755e-02,0.000000000000000000e+00,2.163189818860068551e-03,2.792867463818546163e-03,2.176155707931700170e-03,2.793236471765301026e-03,1.000000000000000000e+00,1.000000000000000000e+00,7.535152992885099481e-04,1.316049282000363507e-03,-1.207786036578886810e-03,6.694056485157825033e-05,4.395981552855791896e-02,5.251008657183585046e-03,1.330158724145013294e-01,1.591651143472515295e-02,7.535152992885099481e-04,1.316049282000363507e-03,-1.207786036578886810e-03,6.694056485157825033e-05
7.150000000000000799e-02,0.000000000000000000e+00,2.164307607023877207e-03,2.792836291155783440e-03,2.176356226227565277e-03,2.793258782185201877e-03,1.000000000000000000e+00,1.000000000000000000e+00,7.543715746999798705e-04,1.316018109337600567e-03,1.712550822939800689e-03,-6.234532552577384443e-05,4.342982871266853895e-02,5.306940601868013335e-03,1.320443510027491940e-01,1.610096406655507975e-02,7.543715746999798705e-04,1.316018109337600567e-03,1.712550822939800689e-03,-6.234532552577384443e-05
7.200000000000000844e-02,0.000000000000000000e+00,2.163525802774975311e-03,2.792874917779895362e-03,2.176558864898666887e-03,2.793281784819484463e-03,1.000000000000000000e+00,1.000000000000000000e+00,7.537726778995017165e-04,1.316056735961712923e-03,-1.197793600956228739e-03,7.725324822475550224e-05,4.396347454021749812e-02,5.284671791314886347e-03,1.330323248855881102e-01,1.602676981364516834e-02,7.537726778995017165e-04,1.316056735961712923e-03,-1.197793600956228739e-03,7.725324822475550224e-05
7.249999999999999500e-02,0.000000000000000000e+00,2.164648046595270964e-03,2.792837039206851578e-03,2.176763592506768437e-03,2.793305492092840268e-03,1.000000000000000000e+00,1.000000000000000000e+00,7.546323665418635737e-04,1.316018857388668922e-03,1.719377284723657643e-03,-7.575714608785031278e-05,4.345950438417488931e-02,5.425293016103470423e-03,1.321600827347558793e-01,1.652609974176609889e-02,7.546323665418635737e-04,1.316018857388668922e-03,1.719377284723657643e-03,-7.575714608785031278e-05
7.299999999999999545e-02,0.000000000000000000e+00,2.163872560409116526e-03,2.792883818097681523e-03,2.176970377077061709e-03,2.793329916464883794e-03,1.000000000000000000e+00,1.000000000000000000e+00,7.540383096582447446e-04,1.316065636279498867e-03,-1.188113767237726666e-03,9.355778165974523003e-05,4.399270454994212709e-02,5.386488845360075384e-03,1.331256232950324137e-01,1.632817199322445650e-02,7.540383096582447446e-04,1.316065636279498867e-03,-1.188113767237726666e-03,9.355778165974523003e-05
7.349999999999999589e-02,0.000000000000000000e+00,2.164999527390621542e-03,2.792837025948192650e-03,2.177179186116194945e-03,2.793355070427905665e-03,1.000000000000000000e+00,1.000000000000000000e+00,7.549016164520053153e-04,1.316018844130009777e-03,1.726613587521221883e-03,-9.358429897830412695e-05,4.346424797817338009e-02,5.467019018244052148e-03,1.321573742370935056e-01,1.659356526183321245e-02,7.549016164520053153e-04,1.316018844130009777e-03,1.726613587521221883e-03,-9.358429897830412695e-05
7.399999999999999634e-02,0.000000000000000000e+00,2.164229723689305683e-03,2.792890959508479744e-03,2.177389986630326978e-03,2.793380966504650439e-03,1.000000000000000000e+00,1.000000000000000000e+00,7.543119126043195018e-04,1.316072777690297088e-03,-1.179407695371561485e-03,1.078671205746437370e-04,4.399760176882041435e-02,5.432530036652782890e-03,1.331451906914659644e-01,1.647751452260266813e-02,7.543119126043195018e-04,1.316072777690297088e-03,-1.179407695371561485e-03,1.078671205746437370e-04
7.449999999999999678e-02,0.000000000000000000e+00,2.165359558405110293e-03,2.792834772170005569e-03,2.177602745143170961e-03,2.793407617246086196e-03,1.000000000000000000e+00,1.000000000000000000e+00,7.551774162100046090e-04,1.316016590351822913e-03,1.731007211370130718e-03,-1.123746769482315117e-04,4.350011950834095642e-02,5.616417895679019084e-03,1.322948267885837303e-01,1.712639504323970607e-02,7.551774162100046090e-04,1.316016590351822913e-03,1.731007211370130718e-03,-1.123746769482315117e-04
7.499999999999999722e-02,0.000000000000000000e+00,2.164595466230950609e-03,2.792899558045148015e-03,2.177817427714035491e-03,2.793435035229174107e-03,1.000000000000000000e+00,1.000000000000000000e+00,7.545920876459590683e-04,1.316081376226965576e-03,-1.170657128091119169e-03,1.295717502851589627e-04,4.403247183764595618e-02,5.561024072973028143e-03,1.332546132700025421e-01,1.685834032407916919e-02,7.545920876459590683e-04,1.316081376226965576e-03,-1.170657128091119169e-03,1.295717502851589627e-04
7.549999999999999767e-02,0.000000000000000000e+00,2.165728225807173318e-03,2.792831144581326037e-03,2.178033999955863130e-03,2.793463233054624580e-03,1.000000000000000000e+00,1.000000000000000000e+00,7.554598318247142440e-04,1.316012962763143382e-03,1.735488357510360166e-03,-1.368269276443711429e-04,4.350728900710959524e-02,5.674584423228246598e-03,1.322952699870896254e-01,1.723208764394346809e-02,7.554598318247142440e-04,1.316012962763143382e-03,1.735488357510360166e-03,-1.368269276443711429e-04
7.599999999999999811e-02,0.000000000000000000e+00,2.164969132201823368e-03,2.792905710509356251e-03,2.178252427053285409e-03,2.793492223344685044e-03,1.000000000000000000e+00,1.000000000000000000e+00,7.548783323865287335e-04,1.316087528691173812e-03,-1.162998876371002833e-03,1.491318560610006166e-04,4.403983566654857268e-02,5.623152678528129701e-03,1.332811358890643727e-01,1.705838447774890229e-02,7.548783323865287335e-04,1.316087528691173812e-03,-1.162998876371002833e-03,1.491318560610006166e-04
7.649999999999999856e-02,0.000000000000000000e+00,2.166102624800549450e-03,2.792824451507085366e-03,2.178472673780663081e-03,2.793522018740898262e-03,1.000000000000000000e+00,1.000000000000000000e+00,7.557466380930991491e-04,1.316006269688902493e-03,1.736611413140755865e-03,-1.625180045428304722e-04,4.355414244761282583e-02,5.862778867075412251e-03,1.324715397126617900e-01,1.789888525822561430e-02,7.557466380930991491e-04,1.316006269688902493e-03,1.736611413140755865e-03,-1.625180045428304722e-04
7.699999999999999900e-02,0.000000000000000000e+00,2.165348893773743483e-03,2.792913358638311923e-03,2.178694704520121178e-03,2.793552631901870600e-03,1.000000000000000000e+00,1.000000000000000000e+00,7.551692466284081048e-04,1.316095176820129267e-03,-1.154782929382171079e-03,1.778142624536377500e-04,4.408470034580809493e-02,5.784931226296498134e-03,1.334197169852855136e-01,1.753835871068561841e-02,7.551692466284081048e-04,1.316095176820129267e-03,-1.154782929382171079e-03,1.778142624536377500e-04
7.749999999999999944e-02,0.000000000000000000e+00,2.166482758167984947e-03,2.792815723120598698e-03,2.178918483279604010e-03,2.793584075501042048e-03,1.000000000000000000e+00,1.000000000000000000e+00,7.560378371468673290e-04,1.315997541302415825e-03,1.737181036918395826e-03,-1.952710354270758859e-04,4.356585761691350589e-02,5.941783478131769380e-03,1.324790390726569289e-01,1.805352231565109794e-02,7.560378371468673290e-04,1.315997541302415825e-03,1.737181036918395826e-03,-1.952710354270758859e-04
7.799999999999999989e-02,0.000000000000000000e+00,2.165733497308445707e-03,2.792917797824880609e-03,2.179143973710917156e-03,2.793616362224465334e-03,1.000000000000000000e+00,1.000000000000000000e+00,7.554638700289709055e-04,1.316099616006697953e-03,-1.147934235792799108e-03,2.041494085642836824e-04,4.409661817247546856e-02,5.867338927119592623e-03,1.334596177982549925e-01,1.780228507691718892e-02,7.554638700289709055e-04,1.316099616006697953e-03,-1.147934235792799108e-03,2.041494085642836824e-04
7.850000000000000033e-02,0.000000000000000000e+00,2.166864920130666221e-03,2.792803119869719138e-03,2.179371139127765124e-03,2.793649504768557293e-03,1.000000000000000000e+00,1.000000000000000000e+00,7.563305901947506467e-04,1.315984938051536698e-03,1.733440331559441949e-03,-2.293559103223892352e-04,4.363187488625232258e-02,6.176511760116564290e-03,1.327232784787966413e-01,1.888012017317014513e-02,7.563305901947506467e-04,1.315984938051536698e-03,1.733440331559441949e-03,-2.293559103223892352e-04
7.900000000000000078e-02,0.000000000000000000e+00,2.166121014979394480e-03,2.792923930455873047e-03,2.179599942523800706e-03,2.793683515837877551e-03,1.000000000000000000e+00,1.000000000000000000e+00,7.557607257874113596e-04,1.316105748637690608e-03,-1.139728814678488307e-03,2.416211723076363356e-04,4.415895228721246346e-02,6.068895999390108362e-03,1.336496792888663965e-01,1.840080153267002749e-02,7.557607257874113596e-04,1.316105748637690608e-03,-1.139728814678488307e-03,2.416211723076363356e-04
7.950000000000000122e-02,0.000000000000000000e+00,2.167248970216967621e-03,2.792788024214654628e-03,2.179830346590668280e-03,2.793718408142901576e-03,1.000000000000000000e+00,1.000000000000000000e+00,7.566247896292413455e-04,1.315969842396471972e-03,1.728127683659997412e-03,-2.718124824371937289e-04,4.365147993650284747e-02,6.280330694569384413e-03,1.327434000625740684e-01,1.909299708601142759e-02,7.566247896292413455e-04,1.315969842396471972e-03,1.728127683659997412e-03,-2.718124824371937289e-04
8.000000000000000167e-02,0.000000000000000000e+00,2.166509202851598856e-03,2.792926222403049365e-03,2.180062313736046663e-03,2.793754194397782015e-03,1.000000000000000000e+00,1.000000000000000000e+00,7.560580949497998577e-04,1.316108040584866926e-03,-1.133389358883040744e-03,2.763963767897610548e-04,4.417870365221417822e-02,6.175410772870225384e-03,1.337129986968663697e-01,1.874079839104809270e-02,7.560580949497998577e-04,1.316108040584866926e-03,-1.133389358883040744e-03,2.763963767897610548e-04
8.050000000000000211e-02,0.000000000000000000e+00,2.167629874003939444e-03,2.792768668430778770e-03,2.180295806101692838e-03,2.793790887318119143e-03,1.000000000000000000e+00,1.000000000000000000e+00,7.569165788586138758e-04,1.315950486612596114e-03,1.716967817628133833e-03,-3.151079445416785584e-04,4.374961018254110157e-02,6.566257654142598418e-03,1.331017501199176500e-01,2.009389276990264719e-02,7.569165788586138758e-04,1.315950486612596114e-03,1.716967817628133833e-03,-3.151079445416785584e-04
8.100000000000000255e-02,0.000000000000000000e+00,2.166895941991579637e-03,2.792930867503520299e-03,2.180530785581485248e-03,2.793828499618732173e-03,1.000000000000000000e+00,1.000000000000000000e+00,7.563543543189185951e-04,1.316112685685337643e-03,-1.124449079390610427e-03,3.243981454830663423e-04,4.427038625644107162e-02,6.420351985527010183e-03,1.339900142565575714e-01,1.946862646850795395e-02,7.563543543189185951e-04,1.316112685685337643e-03,-1.124449079390610427e-03,3.243981454830663423e-04
8.150000000000000300e-02,0.000000000000000000e+00,2.168007476653797602e-03,2.792747144613992594e-03,2.180767213839472293e-03,2.793867044011429275e-03,1.000000000000000000e+00,1.000000000000000000e+00,7.572058392702447167e-04,1.315928962795809938e-03,1.702969902652316098e-03,-3.674457790554766404e-04,4.378155922093442121e-02,6.696265262493211919e-03,1.331401712268363291e-01,2.036719264494177284e-02,7.572058392702447167e-04,1.315928962795809938e-03,1.702969902652316098e-03,-3.674457790554766404e-04
8.200000000000000344e-02,0.000000000000000000e+00,2.167277613074380764e-03,2.792931645137914677e-03,2.181005052327908682e-03,2.793906533202770645e-03,1.000000000000000000e+00,1.000000000000000000e+00,7.566467313309979638e-04,1.316113463319732238e-03,-1.118215878493573553e-03,3.690010478445639630e-04,4.430235184330658105e-02,6.552435694881329244e-03,1.340901758672295996e-01,1.988979475250679876e-02,7.566467313309979638e-04,1.316113463319732238e-03,-1.118215878493573553e-03,3.690010478445639630e-04
8.250000000000000389e-02,0.000000000000000000e+00,2.168374830232508432e-03,2.792722236381714202e-03,2.181244262305303931e-03,2.793946979891841556e-03,1.000000000000000000e+00,1.000000000000000000e+00,7.574872484378763300e-04,1.315904054563531546e-03,1.681034213756794470e-03,-4.188175124011910152e-04,4.392983877501454443e-02,7.028761869076489283e-03,1.336771666495872035e-01,2.152364847316130814e-02,7.574872484378763300e-04,1.315904054563531546e-03,1.681034213756794470e-03,-4.188175124011910152e-04
8.300000000000000433e-02,0.000000000000000000e+00,2.167651912848815240e-03,2.792936458097190593e-03,2.181484804854467822e-03,2.793988396768024539e-03,1.000000000000000000e+00,1.000000000000000000e+00,7.569334615932637187e-04,1.316118276279008154e-03,-1.107573689225311957e-03,4.284434309530991383e-04,4.444003796477105639e-02,6.835865246264970219e-03,1.345039417661978154e-01,2.073226406635316280e-02,7.569334615932637187e-04,1.316118276279008154e-03,-1.107573689225311957e-03,4.284434309530991383e-04
8.350000000000000477e-02,0.000000000000000000e+00,2.168732440158348609e-03,2.792697240209111951e-03,2.181726640900553266e-03,2.794030796508764191e-03,1.000000000000000000e+00,1.000000000000000000e+00,7.577611935343705205e-04,1.315879058390929295e-03,1.655463882213543351e-03,-4.784357761578646325e-04,4.397803203178159148e-02,7.179967416297787682e-03,1.337332920079148668e-01,2.184328688211231717e-02,7.577611935343705205e-04,1.315879058390929295e-03,1.655463882213543351e-03,-4.784357761578646325e-04
8.400000000000000522e-02,0.000000000000000000e+00,2.168013814701946849e-03,2.792938761038716439e-03,2.181969731229091783e-03,2.794074191777330685e-03,1.000000000000000000e+00,1.000000000000000000e+00,7.572106944968099102e-04,1.316120579220533566e-03,-1.100998075121205431e-03,4.830416592086890178e-04,4.448816836919122081e-02,6.989175441455138318e-03,1.346531958212723312e-01,2.122207165927246508e-02,7.572106944968099102e-04,1.316120579220533566e-03,-1.100998075121205431e-03,4.830416592086890178e-04
8.450000000000000566e-02,0.000000000000000000e+00,2.169071115491477339e-03,2.792672195805153725e-03,2.182214036504051546e-03,2.794118595220601922e-03,1.000000000000000000e+00,1.000000000000000000e+00,7.580206338913350215e-04,1.315854013986971285e-03,1.619878789050194050e-03,-5.331304671244388883e-04,4.419588391101872404e-02,7.536464022866336959e-03,1.345194751908646291e-01,2.307340124569069381e-02,7.580206338913350215e-04,1.315854013986971285e-03,1.619878789050194050e-03,-5.331304671244388883e-04
8.500000000000000611e-02,0.000000000000000000e+00,2.168361143375686050e-03,2.792948503694243391e-03,2.182459517285874166e-03,2.794164019466824876e-03,1.000000000000000000e+00,1.000000000000000000e+00,7.574767636972637224e-04,1.316130321876060518e-03,-1.087740388142595556e-03,5.526157781786653934e-04,4.469003114644680419e-02,7.289922807209706090e-03,1.352581921637186213e-01,2.211566698713413048e-02,7.574767636972637224e-04,1.316130321876060518e-03,-1.087740388142595556e-03,5.526157781786653934e-04
8.550000000000000655e-02,0.000000000000000000e+00,2.169393757232449416e-03,2.792651816677415091e-03,2.182706134049515814e-03,2.794210477123380398e-03,1.000000000000000000e+00,1.000000000000000000e+00,7.582677918041249481e-04,1.315833634859232435e-03,1.582056213722367148e-03,-5.933740336563797946e-04,4.425925013520150275e-02,7.693561130734459519e-03,1.345732717213497243e-01,2.340086802009484074e-02,7.582677918041249481e-04,1.315833634859232435e-03,1.582056213722367148e-03,-5.933740336563797946e-04
8.600000000000000699e-02,0.000000000000000000e+00,2.168688462586332300e-03,2.792959111380285010e-03,2.182953847202493552e-03,2.794257980774557566e-03,1.000000000000000000e+00,1.000000000000000000e+00,7.577275047597055273e-04,1.316140929562102354e-03,-1.080574088838878472e-03,6.145894057397126818e-04,4.475377552373772938e-02,7.450749695168096265e-03,1.354554449665245075e-01,2.263280940618175863e-02,7.577275047597055273e-04,1.316140929562102354e-03,-1.080574088838878472e-03,6.145894057397126818e-04
8.650000000000000744e-02,0.000000000000000000e+00,2.169689354528449819e-03,2.792637787191708243e-03,2.183202617102935131e-03,2.794306542979329774e-03,1.000000000000000000e+00,1.000000000000000000e+00,7.584942324701270978e-04,1.315819605373525587e-03,1.533455420843091686e-03,-6.426483771536091287e-04,4.455625529867292267e-02,8.030351861968236180e-03,1.356466567490228481e-01,2.455036588256369681e-02,7.584942324701270978e-04,1.315819605373525587e-03,1.533455420843091686e-03,-6.426483771536091287e-04
8.700000000000000788e-02,0.000000000000000000e+00,2.168994566951422051e-03,2.792982355492523716e-03,2.183452404077610570e-03,2.794356176269103924e-03,1.000000000000000000e+00,1.000000000000000000e+00,7.579619943075968994e-04,1.316164173674341060e-03,-1.064476325060306327e-03,6.891366016311601707e-04,4.502922682234201252e-02,7.728661523708087698e-03,1.362801639569592438e-01,2.345668015810631682e-02,7.579619943075968994e-04,1.316164173674341060e-03,-1.064476325060306327e-03,6.891366016311601707e-04
8.750000000000000833e-02,0.000000000000000000e+00,2.169965916022672039e-03,2.792635202668074940e-03,2.183703168439987165e-03,2.794406893145510822e-03,1.000000000000000000e+00,1.000000000000000000e+00,7.587060908659566281e-04,1.315817020849892067e-03,1.488193116719378588e-03,-6.943056488979821011e-04,4.462345320765014056e-02,8.168157257907494515e-03,1.356485857170036669e-01,2.482609669862969812e-02,7.587060908659566281e-04,1.315817020849892067e-03,1.488193116719378588e-03,-6.943056488979821011e-04
8.799999999999999489e-02,0.000000000000000000e+00,2.169276030684719886e-03,2.793011008310050322e-03,2.183954870508270606e-03,2.794458706078161749e-03,1.000000000000000000e+00,1.000000000000000000e+00,7.581776080364291100e-04,1.316192826491867666e-03,-1.056965659055011508e-03,7.516112839511951416e-04,4.509869886452606141e-02,7.874395644589851292e-03,1.364965719675647338e-01,2.393189145404845189e-02,7.581776080364291100e-04,1.316192826491867666e-03,-1.056965659055011508e-03,7.516112839511951416e-04
8.849999999999999534e-02,0.000000000000000000e+00,2.170211888500066938e-03,2.792646369859653512e-03,2.184207470623444804e-03,2.794511627502419340e-03,1.000000000000000000e+00,1.000000000000000000e+00,7.588945167154251964e-04,1.315828188041471072e-03,1.433817357992215290e-03,-7.292769007930907828e-04,4.498396655770400820e-02,8.438622512873346013e-03,1.369606757274676734e-01,2.573704436392065462e-02,7.588945167154251964e-04,1.315828188041471072e-03,1.433817357992215290e-03,-7.292769007930907828e-04
8.899999999999999578e-02,0.000000000000000000e+00,2.169533822353996930e-03,2.793057375563284730e-03,2.184460929167315619e-03,2.794565669817164564e-03,1.000000000000000000e+00,1.000000000000000000e+00,7.583750879121609924e-04,1.316239193745102074e-03,-1.038857606528468310e-03,8.220114072622086449e-04,4.543369951192150619e-02,8.087461467276537558e-03,1.374994076163031098e-01,2.455875824291874412e-02,7.583750879121609924e-04,1.316239193745102074e-03,-1.038857606528468310e-03,8.220114072622086449e-04
8.949999999999999623e-02,0.000000000000000000e+00,2.170442131448473491e-03,2.792674217172705364e-03,2.184715206580566723e-03,2.794620845382579308e-03,1.000000000000000000e+00,1.000000000000000000e+00,7.590708930466192206e-04,1.315856035354522708e-03,1.391610268916504238e-03,-7.663167811586878240e-04,4.503573903484058005e-02,8.532042916643747116e-03,1.368534761014112422e-01,2.590204190737692078e-02,7.590708930466192206e-04,1.315856035354522708e-03,1.391610268916504238e-03,-7.663167811586878240e-04
8.999999999999999667e-02,0.000000000000000000e+00,2.169768901789453745e-03,2.793111685781804205e-03,2.184970263380786419e-03,2.794677166517893843e-03,1.000000000000000000e+00,1.000000000000000000e+00,7.585551692073845987e-04,1.316293503963621549e-03,-1.031447678469329769e-03,8.749372181978971440e-04,4.549187133282033002e-02,8.195527787880312401e-03,1.376850442852596834e-01,2.492146362340346560e-02,7.585551692073845987e-04,1.316293503963621549e-03,-1.031447678469329769e-03,8.749372181978971440e-04
9.049999999999999711e-02,0.000000000000000000e+00,2.170645799839157272e-03,2.792719127768999304e-03,2.185226060180520038e-03,2.794734645499168113e-03,1.000000000000000000e+00,1.000000000000000000e+00,7.592269120855418569e-04,1.315900945950816865e-03,1.343485756314454806e-03,-7.851160256093390674e-04,4.541675858330267157e-02,8.725506075165445977e-03,1.382581530570770878e-01,2.655305018370158684e-02,7.592269120855418569e-04,1.315900945950816865e-03,1.343485756314454806e-03,-7.851160256093390674e-04
9.099999999999999756e-02,0.000000000000000000e+00,2.169985177844102435e-03,2.793185122117235707e-03,2.185482557705318001e-03,2.794793294557065648e-03,1.000000000000000000e+00,1.000000000000000000e+00,7.587208462772274944e-04,1.316366940299053268e-03,-1.012131616628806491e-03,9.319886964726279647e-04,4.584577887991867634e-02,8.336133280034754844e-03,1.387444405324067820e-01,2.532691188754394862e-02,7.587208462772274944e-04,1.316366940299053268e-03,-1.012131616628806491e-03,9.319886964726279647e-04
9.149999999999999800e-02,0.000000000000000000e+00,2.170842643199413086e-03,2.792780424841349515e-03,2.185739716811772176e-03,2.794853125874612303e-03,1.000000000000000000e+00,1.000000000000000000e+00,7.593777028478307075e-04,1.315962243023166859e-03,1.313713141206446482e-03,-8.093945517729029312e-04,4.544081252761816847e-02,8.765951302802197503e-03,1.380337306448890522e-01,2.657965491931122207e-02,7.593777028478307075e-04,1.315962243023166859e-03,1.313713141206446482e-03,-8.093945517729029312e-04
9.199999999999999845e-02,0.000000000000000000e+00,2.170187018710494596e-03,2.793264467393704632e-03,2.185997498505562638e-03,2.794914151584967574e-03,1.000000000000000000e+00,1.000000000000000000e+00,7.588754653513216054e-04,1.316446285575521976e-03,-1.004474993018146436e-03,9.680851047104228804e-04,4.588178038534507230e-02,8.398466290395907238e-03,1.388677677185302106e-01,2.554998961438931585e-02,7.588754653513216054e-04,1.316446285575521976e-03,-1.004474993018146436e-03,9.680851047104228804e-04
9.249999999999999889e-02,0.000000000000000000e+00,2.171022656255699405e-03,2.792855068707263740e-03,2.186255863959500091e-03,2.794976383769196774e-03,1.000000000000000000e+00,1.000000000000000000e+00,7.595156008492875283e-04,1.316036886889081084e-03,1.280270995931835284e-03,-8.187973728819902732e-04,4.579713009676447677e-02,8.919769592468261218e-03,1.393691531858505805e-01,2.711977782141709523e-02,7.595156008492875283e-04,1.316036886889081084e-03,1.280270995931835284e-03,-8.187973728819902732e-04
9.299999999999999933e-02,0.000000000000000000e+00,2.170380827476546017e-03,2.793359554252433478e-03,2.186514774531576107e-03,2.795039834454039317e-03,1.000000000000000000e+00,1.000000000000000000e+00,7.590239314795829738e-04,1.316541372434251039e-03,-9.833387394090867435e-04,1.008971090340001538e-03,4.621044995984657788e-02,8.504020602199971468e-03,1.398511965964543413e-01,2.584620196212893475e-02,7.590239314795829738e-04,1.316541372434251039e-03,-9.833387394090867435e-04,1.008971090340001538e-03
9.349999999999999978e-02,0.000000000000000000e+00,2.171205504514893241e-03,2.792941202955790368e-03,2.186774191782996438e-03,2.795104515609674392e-03,1.000000000000000000e+00,1.000000000000000000e+00,7.596556707421767834e-04,1.316123021137607929e-03,1.263478525187558543e-03,-8.367025932862553420e-04,4.579766158757392347e-02,8.920747530137213346e-03,1.390817770291586930e-01,2.702576777693365545e-02,7.596556707421767834e-04,1.316123021137607929e-03,1.263478525187558543e-03,-8.367025932862553420e-04
9.400000000000000022e-02,0.000000000000000000e+00,2.170569380449627762e-03,2.793456108154166329e-03,2.187034077496234283e-03,2.795170439147493576e-03,1.000000000000000000e+00,1.000000000000000000e+00,7.591683714368459681e-04,1.316637926335983673e-03,-9.745986106616147220e-04,1.029810396751305347e-03,4.622773817974765859e-02,8.532085888547612240e-03,1.399225001228101561e-01,2.596332553023842846e-02,7.591683714368459681e-04,1.316637926335983673e-03,-9.745986106616147220e-04,1.029810396751305347e-03
9.450000000000000067e-02,0.000000000000000000e+00,2.171380929438831986e-03,2.793033989840699310e-03,2.187294393693069681e-03,2.795237616917869115e-03,1.000000000000000000e+00,1.000000000000000000e+00,7.597900540303449647e-04,1.316215808022516438e-03,1.243365186998048304e-03,-8.442366269346508398e-04,4.611444450005738882e-02,9.076882012312095446e-03,1.402866741298800790e-01,2.760494268946270605e-02,7.597900540303449647e-04,1.316215808022516438e-03,1.243365186998048304e-03,-8.442366269346508398e-04
9.500000000000000111e-02,0.000000000000000000e+00,2.170760223465239246e-03,2.793563748078482182e-03,2.187555102652633671e-03,2.795306060707921335e-03,1.000000000000000000e+00,1.000000000000000000e+00,7.593145656684632165e-04,1.316745566260299526e-03,-9.509767237634550625e-04,1.059516475566145421e-03,4.651587721967098688e-02,8.642739343403914656e-03,1.407835840033533070e-01,2.627255583603683650e-02,7.593145656684632165e-04,1.316745566260299526e-03,-9.509767237634550625e-04,1.059516475566145421e-03
9.550000000000000155e-02,0.000000000000000000e+00,2.171565051894436965e-03,2.793133763106970136e-03,2.187816166929453313e-03,2.795375782239287350e-03,1.000000000000000000e+00,1.000000000000000000e+00,7.599311000143141445e-04,1.316315581288787480e-03,1.233068691701928732e-03,-8.599699430240719498e-04,4.610229757594951072e-02,9.058607284245824565e-03,1.399880891526003868e-01,2.743274296511894611e-02,7.599311000143141445e-04,1.316315581288787480e-03,1.233068691701928732e-03,-8.599699430240719498e-04
9.600000000000000200e-02,0.000000000000000000e+00,2.170950446999947089e-03,2.793670071792027886e-03,2.188077549371495421e-03,2.795446793165893250e-03,1.000000000000000000e+00,1.000000000000000000e+00,7.594602853501765350e-04,1.316851889973845013e-03,-9.416293282751889669e-04,1.072617370114922752e-03,4.652355775977502078e-02,8.654118615124389499e-03,1.408287183224611605e-01,2.633798377110405792e-02,7.594602853501765350e-04,1.316851889973845013e-03,-9.416293282751889669e-04,1.072617370114922752e-03
9.650000000000000244e-02,0.000000000000000000e+00,2.171746276835751811e-03,2.793236252968933717e-03,2.188339213138210289e-03,2.795519105071721071e-03,1.000000000000000000e+00,1.000000000000000000e+00,7.600699263735629730e-04,1.316418071150751061e-03,1.219282046772914019e-03,-8.676376461880961830e-04,4.639547457643036776e-02,9.227097496623601694e-03,1.411128517335180910e-01,2.807409003833591377e-02,7.600699263735629730e-04,1.316418071150751061e-03,1.219282046772914019e-03,-8.676376461880961830e-04
9.700000000000000289e-02,0.000000000000000000e+00,2.171147955971366311e-03,2.793785113972386668e-03,2.188601121718573676e-03,2.795592729468576211e-03,1.000000000000000000e+00,1.000000000000000000e+00,7.596115860001983328e-04,1.316966932154204012e-03,-9.166807467291759014e-04,1.097722006906021522e-03,4.678652392055223513e-02,8.778228194028986353e-03,1.416128913494407726e-01,2.668694655426374560e-02,7.596115860001983328e-04,1.316966932154204012e-03,-9.166807467291759014e-04,1.097722006906021522e-03
9.750000000000000333e-02,0.000000000000000000e+00,2.171937770566254554e-03,2.793344295506790601e-03,2.188863238949134010e-03,2.795667677793858309e-03,1.000000000000000000e+00,1.000000000000000000e+00,7.602166190817067704e-04,1.316526113688608161e-03,1.210066163016813249e-03,-8.816369311915018235e-04,4.637639045362905443e-02,9.200248906359200646e-03,1.408093847924899167e-01,2.785785114060375725e-02,7.602166190817067704e-04,1.316526113688608161e-03,1.210066163016813249e-03,-8.816369311915018235e-04
9.800000000000000377e-02,0.000000000000000000e+00,2.171344846603776198e-03,2.793898528591374185e-03,2.189125529032053506e-03,2.795743961408329956e-03,1.000000000000000000e+00,1.000000000000000000e+00,7.597624129750585363e-04,1.317080346773191529e-03,-9.084122132965648071e-04,1.108466169166836580e-03,4.678936945344744358e-02,8.782245070469898302e-03,1.416446004067262454e-01,2.673008705358615247e-02,7.597624129750585363e-04,1.317080346773191529e-03,-9.084122132965648071e-04,1.108466169166836580e-03
9.850000000000000422e-02,0.000000000000000000e+00,2.172126797856770153e-03,2.793454545709714298e-03,2.189387956553155365e-03,2.795821591593886275e-03,1.000000000000000000e+00,1.000000000000000000e+00,7.603614223872040773e-04,1.316636363891531642e-03,1.198018824291186002e-03,-8.879657633197777199e-04,4.666336064485485796e-02,9.371084148115353327e-03,1.419150882166295979e-01,2.851516630409296413e-02,7.603614223872040773e-04,1.316636363891531642e-03,1.198018824291186002e-03,-8.879657633197777199e-04
9.900000000000000466e-02,0.000000000000000000e+00,2.171549794860914116e-03,2.794020415680659088e-03,2.189650486499964029e-03,2.795900579551321465e-03,1.000000000000000000e+00,1.000000000000000000e+00,7.599194124485654945e-04,1.317202233862476432e-03,-8.840198772772467177e-04,1.131739941889578147e-03,4.704467704920654858e-02,8.909275605439997969e-03,1.424040349219334589e-01,2.708760458011466241e-02,7.599194124485654945e-04,1.317202233862476432e-03,-8.840198772772467177e-04,1.131739941889578147e-03
9.950000000000000511e-02,0.000000000000000000e+00,2.172325876917079873e-03,2.793570682571733070e-03,2.189913084279750208e-03,2.795980936398101413e-03,1.000000000000000000e+00,1.000000000000000000e+00,7.605139257950960631e-04,1.316752500753550197e-03,1.189026693061128164e-03,-8.994662178525591502e-04,4.663703378879654332e-02,9.336272364422847428e-03,1.415901489367014932e-01,2.826658223508245540e-02,7.605139257950960631e-04,1.316752500753550197e-03,1.189026693061128164e-03,-8.994662178525591502e-04
1.000000000000000056e-01,0.000000000000000000e+00,2.171752816123539726e-03,2.794141092767423503e-03,2.190175715737575912e-03,2.796062673166129376e-03,1.000000000000000000e+00,1.000000000000000000e+00,7.600749357586349814e-04,1.317322910949240847e-03,-8.779800729222029913e-04,1.140820391381222858e-03,4.704233119707339900e-02,8.906398938631479231e-03,1.424205882445339633e-01,2.711005524875833433e-02,7.600749357586349814e-04,1.317322910949240847e-03,-8.779800729222029913e-04,1.140820391381222858e-03
1.005000000000000060e-01,0.000000000000000000e+00,2.172522043978295046e-03,2.793689280185935892e-03,2.190438347174338170e-03,2.796145800799516423e-03,1.000000000000000000e+00,1.000000000000000000e+00,7.606641984822627234e-04,1.316871098367753236e-03,1.178525447255391722e-03,-9.036251629753683581e-04,4.692040410754085705e-02,9.503808767218360765e-03,1.426871198505854088e-01,2.891790377574730148e-02,7.606641984822627234e-04,1.316871098367753236e-03,1.178525447255391722e-03,-9.036251629753683581e-04
1.010000000000000064e-01,0.000000000000000000e+00,2.171963998883691752e-03,2.794270228180346753e-03,2.190700945364811025e-03,2.796230330152351014e-03,1.000000000000000000e+00,1.000000000000000000e+00,7.602367111385321388e-04,1.317452046362164314e-03,-8.549746874611033332e-04,1.161895988822034698e-03,4.729304437216479834e-02,9.030891611519742054e-03,1.431645202096861746e-01,2.745958730023027525e-02,7.602367111385321388e-04,1.317452046362164314e-03,-8.549746874611033332e-04,1.161895988822034698e-03
1.015000000000000069e-01,0.000000000000000000e+00,2.172728224428613353e-03,2.793813903060177010e-03,2.190963477575692299e-03,2.796316271986465547e-03,1.000000000000000000e+00,1.000000000000000000e+00,7.608221418705086959e-04,1.316995721241994571e-03,1.170861463953019703e-03,-9.126502403395500042e-04,4.688556252404522950e-02,9.459620447210586452e-03,1.423337357315741791e-01,2.863613548168802286e-02,7.608221418705086959e-04,1.316995721241994571e-03,1.170861463953019703e-03,-9.126502403395500042e-04
1.020000000000000073e-01,0.000000000000000000e+00,2.172172678996379946e-03,2.794398097537721844e-03,2.191225911583644277e-03,2.796403636969208104e-03,1.000000000000000000e+00,1.000000000000000000e+00,7.603965693792461055e-04,1.317579915719538971e-03,-8.511449825251023692e-04,1.168388955088981232e-03,4.728430260505803867e-02,9.019796221918688350e-03,1.431623355017381249e-01,2.745701081998899382e-02,7.603965693792461055e-04,1.317579915719538971e-03,-8.511449825251023692e-04,1.168388955088981232e-03
1.025000000000000078e-01,0.000000000000000000e+00,2.172931698754009856e-03,2.793940441201014056e-03,2.191488215693340909e-03,2.796492435671211595e-03,1.000000000000000000e+00,1.000000000000000000e+00,7.609780122467960702e-04,1.317122259382831400e-03,1.162885735099989347e-03,-9.153126734149381188e-04,4.716066991400937047e-02,9.627846747337602193e-03,1.434054099020727335e-01,2.929779595141575321e-02,7.609780122467960702e-04,1.317122259382831400e-03,1.162885735099989347e-03,-9.153126734149381188e-04
1.030000000000000082e-01,0.000000000000000000e+00,2.172390422040366802e-03,2.794533861574338869e-03,2.191750358755508929e-03,2.796582678564158569e-03,1.000000000000000000e+00,1.000000000000000000e+00,7.605633702281202040e-04,1.317715679756156213e-03,-8.292840373518199984e-04,1.186840746649731829e-03,4.752600708053592721e-02,9.145821964326813006e-03,1.438777300927493175e-01,2.781077943518238393e-02,7.605633702281202040e-04,1.317715679756156213e-03,-8.292840373518199984e-04,1.186840746649731829e-03
1.035000000000000087e-01,0.000000000000000000e+00,2.173145437036247494e-03,2.794072643844130663e-03,2.192012310184974621e-03,2.796674376018555563e-03,1.000000000000000000e+00,1.000000000000000000e+00,7.611417452701861770e-04,1.317254462025948224e-03,1.156750084132043138e-03,-9.224354604160131359e-04,4.711795072269753248e-02,9.575256658229782183e-03,1.430299293124421278e-01,2.898290743696112226e-02,7.611417452701861770e-04,1.317254462025948224e-03,1.156750084132043138e-03,-9.224354604160131359e-04
1.040000000000000091e-01,0.000000000000000000e+00,2.172605489375574982e-03,2.794668071396280967e-03,2.192274039978703640e-03,2.796767538301497477e-03,1.000000000000000000e+00,1.000000000000000000e+00,7.607281213651529653e-04,1.317849889578098311e-03,-8.272478100663166814e-04,1.190855104300361095e-03,4.751128198869253305e-02,9.127317543009237644e-03,1.438580858489530157e-01,2.778553507474237211e-02,7.607281213651529653e-04,1.317849889578098311e-03,-8.272478100663166814e-04,1.190855104300361095e-03
1.044999999999999957e-01,0.000000000000000000e+00,2.173356876743204064e-03,2.794205922319578476e-03,2.192535518733849075e-03,2.796862175574439755e-03,1.000000000000000000e+00,1.000000000000000000e+00,7.613037174827549155e-04,1.317387740501395820e-03,1.151192235203953203e-03,-9.242981534048925682e-04,4.738307342665602773e-02,9.748658667711788961e-03,1.440692109642551788e-01,2.967133734424197769e-02,7.613037174827549155e-04,1.317387740501395820e-03,1.151192235203953203e-03,-9.242981534048925682e-04
1.049999999999999961e-01,0.000000000000000000e+00,2.172830634319388408e-03,2.794809534639986458e-03,2.192796717665792573e-03,2.796958297890967532e-03,1.000000000000000000e+00,1.000000000000000000e+00,7.609005923982576280e-04,1.317991352821803585e-03,-8.062501689945298505e-04,1.207224640815700648e-03,4.774228969047555893e-02,9.259197367416111685e-03,1.445400054234443343e-01,2.815672514327355672e-02,7.609005923982576280e-04,1.317991352821803585e-03,-8.062501689945298505e-04,1.207224640815700648e-03
1.054999999999999966e-01,0.000000000000000000e+00,2.173578614432293034e-03,2.794344636673600814e-03,2.193057608626190237e-03,2.797055915194559574e-03,1.000000000000000000e+00,1.000000000000000000e+00,7.614735784073113373e-04,1.317526454855418375e-03,1.145972018107473947e-03,-9.297959327702240949e-04,4.733372447794560733e-02,9.689439903219946096e-03,1.436775975011340412e-01,2.932640677527063172e-02,7.614735784073113373e-04,1.317526454855418375e-03,1.145972018107473947e-03,-9.297959327702240949e-04
1.059999999999999970e-01,0.000000000000000000e+00,2.173052594224482957e-03,2.794949412438249049e-03,2.193318164121014179e-03,2.797155037316365229e-03,1.000000000000000000e+00,1.000000000000000000e+00,7.610706235501502916e-04,1.318131230620066610e-03,-8.059097143220841745e-04,1.209551529296559822e-03,4.772253749076188489e-02,9.234837259752031596e-03,1.445056016229784301e-01,2.811367219381434926e-02,7.610706235501502916e-04,1.318131230620066610e-03,-8.059097143220841745e-04,1.209551529296559822e-03
1.064999999999999974e-01,0.000000000000000000e+00,2.173798122343569960e-03,2.794483967758348234e-03,2.193578357328599283e-03,2.797255673972965772e-03,1.000000000000000000e+00,1.000000000000000000e+00,7.616417312229659337e-04,1.317665785940165578e-03,1.142215345631231562e-03,-9.308893598019315867e-04,4.759025158785848419e-02,9.868403498563988255e-03,1.446887394298626006e-01,3.004176559806803412e-02,7.616417312229659337e-04,1.317665785940165578e-03,1.142215345631231562e-03,-9.308893598019315867e-04
1.069999999999999979e-01,0.000000000000000000e+00,2.173285175869011689e-03,2.795096184175694179e-03,2.193838162117684766e-03,2.797357834764149179e-03,1.000000000000000000e+00,1.000000000000000000e+00,7.612487914265131514e-04,1.318278002357511523e-03,-7.858795929055830982e-04,1.224432834691889949e-03,4.794430974400210738e-02,9.372797861723524554e-03,1.451584806224985313e-01,2.850309018852170695e-02,7.612487914265131514e-04,1.318278002357511523e-03,-7.858795929055830982e-04,1.224432834691889949e-03
1.074999999999999983e-01,0.000000000000000000e+00,2.174027708672785202e-03,2.794628800199850348e-03,2.194097553065458769e-03,2.797461529170674945e-03,1.000000000000000000e+00,1.000000000000000000e+00,7.618176045546773975e-04,1.317810618381667692e-03,1.137626256328443585e-03,-9.347679516878326829e-04,4.753475747673961693e-02,9.803215970728289957e-03,1.442814774781369103e-01,2.966915982470556823e-02,7.618176045546773975e-04,1.317810618381667692e-03,1.137626256328443585e-03,-9.347679516878326829e-04
1.079999999999999988e-01,0.000000000000000000e+00,2.173513823853689877e-03,2.795241510745893887e-03,2.194356505475601217e-03,2.797566766552044525e-03,1.000000000000000000e+00,1.000000000000000000e+00,7.614239459446060700e-04,1.318423328927711448e-03,-7.873172201425466046e-04,1.225421092087504264e-03,4.791986371783445164e-02,9.343170933190427310e-03,1.451101544700897639e-01,2.844410228752007608e-02,7.614239459446060700e-04,1.318423328927711448e-03,-7.873172201425466046e-04,1.225421092087504264e-03
1.084999999999999992e-01,0.000000000000000000e+00,2.174254954014260416e-03,2.794773988784134394e-03,2.194614995396332313e-03,2.797673556144272648e-03,1.000000000000000000e+00,1.000000000000000000e+00,7.619916845857388488e-04,1.317955806965951738e-03,1.135477282265477238e-03,-9.350439235196279439e-04,4.778325346379071886e-02,9.987505519138377072e-03,1.452662852131770266e-01,3.041005047891800692e-02,7.619916845857388488e-04,1.317955806965951738e-03,1.135477282265477238e-03,-9.350439235196279439e-04
1.089999999999999997e-01,0.000000000000000000e+00,2.173753440517856191e-03,2.795393473391082594e-03,2.194872999638449763e-03,2.797781907057652999e-03,1.000000000000000000e+00,1.000000000000000000e+00,7.616075029586692616e-04,1.318575291572899938e-03,-7.683632541391478658e-04,1.238969213896266505e-03,4.813310031898512115e-02,9.486904178457634951e-03,1.457361714291218469e-01,2.885081935119351154e-02,7.616075029586692616e-04,1.318575291572899938e-03,-7.683632541391478658e-04,1.238969213896266505e-03
1.095000000000000001e-01,0.000000000000000000e+00,2.174492026423304174e-03,2.794924771647195206e-03,2.195130495793376837e-03,2.797891828274527357e-03,1.000000000000000000e+00,1.000000000000000000e+00,7.621732925873038814e-04,1.318106589829012550e-03,1.131579257269210237e-03,-9.374034877747527278e-04,4.772184035206140235e-02,9.916493830413883673e-03,1.448436873724745777e-01,3.001055105426085612e-02,7.621732925873038814e-04,1.318106589829012550e-03,1.131579257269210237e-03,-9.374034877747527278e-04
1.100000000000000006e-01,0.000000000000000000e+00,2.173988459022874360e-03,2.795544083407904348e-03,2.195387462251205662e-03,2.798003328647056046e-03,1.000000000000000000e+00,1.000000000000000000e+00,7.617875375784686001e-04,1.318725901589721692e-03,-7.715100176706578966e-04,1.238623521418429595e-03,4.810408503061377322e-02,9.452154341327314441e-03,1.456742500348573999e-01,2.877633397689855627e-02,7.617875375784686001e-04,1.318725901589721692e-03,-7.715100176706578966e-04,1.238623521418429595e-03
1.105000000000000010e-01,0.000000000000000000e+00,2.174726702510372880e-03,2.795075561481318634e-03,2.195643878218740512e-03,2.798116416894987947e-03,1.000000000000000000e+00,1.000000000000000000e+00,7.623530648997359866e-04,1.318257379663135978e-03,1.131054642534759166e-03,-9.370438531716351535e-04,4.796180333840410065e-02,1.010733554416163617e-02,1.458001142538211670e-01,3.078153467198813109e-02,7.623530648997359866e-04,1.318257379663135978e-03,1.131054642534759166e-03,-9.370438531716351535e-04
1.110000000000000014e-01,0.000000000000000000e+00,2.174234860345500720e-03,2.795701029281029253e-03,2.195899723737543274e-03,2.798231101603427043e-03,1.000000000000000000e+00,1.000000000000000000e+00,7.619762919424438903e-04,1.318882847462846813e-03,-7.535459145842555474e-04,1.250935599421484565e-03,4.830837186680669165e-02,9.602805405326703472e-03,1.462722706839901521e-01,2.920379259006178341e-02,7.619762919424438903e-04,1.318882847462846813e-03,-7.535459145842555474e-04,1.250935599421484565e-03
1.115000000000000019e-01,0.000000000000000000e+00,2.174970959304434528e-03,2.795232004179207252e-03,2.196154979701972400e-03,2.798347391220600694e-03,1.000000000000000000e+00,1.000000000000000000e+00,7.625401764595208512e-04,1.318413822361024813e-03,1.127769034153882667e-03,-9.380502036441000155e-04,4.789499371999950128e-02,1.003094300812437667e-02,1.453645216909608129e-01,3.035581437302416544e-02,7.625401764595208512e-04,1.318413822361024813e-03,1.127769034153882667e-03,-9.380502036441000155e-04
1.120000000000000023e-01,0.000000000000000000e+00,2.174476043031406403e-03,2.795856706614863185e-03,2.196409627877235309e-03,2.798465294055633122e-03,1.000000000000000000e+00,1.000000000000000000e+00,7.621610485987585044e-04,1.319038524796680529e-03,-7.582557215247724344e-04,1.249404871311342487e-03,4.827517308408735275e-02,9.563356595114261977e-03,1.461978833585498572e-01,2.911514176831465558e-02,7.621610485987585044e-04,1.319038524796680529e-03,-7.582557215247724344e-04,1.249404871311342487e-03
1.125000000000000028e-01,0.000000000000000000e+00,2.175212767090496744e-03,2.795388110202193938e-03,2.196663650917423435e-03,2.798584818276309352e-03,1.000000000000000000e+00,1.000000000000000000e+00,7.627254119703366555e-04,1.318569928384011282e-03,1.128726743156291531e-03,-9.371928253386592814e-04,4.812675467123163353e-02,1.022868330841393385e-02,1.462934487528134431e-01,3.115781514903019980e-02,7.627254119703366555e-04,1.318569928384011282e-03,1.128726743156291531e-03,-9.371928253386592814e-04
1.130000000000000032e-01,0.000000000000000000e+00,2.174729001256430101e-03,2.796018439538984143e-03,2.196917032383562465e-03,2.798705971906846092e-03,1.000000000000000000e+00,1.000000000000000000e+00,7.623548258413792491e-04,1.319200257720801487e-03,-7.411722579147132523e-04,1.260658673580343850e-03,4.847090479023560133e-02,9.721165303112481657e-03,1.467692154744777155e-01,2.956405405747497550e-02,7.623548258413792491e-04,1.319200257720801487e-03,-7.411722579147132523e-04,1.260658673580343850e-03
1.135000000000000037e-01,0.000000000000000000e+00,2.175463903806996568e-03,2.795549932457551748e-03,2.197169756761652160e-03,2.798828762825662179e-03,1.000000000000000000e+00,1.000000000000000000e+00,7.629177938564744811e-04,1.318731750639369309e-03,1.125936030190427539e-03,-9.370141628645425012e-04,4.805528009238844989e-02,1.014757316371890997e-02,1.458473035977338739e-01,3.070817270200216706e-02,7.629177938564744811e-04,1.318731750639369309e-03,1.125936030190427539e-03,-9.370141628645425012e-04
1.140000000000000041e-01,0.000000000000000000e+00,2.174976157352041025e-03,2.796178997509232624e-03,2.197421809480714413e-03,2.798953198763146424e-03,1.000000000000000000e+00,1.000000000000000000e+00,7.625441583950047768e-04,1.319360815691049968e-03,-7.472709229394925920e-04,1.258130103361116206e-03,4.843410342299706017e-02,9.677648983514544612e-03,1.466840857696518619e-01,2.946320450452903639e-02,7.625441583950047768e-04,1.319360815691049968e-03,-7.472709229394925920e-04,1.258130103361116206e-03
1.145000000000000046e-01,0.000000000000000000e+00,2.175712531712689288e-03,2.795711121379218511e-03,2.197673176930832646e-03,2.799079287299425026e-03,1.000000000000000000e+00,1.000000000000000000e+00,7.631082538820346166e-04,1.318892939561035638e-03,1.128190974059704692e-03,-9.357522600286021473e-04,4.828362495028816481e-02,1.034143089967229194e-02,1.467667241671290201e-01,3.149874116208933872e-02,7.631082538820346166e-04,1.318892939561035638e-03,1.128190974059704692e-03,-9.357522600286021473e-04
1.150000000000000050e-01,0.000000000000000000e+00,2.175235637072715951e-03,2.796345040778019844e-03,2.197923846481197700e-03,2.799207035862133312e-03,1.000000000000000000e+00,1.000000000000000000e+00,7.627429313931297864e-04,1.319526858959837188e-03,-7.306449778096692996e-04,1.267838797603271055e-03,4.862642427268559775e-02,9.831868030297123001e-03,1.472448458453389231e-01,2.990082565573860124e-02,7.627429313931297864e-04,1.319526858959837188e-03,-7.306449778096692996e-04,1.267838797603271055e-03
1.155000000000000054e-01,0.000000000000000000e+00,2.175970918838555750e-03,2.795877162059831264e-03,2.198173806498153297e-03,2.799336451724182290e-03,1.000000000000000000e+00,1.000000000000000000e+00,7.633061899039781219e-04,1.319058980241648825e-03,1.126517021696613529e-03,-9.357574363766676083e-04,4.821147074141991784e-02,1.025991369739487694e-02,1.463214410344116090e-01,3.105050312952664995e-02,7.633061899039781219e-04,1.319058980241648825e-03,1.126517021696613529e-03,-9.357574363766676083e-04
1.160000000000000059e-01,0.000000000000000000e+00,2.175490225126765296e-03,2.796509299730791376e-03,2.198423046363237598e-03,2.799467542001529523e-03,1.000000000000000000e+00,1.000000000000000000e+00,7.629379571572189253e-04,1.319691117912608937e-03,-7.364654935182880346e-04,1.264275341920010568e-03,4.858940321123220163e-02,9.788128651680022552e-03,1.471595899867528257e-01,2.979901223329326290e-02,7.629379571572189253e-04,1.319691117912608937e-03,-7.364654935182880346e-04,1.264275341920010568e-03
1.165000000000000063e-01,0.000000000000000000e+00,2.176227475983647224e-03,2.796041657273113518e-03,2.198671556491226930e-03,2.799600313650945672e-03,1.000000000000000000e+00,1.000000000000000000e+00,7.635027240793179843e-04,1.319223475454930862e-03,1.129533844198034884e-03,-9.352849153562016286e-04,4.843450001940199229e-02,1.044901334873829177e-02,1.472208075895875545e-01,3.182244373256723491e-02,7.635027240793179843e-04,1.319223475454930862e-03,1.129533844198034884e-03,-9.352849153562016286e-04
1.170000000000000068e-01,0.000000000000000000e+00,2.175757924896351732e-03,2.796678224570493202e-03,2.198919328348183412e-03,2.799734773467787551e-03,1.000000000000000000e+00,1.000000000000000000e+00,7.631430270781346375e-04,1.319860042752310546e-03,-7.193940023666918482e-04,1.273134594759482967e-03,4.877647243051867060e-02,9.937967110170925142e-03,1.477047275065045684e-01,3.022331713654789059e-02,7.631430270781346375e-04,1.319860042752310546e-03,-7.193940023666918482e-04,1.273134594759482967e-03
1.175000000000000072e-01,0.000000000000000000e+00,2.176494016749808743e-03,2.796210199523137090e-03,2.199166354469493483e-03,2.799870928083762929e-03,1.000000000000000000e+00,1.000000000000000000e+00,7.637069061521005757e-04,1.319392017704954434e-03,1.127758147931890885e-03,-9.360500947122904307e-04,4.836772726403987949e-02,1.037454432470056274e-02,1.468008535718876850e-01,3.140499111033318719e-02,7.637069061521005757e-04,1.319392017704954434e-03,1.127758147931890885e-03,-9.360500947122904307e-04
1.180000000000000077e-01,0.000000000000000000e+00,2.176021388154682646e-03,2.796845330784191765e-03,2.199412628477915091e-03,2.800008783964700980e-03,1.000000000000000000e+00,1.000000000000000000e+00,7.633448516431452216e-04,1.320027148966009109e-03,-7.241090179106106188e-04,1.270262522109547737e-03,4.874444970251223114e-02,9.900664584344395780e-03,1.476348733589129547e-01,3.014078285671159541e-02,7.633448516431452216e-04,1.320027148966009109e-03,-7.241090179106106188e-04,1.270262522109547737e-03
1.185000000000000081e-01,0.000000000000000000e+00,2.176758991975599744e-03,2.796377398405790627e-03,2.199658145101622726e-03,2.800148347408322295e-03,1.000000000000000000e+00,1.000000000000000000e+00,7.639098889513818054e-04,1.319559216587607971e-03,1.130074616473171782e-03,-9.358647568021003817e-04,4.858420833613204953e-02,1.055812228353090673e-02,1.476701523834856034e-01,3.214986894059233130e-02,7.639098889513818054e-04,1.319559216587607971e-03,1.130074616473171782e-03,-9.358647568021003817e-04
1.190000000000000085e-01,0.000000000000000000e+00,2.176297287539863227e-03,2.797017144878768003e-03,2.199902900192246373e-03,2.800289624542006296e-03,1.000000000000000000e+00,1.000000000000000000e+00,7.635562028340228853e-04,1.320198963060585347e-03,-7.073722347178516574e-04,1.279492945954729174e-03,4.892511597129611811e-02,1.004552030744310272e-02,1.481605571780066910e-01,3.055060978746594949e-02,7.635562028340228853e-04,1.320198963060585347e-03,-7.073722347178516574e-04,1.279492945954729174e-03
1.195000000000000090e-01,0.000000000000000000e+00,2.177033202104656021e-03,2.796549038189200670e-03,2.200146890742922176e-03,2.800432621320562109e-03,1.000000000000000000e+00,1.000000000000000000e+00,7.641199460969925854e-04,1.319730856371017797e-03,1.127486525939440680e-03,-9.362133791348927273e-04,4.852397265760488576e-02,1.049232667526214108e-02,1.472806230708520181e-01,3.177053363118456653e-02,7.641199460969925854e-04,1.319730856371017797e-03,1.127486525939440680e-03,-9.362133791348927273e-04
1.199999999999999956e-01,0.000000000000000000e+00,2.176568414588571192e-03,2.797187956403377525e-03,2.200390114906330095e-03,2.800577343523994248e-03,1.000000000000000000e+00,1.000000000000000000e+00,7.637638982030647535e-04,1.320369774585194870e-03,-7.120957878557314380e-04,1.277836428354061932e-03,4.889921424072398576e-02,1.001615595933578670e-02,1.481088899534571957e-01,3.049202331603532989e-02,7.637638982030647535e-04,1.320369774585194870e-03,-7.120957878557314380e-04,1.277836428354061932e-03
1.204999999999999960e-01,0.000000000000000000e+00,2.177305536143748360e-03,2.796720435526880988e-03,2.200632572012740668e-03,2.800723796755274358e-03,1.000000000000000000e+00,1.000000000000000000e+00,7.643285660743112230e-04,1.319902253708698549e-03,1.129335742492878570e-03,-9.350417529924662935e-04,4.873144529657343765e-02,1.066883897277810453e-02,1.481094641794998279e-01,3.248161849826971398e-02,7.643285660743112230e-04,1.319902253708698549e-03,1.129335742492878570e-03,-9.350417529924662935e-04
1.209999999999999964e-01,0.000000000000000000e+00,2.176850572339517065e-03,2.797363863994327231e-03,2.200874262588060903e-03,2.800871986438111666e-03,1.000000000000000000e+00,1.000000000000000000e+00,7.639800435802596677e-04,1.320545682176144358e-03,-6.970449881030930158e-04,1.286856934891595847e-03,4.907137220538063116e-02,1.015478051531814793e-02,1.486083301828507452e-01,3.088359190593068654e-02,7.639800435802596677e-04,1.320545682176144358e-03,-6.970449881030930158e-04,1.286856934891595847e-03
1.214999999999999969e-01,0.000000000000000000e+00,2.177586196282999854e-03,2.796896754890543842e-03,2.201115188371872804e-03,2.801021917814716915e-03,1.000000000000000000e+00,1.000000000000000000e+00,7.645435642143900675e-04,1.320078573072361186e-03,1.127041268260754606e-03,-9.342182075663743590e-04,4.867533779139727318e-02,1.060855546498213134e-02,1.477433855504939331e-01,3.212951372885419765e-02,7.645435642143900675e-04,1.320078573072361186e-03,1.127041268260754606e-03,-9.342182075663743590e-04
1.219999999999999973e-01,0.000000000000000000e+00,2.177127666912363063e-03,2.797539268184847088e-03,2.201355352335483163e-03,2.801173595943575855e-03,1.000000000000000000e+00,1.000000000000000000e+00,7.641923103380067212e-04,1.320721086366664432e-03,-7.025077527666096812e-04,1.285026588606685838e-03,4.904962953578648893e-02,1.013061839646555752e-02,1.485689009027267582e-01,3.084042890591570663e-02,7.641923103380067212e-04,1.320721086366664432e-03,-7.025077527666096812e-04,1.285026588606685838e-03
1.224999999999999978e-01,0.000000000000000000e+00,2.177865088135655207e-03,2.797073127139215569e-03,2.201594758699963392e-03,2.801327025697215346e-03,1.000000000000000000e+00,1.000000000000000000e+00,7.647572077683479057e-04,1.320254945321032696e-03,1.129794860682380121e-03,-9.322820912634676924e-04,4.887190119263207233e-02,1.077697610083939127e-02,1.485267860612319857e-01,3.280506117794968618e-02,7.647572077683479057e-04,1.320254945321032696e-03,1.129794860682380121e-03,-9.322820912634676924e-04
1.229999999999999982e-01,0.000000000000000000e+00,2.177415455987891796e-03,2.797719390590033134e-03,2.201833412954194106e-03,2.801482211759974243e-03,1.000000000000000000e+00,1.000000000000000000e+00,7.644127695601060819e-04,1.320901208771850478e-03,-6.888764164836140309e-04,1.292526901635675848e-03,4.921162207324674548e-02,1.026208355240420048e-02,1.490374252300793734e-01,3.121044655917365462e-02,7.644127695601060819e-04,1.320901208771850478e-03,-6.888764164836140309e-04,1.292526901635675848e-03
1.234999999999999987e-01,0.000000000000000000e+00,2.178152121290131190e-03,2.797253748386250953e-03,2.202071321872911460e-03,2.801639158625771238e-03,1.000000000000000000e+00,1.000000000000000000e+00,7.649770879213250779e-04,1.320435566568068514e-03,1.128636722438025987e-03,-9.312844075640251684e-04,4.882034396315707708e-02,1.072202783619085470e-02,1.481876570788037140e-01,3.247986326806961976e-02,7.649770879213250779e-04,1.320435566568068514e-03,1.128636722438025987e-03,-9.312844075640251684e-04
1.239999999999999991e-01,0.000000000000000000e+00,2.177699150749319232e-03,2.797898710112721281e-03,2.202308493534747835e-03,2.801797870595874873e-03,1.000000000000000000e+00,1.000000000000000000e+00,7.646300923556391708e-04,1.321080528294538408e-03,-6.939911313719156552e-04,1.289923452939956052e-03,4.919439278144605021e-02,1.024303092347460600e-02,1.490118237916043253e-01,3.118224010908429711e-02,7.646300923556391708e-04,1.321080528294538408e-03,-6.939911313719156552e-04,1.289923452939956052e-03
1.244999999999999996e-01,0.000000000000000000e+00,2.178438138907520458e-03,2.797433834671609384e-03,2.202544937340278168e-03,2.801958351776672254e-03,1.000000000000000000e+00,1.000000000000000000e+00,7.651961901277604290e-04,1.320615652853426728e-03,1.132195544242503397e-03,-9.297508822231699728e-04,4.900700864808907320e-02,1.088320948428197696e-02,1.489291866881189419e-01,3.312276203653182621e-02,7.651961901277604290e-04,1.320615652853426728e-03,1.132195544242503397e-03,-9.297508822231699728e-04
1.250000000000000000e-01,0.000000000000000000e+00,2.177993902971073377e-03,2.798081982909090062e-03,2.202780664030061508e-03,2.802120606077436460e-03,1.000000000000000000e+00,1.000000000000000000e+00,7.648558856572113549e-04,1.321263801090907190e-03,-6.806089410981387353e-04,1.296296474960941403e-03,4.934701707819172389e-02,1.036794248092115685e-02,1.494522836214564054e-01,3.153250063476777804e-02,7.648558856572113549e-04,1.321263801090907190e-03,-6.806089410981387353e-04,1.296296474960941403e-03
1.255000000000000004e-01,0.000000000000000000e+00,2.178732279238488733e-03,2.797617300785588783e-03,2.203015685702687347e-03,2.802284637208095688e-03,1.000000000000000000e+00,1.000000000000000000e+00,7.654215146937956831e-04,1.320799118967406127e-03,1.131258073168749491e-03,-9.293642470020201975e-04,4.896295853787380886e-02,1.083673330169162424e-02,1.486273266367768020e-01,3.283579856918734940e-02,7.654215146937956831e-04,1.320799118967406127e-03,1.131258073168749491e-03,-9.293642470020201975e-04
1.260000000000000009e-01,0.000000000000000000e+00,2.178285472763412042e-03,2.798264372251226331e-03,2.203250015832818477e-03,2.802450448677006739e-03,1.000000000000000000e+00,1.000000000000000000e+00,7.650792410764134955e-04,1.321446190433043458e-03,-6.845472347643450934e-04,1.294142931274772871e-03,4.933684636239157179e-02,1.035684748701187763e-02,1.494483080331594771e-01,3.152816014630364927e-02,7.650792410764134955e-04,1.321446190433043458e-03,-6.845472347643450934e-04,1.294142931274772871e-03
1.265000000000000013e-01,0.000000000000000000e+00,2.179025880644825525e-03,2.797800325903317814e-03,2.203483669289234281e-03,2.802618043788717653e-03,1.000000000000000000e+00,1.000000000000000000e+00,7.656464264196118953e-04,1.320982144085134941e-03,1.134370686396753668e-03,-9.280926958168491704e-04,4.914163855029718420e-02,1.099203296165772621e-02,1.493315852210345962e-01,3.344894790924745481e-02,7.656464264196118953e-04,1.320982144085134941e-03,1.134370686396753668e-03,-9.280926958168491704e-04
1.270000000000000018e-01,0.000000000000000000e+00,2.178587533263416989e-03,2.798450636505810368e-03,2.203716662352874899e-03,2.802787425641739896e-03,1.000000000000000000e+00,1.000000000000000000e+00,7.653106328439279260e-04,1.321632454687627712e-03,-6.715871513680263683e-04,1.300621204985553774e-03,4.948174857152291134e-02,1.047632561500432338e-02,1.498653711810490063e-01,3.186238556305207026e-02,7.653106328439279260e-04,1.321632454687627712e-03,-6.715871513680263683e-04,1.300621204985553774e-03
1.275000000000000022e-01,0.000000000000000000e+00,2.179326976444956234e-03,2.797986888152061147e-03,2.203949012734886248e-03,2.802958597126317501e-03,1.000000000000000000e+00,1.000000000000000000e+00,7.658770791841484817e-04,1.321168706333878274e-03,1.132892680441176638e-03,-9.274967074987925005e-04,4.910526855086512488e-02,1.095433176656597507e-02,1.490658586944162978e-01,3.320079185232303193e-02,7.658770791841484817e-04,1.321168706333878274e-03,1.132892680441176638e-03,-9.274967074987925005e-04
1.280000000000000027e-01,0.000000000000000000e+00,2.178886257314146223e-03,2.798636624562998720e-03,2.204180739594662018e-03,2.803131560922195783e-03,1.000000000000000000e+00,1.000000000000000000e+00,7.655394687430152993e-04,1.321818442744816064e-03,-6.752208822663932197e-04,1.299472821875593490e-03,4.947892182545121642e-02,1.047355629685600004e-02,1.498835217104566853e-01,3.188332060170829402e-02,7.655394687430152993e-04,1.321818442744816064e-03,-6.752208822663932197e-04,1.299472821875593490e-03
1.285000000000000031e-01,0.000000000000000000e+00,2.179627489834592979e-03,2.798173886580935556e-03,2.204411863557889997e-03,2.803306319496388747e-03,1.000000000000000000e+00,1.000000000000000000e+00,7.661072857963622997e-04,1.321355704762752683e-03,1.135634106693938789e-03,-9.254759641267847406e-04,4.927601482020996237e-02,1.110380742232038552e-02,1.497328400358559630e-01,3.378453764409385107e-02,7.661072857963622997e-04,1.321355704762752683e-03,1.135634106693938789e-03,-9.254759641267847406e-04
1.290000000000000036e-01,0.000000000000000000e+00,2.179194342922891221e-03,2.798826768507052618e-03,2.204642406734593635e-03,2.803482875100950407e-03,1.000000000000000000e+00,1.000000000000000000e+00,7.657754760115990673e-04,1.322008586688869962e-03,-6.636195695265318956e-04,1.305763852234482353e-03,4.961622376090556175e-02,1.058765775726571573e-02,1.502771231314179445e-01,3.220155606151027528e-02,7.657754760115990673e-04,1.322008586688869962e-03,-6.636195695265318956e-04,1.305763852234482353e-03
1.295000000000000040e-01,0.000000000000000000e+00,2.179934792869762591e-03,2.798364724592483470e-03,2.204872392737177063e-03,2.803661229770741756e-03,1.000000000000000000e+00,1.000000000000000000e+00,7.663426935788078195e-04,1.321546542774300597e-03,1.134435134417536390e-03,-9.240878291387638090e-04,4.924503859879278411e-02,1.107217250102235373e-02,1.494946965208288070e-01,3.356487146017195222e-02,7.663426935788078195e-04,1.321546542774300597e-03,1.134435134417536390e-03,-9.240878291387638090e-04
1.300000000000000044e-01,0.000000000000000000e+00,2.179499086693966782e-03,2.799017000390206095e-03,2.205101846698468392e-03,2.803841385321201654e-03,1.000000000000000000e+00,1.000000000000000000e+00,7.660089232840066372e-04,1.322198818572023656e-03,-6.675405896022872359e-04,1.304551595446275768e-03,4.961892195589968912e-02,1.059094275780533140e-02,1.503119744834273686e-01,3.224079801005386159e-02,7.660089232840066372e-04,1.322198818572023656e-03,-6.675405896022872359e-04,1.304551595446275768e-03
1.305000000000000049e-01,0.000000000000000000e+00,2.180241760353243338e-03,2.798556230099894220e-03,2.205330795289765604e-03,2.804023343346114666e-03,1.000000000000000000e+00,1.000000000000000000e+00,7.665778443137463618e-04,1.321738048281711564e-03,1.137842059479414686e-03,-9.215405806240134848e-04,4.940768433248595576e-02,1.121575262688441314e-02,1.501258531604998392e-01,3.412077911866294444e-02,7.665778443137463618e-04,1.321738048281711564e-03,1.137842059479414686e-03,-9.215405806240134848e-04
1.310000000000000053e-01,0.000000000000000000e+00,2.179812978872742134e-03,2.799211090791957953e-03,2.205559266738875944e-03,2.804207105215378477e-03,1.000000000000000000e+00,1.000000000000000000e+00,7.662493786432960675e-04,1.322392908973775297e-03,-6.569313409006329475e-04,1.309721384127486132e-03,4.974848728973170486e-02,1.069952053188237724e-02,1.506819207681305839e-01,3.254213191622139928e-02,7.662493786432960675e-04,1.322392908973775297e-03,-6.569313409006329475e-04,1.309721384127486132e-03
1.315000000000000058e-01,0.000000000000000000e+00,2.180555395943211197e-03,2.798750992396873034e-03,2.205787290848166583e-03,2.804392672072776940e-03,1.000000000000000000e+00,1.000000000000000000e+00,7.668181031146057780e-04,1.321932810578690378e-03,1.137448942619320594e-03,-9.201967901700455754e-04,4.938179058014768863e-02,1.118943559442866359e-02,1.499144782314120461e-01,3.392646208929960688e-02,7.668181031146057780e-04,1.321932810578690378e-03,1.137448942619320594e-03,-9.201967901700455754e-04
1.320000000000000062e-01,0.000000000000000000e+00,2.180124420254316887e-03,2.799405036754191740e-03,2.206014899012601407e-03,2.804580044833745317e-03,1.000000000000000000e+00,1.000000000000000000e+00,7.664879565830088172e-04,1.322586854936009084e-03,-6.602930631938337940e-04,1.308088714637599317e-03,4.975647898725822638e-02,1.070831286503045113e-02,1.507332869490655980e-01,3.259804199640554956e-02,7.664879565830088172e-04,1.322586854936009084e-03,-6.602930631938337940e-04,1.308088714637599317e-03
1.325000000000000067e-01,0.000000000000000000e+00,2.180869332705510921e-03,2.798946039470659019e-03,2.206242124237790380e-03,2.804769224183140293e-03,1.000000000000000000e+00,1.000000000000000000e+00,7.670585926268561582e-04,1.322127857652476363e-03,1.141272087694789614e-03,-9.179945670654463506e-04,4.953819551836979862e-02,1.132852818714783806e-02,1.505170986941426481e-01,3.446009191700554614e-02,7.670585926268561582e-04,1.322127857652476363e-03,1.141272087694789614e-03,-9.179945670654463506e-04
1.330000000000000071e-01,0.000000000000000000e+00,2.180445240960934838e-03,2.799602368958914629e-03,2.206469001158029800e-03,2.804960210573009122e-03,1.000000000000000000e+00,1.000000000000000000e+00,7.667337195025508744e-04,1.322784187140731973e-03,-6.497462486105597471e-04,1.312658976511283260e-03,4.987983093568963688e-02,1.081243906972159663e-02,1.510843971034137034e-01,3.288566050981506922e-02,7.667337195025508744e-04,1.322784187140731973e-03,-6.497462486105597471e-04,1.312658976511283260e-03
1.335000000000000075e-01,0.000000000000000000e+00,2.181189868112463470e-03,2.799143818301188559e-03,2.206695566054348197e-03,2.805153004220360506e-03,1.000000000000000000e+00,1.000000000000000000e+00,7.673041369941749129e-04,1.322325636483005903e-03,1.140834983248158532e-03,-9.171013154523036288e-04,4.951863763453024508e-02,1.130880457338884204e-02,1.503356110169332405e-01,3.429498785130037641e-02,7.673041369941749129e-04,1.322325636483005903e-03,1.140834983248158532e-03,-9.171013154523036288e-04
1.340000000000000080e-01,0.000000000000000000e+00,2.180764167583553337e-03,2.799799606930480217e-03,2.206921856872550054e-03,2.805347605104929407e-03,1.000000000000000000e+00,1.000000000000000000e+00,7.669780314695706300e-04,1.322981425112297561e-03,-6.522110492085796823e-04,1.311577258583419402e-03,4.989425435974963879e-02,1.082798441051963795e-02,1.511558069106248570e-01,3.296240538554363192e-02,7.669780314695706300e-04,1.322981425112297561e-03,-6.522110492085796823e-04,1.311577258583419402e-03
1.345000000000000084e-01,0.000000000000000000e+00,2.181510995871885177e-03,2.799342160532853306e-03,2.207147913241258672e-03,2.805544012966949656e-03,1.000000000000000000e+00,1.000000000000000000e+00,7.675501351298114018e-04,1.322523978714670650e-03,1.144207320481463582e-03,-9.148927952539018423e-04,4.967077045747094605e-02,1.144493974425447175e-02,1.509159114534688040e-01,3.481136999055389064e-02,7.675501351298114018e-04,1.322523978714670650e-03,1.144207320481463582e-03,-9.148927952539018423e-04
1.350000000000000089e-01,0.000000000000000000e+00,2.181091925851406411e-03,2.800000347798223786e-03,2.207373776489961192e-03,2.805742227304922239e-03,1.000000000000000000e+00,1.000000000000000000e+00,7.672291088693457446e-04,1.323182165980041130e-03,-6.420525209314105822e-04,1.316374530740890402e-03,5.001308548286742539e-02,1.092891937591745563e-02,1.514928015962436481e-01,3.324025247348093293e-02,7.672291088693457446e-04,1.323182165980041130e-03,-6.420525209314105822e-04,1.316374530740890402e-03
1.355000000000000093e-01,0.000000000000000000e+00,2.181838240865338271e-03,2.799543512716553932e-03,2.207599489667052758e-03,2.805942247373381833e-03,1.000000000000000000e+00,1.000000000000000000e+00,7.678008193385845153e-04,1.322725330898371493e-03,1.143420938477561098e-03,-9.136701633392749385e-04,4.965699143914525937e-02,1.143133737247734039e-02,1.507605417225998390e-01,3.467290464037264819e-02,7.678008193385845153e-04,1.322725330898371493e-03,1.143420938477561098e-03,-9.136701633392749385e-04
1.360000000000000098e-01,0.000000000000000000e+00,2.181417609256779307e-03,2.800201470050145067e-03,2.207825097557877640e-03,2.806144072180668560e-03,1.000000000000000000e+00,1.000000000000000000e+00,7.674785968322479432e-04,1.323383288231962411e-03,-6.444450126731299071e-04,1.315914667181876645e-03,5.003365614289778662e-02,1.095096787592127197e-02,1.515831901780230473e-01,3.333729538994555097e-02,7.674785968322479432e-04,1.323383288231962411e-03,-6.444450126731299071e-04,1.315914667181876645e-03
1.365000000000000102e-01,0.000000000000000000e+00,2.182166107299623320e-03,2.799746073778087464e-03,2.208050646702776863e-03,2.806347700486696260e-03,1.000000000000000000e+00,1.000000000000000000e+00,7.680519795986538853e-04,1.322927891959904808e-03,1.146765532811947668e-03,-9.107925441151705666e-04,4.980519872850421026e-02,1.156482817370764991e-02,1.513203344175973464e-01,3.517375321642750297e-02,7.680519795986538853e-04,1.322927891959904808e-03,1.146765532811947668e-03,-9.107925441151705666e-04
1.370000000000000107e-01,0.000000000000000000e+00,2.181751513223929937e-03,2.800406272716592440e-03,2.208276185415129766e-03,2.806553130800720774e-03,1.000000000000000000e+00,1.000000000000000000e+00,7.677343821108187404e-04,1.323588090898409567e-03,-6.351949756703547875e-04,1.320397877009377077e-03,5.014832227545527876e-02,1.104894668950000963e-02,1.519068807527440557e-01,3.360578411307863639e-02,7.677343821108187404e-04,1.323588090898409567e-03,-6.351949756703547875e-04,1.320397877009377077e-03
1.375000000000000111e-01,0.000000000000000000e+00,2.182499778692806487e-03,2.799951703970721302e-03,2.208501763799399029e-03,2.806760361379109954e-03,1.000000000000000000e+00,1.000000000000000000e+00,7.683075867152293261e-04,1.323133522152538646e-03,1.146409208821126116e-03,-9.091374917418733152e-04,4.979578626498129545e-02,1.155571155054084011e-02,1.511857055033812014e-01,3.505541851065365616e-02,7.683075867152293261e-04,1.323133522152538646e-03,1.146409208821126116e-03,-9.091374917418733152e-04
1.380000000000000115e-01,0.000000000000000000e+00,2.182083628462696406e-03,2.800611554373775777e-03,2.208727433769173965e-03,2.806969390223110639e-03,1.000000000000000000e+00,1.000000000000000000e+00,7.679887971439509388e-04,1.323793372555592904e-03,-6.375791425567735576e-04,1.319700806108727118e-03,5.017399680959777619e-02,1.107624451414685428e-02,1.520133678896851970e-01,3.371928230207252991e-02,7.679887971439509388e-04,1.323793372555592904e-03,-6.375791425567735576e-04,1.319700806108727118e-03
1.385000000000000120e-01,0.000000000000000000e+00,2.182834453741595328e-03,2.800158508409331202e-03,2.208953249065213811e-03,2.807180215076619540e-03,1.000000000000000000e+00,1.000000000000000000e+00,7.685639626766046584e-04,1.323340326591148546e-03,1.150331065307419291e-03,-9.060919288885341608e-04,4.994069949648691914e-02,1.168707370500092491e-02,1.517286530740904471e-01,3.554359123298170275e-02,7.685639626766046584e-04,1.323340326591148546e-03,1.150331065307419291e-03,-9.060919288885341608e-04
1.390000000000000124e-01,0.000000000000000000e+00,2.182424162527577850e-03,2.800820236068754694e-03,2.209179265273493627e-03,2.807392833423953682e-03,1.000000000000000000e+00,1.000000000000000000e+00,7.682496613720462501e-04,1.324002054250571821e-03,-6.286026091168960515e-04,1.323455318846439126e-03,5.028498476960418379e-02,1.117158064843184855e-02,1.523254412607653041e-01,3.397901150718961316e-02,7.682496613720462501e-04,1.324002054250571821e-03,-6.286026091168960515e-04,1.323455318846439126e-03
1.395000000000000129e-01,0.000000000000000000e+00,2.183175008427176364e-03,2.800367875694302448e-03,2.209405539843245850e-03,2.807607242487613914e-03,1.000000000000000000e+00,1.000000000000000000e+00,7.688248427010721010e-04,1.323549693876120009e-03,1.150362658051779343e-03,-9.047207489034968589e-04,4.993583738423429397e-02,1.168244271291782321e-02,1.516150409475309491e-01,3.544481106022926570e-02,7.688248427010721010e-04,1.323549693876120009e-03,1.150362658051779343e-03,-9.047207489034968589e-04
1.400000000000000133e-01,0.000000000000000000e+00,2.182763608985460908e-03,2.801029244634684924e-03,2.209632132105005323e-03,2.807823439226060126e-03,1.000000000000000000e+00,1.000000000000000000e+00,7.685096924448437707e-04,1.324211062816502485e-03,-6.303005124565703218e-04,1.322737880765137083e-03,5.031600013199942489e-02,1.120429808324471289e-02,1.524491483221840915e-01,3.410971965656688087e-02,7.685096924448437707e-04,1.324211062816502485e-03,-6.303005124565703218e-04,1.322737880765137083e-03
1.405000000000000138e-01,0.000000000000000000e+00,2.183517017594592720e-03,2.800578306489161923e-03,2.209859103288654755e-03,2.808041420331476058e-03,1.000000000000000000e+00,1.000000000000000000e+00,7.690868369232674393e-04,1.323760124670979484e-03,1.154288956847285925e-03,-9.018762910461336144e-04,5.007925202118904823e-02,1.181315076572958360e-02,1.521476115788287786e-01,3.592573047857130358e-02,7.690868369232674393e-04,1.323760124670979484e-03,1.154288956847285925e-03,-9.018762910461336144e-04
1.410000000000000142e-01,0.000000000000000000e+00,2.183111547092464813e-03,2.801241549151023587e-03,2.210086516541464544e-03,2.808261182227539746e-03,1.000000000000000000e+00,1.000000000000000000e+00,7.687762284982634824e-04,1.324423367332840931e-03,-6.212168500078834796e-04,1.326485323722926147e-03,5.042475331607809697e-02,1.129812488949124422e-02,1.527538784482373180e-01,3.436414248438894592e-02,7.687762284982634824e-04,1.324423367332840931e-03,-6.212168500078834796e-04,1.326485323722926147e-03
1.415000000000000147e-01,0.000000000000000000e+00,2.183864788389319311e-03,2.800791250659317912e-03,2.210314436946140843e-03,2.808482721067192232e-03,1.000000000000000000e+00,1.000000000000000000e+00,7.693532448080466282e-04,1.323973068841135256e-03,1.154032619566205129e-03,-9.005969834115375681e-04,5.007937186244186545e-02,1.181353505872111478e-02,1.520551033510461891e-01,3.584767691143916912e-02,7.693532448080466282e-04,1.323973068841135256e-03,1.154032619566205129e-03,-9.005969834115375681e-04
1.420000000000000151e-01,0.000000000000000000e+00,2.183458478328566960e-03,2.801454431661494406e-03,2.210542931538867113e-03,2.808706032730407150e-03,1.000000000000000000e+00,1.000000000000000000e+00,7.690419932438240323e-04,1.324636249843311750e-03,-6.225031284451205873e-04,1.326362004353090138e-03,5.046165079010161980e-02,1.133692975487552573e-02,1.528963941164303009e-01,3.451446630896575635e-02,7.690419932438240323e-04,1.324636249843311750e-03,-6.225031284451205873e-04,1.326362004353090138e-03
1.425000000000000155e-01,0.000000000000000000e+00,2.184214126070089558e-03,2.801005757611318807e-03,2.210772069327348720e-03,2.808931112821959862e-03,1.000000000000000000e+00,1.000000000000000000e+00,7.696208529971730519e-04,1.324187575793136151e-03,1.157719506698008183e-03,-8.973481003510235671e-04,5.022242940474930945e-02,1.194459472226361979e-02,1.525811393893048706e-01,3.632493919950502415e-02,7.696208529971730519e-04,1.324187575793136151e-03,1.157719506698008183e-03,-8.973481003510235671e-04
1.430000000000000160e-01,0.000000000000000000e+00,2.183813472187021848e-03,2.801670873371396933e-03,2.211001921308856661e-03,2.809157956669193143e-03,1.000000000000000000e+00,1.000000000000000000e+00,7.693139343164349681e-04,1.324852691553214277e-03,-6.138373614761561889e-04,1.330231520156079528e-03,5.056916364616959036e-02,1.143005182893951435e-02,1.531963913765720942e-01,3.476590454007732339e-02,7.693139343164349681e-04,1.324852691553214277e-03,-6.138373614761561889e-04,1.330231520156079528e-03
1.435000000000000164e-01,0.000000000000000000e+00,2.184568975484892095e-03,2.801223052494855939e-03,2.211232560488272155e-03,2.809386559319792826e-03,1.000000000000000000e+00,1.000000000000000000e+00,7.698926834195263681e-04,1.324404870676673066e-03,1.157498206182778610e-03,-8.956417530825030136e-04,5.022681901033421159e-02,1.194929329126875189e-02,1.525062907976089677e-01,3.626442607370594651e-02,7.698926834195263681e-04,1.324404870676673066e-03,1.157498206182778610e-03,-8.956417530825030136e-04
1.440000000000000169e-01,0.000000000000000000e+00,2.184167442720464768e-03,2.801888161949975774e-03,2.211464061896129506e-03,2.809616915539548711e-03,1.000000000000000000e+00,1.000000000000000000e+00,7.695850914766066021e-04,1.325069980131793118e-03,-6.151838858395421768e-04,1.330218910240118287e-03,5.061158817745362026e-02,1.147458351166454060e-02,1.533566955134610388e-01,3.493483406447635276e-02,7.695850914766066021e-04,1.325069980131793118e-03,-6.151838858395421768e-04,1.330218910240118287e-03
1.444999999999999896e-01,0.000000000000000000e+00,2.184925607653325549e-03,2.801442193315583501e-03,2.211696502606660692e-03,2.809849019810130213e-03,1.000000000000000000e+00,1.000000000000000000e+00,7.701658795103922053e-04,1.324624011497400628e-03,1.161576067571253599e-03,-8.919372687849350459e-04,5.036999117538483450e-02,1.208114634686985496e-02,1.530282602358085942e-01,3.674007681058498453e-02,7.701658795103922053e-04,1.324624011497400628e-03,1.161576067571253599e-03,-8.919372687849350459e-04
1.449999999999999900e-01,0.000000000000000000e+00,2.184529538376574816e-03,2.802109009011416289e-03,2.211929961755837795e-03,2.810082866326851173e-03,1.000000000000000000e+00,1.000000000000000000e+00,7.698624728418472290e-04,1.325290827193233633e-03,-6.068133370899092549e-04,1.333631391666096743e-03,5.071825063077067819e-02,1.156726924388056313e-02,1.536531363444380571e-01,3.518370384807407991e-02,7.698624728418472290e-04,1.325290827193233633e-03,-6.068133370899092549e-04,1.333631391666096743e-03
1.454999999999999905e-01,0.000000000000000000e+00,2.185287830941491129e-03,2.801663896496647994e-03,2.212164520559420627e-03,2.810318448996441607e-03,1.000000000000000000e+00,1.000000000000000000e+00,7.704433586474599251e-04,1.324845714678465338e-03,1.161771611225329709e-03,-8.902250295367542497e-04,5.037833736209911678e-02,1.208969168706033187e-02,1.529697237519258290e-01,3.669487825911262047e-02,7.704433586474599251e-04,1.324845714678465338e-03,1.161771611225329709e-03,-8.902250295367542497e-04
1.459999999999999909e-01,0.000000000000000000e+00,2.184891136466970540e-03,2.802330625162176812e-03,2.212400262330995251e-03,2.810555761434814677e-03,1.000000000000000000e+00,1.000000000000000000e+00,7.701394730496372021e-04,1.325512443343993940e-03,-6.077711956455054444e-04,1.333457331057020471e-03,5.076609516259107668e-02,1.161736186065403208e-02,1.538313176005983995e-01,3.537087688040910227e-02,7.701394730496372021e-04,1.325512443343993940e-03,-6.077711956455054444e-04,1.333457331057020471e-03
1.464999999999999913e-01,0.000000000000000000e+00,2.185652277361763499e-03,2.801887345821799449e-03,2.212637272500022918e-03,2.810794796964836278e-03,1.000000000000000000e+00,1.000000000000000000e+00,7.707225408025242339e-04,1.325069164003617010e-03,1.166135505774105541e-03,-8.865586807538434512e-04,5.052283172660675808e-02,1.222339230754728411e-02,1.534923523784881561e-01,3.717294076073025810e-02,7.707225408025242339e-04,1.325069164003617010e-03,1.166135505774105541e-03,-8.865586807538434512e-04
1.469999999999999918e-01,0.000000000000000000e+00,2.185261205385633388e-03,2.802555700940137506e-03,2.212875638629880747e-03,2.811035548614094180e-03,1.000000000000000000e+00,1.000000000000000000e+00,7.704229622883500142e-04,1.325737519121954850e-03,-5.991570283484222523e-04,1.336710236675892494e-03,5.087281262400773080e-02,1.171033622870744882e-02,1.541269720101734186e-01,3.561922180598341148e-02,7.704229622883500142e-04,1.325737519121954850e-03,-5.991570283484222523e-04,1.336710236675892494e-03
1.474999999999999922e-01,0.000000000000000000e+00,2.186022415221528740e-03,2.802113193575543788e-03,2.213115450435907197e-03,2.811278009112666738e-03,1.000000000000000000e+00,1.000000000000000000e+00,7.710060828531851117e-04,1.325295011757361132e-03,1.166241129670179478e-03,-8.850147291874807358e-04,5.053556680101882470e-02,1.223623284115962773e-02,1.534507663987474402e-01,3.714410450914085171e-02,7.710060828531851117e-04,1.325295011757361132e-03,1.166241129670179478e-03,-8.850147291874807358e-04
1.479999999999999927e-01,0.000000000000000000e+00,2.185631028820753455e-03,2.802781654009386426e-03,2.213356799803444484e-03,2.811522170890892909e-03,1.000000000000000000e+00,1.000000000000000000e+00,7.707062634757589140e-04,1.325963472191203987e-03,-5.996387548522889594e-04,1.336920867685839100e-03,5.092661749688506823e-02,1.176663438933720635e-02,1.543248060326371796e-01,3.582699387081259013e-02,7.707062634757589140e-04,1.325963472191203987e-03,-5.996387548522889594e-04,1.336920867685839100e-03
1.484999999999999931e-01,0.000000000000000000e+00,2.186395003719843275e-03,2.802341115640505712e-03,2.213599780805884914e-03,2.811768026077139226e-03,1.000000000000000000e+00,1.000000000000000000e+00,7.712915022018890275e-04,1.325522933822323056e-03,1.170477452260275299e-03,-8.810767377618457068e-04,5.068267778231320270e-02,1.237296788884817769e-02,1.539784015986210564e-01,3.762877109398540115e-02,7.712915022018890275e-04,1.325522933822323056e-03,1.170477452260275299e-03,-8.810767377618457068e-04
1.489999999999999936e-01,0.000000000000000000e+00,2.186009219615941360e-03,2.803011305886645224e-03,2.213844489722712004e-03,2.812015566495570679e-03,1.000000000000000000e+00,1.000000000000000000e+00,7.709959744328513708e-04,1.326193124068462351e-03,-5.910555380752393652e-04,1.340380492278723818e-03,5.103445219974072494e-02,1.186079969943807863e-02,1.546225493815415464e-01,3.607746254423098431e-02,7.709959744328513708e-04,1.326193124068462351e-03,-5.910555380752393652e-04,1.340380492278723818e-03
1.494999999999999940e-01,0.000000000000000000e+00,2.186773203885867753e-03,2.802571696869889713e-03,2.214091025057545944e-03,2.812264783663918997e-03,1.000000000000000000e+00,1.000000000000000000e+00,7.715812203374586981e-04,1.325753515051707057e-03,1.170491809214598174e-03,-8.792180335104632545e-04,5.069968040943201304e-02,1.239005569139825513e-02,1.539523874012233007e-01,3.761554849790233607e-02,7.715812203374586981e-04,1.325753515051707057e-03,1.170491809214598174e-03,-8.792180335104632545e-04
1.499999999999999944e-01,0.000000000000000000e+00,2.186387119273623669e-03,2.803242113125421417e-03,2.214339487556188195e-03,2.812515668791251353e-03,1.000000000000000000e+00,1.000000000000000000e+00,7.712854623656752867e-04,1.326423931307238544e-03,-5.915159435668298441e-04,1.340832511062984168e-03,5.109440037236564341e-02,1.192357721803747293e-02,1.548406101127072776e-01,3.630687632314375662e-02,7.712854623656752867e-04,1.326423931307238544e-03,-5.915159435668298441e-04,1.340832511062984168e-03
1.504999999999999949e-01,0.000000000000000000e+00,2.187154058911562442e-03,2.802804740444608724e-03,2.214589980224663038e-03,2.812768212775738647e-03,1.000000000000000000e+00,1.000000000000000000e+00,7.718729722135262089e-04,1.325986558626426068e-03,1.175019695701906260e-03,-8.747453616248508472e-04,5.085011950271862285e-02,1.253051996477699478e-02,1.544878575413351773e-01,3.810939690766509264e-02,7.718729722135262089e-04,1.325986558626426068e-03,1.175019695701906260e-03,-8.747453616248508472e-04
1.509999999999999953e-01,0.000000000000000000e+00,2.186773500892707882e-03,2.803476775493735258e-03,2.214842608347263909e-03,2.813022406202426821e-03,1.000000000000000000e+00,1.000000000000000000e+00,7.715814478578980357e-04,1.326658593675552819e-03,-5.830487112563952166e-04,1.344070098253663179e-03,5.120395815773307047e-02,1.201940813369855449e-02,1.551421430001914958e-01,3.656053465920185153e-02,7.715814478578980357e-04,1.326658593675552819e-03,-5.830487112563952166e-04,1.344070098253663179e-03
1.514999999999999958e-01,0.000000000000000000e+00,2.187540659364301844e-03,2.803040404762129761e-03,2.215097479504595391e-03,2.813278239341003399e-03,1.000000000000000000e+00,1.000000000000000000e+00,7.721691253420542942e-04,1.326222222943947322e-03,1.175354968312442147e-03,-8.727414632108288634e-04,5.087119816460049238e-02,1.255157788941764496e-02,1.544763718269344110e-01,3.811023349947040978e-02,7.721691253420542942e-04,1.326222222943947322e-03,1.175354968312442147e-03,-8.727414632108288634e-04
1.519999999999999962e-01,0.000000000000000000e+00,2.187159972068115389e-03,2.803712611266062811e-03,2.215354703591618235e-03,2.813535702143567501e-03,1.000000000000000000e+00,1.000000000000000000e+00,7.718775019542446856e-04,1.326894429447880155e-03,-5.832467756191966283e-04,1.344413007865679927e-03,5.127010729147691431e-02,1.208873556569220291e-02,1.553809451513224471e-01,3.681195001663150473e-02,7.718775019542446856e-04,1.326894429447880155e-03,-5.832467756191966283e-04,1.344413007865679927e-03
1.524999999999999967e-01,0.000000000000000000e+00,2.187930333229788638e-03,2.803278555963175864e-03,2.215614392835693960e-03,2.813794784242398556e-03,1.000000000000000000e+00,1.000000000000000000e+00,7.724676328413391082e-04,1.326460374144993208e-03,1.180261774188831473e-03,-8.681106057738408738e-04,5.102599088138833061e-02,1.269672496440949448e-02,1.550236565548894496e-01,3.861674494968955068e-02,7.724676328413391082e-04,1.326460374144993208e-03,1.180261774188831473e-03,-8.681106057738408738e-04
1.529999999999999971e-01,0.000000000000000000e+00,2.187555397023187211e-03,2.803952314081410366e-03,2.215876661814625975e-03,2.814055474947726315e-03,1.000000000000000000e+00,1.000000000000000000e+00,7.721804150437480913e-04,1.327134132263227493e-03,-5.744355951821261165e-04,1.347516236468645871e-03,5.138214480214148283e-02,1.218684209253585726e-02,1.556885735730358933e-01,3.707039074803676615e-02,7.721804150437480913e-04,1.327134132263227493e-03,-5.744355951821261165e-04,1.347516236468645871e-03
1.534999999999999976e-01,0.000000000000000000e+00,2.188325974950694908e-03,2.803519218454165324e-03,2.216141627474706773e-03,2.814317763245497393e-03,1.000000000000000000e+00,1.000000000000000000e+00,7.727707119831054910e-04,1.326701036635982668e-03,1.180593878714807478e-03,-8.661912544896139404e-04,5.105149328819009319e-02,1.272209360236713736e-02,1.550272326469562811e-01,3.863234392763505859e-02,7.727707119831054910e-04,1.326701036635982668e-03,1.180593878714807478e-03,-8.661912544896139404e-04
1.539999999999999980e-01,0.000000000000000000e+00,2.187951186505546729e-03,2.804193287354380705e-03,2.216409409148759058e-03,2.814581637795147886e-03,1.000000000000000000e+00,1.000000000000000000e+00,7.724836073773543813e-04,1.327375105536197832e-03,-5.742092115022037757e-04,1.348137800430482432e-03,5.145497462462575444e-02,1.226331684880290797e-02,1.559497690256184399e-01,3.734600384106146614e-02,7.724836073773543813e-04,1.327375105536197832e-03,-5.742092115022037757e-04,1.348137800430482432e-03
1.544999999999999984e-01,0.000000000000000000e+00,2.188724987212414645e-03,2.803762672400714542e-03,2.216680128574182503e-03,2.814847086927368611e-03,1.000000000000000000e+00,1.000000000000000000e+00,7.730763731089321331e-04,1.326944490582531670e-03,1.185531463155445721e-03,-8.612299073321259130e-04,5.121188123913828633e-02,1.287310467000552829e-02,1.555905605790764701e-01,3.915566987991227210e-02,7.730763731089321331e-04,1.326944490582531670e-03,1.185531463155445721e-03,-8.612299073321259130e-04
1.549999999999999989e-01,0.000000000000000000e+00,2.188356083262525589e-03,2.804438392946642482e-03,2.216953909910994447e-03,2.815114098641875555e-03,1.000000000000000000e+00,1.000000000000000000e+00,7.727937762880750803e-04,1.327620211128459826e-03,-5.651936417140730144e-04,1.351441091856327333e-03,5.157049235728212999e-02,1.236455471196849613e-02,1.562662449560792977e-01,3.761168580220096425e-02,7.727937762880750803e-04,1.327620211128459826e-03,-5.651936417140730144e-04,1.351441091856327333e-03
1.554999999999999993e-01,0.000000000000000000e+00,2.189130056088375333e-03,2.804008882179956016e-03,2.217230879759876649e-03,2.815382660605180321e-03,1.000000000000000000e+00,1.000000000000000000e+00,7.733866738704422332e-04,1.327190700361773144e-03,1.185795164734303143e-03,-8.590215333734141888e-04,5.124191351254884369e-02,1.290295951278524859e-02,1.556087220833133333e-01,3.918614295586838464e-02,7.733866738704422332e-04,1.327190700361773144e-03,1.185795164734303143e-03,-8.590215333734141888e-04
1.559999999999999998e-01,0.000000000000000000e+00,2.188761349720676035e-03,2.804685027042435469e-03,2.217511167180217287e-03,2.815652760148357105e-03,1.000000000000000000e+00,1.000000000000000000e+00,7.731042284063236293e-04,1.327866845224253030e-03,-5.648909282371709049e-04,1.352289724959586294e-03,5.165037496880084400e-02,1.244868577752060619e-02,1.565510043880131430e-01,3.791330136034362641e-02,7.731042284063236293e-04,1.327866845224253030e-03,-5.648909282371709049e-04,1.352289724959586294e-03
1.565000000000000002e-01,0.000000000000000000e+00,2.189538764500086054e-03,2.804258286241911261e-03,2.217794903708154679e-03,2.815924384264811842e-03,1.000000000000000000e+00,1.000000000000000000e+00,7.736997626780894996e-04,1.327440104423728605e-03,1.191068543531766458e-03,-8.534816010487993911e-04,5.140880824730488519e-02,1.306072965661148749e-02,1.561914768004948328e-01,3.972943180868057644e-02,7.736997626780894996e-04,1.327440104423728605e-03,1.191068543531766458e-03,-8.534816010487993911e-04
1.570000000000000007e-01,0.000000000000000000e+00,2.189176033794408387e-03,2.804936025912046008e-03,2.218082223374624046e-03,2.816197519608052216e-03,1.000000000000000000e+00,1.000000000000000000e+00,7.734218948366565352e-04,1.328117844093863568e-03,-5.557356828659566154e-04,1.355479340270075717e-03,5.177016213843271819e-02,1.255368268134551997e-02,1.568785805410081169e-01,3.818776331471058355e-02,7.734218948366565352e-04,1.328117844093863568e-03,-5.557356828659566154e-04,1.355479340270075717e-03
1.575000000000000011e-01,0.000000000000000000e+00,2.189953784731120054e-03,2.804510480732841631e-03,2.218373262723397771e-03,2.816472152489455510e-03,1.000000000000000000e+00,1.000000000000000000e+00,7.740176866198548306e-04,1.327692298914658975e-03,1.191583566396652851e-03,-8.510903584091579141e-04,5.144340566186424851e-02,1.309505635016887902e-02,1.562238558361978558e-01,3.977414173650182377e-02,7.740176866198548306e-04,1.327692298914658975e-03,1.191583566396652851e-03,-8.510903584091579141e-04
1.580000000000000016e-01,0.000000000000000000e+00,2.189591424671647087e-03,2.805188626730912953e-03,2.218668160829131292e-03,2.816748268876039050e-03,1.000000000000000000e+00,1.000000000000000000e+00,7.737401027098874447e-04,1.328370444912730080e-03,-5.551678199347024559e-04,1.356291996142104921e-03,5.185733754893093184e-02,1.264579254623643054e-02,1.571879056726505075e-01,3.851653290498619625e-02,7.737401027098874447e-04,1.328370444912730080e-03,-5.551678199347024559e-04,1.356291996142104921e-03
1.585000000000000020e-01,0.000000000000000000e+00,2.190372878005737017e-03,2.804766005394047391e-03,2.218967059315406828e-03,2.817025854388227613e-03,1.000000000000000000e+00,1.000000000000000000e+00,7.743387306940239080e-04,1.327947823575864736e-03,1.197255968272902113e-03,-8.452426737305608791e-04,5.161792251775813162e-02,1.326064099837000881e-02,1.568301974339236515e-01,4.034110064045887123e-02,7.743387306940239080e-04,1.327947823575864736e-03,1.197255968272902113e-03,-8.452426737305608791e-04
1.590000000000000024e-01,0.000000000000000000e+00,2.190016825809851415e-03,2.805445734460849938e-03,2.219270102372776672e-03,2.817304894297623877e-03,1.000000000000000000e+00,1.000000000000000000e+00,7.740659788879055174e-04,1.328627552642667065e-03,-5.455036122367087296e-04,1.359458133604853330e-03,5.198226506143101278e-02,1.275524073175922368e-02,1.575292072520795283e-01,3.880160109601491630e-02,7.740659788879055174e-04,1.328627552642667065e-03,-5.455036122367087296e-04,1.359458133604853330e-03
1.595000000000000029e-01,0.000000000000000000e+00,2.190798605601879286e-03,2.805024331645965610e-03,2.219577436776807786e-03,2.817585373524774534e-03,1.000000000000000000e+00,1.000000000000000000e+00,7.746648569533309912e-04,1.328206149827782954e-03,1.197756130851025886e-03,-8.428056297682564972e-04,5.165743839429375733e-02,1.329980134638410194e-02,1.568772821507770365e-01,4.040080265550221456e-02,7.746648569533309912e-04,1.328206149827782954e-03,1.197756130851025886e-03,-8.428056297682564972e-04
1.600000000000000033e-01,0.000000000000000000e+00,2.190443151020034836e-03,2.805704602346976995e-03,2.219889211906125523e-03,2.817867276636944196e-03,1.000000000000000000e+00,1.000000000000000000e+00,7.743925629461278050e-04,1.328886420528794556e-03,-5.445880144063172147e-04,1.360541402023335462e-03,5.207719259796833589e-02,1.285594432489847901e-02,1.578646239511396487e-01,3.915973589097913182e-02,7.743925629461278050e-04,1.328886420528794556e-03,-5.445880144063172147e-04,1.360541402023335462e-03
1.605000000000000038e-01,0.000000000000000000e+00,2.191228742242573319e-03,2.805286372947558837e-03,2.220205579760456925e-03,2.818150587845878914e-03,1.000000000000000000e+00,1.000000000000000000e+00,7.749943607367165265e-04,1.328468191129376398e-03,1.203595581177453831e-03,-8.364587988364019684e-04,5.184083791670113239e-02,1.347438878717594109e-02,1.575115915439380398e-01,4.099560389071963545e-02,7.749943607367165265e-04,1.328468191129376398e-03,1.203595581177453831e-03,-8.364587988364019684e-04
1.610000000000000042e-01,0.000000000000000000e+00,2.190879846341945054e-03,2.805968319216810801e-03,2.220526694978674880e-03,2.818435291005578786e-03,1.000000000000000000e+00,1.000000000000000000e+00,7.747270909708133587e-04,1.329150137398627928e-03,-5.345395318062653653e-04,1.363892538503155491e-03,5.220834117083436587e-02,1.297072156045639066e-02,1.582227061716207916e-01,3.945789453782594380e-02,7.747270909708133587e-04,1.329150137398627928e-03,-5.345395318062653653e-04,1.363892538503155491e-03
1.615000000000000047e-01,0.000000000000000000e+00,2.191665770505798680e-03,2.805551479530821180e-03,2.220852714856842713e-03,2.818721369610066238e-03,1.000000000000000000e+00,1.000000000000000000e+00,7.753291438092460358e-04,1.328733297712638307e-03,1.204105676865457582e-03,-8.336793719792381409e-04,5.188545167748871700e-02,1.351861083655411626e-02,1.575731692848650889e-01,4.107056188447220924e-02,7.753291438092460358e-04,1.328733297712638307e-03,1.204105676865457582e-03,-8.336793719792381409e-04
1.620000000000000051e-01,0.000000000000000000e+00,2.191317540979759171e-03,2.806234042918311598e-03,2.221183799366257920e-03,2.819008806791152566e-03,1.000000000000000000e+00,1.000000000000000000e+00,7.750623845158934912e-04,1.329415861100128942e-03,-5.335185867050740334e-04,1.365126774981328603e-03,5.231138811905153285e-02,1.308054019801993019e-02,1.585853596800957388e-01,3.984717302235565167e-02,7.750623845158934912e-04,1.329415861100128942e-03,-5.335185867050740334e-04,1.365126774981328603e-03
1.625000000000000056e-01,0.000000000000000000e+00,2.192107569816678647e-03,2.805820688158093979e-03,2.221520111171494585e-03,2.819297585316212287e-03,1.000000000000000000e+00,1.000000000000000000e+00,7.756675817163198204e-04,1.329002506339911323e-03,1.210394400852688335e-03,-8.267095204353290712e-04,5.207885585882086887e-02,1.370323084904328387e-02,1.582396394169339748e-01,4.169681301089073894e-02,7.756675817163198204e-04,1.329002506339911323e-03,1.210394400852688335e-03,-8.267095204353290712e-04
1.630000000000000060e-01,0.000000000000000000e+00,2.191766203105113830e-03,2.806504894880927636e-03,2.221861815648449711e-03,2.819587687585952719e-03,1.000000000000000000e+00,1.000000000000000000e+00,7.754060796438598351e-04,1.329686713062744980e-03,-5.230041449200435039e-04,1.368413445667393362e-03,5.244978401166308646e-02,1.320140832067797157e-02,1.589632935215579135e-01,4.016039447256490591e-02,7.754060796438598351e-04,1.329686713062744980e-03,-5.230041449200435039e-04,1.368413445667393362e-03
1.635000000000000064e-01,0.000000000000000000e+00,2.192556685558337982e-03,2.806093025108547141e-03,2.222209080897332399e-03,2.819879095632239503e-03,1.000000000000000000e+00,1.000000000000000000e+00,7.760116243345350877e-04,1.329274843290364485e-03,1.211089381350421339e-03,-8.237395447608887242e-04,5.212878824790757176e-02,1.375269641942994392e-02,1.583157837919726973e-01,4.178701745976855231e-02,7.760116243345350877e-04,1.329274843290364485e-03,1.211089381350421339e-03,-8.237395447608887242e-04
1.640000000000000069e-01,0.000000000000000000e+00,2.192216193407564139e-03,2.806777875108862862e-03,2.222562077675543923e-03,2.820171791117276078e-03,1.000000000000000000e+00,1.000000000000000000e+00,7.757507922145091264e-04,1.329959693290680206e-03,-5.216642400518276164e-04,1.369700000631497629e-03,5.255457100984599339e-02,1.331252410828452290e-02,1.593283329338493204e-01,4.055025696199464347e-02,7.757507922145091264e-04,1.329959693290680206e-03,-5.216642400518276164e-04,1.369700000631497629e-03
1.645000000000000073e-01,0.000000000000000000e+00,2.193010692617963428e-03,2.806369459456547859e-03,2.222920979183795435e-03,2.820465755335051748e-03,1.000000000000000000e+00,1.000000000000000000e+00,7.763594139196977910e-04,1.329551277638365420e-03,1.217243410377223754e-03,-8.168313046294337250e-04,5.232963549534980219e-02,1.394222963647561049e-02,1.590096037205237789e-01,4.243121598106642384e-02,7.763594139196977910e-04,1.329551277638365420e-03,1.217243410377223754e-03,-8.168313046294337250e-04
1.650000000000000078e-01,0.000000000000000000e+00,2.192677528650287689e-03,2.807056144739651302e-03,2.223285960810950958e-03,2.820760969213505307e-03,1.000000000000000000e+00,1.000000000000000000e+00,7.761041955136123612e-04,1.330237962921468646e-03,-5.104368121708910497e-04,1.373370566206566501e-03,5.270498630512198551e-02,1.344322615968613494e-02,1.597469687305649311e-01,4.089764094489925506e-02,7.761041955136123612e-04,1.330237962921468646e-03,-5.104368121708910497e-04,1.373370566206566501e-03
1.655000000000000082e-01,0.000000000000000000e+00,2.193472527090176757e-03,2.806649514068201672e-03,2.223657199877978729e-03,2.821057413316685643e-03,1.000000000000000000e+00,1.000000000000000000e+00,7.767131996507777372e-04,1.329831332250019016e-03,1.218008274330837802e-03,-8.132613428993291753e-04,5.238753291301795345e-02,1.399956942899181073e-02,1.591064579793374234e-01,4.254386443506771170e-02,7.767131996507777372e-04,1.329831332250019016e-03,1.218008274330837802e-03,-8.132613428993291753e-04
1.660000000000000087e-01,0.000000000000000000e+00,2.193140323591274109e-03,2.807336918831893936e-03,2.224034875381903850e-03,2.821355067846910165e-03,1.000000000000000000e+00,1.000000000000000000e+00,7.764587170064588158e-04,1.330518737013711280e-03,-5.089652886378496274e-04,1.374809527384683941e-03,5.278490378729541743e-02,1.352406892060314773e-02,1.600086934691389573e-01,4.116327691586071230e-02,7.764587170064588158e-04,1.330518737013711280e-03,-5.089652886378496274e-04,1.374809527384683941e-03
1.665000000000000091e-01,0.000000000000000000e+00,2.193937966121671350e-03,2.806932823572585826e-03,2.224419167739758764e-03,2.821653912646929739e-03,1.000000000000000000e+00,1.000000000000000000e+00,7.770697466344648899e-04,1.330114641754402954e-03,1.222059256012130064e-03,-8.081905186166299729e-04,5.258106647674853223e-02,1.416984085041191402e-02,1.597919935437036032e-01,4.313830934973512249e-02,7.770697466344648899e-04,1.330114641754402954e-03,1.222059256012130064e-03,-8.081905186166299729e-04
1.670000000000000095e-01,0.000000000000000000e+00,2.193613390424895178e-03,2.807622721595429312e-03,2.224810258532538068e-03,2.821953927202094925e-03,1.000000000000000000e+00,1.000000000000000000e+00,7.768211072255779394e-04,1.330804539777246656e-03,-4.972788177738164152e-04,1.379796045687425171e-03,5.294401695466507962e-02,1.365622454033954374e-02,1.604675946690326815e-01,4.153331504666928076e-02,7.768211072255779394e-04,1.330804539777246656e-03,-4.972788177738164152e-04,1.379796045687425171e-03
1.675000000000000100e-01,0.000000000000000000e+00,2.194411166058134535e-03,2.807220877027393445e-03,2.225208330249147694e-03,2.822255090642506598e-03,1.000000000000000000e+00,1.000000000000000000e+00,7.774322388162766429e-04,1.330402695209211006e-03,1.222263181397413925e-03,-8.036891360712313317e-04,5.264437099786720142e-02,1.423013000558186886e-02,1.599021258954710922e-01,4.326157184877298112e-02,7.774322388162766429e-04,1.330402695209211006e-03,1.222263181397413925e-03,-8.036891360712313317e-04
1.680000000000000104e-01,0.000000000000000000e+00,2.194087177553968870e-03,2.807911619772023807e-03,2.225613566030356250e-03,2.822557381745190424e-03,1.000000000000000000e+00,1.000000000000000000e+00,7.771840492230263622e-04,1.331093437953841151e-03,-4.963791865005848583e-04,1.381485489260162770e-03,5.301001857620522145e-02,1.371864382630736193e-02,1.606703570855347873e-01,4.172499046990021249e-02,7.771840492230263622e-04,1.331093437953841151e-03,-4.963791865005848583e-04,1.381485489260162770e-03
1.685000000000000109e-01,0.000000000000000000e+00,2.194887088879053823e-03,2.807512015668302448e-03,2.226026149412748539e-03,2.822860778936248788e-03,1.000000000000000000e+00,1.000000000000000000e+00,7.777968168485955777e-04,1.330693833850119575e-03,1.225535251138380310e-03,-7.992082074432900127e-04,5.283900668882668406e-02,1.438670358915073930e-02,1.606034098220876782e-01,4.381829270737801207e-02,7.777968168485955777e-04,1.330693833850119575e-03,1.225535251138380310e-03,-7.992082074432900127e-04
1.690000000000000113e-01,0.000000000000000000e+00,2.194570983894017328e-03,2.808205259353344606e-03,2.226446264072679503e-03,2.823165260293033531e-03,1.000000000000000000e+00,1.000000000000000000e+00,7.775546663813658489e-04,1.331387077535161733e-03,-4.843009344594388730e-04,1.386487370084283580e-03,5.316930447686959993e-02,1.383944572696667492e-02,1.611291951803660027e-01,4.206263452006054476e-02,7.775546663813658489e-04,1.331387077535161733e-03,-4.843009344594388730e-04,1.386487370084283580e-03
1.695000000000000118e-01,0.000000000000000000e+00,2.195370809502590267e-03,2.807807556920800980e-03,2.226874093570220363e-03,2.823470803546296141e-03,1.000000000000000000e+00,1.000000000000000000e+00,7.781673683442777868e-04,1.330989375102618107e-03,1.225403925823982275e-03,-7.954048650873394265e-04,5.290206613852593831e-02,1.444164004811257160e-02,1.607122658981271490e-01,4.393015916607226345e-02,7.781673683442777868e-04,1.330989375102618107e-03,1.225403925823982275e-03,-7.954048650873394265e-04
1.700000000000000122e-01,0.000000000000000000e+00,2.195055611079965718e-03,2.808501741958527743e-03,2.227309821093115608e-03,2.823777386082358329e-03,1.000000000000000000e+00,1.000000000000000000e+00,7.779259123441461437e-04,1.331683560140345087e-03,-4.829120002633417036e-04,1.388370075453910363e-03,5.323264903862449243e-02,1.389407741756071291e-02,1.613221060879957980e-01,4.222871806854577165e-02,7.779259123441461437e-04,1.331683560140345087e-03,-4.829120002633417036e-04,1.388370075453910363e-03
1.705000000000000127e-01,0.000000000000000000e+00,2.195857127982390154e-03,2.808105978132498584e-03,2.227753629200733033e-03,2.824084984945273054e-03,1.000000000000000000e+00,1.000000000000000000e+00,7.785399099133142589e-04,1.331287796314315928e-03,1.227995138336172984e-03,-7.915276520583038218e-04,5.301044732577947505e-02,1.452997176041222020e-02,1.610804752962425035e-01,4.422824009797495654e-02,7.785399099133142589e-04,1.331287796314315928e-03,1.227995138336172984e-03,-7.915276520583038218e-04
1.710000000000000131e-01,0.000000000000000000e+00,2.195545703449942529e-03,2.808800934798003079e-03,2.228205699568015959e-03,2.824393576838981658e-03,1.000000000000000000e+00,1.000000000000000000e+00,7.783013448807820419e-04,1.331982752979820207e-03,-4.771300650643587205e-04,1.389913331008729106e-03,5.331882973619960636e-02,1.396148998161496346e-02,1.615673353664822676e-01,4.241578399824610240e-02,7.783013448807820419e-04,1.331982752979820207e-03,-4.771300650643587205e-04,1.389913331008729106e-03
1.715000000000000135e-01,0.000000000000000000e+00,2.196347964121498318e-03,2.808406102692944696e-03,2.228666212729432834e-03,2.824703138129482267e-03,1.000000000000000000e+00,1.000000000000000000e+00,7.789159122101598724e-04,1.331587920874762040e-03,1.229134658755577864e-03,-7.896642101164327507e-04,5.306743367118495203e-02,1.457674818664934577e-02,1.612288236437540434e-01,4.435315782734736145e-02,7.789159122101598724e-04,1.331587920874762040e-03,1.229134658755577864e-03,-7.896642101164327507e-04
1.720000000000000140e-01,0.000000000000000000e+00,2.196038550144088254e-03,2.809101590955889304e-03,2.229135347822933794e-03,2.825013644846986489e-03,1.000000000000000000e+00,1.000000000000000000e+00,7.786788873521419477e-04,1.332283409137706648e-03,-4.740497160359562635e-04,1.390976525889260455e-03,5.337526897789992425e-02,1.400737962258751142e-02,1.617395059615656938e-01,4.255452984496293362e-02,7.786788873521419477e-04,1.332283409137706648e-03,-4.740497160359562635e-04,1.390976525889260455e-03
1.725000000000000144e-01,0.000000000000000000e+00,2.196841611120808630e-03,2.808707646914553741e-03,2.229613282333900263e-03,2.825325072688087379e-03,1.000000000000000000e+00,1.000000000000000000e+00,7.792940677508441430e-04,1.331889465096371301e-03,1.230360797404428299e-03,-7.878880826705410290e-04,5.312163242905214994e-02,1.462128920233638982e-02,1.613917807922031489e-01,4.448772969568436098e-02,7.792940677508441430e-04,1.331889465096371301e-03,1.230360797404428299e-03,-7.878880826705410290e-04
1.730000000000000149e-01,0.000000000000000000e+00,2.196534141181500505e-03,2.809403576303014238e-03,2.230100191839093707e-03,2.825637397017914838e-03,1.000000000000000000e+00,1.000000000000000000e+00,7.790585321124109987e-04,1.332585394484831582e-03,-4.710712768663128519e-04,1.391858776920757053e-03,5.341669433499267317e-02,1.404055289623424956e-02,1.618556935628992499e-01,4.264572010321549672e-02,7.790585321124109987e-04,1.332585394484831582e-03,-4.710712768663128519e-04,1.391858776920757053e-03
1.735000000000000153e-01,0.000000000000000000e+00,2.197337367441376532e-03,2.809010092802176339e-03,2.230596249750612173e-03,2.825950592872302283e-03,1.000000000000000000e+00,1.000000000000000000e+00,7.796738391253561556e-04,1.332191910983993467e-03,1.230614025890250764e-03,-7.869670016764063712e-04,5.314751225927354800e-02,1.464275141097428137e-02,1.614570598082776254e-01,4.454315904535528087e-02,7.796738391253561556e-04,1.332191910983993467e-03,1.230614025890250764e-03,-7.869670016764063712e-04
1.740000000000000158e-01,0.000000000000000000e+00,2.197030676692004504e-03,2.809706348634350044e-03,2.231101627059839908e-03,2.826264634959948542e-03,1.000000000000000000e+00,1.000000000000000000e+00,7.794389003810438385e-04,1.332888166816167171e-03,-4.698774886246509953e-04,1.392511664347486668e-03,5.344592178506542279e-02,1.406468193913924455e-02,1.619477409068880713e-01,4.272138846097035814e-02,7.794389003810438385e-04,1.332888166816167171e-03,-4.698774886246509953e-04,1.392511664347486668e-03
1.745000000000000162e-01,0.000000000000000000e+00,2.197834454399719313e-03,2.809313478417611431e-03,2.231616492081401736e-03,2.826579497664578888e-03,1.000000000000000000e+00,1.000000000000000000e+00,7.800546298275417602e-04,1.332495296599428775e-03,1.231458892995882914e-03,-7.857404334768334705e-04,5.318366882238694665e-02,1.467245480624475122e-02,1.615729754780461103e-01,4.463844644638163828e-02,7.800546298275417602e-04,1.332495296599428775e-03,1.231458892995882914e-03,-7.857404334768334705e-04
1.750000000000000167e-01,0.000000000000000000e+00,2.197529027114418498e-03,2.810009994372124169e-03,2.232141010197108335e-03,2.826895155047103904e-03,1.000000000000000000e+00,1.000000000000000000e+00,7.798206589528600217e-04,1.333191812553941730e-03,-4.679417493635706915e-04,1.393031909025831475e-03,5.347267665809019022e-02,1.408621068353395518e-02,1.620218045869357137e-01,4.277986592285105971e-02,7.798206589528600217e-04,1.333191812553941730e-03,-4.679417493635706915e-04,1.393031909025831475e-03
1.755000000000000171e-01,0.000000000000000000e+00,2.198332901605948644e-03,2.809617395723077934e-03,2.232675343599916686e-03,2.827211580847787016e-03,1.000000000000000000e+00,1.000000000000000000e+00,7.804364625400618278e-04,1.332799213904895278e-03,1.231607174403601167e-03,-7.851972980930923759e-04,5.319938336337025342e-02,1.468551380067641826e-02,1.616112441512304043e-01,4.467101849609116104e-02,7.804364625400618278e-04,1.332799213904895278e-03,1.231607174403601167e-03,-7.851972980930923759e-04
1.759999999999999898e-01,0.000000000000000000e+00,2.198027933560763383e-03,2.810314102316443900e-03,2.233219651037876650e-03,2.827528748488405963e-03,1.000000000000000000e+00,1.000000000000000000e+00,7.802028434637187050e-04,1.333495920498261027e-03,-4.672381526862649185e-04,1.393413186731540417e-03,5.349227502890724351e-02,1.410240885834117101e-02,1.620848746916226102e-01,4.283179016227506297e-02,7.802028434637187050e-04,1.333495920498261027e-03,-4.672381526862649185e-04,1.393413186731540417e-03
1.764999999999999902e-01,0.000000000000000000e+00,2.198832229582526124e-03,2.809921912966440241e-03,2.233774087558083182e-03,2.827846631074409055e-03,1.000000000000000000e+00,1.000000000000000000e+00,7.808189699618128723e-04,1.333103731148257802e-03,1.232252996188286463e-03,-7.843787000063303164e-04,5.323030522062219272e-02,1.471070499877171964e-02,1.617149448485601382e-01,4.475537686780541730e-02,7.808189699618128723e-04,1.333103731148257802e-03,1.232252996188286463e-03,-7.843787000063303164e-04
1.769999999999999907e-01,0.000000000000000000e+00,2.198528447056237890e-03,2.810618913211251381e-03,2.234338804250630712e-03,2.828165201397084445e-03,1.000000000000000000e+00,1.000000000000000000e+00,7.805862590456330314e-04,1.333800731393068942e-03,-4.654218323596032679e-04,1.394000489622142149e-03,5.351490641600155362e-02,1.412053628586063501e-02,1.621473297484873066e-01,4.288093878817328397e-02,7.805862590456330314e-04,1.333800731393068942e-03,-4.654218323596032679e-04,1.394000489622142149e-03
1.774999999999999911e-01,0.000000000000000000e+00,2.199332667681999556e-03,2.810226951037583625e-03,2.234913947992563620e-03,2.828484431935718996e-03,1.000000000000000000e+00,1.000000000000000000e+00,7.812023277870395284e-04,1.333408769219400752e-03,1.232137482812975700e-03,-7.839243473364127489e-04,5.324303539755798759e-02,1.472127057144410889e-02,1.617450040117172916e-01,4.478113070086537501e-02,7.812023277870395284e-04,1.333408769219400752e-03,1.232137482812975700e-03,-7.839243473364127489e-04
1.779999999999999916e-01,0.000000000000000000e+00,2.199029181508551159e-03,2.810924197119154568e-03,2.235499661191827150e-03,2.828804294859760607e-03,1.000000000000000000e+00,1.000000000000000000e+00,7.809698438903056811e-04,1.334106015300971912e-03,-4.649677934678000859e-04,1.394492163142110712e-03,5.353084530442052402e-02,1.413367914508347097e-02,1.621986035081973421e-01,4.292317323281166080e-02,7.809698438903056811e-04,1.334106015300971912e-03,-4.649677934678000859e-04,1.394492163142110712e-03
1.784999999999999920e-01,0.000000000000000000e+00,2.199833727168338127e-03,2.810532661709325489e-03,2.236096081531220060e-03,2.829124762030978818e-03,1.000000000000000000e+00,1.000000000000000000e+00,7.815861616222212699e-04,1.333714479891143050e-03,1.232635463831276926e-03,-7.830708196575218369e-04,5.327319868213226117e-02,1.474556746807323578e-02,1.618488045506110973e-01,4.486463913331740355e-02,7.815861616222212699e-04,1.333714479891143050e-03,1.232635463831276926e-03,-7.830708196575218369e-04
1.789999999999999925e-01,0.000000000000000000e+00,2.199531333698866511e-03,2.811230229069820036e-03,2.236703341712348130e-03,2.829445805005630608e-03,1.000000000000000000e+00,1.000000000000000000e+00,7.813545147852970184e-04,1.334412047251637163e-03,-4.632936738485455772e-04,1.395134720988424042e-03,5.355296288191288556e-02,1.415121282529282869e-02,1.622596355702494164e-01,4.297080313900506626e-02,7.813545147852970184e-04,1.334412047251637163e-03,-4.632936738485455772e-04,1.395134720988424042e-03
1.794999999999999929e-01,0.000000000000000000e+00,2.200335829936866071e-03,2.810838965916684709e-03,2.237321569199572906e-03,2.829767395036617093e-03,1.000000000000000000e+00,1.000000000000000000e+00,7.819707946579266969e-04,1.334020784098501836e-03,1.232559745259292905e-03,-7.825263062706624452e-04,5.328529070665314477e-02,1.475551914365200515e-02,1.618768449810749910e-01,4.488855443251097560e-02,7.819707946579266969e-04,1.334020784098501836e-03,1.232559745259292905e-03,-7.825263062706624452e-04
1.799999999999999933e-01,0.000000000000000000e+00,2.200033659453402585e-03,2.811536722179792860e-03,2.237950885963965655e-03,2.830089503075651925e-03,1.000000000000000000e+00,1.000000000000000000e+00,7.817393186381948675e-04,1.334718540361610204e-03,-4.629520394636721121e-04,1.395512526216935272e-03,5.356723658739233340e-02,1.416285155547056598e-02,1.623049277295775250e-01,4.300767114562894372e-02,7.817393186381948675e-04,1.334718540361610204e-03,-4.629520394636721121e-04,1.395512526216935272e-03
1.804999999999999938e-01,0.000000000000000000e+00,2.200838497679408635e-03,2.811145829785680408e-03,2.238591408227259133e-03,2.830412099775417127e-03,1.000000000000000000e+00,1.000000000000000000e+00,7.823558604888366380e-04,1.334327647967497536e-03,1.233083701283644489e-03,-7.817847882255349670e-04,5.331623019523087925e-02,1.478000381757436921e-02,1.619850952506858011e-01,4.497402797152312559e-02,7.823558604888366380e-04,1.334327647967497536e-03,1.233083701283644489e-03,-7.817847882255349670e-04
1.809999999999999942e-01,0.000000000000000000e+00,2.200537528952523948e-03,2.811843925909484568e-03,2.239243246205799807e-03,2.830735155491731058e-03,1.000000000000000000e+00,1.000000000000000000e+00,7.821253050680540943e-04,1.335025744091301913e-03,-4.611108415651030135e-04,1.396192247608782962e-03,5.359011919533641227e-02,1.418068342486158290e-02,1.623683565295814257e-01,4.305631480220873525e-02,7.821253050680540943e-04,1.335025744091301913e-03,-4.611108415651030135e-04,1.396192247608782962e-03
1.814999999999999947e-01,0.000000000000000000e+00,2.201342255498427332e-03,2.811453283959252161e-03,2.239906503854497462e-03,2.831058640285705977e-03,1.000000000000000000e+00,1.000000000000000000e+00,7.827417613667734392e-04,1.334635102141069722e-03,1.232912597438686917e-03,-7.812839004642116794e-04,5.332826044617799272e-02,1.478976973070492314e-02,1.620121923244284834e-01,4.499694851812958279e-02,7.827417613667734392e-04,1.334635102141069722e-03,1.232912597438686917e-03,-7.812839004642116794e-04
1.819999999999999951e-01,0.000000000000000000e+00,2.201041508012806670e-03,2.812151613433340729e-03,2.240581278610780450e-03,2.831382523925911679e-03,1.000000000000000000e+00,1.000000000000000000e+00,7.825113754266318968e-04,1.335333431615158073e-03,-4.607718802829873558e-04,1.396658948176911826e-03,5.360331499288040896e-02,1.419131033400855210e-02,1.624095137826070678e-01,4.308945004886717556e-02,7.825113754266318968e-04,1.335333431615158073e-03,-4.607718802829873558e-04,1.396658948176911826e-03
1.824999999999999956e-01,0.000000000000000000e+00,2.201846491223702698e-03,2.811761344823882416e-03,2.241267661138545732e-03,2.831706775890539124e-03,1.000000000000000000e+00,1.000000000000000000e+00,7.831280283421427745e-04,1.334943163005699977e-03,1.233305831021812857e-03,-7.805372189162401546e-04,5.336060828998796801e-02,1.481486423751901538e-02,1.621267633000523789e-01,4.508565641308796140e-02,7.831280283421427745e-04,1.334943163005699977e-03,1.233305831021812857e-03,-7.805372189162401546e-04
1.829999999999999960e-01,0.000000000000000000e+00,2.201546981731250519e-03,2.812460087881034181e-03,2.241965735072109361e-03,2.832031365369558872e-03,1.000000000000000000e+00,1.000000000000000000e+00,7.828985907597882810e-04,1.335641906062851741e-03,-4.588751647089496857e-04,1.397486114303391272e-03,5.362746611697823129e-02,1.420977367698166537e-02,1.624766961303882318e-01,4.314008895572143260e-02,7.828985907597882810e-04,1.335641906062851741e-03,-4.588751647089496857e-04,1.397486114303391272e-03
1.834999999999999964e-01,0.000000000000000000e+00,2.202351833210996254e-03,2.812070131262750950e-03,2.242675576760161729e-03,2.832356261266888615e-03,1.000000000000000000e+00,1.000000000000000000e+00,7.835151427633837247e-04,1.335251949444568294e-03,1.233104007190825250e-03,-7.799132365670928720e-04,5.337261082939842582e-02,1.482447096313054685e-02,1.621526536464488744e-01,4.510747260475766324e-02,7.835151427633837247e-04,1.335251949444568294e-03,1.233104007190825250e-03,-7.799132365670928720e-04
1.839999999999999969e-01,0.000000000000000000e+00,2.202052466460520733e-03,2.812769087886071370e-03,2.243397255009716741e-03,2.832681432202548144e-03,1.000000000000000000e+00,1.000000000000000000e+00,7.832858145277273769e-04,1.335950906067888497e-03,-4.586564713126037394e-04,1.397913246640190236e-03,5.363971448607873782e-02,1.421948639462492121e-02,1.625141340358797204e-01,4.316979266807530191e-02,7.832858145277273769e-04,1.335950906067888497e-03,-4.586564713126037394e-04,1.397913246640190236e-03
1.844999999999999973e-01,0.000000000000000000e+00,2.202857604228551647e-03,2.812379496079251296e-03,2.244130830830064465e-03,2.833006846514828612e-03,1.000000000000000000e+00,1.000000000000000000e+00,7.839025858408729414e-04,1.335561314261068640e-03,1.233542626291118591e-03,-7.791836136396583165e-04,5.340681813312680298e-02,1.485036694068432410e-02,1.622752788829709414e-01,4.520006621245224038e-02,7.839025858408729414e-04,1.335561314261068640e-03,1.233542626291118591e-03,-7.791836136396583165e-04
1.849999999999999978e-01,0.000000000000000000e+00,2.202559589703762151e-03,2.813078874707361336e-03,2.244876357176724211e-03,2.833332472262449671e-03,1.000000000000000000e+00,1.000000000000000000e+00,7.836742934701888428e-04,1.336260692889178463e-03,-4.565847413681692248e-04,1.398757256219686565e-03,5.366551632541545491e-02,1.423872840448042569e-02,1.625862322789369818e-01,4.322277871269475380e-02,7.836742934701888428e-04,1.336260692889178463e-03,-4.565847413681692248e-04,1.398757256219686565e-03
1.854999999999999982e-01,0.000000000000000000e+00,2.203364581421536107e-03,2.812689579620032687e-03,2.245633878695394575e-03,2.833658277226722665e-03,1.000000000000000000e+00,1.000000000000000000e+00,7.842909529023465347e-04,1.335871397801850248e-03,1.233318864315480472e-03,-7.785901746563271726e-04,5.341849680067992795e-02,1.485954387866087606e-02,1.622984906854310905e-01,4.521953540213136807e-02,7.842909529023465347e-04,1.335871397801850248e-03,1.233318864315480472e-03,-7.785901746563271726e-04
1.859999999999999987e-01,0.000000000000000000e+00,2.203066705105954579e-03,2.813389173865758937e-03,2.246403431465906955e-03,2.833984228913715570e-03,1.000000000000000000e+00,1.000000000000000000e+00,7.840627664060584919e-04,1.336570992047576498e-03,-4.563729925760730104e-04,1.399188491452432563e-03,5.367673059199482705e-02,1.424747163079996201e-02,1.626199268906006190e-01,4.324908590724179519e-02,7.840627664060584919e-04,1.336570992047576498e-03,-4.563729925760730104e-04,1.399188491452432563e-03
1.864999999999999991e-01,0.000000000000000000e+00,2.203871933806464487e-03,2.813000217374023691e-03,2.247185042746175157e-03,2.834310294556410120e-03,1.000000000000000000e+00,1.000000000000000000e+00,7.846796073775240757e-04,1.336182035555841035e-03,1.233681942931152357e-03,-7.779129834710398102e-04,5.345507012161085370e-02,1.488647702003204759e-02,1.624311476084343286e-01,4.531696206876984628e-02,7.846796073775240757e-04,1.336182035555841035e-03,1.233681942931152357e-03,-7.779129834710398102e-04
1.869999999999999996e-01,0.000000000000000000e+00,2.203575539619830742e-03,2.813700309644537149e-03,2.247978730716149350e-03,2.834636441116868480e-03,1.000000000000000000e+00,1.000000000000000000e+00,7.844525562578802966e-04,1.336882127826354277e-03,-4.541022392875796159e-04,1.400184541026424246e-03,5.370460895161834058e-02,1.426770564127088047e-02,1.626981749623965801e-01,4.330510454749639249e-02,7.844525562578802966e-04,1.336882127826354277e-03,-4.541022392875796159e-04,1.400184541026424246e-03
1.875000000000000000e-01,0.000000000000000000e+00,2.204380567262237325e-03,2.813311685572932822e-03,2.248784504221769572e-03,2.834962635288392537e-03,1.000000000000000000e+00,1.000000000000000000e+00,7.850692432099032813e-04,1.336493503754750166e-03,1.233373904045924991e-03,-7.772481432082134316e-04,5.346588622262460344e-02,1.489485354100132317e-02,1.624491923457918319e-01,4.533250658663417337e-02,7.850692432099032813e-04,1.336493503754750166e-03,1.233373904045924991e-03,-7.772481432082134316e-04
1.880000000000000004e-01,0.000000000000000000e+00,2.204084206931669100e-03,2.814011988003877439e-03,2.249602362518911443e-03,2.835288843497686673e-03,1.000000000000000000e+00,1.000000000000000000e+00,7.848422180255105194e-04,1.337193806185695000e-03,-4.540503687854846853e-04,1.400604861889652268e-03,5.371447689129694308e-02,1.427529327545796166e-02,1.627272928047385769e-01,4.332760240502827459e-02,7.848422180255105194e-04,1.337193806185695000e-03,-4.540503687854846853e-04,1.400604861889652268e-03
1.885000000000000009e-01,0.000000000000000000e+00,2.204889491486764289e-03,2.813623707563325978e-03,2.250432295017345749e-03,2.835615031907020092e-03,1.000000000000000000e+00,1.000000000000000000e+00,7.854591017840709339e-04,1.336805525745143105e-03,1.233767517120860219e-03,-7.765608811037111835e-04,5.350568368409700654e-02,1.492325844405680349e-02,1.625955361666265864e-01,4.543663989009243814e-02,7.854591017840709339e-04,1.336805525745143105e-03,1.233767517120860219e-03,-7.765608811037111835e-04
1.890000000000000013e-01,0.000000000000000000e+00,2.204594776872927792e-03,2.814324537780074371e-03,2.251274281024683716e-03,2.835941166416390026e-03,1.000000000000000000e+00,1.000000000000000000e+00,7.852333372918356104e-04,1.337506355961891715e-03,-4.515289844706971058e-04,1.401660433497364192e-03,5.374513386135222615e-02,1.429684196177931355e-02,1.628137120931011927e-01,4.338749601379222193e-02,7.852333372918356104e-04,1.337506355961891715e-03,-4.515289844706971058e-04,1.401660433497364192e-03
1.895000000000000018e-01,0.000000000000000000e+00,2.205399847674880190e-03,2.813936587872965540e-03,2.252128289490333991e-03,2.836267212665681027e-03,1.000000000000000000e+00,1.000000000000000000e+00,7.858500573059884519e-04,1.337118406054782884e-03,1.233440028305691051e-03,-7.758998142176000597e-04,5.351458693765692720e-02,1.493008981902671159e-02,1.626037697932108117e-01,4.544505967630784599e-02,7.858500573059884519e-04,1.337118406054782884e-03,1.233440028305691051e-03,-7.758998142176000597e-04
1.900000000000000022e-01,0.000000000000000000e+00,2.205105068172888080e-03,2.814637588298884909e-03,2.252994278749451823e-03,2.836593136036829037e-03,1.000000000000000000e+00,1.000000000000000000e+00,7.856242431065421248e-04,1.337819406480702253e-03,-4.516283988925649546e-04,1.402000851838678189e-03,5.375294728411911249e-02,1.430280346235875133e-02,1.628364039179807099e-01,4.340496318692620842e-02,7.856242431065421248e-04,1.337819406480702253e-03,-4.516283988925649546e-04,1.402000851838678189e-03
1.905000000000000027e-01,0.000000000000000000e+00,2.205910401088463819e-03,2.814249943737732931e-03,2.253872196266889540e-03,2.836918901655983288e-03,1.000000000000000000e+00,1.000000000000000000e+00,7.862411639113797181e-04,1.337431761919550275e-03,1.233841609675225513e-03,-7.752891223040034828e-04,5.355915459024700870e-02,1.496077175651190465e-02,1.627703974836798295e-01,4.555939144326769802e-02,7.862411639113797181e-04,1.337431761919550275e-03,1.233841609675225513e-03,-7.752891223040034828e-04
1.910000000000000031e-01,0.000000000000000000e+00,2.205617551616826429e-03,2.814951556223726364e-03,2.254761978381154396e-03,2.837244474395668632e-03,1.000000000000000000e+00,1.000000000000000000e+00,7.860168282009613204e-04,1.338133374405543492e-03,-4.486714208369025313e-04,1.403224971986519708e-03,5.378766570011228598e-02,1.432632891514107158e-02,1.629347543971085277e-01,4.347066255884499131e-02,7.860168282009613204e-04,1.338133374405543492e-03,-4.486714208369025313e-04,1.403224971986519708e-03
1.915000000000000036e-01,0.000000000000000000e+00,2.206422586476927770e-03,2.814564251901184675e-03,2.255663550048351684e-03,2.837569818876946141e-03,1.000000000000000000e+00,1.000000000000000000e+00,7.866335206820590075e-04,1.337746070083002019e-03,1.233384962195413969e-03,-7.746086450830442539e-04,5.356395175428936561e-02,1.496462152993211468e-02,1.627591491492992315e-01,4.555455256252795987e-02,7.866335206820590075e-04,1.337746070083002019e-03,1.233384962195413969e-03,-7.746086450830442539e-04
1.920000000000000040e-01,0.000000000000000000e+00,2.206129423311606937e-03,2.815265991864171480e-03,2.256576824586145179e-03,2.837894899471576741e-03,1.000000000000000000e+00,1.000000000000000000e+00,7.864089446683378542e-04,1.338447810045988824e-03,-4.491520274424087768e-04,1.403479925973749078e-03,5.379176655154268433e-02,1.432961586628475441e-02,1.629463317539647516e-01,4.348025120976225372e-02,7.864089446683378542e-04,1.338447810045988824e-03,-4.491520274424087768e-04,1.403479925973749078e-03
1.925000000000000044e-01,0.000000000000000000e+00,2.206934764101584762e-03,2.814878982409057574e-03,2.257501703417703291e-03,2.838219680304183978e-03,1.000000000000000000e+00,1.000000000000000000e+00,7.870258715053175726e-04,1.338060800590874918e-03,1.233853673959449697e-03,-7.740189102276233239e-04,5.367433623576736007e-02,1.485637907820322109e-02,1.631845917734202622e-01,4.513162333438571622e-02,7.870258715053175726e-04,1.338060800590874918e-03,1.233853673959449697e-03,-7.740189102276233239e-04
1.930000000000000049e-01,0.000000000000000000e+00,2.206646856988943826e-03,2.815576967439165426e-03,2.258438075815653000e-03,2.838544125254411580e-03,1.000000000000000000e+00,1.000000000000000000e+00,7.868053218615444827e-04,1.338758785620982987e-03,-4.410992875460981785e-04,1.395970060216138783e-03,5.389326223826054058e-02,1.421292478467580875e-02,1.632505283281904807e-01,4.311623520616317262e-02,7.868053218615444827e-04,1.338758785620982987e-03,-4.410992875460981785e-04,1.395970060216138783e-03
1.935000000000000053e-01,0.000000000000000000e+00,2.207455687526743530e-03,2.815181251465331564e-03,2.259385818646033380e-03,2.838868197959092728e-03,1.000000000000000000e+00,1.000000000000000000e+00,7.874249220004508150e-04,1.338363069647148908e-03,1.239200277812591488e-03,-7.914319476681952112e-04,5.367109545388520225e-02,1.485065497154998762e-02,1.630881863797467024e-01,4.520151857449546118e-02,7.874249220004508150e-04,1.338363069647148908e-03,1.239200277812591488e-03,-7.914319476681952112e-04
1.940000000000000058e-01,0.000000000000000000e+00,2.207178674687955422e-03,2.815880554129715409e-03,2.260344796112243038e-03,2.839191861814405454e-03,1.000000000000000000e+00,1.000000000000000000e+00,7.872127178546247262e-04,1.339062372311532753e-03,-4.244082916521115662e-04,1.398605328767682596e-03,5.389285917651698288e-02,1.421168010431525866e-02,1.632605440213038828e-01,4.311742108250293803e-02,7.872127178546247262e-04,1.339062372311532753e-03,-4.244082916521115662e-04,1.398605328767682596e-03
1.945000000000000062e-01,0.000000000000000000e+00,2.207977559006208800e-03,2.815481256214091496e-03,2.261314859498996226e-03,2.839515079978040604e-03,1.000000000000000000e+00,1.000000000000000000e+00,7.878246987473175051e-04,1.338663074395908840e-03,1.223961785385480148e-03,-7.985958312479676281e-04,5.382749814167184926e-02,1.462165879997278511e-02,1.636878979176907833e-01,4.431015679243261590e-02,7.878246987473175051e-04,1.338663074395908840e-03,1.223961785385480148e-03,-7.985958312479676281e-04
1.950000000000000067e-01,0.000000000000000000e+00,2.207708783615000645e-03,2.816181499509870165e-03,2.262295846916274195e-03,2.839837815371355507e-03,1.000000000000000000e+00,1.000000000000000000e+00,7.876188048524352617e-04,1.339363317691687509e-03,-4.117877897644570042e-04,1.400486591557362388e-03,5.404335391486286139e-02,1.397754613252066846e-02,1.637181645881470027e-01,4.240441828599121610e-02,7.876188048524352617e-04,1.339363317691687509e-03,-4.117877897644570042e-04,1.400486591557362388e-03
1.955000000000000071e-01,0.000000000000000000e+00,2.208507636784338111e-03,2.815772260630447152e-03,2.263287583043273928e-03,2.840160030681546707e-03,1.000000000000000000e+00,1.000000000000000000e+00,7.882307618836742122e-04,1.338954078812264713e-03,1.223914062477852093e-03,-8.184777588457095403e-04,5.382406504801987707e-02,1.461592921933368636e-02,1.635460683580339802e-01,4.447922531448505329e-02,7.882307618836742122e-04,1.338954078812264713e-03,1.223914062477852093e-03,-8.184777588457095403e-04
1.960000000000000075e-01,0.000000000000000000e+00,2.208249988186226226e-03,2.816476322871411947e-03,2.264289878872363833e-03,2.840481688363803627e-03,1.000000000000000000e+00,1.000000000000000000e+00,7.880333916068131073e-04,1.339658141053229291e-03,-3.947405537223142892e-04,1.408124481929186843e-03,5.404311642465291221e-02,1.397733494980608546e-02,1.637291756043388335e-01,4.241177406543582967e-02,7.880333916068131073e-04,1.339658141053229291e-03,-3.947405537223142892e-04,1.408124481929186843e-03
1.965000000000000080e-01,0.000000000000000000e+00,2.209036848003176519e-03,2.816065685192923641e-03,2.265302531453033778e-03,2.840802750643476975e-03,1.000000000000000000e+00,1.000000000000000000e+00,7.886361611971018934e-04,1.339247503374740985e-03,1.205539180577510673e-03,-8.212753569768176803e-04,5.397592112313498447e-02,1.438366771110878226e-02,1.641263247264347080e-01,4.357617762543335854e-02,7.886361611971018934e-04,1.339247503374740985e-03,1.205539180577510673e-03,-8.212753569768176803e-04
1.970000000000000084e-01,0.000000000000000000e+00,2.208784453802137022e-03,2.816771118752268467e-03,2.266325323635846010e-03,2.841123179518233698e-03,1.000000000000000000e+00,1.000000000000000000e+00,7.884428160219198334e-04,1.339952936934086028e-03,-3.866903503640891672e-04,1.410867118690040979e-03,5.418883639599446356e-02,1.373946170244948542e-02,1.641697202845155412e-01,4.168740713202120918e-02,7.884428160219198334e-04,1.339952936934086028e-03,-3.866903503640891672e-04,1.410867118690040979e-03
1.975000000000000089e-01,0.000000000000000000e+00,2.209573200017546628e-03,2.816352111624568361e-03,2.267358023816389533e-03,2.841442936760224525e-03,1.000000000000000000e+00,1.000000000000000000e+00,7.890470306772654928e-04,1.339533929806385705e-03,1.208429310691293453e-03,-8.380142554007142391e-04,5.397352105677471340e-02,1.437896241901877141e-02,1.639941346043153336e-01,4.375376792929464020e-02,7.890470306772654928e-04,1.339533929806385705e-03,1.208429310691293453e-03,-8.380142554007142391e-04
1.980000000000000093e-01,0.000000000000000000e+00,2.209330938300797971e-03,2.817059201473614063e-03,2.268400385679232752e-03,2.841761983918248032e-03,1.000000000000000000e+00,1.000000000000000000e+00,7.888614474353695385e-04,1.340241019655431408e-03,-3.711664837918742139e-04,1.414179698091620318e-03,5.418888856181130337e-02,1.373882533663757684e-02,1.641801698799318365e-01,4.169037706478258276e-02,7.888614474353695385e-04,1.340241019655431408e-03,-3.711664837918742139e-04,1.414179698091620318e-03
1.985000000000000098e-01,0.000000000000000000e+00,2.210109880979682032e-03,2.816637746736122896e-03,2.269452147941866151e-03,2.842080282319901265e-03,1.000000000000000000e+00,1.000000000000000000e+00,7.894581521460371318e-04,1.339819564917940240e-03,1.193409421335280994e-03,-8.429094749824819245e-04,5.411219735255119734e-02,1.415843711112081509e-02,1.645247296915222091e-01,4.289576049422742093e-02,7.894581521460371318e-04,1.339819564917940240e-03,1.193409421335280994e-03,-8.429094749824819245e-04
1.990000000000000102e-01,0.000000000000000000e+00,2.209874466190103574e-03,2.817345510082957822e-03,2.270513034098670113e-03,2.842397793073757253e-03,1.000000000000000000e+00,1.000000000000000000e+00,7.892778139546526061e-04,1.340527328264775166e-03,-3.606763827690040881e-04,1.415526693669814148e-03,5.432206859346726258e-02,1.351348105469049599e-02,1.645845532594463201e-01,4.100404942558752430e-02,7.892778139546526061e-04,1.340527328264775166e-03,-3.606763827690040881e-04,1.415526693669814148e-03
1.995000000000000107e-01,0.000000000000000000e+00,2.210653658957997467e-03,2.816915090161509899e-03,2.271582752164853260e-03,2.842714477071516498e-03,1.000000000000000000e+00,1.000000000000000000e+00,7.898747102446160295e-04,1.340096908343327026e-03,1.193792579926784706e-03,-8.608398428960697436e-04,5.410978223995389913e-02,1.415376350358724632e-02,1.644018620513557072e-01,4.306226595443477662e-02,7.898747102446160295e-04,1.340096908343327026e-03,1.193792579926784706e-03,-8.608398428960697436e-04
2.000000000000000111e-01,0.000000000000000000e+00,2.210428676483815538e-03,2.817625549007212338e-03,2.272660994420409430e-03,2.843030294990172777e-03,1.000000000000000000e+00,1.000000000000000000e+00,7.897023636704696972e-04,1.340807367189029682e-03,-3.446931482926345481e-04,1.420917691405366393e-03,5.432231804374497430e-02,1.351333033872008198e-02,1.645960244774318793e-01,4.100977227440010670e-02,7.897023636704696972e-04,1.340807367189029682e-03,-3.446931482926345481e-04,1.420917691405366393e-03
2.005000000000000115e-01,0.000000000000000000e+00,2.211197084863831056e-03,2.817193700286129820e-03,2.273747437154070329e-03,2.843345207294173740e-03,1.000000000000000000e+00,1.000000000000000000e+00,7.902909986400269253e-04,1.340375518467947164e-03,1.177269939114359946e-03,-8.636974421652472006e-04,5.423950278618348136e-02,1.393948615704450680e-02,1.648967140318318148e-01,4.222898521788768372e-02,7.902909986400269253e-04,1.340375518467947164e-03,1.177269939114359946e-03,-8.636974421652472006e-04
2.010000000000000120e-01,0.000000000000000000e+00,2.210977392622524157e-03,2.817905383608820813e-03,2.274841740407255140e-03,2.843659174237584547e-03,1.000000000000000000e+00,1.000000000000000000e+00,7.901227046193772582e-04,1.341087201790638157e-03,-3.365880412993665655e-04,1.423366645382078636e-03,5.444669725202511135e-02,1.329439346917133009e-02,1.649726141002157975e-01,4.034346913078753344e-02,7.901227046193772582e-04,1.341087201790638157e-03,-3.365880412993665655e-04,1.423366645382078636e-03
2.015000000000000124e-01,0.000000000000000000e+00,2.211746599938196021e-03,2.817465908802590374e-03,2.275943547718025772e-03,2.843972155866248894e-03,1.000000000000000000e+00,1.000000000000000000e+00,7.907119516091544714e-04,1.340647726984407501e-03,1.178493979554459756e-03,-8.789496124615003153e-04,5.423784830208872726e-02,1.393573461941397668e-02,1.647847573981803815e-01,4.239475374244400935e-02,7.907119516091544714e-04,1.340647726984407501e-03,1.178493979554459756e-03,-8.789496124615003153e-04
2.020000000000000129e-01,0.000000000000000000e+00,2.211536036880657873e-03,2.818179250383728157e-03,2.277052485866070362e-03,2.844284112020421893e-03,1.000000000000000000e+00,1.000000000000000000e+00,7.905506509490009721e-04,1.341361068565545284e-03,-3.226013203069615608e-04,1.426683162275675740e-03,5.444714723971082193e-02,1.329419442646462453e-02,1.649831604594925449e-01,4.034732498899513270e-02,7.905506509490009721e-04,1.341361068565545284e-03,-3.226013203069615608e-04,1.426683162275675740e-03
2.025000000000000133e-01,0.000000000000000000e+00,2.212296164415510601e-03,2.817738174362620016e-03,2.278168164710582533e-03,2.844595002379489077e-03,1.000000000000000000e+00,1.000000000000000000e+00,7.911329424231364378e-04,1.340919992544437143e-03,1.164582948270934809e-03,-8.821520422162766779e-04,5.435642442470917102e-02,1.373264716381083009e-02,1.652375362239450196e-01,4.160482369485580395e-02,7.911329424231364378e-04,1.340919992544437143e-03,1.164582948270934809e-03,-8.821520422162766779e-04
2.030000000000000138e-01,0.000000000000000000e+00,2.212091265993169562e-03,2.818451979845240131e-03,2.279290177483221918e-03,2.844904786712902384e-03,1.000000000000000000e+00,1.000000000000000000e+00,7.909759811252985943e-04,1.341633798027057475e-03,-3.139225956755923013e-04,1.427610965240849652e-03,5.456077441571145770e-02,1.308678797965661007e-02,1.653278093210668875e-01,3.971559552372256469e-02,7.909759811252985943e-04,1.341633798027057475e-03,-3.139225956755923013e-04,1.427610965240849652e-03
2.035000000000000142e-01,0.000000000000000000e+00,2.212851692060040839e-03,2.818003015291208752e-03,2.280418101413595171e-03,2.845213425281786432e-03,1.000000000000000000e+00,1.000000000000000000e+00,7.915585012882279817e-04,1.341184833473025879e-03,1.165040325858723467e-03,-8.979291080629804404e-04,5.435486227504186113e-02,1.372893353315620714e-02,1.651347118943031211e-01,4.176067063107828659e-02,7.915585012882279817e-04,1.341184833473025879e-03,1.165040325858723467e-03,-8.979291080629804404e-04
2.040000000000000147e-01,0.000000000000000000e+00,2.212656187386330756e-03,2.818718679353644958e-03,2.281551498386102071e-03,2.845520879254754328e-03,1.000000000000000000e+00,1.000000000000000000e+00,7.914087360193285559e-04,1.341900497535462519e-03,-2.995305377988238121e-04,1.431328124873378939e-03,5.456144251019953706e-02,1.308676615826698253e-02,1.653393379693998133e-01,3.972027959397424896e-02,7.914087360193285559e-04,1.341900497535462519e-03,-2.995305377988238121e-04,1.431328124873378939e-03
2.045000000000000151e-01,0.000000000000000000e+00,2.213407136220639070e-03,2.818268420952361585e-03,2.282689915596828462e-03,2.845827111123752987e-03,1.000000000000000000e+00,1.000000000000000000e+00,7.919839962009172325e-04,1.341450239134178929e-03,1.150520363177384145e-03,-9.005168025672501478e-04,5.446255721009897466e-02,1.353835641171841422e-02,1.655447241175965201e-01,4.101943956420152360e-02,7.919839962009172325e-04,1.341450239134178929e-03,1.150520363177384145e-03,-9.005168025672501478e-04
2.050000000000000155e-01,0.000000000000000000e+00,2.213216576182560919e-03,2.818985146551808863e-03,2.283832886210417513e-03,2.846132085119887616e-03,1.000000000000000000e+00,1.000000000000000000e+00,7.918380187426668189e-04,1.342166964733626207e-03,-2.919549165008303911e-04,1.433451198894610933e-03,5.466458474042529270e-02,1.289237749828967688e-02,1.656519731518932836e-01,3.912894126494533692e-02,7.918380187426668189e-04,1.342166964733626207e-03,-2.919549165008303911e-04,1.433451198894610933e-03
2.055000000000000160e-01,0.000000000000000000e+00,2.213967606970768196e-03,2.818528245627984798e-03,2.284979930016963097e-03,2.846435767629270069e-03,1.000000000000000000e+00,1.000000000000000000e+00,7.924133417045843911e-04,1.341710063809802359e-03,1.150645923835126507e-03,-9.138018476478222685e-04,5.446153392497189716e-02,1.353546847473652628e-02,1.654527679043872324e-01,4.116845218879692375e-02,7.924133417045843911e-04,1.341710063809802359e-03,1.150645923835126507e-03,-9.138018476478222685e-04
2.060000000000000164e-01,0.000000000000000000e+00,2.213784986962623498e-03,2.819246476652867862e-03,2.286130554088879746e-03,2.846738127608838993e-03,1.000000000000000000e+00,1.000000000000000000e+00,7.922734466621427331e-04,1.342428294834685206e-03,-2.797900848833421387e-04,1.436462049765852358e-03,5.466539457675101410e-02,1.289252126474289308e-02,1.656624160710881422e-01,3.913325979816149186e-02,7.922734466621427331e-04,1.342428294834685206e-03,-2.797900848833421387e-04,1.436462049765852358e-03
2.065000000000000169e-01,0.000000000000000000e+00,2.214528016714620469e-03,2.818788603941406457e-03,2.287284253437797329e-03,2.847039137002210785e-03,1.000000000000000000e+00,1.000000000000000000e+00,7.928426404747321516e-04,1.341970422123224017e-03,1.138387625178936434e-03,-9.157454229225215833e-04,5.455917263409613971e-02,1.335714345432136886e-02,1.658247985482085574e-01,4.047493978101637802e-02,7.928426404747321516e-04,1.341970422123224017e-03,1.138387625178936434e-03,-9.157454229225215833e-04
2.070000000000000173e-01,0.000000000000000000e+00,2.214349971314264701e-03,2.819507166263217346e-03,2.288440511671435782e-03,2.847338771155504510e-03,1.000000000000000000e+00,1.000000000000000000e+00,7.927062497851667354e-04,1.342688984445034690e-03,-2.727813791308728985e-04,1.437124643621502142e-03,5.475872847336019089e-02,1.271048601133768427e-02,1.659452442302502828e-01,3.857881066321762475e-02,7.927062497851667354e-04,1.342688984445034690e-03,-2.727813791308728985e-04,1.437124643621502142e-03
2.075000000000000178e-01,0.000000000000000000e+00,2.215093255915647624e-03,2.819042616810764259e-03,2.289598801650485904e-03,2.847637009233177242e-03,1.000000000000000000e+00,1.000000000000000000e+00,7.932756388237117810e-04,1.342224434992581603e-03,1.138778077090150465e-03,-9.290989049059580548e-04,5.455831689841855736e-02,1.335431759391206286e-02,1.657420059146008651e-01,4.061361844419685702e-02,7.932756388237117810e-04,1.342224434992581603e-03,1.138778077090150465e-03,-9.290989049059580548e-04
2.080000000000000182e-01,0.000000000000000000e+00,2.214923274531136257e-03,2.819762406509847448e-03,2.290758586145500569e-03,2.847933834633870238e-03,1.000000000000000000e+00,1.000000000000000000e+00,7.931454255286734785e-04,1.342944224691664792e-03,-2.604265900765143603e-04,1.439579398166541263e-03,5.475978967067574033e-02,1.271065470290641888e-02,1.659566206364238572e-01,3.858293384459427627e-02,7.931454255286734785e-04,1.342944224691664792e-03,-2.604265900765143603e-04,1.439579398166541263e-03
2.084999999999999909e-01,0.000000000000000000e+00,2.215658548005459277e-03,2.819296773514407689e-03,2.291919318493764249e-03,2.848229235406228230e-03,1.000000000000000000e+00,1.000000000000000000e+00,7.937086776878513224e-04,1.342478591696225250e-03,1.126504318355683572e-03,-9.312659908792173501e-04,5.464439375828198525e-02,1.319284166297738335e-02,1.660689115217627854e-01,3.998542477400349876e-02,7.937086776878513224e-04,1.342478591696225250e-03,1.126504318355683572e-03,-9.312659908792173501e-04
2.089999999999999913e-01,0.000000000000000000e+00,2.215492898114195322e-03,2.820017459415323675e-03,2.293080443256188990e-03,2.848523204664749932e-03,1.000000000000000000e+00,1.000000000000000000e+00,7.935817825091450632e-04,1.343199277597141019e-03,-2.537903574126095397e-04,1.441371801831661283e-03,5.484210371238945614e-02,1.254614529381985200e-02,1.662063246111643022e-01,3.808265163372799578e-02,7.935817825091450632e-04,1.343199277597141019e-03,-2.537903574126095397e-04,1.441371801831661283e-03
2.094999999999999918e-01,0.000000000000000000e+00,2.216227825165820522e-03,2.819546333577665521e-03,2.294241396874184373e-03,2.848815741005612974e-03,1.000000000000000000e+00,1.000000000000000000e+00,7.941447692931403578e-04,1.342728151759483082e-03,1.125973567990481853e-03,-9.422516753158096357e-04,5.464390383878545143e-02,1.319074526953278176e-02,1.659964603196162070e-01,4.011299363922864875e-02,7.941447692931403578e-04,1.342728151759483082e-03,1.125973567990481853e-03,-9.422516753158096357e-04
2.099999999999999922e-01,0.000000000000000000e+00,2.216068759956208497e-03,2.820268299873182616e-03,2.295401608326549155e-03,2.849106848922516172e-03,1.000000000000000000e+00,1.000000000000000000e+00,7.940229182732237581e-04,1.343450118054999743e-03,-2.437020398331601456e-04,1.443932591033494049e-03,5.484330290679442776e-02,1.254661032470978828e-02,1.662167277439757507e-01,3.808734858166165638e-02,7.940229182732237581e-04,1.343450118054999743e-03,-2.437020398331601456e-04,1.443932591033494049e-03
2.104999999999999927e-01,0.000000000000000000e+00,2.216797018033309606e-03,2.819796658649603889e-03,2.296560499786345563e-03,2.849396539222508358e-03,1.000000000000000000e+00,1.000000000000000000e+00,7.945807963263433254e-04,1.342978476831421450e-03,1.115756106239027641e-03,-9.432824471564816952e-04,5.472032407541930349e-02,1.304373258361093794e-02,1.662868310108036041e-01,3.954120602111858146e-02,7.945807963263433254e-04,1.342978476831421450e-03,1.115756106239027641e-03,-9.432824471564816952e-04
2.109999999999999931e-01,0.000000000000000000e+00,2.216641468792852725e-03,2.820518902330021623e-03,2.297717487277791369e-03,2.849684829441833690e-03,1.000000000000000000e+00,1.000000000000000000e+00,7.944616386950602684e-04,1.343700720511838967e-03,-2.383152625660800005e-04,1.444487360835004178e-03,5.491614882413897031e-02,1.239657518944747676e-02,1.664372443780200161e-01,3.763040056644074288e-02,7.944616386950602684e-04,1.343700720511838967e-03,-2.383152625660800005e-04,1.444487360835004178e-03
2.114999999999999936e-01,0.000000000000000000e+00,2.217369915498235665e-03,2.820041950491723216e-03,2.298871981333131150e-03,2.849971744261754411e-03,1.000000000000000000e+00,1.000000000000000000e+00,7.950196612458270817e-04,1.343223768673540344e-03,1.116045101533564080e-03,-9.539036765974506782e-04,5.472005711483640678e-02,1.304175550675067997e-02,1.662237611754756594e-01,3.965703889917514269e-02,7.950196612458270817e-04,1.343223768673540344e-03,1.116045101533564080e-03,-9.539036765974506782e-04
2.119999999999999940e-01,0.000000000000000000e+00,2.217220836479783658e-03,2.820764950950781138e-03,2.300023387649524458e-03,2.850257315924394422e-03,1.000000000000000000e+00,1.000000000000000000e+00,7.949054600921563697e-04,1.343946769132598482e-03,-2.284023073414350163e-04,1.446000918116297201e-03,5.491765036048333604e-02,1.239702190265924361e-02,1.664485387641232439e-01,3.763447413611741010e-02,7.949054600921563697e-04,1.343946769132598482e-03,-2.284023073414350163e-04,1.446000918116297201e-03
2.124999999999999944e-01,0.000000000000000000e+00,2.217942930351719365e-03,2.820287158074145668e-03,2.301171107745928358e-03,2.850541584648574184e-03,1.000000000000000000e+00,1.000000000000000000e+00,7.954586160901629078e-04,1.343468976255963012e-03,1.106311996013017085e-03,-9.555857532710649964e-04,5.478459511072841098e-02,1.291519787999794583e-02,1.664679829710829506e-01,3.916442731340850913e-02,7.954586160901629078e-04,1.343468976255963012e-03,1.106311996013017085e-03,-9.555857532710649964e-04
2.129999999999999949e-01,0.000000000000000000e+00,2.217797340095544259e-03,2.821010909537038664e-03,2.302314539619981261e-03,2.850824599045647355e-03,1.000000000000000000e+00,1.000000000000000000e+00,7.953470874834475289e-04,1.344192727718856008e-03,-2.230572134308025749e-04,1.447502925785863152e-03,5.497924022246735570e-02,1.226818091838930910e-02,1.666354620870466041e-01,3.724278271013523045e-02,7.953470874834475289e-04,1.344192727718856008e-03,-2.230572134308025749e-04,1.447502925785863152e-03
2.134999999999999953e-01,0.000000000000000000e+00,2.218518889089339530e-03,2.820528943764529298e-03,2.303453078404878521e-03,2.851106416535329185e-03,1.000000000000000000e+00,1.000000000000000000e+00,7.958998260805826052e-04,1.343710761946346859e-03,1.105477194270226534e-03,-9.639315450184465089e-04,5.478457466665474090e-02,1.291386878553840885e-02,1.664148858924119345e-01,3.926566272608640606e-02,7.958998260805826052e-04,1.343710761946346859e-03,1.105477194270226534e-03,-9.639315450184465089e-04
2.139999999999999958e-01,0.000000000000000000e+00,2.218378321034900937e-03,2.821253712970456240e-03,2.304586117026259737e-03,2.851387103761538790e-03,1.000000000000000000e+00,1.000000000000000000e+00,7.957921447036001494e-04,1.344435531152273801e-03,-2.153627539649100118e-04,1.449538411853996435e-03,5.498093721510080578e-02,1.226901236306166681e-02,1.666461335291921364e-01,3.724802175504286078e-02,7.957921447036001494e-04,1.344435531152273801e-03,-2.153627539649100118e-04,1.449538411853996435e-03
2.144999999999999962e-01,0.000000000000000000e+00,2.219094783892969647e-03,2.820771555554387779e-03,2.305713046859090426e-03,2.851666737008231450e-03,1.000000000000000000e+00,1.000000000000000000e+00,7.963409870947246250e-04,1.343953373736205123e-03,1.097684782248908907e-03,-9.643148321375207520e-04,5.483913113887686763e-02,1.280518601899799727e-02,1.666212008682128320e-01,3.884270116590787109e-02,7.963409870947246250e-04,1.343953373736205123e-03,1.097684782248908907e-03,-9.643148321375207520e-04
2.149999999999999967e-01,0.000000000000000000e+00,2.218956640016346571e-03,2.821496615324268261e-03,2.306833258384543249e-03,2.851945402615236116e-03,1.000000000000000000e+00,1.000000000000000000e+00,7.962351627456865652e-04,1.344678433506085605e-03,-2.116486980761162710e-04,1.450119539761070189e-03,5.503275087323801495e-02,1.215807591038411961e-02,1.668027488760654153e-01,3.691021034652555016e-02,7.962351627456865652e-04,1.344678433506085605e-03,-2.116486980761162710e-04,1.450119539761070189e-03
2.154999999999999971e-01,0.000000000000000000e+00,2.219673241635189420e-03,2.821010709019427468e-03,2.307946141846884455e-03,2.852223197394089874e-03,1.000000000000000000e+00,1.000000000000000000e+00,7.967841114337313084e-04,1.344192527201244812e-03,1.097897376089380147e-03,-9.718126096817220581e-04,5.483937254393637939e-02,1.280406581880449632e-02,1.665780194099995282e-01,3.892982816993074274e-02,7.967841114337313084e-04,1.344192527201244812e-03,1.097897376089380147e-03,-9.718126096817220581e-04
2.159999999999999976e-01,0.000000000000000000e+00,2.219539689528831142e-03,2.821736174071704135e-03,2.309051087910347737e-03,2.852500229043872411e-03,1.000000000000000000e+00,1.000000000000000000e+00,7.966818045847885894e-04,1.344917992253521263e-03,-2.046136978854340947e-04,1.450930104552800894e-03,5.503482825418307828e-02,1.215892954121548450e-02,1.668143258263022344e-01,3.691483042858971497e-02,7.966818045847885894e-04,1.344917992253521263e-03,-2.046136978854340947e-04,1.450930104552800894e-03
2.164999999999999980e-01,0.000000000000000000e+00,2.220251845028838045e-03,2.821249682678754304e-03,2.310147488316022842e-03,2.852776616567041790e-03,1.000000000000000000e+00,1.000000000000000000e+00,7.972273473482052817e-04,1.344431500860571865e-03,1.091085526833386696e-03,-9.729827858989664041e-04,5.488147570001977033e-02,1.271966651015296254e-02,1.667361630491200897e-01,3.860081795510820341e-02,7.972273473482052817e-04,1.344431500860571865e-03,1.091085526833386696e-03,-9.729827858989664041e-04
2.169999999999999984e-01,0.000000000000000000e+00,2.220120702474381088e-03,2.821975793799987552e-03,2.311234736538737237e-03,2.853052490685270646e-03,1.000000000000000000e+00,1.000000000000000000e+00,7.971268863231073531e-04,1.345157611981805112e-03,-2.009220501957913966e-04,1.452222242466450972e-03,5.507486639449763605e-02,1.207302586250971581e-02,1.669358281299267444e-01,3.665381377052343709e-02,7.971268863231073531e-04,1.345157611981805112e-03,-2.009220501957913966e-04,1.452222242466450972e-03
2.174999999999999989e-01,0.000000000000000000e+00,2.220832295257053890e-03,2.821486680684491197e-03,2.312312228443936472e-03,2.853327994255281958e-03,1.000000000000000000e+00,1.000000000000000000e+00,7.976719980200375031e-04,1.344668498866308324e-03,1.090223393860246907e-03,-9.782262309935996908e-04,5.488189719326325156e-02,1.271914406334303908e-02,1.667031657210108486e-01,3.866986646443595910e-02,7.976719980200375031e-04,1.344668498866308324e-03,1.090223393860246907e-03,-9.782262309935996908e-04
2.179999999999999993e-01,0.000000000000000000e+00,2.220704312792930006e-03,2.822213520214170851e-03,2.313379362944568019e-03,2.853603282684681781e-03,1.000000000000000000e+00,1.000000000000000000e+00,7.975739577645786808e-04,1.345395338395987978e-03,-1.960805109177234454e-04,1.453679059359339314e-03,5.507725941378155410e-02,1.207434053929382425e-02,1.669473188106019856e-01,3.665999205360149366e-02,7.975739577645786808e-04,1.345395338395987978e-03,-1.960805109177234454e-04,1.453679059359339314e-03
2.184999999999999998e-01,0.000000000000000000e+00,2.221412721068416647e-03,2.821724449323715668e-03,2.314435542657962072e-03,2.853878524347800219e-03,1.000000000000000000e+00,1.000000000000000000e+00,7.981166299874745953e-04,1.344906267505533229e-03,1.085344445791740567e-03,-9.781417809094647767e-04,5.491282029176009633e-02,1.265743580986402120e-02,1.668186411319315943e-01,3.842912660056169855e-02,7.981166299874745953e-04,1.344906267505533229e-03,1.085344445791740567e-03,-9.781417809094647767e-04
2.190000000000000002e-01,0.000000000000000000e+00,2.221285952337296189e-03,2.822451643252036832e-03,2.315480174562715380e-03,2.854153901001518084e-03,1.000000000000000000e+00,1.000000000000000000e+00,7.980195195054386311e-04,1.345633461433853959e-03,-1.942209640719745351e-04,1.454387856641265429e-03,5.510640588227912195e-02,1.201125692734772779e-02,1.670350979989792539e-01,3.646797945272418906e-02,7.980195195054386311e-04,1.345633461433853959e-03,-1.942209640719745351e-04,1.454387856641265429e-03
2.195000000000000007e-01,0.000000000000000000e+00,2.221994487845897065e-03,2.821960655335246232e-03,2.316512670655572481e-03,2.854429608201112644e-03,1.000000000000000000e+00,1.000000000000000000e+00,7.985622891945547532e-04,1.345142473517063576e-03,1.085539378232311739e-03,-9.819758335805543574e-04,5.491352960633388847e-02,1.265724110888373326e-02,1.667966176288649127e-01,3.848057351477572607e-02,7.985622891945547532e-04,1.345142473517063576e-03,1.085539378232311739e-03,-9.819758335805543574e-04
2.200000000000000011e-01,0.000000000000000000e+00,2.221870074005656125e-03,2.822687973590483346e-03,2.317532448608307372e-03,2.854705855716084713e-03,1.000000000000000000e+00,1.000000000000000000e+00,7.984669826635910775e-04,1.345869791772300907e-03,-1.906130619273344214e-04,1.454636510474833447e-03,5.510929859528605756e-02,1.201270610146912970e-02,1.670476321344655790e-01,3.647388069976395530e-02,7.984669826635910775e-04,1.345869791772300907e-03,-1.906130619273344214e-04,1.454636510474833447e-03
2.205000000000000016e-01,0.000000000000000000e+00,2.222576413171592404e-03,2.822196668105888661e-03,2.318538932424607773e-03,2.854982867945998759e-03,1.000000000000000000e+00,1.000000000000000000e+00,7.990080698566139061e-04,1.345378486287706005e-03,1.082174386045690623e-03,-9.826109691897324562e-04,5.493065512309427967e-02,1.262465954042739716e-02,1.668588808709397242e-01,3.835252751489404144e-02,7.990080698566139061e-04,1.345378486287706005e-03,1.082174386045690623e-03,-9.826109691897324562e-04
2.210000000000000020e-01,0.000000000000000000e+00,2.222453051740970117e-03,2.822924579972975988e-03,2.319531553096955065e-03,2.855260884336315204e-03,1.000000000000000000e+00,1.000000000000000000e+00,7.989135695181905821e-04,1.346106398154793115e-03,-1.890006768466814986e-04,1.455823734174095836e-03,5.512537188031362695e-02,1.197950338612680660e-02,1.670962874407704024e-01,3.637325681283638812e-02,7.989135695181905821e-04,1.346106398154793115e-03,-1.890006768466814986e-04,1.455823734174095836e-03
2.215000000000000024e-01,0.000000000000000000e+00,2.223158941623973924e-03,2.822432542063725222e-03,2.320509749263508989e-03,2.855540159794228792e-03,1.000000000000000000e+00,1.000000000000000000e+00,7.994543125405194047e-04,1.345614360245542566e-03,1.081486044657655604e-03,-9.840758185011978625e-04,5.493152442073442193e-02,1.262505969618704302e-02,1.668481722886024643e-01,3.838179543738624855e-02,7.994543125405194047e-04,1.345614360245542566e-03,1.081486044657655604e-03,-9.840758185011978625e-04
2.220000000000000029e-01,0.000000000000000000e+00,2.223036440964233727e-03,2.823160858019731993e-03,2.321472967864986713e-03,2.855820965104503492e-03,1.000000000000000000e+00,1.000000000000000000e+00,7.993604715908471468e-04,1.346342676201549337e-03,-1.876818993445342632e-04,1.456631912013563093e-03,5.512876317006112914e-02,1.198150759829059477e-02,1.671094124201983888e-01,3.638104646785814827e-02,7.993604715908471468e-04,1.346342676201549337e-03,-1.876818993445342632e-04,1.456631912013563093e-03
2.225000000000000033e-01,0.000000000000000000e+00,2.223741490050956844e-03,2.822669056740139803e-03,2.322420664801548400e-03,2.856103587345303930e-03,1.000000000000000000e+00,1.000000000000000000e+00,7.999005705258573334e-04,1.345850874921957147e-03,1.080197870020304469e-03,-9.836025591844991395e-04,5.493510278597014962e-02,1.262164401387720278e-02,1.668584941486875584e-01,3.836702270562006301e-02,7.999005705258573334e-04,1.345850874921957147e-03,1.080197870020304469e-03,-9.836025591844991395e-04
2.230000000000000038e-01,0.000000000000000000e+00,2.223618761930694875e-03,2.823397822535829004e-03,2.323352305589677577e-03,2.856388330304037229e-03,1.000000000000000000e+00,1.000000000000000000e+00,7.998065553313162164e-04,1.346579640717646348e-03,-1.880303890823367165e-04,1.457531591378404771e-03,5.513171561647679103e-02,1.197776322039921168e-02,1.671176399732139939e-01,3.636980733335972577e-02,7.998065553313162164e-04,1.346579640717646348e-03,-1.880303890823367165e-04,1.457531591378404771e-03
2.235000000000000042e-01,0.000000000000000000e+00,2.224323966882149270e-03,2.822906320846730287e-03,2.324267366019063669e-03,2.856675514893184439e-03,1.000000000000000000e+00,1.000000000000000000e+00,8.003467736656379129e-04,1.346088139028547848e-03,1.080436668643341373e-03,-9.830033781970150264e-04,5.493627805928560232e-02,1.262252069260381623e-02,1.668606642343044011e-01,3.837388154449011823e-02,8.003467736656379129e-04,1.346088139028547848e-03,1.080436668643341373e-03,-9.830033781970150264e-04
2.240000000000000047e-01,0.000000000000000000e+00,2.224200868103974951e-03,2.823634936373592592e-03,2.325165332809483662e-03,2.856965479566135439e-03,1.000000000000000000e+00,1.000000000000000000e+00,8.002524745306630223e-04,1.346816754555410153e-03,-1.885982699497139488e-04,1.457231053724722825e-03,5.513578264946977087e-02,1.198008611553951289e-02,1.671321317655990457e-01,3.637795103105442157e-02,8.002524745306630223e-04,1.346816754555410153e-03,-1.885982699497139488e-04,1.457231053724722825e-03
2.245000000000000051e-01,0.000000000000000000e+00,2.224906609466925297e-03,2.823143414960745633e-03,2.326045704267687246e-03,2.857258580733026444e-03,1.000000000000000000e+00,1.000000000000000000e+00,8.007931037800298732e-04,1.346325233142562760e-03,1.081258498733785696e-03,-9.830428256946588568e-04,5.493513120668407079e-02,1.262197492589886734e-02,1.668531723924141508e-01,3.836976204338917590e-02,8.007931037800298732e-04,1.346325233142562760e-03,1.081258498733785696e-03,-9.830428256946588568e-04
2.250000000000000056e-01,0.000000000000000000e+00,2.224783441796999300e-03,2.823871598094133614e-03,2.326907990944274141e-03,2.857555193176574467e-03,1.000000000000000000e+00,1.000000000000000000e+00,8.006987518709112036e-04,1.347053416275951175e-03,-1.887038182374360575e-04,1.456366266776840373e-03,5.513499498291635909e-02,1.197965429582781120e-02,1.671299960187318245e-01,3.637636797063881905e-02,8.006987518709112036e-04,1.347053416275951175e-03,-1.887038182374360575e-04,1.456366266776840373e-03
2.255000000000000060e-01,0.000000000000000000e+00,2.225489279767314116e-03,2.823379663412051849e-03,2.327751716290580100e-03,2.857855710467913958e-03,1.000000000000000000e+00,1.000000000000000000e+00,8.012394551258134783e-04,1.346561481593868976e-03,1.081406509804590070e-03,-9.838693641642513345e-04,5.493610338051502229e-02,1.262247936867862651e-02,1.668576985497411957e-01,3.837173428595379299e-02,8.012394551258134783e-04,1.346561481593868976e-03,1.081406509804590070e-03,-9.838693641642513345e-04
2.260000000000000064e-01,0.000000000000000000e+00,2.225366613260989189e-03,2.824107816424263444e-03,2.328576417315559449e-03,2.858160545382428669e-03,1.000000000000000000e+00,1.000000000000000000e+00,8.011454871302863727e-04,1.347289634606080788e-03,-1.879359910542497021e-04,1.456306024423698400e-03,5.514021546288278008e-02,1.198255260007976414e-02,1.671498461732540408e-01,3.638716746867504820e-02,8.011454871302863727e-04,1.347289634606080788e-03,-1.879359910542497021e-04,1.456306024423698400e-03
2.265000000000000069e-01,0.000000000000000000e+00,2.226072180667117064e-03,2.823615825736845893e-03,2.329381645242664580e-03,2.858470130315591759e-03,1.000000000000000000e+00,1.000000000000000000e+00,8.016859831209965101e-04,1.346797643918663237e-03,1.080991981420311668e-03,-9.839813748352076693e-04,5.493181655199873281e-02,1.262026607743613367e-02,1.668363745346752580e-01,3.836061627480490122e-02,8.016859831209965101e-04,1.346797643918663237e-03,1.080991981420311668e-03,-9.839813748352076693e-04
2.270000000000000073e-01,0.000000000000000000e+00,2.225949287607297856e-03,2.824344086798117638e-03,2.330166966166728922e-03,2.858784917698798528e-03,1.000000000000000000e+00,1.000000000000000000e+00,8.015918415754241929e-04,1.347525904979934765e-03,-1.882830911445814923e-04,1.456522122543206944e-03,5.513755042682388224e-02,1.198128226558177467e-02,1.671429722701893161e-01,3.638421625717583319e-02,8.015918415754241929e-04,1.347525904979934765e-03,-1.882830911445814923e-04,1.456522122543206944e-03
2.275000000000000078e-01,0.000000000000000000e+00,2.226654836289144491e-03,2.823852167979190413e-03,2.330931961710852509e-03,2.859105380415201750e-03,1.000000000000000000e+00,1.000000000000000000e+00,8.021323232225024708e-04,1.347033986161007540e-03,1.080963294156481831e-03,-9.838376378543747802e-04,5.493254231353172923e-02,1.262082729788780930e-02,1.668414530317468836e-01,3.836394211549994104e-02,8.021323232225024708e-04,1.347033986161007540e-03,1.080963294156481831e-03,-9.838376378543747802e-04
2.280000000000000082e-01,0.000000000000000000e+00,2.226531823262393496e-03,2.824580424567605177e-03,2.331676229683279748e-03,2.859432012215548310e-03,1.000000000000000000e+00,1.000000000000000000e+00,8.020380897769287644e-04,1.347762242749422522e-03,-1.884668911474730695e-04,1.456513176829786049e-03,5.514383929258602490e-02,1.198490336770264772e-02,1.671666794699748770e-01,3.639779644890771271e-02,8.020380897769287644e-04,1.347762242749422522e-03,-1.884668911474730695e-04,1.456513176829786049e-03
2.285000000000000087e-01,0.000000000000000000e+00,2.227237736189355971e-03,2.824088610391797642e-03,2.332399384734283251e-03,2.859765328134012807e-03,1.000000000000000000e+00,1.000000000000000000e+00,8.025788504519540574e-04,1.347270428573615203e-03,1.081521350050498572e-03,-9.836283516145619653e-04,5.492597794741685413e-02,1.261722937960595842e-02,1.668108854178146361e-01,3.834696783947121740e-02,8.025788504519540574e-04,1.347270428573615203e-03,1.081521350050498572e-03,-9.836283516145619653e-04
2.290000000000000091e-01,0.000000000000000000e+00,2.227114218837553204e-03,2.824816449440934948e-03,2.333101059013047672e-03,2.860105864904036350e-03,1.000000000000000000e+00,1.000000000000000000e+00,8.024842306709770124e-04,1.347998267622752509e-03,-1.892395619541747172e-04,1.455678098274590035e-03,5.513979393686072039e-02,1.198263297641927357e-02,1.671561643736219072e-01,3.639169127841548196e-02,8.024842306709770124e-04,1.347998267622752509e-03,-1.892395619541747172e-04,1.455678098274590035e-03
2.295000000000000095e-01,0.000000000000000000e+00,2.227820473944751647e-03,2.824324258989942792e-03,2.333780902824550071e-03,2.860454181374157134e-03,1.000000000000000000e+00,1.000000000000000000e+00,8.030252534712709533e-04,1.347506077171760352e-03,1.082045600587943322e-03,-9.843809019845087618e-04,5.492611998360409642e-02,1.261723700431335166e-02,1.668151672547139586e-01,3.834861194505200660e-02,8.030252534712709533e-04,1.347506077171760352e-03,1.082045600587943322e-03,-9.843809019845087618e-04
2.300000000000000100e-01,0.000000000000000000e+00,2.227697384104278169e-03,2.825051868789901430e-03,2.334438585284224175e-03,2.860810858918052223e-03,1.000000000000000000e+00,1.000000000000000000e+00,8.029309611829716330e-04,1.348233686971718774e-03,-1.885845765987326228e-04,1.455219599916803951e-03,5.514764796334113706e-02,1.198706622010275655e-02,1.671868913920215582e-01,3.640870479583947078e-02,8.029309611829716330e-04,1.348233686971718774e-03,-1.885845765987326228e-04,1.455219599916803951e-03
2.305000000000000104e-01,0.000000000000000000e+00,2.228403633358204752e-03,2.824559506209488747e-03,2.335073794829455301e-03,2.861176501470156629e-03,1.000000000000000000e+00,1.000000000000000000e+00,8.034719794993992791e-04,1.347741324391306091e-03,1.082036632855351002e-03,-9.847251608252685640e-04,5.491792894588873319e-02,1.261248261831248753e-02,1.667766466398245273e-01,3.832621498519054454e-02,8.034719794993992791e-04,1.347741324391306091e-03,1.082036632855351002e-03,-9.847251608252685640e-04
2.310000000000000109e-01,0.000000000000000000e+00,2.228280280240190446e-03,2.825286966101642032e-03,2.335686239128960569e-03,2.861551733986722468e-03,1.000000000000000000e+00,1.000000000000000000e+00,8.033774855288029022e-04,1.348468784283459159e-03,-1.889879411928036511e-04,1.454919784305984572e-03,5.514302454405099058e-02,1.198441638357770032e-02,1.671757149488930227e-01,3.640234341993405648e-02,8.033774855288029022e-04,1.348468784283459159e-03,-1.889879411928036511e-04,1.454919784305984572e-03
2.315000000000000113e-01,0.000000000000000000e+00,2.228986529486454322e-03,2.824794409419798674e-03,2.336275644608296499e-03,2.861937199902989289e-03,1.000000000000000000e+00,1.000000000000000000e+00,8.039185038393603525e-04,1.347976227601615801e-03,1.082036621114942443e-03,-9.851133636865046575e-04,5.491732285519219936e-02,1.261214074300790258e-02,1.667782396128550393e-01,3.832698236363589472e-02,8.039185038393603525e-04,1.347976227601615801e-03,1.082036621114942443e-03,-9.851133636865046575e-04
2.320000000000000118e-01,0.000000000000000000e+00,2.228863320701804721e-03,2.825521855685683443e-03,2.336841755945246596e-03,2.862333558511609248e-03,1.000000000000000000e+00,1.000000000000000000e+00,8.038241204345361168e-04,1.348703673867500787e-03,-1.887668096485792344e-04,1.454892531769996257e-03,5.515291617976597616e-02,1.199031527126595900e-02,1.672147648773214257e-01,3.642553282091536004e-02,8.038241204345361168e-04,1.348703673867500787e-03,-1.887668096485792344e-04,1.454892531769996257e-03
2.325000000000000122e-01,0.000000000000000000e+00,2.229569866590506641e-03,2.825029417708410998e-03,2.337384335565215882e-03,2.862741482341063168e-03,1.000000000000000000e+00,1.000000000000000000e+00,8.043653659863845640e-04,1.348211235890228125e-03,1.082491103696796905e-03,-9.848759545451734460e-04,5.490884805053383722e-02,1.260704432102017353e-02,1.667371222656635066e-01,3.830225604785185423e-02,8.043653659863845640e-04,1.348211235890228125e-03,1.082491103696796905e-03,-9.848759545451734460e-04
2.330000000000000127e-01,0.000000000000000000e+00,2.229446036828639476e-03,2.825756447649168616e-03,2.337903163136609806e-03,2.863161654534060116e-03,1.000000000000000000e+00,1.000000000000000000e+00,8.042705068854133586e-04,1.348938265830985960e-03,-1.897182019423026850e-04,1.454059881515638430e-03,5.514850247317737431e-02,1.198759516607299583e-02,1.672043557140427128e-01,3.641896137185635096e-02,8.042705068854133586e-04,1.348938265830985960e-03,-1.897182019423026850e-04,1.454059881515638430e-03
2.335000000000000131e-01,0.000000000000000000e+00,2.230153018340602384e-03,2.825263642998811480e-03,2.338398035066217937e-03,2.863594766225946962e-03,1.000000000000000000e+00,1.000000000000000000e+00,8.048120861440404873e-04,1.348445461180628824e-03,1.083158517254344038e-03,-9.856093007141425270e-04,5.490781147863813688e-02,1.260626207875444917e-02,1.667372168400721999e-01,3.830122474047477354e-02,8.048120861440404873e-04,1.348445461180628824e-03,1.083158517254344038e-03,-9.856093007141425270e-04
2.340000000000000135e-01,0.000000000000000000e+00,2.230029550414929038e-03,2.825990349608013992e-03,2.338868763994606317e-03,2.864041513923118801e-03,1.000000000000000000e+00,1.000000000000000000e+00,8.047175042256750344e-04,1.349172167789831553e-03,-1.891638367309848509e-04,1.453413218405497868e-03,5.516183037399610689e-02,1.199573057264099324e-02,1.672572943944716783e-01,3.645094618652761076e-02,8.047175042256750344e-04,1.349172167789831553e-03,-1.891638367309848509e-04,1.453413218405497868e-03
2.345000000000000140e-01,0.000000000000000000e+00,2.230736892319931143e-03,2.825497416965525640e-03,2.339315178291496815e-03,2.864502596881417663e-03,1.000000000000000000e+00,1.000000000000000000e+00,8.052593595613868590e-04,1.348679235147342984e-03,1.083710671423660475e-03,-9.858652849770981746e-04,5.490053932418054172e-02,1.260151251435709559e-02,1.666978883549618540e-01,3.827572408073142557e-02,8.052593595613868590e-04,1.348679235147342984e-03,1.083710671423660475e-03,-9.858652849770981746e-04
2.350000000000000144e-01,0.000000000000000000e+00,2.230613173597839009e-03,2.826223702015434602e-03,2.339737121551149508e-03,2.864978714484544674e-03,1.000000000000000000e+00,1.000000000000000000e+00,8.051645855218186702e-04,1.349405520197251730e-03,-1.895480791363297543e-04,1.452570099817446659e-03,5.515883406864386523e-02,1.199367928167163755e-02,1.672516627934439448e-01,3.644667158405717755e-02,8.051645855218186702e-04,1.349405520197251730e-03,-1.895480791363297543e-04,1.452570099817446659e-03
2.355000000000000149e-01,0.000000000000000000e+00,2.231320672548027864e-03,2.825730350277538133e-03,2.340134452087755910e-03,2.865470563622467010e-03,1.000000000000000000e+00,1.000000000000000000e+00,8.057065611611234288e-04,1.348912168459355477e-03,1.083951278609613126e-03,-9.867034757926967069e-04,5.489952751392503105e-02,1.260068072141565416e-02,1.666966437193647121e-01,3.827388430467981717e-02,8.057065611611234288e-04,1.348912168459355477e-03,1.083951278609613126e-03,-9.867034757926967069e-04
2.360000000000000153e-01,0.000000000000000000e+00,2.231197365435355455e-03,2.826456519206554680e-03,2.340507042430817457e-03,2.865978836069821810e-03,1.000000000000000000e+00,1.000000000000000000e+00,8.056121024326636263e-04,1.349638337388372024e-03,-1.889174569196501539e-04,1.452337858033077907e-03,5.517802521738252031e-02,1.200621615818226774e-02,1.673273914705300236e-01,3.649597074245225503e-02,8.056121024326636263e-04,1.349638337388372024e-03,-1.889174569196501539e-04,1.452337858033077907e-03
2.365000000000000158e-01,0.000000000000000000e+00,2.231905404361037883e-03,2.825963352458319821e-03,2.340854778820533090e-03,2.866504215864325300e-03,1.000000000000000000e+00,1.000000000000000000e+00,8.061544917171945294e-04,1.349145170640137165e-03,1.084778569061727212e-03,-9.863334964697969588e-04,5.489589769398586089e-02,1.259813392103123660e-02,1.666666009017570282e-01,3.825345027988287516e-02,8.061544917171945294e-04,1.349145170640137165e-03,1.084778569061727212e-03,-9.863334964697969588e-04
2.370000000000000162e-01,0.000000000000000000e+00,2.231781652120289582e-03,2.826689000675525025e-03,2.341177560703182510e-03,2.867047376685177146e-03,1.000000000000000000e+00,1.000000000000000000e+00,8.060596920008458689e-04,1.349870818857342586e-03,-1.895994326972301903e-04,1.451296434410813234e-03,5.517734668249330010e-02,1.200556699913107525e-02,1.673274947531167012e-01,3.649517584683915211e-02,8.060596920008458689e-04,1.349870818857342586e-03,-1.895994326972301903e-04,1.451296434410813234e-03
2.375000000000000167e-01,0.000000000000000000e+00,2.232490181669525946e-03,2.826195407075286770e-03,2.341475300226513769e-03,2.867608979231469138e-03,1.000000000000000000e+00,1.000000000000000000e+00,8.066024571248236845e-04,1.349377225257103897e-03,1.085530247955524734e-03,-9.871872004773908117e-04,5.489589034576729948e-02,1.259782874667547681e-02,1.666675485639889376e-01,3.825245209539334529e-02,8.066024571248236845e-04,1.349377225257103897e-03,1.085530247955524734e-03,-9.871872004773908117e-04
2.380000000000000171e-01,0.000000000000000000e+00,2.232366920896194755e-03,2.826920714251870883e-03,2.341747921735127386e-03,2.868189668600591713e-03,1.000000000000000000e+00,1.000000000000000000e+00,8.065080338943587251e-04,1.350102532433688227e-03,-1.888464609299713836e-04,1.450614353168603547e-03,5.520799748437078824e-02,1.202712451490384540e-02,1.674469359739116925e-01,3.657886508831871553e-02,8.065080338943587251e-04,1.350102532433688227e-03,-1.888464609299713836e-04,1.450614353168603547e-03
2.385000000000000175e-01,0.000000000000000000e+00,2.233076559345529601e-03,2.826427372461702385e-03,2.341995361265858736e-03,2.868790071666639171e-03,1.000000000000000000e+00,1.000000000000000000e+00,8.070516484850957361e-04,1.349609190643519512e-03,1.087229181474021244e-03,-9.866835803374815472e-04,5.490056592128682994e-02,1.260104871575869721e-02,1.666604387450034974e-01,3.824677115740471312e-02,8.070516484850957361e-04,1.349609190643519512e-03,1.087229181474021244e-03,-9.866835803374815472e-04
2.390000000000000180e-01,0.000000000000000000e+00,2.232953223744946810e-03,2.827151918668633322e-03,2.342217566043167803e-03,2.869410794458818366e-03,1.000000000000000000e+00,1.000000000000000000e+00,8.069571679336302915e-04,1.350333736850450449e-03,-1.889611029308598759e-04,1.449092413861736463e-03,5.520935589310744379e-02,1.202771615990801124e-02,1.674481596762199820e-01,3.657775953661326213e-02,8.069571679336302915e-04,1.350333736850450449e-03,-1.889611029308598759e-04,1.449092413861736463e-03
2.395000000000000184e-01,0.000000000000000000e+00,2.233663178446665745e-03,2.826657906079452567e-03,2.342414493974518969e-03,2.870052419539854786e-03,1.000000000000000000e+00,1.000000000000000000e+00,8.075010247877485335e-04,1.349839724261269695e-03,1.087713708236464618e-03,-9.880251783614562612e-04,5.490158324125218869e-02,1.260135289676806748e-02,1.666634859293086024e-01,3.824687044851270840e-02,8.075010247877485335e-04,1.349839724261269695e-03,1.087713708236464618e-03,-9.880251783614562612e-04
2.399999999999999911e-01,0.000000000000000000e+00,2.233540676758295242e-03,2.827382286515694228e-03,2.342586113145771632e-03,2.870715503384398213e-03,1.000000000000000000e+00,1.000000000000000000e+00,8.074071830500993870e-04,1.350564104697511572e-03,-1.876834752982700465e-04,1.448760872483681982e-03,5.502085604994470802e-02,1.251324241008461291e-02,1.667158965836029183e-01,3.846297631898662472e-02,8.074071830500993870e-04,1.350564104697511572e-03,-1.876834752982700465e-04,1.448760872483681982e-03
2.404999999999999916e-01,0.000000000000000000e+00,2.234240374890766184e-03,2.826903119444009772e-03,2.342732401316558691e-03,2.871400573757429669e-03,1.000000000000000000e+00,1.000000000000000000e+00,8.079431829163396129e-04,1.350084937625827116e-03,1.071999732480365336e-03,-9.583341433688700832e-04,5.468158926507832307e-02,1.307037309098321547e-02,1.659617203332160451e-01,3.966668028820050790e-02,8.079431829163396129e-04,1.350084937625827116e-03,1.071999732480365336e-03,-9.583341433688700832e-04
2.409999999999999920e-01,0.000000000000000000e+00,2.234087683533044454e-03,2.827647556922056622e-03,2.342853345415679342e-03,2.872108127092669674e-03,1.000000000000000000e+00,1.000000000000000000e+00,8.078262145502443110e-04,1.350829375103873966e-03,-2.339367321905945225e-04,1.488874956093902240e-03,5.501043989746408347e-02,1.251798833811208073e-02,1.668388175530604034e-01,3.809827581337509733e-02,8.078262145502443110e-04,1.350829375103873966e-03,-2.339367321905945225e-04,1.488874956093902240e-03
2.414999999999999925e-01,0.000000000000000000e+00,2.234807698298436115e-03,2.827192471401350753e-03,2.342948941036477120e-03,2.872838625870984333e-03,1.000000000000000000e+00,1.000000000000000000e+00,8.083777778602362811e-04,1.350374289583168097e-03,1.103126619983986522e-03,-9.101710414118092951e-04,5.468505365253442663e-02,1.307838130205950591e-02,1.660005048142543516e-01,3.971444354316147618e-02,8.083777778602362811e-04,1.350374289583168097e-03,1.103126619983986522e-03,-9.101710414118092951e-04
2.419999999999999929e-01,0.000000000000000000e+00,2.234626815524636944e-03,2.827917334677623393e-03,2.343019191932227061e-03,2.873592495998789249e-03,1.000000000000000000e+00,1.000000000000000000e+00,8.082392136165116167e-04,1.351099152859440954e-03,-2.771284874493289141e-04,1.449726552545629182e-03,5.477210366701803362e-02,1.305445437058656843e-02,1.658874335983477333e-01,4.015805482383431879e-02,8.082392136165116167e-04,1.351099152859440954e-03,-2.771284874493289141e-04,1.449726552545629182e-03
2.424999999999999933e-01,0.000000000000000000e+00,2.235368183533406085e-03,2.827468742266167449e-03,2.343064109511522851e-03,2.874370124186461685e-03,1.000000000000000000e+00,1.000000000000000000e+00,8.088071344599353021e-04,1.350650560447984577e-03,1.135841686847469806e-03,-8.971848229128451604e-04,5.442495913210401715e-02,1.359698694488410339e-02,1.652111210672965735e-01,4.127615691474644660e-02,8.088071344599353021e-04,1.350650560447984577e-03,1.135841686847469806e-03,-8.971848229128451604e-04
2.429999999999999938e-01,0.000000000000000000e+00,2.235169434480875281e-03,2.828192655163640559e-03,2.343083712333661386e-03,2.875171855326743176e-03,1.000000000000000000e+00,1.000000000000000000e+00,8.086548838526689100e-04,1.351374473345458120e-03,-3.045012145328263899e-04,1.447825794946940546e-03,5.476795010153928667e-02,1.305403258835380331e-02,1.660788793869778512e-01,3.971288624387624838e-02,8.086548838526689100e-04,1.351374473345458120e-03,-3.045012145328263899e-04,1.447825794946940546e-03
2.434999999999999942e-01,0.000000000000000000e+00,2.235926973488509915e-03,2.827748209516403946e-03,2.343078025604022983e-03,2.875997989873145186e-03,1.000000000000000000e+00,1.000000000000000000e+00,8.092351923999133298e-04,1.350930027698221290e-03,1.160617094488775383e-03,-8.888912944735472693e-04,5.442865307643104944e-02,1.359839963951907892e-02,1.652420967283184938e-01,4.128557019541355400e-02,8.092351923999133298e-04,1.350930027698221290e-03,1.160617094488775383e-03,-8.888912944735472693e-04
2.439999999999999947e-01,0.000000000000000000e+00,2.235726496747099563e-03,2.828459480169448655e-03,2.343047080669463308e-03,2.876848781218360393e-03,1.000000000000000000e+00,1.000000000000000000e+00,8.090816183061815513e-04,1.351641298351266215e-03,-3.071481874635795251e-04,1.422541306089661686e-03,5.445859676113770642e-02,1.369134604809256472e-02,1.648729048507137640e-01,4.217591518789824689e-02,8.090816183061815513e-04,1.351641298351266215e-03,-3.071481874635795251e-04,1.422541306089661686e-03
2.444999999999999951e-01,0.000000000000000000e+00,2.236476433882314020e-03,2.828024814064147852e-03,2.342990914513695764e-03,2.877724433072666611e-03,1.000000000000000000e+00,1.000000000000000000e+00,8.096561034813010713e-04,1.351206632245965412e-03,1.148970350238999938e-03,-8.693322106014572843e-04,5.408291538523162661e-02,1.421233475876306981e-02,1.641573009972436548e-01,4.313424821547162669e-02,8.096561034813010713e-04,1.351206632245965412e-03,1.148970350238999938e-03,-8.693322106014572843e-04
2.449999999999999956e-01,0.000000000000000000e+00,2.236245126215959545e-03,2.828757723241134402e-03,2.342909569252672568e-03,2.878625096842332871e-03,1.000000000000000000e+00,1.000000000000000000e+00,8.094789115288392569e-04,1.351939541422951746e-03,-3.543839049235943898e-04,1.465818353972681270e-03,5.444808542781020416e-02,1.369620028728121830e-02,1.651022797531975783e-01,4.168928749904242392e-02,8.094789115288392569e-04,1.351939541422951746e-03,-3.543839049235943898e-04,1.465818353972681270e-03
2.454999999999999960e-01,0.000000000000000000e+00,2.237009666862804867e-03,2.828350893715180295e-03,2.342803091629974948e-03,2.879550869008027682e-03,1.000000000000000000e+00,1.000000000000000000e+00,8.100645836428936597e-04,1.351532711896997422e-03,1.171344228108855750e-03,-8.136590519087446606e-04,5.408525611424776919e-02,1.422175013709627879e-02,1.641871803550707387e-01,4.319061381745181033e-02,8.100645836428936597e-04,1.351532711896997422e-03,1.171344228108855750e-03,-8.136590519087446606e-04
2.459999999999999964e-01,0.000000000000000000e+00,2.236748489752886024e-03,2.829063785368998718e-03,2.342671532512198562e-03,2.880501788503225975e-03,1.000000000000000000e+00,1.000000000000000000e+00,8.098645103691706282e-04,1.352245603550815845e-03,-4.001465474461631498e-04,1.425783307636805698e-03,5.411862580189021055e-02,1.430291370626304848e-02,1.637966050187342204e-01,4.402030093644630770e-02,8.098645103691706282e-04,1.352245603550815845e-03,-4.001465474461631498e-04,1.425783307636805698e-03
2.464999999999999969e-01,0.000000000000000000e+00,2.237533161546735941e-03,2.828670168142578996e-03,2.342514946384331546e-03,2.881477834092613030e-03,1.000000000000000000e+00,1.000000000000000000e+00,8.104656038365214881e-04,1.351851986324396557e-03,1.202186934701640359e-03,-7.872344528384572077e-04,5.373080950355579866e-02,1.480451351440816368e-02,1.631081647718217453e-01,4.494730607132924050e-02,8.104656038365214881e-04,1.351851986324396557e-03,1.202186934701640359e-03,-7.872344528384572077e-04
2.469999999999999973e-01,0.000000000000000000e+00,2.237244793230183139e-03,2.829381782140729090e-03,2.342333390845148175e-03,2.882478921750493590e-03,1.000000000000000000e+00,1.000000000000000000e+00,8.102447008900543314e-04,1.352563600322546434e-03,-4.418058929342974419e-04,1.423227996299826058e-03,5.411161754698451398e-02,1.430169889403764931e-02,1.640499640310671137e-01,4.351700208099182343e-02,8.102447008900543314e-04,1.352563600322546434e-03,-4.418058929342974419e-04,1.423227996299826058e-03
2.474999999999999978e-01,0.000000000000000000e+00,2.238051849923095894e-03,2.828997773908403703e-03,2.342126926102588644e-03,2.883504902039200554e-03,1.000000000000000000e+00,1.000000000000000000e+00,8.108629421849425627e-04,1.352179592090221047e-03,1.236482589776515505e-03,-7.680164646508380426e-04,5.373556495453119669e-02,1.480759935808399069e-02,1.631507275453956685e-01,4.496859255259198079e-02,8.108629421849425627e-04,1.352179592090221047e-03,1.236482589776515505e-03,-7.680164646508380426e-04
2.479999999999999982e-01,0.000000000000000000e+00,2.237760766751173934e-03,2.829690124618164469e-03,2.341895614469145792e-03,2.884555557487495855e-03,1.000000000000000000e+00,1.000000000000000000e+00,8.106399595386061660e-04,1.352871942799981813e-03,-4.459652926728703039e-04,1.384701419521662102e-03,5.370559697327983301e-02,1.497950728227458866e-02,1.624668619166292627e-01,4.613017624971407077e-02,8.106399595386061660e-04,1.352871942799981813e-03,-4.459652926728703039e-04,1.384701419521662102e-03
2.484999999999999987e-01,0.000000000000000000e+00,2.238563330939419369e-03,2.829313922509829344e-03,2.341639519857248788e-03,2.885630599968983488e-03,1.000000000000000000e+00,1.000000000000000000e+00,8.112547593752578471e-04,1.352495740691646688e-03,1.229599673303430861e-03,-7.524042166701973289e-04,5.329179895123273281e-02,1.545456036029496660e-02,1.617702599088985116e-01,4.690926555541744675e-02,8.112547593752578471e-04,1.352495740691646688e-03,1.229599673303430861e-03,-7.524042166701973289e-04
2.489999999999999991e-01,0.000000000000000000e+00,2.238239454211973962e-03,2.830025698383917872e-03,2.341358707274650286e-03,2.886729668080511256e-03,1.000000000000000000e+00,1.000000000000000000e+00,8.110066554079425113e-04,1.353207516565735216e-03,-4.962079346306981671e-04,1.423551748177040183e-03,5.369511393448195280e-02,1.498340842780674677e-02,1.627784416284848157e-01,4.560975038469794463e-02,8.110066554079425113e-04,1.353207516565735216e-03,-4.962079346306981671e-04,1.423551748177040183e-03
2.494999999999999996e-01,0.000000000000000000e+00,2.239052334701673551e-03,2.829678177234428056e-03,2.341053242319808374e-03,2.887852324520579460e-03,1.000000000000000000e+00,1.000000000000000000e+00,8.116293579899967140e-04,1.352859995416245400e-03,1.245405164108383559e-03,-6.950422989797210710e-04,5.329340894730301426e-02,1.546438633140265542e-02,1.617938084266223875e-01,4.696876566268884390e-02,8.116293579899967140e-04,1.352859995416245400e-03,1.245405164108383559e-03,-6.950422989797210710e-04
2.500000000000000000e-01,0.000000000000000000e+00,2.238701168576843516e-03,2.830368288220053499e-03,2.340723190677276334e-03,2.888998053467750453e-03,1.000000000000000000e+00,1.000000000000000000e+00,8.113603491314591055e-04,1.353550106401871060e-03,-5.380177170752704820e-04,1.380221971251250485e-03,5.327690283633326751e-02,1.560673839787378794e-02,1.611307976269514552e-01,4.800352939156186938e-02,8.113603491314591055e-04,1.353550106401871060e-03,-5.380177170752704820e-04,1.380221971251250485e-03
2.505000000000000004e-01,0.000000000000000000e+00,2.239529985755527204e-03,2.830037684820742305e-03,2.340368617613081993e-03,2.890166257959048655e-03,1.000000000000000000e+00,1.000000000000000000e+00,8.119952599255516029e-04,1.353219503002559432e-03,1.269821588185057705e-03,-6.612067986231746561e-04,5.284875806211431631e-02,1.605794868100498748e-02,1.604368399698193615e-01,4.875639977094049782e-02,8.119952599255516029e-04,1.353219503002559432e-03,1.269821588185057705e-03,-6.612067986231746561e-04
2.510000000000000009e-01,0.000000000000000000e+00,2.239146100032441550e-03,2.830726330280608841e-03,2.339989587470117909e-03,2.891356257268374447e-03,1.000000000000000000e+00,1.000000000000000000e+00,8.117011864005890419e-04,1.353908148462426402e-03,-5.881470499252254309e-04,1.377290919734033923e-03,5.326823641319029801e-02,1.560484798101054692e-02,1.614502476841009893e-01,4.748822646847149220e-02,8.117011864005890419e-04,1.353908148462426402e-03,-5.881470499252254309e-04,1.377290919734033923e-03
2.515000000000000013e-01,0.000000000000000000e+00,2.239998083494672103e-03,2.830411166426086145e-03,2.339586163163521592e-03,2.892567284284905480e-03,1.000000000000000000e+00,1.000000000000000000e+00,8.123538435974597162e-04,1.353592984607903272e-03,1.305314393741414383e-03,-6.303277090461815481e-04,5.285359721193209903e-02,1.606301854355460593e-02,1.604817755293179438e-01,4.879098333156427214e-02,8.123538435974597162e-04,1.353592984607903272e-03,1.305314393741414383e-03,-6.303277090461815481e-04
2.520000000000000018e-01,0.000000000000000000e+00,2.239610987774435114e-03,2.831076481542499530e-03,2.339158405676064392e-03,2.893798482891507973e-03,1.000000000000000000e+00,1.000000000000000000e+00,8.120573110720172468e-04,1.354258299724316874e-03,-5.930650508849080911e-04,1.330630232827283675e-03,5.278667100210920199e-02,1.625270526132142901e-02,1.595732830138644198e-01,4.997988879458394734e-02,8.120573110720172468e-04,1.354258299724316874e-03,-5.930650508849080911e-04,1.330630232827283675e-03
2.525000000000000022e-01,0.000000000000000000e+00,2.240462076173576050e-03,2.830768710496213512e-03,2.338706373553540389e-03,2.895048905343177922e-03,1.000000000000000000e+00,1.000000000000000000e+00,8.127092826107822163e-04,1.353950528678030856e-03,1.303943077529901018e-03,-6.155420925720192331e-04,5.233699939343486318e-02,1.667451523386005718e-02,1.588858541703012939e-01,5.061913755658867947e-02,8.127092826107822163e-04,1.353950528678030856e-03,1.303943077529901018e-03,-6.155420925720192331e-04
2.530000000000000027e-01,0.000000000000000000e+00,2.240041313609806867e-03,2.831448789481767151e-03,2.338230122422865417e-03,2.896317509845455166e-03,1.000000000000000000e+00,1.000000000000000000e+00,8.123869597869342934e-04,1.354630607663584495e-03,-6.446456476959445177e-04,1.360157971107146379e-03,5.277670808955491066e-02,1.625513708367207211e-02,1.599483497761078621e-01,4.948002168929822864e-02,8.123869597869342934e-04,1.354630607663584495e-03,-6.446456476959445177e-04,1.360157971107146379e-03
2.535000000000000031e-01,0.000000000000000000e+00,2.240899375158419277e-03,2.831168363040805110e-03,2.337729704826292144e-03,2.897603160915842614e-03,1.000000000000000000e+00,1.000000000000000000e+00,8.130442730681029231e-04,1.354350181222622237e-03,1.314626562337267842e-03,-5.608528819244240366e-04,5.233813440806872608e-02,1.668406278757014055e-02,1.589044090770665996e-01,5.067766123768508574e-02,8.130442730681029231e-04,1.354350181222622237e-03,1.314626562337267842e-03,-5.608528819244240366e-04
2.540000000000000036e-01,0.000000000000000000e+00,2.240456872992342089e-03,2.831825731694473727e-03,2.337205170583604719e-03,2.898904634393565348e-03,1.000000000000000000e+00,1.000000000000000000e+00,8.127052967427113956e-04,1.355007549876291071e-03,-6.779526507830360791e-04,1.314737307337863126e-03,5.229622528303335544e-02,1.683345336000905204e-02,1.580637594049955075e-01,5.169832124632849080e-02,8.127052967427113956e-04,1.355007549876291071e-03,-6.779526507830360791e-04,1.314737307337863126e-03
2.545000000000000040e-01,0.000000000000000000e+00,2.241325570053392252e-03,2.831563058824134848e-03,2.336656567288802628e-03,2.900220623633451098e-03,1.000000000000000000e+00,1.000000000000000000e+00,8.133707572990828182e-04,1.354744877005952192e-03,1.330921112742765528e-03,-5.253457406778265591e-04,5.183227372889870344e-02,1.722844992847726020e-02,1.573585922942022652e-01,5.231346086556341174e-02,8.133707572990828182e-04,1.354744877005952192e-03,1.330921112742765528e-03,-5.253457406778265591e-04
2.550000000000000044e-01,0.000000000000000000e+00,2.240848572042067506e-03,2.832218505833552624e-03,2.336083940809201027e-03,2.901549745720886746e-03,1.000000000000000000e+00,1.000000000000000000e+00,8.130053556231284922e-04,1.355400324015369968e-03,-7.308033519085688299e-04,1.310894018835590804e-03,5.228713328778095137e-02,1.683107094279337468e-02,1.584323719017852183e-01,5.122269416018336574e-02,8.130053556231284922e-04,1.355400324015369968e-03,-7.308033519085688299e-04,1.310894018835590804e-03
2.555000000000000049e-01,0.000000000000000000e+00,2.241737093735167788e-03,2.831975443948954452e-03,2.335487335784503741e-03,2.902890547686763113e-03,1.000000000000000000e+00,1.000000000000000000e+00,8.136860027287186065e-04,1.355157262130771579e-03,1.361294211180324185e-03,-4.861237691969019000e-04,5.183645116590847313e-02,1.723511959911318281e-02,1.573986175607267057e-01,5.235826555979764679e-02,8.136860027287186065e-04,1.355157262130771579e-03,1.361294211180324185e-03,-4.861237691969019000e-04
2.560000000000000053e-01,0.000000000000000000e+00,2.241257337418604313e-03,2.832606065778398019e-03,2.334866796125889717e-03,2.904241512722409782e-03,1.000000000000000000e+00,1.000000000000000000e+00,8.133184880683640931e-04,1.355787883960215363e-03,-7.350293207090223806e-04,1.261243658887702861e-03,5.176829204497580827e-02,1.739450965414524042e-02,1.564115709031348722e-01,5.338385197849612740e-02,8.133184880683640931e-04,1.355787883960215363e-03,-7.350293207090223806e-04,1.261243658887702861e-03
2.565000000000000058e-01,0.000000000000000000e+00,2.242147568069628553e-03,2.832370809303352485e-03,2.334222365515104675e-03,2.905601066394561567e-03,1.000000000000000000e+00,1.000000000000000000e+00,8.140004443116750704e-04,1.355552627485169829e-03,1.363912486621878537e-03,-4.705129500911730232e-04,5.128790440513008447e-02,1.775973579547548975e-02,1.557125451656072579e-01,5.392142513518637797e-02,8.140004443116750704e-04,1.355552627485169829e-03,1.363912486621878537e-03,-4.705129500911730232e-04
2.570000000000000062e-01,0.000000000000000000e+00,2.241635345504337448e-03,2.833010745566320442e-03,2.333554087903540186e-03,2.906967582860291166e-03,1.000000000000000000e+00,1.000000000000000000e+00,8.136080590618936749e-04,1.356192563748137786e-03,-7.847704995627496297e-04,1.279872525935922675e-03,5.175933150846767639e-02,1.739546052572397972e-02,1.568187754952808377e-01,5.294771251937116507e-02,8.136080590618936749e-04,1.356192563748137786e-03,-7.847704995627496297e-04,1.279872525935922675e-03
2.575000000000000067e-01,0.000000000000000000e+00,2.242530107814568428e-03,2.832800175759607290e-03,2.332862008011323159e-03,2.908339391081964358e-03,1.000000000000000000e+00,1.000000000000000000e+00,8.142934867575585267e-04,1.355981993941424634e-03,1.370855391329595498e-03,-4.211396134262989678e-04,5.128873717232217133e-02,1.776858800686086093e-02,1.557270951555787819e-01,5.397622637514544464e-02,8.142934867575585267e-04,1.355981993941424634e-03,1.370855391329595498e-03,-4.211396134262989678e-04
2.580000000000000071e-01,0.000000000000000000e+00,2.242002814410038423e-03,2.833417774174799755e-03,2.332146171826397947e-03,2.909714781042181328e-03,1.000000000000000000e+00,1.000000000000000000e+00,8.138895565751252210e-04,1.356599592356617099e-03,-8.078603648666948887e-04,1.235196830385038112e-03,5.125155285807152933e-02,1.789073167176503248e-02,1.548338310291051678e-01,5.484440697297657263e-02,8.138895565751252210e-04,1.356599592356617099e-03,-8.078603648666948887e-04,1.235196830385038112e-03
2.585000000000000075e-01,0.000000000000000000e+00,2.242903169511900260e-03,2.833223767648661816e-03,2.331406627103610203e-03,2.911092009958726225e-03,1.000000000000000000e+00,1.000000000000000000e+00,8.145792685977402492e-04,1.356405585830478943e-03,1.379424045230098718e-03,-3.880130522762523237e-04,5.075829903345814575e-02,1.822776234167196308e-02,1.541050491977732084e-01,5.535095692620536217e-02,8.145792685977402492e-04,1.356405585830478943e-03,1.379424045230098718e-03,-3.880130522762523237e-04
2.590000000000000080e-01,0.000000000000000000e+00,2.242342145974133422e-03,2.833838978027461084e-03,2.330643423863797224e-03,2.912469308499515859e-03,1.000000000000000000e+00,1.000000000000000000e+00,8.141494996341751928e-04,1.357020796209278644e-03,-8.595379271301758616e-04,1.230420757599522911e-03,5.124281587688493678e-02,1.788811615292084517e-02,1.552254226172846696e-01,5.444021622889135686e-02,8.141494996341751928e-04,1.357020796209278644e-03,-8.595379271301758616e-04,1.230420757599522911e-03
2.595000000000000084e-01,0.000000000000000000e+00,2.243257023642802363e-03,2.833666609170959645e-03,2.329856614892872237e-03,2.913844886997547963e-03,1.000000000000000000e+00,1.000000000000000000e+00,8.148503365883922418e-04,1.356848427352776772e-03,1.401673908434066885e-03,-3.447377130036562414e-04,5.076142174709451227e-02,1.823538538370573711e-02,1.541363853320264488e-01,5.540140641164739005e-02,8.148503365883922418e-04,1.356848427352776772e-03,1.401673908434066885e-03,-3.447377130036562414e-04
2.600000000000000089e-01,0.000000000000000000e+00,2.242694110438456494e-03,2.834257349337402070e-03,2.329046256240902175e-03,2.915216941665837742e-03,1.000000000000000000e+00,1.000000000000000000e+00,8.144191200562450389e-04,1.357439167519219414e-03,-8.624330642943921991e-04,1.181480332885296962e-03,5.071852575999926532e-02,1.834967690069021565e-02,1.531850632307190097e-01,5.620520610817512919e-02,8.144191200562450389e-04,1.357439167519219414e-03,-8.624330642943921991e-04,1.181480332885296962e-03
2.605000000000000093e-01,0.000000000000000000e+00,2.243611840966572811e-03,2.834093594319311848e-03,2.328212407721201929e-03,2.916583660812381747e-03,1.000000000000000000e+00,1.000000000000000000e+00,8.151221424275893008e-04,1.357275412501129409e-03,1.406044742688487273e-03,-3.275100361800993218e-04,5.021325720019705757e-02,1.865794770990001489e-02,1.524573743403787596e-01,5.665588795756719420e-02,8.151221424275893008e-04,1.357275412501129409e-03,1.406044742688487273e-03,-3.275100361800993218e-04
2.610000000000000098e-01,0.000000000000000000e+00,2.243018827462247428e-03,2.834688714553104325e-03,2.327355133409417763e-03,2.917943231055093560e-03,1.000000000000000000e+00,1.000000000000000000e+00,8.146678677279062773e-04,1.357870532734921885e-03,-9.085493993660519792e-04,1.190240467584807423e-03,5.071066090512189872e-02,1.834937278719267484e-02,1.535981110786586445e-01,5.584706781011296306e-02,8.146678677279062773e-04,1.357870532734921885e-03,-9.085493993660519792e-04,1.190240467584807423e-03
2.615000000000000102e-01,0.000000000000000000e+00,2.243939621495756251e-03,2.834546899725127155e-03,2.326474502142605091e-03,2.919293843536749020e-03,1.000000000000000000e+00,1.000000000000000000e+00,8.153732368805327547e-04,1.357728717906944282e-03,1.410738305252991426e-03,-2.836296559553051332e-04,5.021391825457288682e-02,1.866604153457039270e-02,1.524691342377424152e-01,5.670645285763167148e-02,8.153732368805327547e-04,1.357728717906944282e-03,1.410738305252991426e-03,-2.836296559553051332e-04
2.620000000000000107e-01,0.000000000000000000e+00,2.243337680383655428e-03,2.835120898257947192e-03,2.325570588018327067e-03,2.920633700139947057e-03,1.000000000000000000e+00,1.000000000000000000e+00,8.149121232365229761e-04,1.358302716439764753e-03,-9.222272880195540260e-04,1.147997065640975721e-03,5.019942596949023006e-02,1.875474917053010157e-02,1.516048606273981414e-01,5.739633500077955669e-02,8.149121232365229761e-04,1.358302716439764753e-03,-9.222272880195540260e-04,1.147997065640975721e-03
2.625000000000000111e-01,0.000000000000000000e+00,2.244260232064878256e-03,2.834993524509079460e-03,2.324643470893725857e-03,2.921961019702040176e-03,1.000000000000000000e+00,1.000000000000000000e+00,8.156188388254140189e-04,1.358175342690897021e-03,1.413431177782124024e-03,-2.547474977353256578e-04,4.968321629661599792e-02,1.903435866055523326e-02,1.508459111874650982e-01,5.780323907451914711e-02,8.156188388254140189e-04,1.358175342690897021e-03,1.413431177782124024e-03,-2.547474977353256578e-04
2.630000000000000115e-01,0.000000000000000000e+00,2.243626442419358394e-03,2.835564741684343769e-03,2.323693236884616462e-03,2.923274044230091823e-03,1.000000000000000000e+00,1.000000000000000000e+00,8.151333277893571842e-04,1.358746559866160896e-03,-9.710220721136206181e-04,1.142434350527629823e-03,5.019133896769857606e-02,1.875205851927678677e-02,1.520007241228759909e-01,5.706907535146116955e-02,8.151333277893571842e-04,1.358746559866160896e-03,-9.710220721136206181e-04,1.142434350527629823e-03
2.635000000000000120e-01,0.000000000000000000e+00,2.244558052495467838e-03,2.835459368397020598e-03,2.322719978864569695e-03,2.924571045115820743e-03,1.000000000000000000e+00,1.000000000000000000e+00,8.158469825113141231e-04,1.358641186578837942e-03,1.427309443913951691e-03,-2.107465746458985108e-04,4.968521082287767621e-02,1.904234326115534018e-02,1.508678899200419365e-01,5.785546891983735923e-02,8.158469825113141231e-04,1.358641186578837942e-03,1.427309443913951691e-03,-2.107465746458985108e-04
2.640000000000000124e-01,0.000000000000000000e+00,2.243923298445964654e-03,2.836007349179001449e-03,2.321723796963996462e-03,2.925850329350547507e-03,1.000000000000000000e+00,1.000000000000000000e+00,8.153607326989451357e-04,1.359189167360818793e-03,-9.724996247378670574e-04,1.095961563961742003e-03,4.967623181099566076e-02,1.912006956711659322e-02,1.499977399501792596e-01,5.847150258086720315e-02,8.153607326989451357e-04,1.359189167360818793e-03,-9.724996247378670574e-04,1.095961563961742003e-03
2.645000000000000129e-01,0.000000000000000000e+00,2.244857581080080162e-03,2.835911457497685556e-03,2.320704799069235082e-03,2.927110245740145375e-03,1.000000000000000000e+00,1.000000000000000000e+00,8.160764347191117258e-04,1.359093275679502683e-03,1.431404040333259789e-03,-1.917833626323922711e-04,4.915127172641570868e-02,1.937197476416752454e-02,1.492361407357893632e-01,5.882964478324779339e-02,8.160764347191117258e-04,1.359093275679502683e-03,1.431404040333259789e-03,-1.917833626323922711e-04
2.650000000000000133e-01,0.000000000000000000e+00,2.244195094022574492e-03,2.836459895031001079e-03,2.319663101321634262e-03,2.928349191119981182e-03,1.000000000000000000e+00,1.000000000000000000e+00,8.155689401900713268e-04,1.359641713212818423e-03,-1.014989058080882764e-03,1.096875066631692111e-03,4.966925496098280324e-02,1.911873618744256570e-02,1.504040081728522937e-01,5.818532372033281136e-02,8.155689401900713268e-04,1.359641713212818423e-03,-1.014989058080882764e-03,1.096875066631692111e-03
2.655000000000000138e-01,0.000000000000000000e+00,2.245131556193377415e-03,2.836383940595602754e-03,2.318598828616638251e-03,2.929565616569865770e-03,1.000000000000000000e+00,1.000000000000000000e+00,8.162863118322060503e-04,1.359565758777419881e-03,1.434743284269545229e-03,-1.519088707968841139e-04,4.915180259064919066e-02,1.937948942748724673e-02,1.492459217481715283e-01,5.887711624958729545e-02,8.162863118322060503e-04,1.359565758777419881e-03,1.434743284269545229e-03,-1.519088707968841139e-04
2.660000000000000142e-01,0.000000000000000000e+00,2.244465066390330041e-03,2.836912527080630471e-03,2.317512115102875019e-03,2.930758033629002682e-03,1.000000000000000000e+00,1.000000000000000000e+00,8.157757510221859843e-04,1.360094345262447598e-03,-1.021121620040214969e-03,1.057172970055498054e-03,4.916108871767538302e-02,1.944535027007727318e-02,1.484267713082002005e-01,5.943029223415476764e-02,8.157757510221859843e-04,1.360094345262447598e-03,-1.021121620040214969e-03,1.057172970055498054e-03
2.665000000000000147e-01,0.000000000000000000e+00,2.245400763308554645e-03,2.836848925702978134e-03,2.316403104681237501e-03,2.931925020510933386e-03,1.000000000000000000e+00,1.000000000000000000e+00,8.164925364468357798e-04,1.360030743884795695e-03,1.433570849299614690e-03,-1.272027553036218176e-04,4.862714647832282189e-02,1.966821849342049316e-02,1.476415178175022880e-01,5.973024973682194289e-02,8.164925364468357798e-04,1.360030743884795695e-03,1.433570849299614690e-03,-1.272027553036218176e-04
2.670000000000000151e-01,0.000000000000000000e+00,2.244704267161250731e-03,2.837374261581690916e-03,2.315271951503972657e-03,2.933065228318483368e-03,1.000000000000000000e+00,1.000000000000000000e+00,8.159589894435399955e-04,1.360556079763508260e-03,-1.067094006591508574e-03,1.050671757425320797e-03,4.915360130864031979e-02,1.944254326450177775e-02,1.488212928289053827e-01,5.917011825414128512e-02,8.159589894435399955e-04,1.360556079763508260e-03,-1.067094006591508574e-03,1.050671757425320797e-03
2.675000000000000155e-01,0.000000000000000000e+00,2.245644340489449334e-03,2.837332239842509270e-03,2.314118820473762272e-03,2.934177387258712130e-03,1.000000000000000000e+00,1.000000000000000000e+00,8.166791273927306470e-04,1.360514058024326614e-03,1.440275898381341299e-03,-8.404347836317568529e-05,4.862812759432698362e-02,1.967620254371653388e-02,1.476552607817454010e-01,5.978221480545600763e-02,8.166791273927306470e-04,1.360514058024326614e-03,1.440275898381341299e-03,-8.404347836317568529e-05
2.680000000000000160e-01,0.000000000000000000e+00,2.244947847943263523e-03,2.837835587730922881e-03,2.312943887742812885e-03,2.935260312857857976e-03,1.000000000000000000e+00,1.000000000000000000e+00,8.161455831480513316e-04,1.361017405912740225e-03,-1.067088489358716417e-03,1.006695776827083505e-03,4.864335792499055455e-02,1.973596852186918979e-02,1.468388462165260144e-01,6.028395387864808608e-02,8.161455831480513316e-04,1.361017405912740225e-03,-1.067088489358716417e-03,1.006695776827083505e-03
2.685000000000000164e-01,0.000000000000000000e+00,2.245889424059583500e-03,2.837803838876109055e-03,2.311747341211937458e-03,2.936312912176285844e-03,1.000000000000000000e+00,1.000000000000000000e+00,8.168668722997315468e-04,1.360985657057926616e-03,1.442578303360532140e-03,-6.349770962719991640e-05,4.810288744853651044e-02,1.993120220821521446e-02,1.460521969000461717e-01,6.053089749857731849e-02,8.168668722997315468e-04,1.360985657057926616e-03,1.442578303360532140e-03,-6.349770962719991640e-05
2.690000000000000169e-01,0.000000000000000000e+00,2.245166637539427763e-03,2.838304633334568644e-03,2.310529381029642702e-03,2.937334190023434266e-03,1.000000000000000000e+00,1.000000000000000000e+00,8.163131857024051021e-04,1.361486451516385988e-03,-1.107373194652863093e-03,1.001588916918718557e-03,4.863688877458294257e-02,1.973369327957649744e-02,1.472408245406354177e-01,6.005523820740234220e-02,8.163131857024051021e-04,1.361486451516385988e-03,-1.107373194652863093e-03,1.001588916918718557e-03
2.695000000000000173e-01,0.000000000000000000e+00,2.246109550763111806e-03,2.838291990120881715e-03,2.309290220091212049e-03,2.938323255172763191e-03,1.000000000000000000e+00,1.000000000000000000e+00,8.170354991377514484e-04,1.361473808302699059e-03,1.444626870692638067e-03,-2.528642737389735426e-05,4.810322936427292861e-02,1.993844529154881196e-02,1.460601290908441208e-01,6.057740297510138400e-02,8.170354991377514484e-04,1.361473808302699059e-03,1.444626870692638067e-03,-2.528642737389735426e-05
2.700000000000000178e-01,0.000000000000000000e+00,2.245386501941397557e-03,2.838773599177605699e-03,2.308030084537794277e-03,2.939279326576701382e-03,1.000000000000000000e+00,1.000000000000000000e+00,8.164816116057739244e-04,1.361955417359423043e-03,-1.107775063954944935e-03,9.632181134478518675e-04,4.812132861620285057e-02,1.999793223850885107e-02,1.452380599000981098e-01,6.105876731387473860e-02,8.164816116057739244e-04,1.361955417359423043e-03,-1.107775063954944935e-03,9.632181134478518675e-04
2.705000000000000182e-01,0.000000000000000000e+00,2.246327044861227366e-03,2.838771884490237478e-03,2.306749214255484313e-03,2.940201739581590774e-03,1.000000000000000000e+00,1.000000000000000000e+00,8.172021092830241990e-04,1.361953702672054605e-03,1.440995354500634830e-03,-3.429374736808963459e-06,4.757374245641904364e-02,2.016312557658362509e-02,1.444419772414943237e-01,6.123381462568051881e-02,8.172021092830241990e-04,1.361953702672054605e-03,1.440995354500634830e-03,-3.429374736808963459e-06
2.710000000000000187e-01,0.000000000000000000e+00,2.245574998313321947e-03,2.839249419550010471e-03,2.305447863374412293e-03,2.941089952142637333e-03,1.000000000000000000e+00,1.000000000000000000e+00,8.166260082040345493e-04,1.362431237731828032e-03,-1.152202157979284559e-03,9.550701195467365800e-04,4.811419107741619211e-02,1.999474981373504726e-02,1.456388801260507515e-01,6.085110300563512098e-02,8.166260082040345493e-04,1.362431237731828032e-03,-1.152202157979284559e-03,9.550701195467365800e-04
2.715000000000000191e-01,0.000000000000000000e+00,2.246516191016639623e-03,2.839268952597493335e-03,2.304126300767826534e-03,2.941943551038855853e-03,1.000000000000000000e+00,1.000000000000000000e+00,8.173470036443151619e-04,1.362450770779310679e-03,1.441990880561205097e-03,3.906609496535852922e-05,4.757387306812477235e-02,2.017101459374789213e-02,1.444491032643692996e-01,6.128544561496574589e-02,8.173470036443151619e-04,1.362450770779310679e-03,1.441990880561205097e-03,3.906609496535852922e-05
2.720000000000000195e-01,0.000000000000000000e+00,2.245765386286254980e-03,2.839725122776051019e-03,2.302784810551180856e-03,2.942762258088017346e-03,1.000000000000000000e+00,1.000000000000000000e+00,8.167718538527364439e-04,1.362906940957868147e-03,-1.150299583157403252e-03,9.123403571151435373e-04,4.758957115627608647e-02,2.023120772402336315e-02,1.436023278039705309e-01,6.174431389111766783e-02,8.167718538527364439e-04,1.362906940957868147e-03,-1.150299583157403252e-03,9.123403571151435373e-04
2.725000000000000200e-01,0.000000000000000000e+00,2.246706267997209718e-03,2.839755661486219329e-03,2.301423692565463669e-03,2.943545936226686123e-03,1.000000000000000000e+00,1.000000000000000000e+00,8.174926110590456608e-04,1.362937479668036673e-03,1.441514412618422362e-03,6.107742033705833035e-05,4.703710944451391929e-02,2.036737409406038507e-02,1.428120912649090690e-01,6.185565088459737265e-02,8.174926110590456608e-04,1.362937479668036673e-03,1.441514412618422362e-03,6.107742033705833035e-05
2.730000000000000204e-01,0.000000000000000000e+00,2.245929227243300373e-03,2.840206762417220570e-03,2.300043262497462014e-03,2.944294592480524789e-03,1.000000000000000000e+00,1.000000000000000000e+00,8.168973633074362410e-04,1.363388580599037914e-03,-1.190495503218765667e-03,9.022018620024681475e-04,4.758319232771111851e-02,2.022788316971377634e-02,1.440145409307960200e-01,6.155941787600525961e-02,8.168973633074362410e-04,1.363388580599037914e-03,-1.190495503218765667e-03,9.022018620024681475e-04
2.735000000000000209e-01,0.000000000000000000e+00,2.246870143865172149e-03,2.840256830348028821e-03,2.298643851146098000e-03,2.945008373620887528e-03,1.000000000000000000e+00,1.000000000000000000e+00,8.176181472570594015e-04,1.363438648529846165e-03,1.441567899246410560e-03,1.001358616164394399e-04,4.703711762941432950e-02,2.037467367867162871e-02,1.428175966514690365e-01,6.190363588641191461e-02,8.176181472570594015e-04,1.363438648529846165e-03,1.441567899246410560e-03,1.001358616164394399e-04
2.740000000000000213e-01,0.000000000000000000e+00,2.246095857632078238e-03,2.840688451038412415e-03,2.297225803377288267e-03,2.945687559153510604e-03,1.000000000000000000e+00,1.000000000000000000e+00,8.170250095908144486e-04,1.363870269220229759e-03,-1.186275332489847593e-03,8.632413807673747132e-04,4.703868272131752487e-02,2.044124513482404454e-02,1.419020722613402175e-01,6.236505618453623556e-02,8.170250095908144486e-04,1.363870269220229759e-03,-1.186275332489847593e-03,8.632413807673747132e-04
2.745000000000000218e-01,0.000000000000000000e+00,2.247033193112864084e-03,2.840748920836935927e-03,2.295789477068216865e-03,2.946332554216616901e-03,1.000000000000000000e+00,1.000000000000000000e+00,8.177430502272086841e-04,1.363930739018753271e-03,1.436081272788368576e-03,1.209395970472209366e-04,4.648106190228719348e-02,2.054545721246656825e-02,1.411199938436137613e-01,6.239370953374935580e-02,8.177430502272086841e-04,1.363930739018753271e-03,1.436081272788368576e-03,1.209395970472209366e-04
2.750000000000000222e-01,0.000000000000000000e+00,2.246229789994669702e-03,2.841174994486433871e-03,2.294335242051614640e-03,2.946943882479034771e-03,1.000000000000000000e+00,1.000000000000000000e+00,8.171276077329315364e-04,1.364356812668251215e-03,-1.230884988554220702e-03,8.521472989958527467e-04,4.703160496492116843e-02,2.043726141762004789e-02,1.423257089976598389e-01,6.219902242365714373e-02,8.171276077329315364e-04,1.364356812668251215e-03,-1.230884988554220702e-03,8.521472989958527467e-04
2.755000000000000226e-01,0.000000000000000000e+00,2.247164661330270340e-03,2.841257003698796288e-03,2.292863479060033849e-03,2.947522179038311249e-03,1.000000000000000000e+00,1.000000000000000000e+00,8.178437607245993713e-04,1.364438821880613632e-03,1.432305983335598531e-03,1.640184247250354565e-04,4.648045254299984497e-02,2.055333986502230759e-02,1.411216755672106971e-01,6.244625072124057596e-02,8.178437607245993713e-04,1.364438821880613632e-03,1.432305983335598531e-03,1.640184247250354565e-04
2.760000000000000231e-01,0.000000000000000000e+00,2.246364345360702536e-03,2.841661434714894824e-03,2.291374578670134048e-03,2.948068183318831772e-03,1.000000000000000000e+00,1.000000000000000000e+00,8.172306831233729259e-04,1.364843252896712385e-03,-1.226155202452953530e-03,8.088620321975232208e-04,4.646928411555109606e-02,2.062383887451341505e-02,1.401448638115203316e-01,6.289828109877731999e-02,8.172306831233729259e-04,1.364843252896712385e-03,-1.226155202452953530e-03,8.088620321975232208e-04
2.765000000000000235e-01,0.000000000000000000e+00,2.247296814634214008e-03,2.841755141258519267e-03,2.289868940246948467e-03,2.948582731969923848e-03,1.000000000000000000e+00,1.000000000000000000e+00,8.179449960287254540e-04,1.364936959440336394e-03,1.428625810705076845e-03,1.874130872480955648e-04,4.590853622980956006e-02,2.069655181841993999e-02,1.393786343709360331e-01,6.285322486707659029e-02,8.179449960287254540e-04,1.364936959440336394e-03,1.428625810705076845e-03,1.874130872480955648e-04
2.770000000000000240e-01,0.000000000000000000e+00,2.246469269032675548e-03,2.842152013381582867e-03,2.288346970888173806e-03,2.949066751763987186e-03,1.000000000000000000e+00,1.000000000000000000e+00,8.173110593192394434e-04,1.365333831563400428e-03,-1.267873418972006267e-03,7.937442461282138203e-04,4.646273574788025579e-02,2.061923328336194919e-02,1.405856230372082849e-01,6.275163848151057988e-02,8.173110593192394434e-04,1.365333831563400428e-03,-1.267873418972006267e-03,7.937442461282138203e-04
2.775000000000000244e-01,0.000000000000000000e+00,2.247399676917654493e-03,2.842266541758165215e-03,2.286809084368439209e-03,2.949521252494596499e-03,1.000000000000000000e+00,1.000000000000000000e+00,8.180237931093614677e-04,1.365448359939982559e-03,1.425467580244052382e-03,2.290567531641783195e-04,4.590802369791029125e-02,2.070411580138192126e-02,1.393805660901474286e-01,6.290444209954951238e-02,8.180237931093614677e-04,1.365448359939982559e-03,1.425467580244052382e-03,2.290567531641783195e-04
2.780000000000000249e-01,0.000000000000000000e+00,2.246577785907814557e-03,2.842642869279069992e-03,2.285255700083586514e-03,2.949947319874620787e-03,1.000000000000000000e+00,1.000000000000000000e+00,8.173941880684242652e-04,1.365824687460887119e-03,-1.259210081874432988e-03,7.526550418091599443e-04,4.587244929569043311e-02,2.078029778247518153e-02,1.382981636009093518e-01,6.335302999033115556e-02,8.173941880684242652e-04,1.365824687460887119e-03,-1.259210081874432988e-03,7.526550418091599443e-04
2.785000000000000253e-01,0.000000000000000000e+00,2.247503501502589110e-03,2.842767949816690527e-03,2.283687241994952245e-03,2.950346108434340458e-03,1.000000000000000000e+00,1.000000000000000000e+00,8.181033273557099597e-04,1.365949767998507871e-03,1.418278574571439068e-03,2.501610752414773747e-04,4.530895185267364011e-02,2.081884009604719615e-02,1.375540821410284609e-01,6.322157424906882373e-02,8.181033273557099597e-04,1.365949767998507871e-03,1.418278574571439068e-03,2.501610752414773747e-04
2.790000000000000258e-01,0.000000000000000000e+00,2.246651895597785720e-03,2.843136520510470243e-03,2.282104137573635720e-03,2.950718834419555764e-03,1.000000000000000000e+00,1.000000000000000000e+00,8.174509593846080542e-04,1.366318338692287370e-03,-1.304735942203792643e-03,7.371413875591761259e-04,4.586534840781739814e-02,2.077512537161486927e-02,1.387579478080740725e-01,6.322833457098489540e-02,8.174509593846080542e-04,1.366318338692287370e-03,-1.304735942203792643e-03,7.371413875591761259e-04
2.795000000000000262e-01,0.000000000000000000e+00,2.247572184000433577e-03,2.843283821340783848e-03,2.280506816744787973e-03,2.951066768689707825e-03,1.000000000000000000e+00,1.000000000000000000e+00,8.181559412015230667e-04,1.366465639522601409e-03,1.409963633830029232e-03,2.946016606278653669e-04,4.530764445294025583e-02,2.082676653050000853e-02,1.375506752675405842e-01,6.327588586200549869e-02,8.181559412015230667e-04,1.366465639522601409e-03,1.409963633830029232e-03,2.946016606278653669e-04
2.800000000000000266e-01,0.000000000000000000e+00,2.246726323783157508e-03,2.843630020835042661e-03,2.278895710831884205e-03,2.951391229615995745e-03,1.000000000000000000e+00,1.000000000000000000e+00,8.175079746824235076e-04,1.366811839016860005e-03,-1.295933038199069106e-03,6.923989885170487007e-04,4.525466369169972580e-02,2.090470003140632721e-02,1.363920206958881554e-01,6.370554970108367743e-02,8.175079746824235076e-04,1.366811839016860005e-03,-1.295933038199069106e-03,6.923989885170487007e-04
2.805000000000000271e-01,0.000000000000000000e+00,2.247642084506522656e-03,2.843789497500953407e-03,2.277271251500997094e-03,2.951693575979475945e-03,1.000000000000000000e+00,1.000000000000000000e+00,8.182094880957838145e-04,1.366971315682770751e-03,1.403026826720610515e-03,3.189533318216377332e-04,4.469033783541952881e-02,2.090927473611209342e-02,1.356709200315394381e-01,6.349617987777134154e-02,8.182094880957838145e-04,1.366971315682770751e-03,1.403026826720610515e-03,3.189533318216377332e-04
2.810000000000000275e-01,0.000000000000000000e+00,2.246767940877834185e-03,2.844125493966454844e-03,2.275633869705084855e-03,2.951975199869198794e-03,1.000000000000000000e+00,1.000000000000000000e+00,8.175398552265392658e-04,1.367307312148272405e-03,-1.339265738489171147e-03,6.719929310031727207e-04,4.524798642360550183e-02,2.089866650260624459e-02,1.368701746086799231e-01,6.360290751456916525e-02,8.175398552265392658e-04,1.367307312148272405e-03,-1.339265738489171147e-03,6.719929310031727207e-04
2.815000000000000280e-01,0.000000000000000000e+00,2.247678696630631134e-03,2.844307151901023789e-03,2.273983994628261951e-03,2.952237519580309250e-03,1.000000000000000000e+00,1.000000000000000000e+00,8.182375346100079347e-04,1.367488970082840916e-03,1.395358766937389869e-03,3.633158691369895517e-04,4.468913877856715150e-02,2.091708761942468256e-02,1.356679139156742042e-01,6.355075203275643847e-02,8.182375346100079347e-04,1.367488970082840916e-03,1.395358766937389869e-03,3.633158691369895517e-04
2.820000000000000284e-01,0.000000000000000000e+00,2.246813327461967980e-03,2.844621470861185414e-03,2.272322052630075008e-03,2.952481972512163103e-03,1.000000000000000000e+00,1.000000000000000000e+00,8.175746233671071219e-04,1.367803289043002541e-03,-1.325822485801573169e-03,6.286379203232558962e-04,4.461141004994486486e-02,2.099515501771367226e-02,1.344060511751263565e-01,6.395232090506927647e-02,8.175746233671071219e-04,1.367803289043002541e-03,-1.325822485801573169e-03,6.286379203232558962e-04
2.825000000000000289e-01,0.000000000000000000e+00,2.247718192711877384e-03,2.844814060313660079e-03,2.270648466189788706e-03,2.952710008066447567e-03,1.000000000000000000e+00,1.000000000000000000e+00,8.182677903635715913e-04,1.367995878495477423e-03,1.386333992928915964e-03,3.851789049495909752e-04,4.404728699755896398e-02,2.096404229071671677e-02,1.337138336267714722e-01,6.366014224006331934e-02,8.182677903635715913e-04,1.367995878495477423e-03,1.386333992928915964e-03,3.851789049495909752e-04
2.830000000000000293e-01,0.000000000000000000e+00,2.246822957708091532e-03,2.845117908119089781e-03,2.268963652850656924e-03,2.952923080545291016e-03,1.000000000000000000e+00,1.000000000000000000e+00,8.175820005636360178e-04,1.368299726300906908e-03,-1.371579599871202782e-03,6.076956108587768662e-04,4.460445325408549794e-02,2.098864459172359448e-02,1.349027923955044839e-01,6.387794662784486432e-02,8.175820005636360178e-04,1.368299726300906908e-03,-1.371579599871202782e-03,6.076956108587768662e-04
2.835000000000000298e-01,0.000000000000000000e+00,2.247719352426269610e-03,2.845333223303283220e-03,2.267268024164202124e-03,2.953122642049379239e-03,1.000000000000000000e+00,1.000000000000000000e+00,8.182686787563374104e-04,1.368515041485100347e-03,1.373356385402800658e-03,4.306303683867359808e-04,4.404529618234656607e-02,2.097195012557290933e-02,1.337051872380146389e-01,6.371595857700027010e-02,8.182686787563374104e-04,1.368515041485100347e-03,1.373356385402800658e-03,4.306303683867359808e-04
2.840000000000000302e-01,0.000000000000000000e+00,2.246833180710256818e-03,2.845614223997115777e-03,2.265561984634494302e-03,2.953310135376071253e-03,1.000000000000000000e+00,1.000000000000000000e+00,8.175898318376367173e-04,1.368796042178932904e-03,-1.357693837401434530e-03,5.620013876650568636e-04,4.395419387166162040e-02,2.104683253572221802e-02,1.323864383859423288e-01,6.407752652889182887e-02,8.175898318376367173e-04,1.368796042178932904e-03,-1.357693837401434530e-03,5.620013876650568636e-04
2.845000000000000306e-01,0.000000000000000000e+00,2.247723116689127193e-03,2.845841789787132824e-03,2.263845930662427772e-03,2.953486986917513817e-03,1.000000000000000000e+00,1.000000000000000000e+00,8.182715623489816978e-04,1.369023607968950168e-03,1.363461022689998808e-03,4.551315800344670208e-04,4.339209674150506374e-02,2.098052115839893483e-02,1.317182573763320819e-01,6.371011004810078759e-02,8.182715623489816978e-04,1.369023607968950168e-03,1.363461022689998808e-03,4.551315800344670208e-04
2.850000000000000311e-01,0.000000000000000000e+00,2.246808559064684616e-03,2.846109949324548104e-03,2.262120249489999249e-03,2.953654599558755076e-03,1.000000000000000000e+00,1.000000000000000000e+00,8.175709705628653136e-04,1.369291767506365231e-03,-1.401183572232716579e-03,5.363190748301060323e-04,4.394768342781430609e-02,2.103949751501352217e-02,1.328957975367391631e-01,6.403067786311891774e-02,8.175709705628653136e-04,1.369291767506365231e-03,-1.401183572232716579e-03,5.363190748301060323e-04
2.855000000000000315e-01,0.000000000000000000e+00,2.247690047312483896e-03,2.846360329470580628e-03,2.260385318144585501e-03,2.953814345575860815e-03,1.000000000000000000e+00,1.000000000000000000e+00,8.182462297367669489e-04,1.369542147652397972e-03,1.350518347803187280e-03,5.007602920654859961e-04,4.339013621843196278e-02,2.098839049636087861e-02,1.317093660468899863e-01,6.376655702923456071e-02,8.182462297367669489e-04,1.369542147652397972e-03,1.350518347803187280e-03,5.007602920654859961e-04
2.860000000000000320e-01,0.000000000000000000e+00,2.246787517697824803e-03,2.846606372307021373e-03,2.258641502383221429e-03,2.953967559534029404e-03,1.000000000000000000e+00,1.000000000000000000e+00,8.175548519407071753e-04,1.369788190488838717e-03,-1.382755592119594293e-03,4.920856728816580148e-04,4.328438251017809740e-02,2.105759200410003279e-02,1.303311675218860599e-01,6.407520952226541944e-02,8.175548519407071753e-04,1.369788190488838717e-03,-1.382755592119594293e-03,4.920856728816580148e-04
2.865000000000000324e-01,0.000000000000000000e+00,2.247661911542820148e-03,2.846867837411636883e-03,2.256889155636877722e-03,2.954115531185705010e-03,1.000000000000000000e+00,1.000000000000000000e+00,8.182246764867628658e-04,1.370049655593454443e-03,1.339649092111416849e-03,5.229302092316371253e-04,4.272568637341647019e-02,2.095575618521338876e-02,1.296893621648263772e-01,6.363390451325318109e-02,8.182246764867628658e-04,1.370049655593454443e-03,1.339649092111416849e-03,5.229302092316371253e-04
2.870000000000000329e-01,0.000000000000000000e+00,2.246730640300805167e-03,2.847100728362637976e-03,2.255128617954738068e-03,2.954259498368695148e-03,1.000000000000000000e+00,1.000000000000000000e+00,8.175112813267811388e-04,1.370282546544455320e-03,-1.426790319963393934e-03,4.657819020016554061e-04,4.327790948834447232e-02,2.104998564623521487e-02,1.308499882197683706e-01,6.406221517224348905e-02,8.175112813267811388e-04,1.370282546544455320e-03,-1.426790319963393934e-03,4.657819020016554061e-04
2.875000000000000333e-01,0.000000000000000000e+00,2.247593616820116671e-03,2.847384630805399781e-03,2.253360214948478112e-03,2.954400639904283463e-03,1.000000000000000000e+00,1.000000000000000000e+00,8.181723596939416638e-04,1.370566448987217125e-03,1.322156734321099916e-03,5.678048855236375852e-04,4.272306130595034113e-02,2.096347797811189129e-02,1.296754553357797879e-01,6.368968582127239320e-02,8.181723596939416638e-04,1.370566448987217125e-03,1.322156734321099916e-03,5.678048855236375852e-04
2.880000000000000338e-01,0.000000000000000000e+00,2.246674832477290815e-03,2.847595129595341910e-03,2.251584256736542233e-03,2.954540068495343369e-03,1.000000000000000000e+00,1.000000000000000000e+00,8.174685300536950689e-04,1.370776947777159471e-03,-1.407659280493199104e-03,4.209975798848415284e-04,4.261520720278001717e-02,2.102634615591916431e-02,1.282886216696328130e-01,6.394455525055563194e-02,8.174685300536950689e-04,1.370776947777159471e-03,-1.407659280493199104e-03,4.209975798848415284e-04
2.884999999999999787e-01,0.000000000000000000e+00,2.247529802550196285e-03,2.847890804410986229e-03,2.249801036888422496e-03,2.954678823624458210e-03,1.000000000000000000e+00,1.000000000000000000e+00,8.181234751270776828e-04,1.371072622592803790e-03,1.309890146765165528e-03,5.913496312885618096e-04,4.206147517115194079e-02,2.089004554737785083e-02,1.276653241715509091e-01,6.343480518154834269e-02,8.181234751270776828e-04,1.371072622592803790e-03,1.309890146765165528e-03,5.913496312885618096e-04
2.889999999999999791e-01,0.000000000000000000e+00,2.246584041126304873e-03,2.848086262206393424e-03,2.248010831368934571e-03,2.954817864452029264e-03,1.000000000000000000e+00,1.000000000000000000e+00,8.173989798437893270e-04,1.371268080388210551e-03,-1.448990566576710071e-03,3.909155908136700483e-04,4.260923905674737777e-02,2.101817439780286761e-02,1.288083861864248170e-01,6.396256791672019770e-02,8.173989798437893270e-04,1.371268080388210551e-03,-1.448990566576710071e-03,3.909155908136700483e-04
2.894999999999999796e-01,0.000000000000000000e+00,2.247427254136491123e-03,2.848404181246119802e-03,2.246213897482502754e-03,2.954958062714429286e-03,1.000000000000000000e+00,1.000000000000000000e+00,8.180449184846077908e-04,1.371585999427937146e-03,1.291877281636826793e-03,6.358380794531188953e-04,4.205879613081003193e-02,2.089770616310182572e-02,1.276505018576291339e-01,6.349066545292675334e-02,8.180449184846077908e-04,1.371585999427937146e-03,1.291877281636826793e-03,6.358380794531188953e-04
2.899999999999999800e-01,0.000000000000000000e+00,2.246496426719153238e-03,2.848578247533656814e-03,2.244410472855941537e-03,2.955100195862961267e-03,1.000000000000000000e+00,1.000000000000000000e+00,8.173318633140535172e-04,1.371760065715474375e-03,-1.426110341108464139e-03,3.481325750745182992e-04,4.195037292878972535e-02,2.095329760934209334e-02,1.262639439904078842e-01,6.368566926211666201e-02,8.173318633140535172e-04,1.371760065715474375e-03,-1.426110341108464139e-03,3.481325750745182992e-04
2.904999999999999805e-01,0.000000000000000000e+00,2.247331442429126736e-03,2.848906909937098768e-03,2.242600774983888670e-03,2.955244943722260594e-03,1.000000000000000000e+00,1.000000000000000000e+00,8.179715224585958283e-04,1.372088728118915895e-03,1.279318289084666787e-03,6.573248068832112170e-04,4.140291105566332869e-02,2.078339832456498060e-02,1.256590824778479887e-01,6.311135616753284217e-02,8.179715224585958283e-04,1.372088728118915895e-03,1.279318289084666787e-03,6.573248068832112170e-04
2.909999999999999809e-01,0.000000000000000000e+00,2.246374352220198954e-03,2.849065719881138659e-03,2.240785001747219469e-03,2.955392891234693079e-03,1.000000000000000000e+00,1.000000000000000000e+00,8.172383488224829132e-04,1.372247538062956219e-03,-1.466347272225815681e-03,3.176198880808436147e-04,4.194467084309173172e-02,2.094511281660201701e-02,1.267804529559810323e-01,6.373833979007047235e-02,8.172383488224829132e-04,1.372247538062956219e-03,-1.466347272225815681e-03,3.176198880808436147e-04
2.914999999999999813e-01,0.000000000000000000e+00,2.247195461258421657e-03,2.849415570135537847e-03,2.238963332188780887e-03,2.955544532814412869e-03,1.000000000000000000e+00,1.000000000000000000e+00,8.178673548384083388e-04,1.372597388317354974e-03,1.258012031850909472e-03,6.997005087976068422e-04,4.139974437053042799e-02,2.079076058773578900e-02,1.256403999504584479e-01,6.316516023780173461e-02,8.178673548384083388e-04,1.372597388317354974e-03,1.258012031850909472e-03,6.997005087976068422e-04
2.919999999999999818e-01,0.000000000000000000e+00,2.246253732938726776e-03,2.849553504748251337e-03,2.237135927294068259e-03,2.955700276732262446e-03,1.000000000000000000e+00,1.000000000000000000e+00,8.171459490921783534e-04,1.372735322930068898e-03,-1.442811492459997050e-03,2.758692254279122152e-04,4.129926316655486984e-02,2.084096689556140525e-02,1.242890412952890322e-01,6.330963183877272304e-02,8.171459490921783534e-04,1.372735322930068898e-03,-1.442811492459997050e-03,2.758692254279122152e-04
2.924999999999999822e-01,0.000000000000000000e+00,2.247065673264599800e-03,2.849914153516190478e-03,2.235302930771905505e-03,2.955860449500663512e-03,1.000000000000000000e+00,1.000000000000000000e+00,8.177679314669577702e-04,1.373095971698007822e-03,1.243964749558917069e-03,7.212975358780117537e-04,4.075925535444763215e-02,2.063880039913546308e-02,1.236964987220541545e-01,6.267319195135151455e-02,8.177679314669577702e-04,1.373095971698007822e-03,1.243964749558917069e-03,7.212975358780117537e-04
2.929999999999999827e-01,0.000000000000000000e+00,2.246099516658682516e-03,2.850035534397282397e-03,2.233464469835103224e-03,2.956025300258499633e-03,1.000000000000000000e+00,1.000000000000000000e+00,8.170278125678119823e-04,1.373217352579099958e-03,-1.480237798291534788e-03,2.427617621844714363e-04,4.129405079285890928e-02,2.083249813084192548e-02,1.247957934233715344e-01,6.339222589868211133e-02,8.170278125678119823e-04,1.373217352579099958e-03,-1.480237798291534788e-03,2.427617621844714363e-04
2.934999999999999831e-01,0.000000000000000000e+00,2.246896988414750183e-03,2.850416871436302173e-03,2.231620655981144535e-03,2.956195005156017977e-03,1.000000000000000000e+00,1.000000000000000000e+00,8.176387113750919512e-04,1.373598689618119300e-03,1.221797614560031714e-03,7.626740780388768706e-04,4.075596348278028719e-02,2.064605828676507882e-02,1.236764573351138846e-01,6.272640336968758612e-02,8.176387113750919512e-04,1.373598689618119300e-03,1.221797614560031714e-03,7.626740780388768706e-04
2.939999999999999836e-01,0.000000000000000000e+00,2.245947960917881597e-03,2.850518511932934214e-03,2.229771585772850548e-03,2.956369671739707619e-03,1.000000000000000000e+00,1.000000000000000000e+00,8.169117141347486495e-04,1.373700330114751775e-03,-1.453994480686653578e-03,2.032809932647712320e-04,4.066463213138565153e-02,2.069149593448777608e-02,1.223680143846612306e-01,6.282144600706190962e-02,8.169117141347486495e-04,1.373700330114751775e-03,-1.453994480686653578e-03,2.032809932647712320e-04
2.944999999999999840e-01,0.000000000000000000e+00,2.246736289122940045e-03,2.850909822723970109e-03,2.227917341619051021e-03,2.956549343337195636e-03,1.000000000000000000e+00,1.000000000000000000e+00,8.175156085755875971e-04,1.374091640905787236e-03,1.207788881677897578e-03,7.826215820710451720e-04,4.013311821419018877e-02,2.045855970591625717e-02,1.217874495989966083e-01,6.212716936922833139e-02,8.175156085755875971e-04,1.374091640905787236e-03,1.207788881677897578e-03,7.826215820710451720e-04
2.949999999999999845e-01,0.000000000000000000e+00,2.245764195933704944e-03,2.850994815027703671e-03,2.226057992555263709e-03,2.956734003442137992e-03,1.000000000000000000e+00,1.000000000000000000e+00,8.167709419897800985e-04,1.374176633209521015e-03,-1.489333171615003478e-03,1.699846074677491487e-04,4.065978624044026130e-02,2.068319573765660738e-02,1.228622305102088363e-01,6.293495119306379004e-02,8.167709419897800985e-04,1.374176633209521015e-03,-1.489333171615003478e-03,1.699846074677491487e-04
2.954999999999999849e-01,0.000000000000000000e+00,2.246536734519135117e-03,2.851405475449258521e-03,2.224193595024361557e-03,2.956923580099109130e-03,1.000000000000000000e+00,1.000000000000000000e+00,8.173627408802440616e-04,1.374587293631076082e-03,1.183597780927838012e-03,8.213208431099515948e-04,4.012950348088917957e-02,2.046546798929657976e-02,1.217647726182932988e-01,6.217772772603823161e-02,8.173627408802440616e-04,1.374587293631076082e-03,1.183597780927838012e-03,8.213208431099515948e-04
2.959999999999999853e-01,0.000000000000000000e+00,2.245582089283152359e-03,2.851471722732883910e-03,2.222324193657249439e-03,2.957117950288493287e-03,1.000000000000000000e+00,1.000000000000000000e+00,8.166314402020691948e-04,1.374653540914701254e-03,-1.462601356349703006e-03,1.324945672503739878e-04,4.005148884867502229e-02,2.050890159017680625e-02,1.205170128986832040e-01,6.223603126714322142e-02,8.166314402020691948e-04,1.374653540914701254e-03,-1.462601356349703006e-03,1.324945672503739878e-04
2.964999999999999858e-01,0.000000000000000000e+00,2.246344686187549435e-03,2.851891962467474704e-03,2.220449822053529622e-03,2.957316944311368448e-03,1.000000000000000000e+00,1.000000000000000000e+00,8.172156233230226880e-04,1.375073780649292048e-03,1.168366241907061115e-03,8.404794691814199397e-04,3.952931073542295670e-02,2.024656643543901180e-02,1.199450634331598320e-01,6.148461599048290344e-02,8.172156233230226880e-04,1.375073780649292048e-03,1.168366241907061115e-03,8.404794691814199397e-04
2.969999999999999862e-01,0.000000000000000000e+00,2.245368684237344058e-03,2.851940791549656407e-03,2.218570503562181974e-03,2.957520350174405472e-03,1.000000000000000000e+00,1.000000000000000000e+00,8.164679624525944838e-04,1.375122609731473751e-03,-1.495321740856466212e-03,9.765816436359817717e-05,4.004706449278370300e-02,2.050053469360587494e-02,1.209949112914862485e-01,6.237542257143819519e-02,8.164679624525944838e-04,1.375122609731473751e-03,-1.495321740856466212e-03,9.765816436359817717e-05
2.974999999999999867e-01,0.000000000000000000e+00,2.246114852632894419e-03,2.852379644935795246e-03,2.216686252062231594e-03,2.957727917974750740e-03,1.000000000000000000e+00,1.000000000000000000e+00,8.170395606056365468e-04,1.375561463117612807e-03,1.143196306084189864e-03,8.777067722780020889e-04,3.952552586802991763e-02,2.025331851033904118e-02,1.199208489385175103e-01,6.153399158093521282e-02,8.170395606056365468e-04,1.375561463117612807e-03,1.143196306084189864e-03,8.777067722780020889e-04
2.979999999999999871e-01,0.000000000000000000e+00,2.245157432217932680e-03,2.852410850812545084e-03,2.214797072743423384e-03,2.957939364284923982e-03,1.000000000000000000e+00,1.000000000000000000e+00,8.163061340170264671e-04,1.375592668994362212e-03,-1.466853177220150831e-03,6.241175349901563300e-05,3.946110631256843915e-02,2.029605229237223252e-02,1.187375140037756210e-01,6.156035998819440330e-02,8.163061340170264671e-04,1.375592668994362212e-03,-1.466853177220150831e-03,6.241175349901563300e-05
2.984999999999999876e-01,0.000000000000000000e+00,2.245893727121825532e-03,2.852858654249096088e-03,2.212902962886895315e-03,2.958154376537700924e-03,1.000000000000000000e+00,1.000000000000000000e+00,8.168701686366506816e-04,1.376040472430913432e-03,1.128069239248340747e-03,8.956068731022276321e-04,3.894901090330241816e-02,2.000600852579753966e-02,1.181740812842332761e-01,6.075578041109824801e-02,8.168701686366506816e-04,1.376040472430913432e-03,1.128069239248340747e-03,8.956068731022276321e-04
2.989999999999999880e-01,0.000000000000000000e+00,2.244916582997141894e-03,2.852872438104956613e-03,2.211003912645846496e-03,2.958372617411009382e-03,1.000000000000000000e+00,1.000000000000000000e+00,8.161216328098103590e-04,1.376054256286773957e-03,-1.497071653680576023e-03,2.756771172122409949e-05,3.945705991036144861e-02,2.028793585733639632e-02,1.191979887168217039e-01,6.172497186498940996e-02,8.161216328098103590e-04,1.376054256286773957e-03,-1.497071653680576023e-03,2.756771172122409949e-05
2.994999999999999885e-01,0.000000000000000000e+00,2.245635762967479292e-03,2.853337529529255574e-03,2.209099905826216077e-03,2.958593729212815378e-03,1.000000000000000000e+00,1.000000000000000000e+00,8.166725566296899894e-04,1.376519347711072918e-03,1.101847639759211085e-03,9.301828485977806874e-04,3.894502435445748589e-02,2.001242299206248965e-02,1.181482054993012731e-01,6.080249077938267022e-02,8.166725566296899894e-04,1.376519347711072918e-03,1.101847639759211085e-03,9.301828485977806874e-04
2.999999999999999889e-01,0.000000000000000000e+00,2.244677415020056559e-03,2.853334881681382756e-03,2.207190920667349582e-03,2.958817338266015763e-03,1.000000000000000000e+00,1.000000000000000000e+00,8.159384195099920589e-04,1.376516699863200100e-03,-1.468274239395866510e-03,-5.295695745831711064e-06,3.889499094435218407e-02,2.005671796666237336e-02,1.170337148561704649e-01,6.080739078288294186e-02,8.159384195099920589e-04,1.376516699863200100e-03,-1.468274239395866510e-03,-5.295695745831711064e-06
3.004999999999999893e-01,0.000000000000000000e+00,2.245386182430260391e-03,2.853808293076347258e-03,2.205276930622676514e-03,2.959043059293329104e-03,1.000000000000000000e+00,1.000000000000000000e+00,8.164813668460425616e-04,1.376990111258164819e-03,1.085894672100971457e-03,9.468227899293722889e-04,3.839357678096611687e-02,1.974023188354844319e-02,1.164779616449221206e-01,5.994993084564784191e-02,8.164813668460425616e-04,1.376990111258164819e-03,1.085894672100971457e-03,9.468227899293722889e-04
3.009999999999999898e-01,0.000000000000000000e+00,2.244409595195727934e-03,2.853787832241480148e-03,2.203357905140379720e-03,2.959270499802182236e-03,1.000000000000000000e+00,1.000000000000000000e+00,8.157332576218081274e-04,1.376969650423297492e-03,-1.496218448468832280e-03,-4.092166973453385988e-05,3.889128041047282963e-02,2.004866472329880356e-02,1.174752959717617479e-01,6.099315181769677380e-02,8.157332576218081274e-04,1.376969650423297492e-03,-1.496218448468832280e-03,-4.092166973453385988e-05
3.014999999999999902e-01,0.000000000000000000e+00,2.245100630657600668e-03,2.854277660891274115e-03,2.201433810444067794e-03,2.959499264469604186e-03,1.000000000000000000e+00,1.000000000000000000e+00,8.162626214973738546e-04,1.377459479073091459e-03,1.058727751131449115e-03,9.796572995881297919e-04,3.838940153691225432e-02,1.974644486647283981e-02,1.164505670898040163e-01,5.999505582505480078e-02,8.162626214973738546e-04,1.377459479073091459e-03,1.058727751131449115e-03,9.796572995881297919e-04
3.019999999999999907e-01,0.000000000000000000e+00,2.244143498449615443e-03,2.854241785578569626e-03,2.199504610313449647e-03,2.959728959527115327e-03,1.000000000000000000e+00,1.000000000000000000e+00,8.155294156881165825e-04,1.377423603760386970e-03,-1.466411618514651101e-03,-7.175062540895095486e-05,3.835376016916165753e-02,1.979383763265389617e-02,1.154070551737018391e-01,5.998492757684208143e-02,8.155294156881165825e-04,1.377423603760386970e-03,-1.466411618514651101e-03,-7.175062540895095486e-05
3.024999999999999911e-01,0.000000000000000000e+00,2.244824164738809698e-03,2.854739458275827244e-03,2.197570266865005607e-03,2.959959197145617393e-03,1.000000000000000000e+00,1.000000000000000000e+00,8.160508363165722232e-04,1.377921276457644588e-03,1.042841256911240409e-03,9.953453945153593104e-04,3.786353518603788326e-02,1.945256472114574239e-02,1.148587508471126534e-01,5.907800791652936118e-02,8.160508363165722232e-04,1.377921276457644588e-03,1.042841256911240409e-03,9.953453945153593104e-04
3.029999999999999916e-01,0.000000000000000000e+00,2.243850476826658377e-03,2.854685833102637692e-03,2.195630741332660254e-03,2.960189599820284376e-03,1.000000000000000000e+00,1.000000000000000000e+00,8.153049481021368240e-04,1.377867651284455036e-03,-1.491776428870714112e-03,-1.072503463791225735e-04,3.835040057052240686e-02,1.978605415373376961e-02,1.158295237091115926e-01,6.019030565298749691e-02,8.153049481021368240e-04,1.377867651284455036e-03,-1.491776428870714112e-03,-1.072503463791225735e-04
3.034999999999999920e-01,0.000000000000000000e+00,2.244513144636330754e-03,2.855198738363655571e-03,2.193685994848454824e-03,2.960419804755450805e-03,1.000000000000000000e+00,1.000000000000000000e+00,8.158125810953698086e-04,1.378380556545472915e-03,1.015265986465936935e-03,1.025810522035903267e-03,3.785923790809248013e-02,1.945847367225132796e-02,1.148303671248106644e-01,5.912070285280866810e-02,8.158125810953698086e-04,1.378380556545472915e-03,1.015265986465936935e-03,1.025810522035903267e-03
3.039999999999999925e-01,0.000000000000000000e+00,2.243559037073941578e-03,2.855130924222241268e-03,2.191735989223218741e-03,2.960649468249504368e-03,1.000000000000000000e+00,1.000000000000000000e+00,8.150816922990639394e-04,1.378312742404058829e-03,-1.461777592611726443e-03,-1.356282828283298172e-04,3.783778943186773269e-02,1.951078560734998552e-02,1.138582269789135126e-01,5.910400739060865660e-02,8.150816922990639394e-04,1.378312742404058829e-03,-1.461777592611726443e-03,-1.356282828283298172e-04
3.044999999999999929e-01,0.000000000000000000e+00,2.244211089265545772e-03,2.855650975492143168e-03,2.189780687727244188e-03,2.960878270079774638e-03,1.000000000000000000e+00,1.000000000000000000e+00,8.155811932570658507e-04,1.378832793673960295e-03,9.990019160038630507e-04,1.040102539803070729e-03,3.735915870177854842e-02,1.914595254542698563e-02,1.133172360815235813e-01,5.814810935320488539e-02,8.155811932570658507e-04,1.378832793673960295e-03,9.990019160038630507e-04,1.040102539803070729e-03
3.049999999999999933e-01,0.000000000000000000e+00,2.243241740396942525e-03,2.855565321330621846e-03,2.187820055870956775e-03,2.961105917887424822e-03,1.000000000000000000e+00,1.000000000000000000e+00,8.148386289428288277e-04,1.378747139512439190e-03,-1.485128628474047816e-03,-1.713083230421989008e-04,3.783469785208355002e-02,1.950316037032862396e-02,1.142607864213120161e-01,5.932583554104578494e-02,8.148386289428288277e-04,1.378747139512439190e-03,-1.485128628474047816e-03,-1.713083230421989008e-04
3.054999999999999938e-01,0.000000000000000000e+00,2.243875328845421589e-03,2.856099638280531691e-03,2.185854062185137343e-03,2.961332151559474719e-03,1.000000000000000000e+00,1.000000000000000000e+00,8.153239858530104056e-04,1.379281456462348818e-03,9.707138203631918757e-04,1.068633899819129620e-03,3.735469052790287015e-02,1.915161457387741864e-02,1.132875834171647306e-01,5.818887858600347435e-02,8.153239858530104056e-04,1.379281456462348818e-03,9.707138203631918757e-04,1.068633899819129620e-03
3.059999999999999942e-01,0.000000000000000000e+00,2.242925836544802393e-03,2.856000734636147953e-03,2.183882678928693484e-03,2.961556747151425101e-03,1.000000000000000000e+00,1.000000000000000000e+00,8.145966325523369038e-04,1.379182552817965080e-03,-1.454706601347107364e-03,-1.978072887676624904e-04,3.734851064134854515e-02,1.921121524241939382e-02,1.123924806259898740e-01,5.817578997717178652e-02,8.145966325523369038e-04,1.379182552817965080e-03,-1.454706601347107364e-03,-1.978072887676624904e-04
3.064999999999999947e-01,0.000000000000000000e+00,2.243548875063637593e-03,2.856541807564547120e-03,2.181905882347711864e-03,2.961779517964469380e-03,1.000000000000000000e+00,1.000000000000000000e+00,8.150739077475396051e-04,1.379723625746364464e-03,9.545503904054995683e-04,1.082145856798897091e-03,3.688173566770999029e-02,1.882447528071515969e-02,1.118572902101428318e-01,5.717341374922099706e-02,8.150739077475396051e-04,1.379723625746364464e-03,9.545503904054995683e-04,1.082145856798897091e-03
3.069999999999999951e-01,0.000000000000000000e+00,2.242585814822977384e-03,2.856425271432693272e-03,2.179923652533505805e-03,2.962000313079923321e-03,1.000000000000000000e+00,1.000000000000000000e+00,8.143361608017932445e-04,1.379607089614510616e-03,-1.475493891492616521e-03,-2.330722637078441566e-04,3.734573731180672318e-02,1.920389444547344893e-02,1.127744749811075836e-01,5.841145792513212365e-02,8.143361608017932445e-04,1.379607089614510616e-03,-1.475493891492616521e-03,-2.330722637078441566e-04
3.074999999999999956e-01,0.000000000000000000e+00,2.243190465416544221e-03,2.856979535135644073e-03,2.177935973231555876e-03,2.962219015582200771e-03,1.000000000000000000e+00,1.000000000000000000e+00,8.147993500290235096e-04,1.380161353317461634e-03,9.263784544605330618e-04,1.108527405902159316e-03,3.687721351025358141e-02,1.882985072137551355e-02,1.118272175582654127e-01,5.721188551530753674e-02,8.147993500290235096e-04,1.380161353317461634e-03,9.263784544605330618e-04,1.108527405902159316e-03
3.079999999999999960e-01,0.000000000000000000e+00,2.242247202791526790e-03,2.856850978261703169e-03,2.175942831650311271e-03,2.962435540780950210e-03,1.000000000000000000e+00,1.000000000000000000e+00,8.140767689367269574e-04,1.380032796443520513e-03,-1.445162184593001961e-03,-2.571137478822559108e-04,3.688660551268314186e-02,1.889894972405670517e-02,1.110112415999886526e-01,5.721222789281700527e-02,8.140767689367269574e-04,1.380032796443520513e-03,-1.445162184593001961e-03,-2.571137478822559108e-04
3.084999999999999964e-01,0.000000000000000000e+00,2.242841358359854570e-03,2.857411312787764245e-03,2.173944218269992928e-03,2.962649834433196076e-03,1.000000000000000000e+00,1.000000000000000000e+00,8.145319185081927472e-04,1.380593130969581805e-03,9.102991429316001967e-04,1.120669052122740504e-03,3.643184129820025569e-02,1.849163593446073381e-02,1.104809942789867078e-01,5.616391513085929044e-02,8.145319185081927472e-04,1.380593130969581805e-03,9.102991429316001967e-04,1.120669052122740504e-03
3.089999999999999969e-01,0.000000000000000000e+00,2.241885759533915681e-03,2.857265356670161613e-03,2.171940126651397511e-03,2.962861870965478785e-03,1.000000000000000000e+00,1.000000000000000000e+00,8.137998873377312115e-04,1.380447174851979174e-03,-1.464062340923147918e-03,-2.919122352051772406e-04,3.688405284179277488e-02,1.889189717066607627e-02,1.113715433019896867e-01,5.745859293946860985e-02,8.137998873377312115e-04,1.380447174851979174e-03,-1.464062340923147918e-03,-2.919122352051772406e-04
3.094999999999999973e-01,0.000000000000000000e+00,2.242461378585094110e-03,2.857837824815369875e-03,2.169930553244702690e-03,2.963071651695994325e-03,1.000000000000000000e+00,1.000000000000000000e+00,8.142408371132400921e-04,1.381019642997187219e-03,8.818995510178593861e-04,1.144936290415982105e-03,3.642720943224306285e-02,1.849671751112674789e-02,1.104501869638195022e-01,5.620010733898190419e-02,8.142408371132400921e-04,1.381019642997187219e-03,8.818995510178593861e-04,1.144936290415982105e-03
3.099999999999999978e-01,0.000000000000000000e+00,2.241525446689816500e-03,2.857680772664031310e-03,2.167915497198268527e-03,2.963279203056731238e-03,1.000000000000000000e+00,1.000000000000000000e+00,8.135238716857246021e-04,1.380862590845848654e-03,-1.433930855031033099e-03,-3.141043026769372790e-04,3.645303260733089024e-02,1.857796572701888096e-02,1.097174736062855177e-01,5.622550776879110118e-02,8.135238716857246021e-04,1.380862590845848654e-03,-1.433930855031033099e-03,-3.141043026769372790e-04
3.104999999999999982e-01,0.000000000000000000e+00,2.242090680775494539e-03,2.858258917138064084e-03,2.165894960167443623e-03,2.963484574815613681e-03,1.000000000000000000e+00,1.000000000000000000e+00,8.139568661161198076e-04,1.381440735319881645e-03,8.659888607904862434e-04,1.156288948065800669e-03,3.601028005020469325e-02,1.815167343296280808e-02,1.091905172965474957e-01,5.513294659515911161e-02,8.139568661161198076e-04,1.381440735319881645e-03,8.659888607904862434e-04,1.156288948065800669e-03
3.109999999999999987e-01,0.000000000000000000e+00,2.241143958827288528e-03,2.858084845901603423e-03,2.163868946123367366e-03,2.963687838298640579e-03,1.000000000000000000e+00,1.000000000000000000e+00,8.132316350285175976e-04,1.381266664083420550e-03,-1.450462175204429759e-03,-3.481424729223899037e-04,3.645074845324275392e-02,1.857125182508670425e-02,1.100557886040146593e-01,5.647934490706228022e-02,8.132316350285175976e-04,1.381266664083420550e-03,-1.450462175204429759e-03,-3.481424729223899037e-04
3.114999999999999991e-01,0.000000000000000000e+00,2.241690986269634714e-03,2.858674147000240390e-03,2.161837461161774353e-03,2.963889084612023484e-03,1.000000000000000000e+00,1.000000000000000000e+00,8.136506823609605593e-04,1.381855965182057734e-03,8.380946648859951675e-04,1.178602197274252871e-03,3.600564762104158101e-02,1.815648050465287766e-02,1.091597454717577326e-01,5.516694327426206051e-02,8.136506823609605593e-04,1.381855965182057734e-03,8.380946648859951675e-04,1.178602197274252871e-03
3.119999999999999996e-01,0.000000000000000000e+00,2.240763645302352135e-03,2.858490135115214145e-03,2.159800513311798363e-03,2.964088422864328762e-03,1.000000000000000000e+00,1.000000000000000000e+00,8.129402979660971685e-04,1.381671953297031272e-03,-1.420768789726764006e-03,-3.680237700528531716e-04,3.604757087646215385e-02,1.825169880418483354e-02,1.085096194531429692e-01,5.522565556628306060e-02,8.129402979660971685e-04,1.381671953297031272e-03,-1.420768789726764006e-03,-3.680237700528531716e-04
3.125000000000000000e-01,0.000000000000000000e+00,2.241300550949847700e-03,2.859084497570697769e-03,2.157758112344773313e-03,2.964285978388613713e-03,1.000000000000000000e+00,1.000000000000000000e+00,8.133515915538405520e-04,1.382266315752514897e-03,8.225871754867972434e-04,1.188724910967123294e-03,3.561674990389567669e-02,1.780778704240306917e-02,1.079853860275738764e-01,5.408987951802001620e-02,8.133515915538405520e-04,1.382266315752514897e-03,8.225871754867972434e-04,1.188724910967123294e-03
3.130000000000000004e-01,0.000000000000000000e+00,2.240363544205226445e-03,2.858883941760156401e-03,2.155710269583044174e-03,2.964481890964574401e-03,1.000000000000000000e+00,1.000000000000000000e+00,8.126338027439584336e-04,1.382065759941973528e-03,-1.435577619764306879e-03,-4.011116210829424565e-04,3.604546252775747001e-02,1.824532347137025612e-02,1.088255973467218557e-01,5.548433162997511853e-02,8.126338027439584336e-04,1.382065759941973528e-03,-1.435577619764306879e-03,-4.011116210829424565e-04
3.135000000000000009e-01,0.000000000000000000e+00,2.240882416328131288e-03,2.859488415875798082e-03,2.153656997708758812e-03,2.964676313040666596e-03,1.000000000000000000e+00,1.000000000000000000e+00,8.130312818503987893e-04,1.382670234057615426e-03,7.949582128806578860e-04,1.208948231283919804e-03,3.561207783736829169e-02,1.781228499018688502e-02,1.079544502564466352e-01,5.412148782662788010e-02,8.130312818503987893e-04,1.382670234057615426e-03,7.949582128806578860e-04,1.208948231283919804e-03
3.140000000000000013e-01,0.000000000000000000e+00,2.239964348091730024e-03,2.859278797306412118e-03,2.151598310572687585e-03,2.964869407956274849e-03,1.000000000000000000e+00,1.000000000000000000e+00,8.123280007794998021e-04,1.382460615488229462e-03,-1.406562141798065350e-03,-4.192371387721192683e-04,3.567041052479018315e-02,1.792388003748440761e-02,1.073883342046828421e-01,5.422431956174923046e-02,8.123280007794998021e-04,1.382460615488229462e-03,-1.406562141798065350e-03,-4.192371387721192683e-04
3.145000000000000018e-01,0.000000000000000000e+00,2.240473288767386509e-03,2.859887934895257323e-03,2.149534223003009541e-03,2.965061348163820429e-03,1.000000000000000000e+00,1.000000000000000000e+00,8.127178719559637228e-04,1.383069753077074667e-03,7.797423529278359796e-04,1.218275177690236657e-03,3.525130905430953060e-02,1.746382077605136696e-02,1.068654783606975966e-01,5.304658592731115174e-02,8.127178719559637228e-04,1.383069753077074667e-03,7.797423529278359796e-04,1.218275177690236657e-03
3.150000000000000022e-01,0.000000000000000000e+00,2.239546897991763659e-03,2.859662306306354207e-03,2.147464750614132452e-03,2.965252313450928660e-03,1.000000000000000000e+00,1.000000000000000000e+00,8.120082154501412569e-04,1.382844124488171551e-03,-1.419313011644921093e-03,-4.512571778061290253e-04,3.566851385169214628e-02,1.791786528581405108e-02,1.076822084288815429e-01,5.448465953375633553e-02,8.120082154501412569e-04,1.382844124488171551e-03,-1.419313011644921093e-03,-4.512571778061290253e-04
3.155000000000000027e-01,0.000000000000000000e+00,2.240038321224368904e-03,2.860280676359985581e-03,2.145389909615484647e-03,2.965442489162546831e-03,1.000000000000000000e+00,1.000000000000000000e+00,8.123846674866977294e-04,1.383462494541802925e-03,7.529040731130167124e-04,1.236740107262810241e-03,3.524668002781208842e-02,1.746805672538497348e-02,1.068349466032335882e-01,5.307611267842618497e-02,8.123846674866977294e-04,1.383462494541802925e-03,7.529040731130167124e-04,1.236740107262810241e-03
3.160000000000000031e-01,0.000000000000000000e+00,2.239130372580238129e-03,2.860047012970110773e-03,2.143309716620325073e-03,2.965632064423097229e-03,1.000000000000000000e+00,1.000000000000000000e+00,8.116891384732240851e-04,1.383228831151928117e-03,-1.391058026947307588e-03,-4.673267797494029627e-04,3.532070159700354678e-02,1.759739585399611173e-02,1.063502968582094449e-01,5.322953800359785104e-02,8.116891384732240851e-04,1.383228831151928117e-03,-1.391058026947307588e-03,-4.673267797494029627e-04
3.165000000000000036e-01,0.000000000000000000e+00,2.239612255816007466e-03,2.860669526135072287e-03,2.141224188454545103e-03,2.965821230358613690e-03,1.000000000000000000e+00,1.000000000000000000e+00,8.120582824482175345e-04,1.383851344316889631e-03,7.382879499869948996e-04,1.245026329922814751e-03,3.491304374564405122e-02,1.712249913444504126e-02,1.058284113535828408e-01,5.201122006556237187e-02,8.120582824482175345e-04,1.383851344316889631e-03,7.382879499869948996e-04,1.245026329922814751e-03
3.170000000000000040e-01,0.000000000000000000e+00,2.238696975679337758e-03,2.860420493600169221e-03,2.139133341965472525e-03,2.966010178318876853e-03,1.000000000000000000e+00,1.000000000000000000e+00,8.113571371856242607e-04,1.383602311781986349e-03,-1.402290525186607574e-03,-4.980650698065644012e-04,3.531893978127850775e-02,1.759175527220940491e-02,1.066223347356598378e-01,5.348940109690702993e-02,8.113571371856242607e-04,1.383602311781986349e-03,-1.402290525186607574e-03,-4.980650698065644012e-04
3.175000000000000044e-01,0.000000000000000000e+00,2.239161785564583798e-03,2.861051279438980941e-03,2.137037193830674218e-03,2.966199098099560685e-03,1.000000000000000000e+00,1.000000000000000000e+00,8.117132022153239522e-04,1.384233097620798285e-03,7.121300593994613157e-04,1.261571677623703203e-03,3.490844042320929291e-02,1.712643569292208665e-02,1.057982236133803572e-01,5.203843911618195872e-02,8.117132022153239522e-04,1.384233097620798285e-03,7.121300593994613157e-04,1.261571677623703203e-03
3.180000000000000049e-01,0.000000000000000000e+00,2.238264284298738423e-03,2.860795012965264457e-03,2.134935760366763174e-03,2.966388176164367306e-03,1.000000000000000000e+00,1.000000000000000000e+00,8.110256763579306487e-04,1.383976831147081584e-03,-1.375051714786665802e-03,-5.125329474335977263e-04,3.499764800200268200e-02,1.727508394639568762e-02,1.053928610986425984e-01,5.224997455164674676e-02,8.110256763579306487e-04,1.383976831147081584e-03,-1.375051714786665802e-03,-5.125329474335977263e-04
3.185000000000000053e-01,0.000000000000000000e+00,2.238719818974390166e-03,2.861429548529094077e-03,2.132829057338197706e-03,2.966577593867167871e-03,1.000000000000000000e+00,1.000000000000000000e+00,8.113746361648620144e-04,1.384611366710911205e-03,6.979196138628361839e-04,1.269071127659305524e-03,3.460107936001521195e-02,1.678663445649410113e-02,1.048713071500136651e-01,5.099232156943574179e-02,8.113746361648620144e-04,1.384611366710911205e-03,6.979196138628361839e-04,1.269071127659305524e-03
3.190000000000000058e-01,0.000000000000000000e+00,2.237816079185297319e-03,2.861158537989847046e-03,2.130717099766089341e-03,2.966767525674143466e-03,1.000000000000000000e+00,1.000000000000000000e+00,8.106823313214015902e-04,1.384340356171664174e-03,-1.384609686920811001e-03,-5.420210784940723055e-04,3.499604031247000036e-02,1.726980070505460332e-02,1.056439517557033192e-01,5.250684911797442317e-02,8.106823313214015902e-04,1.384340356171664174e-03,-1.384609686920811001e-03,-5.420210784940723055e-04
3.195000000000000062e-01,0.000000000000000000e+00,2.238255159137704075e-03,2.861800575877366040e-03,2.128599901737004193e-03,2.966958137385922959e-03,1.000000000000000000e+00,1.000000000000000000e+00,8.110186860790278380e-04,1.384982394059183167e-03,6.727095152524494980e-04,1.284075775037879334e-03,3.459654826456010773e-02,1.679032758282696103e-02,1.048417688727439206e-01,5.101762755631234630e-02,8.110186860790278380e-04,1.384982394059183167e-03,6.727095152524494980e-04,1.284075775037879334e-03
3.200000000000000067e-01,0.000000000000000000e+00,2.237368563232949858e-03,2.861523191777658355e-03,2.126477476211782562e-03,2.967149584359827542e-03,1.000000000000000000e+00,1.000000000000000000e+00,8.103395142128986964e-04,1.384705009959475482e-03,-1.358343732258305127e-03,-5.547681994152986983e-04,3.469964177088208368e-02,1.695872846323724994e-02,1.045105795755253419e-01,5.129011536688904416e-02,8.103395142128986964e-04,1.384705009959475482e-03,-1.358343732258305127e-03,-5.547681994152986983e-04
3.205000000000000071e-01,0.000000000000000000e+00,2.237798798406159806e-03,2.862168555011664235e-03,2.124349834843601570e-03,2.967342009792826689e-03,1.000000000000000000e+00,1.000000000000000000e+00,8.106690934765706409e-04,1.385350373193481579e-03,6.591585273439564460e-04,1.290726468012002269e-03,3.431377560650742536e-02,1.645788969916431657e-02,1.039894433133212448e-01,4.999496202995221128e-02,8.106690934765706409e-04,1.385350373193481579e-03,6.591585273439564460e-04,1.290726468012002269e-03
3.210000000000000075e-01,0.000000000000000000e+00,2.236906792810871084e-03,2.861877124444466968e-03,2.122216987881427389e-03,2.967535543565434728e-03,1.000000000000000000e+00,1.000000000000000000e+00,8.099857775470687684e-04,1.385058942626284312e-03,-1.366631859003705719e-03,-5.828611343946194043e-04,3.469813232737885278e-02,1.695380969100898638e-02,1.047417322466368261e-01,5.154271963696700071e-02,8.099857775470687684e-04,1.385058942626284312e-03,-1.366631859003705719e-03,-5.828611343946194043e-04
3.215000000000000080e-01,0.000000000000000000e+00,2.237321166986057375e-03,2.862529173571567651e-03,2.120078944178707941e-03,2.967730301776940263e-03,1.000000000000000000e+00,1.000000000000000000e+00,8.103032065813423751e-04,1.385710991753384995e-03,6.348580685471086078e-04,1.304098254201378759e-03,3.430931274248881502e-02,1.646131546105009114e-02,1.039605665361582609e-01,5.001821628708810752e-02,8.103032065813423751e-04,1.385710991753384995e-03,6.348580685471086078e-04,1.304098254201378759e-03
3.220000000000000084e-01,0.000000000000000000e+00,2.236445552876455654e-03,2.862232057991351449e-03,2.117935711221105924e-03,2.967926386405739941e-03,1.000000000000000000e+00,1.000000000000000000e+00,8.096324472583652345e-04,1.385413876173169009e-03,-1.341518645954178695e-03,-5.942311604318528846e-04,3.442495520690467409e-02,1.664973689401079773e-02,1.036978771686342393e-01,5.035398983732727179e-02,8.096324472583652345e-04,1.385413876173169009e-03,-1.341518645954178695e-03,-5.942311604318528846e-04
3.225000000000000089e-01,0.000000000000000000e+00,2.236851381985325952e-03,2.862887064254867643e-03,2.115787295154401403e-03,2.968123884970723901e-03,1.000000000000000000e+00,1.000000000000000000e+00,8.099433303920712665e-04,1.386068882436685204e-03,6.217662674121175650e-04,1.310012527032373411e-03,3.404939474716962844e-02,1.613755146044086250e-02,1.031774200144438824e-01,4.902294531583497456e-02,8.099433303920712665e-04,1.386068882436685204e-03,6.217662674121175650e-04,1.310012527032373411e-03
3.230000000000000093e-01,0.000000000000000000e+00,2.235971192635467265e-03,2.862576523881700096e-03,2.113633700812382697e-03,2.968322870192652112e-03,1.000000000000000000e+00,1.000000000000000000e+00,8.092690662317193750e-04,1.385758342063517440e-03,-1.348528320703788275e-03,-6.210807463353834514e-04,3.442354905115981023e-02,1.664513824983093748e-02,1.039105960064223982e-01,5.060096755300301508e-02,8.092690662317193750e-04,1.385758342063517440e-03,-1.348528320703788275e-03,-6.210807463353834514e-04
3.235000000000000098e-01,0.000000000000000000e+00,2.236361777942666093e-03,2.863237569785937429e-03,2.111474931744741594e-03,2.968523399655533315e-03,1.000000000000000000e+00,1.000000000000000000e+00,8.095682719358629183e-04,1.386419387967754557e-03,5.984114082870398924e-04,1.322091808474428962e-03,3.404501232864899640e-02,1.614076116047056739e-02,1.031492668591441064e-01,4.904453131428897911e-02,8.095682719358629183e-04,1.386419387967754557e-03,5.984114082870398924e-04,1.322091808474428962e-03
3.240000000000000102e-01,0.000000000000000000e+00,2.235497320938769836e-03,2.862922020059124016e-03,2.109310990244974218e-03,2.968725515468009606e-03,1.000000000000000000e+00,1.000000000000000000e+00,8.089060594517132703e-04,1.386103838240941360e-03,-1.324424968299301245e-03,-6.310994536265920017e-04,3.417161811408764294e-02,1.634877356998359205e-02,1.029486519070899192e-01,4.944293906690421653e-02,8.089060594517132703e-04,1.386103838240941360e-03,-1.324424968299301245e-03,-6.310994536265920017e-04
3.245000000000000107e-01,0.000000000000000000e+00,2.235879763055775328e-03,2.863585693812445519e-03,2.107141877378273208e-03,2.968929243924734937e-03,1.000000000000000000e+00,1.000000000000000000e+00,8.091990271102597046e-04,1.386767511994262863e-03,5.859353170929407651e-04,1.327347506643191798e-03,3.380595816742586190e-02,1.582620585859009082e-02,1.024293365149543389e-01,4.807816045409642886e-02,8.091990271102597046e-04,1.386767511994262863e-03,5.859353170929407651e-04,1.327347506643191798e-03
3.250000000000000111e-01,0.000000000000000000e+00,2.235011400740136676e-03,2.863257380325365514e-03,2.104967593009420337e-03,2.969134595167752765e-03,1.000000000000000000e+00,1.000000000000000000e+00,8.085338229837507606e-04,1.386439198507182858e-03,-1.330408253017875686e-03,-6.566269741600022289e-04,3.417028212346161914e-02,1.634449567842346726e-02,1.031443746518827947e-01,4.968386995637427694e-02,8.085338229837507606e-04,1.386439198507182858e-03,-1.330408253017875686e-03,-6.566269741600022289e-04
3.255000000000000115e-01,0.000000000000000000e+00,2.235379222549598553e-03,2.863926442021506348e-03,2.102788135830693014e-03,2.969341562847883226e-03,1.000000000000000000e+00,1.000000000000000000e+00,8.088155908369471306e-04,1.387108260203323909e-03,5.635357063928363597e-04,1.338123392281917543e-03,3.380166111591258182e-02,1.582919144248137733e-02,1.024019594659819343e-01,4.809804169668608492e-02,8.088155908369471306e-04,1.387108260203323909e-03,5.635357063928363597e-04,1.338123392281917543e-03
3.260000000000000120e-01,0.000000000000000000e+00,2.234525866555958726e-03,2.863593686143062721e-03,2.100603503389748654e-03,2.969550123786097312e-03,1.000000000000000000e+00,1.000000000000000000e+00,8.081618822200170409e-04,1.386775504324880065e-03,-1.307417233860089885e-03,-6.655117568878268601e-04,3.393760536797396643e-02,1.605612624560761106e-02,1.022565469556742518e-01,4.855757127969955594e-02,8.081618822200170409e-04,1.386775504324880065e-03,-1.307417233860089885e-03,-6.655117568878268601e-04
3.265000000000000124e-01,0.000000000000000000e+00,2.234885848290492361e-03,2.864265052649805042e-03,2.098413692117526413e-03,2.969760237634895376e-03,1.000000000000000000e+00,1.000000000000000000e+00,8.084376442273807093e-04,1.387446870831622386e-03,5.515240147273736855e-04,1.342733013484797514e-03,3.358147673485661205e-02,1.552398573919498877e-02,1.017391216570215640e-01,4.716087841826469701e-02,8.084376442273807093e-04,1.387446870831622386e-03,5.515240147273736855e-04,1.342733013484797514e-03
3.270000000000000129e-01,0.000000000000000000e+00,2.234029200752588387e-03,2.863920093331607901e-03,2.096218697356140668e-03,2.969971846539697351e-03,1.000000000000000000e+00,1.000000000000000000e+00,8.077814141412579998e-04,1.387101911513425462e-03,-1.312460172245390362e-03,-6.899186363936850135e-04,3.393633424146241112e-02,1.605211575645291988e-02,1.024369098251919907e-01,4.879204124170904988e-02,8.077814141412579998e-04,1.387101911513425462e-03,-1.312460172245390362e-03,-6.899186363936850135e-04
3.275000000000000133e-01,0.000000000000000000e+00,2.234375117058412692e-03,2.864596318253927187e-03,2.094018513386781445e-03,2.970184874800214751e-03,1.000000000000000000e+00,1.000000000000000000e+00,8.080464014051188691e-04,1.387778136435744748e-03,5.299745277217320950e-04,1.352449844638451554e-03,3.357725493892844276e-02,1.552678420835698972e-02,1.017124304538952057e-01,4.717934923266862979e-02,8.080464014051188691e-04,1.387778136435744748e-03,5.299745277217320950e-04,1.352449844638451554e-03
3.280000000000000138e-01,0.000000000000000000e+00,2.233532866888025652e-03,2.864247427417511427e-03,2.091813133457604001e-03,2.970399228531832650e-03,1.000000000000000000e+00,1.000000000000000000e+00,8.074012003423780125e-04,1.387429245599328554e-03,-1.290402125481654970e-03,-6.977816728323204230e-04,3.419792461715299992e-02,1.467224166870534884e-02,1.034680908315346454e-01,4.342730839448406127e-02,8.074012003423780125e-04,1.387429245599328554e-03,-1.290402125481654970e-03,-6.977816728323204230e-04
3.285000000000000142e-01,0.000000000000000000e+00,2.233895175754477009e-03,2.864891342517589430e-03,2.089602549811629684e-03,2.970614795326992092e-03,1.000000000000000000e+00,1.000000000000000000e+00,8.076787450362155974e-04,1.388073160699406991e-03,5.550893876752087050e-04,1.287830200156677915e-03,3.498021794514870331e-02,1.401451990799538506e-02,1.069510160626275519e-01,4.245638117526517180e-02,8.076787450362155974e-04,1.388073160699406991e-03,5.550893876752087050e-04,1.287830200156677915e-03
3.290000000000000147e-01,0.000000000000000000e+00,2.233082048484350164e-03,2.864483392153165543e-03,2.087386753714638547e-03,2.970831443916569468e-03,1.000000000000000000e+00,1.000000000000000000e+00,8.070558534093864433e-04,1.387665210334982887e-03,-1.245783253658293678e-03,-8.159007288482409206e-04,3.562695829299347694e-02,1.322240780042707731e-02,1.078438816083711754e-01,3.903680672238857285e-02,8.070558534093864433e-04,1.387665210334982887e-03,-1.245783253658293678e-03,-8.159007288482409206e-04
3.295000000000000151e-01,0.000000000000000000e+00,2.233464275795891008e-03,2.865128361873660583e-03,2.085165735483065878e-03,2.971049023831255024e-03,1.000000000000000000e+00,1.000000000000000000e+00,8.073486565174006063e-04,1.388310180055477927e-03,5.856062160283759775e-04,1.289939440990250322e-03,3.635820475868273283e-02,1.255336988925234015e-02,1.110988553747855601e-01,3.802034359046982392e-02,8.073486565174006063e-04,1.388310180055477927e-03,5.856062160283759775e-04,1.289939440990250322e-03
3.300000000000000155e-01,0.000000000000000000e+00,2.232706544815223418e-03,2.864686429889750068e-03,2.082939484511902185e-03,2.971267365062937003e-03,1.000000000000000000e+00,1.000000000000000000e+00,8.067682009102813837e-04,1.387868248071567412e-03,-1.160911214238528975e-03,-8.838639678208541975e-04,3.703344642483234056e-02,1.182667737832288589e-02,1.121746920479049781e-01,3.483436072368047143e-02,8.067682009102813837e-04,1.387868248071567412e-03,-1.160911214238528975e-03,-8.838639678208541975e-04
3.305000000000000160e-01,0.000000000000000000e+00,2.233135814952778679e-03,2.865337282073100039e-03,2.080707989302580611e-03,2.971486277726078859e-03,1.000000000000000000e+00,1.000000000000000000e+00,8.070970409137522049e-04,1.388519100254917166e-03,6.576800069416390004e-04,1.301704366699722986e-03,3.768535561691313540e-02,1.112789463473346993e-02,1.150904575878818337e-01,3.368082132470759382e-02,8.070970409137522049e-04,1.388519100254917166e-03,6.576800069416390004e-04,1.301704366699722986e-03
3.310000000000000164e-01,0.000000000000000000e+00,2.232419392283909593e-03,2.864881216915061111e-03,2.078471237490881699e-03,2.971705551719100794e-03,1.000000000000000000e+00,1.000000000000000000e+00,8.065482293093407520e-04,1.388063035096878239e-03,-1.097623208822858356e-03,-9.121303160777335765e-04,3.837784712903833523e-02,1.049114137874065586e-02,1.162963741098353015e-01,3.085230771706932995e-02,8.065482293093407520e-04,1.388063035096878239e-03,-1.097623208822858356e-03,-9.121303160777335765e-04
3.315000000000000169e-01,0.000000000000000000e+00,2.232905657535950040e-03,2.865523809236557133e-03,2.076229215874823841e-03,2.971924956385760437e-03,1.000000000000000000e+00,1.000000000000000000e+00,8.069207301035480730e-04,1.388705627418374260e-03,7.450015884145951700e-04,1.285184642992171639e-03,3.892627774224766829e-02,9.748486961657852959e-03,1.188082306295820262e-01,2.945665993450602080e-02,8.069207301035480730e-04,1.388705627418374260e-03,7.450015884145951700e-04,1.285184642992171639e-03
3.320000000000000173e-01,0.000000000000000000e+00,2.232211825502925569e-03,2.865055282589821367e-03,2.073981910442560667e-03,2.972144240176532656e-03,1.000000000000000000e+00,1.000000000000000000e+00,8.063892239301917930e-04,1.388237100771638494e-03,-1.063012346712661734e-03,-9.370532934714851520e-04,3.962533769366895914e-02,9.246492453042126636e-03,1.201001557457642283e-01,2.718534104961161865e-02,8.063892239301917930e-04,1.388237100771638494e-03,-1.063012346712661734e-03,-9.370532934714851520e-04
3.325000000000000178e-01,0.000000000000000000e+00,2.232746840528938848e-03,2.865678340719899752e-03,2.071729306400276263e-03,2.972363130309990231e-03,1.000000000000000000e+00,1.000000000000000000e+00,8.067990692178542925e-04,1.388860158901717096e-03,8.196905753250025711e-04,1.246116260157341220e-03,4.004080892860897856e-02,8.465564261483350672e-03,1.221112012594845059e-01,2.551992922004145750e-02,8.067990692178542925e-04,1.388860158901717096e-03,8.196905753250025711e-04,1.246116260157341220e-03
3.330000000000000182e-01,0.000000000000000000e+00,2.232066235106867132e-03,2.865193175107068856e-03,2.069471388200083868e-03,2.972581332434184528e-03,1.000000000000000000e+00,1.000000000000000000e+00,8.062776952163196176e-04,1.388374993288886416e-03,-1.042748003069309155e-03,-9.703312256614626645e-04,4.073109467540836359e-02,8.147422749028604416e-03,1.234538108174080551e-01,2.399779602291395378e-02,8.062776952163196176e-04,1.388374993288886416e-03,-1.042748003069309155e-03,-9.703312256614626645e-04
3.335000000000000187e-01,0.000000000000000000e+00,2.232635940614588130e-03,2.865794434853363454e-03,2.067208139567917186e-03,2.972798530288030955e-03,1.000000000000000000e+00,1.000000000000000000e+00,8.067141149547234083e-04,1.388976253035180798e-03,8.728394768074884940e-04,1.202519492588608775e-03,4.098417321182594442e-02,7.354910816800147577e-03,1.248590347879978552e-01,2.212601105135995894e-02,8.067141149547234083e-04,1.388976253035180798e-03,8.728394768074884940e-04,1.202519492588608775e-03
3.340000000000000191e-01,0.000000000000000000e+00,2.231965568998474456e-03,2.865290975584180652e-03,2.064939543533380207e-03,2.973014385431160030e-03,1.000000000000000000e+00,1.000000000000000000e+00,8.062005805033751592e-04,1.388472793765997779e-03,-1.027068902696412316e-03,-1.006918538366215633e-03,4.163957414870829432e-02,7.248310641395083742e-03,1.261850039819602254e-01,2.143833568689671940e-02,8.062005805033751592e-04,1.388472793765997779e-03,-1.027068902696412316e-03,-1.006918538366215633e-03
3.345000000000000195e-01,0.000000000000000000e+00,2.232557493853648111e-03,2.865873606813720484e-03,2.062665582489812445e-03,2.973228538035145585e-03,1.000000000000000000e+00,1.000000000000000000e+00,8.066540212494249275e-04,1.389055424995537828e-03,9.068814920994887688e-04,1.165262459079963522e-03,4.172206394565054766e-02,6.483211664681241479e-03,1.269671964731996505e-01,1.949214084948402981e-02,8.066540212494249275e-04,1.389055424995537828e-03,9.068814920994887688e-04,1.165262459079963522e-03
3.350000000000000200e-01,0.000000000000000000e+00,2.231895773525715936e-03,2.865353800410358389e-03,2.060386238308834460e-03,2.973440609587773859e-03,1.000000000000000000e+00,1.000000000000000000e+00,8.061471140693137871e-04,1.388535618592175733e-03,-1.013814360222188050e-03,-1.039612806724043558e-03,4.231739569500271581e-02,6.572283885489418713e-03,1.281945243137341817e-01,1.954295156204532632e-02,8.061471140693137871e-04,1.388535618592175733e-03,-1.013814360222188050e-03,-1.039612806724043558e-03
3.355000000000000204e-01,0.000000000000000000e+00,2.232500669800028051e-03,2.865922406766915204e-03,2.058101492469951652e-03,2.973650206126289205e-03,1.000000000000000000e+00,1.000000000000000000e+00,8.066104914989135396e-04,1.389104224948732764e-03,9.267548591994530238e-04,1.137212713113853416e-03,4.225405787769754423e-02,5.863228849759444944e-03,1.284651459709335863e-01,1.764937206169503101e-02,8.066104914989135396e-04,1.389104224948732764e-03,9.267548591994530238e-04,1.137212713113853416e-03
3.360000000000000209e-01,0.000000000000000000e+00,2.231845565111552267e-03,2.865389798526216808e-03,2.055811326190475508e-03,2.973856921481680439e-03,1.000000000000000000e+00,1.000000000000000000e+00,8.061086521926456340e-04,1.388571616708033935e-03,-1.003678612535860611e-03,-1.065216481397560609e-03,4.278248047110289054e-02,6.099581671654974446e-03,1.295519661854649396e-01,1.822538009395248057e-02,8.061086521926456340e-04,1.388571616708033935e-03,-1.003678612535860611e-03,-1.065216481397560609e-03
3.365000000000000213e-01,0.000000000000000000e+00,2.232457274382046788e-03,2.865948425362790236e-03,2.053515720555438781e-03,2.974060340522955911e-03,1.000000000000000000e+00,1.000000000000000000e+00,8.065772486801123633e-04,1.389130243544607797e-03,9.371929749333921499e-04,1.117253673147515503e-03,4.261425692628878492e-02,5.451444883831618737e-03,1.294725246764897031e-01,1.644508635680157552e-02,8.065772486801123633e-04,1.389130243544607797e-03,9.371929749333921499e-04,1.117253673147515503e-03
3.370000000000000218e-01,0.000000000000000000e+00,2.231806557757326677e-03,2.865406376261620848e-03,2.051214656647523671e-03,2.974260042401432463e-03,1.000000000000000000e+00,1.000000000000000000e+00,8.060787708257001472e-04,1.388588194443437975e-03,-9.969557088243582565e-04,-1.084098202339854426e-03,4.308577690758050999e-02,5.784855697898078075e-03,1.304259292534573900e-01,1.734649449358134643e-02,8.060787708257001472e-04,1.388588194443437975e-03,-9.969557088243582565e-04,-1.084098202339854426e-03
3.375000000000000222e-01,0.000000000000000000e+00,2.232421341583099971e-03,2.865957983189533834e-03,2.048908115676971800e-03,2.974455603795005728e-03,1.000000000000000000e+00,1.000000000000000000e+00,8.065497225591535067e-04,1.389139801371351395e-03,9.419034669067992589e-04,1.103213855827048576e-03,4.284910392836681348e-02,5.187184158655544497e-03,1.301281661387802824e-01,1.568141843923601467e-02,8.065497225591535067e-04,1.389139801371351395e-03,9.419034669067992589e-04,1.103213855827048576e-03
3.380000000000000226e-01,0.000000000000000000e+00,2.231773118782919528e-03,2.865409064594268487e-03,2.046596079111510230e-03,2.974646602152439950e-03,1.000000000000000000e+00,1.000000000000000000e+00,8.060531550851720694e-04,1.388590882776085614e-03,-9.931349479629229034e-04,-1.097837190531709712e-03,4.327890332045442739e-02,5.580926199495913655e-03,1.309775048178621615e-01,1.677418176482344328e-02,8.060531550851720694e-04,1.388590882776085614e-03,-9.931349479629229034e-04,-1.097837190531709712e-03
3.385000000000000231e-01,0.000000000000000000e+00,2.232388849199513740e-03,2.865955654530930648e-03,2.044278528806270107e-03,2.974832618937642628e-03,1.000000000000000000e+00,1.000000000000000000e+00,8.065248319492636896e-04,1.389137472712747992e-03,9.433537281833379202e-04,1.093179873324728185e-03,4.299926638696049269e-02,5.019868490083135779e-03,1.305472476485723399e-01,1.520139242494432559e-02,8.065248319492636896e-04,1.389137472712747992e-03,9.433537281833379202e-04,1.093179873324728185e-03
3.390000000000000235e-01,0.000000000000000000e+00,2.231741739767881261e-03,2.865401691324720619e-03,2.041955447133702705e-03,2.975013242873945224e-03,1.000000000000000000e+00,1.000000000000000000e+00,8.060291173650713193e-04,1.388583509506538180e-03,-9.914291683846721426e-04,-1.107926412419461392e-03,4.340068855443673240e-02,5.450530108340097615e-03,1.313231903888109897e-01,1.640625931789967476e-02,8.060291173650713193e-04,1.388583509506538180e-03,-9.914291683846721426e-04,-1.107926412419461392e-03
3.395000000000000240e-01,0.000000000000000000e+00,2.232357264445978921e-03,2.865944590599369367e-03,2.039626817113504575e-03,2.975188073188389081e-03,1.000000000000000000e+00,1.000000000000000000e+00,8.065006366243306513e-04,1.389126408781186494e-03,9.430385185187298985e-04,1.085798549296536873e-03,4.309435862780201798e-02,4.914354711910004156e-03,1.308124239267272337e-01,1.489975223625198027e-02,8.065006366243306513e-04,1.389126408781186494e-03,9.430385185187298985e-04,1.085798549296536873e-03
3.400000000000000244e-01,0.000000000000000000e+00,2.231710355224404176e-03,2.865386854897742155e-03,2.037292622542533592e-03,2.975356722855999198e-03,1.000000000000000000e+00,1.000000000000000000e+00,8.060050754099410330e-04,1.388568673079559283e-03,-9.911224287793326659e-04,-1.115471403254393243e-03,4.347718788014277858e-02,5.367642529655265553e-03,1.315392733009836945e-01,1.617118017092879917e-02,8.060050754099410330e-04,1.388568673079559283e-03,-9.911224287793326659e-04,-1.115471403254393243e-03
3.405000000000000249e-01,0.000000000000000000e+00,2.232325088830866121e-03,2.865926949979633563e-03,2.034952848124728896e-03,2.975518821844070141e-03,1.000000000000000000e+00,1.000000000000000000e+00,8.064759886731697738e-04,1.389108768161450690e-03,9.418265264573770328e-04,1.080190163782882191e-03,4.315426882823113208e-02,4.847825516966440193e-03,1.309791503024628490e-01,1.470972128176580365e-02,8.064759886731697738e-04,1.389108768161450690e-03,9.418265264573770328e-04,1.080190163782882191e-03
3.410000000000000253e-01,0.000000000000000000e+00,2.231677821080454982e-03,2.865366333289745028e-03,2.032607479601031275e-03,2.975674020356441993e-03,1.000000000000000000e+00,1.000000000000000000e+00,8.059801528097571216e-04,1.388548151471562372e-03,-9.916717268252355898e-04,-1.121233379776700231e-03,4.352514733013049253e-02,5.315065132791509453e-03,1.316740984684152405e-01,1.602130270307309048e-02,8.059801528097571216e-04,1.388548151471562372e-03,-9.916717268252355898e-04,-1.121233379776700231e-03
3.415000000000000258e-01,0.000000000000000000e+00,2.232291501173033592e-03,2.865904232076226139e-03,2.030256503879304415e-03,2.975821992077785395e-03,1.000000000000000000e+00,1.000000000000000000e+00,8.064502590345299423e-04,1.389086050258043267e-03,9.402124495455658690e-04,1.075797572961723937e-03,4.319188817062733637e-02,4.805816012950335329e-03,1.310834575756819054e-01,1.458956475497355000e-02,8.064502590345299423e-04,1.389086050258043267e-03,9.402124495455658690e-04,1.075797572961723937e-03
3.420000000000000262e-01,0.000000000000000000e+00,2.231643562323915031e-03,2.865341368551103246e-03,2.027899909164249635e-03,2.975962437417879226e-03,1.000000000000000000e+00,1.000000000000000000e+00,8.059539090796816359e-04,1.388523186732920373e-03,-9.926999096966353936e-04,-1.125727050245987470e-03,4.355516440029562342e-02,5.281712247468504061e-03,1.317580174490624034e-01,1.592570068070086817e-02,8.059539090796816359e-04,1.388523186732920373e-03,-9.926999096966353936e-04,-1.125727050245987470e-03
3.425000000000000266e-01,0.000000000000000000e+00,2.232256106909288017e-03,2.865877502125074340e-03,2.025537685087331046e-03,2.976095086755890882e-03,1.000000000000000000e+00,1.000000000000000000e+00,8.064231454554689725e-04,1.389059320306891901e-03,9.384727515746151341e-04,1.072267147943127812e-03,4.321544203307083054e-02,4.779224901152560011e-03,1.311483896597273602e-01,1.451324761497857323e-02,8.064231454554689725e-04,1.389059320306891901e-03,9.384727515746151341e-04,1.072267147943127812e-03
3.430000000000000271e-01,0.000000000000000000e+00,2.231607346290081714e-03,2.865312851607788695e-03,2.023169822836692455e-03,2.976219703684659587e-03,1.000000000000000000e+00,1.000000000000000000e+00,8.059261659882116687e-04,1.388494669789606039e-03,-9.939589345145816851e-04,-1.129301034571800373e-03,4.357391106518302554e-02,5.260519785847956112e-03,1.318100512383620637e-01,1.586455907287893929e-02,8.059261659882116687e-04,1.388494669789606039e-03,-9.939589345145816851e-04,-1.129301034571800373e-03
3.435000000000000275e-01,0.000000000000000000e+00,2.232218771251444009e-03,2.865847536826283872e-03,2.020796315287077746e-03,2.976336088254974074e-03,1.000000000000000000e+00,1.000000000000000000e+00,8.063945446822474300e-04,1.389029355008101216e-03,9.367573880715142440e-04,1.069370436990386627e-03,4.323014079377317936e-02,4.762335570303199983e-03,1.311885654853456040e-01,1.446450056673710856e-02,8.063945446822474300e-04,1.389029355008101216e-03,9.367573880715142440e-04,1.069370436990386627e-03
3.440000000000000280e-01,0.000000000000000000e+00,2.231569140055805148e-03,2.865281439946095084e-03,2.018417157129748229e-03,2.976444080219853294e-03,1.000000000000000000e+00,1.000000000000000000e+00,8.058968983147516427e-04,1.388463258127912645e-03,-9.952927349914770204e-04,-1.132193760377154124e-03,4.358558153412659536e-02,5.247010842940107340e-03,1.318421232462034798e-01,1.582526860504586755e-02,8.058968983147516427e-04,1.388463258127912645e-03,-9.952927349914770204e-04,-1.132193760377154124e-03
3.445000000000000284e-01,0.000000000000000000e+00,2.232179511479409975e-03,2.865814917854910947e-03,2.016032345002405184e-03,2.976543562278828430e-03,1.000000000000000000e+00,1.000000000000000000e+00,8.063644699520428364e-04,1.388996736036728291e-03,9.351432745824575076e-04,1.066955817631156430e-03,4.323927323652985988e-02,4.751556885926493286e-03,1.312132177607039929e-01,1.443313341169370594e-02,8.063644699520428364e-04,1.388996736036728291e-03,9.351432745824575076e-04,1.066955817631156430e-03
3.450000000000000289e-01,0.000000000000000000e+00,2.231529022045752268e-03,2.865247632575188864e-03,2.013641877619111106e-03,2.976634463322225341e-03,1.000000000000000000e+00,1.000000000000000000e+00,8.058661661360816972e-04,1.388429450757005992e-03,-9.966076319221880194e-04,-1.134570559444481302e-03,4.359281147702936260e-02,5.238355758882408397e-03,1.318617114869967133e-01,1.579983434428520669e-02,8.058661661360816972e-04,1.388429450757005992e-03,-9.966076319221880194e-04,-1.134570559444481302e-03
3.455000000000000293e-01,0.000000000000000000e+00,2.232138428904949581e-03,2.865780092228475788e-03,2.011245755900203588e-03,2.976716761675440078e-03,1.000000000000000000e+00,1.000000000000000000e+00,8.063329988741685904e-04,1.388961910410292915e-03,9.336654761738451182e-04,1.064919306573984190e-03,4.324491123354620020e-02,4.744631484458305092e-03,1.312281614847321531e-01,1.441275016482493343e-02,8.063329988741685904e-04,1.388961910410292915e-03,9.336654761738451182e-04,1.064919306573984190e-03
3.460000000000000298e-01,0.000000000000000000e+00,2.231487128006361034e-03,2.865211818221896807e-03,2.008843983102219597e-03,2.976790488343222189e-03,1.000000000000000000e+00,1.000000000000000000e+00,8.058340734400063106e-04,1.388393636403714368e-03,-9.978508683244759030e-04,-1.136548013157074634e-03,4.359725699666799903e-02,5.232768371875797138e-03,1.318735068872704252e-01,1.578319632847093729e-02,8.058340734400063106e-04,1.388393636403714368e-03,-9.978508683244759030e-04,-1.136548013157074634e-03
3.465000000000000302e-01,0.000000000000000000e+00,2.232095666746687721e-03,2.865743411722023685e-03,2.006436564947614628e-03,2.976855730249208798e-03,1.000000000000000000e+00,1.000000000000000000e+00,8.063002411604562169e-04,1.388925229903841029e-03,9.323354408998355859e-04,1.063187000253198664e-03,4.324835845161052739e-02,4.740139369296809263e-03,1.312370519528993362e-01,1.439932903344040040e-02,8.063002411604562169e-04,1.388925229903841029e-03,9.323354408998355859e-04,1.063187000253198664e-03
3.470000000000000306e-01,0.000000000000000000e+00,2.231443618556433126e-03,2.865174306759732045e-03,2.004023509727725482e-03,2.976912632833202035e-03,1.000000000000000000e+00,1.000000000000000000e+00,8.058007432676659101e-04,1.388356124941549606e-03,-9.989957855805757687e-04,-1.138209924582960809e-03,4.359995852763628998e-02,5.229121835459107914e-03,1.318804513313883708e-01,1.577215442230517697e-02,8.058007432676659101e-04,1.388356124941549606e-03,-9.989957855805757687e-04,-1.138209924582960809e-03
3.475000000000000311e-01,0.000000000000000000e+00,2.232051384640723005e-03,2.865705158985653710e-03,2.001604828250342152e-03,2.976961398919780212e-03,1.000000000000000000e+00,1.000000000000000000e+00,8.062663190992522657e-04,1.388886977167471054e-03,9.311516631727286084e-04,1.061704451842828897e-03,4.325043444098020801e-02,4.737186625537096081e-03,1.312421830471889872e-01,1.439033688387325594e-02,8.062663190992522657e-04,1.388886977167471054e-03,9.311516631727286084e-04,1.061704451842828897e-03
3.480000000000000315e-01,0.000000000000000000e+00,2.231398660176526182e-03,2.865135350071927166e-03,1.999180533655806752e-03,2.977002284431682494e-03,0.000000000000000000e+00,1.000000000000000000e+00,8.057663031505663594e-04,1.388317168253744511e-03,-1.000031897371756514e-03,-1.139617827453041302e-03,4.360156950654266866e-02,5.226705299963170515e-03,1.318843884654710141e-01,1.576468456302236240e-02,8.057663031505663594e-04,1.388317168253744511e-03,-1.000031897371756514e-03,-1.139617827453041302e-03
3.485000000000000320e-01,0.000000000000000000e+00,2.230760072445541788e-03,2.864578131459580637e-03,1.996750641218085834e-03,2.977035593742647333e-03,0.000000000000000000e+00,1.000000000000000000e+00,8.052771165678018197e-04,1.387759949641397764e-03,-9.783731655290844095e-04,-1.114437224693596434e-03,4.424876145073394773e-02,6.130223962692158378e-03,1.341095500524913942e-01,1.886659089233705053e-02,8.052771165678018197e-04,1.387759949641397764e-03,-9.783731655290844095e-04,-1.114437224693596434e-03
3.490000000000000324e-01,0.000000000000000000e+00,2.230167954255289284e-03,2.864061659461757114e-03,1.994315168145805849e-03,2.977061675029490234e-03,0.000000000000000000e+00,1.000000000000000000e+00,8.048235277184894332e-04,1.387243477643574675e-03,-9.071776986248540446e-04,-1.032943995646249617e-03,4.490385035591970553e-02,7.044054638031715249e-03,1.361388091098704178e-01,2.167934856827695780e-02,8.048235277184894332e-04,1.387243477643574675e-03,-9.071776986248540446e-04,-1.032943995646249617e-03
3.495000000000000329e-01,0.000000000000000000e+00,2.229654652825587609e-03,2.863614080675757744e-03,1.991874133383298578e-03,2.977080915624196258e-03,0.000000000000000000e+00,1.000000000000000000e+00,8.044303160106212837e-04,1.386795898857575088e-03,-7.864234157363888525e-04,-8.951575719991926349e-04,4.556728329827699348e-02,7.967894478789785268e-03,1.382199042800955346e-01,2.454638548759343480e-02,8.044303160106212837e-04,1.386795898857575088e-03,-7.864234157363888525e-04,-8.951575719991926349e-04
3.500000000000000333e-01,0.000000000000000000e+00,2.229252548352539734e-03,2.863263519439463670e-03,1.989427557411632685e-03,2.977093737365989548e-03,0.000000000000000000e+00,1.000000000000000000e+00,8.041222861134897761e-04,1.386445337621281014e-03,-6.160597942631204074e-04,-7.011224725883609009e-04,4.537919347234749268e-02,7.702693553717845053e-03,1.370130499940648561e-01,2.281123838456608141e-02,8.041222861134897761e-04,1.386445337621281014e-03,-6.160597942631204074e-04,-7.011224725883609009e-04
3.505000000000000338e-01,0.000000000000000000e+00,2.228950969997753936e-03,2.863000598512243332e-03,1.986975462049657849e-03,2.977100591953430603e-03,0.000000000000000000e+00,1.000000000000000000e+00,8.038912636906410912e-04,1.386182416694060459e-03,-4.620448456973403869e-04,-5.258418544412707570e-04,4.490022219083210364e-02,7.033336170361491682e-03,1.353947884037707827e-01,2.051345607232742813e-02,8.038912636906410912e-04,1.386182416694060459e-03,-4.620448456973403869e-04,-5.258418544412707570e-04
3.510000000000000342e-01,0.000000000000000000e+00,2.228724786231664479e-03,2.862803407816827753e-03,1.984517870255046723e-03,2.977101956296493608e-03,0.000000000000000000e+00,1.000000000000000000e+00,8.037179968735045504e-04,1.385985225998644880e-03,-3.465336342730052630e-04,-3.943813908309530677e-04,4.454099372969556186e-02,6.531318132844225570e-03,1.344695473751396919e-01,1.919172954961708560e-02,8.037179968735045504e-04,1.385985225998644880e-03,-3.465336342730052630e-04,-3.943813908309530677e-04
3.515000000000000346e-01,0.000000000000000000e+00,2.228555148407097494e-03,2.862655514795265851e-03,1.982054805925327796e-03,2.977098327868650703e-03,0.000000000000000000e+00,1.000000000000000000e+00,8.035880467606521449e-04,1.385837332977083195e-03,-2.599002257047540150e-04,-2.957860431232148821e-04,4.427157238384314686e-02,6.154804604706277937e-03,1.337756166036663252e-01,1.820043465758433218e-02,8.035880467606521449e-04,1.385837332977083195e-03,-2.599002257047540150e-04,-2.957860431232148821e-04
3.519999999999999796e-01,0.000000000000000000e+00,2.228427920038671822e-03,2.862544595029094426e-03,1.979586293698929952e-03,2.977090220058952776e-03,0.000000000000000000e+00,1.000000000000000000e+00,8.034905841760128136e-04,1.385726413210911986e-03,-1.949251692785655926e-04,-2.218395323424110803e-04,4.406950637445385122e-02,5.872419458602813960e-03,1.332551685250613627e-01,1.745696348855975757e-02,8.034905841760128136e-04,1.385726413210911986e-03,-1.949251692785655926e-04,-2.218395323424110803e-04
3.524999999999999800e-01,0.000000000000000000e+00,2.228332498762353002e-03,2.862461405204466507e-03,1.977112358756218796e-03,2.977078157524118938e-03,0.000000000000000000e+00,1.000000000000000000e+00,8.034174872375333693e-04,1.385643223386283634e-03,-1.461938769589236388e-04,-1.663796492568083102e-04,4.391795686741184479e-02,5.660630599025218146e-03,1.328648324661075575e-01,1.689936011179133529e-02,8.034174872375333693e-04,1.385643223386283634e-03,-1.461938769589236388e-04,-1.663796492568083102e-04
3.529999999999999805e-01,0.000000000000000000e+00,2.228260932805113670e-03,2.862399012835995134e-03,1.974633026620537749e-03,2.977062671540614720e-03,0.000000000000000000e+00,1.000000000000000000e+00,8.033626645336738132e-04,1.385580831017812261e-03,-1.096454077191936913e-04,-1.247847369426062394e-04,4.380429473713037813e-02,5.501788954342020851e-03,1.325720804218922799e-01,1.648115757921501598e-02,8.033626645336738132e-04,1.385580831017812261e-03,-1.096454077191936913e-04,-1.247847369426062394e-04
3.534999999999999809e-01,0.000000000000000000e+00,2.228207258337184388e-03,2.862352218559641170e-03,1.972148322959248277e-03,2.977044295356741539e-03,0.000000000000000000e+00,1.000000000000000000e+00,8.033215475057790649e-04,1.385534036741458731e-03,-8.223405578939522445e-05,-9.358855270695472022e-05,4.371904813941926427e-02,5.382657720829622447e-03,1.323525163887308009e-01,1.616750567978277389e-02,8.033215475057790649e-04,1.385534036741458731e-03,-8.223405578939522445e-05,-9.358855270695472022e-05
3.539999999999999813e-01,0.000000000000000000e+00,2.228167002486237426e-03,2.862317122852376348e-03,1.969658273384767514e-03,2.977023559544712296e-03,0.000000000000000000e+00,1.000000000000000000e+00,8.032907097348580307e-04,1.385498941034193692e-03,-6.167554184204649965e-05,-7.019141453021605372e-05,4.365511319113592886e-02,5.293309295695325378e-03,1.321878433638596917e-01,1.593226675520859753e-02,8.032907097348580307e-04,1.385498941034193692e-03,-6.167554184204649965e-05,-7.019141453021605372e-05
3.544999999999999818e-01,0.000000000000000000e+00,2.228136810598026988e-03,2.862290801071927515e-03,1.967162903255607193e-03,2.977000987352741278e-03,0.000000000000000000e+00,1.000000000000000000e+00,8.032675814066672550e-04,1.385472619253744859e-03,-4.625665638153546088e-05,-5.264356089766197930e-05,4.360716197992342558e-02,5.226297976844599541e-03,1.320643385952063598e-01,1.575583756177795919e-02,8.032675814066672550e-04,1.385472619253744859e-03,-4.625665638153546088e-05,-5.264356089766197930e-05
3.549999999999999822e-01,0.000000000000000000e+00,2.228114166681869485e-03,2.862271059736591107e-03,1.964662237477416470e-03,2.976977090057125394e-03,0.000000000000000000e+00,1.000000000000000000e+00,8.032502351605242275e-04,1.385452877918408234e-03,-3.469249228615167528e-05,-3.948267067324651158e-05,4.357119857151404985e-02,5.176039487706557765e-03,1.319717100187163539e-01,1.562351566670498737e-02,8.032502351605242275e-04,1.385452877918408234e-03,-3.469249228615167528e-05,-3.948267067324651158e-05
3.554999999999999827e-01,0.000000000000000000e+00,2.228097183744751249e-03,2.862256253735088150e-03,1.962156300304016953e-03,2.976952362314329303e-03,0.000000000000000000e+00,1.000000000000000000e+00,8.032372254759169569e-04,1.385438071916905711e-03,-2.601936921461421386e-05,-2.961200300493489724e-05,4.354422601520702846e-02,5.138345620853025132e-03,1.319022385863488633e-01,1.552427424540025504e-02,8.032372254759169569e-04,1.385438071916905711e-03,-2.601936921461421386e-05,-2.961200300493489724e-05
3.559999999999999831e-01,0.000000000000000000e+00,2.228084446541912789e-03,2.862245149233961367e-03,1.959645115138445096e-03,2.976927277513064483e-03,0.000000000000000000e+00,1.000000000000000000e+00,8.032274682124615310e-04,1.385426967415778927e-03,-1.951452691095998277e-05,-2.220900225370115599e-05,4.352399659797674680e-02,5.110075220712876308e-03,1.318501350120731830e-01,1.544984317942170622e-02,8.032274682124615310e-04,1.385426967415778927e-03,-1.951452691095998277e-05,-2.220900225370115599e-05
3.564999999999999836e-01,0.000000000000000000e+00,2.228074893639783727e-03,2.862236820858116496e-03,1.957128704333991557e-03,2.976902283126379566e-03,0.000000000000000000e+00,1.000000000000000000e+00,8.032201502648698803e-04,1.385418639039933840e-03,-1.463589518322006670e-05,-1.665675169027584836e-05,4.350882453505404424e-02,5.088872420607765124e-03,1.318110573313664990e-01,1.539401987993779461e-02,8.032201502648698803e-04,1.385418639039933840e-03,-1.463589518322006670e-05,-1.665675169027584836e-05
3.569999999999999840e-01,0.000000000000000000e+00,2.228067728963186930e-03,2.862230574576232409e-03,1.954607088995238395e-03,2.976877796063738101e-03,0.000000000000000000e+00,1.000000000000000000e+00,8.032146618041761423e-04,1.385412392758049969e-03,-1.097692138741538121e-05,-1.249256376770690067e-05,4.349744548786202425e-02,5.072970320528931085e-03,1.317817490708365069e-01,1.535215240532486133e-02,8.032146618041761423e-04,1.385412392758049969e-03,-1.097692138741538121e-05,-1.249256376770690067e-05
3.574999999999999845e-01,0.000000000000000000e+00,2.228062355455738899e-03,2.862225889864819777e-03,1.952080288779100377e-03,2.976854198023104990e-03,0.000000000000000000e+00,1.000000000000000000e+00,8.032105454586558387e-04,1.385407708046637121e-03,-8.232691040560984492e-06,-9.369422825780174654e-06,4.348891120246798497e-02,5.061043745469805989e-03,1.317597678754389434e-01,1.532075179936516138e-02,8.032105454586558387e-04,1.385407708046637121e-03,-8.232691040560984492e-06,-9.369422825780174654e-06
3.579999999999999849e-01,0.000000000000000000e+00,2.228058325325153310e-03,2.862222376331260195e-03,1.949548321695864558e-03,2.976831830843030754e-03,0.000000000000000000e+00,1.000000000000000000e+00,8.032074581995156653e-04,1.385404194513077539e-03,-6.174518280421321975e-06,-7.027067119335129296e-06,4.348251048842247807e-02,5.052098814175462818e-03,1.317432819788908194e-01,1.529720134489538988e-02,8.032074581995156653e-04,1.385404194513077539e-03,-6.174518280421321975e-06,-7.027067119335129296e-06
3.584999999999999853e-01,0.000000000000000000e+00,2.228055302727214443e-03,2.862219741181090508e-03,1.947011203910242868e-03,2.976810991855070171e-03,0.000000000000000000e+00,1.000000000000000000e+00,8.032051427551605352e-04,1.385401559362907853e-03,-4.630888710315440909e-06,-5.270300339501234952e-06,4.347770995288834095e-02,5.045390115704704789e-03,1.317309175564796708e-01,1.527953850404305779e-02,8.032051427551605352e-04,1.385401559362907853e-03,-4.630888710315440909e-06,-5.270300339501234952e-06
