ISO-10303-21;
HEADER;
FILE_DESCRIPTION(('Open CASCADE Model'),'2;1');
FILE_NAME('Open CASCADE Shape Model','2026-09-27T21:02:47',('Author'),(
    'Open CASCADE'),'Open CASCADE STEP processor 7.9','Open CASCADE 7.9'
  ,'Unknown');
FILE_SCHEMA(('AUTOMOTIVE_DESIGN { 1 0 10303 214 1 1 1 1 }'));
ENDSEC;
DATA;
#1 = APPLICATION_PROTOCOL_DEFINITION('international standard',
  'automotive_design',2000,#2);
#2 = APPLICATION_CONTEXT(
  'core data for automotive mechanical design processes');
#3 = SHAPE_DEFINITION_REPRESENTATION(#4,#10);
#4 = PRODUCT_DEFINITION_SHAPE('','',#5);
#5 = PRODUCT_DEFINITION('design','',#6,#9);
#6 = PRODUCT_DEFINITION_FORMATION('','',#7);
#7 = PRODUCT('pencil_revPQ','pencil_revPQ','',(#8));
#8 = PRODUCT_CONTEXT('',#2,'mechanical');
#9 = PRODUCT_DEFINITION_CONTEXT('part definition',#2,'design');
#10 = SHAPE_REPRESENTATION('',(#11,#15,#19,#23,#27,#31,#35,#39,#43,#47,
    #51,#55,#59,#63,#67,#71,#75,#79,#83,#87,#91,#95,#99,#103,#107,#111,
    #115),#119);
#11 = AXIS2_PLACEMENT_3D('',#12,#13,#14);
#12 = CARTESIAN_POINT('',(0.,0.,0.));
#13 = DIRECTION('',(0.,0.,1.));
#14 = DIRECTION('',(1.,0.,-0.));
#15 = AXIS2_PLACEMENT_3D('',#16,#17,#18);
#16 = CARTESIAN_POINT('',(0.,0.,0.));
#17 = DIRECTION('',(0.,0.,1.));
#18 = DIRECTION('',(1.,0.,-0.));
#19 = AXIS2_PLACEMENT_3D('',#20,#21,#22);
#20 = CARTESIAN_POINT('',(0.,0.,0.));
#21 = DIRECTION('',(0.,0.,1.));
#22 = DIRECTION('',(1.,0.,-0.));
#23 = AXIS2_PLACEMENT_3D('',#24,#25,#26);
#24 = CARTESIAN_POINT('',(0.,0.,0.));
#25 = DIRECTION('',(0.,0.,1.));
#26 = DIRECTION('',(1.,0.,-0.));
#27 = AXIS2_PLACEMENT_3D('',#28,#29,#30);
#28 = CARTESIAN_POINT('',(0.,0.,0.));
#29 = DIRECTION('',(0.,0.,1.));
#30 = DIRECTION('',(1.,0.,-0.));
#31 = AXIS2_PLACEMENT_3D('',#32,#33,#34);
#32 = CARTESIAN_POINT('',(0.,0.,0.));
#33 = DIRECTION('',(0.,0.,1.));
#34 = DIRECTION('',(1.,0.,-0.));
#35 = AXIS2_PLACEMENT_3D('',#36,#37,#38);
#36 = CARTESIAN_POINT('',(0.,0.,0.));
#37 = DIRECTION('',(0.,0.,1.));
#38 = DIRECTION('',(1.,0.,-0.));
#39 = AXIS2_PLACEMENT_3D('',#40,#41,#42);
#40 = CARTESIAN_POINT('',(0.,0.,0.));
#41 = DIRECTION('',(0.,0.,1.));
#42 = DIRECTION('',(1.,0.,-0.));
#43 = AXIS2_PLACEMENT_3D('',#44,#45,#46);
#44 = CARTESIAN_POINT('',(0.,0.,0.));
#45 = DIRECTION('',(0.,0.,1.));
#46 = DIRECTION('',(1.,0.,-0.));
#47 = AXIS2_PLACEMENT_3D('',#48,#49,#50);
#48 = CARTESIAN_POINT('',(0.,0.,0.));
#49 = DIRECTION('',(0.,0.,1.));
#50 = DIRECTION('',(1.,0.,-0.));
#51 = AXIS2_PLACEMENT_3D('',#52,#53,#54);
#52 = CARTESIAN_POINT('',(0.,0.,0.));
#53 = DIRECTION('',(0.,0.,1.));
#54 = DIRECTION('',(1.,0.,-0.));
#55 = AXIS2_PLACEMENT_3D('',#56,#57,#58);
#56 = CARTESIAN_POINT('',(0.,0.,0.));
#57 = DIRECTION('',(0.,0.,1.));
#58 = DIRECTION('',(1.,0.,-0.));
#59 = AXIS2_PLACEMENT_3D('',#60,#61,#62);
#60 = CARTESIAN_POINT('',(0.,0.,0.));
#61 = DIRECTION('',(0.,0.,1.));
#62 = DIRECTION('',(1.,0.,-0.));
#63 = AXIS2_PLACEMENT_3D('',#64,#65,#66);
#64 = CARTESIAN_POINT('',(0.,0.,0.));
#65 = DIRECTION('',(0.,0.,1.));
#66 = DIRECTION('',(1.,0.,-0.));
#67 = AXIS2_PLACEMENT_3D('',#68,#69,#70);
#68 = CARTESIAN_POINT('',(0.,0.,0.));
#69 = DIRECTION('',(0.,0.,1.));
#70 = DIRECTION('',(1.,0.,-0.));
#71 = AXIS2_PLACEMENT_3D('',#72,#73,#74);
#72 = CARTESIAN_POINT('',(0.,0.,0.));
#73 = DIRECTION('',(0.,0.,1.));
#74 = DIRECTION('',(1.,0.,-0.));
#75 = AXIS2_PLACEMENT_3D('',#76,#77,#78);
#76 = CARTESIAN_POINT('',(0.,0.,0.));
#77 = DIRECTION('',(0.,0.,1.));
#78 = DIRECTION('',(1.,0.,-0.));
#79 = AXIS2_PLACEMENT_3D('',#80,#81,#82);
#80 = CARTESIAN_POINT('',(0.,0.,0.));
#81 = DIRECTION('',(0.,0.,1.));
#82 = DIRECTION('',(1.,0.,-0.));
#83 = AXIS2_PLACEMENT_3D('',#84,#85,#86);
#84 = CARTESIAN_POINT('',(0.,0.,0.));
#85 = DIRECTION('',(0.,0.,1.));
#86 = DIRECTION('',(1.,0.,-0.));
#87 = AXIS2_PLACEMENT_3D('',#88,#89,#90);
#88 = CARTESIAN_POINT('',(0.,0.,0.));
#89 = DIRECTION('',(0.,0.,1.));
#90 = DIRECTION('',(1.,0.,-0.));
#91 = AXIS2_PLACEMENT_3D('',#92,#93,#94);
#92 = CARTESIAN_POINT('',(0.,0.,0.));
#93 = DIRECTION('',(0.,0.,1.));
#94 = DIRECTION('',(1.,0.,-0.));
#95 = AXIS2_PLACEMENT_3D('',#96,#97,#98);
#96 = CARTESIAN_POINT('',(0.,0.,0.));
#97 = DIRECTION('',(0.,0.,1.));
#98 = DIRECTION('',(1.,0.,-0.));
#99 = AXIS2_PLACEMENT_3D('',#100,#101,#102);
#100 = CARTESIAN_POINT('',(0.,0.,0.));
#101 = DIRECTION('',(0.,0.,1.));
#102 = DIRECTION('',(1.,0.,-0.));
#103 = AXIS2_PLACEMENT_3D('',#104,#105,#106);
#104 = CARTESIAN_POINT('',(0.,0.,0.));
#105 = DIRECTION('',(0.,0.,1.));
#106 = DIRECTION('',(1.,0.,-0.));
#107 = AXIS2_PLACEMENT_3D('',#108,#109,#110);
#108 = CARTESIAN_POINT('',(0.,0.,0.));
#109 = DIRECTION('',(0.,0.,1.));
#110 = DIRECTION('',(1.,0.,-0.));
#111 = AXIS2_PLACEMENT_3D('',#112,#113,#114);
#112 = CARTESIAN_POINT('',(0.,0.,0.));
#113 = DIRECTION('',(0.,0.,1.));
#114 = DIRECTION('',(1.,0.,-0.));
#115 = AXIS2_PLACEMENT_3D('',#116,#117,#118);
#116 = CARTESIAN_POINT('',(0.,0.,0.));
#117 = DIRECTION('',(0.,0.,1.));
#118 = DIRECTION('',(1.,0.,-0.));
#119 = ( GEOMETRIC_REPRESENTATION_CONTEXT(3) 
GLOBAL_UNCERTAINTY_ASSIGNED_CONTEXT((#123)) GLOBAL_UNIT_ASSIGNED_CONTEXT
((#120,#121,#122)) REPRESENTATION_CONTEXT('Context #1',
  '3D Context with UNIT and UNCERTAINTY') );
#120 = ( LENGTH_UNIT() NAMED_UNIT(*) SI_UNIT(.MILLI.,.METRE.) );
#121 = ( NAMED_UNIT(*) PLANE_ANGLE_UNIT() SI_UNIT($,.RADIAN.) );
#122 = ( NAMED_UNIT(*) SI_UNIT($,.STERADIAN.) SOLID_ANGLE_UNIT() );
#123 = UNCERTAINTY_MEASURE_WITH_UNIT(LENGTH_MEASURE(1.E-07),#120,
  'distance_accuracy_value','confusion accuracy');
#124 = PRODUCT_RELATED_PRODUCT_CATEGORY('part',$,(#7));
#125 = SHAPE_DEFINITION_REPRESENTATION(#126,#132);
#126 = PRODUCT_DEFINITION_SHAPE('','',#127);
#127 = PRODUCT_DEFINITION('design','',#128,#131);
#128 = PRODUCT_DEFINITION_FORMATION('','',#129);
#129 = PRODUCT('barrel','barrel','',(#130));
#130 = PRODUCT_CONTEXT('',#2,'mechanical');
#131 = PRODUCT_DEFINITION_CONTEXT('part definition',#2,'design');
#132 = ADVANCED_BREP_SHAPE_REPRESENTATION('',(#11,#133),#425);
#133 = MANIFOLD_SOLID_BREP('',#134);
#134 = CLOSED_SHELL('',(#135,#223,#258,#313,#368,#398));
#135 = ADVANCED_FACE('',(#136),#149,.T.);
#136 = FACE_BOUND('',#137,.T.);
#137 = EDGE_LOOP('',(#138,#172,#195,#222));
#138 = ORIENTED_EDGE('',*,*,#139,.T.);
#139 = EDGE_CURVE('',#140,#140,#142,.T.);
#140 = VERTEX_POINT('',#141);
#141 = CARTESIAN_POINT('',(1.65,0.,1.49082952053));
#142 = SURFACE_CURVE('',#143,(#148,#160),.PCURVE_S1.);
#143 = CIRCLE('',#144,1.65);
#144 = AXIS2_PLACEMENT_3D('',#145,#146,#147);
#145 = CARTESIAN_POINT('',(0.,0.,1.49082952053));
#146 = DIRECTION('',(0.,0.,1.));
#147 = DIRECTION('',(1.,0.,-0.));
#148 = PCURVE('',#149,#154);
#149 = CONICAL_SURFACE('',#150,1.65,0.154318775926);
#150 = AXIS2_PLACEMENT_3D('',#151,#152,#153);
#151 = CARTESIAN_POINT('',(0.,0.,1.49082952053));
#152 = DIRECTION('',(0.,0.,1.));
#153 = DIRECTION('',(1.,0.,-0.));
#154 = DEFINITIONAL_REPRESENTATION('',(#155),#159);
#155 = LINE('',#156,#157);
#156 = CARTESIAN_POINT('',(0.,0.));
#157 = VECTOR('',#158,1.);
#158 = DIRECTION('',(1.,0.));
#159 = ( GEOMETRIC_REPRESENTATION_CONTEXT(2) 
PARAMETRIC_REPRESENTATION_CONTEXT() REPRESENTATION_CONTEXT('2D SPACE',''
  ) );
#160 = PCURVE('',#161,#166);
#161 = PLANE('',#162);
#162 = AXIS2_PLACEMENT_3D('',#163,#164,#165);
#163 = CARTESIAN_POINT('',(0.,0.,1.49082952053));
#164 = DIRECTION('',(0.,0.,1.));
#165 = DIRECTION('',(1.,0.,-0.));
#166 = DEFINITIONAL_REPRESENTATION('',(#167),#171);
#167 = CIRCLE('',#168,1.65);
#168 = AXIS2_PLACEMENT_2D('',#169,#170);
#169 = CARTESIAN_POINT('',(0.,0.));
#170 = DIRECTION('',(1.,-0.));
#171 = ( GEOMETRIC_REPRESENTATION_CONTEXT(2) 
PARAMETRIC_REPRESENTATION_CONTEXT() REPRESENTATION_CONTEXT('2D SPACE',''
  ) );
#172 = ORIENTED_EDGE('',*,*,#173,.T.);
#173 = EDGE_CURVE('',#140,#174,#176,.T.);
#174 = VERTEX_POINT('',#175);
#175 = CARTESIAN_POINT('',(4.45,0.,19.49082952053));
#176 = SEAM_CURVE('',#177,(#181,#188),.PCURVE_S1.);
#177 = LINE('',#178,#179);
#178 = CARTESIAN_POINT('',(1.65,0.,1.49082952053));
#179 = VECTOR('',#180,1.);
#180 = DIRECTION('',(0.153707006282,0.,0.988116468955));
#181 = PCURVE('',#149,#182);
#182 = DEFINITIONAL_REPRESENTATION('',(#183),#187);
#183 = LINE('',#184,#185);
#184 = CARTESIAN_POINT('',(0.,0.));
#185 = VECTOR('',#186,1.);
#186 = DIRECTION('',(0.,1.));
#187 = ( GEOMETRIC_REPRESENTATION_CONTEXT(2) 
PARAMETRIC_REPRESENTATION_CONTEXT() REPRESENTATION_CONTEXT('2D SPACE',''
  ) );
#188 = PCURVE('',#149,#189);
#189 = DEFINITIONAL_REPRESENTATION('',(#190),#194);
#190 = LINE('',#191,#192);
#191 = CARTESIAN_POINT('',(6.28318530718,0.));
#192 = VECTOR('',#193,1.);
#193 = DIRECTION('',(0.,1.));
#194 = ( GEOMETRIC_REPRESENTATION_CONTEXT(2) 
PARAMETRIC_REPRESENTATION_CONTEXT() REPRESENTATION_CONTEXT('2D SPACE',''
  ) );
#195 = ORIENTED_EDGE('',*,*,#196,.F.);
#196 = EDGE_CURVE('',#174,#174,#197,.T.);
#197 = SURFACE_CURVE('',#198,(#203,#210),.PCURVE_S1.);
#198 = CIRCLE('',#199,4.45);
#199 = AXIS2_PLACEMENT_3D('',#200,#201,#202);
#200 = CARTESIAN_POINT('',(0.,0.,19.49082952053));
#201 = DIRECTION('',(0.,0.,1.));
#202 = DIRECTION('',(1.,0.,-0.));
#203 = PCURVE('',#149,#204);
#204 = DEFINITIONAL_REPRESENTATION('',(#205),#209);
#205 = LINE('',#206,#207);
#206 = CARTESIAN_POINT('',(0.,18.));
#207 = VECTOR('',#208,1.);
#208 = DIRECTION('',(1.,0.));
#209 = ( GEOMETRIC_REPRESENTATION_CONTEXT(2) 
PARAMETRIC_REPRESENTATION_CONTEXT() REPRESENTATION_CONTEXT('2D SPACE',''
  ) );
#210 = PCURVE('',#211,#216);
#211 = CYLINDRICAL_SURFACE('',#212,4.45);
#212 = AXIS2_PLACEMENT_3D('',#213,#214,#215);
#213 = CARTESIAN_POINT('',(0.,0.,19.49082952053));
#214 = DIRECTION('',(0.,0.,1.));
#215 = DIRECTION('',(1.,0.,-0.));
#216 = DEFINITIONAL_REPRESENTATION('',(#217),#221);
#217 = LINE('',#218,#219);
#218 = CARTESIAN_POINT('',(0.,0.));
#219 = VECTOR('',#220,1.);
#220 = DIRECTION('',(1.,0.));
#221 = ( GEOMETRIC_REPRESENTATION_CONTEXT(2) 
PARAMETRIC_REPRESENTATION_CONTEXT() REPRESENTATION_CONTEXT('2D SPACE',''
  ) );
#222 = ORIENTED_EDGE('',*,*,#173,.F.);
#223 = ADVANCED_FACE('',(#224,#227),#161,.F.);
#224 = FACE_BOUND('',#225,.T.);
#225 = EDGE_LOOP('',(#226));
#226 = ORIENTED_EDGE('',*,*,#139,.F.);
#227 = FACE_BOUND('',#228,.T.);
#228 = EDGE_LOOP('',(#229));
#229 = ORIENTED_EDGE('',*,*,#230,.T.);
#230 = EDGE_CURVE('',#231,#231,#233,.T.);
#231 = VERTEX_POINT('',#232);
#232 = CARTESIAN_POINT('',(1.251541976014,0.,1.49082952053));
#233 = SURFACE_CURVE('',#234,(#239,#246),.PCURVE_S1.);
#234 = CIRCLE('',#235,1.251541976014);
#235 = AXIS2_PLACEMENT_3D('',#236,#237,#238);
#236 = CARTESIAN_POINT('',(0.,0.,1.49082952053));
#237 = DIRECTION('',(0.,0.,1.));
#238 = DIRECTION('',(1.,0.,-0.));
#239 = PCURVE('',#161,#240);
#240 = DEFINITIONAL_REPRESENTATION('',(#241),#245);
#241 = CIRCLE('',#242,1.251541976014);
#242 = AXIS2_PLACEMENT_2D('',#243,#244);
#243 = CARTESIAN_POINT('',(0.,0.));
#244 = DIRECTION('',(1.,-0.));
#245 = ( GEOMETRIC_REPRESENTATION_CONTEXT(2) 
PARAMETRIC_REPRESENTATION_CONTEXT() REPRESENTATION_CONTEXT('2D SPACE',''
  ) );
#246 = PCURVE('',#247,#252);
#247 = CONICAL_SURFACE('',#248,1.25,0.152992631819);
#248 = AXIS2_PLACEMENT_3D('',#249,#250,#251);
#249 = CARTESIAN_POINT('',(0.,0.,1.48082952053));
#250 = DIRECTION('',(0.,0.,1.));
#251 = DIRECTION('',(1.,0.,-0.));
#252 = DEFINITIONAL_REPRESENTATION('',(#253),#257);
#253 = LINE('',#254,#255);
#254 = CARTESIAN_POINT('',(0.,1.E-02));
#255 = VECTOR('',#256,1.);
#256 = DIRECTION('',(1.,0.));
#257 = ( GEOMETRIC_REPRESENTATION_CONTEXT(2) 
PARAMETRIC_REPRESENTATION_CONTEXT() REPRESENTATION_CONTEXT('2D SPACE',''
  ) );
#258 = ADVANCED_FACE('',(#259),#211,.T.);
#259 = FACE_BOUND('',#260,.T.);
#260 = EDGE_LOOP('',(#261,#262,#285,#312));
#261 = ORIENTED_EDGE('',*,*,#196,.T.);
#262 = ORIENTED_EDGE('',*,*,#263,.T.);
#263 = EDGE_CURVE('',#174,#264,#266,.T.);
#264 = VERTEX_POINT('',#265);
#265 = CARTESIAN_POINT('',(4.45,0.,161.));
#266 = SEAM_CURVE('',#267,(#271,#278),.PCURVE_S1.);
#267 = LINE('',#268,#269);
#268 = CARTESIAN_POINT('',(4.45,0.,19.49082952053));
#269 = VECTOR('',#270,1.);
#270 = DIRECTION('',(0.,0.,1.));
#271 = PCURVE('',#211,#272);
#272 = DEFINITIONAL_REPRESENTATION('',(#273),#277);
#273 = LINE('',#274,#275);
#274 = CARTESIAN_POINT('',(0.,0.));
#275 = VECTOR('',#276,1.);
#276 = DIRECTION('',(0.,1.));
#277 = ( GEOMETRIC_REPRESENTATION_CONTEXT(2) 
PARAMETRIC_REPRESENTATION_CONTEXT() REPRESENTATION_CONTEXT('2D SPACE',''
  ) );
#278 = PCURVE('',#211,#279);
#279 = DEFINITIONAL_REPRESENTATION('',(#280),#284);
#280 = LINE('',#281,#282);
#281 = CARTESIAN_POINT('',(6.28318530718,0.));
#282 = VECTOR('',#283,1.);
#283 = DIRECTION('',(0.,1.));
#284 = ( GEOMETRIC_REPRESENTATION_CONTEXT(2) 
PARAMETRIC_REPRESENTATION_CONTEXT() REPRESENTATION_CONTEXT('2D SPACE',''
  ) );
#285 = ORIENTED_EDGE('',*,*,#286,.F.);
#286 = EDGE_CURVE('',#264,#264,#287,.T.);
#287 = SURFACE_CURVE('',#288,(#293,#300),.PCURVE_S1.);
#288 = CIRCLE('',#289,4.45);
#289 = AXIS2_PLACEMENT_3D('',#290,#291,#292);
#290 = CARTESIAN_POINT('',(0.,0.,161.));
#291 = DIRECTION('',(0.,0.,1.));
#292 = DIRECTION('',(1.,0.,-0.));
#293 = PCURVE('',#211,#294);
#294 = DEFINITIONAL_REPRESENTATION('',(#295),#299);
#295 = LINE('',#296,#297);
#296 = CARTESIAN_POINT('',(0.,141.50917047947));
#297 = VECTOR('',#298,1.);
#298 = DIRECTION('',(1.,0.));
#299 = ( GEOMETRIC_REPRESENTATION_CONTEXT(2) 
PARAMETRIC_REPRESENTATION_CONTEXT() REPRESENTATION_CONTEXT('2D SPACE',''
  ) );
#300 = PCURVE('',#301,#306);
#301 = PLANE('',#302);
#302 = AXIS2_PLACEMENT_3D('',#303,#304,#305);
#303 = CARTESIAN_POINT('',(0.,0.,161.));
#304 = DIRECTION('',(0.,0.,1.));
#305 = DIRECTION('',(1.,0.,-0.));
#306 = DEFINITIONAL_REPRESENTATION('',(#307),#311);
#307 = CIRCLE('',#308,4.45);
#308 = AXIS2_PLACEMENT_2D('',#309,#310);
#309 = CARTESIAN_POINT('',(0.,0.));
#310 = DIRECTION('',(1.,0.));
#311 = ( GEOMETRIC_REPRESENTATION_CONTEXT(2) 
PARAMETRIC_REPRESENTATION_CONTEXT() REPRESENTATION_CONTEXT('2D SPACE',''
  ) );
#312 = ORIENTED_EDGE('',*,*,#263,.F.);
#313 = ADVANCED_FACE('',(#314),#247,.F.);
#314 = FACE_BOUND('',#315,.F.);
#315 = EDGE_LOOP('',(#316,#317,#340,#367));
#316 = ORIENTED_EDGE('',*,*,#230,.T.);
#317 = ORIENTED_EDGE('',*,*,#318,.T.);
#318 = EDGE_CURVE('',#231,#319,#321,.T.);
#319 = VERTEX_POINT('',#320);
#320 = CARTESIAN_POINT('',(3.95,0.,18.99082952053));
#321 = SEAM_CURVE('',#322,(#326,#333),.PCURVE_S1.);
#322 = LINE('',#323,#324);
#323 = CARTESIAN_POINT('',(1.25,0.,1.48082952053));
#324 = VECTOR('',#325,1.);
#325 = DIRECTION('',(0.152396486675,0.,0.988319437656));
#326 = PCURVE('',#247,#327);
#327 = DEFINITIONAL_REPRESENTATION('',(#328),#332);
#328 = LINE('',#329,#330);
#329 = CARTESIAN_POINT('',(0.,0.));
#330 = VECTOR('',#331,1.);
#331 = DIRECTION('',(0.,1.));
#332 = ( GEOMETRIC_REPRESENTATION_CONTEXT(2) 
PARAMETRIC_REPRESENTATION_CONTEXT() REPRESENTATION_CONTEXT('2D SPACE',''
  ) );
#333 = PCURVE('',#247,#334);
#334 = DEFINITIONAL_REPRESENTATION('',(#335),#339);
#335 = LINE('',#336,#337);
#336 = CARTESIAN_POINT('',(6.28318530718,0.));
#337 = VECTOR('',#338,1.);
#338 = DIRECTION('',(0.,1.));
#339 = ( GEOMETRIC_REPRESENTATION_CONTEXT(2) 
PARAMETRIC_REPRESENTATION_CONTEXT() REPRESENTATION_CONTEXT('2D SPACE',''
  ) );
#340 = ORIENTED_EDGE('',*,*,#341,.F.);
#341 = EDGE_CURVE('',#319,#319,#342,.T.);
#342 = SURFACE_CURVE('',#343,(#348,#355),.PCURVE_S1.);
#343 = CIRCLE('',#344,3.95);
#344 = AXIS2_PLACEMENT_3D('',#345,#346,#347);
#345 = CARTESIAN_POINT('',(0.,0.,18.99082952053));
#346 = DIRECTION('',(0.,0.,1.));
#347 = DIRECTION('',(1.,0.,-0.));
#348 = PCURVE('',#247,#349);
#349 = DEFINITIONAL_REPRESENTATION('',(#350),#354);
#350 = LINE('',#351,#352);
#351 = CARTESIAN_POINT('',(0.,17.51));
#352 = VECTOR('',#353,1.);
#353 = DIRECTION('',(1.,0.));
#354 = ( GEOMETRIC_REPRESENTATION_CONTEXT(2) 
PARAMETRIC_REPRESENTATION_CONTEXT() REPRESENTATION_CONTEXT('2D SPACE',''
  ) );
#355 = PCURVE('',#356,#361);
#356 = CYLINDRICAL_SURFACE('',#357,3.95);
#357 = AXIS2_PLACEMENT_3D('',#358,#359,#360);
#358 = CARTESIAN_POINT('',(0.,0.,18.99082952053));
#359 = DIRECTION('',(0.,0.,1.));
#360 = DIRECTION('',(1.,0.,-0.));
#361 = DEFINITIONAL_REPRESENTATION('',(#362),#366);
#362 = LINE('',#363,#364);
#363 = CARTESIAN_POINT('',(0.,0.));
#364 = VECTOR('',#365,1.);
#365 = DIRECTION('',(1.,0.));
#366 = ( GEOMETRIC_REPRESENTATION_CONTEXT(2) 
PARAMETRIC_REPRESENTATION_CONTEXT() REPRESENTATION_CONTEXT('2D SPACE',''
  ) );
#367 = ORIENTED_EDGE('',*,*,#318,.F.);
#368 = ADVANCED_FACE('',(#369,#372),#301,.T.);
#369 = FACE_BOUND('',#370,.T.);
#370 = EDGE_LOOP('',(#371));
#371 = ORIENTED_EDGE('',*,*,#286,.T.);
#372 = FACE_BOUND('',#373,.T.);
#373 = EDGE_LOOP('',(#374));
#374 = ORIENTED_EDGE('',*,*,#375,.F.);
#375 = EDGE_CURVE('',#376,#376,#378,.T.);
#376 = VERTEX_POINT('',#377);
#377 = CARTESIAN_POINT('',(3.95,0.,161.));
#378 = SURFACE_CURVE('',#379,(#384,#391),.PCURVE_S1.);
#379 = CIRCLE('',#380,3.95);
#380 = AXIS2_PLACEMENT_3D('',#381,#382,#383);
#381 = CARTESIAN_POINT('',(0.,0.,161.));
#382 = DIRECTION('',(0.,0.,1.));
#383 = DIRECTION('',(1.,0.,-0.));
#384 = PCURVE('',#301,#385);
#385 = DEFINITIONAL_REPRESENTATION('',(#386),#390);
#386 = CIRCLE('',#387,3.95);
#387 = AXIS2_PLACEMENT_2D('',#388,#389);
#388 = CARTESIAN_POINT('',(0.,0.));
#389 = DIRECTION('',(1.,0.));
#390 = ( GEOMETRIC_REPRESENTATION_CONTEXT(2) 
PARAMETRIC_REPRESENTATION_CONTEXT() REPRESENTATION_CONTEXT('2D SPACE',''
  ) );
#391 = PCURVE('',#356,#392);
#392 = DEFINITIONAL_REPRESENTATION('',(#393),#397);
#393 = LINE('',#394,#395);
#394 = CARTESIAN_POINT('',(0.,142.00917047947));
#395 = VECTOR('',#396,1.);
#396 = DIRECTION('',(1.,0.));
#397 = ( GEOMETRIC_REPRESENTATION_CONTEXT(2) 
PARAMETRIC_REPRESENTATION_CONTEXT() REPRESENTATION_CONTEXT('2D SPACE',''
  ) );
#398 = ADVANCED_FACE('',(#399),#356,.F.);
#399 = FACE_BOUND('',#400,.F.);
#400 = EDGE_LOOP('',(#401,#422,#423,#424));
#401 = ORIENTED_EDGE('',*,*,#402,.F.);
#402 = EDGE_CURVE('',#319,#376,#403,.T.);
#403 = SEAM_CURVE('',#404,(#408,#415),.PCURVE_S1.);
#404 = LINE('',#405,#406);
#405 = CARTESIAN_POINT('',(3.95,0.,18.99082952053));
#406 = VECTOR('',#407,1.);
#407 = DIRECTION('',(0.,0.,1.));
#408 = PCURVE('',#356,#409);
#409 = DEFINITIONAL_REPRESENTATION('',(#410),#414);
#410 = LINE('',#411,#412);
#411 = CARTESIAN_POINT('',(0.,0.));
#412 = VECTOR('',#413,1.);
#413 = DIRECTION('',(0.,1.));
#414 = ( GEOMETRIC_REPRESENTATION_CONTEXT(2) 
PARAMETRIC_REPRESENTATION_CONTEXT() REPRESENTATION_CONTEXT('2D SPACE',''
  ) );
#415 = PCURVE('',#356,#416);
#416 = DEFINITIONAL_REPRESENTATION('',(#417),#421);
#417 = LINE('',#418,#419);
#418 = CARTESIAN_POINT('',(6.28318530718,0.));
#419 = VECTOR('',#420,1.);
#420 = DIRECTION('',(0.,1.));
#421 = ( GEOMETRIC_REPRESENTATION_CONTEXT(2) 
PARAMETRIC_REPRESENTATION_CONTEXT() REPRESENTATION_CONTEXT('2D SPACE',''
  ) );
#422 = ORIENTED_EDGE('',*,*,#341,.T.);
#423 = ORIENTED_EDGE('',*,*,#402,.T.);
#424 = ORIENTED_EDGE('',*,*,#375,.F.);
#425 = ( GEOMETRIC_REPRESENTATION_CONTEXT(3) 
GLOBAL_UNCERTAINTY_ASSIGNED_CONTEXT((#429)) GLOBAL_UNIT_ASSIGNED_CONTEXT
((#426,#427,#428)) REPRESENTATION_CONTEXT('Context #1',
  '3D Context with UNIT and UNCERTAINTY') );
#426 = ( LENGTH_UNIT() NAMED_UNIT(*) SI_UNIT(.MILLI.,.METRE.) );
#427 = ( NAMED_UNIT(*) PLANE_ANGLE_UNIT() SI_UNIT($,.RADIAN.) );
#428 = ( NAMED_UNIT(*) SI_UNIT($,.STERADIAN.) SOLID_ANGLE_UNIT() );
#429 = UNCERTAINTY_MEASURE_WITH_UNIT(LENGTH_MEASURE(1.E-07),#426,
  'distance_accuracy_value','confusion accuracy');
#430 = CONTEXT_DEPENDENT_SHAPE_REPRESENTATION(#431,#433);
#431 = ( REPRESENTATION_RELATIONSHIP('','',#132,#10) 
REPRESENTATION_RELATIONSHIP_WITH_TRANSFORMATION(#432) 
SHAPE_REPRESENTATION_RELATIONSHIP() );
#432 = ITEM_DEFINED_TRANSFORMATION('','',#11,#15);
#433 = PRODUCT_DEFINITION_SHAPE('Placement','Placement of an item',#434
  );
#434 = NEXT_ASSEMBLY_USAGE_OCCURRENCE('1','barrel','',#5,#127,$);
#435 = PRODUCT_RELATED_PRODUCT_CATEGORY('part',$,(#129));
#436 = SHAPE_DEFINITION_REPRESENTATION(#437,#443);
#437 = PRODUCT_DEFINITION_SHAPE('','',#438);
#438 = PRODUCT_DEFINITION('design','',#439,#442);
#439 = PRODUCT_DEFINITION_FORMATION('','',#440);
#440 = PRODUCT('skid_ring','skid_ring','',(#441));
#441 = PRODUCT_CONTEXT('',#2,'mechanical');
#442 = PRODUCT_DEFINITION_CONTEXT('part definition',#2,'design');
#443 = ADVANCED_BREP_SHAPE_REPRESENTATION('',(#11,#444),#626);
#444 = MANIFOLD_SOLID_BREP('',#445);
#445 = CLOSED_SHELL('',(#446,#534,#612,#619));
#446 = ADVANCED_FACE('',(#447),#461,.T.);
#447 = FACE_BOUND('',#448,.F.);
#448 = EDGE_LOOP('',(#449,#479,#506,#507));
#449 = ORIENTED_EDGE('',*,*,#450,.T.);
#450 = EDGE_CURVE('',#451,#453,#455,.T.);
#451 = VERTEX_POINT('',#452);
#452 = CARTESIAN_POINT('',(1.65,0.,1.09082952053));
#453 = VERTEX_POINT('',#454);
#454 = CARTESIAN_POINT('',(1.65,0.,1.49082952053));
#455 = SEAM_CURVE('',#456,(#460,#472),.PCURVE_S1.);
#456 = LINE('',#457,#458);
#457 = CARTESIAN_POINT('',(1.65,0.,1.09082952053));
#458 = VECTOR('',#459,1.);
#459 = DIRECTION('',(0.,0.,1.));
#460 = PCURVE('',#461,#466);
#461 = CYLINDRICAL_SURFACE('',#462,1.65);
#462 = AXIS2_PLACEMENT_3D('',#463,#464,#465);
#463 = CARTESIAN_POINT('',(0.,0.,1.09082952053));
#464 = DIRECTION('',(-0.,-0.,-1.));
#465 = DIRECTION('',(1.,0.,0.));
#466 = DEFINITIONAL_REPRESENTATION('',(#467),#471);
#467 = LINE('',#468,#469);
#468 = CARTESIAN_POINT('',(-0.,0.));
#469 = VECTOR('',#470,1.);
#470 = DIRECTION('',(-0.,-1.));
#471 = ( GEOMETRIC_REPRESENTATION_CONTEXT(2) 
PARAMETRIC_REPRESENTATION_CONTEXT() REPRESENTATION_CONTEXT('2D SPACE',''
  ) );
#472 = PCURVE('',#461,#473);
#473 = DEFINITIONAL_REPRESENTATION('',(#474),#478);
#474 = LINE('',#475,#476);
#475 = CARTESIAN_POINT('',(-6.28318530718,0.));
#476 = VECTOR('',#477,1.);
#477 = DIRECTION('',(-0.,-1.));
#478 = ( GEOMETRIC_REPRESENTATION_CONTEXT(2) 
PARAMETRIC_REPRESENTATION_CONTEXT() REPRESENTATION_CONTEXT('2D SPACE',''
  ) );
#479 = ORIENTED_EDGE('',*,*,#480,.T.);
#480 = EDGE_CURVE('',#453,#453,#481,.T.);
#481 = SURFACE_CURVE('',#482,(#487,#494),.PCURVE_S1.);
#482 = CIRCLE('',#483,1.65);
#483 = AXIS2_PLACEMENT_3D('',#484,#485,#486);
#484 = CARTESIAN_POINT('',(0.,0.,1.49082952053));
#485 = DIRECTION('',(0.,0.,1.));
#486 = DIRECTION('',(1.,0.,0.));
#487 = PCURVE('',#461,#488);
#488 = DEFINITIONAL_REPRESENTATION('',(#489),#493);
#489 = LINE('',#490,#491);
#490 = CARTESIAN_POINT('',(-0.,-0.4));
#491 = VECTOR('',#492,1.);
#492 = DIRECTION('',(-1.,0.));
#493 = ( GEOMETRIC_REPRESENTATION_CONTEXT(2) 
PARAMETRIC_REPRESENTATION_CONTEXT() REPRESENTATION_CONTEXT('2D SPACE',''
  ) );
#494 = PCURVE('',#495,#500);
#495 = PLANE('',#496);
#496 = AXIS2_PLACEMENT_3D('',#497,#498,#499);
#497 = CARTESIAN_POINT('',(-1.035939494348E-16,3.62383754817E-17,
    1.49082952053));
#498 = DIRECTION('',(0.,0.,1.));
#499 = DIRECTION('',(1.,0.,-0.));
#500 = DEFINITIONAL_REPRESENTATION('',(#501),#505);
#501 = CIRCLE('',#502,1.65);
#502 = AXIS2_PLACEMENT_2D('',#503,#504);
#503 = CARTESIAN_POINT('',(1.035939494348E-16,-3.62383754817E-17));
#504 = DIRECTION('',(1.,0.));
#505 = ( GEOMETRIC_REPRESENTATION_CONTEXT(2) 
PARAMETRIC_REPRESENTATION_CONTEXT() REPRESENTATION_CONTEXT('2D SPACE',''
  ) );
#506 = ORIENTED_EDGE('',*,*,#450,.F.);
#507 = ORIENTED_EDGE('',*,*,#508,.F.);
#508 = EDGE_CURVE('',#451,#451,#509,.T.);
#509 = SURFACE_CURVE('',#510,(#515,#522),.PCURVE_S1.);
#510 = CIRCLE('',#511,1.65);
#511 = AXIS2_PLACEMENT_3D('',#512,#513,#514);
#512 = CARTESIAN_POINT('',(0.,0.,1.09082952053));
#513 = DIRECTION('',(0.,0.,1.));
#514 = DIRECTION('',(1.,0.,0.));
#515 = PCURVE('',#461,#516);
#516 = DEFINITIONAL_REPRESENTATION('',(#517),#521);
#517 = LINE('',#518,#519);
#518 = CARTESIAN_POINT('',(-0.,0.));
#519 = VECTOR('',#520,1.);
#520 = DIRECTION('',(-1.,0.));
#521 = ( GEOMETRIC_REPRESENTATION_CONTEXT(2) 
PARAMETRIC_REPRESENTATION_CONTEXT() REPRESENTATION_CONTEXT('2D SPACE',''
  ) );
#522 = PCURVE('',#523,#528);
#523 = PLANE('',#524);
#524 = AXIS2_PLACEMENT_3D('',#525,#526,#527);
#525 = CARTESIAN_POINT('',(-1.035939494348E-16,3.62383754817E-17,
    1.09082952053));
#526 = DIRECTION('',(0.,0.,1.));
#527 = DIRECTION('',(1.,0.,-0.));
#528 = DEFINITIONAL_REPRESENTATION('',(#529),#533);
#529 = CIRCLE('',#530,1.65);
#530 = AXIS2_PLACEMENT_2D('',#531,#532);
#531 = CARTESIAN_POINT('',(1.035939494348E-16,-3.62383754817E-17));
#532 = DIRECTION('',(1.,0.));
#533 = ( GEOMETRIC_REPRESENTATION_CONTEXT(2) 
PARAMETRIC_REPRESENTATION_CONTEXT() REPRESENTATION_CONTEXT('2D SPACE',''
  ) );
#534 = ADVANCED_FACE('',(#535),#549,.F.);
#535 = FACE_BOUND('',#536,.T.);
#536 = EDGE_LOOP('',(#537,#567,#589,#590));
#537 = ORIENTED_EDGE('',*,*,#538,.T.);
#538 = EDGE_CURVE('',#539,#541,#543,.T.);
#539 = VERTEX_POINT('',#540);
#540 = CARTESIAN_POINT('',(1.15,3.364312195834E-17,1.09082952053));
#541 = VERTEX_POINT('',#542);
#542 = CARTESIAN_POINT('',(1.15,3.364312195834E-17,1.49082952053));
#543 = SEAM_CURVE('',#544,(#548,#560),.PCURVE_S1.);
#544 = LINE('',#545,#546);
#545 = CARTESIAN_POINT('',(1.15,3.364312195834E-17,1.09082952053));
#546 = VECTOR('',#547,1.);
#547 = DIRECTION('',(0.,0.,1.));
#548 = PCURVE('',#549,#554);
#549 = CYLINDRICAL_SURFACE('',#550,1.15);
#550 = AXIS2_PLACEMENT_3D('',#551,#552,#553);
#551 = CARTESIAN_POINT('',(7.737918050418E-15,3.364312195834E-17,
    1.09082952053));
#552 = DIRECTION('',(-0.,-0.,-1.));
#553 = DIRECTION('',(1.,0.,0.));
#554 = DEFINITIONAL_REPRESENTATION('',(#555),#559);
#555 = LINE('',#556,#557);
#556 = CARTESIAN_POINT('',(-0.,0.));
#557 = VECTOR('',#558,1.);
#558 = DIRECTION('',(-0.,-1.));
#559 = ( GEOMETRIC_REPRESENTATION_CONTEXT(2) 
PARAMETRIC_REPRESENTATION_CONTEXT() REPRESENTATION_CONTEXT('2D SPACE',''
  ) );
#560 = PCURVE('',#549,#561);
#561 = DEFINITIONAL_REPRESENTATION('',(#562),#566);
#562 = LINE('',#563,#564);
#563 = CARTESIAN_POINT('',(-6.28318530718,0.));
#564 = VECTOR('',#565,1.);
#565 = DIRECTION('',(-0.,-1.));
#566 = ( GEOMETRIC_REPRESENTATION_CONTEXT(2) 
PARAMETRIC_REPRESENTATION_CONTEXT() REPRESENTATION_CONTEXT('2D SPACE',''
  ) );
#567 = ORIENTED_EDGE('',*,*,#568,.T.);
#568 = EDGE_CURVE('',#541,#541,#569,.T.);
#569 = SURFACE_CURVE('',#570,(#575,#582),.PCURVE_S1.);
#570 = CIRCLE('',#571,1.15);
#571 = AXIS2_PLACEMENT_3D('',#572,#573,#574);
#572 = CARTESIAN_POINT('',(7.737918050418E-15,3.364312195834E-17,
    1.49082952053));
#573 = DIRECTION('',(0.,0.,1.));
#574 = DIRECTION('',(1.,0.,0.));
#575 = PCURVE('',#549,#576);
#576 = DEFINITIONAL_REPRESENTATION('',(#577),#581);
#577 = LINE('',#578,#579);
#578 = CARTESIAN_POINT('',(-0.,-0.4));
#579 = VECTOR('',#580,1.);
#580 = DIRECTION('',(-1.,0.));
#581 = ( GEOMETRIC_REPRESENTATION_CONTEXT(2) 
PARAMETRIC_REPRESENTATION_CONTEXT() REPRESENTATION_CONTEXT('2D SPACE',''
  ) );
#582 = PCURVE('',#495,#583);
#583 = DEFINITIONAL_REPRESENTATION('',(#584),#588);
#584 = CIRCLE('',#585,1.15);
#585 = AXIS2_PLACEMENT_2D('',#586,#587);
#586 = CARTESIAN_POINT('',(7.841511999853E-15,-2.595253523362E-18));
#587 = DIRECTION('',(1.,0.));
#588 = ( GEOMETRIC_REPRESENTATION_CONTEXT(2) 
PARAMETRIC_REPRESENTATION_CONTEXT() REPRESENTATION_CONTEXT('2D SPACE',''
  ) );
#589 = ORIENTED_EDGE('',*,*,#538,.F.);
#590 = ORIENTED_EDGE('',*,*,#591,.F.);
#591 = EDGE_CURVE('',#539,#539,#592,.T.);
#592 = SURFACE_CURVE('',#593,(#598,#605),.PCURVE_S1.);
#593 = CIRCLE('',#594,1.15);
#594 = AXIS2_PLACEMENT_3D('',#595,#596,#597);
#595 = CARTESIAN_POINT('',(7.737918050418E-15,3.364312195834E-17,
    1.09082952053));
#596 = DIRECTION('',(0.,0.,1.));
#597 = DIRECTION('',(1.,0.,0.));
#598 = PCURVE('',#549,#599);
#599 = DEFINITIONAL_REPRESENTATION('',(#600),#604);
#600 = LINE('',#601,#602);
#601 = CARTESIAN_POINT('',(-0.,0.));
#602 = VECTOR('',#603,1.);
#603 = DIRECTION('',(-1.,0.));
#604 = ( GEOMETRIC_REPRESENTATION_CONTEXT(2) 
PARAMETRIC_REPRESENTATION_CONTEXT() REPRESENTATION_CONTEXT('2D SPACE',''
  ) );
#605 = PCURVE('',#523,#606);
#606 = DEFINITIONAL_REPRESENTATION('',(#607),#611);
#607 = CIRCLE('',#608,1.15);
#608 = AXIS2_PLACEMENT_2D('',#609,#610);
#609 = CARTESIAN_POINT('',(7.841511999853E-15,-2.595253523362E-18));
#610 = DIRECTION('',(1.,0.));
#611 = ( GEOMETRIC_REPRESENTATION_CONTEXT(2) 
PARAMETRIC_REPRESENTATION_CONTEXT() REPRESENTATION_CONTEXT('2D SPACE',''
  ) );
#612 = ADVANCED_FACE('',(#613,#616),#523,.F.);
#613 = FACE_BOUND('',#614,.F.);
#614 = EDGE_LOOP('',(#615));
#615 = ORIENTED_EDGE('',*,*,#508,.T.);
#616 = FACE_BOUND('',#617,.F.);
#617 = EDGE_LOOP('',(#618));
#618 = ORIENTED_EDGE('',*,*,#591,.F.);
#619 = ADVANCED_FACE('',(#620,#623),#495,.T.);
#620 = FACE_BOUND('',#621,.T.);
#621 = EDGE_LOOP('',(#622));
#622 = ORIENTED_EDGE('',*,*,#480,.T.);
#623 = FACE_BOUND('',#624,.T.);
#624 = EDGE_LOOP('',(#625));
#625 = ORIENTED_EDGE('',*,*,#568,.F.);
#626 = ( GEOMETRIC_REPRESENTATION_CONTEXT(3) 
GLOBAL_UNCERTAINTY_ASSIGNED_CONTEXT((#630)) GLOBAL_UNIT_ASSIGNED_CONTEXT
((#627,#628,#629)) REPRESENTATION_CONTEXT('Context #1',
  '3D Context with UNIT and UNCERTAINTY') );
#627 = ( LENGTH_UNIT() NAMED_UNIT(*) SI_UNIT(.MILLI.,.METRE.) );
#628 = ( NAMED_UNIT(*) PLANE_ANGLE_UNIT() SI_UNIT($,.RADIAN.) );
#629 = ( NAMED_UNIT(*) SI_UNIT($,.STERADIAN.) SOLID_ANGLE_UNIT() );
#630 = UNCERTAINTY_MEASURE_WITH_UNIT(LENGTH_MEASURE(1.E-07),#627,
  'distance_accuracy_value','confusion accuracy');
#631 = CONTEXT_DEPENDENT_SHAPE_REPRESENTATION(#632,#634);
#632 = ( REPRESENTATION_RELATIONSHIP('','',#443,#10) 
REPRESENTATION_RELATIONSHIP_WITH_TRANSFORMATION(#633) 
SHAPE_REPRESENTATION_RELATIONSHIP() );
#633 = ITEM_DEFINED_TRANSFORMATION('','',#11,#19);
#634 = PRODUCT_DEFINITION_SHAPE('Placement','Placement of an item',#635
  );
#635 = NEXT_ASSEMBLY_USAGE_OCCURRENCE('2','skid_ring','',#5,#438,$);
#636 = PRODUCT_RELATED_PRODUCT_CATEGORY('part',$,(#440));
#637 = SHAPE_DEFINITION_REPRESENTATION(#638,#644);
#638 = PRODUCT_DEFINITION_SHAPE('','',#639);
#639 = PRODUCT_DEFINITION('design','',#640,#643);
#640 = PRODUCT_DEFINITION_FORMATION('','',#641);
#641 = PRODUCT('rear_cap','rear_cap','',(#642));
#642 = PRODUCT_CONTEXT('',#2,'mechanical');
#643 = PRODUCT_DEFINITION_CONTEXT('part definition',#2,'design');
#644 = ADVANCED_BREP_SHAPE_REPRESENTATION('',(#11,#645),#888);
#645 = MANIFOLD_SOLID_BREP('',#646);
#646 = CLOSED_SHELL('',(#647,#735,#770,#825,#880,#884));
#647 = ADVANCED_FACE('',(#648),#661,.T.);
#648 = FACE_BOUND('',#649,.T.);
#649 = EDGE_LOOP('',(#650,#684,#707,#734));
#650 = ORIENTED_EDGE('',*,*,#651,.T.);
#651 = EDGE_CURVE('',#652,#652,#654,.T.);
#652 = VERTEX_POINT('',#653);
#653 = CARTESIAN_POINT('',(4.45,0.,161.));
#654 = SURFACE_CURVE('',#655,(#660,#672),.PCURVE_S1.);
#655 = CIRCLE('',#656,4.45);
#656 = AXIS2_PLACEMENT_3D('',#657,#658,#659);
#657 = CARTESIAN_POINT('',(0.,0.,161.));
#658 = DIRECTION('',(0.,0.,1.));
#659 = DIRECTION('',(1.,0.,-0.));
#660 = PCURVE('',#661,#666);
#661 = CYLINDRICAL_SURFACE('',#662,4.45);
#662 = AXIS2_PLACEMENT_3D('',#663,#664,#665);
#663 = CARTESIAN_POINT('',(0.,0.,161.));
#664 = DIRECTION('',(0.,0.,1.));
#665 = DIRECTION('',(1.,0.,-0.));
#666 = DEFINITIONAL_REPRESENTATION('',(#667),#671);
#667 = LINE('',#668,#669);
#668 = CARTESIAN_POINT('',(0.,0.));
#669 = VECTOR('',#670,1.);
#670 = DIRECTION('',(1.,0.));
#671 = ( GEOMETRIC_REPRESENTATION_CONTEXT(2) 
PARAMETRIC_REPRESENTATION_CONTEXT() REPRESENTATION_CONTEXT('2D SPACE',''
  ) );
#672 = PCURVE('',#673,#678);
#673 = PLANE('',#674);
#674 = AXIS2_PLACEMENT_3D('',#675,#676,#677);
#675 = CARTESIAN_POINT('',(0.,0.,161.));
#676 = DIRECTION('',(0.,0.,1.));
#677 = DIRECTION('',(1.,0.,-0.));
#678 = DEFINITIONAL_REPRESENTATION('',(#679),#683);
#679 = CIRCLE('',#680,4.45);
#680 = AXIS2_PLACEMENT_2D('',#681,#682);
#681 = CARTESIAN_POINT('',(0.,0.));
#682 = DIRECTION('',(1.,-0.));
#683 = ( GEOMETRIC_REPRESENTATION_CONTEXT(2) 
PARAMETRIC_REPRESENTATION_CONTEXT() REPRESENTATION_CONTEXT('2D SPACE',''
  ) );
#684 = ORIENTED_EDGE('',*,*,#685,.T.);
#685 = EDGE_CURVE('',#652,#686,#688,.T.);
#686 = VERTEX_POINT('',#687);
#687 = CARTESIAN_POINT('',(4.45,0.,165.));
#688 = SEAM_CURVE('',#689,(#693,#700),.PCURVE_S1.);
#689 = LINE('',#690,#691);
#690 = CARTESIAN_POINT('',(4.45,0.,161.));
#691 = VECTOR('',#692,1.);
#692 = DIRECTION('',(0.,0.,1.));
#693 = PCURVE('',#661,#694);
#694 = DEFINITIONAL_REPRESENTATION('',(#695),#699);
#695 = LINE('',#696,#697);
#696 = CARTESIAN_POINT('',(0.,0.));
#697 = VECTOR('',#698,1.);
#698 = DIRECTION('',(0.,1.));
#699 = ( GEOMETRIC_REPRESENTATION_CONTEXT(2) 
PARAMETRIC_REPRESENTATION_CONTEXT() REPRESENTATION_CONTEXT('2D SPACE',''
  ) );
#700 = PCURVE('',#661,#701);
#701 = DEFINITIONAL_REPRESENTATION('',(#702),#706);
#702 = LINE('',#703,#704);
#703 = CARTESIAN_POINT('',(6.28318530718,0.));
#704 = VECTOR('',#705,1.);
#705 = DIRECTION('',(0.,1.));
#706 = ( GEOMETRIC_REPRESENTATION_CONTEXT(2) 
PARAMETRIC_REPRESENTATION_CONTEXT() REPRESENTATION_CONTEXT('2D SPACE',''
  ) );
#707 = ORIENTED_EDGE('',*,*,#708,.F.);
#708 = EDGE_CURVE('',#686,#686,#709,.T.);
#709 = SURFACE_CURVE('',#710,(#715,#722),.PCURVE_S1.);
#710 = CIRCLE('',#711,4.45);
#711 = AXIS2_PLACEMENT_3D('',#712,#713,#714);
#712 = CARTESIAN_POINT('',(0.,0.,165.));
#713 = DIRECTION('',(0.,0.,1.));
#714 = DIRECTION('',(1.,0.,-0.));
#715 = PCURVE('',#661,#716);
#716 = DEFINITIONAL_REPRESENTATION('',(#717),#721);
#717 = LINE('',#718,#719);
#718 = CARTESIAN_POINT('',(0.,4.));
#719 = VECTOR('',#720,1.);
#720 = DIRECTION('',(1.,0.));
#721 = ( GEOMETRIC_REPRESENTATION_CONTEXT(2) 
PARAMETRIC_REPRESENTATION_CONTEXT() REPRESENTATION_CONTEXT('2D SPACE',''
  ) );
#722 = PCURVE('',#723,#728);
#723 = CONICAL_SURFACE('',#724,4.45,0.785398163397);
#724 = AXIS2_PLACEMENT_3D('',#725,#726,#727);
#725 = CARTESIAN_POINT('',(0.,0.,165.));
#726 = DIRECTION('',(-0.,-0.,-1.));
#727 = DIRECTION('',(1.,0.,-0.));
#728 = DEFINITIONAL_REPRESENTATION('',(#729),#733);
#729 = LINE('',#730,#731);
#730 = CARTESIAN_POINT('',(-0.,-0.));
#731 = VECTOR('',#732,1.);
#732 = DIRECTION('',(-1.,-0.));
#733 = ( GEOMETRIC_REPRESENTATION_CONTEXT(2) 
PARAMETRIC_REPRESENTATION_CONTEXT() REPRESENTATION_CONTEXT('2D SPACE',''
  ) );
#734 = ORIENTED_EDGE('',*,*,#685,.F.);
#735 = ADVANCED_FACE('',(#736,#739),#673,.F.);
#736 = FACE_BOUND('',#737,.T.);
#737 = EDGE_LOOP('',(#738));
#738 = ORIENTED_EDGE('',*,*,#651,.F.);
#739 = FACE_BOUND('',#740,.T.);
#740 = EDGE_LOOP('',(#741));
#741 = ORIENTED_EDGE('',*,*,#742,.T.);
#742 = EDGE_CURVE('',#743,#743,#745,.T.);
#743 = VERTEX_POINT('',#744);
#744 = CARTESIAN_POINT('',(3.85,0.,161.));
#745 = SURFACE_CURVE('',#746,(#751,#758),.PCURVE_S1.);
#746 = CIRCLE('',#747,3.85);
#747 = AXIS2_PLACEMENT_3D('',#748,#749,#750);
#748 = CARTESIAN_POINT('',(0.,0.,161.));
#749 = DIRECTION('',(0.,0.,1.));
#750 = DIRECTION('',(1.,0.,0.));
#751 = PCURVE('',#673,#752);
#752 = DEFINITIONAL_REPRESENTATION('',(#753),#757);
#753 = CIRCLE('',#754,3.85);
#754 = AXIS2_PLACEMENT_2D('',#755,#756);
#755 = CARTESIAN_POINT('',(0.,0.));
#756 = DIRECTION('',(1.,-0.));
#757 = ( GEOMETRIC_REPRESENTATION_CONTEXT(2) 
PARAMETRIC_REPRESENTATION_CONTEXT() REPRESENTATION_CONTEXT('2D SPACE',''
  ) );
#758 = PCURVE('',#759,#764);
#759 = CYLINDRICAL_SURFACE('',#760,3.85);
#760 = AXIS2_PLACEMENT_3D('',#761,#762,#763);
#761 = CARTESIAN_POINT('',(0.,0.,161.));
#762 = DIRECTION('',(-0.,-0.,-1.));
#763 = DIRECTION('',(1.,0.,0.));
#764 = DEFINITIONAL_REPRESENTATION('',(#765),#769);
#765 = LINE('',#766,#767);
#766 = CARTESIAN_POINT('',(-0.,0.));
#767 = VECTOR('',#768,1.);
#768 = DIRECTION('',(-1.,0.));
#769 = ( GEOMETRIC_REPRESENTATION_CONTEXT(2) 
PARAMETRIC_REPRESENTATION_CONTEXT() REPRESENTATION_CONTEXT('2D SPACE',''
  ) );
#770 = ADVANCED_FACE('',(#771),#723,.T.);
#771 = FACE_BOUND('',#772,.T.);
#772 = EDGE_LOOP('',(#773,#774,#797,#824));
#773 = ORIENTED_EDGE('',*,*,#708,.T.);
#774 = ORIENTED_EDGE('',*,*,#775,.T.);
#775 = EDGE_CURVE('',#686,#776,#778,.T.);
#776 = VERTEX_POINT('',#777);
#777 = CARTESIAN_POINT('',(3.45,0.,166.));
#778 = SEAM_CURVE('',#779,(#783,#790),.PCURVE_S1.);
#779 = LINE('',#780,#781);
#780 = CARTESIAN_POINT('',(4.45,0.,165.));
#781 = VECTOR('',#782,1.);
#782 = DIRECTION('',(-0.707106781187,0.,0.707106781187));
#783 = PCURVE('',#723,#784);
#784 = DEFINITIONAL_REPRESENTATION('',(#785),#789);
#785 = LINE('',#786,#787);
#786 = CARTESIAN_POINT('',(-0.,-0.));
#787 = VECTOR('',#788,1.);
#788 = DIRECTION('',(-0.,-1.));
#789 = ( GEOMETRIC_REPRESENTATION_CONTEXT(2) 
PARAMETRIC_REPRESENTATION_CONTEXT() REPRESENTATION_CONTEXT('2D SPACE',''
  ) );
#790 = PCURVE('',#723,#791);
#791 = DEFINITIONAL_REPRESENTATION('',(#792),#796);
#792 = LINE('',#793,#794);
#793 = CARTESIAN_POINT('',(-6.28318530718,-0.));
#794 = VECTOR('',#795,1.);
#795 = DIRECTION('',(-0.,-1.));
#796 = ( GEOMETRIC_REPRESENTATION_CONTEXT(2) 
PARAMETRIC_REPRESENTATION_CONTEXT() REPRESENTATION_CONTEXT('2D SPACE',''
  ) );
#797 = ORIENTED_EDGE('',*,*,#798,.F.);
#798 = EDGE_CURVE('',#776,#776,#799,.T.);
#799 = SURFACE_CURVE('',#800,(#805,#812),.PCURVE_S1.);
#800 = CIRCLE('',#801,3.45);
#801 = AXIS2_PLACEMENT_3D('',#802,#803,#804);
#802 = CARTESIAN_POINT('',(0.,0.,166.));
#803 = DIRECTION('',(0.,0.,1.));
#804 = DIRECTION('',(1.,0.,-0.));
#805 = PCURVE('',#723,#806);
#806 = DEFINITIONAL_REPRESENTATION('',(#807),#811);
#807 = LINE('',#808,#809);
#808 = CARTESIAN_POINT('',(-0.,-1.));
#809 = VECTOR('',#810,1.);
#810 = DIRECTION('',(-1.,-0.));
#811 = ( GEOMETRIC_REPRESENTATION_CONTEXT(2) 
PARAMETRIC_REPRESENTATION_CONTEXT() REPRESENTATION_CONTEXT('2D SPACE',''
  ) );
#812 = PCURVE('',#813,#818);
#813 = PLANE('',#814);
#814 = AXIS2_PLACEMENT_3D('',#815,#816,#817);
#815 = CARTESIAN_POINT('',(0.,0.,166.));
#816 = DIRECTION('',(0.,0.,1.));
#817 = DIRECTION('',(1.,0.,-0.));
#818 = DEFINITIONAL_REPRESENTATION('',(#819),#823);
#819 = CIRCLE('',#820,3.45);
#820 = AXIS2_PLACEMENT_2D('',#821,#822);
#821 = CARTESIAN_POINT('',(0.,0.));
#822 = DIRECTION('',(1.,0.));
#823 = ( GEOMETRIC_REPRESENTATION_CONTEXT(2) 
PARAMETRIC_REPRESENTATION_CONTEXT() REPRESENTATION_CONTEXT('2D SPACE',''
  ) );
#824 = ORIENTED_EDGE('',*,*,#775,.F.);
#825 = ADVANCED_FACE('',(#826),#759,.F.);
#826 = FACE_BOUND('',#827,.T.);
#827 = EDGE_LOOP('',(#828,#851,#878,#879));
#828 = ORIENTED_EDGE('',*,*,#829,.T.);
#829 = EDGE_CURVE('',#743,#830,#832,.T.);
#830 = VERTEX_POINT('',#831);
#831 = CARTESIAN_POINT('',(3.85,0.,165.2));
#832 = SEAM_CURVE('',#833,(#837,#844),.PCURVE_S1.);
#833 = LINE('',#834,#835);
#834 = CARTESIAN_POINT('',(3.85,0.,161.));
#835 = VECTOR('',#836,1.);
#836 = DIRECTION('',(0.,0.,1.));
#837 = PCURVE('',#759,#838);
#838 = DEFINITIONAL_REPRESENTATION('',(#839),#843);
#839 = LINE('',#840,#841);
#840 = CARTESIAN_POINT('',(-0.,0.));
#841 = VECTOR('',#842,1.);
#842 = DIRECTION('',(-0.,-1.));
#843 = ( GEOMETRIC_REPRESENTATION_CONTEXT(2) 
PARAMETRIC_REPRESENTATION_CONTEXT() REPRESENTATION_CONTEXT('2D SPACE',''
  ) );
#844 = PCURVE('',#759,#845);
#845 = DEFINITIONAL_REPRESENTATION('',(#846),#850);
#846 = LINE('',#847,#848);
#847 = CARTESIAN_POINT('',(-6.28318530718,0.));
#848 = VECTOR('',#849,1.);
#849 = DIRECTION('',(-0.,-1.));
#850 = ( GEOMETRIC_REPRESENTATION_CONTEXT(2) 
PARAMETRIC_REPRESENTATION_CONTEXT() REPRESENTATION_CONTEXT('2D SPACE',''
  ) );
#851 = ORIENTED_EDGE('',*,*,#852,.T.);
#852 = EDGE_CURVE('',#830,#830,#853,.T.);
#853 = SURFACE_CURVE('',#854,(#859,#866),.PCURVE_S1.);
#854 = CIRCLE('',#855,3.85);
#855 = AXIS2_PLACEMENT_3D('',#856,#857,#858);
#856 = CARTESIAN_POINT('',(0.,0.,165.2));
#857 = DIRECTION('',(0.,0.,1.));
#858 = DIRECTION('',(1.,0.,0.));
#859 = PCURVE('',#759,#860);
#860 = DEFINITIONAL_REPRESENTATION('',(#861),#865);
#861 = LINE('',#862,#863);
#862 = CARTESIAN_POINT('',(-0.,-4.2));
#863 = VECTOR('',#864,1.);
#864 = DIRECTION('',(-1.,0.));
#865 = ( GEOMETRIC_REPRESENTATION_CONTEXT(2) 
PARAMETRIC_REPRESENTATION_CONTEXT() REPRESENTATION_CONTEXT('2D SPACE',''
  ) );
#866 = PCURVE('',#867,#872);
#867 = PLANE('',#868);
#868 = AXIS2_PLACEMENT_3D('',#869,#870,#871);
#869 = CARTESIAN_POINT('',(-1.775896276025E-16,1.980162493145E-16,165.2)
  );
#870 = DIRECTION('',(0.,0.,1.));
#871 = DIRECTION('',(1.,0.,-0.));
#872 = DEFINITIONAL_REPRESENTATION('',(#873),#877);
#873 = CIRCLE('',#874,3.85);
#874 = AXIS2_PLACEMENT_2D('',#875,#876);
#875 = CARTESIAN_POINT('',(1.775896276025E-16,-1.980162493145E-16));
#876 = DIRECTION('',(1.,0.));
#877 = ( GEOMETRIC_REPRESENTATION_CONTEXT(2) 
PARAMETRIC_REPRESENTATION_CONTEXT() REPRESENTATION_CONTEXT('2D SPACE',''
  ) );
#878 = ORIENTED_EDGE('',*,*,#829,.F.);
#879 = ORIENTED_EDGE('',*,*,#742,.F.);
#880 = ADVANCED_FACE('',(#881),#813,.T.);
#881 = FACE_BOUND('',#882,.T.);
#882 = EDGE_LOOP('',(#883));
#883 = ORIENTED_EDGE('',*,*,#798,.T.);
#884 = ADVANCED_FACE('',(#885),#867,.F.);
#885 = FACE_BOUND('',#886,.F.);
#886 = EDGE_LOOP('',(#887));
#887 = ORIENTED_EDGE('',*,*,#852,.T.);
#888 = ( GEOMETRIC_REPRESENTATION_CONTEXT(3) 
GLOBAL_UNCERTAINTY_ASSIGNED_CONTEXT((#892)) GLOBAL_UNIT_ASSIGNED_CONTEXT
((#889,#890,#891)) REPRESENTATION_CONTEXT('Context #1',
  '3D Context with UNIT and UNCERTAINTY') );
#889 = ( LENGTH_UNIT() NAMED_UNIT(*) SI_UNIT(.MILLI.,.METRE.) );
#890 = ( NAMED_UNIT(*) PLANE_ANGLE_UNIT() SI_UNIT($,.RADIAN.) );
#891 = ( NAMED_UNIT(*) SI_UNIT($,.STERADIAN.) SOLID_ANGLE_UNIT() );
#892 = UNCERTAINTY_MEASURE_WITH_UNIT(LENGTH_MEASURE(1.E-07),#889,
  'distance_accuracy_value','confusion accuracy');
#893 = CONTEXT_DEPENDENT_SHAPE_REPRESENTATION(#894,#896);
#894 = ( REPRESENTATION_RELATIONSHIP('','',#644,#10) 
REPRESENTATION_RELATIONSHIP_WITH_TRANSFORMATION(#895) 
SHAPE_REPRESENTATION_RELATIONSHIP() );
#895 = ITEM_DEFINED_TRANSFORMATION('','',#11,#23);
#896 = PRODUCT_DEFINITION_SHAPE('Placement','Placement of an item',#897
  );
#897 = NEXT_ASSEMBLY_USAGE_OCCURRENCE('3','rear_cap','',#5,#639,$);
#898 = PRODUCT_RELATED_PRODUCT_CATEGORY('part',$,(#641));
#899 = SHAPE_DEFINITION_REPRESENTATION(#900,#906);
#900 = PRODUCT_DEFINITION_SHAPE('','',#901);
#901 = PRODUCT_DEFINITION('design','',#902,#905);
#902 = PRODUCT_DEFINITION_FORMATION('','',#903);
#903 = PRODUCT('clamp_block','clamp_block','',(#904));
#904 = PRODUCT_CONTEXT('',#2,'mechanical');
#905 = PRODUCT_DEFINITION_CONTEXT('part definition',#2,'design');
#906 = ADVANCED_BREP_SHAPE_REPRESENTATION('',(#11,#907),#1089);
#907 = MANIFOLD_SOLID_BREP('',#908);
#908 = CLOSED_SHELL('',(#909,#997,#1075,#1082));
#909 = ADVANCED_FACE('',(#910),#924,.T.);
#910 = FACE_BOUND('',#911,.F.);
#911 = EDGE_LOOP('',(#912,#942,#969,#970));
#912 = ORIENTED_EDGE('',*,*,#913,.T.);
#913 = EDGE_CURVE('',#914,#916,#918,.T.);
#914 = VERTEX_POINT('',#915);
#915 = CARTESIAN_POINT('',(3.9,0.,47.));
#916 = VERTEX_POINT('',#917);
#917 = CARTESIAN_POINT('',(3.9,0.,55.));
#918 = SEAM_CURVE('',#919,(#923,#935),.PCURVE_S1.);
#919 = LINE('',#920,#921);
#920 = CARTESIAN_POINT('',(3.9,0.,47.));
#921 = VECTOR('',#922,1.);
#922 = DIRECTION('',(0.,0.,1.));
#923 = PCURVE('',#924,#929);
#924 = CYLINDRICAL_SURFACE('',#925,3.9);
#925 = AXIS2_PLACEMENT_3D('',#926,#927,#928);
#926 = CARTESIAN_POINT('',(0.,0.,47.));
#927 = DIRECTION('',(-0.,-0.,-1.));
#928 = DIRECTION('',(1.,0.,0.));
#929 = DEFINITIONAL_REPRESENTATION('',(#930),#934);
#930 = LINE('',#931,#932);
#931 = CARTESIAN_POINT('',(-0.,0.));
#932 = VECTOR('',#933,1.);
#933 = DIRECTION('',(-0.,-1.));
#934 = ( GEOMETRIC_REPRESENTATION_CONTEXT(2) 
PARAMETRIC_REPRESENTATION_CONTEXT() REPRESENTATION_CONTEXT('2D SPACE',''
  ) );
#935 = PCURVE('',#924,#936);
#936 = DEFINITIONAL_REPRESENTATION('',(#937),#941);
#937 = LINE('',#938,#939);
#938 = CARTESIAN_POINT('',(-6.28318530718,0.));
#939 = VECTOR('',#940,1.);
#940 = DIRECTION('',(-0.,-1.));
#941 = ( GEOMETRIC_REPRESENTATION_CONTEXT(2) 
PARAMETRIC_REPRESENTATION_CONTEXT() REPRESENTATION_CONTEXT('2D SPACE',''
  ) );
#942 = ORIENTED_EDGE('',*,*,#943,.T.);
#943 = EDGE_CURVE('',#916,#916,#944,.T.);
#944 = SURFACE_CURVE('',#945,(#950,#957),.PCURVE_S1.);
#945 = CIRCLE('',#946,3.9);
#946 = AXIS2_PLACEMENT_3D('',#947,#948,#949);
#947 = CARTESIAN_POINT('',(0.,0.,55.));
#948 = DIRECTION('',(0.,0.,1.));
#949 = DIRECTION('',(1.,0.,0.));
#950 = PCURVE('',#924,#951);
#951 = DEFINITIONAL_REPRESENTATION('',(#952),#956);
#952 = LINE('',#953,#954);
#953 = CARTESIAN_POINT('',(-0.,-8.));
#954 = VECTOR('',#955,1.);
#955 = DIRECTION('',(-1.,0.));
#956 = ( GEOMETRIC_REPRESENTATION_CONTEXT(2) 
PARAMETRIC_REPRESENTATION_CONTEXT() REPRESENTATION_CONTEXT('2D SPACE',''
  ) );
#957 = PCURVE('',#958,#963);
#958 = PLANE('',#959);
#959 = AXIS2_PLACEMENT_3D('',#960,#961,#962);
#960 = CARTESIAN_POINT('',(-1.753128375051E-16,3.66734428626E-16,55.));
#961 = DIRECTION('',(0.,0.,1.));
#962 = DIRECTION('',(1.,0.,-0.));
#963 = DEFINITIONAL_REPRESENTATION('',(#964),#968);
#964 = CIRCLE('',#965,3.9);
#965 = AXIS2_PLACEMENT_2D('',#966,#967);
#966 = CARTESIAN_POINT('',(1.753128375051E-16,-3.66734428626E-16));
#967 = DIRECTION('',(1.,0.));
#968 = ( GEOMETRIC_REPRESENTATION_CONTEXT(2) 
PARAMETRIC_REPRESENTATION_CONTEXT() REPRESENTATION_CONTEXT('2D SPACE',''
  ) );
#969 = ORIENTED_EDGE('',*,*,#913,.F.);
#970 = ORIENTED_EDGE('',*,*,#971,.F.);
#971 = EDGE_CURVE('',#914,#914,#972,.T.);
#972 = SURFACE_CURVE('',#973,(#978,#985),.PCURVE_S1.);
#973 = CIRCLE('',#974,3.9);
#974 = AXIS2_PLACEMENT_3D('',#975,#976,#977);
#975 = CARTESIAN_POINT('',(0.,0.,47.));
#976 = DIRECTION('',(0.,0.,1.));
#977 = DIRECTION('',(1.,0.,0.));
#978 = PCURVE('',#924,#979);
#979 = DEFINITIONAL_REPRESENTATION('',(#980),#984);
#980 = LINE('',#981,#982);
#981 = CARTESIAN_POINT('',(-0.,0.));
#982 = VECTOR('',#983,1.);
#983 = DIRECTION('',(-1.,0.));
#984 = ( GEOMETRIC_REPRESENTATION_CONTEXT(2) 
PARAMETRIC_REPRESENTATION_CONTEXT() REPRESENTATION_CONTEXT('2D SPACE',''
  ) );
#985 = PCURVE('',#986,#991);
#986 = PLANE('',#987);
#987 = AXIS2_PLACEMENT_3D('',#988,#989,#990);
#988 = CARTESIAN_POINT('',(-1.753128375051E-16,3.66734428626E-16,47.));
#989 = DIRECTION('',(0.,0.,1.));
#990 = DIRECTION('',(1.,0.,-0.));
#991 = DEFINITIONAL_REPRESENTATION('',(#992),#996);
#992 = CIRCLE('',#993,3.9);
#993 = AXIS2_PLACEMENT_2D('',#994,#995);
#994 = CARTESIAN_POINT('',(1.753128375051E-16,-3.66734428626E-16));
#995 = DIRECTION('',(1.,0.));
#996 = ( GEOMETRIC_REPRESENTATION_CONTEXT(2) 
PARAMETRIC_REPRESENTATION_CONTEXT() REPRESENTATION_CONTEXT('2D SPACE',''
  ) );
#997 = ADVANCED_FACE('',(#998),#1012,.F.);
#998 = FACE_BOUND('',#999,.T.);
#999 = EDGE_LOOP('',(#1000,#1030,#1052,#1053));
#1000 = ORIENTED_EDGE('',*,*,#1001,.T.);
#1001 = EDGE_CURVE('',#1002,#1004,#1006,.T.);
#1002 = VERTEX_POINT('',#1003);
#1003 = CARTESIAN_POINT('',(1.625,5.693451408334E-17,47.));
#1004 = VERTEX_POINT('',#1005);
#1005 = CARTESIAN_POINT('',(1.625,5.693451408334E-17,55.));
#1006 = SEAM_CURVE('',#1007,(#1011,#1023),.PCURVE_S1.);
#1007 = LINE('',#1008,#1009);
#1008 = CARTESIAN_POINT('',(1.625,5.693451408334E-17,47.));
#1009 = VECTOR('',#1010,1.);
#1010 = DIRECTION('',(0.,0.,1.));
#1011 = PCURVE('',#1012,#1017);
#1012 = CYLINDRICAL_SURFACE('',#1013,1.625);
#1013 = AXIS2_PLACEMENT_3D('',#1014,#1015,#1016);
#1014 = CARTESIAN_POINT('',(1.890225867567E-14,5.693451408334E-17,47.));
#1015 = DIRECTION('',(-0.,-0.,-1.));
#1016 = DIRECTION('',(1.,0.,0.));
#1017 = DEFINITIONAL_REPRESENTATION('',(#1018),#1022);
#1018 = LINE('',#1019,#1020);
#1019 = CARTESIAN_POINT('',(-0.,0.));
#1020 = VECTOR('',#1021,1.);
#1021 = DIRECTION('',(-0.,-1.));
#1022 = ( GEOMETRIC_REPRESENTATION_CONTEXT(2) 
PARAMETRIC_REPRESENTATION_CONTEXT() REPRESENTATION_CONTEXT('2D SPACE',''
  ) );
#1023 = PCURVE('',#1012,#1024);
#1024 = DEFINITIONAL_REPRESENTATION('',(#1025),#1029);
#1025 = LINE('',#1026,#1027);
#1026 = CARTESIAN_POINT('',(-6.28318530718,0.));
#1027 = VECTOR('',#1028,1.);
#1028 = DIRECTION('',(-0.,-1.));
#1029 = ( GEOMETRIC_REPRESENTATION_CONTEXT(2) 
PARAMETRIC_REPRESENTATION_CONTEXT() REPRESENTATION_CONTEXT('2D SPACE',''
  ) );
#1030 = ORIENTED_EDGE('',*,*,#1031,.T.);
#1031 = EDGE_CURVE('',#1004,#1004,#1032,.T.);
#1032 = SURFACE_CURVE('',#1033,(#1038,#1045),.PCURVE_S1.);
#1033 = CIRCLE('',#1034,1.625);
#1034 = AXIS2_PLACEMENT_3D('',#1035,#1036,#1037);
#1035 = CARTESIAN_POINT('',(1.890225867567E-14,5.693451408334E-17,55.));
#1036 = DIRECTION('',(0.,0.,1.));
#1037 = DIRECTION('',(1.,0.,0.));
#1038 = PCURVE('',#1012,#1039);
#1039 = DEFINITIONAL_REPRESENTATION('',(#1040),#1044);
#1040 = LINE('',#1041,#1042);
#1041 = CARTESIAN_POINT('',(-0.,-8.));
#1042 = VECTOR('',#1043,1.);
#1043 = DIRECTION('',(-1.,0.));
#1044 = ( GEOMETRIC_REPRESENTATION_CONTEXT(2) 
PARAMETRIC_REPRESENTATION_CONTEXT() REPRESENTATION_CONTEXT('2D SPACE',''
  ) );
#1045 = PCURVE('',#958,#1046);
#1046 = DEFINITIONAL_REPRESENTATION('',(#1047),#1051);
#1047 = CIRCLE('',#1048,1.625);
#1048 = AXIS2_PLACEMENT_2D('',#1049,#1050);
#1049 = CARTESIAN_POINT('',(1.907757151317E-14,-3.097999145427E-16));
#1050 = DIRECTION('',(1.,0.));
#1051 = ( GEOMETRIC_REPRESENTATION_CONTEXT(2) 
PARAMETRIC_REPRESENTATION_CONTEXT() REPRESENTATION_CONTEXT('2D SPACE',''
  ) );
#1052 = ORIENTED_EDGE('',*,*,#1001,.F.);
#1053 = ORIENTED_EDGE('',*,*,#1054,.F.);
#1054 = EDGE_CURVE('',#1002,#1002,#1055,.T.);
#1055 = SURFACE_CURVE('',#1056,(#1061,#1068),.PCURVE_S1.);
#1056 = CIRCLE('',#1057,1.625);
#1057 = AXIS2_PLACEMENT_3D('',#1058,#1059,#1060);
#1058 = CARTESIAN_POINT('',(1.890225867567E-14,5.693451408334E-17,47.));
#1059 = DIRECTION('',(0.,0.,1.));
#1060 = DIRECTION('',(1.,0.,0.));
#1061 = PCURVE('',#1012,#1062);
#1062 = DEFINITIONAL_REPRESENTATION('',(#1063),#1067);
#1063 = LINE('',#1064,#1065);
#1064 = CARTESIAN_POINT('',(-0.,0.));
#1065 = VECTOR('',#1066,1.);
#1066 = DIRECTION('',(-1.,0.));
#1067 = ( GEOMETRIC_REPRESENTATION_CONTEXT(2) 
PARAMETRIC_REPRESENTATION_CONTEXT() REPRESENTATION_CONTEXT('2D SPACE',''
  ) );
#1068 = PCURVE('',#986,#1069);
#1069 = DEFINITIONAL_REPRESENTATION('',(#1070),#1074);
#1070 = CIRCLE('',#1071,1.625);
#1071 = AXIS2_PLACEMENT_2D('',#1072,#1073);
#1072 = CARTESIAN_POINT('',(1.907757151317E-14,-3.097999145427E-16));
#1073 = DIRECTION('',(1.,0.));
#1074 = ( GEOMETRIC_REPRESENTATION_CONTEXT(2) 
PARAMETRIC_REPRESENTATION_CONTEXT() REPRESENTATION_CONTEXT('2D SPACE',''
  ) );
#1075 = ADVANCED_FACE('',(#1076,#1079),#986,.F.);
#1076 = FACE_BOUND('',#1077,.F.);
#1077 = EDGE_LOOP('',(#1078));
#1078 = ORIENTED_EDGE('',*,*,#971,.T.);
#1079 = FACE_BOUND('',#1080,.F.);
#1080 = EDGE_LOOP('',(#1081));
#1081 = ORIENTED_EDGE('',*,*,#1054,.F.);
#1082 = ADVANCED_FACE('',(#1083,#1086),#958,.T.);
#1083 = FACE_BOUND('',#1084,.T.);
#1084 = EDGE_LOOP('',(#1085));
#1085 = ORIENTED_EDGE('',*,*,#943,.T.);
#1086 = FACE_BOUND('',#1087,.T.);
#1087 = EDGE_LOOP('',(#1088));
#1088 = ORIENTED_EDGE('',*,*,#1031,.F.);
#1089 = ( GEOMETRIC_REPRESENTATION_CONTEXT(3) 
GLOBAL_UNCERTAINTY_ASSIGNED_CONTEXT((#1093)) 
GLOBAL_UNIT_ASSIGNED_CONTEXT((#1090,#1091,#1092)) REPRESENTATION_CONTEXT
('Context #1','3D Context with UNIT and UNCERTAINTY') );
#1090 = ( LENGTH_UNIT() NAMED_UNIT(*) SI_UNIT(.MILLI.,.METRE.) );
#1091 = ( NAMED_UNIT(*) PLANE_ANGLE_UNIT() SI_UNIT($,.RADIAN.) );
#1092 = ( NAMED_UNIT(*) SI_UNIT($,.STERADIAN.) SOLID_ANGLE_UNIT() );
#1093 = UNCERTAINTY_MEASURE_WITH_UNIT(LENGTH_MEASURE(1.E-07),#1090,
  'distance_accuracy_value','confusion accuracy');
#1094 = CONTEXT_DEPENDENT_SHAPE_REPRESENTATION(#1095,#1097);
#1095 = ( REPRESENTATION_RELATIONSHIP('','',#906,#10) 
REPRESENTATION_RELATIONSHIP_WITH_TRANSFORMATION(#1096) 
SHAPE_REPRESENTATION_RELATIONSHIP() );
#1096 = ITEM_DEFINED_TRANSFORMATION('','',#11,#27);
#1097 = PRODUCT_DEFINITION_SHAPE('Placement','Placement of an item',
  #1098);
#1098 = NEXT_ASSEMBLY_USAGE_OCCURRENCE('4','clamp_block','',#5,#901,$);
#1099 = PRODUCT_RELATED_PRODUCT_CATEGORY('part',$,(#903));
#1100 = SHAPE_DEFINITION_REPRESENTATION(#1101,#1107);
#1101 = PRODUCT_DEFINITION_SHAPE('','',#1102);
#1102 = PRODUCT_DEFINITION('design','',#1103,#1106);
#1103 = PRODUCT_DEFINITION_FORMATION('','',#1104);
#1104 = PRODUCT('bulkhead','bulkhead','',(#1105));
#1105 = PRODUCT_CONTEXT('',#2,'mechanical');
#1106 = PRODUCT_DEFINITION_CONTEXT('part definition',#2,'design');
#1107 = ADVANCED_BREP_SHAPE_REPRESENTATION('',(#11,#1108),#1290);
#1108 = MANIFOLD_SOLID_BREP('',#1109);
#1109 = CLOSED_SHELL('',(#1110,#1198,#1276,#1283));
#1110 = ADVANCED_FACE('',(#1111),#1125,.T.);
#1111 = FACE_BOUND('',#1112,.F.);
#1112 = EDGE_LOOP('',(#1113,#1143,#1170,#1171));
#1113 = ORIENTED_EDGE('',*,*,#1114,.T.);
#1114 = EDGE_CURVE('',#1115,#1117,#1119,.T.);
#1115 = VERTEX_POINT('',#1116);
#1116 = CARTESIAN_POINT('',(3.9,0.,77.));
#1117 = VERTEX_POINT('',#1118);
#1118 = CARTESIAN_POINT('',(3.9,0.,77.8));
#1119 = SEAM_CURVE('',#1120,(#1124,#1136),.PCURVE_S1.);
#1120 = LINE('',#1121,#1122);
#1121 = CARTESIAN_POINT('',(3.9,0.,77.));
#1122 = VECTOR('',#1123,1.);
#1123 = DIRECTION('',(0.,0.,1.));
#1124 = PCURVE('',#1125,#1130);
#1125 = CYLINDRICAL_SURFACE('',#1126,3.9);
#1126 = AXIS2_PLACEMENT_3D('',#1127,#1128,#1129);
#1127 = CARTESIAN_POINT('',(0.,0.,77.));
#1128 = DIRECTION('',(-0.,-0.,-1.));
#1129 = DIRECTION('',(1.,0.,0.));
#1130 = DEFINITIONAL_REPRESENTATION('',(#1131),#1135);
#1131 = LINE('',#1132,#1133);
#1132 = CARTESIAN_POINT('',(-0.,0.));
#1133 = VECTOR('',#1134,1.);
#1134 = DIRECTION('',(-0.,-1.));
#1135 = ( GEOMETRIC_REPRESENTATION_CONTEXT(2) 
PARAMETRIC_REPRESENTATION_CONTEXT() REPRESENTATION_CONTEXT('2D SPACE',''
  ) );
#1136 = PCURVE('',#1125,#1137);
#1137 = DEFINITIONAL_REPRESENTATION('',(#1138),#1142);
#1138 = LINE('',#1139,#1140);
#1139 = CARTESIAN_POINT('',(-6.28318530718,0.));
#1140 = VECTOR('',#1141,1.);
#1141 = DIRECTION('',(-0.,-1.));
#1142 = ( GEOMETRIC_REPRESENTATION_CONTEXT(2) 
PARAMETRIC_REPRESENTATION_CONTEXT() REPRESENTATION_CONTEXT('2D SPACE',''
  ) );
#1143 = ORIENTED_EDGE('',*,*,#1144,.T.);
#1144 = EDGE_CURVE('',#1117,#1117,#1145,.T.);
#1145 = SURFACE_CURVE('',#1146,(#1151,#1158),.PCURVE_S1.);
#1146 = CIRCLE('',#1147,3.9);
#1147 = AXIS2_PLACEMENT_3D('',#1148,#1149,#1150);
#1148 = CARTESIAN_POINT('',(0.,0.,77.8));
#1149 = DIRECTION('',(0.,0.,1.));
#1150 = DIRECTION('',(1.,0.,0.));
#1151 = PCURVE('',#1125,#1152);
#1152 = DEFINITIONAL_REPRESENTATION('',(#1153),#1157);
#1153 = LINE('',#1154,#1155);
#1154 = CARTESIAN_POINT('',(-0.,-0.8));
#1155 = VECTOR('',#1156,1.);
#1156 = DIRECTION('',(-1.,0.));
#1157 = ( GEOMETRIC_REPRESENTATION_CONTEXT(2) 
PARAMETRIC_REPRESENTATION_CONTEXT() REPRESENTATION_CONTEXT('2D SPACE',''
  ) );
#1158 = PCURVE('',#1159,#1164);
#1159 = PLANE('',#1160);
#1160 = AXIS2_PLACEMENT_3D('',#1161,#1162,#1163);
#1161 = CARTESIAN_POINT('',(-1.753128375051E-16,3.66734428626E-16,77.8)
  );
#1162 = DIRECTION('',(0.,0.,1.));
#1163 = DIRECTION('',(1.,0.,-0.));
#1164 = DEFINITIONAL_REPRESENTATION('',(#1165),#1169);
#1165 = CIRCLE('',#1166,3.9);
#1166 = AXIS2_PLACEMENT_2D('',#1167,#1168);
#1167 = CARTESIAN_POINT('',(1.753128375051E-16,-3.66734428626E-16));
#1168 = DIRECTION('',(1.,0.));
#1169 = ( GEOMETRIC_REPRESENTATION_CONTEXT(2) 
PARAMETRIC_REPRESENTATION_CONTEXT() REPRESENTATION_CONTEXT('2D SPACE',''
  ) );
#1170 = ORIENTED_EDGE('',*,*,#1114,.F.);
#1171 = ORIENTED_EDGE('',*,*,#1172,.F.);
#1172 = EDGE_CURVE('',#1115,#1115,#1173,.T.);
#1173 = SURFACE_CURVE('',#1174,(#1179,#1186),.PCURVE_S1.);
#1174 = CIRCLE('',#1175,3.9);
#1175 = AXIS2_PLACEMENT_3D('',#1176,#1177,#1178);
#1176 = CARTESIAN_POINT('',(0.,0.,77.));
#1177 = DIRECTION('',(0.,0.,1.));
#1178 = DIRECTION('',(1.,0.,0.));
#1179 = PCURVE('',#1125,#1180);
#1180 = DEFINITIONAL_REPRESENTATION('',(#1181),#1185);
#1181 = LINE('',#1182,#1183);
#1182 = CARTESIAN_POINT('',(-0.,0.));
#1183 = VECTOR('',#1184,1.);
#1184 = DIRECTION('',(-1.,0.));
#1185 = ( GEOMETRIC_REPRESENTATION_CONTEXT(2) 
PARAMETRIC_REPRESENTATION_CONTEXT() REPRESENTATION_CONTEXT('2D SPACE',''
  ) );
#1186 = PCURVE('',#1187,#1192);
#1187 = PLANE('',#1188);
#1188 = AXIS2_PLACEMENT_3D('',#1189,#1190,#1191);
#1189 = CARTESIAN_POINT('',(-1.753128375051E-16,3.66734428626E-16,77.));
#1190 = DIRECTION('',(0.,0.,1.));
#1191 = DIRECTION('',(1.,0.,-0.));
#1192 = DEFINITIONAL_REPRESENTATION('',(#1193),#1197);
#1193 = CIRCLE('',#1194,3.9);
#1194 = AXIS2_PLACEMENT_2D('',#1195,#1196);
#1195 = CARTESIAN_POINT('',(1.753128375051E-16,-3.66734428626E-16));
#1196 = DIRECTION('',(1.,0.));
#1197 = ( GEOMETRIC_REPRESENTATION_CONTEXT(2) 
PARAMETRIC_REPRESENTATION_CONTEXT() REPRESENTATION_CONTEXT('2D SPACE',''
  ) );
#1198 = ADVANCED_FACE('',(#1199),#1213,.F.);
#1199 = FACE_BOUND('',#1200,.T.);
#1200 = EDGE_LOOP('',(#1201,#1231,#1253,#1254));
#1201 = ORIENTED_EDGE('',*,*,#1202,.T.);
#1202 = EDGE_CURVE('',#1203,#1205,#1207,.T.);
#1203 = VERTEX_POINT('',#1204);
#1204 = CARTESIAN_POINT('',(1.000000000019E-03,5.693451408334E-17,77.));
#1205 = VERTEX_POINT('',#1206);
#1206 = CARTESIAN_POINT('',(1.000000000019E-03,5.693451408334E-17,77.8)
  );
#1207 = SEAM_CURVE('',#1208,(#1212,#1224),.PCURVE_S1.);
#1208 = LINE('',#1209,#1210);
#1209 = CARTESIAN_POINT('',(1.000000000019E-03,5.693451408334E-17,77.));
#1210 = VECTOR('',#1211,1.);
#1211 = DIRECTION('',(0.,0.,1.));
#1212 = PCURVE('',#1213,#1218);
#1213 = CYLINDRICAL_SURFACE('',#1214,1.E-03);
#1214 = AXIS2_PLACEMENT_3D('',#1215,#1216,#1217);
#1215 = CARTESIAN_POINT('',(1.890225867567E-14,5.693451408334E-17,77.));
#1216 = DIRECTION('',(-0.,-0.,-1.));
#1217 = DIRECTION('',(1.,0.,0.));
#1218 = DEFINITIONAL_REPRESENTATION('',(#1219),#1223);
#1219 = LINE('',#1220,#1221);
#1220 = CARTESIAN_POINT('',(-0.,0.));
#1221 = VECTOR('',#1222,1.);
#1222 = DIRECTION('',(-0.,-1.));
#1223 = ( GEOMETRIC_REPRESENTATION_CONTEXT(2) 
PARAMETRIC_REPRESENTATION_CONTEXT() REPRESENTATION_CONTEXT('2D SPACE',''
  ) );
#1224 = PCURVE('',#1213,#1225);
#1225 = DEFINITIONAL_REPRESENTATION('',(#1226),#1230);
#1226 = LINE('',#1227,#1228);
#1227 = CARTESIAN_POINT('',(-6.28318530718,0.));
#1228 = VECTOR('',#1229,1.);
#1229 = DIRECTION('',(-0.,-1.));
#1230 = ( GEOMETRIC_REPRESENTATION_CONTEXT(2) 
PARAMETRIC_REPRESENTATION_CONTEXT() REPRESENTATION_CONTEXT('2D SPACE',''
  ) );
#1231 = ORIENTED_EDGE('',*,*,#1232,.T.);
#1232 = EDGE_CURVE('',#1205,#1205,#1233,.T.);
#1233 = SURFACE_CURVE('',#1234,(#1239,#1246),.PCURVE_S1.);
#1234 = CIRCLE('',#1235,1.E-03);
#1235 = AXIS2_PLACEMENT_3D('',#1236,#1237,#1238);
#1236 = CARTESIAN_POINT('',(1.890225867567E-14,5.693451408334E-17,77.8)
  );
#1237 = DIRECTION('',(0.,0.,1.));
#1238 = DIRECTION('',(1.,0.,0.));
#1239 = PCURVE('',#1213,#1240);
#1240 = DEFINITIONAL_REPRESENTATION('',(#1241),#1245);
#1241 = LINE('',#1242,#1243);
#1242 = CARTESIAN_POINT('',(-0.,-0.8));
#1243 = VECTOR('',#1244,1.);
#1244 = DIRECTION('',(-1.,0.));
#1245 = ( GEOMETRIC_REPRESENTATION_CONTEXT(2) 
PARAMETRIC_REPRESENTATION_CONTEXT() REPRESENTATION_CONTEXT('2D SPACE',''
  ) );
#1246 = PCURVE('',#1159,#1247);
#1247 = DEFINITIONAL_REPRESENTATION('',(#1248),#1252);
#1248 = CIRCLE('',#1249,1.E-03);
#1249 = AXIS2_PLACEMENT_2D('',#1250,#1251);
#1250 = CARTESIAN_POINT('',(1.907757151317E-14,-3.097999145427E-16));
#1251 = DIRECTION('',(1.,0.));
#1252 = ( GEOMETRIC_REPRESENTATION_CONTEXT(2) 
PARAMETRIC_REPRESENTATION_CONTEXT() REPRESENTATION_CONTEXT('2D SPACE',''
  ) );
#1253 = ORIENTED_EDGE('',*,*,#1202,.F.);
#1254 = ORIENTED_EDGE('',*,*,#1255,.F.);
#1255 = EDGE_CURVE('',#1203,#1203,#1256,.T.);
#1256 = SURFACE_CURVE('',#1257,(#1262,#1269),.PCURVE_S1.);
#1257 = CIRCLE('',#1258,1.E-03);
#1258 = AXIS2_PLACEMENT_3D('',#1259,#1260,#1261);
#1259 = CARTESIAN_POINT('',(1.890225867567E-14,5.693451408334E-17,77.));
#1260 = DIRECTION('',(0.,0.,1.));
#1261 = DIRECTION('',(1.,0.,0.));
#1262 = PCURVE('',#1213,#1263);
#1263 = DEFINITIONAL_REPRESENTATION('',(#1264),#1268);
#1264 = LINE('',#1265,#1266);
#1265 = CARTESIAN_POINT('',(-0.,0.));
#1266 = VECTOR('',#1267,1.);
#1267 = DIRECTION('',(-1.,0.));
#1268 = ( GEOMETRIC_REPRESENTATION_CONTEXT(2) 
PARAMETRIC_REPRESENTATION_CONTEXT() REPRESENTATION_CONTEXT('2D SPACE',''
  ) );
#1269 = PCURVE('',#1187,#1270);
#1270 = DEFINITIONAL_REPRESENTATION('',(#1271),#1275);
#1271 = CIRCLE('',#1272,1.E-03);
#1272 = AXIS2_PLACEMENT_2D('',#1273,#1274);
#1273 = CARTESIAN_POINT('',(1.907757151317E-14,-3.097999145427E-16));
#1274 = DIRECTION('',(1.,0.));
#1275 = ( GEOMETRIC_REPRESENTATION_CONTEXT(2) 
PARAMETRIC_REPRESENTATION_CONTEXT() REPRESENTATION_CONTEXT('2D SPACE',''
  ) );
#1276 = ADVANCED_FACE('',(#1277,#1280),#1187,.F.);
#1277 = FACE_BOUND('',#1278,.F.);
#1278 = EDGE_LOOP('',(#1279));
#1279 = ORIENTED_EDGE('',*,*,#1172,.T.);
#1280 = FACE_BOUND('',#1281,.F.);
#1281 = EDGE_LOOP('',(#1282));
#1282 = ORIENTED_EDGE('',*,*,#1255,.F.);
#1283 = ADVANCED_FACE('',(#1284,#1287),#1159,.T.);
#1284 = FACE_BOUND('',#1285,.T.);
#1285 = EDGE_LOOP('',(#1286));
#1286 = ORIENTED_EDGE('',*,*,#1144,.T.);
#1287 = FACE_BOUND('',#1288,.T.);
#1288 = EDGE_LOOP('',(#1289));
#1289 = ORIENTED_EDGE('',*,*,#1232,.F.);
#1290 = ( GEOMETRIC_REPRESENTATION_CONTEXT(3) 
GLOBAL_UNCERTAINTY_ASSIGNED_CONTEXT((#1294)) 
GLOBAL_UNIT_ASSIGNED_CONTEXT((#1291,#1292,#1293)) REPRESENTATION_CONTEXT
('Context #1','3D Context with UNIT and UNCERTAINTY') );
#1291 = ( LENGTH_UNIT() NAMED_UNIT(*) SI_UNIT(.MILLI.,.METRE.) );
#1292 = ( NAMED_UNIT(*) PLANE_ANGLE_UNIT() SI_UNIT($,.RADIAN.) );
#1293 = ( NAMED_UNIT(*) SI_UNIT($,.STERADIAN.) SOLID_ANGLE_UNIT() );
#1294 = UNCERTAINTY_MEASURE_WITH_UNIT(LENGTH_MEASURE(1.E-07),#1291,
  'distance_accuracy_value','confusion accuracy');
#1295 = CONTEXT_DEPENDENT_SHAPE_REPRESENTATION(#1296,#1298);
#1296 = ( REPRESENTATION_RELATIONSHIP('','',#1107,#10) 
REPRESENTATION_RELATIONSHIP_WITH_TRANSFORMATION(#1297) 
SHAPE_REPRESENTATION_RELATIONSHIP() );
#1297 = ITEM_DEFINED_TRANSFORMATION('','',#11,#31);
#1298 = PRODUCT_DEFINITION_SHAPE('Placement','Placement of an item',
  #1299);
#1299 = NEXT_ASSEMBLY_USAGE_OCCURRENCE('5','bulkhead','',#5,#1102,$);
#1300 = PRODUCT_RELATED_PRODUCT_CATEGORY('part',$,(#1104));
#1301 = SHAPE_DEFINITION_REPRESENTATION(#1302,#1308);
#1302 = PRODUCT_DEFINITION_SHAPE('','',#1303);
#1303 = PRODUCT_DEFINITION('design','',#1304,#1307);
#1304 = PRODUCT_DEFINITION_FORMATION('','',#1305);
#1305 = PRODUCT('battery','battery','',(#1306));
#1306 = PRODUCT_CONTEXT('',#2,'mechanical');
#1307 = PRODUCT_DEFINITION_CONTEXT('part definition',#2,'design');
#1308 = ADVANCED_BREP_SHAPE_REPRESENTATION('',(#11,#1309),#1407);
#1309 = MANIFOLD_SOLID_BREP('',#1310);
#1310 = CLOSED_SHELL('',(#1311,#1399,#1403));
#1311 = ADVANCED_FACE('',(#1312),#1326,.T.);
#1312 = FACE_BOUND('',#1313,.F.);
#1313 = EDGE_LOOP('',(#1314,#1344,#1371,#1372));
#1314 = ORIENTED_EDGE('',*,*,#1315,.T.);
#1315 = EDGE_CURVE('',#1316,#1318,#1320,.T.);
#1316 = VERTEX_POINT('',#1317);
#1317 = CARTESIAN_POINT('',(3.25,0.,121.));
#1318 = VERTEX_POINT('',#1319);
#1319 = CARTESIAN_POINT('',(3.25,0.,161.));
#1320 = SEAM_CURVE('',#1321,(#1325,#1337),.PCURVE_S1.);
#1321 = LINE('',#1322,#1323);
#1322 = CARTESIAN_POINT('',(3.25,0.,121.));
#1323 = VECTOR('',#1324,1.);
#1324 = DIRECTION('',(0.,0.,1.));
#1325 = PCURVE('',#1326,#1331);
#1326 = CYLINDRICAL_SURFACE('',#1327,3.25);
#1327 = AXIS2_PLACEMENT_3D('',#1328,#1329,#1330);
#1328 = CARTESIAN_POINT('',(0.,0.,121.));
#1329 = DIRECTION('',(-0.,-0.,-1.));
#1330 = DIRECTION('',(1.,0.,0.));
#1331 = DEFINITIONAL_REPRESENTATION('',(#1332),#1336);
#1332 = LINE('',#1333,#1334);
#1333 = CARTESIAN_POINT('',(-0.,0.));
#1334 = VECTOR('',#1335,1.);
#1335 = DIRECTION('',(-0.,-1.));
#1336 = ( GEOMETRIC_REPRESENTATION_CONTEXT(2) 
PARAMETRIC_REPRESENTATION_CONTEXT() REPRESENTATION_CONTEXT('2D SPACE',''
  ) );
#1337 = PCURVE('',#1326,#1338);
#1338 = DEFINITIONAL_REPRESENTATION('',(#1339),#1343);
#1339 = LINE('',#1340,#1341);
#1340 = CARTESIAN_POINT('',(-6.28318530718,0.));
#1341 = VECTOR('',#1342,1.);
#1342 = DIRECTION('',(-0.,-1.));
#1343 = ( GEOMETRIC_REPRESENTATION_CONTEXT(2) 
PARAMETRIC_REPRESENTATION_CONTEXT() REPRESENTATION_CONTEXT('2D SPACE',''
  ) );
#1344 = ORIENTED_EDGE('',*,*,#1345,.T.);
#1345 = EDGE_CURVE('',#1318,#1318,#1346,.T.);
#1346 = SURFACE_CURVE('',#1347,(#1352,#1359),.PCURVE_S1.);
#1347 = CIRCLE('',#1348,3.25);
#1348 = AXIS2_PLACEMENT_3D('',#1349,#1350,#1351);
#1349 = CARTESIAN_POINT('',(0.,0.,161.));
#1350 = DIRECTION('',(0.,0.,1.));
#1351 = DIRECTION('',(1.,0.,0.));
#1352 = PCURVE('',#1326,#1353);
#1353 = DEFINITIONAL_REPRESENTATION('',(#1354),#1358);
#1354 = LINE('',#1355,#1356);
#1355 = CARTESIAN_POINT('',(-0.,-40.));
#1356 = VECTOR('',#1357,1.);
#1357 = DIRECTION('',(-1.,0.));
#1358 = ( GEOMETRIC_REPRESENTATION_CONTEXT(2) 
PARAMETRIC_REPRESENTATION_CONTEXT() REPRESENTATION_CONTEXT('2D SPACE',''
  ) );
#1359 = PCURVE('',#1360,#1365);
#1360 = PLANE('',#1361);
#1361 = AXIS2_PLACEMENT_3D('',#1362,#1363,#1364);
#1362 = CARTESIAN_POINT('',(-1.05187702503E-16,2.880807401045E-16,161.)
  );
#1363 = DIRECTION('',(0.,0.,1.));
#1364 = DIRECTION('',(1.,0.,-0.));
#1365 = DEFINITIONAL_REPRESENTATION('',(#1366),#1370);
#1366 = CIRCLE('',#1367,3.25);
#1367 = AXIS2_PLACEMENT_2D('',#1368,#1369);
#1368 = CARTESIAN_POINT('',(1.05187702503E-16,-2.880807401045E-16));
#1369 = DIRECTION('',(1.,0.));
#1370 = ( GEOMETRIC_REPRESENTATION_CONTEXT(2) 
PARAMETRIC_REPRESENTATION_CONTEXT() REPRESENTATION_CONTEXT('2D SPACE',''
  ) );
#1371 = ORIENTED_EDGE('',*,*,#1315,.F.);
#1372 = ORIENTED_EDGE('',*,*,#1373,.F.);
#1373 = EDGE_CURVE('',#1316,#1316,#1374,.T.);
#1374 = SURFACE_CURVE('',#1375,(#1380,#1387),.PCURVE_S1.);
#1375 = CIRCLE('',#1376,3.25);
#1376 = AXIS2_PLACEMENT_3D('',#1377,#1378,#1379);
#1377 = CARTESIAN_POINT('',(0.,0.,121.));
#1378 = DIRECTION('',(0.,0.,1.));
#1379 = DIRECTION('',(1.,0.,0.));
#1380 = PCURVE('',#1326,#1381);
#1381 = DEFINITIONAL_REPRESENTATION('',(#1382),#1386);
#1382 = LINE('',#1383,#1384);
#1383 = CARTESIAN_POINT('',(-0.,0.));
#1384 = VECTOR('',#1385,1.);
#1385 = DIRECTION('',(-1.,0.));
#1386 = ( GEOMETRIC_REPRESENTATION_CONTEXT(2) 
PARAMETRIC_REPRESENTATION_CONTEXT() REPRESENTATION_CONTEXT('2D SPACE',''
  ) );
#1387 = PCURVE('',#1388,#1393);
#1388 = PLANE('',#1389);
#1389 = AXIS2_PLACEMENT_3D('',#1390,#1391,#1392);
#1390 = CARTESIAN_POINT('',(-1.05187702503E-16,2.880807401045E-16,121.)
  );
#1391 = DIRECTION('',(0.,0.,1.));
#1392 = DIRECTION('',(1.,0.,-0.));
#1393 = DEFINITIONAL_REPRESENTATION('',(#1394),#1398);
#1394 = CIRCLE('',#1395,3.25);
#1395 = AXIS2_PLACEMENT_2D('',#1396,#1397);
#1396 = CARTESIAN_POINT('',(1.05187702503E-16,-2.880807401045E-16));
#1397 = DIRECTION('',(1.,0.));
#1398 = ( GEOMETRIC_REPRESENTATION_CONTEXT(2) 
PARAMETRIC_REPRESENTATION_CONTEXT() REPRESENTATION_CONTEXT('2D SPACE',''
  ) );
#1399 = ADVANCED_FACE('',(#1400),#1388,.F.);
#1400 = FACE_BOUND('',#1401,.F.);
#1401 = EDGE_LOOP('',(#1402));
#1402 = ORIENTED_EDGE('',*,*,#1373,.T.);
#1403 = ADVANCED_FACE('',(#1404),#1360,.T.);
#1404 = FACE_BOUND('',#1405,.T.);
#1405 = EDGE_LOOP('',(#1406));
#1406 = ORIENTED_EDGE('',*,*,#1345,.T.);
#1407 = ( GEOMETRIC_REPRESENTATION_CONTEXT(3) 
GLOBAL_UNCERTAINTY_ASSIGNED_CONTEXT((#1411)) 
GLOBAL_UNIT_ASSIGNED_CONTEXT((#1408,#1409,#1410)) REPRESENTATION_CONTEXT
('Context #1','3D Context with UNIT and UNCERTAINTY') );
#1408 = ( LENGTH_UNIT() NAMED_UNIT(*) SI_UNIT(.MILLI.,.METRE.) );
#1409 = ( NAMED_UNIT(*) PLANE_ANGLE_UNIT() SI_UNIT($,.RADIAN.) );
#1410 = ( NAMED_UNIT(*) SI_UNIT($,.STERADIAN.) SOLID_ANGLE_UNIT() );
#1411 = UNCERTAINTY_MEASURE_WITH_UNIT(LENGTH_MEASURE(1.E-07),#1408,
  'distance_accuracy_value','confusion accuracy');
#1412 = CONTEXT_DEPENDENT_SHAPE_REPRESENTATION(#1413,#1415);
#1413 = ( REPRESENTATION_RELATIONSHIP('','',#1308,#10) 
REPRESENTATION_RELATIONSHIP_WITH_TRANSFORMATION(#1414) 
SHAPE_REPRESENTATION_RELATIONSHIP() );
#1414 = ITEM_DEFINED_TRANSFORMATION('','',#11,#35);
#1415 = PRODUCT_DEFINITION_SHAPE('Placement','Placement of an item',
  #1416);
#1416 = NEXT_ASSEMBLY_USAGE_OCCURRENCE('6','battery','',#5,#1303,$);
#1417 = PRODUCT_RELATED_PRODUCT_CATEGORY('part',$,(#1305));
#1418 = SHAPE_DEFINITION_REPRESENTATION(#1419,#1425);
#1419 = PRODUCT_DEFINITION_SHAPE('','',#1420);
#1420 = PRODUCT_DEFINITION('design','',#1421,#1424);
#1421 = PRODUCT_DEFINITION_FORMATION('','',#1422);
#1422 = PRODUCT('gimbal_flexure','gimbal_flexure','',(#1423));
#1423 = PRODUCT_CONTEXT('',#2,'mechanical');
#1424 = PRODUCT_DEFINITION_CONTEXT('part definition',#2,'design');
#1425 = ADVANCED_BREP_SHAPE_REPRESENTATION('',(#11,#1426),#1608);
#1426 = MANIFOLD_SOLID_BREP('',#1427);
#1427 = CLOSED_SHELL('',(#1428,#1516,#1594,#1601));
#1428 = ADVANCED_FACE('',(#1429),#1443,.T.);
#1429 = FACE_BOUND('',#1430,.F.);
#1430 = EDGE_LOOP('',(#1431,#1461,#1488,#1489));
#1431 = ORIENTED_EDGE('',*,*,#1432,.T.);
#1432 = EDGE_CURVE('',#1433,#1435,#1437,.T.);
#1433 = VERTEX_POINT('',#1434);
#1434 = CARTESIAN_POINT('',(3.9,0.,59.95));
#1435 = VERTEX_POINT('',#1436);
#1436 = CARTESIAN_POINT('',(3.9,0.,60.05));
#1437 = SEAM_CURVE('',#1438,(#1442,#1454),.PCURVE_S1.);
#1438 = LINE('',#1439,#1440);
#1439 = CARTESIAN_POINT('',(3.9,0.,59.95));
#1440 = VECTOR('',#1441,1.);
#1441 = DIRECTION('',(0.,0.,1.));
#1442 = PCURVE('',#1443,#1448);
#1443 = CYLINDRICAL_SURFACE('',#1444,3.9);
#1444 = AXIS2_PLACEMENT_3D('',#1445,#1446,#1447);
#1445 = CARTESIAN_POINT('',(0.,0.,59.95));
#1446 = DIRECTION('',(-0.,-0.,-1.));
#1447 = DIRECTION('',(1.,0.,0.));
#1448 = DEFINITIONAL_REPRESENTATION('',(#1449),#1453);
#1449 = LINE('',#1450,#1451);
#1450 = CARTESIAN_POINT('',(-0.,0.));
#1451 = VECTOR('',#1452,1.);
#1452 = DIRECTION('',(-0.,-1.));
#1453 = ( GEOMETRIC_REPRESENTATION_CONTEXT(2) 
PARAMETRIC_REPRESENTATION_CONTEXT() REPRESENTATION_CONTEXT('2D SPACE',''
  ) );
#1454 = PCURVE('',#1443,#1455);
#1455 = DEFINITIONAL_REPRESENTATION('',(#1456),#1460);
#1456 = LINE('',#1457,#1458);
#1457 = CARTESIAN_POINT('',(-6.28318530718,0.));
#1458 = VECTOR('',#1459,1.);
#1459 = DIRECTION('',(-0.,-1.));
#1460 = ( GEOMETRIC_REPRESENTATION_CONTEXT(2) 
PARAMETRIC_REPRESENTATION_CONTEXT() REPRESENTATION_CONTEXT('2D SPACE',''
  ) );
#1461 = ORIENTED_EDGE('',*,*,#1462,.T.);
#1462 = EDGE_CURVE('',#1435,#1435,#1463,.T.);
#1463 = SURFACE_CURVE('',#1464,(#1469,#1476),.PCURVE_S1.);
#1464 = CIRCLE('',#1465,3.9);
#1465 = AXIS2_PLACEMENT_3D('',#1466,#1467,#1468);
#1466 = CARTESIAN_POINT('',(0.,0.,60.05));
#1467 = DIRECTION('',(0.,0.,1.));
#1468 = DIRECTION('',(1.,0.,0.));
#1469 = PCURVE('',#1443,#1470);
#1470 = DEFINITIONAL_REPRESENTATION('',(#1471),#1475);
#1471 = LINE('',#1472,#1473);
#1472 = CARTESIAN_POINT('',(-0.,-9.999999999999E-02));
#1473 = VECTOR('',#1474,1.);
#1474 = DIRECTION('',(-1.,0.));
#1475 = ( GEOMETRIC_REPRESENTATION_CONTEXT(2) 
PARAMETRIC_REPRESENTATION_CONTEXT() REPRESENTATION_CONTEXT('2D SPACE',''
  ) );
#1476 = PCURVE('',#1477,#1482);
#1477 = PLANE('',#1478);
#1478 = AXIS2_PLACEMENT_3D('',#1479,#1480,#1481);
#1479 = CARTESIAN_POINT('',(-1.753128375051E-16,3.66734428626E-16,60.05)
  );
#1480 = DIRECTION('',(0.,0.,1.));
#1481 = DIRECTION('',(1.,0.,-0.));
#1482 = DEFINITIONAL_REPRESENTATION('',(#1483),#1487);
#1483 = CIRCLE('',#1484,3.9);
#1484 = AXIS2_PLACEMENT_2D('',#1485,#1486);
#1485 = CARTESIAN_POINT('',(1.753128375051E-16,-3.66734428626E-16));
#1486 = DIRECTION('',(1.,0.));
#1487 = ( GEOMETRIC_REPRESENTATION_CONTEXT(2) 
PARAMETRIC_REPRESENTATION_CONTEXT() REPRESENTATION_CONTEXT('2D SPACE',''
  ) );
#1488 = ORIENTED_EDGE('',*,*,#1432,.F.);
#1489 = ORIENTED_EDGE('',*,*,#1490,.F.);
#1490 = EDGE_CURVE('',#1433,#1433,#1491,.T.);
#1491 = SURFACE_CURVE('',#1492,(#1497,#1504),.PCURVE_S1.);
#1492 = CIRCLE('',#1493,3.9);
#1493 = AXIS2_PLACEMENT_3D('',#1494,#1495,#1496);
#1494 = CARTESIAN_POINT('',(0.,0.,59.95));
#1495 = DIRECTION('',(0.,0.,1.));
#1496 = DIRECTION('',(1.,0.,0.));
#1497 = PCURVE('',#1443,#1498);
#1498 = DEFINITIONAL_REPRESENTATION('',(#1499),#1503);
#1499 = LINE('',#1500,#1501);
#1500 = CARTESIAN_POINT('',(-0.,0.));
#1501 = VECTOR('',#1502,1.);
#1502 = DIRECTION('',(-1.,0.));
#1503 = ( GEOMETRIC_REPRESENTATION_CONTEXT(2) 
PARAMETRIC_REPRESENTATION_CONTEXT() REPRESENTATION_CONTEXT('2D SPACE',''
  ) );
#1504 = PCURVE('',#1505,#1510);
#1505 = PLANE('',#1506);
#1506 = AXIS2_PLACEMENT_3D('',#1507,#1508,#1509);
#1507 = CARTESIAN_POINT('',(-1.753128375051E-16,3.66734428626E-16,59.95)
  );
#1508 = DIRECTION('',(0.,0.,1.));
#1509 = DIRECTION('',(1.,0.,-0.));
#1510 = DEFINITIONAL_REPRESENTATION('',(#1511),#1515);
#1511 = CIRCLE('',#1512,3.9);
#1512 = AXIS2_PLACEMENT_2D('',#1513,#1514);
#1513 = CARTESIAN_POINT('',(1.753128375051E-16,-3.66734428626E-16));
#1514 = DIRECTION('',(1.,0.));
#1515 = ( GEOMETRIC_REPRESENTATION_CONTEXT(2) 
PARAMETRIC_REPRESENTATION_CONTEXT() REPRESENTATION_CONTEXT('2D SPACE',''
  ) );
#1516 = ADVANCED_FACE('',(#1517),#1531,.F.);
#1517 = FACE_BOUND('',#1518,.T.);
#1518 = EDGE_LOOP('',(#1519,#1549,#1571,#1572));
#1519 = ORIENTED_EDGE('',*,*,#1520,.T.);
#1520 = EDGE_CURVE('',#1521,#1523,#1525,.T.);
#1521 = VERTEX_POINT('',#1522);
#1522 = CARTESIAN_POINT('',(1.9,5.693451408334E-17,59.95));
#1523 = VERTEX_POINT('',#1524);
#1524 = CARTESIAN_POINT('',(1.9,5.693451408334E-17,60.05));
#1525 = SEAM_CURVE('',#1526,(#1530,#1542),.PCURVE_S1.);
#1526 = LINE('',#1527,#1528);
#1527 = CARTESIAN_POINT('',(1.9,5.693451408334E-17,59.95));
#1528 = VECTOR('',#1529,1.);
#1529 = DIRECTION('',(0.,0.,1.));
#1530 = PCURVE('',#1531,#1536);
#1531 = CYLINDRICAL_SURFACE('',#1532,1.9);
#1532 = AXIS2_PLACEMENT_3D('',#1533,#1534,#1535);
#1533 = CARTESIAN_POINT('',(1.890225867567E-14,5.693451408334E-17,59.95)
  );
#1534 = DIRECTION('',(-0.,-0.,-1.));
#1535 = DIRECTION('',(1.,0.,0.));
#1536 = DEFINITIONAL_REPRESENTATION('',(#1537),#1541);
#1537 = LINE('',#1538,#1539);
#1538 = CARTESIAN_POINT('',(-0.,0.));
#1539 = VECTOR('',#1540,1.);
#1540 = DIRECTION('',(-0.,-1.));
#1541 = ( GEOMETRIC_REPRESENTATION_CONTEXT(2) 
PARAMETRIC_REPRESENTATION_CONTEXT() REPRESENTATION_CONTEXT('2D SPACE',''
  ) );
#1542 = PCURVE('',#1531,#1543);
#1543 = DEFINITIONAL_REPRESENTATION('',(#1544),#1548);
#1544 = LINE('',#1545,#1546);
#1545 = CARTESIAN_POINT('',(-6.28318530718,0.));
#1546 = VECTOR('',#1547,1.);
#1547 = DIRECTION('',(-0.,-1.));
#1548 = ( GEOMETRIC_REPRESENTATION_CONTEXT(2) 
PARAMETRIC_REPRESENTATION_CONTEXT() REPRESENTATION_CONTEXT('2D SPACE',''
  ) );
#1549 = ORIENTED_EDGE('',*,*,#1550,.T.);
#1550 = EDGE_CURVE('',#1523,#1523,#1551,.T.);
#1551 = SURFACE_CURVE('',#1552,(#1557,#1564),.PCURVE_S1.);
#1552 = CIRCLE('',#1553,1.9);
#1553 = AXIS2_PLACEMENT_3D('',#1554,#1555,#1556);
#1554 = CARTESIAN_POINT('',(1.890225867567E-14,5.693451408334E-17,60.05)
  );
#1555 = DIRECTION('',(0.,0.,1.));
#1556 = DIRECTION('',(1.,0.,0.));
#1557 = PCURVE('',#1531,#1558);
#1558 = DEFINITIONAL_REPRESENTATION('',(#1559),#1563);
#1559 = LINE('',#1560,#1561);
#1560 = CARTESIAN_POINT('',(-0.,-9.999999999999E-02));
#1561 = VECTOR('',#1562,1.);
#1562 = DIRECTION('',(-1.,0.));
#1563 = ( GEOMETRIC_REPRESENTATION_CONTEXT(2) 
PARAMETRIC_REPRESENTATION_CONTEXT() REPRESENTATION_CONTEXT('2D SPACE',''
  ) );
#1564 = PCURVE('',#1477,#1565);
#1565 = DEFINITIONAL_REPRESENTATION('',(#1566),#1570);
#1566 = CIRCLE('',#1567,1.9);
#1567 = AXIS2_PLACEMENT_2D('',#1568,#1569);
#1568 = CARTESIAN_POINT('',(1.907757151317E-14,-3.097999145427E-16));
#1569 = DIRECTION('',(1.,0.));
#1570 = ( GEOMETRIC_REPRESENTATION_CONTEXT(2) 
PARAMETRIC_REPRESENTATION_CONTEXT() REPRESENTATION_CONTEXT('2D SPACE',''
  ) );
#1571 = ORIENTED_EDGE('',*,*,#1520,.F.);
#1572 = ORIENTED_EDGE('',*,*,#1573,.F.);
#1573 = EDGE_CURVE('',#1521,#1521,#1574,.T.);
#1574 = SURFACE_CURVE('',#1575,(#1580,#1587),.PCURVE_S1.);
#1575 = CIRCLE('',#1576,1.9);
#1576 = AXIS2_PLACEMENT_3D('',#1577,#1578,#1579);
#1577 = CARTESIAN_POINT('',(1.890225867567E-14,5.693451408334E-17,59.95)
  );
#1578 = DIRECTION('',(0.,0.,1.));
#1579 = DIRECTION('',(1.,0.,0.));
#1580 = PCURVE('',#1531,#1581);
#1581 = DEFINITIONAL_REPRESENTATION('',(#1582),#1586);
#1582 = LINE('',#1583,#1584);
#1583 = CARTESIAN_POINT('',(-0.,0.));
#1584 = VECTOR('',#1585,1.);
#1585 = DIRECTION('',(-1.,0.));
#1586 = ( GEOMETRIC_REPRESENTATION_CONTEXT(2) 
PARAMETRIC_REPRESENTATION_CONTEXT() REPRESENTATION_CONTEXT('2D SPACE',''
  ) );
#1587 = PCURVE('',#1505,#1588);
#1588 = DEFINITIONAL_REPRESENTATION('',(#1589),#1593);
#1589 = CIRCLE('',#1590,1.9);
#1590 = AXIS2_PLACEMENT_2D('',#1591,#1592);
#1591 = CARTESIAN_POINT('',(1.907757151317E-14,-3.097999145427E-16));
#1592 = DIRECTION('',(1.,0.));
#1593 = ( GEOMETRIC_REPRESENTATION_CONTEXT(2) 
PARAMETRIC_REPRESENTATION_CONTEXT() REPRESENTATION_CONTEXT('2D SPACE',''
  ) );
#1594 = ADVANCED_FACE('',(#1595,#1598),#1505,.F.);
#1595 = FACE_BOUND('',#1596,.F.);
#1596 = EDGE_LOOP('',(#1597));
#1597 = ORIENTED_EDGE('',*,*,#1490,.T.);
#1598 = FACE_BOUND('',#1599,.F.);
#1599 = EDGE_LOOP('',(#1600));
#1600 = ORIENTED_EDGE('',*,*,#1573,.F.);
#1601 = ADVANCED_FACE('',(#1602,#1605),#1477,.T.);
#1602 = FACE_BOUND('',#1603,.T.);
#1603 = EDGE_LOOP('',(#1604));
#1604 = ORIENTED_EDGE('',*,*,#1462,.T.);
#1605 = FACE_BOUND('',#1606,.T.);
#1606 = EDGE_LOOP('',(#1607));
#1607 = ORIENTED_EDGE('',*,*,#1550,.F.);
#1608 = ( GEOMETRIC_REPRESENTATION_CONTEXT(3) 
GLOBAL_UNCERTAINTY_ASSIGNED_CONTEXT((#1612)) 
GLOBAL_UNIT_ASSIGNED_CONTEXT((#1609,#1610,#1611)) REPRESENTATION_CONTEXT
('Context #1','3D Context with UNIT and UNCERTAINTY') );
#1609 = ( LENGTH_UNIT() NAMED_UNIT(*) SI_UNIT(.MILLI.,.METRE.) );
#1610 = ( NAMED_UNIT(*) PLANE_ANGLE_UNIT() SI_UNIT($,.RADIAN.) );
#1611 = ( NAMED_UNIT(*) SI_UNIT($,.STERADIAN.) SOLID_ANGLE_UNIT() );
#1612 = UNCERTAINTY_MEASURE_WITH_UNIT(LENGTH_MEASURE(1.E-07),#1609,
  'distance_accuracy_value','confusion accuracy');
#1613 = CONTEXT_DEPENDENT_SHAPE_REPRESENTATION(#1614,#1616);
#1614 = ( REPRESENTATION_RELATIONSHIP('','',#1425,#10) 
REPRESENTATION_RELATIONSHIP_WITH_TRANSFORMATION(#1615) 
SHAPE_REPRESENTATION_RELATIONSHIP() );
#1615 = ITEM_DEFINED_TRANSFORMATION('','',#11,#39);
#1616 = PRODUCT_DEFINITION_SHAPE('Placement','Placement of an item',
  #1617);
#1617 = NEXT_ASSEMBLY_USAGE_OCCURRENCE('7','gimbal_flexure','',#5,#1420,
  $);
#1618 = PRODUCT_RELATED_PRODUCT_CATEGORY('part',$,(#1422));
#1619 = SHAPE_DEFINITION_REPRESENTATION(#1620,#1626);
#1620 = PRODUCT_DEFINITION_SHAPE('','',#1621);
#1621 = PRODUCT_DEFINITION('design','',#1622,#1625);
#1622 = PRODUCT_DEFINITION_FORMATION('','',#1623);
#1623 = PRODUCT('pcb','pcb','',(#1624));
#1624 = PRODUCT_CONTEXT('',#2,'mechanical');
#1625 = PRODUCT_DEFINITION_CONTEXT('part definition',#2,'design');
#1626 = ADVANCED_BREP_SHAPE_REPRESENTATION('',(#11,#1627),#1957);
#1627 = MANIFOLD_SOLID_BREP('',#1628);
#1628 = CLOSED_SHELL('',(#1629,#1749,#1849,#1896,#1943,#1950));
#1629 = ADVANCED_FACE('',(#1630),#1644,.F.);
#1630 = FACE_BOUND('',#1631,.F.);
#1631 = EDGE_LOOP('',(#1632,#1667,#1695,#1723));
#1632 = ORIENTED_EDGE('',*,*,#1633,.F.);
#1633 = EDGE_CURVE('',#1634,#1636,#1638,.T.);
#1634 = VERTEX_POINT('',#1635);
#1635 = CARTESIAN_POINT('',(-2.75,-0.3,78.));
#1636 = VERTEX_POINT('',#1637);
#1637 = CARTESIAN_POINT('',(-2.75,-0.3,120.));
#1638 = SURFACE_CURVE('',#1639,(#1643,#1655),.PCURVE_S1.);
#1639 = LINE('',#1640,#1641);
#1640 = CARTESIAN_POINT('',(-2.75,-0.3,78.));
#1641 = VECTOR('',#1642,1.);
#1642 = DIRECTION('',(0.,0.,1.));
#1643 = PCURVE('',#1644,#1649);
#1644 = PLANE('',#1645);
#1645 = AXIS2_PLACEMENT_3D('',#1646,#1647,#1648);
#1646 = CARTESIAN_POINT('',(-2.75,-0.3,78.));
#1647 = DIRECTION('',(1.,0.,0.));
#1648 = DIRECTION('',(0.,0.,1.));
#1649 = DEFINITIONAL_REPRESENTATION('',(#1650),#1654);
#1650 = LINE('',#1651,#1652);
#1651 = CARTESIAN_POINT('',(0.,0.));
#1652 = VECTOR('',#1653,1.);
#1653 = DIRECTION('',(1.,0.));
#1654 = ( GEOMETRIC_REPRESENTATION_CONTEXT(2) 
PARAMETRIC_REPRESENTATION_CONTEXT() REPRESENTATION_CONTEXT('2D SPACE',''
  ) );
#1655 = PCURVE('',#1656,#1661);
#1656 = PLANE('',#1657);
#1657 = AXIS2_PLACEMENT_3D('',#1658,#1659,#1660);
#1658 = CARTESIAN_POINT('',(-2.75,-0.3,78.));
#1659 = DIRECTION('',(0.,1.,0.));
#1660 = DIRECTION('',(0.,0.,1.));
#1661 = DEFINITIONAL_REPRESENTATION('',(#1662),#1666);
#1662 = LINE('',#1663,#1664);
#1663 = CARTESIAN_POINT('',(0.,0.));
#1664 = VECTOR('',#1665,1.);
#1665 = DIRECTION('',(1.,0.));
#1666 = ( GEOMETRIC_REPRESENTATION_CONTEXT(2) 
PARAMETRIC_REPRESENTATION_CONTEXT() REPRESENTATION_CONTEXT('2D SPACE',''
  ) );
#1667 = ORIENTED_EDGE('',*,*,#1668,.T.);
#1668 = EDGE_CURVE('',#1634,#1669,#1671,.T.);
#1669 = VERTEX_POINT('',#1670);
#1670 = CARTESIAN_POINT('',(-2.75,0.3,78.));
#1671 = SURFACE_CURVE('',#1672,(#1676,#1683),.PCURVE_S1.);
#1672 = LINE('',#1673,#1674);
#1673 = CARTESIAN_POINT('',(-2.75,-0.3,78.));
#1674 = VECTOR('',#1675,1.);
#1675 = DIRECTION('',(0.,1.,0.));
#1676 = PCURVE('',#1644,#1677);
#1677 = DEFINITIONAL_REPRESENTATION('',(#1678),#1682);
#1678 = LINE('',#1679,#1680);
#1679 = CARTESIAN_POINT('',(0.,0.));
#1680 = VECTOR('',#1681,1.);
#1681 = DIRECTION('',(0.,-1.));
#1682 = ( GEOMETRIC_REPRESENTATION_CONTEXT(2) 
PARAMETRIC_REPRESENTATION_CONTEXT() REPRESENTATION_CONTEXT('2D SPACE',''
  ) );
#1683 = PCURVE('',#1684,#1689);
#1684 = PLANE('',#1685);
#1685 = AXIS2_PLACEMENT_3D('',#1686,#1687,#1688);
#1686 = CARTESIAN_POINT('',(-2.75,-0.3,78.));
#1687 = DIRECTION('',(0.,0.,1.));
#1688 = DIRECTION('',(1.,0.,0.));
#1689 = DEFINITIONAL_REPRESENTATION('',(#1690),#1694);
#1690 = LINE('',#1691,#1692);
#1691 = CARTESIAN_POINT('',(0.,0.));
#1692 = VECTOR('',#1693,1.);
#1693 = DIRECTION('',(0.,1.));
#1694 = ( GEOMETRIC_REPRESENTATION_CONTEXT(2) 
PARAMETRIC_REPRESENTATION_CONTEXT() REPRESENTATION_CONTEXT('2D SPACE',''
  ) );
#1695 = ORIENTED_EDGE('',*,*,#1696,.T.);
#1696 = EDGE_CURVE('',#1669,#1697,#1699,.T.);
#1697 = VERTEX_POINT('',#1698);
#1698 = CARTESIAN_POINT('',(-2.75,0.3,120.));
#1699 = SURFACE_CURVE('',#1700,(#1704,#1711),.PCURVE_S1.);
#1700 = LINE('',#1701,#1702);
#1701 = CARTESIAN_POINT('',(-2.75,0.3,78.));
#1702 = VECTOR('',#1703,1.);
#1703 = DIRECTION('',(0.,0.,1.));
#1704 = PCURVE('',#1644,#1705);
#1705 = DEFINITIONAL_REPRESENTATION('',(#1706),#1710);
#1706 = LINE('',#1707,#1708);
#1707 = CARTESIAN_POINT('',(0.,-0.6));
#1708 = VECTOR('',#1709,1.);
#1709 = DIRECTION('',(1.,0.));
#1710 = ( GEOMETRIC_REPRESENTATION_CONTEXT(2) 
PARAMETRIC_REPRESENTATION_CONTEXT() REPRESENTATION_CONTEXT('2D SPACE',''
  ) );
#1711 = PCURVE('',#1712,#1717);
#1712 = PLANE('',#1713);
#1713 = AXIS2_PLACEMENT_3D('',#1714,#1715,#1716);
#1714 = CARTESIAN_POINT('',(-2.75,0.3,78.));
#1715 = DIRECTION('',(0.,1.,0.));
#1716 = DIRECTION('',(0.,0.,1.));
#1717 = DEFINITIONAL_REPRESENTATION('',(#1718),#1722);
#1718 = LINE('',#1719,#1720);
#1719 = CARTESIAN_POINT('',(0.,0.));
#1720 = VECTOR('',#1721,1.);
#1721 = DIRECTION('',(1.,0.));
#1722 = ( GEOMETRIC_REPRESENTATION_CONTEXT(2) 
PARAMETRIC_REPRESENTATION_CONTEXT() REPRESENTATION_CONTEXT('2D SPACE',''
  ) );
#1723 = ORIENTED_EDGE('',*,*,#1724,.F.);
#1724 = EDGE_CURVE('',#1636,#1697,#1725,.T.);
#1725 = SURFACE_CURVE('',#1726,(#1730,#1737),.PCURVE_S1.);
#1726 = LINE('',#1727,#1728);
#1727 = CARTESIAN_POINT('',(-2.75,-0.3,120.));
#1728 = VECTOR('',#1729,1.);
#1729 = DIRECTION('',(0.,1.,0.));
#1730 = PCURVE('',#1644,#1731);
#1731 = DEFINITIONAL_REPRESENTATION('',(#1732),#1736);
#1732 = LINE('',#1733,#1734);
#1733 = CARTESIAN_POINT('',(42.,0.));
#1734 = VECTOR('',#1735,1.);
#1735 = DIRECTION('',(0.,-1.));
#1736 = ( GEOMETRIC_REPRESENTATION_CONTEXT(2) 
PARAMETRIC_REPRESENTATION_CONTEXT() REPRESENTATION_CONTEXT('2D SPACE',''
  ) );
#1737 = PCURVE('',#1738,#1743);
#1738 = PLANE('',#1739);
#1739 = AXIS2_PLACEMENT_3D('',#1740,#1741,#1742);
#1740 = CARTESIAN_POINT('',(-2.75,-0.3,120.));
#1741 = DIRECTION('',(0.,0.,1.));
#1742 = DIRECTION('',(1.,0.,0.));
#1743 = DEFINITIONAL_REPRESENTATION('',(#1744),#1748);
#1744 = LINE('',#1745,#1746);
#1745 = CARTESIAN_POINT('',(0.,0.));
#1746 = VECTOR('',#1747,1.);
#1747 = DIRECTION('',(0.,1.));
#1748 = ( GEOMETRIC_REPRESENTATION_CONTEXT(2) 
PARAMETRIC_REPRESENTATION_CONTEXT() REPRESENTATION_CONTEXT('2D SPACE',''
  ) );
#1749 = ADVANCED_FACE('',(#1750),#1764,.T.);
#1750 = FACE_BOUND('',#1751,.T.);
#1751 = EDGE_LOOP('',(#1752,#1782,#1805,#1828));
#1752 = ORIENTED_EDGE('',*,*,#1753,.F.);
#1753 = EDGE_CURVE('',#1754,#1756,#1758,.T.);
#1754 = VERTEX_POINT('',#1755);
#1755 = CARTESIAN_POINT('',(2.75,-0.3,78.));
#1756 = VERTEX_POINT('',#1757);
#1757 = CARTESIAN_POINT('',(2.75,-0.3,120.));
#1758 = SURFACE_CURVE('',#1759,(#1763,#1775),.PCURVE_S1.);
#1759 = LINE('',#1760,#1761);
#1760 = CARTESIAN_POINT('',(2.75,-0.3,78.));
#1761 = VECTOR('',#1762,1.);
#1762 = DIRECTION('',(0.,0.,1.));
#1763 = PCURVE('',#1764,#1769);
#1764 = PLANE('',#1765);
#1765 = AXIS2_PLACEMENT_3D('',#1766,#1767,#1768);
#1766 = CARTESIAN_POINT('',(2.75,-0.3,78.));
#1767 = DIRECTION('',(1.,0.,0.));
#1768 = DIRECTION('',(0.,0.,1.));
#1769 = DEFINITIONAL_REPRESENTATION('',(#1770),#1774);
#1770 = LINE('',#1771,#1772);
#1771 = CARTESIAN_POINT('',(0.,0.));
#1772 = VECTOR('',#1773,1.);
#1773 = DIRECTION('',(1.,0.));
#1774 = ( GEOMETRIC_REPRESENTATION_CONTEXT(2) 
PARAMETRIC_REPRESENTATION_CONTEXT() REPRESENTATION_CONTEXT('2D SPACE',''
  ) );
#1775 = PCURVE('',#1656,#1776);
#1776 = DEFINITIONAL_REPRESENTATION('',(#1777),#1781);
#1777 = LINE('',#1778,#1779);
#1778 = CARTESIAN_POINT('',(0.,5.5));
#1779 = VECTOR('',#1780,1.);
#1780 = DIRECTION('',(1.,0.));
#1781 = ( GEOMETRIC_REPRESENTATION_CONTEXT(2) 
PARAMETRIC_REPRESENTATION_CONTEXT() REPRESENTATION_CONTEXT('2D SPACE',''
  ) );
#1782 = ORIENTED_EDGE('',*,*,#1783,.T.);
#1783 = EDGE_CURVE('',#1754,#1784,#1786,.T.);
#1784 = VERTEX_POINT('',#1785);
#1785 = CARTESIAN_POINT('',(2.75,0.3,78.));
#1786 = SURFACE_CURVE('',#1787,(#1791,#1798),.PCURVE_S1.);
#1787 = LINE('',#1788,#1789);
#1788 = CARTESIAN_POINT('',(2.75,-0.3,78.));
#1789 = VECTOR('',#1790,1.);
#1790 = DIRECTION('',(0.,1.,0.));
#1791 = PCURVE('',#1764,#1792);
#1792 = DEFINITIONAL_REPRESENTATION('',(#1793),#1797);
#1793 = LINE('',#1794,#1795);
#1794 = CARTESIAN_POINT('',(0.,0.));
#1795 = VECTOR('',#1796,1.);
#1796 = DIRECTION('',(0.,-1.));
#1797 = ( GEOMETRIC_REPRESENTATION_CONTEXT(2) 
PARAMETRIC_REPRESENTATION_CONTEXT() REPRESENTATION_CONTEXT('2D SPACE',''
  ) );
#1798 = PCURVE('',#1684,#1799);
#1799 = DEFINITIONAL_REPRESENTATION('',(#1800),#1804);
#1800 = LINE('',#1801,#1802);
#1801 = CARTESIAN_POINT('',(5.5,0.));
#1802 = VECTOR('',#1803,1.);
#1803 = DIRECTION('',(0.,1.));
#1804 = ( GEOMETRIC_REPRESENTATION_CONTEXT(2) 
PARAMETRIC_REPRESENTATION_CONTEXT() REPRESENTATION_CONTEXT('2D SPACE',''
  ) );
#1805 = ORIENTED_EDGE('',*,*,#1806,.T.);
#1806 = EDGE_CURVE('',#1784,#1807,#1809,.T.);
#1807 = VERTEX_POINT('',#1808);
#1808 = CARTESIAN_POINT('',(2.75,0.3,120.));
#1809 = SURFACE_CURVE('',#1810,(#1814,#1821),.PCURVE_S1.);
#1810 = LINE('',#1811,#1812);
#1811 = CARTESIAN_POINT('',(2.75,0.3,78.));
#1812 = VECTOR('',#1813,1.);
#1813 = DIRECTION('',(0.,0.,1.));
#1814 = PCURVE('',#1764,#1815);
#1815 = DEFINITIONAL_REPRESENTATION('',(#1816),#1820);
#1816 = LINE('',#1817,#1818);
#1817 = CARTESIAN_POINT('',(0.,-0.6));
#1818 = VECTOR('',#1819,1.);
#1819 = DIRECTION('',(1.,0.));
#1820 = ( GEOMETRIC_REPRESENTATION_CONTEXT(2) 
PARAMETRIC_REPRESENTATION_CONTEXT() REPRESENTATION_CONTEXT('2D SPACE',''
  ) );
#1821 = PCURVE('',#1712,#1822);
#1822 = DEFINITIONAL_REPRESENTATION('',(#1823),#1827);
#1823 = LINE('',#1824,#1825);
#1824 = CARTESIAN_POINT('',(0.,5.5));
#1825 = VECTOR('',#1826,1.);
#1826 = DIRECTION('',(1.,0.));
#1827 = ( GEOMETRIC_REPRESENTATION_CONTEXT(2) 
PARAMETRIC_REPRESENTATION_CONTEXT() REPRESENTATION_CONTEXT('2D SPACE',''
  ) );
#1828 = ORIENTED_EDGE('',*,*,#1829,.F.);
#1829 = EDGE_CURVE('',#1756,#1807,#1830,.T.);
#1830 = SURFACE_CURVE('',#1831,(#1835,#1842),.PCURVE_S1.);
#1831 = LINE('',#1832,#1833);
#1832 = CARTESIAN_POINT('',(2.75,-0.3,120.));
#1833 = VECTOR('',#1834,1.);
#1834 = DIRECTION('',(0.,1.,0.));
#1835 = PCURVE('',#1764,#1836);
#1836 = DEFINITIONAL_REPRESENTATION('',(#1837),#1841);
#1837 = LINE('',#1838,#1839);
#1838 = CARTESIAN_POINT('',(42.,0.));
#1839 = VECTOR('',#1840,1.);
#1840 = DIRECTION('',(0.,-1.));
#1841 = ( GEOMETRIC_REPRESENTATION_CONTEXT(2) 
PARAMETRIC_REPRESENTATION_CONTEXT() REPRESENTATION_CONTEXT('2D SPACE',''
  ) );
#1842 = PCURVE('',#1738,#1843);
#1843 = DEFINITIONAL_REPRESENTATION('',(#1844),#1848);
#1844 = LINE('',#1845,#1846);
#1845 = CARTESIAN_POINT('',(5.5,0.));
#1846 = VECTOR('',#1847,1.);
#1847 = DIRECTION('',(0.,1.));
#1848 = ( GEOMETRIC_REPRESENTATION_CONTEXT(2) 
PARAMETRIC_REPRESENTATION_CONTEXT() REPRESENTATION_CONTEXT('2D SPACE',''
  ) );
#1849 = ADVANCED_FACE('',(#1850),#1656,.F.);
#1850 = FACE_BOUND('',#1851,.F.);
#1851 = EDGE_LOOP('',(#1852,#1873,#1874,#1895));
#1852 = ORIENTED_EDGE('',*,*,#1853,.F.);
#1853 = EDGE_CURVE('',#1634,#1754,#1854,.T.);
#1854 = SURFACE_CURVE('',#1855,(#1859,#1866),.PCURVE_S1.);
#1855 = LINE('',#1856,#1857);
#1856 = CARTESIAN_POINT('',(-2.75,-0.3,78.));
#1857 = VECTOR('',#1858,1.);
#1858 = DIRECTION('',(1.,0.,0.));
#1859 = PCURVE('',#1656,#1860);
#1860 = DEFINITIONAL_REPRESENTATION('',(#1861),#1865);
#1861 = LINE('',#1862,#1863);
#1862 = CARTESIAN_POINT('',(0.,0.));
#1863 = VECTOR('',#1864,1.);
#1864 = DIRECTION('',(0.,1.));
#1865 = ( GEOMETRIC_REPRESENTATION_CONTEXT(2) 
PARAMETRIC_REPRESENTATION_CONTEXT() REPRESENTATION_CONTEXT('2D SPACE',''
  ) );
#1866 = PCURVE('',#1684,#1867);
#1867 = DEFINITIONAL_REPRESENTATION('',(#1868),#1872);
#1868 = LINE('',#1869,#1870);
#1869 = CARTESIAN_POINT('',(0.,0.));
#1870 = VECTOR('',#1871,1.);
#1871 = DIRECTION('',(1.,0.));
#1872 = ( GEOMETRIC_REPRESENTATION_CONTEXT(2) 
PARAMETRIC_REPRESENTATION_CONTEXT() REPRESENTATION_CONTEXT('2D SPACE',''
  ) );
#1873 = ORIENTED_EDGE('',*,*,#1633,.T.);
#1874 = ORIENTED_EDGE('',*,*,#1875,.T.);
#1875 = EDGE_CURVE('',#1636,#1756,#1876,.T.);
#1876 = SURFACE_CURVE('',#1877,(#1881,#1888),.PCURVE_S1.);
#1877 = LINE('',#1878,#1879);
#1878 = CARTESIAN_POINT('',(-2.75,-0.3,120.));
#1879 = VECTOR('',#1880,1.);
#1880 = DIRECTION('',(1.,0.,0.));
#1881 = PCURVE('',#1656,#1882);
#1882 = DEFINITIONAL_REPRESENTATION('',(#1883),#1887);
#1883 = LINE('',#1884,#1885);
#1884 = CARTESIAN_POINT('',(42.,0.));
#1885 = VECTOR('',#1886,1.);
#1886 = DIRECTION('',(0.,1.));
#1887 = ( GEOMETRIC_REPRESENTATION_CONTEXT(2) 
PARAMETRIC_REPRESENTATION_CONTEXT() REPRESENTATION_CONTEXT('2D SPACE',''
  ) );
#1888 = PCURVE('',#1738,#1889);
#1889 = DEFINITIONAL_REPRESENTATION('',(#1890),#1894);
#1890 = LINE('',#1891,#1892);
#1891 = CARTESIAN_POINT('',(0.,0.));
#1892 = VECTOR('',#1893,1.);
#1893 = DIRECTION('',(1.,0.));
#1894 = ( GEOMETRIC_REPRESENTATION_CONTEXT(2) 
PARAMETRIC_REPRESENTATION_CONTEXT() REPRESENTATION_CONTEXT('2D SPACE',''
  ) );
#1895 = ORIENTED_EDGE('',*,*,#1753,.F.);
#1896 = ADVANCED_FACE('',(#1897),#1712,.T.);
#1897 = FACE_BOUND('',#1898,.T.);
#1898 = EDGE_LOOP('',(#1899,#1920,#1921,#1942));
#1899 = ORIENTED_EDGE('',*,*,#1900,.F.);
#1900 = EDGE_CURVE('',#1669,#1784,#1901,.T.);
#1901 = SURFACE_CURVE('',#1902,(#1906,#1913),.PCURVE_S1.);
#1902 = LINE('',#1903,#1904);
#1903 = CARTESIAN_POINT('',(-2.75,0.3,78.));
#1904 = VECTOR('',#1905,1.);
#1905 = DIRECTION('',(1.,0.,0.));
#1906 = PCURVE('',#1712,#1907);
#1907 = DEFINITIONAL_REPRESENTATION('',(#1908),#1912);
#1908 = LINE('',#1909,#1910);
#1909 = CARTESIAN_POINT('',(0.,0.));
#1910 = VECTOR('',#1911,1.);
#1911 = DIRECTION('',(0.,1.));
#1912 = ( GEOMETRIC_REPRESENTATION_CONTEXT(2) 
PARAMETRIC_REPRESENTATION_CONTEXT() REPRESENTATION_CONTEXT('2D SPACE',''
  ) );
#1913 = PCURVE('',#1684,#1914);
#1914 = DEFINITIONAL_REPRESENTATION('',(#1915),#1919);
#1915 = LINE('',#1916,#1917);
#1916 = CARTESIAN_POINT('',(0.,0.6));
#1917 = VECTOR('',#1918,1.);
#1918 = DIRECTION('',(1.,0.));
#1919 = ( GEOMETRIC_REPRESENTATION_CONTEXT(2) 
PARAMETRIC_REPRESENTATION_CONTEXT() REPRESENTATION_CONTEXT('2D SPACE',''
  ) );
#1920 = ORIENTED_EDGE('',*,*,#1696,.T.);
#1921 = ORIENTED_EDGE('',*,*,#1922,.T.);
#1922 = EDGE_CURVE('',#1697,#1807,#1923,.T.);
#1923 = SURFACE_CURVE('',#1924,(#1928,#1935),.PCURVE_S1.);
#1924 = LINE('',#1925,#1926);
#1925 = CARTESIAN_POINT('',(-2.75,0.3,120.));
#1926 = VECTOR('',#1927,1.);
#1927 = DIRECTION('',(1.,0.,0.));
#1928 = PCURVE('',#1712,#1929);
#1929 = DEFINITIONAL_REPRESENTATION('',(#1930),#1934);
#1930 = LINE('',#1931,#1932);
#1931 = CARTESIAN_POINT('',(42.,0.));
#1932 = VECTOR('',#1933,1.);
#1933 = DIRECTION('',(0.,1.));
#1934 = ( GEOMETRIC_REPRESENTATION_CONTEXT(2) 
PARAMETRIC_REPRESENTATION_CONTEXT() REPRESENTATION_CONTEXT('2D SPACE',''
  ) );
#1935 = PCURVE('',#1738,#1936);
#1936 = DEFINITIONAL_REPRESENTATION('',(#1937),#1941);
#1937 = LINE('',#1938,#1939);
#1938 = CARTESIAN_POINT('',(0.,0.6));
#1939 = VECTOR('',#1940,1.);
#1940 = DIRECTION('',(1.,0.));
#1941 = ( GEOMETRIC_REPRESENTATION_CONTEXT(2) 
PARAMETRIC_REPRESENTATION_CONTEXT() REPRESENTATION_CONTEXT('2D SPACE',''
  ) );
#1942 = ORIENTED_EDGE('',*,*,#1806,.F.);
#1943 = ADVANCED_FACE('',(#1944),#1684,.F.);
#1944 = FACE_BOUND('',#1945,.F.);
#1945 = EDGE_LOOP('',(#1946,#1947,#1948,#1949));
#1946 = ORIENTED_EDGE('',*,*,#1668,.F.);
#1947 = ORIENTED_EDGE('',*,*,#1853,.T.);
#1948 = ORIENTED_EDGE('',*,*,#1783,.T.);
#1949 = ORIENTED_EDGE('',*,*,#1900,.F.);
#1950 = ADVANCED_FACE('',(#1951),#1738,.T.);
#1951 = FACE_BOUND('',#1952,.T.);
#1952 = EDGE_LOOP('',(#1953,#1954,#1955,#1956));
#1953 = ORIENTED_EDGE('',*,*,#1724,.F.);
#1954 = ORIENTED_EDGE('',*,*,#1875,.T.);
#1955 = ORIENTED_EDGE('',*,*,#1829,.T.);
#1956 = ORIENTED_EDGE('',*,*,#1922,.F.);
#1957 = ( GEOMETRIC_REPRESENTATION_CONTEXT(3) 
GLOBAL_UNCERTAINTY_ASSIGNED_CONTEXT((#1961)) 
GLOBAL_UNIT_ASSIGNED_CONTEXT((#1958,#1959,#1960)) REPRESENTATION_CONTEXT
('Context #1','3D Context with UNIT and UNCERTAINTY') );
#1958 = ( LENGTH_UNIT() NAMED_UNIT(*) SI_UNIT(.MILLI.,.METRE.) );
#1959 = ( NAMED_UNIT(*) PLANE_ANGLE_UNIT() SI_UNIT($,.RADIAN.) );
#1960 = ( NAMED_UNIT(*) SI_UNIT($,.STERADIAN.) SOLID_ANGLE_UNIT() );
#1961 = UNCERTAINTY_MEASURE_WITH_UNIT(LENGTH_MEASURE(1.E-07),#1958,
  'distance_accuracy_value','confusion accuracy');
#1962 = CONTEXT_DEPENDENT_SHAPE_REPRESENTATION(#1963,#1965);
#1963 = ( REPRESENTATION_RELATIONSHIP('','',#1626,#10) 
REPRESENTATION_RELATIONSHIP_WITH_TRANSFORMATION(#1964) 
SHAPE_REPRESENTATION_RELATIONSHIP() );
#1964 = ITEM_DEFINED_TRANSFORMATION('','',#11,#43);
#1965 = PRODUCT_DEFINITION_SHAPE('Placement','Placement of an item',
  #1966);
#1966 = NEXT_ASSEMBLY_USAGE_OCCURRENCE('8','pcb','',#5,#1621,$);
#1967 = PRODUCT_RELATED_PRODUCT_CATEGORY('part',$,(#1623));
#1968 = SHAPE_DEFINITION_REPRESENTATION(#1969,#1975);
#1969 = PRODUCT_DEFINITION_SHAPE('','',#1970);
#1970 = PRODUCT_DEFINITION('design','',#1971,#1974);
#1971 = PRODUCT_DEFINITION_FORMATION('','',#1972);
#1972 = PRODUCT('pcb_components_envelope','pcb_components_envelope','',(
    #1973));
#1973 = PRODUCT_CONTEXT('',#2,'mechanical');
#1974 = PRODUCT_DEFINITION_CONTEXT('part definition',#2,'design');
#1975 = SHAPE_REPRESENTATION('',(#11,#1976,#2298),#2620);
#1976 = MANIFOLD_SOLID_BREP('',#1977);
#1977 = CLOSED_SHELL('',(#1978,#2096,#2170,#2215,#2264,#2291));
#1978 = ADVANCED_FACE('',(#1979),#1993,.F.);
#1979 = FACE_BOUND('',#1980,.F.);
#1980 = EDGE_LOOP('',(#1981,#2016,#2044,#2072));
#1981 = ORIENTED_EDGE('',*,*,#1982,.F.);
#1982 = EDGE_CURVE('',#1983,#1985,#1987,.T.);
#1983 = VERTEX_POINT('',#1984);
#1984 = CARTESIAN_POINT('',(-2.55,-1.3,119.5));
#1985 = VERTEX_POINT('',#1986);
#1986 = CARTESIAN_POINT('',(-2.55,-0.3,119.5));
#1987 = SURFACE_CURVE('',#1988,(#1992,#2004),.PCURVE_S1.);
#1988 = LINE('',#1989,#1990);
#1989 = CARTESIAN_POINT('',(-2.55,-1.3,119.5));
#1990 = VECTOR('',#1991,1.);
#1991 = DIRECTION('',(0.,1.,0.));
#1992 = PCURVE('',#1993,#1998);
#1993 = PLANE('',#1994);
#1994 = AXIS2_PLACEMENT_3D('',#1995,#1996,#1997);
#1995 = CARTESIAN_POINT('',(-2.55,-1.3,78.5));
#1996 = DIRECTION('',(1.,0.,0.));
#1997 = DIRECTION('',(0.,0.,1.));
#1998 = DEFINITIONAL_REPRESENTATION('',(#1999),#2003);
#1999 = LINE('',#2000,#2001);
#2000 = CARTESIAN_POINT('',(41.,0.));
#2001 = VECTOR('',#2002,1.);
#2002 = DIRECTION('',(0.,-1.));
#2003 = ( GEOMETRIC_REPRESENTATION_CONTEXT(2) 
PARAMETRIC_REPRESENTATION_CONTEXT() REPRESENTATION_CONTEXT('2D SPACE',''
  ) );
#2004 = PCURVE('',#2005,#2010);
#2005 = PLANE('',#2006);
#2006 = AXIS2_PLACEMENT_3D('',#2007,#2008,#2009);
#2007 = CARTESIAN_POINT('',(-2.55,-1.3,119.5));
#2008 = DIRECTION('',(0.,0.,1.));
#2009 = DIRECTION('',(1.,0.,0.));
#2010 = DEFINITIONAL_REPRESENTATION('',(#2011),#2015);
#2011 = LINE('',#2012,#2013);
#2012 = CARTESIAN_POINT('',(0.,0.));
#2013 = VECTOR('',#2014,1.);
#2014 = DIRECTION('',(0.,1.));
#2015 = ( GEOMETRIC_REPRESENTATION_CONTEXT(2) 
PARAMETRIC_REPRESENTATION_CONTEXT() REPRESENTATION_CONTEXT('2D SPACE',''
  ) );
#2016 = ORIENTED_EDGE('',*,*,#2017,.F.);
#2017 = EDGE_CURVE('',#2018,#1983,#2020,.T.);
#2018 = VERTEX_POINT('',#2019);
#2019 = CARTESIAN_POINT('',(-2.55,-1.3,78.5));
#2020 = SURFACE_CURVE('',#2021,(#2025,#2032),.PCURVE_S1.);
#2021 = LINE('',#2022,#2023);
#2022 = CARTESIAN_POINT('',(-2.55,-1.3,78.5));
#2023 = VECTOR('',#2024,1.);
#2024 = DIRECTION('',(0.,0.,1.));
#2025 = PCURVE('',#1993,#2026);
#2026 = DEFINITIONAL_REPRESENTATION('',(#2027),#2031);
#2027 = LINE('',#2028,#2029);
#2028 = CARTESIAN_POINT('',(0.,0.));
#2029 = VECTOR('',#2030,1.);
#2030 = DIRECTION('',(1.,0.));
#2031 = ( GEOMETRIC_REPRESENTATION_CONTEXT(2) 
PARAMETRIC_REPRESENTATION_CONTEXT() REPRESENTATION_CONTEXT('2D SPACE',''
  ) );
#2032 = PCURVE('',#2033,#2038);
#2033 = PLANE('',#2034);
#2034 = AXIS2_PLACEMENT_3D('',#2035,#2036,#2037);
#2035 = CARTESIAN_POINT('',(-2.55,-1.3,78.5));
#2036 = DIRECTION('',(0.,1.,0.));
#2037 = DIRECTION('',(0.,0.,1.));
#2038 = DEFINITIONAL_REPRESENTATION('',(#2039),#2043);
#2039 = LINE('',#2040,#2041);
#2040 = CARTESIAN_POINT('',(0.,0.));
#2041 = VECTOR('',#2042,1.);
#2042 = DIRECTION('',(1.,0.));
#2043 = ( GEOMETRIC_REPRESENTATION_CONTEXT(2) 
PARAMETRIC_REPRESENTATION_CONTEXT() REPRESENTATION_CONTEXT('2D SPACE',''
  ) );
#2044 = ORIENTED_EDGE('',*,*,#2045,.T.);
#2045 = EDGE_CURVE('',#2018,#2046,#2048,.T.);
#2046 = VERTEX_POINT('',#2047);
#2047 = CARTESIAN_POINT('',(-2.55,-0.3,78.5));
#2048 = SURFACE_CURVE('',#2049,(#2053,#2060),.PCURVE_S1.);
#2049 = LINE('',#2050,#2051);
#2050 = CARTESIAN_POINT('',(-2.55,-1.3,78.5));
#2051 = VECTOR('',#2052,1.);
#2052 = DIRECTION('',(0.,1.,0.));
#2053 = PCURVE('',#1993,#2054);
#2054 = DEFINITIONAL_REPRESENTATION('',(#2055),#2059);
#2055 = LINE('',#2056,#2057);
#2056 = CARTESIAN_POINT('',(0.,0.));
#2057 = VECTOR('',#2058,1.);
#2058 = DIRECTION('',(0.,-1.));
#2059 = ( GEOMETRIC_REPRESENTATION_CONTEXT(2) 
PARAMETRIC_REPRESENTATION_CONTEXT() REPRESENTATION_CONTEXT('2D SPACE',''
  ) );
#2060 = PCURVE('',#2061,#2066);
#2061 = PLANE('',#2062);
#2062 = AXIS2_PLACEMENT_3D('',#2063,#2064,#2065);
#2063 = CARTESIAN_POINT('',(-2.55,-1.3,78.5));
#2064 = DIRECTION('',(0.,0.,1.));
#2065 = DIRECTION('',(1.,0.,0.));
#2066 = DEFINITIONAL_REPRESENTATION('',(#2067),#2071);
#2067 = LINE('',#2068,#2069);
#2068 = CARTESIAN_POINT('',(0.,0.));
#2069 = VECTOR('',#2070,1.);
#2070 = DIRECTION('',(0.,1.));
#2071 = ( GEOMETRIC_REPRESENTATION_CONTEXT(2) 
PARAMETRIC_REPRESENTATION_CONTEXT() REPRESENTATION_CONTEXT('2D SPACE',''
  ) );
#2072 = ORIENTED_EDGE('',*,*,#2073,.T.);
#2073 = EDGE_CURVE('',#2046,#1985,#2074,.T.);
#2074 = SURFACE_CURVE('',#2075,(#2079,#2085),.PCURVE_S1.);
#2075 = LINE('',#2076,#2077);
#2076 = CARTESIAN_POINT('',(-2.55,-0.3,78.25));
#2077 = VECTOR('',#2078,1.);
#2078 = DIRECTION('',(0.,0.,1.));
#2079 = PCURVE('',#1993,#2080);
#2080 = DEFINITIONAL_REPRESENTATION('',(#2081),#2084);
#2081 = B_SPLINE_CURVE_WITH_KNOTS('',1,(#2082,#2083),.UNSPECIFIED.,.F.,
  .F.,(2,2),(0.25,41.25),.PIECEWISE_BEZIER_KNOTS.);
#2082 = CARTESIAN_POINT('',(0.,-1.));
#2083 = CARTESIAN_POINT('',(41.,-1.));
#2084 = ( GEOMETRIC_REPRESENTATION_CONTEXT(2) 
PARAMETRIC_REPRESENTATION_CONTEXT() REPRESENTATION_CONTEXT('2D SPACE',''
  ) );
#2085 = PCURVE('',#2086,#2091);
#2086 = PLANE('',#2087);
#2087 = AXIS2_PLACEMENT_3D('',#2088,#2089,#2090);
#2088 = CARTESIAN_POINT('',(-2.75,-0.3,78.));
#2089 = DIRECTION('',(0.,1.,0.));
#2090 = DIRECTION('',(0.,0.,1.));
#2091 = DEFINITIONAL_REPRESENTATION('',(#2092),#2095);
#2092 = B_SPLINE_CURVE_WITH_KNOTS('',1,(#2093,#2094),.UNSPECIFIED.,.F.,
  .F.,(2,2),(0.25,41.25),.PIECEWISE_BEZIER_KNOTS.);
#2093 = CARTESIAN_POINT('',(0.5,0.2));
#2094 = CARTESIAN_POINT('',(41.5,0.2));
#2095 = ( GEOMETRIC_REPRESENTATION_CONTEXT(2) 
PARAMETRIC_REPRESENTATION_CONTEXT() REPRESENTATION_CONTEXT('2D SPACE',''
  ) );
#2096 = ADVANCED_FACE('',(#2097),#2005,.T.);
#2097 = FACE_BOUND('',#2098,.T.);
#2098 = EDGE_LOOP('',(#2099,#2100,#2123,#2151));
#2099 = ORIENTED_EDGE('',*,*,#1982,.F.);
#2100 = ORIENTED_EDGE('',*,*,#2101,.T.);
#2101 = EDGE_CURVE('',#1983,#2102,#2104,.T.);
#2102 = VERTEX_POINT('',#2103);
#2103 = CARTESIAN_POINT('',(2.55,-1.3,119.5));
#2104 = SURFACE_CURVE('',#2105,(#2109,#2116),.PCURVE_S1.);
#2105 = LINE('',#2106,#2107);
#2106 = CARTESIAN_POINT('',(-2.55,-1.3,119.5));
#2107 = VECTOR('',#2108,1.);
#2108 = DIRECTION('',(1.,0.,0.));
#2109 = PCURVE('',#2005,#2110);
#2110 = DEFINITIONAL_REPRESENTATION('',(#2111),#2115);
#2111 = LINE('',#2112,#2113);
#2112 = CARTESIAN_POINT('',(0.,0.));
#2113 = VECTOR('',#2114,1.);
#2114 = DIRECTION('',(1.,0.));
#2115 = ( GEOMETRIC_REPRESENTATION_CONTEXT(2) 
PARAMETRIC_REPRESENTATION_CONTEXT() REPRESENTATION_CONTEXT('2D SPACE',''
  ) );
#2116 = PCURVE('',#2033,#2117);
#2117 = DEFINITIONAL_REPRESENTATION('',(#2118),#2122);
#2118 = LINE('',#2119,#2120);
#2119 = CARTESIAN_POINT('',(41.,0.));
#2120 = VECTOR('',#2121,1.);
#2121 = DIRECTION('',(0.,1.));
#2122 = ( GEOMETRIC_REPRESENTATION_CONTEXT(2) 
PARAMETRIC_REPRESENTATION_CONTEXT() REPRESENTATION_CONTEXT('2D SPACE',''
  ) );
#2123 = ORIENTED_EDGE('',*,*,#2124,.T.);
#2124 = EDGE_CURVE('',#2102,#2125,#2127,.T.);
#2125 = VERTEX_POINT('',#2126);
#2126 = CARTESIAN_POINT('',(2.55,-0.3,119.5));
#2127 = SURFACE_CURVE('',#2128,(#2132,#2139),.PCURVE_S1.);
#2128 = LINE('',#2129,#2130);
#2129 = CARTESIAN_POINT('',(2.55,-1.3,119.5));
#2130 = VECTOR('',#2131,1.);
#2131 = DIRECTION('',(0.,1.,0.));
#2132 = PCURVE('',#2005,#2133);
#2133 = DEFINITIONAL_REPRESENTATION('',(#2134),#2138);
#2134 = LINE('',#2135,#2136);
#2135 = CARTESIAN_POINT('',(5.1,0.));
#2136 = VECTOR('',#2137,1.);
#2137 = DIRECTION('',(0.,1.));
#2138 = ( GEOMETRIC_REPRESENTATION_CONTEXT(2) 
PARAMETRIC_REPRESENTATION_CONTEXT() REPRESENTATION_CONTEXT('2D SPACE',''
  ) );
#2139 = PCURVE('',#2140,#2145);
#2140 = PLANE('',#2141);
#2141 = AXIS2_PLACEMENT_3D('',#2142,#2143,#2144);
#2142 = CARTESIAN_POINT('',(2.55,-1.3,78.5));
#2143 = DIRECTION('',(1.,0.,0.));
#2144 = DIRECTION('',(0.,0.,1.));
#2145 = DEFINITIONAL_REPRESENTATION('',(#2146),#2150);
#2146 = LINE('',#2147,#2148);
#2147 = CARTESIAN_POINT('',(41.,0.));
#2148 = VECTOR('',#2149,1.);
#2149 = DIRECTION('',(0.,-1.));
#2150 = ( GEOMETRIC_REPRESENTATION_CONTEXT(2) 
PARAMETRIC_REPRESENTATION_CONTEXT() REPRESENTATION_CONTEXT('2D SPACE',''
  ) );
#2151 = ORIENTED_EDGE('',*,*,#2152,.T.);
#2152 = EDGE_CURVE('',#2125,#1985,#2153,.T.);
#2153 = SURFACE_CURVE('',#2154,(#2158,#2164),.PCURVE_S1.);
#2154 = LINE('',#2155,#2156);
#2155 = CARTESIAN_POINT('',(-2.65,-0.3,119.5));
#2156 = VECTOR('',#2157,1.);
#2157 = DIRECTION('',(-1.,0.,0.));
#2158 = PCURVE('',#2005,#2159);
#2159 = DEFINITIONAL_REPRESENTATION('',(#2160),#2163);
#2160 = B_SPLINE_CURVE_WITH_KNOTS('',1,(#2161,#2162),.UNSPECIFIED.,.F.,
  .F.,(2,2),(-5.2,-0.1),.PIECEWISE_BEZIER_KNOTS.);
#2161 = CARTESIAN_POINT('',(5.1,1.));
#2162 = CARTESIAN_POINT('',(0.,1.));
#2163 = ( GEOMETRIC_REPRESENTATION_CONTEXT(2) 
PARAMETRIC_REPRESENTATION_CONTEXT() REPRESENTATION_CONTEXT('2D SPACE',''
  ) );
#2164 = PCURVE('',#2086,#2165);
#2165 = DEFINITIONAL_REPRESENTATION('',(#2166),#2169);
#2166 = B_SPLINE_CURVE_WITH_KNOTS('',1,(#2167,#2168),.UNSPECIFIED.,.F.,
  .F.,(2,2),(-5.2,-0.1),.PIECEWISE_BEZIER_KNOTS.);
#2167 = CARTESIAN_POINT('',(41.5,5.3));
#2168 = CARTESIAN_POINT('',(41.5,0.2));
#2169 = ( GEOMETRIC_REPRESENTATION_CONTEXT(2) 
PARAMETRIC_REPRESENTATION_CONTEXT() REPRESENTATION_CONTEXT('2D SPACE',''
  ) );
#2170 = ADVANCED_FACE('',(#2171),#2086,.T.);
#2171 = FACE_BOUND('',#2172,.T.);
#2172 = EDGE_LOOP('',(#2173,#2194,#2195,#2196));
#2173 = ORIENTED_EDGE('',*,*,#2174,.T.);
#2174 = EDGE_CURVE('',#2175,#2046,#2177,.T.);
#2175 = VERTEX_POINT('',#2176);
#2176 = CARTESIAN_POINT('',(2.55,-0.3,78.5));
#2177 = SURFACE_CURVE('',#2178,(#2182,#2188),.PCURVE_S1.);
#2178 = LINE('',#2179,#2180);
#2179 = CARTESIAN_POINT('',(-2.65,-0.3,78.5));
#2180 = VECTOR('',#2181,1.);
#2181 = DIRECTION('',(-1.,0.,0.));
#2182 = PCURVE('',#2086,#2183);
#2183 = DEFINITIONAL_REPRESENTATION('',(#2184),#2187);
#2184 = B_SPLINE_CURVE_WITH_KNOTS('',1,(#2185,#2186),.UNSPECIFIED.,.F.,
  .F.,(2,2),(-5.2,-0.1),.PIECEWISE_BEZIER_KNOTS.);
#2185 = CARTESIAN_POINT('',(0.5,5.3));
#2186 = CARTESIAN_POINT('',(0.5,0.2));
#2187 = ( GEOMETRIC_REPRESENTATION_CONTEXT(2) 
PARAMETRIC_REPRESENTATION_CONTEXT() REPRESENTATION_CONTEXT('2D SPACE',''
  ) );
#2188 = PCURVE('',#2061,#2189);
#2189 = DEFINITIONAL_REPRESENTATION('',(#2190),#2193);
#2190 = B_SPLINE_CURVE_WITH_KNOTS('',1,(#2191,#2192),.UNSPECIFIED.,.F.,
  .F.,(2,2),(-5.2,-0.1),.PIECEWISE_BEZIER_KNOTS.);
#2191 = CARTESIAN_POINT('',(5.1,1.));
#2192 = CARTESIAN_POINT('',(0.,1.));
#2193 = ( GEOMETRIC_REPRESENTATION_CONTEXT(2) 
PARAMETRIC_REPRESENTATION_CONTEXT() REPRESENTATION_CONTEXT('2D SPACE',''
  ) );
#2194 = ORIENTED_EDGE('',*,*,#2073,.T.);
#2195 = ORIENTED_EDGE('',*,*,#2152,.F.);
#2196 = ORIENTED_EDGE('',*,*,#2197,.F.);
#2197 = EDGE_CURVE('',#2175,#2125,#2198,.T.);
#2198 = SURFACE_CURVE('',#2199,(#2203,#2209),.PCURVE_S1.);
#2199 = LINE('',#2200,#2201);
#2200 = CARTESIAN_POINT('',(2.55,-0.3,78.25));
#2201 = VECTOR('',#2202,1.);
#2202 = DIRECTION('',(0.,0.,1.));
#2203 = PCURVE('',#2086,#2204);
#2204 = DEFINITIONAL_REPRESENTATION('',(#2205),#2208);
#2205 = B_SPLINE_CURVE_WITH_KNOTS('',1,(#2206,#2207),.UNSPECIFIED.,.F.,
  .F.,(2,2),(0.25,41.25),.PIECEWISE_BEZIER_KNOTS.);
#2206 = CARTESIAN_POINT('',(0.5,5.3));
#2207 = CARTESIAN_POINT('',(41.5,5.3));
#2208 = ( GEOMETRIC_REPRESENTATION_CONTEXT(2) 
PARAMETRIC_REPRESENTATION_CONTEXT() REPRESENTATION_CONTEXT('2D SPACE',''
  ) );
#2209 = PCURVE('',#2140,#2210);
#2210 = DEFINITIONAL_REPRESENTATION('',(#2211),#2214);
#2211 = B_SPLINE_CURVE_WITH_KNOTS('',1,(#2212,#2213),.UNSPECIFIED.,.F.,
  .F.,(2,2),(0.25,41.25),.PIECEWISE_BEZIER_KNOTS.);
#2212 = CARTESIAN_POINT('',(0.,-1.));
#2213 = CARTESIAN_POINT('',(41.,-1.));
#2214 = ( GEOMETRIC_REPRESENTATION_CONTEXT(2) 
PARAMETRIC_REPRESENTATION_CONTEXT() REPRESENTATION_CONTEXT('2D SPACE',''
  ) );
#2215 = ADVANCED_FACE('',(#2216),#2061,.F.);
#2216 = FACE_BOUND('',#2217,.F.);
#2217 = EDGE_LOOP('',(#2218,#2219,#2242,#2263));
#2218 = ORIENTED_EDGE('',*,*,#2045,.F.);
#2219 = ORIENTED_EDGE('',*,*,#2220,.T.);
#2220 = EDGE_CURVE('',#2018,#2221,#2223,.T.);
#2221 = VERTEX_POINT('',#2222);
#2222 = CARTESIAN_POINT('',(2.55,-1.3,78.5));
#2223 = SURFACE_CURVE('',#2224,(#2228,#2235),.PCURVE_S1.);
#2224 = LINE('',#2225,#2226);
#2225 = CARTESIAN_POINT('',(-2.55,-1.3,78.5));
#2226 = VECTOR('',#2227,1.);
#2227 = DIRECTION('',(1.,0.,0.));
#2228 = PCURVE('',#2061,#2229);
#2229 = DEFINITIONAL_REPRESENTATION('',(#2230),#2234);
#2230 = LINE('',#2231,#2232);
#2231 = CARTESIAN_POINT('',(0.,0.));
#2232 = VECTOR('',#2233,1.);
#2233 = DIRECTION('',(1.,0.));
#2234 = ( GEOMETRIC_REPRESENTATION_CONTEXT(2) 
PARAMETRIC_REPRESENTATION_CONTEXT() REPRESENTATION_CONTEXT('2D SPACE',''
  ) );
#2235 = PCURVE('',#2033,#2236);
#2236 = DEFINITIONAL_REPRESENTATION('',(#2237),#2241);
#2237 = LINE('',#2238,#2239);
#2238 = CARTESIAN_POINT('',(0.,0.));
#2239 = VECTOR('',#2240,1.);
#2240 = DIRECTION('',(0.,1.));
#2241 = ( GEOMETRIC_REPRESENTATION_CONTEXT(2) 
PARAMETRIC_REPRESENTATION_CONTEXT() REPRESENTATION_CONTEXT('2D SPACE',''
  ) );
#2242 = ORIENTED_EDGE('',*,*,#2243,.T.);
#2243 = EDGE_CURVE('',#2221,#2175,#2244,.T.);
#2244 = SURFACE_CURVE('',#2245,(#2249,#2256),.PCURVE_S1.);
#2245 = LINE('',#2246,#2247);
#2246 = CARTESIAN_POINT('',(2.55,-1.3,78.5));
#2247 = VECTOR('',#2248,1.);
#2248 = DIRECTION('',(0.,1.,0.));
#2249 = PCURVE('',#2061,#2250);
#2250 = DEFINITIONAL_REPRESENTATION('',(#2251),#2255);
#2251 = LINE('',#2252,#2253);
#2252 = CARTESIAN_POINT('',(5.1,0.));
#2253 = VECTOR('',#2254,1.);
#2254 = DIRECTION('',(0.,1.));
#2255 = ( GEOMETRIC_REPRESENTATION_CONTEXT(2) 
PARAMETRIC_REPRESENTATION_CONTEXT() REPRESENTATION_CONTEXT('2D SPACE',''
  ) );
#2256 = PCURVE('',#2140,#2257);
#2257 = DEFINITIONAL_REPRESENTATION('',(#2258),#2262);
#2258 = LINE('',#2259,#2260);
#2259 = CARTESIAN_POINT('',(0.,0.));
#2260 = VECTOR('',#2261,1.);
#2261 = DIRECTION('',(0.,-1.));
#2262 = ( GEOMETRIC_REPRESENTATION_CONTEXT(2) 
PARAMETRIC_REPRESENTATION_CONTEXT() REPRESENTATION_CONTEXT('2D SPACE',''
  ) );
#2263 = ORIENTED_EDGE('',*,*,#2174,.T.);
#2264 = ADVANCED_FACE('',(#2265),#2033,.F.);
#2265 = FACE_BOUND('',#2266,.F.);
#2266 = EDGE_LOOP('',(#2267,#2268,#2269,#2270));
#2267 = ORIENTED_EDGE('',*,*,#2220,.F.);
#2268 = ORIENTED_EDGE('',*,*,#2017,.T.);
#2269 = ORIENTED_EDGE('',*,*,#2101,.T.);
#2270 = ORIENTED_EDGE('',*,*,#2271,.F.);
#2271 = EDGE_CURVE('',#2221,#2102,#2272,.T.);
#2272 = SURFACE_CURVE('',#2273,(#2277,#2284),.PCURVE_S1.);
#2273 = LINE('',#2274,#2275);
#2274 = CARTESIAN_POINT('',(2.55,-1.3,78.5));
#2275 = VECTOR('',#2276,1.);
#2276 = DIRECTION('',(0.,0.,1.));
#2277 = PCURVE('',#2033,#2278);
#2278 = DEFINITIONAL_REPRESENTATION('',(#2279),#2283);
#2279 = LINE('',#2280,#2281);
#2280 = CARTESIAN_POINT('',(0.,5.1));
#2281 = VECTOR('',#2282,1.);
#2282 = DIRECTION('',(1.,0.));
#2283 = ( GEOMETRIC_REPRESENTATION_CONTEXT(2) 
PARAMETRIC_REPRESENTATION_CONTEXT() REPRESENTATION_CONTEXT('2D SPACE',''
  ) );
#2284 = PCURVE('',#2140,#2285);
#2285 = DEFINITIONAL_REPRESENTATION('',(#2286),#2290);
#2286 = LINE('',#2287,#2288);
#2287 = CARTESIAN_POINT('',(0.,0.));
#2288 = VECTOR('',#2289,1.);
#2289 = DIRECTION('',(1.,0.));
#2290 = ( GEOMETRIC_REPRESENTATION_CONTEXT(2) 
PARAMETRIC_REPRESENTATION_CONTEXT() REPRESENTATION_CONTEXT('2D SPACE',''
  ) );
#2291 = ADVANCED_FACE('',(#2292),#2140,.T.);
#2292 = FACE_BOUND('',#2293,.T.);
#2293 = EDGE_LOOP('',(#2294,#2295,#2296,#2297));
#2294 = ORIENTED_EDGE('',*,*,#2124,.F.);
#2295 = ORIENTED_EDGE('',*,*,#2271,.F.);
#2296 = ORIENTED_EDGE('',*,*,#2243,.T.);
#2297 = ORIENTED_EDGE('',*,*,#2197,.T.);
#2298 = MANIFOLD_SOLID_BREP('',#2299);
#2299 = CLOSED_SHELL('',(#2300,#2418,#2492,#2541,#2588,#2613));
#2300 = ADVANCED_FACE('',(#2301),#2315,.F.);
#2301 = FACE_BOUND('',#2302,.F.);
#2302 = EDGE_LOOP('',(#2303,#2338,#2364,#2392));
#2303 = ORIENTED_EDGE('',*,*,#2304,.F.);
#2304 = EDGE_CURVE('',#2305,#2307,#2309,.T.);
#2305 = VERTEX_POINT('',#2306);
#2306 = CARTESIAN_POINT('',(-2.55,0.3,119.5));
#2307 = VERTEX_POINT('',#2308);
#2308 = CARTESIAN_POINT('',(-2.55,1.3,119.5));
#2309 = SURFACE_CURVE('',#2310,(#2314,#2326),.PCURVE_S1.);
#2310 = LINE('',#2311,#2312);
#2311 = CARTESIAN_POINT('',(-2.55,-1.3,119.5));
#2312 = VECTOR('',#2313,1.);
#2313 = DIRECTION('',(0.,1.,0.));
#2314 = PCURVE('',#2315,#2320);
#2315 = PLANE('',#2316);
#2316 = AXIS2_PLACEMENT_3D('',#2317,#2318,#2319);
#2317 = CARTESIAN_POINT('',(-2.55,-1.3,78.5));
#2318 = DIRECTION('',(1.,0.,0.));
#2319 = DIRECTION('',(0.,0.,1.));
#2320 = DEFINITIONAL_REPRESENTATION('',(#2321),#2325);
#2321 = LINE('',#2322,#2323);
#2322 = CARTESIAN_POINT('',(41.,0.));
#2323 = VECTOR('',#2324,1.);
#2324 = DIRECTION('',(0.,-1.));
#2325 = ( GEOMETRIC_REPRESENTATION_CONTEXT(2) 
PARAMETRIC_REPRESENTATION_CONTEXT() REPRESENTATION_CONTEXT('2D SPACE',''
  ) );
#2326 = PCURVE('',#2327,#2332);
#2327 = PLANE('',#2328);
#2328 = AXIS2_PLACEMENT_3D('',#2329,#2330,#2331);
#2329 = CARTESIAN_POINT('',(-2.55,-1.3,119.5));
#2330 = DIRECTION('',(0.,0.,1.));
#2331 = DIRECTION('',(1.,0.,0.));
#2332 = DEFINITIONAL_REPRESENTATION('',(#2333),#2337);
#2333 = LINE('',#2334,#2335);
#2334 = CARTESIAN_POINT('',(0.,0.));
#2335 = VECTOR('',#2336,1.);
#2336 = DIRECTION('',(0.,1.));
#2337 = ( GEOMETRIC_REPRESENTATION_CONTEXT(2) 
PARAMETRIC_REPRESENTATION_CONTEXT() REPRESENTATION_CONTEXT('2D SPACE',''
  ) );
#2338 = ORIENTED_EDGE('',*,*,#2339,.F.);
#2339 = EDGE_CURVE('',#2340,#2305,#2342,.T.);
#2340 = VERTEX_POINT('',#2341);
#2341 = CARTESIAN_POINT('',(-2.55,0.3,78.5));
#2342 = SURFACE_CURVE('',#2343,(#2347,#2353),.PCURVE_S1.);
#2343 = LINE('',#2344,#2345);
#2344 = CARTESIAN_POINT('',(-2.55,0.3,78.25));
#2345 = VECTOR('',#2346,1.);
#2346 = DIRECTION('',(0.,0.,1.));
#2347 = PCURVE('',#2315,#2348);
#2348 = DEFINITIONAL_REPRESENTATION('',(#2349),#2352);
#2349 = B_SPLINE_CURVE_WITH_KNOTS('',1,(#2350,#2351),.UNSPECIFIED.,.F.,
  .F.,(2,2),(0.25,41.25),.PIECEWISE_BEZIER_KNOTS.);
#2350 = CARTESIAN_POINT('',(0.,-1.6));
#2351 = CARTESIAN_POINT('',(41.,-1.6));
#2352 = ( GEOMETRIC_REPRESENTATION_CONTEXT(2) 
PARAMETRIC_REPRESENTATION_CONTEXT() REPRESENTATION_CONTEXT('2D SPACE',''
  ) );
#2353 = PCURVE('',#2354,#2359);
#2354 = PLANE('',#2355);
#2355 = AXIS2_PLACEMENT_3D('',#2356,#2357,#2358);
#2356 = CARTESIAN_POINT('',(-2.75,0.3,78.));
#2357 = DIRECTION('',(0.,1.,0.));
#2358 = DIRECTION('',(0.,0.,1.));
#2359 = DEFINITIONAL_REPRESENTATION('',(#2360),#2363);
#2360 = B_SPLINE_CURVE_WITH_KNOTS('',1,(#2361,#2362),.UNSPECIFIED.,.F.,
  .F.,(2,2),(0.25,41.25),.PIECEWISE_BEZIER_KNOTS.);
#2361 = CARTESIAN_POINT('',(0.5,0.2));
#2362 = CARTESIAN_POINT('',(41.5,0.2));
#2363 = ( GEOMETRIC_REPRESENTATION_CONTEXT(2) 
PARAMETRIC_REPRESENTATION_CONTEXT() REPRESENTATION_CONTEXT('2D SPACE',''
  ) );
#2364 = ORIENTED_EDGE('',*,*,#2365,.T.);
#2365 = EDGE_CURVE('',#2340,#2366,#2368,.T.);
#2366 = VERTEX_POINT('',#2367);
#2367 = CARTESIAN_POINT('',(-2.55,1.3,78.5));
#2368 = SURFACE_CURVE('',#2369,(#2373,#2380),.PCURVE_S1.);
#2369 = LINE('',#2370,#2371);
#2370 = CARTESIAN_POINT('',(-2.55,-1.3,78.5));
#2371 = VECTOR('',#2372,1.);
#2372 = DIRECTION('',(0.,1.,0.));
#2373 = PCURVE('',#2315,#2374);
#2374 = DEFINITIONAL_REPRESENTATION('',(#2375),#2379);
#2375 = LINE('',#2376,#2377);
#2376 = CARTESIAN_POINT('',(0.,0.));
#2377 = VECTOR('',#2378,1.);
#2378 = DIRECTION('',(0.,-1.));
#2379 = ( GEOMETRIC_REPRESENTATION_CONTEXT(2) 
PARAMETRIC_REPRESENTATION_CONTEXT() REPRESENTATION_CONTEXT('2D SPACE',''
  ) );
#2380 = PCURVE('',#2381,#2386);
#2381 = PLANE('',#2382);
#2382 = AXIS2_PLACEMENT_3D('',#2383,#2384,#2385);
#2383 = CARTESIAN_POINT('',(-2.55,-1.3,78.5));
#2384 = DIRECTION('',(0.,0.,1.));
#2385 = DIRECTION('',(1.,0.,0.));
#2386 = DEFINITIONAL_REPRESENTATION('',(#2387),#2391);
#2387 = LINE('',#2388,#2389);
#2388 = CARTESIAN_POINT('',(0.,0.));
#2389 = VECTOR('',#2390,1.);
#2390 = DIRECTION('',(0.,1.));
#2391 = ( GEOMETRIC_REPRESENTATION_CONTEXT(2) 
PARAMETRIC_REPRESENTATION_CONTEXT() REPRESENTATION_CONTEXT('2D SPACE',''
  ) );
#2392 = ORIENTED_EDGE('',*,*,#2393,.T.);
#2393 = EDGE_CURVE('',#2366,#2307,#2394,.T.);
#2394 = SURFACE_CURVE('',#2395,(#2399,#2406),.PCURVE_S1.);
#2395 = LINE('',#2396,#2397);
#2396 = CARTESIAN_POINT('',(-2.55,1.3,78.5));
#2397 = VECTOR('',#2398,1.);
#2398 = DIRECTION('',(0.,0.,1.));
#2399 = PCURVE('',#2315,#2400);
#2400 = DEFINITIONAL_REPRESENTATION('',(#2401),#2405);
#2401 = LINE('',#2402,#2403);
#2402 = CARTESIAN_POINT('',(0.,-2.6));
#2403 = VECTOR('',#2404,1.);
#2404 = DIRECTION('',(1.,0.));
#2405 = ( GEOMETRIC_REPRESENTATION_CONTEXT(2) 
PARAMETRIC_REPRESENTATION_CONTEXT() REPRESENTATION_CONTEXT('2D SPACE',''
  ) );
#2406 = PCURVE('',#2407,#2412);
#2407 = PLANE('',#2408);
#2408 = AXIS2_PLACEMENT_3D('',#2409,#2410,#2411);
#2409 = CARTESIAN_POINT('',(-2.55,1.3,78.5));
#2410 = DIRECTION('',(0.,1.,0.));
#2411 = DIRECTION('',(0.,0.,1.));
#2412 = DEFINITIONAL_REPRESENTATION('',(#2413),#2417);
#2413 = LINE('',#2414,#2415);
#2414 = CARTESIAN_POINT('',(0.,0.));
#2415 = VECTOR('',#2416,1.);
#2416 = DIRECTION('',(1.,0.));
#2417 = ( GEOMETRIC_REPRESENTATION_CONTEXT(2) 
PARAMETRIC_REPRESENTATION_CONTEXT() REPRESENTATION_CONTEXT('2D SPACE',''
  ) );
#2418 = ADVANCED_FACE('',(#2419),#2327,.T.);
#2419 = FACE_BOUND('',#2420,.T.);
#2420 = EDGE_LOOP('',(#2421,#2422,#2443,#2471));
#2421 = ORIENTED_EDGE('',*,*,#2304,.F.);
#2422 = ORIENTED_EDGE('',*,*,#2423,.F.);
#2423 = EDGE_CURVE('',#2424,#2305,#2426,.T.);
#2424 = VERTEX_POINT('',#2425);
#2425 = CARTESIAN_POINT('',(2.55,0.3,119.5));
#2426 = SURFACE_CURVE('',#2427,(#2431,#2437),.PCURVE_S1.);
#2427 = LINE('',#2428,#2429);
#2428 = CARTESIAN_POINT('',(-2.65,0.3,119.5));
#2429 = VECTOR('',#2430,1.);
#2430 = DIRECTION('',(-1.,0.,0.));
#2431 = PCURVE('',#2327,#2432);
#2432 = DEFINITIONAL_REPRESENTATION('',(#2433),#2436);
#2433 = B_SPLINE_CURVE_WITH_KNOTS('',1,(#2434,#2435),.UNSPECIFIED.,.F.,
  .F.,(2,2),(-5.2,-0.1),.PIECEWISE_BEZIER_KNOTS.);
#2434 = CARTESIAN_POINT('',(5.1,1.6));
#2435 = CARTESIAN_POINT('',(0.,1.6));
#2436 = ( GEOMETRIC_REPRESENTATION_CONTEXT(2) 
PARAMETRIC_REPRESENTATION_CONTEXT() REPRESENTATION_CONTEXT('2D SPACE',''
  ) );
#2437 = PCURVE('',#2354,#2438);
#2438 = DEFINITIONAL_REPRESENTATION('',(#2439),#2442);
#2439 = B_SPLINE_CURVE_WITH_KNOTS('',1,(#2440,#2441),.UNSPECIFIED.,.F.,
  .F.,(2,2),(-5.2,-0.1),.PIECEWISE_BEZIER_KNOTS.);
#2440 = CARTESIAN_POINT('',(41.5,5.3));
#2441 = CARTESIAN_POINT('',(41.5,0.2));
#2442 = ( GEOMETRIC_REPRESENTATION_CONTEXT(2) 
PARAMETRIC_REPRESENTATION_CONTEXT() REPRESENTATION_CONTEXT('2D SPACE',''
  ) );
#2443 = ORIENTED_EDGE('',*,*,#2444,.T.);
#2444 = EDGE_CURVE('',#2424,#2445,#2447,.T.);
#2445 = VERTEX_POINT('',#2446);
#2446 = CARTESIAN_POINT('',(2.55,1.3,119.5));
#2447 = SURFACE_CURVE('',#2448,(#2452,#2459),.PCURVE_S1.);
#2448 = LINE('',#2449,#2450);
#2449 = CARTESIAN_POINT('',(2.55,-1.3,119.5));
#2450 = VECTOR('',#2451,1.);
#2451 = DIRECTION('',(0.,1.,0.));
#2452 = PCURVE('',#2327,#2453);
#2453 = DEFINITIONAL_REPRESENTATION('',(#2454),#2458);
#2454 = LINE('',#2455,#2456);
#2455 = CARTESIAN_POINT('',(5.1,0.));
#2456 = VECTOR('',#2457,1.);
#2457 = DIRECTION('',(0.,1.));
#2458 = ( GEOMETRIC_REPRESENTATION_CONTEXT(2) 
PARAMETRIC_REPRESENTATION_CONTEXT() REPRESENTATION_CONTEXT('2D SPACE',''
  ) );
#2459 = PCURVE('',#2460,#2465);
#2460 = PLANE('',#2461);
#2461 = AXIS2_PLACEMENT_3D('',#2462,#2463,#2464);
#2462 = CARTESIAN_POINT('',(2.55,-1.3,78.5));
#2463 = DIRECTION('',(1.,0.,0.));
#2464 = DIRECTION('',(0.,0.,1.));
#2465 = DEFINITIONAL_REPRESENTATION('',(#2466),#2470);
#2466 = LINE('',#2467,#2468);
#2467 = CARTESIAN_POINT('',(41.,0.));
#2468 = VECTOR('',#2469,1.);
#2469 = DIRECTION('',(0.,-1.));
#2470 = ( GEOMETRIC_REPRESENTATION_CONTEXT(2) 
PARAMETRIC_REPRESENTATION_CONTEXT() REPRESENTATION_CONTEXT('2D SPACE',''
  ) );
#2471 = ORIENTED_EDGE('',*,*,#2472,.F.);
#2472 = EDGE_CURVE('',#2307,#2445,#2473,.T.);
#2473 = SURFACE_CURVE('',#2474,(#2478,#2485),.PCURVE_S1.);
#2474 = LINE('',#2475,#2476);
#2475 = CARTESIAN_POINT('',(-2.55,1.3,119.5));
#2476 = VECTOR('',#2477,1.);
#2477 = DIRECTION('',(1.,0.,0.));
#2478 = PCURVE('',#2327,#2479);
#2479 = DEFINITIONAL_REPRESENTATION('',(#2480),#2484);
#2480 = LINE('',#2481,#2482);
#2481 = CARTESIAN_POINT('',(0.,2.6));
#2482 = VECTOR('',#2483,1.);
#2483 = DIRECTION('',(1.,0.));
#2484 = ( GEOMETRIC_REPRESENTATION_CONTEXT(2) 
PARAMETRIC_REPRESENTATION_CONTEXT() REPRESENTATION_CONTEXT('2D SPACE',''
  ) );
#2485 = PCURVE('',#2407,#2486);
#2486 = DEFINITIONAL_REPRESENTATION('',(#2487),#2491);
#2487 = LINE('',#2488,#2489);
#2488 = CARTESIAN_POINT('',(41.,0.));
#2489 = VECTOR('',#2490,1.);
#2490 = DIRECTION('',(0.,1.));
#2491 = ( GEOMETRIC_REPRESENTATION_CONTEXT(2) 
PARAMETRIC_REPRESENTATION_CONTEXT() REPRESENTATION_CONTEXT('2D SPACE',''
  ) );
#2492 = ADVANCED_FACE('',(#2493),#2407,.T.);
#2493 = FACE_BOUND('',#2494,.T.);
#2494 = EDGE_LOOP('',(#2495,#2518,#2519,#2520));
#2495 = ORIENTED_EDGE('',*,*,#2496,.F.);
#2496 = EDGE_CURVE('',#2366,#2497,#2499,.T.);
#2497 = VERTEX_POINT('',#2498);
#2498 = CARTESIAN_POINT('',(2.55,1.3,78.5));
#2499 = SURFACE_CURVE('',#2500,(#2504,#2511),.PCURVE_S1.);
#2500 = LINE('',#2501,#2502);
#2501 = CARTESIAN_POINT('',(-2.55,1.3,78.5));
#2502 = VECTOR('',#2503,1.);
#2503 = DIRECTION('',(1.,0.,0.));
#2504 = PCURVE('',#2407,#2505);
#2505 = DEFINITIONAL_REPRESENTATION('',(#2506),#2510);
#2506 = LINE('',#2507,#2508);
#2507 = CARTESIAN_POINT('',(0.,0.));
#2508 = VECTOR('',#2509,1.);
#2509 = DIRECTION('',(0.,1.));
#2510 = ( GEOMETRIC_REPRESENTATION_CONTEXT(2) 
PARAMETRIC_REPRESENTATION_CONTEXT() REPRESENTATION_CONTEXT('2D SPACE',''
  ) );
#2511 = PCURVE('',#2381,#2512);
#2512 = DEFINITIONAL_REPRESENTATION('',(#2513),#2517);
#2513 = LINE('',#2514,#2515);
#2514 = CARTESIAN_POINT('',(0.,2.6));
#2515 = VECTOR('',#2516,1.);
#2516 = DIRECTION('',(1.,0.));
#2517 = ( GEOMETRIC_REPRESENTATION_CONTEXT(2) 
PARAMETRIC_REPRESENTATION_CONTEXT() REPRESENTATION_CONTEXT('2D SPACE',''
  ) );
#2518 = ORIENTED_EDGE('',*,*,#2393,.T.);
#2519 = ORIENTED_EDGE('',*,*,#2472,.T.);
#2520 = ORIENTED_EDGE('',*,*,#2521,.F.);
#2521 = EDGE_CURVE('',#2497,#2445,#2522,.T.);
#2522 = SURFACE_CURVE('',#2523,(#2527,#2534),.PCURVE_S1.);
#2523 = LINE('',#2524,#2525);
#2524 = CARTESIAN_POINT('',(2.55,1.3,78.5));
#2525 = VECTOR('',#2526,1.);
#2526 = DIRECTION('',(0.,0.,1.));
#2527 = PCURVE('',#2407,#2528);
#2528 = DEFINITIONAL_REPRESENTATION('',(#2529),#2533);
#2529 = LINE('',#2530,#2531);
#2530 = CARTESIAN_POINT('',(0.,5.1));
#2531 = VECTOR('',#2532,1.);
#2532 = DIRECTION('',(1.,0.));
#2533 = ( GEOMETRIC_REPRESENTATION_CONTEXT(2) 
PARAMETRIC_REPRESENTATION_CONTEXT() REPRESENTATION_CONTEXT('2D SPACE',''
  ) );
#2534 = PCURVE('',#2460,#2535);
#2535 = DEFINITIONAL_REPRESENTATION('',(#2536),#2540);
#2536 = LINE('',#2537,#2538);
#2537 = CARTESIAN_POINT('',(0.,-2.6));
#2538 = VECTOR('',#2539,1.);
#2539 = DIRECTION('',(1.,0.));
#2540 = ( GEOMETRIC_REPRESENTATION_CONTEXT(2) 
PARAMETRIC_REPRESENTATION_CONTEXT() REPRESENTATION_CONTEXT('2D SPACE',''
  ) );
#2541 = ADVANCED_FACE('',(#2542),#2381,.F.);
#2542 = FACE_BOUND('',#2543,.F.);
#2543 = EDGE_LOOP('',(#2544,#2545,#2566,#2587));
#2544 = ORIENTED_EDGE('',*,*,#2365,.F.);
#2545 = ORIENTED_EDGE('',*,*,#2546,.F.);
#2546 = EDGE_CURVE('',#2547,#2340,#2549,.T.);
#2547 = VERTEX_POINT('',#2548);
#2548 = CARTESIAN_POINT('',(2.55,0.3,78.5));
#2549 = SURFACE_CURVE('',#2550,(#2554,#2560),.PCURVE_S1.);
#2550 = LINE('',#2551,#2552);
#2551 = CARTESIAN_POINT('',(-2.65,0.3,78.5));
#2552 = VECTOR('',#2553,1.);
#2553 = DIRECTION('',(-1.,0.,0.));
#2554 = PCURVE('',#2381,#2555);
#2555 = DEFINITIONAL_REPRESENTATION('',(#2556),#2559);
#2556 = B_SPLINE_CURVE_WITH_KNOTS('',1,(#2557,#2558),.UNSPECIFIED.,.F.,
  .F.,(2,2),(-5.2,-0.1),.PIECEWISE_BEZIER_KNOTS.);
#2557 = CARTESIAN_POINT('',(5.1,1.6));
#2558 = CARTESIAN_POINT('',(0.,1.6));
#2559 = ( GEOMETRIC_REPRESENTATION_CONTEXT(2) 
PARAMETRIC_REPRESENTATION_CONTEXT() REPRESENTATION_CONTEXT('2D SPACE',''
  ) );
#2560 = PCURVE('',#2354,#2561);
#2561 = DEFINITIONAL_REPRESENTATION('',(#2562),#2565);
#2562 = B_SPLINE_CURVE_WITH_KNOTS('',1,(#2563,#2564),.UNSPECIFIED.,.F.,
  .F.,(2,2),(-5.2,-0.1),.PIECEWISE_BEZIER_KNOTS.);
#2563 = CARTESIAN_POINT('',(0.5,5.3));
#2564 = CARTESIAN_POINT('',(0.5,0.2));
#2565 = ( GEOMETRIC_REPRESENTATION_CONTEXT(2) 
PARAMETRIC_REPRESENTATION_CONTEXT() REPRESENTATION_CONTEXT('2D SPACE',''
  ) );
#2566 = ORIENTED_EDGE('',*,*,#2567,.T.);
#2567 = EDGE_CURVE('',#2547,#2497,#2568,.T.);
#2568 = SURFACE_CURVE('',#2569,(#2573,#2580),.PCURVE_S1.);
#2569 = LINE('',#2570,#2571);
#2570 = CARTESIAN_POINT('',(2.55,-1.3,78.5));
#2571 = VECTOR('',#2572,1.);
#2572 = DIRECTION('',(0.,1.,0.));
#2573 = PCURVE('',#2381,#2574);
#2574 = DEFINITIONAL_REPRESENTATION('',(#2575),#2579);
#2575 = LINE('',#2576,#2577);
#2576 = CARTESIAN_POINT('',(5.1,0.));
#2577 = VECTOR('',#2578,1.);
#2578 = DIRECTION('',(0.,1.));
#2579 = ( GEOMETRIC_REPRESENTATION_CONTEXT(2) 
PARAMETRIC_REPRESENTATION_CONTEXT() REPRESENTATION_CONTEXT('2D SPACE',''
  ) );
#2580 = PCURVE('',#2460,#2581);
#2581 = DEFINITIONAL_REPRESENTATION('',(#2582),#2586);
#2582 = LINE('',#2583,#2584);
#2583 = CARTESIAN_POINT('',(0.,0.));
#2584 = VECTOR('',#2585,1.);
#2585 = DIRECTION('',(0.,-1.));
#2586 = ( GEOMETRIC_REPRESENTATION_CONTEXT(2) 
PARAMETRIC_REPRESENTATION_CONTEXT() REPRESENTATION_CONTEXT('2D SPACE',''
  ) );
#2587 = ORIENTED_EDGE('',*,*,#2496,.F.);
#2588 = ADVANCED_FACE('',(#2589),#2354,.F.);
#2589 = FACE_BOUND('',#2590,.F.);
#2590 = EDGE_LOOP('',(#2591,#2592,#2593,#2594));
#2591 = ORIENTED_EDGE('',*,*,#2546,.T.);
#2592 = ORIENTED_EDGE('',*,*,#2339,.T.);
#2593 = ORIENTED_EDGE('',*,*,#2423,.F.);
#2594 = ORIENTED_EDGE('',*,*,#2595,.F.);
#2595 = EDGE_CURVE('',#2547,#2424,#2596,.T.);
#2596 = SURFACE_CURVE('',#2597,(#2601,#2607),.PCURVE_S1.);
#2597 = LINE('',#2598,#2599);
#2598 = CARTESIAN_POINT('',(2.55,0.3,78.25));
#2599 = VECTOR('',#2600,1.);
#2600 = DIRECTION('',(0.,0.,1.));
#2601 = PCURVE('',#2354,#2602);
#2602 = DEFINITIONAL_REPRESENTATION('',(#2603),#2606);
#2603 = B_SPLINE_CURVE_WITH_KNOTS('',1,(#2604,#2605),.UNSPECIFIED.,.F.,
  .F.,(2,2),(0.25,41.25),.PIECEWISE_BEZIER_KNOTS.);
#2604 = CARTESIAN_POINT('',(0.5,5.3));
#2605 = CARTESIAN_POINT('',(41.5,5.3));
#2606 = ( GEOMETRIC_REPRESENTATION_CONTEXT(2) 
PARAMETRIC_REPRESENTATION_CONTEXT() REPRESENTATION_CONTEXT('2D SPACE',''
  ) );
#2607 = PCURVE('',#2460,#2608);
#2608 = DEFINITIONAL_REPRESENTATION('',(#2609),#2612);
#2609 = B_SPLINE_CURVE_WITH_KNOTS('',1,(#2610,#2611),.UNSPECIFIED.,.F.,
  .F.,(2,2),(0.25,41.25),.PIECEWISE_BEZIER_KNOTS.);
#2610 = CARTESIAN_POINT('',(0.,-1.6));
#2611 = CARTESIAN_POINT('',(41.,-1.6));
#2612 = ( GEOMETRIC_REPRESENTATION_CONTEXT(2) 
PARAMETRIC_REPRESENTATION_CONTEXT() REPRESENTATION_CONTEXT('2D SPACE',''
  ) );
#2613 = ADVANCED_FACE('',(#2614),#2460,.T.);
#2614 = FACE_BOUND('',#2615,.T.);
#2615 = EDGE_LOOP('',(#2616,#2617,#2618,#2619));
#2616 = ORIENTED_EDGE('',*,*,#2444,.F.);
#2617 = ORIENTED_EDGE('',*,*,#2595,.F.);
#2618 = ORIENTED_EDGE('',*,*,#2567,.T.);
#2619 = ORIENTED_EDGE('',*,*,#2521,.T.);
#2620 = ( GEOMETRIC_REPRESENTATION_CONTEXT(3) 
GLOBAL_UNCERTAINTY_ASSIGNED_CONTEXT((#2624)) 
GLOBAL_UNIT_ASSIGNED_CONTEXT((#2621,#2622,#2623)) REPRESENTATION_CONTEXT
('Context #1','3D Context with UNIT and UNCERTAINTY') );
#2621 = ( LENGTH_UNIT() NAMED_UNIT(*) SI_UNIT(.MILLI.,.METRE.) );
#2622 = ( NAMED_UNIT(*) PLANE_ANGLE_UNIT() SI_UNIT($,.RADIAN.) );
#2623 = ( NAMED_UNIT(*) SI_UNIT($,.STERADIAN.) SOLID_ANGLE_UNIT() );
#2624 = UNCERTAINTY_MEASURE_WITH_UNIT(LENGTH_MEASURE(1.E-07),#2621,
  'distance_accuracy_value','confusion accuracy');
#2625 = CONTEXT_DEPENDENT_SHAPE_REPRESENTATION(#2626,#2628);
#2626 = ( REPRESENTATION_RELATIONSHIP('','',#1975,#10) 
REPRESENTATION_RELATIONSHIP_WITH_TRANSFORMATION(#2627) 
SHAPE_REPRESENTATION_RELATIONSHIP() );
#2627 = ITEM_DEFINED_TRANSFORMATION('','',#11,#47);
#2628 = PRODUCT_DEFINITION_SHAPE('Placement','Placement of an item',
  #2629);
#2629 = NEXT_ASSEMBLY_USAGE_OCCURRENCE('9','pcb_components_envelope','',
  #5,#1970,$);
#2630 = PRODUCT_RELATED_PRODUCT_CATEGORY('part',$,(#1972));
#2631 = SHAPE_DEFINITION_REPRESENTATION(#2632,#2638);
#2632 = PRODUCT_DEFINITION_SHAPE('','',#2633);
#2633 = PRODUCT_DEFINITION('design','',#2634,#2637);
#2634 = PRODUCT_DEFINITION_FORMATION('','',#2635);
#2635 = PRODUCT('hall_3d_nose','hall_3d_nose','',(#2636));
#2636 = PRODUCT_CONTEXT('',#2,'mechanical');
#2637 = PRODUCT_DEFINITION_CONTEXT('part definition',#2,'design');
#2638 = ADVANCED_BREP_SHAPE_REPRESENTATION('',(#11,#2639),#2969);
#2639 = MANIFOLD_SOLID_BREP('',#2640);
#2640 = CLOSED_SHELL('',(#2641,#2761,#2861,#2908,#2955,#2962));
#2641 = ADVANCED_FACE('',(#2642),#2656,.F.);
#2642 = FACE_BOUND('',#2643,.F.);
#2643 = EDGE_LOOP('',(#2644,#2679,#2707,#2735));
#2644 = ORIENTED_EDGE('',*,*,#2645,.F.);
#2645 = EDGE_CURVE('',#2646,#2648,#2650,.T.);
#2646 = VERTEX_POINT('',#2647);
#2647 = CARTESIAN_POINT('',(2.74,-0.75,15.75));
#2648 = VERTEX_POINT('',#2649);
#2649 = CARTESIAN_POINT('',(2.74,-0.75,17.25));
#2650 = SURFACE_CURVE('',#2651,(#2655,#2667),.PCURVE_S1.);
#2651 = LINE('',#2652,#2653);
#2652 = CARTESIAN_POINT('',(2.74,-0.75,15.75));
#2653 = VECTOR('',#2654,1.);
#2654 = DIRECTION('',(0.,0.,1.));
#2655 = PCURVE('',#2656,#2661);
#2656 = PLANE('',#2657);
#2657 = AXIS2_PLACEMENT_3D('',#2658,#2659,#2660);
#2658 = CARTESIAN_POINT('',(2.74,-0.75,15.75));
#2659 = DIRECTION('',(1.,0.,0.));
#2660 = DIRECTION('',(0.,0.,1.));
#2661 = DEFINITIONAL_REPRESENTATION('',(#2662),#2666);
#2662 = LINE('',#2663,#2664);
#2663 = CARTESIAN_POINT('',(0.,0.));
#2664 = VECTOR('',#2665,1.);
#2665 = DIRECTION('',(1.,0.));
#2666 = ( GEOMETRIC_REPRESENTATION_CONTEXT(2) 
PARAMETRIC_REPRESENTATION_CONTEXT() REPRESENTATION_CONTEXT('2D SPACE',''
  ) );
#2667 = PCURVE('',#2668,#2673);
#2668 = PLANE('',#2669);
#2669 = AXIS2_PLACEMENT_3D('',#2670,#2671,#2672);
#2670 = CARTESIAN_POINT('',(2.74,-0.75,15.75));
#2671 = DIRECTION('',(0.,1.,0.));
#2672 = DIRECTION('',(0.,0.,1.));
#2673 = DEFINITIONAL_REPRESENTATION('',(#2674),#2678);
#2674 = LINE('',#2675,#2676);
#2675 = CARTESIAN_POINT('',(0.,0.));
#2676 = VECTOR('',#2677,1.);
#2677 = DIRECTION('',(1.,0.));
#2678 = ( GEOMETRIC_REPRESENTATION_CONTEXT(2) 
PARAMETRIC_REPRESENTATION_CONTEXT() REPRESENTATION_CONTEXT('2D SPACE',''
  ) );
#2679 = ORIENTED_EDGE('',*,*,#2680,.T.);
#2680 = EDGE_CURVE('',#2646,#2681,#2683,.T.);
#2681 = VERTEX_POINT('',#2682);
#2682 = CARTESIAN_POINT('',(2.74,0.75,15.75));
#2683 = SURFACE_CURVE('',#2684,(#2688,#2695),.PCURVE_S1.);
#2684 = LINE('',#2685,#2686);
#2685 = CARTESIAN_POINT('',(2.74,-0.75,15.75));
#2686 = VECTOR('',#2687,1.);
#2687 = DIRECTION('',(0.,1.,0.));
#2688 = PCURVE('',#2656,#2689);
#2689 = DEFINITIONAL_REPRESENTATION('',(#2690),#2694);
#2690 = LINE('',#2691,#2692);
#2691 = CARTESIAN_POINT('',(0.,0.));
#2692 = VECTOR('',#2693,1.);
#2693 = DIRECTION('',(0.,-1.));
#2694 = ( GEOMETRIC_REPRESENTATION_CONTEXT(2) 
PARAMETRIC_REPRESENTATION_CONTEXT() REPRESENTATION_CONTEXT('2D SPACE',''
  ) );
#2695 = PCURVE('',#2696,#2701);
#2696 = PLANE('',#2697);
#2697 = AXIS2_PLACEMENT_3D('',#2698,#2699,#2700);
#2698 = CARTESIAN_POINT('',(2.74,-0.75,15.75));
#2699 = DIRECTION('',(0.,0.,1.));
#2700 = DIRECTION('',(1.,0.,0.));
#2701 = DEFINITIONAL_REPRESENTATION('',(#2702),#2706);
#2702 = LINE('',#2703,#2704);
#2703 = CARTESIAN_POINT('',(0.,0.));
#2704 = VECTOR('',#2705,1.);
#2705 = DIRECTION('',(0.,1.));
#2706 = ( GEOMETRIC_REPRESENTATION_CONTEXT(2) 
PARAMETRIC_REPRESENTATION_CONTEXT() REPRESENTATION_CONTEXT('2D SPACE',''
  ) );
#2707 = ORIENTED_EDGE('',*,*,#2708,.T.);
#2708 = EDGE_CURVE('',#2681,#2709,#2711,.T.);
#2709 = VERTEX_POINT('',#2710);
#2710 = CARTESIAN_POINT('',(2.74,0.75,17.25));
#2711 = SURFACE_CURVE('',#2712,(#2716,#2723),.PCURVE_S1.);
#2712 = LINE('',#2713,#2714);
#2713 = CARTESIAN_POINT('',(2.74,0.75,15.75));
#2714 = VECTOR('',#2715,1.);
#2715 = DIRECTION('',(0.,0.,1.));
#2716 = PCURVE('',#2656,#2717);
#2717 = DEFINITIONAL_REPRESENTATION('',(#2718),#2722);
#2718 = LINE('',#2719,#2720);
#2719 = CARTESIAN_POINT('',(0.,-1.5));
#2720 = VECTOR('',#2721,1.);
#2721 = DIRECTION('',(1.,0.));
#2722 = ( GEOMETRIC_REPRESENTATION_CONTEXT(2) 
PARAMETRIC_REPRESENTATION_CONTEXT() REPRESENTATION_CONTEXT('2D SPACE',''
  ) );
#2723 = PCURVE('',#2724,#2729);
#2724 = PLANE('',#2725);
#2725 = AXIS2_PLACEMENT_3D('',#2726,#2727,#2728);
#2726 = CARTESIAN_POINT('',(2.74,0.75,15.75));
#2727 = DIRECTION('',(0.,1.,0.));
#2728 = DIRECTION('',(0.,0.,1.));
#2729 = DEFINITIONAL_REPRESENTATION('',(#2730),#2734);
#2730 = LINE('',#2731,#2732);
#2731 = CARTESIAN_POINT('',(0.,0.));
#2732 = VECTOR('',#2733,1.);
#2733 = DIRECTION('',(1.,0.));
#2734 = ( GEOMETRIC_REPRESENTATION_CONTEXT(2) 
PARAMETRIC_REPRESENTATION_CONTEXT() REPRESENTATION_CONTEXT('2D SPACE',''
  ) );
#2735 = ORIENTED_EDGE('',*,*,#2736,.F.);
#2736 = EDGE_CURVE('',#2648,#2709,#2737,.T.);
#2737 = SURFACE_CURVE('',#2738,(#2742,#2749),.PCURVE_S1.);
#2738 = LINE('',#2739,#2740);
#2739 = CARTESIAN_POINT('',(2.74,-0.75,17.25));
#2740 = VECTOR('',#2741,1.);
#2741 = DIRECTION('',(0.,1.,0.));
#2742 = PCURVE('',#2656,#2743);
#2743 = DEFINITIONAL_REPRESENTATION('',(#2744),#2748);
#2744 = LINE('',#2745,#2746);
#2745 = CARTESIAN_POINT('',(1.5,0.));
#2746 = VECTOR('',#2747,1.);
#2747 = DIRECTION('',(0.,-1.));
#2748 = ( GEOMETRIC_REPRESENTATION_CONTEXT(2) 
PARAMETRIC_REPRESENTATION_CONTEXT() REPRESENTATION_CONTEXT('2D SPACE',''
  ) );
#2749 = PCURVE('',#2750,#2755);
#2750 = PLANE('',#2751);
#2751 = AXIS2_PLACEMENT_3D('',#2752,#2753,#2754);
#2752 = CARTESIAN_POINT('',(2.74,-0.75,17.25));
#2753 = DIRECTION('',(0.,0.,1.));
#2754 = DIRECTION('',(1.,0.,0.));
#2755 = DEFINITIONAL_REPRESENTATION('',(#2756),#2760);
#2756 = LINE('',#2757,#2758);
#2757 = CARTESIAN_POINT('',(0.,0.));
#2758 = VECTOR('',#2759,1.);
#2759 = DIRECTION('',(0.,1.));
#2760 = ( GEOMETRIC_REPRESENTATION_CONTEXT(2) 
PARAMETRIC_REPRESENTATION_CONTEXT() REPRESENTATION_CONTEXT('2D SPACE',''
  ) );
#2761 = ADVANCED_FACE('',(#2762),#2776,.T.);
#2762 = FACE_BOUND('',#2763,.T.);
#2763 = EDGE_LOOP('',(#2764,#2794,#2817,#2840));
#2764 = ORIENTED_EDGE('',*,*,#2765,.F.);
#2765 = EDGE_CURVE('',#2766,#2768,#2770,.T.);
#2766 = VERTEX_POINT('',#2767);
#2767 = CARTESIAN_POINT('',(3.34,-0.75,15.75));
#2768 = VERTEX_POINT('',#2769);
#2769 = CARTESIAN_POINT('',(3.34,-0.75,17.25));
#2770 = SURFACE_CURVE('',#2771,(#2775,#2787),.PCURVE_S1.);
#2771 = LINE('',#2772,#2773);
#2772 = CARTESIAN_POINT('',(3.34,-0.75,15.75));
#2773 = VECTOR('',#2774,1.);
#2774 = DIRECTION('',(0.,0.,1.));
#2775 = PCURVE('',#2776,#2781);
#2776 = PLANE('',#2777);
#2777 = AXIS2_PLACEMENT_3D('',#2778,#2779,#2780);
#2778 = CARTESIAN_POINT('',(3.34,-0.75,15.75));
#2779 = DIRECTION('',(1.,0.,0.));
#2780 = DIRECTION('',(0.,0.,1.));
#2781 = DEFINITIONAL_REPRESENTATION('',(#2782),#2786);
#2782 = LINE('',#2783,#2784);
#2783 = CARTESIAN_POINT('',(0.,0.));
#2784 = VECTOR('',#2785,1.);
#2785 = DIRECTION('',(1.,0.));
#2786 = ( GEOMETRIC_REPRESENTATION_CONTEXT(2) 
PARAMETRIC_REPRESENTATION_CONTEXT() REPRESENTATION_CONTEXT('2D SPACE',''
  ) );
#2787 = PCURVE('',#2668,#2788);
#2788 = DEFINITIONAL_REPRESENTATION('',(#2789),#2793);
#2789 = LINE('',#2790,#2791);
#2790 = CARTESIAN_POINT('',(0.,0.6));
#2791 = VECTOR('',#2792,1.);
#2792 = DIRECTION('',(1.,0.));
#2793 = ( GEOMETRIC_REPRESENTATION_CONTEXT(2) 
PARAMETRIC_REPRESENTATION_CONTEXT() REPRESENTATION_CONTEXT('2D SPACE',''
  ) );
#2794 = ORIENTED_EDGE('',*,*,#2795,.T.);
#2795 = EDGE_CURVE('',#2766,#2796,#2798,.T.);
#2796 = VERTEX_POINT('',#2797);
#2797 = CARTESIAN_POINT('',(3.34,0.75,15.75));
#2798 = SURFACE_CURVE('',#2799,(#2803,#2810),.PCURVE_S1.);
#2799 = LINE('',#2800,#2801);
#2800 = CARTESIAN_POINT('',(3.34,-0.75,15.75));
#2801 = VECTOR('',#2802,1.);
#2802 = DIRECTION('',(0.,1.,0.));
#2803 = PCURVE('',#2776,#2804);
#2804 = DEFINITIONAL_REPRESENTATION('',(#2805),#2809);
#2805 = LINE('',#2806,#2807);
#2806 = CARTESIAN_POINT('',(0.,0.));
#2807 = VECTOR('',#2808,1.);
#2808 = DIRECTION('',(0.,-1.));
#2809 = ( GEOMETRIC_REPRESENTATION_CONTEXT(2) 
PARAMETRIC_REPRESENTATION_CONTEXT() REPRESENTATION_CONTEXT('2D SPACE',''
  ) );
#2810 = PCURVE('',#2696,#2811);
#2811 = DEFINITIONAL_REPRESENTATION('',(#2812),#2816);
#2812 = LINE('',#2813,#2814);
#2813 = CARTESIAN_POINT('',(0.6,0.));
#2814 = VECTOR('',#2815,1.);
#2815 = DIRECTION('',(0.,1.));
#2816 = ( GEOMETRIC_REPRESENTATION_CONTEXT(2) 
PARAMETRIC_REPRESENTATION_CONTEXT() REPRESENTATION_CONTEXT('2D SPACE',''
  ) );
#2817 = ORIENTED_EDGE('',*,*,#2818,.T.);
#2818 = EDGE_CURVE('',#2796,#2819,#2821,.T.);
#2819 = VERTEX_POINT('',#2820);
#2820 = CARTESIAN_POINT('',(3.34,0.75,17.25));
#2821 = SURFACE_CURVE('',#2822,(#2826,#2833),.PCURVE_S1.);
#2822 = LINE('',#2823,#2824);
#2823 = CARTESIAN_POINT('',(3.34,0.75,15.75));
#2824 = VECTOR('',#2825,1.);
#2825 = DIRECTION('',(0.,0.,1.));
#2826 = PCURVE('',#2776,#2827);
#2827 = DEFINITIONAL_REPRESENTATION('',(#2828),#2832);
#2828 = LINE('',#2829,#2830);
#2829 = CARTESIAN_POINT('',(0.,-1.5));
#2830 = VECTOR('',#2831,1.);
#2831 = DIRECTION('',(1.,0.));
#2832 = ( GEOMETRIC_REPRESENTATION_CONTEXT(2) 
PARAMETRIC_REPRESENTATION_CONTEXT() REPRESENTATION_CONTEXT('2D SPACE',''
  ) );
#2833 = PCURVE('',#2724,#2834);
#2834 = DEFINITIONAL_REPRESENTATION('',(#2835),#2839);
#2835 = LINE('',#2836,#2837);
#2836 = CARTESIAN_POINT('',(0.,0.6));
#2837 = VECTOR('',#2838,1.);
#2838 = DIRECTION('',(1.,0.));
#2839 = ( GEOMETRIC_REPRESENTATION_CONTEXT(2) 
PARAMETRIC_REPRESENTATION_CONTEXT() REPRESENTATION_CONTEXT('2D SPACE',''
  ) );
#2840 = ORIENTED_EDGE('',*,*,#2841,.F.);
#2841 = EDGE_CURVE('',#2768,#2819,#2842,.T.);
#2842 = SURFACE_CURVE('',#2843,(#2847,#2854),.PCURVE_S1.);
#2843 = LINE('',#2844,#2845);
#2844 = CARTESIAN_POINT('',(3.34,-0.75,17.25));
#2845 = VECTOR('',#2846,1.);
#2846 = DIRECTION('',(0.,1.,0.));
#2847 = PCURVE('',#2776,#2848);
#2848 = DEFINITIONAL_REPRESENTATION('',(#2849),#2853);
#2849 = LINE('',#2850,#2851);
#2850 = CARTESIAN_POINT('',(1.5,0.));
#2851 = VECTOR('',#2852,1.);
#2852 = DIRECTION('',(0.,-1.));
#2853 = ( GEOMETRIC_REPRESENTATION_CONTEXT(2) 
PARAMETRIC_REPRESENTATION_CONTEXT() REPRESENTATION_CONTEXT('2D SPACE',''
  ) );
#2854 = PCURVE('',#2750,#2855);
#2855 = DEFINITIONAL_REPRESENTATION('',(#2856),#2860);
#2856 = LINE('',#2857,#2858);
#2857 = CARTESIAN_POINT('',(0.6,0.));
#2858 = VECTOR('',#2859,1.);
#2859 = DIRECTION('',(0.,1.));
#2860 = ( GEOMETRIC_REPRESENTATION_CONTEXT(2) 
PARAMETRIC_REPRESENTATION_CONTEXT() REPRESENTATION_CONTEXT('2D SPACE',''
  ) );
#2861 = ADVANCED_FACE('',(#2862),#2668,.F.);
#2862 = FACE_BOUND('',#2863,.F.);
#2863 = EDGE_LOOP('',(#2864,#2885,#2886,#2907));
#2864 = ORIENTED_EDGE('',*,*,#2865,.F.);
#2865 = EDGE_CURVE('',#2646,#2766,#2866,.T.);
#2866 = SURFACE_CURVE('',#2867,(#2871,#2878),.PCURVE_S1.);
#2867 = LINE('',#2868,#2869);
#2868 = CARTESIAN_POINT('',(2.74,-0.75,15.75));
#2869 = VECTOR('',#2870,1.);
#2870 = DIRECTION('',(1.,0.,0.));
#2871 = PCURVE('',#2668,#2872);
#2872 = DEFINITIONAL_REPRESENTATION('',(#2873),#2877);
#2873 = LINE('',#2874,#2875);
#2874 = CARTESIAN_POINT('',(0.,0.));
#2875 = VECTOR('',#2876,1.);
#2876 = DIRECTION('',(0.,1.));
#2877 = ( GEOMETRIC_REPRESENTATION_CONTEXT(2) 
PARAMETRIC_REPRESENTATION_CONTEXT() REPRESENTATION_CONTEXT('2D SPACE',''
  ) );
#2878 = PCURVE('',#2696,#2879);
#2879 = DEFINITIONAL_REPRESENTATION('',(#2880),#2884);
#2880 = LINE('',#2881,#2882);
#2881 = CARTESIAN_POINT('',(0.,0.));
#2882 = VECTOR('',#2883,1.);
#2883 = DIRECTION('',(1.,0.));
#2884 = ( GEOMETRIC_REPRESENTATION_CONTEXT(2) 
PARAMETRIC_REPRESENTATION_CONTEXT() REPRESENTATION_CONTEXT('2D SPACE',''
  ) );
#2885 = ORIENTED_EDGE('',*,*,#2645,.T.);
#2886 = ORIENTED_EDGE('',*,*,#2887,.T.);
#2887 = EDGE_CURVE('',#2648,#2768,#2888,.T.);
#2888 = SURFACE_CURVE('',#2889,(#2893,#2900),.PCURVE_S1.);
#2889 = LINE('',#2890,#2891);
#2890 = CARTESIAN_POINT('',(2.74,-0.75,17.25));
#2891 = VECTOR('',#2892,1.);
#2892 = DIRECTION('',(1.,0.,0.));
#2893 = PCURVE('',#2668,#2894);
#2894 = DEFINITIONAL_REPRESENTATION('',(#2895),#2899);
#2895 = LINE('',#2896,#2897);
#2896 = CARTESIAN_POINT('',(1.5,0.));
#2897 = VECTOR('',#2898,1.);
#2898 = DIRECTION('',(0.,1.));
#2899 = ( GEOMETRIC_REPRESENTATION_CONTEXT(2) 
PARAMETRIC_REPRESENTATION_CONTEXT() REPRESENTATION_CONTEXT('2D SPACE',''
  ) );
#2900 = PCURVE('',#2750,#2901);
#2901 = DEFINITIONAL_REPRESENTATION('',(#2902),#2906);
#2902 = LINE('',#2903,#2904);
#2903 = CARTESIAN_POINT('',(0.,0.));
#2904 = VECTOR('',#2905,1.);
#2905 = DIRECTION('',(1.,0.));
#2906 = ( GEOMETRIC_REPRESENTATION_CONTEXT(2) 
PARAMETRIC_REPRESENTATION_CONTEXT() REPRESENTATION_CONTEXT('2D SPACE',''
  ) );
#2907 = ORIENTED_EDGE('',*,*,#2765,.F.);
#2908 = ADVANCED_FACE('',(#2909),#2724,.T.);
#2909 = FACE_BOUND('',#2910,.T.);
#2910 = EDGE_LOOP('',(#2911,#2932,#2933,#2954));
#2911 = ORIENTED_EDGE('',*,*,#2912,.F.);
#2912 = EDGE_CURVE('',#2681,#2796,#2913,.T.);
#2913 = SURFACE_CURVE('',#2914,(#2918,#2925),.PCURVE_S1.);
#2914 = LINE('',#2915,#2916);
#2915 = CARTESIAN_POINT('',(2.74,0.75,15.75));
#2916 = VECTOR('',#2917,1.);
#2917 = DIRECTION('',(1.,0.,0.));
#2918 = PCURVE('',#2724,#2919);
#2919 = DEFINITIONAL_REPRESENTATION('',(#2920),#2924);
#2920 = LINE('',#2921,#2922);
#2921 = CARTESIAN_POINT('',(0.,0.));
#2922 = VECTOR('',#2923,1.);
#2923 = DIRECTION('',(0.,1.));
#2924 = ( GEOMETRIC_REPRESENTATION_CONTEXT(2) 
PARAMETRIC_REPRESENTATION_CONTEXT() REPRESENTATION_CONTEXT('2D SPACE',''
  ) );
#2925 = PCURVE('',#2696,#2926);
#2926 = DEFINITIONAL_REPRESENTATION('',(#2927),#2931);
#2927 = LINE('',#2928,#2929);
#2928 = CARTESIAN_POINT('',(0.,1.5));
#2929 = VECTOR('',#2930,1.);
#2930 = DIRECTION('',(1.,0.));
#2931 = ( GEOMETRIC_REPRESENTATION_CONTEXT(2) 
PARAMETRIC_REPRESENTATION_CONTEXT() REPRESENTATION_CONTEXT('2D SPACE',''
  ) );
#2932 = ORIENTED_EDGE('',*,*,#2708,.T.);
#2933 = ORIENTED_EDGE('',*,*,#2934,.T.);
#2934 = EDGE_CURVE('',#2709,#2819,#2935,.T.);
#2935 = SURFACE_CURVE('',#2936,(#2940,#2947),.PCURVE_S1.);
#2936 = LINE('',#2937,#2938);
#2937 = CARTESIAN_POINT('',(2.74,0.75,17.25));
#2938 = VECTOR('',#2939,1.);
#2939 = DIRECTION('',(1.,0.,0.));
#2940 = PCURVE('',#2724,#2941);
#2941 = DEFINITIONAL_REPRESENTATION('',(#2942),#2946);
#2942 = LINE('',#2943,#2944);
#2943 = CARTESIAN_POINT('',(1.5,0.));
#2944 = VECTOR('',#2945,1.);
#2945 = DIRECTION('',(0.,1.));
#2946 = ( GEOMETRIC_REPRESENTATION_CONTEXT(2) 
PARAMETRIC_REPRESENTATION_CONTEXT() REPRESENTATION_CONTEXT('2D SPACE',''
  ) );
#2947 = PCURVE('',#2750,#2948);
#2948 = DEFINITIONAL_REPRESENTATION('',(#2949),#2953);
#2949 = LINE('',#2950,#2951);
#2950 = CARTESIAN_POINT('',(0.,1.5));
#2951 = VECTOR('',#2952,1.);
#2952 = DIRECTION('',(1.,0.));
#2953 = ( GEOMETRIC_REPRESENTATION_CONTEXT(2) 
PARAMETRIC_REPRESENTATION_CONTEXT() REPRESENTATION_CONTEXT('2D SPACE',''
  ) );
#2954 = ORIENTED_EDGE('',*,*,#2818,.F.);
#2955 = ADVANCED_FACE('',(#2956),#2696,.F.);
#2956 = FACE_BOUND('',#2957,.F.);
#2957 = EDGE_LOOP('',(#2958,#2959,#2960,#2961));
#2958 = ORIENTED_EDGE('',*,*,#2680,.F.);
#2959 = ORIENTED_EDGE('',*,*,#2865,.T.);
#2960 = ORIENTED_EDGE('',*,*,#2795,.T.);
#2961 = ORIENTED_EDGE('',*,*,#2912,.F.);
#2962 = ADVANCED_FACE('',(#2963),#2750,.T.);
#2963 = FACE_BOUND('',#2964,.T.);
#2964 = EDGE_LOOP('',(#2965,#2966,#2967,#2968));
#2965 = ORIENTED_EDGE('',*,*,#2736,.F.);
#2966 = ORIENTED_EDGE('',*,*,#2887,.T.);
#2967 = ORIENTED_EDGE('',*,*,#2841,.T.);
#2968 = ORIENTED_EDGE('',*,*,#2934,.F.);
#2969 = ( GEOMETRIC_REPRESENTATION_CONTEXT(3) 
GLOBAL_UNCERTAINTY_ASSIGNED_CONTEXT((#2973)) 
GLOBAL_UNIT_ASSIGNED_CONTEXT((#2970,#2971,#2972)) REPRESENTATION_CONTEXT
('Context #1','3D Context with UNIT and UNCERTAINTY') );
#2970 = ( LENGTH_UNIT() NAMED_UNIT(*) SI_UNIT(.MILLI.,.METRE.) );
#2971 = ( NAMED_UNIT(*) PLANE_ANGLE_UNIT() SI_UNIT($,.RADIAN.) );
#2972 = ( NAMED_UNIT(*) SI_UNIT($,.STERADIAN.) SOLID_ANGLE_UNIT() );
#2973 = UNCERTAINTY_MEASURE_WITH_UNIT(LENGTH_MEASURE(1.E-07),#2970,
  'distance_accuracy_value','confusion accuracy');
#2974 = CONTEXT_DEPENDENT_SHAPE_REPRESENTATION(#2975,#2977);
#2975 = ( REPRESENTATION_RELATIONSHIP('','',#2638,#10) 
REPRESENTATION_RELATIONSHIP_WITH_TRANSFORMATION(#2976) 
SHAPE_REPRESENTATION_RELATIONSHIP() );
#2976 = ITEM_DEFINED_TRANSFORMATION('','',#11,#51);
#2977 = PRODUCT_DEFINITION_SHAPE('Placement','Placement of an item',
  #2978);
#2978 = NEXT_ASSEMBLY_USAGE_OCCURRENCE('10','hall_3d_nose','',#5,#2633,$
  );
#2979 = PRODUCT_RELATED_PRODUCT_CATEGORY('part',$,(#2635));
#2980 = SHAPE_DEFINITION_REPRESENTATION(#2981,#2987);
#2981 = PRODUCT_DEFINITION_SHAPE('','',#2982);
#2982 = PRODUCT_DEFINITION('design','',#2983,#2986);
#2983 = PRODUCT_DEFINITION_FORMATION('','',#2984);
#2984 = PRODUCT('optical_sensor','optical_sensor','',(#2985));
#2985 = PRODUCT_CONTEXT('',#2,'mechanical');
#2986 = PRODUCT_DEFINITION_CONTEXT('part definition',#2,'design');
#2987 = ADVANCED_BREP_SHAPE_REPRESENTATION('',(#11,#2988),#3318);
#2988 = MANIFOLD_SOLID_BREP('',#2989);
#2989 = CLOSED_SHELL('',(#2990,#3110,#3210,#3257,#3304,#3311));
#2990 = ADVANCED_FACE('',(#2991),#3005,.F.);
#2991 = FACE_BOUND('',#2992,.F.);
#2992 = EDGE_LOOP('',(#2993,#3028,#3056,#3084));
#2993 = ORIENTED_EDGE('',*,*,#2994,.F.);
#2994 = EDGE_CURVE('',#2995,#2997,#2999,.T.);
#2995 = VERTEX_POINT('',#2996);
#2996 = CARTESIAN_POINT('',(-0.8,-3.025700588261,12.2));
#2997 = VERTEX_POINT('',#2998);
#2998 = CARTESIAN_POINT('',(-0.8,-3.025700588261,13.8));
#2999 = SURFACE_CURVE('',#3000,(#3004,#3016),.PCURVE_S1.);
#3000 = LINE('',#3001,#3002);
#3001 = CARTESIAN_POINT('',(-0.8,-3.025700588261,12.2));
#3002 = VECTOR('',#3003,1.);
#3003 = DIRECTION('',(0.,0.,1.));
#3004 = PCURVE('',#3005,#3010);
#3005 = PLANE('',#3006);
#3006 = AXIS2_PLACEMENT_3D('',#3007,#3008,#3009);
#3007 = CARTESIAN_POINT('',(-0.8,-3.025700588261,12.2));
#3008 = DIRECTION('',(1.,0.,0.));
#3009 = DIRECTION('',(0.,0.,1.));
#3010 = DEFINITIONAL_REPRESENTATION('',(#3011),#3015);
#3011 = LINE('',#3012,#3013);
#3012 = CARTESIAN_POINT('',(0.,0.));
#3013 = VECTOR('',#3014,1.);
#3014 = DIRECTION('',(1.,0.));
#3015 = ( GEOMETRIC_REPRESENTATION_CONTEXT(2) 
PARAMETRIC_REPRESENTATION_CONTEXT() REPRESENTATION_CONTEXT('2D SPACE',''
  ) );
#3016 = PCURVE('',#3017,#3022);
#3017 = PLANE('',#3018);
#3018 = AXIS2_PLACEMENT_3D('',#3019,#3020,#3021);
#3019 = CARTESIAN_POINT('',(-0.8,-3.025700588261,12.2));
#3020 = DIRECTION('',(0.,1.,0.));
#3021 = DIRECTION('',(0.,0.,1.));
#3022 = DEFINITIONAL_REPRESENTATION('',(#3023),#3027);
#3023 = LINE('',#3024,#3025);
#3024 = CARTESIAN_POINT('',(0.,0.));
#3025 = VECTOR('',#3026,1.);
#3026 = DIRECTION('',(1.,0.));
#3027 = ( GEOMETRIC_REPRESENTATION_CONTEXT(2) 
PARAMETRIC_REPRESENTATION_CONTEXT() REPRESENTATION_CONTEXT('2D SPACE',''
  ) );
#3028 = ORIENTED_EDGE('',*,*,#3029,.T.);
#3029 = EDGE_CURVE('',#2995,#3030,#3032,.T.);
#3030 = VERTEX_POINT('',#3031);
#3031 = CARTESIAN_POINT('',(-0.8,-2.325700588261,12.2));
#3032 = SURFACE_CURVE('',#3033,(#3037,#3044),.PCURVE_S1.);
#3033 = LINE('',#3034,#3035);
#3034 = CARTESIAN_POINT('',(-0.8,-3.025700588261,12.2));
#3035 = VECTOR('',#3036,1.);
#3036 = DIRECTION('',(0.,1.,0.));
#3037 = PCURVE('',#3005,#3038);
#3038 = DEFINITIONAL_REPRESENTATION('',(#3039),#3043);
#3039 = LINE('',#3040,#3041);
#3040 = CARTESIAN_POINT('',(0.,0.));
#3041 = VECTOR('',#3042,1.);
#3042 = DIRECTION('',(0.,-1.));
#3043 = ( GEOMETRIC_REPRESENTATION_CONTEXT(2) 
PARAMETRIC_REPRESENTATION_CONTEXT() REPRESENTATION_CONTEXT('2D SPACE',''
  ) );
#3044 = PCURVE('',#3045,#3050);
#3045 = PLANE('',#3046);
#3046 = AXIS2_PLACEMENT_3D('',#3047,#3048,#3049);
#3047 = CARTESIAN_POINT('',(-0.8,-3.025700588261,12.2));
#3048 = DIRECTION('',(0.,0.,1.));
#3049 = DIRECTION('',(1.,0.,0.));
#3050 = DEFINITIONAL_REPRESENTATION('',(#3051),#3055);
#3051 = LINE('',#3052,#3053);
#3052 = CARTESIAN_POINT('',(0.,0.));
#3053 = VECTOR('',#3054,1.);
#3054 = DIRECTION('',(0.,1.));
#3055 = ( GEOMETRIC_REPRESENTATION_CONTEXT(2) 
PARAMETRIC_REPRESENTATION_CONTEXT() REPRESENTATION_CONTEXT('2D SPACE',''
  ) );
#3056 = ORIENTED_EDGE('',*,*,#3057,.T.);
#3057 = EDGE_CURVE('',#3030,#3058,#3060,.T.);
#3058 = VERTEX_POINT('',#3059);
#3059 = CARTESIAN_POINT('',(-0.8,-2.325700588261,13.8));
#3060 = SURFACE_CURVE('',#3061,(#3065,#3072),.PCURVE_S1.);
#3061 = LINE('',#3062,#3063);
#3062 = CARTESIAN_POINT('',(-0.8,-2.325700588261,12.2));
#3063 = VECTOR('',#3064,1.);
#3064 = DIRECTION('',(0.,0.,1.));
#3065 = PCURVE('',#3005,#3066);
#3066 = DEFINITIONAL_REPRESENTATION('',(#3067),#3071);
#3067 = LINE('',#3068,#3069);
#3068 = CARTESIAN_POINT('',(0.,-0.7));
#3069 = VECTOR('',#3070,1.);
#3070 = DIRECTION('',(1.,0.));
#3071 = ( GEOMETRIC_REPRESENTATION_CONTEXT(2) 
PARAMETRIC_REPRESENTATION_CONTEXT() REPRESENTATION_CONTEXT('2D SPACE',''
  ) );
#3072 = PCURVE('',#3073,#3078);
#3073 = PLANE('',#3074);
#3074 = AXIS2_PLACEMENT_3D('',#3075,#3076,#3077);
#3075 = CARTESIAN_POINT('',(-0.8,-2.325700588261,12.2));
#3076 = DIRECTION('',(0.,1.,0.));
#3077 = DIRECTION('',(0.,0.,1.));
#3078 = DEFINITIONAL_REPRESENTATION('',(#3079),#3083);
#3079 = LINE('',#3080,#3081);
#3080 = CARTESIAN_POINT('',(0.,0.));
#3081 = VECTOR('',#3082,1.);
#3082 = DIRECTION('',(1.,0.));
#3083 = ( GEOMETRIC_REPRESENTATION_CONTEXT(2) 
PARAMETRIC_REPRESENTATION_CONTEXT() REPRESENTATION_CONTEXT('2D SPACE',''
  ) );
#3084 = ORIENTED_EDGE('',*,*,#3085,.F.);
#3085 = EDGE_CURVE('',#2997,#3058,#3086,.T.);
#3086 = SURFACE_CURVE('',#3087,(#3091,#3098),.PCURVE_S1.);
#3087 = LINE('',#3088,#3089);
#3088 = CARTESIAN_POINT('',(-0.8,-3.025700588261,13.8));
#3089 = VECTOR('',#3090,1.);
#3090 = DIRECTION('',(0.,1.,0.));
#3091 = PCURVE('',#3005,#3092);
#3092 = DEFINITIONAL_REPRESENTATION('',(#3093),#3097);
#3093 = LINE('',#3094,#3095);
#3094 = CARTESIAN_POINT('',(1.6,0.));
#3095 = VECTOR('',#3096,1.);
#3096 = DIRECTION('',(0.,-1.));
#3097 = ( GEOMETRIC_REPRESENTATION_CONTEXT(2) 
PARAMETRIC_REPRESENTATION_CONTEXT() REPRESENTATION_CONTEXT('2D SPACE',''
  ) );
#3098 = PCURVE('',#3099,#3104);
#3099 = PLANE('',#3100);
#3100 = AXIS2_PLACEMENT_3D('',#3101,#3102,#3103);
#3101 = CARTESIAN_POINT('',(-0.8,-3.025700588261,13.8));
#3102 = DIRECTION('',(0.,0.,1.));
#3103 = DIRECTION('',(1.,0.,0.));
#3104 = DEFINITIONAL_REPRESENTATION('',(#3105),#3109);
#3105 = LINE('',#3106,#3107);
#3106 = CARTESIAN_POINT('',(0.,0.));
#3107 = VECTOR('',#3108,1.);
#3108 = DIRECTION('',(0.,1.));
#3109 = ( GEOMETRIC_REPRESENTATION_CONTEXT(2) 
PARAMETRIC_REPRESENTATION_CONTEXT() REPRESENTATION_CONTEXT('2D SPACE',''
  ) );
#3110 = ADVANCED_FACE('',(#3111),#3125,.T.);
#3111 = FACE_BOUND('',#3112,.T.);
#3112 = EDGE_LOOP('',(#3113,#3143,#3166,#3189));
#3113 = ORIENTED_EDGE('',*,*,#3114,.F.);
#3114 = EDGE_CURVE('',#3115,#3117,#3119,.T.);
#3115 = VERTEX_POINT('',#3116);
#3116 = CARTESIAN_POINT('',(0.8,-3.025700588261,12.2));
#3117 = VERTEX_POINT('',#3118);
#3118 = CARTESIAN_POINT('',(0.8,-3.025700588261,13.8));
#3119 = SURFACE_CURVE('',#3120,(#3124,#3136),.PCURVE_S1.);
#3120 = LINE('',#3121,#3122);
#3121 = CARTESIAN_POINT('',(0.8,-3.025700588261,12.2));
#3122 = VECTOR('',#3123,1.);
#3123 = DIRECTION('',(0.,0.,1.));
#3124 = PCURVE('',#3125,#3130);
#3125 = PLANE('',#3126);
#3126 = AXIS2_PLACEMENT_3D('',#3127,#3128,#3129);
#3127 = CARTESIAN_POINT('',(0.8,-3.025700588261,12.2));
#3128 = DIRECTION('',(1.,0.,0.));
#3129 = DIRECTION('',(0.,0.,1.));
#3130 = DEFINITIONAL_REPRESENTATION('',(#3131),#3135);
#3131 = LINE('',#3132,#3133);
#3132 = CARTESIAN_POINT('',(0.,0.));
#3133 = VECTOR('',#3134,1.);
#3134 = DIRECTION('',(1.,0.));
#3135 = ( GEOMETRIC_REPRESENTATION_CONTEXT(2) 
PARAMETRIC_REPRESENTATION_CONTEXT() REPRESENTATION_CONTEXT('2D SPACE',''
  ) );
#3136 = PCURVE('',#3017,#3137);
#3137 = DEFINITIONAL_REPRESENTATION('',(#3138),#3142);
#3138 = LINE('',#3139,#3140);
#3139 = CARTESIAN_POINT('',(0.,1.6));
#3140 = VECTOR('',#3141,1.);
#3141 = DIRECTION('',(1.,0.));
#3142 = ( GEOMETRIC_REPRESENTATION_CONTEXT(2) 
PARAMETRIC_REPRESENTATION_CONTEXT() REPRESENTATION_CONTEXT('2D SPACE',''
  ) );
#3143 = ORIENTED_EDGE('',*,*,#3144,.T.);
#3144 = EDGE_CURVE('',#3115,#3145,#3147,.T.);
#3145 = VERTEX_POINT('',#3146);
#3146 = CARTESIAN_POINT('',(0.8,-2.325700588261,12.2));
#3147 = SURFACE_CURVE('',#3148,(#3152,#3159),.PCURVE_S1.);
#3148 = LINE('',#3149,#3150);
#3149 = CARTESIAN_POINT('',(0.8,-3.025700588261,12.2));
#3150 = VECTOR('',#3151,1.);
#3151 = DIRECTION('',(0.,1.,0.));
#3152 = PCURVE('',#3125,#3153);
#3153 = DEFINITIONAL_REPRESENTATION('',(#3154),#3158);
#3154 = LINE('',#3155,#3156);
#3155 = CARTESIAN_POINT('',(0.,0.));
#3156 = VECTOR('',#3157,1.);
#3157 = DIRECTION('',(0.,-1.));
#3158 = ( GEOMETRIC_REPRESENTATION_CONTEXT(2) 
PARAMETRIC_REPRESENTATION_CONTEXT() REPRESENTATION_CONTEXT('2D SPACE',''
  ) );
#3159 = PCURVE('',#3045,#3160);
#3160 = DEFINITIONAL_REPRESENTATION('',(#3161),#3165);
#3161 = LINE('',#3162,#3163);
#3162 = CARTESIAN_POINT('',(1.6,0.));
#3163 = VECTOR('',#3164,1.);
#3164 = DIRECTION('',(0.,1.));
#3165 = ( GEOMETRIC_REPRESENTATION_CONTEXT(2) 
PARAMETRIC_REPRESENTATION_CONTEXT() REPRESENTATION_CONTEXT('2D SPACE',''
  ) );
#3166 = ORIENTED_EDGE('',*,*,#3167,.T.);
#3167 = EDGE_CURVE('',#3145,#3168,#3170,.T.);
#3168 = VERTEX_POINT('',#3169);
#3169 = CARTESIAN_POINT('',(0.8,-2.325700588261,13.8));
#3170 = SURFACE_CURVE('',#3171,(#3175,#3182),.PCURVE_S1.);
#3171 = LINE('',#3172,#3173);
#3172 = CARTESIAN_POINT('',(0.8,-2.325700588261,12.2));
#3173 = VECTOR('',#3174,1.);
#3174 = DIRECTION('',(0.,0.,1.));
#3175 = PCURVE('',#3125,#3176);
#3176 = DEFINITIONAL_REPRESENTATION('',(#3177),#3181);
#3177 = LINE('',#3178,#3179);
#3178 = CARTESIAN_POINT('',(0.,-0.7));
#3179 = VECTOR('',#3180,1.);
#3180 = DIRECTION('',(1.,0.));
#3181 = ( GEOMETRIC_REPRESENTATION_CONTEXT(2) 
PARAMETRIC_REPRESENTATION_CONTEXT() REPRESENTATION_CONTEXT('2D SPACE',''
  ) );
#3182 = PCURVE('',#3073,#3183);
#3183 = DEFINITIONAL_REPRESENTATION('',(#3184),#3188);
#3184 = LINE('',#3185,#3186);
#3185 = CARTESIAN_POINT('',(0.,1.6));
#3186 = VECTOR('',#3187,1.);
#3187 = DIRECTION('',(1.,0.));
#3188 = ( GEOMETRIC_REPRESENTATION_CONTEXT(2) 
PARAMETRIC_REPRESENTATION_CONTEXT() REPRESENTATION_CONTEXT('2D SPACE',''
  ) );
#3189 = ORIENTED_EDGE('',*,*,#3190,.F.);
#3190 = EDGE_CURVE('',#3117,#3168,#3191,.T.);
#3191 = SURFACE_CURVE('',#3192,(#3196,#3203),.PCURVE_S1.);
#3192 = LINE('',#3193,#3194);
#3193 = CARTESIAN_POINT('',(0.8,-3.025700588261,13.8));
#3194 = VECTOR('',#3195,1.);
#3195 = DIRECTION('',(0.,1.,0.));
#3196 = PCURVE('',#3125,#3197);
#3197 = DEFINITIONAL_REPRESENTATION('',(#3198),#3202);
#3198 = LINE('',#3199,#3200);
#3199 = CARTESIAN_POINT('',(1.6,0.));
#3200 = VECTOR('',#3201,1.);
#3201 = DIRECTION('',(0.,-1.));
#3202 = ( GEOMETRIC_REPRESENTATION_CONTEXT(2) 
PARAMETRIC_REPRESENTATION_CONTEXT() REPRESENTATION_CONTEXT('2D SPACE',''
  ) );
#3203 = PCURVE('',#3099,#3204);
#3204 = DEFINITIONAL_REPRESENTATION('',(#3205),#3209);
#3205 = LINE('',#3206,#3207);
#3206 = CARTESIAN_POINT('',(1.6,0.));
#3207 = VECTOR('',#3208,1.);
#3208 = DIRECTION('',(0.,1.));
#3209 = ( GEOMETRIC_REPRESENTATION_CONTEXT(2) 
PARAMETRIC_REPRESENTATION_CONTEXT() REPRESENTATION_CONTEXT('2D SPACE',''
  ) );
#3210 = ADVANCED_FACE('',(#3211),#3017,.F.);
#3211 = FACE_BOUND('',#3212,.F.);
#3212 = EDGE_LOOP('',(#3213,#3234,#3235,#3256));
#3213 = ORIENTED_EDGE('',*,*,#3214,.F.);
#3214 = EDGE_CURVE('',#2995,#3115,#3215,.T.);
#3215 = SURFACE_CURVE('',#3216,(#3220,#3227),.PCURVE_S1.);
#3216 = LINE('',#3217,#3218);
#3217 = CARTESIAN_POINT('',(-0.8,-3.025700588261,12.2));
#3218 = VECTOR('',#3219,1.);
#3219 = DIRECTION('',(1.,0.,0.));
#3220 = PCURVE('',#3017,#3221);
#3221 = DEFINITIONAL_REPRESENTATION('',(#3222),#3226);
#3222 = LINE('',#3223,#3224);
#3223 = CARTESIAN_POINT('',(0.,0.));
#3224 = VECTOR('',#3225,1.);
#3225 = DIRECTION('',(0.,1.));
#3226 = ( GEOMETRIC_REPRESENTATION_CONTEXT(2) 
PARAMETRIC_REPRESENTATION_CONTEXT() REPRESENTATION_CONTEXT('2D SPACE',''
  ) );
#3227 = PCURVE('',#3045,#3228);
#3228 = DEFINITIONAL_REPRESENTATION('',(#3229),#3233);
#3229 = LINE('',#3230,#3231);
#3230 = CARTESIAN_POINT('',(0.,0.));
#3231 = VECTOR('',#3232,1.);
#3232 = DIRECTION('',(1.,0.));
#3233 = ( GEOMETRIC_REPRESENTATION_CONTEXT(2) 
PARAMETRIC_REPRESENTATION_CONTEXT() REPRESENTATION_CONTEXT('2D SPACE',''
  ) );
#3234 = ORIENTED_EDGE('',*,*,#2994,.T.);
#3235 = ORIENTED_EDGE('',*,*,#3236,.T.);
#3236 = EDGE_CURVE('',#2997,#3117,#3237,.T.);
#3237 = SURFACE_CURVE('',#3238,(#3242,#3249),.PCURVE_S1.);
#3238 = LINE('',#3239,#3240);
#3239 = CARTESIAN_POINT('',(-0.8,-3.025700588261,13.8));
#3240 = VECTOR('',#3241,1.);
#3241 = DIRECTION('',(1.,0.,0.));
#3242 = PCURVE('',#3017,#3243);
#3243 = DEFINITIONAL_REPRESENTATION('',(#3244),#3248);
#3244 = LINE('',#3245,#3246);
#3245 = CARTESIAN_POINT('',(1.6,0.));
#3246 = VECTOR('',#3247,1.);
#3247 = DIRECTION('',(0.,1.));
#3248 = ( GEOMETRIC_REPRESENTATION_CONTEXT(2) 
PARAMETRIC_REPRESENTATION_CONTEXT() REPRESENTATION_CONTEXT('2D SPACE',''
  ) );
#3249 = PCURVE('',#3099,#3250);
#3250 = DEFINITIONAL_REPRESENTATION('',(#3251),#3255);
#3251 = LINE('',#3252,#3253);
#3252 = CARTESIAN_POINT('',(0.,0.));
#3253 = VECTOR('',#3254,1.);
#3254 = DIRECTION('',(1.,0.));
#3255 = ( GEOMETRIC_REPRESENTATION_CONTEXT(2) 
PARAMETRIC_REPRESENTATION_CONTEXT() REPRESENTATION_CONTEXT('2D SPACE',''
  ) );
#3256 = ORIENTED_EDGE('',*,*,#3114,.F.);
#3257 = ADVANCED_FACE('',(#3258),#3073,.T.);
#3258 = FACE_BOUND('',#3259,.T.);
#3259 = EDGE_LOOP('',(#3260,#3281,#3282,#3303));
#3260 = ORIENTED_EDGE('',*,*,#3261,.F.);
#3261 = EDGE_CURVE('',#3030,#3145,#3262,.T.);
#3262 = SURFACE_CURVE('',#3263,(#3267,#3274),.PCURVE_S1.);
#3263 = LINE('',#3264,#3265);
#3264 = CARTESIAN_POINT('',(-0.8,-2.325700588261,12.2));
#3265 = VECTOR('',#3266,1.);
#3266 = DIRECTION('',(1.,0.,0.));
#3267 = PCURVE('',#3073,#3268);
#3268 = DEFINITIONAL_REPRESENTATION('',(#3269),#3273);
#3269 = LINE('',#3270,#3271);
#3270 = CARTESIAN_POINT('',(0.,0.));
#3271 = VECTOR('',#3272,1.);
#3272 = DIRECTION('',(0.,1.));
#3273 = ( GEOMETRIC_REPRESENTATION_CONTEXT(2) 
PARAMETRIC_REPRESENTATION_CONTEXT() REPRESENTATION_CONTEXT('2D SPACE',''
  ) );
#3274 = PCURVE('',#3045,#3275);
#3275 = DEFINITIONAL_REPRESENTATION('',(#3276),#3280);
#3276 = LINE('',#3277,#3278);
#3277 = CARTESIAN_POINT('',(0.,0.7));
#3278 = VECTOR('',#3279,1.);
#3279 = DIRECTION('',(1.,0.));
#3280 = ( GEOMETRIC_REPRESENTATION_CONTEXT(2) 
PARAMETRIC_REPRESENTATION_CONTEXT() REPRESENTATION_CONTEXT('2D SPACE',''
  ) );
#3281 = ORIENTED_EDGE('',*,*,#3057,.T.);
#3282 = ORIENTED_EDGE('',*,*,#3283,.T.);
#3283 = EDGE_CURVE('',#3058,#3168,#3284,.T.);
#3284 = SURFACE_CURVE('',#3285,(#3289,#3296),.PCURVE_S1.);
#3285 = LINE('',#3286,#3287);
#3286 = CARTESIAN_POINT('',(-0.8,-2.325700588261,13.8));
#3287 = VECTOR('',#3288,1.);
#3288 = DIRECTION('',(1.,0.,0.));
#3289 = PCURVE('',#3073,#3290);
#3290 = DEFINITIONAL_REPRESENTATION('',(#3291),#3295);
#3291 = LINE('',#3292,#3293);
#3292 = CARTESIAN_POINT('',(1.6,0.));
#3293 = VECTOR('',#3294,1.);
#3294 = DIRECTION('',(0.,1.));
#3295 = ( GEOMETRIC_REPRESENTATION_CONTEXT(2) 
PARAMETRIC_REPRESENTATION_CONTEXT() REPRESENTATION_CONTEXT('2D SPACE',''
  ) );
#3296 = PCURVE('',#3099,#3297);
#3297 = DEFINITIONAL_REPRESENTATION('',(#3298),#3302);
#3298 = LINE('',#3299,#3300);
#3299 = CARTESIAN_POINT('',(0.,0.7));
#3300 = VECTOR('',#3301,1.);
#3301 = DIRECTION('',(1.,0.));
#3302 = ( GEOMETRIC_REPRESENTATION_CONTEXT(2) 
PARAMETRIC_REPRESENTATION_CONTEXT() REPRESENTATION_CONTEXT('2D SPACE',''
  ) );
#3303 = ORIENTED_EDGE('',*,*,#3167,.F.);
#3304 = ADVANCED_FACE('',(#3305),#3045,.F.);
#3305 = FACE_BOUND('',#3306,.F.);
#3306 = EDGE_LOOP('',(#3307,#3308,#3309,#3310));
#3307 = ORIENTED_EDGE('',*,*,#3029,.F.);
#3308 = ORIENTED_EDGE('',*,*,#3214,.T.);
#3309 = ORIENTED_EDGE('',*,*,#3144,.T.);
#3310 = ORIENTED_EDGE('',*,*,#3261,.F.);
#3311 = ADVANCED_FACE('',(#3312),#3099,.T.);
#3312 = FACE_BOUND('',#3313,.T.);
#3313 = EDGE_LOOP('',(#3314,#3315,#3316,#3317));
#3314 = ORIENTED_EDGE('',*,*,#3085,.F.);
#3315 = ORIENTED_EDGE('',*,*,#3236,.T.);
#3316 = ORIENTED_EDGE('',*,*,#3190,.T.);
#3317 = ORIENTED_EDGE('',*,*,#3283,.F.);
#3318 = ( GEOMETRIC_REPRESENTATION_CONTEXT(3) 
GLOBAL_UNCERTAINTY_ASSIGNED_CONTEXT((#3322)) 
GLOBAL_UNIT_ASSIGNED_CONTEXT((#3319,#3320,#3321)) REPRESENTATION_CONTEXT
('Context #1','3D Context with UNIT and UNCERTAINTY') );
#3319 = ( LENGTH_UNIT() NAMED_UNIT(*) SI_UNIT(.MILLI.,.METRE.) );
#3320 = ( NAMED_UNIT(*) PLANE_ANGLE_UNIT() SI_UNIT($,.RADIAN.) );
#3321 = ( NAMED_UNIT(*) SI_UNIT($,.STERADIAN.) SOLID_ANGLE_UNIT() );
#3322 = UNCERTAINTY_MEASURE_WITH_UNIT(LENGTH_MEASURE(1.E-07),#3319,
  'distance_accuracy_value','confusion accuracy');
#3323 = CONTEXT_DEPENDENT_SHAPE_REPRESENTATION(#3324,#3326);
#3324 = ( REPRESENTATION_RELATIONSHIP('','',#2987,#10) 
REPRESENTATION_RELATIONSHIP_WITH_TRANSFORMATION(#3325) 
SHAPE_REPRESENTATION_RELATIONSHIP() );
#3325 = ITEM_DEFINED_TRANSFORMATION('','',#11,#55);
#3326 = PRODUCT_DEFINITION_SHAPE('Placement','Placement of an item',
  #3327);
#3327 = NEXT_ASSEMBLY_USAGE_OCCURRENCE('11','optical_sensor','',#5,#2982
  ,$);
#3328 = PRODUCT_RELATED_PRODUCT_CATEGORY('part',$,(#2984));
#3329 = SHAPE_DEFINITION_REPRESENTATION(#3330,#3336);
#3330 = PRODUCT_DEFINITION_SHAPE('','',#3331);
#3331 = PRODUCT_DEFINITION('design','',#3332,#3335);
#3332 = PRODUCT_DEFINITION_FORMATION('','',#3333);
#3333 = PRODUCT('bender_x_neg','bender_x_neg','',(#3334));
#3334 = PRODUCT_CONTEXT('',#2,'mechanical');
#3335 = PRODUCT_DEFINITION_CONTEXT('part definition',#2,'design');
#3336 = ADVANCED_BREP_SHAPE_REPRESENTATION('',(#11,#3337),#3667);
#3337 = MANIFOLD_SOLID_BREP('',#3338);
#3338 = CLOSED_SHELL('',(#3339,#3459,#3559,#3606,#3653,#3660));
#3339 = ADVANCED_FACE('',(#3340),#3354,.F.);
#3340 = FACE_BOUND('',#3341,.F.);
#3341 = EDGE_LOOP('',(#3342,#3377,#3405,#3433));
#3342 = ORIENTED_EDGE('',*,*,#3343,.F.);
#3343 = EDGE_CURVE('',#3344,#3346,#3348,.T.);
#3344 = VERTEX_POINT('',#3345);
#3345 = CARTESIAN_POINT('',(-2.485,-1.3,19.));
#3346 = VERTEX_POINT('',#3347);
#3347 = CARTESIAN_POINT('',(-2.485,-1.3,55.));
#3348 = SURFACE_CURVE('',#3349,(#3353,#3365),.PCURVE_S1.);
#3349 = LINE('',#3350,#3351);
#3350 = CARTESIAN_POINT('',(-2.485,-1.3,19.));
#3351 = VECTOR('',#3352,1.);
#3352 = DIRECTION('',(0.,0.,1.));
#3353 = PCURVE('',#3354,#3359);
#3354 = PLANE('',#3355);
#3355 = AXIS2_PLACEMENT_3D('',#3356,#3357,#3358);
#3356 = CARTESIAN_POINT('',(-2.485,-1.3,19.));
#3357 = DIRECTION('',(1.,0.,0.));
#3358 = DIRECTION('',(0.,0.,1.));
#3359 = DEFINITIONAL_REPRESENTATION('',(#3360),#3364);
#3360 = LINE('',#3361,#3362);
#3361 = CARTESIAN_POINT('',(0.,0.));
#3362 = VECTOR('',#3363,1.);
#3363 = DIRECTION('',(1.,0.));
#3364 = ( GEOMETRIC_REPRESENTATION_CONTEXT(2) 
PARAMETRIC_REPRESENTATION_CONTEXT() REPRESENTATION_CONTEXT('2D SPACE',''
  ) );
#3365 = PCURVE('',#3366,#3371);
#3366 = PLANE('',#3367);
#3367 = AXIS2_PLACEMENT_3D('',#3368,#3369,#3370);
#3368 = CARTESIAN_POINT('',(-2.485,-1.3,19.));
#3369 = DIRECTION('',(0.,1.,0.));
#3370 = DIRECTION('',(0.,0.,1.));
#3371 = DEFINITIONAL_REPRESENTATION('',(#3372),#3376);
#3372 = LINE('',#3373,#3374);
#3373 = CARTESIAN_POINT('',(0.,0.));
#3374 = VECTOR('',#3375,1.);
#3375 = DIRECTION('',(1.,0.));
#3376 = ( GEOMETRIC_REPRESENTATION_CONTEXT(2) 
PARAMETRIC_REPRESENTATION_CONTEXT() REPRESENTATION_CONTEXT('2D SPACE',''
  ) );
#3377 = ORIENTED_EDGE('',*,*,#3378,.T.);
#3378 = EDGE_CURVE('',#3344,#3379,#3381,.T.);
#3379 = VERTEX_POINT('',#3380);
#3380 = CARTESIAN_POINT('',(-2.485,1.3,19.));
#3381 = SURFACE_CURVE('',#3382,(#3386,#3393),.PCURVE_S1.);
#3382 = LINE('',#3383,#3384);
#3383 = CARTESIAN_POINT('',(-2.485,-1.3,19.));
#3384 = VECTOR('',#3385,1.);
#3385 = DIRECTION('',(0.,1.,0.));
#3386 = PCURVE('',#3354,#3387);
#3387 = DEFINITIONAL_REPRESENTATION('',(#3388),#3392);
#3388 = LINE('',#3389,#3390);
#3389 = CARTESIAN_POINT('',(0.,0.));
#3390 = VECTOR('',#3391,1.);
#3391 = DIRECTION('',(0.,-1.));
#3392 = ( GEOMETRIC_REPRESENTATION_CONTEXT(2) 
PARAMETRIC_REPRESENTATION_CONTEXT() REPRESENTATION_CONTEXT('2D SPACE',''
  ) );
#3393 = PCURVE('',#3394,#3399);
#3394 = PLANE('',#3395);
#3395 = AXIS2_PLACEMENT_3D('',#3396,#3397,#3398);
#3396 = CARTESIAN_POINT('',(-2.485,-1.3,19.));
#3397 = DIRECTION('',(0.,0.,1.));
#3398 = DIRECTION('',(1.,0.,0.));
#3399 = DEFINITIONAL_REPRESENTATION('',(#3400),#3404);
#3400 = LINE('',#3401,#3402);
#3401 = CARTESIAN_POINT('',(0.,0.));
#3402 = VECTOR('',#3403,1.);
#3403 = DIRECTION('',(0.,1.));
#3404 = ( GEOMETRIC_REPRESENTATION_CONTEXT(2) 
PARAMETRIC_REPRESENTATION_CONTEXT() REPRESENTATION_CONTEXT('2D SPACE',''
  ) );
#3405 = ORIENTED_EDGE('',*,*,#3406,.T.);
#3406 = EDGE_CURVE('',#3379,#3407,#3409,.T.);
#3407 = VERTEX_POINT('',#3408);
#3408 = CARTESIAN_POINT('',(-2.485,1.3,55.));
#3409 = SURFACE_CURVE('',#3410,(#3414,#3421),.PCURVE_S1.);
#3410 = LINE('',#3411,#3412);
#3411 = CARTESIAN_POINT('',(-2.485,1.3,19.));
#3412 = VECTOR('',#3413,1.);
#3413 = DIRECTION('',(0.,0.,1.));
#3414 = PCURVE('',#3354,#3415);
#3415 = DEFINITIONAL_REPRESENTATION('',(#3416),#3420);
#3416 = LINE('',#3417,#3418);
#3417 = CARTESIAN_POINT('',(0.,-2.6));
#3418 = VECTOR('',#3419,1.);
#3419 = DIRECTION('',(1.,0.));
#3420 = ( GEOMETRIC_REPRESENTATION_CONTEXT(2) 
PARAMETRIC_REPRESENTATION_CONTEXT() REPRESENTATION_CONTEXT('2D SPACE',''
  ) );
#3421 = PCURVE('',#3422,#3427);
#3422 = PLANE('',#3423);
#3423 = AXIS2_PLACEMENT_3D('',#3424,#3425,#3426);
#3424 = CARTESIAN_POINT('',(-2.485,1.3,19.));
#3425 = DIRECTION('',(0.,1.,0.));
#3426 = DIRECTION('',(0.,0.,1.));
#3427 = DEFINITIONAL_REPRESENTATION('',(#3428),#3432);
#3428 = LINE('',#3429,#3430);
#3429 = CARTESIAN_POINT('',(0.,0.));
#3430 = VECTOR('',#3431,1.);
#3431 = DIRECTION('',(1.,0.));
#3432 = ( GEOMETRIC_REPRESENTATION_CONTEXT(2) 
PARAMETRIC_REPRESENTATION_CONTEXT() REPRESENTATION_CONTEXT('2D SPACE',''
  ) );
#3433 = ORIENTED_EDGE('',*,*,#3434,.F.);
#3434 = EDGE_CURVE('',#3346,#3407,#3435,.T.);
#3435 = SURFACE_CURVE('',#3436,(#3440,#3447),.PCURVE_S1.);
#3436 = LINE('',#3437,#3438);
#3437 = CARTESIAN_POINT('',(-2.485,-1.3,55.));
#3438 = VECTOR('',#3439,1.);
#3439 = DIRECTION('',(0.,1.,0.));
#3440 = PCURVE('',#3354,#3441);
#3441 = DEFINITIONAL_REPRESENTATION('',(#3442),#3446);
#3442 = LINE('',#3443,#3444);
#3443 = CARTESIAN_POINT('',(36.,0.));
#3444 = VECTOR('',#3445,1.);
#3445 = DIRECTION('',(0.,-1.));
#3446 = ( GEOMETRIC_REPRESENTATION_CONTEXT(2) 
PARAMETRIC_REPRESENTATION_CONTEXT() REPRESENTATION_CONTEXT('2D SPACE',''
  ) );
#3447 = PCURVE('',#3448,#3453);
#3448 = PLANE('',#3449);
#3449 = AXIS2_PLACEMENT_3D('',#3450,#3451,#3452);
#3450 = CARTESIAN_POINT('',(-2.485,-1.3,55.));
#3451 = DIRECTION('',(0.,0.,1.));
#3452 = DIRECTION('',(1.,0.,0.));
#3453 = DEFINITIONAL_REPRESENTATION('',(#3454),#3458);
#3454 = LINE('',#3455,#3456);
#3455 = CARTESIAN_POINT('',(0.,0.));
#3456 = VECTOR('',#3457,1.);
#3457 = DIRECTION('',(0.,1.));
#3458 = ( GEOMETRIC_REPRESENTATION_CONTEXT(2) 
PARAMETRIC_REPRESENTATION_CONTEXT() REPRESENTATION_CONTEXT('2D SPACE',''
  ) );
#3459 = ADVANCED_FACE('',(#3460),#3474,.T.);
#3460 = FACE_BOUND('',#3461,.T.);
#3461 = EDGE_LOOP('',(#3462,#3492,#3515,#3538));
#3462 = ORIENTED_EDGE('',*,*,#3463,.F.);
#3463 = EDGE_CURVE('',#3464,#3466,#3468,.T.);
#3464 = VERTEX_POINT('',#3465);
#3465 = CARTESIAN_POINT('',(-1.815,-1.3,19.));
#3466 = VERTEX_POINT('',#3467);
#3467 = CARTESIAN_POINT('',(-1.815,-1.3,55.));
#3468 = SURFACE_CURVE('',#3469,(#3473,#3485),.PCURVE_S1.);
#3469 = LINE('',#3470,#3471);
#3470 = CARTESIAN_POINT('',(-1.815,-1.3,19.));
#3471 = VECTOR('',#3472,1.);
#3472 = DIRECTION('',(0.,0.,1.));
#3473 = PCURVE('',#3474,#3479);
#3474 = PLANE('',#3475);
#3475 = AXIS2_PLACEMENT_3D('',#3476,#3477,#3478);
#3476 = CARTESIAN_POINT('',(-1.815,-1.3,19.));
#3477 = DIRECTION('',(1.,0.,0.));
#3478 = DIRECTION('',(0.,0.,1.));
#3479 = DEFINITIONAL_REPRESENTATION('',(#3480),#3484);
#3480 = LINE('',#3481,#3482);
#3481 = CARTESIAN_POINT('',(0.,0.));
#3482 = VECTOR('',#3483,1.);
#3483 = DIRECTION('',(1.,0.));
#3484 = ( GEOMETRIC_REPRESENTATION_CONTEXT(2) 
PARAMETRIC_REPRESENTATION_CONTEXT() REPRESENTATION_CONTEXT('2D SPACE',''
  ) );
#3485 = PCURVE('',#3366,#3486);
#3486 = DEFINITIONAL_REPRESENTATION('',(#3487),#3491);
#3487 = LINE('',#3488,#3489);
#3488 = CARTESIAN_POINT('',(0.,0.67));
#3489 = VECTOR('',#3490,1.);
#3490 = DIRECTION('',(1.,0.));
#3491 = ( GEOMETRIC_REPRESENTATION_CONTEXT(2) 
PARAMETRIC_REPRESENTATION_CONTEXT() REPRESENTATION_CONTEXT('2D SPACE',''
  ) );
#3492 = ORIENTED_EDGE('',*,*,#3493,.T.);
#3493 = EDGE_CURVE('',#3464,#3494,#3496,.T.);
#3494 = VERTEX_POINT('',#3495);
#3495 = CARTESIAN_POINT('',(-1.815,1.3,19.));
#3496 = SURFACE_CURVE('',#3497,(#3501,#3508),.PCURVE_S1.);
#3497 = LINE('',#3498,#3499);
#3498 = CARTESIAN_POINT('',(-1.815,-1.3,19.));
#3499 = VECTOR('',#3500,1.);
#3500 = DIRECTION('',(0.,1.,0.));
#3501 = PCURVE('',#3474,#3502);
#3502 = DEFINITIONAL_REPRESENTATION('',(#3503),#3507);
#3503 = LINE('',#3504,#3505);
#3504 = CARTESIAN_POINT('',(0.,0.));
#3505 = VECTOR('',#3506,1.);
#3506 = DIRECTION('',(0.,-1.));
#3507 = ( GEOMETRIC_REPRESENTATION_CONTEXT(2) 
PARAMETRIC_REPRESENTATION_CONTEXT() REPRESENTATION_CONTEXT('2D SPACE',''
  ) );
#3508 = PCURVE('',#3394,#3509);
#3509 = DEFINITIONAL_REPRESENTATION('',(#3510),#3514);
#3510 = LINE('',#3511,#3512);
#3511 = CARTESIAN_POINT('',(0.67,0.));
#3512 = VECTOR('',#3513,1.);
#3513 = DIRECTION('',(0.,1.));
#3514 = ( GEOMETRIC_REPRESENTATION_CONTEXT(2) 
PARAMETRIC_REPRESENTATION_CONTEXT() REPRESENTATION_CONTEXT('2D SPACE',''
  ) );
#3515 = ORIENTED_EDGE('',*,*,#3516,.T.);
#3516 = EDGE_CURVE('',#3494,#3517,#3519,.T.);
#3517 = VERTEX_POINT('',#3518);
#3518 = CARTESIAN_POINT('',(-1.815,1.3,55.));
#3519 = SURFACE_CURVE('',#3520,(#3524,#3531),.PCURVE_S1.);
#3520 = LINE('',#3521,#3522);
#3521 = CARTESIAN_POINT('',(-1.815,1.3,19.));
#3522 = VECTOR('',#3523,1.);
#3523 = DIRECTION('',(0.,0.,1.));
#3524 = PCURVE('',#3474,#3525);
#3525 = DEFINITIONAL_REPRESENTATION('',(#3526),#3530);
#3526 = LINE('',#3527,#3528);
#3527 = CARTESIAN_POINT('',(0.,-2.6));
#3528 = VECTOR('',#3529,1.);
#3529 = DIRECTION('',(1.,0.));
#3530 = ( GEOMETRIC_REPRESENTATION_CONTEXT(2) 
PARAMETRIC_REPRESENTATION_CONTEXT() REPRESENTATION_CONTEXT('2D SPACE',''
  ) );
#3531 = PCURVE('',#3422,#3532);
#3532 = DEFINITIONAL_REPRESENTATION('',(#3533),#3537);
#3533 = LINE('',#3534,#3535);
#3534 = CARTESIAN_POINT('',(0.,0.67));
#3535 = VECTOR('',#3536,1.);
#3536 = DIRECTION('',(1.,0.));
#3537 = ( GEOMETRIC_REPRESENTATION_CONTEXT(2) 
PARAMETRIC_REPRESENTATION_CONTEXT() REPRESENTATION_CONTEXT('2D SPACE',''
  ) );
#3538 = ORIENTED_EDGE('',*,*,#3539,.F.);
#3539 = EDGE_CURVE('',#3466,#3517,#3540,.T.);
#3540 = SURFACE_CURVE('',#3541,(#3545,#3552),.PCURVE_S1.);
#3541 = LINE('',#3542,#3543);
#3542 = CARTESIAN_POINT('',(-1.815,-1.3,55.));
#3543 = VECTOR('',#3544,1.);
#3544 = DIRECTION('',(0.,1.,0.));
#3545 = PCURVE('',#3474,#3546);
#3546 = DEFINITIONAL_REPRESENTATION('',(#3547),#3551);
#3547 = LINE('',#3548,#3549);
#3548 = CARTESIAN_POINT('',(36.,0.));
#3549 = VECTOR('',#3550,1.);
#3550 = DIRECTION('',(0.,-1.));
#3551 = ( GEOMETRIC_REPRESENTATION_CONTEXT(2) 
PARAMETRIC_REPRESENTATION_CONTEXT() REPRESENTATION_CONTEXT('2D SPACE',''
  ) );
#3552 = PCURVE('',#3448,#3553);
#3553 = DEFINITIONAL_REPRESENTATION('',(#3554),#3558);
#3554 = LINE('',#3555,#3556);
#3555 = CARTESIAN_POINT('',(0.67,0.));
#3556 = VECTOR('',#3557,1.);
#3557 = DIRECTION('',(0.,1.));
#3558 = ( GEOMETRIC_REPRESENTATION_CONTEXT(2) 
PARAMETRIC_REPRESENTATION_CONTEXT() REPRESENTATION_CONTEXT('2D SPACE',''
  ) );
#3559 = ADVANCED_FACE('',(#3560),#3366,.F.);
#3560 = FACE_BOUND('',#3561,.F.);
#3561 = EDGE_LOOP('',(#3562,#3583,#3584,#3605));
#3562 = ORIENTED_EDGE('',*,*,#3563,.F.);
#3563 = EDGE_CURVE('',#3344,#3464,#3564,.T.);
#3564 = SURFACE_CURVE('',#3565,(#3569,#3576),.PCURVE_S1.);
#3565 = LINE('',#3566,#3567);
#3566 = CARTESIAN_POINT('',(-2.485,-1.3,19.));
#3567 = VECTOR('',#3568,1.);
#3568 = DIRECTION('',(1.,0.,0.));
#3569 = PCURVE('',#3366,#3570);
#3570 = DEFINITIONAL_REPRESENTATION('',(#3571),#3575);
#3571 = LINE('',#3572,#3573);
#3572 = CARTESIAN_POINT('',(0.,0.));
#3573 = VECTOR('',#3574,1.);
#3574 = DIRECTION('',(0.,1.));
#3575 = ( GEOMETRIC_REPRESENTATION_CONTEXT(2) 
PARAMETRIC_REPRESENTATION_CONTEXT() REPRESENTATION_CONTEXT('2D SPACE',''
  ) );
#3576 = PCURVE('',#3394,#3577);
#3577 = DEFINITIONAL_REPRESENTATION('',(#3578),#3582);
#3578 = LINE('',#3579,#3580);
#3579 = CARTESIAN_POINT('',(0.,0.));
#3580 = VECTOR('',#3581,1.);
#3581 = DIRECTION('',(1.,0.));
#3582 = ( GEOMETRIC_REPRESENTATION_CONTEXT(2) 
PARAMETRIC_REPRESENTATION_CONTEXT() REPRESENTATION_CONTEXT('2D SPACE',''
  ) );
#3583 = ORIENTED_EDGE('',*,*,#3343,.T.);
#3584 = ORIENTED_EDGE('',*,*,#3585,.T.);
#3585 = EDGE_CURVE('',#3346,#3466,#3586,.T.);
#3586 = SURFACE_CURVE('',#3587,(#3591,#3598),.PCURVE_S1.);
#3587 = LINE('',#3588,#3589);
#3588 = CARTESIAN_POINT('',(-2.485,-1.3,55.));
#3589 = VECTOR('',#3590,1.);
#3590 = DIRECTION('',(1.,0.,0.));
#3591 = PCURVE('',#3366,#3592);
#3592 = DEFINITIONAL_REPRESENTATION('',(#3593),#3597);
#3593 = LINE('',#3594,#3595);
#3594 = CARTESIAN_POINT('',(36.,0.));
#3595 = VECTOR('',#3596,1.);
#3596 = DIRECTION('',(0.,1.));
#3597 = ( GEOMETRIC_REPRESENTATION_CONTEXT(2) 
PARAMETRIC_REPRESENTATION_CONTEXT() REPRESENTATION_CONTEXT('2D SPACE',''
  ) );
#3598 = PCURVE('',#3448,#3599);
#3599 = DEFINITIONAL_REPRESENTATION('',(#3600),#3604);
#3600 = LINE('',#3601,#3602);
#3601 = CARTESIAN_POINT('',(0.,0.));
#3602 = VECTOR('',#3603,1.);
#3603 = DIRECTION('',(1.,0.));
#3604 = ( GEOMETRIC_REPRESENTATION_CONTEXT(2) 
PARAMETRIC_REPRESENTATION_CONTEXT() REPRESENTATION_CONTEXT('2D SPACE',''
  ) );
#3605 = ORIENTED_EDGE('',*,*,#3463,.F.);
#3606 = ADVANCED_FACE('',(#3607),#3422,.T.);
#3607 = FACE_BOUND('',#3608,.T.);
#3608 = EDGE_LOOP('',(#3609,#3630,#3631,#3652));
#3609 = ORIENTED_EDGE('',*,*,#3610,.F.);
#3610 = EDGE_CURVE('',#3379,#3494,#3611,.T.);
#3611 = SURFACE_CURVE('',#3612,(#3616,#3623),.PCURVE_S1.);
#3612 = LINE('',#3613,#3614);
#3613 = CARTESIAN_POINT('',(-2.485,1.3,19.));
#3614 = VECTOR('',#3615,1.);
#3615 = DIRECTION('',(1.,0.,0.));
#3616 = PCURVE('',#3422,#3617);
#3617 = DEFINITIONAL_REPRESENTATION('',(#3618),#3622);
#3618 = LINE('',#3619,#3620);
#3619 = CARTESIAN_POINT('',(0.,0.));
#3620 = VECTOR('',#3621,1.);
#3621 = DIRECTION('',(0.,1.));
#3622 = ( GEOMETRIC_REPRESENTATION_CONTEXT(2) 
PARAMETRIC_REPRESENTATION_CONTEXT() REPRESENTATION_CONTEXT('2D SPACE',''
  ) );
#3623 = PCURVE('',#3394,#3624);
#3624 = DEFINITIONAL_REPRESENTATION('',(#3625),#3629);
#3625 = LINE('',#3626,#3627);
#3626 = CARTESIAN_POINT('',(0.,2.6));
#3627 = VECTOR('',#3628,1.);
#3628 = DIRECTION('',(1.,0.));
#3629 = ( GEOMETRIC_REPRESENTATION_CONTEXT(2) 
PARAMETRIC_REPRESENTATION_CONTEXT() REPRESENTATION_CONTEXT('2D SPACE',''
  ) );
#3630 = ORIENTED_EDGE('',*,*,#3406,.T.);
#3631 = ORIENTED_EDGE('',*,*,#3632,.T.);
#3632 = EDGE_CURVE('',#3407,#3517,#3633,.T.);
#3633 = SURFACE_CURVE('',#3634,(#3638,#3645),.PCURVE_S1.);
#3634 = LINE('',#3635,#3636);
#3635 = CARTESIAN_POINT('',(-2.485,1.3,55.));
#3636 = VECTOR('',#3637,1.);
#3637 = DIRECTION('',(1.,0.,0.));
#3638 = PCURVE('',#3422,#3639);
#3639 = DEFINITIONAL_REPRESENTATION('',(#3640),#3644);
#3640 = LINE('',#3641,#3642);
#3641 = CARTESIAN_POINT('',(36.,0.));
#3642 = VECTOR('',#3643,1.);
#3643 = DIRECTION('',(0.,1.));
#3644 = ( GEOMETRIC_REPRESENTATION_CONTEXT(2) 
PARAMETRIC_REPRESENTATION_CONTEXT() REPRESENTATION_CONTEXT('2D SPACE',''
  ) );
#3645 = PCURVE('',#3448,#3646);
#3646 = DEFINITIONAL_REPRESENTATION('',(#3647),#3651);
#3647 = LINE('',#3648,#3649);
#3648 = CARTESIAN_POINT('',(0.,2.6));
#3649 = VECTOR('',#3650,1.);
#3650 = DIRECTION('',(1.,0.));
#3651 = ( GEOMETRIC_REPRESENTATION_CONTEXT(2) 
PARAMETRIC_REPRESENTATION_CONTEXT() REPRESENTATION_CONTEXT('2D SPACE',''
  ) );
#3652 = ORIENTED_EDGE('',*,*,#3516,.F.);
#3653 = ADVANCED_FACE('',(#3654),#3394,.F.);
#3654 = FACE_BOUND('',#3655,.F.);
#3655 = EDGE_LOOP('',(#3656,#3657,#3658,#3659));
#3656 = ORIENTED_EDGE('',*,*,#3378,.F.);
#3657 = ORIENTED_EDGE('',*,*,#3563,.T.);
#3658 = ORIENTED_EDGE('',*,*,#3493,.T.);
#3659 = ORIENTED_EDGE('',*,*,#3610,.F.);
#3660 = ADVANCED_FACE('',(#3661),#3448,.T.);
#3661 = FACE_BOUND('',#3662,.T.);
#3662 = EDGE_LOOP('',(#3663,#3664,#3665,#3666));
#3663 = ORIENTED_EDGE('',*,*,#3434,.F.);
#3664 = ORIENTED_EDGE('',*,*,#3585,.T.);
#3665 = ORIENTED_EDGE('',*,*,#3539,.T.);
#3666 = ORIENTED_EDGE('',*,*,#3632,.F.);
#3667 = ( GEOMETRIC_REPRESENTATION_CONTEXT(3) 
GLOBAL_UNCERTAINTY_ASSIGNED_CONTEXT((#3671)) 
GLOBAL_UNIT_ASSIGNED_CONTEXT((#3668,#3669,#3670)) REPRESENTATION_CONTEXT
('Context #1','3D Context with UNIT and UNCERTAINTY') );
#3668 = ( LENGTH_UNIT() NAMED_UNIT(*) SI_UNIT(.MILLI.,.METRE.) );
#3669 = ( NAMED_UNIT(*) PLANE_ANGLE_UNIT() SI_UNIT($,.RADIAN.) );
#3670 = ( NAMED_UNIT(*) SI_UNIT($,.STERADIAN.) SOLID_ANGLE_UNIT() );
#3671 = UNCERTAINTY_MEASURE_WITH_UNIT(LENGTH_MEASURE(1.E-07),#3668,
  'distance_accuracy_value','confusion accuracy');
#3672 = CONTEXT_DEPENDENT_SHAPE_REPRESENTATION(#3673,#3675);
#3673 = ( REPRESENTATION_RELATIONSHIP('','',#3336,#10) 
REPRESENTATION_RELATIONSHIP_WITH_TRANSFORMATION(#3674) 
SHAPE_REPRESENTATION_RELATIONSHIP() );
#3674 = ITEM_DEFINED_TRANSFORMATION('','',#11,#59);
#3675 = PRODUCT_DEFINITION_SHAPE('Placement','Placement of an item',
  #3676);
#3676 = NEXT_ASSEMBLY_USAGE_OCCURRENCE('12','bender_x_neg','',#5,#3331,$
  );
#3677 = PRODUCT_RELATED_PRODUCT_CATEGORY('part',$,(#3333));
#3678 = SHAPE_DEFINITION_REPRESENTATION(#3679,#3685);
#3679 = PRODUCT_DEFINITION_SHAPE('','',#3680);
#3680 = PRODUCT_DEFINITION('design','',#3681,#3684);
#3681 = PRODUCT_DEFINITION_FORMATION('','',#3682);
#3682 = PRODUCT('bender_x_pos','bender_x_pos','',(#3683));
#3683 = PRODUCT_CONTEXT('',#2,'mechanical');
#3684 = PRODUCT_DEFINITION_CONTEXT('part definition',#2,'design');
#3685 = ADVANCED_BREP_SHAPE_REPRESENTATION('',(#11,#3686),#4016);
#3686 = MANIFOLD_SOLID_BREP('',#3687);
#3687 = CLOSED_SHELL('',(#3688,#3808,#3908,#3955,#4002,#4009));
#3688 = ADVANCED_FACE('',(#3689),#3703,.F.);
#3689 = FACE_BOUND('',#3690,.F.);
#3690 = EDGE_LOOP('',(#3691,#3726,#3754,#3782));
#3691 = ORIENTED_EDGE('',*,*,#3692,.F.);
#3692 = EDGE_CURVE('',#3693,#3695,#3697,.T.);
#3693 = VERTEX_POINT('',#3694);
#3694 = CARTESIAN_POINT('',(1.815,-1.3,19.));
#3695 = VERTEX_POINT('',#3696);
#3696 = CARTESIAN_POINT('',(1.815,-1.3,55.));
#3697 = SURFACE_CURVE('',#3698,(#3702,#3714),.PCURVE_S1.);
#3698 = LINE('',#3699,#3700);
#3699 = CARTESIAN_POINT('',(1.815,-1.3,19.));
#3700 = VECTOR('',#3701,1.);
#3701 = DIRECTION('',(0.,0.,1.));
#3702 = PCURVE('',#3703,#3708);
#3703 = PLANE('',#3704);
#3704 = AXIS2_PLACEMENT_3D('',#3705,#3706,#3707);
#3705 = CARTESIAN_POINT('',(1.815,-1.3,19.));
#3706 = DIRECTION('',(1.,0.,0.));
#3707 = DIRECTION('',(0.,0.,1.));
#3708 = DEFINITIONAL_REPRESENTATION('',(#3709),#3713);
#3709 = LINE('',#3710,#3711);
#3710 = CARTESIAN_POINT('',(0.,0.));
#3711 = VECTOR('',#3712,1.);
#3712 = DIRECTION('',(1.,0.));
#3713 = ( GEOMETRIC_REPRESENTATION_CONTEXT(2) 
PARAMETRIC_REPRESENTATION_CONTEXT() REPRESENTATION_CONTEXT('2D SPACE',''
  ) );
#3714 = PCURVE('',#3715,#3720);
#3715 = PLANE('',#3716);
#3716 = AXIS2_PLACEMENT_3D('',#3717,#3718,#3719);
#3717 = CARTESIAN_POINT('',(1.815,-1.3,19.));
#3718 = DIRECTION('',(0.,1.,0.));
#3719 = DIRECTION('',(0.,0.,1.));
#3720 = DEFINITIONAL_REPRESENTATION('',(#3721),#3725);
#3721 = LINE('',#3722,#3723);
#3722 = CARTESIAN_POINT('',(0.,0.));
#3723 = VECTOR('',#3724,1.);
#3724 = DIRECTION('',(1.,0.));
#3725 = ( GEOMETRIC_REPRESENTATION_CONTEXT(2) 
PARAMETRIC_REPRESENTATION_CONTEXT() REPRESENTATION_CONTEXT('2D SPACE',''
  ) );
#3726 = ORIENTED_EDGE('',*,*,#3727,.T.);
#3727 = EDGE_CURVE('',#3693,#3728,#3730,.T.);
#3728 = VERTEX_POINT('',#3729);
#3729 = CARTESIAN_POINT('',(1.815,1.3,19.));
#3730 = SURFACE_CURVE('',#3731,(#3735,#3742),.PCURVE_S1.);
#3731 = LINE('',#3732,#3733);
#3732 = CARTESIAN_POINT('',(1.815,-1.3,19.));
#3733 = VECTOR('',#3734,1.);
#3734 = DIRECTION('',(0.,1.,0.));
#3735 = PCURVE('',#3703,#3736);
#3736 = DEFINITIONAL_REPRESENTATION('',(#3737),#3741);
#3737 = LINE('',#3738,#3739);
#3738 = CARTESIAN_POINT('',(0.,0.));
#3739 = VECTOR('',#3740,1.);
#3740 = DIRECTION('',(0.,-1.));
#3741 = ( GEOMETRIC_REPRESENTATION_CONTEXT(2) 
PARAMETRIC_REPRESENTATION_CONTEXT() REPRESENTATION_CONTEXT('2D SPACE',''
  ) );
#3742 = PCURVE('',#3743,#3748);
#3743 = PLANE('',#3744);
#3744 = AXIS2_PLACEMENT_3D('',#3745,#3746,#3747);
#3745 = CARTESIAN_POINT('',(1.815,-1.3,19.));
#3746 = DIRECTION('',(0.,0.,1.));
#3747 = DIRECTION('',(1.,0.,0.));
#3748 = DEFINITIONAL_REPRESENTATION('',(#3749),#3753);
#3749 = LINE('',#3750,#3751);
#3750 = CARTESIAN_POINT('',(0.,0.));
#3751 = VECTOR('',#3752,1.);
#3752 = DIRECTION('',(0.,1.));
#3753 = ( GEOMETRIC_REPRESENTATION_CONTEXT(2) 
PARAMETRIC_REPRESENTATION_CONTEXT() REPRESENTATION_CONTEXT('2D SPACE',''
  ) );
#3754 = ORIENTED_EDGE('',*,*,#3755,.T.);
#3755 = EDGE_CURVE('',#3728,#3756,#3758,.T.);
#3756 = VERTEX_POINT('',#3757);
#3757 = CARTESIAN_POINT('',(1.815,1.3,55.));
#3758 = SURFACE_CURVE('',#3759,(#3763,#3770),.PCURVE_S1.);
#3759 = LINE('',#3760,#3761);
#3760 = CARTESIAN_POINT('',(1.815,1.3,19.));
#3761 = VECTOR('',#3762,1.);
#3762 = DIRECTION('',(0.,0.,1.));
#3763 = PCURVE('',#3703,#3764);
#3764 = DEFINITIONAL_REPRESENTATION('',(#3765),#3769);
#3765 = LINE('',#3766,#3767);
#3766 = CARTESIAN_POINT('',(0.,-2.6));
#3767 = VECTOR('',#3768,1.);
#3768 = DIRECTION('',(1.,0.));
#3769 = ( GEOMETRIC_REPRESENTATION_CONTEXT(2) 
PARAMETRIC_REPRESENTATION_CONTEXT() REPRESENTATION_CONTEXT('2D SPACE',''
  ) );
#3770 = PCURVE('',#3771,#3776);
#3771 = PLANE('',#3772);
#3772 = AXIS2_PLACEMENT_3D('',#3773,#3774,#3775);
#3773 = CARTESIAN_POINT('',(1.815,1.3,19.));
#3774 = DIRECTION('',(0.,1.,0.));
#3775 = DIRECTION('',(0.,0.,1.));
#3776 = DEFINITIONAL_REPRESENTATION('',(#3777),#3781);
#3777 = LINE('',#3778,#3779);
#3778 = CARTESIAN_POINT('',(0.,0.));
#3779 = VECTOR('',#3780,1.);
#3780 = DIRECTION('',(1.,0.));
#3781 = ( GEOMETRIC_REPRESENTATION_CONTEXT(2) 
PARAMETRIC_REPRESENTATION_CONTEXT() REPRESENTATION_CONTEXT('2D SPACE',''
  ) );
#3782 = ORIENTED_EDGE('',*,*,#3783,.F.);
#3783 = EDGE_CURVE('',#3695,#3756,#3784,.T.);
#3784 = SURFACE_CURVE('',#3785,(#3789,#3796),.PCURVE_S1.);
#3785 = LINE('',#3786,#3787);
#3786 = CARTESIAN_POINT('',(1.815,-1.3,55.));
#3787 = VECTOR('',#3788,1.);
#3788 = DIRECTION('',(0.,1.,0.));
#3789 = PCURVE('',#3703,#3790);
#3790 = DEFINITIONAL_REPRESENTATION('',(#3791),#3795);
#3791 = LINE('',#3792,#3793);
#3792 = CARTESIAN_POINT('',(36.,0.));
#3793 = VECTOR('',#3794,1.);
#3794 = DIRECTION('',(0.,-1.));
#3795 = ( GEOMETRIC_REPRESENTATION_CONTEXT(2) 
PARAMETRIC_REPRESENTATION_CONTEXT() REPRESENTATION_CONTEXT('2D SPACE',''
  ) );
#3796 = PCURVE('',#3797,#3802);
#3797 = PLANE('',#3798);
#3798 = AXIS2_PLACEMENT_3D('',#3799,#3800,#3801);
#3799 = CARTESIAN_POINT('',(1.815,-1.3,55.));
#3800 = DIRECTION('',(0.,0.,1.));
#3801 = DIRECTION('',(1.,0.,0.));
#3802 = DEFINITIONAL_REPRESENTATION('',(#3803),#3807);
#3803 = LINE('',#3804,#3805);
#3804 = CARTESIAN_POINT('',(0.,0.));
#3805 = VECTOR('',#3806,1.);
#3806 = DIRECTION('',(0.,1.));
#3807 = ( GEOMETRIC_REPRESENTATION_CONTEXT(2) 
PARAMETRIC_REPRESENTATION_CONTEXT() REPRESENTATION_CONTEXT('2D SPACE',''
  ) );
#3808 = ADVANCED_FACE('',(#3809),#3823,.T.);
#3809 = FACE_BOUND('',#3810,.T.);
#3810 = EDGE_LOOP('',(#3811,#3841,#3864,#3887));
#3811 = ORIENTED_EDGE('',*,*,#3812,.F.);
#3812 = EDGE_CURVE('',#3813,#3815,#3817,.T.);
#3813 = VERTEX_POINT('',#3814);
#3814 = CARTESIAN_POINT('',(2.485,-1.3,19.));
#3815 = VERTEX_POINT('',#3816);
#3816 = CARTESIAN_POINT('',(2.485,-1.3,55.));
#3817 = SURFACE_CURVE('',#3818,(#3822,#3834),.PCURVE_S1.);
#3818 = LINE('',#3819,#3820);
#3819 = CARTESIAN_POINT('',(2.485,-1.3,19.));
#3820 = VECTOR('',#3821,1.);
#3821 = DIRECTION('',(0.,0.,1.));
#3822 = PCURVE('',#3823,#3828);
#3823 = PLANE('',#3824);
#3824 = AXIS2_PLACEMENT_3D('',#3825,#3826,#3827);
#3825 = CARTESIAN_POINT('',(2.485,-1.3,19.));
#3826 = DIRECTION('',(1.,0.,0.));
#3827 = DIRECTION('',(0.,0.,1.));
#3828 = DEFINITIONAL_REPRESENTATION('',(#3829),#3833);
#3829 = LINE('',#3830,#3831);
#3830 = CARTESIAN_POINT('',(0.,0.));
#3831 = VECTOR('',#3832,1.);
#3832 = DIRECTION('',(1.,0.));
#3833 = ( GEOMETRIC_REPRESENTATION_CONTEXT(2) 
PARAMETRIC_REPRESENTATION_CONTEXT() REPRESENTATION_CONTEXT('2D SPACE',''
  ) );
#3834 = PCURVE('',#3715,#3835);
#3835 = DEFINITIONAL_REPRESENTATION('',(#3836),#3840);
#3836 = LINE('',#3837,#3838);
#3837 = CARTESIAN_POINT('',(0.,0.67));
#3838 = VECTOR('',#3839,1.);
#3839 = DIRECTION('',(1.,0.));
#3840 = ( GEOMETRIC_REPRESENTATION_CONTEXT(2) 
PARAMETRIC_REPRESENTATION_CONTEXT() REPRESENTATION_CONTEXT('2D SPACE',''
  ) );
#3841 = ORIENTED_EDGE('',*,*,#3842,.T.);
#3842 = EDGE_CURVE('',#3813,#3843,#3845,.T.);
#3843 = VERTEX_POINT('',#3844);
#3844 = CARTESIAN_POINT('',(2.485,1.3,19.));
#3845 = SURFACE_CURVE('',#3846,(#3850,#3857),.PCURVE_S1.);
#3846 = LINE('',#3847,#3848);
#3847 = CARTESIAN_POINT('',(2.485,-1.3,19.));
#3848 = VECTOR('',#3849,1.);
#3849 = DIRECTION('',(0.,1.,0.));
#3850 = PCURVE('',#3823,#3851);
#3851 = DEFINITIONAL_REPRESENTATION('',(#3852),#3856);
#3852 = LINE('',#3853,#3854);
#3853 = CARTESIAN_POINT('',(0.,0.));
#3854 = VECTOR('',#3855,1.);
#3855 = DIRECTION('',(0.,-1.));
#3856 = ( GEOMETRIC_REPRESENTATION_CONTEXT(2) 
PARAMETRIC_REPRESENTATION_CONTEXT() REPRESENTATION_CONTEXT('2D SPACE',''
  ) );
#3857 = PCURVE('',#3743,#3858);
#3858 = DEFINITIONAL_REPRESENTATION('',(#3859),#3863);
#3859 = LINE('',#3860,#3861);
#3860 = CARTESIAN_POINT('',(0.67,0.));
#3861 = VECTOR('',#3862,1.);
#3862 = DIRECTION('',(0.,1.));
#3863 = ( GEOMETRIC_REPRESENTATION_CONTEXT(2) 
PARAMETRIC_REPRESENTATION_CONTEXT() REPRESENTATION_CONTEXT('2D SPACE',''
  ) );
#3864 = ORIENTED_EDGE('',*,*,#3865,.T.);
#3865 = EDGE_CURVE('',#3843,#3866,#3868,.T.);
#3866 = VERTEX_POINT('',#3867);
#3867 = CARTESIAN_POINT('',(2.485,1.3,55.));
#3868 = SURFACE_CURVE('',#3869,(#3873,#3880),.PCURVE_S1.);
#3869 = LINE('',#3870,#3871);
#3870 = CARTESIAN_POINT('',(2.485,1.3,19.));
#3871 = VECTOR('',#3872,1.);
#3872 = DIRECTION('',(0.,0.,1.));
#3873 = PCURVE('',#3823,#3874);
#3874 = DEFINITIONAL_REPRESENTATION('',(#3875),#3879);
#3875 = LINE('',#3876,#3877);
#3876 = CARTESIAN_POINT('',(0.,-2.6));
#3877 = VECTOR('',#3878,1.);
#3878 = DIRECTION('',(1.,0.));
#3879 = ( GEOMETRIC_REPRESENTATION_CONTEXT(2) 
PARAMETRIC_REPRESENTATION_CONTEXT() REPRESENTATION_CONTEXT('2D SPACE',''
  ) );
#3880 = PCURVE('',#3771,#3881);
#3881 = DEFINITIONAL_REPRESENTATION('',(#3882),#3886);
#3882 = LINE('',#3883,#3884);
#3883 = CARTESIAN_POINT('',(0.,0.67));
#3884 = VECTOR('',#3885,1.);
#3885 = DIRECTION('',(1.,0.));
#3886 = ( GEOMETRIC_REPRESENTATION_CONTEXT(2) 
PARAMETRIC_REPRESENTATION_CONTEXT() REPRESENTATION_CONTEXT('2D SPACE',''
  ) );
#3887 = ORIENTED_EDGE('',*,*,#3888,.F.);
#3888 = EDGE_CURVE('',#3815,#3866,#3889,.T.);
#3889 = SURFACE_CURVE('',#3890,(#3894,#3901),.PCURVE_S1.);
#3890 = LINE('',#3891,#3892);
#3891 = CARTESIAN_POINT('',(2.485,-1.3,55.));
#3892 = VECTOR('',#3893,1.);
#3893 = DIRECTION('',(0.,1.,0.));
#3894 = PCURVE('',#3823,#3895);
#3895 = DEFINITIONAL_REPRESENTATION('',(#3896),#3900);
#3896 = LINE('',#3897,#3898);
#3897 = CARTESIAN_POINT('',(36.,0.));
#3898 = VECTOR('',#3899,1.);
#3899 = DIRECTION('',(0.,-1.));
#3900 = ( GEOMETRIC_REPRESENTATION_CONTEXT(2) 
PARAMETRIC_REPRESENTATION_CONTEXT() REPRESENTATION_CONTEXT('2D SPACE',''
  ) );
#3901 = PCURVE('',#3797,#3902);
#3902 = DEFINITIONAL_REPRESENTATION('',(#3903),#3907);
#3903 = LINE('',#3904,#3905);
#3904 = CARTESIAN_POINT('',(0.67,0.));
#3905 = VECTOR('',#3906,1.);
#3906 = DIRECTION('',(0.,1.));
#3907 = ( GEOMETRIC_REPRESENTATION_CONTEXT(2) 
PARAMETRIC_REPRESENTATION_CONTEXT() REPRESENTATION_CONTEXT('2D SPACE',''
  ) );
#3908 = ADVANCED_FACE('',(#3909),#3715,.F.);
#3909 = FACE_BOUND('',#3910,.F.);
#3910 = EDGE_LOOP('',(#3911,#3932,#3933,#3954));
#3911 = ORIENTED_EDGE('',*,*,#3912,.F.);
#3912 = EDGE_CURVE('',#3693,#3813,#3913,.T.);
#3913 = SURFACE_CURVE('',#3914,(#3918,#3925),.PCURVE_S1.);
#3914 = LINE('',#3915,#3916);
#3915 = CARTESIAN_POINT('',(1.815,-1.3,19.));
#3916 = VECTOR('',#3917,1.);
#3917 = DIRECTION('',(1.,0.,0.));
#3918 = PCURVE('',#3715,#3919);
#3919 = DEFINITIONAL_REPRESENTATION('',(#3920),#3924);
#3920 = LINE('',#3921,#3922);
#3921 = CARTESIAN_POINT('',(0.,0.));
#3922 = VECTOR('',#3923,1.);
#3923 = DIRECTION('',(0.,1.));
#3924 = ( GEOMETRIC_REPRESENTATION_CONTEXT(2) 
PARAMETRIC_REPRESENTATION_CONTEXT() REPRESENTATION_CONTEXT('2D SPACE',''
  ) );
#3925 = PCURVE('',#3743,#3926);
#3926 = DEFINITIONAL_REPRESENTATION('',(#3927),#3931);
#3927 = LINE('',#3928,#3929);
#3928 = CARTESIAN_POINT('',(0.,0.));
#3929 = VECTOR('',#3930,1.);
#3930 = DIRECTION('',(1.,0.));
#3931 = ( GEOMETRIC_REPRESENTATION_CONTEXT(2) 
PARAMETRIC_REPRESENTATION_CONTEXT() REPRESENTATION_CONTEXT('2D SPACE',''
  ) );
#3932 = ORIENTED_EDGE('',*,*,#3692,.T.);
#3933 = ORIENTED_EDGE('',*,*,#3934,.T.);
#3934 = EDGE_CURVE('',#3695,#3815,#3935,.T.);
#3935 = SURFACE_CURVE('',#3936,(#3940,#3947),.PCURVE_S1.);
#3936 = LINE('',#3937,#3938);
#3937 = CARTESIAN_POINT('',(1.815,-1.3,55.));
#3938 = VECTOR('',#3939,1.);
#3939 = DIRECTION('',(1.,0.,0.));
#3940 = PCURVE('',#3715,#3941);
#3941 = DEFINITIONAL_REPRESENTATION('',(#3942),#3946);
#3942 = LINE('',#3943,#3944);
#3943 = CARTESIAN_POINT('',(36.,0.));
#3944 = VECTOR('',#3945,1.);
#3945 = DIRECTION('',(0.,1.));
#3946 = ( GEOMETRIC_REPRESENTATION_CONTEXT(2) 
PARAMETRIC_REPRESENTATION_CONTEXT() REPRESENTATION_CONTEXT('2D SPACE',''
  ) );
#3947 = PCURVE('',#3797,#3948);
#3948 = DEFINITIONAL_REPRESENTATION('',(#3949),#3953);
#3949 = LINE('',#3950,#3951);
#3950 = CARTESIAN_POINT('',(0.,0.));
#3951 = VECTOR('',#3952,1.);
#3952 = DIRECTION('',(1.,0.));
#3953 = ( GEOMETRIC_REPRESENTATION_CONTEXT(2) 
PARAMETRIC_REPRESENTATION_CONTEXT() REPRESENTATION_CONTEXT('2D SPACE',''
  ) );
#3954 = ORIENTED_EDGE('',*,*,#3812,.F.);
#3955 = ADVANCED_FACE('',(#3956),#3771,.T.);
#3956 = FACE_BOUND('',#3957,.T.);
#3957 = EDGE_LOOP('',(#3958,#3979,#3980,#4001));
#3958 = ORIENTED_EDGE('',*,*,#3959,.F.);
#3959 = EDGE_CURVE('',#3728,#3843,#3960,.T.);
#3960 = SURFACE_CURVE('',#3961,(#3965,#3972),.PCURVE_S1.);
#3961 = LINE('',#3962,#3963);
#3962 = CARTESIAN_POINT('',(1.815,1.3,19.));
#3963 = VECTOR('',#3964,1.);
#3964 = DIRECTION('',(1.,0.,0.));
#3965 = PCURVE('',#3771,#3966);
#3966 = DEFINITIONAL_REPRESENTATION('',(#3967),#3971);
#3967 = LINE('',#3968,#3969);
#3968 = CARTESIAN_POINT('',(0.,0.));
#3969 = VECTOR('',#3970,1.);
#3970 = DIRECTION('',(0.,1.));
#3971 = ( GEOMETRIC_REPRESENTATION_CONTEXT(2) 
PARAMETRIC_REPRESENTATION_CONTEXT() REPRESENTATION_CONTEXT('2D SPACE',''
  ) );
#3972 = PCURVE('',#3743,#3973);
#3973 = DEFINITIONAL_REPRESENTATION('',(#3974),#3978);
#3974 = LINE('',#3975,#3976);
#3975 = CARTESIAN_POINT('',(0.,2.6));
#3976 = VECTOR('',#3977,1.);
#3977 = DIRECTION('',(1.,0.));
#3978 = ( GEOMETRIC_REPRESENTATION_CONTEXT(2) 
PARAMETRIC_REPRESENTATION_CONTEXT() REPRESENTATION_CONTEXT('2D SPACE',''
  ) );
#3979 = ORIENTED_EDGE('',*,*,#3755,.T.);
#3980 = ORIENTED_EDGE('',*,*,#3981,.T.);
#3981 = EDGE_CURVE('',#3756,#3866,#3982,.T.);
#3982 = SURFACE_CURVE('',#3983,(#3987,#3994),.PCURVE_S1.);
#3983 = LINE('',#3984,#3985);
#3984 = CARTESIAN_POINT('',(1.815,1.3,55.));
#3985 = VECTOR('',#3986,1.);
#3986 = DIRECTION('',(1.,0.,0.));
#3987 = PCURVE('',#3771,#3988);
#3988 = DEFINITIONAL_REPRESENTATION('',(#3989),#3993);
#3989 = LINE('',#3990,#3991);
#3990 = CARTESIAN_POINT('',(36.,0.));
#3991 = VECTOR('',#3992,1.);
#3992 = DIRECTION('',(0.,1.));
#3993 = ( GEOMETRIC_REPRESENTATION_CONTEXT(2) 
PARAMETRIC_REPRESENTATION_CONTEXT() REPRESENTATION_CONTEXT('2D SPACE',''
  ) );
#3994 = PCURVE('',#3797,#3995);
#3995 = DEFINITIONAL_REPRESENTATION('',(#3996),#4000);
#3996 = LINE('',#3997,#3998);
#3997 = CARTESIAN_POINT('',(0.,2.6));
#3998 = VECTOR('',#3999,1.);
#3999 = DIRECTION('',(1.,0.));
#4000 = ( GEOMETRIC_REPRESENTATION_CONTEXT(2) 
PARAMETRIC_REPRESENTATION_CONTEXT() REPRESENTATION_CONTEXT('2D SPACE',''
  ) );
#4001 = ORIENTED_EDGE('',*,*,#3865,.F.);
#4002 = ADVANCED_FACE('',(#4003),#3743,.F.);
#4003 = FACE_BOUND('',#4004,.F.);
#4004 = EDGE_LOOP('',(#4005,#4006,#4007,#4008));
#4005 = ORIENTED_EDGE('',*,*,#3727,.F.);
#4006 = ORIENTED_EDGE('',*,*,#3912,.T.);
#4007 = ORIENTED_EDGE('',*,*,#3842,.T.);
#4008 = ORIENTED_EDGE('',*,*,#3959,.F.);
#4009 = ADVANCED_FACE('',(#4010),#3797,.T.);
#4010 = FACE_BOUND('',#4011,.T.);
#4011 = EDGE_LOOP('',(#4012,#4013,#4014,#4015));
#4012 = ORIENTED_EDGE('',*,*,#3783,.F.);
#4013 = ORIENTED_EDGE('',*,*,#3934,.T.);
#4014 = ORIENTED_EDGE('',*,*,#3888,.T.);
#4015 = ORIENTED_EDGE('',*,*,#3981,.F.);
#4016 = ( GEOMETRIC_REPRESENTATION_CONTEXT(3) 
GLOBAL_UNCERTAINTY_ASSIGNED_CONTEXT((#4020)) 
GLOBAL_UNIT_ASSIGNED_CONTEXT((#4017,#4018,#4019)) REPRESENTATION_CONTEXT
('Context #1','3D Context with UNIT and UNCERTAINTY') );
#4017 = ( LENGTH_UNIT() NAMED_UNIT(*) SI_UNIT(.MILLI.,.METRE.) );
#4018 = ( NAMED_UNIT(*) PLANE_ANGLE_UNIT() SI_UNIT($,.RADIAN.) );
#4019 = ( NAMED_UNIT(*) SI_UNIT($,.STERADIAN.) SOLID_ANGLE_UNIT() );
#4020 = UNCERTAINTY_MEASURE_WITH_UNIT(LENGTH_MEASURE(1.E-07),#4017,
  'distance_accuracy_value','confusion accuracy');
#4021 = CONTEXT_DEPENDENT_SHAPE_REPRESENTATION(#4022,#4024);
#4022 = ( REPRESENTATION_RELATIONSHIP('','',#3685,#10) 
REPRESENTATION_RELATIONSHIP_WITH_TRANSFORMATION(#4023) 
SHAPE_REPRESENTATION_RELATIONSHIP() );
#4023 = ITEM_DEFINED_TRANSFORMATION('','',#11,#63);
#4024 = PRODUCT_DEFINITION_SHAPE('Placement','Placement of an item',
  #4025);
#4025 = NEXT_ASSEMBLY_USAGE_OCCURRENCE('13','bender_x_pos','',#5,#3680,$
  );
#4026 = PRODUCT_RELATED_PRODUCT_CATEGORY('part',$,(#3682));
#4027 = SHAPE_DEFINITION_REPRESENTATION(#4028,#4034);
#4028 = PRODUCT_DEFINITION_SHAPE('','',#4029);
#4029 = PRODUCT_DEFINITION('design','',#4030,#4033);
#4030 = PRODUCT_DEFINITION_FORMATION('','',#4031);
#4031 = PRODUCT('bender_y_neg','bender_y_neg','',(#4032));
#4032 = PRODUCT_CONTEXT('',#2,'mechanical');
#4033 = PRODUCT_DEFINITION_CONTEXT('part definition',#2,'design');
#4034 = ADVANCED_BREP_SHAPE_REPRESENTATION('',(#11,#4035),#4365);
#4035 = MANIFOLD_SOLID_BREP('',#4036);
#4036 = CLOSED_SHELL('',(#4037,#4157,#4257,#4304,#4351,#4358));
#4037 = ADVANCED_FACE('',(#4038),#4052,.F.);
#4038 = FACE_BOUND('',#4039,.F.);
#4039 = EDGE_LOOP('',(#4040,#4075,#4103,#4131));
#4040 = ORIENTED_EDGE('',*,*,#4041,.F.);
#4041 = EDGE_CURVE('',#4042,#4044,#4046,.T.);
#4042 = VERTEX_POINT('',#4043);
#4043 = CARTESIAN_POINT('',(-1.3,-2.485,19.));
#4044 = VERTEX_POINT('',#4045);
#4045 = CARTESIAN_POINT('',(-1.3,-2.485,55.));
#4046 = SURFACE_CURVE('',#4047,(#4051,#4063),.PCURVE_S1.);
#4047 = LINE('',#4048,#4049);
#4048 = CARTESIAN_POINT('',(-1.3,-2.485,19.));
#4049 = VECTOR('',#4050,1.);
#4050 = DIRECTION('',(0.,0.,1.));
#4051 = PCURVE('',#4052,#4057);
#4052 = PLANE('',#4053);
#4053 = AXIS2_PLACEMENT_3D('',#4054,#4055,#4056);
#4054 = CARTESIAN_POINT('',(-1.3,-2.485,19.));
#4055 = DIRECTION('',(1.,0.,0.));
#4056 = DIRECTION('',(0.,0.,1.));
#4057 = DEFINITIONAL_REPRESENTATION('',(#4058),#4062);
#4058 = LINE('',#4059,#4060);
#4059 = CARTESIAN_POINT('',(0.,0.));
#4060 = VECTOR('',#4061,1.);
#4061 = DIRECTION('',(1.,0.));
#4062 = ( GEOMETRIC_REPRESENTATION_CONTEXT(2) 
PARAMETRIC_REPRESENTATION_CONTEXT() REPRESENTATION_CONTEXT('2D SPACE',''
  ) );
#4063 = PCURVE('',#4064,#4069);
#4064 = PLANE('',#4065);
#4065 = AXIS2_PLACEMENT_3D('',#4066,#4067,#4068);
#4066 = CARTESIAN_POINT('',(-1.3,-2.485,19.));
#4067 = DIRECTION('',(0.,1.,0.));
#4068 = DIRECTION('',(0.,0.,1.));
#4069 = DEFINITIONAL_REPRESENTATION('',(#4070),#4074);
#4070 = LINE('',#4071,#4072);
#4071 = CARTESIAN_POINT('',(0.,0.));
#4072 = VECTOR('',#4073,1.);
#4073 = DIRECTION('',(1.,0.));
#4074 = ( GEOMETRIC_REPRESENTATION_CONTEXT(2) 
PARAMETRIC_REPRESENTATION_CONTEXT() REPRESENTATION_CONTEXT('2D SPACE',''
  ) );
#4075 = ORIENTED_EDGE('',*,*,#4076,.T.);
#4076 = EDGE_CURVE('',#4042,#4077,#4079,.T.);
#4077 = VERTEX_POINT('',#4078);
#4078 = CARTESIAN_POINT('',(-1.3,-1.815,19.));
#4079 = SURFACE_CURVE('',#4080,(#4084,#4091),.PCURVE_S1.);
#4080 = LINE('',#4081,#4082);
#4081 = CARTESIAN_POINT('',(-1.3,-2.485,19.));
#4082 = VECTOR('',#4083,1.);
#4083 = DIRECTION('',(0.,1.,0.));
#4084 = PCURVE('',#4052,#4085);
#4085 = DEFINITIONAL_REPRESENTATION('',(#4086),#4090);
#4086 = LINE('',#4087,#4088);
#4087 = CARTESIAN_POINT('',(0.,0.));
#4088 = VECTOR('',#4089,1.);
#4089 = DIRECTION('',(0.,-1.));
#4090 = ( GEOMETRIC_REPRESENTATION_CONTEXT(2) 
PARAMETRIC_REPRESENTATION_CONTEXT() REPRESENTATION_CONTEXT('2D SPACE',''
  ) );
#4091 = PCURVE('',#4092,#4097);
#4092 = PLANE('',#4093);
#4093 = AXIS2_PLACEMENT_3D('',#4094,#4095,#4096);
#4094 = CARTESIAN_POINT('',(-1.3,-2.485,19.));
#4095 = DIRECTION('',(0.,0.,1.));
#4096 = DIRECTION('',(1.,0.,0.));
#4097 = DEFINITIONAL_REPRESENTATION('',(#4098),#4102);
#4098 = LINE('',#4099,#4100);
#4099 = CARTESIAN_POINT('',(0.,0.));
#4100 = VECTOR('',#4101,1.);
#4101 = DIRECTION('',(0.,1.));
#4102 = ( GEOMETRIC_REPRESENTATION_CONTEXT(2) 
PARAMETRIC_REPRESENTATION_CONTEXT() REPRESENTATION_CONTEXT('2D SPACE',''
  ) );
#4103 = ORIENTED_EDGE('',*,*,#4104,.T.);
#4104 = EDGE_CURVE('',#4077,#4105,#4107,.T.);
#4105 = VERTEX_POINT('',#4106);
#4106 = CARTESIAN_POINT('',(-1.3,-1.815,55.));
#4107 = SURFACE_CURVE('',#4108,(#4112,#4119),.PCURVE_S1.);
#4108 = LINE('',#4109,#4110);
#4109 = CARTESIAN_POINT('',(-1.3,-1.815,19.));
#4110 = VECTOR('',#4111,1.);
#4111 = DIRECTION('',(0.,0.,1.));
#4112 = PCURVE('',#4052,#4113);
#4113 = DEFINITIONAL_REPRESENTATION('',(#4114),#4118);
#4114 = LINE('',#4115,#4116);
#4115 = CARTESIAN_POINT('',(0.,-0.67));
#4116 = VECTOR('',#4117,1.);
#4117 = DIRECTION('',(1.,0.));
#4118 = ( GEOMETRIC_REPRESENTATION_CONTEXT(2) 
PARAMETRIC_REPRESENTATION_CONTEXT() REPRESENTATION_CONTEXT('2D SPACE',''
  ) );
#4119 = PCURVE('',#4120,#4125);
#4120 = PLANE('',#4121);
#4121 = AXIS2_PLACEMENT_3D('',#4122,#4123,#4124);
#4122 = CARTESIAN_POINT('',(-1.3,-1.815,19.));
#4123 = DIRECTION('',(0.,1.,0.));
#4124 = DIRECTION('',(0.,0.,1.));
#4125 = DEFINITIONAL_REPRESENTATION('',(#4126),#4130);
#4126 = LINE('',#4127,#4128);
#4127 = CARTESIAN_POINT('',(0.,0.));
#4128 = VECTOR('',#4129,1.);
#4129 = DIRECTION('',(1.,0.));
#4130 = ( GEOMETRIC_REPRESENTATION_CONTEXT(2) 
PARAMETRIC_REPRESENTATION_CONTEXT() REPRESENTATION_CONTEXT('2D SPACE',''
  ) );
#4131 = ORIENTED_EDGE('',*,*,#4132,.F.);
#4132 = EDGE_CURVE('',#4044,#4105,#4133,.T.);
#4133 = SURFACE_CURVE('',#4134,(#4138,#4145),.PCURVE_S1.);
#4134 = LINE('',#4135,#4136);
#4135 = CARTESIAN_POINT('',(-1.3,-2.485,55.));
#4136 = VECTOR('',#4137,1.);
#4137 = DIRECTION('',(0.,1.,0.));
#4138 = PCURVE('',#4052,#4139);
#4139 = DEFINITIONAL_REPRESENTATION('',(#4140),#4144);
#4140 = LINE('',#4141,#4142);
#4141 = CARTESIAN_POINT('',(36.,0.));
#4142 = VECTOR('',#4143,1.);
#4143 = DIRECTION('',(0.,-1.));
#4144 = ( GEOMETRIC_REPRESENTATION_CONTEXT(2) 
PARAMETRIC_REPRESENTATION_CONTEXT() REPRESENTATION_CONTEXT('2D SPACE',''
  ) );
#4145 = PCURVE('',#4146,#4151);
#4146 = PLANE('',#4147);
#4147 = AXIS2_PLACEMENT_3D('',#4148,#4149,#4150);
#4148 = CARTESIAN_POINT('',(-1.3,-2.485,55.));
#4149 = DIRECTION('',(0.,0.,1.));
#4150 = DIRECTION('',(1.,0.,0.));
#4151 = DEFINITIONAL_REPRESENTATION('',(#4152),#4156);
#4152 = LINE('',#4153,#4154);
#4153 = CARTESIAN_POINT('',(0.,0.));
#4154 = VECTOR('',#4155,1.);
#4155 = DIRECTION('',(0.,1.));
#4156 = ( GEOMETRIC_REPRESENTATION_CONTEXT(2) 
PARAMETRIC_REPRESENTATION_CONTEXT() REPRESENTATION_CONTEXT('2D SPACE',''
  ) );
#4157 = ADVANCED_FACE('',(#4158),#4172,.T.);
#4158 = FACE_BOUND('',#4159,.T.);
#4159 = EDGE_LOOP('',(#4160,#4190,#4213,#4236));
#4160 = ORIENTED_EDGE('',*,*,#4161,.F.);
#4161 = EDGE_CURVE('',#4162,#4164,#4166,.T.);
#4162 = VERTEX_POINT('',#4163);
#4163 = CARTESIAN_POINT('',(1.3,-2.485,19.));
#4164 = VERTEX_POINT('',#4165);
#4165 = CARTESIAN_POINT('',(1.3,-2.485,55.));
#4166 = SURFACE_CURVE('',#4167,(#4171,#4183),.PCURVE_S1.);
#4167 = LINE('',#4168,#4169);
#4168 = CARTESIAN_POINT('',(1.3,-2.485,19.));
#4169 = VECTOR('',#4170,1.);
#4170 = DIRECTION('',(0.,0.,1.));
#4171 = PCURVE('',#4172,#4177);
#4172 = PLANE('',#4173);
#4173 = AXIS2_PLACEMENT_3D('',#4174,#4175,#4176);
#4174 = CARTESIAN_POINT('',(1.3,-2.485,19.));
#4175 = DIRECTION('',(1.,0.,0.));
#4176 = DIRECTION('',(0.,0.,1.));
#4177 = DEFINITIONAL_REPRESENTATION('',(#4178),#4182);
#4178 = LINE('',#4179,#4180);
#4179 = CARTESIAN_POINT('',(0.,0.));
#4180 = VECTOR('',#4181,1.);
#4181 = DIRECTION('',(1.,0.));
#4182 = ( GEOMETRIC_REPRESENTATION_CONTEXT(2) 
PARAMETRIC_REPRESENTATION_CONTEXT() REPRESENTATION_CONTEXT('2D SPACE',''
  ) );
#4183 = PCURVE('',#4064,#4184);
#4184 = DEFINITIONAL_REPRESENTATION('',(#4185),#4189);
#4185 = LINE('',#4186,#4187);
#4186 = CARTESIAN_POINT('',(0.,2.6));
#4187 = VECTOR('',#4188,1.);
#4188 = DIRECTION('',(1.,0.));
#4189 = ( GEOMETRIC_REPRESENTATION_CONTEXT(2) 
PARAMETRIC_REPRESENTATION_CONTEXT() REPRESENTATION_CONTEXT('2D SPACE',''
  ) );
#4190 = ORIENTED_EDGE('',*,*,#4191,.T.);
#4191 = EDGE_CURVE('',#4162,#4192,#4194,.T.);
#4192 = VERTEX_POINT('',#4193);
#4193 = CARTESIAN_POINT('',(1.3,-1.815,19.));
#4194 = SURFACE_CURVE('',#4195,(#4199,#4206),.PCURVE_S1.);
#4195 = LINE('',#4196,#4197);
#4196 = CARTESIAN_POINT('',(1.3,-2.485,19.));
#4197 = VECTOR('',#4198,1.);
#4198 = DIRECTION('',(0.,1.,0.));
#4199 = PCURVE('',#4172,#4200);
#4200 = DEFINITIONAL_REPRESENTATION('',(#4201),#4205);
#4201 = LINE('',#4202,#4203);
#4202 = CARTESIAN_POINT('',(0.,0.));
#4203 = VECTOR('',#4204,1.);
#4204 = DIRECTION('',(0.,-1.));
#4205 = ( GEOMETRIC_REPRESENTATION_CONTEXT(2) 
PARAMETRIC_REPRESENTATION_CONTEXT() REPRESENTATION_CONTEXT('2D SPACE',''
  ) );
#4206 = PCURVE('',#4092,#4207);
#4207 = DEFINITIONAL_REPRESENTATION('',(#4208),#4212);
#4208 = LINE('',#4209,#4210);
#4209 = CARTESIAN_POINT('',(2.6,0.));
#4210 = VECTOR('',#4211,1.);
#4211 = DIRECTION('',(0.,1.));
#4212 = ( GEOMETRIC_REPRESENTATION_CONTEXT(2) 
PARAMETRIC_REPRESENTATION_CONTEXT() REPRESENTATION_CONTEXT('2D SPACE',''
  ) );
#4213 = ORIENTED_EDGE('',*,*,#4214,.T.);
#4214 = EDGE_CURVE('',#4192,#4215,#4217,.T.);
#4215 = VERTEX_POINT('',#4216);
#4216 = CARTESIAN_POINT('',(1.3,-1.815,55.));
#4217 = SURFACE_CURVE('',#4218,(#4222,#4229),.PCURVE_S1.);
#4218 = LINE('',#4219,#4220);
#4219 = CARTESIAN_POINT('',(1.3,-1.815,19.));
#4220 = VECTOR('',#4221,1.);
#4221 = DIRECTION('',(0.,0.,1.));
#4222 = PCURVE('',#4172,#4223);
#4223 = DEFINITIONAL_REPRESENTATION('',(#4224),#4228);
#4224 = LINE('',#4225,#4226);
#4225 = CARTESIAN_POINT('',(0.,-0.67));
#4226 = VECTOR('',#4227,1.);
#4227 = DIRECTION('',(1.,0.));
#4228 = ( GEOMETRIC_REPRESENTATION_CONTEXT(2) 
PARAMETRIC_REPRESENTATION_CONTEXT() REPRESENTATION_CONTEXT('2D SPACE',''
  ) );
#4229 = PCURVE('',#4120,#4230);
#4230 = DEFINITIONAL_REPRESENTATION('',(#4231),#4235);
#4231 = LINE('',#4232,#4233);
#4232 = CARTESIAN_POINT('',(0.,2.6));
#4233 = VECTOR('',#4234,1.);
#4234 = DIRECTION('',(1.,0.));
#4235 = ( GEOMETRIC_REPRESENTATION_CONTEXT(2) 
PARAMETRIC_REPRESENTATION_CONTEXT() REPRESENTATION_CONTEXT('2D SPACE',''
  ) );
#4236 = ORIENTED_EDGE('',*,*,#4237,.F.);
#4237 = EDGE_CURVE('',#4164,#4215,#4238,.T.);
#4238 = SURFACE_CURVE('',#4239,(#4243,#4250),.PCURVE_S1.);
#4239 = LINE('',#4240,#4241);
#4240 = CARTESIAN_POINT('',(1.3,-2.485,55.));
#4241 = VECTOR('',#4242,1.);
#4242 = DIRECTION('',(0.,1.,0.));
#4243 = PCURVE('',#4172,#4244);
#4244 = DEFINITIONAL_REPRESENTATION('',(#4245),#4249);
#4245 = LINE('',#4246,#4247);
#4246 = CARTESIAN_POINT('',(36.,0.));
#4247 = VECTOR('',#4248,1.);
#4248 = DIRECTION('',(0.,-1.));
#4249 = ( GEOMETRIC_REPRESENTATION_CONTEXT(2) 
PARAMETRIC_REPRESENTATION_CONTEXT() REPRESENTATION_CONTEXT('2D SPACE',''
  ) );
#4250 = PCURVE('',#4146,#4251);
#4251 = DEFINITIONAL_REPRESENTATION('',(#4252),#4256);
#4252 = LINE('',#4253,#4254);
#4253 = CARTESIAN_POINT('',(2.6,0.));
#4254 = VECTOR('',#4255,1.);
#4255 = DIRECTION('',(0.,1.));
#4256 = ( GEOMETRIC_REPRESENTATION_CONTEXT(2) 
PARAMETRIC_REPRESENTATION_CONTEXT() REPRESENTATION_CONTEXT('2D SPACE',''
  ) );
#4257 = ADVANCED_FACE('',(#4258),#4064,.F.);
#4258 = FACE_BOUND('',#4259,.F.);
#4259 = EDGE_LOOP('',(#4260,#4281,#4282,#4303));
#4260 = ORIENTED_EDGE('',*,*,#4261,.F.);
#4261 = EDGE_CURVE('',#4042,#4162,#4262,.T.);
#4262 = SURFACE_CURVE('',#4263,(#4267,#4274),.PCURVE_S1.);
#4263 = LINE('',#4264,#4265);
#4264 = CARTESIAN_POINT('',(-1.3,-2.485,19.));
#4265 = VECTOR('',#4266,1.);
#4266 = DIRECTION('',(1.,0.,0.));
#4267 = PCURVE('',#4064,#4268);
#4268 = DEFINITIONAL_REPRESENTATION('',(#4269),#4273);
#4269 = LINE('',#4270,#4271);
#4270 = CARTESIAN_POINT('',(0.,0.));
#4271 = VECTOR('',#4272,1.);
#4272 = DIRECTION('',(0.,1.));
#4273 = ( GEOMETRIC_REPRESENTATION_CONTEXT(2) 
PARAMETRIC_REPRESENTATION_CONTEXT() REPRESENTATION_CONTEXT('2D SPACE',''
  ) );
#4274 = PCURVE('',#4092,#4275);
#4275 = DEFINITIONAL_REPRESENTATION('',(#4276),#4280);
#4276 = LINE('',#4277,#4278);
#4277 = CARTESIAN_POINT('',(0.,0.));
#4278 = VECTOR('',#4279,1.);
#4279 = DIRECTION('',(1.,0.));
#4280 = ( GEOMETRIC_REPRESENTATION_CONTEXT(2) 
PARAMETRIC_REPRESENTATION_CONTEXT() REPRESENTATION_CONTEXT('2D SPACE',''
  ) );
#4281 = ORIENTED_EDGE('',*,*,#4041,.T.);
#4282 = ORIENTED_EDGE('',*,*,#4283,.T.);
#4283 = EDGE_CURVE('',#4044,#4164,#4284,.T.);
#4284 = SURFACE_CURVE('',#4285,(#4289,#4296),.PCURVE_S1.);
#4285 = LINE('',#4286,#4287);
#4286 = CARTESIAN_POINT('',(-1.3,-2.485,55.));
#4287 = VECTOR('',#4288,1.);
#4288 = DIRECTION('',(1.,0.,0.));
#4289 = PCURVE('',#4064,#4290);
#4290 = DEFINITIONAL_REPRESENTATION('',(#4291),#4295);
#4291 = LINE('',#4292,#4293);
#4292 = CARTESIAN_POINT('',(36.,0.));
#4293 = VECTOR('',#4294,1.);
#4294 = DIRECTION('',(0.,1.));
#4295 = ( GEOMETRIC_REPRESENTATION_CONTEXT(2) 
PARAMETRIC_REPRESENTATION_CONTEXT() REPRESENTATION_CONTEXT('2D SPACE',''
  ) );
#4296 = PCURVE('',#4146,#4297);
#4297 = DEFINITIONAL_REPRESENTATION('',(#4298),#4302);
#4298 = LINE('',#4299,#4300);
#4299 = CARTESIAN_POINT('',(0.,0.));
#4300 = VECTOR('',#4301,1.);
#4301 = DIRECTION('',(1.,0.));
#4302 = ( GEOMETRIC_REPRESENTATION_CONTEXT(2) 
PARAMETRIC_REPRESENTATION_CONTEXT() REPRESENTATION_CONTEXT('2D SPACE',''
  ) );
#4303 = ORIENTED_EDGE('',*,*,#4161,.F.);
#4304 = ADVANCED_FACE('',(#4305),#4120,.T.);
#4305 = FACE_BOUND('',#4306,.T.);
#4306 = EDGE_LOOP('',(#4307,#4328,#4329,#4350));
#4307 = ORIENTED_EDGE('',*,*,#4308,.F.);
#4308 = EDGE_CURVE('',#4077,#4192,#4309,.T.);
#4309 = SURFACE_CURVE('',#4310,(#4314,#4321),.PCURVE_S1.);
#4310 = LINE('',#4311,#4312);
#4311 = CARTESIAN_POINT('',(-1.3,-1.815,19.));
#4312 = VECTOR('',#4313,1.);
#4313 = DIRECTION('',(1.,0.,0.));
#4314 = PCURVE('',#4120,#4315);
#4315 = DEFINITIONAL_REPRESENTATION('',(#4316),#4320);
#4316 = LINE('',#4317,#4318);
#4317 = CARTESIAN_POINT('',(0.,0.));
#4318 = VECTOR('',#4319,1.);
#4319 = DIRECTION('',(0.,1.));
#4320 = ( GEOMETRIC_REPRESENTATION_CONTEXT(2) 
PARAMETRIC_REPRESENTATION_CONTEXT() REPRESENTATION_CONTEXT('2D SPACE',''
  ) );
#4321 = PCURVE('',#4092,#4322);
#4322 = DEFINITIONAL_REPRESENTATION('',(#4323),#4327);
#4323 = LINE('',#4324,#4325);
#4324 = CARTESIAN_POINT('',(0.,0.67));
#4325 = VECTOR('',#4326,1.);
#4326 = DIRECTION('',(1.,0.));
#4327 = ( GEOMETRIC_REPRESENTATION_CONTEXT(2) 
PARAMETRIC_REPRESENTATION_CONTEXT() REPRESENTATION_CONTEXT('2D SPACE',''
  ) );
#4328 = ORIENTED_EDGE('',*,*,#4104,.T.);
#4329 = ORIENTED_EDGE('',*,*,#4330,.T.);
#4330 = EDGE_CURVE('',#4105,#4215,#4331,.T.);
#4331 = SURFACE_CURVE('',#4332,(#4336,#4343),.PCURVE_S1.);
#4332 = LINE('',#4333,#4334);
#4333 = CARTESIAN_POINT('',(-1.3,-1.815,55.));
#4334 = VECTOR('',#4335,1.);
#4335 = DIRECTION('',(1.,0.,0.));
#4336 = PCURVE('',#4120,#4337);
#4337 = DEFINITIONAL_REPRESENTATION('',(#4338),#4342);
#4338 = LINE('',#4339,#4340);
#4339 = CARTESIAN_POINT('',(36.,0.));
#4340 = VECTOR('',#4341,1.);
#4341 = DIRECTION('',(0.,1.));
#4342 = ( GEOMETRIC_REPRESENTATION_CONTEXT(2) 
PARAMETRIC_REPRESENTATION_CONTEXT() REPRESENTATION_CONTEXT('2D SPACE',''
  ) );
#4343 = PCURVE('',#4146,#4344);
#4344 = DEFINITIONAL_REPRESENTATION('',(#4345),#4349);
#4345 = LINE('',#4346,#4347);
#4346 = CARTESIAN_POINT('',(0.,0.67));
#4347 = VECTOR('',#4348,1.);
#4348 = DIRECTION('',(1.,0.));
#4349 = ( GEOMETRIC_REPRESENTATION_CONTEXT(2) 
PARAMETRIC_REPRESENTATION_CONTEXT() REPRESENTATION_CONTEXT('2D SPACE',''
  ) );
#4350 = ORIENTED_EDGE('',*,*,#4214,.F.);
#4351 = ADVANCED_FACE('',(#4352),#4092,.F.);
#4352 = FACE_BOUND('',#4353,.F.);
#4353 = EDGE_LOOP('',(#4354,#4355,#4356,#4357));
#4354 = ORIENTED_EDGE('',*,*,#4076,.F.);
#4355 = ORIENTED_EDGE('',*,*,#4261,.T.);
#4356 = ORIENTED_EDGE('',*,*,#4191,.T.);
#4357 = ORIENTED_EDGE('',*,*,#4308,.F.);
#4358 = ADVANCED_FACE('',(#4359),#4146,.T.);
#4359 = FACE_BOUND('',#4360,.T.);
#4360 = EDGE_LOOP('',(#4361,#4362,#4363,#4364));
#4361 = ORIENTED_EDGE('',*,*,#4132,.F.);
#4362 = ORIENTED_EDGE('',*,*,#4283,.T.);
#4363 = ORIENTED_EDGE('',*,*,#4237,.T.);
#4364 = ORIENTED_EDGE('',*,*,#4330,.F.);
#4365 = ( GEOMETRIC_REPRESENTATION_CONTEXT(3) 
GLOBAL_UNCERTAINTY_ASSIGNED_CONTEXT((#4369)) 
GLOBAL_UNIT_ASSIGNED_CONTEXT((#4366,#4367,#4368)) REPRESENTATION_CONTEXT
('Context #1','3D Context with UNIT and UNCERTAINTY') );
#4366 = ( LENGTH_UNIT() NAMED_UNIT(*) SI_UNIT(.MILLI.,.METRE.) );
#4367 = ( NAMED_UNIT(*) PLANE_ANGLE_UNIT() SI_UNIT($,.RADIAN.) );
#4368 = ( NAMED_UNIT(*) SI_UNIT($,.STERADIAN.) SOLID_ANGLE_UNIT() );
#4369 = UNCERTAINTY_MEASURE_WITH_UNIT(LENGTH_MEASURE(1.E-07),#4366,
  'distance_accuracy_value','confusion accuracy');
#4370 = CONTEXT_DEPENDENT_SHAPE_REPRESENTATION(#4371,#4373);
#4371 = ( REPRESENTATION_RELATIONSHIP('','',#4034,#10) 
REPRESENTATION_RELATIONSHIP_WITH_TRANSFORMATION(#4372) 
SHAPE_REPRESENTATION_RELATIONSHIP() );
#4372 = ITEM_DEFINED_TRANSFORMATION('','',#11,#67);
#4373 = PRODUCT_DEFINITION_SHAPE('Placement','Placement of an item',
  #4374);
#4374 = NEXT_ASSEMBLY_USAGE_OCCURRENCE('14','bender_y_neg','',#5,#4029,$
  );
#4375 = PRODUCT_RELATED_PRODUCT_CATEGORY('part',$,(#4031));
#4376 = SHAPE_DEFINITION_REPRESENTATION(#4377,#4383);
#4377 = PRODUCT_DEFINITION_SHAPE('','',#4378);
#4378 = PRODUCT_DEFINITION('design','',#4379,#4382);
#4379 = PRODUCT_DEFINITION_FORMATION('','',#4380);
#4380 = PRODUCT('bender_y_pos','bender_y_pos','',(#4381));
#4381 = PRODUCT_CONTEXT('',#2,'mechanical');
#4382 = PRODUCT_DEFINITION_CONTEXT('part definition',#2,'design');
#4383 = ADVANCED_BREP_SHAPE_REPRESENTATION('',(#11,#4384),#4714);
#4384 = MANIFOLD_SOLID_BREP('',#4385);
#4385 = CLOSED_SHELL('',(#4386,#4506,#4606,#4653,#4700,#4707));
#4386 = ADVANCED_FACE('',(#4387),#4401,.F.);
#4387 = FACE_BOUND('',#4388,.F.);
#4388 = EDGE_LOOP('',(#4389,#4424,#4452,#4480));
#4389 = ORIENTED_EDGE('',*,*,#4390,.F.);
#4390 = EDGE_CURVE('',#4391,#4393,#4395,.T.);
#4391 = VERTEX_POINT('',#4392);
#4392 = CARTESIAN_POINT('',(-1.3,1.815,19.));
#4393 = VERTEX_POINT('',#4394);
#4394 = CARTESIAN_POINT('',(-1.3,1.815,55.));
#4395 = SURFACE_CURVE('',#4396,(#4400,#4412),.PCURVE_S1.);
#4396 = LINE('',#4397,#4398);
#4397 = CARTESIAN_POINT('',(-1.3,1.815,19.));
#4398 = VECTOR('',#4399,1.);
#4399 = DIRECTION('',(0.,0.,1.));
#4400 = PCURVE('',#4401,#4406);
#4401 = PLANE('',#4402);
#4402 = AXIS2_PLACEMENT_3D('',#4403,#4404,#4405);
#4403 = CARTESIAN_POINT('',(-1.3,1.815,19.));
#4404 = DIRECTION('',(1.,0.,0.));
#4405 = DIRECTION('',(0.,0.,1.));
#4406 = DEFINITIONAL_REPRESENTATION('',(#4407),#4411);
#4407 = LINE('',#4408,#4409);
#4408 = CARTESIAN_POINT('',(0.,0.));
#4409 = VECTOR('',#4410,1.);
#4410 = DIRECTION('',(1.,0.));
#4411 = ( GEOMETRIC_REPRESENTATION_CONTEXT(2) 
PARAMETRIC_REPRESENTATION_CONTEXT() REPRESENTATION_CONTEXT('2D SPACE',''
  ) );
#4412 = PCURVE('',#4413,#4418);
#4413 = PLANE('',#4414);
#4414 = AXIS2_PLACEMENT_3D('',#4415,#4416,#4417);
#4415 = CARTESIAN_POINT('',(-1.3,1.815,19.));
#4416 = DIRECTION('',(0.,1.,0.));
#4417 = DIRECTION('',(0.,0.,1.));
#4418 = DEFINITIONAL_REPRESENTATION('',(#4419),#4423);
#4419 = LINE('',#4420,#4421);
#4420 = CARTESIAN_POINT('',(0.,0.));
#4421 = VECTOR('',#4422,1.);
#4422 = DIRECTION('',(1.,0.));
#4423 = ( GEOMETRIC_REPRESENTATION_CONTEXT(2) 
PARAMETRIC_REPRESENTATION_CONTEXT() REPRESENTATION_CONTEXT('2D SPACE',''
  ) );
#4424 = ORIENTED_EDGE('',*,*,#4425,.T.);
#4425 = EDGE_CURVE('',#4391,#4426,#4428,.T.);
#4426 = VERTEX_POINT('',#4427);
#4427 = CARTESIAN_POINT('',(-1.3,2.485,19.));
#4428 = SURFACE_CURVE('',#4429,(#4433,#4440),.PCURVE_S1.);
#4429 = LINE('',#4430,#4431);
#4430 = CARTESIAN_POINT('',(-1.3,1.815,19.));
#4431 = VECTOR('',#4432,1.);
#4432 = DIRECTION('',(0.,1.,0.));
#4433 = PCURVE('',#4401,#4434);
#4434 = DEFINITIONAL_REPRESENTATION('',(#4435),#4439);
#4435 = LINE('',#4436,#4437);
#4436 = CARTESIAN_POINT('',(0.,0.));
#4437 = VECTOR('',#4438,1.);
#4438 = DIRECTION('',(0.,-1.));
#4439 = ( GEOMETRIC_REPRESENTATION_CONTEXT(2) 
PARAMETRIC_REPRESENTATION_CONTEXT() REPRESENTATION_CONTEXT('2D SPACE',''
  ) );
#4440 = PCURVE('',#4441,#4446);
#4441 = PLANE('',#4442);
#4442 = AXIS2_PLACEMENT_3D('',#4443,#4444,#4445);
#4443 = CARTESIAN_POINT('',(-1.3,1.815,19.));
#4444 = DIRECTION('',(0.,0.,1.));
#4445 = DIRECTION('',(1.,0.,0.));
#4446 = DEFINITIONAL_REPRESENTATION('',(#4447),#4451);
#4447 = LINE('',#4448,#4449);
#4448 = CARTESIAN_POINT('',(0.,0.));
#4449 = VECTOR('',#4450,1.);
#4450 = DIRECTION('',(0.,1.));
#4451 = ( GEOMETRIC_REPRESENTATION_CONTEXT(2) 
PARAMETRIC_REPRESENTATION_CONTEXT() REPRESENTATION_CONTEXT('2D SPACE',''
  ) );
#4452 = ORIENTED_EDGE('',*,*,#4453,.T.);
#4453 = EDGE_CURVE('',#4426,#4454,#4456,.T.);
#4454 = VERTEX_POINT('',#4455);
#4455 = CARTESIAN_POINT('',(-1.3,2.485,55.));
#4456 = SURFACE_CURVE('',#4457,(#4461,#4468),.PCURVE_S1.);
#4457 = LINE('',#4458,#4459);
#4458 = CARTESIAN_POINT('',(-1.3,2.485,19.));
#4459 = VECTOR('',#4460,1.);
#4460 = DIRECTION('',(0.,0.,1.));
#4461 = PCURVE('',#4401,#4462);
#4462 = DEFINITIONAL_REPRESENTATION('',(#4463),#4467);
#4463 = LINE('',#4464,#4465);
#4464 = CARTESIAN_POINT('',(0.,-0.67));
#4465 = VECTOR('',#4466,1.);
#4466 = DIRECTION('',(1.,0.));
#4467 = ( GEOMETRIC_REPRESENTATION_CONTEXT(2) 
PARAMETRIC_REPRESENTATION_CONTEXT() REPRESENTATION_CONTEXT('2D SPACE',''
  ) );
#4468 = PCURVE('',#4469,#4474);
#4469 = PLANE('',#4470);
#4470 = AXIS2_PLACEMENT_3D('',#4471,#4472,#4473);
#4471 = CARTESIAN_POINT('',(-1.3,2.485,19.));
#4472 = DIRECTION('',(0.,1.,0.));
#4473 = DIRECTION('',(0.,0.,1.));
#4474 = DEFINITIONAL_REPRESENTATION('',(#4475),#4479);
#4475 = LINE('',#4476,#4477);
#4476 = CARTESIAN_POINT('',(0.,0.));
#4477 = VECTOR('',#4478,1.);
#4478 = DIRECTION('',(1.,0.));
#4479 = ( GEOMETRIC_REPRESENTATION_CONTEXT(2) 
PARAMETRIC_REPRESENTATION_CONTEXT() REPRESENTATION_CONTEXT('2D SPACE',''
  ) );
#4480 = ORIENTED_EDGE('',*,*,#4481,.F.);
#4481 = EDGE_CURVE('',#4393,#4454,#4482,.T.);
#4482 = SURFACE_CURVE('',#4483,(#4487,#4494),.PCURVE_S1.);
#4483 = LINE('',#4484,#4485);
#4484 = CARTESIAN_POINT('',(-1.3,1.815,55.));
#4485 = VECTOR('',#4486,1.);
#4486 = DIRECTION('',(0.,1.,0.));
#4487 = PCURVE('',#4401,#4488);
#4488 = DEFINITIONAL_REPRESENTATION('',(#4489),#4493);
#4489 = LINE('',#4490,#4491);
#4490 = CARTESIAN_POINT('',(36.,0.));
#4491 = VECTOR('',#4492,1.);
#4492 = DIRECTION('',(0.,-1.));
#4493 = ( GEOMETRIC_REPRESENTATION_CONTEXT(2) 
PARAMETRIC_REPRESENTATION_CONTEXT() REPRESENTATION_CONTEXT('2D SPACE',''
  ) );
#4494 = PCURVE('',#4495,#4500);
#4495 = PLANE('',#4496);
#4496 = AXIS2_PLACEMENT_3D('',#4497,#4498,#4499);
#4497 = CARTESIAN_POINT('',(-1.3,1.815,55.));
#4498 = DIRECTION('',(0.,0.,1.));
#4499 = DIRECTION('',(1.,0.,0.));
#4500 = DEFINITIONAL_REPRESENTATION('',(#4501),#4505);
#4501 = LINE('',#4502,#4503);
#4502 = CARTESIAN_POINT('',(0.,0.));
#4503 = VECTOR('',#4504,1.);
#4504 = DIRECTION('',(0.,1.));
#4505 = ( GEOMETRIC_REPRESENTATION_CONTEXT(2) 
PARAMETRIC_REPRESENTATION_CONTEXT() REPRESENTATION_CONTEXT('2D SPACE',''
  ) );
#4506 = ADVANCED_FACE('',(#4507),#4521,.T.);
#4507 = FACE_BOUND('',#4508,.T.);
#4508 = EDGE_LOOP('',(#4509,#4539,#4562,#4585));
#4509 = ORIENTED_EDGE('',*,*,#4510,.F.);
#4510 = EDGE_CURVE('',#4511,#4513,#4515,.T.);
#4511 = VERTEX_POINT('',#4512);
#4512 = CARTESIAN_POINT('',(1.3,1.815,19.));
#4513 = VERTEX_POINT('',#4514);
#4514 = CARTESIAN_POINT('',(1.3,1.815,55.));
#4515 = SURFACE_CURVE('',#4516,(#4520,#4532),.PCURVE_S1.);
#4516 = LINE('',#4517,#4518);
#4517 = CARTESIAN_POINT('',(1.3,1.815,19.));
#4518 = VECTOR('',#4519,1.);
#4519 = DIRECTION('',(0.,0.,1.));
#4520 = PCURVE('',#4521,#4526);
#4521 = PLANE('',#4522);
#4522 = AXIS2_PLACEMENT_3D('',#4523,#4524,#4525);
#4523 = CARTESIAN_POINT('',(1.3,1.815,19.));
#4524 = DIRECTION('',(1.,0.,0.));
#4525 = DIRECTION('',(0.,0.,1.));
#4526 = DEFINITIONAL_REPRESENTATION('',(#4527),#4531);
#4527 = LINE('',#4528,#4529);
#4528 = CARTESIAN_POINT('',(0.,0.));
#4529 = VECTOR('',#4530,1.);
#4530 = DIRECTION('',(1.,0.));
#4531 = ( GEOMETRIC_REPRESENTATION_CONTEXT(2) 
PARAMETRIC_REPRESENTATION_CONTEXT() REPRESENTATION_CONTEXT('2D SPACE',''
  ) );
#4532 = PCURVE('',#4413,#4533);
#4533 = DEFINITIONAL_REPRESENTATION('',(#4534),#4538);
#4534 = LINE('',#4535,#4536);
#4535 = CARTESIAN_POINT('',(0.,2.6));
#4536 = VECTOR('',#4537,1.);
#4537 = DIRECTION('',(1.,0.));
#4538 = ( GEOMETRIC_REPRESENTATION_CONTEXT(2) 
PARAMETRIC_REPRESENTATION_CONTEXT() REPRESENTATION_CONTEXT('2D SPACE',''
  ) );
#4539 = ORIENTED_EDGE('',*,*,#4540,.T.);
#4540 = EDGE_CURVE('',#4511,#4541,#4543,.T.);
#4541 = VERTEX_POINT('',#4542);
#4542 = CARTESIAN_POINT('',(1.3,2.485,19.));
#4543 = SURFACE_CURVE('',#4544,(#4548,#4555),.PCURVE_S1.);
#4544 = LINE('',#4545,#4546);
#4545 = CARTESIAN_POINT('',(1.3,1.815,19.));
#4546 = VECTOR('',#4547,1.);
#4547 = DIRECTION('',(0.,1.,0.));
#4548 = PCURVE('',#4521,#4549);
#4549 = DEFINITIONAL_REPRESENTATION('',(#4550),#4554);
#4550 = LINE('',#4551,#4552);
#4551 = CARTESIAN_POINT('',(0.,0.));
#4552 = VECTOR('',#4553,1.);
#4553 = DIRECTION('',(0.,-1.));
#4554 = ( GEOMETRIC_REPRESENTATION_CONTEXT(2) 
PARAMETRIC_REPRESENTATION_CONTEXT() REPRESENTATION_CONTEXT('2D SPACE',''
  ) );
#4555 = PCURVE('',#4441,#4556);
#4556 = DEFINITIONAL_REPRESENTATION('',(#4557),#4561);
#4557 = LINE('',#4558,#4559);
#4558 = CARTESIAN_POINT('',(2.6,0.));
#4559 = VECTOR('',#4560,1.);
#4560 = DIRECTION('',(0.,1.));
#4561 = ( GEOMETRIC_REPRESENTATION_CONTEXT(2) 
PARAMETRIC_REPRESENTATION_CONTEXT() REPRESENTATION_CONTEXT('2D SPACE',''
  ) );
#4562 = ORIENTED_EDGE('',*,*,#4563,.T.);
#4563 = EDGE_CURVE('',#4541,#4564,#4566,.T.);
#4564 = VERTEX_POINT('',#4565);
#4565 = CARTESIAN_POINT('',(1.3,2.485,55.));
#4566 = SURFACE_CURVE('',#4567,(#4571,#4578),.PCURVE_S1.);
#4567 = LINE('',#4568,#4569);
#4568 = CARTESIAN_POINT('',(1.3,2.485,19.));
#4569 = VECTOR('',#4570,1.);
#4570 = DIRECTION('',(0.,0.,1.));
#4571 = PCURVE('',#4521,#4572);
#4572 = DEFINITIONAL_REPRESENTATION('',(#4573),#4577);
#4573 = LINE('',#4574,#4575);
#4574 = CARTESIAN_POINT('',(0.,-0.67));
#4575 = VECTOR('',#4576,1.);
#4576 = DIRECTION('',(1.,0.));
#4577 = ( GEOMETRIC_REPRESENTATION_CONTEXT(2) 
PARAMETRIC_REPRESENTATION_CONTEXT() REPRESENTATION_CONTEXT('2D SPACE',''
  ) );
#4578 = PCURVE('',#4469,#4579);
#4579 = DEFINITIONAL_REPRESENTATION('',(#4580),#4584);
#4580 = LINE('',#4581,#4582);
#4581 = CARTESIAN_POINT('',(0.,2.6));
#4582 = VECTOR('',#4583,1.);
#4583 = DIRECTION('',(1.,0.));
#4584 = ( GEOMETRIC_REPRESENTATION_CONTEXT(2) 
PARAMETRIC_REPRESENTATION_CONTEXT() REPRESENTATION_CONTEXT('2D SPACE',''
  ) );
#4585 = ORIENTED_EDGE('',*,*,#4586,.F.);
#4586 = EDGE_CURVE('',#4513,#4564,#4587,.T.);
#4587 = SURFACE_CURVE('',#4588,(#4592,#4599),.PCURVE_S1.);
#4588 = LINE('',#4589,#4590);
#4589 = CARTESIAN_POINT('',(1.3,1.815,55.));
#4590 = VECTOR('',#4591,1.);
#4591 = DIRECTION('',(0.,1.,0.));
#4592 = PCURVE('',#4521,#4593);
#4593 = DEFINITIONAL_REPRESENTATION('',(#4594),#4598);
#4594 = LINE('',#4595,#4596);
#4595 = CARTESIAN_POINT('',(36.,0.));
#4596 = VECTOR('',#4597,1.);
#4597 = DIRECTION('',(0.,-1.));
#4598 = ( GEOMETRIC_REPRESENTATION_CONTEXT(2) 
PARAMETRIC_REPRESENTATION_CONTEXT() REPRESENTATION_CONTEXT('2D SPACE',''
  ) );
#4599 = PCURVE('',#4495,#4600);
#4600 = DEFINITIONAL_REPRESENTATION('',(#4601),#4605);
#4601 = LINE('',#4602,#4603);
#4602 = CARTESIAN_POINT('',(2.6,0.));
#4603 = VECTOR('',#4604,1.);
#4604 = DIRECTION('',(0.,1.));
#4605 = ( GEOMETRIC_REPRESENTATION_CONTEXT(2) 
PARAMETRIC_REPRESENTATION_CONTEXT() REPRESENTATION_CONTEXT('2D SPACE',''
  ) );
#4606 = ADVANCED_FACE('',(#4607),#4413,.F.);
#4607 = FACE_BOUND('',#4608,.F.);
#4608 = EDGE_LOOP('',(#4609,#4630,#4631,#4652));
#4609 = ORIENTED_EDGE('',*,*,#4610,.F.);
#4610 = EDGE_CURVE('',#4391,#4511,#4611,.T.);
#4611 = SURFACE_CURVE('',#4612,(#4616,#4623),.PCURVE_S1.);
#4612 = LINE('',#4613,#4614);
#4613 = CARTESIAN_POINT('',(-1.3,1.815,19.));
#4614 = VECTOR('',#4615,1.);
#4615 = DIRECTION('',(1.,0.,0.));
#4616 = PCURVE('',#4413,#4617);
#4617 = DEFINITIONAL_REPRESENTATION('',(#4618),#4622);
#4618 = LINE('',#4619,#4620);
#4619 = CARTESIAN_POINT('',(0.,0.));
#4620 = VECTOR('',#4621,1.);
#4621 = DIRECTION('',(0.,1.));
#4622 = ( GEOMETRIC_REPRESENTATION_CONTEXT(2) 
PARAMETRIC_REPRESENTATION_CONTEXT() REPRESENTATION_CONTEXT('2D SPACE',''
  ) );
#4623 = PCURVE('',#4441,#4624);
#4624 = DEFINITIONAL_REPRESENTATION('',(#4625),#4629);
#4625 = LINE('',#4626,#4627);
#4626 = CARTESIAN_POINT('',(0.,0.));
#4627 = VECTOR('',#4628,1.);
#4628 = DIRECTION('',(1.,0.));
#4629 = ( GEOMETRIC_REPRESENTATION_CONTEXT(2) 
PARAMETRIC_REPRESENTATION_CONTEXT() REPRESENTATION_CONTEXT('2D SPACE',''
  ) );
#4630 = ORIENTED_EDGE('',*,*,#4390,.T.);
#4631 = ORIENTED_EDGE('',*,*,#4632,.T.);
#4632 = EDGE_CURVE('',#4393,#4513,#4633,.T.);
#4633 = SURFACE_CURVE('',#4634,(#4638,#4645),.PCURVE_S1.);
#4634 = LINE('',#4635,#4636);
#4635 = CARTESIAN_POINT('',(-1.3,1.815,55.));
#4636 = VECTOR('',#4637,1.);
#4637 = DIRECTION('',(1.,0.,0.));
#4638 = PCURVE('',#4413,#4639);
#4639 = DEFINITIONAL_REPRESENTATION('',(#4640),#4644);
#4640 = LINE('',#4641,#4642);
#4641 = CARTESIAN_POINT('',(36.,0.));
#4642 = VECTOR('',#4643,1.);
#4643 = DIRECTION('',(0.,1.));
#4644 = ( GEOMETRIC_REPRESENTATION_CONTEXT(2) 
PARAMETRIC_REPRESENTATION_CONTEXT() REPRESENTATION_CONTEXT('2D SPACE',''
  ) );
#4645 = PCURVE('',#4495,#4646);
#4646 = DEFINITIONAL_REPRESENTATION('',(#4647),#4651);
#4647 = LINE('',#4648,#4649);
#4648 = CARTESIAN_POINT('',(0.,0.));
#4649 = VECTOR('',#4650,1.);
#4650 = DIRECTION('',(1.,0.));
#4651 = ( GEOMETRIC_REPRESENTATION_CONTEXT(2) 
PARAMETRIC_REPRESENTATION_CONTEXT() REPRESENTATION_CONTEXT('2D SPACE',''
  ) );
#4652 = ORIENTED_EDGE('',*,*,#4510,.F.);
#4653 = ADVANCED_FACE('',(#4654),#4469,.T.);
#4654 = FACE_BOUND('',#4655,.T.);
#4655 = EDGE_LOOP('',(#4656,#4677,#4678,#4699));
#4656 = ORIENTED_EDGE('',*,*,#4657,.F.);
#4657 = EDGE_CURVE('',#4426,#4541,#4658,.T.);
#4658 = SURFACE_CURVE('',#4659,(#4663,#4670),.PCURVE_S1.);
#4659 = LINE('',#4660,#4661);
#4660 = CARTESIAN_POINT('',(-1.3,2.485,19.));
#4661 = VECTOR('',#4662,1.);
#4662 = DIRECTION('',(1.,0.,0.));
#4663 = PCURVE('',#4469,#4664);
#4664 = DEFINITIONAL_REPRESENTATION('',(#4665),#4669);
#4665 = LINE('',#4666,#4667);
#4666 = CARTESIAN_POINT('',(0.,0.));
#4667 = VECTOR('',#4668,1.);
#4668 = DIRECTION('',(0.,1.));
#4669 = ( GEOMETRIC_REPRESENTATION_CONTEXT(2) 
PARAMETRIC_REPRESENTATION_CONTEXT() REPRESENTATION_CONTEXT('2D SPACE',''
  ) );
#4670 = PCURVE('',#4441,#4671);
#4671 = DEFINITIONAL_REPRESENTATION('',(#4672),#4676);
#4672 = LINE('',#4673,#4674);
#4673 = CARTESIAN_POINT('',(0.,0.67));
#4674 = VECTOR('',#4675,1.);
#4675 = DIRECTION('',(1.,0.));
#4676 = ( GEOMETRIC_REPRESENTATION_CONTEXT(2) 
PARAMETRIC_REPRESENTATION_CONTEXT() REPRESENTATION_CONTEXT('2D SPACE',''
  ) );
#4677 = ORIENTED_EDGE('',*,*,#4453,.T.);
#4678 = ORIENTED_EDGE('',*,*,#4679,.T.);
#4679 = EDGE_CURVE('',#4454,#4564,#4680,.T.);
#4680 = SURFACE_CURVE('',#4681,(#4685,#4692),.PCURVE_S1.);
#4681 = LINE('',#4682,#4683);
#4682 = CARTESIAN_POINT('',(-1.3,2.485,55.));
#4683 = VECTOR('',#4684,1.);
#4684 = DIRECTION('',(1.,0.,0.));
#4685 = PCURVE('',#4469,#4686);
#4686 = DEFINITIONAL_REPRESENTATION('',(#4687),#4691);
#4687 = LINE('',#4688,#4689);
#4688 = CARTESIAN_POINT('',(36.,0.));
#4689 = VECTOR('',#4690,1.);
#4690 = DIRECTION('',(0.,1.));
#4691 = ( GEOMETRIC_REPRESENTATION_CONTEXT(2) 
PARAMETRIC_REPRESENTATION_CONTEXT() REPRESENTATION_CONTEXT('2D SPACE',''
  ) );
#4692 = PCURVE('',#4495,#4693);
#4693 = DEFINITIONAL_REPRESENTATION('',(#4694),#4698);
#4694 = LINE('',#4695,#4696);
#4695 = CARTESIAN_POINT('',(0.,0.67));
#4696 = VECTOR('',#4697,1.);
#4697 = DIRECTION('',(1.,0.));
#4698 = ( GEOMETRIC_REPRESENTATION_CONTEXT(2) 
PARAMETRIC_REPRESENTATION_CONTEXT() REPRESENTATION_CONTEXT('2D SPACE',''
  ) );
#4699 = ORIENTED_EDGE('',*,*,#4563,.F.);
#4700 = ADVANCED_FACE('',(#4701),#4441,.F.);
#4701 = FACE_BOUND('',#4702,.F.);
#4702 = EDGE_LOOP('',(#4703,#4704,#4705,#4706));
#4703 = ORIENTED_EDGE('',*,*,#4425,.F.);
#4704 = ORIENTED_EDGE('',*,*,#4610,.T.);
#4705 = ORIENTED_EDGE('',*,*,#4540,.T.);
#4706 = ORIENTED_EDGE('',*,*,#4657,.F.);
#4707 = ADVANCED_FACE('',(#4708),#4495,.T.);
#4708 = FACE_BOUND('',#4709,.T.);
#4709 = EDGE_LOOP('',(#4710,#4711,#4712,#4713));
#4710 = ORIENTED_EDGE('',*,*,#4481,.F.);
#4711 = ORIENTED_EDGE('',*,*,#4632,.T.);
#4712 = ORIENTED_EDGE('',*,*,#4586,.T.);
#4713 = ORIENTED_EDGE('',*,*,#4679,.F.);
#4714 = ( GEOMETRIC_REPRESENTATION_CONTEXT(3) 
GLOBAL_UNCERTAINTY_ASSIGNED_CONTEXT((#4718)) 
GLOBAL_UNIT_ASSIGNED_CONTEXT((#4715,#4716,#4717)) REPRESENTATION_CONTEXT
('Context #1','3D Context with UNIT and UNCERTAINTY') );
#4715 = ( LENGTH_UNIT() NAMED_UNIT(*) SI_UNIT(.MILLI.,.METRE.) );
#4716 = ( NAMED_UNIT(*) PLANE_ANGLE_UNIT() SI_UNIT($,.RADIAN.) );
#4717 = ( NAMED_UNIT(*) SI_UNIT($,.STERADIAN.) SOLID_ANGLE_UNIT() );
#4718 = UNCERTAINTY_MEASURE_WITH_UNIT(LENGTH_MEASURE(1.E-07),#4715,
  'distance_accuracy_value','confusion accuracy');
#4719 = CONTEXT_DEPENDENT_SHAPE_REPRESENTATION(#4720,#4722);
#4720 = ( REPRESENTATION_RELATIONSHIP('','',#4383,#10) 
REPRESENTATION_RELATIONSHIP_WITH_TRANSFORMATION(#4721) 
SHAPE_REPRESENTATION_RELATIONSHIP() );
#4721 = ITEM_DEFINED_TRANSFORMATION('','',#11,#71);
#4722 = PRODUCT_DEFINITION_SHAPE('Placement','Placement of an item',
  #4723);
#4723 = NEXT_ASSEMBLY_USAGE_OCCURRENCE('15','bender_y_pos','',#5,#4378,$
  );
#4724 = PRODUCT_RELATED_PRODUCT_CATEGORY('part',$,(#4380));
#4725 = SHAPE_DEFINITION_REPRESENTATION(#4726,#4732);
#4726 = PRODUCT_DEFINITION_SHAPE('','',#4727);
#4727 = PRODUCT_DEFINITION('design','',#4728,#4731);
#4728 = PRODUCT_DEFINITION_FORMATION('','',#4729);
#4729 = PRODUCT('leaf_x_neg','leaf_x_neg','',(#4730));
#4730 = PRODUCT_CONTEXT('',#2,'mechanical');
#4731 = PRODUCT_DEFINITION_CONTEXT('part definition',#2,'design');
#4732 = ADVANCED_BREP_SHAPE_REPRESENTATION('',(#11,#4733),#5063);
#4733 = MANIFOLD_SOLID_BREP('',#4734);
#4734 = CLOSED_SHELL('',(#4735,#4855,#4955,#5002,#5049,#5056));
#4735 = ADVANCED_FACE('',(#4736),#4750,.F.);
#4736 = FACE_BOUND('',#4737,.F.);
#4737 = EDGE_LOOP('',(#4738,#4773,#4801,#4829));
#4738 = ORIENTED_EDGE('',*,*,#4739,.F.);
#4739 = EDGE_CURVE('',#4740,#4742,#4744,.T.);
#4740 = VERTEX_POINT('',#4741);
#4741 = CARTESIAN_POINT('',(-2.15,-5.E-02,17.));
#4742 = VERTEX_POINT('',#4743);
#4743 = CARTESIAN_POINT('',(-2.15,-5.E-02,19.5));
#4744 = SURFACE_CURVE('',#4745,(#4749,#4761),.PCURVE_S1.);
#4745 = LINE('',#4746,#4747);
#4746 = CARTESIAN_POINT('',(-2.15,-5.E-02,17.));
#4747 = VECTOR('',#4748,1.);
#4748 = DIRECTION('',(0.,0.,1.));
#4749 = PCURVE('',#4750,#4755);
#4750 = PLANE('',#4751);
#4751 = AXIS2_PLACEMENT_3D('',#4752,#4753,#4754);
#4752 = CARTESIAN_POINT('',(-2.15,-5.E-02,17.));
#4753 = DIRECTION('',(1.,0.,0.));
#4754 = DIRECTION('',(0.,0.,1.));
#4755 = DEFINITIONAL_REPRESENTATION('',(#4756),#4760);
#4756 = LINE('',#4757,#4758);
#4757 = CARTESIAN_POINT('',(0.,0.));
#4758 = VECTOR('',#4759,1.);
#4759 = DIRECTION('',(1.,0.));
#4760 = ( GEOMETRIC_REPRESENTATION_CONTEXT(2) 
PARAMETRIC_REPRESENTATION_CONTEXT() REPRESENTATION_CONTEXT('2D SPACE',''
  ) );
#4761 = PCURVE('',#4762,#4767);
#4762 = PLANE('',#4763);
#4763 = AXIS2_PLACEMENT_3D('',#4764,#4765,#4766);
#4764 = CARTESIAN_POINT('',(-2.15,-5.E-02,17.));
#4765 = DIRECTION('',(0.,1.,0.));
#4766 = DIRECTION('',(0.,0.,1.));
#4767 = DEFINITIONAL_REPRESENTATION('',(#4768),#4772);
#4768 = LINE('',#4769,#4770);
#4769 = CARTESIAN_POINT('',(0.,0.));
#4770 = VECTOR('',#4771,1.);
#4771 = DIRECTION('',(1.,0.));
#4772 = ( GEOMETRIC_REPRESENTATION_CONTEXT(2) 
PARAMETRIC_REPRESENTATION_CONTEXT() REPRESENTATION_CONTEXT('2D SPACE',''
  ) );
#4773 = ORIENTED_EDGE('',*,*,#4774,.T.);
#4774 = EDGE_CURVE('',#4740,#4775,#4777,.T.);
#4775 = VERTEX_POINT('',#4776);
#4776 = CARTESIAN_POINT('',(-2.15,5.E-02,17.));
#4777 = SURFACE_CURVE('',#4778,(#4782,#4789),.PCURVE_S1.);
#4778 = LINE('',#4779,#4780);
#4779 = CARTESIAN_POINT('',(-2.15,-5.E-02,17.));
#4780 = VECTOR('',#4781,1.);
#4781 = DIRECTION('',(0.,1.,0.));
#4782 = PCURVE('',#4750,#4783);
#4783 = DEFINITIONAL_REPRESENTATION('',(#4784),#4788);
#4784 = LINE('',#4785,#4786);
#4785 = CARTESIAN_POINT('',(0.,0.));
#4786 = VECTOR('',#4787,1.);
#4787 = DIRECTION('',(0.,-1.));
#4788 = ( GEOMETRIC_REPRESENTATION_CONTEXT(2) 
PARAMETRIC_REPRESENTATION_CONTEXT() REPRESENTATION_CONTEXT('2D SPACE',''
  ) );
#4789 = PCURVE('',#4790,#4795);
#4790 = PLANE('',#4791);
#4791 = AXIS2_PLACEMENT_3D('',#4792,#4793,#4794);
#4792 = CARTESIAN_POINT('',(-2.15,-5.E-02,17.));
#4793 = DIRECTION('',(0.,0.,1.));
#4794 = DIRECTION('',(1.,0.,0.));
#4795 = DEFINITIONAL_REPRESENTATION('',(#4796),#4800);
#4796 = LINE('',#4797,#4798);
#4797 = CARTESIAN_POINT('',(0.,0.));
#4798 = VECTOR('',#4799,1.);
#4799 = DIRECTION('',(0.,1.));
#4800 = ( GEOMETRIC_REPRESENTATION_CONTEXT(2) 
PARAMETRIC_REPRESENTATION_CONTEXT() REPRESENTATION_CONTEXT('2D SPACE',''
  ) );
#4801 = ORIENTED_EDGE('',*,*,#4802,.T.);
#4802 = EDGE_CURVE('',#4775,#4803,#4805,.T.);
#4803 = VERTEX_POINT('',#4804);
#4804 = CARTESIAN_POINT('',(-2.15,5.E-02,19.5));
#4805 = SURFACE_CURVE('',#4806,(#4810,#4817),.PCURVE_S1.);
#4806 = LINE('',#4807,#4808);
#4807 = CARTESIAN_POINT('',(-2.15,5.E-02,17.));
#4808 = VECTOR('',#4809,1.);
#4809 = DIRECTION('',(0.,0.,1.));
#4810 = PCURVE('',#4750,#4811);
#4811 = DEFINITIONAL_REPRESENTATION('',(#4812),#4816);
#4812 = LINE('',#4813,#4814);
#4813 = CARTESIAN_POINT('',(0.,-0.1));
#4814 = VECTOR('',#4815,1.);
#4815 = DIRECTION('',(1.,0.));
#4816 = ( GEOMETRIC_REPRESENTATION_CONTEXT(2) 
PARAMETRIC_REPRESENTATION_CONTEXT() REPRESENTATION_CONTEXT('2D SPACE',''
  ) );
#4817 = PCURVE('',#4818,#4823);
#4818 = PLANE('',#4819);
#4819 = AXIS2_PLACEMENT_3D('',#4820,#4821,#4822);
#4820 = CARTESIAN_POINT('',(-2.15,5.E-02,17.));
#4821 = DIRECTION('',(0.,1.,0.));
#4822 = DIRECTION('',(0.,0.,1.));
#4823 = DEFINITIONAL_REPRESENTATION('',(#4824),#4828);
#4824 = LINE('',#4825,#4826);
#4825 = CARTESIAN_POINT('',(0.,0.));
#4826 = VECTOR('',#4827,1.);
#4827 = DIRECTION('',(1.,0.));
#4828 = ( GEOMETRIC_REPRESENTATION_CONTEXT(2) 
PARAMETRIC_REPRESENTATION_CONTEXT() REPRESENTATION_CONTEXT('2D SPACE',''
  ) );
#4829 = ORIENTED_EDGE('',*,*,#4830,.F.);
#4830 = EDGE_CURVE('',#4742,#4803,#4831,.T.);
#4831 = SURFACE_CURVE('',#4832,(#4836,#4843),.PCURVE_S1.);
#4832 = LINE('',#4833,#4834);
#4833 = CARTESIAN_POINT('',(-2.15,-5.E-02,19.5));
#4834 = VECTOR('',#4835,1.);
#4835 = DIRECTION('',(0.,1.,0.));
#4836 = PCURVE('',#4750,#4837);
#4837 = DEFINITIONAL_REPRESENTATION('',(#4838),#4842);
#4838 = LINE('',#4839,#4840);
#4839 = CARTESIAN_POINT('',(2.5,0.));
#4840 = VECTOR('',#4841,1.);
#4841 = DIRECTION('',(0.,-1.));
#4842 = ( GEOMETRIC_REPRESENTATION_CONTEXT(2) 
PARAMETRIC_REPRESENTATION_CONTEXT() REPRESENTATION_CONTEXT('2D SPACE',''
  ) );
#4843 = PCURVE('',#4844,#4849);
#4844 = PLANE('',#4845);
#4845 = AXIS2_PLACEMENT_3D('',#4846,#4847,#4848);
#4846 = CARTESIAN_POINT('',(-2.15,-5.E-02,19.5));
#4847 = DIRECTION('',(0.,0.,1.));
#4848 = DIRECTION('',(1.,0.,0.));
#4849 = DEFINITIONAL_REPRESENTATION('',(#4850),#4854);
#4850 = LINE('',#4851,#4852);
#4851 = CARTESIAN_POINT('',(0.,0.));
#4852 = VECTOR('',#4853,1.);
#4853 = DIRECTION('',(0.,1.));
#4854 = ( GEOMETRIC_REPRESENTATION_CONTEXT(2) 
PARAMETRIC_REPRESENTATION_CONTEXT() REPRESENTATION_CONTEXT('2D SPACE',''
  ) );
#4855 = ADVANCED_FACE('',(#4856),#4870,.T.);
#4856 = FACE_BOUND('',#4857,.T.);
#4857 = EDGE_LOOP('',(#4858,#4888,#4911,#4934));
#4858 = ORIENTED_EDGE('',*,*,#4859,.F.);
#4859 = EDGE_CURVE('',#4860,#4862,#4864,.T.);
#4860 = VERTEX_POINT('',#4861);
#4861 = CARTESIAN_POINT('',(-1.7,-5.E-02,17.));
#4862 = VERTEX_POINT('',#4863);
#4863 = CARTESIAN_POINT('',(-1.7,-5.E-02,19.5));
#4864 = SURFACE_CURVE('',#4865,(#4869,#4881),.PCURVE_S1.);
#4865 = LINE('',#4866,#4867);
#4866 = CARTESIAN_POINT('',(-1.7,-5.E-02,17.));
#4867 = VECTOR('',#4868,1.);
#4868 = DIRECTION('',(0.,0.,1.));
#4869 = PCURVE('',#4870,#4875);
#4870 = PLANE('',#4871);
#4871 = AXIS2_PLACEMENT_3D('',#4872,#4873,#4874);
#4872 = CARTESIAN_POINT('',(-1.7,-5.E-02,17.));
#4873 = DIRECTION('',(1.,0.,0.));
#4874 = DIRECTION('',(0.,0.,1.));
#4875 = DEFINITIONAL_REPRESENTATION('',(#4876),#4880);
#4876 = LINE('',#4877,#4878);
#4877 = CARTESIAN_POINT('',(0.,0.));
#4878 = VECTOR('',#4879,1.);
#4879 = DIRECTION('',(1.,0.));
#4880 = ( GEOMETRIC_REPRESENTATION_CONTEXT(2) 
PARAMETRIC_REPRESENTATION_CONTEXT() REPRESENTATION_CONTEXT('2D SPACE',''
  ) );
#4881 = PCURVE('',#4762,#4882);
#4882 = DEFINITIONAL_REPRESENTATION('',(#4883),#4887);
#4883 = LINE('',#4884,#4885);
#4884 = CARTESIAN_POINT('',(0.,0.45));
#4885 = VECTOR('',#4886,1.);
#4886 = DIRECTION('',(1.,0.));
#4887 = ( GEOMETRIC_REPRESENTATION_CONTEXT(2) 
PARAMETRIC_REPRESENTATION_CONTEXT() REPRESENTATION_CONTEXT('2D SPACE',''
  ) );
#4888 = ORIENTED_EDGE('',*,*,#4889,.T.);
#4889 = EDGE_CURVE('',#4860,#4890,#4892,.T.);
#4890 = VERTEX_POINT('',#4891);
#4891 = CARTESIAN_POINT('',(-1.7,5.E-02,17.));
#4892 = SURFACE_CURVE('',#4893,(#4897,#4904),.PCURVE_S1.);
#4893 = LINE('',#4894,#4895);
#4894 = CARTESIAN_POINT('',(-1.7,-5.E-02,17.));
#4895 = VECTOR('',#4896,1.);
#4896 = DIRECTION('',(0.,1.,0.));
#4897 = PCURVE('',#4870,#4898);
#4898 = DEFINITIONAL_REPRESENTATION('',(#4899),#4903);
#4899 = LINE('',#4900,#4901);
#4900 = CARTESIAN_POINT('',(0.,0.));
#4901 = VECTOR('',#4902,1.);
#4902 = DIRECTION('',(0.,-1.));
#4903 = ( GEOMETRIC_REPRESENTATION_CONTEXT(2) 
PARAMETRIC_REPRESENTATION_CONTEXT() REPRESENTATION_CONTEXT('2D SPACE',''
  ) );
#4904 = PCURVE('',#4790,#4905);
#4905 = DEFINITIONAL_REPRESENTATION('',(#4906),#4910);
#4906 = LINE('',#4907,#4908);
#4907 = CARTESIAN_POINT('',(0.45,0.));
#4908 = VECTOR('',#4909,1.);
#4909 = DIRECTION('',(0.,1.));
#4910 = ( GEOMETRIC_REPRESENTATION_CONTEXT(2) 
PARAMETRIC_REPRESENTATION_CONTEXT() REPRESENTATION_CONTEXT('2D SPACE',''
  ) );
#4911 = ORIENTED_EDGE('',*,*,#4912,.T.);
#4912 = EDGE_CURVE('',#4890,#4913,#4915,.T.);
#4913 = VERTEX_POINT('',#4914);
#4914 = CARTESIAN_POINT('',(-1.7,5.E-02,19.5));
#4915 = SURFACE_CURVE('',#4916,(#4920,#4927),.PCURVE_S1.);
#4916 = LINE('',#4917,#4918);
#4917 = CARTESIAN_POINT('',(-1.7,5.E-02,17.));
#4918 = VECTOR('',#4919,1.);
#4919 = DIRECTION('',(0.,0.,1.));
#4920 = PCURVE('',#4870,#4921);
#4921 = DEFINITIONAL_REPRESENTATION('',(#4922),#4926);
#4922 = LINE('',#4923,#4924);
#4923 = CARTESIAN_POINT('',(0.,-0.1));
#4924 = VECTOR('',#4925,1.);
#4925 = DIRECTION('',(1.,0.));
#4926 = ( GEOMETRIC_REPRESENTATION_CONTEXT(2) 
PARAMETRIC_REPRESENTATION_CONTEXT() REPRESENTATION_CONTEXT('2D SPACE',''
  ) );
#4927 = PCURVE('',#4818,#4928);
#4928 = DEFINITIONAL_REPRESENTATION('',(#4929),#4933);
#4929 = LINE('',#4930,#4931);
#4930 = CARTESIAN_POINT('',(0.,0.45));
#4931 = VECTOR('',#4932,1.);
#4932 = DIRECTION('',(1.,0.));
#4933 = ( GEOMETRIC_REPRESENTATION_CONTEXT(2) 
PARAMETRIC_REPRESENTATION_CONTEXT() REPRESENTATION_CONTEXT('2D SPACE',''
  ) );
#4934 = ORIENTED_EDGE('',*,*,#4935,.F.);
#4935 = EDGE_CURVE('',#4862,#4913,#4936,.T.);
#4936 = SURFACE_CURVE('',#4937,(#4941,#4948),.PCURVE_S1.);
#4937 = LINE('',#4938,#4939);
#4938 = CARTESIAN_POINT('',(-1.7,-5.E-02,19.5));
#4939 = VECTOR('',#4940,1.);
#4940 = DIRECTION('',(0.,1.,0.));
#4941 = PCURVE('',#4870,#4942);
#4942 = DEFINITIONAL_REPRESENTATION('',(#4943),#4947);
#4943 = LINE('',#4944,#4945);
#4944 = CARTESIAN_POINT('',(2.5,0.));
#4945 = VECTOR('',#4946,1.);
#4946 = DIRECTION('',(0.,-1.));
#4947 = ( GEOMETRIC_REPRESENTATION_CONTEXT(2) 
PARAMETRIC_REPRESENTATION_CONTEXT() REPRESENTATION_CONTEXT('2D SPACE',''
  ) );
#4948 = PCURVE('',#4844,#4949);
#4949 = DEFINITIONAL_REPRESENTATION('',(#4950),#4954);
#4950 = LINE('',#4951,#4952);
#4951 = CARTESIAN_POINT('',(0.45,0.));
#4952 = VECTOR('',#4953,1.);
#4953 = DIRECTION('',(0.,1.));
#4954 = ( GEOMETRIC_REPRESENTATION_CONTEXT(2) 
PARAMETRIC_REPRESENTATION_CONTEXT() REPRESENTATION_CONTEXT('2D SPACE',''
  ) );
#4955 = ADVANCED_FACE('',(#4956),#4762,.F.);
#4956 = FACE_BOUND('',#4957,.F.);
#4957 = EDGE_LOOP('',(#4958,#4979,#4980,#5001));
#4958 = ORIENTED_EDGE('',*,*,#4959,.F.);
#4959 = EDGE_CURVE('',#4740,#4860,#4960,.T.);
#4960 = SURFACE_CURVE('',#4961,(#4965,#4972),.PCURVE_S1.);
#4961 = LINE('',#4962,#4963);
#4962 = CARTESIAN_POINT('',(-2.15,-5.E-02,17.));
#4963 = VECTOR('',#4964,1.);
#4964 = DIRECTION('',(1.,0.,0.));
#4965 = PCURVE('',#4762,#4966);
#4966 = DEFINITIONAL_REPRESENTATION('',(#4967),#4971);
#4967 = LINE('',#4968,#4969);
#4968 = CARTESIAN_POINT('',(0.,0.));
#4969 = VECTOR('',#4970,1.);
#4970 = DIRECTION('',(0.,1.));
#4971 = ( GEOMETRIC_REPRESENTATION_CONTEXT(2) 
PARAMETRIC_REPRESENTATION_CONTEXT() REPRESENTATION_CONTEXT('2D SPACE',''
  ) );
#4972 = PCURVE('',#4790,#4973);
#4973 = DEFINITIONAL_REPRESENTATION('',(#4974),#4978);
#4974 = LINE('',#4975,#4976);
#4975 = CARTESIAN_POINT('',(0.,0.));
#4976 = VECTOR('',#4977,1.);
#4977 = DIRECTION('',(1.,0.));
#4978 = ( GEOMETRIC_REPRESENTATION_CONTEXT(2) 
PARAMETRIC_REPRESENTATION_CONTEXT() REPRESENTATION_CONTEXT('2D SPACE',''
  ) );
#4979 = ORIENTED_EDGE('',*,*,#4739,.T.);
#4980 = ORIENTED_EDGE('',*,*,#4981,.T.);
#4981 = EDGE_CURVE('',#4742,#4862,#4982,.T.);
#4982 = SURFACE_CURVE('',#4983,(#4987,#4994),.PCURVE_S1.);
#4983 = LINE('',#4984,#4985);
#4984 = CARTESIAN_POINT('',(-2.15,-5.E-02,19.5));
#4985 = VECTOR('',#4986,1.);
#4986 = DIRECTION('',(1.,0.,0.));
#4987 = PCURVE('',#4762,#4988);
#4988 = DEFINITIONAL_REPRESENTATION('',(#4989),#4993);
#4989 = LINE('',#4990,#4991);
#4990 = CARTESIAN_POINT('',(2.5,0.));
#4991 = VECTOR('',#4992,1.);
#4992 = DIRECTION('',(0.,1.));
#4993 = ( GEOMETRIC_REPRESENTATION_CONTEXT(2) 
PARAMETRIC_REPRESENTATION_CONTEXT() REPRESENTATION_CONTEXT('2D SPACE',''
  ) );
#4994 = PCURVE('',#4844,#4995);
#4995 = DEFINITIONAL_REPRESENTATION('',(#4996),#5000);
#4996 = LINE('',#4997,#4998);
#4997 = CARTESIAN_POINT('',(0.,0.));
#4998 = VECTOR('',#4999,1.);
#4999 = DIRECTION('',(1.,0.));
#5000 = ( GEOMETRIC_REPRESENTATION_CONTEXT(2) 
PARAMETRIC_REPRESENTATION_CONTEXT() REPRESENTATION_CONTEXT('2D SPACE',''
  ) );
#5001 = ORIENTED_EDGE('',*,*,#4859,.F.);
#5002 = ADVANCED_FACE('',(#5003),#4818,.T.);
#5003 = FACE_BOUND('',#5004,.T.);
#5004 = EDGE_LOOP('',(#5005,#5026,#5027,#5048));
#5005 = ORIENTED_EDGE('',*,*,#5006,.F.);
#5006 = EDGE_CURVE('',#4775,#4890,#5007,.T.);
#5007 = SURFACE_CURVE('',#5008,(#5012,#5019),.PCURVE_S1.);
#5008 = LINE('',#5009,#5010);
#5009 = CARTESIAN_POINT('',(-2.15,5.E-02,17.));
#5010 = VECTOR('',#5011,1.);
#5011 = DIRECTION('',(1.,0.,0.));
#5012 = PCURVE('',#4818,#5013);
#5013 = DEFINITIONAL_REPRESENTATION('',(#5014),#5018);
#5014 = LINE('',#5015,#5016);
#5015 = CARTESIAN_POINT('',(0.,0.));
#5016 = VECTOR('',#5017,1.);
#5017 = DIRECTION('',(0.,1.));
#5018 = ( GEOMETRIC_REPRESENTATION_CONTEXT(2) 
PARAMETRIC_REPRESENTATION_CONTEXT() REPRESENTATION_CONTEXT('2D SPACE',''
  ) );
#5019 = PCURVE('',#4790,#5020);
#5020 = DEFINITIONAL_REPRESENTATION('',(#5021),#5025);
#5021 = LINE('',#5022,#5023);
#5022 = CARTESIAN_POINT('',(0.,0.1));
#5023 = VECTOR('',#5024,1.);
#5024 = DIRECTION('',(1.,0.));
#5025 = ( GEOMETRIC_REPRESENTATION_CONTEXT(2) 
PARAMETRIC_REPRESENTATION_CONTEXT() REPRESENTATION_CONTEXT('2D SPACE',''
  ) );
#5026 = ORIENTED_EDGE('',*,*,#4802,.T.);
#5027 = ORIENTED_EDGE('',*,*,#5028,.T.);
#5028 = EDGE_CURVE('',#4803,#4913,#5029,.T.);
#5029 = SURFACE_CURVE('',#5030,(#5034,#5041),.PCURVE_S1.);
#5030 = LINE('',#5031,#5032);
#5031 = CARTESIAN_POINT('',(-2.15,5.E-02,19.5));
#5032 = VECTOR('',#5033,1.);
#5033 = DIRECTION('',(1.,0.,0.));
#5034 = PCURVE('',#4818,#5035);
#5035 = DEFINITIONAL_REPRESENTATION('',(#5036),#5040);
#5036 = LINE('',#5037,#5038);
#5037 = CARTESIAN_POINT('',(2.5,0.));
#5038 = VECTOR('',#5039,1.);
#5039 = DIRECTION('',(0.,1.));
#5040 = ( GEOMETRIC_REPRESENTATION_CONTEXT(2) 
PARAMETRIC_REPRESENTATION_CONTEXT() REPRESENTATION_CONTEXT('2D SPACE',''
  ) );
#5041 = PCURVE('',#4844,#5042);
#5042 = DEFINITIONAL_REPRESENTATION('',(#5043),#5047);
#5043 = LINE('',#5044,#5045);
#5044 = CARTESIAN_POINT('',(0.,0.1));
#5045 = VECTOR('',#5046,1.);
#5046 = DIRECTION('',(1.,0.));
#5047 = ( GEOMETRIC_REPRESENTATION_CONTEXT(2) 
PARAMETRIC_REPRESENTATION_CONTEXT() REPRESENTATION_CONTEXT('2D SPACE',''
  ) );
#5048 = ORIENTED_EDGE('',*,*,#4912,.F.);
#5049 = ADVANCED_FACE('',(#5050),#4790,.F.);
#5050 = FACE_BOUND('',#5051,.F.);
#5051 = EDGE_LOOP('',(#5052,#5053,#5054,#5055));
#5052 = ORIENTED_EDGE('',*,*,#4774,.F.);
#5053 = ORIENTED_EDGE('',*,*,#4959,.T.);
#5054 = ORIENTED_EDGE('',*,*,#4889,.T.);
#5055 = ORIENTED_EDGE('',*,*,#5006,.F.);
#5056 = ADVANCED_FACE('',(#5057),#4844,.T.);
#5057 = FACE_BOUND('',#5058,.T.);
#5058 = EDGE_LOOP('',(#5059,#5060,#5061,#5062));
#5059 = ORIENTED_EDGE('',*,*,#4830,.F.);
#5060 = ORIENTED_EDGE('',*,*,#4981,.T.);
#5061 = ORIENTED_EDGE('',*,*,#4935,.T.);
#5062 = ORIENTED_EDGE('',*,*,#5028,.F.);
#5063 = ( GEOMETRIC_REPRESENTATION_CONTEXT(3) 
GLOBAL_UNCERTAINTY_ASSIGNED_CONTEXT((#5067)) 
GLOBAL_UNIT_ASSIGNED_CONTEXT((#5064,#5065,#5066)) REPRESENTATION_CONTEXT
('Context #1','3D Context with UNIT and UNCERTAINTY') );
#5064 = ( LENGTH_UNIT() NAMED_UNIT(*) SI_UNIT(.MILLI.,.METRE.) );
#5065 = ( NAMED_UNIT(*) PLANE_ANGLE_UNIT() SI_UNIT($,.RADIAN.) );
#5066 = ( NAMED_UNIT(*) SI_UNIT($,.STERADIAN.) SOLID_ANGLE_UNIT() );
#5067 = UNCERTAINTY_MEASURE_WITH_UNIT(LENGTH_MEASURE(1.E-07),#5064,
  'distance_accuracy_value','confusion accuracy');
#5068 = CONTEXT_DEPENDENT_SHAPE_REPRESENTATION(#5069,#5071);
#5069 = ( REPRESENTATION_RELATIONSHIP('','',#4732,#10) 
REPRESENTATION_RELATIONSHIP_WITH_TRANSFORMATION(#5070) 
SHAPE_REPRESENTATION_RELATIONSHIP() );
#5070 = ITEM_DEFINED_TRANSFORMATION('','',#11,#75);
#5071 = PRODUCT_DEFINITION_SHAPE('Placement','Placement of an item',
  #5072);
#5072 = NEXT_ASSEMBLY_USAGE_OCCURRENCE('16','leaf_x_neg','',#5,#4727,$);
#5073 = PRODUCT_RELATED_PRODUCT_CATEGORY('part',$,(#4729));
#5074 = SHAPE_DEFINITION_REPRESENTATION(#5075,#5081);
#5075 = PRODUCT_DEFINITION_SHAPE('','',#5076);
#5076 = PRODUCT_DEFINITION('design','',#5077,#5080);
#5077 = PRODUCT_DEFINITION_FORMATION('','',#5078);
#5078 = PRODUCT('leaf_x_pos','leaf_x_pos','',(#5079));
#5079 = PRODUCT_CONTEXT('',#2,'mechanical');
#5080 = PRODUCT_DEFINITION_CONTEXT('part definition',#2,'design');
#5081 = ADVANCED_BREP_SHAPE_REPRESENTATION('',(#11,#5082),#5412);
#5082 = MANIFOLD_SOLID_BREP('',#5083);
#5083 = CLOSED_SHELL('',(#5084,#5204,#5304,#5351,#5398,#5405));
#5084 = ADVANCED_FACE('',(#5085),#5099,.F.);
#5085 = FACE_BOUND('',#5086,.F.);
#5086 = EDGE_LOOP('',(#5087,#5122,#5150,#5178));
#5087 = ORIENTED_EDGE('',*,*,#5088,.F.);
#5088 = EDGE_CURVE('',#5089,#5091,#5093,.T.);
#5089 = VERTEX_POINT('',#5090);
#5090 = CARTESIAN_POINT('',(1.7,-5.E-02,17.));
#5091 = VERTEX_POINT('',#5092);
#5092 = CARTESIAN_POINT('',(1.7,-5.E-02,19.5));
#5093 = SURFACE_CURVE('',#5094,(#5098,#5110),.PCURVE_S1.);
#5094 = LINE('',#5095,#5096);
#5095 = CARTESIAN_POINT('',(1.7,-5.E-02,17.));
#5096 = VECTOR('',#5097,1.);
#5097 = DIRECTION('',(0.,0.,1.));
#5098 = PCURVE('',#5099,#5104);
#5099 = PLANE('',#5100);
#5100 = AXIS2_PLACEMENT_3D('',#5101,#5102,#5103);
#5101 = CARTESIAN_POINT('',(1.7,-5.E-02,17.));
#5102 = DIRECTION('',(1.,0.,0.));
#5103 = DIRECTION('',(0.,0.,1.));
#5104 = DEFINITIONAL_REPRESENTATION('',(#5105),#5109);
#5105 = LINE('',#5106,#5107);
#5106 = CARTESIAN_POINT('',(0.,0.));
#5107 = VECTOR('',#5108,1.);
#5108 = DIRECTION('',(1.,0.));
#5109 = ( GEOMETRIC_REPRESENTATION_CONTEXT(2) 
PARAMETRIC_REPRESENTATION_CONTEXT() REPRESENTATION_CONTEXT('2D SPACE',''
  ) );
#5110 = PCURVE('',#5111,#5116);
#5111 = PLANE('',#5112);
#5112 = AXIS2_PLACEMENT_3D('',#5113,#5114,#5115);
#5113 = CARTESIAN_POINT('',(1.7,-5.E-02,17.));
#5114 = DIRECTION('',(0.,1.,0.));
#5115 = DIRECTION('',(0.,0.,1.));
#5116 = DEFINITIONAL_REPRESENTATION('',(#5117),#5121);
#5117 = LINE('',#5118,#5119);
#5118 = CARTESIAN_POINT('',(0.,0.));
#5119 = VECTOR('',#5120,1.);
#5120 = DIRECTION('',(1.,0.));
#5121 = ( GEOMETRIC_REPRESENTATION_CONTEXT(2) 
PARAMETRIC_REPRESENTATION_CONTEXT() REPRESENTATION_CONTEXT('2D SPACE',''
  ) );
#5122 = ORIENTED_EDGE('',*,*,#5123,.T.);
#5123 = EDGE_CURVE('',#5089,#5124,#5126,.T.);
#5124 = VERTEX_POINT('',#5125);
#5125 = CARTESIAN_POINT('',(1.7,5.E-02,17.));
#5126 = SURFACE_CURVE('',#5127,(#5131,#5138),.PCURVE_S1.);
#5127 = LINE('',#5128,#5129);
#5128 = CARTESIAN_POINT('',(1.7,-5.E-02,17.));
#5129 = VECTOR('',#5130,1.);
#5130 = DIRECTION('',(0.,1.,0.));
#5131 = PCURVE('',#5099,#5132);
#5132 = DEFINITIONAL_REPRESENTATION('',(#5133),#5137);
#5133 = LINE('',#5134,#5135);
#5134 = CARTESIAN_POINT('',(0.,0.));
#5135 = VECTOR('',#5136,1.);
#5136 = DIRECTION('',(0.,-1.));
#5137 = ( GEOMETRIC_REPRESENTATION_CONTEXT(2) 
PARAMETRIC_REPRESENTATION_CONTEXT() REPRESENTATION_CONTEXT('2D SPACE',''
  ) );
#5138 = PCURVE('',#5139,#5144);
#5139 = PLANE('',#5140);
#5140 = AXIS2_PLACEMENT_3D('',#5141,#5142,#5143);
#5141 = CARTESIAN_POINT('',(1.7,-5.E-02,17.));
#5142 = DIRECTION('',(0.,0.,1.));
#5143 = DIRECTION('',(1.,0.,0.));
#5144 = DEFINITIONAL_REPRESENTATION('',(#5145),#5149);
#5145 = LINE('',#5146,#5147);
#5146 = CARTESIAN_POINT('',(0.,0.));
#5147 = VECTOR('',#5148,1.);
#5148 = DIRECTION('',(0.,1.));
#5149 = ( GEOMETRIC_REPRESENTATION_CONTEXT(2) 
PARAMETRIC_REPRESENTATION_CONTEXT() REPRESENTATION_CONTEXT('2D SPACE',''
  ) );
#5150 = ORIENTED_EDGE('',*,*,#5151,.T.);
#5151 = EDGE_CURVE('',#5124,#5152,#5154,.T.);
#5152 = VERTEX_POINT('',#5153);
#5153 = CARTESIAN_POINT('',(1.7,5.E-02,19.5));
#5154 = SURFACE_CURVE('',#5155,(#5159,#5166),.PCURVE_S1.);
#5155 = LINE('',#5156,#5157);
#5156 = CARTESIAN_POINT('',(1.7,5.E-02,17.));
#5157 = VECTOR('',#5158,1.);
#5158 = DIRECTION('',(0.,0.,1.));
#5159 = PCURVE('',#5099,#5160);
#5160 = DEFINITIONAL_REPRESENTATION('',(#5161),#5165);
#5161 = LINE('',#5162,#5163);
#5162 = CARTESIAN_POINT('',(0.,-0.1));
#5163 = VECTOR('',#5164,1.);
#5164 = DIRECTION('',(1.,0.));
#5165 = ( GEOMETRIC_REPRESENTATION_CONTEXT(2) 
PARAMETRIC_REPRESENTATION_CONTEXT() REPRESENTATION_CONTEXT('2D SPACE',''
  ) );
#5166 = PCURVE('',#5167,#5172);
#5167 = PLANE('',#5168);
#5168 = AXIS2_PLACEMENT_3D('',#5169,#5170,#5171);
#5169 = CARTESIAN_POINT('',(1.7,5.E-02,17.));
#5170 = DIRECTION('',(0.,1.,0.));
#5171 = DIRECTION('',(0.,0.,1.));
#5172 = DEFINITIONAL_REPRESENTATION('',(#5173),#5177);
#5173 = LINE('',#5174,#5175);
#5174 = CARTESIAN_POINT('',(0.,0.));
#5175 = VECTOR('',#5176,1.);
#5176 = DIRECTION('',(1.,0.));
#5177 = ( GEOMETRIC_REPRESENTATION_CONTEXT(2) 
PARAMETRIC_REPRESENTATION_CONTEXT() REPRESENTATION_CONTEXT('2D SPACE',''
  ) );
#5178 = ORIENTED_EDGE('',*,*,#5179,.F.);
#5179 = EDGE_CURVE('',#5091,#5152,#5180,.T.);
#5180 = SURFACE_CURVE('',#5181,(#5185,#5192),.PCURVE_S1.);
#5181 = LINE('',#5182,#5183);
#5182 = CARTESIAN_POINT('',(1.7,-5.E-02,19.5));
#5183 = VECTOR('',#5184,1.);
#5184 = DIRECTION('',(0.,1.,0.));
#5185 = PCURVE('',#5099,#5186);
#5186 = DEFINITIONAL_REPRESENTATION('',(#5187),#5191);
#5187 = LINE('',#5188,#5189);
#5188 = CARTESIAN_POINT('',(2.5,0.));
#5189 = VECTOR('',#5190,1.);
#5190 = DIRECTION('',(0.,-1.));
#5191 = ( GEOMETRIC_REPRESENTATION_CONTEXT(2) 
PARAMETRIC_REPRESENTATION_CONTEXT() REPRESENTATION_CONTEXT('2D SPACE',''
  ) );
#5192 = PCURVE('',#5193,#5198);
#5193 = PLANE('',#5194);
#5194 = AXIS2_PLACEMENT_3D('',#5195,#5196,#5197);
#5195 = CARTESIAN_POINT('',(1.7,-5.E-02,19.5));
#5196 = DIRECTION('',(0.,0.,1.));
#5197 = DIRECTION('',(1.,0.,0.));
#5198 = DEFINITIONAL_REPRESENTATION('',(#5199),#5203);
#5199 = LINE('',#5200,#5201);
#5200 = CARTESIAN_POINT('',(0.,0.));
#5201 = VECTOR('',#5202,1.);
#5202 = DIRECTION('',(0.,1.));
#5203 = ( GEOMETRIC_REPRESENTATION_CONTEXT(2) 
PARAMETRIC_REPRESENTATION_CONTEXT() REPRESENTATION_CONTEXT('2D SPACE',''
  ) );
#5204 = ADVANCED_FACE('',(#5205),#5219,.T.);
#5205 = FACE_BOUND('',#5206,.T.);
#5206 = EDGE_LOOP('',(#5207,#5237,#5260,#5283));
#5207 = ORIENTED_EDGE('',*,*,#5208,.F.);
#5208 = EDGE_CURVE('',#5209,#5211,#5213,.T.);
#5209 = VERTEX_POINT('',#5210);
#5210 = CARTESIAN_POINT('',(2.15,-5.E-02,17.));
#5211 = VERTEX_POINT('',#5212);
#5212 = CARTESIAN_POINT('',(2.15,-5.E-02,19.5));
#5213 = SURFACE_CURVE('',#5214,(#5218,#5230),.PCURVE_S1.);
#5214 = LINE('',#5215,#5216);
#5215 = CARTESIAN_POINT('',(2.15,-5.E-02,17.));
#5216 = VECTOR('',#5217,1.);
#5217 = DIRECTION('',(0.,0.,1.));
#5218 = PCURVE('',#5219,#5224);
#5219 = PLANE('',#5220);
#5220 = AXIS2_PLACEMENT_3D('',#5221,#5222,#5223);
#5221 = CARTESIAN_POINT('',(2.15,-5.E-02,17.));
#5222 = DIRECTION('',(1.,0.,0.));
#5223 = DIRECTION('',(0.,0.,1.));
#5224 = DEFINITIONAL_REPRESENTATION('',(#5225),#5229);
#5225 = LINE('',#5226,#5227);
#5226 = CARTESIAN_POINT('',(0.,0.));
#5227 = VECTOR('',#5228,1.);
#5228 = DIRECTION('',(1.,0.));
#5229 = ( GEOMETRIC_REPRESENTATION_CONTEXT(2) 
PARAMETRIC_REPRESENTATION_CONTEXT() REPRESENTATION_CONTEXT('2D SPACE',''
  ) );
#5230 = PCURVE('',#5111,#5231);
#5231 = DEFINITIONAL_REPRESENTATION('',(#5232),#5236);
#5232 = LINE('',#5233,#5234);
#5233 = CARTESIAN_POINT('',(0.,0.45));
#5234 = VECTOR('',#5235,1.);
#5235 = DIRECTION('',(1.,0.));
#5236 = ( GEOMETRIC_REPRESENTATION_CONTEXT(2) 
PARAMETRIC_REPRESENTATION_CONTEXT() REPRESENTATION_CONTEXT('2D SPACE',''
  ) );
#5237 = ORIENTED_EDGE('',*,*,#5238,.T.);
#5238 = EDGE_CURVE('',#5209,#5239,#5241,.T.);
#5239 = VERTEX_POINT('',#5240);
#5240 = CARTESIAN_POINT('',(2.15,5.E-02,17.));
#5241 = SURFACE_CURVE('',#5242,(#5246,#5253),.PCURVE_S1.);
#5242 = LINE('',#5243,#5244);
#5243 = CARTESIAN_POINT('',(2.15,-5.E-02,17.));
#5244 = VECTOR('',#5245,1.);
#5245 = DIRECTION('',(0.,1.,0.));
#5246 = PCURVE('',#5219,#5247);
#5247 = DEFINITIONAL_REPRESENTATION('',(#5248),#5252);
#5248 = LINE('',#5249,#5250);
#5249 = CARTESIAN_POINT('',(0.,0.));
#5250 = VECTOR('',#5251,1.);
#5251 = DIRECTION('',(0.,-1.));
#5252 = ( GEOMETRIC_REPRESENTATION_CONTEXT(2) 
PARAMETRIC_REPRESENTATION_CONTEXT() REPRESENTATION_CONTEXT('2D SPACE',''
  ) );
#5253 = PCURVE('',#5139,#5254);
#5254 = DEFINITIONAL_REPRESENTATION('',(#5255),#5259);
#5255 = LINE('',#5256,#5257);
#5256 = CARTESIAN_POINT('',(0.45,0.));
#5257 = VECTOR('',#5258,1.);
#5258 = DIRECTION('',(0.,1.));
#5259 = ( GEOMETRIC_REPRESENTATION_CONTEXT(2) 
PARAMETRIC_REPRESENTATION_CONTEXT() REPRESENTATION_CONTEXT('2D SPACE',''
  ) );
#5260 = ORIENTED_EDGE('',*,*,#5261,.T.);
#5261 = EDGE_CURVE('',#5239,#5262,#5264,.T.);
#5262 = VERTEX_POINT('',#5263);
#5263 = CARTESIAN_POINT('',(2.15,5.E-02,19.5));
#5264 = SURFACE_CURVE('',#5265,(#5269,#5276),.PCURVE_S1.);
#5265 = LINE('',#5266,#5267);
#5266 = CARTESIAN_POINT('',(2.15,5.E-02,17.));
#5267 = VECTOR('',#5268,1.);
#5268 = DIRECTION('',(0.,0.,1.));
#5269 = PCURVE('',#5219,#5270);
#5270 = DEFINITIONAL_REPRESENTATION('',(#5271),#5275);
#5271 = LINE('',#5272,#5273);
#5272 = CARTESIAN_POINT('',(0.,-0.1));
#5273 = VECTOR('',#5274,1.);
#5274 = DIRECTION('',(1.,0.));
#5275 = ( GEOMETRIC_REPRESENTATION_CONTEXT(2) 
PARAMETRIC_REPRESENTATION_CONTEXT() REPRESENTATION_CONTEXT('2D SPACE',''
  ) );
#5276 = PCURVE('',#5167,#5277);
#5277 = DEFINITIONAL_REPRESENTATION('',(#5278),#5282);
#5278 = LINE('',#5279,#5280);
#5279 = CARTESIAN_POINT('',(0.,0.45));
#5280 = VECTOR('',#5281,1.);
#5281 = DIRECTION('',(1.,0.));
#5282 = ( GEOMETRIC_REPRESENTATION_CONTEXT(2) 
PARAMETRIC_REPRESENTATION_CONTEXT() REPRESENTATION_CONTEXT('2D SPACE',''
  ) );
#5283 = ORIENTED_EDGE('',*,*,#5284,.F.);
#5284 = EDGE_CURVE('',#5211,#5262,#5285,.T.);
#5285 = SURFACE_CURVE('',#5286,(#5290,#5297),.PCURVE_S1.);
#5286 = LINE('',#5287,#5288);
#5287 = CARTESIAN_POINT('',(2.15,-5.E-02,19.5));
#5288 = VECTOR('',#5289,1.);
#5289 = DIRECTION('',(0.,1.,0.));
#5290 = PCURVE('',#5219,#5291);
#5291 = DEFINITIONAL_REPRESENTATION('',(#5292),#5296);
#5292 = LINE('',#5293,#5294);
#5293 = CARTESIAN_POINT('',(2.5,0.));
#5294 = VECTOR('',#5295,1.);
#5295 = DIRECTION('',(0.,-1.));
#5296 = ( GEOMETRIC_REPRESENTATION_CONTEXT(2) 
PARAMETRIC_REPRESENTATION_CONTEXT() REPRESENTATION_CONTEXT('2D SPACE',''
  ) );
#5297 = PCURVE('',#5193,#5298);
#5298 = DEFINITIONAL_REPRESENTATION('',(#5299),#5303);
#5299 = LINE('',#5300,#5301);
#5300 = CARTESIAN_POINT('',(0.45,0.));
#5301 = VECTOR('',#5302,1.);
#5302 = DIRECTION('',(0.,1.));
#5303 = ( GEOMETRIC_REPRESENTATION_CONTEXT(2) 
PARAMETRIC_REPRESENTATION_CONTEXT() REPRESENTATION_CONTEXT('2D SPACE',''
  ) );
#5304 = ADVANCED_FACE('',(#5305),#5111,.F.);
#5305 = FACE_BOUND('',#5306,.F.);
#5306 = EDGE_LOOP('',(#5307,#5328,#5329,#5350));
#5307 = ORIENTED_EDGE('',*,*,#5308,.F.);
#5308 = EDGE_CURVE('',#5089,#5209,#5309,.T.);
#5309 = SURFACE_CURVE('',#5310,(#5314,#5321),.PCURVE_S1.);
#5310 = LINE('',#5311,#5312);
#5311 = CARTESIAN_POINT('',(1.7,-5.E-02,17.));
#5312 = VECTOR('',#5313,1.);
#5313 = DIRECTION('',(1.,0.,0.));
#5314 = PCURVE('',#5111,#5315);
#5315 = DEFINITIONAL_REPRESENTATION('',(#5316),#5320);
#5316 = LINE('',#5317,#5318);
#5317 = CARTESIAN_POINT('',(0.,0.));
#5318 = VECTOR('',#5319,1.);
#5319 = DIRECTION('',(0.,1.));
#5320 = ( GEOMETRIC_REPRESENTATION_CONTEXT(2) 
PARAMETRIC_REPRESENTATION_CONTEXT() REPRESENTATION_CONTEXT('2D SPACE',''
  ) );
#5321 = PCURVE('',#5139,#5322);
#5322 = DEFINITIONAL_REPRESENTATION('',(#5323),#5327);
#5323 = LINE('',#5324,#5325);
#5324 = CARTESIAN_POINT('',(0.,0.));
#5325 = VECTOR('',#5326,1.);
#5326 = DIRECTION('',(1.,0.));
#5327 = ( GEOMETRIC_REPRESENTATION_CONTEXT(2) 
PARAMETRIC_REPRESENTATION_CONTEXT() REPRESENTATION_CONTEXT('2D SPACE',''
  ) );
#5328 = ORIENTED_EDGE('',*,*,#5088,.T.);
#5329 = ORIENTED_EDGE('',*,*,#5330,.T.);
#5330 = EDGE_CURVE('',#5091,#5211,#5331,.T.);
#5331 = SURFACE_CURVE('',#5332,(#5336,#5343),.PCURVE_S1.);
#5332 = LINE('',#5333,#5334);
#5333 = CARTESIAN_POINT('',(1.7,-5.E-02,19.5));
#5334 = VECTOR('',#5335,1.);
#5335 = DIRECTION('',(1.,0.,0.));
#5336 = PCURVE('',#5111,#5337);
#5337 = DEFINITIONAL_REPRESENTATION('',(#5338),#5342);
#5338 = LINE('',#5339,#5340);
#5339 = CARTESIAN_POINT('',(2.5,0.));
#5340 = VECTOR('',#5341,1.);
#5341 = DIRECTION('',(0.,1.));
#5342 = ( GEOMETRIC_REPRESENTATION_CONTEXT(2) 
PARAMETRIC_REPRESENTATION_CONTEXT() REPRESENTATION_CONTEXT('2D SPACE',''
  ) );
#5343 = PCURVE('',#5193,#5344);
#5344 = DEFINITIONAL_REPRESENTATION('',(#5345),#5349);
#5345 = LINE('',#5346,#5347);
#5346 = CARTESIAN_POINT('',(0.,0.));
#5347 = VECTOR('',#5348,1.);
#5348 = DIRECTION('',(1.,0.));
#5349 = ( GEOMETRIC_REPRESENTATION_CONTEXT(2) 
PARAMETRIC_REPRESENTATION_CONTEXT() REPRESENTATION_CONTEXT('2D SPACE',''
  ) );
#5350 = ORIENTED_EDGE('',*,*,#5208,.F.);
#5351 = ADVANCED_FACE('',(#5352),#5167,.T.);
#5352 = FACE_BOUND('',#5353,.T.);
#5353 = EDGE_LOOP('',(#5354,#5375,#5376,#5397));
#5354 = ORIENTED_EDGE('',*,*,#5355,.F.);
#5355 = EDGE_CURVE('',#5124,#5239,#5356,.T.);
#5356 = SURFACE_CURVE('',#5357,(#5361,#5368),.PCURVE_S1.);
#5357 = LINE('',#5358,#5359);
#5358 = CARTESIAN_POINT('',(1.7,5.E-02,17.));
#5359 = VECTOR('',#5360,1.);
#5360 = DIRECTION('',(1.,0.,0.));
#5361 = PCURVE('',#5167,#5362);
#5362 = DEFINITIONAL_REPRESENTATION('',(#5363),#5367);
#5363 = LINE('',#5364,#5365);
#5364 = CARTESIAN_POINT('',(0.,0.));
#5365 = VECTOR('',#5366,1.);
#5366 = DIRECTION('',(0.,1.));
#5367 = ( GEOMETRIC_REPRESENTATION_CONTEXT(2) 
PARAMETRIC_REPRESENTATION_CONTEXT() REPRESENTATION_CONTEXT('2D SPACE',''
  ) );
#5368 = PCURVE('',#5139,#5369);
#5369 = DEFINITIONAL_REPRESENTATION('',(#5370),#5374);
#5370 = LINE('',#5371,#5372);
#5371 = CARTESIAN_POINT('',(0.,0.1));
#5372 = VECTOR('',#5373,1.);
#5373 = DIRECTION('',(1.,0.));
#5374 = ( GEOMETRIC_REPRESENTATION_CONTEXT(2) 
PARAMETRIC_REPRESENTATION_CONTEXT() REPRESENTATION_CONTEXT('2D SPACE',''
  ) );
#5375 = ORIENTED_EDGE('',*,*,#5151,.T.);
#5376 = ORIENTED_EDGE('',*,*,#5377,.T.);
#5377 = EDGE_CURVE('',#5152,#5262,#5378,.T.);
#5378 = SURFACE_CURVE('',#5379,(#5383,#5390),.PCURVE_S1.);
#5379 = LINE('',#5380,#5381);
#5380 = CARTESIAN_POINT('',(1.7,5.E-02,19.5));
#5381 = VECTOR('',#5382,1.);
#5382 = DIRECTION('',(1.,0.,0.));
#5383 = PCURVE('',#5167,#5384);
#5384 = DEFINITIONAL_REPRESENTATION('',(#5385),#5389);
#5385 = LINE('',#5386,#5387);
#5386 = CARTESIAN_POINT('',(2.5,0.));
#5387 = VECTOR('',#5388,1.);
#5388 = DIRECTION('',(0.,1.));
#5389 = ( GEOMETRIC_REPRESENTATION_CONTEXT(2) 
PARAMETRIC_REPRESENTATION_CONTEXT() REPRESENTATION_CONTEXT('2D SPACE',''
  ) );
#5390 = PCURVE('',#5193,#5391);
#5391 = DEFINITIONAL_REPRESENTATION('',(#5392),#5396);
#5392 = LINE('',#5393,#5394);
#5393 = CARTESIAN_POINT('',(0.,0.1));
#5394 = VECTOR('',#5395,1.);
#5395 = DIRECTION('',(1.,0.));
#5396 = ( GEOMETRIC_REPRESENTATION_CONTEXT(2) 
PARAMETRIC_REPRESENTATION_CONTEXT() REPRESENTATION_CONTEXT('2D SPACE',''
  ) );
#5397 = ORIENTED_EDGE('',*,*,#5261,.F.);
#5398 = ADVANCED_FACE('',(#5399),#5139,.F.);
#5399 = FACE_BOUND('',#5400,.F.);
#5400 = EDGE_LOOP('',(#5401,#5402,#5403,#5404));
#5401 = ORIENTED_EDGE('',*,*,#5123,.F.);
#5402 = ORIENTED_EDGE('',*,*,#5308,.T.);
#5403 = ORIENTED_EDGE('',*,*,#5238,.T.);
#5404 = ORIENTED_EDGE('',*,*,#5355,.F.);
#5405 = ADVANCED_FACE('',(#5406),#5193,.T.);
#5406 = FACE_BOUND('',#5407,.T.);
#5407 = EDGE_LOOP('',(#5408,#5409,#5410,#5411));
#5408 = ORIENTED_EDGE('',*,*,#5179,.F.);
#5409 = ORIENTED_EDGE('',*,*,#5330,.T.);
#5410 = ORIENTED_EDGE('',*,*,#5284,.T.);
#5411 = ORIENTED_EDGE('',*,*,#5377,.F.);
#5412 = ( GEOMETRIC_REPRESENTATION_CONTEXT(3) 
GLOBAL_UNCERTAINTY_ASSIGNED_CONTEXT((#5416)) 
GLOBAL_UNIT_ASSIGNED_CONTEXT((#5413,#5414,#5415)) REPRESENTATION_CONTEXT
('Context #1','3D Context with UNIT and UNCERTAINTY') );
#5413 = ( LENGTH_UNIT() NAMED_UNIT(*) SI_UNIT(.MILLI.,.METRE.) );
#5414 = ( NAMED_UNIT(*) PLANE_ANGLE_UNIT() SI_UNIT($,.RADIAN.) );
#5415 = ( NAMED_UNIT(*) SI_UNIT($,.STERADIAN.) SOLID_ANGLE_UNIT() );
#5416 = UNCERTAINTY_MEASURE_WITH_UNIT(LENGTH_MEASURE(1.E-07),#5413,
  'distance_accuracy_value','confusion accuracy');
#5417 = CONTEXT_DEPENDENT_SHAPE_REPRESENTATION(#5418,#5420);
#5418 = ( REPRESENTATION_RELATIONSHIP('','',#5081,#10) 
REPRESENTATION_RELATIONSHIP_WITH_TRANSFORMATION(#5419) 
SHAPE_REPRESENTATION_RELATIONSHIP() );
#5419 = ITEM_DEFINED_TRANSFORMATION('','',#11,#79);
#5420 = PRODUCT_DEFINITION_SHAPE('Placement','Placement of an item',
  #5421);
#5421 = NEXT_ASSEMBLY_USAGE_OCCURRENCE('17','leaf_x_pos','',#5,#5076,$);
#5422 = PRODUCT_RELATED_PRODUCT_CATEGORY('part',$,(#5078));
#5423 = SHAPE_DEFINITION_REPRESENTATION(#5424,#5430);
#5424 = PRODUCT_DEFINITION_SHAPE('','',#5425);
#5425 = PRODUCT_DEFINITION('design','',#5426,#5429);
#5426 = PRODUCT_DEFINITION_FORMATION('','',#5427);
#5427 = PRODUCT('leaf_y_neg','leaf_y_neg','',(#5428));
#5428 = PRODUCT_CONTEXT('',#2,'mechanical');
#5429 = PRODUCT_DEFINITION_CONTEXT('part definition',#2,'design');
#5430 = ADVANCED_BREP_SHAPE_REPRESENTATION('',(#11,#5431),#5761);
#5431 = MANIFOLD_SOLID_BREP('',#5432);
#5432 = CLOSED_SHELL('',(#5433,#5553,#5653,#5700,#5747,#5754));
#5433 = ADVANCED_FACE('',(#5434),#5448,.F.);
#5434 = FACE_BOUND('',#5435,.F.);
#5435 = EDGE_LOOP('',(#5436,#5471,#5499,#5527));
#5436 = ORIENTED_EDGE('',*,*,#5437,.F.);
#5437 = EDGE_CURVE('',#5438,#5440,#5442,.T.);
#5438 = VERTEX_POINT('',#5439);
#5439 = CARTESIAN_POINT('',(-5.E-02,-2.15,17.));
#5440 = VERTEX_POINT('',#5441);
#5441 = CARTESIAN_POINT('',(-5.E-02,-2.15,19.5));
#5442 = SURFACE_CURVE('',#5443,(#5447,#5459),.PCURVE_S1.);
#5443 = LINE('',#5444,#5445);
#5444 = CARTESIAN_POINT('',(-5.E-02,-2.15,17.));
#5445 = VECTOR('',#5446,1.);
#5446 = DIRECTION('',(0.,0.,1.));
#5447 = PCURVE('',#5448,#5453);
#5448 = PLANE('',#5449);
#5449 = AXIS2_PLACEMENT_3D('',#5450,#5451,#5452);
#5450 = CARTESIAN_POINT('',(-5.E-02,-2.15,17.));
#5451 = DIRECTION('',(1.,0.,0.));
#5452 = DIRECTION('',(0.,0.,1.));
#5453 = DEFINITIONAL_REPRESENTATION('',(#5454),#5458);
#5454 = LINE('',#5455,#5456);
#5455 = CARTESIAN_POINT('',(0.,0.));
#5456 = VECTOR('',#5457,1.);
#5457 = DIRECTION('',(1.,0.));
#5458 = ( GEOMETRIC_REPRESENTATION_CONTEXT(2) 
PARAMETRIC_REPRESENTATION_CONTEXT() REPRESENTATION_CONTEXT('2D SPACE',''
  ) );
#5459 = PCURVE('',#5460,#5465);
#5460 = PLANE('',#5461);
#5461 = AXIS2_PLACEMENT_3D('',#5462,#5463,#5464);
#5462 = CARTESIAN_POINT('',(-5.E-02,-2.15,17.));
#5463 = DIRECTION('',(0.,1.,0.));
#5464 = DIRECTION('',(0.,0.,1.));
#5465 = DEFINITIONAL_REPRESENTATION('',(#5466),#5470);
#5466 = LINE('',#5467,#5468);
#5467 = CARTESIAN_POINT('',(0.,0.));
#5468 = VECTOR('',#5469,1.);
#5469 = DIRECTION('',(1.,0.));
#5470 = ( GEOMETRIC_REPRESENTATION_CONTEXT(2) 
PARAMETRIC_REPRESENTATION_CONTEXT() REPRESENTATION_CONTEXT('2D SPACE',''
  ) );
#5471 = ORIENTED_EDGE('',*,*,#5472,.T.);
#5472 = EDGE_CURVE('',#5438,#5473,#5475,.T.);
#5473 = VERTEX_POINT('',#5474);
#5474 = CARTESIAN_POINT('',(-5.E-02,-1.7,17.));
#5475 = SURFACE_CURVE('',#5476,(#5480,#5487),.PCURVE_S1.);
#5476 = LINE('',#5477,#5478);
#5477 = CARTESIAN_POINT('',(-5.E-02,-2.15,17.));
#5478 = VECTOR('',#5479,1.);
#5479 = DIRECTION('',(0.,1.,0.));
#5480 = PCURVE('',#5448,#5481);
#5481 = DEFINITIONAL_REPRESENTATION('',(#5482),#5486);
#5482 = LINE('',#5483,#5484);
#5483 = CARTESIAN_POINT('',(0.,0.));
#5484 = VECTOR('',#5485,1.);
#5485 = DIRECTION('',(0.,-1.));
#5486 = ( GEOMETRIC_REPRESENTATION_CONTEXT(2) 
PARAMETRIC_REPRESENTATION_CONTEXT() REPRESENTATION_CONTEXT('2D SPACE',''
  ) );
#5487 = PCURVE('',#5488,#5493);
#5488 = PLANE('',#5489);
#5489 = AXIS2_PLACEMENT_3D('',#5490,#5491,#5492);
#5490 = CARTESIAN_POINT('',(-5.E-02,-2.15,17.));
#5491 = DIRECTION('',(0.,0.,1.));
#5492 = DIRECTION('',(1.,0.,0.));
#5493 = DEFINITIONAL_REPRESENTATION('',(#5494),#5498);
#5494 = LINE('',#5495,#5496);
#5495 = CARTESIAN_POINT('',(0.,0.));
#5496 = VECTOR('',#5497,1.);
#5497 = DIRECTION('',(0.,1.));
#5498 = ( GEOMETRIC_REPRESENTATION_CONTEXT(2) 
PARAMETRIC_REPRESENTATION_CONTEXT() REPRESENTATION_CONTEXT('2D SPACE',''
  ) );
#5499 = ORIENTED_EDGE('',*,*,#5500,.T.);
#5500 = EDGE_CURVE('',#5473,#5501,#5503,.T.);
#5501 = VERTEX_POINT('',#5502);
#5502 = CARTESIAN_POINT('',(-5.E-02,-1.7,19.5));
#5503 = SURFACE_CURVE('',#5504,(#5508,#5515),.PCURVE_S1.);
#5504 = LINE('',#5505,#5506);
#5505 = CARTESIAN_POINT('',(-5.E-02,-1.7,17.));
#5506 = VECTOR('',#5507,1.);
#5507 = DIRECTION('',(0.,0.,1.));
#5508 = PCURVE('',#5448,#5509);
#5509 = DEFINITIONAL_REPRESENTATION('',(#5510),#5514);
#5510 = LINE('',#5511,#5512);
#5511 = CARTESIAN_POINT('',(0.,-0.45));
#5512 = VECTOR('',#5513,1.);
#5513 = DIRECTION('',(1.,0.));
#5514 = ( GEOMETRIC_REPRESENTATION_CONTEXT(2) 
PARAMETRIC_REPRESENTATION_CONTEXT() REPRESENTATION_CONTEXT('2D SPACE',''
  ) );
#5515 = PCURVE('',#5516,#5521);
#5516 = PLANE('',#5517);
#5517 = AXIS2_PLACEMENT_3D('',#5518,#5519,#5520);
#5518 = CARTESIAN_POINT('',(-5.E-02,-1.7,17.));
#5519 = DIRECTION('',(0.,1.,0.));
#5520 = DIRECTION('',(0.,0.,1.));
#5521 = DEFINITIONAL_REPRESENTATION('',(#5522),#5526);
#5522 = LINE('',#5523,#5524);
#5523 = CARTESIAN_POINT('',(0.,0.));
#5524 = VECTOR('',#5525,1.);
#5525 = DIRECTION('',(1.,0.));
#5526 = ( GEOMETRIC_REPRESENTATION_CONTEXT(2) 
PARAMETRIC_REPRESENTATION_CONTEXT() REPRESENTATION_CONTEXT('2D SPACE',''
  ) );
#5527 = ORIENTED_EDGE('',*,*,#5528,.F.);
#5528 = EDGE_CURVE('',#5440,#5501,#5529,.T.);
#5529 = SURFACE_CURVE('',#5530,(#5534,#5541),.PCURVE_S1.);
#5530 = LINE('',#5531,#5532);
#5531 = CARTESIAN_POINT('',(-5.E-02,-2.15,19.5));
#5532 = VECTOR('',#5533,1.);
#5533 = DIRECTION('',(0.,1.,0.));
#5534 = PCURVE('',#5448,#5535);
#5535 = DEFINITIONAL_REPRESENTATION('',(#5536),#5540);
#5536 = LINE('',#5537,#5538);
#5537 = CARTESIAN_POINT('',(2.5,0.));
#5538 = VECTOR('',#5539,1.);
#5539 = DIRECTION('',(0.,-1.));
#5540 = ( GEOMETRIC_REPRESENTATION_CONTEXT(2) 
PARAMETRIC_REPRESENTATION_CONTEXT() REPRESENTATION_CONTEXT('2D SPACE',''
  ) );
#5541 = PCURVE('',#5542,#5547);
#5542 = PLANE('',#5543);
#5543 = AXIS2_PLACEMENT_3D('',#5544,#5545,#5546);
#5544 = CARTESIAN_POINT('',(-5.E-02,-2.15,19.5));
#5545 = DIRECTION('',(0.,0.,1.));
#5546 = DIRECTION('',(1.,0.,0.));
#5547 = DEFINITIONAL_REPRESENTATION('',(#5548),#5552);
#5548 = LINE('',#5549,#5550);
#5549 = CARTESIAN_POINT('',(0.,0.));
#5550 = VECTOR('',#5551,1.);
#5551 = DIRECTION('',(0.,1.));
#5552 = ( GEOMETRIC_REPRESENTATION_CONTEXT(2) 
PARAMETRIC_REPRESENTATION_CONTEXT() REPRESENTATION_CONTEXT('2D SPACE',''
  ) );
#5553 = ADVANCED_FACE('',(#5554),#5568,.T.);
#5554 = FACE_BOUND('',#5555,.T.);
#5555 = EDGE_LOOP('',(#5556,#5586,#5609,#5632));
#5556 = ORIENTED_EDGE('',*,*,#5557,.F.);
#5557 = EDGE_CURVE('',#5558,#5560,#5562,.T.);
#5558 = VERTEX_POINT('',#5559);
#5559 = CARTESIAN_POINT('',(5.E-02,-2.15,17.));
#5560 = VERTEX_POINT('',#5561);
#5561 = CARTESIAN_POINT('',(5.E-02,-2.15,19.5));
#5562 = SURFACE_CURVE('',#5563,(#5567,#5579),.PCURVE_S1.);
#5563 = LINE('',#5564,#5565);
#5564 = CARTESIAN_POINT('',(5.E-02,-2.15,17.));
#5565 = VECTOR('',#5566,1.);
#5566 = DIRECTION('',(0.,0.,1.));
#5567 = PCURVE('',#5568,#5573);
#5568 = PLANE('',#5569);
#5569 = AXIS2_PLACEMENT_3D('',#5570,#5571,#5572);
#5570 = CARTESIAN_POINT('',(5.E-02,-2.15,17.));
#5571 = DIRECTION('',(1.,0.,0.));
#5572 = DIRECTION('',(0.,0.,1.));
#5573 = DEFINITIONAL_REPRESENTATION('',(#5574),#5578);
#5574 = LINE('',#5575,#5576);
#5575 = CARTESIAN_POINT('',(0.,0.));
#5576 = VECTOR('',#5577,1.);
#5577 = DIRECTION('',(1.,0.));
#5578 = ( GEOMETRIC_REPRESENTATION_CONTEXT(2) 
PARAMETRIC_REPRESENTATION_CONTEXT() REPRESENTATION_CONTEXT('2D SPACE',''
  ) );
#5579 = PCURVE('',#5460,#5580);
#5580 = DEFINITIONAL_REPRESENTATION('',(#5581),#5585);
#5581 = LINE('',#5582,#5583);
#5582 = CARTESIAN_POINT('',(0.,0.1));
#5583 = VECTOR('',#5584,1.);
#5584 = DIRECTION('',(1.,0.));
#5585 = ( GEOMETRIC_REPRESENTATION_CONTEXT(2) 
PARAMETRIC_REPRESENTATION_CONTEXT() REPRESENTATION_CONTEXT('2D SPACE',''
  ) );
#5586 = ORIENTED_EDGE('',*,*,#5587,.T.);
#5587 = EDGE_CURVE('',#5558,#5588,#5590,.T.);
#5588 = VERTEX_POINT('',#5589);
#5589 = CARTESIAN_POINT('',(5.E-02,-1.7,17.));
#5590 = SURFACE_CURVE('',#5591,(#5595,#5602),.PCURVE_S1.);
#5591 = LINE('',#5592,#5593);
#5592 = CARTESIAN_POINT('',(5.E-02,-2.15,17.));
#5593 = VECTOR('',#5594,1.);
#5594 = DIRECTION('',(0.,1.,0.));
#5595 = PCURVE('',#5568,#5596);
#5596 = DEFINITIONAL_REPRESENTATION('',(#5597),#5601);
#5597 = LINE('',#5598,#5599);
#5598 = CARTESIAN_POINT('',(0.,0.));
#5599 = VECTOR('',#5600,1.);
#5600 = DIRECTION('',(0.,-1.));
#5601 = ( GEOMETRIC_REPRESENTATION_CONTEXT(2) 
PARAMETRIC_REPRESENTATION_CONTEXT() REPRESENTATION_CONTEXT('2D SPACE',''
  ) );
#5602 = PCURVE('',#5488,#5603);
#5603 = DEFINITIONAL_REPRESENTATION('',(#5604),#5608);
#5604 = LINE('',#5605,#5606);
#5605 = CARTESIAN_POINT('',(0.1,0.));
#5606 = VECTOR('',#5607,1.);
#5607 = DIRECTION('',(0.,1.));
#5608 = ( GEOMETRIC_REPRESENTATION_CONTEXT(2) 
PARAMETRIC_REPRESENTATION_CONTEXT() REPRESENTATION_CONTEXT('2D SPACE',''
  ) );
#5609 = ORIENTED_EDGE('',*,*,#5610,.T.);
#5610 = EDGE_CURVE('',#5588,#5611,#5613,.T.);
#5611 = VERTEX_POINT('',#5612);
#5612 = CARTESIAN_POINT('',(5.E-02,-1.7,19.5));
#5613 = SURFACE_CURVE('',#5614,(#5618,#5625),.PCURVE_S1.);
#5614 = LINE('',#5615,#5616);
#5615 = CARTESIAN_POINT('',(5.E-02,-1.7,17.));
#5616 = VECTOR('',#5617,1.);
#5617 = DIRECTION('',(0.,0.,1.));
#5618 = PCURVE('',#5568,#5619);
#5619 = DEFINITIONAL_REPRESENTATION('',(#5620),#5624);
#5620 = LINE('',#5621,#5622);
#5621 = CARTESIAN_POINT('',(0.,-0.45));
#5622 = VECTOR('',#5623,1.);
#5623 = DIRECTION('',(1.,0.));
#5624 = ( GEOMETRIC_REPRESENTATION_CONTEXT(2) 
PARAMETRIC_REPRESENTATION_CONTEXT() REPRESENTATION_CONTEXT('2D SPACE',''
  ) );
#5625 = PCURVE('',#5516,#5626);
#5626 = DEFINITIONAL_REPRESENTATION('',(#5627),#5631);
#5627 = LINE('',#5628,#5629);
#5628 = CARTESIAN_POINT('',(0.,0.1));
#5629 = VECTOR('',#5630,1.);
#5630 = DIRECTION('',(1.,0.));
#5631 = ( GEOMETRIC_REPRESENTATION_CONTEXT(2) 
PARAMETRIC_REPRESENTATION_CONTEXT() REPRESENTATION_CONTEXT('2D SPACE',''
  ) );
#5632 = ORIENTED_EDGE('',*,*,#5633,.F.);
#5633 = EDGE_CURVE('',#5560,#5611,#5634,.T.);
#5634 = SURFACE_CURVE('',#5635,(#5639,#5646),.PCURVE_S1.);
#5635 = LINE('',#5636,#5637);
#5636 = CARTESIAN_POINT('',(5.E-02,-2.15,19.5));
#5637 = VECTOR('',#5638,1.);
#5638 = DIRECTION('',(0.,1.,0.));
#5639 = PCURVE('',#5568,#5640);
#5640 = DEFINITIONAL_REPRESENTATION('',(#5641),#5645);
#5641 = LINE('',#5642,#5643);
#5642 = CARTESIAN_POINT('',(2.5,0.));
#5643 = VECTOR('',#5644,1.);
#5644 = DIRECTION('',(0.,-1.));
#5645 = ( GEOMETRIC_REPRESENTATION_CONTEXT(2) 
PARAMETRIC_REPRESENTATION_CONTEXT() REPRESENTATION_CONTEXT('2D SPACE',''
  ) );
#5646 = PCURVE('',#5542,#5647);
#5647 = DEFINITIONAL_REPRESENTATION('',(#5648),#5652);
#5648 = LINE('',#5649,#5650);
#5649 = CARTESIAN_POINT('',(0.1,0.));
#5650 = VECTOR('',#5651,1.);
#5651 = DIRECTION('',(0.,1.));
#5652 = ( GEOMETRIC_REPRESENTATION_CONTEXT(2) 
PARAMETRIC_REPRESENTATION_CONTEXT() REPRESENTATION_CONTEXT('2D SPACE',''
  ) );
#5653 = ADVANCED_FACE('',(#5654),#5460,.F.);
#5654 = FACE_BOUND('',#5655,.F.);
#5655 = EDGE_LOOP('',(#5656,#5677,#5678,#5699));
#5656 = ORIENTED_EDGE('',*,*,#5657,.F.);
#5657 = EDGE_CURVE('',#5438,#5558,#5658,.T.);
#5658 = SURFACE_CURVE('',#5659,(#5663,#5670),.PCURVE_S1.);
#5659 = LINE('',#5660,#5661);
#5660 = CARTESIAN_POINT('',(-5.E-02,-2.15,17.));
#5661 = VECTOR('',#5662,1.);
#5662 = DIRECTION('',(1.,0.,0.));
#5663 = PCURVE('',#5460,#5664);
#5664 = DEFINITIONAL_REPRESENTATION('',(#5665),#5669);
#5665 = LINE('',#5666,#5667);
#5666 = CARTESIAN_POINT('',(0.,0.));
#5667 = VECTOR('',#5668,1.);
#5668 = DIRECTION('',(0.,1.));
#5669 = ( GEOMETRIC_REPRESENTATION_CONTEXT(2) 
PARAMETRIC_REPRESENTATION_CONTEXT() REPRESENTATION_CONTEXT('2D SPACE',''
  ) );
#5670 = PCURVE('',#5488,#5671);
#5671 = DEFINITIONAL_REPRESENTATION('',(#5672),#5676);
#5672 = LINE('',#5673,#5674);
#5673 = CARTESIAN_POINT('',(0.,0.));
#5674 = VECTOR('',#5675,1.);
#5675 = DIRECTION('',(1.,0.));
#5676 = ( GEOMETRIC_REPRESENTATION_CONTEXT(2) 
PARAMETRIC_REPRESENTATION_CONTEXT() REPRESENTATION_CONTEXT('2D SPACE',''
  ) );
#5677 = ORIENTED_EDGE('',*,*,#5437,.T.);
#5678 = ORIENTED_EDGE('',*,*,#5679,.T.);
#5679 = EDGE_CURVE('',#5440,#5560,#5680,.T.);
#5680 = SURFACE_CURVE('',#5681,(#5685,#5692),.PCURVE_S1.);
#5681 = LINE('',#5682,#5683);
#5682 = CARTESIAN_POINT('',(-5.E-02,-2.15,19.5));
#5683 = VECTOR('',#5684,1.);
#5684 = DIRECTION('',(1.,0.,0.));
#5685 = PCURVE('',#5460,#5686);
#5686 = DEFINITIONAL_REPRESENTATION('',(#5687),#5691);
#5687 = LINE('',#5688,#5689);
#5688 = CARTESIAN_POINT('',(2.5,0.));
#5689 = VECTOR('',#5690,1.);
#5690 = DIRECTION('',(0.,1.));
#5691 = ( GEOMETRIC_REPRESENTATION_CONTEXT(2) 
PARAMETRIC_REPRESENTATION_CONTEXT() REPRESENTATION_CONTEXT('2D SPACE',''
  ) );
#5692 = PCURVE('',#5542,#5693);
#5693 = DEFINITIONAL_REPRESENTATION('',(#5694),#5698);
#5694 = LINE('',#5695,#5696);
#5695 = CARTESIAN_POINT('',(0.,0.));
#5696 = VECTOR('',#5697,1.);
#5697 = DIRECTION('',(1.,0.));
#5698 = ( GEOMETRIC_REPRESENTATION_CONTEXT(2) 
PARAMETRIC_REPRESENTATION_CONTEXT() REPRESENTATION_CONTEXT('2D SPACE',''
  ) );
#5699 = ORIENTED_EDGE('',*,*,#5557,.F.);
#5700 = ADVANCED_FACE('',(#5701),#5516,.T.);
#5701 = FACE_BOUND('',#5702,.T.);
#5702 = EDGE_LOOP('',(#5703,#5724,#5725,#5746));
#5703 = ORIENTED_EDGE('',*,*,#5704,.F.);
#5704 = EDGE_CURVE('',#5473,#5588,#5705,.T.);
#5705 = SURFACE_CURVE('',#5706,(#5710,#5717),.PCURVE_S1.);
#5706 = LINE('',#5707,#5708);
#5707 = CARTESIAN_POINT('',(-5.E-02,-1.7,17.));
#5708 = VECTOR('',#5709,1.);
#5709 = DIRECTION('',(1.,0.,0.));
#5710 = PCURVE('',#5516,#5711);
#5711 = DEFINITIONAL_REPRESENTATION('',(#5712),#5716);
#5712 = LINE('',#5713,#5714);
#5713 = CARTESIAN_POINT('',(0.,0.));
#5714 = VECTOR('',#5715,1.);
#5715 = DIRECTION('',(0.,1.));
#5716 = ( GEOMETRIC_REPRESENTATION_CONTEXT(2) 
PARAMETRIC_REPRESENTATION_CONTEXT() REPRESENTATION_CONTEXT('2D SPACE',''
  ) );
#5717 = PCURVE('',#5488,#5718);
#5718 = DEFINITIONAL_REPRESENTATION('',(#5719),#5723);
#5719 = LINE('',#5720,#5721);
#5720 = CARTESIAN_POINT('',(0.,0.45));
#5721 = VECTOR('',#5722,1.);
#5722 = DIRECTION('',(1.,0.));
#5723 = ( GEOMETRIC_REPRESENTATION_CONTEXT(2) 
PARAMETRIC_REPRESENTATION_CONTEXT() REPRESENTATION_CONTEXT('2D SPACE',''
  ) );
#5724 = ORIENTED_EDGE('',*,*,#5500,.T.);
#5725 = ORIENTED_EDGE('',*,*,#5726,.T.);
#5726 = EDGE_CURVE('',#5501,#5611,#5727,.T.);
#5727 = SURFACE_CURVE('',#5728,(#5732,#5739),.PCURVE_S1.);
#5728 = LINE('',#5729,#5730);
#5729 = CARTESIAN_POINT('',(-5.E-02,-1.7,19.5));
#5730 = VECTOR('',#5731,1.);
#5731 = DIRECTION('',(1.,0.,0.));
#5732 = PCURVE('',#5516,#5733);
#5733 = DEFINITIONAL_REPRESENTATION('',(#5734),#5738);
#5734 = LINE('',#5735,#5736);
#5735 = CARTESIAN_POINT('',(2.5,0.));
#5736 = VECTOR('',#5737,1.);
#5737 = DIRECTION('',(0.,1.));
#5738 = ( GEOMETRIC_REPRESENTATION_CONTEXT(2) 
PARAMETRIC_REPRESENTATION_CONTEXT() REPRESENTATION_CONTEXT('2D SPACE',''
  ) );
#5739 = PCURVE('',#5542,#5740);
#5740 = DEFINITIONAL_REPRESENTATION('',(#5741),#5745);
#5741 = LINE('',#5742,#5743);
#5742 = CARTESIAN_POINT('',(0.,0.45));
#5743 = VECTOR('',#5744,1.);
#5744 = DIRECTION('',(1.,0.));
#5745 = ( GEOMETRIC_REPRESENTATION_CONTEXT(2) 
PARAMETRIC_REPRESENTATION_CONTEXT() REPRESENTATION_CONTEXT('2D SPACE',''
  ) );
#5746 = ORIENTED_EDGE('',*,*,#5610,.F.);
#5747 = ADVANCED_FACE('',(#5748),#5488,.F.);
#5748 = FACE_BOUND('',#5749,.F.);
#5749 = EDGE_LOOP('',(#5750,#5751,#5752,#5753));
#5750 = ORIENTED_EDGE('',*,*,#5472,.F.);
#5751 = ORIENTED_EDGE('',*,*,#5657,.T.);
#5752 = ORIENTED_EDGE('',*,*,#5587,.T.);
#5753 = ORIENTED_EDGE('',*,*,#5704,.F.);
#5754 = ADVANCED_FACE('',(#5755),#5542,.T.);
#5755 = FACE_BOUND('',#5756,.T.);
#5756 = EDGE_LOOP('',(#5757,#5758,#5759,#5760));
#5757 = ORIENTED_EDGE('',*,*,#5528,.F.);
#5758 = ORIENTED_EDGE('',*,*,#5679,.T.);
#5759 = ORIENTED_EDGE('',*,*,#5633,.T.);
#5760 = ORIENTED_EDGE('',*,*,#5726,.F.);
#5761 = ( GEOMETRIC_REPRESENTATION_CONTEXT(3) 
GLOBAL_UNCERTAINTY_ASSIGNED_CONTEXT((#5765)) 
GLOBAL_UNIT_ASSIGNED_CONTEXT((#5762,#5763,#5764)) REPRESENTATION_CONTEXT
('Context #1','3D Context with UNIT and UNCERTAINTY') );
#5762 = ( LENGTH_UNIT() NAMED_UNIT(*) SI_UNIT(.MILLI.,.METRE.) );
#5763 = ( NAMED_UNIT(*) PLANE_ANGLE_UNIT() SI_UNIT($,.RADIAN.) );
#5764 = ( NAMED_UNIT(*) SI_UNIT($,.STERADIAN.) SOLID_ANGLE_UNIT() );
#5765 = UNCERTAINTY_MEASURE_WITH_UNIT(LENGTH_MEASURE(1.E-07),#5762,
  'distance_accuracy_value','confusion accuracy');
#5766 = CONTEXT_DEPENDENT_SHAPE_REPRESENTATION(#5767,#5769);
#5767 = ( REPRESENTATION_RELATIONSHIP('','',#5430,#10) 
REPRESENTATION_RELATIONSHIP_WITH_TRANSFORMATION(#5768) 
SHAPE_REPRESENTATION_RELATIONSHIP() );
#5768 = ITEM_DEFINED_TRANSFORMATION('','',#11,#83);
#5769 = PRODUCT_DEFINITION_SHAPE('Placement','Placement of an item',
  #5770);
#5770 = NEXT_ASSEMBLY_USAGE_OCCURRENCE('18','leaf_y_neg','',#5,#5425,$);
#5771 = PRODUCT_RELATED_PRODUCT_CATEGORY('part',$,(#5427));
#5772 = SHAPE_DEFINITION_REPRESENTATION(#5773,#5779);
#5773 = PRODUCT_DEFINITION_SHAPE('','',#5774);
#5774 = PRODUCT_DEFINITION('design','',#5775,#5778);
#5775 = PRODUCT_DEFINITION_FORMATION('','',#5776);
#5776 = PRODUCT('leaf_y_pos','leaf_y_pos','',(#5777));
#5777 = PRODUCT_CONTEXT('',#2,'mechanical');
#5778 = PRODUCT_DEFINITION_CONTEXT('part definition',#2,'design');
#5779 = ADVANCED_BREP_SHAPE_REPRESENTATION('',(#11,#5780),#6110);
#5780 = MANIFOLD_SOLID_BREP('',#5781);
#5781 = CLOSED_SHELL('',(#5782,#5902,#6002,#6049,#6096,#6103));
#5782 = ADVANCED_FACE('',(#5783),#5797,.F.);
#5783 = FACE_BOUND('',#5784,.F.);
#5784 = EDGE_LOOP('',(#5785,#5820,#5848,#5876));
#5785 = ORIENTED_EDGE('',*,*,#5786,.F.);
#5786 = EDGE_CURVE('',#5787,#5789,#5791,.T.);
#5787 = VERTEX_POINT('',#5788);
#5788 = CARTESIAN_POINT('',(-5.E-02,1.7,17.));
#5789 = VERTEX_POINT('',#5790);
#5790 = CARTESIAN_POINT('',(-5.E-02,1.7,19.5));
#5791 = SURFACE_CURVE('',#5792,(#5796,#5808),.PCURVE_S1.);
#5792 = LINE('',#5793,#5794);
#5793 = CARTESIAN_POINT('',(-5.E-02,1.7,17.));
#5794 = VECTOR('',#5795,1.);
#5795 = DIRECTION('',(0.,0.,1.));
#5796 = PCURVE('',#5797,#5802);
#5797 = PLANE('',#5798);
#5798 = AXIS2_PLACEMENT_3D('',#5799,#5800,#5801);
#5799 = CARTESIAN_POINT('',(-5.E-02,1.7,17.));
#5800 = DIRECTION('',(1.,0.,0.));
#5801 = DIRECTION('',(0.,0.,1.));
#5802 = DEFINITIONAL_REPRESENTATION('',(#5803),#5807);
#5803 = LINE('',#5804,#5805);
#5804 = CARTESIAN_POINT('',(0.,0.));
#5805 = VECTOR('',#5806,1.);
#5806 = DIRECTION('',(1.,0.));
#5807 = ( GEOMETRIC_REPRESENTATION_CONTEXT(2) 
PARAMETRIC_REPRESENTATION_CONTEXT() REPRESENTATION_CONTEXT('2D SPACE',''
  ) );
#5808 = PCURVE('',#5809,#5814);
#5809 = PLANE('',#5810);
#5810 = AXIS2_PLACEMENT_3D('',#5811,#5812,#5813);
#5811 = CARTESIAN_POINT('',(-5.E-02,1.7,17.));
#5812 = DIRECTION('',(0.,1.,0.));
#5813 = DIRECTION('',(0.,0.,1.));
#5814 = DEFINITIONAL_REPRESENTATION('',(#5815),#5819);
#5815 = LINE('',#5816,#5817);
#5816 = CARTESIAN_POINT('',(0.,0.));
#5817 = VECTOR('',#5818,1.);
#5818 = DIRECTION('',(1.,0.));
#5819 = ( GEOMETRIC_REPRESENTATION_CONTEXT(2) 
PARAMETRIC_REPRESENTATION_CONTEXT() REPRESENTATION_CONTEXT('2D SPACE',''
  ) );
#5820 = ORIENTED_EDGE('',*,*,#5821,.T.);
#5821 = EDGE_CURVE('',#5787,#5822,#5824,.T.);
#5822 = VERTEX_POINT('',#5823);
#5823 = CARTESIAN_POINT('',(-5.E-02,2.15,17.));
#5824 = SURFACE_CURVE('',#5825,(#5829,#5836),.PCURVE_S1.);
#5825 = LINE('',#5826,#5827);
#5826 = CARTESIAN_POINT('',(-5.E-02,1.7,17.));
#5827 = VECTOR('',#5828,1.);
#5828 = DIRECTION('',(0.,1.,0.));
#5829 = PCURVE('',#5797,#5830);
#5830 = DEFINITIONAL_REPRESENTATION('',(#5831),#5835);
#5831 = LINE('',#5832,#5833);
#5832 = CARTESIAN_POINT('',(0.,0.));
#5833 = VECTOR('',#5834,1.);
#5834 = DIRECTION('',(0.,-1.));
#5835 = ( GEOMETRIC_REPRESENTATION_CONTEXT(2) 
PARAMETRIC_REPRESENTATION_CONTEXT() REPRESENTATION_CONTEXT('2D SPACE',''
  ) );
#5836 = PCURVE('',#5837,#5842);
#5837 = PLANE('',#5838);
#5838 = AXIS2_PLACEMENT_3D('',#5839,#5840,#5841);
#5839 = CARTESIAN_POINT('',(-5.E-02,1.7,17.));
#5840 = DIRECTION('',(0.,0.,1.));
#5841 = DIRECTION('',(1.,0.,0.));
#5842 = DEFINITIONAL_REPRESENTATION('',(#5843),#5847);
#5843 = LINE('',#5844,#5845);
#5844 = CARTESIAN_POINT('',(0.,0.));
#5845 = VECTOR('',#5846,1.);
#5846 = DIRECTION('',(0.,1.));
#5847 = ( GEOMETRIC_REPRESENTATION_CONTEXT(2) 
PARAMETRIC_REPRESENTATION_CONTEXT() REPRESENTATION_CONTEXT('2D SPACE',''
  ) );
#5848 = ORIENTED_EDGE('',*,*,#5849,.T.);
#5849 = EDGE_CURVE('',#5822,#5850,#5852,.T.);
#5850 = VERTEX_POINT('',#5851);
#5851 = CARTESIAN_POINT('',(-5.E-02,2.15,19.5));
#5852 = SURFACE_CURVE('',#5853,(#5857,#5864),.PCURVE_S1.);
#5853 = LINE('',#5854,#5855);
#5854 = CARTESIAN_POINT('',(-5.E-02,2.15,17.));
#5855 = VECTOR('',#5856,1.);
#5856 = DIRECTION('',(0.,0.,1.));
#5857 = PCURVE('',#5797,#5858);
#5858 = DEFINITIONAL_REPRESENTATION('',(#5859),#5863);
#5859 = LINE('',#5860,#5861);
#5860 = CARTESIAN_POINT('',(0.,-0.45));
#5861 = VECTOR('',#5862,1.);
#5862 = DIRECTION('',(1.,0.));
#5863 = ( GEOMETRIC_REPRESENTATION_CONTEXT(2) 
PARAMETRIC_REPRESENTATION_CONTEXT() REPRESENTATION_CONTEXT('2D SPACE',''
  ) );
#5864 = PCURVE('',#5865,#5870);
#5865 = PLANE('',#5866);
#5866 = AXIS2_PLACEMENT_3D('',#5867,#5868,#5869);
#5867 = CARTESIAN_POINT('',(-5.E-02,2.15,17.));
#5868 = DIRECTION('',(0.,1.,0.));
#5869 = DIRECTION('',(0.,0.,1.));
#5870 = DEFINITIONAL_REPRESENTATION('',(#5871),#5875);
#5871 = LINE('',#5872,#5873);
#5872 = CARTESIAN_POINT('',(0.,0.));
#5873 = VECTOR('',#5874,1.);
#5874 = DIRECTION('',(1.,0.));
#5875 = ( GEOMETRIC_REPRESENTATION_CONTEXT(2) 
PARAMETRIC_REPRESENTATION_CONTEXT() REPRESENTATION_CONTEXT('2D SPACE',''
  ) );
#5876 = ORIENTED_EDGE('',*,*,#5877,.F.);
#5877 = EDGE_CURVE('',#5789,#5850,#5878,.T.);
#5878 = SURFACE_CURVE('',#5879,(#5883,#5890),.PCURVE_S1.);
#5879 = LINE('',#5880,#5881);
#5880 = CARTESIAN_POINT('',(-5.E-02,1.7,19.5));
#5881 = VECTOR('',#5882,1.);
#5882 = DIRECTION('',(0.,1.,0.));
#5883 = PCURVE('',#5797,#5884);
#5884 = DEFINITIONAL_REPRESENTATION('',(#5885),#5889);
#5885 = LINE('',#5886,#5887);
#5886 = CARTESIAN_POINT('',(2.5,0.));
#5887 = VECTOR('',#5888,1.);
#5888 = DIRECTION('',(0.,-1.));
#5889 = ( GEOMETRIC_REPRESENTATION_CONTEXT(2) 
PARAMETRIC_REPRESENTATION_CONTEXT() REPRESENTATION_CONTEXT('2D SPACE',''
  ) );
#5890 = PCURVE('',#5891,#5896);
#5891 = PLANE('',#5892);
#5892 = AXIS2_PLACEMENT_3D('',#5893,#5894,#5895);
#5893 = CARTESIAN_POINT('',(-5.E-02,1.7,19.5));
#5894 = DIRECTION('',(0.,0.,1.));
#5895 = DIRECTION('',(1.,0.,0.));
#5896 = DEFINITIONAL_REPRESENTATION('',(#5897),#5901);
#5897 = LINE('',#5898,#5899);
#5898 = CARTESIAN_POINT('',(0.,0.));
#5899 = VECTOR('',#5900,1.);
#5900 = DIRECTION('',(0.,1.));
#5901 = ( GEOMETRIC_REPRESENTATION_CONTEXT(2) 
PARAMETRIC_REPRESENTATION_CONTEXT() REPRESENTATION_CONTEXT('2D SPACE',''
  ) );
#5902 = ADVANCED_FACE('',(#5903),#5917,.T.);
#5903 = FACE_BOUND('',#5904,.T.);
#5904 = EDGE_LOOP('',(#5905,#5935,#5958,#5981));
#5905 = ORIENTED_EDGE('',*,*,#5906,.F.);
#5906 = EDGE_CURVE('',#5907,#5909,#5911,.T.);
#5907 = VERTEX_POINT('',#5908);
#5908 = CARTESIAN_POINT('',(5.E-02,1.7,17.));
#5909 = VERTEX_POINT('',#5910);
#5910 = CARTESIAN_POINT('',(5.E-02,1.7,19.5));
#5911 = SURFACE_CURVE('',#5912,(#5916,#5928),.PCURVE_S1.);
#5912 = LINE('',#5913,#5914);
#5913 = CARTESIAN_POINT('',(5.E-02,1.7,17.));
#5914 = VECTOR('',#5915,1.);
#5915 = DIRECTION('',(0.,0.,1.));
#5916 = PCURVE('',#5917,#5922);
#5917 = PLANE('',#5918);
#5918 = AXIS2_PLACEMENT_3D('',#5919,#5920,#5921);
#5919 = CARTESIAN_POINT('',(5.E-02,1.7,17.));
#5920 = DIRECTION('',(1.,0.,0.));
#5921 = DIRECTION('',(0.,0.,1.));
#5922 = DEFINITIONAL_REPRESENTATION('',(#5923),#5927);
#5923 = LINE('',#5924,#5925);
#5924 = CARTESIAN_POINT('',(0.,0.));
#5925 = VECTOR('',#5926,1.);
#5926 = DIRECTION('',(1.,0.));
#5927 = ( GEOMETRIC_REPRESENTATION_CONTEXT(2) 
PARAMETRIC_REPRESENTATION_CONTEXT() REPRESENTATION_CONTEXT('2D SPACE',''
  ) );
#5928 = PCURVE('',#5809,#5929);
#5929 = DEFINITIONAL_REPRESENTATION('',(#5930),#5934);
#5930 = LINE('',#5931,#5932);
#5931 = CARTESIAN_POINT('',(0.,0.1));
#5932 = VECTOR('',#5933,1.);
#5933 = DIRECTION('',(1.,0.));
#5934 = ( GEOMETRIC_REPRESENTATION_CONTEXT(2) 
PARAMETRIC_REPRESENTATION_CONTEXT() REPRESENTATION_CONTEXT('2D SPACE',''
  ) );
#5935 = ORIENTED_EDGE('',*,*,#5936,.T.);
#5936 = EDGE_CURVE('',#5907,#5937,#5939,.T.);
#5937 = VERTEX_POINT('',#5938);
#5938 = CARTESIAN_POINT('',(5.E-02,2.15,17.));
#5939 = SURFACE_CURVE('',#5940,(#5944,#5951),.PCURVE_S1.);
#5940 = LINE('',#5941,#5942);
#5941 = CARTESIAN_POINT('',(5.E-02,1.7,17.));
#5942 = VECTOR('',#5943,1.);
#5943 = DIRECTION('',(0.,1.,0.));
#5944 = PCURVE('',#5917,#5945);
#5945 = DEFINITIONAL_REPRESENTATION('',(#5946),#5950);
#5946 = LINE('',#5947,#5948);
#5947 = CARTESIAN_POINT('',(0.,0.));
#5948 = VECTOR('',#5949,1.);
#5949 = DIRECTION('',(0.,-1.));
#5950 = ( GEOMETRIC_REPRESENTATION_CONTEXT(2) 
PARAMETRIC_REPRESENTATION_CONTEXT() REPRESENTATION_CONTEXT('2D SPACE',''
  ) );
#5951 = PCURVE('',#5837,#5952);
#5952 = DEFINITIONAL_REPRESENTATION('',(#5953),#5957);
#5953 = LINE('',#5954,#5955);
#5954 = CARTESIAN_POINT('',(0.1,0.));
#5955 = VECTOR('',#5956,1.);
#5956 = DIRECTION('',(0.,1.));
#5957 = ( GEOMETRIC_REPRESENTATION_CONTEXT(2) 
PARAMETRIC_REPRESENTATION_CONTEXT() REPRESENTATION_CONTEXT('2D SPACE',''
  ) );
#5958 = ORIENTED_EDGE('',*,*,#5959,.T.);
#5959 = EDGE_CURVE('',#5937,#5960,#5962,.T.);
#5960 = VERTEX_POINT('',#5961);
#5961 = CARTESIAN_POINT('',(5.E-02,2.15,19.5));
#5962 = SURFACE_CURVE('',#5963,(#5967,#5974),.PCURVE_S1.);
#5963 = LINE('',#5964,#5965);
#5964 = CARTESIAN_POINT('',(5.E-02,2.15,17.));
#5965 = VECTOR('',#5966,1.);
#5966 = DIRECTION('',(0.,0.,1.));
#5967 = PCURVE('',#5917,#5968);
#5968 = DEFINITIONAL_REPRESENTATION('',(#5969),#5973);
#5969 = LINE('',#5970,#5971);
#5970 = CARTESIAN_POINT('',(0.,-0.45));
#5971 = VECTOR('',#5972,1.);
#5972 = DIRECTION('',(1.,0.));
#5973 = ( GEOMETRIC_REPRESENTATION_CONTEXT(2) 
PARAMETRIC_REPRESENTATION_CONTEXT() REPRESENTATION_CONTEXT('2D SPACE',''
  ) );
#5974 = PCURVE('',#5865,#5975);
#5975 = DEFINITIONAL_REPRESENTATION('',(#5976),#5980);
#5976 = LINE('',#5977,#5978);
#5977 = CARTESIAN_POINT('',(0.,0.1));
#5978 = VECTOR('',#5979,1.);
#5979 = DIRECTION('',(1.,0.));
#5980 = ( GEOMETRIC_REPRESENTATION_CONTEXT(2) 
PARAMETRIC_REPRESENTATION_CONTEXT() REPRESENTATION_CONTEXT('2D SPACE',''
  ) );
#5981 = ORIENTED_EDGE('',*,*,#5982,.F.);
#5982 = EDGE_CURVE('',#5909,#5960,#5983,.T.);
#5983 = SURFACE_CURVE('',#5984,(#5988,#5995),.PCURVE_S1.);
#5984 = LINE('',#5985,#5986);
#5985 = CARTESIAN_POINT('',(5.E-02,1.7,19.5));
#5986 = VECTOR('',#5987,1.);
#5987 = DIRECTION('',(0.,1.,0.));
#5988 = PCURVE('',#5917,#5989);
#5989 = DEFINITIONAL_REPRESENTATION('',(#5990),#5994);
#5990 = LINE('',#5991,#5992);
#5991 = CARTESIAN_POINT('',(2.5,0.));
#5992 = VECTOR('',#5993,1.);
#5993 = DIRECTION('',(0.,-1.));
#5994 = ( GEOMETRIC_REPRESENTATION_CONTEXT(2) 
PARAMETRIC_REPRESENTATION_CONTEXT() REPRESENTATION_CONTEXT('2D SPACE',''
  ) );
#5995 = PCURVE('',#5891,#5996);
#5996 = DEFINITIONAL_REPRESENTATION('',(#5997),#6001);
#5997 = LINE('',#5998,#5999);
#5998 = CARTESIAN_POINT('',(0.1,0.));
#5999 = VECTOR('',#6000,1.);
#6000 = DIRECTION('',(0.,1.));
#6001 = ( GEOMETRIC_REPRESENTATION_CONTEXT(2) 
PARAMETRIC_REPRESENTATION_CONTEXT() REPRESENTATION_CONTEXT('2D SPACE',''
  ) );
#6002 = ADVANCED_FACE('',(#6003),#5809,.F.);
#6003 = FACE_BOUND('',#6004,.F.);
#6004 = EDGE_LOOP('',(#6005,#6026,#6027,#6048));
#6005 = ORIENTED_EDGE('',*,*,#6006,.F.);
#6006 = EDGE_CURVE('',#5787,#5907,#6007,.T.);
#6007 = SURFACE_CURVE('',#6008,(#6012,#6019),.PCURVE_S1.);
#6008 = LINE('',#6009,#6010);
#6009 = CARTESIAN_POINT('',(-5.E-02,1.7,17.));
#6010 = VECTOR('',#6011,1.);
#6011 = DIRECTION('',(1.,0.,0.));
#6012 = PCURVE('',#5809,#6013);
#6013 = DEFINITIONAL_REPRESENTATION('',(#6014),#6018);
#6014 = LINE('',#6015,#6016);
#6015 = CARTESIAN_POINT('',(0.,0.));
#6016 = VECTOR('',#6017,1.);
#6017 = DIRECTION('',(0.,1.));
#6018 = ( GEOMETRIC_REPRESENTATION_CONTEXT(2) 
PARAMETRIC_REPRESENTATION_CONTEXT() REPRESENTATION_CONTEXT('2D SPACE',''
  ) );
#6019 = PCURVE('',#5837,#6020);
#6020 = DEFINITIONAL_REPRESENTATION('',(#6021),#6025);
#6021 = LINE('',#6022,#6023);
#6022 = CARTESIAN_POINT('',(0.,0.));
#6023 = VECTOR('',#6024,1.);
#6024 = DIRECTION('',(1.,0.));
#6025 = ( GEOMETRIC_REPRESENTATION_CONTEXT(2) 
PARAMETRIC_REPRESENTATION_CONTEXT() REPRESENTATION_CONTEXT('2D SPACE',''
  ) );
#6026 = ORIENTED_EDGE('',*,*,#5786,.T.);
#6027 = ORIENTED_EDGE('',*,*,#6028,.T.);
#6028 = EDGE_CURVE('',#5789,#5909,#6029,.T.);
#6029 = SURFACE_CURVE('',#6030,(#6034,#6041),.PCURVE_S1.);
#6030 = LINE('',#6031,#6032);
#6031 = CARTESIAN_POINT('',(-5.E-02,1.7,19.5));
#6032 = VECTOR('',#6033,1.);
#6033 = DIRECTION('',(1.,0.,0.));
#6034 = PCURVE('',#5809,#6035);
#6035 = DEFINITIONAL_REPRESENTATION('',(#6036),#6040);
#6036 = LINE('',#6037,#6038);
#6037 = CARTESIAN_POINT('',(2.5,0.));
#6038 = VECTOR('',#6039,1.);
#6039 = DIRECTION('',(0.,1.));
#6040 = ( GEOMETRIC_REPRESENTATION_CONTEXT(2) 
PARAMETRIC_REPRESENTATION_CONTEXT() REPRESENTATION_CONTEXT('2D SPACE',''
  ) );
#6041 = PCURVE('',#5891,#6042);
#6042 = DEFINITIONAL_REPRESENTATION('',(#6043),#6047);
#6043 = LINE('',#6044,#6045);
#6044 = CARTESIAN_POINT('',(0.,0.));
#6045 = VECTOR('',#6046,1.);
#6046 = DIRECTION('',(1.,0.));
#6047 = ( GEOMETRIC_REPRESENTATION_CONTEXT(2) 
PARAMETRIC_REPRESENTATION_CONTEXT() REPRESENTATION_CONTEXT('2D SPACE',''
  ) );
#6048 = ORIENTED_EDGE('',*,*,#5906,.F.);
#6049 = ADVANCED_FACE('',(#6050),#5865,.T.);
#6050 = FACE_BOUND('',#6051,.T.);
#6051 = EDGE_LOOP('',(#6052,#6073,#6074,#6095));
#6052 = ORIENTED_EDGE('',*,*,#6053,.F.);
#6053 = EDGE_CURVE('',#5822,#5937,#6054,.T.);
#6054 = SURFACE_CURVE('',#6055,(#6059,#6066),.PCURVE_S1.);
#6055 = LINE('',#6056,#6057);
#6056 = CARTESIAN_POINT('',(-5.E-02,2.15,17.));
#6057 = VECTOR('',#6058,1.);
#6058 = DIRECTION('',(1.,0.,0.));
#6059 = PCURVE('',#5865,#6060);
#6060 = DEFINITIONAL_REPRESENTATION('',(#6061),#6065);
#6061 = LINE('',#6062,#6063);
#6062 = CARTESIAN_POINT('',(0.,0.));
#6063 = VECTOR('',#6064,1.);
#6064 = DIRECTION('',(0.,1.));
#6065 = ( GEOMETRIC_REPRESENTATION_CONTEXT(2) 
PARAMETRIC_REPRESENTATION_CONTEXT() REPRESENTATION_CONTEXT('2D SPACE',''
  ) );
#6066 = PCURVE('',#5837,#6067);
#6067 = DEFINITIONAL_REPRESENTATION('',(#6068),#6072);
#6068 = LINE('',#6069,#6070);
#6069 = CARTESIAN_POINT('',(0.,0.45));
#6070 = VECTOR('',#6071,1.);
#6071 = DIRECTION('',(1.,0.));
#6072 = ( GEOMETRIC_REPRESENTATION_CONTEXT(2) 
PARAMETRIC_REPRESENTATION_CONTEXT() REPRESENTATION_CONTEXT('2D SPACE',''
  ) );
#6073 = ORIENTED_EDGE('',*,*,#5849,.T.);
#6074 = ORIENTED_EDGE('',*,*,#6075,.T.);
#6075 = EDGE_CURVE('',#5850,#5960,#6076,.T.);
#6076 = SURFACE_CURVE('',#6077,(#6081,#6088),.PCURVE_S1.);
#6077 = LINE('',#6078,#6079);
#6078 = CARTESIAN_POINT('',(-5.E-02,2.15,19.5));
#6079 = VECTOR('',#6080,1.);
#6080 = DIRECTION('',(1.,0.,0.));
#6081 = PCURVE('',#5865,#6082);
#6082 = DEFINITIONAL_REPRESENTATION('',(#6083),#6087);
#6083 = LINE('',#6084,#6085);
#6084 = CARTESIAN_POINT('',(2.5,0.));
#6085 = VECTOR('',#6086,1.);
#6086 = DIRECTION('',(0.,1.));
#6087 = ( GEOMETRIC_REPRESENTATION_CONTEXT(2) 
PARAMETRIC_REPRESENTATION_CONTEXT() REPRESENTATION_CONTEXT('2D SPACE',''
  ) );
#6088 = PCURVE('',#5891,#6089);
#6089 = DEFINITIONAL_REPRESENTATION('',(#6090),#6094);
#6090 = LINE('',#6091,#6092);
#6091 = CARTESIAN_POINT('',(0.,0.45));
#6092 = VECTOR('',#6093,1.);
#6093 = DIRECTION('',(1.,0.));
#6094 = ( GEOMETRIC_REPRESENTATION_CONTEXT(2) 
PARAMETRIC_REPRESENTATION_CONTEXT() REPRESENTATION_CONTEXT('2D SPACE',''
  ) );
#6095 = ORIENTED_EDGE('',*,*,#5959,.F.);
#6096 = ADVANCED_FACE('',(#6097),#5837,.F.);
#6097 = FACE_BOUND('',#6098,.F.);
#6098 = EDGE_LOOP('',(#6099,#6100,#6101,#6102));
#6099 = ORIENTED_EDGE('',*,*,#5821,.F.);
#6100 = ORIENTED_EDGE('',*,*,#6006,.T.);
#6101 = ORIENTED_EDGE('',*,*,#5936,.T.);
#6102 = ORIENTED_EDGE('',*,*,#6053,.F.);
#6103 = ADVANCED_FACE('',(#6104),#5891,.T.);
#6104 = FACE_BOUND('',#6105,.T.);
#6105 = EDGE_LOOP('',(#6106,#6107,#6108,#6109));
#6106 = ORIENTED_EDGE('',*,*,#5877,.F.);
#6107 = ORIENTED_EDGE('',*,*,#6028,.T.);
#6108 = ORIENTED_EDGE('',*,*,#5982,.T.);
#6109 = ORIENTED_EDGE('',*,*,#6075,.F.);
#6110 = ( GEOMETRIC_REPRESENTATION_CONTEXT(3) 
GLOBAL_UNCERTAINTY_ASSIGNED_CONTEXT((#6114)) 
GLOBAL_UNIT_ASSIGNED_CONTEXT((#6111,#6112,#6113)) REPRESENTATION_CONTEXT
('Context #1','3D Context with UNIT and UNCERTAINTY') );
#6111 = ( LENGTH_UNIT() NAMED_UNIT(*) SI_UNIT(.MILLI.,.METRE.) );
#6112 = ( NAMED_UNIT(*) PLANE_ANGLE_UNIT() SI_UNIT($,.RADIAN.) );
#6113 = ( NAMED_UNIT(*) SI_UNIT($,.STERADIAN.) SOLID_ANGLE_UNIT() );
#6114 = UNCERTAINTY_MEASURE_WITH_UNIT(LENGTH_MEASURE(1.E-07),#6111,
  'distance_accuracy_value','confusion accuracy');
#6115 = CONTEXT_DEPENDENT_SHAPE_REPRESENTATION(#6116,#6118);
#6116 = ( REPRESENTATION_RELATIONSHIP('','',#5779,#10) 
REPRESENTATION_RELATIONSHIP_WITH_TRANSFORMATION(#6117) 
SHAPE_REPRESENTATION_RELATIONSHIP() );
#6117 = ITEM_DEFINED_TRANSFORMATION('','',#11,#87);
#6118 = PRODUCT_DEFINITION_SHAPE('Placement','Placement of an item',
  #6119);
#6119 = NEXT_ASSEMBLY_USAGE_OCCURRENCE('19','leaf_y_pos','',#5,#5774,$);
#6120 = PRODUCT_RELATED_PRODUCT_CATEGORY('part',$,(#5776));
#6121 = SHAPE_DEFINITION_REPRESENTATION(#6122,#6128);
#6122 = PRODUCT_DEFINITION_SHAPE('','',#6123);
#6123 = PRODUCT_DEFINITION('design','',#6124,#6127);
#6124 = PRODUCT_DEFINITION_FORMATION('','',#6125);
#6125 = PRODUCT('refill_D1','refill_D1','',(#6126));
#6126 = PRODUCT_CONTEXT('',#2,'mechanical');
#6127 = PRODUCT_DEFINITION_CONTEXT('part definition',#2,'design');
#6128 = ADVANCED_BREP_SHAPE_REPRESENTATION('',(#11,#6129),#6341);
#6129 = MANIFOLD_SOLID_BREP('',#6130);
#6130 = CLOSED_SHELL('',(#6131,#6193,#6228,#6282,#6337));
#6131 = ADVANCED_FACE('',(#6132),#6145,.T.);
#6132 = FACE_BOUND('',#6133,.T.);
#6133 = EDGE_LOOP('',(#6134,#6168,#6192));
#6134 = ORIENTED_EDGE('',*,*,#6135,.F.);
#6135 = EDGE_CURVE('',#6136,#6136,#6138,.T.);
#6136 = VERTEX_POINT('',#6137);
#6137 = CARTESIAN_POINT('',(0.180277563773,-4.415526828659E-17,0.3));
#6138 = SURFACE_CURVE('',#6139,(#6144,#6156),.PCURVE_S1.);
#6139 = CIRCLE('',#6140,0.180277563773);
#6140 = AXIS2_PLACEMENT_3D('',#6141,#6142,#6143);
#6141 = CARTESIAN_POINT('',(0.,0.,0.3));
#6142 = DIRECTION('',(0.,0.,1.));
#6143 = DIRECTION('',(1.,0.,-0.));
#6144 = PCURVE('',#6145,#6150);
#6145 = SPHERICAL_SURFACE('',#6146,0.35);
#6146 = AXIS2_PLACEMENT_3D('',#6147,#6148,#6149);
#6147 = CARTESIAN_POINT('',(0.,0.,0.));
#6148 = DIRECTION('',(0.,0.,1.));
#6149 = DIRECTION('',(1.,0.,0.));
#6150 = DEFINITIONAL_REPRESENTATION('',(#6151),#6155);
#6151 = LINE('',#6152,#6153);
#6152 = CARTESIAN_POINT('',(0.,1.029696800838));
#6153 = VECTOR('',#6154,1.);
#6154 = DIRECTION('',(1.,0.));
#6155 = ( GEOMETRIC_REPRESENTATION_CONTEXT(2) 
PARAMETRIC_REPRESENTATION_CONTEXT() REPRESENTATION_CONTEXT('2D SPACE',''
  ) );
#6156 = PCURVE('',#6157,#6162);
#6157 = PLANE('',#6158);
#6158 = AXIS2_PLACEMENT_3D('',#6159,#6160,#6161);
#6159 = CARTESIAN_POINT('',(0.,0.,0.3));
#6160 = DIRECTION('',(0.,0.,1.));
#6161 = DIRECTION('',(1.,0.,-0.));
#6162 = DEFINITIONAL_REPRESENTATION('',(#6163),#6167);
#6163 = CIRCLE('',#6164,0.180277563773);
#6164 = AXIS2_PLACEMENT_2D('',#6165,#6166);
#6165 = CARTESIAN_POINT('',(0.,0.));
#6166 = DIRECTION('',(1.,0.));
#6167 = ( GEOMETRIC_REPRESENTATION_CONTEXT(2) 
PARAMETRIC_REPRESENTATION_CONTEXT() REPRESENTATION_CONTEXT('2D SPACE',''
  ) );
#6168 = ORIENTED_EDGE('',*,*,#6169,.F.);
#6169 = EDGE_CURVE('',#6170,#6136,#6172,.T.);
#6170 = VERTEX_POINT('',#6171);
#6171 = CARTESIAN_POINT('',(2.143131898508E-17,-5.249159239317E-33,-0.35
    ));
#6172 = SEAM_CURVE('',#6173,(#6178,#6185),.PCURVE_S1.);
#6173 = CIRCLE('',#6174,0.35);
#6174 = AXIS2_PLACEMENT_3D('',#6175,#6176,#6177);
#6175 = CARTESIAN_POINT('',(0.,0.,0.));
#6176 = DIRECTION('',(-2.449293598295E-16,-1.,0.));
#6177 = DIRECTION('',(1.,-2.449293598295E-16,0.));
#6178 = PCURVE('',#6145,#6179);
#6179 = DEFINITIONAL_REPRESENTATION('',(#6180),#6184);
#6180 = LINE('',#6181,#6182);
#6181 = CARTESIAN_POINT('',(6.28318530718,-6.28318530718));
#6182 = VECTOR('',#6183,1.);
#6183 = DIRECTION('',(0.,1.));
#6184 = ( GEOMETRIC_REPRESENTATION_CONTEXT(2) 
PARAMETRIC_REPRESENTATION_CONTEXT() REPRESENTATION_CONTEXT('2D SPACE',''
  ) );
#6185 = PCURVE('',#6145,#6186);
#6186 = DEFINITIONAL_REPRESENTATION('',(#6187),#6191);
#6187 = LINE('',#6188,#6189);
#6188 = CARTESIAN_POINT('',(0.,-6.28318530718));
#6189 = VECTOR('',#6190,1.);
#6190 = DIRECTION('',(0.,1.));
#6191 = ( GEOMETRIC_REPRESENTATION_CONTEXT(2) 
PARAMETRIC_REPRESENTATION_CONTEXT() REPRESENTATION_CONTEXT('2D SPACE',''
  ) );
#6192 = ORIENTED_EDGE('',*,*,#6169,.T.);
#6193 = ADVANCED_FACE('',(#6194,#6225),#6157,.F.);
#6194 = FACE_BOUND('',#6195,.F.);
#6195 = EDGE_LOOP('',(#6196));
#6196 = ORIENTED_EDGE('',*,*,#6197,.T.);
#6197 = EDGE_CURVE('',#6198,#6198,#6200,.T.);
#6198 = VERTEX_POINT('',#6199);
#6199 = CARTESIAN_POINT('',(0.5,-1.224646799147E-16,0.3));
#6200 = SURFACE_CURVE('',#6201,(#6206,#6213),.PCURVE_S1.);
#6201 = CIRCLE('',#6202,0.5);
#6202 = AXIS2_PLACEMENT_3D('',#6203,#6204,#6205);
#6203 = CARTESIAN_POINT('',(0.,0.,0.3));
#6204 = DIRECTION('',(0.,0.,1.));
#6205 = DIRECTION('',(1.,0.,-0.));
#6206 = PCURVE('',#6157,#6207);
#6207 = DEFINITIONAL_REPRESENTATION('',(#6208),#6212);
#6208 = CIRCLE('',#6209,0.5);
#6209 = AXIS2_PLACEMENT_2D('',#6210,#6211);
#6210 = CARTESIAN_POINT('',(0.,0.));
#6211 = DIRECTION('',(1.,0.));
#6212 = ( GEOMETRIC_REPRESENTATION_CONTEXT(2) 
PARAMETRIC_REPRESENTATION_CONTEXT() REPRESENTATION_CONTEXT('2D SPACE',''
  ) );
#6213 = PCURVE('',#6214,#6219);
#6214 = CONICAL_SURFACE('',#6215,0.5,0.142641656105);
#6215 = AXIS2_PLACEMENT_3D('',#6216,#6217,#6218);
#6216 = CARTESIAN_POINT('',(0.,0.,0.3));
#6217 = DIRECTION('',(0.,0.,1.));
#6218 = DIRECTION('',(1.,0.,-0.));
#6219 = DEFINITIONAL_REPRESENTATION('',(#6220),#6224);
#6220 = LINE('',#6221,#6222);
#6221 = CARTESIAN_POINT('',(0.,0.));
#6222 = VECTOR('',#6223,1.);
#6223 = DIRECTION('',(1.,0.));
#6224 = ( GEOMETRIC_REPRESENTATION_CONTEXT(2) 
PARAMETRIC_REPRESENTATION_CONTEXT() REPRESENTATION_CONTEXT('2D SPACE',''
  ) );
#6225 = FACE_BOUND('',#6226,.F.);
#6226 = EDGE_LOOP('',(#6227));
#6227 = ORIENTED_EDGE('',*,*,#6135,.F.);
#6228 = ADVANCED_FACE('',(#6229),#6214,.T.);
#6229 = FACE_BOUND('',#6230,.T.);
#6230 = EDGE_LOOP('',(#6231,#6259,#6280,#6281));
#6231 = ORIENTED_EDGE('',*,*,#6232,.F.);
#6232 = EDGE_CURVE('',#6233,#6233,#6235,.T.);
#6233 = VERTEX_POINT('',#6234);
#6234 = CARTESIAN_POINT('',(1.175,-1.438959975399E-16,5.));
#6235 = SURFACE_CURVE('',#6236,(#6241,#6248),.PCURVE_S1.);
#6236 = CIRCLE('',#6237,1.175);
#6237 = AXIS2_PLACEMENT_3D('',#6238,#6239,#6240);
#6238 = CARTESIAN_POINT('',(0.,0.,5.));
#6239 = DIRECTION('',(0.,0.,1.));
#6240 = DIRECTION('',(1.,0.,-0.));
#6241 = PCURVE('',#6214,#6242);
#6242 = DEFINITIONAL_REPRESENTATION('',(#6243),#6247);
#6243 = LINE('',#6244,#6245);
#6244 = CARTESIAN_POINT('',(0.,4.7));
#6245 = VECTOR('',#6246,1.);
#6246 = DIRECTION('',(1.,0.));
#6247 = ( GEOMETRIC_REPRESENTATION_CONTEXT(2) 
PARAMETRIC_REPRESENTATION_CONTEXT() REPRESENTATION_CONTEXT('2D SPACE',''
  ) );
#6248 = PCURVE('',#6249,#6254);
#6249 = CYLINDRICAL_SURFACE('',#6250,1.175);
#6250 = AXIS2_PLACEMENT_3D('',#6251,#6252,#6253);
#6251 = CARTESIAN_POINT('',(0.,0.,5.));
#6252 = DIRECTION('',(-0.,-0.,-1.));
#6253 = DIRECTION('',(1.,0.,0.));
#6254 = DEFINITIONAL_REPRESENTATION('',(#6255),#6258);
#6255 = B_SPLINE_CURVE_WITH_KNOTS('',1,(#6256,#6257),.UNSPECIFIED.,.F.,
  .F.,(2,2),(0.,6.28318530718),.PIECEWISE_BEZIER_KNOTS.);
#6256 = CARTESIAN_POINT('',(0.,0.));
#6257 = CARTESIAN_POINT('',(-6.28318530718,0.));
#6258 = ( GEOMETRIC_REPRESENTATION_CONTEXT(2) 
PARAMETRIC_REPRESENTATION_CONTEXT() REPRESENTATION_CONTEXT('2D SPACE',''
  ) );
#6259 = ORIENTED_EDGE('',*,*,#6260,.F.);
#6260 = EDGE_CURVE('',#6198,#6233,#6261,.T.);
#6261 = SEAM_CURVE('',#6262,(#6266,#6273),.PCURVE_S1.);
#6262 = LINE('',#6263,#6264);
#6263 = CARTESIAN_POINT('',(0.5,-1.224646799147E-16,0.3));
#6264 = VECTOR('',#6265,1.);
#6265 = DIRECTION('',(0.142158434843,-3.481877444055E-17,0.989843916687)
  );
#6266 = PCURVE('',#6214,#6267);
#6267 = DEFINITIONAL_REPRESENTATION('',(#6268),#6272);
#6268 = LINE('',#6269,#6270);
#6269 = CARTESIAN_POINT('',(6.28318530718,-0.));
#6270 = VECTOR('',#6271,1.);
#6271 = DIRECTION('',(0.,1.));
#6272 = ( GEOMETRIC_REPRESENTATION_CONTEXT(2) 
PARAMETRIC_REPRESENTATION_CONTEXT() REPRESENTATION_CONTEXT('2D SPACE',''
  ) );
#6273 = PCURVE('',#6214,#6274);
#6274 = DEFINITIONAL_REPRESENTATION('',(#6275),#6279);
#6275 = LINE('',#6276,#6277);
#6276 = CARTESIAN_POINT('',(0.,-0.));
#6277 = VECTOR('',#6278,1.);
#6278 = DIRECTION('',(0.,1.));
#6279 = ( GEOMETRIC_REPRESENTATION_CONTEXT(2) 
PARAMETRIC_REPRESENTATION_CONTEXT() REPRESENTATION_CONTEXT('2D SPACE',''
  ) );
#6280 = ORIENTED_EDGE('',*,*,#6197,.T.);
#6281 = ORIENTED_EDGE('',*,*,#6260,.T.);
#6282 = ADVANCED_FACE('',(#6283),#6249,.T.);
#6283 = FACE_BOUND('',#6284,.F.);
#6284 = EDGE_LOOP('',(#6285,#6308,#6335,#6336));
#6285 = ORIENTED_EDGE('',*,*,#6286,.T.);
#6286 = EDGE_CURVE('',#6233,#6287,#6289,.T.);
#6287 = VERTEX_POINT('',#6288);
#6288 = CARTESIAN_POINT('',(1.175,0.,67.));
#6289 = SEAM_CURVE('',#6290,(#6294,#6301),.PCURVE_S1.);
#6290 = LINE('',#6291,#6292);
#6291 = CARTESIAN_POINT('',(1.175,0.,5.));
#6292 = VECTOR('',#6293,1.);
#6293 = DIRECTION('',(0.,0.,1.));
#6294 = PCURVE('',#6249,#6295);
#6295 = DEFINITIONAL_REPRESENTATION('',(#6296),#6300);
#6296 = LINE('',#6297,#6298);
#6297 = CARTESIAN_POINT('',(-0.,0.));
#6298 = VECTOR('',#6299,1.);
#6299 = DIRECTION('',(-0.,-1.));
#6300 = ( GEOMETRIC_REPRESENTATION_CONTEXT(2) 
PARAMETRIC_REPRESENTATION_CONTEXT() REPRESENTATION_CONTEXT('2D SPACE',''
  ) );
#6301 = PCURVE('',#6249,#6302);
#6302 = DEFINITIONAL_REPRESENTATION('',(#6303),#6307);
#6303 = LINE('',#6304,#6305);
#6304 = CARTESIAN_POINT('',(-6.28318530718,0.));
#6305 = VECTOR('',#6306,1.);
#6306 = DIRECTION('',(-0.,-1.));
#6307 = ( GEOMETRIC_REPRESENTATION_CONTEXT(2) 
PARAMETRIC_REPRESENTATION_CONTEXT() REPRESENTATION_CONTEXT('2D SPACE',''
  ) );
#6308 = ORIENTED_EDGE('',*,*,#6309,.T.);
#6309 = EDGE_CURVE('',#6287,#6287,#6310,.T.);
#6310 = SURFACE_CURVE('',#6311,(#6316,#6323),.PCURVE_S1.);
#6311 = CIRCLE('',#6312,1.175);
#6312 = AXIS2_PLACEMENT_3D('',#6313,#6314,#6315);
#6313 = CARTESIAN_POINT('',(0.,0.,67.));
#6314 = DIRECTION('',(0.,0.,1.));
#6315 = DIRECTION('',(1.,0.,0.));
#6316 = PCURVE('',#6249,#6317);
#6317 = DEFINITIONAL_REPRESENTATION('',(#6318),#6322);
#6318 = LINE('',#6319,#6320);
#6319 = CARTESIAN_POINT('',(-0.,-62.));
#6320 = VECTOR('',#6321,1.);
#6321 = DIRECTION('',(-1.,0.));
#6322 = ( GEOMETRIC_REPRESENTATION_CONTEXT(2) 
PARAMETRIC_REPRESENTATION_CONTEXT() REPRESENTATION_CONTEXT('2D SPACE',''
  ) );
#6323 = PCURVE('',#6324,#6329);
#6324 = PLANE('',#6325);
#6325 = AXIS2_PLACEMENT_3D('',#6326,#6327,#6328);
#6326 = CARTESIAN_POINT('',(-7.273617726274E-17,-4.79653329666E-17,67.)
  );
#6327 = DIRECTION('',(0.,0.,1.));
#6328 = DIRECTION('',(1.,0.,-0.));
#6329 = DEFINITIONAL_REPRESENTATION('',(#6330),#6334);
#6330 = CIRCLE('',#6331,1.175);
#6331 = AXIS2_PLACEMENT_2D('',#6332,#6333);
#6332 = CARTESIAN_POINT('',(7.273617726274E-17,4.79653329666E-17));
#6333 = DIRECTION('',(1.,0.));
#6334 = ( GEOMETRIC_REPRESENTATION_CONTEXT(2) 
PARAMETRIC_REPRESENTATION_CONTEXT() REPRESENTATION_CONTEXT('2D SPACE',''
  ) );
#6335 = ORIENTED_EDGE('',*,*,#6286,.F.);
#6336 = ORIENTED_EDGE('',*,*,#6232,.F.);
#6337 = ADVANCED_FACE('',(#6338),#6324,.T.);
#6338 = FACE_BOUND('',#6339,.T.);
#6339 = EDGE_LOOP('',(#6340));
#6340 = ORIENTED_EDGE('',*,*,#6309,.T.);
#6341 = ( GEOMETRIC_REPRESENTATION_CONTEXT(3) 
GLOBAL_UNCERTAINTY_ASSIGNED_CONTEXT((#6345)) 
GLOBAL_UNIT_ASSIGNED_CONTEXT((#6342,#6343,#6344)) REPRESENTATION_CONTEXT
('Context #1','3D Context with UNIT and UNCERTAINTY') );
#6342 = ( LENGTH_UNIT() NAMED_UNIT(*) SI_UNIT(.MILLI.,.METRE.) );
#6343 = ( NAMED_UNIT(*) PLANE_ANGLE_UNIT() SI_UNIT($,.RADIAN.) );
#6344 = ( NAMED_UNIT(*) SI_UNIT($,.STERADIAN.) SOLID_ANGLE_UNIT() );
#6345 = UNCERTAINTY_MEASURE_WITH_UNIT(LENGTH_MEASURE(1.E-07),#6342,
  'distance_accuracy_value','confusion accuracy');
#6346 = CONTEXT_DEPENDENT_SHAPE_REPRESENTATION(#6347,#6349);
#6347 = ( REPRESENTATION_RELATIONSHIP('','',#6128,#10) 
REPRESENTATION_RELATIONSHIP_WITH_TRANSFORMATION(#6348) 
SHAPE_REPRESENTATION_RELATIONSHIP() );
#6348 = ITEM_DEFINED_TRANSFORMATION('','',#11,#91);
#6349 = PRODUCT_DEFINITION_SHAPE('Placement','Placement of an item',
  #6350);
#6350 = NEXT_ASSEMBLY_USAGE_OCCURRENCE('20','refill_D1','',#5,#6123,$);
#6351 = PRODUCT_RELATED_PRODUCT_CATEGORY('part',$,(#6125));
#6352 = SHAPE_DEFINITION_REPRESENTATION(#6353,#6359);
#6353 = PRODUCT_DEFINITION_SHAPE('','',#6354);
#6354 = PRODUCT_DEFINITION('design','',#6355,#6358);
#6355 = PRODUCT_DEFINITION_FORMATION('','',#6356);
#6356 = PRODUCT('collar','collar','',(#6357));
#6357 = PRODUCT_CONTEXT('',#2,'mechanical');
#6358 = PRODUCT_DEFINITION_CONTEXT('part definition',#2,'design');
#6359 = ADVANCED_BREP_SHAPE_REPRESENTATION('',(#11,#6360),#6612);
#6360 = MANIFOLD_SOLID_BREP('',#6361);
#6361 = CLOSED_SHELL('',(#6362,#6475,#6529,#6554,#6585));
#6362 = ADVANCED_FACE('',(#6363),#6378,.T.);
#6363 = FACE_BOUND('',#6364,.F.);
#6364 = EDGE_LOOP('',(#6365,#6401,#6427,#6456));
#6365 = ORIENTED_EDGE('',*,*,#6366,.F.);
#6366 = EDGE_CURVE('',#6367,#6369,#6371,.T.);
#6367 = VERTEX_POINT('',#6368);
#6368 = CARTESIAN_POINT('',(1.7,1.053565375285,15.));
#6369 = VERTEX_POINT('',#6370);
#6370 = CARTESIAN_POINT('',(1.7,-1.053565375285,15.));
#6371 = SURFACE_CURVE('',#6372,(#6377,#6389),.PCURVE_S1.);
#6372 = CIRCLE('',#6373,2.);
#6373 = AXIS2_PLACEMENT_3D('',#6374,#6375,#6376);
#6374 = CARTESIAN_POINT('',(0.,0.,15.));
#6375 = DIRECTION('',(0.,0.,1.));
#6376 = DIRECTION('',(1.,0.,0.));
#6377 = PCURVE('',#6378,#6383);
#6378 = CYLINDRICAL_SURFACE('',#6379,2.);
#6379 = AXIS2_PLACEMENT_3D('',#6380,#6381,#6382);
#6380 = CARTESIAN_POINT('',(0.,0.,15.));
#6381 = DIRECTION('',(-0.,-0.,-1.));
#6382 = DIRECTION('',(1.,0.,0.));
#6383 = DEFINITIONAL_REPRESENTATION('',(#6384),#6388);
#6384 = LINE('',#6385,#6386);
#6385 = CARTESIAN_POINT('',(-0.,0.));
#6386 = VECTOR('',#6387,1.);
#6387 = DIRECTION('',(-1.,0.));
#6388 = ( GEOMETRIC_REPRESENTATION_CONTEXT(2) 
PARAMETRIC_REPRESENTATION_CONTEXT() REPRESENTATION_CONTEXT('2D SPACE',''
  ) );
#6389 = PCURVE('',#6390,#6395);
#6390 = PLANE('',#6391);
#6391 = AXIS2_PLACEMENT_3D('',#6392,#6393,#6394);
#6392 = CARTESIAN_POINT('',(-1.281975124256E-16,1.74751904908E-16,15.));
#6393 = DIRECTION('',(0.,0.,1.));
#6394 = DIRECTION('',(1.,0.,-0.));
#6395 = DEFINITIONAL_REPRESENTATION('',(#6396),#6400);
#6396 = CIRCLE('',#6397,2.);
#6397 = AXIS2_PLACEMENT_2D('',#6398,#6399);
#6398 = CARTESIAN_POINT('',(1.281975124256E-16,-1.74751904908E-16));
#6399 = DIRECTION('',(1.,0.));
#6400 = ( GEOMETRIC_REPRESENTATION_CONTEXT(2) 
PARAMETRIC_REPRESENTATION_CONTEXT() REPRESENTATION_CONTEXT('2D SPACE',''
  ) );
#6401 = ORIENTED_EDGE('',*,*,#6402,.F.);
#6402 = EDGE_CURVE('',#6403,#6367,#6405,.T.);
#6403 = VERTEX_POINT('',#6404);
#6404 = CARTESIAN_POINT('',(1.7,1.053565375285,18.));
#6405 = SURFACE_CURVE('',#6406,(#6410,#6416),.PCURVE_S1.);
#6406 = LINE('',#6407,#6408);
#6407 = CARTESIAN_POINT('',(1.7,1.053565375285,15.));
#6408 = VECTOR('',#6409,1.);
#6409 = DIRECTION('',(-0.,-0.,-1.));
#6410 = PCURVE('',#6378,#6411);
#6411 = DEFINITIONAL_REPRESENTATION('',(#6412),#6415);
#6412 = B_SPLINE_CURVE_WITH_KNOTS('',1,(#6413,#6414),.UNSPECIFIED.,.F.,
  .F.,(2,2),(-3.0000006,5.999999999062E-07),.PIECEWISE_BEZIER_KNOTS.);
#6413 = CARTESIAN_POINT('',(-0.55481103298,-3.0000006));
#6414 = CARTESIAN_POINT('',(-0.55481103298,5.999999999062E-07));
#6415 = ( GEOMETRIC_REPRESENTATION_CONTEXT(2) 
PARAMETRIC_REPRESENTATION_CONTEXT() REPRESENTATION_CONTEXT('2D SPACE',''
  ) );
#6416 = PCURVE('',#6417,#6422);
#6417 = PLANE('',#6418);
#6418 = AXIS2_PLACEMENT_3D('',#6419,#6420,#6421);
#6419 = CARTESIAN_POINT('',(1.7,-2.5,14.9));
#6420 = DIRECTION('',(1.,0.,0.));
#6421 = DIRECTION('',(0.,0.,1.));
#6422 = DEFINITIONAL_REPRESENTATION('',(#6423),#6426);
#6423 = B_SPLINE_CURVE_WITH_KNOTS('',1,(#6424,#6425),.UNSPECIFIED.,.F.,
  .F.,(2,2),(-3.0000006,5.999999999062E-07),.PIECEWISE_BEZIER_KNOTS.);
#6424 = CARTESIAN_POINT('',(3.1000006,-3.553565375285));
#6425 = CARTESIAN_POINT('',(9.99994E-02,-3.553565375285));
#6426 = ( GEOMETRIC_REPRESENTATION_CONTEXT(2) 
PARAMETRIC_REPRESENTATION_CONTEXT() REPRESENTATION_CONTEXT('2D SPACE',''
  ) );
#6427 = ORIENTED_EDGE('',*,*,#6428,.T.);
#6428 = EDGE_CURVE('',#6403,#6429,#6431,.T.);
#6429 = VERTEX_POINT('',#6430);
#6430 = CARTESIAN_POINT('',(1.7,-1.053565375285,18.));
#6431 = SURFACE_CURVE('',#6432,(#6437,#6444),.PCURVE_S1.);
#6432 = CIRCLE('',#6433,2.);
#6433 = AXIS2_PLACEMENT_3D('',#6434,#6435,#6436);
#6434 = CARTESIAN_POINT('',(0.,0.,18.));
#6435 = DIRECTION('',(0.,0.,1.));
#6436 = DIRECTION('',(1.,0.,0.));
#6437 = PCURVE('',#6378,#6438);
#6438 = DEFINITIONAL_REPRESENTATION('',(#6439),#6443);
#6439 = LINE('',#6440,#6441);
#6440 = CARTESIAN_POINT('',(-0.,-3.));
#6441 = VECTOR('',#6442,1.);
#6442 = DIRECTION('',(-1.,0.));
#6443 = ( GEOMETRIC_REPRESENTATION_CONTEXT(2) 
PARAMETRIC_REPRESENTATION_CONTEXT() REPRESENTATION_CONTEXT('2D SPACE',''
  ) );
#6444 = PCURVE('',#6445,#6450);
#6445 = PLANE('',#6446);
#6446 = AXIS2_PLACEMENT_3D('',#6447,#6448,#6449);
#6447 = CARTESIAN_POINT('',(-1.281975124256E-16,1.74751904908E-16,18.));
#6448 = DIRECTION('',(0.,0.,1.));
#6449 = DIRECTION('',(1.,0.,-0.));
#6450 = DEFINITIONAL_REPRESENTATION('',(#6451),#6455);
#6451 = CIRCLE('',#6452,2.);
#6452 = AXIS2_PLACEMENT_2D('',#6453,#6454);
#6453 = CARTESIAN_POINT('',(1.281975124256E-16,-1.74751904908E-16));
#6454 = DIRECTION('',(1.,0.));
#6455 = ( GEOMETRIC_REPRESENTATION_CONTEXT(2) 
PARAMETRIC_REPRESENTATION_CONTEXT() REPRESENTATION_CONTEXT('2D SPACE',''
  ) );
#6456 = ORIENTED_EDGE('',*,*,#6457,.T.);
#6457 = EDGE_CURVE('',#6429,#6369,#6458,.T.);
#6458 = SURFACE_CURVE('',#6459,(#6463,#6469),.PCURVE_S1.);
#6459 = LINE('',#6460,#6461);
#6460 = CARTESIAN_POINT('',(1.7,-1.053565375285,15.));
#6461 = VECTOR('',#6462,1.);
#6462 = DIRECTION('',(-0.,-0.,-1.));
#6463 = PCURVE('',#6378,#6464);
#6464 = DEFINITIONAL_REPRESENTATION('',(#6465),#6468);
#6465 = B_SPLINE_CURVE_WITH_KNOTS('',1,(#6466,#6467),.UNSPECIFIED.,.F.,
  .F.,(2,2),(-3.0000006,5.999999999062E-07),.PIECEWISE_BEZIER_KNOTS.);
#6466 = CARTESIAN_POINT('',(-5.7283742742,-3.0000006));
#6467 = CARTESIAN_POINT('',(-5.7283742742,5.999999999062E-07));
#6468 = ( GEOMETRIC_REPRESENTATION_CONTEXT(2) 
PARAMETRIC_REPRESENTATION_CONTEXT() REPRESENTATION_CONTEXT('2D SPACE',''
  ) );
#6469 = PCURVE('',#6417,#6470);
#6470 = DEFINITIONAL_REPRESENTATION('',(#6471),#6474);
#6471 = B_SPLINE_CURVE_WITH_KNOTS('',1,(#6472,#6473),.UNSPECIFIED.,.F.,
  .F.,(2,2),(-3.0000006,5.999999999062E-07),.PIECEWISE_BEZIER_KNOTS.);
#6472 = CARTESIAN_POINT('',(3.1000006,-1.446434624715));
#6473 = CARTESIAN_POINT('',(9.99994E-02,-1.446434624715));
#6474 = ( GEOMETRIC_REPRESENTATION_CONTEXT(2) 
PARAMETRIC_REPRESENTATION_CONTEXT() REPRESENTATION_CONTEXT('2D SPACE',''
  ) );
#6475 = ADVANCED_FACE('',(#6476,#6498),#6390,.F.);
#6476 = FACE_BOUND('',#6477,.F.);
#6477 = EDGE_LOOP('',(#6478,#6497));
#6478 = ORIENTED_EDGE('',*,*,#6479,.T.);
#6479 = EDGE_CURVE('',#6369,#6367,#6480,.T.);
#6480 = SURFACE_CURVE('',#6481,(#6485,#6491),.PCURVE_S1.);
#6481 = LINE('',#6482,#6483);
#6482 = CARTESIAN_POINT('',(1.7,-1.25,15.));
#6483 = VECTOR('',#6484,1.);
#6484 = DIRECTION('',(0.,1.,0.));
#6485 = PCURVE('',#6390,#6486);
#6486 = DEFINITIONAL_REPRESENTATION('',(#6487),#6490);
#6487 = B_SPLINE_CURVE_WITH_KNOTS('',1,(#6488,#6489),.UNSPECIFIED.,.F.,
  .F.,(2,2),(-0.75,3.25),.PIECEWISE_BEZIER_KNOTS.);
#6488 = CARTESIAN_POINT('',(1.7,-2.));
#6489 = CARTESIAN_POINT('',(1.7,2.));
#6490 = ( GEOMETRIC_REPRESENTATION_CONTEXT(2) 
PARAMETRIC_REPRESENTATION_CONTEXT() REPRESENTATION_CONTEXT('2D SPACE',''
  ) );
#6491 = PCURVE('',#6417,#6492);
#6492 = DEFINITIONAL_REPRESENTATION('',(#6493),#6496);
#6493 = B_SPLINE_CURVE_WITH_KNOTS('',1,(#6494,#6495),.UNSPECIFIED.,.F.,
  .F.,(2,2),(-0.75,3.25),.PIECEWISE_BEZIER_KNOTS.);
#6494 = CARTESIAN_POINT('',(1.E-01,-0.5));
#6495 = CARTESIAN_POINT('',(1.E-01,-4.5));
#6496 = ( GEOMETRIC_REPRESENTATION_CONTEXT(2) 
PARAMETRIC_REPRESENTATION_CONTEXT() REPRESENTATION_CONTEXT('2D SPACE',''
  ) );
#6497 = ORIENTED_EDGE('',*,*,#6366,.T.);
#6498 = FACE_BOUND('',#6499,.F.);
#6499 = EDGE_LOOP('',(#6500));
#6500 = ORIENTED_EDGE('',*,*,#6501,.F.);
#6501 = EDGE_CURVE('',#6502,#6502,#6504,.T.);
#6502 = VERTEX_POINT('',#6503);
#6503 = CARTESIAN_POINT('',(1.225,5.551115123126E-17,15.));
#6504 = SURFACE_CURVE('',#6505,(#6510,#6517),.PCURVE_S1.);
#6505 = CIRCLE('',#6506,1.225);
#6506 = AXIS2_PLACEMENT_3D('',#6507,#6508,#6509);
#6507 = CARTESIAN_POINT('',(9.436895709314E-15,5.551115123126E-17,15.));
#6508 = DIRECTION('',(0.,0.,1.));
#6509 = DIRECTION('',(1.,0.,0.));
#6510 = PCURVE('',#6390,#6511);
#6511 = DEFINITIONAL_REPRESENTATION('',(#6512),#6516);
#6512 = CIRCLE('',#6513,1.225);
#6513 = AXIS2_PLACEMENT_2D('',#6514,#6515);
#6514 = CARTESIAN_POINT('',(9.565093221739E-15,-1.192407536767E-16));
#6515 = DIRECTION('',(1.,0.));
#6516 = ( GEOMETRIC_REPRESENTATION_CONTEXT(2) 
PARAMETRIC_REPRESENTATION_CONTEXT() REPRESENTATION_CONTEXT('2D SPACE',''
  ) );
#6517 = PCURVE('',#6518,#6523);
#6518 = CYLINDRICAL_SURFACE('',#6519,1.225);
#6519 = AXIS2_PLACEMENT_3D('',#6520,#6521,#6522);
#6520 = CARTESIAN_POINT('',(9.436895709314E-15,5.551115123126E-17,15.));
#6521 = DIRECTION('',(-0.,-0.,-1.));
#6522 = DIRECTION('',(1.,0.,0.));
#6523 = DEFINITIONAL_REPRESENTATION('',(#6524),#6528);
#6524 = LINE('',#6525,#6526);
#6525 = CARTESIAN_POINT('',(-0.,0.));
#6526 = VECTOR('',#6527,1.);
#6527 = DIRECTION('',(-1.,0.));
#6528 = ( GEOMETRIC_REPRESENTATION_CONTEXT(2) 
PARAMETRIC_REPRESENTATION_CONTEXT() REPRESENTATION_CONTEXT('2D SPACE',''
  ) );
#6529 = ADVANCED_FACE('',(#6530),#6417,.T.);
#6530 = FACE_BOUND('',#6531,.T.);
#6531 = EDGE_LOOP('',(#6532,#6533,#6552,#6553));
#6532 = ORIENTED_EDGE('',*,*,#6402,.F.);
#6533 = ORIENTED_EDGE('',*,*,#6534,.F.);
#6534 = EDGE_CURVE('',#6429,#6403,#6535,.T.);
#6535 = SURFACE_CURVE('',#6536,(#6540,#6546),.PCURVE_S1.);
#6536 = LINE('',#6537,#6538);
#6537 = CARTESIAN_POINT('',(1.7,-1.25,18.));
#6538 = VECTOR('',#6539,1.);
#6539 = DIRECTION('',(0.,1.,0.));
#6540 = PCURVE('',#6417,#6541);
#6541 = DEFINITIONAL_REPRESENTATION('',(#6542),#6545);
#6542 = B_SPLINE_CURVE_WITH_KNOTS('',1,(#6543,#6544),.UNSPECIFIED.,.F.,
  .F.,(2,2),(-0.75,3.25),.PIECEWISE_BEZIER_KNOTS.);
#6543 = CARTESIAN_POINT('',(3.1,-0.5));
#6544 = CARTESIAN_POINT('',(3.1,-4.5));
#6545 = ( GEOMETRIC_REPRESENTATION_CONTEXT(2) 
PARAMETRIC_REPRESENTATION_CONTEXT() REPRESENTATION_CONTEXT('2D SPACE',''
  ) );
#6546 = PCURVE('',#6445,#6547);
#6547 = DEFINITIONAL_REPRESENTATION('',(#6548),#6551);
#6548 = B_SPLINE_CURVE_WITH_KNOTS('',1,(#6549,#6550),.UNSPECIFIED.,.F.,
  .F.,(2,2),(-0.75,3.25),.PIECEWISE_BEZIER_KNOTS.);
#6549 = CARTESIAN_POINT('',(1.7,-2.));
#6550 = CARTESIAN_POINT('',(1.7,2.));
#6551 = ( GEOMETRIC_REPRESENTATION_CONTEXT(2) 
PARAMETRIC_REPRESENTATION_CONTEXT() REPRESENTATION_CONTEXT('2D SPACE',''
  ) );
#6552 = ORIENTED_EDGE('',*,*,#6457,.T.);
#6553 = ORIENTED_EDGE('',*,*,#6479,.T.);
#6554 = ADVANCED_FACE('',(#6555,#6559),#6445,.T.);
#6555 = FACE_BOUND('',#6556,.T.);
#6556 = EDGE_LOOP('',(#6557,#6558));
#6557 = ORIENTED_EDGE('',*,*,#6534,.T.);
#6558 = ORIENTED_EDGE('',*,*,#6428,.T.);
#6559 = FACE_BOUND('',#6560,.T.);
#6560 = EDGE_LOOP('',(#6561));
#6561 = ORIENTED_EDGE('',*,*,#6562,.F.);
#6562 = EDGE_CURVE('',#6563,#6563,#6565,.T.);
#6563 = VERTEX_POINT('',#6564);
#6564 = CARTESIAN_POINT('',(1.225,5.551115123126E-17,18.));
#6565 = SURFACE_CURVE('',#6566,(#6571,#6578),.PCURVE_S1.);
#6566 = CIRCLE('',#6567,1.225);
#6567 = AXIS2_PLACEMENT_3D('',#6568,#6569,#6570);
#6568 = CARTESIAN_POINT('',(9.436895709314E-15,5.551115123126E-17,18.));
#6569 = DIRECTION('',(0.,0.,1.));
#6570 = DIRECTION('',(1.,0.,0.));
#6571 = PCURVE('',#6445,#6572);
#6572 = DEFINITIONAL_REPRESENTATION('',(#6573),#6577);
#6573 = CIRCLE('',#6574,1.225);
#6574 = AXIS2_PLACEMENT_2D('',#6575,#6576);
#6575 = CARTESIAN_POINT('',(9.565093221739E-15,-1.192407536767E-16));
#6576 = DIRECTION('',(1.,0.));
#6577 = ( GEOMETRIC_REPRESENTATION_CONTEXT(2) 
PARAMETRIC_REPRESENTATION_CONTEXT() REPRESENTATION_CONTEXT('2D SPACE',''
  ) );
#6578 = PCURVE('',#6518,#6579);
#6579 = DEFINITIONAL_REPRESENTATION('',(#6580),#6584);
#6580 = LINE('',#6581,#6582);
#6581 = CARTESIAN_POINT('',(-0.,-3.));
#6582 = VECTOR('',#6583,1.);
#6583 = DIRECTION('',(-1.,0.));
#6584 = ( GEOMETRIC_REPRESENTATION_CONTEXT(2) 
PARAMETRIC_REPRESENTATION_CONTEXT() REPRESENTATION_CONTEXT('2D SPACE',''
  ) );
#6585 = ADVANCED_FACE('',(#6586),#6518,.F.);
#6586 = FACE_BOUND('',#6587,.T.);
#6587 = EDGE_LOOP('',(#6588,#6609,#6610,#6611));
#6588 = ORIENTED_EDGE('',*,*,#6589,.T.);
#6589 = EDGE_CURVE('',#6502,#6563,#6590,.T.);
#6590 = SEAM_CURVE('',#6591,(#6595,#6602),.PCURVE_S1.);
#6591 = LINE('',#6592,#6593);
#6592 = CARTESIAN_POINT('',(1.225,5.551115123126E-17,15.));
#6593 = VECTOR('',#6594,1.);
#6594 = DIRECTION('',(0.,0.,1.));
#6595 = PCURVE('',#6518,#6596);
#6596 = DEFINITIONAL_REPRESENTATION('',(#6597),#6601);
#6597 = LINE('',#6598,#6599);
#6598 = CARTESIAN_POINT('',(-0.,0.));
#6599 = VECTOR('',#6600,1.);
#6600 = DIRECTION('',(-0.,-1.));
#6601 = ( GEOMETRIC_REPRESENTATION_CONTEXT(2) 
PARAMETRIC_REPRESENTATION_CONTEXT() REPRESENTATION_CONTEXT('2D SPACE',''
  ) );
#6602 = PCURVE('',#6518,#6603);
#6603 = DEFINITIONAL_REPRESENTATION('',(#6604),#6608);
#6604 = LINE('',#6605,#6606);
#6605 = CARTESIAN_POINT('',(-6.28318530718,0.));
#6606 = VECTOR('',#6607,1.);
#6607 = DIRECTION('',(-0.,-1.));
#6608 = ( GEOMETRIC_REPRESENTATION_CONTEXT(2) 
PARAMETRIC_REPRESENTATION_CONTEXT() REPRESENTATION_CONTEXT('2D SPACE',''
  ) );
#6609 = ORIENTED_EDGE('',*,*,#6562,.T.);
#6610 = ORIENTED_EDGE('',*,*,#6589,.F.);
#6611 = ORIENTED_EDGE('',*,*,#6501,.F.);
#6612 = ( GEOMETRIC_REPRESENTATION_CONTEXT(3) 
GLOBAL_UNCERTAINTY_ASSIGNED_CONTEXT((#6616)) 
GLOBAL_UNIT_ASSIGNED_CONTEXT((#6613,#6614,#6615)) REPRESENTATION_CONTEXT
('Context #1','3D Context with UNIT and UNCERTAINTY') );
#6613 = ( LENGTH_UNIT() NAMED_UNIT(*) SI_UNIT(.MILLI.,.METRE.) );
#6614 = ( NAMED_UNIT(*) PLANE_ANGLE_UNIT() SI_UNIT($,.RADIAN.) );
#6615 = ( NAMED_UNIT(*) SI_UNIT($,.STERADIAN.) SOLID_ANGLE_UNIT() );
#6616 = UNCERTAINTY_MEASURE_WITH_UNIT(LENGTH_MEASURE(1.E-07),#6613,
  'distance_accuracy_value','confusion accuracy');
#6617 = CONTEXT_DEPENDENT_SHAPE_REPRESENTATION(#6618,#6620);
#6618 = ( REPRESENTATION_RELATIONSHIP('','',#6359,#10) 
REPRESENTATION_RELATIONSHIP_WITH_TRANSFORMATION(#6619) 
SHAPE_REPRESENTATION_RELATIONSHIP() );
#6619 = ITEM_DEFINED_TRANSFORMATION('','',#11,#95);
#6620 = PRODUCT_DEFINITION_SHAPE('Placement','Placement of an item',
  #6621);
#6621 = NEXT_ASSEMBLY_USAGE_OCCURRENCE('21','collar','',#5,#6354,$);
#6622 = PRODUCT_RELATED_PRODUCT_CATEGORY('part',$,(#6356));
#6623 = SHAPE_DEFINITION_REPRESENTATION(#6624,#6630);
#6624 = PRODUCT_DEFINITION_SHAPE('','',#6625);
#6625 = PRODUCT_DEFINITION('design','',#6626,#6629);
#6626 = PRODUCT_DEFINITION_FORMATION('','',#6627);
#6627 = PRODUCT('collar_magnet','collar_magnet','',(#6628));
#6628 = PRODUCT_CONTEXT('',#2,'mechanical');
#6629 = PRODUCT_DEFINITION_CONTEXT('part definition',#2,'design');
#6630 = ADVANCED_BREP_SHAPE_REPRESENTATION('',(#11,#6631),#6961);
#6631 = MANIFOLD_SOLID_BREP('',#6632);
#6632 = CLOSED_SHELL('',(#6633,#6753,#6853,#6900,#6947,#6954));
#6633 = ADVANCED_FACE('',(#6634),#6648,.F.);
#6634 = FACE_BOUND('',#6635,.F.);
#6635 = EDGE_LOOP('',(#6636,#6671,#6699,#6727));
#6636 = ORIENTED_EDGE('',*,*,#6637,.F.);
#6637 = EDGE_CURVE('',#6638,#6640,#6642,.T.);
#6638 = VERTEX_POINT('',#6639);
#6639 = CARTESIAN_POINT('',(1.7,-0.5,16.));
#6640 = VERTEX_POINT('',#6641);
#6641 = CARTESIAN_POINT('',(1.7,-0.5,17.));
#6642 = SURFACE_CURVE('',#6643,(#6647,#6659),.PCURVE_S1.);
#6643 = LINE('',#6644,#6645);
#6644 = CARTESIAN_POINT('',(1.7,-0.5,16.));
#6645 = VECTOR('',#6646,1.);
#6646 = DIRECTION('',(0.,0.,1.));
#6647 = PCURVE('',#6648,#6653);
#6648 = PLANE('',#6649);
#6649 = AXIS2_PLACEMENT_3D('',#6650,#6651,#6652);
#6650 = CARTESIAN_POINT('',(1.7,-0.5,16.));
#6651 = DIRECTION('',(1.,0.,0.));
#6652 = DIRECTION('',(0.,0.,1.));
#6653 = DEFINITIONAL_REPRESENTATION('',(#6654),#6658);
#6654 = LINE('',#6655,#6656);
#6655 = CARTESIAN_POINT('',(0.,0.));
#6656 = VECTOR('',#6657,1.);
#6657 = DIRECTION('',(1.,0.));
#6658 = ( GEOMETRIC_REPRESENTATION_CONTEXT(2) 
PARAMETRIC_REPRESENTATION_CONTEXT() REPRESENTATION_CONTEXT('2D SPACE',''
  ) );
#6659 = PCURVE('',#6660,#6665);
#6660 = PLANE('',#6661);
#6661 = AXIS2_PLACEMENT_3D('',#6662,#6663,#6664);
#6662 = CARTESIAN_POINT('',(1.7,-0.5,16.));
#6663 = DIRECTION('',(0.,1.,0.));
#6664 = DIRECTION('',(0.,0.,1.));
#6665 = DEFINITIONAL_REPRESENTATION('',(#6666),#6670);
#6666 = LINE('',#6667,#6668);
#6667 = CARTESIAN_POINT('',(0.,0.));
#6668 = VECTOR('',#6669,1.);
#6669 = DIRECTION('',(1.,0.));
#6670 = ( GEOMETRIC_REPRESENTATION_CONTEXT(2) 
PARAMETRIC_REPRESENTATION_CONTEXT() REPRESENTATION_CONTEXT('2D SPACE',''
  ) );
#6671 = ORIENTED_EDGE('',*,*,#6672,.T.);
#6672 = EDGE_CURVE('',#6638,#6673,#6675,.T.);
#6673 = VERTEX_POINT('',#6674);
#6674 = CARTESIAN_POINT('',(1.7,0.5,16.));
#6675 = SURFACE_CURVE('',#6676,(#6680,#6687),.PCURVE_S1.);
#6676 = LINE('',#6677,#6678);
#6677 = CARTESIAN_POINT('',(1.7,-0.5,16.));
#6678 = VECTOR('',#6679,1.);
#6679 = DIRECTION('',(0.,1.,0.));
#6680 = PCURVE('',#6648,#6681);
#6681 = DEFINITIONAL_REPRESENTATION('',(#6682),#6686);
#6682 = LINE('',#6683,#6684);
#6683 = CARTESIAN_POINT('',(0.,0.));
#6684 = VECTOR('',#6685,1.);
#6685 = DIRECTION('',(0.,-1.));
#6686 = ( GEOMETRIC_REPRESENTATION_CONTEXT(2) 
PARAMETRIC_REPRESENTATION_CONTEXT() REPRESENTATION_CONTEXT('2D SPACE',''
  ) );
#6687 = PCURVE('',#6688,#6693);
#6688 = PLANE('',#6689);
#6689 = AXIS2_PLACEMENT_3D('',#6690,#6691,#6692);
#6690 = CARTESIAN_POINT('',(1.7,-0.5,16.));
#6691 = DIRECTION('',(0.,0.,1.));
#6692 = DIRECTION('',(1.,0.,0.));
#6693 = DEFINITIONAL_REPRESENTATION('',(#6694),#6698);
#6694 = LINE('',#6695,#6696);
#6695 = CARTESIAN_POINT('',(0.,0.));
#6696 = VECTOR('',#6697,1.);
#6697 = DIRECTION('',(0.,1.));
#6698 = ( GEOMETRIC_REPRESENTATION_CONTEXT(2) 
PARAMETRIC_REPRESENTATION_CONTEXT() REPRESENTATION_CONTEXT('2D SPACE',''
  ) );
#6699 = ORIENTED_EDGE('',*,*,#6700,.T.);
#6700 = EDGE_CURVE('',#6673,#6701,#6703,.T.);
#6701 = VERTEX_POINT('',#6702);
#6702 = CARTESIAN_POINT('',(1.7,0.5,17.));
#6703 = SURFACE_CURVE('',#6704,(#6708,#6715),.PCURVE_S1.);
#6704 = LINE('',#6705,#6706);
#6705 = CARTESIAN_POINT('',(1.7,0.5,16.));
#6706 = VECTOR('',#6707,1.);
#6707 = DIRECTION('',(0.,0.,1.));
#6708 = PCURVE('',#6648,#6709);
#6709 = DEFINITIONAL_REPRESENTATION('',(#6710),#6714);
#6710 = LINE('',#6711,#6712);
#6711 = CARTESIAN_POINT('',(0.,-1.));
#6712 = VECTOR('',#6713,1.);
#6713 = DIRECTION('',(1.,0.));
#6714 = ( GEOMETRIC_REPRESENTATION_CONTEXT(2) 
PARAMETRIC_REPRESENTATION_CONTEXT() REPRESENTATION_CONTEXT('2D SPACE',''
  ) );
#6715 = PCURVE('',#6716,#6721);
#6716 = PLANE('',#6717);
#6717 = AXIS2_PLACEMENT_3D('',#6718,#6719,#6720);
#6718 = CARTESIAN_POINT('',(1.7,0.5,16.));
#6719 = DIRECTION('',(0.,1.,0.));
#6720 = DIRECTION('',(0.,0.,1.));
#6721 = DEFINITIONAL_REPRESENTATION('',(#6722),#6726);
#6722 = LINE('',#6723,#6724);
#6723 = CARTESIAN_POINT('',(0.,0.));
#6724 = VECTOR('',#6725,1.);
#6725 = DIRECTION('',(1.,0.));
#6726 = ( GEOMETRIC_REPRESENTATION_CONTEXT(2) 
PARAMETRIC_REPRESENTATION_CONTEXT() REPRESENTATION_CONTEXT('2D SPACE',''
  ) );
#6727 = ORIENTED_EDGE('',*,*,#6728,.F.);
#6728 = EDGE_CURVE('',#6640,#6701,#6729,.T.);
#6729 = SURFACE_CURVE('',#6730,(#6734,#6741),.PCURVE_S1.);
#6730 = LINE('',#6731,#6732);
#6731 = CARTESIAN_POINT('',(1.7,-0.5,17.));
#6732 = VECTOR('',#6733,1.);
#6733 = DIRECTION('',(0.,1.,0.));
#6734 = PCURVE('',#6648,#6735);
#6735 = DEFINITIONAL_REPRESENTATION('',(#6736),#6740);
#6736 = LINE('',#6737,#6738);
#6737 = CARTESIAN_POINT('',(1.,0.));
#6738 = VECTOR('',#6739,1.);
#6739 = DIRECTION('',(0.,-1.));
#6740 = ( GEOMETRIC_REPRESENTATION_CONTEXT(2) 
PARAMETRIC_REPRESENTATION_CONTEXT() REPRESENTATION_CONTEXT('2D SPACE',''
  ) );
#6741 = PCURVE('',#6742,#6747);
#6742 = PLANE('',#6743);
#6743 = AXIS2_PLACEMENT_3D('',#6744,#6745,#6746);
#6744 = CARTESIAN_POINT('',(1.7,-0.5,17.));
#6745 = DIRECTION('',(0.,0.,1.));
#6746 = DIRECTION('',(1.,0.,0.));
#6747 = DEFINITIONAL_REPRESENTATION('',(#6748),#6752);
#6748 = LINE('',#6749,#6750);
#6749 = CARTESIAN_POINT('',(0.,0.));
#6750 = VECTOR('',#6751,1.);
#6751 = DIRECTION('',(0.,1.));
#6752 = ( GEOMETRIC_REPRESENTATION_CONTEXT(2) 
PARAMETRIC_REPRESENTATION_CONTEXT() REPRESENTATION_CONTEXT('2D SPACE',''
  ) );
#6753 = ADVANCED_FACE('',(#6754),#6768,.T.);
#6754 = FACE_BOUND('',#6755,.T.);
#6755 = EDGE_LOOP('',(#6756,#6786,#6809,#6832));
#6756 = ORIENTED_EDGE('',*,*,#6757,.F.);
#6757 = EDGE_CURVE('',#6758,#6760,#6762,.T.);
#6758 = VERTEX_POINT('',#6759);
#6759 = CARTESIAN_POINT('',(2.3,-0.5,16.));
#6760 = VERTEX_POINT('',#6761);
#6761 = CARTESIAN_POINT('',(2.3,-0.5,17.));
#6762 = SURFACE_CURVE('',#6763,(#6767,#6779),.PCURVE_S1.);
#6763 = LINE('',#6764,#6765);
#6764 = CARTESIAN_POINT('',(2.3,-0.5,16.));
#6765 = VECTOR('',#6766,1.);
#6766 = DIRECTION('',(0.,0.,1.));
#6767 = PCURVE('',#6768,#6773);
#6768 = PLANE('',#6769);
#6769 = AXIS2_PLACEMENT_3D('',#6770,#6771,#6772);
#6770 = CARTESIAN_POINT('',(2.3,-0.5,16.));
#6771 = DIRECTION('',(1.,0.,0.));
#6772 = DIRECTION('',(0.,0.,1.));
#6773 = DEFINITIONAL_REPRESENTATION('',(#6774),#6778);
#6774 = LINE('',#6775,#6776);
#6775 = CARTESIAN_POINT('',(0.,0.));
#6776 = VECTOR('',#6777,1.);
#6777 = DIRECTION('',(1.,0.));
#6778 = ( GEOMETRIC_REPRESENTATION_CONTEXT(2) 
PARAMETRIC_REPRESENTATION_CONTEXT() REPRESENTATION_CONTEXT('2D SPACE',''
  ) );
#6779 = PCURVE('',#6660,#6780);
#6780 = DEFINITIONAL_REPRESENTATION('',(#6781),#6785);
#6781 = LINE('',#6782,#6783);
#6782 = CARTESIAN_POINT('',(0.,0.6));
#6783 = VECTOR('',#6784,1.);
#6784 = DIRECTION('',(1.,0.));
#6785 = ( GEOMETRIC_REPRESENTATION_CONTEXT(2) 
PARAMETRIC_REPRESENTATION_CONTEXT() REPRESENTATION_CONTEXT('2D SPACE',''
  ) );
#6786 = ORIENTED_EDGE('',*,*,#6787,.T.);
#6787 = EDGE_CURVE('',#6758,#6788,#6790,.T.);
#6788 = VERTEX_POINT('',#6789);
#6789 = CARTESIAN_POINT('',(2.3,0.5,16.));
#6790 = SURFACE_CURVE('',#6791,(#6795,#6802),.PCURVE_S1.);
#6791 = LINE('',#6792,#6793);
#6792 = CARTESIAN_POINT('',(2.3,-0.5,16.));
#6793 = VECTOR('',#6794,1.);
#6794 = DIRECTION('',(0.,1.,0.));
#6795 = PCURVE('',#6768,#6796);
#6796 = DEFINITIONAL_REPRESENTATION('',(#6797),#6801);
#6797 = LINE('',#6798,#6799);
#6798 = CARTESIAN_POINT('',(0.,0.));
#6799 = VECTOR('',#6800,1.);
#6800 = DIRECTION('',(0.,-1.));
#6801 = ( GEOMETRIC_REPRESENTATION_CONTEXT(2) 
PARAMETRIC_REPRESENTATION_CONTEXT() REPRESENTATION_CONTEXT('2D SPACE',''
  ) );
#6802 = PCURVE('',#6688,#6803);
#6803 = DEFINITIONAL_REPRESENTATION('',(#6804),#6808);
#6804 = LINE('',#6805,#6806);
#6805 = CARTESIAN_POINT('',(0.6,0.));
#6806 = VECTOR('',#6807,1.);
#6807 = DIRECTION('',(0.,1.));
#6808 = ( GEOMETRIC_REPRESENTATION_CONTEXT(2) 
PARAMETRIC_REPRESENTATION_CONTEXT() REPRESENTATION_CONTEXT('2D SPACE',''
  ) );
#6809 = ORIENTED_EDGE('',*,*,#6810,.T.);
#6810 = EDGE_CURVE('',#6788,#6811,#6813,.T.);
#6811 = VERTEX_POINT('',#6812);
#6812 = CARTESIAN_POINT('',(2.3,0.5,17.));
#6813 = SURFACE_CURVE('',#6814,(#6818,#6825),.PCURVE_S1.);
#6814 = LINE('',#6815,#6816);
#6815 = CARTESIAN_POINT('',(2.3,0.5,16.));
#6816 = VECTOR('',#6817,1.);
#6817 = DIRECTION('',(0.,0.,1.));
#6818 = PCURVE('',#6768,#6819);
#6819 = DEFINITIONAL_REPRESENTATION('',(#6820),#6824);
#6820 = LINE('',#6821,#6822);
#6821 = CARTESIAN_POINT('',(0.,-1.));
#6822 = VECTOR('',#6823,1.);
#6823 = DIRECTION('',(1.,0.));
#6824 = ( GEOMETRIC_REPRESENTATION_CONTEXT(2) 
PARAMETRIC_REPRESENTATION_CONTEXT() REPRESENTATION_CONTEXT('2D SPACE',''
  ) );
#6825 = PCURVE('',#6716,#6826);
#6826 = DEFINITIONAL_REPRESENTATION('',(#6827),#6831);
#6827 = LINE('',#6828,#6829);
#6828 = CARTESIAN_POINT('',(0.,0.6));
#6829 = VECTOR('',#6830,1.);
#6830 = DIRECTION('',(1.,0.));
#6831 = ( GEOMETRIC_REPRESENTATION_CONTEXT(2) 
PARAMETRIC_REPRESENTATION_CONTEXT() REPRESENTATION_CONTEXT('2D SPACE',''
  ) );
#6832 = ORIENTED_EDGE('',*,*,#6833,.F.);
#6833 = EDGE_CURVE('',#6760,#6811,#6834,.T.);
#6834 = SURFACE_CURVE('',#6835,(#6839,#6846),.PCURVE_S1.);
#6835 = LINE('',#6836,#6837);
#6836 = CARTESIAN_POINT('',(2.3,-0.5,17.));
#6837 = VECTOR('',#6838,1.);
#6838 = DIRECTION('',(0.,1.,0.));
#6839 = PCURVE('',#6768,#6840);
#6840 = DEFINITIONAL_REPRESENTATION('',(#6841),#6845);
#6841 = LINE('',#6842,#6843);
#6842 = CARTESIAN_POINT('',(1.,0.));
#6843 = VECTOR('',#6844,1.);
#6844 = DIRECTION('',(0.,-1.));
#6845 = ( GEOMETRIC_REPRESENTATION_CONTEXT(2) 
PARAMETRIC_REPRESENTATION_CONTEXT() REPRESENTATION_CONTEXT('2D SPACE',''
  ) );
#6846 = PCURVE('',#6742,#6847);
#6847 = DEFINITIONAL_REPRESENTATION('',(#6848),#6852);
#6848 = LINE('',#6849,#6850);
#6849 = CARTESIAN_POINT('',(0.6,0.));
#6850 = VECTOR('',#6851,1.);
#6851 = DIRECTION('',(0.,1.));
#6852 = ( GEOMETRIC_REPRESENTATION_CONTEXT(2) 
PARAMETRIC_REPRESENTATION_CONTEXT() REPRESENTATION_CONTEXT('2D SPACE',''
  ) );
#6853 = ADVANCED_FACE('',(#6854),#6660,.F.);
#6854 = FACE_BOUND('',#6855,.F.);
#6855 = EDGE_LOOP('',(#6856,#6877,#6878,#6899));
#6856 = ORIENTED_EDGE('',*,*,#6857,.F.);
#6857 = EDGE_CURVE('',#6638,#6758,#6858,.T.);
#6858 = SURFACE_CURVE('',#6859,(#6863,#6870),.PCURVE_S1.);
#6859 = LINE('',#6860,#6861);
#6860 = CARTESIAN_POINT('',(1.7,-0.5,16.));
#6861 = VECTOR('',#6862,1.);
#6862 = DIRECTION('',(1.,0.,0.));
#6863 = PCURVE('',#6660,#6864);
#6864 = DEFINITIONAL_REPRESENTATION('',(#6865),#6869);
#6865 = LINE('',#6866,#6867);
#6866 = CARTESIAN_POINT('',(0.,0.));
#6867 = VECTOR('',#6868,1.);
#6868 = DIRECTION('',(0.,1.));
#6869 = ( GEOMETRIC_REPRESENTATION_CONTEXT(2) 
PARAMETRIC_REPRESENTATION_CONTEXT() REPRESENTATION_CONTEXT('2D SPACE',''
  ) );
#6870 = PCURVE('',#6688,#6871);
#6871 = DEFINITIONAL_REPRESENTATION('',(#6872),#6876);
#6872 = LINE('',#6873,#6874);
#6873 = CARTESIAN_POINT('',(0.,0.));
#6874 = VECTOR('',#6875,1.);
#6875 = DIRECTION('',(1.,0.));
#6876 = ( GEOMETRIC_REPRESENTATION_CONTEXT(2) 
PARAMETRIC_REPRESENTATION_CONTEXT() REPRESENTATION_CONTEXT('2D SPACE',''
  ) );
#6877 = ORIENTED_EDGE('',*,*,#6637,.T.);
#6878 = ORIENTED_EDGE('',*,*,#6879,.T.);
#6879 = EDGE_CURVE('',#6640,#6760,#6880,.T.);
#6880 = SURFACE_CURVE('',#6881,(#6885,#6892),.PCURVE_S1.);
#6881 = LINE('',#6882,#6883);
#6882 = CARTESIAN_POINT('',(1.7,-0.5,17.));
#6883 = VECTOR('',#6884,1.);
#6884 = DIRECTION('',(1.,0.,0.));
#6885 = PCURVE('',#6660,#6886);
#6886 = DEFINITIONAL_REPRESENTATION('',(#6887),#6891);
#6887 = LINE('',#6888,#6889);
#6888 = CARTESIAN_POINT('',(1.,0.));
#6889 = VECTOR('',#6890,1.);
#6890 = DIRECTION('',(0.,1.));
#6891 = ( GEOMETRIC_REPRESENTATION_CONTEXT(2) 
PARAMETRIC_REPRESENTATION_CONTEXT() REPRESENTATION_CONTEXT('2D SPACE',''
  ) );
#6892 = PCURVE('',#6742,#6893);
#6893 = DEFINITIONAL_REPRESENTATION('',(#6894),#6898);
#6894 = LINE('',#6895,#6896);
#6895 = CARTESIAN_POINT('',(0.,0.));
#6896 = VECTOR('',#6897,1.);
#6897 = DIRECTION('',(1.,0.));
#6898 = ( GEOMETRIC_REPRESENTATION_CONTEXT(2) 
PARAMETRIC_REPRESENTATION_CONTEXT() REPRESENTATION_CONTEXT('2D SPACE',''
  ) );
#6899 = ORIENTED_EDGE('',*,*,#6757,.F.);
#6900 = ADVANCED_FACE('',(#6901),#6716,.T.);
#6901 = FACE_BOUND('',#6902,.T.);
#6902 = EDGE_LOOP('',(#6903,#6924,#6925,#6946));
#6903 = ORIENTED_EDGE('',*,*,#6904,.F.);
#6904 = EDGE_CURVE('',#6673,#6788,#6905,.T.);
#6905 = SURFACE_CURVE('',#6906,(#6910,#6917),.PCURVE_S1.);
#6906 = LINE('',#6907,#6908);
#6907 = CARTESIAN_POINT('',(1.7,0.5,16.));
#6908 = VECTOR('',#6909,1.);
#6909 = DIRECTION('',(1.,0.,0.));
#6910 = PCURVE('',#6716,#6911);
#6911 = DEFINITIONAL_REPRESENTATION('',(#6912),#6916);
#6912 = LINE('',#6913,#6914);
#6913 = CARTESIAN_POINT('',(0.,0.));
#6914 = VECTOR('',#6915,1.);
#6915 = DIRECTION('',(0.,1.));
#6916 = ( GEOMETRIC_REPRESENTATION_CONTEXT(2) 
PARAMETRIC_REPRESENTATION_CONTEXT() REPRESENTATION_CONTEXT('2D SPACE',''
  ) );
#6917 = PCURVE('',#6688,#6918);
#6918 = DEFINITIONAL_REPRESENTATION('',(#6919),#6923);
#6919 = LINE('',#6920,#6921);
#6920 = CARTESIAN_POINT('',(0.,1.));
#6921 = VECTOR('',#6922,1.);
#6922 = DIRECTION('',(1.,0.));
#6923 = ( GEOMETRIC_REPRESENTATION_CONTEXT(2) 
PARAMETRIC_REPRESENTATION_CONTEXT() REPRESENTATION_CONTEXT('2D SPACE',''
  ) );
#6924 = ORIENTED_EDGE('',*,*,#6700,.T.);
#6925 = ORIENTED_EDGE('',*,*,#6926,.T.);
#6926 = EDGE_CURVE('',#6701,#6811,#6927,.T.);
#6927 = SURFACE_CURVE('',#6928,(#6932,#6939),.PCURVE_S1.);
#6928 = LINE('',#6929,#6930);
#6929 = CARTESIAN_POINT('',(1.7,0.5,17.));
#6930 = VECTOR('',#6931,1.);
#6931 = DIRECTION('',(1.,0.,0.));
#6932 = PCURVE('',#6716,#6933);
#6933 = DEFINITIONAL_REPRESENTATION('',(#6934),#6938);
#6934 = LINE('',#6935,#6936);
#6935 = CARTESIAN_POINT('',(1.,0.));
#6936 = VECTOR('',#6937,1.);
#6937 = DIRECTION('',(0.,1.));
#6938 = ( GEOMETRIC_REPRESENTATION_CONTEXT(2) 
PARAMETRIC_REPRESENTATION_CONTEXT() REPRESENTATION_CONTEXT('2D SPACE',''
  ) );
#6939 = PCURVE('',#6742,#6940);
#6940 = DEFINITIONAL_REPRESENTATION('',(#6941),#6945);
#6941 = LINE('',#6942,#6943);
#6942 = CARTESIAN_POINT('',(0.,1.));
#6943 = VECTOR('',#6944,1.);
#6944 = DIRECTION('',(1.,0.));
#6945 = ( GEOMETRIC_REPRESENTATION_CONTEXT(2) 
PARAMETRIC_REPRESENTATION_CONTEXT() REPRESENTATION_CONTEXT('2D SPACE',''
  ) );
#6946 = ORIENTED_EDGE('',*,*,#6810,.F.);
#6947 = ADVANCED_FACE('',(#6948),#6688,.F.);
#6948 = FACE_BOUND('',#6949,.F.);
#6949 = EDGE_LOOP('',(#6950,#6951,#6952,#6953));
#6950 = ORIENTED_EDGE('',*,*,#6672,.F.);
#6951 = ORIENTED_EDGE('',*,*,#6857,.T.);
#6952 = ORIENTED_EDGE('',*,*,#6787,.T.);
#6953 = ORIENTED_EDGE('',*,*,#6904,.F.);
#6954 = ADVANCED_FACE('',(#6955),#6742,.T.);
#6955 = FACE_BOUND('',#6956,.T.);
#6956 = EDGE_LOOP('',(#6957,#6958,#6959,#6960));
#6957 = ORIENTED_EDGE('',*,*,#6728,.F.);
#6958 = ORIENTED_EDGE('',*,*,#6879,.T.);
#6959 = ORIENTED_EDGE('',*,*,#6833,.T.);
#6960 = ORIENTED_EDGE('',*,*,#6926,.F.);
#6961 = ( GEOMETRIC_REPRESENTATION_CONTEXT(3) 
GLOBAL_UNCERTAINTY_ASSIGNED_CONTEXT((#6965)) 
GLOBAL_UNIT_ASSIGNED_CONTEXT((#6962,#6963,#6964)) REPRESENTATION_CONTEXT
('Context #1','3D Context with UNIT and UNCERTAINTY') );
#6962 = ( LENGTH_UNIT() NAMED_UNIT(*) SI_UNIT(.MILLI.,.METRE.) );
#6963 = ( NAMED_UNIT(*) PLANE_ANGLE_UNIT() SI_UNIT($,.RADIAN.) );
#6964 = ( NAMED_UNIT(*) SI_UNIT($,.STERADIAN.) SOLID_ANGLE_UNIT() );
#6965 = UNCERTAINTY_MEASURE_WITH_UNIT(LENGTH_MEASURE(1.E-07),#6962,
  'distance_accuracy_value','confusion accuracy');
#6966 = CONTEXT_DEPENDENT_SHAPE_REPRESENTATION(#6967,#6969);
#6967 = ( REPRESENTATION_RELATIONSHIP('','',#6630,#10) 
REPRESENTATION_RELATIONSHIP_WITH_TRANSFORMATION(#6968) 
SHAPE_REPRESENTATION_RELATIONSHIP() );
#6968 = ITEM_DEFINED_TRANSFORMATION('','',#11,#99);
#6969 = PRODUCT_DEFINITION_SHAPE('Placement','Placement of an item',
  #6970);
#6970 = NEXT_ASSEMBLY_USAGE_OCCURRENCE('22','collar_magnet','',#5,#6625,
  $);
#6971 = PRODUCT_RELATED_PRODUCT_CATEGORY('part',$,(#6627));
#6972 = SHAPE_DEFINITION_REPRESENTATION(#6973,#6979);
#6973 = PRODUCT_DEFINITION_SHAPE('','',#6974);
#6974 = PRODUCT_DEFINITION('design','',#6975,#6978);
#6975 = PRODUCT_DEFINITION_FORMATION('','',#6976);
#6976 = PRODUCT('gimbal_hub','gimbal_hub','',(#6977));
#6977 = PRODUCT_CONTEXT('',#2,'mechanical');
#6978 = PRODUCT_DEFINITION_CONTEXT('part definition',#2,'design');
#6979 = ADVANCED_BREP_SHAPE_REPRESENTATION('',(#11,#6980),#7162);
#6980 = MANIFOLD_SOLID_BREP('',#6981);
#6981 = CLOSED_SHELL('',(#6982,#7070,#7148,#7155));
#6982 = ADVANCED_FACE('',(#6983),#6997,.T.);
#6983 = FACE_BOUND('',#6984,.F.);
#6984 = EDGE_LOOP('',(#6985,#7015,#7042,#7043));
#6985 = ORIENTED_EDGE('',*,*,#6986,.T.);
#6986 = EDGE_CURVE('',#6987,#6989,#6991,.T.);
#6987 = VERTEX_POINT('',#6988);
#6988 = CARTESIAN_POINT('',(1.9,0.,59.));
#6989 = VERTEX_POINT('',#6990);
#6990 = CARTESIAN_POINT('',(1.9,0.,61.));
#6991 = SEAM_CURVE('',#6992,(#6996,#7008),.PCURVE_S1.);
#6992 = LINE('',#6993,#6994);
#6993 = CARTESIAN_POINT('',(1.9,0.,59.));
#6994 = VECTOR('',#6995,1.);
#6995 = DIRECTION('',(0.,0.,1.));
#6996 = PCURVE('',#6997,#7002);
#6997 = CYLINDRICAL_SURFACE('',#6998,1.9);
#6998 = AXIS2_PLACEMENT_3D('',#6999,#7000,#7001);
#6999 = CARTESIAN_POINT('',(0.,0.,59.));
#7000 = DIRECTION('',(-0.,-0.,-1.));
#7001 = DIRECTION('',(1.,0.,0.));
#7002 = DEFINITIONAL_REPRESENTATION('',(#7003),#7007);
#7003 = LINE('',#7004,#7005);
#7004 = CARTESIAN_POINT('',(-0.,0.));
#7005 = VECTOR('',#7006,1.);
#7006 = DIRECTION('',(-0.,-1.));
#7007 = ( GEOMETRIC_REPRESENTATION_CONTEXT(2) 
PARAMETRIC_REPRESENTATION_CONTEXT() REPRESENTATION_CONTEXT('2D SPACE',''
  ) );
#7008 = PCURVE('',#6997,#7009);
#7009 = DEFINITIONAL_REPRESENTATION('',(#7010),#7014);
#7010 = LINE('',#7011,#7012);
#7011 = CARTESIAN_POINT('',(-6.28318530718,0.));
#7012 = VECTOR('',#7013,1.);
#7013 = DIRECTION('',(-0.,-1.));
#7014 = ( GEOMETRIC_REPRESENTATION_CONTEXT(2) 
PARAMETRIC_REPRESENTATION_CONTEXT() REPRESENTATION_CONTEXT('2D SPACE',''
  ) );
#7015 = ORIENTED_EDGE('',*,*,#7016,.T.);
#7016 = EDGE_CURVE('',#6989,#6989,#7017,.T.);
#7017 = SURFACE_CURVE('',#7018,(#7023,#7030),.PCURVE_S1.);
#7018 = CIRCLE('',#7019,1.9);
#7019 = AXIS2_PLACEMENT_3D('',#7020,#7021,#7022);
#7020 = CARTESIAN_POINT('',(0.,0.,61.));
#7021 = DIRECTION('',(0.,0.,1.));
#7022 = DIRECTION('',(1.,0.,0.));
#7023 = PCURVE('',#6997,#7024);
#7024 = DEFINITIONAL_REPRESENTATION('',(#7025),#7029);
#7025 = LINE('',#7026,#7027);
#7026 = CARTESIAN_POINT('',(-0.,-2.));
#7027 = VECTOR('',#7028,1.);
#7028 = DIRECTION('',(-1.,0.));
#7029 = ( GEOMETRIC_REPRESENTATION_CONTEXT(2) 
PARAMETRIC_REPRESENTATION_CONTEXT() REPRESENTATION_CONTEXT('2D SPACE',''
  ) );
#7030 = PCURVE('',#7031,#7036);
#7031 = PLANE('',#7032);
#7032 = AXIS2_PLACEMENT_3D('',#7033,#7034,#7035);
#7033 = CARTESIAN_POINT('',(-1.799263332289E-16,1.023653692829E-16,61.)
  );
#7034 = DIRECTION('',(0.,0.,1.));
#7035 = DIRECTION('',(1.,0.,-0.));
#7036 = DEFINITIONAL_REPRESENTATION('',(#7037),#7041);
#7037 = CIRCLE('',#7038,1.9);
#7038 = AXIS2_PLACEMENT_2D('',#7039,#7040);
#7039 = CARTESIAN_POINT('',(1.799263332289E-16,-1.023653692829E-16));
#7040 = DIRECTION('',(1.,0.));
#7041 = ( GEOMETRIC_REPRESENTATION_CONTEXT(2) 
PARAMETRIC_REPRESENTATION_CONTEXT() REPRESENTATION_CONTEXT('2D SPACE',''
  ) );
#7042 = ORIENTED_EDGE('',*,*,#6986,.F.);
#7043 = ORIENTED_EDGE('',*,*,#7044,.F.);
#7044 = EDGE_CURVE('',#6987,#6987,#7045,.T.);
#7045 = SURFACE_CURVE('',#7046,(#7051,#7058),.PCURVE_S1.);
#7046 = CIRCLE('',#7047,1.9);
#7047 = AXIS2_PLACEMENT_3D('',#7048,#7049,#7050);
#7048 = CARTESIAN_POINT('',(0.,0.,59.));
#7049 = DIRECTION('',(0.,0.,1.));
#7050 = DIRECTION('',(1.,0.,0.));
#7051 = PCURVE('',#6997,#7052);
#7052 = DEFINITIONAL_REPRESENTATION('',(#7053),#7057);
#7053 = LINE('',#7054,#7055);
#7054 = CARTESIAN_POINT('',(-0.,0.));
#7055 = VECTOR('',#7056,1.);
#7056 = DIRECTION('',(-1.,0.));
#7057 = ( GEOMETRIC_REPRESENTATION_CONTEXT(2) 
PARAMETRIC_REPRESENTATION_CONTEXT() REPRESENTATION_CONTEXT('2D SPACE',''
  ) );
#7058 = PCURVE('',#7059,#7064);
#7059 = PLANE('',#7060);
#7060 = AXIS2_PLACEMENT_3D('',#7061,#7062,#7063);
#7061 = CARTESIAN_POINT('',(-1.799263332289E-16,1.023653692829E-16,59.)
  );
#7062 = DIRECTION('',(0.,0.,1.));
#7063 = DIRECTION('',(1.,0.,-0.));
#7064 = DEFINITIONAL_REPRESENTATION('',(#7065),#7069);
#7065 = CIRCLE('',#7066,1.9);
#7066 = AXIS2_PLACEMENT_2D('',#7067,#7068);
#7067 = CARTESIAN_POINT('',(1.799263332289E-16,-1.023653692829E-16));
#7068 = DIRECTION('',(1.,0.));
#7069 = ( GEOMETRIC_REPRESENTATION_CONTEXT(2) 
PARAMETRIC_REPRESENTATION_CONTEXT() REPRESENTATION_CONTEXT('2D SPACE',''
  ) );
#7070 = ADVANCED_FACE('',(#7071),#7085,.F.);
#7071 = FACE_BOUND('',#7072,.T.);
#7072 = EDGE_LOOP('',(#7073,#7103,#7125,#7126));
#7073 = ORIENTED_EDGE('',*,*,#7074,.T.);
#7074 = EDGE_CURVE('',#7075,#7077,#7079,.T.);
#7075 = VERTEX_POINT('',#7076);
#7076 = CARTESIAN_POINT('',(1.195,8.764918615462E-17,59.));
#7077 = VERTEX_POINT('',#7078);
#7078 = CARTESIAN_POINT('',(1.195,8.764918615462E-17,61.));
#7079 = SEAM_CURVE('',#7080,(#7084,#7096),.PCURVE_S1.);
#7080 = LINE('',#7081,#7082);
#7081 = CARTESIAN_POINT('',(1.195,8.764918615462E-17,59.));
#7082 = VECTOR('',#7083,1.);
#7083 = DIRECTION('',(0.,0.,1.));
#7084 = PCURVE('',#7085,#7090);
#7085 = CYLINDRICAL_SURFACE('',#7086,1.195);
#7086 = AXIS2_PLACEMENT_3D('',#7087,#7088,#7089);
#7087 = CARTESIAN_POINT('',(8.852567801616E-15,8.764918615462E-17,59.));
#7088 = DIRECTION('',(-0.,-0.,-1.));
#7089 = DIRECTION('',(1.,0.,0.));
#7090 = DEFINITIONAL_REPRESENTATION('',(#7091),#7095);
#7091 = LINE('',#7092,#7093);
#7092 = CARTESIAN_POINT('',(-0.,0.));
#7093 = VECTOR('',#7094,1.);
#7094 = DIRECTION('',(-0.,-1.));
#7095 = ( GEOMETRIC_REPRESENTATION_CONTEXT(2) 
PARAMETRIC_REPRESENTATION_CONTEXT() REPRESENTATION_CONTEXT('2D SPACE',''
  ) );
#7096 = PCURVE('',#7085,#7097);
#7097 = DEFINITIONAL_REPRESENTATION('',(#7098),#7102);
#7098 = LINE('',#7099,#7100);
#7099 = CARTESIAN_POINT('',(-6.28318530718,0.));
#7100 = VECTOR('',#7101,1.);
#7101 = DIRECTION('',(-0.,-1.));
#7102 = ( GEOMETRIC_REPRESENTATION_CONTEXT(2) 
PARAMETRIC_REPRESENTATION_CONTEXT() REPRESENTATION_CONTEXT('2D SPACE',''
  ) );
#7103 = ORIENTED_EDGE('',*,*,#7104,.T.);
#7104 = EDGE_CURVE('',#7077,#7077,#7105,.T.);
#7105 = SURFACE_CURVE('',#7106,(#7111,#7118),.PCURVE_S1.);
#7106 = CIRCLE('',#7107,1.195);
#7107 = AXIS2_PLACEMENT_3D('',#7108,#7109,#7110);
#7108 = CARTESIAN_POINT('',(8.852567801616E-15,8.764918615462E-17,61.));
#7109 = DIRECTION('',(0.,0.,1.));
#7110 = DIRECTION('',(1.,0.,0.));
#7111 = PCURVE('',#7085,#7112);
#7112 = DEFINITIONAL_REPRESENTATION('',(#7113),#7117);
#7113 = LINE('',#7114,#7115);
#7114 = CARTESIAN_POINT('',(-0.,-2.));
#7115 = VECTOR('',#7116,1.);
#7116 = DIRECTION('',(-1.,0.));
#7117 = ( GEOMETRIC_REPRESENTATION_CONTEXT(2) 
PARAMETRIC_REPRESENTATION_CONTEXT() REPRESENTATION_CONTEXT('2D SPACE',''
  ) );
#7118 = PCURVE('',#7031,#7119);
#7119 = DEFINITIONAL_REPRESENTATION('',(#7120),#7124);
#7120 = CIRCLE('',#7121,1.195);
#7121 = AXIS2_PLACEMENT_2D('',#7122,#7123);
#7122 = CARTESIAN_POINT('',(9.032494134845E-15,-1.471618312825E-17));
#7123 = DIRECTION('',(1.,0.));
#7124 = ( GEOMETRIC_REPRESENTATION_CONTEXT(2) 
PARAMETRIC_REPRESENTATION_CONTEXT() REPRESENTATION_CONTEXT('2D SPACE',''
  ) );
#7125 = ORIENTED_EDGE('',*,*,#7074,.F.);
#7126 = ORIENTED_EDGE('',*,*,#7127,.F.);
#7127 = EDGE_CURVE('',#7075,#7075,#7128,.T.);
#7128 = SURFACE_CURVE('',#7129,(#7134,#7141),.PCURVE_S1.);
#7129 = CIRCLE('',#7130,1.195);
#7130 = AXIS2_PLACEMENT_3D('',#7131,#7132,#7133);
#7131 = CARTESIAN_POINT('',(8.852567801616E-15,8.764918615462E-17,59.));
#7132 = DIRECTION('',(0.,0.,1.));
#7133 = DIRECTION('',(1.,0.,0.));
#7134 = PCURVE('',#7085,#7135);
#7135 = DEFINITIONAL_REPRESENTATION('',(#7136),#7140);
#7136 = LINE('',#7137,#7138);
#7137 = CARTESIAN_POINT('',(-0.,0.));
#7138 = VECTOR('',#7139,1.);
#7139 = DIRECTION('',(-1.,0.));
#7140 = ( GEOMETRIC_REPRESENTATION_CONTEXT(2) 
PARAMETRIC_REPRESENTATION_CONTEXT() REPRESENTATION_CONTEXT('2D SPACE',''
  ) );
#7141 = PCURVE('',#7059,#7142);
#7142 = DEFINITIONAL_REPRESENTATION('',(#7143),#7147);
#7143 = CIRCLE('',#7144,1.195);
#7144 = AXIS2_PLACEMENT_2D('',#7145,#7146);
#7145 = CARTESIAN_POINT('',(9.032494134845E-15,-1.471618312825E-17));
#7146 = DIRECTION('',(1.,0.));
#7147 = ( GEOMETRIC_REPRESENTATION_CONTEXT(2) 
PARAMETRIC_REPRESENTATION_CONTEXT() REPRESENTATION_CONTEXT('2D SPACE',''
  ) );
#7148 = ADVANCED_FACE('',(#7149,#7152),#7059,.F.);
#7149 = FACE_BOUND('',#7150,.F.);
#7150 = EDGE_LOOP('',(#7151));
#7151 = ORIENTED_EDGE('',*,*,#7044,.T.);
#7152 = FACE_BOUND('',#7153,.F.);
#7153 = EDGE_LOOP('',(#7154));
#7154 = ORIENTED_EDGE('',*,*,#7127,.F.);
#7155 = ADVANCED_FACE('',(#7156,#7159),#7031,.T.);
#7156 = FACE_BOUND('',#7157,.T.);
#7157 = EDGE_LOOP('',(#7158));
#7158 = ORIENTED_EDGE('',*,*,#7016,.T.);
#7159 = FACE_BOUND('',#7160,.T.);
#7160 = EDGE_LOOP('',(#7161));
#7161 = ORIENTED_EDGE('',*,*,#7104,.F.);
#7162 = ( GEOMETRIC_REPRESENTATION_CONTEXT(3) 
GLOBAL_UNCERTAINTY_ASSIGNED_CONTEXT((#7166)) 
GLOBAL_UNIT_ASSIGNED_CONTEXT((#7163,#7164,#7165)) REPRESENTATION_CONTEXT
('Context #1','3D Context with UNIT and UNCERTAINTY') );
#7163 = ( LENGTH_UNIT() NAMED_UNIT(*) SI_UNIT(.MILLI.,.METRE.) );
#7164 = ( NAMED_UNIT(*) PLANE_ANGLE_UNIT() SI_UNIT($,.RADIAN.) );
#7165 = ( NAMED_UNIT(*) SI_UNIT($,.STERADIAN.) SOLID_ANGLE_UNIT() );
#7166 = UNCERTAINTY_MEASURE_WITH_UNIT(LENGTH_MEASURE(1.E-07),#7163,
  'distance_accuracy_value','confusion accuracy');
#7167 = CONTEXT_DEPENDENT_SHAPE_REPRESENTATION(#7168,#7170);
#7168 = ( REPRESENTATION_RELATIONSHIP('','',#6979,#10) 
REPRESENTATION_RELATIONSHIP_WITH_TRANSFORMATION(#7169) 
SHAPE_REPRESENTATION_RELATIONSHIP() );
#7169 = ITEM_DEFINED_TRANSFORMATION('','',#11,#103);
#7170 = PRODUCT_DEFINITION_SHAPE('Placement','Placement of an item',
  #7171);
#7171 = NEXT_ASSEMBLY_USAGE_OCCURRENCE('23','gimbal_hub','',#5,#6974,$);
#7172 = PRODUCT_RELATED_PRODUCT_CATEGORY('part',$,(#6976));
#7173 = SHAPE_DEFINITION_REPRESENTATION(#7174,#7180);
#7174 = PRODUCT_DEFINITION_SHAPE('','',#7175);
#7175 = PRODUCT_DEFINITION('design','',#7176,#7179);
#7176 = PRODUCT_DEFINITION_FORMATION('','',#7177);
#7177 = PRODUCT('rear_plug','rear_plug','',(#7178));
#7178 = PRODUCT_CONTEXT('',#2,'mechanical');
#7179 = PRODUCT_DEFINITION_CONTEXT('part definition',#2,'design');
#7180 = ADVANCED_BREP_SHAPE_REPRESENTATION('',(#11,#7181),#7279);
#7181 = MANIFOLD_SOLID_BREP('',#7182);
#7182 = CLOSED_SHELL('',(#7183,#7271,#7275));
#7183 = ADVANCED_FACE('',(#7184),#7198,.T.);
#7184 = FACE_BOUND('',#7185,.F.);
#7185 = EDGE_LOOP('',(#7186,#7216,#7243,#7244));
#7186 = ORIENTED_EDGE('',*,*,#7187,.T.);
#7187 = EDGE_CURVE('',#7188,#7190,#7192,.T.);
#7188 = VERTEX_POINT('',#7189);
#7189 = CARTESIAN_POINT('',(1.175,0.,67.));
#7190 = VERTEX_POINT('',#7191);
#7191 = CARTESIAN_POINT('',(1.175,0.,68.));
#7192 = SEAM_CURVE('',#7193,(#7197,#7209),.PCURVE_S1.);
#7193 = LINE('',#7194,#7195);
#7194 = CARTESIAN_POINT('',(1.175,0.,67.));
#7195 = VECTOR('',#7196,1.);
#7196 = DIRECTION('',(0.,0.,1.));
#7197 = PCURVE('',#7198,#7203);
#7198 = CYLINDRICAL_SURFACE('',#7199,1.175);
#7199 = AXIS2_PLACEMENT_3D('',#7200,#7201,#7202);
#7200 = CARTESIAN_POINT('',(0.,0.,67.));
#7201 = DIRECTION('',(-0.,-0.,-1.));
#7202 = DIRECTION('',(1.,0.,0.));
#7203 = DEFINITIONAL_REPRESENTATION('',(#7204),#7208);
#7204 = LINE('',#7205,#7206);
#7205 = CARTESIAN_POINT('',(-0.,0.));
#7206 = VECTOR('',#7207,1.);
#7207 = DIRECTION('',(-0.,-1.));
#7208 = ( GEOMETRIC_REPRESENTATION_CONTEXT(2) 
PARAMETRIC_REPRESENTATION_CONTEXT() REPRESENTATION_CONTEXT('2D SPACE',''
  ) );
#7209 = PCURVE('',#7198,#7210);
#7210 = DEFINITIONAL_REPRESENTATION('',(#7211),#7215);
#7211 = LINE('',#7212,#7213);
#7212 = CARTESIAN_POINT('',(-6.28318530718,0.));
#7213 = VECTOR('',#7214,1.);
#7214 = DIRECTION('',(-0.,-1.));
#7215 = ( GEOMETRIC_REPRESENTATION_CONTEXT(2) 
PARAMETRIC_REPRESENTATION_CONTEXT() REPRESENTATION_CONTEXT('2D SPACE',''
  ) );
#7216 = ORIENTED_EDGE('',*,*,#7217,.T.);
#7217 = EDGE_CURVE('',#7190,#7190,#7218,.T.);
#7218 = SURFACE_CURVE('',#7219,(#7224,#7231),.PCURVE_S1.);
#7219 = CIRCLE('',#7220,1.175);
#7220 = AXIS2_PLACEMENT_3D('',#7221,#7222,#7223);
#7221 = CARTESIAN_POINT('',(0.,0.,68.));
#7222 = DIRECTION('',(0.,0.,1.));
#7223 = DIRECTION('',(1.,0.,0.));
#7224 = PCURVE('',#7198,#7225);
#7225 = DEFINITIONAL_REPRESENTATION('',(#7226),#7230);
#7226 = LINE('',#7227,#7228);
#7227 = CARTESIAN_POINT('',(-0.,-1.));
#7228 = VECTOR('',#7229,1.);
#7229 = DIRECTION('',(-1.,0.));
#7230 = ( GEOMETRIC_REPRESENTATION_CONTEXT(2) 
PARAMETRIC_REPRESENTATION_CONTEXT() REPRESENTATION_CONTEXT('2D SPACE',''
  ) );
#7231 = PCURVE('',#7232,#7237);
#7232 = PLANE('',#7233);
#7233 = AXIS2_PLACEMENT_3D('',#7234,#7235,#7236);
#7234 = CARTESIAN_POINT('',(-7.273617726274E-17,-4.79653329666E-17,68.)
  );
#7235 = DIRECTION('',(0.,0.,1.));
#7236 = DIRECTION('',(1.,0.,-0.));
#7237 = DEFINITIONAL_REPRESENTATION('',(#7238),#7242);
#7238 = CIRCLE('',#7239,1.175);
#7239 = AXIS2_PLACEMENT_2D('',#7240,#7241);
#7240 = CARTESIAN_POINT('',(7.273617726274E-17,4.79653329666E-17));
#7241 = DIRECTION('',(1.,0.));
#7242 = ( GEOMETRIC_REPRESENTATION_CONTEXT(2) 
PARAMETRIC_REPRESENTATION_CONTEXT() REPRESENTATION_CONTEXT('2D SPACE',''
  ) );
#7243 = ORIENTED_EDGE('',*,*,#7187,.F.);
#7244 = ORIENTED_EDGE('',*,*,#7245,.F.);
#7245 = EDGE_CURVE('',#7188,#7188,#7246,.T.);
#7246 = SURFACE_CURVE('',#7247,(#7252,#7259),.PCURVE_S1.);
#7247 = CIRCLE('',#7248,1.175);
#7248 = AXIS2_PLACEMENT_3D('',#7249,#7250,#7251);
#7249 = CARTESIAN_POINT('',(0.,0.,67.));
#7250 = DIRECTION('',(0.,0.,1.));
#7251 = DIRECTION('',(1.,0.,0.));
#7252 = PCURVE('',#7198,#7253);
#7253 = DEFINITIONAL_REPRESENTATION('',(#7254),#7258);
#7254 = LINE('',#7255,#7256);
#7255 = CARTESIAN_POINT('',(-0.,0.));
#7256 = VECTOR('',#7257,1.);
#7257 = DIRECTION('',(-1.,0.));
#7258 = ( GEOMETRIC_REPRESENTATION_CONTEXT(2) 
PARAMETRIC_REPRESENTATION_CONTEXT() REPRESENTATION_CONTEXT('2D SPACE',''
  ) );
#7259 = PCURVE('',#7260,#7265);
#7260 = PLANE('',#7261);
#7261 = AXIS2_PLACEMENT_3D('',#7262,#7263,#7264);
#7262 = CARTESIAN_POINT('',(-7.273617726274E-17,-4.79653329666E-17,67.)
  );
#7263 = DIRECTION('',(0.,0.,1.));
#7264 = DIRECTION('',(1.,0.,-0.));
#7265 = DEFINITIONAL_REPRESENTATION('',(#7266),#7270);
#7266 = CIRCLE('',#7267,1.175);
#7267 = AXIS2_PLACEMENT_2D('',#7268,#7269);
#7268 = CARTESIAN_POINT('',(7.273617726274E-17,4.79653329666E-17));
#7269 = DIRECTION('',(1.,0.));
#7270 = ( GEOMETRIC_REPRESENTATION_CONTEXT(2) 
PARAMETRIC_REPRESENTATION_CONTEXT() REPRESENTATION_CONTEXT('2D SPACE',''
  ) );
#7271 = ADVANCED_FACE('',(#7272),#7260,.F.);
#7272 = FACE_BOUND('',#7273,.F.);
#7273 = EDGE_LOOP('',(#7274));
#7274 = ORIENTED_EDGE('',*,*,#7245,.T.);
#7275 = ADVANCED_FACE('',(#7276),#7232,.T.);
#7276 = FACE_BOUND('',#7277,.T.);
#7277 = EDGE_LOOP('',(#7278));
#7278 = ORIENTED_EDGE('',*,*,#7217,.T.);
#7279 = ( GEOMETRIC_REPRESENTATION_CONTEXT(3) 
GLOBAL_UNCERTAINTY_ASSIGNED_CONTEXT((#7283)) 
GLOBAL_UNIT_ASSIGNED_CONTEXT((#7280,#7281,#7282)) REPRESENTATION_CONTEXT
('Context #1','3D Context with UNIT and UNCERTAINTY') );
#7280 = ( LENGTH_UNIT() NAMED_UNIT(*) SI_UNIT(.MILLI.,.METRE.) );
#7281 = ( NAMED_UNIT(*) PLANE_ANGLE_UNIT() SI_UNIT($,.RADIAN.) );
#7282 = ( NAMED_UNIT(*) SI_UNIT($,.STERADIAN.) SOLID_ANGLE_UNIT() );
#7283 = UNCERTAINTY_MEASURE_WITH_UNIT(LENGTH_MEASURE(1.E-07),#7280,
  'distance_accuracy_value','confusion accuracy');
#7284 = CONTEXT_DEPENDENT_SHAPE_REPRESENTATION(#7285,#7287);
#7285 = ( REPRESENTATION_RELATIONSHIP('','',#7180,#10) 
REPRESENTATION_RELATIONSHIP_WITH_TRANSFORMATION(#7286) 
SHAPE_REPRESENTATION_RELATIONSHIP() );
#7286 = ITEM_DEFINED_TRANSFORMATION('','',#11,#107);
#7287 = PRODUCT_DEFINITION_SHAPE('Placement','Placement of an item',
  #7288);
#7288 = NEXT_ASSEMBLY_USAGE_OCCURRENCE('24','rear_plug','',#5,#7175,$);
#7289 = PRODUCT_RELATED_PRODUCT_CATEGORY('part',$,(#7177));
#7290 = SHAPE_DEFINITION_REPRESENTATION(#7291,#7297);
#7291 = PRODUCT_DEFINITION_SHAPE('','',#7292);
#7292 = PRODUCT_DEFINITION('design','',#7293,#7296);
#7293 = PRODUCT_DEFINITION_FORMATION('','',#7294);
#7294 = PRODUCT('axial_magnet','axial_magnet','',(#7295));
#7295 = PRODUCT_CONTEXT('',#2,'mechanical');
#7296 = PRODUCT_DEFINITION_CONTEXT('part definition',#2,'design');
#7297 = ADVANCED_BREP_SHAPE_REPRESENTATION('',(#11,#7298),#7396);
#7298 = MANIFOLD_SOLID_BREP('',#7299);
#7299 = CLOSED_SHELL('',(#7300,#7388,#7392));
#7300 = ADVANCED_FACE('',(#7301),#7315,.T.);
#7301 = FACE_BOUND('',#7302,.F.);
#7302 = EDGE_LOOP('',(#7303,#7333,#7360,#7361));
#7303 = ORIENTED_EDGE('',*,*,#7304,.T.);
#7304 = EDGE_CURVE('',#7305,#7307,#7309,.T.);
#7305 = VERTEX_POINT('',#7306);
#7306 = CARTESIAN_POINT('',(0.5,0.,67.2));
#7307 = VERTEX_POINT('',#7308);
#7308 = CARTESIAN_POINT('',(0.5,0.,67.9));
#7309 = SEAM_CURVE('',#7310,(#7314,#7326),.PCURVE_S1.);
#7310 = LINE('',#7311,#7312);
#7311 = CARTESIAN_POINT('',(0.5,0.,67.2));
#7312 = VECTOR('',#7313,1.);
#7313 = DIRECTION('',(0.,0.,1.));
#7314 = PCURVE('',#7315,#7320);
#7315 = CYLINDRICAL_SURFACE('',#7316,0.5);
#7316 = AXIS2_PLACEMENT_3D('',#7317,#7318,#7319);
#7317 = CARTESIAN_POINT('',(0.,0.,67.2));
#7318 = DIRECTION('',(-0.,-0.,-1.));
#7319 = DIRECTION('',(1.,0.,0.));
#7320 = DEFINITIONAL_REPRESENTATION('',(#7321),#7325);
#7321 = LINE('',#7322,#7323);
#7322 = CARTESIAN_POINT('',(-0.,0.));
#7323 = VECTOR('',#7324,1.);
#7324 = DIRECTION('',(-0.,-1.));
#7325 = ( GEOMETRIC_REPRESENTATION_CONTEXT(2) 
PARAMETRIC_REPRESENTATION_CONTEXT() REPRESENTATION_CONTEXT('2D SPACE',''
  ) );
#7326 = PCURVE('',#7315,#7327);
#7327 = DEFINITIONAL_REPRESENTATION('',(#7328),#7332);
#7328 = LINE('',#7329,#7330);
#7329 = CARTESIAN_POINT('',(-6.28318530718,0.));
#7330 = VECTOR('',#7331,1.);
#7331 = DIRECTION('',(-0.,-1.));
#7332 = ( GEOMETRIC_REPRESENTATION_CONTEXT(2) 
PARAMETRIC_REPRESENTATION_CONTEXT() REPRESENTATION_CONTEXT('2D SPACE',''
  ) );
#7333 = ORIENTED_EDGE('',*,*,#7334,.T.);
#7334 = EDGE_CURVE('',#7307,#7307,#7335,.T.);
#7335 = SURFACE_CURVE('',#7336,(#7341,#7348),.PCURVE_S1.);
#7336 = CIRCLE('',#7337,0.5);
#7337 = AXIS2_PLACEMENT_3D('',#7338,#7339,#7340);
#7338 = CARTESIAN_POINT('',(0.,0.,67.9));
#7339 = DIRECTION('',(0.,0.,1.));
#7340 = DIRECTION('',(1.,0.,0.));
#7341 = PCURVE('',#7315,#7342);
#7342 = DEFINITIONAL_REPRESENTATION('',(#7343),#7347);
#7343 = LINE('',#7344,#7345);
#7344 = CARTESIAN_POINT('',(-0.,-0.7));
#7345 = VECTOR('',#7346,1.);
#7346 = DIRECTION('',(-1.,0.));
#7347 = ( GEOMETRIC_REPRESENTATION_CONTEXT(2) 
PARAMETRIC_REPRESENTATION_CONTEXT() REPRESENTATION_CONTEXT('2D SPACE',''
  ) );
#7348 = PCURVE('',#7349,#7354);
#7349 = PLANE('',#7350);
#7350 = AXIS2_PLACEMENT_3D('',#7351,#7352,#7353);
#7351 = CARTESIAN_POINT('',(-3.204937810639E-17,4.3687976227E-17,67.9));
#7352 = DIRECTION('',(0.,0.,1.));
#7353 = DIRECTION('',(1.,0.,-0.));
#7354 = DEFINITIONAL_REPRESENTATION('',(#7355),#7359);
#7355 = CIRCLE('',#7356,0.5);
#7356 = AXIS2_PLACEMENT_2D('',#7357,#7358);
#7357 = CARTESIAN_POINT('',(3.204937810639E-17,-4.3687976227E-17));
#7358 = DIRECTION('',(1.,0.));
#7359 = ( GEOMETRIC_REPRESENTATION_CONTEXT(2) 
PARAMETRIC_REPRESENTATION_CONTEXT() REPRESENTATION_CONTEXT('2D SPACE',''
  ) );
#7360 = ORIENTED_EDGE('',*,*,#7304,.F.);
#7361 = ORIENTED_EDGE('',*,*,#7362,.F.);
#7362 = EDGE_CURVE('',#7305,#7305,#7363,.T.);
#7363 = SURFACE_CURVE('',#7364,(#7369,#7376),.PCURVE_S1.);
#7364 = CIRCLE('',#7365,0.5);
#7365 = AXIS2_PLACEMENT_3D('',#7366,#7367,#7368);
#7366 = CARTESIAN_POINT('',(0.,0.,67.2));
#7367 = DIRECTION('',(0.,0.,1.));
#7368 = DIRECTION('',(1.,0.,0.));
#7369 = PCURVE('',#7315,#7370);
#7370 = DEFINITIONAL_REPRESENTATION('',(#7371),#7375);
#7371 = LINE('',#7372,#7373);
#7372 = CARTESIAN_POINT('',(-0.,0.));
#7373 = VECTOR('',#7374,1.);
#7374 = DIRECTION('',(-1.,0.));
#7375 = ( GEOMETRIC_REPRESENTATION_CONTEXT(2) 
PARAMETRIC_REPRESENTATION_CONTEXT() REPRESENTATION_CONTEXT('2D SPACE',''
  ) );
#7376 = PCURVE('',#7377,#7382);
#7377 = PLANE('',#7378);
#7378 = AXIS2_PLACEMENT_3D('',#7379,#7380,#7381);
#7379 = CARTESIAN_POINT('',(-3.204937810639E-17,4.3687976227E-17,67.2));
#7380 = DIRECTION('',(0.,0.,1.));
#7381 = DIRECTION('',(1.,0.,-0.));
#7382 = DEFINITIONAL_REPRESENTATION('',(#7383),#7387);
#7383 = CIRCLE('',#7384,0.5);
#7384 = AXIS2_PLACEMENT_2D('',#7385,#7386);
#7385 = CARTESIAN_POINT('',(3.204937810639E-17,-4.3687976227E-17));
#7386 = DIRECTION('',(1.,0.));
#7387 = ( GEOMETRIC_REPRESENTATION_CONTEXT(2) 
PARAMETRIC_REPRESENTATION_CONTEXT() REPRESENTATION_CONTEXT('2D SPACE',''
  ) );
#7388 = ADVANCED_FACE('',(#7389),#7377,.F.);
#7389 = FACE_BOUND('',#7390,.F.);
#7390 = EDGE_LOOP('',(#7391));
#7391 = ORIENTED_EDGE('',*,*,#7362,.T.);
#7392 = ADVANCED_FACE('',(#7393),#7349,.T.);
#7393 = FACE_BOUND('',#7394,.T.);
#7394 = EDGE_LOOP('',(#7395));
#7395 = ORIENTED_EDGE('',*,*,#7334,.T.);
#7396 = ( GEOMETRIC_REPRESENTATION_CONTEXT(3) 
GLOBAL_UNCERTAINTY_ASSIGNED_CONTEXT((#7400)) 
GLOBAL_UNIT_ASSIGNED_CONTEXT((#7397,#7398,#7399)) REPRESENTATION_CONTEXT
('Context #1','3D Context with UNIT and UNCERTAINTY') );
#7397 = ( LENGTH_UNIT() NAMED_UNIT(*) SI_UNIT(.MILLI.,.METRE.) );
#7398 = ( NAMED_UNIT(*) PLANE_ANGLE_UNIT() SI_UNIT($,.RADIAN.) );
#7399 = ( NAMED_UNIT(*) SI_UNIT($,.STERADIAN.) SOLID_ANGLE_UNIT() );
#7400 = UNCERTAINTY_MEASURE_WITH_UNIT(LENGTH_MEASURE(1.E-07),#7397,
  'distance_accuracy_value','confusion accuracy');
#7401 = CONTEXT_DEPENDENT_SHAPE_REPRESENTATION(#7402,#7404);
#7402 = ( REPRESENTATION_RELATIONSHIP('','',#7297,#10) 
REPRESENTATION_RELATIONSHIP_WITH_TRANSFORMATION(#7403) 
SHAPE_REPRESENTATION_RELATIONSHIP() );
#7403 = ITEM_DEFINED_TRANSFORMATION('','',#11,#111);
#7404 = PRODUCT_DEFINITION_SHAPE('Placement','Placement of an item',
  #7405);
#7405 = NEXT_ASSEMBLY_USAGE_OCCURRENCE('25','axial_magnet','',#5,#7292,$
  );
#7406 = PRODUCT_RELATED_PRODUCT_CATEGORY('part',$,(#7294));
#7407 = SHAPE_DEFINITION_REPRESENTATION(#7408,#7414);
#7408 = PRODUCT_DEFINITION_SHAPE('','',#7409);
#7409 = PRODUCT_DEFINITION('design','',#7410,#7413);
#7410 = PRODUCT_DEFINITION_FORMATION('','',#7411);
#7411 = PRODUCT('nib_spring','nib_spring','',(#7412));
#7412 = PRODUCT_CONTEXT('',#2,'mechanical');
#7413 = PRODUCT_DEFINITION_CONTEXT('part definition',#2,'design');
#7414 = ADVANCED_BREP_SHAPE_REPRESENTATION('',(#11,#7415),#7597);
#7415 = MANIFOLD_SOLID_BREP('',#7416);
#7416 = CLOSED_SHELL('',(#7417,#7505,#7583,#7590));
#7417 = ADVANCED_FACE('',(#7418),#7432,.T.);
#7418 = FACE_BOUND('',#7419,.F.);
#7419 = EDGE_LOOP('',(#7420,#7450,#7477,#7478));
#7420 = ORIENTED_EDGE('',*,*,#7421,.T.);
#7421 = EDGE_CURVE('',#7422,#7424,#7426,.T.);
#7422 = VERTEX_POINT('',#7423);
#7423 = CARTESIAN_POINT('',(1.2,0.,68.));
#7424 = VERTEX_POINT('',#7425);
#7425 = CARTESIAN_POINT('',(1.2,0.,77.));
#7426 = SEAM_CURVE('',#7427,(#7431,#7443),.PCURVE_S1.);
#7427 = LINE('',#7428,#7429);
#7428 = CARTESIAN_POINT('',(1.2,0.,68.));
#7429 = VECTOR('',#7430,1.);
#7430 = DIRECTION('',(0.,0.,1.));
#7431 = PCURVE('',#7432,#7437);
#7432 = CYLINDRICAL_SURFACE('',#7433,1.2);
#7433 = AXIS2_PLACEMENT_3D('',#7434,#7435,#7436);
#7434 = CARTESIAN_POINT('',(0.,0.,68.));
#7435 = DIRECTION('',(-0.,-0.,-1.));
#7436 = DIRECTION('',(1.,0.,0.));
#7437 = DEFINITIONAL_REPRESENTATION('',(#7438),#7442);
#7438 = LINE('',#7439,#7440);
#7439 = CARTESIAN_POINT('',(-0.,0.));
#7440 = VECTOR('',#7441,1.);
#7441 = DIRECTION('',(-0.,-1.));
#7442 = ( GEOMETRIC_REPRESENTATION_CONTEXT(2) 
PARAMETRIC_REPRESENTATION_CONTEXT() REPRESENTATION_CONTEXT('2D SPACE',''
  ) );
#7443 = PCURVE('',#7432,#7444);
#7444 = DEFINITIONAL_REPRESENTATION('',(#7445),#7449);
#7445 = LINE('',#7446,#7447);
#7446 = CARTESIAN_POINT('',(-6.28318530718,0.));
#7447 = VECTOR('',#7448,1.);
#7448 = DIRECTION('',(-0.,-1.));
#7449 = ( GEOMETRIC_REPRESENTATION_CONTEXT(2) 
PARAMETRIC_REPRESENTATION_CONTEXT() REPRESENTATION_CONTEXT('2D SPACE',''
  ) );
#7450 = ORIENTED_EDGE('',*,*,#7451,.T.);
#7451 = EDGE_CURVE('',#7424,#7424,#7452,.T.);
#7452 = SURFACE_CURVE('',#7453,(#7458,#7465),.PCURVE_S1.);
#7453 = CIRCLE('',#7454,1.2);
#7454 = AXIS2_PLACEMENT_3D('',#7455,#7456,#7457);
#7455 = CARTESIAN_POINT('',(0.,0.,77.));
#7456 = DIRECTION('',(0.,0.,1.));
#7457 = DIRECTION('',(1.,0.,0.));
#7458 = PCURVE('',#7432,#7459);
#7459 = DEFINITIONAL_REPRESENTATION('',(#7460),#7464);
#7460 = LINE('',#7461,#7462);
#7461 = CARTESIAN_POINT('',(-0.,-9.));
#7462 = VECTOR('',#7463,1.);
#7463 = DIRECTION('',(-1.,0.));
#7464 = ( GEOMETRIC_REPRESENTATION_CONTEXT(2) 
PARAMETRIC_REPRESENTATION_CONTEXT() REPRESENTATION_CONTEXT('2D SPACE',''
  ) );
#7465 = PCURVE('',#7466,#7471);
#7466 = PLANE('',#7467);
#7467 = AXIS2_PLACEMENT_3D('',#7468,#7469,#7470);
#7468 = CARTESIAN_POINT('',(-1.424416804729E-16,2.223496827053E-17,77.)
  );
#7469 = DIRECTION('',(0.,0.,1.));
#7470 = DIRECTION('',(1.,0.,-0.));
#7471 = DEFINITIONAL_REPRESENTATION('',(#7472),#7476);
#7472 = CIRCLE('',#7473,1.2);
#7473 = AXIS2_PLACEMENT_2D('',#7474,#7475);
#7474 = CARTESIAN_POINT('',(1.424416804729E-16,-2.223496827053E-17));
#7475 = DIRECTION('',(1.,0.));
#7476 = ( GEOMETRIC_REPRESENTATION_CONTEXT(2) 
PARAMETRIC_REPRESENTATION_CONTEXT() REPRESENTATION_CONTEXT('2D SPACE',''
  ) );
#7477 = ORIENTED_EDGE('',*,*,#7421,.F.);
#7478 = ORIENTED_EDGE('',*,*,#7479,.F.);
#7479 = EDGE_CURVE('',#7422,#7422,#7480,.T.);
#7480 = SURFACE_CURVE('',#7481,(#7486,#7493),.PCURVE_S1.);
#7481 = CIRCLE('',#7482,1.2);
#7482 = AXIS2_PLACEMENT_3D('',#7483,#7484,#7485);
#7483 = CARTESIAN_POINT('',(0.,0.,68.));
#7484 = DIRECTION('',(0.,0.,1.));
#7485 = DIRECTION('',(1.,0.,0.));
#7486 = PCURVE('',#7432,#7487);
#7487 = DEFINITIONAL_REPRESENTATION('',(#7488),#7492);
#7488 = LINE('',#7489,#7490);
#7489 = CARTESIAN_POINT('',(-0.,0.));
#7490 = VECTOR('',#7491,1.);
#7491 = DIRECTION('',(-1.,0.));
#7492 = ( GEOMETRIC_REPRESENTATION_CONTEXT(2) 
PARAMETRIC_REPRESENTATION_CONTEXT() REPRESENTATION_CONTEXT('2D SPACE',''
  ) );
#7493 = PCURVE('',#7494,#7499);
#7494 = PLANE('',#7495);
#7495 = AXIS2_PLACEMENT_3D('',#7496,#7497,#7498);
#7496 = CARTESIAN_POINT('',(-1.424416804729E-16,2.223496827053E-17,68.)
  );
#7497 = DIRECTION('',(0.,0.,1.));
#7498 = DIRECTION('',(1.,0.,-0.));
#7499 = DEFINITIONAL_REPRESENTATION('',(#7500),#7504);
#7500 = CIRCLE('',#7501,1.2);
#7501 = AXIS2_PLACEMENT_2D('',#7502,#7503);
#7502 = CARTESIAN_POINT('',(1.424416804729E-16,-2.223496827053E-17));
#7503 = DIRECTION('',(1.,0.));
#7504 = ( GEOMETRIC_REPRESENTATION_CONTEXT(2) 
PARAMETRIC_REPRESENTATION_CONTEXT() REPRESENTATION_CONTEXT('2D SPACE',''
  ) );
#7505 = ADVANCED_FACE('',(#7506),#7520,.F.);
#7506 = FACE_BOUND('',#7507,.T.);
#7507 = EDGE_LOOP('',(#7508,#7538,#7560,#7561));
#7508 = ORIENTED_EDGE('',*,*,#7509,.T.);
#7509 = EDGE_CURVE('',#7510,#7512,#7514,.T.);
#7510 = VERTEX_POINT('',#7511);
#7511 = CARTESIAN_POINT('',(1.05,2.312964634636E-17,68.));
#7512 = VERTEX_POINT('',#7513);
#7513 = CARTESIAN_POINT('',(1.05,2.312964634636E-17,77.));
#7514 = SEAM_CURVE('',#7515,(#7519,#7531),.PCURVE_S1.);
#7515 = LINE('',#7516,#7517);
#7516 = CARTESIAN_POINT('',(1.05,2.312964634636E-17,68.));
#7517 = VECTOR('',#7518,1.);
#7518 = DIRECTION('',(0.,0.,1.));
#7519 = PCURVE('',#7520,#7525);
#7520 = CYLINDRICAL_SURFACE('',#7521,1.05);
#7521 = AXIS2_PLACEMENT_3D('',#7522,#7523,#7524);
#7522 = CARTESIAN_POINT('',(5.736152293897E-15,2.312964634636E-17,68.));
#7523 = DIRECTION('',(-0.,-0.,-1.));
#7524 = DIRECTION('',(1.,0.,0.));
#7525 = DEFINITIONAL_REPRESENTATION('',(#7526),#7530);
#7526 = LINE('',#7527,#7528);
#7527 = CARTESIAN_POINT('',(-0.,0.));
#7528 = VECTOR('',#7529,1.);
#7529 = DIRECTION('',(-0.,-1.));
#7530 = ( GEOMETRIC_REPRESENTATION_CONTEXT(2) 
PARAMETRIC_REPRESENTATION_CONTEXT() REPRESENTATION_CONTEXT('2D SPACE',''
  ) );
#7531 = PCURVE('',#7520,#7532);
#7532 = DEFINITIONAL_REPRESENTATION('',(#7533),#7537);
#7533 = LINE('',#7534,#7535);
#7534 = CARTESIAN_POINT('',(-6.28318530718,0.));
#7535 = VECTOR('',#7536,1.);
#7536 = DIRECTION('',(-0.,-1.));
#7537 = ( GEOMETRIC_REPRESENTATION_CONTEXT(2) 
PARAMETRIC_REPRESENTATION_CONTEXT() REPRESENTATION_CONTEXT('2D SPACE',''
  ) );
#7538 = ORIENTED_EDGE('',*,*,#7539,.T.);
#7539 = EDGE_CURVE('',#7512,#7512,#7540,.T.);
#7540 = SURFACE_CURVE('',#7541,(#7546,#7553),.PCURVE_S1.);
#7541 = CIRCLE('',#7542,1.05);
#7542 = AXIS2_PLACEMENT_3D('',#7543,#7544,#7545);
#7543 = CARTESIAN_POINT('',(5.736152293897E-15,2.312964634636E-17,77.));
#7544 = DIRECTION('',(0.,0.,1.));
#7545 = DIRECTION('',(1.,0.,0.));
#7546 = PCURVE('',#7520,#7547);
#7547 = DEFINITIONAL_REPRESENTATION('',(#7548),#7552);
#7548 = LINE('',#7549,#7550);
#7549 = CARTESIAN_POINT('',(-0.,-9.));
#7550 = VECTOR('',#7551,1.);
#7551 = DIRECTION('',(-1.,0.));
#7552 = ( GEOMETRIC_REPRESENTATION_CONTEXT(2) 
PARAMETRIC_REPRESENTATION_CONTEXT() REPRESENTATION_CONTEXT('2D SPACE',''
  ) );
#7553 = PCURVE('',#7466,#7554);
#7554 = DEFINITIONAL_REPRESENTATION('',(#7555),#7559);
#7555 = CIRCLE('',#7556,1.05);
#7556 = AXIS2_PLACEMENT_2D('',#7557,#7558);
#7557 = CARTESIAN_POINT('',(5.878593974369E-15,8.946780758233E-19));
#7558 = DIRECTION('',(1.,0.));
#7559 = ( GEOMETRIC_REPRESENTATION_CONTEXT(2) 
PARAMETRIC_REPRESENTATION_CONTEXT() REPRESENTATION_CONTEXT('2D SPACE',''
  ) );
#7560 = ORIENTED_EDGE('',*,*,#7509,.F.);
#7561 = ORIENTED_EDGE('',*,*,#7562,.F.);
#7562 = EDGE_CURVE('',#7510,#7510,#7563,.T.);
#7563 = SURFACE_CURVE('',#7564,(#7569,#7576),.PCURVE_S1.);
#7564 = CIRCLE('',#7565,1.05);
#7565 = AXIS2_PLACEMENT_3D('',#7566,#7567,#7568);
#7566 = CARTESIAN_POINT('',(5.736152293897E-15,2.312964634636E-17,68.));
#7567 = DIRECTION('',(0.,0.,1.));
#7568 = DIRECTION('',(1.,0.,0.));
#7569 = PCURVE('',#7520,#7570);
#7570 = DEFINITIONAL_REPRESENTATION('',(#7571),#7575);
#7571 = LINE('',#7572,#7573);
#7572 = CARTESIAN_POINT('',(-0.,0.));
#7573 = VECTOR('',#7574,1.);
#7574 = DIRECTION('',(-1.,0.));
#7575 = ( GEOMETRIC_REPRESENTATION_CONTEXT(2) 
PARAMETRIC_REPRESENTATION_CONTEXT() REPRESENTATION_CONTEXT('2D SPACE',''
  ) );
#7576 = PCURVE('',#7494,#7577);
#7577 = DEFINITIONAL_REPRESENTATION('',(#7578),#7582);
#7578 = CIRCLE('',#7579,1.05);
#7579 = AXIS2_PLACEMENT_2D('',#7580,#7581);
#7580 = CARTESIAN_POINT('',(5.878593974369E-15,8.946780758233E-19));
#7581 = DIRECTION('',(1.,0.));
#7582 = ( GEOMETRIC_REPRESENTATION_CONTEXT(2) 
PARAMETRIC_REPRESENTATION_CONTEXT() REPRESENTATION_CONTEXT('2D SPACE',''
  ) );
#7583 = ADVANCED_FACE('',(#7584,#7587),#7494,.F.);
#7584 = FACE_BOUND('',#7585,.F.);
#7585 = EDGE_LOOP('',(#7586));
#7586 = ORIENTED_EDGE('',*,*,#7479,.T.);
#7587 = FACE_BOUND('',#7588,.F.);
#7588 = EDGE_LOOP('',(#7589));
#7589 = ORIENTED_EDGE('',*,*,#7562,.F.);
#7590 = ADVANCED_FACE('',(#7591,#7594),#7466,.T.);
#7591 = FACE_BOUND('',#7592,.T.);
#7592 = EDGE_LOOP('',(#7593));
#7593 = ORIENTED_EDGE('',*,*,#7451,.T.);
#7594 = FACE_BOUND('',#7595,.T.);
#7595 = EDGE_LOOP('',(#7596));
#7596 = ORIENTED_EDGE('',*,*,#7539,.F.);
#7597 = ( GEOMETRIC_REPRESENTATION_CONTEXT(3) 
GLOBAL_UNCERTAINTY_ASSIGNED_CONTEXT((#7601)) 
GLOBAL_UNIT_ASSIGNED_CONTEXT((#7598,#7599,#7600)) REPRESENTATION_CONTEXT
('Context #1','3D Context with UNIT and UNCERTAINTY') );
#7598 = ( LENGTH_UNIT() NAMED_UNIT(*) SI_UNIT(.MILLI.,.METRE.) );
#7599 = ( NAMED_UNIT(*) PLANE_ANGLE_UNIT() SI_UNIT($,.RADIAN.) );
#7600 = ( NAMED_UNIT(*) SI_UNIT($,.STERADIAN.) SOLID_ANGLE_UNIT() );
#7601 = UNCERTAINTY_MEASURE_WITH_UNIT(LENGTH_MEASURE(1.E-07),#7598,
  'distance_accuracy_value','confusion accuracy');
#7602 = CONTEXT_DEPENDENT_SHAPE_REPRESENTATION(#7603,#7605);
#7603 = ( REPRESENTATION_RELATIONSHIP('','',#7414,#10) 
REPRESENTATION_RELATIONSHIP_WITH_TRANSFORMATION(#7604) 
SHAPE_REPRESENTATION_RELATIONSHIP() );
#7604 = ITEM_DEFINED_TRANSFORMATION('','',#11,#115);
#7605 = PRODUCT_DEFINITION_SHAPE('Placement','Placement of an item',
  #7606);
#7606 = NEXT_ASSEMBLY_USAGE_OCCURRENCE('26','nib_spring','',#5,#7409,$);
#7607 = PRODUCT_RELATED_PRODUCT_CATEGORY('part',$,(#7411));
ENDSEC;
END-ISO-10303-21;
