time_s,letter_index,simulated_ink_x_m,simulated_ink_y_m,target_x_m,target_y_m,contact,target_down,q_x_m,q_y_m,qdot_x_m_s,qdot_y_m_s,current_x_A,current_y_A,voltage_x_V,voltage_y_V,estimated_q_x_m,estimated_q_y_m,estimated_qdot_x_m_s,estimated_qdot_y_m_s,estimated_compensation_x_N,estimated_compensation_y_N
0.000000000000000000e+00,0.000000000000000000e+00,2.168181818181817364e-03,2.792727272727273113e-03,2.168181818181817364e-03,2.792727272727273113e-03,0.000000000000000000e+00,0.000000000000000000e+00,7.573393926289893191e-04,1.315909090909090457e-03,0.000000000000000000e+00,0.000000000000000000e+00,4.332784217719556907e-02,4.773221379964046572e-03,1.682706217204872068e-01,1.853757050561846004e-02,7.573393926289893191e-04,1.315909090909090457e-03,0.000000000000000000e+00,0.000000000000000000e+00,-0.000000000000000000e+00,-0.000000000000000000e+00
5.000000000000000104e-04,0.000000000000000000e+00,2.167655008863284341e-03,2.792658417019027763e-03,2.168181818181816930e-03,2.792727272727272680e-03,0.000000000000000000e+00,0.000000000000000000e+00,7.569358332779438543e-04,1.315840235200845107e-03,-8.071187020908693896e-04,-1.377114164904862201e-04,4.340466861259269227e-02,4.783896325187907139e-03,1.312833617969025868e-01,1.446286078129106235e-02,7.573393926289893191e-04,1.315909090909090457e-03,-2.168404344971008868e-19,0.000000000000000000e+00,-0.000000000000000000e+00,-0.000000000000000000e+00
1.000000000000000021e-03,0.000000000000000000e+00,2.166609648212560781e-03,2.792521693712247434e-03,2.168181818181817364e-03,2.792727272727273547e-03,0.000000000000000000e+00,0.000000000000000000e+00,7.561350405604019441e-04,1.315703511894064778e-03,-1.601585435083769781e-03,-2.734466135605830885e-04,4.346409945646555889e-02,4.792131008912761843e-03,1.311548966049532194e-01,1.444486579583938515e-02,7.573408611932103953e-04,1.315909257085875464e-03,5.862839277640528087e-06,6.634151697601465766e-07,-0.000000000000000000e+00,-0.000000000000000000e+00
1.500000000000000031e-03,0.000000000000000000e+00,2.165053487695751955e-03,2.792318046052531810e-03,2.168181818181817364e-03,2.792727272727273547e-03,0.000000000000000000e+00,0.000000000000000000e+00,7.549429524438993396e-04,1.315499864234349154e-03,-2.384176233005311663e-03,-4.072953194311077136e-04,4.350886623479680027e-02,4.798315511180230135e-03,1.309887212697638803e-01,1.442155968240230006e-02,7.573463801032028148e-04,1.315909881222805536e-03,1.619257323387659564e-05,1.830846496647491051e-06,-0.000000000000000000e+00,-0.000000000000000000e+00
2.000000000000000042e-03,0.000000000000000000e+00,2.162993850958938070e-03,2.792048379401020249e-03,2.168181818181817364e-03,2.792727272727272246e-03,0.000000000000000000e+00,0.000000000000000000e+00,7.533651791668192739e-04,1.315230197582837376e-03,-3.155546554160210734e-03,-5.393333030234258177e-04,4.317069803669836003e-02,2.561793593581125801e-03,1.293520225663054579e-01,5.690638895299832134e-03,7.586239142385896089e-04,1.321962956372115276e-03,2.869471794995814471e-05,-1.997375373077728885e-06,-0.000000000000000000e+00,-0.000000000000000000e+00
2.500000000000000052e-03,0.000000000000000000e+00,2.160427703011350876e-03,2.791675852105232267e-03,2.168181818181817797e-03,2.792727272727273547e-03,0.000000000000000000e+00,0.000000000000000000e+00,7.513993957913490561e-04,1.314857670287049394e-03,-3.931566750940401062e-03,-7.450545915759395873e-04,4.313001303396245961e-02,2.279820683866262774e-03,1.291958250231377836e-01,6.442849770286830473e-03,7.586351018378919772e-04,1.321927196368595297e-03,1.607970421097553652e-05,-1.407723431660522152e-04,-0.000000000000000000e+00,-0.000000000000000000e+00
3.000000000000000062e-03,0.000000000000000000e+00,2.157360126875572208e-03,2.791196956947138413e-03,2.168181818181817364e-03,2.792727272727273113e-03,0.000000000000000000e+00,0.000000000000000000e+00,7.490494961386914407e-04,1.314378775128955757e-03,-4.699799305315268023e-03,-9.577903161874752125e-04,4.324286908331496926e-02,2.864860351712533552e-03,1.293848580304744478e-01,8.891610362698440170e-03,7.586392402388411615e-04,1.321818064590449086e-03,5.039288497870480794e-07,-2.954508801903983758e-04,-0.000000000000000000e+00,-0.000000000000000000e+00
3.500000000000000073e-03,0.000000000000000000e+00,2.153800345442898230e-03,2.790622831070307171e-03,2.168181818181817364e-03,2.792727272727272246e-03,0.000000000000000000e+00,0.000000000000000000e+00,7.463225453534732103e-04,1.313804649252124515e-03,-5.453901570436440853e-03,-1.148251753662478218e-03,4.333327978433532818e-02,3.355346073587028334e-03,1.293608725719051222e-01,1.023972695400493169e-02,7.586377930510697408e-04,1.321641156375822366e-03,-6.279479085870948944e-06,-4.119495199316005360e-04,-0.000000000000000000e+00,-0.000000000000000000e+00
4.000000000000000083e-03,0.000000000000000000e+00,2.149756924648765603e-03,2.789962901603040488e-03,2.168181818181817797e-03,2.792727272727273981e-03,0.000000000000000000e+00,0.000000000000000000e+00,7.432251053229361635e-04,1.313144719784858049e-03,-6.194880061074160317e-03,-1.319858934532970032e-03,4.575329916004731295e-02,7.996205625794731292e-03,1.384083080733030102e-01,2.779287873702018102e-02,7.547205619742971324e-04,1.315356190135494752e-03,-1.269519826999296721e-03,-2.451952500206569605e-03,9.114357539262911249e-04,1.410600644985558587e-03
4.500000000000000527e-03,0.000000000000000000e+00,2.145301232248084979e-03,2.789296345135076904e-03,2.168181818181817364e-03,2.792727272727273113e-03,0.000000000000000000e+00,0.000000000000000000e+00,7.398118469191474920e-04,1.312478163316894248e-03,-6.826516807577373384e-03,-1.333112935927807706e-03,4.679550570718919722e-02,1.000147387753310378e-02,1.401565124419434927e-01,3.161495170658894932e-02,7.541030107987373382e-04,1.314136481814650280e-03,-1.200794725942221303e-03,-2.426883273406613226e-03,9.114357539262911249e-04,1.410600644985558587e-03
5.000000000000000104e-03,0.000000000000000000e+00,2.140466683184529938e-03,2.788657062262356670e-03,2.168181818181816930e-03,2.792727272727273113e-03,0.000000000000000000e+00,0.000000000000000000e+00,7.361083674740249170e-04,1.311838880444174231e-03,-7.406958890245152714e-03,-1.278565745440126680e-03,4.780713986125745274e-02,1.207270136051673791e-02,1.429810933149713859e-01,3.796349912699977652e-02,7.535395795321101365e-04,1.312960520144776377e-03,-1.053195094347850538e-03,-2.277209032493831935e-03,9.114357539262911249e-04,1.410600644985558587e-03
5.499999999999999681e-03,0.000000000000000000e+00,2.135285522046543368e-03,2.788079666366756644e-03,2.168181818181817364e-03,2.792727272727273547e-03,0.000000000000000000e+00,0.000000000000000000e+00,7.321393677753662912e-04,1.311261484548573988e-03,-7.937999397317294786e-03,-1.154791791200362235e-03,4.874662516699753562e-02,1.423363154936512290e-02,1.455698333003940248e-01,4.462495524494700799e-02,7.530688888405684964e-04,1.311891269955143234e-03,-8.299824673663006589e-04,-2.000287987852014063e-03,9.114357539262911249e-04,1.410600644985558587e-03
6.000000000000000125e-03,0.000000000000000000e+00,2.129787711399263456e-03,2.787599870998126467e-03,2.168181818181817364e-03,2.792727272727273113e-03,0.000000000000000000e+00,0.000000000000000000e+00,7.279278004796971334e-04,1.310781689179943811e-03,-8.423134591338280949e-03,-9.595907372603974458e-04,5.802750463737878922e-02,1.996055278813308950e-02,1.806322753137654669e-01,6.508043673390193073e-02,7.234560000780077297e-04,1.297132090510362112e-03,-9.674354909330468155e-03,-5.918755941587975494e-03,6.283467160913024270e-03,3.954514368455406062e-03
6.500000000000000569e-03,0.000000000000000000e+00,2.124227929741389145e-03,2.787312977759352772e-03,2.168181818181817364e-03,2.792727272727273113e-03,0.000000000000000000e+00,0.000000000000000000e+00,7.236687606357279168e-04,1.310494795941170116e-03,-8.518079687938343025e-03,-5.737864775475923565e-04,5.982172587681566095e-02,2.106843677162877765e-02,1.796426041768790782e-01,6.461038227212623219e-02,7.187023912954559890e-04,1.294284249339458081e-03,-9.340547493333607731e-03,-5.473364283606997789e-03,6.283467160913024270e-03,3.954514368455406062e-03
7.000000000000000146e-03,0.000000000000000000e+00,2.118655931265653238e-03,2.787235421431131198e-03,2.168181818181817364e-03,2.792727272727272246e-03,0.000000000000000000e+00,0.000000000000000000e+00,7.194003621663227870e-04,1.310417239612948325e-03,-8.536796938810367261e-03,-1.551126564435018800e-04,6.165973078482050312e-02,2.216309354751606897e-02,1.852422162179953868e-01,6.804194202604658959e-02,7.141492820520825048e-04,1.291675217303025558e-03,-8.872624244433184593e-03,-4.963653078937111350e-03,6.283467160913024270e-03,3.954514368455406062e-03
7.499999999999999722e-03,0.000000000000000000e+00,2.113122074178622710e-03,2.787383199349777619e-03,2.168181818181817364e-03,2.792727272727273113e-03,0.000000000000000000e+00,0.000000000000000000e+00,7.151611816957886966e-04,1.310565017531594963e-03,-8.478360941068269208e-03,2.955558372932728267e-04,6.354336043075539675e-02,2.323965049116488019e-02,1.910101641242707704e-01,7.142413168081525321e-02,7.098641662584104055e-04,1.289336747924911975e-03,-8.268847105318695781e-03,-4.391245380098319356e-03,6.283467160913024270e-03,3.954514368455406062e-03
8.000000000000000167e-03,0.000000000000000000e+00,2.107677357635183261e-03,2.787771792675558958e-03,2.168181818181817797e-03,2.792727272727273981e-03,0.000000000000000000e+00,0.000000000000000000e+00,7.109902868433290316e-04,1.310953610857376302e-03,-8.341789704919362961e-03,7.771866515625720393e-04,6.613337647955778997e-02,1.331837102507111431e-02,1.995114131240085520e-01,3.211923266680181271e-02,7.002881958777682977e-04,1.326628406011709114e-03,-9.010795856625033323e-03,6.609570144472365003e-03,7.010499538293851231e-03,-1.126706414821471549e-03
8.500000000000000611e-03,0.000000000000000000e+00,2.102391234080796742e-03,2.788231385482739869e-03,2.168181818181816930e-03,2.792727272727272246e-03,0.000000000000000000e+00,0.000000000000000000e+00,7.069408812688506233e-04,1.311413203664557429e-03,-8.098811148956830408e-03,9.191856143622989788e-04,6.773671977989781379e-02,1.193169609225039861e-02,2.036170818884761591e-01,3.524600953958974964e-02,6.959943776961002165e-04,1.330087189138362287e-03,-8.165951900707273808e-03,7.224240429061404289e-03,7.010499538293851231e-03,-1.126706414821471549e-03
9.000000000000001055e-03,0.000000000000000000e+00,2.097305712610622250e-03,2.788737762832984614e-03,2.168181818181818231e-03,2.792727272727273981e-03,0.000000000000000000e+00,0.000000000000000000e+00,7.030451458062612858e-04,1.311919581014801958e-03,-7.791470925178589982e-03,1.012754700488937513e-03,6.928680646394469456e-02,1.041966117450829690e-02,2.083819960206189370e-01,3.058569775731005691e-02,6.921514180320577619e-04,1.333829740044682136e-03,-7.207598803665848236e-03,7.744812899743841288e-03,7.010499538293851231e-03,-1.126706414821471549e-03
9.499999999999999764e-03,0.000000000000000000e+00,2.092460854378661115e-03,2.789264876287895611e-03,2.168181818181818231e-03,2.792727272727273981e-03,0.000000000000000000e+00,0.000000000000000000e+00,6.993337690799681207e-04,1.312446694469712955e-03,-7.422753452586238268e-03,1.054226909822194485e-03,7.077112955165384967e-02,8.779966784672320335e-03,2.129596590866166539e-01,2.552093108963967433e-02,6.888146982195812685e-04,1.337807315689348462e-03,-6.141220976165648500e-03,8.164525964963257471e-03,7.010499538293851231e-03,-1.126706414821471549e-03
1.000000000000000021e-02,0.000000000000000000e+00,2.087894453301647815e-03,2.789784829482379498e-03,2.168181818181816496e-03,2.792727272727272246e-03,0.000000000000000000e+00,0.000000000000000000e+00,6.958357029098696410e-04,1.312966647664196625e-03,-6.996132340197015048e-03,1.039906388967539981e-03,6.955790922049040481e-02,9.960823656932030201e-03,2.071385248228781173e-01,3.150240894936860714e-02,7.053517073935060798e-04,1.321623647121574928e-03,-5.375421394655088142e-04,3.804580487218137044e-03,5.108840329800242580e-03,8.762680937437006615e-04
1.050000000000000065e-02,0.000000000000000000e+00,2.083571059778428942e-03,2.790317520138523889e-03,2.168181818181817364e-03,2.792727272727273113e-03,0.000000000000000000e+00,0.000000000000000000e+00,6.925237913259912892e-04,1.313499338320341450e-03,-6.623823167756610723e-03,1.065381312289671563e-03,7.022743396170158525e-02,7.722276313595905460e-03,2.109120411910011539e-01,2.180826997398359335e-02,7.054039086315568854e-04,1.323563599446640369e-03,7.438617742414922740e-04,3.954864252865890328e-03,5.108840329800242580e-03,8.762680937437006615e-04
1.099999999999999936e-02,0.000000000000000000e+00,2.079506400273263816e-03,2.790825065778995348e-03,2.168181818181818231e-03,2.792727272727273981e-03,0.000000000000000000e+00,0.000000000000000000e+00,6.894100814988886935e-04,1.314006883960812909e-03,-6.227419654205253001e-03,1.015091280942977082e-03,7.038434190826614589e-02,5.422085548566948909e-03,2.110964102378341256e-01,1.477092965716181663e-02,7.061058844274729386e-04,1.325543300069527159e-03,2.061461389754792786e-03,3.963846017893586822e-03,5.108840329800242580e-03,8.762680937437006615e-04
1.149999999999999981e-02,0.000000000000000000e+00,2.075702160025459479e-03,2.791268989833726663e-03,2.168181818181817364e-03,2.792727272727273113e-03,0.000000000000000000e+00,0.000000000000000000e+00,6.864958643967685381e-04,1.314450808015544007e-03,-5.828434204240308218e-03,8.878481094622620636e-04,7.000592453892222344e-02,3.249658598010998680e-03,2.096403126788784210e-01,8.259236488313094482e-03,7.074657919387302004e-04,1.327491546644220645e-03,3.375570536402137597e-03,3.829327350799334884e-03,5.108840329800242580e-03,8.762680937437006615e-04
1.200000000000000025e-02,0.000000000000000000e+00,2.072145533513388913e-03,2.791613420568206643e-03,2.168181818181817364e-03,2.792727272727273113e-03,0.000000000000000000e+00,0.000000000000000000e+00,6.837713304209474489e-04,1.314795238750023987e-03,-5.449067951642263402e-03,6.888614689598068904e-04,7.283092721195183472e-02,1.799453039755101458e-03,2.210749437998802691e-01,4.421740700799705985e-03,6.940243782487958996e-04,1.325381600872402007e-03,1.472569745779070838e-03,2.748125981384717115e-03,6.333337161526937306e-03,1.189969182138039382e-03
1.250000000000000069e-02,0.000000000000000000e+00,2.068910255722958193e-03,2.791835069376319249e-03,2.168181818181817364e-03,2.792727272727273113e-03,0.000000000000000000e+00,0.000000000000000000e+00,6.812929638476417906e-04,1.315016887558136810e-03,-4.956733146611250543e-03,4.432976162256863041e-04,7.335342334262291708e-02,-6.071965211143620081e-04,2.208745501224483598e-01,-3.760812480069430919e-03,6.950946778634130210e-04,1.326657780038759896e-03,2.806004086313811964e-03,2.357299872458771661e-03,6.333337161526937306e-03,1.189969182138039382e-03
1.300000000000000114e-02,0.000000000000000000e+00,2.066007052375192204e-03,2.791894835749040779e-03,2.168181818181817364e-03,2.792727272727273113e-03,0.000000000000000000e+00,0.000000000000000000e+00,6.790689810558411766e-04,1.315076653930857906e-03,-4.447965583601243625e-03,1.195327454420196827e-04,7.214755554803173321e-02,-2.068078664163989101e-03,2.159334112276480311e-01,-7.477390286891607250e-03,6.968377481021219809e-04,1.327702145197923395e-03,4.163580031557799835e-03,1.821160328630209253e-03,6.333337161526937306e-03,1.189969182138039382e-03
1.349999999999999985e-02,0.000000000000000000e+00,2.063399860203606745e-03,2.791770009124857829e-03,2.168181818181817364e-03,2.792727272727273113e-03,0.000000000000000000e+00,0.000000000000000000e+00,6.770717559806549305e-04,1.314951827306675390e-03,-3.994450150372418594e-03,-2.496532483649416940e-04,7.057988576839216432e-02,-2.348432833997320113e-03,2.110421669618780804e-01,-7.430236538459961300e-03,6.992325133619048958e-04,1.328457197630949268e-03,5.412969207210512751e-03,1.200224235882026537e-03,6.333337161526937306e-03,1.189969182138039382e-03
1.400000000000000029e-02,0.000000000000000000e+00,2.061043241275706261e-03,2.791458031822422869e-03,2.168181818181817364e-03,2.792727272727273113e-03,0.000000000000000000e+00,0.000000000000000000e+00,6.752664811463874846e-04,1.314639850004240213e-03,-3.610549668534923391e-03,-6.239546048703353744e-04,7.339955009867128732e-02,-1.418601197348106193e-03,2.234729595441468097e-01,-3.692442054712390207e-03,6.895930937098700055e-04,1.329148694158664408e-03,4.171115764906153586e-03,6.154814976208126910e-04,7.166596338748194329e-03,1.173501194400241102e-03
1.450000000000000074e-02,0.000000000000000000e+00,2.059010616102975068e-03,2.790976764125745017e-03,2.168181818181817364e-03,2.792727272727273113e-03,0.000000000000000000e+00,0.000000000000000000e+00,6.737093999278730280e-04,1.314158582307562578e-03,-3.114162437028812191e-03,-9.625353933551284574e-04,7.197699609626587169e-02,-6.273154872356084474e-04,2.157247070237129360e-01,-1.515046865364578317e-03,6.919857853272201337e-04,1.329315034647283057e-03,5.397184177841039820e-03,5.096819043935972039e-05,7.166596338748194329e-03,1.173501194400241102e-03
1.499999999999999944e-02,0.000000000000000000e+00,2.057260071068581567e-03,2.790341546154049938e-03,2.168181818181817364e-03,2.792727272727273113e-03,0.000000000000000000e+00,0.000000000000000000e+00,6.723684046318464860e-04,1.313523364335867066e-03,-2.681990592053053266e-03,-1.270435943391074775e-03,7.048999267539315938e-02,6.606936790893184271e-05,2.113238298244584645e-01,4.096420685076919161e-04,6.949606215320565080e-04,1.329213067015174755e-03,6.499911149375163857e-03,-4.578487845328517263e-04,7.166596338748194329e-03,1.173501194400241102e-03
1.549999999999999989e-02,0.000000000000000000e+00,2.055748409270910602e-03,2.789565909469326598e-03,2.168181818181817364e-03,2.792727272727273113e-03,0.000000000000000000e+00,0.000000000000000000e+00,6.712104045118654026e-04,1.312747727651143942e-03,-2.316000239962178950e-03,-1.551273369446312667e-03,6.896631256828429646e-02,7.444552128061946361e-04,2.068110654160073003e-01,2.367801339106892413e-03,6.984550250823731970e-04,1.328868968751677811e-03,7.475679968263884700e-03,-9.176401957611907351e-04,7.166596338748194329e-03,1.173501194400241102e-03
1.600000000000000033e-02,0.000000000000000000e+00,2.054431919576609096e-03,2.788662991781247318e-03,2.168181818181817364e-03,2.792727272727273113e-03,0.000000000000000000e+00,0.000000000000000000e+00,6.702019148971225145e-04,1.311844809963064662e-03,-2.016979229485824782e-03,-1.805835376158453119e-03,7.062555312727880619e-02,3.403831946076903842e-03,2.146662365808093553e-01,1.204017057546959493e-02,6.860570126234233649e-04,1.321290264264934075e-03,5.519036630535502884e-03,-2.533335994337802474e-03,8.087501393796421231e-03,1.568753829412859345e-03
1.650000000000000078e-02,0.000000000000000000e+00,2.053353243654677113e-03,2.787679131854821704e-03,2.168181818181817364e-03,2.792727272727273113e-03,0.000000000000000000e+00,0.000000000000000000e+00,6.693756012012001995e-04,1.310860950036638831e-03,-1.652627391844591976e-03,-1.967719852851855696e-03,7.064149019284475528e-02,5.638610812759061938e-03,2.134463929298190676e-01,1.840035305502805973e-02,6.890335890485602827e-04,1.319952551526191358e-03,6.385477431751959351e-03,-2.816914835318457423e-03,8.087501393796421231e-03,1.568753829412859345e-03
1.700000000000000122e-02,0.000000000000000000e+00,2.052510168459711470e-03,2.786652992974031698e-03,2.168181818181817364e-03,2.792727272727273113e-03,0.000000000000000000e+00,0.000000000000000000e+00,6.687297681329651801e-04,1.309834811155849259e-03,-1.291666136469937689e-03,-2.052277761579144287e-03,6.999331773468987772e-02,7.663177909409452440e-03,2.110489430689630186e-01,2.432988584975831134e-02,6.924410053127721607e-04,1.318508737521973751e-03,7.242398154894920392e-03,-2.958013172026349551e-03,8.087501393796421231e-03,1.568753829412859345e-03
1.750000000000000167e-02,0.000000000000000000e+00,2.051882564075571073e-03,2.785619255851894821e-03,2.168181818181817364e-03,2.792727272727273113e-03,0.000000000000000000e+00,0.000000000000000000e+00,6.682489952820173679e-04,1.308801074033712382e-03,-9.615457018956214416e-04,-2.067474244273692554e-03,6.889989418967934487e-02,9.342990282023677651e-03,2.074778122455307738e-01,2.912083902492017609e-02,6.962618100199919387e-04,1.317026382205580557e-03,8.039132222535060740e-03,-2.971326273701464099e-03,8.087501393796421231e-03,1.568753829412859345e-03
1.800000000000000211e-02,0.000000000000000000e+00,2.051438498546727385e-03,2.784606396696367829e-03,2.168181818181817364e-03,2.792727272727273113e-03,0.000000000000000000e+00,0.000000000000000000e+00,6.679088213512660152e-04,1.307788214878185173e-03,-6.803478615027968180e-04,-2.025718311054215508e-03,6.845292179784495668e-02,1.185445276652490575e-02,2.067792860794584187e-01,3.745308763444482603e-02,6.958987062427630802e-04,1.309154086515819989e-03,8.016707425571334769e-03,-3.899920285463450050e-03,8.311840033416111051e-03,1.884165157854284693e-03
1.849999999999999908e-02,0.000000000000000000e+00,2.051163829929088939e-03,2.783656554612550134e-03,2.168181818181817364e-03,2.792727272727273113e-03,0.000000000000000000e+00,0.000000000000000000e+00,6.676984129830249373e-04,1.306838372794367261e-03,-4.208167364822112803e-04,-1.899684167635959809e-03,6.743874276690672853e-02,1.371521953926304292e-02,2.033180627487385650e-01,4.257368027354970635e-02,7.000666554016814419e-04,1.307257871009836342e-03,8.653697222219395788e-03,-3.685286037669043523e-03,8.311840033416111051e-03,1.884165157854284693e-03
1.899999999999999953e-02,0.000000000000000000e+00,2.051029259801471789e-03,2.782800420588517343e-03,2.168181818181817364e-03,2.792727272727273113e-03,0.000000000000000000e+00,0.000000000000000000e+00,6.675953262845539483e-04,1.305982238770334687e-03,-2.061733969420452388e-04,-1.712268048064975691e-03,6.614511931462734029e-02,1.529464210135789669e-02,1.992391803310236686e-01,4.717557964995297559e-02,7.045316271809664438e-04,1.305497422699960618e-03,9.204952834124221703e-03,-3.357076738790428644e-03,8.311840033416111051e-03,1.884165157854284693e-03
1.949999999999999997e-02,0.000000000000000000e+00,2.050998275877954653e-03,2.782063583191068772e-03,2.168181818181817364e-03,2.792727272727273113e-03,0.000000000000000000e+00,0.000000000000000000e+00,6.675715912221175368e-04,1.305245401372886116e-03,-4.747012487274436510e-05,-1.473674794897208724e-03,6.464343352431958789e-02,1.658252422045840280e-02,1.945701257024684827e-01,5.090081418139811437e-02,7.092456451078244222e-04,1.303924811811568414e-03,9.650078080204738118e-03,-2.934127055915568966e-03,8.311840033416111051e-03,1.884165157854284693e-03
2.000000000000000042e-02,0.000000000000000000e+00,2.051029165726605402e-03,2.781466413396122689e-03,2.168181818181817364e-03,2.792727272727273113e-03,1.000000000000000000e+00,0.000000000000000000e+00,6.675952542190253820e-04,1.304648231577939816e-03,4.732599381575187285e-05,-1.194339589892592013e-03,6.689253284861133853e-02,1.813793356167144044e-02,2.046218364084134989e-01,5.592617539875013866e-02,6.932048400707936349e-04,1.305881969002378393e-03,6.848144613052324636e-03,-1.943285650388621322e-03,9.234891583858430633e-03,1.738775145800238548e-03
2.050000000000000086e-02,0.000000000000000000e+00,2.051153467158311171e-03,2.781582835854966296e-03,2.168181818181817364e-03,2.792727272727273113e-03,1.000000000000000000e+00,0.000000000000000000e+00,6.676904746400554209e-04,1.304764654036783640e-03,1.904408420600732532e-04,2.328449176876709256e-04,6.628417703954235518e-02,1.868771579012512216e-02,2.003921275261857926e-01,5.716320381182767030e-02,6.967288162131762309e-04,1.305061648785227086e-03,7.246854089047804343e-03,-1.339135054029820526e-03,9.234891583858430633e-03,1.738775145800238548e-03
2.100000000000000130e-02,0.000000000000000000e+00,2.051133426574100818e-03,2.781631594305093540e-03,2.168181818181817364e-03,2.792727272727273113e-03,1.000000000000000000e+00,0.000000000000000000e+00,6.676751226618838578e-04,1.304813412486910667e-03,-3.070395634320930269e-05,9.751690025422413339e-05,6.482646181370638194e-02,1.761989891620091217e-02,1.951684352996121419e-01,5.250609816330296248e-02,7.004391608679755906e-04,1.304550253503254219e-03,7.593712107200823597e-03,-7.076505569171861847e-04,9.234891583858430633e-03,1.738775145800238548e-03
2.150000000000000175e-02,0.000000000000000000e+00,2.051224254008328189e-03,2.781720857131769753e-03,2.168181818181817364e-03,2.792727272727273113e-03,1.000000000000000000e+00,0.000000000000000000e+00,6.677447005131566596e-04,1.304902675313586880e-03,1.391557025455563356e-04,1.785256533525755353e-04,6.331853751416387233e-02,1.647748662023054700e-02,1.906193552417225212e-01,4.900529734473514643e-02,7.042938526154466023e-04,1.304336172102278299e-03,7.824462020809034093e-03,-1.497481645398900715e-04,9.234891583858430633e-03,1.738775145800238548e-03
2.199999999999999872e-02,0.000000000000000000e+00,2.051149493055775402e-03,2.781751452623626789e-03,2.168181818181817364e-03,2.792727272727273547e-03,1.000000000000000000e+00,0.000000000000000000e+00,6.676874303008915228e-04,1.304933270805444349e-03,-1.145404245303392927e-04,6.119098371473831791e-05,6.576147406519620986e-02,1.516803072149131015e-02,2.013003622443322871e-01,4.485972400958907619e-02,6.863959623720441603e-04,1.311086623669860916e-03,4.844615260375500707e-03,1.280049471086302246e-03,1.011990331191608972e-02,1.467050878299589215e-03
2.249999999999999917e-02,0.000000000000000000e+00,2.051330774918897360e-03,2.781822104283176045e-03,2.168181818181817364e-03,2.792727272727273113e-03,1.000000000000000000e+00,0.000000000000000000e+00,6.678263002647742523e-04,1.305003922464993390e-03,2.777399277653936358e-04,1.413033190979394904e-04,6.728526476658323874e-02,1.386003071359778044e-02,2.052778241021425976e-01,4.092184454702307850e-02,6.888707239807537750e-04,1.311831915897947827e-03,5.053931998317634511e-03,1.700276880711394135e-03,1.011990331191608972e-02,1.467050878299589215e-03
2.299999999999999961e-02,0.000000000000000000e+00,2.051282761675152395e-03,2.781836965053794894e-03,2.168181818181817364e-03,2.792727272727273113e-03,1.000000000000000000e+00,0.000000000000000000e+00,6.677895199862073170e-04,1.305018783235612238e-03,-7.356055713376844808e-05,2.972154123751247223e-05,6.865403062347107122e-02,1.220842142677260739e-02,2.091629807480011871e-01,3.559055123447416036e-02,6.914785239170577772e-04,1.312765697304088628e-03,5.376543978385757080e-03,2.034166381950919689e-03,1.011990331191608972e-02,1.467050878299589215e-03
2.350000000000000006e-02,0.000000000000000000e+00,2.051511455165320151e-03,2.781876209221752303e-03,2.168181818181817364e-03,2.792727272727273113e-03,1.000000000000000000e+00,0.000000000000000000e+00,6.679647093635278279e-04,1.305058027403569647e-03,3.503787546409515468e-04,7.848833591468632365e-05,6.955023180699160257e-02,1.017234721203331103e-02,2.116317783754078363e-01,2.910772509434844321e-02,6.942727097976504613e-04,1.313839690151219399e-03,5.799274702949347264e-03,2.261324190664702229e-03,1.011990331191608972e-02,1.467050878299589215e-03
2.400000000000000050e-02,0.000000000000000000e+00,2.051492832714393779e-03,2.781862992373385687e-03,2.168181818181817364e-03,2.792727272727273113e-03,1.000000000000000000e+00,1.000000000000000000e+00,6.679504437384781992e-04,1.305044810555203031e-03,-2.853125009935419216e-05,-2.643369673315306030e-05,7.199549640920013815e-02,9.815440187646512840e-03,2.202232323453356677e-01,2.942814856784262134e-02,6.829030278057271258e-04,1.309823943199358133e-03,4.327158802401512641e-03,1.655634057422476942e-03,1.067096401633612149e-02,1.665055566252877190e-03
2.450000000000000094e-02,0.000000000000000000e+00,2.051775781702247243e-03,2.781896659201401646e-03,2.168181835245253965e-03,2.792727272539357892e-03,1.000000000000000000e+00,1.000000000000000000e+00,6.681671952383096786e-04,1.305078477383218773e-03,4.335029996629023133e-04,6.733365603156738150e-05,7.386157542155841194e-02,8.874492960560313032e-03,2.255538243132572396e-01,2.610673507146820532e-02,6.852199807879311632e-04,1.310665517099054685e-03,4.939379091937290064e-03,1.710523362925310932e-03,1.067096401633612149e-02,1.665055566252877190e-03
2.500000000000000139e-02,0.000000000000000000e+00,2.051857073678995010e-03,2.781870828798125705e-03,2.168181953936649219e-03,2.792727271306535020e-03,1.000000000000000000e+00,1.000000000000000000e+00,6.682294685053674242e-04,1.305052646979943049e-03,1.245465341155305682e-04,-5.166080655127618256e-05,7.536689556871534190e-02,7.142516070200117216e-03,2.296927668118109167e-01,2.014775130849235860e-02,6.878768052561774109e-04,1.311519680952194511e-03,5.686370717436315704e-03,1.706108326483053066e-03,1.067096401633612149e-02,1.665055566252877190e-03
2.550000000000000183e-02,0.000000000000000000e+00,2.052110628848459635e-03,2.781873947962113132e-03,2.168182273822280657e-03,2.792727268210003742e-03,1.000000000000000000e+00,1.000000000000000000e+00,6.684237030339598446e-04,1.305055766143930476e-03,3.884690571847679991e-04,6.238327974654471117e-06,7.402961904315971675e-02,5.801007667524638381e-03,2.233117712413832667e-01,1.643373877218247750e-02,6.909335801261320487e-04,1.312344640211713298e-03,6.538960935623998327e-03,1.593914965144326967e-03,1.067096401633612149e-02,1.665055566252877190e-03
2.600000000000000228e-02,0.000000000000000000e+00,2.052200817555922818e-03,2.781820859342049295e-03,2.168182892235717002e-03,2.792727262675590537e-03,1.000000000000000000e+00,1.000000000000000000e+00,6.684927915921440702e-04,1.305002677523866639e-03,1.381771163683480786e-04,-1.061772401276727881e-04,7.581099141427805055e-02,7.709475302042440026e-03,2.312790708765216086e-01,2.495692873598755537e-02,6.849534764901209867e-04,1.308257323188072177e-03,6.029847991658864037e-03,7.593049897061583155e-04,1.102086674889483919e-02,1.844386571820165162e-03
2.649999999999999925e-02,0.000000000000000000e+00,2.052458718638990390e-03,2.781864314353624940e-03,2.168183904295867964e-03,2.792727254371525636e-03,1.000000000000000000e+00,1.000000000000000000e+00,6.686903552837025191e-04,1.305046132535442284e-03,3.951273831167947449e-04,8.691002315131438169e-05,7.484462357565699331e-02,9.476669262771275290e-03,2.261003263909145689e-01,3.024905540175012661e-02,6.881769810357197615e-04,1.308614150291178418e-03,6.862434829449708291e-03,6.681665631062959528e-04,1.102086674889483919e-02,1.844386571820165162e-03
2.699999999999999969e-02,0.000000000000000000e+00,2.052573268895905786e-03,2.781838442003632932e-03,2.168185402925020596e-03,2.792727243206207834e-03,1.000000000000000000e+00,1.000000000000000000e+00,6.687781058714700917e-04,1.305020260185450276e-03,1.755011755352428073e-04,-5.174469998380537322e-05,7.321730767877740464e-02,9.827460165801667202e-03,2.205241448108655744e-01,3.006108289783109705e-02,6.917957057435649738e-04,1.308953162695591661e-03,7.610876776746450072e-03,6.878321314115150081e-04,1.102086674889483919e-02,1.844386571820165162e-03
2.750000000000000014e-02,0.000000000000000000e+00,2.052733825221921774e-03,2.781885713205417901e-03,2.168187478866888222e-03,2.792727229325970596e-03,1.000000000000000000e+00,1.000000000000000000e+00,6.689010991528223033e-04,1.305067531387235462e-03,2.459865627044837701e-04,9.454240357018026185e-05,7.150566880774544831e-02,9.866219435430161402e-03,2.152919522052389734e-01,2.995619402042814378e-02,6.957551660503662151e-04,1.309307392369323236e-03,8.225623448409387362e-03,7.289934068984769804e-04,1.102086674889483919e-02,1.844386571820165162e-03
2.800000000000000058e-02,0.000000000000000000e+00,2.052809854238952202e-03,2.781853626974164356e-03,2.168190220704657202e-03,2.792727213112859881e-03,1.000000000000000000e+00,1.000000000000000000e+00,6.689593407588345642e-04,1.305035445155981700e-03,1.164832120244773100e-04,-6.417246250757299296e-05,6.988735327990969193e-02,9.488428386619833510e-03,2.104202490544523907e-01,2.840811373620754851e-02,6.971565822780202790e-04,1.310413605859212915e-03,8.332817357782582382e-03,8.672623450029818496e-04,1.112453825565088393e-02,1.817616559550671185e-03
2.850000000000000103e-02,0.000000000000000000e+00,2.052921661873703934e-03,2.781903749935399871e-03,2.168193714879023716e-03,2.792727195182392874e-03,1.000000000000000000e+00,1.000000000000000000e+00,6.690449903761342245e-04,1.305085568117217432e-03,1.712992345993593355e-04,1.002459224714381304e-04,6.811298589815445448e-02,9.188974977760470605e-03,2.049309644643132755e-01,2.761714160566742030e-02,7.014072070473995448e-04,1.310852638178785796e-03,8.668869820262034565e-03,8.888085856133862801e-04,1.112453825565088393e-02,1.817616559550671185e-03
2.900000000000000147e-02,0.000000000000000000e+00,2.052949400731234747e-03,2.781853433427952747e-03,2.168198045706241396e-03,2.792727176381333640e-03,1.000000000000000000e+00,1.000000000000000000e+00,6.690662395738039992e-04,1.305035251609770091e-03,4.249839533961412568e-05,-1.006330148946975463e-04,6.631219644895483545e-02,8.953285223510555613e-03,1.994044031229616210e-01,2.689695978282014358e-02,7.057907240986499402e-04,1.311297694644569627e-03,8.864653302699775084e-03,8.913954452326732251e-04,1.112453825565088393e-02,1.817616559550671185e-03
2.950000000000000192e-02,0.000000000000000000e+00,2.053022068653063970e-03,2.781917185986767724e-03,2.168203295396167220e-03,2.792727157785463137e-03,1.000000000000000000e+00,1.000000000000000000e+00,6.691219064315143258e-04,1.305099004168585068e-03,1.113337154207242485e-04,1.275051176299620654e-04,6.445014456974226813e-02,8.705816301904274052e-03,1.937355349934729853e-01,2.620575426111116865e-02,7.102368938710401690e-04,1.311740342913756893e-03,8.919750984448688094e-03,8.792045293784390547e-04,1.112453825565088393e-02,1.817616559550671185e-03
2.999999999999999889e-02,0.000000000000000000e+00,2.052993401817908726e-03,2.781841399587913280e-03,2.168209544070300466e-03,2.792727140697340120e-03,1.000000000000000000e+00,1.000000000000000000e+00,6.690999463617419403e-04,1.305023217769730841e-03,-4.392013954468034886e-05,-1.515727977085812566e-04,6.694436214033346044e-02,8.666325713223670124e-03,2.049543959029306028e-01,2.617962454831671698e-02,6.943800935373193586e-04,1.311861164859304697e-03,6.204274264787048264e-03,8.113064634909343542e-04,1.186791421080144251e-02,1.829040865573272438e-03
3.049999999999999933e-02,0.000000000000000000e+00,2.053150484467200845e-03,2.781928449578563965e-03,2.168216869779829477e-03,2.792727126644076793e-03,1.000000000000000000e+00,1.000000000000000000e+00,6.692202786523426209e-04,1.305110267760381309e-03,2.406645812013819691e-04,1.740999813007777113e-04,6.882649210096955517e-02,8.526603883576514692e-03,2.102399372816330658e-01,2.576874738068259119e-02,6.974896233783257687e-04,1.312259088874275642e-03,6.233670618215340214e-03,7.804343882660839862e-04,1.186791421080144251e-02,1.829040865573272438e-03
3.099999999999999978e-02,0.000000000000000000e+00,2.053164817384141392e-03,2.781835439138887443e-03,2.168225348523678854e-03,2.792727117375110556e-03,1.000000000000000000e+00,1.000000000000000000e+00,6.692312583037186412e-04,1.305017257320704787e-03,2.195930275195094811e-05,-1.860208793531903187e-04,7.079266671382984655e-02,8.344540019508501702e-03,2.161883431070907580e-01,2.507253419267646208e-02,7.006495679850162448e-04,1.312639469021248265e-03,6.405655088334078449e-03,7.411479614000412259e-04,1.186791421080144251e-02,1.829040865573272438e-03
3.150000000000000022e-02,0.000000000000000000e+00,2.053375510682289937e-03,2.781934764464543113e-03,2.168235054266544511e-03,2.792727114859961876e-03,1.000000000000000000e+00,1.000000000000000000e+00,6.693926587339676460e-04,1.305116582646360457e-03,3.228008604979435022e-04,1.986506513113011469e-04,6.976343647857238817e-02,8.176074113917856240e-03,2.106239293883650499e-01,2.468949545190815900e-02,7.039324108742362135e-04,1.312997464421764926e-03,6.724973572451853690e-03,6.909174578613543928e-04,1.186791421080144251e-02,1.829040865573272438e-03
3.200000000000000067e-02,0.000000000000000000e+00,2.053385399340195913e-03,2.781835076578201109e-03,2.168246058956948673e-03,2.792727121286016877e-03,1.000000000000000000e+00,1.000000000000000000e+00,6.694002338854062760e-04,1.305016894760018236e-03,1.515030287735596960e-05,-1.993757726845207042e-04,7.209253334285846415e-02,7.705920254779998965e-03,2.204342342361516882e-01,2.288756483108086645e-02,6.954907158271426753e-04,1.315037034922808806e-03,5.427473450913402470e-03,8.517017136129522142e-04,1.230517505386072991e-02,1.766043750052061602e-03
3.250000000000000111e-02,0.000000000000000000e+00,2.053636368145300012e-03,2.781930029952822941e-03,2.168258432545271466e-03,2.792727139056282604e-03,1.000000000000000000e+00,1.000000000000000000e+00,6.695924871439526676e-04,1.305111848134640285e-03,3.845065170926899637e-04,1.899067492441051204e-04,7.399510324922303761e-02,7.026816519836089070e-03,2.259714519172170144e-01,2.076870134391252745e-02,6.982966210718930759e-04,1.315442189526147814e-03,5.795328592361273512e-03,7.690615442851242694e-04,1.230517505386072991e-02,1.766043750052061602e-03
3.300000000000000155e-02,0.000000000000000000e+00,2.053743124284619290e-03,2.781822105585025733e-03,2.168272243001808514e-03,2.792727170787169186e-03,1.000000000000000000e+00,1.000000000000000000e+00,6.696742670912468913e-04,1.305003923766842860e-03,1.635598945885241595e-04,-2.158487355946781981e-04,7.283350701061835908e-02,6.810800918473599794e-03,2.197543808457285974e-01,2.038734182405802300e-02,7.013215950692026565e-04,1.315795669645742749e-03,6.303468312638635905e-03,6.450858392005019443e-04,1.230517505386072991e-02,1.766043750052061602e-03
3.350000000000000200e-02,0.000000000000000000e+00,2.053912962196854063e-03,2.781902317588676871e-03,2.168287556334802958e-03,2.792727219306248565e-03,1.000000000000000000e+00,1.000000000000000000e+00,6.698043704801455575e-04,1.305084135770494215e-03,2.602067777972284475e-04,1.604240073028695662e-04,7.107047662374053887e-02,6.997458178423865763e-03,2.139347057800682350e-01,2.140993563842420386e-02,7.045767875837320076e-04,1.316084139406087069e-03,6.716378514736370126e-03,5.090459443168293381e-04,1.230517505386072991e-02,1.766043750052061602e-03
3.400000000000000244e-02,0.000000000000000000e+00,2.053976784466574491e-03,2.781791481777835546e-03,2.168304436608493087e-03,2.792727287650027118e-03,1.000000000000000000e+00,1.000000000000000000e+00,6.698532611752120846e-04,1.304973299959652890e-03,9.778139013303261415e-05,-2.216716216825163920e-04,7.263735155557719814e-02,9.190246933152779879e-03,2.214649010519297301e-01,2.965161098990624564e-02,6.979240348297687836e-04,1.308292610146305837e-03,5.683990277659405760e-03,-6.518191103659324182e-04,1.267942629402069726e-02,2.063655449021475994e-03
3.450000000000000289e-02,0.000000000000000000e+00,2.054184191359241084e-03,2.781918765776927524e-03,2.168322945961162138e-03,2.792727379061717835e-03,1.000000000000000000e+00,1.000000000000000000e+00,6.700121440728037036e-04,1.305100583958744651e-03,3.177657951833236108e-04,2.545679981835083741e-04,7.331353740556063869e-02,1.135838507525109564e-02,2.228347199363352460e-01,3.634339769233094902e-02,7.008541837016190159e-04,1.307963087121186878e-03,6.035812650068139718e-03,-6.662326040403249204e-04,1.267942629402069726e-02,2.063655449021475994e-03
3.500000000000000333e-02,0.000000000000000000e+00,2.054301521647010006e-03,2.781852897220520558e-03,2.168343144623173773e-03,2.792727496989004694e-03,1.000000000000000000e+00,1.000000000000000000e+00,6.701020242877586556e-04,1.305034715402337902e-03,1.797604299097996000e-04,-1.317371128136409050e-04,7.276946459519567645e-02,1.359263036588040201e-02,2.200934764347929895e-01,4.305329727002995405e-02,7.039719817424915137e-04,1.307660169218091348e-03,6.434489059821625785e-03,-5.456612266830031168e-04,1.267942629402069726e-02,2.063655449021475994e-03
3.550000000000000377e-02,0.000000000000000000e+00,2.054451575765140967e-03,2.782006853542653285e-03,2.168365090935020154e-03,2.792727645081813544e-03,1.000000000000000000e+00,1.000000000000000000e+00,6.702169724111202214e-04,1.305188671724470412e-03,2.298962467231643555e-04,3.079126442650922057e-04,7.106252352751604717e-02,1.430518205344970956e-02,2.139472842232223726e-01,4.404567547090514762e-02,7.072773835861875238e-04,1.307451984310412313e-03,6.786311573947792671e-03,-2.875707127600386119e-04,1.267942629402069726e-02,2.063655449021475994e-03
3.600000000000000422e-02,0.000000000000000000e+00,2.054552100864123331e-03,2.781962387462201015e-03,2.168388841365366092e-03,2.792727827190081245e-03,1.000000000000000000e+00,1.000000000000000000e+00,6.702939791045894793e-04,1.305144205644018143e-03,1.540133869385488467e-04,-8.893216090443019622e-05,7.364465566924374706e-02,1.433100165208799244e-02,2.254045046149737996e-01,4.341820324956609939e-02,6.908359711158530920e-04,1.307398785594267136e-03,4.422009564649933763e-03,1.387417151757833460e-05,1.342219792605920010e-02,2.063073347893023754e-03
3.649999999999999772e-02,0.000000000000000000e+00,2.054739632090104521e-03,2.782107098093086414e-03,2.168414450529090182e-03,2.792728047361521353e-03,1.000000000000000000e+00,1.000000000000000000e+00,6.704376363581636107e-04,1.305288916274903975e-03,2.873145071483385092e-04,2.894212617716167995e-04,7.560761750439007334e-02,1.403876830959355053e-02,2.308729953086107178e-01,4.237512990051171130e-02,6.931315653796438605e-04,1.307480272909005694e-03,4.759626441165695429e-03,3.114952221136670432e-04,1.342219792605920010e-02,2.063073347893023754e-03
3.699999999999999817e-02,0.000000000000000000e+00,2.054936005033466961e-03,2.782071530177289767e-03,2.168441971205331120e-03,2.792728309839399327e-03,1.000000000000000000e+00,1.000000000000000000e+00,6.705880667602055019e-04,1.305253348359107111e-03,3.008608040837826465e-04,-7.113583159368226444e-05,7.748494658243935962e-02,1.321067000358944546e-02,2.364932087907594405e-01,3.930000008103522874e-02,6.956323803380821654e-04,1.307705152324373970e-03,5.242602882796500684e-03,5.874790877448137112e-04,1.342219792605920010e-02,2.063073347893023754e-03
3.749999999999999861e-02,0.000000000000000000e+00,2.055147023220666933e-03,2.782181468891086439e-03,2.168471454355533172e-03,2.792728619060298213e-03,1.000000000000000000e+00,1.000000000000000000e+00,6.707497160699071436e-04,1.305363287072903783e-03,3.232986194032465960e-04,2.198774275933593160e-04,7.742381208471840748e-02,1.094945143866411091e-02,2.346614764055769686e-01,3.131271912250915834e-02,6.984090249963456924e-04,1.308054318204486966e-03,5.862669138334119373e-03,8.087424319052392103e-04,1.342219792605920010e-02,2.063073347893023754e-03
3.799999999999999906e-02,0.000000000000000000e+00,2.055366865443543530e-03,2.782120857915473811e-03,2.168502949141484695e-03,2.792728979651884318e-03,1.000000000000000000e+00,1.000000000000000000e+00,6.709181249831043265e-04,1.305302676097290938e-03,3.368178263943968670e-04,-1.212219512256069867e-04,7.937928686287823443e-02,9.609889592438884340e-03,2.423130619661351126e-01,2.793794093434989051e-02,6.945781057134518301e-04,1.309997127062776994e-03,5.571548138009061596e-03,1.084241148822751976e-03,1.368128994515589551e-02,2.006159634411832076e-03
3.849999999999999950e-02,0.000000000000000000e+00,2.055620835727796185e-03,2.782191007749396441e-03,2.168536502943369231e-03,2.792729396430684592e-03,1.000000000000000000e+00,1.000000000000000000e+00,6.711126775080738073e-04,1.305372825931214002e-03,3.891050499389271753e-04,1.402996678463376730e-04,7.780853811992047286e-02,8.806908484288215877e-03,2.345628251821083587e-01,2.604169664330040213e-02,6.975451596708367097e-04,1.310539108147226522e-03,6.295153226948940056e-03,1.083663825983377082e-03,1.368128994515589551e-02,2.006159634411832076e-03
3.899999999999999994e-02,0.000000000000000000e+00,2.055821866757178828e-03,2.782131813887834485e-03,2.168572161377801434e-03,2.792729874399844936e-03,1.000000000000000000e+00,1.000000000000000000e+00,6.712666762110266333e-04,1.305313632069651829e-03,3.079974059057446296e-04,-1.183877231242639358e-04,7.610928533991161149e-02,8.630100201763780954e-03,2.292744073766506407e-01,2.596262890914090987e-02,7.008417210509099594e-04,1.311068271643373029e-03,6.889815266464182839e-03,1.033068214811092142e-03,1.368128994515589551e-02,2.006159634411832076e-03
3.950000000000000039e-02,0.000000000000000000e+00,2.055996906018929191e-03,2.782186559584831458e-03,2.168609968315876862e-03,2.792730418746905852e-03,1.000000000000000000e+00,1.000000000000000000e+00,6.714007640648180907e-04,1.305368377766649018e-03,2.681757075828788452e-04,1.094913939944783178e-04,7.436278439777317673e-02,8.509821659966793767e-03,2.239274547429229711e-01,2.571504486678397039e-02,7.044012179201323588e-04,1.311569502067946522e-03,7.347151382948993378e-03,9.719529821957720826e-04,1.368128994515589551e-02,2.006159634411832076e-03
4.000000000000000083e-02,0.000000000000000000e+00,2.056140260761268185e-03,2.782125551767085456e-03,2.168649965901213970e-03,2.792731034841573756e-03,1.000000000000000000e+00,1.000000000000000000e+00,6.715105801685818500e-04,1.305307369948902800e-03,2.196322075275775477e-04,-1.220156354923311517e-04,7.695018486906959887e-02,9.368421342594803261e-03,2.354490127807566391e-01,2.908253648924105997e-02,6.866564604840459749e-04,1.307520365829971734e-03,4.869195047740963733e-03,3.163656840286245791e-04,1.448781387115568968e-02,2.175661126371174984e-03
4.050000000000000128e-02,0.000000000000000000e+00,2.056378830106506302e-03,2.782200926811400493e-03,2.168692194567996973e-03,2.792731728233482317e-03,1.000000000000000000e+00,1.000000000000000000e+00,6.716933348897998184e-04,1.305382744993217620e-03,3.655094424359471724e-04,1.507500886296502549e-04,7.883514202014606231e-02,1.017380142580013094e-02,2.406147114291755928e-01,3.155952248370125918e-02,6.891991992082912872e-04,1.307670885533894403e-03,5.300827259593878654e-03,2.857667437812642409e-04,1.448781387115568968e-02,2.175661126371174984e-03
4.100000000000000172e-02,0.000000000000000000e+00,2.056613906557443368e-03,2.782158222363707162e-03,2.168736693059023467e-03,2.792732504649968108e-03,1.000000000000000000e+00,1.000000000000000000e+00,6.718734138987481974e-04,1.305340040545524723e-03,3.601580178966843140e-04,-8.540889538560239233e-05,8.056650600841427923e-02,1.151867802809380947e-02,2.457276496615392603e-01,3.602394997698242507e-02,6.919923881253915244e-04,1.307818723507600924e-03,5.870718410387257627e-03,3.055412414186549179e-04,1.448781387115568968e-02,2.175661126371174984e-03
4.150000000000000216e-02,0.000000000000000000e+00,2.056889822821205815e-03,2.782243059135504869e-03,2.168783498443742960e-03,2.792733369993836284e-03,1.000000000000000000e+00,1.000000000000000000e+00,6.720847780193698337e-04,1.305424877317322430e-03,4.227282412432176585e-04,1.696735435953790100e-04,7.906321112177075450e-02,1.243930456121424000e-02,2.384344965525772575e-01,3.852807519017095728e-02,6.951018049148069509e-04,1.307997318617726799e-03,6.565484791757950772e-03,4.086326599777270643e-04,1.448781387115568968e-02,2.175661126371174984e-03
4.200000000000000261e-02,0.000000000000000000e+00,2.057123666186171443e-03,2.782237992619710724e-03,2.168832646136303194e-03,2.792734330341126257e-03,1.000000000000000000e+00,1.000000000000000000e+00,6.722639124296619743e-04,1.305419810801528068e-03,3.582688205842284078e-04,-1.013303158868772641e-05,8.067586693139666698e-02,1.434521848145265538e-02,2.459569784155131722e-01,4.508996456195445146e-02,6.931594266816663939e-04,1.305745193765047059e-03,6.438689212550668950e-03,2.430912952945995034e-04,1.468918313973091930e-02,2.269299788655063793e-03
4.250000000000000305e-02,0.000000000000000000e+00,2.057399539229049119e-03,2.782336130999896531e-03,2.168884169913597778e-03,2.792735391938893849e-03,1.000000000000000000e+00,1.000000000000000000e+00,6.724752434411647569e-04,1.305517949181714092e-03,4.226620230056297089e-04,1.962767603720011781e-04,7.903658411127674477e-02,1.383479521787753241e-02,2.382377047281003801e-01,4.154279030975244202e-02,6.965459145646963474e-04,1.305933473758914267e-03,7.105841409289359242e-03,5.095052580271918928e-04,1.468918313973091930e-02,2.269299788655063793e-03
4.300000000000000350e-02,0.000000000000000000e+00,2.057637090666770713e-03,2.782345709159154447e-03,2.168938101933302106e-03,2.792736561202960495e-03,1.000000000000000000e+00,1.000000000000000000e+00,6.726572183999861461e-04,1.305527527340971791e-03,3.639499176426804514e-04,1.915631851550584491e-05,7.737379033079710977e-02,1.333326815686481162e-02,2.331576650799719597e-01,3.997743574770760977e-02,7.002325136907560157e-04,1.306246230379362345e-03,7.639381781300493696e-03,7.410606530282800881e-04,1.468918313973091930e-02,2.269299788655063793e-03
4.350000000000000394e-02,0.000000000000000000e+00,2.057822495017535593e-03,2.782413271462674462e-03,2.168994472751925758e-03,2.792737844715701030e-03,1.000000000000000000e+00,1.000000000000000000e+00,6.727992463726197546e-04,1.305595089644491589e-03,2.840559452672037212e-04,1.351246070397979341e-04,7.567760397541323236e-02,1.278812178039814319e-02,2.279601800813263190e-01,3.832331826587125762e-02,7.041523399414093215e-04,1.306666267069729994e-03,8.039000632079074116e-03,9.386872371283205667e-04,1.468918313973091930e-02,2.269299788655063793e-03
4.399999999999999745e-02,0.000000000000000000e+00,2.057996798763062941e-03,2.782413383018818558e-03,2.169053311342849285e-03,2.792739249223798528e-03,1.000000000000000000e+00,1.000000000000000000e+00,6.729327707882959289e-04,1.305595201200635902e-03,2.670488313522755767e-04,2.231122886729762847e-07,7.779242646550584006e-02,1.160029139988340285e-02,2.376151122595500931e-01,3.413494643822448382e-02,6.952021769787469947e-04,1.308307625695619755e-03,6.609411796726055721e-03,1.247113199996938496e-03,1.517784276186167312e-02,2.226881562835823086e-03
4.449999999999999789e-02,0.000000000000000000e+00,2.058228023947191072e-03,2.782460475935145949e-03,2.169114645114374011e-03,2.792740781636024287e-03,1.000000000000000000e+00,1.000000000000000000e+00,6.731098995557062599e-04,1.305642294116963293e-03,3.542575348207386600e-04,9.418583265486715468e-05,7.803673595704060939e-02,9.302690502465595784e-03,2.367908257447427500e-01,2.625413602396778345e-02,6.986006091246080253e-04,1.308953660262395608e-03,6.983463450231822828e-03,1.336826789208013771e-03,1.517784276186167312e-02,2.226881562835823086e-03
4.499999999999999833e-02,0.000000000000000000e+00,2.058437795350433717e-03,2.782425787772715813e-03,2.169178499927759685e-03,2.792742449020996134e-03,1.000000000000000000e+00,1.000000000000000000e+00,6.732705937734854680e-04,1.305607605954532940e-03,3.213884355584496386e-04,-6.937632486053890875e-05,7.628477936311411911e-02,8.995583219886131576e-03,2.297661133773211684e-01,2.697356619131282413e-02,7.021894585908331496e-04,1.309608487780044087e-03,7.371047656265159766e-03,1.282563696199454225e-03,1.517784276186167312e-02,2.226881562835823086e-03
4.549999999999999878e-02,0.000000000000000000e+00,2.058608431559519423e-03,2.782462908885935567e-03,2.169244900115275577e-03,2.792744258604957976e-03,1.000000000000000000e+00,1.000000000000000000e+00,6.734013086932505530e-04,1.305644727067753127e-03,2.614298395301730619e-04,7.424222644028997899e-05,7.448143268692841712e-02,8.858319530488613022e-03,2.242359383643581783e-01,2.674588214704417752e-02,7.059372822621893303e-04,1.310231523680463169e-03,7.619623659165082608e-03,1.209697574155062932e-03,1.517784276186167312e-02,2.226881562835823086e-03
4.599999999999999922e-02,0.000000000000000000e+00,2.058755180566031531e-03,2.782424960787956494e-03,2.169313868498238575e-03,2.792746217769540712e-03,1.000000000000000000e+00,1.000000000000000000e+00,6.735137249542225623e-04,1.305606778969774055e-03,2.248325219439444500e-04,-7.589619595807255614e-05,7.618639875743350720e-02,1.085832742593112812e-02,2.323833640248893773e-01,3.458521103346679643e-02,6.987839448892352355e-04,1.303182943286595053e-03,6.299413343956018416e-03,1.375702609868772368e-04,1.558952486652236298e-02,2.512818669762047034e-03
4.649999999999999967e-02,0.000000000000000000e+00,2.058966707988555984e-03,2.782501188555014209e-03,2.169385426405059936e-03,2.792748334049534840e-03,1.000000000000000000e+00,1.000000000000000000e+00,6.736757643608145413e-04,1.305683006736831336e-03,3.240788131839915484e-04,1.524555341146789341e-04,7.718894097245207475e-02,1.285959648117879044e-02,2.348581239603248216e-01,4.071887789486751397e-02,7.019824749400255422e-04,1.303255819077617055e-03,6.494208474048922958e-03,1.538985051433494275e-04,1.558952486652236298e-02,2.512818669762047034e-03
4.700000000000000011e-02,0.000000000000000000e+00,2.059168974102800267e-03,2.782498666897611356e-03,2.169459593689285985e-03,2.792750615130658743e-03,1.000000000000000000e+00,1.000000000000000000e+00,6.738307091936627169e-04,1.305680485079428700e-03,3.098896656963796804e-04,-5.043314805112762830e-06,7.693346952829258067e-02,1.520047560547896012e-02,2.330048838269683509e-01,4.805423843941044465e-02,7.052968199857058591e-04,1.303367961178943666e-03,6.762526460415673075e-03,2.943933849215360499e-04,1.558952486652236298e-02,2.512818669762047034e-03
4.750000000000000056e-02,0.000000000000000000e+00,2.059358956247432648e-03,2.782608978198213186e-03,2.169536388747649643e-03,2.792753068847329562e-03,1.000000000000000000e+00,1.000000000000000000e+00,6.739762439598501100e-04,1.305790796380030313e-03,2.910695323747625749e-04,2.206226012033540168e-04,7.513998072177063836e-02,1.495085762663498491e-02,2.262507110950863487e-01,4.515442781992558968e-02,7.087394739492175509e-04,1.303586376677490655e-03,7.007484567645052079e-03,5.787093544140056896e-04,1.558952486652236298e-02,2.512818669762047034e-03
4.800000000000000100e-02,0.000000000000000000e+00,2.059527934488170238e-03,2.782611085282418219e-03,2.169615828538103749e-03,2.792755703180427145e-03,1.000000000000000000e+00,1.000000000000000000e+00,6.741056888021751663e-04,1.305792903464235563e-03,2.588896846500287762e-04,4.214168410644557978e-06,7.750328950494084213e-02,1.442965960736039381e-02,2.369481339653852214e-01,4.327821120919060627e-02,6.967381746464420796e-04,1.305799510404617508e-03,5.095730955600662540e-03,1.085267870547181653e-03,1.617106791465158094e-02,2.443275569051196749e-03
4.850000000000000144e-02,0.000000000000000000e+00,2.059755068388568599e-03,2.782703642249599943e-03,2.169697928597872152e-03,2.792758526255066653e-03,1.000000000000000000e+00,1.000000000000000000e+00,6.742796834644192421e-04,1.305885460431417504e-03,3.479893244881771507e-04,1.851139343638447739e-04,7.930224882221229010e-02,1.355622235281773308e-02,2.419501554339739402e-01,4.038546333062076332e-02,6.993425989234140511e-04,1.306401446173871290e-03,5.321430326763151517e-03,1.321993687241012835e-03,1.617106791465158094e-02,2.443275569051196749e-03
4.900000000000000189e-02,0.000000000000000000e+00,2.060011949316424562e-03,2.782702606550540442e-03,2.169782703061493446e-03,2.792761546338370319e-03,1.000000000000000000e+00,1.000000000000000000e+00,6.744764656717467397e-04,1.305884424732357786e-03,3.935644146550100367e-04,-2.071398119547475337e-06,8.070529629867878585e-02,1.193110720944261238e-02,2.458802628115227817e-01,3.476333492782792550e-02,7.020934578737119151e-04,1.307107426351260997e-03,5.681204280179744451e-03,1.501552360388784101e-03,1.617106791465158094e-02,2.443275569051196749e-03
4.950000000000000233e-02,0.000000000000000000e+00,2.060280346935725211e-03,2.782756260867781314e-03,2.169870164678860784e-03,2.792764771837229210e-03,1.000000000000000000e+00,1.000000000000000000e+00,6.746820701765581570e-04,1.305938079049598658e-03,4.112090096228966630e-04,1.073086344816100835e-04,8.002773170366753175e-02,9.850684049161497965e-03,2.420576287892082790e-01,2.810390309274849591e-02,7.050498230215574997e-04,1.307877326204716058e-03,6.143249150979627170e-03,1.577870055653283077e-03,1.617106791465158094e-02,2.443275569051196749e-03
5.000000000000000278e-02,0.000000000000000000e+00,2.060533148841625466e-03,2.782729471172180544e-03,2.169960324833269082e-03,2.792768211296078017e-03,1.000000000000000000e+00,1.000000000000000000e+00,6.748757276717830917e-04,1.305911289353998105e-03,3.873149904499445387e-04,-5.357939120098608452e-05,8.254665069854510984e-02,1.041968141629117696e-02,2.524098316622150895e-01,3.204123515667259281e-02,6.910044879993473659e-04,1.305312006679624831e-03,4.313049816940410508e-03,1.090292146500984171e-03,1.681569501562369881e-02,2.568347617333403918e-03
5.050000000000000322e-02,0.000000000000000000e+00,2.060853762308354105e-03,2.782780387239103086e-03,2.170053193559458304e-03,2.792771873394661597e-03,1.000000000000000000e+00,1.000000000000000000e+00,6.751213318363594867e-04,1.305962205420920213e-03,4.912083291527232290e-04,1.018321338440340108e-04,8.454011155886270723e-02,1.092456897644692934e-02,2.580398615833469633e-01,3.356310292344381191e-02,6.932932416754142638e-04,1.305849517058388278e-03,4.840855512944436737e-03,1.059788171987568594e-03,1.681569501562369881e-02,2.568347617333403918e-03
5.100000000000000366e-02,0.000000000000000000e+00,2.061222598498565518e-03,2.782779925338695840e-03,2.170148779561658064e-03,2.792775766945806287e-03,1.000000000000000000e+00,1.000000000000000000e+00,6.754038767502923597e-04,1.305961743520513184e-03,5.650898278656455668e-04,-9.238008141792966935e-07,8.643277038798478917e-02,1.196270760046032680e-02,2.637158789333942654e-01,3.713294367754153141e-02,6.958823413174976920e-04,1.306379693297281003e-03,5.514140393891388964e-03,1.060894603610276505e-03,1.681569501562369881e-02,2.568347617333403918e-03
5.150000000000000411e-02,0.000000000000000000e+00,2.061643418508507519e-03,2.782833478657896487e-03,2.170247090231628741e-03,2.792779900893185147e-03,1.000000000000000000e+00,1.000000000000000000e+00,6.757262435804615476e-04,1.306015296839714047e-03,6.447336603383791191e-04,1.071066384018900549e-04,8.478229210393191384e-02,1.174572971476244183e-02,2.557197361020154269e-01,3.543657995138558420e-02,6.988421600558046305e-04,1.306926550295958028e-03,6.323454265633072016e-03,1.126385803873200574e-03,1.681569501562369881e-02,2.568347617333403918e-03
5.200000000000000455e-02,0.000000000000000000e+00,2.062041274022566491e-03,2.782856906723763998e-03,2.170348131666705212e-03,2.792784284309086668e-03,1.000000000000000000e+00,1.000000000000000000e+00,6.760310185861708029e-04,1.306038724905581559e-03,6.095500114185677413e-04,4.685613173484511897e-05,8.718506865105864201e-02,1.077438519552740767e-02,2.664472455360424319e-01,3.183129484626379818e-02,6.878089267344315296e-04,1.310224575020338660e-03,5.132970399861061517e-03,1.530708417174237411e-03,1.735349672931126366e-02,2.466430038579390908e-03
5.249999999999999806e-02,0.000000000000000000e+00,2.062491350660440419e-03,2.782877312893817200e-03,2.170451908687850550e-03,2.792788926392193033e-03,1.000000000000000000e+00,1.000000000000000000e+00,6.763757972935915009e-04,1.306059131075634544e-03,6.895574148413175864e-04,4.081234010604663947e-05,8.840805694339275156e-02,8.798425553833592178e-03,2.691753379918755962e-01,2.498471758151044053e-02,6.905746376434203837e-04,1.310989947394264636e-03,5.928227519667542827e-03,1.530752069985571832e-03,1.735349672931126366e-02,2.466430038579390908e-03
5.299999999999999850e-02,0.000000000000000000e+00,2.062995495041698366e-03,2.782868377045132936e-03,2.170558424857681971e-03,2.792793836465333208e-03,1.000000000000000000e+00,1.000000000000000000e+00,6.767619942953839902e-04,1.306050195226950063e-03,7.723940035850009262e-04,-1.787169736915809914e-05,8.679845501244154438e-02,8.357910701941985085e-03,2.619107964678420997e-01,2.494303912070456805e-02,6.937588884627752953e-04,1.311724538502346236e-03,6.806952464817998989e-03,1.407822836952232325e-03,1.735349672931126366e-02,2.466430038579390908e-03
5.349999999999999895e-02,0.000000000000000000e+00,2.063485521732895053e-03,2.782863942528079459e-03,2.170667682498531037e-03,2.792799023973265970e-03,1.000000000000000000e+00,1.000000000000000000e+00,6.771373765191550115e-04,1.306045760709896803e-03,7.507644475419628094e-04,-8.869034106377955386e-06,8.513222167661814443e-02,8.260420183703230668e-03,2.568057696731192441e-01,2.494317935656653953e-02,6.973490010321779179e-04,1.312391123149083804e-03,7.551918405337356907e-03,1.258779403612097537e-03,1.735349672931126366e-02,2.466430038579390908e-03
5.399999999999999939e-02,0.000000000000000000e+00,2.063921964381512392e-03,2.782856489619774630e-03,2.170779682710481315e-03,2.792804498480444715e-03,1.000000000000000000e+00,1.000000000000000000e+00,6.774717109848686549e-04,1.306038307801591974e-03,6.686689314272148453e-04,-1.490581660953373418e-05,8.363373705550279646e-02,7.385152400868045218e-03,2.523782134231388752e-01,2.162534301417522523e-02,6.980149667304048769e-04,1.314886592686194313e-03,7.736955498676595031e-03,1.352378304601954337e-03,1.747567068538920590e-02,2.395107406630550030e-03
5.449999999999999983e-02,0.000000000000000000e+00,2.064290137294265675e-03,2.782836197601751271e-03,2.170894425389410798e-03,2.792810269668781833e-03,1.000000000000000000e+00,1.000000000000000000e+00,6.777537477987901357e-04,1.306018015783568399e-03,5.640736278429392099e-04,-4.058403604726145168e-05,8.190441355002384127e-02,7.141503894245950293e-03,2.469026394311035211e-01,2.141854595901515265e-02,7.020022217530873200e-04,1.315512876295106808e-03,8.210995227911396799e-03,1.153118626118466604e-03,1.747567068538920590e-02,2.395107406630550030e-03
5.500000000000000028e-02,0.000000000000000000e+00,2.064589096763692899e-03,2.782820815424253379e-03,2.171011909245034767e-03,2.792816347335420890e-03,1.000000000000000000e+00,1.000000000000000000e+00,6.779827640390626367e-04,1.306002633606070723e-03,4.580324805449531491e-04,-3.076435499513800037e-05,8.013025593732339691e-02,7.130901730310913560e-03,2.414494685076568059e-01,2.158832002293287200e-02,7.061918377204095361e-04,1.316036280702720211e-03,8.546659799197067753e-03,9.408905199323614865e-04,1.747567068538920590e-02,2.395107406630550030e-03
5.550000000000000072e-02,0.000000000000000000e+00,2.064834445785947419e-03,2.782804720160837915e-03,2.171132131818958623e-03,2.792822741390509674e-03,1.000000000000000000e+00,1.000000000000000000e+00,6.781707122941854063e-04,1.305986538342655259e-03,3.758965102455322075e-04,-3.219052683105578556e-05,7.831985755563941609e-02,7.261286546979710266e-03,2.359026608790805168e-01,2.210331166204492284e-02,7.105141606056407464e-04,1.316453993009948989e-03,8.742089657576442713e-03,7.303509464004668368e-04,1.747567068538920590e-02,2.395107406630550030e-03
5.600000000000000117e-02,0.000000000000000000e+00,2.065042053839846650e-03,2.782793379624330654e-03,2.171255089502709471e-03,2.792829461854961972e-03,1.000000000000000000e+00,1.000000000000000000e+00,6.783297492902217504e-04,1.305975197806147998e-03,3.180739920727201323e-04,-2.268107301446417335e-05,8.034255544964213902e-02,8.710795747666894018e-03,2.452822224530073758e-01,2.762427150319113692e-02,7.003331284341471384e-04,1.313254475152917907e-03,6.906096559404053051e-03,7.421851643982447155e-05,1.802124460283734825e-02,2.526750136531049403e-03
5.650000000000000161e-02,0.000000000000000000e+00,2.065320598384460301e-03,2.782803110596874900e-03,2.171380777555786783e-03,2.792836518858229748e-03,1.000000000000000000e+00,1.000000000000000000e+00,6.785431267907842366e-04,1.305984928778692027e-03,4.267550011250178469e-04,1.946194508798005241e-05,8.134134959247545094e-02,1.067972048099616149e-02,2.474746788314034218e-01,3.404620498508095089e-02,7.038245769266831056e-04,1.313261355536020141e-03,7.059268620979546049e-03,-4.646336407551881608e-05,1.802124460283734825e-02,2.526750136531049403e-03
5.700000000000000205e-02,0.000000000000000000e+00,2.065600793098449229e-03,2.782826743686672537e-03,2.171509190123711332e-03,2.792843922636076628e-03,1.000000000000000000e+00,1.000000000000000000e+00,6.787577683944267474e-04,1.306008561868489664e-03,4.292832072849375085e-04,4.726617959535705030e-05,8.001551044903053300e-02,1.224052121045731030e-02,2.414738736179420364e-01,3.843540235708486213e-02,7.074110616147081480e-04,1.313238895422723590e-03,7.286095008718296295e-03,-4.338221156193866179e-05,1.802124460283734825e-02,2.526750136531049403e-03
5.750000000000000250e-02,0.000000000000000000e+00,2.065845831681634333e-03,2.782865323839198764e-03,2.171640320256054170e-03,2.792851683528336203e-03,1.000000000000000000e+00,1.000000000000000000e+00,6.789454788394251681e-04,1.306047142021016108e-03,3.754208899968779602e-04,7.716030505294373424e-05,7.819631739257815184e-02,1.190443844368210477e-02,2.355206506974054925e-01,3.580677697956306110e-02,7.110847541397187282e-04,1.313242265174953015e-03,7.408299429336937664e-03,5.666719863214181307e-05,1.802124460283734825e-02,2.526750136531049403e-03
5.800000000000000294e-02,0.000000000000000000e+00,2.066052473026865587e-03,2.782883151632575304e-03,2.171774159924497703e-03,2.792859811976693314e-03,1.000000000000000000e+00,1.000000000000000000e+00,6.791037752936585027e-04,1.306064969814392865e-03,3.165929084666319797e-04,3.565558675339174018e-05,8.024418483693243620e-02,1.347508238032625941e-02,2.450050982305224390e-01,4.218103010182250312e-02,7.011918246348417373e-04,1.305738622926073001e-03,5.625609779322158187e-03,-8.452565174423996505e-04,1.853043623022666148e-02,2.809641409309226578e-03
5.850000000000000339e-02,0.000000000000000000e+00,2.066329119787860182e-03,2.782944259080796616e-03,2.171910700040864672e-03,2.792868318522441929e-03,1.000000000000000000e+00,1.000000000000000000e+00,6.793156990076251083e-04,1.306126077262614177e-03,4.238474279331775913e-04,1.222148964424567166e-04,8.182227348521969867e-02,1.483746682172104071e-02,2.494253241200722893e-01,4.615733066961039133e-02,7.040263899267873221e-04,1.305352787340405187e-03,5.712376116226823217e-03,-6.983559357218977566e-04,1.853043623022666148e-02,2.809641409309226578e-03
5.900000000000000383e-02,0.000000000000000000e+00,2.066629641045242879e-03,2.782996700408649736e-03,2.172049930475174889e-03,2.792877213804262956e-03,1.000000000000000000e+00,1.000000000000000000e+00,6.795459116468823739e-04,1.306178518590466863e-03,4.604252785144893412e-04,1.048826557055650296e-04,8.328247246955018668e-02,1.647699676206753130e-02,2.537626110569826676e-01,5.135647665528585148e-02,7.069340919787029656e-04,1.305061205293800344e-03,5.917923858441322647e-03,-4.684068700159743984e-04,1.853043623022666148e-02,2.809641409309226578e-03
5.950000000000000427e-02,0.000000000000000000e+00,2.066964654042021191e-03,2.783086208924845026e-03,2.172191840073678989e-03,2.792886508555988620e-03,1.000000000000000000e+00,1.000000000000000000e+00,6.798025464914371398e-04,1.306268027106662370e-03,5.132696891095951328e-04,1.790170323908498058e-04,8.294134517203347046e-02,1.741144304642512977e-02,2.512108095695356758e-01,5.360826502012123324e-02,7.099717187852413926e-04,1.304909468760751499e-03,6.231860169086844876e-03,-1.391715818092307839e-04,1.853043623022666148e-02,2.809641409309226578e-03
5.999999999999999778e-02,0.000000000000000000e+00,2.067300716983504032e-03,2.783173093370465336e-03,2.172336416676905191e-03,2.792896213604367274e-03,1.000000000000000000e+00,1.000000000000000000e+00,6.800599856402980052e-04,1.306354911552282680e-03,5.148782977218312098e-04,1.737688912407217741e-04,8.476344823422926611e-02,1.578208866886347470e-02,2.585790404391185016e-01,4.648112639778090999e-02,7.033696510308147824e-04,1.309905907677759006e-03,5.245111076071602360e-03,8.892954011635037992e-04,1.889717748892892624e-02,2.623444840011280536e-03
6.049999999999999822e-02,0.000000000000000000e+00,2.067685124523856166e-03,2.783234224569340869e-03,2.172483647137712134e-03,2.792906339866848588e-03,1.000000000000000000e+00,1.000000000000000000e+00,6.803544589004780407e-04,1.306416042751158213e-03,5.889465203600993248e-04,1.222623977512134923e-04,8.564058610117956938e-02,1.374946521996365210e-02,2.604574696973561698e-01,3.996251657051490269e-02,7.060880619740083968e-04,1.310424726432150898e-03,5.627688535777233825e-03,1.185386189655909545e-03,1.889717748892892624e-02,2.623444840011280536e-03
6.099999999999999867e-02,0.000000000000000000e+00,2.068094803574591772e-03,2.783283100397748386e-03,2.172633517339315687e-03,2.792916898349328842e-03,1.000000000000000000e+00,1.000000000000000000e+00,6.806682912607563401e-04,1.306464918579565730e-03,6.276647205565848847e-04,9.775165681520143644e-05,8.525948360454208008e-02,1.156502696815406989e-02,2.582429322193243726e-01,3.320669146326725440e-02,7.090132635064679304e-04,1.311059059268638444e-03,6.072145696294330500e-03,1.351599065953490268e-03,1.889717748892892624e-02,2.623444840011280536e-03
6.149999999999999911e-02,0.000000000000000000e+00,2.068499717671603254e-03,2.783304466908127946e-03,2.172786012213346989e-03,2.792927900143939157e-03,1.000000000000000000e+00,1.000000000000000000e+00,6.809784734547125531e-04,1.306486285089945507e-03,6.203643879125036445e-04,4.273302075946509588e-05,8.390778065498186167e-02,1.012882271146627912e-02,2.533160104662193213e-01,2.947716694630133152e-02,7.121519523277396223e-04,1.311741974721522628e-03,6.481697269784621532e-03,1.379981932102536824e-03,1.889717748892892624e-02,2.623444840011280536e-03
6.199999999999999956e-02,0.000000000000000000e+00,2.068862866700637345e-03,2.783315410247454678e-03,2.172941115757891836e-03,2.792939356426809433e-03,1.000000000000000000e+00,1.000000000000000000e+00,6.812566617504279848e-04,1.306497228429272239e-03,5.563765914308506106e-04,2.188667865346883738e-05,8.638047559404646303e-02,9.236785210316567074e-03,2.640493584987135822e-01,2.723255112135445147e-02,6.966738279968234240e-04,1.315490972981295031e-03,4.343667753540703634e-03,1.717589095253654191e-03,1.960131356137214190e-02,2.508262842092571707e-03
6.250000000000000000e-02,0.000000000000000000e+00,2.069280434740958241e-03,2.783315861270997844e-03,2.173098811055533108e-03,2.792951278455829689e-03,1.000000000000000000e+00,1.000000000000000000e+00,6.815765374273398619e-04,1.306497679452815188e-03,6.397513538237136355e-04,9.020470857140094087e-07,8.823218706630836516e-02,8.274005308550776150e-03,2.691607564802643293e-01,2.424862063930790027e-02,6.989499370118836983e-04,1.316323495401227521e-03,4.759875685234706867e-03,1.612672450026718472e-03,1.960131356137214190e-02,2.508262842092571707e-03
6.300000000000000044e-02,0.000000000000000000e+00,2.069764012073141077e-03,2.783306760304804072e-03,2.173259080291394928e-03,2.792963677568426582e-03,1.000000000000000000e+00,1.000000000000000000e+00,6.819469791554766489e-04,1.306488578486621416e-03,7.408834562736580850e-04,-1.820193238761945131e-05,8.988078237788496572e-02,6.797969033056073564e-03,2.740199935966333156e-01,1.933233288996747193e-02,7.014682084421695711e-04,1.317088829699128308e-03,5.312044771947630958e-03,1.448953105106392993e-03,1.960131356137214190e-02,2.508262842092571707e-03
6.350000000000000089e-02,0.000000000000000000e+00,2.070324223158484869e-03,2.783276436239860100e-03,2.173421904771191161e-03,2.792976565179335589e-03,1.000000000000000000e+00,1.000000000000000000e+00,6.823761257443779638e-04,1.306458254421677444e-03,8.582931778026050944e-04,-6.064812988809740839e-05,8.837943568826181484e-02,5.923186711207280124e-03,2.668253354902307417e-01,1.718223072324494630e-02,7.042923315690847140e-04,1.317749759291031095e-03,5.983040628617733621e-03,1.195231993852979889e-03,1.960131356137214190e-02,2.508262842092571707e-03
6.400000000000000133e-02,0.000000000000000000e+00,2.070894781161938727e-03,2.783234993554721017e-03,2.173587264939261330e-03,2.792989952778358875e-03,1.000000000000000000e+00,1.000000000000000000e+00,6.828131985324009104e-04,1.306416811736538144e-03,8.741455760459523666e-04,-8.288537027880359381e-05,9.032765341707646445e-02,7.692363153055887214e-03,2.756790516583370043e-01,2.479318354971056168e-02,6.953576699184490194e-04,1.311409704739568277e-03,4.965557528834637323e-03,-4.334521457035689709e-07,2.005326970027462505e-02,2.765316797996413608e-03
6.450000000000000178e-02,0.000000000000000000e+00,2.071526432424956703e-03,2.783225094555153052e-03,2.173755140396619982e-03,2.793003851928143114e-03,1.000000000000000000e+00,1.000000000000000000e+00,6.832970714724251196e-04,1.306406912736970396e-03,9.677458800483719568e-04,-1.979799913530175628e-05,9.129300728145081645e-02,9.741059327965106290e-03,2.777996432279962180e-01,3.125834024590386229e-02,6.980020839521507625e-04,1.311355090985706108e-03,5.610748300137776215e-03,-2.175986360110395692e-04,2.005326970027462505e-02,2.765316797996413608e-03
6.500000000000000222e-02,0.000000000000000000e+00,2.072229007603907606e-03,2.783242107030310837e-03,2.173925509919002151e-03,2.793018274261945162e-03,1.000000000000000000e+00,1.000000000000000000e+00,6.838352752841336379e-04,1.306423925212128398e-03,1.076407623416970535e-03,3.402495031587296888e-05,9.082170954059413936e-02,1.188338565671429731e-02,2.751853676087717138e-01,3.784572070589741627e-02,7.009855227618366378e-04,1.311224420654520705e-03,6.321516732109709776e-03,-3.049085451006832348e-04,2.005326970027462505e-02,2.765316797996413608e-03
6.550000000000000266e-02,0.000000000000000000e+00,2.072978716301276600e-03,2.783293610104089263e-03,2.174098351474902310e-03,2.793033231481404678e-03,1.000000000000000000e+00,1.000000000000000000e+00,6.844095854657112569e-04,1.306475428285906607e-03,1.148620363155155840e-03,1.030061475562679273e-04,8.935231113084468602e-02,1.300169679131316959e-02,2.699077463859538839e-01,4.038080900712933546e-02,7.043131034237427998e-04,1.311083705970785517e-03,6.987389710488662795e-03,-2.580357111000403884e-04,2.005326970027462505e-02,2.765316797996413608e-03
6.600000000000000311e-02,0.000000000000000000e+00,2.073732741101413750e-03,2.783366258955383404e-03,2.174273642243619402e-03,2.793048735354304157e-03,1.000000000000000000e+00,1.000000000000000000e+00,6.849872019738299875e-04,1.306548077137200748e-03,1.155233016237385869e-03,1.452977025880972269e-04,8.829827773204616814e-02,1.475048834447734505e-02,2.670710503198641672e-01,4.623059535682977339e-02,7.041003345938399776e-04,1.309427906497631243e-03,7.033936550626932252e-03,-3.440687562240750050e-04,2.019724659938845063e-02,2.823603319655669172e-03
6.650000000000000355e-02,0.000000000000000000e+00,2.074464631820901843e-03,2.783469732385852706e-03,2.174451358633303598e-03,2.793064797712348484e-03,1.000000000000000000e+00,1.000000000000000000e+00,6.855478627924643190e-04,1.306651550567670050e-03,1.121321637268633473e-03,2.069468609385366150e-04,8.655841782050850697e-02,1.507417631768724620e-02,2.612012758745083651e-01,4.601337493469646878e-02,7.077284318737546648e-04,1.309310349316633506e-03,7.477455925770187112e-03,-1.265770214540722473e-04,2.019724659938845063e-02,2.823603319655669172e-03
6.700000000000000400e-02,0.000000000000000000e+00,2.075135270715240676e-03,2.783578197052514157e-03,2.174631476299000027e-03,2.793081430448929314e-03,1.000000000000000000e+00,1.000000000000000000e+00,6.860616019908118710e-04,1.306760015234331718e-03,1.027478396695041037e-03,2.169293333233413229e-04,8.478322383288566799e-02,1.489781376130465754e-02,2.557575837380652861e-01,4.505512830188550949e-02,7.115435374602769409e-04,1.309305951646246588e-03,7.782231593449154099e-03,1.085308699534536956e-04,2.019724659938845063e-02,2.823603319655669172e-03
6.750000000000000444e-02,0.000000000000000000e+00,2.075707266761587198e-03,2.783675904040434305e-03,2.174813970160687296e-03,2.793098645516891611e-03,1.000000000000000000e+00,1.000000000000000000e+00,6.864997763836018594e-04,1.306857722222251649e-03,8.763487855799521019e-04,1.954139758396492336e-04,8.300289969058682882e-02,1.449107681323790267e-02,2.503029540549772669e-01,4.361957669742559662e-02,7.154759965859356589e-04,1.309415679715258008e-03,7.947136714809727512e-03,3.299481554721805324e-04,2.019724659938845063e-02,2.823603319655669172e-03
6.800000000000000488e-02,0.000000000000000000e+00,2.076152543245973758e-03,2.783753050524038000e-03,2.174998814421325553e-03,2.793116454926303227e-03,1.000000000000000000e+00,1.000000000000000000e+00,6.868408779601177776e-04,1.306934868705855561e-03,6.822031530318945977e-04,1.542929672076108971e-04,8.530533072057186472e-02,1.562861009533756534e-02,2.606928363253248615e-01,4.837220534026251406e-02,7.033048823143299693e-04,1.304025956432833212e-03,5.877501924508634831e-03,-2.036067005324057946e-04,2.080232551757743575e-02,3.033516256613091010e-03
6.850000000000000533e-02,0.000000000000000000e+00,2.076578696994922646e-03,2.783835001677291247e-03,2.175185982584903685e-03,2.793134870742230991e-03,1.000000000000000000e+00,1.000000000000000000e+00,6.871673306714144334e-04,1.307016819859108375e-03,6.529054225933774575e-04,1.639023065055136277e-04,8.713687790443695735e-02,1.649468730858834678e-02,2.658296189347683636e-01,5.076758090028162668e-02,7.062790538665587609e-04,1.303984598861637582e-03,6.018798058294781012e-03,3.771030934378760864e-05,2.080232551757743575e-02,3.033516256613091010e-03
6.900000000000000577e-02,0.000000000000000000e+00,2.077047277627209684e-03,2.783926568086022169e-03,2.175375447474477836e-03,2.793153905082503777e-03,1.000000000000000000e+00,1.000000000000000000e+00,6.875262842609310273e-04,1.307108386267839513e-03,7.179071790332797881e-04,1.831328174622311742e-04,8.853805703505140956e-02,1.699860145350839610e-02,2.697318327835424578e-01,5.199106583891709848e-02,7.093583057263929802e-04,1.304076683289109688e-03,6.297552790834065432e-03,3.300573557031835159e-04,2.080232551757743575e-02,3.033516256613091010e-03
6.950000000000000622e-02,0.000000000000000000e+00,2.077575897079186017e-03,2.784030349110420965e-03,2.175567181250213401e-03,2.793173570115475152e-03,1.000000000000000000e+00,1.000000000000000000e+00,6.879312302546420916e-04,1.307212167292238093e-03,8.098919874221547580e-04,2.075620487973720972e-04,8.690569395937472463e-02,1.618376321251082869e-02,2.622301620801763544e-01,4.840369376721768979e-02,7.126027352878437464e-04,1.304321931159831312e-03,6.679303018605512246e-03,6.503042246846213719e-04,2.080232551757743575e-02,3.033516256613091010e-03
7.000000000000000666e-02,0.000000000000000000e+00,2.078098714261733537e-03,2.784127763809446203e-03,2.175761155427436994e-03,2.793193878057806390e-03,1.000000000000000000e+00,1.000000000000000000e+00,6.883317314520997696e-04,1.307309581991263547e-03,8.010023949154298790e-04,1.948293980508663170e-04,8.807403078487217873e-02,1.389853486206380287e-02,2.681577828370940164e-01,4.022040501398032458e-02,7.086171394308223926e-04,1.311314573817546486e-03,5.972572968132311075e-03,1.772690600054772740e-03,2.107911515315086248e-02,2.786228686550317434e-03
7.050000000000000711e-02,0.000000000000000000e+00,2.078647467027724960e-03,2.784187040983602396e-03,2.175957340894676267e-03,2.793214841172226084e-03,1.000000000000000000e+00,1.000000000000000000e+00,6.887521004591334655e-04,1.307368859165419957e-03,8.407380140673171350e-04,1.185543483129263161e-04,8.825391893636576335e-02,1.162796618685077270e-02,2.678737335943945364e-01,3.333013379651008495e-02,7.116811762200637471e-04,1.312237230785264332e-03,6.282857070090828305e-03,1.917621528657684682e-03,2.107911515315086248e-02,2.786228686550317434e-03
7.100000000000000755e-02,0.000000000000000000e+00,2.079209392849814576e-03,2.784220106326487990e-03,2.176155707931700170e-03,2.793236471765301026e-03,1.000000000000000000e+00,1.000000000000000000e+00,6.891825606125903019e-04,1.307401924508305550e-03,8.609203069137473909e-04,6.613068577097837991e-05,8.748471730425770587e-02,9.570002493908451660e-03,2.647403131474460602e-01,2.726021416315080326e-02,7.149027192528744972e-04,1.313196534150228370e-03,6.602573710001250970e-03,1.919551937360887504e-03,2.107911515315086248e-02,2.786228686550317434e-03
7.150000000000000799e-02,0.000000000000000000e+00,2.079756283334040570e-03,2.784225433653399195e-03,2.176356226227565277e-03,2.793258782185201877e-03,1.000000000000000000e+00,1.000000000000000000e+00,6.896015030290262833e-04,1.307407251835216539e-03,8.378848328719916460e-04,1.065465382189137927e-05,8.602725166171297511e-02,8.193008361843896747e-03,2.597281330406426836e-01,2.365253764635730227e-02,7.182683063179852879e-04,1.314124706639026438e-03,6.859150120740059933e-03,1.793347524127864197e-03,2.107911515315086248e-02,2.786228686550317434e-03
7.200000000000000844e-02,0.000000000000000000e+00,2.080251618466401331e-03,2.784213733874373389e-03,2.176558864898666887e-03,2.793281784819484463e-03,1.000000000000000000e+00,1.000000000000000000e+00,6.899809517546529308e-04,1.307395552056190733e-03,7.588974512533931812e-04,-2.339955805151710340e-05,8.828242386638299188e-02,7.080409500286358529e-03,2.697014371739048788e-01,2.049681486817918688e-02,7.068545449962393597e-04,1.318252579232433294e-03,5.070053547601938333e-03,2.008953004293087541e-03,2.163651451907398424e-02,2.663204521895641032e-03
7.249999999999999500e-02,0.000000000000000000e+00,2.080774473672040905e-03,2.784188760163943017e-03,2.176763592506768437e-03,2.793305492092840268e-03,1.000000000000000000e+00,1.000000000000000000e+00,6.903814820794890693e-04,1.307370578345760578e-03,8.010606496721907506e-04,-4.994742086014451949e-05,9.005122730771450423e-02,5.961709220023965992e-03,2.746613043640159790e-01,1.709395227677328738e-02,7.094538511806467709e-04,1.319190604597987810e-03,5.326575823516643826e-03,1.743627207369868436e-03,2.163651451907398424e-02,2.663204521895641032e-03
7.299999999999999545e-02,0.000000000000000000e+00,2.081362950368485093e-03,2.784148282302147115e-03,2.176970377077061709e-03,2.793329916464883794e-03,1.000000000000000000e+00,1.000000000000000000e+00,6.908322813827051699e-04,1.307330100483964676e-03,9.015986064322205036e-04,-8.095572359170165279e-05,9.105083021682433553e-02,4.712868113420455585e-03,2.770706310931731475e-01,1.318953265002870828e-02,7.122143377949278478e-04,1.319979270107263583e-03,5.714514492657181942e-03,1.411648396295393793e-03,2.163651451907398424e-02,2.663204521895641032e-03
7.349999999999999589e-02,0.000000000000000000e+00,2.082026097864704463e-03,2.784086765690513450e-03,2.177179186116194945e-03,2.793355070427905665e-03,1.000000000000000000e+00,1.000000000000000000e+00,6.913402818371522807e-04,1.307268583872330794e-03,1.016000908894252805e-03,-1.230332232675754745e-04,8.940354982564588382e-02,5.400642211540269445e-03,2.698621233728222824e-01,1.691403235419268458e-02,7.151866186144666517e-04,1.320583425421826195e-03,6.173606745946478083e-03,1.005736682321709680e-03,2.163651451907398424e-02,2.663204521895641032e-03
7.399999999999999634e-02,0.000000000000000000e+00,2.082706785676053871e-03,2.784033648257000591e-03,2.177389986630326978e-03,2.793380966504650439e-03,1.000000000000000000e+00,1.000000000000000000e+00,6.918617189525350878e-04,1.307215466438817935e-03,1.042874230765526537e-03,-1.062348670257869403e-04,9.112769726571644247e-02,7.338544093414678567e-03,2.779742785691455831e-01,2.385811667456006618e-02,7.069096233971525070e-04,1.313814153500245021e-03,5.015757295881667285e-03,-2.848427661308408913e-04,2.206530554809307126e-02,2.932273264807389122e-03
7.449999999999999678e-02,0.000000000000000000e+00,2.083447540484869957e-03,2.784011420540083957e-03,2.177602745143170961e-03,2.793407617246086196e-03,1.000000000000000000e+00,1.000000000000000000e+00,6.924291700575423147e-04,1.307193238721901301e-03,1.134902210014396631e-03,-4.445543383334647867e-05,9.199419850051882008e-02,9.391253654943249388e-03,2.799016587773855425e-01,3.019443203363497696e-02,7.095208037748908800e-04,1.313606474439006242e-03,5.428066486740751491e-03,-5.453607499064003737e-04,2.206530554809307126e-02,2.932273264807389122e-03
7.499999999999999722e-02,0.000000000000000000e+00,2.084261513813602355e-03,2.784020724069433649e-03,2.177817427714035491e-03,2.793435035229174107e-03,1.000000000000000000e+00,1.000000000000000000e+00,6.930527098028648044e-04,1.307202542251251209e-03,1.247079490645005206e-03,1.860705869974808543e-05,9.192541394882557115e-02,1.165859226955211214e-02,2.789362938196906505e-01,3.726667323334671711e-02,7.123533569647597140e-04,1.313301259465633232e-03,5.901122452086429021e-03,-6.752359128672620831e-04,2.206530554809307126e-02,2.932273264807389122e-03
7.549999999999999767e-02,0.000000000000000000e+00,2.085139949423612388e-03,2.784069701929484282e-03,2.178033999955863130e-03,2.793463233054624580e-03,1.000000000000000000e+00,1.000000000000000000e+00,6.937256305205508804e-04,1.307251520111301626e-03,1.345841435372111157e-03,9.795572010089237391e-05,9.080673347931911277e-02,1.340042310093902261e-02,2.746869468581462637e-01,4.211970332828831459e-02,7.154195890608964310e-04,1.312966797091727087e-03,6.362795341185873907e-03,-6.626253822454268453e-04,2.206530554809307126e-02,2.932273264807389122e-03
7.599999999999999811e-02,0.000000000000000000e+00,2.086050348139064769e-03,2.784155213329868490e-03,2.178252427053285409e-03,2.793492223344685044e-03,1.000000000000000000e+00,1.000000000000000000e+00,6.944230363975460035e-04,1.307337031511686051e-03,1.394811753990260776e-03,1.710228007687099165e-04,9.151142350206954712e-02,1.593402025224076660e-02,2.783967995481841928e-01,5.049439895172635334e-02,7.122518771175926494e-04,1.307557808765348736e-03,5.897135514167792941e-03,-1.204649299726997256e-03,2.230663664756106154e-02,3.123630694183044017e-03
7.649999999999999856e-02,0.000000000000000000e+00,2.087013410864171654e-03,2.784292134216759512e-03,2.178472673780663081e-03,2.793522018740898262e-03,1.000000000000000000e+00,1.000000000000000000e+00,6.951607852464890399e-04,1.307473952398576856e-03,1.475497697886065220e-03,2.738417737814713882e-04,9.084741406062696312e-02,1.812004548030348577e-02,2.752462737021048600e-01,5.685230056295016710e-02,7.152994841599224097e-04,1.307020131123390458e-03,6.292411444204284825e-03,-9.465411592376518895e-04,2.230663664756106154e-02,3.123630694183044017e-03
7.699999999999999900e-02,0.000000000000000000e+00,2.088015642755238713e-03,2.784482678390182587e-03,2.178694704520121178e-03,2.793552631901870600e-03,1.000000000000000000e+00,1.000000000000000000e+00,6.959285394173575241e-04,1.307664496571999931e-03,1.535508341737003811e-03,3.810883468462782282e-04,8.910543903690583412e-02,1.875841826800236575e-02,2.690700570789311130e-01,5.749768707695987469e-02,7.185307159767942301e-04,1.306644817910283373e-03,6.631736105886326671e-03,-5.554554290862626694e-04,2.230663664756106154e-02,3.123630694183044017e-03
7.749999999999999944e-02,0.000000000000000000e+00,2.089017701142727081e-03,2.784704273781001601e-03,2.178918483279604010e-03,2.793584075501042048e-03,1.000000000000000000e+00,1.000000000000000000e+00,6.966961606767737647e-04,1.307886091962818945e-03,1.535242518832485468e-03,4.431907816381382105e-04,8.734696868946265069e-02,1.826575915410478396e-02,2.637277122559130715e-01,5.505810876435935503e-02,7.218971434217156830e-04,1.306473870141992150e-03,6.833455524501770573e-03,-1.291553480539618919e-04,2.230663664756106154e-02,3.123630694183044017e-03
7.799999999999999989e-02,0.000000000000000000e+00,2.089978999733000959e-03,2.784927890178086167e-03,2.179143973710917156e-03,2.793616362224465334e-03,1.000000000000000000e+00,1.000000000000000000e+00,6.974325581200312022e-04,1.308109708359903294e-03,1.472794886514966397e-03,4.472327941688468314e-04,8.942108734888380706e-02,1.747477407544114833e-02,2.732609359466475762e-01,5.240797177851361927e-02,7.158767647353608127e-04,1.307112541792869497e-03,5.671205744410247329e-03,3.401672722482754077e-04,2.266078491740220607e-02,3.100951802720107627e-03
7.850000000000000033e-02,0.000000000000000000e+00,2.090959320098449790e-03,2.785132950808612458e-03,2.179371139127765124e-03,2.793649504768557293e-03,1.000000000000000000e+00,1.000000000000000000e+00,6.981835270884596909e-04,1.308314768990429802e-03,1.501937936856929988e-03,4.101212610530140029e-04,9.040085625041822948e-02,1.554724537059231151e-02,2.753062060650190435e-01,4.558616521543520927e-02,7.187590821525469392e-04,1.307367615476083544e-03,5.857593781910117731e-03,6.794602756156143189e-04,2.266078491740220607e-02,3.100951802720107627e-03
7.900000000000000078e-02,0.000000000000000000e+00,2.091978871345160935e-03,2.785302276326080424e-03,2.179599942523800706e-03,2.793683515837877551e-03,1.000000000000000000e+00,1.000000000000000000e+00,6.989645486554776563e-04,1.308484094507897768e-03,1.562043134035854836e-03,3.386510349359735279e-04,8.909144331439283748e-02,1.403491590836421395e-02,2.694067202564984775e-01,4.133673003794829937e-02,7.217526179776024512e-04,1.307761329742331696e-03,6.115935727097791125e-03,8.949642666147354349e-04,2.266078491740220607e-02,3.100951802720107627e-03
7.950000000000000122e-02,0.000000000000000000e+00,2.092992159899422812e-03,2.785439438789082990e-03,2.179830346590668280e-03,2.793718408142901576e-03,1.000000000000000000e+00,1.000000000000000000e+00,6.997407727217462006e-04,1.308621256970900334e-03,1.552448132537182293e-03,2.743249260051453366e-04,8.737886579174222734e-02,1.324145134328329372e-02,2.638698977633074927e-01,3.952683354891932399e-02,7.248493753358383222e-04,1.308238605283890696e-03,6.270676791026713950e-03,1.013889387660070083e-03,2.266078491740220607e-02,3.100951802720107627e-03
8.000000000000000167e-02,0.000000000000000000e+00,2.093947744486386250e-03,2.785552571808945412e-03,2.180062313736046663e-03,2.793754194397782015e-03,1.000000000000000000e+00,1.000000000000000000e+00,7.004727929845194637e-04,1.308734389990762756e-03,1.464040525546608839e-03,2.262660397250031044e-04,8.950863374461380528e-02,1.333105110352290207e-02,2.735704708928748397e-01,4.053768973156747502e-02,7.209665780607228463e-04,1.308164283881706452e-03,5.380839691879107066e-03,1.004372891287244000e-03,2.292390986787720339e-02,3.123367333585478408e-03
8.050000000000000211e-02,0.000000000000000000e+00,2.094902294438069027e-03,2.785655442613998133e-03,2.180295806101692838e-03,2.793790887318119143e-03,1.000000000000000000e+00,1.000000000000000000e+00,7.012040206706857343e-04,1.308837260795815693e-03,1.462455372332637686e-03,2.057416101059283508e-04,9.043806626183040209e-02,1.288322370099246293e-02,2.753613866954655043e-01,3.871581359877166589e-02,7.236964178956562486e-04,1.308684154715449716e-03,5.538111694172906732e-03,1.074954012084813112e-03,2.292390986787720339e-02,3.123367333585478408e-03
8.100000000000000255e-02,0.000000000000000000e+00,2.095879419433552271e-03,2.785748094900309616e-03,2.180530785581485248e-03,2.793828499618732173e-03,1.000000000000000000e+00,1.000000000000000000e+00,7.019525418437081842e-04,1.308929913082126960e-03,1.497042346044890736e-03,1.853045726227483853e-04,8.868013323272636028e-02,1.247105247009406073e-02,2.677535380416030675e-01,3.749122048199709373e-02,7.265220491191169304e-04,1.309232110381144129e-03,5.763868902495761400e-03,1.116766910201894263e-03,2.292390986787720339e-02,3.123367333585478408e-03
8.150000000000000300e-02,0.000000000000000000e+00,2.096829276086041322e-03,2.785832812136130286e-03,2.180767213839472293e-03,2.793867044011429275e-03,1.000000000000000000e+00,1.000000000000000000e+00,7.026801742541070352e-04,1.309014630317947847e-03,1.455264820797615372e-03,1.694344716418099079e-04,8.726284684192613106e-02,1.213844682093238175e-02,2.637345128895866031e-01,3.654656967018108521e-02,7.294261400326842656e-04,1.309794403816500613e-03,5.852213792902205905e-03,1.132355371528451487e-03,2.292390986787720339e-02,3.123367333585478408e-03
8.200000000000000344e-02,0.000000000000000000e+00,2.097713866221859614e-03,2.785908141052045612e-03,2.181005052327908682e-03,2.793906533202770645e-03,1.000000000000000000e+00,1.000000000000000000e+00,7.033578096120885739e-04,1.309089959233862956e-03,1.355270715963178283e-03,1.506578318302143331e-04,8.935313907811831546e-02,1.308557591804475340e-02,2.730254142365593495e-01,4.050317693097229416e-02,7.225285293312266963e-04,1.307004798764720881e-03,4.556670421147619027e-03,6.916869737497244666e-04,2.329173754475051192e-02,3.249035464792068058e-03
8.250000000000000389e-02,0.000000000000000000e+00,2.098591867845897053e-03,2.785993167366068550e-03,2.181244262305303931e-03,2.793946979891841556e-03,1.000000000000000000e+00,1.000000000000000000e+00,7.040303978772318328e-04,1.309174985547886111e-03,1.345176530286454298e-03,1.700526280462397611e-04,9.114249023988788001e-02,1.397849486971149482e-02,2.781865152804769981e-01,4.316828308480360338e-02,7.248323042706230354e-04,1.307360930458034655e-03,4.658145617549981458e-03,7.327467676791102162e-04,2.329173754475051192e-02,3.249035464792068058e-03
8.300000000000000433e-02,0.000000000000000000e+00,2.099513006456514043e-03,2.786094537063540585e-03,2.181484804854467822e-03,2.793988396768024539e-03,1.000000000000000000e+00,1.000000000000000000e+00,7.047360309912373234e-04,1.309276355245357713e-03,1.411266228011001569e-03,2.027393949430037140e-04,9.173172443053624614e-02,1.456700627284361789e-02,2.789718340277098640e-01,4.470145230189069563e-02,7.272205959972968640e-04,1.307751352716600077e-03,4.894473034398861243e-03,8.287414757189624044e-04,2.329173754475051192e-02,3.249035464792068058e-03
8.350000000000000477e-02,0.000000000000000000e+00,2.100492668858850061e-03,2.786212485399463829e-03,2.181726640900553266e-03,2.794030796508764191e-03,1.000000000000000000e+00,1.000000000000000000e+00,7.054864959306792957e-04,1.309394303581281173e-03,1.500929878883928764e-03,2.358966718471051634e-04,9.000081720625069392e-02,1.392076290861353483e-02,2.717797184440315372e-01,4.169925570925971103e-02,7.297374934289647301e-04,1.308198632758049082e-03,5.172482797565125870e-03,9.601072019290716368e-04,2.329173754475051192e-02,3.249035464792068058e-03
8.400000000000000522e-02,0.000000000000000000e+00,2.101483298866319190e-03,2.786328496159280570e-03,2.181969731229091783e-03,2.794074191777330685e-03,1.000000000000000000e+00,1.000000000000000000e+00,7.062453625430882001e-04,1.309510314341097697e-03,1.517733224817759954e-03,2.320215196330642049e-04,9.212260903944306800e-02,1.318660284290988985e-02,2.815038557332912306e-01,3.939853309999143127e-02,7.236021333577757246e-04,1.310439174499382874e-03,4.178249762801129752e-03,1.275216371156764634e-03,2.361981183796022649e-02,3.183922589539879642e-03
8.450000000000000566e-02,0.000000000000000000e+00,2.102541225913037281e-03,2.786432504626584587e-03,2.182214036504051546e-03,2.794118595220601922e-03,1.000000000000000000e+00,1.000000000000000000e+00,7.070557816784517292e-04,1.309614322808402148e-03,1.620838270727107929e-03,2.080169346089104951e-04,9.373050069026496456e-02,1.184192565122789940e-02,2.859751861064966927e-01,3.479576040744534332e-02,7.257588009772497628e-04,1.311089111272004505e-03,4.447816795623401633e-03,1.324410819550815490e-03,2.361981183796022649e-02,3.183922589539879642e-03
8.500000000000000611e-02,0.000000000000000000e+00,2.103705477532852221e-03,2.786515169216813130e-03,2.182459517285874166e-03,2.794164019466824876e-03,1.000000000000000000e+00,1.000000000000000000e+00,7.079476501622033752e-04,1.309696987398630691e-03,1.783736967503210102e-03,1.653291804569163121e-04,9.244495123984794449e-02,1.100131681821473612e-02,2.796701741982764999e-01,3.266616770475348069e-02,7.280800826172596947e-04,1.311742533073852494e-03,4.836468838812572370e-03,1.289319700731822319e-03,2.361981183796022649e-02,3.183922589539879642e-03
8.550000000000000655e-02,0.000000000000000000e+00,2.104936209446015179e-03,2.786582023502590620e-03,2.182706134049515814e-03,2.794210477123380398e-03,1.000000000000000000e+00,1.000000000000000000e+00,7.088904455052509601e-04,1.309763841684407747e-03,1.885590686095265809e-03,1.337085715543056890e-04,9.065890914296090286e-02,1.098056814991449533e-02,2.738688682189128198e-01,3.329366198873545679e-02,7.305698563897144917e-04,1.312365388613497301e-03,5.121978845941389108e-03,1.202247664224057088e-03,2.361981183796022649e-02,3.183922589539879642e-03
8.600000000000000699e-02,0.000000000000000000e+00,2.106182674468378563e-03,2.786644907809598341e-03,2.182953847202493552e-03,2.794257980774557566e-03,1.000000000000000000e+00,1.000000000000000000e+00,7.098452931091745908e-04,1.309826725991415685e-03,1.909695207847201572e-03,1.257686140159164053e-04,9.260245892332456819e-02,1.188115406382159178e-02,2.829505393999177110e-01,3.680655377369545372e-02,7.284835089552311885e-04,1.311797075120204074e-03,4.659538195358053046e-03,9.658517317600084830e-04,2.379528094770173505e-02,3.226912719741108909e-03
8.650000000000000744e-02,0.000000000000000000e+00,2.107496662045348166e-03,2.786721816331687394e-03,2.183202617102935131e-03,2.794306542979329774e-03,1.000000000000000000e+00,1.000000000000000000e+00,7.108518659908394507e-04,1.309903634513504738e-03,2.013145763329662972e-03,1.538170441782187221e-04,9.167984052781920357e-02,1.215161420354428541e-02,2.777465141927131231e-01,3.709657856975379087e-02,7.308819680917646956e-04,1.312271273643459508e-03,4.933676434895846452e-03,9.309919987008303047e-04,2.379528094770173505e-02,3.226912719741108909e-03
8.700000000000000788e-02,0.000000000000000000e+00,2.108852654717692857e-03,2.786811268387058386e-03,2.183452404077610570e-03,2.794356176269103924e-03,1.000000000000000000e+00,1.000000000000000000e+00,7.118906166423993225e-04,1.309993086568875947e-03,2.077501303119838952e-03,1.789041107424013265e-04,9.011364953427533631e-02,1.197737125264482227e-02,2.724753534167783098e-01,3.619654947486417029e-02,7.333989283332644415e-04,1.312732327046896123e-03,5.133681805554858243e-03,9.132385973918963947e-04,2.379528094770173505e-02,3.226912719741108909e-03
8.750000000000000833e-02,0.000000000000000000e+00,2.110208223317596755e-03,2.786904797809458458e-03,2.183703168439987165e-03,2.794406893145510822e-03,1.000000000000000000e+00,1.000000000000000000e+00,7.129290424356220235e-04,1.310086615991275802e-03,2.076851586445338689e-03,1.870588447996828288e-04,8.885085551402019388e-02,1.184587184944637522e-02,2.689078453139194247e-01,3.583704972725622329e-02,7.359852298043207362e-04,1.313181816853070281e-03,5.211275964063497891e-03,8.847588342020867771e-04,2.379528094770173505e-02,3.226912719741108909e-03
8.799999999999999489e-02,0.000000000000000000e+00,2.111529403303524267e-03,2.786997949912262823e-03,2.183954870508270606e-03,2.794458706078161749e-03,1.000000000000000000e+00,1.000000000000000000e+00,7.139411250222020642e-04,1.310179768094079950e-03,2.024165173160058420e-03,1.863042056081104091e-04,9.120280587080210888e-02,1.197463322505310825e-02,2.791005421620740834e-01,3.644914381365096934e-02,7.237002037735281888e-04,1.313004197346109500e-03,3.259431933014914594e-03,7.690673527756799934e-04,2.435294422343999357e-02,3.249798251183007476e-03
8.849999999999999534e-02,0.000000000000000000e+00,2.112880104431799286e-03,2.787091803166240334e-03,2.184207470623444804e-03,2.794511627502419340e-03,1.000000000000000000e+00,1.000000000000000000e+00,7.149758221158314300e-04,1.310273621348057894e-03,2.069394187258814799e-03,1.877065079558945450e-04,9.312501789894191140e-02,1.207032080917604458e-02,2.845747138664933562e-01,3.671126557137412150e-02,7.253560070923558084e-04,1.313381134017865349e-03,3.363517052699932421e-03,7.387238947935910504e-04,2.435294422343999357e-02,3.249798251183007476e-03
8.899999999999999578e-02,0.000000000000000000e+00,2.114311527952594198e-03,2.787188680332457376e-03,2.184460929167315619e-03,2.794565669817164564e-03,1.000000000000000000e+00,1.000000000000000000e+00,7.160723561496862375e-04,1.310370498514274503e-03,2.193068067709626374e-03,1.937543324332499563e-04,9.508196503334370719e-02,1.216096657380567360e-02,2.905796342212553784e-01,3.698343892742687183e-02,7.271002008485671084e-04,1.313744455396039174e-03,3.612709126757370631e-03,7.145946499113962208e-04,2.435294422343999357e-02,3.249798251183007476e-03
8.949999999999999623e-02,0.000000000000000000e+00,2.115875074652973607e-03,2.787291352960793306e-03,2.184715206580566723e-03,2.794620845382579308e-03,1.000000000000000000e+00,1.000000000000000000e+00,7.172701024110689867e-04,1.310473171142610650e-03,2.395492522765587263e-03,2.053452566723322666e-04,9.625776086566170675e-02,1.219891895185886560e-02,2.935502880177843776e-01,3.705694181352799099e-02,7.290055759466919404e-04,1.314097172816897259e-03,4.007953282100482593e-03,6.962971643856533284e-04,2.435294422343999357e-02,3.249798251183007476e-03
8.999999999999999667e-02,0.000000000000000000e+00,2.117600464901915006e-03,2.787401824425751306e-03,2.184970263380786419e-03,2.794677166517893843e-03,1.000000000000000000e+00,1.000000000000000000e+00,7.185918280234822233e-04,1.310583642607568650e-03,2.643451224826401207e-03,2.209429299161190020e-04,9.855261863215547535e-02,1.267059409544504973e-02,3.015506687844656253e-01,3.886106507780177910e-02,7.208999193075425228e-04,1.313066593495223772e-03,3.160456916898709591e-03,5.020983273186148963e-04,2.473618817861265515e-02,3.301301631302661597e-03
9.049999999999999711e-02,0.000000000000000000e+00,2.119547338523755306e-03,2.787529109327510982e-03,2.185226060180520038e-03,2.794734645499168113e-03,1.000000000000000000e+00,1.000000000000000000e+00,7.200832197429477390e-04,1.310710927509328109e-03,2.982783438931028378e-03,2.545698035188778533e-04,1.004818180871707711e-01,1.346248872968907988e-02,3.072094361666913298e-01,4.154398782574954263e-02,7.226333029567967798e-04,1.313319787490479585e-03,3.771827346144254484e-03,5.106515093708441019e-04,2.473618817861265515e-02,3.301301631302661597e-03
9.099999999999999756e-02,0.000000000000000000e+00,2.121765024994941295e-03,2.787685347032679319e-03,2.185482557705318001e-03,2.794793294557065648e-03,1.000000000000000000e+00,1.000000000000000000e+00,7.217820661407800499e-04,1.310867165214496663e-03,3.397692795664684646e-03,3.124754103371357359e-04,9.877854665371746390e-02,1.326580101317653866e-02,2.991010070858057812e-01,4.012154292721975546e-02,7.247073751523575285e-04,1.313589546348945024e-03,4.522927432948275692e-03,5.682620815533325973e-04,2.473618817861265515e-02,3.301301631302661597e-03
9.149999999999999800e-02,0.000000000000000000e+00,2.124204590096918140e-03,2.787863214622232546e-03,2.185739716811772176e-03,2.794853125874612303e-03,1.000000000000000000e+00,1.000000000000000000e+00,7.236508814307765101e-04,1.311045032804049890e-03,3.737630579992945196e-03,3.557351791065365494e-04,9.704337336542259718e-02,1.306699220894274628e-02,2.939418635630322019e-01,3.953036486486813383e-02,7.271221395987131995e-04,1.313884866058618673e-03,5.134853192430599220e-03,6.129190521592925824e-04,2.473618817861265515e-02,3.301301631302661597e-03
9.199999999999999845e-02,0.000000000000000000e+00,2.126816581994283618e-03,2.788057323421034780e-03,2.185997498505562638e-03,2.794914151584967574e-03,1.000000000000000000e+00,1.000000000000000000e+00,7.256517833092250005e-04,1.311239141602851908e-03,4.001803756897074488e-03,3.882175976039304254e-04,9.533970937349697805e-02,1.410127802958067132e-02,2.889043168703293585e-01,4.372667365634887171e-02,7.318923263999481312e-04,1.310828681540458394e-03,5.877204075324710467e-03,2.072611653129544399e-04,2.465809456066316366e-02,3.427574779435150175e-03
9.249999999999999889e-02,0.000000000000000000e+00,2.129552865877147594e-03,2.788283857994275361e-03,2.186255863959500091e-03,2.794976383769196774e-03,1.000000000000000000e+00,1.000000000000000000e+00,7.277478983724889727e-04,1.311465676176092922e-03,4.192230126527888776e-03,4.530691464820823860e-04,9.357834721369306941e-02,1.461228815737136179e-02,2.835885298545436917e-01,4.484785812758269874e-02,7.349169812339144967e-04,1.310953140670779180e-03,6.220635391184987581e-03,2.904095121218453011e-04,2.465809456066316366e-02,3.427574779435150175e-03
9.299999999999999933e-02,0.000000000000000000e+00,2.132364984296106734e-03,2.788544927569151267e-03,2.186514774531576107e-03,2.795039834454039317e-03,1.000000000000000000e+00,1.000000000000000000e+00,7.299021060607250276e-04,1.311726745750968395e-03,4.308415376472112500e-03,5.221391497509463670e-04,9.174927433641072438e-02,1.484789555699312508e-02,2.780315873145280947e-01,4.534744160933257273e-02,7.380785141654045648e-04,1.311126880280051891e-03,6.424980839369180338e-03,4.043215990354792275e-04,2.465809456066316366e-02,3.427574779435150175e-03
9.349999999999999978e-02,0.000000000000000000e+00,2.135203469084614916e-03,2.788836875662640755e-03,2.186774191782996438e-03,2.795104515609674392e-03,1.000000000000000000e+00,1.000000000000000000e+00,7.320765115598396435e-04,1.312018693844458099e-03,4.348810998229178833e-03,5.838961869793651317e-04,8.987922029602424256e-02,1.485721782445584803e-02,2.723452726389946621e-01,4.520110932382045976e-02,7.413064842806974192e-04,1.311360902890802401e-03,6.486658104837074966e-03,5.315135037760404741e-04,2.465809456066316366e-02,3.427574779435150175e-03
9.400000000000000022e-02,0.000000000000000000e+00,2.138018432262675950e-03,2.789152332979175954e-03,2.187034077496234283e-03,2.795170439147493576e-03,1.000000000000000000e+00,1.000000000000000000e+00,7.342328984599778841e-04,1.312334151160993298e-03,4.312773800276488954e-03,6.309146330704497926e-04,9.051641067534410556e-02,1.731765864633809035e-02,2.764029726993860181e-01,5.476282252927755501e-02,7.375854927272553927e-04,1.308059462376008446e-03,5.503156112916606120e-03,1.907648489624365427e-04,2.491822747368248672e-02,3.562398141186833966e-03
9.450000000000000067e-02,0.000000000000000000e+00,2.140828213272880261e-03,2.789525870646530729e-03,2.187294393693069681e-03,2.795237616917869115e-03,1.000000000000000000e+00,1.000000000000000000e+00,7.363853155892261838e-04,1.312707688828348290e-03,4.304834258496674157e-03,7.470753347098543816e-04,8.970174284957739552e-02,1.709931852384725601e-02,2.726922004246588593e-01,5.184945298474514380e-02,7.403222738391656080e-04,1.308221066885936279e-03,5.443979593247057214e-03,4.551347380764839872e-04,2.491822747368248672e-02,3.562398141186833966e-03
9.500000000000000111e-02,0.000000000000000000e+00,2.143613637796127919e-03,2.789938428155217497e-03,2.187555102652633671e-03,2.795306060707921335e-03,1.000000000000000000e+00,1.000000000000000000e+00,7.385190745669873314e-04,1.313120246337035057e-03,4.267517955522214489e-03,8.251150173735437559e-04,8.892827510277767633e-02,1.612521441779744130e-02,2.703699692973755564e-01,4.827624556944560413e-02,7.430139114099099410e-04,1.308510680286083683e-03,5.322704001480710670e-03,7.028278916004133438e-04,2.491822747368248672e-02,3.562398141186833966e-03
9.550000000000000155e-02,0.000000000000000000e+00,2.146356329688459564e-03,2.790362576504160606e-03,2.187816166929453313e-03,2.795375782239287350e-03,1.000000000000000000e+00,1.000000000000000000e+00,7.406200984502953272e-04,1.313544394685977734e-03,4.202047766615973380e-03,8.482966978854971241e-04,8.834305258196167854e-02,1.531208215212882633e-02,2.687332401588276576e-01,4.595684889624705033e-02,7.456303264126595441e-04,1.308908240456865693e-03,5.143205000218047454e-03,8.870407652196200549e-04,2.491822747368248672e-02,3.562398141186833966e-03
9.600000000000000200e-02,0.000000000000000000e+00,2.149041848466880060e-03,2.790779946264136668e-03,2.188077549371495421e-03,2.795446793165893250e-03,1.000000000000000000e+00,1.000000000000000000e+00,7.426773251873960719e-04,1.313961764445954012e-03,4.114453474201547507e-03,8.347395199527032125e-04,8.981656765572117174e-02,1.362310937980519207e-02,2.749230724359076339e-01,4.008750973014824082e-02,7.437799891443492954e-04,1.312814512572843366e-03,4.353976804168886716e-03,1.463550125728668456e-03,2.508179891597706046e-02,3.433906064262243121e-03
9.650000000000000244e-02,0.000000000000000000e+00,2.151710445429778819e-03,2.791161616259108316e-03,2.188339213138210289e-03,2.795519105071721071e-03,1.000000000000000000e+00,1.000000000000000000e+00,7.447215890617488697e-04,1.314343434440925660e-03,4.088527748705520111e-03,7.633399899433923738e-04,9.083354948810559715e-02,1.170249259944106460e-02,2.776052191022433391e-01,3.404880084077693131e-02,7.459258708943366113e-04,1.313555681544202039e-03,4.229709929086005946e-03,1.501025124347295930e-03,2.508179891597706046e-02,3.433906064262243121e-03
9.700000000000000289e-02,0.000000000000000000e+00,2.154387275798655410e-03,2.791484186902346357e-03,2.188601121718573676e-03,2.795592729468576211e-03,1.000000000000000000e+00,1.000000000000000000e+00,7.467721600909990902e-04,1.314666005084163701e-03,4.101142058500492106e-03,6.451412864761324299e-04,9.056558763247848920e-02,1.074432680783577419e-02,2.757010523658999790e-01,3.193158113628120909e-02,7.480292990124527003e-04,1.314285539068058744e-03,4.184011616148172047e-03,1.418537249730855232e-03,2.508179891597706046e-02,3.433906064262243121e-03
9.750000000000000333e-02,0.000000000000000000e+00,2.157061180626955281e-03,2.791747911518177583e-03,2.188863238949134010e-03,2.795667677793858309e-03,1.000000000000000000e+00,1.000000000000000000e+00,7.488204900261469146e-04,1.314929729699994710e-03,4.096659870295545590e-03,5.274492316621165033e-04,8.989394205406237015e-02,1.088458512634458628e-02,2.733197005528039125e-01,3.325881387066400435e-02,7.501047697760500040e-04,1.314959435321519593e-03,4.117921087396489432e-03,1.277296020842079612e-03,2.508179891597706046e-02,3.433906064262243121e-03
9.800000000000000377e-02,0.000000000000000000e+00,2.159710880925645813e-03,2.791971290077112800e-03,2.189125529032053506e-03,2.795743961408329956e-03,1.000000000000000000e+00,1.000000000000000000e+00,7.508502782158896259e-04,1.315153108258930144e-03,4.059576379485347296e-03,4.467571178709545793e-04,8.992926830180103526e-02,1.245148190158794008e-02,2.740165442201533685e-01,3.920008348450788188e-02,7.518695118016292421e-04,1.314349945490330589e-03,3.966498873195226788e-03,9.885580223664963001e-04,2.509172365119106962e-02,3.479435890079131399e-03
9.850000000000000422e-02,0.000000000000000000e+00,2.162335715712256860e-03,2.792191371084570481e-03,2.189387956553155365e-03,2.795821591593886275e-03,1.000000000000000000e+00,1.000000000000000000e+00,7.528610183182783862e-04,1.315373189266387825e-03,4.021480204777547370e-03,4.401620149153820448e-04,8.943872835072770588e-02,1.233073068021386595e-02,2.720672140343848855e-01,3.739154369494787633e-02,7.538241185475855373e-04,1.314835024893030438e-03,3.852075994806838845e-03,9.518124693706304842e-04,2.509172365119106962e-02,3.479435890079131399e-03
9.900000000000000466e-02,0.000000000000000000e+00,2.164922396105862200e-03,2.792406463780437546e-03,2.189650486499964029e-03,2.795900579551321465e-03,1.000000000000000000e+00,1.000000000000000000e+00,7.548425304599245015e-04,1.315588281962255107e-03,3.963024283292219431e-03,4.301853917345464145e-04,8.907442554624944719e-02,1.224423365401539066e-02,2.710495307650598873e-01,3.715569570225476376e-02,7.557123590555948987e-04,1.315299931146041591e-03,3.701107254854595682e-03,9.078801139017219453e-04,2.509172365119106962e-02,3.479435890079131399e-03
9.950000000000000511e-02,0.000000000000000000e+00,2.167461174063615385e-03,2.792615641993057701e-03,2.189913084279750208e-03,2.795980936398101413e-03,1.000000000000000000e+00,1.000000000000000000e+00,7.567873472067743754e-04,1.315797460174874828e-03,3.889633493699817552e-03,4.183564252393231282e-04,8.881548961522160723e-02,1.218603246359202009e-02,2.703277720215377933e-01,3.699994003113211277e-02,7.575184833802723261e-04,1.315741626100640346e-03,3.523665668749211867e-03,8.589777846397592250e-04,2.509172365119106962e-02,3.479435890079131399e-03
1.000000000000000056e-01,0.000000000000000000e+00,2.169945256476653664e-03,2.792818516819111675e-03,2.190175715737575912e-03,2.796062673166129376e-03,1.000000000000000000e+00,1.000000000000000000e+00,7.586902647355320143e-04,1.316000335000929236e-03,3.805835057515309823e-03,4.057496521089492040e-04,9.034396973346657533e-02,1.368439373446050933e-02,2.764539351594620942e-01,4.286495504731011041e-02,7.567378404509815439e-04,1.314214404546101660e-03,3.004555732633548779e-03,5.547119953182267586e-04,2.518513855395557166e-02,3.552252250922165958e-03
1.005000000000000060e-01,0.000000000000000000e+00,2.172416159561313745e-03,2.793040874381218577e-03,2.190438347174338170e-03,2.796145800799516423e-03,1.000000000000000000e+00,1.000000000000000000e+00,7.605830863130212975e-04,1.316222692563035705e-03,3.785643154978662710e-03,4.447151242127869069e-04,9.065552870610738001e-02,1.407434738606273827e-02,2.763516571975769831e-01,4.311204151080527680e-02,7.582185411808616904e-04,1.314500386005856315e-03,2.918358279775810828e-03,5.891363223515154674e-04,2.518513855395557166e-02,3.552252250922165958e-03
1.010000000000000064e-01,0.000000000000000000e+00,2.174883033083209634e-03,2.793283066358969238e-03,2.190700945364811025e-03,2.796230330152351014e-03,1.000000000000000000e+00,1.000000000000000000e+00,7.624728210663471147e-04,1.316464884540786582e-03,3.779469506651736768e-03,4.843839555019690104e-04,9.023058031952969904e-02,1.372289080436445499e-02,2.744330542589248356e-01,4.142615782139393715e-02,7.596622655485371850e-04,1.314809533878762930e-03,2.856604310013531340e-03,6.473307063790249317e-04,2.518513855395557166e-02,3.552252250922165958e-03
1.015000000000000069e-01,0.000000000000000000e+00,2.177335116874189007e-03,2.793533077709397898e-03,2.190963477575692299e-03,2.796316271986465547e-03,1.000000000000000000e+00,1.000000000000000000e+00,7.643512262284889863e-04,1.316714895891215459e-03,3.756810324283808757e-03,5.000227008577496886e-04,8.990829070688367841e-02,1.343657046796987997e-02,2.735357760293342100e-01,4.061891945663031328e-02,7.610670877757281291e-04,1.315142121302932373e-03,2.762813275405630840e-03,6.829374162350042516e-04,2.518513855395557166e-02,3.552252250922165958e-03
1.020000000000000073e-01,0.000000000000000000e+00,2.179764069158997807e-03,2.793783280386053121e-03,2.191225911583644277e-03,2.796403636969208104e-03,1.000000000000000000e+00,1.000000000000000000e+00,7.662119116288675959e-04,1.316965098567870682e-03,3.721370800757167925e-03,5.004053533105305620e-04,8.795974973402510833e-02,1.413869258376597438e-02,2.662303296757173032e-01,4.359025877157934881e-02,7.657373688624275311e-04,1.314538394877885893e-03,3.075791727228932484e-03,5.770478407061364542e-04,2.506082354781369315e-02,3.587824990764093905e-03
1.025000000000000078e-01,0.000000000000000000e+00,2.182117447456368309e-03,2.794044714321297727e-03,2.191488215693340909e-03,2.796492435671211595e-03,1.000000000000000000e+00,1.000000000000000000e+00,7.680147039961251988e-04,1.317226532503115071e-03,3.605584734515271308e-03,5.228678704886118500e-04,8.734495488700334820e-02,1.404475119532018652e-02,2.654632647781967059e-01,4.263281084778897806e-02,7.672118970276918829e-04,1.314841245537245020e-03,2.822755591257057346e-03,6.342325285897121301e-04,2.506082354781369315e-02,3.587824990764093905e-03
1.030000000000000082e-01,0.000000000000000000e+00,2.184380323341028086e-03,2.794309910241737915e-03,2.191750358755508929e-03,2.796582678564158569e-03,1.000000000000000000e+00,1.000000000000000000e+00,7.697481674930366962e-04,1.317491728423555043e-03,3.466926993823093647e-03,5.303918408800328789e-04,8.760277393662571632e-02,1.371060878675829306e-02,2.669381147201135840e-01,4.141757435096284079e-02,7.685488069489079506e-04,1.315171042925587092e-03,2.525409823234540593e-03,6.848464723216631401e-04,2.506082354781369315e-02,3.587824990764093905e-03
1.035000000000000087e-01,0.000000000000000000e+00,2.186561286907577617e-03,2.794568859764254461e-03,2.192012310184974621e-03,2.796674376018555563e-03,1.000000000000000000e+00,1.000000000000000000e+00,7.714188825138371336e-04,1.317750677946072022e-03,3.341430041600777345e-03,5.178990450337904406e-04,8.785703084150728315e-02,1.343919573314536833e-02,2.676590797894946028e-01,4.064498141856387470e-02,7.697427606265916768e-04,1.315520780030833255e-03,2.250891779698181543e-03,7.140321703418479101e-04,2.506082354781369315e-02,3.587824990764093905e-03
1.040000000000000091e-01,0.000000000000000000e+00,2.188668121052977922e-03,2.794815955204302781e-03,2.192274039978703640e-03,2.796767538301497477e-03,1.000000000000000000e+00,1.000000000000000000e+00,7.730328111034944763e-04,1.317997773386120341e-03,3.227857179314707822e-03,4.941908800968481926e-04,8.770857554666215694e-02,1.363854169947076311e-02,2.668234963086291711e-01,4.164373068006187173e-02,7.716788702258118009e-04,1.315694133258748719e-03,2.112085728530817361e-03,7.017128274155878202e-04,2.502808726585033228e-02,3.594817391722142288e-03
1.044999999999999957e-01,0.000000000000000000e+00,2.190697239825462571e-03,2.795055682240691307e-03,2.192535518733849075e-03,2.796862175574439755e-03,1.000000000000000000e+00,1.000000000000000000e+00,7.745872062635847464e-04,1.318237500422508868e-03,3.108790320180630437e-03,4.794540727771626405e-04,8.799996902281057021e-02,1.338307784755366631e-02,2.680378845104682828e-01,4.047698561191483829e-02,7.726703932464048814e-04,1.316050850037717330e-03,1.854468143156618679e-03,7.250954925755959081e-04,2.502808726585033228e-02,3.594817391722142288e-03
1.049999999999999961e-01,0.000000000000000000e+00,2.192657301394416135e-03,2.795283193794565867e-03,2.192796717665792573e-03,2.796958297890967532e-03,1.000000000000000000e+00,1.000000000000000000e+00,7.760887005366523149e-04,1.318465011976383211e-03,3.002988546135133916e-03,4.550231077487281632e-04,8.827365952822385786e-02,1.317844678426365566e-02,2.688129426489246354e-01,3.989299251159370008e-02,7.735393699887479265e-04,1.316415193273249001e-03,1.621856784884149940e-03,7.322498157819130795e-04,2.502808726585033228e-02,3.594817391722142288e-03
1.054999999999999966e-01,0.000000000000000000e+00,2.194555981497187287e-03,2.795496621531796261e-03,2.193057608626190237e-03,2.797055915194559574e-03,1.000000000000000000e+00,1.000000000000000000e+00,7.775431738786408751e-04,1.318678439713613388e-03,2.908946683977189050e-03,4.268554744605634129e-04,8.852913964657074808e-02,1.301672218659409748e-02,2.695367374430455154e-01,3.943111469499251814e-02,7.742978994411930374e-04,1.316779886822856379e-03,1.412637823272398178e-03,7.265217016415510039e-04,2.502808726585033228e-02,3.594817391722142288e-03
1.059999999999999970e-01,0.000000000000000000e+00,2.196400170612720828e-03,2.795695971557260375e-03,2.193318164121014179e-03,2.797155037316365229e-03,1.000000000000000000e+00,1.000000000000000000e+00,7.789559047026559015e-04,1.318877789739077719e-03,2.825461648030010760e-03,3.987000509287695984e-04,8.932159249830097514e-02,1.241381245721918415e-02,2.723653999681706073e-01,3.721919981375915870e-02,7.746734645771105338e-04,1.317842931672610863e-03,1.188347882626607406e-03,8.020453987882703462e-04,2.503871945454421225e-02,3.568453144158621748e-03
1.064999999999999974e-01,0.000000000000000000e+00,2.198211102889361356e-03,2.795874290226105577e-03,2.193578357328599283e-03,2.797255673972965772e-03,1.000000000000000000e+00,1.000000000000000000e+00,7.803431593100411444e-04,1.319056108407923138e-03,2.774509214770410313e-03,3.566373376909038120e-04,8.943170385230048147e-02,1.239025083463851130e-02,2.720977139054999716e-01,3.762971166092104330e-02,7.752360817004555395e-04,1.318231290864268872e-03,1.062343543894956732e-03,7.514746968690380830e-04,2.503871945454421225e-02,3.568453144158621748e-03
1.069999999999999979e-01,0.000000000000000000e+00,2.199990730644028544e-03,2.796038244639027608e-03,2.193838162117684766e-03,2.797357834764149179e-03,1.000000000000000000e+00,1.000000000000000000e+00,7.817064332623240887e-04,1.319220062820844952e-03,2.726547904565833434e-03,3.279088258435230345e-04,8.954036879096032020e-02,1.238166375632188468e-02,2.724080040523073065e-01,3.760782730300301496e-02,7.757381357621572588e-04,1.318594122906834856e-03,9.460790490781194502e-04,6.999396360251350195e-04,2.503871945454421225e-02,3.568453144158621748e-03
1.074999999999999983e-01,0.000000000000000000e+00,2.201741418012528352e-03,2.796192359903647978e-03,2.194097553065458769e-03,2.797461529170674945e-03,1.000000000000000000e+00,1.000000000000000000e+00,7.830475375926022018e-04,1.319374178085465322e-03,2.682208660556278240e-03,3.082305292408569716e-04,8.964611747711173639e-02,1.238535846860515724e-02,2.727095421824823895e-01,3.762358263036912759e-02,7.761844441596568289e-04,1.318931182972474594e-03,8.393445247893041410e-04,6.483877956241278304e-04,2.503871945454421225e-02,3.568453144158621748e-03
1.079999999999999988e-01,0.000000000000000000e+00,2.203465711254921217e-03,2.796339724507481903e-03,2.194356505475601217e-03,2.797566766552044525e-03,1.000000000000000000e+00,1.000000000000000000e+00,7.843684228492445740e-04,1.319521542689299463e-03,2.641770513284734910e-03,2.947292076682492723e-04,8.754197163887306177e-02,1.230788087673611968e-02,2.644325322298166636e-01,3.731546739418870745e-02,7.826399125369600711e-04,1.319641895160998364e-03,1.528204504534853587e-03,6.493945333341600082e-04,2.481168408133132761e-02,3.553496337015903637e-03
1.084999999999999992e-01,0.000000000000000000e+00,2.205106691234071364e-03,2.796480934917898800e-03,2.194614995396332313e-03,2.797673556144272648e-03,1.000000000000000000e+00,1.000000000000000000e+00,7.856254864435422130e-04,1.319662753099715927e-03,2.514127188595312659e-03,2.824208208330305841e-04,8.559523988312779663e-02,1.227055787024202739e-02,2.586211272262225469e-01,3.723295163549963926e-02,7.833452205998719898e-04,1.319953163157273294e-03,1.293456032631680463e-03,5.957696131572191248e-04,2.481168408133132761e-02,3.553496337015903637e-03
1.089999999999999997e-01,0.000000000000000000e+00,2.206612708124718741e-03,2.796614998915691701e-03,2.194872999638449763e-03,2.797781907057652999e-03,1.000000000000000000e+00,1.000000000000000000e+00,7.867791623138660527e-04,1.319796817097509262e-03,2.307351740647755386e-03,2.681279955868567737e-04,8.622416940975921595e-02,1.231099033516857774e-02,2.626490848113242627e-01,3.741753592702619369e-02,7.838965841172340372e-04,1.320237175897958021e-03,9.127150716167872942e-04,5.403779648655164568e-04,2.481168408133132761e-02,3.553496337015903637e-03
1.095000000000000001e-01,0.000000000000000000e+00,2.208002519300016758e-03,2.796740548653901641e-03,2.195130495793376837e-03,2.797891828274527357e-03,1.000000000000000000e+00,1.000000000000000000e+00,7.878438194416878841e-04,1.319922366835718768e-03,2.129314255643568587e-03,2.510994764191268758e-04,8.696175813485643169e-02,1.235707654841879111e-02,2.649109215321692190e-01,3.755687711799002987e-02,7.842706743326142678e-04,1.320494267109373647e-03,5.842681787362447553e-04,4.880785208111597406e-04,2.481168408133132761e-02,3.553496337015903637e-03
1.100000000000000006e-01,0.000000000000000000e+00,2.209297500036565363e-03,2.796857515688990457e-03,2.195387462251205662e-03,2.798003328647056046e-03,1.000000000000000000e+00,1.000000000000000000e+00,7.888358322388668974e-04,1.320039333870808018e-03,1.984025594357963392e-03,2.339340701785016141e-04,8.888063687603126040e-02,1.163008687187480628e-02,2.716798356424301453e-01,3.468898655562051292e-02,7.793329495821104107e-04,1.322843769082402560e-03,-3.540714804760917121e-04,7.139900992234722793e-04,2.500509257641732319e-02,3.474160272032999434e-03
1.105000000000000010e-01,0.000000000000000000e+00,2.210550588257705062e-03,2.796953780088795669e-03,2.195643878218740512e-03,2.798116416894987947e-03,1.000000000000000000e+00,1.000000000000000000e+00,7.897957535074086322e-04,1.320135598270613013e-03,1.919842537083489608e-03,1.925287996100349746e-04,9.069945874139911934e-02,1.113019740403231247e-02,2.770817247417969864e-01,3.335572289809723284e-02,7.791213630077076843e-04,1.323179286873296017e-03,-4.919995183265877224e-04,6.282345780276036218e-04,2.500509257641732319e-02,3.474160272032999434e-03
1.110000000000000014e-01,0.000000000000000000e+00,2.211809972800035315e-03,2.797030843391022648e-03,2.195899723737543274e-03,2.798231101603427043e-03,1.000000000000000000e+00,1.000000000000000000e+00,7.907604980378106973e-04,1.320212661572839775e-03,1.929489060804166333e-03,1.541266044535582048e-04,9.258452998842116310e-02,1.089183569964369443e-02,2.828536111220010807e-01,3.284518187383777404e-02,7.788759924784845407e-04,1.323464375314201916e-03,-4.894782121053478305e-04,5.123330276592583631e-04,2.500509257641732319e-02,3.474160272032999434e-03
1.115000000000000019e-01,0.000000000000000000e+00,2.213124952296276031e-03,2.797096166207533631e-03,2.196154979701972400e-03,2.798347391220600694e-03,1.000000000000000000e+00,1.000000000000000000e+00,7.917678307737215961e-04,1.320277984389350758e-03,2.014665471821826953e-03,1.306456330218749157e-04,9.240779770205087562e-02,1.119640132668178398e-02,2.805895196015364412e-01,3.422442232802312689e-02,7.786679229299719529e-04,1.323688123016937730e-03,-3.430758448050730963e-04,3.829001669647418200e-04,2.500509257641732319e-02,3.474160272032999434e-03
1.120000000000000023e-01,0.000000000000000000e+00,2.214488997658864075e-03,2.797163324958303401e-03,2.196409627877235309e-03,2.798465294055633122e-03,1.000000000000000000e+00,1.000000000000000000e+00,7.928127501438939941e-04,1.320345143140120529e-03,2.089838740344898780e-03,1.343175015395992207e-04,9.117038190828126443e-02,1.318515899911997490e-02,2.759624756381911515e-01,4.168919141954410823e-02,7.820622362162744402e-04,1.319856475000597993e-03,2.466307825127315480e-04,-2.446518338131738060e-04,2.487273602633912478e-02,3.623855185265008674e-03
1.125000000000000028e-01,0.000000000000000000e+00,2.215867856922124676e-03,2.797266074569090561e-03,2.196663650917423435e-03,2.798584818276309352e-03,1.000000000000000000e+00,1.000000000000000000e+00,7.938690176203580789e-04,1.320447892750907905e-03,2.112534952928077272e-03,2.054992215747621651e-04,8.995946179698008360e-02,1.495463368641305156e-02,2.723243961286820336e-01,4.688493571099066476e-02,7.821976616525613997e-04,1.319734414864029122e-03,2.949721598325951918e-04,-2.435861649786440902e-04,2.487273602633912478e-02,3.623855185265008674e-03
1.130000000000000032e-01,0.000000000000000000e+00,2.217230423229071302e-03,2.797415505831924668e-03,2.196917032383562465e-03,2.798705971906846092e-03,1.000000000000000000e+00,1.000000000000000000e+00,7.949128039681756111e-04,1.320597324013742012e-03,2.087572695635166869e-03,2.988625256682910132e-04,8.938466972729919302e-02,1.555491257022813614e-02,2.711165856255020601e-01,4.773379157072721313e-02,7.823339625302377703e-04,1.319640436756251787e-03,2.503127493465968564e-04,-1.325379247293756012e-04,2.487273602633912478e-02,3.623855185265008674e-03
1.135000000000000037e-01,0.000000000000000000e+00,2.218565177256461712e-03,2.797596073755469898e-03,2.197169756761652160e-03,2.798828762825662179e-03,1.000000000000000000e+00,1.000000000000000000e+00,7.959352848737888397e-04,1.320777891937287025e-03,2.044961811226530049e-03,3.611358470900123967e-04,8.958072438052835929e-02,1.507626358522592448e-02,2.723529205137221187e-01,4.538119453956336591e-02,7.824370683961270629e-04,1.319611010001558657e-03,1.622774291154776942e-04,1.454696933477666373e-05,2.487273602633912478e-02,3.623855185265008674e-03
1.140000000000000041e-01,0.000000000000000000e+00,2.219881376065168960e-03,2.797781359135170440e-03,2.197421809480714413e-03,2.798953198763146424e-03,1.000000000000000000e+00,1.000000000000000000e+00,7.969435516572387053e-04,1.320963177316988001e-03,2.016533566899837877e-03,3.705707594017702789e-04,8.750166299690601002e-02,1.418936524365314519e-02,2.641006791448107793e-01,4.234822665469095693e-02,7.915998651288450082e-04,1.322565007039228730e-03,1.270997927518969020e-03,5.087968220665018380e-04,2.453183159299730798e-02,3.514546583974519686e-03
1.145000000000000046e-01,0.000000000000000000e+00,2.221123936013663473e-03,2.797952547512781891e-03,2.197673176930832646e-03,2.799079287299425026e-03,1.000000000000000000e+00,1.000000000000000000e+00,7.978954078010251161e-04,1.321134365694599019e-03,1.903712287572925004e-03,3.423767552218529128e-04,8.573530497098783010e-02,1.324710297692190467e-02,2.589738501053976960e-01,3.943742222797450708e-02,7.921861703348272513e-04,1.322836918471405245e-03,1.074581392315862756e-03,5.787031533276230238e-04,2.453183159299730798e-02,3.514546583974519686e-03
1.150000000000000050e-01,0.000000000000000000e+00,2.222245658535707165e-03,2.798096043075085949e-03,2.197923846481197700e-03,2.799207035862133312e-03,1.000000000000000000e+00,1.000000000000000000e+00,7.987546971057583618e-04,1.321277861256903510e-03,1.718578609466459841e-03,2.869911246090210222e-04,8.410707133833936200e-02,1.192447268837688520e-02,2.540897750985680048e-01,3.508847358430548097e-02,7.926410402308494297e-04,1.323128896439016355e-03,7.455187212562081056e-04,5.891773841415546935e-04,2.453183159299730798e-02,3.514546583974519686e-03
1.155000000000000054e-01,0.000000000000000000e+00,2.223203065828258627e-03,2.798196851896551755e-03,2.198173806498153297e-03,2.799336451724182290e-03,1.000000000000000000e+00,1.000000000000000000e+00,7.994881136420186468e-04,1.321378670078368883e-03,1.466833072520651012e-03,2.016176429307730644e-04,8.466619729149081619e-02,1.155608724029878395e-02,2.575581259983059645e-01,3.476116505218307395e-02,7.929011848217485531e-04,1.323405475231140402e-03,2.959211257967516925e-04,5.172666942674161846e-04,2.453183159299730798e-02,3.514546583974519686e-03
1.160000000000000059e-01,0.000000000000000000e+00,2.224012384255995983e-03,2.798265448665459686e-03,2.198423046363237598e-03,2.799467542001529523e-03,1.000000000000000000e+00,1.000000000000000000e+00,8.001080875263009897e-04,1.321447266847277030e-03,1.239947768564751262e-03,1.371935378162161487e-04,8.457589215994812393e-02,1.408138862921780657e-02,2.566462351486145099e-01,4.486365911059647660e-02,7.946343132457683086e-04,1.318698828730174204e-03,1.129091088492668524e-04,-2.180126043185340833e-04,2.446867598096524876e-02,3.699679627239257917e-03
1.165000000000000063e-01,0.000000000000000000e+00,2.224676379675463896e-03,2.798359769621862163e-03,2.198671556491226930e-03,2.799600313650945672e-03,1.000000000000000000e+00,1.000000000000000000e+00,8.006167375276407186e-04,1.321541587803679290e-03,1.017300002679555858e-03,1.886419128043120884e-04,8.537404637570857047e-02,1.614205019312230788e-02,2.597407786621994119e-01,5.072630753750497629e-02,7.945911259758991823e-04,1.318601283210855783e-03,-2.848856350272104161e-04,-1.722544653423646252e-04,2.446867598096524876e-02,3.699679627239257917e-03
1.170000000000000068e-01,0.000000000000000000e+00,2.225238722895257152e-03,2.798476106268615263e-03,2.198919328348183412e-03,2.799734773467787551e-03,1.000000000000000000e+00,1.000000000000000000e+00,8.010475174262889249e-04,1.321657924450432607e-03,8.615597972965002198e-04,2.326732935064263570e-04,8.673611408456036176e-02,1.643921042292270304e-02,2.642916618749848179e-01,5.013452750395309965e-02,7.943654564175267130e-04,1.318558567637216367e-03,-6.171401651450473397e-04,1.057907829958831120e-06,2.446867598096524876e-02,3.699679627239257917e-03
1.175000000000000072e-01,0.000000000000000000e+00,2.225766358376080230e-03,2.798580150816866972e-03,2.199166354469493483e-03,2.799870928083762929e-03,1.000000000000000000e+00,1.000000000000000000e+00,8.014517096543659867e-04,1.321761968998684100e-03,8.083844561541175073e-04,2.080890965031239389e-04,8.748695142138722403e-02,1.578661211436533512e-02,2.660252585441768014e-01,4.733898240072206137e-02,7.940006739824209811e-04,1.318606633057192766e-03,-8.415409040838017427e-04,1.908341716323905604e-04,2.446867598096524876e-02,3.699679627239257917e-03
1.180000000000000077e-01,0.000000000000000000e+00,2.226287510441547074e-03,2.798669006606048764e-03,2.199412628477915091e-03,2.800008783964700980e-03,1.000000000000000000e+00,1.000000000000000000e+00,8.018509352981367929e-04,1.321850824787866108e-03,7.984512875415307768e-04,1.777115783640781670e-04,8.737318447389653964e-02,1.340326749233072476e-02,2.649387943201476636e-01,3.863083361555173789e-02,7.948016755419298317e-04,1.321088395720209415e-03,-8.420702233495344982e-04,6.427162435267605965e-04,2.442136146316177883e-02,3.611658972592523241e-03
1.185000000000000081e-01,0.000000000000000000e+00,2.226797160267079967e-03,2.798719965202533209e-03,2.199658145101622726e-03,2.800148347408322295e-03,1.000000000000000000e+00,1.000000000000000000e+00,8.022413497149225806e-04,1.321901783384350770e-03,7.808288335715649758e-04,1.019171929691771569e-04,8.800370745037063014e-02,1.298640989104706510e-02,2.674781352216658026e-01,3.902364922565659811e-02,7.943389473386121887e-04,1.321411208888656572e-03,-1.008502559327082142e-03,6.485129968971159236e-04,2.442136146316177883e-02,3.611658972592523241e-03
1.190000000000000085e-01,0.000000000000000000e+00,2.227308515884841248e-03,2.798772614742379983e-03,2.199902900192246373e-03,2.800289624542006296e-03,1.000000000000000000e+00,1.000000000000000000e+00,8.026330708443664766e-04,1.321954432924197327e-03,7.834422588878811556e-04,1.052990796930481905e-04,8.853056942571427279e-02,1.289330397261699221e-02,2.689870018284413189e-01,3.901893037333536984e-02,7.938055652718522962e-04,1.321730396146459079e-03,-1.124780206218784807e-03,6.282632158292679762e-04,2.442136146316177883e-02,3.611658972592523241e-03
1.195000000000000090e-01,0.000000000000000000e+00,2.227835360094931796e-03,2.798823351662649284e-03,2.200146890742922176e-03,2.800432621320562109e-03,1.000000000000000000e+00,1.000000000000000000e+00,8.030366569238957340e-04,1.322005169844466628e-03,8.071721590584208291e-04,1.014738405386951601e-04,8.896407184150334491e-02,1.282522028807434739e-02,2.702295890344687535e-01,3.883284571375083399e-02,7.932244834532805895e-04,1.322038049939636400e-03,-1.199380534089108333e-03,6.023904714864214763e-04,2.442136146316177883e-02,3.611658972592523241e-03
1.199999999999999956e-01,0.000000000000000000e+00,2.228383422443224078e-03,2.798874919007491441e-03,2.200390114906330095e-03,2.800577343523994248e-03,1.000000000000000000e+00,1.000000000000000000e+00,8.034564970402879695e-04,1.322056737189308785e-03,8.396802327844156422e-04,1.031346896844259218e-04,8.695999453580809113e-02,1.306019481323771741e-02,2.620883869639633046e-01,3.980402729210779506e-02,7.960103059099282383e-04,1.322366529557234601e-03,-7.992734333941609211e-04,5.770288133684535817e-04,2.429414880702714802e-02,3.610356591505286920e-03
1.204999999999999960e-01,0.000000000000000000e+00,2.228891748411737737e-03,2.798932119928649112e-03,2.200632572012740668e-03,2.800723796755274358e-03,1.000000000000000000e+00,1.000000000000000000e+00,8.038458973237607320e-04,1.322113938110466456e-03,7.788005669456193143e-04,1.144018423154021381e-04,8.747928074028973877e-02,1.298496172964712543e-02,2.657934140811131773e-01,3.931465108323794339e-02,7.955654898982335559e-04,1.322651324201749856e-03,-9.796242857940942392e-04,5.621678025605337907e-04,2.429414880702714802e-02,3.610356591505286920e-03
1.209999999999999964e-01,0.000000000000000000e+00,2.229388955302168650e-03,2.798982735825694852e-03,2.200874262588060903e-03,2.800871986438111666e-03,1.000000000000000000e+00,1.000000000000000000e+00,8.042267798992559693e-04,1.322164554007512196e-03,7.617651509904055851e-04,1.012317940915813028e-04,8.806356104082557756e-02,1.291196231596450708e-02,2.676129687864117757e-01,3.909140482751218004e-02,7.950409738587590472e-04,1.322927544279967234e-03,-1.118151586114515383e-03,5.427397231372948182e-04,2.429414880702714802e-02,3.610356591505286920e-03
1.214999999999999969e-01,0.000000000000000000e+00,2.229894022299973994e-03,2.799033037149308619e-03,2.201115188371872804e-03,2.801021917814716915e-03,1.000000000000000000e+00,1.000000000000000000e+00,8.046136836663271390e-04,1.322214855331125963e-03,7.738075341423241750e-04,1.006026472275098918e-04,8.854545921259161789e-02,1.285794000662235370e-02,2.689901723962250801e-01,3.894372782737393068e-02,7.944587949497682869e-04,1.323192954781226031e-03,-1.210363343680701843e-03,5.189383785609293868e-04,2.429414880702714802e-02,3.610356591505286920e-03
1.219999999999999973e-01,0.000000000000000000e+00,2.230416717290739648e-03,2.799083261050898299e-03,2.201355352335483163e-03,2.801173595943575855e-03,1.000000000000000000e+00,1.000000000000000000e+00,8.050140912594492713e-04,1.322265079232715643e-03,8.008151862443146441e-04,1.004478031795498418e-04,8.658892683391528067e-02,1.244882639288403398e-02,2.609902717933767491e-01,3.740093960308152332e-02,7.970437950031102102e-04,1.324155820796147015e-03,-8.488703823806955165e-04,5.841458118261750763e-04,2.417412518889208717e-02,3.583752351299459085e-03
1.224999999999999978e-01,0.000000000000000000e+00,2.230897637966551030e-03,2.799128230254984903e-03,2.201594758699963392e-03,2.801327025697215346e-03,1.000000000000000000e+00,1.000000000000000000e+00,8.053824978707359522e-04,1.322310048436802247e-03,7.368132225734654170e-04,8.993840817311896671e-05,8.729583125355433459e-02,1.247376966396807757e-02,2.653822028907711350e-01,3.784389101561941304e-02,7.965715175832095143e-04,1.324435498040578505e-03,-1.039851330853376003e-03,5.346485218319464499e-04,2.417412518889208717e-02,3.583752351299459085e-03
1.229999999999999982e-01,0.000000000000000000e+00,2.231371553720287292e-03,2.799171573916304709e-03,2.201833412954194106e-03,2.801482211759974243e-03,1.000000000000000000e+00,1.000000000000000000e+00,8.057455384003920501e-04,1.322353392098122270e-03,7.260810593121303511e-04,8.668732263989329593e-05,8.788127103956519526e-02,1.250345575636426648e-02,2.670484285419484904e-01,3.793690989846578571e-02,7.960178439079003670e-04,1.324690942935639621e-03,-1.174561380290957760e-03,4.872133337738097643e-04,2.417412518889208717e-02,3.583752351299459085e-03
1.234999999999999987e-01,0.000000000000000000e+00,2.231857112138117653e-03,2.799215402694827000e-03,2.202071321872911460e-03,2.801639158625771238e-03,1.000000000000000000e+00,1.000000000000000000e+00,8.061174977281807940e-04,1.322397220876644561e-03,7.439186555774504953e-04,8.765755704440703869e-05,8.836345732249714646e-02,1.253665051033471881e-02,2.684279035888463283e-01,3.804077729611872460e-02,7.954084287092861140e-04,1.324923255741388989e-03,-1.262905174783629340e-03,4.421165070473368364e-04,2.417412518889208717e-02,3.583752351299459085e-03
1.239999999999999991e-01,0.000000000000000000e+00,2.232362172617860865e-03,2.799260594071924929e-03,2.202308493534747835e-03,2.801797870595874873e-03,1.000000000000000000e+00,1.000000000000000000e+00,8.065043965021270181e-04,1.322442412253742490e-03,7.737975478923417435e-04,9.038275419568676805e-05,8.705799358421432987e-02,1.472642848048116848e-02,2.629573478979237433e-01,4.651761449672797699e-02,8.008498647930457296e-04,1.318268863452851580e-03,-5.236209545615619874e-04,-4.912335445551312303e-04,2.394614222755978711e-02,3.840929511233293417e-03
1.244999999999999996e-01,0.000000000000000000e+00,2.232843685796425705e-03,2.799343821393011043e-03,2.202544937340278168e-03,2.801958351776672254e-03,1.000000000000000000e+00,1.000000000000000000e+00,8.068732569968549472e-04,1.322525639574828387e-03,7.377209894559245062e-04,1.664546421718949946e-04,8.603455439238995306e-02,1.672254838838947710e-02,2.600837438825811532e-01,5.242344096606126741e-02,8.005562708238469745e-04,1.318040454073687428e-03,-6.504979411088638967e-04,-4.225284898889530025e-04,2.394614222755978711e-02,3.840929511233293417e-03
1.250000000000000000e-01,0.000000000000000000e+00,2.233291629290852162e-03,2.799445929880216028e-03,2.202780664030061508e-03,2.802120606077436460e-03,1.000000000000000000e+00,1.000000000000000000e+00,8.072164016215918093e-04,1.322627748062033372e-03,6.862892494737779818e-04,2.042169744098598584e-04,8.528991802849525405e-02,1.894137761127693415e-02,2.580464858286417029e-01,5.934797992413456957e-02,8.001800601357359627e-04,1.317877284104145008e-03,-8.539363330247878858e-04,-2.305173371806236611e-04,2.394614222755978711e-02,3.840929511233293417e-03
1.255000000000000004e-01,0.000000000000000000e+00,2.233708220782417569e-03,2.799573443646211860e-03,2.203015685702687347e-03,2.802284637208095688e-03,1.000000000000000000e+00,1.000000000000000000e+00,8.075355292187560161e-04,1.322755261828029204e-03,6.382551943284836505e-04,2.550275319917091584e-04,8.607899599912681443e-02,1.818536417448666023e-02,2.617289063984952757e-01,5.453305051193823444e-02,7.996885085260220776e-04,1.317844111602637595e-03,-1.111751886451392123e-03,9.719348530109117243e-05,2.394614222755978711e-02,3.840929511233293417e-03
1.260000000000000009e-01,0.000000000000000000e+00,2.234142862519011234e-03,2.799673081160158374e-03,2.203250015832818477e-03,2.802450448677006739e-03,1.000000000000000000e+00,1.000000000000000000e+00,8.078684841058212914e-04,1.322854899341975501e-03,6.659097741305354014e-04,1.992750278928045809e-04,8.499444391092104978e-02,1.596778910072171875e-02,2.568534929980875181e-01,4.654933662708956449e-02,8.037433890232303967e-04,1.323466827083958968e-03,-7.016224256986792682e-04,1.088427394926604107e-03,2.377158313522395594e-02,3.634703812800665727e-03
1.265000000000000013e-01,0.000000000000000000e+00,2.234544734507842335e-03,2.799748765829023368e-03,2.203483669289234281e-03,2.802618043788717653e-03,1.000000000000000000e+00,1.000000000000000000e+00,8.081763359097103886e-04,1.322930584010840712e-03,6.157036077780906561e-04,1.513693377302620174e-04,8.455681352855393129e-02,1.373885988187835937e-02,2.560611646080080961e-01,3.977156655866374846e-02,8.033280209916833980e-04,1.324050154421376954e-03,-9.593345605640219050e-04,1.244557332546638098e-03,2.377158313522395594e-02,3.634703812800665727e-03
1.270000000000000018e-01,0.000000000000000000e+00,2.234915161413378835e-03,2.799790926556353695e-03,2.203716662352874899e-03,2.802787425641739896e-03,1.000000000000000000e+00,1.000000000000000000e+00,8.084600993822783346e-04,1.322972744738171039e-03,5.675269451359621700e-04,8.432145466050960730e-05,8.498188978119024239e-02,1.150995841781472621e-02,2.580677946023545721e-01,3.299783412873537325e-02,8.027762035775481021e-04,1.324676362487729395e-03,-1.247356060366596516e-03,1.260220912211233897e-03,2.377158313522395594e-02,3.634703812800665727e-03
1.275000000000000022e-01,0.000000000000000000e+00,2.235280926043746973e-03,2.799809200451514653e-03,2.203949012734886248e-03,2.802958597126317501e-03,1.000000000000000000e+00,1.000000000000000000e+00,8.087402913448616055e-04,1.322991018633331997e-03,5.603839251664745899e-04,3.654779032194668137e-05,8.609125646087226191e-02,1.092249246042560629e-02,2.620106866695052772e-01,3.260465844340515451e-02,8.020893687954542151e-04,1.325275624188501341e-03,-1.499468521266649531e-03,1.137041963623816251e-03,2.377158313522395594e-02,3.634703812800665727e-03
1.280000000000000027e-01,0.000000000000000000e+00,2.235672779928025121e-03,2.799831672269763316e-03,2.204180739594662018e-03,2.803131560922195783e-03,1.000000000000000000e+00,1.000000000000000000e+00,8.090404688354275314e-04,1.323013490451580660e-03,6.003549811318927357e-04,4.494363649737880332e-05,8.466943331804678563e-02,1.254139797708180362e-02,2.555565623256135788e-01,3.939596151270766816e-02,8.042837736391347803e-04,1.324860720428192983e-03,-1.276458211002819230e-03,8.561863220011946881e-04,2.365974349498405072e-02,3.670059907374292277e-03
1.285000000000000031e-01,0.000000000000000000e+00,2.236033325309585811e-03,2.799880114404480931e-03,2.204411863557889997e-03,2.803306319496388747e-03,1.000000000000000000e+00,1.000000000000000000e+00,8.093166626214641285e-04,1.323061932586298058e-03,5.523875720731954509e-04,9.688426943491207398e-05,8.565219623410844085e-02,1.252787489076778900e-02,2.605693015582375427e-01,3.797708369301425191e-02,8.035804626817319310e-04,1.325273904845467943e-03,-1.536255556011484075e-03,7.966511110691986515e-04,2.365974349498405072e-02,3.670059907374292277e-03
1.290000000000000036e-01,0.000000000000000000e+00,2.236416088348940762e-03,2.799910788140556363e-03,2.204642406734593635e-03,2.803482875100950407e-03,1.000000000000000000e+00,1.000000000000000000e+00,8.096098761207931897e-04,1.323092606322373490e-03,5.864269986580144915e-04,6.134747215091101362e-05,8.646432580905968890e-02,1.253689888526133070e-02,2.628969746201848534e-01,3.801297563334628260e-02,8.027668333689912247e-04,1.325657260770273264e-03,-1.717878963458418888e-03,7.368739482610279449e-04,2.365974349498405072e-02,3.670059907374292277e-03
1.295000000000000040e-01,0.000000000000000000e+00,2.236823163238504074e-03,2.799953980524726507e-03,2.204872392737177063e-03,2.803661229770741756e-03,1.000000000000000000e+00,1.000000000000000000e+00,8.099217135778767054e-04,1.323135798706543851e-03,6.236749141671185832e-04,8.638476834077420162e-05,8.713575590924703407e-02,1.255219066005384097e-02,2.648250677106629425e-01,3.807219771515315404e-02,8.018784900770595638e-04,1.326011020604104997e-03,-1.835233202125423520e-03,6.782656004818203533e-04,2.365974349498405072e-02,3.670059907374292277e-03
1.300000000000000044e-01,0.000000000000000000e+00,2.237257676027369375e-03,2.799992652801756507e-03,2.205101846698468392e-03,2.803841385321201654e-03,1.000000000000000000e+00,1.000000000000000000e+00,8.102545696852509567e-04,1.323174470983573634e-03,6.657122147483992376e-04,7.734455405954083823e-05,8.648861156831394448e-02,1.462151533797532293e-02,2.617541456087534302e-01,4.609297634316097958e-02,8.027378430083945181e-04,1.324736390564205729e-03,-1.667103134038359479e-03,4.136580522046667124e-04,2.359256641790322129e-02,3.729981348786993479e-03
1.305000000000000049e-01,0.000000000000000000e+00,2.237684923963097205e-03,2.800070696356510638e-03,2.205330795289765604e-03,2.804023343346114666e-03,1.000000000000000000e+00,1.000000000000000000e+00,8.105818605922494782e-04,1.323252514538327982e-03,6.545818139971387901e-04,1.560871095088053287e-04,8.712395951663851057e-02,1.428327868372109011e-02,2.647699481011478451e-01,4.303658504098482884e-02,8.018776375589610223e-04,1.324959815698826529e-03,-1.773479998913922613e-03,4.799056558657979581e-04,2.359256641790322129e-02,3.729981348786993479e-03
1.310000000000000053e-01,0.000000000000000000e+00,2.238134251838197128e-03,2.800124985361127951e-03,2.205559266738875944e-03,2.804207105215378477e-03,1.000000000000000000e+00,1.000000000000000000e+00,8.109260657141080996e-04,1.323306803542945295e-03,6.884102437171766252e-04,1.085780092344379650e-04,8.763890675875761482e-02,1.401350590841820253e-02,2.662399623028900431e-01,4.226331586990789840e-02,8.009767461875389599e-04,1.325210894233797097e-03,-1.829942018787516448e-03,5.243129348379365305e-04,2.359256641790322129e-02,3.729981348786993479e-03
1.315000000000000058e-01,0.000000000000000000e+00,2.238601762636186192e-03,2.800187465698638495e-03,2.205787290848166583e-03,2.804392672072776940e-03,1.000000000000000000e+00,1.000000000000000000e+00,8.112841997630057317e-04,1.323369283880455622e-03,7.162680977951902880e-04,1.249606750208109721e-04,8.805505653769073182e-02,1.378741414093419271e-02,2.674268548784393129e-01,4.162047854027259297e-02,8.000576821029876592e-04,1.325479833671018353e-03,-1.846247986596399708e-03,5.513821907636259250e-04,2.359256641790322129e-02,3.729981348786993479e-03
1.320000000000000062e-01,0.000000000000000000e+00,2.239091152250745342e-03,2.800245088123949361e-03,2.206014899012601407e-03,2.804580044833745317e-03,1.000000000000000000e+00,1.000000000000000000e+00,8.116590939577587307e-04,1.323426906305766705e-03,7.497883895059381755e-04,1.152448506219794526e-04,8.606334600055422224e-02,1.503349334130265301e-02,2.593488685808970629e-01,4.664990752968795062e-02,8.089709508754776420e-04,1.321438274948307477e-03,-5.545257453646815909e-04,3.400046416835084996e-06,2.322421190392875284e-02,3.891838153931616914e-03
1.325000000000000067e-01,0.000000000000000000e+00,2.239537806066993746e-03,2.800327877228070590e-03,2.206242124237790380e-03,2.804769224183140293e-03,1.000000000000000000e+00,1.000000000000000000e+00,8.120012506316938048e-04,1.323509695409887717e-03,6.843133478700774491e-04,1.655782082418385062e-04,8.434680560520219084e-02,1.609274551273263618e-02,2.543584488406469557e-01,4.971510758507932670e-02,8.086686539911643002e-04,1.321458503786761838e-03,-6.544567029405940622e-04,7.737118779525765846e-05,2.322421190392875284e-02,3.891838153931616914e-03
1.330000000000000071e-01,0.000000000000000000e+00,2.239921733496283429e-03,2.800413862321402513e-03,2.206469001158029800e-03,2.804960210573009122e-03,1.000000000000000000e+00,1.000000000000000000e+00,8.122953561054620545e-04,1.323595680503220073e-03,5.882109475365409094e-04,1.719701866647283472e-04,8.258996963464253216e-02,1.716086896311953477e-02,2.489653109167693223e-01,5.296101899629375442e-02,8.082838867397316909e-04,1.321531991527395916e-03,-8.841526143781976502e-04,2.163077402935220141e-04,2.322421190392875284e-02,3.891838153931616914e-03
1.335000000000000075e-01,0.000000000000000000e+00,2.240236143312944028e-03,2.800505620074750235e-03,2.206695566054348197e-03,2.805153004220360506e-03,1.000000000000000000e+00,1.000000000000000000e+00,8.125362079983770814e-04,1.323687438256567579e-03,4.817037858300747782e-04,1.835155066950061641e-04,8.292066446012685832e-02,1.692169643305538665e-02,2.517099859300784281e-01,5.112381522109407661e-02,8.077513780217263333e-04,1.321691167234269456e-03,-1.245162501143998006e-03,4.199943297868283026e-04,2.322421190392875284e-02,3.891838153931616914e-03
1.340000000000000080e-01,0.000000000000000000e+00,2.240551996489949065e-03,2.800576926841265996e-03,2.206921856872550054e-03,2.805347605104929407e-03,1.000000000000000000e+00,1.000000000000000000e+00,8.127781655694634160e-04,1.323758745023083340e-03,4.839151421726182057e-04,1.426135330314484456e-04,8.260447399898128429e-02,1.442925642461107862e-02,2.502005260001263220e-01,4.163588345152181847e-02,8.094327949695624127e-04,1.327146681062019032e-03,-1.266876952356803341e-03,1.281023094327466251e-03,2.313478606798579848e-02,3.697073684062720904e-03
1.345000000000000084e-01,0.000000000000000000e+00,2.240853000754209311e-03,2.800619218231737220e-03,2.207147913241258672e-03,2.805544012966949656e-03,1.000000000000000000e+00,1.000000000000000000e+00,8.130087482134548899e-04,1.323801036413554781e-03,4.611652879829192839e-04,8.458278094287213463e-05,8.317175171286578239e-02,1.227375312556214237e-02,2.526651492599568116e-01,3.537486786673414707e-02,8.087134852260536395e-04,1.327799331051870112e-03,-1.609670508859607774e-03,1.329458334100244808e-03,2.313478606798579848e-02,3.697073684062720904e-03
1.350000000000000089e-01,0.000000000000000000e+00,2.241163355218646173e-03,2.800643457105539413e-03,2.207373776489961192e-03,2.805742227304922239e-03,1.000000000000000000e+00,1.000000000000000000e+00,8.132464935263339486e-04,1.323825275287356757e-03,4.754906257581285986e-04,4.847774760399064657e-05,8.462816360922523207e-02,1.090940793616299379e-02,2.578423915342517025e-01,3.190541285532976640e-02,8.078346588948857052e-04,1.328442466395652775e-03,-1.905029202920879676e-03,1.243225853970102678e-03,2.313478606798579848e-02,3.697073684062720904e-03
1.355000000000000093e-01,0.000000000000000000e+00,2.241510169928523453e-03,2.800658833089497701e-03,2.207599489667052758e-03,2.805942247373381833e-03,1.000000000000000000e+00,1.000000000000000000e+00,8.135121690076272966e-04,1.323840651271314828e-03,5.313509625865910427e-04,3.075196791628054976e-05,8.563844734242102852e-02,1.107448172789508509e-02,2.605433592373138652e-01,3.370585442662165504e-02,8.068369007212541043e-04,1.329021460950396017e-03,-2.085615811061232797e-03,1.073060263183108582e-03,2.313478606798579848e-02,3.697073684062720904e-03
1.360000000000000098e-01,0.000000000000000000e+00,2.241885617181364494e-03,2.800684891189803277e-03,2.207825097557877640e-03,2.806144072180668560e-03,1.000000000000000000e+00,1.000000000000000000e+00,8.137997782893505345e-04,1.323866709371620621e-03,5.752185634464622921e-04,5.211620061166393218e-05,8.417955278737394853e-02,1.290583154894230436e-02,2.540312857377705069e-01,4.068370980187045738e-02,8.108560776439569006e-04,1.326107557106656794e-03,-1.526640271106987235e-03,4.724021169477365641e-04,2.294419811899394215e-02,3.824854980759355601e-03
1.365000000000000102e-01,0.000000000000000000e+00,2.242228032886485825e-03,2.800736421577416056e-03,2.208050646702776863e-03,2.806347700486696260e-03,1.000000000000000000e+00,1.000000000000000000e+00,8.140620839374955713e-04,1.323918239759233617e-03,5.246112962900588081e-04,1.030607752260908195e-04,8.338898436643234213e-02,1.502784493513269898e-02,2.521876789270071639e-01,4.737687512085853037e-02,8.100445673077309554e-04,1.326329964066637725e-03,-1.718997620137102146e-03,4.173240586511141347e-04,2.294419811899394215e-02,3.824854980759355601e-03
1.370000000000000107e-01,0.000000000000000000e+00,2.242546882791506338e-03,2.800805125148684346e-03,2.208276185415129766e-03,2.806553130800720774e-03,1.000000000000000000e+00,1.000000000000000000e+00,8.143063371354254719e-04,1.323986943330501690e-03,4.885063958597167392e-04,1.374071425359596596e-04,8.432411546537726954e-02,1.497473925626628850e-02,2.564809404654815328e-01,4.536949199523766102e-02,8.091223709518821769e-04,1.326558012813161590e-03,-1.969267932102767606e-03,4.947123318238945498e-04,2.294419811899394215e-02,3.824854980759355601e-03
1.375000000000000111e-01,0.000000000000000000e+00,2.242893376184586229e-03,2.800858724857664163e-03,2.208501763799399029e-03,2.806760361379109954e-03,1.000000000000000000e+00,1.000000000000000000e+00,8.145717664737714327e-04,1.324040543039481507e-03,5.308586766919271482e-04,1.071994179596230353e-04,8.520779469431419284e-02,1.460086649706519857e-02,2.591302224875838833e-01,4.395373740391250034e-02,8.080936939407117135e-04,1.326823691300125846e-03,-2.145060554275648231e-03,5.678498362943627982e-04,2.294419811899394215e-02,3.824854980759355601e-03
1.380000000000000115e-01,0.000000000000000000e+00,2.243262139260180851e-03,2.800919418938256720e-03,2.208727433769173965e-03,2.806969390223110639e-03,1.000000000000000000e+00,1.000000000000000000e+00,8.148542553786584887e-04,1.324101237120074064e-03,5.649778097741703885e-04,1.213881611852868082e-04,8.698107975562771599e-02,1.322773832346648554e-02,2.652753102579262223e-01,3.894440583863530148e-02,8.011597394582153269e-04,1.331525858214013380e-03,-3.008282693729191423e-03,1.188569022220828907e-03,2.316279005723703363e-02,3.659793278827538476e-03
1.385000000000000120e-01,0.000000000000000000e+00,2.243684134399892387e-03,2.800955657193990138e-03,2.208953249065213811e-03,2.807180215076619540e-03,1.000000000000000000e+00,1.000000000000000000e+00,8.151775224104578204e-04,1.324137475375807482e-03,6.465340635986261894e-04,7.247651146684438387e-05,8.862473867244149983e-02,1.209368906761379599e-02,2.701750890003948857e-01,3.569760398543676827e-02,7.996578997200756277e-04,1.332114947878115969e-03,-2.999037420502416711e-03,1.167807607449145111e-03,2.316279005723703363e-02,3.659793278827538476e-03
1.390000000000000124e-01,0.000000000000000000e+00,2.244162681688287482e-03,2.800991201624912583e-03,2.209179265273493627e-03,2.807392833423953682e-03,1.000000000000000000e+00,1.000000000000000000e+00,8.155441109015023607e-04,1.324173019806729927e-03,7.331769820890429983e-04,7.108886184480223819e-05,9.033723903197134197e-02,1.101101124007788576e-02,2.754547616083474759e-01,3.246052616800148422e-02,7.981921596792104778e-04,1.332676030150258895e-03,-2.864128802847544595e-03,1.076676887631751456e-03,2.316279005723703363e-02,3.659793278827538476e-03
1.395000000000000129e-01,0.000000000000000000e+00,2.244714564422890454e-03,2.801012953776909307e-03,2.209405539843245850e-03,2.807607242487613914e-03,1.000000000000000000e+00,1.000000000000000000e+00,8.159668776035980831e-04,1.324194771958726868e-03,8.455334041914776885e-04,4.350430399383120182e-05,9.169295520788252329e-02,1.033790328837016353e-02,2.792995439460821405e-01,3.076233832952187525e-02,7.968262998287277540e-04,1.333174926090329544e-03,-2.599771303821558476e-03,9.191932204030536704e-04,2.316279005723703363e-02,3.659793278827538476e-03
1.400000000000000133e-01,0.000000000000000000e+00,2.245348189895631646e-03,2.801031463818469576e-03,2.209632132105005323e-03,2.807823439226060126e-03,1.000000000000000000e+00,1.000000000000000000e+00,8.164522628760103023e-04,1.324213282000286920e-03,9.707705448243556922e-04,3.702008312015657194e-05,8.977148838699128275e-02,1.099834206884931984e-02,2.707261948160595288e-01,3.389991170678733484e-02,8.022053022460767530e-04,1.332512764852377719e-03,-1.379917818233742516e-03,5.824557257999321514e-04,2.291600264278377541e-02,3.699963827310278567e-03
1.405000000000000138e-01,0.000000000000000000e+00,2.245991916852351118e-03,2.801064282024017232e-03,2.209859103288654755e-03,2.808041420331476058e-03,1.000000000000000000e+00,1.000000000000000000e+00,8.169453863340909311e-04,1.324246100205834576e-03,9.862469161611596077e-04,6.563641109514964096e-05,8.805277924932639055e-02,1.172959964596979182e-02,2.656973134733032760e-01,3.618469227471356880e-02,8.015751277494946939e-04,1.332764343958215813e-03,-1.141218948783330380e-03,4.241579692721813275e-04,2.291600264278377541e-02,3.699963827310278567e-03
1.410000000000000142e-01,0.000000000000000000e+00,2.246598341402502013e-03,2.801108266077380685e-03,2.210086516541464544e-03,2.808261182227539746e-03,1.000000000000000000e+00,1.000000000000000000e+00,8.174099344909051832e-04,1.324290084259198245e-03,9.290963136284761861e-04,8.796810672743690142e-05,8.635747804807794581e-02,1.264292021826468430e-02,2.605594063821671802e-01,3.911419649568690510e-02,8.010307910917710767e-04,1.332948603337082366e-03,-1.036310422663925482e-03,3.130878354313633362e-04,2.291600264278377541e-02,3.699963827310278567e-03
1.415000000000000147e-01,0.000000000000000000e+00,2.247130267020562740e-03,2.801164144766674861e-03,2.210314436946140843e-03,2.808482721067192232e-03,1.000000000000000000e+00,1.000000000000000000e+00,8.178174131547731769e-04,1.324345962948492205e-03,8.149573277360865845e-04,1.117573785878646516e-04,8.592997563039560249e-02,1.314025017633402639e-02,2.603041497923923031e-01,4.027315331738270249e-02,8.005062283841895806e-04,1.333091857572164980e-03,-1.061871047907269553e-03,2.600265233808023548e-04,2.291600264278377541e-02,3.699963827310278567e-03
1.420000000000000151e-01,0.000000000000000000e+00,2.247598455750180607e-03,2.801219878523198391e-03,2.210542931538867113e-03,2.808706032730407150e-03,1.000000000000000000e+00,1.000000000000000000e+00,8.181760665294276862e-04,1.324401696705015518e-03,7.173067493089729622e-04,1.114675130465538576e-04,8.385601219805201290e-02,1.380782346028217207e-02,2.525784236295644525e-01,4.244114307731124830e-02,8.078906904769061386e-04,1.331819014721503892e-03,-9.064577128916912613e-05,5.712065244935866839e-05,2.261892409400267576e-02,3.752316964219879619e-03
1.425000000000000155e-01,0.000000000000000000e+00,2.247972572966815043e-03,2.801280275724082197e-03,2.210772069327348720e-03,2.808931112821959862e-03,1.000000000000000000e+00,1.000000000000000000e+00,8.184626569443057562e-04,1.324462093905899758e-03,5.731808297560838945e-04,1.207944017684189447e-04,8.200448234768270561e-02,1.448886442809767076e-02,2.471048918413478457e-01,4.451900188617464310e-02,8.077987622457698464e-04,1.331851331810518079e-03,-2.767031024520092211e-04,7.211741877728499936e-05,2.261892409400267576e-02,3.752316964219879619e-03
1.430000000000000160e-01,0.000000000000000000e+00,2.248260926161373477e-03,2.801338576437633742e-03,2.211001921308856661e-03,2.809157956669193143e-03,1.000000000000000000e+00,1.000000000000000000e+00,8.186835483066528564e-04,1.324520394619451086e-03,4.417827246942375549e-04,1.166014271027353169e-04,8.159197503445443644e-02,1.478983845361537749e-02,2.470348571605007482e-01,4.510524282309751054e-02,8.075789584199779148e-04,1.331901703649411225e-03,-6.018737176067745151e-04,1.292572968420748186e-04,2.261892409400267576e-02,3.752316964219879619e-03
1.435000000000000164e-01,0.000000000000000000e+00,2.248532177094284684e-03,2.801391803790004471e-03,2.211232560488272155e-03,2.809386559319792826e-03,1.000000000000000000e+00,1.000000000000000000e+00,8.188913385765003630e-04,1.324573621971822032e-03,4.155805396951164801e-04,1.064547047420010922e-04,8.269178876705715608e-02,1.449906561993069554e-02,2.516486150803824429e-01,4.371599566074429316e-02,8.071896411408942132e-04,1.331985161844154988e-03,-9.546969192240255600e-04,2.044266509258050755e-04,2.261892409400267576e-02,3.752316964219879619e-03
1.440000000000000169e-01,0.000000000000000000e+00,2.248834805759696281e-03,2.801441813455094951e-03,2.211464061896129506e-03,2.809616915539548711e-03,1.000000000000000000e+00,1.000000000000000000e+00,8.191231655839674875e-04,1.324623631636912295e-03,4.636540149343182978e-04,1.000193301804579859e-04,8.059771890417569140e-02,1.554457139894780196e-02,2.425948630151714969e-01,4.802266884671884534e-02,8.155335292654567782e-04,1.329306517017827790e-03,-6.613975735856193056e-05,-1.020428880811539681e-04,2.228596801210663836e-02,3.857024335925632492e-03
1.444999999999999896e-01,0.000000000000000000e+00,2.249076113738132220e-03,2.801515540858171699e-03,2.211696502606660692e-03,2.809849019810130213e-03,1.000000000000000000e+00,1.000000000000000000e+00,8.193080182199286412e-04,1.324697359039989043e-03,3.697052719222976248e-04,1.474548061533518519e-04,7.879355867073586928e-02,1.659515668780458392e-02,2.373410118008218994e-01,5.122455884268212190e-02,8.154031196894975971e-04,1.329283102507405456e-03,-4.547405148187934169e-04,8.172135908531691362e-06,2.228596801210663836e-02,3.857024335925632492e-03
1.449999999999999900e-01,0.000000000000000000e+00,2.249286793354279487e-03,2.801580452527810926e-03,2.211929961755837795e-03,2.810082866326851173e-03,1.000000000000000000e+00,1.000000000000000000e+00,8.194694081691564300e-04,1.324762270709628053e-03,3.227798984555634541e-04,1.298233392781709809e-04,7.922960675583885781e-02,1.665580282175717006e-02,2.405572675496247259e-01,5.055793691328688833e-02,8.150450588814448860e-04,1.329330831094192476e-03,-9.764780652028030340e-04,1.824027507979104077e-04,2.228596801210663836e-02,3.857024335925632492e-03
1.454999999999999905e-01,0.000000000000000000e+00,2.249520162769294649e-03,2.801649210581688178e-03,2.212164520559420627e-03,2.810318448996441607e-03,1.000000000000000000e+00,1.000000000000000000e+00,8.196481795127229068e-04,1.324831028763505739e-03,3.575426871329816713e-04,1.375161077555219966e-04,8.075775987260680466e-02,1.600283333009482403e-02,2.461327090010170804e-01,4.797256990417031464e-02,8.144360004464859266e-04,1.329466110207782638e-03,-1.458797928055296633e-03,3.583675736539253124e-04,2.228596801210663836e-02,3.857024335925632492e-03
1.459999999999999909e-01,0.000000000000000000e+00,2.249785434272237768e-03,2.801706915947726681e-03,2.212400262330995251e-03,2.810555761434814677e-03,1.000000000000000000e+00,1.000000000000000000e+00,8.198513892734701422e-04,1.324888734129543808e-03,4.064195214943721940e-04,1.154107320761274557e-04,8.236606787914328709e-02,1.494302429647457152e-02,2.510923756222293024e-01,4.440739095829735611e-02,8.129899275963285970e-04,1.331006421538286077e-03,-1.900055785114551817e-03,6.639667756166228946e-04,2.230943876421034866e-02,3.807283172109636286e-03
1.464999999999999913e-01,0.000000000000000000e+00,2.250081417098963137e-03,2.801760099230031671e-03,2.212637272500022918e-03,2.810794796964836278e-03,1.000000000000000000e+00,1.000000000000000000e+00,8.200781252731418128e-04,1.324941917411848798e-03,4.534719993432588568e-04,1.063665646099034993e-04,8.391633665147377186e-02,1.421522666670313462e-02,2.557575381123845526e-01,4.248286636762216295e-02,8.119809844606604675e-04,1.331356126684648568e-03,-2.135222878031594034e-03,7.347035073381731705e-04,2.230943876421034866e-02,3.807283172109636286e-03
1.469999999999999918e-01,0.000000000000000000e+00,2.250413241418324287e-03,2.801808327959326612e-03,2.212875638629880747e-03,2.811035548614094180e-03,1.000000000000000000e+00,1.000000000000000000e+00,8.203323174490802661e-04,1.324990146141143740e-03,5.083843518769149382e-04,9.645745858984429595e-05,8.466179592716041591e-02,1.394689765536569724e-02,2.573495452431474040e-01,4.205907646954786666e-02,8.108848318726663432e-04,1.331729645330766067e-03,-2.249125308108717615e-03,7.593092759358177103e-04,2.230943876421034866e-02,3.807283172109636286e-03
1.474999999999999922e-01,0.000000000000000000e+00,2.250763874710725101e-03,2.801859648419223123e-03,2.213115450435907197e-03,2.811278009112666738e-03,1.000000000000000000e+00,1.000000000000000000e+00,8.206009181342964519e-04,1.325041466601040684e-03,5.372013704323683279e-04,1.026409197937013884e-04,8.527156050105813567e-02,1.372991412047963947e-02,2.590919475132465455e-01,4.144730947884425754e-02,8.097463705825488824e-04,1.332111197211311923e-03,-2.304569379216901172e-03,7.668691761489100124e-04,2.230943876421034866e-02,3.807283172109636286e-03
1.479999999999999927e-01,0.000000000000000000e+00,2.251133584330806178e-03,2.801907468469536783e-03,2.213356799803444484e-03,2.811522170890892909e-03,1.000000000000000000e+00,1.000000000000000000e+00,8.208841321343271578e-04,1.325089286651353910e-03,5.664280000614222267e-04,9.564010062625761036e-05,8.455266162508320860e-02,1.608005080549801055e-02,2.557902608596071548e-01,5.075756473252163864e-02,8.110751512855620630e-04,1.328863415540342376e-03,-1.990370595724188282e-03,2.897749792499677022e-04,2.221641449654732439e-02,3.943263115632831238e-03
1.484999999999999931e-01,0.000000000000000000e+00,2.251486740044485353e-03,2.801999048409335898e-03,2.213599780805884914e-03,2.811768026077139226e-03,1.000000000000000000e+00,1.000000000000000000e+00,8.211546651063469969e-04,1.325180866591153458e-03,5.410659440395816124e-04,1.831598795990384211e-04,8.460549582534238056e-02,1.728151832821671688e-02,2.565997707988447174e-01,5.344378576093814642e-02,8.100665858939901359e-04,1.329040010967394827e-03,-2.043749408717912466e-03,4.163547452996020550e-04,2.221641449654732439e-02,3.943263115632831238e-03
1.489999999999999936e-01,0.000000000000000000e+00,2.251849574126059406e-03,2.802084035071563967e-03,2.213844489722712004e-03,2.812015566495570679e-03,1.000000000000000000e+00,1.000000000000000000e+00,8.214326121383107217e-04,1.325265853253381311e-03,5.558940639274682731e-04,1.699733244555837316e-04,8.515546461295724068e-02,1.648953711664074423e-02,2.586960418146619922e-01,4.933838479433651225e-02,8.090325530629143697e-04,1.329298221809554472e-03,-2.092248847473358962e-03,6.160917775118455227e-04,2.221641449654732439e-02,3.943263115632831238e-03
1.494999999999999940e-01,0.000000000000000000e+00,2.252226720032798543e-03,2.802160950878804235e-03,2.214091025057545944e-03,2.812264783663918997e-03,1.000000000000000000e+00,1.000000000000000000e+00,8.217215226644133518e-04,1.325342769060621579e-03,5.778210522052817195e-04,1.538316144806114658e-04,8.559655725183461239e-02,1.582556808510626745e-02,2.599477150171448647e-01,4.743097810531373554e-02,8.079849826440281936e-04,1.329643377559496832e-03,-2.097982128641848881e-03,7.642310864628809987e-04,2.221641449654732439e-02,3.943263115632831238e-03
1.499999999999999944e-01,0.000000000000000000e+00,2.252616429189872697e-03,2.802233338347354802e-03,2.214339487556188195e-03,2.812515668791251353e-03,1.000000000000000000e+00,1.000000000000000000e+00,8.220200571986223783e-04,1.325415156529172363e-03,5.970690684179842623e-04,1.447749371016944129e-04,8.397217840807855160e-02,1.765979757514306997e-02,2.532697514783042170e-01,5.511857992494079844e-02,8.141553220139407946e-04,1.324365181520251828e-03,-1.133874632903010375e-03,1.313999598934743104e-04,2.194621970563120569e-02,4.156302773203165296e-03
1.504999999999999949e-01,0.000000000000000000e+00,2.252964388826645889e-03,2.802340878242266190e-03,2.214589980224663038e-03,2.812768212775738647e-03,1.000000000000000000e+00,1.000000000000000000e+00,8.222866097448024809e-04,1.325522696424083534e-03,5.331050923601868535e-04,2.150797898224208365e-04,8.249060529435854605e-02,1.918487330648123088e-02,2.488788469503782630e-01,5.949681228601761546e-02,8.135710263891070661e-04,1.324480184166781710e-03,-1.203151527747748240e-03,3.282248360568677326e-04,2.194621970563120569e-02,4.156302773203165296e-03
1.509999999999999953e-01,0.000000000000000000e+00,2.253275024919556765e-03,2.802448743752871708e-03,2.214842608347263909e-03,2.813022406202426821e-03,1.000000000000000000e+00,1.000000000000000000e+00,8.225245707976091983e-04,1.325630561934689269e-03,4.759221056134445727e-04,2.157310212115640113e-04,8.153046708067628046e-02,1.982413107217455978e-02,2.463936176007343326e-01,6.067777171425446647e-02,8.129240057796805786e-04,1.324716761796212571e-03,-1.384554901145440466e-03,6.175160983991361983e-04,2.194621970563120569e-02,4.156302773203165296e-03
1.514999999999999958e-01,0.000000000000000000e+00,2.253557833527829006e-03,2.802558701903263075e-03,2.215097479504595391e-03,2.813278239341003399e-03,1.000000000000000000e+00,1.000000000000000000e+00,8.227412147604420576e-04,1.325740520085080636e-03,4.332879256656650777e-04,2.199163007826754454e-04,8.251443023199214744e-02,1.854642948955884107e-02,2.510188675679732029e-01,5.517116374823133329e-02,8.121684936415408864e-04,1.325107082588370669e-03,-1.636975911342843353e-03,9.431213009462315836e-04,2.194621970563120569e-02,4.156302773203165296e-03
1.519999999999999962e-01,0.000000000000000000e+00,2.253870282260421465e-03,2.802639575594193400e-03,2.215354703591618235e-03,2.813535702143567501e-03,1.000000000000000000e+00,1.000000000000000000e+00,8.229805643758042943e-04,1.325821393776010744e-03,4.786992307243772313e-04,1.617473818600603992e-04,8.030956406430954375e-02,1.886434950955173315e-02,2.416327332093938518e-01,5.747906858277620351e-02,8.200794781997687707e-04,1.324456350606658186e-03,-6.727891418170572554e-04,1.031942899173330947e-03,2.161755032500499787e-02,4.200621661789806852e-03
1.524999999999999967e-01,0.000000000000000000e+00,2.254110654706897345e-03,2.802749600868911263e-03,2.215614392835693960e-03,2.813794784242398556e-03,1.000000000000000000e+00,1.000000000000000000e+00,8.231647003527057692e-04,1.325931419050728390e-03,3.682719538028701657e-04,2.200505494354533878e-04,7.839098755738223290e-02,1.838497319060374002e-02,2.360230188388349193e-01,5.536349018347676287e-02,8.196659357924909349e-04,1.325036150440441493e-03,-9.807680000807868573e-04,1.286740729929389910e-03,2.161755032500499787e-02,4.200621661789806852e-03
1.529999999999999971e-01,0.000000000000000000e+00,2.254322059409828195e-03,2.802818080981750275e-03,2.215876661814625975e-03,2.814055474947726315e-03,1.000000000000000000e+00,1.000000000000000000e+00,8.233266457506352399e-04,1.325999899163567619e-03,3.238907958588573498e-04,1.369602256784433706e-04,7.890895275256472330e-02,1.702386159785435060e-02,2.396560259724162534e-01,5.046160539021537356e-02,8.190626477655804996e-04,1.325735113781051399e-03,-1.431487819538957047e-03,1.508656148909448286e-03,2.161755032500499787e-02,4.200621661789806852e-03
1.534999999999999976e-01,0.000000000000000000e+00,2.254546679516669129e-03,2.802889894613135556e-03,2.216141627474706773e-03,2.814317763245497393e-03,1.000000000000000000e+00,1.000000000000000000e+00,8.234987147352933927e-04,1.326071712794952900e-03,3.441379693162035852e-04,1.436272627704011267e-04,8.032015738929175475e-02,1.618096756923742205e-02,2.447019838733520969e-01,4.835202536252694583e-02,8.182452443824925377e-04,1.326523162255908821e-03,-1.837308347489094093e-03,1.643247133988961443e-03,2.161755032500499787e-02,4.200621661789806852e-03
1.539999999999999980e-01,0.000000000000000000e+00,2.254803975030686934e-03,2.802946635716114035e-03,2.216409409148759058e-03,2.814581637795147886e-03,1.000000000000000000e+00,1.000000000000000000e+00,8.236958145340465961e-04,1.326128453897931379e-03,3.941995975063460750e-04,1.134822059568992356e-04,8.206685677054526007e-02,1.529888014739493561e-02,2.502993878469206290e-01,4.563676749528297605e-02,8.151488408868578887e-04,1.328848791488437169e-03,-2.403593857686252624e-03,1.916259693071945339e-03,2.169638381980136879e-02,4.145032164905835398e-03
1.544999999999999984e-01,0.000000000000000000e+00,2.255093146987014255e-03,2.803005408590976064e-03,2.216680128574182503e-03,2.814847086927368611e-03,1.000000000000000000e+00,1.000000000000000000e+00,8.239173331042966069e-04,1.326187226772793624e-03,4.430371404999489896e-04,1.175457497243571003e-04,8.375239247776540552e-02,1.439657266308086089e-02,2.553724018249601824e-01,4.288673807777879793e-02,8.139059405326159492e-04,1.329814441143218652e-03,-2.567642664697502089e-03,1.946244323654685270e-03,2.169638381980136879e-02,4.145032164905835398e-03
1.549999999999999989e-01,0.000000000000000000e+00,2.255421912238291058e-03,2.803051591084665135e-03,2.216953909910994447e-03,2.815114098641875555e-03,1.000000000000000000e+00,1.000000000000000000e+00,8.241691818981279919e-04,1.326233409266482479e-03,5.036975876628224831e-04,9.236498737749957095e-05,8.517589898563492079e-02,1.357526632347102157e-02,2.594843669749709036e-01,4.045974669331624252e-02,8.126137821463510569e-04,1.330780895263868622e-03,-2.600877639848106059e-03,1.919587296966481296e-03,2.169638381980136879e-02,4.145032164905835398e-03
1.554999999999999993e-01,0.000000000000000000e+00,2.255785272224176095e-03,2.803097547710688923e-03,2.217230879759876649e-03,2.815382660605180321e-03,1.000000000000000000e+00,1.000000000000000000e+00,8.244475317961670689e-04,1.326279365892506267e-03,5.566997960782231079e-04,9.191325204747457893e-05,8.549199607858981587e-02,1.336139406038952884e-02,2.595163830233887525e-01,4.033012011421899939e-02,8.113323866136622035e-04,1.331721258472142247e-03,-2.524803496828986749e-03,1.841980400350462857e-03,2.169638381980136879e-02,4.145032164905835398e-03
1.559999999999999998e-01,0.000000000000000000e+00,2.256161568928567902e-03,2.803143666064990616e-03,2.217511167180217287e-03,2.815652760148357105e-03,1.000000000000000000e+00,1.000000000000000000e+00,8.247357917955302348e-04,1.326325484246807743e-03,5.765199987262977898e-04,9.223670860286241118e-05,8.348313756758229953e-02,1.298748994712310006e-02,2.514521463132042833e-01,3.906067518567218899e-02,8.154555270454003557e-04,1.333687350102137669e-03,-1.729600189584140461e-03,1.890316788707726691e-03,2.149555830777351989e-02,4.105033106552933263e-03
1.565000000000000002e-01,0.000000000000000000e+00,2.256486547042532188e-03,2.803184723530602416e-03,2.217794903708154679e-03,2.815924384264811842e-03,1.000000000000000000e+00,1.000000000000000000e+00,8.249847394738680584e-04,1.326366541712419760e-03,4.978953566756857746e-04,8.211493122403125660e-05,8.218287035557274300e-02,1.260733559086546496e-02,2.480881677491172110e-01,3.790042475246520326e-02,8.145819900360857591e-04,1.334605296887147671e-03,-1.764447302844899916e-03,1.781646263609858345e-03,2.149555830777351989e-02,4.105033106552933263e-03
1.570000000000000007e-01,0.000000000000000000e+00,2.256767976403850368e-03,2.803217475408751203e-03,2.218082223374624046e-03,2.816197519608052216e-03,1.000000000000000000e+00,1.000000000000000000e+00,8.252003268722363097e-04,1.326399293590568547e-03,4.311747967364838513e-04,6.550375629766499682e-05,8.291822171629345539e-02,1.261421042612126571e-02,2.520293445820194211e-01,3.824664619466712490e-02,8.136663249680526830e-04,1.335463254419210584e-03,-1.897919697851160187e-03,1.650405784241854371e-03,2.149555830777351989e-02,4.105033106552933263e-03
1.575000000000000011e-01,0.000000000000000000e+00,2.257070468165792935e-03,2.803252776369786602e-03,2.218373262723397771e-03,2.816472152489455510e-03,1.000000000000000000e+00,1.000000000000000000e+00,8.254320490055616199e-04,1.326434594551603946e-03,4.634442666507052359e-04,7.060192207084971098e-05,8.351158398271740779e-02,1.264625671444786700e-02,2.537179508558923824e-01,3.836676911601532430e-02,8.126984196609985962e-04,1.336256031557592552e-03,-1.973518443141483204e-03,1.520923744264180647e-03,2.149555830777351989e-02,4.105033106552933263e-03
1.580000000000000016e-01,0.000000000000000000e+00,2.257386986814580686e-03,2.803288311519379870e-03,2.218668160829131292e-03,2.816748268876039050e-03,1.000000000000000000e+00,1.000000000000000000e+00,8.256745163576091054e-04,1.326470129701196998e-03,4.849347040948759520e-04,7.107029918599690893e-05,8.468460000342115102e-02,1.483578645296718124e-02,2.577749611876467561e-01,4.684294325582075841e-02,8.079163604139715568e-04,1.330343511413062396e-03,-2.494273616656403868e-03,5.329604581701257197e-04,2.163746789017646083e-02,4.353840804686997905e-03
1.585000000000000020e-01,0.000000000000000000e+00,2.257734770736583019e-03,2.803361675258526486e-03,2.218967059315406828e-03,2.817025854388227613e-03,1.000000000000000000e+00,1.000000000000000000e+00,8.259409342984649254e-04,1.326543493440343830e-03,5.328358817117187767e-04,1.467274782936714124e-04,8.584910590666317010e-02,1.666551443175397218e-02,2.613138569655251708e-01,5.210264704915362061e-02,8.066809636349194131e-04,1.330606678615905893e-03,-2.447357735452267494e-03,5.197240599083112218e-04,2.163746789017646083e-02,4.353840804686997905e-03
1.590000000000000024e-01,0.000000000000000000e+00,2.258124100897230917e-03,2.803445176466985451e-03,2.219270102372776672e-03,2.817304894297623877e-03,1.000000000000000000e+00,1.000000000000000000e+00,8.262391785045677776e-04,1.326626994648802795e-03,5.964884122056777387e-04,1.670024169181094902e-04,8.718572692306163219e-02,1.837704336316213841e-02,2.655342769364010258e-01,5.719378162049455067e-02,8.054912181961675988e-04,1.330891734573508203e-03,-2.311841686663216548e-03,6.202940945757341468e-04,2.163746789017646083e-02,4.353840804686997905e-03
1.595000000000000029e-01,0.000000000000000000e+00,2.258561157517706419e-03,2.803559205619713703e-03,2.219577436776807786e-03,2.817585373524774534e-03,1.000000000000000000e+00,1.000000000000000000e+00,8.265739833000114445e-04,1.326741023801531047e-03,6.696095908873305391e-04,2.280583054566583708e-04,8.786728235972038337e-02,1.862542102594173105e-02,2.670672171374569581e-01,5.671571255221535129e-02,8.043944542489678100e-04,1.331253410639703788e-03,-2.075630429129476061e-03,8.259978509220739862e-04,2.163746789017646083e-02,4.353840804686997905e-03
1.600000000000000033e-01,0.000000000000000000e+00,2.259043853927903724e-03,2.803674816895271836e-03,2.219889211906125523e-03,2.817867276636944196e-03,1.000000000000000000e+00,1.000000000000000000e+00,8.269437502027569180e-04,1.326856635077088963e-03,7.395338054910248005e-04,2.312225511159800035e-04,8.565853141760274014e-02,1.902092477128551271e-02,2.579332107967303722e-01,5.804063719283096556e-02,8.168026328514596491e-04,1.329860766375018767e-03,-5.441403310409978142e-05,8.032548260032009411e-04,2.113641861568495151e-02,4.423538146622454925e-03
1.605000000000000038e-01,0.000000000000000000e+00,2.259489366191556187e-03,2.803806338856394166e-03,2.220205579760456925e-03,2.818150587845878914e-03,1.000000000000000000e+00,1.000000000000000000e+00,8.272850323966690926e-04,1.326988157038211293e-03,6.825643878243198379e-04,2.630439222446161467e-04,8.381739082209539726e-02,1.910331205735212728e-02,2.526473092617054217e-01,5.803255535723048780e-02,8.168163292038614848e-04,1.330320949997777780e-03,1.088824585649857124e-04,1.037009261217437198e-03,2.113641861568495151e-02,4.423538146622454925e-03
1.610000000000000042e-01,0.000000000000000000e+00,2.259873184216653133e-03,2.803926821192796043e-03,2.220526694978674880e-03,2.818435291005578786e-03,1.000000000000000000e+00,1.000000000000000000e+00,8.275790540619636180e-04,1.327108639374613170e-03,5.880433305889849055e-04,2.409646728037832862e-04,8.195255024759734441e-02,1.889940738933169884e-02,2.469416689655004604e-01,5.716368119768619471e-02,8.168760045830231057e-04,1.330898588287242335e-03,1.297763108844148493e-04,1.273064595019789483e-03,2.113641861568495151e-02,4.423538146622454925e-03
1.615000000000000047e-01,0.000000000000000000e+00,2.260180597566413541e-03,2.804032478208481199e-03,2.220852714856842713e-03,2.818721369610066238e-03,1.000000000000000000e+00,1.000000000000000000e+00,8.278145463502882117e-04,1.327214296390298327e-03,4.709845766491261567e-04,2.113140313703838194e-04,8.011965357413855515e-02,1.828313582352799477e-02,2.413719881461034444e-01,5.493543080146394419e-02,8.169104157384835798e-04,1.331590361671531166e-03,8.102812250283374790e-06,1.493575452271227438e-03,2.113641861568495151e-02,4.423538146622454925e-03
1.620000000000000051e-01,0.000000000000000000e+00,2.260423806813205774e-03,2.804116811340656712e-03,2.221183799366257920e-03,2.819008806791152566e-03,1.000000000000000000e+00,1.000000000000000000e+00,8.280008554423085292e-04,1.327298629522474056e-03,3.726181840405514778e-04,1.686662643516604221e-04,7.793432369212713318e-02,1.868473555462041649e-02,2.344132172257498981e-01,5.700835527038090184e-02,8.249090622368380511e-04,1.329615453876587926e-03,7.938101549205341285e-04,1.314062108749001513e-03,2.083447419730058425e-02,4.527186256677646903e-03
1.625000000000000056e-01,0.000000000000000000e+00,2.260612419491520898e-03,2.804208766485853828e-03,2.221520111171494585e-03,2.819297585316212287e-03,1.000000000000000000e+00,1.000000000000000000e+00,8.281453411364334124e-04,1.327390584667670955e-03,2.889713882498141971e-04,1.839102903938096857e-04,7.593789489776020529e-02,1.864664897409032407e-02,2.284943736104573520e-01,5.652219936704731135e-02,8.252072271115062528e-04,1.330320585881772204e-03,3.996020462660289721e-04,1.506067161184364506e-03,2.083447419730058425e-02,4.527186256677646903e-03
1.630000000000000060e-01,0.000000000000000000e+00,2.260775089014556167e-03,2.804284448158814516e-03,2.221861815648449711e-03,2.819587687585952719e-03,1.000000000000000000e+00,1.000000000000000000e+00,8.282699532206194834e-04,1.327466266340631860e-03,2.492241683721973535e-04,1.513633459219159566e-04,7.408920364490778621e-02,1.767560923146534874e-02,2.230042634272763891e-01,5.277372562575340098e-02,8.252712538876390280e-04,1.331120529902804885e-03,-1.424468773381132487e-04,1.693315806989127573e-03,2.083447419730058425e-02,4.527186256677646903e-03
1.635000000000000064e-01,0.000000000000000000e+00,2.260900973571550784e-03,2.804353883112372173e-03,2.222209080897332399e-03,2.819879095632239503e-03,1.000000000000000000e+00,1.000000000000000000e+00,8.283663863859796117e-04,1.327535701294189300e-03,1.928663307201854290e-04,1.388699071147744780e-04,7.556566513991196110e-02,1.661237584720689706e-02,2.302956589229712414e-01,4.946966528200488766e-02,8.250304889310761071e-04,1.331998392926433830e-03,-8.192921326286807179e-04,1.817861744018101945e-03,2.083447419730058425e-02,4.527186256677646903e-03
1.640000000000000069e-01,0.000000000000000000e+00,2.261095712251492886e-03,2.804407044552419126e-03,2.222562077675543923e-03,2.820171791117276078e-03,1.000000000000000000e+00,1.000000000000000000e+00,8.285155648696096832e-04,1.327588862734236253e-03,2.983569672600700547e-04,1.063228800938493905e-04,7.494820079120366463e-02,1.923747161555295834e-02,2.266762372766882583e-01,6.056248748628304673e-02,8.287704088709910415e-04,1.325926774281005038e-03,-8.190114620310472333e-04,9.670294618843448993e-04,2.067379804058941395e-02,4.789233656719010281e-03
1.645000000000000073e-01,0.000000000000000000e+00,2.261218618441349516e-03,2.804527665409506376e-03,2.222920979183795435e-03,2.820465755335051748e-03,1.000000000000000000e+00,1.000000000000000000e+00,8.286097164733742353e-04,1.327709483591323503e-03,1.883032075290020833e-04,2.412417141743667293e-04,7.557948453280899370e-02,2.139980167733148558e-02,2.296143501151333421e-01,6.675992000663669157e-02,8.282153654839355264e-04,1.326458725682299385e-03,-1.400015132897877712e-03,1.160381326996819638e-03,2.067379804058941395e-02,4.789233656719010281e-03
1.650000000000000078e-01,0.000000000000000000e+00,2.261427820277848132e-03,2.804616084034975386e-03,2.223285960810950958e-03,2.820760969213505307e-03,1.000000000000000000e+00,1.000000000000000000e+00,8.287699743777141807e-04,1.327797902216792947e-03,3.205158086797877965e-04,1.768372509389469775e-04,7.730477054218537480e-02,2.139538480181056579e-02,2.358247481236893650e-01,6.487748208615420897e-02,8.273836067066706913e-04,1.327120422239874134e-03,-1.925969250947237414e-03,1.485749338213696816e-03,2.067379804058941395e-02,4.789233656719010281e-03
1.655000000000000082e-01,0.000000000000000000e+00,2.261614867296638486e-03,2.804744401936838487e-03,2.223657199877978729e-03,2.821057413316685643e-03,1.000000000000000000e+00,1.000000000000000000e+00,8.289132607070604560e-04,1.327926220118655614e-03,2.865726586926589225e-04,2.566358037255299352e-04,7.879881235043070808e-02,2.025459896805534982e-02,2.401417430292764055e-01,6.047485117454542286e-02,8.263234252508811764e-04,1.327943751443962875e-03,-2.313964577154322983e-03,1.806913950976989048e-03,2.067379804058941395e-02,4.789233656719010281e-03
1.660000000000000087e-01,0.000000000000000000e+00,2.261867750752335603e-03,2.804820421254323928e-03,2.224034875381903850e-03,2.821355067846910165e-03,1.000000000000000000e+00,1.000000000000000000e+00,8.291069806730541831e-04,1.328002239436141272e-03,3.874399319875333736e-04,1.520386349714669368e-04,8.068143464371806128e-02,2.000480186242727804e-02,2.462150919528758586e-01,6.044707881793350696e-02,8.222844778956462904e-04,1.328627523926645317e-03,-2.948415610009848427e-03,2.016750618063032924e-03,2.077923880204379445e-02,4.799775839691137851e-03
1.665000000000000091e-01,0.000000000000000000e+00,2.262124816200997320e-03,2.804942445589875700e-03,2.224419167739758764e-03,2.821653912646929739e-03,1.000000000000000000e+00,1.000000000000000000e+00,8.293039042315191811e-04,1.328124263771693044e-03,3.938471169300488263e-04,2.440486711036736825e-04,8.239303852691995389e-02,1.919494131295116507e-02,2.512576286328053188e-01,5.754279692439857180e-02,8.207770610720196936e-04,1.329692697256940493e-03,-3.080937891664452949e-03,2.243463083575893829e-03,2.077923880204379445e-02,4.799775839691137851e-03
1.670000000000000095e-01,0.000000000000000000e+00,2.262443067516930681e-03,2.805020853138455797e-03,2.224810258532538068e-03,2.821953927202094925e-03,1.000000000000000000e+00,1.000000000000000000e+00,8.295476988836052081e-04,1.328202671320272924e-03,4.875893041721031645e-04,1.568150971598297511e-04,8.394087054783622159e-02,1.794177621660576066e-02,2.558424078132480739e-01,5.334101361235060040e-02,8.192365711288547006e-04,1.330857900950591002e-03,-3.080963614975606828e-03,2.416971400240678237e-03,2.077923880204379445e-02,4.799775839691137851e-03
1.675000000000000100e-01,0.000000000000000000e+00,2.262779677015611893e-03,2.805117648761677393e-03,2.225208330249147694e-03,2.822255090642506598e-03,1.000000000000000000e+00,1.000000000000000000e+00,8.298055567195712417e-04,1.328299466943494954e-03,5.157156719319833929e-04,1.935912464439439029e-04,8.521948394782574709e-02,1.622634917254508688e-02,2.594971826408663529e-01,4.775972640020827165e-02,8.177257427359522178e-04,1.332089780931791298e-03,-2.962522398986146190e-03,2.510321060503536896e-03,2.077923880204379445e-02,4.799775839691137851e-03
1.680000000000000104e-01,0.000000000000000000e+00,2.263157630144310012e-03,2.805178419384500403e-03,2.225613566030356250e-03,2.822557381745190424e-03,1.000000000000000000e+00,1.000000000000000000e+00,8.300950856135697140e-04,1.328360237566317747e-03,5.790577879968995118e-04,1.215412456458006915e-04,8.318553050362693935e-02,1.580732977310488410e-02,2.505299125057596221e-01,4.757509882513234756e-02,8.238353121887743730e-04,1.334395898099125823e-03,-1.769527928482580222e-03,2.632547780174351610e-03,2.049687873493665630e-02,4.760266864275398621e-03
1.685000000000000109e-01,0.000000000000000000e+00,2.263477142965179476e-03,2.805258773995168882e-03,2.226026149412748539e-03,2.822860778936248788e-03,1.000000000000000000e+00,1.000000000000000000e+00,8.303398466345020138e-04,1.328440592176986226e-03,4.895220418645596094e-04,1.607092213367632442e-04,8.140034087775643856e-02,1.513806577329759526e-02,2.453000490394703081e-01,4.534539649170551967e-02,8.229719139050192941e-04,1.335702943387420943e-03,-1.684197946560145494e-03,2.595655475694432727e-03,2.049687873493665630e-02,4.760266864275398621e-03
1.690000000000000113e-01,0.000000000000000000e+00,2.263745699263026989e-03,2.805307373785851169e-03,2.226446264072679503e-03,2.823165260293033531e-03,1.000000000000000000e+00,1.000000000000000000e+00,8.305455726941330264e-04,1.328489191967668730e-03,4.114521192621124236e-04,9.719958136488222205e-05,8.035060869708576803e-02,1.420084524942655767e-02,2.427183312467752485e-01,4.225775494739388710e-02,8.221168569451741239e-04,1.336981157469197511e-03,-1.735897386766334372e-03,2.517304390247603486e-03,2.049687873493665630e-02,4.760266864275398621e-03
1.695000000000000118e-01,0.000000000000000000e+00,2.263983108362321080e-03,2.805355269175312943e-03,2.226874093570220363e-03,2.823470803546296141e-03,1.000000000000000000e+00,1.000000000000000000e+00,8.307274386153928837e-04,1.328537087357130504e-03,3.637318425197399053e-04,9.579077892344049370e-05,8.107153106099930506e-02,1.403835143290024096e-02,2.463966227800271636e-01,4.242632801935822956e-02,8.212160827427935662e-04,1.338205761748302537e-03,-1.866911478216990491e-03,2.381329964270407183e-03,2.049687873493665630e-02,4.760266864275398621e-03
1.700000000000000122e-01,0.000000000000000000e+00,2.264249128768186948e-03,2.805397630500278128e-03,2.227309821093115608e-03,2.823777386082358329e-03,1.000000000000000000e+00,1.000000000000000000e+00,8.309312220690627136e-04,1.328579448682095255e-03,4.075669073396288801e-04,8.472264992971271580e-05,7.917716564506584176e-02,1.524443915743878622e-02,2.384403326680031021e-01,4.724574554333747789e-02,8.276253110752850159e-04,1.336768433783244898e-03,-9.859697364143983796e-04,1.900251546971640226e-03,2.022110085940722821e-02,4.857361830982467009e-03
1.705000000000000127e-01,0.000000000000000000e+00,2.264454298287612438e-03,2.805467855778292705e-03,2.227753629200733033e-03,2.824084984945273054e-03,1.000000000000000000e+00,1.000000000000000000e+00,8.310883910393160627e-04,1.328649673960109832e-03,3.143379405066881911e-04,1.404505560290875176e-04,7.757090164434965462e-02,1.654061959624961164e-02,2.337848295179061342e-01,5.126685766997583077e-02,8.270845624150487347e-04,1.337699047400504231e-03,-1.176634962453169432e-03,1.822318786253044514e-03,2.022110085940722821e-02,4.857361830982467009e-03
1.710000000000000131e-01,0.000000000000000000e+00,2.264645328664680567e-03,2.805528841604931420e-03,2.228205699568015959e-03,2.824393576838981658e-03,1.000000000000000000e+00,1.000000000000000000e+00,8.312347287981359124e-04,1.328710659786748547e-03,2.926755176397477965e-04,1.219716532774409200e-04,7.811067291555170988e-02,1.654894238310359103e-02,2.372443136882858850e-01,5.018711967766016635e-02,8.264183612851866510e-04,1.338611046124445810e-03,-1.487541847157112899e-03,1.825635217256441067e-03,2.022110085940722821e-02,4.857361830982467009e-03
1.715000000000000135e-01,0.000000000000000000e+00,2.264856909309654470e-03,2.805596371443428577e-03,2.228666212729432834e-03,2.824703138129482267e-03,1.000000000000000000e+00,1.000000000000000000e+00,8.313968089754897664e-04,1.328778189625246138e-03,3.241603547078078713e-04,1.350596769950793629e-04,7.914598873927006228e-02,1.607766631077500036e-02,2.408159863667810041e-01,4.835367879378911493e-02,8.256079654743398106e-04,1.339524771492645516e-03,-1.753495356254745202e-03,1.829224768730666317e-03,2.022110085940722821e-02,4.857361830982467009e-03
1.720000000000000140e-01,0.000000000000000000e+00,2.265086413555721274e-03,2.805652790954799112e-03,2.229135347822933794e-03,2.825013644846986489e-03,1.000000000000000000e+00,1.000000000000000000e+00,8.315726194278616912e-04,1.328834609136616456e-03,3.516209047438739201e-04,1.128390227408285971e-04,7.998209660608518456e-02,1.826161567321269233e-02,2.431894886222183971e-01,5.723101647298617367e-02,8.249877100988835645e-04,1.337391758554383426e-03,-1.897914782597266183e-03,1.408655159089933911e-03,2.020976792282714457e-02,4.971292517552668676e-03
1.725000000000000144e-01,0.000000000000000000e+00,2.265327719424029169e-03,2.805757915994464176e-03,2.229613282333900263e-03,2.825325072688087379e-03,1.000000000000000000e+00,1.000000000000000000e+00,8.317574704473707555e-04,1.328939734176281303e-03,3.697020390180811027e-04,2.102500793297561849e-04,8.120897608247365507e-02,1.875985330812936225e-02,2.472472037132884548e-01,5.733097676707871876e-02,8.240095839240568982e-04,1.338120811412170461e-03,-2.014327346564058485e-03,1.507337475561311988e-03,2.020976792282714457e-02,4.971292517552668676e-03
1.730000000000000149e-01,0.000000000000000000e+00,2.265611739262084114e-03,2.805835804435189481e-03,2.230100191839093707e-03,2.825637397017914838e-03,1.000000000000000000e+00,1.000000000000000000e+00,8.319750422660482890e-04,1.329017622617006825e-03,4.351436373551387498e-04,1.557768814508930636e-04,8.167276154714045444e-02,1.794359456707310743e-02,2.480252424001807565e-01,5.371918028278750701e-02,8.229970971236629613e-04,1.338906633636916541e-03,-2.035540481653547087e-03,1.635673014000805104e-03,2.020976792282714457e-02,4.971292517552668676e-03
1.735000000000000153e-01,0.000000000000000000e+00,2.265888886831118713e-03,2.805926936975729896e-03,2.230596249750612173e-03,2.825950592872302283e-03,1.000000000000000000e+00,1.000000000000000000e+00,8.321873496212313457e-04,1.329108755157547240e-03,4.246147103661941690e-04,1.822650810806990165e-04,8.204905671618681340e-02,1.726950316329313798e-02,2.490868375368563148e-01,5.180602018656343954e-02,8.219829879758654709e-04,1.339743499733096277e-03,-2.020886185500478209e-03,1.711612575060003898e-03,2.020976792282714457e-02,4.971292517552668676e-03
1.740000000000000158e-01,0.000000000000000000e+00,2.266181418859537257e-03,2.805996466888195477e-03,2.231101627059839908e-03,2.826264634959948542e-03,1.000000000000000000e+00,1.000000000000000000e+00,8.324114421560355496e-04,1.329178285070012604e-03,4.481850696083006561e-04,1.390598249305304316e-04,8.167823475445543102e-02,2.016272068073582391e-02,2.473341759993951672e-01,6.360473247285876319e-02,8.243425344772344326e-04,1.327663497226485873e-03,-1.541571819561058602e-03,6.494184828427138588e-05,2.008392445473822230e-02,5.456219268247603817e-03
1.745000000000000162e-01,0.000000000000000000e+00,2.266455251611014261e-03,2.806132141884456685e-03,2.231616492081401736e-03,2.826579497664578888e-03,1.000000000000000000e+00,1.000000000000000000e+00,8.326212102136484319e-04,1.329313960066274246e-03,4.195361152258625728e-04,2.713499925232632773e-04,8.143335651788446983e-02,2.250589494020131115e-02,2.466891174378246510e-01,7.027482617214379779e-02,8.235785583498860148e-04,1.327737188284530386e-03,-1.514356561481378875e-03,2.295006860962194375e-04,2.008392445473822230e-02,5.456219268247603817e-03
1.750000000000000167e-01,0.000000000000000000e+00,2.266749439061448417e-03,2.806263165864220175e-03,2.232141010197108335e-03,2.826895155047103904e-03,1.000000000000000000e+00,1.000000000000000000e+00,8.328465708752889234e-04,1.329444984046037519e-03,4.507213232809642372e-04,2.620479595265003082e-04,8.123282902375290881e-02,2.491127892877367106e-02,2.461309078438242426e-01,7.761344526903293795e-02,8.228234729933289445e-04,1.327929152709310737e-03,-1.505972577610354031e-03,5.377523706612408064e-04,2.008392445473822230e-02,5.456219268247603817e-03
1.755000000000000171e-01,0.000000000000000000e+00,2.267033358414547936e-03,2.806442317909101959e-03,2.232675343599916686e-03,2.827211580847787016e-03,1.000000000000000000e+00,1.000000000000000000e+00,8.330640657180244518e-04,1.329624136090919086e-03,4.349896854711158959e-04,3.583040897632679351e-04,8.122228420356668310e-02,2.716261753803142498e-02,2.462553221916195800e-01,8.433247662189762017e-02,8.220687647557975517e-04,1.328311781216960034e-03,-1.512818584100520097e-03,9.918671314343074571e-04,2.008392445473822230e-02,5.456219268247603817e-03
1.759999999999999898e-01,0.000000000000000000e+00,2.267341976607849686e-03,2.806637874875585886e-03,2.233219651037876650e-03,2.827528748488405963e-03,1.000000000000000000e+00,1.000000000000000000e+00,8.333004809700489792e-04,1.329819693057403230e-03,4.728305040489540353e-04,3.911139329683141030e-04,8.004156961393292524e-02,2.542923917370102510e-02,2.416928181021170685e-01,7.568862274809640134e-02,8.242318664464431607e-04,1.329138904118809224e-03,-1.141137141934730863e-03,1.604375381246252565e-03,1.997448046457262275e-02,5.449336102323063154e-03
1.764999999999999902e-01,0.000000000000000000e+00,2.267626040849639660e-03,2.806808417698504737e-03,2.233774087558083182e-03,2.827846631074409055e-03,1.000000000000000000e+00,1.000000000000000000e+00,8.335180868039610436e-04,1.329990235880322081e-03,4.352116678240246683e-04,3.410856458375730689e-04,8.047202665923100517e-02,2.331976957932525851e-02,2.443585896892776221e-01,6.896081475722458387e-02,8.236396266449387722e-04,1.330059989366566510e-03,-1.227632056875416038e-03,2.079010963538424454e-03,1.997448046457262275e-02,5.449336102323063154e-03
1.769999999999999907e-01,0.000000000000000000e+00,2.267909765242121650e-03,2.806941885864923381e-03,2.234338804250630712e-03,2.828165201397084445e-03,1.000000000000000000e+00,1.000000000000000000e+00,8.337354322981992442e-04,1.330123704046740508e-03,4.346909884764777539e-04,2.669363328369310918e-04,8.086832370052923769e-02,2.163703095918713404e-02,2.455300162045555290e-01,6.420407747707340684e-02,8.230126524442255183e-04,1.331184123418724038e-03,-1.280139293827596385e-03,2.416828077967636459e-03,1.997448046457262275e-02,5.449336102323063154e-03
1.774999999999999911e-01,0.000000000000000000e+00,2.268186001698595418e-03,2.807061905390752406e-03,2.234913947992563620e-03,2.828484431935718996e-03,1.000000000000000000e+00,1.000000000000000000e+00,8.339470417006676888e-04,1.330243723572569750e-03,4.232188049369140512e-04,2.400390516582691304e-04,8.119030005451019494e-02,2.024327813040146737e-02,2.464379190098212602e-01,6.021960471589672681e-02,8.223671879253928669e-04,1.332449925969606853e-03,-1.301652696253549971e-03,2.645890370171065376e-03,1.997448046457262275e-02,5.449336102323063154e-03
1.779999999999999916e-01,0.000000000000000000e+00,2.268466183917032877e-03,2.807163537838313488e-03,2.235499661191827150e-03,2.828804294859760607e-03,1.000000000000000000e+00,1.000000000000000000e+00,8.341616737321624377e-04,1.330345356020131049e-03,4.292640629894519267e-04,2.032648951227545480e-04,8.048461182252389379e-02,2.002587786792670022e-02,2.434246419324496424e-01,6.055401662016877962e-02,8.239971813706955129e-04,1.333548697930308754e-03,-1.002347913691678527e-03,2.751763920450477942e-03,1.988906579202778108e-02,5.459043880501194754e-03
1.784999999999999920e-01,0.000000000000000000e+00,2.268719413615304971e-03,2.807273211589449841e-03,2.236096081531220060e-03,2.829124762030978818e-03,1.000000000000000000e+00,1.000000000000000000e+00,8.343556589353566403e-04,1.330455029771267185e-03,3.879704063883799387e-04,2.193475022724531201e-04,8.080899335701788311e-02,1.891005964652349089e-02,2.452715826390007015e-01,5.641098529078385215e-02,8.234855068472698774e-04,1.334955429655562513e-03,-1.044249638463905141e-03,2.874871238773532393e-03,1.988906579202778108e-02,5.459043880501194754e-03
1.789999999999999925e-01,0.000000000000000000e+00,2.268990278999672566e-03,2.807353109215610792e-03,2.236703341712348130e-03,2.829445805005630608e-03,1.000000000000000000e+00,1.000000000000000000e+00,8.345631538578845206e-04,1.330534927397428136e-03,4.149898450557436367e-04,1.597952523220039049e-04,8.106540416453131281e-02,1.801431165889517266e-02,2.460004717556179832e-01,5.386680598064457620e-02,8.229592327507077648e-04,1.336405908030348973e-03,-1.060794795220818768e-03,2.926886640607030167e-03,1.988906579202778108e-02,5.459043880501194754e-03
1.794999999999999929e-01,0.000000000000000000e+00,2.269253545946914134e-03,2.807441561277347446e-03,2.237321569199572906e-03,2.829767395036617093e-03,1.000000000000000000e+00,1.000000000000000000e+00,8.347648280398760248e-04,1.330623379459164790e-03,4.033483639830207404e-04,1.769041234734943673e-04,8.127397688945045551e-02,1.729469653983804062e-02,2.465873061295727475e-01,5.184188041778947653e-02,8.224296652408973713e-04,1.337868216989346716e-03,-1.057461690816941403e-03,2.922302817120861311e-03,1.988906579202778108e-02,5.459043880501194754e-03
1.799999999999999933e-01,0.000000000000000000e+00,2.269526766061499400e-03,2.807510475888134929e-03,2.237950885963965655e-03,2.830089503075651925e-03,1.000000000000000000e+00,1.000000000000000000e+00,8.349741267904022251e-04,1.330692294069952273e-03,4.185975010524756504e-04,1.378292215749252485e-04,7.924635755791351044e-02,1.817837424695713591e-02,2.385403082651850193e-01,5.587632789509348191e-02,8.303157283388749779e-04,1.336922347438328912e-03,5.315999545264489881e-05,2.561991153100920404e-03,1.957400176003224260e-02,5.548753863340597815e-03
1.804999999999999938e-01,0.000000000000000000e+00,2.269737345221570484e-03,2.807610030413473269e-03,2.238591408227259133e-03,2.830412099775417127e-03,1.000000000000000000e+00,1.000000000000000000e+00,8.351354397858113711e-04,1.330791848595290830e-03,3.226259908181852514e-04,1.991090506771075238e-04,7.738482162442615608e-02,1.872339744625820673e-02,2.330061553816213660e-01,5.725710049212589386e-02,8.303161191217895776e-04,1.338202546342193633e-03,-5.139425373906986519e-05,2.558762340165606636e-03,1.957400176003224260e-02,5.548753863340597815e-03
1.809999999999999942e-01,0.000000000000000000e+00,2.269928440534421492e-03,2.807684746990938250e-03,2.239243246205799807e-03,2.830735155491731058e-03,1.000000000000000000e+00,1.000000000000000000e+00,8.352818272883269285e-04,1.330866565172755377e-03,2.927750050311300279e-04,1.494331549291054917e-04,7.645955932650361220e-02,1.846025358839321548e-02,2.309908352552339228e-01,5.575491957800380455e-02,8.302289525908725229e-04,1.339489552303143021e-03,-2.967929961626568532e-04,2.589153968202581764e-03,1.957400176003224260e-02,5.548753863340597815e-03
1.814999999999999947e-01,0.000000000000000000e+00,2.270097961360145137e-03,2.807771842836556328e-03,2.239906503854497462e-03,2.831058640285705977e-03,1.000000000000000000e+00,1.000000000000000000e+00,8.354116877748654765e-04,1.330953661018373672e-03,2.597209730771539156e-04,1.741916912364934724e-04,7.738811307539272821e-02,1.776277198672018137e-02,2.353746632346535583e-01,5.327822695297114441e-02,8.300021178142925416e-04,1.340787496755405225e-03,-6.099306810117676586e-04,2.602548831561018496e-03,1.957400176003224260e-02,5.548753863340597815e-03
1.819999999999999951e-01,0.000000000000000000e+00,2.270309682679643587e-03,2.807833181215797173e-03,2.240581278610780450e-03,2.831382523925911679e-03,1.000000000000000000e+00,1.000000000000000000e+00,8.355738757151572266e-04,1.331014999397614517e-03,3.243758805834925278e-04,1.226767584817856549e-04,7.936063054496259039e-02,1.754606176958537281e-02,2.422664825750498463e-01,5.301650194201574379e-02,8.246680756108593427e-04,1.342780398264888965e-03,-1.493345759411828649e-03,2.662882433584004734e-03,1.976016812145938578e-02,5.522558476771737869e-03
1.824999999999999956e-01,0.000000000000000000e+00,2.270542875992312935e-03,2.807919491772664124e-03,2.241267661138545732e-03,2.831706775890539124e-03,1.000000000000000000e+00,1.000000000000000000e+00,8.357525121564998716e-04,1.331101309954481468e-03,3.572728826853078252e-04,1.726211137339526210e-04,8.119530439243211051e-02,1.716770943214848688e-02,2.477200337446278655e-01,5.174714258417498908e-02,8.238954710368214711e-04,1.344101523899372125e-03,-1.596842763589269298e-03,2.621650085879220077e-03,1.976016812145938578e-02,5.522558476771737869e-03
1.829999999999999960e-01,0.000000000000000000e+00,2.270822543737611825e-03,2.807982195474172972e-03,2.241965735072109361e-03,2.832031365369558872e-03,1.000000000000000000e+00,1.000000000000000000e+00,8.359667500787057969e-04,1.331164013655990533e-03,4.284758444118159622e-04,1.254074030182790824e-04,8.302713337437958585e-02,1.655964488235406318e-02,2.532943686283621876e-01,4.969439716344389163e-02,8.231065326928779704e-04,1.345396188738537174e-03,-1.558954225177116518e-03,2.557085469926347575e-03,1.976016812145938578e-02,5.522558476771737869e-03
1.834999999999999964e-01,0.000000000000000000e+00,2.271132242751154606e-03,2.808060010247128042e-03,2.242675576760161729e-03,2.832356261266888615e-03,1.000000000000000000e+00,1.000000000000000000e+00,8.362039932870694468e-04,1.331241828428945386e-03,4.744864167272335961e-04,1.556295459096536740e-04,8.393255318772833984e-02,1.591432384452005563e-02,2.552639606491162727e-01,4.771636837389774816e-02,8.223714891479508944e-04,1.346649219997663859e-03,-1.381536011005947504e-03,2.455189686421999518e-03,1.976016812145938578e-02,5.522558476771737869e-03
1.839999999999999969e-01,0.000000000000000000e+00,2.271467535611954199e-03,2.808121229939324753e-03,2.243397255009716741e-03,2.832681432202548144e-03,1.000000000000000000e+00,1.000000000000000000e+00,8.364608425199028269e-04,1.331303048121142097e-03,5.136984656668220923e-04,1.224393843935028250e-04,8.216624543332763653e-02,1.740402927273748679e-02,2.476457958522613190e-01,5.404277135327798659e-02,8.305943597407693287e-04,1.342949481093591579e-03,1.178165347068575383e-05,1.679295442418509516e-03,1.942852981433625462e-02,5.705828598198207577e-03
1.844999999999999973e-01,0.000000000000000000e+00,2.271751480272704224e-03,2.808222065954135357e-03,2.244130830830064465e-03,2.833006846514828612e-03,1.000000000000000000e+00,1.000000000000000000e+00,8.366783567494233929e-04,1.331403884135952485e-03,4.350284590410890585e-04,2.016720296209746350e-04,8.058842481133385305e-02,1.857403063020950790e-02,2.429968213930329135e-01,5.733880968022565805e-02,8.306352460741768008e-04,1.343772816394333018e-03,1.514913793403955926e-04,1.614140914800238184e-03,1.942852981433625462e-02,5.705828598198207577e-03
1.849999999999999978e-01,0.000000000000000000e+00,2.272006284585867918e-03,2.808308488365190980e-03,2.244876357176724211e-03,2.833332472262449671e-03,1.000000000000000000e+00,1.000000000000000000e+00,8.368735481776051104e-04,1.331490306547008324e-03,3.903828563635321062e-04,1.728448221118813251e-04,7.889594584251674592e-02,1.960064552026406434e-02,2.377542266841867202e-01,6.031837106123365960e-02,8.307154184923824488e-04,1.344581930624712349e-03,1.691610201695584355e-04,1.622269676299613718e-03,1.942852981433625462e-02,5.705828598198207577e-03
1.854999999999999982e-01,0.000000000000000000e+00,2.272216590466073251e-03,2.808415961417886145e-03,2.245633878695394575e-03,2.833658277226722665e-03,1.000000000000000000e+00,1.000000000000000000e+00,8.370346518284920703e-04,1.331597779599703272e-03,3.222073017738435715e-04,2.149461053898960136e-04,7.716646379916483611e-02,2.014685173235385152e-02,2.324571055612342507e-01,6.157594459692319888e-02,8.307720175429790261e-04,1.345411021238491350e-03,5.744953874944501090e-05,1.693922584478368748e-03,1.942852981433625462e-02,5.705828598198207577e-03
1.859999999999999987e-01,0.000000000000000000e+00,2.272404348862516570e-03,2.808508745851465583e-03,2.246403431465906955e-03,2.833984228913715570e-03,1.000000000000000000e+00,1.000000000000000000e+00,8.371784831047363908e-04,1.331690564033282927e-03,2.876625524885900319e-04,1.855688671592084765e-04,7.750858672356092383e-02,2.278196726443718068e-02,2.352494148300543209e-01,7.133471968913680794e-02,8.314262462364928026e-04,1.338784268328264753e-03,-9.591293907701284663e-05,8.252984155558956009e-04,1.940282166770386854e-02,5.986799638542542740e-03
1.864999999999999991e-01,0.000000000000000000e+00,2.272608812423187064e-03,2.808652717708289091e-03,2.247185042746175157e-03,2.834310294556410120e-03,1.000000000000000000e+00,1.000000000000000000e+00,8.373351112792081028e-04,1.331834535890106435e-03,3.132563489433646924e-04,2.879437136470542431e-04,7.831057626183778042e-02,2.491495920930087218e-02,2.380814742803912254e-01,7.739986212447481917e-02,8.313254489329347180e-04,1.339256869453880460e-03,-3.068636461329718804e-04,1.064624416200406296e-03,1.940282166770386854e-02,5.986799638542542740e-03
1.869999999999999996e-01,0.000000000000000000e+00,2.272844422520353767e-03,2.808801695315646732e-03,2.247978730716149350e-03,2.834636441116868480e-03,1.000000000000000000e+00,1.000000000000000000e+00,8.375155990848853716e-04,1.331983513497464293e-03,3.609756113544600360e-04,2.979552147158613857e-04,7.949353160455846501e-02,2.509128919526430745e-02,2.420086847541229880e-01,7.626683124488840837e-02,8.311351251187078107e-04,1.339881615887546923e-03,-4.541390005184824975e-04,1.433622595030389392e-03,1.940282166770386854e-02,5.986799638542542740e-03
1.875000000000000000e-01,0.000000000000000000e+00,2.273101488204195848e-03,2.808959203577415537e-03,2.248784504221769572e-03,2.834962635288392537e-03,1.000000000000000000e+00,1.000000000000000000e+00,8.377125228235092090e-04,1.332141021759232881e-03,3.938474772475929653e-04,3.150165235370172264e-04,7.973573609007307550e-02,2.343579336716666850e-02,2.419516344119534146e-01,6.969205814932717680e-02,8.308942148346833449e-04,1.340692499071365063e-03,-5.093859634937481125e-04,1.809151725669059076e-03,1.940282166770386854e-02,5.986799638542542740e-03
1.880000000000000004e-01,0.000000000000000000e+00,2.273362958302855598e-03,2.809091069999190143e-03,2.249602362518911443e-03,2.835288843497686673e-03,1.000000000000000000e+00,1.000000000000000000e+00,8.379128205396290914e-04,1.332272888181007704e-03,4.005954322398352961e-04,2.637328435494479869e-04,7.845680730562208660e-02,2.550548769343789074e-02,2.367804435885995373e-01,7.912784011142570684e-02,8.342882791114705678e-04,1.338450263005541751e-03,-7.081157222568832538e-05,1.660200299365177309e-03,1.926578893655005523e-02,6.107205514799088006e-03
1.885000000000000009e-01,0.000000000000000000e+00,2.273576887736374237e-03,2.809270921149660018e-03,2.250432295017345749e-03,2.835615031907020092e-03,1.000000000000000000e+00,1.000000000000000000e+00,8.380766999933960282e-04,1.332452739331477145e-03,3.277589075338853235e-04,3.597023009390062378e-04,7.850159267327269652e-02,2.425626071100146774e-02,2.380192200116772738e-01,7.253834239795581285e-02,8.342228836244539036e-04,1.339375947187376129e-03,-1.905358802941235427e-04,2.041761983976844892e-03,1.926578893655005523e-02,6.107205514799088006e-03
1.890000000000000013e-01,0.000000000000000000e+00,2.273829761404193815e-03,2.809395872339565288e-03,2.251274281024683716e-03,2.835941166416390026e-03,1.000000000000000000e+00,1.000000000000000000e+00,8.382704124614402284e-04,1.332577690521382415e-03,3.874249360884360772e-04,2.499023798105426972e-04,7.885215089297963054e-02,2.272091769888910304e-02,2.393644943264781888e-01,6.760895202963997097e-02,8.340988335793142125e-04,1.340471804747022690e-03,-3.054369355254289015e-04,2.341046831124776479e-03,1.926578893655005523e-02,6.107205514799088006e-03
1.895000000000000018e-01,0.000000000000000000e+00,2.274053500104141097e-03,2.809530418360622808e-03,2.252128289490333991e-03,2.836267212665681027e-03,1.000000000000000000e+00,1.000000000000000000e+00,8.384418062492455257e-04,1.332712236542440152e-03,3.427875756104996363e-04,2.690920421154381625e-04,7.915846191162187462e-02,2.144229183430438473e-02,2.402383435282465507e-01,6.395964192951472671e-02,8.339243748574479186e-04,1.341692472716088077e-03,-3.922231683951568973e-04,2.541191038296954086e-03,1.926578893655005523e-02,6.107205514799088006e-03
1.900000000000000022e-01,0.000000000000000000e+00,2.274299371596585559e-03,2.809630787924331276e-03,2.252994278749451823e-03,2.836593136036829037e-03,1.000000000000000000e+00,1.000000000000000000e+00,8.386301547397537106e-04,1.332812606106148403e-03,3.766969810163813969e-04,2.007391274165645670e-04,7.807818873094528322e-02,2.397546877615511218e-02,2.357939791683773267e-01,7.486857532851518005e-02,8.401818754582300640e-04,1.333673034925652928e-03,3.848731695416246490e-04,1.449941265662159752e-03,1.902343057993759190e-02,6.456348569541361763e-03
1.905000000000000027e-01,0.000000000000000000e+00,2.274494707299299159e-03,2.809800193850073031e-03,2.253872196266889540e-03,2.836918901655983288e-03,1.000000000000000000e+00,1.000000000000000000e+00,8.387797905693601935e-04,1.332982012031890375e-03,2.992716592129127063e-04,3.388118514841552712e-04,7.712402275128410478e-02,2.606590529687128135e-02,2.329818871257433588e-01,8.086621468606275398e-02,8.403442008076713026e-04,1.334458014648985105e-03,2.646550749961602486e-04,1.689483732450545832e-03,1.902343057993759190e-02,6.456348569541361763e-03
1.910000000000000031e-01,0.000000000000000000e+00,2.274713616142245987e-03,2.809954229090983087e-03,2.254761978381154396e-03,2.837244474395668632e-03,1.000000000000000000e+00,1.000000000000000000e+00,8.389474844720495438e-04,1.333136047272800214e-03,3.353878053786446133e-04,3.080704818195229423e-04,7.608934821069518462e-02,2.767398814781179411e-02,2.297914473683947412e-01,8.531768487944552115e-02,8.404285179767952965e-04,1.335394567185730621e-03,7.298187535233766413e-05,2.055980754939564642e-03,1.902343057993759190e-02,6.456348569541361763e-03
1.915000000000000036e-01,0.000000000000000000e+00,2.274887132064468478e-03,2.810148216399242001e-03,2.255663550048351684e-03,2.837569818876946141e-03,1.000000000000000000e+00,1.000000000000000000e+00,8.390804053800603266e-04,1.333330034581059345e-03,2.658418160216228371e-04,3.879746165181791962e-04,7.677943251602400987e-02,2.567971439524647723e-02,2.333290519301773336e-01,7.622390153937678992e-02,8.403977724552800762e-04,1.336538283639213207e-03,-1.954425962609669144e-04,2.517946553243756869e-03,1.902343057993759190e-02,6.456348569541361763e-03
1.920000000000000040e-01,0.000000000000000000e+00,2.275118762930718186e-03,2.810281776950952770e-03,2.256576824586145179e-03,2.837894899471576741e-03,1.000000000000000000e+00,1.000000000000000000e+00,8.392578449180059397e-04,1.333463595132770331e-03,3.548790758912537865e-04,2.671211034218596105e-04,7.826769059026233988e-02,2.410860149047065054e-02,2.385527576026034713e-01,7.178828225651542883e-02,8.364396552569313076e-04,1.341905482313567564e-03,-9.020999764959452584e-04,3.372634817580202546e-03,1.916605799562465934e-02,6.305560967467600808e-03
1.925000000000000044e-01,0.000000000000000000e+00,2.275337044465764944e-03,2.810429453352503246e-03,2.257501703417703291e-03,2.838219680304183978e-03,1.000000000000000000e+00,1.000000000000000000e+00,8.394250582749641530e-04,1.333611271534320590e-03,3.344267139165087274e-04,2.953528031005682257e-04,7.952106880543199918e-02,2.247730110195394343e-02,2.421424253473186405e-01,6.680256153250382911e-02,8.359609039644191192e-04,1.343653288721027546e-03,-1.012672812445163713e-03,3.618049151559610266e-03,1.916605799562465934e-02,6.305560967467600808e-03
1.930000000000000049e-01,0.000000000000000000e+00,2.275600467537040785e-03,2.810538815713900084e-03,2.258438075815653000e-03,2.838544125254411580e-03,1.000000000000000000e+00,1.000000000000000000e+00,8.396268520549042807e-04,1.333720633895717428e-03,4.035875598802270972e-04,2.187247227936011773e-04,8.062494005011741627e-02,2.065311252041580545e-02,2.453850937571985524e-01,6.108754033833303787e-02,8.354511732799030886e-04,1.345497596201510222e-03,-1.026204438426678387e-03,3.758838225271331126e-03,1.916605799562465934e-02,6.305560967467600808e-03
1.935000000000000053e-01,0.000000000000000000e+00,2.275862858263602139e-03,2.810650170357790849e-03,2.259385818646033380e-03,2.838868197959092728e-03,1.000000000000000000e+00,1.000000000000000000e+00,8.398278550129124886e-04,1.333831988539607976e-03,4.020059160164697457e-04,2.227092877811159930e-04,8.156482235453986485e-02,1.863538908689109722e-02,2.480923616005243082e-01,5.480982485835021040e-02,8.349558457617458664e-04,1.347383387937387466e-03,-9.552244737173845070e-04,3.784208286018760602e-03,1.916605799562465934e-02,6.305560967467600808e-03
1.940000000000000058e-01,0.000000000000000000e+00,2.276151590001291008e-03,2.810726096150071782e-03,2.260344796112243038e-03,2.839191861814405454e-03,1.000000000000000000e+00,1.000000000000000000e+00,8.400490363561210691e-04,1.333907914331889343e-03,4.423626864171120244e-04,1.518515845628600521e-04,8.220774623425809724e-02,2.130207819351118831e-02,2.498018380278608785e-01,6.686745836361047968e-02,8.344338598473317751e-04,1.338357553664371816e-03,-8.236050542845957390e-04,2.270004087997851139e-03,1.916905266728941015e-02,6.713637326269379299e-03
1.945000000000000062e-01,0.000000000000000000e+00,2.276440779464102004e-03,2.810875355685879193e-03,2.261314859498996226e-03,2.839515079978040604e-03,1.000000000000000000e+00,1.000000000000000000e+00,8.402705683371161421e-04,1.334057173867696320e-03,4.430639619900746183e-04,2.985190716141501764e-04,8.279409295711556704e-02,2.353361320653638358e-02,2.515304301646116847e-01,7.330168974307138541e-02,8.340694483849118816e-04,1.339498988302737338e-03,-6.343937132413175924e-04,2.295641644605289026e-03,1.916905266728941015e-02,6.713637326269379299e-03
1.950000000000000067e-01,0.000000000000000000e+00,2.276774767975473651e-03,2.811021271296830840e-03,2.262295846916274195e-03,2.839837815371355507e-03,1.000000000000000000e+00,1.000000000000000000e+00,8.405264183803180973e-04,1.334203089478648400e-03,5.117000864040117903e-04,2.918312219040722572e-04,8.303447684573364573e-02,2.556460265637832199e-02,2.519888313347514730e-01,7.928237661568378336e-02,8.338103217085261797e-04,1.340687841073393786e-03,-4.025525050801136151e-04,2.459407134995958248e-03,1.916905266728941015e-02,6.713637326269379299e-03
1.955000000000000071e-01,0.000000000000000000e+00,2.277112766424910055e-03,2.811215471090573390e-03,2.263287583043273928e-03,2.840160030681546707e-03,1.000000000000000000e+00,1.000000000000000000e+00,8.407853402142914526e-04,1.334397289272390734e-03,5.178436679466113602e-04,3.883995874844854224e-04,8.243245774711918661e-02,2.394805518443738485e-02,2.494478585557332317e-01,7.129955200789399317e-02,8.336710517604092397e-04,1.341989650094269678e-03,-1.550017744911692114e-04,2.747221970713490703e-03,1.916905266728941015e-02,6.713637326269379299e-03
1.960000000000000075e-01,0.000000000000000000e+00,2.277460346250507681e-03,2.811370585161913817e-03,2.264289878872363833e-03,2.840481688363803627e-03,1.000000000000000000e+00,1.000000000000000000e+00,8.410516018082306311e-04,1.334552403343731162e-03,5.325231878783344419e-04,3.102281426810131210e-04,8.166100274607759890e-02,2.644756604005081557e-02,2.469711357766237458e-01,8.236325217622997297e-02,8.369702758632120796e-04,1.337111462174624945e-03,4.754722886612301226e-04,2.113718618610236494e-03,1.904441487791800475e-02,6.949574289389155897e-03
1.965000000000000080e-01,0.000000000000000000e+00,2.277767034071527703e-03,2.811580382059754649e-03,2.265302531453033778e-03,2.840802750643476975e-03,1.000000000000000000e+00,1.000000000000000000e+00,8.412865383092954768e-04,1.334762200241571776e-03,4.698730021297197325e-04,4.195937956811129086e-04,8.020930267291119520e-02,2.795287370874216526e-02,2.419686264138226073e-01,8.610854699689056424e-02,8.372455461051559128e-04,1.338246838161493086e-03,6.253078969346505429e-04,2.427135025163682305e-03,1.904441487791800475e-02,6.949574289389155897e-03
1.970000000000000084e-01,0.000000000000000000e+00,2.278062645417327624e-03,2.811789961821712855e-03,2.266325323635846010e-03,2.841123179518233698e-03,1.000000000000000000e+00,1.000000000000000000e+00,8.415129897380684010e-04,1.334971780003530199e-03,4.529028575458816713e-04,4.191595239168714238e-04,7.985960623476862086e-02,2.606850191094215591e-02,2.418435096320065147e-01,7.750513483057097641e-02,8.375675335596853652e-04,1.339561380836209754e-03,6.625575636706685506e-04,2.830204851970310499e-03,1.904441487791800475e-02,6.949574289389155897e-03
1.975000000000000089e-01,0.000000000000000000e+00,2.278349154207376728e-03,2.811964076608507862e-03,2.267358023816389533e-03,2.841442936760224525e-03,1.000000000000000000e+00,1.000000000000000000e+00,8.417324682045903162e-04,1.335145894790325423e-03,4.389569330438746961e-04,3.482295735903239223e-04,7.969782775752487503e-02,2.439549037604871878e-02,2.415085835604031117e-01,7.259498637221503681e-02,8.379013348808930350e-04,1.341046879224181126e-03,6.726156142038016393e-04,3.111188020060330541e-03,1.904441487791800475e-02,6.949574289389155897e-03
1.980000000000000093e-01,0.000000000000000000e+00,2.278612376233299028e-03,2.812114712256264925e-03,2.268400385679232752e-03,2.841761983918248032e-03,1.000000000000000000e+00,1.000000000000000000e+00,8.419341079748547717e-04,1.335296530438082269e-03,4.032795405288651424e-04,3.012712955138040021e-04,8.096531869764107825e-02,2.307747795206427366e-02,2.465560028363161238e-01,6.889032064983881265e-02,8.383105934822991006e-04,1.343200975329172367e-03,6.796822251720290552e-04,3.356623938931436492e-03,1.904165875497867630e-02,6.928780328906802670e-03
1.985000000000000098e-01,0.000000000000000000e+00,2.278901653737700969e-03,2.812244839395551099e-03,2.269452147941866151e-03,2.842080282319901265e-03,1.000000000000000000e+00,1.000000000000000000e+00,8.421557073996207904e-04,1.335426657577368443e-03,4.431988495320891602e-04,2.602542785723271175e-04,8.056179657940740202e-02,2.192448525151777933e-02,2.439216102454407620e-01,6.552527543317000769e-02,8.386741012696855360e-04,1.344902139848916335e-03,7.741521057225858073e-04,3.447793167053886561e-03,1.904165875497867630e-02,6.928780328906802670e-03
1.990000000000000102e-01,0.000000000000000000e+00,2.279166188999226864e-03,2.812372195073914970e-03,2.270513034098670113e-03,2.842397793073757253e-03,1.000000000000000000e+00,1.000000000000000000e+00,8.423583531667219694e-04,1.335554013255732097e-03,4.052915342024453063e-04,2.547113567273612137e-04,8.023468684348432356e-02,2.099787462213067307e-02,2.429816847578122607e-01,6.290922992887822141e-02,8.390768355569812580e-04,1.346630579437170907e-03,8.366487062287687737e-04,3.465864844367242716e-03,1.904165875497867630e-02,6.928780328906802670e-03
1.995000000000000107e-01,0.000000000000000000e+00,2.279424758756012394e-03,2.812478995119987481e-03,2.271582752164853260e-03,2.842714477071516498e-03,1.000000000000000000e+00,1.000000000000000000e+00,8.425564290920661880e-04,1.335660813301805042e-03,3.961518506885269137e-04,2.136000921459731854e-04,7.996326843232853809e-02,2.027007879279871250e-02,2.422034497773582207e-01,6.086135237500531203e-02,8.395043610253283706e-04,1.348353480224506263e-03,8.733658533094886857e-04,3.425750935626304707e-03,1.904165875497867630e-02,6.928780328906802670e-03
2.000000000000000111e-01,0.000000000000000000e+00,2.279669073967636496e-03,2.812584203041040495e-03,2.272660994420409430e-03,2.843030294990172777e-03,1.000000000000000000e+00,1.000000000000000000e+00,8.427435854023001671e-04,1.335766021222857839e-03,3.743126204680185067e-04,2.104158421057919829e-04,7.841984864927545318e-02,2.185679394702312595e-02,2.364329574136782852e-01,6.764394688074172601e-02,8.434498572006648553e-04,1.348442260848795732e-03,1.343653580426508280e-03,3.132508252221395239e-03,1.891035276023098066e-02,6.988824605818573510e-03
2.005000000000000115e-01,0.000000000000000000e+00,2.279875260039681845e-03,2.812714028412331528e-03,2.273747437154070329e-03,2.843345207294173740e-03,1.000000000000000000e+00,1.000000000000000000e+00,8.429015330970391273e-04,1.335895846594149089e-03,3.158953894780093161e-04,2.596507425826583373e-04,7.831138532300312149e-02,2.113410016873404351e-02,2.373076838203992955e-01,6.349755605723557406e-02,8.440992268006400736e-04,1.350010546888140471e-03,1.253974077105073992e-03,3.140561032368439573e-03,1.891035276023098066e-02,6.988824605818573510e-03
2.010000000000000120e-01,0.000000000000000000e+00,2.280103426552673295e-03,2.812807358319091913e-03,2.274841740407255140e-03,2.843659174237584547e-03,1.000000000000000000e+00,1.000000000000000000e+00,8.430763187864220680e-04,1.335989176500909040e-03,3.495713787658225437e-04,1.866598135200578130e-04,7.832010528535444938e-02,2.048069001958396917e-02,2.374465890424800607e-01,6.155489415678924714e-02,8.447019071979554317e-04,1.351571497199484254e-03,1.156912839911690936e-03,3.103253525108250546e-03,1.891035276023098066e-02,6.988824605818573510e-03
2.015000000000000124e-01,0.000000000000000000e+00,2.280308657534854677e-03,2.812919068043086453e-03,2.275943547718025772e-03,2.843972155866248894e-03,1.000000000000000000e+00,1.000000000000000000e+00,8.432335348398779882e-04,1.336100886224904014e-03,3.144321069118280920e-04,2.234194479900872027e-04,7.835062400711877151e-02,1.996783936775752694e-02,2.375446795618070261e-01,6.013201319327896033e-02,8.452564716065865324e-04,1.353103642368790787e-03,1.061508729214196475e-03,3.025420091521810982e-03,1.891035276023098066e-02,6.988824605818573510e-03
2.020000000000000129e-01,0.000000000000000000e+00,2.280531451418774461e-03,2.813004303364004081e-03,2.277052485866070362e-03,2.844284112020421893e-03,1.000000000000000000e+00,1.000000000000000000e+00,8.434042048566155756e-04,1.336186121545821642e-03,3.413400334751452172e-04,1.704706418353838719e-04,7.778180465645759267e-02,2.248833763327156773e-02,2.353194728545478787e-01,7.034263239032144399e-02,8.491745417872005640e-04,1.348412272861991687e-03,1.411953736735358780e-03,2.114766620400804209e-03,1.878258900984427354e-02,7.220225676025967231e-03
2.025000000000000133e-01,0.000000000000000000e+00,2.280721857200230813e-03,2.813154955574955970e-03,2.278168164710582533e-03,2.844595002379489077e-03,1.000000000000000000e+00,1.000000000000000000e+00,8.435500641474379981e-04,1.336336773756773098e-03,2.917185816447430587e-04,3.013044219029780086e-04,7.732573740943134155e-02,2.475478991547975724e-02,2.340154975187995201e-01,7.703250118505507171e-02,8.498499679493973528e-04,1.349476101797323453e-03,1.289961806066100645e-03,2.140459126349991172e-03,1.878258900984427354e-02,7.220225676025967231e-03
2.030000000000000138e-01,0.000000000000000000e+00,2.280939856069321391e-03,2.813293784746950278e-03,2.279290177483221918e-03,2.844904786712902384e-03,1.000000000000000000e+00,1.000000000000000000e+00,8.437170609697107384e-04,1.336475602928767622e-03,3.339936445455186139e-04,2.776583439890627290e-04,7.727926564158330014e-02,2.475163974408979561e-02,2.342399713063651190e-01,7.507836796875252960e-02,8.504559965252074744e-04,1.350587924118943359e-03,1.134431011667851562e-03,2.306466423545261001e-03,1.878258900984427354e-02,7.220225676025967231e-03
2.035000000000000142e-01,0.000000000000000000e+00,2.281138431638054988e-03,2.813445630026102824e-03,2.280418101413595171e-03,2.845213425281786432e-03,1.000000000000000000e+00,1.000000000000000000e+00,8.438691786806785640e-04,1.336627448207920168e-03,3.042354219355900133e-04,3.036905583049746404e-04,7.748509649422101464e-02,2.360702808616377268e-02,2.350680187975342228e-01,7.064361122706597218e-02,8.509837889973719200e-04,1.351782155996221740e-03,9.770239841955959386e-04,2.470098837163885522e-03,1.878258900984427354e-02,7.220225676025967231e-03
2.040000000000000147e-01,0.000000000000000000e+00,2.281357016688252259e-03,2.813566543335489431e-03,2.281551498386102071e-03,2.845520879254754328e-03,1.000000000000000000e+00,1.000000000000000000e+00,8.440366245437310160e-04,1.336748361517306558e-03,3.348917261048668550e-04,2.418266187727324866e-04,7.783592156930513317e-02,2.622190049376894525e-02,2.362661273142799279e-01,8.175737295223382828e-02,8.519988879811713108e-04,1.345849170685290861e-03,9.099145294076459254e-04,1.627352432706292550e-03,1.876154786909479608e-02,7.489611390561492187e-03
2.045000000000000151e-01,0.000000000000000000e+00,2.281562983286755837e-03,2.813753781825981126e-03,2.282689915596828462e-03,2.845827111123752987e-03,1.000000000000000000e+00,1.000000000000000000e+00,8.441944041119827432e-04,1.336935600007798687e-03,3.155591365035555077e-04,3.744769809843257781e-04,7.850469652584629587e-02,2.844341923336587627e-02,2.385567899489965671e-01,8.819271854910594455e-02,8.524263896285961921e-04,1.346719222800248431e-03,8.002883588552616063e-04,1.852387033028655376e-03,1.876154786909479608e-02,7.489611390561492187e-03
2.050000000000000155e-01,0.000000000000000000e+00,2.281821857932552107e-03,2.813944143676353881e-03,2.283832886210417513e-03,2.846132085119887616e-03,1.000000000000000000e+00,1.000000000000000000e+00,8.443927135958593936e-04,1.337125961858171225e-03,3.966189677533684386e-04,3.807237007450032769e-04,7.880255502328112338e-02,2.769903084231132087e-02,2.391726299392031019e-01,8.340722504073867782e-02,8.528121563976033027e-04,1.347735671694790796e-03,7.428754043687533712e-04,2.212671905280929035e-03,1.876154786909479608e-02,7.489611390561492187e-03
2.055000000000000160e-01,0.000000000000000000e+00,2.282073690953031250e-03,2.814137026425931731e-03,2.284979930016963097e-03,2.846435767629270069e-03,1.000000000000000000e+00,1.000000000000000000e+00,8.445856288817913879e-04,1.337318844607749075e-03,3.858305718639648031e-04,3.857654991557739961e-04,7.874602846000702816e-02,2.607632841086358899e-02,2.386948418365574254e-01,7.774217265000177290e-02,8.531750553683768376e-04,1.348919571066040449e-03,7.087728548379459634e-04,2.522280821156505214e-03,1.876154786909479608e-02,7.489611390561492187e-03
2.060000000000000164e-01,0.000000000000000000e+00,2.282326893422695954e-03,2.814299757334293509e-03,2.286130554088879746e-03,2.846738127608838993e-03,1.000000000000000000e+00,1.000000000000000000e+00,8.447795932266619501e-04,1.337481575516110636e-03,3.879286897410975737e-04,3.254618167229533527e-04,8.087062254757661217e-02,2.603991256651537467e-02,2.469950737018174747e-01,7.896782821513650963e-02,8.443186587344651307e-04,1.349936211629205844e-03,-5.232988268327656151e-04,2.688791937213944744e-03,1.910625600036632010e-02,7.500694372186997826e-03
2.065000000000000169e-01,0.000000000000000000e+00,2.282621457521255125e-03,2.814471653560374036e-03,2.287284253437797329e-03,2.847039137002210785e-03,1.000000000000000000e+00,1.000000000000000000e+00,8.450052424175056838e-04,1.337653471742191163e-03,4.512983816874750710e-04,3.437924521612057121e-04,8.273793240782467695e-02,2.559559931154761769e-02,2.524568151311288311e-01,7.727887163204112675e-02,8.440796832240967306e-04,1.351330434921779776e-03,-4.327696280446943246e-04,2.887663134545242517e-03,1.910625600036632010e-02,7.500694372186997826e-03
2.070000000000000173e-01,0.000000000000000000e+00,2.282964261508924932e-03,2.814645380148747718e-03,2.288440511671435782e-03,2.847338771155504510e-03,1.000000000000000000e+00,1.000000000000000000e+00,8.452678455073390790e-04,1.337827198330565062e-03,5.252061796667719783e-04,3.474531767476845309e-04,8.448010899683311425e-02,2.458503448004640407e-02,2.576561104013547765e-01,7.373457574343891818e-02,8.439214170896840519e-04,1.352816520717724106e-03,-2.007386018376060115e-04,3.056297078566901602e-03,1.910625600036632010e-02,7.500694372186997826e-03
2.075000000000000178e-01,0.000000000000000000e+00,2.283355536733764138e-03,2.814816711072539758e-03,2.289598801650485904e-03,2.847637009233177242e-03,1.000000000000000000e+00,1.000000000000000000e+00,8.455675797190572406e-04,1.337998529254356885e-03,5.994684234362856285e-04,3.426618475834406255e-04,8.562799596190456830e-02,2.268745782155505777e-02,2.606543389736347138e-01,6.722626923782523689e-02,8.439118036393533379e-04,1.354370618212876864e-03,1.615829891161392126e-04,3.159833519314337973e-03,1.910625600036632010e-02,7.500694372186997826e-03
2.080000000000000182e-01,0.000000000000000000e+00,2.283785259925450936e-03,2.814971721357273707e-03,2.290758586145500569e-03,2.847933834633870238e-03,1.000000000000000000e+00,1.000000000000000000e+00,8.458967667821285213e-04,1.338153539539091268e-03,6.583741261424996393e-04,3.100205694688320515e-04,8.554593698619543385e-02,2.550245932218117573e-02,2.593775199095139650e-01,7.976883817861606107e-02,8.454578004838339284e-04,1.344975555335316568e-03,7.829364687129496646e-04,1.720271492213918492e-03,1.905554731633764612e-02,7.911703333684660597e-03
2.084999999999999909e-01,0.000000000000000000e+00,2.284216932465789416e-03,2.815188845502089067e-03,2.291919318493764249e-03,2.848229235406228230e-03,1.000000000000000000e+00,1.000000000000000000e+00,8.462274471329016279e-04,1.338370663683906194e-03,6.613607015462357602e-04,4.342482896299952599e-04,8.503508059309559941e-02,2.772032008120673199e-02,2.574646817429526724e-01,8.601659952790230435e-02,8.459592892547181282e-04,1.345865368609499386e-03,1.222148475861150121e-03,1.838718429188222108e-03,1.905554731633764612e-02,7.911703333684660597e-03
2.089999999999999913e-01,0.000000000000000000e+00,2.284668177653286295e-03,2.815436265509168624e-03,2.293080443256188990e-03,2.848523204664749932e-03,1.000000000000000000e+00,1.000000000000000000e+00,8.465731210012680200e-04,1.338618083690985968e-03,6.913477367328453365e-04,4.948400141595211835e-04,8.371217876605058228e-02,2.931087890799120507e-02,2.527741635513292007e-01,9.031873106839401200e-02,8.466693145428556095e-04,1.346848536423543704e-03,1.617160316357352723e-03,2.093422059964377378e-03,1.905554731633764612e-02,7.911703333684660597e-03
2.094999999999999918e-01,0.000000000000000000e+00,2.285108500832371339e-03,2.815717963213824372e-03,2.294241396874184373e-03,2.848815741005612974e-03,1.000000000000000000e+00,1.000000000000000000e+00,8.469104281257825275e-04,1.338899781395641716e-03,6.746142490290435098e-04,5.633954093113245892e-04,8.193137250620349810e-02,2.903400261465429941e-02,2.469812398634020079e-01,8.790627914590914971e-02,8.475503703641658511e-04,1.347983020804819319e-03,1.906468996589327910e-03,2.443793576594805849e-03,1.905554731633764612e-02,7.911703333684660597e-03
2.099999999999999922e-01,0.000000000000000000e+00,2.285517272366881583e-03,2.815995571610392656e-03,2.295401608326549155e-03,2.849106848922516172e-03,1.000000000000000000e+00,1.000000000000000000e+00,8.472235652882993814e-04,1.339177389792210000e-03,6.262743250338145481e-04,5.552167931366131133e-04,8.016331809939135356e-02,3.044580481333224870e-02,2.416170509295956503e-01,9.362313547883098497e-02,8.525655144177458206e-04,1.345560602163093245e-03,2.578528766838466060e-03,2.289049256552907422e-03,1.890478166625167433e-02,8.051317377752404553e-03
2.104999999999999927e-01,0.000000000000000000e+00,2.285865926979942665e-03,2.816284860109438161e-03,2.296560499786345563e-03,2.849396539222508358e-03,1.000000000000000000e+00,1.000000000000000000e+00,8.474906502172024599e-04,1.339466678291255505e-03,5.341698578060784762e-04,5.785769980911116290e-04,7.841233596423316521e-02,2.974566767835526079e-02,2.362921006988634165e-01,8.970587370000790428e-02,8.538617480860996069e-04,1.346805018396046586e-03,2.606303094720547296e-03,2.687795881962077790e-03,1.890478166625167433e-02,8.051317377752404553e-03
2.109999999999999931e-01,0.000000000000000000e+00,2.286162515682947302e-03,2.816542552399919214e-03,2.297717487277791369e-03,2.849684829441833690e-03,1.000000000000000000e+00,1.000000000000000000e+00,8.477178503450309363e-04,1.339724370581736341e-03,4.544002556570556246e-04,5.153845809617214630e-04,7.779139878543213371e-02,2.768786117004492023e-02,2.353458471446825406e-01,8.229270749510794736e-02,8.551382443997294826e-04,1.348236680232139766e-03,2.499840243799225301e-03,3.038118438212082315e-03,1.890478166625167433e-02,8.051317377752404553e-03
2.114999999999999936e-01,0.000000000000000000e+00,2.286420671042662354e-03,2.816742480019172531e-03,2.298871981333131150e-03,2.849971744261754411e-03,1.000000000000000000e+00,1.000000000000000000e+00,8.479156088238020035e-04,1.339924298200989876e-03,3.955169575421033329e-04,3.998552385071274182e-04,7.770866526872768909e-02,2.618313855775271370e-02,2.355328402992418746e-01,7.817076378567454353e-02,8.563498770659923797e-04,1.349810370914126569e-03,2.346940949738682280e-03,3.256162252711084209e-03,1.890478166625167433e-02,8.051317377752404553e-03
2.119999999999999940e-01,0.000000000000000000e+00,2.286647806373440835e-03,2.816907193344366997e-03,2.300023387649524458e-03,2.850257315924394422e-03,1.000000000000000000e+00,1.000000000000000000e+00,8.480896045817810187e-04,1.340089011526184558e-03,3.479915159580510464e-04,3.294266503892689848e-04,7.743249295276449784e-02,2.877022563861564991e-02,2.345133384109585051e-01,8.948145079731588403e-02,8.595351776171983229e-04,1.346666085849377355e-03,2.455414497148319854e-03,2.754577794118891546e-03,1.882793250072176475e-02,8.231247635152037431e-03
2.124999999999999944e-01,0.000000000000000000e+00,2.286858055986446502e-03,2.817116494867872526e-03,2.301171107745928358e-03,2.850541584648574184e-03,1.000000000000000000e+00,1.000000000000000000e+00,8.482506651294921107e-04,1.340298313049689870e-03,3.221210954222398538e-04,4.186030470106352156e-04,7.731191941497217446e-02,2.879127266645321870e-02,2.342712655702642865e-01,8.738154315091724300e-02,8.607203992488340113e-04,1.348109254944135360e-03,2.285756035028981351e-03,3.017534439886197881e-03,1.882793250072176475e-02,8.231247635152037431e-03
2.129999999999999949e-01,0.000000000000000000e+00,2.287093353037787831e-03,2.817308488176995494e-03,2.302314539619981261e-03,2.850824599045647355e-03,1.000000000000000000e+00,1.000000000000000000e+00,8.484309131281543136e-04,1.340490306358812621e-03,3.604959973243501768e-04,3.839866182453756903e-04,7.733064490204621944e-02,2.713775036479012040e-02,2.344611039071295977e-01,8.093143593988876006e-02,8.618189127994897291e-04,1.349683384585527012e-03,2.108599980226769609e-03,3.278419047149135589e-03,1.882793250072176475e-02,8.231247635152037431e-03
2.134999999999999953e-01,0.000000000000000000e+00,2.287311766516403506e-03,2.817483821147241316e-03,2.303453078404878521e-03,2.851106416535329185e-03,1.000000000000000000e+00,1.000000000000000000e+00,8.485982275597502272e-04,1.340665639329058443e-03,3.346288631918975260e-04,3.506659404914735500e-04,7.738272378386495953e-02,2.578462812200955911e-02,2.346378130787457883e-01,7.707788400561589592e-02,8.628296589000890738e-04,1.351361369371919478e-03,1.934683273778775884e-03,3.433156806392352774e-03,1.882793250072176475e-02,8.231247635152037431e-03
2.139999999999999958e-01,0.000000000000000000e+00,2.287528958801490070e-03,2.817636367590826800e-03,2.304586117026259737e-03,2.851387103761538790e-03,1.000000000000000000e+00,1.000000000000000000e+00,8.487646065028289777e-04,1.340818185772644361e-03,3.327578861575711364e-04,3.050928871716565311e-04,7.927283628266382220e-02,2.682185882736474319e-02,2.419332186841522958e-01,8.224752280779575042e-02,8.568197923531876026e-04,1.349171342670939721e-03,8.666225527751631515e-04,2.992470609230404085e-03,1.908774357450597134e-02,8.378244754759484048e-03
2.144999999999999962e-01,0.000000000000000000e+00,2.287786930185683673e-03,2.817815383185083913e-03,2.305713046859090426e-03,2.851666737008231450e-03,1.000000000000000000e+00,1.000000000000000000e+00,8.489622240481741995e-04,1.340997201366901041e-03,3.952350906904075149e-04,3.580311885134614342e-04,8.111395252562260405e-02,2.729707332419221630e-02,2.474930707048808576e-01,8.322358880665396696e-02,8.572411615686854197e-04,1.350696974617815243e-03,8.189308113816361895e-04,3.109772194595299740e-03,1.908774357450597134e-02,8.378244754759484048e-03
2.149999999999999967e-01,0.000000000000000000e+00,2.288094619361803663e-03,2.818003873987431386e-03,2.306833258384543249e-03,2.851945402615236116e-03,1.000000000000000000e+00,1.000000000000000000e+00,8.491979276317487531e-04,1.341185692169248947e-03,4.714071671490175763e-04,3.769816046956896540e-04,8.300558340100663846e-02,2.698479609639300655e-02,2.532959931461247205e-01,8.161084336390543592e-02,8.576739932530503228e-04,1.352288228093621999e-03,9.121988168478210694e-04,3.254900317592718424e-03,1.908774357450597134e-02,8.378244754759484048e-03
2.154999999999999971e-01,0.000000000000000000e+00,2.288452348680305830e-03,2.818200435570533940e-03,2.307946141846884455e-03,2.852223197394089874e-03,1.000000000000000000e+00,1.000000000000000000e+00,8.494719641883278919e-04,1.341382253752351284e-03,5.480731131583477592e-04,3.931231662046879758e-04,8.314171665893788088e-02,2.555189666603303877e-02,2.522382193674741480e-01,7.631738677223037781e-02,8.581893227302710885e-04,1.353946672944678683e-03,1.148641394632616240e-03,3.378576729534078435e-03,1.908774357450597134e-02,8.378244754759484048e-03
2.159999999999999976e-01,0.000000000000000000e+00,2.288821380976161553e-03,2.818387950000314848e-03,2.309051087910347737e-03,2.852500229043872411e-03,1.000000000000000000e+00,1.000000000000000000e+00,8.497546593278997680e-04,1.341569768182132409e-03,5.653902791436511525e-04,3.750288595622974395e-04,8.492143772622740006e-02,2.717795379347848553e-02,2.590402415494680866e-01,8.385020245407104333e-02,8.519034357347022180e-04,1.350032598725884334e-03,4.944863311271800732e-04,2.683221126712583525e-03,1.934703863076009042e-02,8.588473277871573955e-03
2.164999999999999980e-01,0.000000000000000000e+00,2.289235181210289537e-03,2.818607987203957353e-03,2.310147488316022842e-03,2.852776616567041790e-03,1.000000000000000000e+00,1.000000000000000000e+00,8.500716486978149604e-04,1.341789805385774480e-03,6.339787398304624032e-04,4.400744072842185462e-04,8.657786499537883929e-02,2.852750768414664961e-02,2.639793202649449722e-01,8.772289278550610137e-02,8.522386849930521429e-04,1.351402389515448353e-03,8.458171582394796890e-04,2.795672337177700171e-03,1.934703863076009042e-02,8.588473277871573955e-03
2.169999999999999984e-01,0.000000000000000000e+00,2.289723245893803168e-03,2.818862501398732533e-03,2.311234736538737237e-03,2.853052490685270646e-03,1.000000000000000000e+00,1.000000000000000000e+00,8.504455279365028030e-04,1.342044319580549660e-03,7.477584773755834588e-04,5.090283895504348977e-04,8.659556877573887368e-02,2.842232528246320042e-02,2.626761104750283682e-01,8.618309796520622068e-02,8.527802232585760455e-04,1.352849010371475532e-03,1.319397645712175066e-03,2.990379078916444600e-03,1.934703863076009042e-02,8.588473277871573955e-03
2.174999999999999989e-01,0.000000000000000000e+00,2.290260560678029737e-03,2.819142098282808283e-03,2.312312228443936472e-03,2.853327994255281958e-03,1.000000000000000000e+00,1.000000000000000000e+00,8.508571349411655571e-04,1.342323916464625844e-03,8.232140093254532338e-04,5.591937681524988954e-04,8.516971979305189289e-02,2.715377629020668260e-02,2.571513779996617011e-01,8.136137684317279462e-02,8.535574837878342428e-04,1.354390699889898011e-03,1.788705585215627719e-03,3.175961077687245674e-03,1.934703863076009042e-02,8.588473277871573955e-03
2.179999999999999993e-01,0.000000000000000000e+00,2.290798224642541254e-03,2.819420643338343101e-03,2.313379362944568019e-03,2.853603282684681781e-03,1.000000000000000000e+00,1.000000000000000000e+00,8.512690094334448947e-04,1.342602461520160662e-03,8.237489845585749823e-04,5.570901110694841162e-04,8.699923589416373726e-02,2.837553266493102189e-02,2.654739855725833375e-01,8.718854024912153777e-02,8.515310708543485279e-04,1.353918144315610639e-03,1.753036447348437724e-03,3.009434157348098160e-03,1.945979034352540715e-02,8.666646362369969173e-03
2.184999999999999998e-01,0.000000000000000000e+00,2.291384783036007171e-03,2.819719627083367049e-03,2.314435542657962072e-03,2.853878524347800219e-03,1.000000000000000000e+00,1.000000000000000000e+00,8.517183392313242441e-04,1.342901445265184176e-03,8.986595957586032603e-04,5.979674900469364365e-04,8.561069382497643598e-02,2.721949988246361030e-02,2.585472667378100886e-01,8.166824273589586014e-02,8.525275965687754498e-04,1.355465687638288466e-03,2.232100331174984020e-03,3.180349419009562573e-03,1.945979034352540715e-02,8.666646362369969173e-03
2.190000000000000002e-01,0.000000000000000000e+00,2.291972848908121509e-03,2.820019441707933248e-03,2.315480174562715380e-03,2.854153901001518084e-03,1.000000000000000000e+00,1.000000000000000000e+00,8.521688238248454087e-04,1.343201259889750809e-03,9.009691870422385221e-04,5.996292491333403288e-04,8.414016767116856699e-02,2.608821569836085319e-02,2.540224397184884797e-01,7.826207882527272397e-02,8.537356637416337012e-04,1.357080108722768293e-03,2.599410863370531233e-03,3.277086433711814527e-03,1.945979034352540715e-02,8.666646362369969173e-03
2.195000000000000007e-01,0.000000000000000000e+00,2.292522526634926169e-03,2.820300869918576821e-03,2.316512670655572481e-03,2.854429608201112644e-03,1.000000000000000000e+00,1.000000000000000000e+00,8.525899013929701988e-04,1.343482688100394165e-03,8.421551362496696716e-04,5.628564212866320237e-04,8.292288766837768721e-02,2.518315088393755299e-02,2.505285256967764163e-01,7.570177652175846816e-02,8.550981412561906546e-04,1.358724915428268084e-03,2.849962140668956673e-03,3.302029889811609539e-03,1.945979034352540715e-02,8.666646362369969173e-03
2.200000000000000011e-01,0.000000000000000000e+00,2.293007088390860287e-03,2.820550518159180287e-03,2.317532448608307372e-03,2.854705855716084713e-03,1.000000000000000000e+00,1.000000000000000000e+00,8.529610972334518209e-04,1.343732336340997414e-03,7.423916809632903277e-04,4.992964812064481540e-04,8.330917511581478752e-02,2.778074904274259807e-02,2.530309989942257642e-01,8.654344871642584425e-02,8.554763900254919173e-04,1.354072163889632118e-03,2.863554184302397922e-03,2.453114620860021543e-03,1.950045407322776453e-02,8.902506359840862971e-03
2.205000000000000016e-01,0.000000000000000000e+00,2.293450977083636919e-03,2.820817421854949179e-03,2.318538932424607773e-03,2.854982867945998759e-03,1.000000000000000000e+00,1.000000000000000000e+00,8.533011356999165757e-04,1.343999240036766307e-03,6.800769329295853084e-04,5.338073915377895698e-04,8.288610034944395022e-02,3.006197474657156671e-02,2.510351261309642368e-01,9.319587745493103370e-02,8.569527169401418201e-04,1.355325358647806438e-03,3.041353110804562686e-03,2.559411051600834000e-03,1.950045407322776453e-02,8.902506359840862971e-03
2.210000000000000020e-01,0.000000000000000000e+00,2.293876863942894036e-03,2.821110687092452315e-03,2.319531553096955065e-03,2.855260884336315204e-03,1.000000000000000000e+00,1.000000000000000000e+00,8.536273839618480248e-04,1.344292505274269443e-03,6.524965238629089120e-04,5.865304750062935593e-04,8.177814868838531592e-02,2.900276244630503597e-02,2.470831847070962817e-01,8.715073700880281160e-02,8.585092562029037573e-04,1.356666833874305188e-03,3.184467763159409652e-03,2.805961347748105964e-03,1.950045407322776453e-02,8.902506359840862971e-03
2.215000000000000024e-01,0.000000000000000000e+00,2.294282823577551561e-03,2.821384230608329872e-03,2.320509749263508989e-03,2.855540159794228792e-03,1.000000000000000000e+00,1.000000000000000000e+00,8.539383670841079518e-04,1.344566048790147217e-03,6.219662445198913692e-04,5.470870317556793868e-04,8.097444630549222033e-02,2.768994435268149271e-02,2.448964058889793460e-01,8.294453057805331597e-02,8.601156702481749412e-04,1.358114303489452212e-03,3.241018116564634271e-03,2.983518308811249249e-03,1.950045407322776453e-02,8.902506359840862971e-03
2.220000000000000029e-01,0.000000000000000000e+00,2.294649092752405750e-03,2.821624879314272444e-03,2.321472967864986713e-03,2.855820965104503492e-03,1.000000000000000000e+00,1.000000000000000000e+00,8.542189455501907839e-04,1.344806697496090005e-03,5.611569321657244305e-04,4.812974118853830560e-04,8.121056173896537556e-02,3.030096338411442450e-02,2.464770074753845353e-01,9.418573643848071608e-02,8.614859531683878016e-04,1.354370937684286043e-03,3.202933426897641191e-03,2.394735922673676010e-03,1.950977448134617875e-02,9.099509667616753963e-03
2.225000000000000033e-01,0.000000000000000000e+00,2.294992726945586665e-03,2.821892231121397084e-03,2.322420664801548400e-03,2.856103587345303930e-03,1.000000000000000000e+00,1.000000000000000000e+00,8.544821846143425262e-04,1.345074049303214428e-03,5.264781283034722674e-04,5.347036142488123837e-04,8.079525772292421582e-02,3.120529785003344977e-02,2.446497256440700041e-01,9.548501884074826751e-02,8.630901913279353252e-04,1.355627197159450749e-03,3.213937260743318473e-03,2.629798953875002454e-03,1.950977448134617875e-02,9.099509667616753963e-03
2.230000000000000038e-01,0.000000000000000000e+00,2.295338434078596918e-03,2.822168533637051113e-03,2.323352305589677577e-03,2.856388330304037229e-03,1.000000000000000000e+00,1.000000000000000000e+00,8.547470116425317675e-04,1.345350351818868674e-03,5.296540563783910588e-04,5.526050313082936979e-04,8.019699057315117507e-02,2.955060962498953434e-02,2.426819618578293924e-01,8.829216657227512144e-02,8.646918701694425837e-04,1.357014312091125215e-03,3.192758620685510335e-03,2.918049726421166092e-03,1.950977448134617875e-02,9.099509667616753963e-03
2.235000000000000042e-01,0.000000000000000000e+00,2.295673715898248479e-03,2.822418926038161666e-03,2.324267366019063669e-03,2.856675514893184439e-03,1.000000000000000000e+00,1.000000000000000000e+00,8.550038524173542718e-04,1.345600744219979010e-03,5.136815496450180749e-04,5.007848022206132840e-04,7.973127536334524701e-02,2.819616322139856246e-02,2.413780945438489534e-01,8.442889808138617780e-02,8.662714946905189636e-04,1.358518878158173748e-03,3.125809515055442966e-03,3.099805442893946092e-03,1.950977448134617875e-02,9.099509667616753963e-03
2.240000000000000047e-01,0.000000000000000000e+00,2.295979459710924351e-03,2.822640039856675644e-03,2.325165332809483662e-03,2.856965479566135439e-03,1.000000000000000000e+00,1.000000000000000000e+00,8.552380657660728445e-04,1.345821858038492771e-03,4.684266974370400634e-04,4.422276370274935329e-04,7.987050628384939621e-02,3.081317548039355647e-02,2.422996533715149892e-01,9.573109336067099628e-02,8.679861166540265606e-04,1.355090044345362652e-03,3.046744775476530314e-03,2.545792063791537437e-03,1.950313341434654554e-02,9.286922406612857506e-03
2.245000000000000051e-01,0.000000000000000000e+00,2.296270502130702464e-03,2.822895037692986931e-03,2.326045704267687246e-03,2.857258580733026444e-03,1.000000000000000000e+00,1.000000000000000000e+00,8.554610171944557803e-04,1.346076855874804275e-03,4.459028567659654389e-04,5.099956726229209689e-04,7.968419874697828253e-02,3.142429098733285492e-02,2.414489158748007736e-01,9.589082035734557141e-02,8.694869719494643153e-04,1.356422542375863328e-03,2.956794011378561723e-03,2.783688661576637097e-03,1.950313341434654554e-02,9.286922406612857506e-03
2.250000000000000056e-01,0.000000000000000000e+00,2.296577227869018092e-03,2.823154989243352626e-03,2.326907990944274141e-03,2.857555193176574467e-03,1.000000000000000000e+00,1.000000000000000000e+00,8.556959827418538899e-04,1.346336807425170187e-03,4.699310947963101625e-04,5.199031007318017511e-04,7.936370877557441528e-02,2.978485082689718080e-02,2.403721675654620638e-01,8.900508920383071176e-02,8.709394671001888678e-04,1.357882735572216561e-03,2.853332208410489911e-03,3.056500236726589041e-03,1.950313341434654554e-02,9.286922406612857506e-03
2.255000000000000060e-01,0.000000000000000000e+00,2.296877755715494643e-03,2.823393227163133352e-03,2.327751716290580100e-03,2.857855710467913958e-03,1.000000000000000000e+00,1.000000000000000000e+00,8.559262004286497146e-04,1.346575045344950913e-03,4.604353735915989328e-04,4.764758395613339411e-04,7.913267091696833677e-02,2.844442615833706056e-02,2.397449742880402856e-01,8.518578639437611455e-02,8.723343236246479133e-04,1.359452938398225371e-03,2.726287388111275304e-03,3.223927256805011847e-03,1.950313341434654554e-02,9.286922406612857506e-03
2.260000000000000064e-01,0.000000000000000000e+00,2.297159097735684569e-03,2.823605772533351391e-03,2.328576417315559449e-03,2.858160545382428669e-03,1.000000000000000000e+00,1.000000000000000000e+00,8.561417209198322279e-04,1.346787590715168518e-03,4.310409823649776059e-04,4.250907404352760100e-04,8.087833061696797499e-02,2.993831818221508873e-02,2.467108852312055178e-01,9.211635351723330978e-02,8.673249827352482594e-04,1.356398309223966724e-03,1.760530835305006972e-03,2.697544984844602207e-03,1.974052091671102058e-02,9.462516398905060702e-03
2.265000000000000069e-01,0.000000000000000000e+00,2.297473889927147128e-03,2.823838487704921109e-03,2.329381645242664580e-03,2.858470130315591759e-03,1.000000000000000000e+00,1.000000000000000000e+00,8.563828657288393527e-04,1.347020305886738670e-03,4.822896180142248143e-04,4.654303431403983326e-04,8.264347952388559349e-02,3.079073205897372989e-02,2.520948686783044401e-01,9.416370730927128840e-02,8.681971773515704096e-04,1.357786194206433202e-03,1.728277176338790860e-03,2.853639985745458178e-03,1.974052091671102058e-02,9.462516398905060702e-03
2.270000000000000073e-01,0.000000000000000000e+00,2.297846390509813812e-03,2.824095547996955096e-03,2.330166966166728922e-03,2.858784917698798528e-03,1.000000000000000000e+00,1.000000000000000000e+00,8.566682177302496195e-04,1.347277366178772440e-03,5.707040028205387274e-04,5.141205840674236208e-04,8.398195378504920428e-02,3.025551065085363422e-02,2.558188946404736930e-01,9.137207539176600557e-02,8.690870310295199319e-04,1.359264864363234201e-03,1.830905015815211196e-03,3.060583707166842412e-03,1.974052091671102058e-02,9.462516398905060702e-03
2.275000000000000078e-01,0.000000000000000000e+00,2.298275577890134848e-03,2.824365013425866443e-03,2.330931961710852509e-03,2.859105380415201750e-03,1.000000000000000000e+00,1.000000000000000000e+00,8.569969943380014278e-04,1.347546831607683787e-03,6.575532155035436780e-04,5.389308578228304203e-04,8.303805597833745222e-02,2.889664777546334384e-02,2.510426193711135512e-01,8.655907993897389574e-02,8.700534356369212571e-04,1.360837989898788748e-03,2.034282749203732577e-03,3.231527698251916454e-03,1.974052091671102058e-02,9.462516398905060702e-03
2.280000000000000082e-01,0.000000000000000000e+00,2.298701504879506041e-03,2.824633395366466133e-03,2.331676229683279748e-03,2.859432012215548310e-03,1.000000000000000000e+00,1.000000000000000000e+00,8.573232733413837115e-04,1.347815213548283694e-03,6.525580067646243650e-04,5.367638811999147922e-04,8.517358439004270310e-02,2.936028234613802246e-02,2.601402078712312660e-01,8.951903408819940344e-02,8.629294245937137219e-04,1.361083219131106400e-03,1.102451350348817184e-03,3.135101728133041221e-03,2.004672337245209587e-02,9.514651313529418411e-03
2.285000000000000087e-01,0.000000000000000000e+00,2.299183280587938517e-03,2.824908234992190743e-03,2.332399384734283251e-03,2.859765328134012807e-03,1.000000000000000000e+00,1.000000000000000000e+00,8.576923349456581913e-04,1.348090053174008087e-03,7.381232085488820824e-04,5.496792514488994287e-04,8.712376486858253166e-02,2.913757288741989498e-02,2.659226614542218869e-01,8.826220791682398703e-02,8.635457613220379235e-04,1.362677461406518317e-03,1.362368554880725221e-03,3.241600732274869945e-03,2.004672337245209587e-02,9.514651313529418411e-03
2.290000000000000091e-01,0.000000000000000000e+00,2.299742754456072721e-03,2.825199930500928505e-03,2.333101059013047672e-03,2.860105864904036350e-03,1.000000000000000000e+00,1.000000000000000000e+00,8.581209167934125389e-04,1.348381748682745632e-03,8.571636955086335205e-04,5.833910174751988581e-04,8.722317866530297781e-02,2.780022521376845218e-02,2.646879648949631569e-01,8.326867093038077539e-02,8.643285451386329473e-04,1.364321086852517736e-03,1.767951115650021488e-03,3.332662461504336607e-03,2.004672337245209587e-02,9.514651313529418411e-03
2.295000000000000095e-01,0.000000000000000000e+00,2.300353656333160770e-03,2.825498479431949508e-03,2.333780902824550071e-03,2.860454181374157134e-03,1.000000000000000000e+00,1.000000000000000000e+00,8.585888947816468610e-04,1.348680297613766852e-03,9.359559764687264399e-04,5.970978620422736022e-04,8.572702828099004746e-02,2.694081730028012947e-02,2.588216865527445121e-01,8.107678959404915342e-02,8.653147980920693769e-04,1.365989067326548378e-03,2.176232183335523145e-03,3.339183762295330066e-03,2.004672337245209587e-02,9.514651313529418411e-03
2.300000000000000100e-01,0.000000000000000000e+00,2.300958578648207992e-03,2.825800398536875216e-03,2.334438585284224175e-03,2.860810858918052223e-03,1.000000000000000000e+00,1.000000000000000000e+00,8.590522921596077189e-04,1.348982216718692343e-03,9.267947559218195960e-04,6.038382098508661639e-04,8.661852884399837138e-02,2.971761147766398964e-02,2.635577895164763484e-01,9.259658659149878901e-02,8.608960115705961442e-04,1.355795846002213730e-03,1.741387545555276141e-03,1.754040390799185443e-03,2.025574334605264107e-02,9.958626797406847087e-03
2.305000000000000104e-01,0.000000000000000000e+00,2.301585506906414502e-03,2.826148059946185717e-03,2.335073794829455301e-03,2.861176501470156629e-03,1.000000000000000000e+00,1.000000000000000000e+00,8.595325470680409159e-04,1.349329878128003278e-03,9.605098168664452695e-04,6.953228186218844264e-04,8.710883932512315797e-02,3.201210561870328902e-02,2.647134136730663334e-01,9.916472476681385817e-02,8.618501298618542854e-04,1.356693360547939556e-03,2.074404180634322782e-03,1.835825376139764431e-03,2.025574334605264107e-02,9.958626797406847087e-03
2.310000000000000109e-01,0.000000000000000000e+00,2.302263383191326899e-03,2.826555306085662585e-03,2.335686239128960569e-03,2.861551733986722468e-03,1.000000000000000000e+00,1.000000000000000000e+00,8.600518304292200950e-04,1.349737124267479929e-03,1.038566722358308901e-03,8.144922789530893541e-04,8.703686524870721253e-02,3.438810246018670497e-02,2.640441875186664289e-01,1.064694466454171318e-01,8.629791075933028032e-04,1.357667197681994807e-03,2.440754098774729555e-03,2.059053744332441094e-03,2.025574334605264107e-02,9.958626797406847087e-03
2.315000000000000113e-01,0.000000000000000000e+00,2.303002102753380631e-03,2.827042048056075708e-03,2.336275644608296499e-03,2.861937199902989289e-03,1.000000000000000000e+00,1.000000000000000000e+00,8.606177224447546714e-04,1.350223866237893052e-03,1.131784031069116509e-03,9.734839408260800506e-04,8.543412859762325451e-02,3.551281630169970949e-02,2.579156038523523486e-01,1.088570231845111119e-01,8.642887564288388941e-04,1.358788932625896312e-03,2.797101154721223001e-03,2.427130312372008467e-03,2.025574334605264107e-02,9.958626797406847087e-03
2.320000000000000118e-01,0.000000000000000000e+00,2.303775605802534966e-03,2.827605031494000078e-03,2.336841755945246596e-03,2.862333558511609248e-03,1.000000000000000000e+00,1.000000000000000000e+00,8.612102601572947441e-04,1.350786849675817422e-03,1.185075425080138033e-03,1.125966875848770409e-03,8.466245269227856696e-02,3.827640970665228959e-02,2.563065696905670321e-01,1.186756624753262934e-01,8.679742509943540792e-04,1.350720609602734526e-03,3.315997395951419437e-03,1.642051092184293026e-03,2.017222216807710439e-02,1.031042407896268394e-02
2.325000000000000122e-01,0.000000000000000000e+00,2.304585509445690114e-03,2.828268557523022208e-03,2.337384335565215882e-03,2.862741482341063168e-03,1.000000000000000000e+00,1.000000000000000000e+00,8.618306823425956817e-04,1.351450375704839552e-03,1.240844370601898406e-03,1.327052058044285313e-03,8.326128023811223133e-02,3.992536523365824291e-02,2.515442570452015580e-01,1.227810120462016208e-01,8.696763321617942714e-04,1.351683242358583730e-03,3.491922011301039699e-03,2.207348014320923389e-03,2.017222216807710439e-02,1.031042407896268394e-02
2.330000000000000127e-01,0.000000000000000000e+00,2.305423295457012176e-03,2.829035313792959642e-03,2.337903163136609806e-03,2.863161654534060116e-03,1.000000000000000000e+00,1.000000000000000000e+00,8.624724636610915955e-04,1.352217131974776986e-03,1.283562636991911936e-03,1.533512539875025006e-03,8.148757161797398618e-02,3.936596266646728154e-02,2.458676922534770992e-01,1.192629892618326387e-01,8.714389845394768415e-04,1.352952496232413815e-03,3.558491876027712608e-03,2.868338523713662505e-03,2.017222216807710439e-02,1.031042407896268394e-02
2.335000000000000131e-01,0.000000000000000000e+00,2.306270334567844804e-03,2.829873967828135453e-03,2.338398035066217937e-03,2.863594766225946962e-03,1.000000000000000000e+00,1.000000000000000000e+00,8.631213332650495684e-04,1.353055786009952797e-03,1.297739207915919301e-03,1.677308070351430595e-03,8.058561371803928119e-02,3.748888220821930406e-02,2.438841794782323769e-01,1.124938756105842291e-01,8.732007238628644802e-04,1.354541545208874263e-03,3.488534416866879290e-03,3.486599149545500063e-03,2.017222216807710439e-02,1.031042407896268394e-02
2.340000000000000135e-01,0.000000000000000000e+00,2.307123792252271932e-03,2.830738432893773089e-03,2.338868763994606317e-03,2.864041513923118801e-03,1.000000000000000000e+00,1.000000000000000000e+00,8.637751197816422900e-04,1.353920251075590650e-03,1.307573033185545916e-03,1.728930131275847664e-03,8.196185759311830354e-02,3.581718419588503233e-02,2.500026441648071640e-01,1.076194982403726463e-01,8.686656193934448643e-04,1.359701736739122235e-03,2.539834476775255489e-03,4.407985540601308191e-03,2.040616974642915638e-02,1.018705326559646816e-02
2.345000000000000140e-01,0.000000000000000000e+00,2.308026957709792895e-03,2.831596415636637980e-03,2.339315178291496815e-03,2.864502596881417663e-03,1.000000000000000000e+00,1.000000000000000000e+00,8.644669846615929713e-04,1.354778233818455324e-03,1.383729759901365132e-03,1.715965485729557989e-03,8.275560581967138229e-02,3.384418867618561866e-02,2.519386007422835805e-01,1.013802130955899772e-01,8.699217440308872019e-04,1.362004977014192198e-03,2.484723407745440590e-03,4.804120813464689103e-03,2.040616974642915638e-02,1.018705326559646816e-02
2.350000000000000144e-01,0.000000000000000000e+00,2.308982658052290832e-03,2.832425369246065541e-03,2.339737121551149508e-03,2.864978714484544674e-03,1.000000000000000000e+00,1.000000000000000000e+00,8.651990935982507673e-04,1.355607187427882668e-03,1.464217873315539539e-03,1.657907218854749992e-03,8.318378704221389419e-02,3.167297756368626233e-02,2.529536738600730028e-01,9.461475626343682221e-02,8.711655750853862382e-04,1.364474290438374808e-03,2.490542527643647627e-03,5.072519413104157812e-03,2.040616974642915638e-02,1.018705326559646816e-02
2.355000000000000149e-01,0.000000000000000000e+00,2.309976737062369515e-03,2.833205147018570159e-03,2.340134452087755910e-03,2.865470563622467010e-03,1.000000000000000000e+00,1.000000000000000000e+00,8.659606022999425962e-04,1.356386965200387503e-03,1.523017403383593446e-03,1.559555545009532309e-03,8.329209481002340654e-02,2.940642584835955614e-02,2.530305195560305642e-01,8.763610741914655555e-02,8.724204133938374441e-04,1.367043084769261566e-03,2.528689356887012761e-03,5.202309302770118452e-03,2.040616974642915638e-02,1.018705326559646816e-02
2.360000000000000153e-01,0.000000000000000000e+00,2.310984796086208541e-03,2.833917157654458965e-03,2.340507042430817457e-03,2.865978836069821810e-03,1.000000000000000000e+00,1.000000000000000000e+00,8.667328203134905783e-04,1.357098975836276309e-03,1.544436027095879302e-03,1.424021271777442055e-03,8.516552595343487853e-02,3.089896687154234517e-02,2.602217495468404640e-01,9.532669262115593678e-02,8.675665988472734810e-04,1.362570792451452996e-03,1.778985558481092173e-03,4.271714334363461638e-03,2.063580483485009942e-02,1.045192479998761741e-02
2.365000000000000158e-01,0.000000000000000000e+00,2.312030528940028570e-03,2.834608270764700337e-03,2.340854778820533090e-03,2.866504215864325300e-03,1.000000000000000000e+00,1.000000000000000000e+00,8.675338981551461524e-04,1.357790088946517898e-03,1.602155683311236659e-03,1.382226220483147435e-03,8.706386184508192738e-02,3.140122979432392186e-02,2.660163047342871678e-01,9.599060579869223009e-02,8.684974987235656758e-04,1.364719981750372318e-03,1.944258470514504669e-03,4.324858648965618224e-03,2.063580483485009942e-02,1.045192479998761741e-02
2.370000000000000162e-01,0.000000000000000000e+00,2.313148545465489730e-03,2.835300862297739088e-03,2.341177560703182510e-03,2.867047376685177146e-03,1.000000000000000000e+00,1.000000000000000000e+00,8.683903485017908193e-04,1.358482680479556216e-03,1.712900693289366293e-03,1.385183066076493786e-03,8.585961166473840556e-02,3.004312508213931310e-02,2.597598111833769319e-01,9.028831663198053081e-02,8.695467897066244331e-04,1.366903286180935328e-03,2.252268887971894777e-03,4.408115214538214227e-03,2.063580483485009942e-02,1.045192479998761741e-02
2.375000000000000167e-01,0.000000000000000000e+00,2.314290436740304609e-03,2.835985585792551254e-03,2.341475300226513769e-03,2.867608979231469138e-03,1.000000000000000000e+00,1.000000000000000000e+00,8.692650879675090699e-04,1.359167403974368598e-03,1.749478931436416118e-03,1.369446989624681105e-03,8.480980480376615338e-02,2.894772725141974909e-02,2.567242604159073460e-01,8.718878631979566640e-02,8.707261121728710872e-04,1.369106712134355750e-03,2.464564982444378272e-03,4.405510378309741674e-03,2.063580483485009942e-02,1.045192479998761741e-02
2.380000000000000171e-01,0.000000000000000000e+00,2.315420258080165203e-03,2.836650948709086573e-03,2.341747921735127386e-03,2.868189668600591713e-03,1.000000000000000000e+00,1.000000000000000000e+00,8.701305813266264769e-04,1.359832766890904134e-03,1.730986718234805728e-03,1.330725833070889666e-03,8.378618142882282571e-02,3.112838395881980039e-02,2.536381973718419003e-01,9.658115697267741218e-02,8.733751849880574437e-04,1.368039109403070734e-03,2.773651484696486747e-03,3.912305765315442566e-03,2.058394251677904407e-02,1.057377605922443439e-02
2.385000000000000175e-01,0.000000000000000000e+00,2.316506523288421136e-03,2.837337677470484331e-03,2.341995361265858736e-03,2.868790071666639171e-03,1.000000000000000000e+00,1.000000000000000000e+00,8.709627087531642041e-04,1.360519495652301675e-03,1.664254853075543359e-03,1.373457522794883576e-03,8.204129485696327884e-02,3.197059220755205794e-02,2.477108084966932189e-01,9.800333194269730819e-02,8.747757107758190060e-04,1.370008490524324317e-03,2.828292845251382387e-03,3.965042093097757153e-03,2.058394251677904407e-02,1.057377605922443439e-02
2.390000000000000180e-01,0.000000000000000000e+00,2.317518269701845674e-03,2.838044528368407690e-03,2.342217566043167803e-03,2.869410794458818366e-03,1.000000000000000000e+00,1.000000000000000000e+00,8.717377514710137037e-04,1.361226346550224817e-03,1.550085435699072832e-03,1.413701795846384083e-03,8.168326465557901317e-02,3.061935794370514857e-02,2.477676762112662190e-01,9.204875276202292844e-02,8.761699653026604976e-04,1.372017086048304014e-03,2.748826576912970741e-03,4.069062506366793140e-03,2.058394251677904407e-02,1.057377605922443439e-02
2.395000000000000184e-01,0.000000000000000000e+00,2.318470284254830170e-03,2.838727611099069442e-03,2.342414493974518969e-03,2.870052419539854786e-03,1.000000000000000000e+00,1.000000000000000000e+00,8.724670369290959916e-04,1.361909429280886786e-03,1.458570916164540678e-03,1.366165461323797002e-03,8.142375652338100511e-02,2.953910492453332148e-02,2.470316407564195071e-01,8.899260129384256590e-02,8.775177949542807554e-04,1.374056241514612581e-03,2.642646869105135746e-03,4.087446669510119007e-03,2.058394251677904407e-02,1.057377605922443439e-02
2.399999999999999911e-01,0.000000000000000000e+00,2.319362847080530012e-03,2.839363578295448116e-03,2.342586113145771632e-03,2.870715503384398213e-03,1.000000000000000000e+00,1.000000000000000000e+00,8.731507797218579893e-04,1.362545396477265677e-03,1.367485585523900296e-03,1.271934392757945913e-03,8.229521036845284521e-02,3.208313771679515564e-02,2.506039317406693612e-01,9.976656151227873692e-02,8.745032207596053651e-04,1.368422960753060223e-03,1.959022202283237403e-03,3.043445224113039416e-03,2.074520614314397798e-02,1.086091825325349695e-02
2.404999999999999916e-01,0.000000000000000000e+00,2.320218571801544241e-03,2.839997320636855095e-03,2.342732401316558691e-03,2.871400573757429669e-03,1.000000000000000000e+00,1.000000000000000000e+00,8.738063028892302736e-04,1.363179138818672656e-03,1.311046334744659248e-03,1.267484682814136975e-03,8.311534923252308915e-02,3.420113545760765372e-02,2.530242830229139095e-01,1.058190658655965011e-01,8.754643972157332386e-04,1.369964883206540879e-03,1.885789223306750390e-03,3.124030146936415155e-03,2.074520614314397798e-02,1.086091825325349695e-02
2.409999999999999920e-01,0.000000000000000000e+00,2.321069706828151388e-03,2.840656705166911405e-03,2.342853345415679342e-03,2.872108127092669674e-03,1.000000000000000000e+00,1.000000000000000000e+00,8.744583101467065436e-04,1.363838523348728966e-03,1.304014514952432082e-03,1.318769060112467322e-03,8.404272454994601849e-02,3.590583102883014577e-02,2.559231742859066072e-01,1.106469128830852855e-01,8.764047929014909992e-04,1.371579747797998378e-03,1.875777384346460387e-03,3.334958415717758674e-03,2.074520614314397798e-02,1.086091825325349695e-02
2.414999999999999925e-01,0.000000000000000000e+00,2.321952683924561039e-03,2.841361046480745181e-03,2.342948941036477120e-03,2.872838625870984333e-03,1.000000000000000000e+00,1.000000000000000000e+00,8.751347098448125552e-04,1.364542864662562525e-03,1.352799396212066426e-03,1.408682627667219491e-03,8.348741724850988755e-02,3.397974002210872591e-02,2.529929201528854921e-01,1.017384670497293725e-01,8.773578857567247442e-04,1.373325909545124656e-03,1.936440454289062090e-03,3.649013948459310652e-03,2.074520614314397798e-02,1.086091825325349695e-02
2.419999999999999929e-01,0.000000000000000000e+00,2.322859480675221449e-03,2.842071476535264641e-03,2.343019191932227061e-03,2.873592495998789249e-03,1.000000000000000000e+00,1.000000000000000000e+00,8.758293564566943003e-04,1.365253294717081985e-03,1.389293223763409055e-03,1.420860109039028159e-03,8.514037672362428921e-02,3.589865092832467131e-02,2.598999877838412131e-01,1.108387587026488652e-01,8.705976194417578426e-04,1.369646680161903983e-03,9.503789163885401244e-04,3.118964023469358946e-03,2.103490341438140482e-02,1.106889246785955523e-02
2.424999999999999933e-01,0.000000000000000000e+00,2.323829543518657510e-03,2.842823596215888690e-03,2.343064109511522851e-03,2.874370124186461685e-03,1.000000000000000000e+00,1.000000000000000000e+00,8.765724677073845903e-04,1.366005414397705817e-03,1.486222501380672373e-03,1.504239361247474739e-03,8.679429716245376514e-02,3.716918872107490696e-02,2.649480189212042869e-01,1.141600990371815505e-01,8.711015253783905253e-04,1.371277941661673506e-03,1.065003645904659315e-03,3.405465093641615610e-03,2.103490341438140482e-02,1.106889246785955523e-02
2.429999999999999938e-01,0.000000000000000000e+00,2.324903792012092320e-03,2.843640145549468021e-03,2.343083712333661386e-03,2.875171855326743176e-03,1.000000000000000000e+00,1.000000000000000000e+00,8.773953897963093773e-04,1.366821963731285365e-03,1.645844177849682070e-03,1.633098667159064684e-03,8.768138827468396901e-02,3.635484757051501287e-02,2.670403006039197558e-01,1.099516598540661028e-01,8.716939974941756821e-04,1.373071307712158936e-03,1.304398483118653172e-03,3.767230239456779376e-03,2.103490341438140482e-02,1.106889246785955523e-02
2.434999999999999942e-01,0.000000000000000000e+00,2.326099583748466974e-03,2.844510396790222388e-03,2.343078025604022983e-03,2.875997989873145186e-03,1.000000000000000000e+00,1.000000000000000000e+00,8.783114194110865905e-04,1.367692214972039732e-03,1.832059229554379876e-03,1.740502481508629301e-03,8.666792044200538614e-02,3.453923908906526841e-02,2.624158994667003530e-01,1.036279577511124983e-01,8.724223951567836813e-04,1.375031727251959475e-03,1.608575150103533878e-03,4.073779745054221038e-03,2.103490341438140482e-02,1.106889246785955523e-02
2.439999999999999947e-01,0.000000000000000000e+00,2.327376926270690281e-03,2.845411745757659566e-03,2.343047080669463308e-03,2.876848781218360393e-03,1.000000000000000000e+00,1.000000000000000000e+00,8.792899205521953476e-04,1.368593563939477127e-03,1.957002282217614516e-03,1.802697934874849216e-03,8.516621129562297610e-02,3.647586704113564560e-02,2.574951162441958541e-01,1.127177996955825295e-01,8.784869462653531209e-04,1.370993118921800613e-03,2.507040981410975367e-03,3.468955266906370398e-03,2.083993124988603798e-02,1.129828115554501466e-02
2.444999999999999951e-01,0.000000000000000000e+00,2.328686521136125523e-03,2.846382593637767147e-03,2.342990914513695764e-03,2.877724433072666611e-03,1.000000000000000000e+00,1.000000000000000000e+00,8.802931284215992922e-04,1.369564411819584491e-03,2.006415738807876964e-03,1.941695760214559065e-03,8.347467217470051770e-02,3.751105995031642909e-02,2.522259690749198424e-01,1.151267600100105981e-01,8.797717665729510618e-04,1.372798965708867634e-03,2.631949623361756058e-03,3.753811589198132251e-03,2.083993124988603798e-02,1.129828115554501466e-02
2.449999999999999956e-01,0.000000000000000000e+00,2.329994538895352983e-03,2.847429426764967395e-03,2.342909569252672568e-03,2.878625096842332871e-03,1.000000000000000000e+00,1.000000000000000000e+00,8.812951281575564372e-04,1.370611244946784955e-03,2.003999471914292597e-03,2.093666254401100983e-03,8.158755720172528036e-02,3.745687723307301181e-02,2.463401621389703089e-01,1.140783801631866934e-01,8.810862714130772346e-04,1.374762425980838136e-03,2.626031530296358499e-03,4.099285773542117768e-03,2.083993124988603798e-02,1.129828115554501466e-02
2.454999999999999960e-01,0.000000000000000000e+00,2.331269735969477598e-03,2.848535241963188330e-03,2.342803091629974948e-03,2.879550869008027682e-03,1.000000000000000000e+00,1.000000000000000000e+00,8.822719857900712193e-04,1.371717060145005457e-03,1.953715265029651836e-03,2.211630396440991166e-03,8.015860360326790279e-02,3.598244609037862252e-02,2.423829583487033257e-01,1.084339570327786800e-01,8.823616873104520595e-04,1.376896665364329021e-03,2.475874862102941422e-03,4.436936742714375076e-03,2.083993124988603798e-02,1.129828115554501466e-02
2.459999999999999964e-01,0.000000000000000000e+00,2.332495262445828058e-03,2.849659291948436826e-03,2.342671532512198562e-03,2.880501788503225975e-03,1.000000000000000000e+00,1.000000000000000000e+00,8.832107935371747136e-04,1.372841110130254170e-03,1.877615494206964428e-03,2.248099970497475716e-03,7.823887617167205044e-02,3.631371911667913288e-02,2.361190982581108100e-01,1.109901514366572611e-01,8.844693204966043313e-04,1.378591017235167261e-03,2.339357084863679694e-03,4.602686368305425151e-03,2.080493137651549806e-02,1.132018436590783057e-02
2.464999999999999969e-01,0.000000000000000000e+00,2.333635111825712455e-03,2.850796716587106552e-03,2.342514946384331546e-03,2.881477834092613030e-03,1.000000000000000000e+00,1.000000000000000000e+00,8.840839688206274813e-04,1.373978534768924113e-03,1.746350566905625771e-03,2.274849277340022270e-03,7.887291879810519324e-02,3.427218748955725147e-02,2.401717748595603164e-01,1.027867942576142224e-01,8.855392966303295317e-04,1.380956689931307638e-03,1.941278486236472801e-03,4.859417474205167745e-03,2.080493137651549806e-02,1.132018436590783057e-02
2.469999999999999973e-01,0.000000000000000000e+00,2.334730678390314548e-03,2.851898506394483484e-03,2.342333390845148175e-03,2.882478921750493590e-03,1.000000000000000000e+00,1.000000000000000000e+00,8.849232214995083213e-04,1.375080324576300828e-03,1.678505357761602085e-03,2.203579614753624523e-03,7.943650258690804211e-02,3.262337471850173393e-02,2.417942054692570619e-01,9.810468441965877751e-02,8.864234494659306270e-04,1.383418068254636943e-03,1.595968649558535124e-03,4.985757955674420192e-03,2.080493137651549806e-02,1.132018436590783057e-02
2.474999999999999978e-01,0.000000000000000000e+00,2.335799741302033595e-03,2.852935929254866651e-03,2.342126926102588644e-03,2.883504902039200554e-03,1.000000000000000000e+00,1.000000000000000000e+00,8.857421712023749944e-04,1.376117747436684212e-03,1.637899405733350732e-03,2.074845720766752347e-03,7.993871983876678355e-02,3.130755413630992301e-02,2.432485267516092120e-01,9.436325508788563632e-02,8.871466737314275333e-04,1.385916443742365393e-03,1.297479549420434098e-03,5.007607236289802685e-03,2.080493137651549806e-02,1.132018436590783057e-02
2.479999999999999982e-01,0.000000000000000000e+00,2.336846074394435119e-03,2.853893403228250844e-03,2.341895614469145792e-03,2.884555557487495855e-03,1.000000000000000000e+00,1.000000000000000000e+00,8.865437088534607914e-04,1.377075221410068188e-03,1.603075302171644940e-03,1.914947946767821436e-03,8.134737040665182550e-02,3.303538708088601950e-02,2.482776506979489650e-01,1.021486981367535213e-01,8.833991409200562129e-04,1.386076259259936411e-03,4.785003086842519633e-04,4.644676421520372786e-03,2.096721973931975694e-02,1.140742857950579475e-02
2.484999999999999987e-01,0.000000000000000000e+00,2.337891576847513260e-03,2.854810976628966660e-03,2.341639519857248788e-03,2.885630599968983488e-03,1.000000000000000000e+00,1.000000000000000000e+00,8.873446101979085661e-04,1.377992794810784004e-03,1.601802688895474780e-03,1.835146801431559527e-03,8.307991478277094999e-02,3.385948572727822542e-02,2.538032850045794375e-01,1.038502108770678473e-01,8.835977008309993169e-04,1.388408190633540467e-03,3.160466644976660418e-04,4.682886896194273993e-03,2.096721973931975694e-02,1.140742857950579475e-02
2.489999999999999991e-01,0.000000000000000000e+00,2.338971448966201475e-03,2.855710382483970730e-03,2.341358707274650286e-03,2.886729668080511256e-03,1.000000000000000000e+00,1.000000000000000000e+00,8.881718402337085557e-04,1.378892200665788074e-03,1.654460071600087579e-03,1.798811710008287826e-03,8.362854832998656285e-02,3.262506840376155209e-02,2.544744528155116758e-01,9.834171433381243277e-02,8.837486128502136749e-04,1.390771813298927401e-03,2.876507402365308975e-04,4.771343015587571970e-03,2.096721973931975694e-02,1.140742857950579475e-02
2.494999999999999996e-01,0.000000000000000000e+00,2.340085832094858723e-03,2.856580656204440669e-03,2.341053242319808374e-03,2.887852324520579460e-03,1.000000000000000000e+00,1.000000000000000000e+00,8.890255072369221629e-04,1.379762474386258229e-03,1.707334006427269762e-03,1.740547440940166165e-03,8.352674023140391202e-02,3.139778990682117604e-02,2.536302639698777561e-01,9.461161423088999822e-02,8.838958882022400487e-04,1.393160057417316619e-03,3.014184206411359840e-04,4.781523474987661379e-03,2.096721973931975694e-02,1.140742857950579475e-02
2.500000000000000000e-01,0.000000000000000000e+00,2.341214448028421102e-03,2.857413758120833959e-03,2.340723190677276334e-03,2.888998053467750453e-03,1.000000000000000000e+00,1.000000000000000000e+00,8.898900772012431799e-04,1.380595576302651520e-03,1.729139928642042367e-03,1.666203832786470208e-03,8.253434243299931361e-02,3.366813397735316654e-02,2.498710985471911949e-01,1.044541573329722250e-01,8.874235312886526433e-04,1.389147816663641741e-03,7.452318510039455425e-04,3.886077169349425042e-03,2.084076346637430202e-02,1.164668012720856093e-02
2.505000000000000004e-01,0.000000000000000000e+00,2.342315773173516726e-03,2.858259424208685253e-03,2.340368617613081993e-03,2.890166257959048655e-03,1.000000000000000000e+00,1.000000000000000000e+00,8.907337412087108341e-04,1.381441242390502597e-03,1.687328014935277065e-03,1.691332175701974923e-03,8.148360032327003899e-02,3.563218253842975053e-02,2.466220871098770140e-01,1.101513170065731712e-01,8.877817214888233596e-04,1.391103668717326176e-03,6.876270508059745615e-04,3.937158138125002385e-03,2.084076346637430202e-02,1.164668012720856093e-02
2.510000000000000009e-01,0.000000000000000000e+00,2.343371742575060378e-03,2.859142608427515247e-03,2.339989587470117909e-03,2.891356257268374447e-03,1.000000000000000000e+00,1.000000000000000000e+00,8.915426607008670058e-04,1.382324426609332808e-03,1.617838984312375446e-03,1.766368437660246734e-03,8.011031371235935450e-02,3.707252059892623269e-02,2.421599972065377471e-01,1.140910600317838475e-01,8.880911711094380658e-04,1.393115376746180368e-03,5.504256319681737585e-04,4.109264413665505121e-03,2.084076346637430202e-02,1.164668012720856093e-02
2.515000000000000013e-01,0.000000000000000000e+00,2.344368221736064725e-03,2.860070531560781650e-03,2.339586163163521592e-03,2.892567284284905480e-03,1.000000000000000000e+00,1.000000000000000000e+00,8.923060080248381093e-04,1.383252349742598777e-03,1.526694647942231867e-03,1.855846266532033828e-03,8.067068395968535199e-02,3.514148711619864696e-02,2.454749118515661410e-01,1.053889596408891377e-01,8.883061502811911937e-04,1.395234946057669892e-03,3.099489715847900465e-04,4.368430471749742972e-03,2.084076346637430202e-02,1.164668012720856093e-02
2.520000000000000018e-01,0.000000000000000000e+00,2.345350182011372072e-03,2.860990596002906203e-03,2.339158405676064392e-03,2.893798482891507973e-03,1.000000000000000000e+00,1.000000000000000000e+00,8.930582332371011416e-04,1.384172414184723547e-03,1.504450424526099879e-03,1.840128884249340535e-03,8.011891404662101202e-02,3.768988292885402935e-02,2.428454360541112966e-01,1.169297783309547062e-01,8.901356463402210510e-04,1.389796674826169554e-03,3.386067533367748822e-04,3.510580205927046372e-03,2.077620096831304594e-02,1.193351688833886419e-02
2.525000000000000022e-01,0.000000000000000000e+00,2.346304509951878912e-03,2.861944611147411270e-03,2.338706373553540389e-03,2.895048905343177922e-03,1.000000000000000000e+00,1.000000000000000000e+00,8.937892908528392941e-04,1.385126429329228614e-03,1.462115231476328932e-03,1.908030289010166289e-03,7.972348787899585787e-02,4.005823106019515412e-02,2.417651091573145006e-01,1.239726152450811858e-01,8.902477173214670258e-04,1.391618056693880992e-03,1.101157491071526502e-04,3.774367217732807304e-03,2.077620096831304594e-02,1.193351688833886419e-02
2.530000000000000027e-01,0.000000000000000000e+00,2.347238775775857371e-03,2.862960991310259905e-03,2.338230122422865417e-03,2.896317509845455166e-03,1.000000000000000000e+00,1.000000000000000000e+00,8.945049799956942540e-04,1.386142809492077249e-03,1.431378285709889635e-03,2.032760325697064146e-03,8.005156580241112874e-02,4.015947090976619560e-02,2.433654494695599857e-01,1.223815814240113986e-01,8.902386415598596099e-04,1.393607330939672199e-03,-1.459222541198442434e-04,4.181864864072130233e-03,2.077620096831304594e-02,1.193351688833886419e-02
2.535000000000000031e-01,0.000000000000000000e+00,2.348185660337410649e-03,2.864027232526805862e-03,2.337729704826292144e-03,2.897603160915842614e-03,1.000000000000000000e+00,1.000000000000000000e+00,8.952303356523473934e-04,1.387209050708622989e-03,1.450711313306274732e-03,2.132482433091538541e-03,8.060038157296504913e-02,3.808247145305087428e-02,2.452239432424289101e-01,1.142588178156350165e-01,8.901085624584831324e-04,1.395800633845657593e-03,-3.739473258796669093e-04,4.590471997954268316e-03,2.077620096831304594e-02,1.193351688833886419e-02
2.540000000000000036e-01,0.000000000000000000e+00,2.349169382252055439e-03,2.865102532959061012e-03,2.337205170583604719e-03,2.898904634393565348e-03,1.000000000000000000e+00,1.000000000000000000e+00,8.959839103586353078e-04,1.388284351140878572e-03,1.507149412575901123e-03,2.150600864511214259e-03,8.019416379536130346e-02,4.056276998330966832e-02,2.431986926119652781e-01,1.256699613850070507e-01,8.905744990478255130e-04,1.392543496557504742e-03,-4.667261667901947096e-04,4.135354740542561240e-03,2.075001913922890073e-02,1.214410138024950986e-02
2.545000000000000040e-01,0.000000000000000000e+00,2.350170098411376654e-03,2.866232814109355258e-03,2.336656567288802628e-03,2.900220623633451098e-03,1.000000000000000000e+00,1.000000000000000000e+00,8.967505034116228036e-04,1.389414632291172385e-03,1.533186105975006949e-03,2.260562300587512594e-03,8.033471207539572001e-02,4.181070902706381792e-02,2.441009313832342986e-01,1.284323040473159538e-01,8.902886045035315801e-04,1.394712395336529130e-03,-6.764347935478138944e-04,4.539375424370250753e-03,2.075001913922890073e-02,1.214410138024950986e-02
2.550000000000000044e-01,0.000000000000000000e+00,2.351200472502040437e-03,2.867433447984324511e-03,2.336083940809201027e-03,2.901549745720886746e-03,1.000000000000000000e+00,1.000000000000000000e+00,8.975398157581093240e-04,1.390615266166141855e-03,1.578624692973047043e-03,2.401267749939143235e-03,8.083240581228404165e-02,3.972850818167266568e-02,2.459306216077103702e-01,1.193227863902320690e-01,8.899011676507669836e-04,1.397101434909756848e-03,-8.729171955768064498e-04,5.015769339671384552e-03,2.075001913922890073e-02,1.214410138024950986e-02
2.555000000000000049e-01,0.000000000000000000e+00,2.352282200670554636e-03,2.868663960719306655e-03,2.335487335784503741e-03,2.902890547686763113e-03,1.000000000000000000e+00,1.000000000000000000e+00,8.983684676105647190e-04,1.391845778901124216e-03,1.657303704910767939e-03,2.461025469964601021e-03,8.134751472212418955e-02,3.761666224619484439e-02,2.475353535374432978e-01,1.129165763603265371e-01,8.894255958721591264e-04,1.399694738947936199e-03,-1.029049364487332873e-03,5.356688114005628797e-03,2.075001913922890073e-02,1.214410138024950986e-02
2.560000000000000053e-01,0.000000000000000000e+00,2.353421716351658186e-03,2.869891756521837645e-03,2.334866796125889717e-03,2.904241512722409782e-03,1.000000000000000000e+00,1.000000000000000000e+00,8.992413872659214304e-04,1.393073574703654772e-03,1.745839310713450093e-03,2.455591605060943646e-03,7.963144494367738191e-02,3.898612055011316246e-02,2.404637223602688056e-01,1.200362504780916328e-01,8.930368921106959096e-04,1.399073766379613877e-03,-6.048418612275819305e-04,5.127021148425765437e-03,2.059437419307989792e-02,1.226963027941112977e-02
2.565000000000000058e-01,0.000000000000000000e+00,2.354556690655917710e-03,2.871147848962292068e-03,2.334222365515104675e-03,2.905601066394561567e-03,1.000000000000000000e+00,1.000000000000000000e+00,9.001108280247822847e-04,1.394329667144109195e-03,1.738881517721642313e-03,2.512184880908680841e-03,7.829708258872722371e-02,3.855345589786472044e-02,2.367438808196177524e-01,1.172039130492873449e-01,8.926770791454558462e-04,1.401706161309397222e-03,-8.339523888266841753e-04,5.401926327913463347e-03,2.059437419307989792e-02,1.226963027941112977e-02
2.570000000000000062e-01,0.000000000000000000e+00,2.355658570474036123e-03,2.872420442345098579e-03,2.333554087903540186e-03,2.906967582860291166e-03,1.000000000000000000e+00,1.000000000000000000e+00,9.009549169364365357e-04,1.395602260526915706e-03,1.688177823308415057e-03,2.545186765613066497e-03,7.921736474220049395e-02,3.666755026981872306e-02,2.414382926652766104e-01,1.102589800085037181e-01,8.921778900269979225e-04,1.404468326263212056e-03,-1.162149179045574281e-03,5.646155789610472417e-03,2.059437419307989792e-02,1.226963027941112977e-02
2.575000000000000067e-01,0.000000000000000000e+00,2.356764404833846908e-03,2.873671251768454560e-03,2.332862008011323159e-03,2.908339391081964358e-03,1.000000000000000000e+00,1.000000000000000000e+00,9.018020352027795441e-04,1.396853069950272121e-03,1.694236532686089038e-03,2.501618846712955549e-03,8.017955356151869328e-02,3.477297984207153303e-02,2.443917385705433876e-01,1.044979187455310071e-01,8.915331756725221194e-04,1.407322382581227679e-03,-1.416191543745607372e-03,5.769722155644465764e-03,2.059437419307989792e-02,1.226963027941112977e-02
2.580000000000000071e-01,0.000000000000000000e+00,2.357894135397750439e-03,2.874871505366466753e-03,2.332146171826397947e-03,2.909714781042181328e-03,1.000000000000000000e+00,1.000000000000000000e+00,9.026674590234796090e-04,1.398053323548284314e-03,1.730847641400182517e-03,2.400507196024501827e-03,7.883933745659285619e-02,3.650654737314450865e-02,2.383789460699955731e-01,1.128173862567427160e-01,8.937108830903891512e-04,1.407347181481068870e-03,-1.213472215461192886e-03,5.402215831907689579e-03,2.048459663226576827e-02,1.237681357834340828e-02
2.585000000000000075e-01,0.000000000000000000e+00,2.358993613811435908e-03,2.876060248560215540e-03,2.331406627103610203e-03,2.911092009958726225e-03,1.000000000000000000e+00,1.000000000000000000e+00,9.035097083526129336e-04,1.399242066742032884e-03,1.684498658266606139e-03,2.377486387497237692e-03,7.838224448875992512e-02,3.698381752788140048e-02,2.377307077229276477e-01,1.131841332088861785e-01,8.930373171876805887e-04,1.410073427956033644e-03,-1.480248930929765113e-03,5.502472744592991870e-03,2.048459663226576827e-02,1.237681357834340828e-02
2.590000000000000080e-01,0.000000000000000000e+00,2.360055654238998706e-03,2.877242821813365097e-03,2.330643423863797224e-03,2.912469308499515859e-03,1.000000000000000000e+00,1.000000000000000000e+00,9.043232785205148738e-04,1.400424639995182441e-03,1.627140335803794503e-03,2.365146506299009056e-03,7.948027703839966041e-02,3.521511004542615675e-02,2.423640916403033141e-01,1.059039326258853497e-01,8.922224384912882250e-04,1.412856787346649127e-03,-1.778656749208964386e-03,5.630611301897563148e-03,2.048459663226576827e-02,1.237681357834340828e-02
2.595000000000000084e-01,0.000000000000000000e+00,2.361118462841319248e-03,2.878384975485125293e-03,2.329856614892872237e-03,2.913844886997547963e-03,1.000000000000000000e+00,1.000000000000000000e+00,9.051374371444216582e-04,1.401566793666942420e-03,1.628317247813664123e-03,2.284307343520099697e-03,8.045995287530384454e-02,3.370149546625500481e-02,2.452319080653868610e-01,1.015111066066083784e-01,8.912802580908101620e-04,1.415676153134813034e-03,-1.989620402149570692e-03,5.646714097979420310e-03,2.048459663226576827e-02,1.237681357834340828e-02
2.600000000000000089e-01,0.000000000000000000e+00,2.362198371806841640e-03,2.879466928000551200e-03,2.329046256240902175e-03,2.915216941665837742e-03,1.000000000000000000e+00,1.000000000000000000e+00,9.059646954065343196e-04,1.402648746182368544e-03,1.654516524225400909e-03,2.163905030852163527e-03,7.914770525629070963e-02,3.581014741393594158e-02,2.393089587460959233e-01,1.109562602603265807e-01,8.969931143009262633e-04,1.409135414716236991e-03,-1.248418554676264391e-03,4.355383240295700870e-03,2.023205239094567898e-02,1.272688437466492836e-02
2.605000000000000093e-01,0.000000000000000000e+00,2.363240001104111553e-03,2.880535871029351550e-03,2.328212407721201929e-03,2.916583660812381747e-03,1.000000000000000000e+00,1.000000000000000000e+00,9.067626297414981820e-04,1.403717689211168894e-03,1.595868669927663326e-03,2.137886057600746955e-03,7.806850620270006091e-02,3.778194000374214545e-02,2.362162495608374491e-01,1.168061274216957851e-01,8.963170271760424399e-04,1.411317672943185591e-03,-1.455503067876029802e-03,4.373532026347351671e-03,2.023205239094567898e-02,1.272688437466492836e-02
2.610000000000000098e-01,0.000000000000000000e+00,2.364221287057672455e-03,2.881621134777242327e-03,2.327355133409417763e-03,2.917943231055093560e-03,1.000000000000000000e+00,1.000000000000000000e+00,9.075143383933340774e-04,1.404802952959059671e-03,1.503417303671793171e-03,2.170527495781541909e-03,7.708754360688935270e-02,3.987151017997942609e-02,2.332936169417481331e-01,1.232478937755271398e-01,8.955174083113477028e-04,1.413539524493258618e-03,-1.742386196854807910e-03,4.513518915819201942e-03,2.023205239094567898e-02,1.272688437466492836e-02
2.615000000000000102e-01,0.000000000000000000e+00,2.365137365920536722e-03,2.882746001606288286e-03,2.326474502142605091e-03,2.919293843536749020e-03,1.000000000000000000e+00,1.000000000000000000e+00,9.082160955156898599e-04,1.405927819788105630e-03,1.403514244711522117e-03,2.249733658092033847e-03,7.756100622809042333e-02,3.979944298206430225e-02,2.359328626007909657e-01,1.212080710208000983e-01,8.945564750243955969e-04,1.415863365669064100e-03,-2.100616391005660603e-03,4.781239129439658272e-03,2.023205239094567898e-02,1.272688437466492836e-02
2.620000000000000107e-01,0.000000000000000000e+00,2.366030925021457738e-03,2.883893926741916934e-03,2.325570588018327067e-03,2.920633700139947057e-03,1.000000000000000000e+00,1.000000000000000000e+00,9.089006014995489827e-04,1.407075744923734495e-03,1.369011967718350604e-03,2.295850271257531515e-03,7.611436141196746552e-02,4.187936564259414629e-02,2.298976547993570874e-01,1.293611884011721114e-01,9.001242364978795244e-04,1.409738685423163329e-03,-1.549236210959308024e-03,3.927444914248763921e-03,1.998113633938364969e-02,1.304833190570491713e-02
2.625000000000000111e-01,0.000000000000000000e+00,2.366875608630607773e-03,2.885093667789839084e-03,2.324643470893725857e-03,2.921961019702040176e-03,1.000000000000000000e+00,1.000000000000000000e+00,9.095476666845318239e-04,1.408275485971656645e-03,1.294130369965779473e-03,2.399482095844427537e-03,7.487050671557801684e-02,4.384629554962313214e-02,2.262742074496362221e-01,1.352557268284407810e-01,8.992495364937534708e-04,1.411791027857260466e-03,-1.948756484755526791e-03,4.281161763898653876e-03,1.998113633938364969e-02,1.304833190570491713e-02
2.630000000000000115e-01,0.000000000000000000e+00,2.367665665426716901e-03,2.886365701966271680e-03,2.323693236884616462e-03,2.923274044230091823e-03,1.000000000000000000e+00,1.000000000000000000e+00,9.101528853029396907e-04,1.409547520148089240e-03,1.210437236815769656e-03,2.544068352865026719e-03,7.502192211329929139e-02,4.377629569968621154e-02,2.278931439674366510e-01,1.333483086845914933e-01,8.981525096860516538e-04,1.414049704414309123e-03,-2.438360442331629751e-03,4.752545571458890138e-03,1.998113633938364969e-02,1.304833190570491713e-02
2.635000000000000120e-01,0.000000000000000000e+00,2.368438604392334411e-03,2.887695085889411921e-03,2.322719978864569695e-03,2.924571045115820743e-03,1.000000000000000000e+00,1.000000000000000000e+00,9.107449909024209955e-04,1.410876904071229048e-03,1.184211198962681301e-03,2.658767846279560566e-03,7.608054555166997301e-02,4.211035348193298278e-02,2.318655255121958858e-01,1.269726412297943474e-01,8.968150595686890910e-04,1.416541486215052055e-03,-2.910474532780498239e-03,5.213593959382489991e-03,1.998113633938364969e-02,1.304833190570491713e-02
2.640000000000000124e-01,0.000000000000000000e+00,2.369239710663150270e-03,2.889047098669484531e-03,2.321723796963996462e-03,2.925850329350547507e-03,1.000000000000000000e+00,1.000000000000000000e+00,9.113586739095272740e-04,1.412228916851301875e-03,1.227366014212448843e-03,2.704025560145867715e-03,7.542783520550358500e-02,4.213565945463763202e-02,2.284428684568108048e-01,1.285066945924422666e-01,8.970013102120698171e-04,1.417550583797685167e-03,-3.070480448608629842e-03,5.346439767677090872e-03,1.991602246871952003e-02,1.311148719274372008e-02
2.645000000000000129e-01,0.000000000000000000e+00,2.370046247919741812e-03,2.890423369734775819e-03,2.320704799069235082e-03,2.927110245740145375e-03,1.000000000000000000e+00,1.000000000000000000e+00,9.119765172931077607e-04,1.413605187916593163e-03,1.235686767160966426e-03,2.752542130582501159e-03,7.656548129634906108e-02,4.051347902945678925e-02,2.334213683085308855e-01,1.221996999838294157e-01,8.953598175504894150e-04,1.420309563904364200e-03,-3.494606214170946096e-03,5.688713073919881257e-03,1.991602246871952003e-02,1.311148719274372008e-02
2.650000000000000133e-01,0.000000000000000000e+00,2.370891501796412119e-03,2.891795207959342411e-03,2.319663101321634262e-03,2.928349191119981182e-03,1.000000000000000000e+00,1.000000000000000000e+00,9.126240193283557652e-04,1.414977026141159538e-03,1.295004070496017217e-03,2.743676449132845946e-03,7.773354670998933180e-02,3.887537246161693050e-02,2.370085021237625378e-01,1.172199725640672430e-01,8.935293333414451615e-04,1.423213278054829807e-03,-3.826618012057574503e-03,5.925574759623989871e-03,1.991602246871952003e-02,1.311148719274372008e-02
2.655000000000000138e-01,0.000000000000000000e+00,2.371793820142637475e-03,2.893139390227100934e-03,2.318598828616638251e-03,2.929565616569865770e-03,1.000000000000000000e+00,1.000000000000000000e+00,9.133152352834061948e-04,1.416321208408918061e-03,1.382431910100946583e-03,2.688364535516876448e-03,7.893601418696023775e-02,3.722196988412676544e-02,2.407136657276831571e-01,1.121804535706125289e-01,8.915562391129565941e-04,1.426209070579048362e-03,-4.065221925924959040e-03,6.057226983841857565e-03,1.991602246871952003e-02,1.311148719274372008e-02
2.660000000000000142e-01,0.000000000000000000e+00,2.372762642061809583e-03,2.894436655771537997e-03,2.317512115102875019e-03,2.930758033629002682e-03,1.000000000000000000e+00,1.000000000000000000e+00,9.140573959309599133e-04,1.417618473953355124e-03,1.484321295107443725e-03,2.594531088873942674e-03,7.661763414996713983e-02,3.747563887495360124e-02,2.307210318506028035e-01,1.145488135019136627e-01,9.022698051719086699e-04,1.426178722952956999e-03,-2.550207917128920199e-03,5.686112930589092007e-03,1.943716119519204449e-02,1.322633727984505979e-02
2.665000000000000147e-01,0.000000000000000000e+00,2.373705884878051300e-03,2.895703588865448930e-03,2.316403104681237501e-03,2.931925020510933386e-03,1.000000000000000000e+00,1.000000000000000000e+00,9.147799618488537156e-04,1.418885407047266491e-03,1.445131835787539544e-03,2.533866187822876679e-03,7.464907846897600452e-02,3.736307507563422364e-02,2.250404521337999730e-01,1.138768436888808189e-01,9.009267163151268160e-04,1.429029365978566309e-03,-2.821570855781916493e-03,5.716292955588642491e-03,1.943716119519204449e-02,1.322633727984505979e-02
2.670000000000000151e-01,0.000000000000000000e+00,2.374571479640548433e-03,2.896938136346824400e-03,2.315271951503972657e-03,2.933065228318483368e-03,1.000000000000000000e+00,1.000000000000000000e+00,9.154430459066573243e-04,1.420119954528641744e-03,1.326168115607284561e-03,2.469094962750458585e-03,7.294905954045444174e-02,3.611598536195789744e-02,2.200746566031311635e-01,1.091101627916028355e-01,8.994111805430885344e-04,1.431893098094230710e-03,-3.239704621246713295e-03,5.738484278169125180e-03,1.943716119519204449e-02,1.322633727984505979e-02
2.675000000000000155e-01,0.000000000000000000e+00,2.375330604395859899e-03,2.898112668005710206e-03,2.314118820473762272e-03,2.934177387258712130e-03,1.000000000000000000e+00,1.000000000000000000e+00,9.160245692070978886e-04,1.421294486187527333e-03,1.163046600881143065e-03,2.349063317771345454e-03,7.421077659923266956e-02,3.456333356470845525e-02,2.263656746302875333e-01,1.041086462310645000e-01,8.976553817429890232e-04,1.434748286262275399e-03,-3.782372542691372300e-03,5.682269438150262808e-03,1.943716119519204449e-02,1.322633727984505979e-02
2.680000000000000160e-01,0.000000000000000000e+00,2.376039963517076817e-03,2.899193132970394673e-03,2.312943887742812885e-03,2.935260312857857976e-03,1.000000000000000000e+00,1.000000000000000000e+00,9.165679698200819570e-04,1.422374951152212234e-03,1.086801225968175031e-03,2.160929929369604079e-03,7.277433505867908492e-02,3.665262341316381789e-02,2.196817601626059879e-01,1.134915382311995208e-01,9.026893912396894391e-04,1.429057505384802437e-03,-3.309135959341119940e-03,4.427414460130943072e-03,1.917359441721096236e-02,1.354453835799190181e-02
2.685000000000000164e-01,0.000000000000000000e+00,2.376657238034738523e-03,2.900217262375545842e-03,2.311747341211937458e-03,2.936312912176285844e-03,1.000000000000000000e+00,1.000000000000000000e+00,9.170408295342154497e-04,1.423399080557362969e-03,9.457194282669061265e-04,2.048258810301393541e-03,7.199063918527981443e-02,3.884066602250082351e-02,2.178122310012909624e-01,1.201716891427062478e-01,9.009050936269334849e-04,1.431257963690177803e-03,-3.826983479858947663e-03,4.374438271734139121e-03,1.917359441721096236e-02,1.354453835799190181e-02
2.690000000000000169e-01,0.000000000000000000e+00,2.377184296087402060e-03,2.901214361420725429e-03,2.310529381029642702e-03,2.937334190023434266e-03,1.000000000000000000e+00,1.000000000000000000e+00,9.174445794266593290e-04,1.424396179602542773e-03,8.074997848876877635e-04,1.994198090359451669e-03,7.301803412157800710e-02,4.069162447775784286e-02,2.224201983399134719e-01,1.254760629762549096e-01,8.988484968026702344e-04,1.433466024793694652e-03,-4.398219049626705610e-03,4.457561606214162711e-03,1.917359441721096236e-02,1.354453835799190181e-02
2.695000000000000173e-01,0.000000000000000000e+00,2.377681885311856355e-03,2.902205229608806510e-03,2.309290220091212049e-03,2.938323255172763191e-03,1.000000000000000000e+00,1.000000000000000000e+00,9.178257548870086312e-04,1.425387047790623854e-03,7.623509206985650943e-04,1.981736376162246318e-03,7.460734328289302109e-02,3.981798037471824536e-02,2.276987987875082609e-01,1.204992846485144209e-01,8.965276968526931069e-04,1.435744095253737706e-03,-4.883951701878590929e-03,4.654252958743164068e-03,1.917359441721096236e-02,1.354453835799190181e-02
2.700000000000000178e-01,0.000000000000000000e+00,2.378205057780406317e-03,2.903171554312434025e-03,2.308030084537794277e-03,2.939279326576701382e-03,1.000000000000000000e+00,1.000000000000000000e+00,9.182265282493341004e-04,1.426353372494251369e-03,8.015467246509931686e-04,1.932649407255229365e-03,7.293246643294536147e-02,4.157019005271365975e-02,2.198519053572012549e-01,1.280352895956410886e-01,8.998818414577181186e-04,1.432853381812622742e-03,-4.478470412605465439e-03,4.112234918612140550e-03,1.895309010427716906e-02,1.374132624498661942e-02
2.705000000000000182e-01,0.000000000000000000e+00,2.378690737203397430e-03,2.904148401434198876e-03,2.306749214255484313e-03,2.940201739581590774e-03,1.000000000000000000e+00,1.000000000000000000e+00,9.185985802724537476e-04,1.427330219616016220e-03,7.441040462392653357e-04,1.953694243529536124e-03,7.294065663849476355e-02,4.220341591642517987e-02,2.212922544032916439e-01,1.290050673972220896e-01,8.975274364315094901e-04,1.434966380346584499e-03,-4.938169825958243705e-03,4.339239433672871862e-03,1.895309010427716906e-02,1.374132624498661942e-02
2.710000000000000187e-01,0.000000000000000000e+00,2.379159344834203341e-03,2.905140158520993707e-03,2.305447863374412293e-03,2.941089952142637333e-03,1.000000000000000000e+00,1.000000000000000000e+00,9.189575545440357767e-04,1.428321976702811051e-03,7.179485431639622038e-04,1.983514173589541636e-03,7.435138971835962562e-02,4.094496569519726070e-02,2.267544019324970184e-01,1.235860916567015355e-01,8.949448066909701559e-04,1.437201959767667181e-03,-5.391373234336216749e-03,4.602483602686100773e-03,1.895309010427716906e-02,1.374132624498661942e-02
2.715000000000000191e-01,0.000000000000000000e+00,2.379660439598365110e-03,2.906122109588864591e-03,2.304126300767826534e-03,2.941943551038855853e-03,1.000000000000000000e+00,1.000000000000000000e+00,9.193414154035978647e-04,1.429303927770681935e-03,7.677217191241485390e-04,1.963902135741911210e-03,7.579092646797533361e-02,3.967343736806967780e-02,2.311591864967947885e-01,1.197162923842337162e-01,8.921640043521376602e-04,1.439548679993913087e-03,-5.731072699270851542e-03,4.783956925113057139e-03,1.895309010427716906e-02,1.374132624498661942e-02
2.720000000000000195e-01,0.000000000000000000e+00,2.380215106920732446e-03,2.907077850931369736e-03,2.302784810551180856e-03,2.942762258088017346e-03,1.000000000000000000e+00,1.000000000000000000e+00,9.197663152236771602e-04,1.430259669113187080e-03,8.497996401585525099e-04,1.911482685010476665e-03,7.345870510242175078e-02,3.943501970872490686e-02,2.209030972592823105e-01,1.198600316524806725e-01,9.020382373347546855e-04,1.441163390692802842e-03,-4.295882945552244141e-03,4.779664565745894017e-03,1.847370240352930182e-02,1.377138270606008755e-02
2.725000000000000200e-01,0.000000000000000000e+00,2.380729004382529761e-03,2.908013415702522409e-03,2.301423692565463669e-03,2.943545936226686123e-03,1.000000000000000000e+00,1.000000000000000000e+00,9.201599835186195569e-04,1.431195233884339753e-03,7.873365898848066081e-04,1.871129542305520824e-03,7.160392247714225666e-02,3.859059006167928074e-02,2.156675856839169736e-01,1.167719331637830649e-01,8.998018851986823528e-04,1.443573369724541859e-03,-4.648757219544866551e-03,4.860004788111747104e-03,1.847370240352930182e-02,1.377138270606008755e-02
2.730000000000000204e-01,0.000000000000000000e+00,2.381165964935262960e-03,2.908910341481484810e-03,2.300043262497462014e-03,2.944294592480524789e-03,1.000000000000000000e+00,1.000000000000000000e+00,9.204947147219030802e-04,1.432092159663302154e-03,6.694624065670149804e-04,1.793851557924971366e-03,7.085909224751633928e-02,3.641117002787692958e-02,2.143146978334254105e-01,1.090053976841539873e-01,8.973547925323172806e-04,1.446010004155936623e-03,-5.138571714264652396e-03,4.886389721715094468e-03,1.847370240352930182e-02,1.377138270606008755e-02
2.735000000000000209e-01,0.000000000000000000e+00,2.381534690678754028e-03,2.909724010598959895e-03,2.298643851146098000e-03,2.945008373620887528e-03,1.000000000000000000e+00,1.000000000000000000e+00,9.207771750287395592e-04,1.432905828780777239e-03,5.649206136729637961e-04,1.627338234950116962e-03,7.238638972966890406e-02,3.532906938214958742e-02,2.208433884982954620e-01,1.066132421137065550e-01,8.946501160836898420e-04,1.448425689800433500e-03,-5.678984555366924092e-03,4.776474580024924095e-03,1.847370240352930182e-02,1.377138270606008755e-02
2.740000000000000213e-01,0.000000000000000000e+00,2.381893215551358391e-03,2.910433299014491583e-03,2.297225803377288267e-03,2.945687559153510604e-03,1.000000000000000000e+00,1.000000000000000000e+00,9.210518210151181833e-04,1.433615117196308710e-03,5.492919727572873013e-04,1.418576831062738110e-03,7.040512414722303880e-02,3.631076712967114956e-02,2.118392552465383494e-01,1.112867217229863981e-01,8.961062162564497344e-04,1.448927078605879645e-03,-5.524997061836635012e-03,4.360933394927525575e-03,1.830886179839515127e-02,1.384041531744053741e-02
2.745000000000000218e-01,0.000000000000000000e+00,2.382164692464474199e-03,2.911063957574342061e-03,2.295789477068216865e-03,2.946332554216616901e-03,1.000000000000000000e+00,1.000000000000000000e+00,9.212597843958454874e-04,1.434245775756159622e-03,4.159267614545088775e-04,1.261317119701984299e-03,7.213055976117464796e-02,3.600108353939748818e-02,2.201822877602910011e-01,1.091986365766597772e-01,8.932068091373473063e-04,1.451077336186254452e-03,-6.071462800250811490e-03,4.240249550642713472e-03,1.830886179839515127e-02,1.384041531744053741e-02
2.750000000000000222e-01,0.000000000000000000e+00,2.382432665904420446e-03,2.911604860638277587e-03,2.294335242051614640e-03,2.946943882479034771e-03,1.000000000000000000e+00,1.000000000000000000e+00,9.214650639604198609e-04,1.434786678820095147e-03,4.105591291486927817e-04,1.081806127871064041e-03,7.387024124709778983e-02,3.558353890686966753e-02,2.254636995443426162e-01,1.077873580728473529e-01,8.900689027310425229e-04,1.453162660188039466e-03,-6.479253947212989390e-03,4.101237055148817569e-03,1.830886179839515127e-02,1.384041531744053741e-02
2.755000000000000226e-01,0.000000000000000000e+00,2.382716451317230116e-03,2.912063122306782215e-03,2.292863479060033849e-03,2.947522179038311249e-03,1.000000000000000000e+00,1.000000000000000000e+00,9.216824561989409850e-04,1.435244940488599776e-03,4.347844770422233944e-04,9.165233370091092381e-04,7.564929079215268470e-02,3.517875751821666203e-02,2.308967820067102938e-01,1.065220077488242545e-01,8.867617172468958983e-04,1.455172264127440641e-03,-6.748840553112414251e-03,3.937420233094149520e-03,1.830886179839515127e-02,1.384041531744053741e-02
2.760000000000000231e-01,0.000000000000000000e+00,2.383015602403231945e-03,2.912457469546213783e-03,2.291374578670134048e-03,2.948068183318831772e-03,1.000000000000000000e+00,1.000000000000000000e+00,9.219116192260255749e-04,1.435639287728030910e-03,4.583260541692367527e-04,7.886944788624457303e-04,7.342301306630608093e-02,3.657925641171919096e-02,2.207406741302552489e-01,1.122681328236277698e-01,8.996866575231178944e-04,1.449460320511841965e-03,-4.759523454109812132e-03,2.759334787650499082e-03,1.769701472784315430e-02,1.412639828279299396e-02
2.765000000000000235e-01,0.000000000000000000e+00,2.383223929842060405e-03,2.912841257361606633e-03,2.289868940246948467e-03,2.948582731969923848e-03,1.000000000000000000e+00,1.000000000000000000e+00,9.220712073028892661e-04,1.436023075543423977e-03,3.191761537274587766e-04,7.675756307860300129e-04,7.170503500461172797e-02,3.767631499991806743e-02,2.159176762812007877e-01,1.153268275910301621e-01,8.972473959149012291e-04,1.450808229545282784e-03,-4.996970627749073093e-03,2.632496219262100458e-03,1.769701472784315430e-02,1.412639828279299396e-02
2.770000000000000240e-01,0.000000000000000000e+00,2.383383446304670073e-03,2.913211512889896972e-03,2.288346970888173806e-03,2.949066751763987186e-03,1.000000000000000000e+00,1.000000000000000000e+00,9.221934040026573626e-04,1.436393331071714099e-03,2.443933995361630813e-04,7.405110565801810906e-04,7.006518181530342615e-02,3.902875081448051175e-02,2.109879682616375707e-01,1.196345657572473187e-01,8.946573985199884763e-04,1.452110089568136924e-03,-5.362213238531809978e-03,2.575006089124501091e-03,1.769701472784315430e-02,1.412639828279299396e-02
2.775000000000000244e-01,0.000000000000000000e+00,2.383501848472834202e-03,2.913585522594509987e-03,2.286809084368439209e-03,2.949521252494596499e-03,1.000000000000000000e+00,1.000000000000000000e+00,9.222841053256328669e-04,1.436767340776327331e-03,1.814026459509524448e-04,7.480194092264574575e-04,6.918619317729823859e-02,4.118265173567474402e-02,2.089508667620327553e-01,1.268473248943203513e-01,8.918546407786112455e-04,1.453404351388375582e-03,-5.847770804374780723e-03,2.601940083048309184e-03,1.769701472784315430e-02,1.412639828279299396e-02
2.780000000000000249e-01,0.000000000000000000e+00,2.383608383003093818e-03,2.913989895672253021e-03,2.285255700083586514e-03,2.949947319874620787e-03,1.000000000000000000e+00,1.000000000000000000e+00,9.223657155105384822e-04,1.437171713854070582e-03,1.632203698112825888e-04,8.087461554865733220e-04,6.744559937491130530e-02,4.349361147960566915e-02,2.029346279476615389e-01,1.340018895205239147e-01,8.983525874683031100e-04,1.444565428039741323e-03,-5.153777718164450662e-03,1.441148668044777217e-03,1.733891446594159128e-02,1.450777496818365410e-02
2.785000000000000253e-01,0.000000000000000000e+00,2.383678977162906332e-03,2.914449605691973953e-03,2.283687241994952245e-03,2.950346108434340458e-03,1.000000000000000000e+00,1.000000000000000000e+00,9.224197937743794026e-04,1.437631423873791297e-03,1.081565276819038954e-04,9.194200394414781896e-04,6.633708825229411854e-02,4.559685333549461789e-02,2.000950676885171475e-01,1.402307100672619267e-01,8.956161210163352026e-04,1.445352181151794745e-03,-5.790750232028388580e-03,1.705322083465408414e-03,1.733891446594159128e-02,1.450777496818365410e-02
2.790000000000000258e-01,0.000000000000000000e+00,2.383737080701926834e-03,2.914979868085182564e-03,2.282104137573635720e-03,2.950718834419555764e-03,1.000000000000000000e+00,1.000000000000000000e+00,9.224643036675717837e-04,1.438161686267000125e-03,8.901978638478069412e-05,1.060524786417713691e-03,6.750788670118809676e-02,4.729360125280897276e-02,2.055812688588407322e-01,1.450673279276177841e-01,8.925419837386957059e-04,1.446302950235758790e-03,-6.504299854564200498e-03,2.096959334098421040e-03,1.733891446594159128e-02,1.450777496818365410e-02
2.795000000000000262e-01,0.000000000000000000e+00,2.383836237649020976e-03,2.915595338172190763e-03,2.280506816744787973e-03,2.951066768689707825e-03,1.000000000000000000e+00,1.000000000000000000e+00,9.225402622958898827e-04,1.438777156354008107e-03,1.519172566362954964e-04,1.230940174015864030e-03,6.901877176492718369e-02,4.641611243601155568e-02,2.104728203769111738e-01,1.402623163939659690e-01,8.891356984157422223e-04,1.447474759760381587e-03,-7.119520421657868185e-03,2.589280368921526368e-03,1.733891446594159128e-02,1.450777496818365410e-02
2.800000000000000266e-01,0.000000000000000000e+00,2.383987912574001781e-03,2.916274596073747168e-03,2.278895710831884205e-03,2.951391229615995745e-03,1.000000000000000000e+00,1.000000000000000000e+00,9.226564520293319312e-04,1.439456414255564512e-03,2.323794668841983545e-04,1.358515803112725654e-03,6.645141363225764986e-02,4.684604807470407750e-02,1.992420353001250199e-01,1.427195242617684268e-01,9.033178420069679993e-04,1.445534268809494033e-03,-5.293308629551821305e-03,2.587251559991922238e-03,1.666962742578666917e-02,1.463302591460177715e-02
2.805000000000000271e-01,0.000000000000000000e+00,2.384088306355089219e-03,2.917024561380565564e-03,2.277271251500997094e-03,2.951693575979475945e-03,1.000000000000000000e+00,1.000000000000000000e+00,9.227333581274577189e-04,1.440206379562382908e-03,1.538121962515896562e-04,1.499930613636746030e-03,6.445012206556183232e-02,4.634440210183671249e-02,1.936323064396384963e-01,1.404468554644896783e-01,9.005169566808052901e-04,1.446938342792381980e-03,-5.908933753960661159e-03,3.028136880424528270e-03,1.666962742578666917e-02,1.463302591460177715e-02
2.810000000000000275e-01,0.000000000000000000e+00,2.384131980543761908e-03,2.917829035409478557e-03,2.275633869705084855e-03,2.951975199869198794e-03,1.000000000000000000e+00,1.000000000000000000e+00,9.227668144969982701e-04,1.441010853591295684e-03,6.691273908103600857e-05,1.608948057825612806e-03,6.344561705259151030e-02,4.434570758341759011e-02,1.914074492410026140e-01,1.331456596970431172e-01,8.973719500332693905e-04,1.448553690202318469e-03,-6.669500016357233357e-03,3.432408241413570198e-03,1.666962742578666917e-02,1.463302591460177715e-02
2.815000000000000280e-01,0.000000000000000000e+00,2.384136351725286290e-03,2.918650334467465940e-03,2.273983994628261951e-03,2.952237519580309250e-03,1.000000000000000000e+00,1.000000000000000000e+00,9.227701630163144802e-04,1.441832152649283284e-03,6.697038632517351585e-06,1.642598115975100938e-03,6.456593952259052915e-02,4.281704891346774927e-02,1.965936472955983338e-01,1.289252051939717147e-01,8.938298459243380206e-04,1.450338793955752940e-03,-7.497178530256931421e-03,3.707406369112205106e-03,1.666962742578666917e-02,1.463302591460177715e-02
2.820000000000000284e-01,0.000000000000000000e+00,2.384159359448770072e-03,2.919461751140352973e-03,2.272322052630075008e-03,2.952481972512163103e-03,1.000000000000000000e+00,1.000000000000000000e+00,9.227877879550382394e-04,1.442643569322170317e-03,3.524987744746825450e-05,1.622833345773873250e-03,6.195096308239453342e-02,4.308267274470876929e-02,1.854921473277829913e-01,1.312558030284196875e-01,9.072812193543078460e-04,1.449050802899126428e-03,-5.973260721087491135e-03,3.470398222118412611e-03,1.601839321821597537e-02,1.475237988284354429e-02
2.825000000000000289e-01,0.000000000000000000e+00,2.384117406583527964e-03,2.920268031517462854e-03,2.270648466189788706e-03,2.952710008066447567e-03,1.000000000000000000e+00,1.000000000000000000e+00,9.227556501957465650e-04,1.443449849699280198e-03,-6.427551858338173909e-05,1.612560754219853317e-03,5.992211455335681031e-02,4.235736705101950106e-02,1.798082988502589241e-01,1.282091170024986793e-01,9.040796542047428025e-04,1.450830781365650959e-03,-6.831216180920035227e-03,3.649102051597064283e-03,1.601839321821597537e-02,1.475237988284354429e-02
2.830000000000000293e-01,0.000000000000000000e+00,2.384001293776386639e-03,2.921057312494313753e-03,2.268963652850656924e-03,2.952923080545291016e-03,1.000000000000000000e+00,1.000000000000000000e+00,9.226667026250610438e-04,1.444239130676130880e-03,-1.778951413710386448e-04,1.578561953701322802e-03,6.069053185145546064e-02,4.047601476499945033e-02,1.844825163290280401e-01,1.215115131645297664e-01,9.004130024323958375e-04,1.452688201251329343e-03,-7.833310297365525879e-03,3.780253128806523519e-03,1.601839321821597537e-02,1.475237988284354429e-02
2.835000000000000298e-01,0.000000000000000000e+00,2.383885092250011967e-03,2.921801288259426223e-03,2.267268024164202124e-03,2.953122642049379239e-03,1.000000000000000000e+00,1.000000000000000000e+00,9.225776870914996356e-04,1.444983106441243568e-03,-1.780310671228618920e-04,1.487951530225550042e-03,6.222484619430466990e-02,3.982732568598986583e-02,1.897852544618657544e-01,1.205709827693087904e-01,8.962631104290259571e-04,1.454581423786500830e-03,-8.764296648988969748e-03,3.792541650703642846e-03,1.601839321821597537e-02,1.475237988284354429e-02
2.840000000000000302e-01,0.000000000000000000e+00,2.383815034244287593e-03,2.922490758257553778e-03,2.265561984634494302e-03,2.953310135376071253e-03,1.000000000000000000e+00,1.000000000000000000e+00,9.225240195455186110e-04,1.445672576439371339e-03,-1.073350919620351293e-04,1.378939996255741998e-03,5.975113081897089062e-02,3.928439411606207687e-02,1.788945351139437923e-01,1.189833633071067098e-01,9.063729600561492867e-04,1.457139678839016773e-03,-7.659858756910495510e-03,3.850773979693894629e-03,1.546794742583560735e-02,1.472731215866251650e-02
2.845000000000000306e-01,0.000000000000000000e+00,2.383693777592015180e-03,2.923116499574623765e-03,2.263845930662427772e-03,2.953486986917513817e-03,1.000000000000000000e+00,1.000000000000000000e+00,9.224311315608539315e-04,1.446298317756441109e-03,-1.857759693294233172e-04,1.251482634139715723e-03,5.908236154171159910e-02,3.701011873441295563e-02,1.783799778208362274e-01,1.105759584859968142e-01,9.023109205804266935e-04,1.459050062981294806e-03,-8.586350110112491579e-03,3.790806610704137297e-03,1.546794742583560735e-02,1.472731215866251650e-02
2.850000000000000311e-01,0.000000000000000000e+00,2.383553508759893649e-03,2.923647856034754071e-03,2.262120249489999249e-03,2.953654599558755076e-03,1.000000000000000000e+00,1.000000000000000000e+00,9.223236794014648410e-04,1.446829674216571415e-03,-2.149043187781730761e-04,1.062712920260652349e-03,6.067799405293562015e-02,3.673704968161535522e-02,1.851370064167166263e-01,1.114000808030967127e-01,8.977757726204436050e-04,1.460895126153525809e-03,-9.552198541336098803e-03,3.589765966267907671e-03,1.546794742583560735e-02,1.472731215866251650e-02
2.855000000000000315e-01,0.000000000000000000e+00,2.383472618029268582e-03,2.924093479062432090e-03,2.260385318144585501e-03,2.953814345575860815e-03,1.000000000000000000e+00,1.000000000000000000e+00,9.222617135067694670e-04,1.447275297244249651e-03,-1.239317893906956628e-04,8.912460553564472343e-04,6.230674622251339279e-02,3.657751196145777456e-02,1.901340282673721904e-01,1.109619788059516277e-01,8.927912635228589001e-04,1.462635898005886555e-03,-1.038403738774807891e-02,3.373674440882041062e-03,1.546794742583560735e-02,1.472731215866251650e-02
2.860000000000000320e-01,0.000000000000000000e+00,2.383448610567586758e-03,2.924461194621783260e-03,2.258641502383221429e-03,2.953967559534029404e-03,1.000000000000000000e+00,1.000000000000000000e+00,9.222433227241547994e-04,1.447643012803600604e-03,-3.678156522937567298e-05,7.354311187020267640e-04,6.113245138484509067e-02,3.926504822699256048e-02,1.842152817301719592e-01,1.214887398954163783e-01,8.993001267770569639e-04,1.456172454677916129e-03,-9.539813637363442692e-03,2.099466043494875155e-03,1.502305451939978283e-02,1.503054749787954836e-02
2.865000000000000324e-01,0.000000000000000000e+00,2.383386799068475375e-03,2.924818775702226446e-03,2.256889155636877722e-03,2.954115531185705010e-03,1.000000000000000000e+00,1.000000000000000000e+00,9.221959723687395659e-04,1.448000593884043573e-03,-9.470071083047417837e-05,7.151621608860037190e-04,6.191790666123770520e-02,4.121568623482049776e-02,1.882467611554325404e-01,1.267640103053528366e-01,8.943464787246671859e-04,1.457201050058407272e-03,-1.027317013475736833e-02,2.015040223327002784e-03,1.502305451939978283e-02,1.503054749787954836e-02
2.870000000000000329e-01,0.000000000000000000e+00,2.383361677700804402e-03,2.925206085047865091e-03,2.255128617954738068e-03,2.954259498368695148e-03,1.000000000000000000e+00,1.000000000000000000e+00,9.221767282846317403e-04,1.448387903229682435e-03,-3.848816821559092642e-05,7.746186912779273997e-04,6.348345128593463338e-02,4.202791817472230351e-02,1.936770728016279364e-01,1.282711603060912586e-01,8.890435768907471465e-04,1.458217985282013029e-03,-1.093695040280517894e-02,2.052589470449563917e-03,1.502305451939978283e-02,1.503054749787954836e-02
2.875000000000000333e-01,0.000000000000000000e+00,2.383362487559877001e-03,2.925621685863204549e-03,2.253360214948478112e-03,2.954400639904283463e-03,1.000000000000000000e+00,1.000000000000000000e+00,9.221773486726741109e-04,1.448803504045022110e-03,1.240776084659402556e-06,8.312016306794294158e-04,6.519337705134740923e-02,4.228479908510747454e-02,1.989960869317410619e-01,1.285924625509591857e-01,8.834409386638706826e-04,1.459266172628806294e-03,-1.147235317331920038e-02,2.139950999459945633e-03,1.502305451939978283e-02,1.503054749787954836e-02
2.880000000000000338e-01,0.000000000000000000e+00,2.383400942978586637e-03,2.926059635579345182e-03,2.251584256736542233e-03,2.954540068495343369e-03,1.000000000000000000e+00,1.000000000000000000e+00,9.222068072324840493e-04,1.449241453761162309e-03,5.891711961988764957e-05,8.758994322802243901e-04,6.274628893897844784e-02,4.371434795999691592e-02,1.880540533536050884e-01,1.339385119810008462e-01,8.981001200883067951e-04,1.454914036972841315e-03,-9.210320710910442632e-03,1.535123716109608894e-03,1.425524727689163502e-02,1.523463547196408745e-02
2.884999999999999787e-01,0.000000000000000000e+00,2.383365462109088111e-03,2.926538448709612664e-03,2.249801036888422496e-03,2.954678823624458210e-03,1.000000000000000000e+00,1.000000000000000000e+00,9.221796273095677569e-04,1.449720266891430008e-03,-5.435984583268596820e-05,9.576262605353828145e-04,6.103986238041329143e-02,4.508154900617892397e-02,1.834739791403121600e-01,1.380525110493780738e-01,8.933689699922331981e-04,1.455724046694260908e-03,-9.713126448774764624e-03,1.704556200717790562e-03,1.425524727689163502e-02,1.523463547196408745e-02
2.889999999999999791e-01,0.000000000000000000e+00,2.383296624077478956e-03,2.927071472275119025e-03,2.248010831368934571e-03,2.954817864452029264e-03,1.000000000000000000e+00,1.000000000000000000e+00,9.221268943179787222e-04,1.450253290456936586e-03,-1.054659831779787760e-04,1.066047131013163948e-03,6.241514538237814824e-02,4.576040267069312467e-02,1.902529274085950906e-01,1.395544627784509606e-01,8.883555259555973947e-04,1.456639517902891820e-03,-1.033924682286106386e-02,1.956805182161958957e-03,1.425524727689163502e-02,1.523463547196408745e-02
2.894999999999999796e-01,0.000000000000000000e+00,2.383262207555793440e-03,2.927662809939275950e-03,2.246213897482502754e-03,2.954958062714429286e-03,1.000000000000000000e+00,1.000000000000000000e+00,9.221005297327895594e-04,1.450844628121093294e-03,-5.272917037832270667e-05,1.182675328313379523e-03,6.403446820086070024e-02,4.507392751441584300e-02,1.953872978893989865e-01,1.363440267899570235e-01,8.830574128037030303e-04,1.457690896800957264e-03,-1.085201183324046095e-02,2.248106140171166924e-03,1.425524727689163502e-02,1.523463547196408745e-02
2.899999999999999800e-01,0.000000000000000000e+00,2.383267545397475991e-03,2.928292606022122983e-03,2.244410472855941537e-03,2.955100195862961267e-03,1.000000000000000000e+00,1.000000000000000000e+00,9.221046187567490506e-04,1.451474424203940544e-03,8.178047918909673425e-06,1.259592165694667538e-03,6.163217356982620548e-02,4.554130484502927345e-02,1.846977654772493371e-01,1.387683339171991437e-01,8.906208496095521527e-04,1.456152710230108720e-03,-9.536092985693567919e-03,2.139701419495473877e-03,1.376503398746513861e-02,1.533667118471677276e-02
2.904999999999999805e-01,0.000000000000000000e+00,2.383210751933641409e-03,2.928965146641585547e-03,2.242600774983888670e-03,2.955244943722260594e-03,1.000000000000000000e+00,1.000000000000000000e+00,9.220611124393731945e-04,1.452146964823402674e-03,-8.701263475167088878e-05,1.345081238924135609e-03,5.972361603173215877e-02,4.474644999841520532e-02,1.793011307407961219e-01,1.353081425844779306e-01,8.857246293838261491e-04,1.457287929373864144e-03,-1.004761156910290512e-02,2.400626585120733437e-03,1.376503398746513861e-02,1.533667118471677276e-02
2.909999999999999809e-01,0.000000000000000000e+00,2.383092427843580725e-03,2.929665492289667064e-03,2.240785001747219469e-03,2.955392891234693079e-03,1.000000000000000000e+00,1.000000000000000000e+00,9.219704709276949897e-04,1.452847310471484408e-03,-1.812830233564701517e-04,1.400691296163396457e-03,6.132652492715548465e-02,4.407221857209191185e-02,1.871206953190869271e-01,1.333849341339830574e-01,8.805379296232093873e-04,1.458540415476935982e-03,-1.069773154008679845e-02,2.608866927689153844e-03,1.376503398746513861e-02,1.533667118471677276e-02
2.914999999999999813e-01,0.000000000000000000e+00,2.383002872732291333e-03,2.930384180833681650e-03,2.238963332188780887e-03,2.955544532814412869e-03,1.000000000000000000e+00,1.000000000000000000e+00,9.219018677323387095e-04,1.453565999015499211e-03,-1.372063907125752632e-04,1.437377088029811187e-03,6.297353361002239192e-02,4.346659986715115803e-02,1.921650716873279929e-01,1.316195256310263018e-01,8.750589916027662167e-04,1.459885850306466689e-03,-1.121680752612267892e-02,2.772504418128089298e-03,1.376503398746513861e-02,1.533667118471677276e-02
2.919999999999999818e-01,0.000000000000000000e+00,2.382962099549769657e-03,2.931108184264584471e-03,2.237135927294068259e-03,2.955700276732262446e-03,1.000000000000000000e+00,1.000000000000000000e+00,9.218706336624397750e-04,1.454290002446402032e-03,-6.246813979781973584e-05,1.448006861805757129e-03,6.049162789658957956e-02,4.315816122006613936e-02,1.811478354702315274e-01,1.309418474367350926e-01,8.856098289986175662e-04,1.460924167092476737e-03,-9.493521064848310306e-03,2.847126074395492975e-03,1.315603146437014162e-02,1.535086816138718502e-02
2.924999999999999822e-01,0.000000000000000000e+00,2.382864937048674060e-03,2.931830095889965959e-03,2.235302930771905505e-03,2.955860449500663512e-03,1.000000000000000000e+00,1.000000000000000000e+00,9.217962028683957020e-04,1.455011914071783086e-03,-1.488615880881989575e-04,1.443823250762294287e-03,5.885805421932034653e-02,4.174465795619154013e-02,1.768903575431887421e-01,1.257143232537858424e-01,8.807352958003358346e-04,1.462373161715169569e-03,-1.000343930119116168e-02,2.948601000743966433e-03,1.315603146437014162e-02,1.535086816138718502e-02
2.929999999999999827e-01,0.000000000000000000e+00,2.382711114199070369e-03,2.932528454663998942e-03,2.233464469835103224e-03,2.956025300258499633e-03,1.000000000000000000e+00,1.000000000000000000e+00,9.216783677292321496e-04,1.455710272845816286e-03,-2.356702783270831403e-04,1.396717548066300904e-03,6.035999219747714695e-02,4.070678211424230697e-02,1.840858009313020849e-01,1.228760365636954177e-01,8.755763337796962451e-04,1.463850513189368869e-03,-1.063099762051565068e-02,2.960725568670666535e-03,1.315603146437014162e-02,1.535086816138718502e-02
2.934999999999999831e-01,0.000000000000000000e+00,2.382588011314076999e-03,2.933191298930674408e-03,2.231620655981144535e-03,2.956195005156017977e-03,1.000000000000000000e+00,1.000000000000000000e+00,9.215840654482511255e-04,1.456373117112491752e-03,-1.886045619620402823e-04,1.325688533350783673e-03,6.204520765583680653e-02,4.021043675273795054e-02,1.893658592793576179e-01,1.218130100033773394e-01,8.701344171197170768e-04,1.465317651698507927e-03,-1.113548567413043776e-02,2.907875446591845839e-03,1.315603146437014162e-02,1.535086816138718502e-02
2.939999999999999836e-01,0.000000000000000000e+00,2.382521989893549366e-03,2.933809789521848836e-03,2.229771585772850548e-03,2.956369671739707619e-03,1.000000000000000000e+00,1.000000000000000000e+00,9.215334901059293524e-04,1.456991607703665963e-03,-1.011506846436335127e-04,1.236981182348357829e-03,5.949475382628412884e-02,4.144509540245717993e-02,1.780544904436285880e-01,1.270050099178619274e-01,8.864998791582358057e-04,1.459047094757066985e-03,-8.646196692682723769e-03,1.824827304217717643e-03,1.233088029151988702e-02,1.563947033481330809e-02
2.944999999999999840e-01,0.000000000000000000e+00,2.382400417950878563e-03,2.934403964765575946e-03,2.227917341619051021e-03,2.956549343337195636e-03,1.000000000000000000e+00,1.000000000000000000e+00,9.214403605948072017e-04,1.457585782947393074e-03,-1.862590222443192677e-04,1.188350487454180445e-03,5.768370535992935200e-02,4.254038307168672012e-02,1.731667525935884078e-01,1.301901158648826884e-01,8.820573082295230698e-04,1.459950902251005251e-03,-9.122995105033672794e-03,1.790435167561311991e-03,1.233088029151988702e-02,1.563947033481330809e-02
2.949999999999999845e-01,0.000000000000000000e+00,2.382227624813690586e-03,2.934998544690445819e-03,2.226057992555263709e-03,2.956734003442137992e-03,1.000000000000000000e+00,1.000000000000000000e+00,9.213079933722551204e-04,1.458180362872262947e-03,-2.647344451042425023e-04,1.189159849739696321e-03,5.619440617933804671e-02,4.423505978478542433e-02,1.688998306470589350e-01,1.358369046103662103e-01,8.773433552887655766e-04,1.460854612889813265e-03,-9.731459318479972892e-03,1.824307591495227636e-03,1.233088029151988702e-02,1.563947033481330809e-02
2.954999999999999849e-01,0.000000000000000000e+00,2.382009043160921921e-03,2.935627964409308170e-03,2.224193595024361557e-03,2.956923580099109130e-03,1.000000000000000000e+00,1.000000000000000000e+00,9.211405501117837964e-04,1.458809782591125514e-03,-3.348865209427402852e-04,1.258839437725184102e-03,5.774686230806663767e-02,4.511349391785145907e-02,1.761744654132750831e-01,1.378227430843933787e-01,8.722987356166023295e-04,1.461801491325837856e-03,-1.044544503518535228e-02,1.962901775629750933e-03,1.233088029151988702e-02,1.563947033481330809e-02
2.959999999999999853e-01,0.000000000000000000e+00,2.381816514198311675e-03,2.936309543799743745e-03,2.222324193657249439e-03,2.957117950288493287e-03,1.000000000000000000e+00,1.000000000000000000e+00,9.209930643698366597e-04,1.459491361981561305e-03,-2.949714838942324555e-04,1.363158780871506727e-03,5.497961703876128731e-02,4.591494997295313130e-02,1.641169099411157462e-01,1.402168470166796632e-01,8.909914717396002310e-04,1.457557532543357669e-03,-7.909157877908013640e-03,1.469984720259458113e-03,1.142942863008703826e-02,1.583702708944982607e-02
2.964999999999999858e-01,0.000000000000000000e+00,2.381542707443119224e-03,2.937048188474191378e-03,2.220449822053529622e-03,2.957316944311368448e-03,1.000000000000000000e+00,1.000000000000000000e+00,9.207833162265330199e-04,1.460230006656008722e-03,-4.194962866071989078e-04,1.477289348894772134e-03,5.292944556096185194e-02,4.647891556410884556e-02,1.584709946947578940e-01,1.417572854450982467e-01,8.868613463114166824e-04,1.458347465060659065e-03,-8.609829861050157657e-03,1.689290485035590660e-03,1.142942863008703826e-02,1.583702708944982607e-02
2.969999999999999862e-01,0.000000000000000000e+00,2.381178602436784773e-03,2.937859452703472062e-03,2.218570503562181974e-03,2.957520350174405472e-03,1.000000000000000000e+00,1.000000000000000000e+00,9.205043956097188609e-04,1.461041270885289622e-03,-5.578412336284029743e-04,1.622528458561688872e-03,5.082643828715356638e-02,4.698767789896446390e-02,1.520026368198937605e-01,1.432954345543903107e-01,8.823439639059273577e-04,1.459255147990575754e-03,-9.457885524701501942e-03,1.940919279226061261e-03,1.142942863008703826e-02,1.583702708944982607e-02
2.974999999999999867e-01,0.000000000000000000e+00,2.380706839685394795e-03,2.938758871987755088e-03,2.216686252062231594e-03,2.957727917974750740e-03,1.000000000000000000e+00,1.000000000000000000e+00,9.201430043755460435e-04,1.461940690169572649e-03,-7.227824683455747173e-04,1.798838568565981058e-03,5.232537875423398654e-02,4.628397573369943951e-02,1.595582924527996771e-01,1.401812621048280083e-01,8.773650727446349277e-04,1.460295782947466535e-03,-1.045555748901763268e-02,2.221038354776289341e-03,1.142942863008703826e-02,1.583702708944982607e-02
2.979999999999999871e-01,0.000000000000000000e+00,2.380204237031529734e-03,2.939742751052618064e-03,2.214797072743423384e-03,2.957939364284923982e-03,1.000000000000000000e+00,1.000000000000000000e+00,9.197579884054558940e-04,1.462924569234435625e-03,-7.700319401803511210e-04,1.967758129726029405e-03,1.450152977636356803e-02,3.644767107355775804e-02,1.136625802708348711e-02,1.026319715887563655e-01,9.337634293011737091e-04,1.474165578622769644e-03,1.512485875639380667e-02,7.886164194468284552e-03,-1.154775253171647607e-02,1.111821292858651729e-02
2.984999999999999876e-01,0.000000000000000000e+00,2.378644800291652896e-03,2.940642365856796503e-03,2.212902962886895315e-03,2.958154376537700924e-03,1.000000000000000000e+00,1.000000000000000000e+00,9.185633905564777367e-04,1.463824184038613630e-03,-2.389195697956257233e-03,1.799229608356173009e-03,1.263304840595574213e-02,3.594632819981814775e-02,3.579987366107913876e-02,1.090310538982265237e-01,9.411389192930582357e-04,1.478167450405660967e-03,1.437826936720164664e-02,8.120717142953728235e-03,-1.154775253171647607e-02,1.111821292858651729e-02
2.989999999999999880e-01,0.000000000000000000e+00,2.376307709678652895e-03,2.941634234801570810e-03,2.211003912645846496e-03,2.958372617411009382e-03,1.000000000000000000e+00,1.000000000000000000e+00,9.167730752793235320e-04,1.464816052983388154e-03,-3.580630554308390431e-03,1.983737889549034433e-03,1.069533304209980412e-02,3.535632995072668372e-02,2.942905576380314484e-02,1.072232236295390384e-01,9.481071503898014230e-04,1.482277886882968267e-03,1.349610131616635171e-02,8.320486279988950629e-03,-1.154775253171647607e-02,1.111821292858651729e-02
2.994999999999999885e-01,0.000000000000000000e+00,2.373205398995155251e-03,2.942772619325722400e-03,2.209099905826216077e-03,2.958593729212815378e-03,1.000000000000000000e+00,1.000000000000000000e+00,9.143965674194014411e-04,1.465954437507539961e-03,-4.753015719844188788e-03,2.276769048303462460e-03,8.727562215644925001e-03,3.469319270176436654e-02,2.300765707643851604e-02,1.052396985910812877e-01,9.545994266992162023e-04,1.486478210972868577e-03,1.247473796329322433e-02,8.480341548986799344e-03,-1.154775253171647607e-02,1.111821292858651729e-02
2.999999999999999889e-01,0.000000000000000000e+00,2.369313840030373881e-03,2.944073934936998656e-03,2.207190920667349582e-03,2.958817338266015763e-03,1.000000000000000000e+00,1.000000000000000000e+00,9.114154602993611819e-04,1.467255753118816000e-03,-5.962214240080501021e-03,2.602631222552144030e-03,1.531975969849170421e-02,5.216081483072646657e-02,4.984231606644384804e-02,1.737422040495133491e-01,9.318490895168067296e-04,1.447751304152064588e-03,1.710687332279932533e-03,-5.791724761079211636e-03,-5.590164688751899161e-03,2.004437170923240377e-02
3.004999999999999893e-01,0.000000000000000000e+00,2.364831158417034229e-03,2.945847971295463032e-03,2.205276930622676514e-03,2.959043059293329104e-03,1.000000000000000000e+00,1.000000000000000000e+00,9.079815269591904551e-04,1.469029789477280593e-03,-6.867866680341443153e-03,3.548072716929394094e-03,1.340704534318457736e-02,5.334391225771817346e-02,3.645169297684981713e-02,1.637101606290608247e-01,9.323565691862412868e-04,1.444876970352113217e-03,3.219036128772525401e-04,-5.705668591463479433e-03,-5.590164688751899161e-03,2.004437170923240377e-02
3.009999999999999898e-01,0.000000000000000000e+00,2.359692670778201253e-03,2.948076002620827595e-03,2.203357905140379720e-03,2.959270499802182236e-03,1.000000000000000000e+00,1.000000000000000000e+00,9.040452170574268505e-04,1.471257820802644939e-03,-7.872619803527179660e-03,4.456062650728496478e-03,1.152032306957426547e-02,5.465472087418029451e-02,3.038568555002241212e-02,1.680642820228841761e-01,9.321371007397006355e-04,1.442063994203542565e-03,-1.196825826578969219e-03,-5.546438284863990792e-03,-5.590164688751899161e-03,2.004437170923240377e-02
3.014999999999999902e-01,0.000000000000000000e+00,2.353842419677736660e-03,2.950755774290068044e-03,2.201433810444067794e-03,2.959499264469604186e-03,1.000000000000000000e+00,1.000000000000000000e+00,8.995636647110653037e-04,1.473937592471885171e-03,-8.963104692723142253e-03,5.359543338480673644e-03,9.683328525542100884e-03,5.611926011416974724e-02,2.445892284064964117e-02,1.729050614613208969e-01,9.311266267229272465e-04,1.439350734808495132e-03,-2.841844029373563098e-03,-5.306960863635811626e-03,-5.590164688751899161e-03,2.004437170923240377e-02
3.019999999999999907e-01,0.000000000000000000e+00,2.347231032128580148e-03,2.953894850887305371e-03,2.199504610313449647e-03,2.959728959527115327e-03,1.000000000000000000e+00,1.000000000000000000e+00,8.944990480177280202e-04,1.477076669069122931e-03,-1.012923338667456007e-02,6.278153194475493727e-03,1.798405996156929657e-02,4.563703135145827372e-02,5.783323047183979576e-02,1.312219728552231623e-01,8.853000379070920679e-04,1.477268684059910393e-03,-1.628693612616220407e-02,5.777661081975230331e-03,1.130533229275770569e-04,1.479183896518072167e-02
3.024999999999999911e-01,0.000000000000000000e+00,2.340085990461981090e-03,2.957303512345046265e-03,2.197570266865005607e-03,2.959959197145617393e-03,1.000000000000000000e+00,1.000000000000000000e+00,8.890256285531761889e-04,1.480485330526863609e-03,-1.094683892910376308e-02,6.817322915481194984e-03,1.907238895986892308e-02,4.435973652586042149e-02,5.467168106064346916e-02,1.353719728643718589e-01,8.767081127087946856e-04,1.480232333084626449e-03,-1.807697090735249298e-02,6.076244367904066329e-03,1.130533229275770569e-04,1.479183896518072167e-02
3.029999999999999916e-01,0.000000000000000000e+00,2.332442847452599090e-03,2.960955726627925721e-03,2.195630741332660254e-03,2.960189599820284376e-03,1.000000000000000000e+00,1.000000000000000000e+00,8.831706413228754098e-04,1.484137544809743282e-03,-1.170997446060163469e-02,7.304428565759316094e-03,2.027290049691821833e-02,4.323461570531113990e-02,5.812288829144250657e-02,1.322394042767113531e-01,8.672476593579108535e-04,1.483324355342760916e-03,-1.976122092378154033e-02,6.291311018527865825e-03,1.130533229275770569e-04,1.479183896518072167e-02
3.034999999999999920e-01,0.000000000000000000e+00,2.324340366730947953e-03,2.964828966481529004e-03,2.193685994848454824e-03,2.960419804755450805e-03,1.000000000000000000e+00,1.000000000000000000e+00,8.769637809905761645e-04,1.488010784663346348e-03,-1.241372066459839676e-02,7.746479707206098062e-03,2.155397361351039237e-02,4.221996318040902030e-02,6.181315801792610504e-02,1.293923885080178471e-01,8.569734563690142165e-04,1.486505596786470663e-03,-2.133215830571199775e-02,6.433259440760175085e-03,1.130533229275770569e-04,1.479183896518072167e-02
3.039999999999999925e-01,0.000000000000000000e+00,2.315819299191000744e-03,2.968903062056675504e-03,2.191735989223218741e-03,2.960649468249504368e-03,1.000000000000000000e+00,1.000000000000000000e+00,8.704362645521578892e-04,1.492084880238492848e-03,-1.305503287683660793e-02,8.148191150293197099e-03,2.052735410932395033e-02,4.069983998621254373e-02,5.649544123158381503e-02,1.244758497339796266e-01,8.657958734929538987e-04,1.489683418037775079e-03,-1.838142994631071503e-02,6.496917984774149002e-03,-1.690342064612571213e-03,1.479710834340898160e-02
3.044999999999999929e-01,0.000000000000000000e+00,2.306857750438352350e-03,2.973149593146831582e-03,2.189780687727244188e-03,2.960878270079774638e-03,1.000000000000000000e+00,1.000000000000000000e+00,8.635713199284517213e-04,1.496331411328648709e-03,-1.372988924741235135e-02,8.493062180311528736e-03,2.176245554231909934e-02,3.938732585069142089e-02,6.191906567955798857e-02,1.207799825414871131e-01,8.562777799433228315e-04,1.492926857009418615e-03,-1.968805233914550090e-02,6.476754406783229862e-03,-1.690342064612571213e-03,1.479710834340898160e-02
3.049999999999999933e-01,0.000000000000000000e+00,2.297496722945469982e-03,2.977545888710808348e-03,2.187820055870956775e-03,2.961105917887424822e-03,1.000000000000000000e+00,1.000000000000000000e+00,8.564003568356452333e-04,1.500727706892625692e-03,-1.434192618561303673e-02,8.792591127953957100e-03,2.310005287239372262e-02,3.821081204549011540e-02,6.583323041756670990e-02,1.174214166383993618e-01,8.461343179609800416e-04,1.496139657727725645e-03,-2.088309628169382481e-02,6.374525171482679428e-03,-1.690342064612571213e-03,1.479710834340898160e-02
3.054999999999999938e-01,0.000000000000000000e+00,2.287779537426318059e-03,2.982071811224521786e-03,2.185854062185137343e-03,2.961332151559474719e-03,1.000000000000000000e+00,1.000000000000000000e+00,8.489565608659428763e-04,1.505253629406339130e-03,-1.488759193940473145e-02,9.051845027426872609e-03,2.451795593475463927e-02,3.714414144644777316e-02,6.999631411396378677e-02,1.143612215945468275e-01,8.354229471779120019e-04,1.499283144621913529e-03,-2.195989523768492047e-02,6.199642531111585267e-03,-1.690342064612571213e-03,1.479710834340898160e-02
3.059999999999999942e-01,0.000000000000000000e+00,2.277751088823260113e-03,2.986709146041705790e-03,2.183882678928693484e-03,2.961556747151425101e-03,1.000000000000000000e+00,1.000000000000000000e+00,8.412743235404658310e-04,1.509890964223523134e-03,-1.536447465095413557e-02,9.274669634368164911e-03,2.597091695366317982e-02,3.542044082163676999e-02,7.425242423266889547e-02,1.086446093226252907e-01,8.235356073528058742e-04,1.507539851072310080e-03,-2.304174976036783146e-02,6.960267700261495508e-03,-1.644435381625796366e-03,1.443880506479425056e-02
3.064999999999999947e-01,0.000000000000000000e+00,2.267456538893614787e-03,2.991428590723700827e-03,2.181905882347711864e-03,2.961779517964469380e-03,1.000000000000000000e+00,1.000000000000000000e+00,8.333882407724504905e-04,1.514610408905517954e-03,-1.577216553603057528e-02,9.438889363989661982e-03,2.744785424443605890e-02,3.433721725481976572e-02,7.859730062092844249e-02,1.059586299279672295e-01,8.118056729929598331e-04,1.510943395456507436e-03,-2.387592777025797364e-02,6.654374032348328236e-03,-1.644435381625796366e-03,1.443880506479425056e-02
3.069999999999999951e-01,0.000000000000000000e+00,2.256941426494413726e-03,2.996212252499705873e-03,2.179923652533505805e-03,2.962000313079923321e-03,1.000000000000000000e+00,1.000000000000000000e+00,8.253331973502709253e-04,1.519394070681523001e-03,-1.611008684435921365e-02,9.567323552009943805e-03,2.898697048316757618e-02,3.333085855176207840e-02,8.318898306794166031e-02,1.030136445048909083e-01,7.996899675490786374e-04,1.514177826950704325e-03,-2.458506185152027623e-02,6.283947594849157575e-03,-1.644435381625796366e-03,1.443880506479425056e-02
3.074999999999999956e-01,0.000000000000000000e+00,2.246252292567892019e-03,3.001043528459721409e-03,2.177935973231555876e-03,2.962219015582200771e-03,1.000000000000000000e+00,1.000000000000000000e+00,8.171448457041044109e-04,1.524225346641538970e-03,-1.637670329233309810e-02,9.662551920032100977e-03,3.058251953316562521e-02,3.239336140413751758e-02,8.797311097032234350e-02,1.002604809146062370e-01,7.872518600714755073e-04,1.517212272750420327e-03,-2.516577260415199871e-02,5.854553091392605477e-03,-1.644435381625796366e-03,1.443880506479425056e-02
3.079999999999999960e-01,0.000000000000000000e+00,2.235436476885339745e-03,3.005906912245085924e-03,2.175942831650311271e-03,2.962435540780950210e-03,1.000000000000000000e+00,1.000000000000000000e+00,8.088594502026862088e-04,1.529088730426903485e-03,-1.657079100283640610e-02,9.726767570729100143e-03,3.081965119542588033e-02,3.077468883397308300e-02,8.746024442136873800e-02,9.479374263973922021e-02,7.983409191971283826e-04,1.523874962172707542e-03,-2.156742262844552407e-02,6.027505477982753913e-03,-2.952839175883039975e-03,1.422665946328743013e-02
3.084999999999999964e-01,0.000000000000000000e+00,2.224503910372171815e-03,3.010775323692706576e-03,2.173944218269992928e-03,2.962649834433196076e-03,1.000000000000000000e+00,1.000000000000000000e+00,8.004846183762449191e-04,1.533957141874523703e-03,-1.674966365288259318e-02,9.736822895240618628e-03,3.240529322511415816e-02,2.955356386735319765e-02,9.334978567384381865e-02,9.143613175185497099e-02,7.874853327433513047e-04,1.526749271391478723e-03,-2.185395764535858626e-02,5.470701853428705866e-03,-2.952839175883039975e-03,1.422665946328743013e-02
3.089999999999999969e-01,0.000000000000000000e+00,2.213501521994439523e-03,3.015629641271333483e-03,2.171940126651397511e-03,2.962861870965478785e-03,1.000000000000000000e+00,1.000000000000000000e+00,7.920562998984464293e-04,1.538811459453150610e-03,-1.685663695559692227e-02,9.708635157253838605e-03,3.406406154159785649e-02,2.842519493609061906e-02,9.839873383422736985e-02,8.808787015197601378e-02,7.765182342830733234e-04,1.529327624843275892e-03,-2.201371213939691887e-02,4.843829386993731348e-03,-2.952839175883039975e-03,1.422665946328743013e-02
3.094999999999999973e-01,0.000000000000000000e+00,2.202477588098517361e-03,3.020452431909680623e-03,2.169930553244702690e-03,2.963071651695994325e-03,1.000000000000000000e+00,1.000000000000000000e+00,7.836114765961642564e-04,1.543634250091498183e-03,-1.688964660456426792e-02,9.645581276695132378e-03,3.579008671748614562e-02,2.738711770449856614e-02,1.036738019442990377e-01,8.500059228494924457e-02,7.655040498944736113e-04,1.531576652310611981e-03,-2.204255328765760205e-02,4.153533275266757356e-03,-2.952839175883039975e-03,1.422665946328743013e-02
3.099999999999999978e-01,0.000000000000000000e+00,2.191481500014196178e-03,3.025227818027852178e-03,2.167915497198268527e-03,2.963279203056731238e-03,1.000000000000000000e+00,1.000000000000000000e+00,7.751879844231235198e-04,1.548409636209669305e-03,-1.684698434608138812e-02,9.550772236342134139e-03,3.736255175971426451e-02,2.608525944560602383e-02,1.083230537964476742e-01,8.080224021148887936e-02,7.585539154974603113e-04,1.536634082467144922e-03,-2.131232996970217411e-02,3.895361740488101354e-03,-3.140153546252212428e-03,1.407995636661326516e-02
3.104999999999999982e-01,0.000000000000000000e+00,2.180557741501025146e-03,3.029935434413625391e-03,2.165894960167443623e-03,2.963484574815613681e-03,1.000000000000000000e+00,1.000000000000000000e+00,7.668198999161348478e-04,1.553117252595442735e-03,-1.673616901397725898e-02,9.415232771546972954e-03,3.917035615458649978e-02,2.506653396136205442e-02,1.140425661141194758e-01,7.791639721350057668e-02,7.479592308730265062e-04,1.538380103340448177e-03,-2.106648459291094247e-02,3.090216131490232561e-03,-3.140153546252212428e-03,1.407995636661326516e-02
3.109999999999999987e-01,0.000000000000000000e+00,2.169756661841765535e-03,3.034559994133028543e-03,2.163868946123367366e-03,2.963687838298640579e-03,1.000000000000000000e+00,1.000000000000000000e+00,7.585457928634736693e-04,1.557741812314846104e-03,-1.654821410532232584e-02,9.249119438806645624e-03,4.104252501768904798e-02,2.414877218169037693e-02,1.198396645019842999e-01,7.517175950515288252e-02,7.375219097812793804e-04,1.539709933383045116e-03,-2.068314824161407092e-02,2.230719477441811711e-03,-3.140153546252212428e-03,1.407995636661326516e-02
3.114999999999999991e-01,0.000000000000000000e+00,2.159129555895672892e-03,3.039087846505379460e-03,2.161837461161774353e-03,2.963889084612023484e-03,1.000000000000000000e+00,1.000000000000000000e+00,7.504049574070328649e-04,1.562269664687196804e-03,-1.628167091288162602e-02,9.055704744701473588e-03,4.297528801686379546e-02,2.333683973975169551e-02,1.258461962903447695e-01,7.274371924514648480e-02,7.273115197432318676e-04,1.540598150171507835e-03,-2.015904176472958775e-02,1.323871569955498715e-03,-3.140153546252212428e-03,1.407995636661326516e-02
3.119999999999999996e-01,0.000000000000000000e+00,2.148728486225431368e-03,3.043506954785995134e-03,2.159800513311798363e-03,2.964088422864328762e-03,1.000000000000000000e+00,1.000000000000000000e+00,7.424372757836508871e-04,1.566688772967812478e-03,-1.593536324676404076e-02,8.838216561231477392e-03,4.417184732322359392e-02,2.159527786960573070e-02,1.289713227478723190e-01,6.660772445300169875e-02,7.363174443782377707e-04,1.550391872407923819e-03,-1.678449714748493291e-02,1.717366452091142418e-03,-3.913361478279018570e-03,1.369703678214649091e-02
3.125000000000000000e-01,0.000000000000000000e+00,2.138584706373292121e-03,3.047789355589146203e-03,2.157758112344773313e-03,2.964285978388613713e-03,1.000000000000000000e+00,1.000000000000000000e+00,7.346666895956975238e-04,1.570971173770963764e-03,-1.554117237590674216e-02,8.564801606302494680e-03,4.610289980336973459e-02,2.044455734294327309e-02,1.355951400867872469e-01,6.354310781855641854e-02,7.281329272534875757e-04,1.550998410970948942e-03,-1.595486986028876383e-02,7.107157549221904081e-04,-3.913361478279018570e-03,1.369703678214649091e-02
3.130000000000000004e-01,0.000000000000000000e+00,2.128749422551090564e-03,3.051918107711182673e-03,2.155710269583044174e-03,2.964481890964574401e-03,1.000000000000000000e+00,1.000000000000000000e+00,7.271324250772020787e-04,1.575099925893000234e-03,-1.506852903699079302e-02,8.257504244073152894e-03,4.812174749838306342e-02,1.946134154663228116e-02,1.419619180797780100e-01,6.061444458626991799e-02,7.203981884881388575e-04,1.551086601135417834e-03,-1.498567119489089064e-02,-3.558913586105745021e-04,-3.913361478279018570e-03,1.369703678214649091e-02
3.135000000000000009e-01,0.000000000000000000e+00,2.119275464517840317e-03,3.055879151717471980e-03,2.153656997708758812e-03,2.964676313040666596e-03,1.000000000000000000e+00,1.000000000000000000e+00,7.198749521714883698e-04,1.579060969899289107e-03,-1.451494581142739708e-02,7.922088012577951574e-03,5.022280627590744451e-02,1.868711486960351539e-02,1.486029497693415191e-01,5.834596680964614090e-02,7.131842611365039756e-04,1.550629275688684321e-03,-1.387192402044977978e-02,-1.471231630230644509e-03,-3.913361478279018570e-03,1.369703678214649091e-02
3.140000000000000013e-01,0.000000000000000000e+00,2.110216981072103593e-03,3.059661792444368783e-03,2.151598310572687585e-03,2.964869407956274849e-03,1.000000000000000000e+00,1.000000000000000000e+00,7.129357512647964022e-04,1.582843610626186344e-03,-1.387840181338391952e-02,7.565281453794549769e-03,5.210015717165669691e-02,1.687208570411497660e-02,1.543356638242273648e-01,5.185052044730035364e-02,7.102843013183053134e-04,1.561036877245426929e-03,-1.210548336115307641e-02,-1.073780646061085146e-03,-4.053732904971530868e-03,1.326565418425872112e-02
3.145000000000000018e-01,0.000000000000000000e+00,2.101620996170512189e-03,3.063237385059376650e-03,2.149534223003009541e-03,2.965061348163820429e-03,1.000000000000000000e+00,1.000000000000000000e+00,7.063508447977977006e-04,1.586419203241193777e-03,-1.316981293399732862e-02,7.151185230014987966e-03,5.421691778522340355e-02,1.580864158458761617e-02,1.612157672955411847e-01,4.914521991625627612e-02,7.045838012838171295e-04,1.560197438450871459e-03,-1.069902704569661474e-02,-2.281602066436800268e-03,-4.053732904971530868e-03,1.326565418425872112e-02
3.150000000000000022e-01,0.000000000000000000e+00,2.093540779776255356e-03,3.066590835197611272e-03,2.147464750614132452e-03,2.965252313450928660e-03,1.000000000000000000e+00,1.000000000000000000e+00,7.001610399297781596e-04,1.589772653379428616e-03,-1.237960973603908534e-02,6.706900276469505290e-03,5.645585424882133829e-02,1.521155878122915778e-02,1.683961560767747445e-01,4.760042170887231194e-02,6.996232279691073702e-04,1.558741090604562037e-03,-9.146088325438842676e-03,-3.541293017162884006e-03,-4.053732904971530868e-03,1.326565418425872112e-02
3.155000000000000027e-01,0.000000000000000000e+00,2.086031981374131174e-03,3.069714763422428869e-03,2.145389909615484647e-03,2.965442489162546831e-03,1.000000000000000000e+00,1.000000000000000000e+00,6.944089666393305198e-04,1.592896581604246430e-03,-1.150414658089525012e-02,6.247856449635525410e-03,5.866189861868719574e-02,1.553853223562689199e-02,1.753760245328216671e-01,4.924178683443300453e-02,6.954776906785620954e-04,1.556649344306759979e-03,-7.439212078801975964e-03,-4.823128943580086772e-03,-4.053732904971530868e-03,1.326565418425872112e-02
3.160000000000000031e-01,0.000000000000000000e+00,2.079147964489685540e-03,3.072616483776918934e-03,2.143309716620325073e-03,2.965632064423097229e-03,1.000000000000000000e+00,1.000000000000000000e+00,6.891355037586635894e-04,1.595798301958736062e-03,-1.054692576133385053e-02,5.803440708979274582e-03,5.858729120416570485e-02,1.207396119253068695e-02,1.735569181864458910e-01,3.537365461787452675e-02,6.966028849944713112e-04,1.574626572528677005e-03,-5.010075754281086494e-03,-3.361972630053118149e-03,-4.212537869877697357e-03,1.251507683439160787e-02
3.165000000000000036e-01,0.000000000000000000e+00,2.072878304065470072e-03,3.075237242001593440e-03,2.141224188454545103e-03,2.965821230358613690e-03,1.000000000000000000e+00,1.000000000000000000e+00,6.843326652304502133e-04,1.598419060183410784e-03,-9.605677056426675797e-03,5.241516449349619897e-03,5.723110680987673893e-02,1.094737470690726119e-02,1.687015997000865242e-01,3.378677558568269484e-02,6.945600002002179797e-04,1.572601393745569212e-03,-3.164962027968910505e-03,-4.736003115646704800e-03,-4.212537869877697357e-03,1.251507683439160787e-02
3.170000000000000040e-01,0.000000000000000000e+00,2.067181216491754611e-03,3.077562775123178149e-03,2.139133341965472525e-03,2.966010178318876853e-03,1.000000000000000000e+00,1.000000000000000000e+00,6.799684429526436187e-04,1.600744593304995276e-03,-8.728444555613199679e-03,4.651066243169198026e-03,5.590375368854948179e-02,1.149085176556535401e-02,1.650286186216880779e-01,3.668142371916951333e-02,6.934085033794640468e-04,1.569875768255679649e-03,-1.444316328969830069e-03,-6.163629119377981788e-03,-4.212537869877697357e-03,1.251507683439160787e-02
3.175000000000000044e-01,0.000000000000000000e+00,2.062018317605703119e-03,3.079610280253655772e-03,2.137037193830674218e-03,2.966199098099560685e-03,1.000000000000000000e+00,1.000000000000000000e+00,6.760134329505984889e-04,1.602792098435473116e-03,-7.910020004090327281e-03,4.095010260955854638e-03,5.475769462452468456e-02,1.248795100590943848e-02,1.620133704174456235e-01,3.992247367272377251e-02,6.930870229013473766e-04,1.566449091419417532e-03,1.553065164668354647e-04,-7.540280795534018768e-03,-4.212537869877697357e-03,1.251507683439160787e-02
3.180000000000000049e-01,0.000000000000000000e+00,2.057357096716412332e-03,3.081405420887520751e-03,2.134935760366763174e-03,2.966388176164367306e-03,1.000000000000000000e+00,1.000000000000000000e+00,6.724427305902072388e-04,1.604587239069337878e-03,-7.141404720782498425e-03,3.590281267729310364e-03,5.344871919331019988e-02,1.183416575997760928e-02,1.581922338320151389e-01,3.638026171254823277e-02,6.860693133951148524e-04,1.577225252098751838e-03,6.885747447063130661e-04,-6.926116247459096140e-03,-3.944402685263775910e-03,1.198123167590187457e-02
3.185000000000000053e-01,0.000000000000000000e+00,2.053160872194936988e-03,3.082945834811386815e-03,2.132829057338197706e-03,2.966577593867167871e-03,1.000000000000000000e+00,1.000000000000000000e+00,6.692282361134515006e-04,1.606127652993204376e-03,-6.428988953511535417e-03,3.080827847733153598e-03,5.205792049729615623e-02,1.247322420596963868e-02,1.541716234289308707e-01,3.926688781509910658e-02,6.867518621535216279e-04,1.573443799484568282e-03,2.038977431473415133e-03,-8.197088177940086220e-03,-3.944402685263775910e-03,1.198123167590187457e-02
3.190000000000000058e-01,0.000000000000000000e+00,2.049393290742233722e-03,3.084254579799244021e-03,2.130717099766089341e-03,2.966767525674143466e-03,1.000000000000000000e+00,1.000000000000000000e+00,6.663421012776101025e-04,1.607436397981061148e-03,-5.772269671682898548e-03,2.617489975713653723e-03,5.078646896038634118e-02,1.343965244463780732e-02,1.506637767936263861e-01,4.233514065677649457e-02,6.880790650079644756e-04,1.569040714992884621e-03,3.267403156752136332e-03,-9.412727499468196909e-03,-3.944402685263775910e-03,1.198123167590187457e-02
3.195000000000000062e-01,0.000000000000000000e+00,2.046022017204144998e-03,3.085361181525700727e-03,2.128599901737004193e-03,2.966958137385922959e-03,1.000000000000000000e+00,1.000000000000000000e+00,6.637595559175229381e-04,1.608542999707518071e-03,-5.165090720174246412e-03,2.213203452913894715e-03,4.959065705508372557e-02,1.458809711395958782e-02,1.473294932731596396e-01,4.584859822455591288e-02,6.899925327986613675e-04,1.564048635443703473e-03,4.384231295858018358e-03,-1.055319183757921428e-02,-3.944402685263775910e-03,1.198123167590187457e-02
3.200000000000000067e-01,0.000000000000000000e+00,2.043016719539689913e-03,3.086297884435134069e-03,2.126477476211782562e-03,2.967149584359827542e-03,1.000000000000000000e+00,1.000000000000000000e+00,6.614573643417486718e-04,1.609479702616951413e-03,-4.604383151548577593e-03,1.873405818866704991e-03,4.819302859902360042e-02,1.418433552051693441e-02,1.431296731803946010e-01,4.319784800922558260e-02,6.863969401313497554e-04,1.576672279705670400e-03,4.622817544076179494e-03,-9.281956842801997523e-03,-3.725876369812163025e-03,1.132418079527450216e-02
3.205000000000000071e-01,0.000000000000000000e+00,2.040340955275663989e-03,3.087069257743049570e-03,2.124349834843601570e-03,2.967342009792826689e-03,1.000000000000000000e+00,1.000000000000000000e+00,6.594076099961952491e-04,1.610251075924867131e-03,-4.099508691106789823e-03,1.542746615831485854e-03,4.669408667515374117e-02,1.489600662331275714e-02,1.386880289352916407e-01,4.620686752369954770e-02,6.889267880433385619e-04,1.571780150025445461e-03,5.494788630172107655e-03,-1.028443421260761756e-02,-3.725876369812163025e-03,1.132418079527450216e-02
3.210000000000000075e-01,0.000000000000000000e+00,2.037957805271938504e-03,3.087702901211187168e-03,2.122216987881427389e-03,2.967535543565434728e-03,1.000000000000000000e+00,1.000000000000000000e+00,6.575820111787226410e-04,1.610884719393004512e-03,-3.651197634945288310e-03,1.267286936274826829e-03,4.526839366859013170e-02,1.584836318196893717e-02,1.345964360841158669e-01,4.921504470625757272e-02,6.918612926533145545e-04,1.566401048811736155e-03,6.241671463236511501e-03,-1.122993499366610991e-02,-3.725876369812163025e-03,1.132418079527450216e-02
3.215000000000000080e-01,0.000000000000000000e+00,2.035832091745367819e-03,3.088229963455109590e-03,2.120078944178707941e-03,2.967730301776940263e-03,1.000000000000000000e+00,1.000000000000000000e+00,6.559536201440303383e-04,1.611411781636926718e-03,-3.256782069384647066e-03,1.054124487844384280e-03,4.390310456420164209e-02,1.697401257747940123e-02,1.306569782167718019e-01,5.270952328804735798e-02,6.951396505622059940e-04,1.560567073080306897e-03,6.870417778471882633e-03,-1.210405343155338855e-02,-3.725876369812163025e-03,1.132418079527450216e-02
3.220000000000000084e-01,0.000000000000000000e+00,2.033929112876844015e-03,3.088681725111989788e-03,2.117935711221105924e-03,2.967926386405739941e-03,1.000000000000000000e+00,1.000000000000000000e+00,6.544958537564246615e-04,1.611863543293807349e-03,-2.915532775211295089e-03,9.035233137612145356e-04,4.261287649226383478e-02,1.703087242156810580e-02,1.269378134990922224e-01,5.192408706987265005e-02,6.886527066953789661e-04,1.570327299421362972e-03,6.095743023561802504e-03,-1.084004617702813075e-02,-3.357154788964932229e-03,1.073685405012950525e-02
3.225000000000000089e-01,0.000000000000000000e+00,2.032214440127360407e-03,3.089066638194620535e-03,2.115787295154401403e-03,2.968123884970723901e-03,1.000000000000000000e+00,1.000000000000000000e+00,6.531823382249152873e-04,1.612248456376437879e-03,-2.627031063018708031e-03,7.698261652610597586e-04,4.109458735140370661e-02,1.803488555279899111e-02,1.222493612181175526e-01,5.573454467181094413e-02,6.917945979563099252e-04,1.564726580962768135e-03,6.470976088969956214e-03,-1.156121837969024090e-02,-3.357154788964932229e-03,1.073685405012950525e-02
3.230000000000000093e-01,0.000000000000000000e+00,2.030648356413247355e-03,3.089410609375737270e-03,2.113633700812382697e-03,2.968322870192652112e-03,1.000000000000000000e+00,1.000000000000000000e+00,6.519826484982597101e-04,1.612592427557554397e-03,-2.399379453311182957e-03,6.879423622330837866e-04,3.964831093782378302e-02,1.923420978719068281e-02,1.180127741226951049e-01,5.951057541885607094e-02,6.950938156071347074e-04,1.558783317222236110e-03,6.725277002657866106e-03,-1.221035396581456739e-02,-3.357154788964932229e-03,1.073685405012950525e-02
3.235000000000000098e-01,0.000000000000000000e+00,2.029191439947455270e-03,3.089737400753524935e-03,2.111474931744741594e-03,2.968523399655533315e-03,1.000000000000000000e+00,1.000000000000000000e+00,6.508665857355512606e-04,1.612919218935342279e-03,-2.232125525416874239e-03,6.535827555757657906e-04,3.826697623475980303e-02,2.059044465498732074e-02,1.139445969370052186e-01,6.374357153141575749e-02,6.984916125610580616e-04,1.552536376980600792e-03,6.865510636941036388e-03,-1.277607456515967958e-02,-3.357154788964932229e-03,1.073685405012950525e-02
3.240000000000000102e-01,0.000000000000000000e+00,2.027804117714817733e-03,3.090066997432251196e-03,2.109310990244974218e-03,2.968725515468009606e-03,1.000000000000000000e+00,1.000000000000000000e+00,6.498038352484239314e-04,1.613248815614068540e-03,-2.125500974254678020e-03,6.591933574525937582e-04,3.761677492766177938e-02,2.131971059578839645e-02,1.126380424758073040e-01,6.541971789791931058e-02,6.806281311345139086e-04,1.563976938601965806e-03,4.146120398912473033e-03,-1.093134387939819971e-02,-2.565519546396965046e-03,1.006996438592955637e-02
3.245000000000000107e-01,0.000000000000000000e+00,2.026464789256145638e-03,3.090403117331767813e-03,2.107141877378273208e-03,2.968929243924734937e-03,1.000000000000000000e+00,1.000000000000000000e+00,6.487778501251469402e-04,1.613584935513585157e-03,-2.051970246554053398e-03,6.722397990333420269e-04,3.649343173214107672e-02,2.309014669207960779e-02,1.088575922572799920e-01,7.167687254115351347e-02,6.826771715149050580e-04,1.558422098443193763e-03,4.050149678067846946e-03,-1.128711734995946001e-02,-2.565519546396965046e-03,1.006996438592955637e-02
3.250000000000000111e-01,0.000000000000000000e+00,2.025139171703182507e-03,3.090767012456756453e-03,2.104967593009420337e-03,2.969134595167752765e-03,1.000000000000000000e+00,1.000000000000000000e+00,6.477623681649985650e-04,1.613948830638573797e-03,-2.030963920296825938e-03,7.277902499773724297e-04,3.552601130977058042e-02,2.502667487798987400e-02,1.060671788770772422e-01,7.770306257045023202e-02,6.846569165421249230e-04,1.552718279145350955e-03,3.869106474350177821e-03,-1.152747847333880811e-02,-2.565519546396965046e-03,1.006996438592955637e-02
3.255000000000000115e-01,0.000000000000000000e+00,2.023794647813366952e-03,3.091176371655089683e-03,2.102788135830693014e-03,2.969341562847883226e-03,1.000000000000000000e+00,1.000000000000000000e+00,6.467324031105647995e-04,1.614358189836907027e-03,-2.059930108867539297e-03,8.187183966665952583e-04,3.469349558686860707e-02,2.708957857242443382e-02,1.036491110881379296e-01,8.408891633499579465e-02,6.865280615530631536e-04,1.546925445560106164e-03,3.615893580963242589e-03,-1.164341227424625300e-02,-2.565519546396965046e-03,1.006996438592955637e-02
3.260000000000000120e-01,0.000000000000000000e+00,2.022400361803330503e-03,3.091647436814420023e-03,2.100603503389748654e-03,2.969550123786097312e-03,1.000000000000000000e+00,1.000000000000000000e+00,6.456643180604577491e-04,1.614829254996237150e-03,-2.136170100214063346e-03,9.421303186601983877e-04,3.595480059534479633e-02,2.367104737682268825e-02,1.092300932968571087e-01,6.908863632648690190e-02,6.726979950811822623e-04,1.570448323534316855e-03,1.282396407597454803e-03,-7.820658833881171876e-03,-1.982497488985225740e-03,8.970533858845813197e-03
3.265000000000000124e-01,0.000000000000000000e+00,2.020980695553737782e-03,3.092102774157516956e-03,2.098413692117526413e-03,2.969760237634895376e-03,1.000000000000000000e+00,1.000000000000000000e+00,6.445767906188737580e-04,1.615284592339334300e-03,-2.175054883167956352e-03,9.106746861941286339e-04,3.706025131849101373e-02,2.181275169568648239e-02,1.124321878200371244e-01,6.478044189075313208e-02,6.732710682161210372e-04,1.566515822227532682e-03,1.010401597860445793e-03,-7.909026525863638649e-03,-1.982497488985225740e-03,8.970533858845813197e-03
3.270000000000000129e-01,0.000000000000000000e+00,2.019571372055854828e-03,3.092520922362619086e-03,2.096218697356140668e-03,2.969971846539697351e-03,1.000000000000000000e+00,1.000000000000000000e+00,6.434971861847633891e-04,1.615702740544436213e-03,-2.159208868220771453e-03,8.362964102038658197e-04,3.871483009887252691e-02,2.073964965907803409e-02,1.179201881619691417e-01,6.217683989001297762e-02,6.737300328461806251e-04,1.562510687775496739e-03,8.257973385285444657e-04,-8.110968564373127743e-03,-1.982497488985225740e-03,8.970533858845813197e-03
3.275000000000000133e-01,0.000000000000000000e+00,2.018224406277135952e-03,3.092898204813856588e-03,2.094018513386781445e-03,2.970184874800214751e-03,1.000000000000000000e+00,1.000000000000000000e+00,6.424653505349043215e-04,1.616080022995673932e-03,-2.063671299718097991e-03,7.545649024756164759e-04,4.007005583562555512e-02,2.224534352451819352e-02,1.218062937248442779e-01,6.891590288040710943e-02,6.741288335836682043e-04,1.558388690158127006e-03,7.694996446934879251e-04,-8.376351822571983380e-03,-1.982497488985225740e-03,8.970533858845813197e-03
3.280000000000000138e-01,0.000000000000000000e+00,2.016980587090735216e-03,3.093270346051919285e-03,2.091813133457604001e-03,2.970399228531832650e-03,1.000000000000000000e+00,1.000000000000000000e+00,6.415125297589174044e-04,1.616452164233736629e-03,-1.905641551973905837e-03,7.442824761253104835e-04,6.587176670479534535e-02,-3.226232635946774813e-02,2.209128910496149512e-01,-1.440618187983278842e-01,6.301421173448179839e-04,1.629548332026209455e-03,-1.816337164062383630e-02,2.369632242760247309e-02,1.450262581575940436e-02,-1.903117827065069906e-02
3.285000000000000142e-01,0.000000000000000000e+00,2.016529118657085437e-03,3.092708670279325535e-03,2.089602549811629684e-03,2.970614795326992092e-03,1.000000000000000000e+00,1.000000000000000000e+00,6.411666848740761593e-04,1.615890488461142879e-03,-6.916897696824209855e-04,-1.123351545187427619e-03,6.629276739404312002e-02,-3.298865849206231160e-02,2.009707796540823321e-01,-1.009138598288162880e-01,6.210263726200524349e-04,1.641422270857604377e-03,-1.829899992230264033e-02,2.379878560136259799e-02,1.450262581575940436e-02,-1.903117827065069906e-02
3.290000000000000147e-01,0.000000000000000000e+00,2.016571554650447955e-03,3.091886333335968056e-03,2.087386753714638547e-03,2.970831443916569468e-03,1.000000000000000000e+00,1.000000000000000000e+00,6.411991927309798958e-04,1.615068151517785400e-03,6.501571380748770012e-05,-1.644673886714795048e-03,6.676906016160927271e-02,-3.383215081832782051e-02,2.027408789051387827e-01,-1.037266000693107260e-01,6.118517700821682337e-04,1.653335166321141456e-03,-1.839886996783406808e-02,2.385224245760199369e-02,1.450262581575940436e-02,-1.903117827065069906e-02
3.295000000000000151e-01,0.000000000000000000e+00,2.016707511069875183e-03,3.090878126698589582e-03,2.085165735483065878e-03,2.971049023831255024e-03,1.000000000000000000e+00,1.000000000000000000e+00,6.413033413905884017e-04,1.614059944880406926e-03,2.082973192170046106e-04,-2.016413274756825250e-03,6.731721350189354136e-02,-3.470158533539436513e-02,2.045160949943153061e-01,-1.064950441841484713e-01,6.026371452176715977e-04,1.665260831596507589e-03,-1.845916441329762889e-02,2.384997236422770756e-02,1.450262581575940436e-02,-1.903117827065069906e-02
3.300000000000000155e-01,0.000000000000000000e+00,2.016904477676318558e-03,3.089670378704422946e-03,2.082939484511902185e-03,2.971267365062937003e-03,1.000000000000000000e+00,1.000000000000000000e+00,6.414542265649343092e-04,1.612852196886240290e-03,3.017703486917504199e-04,-2.415495988333426526e-03,6.130409225997505984e-02,-2.245136498695697244e-02,1.807297920245257983e-01,-5.829729105033629871e-02,6.161557969777177197e-04,1.642913748637302943e-03,-1.086128310085386281e-02,1.232747768627216398e-02,9.779270664607929084e-03,-1.191935762054091574e-02
3.305000000000000160e-01,0.000000000000000000e+00,2.016983989697631111e-03,3.088470629437679773e-03,2.080707989302580611e-03,2.971486277726078859e-03,1.000000000000000000e+00,1.000000000000000000e+00,6.415151363070219302e-04,1.611652447619497117e-03,1.218194841752796560e-04,-2.399498533486309725e-03,6.205996723288698114e-02,-2.329527724715597589e-02,1.887319942324386657e-01,-7.202747070881647395e-02,6.107543286448115878e-04,1.649030843036269380e-03,-1.074461221230654968e-02,1.214103007354708740e-02,9.779270664607929084e-03,-1.191935762054091574e-02
3.310000000000000164e-01,0.000000000000000000e+00,2.017021255207186031e-03,3.087268302989791893e-03,2.078471237490881699e-03,2.971705551719100794e-03,1.000000000000000000e+00,1.000000000000000000e+00,6.415436833435367650e-04,1.610450121171609020e-03,5.709407302977412854e-05,-2.404652895776274949e-03,6.267817543903531075e-02,-2.397372236365050147e-02,1.904637173804600847e-01,-7.394345839053675928e-02,6.054256106280289738e-04,1.655041772698570383e-03,-1.057039610755128659e-02,1.190292286729252927e-02,9.779270664607929084e-03,-1.191935762054091574e-02
3.315000000000000169e-01,0.000000000000000000e+00,2.017053115744554554e-03,3.086052709931579822e-03,2.076229215874823841e-03,2.971924956385760437e-03,1.000000000000000000e+00,1.000000000000000000e+00,6.415680899311426320e-04,1.609234528113397166e-03,4.881317521181366707e-05,-2.431186116423801266e-03,6.273325162579029834e-02,-2.402617131621074750e-02,1.901468135608402887e-01,-7.357597842187305059e-02,6.001956127024388968e-04,1.660923439725949576e-03,-1.034982541284975091e-02,1.162406339616008435e-02,9.779270664607929084e-03,-1.191935762054091574e-02
3.320000000000000173e-01,0.000000000000000000e+00,2.017083788647140025e-03,3.084823311910483111e-03,2.073981910442560667e-03,2.972144240176532656e-03,1.000000000000000000e+00,1.000000000000000000e+00,6.415915867377223764e-04,1.608005130092300672e-03,4.699361315942477953e-05,-2.458796042193081999e-03,5.382627124472547098e-02,-9.609591228138331803e-03,1.555074382274665989e-01,-1.755041662795360502e-02,6.453609609910309882e-04,1.604992492060495612e-03,3.233411525275139628e-03,-5.041751263194928223e-03,3.254664621692153047e-03,-3.917046789750489380e-03
3.325000000000000178e-01,0.000000000000000000e+00,2.016873701722324969e-03,3.083823052401945923e-03,2.071729306400276263e-03,2.972363130309990231e-03,1.000000000000000000e+00,1.000000000000000000e+00,6.414306508163958006e-04,1.607004870583763267e-03,-3.218718426531784037e-04,-2.000519017074754886e-03,5.336181885598328262e-02,-8.803187728050183153e-03,1.611708401082850572e-01,-2.658751805634912771e-02,6.470574701748994838e-04,1.602387825887008777e-03,3.551943786431100043e-03,-5.376166905318262128e-03,3.254664621692153047e-03,-3.917046789750489380e-03
3.330000000000000182e-01,0.000000000000000000e+00,2.016542946620780534e-03,3.083055682090463448e-03,2.069471388200083868e-03,2.972581332434184528e-03,1.000000000000000000e+00,1.000000000000000000e+00,6.411772777088247310e-04,1.606237500272280792e-03,-5.067462151421741256e-04,-1.534740622964910709e-03,5.286370826624953168e-02,-7.986697473922143783e-03,1.595644897934621054e-01,-2.396471988248963930e-02,6.489033461442247647e-04,1.599629623767940927e-03,3.830949624141928404e-03,-5.655995033207222161e-03,3.254664621692153047e-03,-3.917046789750489380e-03
3.335000000000000187e-01,0.000000000000000000e+00,2.016191767741042692e-03,3.082509913949035146e-03,2.067208139567917186e-03,2.972798530288030955e-03,1.000000000000000000e+00,1.000000000000000000e+00,6.409082590794608304e-04,1.605691732130852707e-03,-5.380372587277019135e-04,-1.091536282856199773e-03,5.233451370220301713e-02,-7.157406145001428237e-03,1.579229277405529985e-01,-2.130761323668550755e-02,6.508782886943676989e-04,1.596745186566359692e-03,4.068285987106240106e-03,-5.881208307763660659e-03,3.254664621692153047e-03,-3.917046789750489380e-03
3.340000000000000191e-01,0.000000000000000000e+00,2.015895793067126913e-03,3.082161768578312033e-03,2.064939543533380207e-03,2.973014385431160030e-03,1.000000000000000000e+00,1.000000000000000000e+00,6.406815293252033933e-04,1.605343586760129594e-03,-4.534595085148735165e-04,-6.962907414462790644e-04,5.354028025692984805e-02,-5.059444523715622699e-03,1.630887337562378081e-01,-1.374878781839586166e-02,6.389414674686738713e-04,1.586299530619576272e-03,1.151754308693467115e-03,-7.707164714795921960e-03,4.528782295434694363e-03,-3.238856592099964571e-03
3.345000000000000195e-01,0.000000000000000000e+00,2.015739780229782157e-03,3.081986399708984328e-03,2.062665582489812445e-03,2.973228538035145585e-03,1.000000000000000000e+00,1.000000000000000000e+00,6.405620165581003876e-04,1.605168217890801672e-03,-2.390255342059952450e-04,-3.507377386560579227e-04,5.322477532891836671e-02,-4.007930374418587106e-03,1.609133745755770561e-01,-1.135198230889460438e-02,6.395519726909188341e-04,1.582417240660699076e-03,1.289975637675362880e-03,-7.821626580661317565e-03,4.528782295434694363e-03,-3.238856592099964571e-03
3.350000000000000200e-01,0.000000000000000000e+00,2.015626816868511598e-03,3.081882612352876503e-03,2.060386238308834460e-03,2.973440609587773859e-03,1.000000000000000000e+00,1.000000000000000000e+00,6.404754816029231733e-04,1.605064430534693847e-03,-1.730699103544208403e-04,-2.075747122158418871e-04,5.290501672749185758e-02,-2.925946323860422436e-03,1.599652566535330889e-01,-8.004460627753366350e-03,6.402251215657807880e-04,1.578494640427301199e-03,1.402376591378061638e-03,-7.868535206856378666e-03,4.528782295434694363e-03,-3.238856592099964571e-03
3.355000000000000204e-01,0.000000000000000000e+00,2.015494591848116575e-03,3.081760662467420992e-03,2.058101492469951652e-03,2.973650206126289205e-03,1.000000000000000000e+00,1.000000000000000000e+00,6.403741913608082537e-04,1.604942480649238336e-03,-2.025804842298592283e-04,-2.438997709109608854e-04,5.257590422783513240e-02,-1.815006167908241649e-03,1.589491515462785054e-01,-4.624528893355187714e-03,6.409479940695738363e-04,1.574565786888821239e-03,1.488918389029511395e-03,-7.846772648566410768e-03,4.528782295434694363e-03,-3.238856592099964571e-03
3.360000000000000209e-01,0.000000000000000000e+00,2.015365418208394863e-03,3.081668830863812294e-03,2.055811326190475508e-03,2.973856921481680439e-03,1.000000000000000000e+00,1.000000000000000000e+00,6.402752386119018755e-04,1.604850649045629638e-03,-1.979054978127376839e-04,-1.836632072175489261e-04,5.096479055490425042e-02,-4.013112950301718496e-03,1.529748117798726548e-01,-1.409146038841810333e-02,6.516186888470258285e-04,1.597095801393546991e-03,3.450548443781209593e-03,-2.684848803061782099e-03,3.847601825589906741e-03,-5.055395686135921371e-03
3.365000000000000213e-01,0.000000000000000000e+00,2.015197989897647181e-03,3.081516053264111293e-03,2.053515720555438781e-03,2.974060340522955911e-03,1.000000000000000000e+00,1.000000000000000000e+00,6.401469810848329145e-04,1.604697871445928421e-03,-2.565150541378718313e-04,-3.055551994025692154e-04,5.005076702784892750e-02,-3.586726807534960926e-03,1.507787324849744481e-01,-1.059578032901783290e-02,6.533466219084067871e-04,1.595791509730864989e-03,3.461098056952369596e-03,-2.532563684242487585e-03,3.847601825589906741e-03,-5.055395686135921371e-03
3.370000000000000218e-01,0.000000000000000000e+00,2.015015437988291677e-03,3.081406572790153058e-03,2.051214656647523671e-03,2.974260042401432463e-03,1.000000000000000000e+00,1.000000000000000000e+00,6.400071382090901685e-04,1.604588390971970618e-03,-2.796857514854884236e-04,-2.189609479157607276e-04,4.910210067722071969e-02,-3.212569557627517267e-03,1.478661347207921306e-01,-9.480600497182203878e-03,6.550622296782420122e-04,1.594569629417071305e-03,3.401383913657993023e-03,-2.355255017211488854e-03,3.847601825589906741e-03,-5.055395686135921371e-03
3.375000000000000222e-01,0.000000000000000000e+00,2.014832389825917027e-03,3.081272916870487870e-03,2.048908115676971800e-03,2.974455603795005728e-03,1.000000000000000000e+00,1.000000000000000000e+00,6.398669151814799722e-04,1.604454735052305214e-03,-2.804460552203790012e-04,-2.673118393307841309e-04,4.811985166762363514e-02,-2.870122314067762373e-03,1.448609709763959974e-01,-8.484610903032834342e-03,6.567299228902527108e-04,1.593441781829264001e-03,3.269581342846191244e-03,-2.156477939368226827e-03,3.847601825589906741e-03,-5.055395686135921371e-03
3.380000000000000226e-01,0.000000000000000000e+00,2.014614549921044540e-03,3.081161225656960795e-03,2.046596079111510230e-03,2.974646602152439950e-03,1.000000000000000000e+00,1.000000000000000000e+00,6.397000401328628441e-04,1.604343043838778139e-03,-3.337500972343239534e-04,-2.233824270542504120e-04,4.918108018991797226e-02,-1.784853050440228907e-03,1.498012241781634113e-01,-4.548902447335357625e-03,6.440943931042528202e-04,1.593565031127371426e-03,6.430493447495628026e-04,-1.743201781525726725e-03,4.630483018840370578e-03,-5.118542887500015549e-03
3.385000000000000231e-01,0.000000000000000000e+00,2.014451549514013288e-03,3.081045944411650583e-03,2.044278528806270107e-03,2.974832618937642628e-03,1.000000000000000000e+00,1.000000000000000000e+00,6.395751745768305050e-04,1.604227762593468144e-03,-2.497311120645918708e-04,-2.305624906200450441e-04,4.995992098856974484e-02,-1.098367489030460057e-03,1.519511079215215554e-01,-2.811438571682422193e-03,6.443647238941102627e-04,1.592765999740952242e-03,4.386597032551074033e-04,-1.453455093653690470e-03,4.630483018840370578e-03,-5.118542887500015549e-03
3.390000000000000235e-01,0.000000000000000000e+00,2.014277069680739125e-03,3.080955904290496455e-03,2.041955447133702705e-03,2.975013242873945224e-03,1.000000000000000000e+00,1.000000000000000000e+00,6.394415152701143695e-04,1.604137722472313583e-03,-2.673186134323741830e-04,-1.800802423093356792e-04,5.069260212426834888e-02,-1.743207098843101979e-03,1.541252255135384108e-01,-5.886604448543710129e-03,6.445483261927517334e-04,1.592121731578813749e-03,2.960189887690911777e-04,-1.124231239264168432e-03,4.630483018840370578e-03,-5.118542887500015549e-03
3.395000000000000240e-01,0.000000000000000000e+00,2.014137745925973812e-03,3.080833130130360316e-03,2.039626817113504575e-03,2.975188073188389081e-03,1.000000000000000000e+00,1.000000000000000000e+00,6.393347870819819211e-04,1.604014948312177660e-03,-2.134563762649120200e-04,-2.455483202716306690e-04,5.106414073551758526e-02,-2.749438264144988750e-03,1.549626057272242563e-01,-9.263699601347935228e-03,6.446750176138392506e-04,1.591631117070738772e-03,2.109068540748315450e-04,-8.387614891717190156e-04,4.630483018840370578e-03,-5.118542887500015549e-03
3.400000000000000244e-01,0.000000000000000000e+00,2.013973334078322797e-03,3.080725054163073635e-03,2.037292622542533592e-03,2.975356722855999198e-03,1.000000000000000000e+00,1.000000000000000000e+00,6.392088402997059531e-04,1.603906872344890763e-03,-2.518935645518954078e-04,-2.161519345739013791e-04,5.083799851300786071e-02,-4.363664970370729687e-03,1.537529692916694002e-01,-1.466497844590913119e-02,6.467308446525455888e-04,1.599625973461810645e-03,4.585748449473957462e-04,6.723578889092024849e-04,4.539423102877495481e-03,-5.506044299268034702e-03
3.405000000000000249e-01,0.000000000000000000e+00,2.013825831906524907e-03,3.080574440250373469e-03,2.034952848124728896e-03,2.975518821844070141e-03,1.000000000000000000e+00,1.000000000000000000e+00,6.390958470806521559e-04,1.603756258432190596e-03,-2.259864381076165786e-04,-3.012278254001642813e-04,5.074019209875489655e-02,-5.505397154468661368e-03,1.535757481386612611e-01,-1.774668913310519305e-02,6.469442938631304353e-04,1.600001243969231953e-03,3.953364861463864771e-04,8.284075367869715061e-04,4.539423102877495481e-03,-5.506044299268034702e-03
3.410000000000000253e-01,0.000000000000000000e+00,2.013649679546869031e-03,3.080435966955164234e-03,2.032607479601031275e-03,2.975674020356441993e-03,1.000000000000000000e+00,1.000000000000000000e+00,6.389609065443955897e-04,1.603617785136981578e-03,-2.698810725132383338e-04,-2.769465904181611670e-04,5.070824807546001761e-02,-6.680645882422880238e-03,1.535189553174373667e-01,-2.132899468513544186e-02,6.471244259536997273e-04,1.600436291429544996e-03,3.253207584176229022e-04,9.116046288032649859e-04,4.539423102877495481e-03,-5.506044299268034702e-03
3.415000000000000258e-01,0.000000000000000000e+00,2.013495882489768456e-03,3.080264665886536107e-03,2.030256503879304415e-03,2.975821992077785395e-03,1.000000000000000000e+00,1.000000000000000000e+00,6.388430911634355742e-04,1.603446484068353668e-03,-2.356307619201014115e-04,-3.426021372558054191e-04,5.074389686708925817e-02,-7.868805556307246346e-03,1.536973337817384155e-01,-2.495990558510212398e-02,6.472691327929313947e-04,1.600894376084169724e-03,2.536400462597332038e-04,9.206990534826155551e-04,4.539423102877495481e-03,-5.506044299268034702e-03
3.420000000000000262e-01,0.000000000000000000e+00,2.013316432572755631e-03,3.080094975572273373e-03,2.027899909164249635e-03,2.975962437417879226e-03,1.000000000000000000e+00,1.000000000000000000e+00,6.387056245516900327e-04,1.603276793754090501e-03,-2.749332234909898122e-04,-3.393806285263576078e-04,5.085390206973150473e-02,-9.336889103195014292e-03,1.540795957127609195e-01,-2.964618880570642906e-02,6.470377562302837351e-04,1.606613827768900741e-03,1.366458266494714399e-04,1.610944989575677916e-03,4.553378790180002446e-03,-5.721863968017862692e-03
3.425000000000000266e-01,0.000000000000000000e+00,2.013155861908966920e-03,3.079893799196862982e-03,2.025537685087331046e-03,2.976095086755890882e-03,1.000000000000000000e+00,1.000000000000000000e+00,6.385826202869667075e-04,1.603075617378680326e-03,-2.460085294466519187e-04,-4.023527508202492074e-04,5.102894526176553203e-02,-1.054473634688494511e-02,1.546761895350428628e-01,-3.310277023033113275e-02,6.470909577047004963e-04,1.607385664288255717e-03,7.627505828875717330e-05,1.476632216084794013e-03,4.553378790180002446e-03,-5.721863968017862692e-03
3.430000000000000271e-01,0.000000000000000000e+00,2.012976122525407443e-03,3.079687115991835283e-03,2.023169822836692455e-03,2.976219703684659587e-03,1.000000000000000000e+00,1.000000000000000000e+00,6.384449319309811171e-04,1.602868934173652844e-03,-2.753767119712594285e-04,-4.133664100549394658e-04,5.140820399234839050e-02,-1.170336174102899751e-02,1.559888176485114963e-01,-3.657470208366840614e-02,6.471174921879932745e-04,1.608071888486576175e-03,2.995164631732437875e-05,1.268641727273036972e-03,4.553378790180002446e-03,-5.721863968017862692e-03
3.435000000000000275e-01,0.000000000000000000e+00,2.012814255964289183e-03,3.079457183892560755e-03,2.020796315287077746e-03,2.976336088254974074e-03,1.000000000000000000e+00,1.000000000000000000e+00,6.383209349513096782e-04,1.602639002074378099e-03,-2.479939593428013341e-04,-4.598641985493955530e-04,5.160916197766336061e-02,-1.110274875525740779e-02,1.564556346607381687e-01,-3.326705083098835392e-02,6.471282477062268021e-04,1.608636646620259601e-03,1.310267325687231466e-05,9.909077099061096641e-04,4.553378790180002446e-03,-5.721863968017862692e-03
3.440000000000000280e-01,0.000000000000000000e+00,2.012638609047994950e-03,3.079245088634196756e-03,2.018417157129748229e-03,2.976444080219853294e-03,1.000000000000000000e+00,1.000000000000000000e+00,6.381863816071316415e-04,1.602426906816014100e-03,-2.691066883561302019e-04,-4.241905167281203237e-04,5.198547632401771118e-02,-9.850272243496206032e-03,1.577377571507165011e-01,-2.890483744927025214e-02,6.450966949305105480e-04,1.604797617419089851e-03,-2.642854591223836201e-04,1.744357025489429776e-04,4.630341167356622108e-03,-5.560404599279298622e-03
3.445000000000000284e-01,0.000000000000000000e+00,2.012487890277315280e-03,3.079048455199889095e-03,2.016032345002405184e-03,2.976543562278828430e-03,1.000000000000000000e+00,1.000000000000000000e+00,6.380709243303786440e-04,1.602230273381706439e-03,-2.309145535059841075e-04,-3.932668686151359529e-04,5.220468232384865848e-02,-8.733978202762360601e-03,1.582819526640897034e-01,-2.562941055041892055e-02,6.449695498009367766e-04,1.604841639018643419e-03,-2.443289297746986753e-04,1.983242762060560133e-06,4.630341167356622108e-03,-5.560404599279298622e-03
3.450000000000000289e-01,0.000000000000000000e+00,2.012336075275947354e-03,3.078873594385879257e-03,2.013641877619111106e-03,2.976634463322225341e-03,1.000000000000000000e+00,1.000000000000000000e+00,6.379546272921988006e-04,1.602055412567696601e-03,-2.325940763595826680e-04,-3.497216280195058601e-04,5.232405104700021264e-02,-7.575130632789872816e-03,1.585577919033290817e-01,-2.206866690984024895e-02,6.448565223385222282e-04,1.604817310240431571e-03,-2.078473493432519623e-04,-9.910153517632045404e-05,4.630341167356622108e-03,-5.560404599279298622e-03
3.455000000000000293e-01,0.000000000000000000e+00,2.012196740948120517e-03,3.078710888021200971e-03,2.011245755900203588e-03,2.976716761675440078e-03,1.000000000000000000e+00,1.000000000000000000e+00,6.378478910046310587e-04,1.601892706203018098e-03,-2.134725751355507619e-04,-3.254127293570894478e-04,5.226653609373025505e-02,-6.612688254412319583e-03,1.582395916681562653e-01,-1.931281165786868578e-02,6.447639178396191066e-04,1.604760773882575858e-03,-1.626547294120496727e-04,-1.269877166296593776e-04,4.630341167356622108e-03,-5.560404599279298622e-03
3.460000000000000298e-01,0.000000000000000000e+00,2.012051938432780646e-03,3.078561831687899597e-03,2.008843983102219597e-03,2.976790488343222189e-03,1.000000000000000000e+00,1.000000000000000000e+00,6.377369658424055865e-04,1.601743649869717158e-03,-2.218503244509793739e-04,-2.981126666019077954e-04,5.309135477823504617e-02,-5.587069203658151170e-03,1.614889084992456036e-01,-1.614303586324022238e-02,6.404628499876075963e-04,1.600568094870786920e-03,-6.757831343576385175e-04,-6.360406106120031688e-04,4.783796413263563876e-03,-5.410307654694214256e-03
3.465000000000000302e-01,0.000000000000000000e+00,2.011938051088933872e-03,3.078421910713362818e-03,2.006436564947614628e-03,2.976855730249208798e-03,1.000000000000000000e+00,1.000000000000000000e+00,6.376497230755099558e-04,1.601603728895180379e-03,-1.744855337912392583e-04,-2.798419490736771980e-04,5.379491747930622431e-02,-4.708339888769102338e-03,1.635347014154216461e-01,-1.360037960089161349e-02,6.401469978546919619e-04,1.600270403955576229e-03,-5.877840022504900999e-04,-5.548691096370053557e-04,4.783796413263563876e-03,-5.410307654694214256e-03
3.470000000000000306e-01,0.000000000000000000e+00,2.011821968610033335e-03,3.078297024579066885e-03,2.004023509727725482e-03,2.976912632833202035e-03,1.000000000000000000e+00,1.000000000000000000e+00,6.375607987376048259e-04,1.601478842760884012e-03,-1.778486758103234560e-04,-2.497722685927978984e-04,5.338381701199346879e-02,-5.201947681622421001e-03,1.613362800210054460e-01,-1.625846851523771522e-02,6.398883563209747027e-04,1.600026758958291882e-03,-4.470451085886545340e-04,-4.199631181082267347e-04,4.783796413263563876e-03,-5.410307654694214256e-03
3.475000000000000311e-01,0.000000000000000000e+00,2.011700721884082839e-03,3.078153306426148483e-03,2.001604828250342152e-03,2.976961398919780212e-03,1.000000000000000000e+00,1.000000000000000000e+00,6.374679183569442699e-04,1.601335124607965827e-03,-1.857607613210256550e-04,-2.874363058365354221e-04,5.306390813415540197e-02,-5.580017990050369428e-03,1.604418779005559459e-01,-1.731673049750032806e-02,6.396918316437537116e-04,1.599842504805950921e-03,-3.392550692372488588e-04,-3.172455934385504865e-04,4.783796413263563876e-03,-5.410307654694214256e-03
3.480000000000000315e-01,0.000000000000000000e+00,2.011569922431626686e-03,3.078014894193073763e-03,1.999180533655806752e-03,2.977002284431682494e-03,0.000000000000000000e+00,1.000000000000000000e+00,6.373677201632270244e-04,1.601196712374891107e-03,-2.003963874345166625e-04,-2.768244661494033160e-04,5.339512136542181459e-02,-6.024417104505984388e-03,1.619958807482159147e-01,-1.871668740259118183e-02,6.382579672008781291e-04,1.599980397854444247e-03,-4.223310532931354947e-04,-2.035546340012966623e-04,4.829932536683954544e-03,-5.420252993922494190e-03
3.485000000000000320e-01,0.000000000000000000e+00,2.011203178186911009e-03,3.077595171532420456e-03,1.996750641218085834e-03,2.977035593742647333e-03,0.000000000000000000e+00,1.000000000000000000e+00,6.370867777725168881e-04,1.600776989714237800e-03,-5.618847814202780015e-04,-8.394453213067984117e-04,5.312589695712432308e-02,-6.168246626493460900e-03,1.605339294912681292e-01,-1.906528286961014715e-02,6.380723659394248659e-04,1.599891278477188995e-03,-3.202647816750668055e-04,-1.530174475703216541e-04,4.829932536683954544e-03,-5.420252993922494190e-03
3.490000000000000324e-01,0.000000000000000000e+00,2.010596011320334772e-03,3.076895036479559021e-03,1.994315168145805849e-03,2.977061675029490234e-03,0.000000000000000000e+00,1.000000000000000000e+00,6.366216609683301737e-04,1.600076854661376365e-03,-9.302336083733779700e-04,-1.400270105722777655e-03,5.292186586934169434e-02,-6.276937114971815716e-03,1.598352006405310555e-01,-1.953345389786676975e-02,6.379323654588685884e-04,1.599825046915064096e-03,-2.398876197676086961e-04,-1.119858167799775753e-04,4.829932536683954544e-03,-5.420252993922494190e-03
3.495000000000000329e-01,0.000000000000000000e+00,2.009745782068184800e-03,3.075915999796269892e-03,1.991874133383298578e-03,2.977080915624196258e-03,0.000000000000000000e+00,1.000000000000000000e+00,6.359703475743433551e-04,1.599097817978087236e-03,-1.302626787973532648e-03,-1.958073366578281030e-03,5.276724075028251665e-02,-6.359074144928708941e-03,1.592711997622441034e-01,-1.992758748541277256e-02,6.378284278323867115e-04,1.599777523721824298e-03,-1.759828050152085566e-04,-7.817069352936015323e-05,4.829932536683954544e-03,-5.420252993922494190e-03
3.500000000000000333e-01,0.000000000000000000e+00,2.008651241758655816e-03,3.074660033182490503e-03,1.989427557411632685e-03,2.977093737365989548e-03,0.000000000000000000e+00,1.000000000000000000e+00,6.351318810524590047e-04,1.597841851364308063e-03,-1.676933043768646285e-03,-2.511933227558146853e-03,5.185992053690317155e-02,-5.304238755213535987e-03,1.557411036849862818e-01,-1.592758687187660616e-02,6.445331806416064674e-04,1.593774187865123256e-03,7.437115624251683767e-04,-8.146013097183356973e-04,4.584665638704491994e-03,-5.204235170615271674e-03
3.505000000000000338e-01,0.000000000000000000e+00,2.007290878243125042e-03,3.073148251658859922e-03,1.986975462049657849e-03,2.977100591953430603e-03,0.000000000000000000e+00,1.000000000000000000e+00,6.340897821407647048e-04,1.596330069840677266e-03,-2.084197823388588087e-03,-3.023563047261499347e-03,5.109690779612437866e-02,-4.563427966940363824e-03,1.534018109683339126e-01,-1.410502608765587182e-02,6.449063907234890399e-04,1.593385062701185287e-03,7.491042103564409275e-04,-7.420252921384179468e-04,4.584665638704491994e-03,-5.204235170615271674e-03
3.510000000000000342e-01,0.000000000000000000e+00,2.005647352679627415e-03,3.071396268799709162e-03,1.984517870255046723e-03,2.977101956296493608e-03,0.000000000000000000e+00,1.000000000000000000e+00,6.328307685157235230e-04,1.594578086981526506e-03,-2.518027250082436469e-03,-3.503965718301361044e-03,5.024365329365983873e-02,-3.972031018744883249e-03,1.505790401777722942e-01,-1.258526666581665995e-02,6.452676751333374060e-04,1.593043568870905610e-03,6.961224538314247793e-04,-6.241655344261001466e-04,4.584665638704491994e-03,-5.204235170615271674e-03
3.515000000000000346e-01,0.000000000000000000e+00,2.003701125462685039e-03,3.069417029275223370e-03,1.982054805925327796e-03,2.977098327868650703e-03,0.000000000000000000e+00,1.000000000000000000e+00,6.313398719711378398e-04,1.592598847457040714e-03,-2.981793089171427998e-03,-3.958479048971455354e-03,5.024494921901705158e-02,-4.273230061797172671e-03,1.511410221916968943e-01,-1.439670425997581667e-02,6.455862919249645299e-04,1.592769888075375997e-03,5.785605055118256401e-04,-4.708444394661674974e-04,4.584665638704491994e-03,-5.204235170615271674e-03
3.519999999999999796e-01,0.000000000000000000e+00,2.001455971987408169e-03,3.067208330919909617e-03,1.979586293698929952e-03,2.977090220058952776e-03,0.000000000000000000e+00,1.000000000000000000e+00,6.296199846274525870e-04,1.590390149101726745e-03,-3.439774687370499972e-03,-4.417396710627794106e-03,5.136043766280529860e-02,-3.551127754210956118e-03,1.553027919502792398e-01,-1.147333912892595405e-02,6.389917615478234950e-04,1.588297061958413026e-03,-4.181980342466745573e-04,-8.865942133675659004e-04,4.836106186091412851e-03,-5.047580373232955255e-03
3.524999999999999800e-01,0.000000000000000000e+00,1.998945715563849729e-03,3.064785244995745471e-03,1.977112358756218796e-03,2.977078157524118938e-03,0.000000000000000000e+00,1.000000000000000000e+00,6.276970166433822875e-04,1.587967063177562598e-03,-3.845935968140535600e-03,-4.846171848328254678e-03,5.234447186070660674e-02,-3.259114108077361318e-03,1.580220525497392781e-01,-1.108476966347006140e-02,6.387690561984426781e-04,1.587894079085091408e-03,-4.725096917780554923e-04,-7.256339898140481580e-04,4.836106186091412851e-03,-5.047580373232955255e-03
3.529999999999999805e-01,0.000000000000000000e+00,1.996200269980149405e-03,3.062155453580103163e-03,1.974633026620537749e-03,2.977062671540614720e-03,0.000000000000000000e+00,1.000000000000000000e+00,6.255938833101030386e-04,1.585337271761920507e-03,-4.206266666558502142e-03,-5.259582831284073320e-03,5.334250781367082944e-02,-3.410059557879481333e-03,1.609248506876070628e-01,-1.204472787714985262e-02,6.385381755367204853e-04,1.587575677241423022e-03,-4.510458266735441419e-04,-5.483050135667723963e-04,4.836106186091412851e-03,-5.047580373232955255e-03
3.534999999999999809e-01,0.000000000000000000e+00,1.993249605583374134e-03,3.059319118010621688e-03,1.972148322959248277e-03,2.977044295356741539e-03,0.000000000000000000e+00,1.000000000000000000e+00,6.233335432454442920e-04,1.582500936192438815e-03,-4.520680129317515908e-03,-5.672671138963583486e-03,5.361422836955861970e-02,-4.123459256069678808e-03,1.610119080264877656e-01,-1.481083359335407315e-02,6.383370552959383984e-04,1.587343092933706261e-03,-3.536163530807298660e-04,-3.823450560955101536e-04,4.836106186091412851e-03,-5.047580373232955255e-03
3.539999999999999813e-01,0.000000000000000000e+00,1.990103773453416776e-03,3.056266955255420963e-03,1.969658273384767514e-03,2.977023559544712296e-03,0.000000000000000000e+00,1.000000000000000000e+00,6.209236960233050764e-04,1.579448773437238523e-03,-4.819694444278484896e-03,-6.104325510400482151e-03,5.468814442530499365e-02,-4.967603030530657118e-03,1.648401394490719152e-01,-1.761014930576818363e-02,6.304770567550512352e-04,1.591411937498948522e-03,-1.232735767535352977e-03,2.837808623810727723e-04,5.122661472764410660e-03,-5.204745124758929954e-03
3.544999999999999818e-01,0.000000000000000000e+00,1.986794371006177229e-03,3.052987614316196498e-03,1.967162903255607193e-03,2.977000987352741278e-03,0.000000000000000000e+00,1.000000000000000000e+00,6.183885466685528623e-04,1.576169432498013842e-03,-5.070298709504521099e-03,-6.558681878449420209e-03,5.538339343485215727e-02,-5.830579031451183468e-03,1.665308499699955924e-01,-2.037782636763595806e-02,6.299031676768390101e-04,1.591574204724575730e-03,-1.063127556238536216e-03,3.651242654436767329e-04,5.122661472764410660e-03,-5.204745124758929954e-03
3.549999999999999822e-01,0.000000000000000000e+00,1.983342431369034160e-03,3.049469584998822785e-03,1.964662237477416470e-03,2.976977090057125394e-03,0.000000000000000000e+00,1.000000000000000000e+00,6.157442074915373985e-04,1.572651403180640346e-03,-5.288678354030890323e-03,-7.036058634747053946e-03,5.562042509244337352e-02,-6.969730837340184539e-03,1.667771654583264096e-01,-2.420893038297690716e-02,6.294269123033329090e-04,1.591763464235170216e-03,-8.423038932580746881e-04,3.918548212064057934e-04,5.122661472764410660e-03,-5.204745124758929954e-03
3.554999999999999827e-01,0.000000000000000000e+00,1.979756397783007538e-03,3.045696870066273015e-03,1.962156300304016953e-03,2.976952362314329303e-03,0.000000000000000000e+00,1.000000000000000000e+00,6.129971463901237637e-04,1.568878688248090576e-03,-5.494122202827170579e-03,-7.545429865099325707e-03,5.497111625145230385e-02,-7.029114721659015901e-03,1.639771794695349949e-01,-2.362045412997923477e-02,6.290649850743745353e-04,1.591948267514118210e-03,-6.058495905696811498e-04,3.474373911663640848e-04,5.122661472764410660e-03,-5.204745124758929954e-03
3.559999999999999831e-01,0.000000000000000000e+00,1.976020719425630821e-03,3.041671859289609217e-03,1.959645115138445096e-03,2.976927277513064483e-03,0.000000000000000000e+00,1.000000000000000000e+00,6.101354507431755708e-04,1.564853677471426561e-03,-5.723391293896475281e-03,-8.050021553328170695e-03,5.524895196473594838e-02,-5.350749328554537006e-03,1.655257342400585641e-01,-1.720346611137534010e-02,6.260732176844780762e-04,1.581837541590392108e-03,-7.765452126591784743e-04,-1.033315196543677745e-03,5.225133828994510052e-03,-4.819862859385969783e-03
3.564999999999999836e-01,0.000000000000000000e+00,1.972145055136225681e-03,3.037426188972541796e-03,1.957128704333991557e-03,2.976902283126379566e-03,0.000000000000000000e+00,1.000000000000000000e+00,6.071665196508819161e-04,1.560608007154359357e-03,-5.937862184587202642e-03,-8.491340634134291951e-03,5.526944394682817285e-02,-4.114708337497064057e-03,1.652888573024667296e-01,-1.396871529655395287e-02,6.257333581563228036e-04,1.581325731959512494e-03,-5.832546511205069679e-04,-1.013941531259435723e-03,5.225133828994510052e-03,-4.819862859385969783e-03
3.569999999999999840e-01,0.000000000000000000e+00,1.968132024869060845e-03,3.032983708405211174e-03,1.954607088995238395e-03,2.976877796063738101e-03,0.000000000000000000e+00,1.000000000000000000e+00,6.040923601146519408e-04,1.556165526587028518e-03,-6.148319072459986975e-03,-8.884961134661853097e-03,5.501946497972849681e-02,-2.925809493895466327e-03,1.642227310610711033e-01,-1.052509417388271078e-02,6.254899932758420161e-04,1.580842823218227798e-03,-3.905690960651678721e-04,-9.178613865431648399e-04,5.225133828994510052e-03,-4.819862859385969783e-03
3.574999999999999845e-01,0.000000000000000000e+00,1.963976937106699187e-03,3.028367218487234072e-03,1.952080288779100377e-03,2.976854198023104990e-03,0.000000000000000000e+00,1.000000000000000000e+00,6.009093782236233760e-04,1.551549036669051416e-03,-6.365963782057108833e-03,-9.232979835953992326e-03,5.428996219048919797e-02,-2.159689930875691860e-03,1.615225303707853444e-01,-8.669432420838965592e-03,6.253376467017840359e-04,1.580426210270225286e-03,-2.191436632235498495e-04,-7.489021023521324864e-04,5.225133828994510052e-03,-4.819862859385969783e-03
3.579999999999999849e-01,0.000000000000000000e+00,1.959662234723334555e-03,3.023592159490696117e-03,1.949548321695864558e-03,2.976831830843030754e-03,0.000000000000000000e+00,1.000000000000000000e+00,5.976041244391345130e-04,1.546773977672513678e-03,-6.610507568977829103e-03,-9.550117993075332365e-03,5.520168388998991649e-02,-7.488105988562962934e-04,1.655956947891823461e-01,-3.939536281723699483e-03,6.176960861261920508e-04,1.571272719207177180e-03,-1.089164140915947635e-03,-1.683580865553734431e-03,5.509445926848526714e-03,-4.487705055482443112e-03
3.584999999999999853e-01,0.000000000000000000e+00,1.955214858675255723e-03,3.018684661210138502e-03,1.947011203910242868e-03,2.976810991855070171e-03,0.000000000000000000e+00,1.000000000000000000e+00,5.941972367310434898e-04,1.541866479391956063e-03,-6.813775416181958033e-03,-9.814996561115299500e-03,5.594237728868994147e-02,2.115479109875920561e-04,1.676188536344308533e-01,-1.493983133161118793e-03,6.171901037309198952e-04,1.570497877823681708e-03,-9.350449997138990128e-04,-1.416273425108017592e-03,5.509445926848526714e-03,-4.487705055482443112e-03
