id,area,title,requirement,rationale,source,verification,evidence_status,current_estimate,trace,status
REQ-USR-001,users,Distinct user groups,"Evaluate and claim separately for (a) adults with everyday handwriting difficulty, (b) people with essential/action tremor while writing, (c) people with Parkinson's disease (micrographia, bradykinesia, tremor subtypes), (d) drawing/art users",Mechanisms and evidence differ; PD writing impairment is mainly micrographia (COR-10),Brief s1 s13; COR-10,human study design review,sourced,Groups defined in validation/human_study_plan.md,docs/features.md; validation/human_study_plan.md,accepted
REQ-USR-002,users,Active correction target population,"Active nib correction claims restricted to writers whose measured writing tremor at the nib is <= 0.5 mm peak per axis (zero-to-peak, DEC-054's convention: sqrt(2) x RMS; REQ-DATA-004) for full correction, with partial correction declared up to 1 mm peak","Travel +/-0.5 mm; ~30% (15-50%) of ET patients within 1 mm p-p (PDT-12 fit); PD tremor-at-nib unknown. Restated in DEC-054's zero-to-peak convention (REQ-DATA-004); the limits are unchanged, since for a steady tremor peak-to-peak is twice zero-to-peak (human_study_plan.md s3.6: A_pp = 2 sqrt(2) A_rms). 0.5 mm peak is the lower edge of DEC-054's severe class (0.51 mm). Was: 'Active nib correction claims restricted to writers whose measured writing tremor at the nib is <= 1 mm peak-to-peak per axis (full correction) with partial correction declared up to 2 mm'",COR-10; PDT-12,EXP-H01 census; human study,sourced (literature); unknown for PD,"ET: ~30% fully (within 0.5 mm peak, 1 mm p-p), ~50% within 1 mm peak (2 mm p-p) (derived from PDT-12's peak-to-peak fit). DEC-054's classes at the tip: severe above 0.51 mm, typically 1.7 mm (REQ-DATA-004). EXP-H01 reports peak-to-peak, with DEC-054's classes beside it (EXP-R01)",validation/bench_protocols.md EXP-H01,proposed
REQ-USR-003,users,No diagnostic function,The pen and app shall not diagnose or score disease; health-status data only with explicit research consent,Regulatory and privacy scope (report s25),Report s25; Brief s13,design review,inherited target,,docs/features.md,accepted
REQ-ENV-001,environment,Writing altitude range,Assistance and capture specified for barrel altitude 35-75 deg (nominal 50 deg) at any roll and azimuth; assistance fades outside the range,Healthy adults write near 50 deg on paper and 62 +/- 7.5 deg on tablets (COR-26),COR-26; report s4,EXP-H01 (measured altitude distribution); EXP-B04,sourced (literature),Design and simulation use 35-75 deg; see REQ-MECH-001 for the travel limit at low altitude,config writing.tilt_deg,accepted
REQ-ENV-002,environment,Normal force range,Full function for normal force 0.2-2.0 N (nominal 1.0 N); graceful saturation of assistance above the thermal and current limits,"Axial writing force mean 1.0 N, writer means 0.56-2.08 N (COR-26)",COR-26; report s4,EXP-B01; EXP-H01,sourced (literature),Configuration B holds the design point but not the upper range continuously (REQ-ACT-001),config writing.normal_force,at risk
REQ-ENV-003,environment,Tremor to be addressed by active correction,Active cancellation addresses writing tremor of 3-12 Hz and <= 1 mm peak-to-peak at the nib whose tracked frequency is above the per-user gate,"Travel limit (REQ-MECH-001), addressable population (REQ-USR-002, COR-10), frequency gate (DEC-009)",REQ-USR-002; COR-10; DEC-009,EXP-H01; EXP-E01,sourced (literature); unknown at the nib,Simulation: no causal estimator helps below ~9 Hz on synthetic writing (docs/sim_report.md s3.2),config tremor.*,at risk
REQ-FORM-001,form,Grip diameter,14-16 mm at the grip zone (0-40 mm from tip); actuator section may reach 16 mm (Rev A bulge 16 mm at 45-57 mm),Comfort; actuator envelope (COR-17),Brief s2; CAD Rev A,CAD; user grip study,inherited target; proposed design,"Rev A: 15 mm grip, 16 mm bulge",mechanics/cad/pen_revA.py,at risk
REQ-FORM-002,form,Length,145-160 mm,Brief,Brief s2,CAD,inherited target,Rev A: 150 mm,mechanics/cad/pen_revA.py,accepted
REQ-FORM-003,form,Mass,"<= 35 g including refill and battery, with >= 10% margin carried in the budget until weighed",Brief; mass drives comfort,Brief s2,weigh prototypes; CAD mass model,inherited target; calculated,Rev A.1 with polymer rear barrel: 33.2 g incl. allowances and 10 % contingency (37.2 g with Al barrel; Rev A 40.7 g),mechanics/mass_budget.csv; results/mechanics/mass_budget.json,at risk
REQ-FORM-004,form,Balance,Centre of mass within 70 mm of the tip (provisional; ordinary-pen comparison pending),Tail-heavy pens tire the grip,Report s23,CAD; user study,assumed,Rev A.1 with polymer rear barrel 76.0 mm (Al barrel 79.4 mm; Rev A 80.6 mm),mechanics/mass_budget.csv; mechanics/README.md M-1,violated
REQ-MECH-001,mechanics,Page correction workspace,"Guaranteed page-plane correction disc of radius 0.5 mm at every altitude 35-75 deg and every roll, after calibration; reduced authority outside","Brief s2 (+/-0.5 mm per page axis); page-referenced definition (COR-03, COR-04)",Brief s2; COR-03; COR-04,EXP-B04 static map with independent metrology,calculated,"With q_lim 0.55 mm the tilt-direction page correction reachable is 0.39 / 0.45 / 0.48 / 0.50 mm at 35 / 45 / 50 / 55 deg (compliance-aware J, nominal gamma): the 0.5 mm disc holds only for theta >= 55 deg. Typical paper writing is near 50 deg (COR-26). Options: accept 0.45 mm at 45 deg, or raise q_lim toward the 0.60 mm stop (no mechanical margin).",stabpen/frames.py; validation/README.md s6; config stage.travel_*,violated
REQ-MECH-002,mechanics,Mechanical travel and stops,Hard stops at 0.60 mm tip-equivalent radius; stop loads limited so flexure stress stays below allowable at impact,Protect flexures (COR-18),COR-18,"EXP-B10 (stop impacts, drop); flexure calc",calculated,Rev A.1 mechanical travel 0.60 mm (tolerance analysis); control limit 0.55 mm,results/mechanics/tolerance.json; DEC-007 rev.,proposed
REQ-MECH-003,mechanics,Moving mass,Tip-equivalent inertia <= 12 g,Reaction forces and bandwidth,COR-06,CAD mass model; FRF EXP-B05,calculated,"13.7 g tip-equivalent (distributed-mass CAD, Rev A.1; the earlier 10.3 g was a point-mass approximation); CFRP carrier option ~9.5 g",results/cad/pen_revA1_summary.json; mechanics/README.md M-6,violated
REQ-MECH-004,mechanics,Axial load path,Axial stiffness at the nib 1-5 kN/m with force sensing; compliant range up to >= 1.4 N axial; overload stop beyond,"Limit force-induced ink shift while bounding pressure modulation (COR-05). Simulated device distortion 53-59 um at 2-8 kN/m, 69-87 um at 0.3-1 kN/m (results/sim/design_sweeps.json); the earlier < 30 um target is not reachable in the current model",COR-05; DEC-006,simulation; EXP-B05; EXP-B08,simulated,"2 kN/m, preload 0.25 N, stop at 0.6 mm (1.45 N)",config stage.axial_*; mechanics/flexure_calc.py,proposed
REQ-MECH-005,mechanics,Pressure modulation,"Normal-force modulation caused by correction <= 0.15 N RMS in 3-15 Hz at the design point, subject to EXP-B08 ink-quality limit",Ink continuity and feel,COR-05,simulation; EXP-B08,simulated,"0.07-0.12 N RMS (simulation, literature hand)",docs/sim_report.md,proposed
REQ-MECH-006,mechanics,Pivot flexure fatigue,"Peak flexure stress <= 310 MPa at full travel and alternating <= 150 MPa at typical amplitude (0.3 mm tip), C17200 TH04",AMF allowables; 1e8 cycles,COR-18; AMF-18/19,flexure coupon fatigue EXP-M02,calculated,Gimbal candidate: 177 MPa / 82 MPa,results/mechanics/flexure_calc.json,proposed
REQ-MECH-007,mechanics,Pivot buckling margin,>= 5x Euler margin for flexure elements under 2 N axial load,Axial writing load passes the pivot,COR-18,flexure calc; load test,calculated,Gimbal margin 19x,results/mechanics/flexure_calc.json,proposed
REQ-MECH-008,mechanics,Refill interface,ISO 12757-2 D1 refill; kinematic seat; replacement without tools; neutral offset repeatable to <= 20 um or re-calibrated by a user routine < 30 s,Brief s6,Brief s6; report s6,EXP-B01 part 0 (refill metrology); EXP-B10 (refill exchange),inherited target,Seat design pending,mechanics/cad/pen_revA.py,proposed
REQ-ACT-001,actuation,Continuous transverse load capability,React >= 0.75 N tip-equivalent transverse load continuously (design point incl. friction) and >= 1.4 N for 2 s,COR-01 loads at design and high points,COR-01; config_trade,EXP-B03 force-current map; thermal test,calculated,"Configuration B (Kf 0.717 N/A, n 3.17): 1.4 N needs 0.62 A per axis, above the 0.60 A software limit; 0.75 N continuous needs 0.65 W copper referenced to 20 C (0.85 W at the 96.6 C design coil) against 0.412 W allowable for a moving coil (results/thermal/thermal.json v0.4.4). Infeasible for B as a continuous rating; D (skid) and E (bias) carry the static load passively.",results/trade/config_trade.json; results/electronics/drive_sense.json; DEC-008,violated
REQ-ACT-002,actuation,Copper loss at design point,Average actuator copper loss while writing <= 0.25 W (thermal and runtime),Surface temperature and runtime,COR-02,thermal model; EXP-B07,calculated,"Average copper loss while writing (65 % pen-down) at the design point: B 0.33 W (0.50 W in contact); D 0.05 W; E 0.01 W (results/trade/config_trade.json, parameters v0.4.2)",results/electronics/drive_sense.json; results/trade/config_trade.json,violated
REQ-ACT-003,actuation,Force bandwidth,Current loop >= 2 kHz closed-loop; position loop >= 60 Hz with reference feedforward,Tremor band 3-12 Hz with servo lag < 1 ms equivalent,COR-06; COR-07,FRF EXP-B05,calculated,"Design: 2 kHz current, 60 Hz position",config/parameters.yaml control.*,proposed
REQ-SNS-001,sensing,Local motion sensing,Housing page-plane motion measured at >= 1 kHz with <= 3 ms total latency and <= 5 um RMS noise per sample on matte paper at 35-75 deg,Estimator and delay budget,Brief s5; COR-16,EXP-S01 latency and accuracy vs tilt on paper,assumed,Unknown on paper; DeltaPen 24-68 um per 10 ms window on Wacom surface,docs/evidence.csv OPT-01,at risk
REQ-SNS-002,sensing,Optical coverage vs roll,At least one optical sensor with valid view of the page at any roll angle,Pen rolls freely in hand,CAD Rev A,CAD; EXP-S01,proposed design,3 sensors at 120 deg interleaved with pivot flexures,mechanics/cad/pen_revA.py,proposed
REQ-SNS-003,sensing,IMU,"6-axis IMU >= 1 kHz output, rigidly mounted to housing; used for orientation, contact events and bridging optical latency only",COR-08,Brief s5; COR-08,bench,sourced,LSM6DSV16X class,electronics/,accepted
REQ-SNS-004,sensing,Stage position sensing,"Lever angle measured synchronously with the 2 kHz stage loop (>= 4 kHz preferred for derivative noise, subject to the 3-axis rate of the Hall sensor, VERIFY) with <= 2 um RMS noise referred to the tip and current-crosstalk after compensation <= 5 um/A",Servo stiffness and noise; the simulator meets its stability and tracking results with 2 kHz sampling and 0.1 ms delay,Brief s9,EXP-B04 (map and noise); EXP-B03 (current crosstalk),assumed,3-D Hall on refill rear magnet (TMAG5170 class) or 2x linear Hall,electronics/gen/design_revA.py (TMAG5170); docs/icd.md s2,proposed
REQ-SNS-005,sensing,Axial force sensing,Axial force 0.1-2 N with <= 10 mN RMS noise at >= 500 Hz,"Contact detection, feedforward, gamma estimation",DEC-006,EXP-B05 (axial path against the F/T reference),assumed,Axial slide via 3-D Hall z-channel (k_ax = 2 kN/m -> 5 um per 10 mN),electronics/,proposed
REQ-SNS-006,sensing,Position reference in the tremor band,"If the tremor estimate uses a position reference (the page sensor), its error on the tremor alone at the severe class, in the tremor band (f0 +/- 2 Hz, study R's measure) and with its drift removed, is at most 0.15 mm (a hypothesis: EXP-E21 sets the number), and its accumulated drift meets REQ-RVJ-C05","DEC-069: estimator effort goes to separating tremor from writing first, then to a drift-free position reference in the tremor band; predicting the tremor over the pen's 4.9 ms horizon leaves 0.03 mm, as perfect knowledge (SIM). With the tremor alone (SIM, study F): the ideal page sensor gives 0.055 mm in band and 0.11 mm at the tip; the DeltaPen-class model 0.286 mm in band but 1.14 mm at the tip (its drift); the IMU alone 0.30 mm in band, and a perfect accelerometer does no better",DEC-069; docs/readable_target.md (s7; s12),EXP-E21 (AC-E21-01); EXP-T04 and EXP-R07 (the die on paper),simulated,"No page sensor measured on paper (EXP-T04). SIM (study F, tuning split, the tremor alone): the ideal page sensor (3 um, 2 ms) 0.055 mm in band; the DeltaPen-class model 0.286 mm in band, 1.14 mm at the tip, and 0.59 mm with a causal 1.5 Hz high-pass. DEC-070: the DeltaPen-class figures used page model v1, which changed past readings and recovered lost motion from the truth; they stand only as labelled optimistic bounds, suspended as device evidence until study X reruns them with page model v2",DEC-069; readable/gap.py; results/readable/readable.json,proposed
REQ-CTRL-001,control,Loop rates,Current regulation 40 kHz (DEC-012); stage loop 2 kHz; estimator 2 kHz; optional learned predictor 250 Hz,Brief s5,Brief s5; report s5,firmware timing measurement,proposed design; host and QEMU execution,"Firmware core runs the 40 kHz current loop and the 2 kHz stage task (60/60 test cases on host and QEMU). QEMU instruction counts: current ISR 422 mean / 446 max (at least 14 % of the 3200-cycle period at 128 MHz), stage tick 11 535 / 13 112 (at least 20 % of 64 000 cycles; 41 % of the ICD's 250 us compute budget). Instructions are not cycles; timing on the nRF5340 is unmeasured",firmware/README.md s3 and s7; results/firmware/qemu_report.txt,accepted
REQ-CTRL-002,control,Stability margins,Phase margin >= 40 deg and gain margin >= 6 dB for the loaded plant over declared contact and hand ranges,Robustness,Brief s11,Identified plant from EXP-B05 plus a loop-margin analysis (not yet written),calculated,"Unloaded model: phase margin 35.3 deg, gain margin 10.9 dB (firmware closed-loop test on the simulator gains, results/firmware/test_report.txt) -> phase margin below 40 deg; loaded plant pending EXP-B05",results/firmware/test_report.txt; sim/pensim/model.py (servo design),at risk
REQ-CTRL-003,control,Effective delay,Effective delay from housing motion to nib correction <= 5 ms in 3-12 Hz including servo lag,Brief s2,Brief s2; COR-07,LED-strobe latency test + FRF,calculated,Prediction horizon 1.33 ms (IMU 1 ms + half stage period + current loop); delay-limited residual at 8 Hz 0.07 -> delay not the limit,docs/architecture.md s3,proposed
REQ-CTRL-004,control,Authority limiting,"Correction bounded by travel taper, slew limit, confidence, contact state and thermal governor; no model output bypasses limits",Brief s11 s12,Brief s11,unit tests; fault injection,proposed design; host and QEMU execution,Limiter tested on host and QEMU: |q| <= q_lim + 0.5 nm over 4000 radii; slew <= 40 um per tick over 2000 random slews. ML outputs pass the same limits (guard rules 2-3); the thermal governor derates authority,firmware/core/limiter.c; results/firmware/test_report.txt,accepted
REQ-CTRL-005,control,Intent preservation,"Intended-path distortion caused by assistance (no disturbance present) <= 50 um RMS and corner/dot position error <= 100 um on the feature course; deliberate fast features (hatching, fast strokes) <= 150 um max (provisional until EXP-H05 perception thresholds)",Preserve deliberate features,Brief s2 s11,simulation feature course; EXP-B09; EXP-E02; EXP-H05,simulated,"Simulation (Rev A, parameters v0.4.4, 12 test seeds): Kalman 100 um RMS distortion on tremor-free writing (55 um on the 4 nominal seeds; both tuning profiles now select the same set), band-pass 168 um -> violates 50 um. Learned TCN 14.5 um RMS but spikes of 125 um at corners on the feature course (above the 100 um limit; ML results v0.4.1)",results/sim/sweeps/summary.json; results/ml/eval_results.json,proposed
REQ-CTRL-006,control,Compliance-aware Jacobian,Page-to-stage mapping uses identified gamma (suspension/hand compliance ratio) and measured tilt; identification converges within 2 s of writing,COR-04,COR-04,simulation; EXP-B06,simulated,Fixed gamma from nominal compliances in simulation,sim/pensim/core.py,proposed
REQ-CTRL-007,control,Frequency-gated authority,Tremor cancellation authority gated by tracked tremor frequency relative to a per-user threshold from calibration,COR-11,COR-11; DEC-009,simulation; human calibration study,simulated,Gate tuned on tuning seeds,sim/tune_estimators.py,proposed
REQ-CTRL-008,control,Guided mode capture distance,Guided (known-path) assistance only within a capture radius of the registered path with user-paced progress; releases authority outside,Brief s11 s16; HAP-18,Brief s11,simulation; bench,simulated; host and QEMU execution,Simulator mode 6: circle path distance 443 -> 163 um (results/sim/guided_path_distance.json). Firmware guided.c: template-tracking test passes on host and QEMU. Bench AC-B09-11/12 pending,sim/pensim/core.py; firmware/core/guided.c,proposed
REQ-CTRL-009,control,Causal commands,Every nose command at a control tick uses only sensor samples available at that tick (acquisition time + latency <= tick time); estimator outputs are computed at the tick or extrapolated causally,A look-ahead of even 1-2 ms flatters estimators in simulation; study L found and fixed two such leaks before its test,DEC-042; docs/ai_control_v2.md s13 item 3,Unit tests that change future samples (ai2/tests); firmware replay test (EXP-L01),proposed design; host tests,"Met in the study's code after two fixes (detector window, delayed-ink interpolation); ai2/tests checks the causality of the smoother, detector, learned models, output extrapolation and policies; firmware not yet written",DEC-042; ai2/tests/test_ai2.py; ai2/smoothers.py,proposed
REQ-CTRL-010,control,Tremor-line gate stays shut on writing,The tremor-line gate stays closed for >= 99 % of tremor-free writing time for every writer; with it the pen moves tremor-free writing no more than the Rev H tracker + 2 um RMS,"The listening estimator reads some writing rhythms as tremor (259 um on tremor-free writing without the gate, SIM); the gate must keep the Rev H tracker's behaviour there",DEC-042; study L rule R1,EXP-L01; SIM stages cl and test,simulated,"Never open on the tremor-free writing of any tuning or test writer; tremor-free writing moved 26.3 um, as with the Rev H tracker (SIM, synthetic glyph writers). This Rev H baseline is above the 15 um of REQ-RVH-006 and the 25 um of REQ-ML-001 (other writer models). Real writing (study R, HW1 with real inputs, UNIPEN test writers): Rev H and Rev J gated moved it 25 um (14-42), the gate shut 99.8 % of the time (SIM, docs/real_data.md)",DEC-042; ai2/smoothers.py (detector); results/ai2/ai2.json,proposed
REQ-CTRL-011,control,Gated tracker worth the risk,"At 1-2 mm tremor (6-10 Hz) the ink error is <= 0.8 x the Rev H tracker's, letters read >= Rev H's - 1 point at every condition, and 0.3 mm tremor no worse than 1.02 x Rev H's",The gain must be worth the risk (study L rules R2 and R3),DEC-042; study L rules R2-R3,EXP-L02; SIM (0.69 x at 1-2 mm),simulated,"430 against 627 um at 1-2 mm (0.69; paired -197 um, 95 % CI -206 to -188); 6 Hz 818 -> 540 um; letters read 64 -> 78 %, words 49 -> 74 %; 0.3 mm 161 against 162 um (SIM, test writers 0-5, seeds 200-203). Real inputs (study R, SIM): at the severe class (1.72 mm) the gated tracker left 0.96 x and the Rev H tracker 1.06 x of the ordinary pen's tip tremor, with 0.4 of 10 words read for both; at 1 mm 1.03-1.04 x against 1.08 x (docs/real_data.md)",DEC-042; results/ai2/ai2.json; ai2/stage_test.py,proposed
REQ-CTRL-012,control,Ink lag limits (only if delayed ink is revived),"Applies only if delayed ink is ever revived (DEC-042: the ink never trails the hand): the ink lag is <= 25 ms while writing, returns to 0 within 5 ms of the hand stopping or lifting, and keeps the hand-ink distance within the usable nose travel for >= 99 % of pen-down time","Perception: people notice inking lag from a median of about 50 ms (HAP-90); a 100 ms lag cut stroke ends (54 % of words) and beyond 25 ms the hand-ink distance exceeds +/-3 mm (SIM, CALC)",DEC-042; HAP-90; HAP-91; HAP-92,EXP-L03; SIM,simulated; sourced (literature),"Not adopted. <= 25 ms: -4 % ink error (430 -> 412 um) and no more words (73 against 74 %), failed the letters rule on confirmation seed 301; the command exceeded 3 mm for 3.5 % of pen-down time at 25 ms and 6 mm for at most 0.65 % at any lag (SIM)",DEC-042; ai2/delayed.py; results/ai2/ai2.json,proposed
REQ-CTRL-013,control,Guidance fades and hands back,"Guidance level fades across sessions with the writer's own error (forgetting factor f < 1 and a tolerance band), and guidance drops to 0 within 60 ms of the writer staying > 2.5 mm from the target","Assistance as needed and hand-back (HAP-94, EML-59); a per-letter assistance-as-needed law reacted one letter late (SIM)",DEC-042; HAP-94; EML-59,EXP-L08; SIM,simulated,"Partial guidance (0.5) brought the ink 29 % closer to the target letters (582 -> 413 um) with no loss of letters read (92.9 %); per-letter assistance as needed gave the same share of help (24.9 %) and less gain on malformed letters (0.47 against 0.54) (SIM, passive hand: fading across sessions not testable)",DEC-042; ai2/shared.py; results/ai2/ai2.json,proposed
REQ-CTRL-014,control,The pen writes an accepted word whole,"Whole words are written by a grounded stage or a moving page (DEC-071: the grounded five-bar, EXP-BB07; the platen, EXP-PL05); in-pen autowrite of whole words stays a bench research mode with the C1S nose (DEC-050) and makes no executable claim. Any mechanism writes an accepted word only after the writer has explicitly accepted that revision (DEC-074: a proposal changes nothing until accepted; stale or tampered proposals fail; ink already on the paper is never erased), and only if (a) the tallest letter fits the usable reach (the stage's reach minus a 0.5 mm reserve), (b) each letter is admitted whole before it starts, and (c) it slows or waits when the hand lags, lifts after 0.5 s without progress, and hands back after 2 s without progress or when the hand runs ahead; it never leaves half a letter; a supervisor stops it on stale sensing, lost anchoring, tracking, current or temperature limits (DEC-074)","Rule C1 of study S; the review's s10. Reach decides: at a 3 mm x-height a whole accepted word needs about +/-4-6 mm of nib reach with the hand advancing as usual (95 % written in full at +/-6 mm, 23 % at +/-4 mm, 0 % at +/-1-2 mm; 2 % with a still hand), so the travel comes from the hand's sweep (DEC-049, DEC-056 (f)); REQ-RVJ-N01's guaranteed 6.0 mm is the reach that works. This is the plan of REQ-RVJ-N07's autowrite; its hand-backs count in its coverage and completion time (REQ-WP-011). DEC-050 (2026-09-30) makes autowrite a bench research mode with the C1S nose until a low-power large-reach design exists; the text after the prefix is unchanged. DEC-071 (the lead, 2026-09-30): in-pen autowrite of whole accepted words is superseded as an executable claim; all historic +/-6 mm completions violated the sampled motion limits (95th-percentile peak acceleration 36.7 m/s^2 against 2 m/s^2), and the new planner admits 5 of 520 glyphs at 1.5 mm and 0 at 1.059 mm. DEC-074: corrections are proposed, then explicitly accepted. Was (DEC-050): 'Bench research mode with the C1S nose (DEC-050: autowrite needs about +/-4-6 mm of reach, which the product's B1 nib does not have): The pen writes an accepted word only if (a) the tallest letter fits the usable reach (the stage's reach minus a 0.5 mm reserve), (b) each letter is admitted whole before it starts, and (c) it slows or waits when the hand lags, lifts after 0.5 s without progress, and hands back after 2 s without progress or when the hand runs ahead; it never leaves half a letter'",DEC-056 (f); DEC-049; DEC-050; docs/spelling_and_clarity.md (T9; rule C1; proposed requirements); DEC-071; DEC-074; docs/writing_improvement_audit.md,"ai3/complete_plan.py; ai3/accepted_completion.py; EXP-BB07 (the grounded five-bar); EXP-PL05 (the platen, AC-PL05-04: acceptance and the supervisor); EXP-S19 (AC-S19-01, AC-S19-02) only as bench research with the C1S module",simulated,"Kinematics only (SIM): 100 completions in 20 test writers' own letters at a 3 mm x-height (median 11.8 mm for the pen to write); with letter admission 0 half letters per 100 completions with steady, slow or still hands and 8 with hands that pause or run ahead, against 2-99 point by point (at +/-6 mm); the pen takes 1.01 x the writer's own time with a steady hand. No stage dynamics or tremor. DEC-070: none of these is device evidence (causal sensing is the default, and results computed with ideal sensing are not device evidence). The grounded five-bar wrote 20 of 20 accepted 'se' suffixes with no resisting hand and 0 of 20 against a 200 or 500 N/m grip (SIM, the independent pass: rigid links, ideal current loops); the platen 20 of 20 with the pen docked in a cradle (SIM, study P)",DEC-056; ai3/complete_plan.py; ai3/tests/test_words_plan.py; results/ai3/ai3.json; DEC-071; DEC-074; ai3/accepted_completion.py; ai3/completion_replay.py,proposed
REQ-CTRL-015,control,Estimator accepted on its worst held-out writer,"A tremor estimator is accepted only if its worst held-out writer meets the clean-writing limit (DEC-055: <= 50 um), not only the mean; its tuning set spans the letter sizes and speeds of the population it will meet (at least the 5-95 % range of the held-out writers)","The frozen design met 18 um mean and 40 um worst on 5 tuning writers but moved one test writer's clean writing 493 um: that writer's letters were 2 x larger and 1.5 x faster than any tuning writer's (SIM, docs/real_tracker.md s7, s15)","DEC-055; DEC-060; DEC-061; docs/real_tracker.md (s18, proposed requirements)","per-writer table of the results card; writer statistics of the tuning and test sets (EXP-E10, AC-E10-01)",simulated,"Study E (SIM, HW1 with real inputs): the frozen design (ai2's TCN with a soft size gate) moved clean writing 18.0 um on average (40.5 um on the worst note) on the 5 tuning writers, and 68.2 um on average with 493 um for one of the 9 test writers, whose 15 mm letters were about 2 x larger and 1.5 x faster than the tuning writers' (3.4-7.4 mm, slow)",DEC-060; DEC-061; realtrack/analysis.py; results/realtrack/realtrack.json; results/realtrack/frozen.json,proposed
REQ-CTRL-016,control,Authority gate calibrated on the user's own writing,"The nose's authority gate is calibrated on the user's own clean writing (a short tremor-free or low-tremor sample, or the first minutes of use in shadow mode) before it may act: the gate's opening threshold sits above the estimator's output on that writing","Size thresholds fixed on a few writers do not transfer (docs/real_tracker.md s7, s15); ai2's TCN without a gate moved the 9 test writers' clean writing by 40-583 um (SIM). Study E modelled the Rev J nose; the rule applies to whatever nib the estimator drives, B1 in Rev K (DEC-050)","DEC-061; docs/real_tracker.md (s18, proposed requirements); DEC-068","shadow-mode log of the estimate's size on clean writing; EXP-E11 (AC-E11-01, AC-E11-02); REQ-CTRL-019 (raise-only, DEC-068; AC-E11-03)",simulated,"Study F (SIM, information only: study E had seen the test writers; EXP-E11): with per-user raise-only calibration the largest clean-writing change over 9 test writers was 19.1 um (ai2's TCN) and 18.9 um (the real-data TCN), and a rule that could lower the threshold moved one writer 60.5 um (DEC-068, REQ-CTRL-019). Before study F: the frozen design's gate, set on the 5 tuning writers, was on average half open (mean authority 0.50) on one test writer's clean note and moved it 0.49 mm (SIM, docs/real_tracker.md s7)",DEC-061; realtrack/estimators.py; results/realtrack/frozen.json,proposed
REQ-CTRL-017,control,No tracker adds tremor beyond the nose held,"Every tracker result reports the nose-held pen beside the ordinary pen, and a tracker may not raise the tip tremor above the nose-held pen at the mild and moderate classes for any held-out writer (<= 1.02 x)","The heavier pen alone adds 8-9 %; the frozen design added up to 4.6 x at the mild class for one writer (SIM, docs/real_tracker.md s3, s9). In Rev K the reference is the same pen with the B1 nib held (DEC-050)","DEC-060; ACT-143; docs/real_tracker.md (s18, proposed requirements)","results card rows 'nose held' and per-writer ratios (EXP-R02, AC-R02-07, which also scores EXP-E10's run)",simulated,"Study E, test split (SIM): the Rev J pen with the nose held 1.08 x the ordinary pen's tip tremor at every class; G4 1.07-1.08 x; the frozen design 1.13 x (moderate) and 1.32 x (mild) on average, up to 4.6 x the nose-held pen at the mild class for one writer and 1.13 x for another",DEC-060; realtrack/test.py; results/realtrack/realtrack.json,proposed
REQ-CTRL-018,control,Tremor left at the tip by a severe-tremor tracker,"A tracker offered for severe tremor leaves at most 0.55 mm of tremor at the tip (study R's measure: sqrt(2) x RMS along the major axis of ink minus intended, in contact, f0 +/- 2 Hz) at the severe class on held-out real inputs, PD and ET pooled and each reported, with DEC-055's clean-writing lines; 0.25 mm for near-normal reading","DEC-067: study F's level for DEC-055's +2 words at the severe class, about a third of the class's 1.72 mm (SIM, HW1 with real inputs, the literal AI reader standing in for people). The tuning split put it at 0.65 mm (0.56-0.70), confirmed once on the test split (a gain of 1.98 words at 0.65 mm), whose own curve gives 0.55 mm (0.47-0.64; PD 0.46, ET 0.62); 80 % of the tremor-free words were read at 0.25-0.26 mm. DEC-055 stays the pass line, because a correction that moves the writing can meet a tip-tremor number and still lose every word: a linear filter left 0.72 mm but moved clean writing 2.4 mm, and no word was read (SIM)",DEC-067; DEC-055; docs/readable_target.md (s3; s12),"EXP-E10's results card (AC-E10-03); EXP-E20 (AC-E20-01, people reading the E13 inks)",simulated,"SIM (study F, test split): the ordinary pen leaves 1.64 mm at the severe class, study E's best causal tracker 1.12 mm and perfect knowledge 0.03 mm. With Rev K's +/-1.0 mm nib even perfect knowledge leaves 1.00 mm (study F s8: the Rev J nose with its travel cut, tuning split)",DEC-067; readable/curve.py; readable/e13.py; results/readable/readable.json,proposed
REQ-CTRL-019,control,Gate calibration only raises the threshold,Per-user calibration of the authority gate only ever raises the design's opening threshold; the rule (quantile and margin) is fixed per design on tuning writers,"DEC-068 (refines DEC-061 and REQ-CTRL-016). In study F's simulation (information only: study E had seen the test writers) the raise-only rules kept every test writer's clean writing within 19.1 um (ai2's TCN; 493.0 um with its frozen gate) and 18.9 um (the real-data TCN), while a rule that could also lower the threshold moved one writer 60.5 um, above DEC-055's 50 um cap. A user who cannot write without tremor has no clean writing to calibrate on (EXP-E22)",DEC-068; DEC-061; docs/readable_target.md (s4; s5; s12),firmware review (AC-E11-03); EXP-E11 in simulation and on the EXP-R01 shadow-mode logs (AC-E11-02); EXP-E22 (AC-E22-01),simulated,"SIM, information only (study F, 9 test writers): with raise-only rules the largest clean-writing change was 19.1 um (ai2's TCN) and 18.9 um (the real-data TCN), and the worst writer's mild-tremor ratio to the held nib 1.004 (2.892 with the frozen gate); no words were gained at the severe class (-0.22 and +0.11); the listening AKF's per-user rule lowered the threshold for 4 of 9 writers and moved one writer 60.5 um",DEC-068; readable/e11.py; results/readable/readable.json,proposed
REQ-ML-001,ml,Learned model gate,"A learned predictor may be enabled only if, on held-out participants (EXP-H01 recordings, EXP-E01 protocol), it reduces the residual ratio by >= 0.10 with the 95 % paired-bootstrap upper bound below 0, in each of the 4-8 Hz and 8-12 Hz bands, at matched false correction (<= 25 um RMS on tremor-free writing) against the best conventional estimator (Kalman, BMFLC, scheduled least-squares), and without false-correction spikes above 100 um. Gate fixed before any real data is analysed.",Brief s12 s17,Brief s12,ml evaluation pipeline,proposed design,"Synthetic data: TCN meets the gate in distribution (all-band 0.48 vs 0.76, paired difference -0.28 [-0.33, -0.24]) but fails under shift (0.83 vs 0.87, n.s.) and in the coupled simulator (3-15 Hz: 0.73 vs 0.77); corner spikes 125 um. Not met: no real data. Real inputs (study R, SIM): the TCN trained on synthetic writers moved clean real writing 172 um (93-286) and left 0.71 x of the ordinary pen's tip tremor at the severe class (docs/real_data.md)",ml/README.md; results/ml/eval_results.json; DEC-016,proposed
REQ-ML-002,ml,Inference budget,"Learned predictor <= 1 ms worst-case at 128 MHz per 4 ms step, <= 64 kB RAM, streaming state, output with timestamp/expiry/confidence",EML findings,COR-21,On-target benchmark on the nRF5340 (not yet run); QEMU instruction count only so far (results/ml/budget.json),calculated,"Exported TCN (tcn_s_nofest, inputs dx/dy only): 16.2 k MAC, 7.3 kB weights, 0.58 kB RAM; 0.27-0.86 ms with CMSIS-NN (estimated), 0.90-1.44 ms plain C (115 k QEMU instructions per inference; not cycle-accurate); C bit-exact vs Python int8 on 20 000 windows","results/ml/budget.json; results/ml/export_c.json; docs/icd.md s5 (output carries timestamp, expiry and confidence)",proposed
REQ-ML-003,ml,Learned estimator on the pen,"A learned tremor estimator is causal, takes <= 2 ms per 2 ms step on the pen MCU (int8) with <= 64 kB of weights, and may drive the nose only after REQ-ML-001 passes on held-out real recordings; until then it runs in shadow mode (computed and logged, not driving the nose)",Compute and safety; the TCN was trained and tested inside one simulator family,DEC-042; REQ-ML-001; EML-13,"CALC (MAC count), bench timing; EXP-L04",calculated; simulated,"TCN: 34 k parameters, 33 248 MAC per 2 ms step, 33 kB of int8 weights + about 16 kB of history, about 0.56 ms per step on a 128 MHz Cortex-M33 (28 % of one core; CALC, ASSUMPTION MCU model); REQ-ML-002 allows <= 1 ms per 4 ms step. SIM: 278 um at 1-2 mm; tremor-free writing moved 19.3 um on average but 34.8 um for the worst writer (above REQ-ML-001's 25 um)",DEC-042; ai2/learned.py; results/ai2/ai2.json,proposed
REQ-ML-004,ml,RL arbitration gate,"No learned policy drives the nib; the model-based causal controller stays (DEC-073, refining DEC-042). Learning may return only as a bounded residual on the causal controller that, after the plant is identified on the bench, beats the frozen rules on untouched writers and seeds in closed loop: it meets REQ-CTRL-010 and REQ-CTRL-011 and beats the controller by >= 5 %","Replay rewards did not predict closed-loop false correction (SIM). DEC-073 (the lead, 2026-09-30): six PPO policies across two frozen protocols (245,760 training transitions) failed their adoption rules, and the earlier reward, which stopped charging tracking error when contact was lost, is corrected. Was (DEC-042): 'No RL policy drives the nose (DEC-042). An RL policy may arbitrate assistance on the pen only if, in closed loop on held-out writers and seeds, it meets REQ-CTRL-010 and REQ-CTRL-011 and beats the model-based gate by >= 5 %'",DEC-042,EXP-L05,simulated,"Replay-trained PPO arbiter: 298 um and 89 % of words at 1-2 mm, but tremor-free writing moved 30.7 um (60.9 um on tuning) and worse than Rev H at 10 Hz, 0.3 mm: fails rules R1 and R2; residual RL moved tremor-free writing by 165 um (SIM). No closed-loop training yet. The independent pass (SIM, synthetic writers): six PPO policies failed their adoption rules (DEC-073)",DEC-042; ai2/rl_env.py; ai2/stage_rl.py,proposed
REQ-PWR-001,power,Runtime,>= 60 min active writing at the design point with the qualified cell,Brief s2,Brief s2,power budget; EXP-P01 (measured power and duty cycle),calculated,"B: 81 min writing at 65 % pen-down duty (54 min continuous contact) at the design point; D: 215 min; E: 277 min (200 mAh x 0.8 usable, 115 mW electronics; results/trade/config_trade.json v0.4.2)",electronics/README.md Budgets,at risk
REQ-PWR-002,power,Cell current capability,Cell rated for >= 2 A pulse and >= 1 A continuous with protection IC,Actuator peaks (COR-14),COR-14,"EXP-P02 (cell qualification, charging and battery safety pre-compliance)",sourced,Peak cell current ~0.8 A (2 coils + electronics) -> pouch rated >= 5 C; 10440 cells limited to ~1 C (COR-14),electronics/README.md; config battery v0.4.0,at risk
REQ-PWR-003,power,Actuation during charging,Actuation disabled while charging in research builds,Brief s10,Brief s10,firmware test,proposed design; host and QEMU execution,Hardware: ACT_EN = REQ.FAULT_N.NOCHG removes VMOT while charging (schematic). Firmware: system test (e) passes on host and QEMU; actuation is off while charging and re-arming is refused until unplug,electronics/kicad/fault_handling.kicad_sch; firmware/tests/test_system.c,accepted
REQ-THM-001,thermal,Touch temperature,"Continuously held surfaces <= 43 C absolute in a rated maximum room of 30 C, that is <= 13 K above the room (ECMA-287 B.5), with 41 C (11 K) as the design target; on the Rev J pen checked at the web over the coil plate","ECMA-287 Table 5.2: continuously held parts, all materials, 43 C (from EN 563; continuous holding below 8 h); its B.5 lets the maker rate a room above 25 C, and the check becomes T - T_room <= 43 - T_rated; IEC 60601-1: 41 C needs no justification. One rule for every held surface (DEC-045). Was: <= 41 C design target, 43 C absolute at 25 C ambient (provisional; regulatory review)","AMF-34, AMF-35; DEC-045","thermal model; EXP-B07; EXP-D06; EXP-J13 (the web, Rev J.1)",sourced,"See results/thermal. Rev J.1 (DEC-045): the web over the coil plate 35.9 C at 1 mm tremor in a 30 C room with the 0.1 mm graphite sheet in the shell wall; autowrite with 2 mm tremor 43.7 C (CALC, fin model); suspended by DEC-046 (the static side load of REQ-RVJ-N10 is not in it). DEC-050 (study B): B1 at 35 deg in a 30 C room, skin 30.6 C after 30 min (CALC) and 30.8 C with 2 mm tremor (SIM + CALC); REQ-BNIB-010 states B1's line",analysis/thermal.py; revj1/thermal.py; results/revJ1/budgets.json,proposed
REQ-THM-002,thermal,Coil temperature,Coil hot-spot <= 120 C (class B margin) including moving-coil air-gap resistance,Magnet demagnetisation and insulation,"AMF-27, AMF-30",thermal model; EXP-B07,calculated,"Moving coil 96.6 C at the design load, 65 % pen-down (thermal network v0.4.4, 0.50 mm air gaps); the 120 C limit sets the 0.412 W allowable; overload (2 N, 35 deg) reaches 120 C in about 17 s without derating (one-node extrapolation of F5)",results/thermal/thermal.json; results/sim/sweeps F5,at risk
REQ-SAF-001,safety,Independent actuator disable,"Hardware disable of both bridges independent of firmware on over-current, over-temperature or watchdog",Brief s9,Brief s9,fault injection EXP-F01,proposed design,"Hardware AND gate ACT_EN = REQ.FAULT_N.NOCHG on the load switch (schematic sheet fault_handling); ngspice: trip 8.8 us, VMOT off 22.6 us after a coil short. Firmware host test of the latch model: it clears only with ACT_EN_REQ low and is declared FAILED after 3 retries",electronics/kicad/fault_handling.kicad_sch; results/electronics/spice_drive_stage.json,proposed
REQ-SAF-002,safety,Current limits,Software limit 0.60 A per axis; independent hardware trip at +/-0.80 A,Thermal and cell,config actuator.*,bench,assumed,Software limit 0.60 A per axis; independent window-comparator latch at +/-0.80 A,config actuator.i_max/i_trip; electronics/gen/design_revA.py,proposed
REQ-SAF-003,safety,Stale or invalid model output,"Expired, NaN, saturated or low-confidence model outputs reduce authority smoothly within 20 ms and never exceed deterministic limits",Brief s15,Brief s15,unit tests with injected faults; EXP-F02,proposed design; host and QEMU execution,"Guard v1.2 in firmware:
- NaN/Inf and int16 output saturation are rejected at the next 2 kHz tick, and outputs expire at t_acq + 8 ms.
- On running-RMS inconsistency the guard falls back to the Kalman estimate 38.5 ms after a bad predictor starts; the Kalman is fully in use 20 ms later, and the predictor is re-admitted after at least 1 s.
- Confidence rule (5) normalises to byte/255 and slews over 20 ms.
Tested on host and QEMU with injected good, bad, NaN, saturated, stale and low-confidence predictors",firmware/core/ml_guard.c; docs/icd.md s5 v1.2; results/firmware/test_report.txt,proposed
REQ-SAF-004,safety,Power-loss behaviour,"On brown-out or fault during contact, ramp actuator current down over >= 30 ms using hold-up energy; document the resulting mark length; controlled shutdown preferred at lift",COR-19,COR-19,sim failure case; EXP-F01; EXP-F02,simulated; host and QEMU execution,Simulated power loss in contact moves the ink up to ~0.8 mm within 50 ms (F3). The firmware state machine implements the rule: low-battery and thermal faults hold neutral in contact and de-energise only after pen-up or a 5 s timeout. System fault sequences (b) and (c) pass on host and QEMU,results/sim/sweeps/summary.json F3; DEC-015; firmware/core/state_machine.c,proposed
REQ-CAP-001,capture,Original stroke record,"Immutable timestamped record of estimated nib page position incl. measured nib offset, uncertainty, contact, force, calibration and firmware/model versions",Brief s5 s16,Brief s16; report s18,EXP-C02; EXP-S02,proposed design,"ICD v1 stroke sample lacks nib-offset and uncertainty fields (planned for v2, docs/icd.md s4.6); format error RMS 3.6 um, max 120.6 um (81.5 um with pen-down/up samples; results/app/capture_fidelity.json)",docs/icd.md s4.3; data/schema/note_store.schema.json; app/penapp/logfmt.py,accepted
REQ-CAP-002,capture,Offline buffering and recovery,Local capture continues without phone; append-only blocks with CRC; power loss loses <= 1 block; sync idempotent; storage-full never silently deletes unsynced pages,Brief s2 s16,Brief s16,fault injection EXP-C02,proposed design; host tests (framing only),"Record framing with CRC-16 and resynchronisation is implemented and tested (firmware log_format.c; the app reader resyncs after corruption; golden log round-trips byte-identically). Not implemented: flash block storage, power-loss behaviour, sync and the storage-full policy, because no flash or BLE driver exists yet",firmware/core/log_format.c; app/penapp/logfmt.py,proposed
REQ-CAP-003,capture,Page identity,Research builds use coded paper or external reference for absolute pose; ordinary-paper relocalisation treated as research risk,COR-16; OPT findings,COR-16,EXP-S02,sourced,Ncode/Anoto licensing costs noted,docs/research_synthesis.md,accepted
REQ-APP-001,app,Recognition,On-device recogniser evaluated on target users before adoption; alternatives preserved; recognised text linked to stroke IDs,Brief s16,Brief s16; COR-22,recognition evaluation EXP-C01,proposed design,ML Kit default candidate,app/,proposed
REQ-APP-002,app,Grounded note assistance,"Every extracted fact or answer cites source stroke regions; uncertain names, numbers and dates shown with original ink; cloud use explicit",Brief s16,Brief s16,grounding audit EXP-A01,proposed design,,app/,proposed
REQ-APP-003,app,Useful text suggestions,"Next-word or word-completion suggestions reach >= 30 % top-3 accuracy on the user's own notes before they are shown by default, at <= 20 ms per suggestion on the phone",Weak suggestions cost more than they save (EML-63); here 18-28 % top-3 before the first letter (CALC),DEC-043; EML-63,EXP-L06; EXP-S14 (the personalised model over 4 weeks); CALC,calculated,"Next word before its first letter: 9-15 % top-1 and 18-28 % top-3 for every model (below 30 %); word completion after the first letters not yet measured. Per query on the study's CPU (one shared thread): next word 1.1 ms (larger-corpus n-gram) and 115 ms (mixture), letter two ahead 34 and 74 ms (CALC); phone not measured. Study S (CALC on two public-domain journals standing in for notes): word completion after one letter 52-56 % top-3 with the personalised model and 46-47 % with NG0, 2.2-3.0 ms at the 95th percentile on the study's CPU; the next word before its first letter 22-24 %: completions meet the line, next words do not (docs/spelling_and_clarity.md T4)",DEC-043; ai2/textpred.py; results/ai2/ai2.json,proposed
REQ-APP-004,app,Synthetic handwriting labelled and legible,"Synthesised handwriting is always labelled as synthetic, and is legible to the app's recogniser for >= 95 % of letters","Honesty; usefulness (96 % here, CALC); immutable originals and provenance (DEC-017)",DEC-043; DEC-017,EXP-L07,calculated,"Sigma-lognormal synthesis from 1 or 3 of the writer's own letters: 96 % legible to the app's recogniser; writer identified among six in 92-96 % of cases on synthetic, font-based writers, which flatters identification (CALC); the spread-tuning rule Y1 failed (the perturbation costs legibility on some letters)",DEC-043; ai2/synth.py; results/ai2/ai2.json,proposed
REQ-APP-005,app,"Ink record, transcript and writing plan kept apart","The ink record, the transcript and the pen's writing plan are separate stores: the ink record is append-only and verifiable; every transcript change is logged and can be undone; a writing plan exists only for text the writer accepted","The independent review (s10), adopted by study S (DEC-056 (a), (f)). Permanent ink cannot be corrected by moving the nib, so the record of what the pen did on each stroke (nothing, nudged, withheld ink, wrote an accepted word) must never change afterwards, and what the app reads must stay apart from what the writer decides the text should say. It extends REQ-PNC-008 (autocorrect only in a derived layer) and DEC-017 (immutable originals and provenance) to the pen's writing plan",DEC-056; docs/spelling_and_clarity.md (the three outputs; proposed requirements); independent review 2026-09-29 s10,ai3/tests/test_layers.py; the demo's smoke test; code review of the firmware and app; EXP-S18 (AC-S18-04),proposed design; host tests,"ai3/layers.py specifies the three stores (StrokeRecord, Transcript, WritingPlan); its tests check the append-only, hash-chained record and tamper detection, the audited and undoable transcript, protected words never flagged, the auto mode only when opted in and confident, plans only from a writer's acceptance, and plans that a new prediction cannot change; the prototype page passes 28 of 28 smoke-test checks (test). Not yet in the pen's firmware or the app",DEC-056; ai3/layers.py; ai3/tests/test_layers.py; ai3/demo/index.html,proposed
REQ-APP-006,app,Recognition reported before spelling cues,"Recognition is reported as CER and WER on held-out people and held-out sessions, with and without the language model, before any spelling cue is on by default","Recognition is the weak link of spelling help: when the pen reads the letters itself, recognition errors look like misspellings (with raw recognised letters, mid-word cues fired about 40 times per 100 correct words, SIM). The review's gate G7. It extends REQ-APP-001 (the recogniser evaluated on target users before adoption; EXP-C01 tests the app's default recogniser) to the pen's own streaming recogniser, with sessions held out as well as people (REQ-DATA-001). DEC-056 is revisited if more than 20 % of words are read wrong (EXP-S17)",DEC-056; docs/spelling_and_clarity.md (T7; proposed requirements); independent review 2026-09-29 (G7),"EXP-S17 (AC-S17-01; the accuracy lines AC-S17-02, AC-S17-03)",simulated,"SIM on real letters of 20 held-out UJI writers, words assembled with ASSUMED print spacing: CER 9.1 % and WER 19.8 % with the language model, 22.9 % and 54.7 % without (writer-disjoint); calibrated on the writer's other session 9.2 % and 20.2 % (session-disjoint); tight spacing 10.5 % and 22.5 %. Joined-up writing and the pen's own recordings not yet tested (EXP-S17)",DEC-056; ai3/stage_words.py; results/ai3/ai3.json,proposed
REQ-APP-007,app,"Spelling help: few false alarms, calibrated, abstains","Spelling help: <= 2 false alarms per 100 correct words; names, numbers and words the writer marks are never flagged; P(misspelled) is calibrated, with ECE <= 0.05 on held-out users; below the threshold it abstains; in the opt-in automatic mode <= 0.5 correct words are changed per 100","DEC-056 (c): the pen should ask, not act, at today's reading accuracy (study S, T8). Names were the commonest false alarm (12 of 43 on 4 tuning children, rule S2). Relation: REQ-PNC-008 and EXP-A03 (autocorrect of recognition errors in a derived layer, posterior >= 0.9 by default; AC-A03-02 allows 0.1 % of correctly recognised words changed, upper bound 0.5 %) cover the app's autocorrect; this requirement covers spelling help, whose opt-in automatic mode is judged per 100 correct words. DEC-074 (the lead, 2026-09-30): corrections are proposed, then explicitly accepted, so the opt-in automatic mode is not offered unless DEC-074 is revisited (EXP-S sessions show acceptance too slow); its 0.5 per 100 line (AC-S18-03) is judged only then","DEC-056; docs/spelling_and_clarity.md (T2, T8; rules S2, W2-W5; proposed requirements)","EXP-S12 (AC-S12-02); EXP-S20 (AC-S20-01); EXP-S18 (the automatic mode, AC-S18-03)",calculated; simulated,"Letters known exactly: 63 % of 11 test children's real misspellings caught at 2.3 false alarms per 100 correct words (CALC; the rule aimed at 2 and got 1.7 on the tuning children). The pen's own reading: 34 % caught at 1.7 per 100 (new writer) and 28 % at 2.3 (calibrated); ECE 0.06-0.08 raw and 0.03 after Platt scaling; the opt-in automatic mode changed no correct word and fixed almost nothing (SIM; post-hoc rule W5, to confirm in EXP-S20)",DEC-056; ai3/spell.py; ai3/stage_words.py; results/ai3/ai3.json,proposed
REQ-APP-008,app,Suggestions only at natural pauses,"Suggestions and completions are offered only at natural pauses (no pop-up while a letter is being written), at most 3 at a time, accepted with one accessible action (tap, key or pen gesture), and optionally read aloud","DEC-056 (d), (e); the review's R20 (accuracy against fluency). A tick at the next pause with up to 3 suggestions fixed 3.0 of 10 misspellings on paper with no cue while a word was being written, against 3.4 for a tick plus a pen lift with 7.7 cues felt mid-word per 100 words (SIM, writer responses ASSUMED); EXP-S18 compares them with writers. Weak suggestions cost more than they save (LIT EML-63; REQ-APP-003)","DEC-056; docs/spelling_and_clarity.md (T3, T4; rules S4, P2, I1; proposed requirements)",EXP-S18 (AC-S18-05; the comparison AC-S18-01); app design review,simulated; proposed design,"Tick at the next pause with up to 3 suggestions: 3.0 of 10 misspellings fixed on paper (1.6-4.0 over the assumed responses), 6.4 suggestion lists read per 100 words, +17 % writing time (SIM, 11 test children's real errors). The prototype page offers completions at pauses (28 of 28 smoke-test checks)",DEC-056; ai3/cues.py; ai3/demo/index.html,proposed
REQ-DATA-001,data,Splits,Splits by participant and session before windowing; held-out devices/refills/papers for generalisation tests; seeds recorded,Brief s13,Brief s13,data validation report,proposed design,Implemented for synthetic writers in ml/datasets.py; participant/session splits apply to EXP-H01 data,"ml/datasets.py (writer-disjoint splits, leakage checks); data/dataset_card.md",accepted
REQ-DATA-002,data,Real inputs for every writing claim,"Every tracker or pen claim about writing is also evaluated on real recorded writing and real recorded tremor (the realdata library or better), on test writers and test subjects only, and reported next to the synthetic result as a results card: words read by a literal reader out of 10, tremor left at the tip in mm, and how much clean writing changed (DEC-054)","The synthetic writers and tremor model differ from real ones in ways that change the results: at 1 mm the Rev J gated tracker left 0.68 x the ordinary pen's tip tremor with synthetic writing and tremor, 0.72 x with real writing, 1.03 x with real tremor as well and 1.04 x with the DeltaPen-class page sensor; the TCN 0.36 -> 0.54 -> 0.82 -> 0.83 x (SIM, docs/real_data.md, the bridge). Results on synthetic writers or tremor are labelled as model-input results (DEC-054). At the severe class a legibility claim needs DEC-055's pass line (AC-R02-01). DEC-070: the DeltaPen-class figures used page model v1, which changed past readings and recovered lost motion from the truth; they stand only as labelled optimistic bounds, suspended as device evidence until study X reruns them with page model v2",DEC-054; DEC-055; docs/real_data.md (proposed requirements; the bridge),"results card with both input sets (EXP-R02: AC-R02-01, AC-R02-02)",simulated,"Severe class (1.72 mm at the tip), real inputs, readable words out of 10: ordinary pen 0.5, Rev H 0.4, Rev J gated 0.4, TCN 0.2; perfect knowledge 7.0; the same notes without tremor 6.8 (SIM, 9 test writers, PD and ET pooled). The earlier headline on synthetic inputs: Rev J gated cut the ink error at 1-2 mm from 830 to 430 um, and 74 % of words were read instead of 31 % (SIM, results/ai2/ai2.json)",DEC-054; DEC-055; realdata/; results/realdata/realdata.json,proposed
REQ-DATA-003,data,Clean writing for false correction,"False correction ('clean writing changed') on real writing is measured on real tremor-free writing recorded on paper with a clean digitiser: <= 2.5 % of its pen-down velocity energy at 8-12 Hz, checked with sim2j.writers.kinematics before use","BRUSH's timing artefact (35.6 % of its pen-down velocity energy at 8-12 Hz) made the trackers move clean ink by 160-880 um; real writing on paper carries 1.3-1.7 % (LIT CON-25). This requirement sets the writing on which false correction is measured, not its limit. The limits stay: on real writing the absolute 25 um of the false-correction convention (validation/README.md s2; AC-E01-09, REQ-ML-001, and DEC-055's line); in sim2 REQ-RVJ-C02 (25 um against the device-off pen); REQ-CTRL-010's relative bound (Rev H + 2 um) only for HW1 on synthetic writers. Study R's selection rule also asks <= 3 % above 12 Hz, 15-60 mm/s and writing on paper",DEC-054; DEC-055; docs/real_data.md (the writing library); LIT CON-25,"kinematics check before use (realdata.kinematics; EXP-R02, AC-R02-03)",calculated; sourced (literature),"UNIPEN hpb2 (ballpoint on paper, 100 samples/s) 2.4 % and UCI Character Trajectories 1.3 % pass; BRUSH 35.6 % and the synthetic writers 10.1-17.3 % fail (CALC on DATA)",DEC-054; realdata/kinematics.py; sim2j/writers.py (kinematics); results/realdata/realdata.json,proposed
REQ-DATA-004,data,Tremor class in mm at the tip,"Claims name the tremor class in mm at the pen tip (peak = sqrt(2) x RMS of the major axis in f0 +/- 2 Hz; DEC-054's classes: mild 0.03-0.16 mm, moderate 0.16-0.51 mm, severe above 0.51 mm, typically 1.7 mm) and the population, never 'tremor' alone","The data's severe class starts at about 0.5 mm, far below the round-4 plan's 5-10 mm (its 0.3-1 / 2-4 / 5-10 mm classes are replaced by DEC-054). The classes are the median and 90th percentile of 24 tuning PD patients' tip tremor while drawing spirals, checked on 25 test patients (60/24/16 % against 50/40/10); they are a floor, since patients who could not draw on a tablet are missing (LIT PDT-82). This peak is zero-to-peak. EXP-H01 states peak-to-peak (A_pp = 2 sqrt(2) A_rms, human_study_plan.md s3.6), about twice as large for a steady tremor. REQ-USR-002 is now stated in this convention: 0.5 mm peak for full correction (it was 1 mm p-p), the lower edge of the severe class","DEC-054; docs/real_data.md (the tremor library); LIT PDT-75, PDT-82","review of every claim; results cards (EXP-R02, AC-R02-04); the classes in writing (EXP-R01, AC-R01-02)",calculated (on recorded data),"PD tip tremor while drawing is mostly 0.1-0.3 mm; severe (top 10 %) from 0.51 mm, representative 1.72 mm, largest test patient 7.1 mm (CALC on DATA, UCI spirals). No open recording of ET at the pen tip exists; ET waveforms from the hand are scaled to the PD classes (ASSUMPTION)",DEC-054; realdata/tremorlib.py; results/realdata/realdata.json; results/realdata/tremor_library.csv,proposed
REQ-DATA-005,data,No non-causal inputs to controllers,Inputs built with non-causal (zero-phase) filters are never given to a controller or estimator; trackers see only the simulated or recorded sensor streams,"The realdata library extracts each tremor waveform with zero-phase band limits (f0 +/- 2 Hz and 2 f0 +/- 2 Hz), which use the future of the recording; it drives the simulated hand only. This is the data-side complement of REQ-CTRL-009 (every command uses only samples available at its tick)",DEC-054; docs/real_data.md (the tremor library; how other studies use the library),code review; library docstrings; the pipeline check of EXP-R05 (AC-R05-02),proposed design,"The library's docstrings mark every zero-phase filter as for inputs and statistics only, and the HW1 trackers saw only the simulated sensor streams (docs/real_data.md); no automated test checks it yet",DEC-054; realdata/dsp.py; realdata/library.py,proposed
REQ-DATA-006,data,Dataset licences,Datasets are used and redistributed only within their licences; results hold statistics only for research-only and non-commercial sources,"UNIPEN (the iUF notice allows research use only; its Zenodo page tags CC BY 4.0, and the stricter terms apply), BRUSH (non-commercial research use), PADS (CC BY-NC-SA 4.0) and NewHandPD (no licence stated) restrict use; pictures of UNIPEN writing stay in realdata/build/figures_research_only/ (git-ignored). IAM-OnDB, PaHaW and OnHW need registration, an agreement or permission before use (EXP-R06)",DEC-054; docs/real_data.md (datasets and licences),the source registry test (realdata/tests); EXP-R04 (AC-R04-01); EXP-R06 (AC-R06-01),proposed design,"Every dataset used is in the registry with its licence and what may go into results/: statistics only for UNIPEN, BRUSH, PADS and NewHandPD; attributed excerpts for the CC BY sources (UCI, Zenodo); the registry test passes",realdata/sources.py; realdata/tests/test_realdata.py,proposed
REQ-DATA-007,data,Measured-error page sensor in every tracker simulation,"Every simulation that reports tracker performance also reports it with a measured-error page-sensor model in the causal page model v2 (DEC-070: dropouts kept as lost motion, the absolute anchor invalid until restored; the DeltaPen-class error statistics for now, the model measured on paper by EXP-R07 once it exists); the ideal sensor and page model v1 only as labelled optimistic bounds","The independent review (R14) and DEC-054. Earlier tracker results assumed 1 kHz, 2 ms and 3 um of white noise (ASSUMPTION). The DeltaPen-class model gives all of DeltaPen's measured 10 ms window error (median 23.6 um, mean 68.3 um, on a Wacom surface, LIT OPT-02) to the sensor, so it is pessimistic. On paper the error is measured on rig R10 (EXP-T04, EXP-J10, DEC-059), and REQ-RVJ-C05 sets its limits. DEC-070 (the lead, 2026-09-30): the default page model is version 2; version 1 changed past readings when the future changed and recovered lost motion from the truth, so its results are suspended as device evidence until study X reruns them. Was (DEC-054): 'Every simulation that reports tracker performance also reports it with a measured-error page-sensor model (for now the DeltaPen-class model; the model measured on paper by EXP-R07 once it exists); the ideal sensor only as a labelled bound'","DEC-054; docs/real_data.md (the page sensor); LIT OPT-01, OPT-02","results card with both columns (EXP-R02, AC-R02-05); EXP-R07 (AC-R07-01)",simulated; sourced (literature),"The DeltaPen-class model gives 27 um median and 76 um mean per 10 ms window on the tremor-free test notes (against 23.6 and 68.3); with it the results changed by at most 0.1 word and 0.01 mm against the ideal sensor (SIM). DEC-070: the DeltaPen-class figures used page model v1, which changed past readings and recovered lost motion from the truth; they stand only as labelled optimistic bounds, suspended as device evidence until study X reruns them with page model v2",DEC-054; realdata/sensors.py; realdata/hw1.py (page_model),proposed
REQ-DATA-008,data,Words read by a literal reader,"Words-you-can-read results use a literal reader (no lexicon, no spelling correction, greedy decoding), and report the clean-ink ceiling of the same notes and a 95 % interval over writers","The independent review (s13) and DEC-054's results card. A reader with a lexicon or a correction step reads words that the ink does not show. The literal reader's decoder still has a language prior from its training text, so even clean notes are not all read: the ceiling row shows it. EXP-R03 checks the reader against people",DEC-054; docs/real_data.md; independent review 2026-09-29 s13,"results card (EXP-R02, AC-R02-06); EXP-R03 (AC-R03-01)",simulated,"TrOCR base, literal, chosen on the tuning notes: 6.8 of 10 words on the clean real test notes and 9.5 of 10 on synthetic notes (SIM)","DEC-054; realdata/ocr.py (reader_choice, words_read)",proposed
REQ-DATA-009,data,Content of the EXP-H01 recordings,"EXP-H01 recordings (with EXP-R01) hold ink on paper over a digitiser (>= 200 points/s, <= 0.05 mm, hover tracked), the pen's IMU with acquisition and availability time stamps, handedness, grip, posture, medication state and device configuration, and participant- and session-level splits","The independent review (s11) and the gaps of the open data: no open recording of ET at the pen tip; no dataset records availability times; patients' own writing (slower and smaller, adapted to their tremor) is missing from the composed inputs. R11's tablet protocol reports 0.01 mm but is accurate only to about +/-0.25 mm (LIT CON-101), so AC-H01-08 then registers the chain per stroke. It extends REQ-DATA-001 (splits by participant and session) to what the recordings hold",DEC-054; docs/real_data.md (proposed requirements); independent review 2026-09-29 s11,"protocol and data review (EXP-R01, AC-R01-01)",proposed design,"Not yet recorded. R11's tablet recorder logs every pen sample the browser receives, with time stamps (AC-T06-04 must show a median >= 200 Hz); the recording pen's IMU runs at 1.92 kHz (docs/measurement_rig.md s4.1)","DEC-054; validation/human_study_plan.md s4, s21; rig/tablet/",proposed
REQ-VAL-001,validation,Decisive bench experiment,"Real ink on paper, known reference path, injected housing disturbance, independent metrology of housing, nib and deposited ink; compare cancellation vs powered-neutral vs unpowered",Brief s17,Brief s17,EXP-B09,proposed design,Protocol drafted,validation/bench_protocols.md,accepted
REQ-VAL-002,validation,Immediate vs lasting benefit,Assisted performance and unassisted retention/transfer are separate endpoints with separate claims,Brief s17; COR-20,Brief s17,human study plans,proposed design,,validation/human_study_plan.md,accepted
REQ-PNC-001,pencil,Pencil envelope,"Barrel diameter <= 9.0 mm (8.9 mm target), length <= 170 mm, mass <= 24 g including wiring and margin (20 g target)","User request for an Apple-Pencil-class form factor (AMF-41: 8.9 x 166 mm, 19.15 g)",User request 2026-09-27; AMF-41,EXP-M03 (mass and balance of built pens); EXP-H02 (form factor),inherited target,CAD 12.2 g before wiring and margin (Q layout); centre of mass 88 mm from the nib. Proposed P0.2 (DEC-030): 14.6 g including 10 % (CALC),config/pencil.yaml envelope.*; mechanics/cad/pencil_revP.py,proposed
REQ-PNC-002,pencil,Writing force bypasses the nib,"The user writing force is carried to the paper by a nose skid; the nib force is set by an axial spring at F_c <= 0.14 N (derived from REQ-PNC-003: the loaded stroke is +/-300 um at 0.14 N, +/-277 um at 0.15 N and about +/-180 um at 0.20 N, theta 50 deg, mu 0.15, worst stroke direction); EXP-Q02 shows whether an ink writes well at that force",Any transverse nib stage must hold N cos(theta) + friction (COR-01); no actuator that fits a 7.9 mm bore holds 0.76 N,DEC-008 candidate D; DEC-019,EXP-Q01 (skid friction); EXP-Q02 (low-force ink); EXP-Q06 (nib force behind the skid); EXP-H03 (skid feel),calculated,Stage design load 0.170 N per axis behind the skid at the assumed F_c 0.15 N (just above the 0.14 N limit) vs 0.758 N with a conventional nib (docs/pencil_mechanisms.md s2),docs/pencil_concept.md s2; results/pencil/mechanisms.json,at risk
REQ-PNC-003,pencil,Pencil stage stroke under load,"Two-axis nib correction >= +/-0.30 mm under the design load over theta 35-75 deg, zero static hold power, first resonance >= 150 Hz",Tremor of 0.3 mm peak at the nib (REQ-ENV-003 nominal) must fit within the usable stroke,DEC-019,EXP-Q04 (bender characterisation); EXP-Q06/Q07 (loaded 1- and 2-axis stages),calculated,"P0.1.2: +/-277 um at the design load (50 deg, nominal parts), 192 Hz; worst case (-20 % parts, 35 deg, mu 0.15, worst direction) 0 um (raw -67 um) under the hardware-study model. Proposed P0.2 (DEC-030): +/-477 um nominal (servo limit +/-300 um), worst case +/-212 um, 213 Hz (CALC, results/opt/hardware.json); still short of +/-0.30 mm in the worst corner, which needs F_c <= 0.10 N (EXP-Q02)",docs/pencil_mechanisms.md; results/opt/hardware.json; docs/opt_hardware.md,at risk
REQ-PNC-004,pencil,Page sensor for capture and guidance,"Page-referenced position at >= 120 Hz with <= 10 ms latency, fused with the IMU between samples, inside the 8.9 mm nose",Guided mode loses most of its benefit at 30 Hz (0.76 of the no-correction error) and keeps it at >= 120 Hz (0.42),DEC-021,EXP-S01 on a candidate chip-scale sensor,simulated,No part found that fits and meets it (OPT-05 too large; OPT-36 30 fps). With the accelerometer tracker (DEC-025) 120 Hz / 10 ms costs little: tremor-band ratio 0.81 against 0.78 at 1 kHz (SIM); the frozen filter needed 1 kHz (0.998 at 120 Hz),"results/sim/page_sensor_rate.json; results/fusion/grid.json; docs/pencil_concept.md s5, s11",at risk
REQ-PNC-005,pencil,Pencil battery life,>= 2 h of assisted writing and >= 4 h of recording per charge,Liftware-class devices run about 1-1.5 h (ACT-16); a pencil used for notes needs a working session,DEC-019,EXP-P01 (power and runtime); EXP-Q03 (cell pulse discharge); EXP-Q05 (driver efficiency),simulated,"P0.1.2: 90 mAh cell, recording 4.1 h; assist 0.50 h with 2 x DRV2700 and the real TMAG5170 Hall noise (2.3 um). Proposed P0.2 (DEC-030): assist 2.73 h in the worst 0.3 mm case with an LT8365 charge-recovery drive at 58 V and 2 x DRV5055A4 (CALC, results/opt/hardware.json)",results/pencil/sim_metrics.json battery,proposed
REQ-PNC-006,pencil,Touchdown and lift tails,"Extra ink at touchdown and lift, beyond what a rigid pen draws on the same writing, <= 0.1 mm per stroke; no missing ink","The skid architecture lets the ball slide up to 0.86 mm at every touchdown and lift with a tilt-range front stop, which harms legibility more than the tremor",DEC-022; DEC-026,EXP-Q08,simulated,"Tail ink (within 30 ms of a touchdown or lift) with the tilt-adaptive stop at 0.31 mm and the touchdown feed-forward (DEC-026): 0.005 / 0.008 / 0.000 mm per stroke at 35 / 50 / 75 deg, no missing ink at the transitions (adaptive stop alone 0.14 / 0.11 / 0.00; tilt-range stop 0.35 / 0.81 / 0.42). Met in SIM for touchdown and lift; the all-extra-ink diagnostic (1.15 -> 0.33 -> 0.23 mm, 0.15 with the tuned servo) is dominated by the skid's in-stroke distortion, not the transitions. Open: 1.7 contact transitions per pen-down against 1.2 (short re-contacts after lift-off, bounce family of DEC-011)",results/pencil/touchdown_tails.json; results/opt/touchdown.json; docs/opt_touchdown.md,proposed
REQ-PNC-007,pencil,Bounded guidance from predicted templates,"Guidance toward any template is limited to the stage travel, scaled by the calibrated prediction confidence (ICD s5 rule 5), and must not make a written letter read as another letter in more than 1 % of letters when gated",Wrong predictions must not rewrite what the user writes,DEC-020; PAT-01 freedom-to-operate notes,EXP-A02; firmware tests of template rules T1-T8 (docs/ai_guidance.md s7.3),simulated,"Stage at its 0.40 mm stop at worst; 2.2 % of letters misread at full authority, 0.3 % gated (pencil model P1)",results/ai/guidance.json,proposed
REQ-PNC-008,pencil,Autocorrect as a derived layer,"Autocorrect changes only derived text layers that cite stroke ids; the original ink and base recognition layer are never modified; every change is visible and reversible; changes require posterior >= 0.9 by default; in the app a correction is only proposed: it changes the effective text only when the writer selects it, and a proposal made on an older or altered note is refused (DEC-074)","Immutable originals and provenance (DEC-017); names and rare words are the failure mode. DEC-074 (the lead, 2026-09-30): corrections are proposed, then explicitly accepted; propose_autocorrect changes nothing in storage, accept_autocorrect needs a selected proposal bound to the unchanged note and writes a user edit, keeping the original recognition and ink; the derived-layer autocorrect (autocorrect_note) stays as the evaluation API that EXP-A03 scores. Was: 'Autocorrect changes only derived text layers that cite stroke ids; the original ink and base recognition layer are never modified; every change is visible and reversible; changes require posterior >= 0.9 by default'",DEC-020; DEC-074,"app/tests/test_autocorrect.py (the proposal and acceptance tests, DEC-074); app/tests/test_cli.py; EXP-A03 on real notes (AC-A03-01)",calculated,Word errors 32 % -> 10 % at 7 % recognition errors; <= 0.1 % of correct words changed; names 6-14 % wrongly changed without a personal dictionary,results/ai/autocorrect.json; app/penapp/autocorrect.py,proposed
REQ-RVH-001,revH,Rev H envelope,Handle grip diameter <= 24 mm and length <= 175 mm; mass <= 80 g without the inertial module and <= 110 g with it,The user chose a bigger grip (DEC-029); Liftware-class handheld stabilisers weigh about 100 g (ACT-16); pen barrels of 13-21 mm were compared for grip kinetics (HAP-37),DEC-029; DEC-033,EXP-I05; EXP-H02,calculated,"Ø22 x 170 mm; 75.0 g, 103 g with the rear inertial module (92 g with a 10440 cell) (CALC, results/revH/tip_params.json)",docs/opt_inertial.md; results/revH/layout.json,proposed
REQ-RVH-002,revH,Rev H tip travel,Ball travel relative to the handle >= +/-2.5 mm in every direction over theta 35-75 deg with the skid ring on the paper; cross-coupling between axes <= 10 %,"Covers 1-2 mm hand tremor at the tip with margin; travel beyond +/-1.5 mm changed the causal result by < 0.03 in SIM, so +/-2.5 mm leaves room for guidance",DEC-032,EXP-I05,simulated,"+/-3.0 mm usable, 3.5 mm stop at 50 deg (PROPOSED DESIGN); front end closed over 35-75 deg: >= 2.75 mm in every direction with the nozzle >= 0.80 mm above the paper (CALC, DEC-034); never at the limit for 2 mm tremor with perfect knowledge except peaks at 10-12 Hz (SIM)",results/revH/tip_params.json; results/revH/front_end.json; docs/opt_inertial.md,proposed
REQ-RVH-003,revH,Rev H nose servo,"Closed-loop nose bandwidth (-3 dB) >= 60 Hz with phase margin >= 45 deg, with the real Hall noise; nose force constant >= 0.40 N/sqrt(W) per axis at the magnets",The tremor band reaches 12 Hz; a servo above 80 Hz changed the causal result by < 0.03 in SIM,DEC-032,EXP-I05,calculated,"Km 0.47 N/sqrt(W) at the magnets (adjoint design); 80 Hz servo ASSUMPTION (CALC, SIM) CONTESTED by DEC-041: an image-method magnetics model gives 0.19 N/sqrt(W) at the magnets (study N, docs/nose_v2.md s4.2); measure first (EXP-N01, AC-N01-03).",results/revH/tip_params.json; DEC-041,proposed
REQ-RVH-004,revH,Rev H power,Average power while writing <= 0.1 W without the inertial module (>= 20 h of writing per charge on a 750 mAh cell) and <= 0.15 W with it,"All-day use without daily anxiety about charge; the skid carries the load, so the nose only steers",DEC-032; DEC-033,EXP-I05; EXP-I06,simulated,"0.081 W (about 27 h) without the module; module <= 0.051 W, worst case about 17 h (CALC on SIM forces) CONTESTED by DEC-041: with 0.19 N/sqrt(W) the coil loss while writing rises from about 0.004 W to 0.027 W (docs/nose_v2.md s4.2), close to the limit; measure first (EXP-N01).",results/revH/tip_params.json; DEC-041,proposed
REQ-RVH-005,revH,Writing force undisturbed,Change of the writing (paper-normal) force caused by the nose <= 0.05 N rms while correcting 1 mm tremor,"A tilting rigid nose presses the tip into the paper (architecture A: 0.31-0.71 N rms), which changes ink and feel",DEC-032,EXP-I05,simulated,"Architecture B: none by construction, the refill slides on its 0.15 N spring (SIM)",docs/opt_inertial.md section 4,proposed
REQ-RVH-006,revH,Tremor tracker on real writing,"On recorded writing with 8-12 Hz tremor of >= 1 mm at the tip, ink-error ratio <= 0.8 against the pen with the nose held, with tremor-free writing moved <= 15 um RMS",The mechanism can remove 76-91 % of tremor up to 2 mm; the tracker decides how much the writer gets,DEC-025; DEC-028; DEC-032,EXP-I07; EXP-E01,simulated,"0.64 / 0.70 / 0.76 at r_rot 0.3 / 0.5 / 0.7 with 10-13 um false correction (SIM, synthetic writers); nothing at 4-6 Hz",results/opt/inertial_opt.json,at risk
REQ-RVH-007,revH,Writer stays in charge,Neither the pen nor the board produces a stroke the writer did not start: nose authority scales with the tracker confidence and is limited to the travel; board force <= 0.4 N and it yields within 0.5 s when the writer resists; a stop is always available,Agency and safety; learning is shown only without guidance (HAP-01...06),DEC-029; DEC-031; DEC-032,EXP-G06; EXP-G05; EXP-I05,design check,Board software cap 0.4 N; a determined wrong letter is not overpowered (SIM); nose authority gating by the tracker (DEC-025),docs/guidance_board.md section 5.4; docs/revH_concept.md section 5,proposed
REQ-RVH-008,revH,Refill front stop follows the nose,"The Rev H refill's front stop follows the nose deflection, or allows at least the usable travel x cot(theta_min) + 0.3 mm of extension","Tilting the nose by q changes the ball's height by about q x z_p x cot(theta); with a fixed stop 0.3 mm beyond contact the ball touched the paper only 63-73 % of pen-down time under correction (sim2). A fixed long stop lets a free refill follow ordinary pen lifts (DEC-041 item 3), so that option also needs the pen lift or a refill lock",DEC-041 item 4; docs/sim_v2.md s5.8,CAD check; EXP-V02 part B; sim2 frontstop stage,simulated,"Stop that follows the nose (sim2 default): ball in contact 0.908-1.000 of pen-down time, oracle ratio 0.095-0.282; fixed stop 3.2 mm beyond contact: 0.984-1.000, 0.109-0.336; fixed 0.3 mm stop: 0.63-0.73 (SIM, training seeds 300-301). Fixed margin needed: 2.8 mm at 50 deg, 4.6 mm at 35 deg for the 3.0 mm usable travel (CALC). No mechanism designed. DEC-070: the sim2 and sim2j figures here used the legacy ideal sensing (exact velocity, immediate true contact, a 400 Hz loop, page model v1), so they are upper bounds on performance (DEC-070's optimistic bounds), suspended as device evidence until study X reruns them","DEC-041; results/sim2/verification.json frontstop; docs/sim_v2.md s5.8, s10",proposed
REQ-DRV-001,revJ-drive,Heel force cap,The heel drive's commanded force stays at or below 0.5 N (software cap) and at or below 0.8 x the estimated traction (mu_hat x wheel load); the steered wheel's passive hold across its heading is capped at the same level by a lateral release (the excess turns the wheel toward the push); the physical limit is the static traction (about 0.36-0.73 N),Handwriting-guidance devices used 0.43-0.49 N; the desk board 0.4 N; far below ISO/TS 15066 hand limits; the pen always yields to a writer who resists (Rev J envelope),DEC-037; HAP-15; HAP-16; HAP-51; HAP-70; docs/grounded_drive.md s4.4,EXP-D07,calculated; simulated,"Commands capped in every SIM run; passive hold up to 0.66 N without the release (test, loops); 95th percentile 0.43-0.50 N and maximum 0.49-0.56 N with it (tuning writers after the test, mu 1.2)",DEC-037; drive/plant.py supervisor; results/drive/release_tuning.json,proposed
REQ-DRV-002,revJ-drive,The writer always wins,"The drive yields (force to zero within 0.1 s) when the pen is held more than 4 mm off the template for 0.3 s, when the writer's grip force against the drive exceeds 0.5 N for 0.3 s, or on lift; it never keeps pushing against a stalled pen",Users resent tools that act against their intention; a writer set on 'b' must still write 'b',DEC-037; HAP-22; HAP-23; HAP-62; SIM reversal (writer set on b: 0 % converted),EXP-D07; EXP-D08,simulated,"A writer set on 'b' kept 'b' under every device (push at most 0.37-0.47 N, felt change 0.34-0.48 N at the 95th percentile); the yield rule never had to act, also for a lightly resisting writer (SIM, docs/grounded_drive.md s5.2, s5.3)",DEC-037; drive/plant.py; results/drive/tasks.json,proposed
REQ-DRV-003,revJ-drive,Passive by default,"In guidance and tremor modes the wheel is steered (and braked) only: it cannot move the pen on its own. The wheel is driven only in an explicit lead-through or autowrite mode the user turns on (DEC-039), and never starts a stroke",Cobot principle: steering channels the writer's own motion with almost no power (intrinsically passive); Rev J envelope: 'writes for you' only in an explicit mode,DEC-037; DEC-039; HAP-60; docs/revJ_plan.md s6,design review; EXP-D08,proposed design,Met by the mode logic (SIM); the steer-only wheel drew none of a 'd' bowl with a relaxed hand (docs/grounded_drive.md s5.3),DEC-037; drive/scenarios.py drive_for,proposed
REQ-DRV-004,revJ-drive,Traction on paper,"Tyre-paper kinetic friction >= 0.6 on the six reference papers at 0.3-0.6 N, dry and at 60 % RH; preload 0.55 N +/- 10 %","The usable force is mu x wheel load; rubber on paper is 1.05-2.2 for feed rollers, but paper friction tests reproduce only within 24-27 % between labs",DEC-037; AMF-111; AMF-113,EXP-D01; EXP-D04 (preload),sourced (literature); assumed,Design range 0.6-1.2 (ASSUMPTION); the mean writer gets 0.30 N of traction at mu 0.6 and the weakest 10 % 0.21 N (CALC),DEC-037; drive/params.py CONTACT,proposed
REQ-DRV-005,revJ-drive,Slip detection,Gross wheel slip is detected within 50 ms (paper sensor against wheel odometry) and the command is lowered; false slip flags fewer than 1 per 10 s of writing,"Slip wastes force and marks the paper; the SIM detector raises many false flags at mode switches. It depends on the page sensor staying in its lens band, which holds only within about +/-1.5 deg of pen roll (DEC-044, REQ-RVJ-N06)",DEC-037; AMF-109; SIM (slip flags against true sliding),EXP-D05; EXP-J04 (page-sensor band),simulated; assumed,"Tracing: true sliding < 0.1 % of contact time, yet 3-40 false flags per sentence with the simple rule (SIM); a model-based detector using the tyre deflection is needed. At risk when the pen is rolled, as REQ-RVJ-N06 (CALC, DEC-044); the wheel's odometry could bridge short dropouts",DEC-037; DEC-044; drive/plant.py slip rule,proposed
REQ-DRV-006,revJ-drive,Steering speed,Steering servo bandwidth >= 40 Hz and rate >= 300 rad/s at the wheel,Letter headings turn at up to 71 rad/s (p90) and 283 rad/s (p99) on the synthetic writers,DEC-037; CON-37; CALC drive/concepts.heading_rates,EXP-D04 (bench),calculated,"0620 B + crown 2:1: about 1570 rad/s no-load at 3.7 V (CALC); SIM servo 40 Hz, limited to 500 rad/s (ASSUMPTION)",DEC-037; drive/concepts.py,proposed
REQ-DRV-007,revJ-drive,Roll and tilt tolerance,The wheel keeps contact over tilts 35-75 deg and pen roll +/-20 deg (spring travel >= 0.75 mm),Writers roll the pen; the wheel sits at one azimuth of the heel. Was: spring travel >= 0.54 mm on the Rev H front end (study D); the Rev J ring (11.65 mm) needs 0.75 mm for +/-20 deg of roll (DEC-044),DEC-037; CALC drive/geometry.py,EXP-D04,calculated,"Rev J (DEC-044): 0.75 mm of spring travel keeps contact to +/-20 deg of roll; the wheel reaches 0.32 / 0.22 / 0.18 mm below the ring's paper plane at 35 / 50 / 75 deg, so its 0.55 N preload always acts (CALC)",DEC-037; DEC-044; drive/geometry.py; revj/frontend.py,proposed
REQ-DRV-008,revJ-drive,Front-end size and ink view,"Heel (wheel) contact radius <= 12.0 mm and skid-ring contact radius <= 11.65 mm; front sleeve <= 23.3 mm, flush with the ring, and <= 24 mm where held; the ring stays open 120 deg on top, and the opening carries on 10 mm into the sleeve so the ink stays visible","The drive must sit outside the swinging nose; the Rev J envelope allows 24 mm where held. Was: heel contact radius <= 9.0 mm and front sleeve <= 18.5 mm at the heel, sized by study D on the Rev H front end; DEC-044 fits the heel to the nose v2 front end (the steering crown sets the 12.0 mm)",DEC-037; DEC-036; CALC drive/geometry.py; docs/revJ_plan.md s6,CAD review; EXP-D04,calculated; proposed design,"Met at the limits (DEC-044): wheel 12.0 mm, ring 11.65 mm, sleeve front 23.3 mm flush (Rev H's 0.75 mm step would make it 24.8 mm), 24 mm where held with 0.00 mm margin; the C opening carried 10 mm into the sleeve (CALC, PROPOSED DESIGN)",DEC-037; DEC-036; DEC-044; revj/frontend.py; results/revJ/frontend.json; mechanics/cad/revJ_pen.py,proposed
REQ-DRV-009,revJ-drive,Power and heat,Heel drive electrical power (motors and drivers) <= 0.15 W mean in any mode; winding rise < 10 K,"Rev H uses about 0.08 W. The pen's hours per mode are REQ-RVJ-I01, and the page sensor's power is REQ-RVJ-I07 (DEC-045). Was: motors, drivers and paper sensor <= 0.15 W, and the pen still writes >= 8 h with assistance on (the 750 mAh cell must last a school day)",DEC-037; DEC-045; AMF-100; docs/revH_concept.md; docs/revJ1_design.md s4.7,EXP-D06,calculated; simulated,"Rev J.1 (DEC-045): heel drive 0-2 mW in the steady mode (drivers asleep), 11-26 mW guiding and 103-113 mW leading (84 mW SIM / 0.9 for the fourth gear mesh, plus 10-20 mW of motor drivers, ASSUMPTION); winding rise 5-11 K (CALC). With the PMW3610-class page sensor counted too, 0.105-0.115 W while leading",DEC-037; DEC-044; DEC-045; drive/scenarios.drive_metrics; results/revJ1/budgets.json,proposed
REQ-DRV-010,revJ-drive,Noise,"Drive noise <= 35 dB(A) at 30 cm while guiding (ASSUMPTION threshold, quiet classroom)",Two 6 mm motors and watch-scale gears may whine,DEC-037; ASSUMPTION,EXP-D06,assumed,Unknown (not modelled),DEC-037,proposed
REQ-DRV-011,revJ-drive,Paper must be held,"Instructions and app state that the sheet must be held (other hand, clip or pad) whenever the drive pushes; the drive's force stays below the sheet's holding force",A loose sheet slides when the drive's reaction exceeds mu_paper-desk x the loads on it,DEC-037; CALC drive/contact.paper_hold; AMF-113,EXP-D03,calculated,A loose sheet under 1 N slides at 0.25-0.5 N; with the writing hand resting (1 N) and mu 0.5 it holds 1.0 N (CALC; paper-desk mu ASSUMPTION),DEC-037; drive/contact.py paper_hold,proposed
REQ-DRV-012,revJ-drive,Clean and replaceable contact,The tyre and the heel pod can be cleaned or replaced by the user; the pod is sealed against paper dust and ink,Rolling contacts on paper jam with dust and eraser crumbs (prior art),DEC-037; PAT-33; AMF-117,EXP-D10; EXP-D12,sourced (literature),Not yet designed or tested,DEC-037; mechanics/cad/heel_drive.py,proposed
REQ-DRV-013,revJ-drive,Zero force in the air,Drive torque goes to zero within 20 ms when the wheel load falls below 0.02 N (pen lift); the wheel is pre-steered during lifts,Pen-up gaps: nothing to push against; dysgraphic writers stop and lift more often,DEC-037; CON-38; SIM,EXP-D07,simulated,Met in SIM,DEC-037; drive/plant.py,proposed
REQ-EC-001,revJ-endcap,End-cap envelope,"Bench only (DEC-051: no end-cap in the product; it stays a bench comparison against the same mass locked): the end-cap module is <= 26 mm across and <= 45 mm long, <= 45 g, <= 1 W peak and <= 0.3 W average, and the Rev J.1 pen with it fitted stays <= 175 mm and <= 120 g, so that the bench result stands for a module that could be fitted","Rev J envelope (lead): the pen <= 120 g with every module; a heavier or hungrier end-cap costs grip comfort and battery. Was: the base pen <= 120 g and the pen with the end-cap fitted <= 130 g (provisional; DEC-044 gave 129.2 g with the 43.3 g end-cap); DEC-045's 29.6 g end-cap meets the envelope. Was (DEC-045), a product requirement: 'Rear end-cap <= 26 mm across and <= 45 mm long, <= 45 g, <= 1 W peak and <= 0.3 W average; the pen stays <= 175 mm and <= 120 g with the end-cap fitted'",DEC-038; DEC-045; DEC-051; docs/revJ_plan.md s6,CAD check; weighing (EXP-K01); EXP-K01 power log; EXP-J09 (acceptance of the masses),calculated,"Rev J.1 (DEC-045): end-cap Ø26 x 21 mm, 29.6 g (9 mm tungsten slug, 17.3 g); 0.082 W average in the design model and 0.028 W in the SIM test runs (peak not recomputed; study K's 45 g end-cap 1.0 W). Pen 143.9 mm and 84.3 g base; 161.9 mm and 112.7 g with the end-cap, centre of mass 102.5 mm from the tip (CALC): 7.3 g under 120 g",DEC-038; DEC-044; DEC-045; results/endcap/endcap_study.json; results/revJ1/budgets.json; results/revJ1/endcap.json,proposed
REQ-EC-002,revJ-endcap,End-cap tremor benefit,"Bench only (DEC-051): with the nose on, on a hand simulant, the end-cap adds >= 10 % further reduction of the ink error at 8-12 Hz and 1-2 mm at the measured grip split (>= 5 % at the other splits) and never raises it on average; a return to the product is judged by REQ-WP-001","Pre-declared rule R-T1 of study K; same bar as DEC-033 for the Rev H module. Was (DEC-038), a product requirement: 'With the nose on, on a hand simulant, the end-cap adds >= 10 % further reduction of the ink error at 8-12 Hz and 1-2 mm at the measured grip split (>= 5 % at the other splits) and never raises it on average'. Product entry for any added device is now REQ-WP-001 (>= 10 % against the same pen with the device locked, at three grip strengths, coverage kept)",DEC-038; DEC-051; DEC-033; study K rule R-T1,"EXP-K02 (with EXP-I06); EXP-J16 (the Rev J.1 end-cap); EXP-T16 (rig R14, three grip strengths)",simulated,"+8 / +18 / +20 % at r_rot 0.3 / 0.5 / 0.7 on top of the Rev H nose (seed spread +4 to +25 %); no split worse on average (SIM, H1, synthetic writers, test seeds 200-203); not re-run with nose v2. Rev J.1 end-cap (29.6 g, DEC-045): +5.6 / +16.8 / +18.3 % (SIM, same model and test seeds; rule R-T1 passes by 0.6 points at 0.3)",DEC-038; DEC-045; results/endcap/endcap_study.json; results/revJ1/endcap.json,proposed
REQ-EC-003,revJ-endcap,Active beats its own weight,"Bench only (DEC-051): on the bench the active end-cap is compared with the same mass fixed in the end-cap and must beat it by >= 5 points of further reduction at the measured grip split; the product fits neither, and a return is judged by REQ-WP-001","The weight alone gives part of the benefit in SIM; an active part costs power and complexity. Was (DEC-038), a product requirement: 'An active end-cap is fitted only if it beats the same mass fixed in the end-cap by >= 5 points of further reduction at the measured grip split; otherwise fit the weight or nothing'. REQ-WP-001's gate (>= 10 % over the device locked, at every grip strength, coverage kept) is stricter; AC-T16-01, which asked it as a hypothesis on this requirement, is now REQ-WP-001's criterion",DEC-038; DEC-051; study K s5,"EXP-K02; EXP-K03; EXP-J16; EXP-T16 (rig R14, three grip strengths)",simulated,"The same 45 g fixed: +17 / +12 / +4 %, so the motion adds -9 / +6 / +16 points at r_rot 0.3 / 0.5 / 0.7; the fixed weight makes 8 / 29 / 42 % of the hard cases worse than the nose alone, the moving slug 4 / 12 / 4 % (SIM). Rev J.1 end-cap (29.6 g, DEC-045): the same mass fixed +12.6 / +11.1 / +6.7 %, so the motion adds -7.0 / +5.7 / +11.6 points (SIM)",DEC-038; DEC-045; results/endcap/endcap_study.json; results/revJ1/endcap.json,proposed
REQ-EC-004,revJ-endcap,No writing claim for inertia,"Superseded for the product by DEC-051: the pen carries no end-cap. If one returns through REQ-WP-001, no product text, mode or app screen may claim that it moves, steers or writes letters; it is described as a steadier and a cue","SIM: no end-cap design reaches the 2 mm 'can write' line at 1-3 Hz. Was (DEC-038), a product requirement: 'No product text, mode or app screen may claim that the end-cap moves, steers or writes letters; the end-cap is described as a steadier and a cue'",DEC-038; DEC-051; study K s6 (rule R-S1),EXP-K04,simulated,"Largest ink shift at 1-3 Hz: reaction mass 0.21 mm, CMG 1.06 mm, against 2 mm to write (SIM)",DEC-038; results/endcap/endcap_study.json,proposed
REQ-EC-005,revJ-endcap,Cue side effect,"Superseded for the product by DEC-051: the pen carries no end-cap. If one returns through REQ-WP-001, any end-cap cue given while the ball is on the paper keeps the ink jitter <= 30 um RMS; otherwise cues are given only in pauses or with the pen lifted","Pre-declared rule R-C1; a cue that moves the ink defeats the pen. Was (DEC-038), a product requirement: 'Any end-cap cue given while the ball is on the paper keeps the ink jitter <= 30 um RMS; otherwise cues are given only in pauses or with the pen lifted'. The pen's cue is now an LRA tick (DEC-056; EXP-S13)",DEC-038; DEC-051; study K s8 (rule R-C1),EXP-K05,simulated,"A 0.5 N, 40 + 80 Hz cue moves the ink 186 um RMS while writing (116-239 um over the grip splits); 76 um at 0.25 N; 31 um at 75 Hz (SIM): cues belong in pauses",DEC-038; results/endcap/endcap_study.json,proposed
REQ-EC-006,revJ-endcap,Cue validated in the target users,"Superseded for the product by DEC-051: the pen carries no end-cap. If one returns through REQ-WP-001, a directional end-cap cue is shipped only if >= 90 % of directions are named correctly by writers with ET and with PD (with tremor) in EXP-K05","Pseudo-force direction was near chance on sides with tremor in the only patient study found (preprint). Was (DEC-038), a product requirement: 'A directional cue is shipped only if >= 90 % of directions are named correctly by writers with ET and with PD (with tremor) in EXP-K05'",DEC-038; DEC-051; PDT-39; PDT-40; PDT-41,EXP-K05,sourced (literature),"Healthy adults 93-99 % (HAP-82, HAP-84, HAP-85); tremor sides near chance (PDT-39, preprint)",DEC-038; docs/inertial_endcap.md s8,proposed
REQ-EC-007,revJ-endcap,Rotor safety (only if a rotor is fitted),"Applies to the CMG research module (no rotor in the product, DEC-038): stored rotor energy <= 3 J; a burst is contained by the end-cap; the rotor stops within 2 s after a fall is detected; balance grade G1 or better (G0.4 is the gyroscope class); spin-up <= 10 s","A spinning tungsten disc in a hand-held pen is a new hazard (Rev J plan s6). REQ-WP-010 (DEC-051) asks more of any gyroscope in the tail tests (EXP-W14): <= 2 J and a burst excluded by design (stress margin >= 3, over-speed trip); this requirement keeps its lines for the end-cap's CMG research module",DEC-038; docs/revJ_plan.md s6; AMF-52; AMF-49,EXP-K06,calculated,"CMG end-cap: 3.0 J (at the cap), spin-up 8.1 s, 466 Hz tone, centre stress 3.9 MPa against >= 724 MPa (factor 184), imbalance 0.16 N at G2.5 and 0.026 N at G0.4 (CALC); stop time 2 s is a target (ASSUMPTION)",DEC-038; results/endcap/endcap_study.json,proposed
REQ-EC-008,revJ-endcap,Battery with the end-cap,"Superseded for the product by DEC-051: the pen carries no end-cap, so REQ-RVJ-I01 has no end-cap row. If one returns through REQ-WP-001: with it fitted and active only while a tremor line is detected, >= 8 h of steady writing up to 1 mm tremor at the end-cap's measured duty and >= 6 h at its design power","One set of battery targets for every mode (docs/revJ1_design.md s4.7); the id is kept so that references still resolve. Was: >= 8 h of writing per charge with the end-cap active (Rev J envelope). Was (DEC-045): 'Folded into REQ-RVJ-I01 by DEC-045 as its end-cap row: with the end-cap fitted and active only while a tremor line is detected, >= 8 h of steady writing up to 1 mm tremor at the end-cap's measured duty and >= 6 h at its design power'",DEC-038; DEC-051; DEC-045; docs/revJ_plan.md s6; docs/revJ1_design.md s4.7,EXP-K01 power log with the nose on (AC-K01-05),calculated,"Rev J.1 (DEC-045), steady writing at 1 mm tremor with the end-cap active: 7.7-8.6 h at the end-cap's SIM power (27.6 mW; 8.6 h only with the typical electronics) and 6.4-7.1 h at its design power (82 mW) (CALC, SIM). Rev J (DEC-044): 4.3-6.6 h",DEC-038; DEC-044; DEC-045; results/revJ1/budgets.json,proposed
REQ-EC-009,revJ-endcap,Non-magnetic mass near the sensors,Tungsten parts within 20 mm of a Hall sensor or coil are a non-magnetic grade (W-Ni-Cu class),W-Ni-Fe heavy alloys are weakly ferromagnetic and would bias the Hall sensors and the coils,DEC-038; AMF-49; AMF-125,"incoming inspection (permeability), in EXP-K01",sourced (manufacturer),ET95NM relative permeability <= 1.05 (AMF-49); INERMET grades paramagnetic (AMF-125),DEC-038; docs/inertial_endcap.md s9,proposed
REQ-RVJ-N01,revJ-nose,Guaranteed tip travel,Bench research module only (DEC-050: the C1S nose is not carried forward into Rev K; it stays for autowrite research): ball travel relative to the handle >= 6.0 mm in every direction over 35-75 deg of tilt with the skid ring on the paper. The product's nib travel is REQ-BNIB-003 (+/-1.0 mm),"Autowrite of 2.5 mm letters needs 4.1 mm for the worst tuning writer, plus 1 mm kept free for tremor (CALC, docs/nose_v2.md s2); also covers 3 mm letters; the 100 ms of delayed ink it also allowed for was dropped by DEC-042. Was (DEC-036, DEC-044, DEC-045), a product requirement: 'Ball travel relative to the handle >= 6.0 mm in every direction over 35-75 deg of tilt with the skid ring on the paper'",DEC-036; DEC-039; DEC-050,EXP-N02,calculated,"Rev J integrated layout (DEC-044): 6.00 mm guaranteed and 6.57 mm nominal at 50 deg (nose angle raised to 0.0859 rad so that the larger heel ring keeps 6.0 mm at 75 deg); skid ring 11.65 mm, heel wheel 12.0 mm; refill slide 26.6 mm (CALC)",DEC-036; DEC-044; results/nose2/nose2.json; results/revJ/frontend.json; results/revJ/layout.json,proposed
REQ-RVJ-N02,revJ-nose,Nose force and bandwidth,"Bench research module only (DEC-050: the C1S nose is not carried forward into Rev K; it stays for autowrite research): the C1S nose's force constant at the tip >= 0.85 x the design value (0.099 N/sqrt(W) per axis, so >= 0.084) over the whole travel; closed-loop bandwidth >= 60 Hz; first parasitic mode >= 240 Hz. For the product nib B1: REQ-BNIB-006 (modes and bandwidth) and REQ-BNIB-003 (travel sized at Km x 0.7)","The design's power and heat margins rest on Km; the magnetics are an upper bound (image method, CALC, docs/nose_v2.md s4.2); 240 Hz is 3 x the 80 Hz servo. Was (DEC-036, DEC-044, DEC-045), a product requirement: 'Force constant at the tip >= 0.85 x the design value (0.099 N/sqrt(W) per axis, so >= 0.084) over the whole travel; closed-loop bandwidth >= 60 Hz; first parasitic mode >= 240 Hz'",DEC-036; DEC-041; DEC-050,"EXP-N01; EXP-N03 (the C1S module); EXP-T08 (AC-T08-03, a magnet-loaded suspension); B1's coupon and nib are judged by REQ-BNIB-003 and 006 in EXP-T07 and T10",calculated,"0.66 N/sqrt(W) at the magnets, 0.099 N/sqrt(W) at the tip (image-method magnetics, an upper bound); first parasitic mode 788 Hz; 80 Hz servo used in SIM (CALC)",DEC-036; results/nose2/nose2.json; nose2/designs.py,proposed
REQ-RVJ-N03,revJ-nose,Heat,"Bench research module only (DEC-050: the C1S nose is not carried forward into Rev K; it stays for autowrite research): while autowriting with 1 mm tremor for 30 min the coil temperature rise is <= 20 K, and held surfaces stay <= 43 C absolute in a rated 30 C room (a 13 K rise), with 41 C as the design target, checked at the web over the coil plate (the rule of REQ-THM-001). The product's rules are REQ-THM-001 and B1's REQ-BNIB-010","Skin contact: ECMA-287 Table 5.2 gives 43 C for continuously held parts, and its B.5 lets the maker rate a warmer room (LIT AMF-35); under IEC 60601-1, 41 C needs no justification (LIT AMF-34). With 2 mm tremor the coil loss doubles, so such texts must stay short. Was: 'skin surface <= 41 C at the web over the coil plate in a 30 C room' (DEC-044); before that 'grip surface <= 41 C' with no room named. Was (DEC-036, DEC-044, DEC-045), a product requirement: 'Coil temperature rise <= 20 K while autowriting with 1 mm tremor for 30 min; held surfaces <= 43 C absolute in a rated 30 C room (a 13 K rise), with 41 C as the design target, checked at the web over the coil plate (the rule of REQ-THM-001)'",DEC-036; DEC-045; DEC-050; AMF-34; AMF-35,EXP-N04; EXP-J05; EXP-J13 (the C1S module); B1's heat is REQ-BNIB-010 in EXP-T15,calculated,"Rev J.1 (DEC-045), 0.1 mm graphite sheet in the shell wall (+0.21 g): the web 35.9 C at 1 mm tremor in a 30 C room, coil rise 8.5-8.7 K; autowrite with 2 mm tremor 43.7 C and 20.0 K: short texts, or a firmware cap at 0.39 W of coil loss (the coils may dissipate 0.395 W for 43 C and 0.334 W for 41 C) (CALC, fin model). At 2 x study N's coil power the web reaches 42.1 C at 1 mm tremor, at 5 x 63.8 C. Suspended by DEC-046 until study B and EXP-J17: with the refill spring's static side load (1.6 W at 50 deg, REQ-RVJ-N10) the coil would settle 162 K above the room, and at sim2's 2.68 W on the paper it passes 120 C after about 22 s (CALC on SIM; 100 K/W and 0.5 J/K ASSUMPTION). DEC-070: the sim2 and sim2j figures here used the legacy ideal sensing (exact velocity, immediate true contact, a 400 Hz loop, page model v1), so they are upper bounds on performance (DEC-070's optimistic bounds), suspended as device evidence until study X reruns them",DEC-036; DEC-044; DEC-045; results/nose2/nose2.json; revj1/thermal.py; results/revJ1/budgets.json; DEC-046; results/sim2j/power_split.json,proposed
REQ-RVJ-N04,revJ-nose,Pen lift,"Bench research module only (DEC-050: the C1S nose is not carried forward into Rev K; it stays for autowrite research): the C1S module's pen lift raises the ball >= 0.3 mm off the paper and lowers it within 8 ms of the command, holds either state with no power, >= 1e7 cycles. Rev K keeps a pen lift (DEC-050, DEC-064): the follower of the counter-face head pulls the head back and lifts the ball 0.5 mm off the paper with no holding energy; DEC-064 is revisited if a lift takes longer than 0.25 s or a positioner back-drives under 0.2 N; its life is set with the build","Strokes stay separate at 50-70 deg (a free refill follows ordinary pen lifts, DEC-041 item 3); autowrite and delayed ink need it (docs/nose_v2.md s2, s5). Was (DEC-036, DEC-044, DEC-045), a product requirement: 'The pen lifts the ball >= 0.3 mm off the paper and lowers it within 8 ms of the command, holds either state with no power, >= 1e7 cycles'. The spelling cue's lift (DEC-056 (d)) and the write-only-when-in-reach gate (EXP-W16) need one on Rev K, so DEC-050 keeps one. DEC-064 (2026-09-30): the follower's lift serves the spelling cue (EXP-S12/S18); a gated mode (EXP-W16) needs a faster lift (a latching lift coil on the float, not designed). Rev K's sentence was: 'Rev K keeps a pen lift (DEC-050): the counter-face's follower-stop screw is the first candidate to lift the refill about 0.5 mm; its speed, holding and life are set with the Rev K layout'",DEC-036; DEC-041; DEC-050; PAT-41; DEC-064,"EXP-N05 (the C1S module); B1's lifts are judged in EXP-T11 (AC-T11-03, REQ-BNIB-002); Rev K's pen lift: EXP-K23 (AC-K23-01, the lift time; AC-K23-02, the positioners' holding), used by EXP-S12/S18; EXP-W16's gated mode needs a faster lift (DEC-064)",calculated; assumed,"Rev K (DEC-064, CALC; the SQL-RV-1.8's speed-force line ASSUMPTION between MFR points): 0.5 mm at the ball, up in 0.155-0.18 s and down in 0.08-0.14 s, 0.08-0.31 J per lift, no holding energy; too slow for a gated mode, for which a latching lift coil on the float (8 ms, not designed) is the option. The C1S module: 0.5 mm lift, 5 ms switching (8 ms command to contact in SIM), 17 mJ per cycle, 0.07 W while autowriting, no holding power (electro-permanent brake and bistable latch) (CALC on ASSUMPTION inputs); freedom-to-operate review of PAT-01 open",DEC-036; nose2/designs.py axial_dof,proposed
REQ-RVJ-N05,revJ-nose,Refill force element,"Superseded for the product by DEC-050 (the refill spring force is frozen only after gate G1: REQ-BNIB-014 and REQ-BNIB-008); kept for the C1S bench research module: ink force along the refill 0.15 N +/- 20 % over the whole refill slide (26.6 mm; tendon travel 27.4 mm), never above 0.2 N along the refill; no fatigue failure within 1e8 small cycles","Stock constant-force springs are rated 2 500-25 000 cycles (MFR AMF-144); tremor stabilisation cycles the slide about 29 000 times per hour; the ball's drag is the nose's largest load. The slide was 24.4 mm with study N's front end; DEC-044's larger ring makes it 26.6 mm. Was (DEC-036, DEC-044, DEC-045), a product requirement: 'Ink force along the refill 0.15 N +/- 20 % over the whole refill slide (26.6 mm; tendon travel 27.4 mm), never above 0.2 N along the refill; no fatigue failure within 1e8 small cycles'",DEC-036; DEC-041; DEC-050; AMF-144,EXP-N06; EXP-J06 (the C1S module); the lowest reliable ink force is REQ-BNIB-014 in EXP-T02,calculated; sourced (manufacturer),"Rev J (DEC-044): spiral spring of 301 full-hard strip, 38 um x 2.6 x 139 mm, in the drum: 0.12-0.18 N along the refill over the 27.4 mm tendon travel, 0.19-0.21 N normal at the ball; Goodman safety factor 1.73 at 1e8 small cycles (+/-1.3 mm) and 1.30 at full travel (CALC; fatigue strength LIT AMF-20 with 0.8 ASSUMPTION); a 0.3 N ink force raised the coil loss 2.4-fold (SIM)",DEC-036; DEC-041; DEC-044; revj/refill.py; results/revJ/refill.json,proposed
REQ-RVJ-N06,revJ-nose,Page sensor,"Handle position on the page at >= 1 kHz, <= 2 ms latency, <= 10 um rms, while writing at 35-75 deg of tilt and pen roll +/-20 deg, with the lens height within the sensor's working band","Autowrite's estimator and the SIM results assume it; with a 120 Hz, 10 ms sensor the autowrite ink error more than doubles (72 against 30 um); the heel drive uses it to detect slip (DEC-037). Was: 35-75 deg of tilt, no roll range named; writers roll the pen (REQ-DRV-007: +/-20 deg). DEC-050 keeps the page sensor in Rev K; REQ-BNIB-017 adds its lift range (the page kept through the lifts between strokes). In Rev K (DEC-062) the page sensor sits at the bottom of the 6.0 mm skid ring, the only place where it meets +/-20 deg of roll (its lens stays in the band up to 21 deg); the heel module's pod takes that place and leaves it 0.5 deg (fit check V1), so the heel module goes into a pen only if EXP-T04 finds a sensor that tolerates +/-20 deg of roll beside the pod (DEC-065)",DEC-036; DEC-037; DEC-045; OPT-54; OPT-61; DEC-062; DEC-065,"EXP-N07; EXP-J04; EXP-J10; EXP-T04 and EXP-T05 (rig R10, the bare sensor); Rev K: EXP-T04 (AC-T04-01; AC-T04-08, beside the heel module's pod)",assumed,"Rev K (DEC-062, CALC): at the bottom of the ring the lens stays 2.22-2.42 mm above the paper with no roll and 2.22-2.58 mm at +/-20 deg of roll, inside the 2.2-2.6 mm band up to 21 deg; beside the heel module's pod it tolerates 0.5 deg. Rev J (DEC-044): folded optics beside the heel wheel; lens 2.23-2.45 mm above the paper over 35-75 deg with no roll, inside the 2.2-2.6 mm band (MFR OPT-54); 2.06-2.74 mm at +/-5 deg and 1.59-4.11 mm at +/-20 deg of roll, so the band holds only within about +/-1.5 deg (CALC): at risk. SIM assumed 1 kHz, 2 ms, 3 um noise; no part tested. Rev J.1 (DEC-045): a PMW3610-class die in the same place and optics, on in every mode; its frame rate and accuracy on paper are not stated (MFR OPT-61): EXP-J10; a PMW3360-class die stays the fallback for autowrite",DEC-036; DEC-044; DEC-045; nose2/autowrite.py; results/revJ/frontend.json; results/revJ1/budgets.json,proposed
REQ-RVJ-N07,revJ-nose,Autowrite is a mode the user turns on,"Bench research mode with the C1S nose, with no executable claim (DEC-050: autowrite needs about +/-4-6 mm of reach, which the product's B1 nib does not have; DEC-071: in-pen autowrite of whole accepted words is superseded as an executable claim): The pen draws letters on its own only in an explicit autowrite mode the user turns on, and only text the user accepted (typed, dictated, copied in the app, or a suggestion accepted with one action; DEC-049, DEC-056), in the user's own style, at up to 3 mm of tremor (DEC-049; sim2's peak at the hand); the app and the stroke record label that text as pen-written; it writes through a plan that starts a letter only when all of it fits within reach (REQ-CTRL-014); it follows the user's sweep and waits when the user slows; it sets the sweep speed per line and cues the user; it lifts the ball and stops drawing when the text leaves its reach; it never pushes the hand with the nose (the heel drive may lead a relaxed hand at gross scale, DEC-037); assistance modes never start a stroke","docs/revJ_plan.md s6; HAP-62 (users were frustrated when a handheld robot disobeyed); ACT-100 (Origin retracts when out of bounds). Amends REQ-RVH-007 for this mode (DEC-039). DEC-049 widens the mode to accepted text (study S's accepted suggestions) and to 3 mm of tremor, with the text labelled pen-written; DEC-056 (f) feeds it through the writing plan with letter admission and a reach gate (REQ-CTRL-014). At 3 mm peak at the hand the ordinary pen's ink error was 1.38-1.55 mm rms (sim2), DEC-054's severe class at the tip. Was (DEC-039): 'The pen draws letters on its own only in an explicit autowrite mode the user turns on, and only a known text (typed, dictated or copied in the app) in the user's own style; it follows the user's sweep and waits when the user slows; it sets the sweep speed per line and cues the user; it lifts the ball and stops drawing when the text leaves its reach; it never pushes the hand with the nose (the heel drive may lead a relaxed hand at gross scale, DEC-037); assistance modes never start a stroke'. DEC-050 (2026-09-30) makes autowrite a bench research mode with the C1S nose until a low-power large-reach design exists; the text after the prefix is unchanged. DEC-071 (2026-09-30): in-pen autowrite of whole accepted words is superseded as an executable claim, so this requirement governs only the C1S research mode; whole words go to a grounded stage or a moving page (EXP-BB07, EXP-PL05). DEC-074: the text the pen writes is only a revision the user explicitly accepted, and a supervisor stops execution on stale sensing, lost anchoring, tracking, current or temperature limits. The prefix was: 'Bench research mode with the C1S nose (DEC-050: autowrite needs about +/-4-6 mm of reach, which the product's B1 nib does not have)'",DEC-039; DEC-049; DEC-050; DEC-056; HAP-62; ACT-100,"design review; EXP-N09 (AC-N09-02); EXP-S19 (the plan on the bench); EXP-S18 (accepted suggestions, one action)",proposed design; simulated,"In SIM the pen followed the sweep and waited: an uneven sweep (+/-30 %) or a drifting hand (+/-1 mm) left the ink at 30-31 um; one of six test writers needed a slower sweep for its line (post hoc) (docs/nose_v2.md s5.3, s5.5). DEC-049 (sim2, 6 test writers, 3 mm peak at the hand, 5 and 8 Hz): letters read 82 / 88 %, words (after autocorrect) 80 / 97 %, ink 67 / 83 um from the planned letters; the nose used 6.55 of its 6.57 mm. Study S (kinematics only): an accepted word at a 3 mm x-height is written in full in 95 % of cases at +/-6 mm with the hand advancing, 23 % at +/-4 mm, 2 % with a still hand. DEC-070: the sim2 and sim2j figures here used the legacy ideal sensing (exact velocity, immediate true contact, a 400 Hz loop, page model v1), so they are upper bounds on performance (DEC-070's optimistic bounds), suspended as device evidence until study X reruns them",DEC-039; DEC-049; DEC-056; nose2/autowrite.py; nose2/planner.py; ai3/complete_plan.py; ai3/layers.py; results/sim2j/autowrite.json,proposed
REQ-RVJ-N08,revJ-nose,Autowrite legibility (SIM gate before hardware),"Bench research mode with the C1S nose, with no executable claim (DEC-050: autowrite needs about +/-4-6 mm of reach, which the product's B1 nib does not have; DEC-071: in-pen autowrite of whole accepted words is superseded as an executable claim): (a) On the HW1 test set (writers 0-5, seeds 200-203) at 2.5 mm letters with <= 1 mm tremor: mean letters read >= the mean clean-target ceiling - 2 points; mean ink error <= 45 um rms; every writer's line is planned (the pen may slow the sweep for a line). (b) For DEC-049's range, in sim2 (test writers 0-5, 3 mm peak tremor at the hand at 5 and 8 Hz, 2.5 mm letters, accepted text through the plan of REQ-CTRL-014): mean letters read no more than 2 points below DEC-049's result (82 % at 5 Hz, 88 % at 8 Hz), with no letter left half-written","The SIM result of docs/nose_v2.md s5.3 (99.2 % against 100 %, 29-36 um), kept as a regression gate for firmware changes. Part (b) keeps DEC-049's widened range as a regression gate too, with the same 2-point margin; DEC-049's words were read after autocorrect, so the gate uses letters. Page-sensor errors move autowrite's ink directly (sim2: 2-4 x the ink error with DeltaPen-like errors that do not add up; letters 1.5-3 mm apart if they add up, REQ-RVJ-C05), so the gate is also reported with the measured-error page model (REQ-DATA-007). Was (DEC-039): 'On the HW1 test set (writers 0-5, seeds 200-203) at 2.5 mm letters with <= 1 mm tremor: mean letters read >= the mean clean-target ceiling - 2 points; mean ink error <= 45 um rms; every writer's line is planned (the pen may slow the sweep for a line)'. DEC-050 (2026-09-30) makes autowrite a bench research mode with the C1S nose until a low-power large-reach design exists; the text after the prefix is unchanged. DEC-071 (2026-09-30): in-pen autowrite of whole accepted words is superseded as an executable claim, so this gate governs only the C1S research mode. The prefix was: 'Bench research mode with the C1S nose (DEC-050: autowrite needs about +/-4-6 mm of reach, which the product's B1 nib does not have)'",DEC-039; DEC-036; DEC-049; DEC-050; DEC-056,nose2 test grid (AC-N08-01); sim2 autowrite at 3 mm (AC-N08-03); EXP-N08 on the bench,simulated,"Letters 99.2 % against a 100 % ceiling, ink 29-36 um with up to 1 mm tremor; writer 4 had no plan at the frozen 1.25 x sweep (12 of 72 cases per tremor amplitude) and fits after slowing to 1.0 x (post hoc) (SIM). DEC-049 (sim2, nose2's planner with a known text, 3 mm): letters 82 / 88 %, ink 67 / 83 um at 5 / 8 Hz; the misreadings are mostly the letter i read as l or z (the i-dot lost or misplaced); not yet run with the plan of REQ-CTRL-014. DEC-070: the sim2 and sim2j figures here used the legacy ideal sensing (exact velocity, immediate true contact, a 400 Hz loop, page model v1), so they are upper bounds on performance (DEC-070's optimistic bounds), suspended as device evidence until study X reruns them",DEC-039; DEC-049; results/nose2/nose2.json; nose2/evaluate.py; results/sim2j/autowrite.json,proposed
REQ-RVJ-N09,revJ-nose,Front stop,"Bench research module only (DEC-050: the C1S nose is not carried forward into Rev K; it stays for autowrite research): the C1S module's refill front stop engages within 0.3 mm of slide beyond the ball's contact position, and the ink tail after a 30 mm/s pen lift is <= 0.5 mm. In Rev K the float of the counter-face head limits the refill to 1.0 mm beyond its writing position at 35 deg (0.6 mm at 75 deg) without a float brake, or 0.25 mm with one (REQ-BNIB-002, DEC-064)","With a fixed stop 0.3 mm beyond contact the ball touched the paper for only 63-73 % of pen-down time under correction (sim2, REQ-RVH-008), and a longer fixed stop lets a free refill follow ordinary pen lifts (DEC-041 item 3). REQ-RVH-008 covers Rev H; this is the Rev J rule, a stop that follows the nose (the drum brake). Was (DEC-036, DEC-044, DEC-045), a product requirement: 'The refill's front stop engages within 0.3 mm of slide beyond the ball's contact position, and the ink tail after a 30 mm/s pen lift is <= 0.5 mm'. The 0.5 mm ink-tail line stays for the B1 nib as a derived check in EXP-T11 (AC-T11-03). DEC-064 (2026-09-30) gives the face a float of +/-0.56 mm in place of study B's 0.25 mm gap to the follower stop; the old Rev K sentence was 'In Rev K the counter-face's follower stop limits the refill to 0.25 mm beyond its writing position (REQ-BNIB-002)'. Study K's ink tail after a natural lift is 0.28-1.1 mm without the brake (CALC), so AC-T11-03's 0.5 mm is at risk",DEC-041 item 4; DEC-044; DEC-045; DEC-050; docs/revJ_design.md s5.3; DEC-064,EXP-J06 (AC-J06-02),calculated; assumed,"The drum brake locks when the slide runs 0.3 mm past the contact computed from the tilt and the nose position; at a 30 mm/s lift detection takes 7.7 ms and the brake 3 ms (ASSUMPTION): about 0.33 mm of ink tail; a 0.5 deg tilt error moves the computed contact by 0.17 mm (CALC; Rev J design, not changed by Rev J.1)",DEC-041; DEC-044; DEC-045; docs/revJ_design.md s5.3,proposed
REQ-RVJ-N10,revJ-nose,Static side load of the ball,"With the refill spring at its nominal force and the ball on the paper at 35-75 deg of tilt, the nose's steady coil heat is <= 0.1 W","The spring presses the ball on the paper, and at tilt theta the paper pushes back sideways with F_c cot(theta). The soft C1S gimbal (2.8 mN m/rad) leaves that load to the coils on an 11.5 mm magnet arm: at 1.62 W the coil settles 162 K above the room, and at sim2's 2.68 W on the paper it passes 120 C after about 22 s (CALC on SIM; 100 K/W and 0.5 J/K ASSUMPTION). Rev H's 34 mm arm needs about 0.13 W for the same load (CALC). The 0.1 W target is an ASSUMPTION","DEC-046; DEC-050; docs/revJ_simulation.md s8.1, s10; docs/balanced_nib.md","EXP-J17 on rig R9 and EXP-T12 part B on rig R13 (the balanced nib B1, AC-J17-02), with the counter-face bench of EXP-J17 part (c) (study B's EXP-B22)",calculated; simulated,"C1S nose with the 0.15 N spring: 0.81 A and 1.62 W at 50 deg while the ball is on the paper, 4.7 W at 35 deg and 0.17 W at 75 deg; it scales with F_c^2 and cot^2(theta) (CALC). sim2, writer 0, tremor-free writing: 2.25 W mean, about 1.1 W of it this load (SIM). A 0.075 N spring: 0.41 W at 50 deg (CALC) and 1.32 W in sim2 (SIM), with ink laydown untested (EXP-Q02). No passive mechanism yet: study B chooses it (DEC-046). DEC-050 (study B, CALC): the balanced B1 nib with the counter-face holds at most 1.6 mW at the worst tilt and roll (3.2 mW with 30 % weaker magnets) and draws 7.6 mW continuous at duty A; DEC-046 is resolved. The same nib unbalanced holds 314 mW at 35 deg. DEC-070: the sim2 and sim2j figures here used the legacy ideal sensing (exact velocity, immediate true contact, a 400 Hz loop, page model v1), so they are upper bounds on performance (DEC-070's optimistic bounds), suspended as device evidence until study X reruns them",DEC-046; DEC-050; results/bnib/bnib.json; sim2j/run_study.py (power_split stage); results/sim2j/power_split.json; results/sim2j/power.json,proposed
REQ-RVJ-I01,revJ-integration,Battery per mode,"Battery, continuous writing on the LIR14500 at 23 C, per mode: steady up to 1 mm rms tremor >= 8 h; guide >= 8 h; lead-through >= 7.5 h; autowrite >= 6 h up to 1 mm tremor and >= 3.5 h at 2 mm (short texts); the page sensor stays on in every mode. For Rev K, REQ-RVK-002 replaces these rows (DEC-062); the autowrite rows apply only to the C1S bench research module","One set of battery targets for every mode; it takes over the hours of REQ-DRV-009 and REQ-EC-008 (folded in). The page sensor feeds DEC-042's tremor-line detector, so the steady modes cannot switch it off (REQ-RVJ-I07). Was (DEC-044): >= 8 h in the steady and guide modes and >= 5 h in lead-through and autowrite at <= 1 mm tremor, with the page sensor duty-cycled in the steady modes. DEC-051 takes the end-cap out of the product: its row ('with the end-cap fitted and active only while a tremor line is detected >= 8 h at the end-cap's measured duty and >= 6 h at its design power', DEC-045) is back in REQ-EC-008, which applies only if an end-cap returns through REQ-WP-001",DEC-044; DEC-045; DEC-051; docs/revJ1_design.md s4.7; AMF-80; OPT-60; OPT-61; DEC-062,"EXP-D06 (guide and lead-through, AC-D06-05); EXP-J12 (electronics); CALC. For Rev K, EXP-P01's AC-P01-06 tests REQ-RVK-002",calculated,"Rev J.1 (DEC-045), 2.22 Wh usable: steady 8.5-9.7 h at 1 mm tremor (14.8-18.9 h without); with the end-cap active 7.7-8.6 h at its SIM power (8.6 h only with the typical electronics) and 6.4-7.1 h at its design power; guide 12.1-16.1 h; lead-through 7.5-8.8 h; autowrite 6.5-7.4 h at 1 mm and 3.8-4.1 h at 2 mm (CALC). Every figure rests on study N's nose-coil power: at 2 x it, steady writing at 1 mm tremor lasts 4.9-5.3 h, at 5 x 2.0-2.1 h; the whole-pen simulation has reported 1.3-2.4 W in some tremor runs (unconfirmed). Suspended by DEC-046 until study B and EXP-J17: these figures leave out the refill spring's static side load (1.6 W at 50 deg with the C1S nose, REQ-RVJ-N10); with it sim2 draws 2.3 W while writing, about 1 h per charge (CALC on SIM). DEC-050 (study B, CALC): with the B1 nib the pen writes about 38 h per charge (the electronics dominate; 33.5 h in sim2's runs); the autowrite rows apply only to the C1S bench research module; Rev K's per-mode targets are REQ-RVK-002 (DEC-062; study K, CALC: 21.0-50.1 h in every writing mode, lead-through 10.8-15.0 h with the heel module). DEC-070: the sim2 and sim2j figures here used the legacy ideal sensing (exact velocity, immediate true contact, a 400 Hz loop, page model v1), so they are upper bounds on performance (DEC-070's optimistic bounds), suspended as device evidence until study X reruns them",DEC-044; DEC-045; revj1/power.py; revj1/budgets.py; results/revJ1/budgets.json; DEC-046; results/sim2j/power_split.json,proposed
REQ-RVJ-I02,revJ-integration,Nib suspension axial load,"Rev K (DEC-050: the B1 nib replaces the C1S nose): the nib's suspension carries >= 2 x the measured axial magnetic force on its moving part without buckling, and axial stops keep it elastic after a 1 m drop; in B1 the magnets and keeper are handle-fixed and the coils move, so no actuator magnet rides on the suspension, and the wires' fatigue and drop are also REQ-BNIB-007 and REQ-BNIB-012. The C1S bench research module keeps the gimbal rule: the gimbal carries >= 2 x the measured axial magnetic pull of the actuator without buckling; its strips keep a fatigue safety factor >= 1.5 at full-travel tilt under the measured pull; axial stops keep the strips elastic after a 1 m drop; the spheres' centre sits on the pivot within 0.05 mm, axially and sideways","The magnet cap pulls toward the coil plate's iron with 12.4-22.2 N (ideal iron, by where the iron face is taken); study N's 50 um strips buckle at 16.4 N in compression (a co-rotational beam model; safety factor about 1.0, not the 1.24 of DEC-044), and a tail-first drop loads them further; an off-centre sphere adds negative stiffness or a steady torque the coils must hold. Was (DEC-044): >= 2 x the pull and the centring only. Re-scoped for Rev K (DEC-050): B1's moving coil puts no pull on its suspension, and the keeper's pull (9.1 N, CALC) acts between two handle-fixed parts; B1's four wires buckle sideways at 0.08 N in compression (CALC, docs/balanced_nib.md s5.2), so any axial force on the carrier, such as on the position sensor's 1 mm magnet, must stay well below that. Before the re-scope the requirement was the gimbal rule alone (DEC-044, DEC-045), now the C1S module's clause, unchanged; the title was 'Gimbal axial load'",DEC-044; DEC-045; docs/revJ1_design.md s3; AMF-20; DEC-050; docs/balanced_nib.md (s5.2),"Rev K: EXP-T08 on the B1 coupon (AC-T08-04, the axial force on the carrier against the wires' buckling; AC-T08-01, the keeper pull) and EXP-B25 (the wires' stiffness, fatigue and drops); the C1S module: EXP-J01 (pull, centring); EXP-J11 (buckling, fatigue, drops); EXP-T08 (rig R12: suspension stiffness against the negative magnetic stiffness, AC-T08-02)",calculated,"Rev K, B1 (CALC, docs/balanced_nib.md s5.2): no actuator magnet on the moving part; the keeper's pull 9.1 N between handle-fixed parts; the four wires buckle sideways at 0.08 N in compression, and behind 20 um axial stops they stay elastic in 500 and 2000 g drops; the force on the position sensor's magnet was not computed. The C1S module (values from the Rev J.1 layout; Rev K's layout is still to be done): Rev J.1 (DEC-045): 75 um x 2.55 x 3.8 mm 301 full-hard strips in compression, crossing at mid-length: buckling 55.3 N; Goodman safety factor 2.0 at 16.5 N and 1.7 at 22.2 N (1.0 at the crude 36 N); stiffness 9.4 mN m/rad unloaded and 22.7 at 16.5 N; a tail-first drop buckles the pivot above 222 g, and buckled strips stay elastic if the rear stop engages within 5 um (front stop within 20 um; stops not yet designed); an offset of 0.05 mm changes the stiffness by 3.6 % (axially) or costs 12 mW of holding power (sideways) (CALC). Strips in tension fail fatigue, and thrust pivots add 65-97 mN of friction at the ball (CALC)",DEC-044; DEC-045; revj1/gimbal.py; results/revJ1/gimbal.json; results/revJ1/magnetics.json,proposed
REQ-RVJ-I03,revJ-integration,Heel-motor cogging,"The detent torque that the pen's magnets add at each heel motor is <= the motor's friction torque (0.011 mN m, MFR AMF-100); in Rev K the magnets are B1's pole magnets and keeper (DEC-050)","The heel motors sit under the cell near the C1S magnet cap (DEC-044: front faces 2.7 mm behind the coil plate; DEC-045 moves them and their gears 10 mm further back); a detent adds a once-per-turn force at the tyre (0.12 N at Rev J's place, against a 0.03 N backdrive). Re-scoped for Rev K (DEC-050): B1's four N52 poles (5.12 x 5.12 x 3.50 mm) and a 1010 keeper replace the C1S cap, and the heel wheel stays in Rev K, retracted by default (DEC-048). Until the Rev K layout exists, the estimate comes from the Rev J.1 layout (the C1S cap, with the motors 10 mm further back than Rev J's)",DEC-044; DEC-045; DEC-037; AMF-100; AMF-155; DEC-050,EXP-J02 (the C1S cap at the Rev J.1 place); the same test with B1's magnets at Rev K's motor place once its layout exists,calculated,"From the Rev J.1 layout (the C1S cap) until the Rev K layout exists: Rev J.1 (DEC-045), motors 10 mm further back: 0.0073 mN m, 0.66 x the friction torque (free space, an upper bound: the plate's back iron lies between; the black-anodised aluminium housing does not shield, MFR AMF-155); 0.062 mN m at Rev J's place (Rev J's 0.080 bound counted the axial field too) (CALC); a soft-iron cup does not fit",DEC-044; DEC-045; revj1/magnetics.py; results/revJ1/magnetics.json,proposed
REQ-RVJ-I04,revJ-integration,Nib position sensing near the magnets,"Nib position error <= 10 um rms at the tip over the servo band, including the running heel motors, the pen lift and the coil currents (Rev K: B1's 3-D Hall sensor, whose own noise limit is REQ-BNIB-009; the C1S bench research module: its two linear Hall sensors)","The two linear Hall sensors (DRV5055-A4) on the main board sit among the actuator magnets, the heel motors and the pen-lift brake (DEC-044). Re-scoped for Rev K (DEC-050). Was (DEC-044): 'Nose position error <= 10 um rms at the tip over the servo band, including the running heel motors, the pen-lift brake and the coil currents'; the title was 'Nose position sensing near the magnets'. Until the Rev K layout exists, the heel motors' ripple and the Earth's-field figures come from the Rev J.1 layout (the DRV5055 pair on the main board)",DEC-044; OPT-46; OPT-53; DEC-050; OPT-44,"Rev K: EXP-T09 (rig R12: B1's sensor with the coils driven by linear and PWM drive, AC-T09-01 and AC-T09-03), then EXP-J03's test on Rev K's layout once it exists; the C1S module: EXP-J03; EXP-J02 (the motors' stray field)",calculated,"Rev K, B1 (CALC, study B): 0.99 um rms at 1 kHz from the 3-D Hall sensor with the cross-talk calibrated (REQ-BNIB-009). From the Rev J.1 layout (the C1S nose's DRV5055 pair) until the Rev K layout exists: Noise 5.6 (x) and 6.1 (y) um rms at the tip; the cap's own field 2.8 um, a fixed map to calibrate out; unshielded heel motors 10.2 um at the Rev J.1 place (DEC-045; 15.4 um at Rev J's), turning with the rotor: just over 10 um until it is subtracted by rotor angle; Earth's field 16.8 um, slow; brake and coil fields not computed (CALC)",DEC-044; DEC-045; revj/magnetics.py; revj1/magnetics.py; results/revJ1/magnetics.json,proposed
REQ-RVJ-I05,revJ-integration,Stray field,The distance at which the pen's magnetic field falls to the implant limit is measured and stated in the manual; the limit is set from ISO 14117; in Rev K the field comes from B1's magnets and keeper and the heel motors (DEC-050),"Magnets near implants (Rev J envelope, docs/revJ_plan.md s6); outside the pen the heel motors' rotors dominate the field. Re-scoped for Rev K (DEC-050): B1's four N52 poles and keeper replace the C1S cap. Until the Rev K layout exists, the estimate comes from the Rev J layout",DEC-044; docs/revJ_plan.md s6; DEC-050,EXP-J07 (the Rev J mock-up now); the same test on Rev K's layout once it exists,calculated; assumed,"From the Rev J layout (the C1S cap) until the Rev K layout exists: 1 mT at about 23 mm from the surface; the magnet cap alone about 10 mm (CALC, free space, motor housings ignored); the 1 mT level is an ASSUMPTION until ISO 14117 and the makers' guidance are read",DEC-044; revj/magnetics.py; results/revJ/magnetics.json,proposed
REQ-RVJ-I06,revJ-integration,Ink visibility,"With the pen at the writer's own tilt, the fresh ink is visible within 3 mm behind the ball for most writers, for eye positions 40-70 deg above the paper and 0-60 deg to the writer's side of the pen's back direction","Writers correct their letters by sight; the larger Rev J front hides more at 50 deg than Rev H does. Was: no eye range named (DEC-044 used one assumed eye, 55 deg up and 30 deg to the side)",DEC-044; DEC-045; DEC-034,"EXP-J15 (the Rev J.1 window); EXP-J08 (Rev H and Rev J fronts); EXP-J15 repeated on the Rev K front (AC-J15-04, DEC-062)",calculated; assumed,"Rev K (DEC-062, CALC, the same method and eye range): with the 6.0 mm ring and the clear window over the top 240 deg the ink shows within 1 mm in 19 % and within 3 mm in 56 % of cases (median 2.6 mm); with the ring's opening alone 17 % and 50 %. Rev J.1 (DEC-045), the first 15 mm of the sleeve clear over the top 240 deg (hard-coated PC): over tilts 35-75 deg and the eye range, the ink shows within 3 mm in 61 % and within 1 mm in 47 % of cases (Rev J 36 % and 22 %); at 50 deg with the eye 55 deg up and 30 deg to the side, from 3.0 mm (Rev J not within 6 mm) (CALC, eye range ASSUMPTION: no writing-posture source with eye angles could be opened)",DEC-044; DEC-045; revj1/visibility.py; results/revJ1/visibility.json,proposed
REQ-RVJ-I07,revJ-integration,Page-sensor power,The page sensor stays on in every mode and draws <= 3 mW from the cell; its stream feeds DEC-042's tremor-line detector,"DEC-042's detector runs on the page sensor, so the steady modes cannot switch it off; a PMW3360-class die takes 34-80 mW, more than the battery per mode allows (REQ-RVJ-I01)",DEC-042; DEC-045; OPT-61; AMF-109; docs/revJ1_design.md s4.2,EXP-J10 (current probe); EXP-J12,calculated; sourced (manufacturer),"PMW3610-class die, always on: 1.3-1.9 mW (0.60 mA at 1.8 V, MFR OPT-61, x 1.5 for its polling and the regulator, ASSUMPTION; CALC); whether it gives autowrite's 1 kHz, 2 ms and 10 um on paper is unknown (EXP-J10); a PMW3360-class die stays the autowrite fallback",DEC-045; revj1/power.py; results/revJ1/budgets.json,proposed
REQ-RVJ-C01,revJ-control,Nose command band limit,"The nose command is band-limited to what the nose servo follows: the Rev H tracker's 64 Hz second-order output filter or an equivalent, with its delay inside the prediction horizon","At lag 0 the listening prediction carried 15-200 Hz content (p99 command speed 0.33 m/s at 10 Hz, 1 mm); the C1S nose missed its command by 890 um rms, and the ink moved 1.6 x as much as with the device off (SIM, tuning writer 100). With the 64 Hz filter, its delay added to the prediction horizon, the same tracker helped. ai2's HW1 nose model did not show this","DEC-042; DEC-047; docs/revJ_simulation.md s4.1, s10",firmware review and the EXP-L02 bench runs (AC-L02-04); sim2,simulated,"In sim2 every tracker compared ran with the Rev H tracker's 64 Hz output filter; without it the listening prediction made the ink worse than the device-off pen (SIM, sim2j). DEC-070: the sim2 and sim2j figures here used the legacy ideal sensing (exact velocity, immediate true contact, a 400 Hz loop, page model v1), so they are upper bounds on performance (DEC-070's optimistic bounds), suspended as device evidence until study X reruns them",DEC-047; sim2j/akf_online.py; sim2j/tuning.py; results/sim2j/rules.json,proposed
REQ-RVJ-C02,revJ-control,No controller moves tremor-free writing,"Every controller, the heel wheel's modes included, moves tremor-free writing by <= 25 um rms, checked in sim2 against the device-off pen with the same noise","The project rule on false correction (validation/README.md s2) applied to the whole pen. In sim2 the heel wheel's tremor mode moved tremor-free writing by 0.40 mm (up to 0.50 mm): it steers after the pen with a lag and its tyre resists sideways motion, so fast turns are pulled out of shape. A writer who has learned the wheel was not simulated","DEC-047; DEC-048; docs/revJ_simulation.md s6.1, s8.2, s10",sim2 gate on the firmware under test (AC-L02-05); EXP-J18 with people (the wheel's modes),simulated,"sim2, test writers 0-4: the guarded tracker G4 0 um; ai2's gated listening tracker 36-85 um (mean 59); the TCN replayed 107-206 um; nose + heel wheel in its tremor mode 324-503 um (mean 403) (SIM): the wheel's tremor mode fails, so DEC-048 keeps the wheel retracted. DEC-070: the sim2 and sim2j figures here used the legacy ideal sensing (exact velocity, immediate true contact, a 400 Hz loop, page model v1), so they are upper bounds on performance (DEC-070's optimistic bounds), suspended as device evidence until study X reruns them",DEC-047; DEC-048; sim2j/et.py; results/sim2j/et.json,proposed
REQ-RVJ-C03,revJ-control,Tremor-line detector shut on writing,"The tremor-line detector does not open on the tremor-free writing of the tuning writers of every writer model in use (v1 and v2), with its input restricted to page samples taken while the ball is on the paper","Tremor-free writing carries spectral lines that a detector can take for tremor: on the intended paths alone ai2's detector reaches peak ratios of 4-6 on v2 writers and 14 on one v1 writer (threshold 5; CALC); sim2's touchdown adds a 9.4 Hz line; with air moves in its input the detector opened on tremor-free writing (SIM, tuning writer 100)","DEC-042; DEC-047; docs/revJ_simulation.md s3, s4.1, s10",sim2 gate on the detector build (AC-L01-07); EXP-L01 on real recordings,simulated; calculated,"G4's stricter threshold (open above a peak ratio of 8, close below 4) with ball-on-paper input: no false correction on the tuning writers (v2) or on test writers 0-2 with v1 and v2 (SIM); its rules were fixed before the test (results/sim2j/rules.json). DEC-070: the sim2 and sim2j figures here used the legacy ideal sensing (exact velocity, immediate true contact, a 400 Hz loop, page model v1), so they are upper bounds on performance (DEC-070's optimistic bounds), suspended as device evidence until study X reruns them",DEC-047; sim2j/akf_online.py; results/sim2j/rules.json; results/sim2j/writer_cmp.json,proposed
REQ-RVJ-C04,revJ-control,Filtered nose servo,"The nose servo filters its position signal to its bandwidth, so that the position-sensor noise adds <= 50 mW of coil loss","sim2's nose servo reads the Hall sensors at 10 kHz with 5.9 um rms of noise and no filter; its derivative action turns the noise into about 0.7 W of coil current (SIM: 2.25 W with the noise and 1.51 W without; with the ball lifted 1.20 W against 0.31 W). A real servo filters its position signal: a firmware requirement, not a hardware change","DEC-046; docs/revJ_simulation.md s8.1, s10","EXP-J17 (the ball lifted, AC-J17-03)",simulated,"Unfiltered in sim2: about 0.7 W (SIM, writer 0, tremor-free writing); no filtered servo simulated yet. Study B (SIM): B1's servo acts on a model-based observer of the noisy Hall reading in every sim2 run (REQ-BNIB-009); B1 drew 11.8 mW in tremor-free writing. DEC-070: the sim2 and sim2j figures here used the legacy ideal sensing (exact velocity, immediate true contact, a 400 Hz loop, page model v1), so they are upper bounds on performance (DEC-070's optimistic bounds), suspended as device evidence until study X reruns them",DEC-046; sim2j/firmware.py; results/sim2j/power_split.json,proposed
REQ-RVJ-C05,revJ-control,Page-sensor drift on paper,"On paper at writing speeds the accumulated (walking) part of the page sensor's position error, fitted from the structure function of its 10 ms window errors, is <= 0.1 mm over 2 s of writing; and its error per 10 ms window, by DeltaPen's own metric (the difference of the translation lengths), is no worse than DeltaPen's (median 24 um, mean 68 um)","Autowrite, guidance and tracing place the ink by the measured position, so the page error goes straight into the ink: with DeltaPen-like errors that do not add up, autowrite's ink error rose 2-4 x and the text stayed readable; with errors that add up, the letters drifted 1.5-3 mm apart and 7 of 10 words were read (SIM, writers 0-1). The tremor tracker was insensitive. 0.1 mm over 2 s (about one word) is an ASSUMPTION target. DEC-059 judges drift on the part of the error that accumulates: a held error of sim2j's DeltaPen-like size alone gives a raw 2 s difference of 416 um (95th percentile) with nothing accumulating (SIM, docs/measurement_rig.md s3.6). It also compares the window error with DeltaPen's own metric, the error of the translation length (LIT OPT-85), with the vector difference reported beside it. Was (DEC-049): 'On paper at writing speeds the page sensor's position error accumulates by <= 0.1 mm over 2 s of writing, and its error per 10 ms window is no worse than DeltaPen's (median 24 um, mean 68 um)'","DEC-049; OPT-02; docs/revJ_simulation.md s6.7, s10; DEC-059; OPT-85; docs/measurement_rig.md s3.6","EXP-J10 (AC-J10-04), measured on rig R10 in EXP-T04",simulated; sourced (literature),"No measurement on paper. DeltaPen (LIT OPT-02, on a tablet surface): 68.3 um mean and 23.6 um median per 10 ms window, 2.6 mm/min drift at rest. sim2 assumes 3 um rms white noise per 1 kHz sample (ASSUMPTION), so its autowrite, tracing and lead-through ink errors are optimistic by up to 2-4 x (SIM). DEC-070: the sim2 and sim2j figures here used the legacy ideal sensing (exact velocity, immediate true contact, a 400 Hz loop, page model v1), so they are upper bounds on performance (DEC-070's optimistic bounds), suspended as device evidence until study X reruns them",DEC-049; sim2j/sensing.py; results/sim2j/page_noise.json; DEC-059; rig/pagesense.py (sim2j_page_model),proposed
REQ-WP-001,whole-pen,An added device beats the same pen locked,"A device added to shift the pen (collar, tail module, paper force) enters the product only if it lowers the tremor left at the tip by >= 10 % against the same pen with that device locked and the existing corrector working, at grip 0.5, 1 and 2 x nominal, in the simulator and on the hand phantom, without lowering coverage by more than 5 points","The review's gate G5 made a requirement for product entry (DEC-051, DEC-053). Relation to the end-cap rules: REQ-EC-002 compares against no module (>= 10 % further reduction on top of the nose) and REQ-EC-003 against the same mass fixed (>= 5 points), both at the measured grip split; this rule is stricter (10 % over the locked device at every grip strength) and adds coverage. It replaces them for product entry: the end-cap is only a bench comparison (DEC-051), and a return to the product is judged here. The phantom part is AC-T16-01 on rig R14 (lower 95 % bound at every grip strength; it was a hypothesis on REQ-EC-003), with the collar of EXP-W11, the tails of EXP-W14 and the end-cap of EXP-K02/J16; REQ-EC-002 and REQ-EC-003 keep their bench lines","DEC-051; DEC-053; docs/whole_pen_shift.md (s4.4, s4.5; proposed requirements); independent review 2026-09-29 (G5)","SIM (docs/whole_pen_shift.md s4.4, s4.5); EXP-T16 on rig R14 (AC-T16-01) with EXP-W11, W14, K02 and J16; EXP-W17 (the paper force, AC-W17-01)",simulated,"SIM (two synthetic test writers, one seed each): the collar with the 87 g Rev J pen inside changed the tremor left by -5 % to +5 % against the same pen with it locked and the nose working (fails); with a light 24 g inner pen 17 % less at 8 mm PD, but 17 points less ink laid (fails on coverage); the 100 g gyroscopic tail 15 / 51 / -14 % at grips 0.5 / 1 / 2 x on the tuning writer and 9 % on test writer 0 (fails). DEC-070: study W's SIM figures ran sim2 with the sim2j firmware on the legacy ideal sensing, so they are upper bounds on performance (DEC-070's optimistic bounds), suspended as device evidence until study X reruns them",DEC-051; DEC-053; wholepen/; results/wholepen/test.json; results/wholepen/grips.json,proposed
REQ-WP-002,whole-pen,Collar envelope and travel,Collar <= 22 mm across; inner barrel <= 12 mm; tip travel >= +/-4 mm at 4-10 Hz under a 1 N writing load; pen <= 55 g in total,"The review's envelope for a whole-pen shifter (a grip of about 22 mm, 40-65 g). Applies to the collar mock-up (EXP-W11 to W13) and to any product collar that later passes REQ-WP-001; DEC-051 puts no whole-pen actuator in the product now. A +/-5 mm collar needs 23.6 mm and +/-6 mm 25.5 mm (CALC)",DEC-051; docs/whole_pen_shift.md (s3d; proposed requirements),CAD fit checks (mechanics/cad/wholepen.py); EXP-W11 (AC-W11-01),calculated,"V2 collar (PROPOSED DESIGN, CALC): 21.7 mm across, 12 mm barrel, flexure pivot 50 mm behind the tip swung +/-4.6 deg for +/-4 mm at the tip (+/-5.2 mm across the page in the tilt plane); 40.1 g in total (collar 18.3 g, inner pen 21.9 g). Not built","DEC-051; wholepen/calc.py (collar_geometry, collar_masses); mechanics/cad/wholepen.py; results/wholepen/calc.json",proposed
REQ-WP-003,whole-pen,Writing force through the collar,The writing force goes through the collar's skid ring and the inner pen carries only its refill spring; static holding power <= 0.2 W at 35 deg and <= 0.06 W at 50 deg,"The review's point 1: the refill spring's side load at the ball costs Rev J's nose 4.72 / 1.63 / 0.17 W at 35 / 50 / 75 deg (REQ-RVJ-N10 asks <= 0.1 W of steady coil heat for the nib). In a V1 collar, where the whole pen swings with its skid ring, the actuators would hold the writing force (0.6-1.2 W, CALC). Applies to the collar mock-up and to any product collar that passes REQ-WP-001","DEC-051; docs/whole_pen_shift.md (s3a, s3d; proposed requirements)","EXP-W11 (current at rest while writing, AC-W11-02)",calculated,CALC: 0.16 / 0.055 / 0.006 W at 35 / 50 / 75 deg with the coil plate (F_c cot(theta) z_p on the 42 mm lever),DEC-051; wholepen/calc.py; results/wholepen/calc.json,proposed
REQ-WP-004,whole-pen,The refill follows the paper through the swing,"The refill follows the paper through the collar's swing while the skid ring is loaded (bounded extension >= z_p x swing x cot(theta_min) + 0.3 mm, about 3.3 mm at 35 deg), and lifts with the pen when the ring unloads, so that strokes do not join","In the tilt plane the ball must slide along the pen to stay on the paper. SIM: with a +/-0.05 rad, 6 Hz swing the ball stayed on the paper 99.8 % of the time with this stop and 70 % with a stop that follows only the pivot angle (development runs). The collar's counterpart of REQ-RVJ-N09 (Rev J's front stop that follows the nose) and REQ-RVH-008",DEC-051; docs/whole_pen_shift.md (s3d; proposed requirements),EXP-W13 (AC-W13-01),simulated; proposed design,PROPOSED DESIGN: a load cell on the skid ring tells when it is loaded; in the simulator the stop was bounded to 3 mm beyond the collar-relative stop (wholepen/stepper.py). CALC check (validation pass): the formula gives about 6.0 mm at the full +/-4.6 deg swing and 35 deg (50 mm x 0.080 rad x cot 35 deg + 0.3 mm); 3.3 mm matches about +/-2.4 deg (+/-2.1 mm at the tip): to be settled (validation/README.md s7),DEC-051; wholepen/stepper.py,proposed
REQ-WP-005,whole-pen,The web rests on the collar,The thumb-index web rests on the collar (a saddle to z >= 97 mm); the swinging barrel clears the web and the sleeve at full swing (fit margin >= 0.3 mm),"Where the web rests on the moving barrel it takes part of the motion: the ink then moves 0.58-1.23 x the ideal lever, depending on the grip, against 0.78-1.21 x with the web on the collar (CALC, compact 22 g inner pen, grip 0.5-2 x, split 0.3-0.7). Applies to the collar mock-up and to any product collar that passes REQ-WP-001",DEC-051; docs/whole_pen_shift.md (s3d; proposed requirements),"CAD fit checks (mechanics/cad/wholepen.py); EXP-W11 (the mock-up, AC-W11-05); EXP-W12 (with people, AC-W12-02)",calculated,CALC on the CAD: the swung inner pen clears the sleeve by 0.72-1.00 mm and the coil plate by 0.52 mm; saddle to z 97 mm (PROPOSED DESIGN); with the web on the collar the loop keeps a margin >= 0.93 (gain 0.75) over grip 0.5-2 x and split 0.3-0.7,DEC-051; wholepen/calc.py (collar_control); mechanics/cad/wholepen.py; results/wholepen/cad/,proposed
REQ-WP-006,whole-pen,Collar loop stable across grips,"With one fixed controller model, the collar's loop stays stable and removes >= 50 % of a 3 mm, 5-9 Hz tremor at grip 0.5-2 x nominal, with the web on the collar","The review's decisive question for a whole-pen shifter: the grip sets how far the ink moves, and the pen cannot know the grip exactly. CALC: with the compact inner pen and the web on the collar the controller's model is within 6 % in gain and 5 deg in phase and the loop margin is >= 0.93; with the 87 g Rev J pen inside, up to 53 deg. SIM: no causal law was found with which the collar is the main corrector behind a small +/-1 mm nib (its loop became unstable)","DEC-051; docs/whole_pen_shift.md (s3d, s4.4; proposed requirements)",EXP-W11 on the hand phantom (AC-W11-03),calculated; simulated,"CALC: stable at every grip and split with one model. SIM: with perfect knowledge the collar alone removed 64 % of a 3 mm, 6 Hz tremor on the tuning writer (3.31 -> 1.20 mm); as the main corrector behind a +/-1 mm nib with today's estimate the loop was unstable (9-42 % of the ink laid and 4.5 mm left on the tuning writer). DEC-070: study W's SIM figures ran sim2 with the sim2j firmware on the legacy ideal sensing, so they are upper bounds on performance (DEC-070's optimistic bounds), suspended as device evidence until study X reruns them",DEC-051; wholepen/calc.py (collar_control); results/wholepen/light.json,proposed
REQ-WP-007,whole-pen,The collar moves only at the tremor line,The collar moves only at a detected tremor line and only by the share beyond the nib's reach; it never follows letter shapes; tremor-free writing moves <= 25 um with it enabled,A motion it never makes needs no template and no consent (DEC-051). The 25 um is the programme's false-correction rule (REQ-RVJ-C02 in sim2; validation/README.md s2); the estimate it uses is DEC-052's question,"DEC-051; DEC-052; docs/whole_pen_shift.md (s3d, s4.3; proposed requirements)",SIM rule (docs/whole_pen_shift.md s4.3); EXP-W15 (AC-W15-01),simulated,"SIM: with the collar enabled tremor-free writing moved at most 8 um; the collar's command is a phasor at the tracked tremor line, gated by the detector, taking only the overflow beyond the nib's reach (at 3 mm with Rev J's nose it stays almost still). DEC-070: study W's SIM figures ran sim2 with the sim2j firmware on the legacy ideal sensing, so they are upper bounds on performance (DEC-070's optimistic bounds), suspended as device evidence until study X reruns them",DEC-051; wholepen/control.py; results/wholepen/rules.json,proposed
REQ-WP-008,whole-pen,The pivot never reaches its stops,The collar's pivot never reaches its hard stops in use: the reference stays <= 65 % of the range and a stop-approach limiter backs the servo off,"SIM: with the Rev J pen inside the pivot reached its 0.12 rad stops at 8 mm (peaks 0.16-0.18 rad at ET 8 mm, 0.15 rad at PD 8 mm with perfect knowledge), even with the reference held to 65 % of the range. No limiter was designed or simulated","DEC-051; docs/whole_pen_shift.md (s4.3, open issue 4; proposed requirements)","EXP-W11 (8 mm, 5 Hz; AC-W11-04)",simulated,"Not met in SIM at 8 mm without a limiter (peaks 0.16-0.18 rad against the 0.12 rad stop). DEC-070: study W's SIM figures ran sim2 with the sim2j firmware on the legacy ideal sensing, so they are upper bounds on performance (DEC-070's optimistic bounds), suspended as device evidence until study X reruns them",DEC-051; wholepen/stepper.py; results/wholepen/test.json,proposed
REQ-WP-009,whole-pen,"Felt reaction, noise and unpowered centring","The reaction the fingers feel stays <= 0.5 N rms of grip-force change; noise <= 35 dBA at 30 cm (ASSUMPTION target); unpowered, a latch centres the inner pen","The collar pushes back on the sleeve and so on the fingers (the Liftware principle, LIT ACT-16, ACT-17). The flexure is soft (0.02 N m/rad), so without power the inner pen would flop; the latch is not designed (open issue 6)","DEC-051; docs/whole_pen_shift.md (s3d, open issue 6; proposed requirements)",EXP-W12 (AC-W12-01),simulated; assumed,"SIM grip-force change 0.03-0.38 N rms; noise not estimated; no latch designed. DEC-070: study W's SIM figures ran sim2 with the sim2j firmware on the legacy ideal sensing, so they are upper bounds on performance (DEC-070's optimistic bounds), suspended as device evidence until study X reruns them",DEC-051; results/wholepen/summary.json,proposed
REQ-WP-010,whole-pen,Tails only against the same mass locked,"A tail module is tested only against the same mass locked (G5) at three grip strengths; a gyroscope stores <= 2 J and excludes a burst by design (stress margin >= 3, over-speed trip)","DEC-051 rejects inertial tails for the pen: gyroscopic, tuned and reaction-mass tails never robustly beat the same mass locked, and a gyroscope that could matter stores 5-18 J (CALC, SIM). Relation to REQ-EC-007 (the end-cap's CMG research module: <= 3 J, a burst contained, a stop within 2 s): this rule is stricter on energy and asks that a burst be excluded by design, not only contained; it applies to the gyroscope pair of EXP-W14, and REQ-EC-007 keeps its lines for the CMG module (EXP-K06)","DEC-051; DEC-053; docs/whole_pen_shift.md (s3b, s3c, s4.5; proposed requirements)","EXP-W14 (AC-W14-01, AC-W14-02); the G5 comparison in EXP-T16 (AC-T16-01)",calculated; simulated,"SIM: the 100 g gyroscopic tail beat its locked mass by 15 / 51 / -14 % at grips 0.5 / 1 / 2 x on the tuning writer and 9 % on test writer 0, and never beat the pen without a tail; tuned and driven masses did no better than the same mass locked. CALC: a gyroscope that could matter stores 5-18 J; the optimum at 100 g 6.4 J. DEC-070: study W's SIM figures ran sim2 with the sim2j firmware on the legacy ideal sensing, so they are upper bounds on performance (DEC-070's optimistic bounds), suspended as device evidence until study X reruns them",DEC-051; wholepen/devices.py; wholepen/optimise.py; results/wholepen/optimise.json; results/wholepen/grips.json,proposed
REQ-WP-011,whole-pen,Gated modes report coverage,"Every gated or ink-only-when-correct mode reports coverage, missing strokes and completion time beside its error","The ink error falls when ink goes missing (the review). At 8 mm the 'write only when in reach' gate lowered the tremor in the ink laid (ET 2.9 against 3.2 mm) but left 20 of 42 strokes (ET) and 27 (PD) less than half inked, and re-tracing would add 15-18 s to a 15.7 s sentence (SIM). DEC-053. It applies to DEC-049's autowrite of accepted text, which lifts the ball when the text leaves its reach and hands back (REQ-RVJ-N07, REQ-CTRL-014): its coverage is the share of accepted words written in full, its missing strokes the half letters and ink gaps, and its completion time includes the hand-backs (EXP-S19, EXP-N08, EXP-N09); and to the spelling cue's pen lift (DEC-056 (d); EXP-S12, S18)",DEC-053; DEC-049; docs/whole_pen_shift.md (s3f; proposed requirements),every report (review); EXP-W16 (AC-W16-01),simulated,"Study W's results cards report coverage, missing strokes and completion time for every mode (SIM); study S's T9 reports words written in full, half letters per 100 and time against the writer's own (SIM, kinematics only); the earlier autowrite results (nose2, sim2j) report letters and words read and the ink error, not coverage. DEC-070: study W's SIM figures ran sim2 with the sim2j firmware on the legacy ideal sensing, so they are upper bounds on performance (DEC-070's optimistic bounds), suspended as device evidence until study X reruns them",DEC-053; wholepen/summary.py; results/wholepen/summary.json,proposed
REQ-WP-012,whole-pen,Measured-style page sensor by default,Whole-pen results use the measured-style page sensor (OPT-02 statistics) by default; 3 um white noise only as a labelled bound,"DEC-053. The same rule as REQ-DATA-007 (every tracker simulation reports a measured-error page model, the ideal sensor as a labelled bound; DEC-054), applied to whole-pen devices; sim2's 3 um white noise made autowrite and guidance optimistic by up to 2-4 x (docs/revJ_simulation.md s6.7)",DEC-053; DEC-054; docs/whole_pen_shift.md (s4.1; proposed requirements),every report (review); EXP-W15 (AC-W15-02),simulated,"Study W used sim2j's DeltaPen-like walking model (OPT-02 per-window statistics, errors add up) by default (results/wholepen/rules.json). DEC-070: study W's SIM figures ran sim2 with the sim2j firmware on the legacy ideal sensing, so they are upper bounds on performance (DEC-070's optimistic bounds), suspended as device evidence until study X reruns them",DEC-053; results/wholepen/rules.json,proposed
REQ-BNIB-001,balanced-nib,Static side load left on the nib,"While writing, the static side load left on the nib is <= 10 % of F_s cot(theta) as the mean over 35-75 deg and all rolls, and <= 25 % at the 95th percentile","The counter-face (DEC-050) balances the paper's push at the refill's rear end, so the coils need not hold F_s cot(theta) (0.21 N at 35 deg with 0.15 N; on the C1S lever 4.7 / 1.6 / 0.17 W at 35 / 50 / 75 deg). DEC-050 is revisited above 25 % (then the clutched bias b' or the unbalanced nib f)","DEC-050; docs/balanced_nib.md (s1; s4, proposed requirements)","EXP-J17 part (c), the counter-face bench (study B's EXP-B22; AC-J17-04); with Rev K's head mock-up (EXP-K23, DEC-064)",calculated,"CALC, Monte Carlo over 35-75 deg, all rolls, oil and gel ink, six papers, spring +/-20 % and IMU errors of 1 / 2 deg: residual 5.3 mN mean (6 % of the unbalanced 96 mN), 13.1 mN at the 95th percentile; 16.6 mN pen-up (the moving mass's weight). Rev K's head (DEC-064, CALC Monte Carlo of 20,000 draws, contributors ASSUMPTION): the face off parallel by 1.66 deg on average (3.28 deg at the 95th percentile), leaving 5.7 mN mean and 11.2 mN at the 95th percentile (5.9 % and 13.6 % of F_s cot(theta))",DEC-050; bnib/; results/bnib/bnib.json; config/nib.yaml,proposed
REQ-BNIB-002,balanced-nib,Balance released on lift,"When the ball lifts, the pen-up residual is <= 10 % of the contact balance force within 20 ms; at touchdown the full balance returns within 1.0 mm of refill travel at 35 deg (0.6 mm at 75 deg) without a float brake, or within 0.25 mm with one. The float brake is fitted only if EXP-K23 or EXP-J17 (c) shows that the touchdown transient marks the ink","Nothing may be held in the air: a bias that stays on at a lift pushes the nib over (candidate b without a clutch). The follower stop sets the face 0.25 mm beyond its writing position (a tuned rule). DEC-050 is revisited if the face does not release within 20 ms. DEC-064 (2026-09-30): the counter-face head's face floats +/-0.56 mm to follow the +/-2.5 deg tilt wobble of real writing, so the refill travels up to 0.98 mm at 35 deg (0.58 mm at 75 deg) before the face engages (fit check H6); 0.25 mm would allow only 0.04 mm of wobble. An electro-permanent brake on the float (12-60 mW, ASSUMPTION) would meet 0.25 mm. Was: 'When the ball lifts, the pen-up residual is <= 10 % of the contact balance force within 20 ms; at touchdown the full balance returns within 0.25 mm of refill travel'",DEC-050; docs/balanced_nib.md (s1; s4); DEC-064; docs/revK_design.md (s3.4; s11.2),EXP-J17 part (c) with Rev K's head mock-up (EXP-K23; AC-J17-05); the touchdown transient's ink decides the float brake (AC-K23-05),calculated; simulated,"Rev K (DEC-064, CALC): float gap 0.56 mm, so 0.98 mm of refill travel at 35 deg and 0.58 mm at 75 deg before the balance returns; the ink tail after a natural lift 0.28-1.1 mm, about 0.3 mm with the brake (ASSUMPTION). Study B: Design rule (CALC); SIM: the face engaged 99.8 % of the contact time and 6.7 % of the pen-up time (face gap 0.25 mm, a frozen rule). DEC-070: study B's sim2 figures used the legacy ideal sensing, so they are upper bounds on performance (DEC-070's optimistic bounds), suspended as device evidence until study X reruns them",DEC-050; bnib/sim.py; results/bnib/rules.json; DEC-064; revk/counterface.py,proposed
REQ-BNIB-003,balanced-nib,Usable travel under load,"Usable nib travel >= +/-1.0 mm at 35 deg and 12 Hz with the coil 90 K above ambient, a 3.3 V supply and Km at 0.7 x the image-method value","DEC-050: +/-1.0 mm for the one-axis demonstrator (G3); the two-axis nib (G4) at +/-1.5 mm only if study E finds a causal estimator that uses the extra reach on real severe tremor, else +/-1.0 mm. Study R's severe class is typically 1.7 mm peak at the tip, so +/-1 mm covers the mild and moderate classes and part of the severe one; tremor beyond the reach stays uncorrected (DEC-051). The image-method Km is an upper bound, so the travel is sized at 0.7 x. For the product it replaces REQ-RVJ-N01's 6.0 mm (the C1S nose, DEC-050). DEC-060 (study E, 2026-09-30): no causal estimator uses reach beyond +/-1 mm on real tremor, so the G4 nib is +/-1.0 mm too. Study F (2026-09-30; SIM, the Rev J nose with its travel cut, tuning split): with +/-1.0 mm even perfect knowledge gains only 1.4 words at the severe class, below DEC-055's +2, so Rev K's nib makes no severe-tremor legibility claim (DEC-060); EXP-E23 checks B1's own reach in sim2. Study N (DEC-083): the reach candidate's travel is REQ-BNIB-018 (+/-1.5 mm); this +/-1.0 mm stays for the margin candidate until DEC-096 chooses (DEC-072)",DEC-050; docs/balanced_nib.md (s3; s4); DEC-060; docs/readable_target.md (s8),"EXP-T10 (study B's EXP-B26; AC-T10-05); the Km map in EXP-T07 (study B's EXP-B23; AC-T07-01); EXP-E23 (AC-E23-01: the reach against DEC-055's words line at the severe class, in sim2)",calculated; simulated,"CALC: +/-1.06 mm under the 35 deg load with Km x 0.7, a hot coil and 3.3 V; the same architecture at +/-1.5 mm draws 23.2 / 34.3 mW (Km x 0.85 / 0.7) with 2.91 g moving. SIM (ET 8 Hz 1 mm, writer 0): the handle's tremor passes +/-1.06 mm 10 % of the time; the +/-1.5 mm variant leaves 57 % less. Rev K (DEC-062, CALC; tolerances ASSUMPTION): the stops sit up to 0.072 mm off the magnetic centre at the 99th percentile, so the usable travel in the worst direction falls to 0.99 mm at the 1st percentile (0.98 mm at worst), just under +/-1.0 mm. Study F (SIM, s8): perfect knowledge leaves 1.00 mm at the severe class with +/-1.0 mm, a gain of 1.4 (0.8 to 1.9) words read, and 0.67 mm with +/-1.5 mm, 3.2 (2.6 to 3.7) words; the command that cancels severe tremor exceeds 1.0 mm 61 % of the time; an estimate that itself leaves the +2 residual keeps it only with about +/-2-3 mm. DEC-070: study B's sim2 figures used the legacy ideal sensing, so they are upper bounds on performance (DEC-070's optimistic bounds), suspended as device evidence until study X reruns them",DEC-050; bnib/optimise.py; results/bnib/bnib.json,proposed
REQ-BNIB-004,balanced-nib,Continuous nib power,"Continuous nib power at duty A (0.2 mm rms, 8 Hz, 70 % contact) <= 20 mW as the mean over 35-75 deg; holding coil heat <= 0.1 W at every tilt and roll (REQ-RVJ-N10)","The balance leaves mostly the ball's drag, which grows with the ink force: about 8 / 30 / 184 mW at 0.15 / 0.3 / 0.69 N (CALC), so gate G1's force sets the power (DEC-050). The holding part is REQ-RVJ-N10 (AC-J17-02); this requirement adds the continuous power. Study N (DEC-080): restated with the convention in REQ-BNIB-019 (<= 45 mW at the weakest point x 0.7; <= 20 mW at the centre x 1.0); Rev K's B1 (matched) 64.6 / 19.9 mW (CALC)",DEC-050; REQ-RVJ-N10; docs/balanced_nib.md (s2; s3; s4),"EXP-T13 (study B's EXP-B27; AC-T13-04); EXP-J17 (AC-J17-02, the holding part); EXP-T15 (study B's EXP-B29)",calculated; simulated,"CALC: 7.6 mW at duty A with the image-method Km (10.5 mW at 0.85 x, 15.4 mW at 0.7 x; 17.6 mW at 35 deg); holding at most 1.6 mW (3.2 mW at 0.7 x). SIM (sim2, 4 synthetic writers): 14.8 mW while correcting and 11.8 mW in tremor-free writing; the same nib unbalanced 70 mW. DEC-070: study B's sim2 figures used the legacy ideal sensing, so they are upper bounds on performance (DEC-070's optimistic bounds), suspended as device evidence until study X reruns them",DEC-050; bnib/; results/bnib/bnib.json,proposed
REQ-BNIB-005,balanced-nib,Tip-equivalent moving mass,Tip-equivalent moving mass of the nib <= 4.5 g,A light moving part needs little force to follow tremor and keeps the power low; the C1S nose and a long-arm gimbal carry 5-15 g at the tip (DEC-050). Study N: tightened to 3.5 g in REQ-BNIB-021,DEC-050; docs/balanced_nib.md (s4),EXP-T10 (study B's EXP-B26; AC-T10-06),calculated,CALC 3.49 g (B1 at the +/-1.0 mm travel floor),DEC-050; bnib/optimise.py; results/bnib/layout_parts.json,proposed
REQ-BNIB-006,balanced-nib,First parasitic mode and bandwidth,"The nib's lowest structural mode, with the ball free and with the ball stuck on the paper, is >= 2.5 x the servo's closed-loop bandwidth; closed-loop bandwidth >= 40 Hz","The first parasitic mode sets the usable servo bandwidth (about the mode / 3). For the product nib this replaces REQ-RVJ-N02's C1S lines (bandwidth >= 60 Hz, first mode >= 240 Hz), which stay for the C1S bench research module (DEC-050). DEC-050 (the lead, 2026-09-30) sets the rule with the ball stuck: at least 2.5 x the servo bandwidth with the ball free (362 Hz) and stuck (109 Hz, the suspension on the stuck ball), so with the ball stuck the bandwidth may not exceed about 44 Hz (CALC). Was: 'First parasitic mode of the loaded nib, with the ball free and with the ball stuck on the paper, >= 120 Hz; closed-loop bandwidth >= 40 Hz'. DEC-066 (2026-09-30): Rev K's position servo runs at 40 Hz and its inner loop at <= 46 Hz, inside the rule; DEC-066 is revisited if EXP-T10 measures a stuck mode below 100 Hz (AC-T10-08)",DEC-050; docs/balanced_nib.md (s4; s5.2); DEC-066,EXP-T10 (study B's EXP-B26; AC-T10-02); AC-T10-08 (DEC-066's 100 Hz),calculated,"CALC, loaded eigenmodes of the refill and carrier: ball free 6 (the suspension on the wires), 362, 2445 Hz; ball stuck 109 (the suspension on the stuck ball), 568, 2509 Hz; study B counts 362 Hz as the first parasitic mode; at 40 Hz of bandwidth the rule of DEC-050 gives 9.1 x (ball free) and 2.7 x (ball stuck). Rev K (DEC-066, study K CALC): with the C17200 wires and the ball thrust guide the ball-free mode is 1206 Hz and the ball-stuck mode 163 Hz nominal and 115 Hz worst (35 deg, soft refill, 20 um of pre-sliding), so the servo may run at up to 46 Hz (65 Hz nominally); 46 Hz is 1.15 x the 40 Hz floor (marginal)",DEC-050; bnib/flexure.py; results/bnib/bnib.json,proposed
REQ-BNIB-007,balanced-nib,Suspension fatigue,"The wire suspension has a Goodman safety factor >= 1.5 at the stop travel for 43.2 M cycles, with the clamp's stress concentration included",Four 0.128 mm Ti-6Al-4V wires carry the carrier; 43.2 M cycles at the stop travel is the design life. Fatigue with real clamps is unproven (Kt 1.3-2.5 ASSUMED). DEC-050 is revisited if the wire coupons fail before 43.2 M cycles. In Rev K the four wires are 0.10 mm C17200 and carry the coil currents (DEC-063; REQ-RVK-004),DEC-050; docs/balanced_nib.md (s4; s5.2); DEC-063,"EXP-B25 (AC-B25-01, study B's Ti wires); Rev K's C17200 wires (DEC-063): EXP-K21 (AC-K21-04, with AC-K21-02 and AC-K21-03)",calculated,"CALC: full-stop strain 0.68e-3 and stress 139 MPa with Kt 1.8, Goodman safety factor 3.25 at 43.2 M cycles (Ti-6Al-4V 530 MPa x 0.85, AMF-20 low end, ASSUMPTION); tolerance Monte Carlo 1.62 / 1.77 / 2.49 at the 1st / 5th / 50th percentile. Rev K's C17200 wires (DEC-063, CALC; fatigue strength MFR AMF-19 x 0.85): Goodman safety factor 2.18 at Kt 1.8 and 1.57 at Kt 2.5; at the 5th percentile 1.40 with <= 0.05 N of assembly preload (marginal) and 0.92 with up to 0.3 N",DEC-050; bnib/flexure.py; results/bnib/bnib.json,proposed
REQ-BNIB-008,balanced-nib,Ink force at the ball,The ink force at the ball is the set value +/-20 % over 35-75 deg with the balance engaged,"With the counter-face the paper-normal force equals the spring's push on the face; the set value itself is frozen only after gate G1 measures the minimum reliable ink force (DEC-050, REQ-BNIB-014). For the product it replaces REQ-RVJ-N05's 0.15 N +/-20 % (the C1S drum spring)",DEC-050; docs/balanced_nib.md (s4),EXP-J17 part (c) (AC-J17-07); EXP-T02 for the set value (study B's EXP-B20),calculated,"CALC: the paper-normal force equals the face's push with the face engaged; the set value is not frozen (0.15 N in study B's models, ASSUMPTION)",DEC-050; config/nib.yaml,proposed
REQ-BNIB-009,balanced-nib,Nib position sensing and a filtered servo,"Nib position sensing <= 2 um rms tip-referred at 1 kHz with the coils driven (cross-talk calibrated); the servo acts on an observer's estimate, never on the raw Hall reading","An unfiltered servo reacting to Hall noise cost the C1S nose about 0.7 W in sim2 (REQ-RVJ-C04, DEC-046). This is its B1 form: a TMAG5170-class 3-D Hall sensor and a 1 mm N52 cube",DEC-050; REQ-RVJ-C04; docs/balanced_nib.md (s4),EXP-T09 (study B's EXP-B24; AC-T09-03),calculated; simulated,"CALC 0.99 um; SIM: the filtered servo (a model-based observer on the noisy Hall reading) in every sim2 run. DEC-070: study B's sim2 figures used the legacy ideal sensing, so they are upper bounds on performance (DEC-070's optimistic bounds), suspended as device evidence until study X reruns them",DEC-050; bnib/sim.py; config/nib.yaml,proposed
REQ-BNIB-010,balanced-nib,Skin temperature,"Skin temperature <= 41 degC in a 30 degC room at 35 deg with 2 mm tremor for 30 min, with the governor in the loop","The design target of REQ-THM-001 (43 degC absolute in a rated 30 degC room, 41 degC as the target) at B1's largest load. For the product it replaces REQ-RVJ-N03's autowrite heat rule (the C1S nose, now a bench research module). Study N: REQ-BNIB-022 names the severe-tremor duty; under it Rev K's B1 reaches 37.8 degC and the balanced candidate 33.7 degC (CALC)",DEC-050; REQ-THM-001; docs/balanced_nib.md (s4; s5.6),EXP-T15 (study B's EXP-B29; AC-T15-01),simulated; calculated,"SIM + CALC: 24.4 mW at 35 deg with 2 mm ET tremor; after 30 min coil 31.2 degC and skin 30.8 degC, the governor never acting; the same nib unbalanced 38.3 / 35.7 degC. DEC-070: study B's sim2 figures used the legacy ideal sensing, so they are upper bounds on performance (DEC-070's optimistic bounds), suspended as device evidence until study X reruns them",DEC-050; bnib/thermal.py; results/bnib/bnib.json,proposed
REQ-BNIB-011,balanced-nib,Unpowered state,"Unpowered, the nib rests on its soft stop (<= 1.3 mm off centre) and the pen writes like a normal pen","A failure or a flat battery must leave an ordinary pen; the face still balances without power. DEC-062 (2026-09-30): no wire suspension soft enough for B1's power can hold the 3.4 g moving nib against gravity: the wires alone would let it sag 18 mm, and study B's 3.8 N/m 7 mm (fit check N22), so the unpowered nib rests on its soft stop. Was: 'Unpowered, the nib is centred by its suspension within 0.1 mm and the pen writes like a normal pen'",DEC-050; docs/balanced_nib.md (s4); DEC-062; docs/revK_design.md (s4; s11.2),EXP-T13 (study B's EXP-B27; AC-T13-05),calculated,"Rev K (DEC-062, CALC): gravity rests the unpowered nib on its soft stop, 1.26 mm off centre, and the pen still writes; the stops sit up to 0.072 mm off the magnetic centre at the 99th percentile (tolerances ASSUMPTION). Was (study B): 'CALC (the failure state): centred by the wires (3.8 N/m at the tip), the face still balancing'; under gravity those wires would let the nib sag 7 mm",DEC-050; config/nib.yaml; DEC-062; revk/nib.py,proposed
REQ-BNIB-012,balanced-nib,Drop,After a 1 m drop onto a hard floor the wires stay elastic (axial stops <= 20 um) and the face and its positioners are undamaged,The four wires buckle sideways at 0.08 N of compression in all; axial stops carry a drop,DEC-050; docs/balanced_nib.md (s4; s5.2),EXP-B25 (AC-B25-02),calculated,CALC (flexure.shock): at 100 g the wires take 66 MPa without the stop; at 500 and 2000 g the stops engage and the wires take 85 MPa; buckled wires stay elastic behind 20 um stops,DEC-050; bnib/flexure.py,proposed
REQ-BNIB-013,balanced-nib,The nib's interface file,The nib's physical interface lives in config/nib.yaml (versioned); the simulators and the other studies read it,"One versioned definition (forces, the friction map, Km over the stroke, moving mass and suspension, travel, sensors, thermal parameters, the counter-face, the drive, the failure state and the C1S reference values), each leaf with a unit and an evidence status, so that measured values replace calculated ones in one place. Study N: REQ-BNIB-025 adds the matched model's inputs (DEC-080)",DEC-050; docs/balanced_nib.md (s4; s5.5),bnib tests (the file against the code); review at the gates (AC-T13-06),proposed design; host tests,config/nib.yaml is generated by python3 -m bnib.run_study and checked against the code by bnib/tests (study B),DEC-050; config/nib.yaml; bnib/tests/,proposed
REQ-BNIB-014,balanced-nib,Minimum ink force known before the spring is frozen,"The minimum reliable ink force is known per tip type and paper (six papers), over 35-75 deg and 5-60 mm/s, before the refill spring force is frozen","No source gives a minimum: the design's 0.15 N is 4.6 x below the lowest maker's test load found (0.69 N at 70 deg, LIT CON-97). The balance works at any force, but B1's power grows with it through the ball's drag, so the spring force is frozen only after G1 (DEC-050). DEC-050 is revisited above about 0.3 N",DEC-050; docs/balanced_nib.md (s4; s5.4),"EXP-T02 (study B's EXP-B20; AC-T02-04, AC-T02-01)",unknown (no source gives it),"Not known: no source states a minimum for any tip type; the test loads found are 0.69-1.5 N (LIT CON-97, CON-96, CON-23, CON-21)",DEC-050; bnib/; results/bnib/bnib.json,proposed
REQ-BNIB-015,balanced-nib,Face orientation sensing,"While writing, the IMU's tilt error is <= 1 deg and its roll error <= 2 deg (1 sigma) for the face schedule","The face is set parallel to the paper from the IMU's tilt and roll by three small screw motors with no holding power. The IMU sees gravity, not the page, so a sloped desk leaves F_n sin(slope) across the pen (about 17 / 34 / 67 mN at 5 / 10 / 20 deg: 2 / 7 / 28 mW of holding); a slope setting in the app or the slide cam (c') removes it",DEC-050; docs/balanced_nib.md (s1; s4),"EXP-B28 (AC-B28-01, AC-B28-02); EXP-B30 (the keyed grip, AC-B30-01)",assumed,"ASSUMPTION (1 and 2 deg in the balance Monte Carlo); the face schedule lags the pen's tilt wobble (about +/-2.5 deg, LIT CON-02) by about 2 deg at 1 Hz with a 0.2 s response (CALC)",DEC-050; bnib/,proposed
REQ-BNIB-016,balanced-nib,Refill guide friction,The refill guide's friction coefficient is <= 0.01 (a ball or roller guide),The counter-face turns the static load into a couple that loads the two refill bushings with 1.0 / 0.6 / 0.19 N in all at 35 / 50 / 75 deg (CALC); the slide friction then acts across the pen as h cot(theta). PTFE sleeves (0.05) double B1's power; bare metal (0.1) breaks REQ-RVJ-N10 at 35 deg,DEC-050; docs/balanced_nib.md (s4; s5.2),EXP-J17 part (c) (AC-J17-06),assumed,ASSUMPTION mu_g 0.005 (a rolling guide): h 5.1 mN and B1 at 7.3 mW; PTFE (0.05): 16.2 mW and up to 33 mW of holding while the refill sticks; bare metal (0.1): 43 mW and 133 mW stuck (CALC),DEC-050; bnib/,proposed
REQ-BNIB-017,balanced-nib,Page sensor lift range,The page sensor keeps the page through the lifts between strokes: lift cut-off >= 2 mm above the writing height (OPT-54 class),"SIM: with a 0.8 mm cut-off the firmware lost the page at every lift and faded its authority back in at the start of every stroke; B1's tracker then left 0.87 of the tremor instead of 0.83, and perfect knowledge 0.40 instead of 0.28. It goes with the page sensor's own requirements (REQ-RVJ-N06, REQ-RVJ-C05). DEC-062 (2026-09-30) keeps it as the page sensor's selection requirement: the PMW3610-class die of Rev K's layout tracks the page only within +/-0.2 mm of its lens height (MFR OPT-61; fit check F5 fails), so EXP-T04 (AC-T04-07) chooses the die and optics",DEC-050; docs/balanced_nib.md (s4; s5.3); MFR OPT-54; DEC-062; OPT-61,EXP-T04 (study B's EXP-B32; AC-T04-07),simulated,"Rev K (DEC-062): a PMW3610-class die tracks within +/-0.2 mm of its lens height (MFR OPT-61), against the 2 mm asked (fit check F5, CALC). Study B: SIM: the H1 writer lifts the handle 1.20 mm (median; 1.44 mm at the 90th percentile) between strokes; with the sensor's 2.0 mm cut-off the page is kept through every lift. DEC-070: study B's sim2 figures used the legacy ideal sensing, so they are upper bounds on performance (DEC-070's optimistic bounds), suspended as device evidence until study X reruns them",DEC-050; bnib/sim.py; results/bnib/bnib.json,proposed
REQ-BNIB-018,balanced-nib,Usable travel of the reach candidate,"For the reach candidate (study N's balanced nib; DEC-083): usable nib travel >= +/-1.5 mm at 35 deg and 12 Hz with the coil hot, a 3.3 V supply and K_m at 0.7 x the weakest point. REQ-BNIB-003's +/-1.0 mm stays for the margin candidate until DEC-096 chooses between them (DEC-072)","Study N proposed it as an edit of REQ-BNIB-003 (+/-1.5 mm, was +/-1.0 mm). Study F: +/-1.5 mm is the least reach that gives +2 words at the severe class with perfect knowledge; with the +2-words estimator the balanced nib leaves 0.82 mm, so the reach meets DEC-067's target only with a better estimator (study N s4.3). DEC-072 as refined by study N: the reach candidate is the balanced design, and the choice against the margin candidate waits for measured loads (DEC-096)",DEC-083; DEC-072; DEC-096; docs/nib_optimisation.md (s4.3; s5; s9.2),EXP-T10 (AC-T10-09); EXP-NB01 (the force map),calculated,"CALC (study N): +/-1.50 mm at 2.48 V, the stop at 1.70 mm",DEC-083; nibopt/; results/nibopt/candidates.json,proposed
REQ-BNIB-019,balanced-nib,"Continuous nib power, convention stated","Continuous nib power at duty A (0.2 mm rms, 8 Hz, 70 % contact) <= 45 mW as the mean over 35-75 deg at the weakest point x 0.7 (<= 20 mW at the centre x 1.0)","Study N proposed it as an edit of REQ-BNIB-004, whose 20 mW read in effect as the centre x 1.0; DEC-080 states the convention. Under it Rev K's B1 (matched) takes 64.6 mW, so the margin candidate meets only the centre line (19.9 mW)",DEC-080; docs/nib_optimisation.md (s2; s9.2),EXP-T13 (AC-T13-07); EXP-NB09 (the rig's loss against the model),calculated,CALC (study N): the balanced candidate 37.9 mW at the weakest point x 0.7 and 8.3 mW at the centre x 1.0; Rev K's B1 (matched) 64.6 / 19.9 mW,DEC-080; nibopt/duty.py; results/nibopt/candidates.json,proposed
REQ-BNIB-020,balanced-nib,Worst-case screen,"The worst-case screen (full radius, 4-12 Hz, eight directions, matched loads, the weakest point x 0.7, the coil hot) takes <= 0.15 W","The pass's allocation (DEC-072, DEC-096), judged with study N's matched loads: the pass's 1.5 mm nib takes 0.43 W and warms the skin to 46.3 degC (study N)",DEC-080; DEC-096; docs/nib_optimisation.md (s2; s9.2),EXP-NB09 (AC-NB09-04),calculated,CALC (study N): the balanced candidate 0.107 W; Rev K's B1 (matched) 0.17 W; the pass's 1.5 mm nib 0.43 W,DEC-080; nibopt/duty.py; results/nibopt/candidates.json,proposed
REQ-BNIB-021,balanced-nib,"Tip-equivalent moving mass, tightened",Tip-equivalent moving mass of the nib <= 3.5 g,Study N proposed it as an edit of REQ-BNIB-005 (was 4.5 g): +1 g of moving mass adds about 20 % to the typical loss (CALC),docs/nib_optimisation.md (s4.4; s9.2),EXP-NB08 (AC-NB08-01),calculated,"CALC (study N): the balanced candidate 3.29 g (coils 1.15 g, titanium flange 0.73 g, refill 0.84 g, holder extension 0.30 g); Rev K's B1 3.44 g",nibopt/design.py; results/nibopt/candidates.json,proposed
REQ-BNIB-022,balanced-nib,Skin temperature under the severe-tremor duty,"Skin <= 41 degC in a 30 degC room at 35 deg under the severe-tremor correction duty (study F's +2-words command, clipped at the reach) for 30 min, with the governor in the loop",Study N proposed it as an edit of REQ-BNIB-010 that names the duty (REQ-BNIB-010 used 2 mm of tremor); the pass's 1.5 mm nib reaches 46.3 degC under this duty (study N). The limit is REQ-THM-001's design target,REQ-THM-001; docs/nib_optimisation.md (s5; s9.2),EXP-NB07 (AC-NB07-01),calculated,"CALC (study N, study K's fin model): the balanced candidate 33.7 degC; Rev K's B1 37.8 degC; the pass's 1.5 mm nib 46.3 degC",nibopt/pen.py; results/nibopt/budgets.json,proposed
REQ-BNIB-023,balanced-nib,Weight in contact in the budgets,The nib budgets hold the moving mass's weight in contact unless EXP-NB06 shows a weight trim that keeps REQ-BNIB-001,"Study K's sums set the weight aside while the ball is on the paper; a face scheduled to cancel it would cut the balanced candidate's typical loss by 16 %, but it is not proven (study N)",DEC-080; docs/nib_optimisation.md (s2; s4.4; s9.2),review (AC-NB06-03); EXP-NB06 (AC-NB06-01),calculated,"CALC (study N): the weight is 11.5 of the balanced candidate's 37.9 mW; the trim -16 %, not assumed",DEC-080; nibopt/duty.py,proposed
REQ-BNIB-024,balanced-nib,Lead heating and clearance,"Lead heating <= 45 K above the clamps at the severe duty's rms current, and the leads >= 0.3 mm clear of the rear race at the stop",The pass's screen limits the leads' heating to 45 K; the leads pass inside the full-ring rear race (study N),docs/nib_optimisation.md (s4.1; s9.2),"EXP-NB04 (AC-NB04-04, the heating); EXP-NB08 (AC-NB08-03, the clearance on the built nib)",calculated,"CALC (study N): the balanced candidate 1.1 K, with 0.08 mm of margin on the lead circle; study K's B1 -0.04 mm",nibopt/suspension.py; results/nibopt/candidates.json,proposed
REQ-BNIB-025,balanced-nib,The nib's interface file carries the matched model,"config/nib.yaml also carries the matched model's inputs: the moving mass, the force map (measured once EXP-NB01 reports), the anchor's stiffness, the guide's preload and the leads' resistance",Study N proposed it as an edit of REQ-BNIB-013: the simulators and the budgets read one set (DEC-080),DEC-080; docs/nib_optimisation.md (s9.2),review at the gates (AC-T13-08),proposed design,Study N's inputs are listed with their labels in results/nibopt/nibopt.json; config/nib.yaml does not carry them yet,DEC-080; config/nib.yaml; results/nibopt/nibopt.json,proposed
REQ-RVK-001,revK-integration,Rev K envelope,"Rev K (DEC-062): <= 24 mm across where held, <= 150 mm long, and <= 75 g with every module fitted (the heel module included)","Study K's layout is 145.1 mm long and 24 mm where held from 20 mm behind the tip; it weighs 66.4 g, and 73.4 g with the heel module (CALC). The limits leave room for the build (docs/revK_design.md s11.2). The 24 mm grip is DEC-029's; Rev H's envelope allowed <= 175 mm and <= 110 g (REQ-RVH-001). In study E's simulation the heavier Rev J pen added tip tremor (1.08-1.09 x a 12 g pen's, SIM), which EXP-W01 tests with people. Study N (DEC-083, 2026-09-30): the balanced +/-1.5 mm nib needs 157.1 mm (REQ-RVK-007); the lead keeps 150 mm until writers try a 157 mm dummy (EXP-J09, EXP-K24), and k_envelope (+/-1.47 mm) fits in 149.7 mm",DEC-062; docs/revK_design.md (s2; s5.1; s11.2),"EXP-M03 (AC-M03-08, the built pens); EXP-J09 (AC-J09-02, a 66 g dummy with writers); CALC; EXP-J09 with a 157 mm dummy (AC-J09-03, DEC-083)",calculated,"CALC (study K, with +10 % for wiring and adhesive as Rev J): the base pen 145.1 mm and 66.4 g, balance point 74.9 mm from the tip; with the heel module 73.4 g and 77.4 mm; 24 mm where held from z 20 mm, the front 12 mm across at the skid ring and widening to 24 mm over 14 mm. Rev J.1 was 84.3 g; study B estimated 68.8 g",DEC-062; revk/budgets.py; results/revK/budgets.json; results/revK/layout.json,proposed
REQ-RVK-002,revK-integration,Rev K battery per mode,"Battery, continuous writing on the LIR14500 at 23 C (Rev K, DEC-062): >= 16 h in every writing mode up to 2 mm of tremor, the spelling cue included; >= 8 h of lead-through with the heel module; the page sensor stays on in every mode","For Rev K it replaces REQ-RVJ-I01's rows (docs/revK_design.md s11.2). Study K's low ends assume magnets 30 % weaker than modelled and the electronics at the top of their datasheet range: 21.0 h at 2 mm of tremor and 10.8 h in lead-through (CALC). The page sensor feeds the tremor-line detector, so it stays on (REQ-RVJ-I07). Autowrite is not a Rev K mode (DEC-050); its rows stay in REQ-RVJ-I01 for the C1S bench research module",DEC-062; DEC-065; docs/revK_design.md (s5.2; s11.2); AMF-80; OPT-61,"EXP-P01 (per-mode runtime on the built pen, AC-P01-06); EXP-J12 (electronics); CALC",calculated,"CALC (study K, 2.22 Wh usable): steady writing 24.2-50.1 h with no tremor, 23.5-48.6 h at 1 mm and 21.0-48.4 h at 2 mm (the nib clips); guide 23.2-48.9 h; spelling cue with lifts and ticks 23.7-50.0 h; with the heel module, lead-through 10.8-15.0 h and guide with the heel steering 18.2-39.4 h. The electronics take about half the power (21.9-43.1 mW) and the nib the other half (17.8-36.3 mW at 1 mm), mostly to hold the 3.4 g moving mass against gravity. Study N (DEC-080, the matched model at the weakest point x 0.7, the electronics at their high end): Rev K's B1 17.6-18.6 h at the cautious end in every mode, the balanced candidate 22.3-23.3 h; REQ-RVK-009 states the convention",DEC-062; revk/budgets.py; results/revK/budgets.json,proposed
REQ-RVK-003,revK-integration,Suspension carries the counter-face couple,"The nib's suspension carries the counter-face couple (>= 11 mN m at 35 deg) with no wire in compression beyond 0.5 x its buckling load, and the carrier tilts by no more than 0.2 mrad","The paper's push on the ball and the face's push on the refill's rear end are parallel but 67.8 mm apart: a couple of 10.9 mN m at 35 deg (8.5 at 50 deg, 3.4 at 75 deg). On the wires alone it puts 0.70 N of compression on a wire, 81 x the buckling load of a 0.10 mm C17200 wire (0.009 N; fit check N14, study B's B1 as drawn), and with the compressed pair buckled the ball-stuck mode drops to 86 Hz (CALC). DEC-063 adds a sprung ball thrust guide on the carrier's flange, so the wires only centre the carrier and carry the current",DEC-063; docs/revK_design.md (s3.3; s11.2),"EXP-K20 (AC-K20-02, the ball thrust guide coupon)",calculated,"CALC (study K): with the ball guide (2 x 6 Si3N4 balls of 0.8 mm on a 16.6 mm circle, lapped 440C races on wave springs preloaded to 4 N, about 1.5 x the couple's ball load) the loaded balls carry 2.6 N at 35 deg, the rolling friction is 2.6 mN (rolling resistance 0.001, ASSUMPTION), no wire is in compression and the carrier's tilt and axial position are fixed; Hertz stress 2.66 GPa at the couple's load and 3.05 GPa at the springs' release load; ball-free mode 1206 Hz. Study N (DEC-082): the 4 N preload gives about 8.1 mN of drag and 2.7 GPa; the preload is set from the couple instead (REQ-RVK-010, REQ-RVK-011): the balanced candidate 1.82 N per race, 3.95 mN, 2.16 GPa",DEC-063; revk/nib.py; results/revK/revK.json,proposed
REQ-RVK-004,revK-integration,Leads to the moving coils,"Each lead to the moving coils has <= 0.3 ohm, and no lead fails by fatigue in 43.2 M cycles at the stop travel while carrying 0.1 A","The two moving coils need four leads across the moving carrier. Study B's Ti-6Al-4V wires have 3.5 ohm each (170 uOhm cm, AMF-21 re-read), which triples the coil loop and caps the current at 0.34 A at 3.3 V (fit check N17). DEC-063 makes the four suspension wires the leads, in 0.10 mm C17200 beryllium copper, the way optical-disc pickups feed their coils (practice). 43.2 M cycles at the stop travel is the design life of REQ-BNIB-007",DEC-063; docs/revK_design.md (s3.3; s11.2); AMF-18; AMF-19; AMF-251,"EXP-K21 (AC-K21-01, AC-K21-02)",calculated; sourced (manufacturer),CALC (study K): 0.27 ohm per 0.10 mm C17200 wire at 22 % IACS minimum (MFR AMF-251; AMF-18 gives 22-28 %); the coil loop rises from 2.5 to 3.03 ohm (+21 % copper loss) and the current limit at 3.3 V is 1.0 A. Fatigue at the stop: Goodman safety factor 2.18 (Kt 1.8) and 1.57 (Kt 2.5); 1.40 at the 5th percentile with <= 0.05 N of assembly preload and 0.92 with up to 0.3 N (REQ-BNIB-007 asks 1.5); a 0.08 mm wire reaches 1.50 at +33 % loop loss. Not tested with current. Study N (DEC-082): with study K's stiff anchor (0.01 N/um) the stretched leads carry 0.31 N at the stop and the Goodman factor is 0.71; the floating anchor (REQ-RVK-008) with eight leads in parallel pairs gives 1.53 at the worst corner for the balanced candidate (CALC),DEC-063; revk/nib.py; results/revK/revK.json,proposed
REQ-RVK-005,revK-integration,Coil clearance at the stop,"The moving coils stay >= 0.2 mm off the bore at the stop after the centring tolerances (99th percentile), and >= 0 mm in a 1 m sideways drop","Rev K's coils are wound coils sized to stay 0.3 mm inside the bore at the stop; study B's idealised coil reached 10.81 mm from the axis at the stop against a 10.7 mm limit (fit check N3), and a coil that can be wound, with the same legs, would reach 12.9 mm. The centring tolerances eat the clearance, and in a drop the stop yields (docs/revK_design.md s3.3, s3.5)",DEC-062; docs/revK_design.md (s3.3; s3.5; s11.2),"EXP-B25 (AC-B25-04: the first build's offsets on its jig, and 1 m sideways drops)",calculated; assumed,"CALC (study K; tolerances ASSUMPTION): the stops sit up to 0.072 mm off the magnetic centre at the 99th percentile, and the 0.3 mm running clearances fall to 0.21-0.26 mm (the coil against the bore 0.21 mm). In a 1 m sideways drop the titanium stop bush (1e6 N/m, ASSUMPTION) yields 0.26 mm and the coils stay 0.04 mm off the bore (fit check N21, marginal); a TPE or PEEK stop would yield 0.8-1.8 mm and let them strike it",DEC-062; revk/tolerance.py; revk/nib.py; results/revK/revK.json,proposed
REQ-RVK-006,revK-integration,Nib figures state the force-constant convention,"Every nib power, skin or battery figure states its force-constant convention and is computed with the matched model (DEC-080): gravity on the moving mass held in contact unless a weight trim is proven, study K's face-residual Monte Carlo, the ball's writing drag at N = F_n, the guide's drag from its preload, nonlinear wires at the design's anchor, coil and magnet at the fin model's temperature; the headline uses the weakest singular value over the usable disk x 0.7, with the centre x 1.0 stated beside it until EXP-NB01 measures the map","Study K's 16.6 mW and the pass's 0.081 W differ mostly by convention: the weakest point x 0.7 multiplies the stated power by about 3.25 against study K's centre value, while physics adds only 17 -> 20 mW (docs/nib_optimisation.md s2.5). DEC-080 (the lead): every nib force and power claim uses the weakest-point force constant x 0.7",DEC-080; docs/nib_optimisation.md (s2; s9.2),review of every nib claim and prediction (AC-NB01-05); EXP-NB01 (the measured map replaces the derating),calculated,"CALC (study N, matched model): Rev K's B1 about 65 mW typical at the weakest point x 0.7 (20 mW at the centre x 1.0); the balanced candidate 37.9 mW (8.3 mW); the pass's 1.5 mm nib 0.43 W in the worst-case screen, not 0.081 W",DEC-080; nibopt/duty.py; nibopt/reconcile.py; results/nibopt/reconciliation.json,proposed
REQ-RVK-007,revK-integration,Envelope with the +/-1.5 mm nib,"With the balanced +/-1.5 mm nib (DEC-083): <= 24 mm across where held, <= 158 mm long and <= 75 g with every module fitted (<= 150 mm with a +/-1.47 mm nib). It takes effect only once writers accept a 157 mm dummy (EXP-J09, EXP-K24; the lead's note on DEC-083); until then REQ-RVK-001's 150 mm stands","Study N: the second magnet array adds 7.0 mm of stack and the 32 mm leads 5.3 mm, so the balanced candidate is 157.1 mm long; inside 150 mm the best found is +/-1.47 mm (k_envelope, 149.7 mm, 56.0 mW typical). Study N proposed it as an edit of REQ-RVK-001 ('<= 24 mm across where held, <= 158 mm long with the +/-1.5 mm nib (<= 150 mm with a +/-1.47 mm nib), <= 75 g with every module'); the lead keeps 150 mm until the dummy trial (DEC-083)",DEC-083; docs/nib_optimisation.md (s4.3; s6; s9.2),"EXP-J09 (AC-J09-03, writers with a 157 mm dummy); EXP-M03 (AC-M03-09, the built pen)",calculated,"CALC (study N): the balanced candidate 24.0 mm, 157.1 mm and 70.4 g, balance point 81.4 mm from the tip; k_envelope 23.5 mm, 149.7 mm and 65.9 g",DEC-083; nibopt/budgets.py; results/nibopt/budgets.json,proposed
REQ-RVK-008,revK-integration,Floating anchor for the leads,"The leads' anchor is designed at an axial stiffness of 50-500 N/m including the flex lead (the range study N searched); the built anchor is within +/-20 % of its design value; with the built value the leads carry <= 15 mN of tension at the stop","Bent wires gain tension against a stiff anchor: study K's 10,000 N/m (0.01 N/um) gives 0.31 N at the stop and a Goodman factor of 0.71, where REQ-BNIB-007 asks 1.5; DEC-082 withdraws it and floats the anchor (study N)",DEC-082; docs/nib_optimisation.md (s2.2; s9.2),"EXP-NB03 (AC-NB03-01, AC-NB03-03)",calculated; assumed,"CALC (study N): the balanced candidate 50 N/m (27 N/m of 25 um etched 301 leaves and the pass's 23.4 N/m allowance for the flex lead, ASSUMPTION) and 7.7 mN at the stop; study K's anchor 0.31 N (Goodman 0.71)",DEC-082; nibopt/suspension.py; results/nibopt/candidates.json,proposed
REQ-RVK-009,revK-integration,"Battery per mode, convention stated","Battery, continuous writing on the LIR14500: >= 16 h in every writing mode up to 2 mm of tremor, with the nib's loss at the weakest point x 0.7 and the electronics at their high end (REQ-RVK-002 with DEC-080's convention)","Study N proposed it as an edit of REQ-RVK-002: the same 16 h, with the convention stated (DEC-080). Every study N candidate keeps 16 h in every mode at the cautious end (17.6 h is the lowest, Rev K's B1 guiding)",DEC-080; docs/nib_optimisation.md (s6; s9.2),"EXP-P01 (AC-P01-07, the prediction before the build; AC-P01-06 on the built pen)",calculated,"CALC (study N, 2.22 Wh, conservative - optimistic): the balanced candidate 22.3-23.3 h at the cautious end in every mode (60.1-61.6 h optimistic); Rev K's B1 (matched) 17.6-18.6 h (45.7-47.5 h)",DEC-080; nibopt/budgets.py; results/nibopt/budgets.json,proposed
REQ-RVK-010,revK-integration,Guide preload set from the couple,"Ball-guide preload per race >= 1.2 x the preload at which a ball first unloads under the 35 deg couple, and <= 2 N; the guide's drag <= 5 mN at 35 deg","DEC-082 withdraws study K's 4 N preload: it gives about 8.1 mN of drag, above EXP-K20's 5 mN line, and 2.7 GPa of contact stress. The drag is the rolling coefficient x the total ball load, which the preload sets (study N)",DEC-082; AMF-262; docs/nib_optimisation.md (s3; s9.2),"EXP-NB05 (AC-NB05-01, AC-NB05-02)",calculated; assumed,"CALC (study N): the balanced candidate 1.82 N per race (floor 1.31 N) and 3.95 mN of drag (rolling coefficient 0.001, ASSUMPTION; THK's catalogue shows friction rising at light load, AMF-262)",DEC-082; nibopt/suspension.py; results/nibopt/candidates.json,proposed
REQ-RVK-011,revK-integration,Guide contact stress,Peak Hertz stress in the ball guide <= 3.33 GPa under the sustained writing load and <= 3.67 GPa at the race springs' release in a drop,"A ball's basic static load rating is the load that gives 4,200 MPa at the most heavily loaded contact, about 0.0001 of the ball diameter of permanent set (AMF-260); static safety factors of 2 for quiet, accurate running and 1.5 for shock (AMF-261) give 3.33 and 3.67 GPa, the stress scaling with the cube root of the load (rotating-bearing practice applied to a sphere on a flat, ASSUMPTION)",DEC-082; AMF-260; AMF-261; docs/nib_optimisation.md (s4.1; s9.2),"EXP-NB05 (AC-NB05-03, race marks after drops)",calculated; sourced,CALC (study N): the balanced candidate 2.16 GPa sustained and 2.17 GPa at a drop; study K's guide at 4 N about 2.7 GPa,DEC-082; nibopt/suspension.py; results/nibopt/candidates.json,proposed
REQ-RVK-012,revK-integration,Drive voltage headroom,"The worst-case screen's peak force, with the coil hot and back-EMF included, needs <= 3.3 V at the driver","The 3.3 V bus is the low-battery supply (ASSUMPTION, study B); the pass's 1.5 mm nib needs 3.33 V (study N)",docs/nib_optimisation.md (s4.1; s9.2),EXP-NB09 (AC-NB09-03),calculated; assumed,CALC (study N): the balanced candidate 2.48 V; the pass's 1.5 mm nib 3.33 V,nibopt/duty.py; results/nibopt/candidates.json,proposed
REQ-RVK-013,revK-integration,Magnet temperature margin,The magnets stay >= 20 K below their grade's limit with the worst-case screen sustained at 35 deg in a 30 degC room,"Study N's constraint (magnets below their grade's temperature), with a 20 K margin (docs/nib_optimisation.md s9.2)",docs/nib_optimisation.md (s4.1; s9.2),EXP-NB07 (AC-NB07-04),calculated,CALC (study N): the balanced candidate 37.2 degC against N52's 80 degC,nibopt/pen.py; results/nibopt/candidates.json,proposed
REQ-RVK-014,revK-integration,Ball writing drag,"The ball's in-plane drag at N = F_n, mean over writing directions at 35 deg on the six papers, <= 30 mN; if higher, the nib budgets are re-run before the design freezes","The ball's drag makes about two thirds of the nib's heat in typical writing (72 % of the balanced candidate's typical load), and 1.5 x the ink force roughly doubles the loss (study N, CALC); study K's text said the weight dominated, but its sums set the weight aside in contact",DEC-080; docs/nib_optimisation.md (s4.4; s7; s9.2),EXP-NB02 (AC-NB02-01),calculated; assumed,"CALC (study N): 28 mN in the model at F_n 0.196 N (PROPOSED DESIGN, gate G1; LIT CON-13 shapes)",DEC-080; nibopt/duty.py,proposed
REQ-RVK-015,revK-integration,Measured force constant,The measured weakest force per sqrt(W) over the usable disk is >= 0.7 x the image-method value (the derating in every claim),"The image-method model is an upper bound (ideal iron, images, no saturation, fringing or winding build); every nib figure derates it to 0.7 at its weakest point (DEC-080); every loss scales with 1 / derating^2 (study N)",DEC-080; DEC-081; docs/nib_optimisation.md (s7; s9.2),EXP-NB01 (AC-NB01-01),calculated,"CALC (study N, upper bound): the balanced candidate 0.272 N/sqrt(W) at the weakest point (0.398 / 0.409 at the centre), so >= 0.19 N/sqrt(W) measured",DEC-080; nibopt/magnet.py; results/nibopt/candidates.json,proposed
REQ-SIM-001,sim,H1 regression check,"After any change, sim2 reproduces H1 on H1's test grid: unmodified ink error within +/-10 %, oracle ratio within +/-0.03 in >= 90 % of cases",H1 stays the fast regression reference (DEC-040); tolerances written before the grid ran,DEC-040; docs/sim_v2.md s5.1,run_study --stages h1check; EXP-V05 (frozen model),simulated,"56 Rev H cases: unmodified error within 3.1 %; oracle ratio within +/-0.03 in 52 of 56 (93 %), worst +0.040 at 12 Hz; causal ratio within +/-0.05 in 50 of 56 (SIM)",DEC-040; sim2/h1compare.py; results/sim2/verification.json h1check,proposed
REQ-SIM-002,sim,Numerical convergence,"At the production step, the ink path differs by <= 1 um rms from the half step; energy residual <= 1e-3 of the energy scale",Calculation verification (ASME V&V 40 sense); 100 us steps break down,DEC-040; CON-64,"run_study --stages convergence,energy; EXP-V05 (frozen model)",simulated,0.22 um rms at 25 us against 12.5 us (observed order 1.07); energy residual <= 6.8e-4 (SIM),DEC-040; sim2/verify.py; results/sim2/verification.json,proposed
REQ-SIM-003,sim,Labelled parameters and provenance,Every parameter carries a label and source (params.LABELS); every result file carries stabpen.provenance metadata,Every number must say where it comes from (Rev J plan s5),DEC-040; docs/revJ_plan.md s5,code review; tests; EXP-V05 (frozen model),proposed design,Implemented in sim2/params.py; stage outputs carry provenance (docs/sim_v2.md s12),DEC-040; sim2/params.py,proposed
REQ-SIM-004,sim,"Pen-only observations, sourced randomisation","The Gym observation holds only the pen's own sensor readings with their noise, bias and delay; every DR range cites its source",Policies trained in sim2 must see only what the pen can sense; an unsourced range hides an assumption,DEC-040; docs/sim_v2.md s7.4,code review; EXP-V05 (frozen model),proposed design,sim2/env.py: 25 randomised factors (results/sim2/env_benchmark.json),DEC-040; sim2/env.py,proposed
REQ-SIM-005,sim,Ranking only until validated,"sim2 results are used only for COU-1 (ranking concepts and controllers) until EXP-V01, V02, V04 calibrate it and EXP-V05 passes","FDA 2023 framework and ASME V&V 40: evidence of benefit or safety (COU-3) is not supported now, and policy training for bench and human tests (COU-2) needs bench validation",DEC-040; CON-63; CON-64; CON-65,design review; EXP-V05,proposed design,No bench or human data: COU-1 only,DEC-040; docs/sim_v2.md s8,proposed
REQ-MKT-001,market,Named comparators in every benefit study,"Every study that supports a claim of benefit for any product option compares, per task and per user group, against an ordinary light pen, a weighted pen, typing on a phone or tablet with accessibility settings configured, and dictation where the task allows. Device studies add the device unpowered and the device locked with matched mass.","Passive utensils matched or beat active ones on preference (ACT-18, ACT-19); dictation is about 3 times faster than a phone keyboard for typical speakers (HAP-161) but made 36.3 % word errors on PD speech in a research test (PDT-104); engineering report section 7",Study U (docs/market_and_users.md s8); docs/reviews/Stabilisation_Pen_Engineering_Improvement_Report.md s7; DEC-092,"EXP-U06, EXP-U07 protocol review; EXP-PL09 (AC-PL09-02)",sourced,No comparison run yet,docs/market_and_users.md s8; validation/human_study_plan.md s26,proposed
REQ-MKT-002,market,Customer discovery before tooling,"No tooling or volume-component commitment for the active pen until go/no-go criteria GNG-1 to GNG-5 (results/market/go_no_go_criteria.csv) have been evaluated in EXP-U01, EXP-U02 and EXP-U05 and reported to the lead.","Rev K needs 28 000-70 000 USD of tooling (docs/revK_design.md s5.4, ASSUMPTION); no demand evidence exists for pen users with tremor",Study U (docs/market_and_users.md s7); DEC-091; DEC-090,Lead review of the EXP-U01/U02/U05 reports,assumed,Not started,docs/market_and_users.md s7; results/market/go_no_go_criteria.csv,proposed
REQ-MKT-003,market,Price justified by willingness to pay,"The active pen's target retail price does not exceed the highest tested price at which at least 20 % of the serviceable subgroup say they would definitely buy (GNG-5), unless a third-party payer route is secured in writing.",Rev K's cost implies about 508-1142 USD at a 50 % gross margin and 907-2039 USD retail with a 60 % margin and a 30 % channel margin (CALCULATION from docs/revK_design.md s5.4); passive writing aids cost 8-125 USD (PDT-107),"Study U (docs/market_and_users.md s6.1, s7.2); DEC-091 (GNG-5)","EXP-U01 (S18), EXP-U05 price arms",calculated; assumed,Implied price 508-2039 USD (CALCULATION),docs/market_and_users.md s6.1,proposed
REQ-MKT-004,market,Ready to write in seconds; usable when flat,Median time from picking up the pen to the first useful word is at most 10 s with no phone or app step for ordinary writing; with the battery flat (unpowered) the pen still writes with legibility non-inferior to an ordinary pen (lower 95 % bound of the difference at least -5 percentage points).,Everyday writing is short and frequent: median 18 words per occasion (HAP-159); 62 % of GB adults aged 65+ write lists by hand at least weekly (HAP-158). Rev K's unpowered nib rests on its stop 1.26 mm off centre (docs/claims_register.md). The 10 s threshold is an ASSUMPTION,"Study U (docs/market_and_users.md s8.3, s8.4)",EXP-U07 (setup time; device-off condition),assumed,Not measured,docs/market_and_users.md s8,proposed
REQ-MKT-005,market,"Design for paper-bound jobs, not text speed","Product requirements and messages prioritise the paper-bound jobs that EXP-U01 and EXP-U02 find unserved (expected: signatures, paper forms, cards, lists). Speed of long text entry against dictation or typing is not a design goal.","Signatures and paper documents remain required for wills, powers of attorney and postal votes in the UK (PDT-105) and are checked on US mail ballots (PDT-106); dictation is far faster for clear speakers (HAP-161)","Study U (docs/market_and_users.md s2, s3); DEC-090",EXP-U01/U02 reports; EXP-U07 task results,sourced,Jobs not yet measured in the target group,"docs/market_and_users.md s2, s3",proposed
REQ-MKT-006,market,"Measuring pen: reliable, quick and separate from the consumer pen","A measuring pen for clinics or trials achieves test-retest ICC at least 0.80 for its primary writing metrics over 1-2 weeks in ET and in PD, correlation |rho| at least 0.5 with blinded clinical writing items, and a complete assessment in at most 10 minutes. It is a separate product with its own intended purpose and regulatory route; the consumer pen keeps REQ-USR-003 (no diagnostic output).",A tremor-measuring device is US Class II (21 CFR 882.1950) and monitoring or decision software is EU class IIa (MDCG 2021-24 Rule 11) (PDT-114); NICE prices PD monitors at GBP 64-225 per patient-month or use (PDT-115); tablet spiral measurement reached ICC 0.97 (PDT-12),Study U (docs/market_and_users.md s6); DEC-093,EXP-U08,sourced; assumed,Not measured,docs/market_and_users.md s6; results/market/competitors.csv C-19 to C-21,proposed
REQ-MKT-007,market,Outcomes payers can read,"Every EXP-U device study records the Bain-Findley ADL writing item (or the TETRAS ADL writing item) and the MDS-UPDRS 2.7 patient item before and after, and QUEST 2.0 satisfaction, as secondary outcomes. Licences for each scale are confirmed before use.",A US Medicare coverage policy uses a Bain-Findley writing score of 3 or more for entry and a 1-point improvement for continuation (PDT-113),"Study U (docs/market_and_users.md s6.2, s8.4)",EXP-U07 protocol review,sourced,Not collected,"docs/market_and_users.md s6.2, s8.4",proposed
REQ-MKT-008,market,Intended purpose and classification for each option,"Before any external claim, each product option has a written intended purpose, a classification rationale for the US (21 CFR 890.5050 with 890.9, or 882.1950) and for the EU and UK (MDR Annex VIII Rules 1, 11 and 13; UK MDR 2002), and marketing text that meets CAP Code section 12.",Classification depends on intended purpose and technology; an actuated pen may need a 510(k) under 890.9(b) (PDT-114); CAP 12.1 allows medical claims only for conformity-marked devices (PDT-119),Study U (docs/market_and_users.md s6.3),Regulatory adviser review,sourced,Not written,docs/market_and_users.md s6.3,proposed
REQ-MKT-009,market,Honest discovery,"No money or deposits are taken from patients or families before a benefit is shown; every participant-facing text states that the product is in development and unproven; all discovery results are reported, including no-go results.",MRS Code 2023 rules 4 and 23-26; CAP Code 12 (PDT-119); DEC-094,Study U (docs/market_and_users.md s7.4); DEC-094,Ethics review of all participant-facing texts; EXP-U05 audit,sourced,Not started,results/market/landing_page_test_plan.md; results/market/recruitment_and_ethics.md,proposed
REQ-MKT-010,market,Children's products and studies,"Products or studies for children compare against typing and standard occupational-therapy practice, measure unassisted handwriting legibility and speed at retention, never claim to treat dyslexia, and follow child-research safeguards (verified responsible-adult permission; the child's right to decline).","Effective handwriting programmes need practice (HAP-41); spelling, not movement, limits dyslexic writing (HAP-47, HAP-48); MRS Code rules 16-22 (PDT-119)","Study U (docs/market_and_users.md s4.4, s7.4)",EXP-U09 and any children's protocol review,sourced,Not started,"docs/market_and_users.md s6, s8",proposed
REQ-PLT-001,platen,Fine-stage travel,"The fine stage gives at least +/-5 mm radial usable travel on the paper (soft limit, end stops beyond), enough that perfect knowledge of severe real tremor leaves at most 0.15 mm at the tip on the tuning split","DEC-086: tremor is cancelled on the fine stage only. With perfect knowledge at the severe class its 99th-percentile travel is 3.45 mm, and it spends 0.1 % of the contact time at the +/-5 mm soft limit (SIM, study P)","Study P (docs/platen_concept.md s2, s10); DEC-086",EXP-PL01 (AC-PL01-01); simulation rerun on the built stage's identified model,simulated,Platen +/-5 mm 0.02 (0.01 to 0.03) mm; +/-4 mm 0.04 (0.02 to 0.05); +/-3 mm 0.10 (0.07 to 0.13) (SIM),DEC-085 to DEC-088; docs/platen_concept.md (s2; s10),proposed
REQ-PLT-002,platen,Fine-stage dynamics,"The fine stage follows position commands with >= 25 Hz bandwidth (40 Hz proposed), <= 0.6 kg moving per axis, >= 20 N peak and >= 5 N continuous per axis, first structural mode >= 150 Hz","DEC-086: one belt stage run at 15 Hz leaves 0.07 mm with perfect knowledge and 0.25 mm with the camera, against 0.02 and 0.09 mm for the voice-coil stage; belt axes ring at about 50 Hz (LIT CON-112) (SIM, study P)","Study P (docs/platen_concept.md s2, s10); DEC-086",EXP-PL01 (AC-PL01-02),simulated,Bandwidth 15 / 25 / 80 Hz with the camera: 0.24 (0.21 to 0.27) / 0.13 (0.12 to 0.15) / 0.07 (0.06 to 0.07) mm (40 Hz: 0.09 (0.08 to 0.10)); force RMS with perfect knowledge 2.08 (1.84 to 2.36) N (SIM),DEC-085 to DEC-088; docs/platen_concept.md (s2; s10),proposed
REQ-PLT-003,platen,Coarse stage,The coarse stage moves the fine stage +/-40 x +/-20 mm at <= 50 mm/s and <= 2 m/s^2 with feedforward of the accepted word's page motion; force capped at 20 N,"DEC-086: the belt coarse stage carries the fine stage and moves the page through an accepted word (SIM, study P)","Study P (docs/platen_concept.md s2, s10); DEC-086",EXP-PL01 (AC-PL01-03); EXP-PL05,simulated,An accepted word up to 80 mm long passes under a still pen; the references span 'se' up to 11 x 7 mm and 5.7 s; 'library' up to 35 x 8 mm and 23.2 s (SIM references),DEC-085 to DEC-088; docs/platen_concept.md (s2; s10),proposed
REQ-PLT-004,platen,Absolute tip sensing,"The tip sensor reports the pen tip in the desk frame with <= 6 ms latency, <= 15 um RMS noise per axis, >= 250 samples/s, a marker <= 3 mm from the ball (tilt error <= 5 % of the hand tremor) or tilt compensation","DEC-087: the camera's latency and noise set the camera loop's residual (SIM, study P); camera data MFR AMF-281, AMF-282; EMR under the plate is the alternative (AMF-98)","Study P (docs/platen_concept.md s2, s10); DEC-087",EXP-PL02 (AC-PL02-01...03),simulated,"Latency 10 / 15 ms leaves 0.14 (0.12 to 0.15) / 0.20 (0.18 to 0.23) mm; noise 30 um 0.13 (0.11 to 0.14) mm; tilt 10 % 0.16 (0.14 to 0.18) mm (SIM, perfect separation)",DEC-085 to DEC-088; docs/platen_concept.md (s2; s10),proposed
REQ-PLT-005,platen,Hold-down and registration,"The sheet is held against >= 3 N of shear (A5: about 240 Pa of vacuum, CALC) with no slip under the ball's drag, and registered to the platen frame within 0.2 mm","The ball's friction ties the page to the pen: a hand resting on the moving paper runs the loop at its 20 N cap, and with only a clip the hand carries the sheet away (SIM, study P); LuGre creep inflates simulated slip (CON-113)","Study P (docs/platen_concept.md s2, s10); DEC-085","EXP-PL04 (AC-PL04-01, AC-PL04-02)",simulated,"Palm rest and vacuum: the camera loop leaves 0.09 (0.08 to 0.10) mm, sheet slip 0.08 (0.07 to 0.10) mm; palm rest and a clip only: the sheet walks 1.4 (1.0 to 1.9) mm (page held) and 8.5 (7.3 to 10.1) mm (camera loop); hand on vacuum-held paper: the camera loop leaves 0.58 (0.43 to 0.72) mm at 20.0 (20.0 to 20.0) N RMS; hand on clip-held paper: the sheet travels 63 (46 to 79) mm (SIM; LuGre creep inflates slip, CON-113)",DEC-085 to DEC-088; docs/platen_concept.md (s2; s10),proposed
REQ-PLT-006,platen,Palm rest,"A fixed palm-rest bridge keeps the hand off the moving paper; underside 15-35 mm above the paper (25 mm nominal, the ISO 13854 finger gap), posts outside the plate's swept envelope",Keeps the hand off the moving paper (REQ-PLT-005); ISO 13854's finger gap (CON-110) (study P),"Study P (docs/platen_concept.md s2, s10); DEC-085",EXP-PL04; EXP-PL08 (AC-PL08-02); EXP-PL09 (comfort),simulated,Design rule (CAD; ISO 13854 via CON-110); slip rows above,DEC-085 to DEC-088; docs/platen_concept.md (s2; s10),proposed
REQ-PLT-007,platen,Pen holding in accepted mode,"In accepted mode the pen is docked in a cradle, or held with the hand on the palm rest so that its tip moves <= 0.15 mm under the page's sliding drag (compliance x friction x normal force), with the normal force regulated at <= 0.5 N by the Z axis and the drag-decoupled ink-loop controller","DEC-088: a moving page drags a compliantly held pen through the ball; HW1's relaxed hand completes 0 of 20 accepted words, a docked pen 20 of 20 (SIM, study P)","Study P (docs/platen_concept.md s2, s10); DEC-088","EXP-PL03 (AC-PL03-01); EXP-PL05 (AC-PL05-01, AC-PL05-02)",simulated,"'se' proposed 20/20, cradle 20/20, relaxed hand 0/20 (SIM)",DEC-085 to DEC-088; docs/platen_concept.md (s2; s10),proposed
REQ-PLT-008,platen,Contact and lift,Load cells under the plate detect contact (>= 50 mN) within 2 ms; the Z-drop breaks contact within 40 ms and the page makes no air move until the break is confirmed,"Accepted writing needs every contact change confirmed before the page moves; the five-bar's lift is 200 ms (SIM, study P)","Study P (docs/platen_concept.md s2, s10); DEC-088",EXP-PL05 (AC-PL05-03); EXP-PL08 (a failed lift),simulated,"Air-phase ink at most 0.000 mm over all 1,735 simulated words (a 40 ms drop, 200 ms in one variant, against the plan's 200 ms lift phases) (SIM); the five-bar's lift is 200 ms",DEC-085 to DEC-088; docs/platen_concept.md (s2; s10),proposed
REQ-PLT-009,platen,Safety,"Force caps 20 N (fine and coarse, in hardware current limits), a 50 mm/s speed cap on the coarse stage (the fine stage follows tremor and is bounded by a 0.2 m/s slew limit, its +/-5 mm travel, its force cap and the kinetic-energy limit), moving kinetic energy <= 0.05 J, no fixed gap between 4 and 25 mm at a moving edge without a skirt, SELV supply, an emergency stop that holds the stage and drops the page; the page can only drag the pen with friction (<= 0.4 N)",ISO/TS 15066's 140 N for hands (CON-111) and ISO 13854's gaps (CON-110); a desk appliance near the user's hand (study P),"Study P (docs/platen_concept.md s2, s10); DEC-085","EXP-PL08 (AC-PL08-01, AC-PL08-03)",simulated,20 N is 14 % of ISO/TS 15066's 140 N for hands (CON-111); 1.8 mJ at 50 mm/s (CALC),DEC-085 to DEC-088; docs/platen_concept.md (s2; s10),proposed
REQ-PLT-010,platen,"Noise, power, size","<= 40 dB(A) at 0.5 m while writing; <= 25 W from a 24 V adapter; A5 footprint <= 380 x 300 mm, paper surface <= 70 mm above the desk","A desk appliance for home and clinic (study P s2.6, s6; CALC on ASSUMPTION ranges)","Study P (docs/platen_concept.md s2, s10); DEC-085","EXP-PL07 (AC-PL07-01, AC-PL07-02)",simulated,Budgets (CALC on ASSUMPTION ranges),DEC-085 to DEC-088; docs/platen_concept.md (s2; s10),proposed
