ISO-10303-21;
HEADER;
FILE_DESCRIPTION(('Open CASCADE Model'),'2;1');
FILE_NAME('Open CASCADE Shape Model','2026-09-30T04:14:05',('Author'),(
    'Open CASCADE'),'Open CASCADE STEP processor 7.9','Open CASCADE 7.9'
  ,'Unknown');
FILE_SCHEMA(('AUTOMOTIVE_DESIGN { 1 0 10303 214 1 1 1 1 }'));
ENDSEC;
DATA;
#1 = APPLICATION_PROTOCOL_DEFINITION('international standard',
  'automotive_design',2000,#2);
#2 = APPLICATION_CONTEXT(
  'core data for automotive mechanical design processes');
#3 = SHAPE_DEFINITION_REPRESENTATION(#4,#10);
#4 = PRODUCT_DEFINITION_SHAPE('','',#5);
#5 = PRODUCT_DEFINITION('design','',#6,#9);
#6 = PRODUCT_DEFINITION_FORMATION('','',#7);
#7 = PRODUCT('revK_pen_heel','revK_pen_heel','',(#8));
#8 = PRODUCT_CONTEXT('',#2,'mechanical');
#9 = PRODUCT_DEFINITION_CONTEXT('part definition',#2,'design');
#10 = SHAPE_REPRESENTATION('',(#11,#15,#19,#23,#27,#31,#35,#39,#43,#47,
    #51,#55,#59,#63,#67,#71,#75,#79,#83,#87,#91,#95,#99,#103,#107,#111,
    #115,#119,#123,#127,#131,#135,#139,#143,#147,#151,#155,#159,#163,
    #167,#171,#175,#179,#183,#187,#191,#195,#199,#203,#207,#211,#215,
    #219,#223,#227,#231,#235,#239,#243,#247,#251,#255,#259,#263,#267,
    #271,#275),#279);
#11 = AXIS2_PLACEMENT_3D('',#12,#13,#14);
#12 = CARTESIAN_POINT('',(0.,0.,0.));
#13 = DIRECTION('',(0.,0.,1.));
#14 = DIRECTION('',(1.,0.,-0.));
#15 = AXIS2_PLACEMENT_3D('',#16,#17,#18);
#16 = CARTESIAN_POINT('',(0.,0.,0.));
#17 = DIRECTION('',(0.,0.,1.));
#18 = DIRECTION('',(1.,0.,-0.));
#19 = AXIS2_PLACEMENT_3D('',#20,#21,#22);
#20 = CARTESIAN_POINT('',(0.,0.,0.));
#21 = DIRECTION('',(0.,0.,1.));
#22 = DIRECTION('',(1.,0.,-0.));
#23 = AXIS2_PLACEMENT_3D('',#24,#25,#26);
#24 = CARTESIAN_POINT('',(0.,0.,0.));
#25 = DIRECTION('',(0.,0.,1.));
#26 = DIRECTION('',(1.,0.,-0.));
#27 = AXIS2_PLACEMENT_3D('',#28,#29,#30);
#28 = CARTESIAN_POINT('',(0.,0.,0.));
#29 = DIRECTION('',(0.,0.,1.));
#30 = DIRECTION('',(1.,0.,-0.));
#31 = AXIS2_PLACEMENT_3D('',#32,#33,#34);
#32 = CARTESIAN_POINT('',(0.,0.,0.));
#33 = DIRECTION('',(0.,0.,1.));
#34 = DIRECTION('',(1.,0.,-0.));
#35 = AXIS2_PLACEMENT_3D('',#36,#37,#38);
#36 = CARTESIAN_POINT('',(0.,0.,0.));
#37 = DIRECTION('',(0.,0.,1.));
#38 = DIRECTION('',(1.,0.,-0.));
#39 = AXIS2_PLACEMENT_3D('',#40,#41,#42);
#40 = CARTESIAN_POINT('',(0.,0.,0.));
#41 = DIRECTION('',(0.,0.,1.));
#42 = DIRECTION('',(1.,0.,-0.));
#43 = AXIS2_PLACEMENT_3D('',#44,#45,#46);
#44 = CARTESIAN_POINT('',(0.,0.,0.));
#45 = DIRECTION('',(0.,0.,1.));
#46 = DIRECTION('',(1.,0.,-0.));
#47 = AXIS2_PLACEMENT_3D('',#48,#49,#50);
#48 = CARTESIAN_POINT('',(0.,0.,0.));
#49 = DIRECTION('',(0.,0.,1.));
#50 = DIRECTION('',(1.,0.,-0.));
#51 = AXIS2_PLACEMENT_3D('',#52,#53,#54);
#52 = CARTESIAN_POINT('',(0.,0.,0.));
#53 = DIRECTION('',(0.,0.,1.));
#54 = DIRECTION('',(1.,0.,-0.));
#55 = AXIS2_PLACEMENT_3D('',#56,#57,#58);
#56 = CARTESIAN_POINT('',(0.,0.,0.));
#57 = DIRECTION('',(0.,0.,1.));
#58 = DIRECTION('',(1.,0.,-0.));
#59 = AXIS2_PLACEMENT_3D('',#60,#61,#62);
#60 = CARTESIAN_POINT('',(0.,0.,0.));
#61 = DIRECTION('',(0.,0.,1.));
#62 = DIRECTION('',(1.,0.,-0.));
#63 = AXIS2_PLACEMENT_3D('',#64,#65,#66);
#64 = CARTESIAN_POINT('',(0.,0.,0.));
#65 = DIRECTION('',(0.,0.,1.));
#66 = DIRECTION('',(1.,0.,-0.));
#67 = AXIS2_PLACEMENT_3D('',#68,#69,#70);
#68 = CARTESIAN_POINT('',(0.,0.,0.));
#69 = DIRECTION('',(0.,0.,1.));
#70 = DIRECTION('',(1.,0.,-0.));
#71 = AXIS2_PLACEMENT_3D('',#72,#73,#74);
#72 = CARTESIAN_POINT('',(0.,0.,0.));
#73 = DIRECTION('',(0.,0.,1.));
#74 = DIRECTION('',(1.,0.,-0.));
#75 = AXIS2_PLACEMENT_3D('',#76,#77,#78);
#76 = CARTESIAN_POINT('',(0.,0.,0.));
#77 = DIRECTION('',(0.,0.,1.));
#78 = DIRECTION('',(1.,0.,-0.));
#79 = AXIS2_PLACEMENT_3D('',#80,#81,#82);
#80 = CARTESIAN_POINT('',(0.,0.,0.));
#81 = DIRECTION('',(0.,0.,1.));
#82 = DIRECTION('',(1.,0.,-0.));
#83 = AXIS2_PLACEMENT_3D('',#84,#85,#86);
#84 = CARTESIAN_POINT('',(0.,0.,0.));
#85 = DIRECTION('',(0.,0.,1.));
#86 = DIRECTION('',(1.,0.,-0.));
#87 = AXIS2_PLACEMENT_3D('',#88,#89,#90);
#88 = CARTESIAN_POINT('',(0.,0.,0.));
#89 = DIRECTION('',(0.,0.,1.));
#90 = DIRECTION('',(1.,0.,-0.));
#91 = AXIS2_PLACEMENT_3D('',#92,#93,#94);
#92 = CARTESIAN_POINT('',(0.,0.,0.));
#93 = DIRECTION('',(0.,0.,1.));
#94 = DIRECTION('',(1.,0.,-0.));
#95 = AXIS2_PLACEMENT_3D('',#96,#97,#98);
#96 = CARTESIAN_POINT('',(0.,0.,0.));
#97 = DIRECTION('',(0.,0.,1.));
#98 = DIRECTION('',(1.,0.,-0.));
#99 = AXIS2_PLACEMENT_3D('',#100,#101,#102);
#100 = CARTESIAN_POINT('',(0.,0.,0.));
#101 = DIRECTION('',(0.,0.,1.));
#102 = DIRECTION('',(1.,0.,-0.));
#103 = AXIS2_PLACEMENT_3D('',#104,#105,#106);
#104 = CARTESIAN_POINT('',(0.,0.,0.));
#105 = DIRECTION('',(0.,0.,1.));
#106 = DIRECTION('',(1.,0.,-0.));
#107 = AXIS2_PLACEMENT_3D('',#108,#109,#110);
#108 = CARTESIAN_POINT('',(0.,0.,0.));
#109 = DIRECTION('',(0.,0.,1.));
#110 = DIRECTION('',(1.,0.,-0.));
#111 = AXIS2_PLACEMENT_3D('',#112,#113,#114);
#112 = CARTESIAN_POINT('',(0.,0.,0.));
#113 = DIRECTION('',(0.,0.,1.));
#114 = DIRECTION('',(1.,0.,-0.));
#115 = AXIS2_PLACEMENT_3D('',#116,#117,#118);
#116 = CARTESIAN_POINT('',(0.,0.,0.));
#117 = DIRECTION('',(0.,0.,1.));
#118 = DIRECTION('',(1.,0.,-0.));
#119 = AXIS2_PLACEMENT_3D('',#120,#121,#122);
#120 = CARTESIAN_POINT('',(0.,0.,0.));
#121 = DIRECTION('',(0.,0.,1.));
#122 = DIRECTION('',(1.,0.,-0.));
#123 = AXIS2_PLACEMENT_3D('',#124,#125,#126);
#124 = CARTESIAN_POINT('',(0.,0.,0.));
#125 = DIRECTION('',(0.,0.,1.));
#126 = DIRECTION('',(1.,0.,-0.));
#127 = AXIS2_PLACEMENT_3D('',#128,#129,#130);
#128 = CARTESIAN_POINT('',(0.,0.,0.));
#129 = DIRECTION('',(0.,0.,1.));
#130 = DIRECTION('',(1.,0.,-0.));
#131 = AXIS2_PLACEMENT_3D('',#132,#133,#134);
#132 = CARTESIAN_POINT('',(0.,0.,0.));
#133 = DIRECTION('',(0.,0.,1.));
#134 = DIRECTION('',(1.,0.,-0.));
#135 = AXIS2_PLACEMENT_3D('',#136,#137,#138);
#136 = CARTESIAN_POINT('',(0.,0.,0.));
#137 = DIRECTION('',(0.,0.,1.));
#138 = DIRECTION('',(1.,0.,-0.));
#139 = AXIS2_PLACEMENT_3D('',#140,#141,#142);
#140 = CARTESIAN_POINT('',(0.,0.,0.));
#141 = DIRECTION('',(0.,0.,1.));
#142 = DIRECTION('',(1.,0.,-0.));
#143 = AXIS2_PLACEMENT_3D('',#144,#145,#146);
#144 = CARTESIAN_POINT('',(0.,0.,0.));
#145 = DIRECTION('',(0.,0.,1.));
#146 = DIRECTION('',(1.,0.,-0.));
#147 = AXIS2_PLACEMENT_3D('',#148,#149,#150);
#148 = CARTESIAN_POINT('',(0.,0.,0.));
#149 = DIRECTION('',(0.,0.,1.));
#150 = DIRECTION('',(1.,0.,-0.));
#151 = AXIS2_PLACEMENT_3D('',#152,#153,#154);
#152 = CARTESIAN_POINT('',(0.,0.,0.));
#153 = DIRECTION('',(0.,0.,1.));
#154 = DIRECTION('',(1.,0.,-0.));
#155 = AXIS2_PLACEMENT_3D('',#156,#157,#158);
#156 = CARTESIAN_POINT('',(0.,0.,0.));
#157 = DIRECTION('',(0.,0.,1.));
#158 = DIRECTION('',(1.,0.,-0.));
#159 = AXIS2_PLACEMENT_3D('',#160,#161,#162);
#160 = CARTESIAN_POINT('',(0.,0.,0.));
#161 = DIRECTION('',(0.,0.,1.));
#162 = DIRECTION('',(1.,0.,-0.));
#163 = AXIS2_PLACEMENT_3D('',#164,#165,#166);
#164 = CARTESIAN_POINT('',(0.,0.,0.));
#165 = DIRECTION('',(0.,0.,1.));
#166 = DIRECTION('',(1.,0.,-0.));
#167 = AXIS2_PLACEMENT_3D('',#168,#169,#170);
#168 = CARTESIAN_POINT('',(0.,0.,0.));
#169 = DIRECTION('',(0.,0.,1.));
#170 = DIRECTION('',(1.,0.,-0.));
#171 = AXIS2_PLACEMENT_3D('',#172,#173,#174);
#172 = CARTESIAN_POINT('',(0.,0.,0.));
#173 = DIRECTION('',(0.,0.,1.));
#174 = DIRECTION('',(1.,0.,-0.));
#175 = AXIS2_PLACEMENT_3D('',#176,#177,#178);
#176 = CARTESIAN_POINT('',(0.,0.,0.));
#177 = DIRECTION('',(0.,0.,1.));
#178 = DIRECTION('',(1.,0.,-0.));
#179 = AXIS2_PLACEMENT_3D('',#180,#181,#182);
#180 = CARTESIAN_POINT('',(0.,0.,0.));
#181 = DIRECTION('',(0.,0.,1.));
#182 = DIRECTION('',(1.,0.,-0.));
#183 = AXIS2_PLACEMENT_3D('',#184,#185,#186);
#184 = CARTESIAN_POINT('',(0.,0.,0.));
#185 = DIRECTION('',(0.,0.,1.));
#186 = DIRECTION('',(1.,0.,-0.));
#187 = AXIS2_PLACEMENT_3D('',#188,#189,#190);
#188 = CARTESIAN_POINT('',(0.,0.,0.));
#189 = DIRECTION('',(0.,0.,1.));
#190 = DIRECTION('',(1.,0.,-0.));
#191 = AXIS2_PLACEMENT_3D('',#192,#193,#194);
#192 = CARTESIAN_POINT('',(0.,0.,0.));
#193 = DIRECTION('',(0.,0.,1.));
#194 = DIRECTION('',(1.,0.,-0.));
#195 = AXIS2_PLACEMENT_3D('',#196,#197,#198);
#196 = CARTESIAN_POINT('',(0.,0.,0.));
#197 = DIRECTION('',(0.,0.,1.));
#198 = DIRECTION('',(1.,0.,-0.));
#199 = AXIS2_PLACEMENT_3D('',#200,#201,#202);
#200 = CARTESIAN_POINT('',(0.,0.,0.));
#201 = DIRECTION('',(0.,0.,1.));
#202 = DIRECTION('',(1.,0.,-0.));
#203 = AXIS2_PLACEMENT_3D('',#204,#205,#206);
#204 = CARTESIAN_POINT('',(0.,0.,0.));
#205 = DIRECTION('',(0.,0.,1.));
#206 = DIRECTION('',(1.,0.,-0.));
#207 = AXIS2_PLACEMENT_3D('',#208,#209,#210);
#208 = CARTESIAN_POINT('',(0.,0.,0.));
#209 = DIRECTION('',(0.,0.,1.));
#210 = DIRECTION('',(1.,0.,-0.));
#211 = AXIS2_PLACEMENT_3D('',#212,#213,#214);
#212 = CARTESIAN_POINT('',(0.,0.,0.));
#213 = DIRECTION('',(0.,0.,1.));
#214 = DIRECTION('',(1.,0.,-0.));
#215 = AXIS2_PLACEMENT_3D('',#216,#217,#218);
#216 = CARTESIAN_POINT('',(0.,0.,0.));
#217 = DIRECTION('',(0.,0.,1.));
#218 = DIRECTION('',(1.,0.,-0.));
#219 = AXIS2_PLACEMENT_3D('',#220,#221,#222);
#220 = CARTESIAN_POINT('',(0.,0.,0.));
#221 = DIRECTION('',(0.,0.,1.));
#222 = DIRECTION('',(1.,0.,-0.));
#223 = AXIS2_PLACEMENT_3D('',#224,#225,#226);
#224 = CARTESIAN_POINT('',(0.,0.,0.));
#225 = DIRECTION('',(0.,0.,1.));
#226 = DIRECTION('',(1.,0.,-0.));
#227 = AXIS2_PLACEMENT_3D('',#228,#229,#230);
#228 = CARTESIAN_POINT('',(0.,0.,0.));
#229 = DIRECTION('',(0.,0.,1.));
#230 = DIRECTION('',(1.,0.,-0.));
#231 = AXIS2_PLACEMENT_3D('',#232,#233,#234);
#232 = CARTESIAN_POINT('',(0.,0.,0.));
#233 = DIRECTION('',(0.,0.,1.));
#234 = DIRECTION('',(1.,0.,-0.));
#235 = AXIS2_PLACEMENT_3D('',#236,#237,#238);
#236 = CARTESIAN_POINT('',(0.,0.,0.));
#237 = DIRECTION('',(0.,0.,1.));
#238 = DIRECTION('',(1.,0.,-0.));
#239 = AXIS2_PLACEMENT_3D('',#240,#241,#242);
#240 = CARTESIAN_POINT('',(0.,0.,0.));
#241 = DIRECTION('',(0.,0.,1.));
#242 = DIRECTION('',(1.,0.,-0.));
#243 = AXIS2_PLACEMENT_3D('',#244,#245,#246);
#244 = CARTESIAN_POINT('',(0.,0.,0.));
#245 = DIRECTION('',(0.,0.,1.));
#246 = DIRECTION('',(1.,0.,-0.));
#247 = AXIS2_PLACEMENT_3D('',#248,#249,#250);
#248 = CARTESIAN_POINT('',(0.,0.,0.));
#249 = DIRECTION('',(0.,0.,1.));
#250 = DIRECTION('',(1.,0.,-0.));
#251 = AXIS2_PLACEMENT_3D('',#252,#253,#254);
#252 = CARTESIAN_POINT('',(0.,0.,0.));
#253 = DIRECTION('',(0.,0.,1.));
#254 = DIRECTION('',(1.,0.,-0.));
#255 = AXIS2_PLACEMENT_3D('',#256,#257,#258);
#256 = CARTESIAN_POINT('',(0.,0.,0.));
#257 = DIRECTION('',(0.,0.,1.));
#258 = DIRECTION('',(1.,0.,-0.));
#259 = AXIS2_PLACEMENT_3D('',#260,#261,#262);
#260 = CARTESIAN_POINT('',(0.,0.,0.));
#261 = DIRECTION('',(0.,0.,1.));
#262 = DIRECTION('',(1.,0.,-0.));
#263 = AXIS2_PLACEMENT_3D('',#264,#265,#266);
#264 = CARTESIAN_POINT('',(0.,0.,0.));
#265 = DIRECTION('',(0.,0.,1.));
#266 = DIRECTION('',(1.,0.,-0.));
#267 = AXIS2_PLACEMENT_3D('',#268,#269,#270);
#268 = CARTESIAN_POINT('',(0.,0.,0.));
#269 = DIRECTION('',(0.,0.,1.));
#270 = DIRECTION('',(1.,0.,-0.));
#271 = AXIS2_PLACEMENT_3D('',#272,#273,#274);
#272 = CARTESIAN_POINT('',(0.,0.,0.));
#273 = DIRECTION('',(0.,0.,1.));
#274 = DIRECTION('',(1.,0.,-0.));
#275 = AXIS2_PLACEMENT_3D('',#276,#277,#278);
#276 = CARTESIAN_POINT('',(0.,0.,0.));
#277 = DIRECTION('',(0.,0.,1.));
#278 = DIRECTION('',(1.,0.,-0.));
#279 = ( GEOMETRIC_REPRESENTATION_CONTEXT(3) 
GLOBAL_UNCERTAINTY_ASSIGNED_CONTEXT((#283)) GLOBAL_UNIT_ASSIGNED_CONTEXT
((#280,#281,#282)) REPRESENTATION_CONTEXT('Context #1',
  '3D Context with UNIT and UNCERTAINTY') );
#280 = ( LENGTH_UNIT() NAMED_UNIT(*) SI_UNIT(.MILLI.,.METRE.) );
#281 = ( NAMED_UNIT(*) PLANE_ANGLE_UNIT() SI_UNIT($,.RADIAN.) );
#282 = ( NAMED_UNIT(*) SI_UNIT($,.STERADIAN.) SOLID_ANGLE_UNIT() );
#283 = UNCERTAINTY_MEASURE_WITH_UNIT(LENGTH_MEASURE(1.E-07),#280,
  'distance_accuracy_value','confusion accuracy');
#284 = PRODUCT_RELATED_PRODUCT_CATEGORY('part',$,(#7));
#285 = SHAPE_DEFINITION_REPRESENTATION(#286,#292);
#286 = PRODUCT_DEFINITION_SHAPE('','',#287);
#287 = PRODUCT_DEFINITION('design','',#288,#291);
#288 = PRODUCT_DEFINITION_FORMATION('','',#289);
#289 = PRODUCT('ball','ball','',(#290));
#290 = PRODUCT_CONTEXT('',#2,'mechanical');
#291 = PRODUCT_DEFINITION_CONTEXT('part definition',#2,'design');
#292 = ADVANCED_BREP_SHAPE_REPRESENTATION('',(#11,#293),#391);
#293 = MANIFOLD_SOLID_BREP('',#294);
#294 = CLOSED_SHELL('',(#295,#383,#387));
#295 = ADVANCED_FACE('',(#296),#309,.T.);
#296 = FACE_BOUND('',#297,.T.);
#297 = EDGE_LOOP('',(#298,#332,#355,#382));
#298 = ORIENTED_EDGE('',*,*,#299,.F.);
#299 = EDGE_CURVE('',#300,#300,#302,.T.);
#300 = VERTEX_POINT('',#301);
#301 = CARTESIAN_POINT('',(1.175,-2.877919977996E-16,3.));
#302 = SURFACE_CURVE('',#303,(#308,#320),.PCURVE_S1.);
#303 = CIRCLE('',#304,1.175);
#304 = AXIS2_PLACEMENT_3D('',#305,#306,#307);
#305 = CARTESIAN_POINT('',(0.,0.,3.));
#306 = DIRECTION('',(0.,0.,1.));
#307 = DIRECTION('',(1.,0.,-0.));
#308 = PCURVE('',#309,#314);
#309 = CONICAL_SURFACE('',#310,0.35,0.268366210906);
#310 = AXIS2_PLACEMENT_3D('',#311,#312,#313);
#311 = CARTESIAN_POINT('',(0.,0.,0.));
#312 = DIRECTION('',(0.,0.,1.));
#313 = DIRECTION('',(1.,0.,-0.));
#314 = DEFINITIONAL_REPRESENTATION('',(#315),#319);
#315 = LINE('',#316,#317);
#316 = CARTESIAN_POINT('',(0.,3.));
#317 = VECTOR('',#318,1.);
#318 = DIRECTION('',(1.,0.));
#319 = ( GEOMETRIC_REPRESENTATION_CONTEXT(2) 
PARAMETRIC_REPRESENTATION_CONTEXT() REPRESENTATION_CONTEXT('2D SPACE',''
  ) );
#320 = PCURVE('',#321,#326);
#321 = PLANE('',#322);
#322 = AXIS2_PLACEMENT_3D('',#323,#324,#325);
#323 = CARTESIAN_POINT('',(0.,0.,3.));
#324 = DIRECTION('',(0.,0.,1.));
#325 = DIRECTION('',(1.,0.,-0.));
#326 = DEFINITIONAL_REPRESENTATION('',(#327),#331);
#327 = CIRCLE('',#328,1.175);
#328 = AXIS2_PLACEMENT_2D('',#329,#330);
#329 = CARTESIAN_POINT('',(0.,0.));
#330 = DIRECTION('',(1.,0.));
#331 = ( GEOMETRIC_REPRESENTATION_CONTEXT(2) 
PARAMETRIC_REPRESENTATION_CONTEXT() REPRESENTATION_CONTEXT('2D SPACE',''
  ) );
#332 = ORIENTED_EDGE('',*,*,#333,.F.);
#333 = EDGE_CURVE('',#334,#300,#336,.T.);
#334 = VERTEX_POINT('',#335);
#335 = CARTESIAN_POINT('',(0.35,-8.572527594031E-17,0.));
#336 = SEAM_CURVE('',#337,(#341,#348),.PCURVE_S1.);
#337 = LINE('',#338,#339);
#338 = CARTESIAN_POINT('',(0.35,-8.572527594031E-17,0.));
#339 = VECTOR('',#340,1.);
#340 = DIRECTION('',(0.265156483021,-6.494460764098E-17,0.964205392804)
  );
#341 = PCURVE('',#309,#342);
#342 = DEFINITIONAL_REPRESENTATION('',(#343),#347);
#343 = LINE('',#344,#345);
#344 = CARTESIAN_POINT('',(6.28318530718,-0.));
#345 = VECTOR('',#346,1.);
#346 = DIRECTION('',(0.,1.));
#347 = ( GEOMETRIC_REPRESENTATION_CONTEXT(2) 
PARAMETRIC_REPRESENTATION_CONTEXT() REPRESENTATION_CONTEXT('2D SPACE',''
  ) );
#348 = PCURVE('',#309,#349);
#349 = DEFINITIONAL_REPRESENTATION('',(#350),#354);
#350 = LINE('',#351,#352);
#351 = CARTESIAN_POINT('',(0.,-0.));
#352 = VECTOR('',#353,1.);
#353 = DIRECTION('',(0.,1.));
#354 = ( GEOMETRIC_REPRESENTATION_CONTEXT(2) 
PARAMETRIC_REPRESENTATION_CONTEXT() REPRESENTATION_CONTEXT('2D SPACE',''
  ) );
#355 = ORIENTED_EDGE('',*,*,#356,.T.);
#356 = EDGE_CURVE('',#334,#334,#357,.T.);
#357 = SURFACE_CURVE('',#358,(#363,#370),.PCURVE_S1.);
#358 = CIRCLE('',#359,0.35);
#359 = AXIS2_PLACEMENT_3D('',#360,#361,#362);
#360 = CARTESIAN_POINT('',(0.,0.,0.));
#361 = DIRECTION('',(0.,0.,1.));
#362 = DIRECTION('',(1.,0.,-0.));
#363 = PCURVE('',#309,#364);
#364 = DEFINITIONAL_REPRESENTATION('',(#365),#369);
#365 = LINE('',#366,#367);
#366 = CARTESIAN_POINT('',(0.,0.));
#367 = VECTOR('',#368,1.);
#368 = DIRECTION('',(1.,0.));
#369 = ( GEOMETRIC_REPRESENTATION_CONTEXT(2) 
PARAMETRIC_REPRESENTATION_CONTEXT() REPRESENTATION_CONTEXT('2D SPACE',''
  ) );
#370 = PCURVE('',#371,#376);
#371 = PLANE('',#372);
#372 = AXIS2_PLACEMENT_3D('',#373,#374,#375);
#373 = CARTESIAN_POINT('',(0.,0.,0.));
#374 = DIRECTION('',(0.,0.,1.));
#375 = DIRECTION('',(1.,0.,-0.));
#376 = DEFINITIONAL_REPRESENTATION('',(#377),#381);
#377 = CIRCLE('',#378,0.35);
#378 = AXIS2_PLACEMENT_2D('',#379,#380);
#379 = CARTESIAN_POINT('',(0.,0.));
#380 = DIRECTION('',(1.,0.));
#381 = ( GEOMETRIC_REPRESENTATION_CONTEXT(2) 
PARAMETRIC_REPRESENTATION_CONTEXT() REPRESENTATION_CONTEXT('2D SPACE',''
  ) );
#382 = ORIENTED_EDGE('',*,*,#333,.T.);
#383 = ADVANCED_FACE('',(#384),#321,.T.);
#384 = FACE_BOUND('',#385,.T.);
#385 = EDGE_LOOP('',(#386));
#386 = ORIENTED_EDGE('',*,*,#299,.T.);
#387 = ADVANCED_FACE('',(#388),#371,.F.);
#388 = FACE_BOUND('',#389,.T.);
#389 = EDGE_LOOP('',(#390));
#390 = ORIENTED_EDGE('',*,*,#356,.F.);
#391 = ( GEOMETRIC_REPRESENTATION_CONTEXT(3) 
GLOBAL_UNCERTAINTY_ASSIGNED_CONTEXT((#395)) GLOBAL_UNIT_ASSIGNED_CONTEXT
((#392,#393,#394)) REPRESENTATION_CONTEXT('Context #1',
  '3D Context with UNIT and UNCERTAINTY') );
#392 = ( LENGTH_UNIT() NAMED_UNIT(*) SI_UNIT(.MILLI.,.METRE.) );
#393 = ( NAMED_UNIT(*) PLANE_ANGLE_UNIT() SI_UNIT($,.RADIAN.) );
#394 = ( NAMED_UNIT(*) SI_UNIT($,.STERADIAN.) SOLID_ANGLE_UNIT() );
#395 = UNCERTAINTY_MEASURE_WITH_UNIT(LENGTH_MEASURE(1.E-07),#392,
  'distance_accuracy_value','confusion accuracy');
#396 = CONTEXT_DEPENDENT_SHAPE_REPRESENTATION(#397,#399);
#397 = ( REPRESENTATION_RELATIONSHIP('','',#292,#10) 
REPRESENTATION_RELATIONSHIP_WITH_TRANSFORMATION(#398) 
SHAPE_REPRESENTATION_RELATIONSHIP() );
#398 = ITEM_DEFINED_TRANSFORMATION('','',#11,#15);
#399 = PRODUCT_DEFINITION_SHAPE('Placement','Placement of an item',#400
  );
#400 = NEXT_ASSEMBLY_USAGE_OCCURRENCE('55','ball','',#5,#287,$);
#401 = PRODUCT_RELATED_PRODUCT_CATEGORY('part',$,(#289));
#402 = SHAPE_DEFINITION_REPRESENTATION(#403,#409);
#403 = PRODUCT_DEFINITION_SHAPE('','',#404);
#404 = PRODUCT_DEFINITION('design','',#405,#408);
#405 = PRODUCT_DEFINITION_FORMATION('','',#406);
#406 = PRODUCT('refill','refill','',(#407));
#407 = PRODUCT_CONTEXT('',#2,'mechanical');
#408 = PRODUCT_DEFINITION_CONTEXT('part definition',#2,'design');
#409 = ADVANCED_BREP_SHAPE_REPRESENTATION('',(#11,#410),#508);
#410 = MANIFOLD_SOLID_BREP('',#411);
#411 = CLOSED_SHELL('',(#412,#500,#504));
#412 = ADVANCED_FACE('',(#413),#427,.T.);
#413 = FACE_BOUND('',#414,.F.);
#414 = EDGE_LOOP('',(#415,#445,#472,#473));
#415 = ORIENTED_EDGE('',*,*,#416,.T.);
#416 = EDGE_CURVE('',#417,#419,#421,.T.);
#417 = VERTEX_POINT('',#418);
#418 = CARTESIAN_POINT('',(1.175,0.,3.));
#419 = VERTEX_POINT('',#420);
#420 = CARTESIAN_POINT('',(1.175,0.,67.));
#421 = SEAM_CURVE('',#422,(#426,#438),.PCURVE_S1.);
#422 = LINE('',#423,#424);
#423 = CARTESIAN_POINT('',(1.175,0.,3.));
#424 = VECTOR('',#425,1.);
#425 = DIRECTION('',(0.,0.,1.));
#426 = PCURVE('',#427,#432);
#427 = CYLINDRICAL_SURFACE('',#428,1.175);
#428 = AXIS2_PLACEMENT_3D('',#429,#430,#431);
#429 = CARTESIAN_POINT('',(0.,0.,3.));
#430 = DIRECTION('',(-0.,-0.,-1.));
#431 = DIRECTION('',(1.,0.,0.));
#432 = DEFINITIONAL_REPRESENTATION('',(#433),#437);
#433 = LINE('',#434,#435);
#434 = CARTESIAN_POINT('',(-0.,0.));
#435 = VECTOR('',#436,1.);
#436 = DIRECTION('',(-0.,-1.));
#437 = ( GEOMETRIC_REPRESENTATION_CONTEXT(2) 
PARAMETRIC_REPRESENTATION_CONTEXT() REPRESENTATION_CONTEXT('2D SPACE',''
  ) );
#438 = PCURVE('',#427,#439);
#439 = DEFINITIONAL_REPRESENTATION('',(#440),#444);
#440 = LINE('',#441,#442);
#441 = CARTESIAN_POINT('',(-6.28318530718,0.));
#442 = VECTOR('',#443,1.);
#443 = DIRECTION('',(-0.,-1.));
#444 = ( GEOMETRIC_REPRESENTATION_CONTEXT(2) 
PARAMETRIC_REPRESENTATION_CONTEXT() REPRESENTATION_CONTEXT('2D SPACE',''
  ) );
#445 = ORIENTED_EDGE('',*,*,#446,.T.);
#446 = EDGE_CURVE('',#419,#419,#447,.T.);
#447 = SURFACE_CURVE('',#448,(#453,#460),.PCURVE_S1.);
#448 = CIRCLE('',#449,1.175);
#449 = AXIS2_PLACEMENT_3D('',#450,#451,#452);
#450 = CARTESIAN_POINT('',(0.,0.,67.));
#451 = DIRECTION('',(0.,0.,1.));
#452 = DIRECTION('',(1.,0.,0.));
#453 = PCURVE('',#427,#454);
#454 = DEFINITIONAL_REPRESENTATION('',(#455),#459);
#455 = LINE('',#456,#457);
#456 = CARTESIAN_POINT('',(-0.,-64.));
#457 = VECTOR('',#458,1.);
#458 = DIRECTION('',(-1.,0.));
#459 = ( GEOMETRIC_REPRESENTATION_CONTEXT(2) 
PARAMETRIC_REPRESENTATION_CONTEXT() REPRESENTATION_CONTEXT('2D SPACE',''
  ) );
#460 = PCURVE('',#461,#466);
#461 = PLANE('',#462);
#462 = AXIS2_PLACEMENT_3D('',#463,#464,#465);
#463 = CARTESIAN_POINT('',(-7.273617726274E-17,-4.79653329666E-17,67.));
#464 = DIRECTION('',(0.,0.,1.));
#465 = DIRECTION('',(1.,0.,-0.));
#466 = DEFINITIONAL_REPRESENTATION('',(#467),#471);
#467 = CIRCLE('',#468,1.175);
#468 = AXIS2_PLACEMENT_2D('',#469,#470);
#469 = CARTESIAN_POINT('',(7.273617726274E-17,4.79653329666E-17));
#470 = DIRECTION('',(1.,0.));
#471 = ( GEOMETRIC_REPRESENTATION_CONTEXT(2) 
PARAMETRIC_REPRESENTATION_CONTEXT() REPRESENTATION_CONTEXT('2D SPACE',''
  ) );
#472 = ORIENTED_EDGE('',*,*,#416,.F.);
#473 = ORIENTED_EDGE('',*,*,#474,.F.);
#474 = EDGE_CURVE('',#417,#417,#475,.T.);
#475 = SURFACE_CURVE('',#476,(#481,#488),.PCURVE_S1.);
#476 = CIRCLE('',#477,1.175);
#477 = AXIS2_PLACEMENT_3D('',#478,#479,#480);
#478 = CARTESIAN_POINT('',(0.,0.,3.));
#479 = DIRECTION('',(0.,0.,1.));
#480 = DIRECTION('',(1.,0.,0.));
#481 = PCURVE('',#427,#482);
#482 = DEFINITIONAL_REPRESENTATION('',(#483),#487);
#483 = LINE('',#484,#485);
#484 = CARTESIAN_POINT('',(-0.,0.));
#485 = VECTOR('',#486,1.);
#486 = DIRECTION('',(-1.,0.));
#487 = ( GEOMETRIC_REPRESENTATION_CONTEXT(2) 
PARAMETRIC_REPRESENTATION_CONTEXT() REPRESENTATION_CONTEXT('2D SPACE',''
  ) );
#488 = PCURVE('',#489,#494);
#489 = PLANE('',#490);
#490 = AXIS2_PLACEMENT_3D('',#491,#492,#493);
#491 = CARTESIAN_POINT('',(-7.273617726274E-17,-4.79653329666E-17,3.));
#492 = DIRECTION('',(0.,0.,1.));
#493 = DIRECTION('',(1.,0.,-0.));
#494 = DEFINITIONAL_REPRESENTATION('',(#495),#499);
#495 = CIRCLE('',#496,1.175);
#496 = AXIS2_PLACEMENT_2D('',#497,#498);
#497 = CARTESIAN_POINT('',(7.273617726274E-17,4.79653329666E-17));
#498 = DIRECTION('',(1.,0.));
#499 = ( GEOMETRIC_REPRESENTATION_CONTEXT(2) 
PARAMETRIC_REPRESENTATION_CONTEXT() REPRESENTATION_CONTEXT('2D SPACE',''
  ) );
#500 = ADVANCED_FACE('',(#501),#489,.F.);
#501 = FACE_BOUND('',#502,.F.);
#502 = EDGE_LOOP('',(#503));
#503 = ORIENTED_EDGE('',*,*,#474,.T.);
#504 = ADVANCED_FACE('',(#505),#461,.T.);
#505 = FACE_BOUND('',#506,.T.);
#506 = EDGE_LOOP('',(#507));
#507 = ORIENTED_EDGE('',*,*,#446,.T.);
#508 = ( GEOMETRIC_REPRESENTATION_CONTEXT(3) 
GLOBAL_UNCERTAINTY_ASSIGNED_CONTEXT((#512)) GLOBAL_UNIT_ASSIGNED_CONTEXT
((#509,#510,#511)) REPRESENTATION_CONTEXT('Context #1',
  '3D Context with UNIT and UNCERTAINTY') );
#509 = ( LENGTH_UNIT() NAMED_UNIT(*) SI_UNIT(.MILLI.,.METRE.) );
#510 = ( NAMED_UNIT(*) PLANE_ANGLE_UNIT() SI_UNIT($,.RADIAN.) );
#511 = ( NAMED_UNIT(*) SI_UNIT($,.STERADIAN.) SOLID_ANGLE_UNIT() );
#512 = UNCERTAINTY_MEASURE_WITH_UNIT(LENGTH_MEASURE(1.E-07),#509,
  'distance_accuracy_value','confusion accuracy');
#513 = CONTEXT_DEPENDENT_SHAPE_REPRESENTATION(#514,#516);
#514 = ( REPRESENTATION_RELATIONSHIP('','',#409,#10) 
REPRESENTATION_RELATIONSHIP_WITH_TRANSFORMATION(#515) 
SHAPE_REPRESENTATION_RELATIONSHIP() );
#515 = ITEM_DEFINED_TRANSFORMATION('','',#11,#19);
#516 = PRODUCT_DEFINITION_SHAPE('Placement','Placement of an item',#517
  );
#517 = NEXT_ASSEMBLY_USAGE_OCCURRENCE('56','refill','',#5,#404,$);
#518 = PRODUCT_RELATED_PRODUCT_CATEGORY('part',$,(#406));
#519 = SHAPE_DEFINITION_REPRESENTATION(#520,#526);
#520 = PRODUCT_DEFINITION_SHAPE('','',#521);
#521 = PRODUCT_DEFINITION('design','',#522,#525);
#522 = PRODUCT_DEFINITION_FORMATION('','',#523);
#523 = PRODUCT('carrier','carrier','',(#524));
#524 = PRODUCT_CONTEXT('',#2,'mechanical');
#525 = PRODUCT_DEFINITION_CONTEXT('part definition',#2,'design');
#526 = ADVANCED_BREP_SHAPE_REPRESENTATION('',(#11,#527),#709);
#527 = MANIFOLD_SOLID_BREP('',#528);
#528 = CLOSED_SHELL('',(#529,#617,#652,#682));
#529 = ADVANCED_FACE('',(#530),#543,.T.);
#530 = FACE_BOUND('',#531,.T.);
#531 = EDGE_LOOP('',(#532,#566,#589,#616));
#532 = ORIENTED_EDGE('',*,*,#533,.F.);
#533 = EDGE_CURVE('',#534,#534,#536,.T.);
#534 = VERTEX_POINT('',#535);
#535 = CARTESIAN_POINT('',(1.6,-3.918869757272E-16,33.015340128026));
#536 = SURFACE_CURVE('',#537,(#542,#554),.PCURVE_S1.);
#537 = CIRCLE('',#538,1.6);
#538 = AXIS2_PLACEMENT_3D('',#539,#540,#541);
#539 = CARTESIAN_POINT('',(0.,0.,33.015340128026));
#540 = DIRECTION('',(0.,0.,1.));
#541 = DIRECTION('',(1.,0.,-0.));
#542 = PCURVE('',#543,#548);
#543 = CYLINDRICAL_SURFACE('',#544,1.6);
#544 = AXIS2_PLACEMENT_3D('',#545,#546,#547);
#545 = CARTESIAN_POINT('',(0.,0.,9.));
#546 = DIRECTION('',(0.,0.,1.));
#547 = DIRECTION('',(1.,0.,-0.));
#548 = DEFINITIONAL_REPRESENTATION('',(#549),#553);
#549 = LINE('',#550,#551);
#550 = CARTESIAN_POINT('',(0.,24.015340128026));
#551 = VECTOR('',#552,1.);
#552 = DIRECTION('',(1.,0.));
#553 = ( GEOMETRIC_REPRESENTATION_CONTEXT(2) 
PARAMETRIC_REPRESENTATION_CONTEXT() REPRESENTATION_CONTEXT('2D SPACE',''
  ) );
#554 = PCURVE('',#555,#560);
#555 = PLANE('',#556);
#556 = AXIS2_PLACEMENT_3D('',#557,#558,#559);
#557 = CARTESIAN_POINT('',(0.,0.,33.015340128026));
#558 = DIRECTION('',(0.,0.,1.));
#559 = DIRECTION('',(1.,0.,-0.));
#560 = DEFINITIONAL_REPRESENTATION('',(#561),#565);
#561 = CIRCLE('',#562,1.6);
#562 = AXIS2_PLACEMENT_2D('',#563,#564);
#563 = CARTESIAN_POINT('',(0.,0.));
#564 = DIRECTION('',(1.,0.));
#565 = ( GEOMETRIC_REPRESENTATION_CONTEXT(2) 
PARAMETRIC_REPRESENTATION_CONTEXT() REPRESENTATION_CONTEXT('2D SPACE',''
  ) );
#566 = ORIENTED_EDGE('',*,*,#567,.F.);
#567 = EDGE_CURVE('',#568,#534,#570,.T.);
#568 = VERTEX_POINT('',#569);
#569 = CARTESIAN_POINT('',(1.6,-3.918869757272E-16,9.));
#570 = SEAM_CURVE('',#571,(#575,#582),.PCURVE_S1.);
#571 = LINE('',#572,#573);
#572 = CARTESIAN_POINT('',(1.6,-3.918869757272E-16,9.));
#573 = VECTOR('',#574,1.);
#574 = DIRECTION('',(0.,0.,1.));
#575 = PCURVE('',#543,#576);
#576 = DEFINITIONAL_REPRESENTATION('',(#577),#581);
#577 = LINE('',#578,#579);
#578 = CARTESIAN_POINT('',(6.28318530718,-0.));
#579 = VECTOR('',#580,1.);
#580 = DIRECTION('',(0.,1.));
#581 = ( GEOMETRIC_REPRESENTATION_CONTEXT(2) 
PARAMETRIC_REPRESENTATION_CONTEXT() REPRESENTATION_CONTEXT('2D SPACE',''
  ) );
#582 = PCURVE('',#543,#583);
#583 = DEFINITIONAL_REPRESENTATION('',(#584),#588);
#584 = LINE('',#585,#586);
#585 = CARTESIAN_POINT('',(0.,-0.));
#586 = VECTOR('',#587,1.);
#587 = DIRECTION('',(0.,1.));
#588 = ( GEOMETRIC_REPRESENTATION_CONTEXT(2) 
PARAMETRIC_REPRESENTATION_CONTEXT() REPRESENTATION_CONTEXT('2D SPACE',''
  ) );
#589 = ORIENTED_EDGE('',*,*,#590,.T.);
#590 = EDGE_CURVE('',#568,#568,#591,.T.);
#591 = SURFACE_CURVE('',#592,(#597,#604),.PCURVE_S1.);
#592 = CIRCLE('',#593,1.6);
#593 = AXIS2_PLACEMENT_3D('',#594,#595,#596);
#594 = CARTESIAN_POINT('',(0.,0.,9.));
#595 = DIRECTION('',(0.,0.,1.));
#596 = DIRECTION('',(1.,0.,-0.));
#597 = PCURVE('',#543,#598);
#598 = DEFINITIONAL_REPRESENTATION('',(#599),#603);
#599 = LINE('',#600,#601);
#600 = CARTESIAN_POINT('',(0.,0.));
#601 = VECTOR('',#602,1.);
#602 = DIRECTION('',(1.,0.));
#603 = ( GEOMETRIC_REPRESENTATION_CONTEXT(2) 
PARAMETRIC_REPRESENTATION_CONTEXT() REPRESENTATION_CONTEXT('2D SPACE',''
  ) );
#604 = PCURVE('',#605,#610);
#605 = PLANE('',#606);
#606 = AXIS2_PLACEMENT_3D('',#607,#608,#609);
#607 = CARTESIAN_POINT('',(0.,0.,9.));
#608 = DIRECTION('',(0.,0.,1.));
#609 = DIRECTION('',(1.,0.,-0.));
#610 = DEFINITIONAL_REPRESENTATION('',(#611),#615);
#611 = CIRCLE('',#612,1.6);
#612 = AXIS2_PLACEMENT_2D('',#613,#614);
#613 = CARTESIAN_POINT('',(0.,0.));
#614 = DIRECTION('',(1.,0.));
#615 = ( GEOMETRIC_REPRESENTATION_CONTEXT(2) 
PARAMETRIC_REPRESENTATION_CONTEXT() REPRESENTATION_CONTEXT('2D SPACE',''
  ) );
#616 = ORIENTED_EDGE('',*,*,#567,.T.);
#617 = ADVANCED_FACE('',(#618,#621),#555,.T.);
#618 = FACE_BOUND('',#619,.T.);
#619 = EDGE_LOOP('',(#620));
#620 = ORIENTED_EDGE('',*,*,#533,.T.);
#621 = FACE_BOUND('',#622,.T.);
#622 = EDGE_LOOP('',(#623));
#623 = ORIENTED_EDGE('',*,*,#624,.F.);
#624 = EDGE_CURVE('',#625,#625,#627,.T.);
#625 = VERTEX_POINT('',#626);
#626 = CARTESIAN_POINT('',(1.25,-3.061616997868E-16,33.015340128026));
#627 = SURFACE_CURVE('',#628,(#633,#640),.PCURVE_S1.);
#628 = CIRCLE('',#629,1.25);
#629 = AXIS2_PLACEMENT_3D('',#630,#631,#632);
#630 = CARTESIAN_POINT('',(0.,0.,33.015340128026));
#631 = DIRECTION('',(0.,0.,1.));
#632 = DIRECTION('',(1.,0.,-0.));
#633 = PCURVE('',#555,#634);
#634 = DEFINITIONAL_REPRESENTATION('',(#635),#639);
#635 = CIRCLE('',#636,1.25);
#636 = AXIS2_PLACEMENT_2D('',#637,#638);
#637 = CARTESIAN_POINT('',(0.,0.));
#638 = DIRECTION('',(1.,0.));
#639 = ( GEOMETRIC_REPRESENTATION_CONTEXT(2) 
PARAMETRIC_REPRESENTATION_CONTEXT() REPRESENTATION_CONTEXT('2D SPACE',''
  ) );
#640 = PCURVE('',#641,#646);
#641 = CYLINDRICAL_SURFACE('',#642,1.25);
#642 = AXIS2_PLACEMENT_3D('',#643,#644,#645);
#643 = CARTESIAN_POINT('',(0.,0.,9.));
#644 = DIRECTION('',(0.,0.,1.));
#645 = DIRECTION('',(1.,0.,-0.));
#646 = DEFINITIONAL_REPRESENTATION('',(#647),#651);
#647 = LINE('',#648,#649);
#648 = CARTESIAN_POINT('',(0.,24.015340128026));
#649 = VECTOR('',#650,1.);
#650 = DIRECTION('',(1.,0.));
#651 = ( GEOMETRIC_REPRESENTATION_CONTEXT(2) 
PARAMETRIC_REPRESENTATION_CONTEXT() REPRESENTATION_CONTEXT('2D SPACE',''
  ) );
#652 = ADVANCED_FACE('',(#653,#656),#605,.F.);
#653 = FACE_BOUND('',#654,.F.);
#654 = EDGE_LOOP('',(#655));
#655 = ORIENTED_EDGE('',*,*,#590,.T.);
#656 = FACE_BOUND('',#657,.F.);
#657 = EDGE_LOOP('',(#658));
#658 = ORIENTED_EDGE('',*,*,#659,.F.);
#659 = EDGE_CURVE('',#660,#660,#662,.T.);
#660 = VERTEX_POINT('',#661);
#661 = CARTESIAN_POINT('',(1.25,-3.061616997868E-16,9.));
#662 = SURFACE_CURVE('',#663,(#668,#675),.PCURVE_S1.);
#663 = CIRCLE('',#664,1.25);
#664 = AXIS2_PLACEMENT_3D('',#665,#666,#667);
#665 = CARTESIAN_POINT('',(0.,0.,9.));
#666 = DIRECTION('',(0.,0.,1.));
#667 = DIRECTION('',(1.,0.,-0.));
#668 = PCURVE('',#605,#669);
#669 = DEFINITIONAL_REPRESENTATION('',(#670),#674);
#670 = CIRCLE('',#671,1.25);
#671 = AXIS2_PLACEMENT_2D('',#672,#673);
#672 = CARTESIAN_POINT('',(0.,0.));
#673 = DIRECTION('',(1.,0.));
#674 = ( GEOMETRIC_REPRESENTATION_CONTEXT(2) 
PARAMETRIC_REPRESENTATION_CONTEXT() REPRESENTATION_CONTEXT('2D SPACE',''
  ) );
#675 = PCURVE('',#641,#676);
#676 = DEFINITIONAL_REPRESENTATION('',(#677),#681);
#677 = LINE('',#678,#679);
#678 = CARTESIAN_POINT('',(0.,0.));
#679 = VECTOR('',#680,1.);
#680 = DIRECTION('',(1.,0.));
#681 = ( GEOMETRIC_REPRESENTATION_CONTEXT(2) 
PARAMETRIC_REPRESENTATION_CONTEXT() REPRESENTATION_CONTEXT('2D SPACE',''
  ) );
#682 = ADVANCED_FACE('',(#683),#641,.F.);
#683 = FACE_BOUND('',#684,.F.);
#684 = EDGE_LOOP('',(#685,#686,#707,#708));
#685 = ORIENTED_EDGE('',*,*,#624,.F.);
#686 = ORIENTED_EDGE('',*,*,#687,.F.);
#687 = EDGE_CURVE('',#660,#625,#688,.T.);
#688 = SEAM_CURVE('',#689,(#693,#700),.PCURVE_S1.);
#689 = LINE('',#690,#691);
#690 = CARTESIAN_POINT('',(1.25,-3.061616997868E-16,9.));
#691 = VECTOR('',#692,1.);
#692 = DIRECTION('',(0.,0.,1.));
#693 = PCURVE('',#641,#694);
#694 = DEFINITIONAL_REPRESENTATION('',(#695),#699);
#695 = LINE('',#696,#697);
#696 = CARTESIAN_POINT('',(6.28318530718,-0.));
#697 = VECTOR('',#698,1.);
#698 = DIRECTION('',(0.,1.));
#699 = ( GEOMETRIC_REPRESENTATION_CONTEXT(2) 
PARAMETRIC_REPRESENTATION_CONTEXT() REPRESENTATION_CONTEXT('2D SPACE',''
  ) );
#700 = PCURVE('',#641,#701);
#701 = DEFINITIONAL_REPRESENTATION('',(#702),#706);
#702 = LINE('',#703,#704);
#703 = CARTESIAN_POINT('',(0.,-0.));
#704 = VECTOR('',#705,1.);
#705 = DIRECTION('',(0.,1.));
#706 = ( GEOMETRIC_REPRESENTATION_CONTEXT(2) 
PARAMETRIC_REPRESENTATION_CONTEXT() REPRESENTATION_CONTEXT('2D SPACE',''
  ) );
#707 = ORIENTED_EDGE('',*,*,#659,.T.);
#708 = ORIENTED_EDGE('',*,*,#687,.T.);
#709 = ( GEOMETRIC_REPRESENTATION_CONTEXT(3) 
GLOBAL_UNCERTAINTY_ASSIGNED_CONTEXT((#713)) GLOBAL_UNIT_ASSIGNED_CONTEXT
((#710,#711,#712)) REPRESENTATION_CONTEXT('Context #1',
  '3D Context with UNIT and UNCERTAINTY') );
#710 = ( LENGTH_UNIT() NAMED_UNIT(*) SI_UNIT(.MILLI.,.METRE.) );
#711 = ( NAMED_UNIT(*) PLANE_ANGLE_UNIT() SI_UNIT($,.RADIAN.) );
#712 = ( NAMED_UNIT(*) SI_UNIT($,.STERADIAN.) SOLID_ANGLE_UNIT() );
#713 = UNCERTAINTY_MEASURE_WITH_UNIT(LENGTH_MEASURE(1.E-07),#710,
  'distance_accuracy_value','confusion accuracy');
#714 = CONTEXT_DEPENDENT_SHAPE_REPRESENTATION(#715,#717);
#715 = ( REPRESENTATION_RELATIONSHIP('','',#526,#10) 
REPRESENTATION_RELATIONSHIP_WITH_TRANSFORMATION(#716) 
SHAPE_REPRESENTATION_RELATIONSHIP() );
#716 = ITEM_DEFINED_TRANSFORMATION('','',#11,#23);
#717 = PRODUCT_DEFINITION_SHAPE('Placement','Placement of an item',#718
  );
#718 = NEXT_ASSEMBLY_USAGE_OCCURRENCE('57','carrier','',#5,#521,$);
#719 = PRODUCT_RELATED_PRODUCT_CATEGORY('part',$,(#523));
#720 = SHAPE_DEFINITION_REPRESENTATION(#721,#727);
#721 = PRODUCT_DEFINITION_SHAPE('','',#722);
#722 = PRODUCT_DEFINITION('design','',#723,#726);
#723 = PRODUCT_DEFINITION_FORMATION('','',#724);
#724 = PRODUCT('carrier_front_guide','carrier_front_guide','',(#725));
#725 = PRODUCT_CONTEXT('',#2,'mechanical');
#726 = PRODUCT_DEFINITION_CONTEXT('part definition',#2,'design');
#727 = ADVANCED_BREP_SHAPE_REPRESENTATION('',(#11,#728),#910);
#728 = MANIFOLD_SOLID_BREP('',#729);
#729 = CLOSED_SHELL('',(#730,#818,#853,#883));
#730 = ADVANCED_FACE('',(#731),#744,.T.);
#731 = FACE_BOUND('',#732,.T.);
#732 = EDGE_LOOP('',(#733,#767,#790,#817));
#733 = ORIENTED_EDGE('',*,*,#734,.F.);
#734 = EDGE_CURVE('',#735,#735,#737,.T.);
#735 = VERTEX_POINT('',#736);
#736 = CARTESIAN_POINT('',(2.,-4.898587196589E-16,11.));
#737 = SURFACE_CURVE('',#738,(#743,#755),.PCURVE_S1.);
#738 = CIRCLE('',#739,2.);
#739 = AXIS2_PLACEMENT_3D('',#740,#741,#742);
#740 = CARTESIAN_POINT('',(0.,0.,11.));
#741 = DIRECTION('',(0.,0.,1.));
#742 = DIRECTION('',(1.,0.,-0.));
#743 = PCURVE('',#744,#749);
#744 = CYLINDRICAL_SURFACE('',#745,2.);
#745 = AXIS2_PLACEMENT_3D('',#746,#747,#748);
#746 = CARTESIAN_POINT('',(0.,0.,9.));
#747 = DIRECTION('',(0.,0.,1.));
#748 = DIRECTION('',(1.,0.,-0.));
#749 = DEFINITIONAL_REPRESENTATION('',(#750),#754);
#750 = LINE('',#751,#752);
#751 = CARTESIAN_POINT('',(0.,2.));
#752 = VECTOR('',#753,1.);
#753 = DIRECTION('',(1.,0.));
#754 = ( GEOMETRIC_REPRESENTATION_CONTEXT(2) 
PARAMETRIC_REPRESENTATION_CONTEXT() REPRESENTATION_CONTEXT('2D SPACE',''
  ) );
#755 = PCURVE('',#756,#761);
#756 = PLANE('',#757);
#757 = AXIS2_PLACEMENT_3D('',#758,#759,#760);
#758 = CARTESIAN_POINT('',(0.,0.,11.));
#759 = DIRECTION('',(0.,0.,1.));
#760 = DIRECTION('',(1.,0.,-0.));
#761 = DEFINITIONAL_REPRESENTATION('',(#762),#766);
#762 = CIRCLE('',#763,2.);
#763 = AXIS2_PLACEMENT_2D('',#764,#765);
#764 = CARTESIAN_POINT('',(0.,0.));
#765 = DIRECTION('',(1.,0.));
#766 = ( GEOMETRIC_REPRESENTATION_CONTEXT(2) 
PARAMETRIC_REPRESENTATION_CONTEXT() REPRESENTATION_CONTEXT('2D SPACE',''
  ) );
#767 = ORIENTED_EDGE('',*,*,#768,.F.);
#768 = EDGE_CURVE('',#769,#735,#771,.T.);
#769 = VERTEX_POINT('',#770);
#770 = CARTESIAN_POINT('',(2.,-4.898587196589E-16,9.));
#771 = SEAM_CURVE('',#772,(#776,#783),.PCURVE_S1.);
#772 = LINE('',#773,#774);
#773 = CARTESIAN_POINT('',(2.,-4.898587196589E-16,9.));
#774 = VECTOR('',#775,1.);
#775 = DIRECTION('',(0.,0.,1.));
#776 = PCURVE('',#744,#777);
#777 = DEFINITIONAL_REPRESENTATION('',(#778),#782);
#778 = LINE('',#779,#780);
#779 = CARTESIAN_POINT('',(6.28318530718,-0.));
#780 = VECTOR('',#781,1.);
#781 = DIRECTION('',(0.,1.));
#782 = ( GEOMETRIC_REPRESENTATION_CONTEXT(2) 
PARAMETRIC_REPRESENTATION_CONTEXT() REPRESENTATION_CONTEXT('2D SPACE',''
  ) );
#783 = PCURVE('',#744,#784);
#784 = DEFINITIONAL_REPRESENTATION('',(#785),#789);
#785 = LINE('',#786,#787);
#786 = CARTESIAN_POINT('',(0.,-0.));
#787 = VECTOR('',#788,1.);
#788 = DIRECTION('',(0.,1.));
#789 = ( GEOMETRIC_REPRESENTATION_CONTEXT(2) 
PARAMETRIC_REPRESENTATION_CONTEXT() REPRESENTATION_CONTEXT('2D SPACE',''
  ) );
#790 = ORIENTED_EDGE('',*,*,#791,.T.);
#791 = EDGE_CURVE('',#769,#769,#792,.T.);
#792 = SURFACE_CURVE('',#793,(#798,#805),.PCURVE_S1.);
#793 = CIRCLE('',#794,2.);
#794 = AXIS2_PLACEMENT_3D('',#795,#796,#797);
#795 = CARTESIAN_POINT('',(0.,0.,9.));
#796 = DIRECTION('',(0.,0.,1.));
#797 = DIRECTION('',(1.,0.,-0.));
#798 = PCURVE('',#744,#799);
#799 = DEFINITIONAL_REPRESENTATION('',(#800),#804);
#800 = LINE('',#801,#802);
#801 = CARTESIAN_POINT('',(0.,0.));
#802 = VECTOR('',#803,1.);
#803 = DIRECTION('',(1.,0.));
#804 = ( GEOMETRIC_REPRESENTATION_CONTEXT(2) 
PARAMETRIC_REPRESENTATION_CONTEXT() REPRESENTATION_CONTEXT('2D SPACE',''
  ) );
#805 = PCURVE('',#806,#811);
#806 = PLANE('',#807);
#807 = AXIS2_PLACEMENT_3D('',#808,#809,#810);
#808 = CARTESIAN_POINT('',(0.,0.,9.));
#809 = DIRECTION('',(0.,0.,1.));
#810 = DIRECTION('',(1.,0.,-0.));
#811 = DEFINITIONAL_REPRESENTATION('',(#812),#816);
#812 = CIRCLE('',#813,2.);
#813 = AXIS2_PLACEMENT_2D('',#814,#815);
#814 = CARTESIAN_POINT('',(0.,0.));
#815 = DIRECTION('',(1.,0.));
#816 = ( GEOMETRIC_REPRESENTATION_CONTEXT(2) 
PARAMETRIC_REPRESENTATION_CONTEXT() REPRESENTATION_CONTEXT('2D SPACE',''
  ) );
#817 = ORIENTED_EDGE('',*,*,#768,.T.);
#818 = ADVANCED_FACE('',(#819,#822),#756,.T.);
#819 = FACE_BOUND('',#820,.T.);
#820 = EDGE_LOOP('',(#821));
#821 = ORIENTED_EDGE('',*,*,#734,.T.);
#822 = FACE_BOUND('',#823,.T.);
#823 = EDGE_LOOP('',(#824));
#824 = ORIENTED_EDGE('',*,*,#825,.F.);
#825 = EDGE_CURVE('',#826,#826,#828,.T.);
#826 = VERTEX_POINT('',#827);
#827 = CARTESIAN_POINT('',(1.6,-3.918869757272E-16,11.));
#828 = SURFACE_CURVE('',#829,(#834,#841),.PCURVE_S1.);
#829 = CIRCLE('',#830,1.6);
#830 = AXIS2_PLACEMENT_3D('',#831,#832,#833);
#831 = CARTESIAN_POINT('',(0.,0.,11.));
#832 = DIRECTION('',(0.,0.,1.));
#833 = DIRECTION('',(1.,0.,-0.));
#834 = PCURVE('',#756,#835);
#835 = DEFINITIONAL_REPRESENTATION('',(#836),#840);
#836 = CIRCLE('',#837,1.6);
#837 = AXIS2_PLACEMENT_2D('',#838,#839);
#838 = CARTESIAN_POINT('',(0.,0.));
#839 = DIRECTION('',(1.,0.));
#840 = ( GEOMETRIC_REPRESENTATION_CONTEXT(2) 
PARAMETRIC_REPRESENTATION_CONTEXT() REPRESENTATION_CONTEXT('2D SPACE',''
  ) );
#841 = PCURVE('',#842,#847);
#842 = CYLINDRICAL_SURFACE('',#843,1.6);
#843 = AXIS2_PLACEMENT_3D('',#844,#845,#846);
#844 = CARTESIAN_POINT('',(0.,0.,9.));
#845 = DIRECTION('',(0.,0.,1.));
#846 = DIRECTION('',(1.,0.,-0.));
#847 = DEFINITIONAL_REPRESENTATION('',(#848),#852);
#848 = LINE('',#849,#850);
#849 = CARTESIAN_POINT('',(0.,2.));
#850 = VECTOR('',#851,1.);
#851 = DIRECTION('',(1.,0.));
#852 = ( GEOMETRIC_REPRESENTATION_CONTEXT(2) 
PARAMETRIC_REPRESENTATION_CONTEXT() REPRESENTATION_CONTEXT('2D SPACE',''
  ) );
#853 = ADVANCED_FACE('',(#854,#857),#806,.F.);
#854 = FACE_BOUND('',#855,.F.);
#855 = EDGE_LOOP('',(#856));
#856 = ORIENTED_EDGE('',*,*,#791,.T.);
#857 = FACE_BOUND('',#858,.F.);
#858 = EDGE_LOOP('',(#859));
#859 = ORIENTED_EDGE('',*,*,#860,.F.);
#860 = EDGE_CURVE('',#861,#861,#863,.T.);
#861 = VERTEX_POINT('',#862);
#862 = CARTESIAN_POINT('',(1.6,-3.918869757272E-16,9.));
#863 = SURFACE_CURVE('',#864,(#869,#876),.PCURVE_S1.);
#864 = CIRCLE('',#865,1.6);
#865 = AXIS2_PLACEMENT_3D('',#866,#867,#868);
#866 = CARTESIAN_POINT('',(0.,0.,9.));
#867 = DIRECTION('',(0.,0.,1.));
#868 = DIRECTION('',(1.,0.,-0.));
#869 = PCURVE('',#806,#870);
#870 = DEFINITIONAL_REPRESENTATION('',(#871),#875);
#871 = CIRCLE('',#872,1.6);
#872 = AXIS2_PLACEMENT_2D('',#873,#874);
#873 = CARTESIAN_POINT('',(0.,0.));
#874 = DIRECTION('',(1.,0.));
#875 = ( GEOMETRIC_REPRESENTATION_CONTEXT(2) 
PARAMETRIC_REPRESENTATION_CONTEXT() REPRESENTATION_CONTEXT('2D SPACE',''
  ) );
#876 = PCURVE('',#842,#877);
#877 = DEFINITIONAL_REPRESENTATION('',(#878),#882);
#878 = LINE('',#879,#880);
#879 = CARTESIAN_POINT('',(0.,0.));
#880 = VECTOR('',#881,1.);
#881 = DIRECTION('',(1.,0.));
#882 = ( GEOMETRIC_REPRESENTATION_CONTEXT(2) 
PARAMETRIC_REPRESENTATION_CONTEXT() REPRESENTATION_CONTEXT('2D SPACE',''
  ) );
#883 = ADVANCED_FACE('',(#884),#842,.F.);
#884 = FACE_BOUND('',#885,.F.);
#885 = EDGE_LOOP('',(#886,#887,#908,#909));
#886 = ORIENTED_EDGE('',*,*,#825,.F.);
#887 = ORIENTED_EDGE('',*,*,#888,.F.);
#888 = EDGE_CURVE('',#861,#826,#889,.T.);
#889 = SEAM_CURVE('',#890,(#894,#901),.PCURVE_S1.);
#890 = LINE('',#891,#892);
#891 = CARTESIAN_POINT('',(1.6,-3.918869757272E-16,9.));
#892 = VECTOR('',#893,1.);
#893 = DIRECTION('',(0.,0.,1.));
#894 = PCURVE('',#842,#895);
#895 = DEFINITIONAL_REPRESENTATION('',(#896),#900);
#896 = LINE('',#897,#898);
#897 = CARTESIAN_POINT('',(6.28318530718,-0.));
#898 = VECTOR('',#899,1.);
#899 = DIRECTION('',(0.,1.));
#900 = ( GEOMETRIC_REPRESENTATION_CONTEXT(2) 
PARAMETRIC_REPRESENTATION_CONTEXT() REPRESENTATION_CONTEXT('2D SPACE',''
  ) );
#901 = PCURVE('',#842,#902);
#902 = DEFINITIONAL_REPRESENTATION('',(#903),#907);
#903 = LINE('',#904,#905);
#904 = CARTESIAN_POINT('',(0.,-0.));
#905 = VECTOR('',#906,1.);
#906 = DIRECTION('',(0.,1.));
#907 = ( GEOMETRIC_REPRESENTATION_CONTEXT(2) 
PARAMETRIC_REPRESENTATION_CONTEXT() REPRESENTATION_CONTEXT('2D SPACE',''
  ) );
#908 = ORIENTED_EDGE('',*,*,#860,.T.);
#909 = ORIENTED_EDGE('',*,*,#888,.T.);
#910 = ( GEOMETRIC_REPRESENTATION_CONTEXT(3) 
GLOBAL_UNCERTAINTY_ASSIGNED_CONTEXT((#914)) GLOBAL_UNIT_ASSIGNED_CONTEXT
((#911,#912,#913)) REPRESENTATION_CONTEXT('Context #1',
  '3D Context with UNIT and UNCERTAINTY') );
#911 = ( LENGTH_UNIT() NAMED_UNIT(*) SI_UNIT(.MILLI.,.METRE.) );
#912 = ( NAMED_UNIT(*) PLANE_ANGLE_UNIT() SI_UNIT($,.RADIAN.) );
#913 = ( NAMED_UNIT(*) SI_UNIT($,.STERADIAN.) SOLID_ANGLE_UNIT() );
#914 = UNCERTAINTY_MEASURE_WITH_UNIT(LENGTH_MEASURE(1.E-07),#911,
  'distance_accuracy_value','confusion accuracy');
#915 = CONTEXT_DEPENDENT_SHAPE_REPRESENTATION(#916,#918);
#916 = ( REPRESENTATION_RELATIONSHIP('','',#727,#10) 
REPRESENTATION_RELATIONSHIP_WITH_TRANSFORMATION(#917) 
SHAPE_REPRESENTATION_RELATIONSHIP() );
#917 = ITEM_DEFINED_TRANSFORMATION('','',#11,#27);
#918 = PRODUCT_DEFINITION_SHAPE('Placement','Placement of an item',#919
  );
#919 = NEXT_ASSEMBLY_USAGE_OCCURRENCE('58','carrier_front_guide','',#5,
  #722,$);
#920 = PRODUCT_RELATED_PRODUCT_CATEGORY('part',$,(#724));
#921 = SHAPE_DEFINITION_REPRESENTATION(#922,#928);
#922 = PRODUCT_DEFINITION_SHAPE('','',#923);
#923 = PRODUCT_DEFINITION('design','',#924,#927);
#924 = PRODUCT_DEFINITION_FORMATION('','',#925);
#925 = PRODUCT('carrier_rear_guide','carrier_rear_guide','',(#926));
#926 = PRODUCT_CONTEXT('',#2,'mechanical');
#927 = PRODUCT_DEFINITION_CONTEXT('part definition',#2,'design');
#928 = ADVANCED_BREP_SHAPE_REPRESENTATION('',(#11,#929),#1111);
#929 = MANIFOLD_SOLID_BREP('',#930);
#930 = CLOSED_SHELL('',(#931,#1019,#1054,#1084));
#931 = ADVANCED_FACE('',(#932),#945,.T.);
#932 = FACE_BOUND('',#933,.T.);
#933 = EDGE_LOOP('',(#934,#968,#991,#1018));
#934 = ORIENTED_EDGE('',*,*,#935,.F.);
#935 = EDGE_CURVE('',#936,#936,#938,.T.);
#936 = VERTEX_POINT('',#937);
#937 = CARTESIAN_POINT('',(2.,-4.898587196589E-16,32.515340128026));
#938 = SURFACE_CURVE('',#939,(#944,#956),.PCURVE_S1.);
#939 = CIRCLE('',#940,2.);
#940 = AXIS2_PLACEMENT_3D('',#941,#942,#943);
#941 = CARTESIAN_POINT('',(0.,0.,32.515340128026));
#942 = DIRECTION('',(0.,0.,1.));
#943 = DIRECTION('',(1.,0.,-0.));
#944 = PCURVE('',#945,#950);
#945 = CYLINDRICAL_SURFACE('',#946,2.);
#946 = AXIS2_PLACEMENT_3D('',#947,#948,#949);
#947 = CARTESIAN_POINT('',(0.,0.,30.515340128026));
#948 = DIRECTION('',(0.,0.,1.));
#949 = DIRECTION('',(1.,0.,-0.));
#950 = DEFINITIONAL_REPRESENTATION('',(#951),#955);
#951 = LINE('',#952,#953);
#952 = CARTESIAN_POINT('',(0.,2.));
#953 = VECTOR('',#954,1.);
#954 = DIRECTION('',(1.,0.));
#955 = ( GEOMETRIC_REPRESENTATION_CONTEXT(2) 
PARAMETRIC_REPRESENTATION_CONTEXT() REPRESENTATION_CONTEXT('2D SPACE',''
  ) );
#956 = PCURVE('',#957,#962);
#957 = PLANE('',#958);
#958 = AXIS2_PLACEMENT_3D('',#959,#960,#961);
#959 = CARTESIAN_POINT('',(0.,0.,32.515340128026));
#960 = DIRECTION('',(0.,0.,1.));
#961 = DIRECTION('',(1.,0.,-0.));
#962 = DEFINITIONAL_REPRESENTATION('',(#963),#967);
#963 = CIRCLE('',#964,2.);
#964 = AXIS2_PLACEMENT_2D('',#965,#966);
#965 = CARTESIAN_POINT('',(0.,0.));
#966 = DIRECTION('',(1.,0.));
#967 = ( GEOMETRIC_REPRESENTATION_CONTEXT(2) 
PARAMETRIC_REPRESENTATION_CONTEXT() REPRESENTATION_CONTEXT('2D SPACE',''
  ) );
#968 = ORIENTED_EDGE('',*,*,#969,.F.);
#969 = EDGE_CURVE('',#970,#936,#972,.T.);
#970 = VERTEX_POINT('',#971);
#971 = CARTESIAN_POINT('',(2.,-4.898587196589E-16,30.515340128026));
#972 = SEAM_CURVE('',#973,(#977,#984),.PCURVE_S1.);
#973 = LINE('',#974,#975);
#974 = CARTESIAN_POINT('',(2.,-4.898587196589E-16,30.515340128026));
#975 = VECTOR('',#976,1.);
#976 = DIRECTION('',(0.,0.,1.));
#977 = PCURVE('',#945,#978);
#978 = DEFINITIONAL_REPRESENTATION('',(#979),#983);
#979 = LINE('',#980,#981);
#980 = CARTESIAN_POINT('',(6.28318530718,-0.));
#981 = VECTOR('',#982,1.);
#982 = DIRECTION('',(0.,1.));
#983 = ( GEOMETRIC_REPRESENTATION_CONTEXT(2) 
PARAMETRIC_REPRESENTATION_CONTEXT() REPRESENTATION_CONTEXT('2D SPACE',''
  ) );
#984 = PCURVE('',#945,#985);
#985 = DEFINITIONAL_REPRESENTATION('',(#986),#990);
#986 = LINE('',#987,#988);
#987 = CARTESIAN_POINT('',(0.,-0.));
#988 = VECTOR('',#989,1.);
#989 = DIRECTION('',(0.,1.));
#990 = ( GEOMETRIC_REPRESENTATION_CONTEXT(2) 
PARAMETRIC_REPRESENTATION_CONTEXT() REPRESENTATION_CONTEXT('2D SPACE',''
  ) );
#991 = ORIENTED_EDGE('',*,*,#992,.T.);
#992 = EDGE_CURVE('',#970,#970,#993,.T.);
#993 = SURFACE_CURVE('',#994,(#999,#1006),.PCURVE_S1.);
#994 = CIRCLE('',#995,2.);
#995 = AXIS2_PLACEMENT_3D('',#996,#997,#998);
#996 = CARTESIAN_POINT('',(0.,0.,30.515340128026));
#997 = DIRECTION('',(0.,0.,1.));
#998 = DIRECTION('',(1.,0.,-0.));
#999 = PCURVE('',#945,#1000);
#1000 = DEFINITIONAL_REPRESENTATION('',(#1001),#1005);
#1001 = LINE('',#1002,#1003);
#1002 = CARTESIAN_POINT('',(0.,0.));
#1003 = VECTOR('',#1004,1.);
#1004 = DIRECTION('',(1.,0.));
#1005 = ( GEOMETRIC_REPRESENTATION_CONTEXT(2) 
PARAMETRIC_REPRESENTATION_CONTEXT() REPRESENTATION_CONTEXT('2D SPACE',''
  ) );
#1006 = PCURVE('',#1007,#1012);
#1007 = PLANE('',#1008);
#1008 = AXIS2_PLACEMENT_3D('',#1009,#1010,#1011);
#1009 = CARTESIAN_POINT('',(0.,0.,30.515340128026));
#1010 = DIRECTION('',(0.,0.,1.));
#1011 = DIRECTION('',(1.,0.,-0.));
#1012 = DEFINITIONAL_REPRESENTATION('',(#1013),#1017);
#1013 = CIRCLE('',#1014,2.);
#1014 = AXIS2_PLACEMENT_2D('',#1015,#1016);
#1015 = CARTESIAN_POINT('',(0.,0.));
#1016 = DIRECTION('',(1.,0.));
#1017 = ( GEOMETRIC_REPRESENTATION_CONTEXT(2) 
PARAMETRIC_REPRESENTATION_CONTEXT() REPRESENTATION_CONTEXT('2D SPACE',''
  ) );
#1018 = ORIENTED_EDGE('',*,*,#969,.T.);
#1019 = ADVANCED_FACE('',(#1020,#1023),#957,.T.);
#1020 = FACE_BOUND('',#1021,.T.);
#1021 = EDGE_LOOP('',(#1022));
#1022 = ORIENTED_EDGE('',*,*,#935,.T.);
#1023 = FACE_BOUND('',#1024,.T.);
#1024 = EDGE_LOOP('',(#1025));
#1025 = ORIENTED_EDGE('',*,*,#1026,.F.);
#1026 = EDGE_CURVE('',#1027,#1027,#1029,.T.);
#1027 = VERTEX_POINT('',#1028);
#1028 = CARTESIAN_POINT('',(1.6,-3.918869757272E-16,32.515340128026));
#1029 = SURFACE_CURVE('',#1030,(#1035,#1042),.PCURVE_S1.);
#1030 = CIRCLE('',#1031,1.6);
#1031 = AXIS2_PLACEMENT_3D('',#1032,#1033,#1034);
#1032 = CARTESIAN_POINT('',(0.,0.,32.515340128026));
#1033 = DIRECTION('',(0.,0.,1.));
#1034 = DIRECTION('',(1.,0.,-0.));
#1035 = PCURVE('',#957,#1036);
#1036 = DEFINITIONAL_REPRESENTATION('',(#1037),#1041);
#1037 = CIRCLE('',#1038,1.6);
#1038 = AXIS2_PLACEMENT_2D('',#1039,#1040);
#1039 = CARTESIAN_POINT('',(0.,0.));
#1040 = DIRECTION('',(1.,0.));
#1041 = ( GEOMETRIC_REPRESENTATION_CONTEXT(2) 
PARAMETRIC_REPRESENTATION_CONTEXT() REPRESENTATION_CONTEXT('2D SPACE',''
  ) );
#1042 = PCURVE('',#1043,#1048);
#1043 = CYLINDRICAL_SURFACE('',#1044,1.6);
#1044 = AXIS2_PLACEMENT_3D('',#1045,#1046,#1047);
#1045 = CARTESIAN_POINT('',(0.,0.,30.515340128026));
#1046 = DIRECTION('',(0.,0.,1.));
#1047 = DIRECTION('',(1.,0.,-0.));
#1048 = DEFINITIONAL_REPRESENTATION('',(#1049),#1053);
#1049 = LINE('',#1050,#1051);
#1050 = CARTESIAN_POINT('',(0.,2.));
#1051 = VECTOR('',#1052,1.);
#1052 = DIRECTION('',(1.,0.));
#1053 = ( GEOMETRIC_REPRESENTATION_CONTEXT(2) 
PARAMETRIC_REPRESENTATION_CONTEXT() REPRESENTATION_CONTEXT('2D SPACE',''
  ) );
#1054 = ADVANCED_FACE('',(#1055,#1058),#1007,.F.);
#1055 = FACE_BOUND('',#1056,.F.);
#1056 = EDGE_LOOP('',(#1057));
#1057 = ORIENTED_EDGE('',*,*,#992,.T.);
#1058 = FACE_BOUND('',#1059,.F.);
#1059 = EDGE_LOOP('',(#1060));
#1060 = ORIENTED_EDGE('',*,*,#1061,.F.);
#1061 = EDGE_CURVE('',#1062,#1062,#1064,.T.);
#1062 = VERTEX_POINT('',#1063);
#1063 = CARTESIAN_POINT('',(1.6,-3.918869757272E-16,30.515340128026));
#1064 = SURFACE_CURVE('',#1065,(#1070,#1077),.PCURVE_S1.);
#1065 = CIRCLE('',#1066,1.6);
#1066 = AXIS2_PLACEMENT_3D('',#1067,#1068,#1069);
#1067 = CARTESIAN_POINT('',(0.,0.,30.515340128026));
#1068 = DIRECTION('',(0.,0.,1.));
#1069 = DIRECTION('',(1.,0.,-0.));
#1070 = PCURVE('',#1007,#1071);
#1071 = DEFINITIONAL_REPRESENTATION('',(#1072),#1076);
#1072 = CIRCLE('',#1073,1.6);
#1073 = AXIS2_PLACEMENT_2D('',#1074,#1075);
#1074 = CARTESIAN_POINT('',(0.,0.));
#1075 = DIRECTION('',(1.,0.));
#1076 = ( GEOMETRIC_REPRESENTATION_CONTEXT(2) 
PARAMETRIC_REPRESENTATION_CONTEXT() REPRESENTATION_CONTEXT('2D SPACE',''
  ) );
#1077 = PCURVE('',#1043,#1078);
#1078 = DEFINITIONAL_REPRESENTATION('',(#1079),#1083);
#1079 = LINE('',#1080,#1081);
#1080 = CARTESIAN_POINT('',(0.,0.));
#1081 = VECTOR('',#1082,1.);
#1082 = DIRECTION('',(1.,0.));
#1083 = ( GEOMETRIC_REPRESENTATION_CONTEXT(2) 
PARAMETRIC_REPRESENTATION_CONTEXT() REPRESENTATION_CONTEXT('2D SPACE',''
  ) );
#1084 = ADVANCED_FACE('',(#1085),#1043,.F.);
#1085 = FACE_BOUND('',#1086,.F.);
#1086 = EDGE_LOOP('',(#1087,#1088,#1109,#1110));
#1087 = ORIENTED_EDGE('',*,*,#1026,.F.);
#1088 = ORIENTED_EDGE('',*,*,#1089,.F.);
#1089 = EDGE_CURVE('',#1062,#1027,#1090,.T.);
#1090 = SEAM_CURVE('',#1091,(#1095,#1102),.PCURVE_S1.);
#1091 = LINE('',#1092,#1093);
#1092 = CARTESIAN_POINT('',(1.6,-3.918869757272E-16,30.515340128026));
#1093 = VECTOR('',#1094,1.);
#1094 = DIRECTION('',(0.,0.,1.));
#1095 = PCURVE('',#1043,#1096);
#1096 = DEFINITIONAL_REPRESENTATION('',(#1097),#1101);
#1097 = LINE('',#1098,#1099);
#1098 = CARTESIAN_POINT('',(6.28318530718,-0.));
#1099 = VECTOR('',#1100,1.);
#1100 = DIRECTION('',(0.,1.));
#1101 = ( GEOMETRIC_REPRESENTATION_CONTEXT(2) 
PARAMETRIC_REPRESENTATION_CONTEXT() REPRESENTATION_CONTEXT('2D SPACE',''
  ) );
#1102 = PCURVE('',#1043,#1103);
#1103 = DEFINITIONAL_REPRESENTATION('',(#1104),#1108);
#1104 = LINE('',#1105,#1106);
#1105 = CARTESIAN_POINT('',(0.,-0.));
#1106 = VECTOR('',#1107,1.);
#1107 = DIRECTION('',(0.,1.));
#1108 = ( GEOMETRIC_REPRESENTATION_CONTEXT(2) 
PARAMETRIC_REPRESENTATION_CONTEXT() REPRESENTATION_CONTEXT('2D SPACE',''
  ) );
#1109 = ORIENTED_EDGE('',*,*,#1061,.T.);
#1110 = ORIENTED_EDGE('',*,*,#1089,.T.);
#1111 = ( GEOMETRIC_REPRESENTATION_CONTEXT(3) 
GLOBAL_UNCERTAINTY_ASSIGNED_CONTEXT((#1115)) 
GLOBAL_UNIT_ASSIGNED_CONTEXT((#1112,#1113,#1114)) REPRESENTATION_CONTEXT
('Context #1','3D Context with UNIT and UNCERTAINTY') );
#1112 = ( LENGTH_UNIT() NAMED_UNIT(*) SI_UNIT(.MILLI.,.METRE.) );
#1113 = ( NAMED_UNIT(*) PLANE_ANGLE_UNIT() SI_UNIT($,.RADIAN.) );
#1114 = ( NAMED_UNIT(*) SI_UNIT($,.STERADIAN.) SOLID_ANGLE_UNIT() );
#1115 = UNCERTAINTY_MEASURE_WITH_UNIT(LENGTH_MEASURE(1.E-07),#1112,
  'distance_accuracy_value','confusion accuracy');
#1116 = CONTEXT_DEPENDENT_SHAPE_REPRESENTATION(#1117,#1119);
#1117 = ( REPRESENTATION_RELATIONSHIP('','',#928,#10) 
REPRESENTATION_RELATIONSHIP_WITH_TRANSFORMATION(#1118) 
SHAPE_REPRESENTATION_RELATIONSHIP() );
#1118 = ITEM_DEFINED_TRANSFORMATION('','',#11,#31);
#1119 = PRODUCT_DEFINITION_SHAPE('Placement','Placement of an item',
  #1120);
#1120 = NEXT_ASSEMBLY_USAGE_OCCURRENCE('59','carrier_rear_guide','',#5,
  #923,$);
#1121 = PRODUCT_RELATED_PRODUCT_CATEGORY('part',$,(#925));
#1122 = SHAPE_DEFINITION_REPRESENTATION(#1123,#1129);
#1123 = PRODUCT_DEFINITION_SHAPE('','',#1124);
#1124 = PRODUCT_DEFINITION('design','',#1125,#1128);
#1125 = PRODUCT_DEFINITION_FORMATION('','',#1126);
#1126 = PRODUCT('coil_x','coil_x','',(#1127));
#1127 = PRODUCT_CONTEXT('',#2,'mechanical');
#1128 = PRODUCT_DEFINITION_CONTEXT('part definition',#2,'design');
#1129 = ADVANCED_BREP_SHAPE_REPRESENTATION('',(#11,#1130),#1544);
#1130 = MANIFOLD_SOLID_BREP('',#1131);
#1131 = CLOSED_SHELL('',(#1132,#1252,#1328,#1408,#1457,#1510,#1517));
#1132 = ADVANCED_FACE('',(#1133),#1147,.F.);
#1133 = FACE_BOUND('',#1134,.F.);
#1134 = EDGE_LOOP('',(#1135,#1170,#1198,#1226));
#1135 = ORIENTED_EDGE('',*,*,#1136,.F.);
#1136 = EDGE_CURVE('',#1137,#1139,#1141,.T.);
#1137 = VERTEX_POINT('',#1138);
#1138 = CARTESIAN_POINT('',(-4.55,-8.272588583065,26.7));
#1139 = VERTEX_POINT('',#1140);
#1140 = CARTESIAN_POINT('',(-4.55,-8.272588583065,27.5));
#1141 = SURFACE_CURVE('',#1142,(#1146,#1158),.PCURVE_S1.);
#1142 = LINE('',#1143,#1144);
#1143 = CARTESIAN_POINT('',(-4.55,-8.272588583065,26.7));
#1144 = VECTOR('',#1145,1.);
#1145 = DIRECTION('',(0.,0.,1.));
#1146 = PCURVE('',#1147,#1152);
#1147 = PLANE('',#1148);
#1148 = AXIS2_PLACEMENT_3D('',#1149,#1150,#1151);
#1149 = CARTESIAN_POINT('',(-4.55,-8.272588583065,26.7));
#1150 = DIRECTION('',(1.,0.,0.));
#1151 = DIRECTION('',(0.,0.,1.));
#1152 = DEFINITIONAL_REPRESENTATION('',(#1153),#1157);
#1153 = LINE('',#1154,#1155);
#1154 = CARTESIAN_POINT('',(0.,0.));
#1155 = VECTOR('',#1156,1.);
#1156 = DIRECTION('',(1.,0.));
#1157 = ( GEOMETRIC_REPRESENTATION_CONTEXT(2) 
PARAMETRIC_REPRESENTATION_CONTEXT() REPRESENTATION_CONTEXT('2D SPACE',''
  ) );
#1158 = PCURVE('',#1159,#1164);
#1159 = PLANE('',#1160);
#1160 = AXIS2_PLACEMENT_3D('',#1161,#1162,#1163);
#1161 = CARTESIAN_POINT('',(-4.55,-8.272588583065,26.7));
#1162 = DIRECTION('',(0.,1.,0.));
#1163 = DIRECTION('',(0.,0.,1.));
#1164 = DEFINITIONAL_REPRESENTATION('',(#1165),#1169);
#1165 = LINE('',#1166,#1167);
#1166 = CARTESIAN_POINT('',(0.,0.));
#1167 = VECTOR('',#1168,1.);
#1168 = DIRECTION('',(1.,0.));
#1169 = ( GEOMETRIC_REPRESENTATION_CONTEXT(2) 
PARAMETRIC_REPRESENTATION_CONTEXT() REPRESENTATION_CONTEXT('2D SPACE',''
  ) );
#1170 = ORIENTED_EDGE('',*,*,#1171,.T.);
#1171 = EDGE_CURVE('',#1137,#1172,#1174,.T.);
#1172 = VERTEX_POINT('',#1173);
#1173 = CARTESIAN_POINT('',(-4.55,8.272588583065,26.7));
#1174 = SURFACE_CURVE('',#1175,(#1179,#1186),.PCURVE_S1.);
#1175 = LINE('',#1176,#1177);
#1176 = CARTESIAN_POINT('',(-4.55,-8.272588583065,26.7));
#1177 = VECTOR('',#1178,1.);
#1178 = DIRECTION('',(0.,1.,0.));
#1179 = PCURVE('',#1147,#1180);
#1180 = DEFINITIONAL_REPRESENTATION('',(#1181),#1185);
#1181 = LINE('',#1182,#1183);
#1182 = CARTESIAN_POINT('',(0.,0.));
#1183 = VECTOR('',#1184,1.);
#1184 = DIRECTION('',(0.,-1.));
#1185 = ( GEOMETRIC_REPRESENTATION_CONTEXT(2) 
PARAMETRIC_REPRESENTATION_CONTEXT() REPRESENTATION_CONTEXT('2D SPACE',''
  ) );
#1186 = PCURVE('',#1187,#1192);
#1187 = PLANE('',#1188);
#1188 = AXIS2_PLACEMENT_3D('',#1189,#1190,#1191);
#1189 = CARTESIAN_POINT('',(-4.55,-8.272588583065,26.7));
#1190 = DIRECTION('',(0.,0.,1.));
#1191 = DIRECTION('',(1.,0.,0.));
#1192 = DEFINITIONAL_REPRESENTATION('',(#1193),#1197);
#1193 = LINE('',#1194,#1195);
#1194 = CARTESIAN_POINT('',(0.,0.));
#1195 = VECTOR('',#1196,1.);
#1196 = DIRECTION('',(0.,1.));
#1197 = ( GEOMETRIC_REPRESENTATION_CONTEXT(2) 
PARAMETRIC_REPRESENTATION_CONTEXT() REPRESENTATION_CONTEXT('2D SPACE',''
  ) );
#1198 = ORIENTED_EDGE('',*,*,#1199,.T.);
#1199 = EDGE_CURVE('',#1172,#1200,#1202,.T.);
#1200 = VERTEX_POINT('',#1201);
#1201 = CARTESIAN_POINT('',(-4.55,8.272588583065,27.5));
#1202 = SURFACE_CURVE('',#1203,(#1207,#1214),.PCURVE_S1.);
#1203 = LINE('',#1204,#1205);
#1204 = CARTESIAN_POINT('',(-4.55,8.272588583065,26.7));
#1205 = VECTOR('',#1206,1.);
#1206 = DIRECTION('',(0.,0.,1.));
#1207 = PCURVE('',#1147,#1208);
#1208 = DEFINITIONAL_REPRESENTATION('',(#1209),#1213);
#1209 = LINE('',#1210,#1211);
#1210 = CARTESIAN_POINT('',(0.,-16.54517716612));
#1211 = VECTOR('',#1212,1.);
#1212 = DIRECTION('',(1.,0.));
#1213 = ( GEOMETRIC_REPRESENTATION_CONTEXT(2) 
PARAMETRIC_REPRESENTATION_CONTEXT() REPRESENTATION_CONTEXT('2D SPACE',''
  ) );
#1214 = PCURVE('',#1215,#1220);
#1215 = PLANE('',#1216);
#1216 = AXIS2_PLACEMENT_3D('',#1217,#1218,#1219);
#1217 = CARTESIAN_POINT('',(-4.55,8.272588583065,26.7));
#1218 = DIRECTION('',(0.,1.,0.));
#1219 = DIRECTION('',(0.,0.,1.));
#1220 = DEFINITIONAL_REPRESENTATION('',(#1221),#1225);
#1221 = LINE('',#1222,#1223);
#1222 = CARTESIAN_POINT('',(0.,0.));
#1223 = VECTOR('',#1224,1.);
#1224 = DIRECTION('',(1.,0.));
#1225 = ( GEOMETRIC_REPRESENTATION_CONTEXT(2) 
PARAMETRIC_REPRESENTATION_CONTEXT() REPRESENTATION_CONTEXT('2D SPACE',''
  ) );
#1226 = ORIENTED_EDGE('',*,*,#1227,.F.);
#1227 = EDGE_CURVE('',#1139,#1200,#1228,.T.);
#1228 = SURFACE_CURVE('',#1229,(#1233,#1240),.PCURVE_S1.);
#1229 = LINE('',#1230,#1231);
#1230 = CARTESIAN_POINT('',(-4.55,-8.272588583065,27.5));
#1231 = VECTOR('',#1232,1.);
#1232 = DIRECTION('',(0.,1.,0.));
#1233 = PCURVE('',#1147,#1234);
#1234 = DEFINITIONAL_REPRESENTATION('',(#1235),#1239);
#1235 = LINE('',#1236,#1237);
#1236 = CARTESIAN_POINT('',(0.8,0.));
#1237 = VECTOR('',#1238,1.);
#1238 = DIRECTION('',(0.,-1.));
#1239 = ( GEOMETRIC_REPRESENTATION_CONTEXT(2) 
PARAMETRIC_REPRESENTATION_CONTEXT() REPRESENTATION_CONTEXT('2D SPACE',''
  ) );
#1240 = PCURVE('',#1241,#1246);
#1241 = PLANE('',#1242);
#1242 = AXIS2_PLACEMENT_3D('',#1243,#1244,#1245);
#1243 = CARTESIAN_POINT('',(-4.55,-8.272588583065,27.5));
#1244 = DIRECTION('',(0.,0.,1.));
#1245 = DIRECTION('',(1.,0.,0.));
#1246 = DEFINITIONAL_REPRESENTATION('',(#1247),#1251);
#1247 = LINE('',#1248,#1249);
#1248 = CARTESIAN_POINT('',(0.,0.));
#1249 = VECTOR('',#1250,1.);
#1250 = DIRECTION('',(0.,1.));
#1251 = ( GEOMETRIC_REPRESENTATION_CONTEXT(2) 
PARAMETRIC_REPRESENTATION_CONTEXT() REPRESENTATION_CONTEXT('2D SPACE',''
  ) );
#1252 = ADVANCED_FACE('',(#1253),#1159,.F.);
#1253 = FACE_BOUND('',#1254,.F.);
#1254 = EDGE_LOOP('',(#1255,#1278,#1279,#1302));
#1255 = ORIENTED_EDGE('',*,*,#1256,.F.);
#1256 = EDGE_CURVE('',#1137,#1257,#1259,.T.);
#1257 = VERTEX_POINT('',#1258);
#1258 = CARTESIAN_POINT('',(4.55,-8.272588583065,26.7));
#1259 = SURFACE_CURVE('',#1260,(#1264,#1271),.PCURVE_S1.);
#1260 = LINE('',#1261,#1262);
#1261 = CARTESIAN_POINT('',(-4.55,-8.272588583065,26.7));
#1262 = VECTOR('',#1263,1.);
#1263 = DIRECTION('',(1.,0.,0.));
#1264 = PCURVE('',#1159,#1265);
#1265 = DEFINITIONAL_REPRESENTATION('',(#1266),#1270);
#1266 = LINE('',#1267,#1268);
#1267 = CARTESIAN_POINT('',(0.,0.));
#1268 = VECTOR('',#1269,1.);
#1269 = DIRECTION('',(0.,1.));
#1270 = ( GEOMETRIC_REPRESENTATION_CONTEXT(2) 
PARAMETRIC_REPRESENTATION_CONTEXT() REPRESENTATION_CONTEXT('2D SPACE',''
  ) );
#1271 = PCURVE('',#1187,#1272);
#1272 = DEFINITIONAL_REPRESENTATION('',(#1273),#1277);
#1273 = LINE('',#1274,#1275);
#1274 = CARTESIAN_POINT('',(0.,0.));
#1275 = VECTOR('',#1276,1.);
#1276 = DIRECTION('',(1.,0.));
#1277 = ( GEOMETRIC_REPRESENTATION_CONTEXT(2) 
PARAMETRIC_REPRESENTATION_CONTEXT() REPRESENTATION_CONTEXT('2D SPACE',''
  ) );
#1278 = ORIENTED_EDGE('',*,*,#1136,.T.);
#1279 = ORIENTED_EDGE('',*,*,#1280,.T.);
#1280 = EDGE_CURVE('',#1139,#1281,#1283,.T.);
#1281 = VERTEX_POINT('',#1282);
#1282 = CARTESIAN_POINT('',(4.55,-8.272588583065,27.5));
#1283 = SURFACE_CURVE('',#1284,(#1288,#1295),.PCURVE_S1.);
#1284 = LINE('',#1285,#1286);
#1285 = CARTESIAN_POINT('',(-4.55,-8.272588583065,27.5));
#1286 = VECTOR('',#1287,1.);
#1287 = DIRECTION('',(1.,0.,0.));
#1288 = PCURVE('',#1159,#1289);
#1289 = DEFINITIONAL_REPRESENTATION('',(#1290),#1294);
#1290 = LINE('',#1291,#1292);
#1291 = CARTESIAN_POINT('',(0.8,0.));
#1292 = VECTOR('',#1293,1.);
#1293 = DIRECTION('',(0.,1.));
#1294 = ( GEOMETRIC_REPRESENTATION_CONTEXT(2) 
PARAMETRIC_REPRESENTATION_CONTEXT() REPRESENTATION_CONTEXT('2D SPACE',''
  ) );
#1295 = PCURVE('',#1241,#1296);
#1296 = DEFINITIONAL_REPRESENTATION('',(#1297),#1301);
#1297 = LINE('',#1298,#1299);
#1298 = CARTESIAN_POINT('',(0.,0.));
#1299 = VECTOR('',#1300,1.);
#1300 = DIRECTION('',(1.,0.));
#1301 = ( GEOMETRIC_REPRESENTATION_CONTEXT(2) 
PARAMETRIC_REPRESENTATION_CONTEXT() REPRESENTATION_CONTEXT('2D SPACE',''
  ) );
#1302 = ORIENTED_EDGE('',*,*,#1303,.F.);
#1303 = EDGE_CURVE('',#1257,#1281,#1304,.T.);
#1304 = SURFACE_CURVE('',#1305,(#1309,#1316),.PCURVE_S1.);
#1305 = LINE('',#1306,#1307);
#1306 = CARTESIAN_POINT('',(4.55,-8.272588583065,26.7));
#1307 = VECTOR('',#1308,1.);
#1308 = DIRECTION('',(0.,0.,1.));
#1309 = PCURVE('',#1159,#1310);
#1310 = DEFINITIONAL_REPRESENTATION('',(#1311),#1315);
#1311 = LINE('',#1312,#1313);
#1312 = CARTESIAN_POINT('',(0.,9.1));
#1313 = VECTOR('',#1314,1.);
#1314 = DIRECTION('',(1.,0.));
#1315 = ( GEOMETRIC_REPRESENTATION_CONTEXT(2) 
PARAMETRIC_REPRESENTATION_CONTEXT() REPRESENTATION_CONTEXT('2D SPACE',''
  ) );
#1316 = PCURVE('',#1317,#1322);
#1317 = PLANE('',#1318);
#1318 = AXIS2_PLACEMENT_3D('',#1319,#1320,#1321);
#1319 = CARTESIAN_POINT('',(4.55,-8.272588583065,26.7));
#1320 = DIRECTION('',(1.,0.,0.));
#1321 = DIRECTION('',(0.,0.,1.));
#1322 = DEFINITIONAL_REPRESENTATION('',(#1323),#1327);
#1323 = LINE('',#1324,#1325);
#1324 = CARTESIAN_POINT('',(0.,0.));
#1325 = VECTOR('',#1326,1.);
#1326 = DIRECTION('',(1.,0.));
#1327 = ( GEOMETRIC_REPRESENTATION_CONTEXT(2) 
PARAMETRIC_REPRESENTATION_CONTEXT() REPRESENTATION_CONTEXT('2D SPACE',''
  ) );
#1328 = ADVANCED_FACE('',(#1329,#1377),#1241,.T.);
#1329 = FACE_BOUND('',#1330,.T.);
#1330 = EDGE_LOOP('',(#1331,#1332,#1333,#1356));
#1331 = ORIENTED_EDGE('',*,*,#1227,.F.);
#1332 = ORIENTED_EDGE('',*,*,#1280,.T.);
#1333 = ORIENTED_EDGE('',*,*,#1334,.T.);
#1334 = EDGE_CURVE('',#1281,#1335,#1337,.T.);
#1335 = VERTEX_POINT('',#1336);
#1336 = CARTESIAN_POINT('',(4.55,8.272588583065,27.5));
#1337 = SURFACE_CURVE('',#1338,(#1342,#1349),.PCURVE_S1.);
#1338 = LINE('',#1339,#1340);
#1339 = CARTESIAN_POINT('',(4.55,-8.272588583065,27.5));
#1340 = VECTOR('',#1341,1.);
#1341 = DIRECTION('',(0.,1.,0.));
#1342 = PCURVE('',#1241,#1343);
#1343 = DEFINITIONAL_REPRESENTATION('',(#1344),#1348);
#1344 = LINE('',#1345,#1346);
#1345 = CARTESIAN_POINT('',(9.1,0.));
#1346 = VECTOR('',#1347,1.);
#1347 = DIRECTION('',(0.,1.));
#1348 = ( GEOMETRIC_REPRESENTATION_CONTEXT(2) 
PARAMETRIC_REPRESENTATION_CONTEXT() REPRESENTATION_CONTEXT('2D SPACE',''
  ) );
#1349 = PCURVE('',#1317,#1350);
#1350 = DEFINITIONAL_REPRESENTATION('',(#1351),#1355);
#1351 = LINE('',#1352,#1353);
#1352 = CARTESIAN_POINT('',(0.8,0.));
#1353 = VECTOR('',#1354,1.);
#1354 = DIRECTION('',(0.,-1.));
#1355 = ( GEOMETRIC_REPRESENTATION_CONTEXT(2) 
PARAMETRIC_REPRESENTATION_CONTEXT() REPRESENTATION_CONTEXT('2D SPACE',''
  ) );
#1356 = ORIENTED_EDGE('',*,*,#1357,.F.);
#1357 = EDGE_CURVE('',#1200,#1335,#1358,.T.);
#1358 = SURFACE_CURVE('',#1359,(#1363,#1370),.PCURVE_S1.);
#1359 = LINE('',#1360,#1361);
#1360 = CARTESIAN_POINT('',(-4.55,8.272588583065,27.5));
#1361 = VECTOR('',#1362,1.);
#1362 = DIRECTION('',(1.,0.,0.));
#1363 = PCURVE('',#1241,#1364);
#1364 = DEFINITIONAL_REPRESENTATION('',(#1365),#1369);
#1365 = LINE('',#1366,#1367);
#1366 = CARTESIAN_POINT('',(0.,16.545177166129));
#1367 = VECTOR('',#1368,1.);
#1368 = DIRECTION('',(1.,0.));
#1369 = ( GEOMETRIC_REPRESENTATION_CONTEXT(2) 
PARAMETRIC_REPRESENTATION_CONTEXT() REPRESENTATION_CONTEXT('2D SPACE',''
  ) );
#1370 = PCURVE('',#1215,#1371);
#1371 = DEFINITIONAL_REPRESENTATION('',(#1372),#1376);
#1372 = LINE('',#1373,#1374);
#1373 = CARTESIAN_POINT('',(0.8,0.));
#1374 = VECTOR('',#1375,1.);
#1375 = DIRECTION('',(0.,1.));
#1376 = ( GEOMETRIC_REPRESENTATION_CONTEXT(2) 
PARAMETRIC_REPRESENTATION_CONTEXT() REPRESENTATION_CONTEXT('2D SPACE',''
  ) );
#1377 = FACE_BOUND('',#1378,.T.);
#1378 = EDGE_LOOP('',(#1379));
#1379 = ORIENTED_EDGE('',*,*,#1380,.F.);
#1380 = EDGE_CURVE('',#1381,#1381,#1383,.T.);
#1381 = VERTEX_POINT('',#1382);
#1382 = CARTESIAN_POINT('',(1.7,0.,27.5));
#1383 = SURFACE_CURVE('',#1384,(#1389,#1396),.PCURVE_S1.);
#1384 = CIRCLE('',#1385,1.7);
#1385 = AXIS2_PLACEMENT_3D('',#1386,#1387,#1388);
#1386 = CARTESIAN_POINT('',(0.,0.,27.5));
#1387 = DIRECTION('',(0.,0.,1.));
#1388 = DIRECTION('',(1.,0.,0.));
#1389 = PCURVE('',#1241,#1390);
#1390 = DEFINITIONAL_REPRESENTATION('',(#1391),#1395);
#1391 = CIRCLE('',#1392,1.7);
#1392 = AXIS2_PLACEMENT_2D('',#1393,#1394);
#1393 = CARTESIAN_POINT('',(4.55,8.272588583065));
#1394 = DIRECTION('',(1.,0.));
#1395 = ( GEOMETRIC_REPRESENTATION_CONTEXT(2) 
PARAMETRIC_REPRESENTATION_CONTEXT() REPRESENTATION_CONTEXT('2D SPACE',''
  ) );
#1396 = PCURVE('',#1397,#1402);
#1397 = CYLINDRICAL_SURFACE('',#1398,1.7);
#1398 = AXIS2_PLACEMENT_3D('',#1399,#1400,#1401);
#1399 = CARTESIAN_POINT('',(0.,0.,26.7));
#1400 = DIRECTION('',(-0.,-0.,-1.));
#1401 = DIRECTION('',(1.,0.,0.));
#1402 = DEFINITIONAL_REPRESENTATION('',(#1403),#1407);
#1403 = LINE('',#1404,#1405);
#1404 = CARTESIAN_POINT('',(-0.,-0.8));
#1405 = VECTOR('',#1406,1.);
#1406 = DIRECTION('',(-1.,0.));
#1407 = ( GEOMETRIC_REPRESENTATION_CONTEXT(2) 
PARAMETRIC_REPRESENTATION_CONTEXT() REPRESENTATION_CONTEXT('2D SPACE',''
  ) );
#1408 = ADVANCED_FACE('',(#1409),#1215,.T.);
#1409 = FACE_BOUND('',#1410,.T.);
#1410 = EDGE_LOOP('',(#1411,#1434,#1435,#1436));
#1411 = ORIENTED_EDGE('',*,*,#1412,.F.);
#1412 = EDGE_CURVE('',#1172,#1413,#1415,.T.);
#1413 = VERTEX_POINT('',#1414);
#1414 = CARTESIAN_POINT('',(4.55,8.272588583065,26.7));
#1415 = SURFACE_CURVE('',#1416,(#1420,#1427),.PCURVE_S1.);
#1416 = LINE('',#1417,#1418);
#1417 = CARTESIAN_POINT('',(-4.55,8.272588583065,26.7));
#1418 = VECTOR('',#1419,1.);
#1419 = DIRECTION('',(1.,0.,0.));
#1420 = PCURVE('',#1215,#1421);
#1421 = DEFINITIONAL_REPRESENTATION('',(#1422),#1426);
#1422 = LINE('',#1423,#1424);
#1423 = CARTESIAN_POINT('',(0.,0.));
#1424 = VECTOR('',#1425,1.);
#1425 = DIRECTION('',(0.,1.));
#1426 = ( GEOMETRIC_REPRESENTATION_CONTEXT(2) 
PARAMETRIC_REPRESENTATION_CONTEXT() REPRESENTATION_CONTEXT('2D SPACE',''
  ) );
#1427 = PCURVE('',#1187,#1428);
#1428 = DEFINITIONAL_REPRESENTATION('',(#1429),#1433);
#1429 = LINE('',#1430,#1431);
#1430 = CARTESIAN_POINT('',(0.,16.545177166129));
#1431 = VECTOR('',#1432,1.);
#1432 = DIRECTION('',(1.,0.));
#1433 = ( GEOMETRIC_REPRESENTATION_CONTEXT(2) 
PARAMETRIC_REPRESENTATION_CONTEXT() REPRESENTATION_CONTEXT('2D SPACE',''
  ) );
#1434 = ORIENTED_EDGE('',*,*,#1199,.T.);
#1435 = ORIENTED_EDGE('',*,*,#1357,.T.);
#1436 = ORIENTED_EDGE('',*,*,#1437,.F.);
#1437 = EDGE_CURVE('',#1413,#1335,#1438,.T.);
#1438 = SURFACE_CURVE('',#1439,(#1443,#1450),.PCURVE_S1.);
#1439 = LINE('',#1440,#1441);
#1440 = CARTESIAN_POINT('',(4.55,8.272588583065,26.7));
#1441 = VECTOR('',#1442,1.);
#1442 = DIRECTION('',(0.,0.,1.));
#1443 = PCURVE('',#1215,#1444);
#1444 = DEFINITIONAL_REPRESENTATION('',(#1445),#1449);
#1445 = LINE('',#1446,#1447);
#1446 = CARTESIAN_POINT('',(0.,9.1));
#1447 = VECTOR('',#1448,1.);
#1448 = DIRECTION('',(1.,0.));
#1449 = ( GEOMETRIC_REPRESENTATION_CONTEXT(2) 
PARAMETRIC_REPRESENTATION_CONTEXT() REPRESENTATION_CONTEXT('2D SPACE',''
  ) );
#1450 = PCURVE('',#1317,#1451);
#1451 = DEFINITIONAL_REPRESENTATION('',(#1452),#1456);
#1452 = LINE('',#1453,#1454);
#1453 = CARTESIAN_POINT('',(0.,-16.54517716612));
#1454 = VECTOR('',#1455,1.);
#1455 = DIRECTION('',(1.,0.));
#1456 = ( GEOMETRIC_REPRESENTATION_CONTEXT(2) 
PARAMETRIC_REPRESENTATION_CONTEXT() REPRESENTATION_CONTEXT('2D SPACE',''
  ) );
#1457 = ADVANCED_FACE('',(#1458,#1484),#1187,.F.);
#1458 = FACE_BOUND('',#1459,.F.);
#1459 = EDGE_LOOP('',(#1460,#1461,#1462,#1483));
#1460 = ORIENTED_EDGE('',*,*,#1171,.F.);
#1461 = ORIENTED_EDGE('',*,*,#1256,.T.);
#1462 = ORIENTED_EDGE('',*,*,#1463,.T.);
#1463 = EDGE_CURVE('',#1257,#1413,#1464,.T.);
#1464 = SURFACE_CURVE('',#1465,(#1469,#1476),.PCURVE_S1.);
#1465 = LINE('',#1466,#1467);
#1466 = CARTESIAN_POINT('',(4.55,-8.272588583065,26.7));
#1467 = VECTOR('',#1468,1.);
#1468 = DIRECTION('',(0.,1.,0.));
#1469 = PCURVE('',#1187,#1470);
#1470 = DEFINITIONAL_REPRESENTATION('',(#1471),#1475);
#1471 = LINE('',#1472,#1473);
#1472 = CARTESIAN_POINT('',(9.1,0.));
#1473 = VECTOR('',#1474,1.);
#1474 = DIRECTION('',(0.,1.));
#1475 = ( GEOMETRIC_REPRESENTATION_CONTEXT(2) 
PARAMETRIC_REPRESENTATION_CONTEXT() REPRESENTATION_CONTEXT('2D SPACE',''
  ) );
#1476 = PCURVE('',#1317,#1477);
#1477 = DEFINITIONAL_REPRESENTATION('',(#1478),#1482);
#1478 = LINE('',#1479,#1480);
#1479 = CARTESIAN_POINT('',(0.,0.));
#1480 = VECTOR('',#1481,1.);
#1481 = DIRECTION('',(0.,-1.));
#1482 = ( GEOMETRIC_REPRESENTATION_CONTEXT(2) 
PARAMETRIC_REPRESENTATION_CONTEXT() REPRESENTATION_CONTEXT('2D SPACE',''
  ) );
#1483 = ORIENTED_EDGE('',*,*,#1412,.F.);
#1484 = FACE_BOUND('',#1485,.F.);
#1485 = EDGE_LOOP('',(#1486));
#1486 = ORIENTED_EDGE('',*,*,#1487,.F.);
#1487 = EDGE_CURVE('',#1488,#1488,#1490,.T.);
#1488 = VERTEX_POINT('',#1489);
#1489 = CARTESIAN_POINT('',(1.7,0.,26.7));
#1490 = SURFACE_CURVE('',#1491,(#1496,#1503),.PCURVE_S1.);
#1491 = CIRCLE('',#1492,1.7);
#1492 = AXIS2_PLACEMENT_3D('',#1493,#1494,#1495);
#1493 = CARTESIAN_POINT('',(0.,0.,26.7));
#1494 = DIRECTION('',(0.,0.,1.));
#1495 = DIRECTION('',(1.,0.,0.));
#1496 = PCURVE('',#1187,#1497);
#1497 = DEFINITIONAL_REPRESENTATION('',(#1498),#1502);
#1498 = CIRCLE('',#1499,1.7);
#1499 = AXIS2_PLACEMENT_2D('',#1500,#1501);
#1500 = CARTESIAN_POINT('',(4.55,8.272588583065));
#1501 = DIRECTION('',(1.,0.));
#1502 = ( GEOMETRIC_REPRESENTATION_CONTEXT(2) 
PARAMETRIC_REPRESENTATION_CONTEXT() REPRESENTATION_CONTEXT('2D SPACE',''
  ) );
#1503 = PCURVE('',#1397,#1504);
#1504 = DEFINITIONAL_REPRESENTATION('',(#1505),#1509);
#1505 = LINE('',#1506,#1507);
#1506 = CARTESIAN_POINT('',(-0.,0.));
#1507 = VECTOR('',#1508,1.);
#1508 = DIRECTION('',(-1.,0.));
#1509 = ( GEOMETRIC_REPRESENTATION_CONTEXT(2) 
PARAMETRIC_REPRESENTATION_CONTEXT() REPRESENTATION_CONTEXT('2D SPACE',''
  ) );
#1510 = ADVANCED_FACE('',(#1511),#1317,.T.);
#1511 = FACE_BOUND('',#1512,.T.);
#1512 = EDGE_LOOP('',(#1513,#1514,#1515,#1516));
#1513 = ORIENTED_EDGE('',*,*,#1303,.F.);
#1514 = ORIENTED_EDGE('',*,*,#1463,.T.);
#1515 = ORIENTED_EDGE('',*,*,#1437,.T.);
#1516 = ORIENTED_EDGE('',*,*,#1334,.F.);
#1517 = ADVANCED_FACE('',(#1518),#1397,.F.);
#1518 = FACE_BOUND('',#1519,.T.);
#1519 = EDGE_LOOP('',(#1520,#1541,#1542,#1543));
#1520 = ORIENTED_EDGE('',*,*,#1521,.T.);
#1521 = EDGE_CURVE('',#1488,#1381,#1522,.T.);
#1522 = SEAM_CURVE('',#1523,(#1527,#1534),.PCURVE_S1.);
#1523 = LINE('',#1524,#1525);
#1524 = CARTESIAN_POINT('',(1.7,0.,26.7));
#1525 = VECTOR('',#1526,1.);
#1526 = DIRECTION('',(0.,0.,1.));
#1527 = PCURVE('',#1397,#1528);
#1528 = DEFINITIONAL_REPRESENTATION('',(#1529),#1533);
#1529 = LINE('',#1530,#1531);
#1530 = CARTESIAN_POINT('',(-0.,0.));
#1531 = VECTOR('',#1532,1.);
#1532 = DIRECTION('',(-0.,-1.));
#1533 = ( GEOMETRIC_REPRESENTATION_CONTEXT(2) 
PARAMETRIC_REPRESENTATION_CONTEXT() REPRESENTATION_CONTEXT('2D SPACE',''
  ) );
#1534 = PCURVE('',#1397,#1535);
#1535 = DEFINITIONAL_REPRESENTATION('',(#1536),#1540);
#1536 = LINE('',#1537,#1538);
#1537 = CARTESIAN_POINT('',(-6.28318530718,0.));
#1538 = VECTOR('',#1539,1.);
#1539 = DIRECTION('',(-0.,-1.));
#1540 = ( GEOMETRIC_REPRESENTATION_CONTEXT(2) 
PARAMETRIC_REPRESENTATION_CONTEXT() REPRESENTATION_CONTEXT('2D SPACE',''
  ) );
#1541 = ORIENTED_EDGE('',*,*,#1380,.T.);
#1542 = ORIENTED_EDGE('',*,*,#1521,.F.);
#1543 = ORIENTED_EDGE('',*,*,#1487,.F.);
#1544 = ( GEOMETRIC_REPRESENTATION_CONTEXT(3) 
GLOBAL_UNCERTAINTY_ASSIGNED_CONTEXT((#1548)) 
GLOBAL_UNIT_ASSIGNED_CONTEXT((#1545,#1546,#1547)) REPRESENTATION_CONTEXT
('Context #1','3D Context with UNIT and UNCERTAINTY') );
#1545 = ( LENGTH_UNIT() NAMED_UNIT(*) SI_UNIT(.MILLI.,.METRE.) );
#1546 = ( NAMED_UNIT(*) PLANE_ANGLE_UNIT() SI_UNIT($,.RADIAN.) );
#1547 = ( NAMED_UNIT(*) SI_UNIT($,.STERADIAN.) SOLID_ANGLE_UNIT() );
#1548 = UNCERTAINTY_MEASURE_WITH_UNIT(LENGTH_MEASURE(1.E-07),#1545,
  'distance_accuracy_value','confusion accuracy');
#1549 = CONTEXT_DEPENDENT_SHAPE_REPRESENTATION(#1550,#1552);
#1550 = ( REPRESENTATION_RELATIONSHIP('','',#1129,#10) 
REPRESENTATION_RELATIONSHIP_WITH_TRANSFORMATION(#1551) 
SHAPE_REPRESENTATION_RELATIONSHIP() );
#1551 = ITEM_DEFINED_TRANSFORMATION('','',#11,#35);
#1552 = PRODUCT_DEFINITION_SHAPE('Placement','Placement of an item',
  #1553);
#1553 = NEXT_ASSEMBLY_USAGE_OCCURRENCE('60','coil_x','',#5,#1124,$);
#1554 = PRODUCT_RELATED_PRODUCT_CATEGORY('part',$,(#1126));
#1555 = SHAPE_DEFINITION_REPRESENTATION(#1556,#1562);
#1556 = PRODUCT_DEFINITION_SHAPE('','',#1557);
#1557 = PRODUCT_DEFINITION('design','',#1558,#1561);
#1558 = PRODUCT_DEFINITION_FORMATION('','',#1559);
#1559 = PRODUCT('coil_y','coil_y','',(#1560));
#1560 = PRODUCT_CONTEXT('',#2,'mechanical');
#1561 = PRODUCT_DEFINITION_CONTEXT('part definition',#2,'design');
#1562 = ADVANCED_BREP_SHAPE_REPRESENTATION('',(#11,#1563),#1977);
#1563 = MANIFOLD_SOLID_BREP('',#1564);
#1564 = CLOSED_SHELL('',(#1565,#1685,#1761,#1841,#1890,#1943,#1950));
#1565 = ADVANCED_FACE('',(#1566),#1580,.F.);
#1566 = FACE_BOUND('',#1567,.F.);
#1567 = EDGE_LOOP('',(#1568,#1603,#1631,#1659));
#1568 = ORIENTED_EDGE('',*,*,#1569,.F.);
#1569 = EDGE_CURVE('',#1570,#1572,#1574,.T.);
#1570 = VERTEX_POINT('',#1571);
#1571 = CARTESIAN_POINT('',(-8.272588583065,-4.55,27.5));
#1572 = VERTEX_POINT('',#1573);
#1573 = CARTESIAN_POINT('',(-8.272588583065,-4.55,28.3));
#1574 = SURFACE_CURVE('',#1575,(#1579,#1591),.PCURVE_S1.);
#1575 = LINE('',#1576,#1577);
#1576 = CARTESIAN_POINT('',(-8.272588583065,-4.55,27.5));
#1577 = VECTOR('',#1578,1.);
#1578 = DIRECTION('',(0.,0.,1.));
#1579 = PCURVE('',#1580,#1585);
#1580 = PLANE('',#1581);
#1581 = AXIS2_PLACEMENT_3D('',#1582,#1583,#1584);
#1582 = CARTESIAN_POINT('',(-8.272588583065,-4.55,27.5));
#1583 = DIRECTION('',(1.,0.,0.));
#1584 = DIRECTION('',(0.,0.,1.));
#1585 = DEFINITIONAL_REPRESENTATION('',(#1586),#1590);
#1586 = LINE('',#1587,#1588);
#1587 = CARTESIAN_POINT('',(0.,0.));
#1588 = VECTOR('',#1589,1.);
#1589 = DIRECTION('',(1.,0.));
#1590 = ( GEOMETRIC_REPRESENTATION_CONTEXT(2) 
PARAMETRIC_REPRESENTATION_CONTEXT() REPRESENTATION_CONTEXT('2D SPACE',''
  ) );
#1591 = PCURVE('',#1592,#1597);
#1592 = PLANE('',#1593);
#1593 = AXIS2_PLACEMENT_3D('',#1594,#1595,#1596);
#1594 = CARTESIAN_POINT('',(-8.272588583065,-4.55,27.5));
#1595 = DIRECTION('',(0.,1.,0.));
#1596 = DIRECTION('',(0.,0.,1.));
#1597 = DEFINITIONAL_REPRESENTATION('',(#1598),#1602);
#1598 = LINE('',#1599,#1600);
#1599 = CARTESIAN_POINT('',(0.,0.));
#1600 = VECTOR('',#1601,1.);
#1601 = DIRECTION('',(1.,0.));
#1602 = ( GEOMETRIC_REPRESENTATION_CONTEXT(2) 
PARAMETRIC_REPRESENTATION_CONTEXT() REPRESENTATION_CONTEXT('2D SPACE',''
  ) );
#1603 = ORIENTED_EDGE('',*,*,#1604,.T.);
#1604 = EDGE_CURVE('',#1570,#1605,#1607,.T.);
#1605 = VERTEX_POINT('',#1606);
#1606 = CARTESIAN_POINT('',(-8.272588583065,4.55,27.5));
#1607 = SURFACE_CURVE('',#1608,(#1612,#1619),.PCURVE_S1.);
#1608 = LINE('',#1609,#1610);
#1609 = CARTESIAN_POINT('',(-8.272588583065,-4.55,27.5));
#1610 = VECTOR('',#1611,1.);
#1611 = DIRECTION('',(0.,1.,0.));
#1612 = PCURVE('',#1580,#1613);
#1613 = DEFINITIONAL_REPRESENTATION('',(#1614),#1618);
#1614 = LINE('',#1615,#1616);
#1615 = CARTESIAN_POINT('',(0.,0.));
#1616 = VECTOR('',#1617,1.);
#1617 = DIRECTION('',(0.,-1.));
#1618 = ( GEOMETRIC_REPRESENTATION_CONTEXT(2) 
PARAMETRIC_REPRESENTATION_CONTEXT() REPRESENTATION_CONTEXT('2D SPACE',''
  ) );
#1619 = PCURVE('',#1620,#1625);
#1620 = PLANE('',#1621);
#1621 = AXIS2_PLACEMENT_3D('',#1622,#1623,#1624);
#1622 = CARTESIAN_POINT('',(-8.272588583065,-4.55,27.5));
#1623 = DIRECTION('',(0.,0.,1.));
#1624 = DIRECTION('',(1.,0.,0.));
#1625 = DEFINITIONAL_REPRESENTATION('',(#1626),#1630);
#1626 = LINE('',#1627,#1628);
#1627 = CARTESIAN_POINT('',(0.,0.));
#1628 = VECTOR('',#1629,1.);
#1629 = DIRECTION('',(0.,1.));
#1630 = ( GEOMETRIC_REPRESENTATION_CONTEXT(2) 
PARAMETRIC_REPRESENTATION_CONTEXT() REPRESENTATION_CONTEXT('2D SPACE',''
  ) );
#1631 = ORIENTED_EDGE('',*,*,#1632,.T.);
#1632 = EDGE_CURVE('',#1605,#1633,#1635,.T.);
#1633 = VERTEX_POINT('',#1634);
#1634 = CARTESIAN_POINT('',(-8.272588583065,4.55,28.3));
#1635 = SURFACE_CURVE('',#1636,(#1640,#1647),.PCURVE_S1.);
#1636 = LINE('',#1637,#1638);
#1637 = CARTESIAN_POINT('',(-8.272588583065,4.55,27.5));
#1638 = VECTOR('',#1639,1.);
#1639 = DIRECTION('',(0.,0.,1.));
#1640 = PCURVE('',#1580,#1641);
#1641 = DEFINITIONAL_REPRESENTATION('',(#1642),#1646);
#1642 = LINE('',#1643,#1644);
#1643 = CARTESIAN_POINT('',(0.,-9.1));
#1644 = VECTOR('',#1645,1.);
#1645 = DIRECTION('',(1.,0.));
#1646 = ( GEOMETRIC_REPRESENTATION_CONTEXT(2) 
PARAMETRIC_REPRESENTATION_CONTEXT() REPRESENTATION_CONTEXT('2D SPACE',''
  ) );
#1647 = PCURVE('',#1648,#1653);
#1648 = PLANE('',#1649);
#1649 = AXIS2_PLACEMENT_3D('',#1650,#1651,#1652);
#1650 = CARTESIAN_POINT('',(-8.272588583065,4.55,27.5));
#1651 = DIRECTION('',(0.,1.,0.));
#1652 = DIRECTION('',(0.,0.,1.));
#1653 = DEFINITIONAL_REPRESENTATION('',(#1654),#1658);
#1654 = LINE('',#1655,#1656);
#1655 = CARTESIAN_POINT('',(0.,0.));
#1656 = VECTOR('',#1657,1.);
#1657 = DIRECTION('',(1.,0.));
#1658 = ( GEOMETRIC_REPRESENTATION_CONTEXT(2) 
PARAMETRIC_REPRESENTATION_CONTEXT() REPRESENTATION_CONTEXT('2D SPACE',''
  ) );
#1659 = ORIENTED_EDGE('',*,*,#1660,.F.);
#1660 = EDGE_CURVE('',#1572,#1633,#1661,.T.);
#1661 = SURFACE_CURVE('',#1662,(#1666,#1673),.PCURVE_S1.);
#1662 = LINE('',#1663,#1664);
#1663 = CARTESIAN_POINT('',(-8.272588583065,-4.55,28.3));
#1664 = VECTOR('',#1665,1.);
#1665 = DIRECTION('',(0.,1.,0.));
#1666 = PCURVE('',#1580,#1667);
#1667 = DEFINITIONAL_REPRESENTATION('',(#1668),#1672);
#1668 = LINE('',#1669,#1670);
#1669 = CARTESIAN_POINT('',(0.8,0.));
#1670 = VECTOR('',#1671,1.);
#1671 = DIRECTION('',(0.,-1.));
#1672 = ( GEOMETRIC_REPRESENTATION_CONTEXT(2) 
PARAMETRIC_REPRESENTATION_CONTEXT() REPRESENTATION_CONTEXT('2D SPACE',''
  ) );
#1673 = PCURVE('',#1674,#1679);
#1674 = PLANE('',#1675);
#1675 = AXIS2_PLACEMENT_3D('',#1676,#1677,#1678);
#1676 = CARTESIAN_POINT('',(-8.272588583065,-4.55,28.3));
#1677 = DIRECTION('',(0.,0.,1.));
#1678 = DIRECTION('',(1.,0.,0.));
#1679 = DEFINITIONAL_REPRESENTATION('',(#1680),#1684);
#1680 = LINE('',#1681,#1682);
#1681 = CARTESIAN_POINT('',(0.,0.));
#1682 = VECTOR('',#1683,1.);
#1683 = DIRECTION('',(0.,1.));
#1684 = ( GEOMETRIC_REPRESENTATION_CONTEXT(2) 
PARAMETRIC_REPRESENTATION_CONTEXT() REPRESENTATION_CONTEXT('2D SPACE',''
  ) );
#1685 = ADVANCED_FACE('',(#1686),#1592,.F.);
#1686 = FACE_BOUND('',#1687,.F.);
#1687 = EDGE_LOOP('',(#1688,#1711,#1712,#1735));
#1688 = ORIENTED_EDGE('',*,*,#1689,.F.);
#1689 = EDGE_CURVE('',#1570,#1690,#1692,.T.);
#1690 = VERTEX_POINT('',#1691);
#1691 = CARTESIAN_POINT('',(8.272588583065,-4.55,27.5));
#1692 = SURFACE_CURVE('',#1693,(#1697,#1704),.PCURVE_S1.);
#1693 = LINE('',#1694,#1695);
#1694 = CARTESIAN_POINT('',(-8.272588583065,-4.55,27.5));
#1695 = VECTOR('',#1696,1.);
#1696 = DIRECTION('',(1.,0.,0.));
#1697 = PCURVE('',#1592,#1698);
#1698 = DEFINITIONAL_REPRESENTATION('',(#1699),#1703);
#1699 = LINE('',#1700,#1701);
#1700 = CARTESIAN_POINT('',(0.,0.));
#1701 = VECTOR('',#1702,1.);
#1702 = DIRECTION('',(0.,1.));
#1703 = ( GEOMETRIC_REPRESENTATION_CONTEXT(2) 
PARAMETRIC_REPRESENTATION_CONTEXT() REPRESENTATION_CONTEXT('2D SPACE',''
  ) );
#1704 = PCURVE('',#1620,#1705);
#1705 = DEFINITIONAL_REPRESENTATION('',(#1706),#1710);
#1706 = LINE('',#1707,#1708);
#1707 = CARTESIAN_POINT('',(0.,0.));
#1708 = VECTOR('',#1709,1.);
#1709 = DIRECTION('',(1.,0.));
#1710 = ( GEOMETRIC_REPRESENTATION_CONTEXT(2) 
PARAMETRIC_REPRESENTATION_CONTEXT() REPRESENTATION_CONTEXT('2D SPACE',''
  ) );
#1711 = ORIENTED_EDGE('',*,*,#1569,.T.);
#1712 = ORIENTED_EDGE('',*,*,#1713,.T.);
#1713 = EDGE_CURVE('',#1572,#1714,#1716,.T.);
#1714 = VERTEX_POINT('',#1715);
#1715 = CARTESIAN_POINT('',(8.272588583065,-4.55,28.3));
#1716 = SURFACE_CURVE('',#1717,(#1721,#1728),.PCURVE_S1.);
#1717 = LINE('',#1718,#1719);
#1718 = CARTESIAN_POINT('',(-8.272588583065,-4.55,28.3));
#1719 = VECTOR('',#1720,1.);
#1720 = DIRECTION('',(1.,0.,0.));
#1721 = PCURVE('',#1592,#1722);
#1722 = DEFINITIONAL_REPRESENTATION('',(#1723),#1727);
#1723 = LINE('',#1724,#1725);
#1724 = CARTESIAN_POINT('',(0.8,0.));
#1725 = VECTOR('',#1726,1.);
#1726 = DIRECTION('',(0.,1.));
#1727 = ( GEOMETRIC_REPRESENTATION_CONTEXT(2) 
PARAMETRIC_REPRESENTATION_CONTEXT() REPRESENTATION_CONTEXT('2D SPACE',''
  ) );
#1728 = PCURVE('',#1674,#1729);
#1729 = DEFINITIONAL_REPRESENTATION('',(#1730),#1734);
#1730 = LINE('',#1731,#1732);
#1731 = CARTESIAN_POINT('',(0.,0.));
#1732 = VECTOR('',#1733,1.);
#1733 = DIRECTION('',(1.,0.));
#1734 = ( GEOMETRIC_REPRESENTATION_CONTEXT(2) 
PARAMETRIC_REPRESENTATION_CONTEXT() REPRESENTATION_CONTEXT('2D SPACE',''
  ) );
#1735 = ORIENTED_EDGE('',*,*,#1736,.F.);
#1736 = EDGE_CURVE('',#1690,#1714,#1737,.T.);
#1737 = SURFACE_CURVE('',#1738,(#1742,#1749),.PCURVE_S1.);
#1738 = LINE('',#1739,#1740);
#1739 = CARTESIAN_POINT('',(8.272588583065,-4.55,27.5));
#1740 = VECTOR('',#1741,1.);
#1741 = DIRECTION('',(0.,0.,1.));
#1742 = PCURVE('',#1592,#1743);
#1743 = DEFINITIONAL_REPRESENTATION('',(#1744),#1748);
#1744 = LINE('',#1745,#1746);
#1745 = CARTESIAN_POINT('',(0.,16.545177166129));
#1746 = VECTOR('',#1747,1.);
#1747 = DIRECTION('',(1.,0.));
#1748 = ( GEOMETRIC_REPRESENTATION_CONTEXT(2) 
PARAMETRIC_REPRESENTATION_CONTEXT() REPRESENTATION_CONTEXT('2D SPACE',''
  ) );
#1749 = PCURVE('',#1750,#1755);
#1750 = PLANE('',#1751);
#1751 = AXIS2_PLACEMENT_3D('',#1752,#1753,#1754);
#1752 = CARTESIAN_POINT('',(8.272588583065,-4.55,27.5));
#1753 = DIRECTION('',(1.,0.,0.));
#1754 = DIRECTION('',(0.,0.,1.));
#1755 = DEFINITIONAL_REPRESENTATION('',(#1756),#1760);
#1756 = LINE('',#1757,#1758);
#1757 = CARTESIAN_POINT('',(0.,0.));
#1758 = VECTOR('',#1759,1.);
#1759 = DIRECTION('',(1.,0.));
#1760 = ( GEOMETRIC_REPRESENTATION_CONTEXT(2) 
PARAMETRIC_REPRESENTATION_CONTEXT() REPRESENTATION_CONTEXT('2D SPACE',''
  ) );
#1761 = ADVANCED_FACE('',(#1762,#1810),#1674,.T.);
#1762 = FACE_BOUND('',#1763,.T.);
#1763 = EDGE_LOOP('',(#1764,#1765,#1766,#1789));
#1764 = ORIENTED_EDGE('',*,*,#1660,.F.);
#1765 = ORIENTED_EDGE('',*,*,#1713,.T.);
#1766 = ORIENTED_EDGE('',*,*,#1767,.T.);
#1767 = EDGE_CURVE('',#1714,#1768,#1770,.T.);
#1768 = VERTEX_POINT('',#1769);
#1769 = CARTESIAN_POINT('',(8.272588583065,4.55,28.3));
#1770 = SURFACE_CURVE('',#1771,(#1775,#1782),.PCURVE_S1.);
#1771 = LINE('',#1772,#1773);
#1772 = CARTESIAN_POINT('',(8.272588583065,-4.55,28.3));
#1773 = VECTOR('',#1774,1.);
#1774 = DIRECTION('',(0.,1.,0.));
#1775 = PCURVE('',#1674,#1776);
#1776 = DEFINITIONAL_REPRESENTATION('',(#1777),#1781);
#1777 = LINE('',#1778,#1779);
#1778 = CARTESIAN_POINT('',(16.545177166129,0.));
#1779 = VECTOR('',#1780,1.);
#1780 = DIRECTION('',(0.,1.));
#1781 = ( GEOMETRIC_REPRESENTATION_CONTEXT(2) 
PARAMETRIC_REPRESENTATION_CONTEXT() REPRESENTATION_CONTEXT('2D SPACE',''
  ) );
#1782 = PCURVE('',#1750,#1783);
#1783 = DEFINITIONAL_REPRESENTATION('',(#1784),#1788);
#1784 = LINE('',#1785,#1786);
#1785 = CARTESIAN_POINT('',(0.8,0.));
#1786 = VECTOR('',#1787,1.);
#1787 = DIRECTION('',(0.,-1.));
#1788 = ( GEOMETRIC_REPRESENTATION_CONTEXT(2) 
PARAMETRIC_REPRESENTATION_CONTEXT() REPRESENTATION_CONTEXT('2D SPACE',''
  ) );
#1789 = ORIENTED_EDGE('',*,*,#1790,.F.);
#1790 = EDGE_CURVE('',#1633,#1768,#1791,.T.);
#1791 = SURFACE_CURVE('',#1792,(#1796,#1803),.PCURVE_S1.);
#1792 = LINE('',#1793,#1794);
#1793 = CARTESIAN_POINT('',(-8.272588583065,4.55,28.3));
#1794 = VECTOR('',#1795,1.);
#1795 = DIRECTION('',(1.,0.,0.));
#1796 = PCURVE('',#1674,#1797);
#1797 = DEFINITIONAL_REPRESENTATION('',(#1798),#1802);
#1798 = LINE('',#1799,#1800);
#1799 = CARTESIAN_POINT('',(0.,9.1));
#1800 = VECTOR('',#1801,1.);
#1801 = DIRECTION('',(1.,0.));
#1802 = ( GEOMETRIC_REPRESENTATION_CONTEXT(2) 
PARAMETRIC_REPRESENTATION_CONTEXT() REPRESENTATION_CONTEXT('2D SPACE',''
  ) );
#1803 = PCURVE('',#1648,#1804);
#1804 = DEFINITIONAL_REPRESENTATION('',(#1805),#1809);
#1805 = LINE('',#1806,#1807);
#1806 = CARTESIAN_POINT('',(0.8,0.));
#1807 = VECTOR('',#1808,1.);
#1808 = DIRECTION('',(0.,1.));
#1809 = ( GEOMETRIC_REPRESENTATION_CONTEXT(2) 
PARAMETRIC_REPRESENTATION_CONTEXT() REPRESENTATION_CONTEXT('2D SPACE',''
  ) );
#1810 = FACE_BOUND('',#1811,.T.);
#1811 = EDGE_LOOP('',(#1812));
#1812 = ORIENTED_EDGE('',*,*,#1813,.F.);
#1813 = EDGE_CURVE('',#1814,#1814,#1816,.T.);
#1814 = VERTEX_POINT('',#1815);
#1815 = CARTESIAN_POINT('',(1.7,0.,28.3));
#1816 = SURFACE_CURVE('',#1817,(#1822,#1829),.PCURVE_S1.);
#1817 = CIRCLE('',#1818,1.7);
#1818 = AXIS2_PLACEMENT_3D('',#1819,#1820,#1821);
#1819 = CARTESIAN_POINT('',(0.,0.,28.3));
#1820 = DIRECTION('',(0.,0.,1.));
#1821 = DIRECTION('',(1.,0.,0.));
#1822 = PCURVE('',#1674,#1823);
#1823 = DEFINITIONAL_REPRESENTATION('',(#1824),#1828);
#1824 = CIRCLE('',#1825,1.7);
#1825 = AXIS2_PLACEMENT_2D('',#1826,#1827);
#1826 = CARTESIAN_POINT('',(8.272588583065,4.55));
#1827 = DIRECTION('',(1.,0.));
#1828 = ( GEOMETRIC_REPRESENTATION_CONTEXT(2) 
PARAMETRIC_REPRESENTATION_CONTEXT() REPRESENTATION_CONTEXT('2D SPACE',''
  ) );
#1829 = PCURVE('',#1830,#1835);
#1830 = CYLINDRICAL_SURFACE('',#1831,1.7);
#1831 = AXIS2_PLACEMENT_3D('',#1832,#1833,#1834);
#1832 = CARTESIAN_POINT('',(0.,0.,27.5));
#1833 = DIRECTION('',(-0.,-0.,-1.));
#1834 = DIRECTION('',(1.,0.,0.));
#1835 = DEFINITIONAL_REPRESENTATION('',(#1836),#1840);
#1836 = LINE('',#1837,#1838);
#1837 = CARTESIAN_POINT('',(-0.,-0.8));
#1838 = VECTOR('',#1839,1.);
#1839 = DIRECTION('',(-1.,0.));
#1840 = ( GEOMETRIC_REPRESENTATION_CONTEXT(2) 
PARAMETRIC_REPRESENTATION_CONTEXT() REPRESENTATION_CONTEXT('2D SPACE',''
  ) );
#1841 = ADVANCED_FACE('',(#1842),#1648,.T.);
#1842 = FACE_BOUND('',#1843,.T.);
#1843 = EDGE_LOOP('',(#1844,#1867,#1868,#1869));
#1844 = ORIENTED_EDGE('',*,*,#1845,.F.);
#1845 = EDGE_CURVE('',#1605,#1846,#1848,.T.);
#1846 = VERTEX_POINT('',#1847);
#1847 = CARTESIAN_POINT('',(8.272588583065,4.55,27.5));
#1848 = SURFACE_CURVE('',#1849,(#1853,#1860),.PCURVE_S1.);
#1849 = LINE('',#1850,#1851);
#1850 = CARTESIAN_POINT('',(-8.272588583065,4.55,27.5));
#1851 = VECTOR('',#1852,1.);
#1852 = DIRECTION('',(1.,0.,0.));
#1853 = PCURVE('',#1648,#1854);
#1854 = DEFINITIONAL_REPRESENTATION('',(#1855),#1859);
#1855 = LINE('',#1856,#1857);
#1856 = CARTESIAN_POINT('',(0.,0.));
#1857 = VECTOR('',#1858,1.);
#1858 = DIRECTION('',(0.,1.));
#1859 = ( GEOMETRIC_REPRESENTATION_CONTEXT(2) 
PARAMETRIC_REPRESENTATION_CONTEXT() REPRESENTATION_CONTEXT('2D SPACE',''
  ) );
#1860 = PCURVE('',#1620,#1861);
#1861 = DEFINITIONAL_REPRESENTATION('',(#1862),#1866);
#1862 = LINE('',#1863,#1864);
#1863 = CARTESIAN_POINT('',(0.,9.1));
#1864 = VECTOR('',#1865,1.);
#1865 = DIRECTION('',(1.,0.));
#1866 = ( GEOMETRIC_REPRESENTATION_CONTEXT(2) 
PARAMETRIC_REPRESENTATION_CONTEXT() REPRESENTATION_CONTEXT('2D SPACE',''
  ) );
#1867 = ORIENTED_EDGE('',*,*,#1632,.T.);
#1868 = ORIENTED_EDGE('',*,*,#1790,.T.);
#1869 = ORIENTED_EDGE('',*,*,#1870,.F.);
#1870 = EDGE_CURVE('',#1846,#1768,#1871,.T.);
#1871 = SURFACE_CURVE('',#1872,(#1876,#1883),.PCURVE_S1.);
#1872 = LINE('',#1873,#1874);
#1873 = CARTESIAN_POINT('',(8.272588583065,4.55,27.5));
#1874 = VECTOR('',#1875,1.);
#1875 = DIRECTION('',(0.,0.,1.));
#1876 = PCURVE('',#1648,#1877);
#1877 = DEFINITIONAL_REPRESENTATION('',(#1878),#1882);
#1878 = LINE('',#1879,#1880);
#1879 = CARTESIAN_POINT('',(0.,16.545177166129));
#1880 = VECTOR('',#1881,1.);
#1881 = DIRECTION('',(1.,0.));
#1882 = ( GEOMETRIC_REPRESENTATION_CONTEXT(2) 
PARAMETRIC_REPRESENTATION_CONTEXT() REPRESENTATION_CONTEXT('2D SPACE',''
  ) );
#1883 = PCURVE('',#1750,#1884);
#1884 = DEFINITIONAL_REPRESENTATION('',(#1885),#1889);
#1885 = LINE('',#1886,#1887);
#1886 = CARTESIAN_POINT('',(0.,-9.1));
#1887 = VECTOR('',#1888,1.);
#1888 = DIRECTION('',(1.,0.));
#1889 = ( GEOMETRIC_REPRESENTATION_CONTEXT(2) 
PARAMETRIC_REPRESENTATION_CONTEXT() REPRESENTATION_CONTEXT('2D SPACE',''
  ) );
#1890 = ADVANCED_FACE('',(#1891,#1917),#1620,.F.);
#1891 = FACE_BOUND('',#1892,.F.);
#1892 = EDGE_LOOP('',(#1893,#1894,#1895,#1916));
#1893 = ORIENTED_EDGE('',*,*,#1604,.F.);
#1894 = ORIENTED_EDGE('',*,*,#1689,.T.);
#1895 = ORIENTED_EDGE('',*,*,#1896,.T.);
#1896 = EDGE_CURVE('',#1690,#1846,#1897,.T.);
#1897 = SURFACE_CURVE('',#1898,(#1902,#1909),.PCURVE_S1.);
#1898 = LINE('',#1899,#1900);
#1899 = CARTESIAN_POINT('',(8.272588583065,-4.55,27.5));
#1900 = VECTOR('',#1901,1.);
#1901 = DIRECTION('',(0.,1.,0.));
#1902 = PCURVE('',#1620,#1903);
#1903 = DEFINITIONAL_REPRESENTATION('',(#1904),#1908);
#1904 = LINE('',#1905,#1906);
#1905 = CARTESIAN_POINT('',(16.545177166129,0.));
#1906 = VECTOR('',#1907,1.);
#1907 = DIRECTION('',(0.,1.));
#1908 = ( GEOMETRIC_REPRESENTATION_CONTEXT(2) 
PARAMETRIC_REPRESENTATION_CONTEXT() REPRESENTATION_CONTEXT('2D SPACE',''
  ) );
#1909 = PCURVE('',#1750,#1910);
#1910 = DEFINITIONAL_REPRESENTATION('',(#1911),#1915);
#1911 = LINE('',#1912,#1913);
#1912 = CARTESIAN_POINT('',(0.,0.));
#1913 = VECTOR('',#1914,1.);
#1914 = DIRECTION('',(0.,-1.));
#1915 = ( GEOMETRIC_REPRESENTATION_CONTEXT(2) 
PARAMETRIC_REPRESENTATION_CONTEXT() REPRESENTATION_CONTEXT('2D SPACE',''
  ) );
#1916 = ORIENTED_EDGE('',*,*,#1845,.F.);
#1917 = FACE_BOUND('',#1918,.F.);
#1918 = EDGE_LOOP('',(#1919));
#1919 = ORIENTED_EDGE('',*,*,#1920,.F.);
#1920 = EDGE_CURVE('',#1921,#1921,#1923,.T.);
#1921 = VERTEX_POINT('',#1922);
#1922 = CARTESIAN_POINT('',(1.7,0.,27.5));
#1923 = SURFACE_CURVE('',#1924,(#1929,#1936),.PCURVE_S1.);
#1924 = CIRCLE('',#1925,1.7);
#1925 = AXIS2_PLACEMENT_3D('',#1926,#1927,#1928);
#1926 = CARTESIAN_POINT('',(0.,0.,27.5));
#1927 = DIRECTION('',(0.,0.,1.));
#1928 = DIRECTION('',(1.,0.,0.));
#1929 = PCURVE('',#1620,#1930);
#1930 = DEFINITIONAL_REPRESENTATION('',(#1931),#1935);
#1931 = CIRCLE('',#1932,1.7);
#1932 = AXIS2_PLACEMENT_2D('',#1933,#1934);
#1933 = CARTESIAN_POINT('',(8.272588583065,4.55));
#1934 = DIRECTION('',(1.,0.));
#1935 = ( GEOMETRIC_REPRESENTATION_CONTEXT(2) 
PARAMETRIC_REPRESENTATION_CONTEXT() REPRESENTATION_CONTEXT('2D SPACE',''
  ) );
#1936 = PCURVE('',#1830,#1937);
#1937 = DEFINITIONAL_REPRESENTATION('',(#1938),#1942);
#1938 = LINE('',#1939,#1940);
#1939 = CARTESIAN_POINT('',(-0.,0.));
#1940 = VECTOR('',#1941,1.);
#1941 = DIRECTION('',(-1.,0.));
#1942 = ( GEOMETRIC_REPRESENTATION_CONTEXT(2) 
PARAMETRIC_REPRESENTATION_CONTEXT() REPRESENTATION_CONTEXT('2D SPACE',''
  ) );
#1943 = ADVANCED_FACE('',(#1944),#1750,.T.);
#1944 = FACE_BOUND('',#1945,.T.);
#1945 = EDGE_LOOP('',(#1946,#1947,#1948,#1949));
#1946 = ORIENTED_EDGE('',*,*,#1736,.F.);
#1947 = ORIENTED_EDGE('',*,*,#1896,.T.);
#1948 = ORIENTED_EDGE('',*,*,#1870,.T.);
#1949 = ORIENTED_EDGE('',*,*,#1767,.F.);
#1950 = ADVANCED_FACE('',(#1951),#1830,.F.);
#1951 = FACE_BOUND('',#1952,.T.);
#1952 = EDGE_LOOP('',(#1953,#1974,#1975,#1976));
#1953 = ORIENTED_EDGE('',*,*,#1954,.T.);
#1954 = EDGE_CURVE('',#1921,#1814,#1955,.T.);
#1955 = SEAM_CURVE('',#1956,(#1960,#1967),.PCURVE_S1.);
#1956 = LINE('',#1957,#1958);
#1957 = CARTESIAN_POINT('',(1.7,0.,27.5));
#1958 = VECTOR('',#1959,1.);
#1959 = DIRECTION('',(0.,0.,1.));
#1960 = PCURVE('',#1830,#1961);
#1961 = DEFINITIONAL_REPRESENTATION('',(#1962),#1966);
#1962 = LINE('',#1963,#1964);
#1963 = CARTESIAN_POINT('',(-0.,0.));
#1964 = VECTOR('',#1965,1.);
#1965 = DIRECTION('',(-0.,-1.));
#1966 = ( GEOMETRIC_REPRESENTATION_CONTEXT(2) 
PARAMETRIC_REPRESENTATION_CONTEXT() REPRESENTATION_CONTEXT('2D SPACE',''
  ) );
#1967 = PCURVE('',#1830,#1968);
#1968 = DEFINITIONAL_REPRESENTATION('',(#1969),#1973);
#1969 = LINE('',#1970,#1971);
#1970 = CARTESIAN_POINT('',(-6.28318530718,0.));
#1971 = VECTOR('',#1972,1.);
#1972 = DIRECTION('',(-0.,-1.));
#1973 = ( GEOMETRIC_REPRESENTATION_CONTEXT(2) 
PARAMETRIC_REPRESENTATION_CONTEXT() REPRESENTATION_CONTEXT('2D SPACE',''
  ) );
#1974 = ORIENTED_EDGE('',*,*,#1813,.T.);
#1975 = ORIENTED_EDGE('',*,*,#1954,.F.);
#1976 = ORIENTED_EDGE('',*,*,#1920,.F.);
#1977 = ( GEOMETRIC_REPRESENTATION_CONTEXT(3) 
GLOBAL_UNCERTAINTY_ASSIGNED_CONTEXT((#1981)) 
GLOBAL_UNIT_ASSIGNED_CONTEXT((#1978,#1979,#1980)) REPRESENTATION_CONTEXT
('Context #1','3D Context with UNIT and UNCERTAINTY') );
#1978 = ( LENGTH_UNIT() NAMED_UNIT(*) SI_UNIT(.MILLI.,.METRE.) );
#1979 = ( NAMED_UNIT(*) PLANE_ANGLE_UNIT() SI_UNIT($,.RADIAN.) );
#1980 = ( NAMED_UNIT(*) SI_UNIT($,.STERADIAN.) SOLID_ANGLE_UNIT() );
#1981 = UNCERTAINTY_MEASURE_WITH_UNIT(LENGTH_MEASURE(1.E-07),#1978,
  'distance_accuracy_value','confusion accuracy');
#1982 = CONTEXT_DEPENDENT_SHAPE_REPRESENTATION(#1983,#1985);
#1983 = ( REPRESENTATION_RELATIONSHIP('','',#1562,#10) 
REPRESENTATION_RELATIONSHIP_WITH_TRANSFORMATION(#1984) 
SHAPE_REPRESENTATION_RELATIONSHIP() );
#1984 = ITEM_DEFINED_TRANSFORMATION('','',#11,#39);
#1985 = PRODUCT_DEFINITION_SHAPE('Placement','Placement of an item',
  #1986);
#1986 = NEXT_ASSEMBLY_USAGE_OCCURRENCE('61','coil_y','',#5,#1557,$);
#1987 = PRODUCT_RELATED_PRODUCT_CATEGORY('part',$,(#1559));
#1988 = SHAPE_DEFINITION_REPRESENTATION(#1989,#1995);
#1989 = PRODUCT_DEFINITION_SHAPE('','',#1990);
#1990 = PRODUCT_DEFINITION('design','',#1991,#1994);
#1991 = PRODUCT_DEFINITION_FORMATION('','',#1992);
#1992 = PRODUCT('carrier_flange','carrier_flange','',(#1993));
#1993 = PRODUCT_CONTEXT('',#2,'mechanical');
#1994 = PRODUCT_DEFINITION_CONTEXT('part definition',#2,'design');
#1995 = ADVANCED_BREP_SHAPE_REPRESENTATION('',(#11,#1996),#2178);
#1996 = MANIFOLD_SOLID_BREP('',#1997);
#1997 = CLOSED_SHELL('',(#1998,#2086,#2121,#2151));
#1998 = ADVANCED_FACE('',(#1999),#2012,.T.);
#1999 = FACE_BOUND('',#2000,.T.);
#2000 = EDGE_LOOP('',(#2001,#2035,#2058,#2085));
#2001 = ORIENTED_EDGE('',*,*,#2002,.F.);
#2002 = EDGE_CURVE('',#2003,#2003,#2005,.T.);
#2003 = VERTEX_POINT('',#2004);
#2004 = CARTESIAN_POINT('',(9.43,-2.309683863192E-15,32.515340128026));
#2005 = SURFACE_CURVE('',#2006,(#2011,#2023),.PCURVE_S1.);
#2006 = CIRCLE('',#2007,9.43);
#2007 = AXIS2_PLACEMENT_3D('',#2008,#2009,#2010);
#2008 = CARTESIAN_POINT('',(0.,0.,32.515340128026));
#2009 = DIRECTION('',(0.,0.,1.));
#2010 = DIRECTION('',(1.,0.,-0.));
#2011 = PCURVE('',#2012,#2017);
#2012 = CYLINDRICAL_SURFACE('',#2013,9.43);
#2013 = AXIS2_PLACEMENT_3D('',#2014,#2015,#2016);
#2014 = CARTESIAN_POINT('',(0.,0.,31.015340128026));
#2015 = DIRECTION('',(0.,0.,1.));
#2016 = DIRECTION('',(1.,0.,-0.));
#2017 = DEFINITIONAL_REPRESENTATION('',(#2018),#2022);
#2018 = LINE('',#2019,#2020);
#2019 = CARTESIAN_POINT('',(0.,1.5));
#2020 = VECTOR('',#2021,1.);
#2021 = DIRECTION('',(1.,0.));
#2022 = ( GEOMETRIC_REPRESENTATION_CONTEXT(2) 
PARAMETRIC_REPRESENTATION_CONTEXT() REPRESENTATION_CONTEXT('2D SPACE',''
  ) );
#2023 = PCURVE('',#2024,#2029);
#2024 = PLANE('',#2025);
#2025 = AXIS2_PLACEMENT_3D('',#2026,#2027,#2028);
#2026 = CARTESIAN_POINT('',(0.,0.,32.515340128026));
#2027 = DIRECTION('',(0.,0.,1.));
#2028 = DIRECTION('',(1.,0.,-0.));
#2029 = DEFINITIONAL_REPRESENTATION('',(#2030),#2034);
#2030 = CIRCLE('',#2031,9.43);
#2031 = AXIS2_PLACEMENT_2D('',#2032,#2033);
#2032 = CARTESIAN_POINT('',(0.,0.));
#2033 = DIRECTION('',(1.,0.));
#2034 = ( GEOMETRIC_REPRESENTATION_CONTEXT(2) 
PARAMETRIC_REPRESENTATION_CONTEXT() REPRESENTATION_CONTEXT('2D SPACE',''
  ) );
#2035 = ORIENTED_EDGE('',*,*,#2036,.F.);
#2036 = EDGE_CURVE('',#2037,#2003,#2039,.T.);
#2037 = VERTEX_POINT('',#2038);
#2038 = CARTESIAN_POINT('',(9.43,-2.309683863192E-15,31.015340128026));
#2039 = SEAM_CURVE('',#2040,(#2044,#2051),.PCURVE_S1.);
#2040 = LINE('',#2041,#2042);
#2041 = CARTESIAN_POINT('',(9.43,-2.309683863192E-15,31.015340128026));
#2042 = VECTOR('',#2043,1.);
#2043 = DIRECTION('',(0.,0.,1.));
#2044 = PCURVE('',#2012,#2045);
#2045 = DEFINITIONAL_REPRESENTATION('',(#2046),#2050);
#2046 = LINE('',#2047,#2048);
#2047 = CARTESIAN_POINT('',(6.28318530718,-0.));
#2048 = VECTOR('',#2049,1.);
#2049 = DIRECTION('',(0.,1.));
#2050 = ( GEOMETRIC_REPRESENTATION_CONTEXT(2) 
PARAMETRIC_REPRESENTATION_CONTEXT() REPRESENTATION_CONTEXT('2D SPACE',''
  ) );
#2051 = PCURVE('',#2012,#2052);
#2052 = DEFINITIONAL_REPRESENTATION('',(#2053),#2057);
#2053 = LINE('',#2054,#2055);
#2054 = CARTESIAN_POINT('',(0.,-0.));
#2055 = VECTOR('',#2056,1.);
#2056 = DIRECTION('',(0.,1.));
#2057 = ( GEOMETRIC_REPRESENTATION_CONTEXT(2) 
PARAMETRIC_REPRESENTATION_CONTEXT() REPRESENTATION_CONTEXT('2D SPACE',''
  ) );
#2058 = ORIENTED_EDGE('',*,*,#2059,.T.);
#2059 = EDGE_CURVE('',#2037,#2037,#2060,.T.);
#2060 = SURFACE_CURVE('',#2061,(#2066,#2073),.PCURVE_S1.);
#2061 = CIRCLE('',#2062,9.43);
#2062 = AXIS2_PLACEMENT_3D('',#2063,#2064,#2065);
#2063 = CARTESIAN_POINT('',(0.,0.,31.015340128026));
#2064 = DIRECTION('',(0.,0.,1.));
#2065 = DIRECTION('',(1.,0.,-0.));
#2066 = PCURVE('',#2012,#2067);
#2067 = DEFINITIONAL_REPRESENTATION('',(#2068),#2072);
#2068 = LINE('',#2069,#2070);
#2069 = CARTESIAN_POINT('',(0.,0.));
#2070 = VECTOR('',#2071,1.);
#2071 = DIRECTION('',(1.,0.));
#2072 = ( GEOMETRIC_REPRESENTATION_CONTEXT(2) 
PARAMETRIC_REPRESENTATION_CONTEXT() REPRESENTATION_CONTEXT('2D SPACE',''
  ) );
#2073 = PCURVE('',#2074,#2079);
#2074 = PLANE('',#2075);
#2075 = AXIS2_PLACEMENT_3D('',#2076,#2077,#2078);
#2076 = CARTESIAN_POINT('',(0.,0.,31.015340128026));
#2077 = DIRECTION('',(0.,0.,1.));
#2078 = DIRECTION('',(1.,0.,-0.));
#2079 = DEFINITIONAL_REPRESENTATION('',(#2080),#2084);
#2080 = CIRCLE('',#2081,9.43);
#2081 = AXIS2_PLACEMENT_2D('',#2082,#2083);
#2082 = CARTESIAN_POINT('',(0.,0.));
#2083 = DIRECTION('',(1.,0.));
#2084 = ( GEOMETRIC_REPRESENTATION_CONTEXT(2) 
PARAMETRIC_REPRESENTATION_CONTEXT() REPRESENTATION_CONTEXT('2D SPACE',''
  ) );
#2085 = ORIENTED_EDGE('',*,*,#2036,.T.);
#2086 = ADVANCED_FACE('',(#2087,#2090),#2024,.T.);
#2087 = FACE_BOUND('',#2088,.T.);
#2088 = EDGE_LOOP('',(#2089));
#2089 = ORIENTED_EDGE('',*,*,#2002,.T.);
#2090 = FACE_BOUND('',#2091,.T.);
#2091 = EDGE_LOOP('',(#2092));
#2092 = ORIENTED_EDGE('',*,*,#2093,.F.);
#2093 = EDGE_CURVE('',#2094,#2094,#2096,.T.);
#2094 = VERTEX_POINT('',#2095);
#2095 = CARTESIAN_POINT('',(1.3,-3.184081677783E-16,32.515340128026));
#2096 = SURFACE_CURVE('',#2097,(#2102,#2109),.PCURVE_S1.);
#2097 = CIRCLE('',#2098,1.3);
#2098 = AXIS2_PLACEMENT_3D('',#2099,#2100,#2101);
#2099 = CARTESIAN_POINT('',(0.,0.,32.515340128026));
#2100 = DIRECTION('',(0.,0.,1.));
#2101 = DIRECTION('',(1.,0.,-0.));
#2102 = PCURVE('',#2024,#2103);
#2103 = DEFINITIONAL_REPRESENTATION('',(#2104),#2108);
#2104 = CIRCLE('',#2105,1.3);
#2105 = AXIS2_PLACEMENT_2D('',#2106,#2107);
#2106 = CARTESIAN_POINT('',(0.,0.));
#2107 = DIRECTION('',(1.,0.));
#2108 = ( GEOMETRIC_REPRESENTATION_CONTEXT(2) 
PARAMETRIC_REPRESENTATION_CONTEXT() REPRESENTATION_CONTEXT('2D SPACE',''
  ) );
#2109 = PCURVE('',#2110,#2115);
#2110 = CYLINDRICAL_SURFACE('',#2111,1.3);
#2111 = AXIS2_PLACEMENT_3D('',#2112,#2113,#2114);
#2112 = CARTESIAN_POINT('',(0.,0.,31.015340128026));
#2113 = DIRECTION('',(0.,0.,1.));
#2114 = DIRECTION('',(1.,0.,-0.));
#2115 = DEFINITIONAL_REPRESENTATION('',(#2116),#2120);
#2116 = LINE('',#2117,#2118);
#2117 = CARTESIAN_POINT('',(0.,1.5));
#2118 = VECTOR('',#2119,1.);
#2119 = DIRECTION('',(1.,0.));
#2120 = ( GEOMETRIC_REPRESENTATION_CONTEXT(2) 
PARAMETRIC_REPRESENTATION_CONTEXT() REPRESENTATION_CONTEXT('2D SPACE',''
  ) );
#2121 = ADVANCED_FACE('',(#2122,#2125),#2074,.F.);
#2122 = FACE_BOUND('',#2123,.F.);
#2123 = EDGE_LOOP('',(#2124));
#2124 = ORIENTED_EDGE('',*,*,#2059,.T.);
#2125 = FACE_BOUND('',#2126,.F.);
#2126 = EDGE_LOOP('',(#2127));
#2127 = ORIENTED_EDGE('',*,*,#2128,.F.);
#2128 = EDGE_CURVE('',#2129,#2129,#2131,.T.);
#2129 = VERTEX_POINT('',#2130);
#2130 = CARTESIAN_POINT('',(1.3,-3.184081677783E-16,31.015340128026));
#2131 = SURFACE_CURVE('',#2132,(#2137,#2144),.PCURVE_S1.);
#2132 = CIRCLE('',#2133,1.3);
#2133 = AXIS2_PLACEMENT_3D('',#2134,#2135,#2136);
#2134 = CARTESIAN_POINT('',(0.,0.,31.015340128026));
#2135 = DIRECTION('',(0.,0.,1.));
#2136 = DIRECTION('',(1.,0.,-0.));
#2137 = PCURVE('',#2074,#2138);
#2138 = DEFINITIONAL_REPRESENTATION('',(#2139),#2143);
#2139 = CIRCLE('',#2140,1.3);
#2140 = AXIS2_PLACEMENT_2D('',#2141,#2142);
#2141 = CARTESIAN_POINT('',(0.,0.));
#2142 = DIRECTION('',(1.,0.));
#2143 = ( GEOMETRIC_REPRESENTATION_CONTEXT(2) 
PARAMETRIC_REPRESENTATION_CONTEXT() REPRESENTATION_CONTEXT('2D SPACE',''
  ) );
#2144 = PCURVE('',#2110,#2145);
#2145 = DEFINITIONAL_REPRESENTATION('',(#2146),#2150);
#2146 = LINE('',#2147,#2148);
#2147 = CARTESIAN_POINT('',(0.,0.));
#2148 = VECTOR('',#2149,1.);
#2149 = DIRECTION('',(1.,0.));
#2150 = ( GEOMETRIC_REPRESENTATION_CONTEXT(2) 
PARAMETRIC_REPRESENTATION_CONTEXT() REPRESENTATION_CONTEXT('2D SPACE',''
  ) );
#2151 = ADVANCED_FACE('',(#2152),#2110,.F.);
#2152 = FACE_BOUND('',#2153,.F.);
#2153 = EDGE_LOOP('',(#2154,#2155,#2176,#2177));
#2154 = ORIENTED_EDGE('',*,*,#2093,.F.);
#2155 = ORIENTED_EDGE('',*,*,#2156,.F.);
#2156 = EDGE_CURVE('',#2129,#2094,#2157,.T.);
#2157 = SEAM_CURVE('',#2158,(#2162,#2169),.PCURVE_S1.);
#2158 = LINE('',#2159,#2160);
#2159 = CARTESIAN_POINT('',(1.3,-3.184081677783E-16,31.015340128026));
#2160 = VECTOR('',#2161,1.);
#2161 = DIRECTION('',(0.,0.,1.));
#2162 = PCURVE('',#2110,#2163);
#2163 = DEFINITIONAL_REPRESENTATION('',(#2164),#2168);
#2164 = LINE('',#2165,#2166);
#2165 = CARTESIAN_POINT('',(6.28318530718,-0.));
#2166 = VECTOR('',#2167,1.);
#2167 = DIRECTION('',(0.,1.));
#2168 = ( GEOMETRIC_REPRESENTATION_CONTEXT(2) 
PARAMETRIC_REPRESENTATION_CONTEXT() REPRESENTATION_CONTEXT('2D SPACE',''
  ) );
#2169 = PCURVE('',#2110,#2170);
#2170 = DEFINITIONAL_REPRESENTATION('',(#2171),#2175);
#2171 = LINE('',#2172,#2173);
#2172 = CARTESIAN_POINT('',(0.,-0.));
#2173 = VECTOR('',#2174,1.);
#2174 = DIRECTION('',(0.,1.));
#2175 = ( GEOMETRIC_REPRESENTATION_CONTEXT(2) 
PARAMETRIC_REPRESENTATION_CONTEXT() REPRESENTATION_CONTEXT('2D SPACE',''
  ) );
#2176 = ORIENTED_EDGE('',*,*,#2128,.T.);
#2177 = ORIENTED_EDGE('',*,*,#2156,.T.);
#2178 = ( GEOMETRIC_REPRESENTATION_CONTEXT(3) 
GLOBAL_UNCERTAINTY_ASSIGNED_CONTEXT((#2182)) 
GLOBAL_UNIT_ASSIGNED_CONTEXT((#2179,#2180,#2181)) REPRESENTATION_CONTEXT
('Context #1','3D Context with UNIT and UNCERTAINTY') );
#2179 = ( LENGTH_UNIT() NAMED_UNIT(*) SI_UNIT(.MILLI.,.METRE.) );
#2180 = ( NAMED_UNIT(*) PLANE_ANGLE_UNIT() SI_UNIT($,.RADIAN.) );
#2181 = ( NAMED_UNIT(*) SI_UNIT($,.STERADIAN.) SOLID_ANGLE_UNIT() );
#2182 = UNCERTAINTY_MEASURE_WITH_UNIT(LENGTH_MEASURE(1.E-07),#2179,
  'distance_accuracy_value','confusion accuracy');
#2183 = CONTEXT_DEPENDENT_SHAPE_REPRESENTATION(#2184,#2186);
#2184 = ( REPRESENTATION_RELATIONSHIP('','',#1995,#10) 
REPRESENTATION_RELATIONSHIP_WITH_TRANSFORMATION(#2185) 
SHAPE_REPRESENTATION_RELATIONSHIP() );
#2185 = ITEM_DEFINED_TRANSFORMATION('','',#11,#43);
#2186 = PRODUCT_DEFINITION_SHAPE('Placement','Placement of an item',
  #2187);
#2187 = NEXT_ASSEMBLY_USAGE_OCCURRENCE('62','carrier_flange','',#5,#1990
  ,$);
#2188 = PRODUCT_RELATED_PRODUCT_CATEGORY('part',$,(#1992));
#2189 = SHAPE_DEFINITION_REPRESENTATION(#2190,#2196);
#2190 = PRODUCT_DEFINITION_SHAPE('','',#2191);
#2191 = PRODUCT_DEFINITION('design','',#2192,#2195);
#2192 = PRODUCT_DEFINITION_FORMATION('','',#2193);
#2193 = PRODUCT('position_magnet','position_magnet','',(#2194));
#2194 = PRODUCT_CONTEXT('',#2,'mechanical');
#2195 = PRODUCT_DEFINITION_CONTEXT('part definition',#2,'design');
#2196 = ADVANCED_BREP_SHAPE_REPRESENTATION('',(#11,#2197),#2527);
#2197 = MANIFOLD_SOLID_BREP('',#2198);
#2198 = CLOSED_SHELL('',(#2199,#2319,#2419,#2466,#2513,#2520));
#2199 = ADVANCED_FACE('',(#2200),#2214,.F.);
#2200 = FACE_BOUND('',#2201,.F.);
#2201 = EDGE_LOOP('',(#2202,#2237,#2265,#2293));
#2202 = ORIENTED_EDGE('',*,*,#2203,.F.);
#2203 = EDGE_CURVE('',#2204,#2206,#2208,.T.);
#2204 = VERTEX_POINT('',#2205);
#2205 = CARTESIAN_POINT('',(4.,-0.5,32.515340128026));
#2206 = VERTEX_POINT('',#2207);
#2207 = CARTESIAN_POINT('',(4.,-0.5,33.515340128026));
#2208 = SURFACE_CURVE('',#2209,(#2213,#2225),.PCURVE_S1.);
#2209 = LINE('',#2210,#2211);
#2210 = CARTESIAN_POINT('',(4.,-0.5,32.515340128026));
#2211 = VECTOR('',#2212,1.);
#2212 = DIRECTION('',(0.,0.,1.));
#2213 = PCURVE('',#2214,#2219);
#2214 = PLANE('',#2215);
#2215 = AXIS2_PLACEMENT_3D('',#2216,#2217,#2218);
#2216 = CARTESIAN_POINT('',(4.,-0.5,32.515340128026));
#2217 = DIRECTION('',(1.,0.,0.));
#2218 = DIRECTION('',(0.,0.,1.));
#2219 = DEFINITIONAL_REPRESENTATION('',(#2220),#2224);
#2220 = LINE('',#2221,#2222);
#2221 = CARTESIAN_POINT('',(0.,0.));
#2222 = VECTOR('',#2223,1.);
#2223 = DIRECTION('',(1.,0.));
#2224 = ( GEOMETRIC_REPRESENTATION_CONTEXT(2) 
PARAMETRIC_REPRESENTATION_CONTEXT() REPRESENTATION_CONTEXT('2D SPACE',''
  ) );
#2225 = PCURVE('',#2226,#2231);
#2226 = PLANE('',#2227);
#2227 = AXIS2_PLACEMENT_3D('',#2228,#2229,#2230);
#2228 = CARTESIAN_POINT('',(4.,-0.5,32.515340128026));
#2229 = DIRECTION('',(0.,1.,0.));
#2230 = DIRECTION('',(0.,0.,1.));
#2231 = DEFINITIONAL_REPRESENTATION('',(#2232),#2236);
#2232 = LINE('',#2233,#2234);
#2233 = CARTESIAN_POINT('',(0.,0.));
#2234 = VECTOR('',#2235,1.);
#2235 = DIRECTION('',(1.,0.));
#2236 = ( GEOMETRIC_REPRESENTATION_CONTEXT(2) 
PARAMETRIC_REPRESENTATION_CONTEXT() REPRESENTATION_CONTEXT('2D SPACE',''
  ) );
#2237 = ORIENTED_EDGE('',*,*,#2238,.T.);
#2238 = EDGE_CURVE('',#2204,#2239,#2241,.T.);
#2239 = VERTEX_POINT('',#2240);
#2240 = CARTESIAN_POINT('',(4.,0.5,32.515340128026));
#2241 = SURFACE_CURVE('',#2242,(#2246,#2253),.PCURVE_S1.);
#2242 = LINE('',#2243,#2244);
#2243 = CARTESIAN_POINT('',(4.,-0.5,32.515340128026));
#2244 = VECTOR('',#2245,1.);
#2245 = DIRECTION('',(0.,1.,0.));
#2246 = PCURVE('',#2214,#2247);
#2247 = DEFINITIONAL_REPRESENTATION('',(#2248),#2252);
#2248 = LINE('',#2249,#2250);
#2249 = CARTESIAN_POINT('',(0.,0.));
#2250 = VECTOR('',#2251,1.);
#2251 = DIRECTION('',(0.,-1.));
#2252 = ( GEOMETRIC_REPRESENTATION_CONTEXT(2) 
PARAMETRIC_REPRESENTATION_CONTEXT() REPRESENTATION_CONTEXT('2D SPACE',''
  ) );
#2253 = PCURVE('',#2254,#2259);
#2254 = PLANE('',#2255);
#2255 = AXIS2_PLACEMENT_3D('',#2256,#2257,#2258);
#2256 = CARTESIAN_POINT('',(4.,-0.5,32.515340128026));
#2257 = DIRECTION('',(0.,0.,1.));
#2258 = DIRECTION('',(1.,0.,0.));
#2259 = DEFINITIONAL_REPRESENTATION('',(#2260),#2264);
#2260 = LINE('',#2261,#2262);
#2261 = CARTESIAN_POINT('',(0.,0.));
#2262 = VECTOR('',#2263,1.);
#2263 = DIRECTION('',(0.,1.));
#2264 = ( GEOMETRIC_REPRESENTATION_CONTEXT(2) 
PARAMETRIC_REPRESENTATION_CONTEXT() REPRESENTATION_CONTEXT('2D SPACE',''
  ) );
#2265 = ORIENTED_EDGE('',*,*,#2266,.T.);
#2266 = EDGE_CURVE('',#2239,#2267,#2269,.T.);
#2267 = VERTEX_POINT('',#2268);
#2268 = CARTESIAN_POINT('',(4.,0.5,33.515340128026));
#2269 = SURFACE_CURVE('',#2270,(#2274,#2281),.PCURVE_S1.);
#2270 = LINE('',#2271,#2272);
#2271 = CARTESIAN_POINT('',(4.,0.5,32.515340128026));
#2272 = VECTOR('',#2273,1.);
#2273 = DIRECTION('',(0.,0.,1.));
#2274 = PCURVE('',#2214,#2275);
#2275 = DEFINITIONAL_REPRESENTATION('',(#2276),#2280);
#2276 = LINE('',#2277,#2278);
#2277 = CARTESIAN_POINT('',(0.,-1.));
#2278 = VECTOR('',#2279,1.);
#2279 = DIRECTION('',(1.,0.));
#2280 = ( GEOMETRIC_REPRESENTATION_CONTEXT(2) 
PARAMETRIC_REPRESENTATION_CONTEXT() REPRESENTATION_CONTEXT('2D SPACE',''
  ) );
#2281 = PCURVE('',#2282,#2287);
#2282 = PLANE('',#2283);
#2283 = AXIS2_PLACEMENT_3D('',#2284,#2285,#2286);
#2284 = CARTESIAN_POINT('',(4.,0.5,32.515340128026));
#2285 = DIRECTION('',(0.,1.,0.));
#2286 = DIRECTION('',(0.,0.,1.));
#2287 = DEFINITIONAL_REPRESENTATION('',(#2288),#2292);
#2288 = LINE('',#2289,#2290);
#2289 = CARTESIAN_POINT('',(0.,0.));
#2290 = VECTOR('',#2291,1.);
#2291 = DIRECTION('',(1.,0.));
#2292 = ( GEOMETRIC_REPRESENTATION_CONTEXT(2) 
PARAMETRIC_REPRESENTATION_CONTEXT() REPRESENTATION_CONTEXT('2D SPACE',''
  ) );
#2293 = ORIENTED_EDGE('',*,*,#2294,.F.);
#2294 = EDGE_CURVE('',#2206,#2267,#2295,.T.);
#2295 = SURFACE_CURVE('',#2296,(#2300,#2307),.PCURVE_S1.);
#2296 = LINE('',#2297,#2298);
#2297 = CARTESIAN_POINT('',(4.,-0.5,33.515340128026));
#2298 = VECTOR('',#2299,1.);
#2299 = DIRECTION('',(0.,1.,0.));
#2300 = PCURVE('',#2214,#2301);
#2301 = DEFINITIONAL_REPRESENTATION('',(#2302),#2306);
#2302 = LINE('',#2303,#2304);
#2303 = CARTESIAN_POINT('',(1.,0.));
#2304 = VECTOR('',#2305,1.);
#2305 = DIRECTION('',(0.,-1.));
#2306 = ( GEOMETRIC_REPRESENTATION_CONTEXT(2) 
PARAMETRIC_REPRESENTATION_CONTEXT() REPRESENTATION_CONTEXT('2D SPACE',''
  ) );
#2307 = PCURVE('',#2308,#2313);
#2308 = PLANE('',#2309);
#2309 = AXIS2_PLACEMENT_3D('',#2310,#2311,#2312);
#2310 = CARTESIAN_POINT('',(4.,-0.5,33.515340128026));
#2311 = DIRECTION('',(0.,0.,1.));
#2312 = DIRECTION('',(1.,0.,0.));
#2313 = DEFINITIONAL_REPRESENTATION('',(#2314),#2318);
#2314 = LINE('',#2315,#2316);
#2315 = CARTESIAN_POINT('',(0.,0.));
#2316 = VECTOR('',#2317,1.);
#2317 = DIRECTION('',(0.,1.));
#2318 = ( GEOMETRIC_REPRESENTATION_CONTEXT(2) 
PARAMETRIC_REPRESENTATION_CONTEXT() REPRESENTATION_CONTEXT('2D SPACE',''
  ) );
#2319 = ADVANCED_FACE('',(#2320),#2334,.T.);
#2320 = FACE_BOUND('',#2321,.T.);
#2321 = EDGE_LOOP('',(#2322,#2352,#2375,#2398));
#2322 = ORIENTED_EDGE('',*,*,#2323,.F.);
#2323 = EDGE_CURVE('',#2324,#2326,#2328,.T.);
#2324 = VERTEX_POINT('',#2325);
#2325 = CARTESIAN_POINT('',(5.,-0.5,32.515340128026));
#2326 = VERTEX_POINT('',#2327);
#2327 = CARTESIAN_POINT('',(5.,-0.5,33.515340128026));
#2328 = SURFACE_CURVE('',#2329,(#2333,#2345),.PCURVE_S1.);
#2329 = LINE('',#2330,#2331);
#2330 = CARTESIAN_POINT('',(5.,-0.5,32.515340128026));
#2331 = VECTOR('',#2332,1.);
#2332 = DIRECTION('',(0.,0.,1.));
#2333 = PCURVE('',#2334,#2339);
#2334 = PLANE('',#2335);
#2335 = AXIS2_PLACEMENT_3D('',#2336,#2337,#2338);
#2336 = CARTESIAN_POINT('',(5.,-0.5,32.515340128026));
#2337 = DIRECTION('',(1.,0.,0.));
#2338 = DIRECTION('',(0.,0.,1.));
#2339 = DEFINITIONAL_REPRESENTATION('',(#2340),#2344);
#2340 = LINE('',#2341,#2342);
#2341 = CARTESIAN_POINT('',(0.,0.));
#2342 = VECTOR('',#2343,1.);
#2343 = DIRECTION('',(1.,0.));
#2344 = ( GEOMETRIC_REPRESENTATION_CONTEXT(2) 
PARAMETRIC_REPRESENTATION_CONTEXT() REPRESENTATION_CONTEXT('2D SPACE',''
  ) );
#2345 = PCURVE('',#2226,#2346);
#2346 = DEFINITIONAL_REPRESENTATION('',(#2347),#2351);
#2347 = LINE('',#2348,#2349);
#2348 = CARTESIAN_POINT('',(0.,1.));
#2349 = VECTOR('',#2350,1.);
#2350 = DIRECTION('',(1.,0.));
#2351 = ( GEOMETRIC_REPRESENTATION_CONTEXT(2) 
PARAMETRIC_REPRESENTATION_CONTEXT() REPRESENTATION_CONTEXT('2D SPACE',''
  ) );
#2352 = ORIENTED_EDGE('',*,*,#2353,.T.);
#2353 = EDGE_CURVE('',#2324,#2354,#2356,.T.);
#2354 = VERTEX_POINT('',#2355);
#2355 = CARTESIAN_POINT('',(5.,0.5,32.515340128026));
#2356 = SURFACE_CURVE('',#2357,(#2361,#2368),.PCURVE_S1.);
#2357 = LINE('',#2358,#2359);
#2358 = CARTESIAN_POINT('',(5.,-0.5,32.515340128026));
#2359 = VECTOR('',#2360,1.);
#2360 = DIRECTION('',(0.,1.,0.));
#2361 = PCURVE('',#2334,#2362);
#2362 = DEFINITIONAL_REPRESENTATION('',(#2363),#2367);
#2363 = LINE('',#2364,#2365);
#2364 = CARTESIAN_POINT('',(0.,0.));
#2365 = VECTOR('',#2366,1.);
#2366 = DIRECTION('',(0.,-1.));
#2367 = ( GEOMETRIC_REPRESENTATION_CONTEXT(2) 
PARAMETRIC_REPRESENTATION_CONTEXT() REPRESENTATION_CONTEXT('2D SPACE',''
  ) );
#2368 = PCURVE('',#2254,#2369);
#2369 = DEFINITIONAL_REPRESENTATION('',(#2370),#2374);
#2370 = LINE('',#2371,#2372);
#2371 = CARTESIAN_POINT('',(1.,0.));
#2372 = VECTOR('',#2373,1.);
#2373 = DIRECTION('',(0.,1.));
#2374 = ( GEOMETRIC_REPRESENTATION_CONTEXT(2) 
PARAMETRIC_REPRESENTATION_CONTEXT() REPRESENTATION_CONTEXT('2D SPACE',''
  ) );
#2375 = ORIENTED_EDGE('',*,*,#2376,.T.);
#2376 = EDGE_CURVE('',#2354,#2377,#2379,.T.);
#2377 = VERTEX_POINT('',#2378);
#2378 = CARTESIAN_POINT('',(5.,0.5,33.515340128026));
#2379 = SURFACE_CURVE('',#2380,(#2384,#2391),.PCURVE_S1.);
#2380 = LINE('',#2381,#2382);
#2381 = CARTESIAN_POINT('',(5.,0.5,32.515340128026));
#2382 = VECTOR('',#2383,1.);
#2383 = DIRECTION('',(0.,0.,1.));
#2384 = PCURVE('',#2334,#2385);
#2385 = DEFINITIONAL_REPRESENTATION('',(#2386),#2390);
#2386 = LINE('',#2387,#2388);
#2387 = CARTESIAN_POINT('',(0.,-1.));
#2388 = VECTOR('',#2389,1.);
#2389 = DIRECTION('',(1.,0.));
#2390 = ( GEOMETRIC_REPRESENTATION_CONTEXT(2) 
PARAMETRIC_REPRESENTATION_CONTEXT() REPRESENTATION_CONTEXT('2D SPACE',''
  ) );
#2391 = PCURVE('',#2282,#2392);
#2392 = DEFINITIONAL_REPRESENTATION('',(#2393),#2397);
#2393 = LINE('',#2394,#2395);
#2394 = CARTESIAN_POINT('',(0.,1.));
#2395 = VECTOR('',#2396,1.);
#2396 = DIRECTION('',(1.,0.));
#2397 = ( GEOMETRIC_REPRESENTATION_CONTEXT(2) 
PARAMETRIC_REPRESENTATION_CONTEXT() REPRESENTATION_CONTEXT('2D SPACE',''
  ) );
#2398 = ORIENTED_EDGE('',*,*,#2399,.F.);
#2399 = EDGE_CURVE('',#2326,#2377,#2400,.T.);
#2400 = SURFACE_CURVE('',#2401,(#2405,#2412),.PCURVE_S1.);
#2401 = LINE('',#2402,#2403);
#2402 = CARTESIAN_POINT('',(5.,-0.5,33.515340128026));
#2403 = VECTOR('',#2404,1.);
#2404 = DIRECTION('',(0.,1.,0.));
#2405 = PCURVE('',#2334,#2406);
#2406 = DEFINITIONAL_REPRESENTATION('',(#2407),#2411);
#2407 = LINE('',#2408,#2409);
#2408 = CARTESIAN_POINT('',(1.,0.));
#2409 = VECTOR('',#2410,1.);
#2410 = DIRECTION('',(0.,-1.));
#2411 = ( GEOMETRIC_REPRESENTATION_CONTEXT(2) 
PARAMETRIC_REPRESENTATION_CONTEXT() REPRESENTATION_CONTEXT('2D SPACE',''
  ) );
#2412 = PCURVE('',#2308,#2413);
#2413 = DEFINITIONAL_REPRESENTATION('',(#2414),#2418);
#2414 = LINE('',#2415,#2416);
#2415 = CARTESIAN_POINT('',(1.,0.));
#2416 = VECTOR('',#2417,1.);
#2417 = DIRECTION('',(0.,1.));
#2418 = ( GEOMETRIC_REPRESENTATION_CONTEXT(2) 
PARAMETRIC_REPRESENTATION_CONTEXT() REPRESENTATION_CONTEXT('2D SPACE',''
  ) );
#2419 = ADVANCED_FACE('',(#2420),#2226,.F.);
#2420 = FACE_BOUND('',#2421,.F.);
#2421 = EDGE_LOOP('',(#2422,#2443,#2444,#2465));
#2422 = ORIENTED_EDGE('',*,*,#2423,.F.);
#2423 = EDGE_CURVE('',#2204,#2324,#2424,.T.);
#2424 = SURFACE_CURVE('',#2425,(#2429,#2436),.PCURVE_S1.);
#2425 = LINE('',#2426,#2427);
#2426 = CARTESIAN_POINT('',(4.,-0.5,32.515340128026));
#2427 = VECTOR('',#2428,1.);
#2428 = DIRECTION('',(1.,0.,0.));
#2429 = PCURVE('',#2226,#2430);
#2430 = DEFINITIONAL_REPRESENTATION('',(#2431),#2435);
#2431 = LINE('',#2432,#2433);
#2432 = CARTESIAN_POINT('',(0.,0.));
#2433 = VECTOR('',#2434,1.);
#2434 = DIRECTION('',(0.,1.));
#2435 = ( GEOMETRIC_REPRESENTATION_CONTEXT(2) 
PARAMETRIC_REPRESENTATION_CONTEXT() REPRESENTATION_CONTEXT('2D SPACE',''
  ) );
#2436 = PCURVE('',#2254,#2437);
#2437 = DEFINITIONAL_REPRESENTATION('',(#2438),#2442);
#2438 = LINE('',#2439,#2440);
#2439 = CARTESIAN_POINT('',(0.,0.));
#2440 = VECTOR('',#2441,1.);
#2441 = DIRECTION('',(1.,0.));
#2442 = ( GEOMETRIC_REPRESENTATION_CONTEXT(2) 
PARAMETRIC_REPRESENTATION_CONTEXT() REPRESENTATION_CONTEXT('2D SPACE',''
  ) );
#2443 = ORIENTED_EDGE('',*,*,#2203,.T.);
#2444 = ORIENTED_EDGE('',*,*,#2445,.T.);
#2445 = EDGE_CURVE('',#2206,#2326,#2446,.T.);
#2446 = SURFACE_CURVE('',#2447,(#2451,#2458),.PCURVE_S1.);
#2447 = LINE('',#2448,#2449);
#2448 = CARTESIAN_POINT('',(4.,-0.5,33.515340128026));
#2449 = VECTOR('',#2450,1.);
#2450 = DIRECTION('',(1.,0.,0.));
#2451 = PCURVE('',#2226,#2452);
#2452 = DEFINITIONAL_REPRESENTATION('',(#2453),#2457);
#2453 = LINE('',#2454,#2455);
#2454 = CARTESIAN_POINT('',(1.,0.));
#2455 = VECTOR('',#2456,1.);
#2456 = DIRECTION('',(0.,1.));
#2457 = ( GEOMETRIC_REPRESENTATION_CONTEXT(2) 
PARAMETRIC_REPRESENTATION_CONTEXT() REPRESENTATION_CONTEXT('2D SPACE',''
  ) );
#2458 = PCURVE('',#2308,#2459);
#2459 = DEFINITIONAL_REPRESENTATION('',(#2460),#2464);
#2460 = LINE('',#2461,#2462);
#2461 = CARTESIAN_POINT('',(0.,0.));
#2462 = VECTOR('',#2463,1.);
#2463 = DIRECTION('',(1.,0.));
#2464 = ( GEOMETRIC_REPRESENTATION_CONTEXT(2) 
PARAMETRIC_REPRESENTATION_CONTEXT() REPRESENTATION_CONTEXT('2D SPACE',''
  ) );
#2465 = ORIENTED_EDGE('',*,*,#2323,.F.);
#2466 = ADVANCED_FACE('',(#2467),#2282,.T.);
#2467 = FACE_BOUND('',#2468,.T.);
#2468 = EDGE_LOOP('',(#2469,#2490,#2491,#2512));
#2469 = ORIENTED_EDGE('',*,*,#2470,.F.);
#2470 = EDGE_CURVE('',#2239,#2354,#2471,.T.);
#2471 = SURFACE_CURVE('',#2472,(#2476,#2483),.PCURVE_S1.);
#2472 = LINE('',#2473,#2474);
#2473 = CARTESIAN_POINT('',(4.,0.5,32.515340128026));
#2474 = VECTOR('',#2475,1.);
#2475 = DIRECTION('',(1.,0.,0.));
#2476 = PCURVE('',#2282,#2477);
#2477 = DEFINITIONAL_REPRESENTATION('',(#2478),#2482);
#2478 = LINE('',#2479,#2480);
#2479 = CARTESIAN_POINT('',(0.,0.));
#2480 = VECTOR('',#2481,1.);
#2481 = DIRECTION('',(0.,1.));
#2482 = ( GEOMETRIC_REPRESENTATION_CONTEXT(2) 
PARAMETRIC_REPRESENTATION_CONTEXT() REPRESENTATION_CONTEXT('2D SPACE',''
  ) );
#2483 = PCURVE('',#2254,#2484);
#2484 = DEFINITIONAL_REPRESENTATION('',(#2485),#2489);
#2485 = LINE('',#2486,#2487);
#2486 = CARTESIAN_POINT('',(0.,1.));
#2487 = VECTOR('',#2488,1.);
#2488 = DIRECTION('',(1.,0.));
#2489 = ( GEOMETRIC_REPRESENTATION_CONTEXT(2) 
PARAMETRIC_REPRESENTATION_CONTEXT() REPRESENTATION_CONTEXT('2D SPACE',''
  ) );
#2490 = ORIENTED_EDGE('',*,*,#2266,.T.);
#2491 = ORIENTED_EDGE('',*,*,#2492,.T.);
#2492 = EDGE_CURVE('',#2267,#2377,#2493,.T.);
#2493 = SURFACE_CURVE('',#2494,(#2498,#2505),.PCURVE_S1.);
#2494 = LINE('',#2495,#2496);
#2495 = CARTESIAN_POINT('',(4.,0.5,33.515340128026));
#2496 = VECTOR('',#2497,1.);
#2497 = DIRECTION('',(1.,0.,0.));
#2498 = PCURVE('',#2282,#2499);
#2499 = DEFINITIONAL_REPRESENTATION('',(#2500),#2504);
#2500 = LINE('',#2501,#2502);
#2501 = CARTESIAN_POINT('',(1.,0.));
#2502 = VECTOR('',#2503,1.);
#2503 = DIRECTION('',(0.,1.));
#2504 = ( GEOMETRIC_REPRESENTATION_CONTEXT(2) 
PARAMETRIC_REPRESENTATION_CONTEXT() REPRESENTATION_CONTEXT('2D SPACE',''
  ) );
#2505 = PCURVE('',#2308,#2506);
#2506 = DEFINITIONAL_REPRESENTATION('',(#2507),#2511);
#2507 = LINE('',#2508,#2509);
#2508 = CARTESIAN_POINT('',(0.,1.));
#2509 = VECTOR('',#2510,1.);
#2510 = DIRECTION('',(1.,0.));
#2511 = ( GEOMETRIC_REPRESENTATION_CONTEXT(2) 
PARAMETRIC_REPRESENTATION_CONTEXT() REPRESENTATION_CONTEXT('2D SPACE',''
  ) );
#2512 = ORIENTED_EDGE('',*,*,#2376,.F.);
#2513 = ADVANCED_FACE('',(#2514),#2254,.F.);
#2514 = FACE_BOUND('',#2515,.F.);
#2515 = EDGE_LOOP('',(#2516,#2517,#2518,#2519));
#2516 = ORIENTED_EDGE('',*,*,#2238,.F.);
#2517 = ORIENTED_EDGE('',*,*,#2423,.T.);
#2518 = ORIENTED_EDGE('',*,*,#2353,.T.);
#2519 = ORIENTED_EDGE('',*,*,#2470,.F.);
#2520 = ADVANCED_FACE('',(#2521),#2308,.T.);
#2521 = FACE_BOUND('',#2522,.T.);
#2522 = EDGE_LOOP('',(#2523,#2524,#2525,#2526));
#2523 = ORIENTED_EDGE('',*,*,#2294,.F.);
#2524 = ORIENTED_EDGE('',*,*,#2445,.T.);
#2525 = ORIENTED_EDGE('',*,*,#2399,.T.);
#2526 = ORIENTED_EDGE('',*,*,#2492,.F.);
#2527 = ( GEOMETRIC_REPRESENTATION_CONTEXT(3) 
GLOBAL_UNCERTAINTY_ASSIGNED_CONTEXT((#2531)) 
GLOBAL_UNIT_ASSIGNED_CONTEXT((#2528,#2529,#2530)) REPRESENTATION_CONTEXT
('Context #1','3D Context with UNIT and UNCERTAINTY') );
#2528 = ( LENGTH_UNIT() NAMED_UNIT(*) SI_UNIT(.MILLI.,.METRE.) );
#2529 = ( NAMED_UNIT(*) PLANE_ANGLE_UNIT() SI_UNIT($,.RADIAN.) );
#2530 = ( NAMED_UNIT(*) SI_UNIT($,.STERADIAN.) SOLID_ANGLE_UNIT() );
#2531 = UNCERTAINTY_MEASURE_WITH_UNIT(LENGTH_MEASURE(1.E-07),#2528,
  'distance_accuracy_value','confusion accuracy');
#2532 = CONTEXT_DEPENDENT_SHAPE_REPRESENTATION(#2533,#2535);
#2533 = ( REPRESENTATION_RELATIONSHIP('','',#2196,#10) 
REPRESENTATION_RELATIONSHIP_WITH_TRANSFORMATION(#2534) 
SHAPE_REPRESENTATION_RELATIONSHIP() );
#2534 = ITEM_DEFINED_TRANSFORMATION('','',#11,#47);
#2535 = PRODUCT_DEFINITION_SHAPE('Placement','Placement of an item',
  #2536);
#2536 = NEXT_ASSEMBLY_USAGE_OCCURRENCE('63','position_magnet','',#5,
  #2191,$);
#2537 = PRODUCT_RELATED_PRODUCT_CATEGORY('part',$,(#2193));
#2538 = SHAPE_DEFINITION_REPRESENTATION(#2539,#2545);
#2539 = PRODUCT_DEFINITION_SHAPE('','',#2540);
#2540 = PRODUCT_DEFINITION('design','',#2541,#2544);
#2541 = PRODUCT_DEFINITION_FORMATION('','',#2542);
#2542 = PRODUCT('back_plate','back_plate','',(#2543));
#2543 = PRODUCT_CONTEXT('',#2,'mechanical');
#2544 = PRODUCT_DEFINITION_CONTEXT('part definition',#2,'design');
#2545 = ADVANCED_BREP_SHAPE_REPRESENTATION('',(#11,#2546),#2728);
#2546 = MANIFOLD_SOLID_BREP('',#2547);
#2547 = CLOSED_SHELL('',(#2548,#2636,#2671,#2701));
#2548 = ADVANCED_FACE('',(#2549),#2562,.T.);
#2549 = FACE_BOUND('',#2550,.T.);
#2550 = EDGE_LOOP('',(#2551,#2585,#2608,#2635));
#2551 = ORIENTED_EDGE('',*,*,#2552,.F.);
#2552 = EDGE_CURVE('',#2553,#2553,#2555,.T.);
#2553 = VERTEX_POINT('',#2554);
#2554 = CARTESIAN_POINT('',(10.699858578644,-2.620709511933E-15,22.9));
#2555 = SURFACE_CURVE('',#2556,(#2561,#2573),.PCURVE_S1.);
#2556 = CIRCLE('',#2557,10.699858578644);
#2557 = AXIS2_PLACEMENT_3D('',#2558,#2559,#2560);
#2558 = CARTESIAN_POINT('',(0.,0.,22.9));
#2559 = DIRECTION('',(0.,0.,1.));
#2560 = DIRECTION('',(1.,0.,-0.));
#2561 = PCURVE('',#2562,#2567);
#2562 = CYLINDRICAL_SURFACE('',#2563,10.699858578644);
#2563 = AXIS2_PLACEMENT_3D('',#2564,#2565,#2566);
#2564 = CARTESIAN_POINT('',(0.,0.,21.434659871974));
#2565 = DIRECTION('',(0.,0.,1.));
#2566 = DIRECTION('',(1.,0.,-0.));
#2567 = DEFINITIONAL_REPRESENTATION('',(#2568),#2572);
#2568 = LINE('',#2569,#2570);
#2569 = CARTESIAN_POINT('',(0.,1.465340128026));
#2570 = VECTOR('',#2571,1.);
#2571 = DIRECTION('',(1.,0.));
#2572 = ( GEOMETRIC_REPRESENTATION_CONTEXT(2) 
PARAMETRIC_REPRESENTATION_CONTEXT() REPRESENTATION_CONTEXT('2D SPACE',''
  ) );
#2573 = PCURVE('',#2574,#2579);
#2574 = PLANE('',#2575);
#2575 = AXIS2_PLACEMENT_3D('',#2576,#2577,#2578);
#2576 = CARTESIAN_POINT('',(0.,0.,22.9));
#2577 = DIRECTION('',(0.,0.,1.));
#2578 = DIRECTION('',(1.,0.,-0.));
#2579 = DEFINITIONAL_REPRESENTATION('',(#2580),#2584);
#2580 = CIRCLE('',#2581,10.699858578644);
#2581 = AXIS2_PLACEMENT_2D('',#2582,#2583);
#2582 = CARTESIAN_POINT('',(0.,0.));
#2583 = DIRECTION('',(1.,0.));
#2584 = ( GEOMETRIC_REPRESENTATION_CONTEXT(2) 
PARAMETRIC_REPRESENTATION_CONTEXT() REPRESENTATION_CONTEXT('2D SPACE',''
  ) );
#2585 = ORIENTED_EDGE('',*,*,#2586,.F.);
#2586 = EDGE_CURVE('',#2587,#2553,#2589,.T.);
#2587 = VERTEX_POINT('',#2588);
#2588 = CARTESIAN_POINT('',(10.699858578644,-2.620709511933E-15,
    21.434659871974));
#2589 = SEAM_CURVE('',#2590,(#2594,#2601),.PCURVE_S1.);
#2590 = LINE('',#2591,#2592);
#2591 = CARTESIAN_POINT('',(10.699858578644,-2.620709511933E-15,
    21.434659871974));
#2592 = VECTOR('',#2593,1.);
#2593 = DIRECTION('',(0.,0.,1.));
#2594 = PCURVE('',#2562,#2595);
#2595 = DEFINITIONAL_REPRESENTATION('',(#2596),#2600);
#2596 = LINE('',#2597,#2598);
#2597 = CARTESIAN_POINT('',(6.28318530718,-0.));
#2598 = VECTOR('',#2599,1.);
#2599 = DIRECTION('',(0.,1.));
#2600 = ( GEOMETRIC_REPRESENTATION_CONTEXT(2) 
PARAMETRIC_REPRESENTATION_CONTEXT() REPRESENTATION_CONTEXT('2D SPACE',''
  ) );
#2601 = PCURVE('',#2562,#2602);
#2602 = DEFINITIONAL_REPRESENTATION('',(#2603),#2607);
#2603 = LINE('',#2604,#2605);
#2604 = CARTESIAN_POINT('',(0.,-0.));
#2605 = VECTOR('',#2606,1.);
#2606 = DIRECTION('',(0.,1.));
#2607 = ( GEOMETRIC_REPRESENTATION_CONTEXT(2) 
PARAMETRIC_REPRESENTATION_CONTEXT() REPRESENTATION_CONTEXT('2D SPACE',''
  ) );
#2608 = ORIENTED_EDGE('',*,*,#2609,.T.);
#2609 = EDGE_CURVE('',#2587,#2587,#2610,.T.);
#2610 = SURFACE_CURVE('',#2611,(#2616,#2623),.PCURVE_S1.);
#2611 = CIRCLE('',#2612,10.699858578644);
#2612 = AXIS2_PLACEMENT_3D('',#2613,#2614,#2615);
#2613 = CARTESIAN_POINT('',(0.,0.,21.434659871974));
#2614 = DIRECTION('',(0.,0.,1.));
#2615 = DIRECTION('',(1.,0.,-0.));
#2616 = PCURVE('',#2562,#2617);
#2617 = DEFINITIONAL_REPRESENTATION('',(#2618),#2622);
#2618 = LINE('',#2619,#2620);
#2619 = CARTESIAN_POINT('',(0.,0.));
#2620 = VECTOR('',#2621,1.);
#2621 = DIRECTION('',(1.,0.));
#2622 = ( GEOMETRIC_REPRESENTATION_CONTEXT(2) 
PARAMETRIC_REPRESENTATION_CONTEXT() REPRESENTATION_CONTEXT('2D SPACE',''
  ) );
#2623 = PCURVE('',#2624,#2629);
#2624 = PLANE('',#2625);
#2625 = AXIS2_PLACEMENT_3D('',#2626,#2627,#2628);
#2626 = CARTESIAN_POINT('',(0.,0.,21.434659871974));
#2627 = DIRECTION('',(0.,0.,1.));
#2628 = DIRECTION('',(1.,0.,-0.));
#2629 = DEFINITIONAL_REPRESENTATION('',(#2630),#2634);
#2630 = CIRCLE('',#2631,10.699858578644);
#2631 = AXIS2_PLACEMENT_2D('',#2632,#2633);
#2632 = CARTESIAN_POINT('',(0.,0.));
#2633 = DIRECTION('',(1.,0.));
#2634 = ( GEOMETRIC_REPRESENTATION_CONTEXT(2) 
PARAMETRIC_REPRESENTATION_CONTEXT() REPRESENTATION_CONTEXT('2D SPACE',''
  ) );
#2635 = ORIENTED_EDGE('',*,*,#2586,.T.);
#2636 = ADVANCED_FACE('',(#2637,#2640),#2574,.T.);
#2637 = FACE_BOUND('',#2638,.T.);
#2638 = EDGE_LOOP('',(#2639));
#2639 = ORIENTED_EDGE('',*,*,#2552,.T.);
#2640 = FACE_BOUND('',#2641,.T.);
#2641 = EDGE_LOOP('',(#2642));
#2642 = ORIENTED_EDGE('',*,*,#2643,.F.);
#2643 = EDGE_CURVE('',#2644,#2644,#2646,.T.);
#2644 = VERTEX_POINT('',#2645);
#2645 = CARTESIAN_POINT('',(3.158695965882,-7.736573808194E-16,22.9));
#2646 = SURFACE_CURVE('',#2647,(#2652,#2659),.PCURVE_S1.);
#2647 = CIRCLE('',#2648,3.158695965882);
#2648 = AXIS2_PLACEMENT_3D('',#2649,#2650,#2651);
#2649 = CARTESIAN_POINT('',(0.,0.,22.9));
#2650 = DIRECTION('',(0.,0.,1.));
#2651 = DIRECTION('',(1.,0.,-0.));
#2652 = PCURVE('',#2574,#2653);
#2653 = DEFINITIONAL_REPRESENTATION('',(#2654),#2658);
#2654 = CIRCLE('',#2655,3.158695965882);
#2655 = AXIS2_PLACEMENT_2D('',#2656,#2657);
#2656 = CARTESIAN_POINT('',(0.,0.));
#2657 = DIRECTION('',(1.,0.));
#2658 = ( GEOMETRIC_REPRESENTATION_CONTEXT(2) 
PARAMETRIC_REPRESENTATION_CONTEXT() REPRESENTATION_CONTEXT('2D SPACE',''
  ) );
#2659 = PCURVE('',#2660,#2665);
#2660 = CYLINDRICAL_SURFACE('',#2661,3.158695965882);
#2661 = AXIS2_PLACEMENT_3D('',#2662,#2663,#2664);
#2662 = CARTESIAN_POINT('',(0.,0.,21.434659871974));
#2663 = DIRECTION('',(0.,0.,1.));
#2664 = DIRECTION('',(1.,0.,-0.));
#2665 = DEFINITIONAL_REPRESENTATION('',(#2666),#2670);
#2666 = LINE('',#2667,#2668);
#2667 = CARTESIAN_POINT('',(0.,1.465340128026));
#2668 = VECTOR('',#2669,1.);
#2669 = DIRECTION('',(1.,0.));
#2670 = ( GEOMETRIC_REPRESENTATION_CONTEXT(2) 
PARAMETRIC_REPRESENTATION_CONTEXT() REPRESENTATION_CONTEXT('2D SPACE',''
  ) );
#2671 = ADVANCED_FACE('',(#2672,#2675),#2624,.F.);
#2672 = FACE_BOUND('',#2673,.F.);
#2673 = EDGE_LOOP('',(#2674));
#2674 = ORIENTED_EDGE('',*,*,#2609,.T.);
#2675 = FACE_BOUND('',#2676,.F.);
#2676 = EDGE_LOOP('',(#2677));
#2677 = ORIENTED_EDGE('',*,*,#2678,.F.);
#2678 = EDGE_CURVE('',#2679,#2679,#2681,.T.);
#2679 = VERTEX_POINT('',#2680);
#2680 = CARTESIAN_POINT('',(3.158695965882,-7.736573808194E-16,
    21.434659871974));
#2681 = SURFACE_CURVE('',#2682,(#2687,#2694),.PCURVE_S1.);
#2682 = CIRCLE('',#2683,3.158695965882);
#2683 = AXIS2_PLACEMENT_3D('',#2684,#2685,#2686);
#2684 = CARTESIAN_POINT('',(0.,0.,21.434659871974));
#2685 = DIRECTION('',(0.,0.,1.));
#2686 = DIRECTION('',(1.,0.,-0.));
#2687 = PCURVE('',#2624,#2688);
#2688 = DEFINITIONAL_REPRESENTATION('',(#2689),#2693);
#2689 = CIRCLE('',#2690,3.158695965882);
#2690 = AXIS2_PLACEMENT_2D('',#2691,#2692);
#2691 = CARTESIAN_POINT('',(0.,0.));
#2692 = DIRECTION('',(1.,0.));
#2693 = ( GEOMETRIC_REPRESENTATION_CONTEXT(2) 
PARAMETRIC_REPRESENTATION_CONTEXT() REPRESENTATION_CONTEXT('2D SPACE',''
  ) );
#2694 = PCURVE('',#2660,#2695);
#2695 = DEFINITIONAL_REPRESENTATION('',(#2696),#2700);
#2696 = LINE('',#2697,#2698);
#2697 = CARTESIAN_POINT('',(0.,0.));
#2698 = VECTOR('',#2699,1.);
#2699 = DIRECTION('',(1.,0.));
#2700 = ( GEOMETRIC_REPRESENTATION_CONTEXT(2) 
PARAMETRIC_REPRESENTATION_CONTEXT() REPRESENTATION_CONTEXT('2D SPACE',''
  ) );
#2701 = ADVANCED_FACE('',(#2702),#2660,.F.);
#2702 = FACE_BOUND('',#2703,.F.);
#2703 = EDGE_LOOP('',(#2704,#2705,#2726,#2727));
#2704 = ORIENTED_EDGE('',*,*,#2643,.F.);
#2705 = ORIENTED_EDGE('',*,*,#2706,.F.);
#2706 = EDGE_CURVE('',#2679,#2644,#2707,.T.);
#2707 = SEAM_CURVE('',#2708,(#2712,#2719),.PCURVE_S1.);
#2708 = LINE('',#2709,#2710);
#2709 = CARTESIAN_POINT('',(3.158695965882,-7.736573808194E-16,
    21.434659871974));
#2710 = VECTOR('',#2711,1.);
#2711 = DIRECTION('',(0.,0.,1.));
#2712 = PCURVE('',#2660,#2713);
#2713 = DEFINITIONAL_REPRESENTATION('',(#2714),#2718);
#2714 = LINE('',#2715,#2716);
#2715 = CARTESIAN_POINT('',(6.28318530718,-0.));
#2716 = VECTOR('',#2717,1.);
#2717 = DIRECTION('',(0.,1.));
#2718 = ( GEOMETRIC_REPRESENTATION_CONTEXT(2) 
PARAMETRIC_REPRESENTATION_CONTEXT() REPRESENTATION_CONTEXT('2D SPACE',''
  ) );
#2719 = PCURVE('',#2660,#2720);
#2720 = DEFINITIONAL_REPRESENTATION('',(#2721),#2725);
#2721 = LINE('',#2722,#2723);
#2722 = CARTESIAN_POINT('',(0.,-0.));
#2723 = VECTOR('',#2724,1.);
#2724 = DIRECTION('',(0.,1.));
#2725 = ( GEOMETRIC_REPRESENTATION_CONTEXT(2) 
PARAMETRIC_REPRESENTATION_CONTEXT() REPRESENTATION_CONTEXT('2D SPACE',''
  ) );
#2726 = ORIENTED_EDGE('',*,*,#2678,.T.);
#2727 = ORIENTED_EDGE('',*,*,#2706,.T.);
#2728 = ( GEOMETRIC_REPRESENTATION_CONTEXT(3) 
GLOBAL_UNCERTAINTY_ASSIGNED_CONTEXT((#2732)) 
GLOBAL_UNIT_ASSIGNED_CONTEXT((#2729,#2730,#2731)) REPRESENTATION_CONTEXT
('Context #1','3D Context with UNIT and UNCERTAINTY') );
#2729 = ( LENGTH_UNIT() NAMED_UNIT(*) SI_UNIT(.MILLI.,.METRE.) );
#2730 = ( NAMED_UNIT(*) PLANE_ANGLE_UNIT() SI_UNIT($,.RADIAN.) );
#2731 = ( NAMED_UNIT(*) SI_UNIT($,.STERADIAN.) SOLID_ANGLE_UNIT() );
#2732 = UNCERTAINTY_MEASURE_WITH_UNIT(LENGTH_MEASURE(1.E-07),#2729,
  'distance_accuracy_value','confusion accuracy');
#2733 = CONTEXT_DEPENDENT_SHAPE_REPRESENTATION(#2734,#2736);
#2734 = ( REPRESENTATION_RELATIONSHIP('','',#2545,#10) 
REPRESENTATION_RELATIONSHIP_WITH_TRANSFORMATION(#2735) 
SHAPE_REPRESENTATION_RELATIONSHIP() );
#2735 = ITEM_DEFINED_TRANSFORMATION('','',#11,#51);
#2736 = PRODUCT_DEFINITION_SHAPE('Placement','Placement of an item',
  #2737);
#2737 = NEXT_ASSEMBLY_USAGE_OCCURRENCE('64','back_plate','',#5,#2540,$);
#2738 = PRODUCT_RELATED_PRODUCT_CATEGORY('part',$,(#2542));
#2739 = SHAPE_DEFINITION_REPRESENTATION(#2740,#2746);
#2740 = PRODUCT_DEFINITION_SHAPE('','',#2741);
#2741 = PRODUCT_DEFINITION('design','',#2742,#2745);
#2742 = PRODUCT_DEFINITION_FORMATION('','',#2743);
#2743 = PRODUCT('pole_magnet_1','pole_magnet_1','',(#2744));
#2744 = PRODUCT_CONTEXT('',#2,'mechanical');
#2745 = PRODUCT_DEFINITION_CONTEXT('part definition',#2,'design');
#2746 = ADVANCED_BREP_SHAPE_REPRESENTATION('',(#11,#2747),#3077);
#2747 = MANIFOLD_SOLID_BREP('',#2748);
#2748 = CLOSED_SHELL('',(#2749,#2869,#2969,#3016,#3063,#3070));
#2749 = ADVANCED_FACE('',(#2750),#2764,.F.);
#2750 = FACE_BOUND('',#2751,.F.);
#2751 = EDGE_LOOP('',(#2752,#2787,#2815,#2843));
#2752 = ORIENTED_EDGE('',*,*,#2753,.F.);
#2753 = EDGE_CURVE('',#2754,#2756,#2758,.T.);
#2754 = VERTEX_POINT('',#2755);
#2755 = CARTESIAN_POINT('',(2.233535337182,2.233535337182,22.9));
#2756 = VERTEX_POINT('',#2757);
#2757 = CARTESIAN_POINT('',(2.233535337182,2.233535337182,26.4));
#2758 = SURFACE_CURVE('',#2759,(#2763,#2775),.PCURVE_S1.);
#2759 = LINE('',#2760,#2761);
#2760 = CARTESIAN_POINT('',(2.233535337182,2.233535337182,22.9));
#2761 = VECTOR('',#2762,1.);
#2762 = DIRECTION('',(0.,0.,1.));
#2763 = PCURVE('',#2764,#2769);
#2764 = PLANE('',#2765);
#2765 = AXIS2_PLACEMENT_3D('',#2766,#2767,#2768);
#2766 = CARTESIAN_POINT('',(2.233535337182,2.233535337182,22.9));
#2767 = DIRECTION('',(1.,0.,0.));
#2768 = DIRECTION('',(0.,0.,1.));
#2769 = DEFINITIONAL_REPRESENTATION('',(#2770),#2774);
#2770 = LINE('',#2771,#2772);
#2771 = CARTESIAN_POINT('',(0.,0.));
#2772 = VECTOR('',#2773,1.);
#2773 = DIRECTION('',(1.,0.));
#2774 = ( GEOMETRIC_REPRESENTATION_CONTEXT(2) 
PARAMETRIC_REPRESENTATION_CONTEXT() REPRESENTATION_CONTEXT('2D SPACE',''
  ) );
#2775 = PCURVE('',#2776,#2781);
#2776 = PLANE('',#2777);
#2777 = AXIS2_PLACEMENT_3D('',#2778,#2779,#2780);
#2778 = CARTESIAN_POINT('',(2.233535337182,2.233535337182,22.9));
#2779 = DIRECTION('',(0.,1.,0.));
#2780 = DIRECTION('',(0.,0.,1.));
#2781 = DEFINITIONAL_REPRESENTATION('',(#2782),#2786);
#2782 = LINE('',#2783,#2784);
#2783 = CARTESIAN_POINT('',(0.,0.));
#2784 = VECTOR('',#2785,1.);
#2785 = DIRECTION('',(1.,0.));
#2786 = ( GEOMETRIC_REPRESENTATION_CONTEXT(2) 
PARAMETRIC_REPRESENTATION_CONTEXT() REPRESENTATION_CONTEXT('2D SPACE',''
  ) );
#2787 = ORIENTED_EDGE('',*,*,#2788,.T.);
#2788 = EDGE_CURVE('',#2754,#2789,#2791,.T.);
#2789 = VERTEX_POINT('',#2790);
#2790 = CARTESIAN_POINT('',(2.233535337182,7.35381052434,22.9));
#2791 = SURFACE_CURVE('',#2792,(#2796,#2803),.PCURVE_S1.);
#2792 = LINE('',#2793,#2794);
#2793 = CARTESIAN_POINT('',(2.233535337182,2.233535337182,22.9));
#2794 = VECTOR('',#2795,1.);
#2795 = DIRECTION('',(0.,1.,0.));
#2796 = PCURVE('',#2764,#2797);
#2797 = DEFINITIONAL_REPRESENTATION('',(#2798),#2802);
#2798 = LINE('',#2799,#2800);
#2799 = CARTESIAN_POINT('',(0.,0.));
#2800 = VECTOR('',#2801,1.);
#2801 = DIRECTION('',(0.,-1.));
#2802 = ( GEOMETRIC_REPRESENTATION_CONTEXT(2) 
PARAMETRIC_REPRESENTATION_CONTEXT() REPRESENTATION_CONTEXT('2D SPACE',''
  ) );
#2803 = PCURVE('',#2804,#2809);
#2804 = PLANE('',#2805);
#2805 = AXIS2_PLACEMENT_3D('',#2806,#2807,#2808);
#2806 = CARTESIAN_POINT('',(2.233535337182,2.233535337182,22.9));
#2807 = DIRECTION('',(0.,0.,1.));
#2808 = DIRECTION('',(1.,0.,0.));
#2809 = DEFINITIONAL_REPRESENTATION('',(#2810),#2814);
#2810 = LINE('',#2811,#2812);
#2811 = CARTESIAN_POINT('',(0.,0.));
#2812 = VECTOR('',#2813,1.);
#2813 = DIRECTION('',(0.,1.));
#2814 = ( GEOMETRIC_REPRESENTATION_CONTEXT(2) 
PARAMETRIC_REPRESENTATION_CONTEXT() REPRESENTATION_CONTEXT('2D SPACE',''
  ) );
#2815 = ORIENTED_EDGE('',*,*,#2816,.T.);
#2816 = EDGE_CURVE('',#2789,#2817,#2819,.T.);
#2817 = VERTEX_POINT('',#2818);
#2818 = CARTESIAN_POINT('',(2.233535337182,7.35381052434,26.4));
#2819 = SURFACE_CURVE('',#2820,(#2824,#2831),.PCURVE_S1.);
#2820 = LINE('',#2821,#2822);
#2821 = CARTESIAN_POINT('',(2.233535337182,7.35381052434,22.9));
#2822 = VECTOR('',#2823,1.);
#2823 = DIRECTION('',(0.,0.,1.));
#2824 = PCURVE('',#2764,#2825);
#2825 = DEFINITIONAL_REPRESENTATION('',(#2826),#2830);
#2826 = LINE('',#2827,#2828);
#2827 = CARTESIAN_POINT('',(0.,-5.120275187158));
#2828 = VECTOR('',#2829,1.);
#2829 = DIRECTION('',(1.,0.));
#2830 = ( GEOMETRIC_REPRESENTATION_CONTEXT(2) 
PARAMETRIC_REPRESENTATION_CONTEXT() REPRESENTATION_CONTEXT('2D SPACE',''
  ) );
#2831 = PCURVE('',#2832,#2837);
#2832 = PLANE('',#2833);
#2833 = AXIS2_PLACEMENT_3D('',#2834,#2835,#2836);
#2834 = CARTESIAN_POINT('',(2.233535337182,7.35381052434,22.9));
#2835 = DIRECTION('',(0.,1.,0.));
#2836 = DIRECTION('',(0.,0.,1.));
#2837 = DEFINITIONAL_REPRESENTATION('',(#2838),#2842);
#2838 = LINE('',#2839,#2840);
#2839 = CARTESIAN_POINT('',(0.,0.));
#2840 = VECTOR('',#2841,1.);
#2841 = DIRECTION('',(1.,0.));
#2842 = ( GEOMETRIC_REPRESENTATION_CONTEXT(2) 
PARAMETRIC_REPRESENTATION_CONTEXT() REPRESENTATION_CONTEXT('2D SPACE',''
  ) );
#2843 = ORIENTED_EDGE('',*,*,#2844,.F.);
#2844 = EDGE_CURVE('',#2756,#2817,#2845,.T.);
#2845 = SURFACE_CURVE('',#2846,(#2850,#2857),.PCURVE_S1.);
#2846 = LINE('',#2847,#2848);
#2847 = CARTESIAN_POINT('',(2.233535337182,2.233535337182,26.4));
#2848 = VECTOR('',#2849,1.);
#2849 = DIRECTION('',(0.,1.,0.));
#2850 = PCURVE('',#2764,#2851);
#2851 = DEFINITIONAL_REPRESENTATION('',(#2852),#2856);
#2852 = LINE('',#2853,#2854);
#2853 = CARTESIAN_POINT('',(3.5,0.));
#2854 = VECTOR('',#2855,1.);
#2855 = DIRECTION('',(0.,-1.));
#2856 = ( GEOMETRIC_REPRESENTATION_CONTEXT(2) 
PARAMETRIC_REPRESENTATION_CONTEXT() REPRESENTATION_CONTEXT('2D SPACE',''
  ) );
#2857 = PCURVE('',#2858,#2863);
#2858 = PLANE('',#2859);
#2859 = AXIS2_PLACEMENT_3D('',#2860,#2861,#2862);
#2860 = CARTESIAN_POINT('',(2.233535337182,2.233535337182,26.4));
#2861 = DIRECTION('',(0.,0.,1.));
#2862 = DIRECTION('',(1.,0.,0.));
#2863 = DEFINITIONAL_REPRESENTATION('',(#2864),#2868);
#2864 = LINE('',#2865,#2866);
#2865 = CARTESIAN_POINT('',(0.,0.));
#2866 = VECTOR('',#2867,1.);
#2867 = DIRECTION('',(0.,1.));
#2868 = ( GEOMETRIC_REPRESENTATION_CONTEXT(2) 
PARAMETRIC_REPRESENTATION_CONTEXT() REPRESENTATION_CONTEXT('2D SPACE',''
  ) );
#2869 = ADVANCED_FACE('',(#2870),#2884,.T.);
#2870 = FACE_BOUND('',#2871,.T.);
#2871 = EDGE_LOOP('',(#2872,#2902,#2925,#2948));
#2872 = ORIENTED_EDGE('',*,*,#2873,.F.);
#2873 = EDGE_CURVE('',#2874,#2876,#2878,.T.);
#2874 = VERTEX_POINT('',#2875);
#2875 = CARTESIAN_POINT('',(7.35381052434,2.233535337182,22.9));
#2876 = VERTEX_POINT('',#2877);
#2877 = CARTESIAN_POINT('',(7.35381052434,2.233535337182,26.4));
#2878 = SURFACE_CURVE('',#2879,(#2883,#2895),.PCURVE_S1.);
#2879 = LINE('',#2880,#2881);
#2880 = CARTESIAN_POINT('',(7.35381052434,2.233535337182,22.9));
#2881 = VECTOR('',#2882,1.);
#2882 = DIRECTION('',(0.,0.,1.));
#2883 = PCURVE('',#2884,#2889);
#2884 = PLANE('',#2885);
#2885 = AXIS2_PLACEMENT_3D('',#2886,#2887,#2888);
#2886 = CARTESIAN_POINT('',(7.35381052434,2.233535337182,22.9));
#2887 = DIRECTION('',(1.,0.,0.));
#2888 = DIRECTION('',(0.,0.,1.));
#2889 = DEFINITIONAL_REPRESENTATION('',(#2890),#2894);
#2890 = LINE('',#2891,#2892);
#2891 = CARTESIAN_POINT('',(0.,0.));
#2892 = VECTOR('',#2893,1.);
#2893 = DIRECTION('',(1.,0.));
#2894 = ( GEOMETRIC_REPRESENTATION_CONTEXT(2) 
PARAMETRIC_REPRESENTATION_CONTEXT() REPRESENTATION_CONTEXT('2D SPACE',''
  ) );
#2895 = PCURVE('',#2776,#2896);
#2896 = DEFINITIONAL_REPRESENTATION('',(#2897),#2901);
#2897 = LINE('',#2898,#2899);
#2898 = CARTESIAN_POINT('',(0.,5.120275187158));
#2899 = VECTOR('',#2900,1.);
#2900 = DIRECTION('',(1.,0.));
#2901 = ( GEOMETRIC_REPRESENTATION_CONTEXT(2) 
PARAMETRIC_REPRESENTATION_CONTEXT() REPRESENTATION_CONTEXT('2D SPACE',''
  ) );
#2902 = ORIENTED_EDGE('',*,*,#2903,.T.);
#2903 = EDGE_CURVE('',#2874,#2904,#2906,.T.);
#2904 = VERTEX_POINT('',#2905);
#2905 = CARTESIAN_POINT('',(7.35381052434,7.35381052434,22.9));
#2906 = SURFACE_CURVE('',#2907,(#2911,#2918),.PCURVE_S1.);
#2907 = LINE('',#2908,#2909);
#2908 = CARTESIAN_POINT('',(7.35381052434,2.233535337182,22.9));
#2909 = VECTOR('',#2910,1.);
#2910 = DIRECTION('',(0.,1.,0.));
#2911 = PCURVE('',#2884,#2912);
#2912 = DEFINITIONAL_REPRESENTATION('',(#2913),#2917);
#2913 = LINE('',#2914,#2915);
#2914 = CARTESIAN_POINT('',(0.,0.));
#2915 = VECTOR('',#2916,1.);
#2916 = DIRECTION('',(0.,-1.));
#2917 = ( GEOMETRIC_REPRESENTATION_CONTEXT(2) 
PARAMETRIC_REPRESENTATION_CONTEXT() REPRESENTATION_CONTEXT('2D SPACE',''
  ) );
#2918 = PCURVE('',#2804,#2919);
#2919 = DEFINITIONAL_REPRESENTATION('',(#2920),#2924);
#2920 = LINE('',#2921,#2922);
#2921 = CARTESIAN_POINT('',(5.120275187158,0.));
#2922 = VECTOR('',#2923,1.);
#2923 = DIRECTION('',(0.,1.));
#2924 = ( GEOMETRIC_REPRESENTATION_CONTEXT(2) 
PARAMETRIC_REPRESENTATION_CONTEXT() REPRESENTATION_CONTEXT('2D SPACE',''
  ) );
#2925 = ORIENTED_EDGE('',*,*,#2926,.T.);
#2926 = EDGE_CURVE('',#2904,#2927,#2929,.T.);
#2927 = VERTEX_POINT('',#2928);
#2928 = CARTESIAN_POINT('',(7.35381052434,7.35381052434,26.4));
#2929 = SURFACE_CURVE('',#2930,(#2934,#2941),.PCURVE_S1.);
#2930 = LINE('',#2931,#2932);
#2931 = CARTESIAN_POINT('',(7.35381052434,7.35381052434,22.9));
#2932 = VECTOR('',#2933,1.);
#2933 = DIRECTION('',(0.,0.,1.));
#2934 = PCURVE('',#2884,#2935);
#2935 = DEFINITIONAL_REPRESENTATION('',(#2936),#2940);
#2936 = LINE('',#2937,#2938);
#2937 = CARTESIAN_POINT('',(0.,-5.120275187158));
#2938 = VECTOR('',#2939,1.);
#2939 = DIRECTION('',(1.,0.));
#2940 = ( GEOMETRIC_REPRESENTATION_CONTEXT(2) 
PARAMETRIC_REPRESENTATION_CONTEXT() REPRESENTATION_CONTEXT('2D SPACE',''
  ) );
#2941 = PCURVE('',#2832,#2942);
#2942 = DEFINITIONAL_REPRESENTATION('',(#2943),#2947);
#2943 = LINE('',#2944,#2945);
#2944 = CARTESIAN_POINT('',(0.,5.120275187158));
#2945 = VECTOR('',#2946,1.);
#2946 = DIRECTION('',(1.,0.));
#2947 = ( GEOMETRIC_REPRESENTATION_CONTEXT(2) 
PARAMETRIC_REPRESENTATION_CONTEXT() REPRESENTATION_CONTEXT('2D SPACE',''
  ) );
#2948 = ORIENTED_EDGE('',*,*,#2949,.F.);
#2949 = EDGE_CURVE('',#2876,#2927,#2950,.T.);
#2950 = SURFACE_CURVE('',#2951,(#2955,#2962),.PCURVE_S1.);
#2951 = LINE('',#2952,#2953);
#2952 = CARTESIAN_POINT('',(7.35381052434,2.233535337182,26.4));
#2953 = VECTOR('',#2954,1.);
#2954 = DIRECTION('',(0.,1.,0.));
#2955 = PCURVE('',#2884,#2956);
#2956 = DEFINITIONAL_REPRESENTATION('',(#2957),#2961);
#2957 = LINE('',#2958,#2959);
#2958 = CARTESIAN_POINT('',(3.5,0.));
#2959 = VECTOR('',#2960,1.);
#2960 = DIRECTION('',(0.,-1.));
#2961 = ( GEOMETRIC_REPRESENTATION_CONTEXT(2) 
PARAMETRIC_REPRESENTATION_CONTEXT() REPRESENTATION_CONTEXT('2D SPACE',''
  ) );
#2962 = PCURVE('',#2858,#2963);
#2963 = DEFINITIONAL_REPRESENTATION('',(#2964),#2968);
#2964 = LINE('',#2965,#2966);
#2965 = CARTESIAN_POINT('',(5.120275187158,0.));
#2966 = VECTOR('',#2967,1.);
#2967 = DIRECTION('',(0.,1.));
#2968 = ( GEOMETRIC_REPRESENTATION_CONTEXT(2) 
PARAMETRIC_REPRESENTATION_CONTEXT() REPRESENTATION_CONTEXT('2D SPACE',''
  ) );
#2969 = ADVANCED_FACE('',(#2970),#2776,.F.);
#2970 = FACE_BOUND('',#2971,.F.);
#2971 = EDGE_LOOP('',(#2972,#2993,#2994,#3015));
#2972 = ORIENTED_EDGE('',*,*,#2973,.F.);
#2973 = EDGE_CURVE('',#2754,#2874,#2974,.T.);
#2974 = SURFACE_CURVE('',#2975,(#2979,#2986),.PCURVE_S1.);
#2975 = LINE('',#2976,#2977);
#2976 = CARTESIAN_POINT('',(2.233535337182,2.233535337182,22.9));
#2977 = VECTOR('',#2978,1.);
#2978 = DIRECTION('',(1.,0.,0.));
#2979 = PCURVE('',#2776,#2980);
#2980 = DEFINITIONAL_REPRESENTATION('',(#2981),#2985);
#2981 = LINE('',#2982,#2983);
#2982 = CARTESIAN_POINT('',(0.,0.));
#2983 = VECTOR('',#2984,1.);
#2984 = DIRECTION('',(0.,1.));
#2985 = ( GEOMETRIC_REPRESENTATION_CONTEXT(2) 
PARAMETRIC_REPRESENTATION_CONTEXT() REPRESENTATION_CONTEXT('2D SPACE',''
  ) );
#2986 = PCURVE('',#2804,#2987);
#2987 = DEFINITIONAL_REPRESENTATION('',(#2988),#2992);
#2988 = LINE('',#2989,#2990);
#2989 = CARTESIAN_POINT('',(0.,0.));
#2990 = VECTOR('',#2991,1.);
#2991 = DIRECTION('',(1.,0.));
#2992 = ( GEOMETRIC_REPRESENTATION_CONTEXT(2) 
PARAMETRIC_REPRESENTATION_CONTEXT() REPRESENTATION_CONTEXT('2D SPACE',''
  ) );
#2993 = ORIENTED_EDGE('',*,*,#2753,.T.);
#2994 = ORIENTED_EDGE('',*,*,#2995,.T.);
#2995 = EDGE_CURVE('',#2756,#2876,#2996,.T.);
#2996 = SURFACE_CURVE('',#2997,(#3001,#3008),.PCURVE_S1.);
#2997 = LINE('',#2998,#2999);
#2998 = CARTESIAN_POINT('',(2.233535337182,2.233535337182,26.4));
#2999 = VECTOR('',#3000,1.);
#3000 = DIRECTION('',(1.,0.,0.));
#3001 = PCURVE('',#2776,#3002);
#3002 = DEFINITIONAL_REPRESENTATION('',(#3003),#3007);
#3003 = LINE('',#3004,#3005);
#3004 = CARTESIAN_POINT('',(3.5,0.));
#3005 = VECTOR('',#3006,1.);
#3006 = DIRECTION('',(0.,1.));
#3007 = ( GEOMETRIC_REPRESENTATION_CONTEXT(2) 
PARAMETRIC_REPRESENTATION_CONTEXT() REPRESENTATION_CONTEXT('2D SPACE',''
  ) );
#3008 = PCURVE('',#2858,#3009);
#3009 = DEFINITIONAL_REPRESENTATION('',(#3010),#3014);
#3010 = LINE('',#3011,#3012);
#3011 = CARTESIAN_POINT('',(0.,0.));
#3012 = VECTOR('',#3013,1.);
#3013 = DIRECTION('',(1.,0.));
#3014 = ( GEOMETRIC_REPRESENTATION_CONTEXT(2) 
PARAMETRIC_REPRESENTATION_CONTEXT() REPRESENTATION_CONTEXT('2D SPACE',''
  ) );
#3015 = ORIENTED_EDGE('',*,*,#2873,.F.);
#3016 = ADVANCED_FACE('',(#3017),#2832,.T.);
#3017 = FACE_BOUND('',#3018,.T.);
#3018 = EDGE_LOOP('',(#3019,#3040,#3041,#3062));
#3019 = ORIENTED_EDGE('',*,*,#3020,.F.);
#3020 = EDGE_CURVE('',#2789,#2904,#3021,.T.);
#3021 = SURFACE_CURVE('',#3022,(#3026,#3033),.PCURVE_S1.);
#3022 = LINE('',#3023,#3024);
#3023 = CARTESIAN_POINT('',(2.233535337182,7.35381052434,22.9));
#3024 = VECTOR('',#3025,1.);
#3025 = DIRECTION('',(1.,0.,0.));
#3026 = PCURVE('',#2832,#3027);
#3027 = DEFINITIONAL_REPRESENTATION('',(#3028),#3032);
#3028 = LINE('',#3029,#3030);
#3029 = CARTESIAN_POINT('',(0.,0.));
#3030 = VECTOR('',#3031,1.);
#3031 = DIRECTION('',(0.,1.));
#3032 = ( GEOMETRIC_REPRESENTATION_CONTEXT(2) 
PARAMETRIC_REPRESENTATION_CONTEXT() REPRESENTATION_CONTEXT('2D SPACE',''
  ) );
#3033 = PCURVE('',#2804,#3034);
#3034 = DEFINITIONAL_REPRESENTATION('',(#3035),#3039);
#3035 = LINE('',#3036,#3037);
#3036 = CARTESIAN_POINT('',(0.,5.120275187158));
#3037 = VECTOR('',#3038,1.);
#3038 = DIRECTION('',(1.,0.));
#3039 = ( GEOMETRIC_REPRESENTATION_CONTEXT(2) 
PARAMETRIC_REPRESENTATION_CONTEXT() REPRESENTATION_CONTEXT('2D SPACE',''
  ) );
#3040 = ORIENTED_EDGE('',*,*,#2816,.T.);
#3041 = ORIENTED_EDGE('',*,*,#3042,.T.);
#3042 = EDGE_CURVE('',#2817,#2927,#3043,.T.);
#3043 = SURFACE_CURVE('',#3044,(#3048,#3055),.PCURVE_S1.);
#3044 = LINE('',#3045,#3046);
#3045 = CARTESIAN_POINT('',(2.233535337182,7.35381052434,26.4));
#3046 = VECTOR('',#3047,1.);
#3047 = DIRECTION('',(1.,0.,0.));
#3048 = PCURVE('',#2832,#3049);
#3049 = DEFINITIONAL_REPRESENTATION('',(#3050),#3054);
#3050 = LINE('',#3051,#3052);
#3051 = CARTESIAN_POINT('',(3.5,0.));
#3052 = VECTOR('',#3053,1.);
#3053 = DIRECTION('',(0.,1.));
#3054 = ( GEOMETRIC_REPRESENTATION_CONTEXT(2) 
PARAMETRIC_REPRESENTATION_CONTEXT() REPRESENTATION_CONTEXT('2D SPACE',''
  ) );
#3055 = PCURVE('',#2858,#3056);
#3056 = DEFINITIONAL_REPRESENTATION('',(#3057),#3061);
#3057 = LINE('',#3058,#3059);
#3058 = CARTESIAN_POINT('',(0.,5.120275187158));
#3059 = VECTOR('',#3060,1.);
#3060 = DIRECTION('',(1.,0.));
#3061 = ( GEOMETRIC_REPRESENTATION_CONTEXT(2) 
PARAMETRIC_REPRESENTATION_CONTEXT() REPRESENTATION_CONTEXT('2D SPACE',''
  ) );
#3062 = ORIENTED_EDGE('',*,*,#2926,.F.);
#3063 = ADVANCED_FACE('',(#3064),#2804,.F.);
#3064 = FACE_BOUND('',#3065,.F.);
#3065 = EDGE_LOOP('',(#3066,#3067,#3068,#3069));
#3066 = ORIENTED_EDGE('',*,*,#2788,.F.);
#3067 = ORIENTED_EDGE('',*,*,#2973,.T.);
#3068 = ORIENTED_EDGE('',*,*,#2903,.T.);
#3069 = ORIENTED_EDGE('',*,*,#3020,.F.);
#3070 = ADVANCED_FACE('',(#3071),#2858,.T.);
#3071 = FACE_BOUND('',#3072,.T.);
#3072 = EDGE_LOOP('',(#3073,#3074,#3075,#3076));
#3073 = ORIENTED_EDGE('',*,*,#2844,.F.);
#3074 = ORIENTED_EDGE('',*,*,#2995,.T.);
#3075 = ORIENTED_EDGE('',*,*,#2949,.T.);
#3076 = ORIENTED_EDGE('',*,*,#3042,.F.);
#3077 = ( GEOMETRIC_REPRESENTATION_CONTEXT(3) 
GLOBAL_UNCERTAINTY_ASSIGNED_CONTEXT((#3081)) 
GLOBAL_UNIT_ASSIGNED_CONTEXT((#3078,#3079,#3080)) REPRESENTATION_CONTEXT
('Context #1','3D Context with UNIT and UNCERTAINTY') );
#3078 = ( LENGTH_UNIT() NAMED_UNIT(*) SI_UNIT(.MILLI.,.METRE.) );
#3079 = ( NAMED_UNIT(*) PLANE_ANGLE_UNIT() SI_UNIT($,.RADIAN.) );
#3080 = ( NAMED_UNIT(*) SI_UNIT($,.STERADIAN.) SOLID_ANGLE_UNIT() );
#3081 = UNCERTAINTY_MEASURE_WITH_UNIT(LENGTH_MEASURE(1.E-07),#3078,
  'distance_accuracy_value','confusion accuracy');
#3082 = CONTEXT_DEPENDENT_SHAPE_REPRESENTATION(#3083,#3085);
#3083 = ( REPRESENTATION_RELATIONSHIP('','',#2746,#10) 
REPRESENTATION_RELATIONSHIP_WITH_TRANSFORMATION(#3084) 
SHAPE_REPRESENTATION_RELATIONSHIP() );
#3084 = ITEM_DEFINED_TRANSFORMATION('','',#11,#55);
#3085 = PRODUCT_DEFINITION_SHAPE('Placement','Placement of an item',
  #3086);
#3086 = NEXT_ASSEMBLY_USAGE_OCCURRENCE('65','pole_magnet_1','',#5,#2741,
  $);
#3087 = PRODUCT_RELATED_PRODUCT_CATEGORY('part',$,(#2743));
#3088 = SHAPE_DEFINITION_REPRESENTATION(#3089,#3095);
#3089 = PRODUCT_DEFINITION_SHAPE('','',#3090);
#3090 = PRODUCT_DEFINITION('design','',#3091,#3094);
#3091 = PRODUCT_DEFINITION_FORMATION('','',#3092);
#3092 = PRODUCT('pole_magnet_2','pole_magnet_2','',(#3093));
#3093 = PRODUCT_CONTEXT('',#2,'mechanical');
#3094 = PRODUCT_DEFINITION_CONTEXT('part definition',#2,'design');
#3095 = ADVANCED_BREP_SHAPE_REPRESENTATION('',(#11,#3096),#3426);
#3096 = MANIFOLD_SOLID_BREP('',#3097);
#3097 = CLOSED_SHELL('',(#3098,#3218,#3318,#3365,#3412,#3419));
#3098 = ADVANCED_FACE('',(#3099),#3113,.F.);
#3099 = FACE_BOUND('',#3100,.F.);
#3100 = EDGE_LOOP('',(#3101,#3136,#3164,#3192));
#3101 = ORIENTED_EDGE('',*,*,#3102,.F.);
#3102 = EDGE_CURVE('',#3103,#3105,#3107,.T.);
#3103 = VERTEX_POINT('',#3104);
#3104 = CARTESIAN_POINT('',(-7.35381052434,2.233535337182,22.9));
#3105 = VERTEX_POINT('',#3106);
#3106 = CARTESIAN_POINT('',(-7.35381052434,2.233535337182,26.4));
#3107 = SURFACE_CURVE('',#3108,(#3112,#3124),.PCURVE_S1.);
#3108 = LINE('',#3109,#3110);
#3109 = CARTESIAN_POINT('',(-7.35381052434,2.233535337182,22.9));
#3110 = VECTOR('',#3111,1.);
#3111 = DIRECTION('',(0.,0.,1.));
#3112 = PCURVE('',#3113,#3118);
#3113 = PLANE('',#3114);
#3114 = AXIS2_PLACEMENT_3D('',#3115,#3116,#3117);
#3115 = CARTESIAN_POINT('',(-7.35381052434,2.233535337182,22.9));
#3116 = DIRECTION('',(1.,0.,0.));
#3117 = DIRECTION('',(0.,0.,1.));
#3118 = DEFINITIONAL_REPRESENTATION('',(#3119),#3123);
#3119 = LINE('',#3120,#3121);
#3120 = CARTESIAN_POINT('',(0.,0.));
#3121 = VECTOR('',#3122,1.);
#3122 = DIRECTION('',(1.,0.));
#3123 = ( GEOMETRIC_REPRESENTATION_CONTEXT(2) 
PARAMETRIC_REPRESENTATION_CONTEXT() REPRESENTATION_CONTEXT('2D SPACE',''
  ) );
#3124 = PCURVE('',#3125,#3130);
#3125 = PLANE('',#3126);
#3126 = AXIS2_PLACEMENT_3D('',#3127,#3128,#3129);
#3127 = CARTESIAN_POINT('',(-7.35381052434,2.233535337182,22.9));
#3128 = DIRECTION('',(0.,1.,0.));
#3129 = DIRECTION('',(0.,0.,1.));
#3130 = DEFINITIONAL_REPRESENTATION('',(#3131),#3135);
#3131 = LINE('',#3132,#3133);
#3132 = CARTESIAN_POINT('',(0.,0.));
#3133 = VECTOR('',#3134,1.);
#3134 = DIRECTION('',(1.,0.));
#3135 = ( GEOMETRIC_REPRESENTATION_CONTEXT(2) 
PARAMETRIC_REPRESENTATION_CONTEXT() REPRESENTATION_CONTEXT('2D SPACE',''
  ) );
#3136 = ORIENTED_EDGE('',*,*,#3137,.T.);
#3137 = EDGE_CURVE('',#3103,#3138,#3140,.T.);
#3138 = VERTEX_POINT('',#3139);
#3139 = CARTESIAN_POINT('',(-7.35381052434,7.35381052434,22.9));
#3140 = SURFACE_CURVE('',#3141,(#3145,#3152),.PCURVE_S1.);
#3141 = LINE('',#3142,#3143);
#3142 = CARTESIAN_POINT('',(-7.35381052434,2.233535337182,22.9));
#3143 = VECTOR('',#3144,1.);
#3144 = DIRECTION('',(0.,1.,0.));
#3145 = PCURVE('',#3113,#3146);
#3146 = DEFINITIONAL_REPRESENTATION('',(#3147),#3151);
#3147 = LINE('',#3148,#3149);
#3148 = CARTESIAN_POINT('',(0.,0.));
#3149 = VECTOR('',#3150,1.);
#3150 = DIRECTION('',(0.,-1.));
#3151 = ( GEOMETRIC_REPRESENTATION_CONTEXT(2) 
PARAMETRIC_REPRESENTATION_CONTEXT() REPRESENTATION_CONTEXT('2D SPACE',''
  ) );
#3152 = PCURVE('',#3153,#3158);
#3153 = PLANE('',#3154);
#3154 = AXIS2_PLACEMENT_3D('',#3155,#3156,#3157);
#3155 = CARTESIAN_POINT('',(-7.35381052434,2.233535337182,22.9));
#3156 = DIRECTION('',(0.,0.,1.));
#3157 = DIRECTION('',(1.,0.,0.));
#3158 = DEFINITIONAL_REPRESENTATION('',(#3159),#3163);
#3159 = LINE('',#3160,#3161);
#3160 = CARTESIAN_POINT('',(0.,0.));
#3161 = VECTOR('',#3162,1.);
#3162 = DIRECTION('',(0.,1.));
#3163 = ( GEOMETRIC_REPRESENTATION_CONTEXT(2) 
PARAMETRIC_REPRESENTATION_CONTEXT() REPRESENTATION_CONTEXT('2D SPACE',''
  ) );
#3164 = ORIENTED_EDGE('',*,*,#3165,.T.);
#3165 = EDGE_CURVE('',#3138,#3166,#3168,.T.);
#3166 = VERTEX_POINT('',#3167);
#3167 = CARTESIAN_POINT('',(-7.35381052434,7.35381052434,26.4));
#3168 = SURFACE_CURVE('',#3169,(#3173,#3180),.PCURVE_S1.);
#3169 = LINE('',#3170,#3171);
#3170 = CARTESIAN_POINT('',(-7.35381052434,7.35381052434,22.9));
#3171 = VECTOR('',#3172,1.);
#3172 = DIRECTION('',(0.,0.,1.));
#3173 = PCURVE('',#3113,#3174);
#3174 = DEFINITIONAL_REPRESENTATION('',(#3175),#3179);
#3175 = LINE('',#3176,#3177);
#3176 = CARTESIAN_POINT('',(0.,-5.120275187158));
#3177 = VECTOR('',#3178,1.);
#3178 = DIRECTION('',(1.,0.));
#3179 = ( GEOMETRIC_REPRESENTATION_CONTEXT(2) 
PARAMETRIC_REPRESENTATION_CONTEXT() REPRESENTATION_CONTEXT('2D SPACE',''
  ) );
#3180 = PCURVE('',#3181,#3186);
#3181 = PLANE('',#3182);
#3182 = AXIS2_PLACEMENT_3D('',#3183,#3184,#3185);
#3183 = CARTESIAN_POINT('',(-7.35381052434,7.35381052434,22.9));
#3184 = DIRECTION('',(0.,1.,0.));
#3185 = DIRECTION('',(0.,0.,1.));
#3186 = DEFINITIONAL_REPRESENTATION('',(#3187),#3191);
#3187 = LINE('',#3188,#3189);
#3188 = CARTESIAN_POINT('',(0.,0.));
#3189 = VECTOR('',#3190,1.);
#3190 = DIRECTION('',(1.,0.));
#3191 = ( GEOMETRIC_REPRESENTATION_CONTEXT(2) 
PARAMETRIC_REPRESENTATION_CONTEXT() REPRESENTATION_CONTEXT('2D SPACE',''
  ) );
#3192 = ORIENTED_EDGE('',*,*,#3193,.F.);
#3193 = EDGE_CURVE('',#3105,#3166,#3194,.T.);
#3194 = SURFACE_CURVE('',#3195,(#3199,#3206),.PCURVE_S1.);
#3195 = LINE('',#3196,#3197);
#3196 = CARTESIAN_POINT('',(-7.35381052434,2.233535337182,26.4));
#3197 = VECTOR('',#3198,1.);
#3198 = DIRECTION('',(0.,1.,0.));
#3199 = PCURVE('',#3113,#3200);
#3200 = DEFINITIONAL_REPRESENTATION('',(#3201),#3205);
#3201 = LINE('',#3202,#3203);
#3202 = CARTESIAN_POINT('',(3.5,0.));
#3203 = VECTOR('',#3204,1.);
#3204 = DIRECTION('',(0.,-1.));
#3205 = ( GEOMETRIC_REPRESENTATION_CONTEXT(2) 
PARAMETRIC_REPRESENTATION_CONTEXT() REPRESENTATION_CONTEXT('2D SPACE',''
  ) );
#3206 = PCURVE('',#3207,#3212);
#3207 = PLANE('',#3208);
#3208 = AXIS2_PLACEMENT_3D('',#3209,#3210,#3211);
#3209 = CARTESIAN_POINT('',(-7.35381052434,2.233535337182,26.4));
#3210 = DIRECTION('',(0.,0.,1.));
#3211 = DIRECTION('',(1.,0.,0.));
#3212 = DEFINITIONAL_REPRESENTATION('',(#3213),#3217);
#3213 = LINE('',#3214,#3215);
#3214 = CARTESIAN_POINT('',(0.,0.));
#3215 = VECTOR('',#3216,1.);
#3216 = DIRECTION('',(0.,1.));
#3217 = ( GEOMETRIC_REPRESENTATION_CONTEXT(2) 
PARAMETRIC_REPRESENTATION_CONTEXT() REPRESENTATION_CONTEXT('2D SPACE',''
  ) );
#3218 = ADVANCED_FACE('',(#3219),#3233,.T.);
#3219 = FACE_BOUND('',#3220,.T.);
#3220 = EDGE_LOOP('',(#3221,#3251,#3274,#3297));
#3221 = ORIENTED_EDGE('',*,*,#3222,.F.);
#3222 = EDGE_CURVE('',#3223,#3225,#3227,.T.);
#3223 = VERTEX_POINT('',#3224);
#3224 = CARTESIAN_POINT('',(-2.233535337182,2.233535337182,22.9));
#3225 = VERTEX_POINT('',#3226);
#3226 = CARTESIAN_POINT('',(-2.233535337182,2.233535337182,26.4));
#3227 = SURFACE_CURVE('',#3228,(#3232,#3244),.PCURVE_S1.);
#3228 = LINE('',#3229,#3230);
#3229 = CARTESIAN_POINT('',(-2.233535337182,2.233535337182,22.9));
#3230 = VECTOR('',#3231,1.);
#3231 = DIRECTION('',(0.,0.,1.));
#3232 = PCURVE('',#3233,#3238);
#3233 = PLANE('',#3234);
#3234 = AXIS2_PLACEMENT_3D('',#3235,#3236,#3237);
#3235 = CARTESIAN_POINT('',(-2.233535337182,2.233535337182,22.9));
#3236 = DIRECTION('',(1.,0.,0.));
#3237 = DIRECTION('',(0.,0.,1.));
#3238 = DEFINITIONAL_REPRESENTATION('',(#3239),#3243);
#3239 = LINE('',#3240,#3241);
#3240 = CARTESIAN_POINT('',(0.,0.));
#3241 = VECTOR('',#3242,1.);
#3242 = DIRECTION('',(1.,0.));
#3243 = ( GEOMETRIC_REPRESENTATION_CONTEXT(2) 
PARAMETRIC_REPRESENTATION_CONTEXT() REPRESENTATION_CONTEXT('2D SPACE',''
  ) );
#3244 = PCURVE('',#3125,#3245);
#3245 = DEFINITIONAL_REPRESENTATION('',(#3246),#3250);
#3246 = LINE('',#3247,#3248);
#3247 = CARTESIAN_POINT('',(0.,5.120275187158));
#3248 = VECTOR('',#3249,1.);
#3249 = DIRECTION('',(1.,0.));
#3250 = ( GEOMETRIC_REPRESENTATION_CONTEXT(2) 
PARAMETRIC_REPRESENTATION_CONTEXT() REPRESENTATION_CONTEXT('2D SPACE',''
  ) );
#3251 = ORIENTED_EDGE('',*,*,#3252,.T.);
#3252 = EDGE_CURVE('',#3223,#3253,#3255,.T.);
#3253 = VERTEX_POINT('',#3254);
#3254 = CARTESIAN_POINT('',(-2.233535337182,7.35381052434,22.9));
#3255 = SURFACE_CURVE('',#3256,(#3260,#3267),.PCURVE_S1.);
#3256 = LINE('',#3257,#3258);
#3257 = CARTESIAN_POINT('',(-2.233535337182,2.233535337182,22.9));
#3258 = VECTOR('',#3259,1.);
#3259 = DIRECTION('',(0.,1.,0.));
#3260 = PCURVE('',#3233,#3261);
#3261 = DEFINITIONAL_REPRESENTATION('',(#3262),#3266);
#3262 = LINE('',#3263,#3264);
#3263 = CARTESIAN_POINT('',(0.,0.));
#3264 = VECTOR('',#3265,1.);
#3265 = DIRECTION('',(0.,-1.));
#3266 = ( GEOMETRIC_REPRESENTATION_CONTEXT(2) 
PARAMETRIC_REPRESENTATION_CONTEXT() REPRESENTATION_CONTEXT('2D SPACE',''
  ) );
#3267 = PCURVE('',#3153,#3268);
#3268 = DEFINITIONAL_REPRESENTATION('',(#3269),#3273);
#3269 = LINE('',#3270,#3271);
#3270 = CARTESIAN_POINT('',(5.120275187158,0.));
#3271 = VECTOR('',#3272,1.);
#3272 = DIRECTION('',(0.,1.));
#3273 = ( GEOMETRIC_REPRESENTATION_CONTEXT(2) 
PARAMETRIC_REPRESENTATION_CONTEXT() REPRESENTATION_CONTEXT('2D SPACE',''
  ) );
#3274 = ORIENTED_EDGE('',*,*,#3275,.T.);
#3275 = EDGE_CURVE('',#3253,#3276,#3278,.T.);
#3276 = VERTEX_POINT('',#3277);
#3277 = CARTESIAN_POINT('',(-2.233535337182,7.35381052434,26.4));
#3278 = SURFACE_CURVE('',#3279,(#3283,#3290),.PCURVE_S1.);
#3279 = LINE('',#3280,#3281);
#3280 = CARTESIAN_POINT('',(-2.233535337182,7.35381052434,22.9));
#3281 = VECTOR('',#3282,1.);
#3282 = DIRECTION('',(0.,0.,1.));
#3283 = PCURVE('',#3233,#3284);
#3284 = DEFINITIONAL_REPRESENTATION('',(#3285),#3289);
#3285 = LINE('',#3286,#3287);
#3286 = CARTESIAN_POINT('',(0.,-5.120275187158));
#3287 = VECTOR('',#3288,1.);
#3288 = DIRECTION('',(1.,0.));
#3289 = ( GEOMETRIC_REPRESENTATION_CONTEXT(2) 
PARAMETRIC_REPRESENTATION_CONTEXT() REPRESENTATION_CONTEXT('2D SPACE',''
  ) );
#3290 = PCURVE('',#3181,#3291);
#3291 = DEFINITIONAL_REPRESENTATION('',(#3292),#3296);
#3292 = LINE('',#3293,#3294);
#3293 = CARTESIAN_POINT('',(0.,5.120275187158));
#3294 = VECTOR('',#3295,1.);
#3295 = DIRECTION('',(1.,0.));
#3296 = ( GEOMETRIC_REPRESENTATION_CONTEXT(2) 
PARAMETRIC_REPRESENTATION_CONTEXT() REPRESENTATION_CONTEXT('2D SPACE',''
  ) );
#3297 = ORIENTED_EDGE('',*,*,#3298,.F.);
#3298 = EDGE_CURVE('',#3225,#3276,#3299,.T.);
#3299 = SURFACE_CURVE('',#3300,(#3304,#3311),.PCURVE_S1.);
#3300 = LINE('',#3301,#3302);
#3301 = CARTESIAN_POINT('',(-2.233535337182,2.233535337182,26.4));
#3302 = VECTOR('',#3303,1.);
#3303 = DIRECTION('',(0.,1.,0.));
#3304 = PCURVE('',#3233,#3305);
#3305 = DEFINITIONAL_REPRESENTATION('',(#3306),#3310);
#3306 = LINE('',#3307,#3308);
#3307 = CARTESIAN_POINT('',(3.5,0.));
#3308 = VECTOR('',#3309,1.);
#3309 = DIRECTION('',(0.,-1.));
#3310 = ( GEOMETRIC_REPRESENTATION_CONTEXT(2) 
PARAMETRIC_REPRESENTATION_CONTEXT() REPRESENTATION_CONTEXT('2D SPACE',''
  ) );
#3311 = PCURVE('',#3207,#3312);
#3312 = DEFINITIONAL_REPRESENTATION('',(#3313),#3317);
#3313 = LINE('',#3314,#3315);
#3314 = CARTESIAN_POINT('',(5.120275187158,0.));
#3315 = VECTOR('',#3316,1.);
#3316 = DIRECTION('',(0.,1.));
#3317 = ( GEOMETRIC_REPRESENTATION_CONTEXT(2) 
PARAMETRIC_REPRESENTATION_CONTEXT() REPRESENTATION_CONTEXT('2D SPACE',''
  ) );
#3318 = ADVANCED_FACE('',(#3319),#3125,.F.);
#3319 = FACE_BOUND('',#3320,.F.);
#3320 = EDGE_LOOP('',(#3321,#3342,#3343,#3364));
#3321 = ORIENTED_EDGE('',*,*,#3322,.F.);
#3322 = EDGE_CURVE('',#3103,#3223,#3323,.T.);
#3323 = SURFACE_CURVE('',#3324,(#3328,#3335),.PCURVE_S1.);
#3324 = LINE('',#3325,#3326);
#3325 = CARTESIAN_POINT('',(-7.35381052434,2.233535337182,22.9));
#3326 = VECTOR('',#3327,1.);
#3327 = DIRECTION('',(1.,0.,0.));
#3328 = PCURVE('',#3125,#3329);
#3329 = DEFINITIONAL_REPRESENTATION('',(#3330),#3334);
#3330 = LINE('',#3331,#3332);
#3331 = CARTESIAN_POINT('',(0.,0.));
#3332 = VECTOR('',#3333,1.);
#3333 = DIRECTION('',(0.,1.));
#3334 = ( GEOMETRIC_REPRESENTATION_CONTEXT(2) 
PARAMETRIC_REPRESENTATION_CONTEXT() REPRESENTATION_CONTEXT('2D SPACE',''
  ) );
#3335 = PCURVE('',#3153,#3336);
#3336 = DEFINITIONAL_REPRESENTATION('',(#3337),#3341);
#3337 = LINE('',#3338,#3339);
#3338 = CARTESIAN_POINT('',(0.,0.));
#3339 = VECTOR('',#3340,1.);
#3340 = DIRECTION('',(1.,0.));
#3341 = ( GEOMETRIC_REPRESENTATION_CONTEXT(2) 
PARAMETRIC_REPRESENTATION_CONTEXT() REPRESENTATION_CONTEXT('2D SPACE',''
  ) );
#3342 = ORIENTED_EDGE('',*,*,#3102,.T.);
#3343 = ORIENTED_EDGE('',*,*,#3344,.T.);
#3344 = EDGE_CURVE('',#3105,#3225,#3345,.T.);
#3345 = SURFACE_CURVE('',#3346,(#3350,#3357),.PCURVE_S1.);
#3346 = LINE('',#3347,#3348);
#3347 = CARTESIAN_POINT('',(-7.35381052434,2.233535337182,26.4));
#3348 = VECTOR('',#3349,1.);
#3349 = DIRECTION('',(1.,0.,0.));
#3350 = PCURVE('',#3125,#3351);
#3351 = DEFINITIONAL_REPRESENTATION('',(#3352),#3356);
#3352 = LINE('',#3353,#3354);
#3353 = CARTESIAN_POINT('',(3.5,0.));
#3354 = VECTOR('',#3355,1.);
#3355 = DIRECTION('',(0.,1.));
#3356 = ( GEOMETRIC_REPRESENTATION_CONTEXT(2) 
PARAMETRIC_REPRESENTATION_CONTEXT() REPRESENTATION_CONTEXT('2D SPACE',''
  ) );
#3357 = PCURVE('',#3207,#3358);
#3358 = DEFINITIONAL_REPRESENTATION('',(#3359),#3363);
#3359 = LINE('',#3360,#3361);
#3360 = CARTESIAN_POINT('',(0.,0.));
#3361 = VECTOR('',#3362,1.);
#3362 = DIRECTION('',(1.,0.));
#3363 = ( GEOMETRIC_REPRESENTATION_CONTEXT(2) 
PARAMETRIC_REPRESENTATION_CONTEXT() REPRESENTATION_CONTEXT('2D SPACE',''
  ) );
#3364 = ORIENTED_EDGE('',*,*,#3222,.F.);
#3365 = ADVANCED_FACE('',(#3366),#3181,.T.);
#3366 = FACE_BOUND('',#3367,.T.);
#3367 = EDGE_LOOP('',(#3368,#3389,#3390,#3411));
#3368 = ORIENTED_EDGE('',*,*,#3369,.F.);
#3369 = EDGE_CURVE('',#3138,#3253,#3370,.T.);
#3370 = SURFACE_CURVE('',#3371,(#3375,#3382),.PCURVE_S1.);
#3371 = LINE('',#3372,#3373);
#3372 = CARTESIAN_POINT('',(-7.35381052434,7.35381052434,22.9));
#3373 = VECTOR('',#3374,1.);
#3374 = DIRECTION('',(1.,0.,0.));
#3375 = PCURVE('',#3181,#3376);
#3376 = DEFINITIONAL_REPRESENTATION('',(#3377),#3381);
#3377 = LINE('',#3378,#3379);
#3378 = CARTESIAN_POINT('',(0.,0.));
#3379 = VECTOR('',#3380,1.);
#3380 = DIRECTION('',(0.,1.));
#3381 = ( GEOMETRIC_REPRESENTATION_CONTEXT(2) 
PARAMETRIC_REPRESENTATION_CONTEXT() REPRESENTATION_CONTEXT('2D SPACE',''
  ) );
#3382 = PCURVE('',#3153,#3383);
#3383 = DEFINITIONAL_REPRESENTATION('',(#3384),#3388);
#3384 = LINE('',#3385,#3386);
#3385 = CARTESIAN_POINT('',(0.,5.120275187158));
#3386 = VECTOR('',#3387,1.);
#3387 = DIRECTION('',(1.,0.));
#3388 = ( GEOMETRIC_REPRESENTATION_CONTEXT(2) 
PARAMETRIC_REPRESENTATION_CONTEXT() REPRESENTATION_CONTEXT('2D SPACE',''
  ) );
#3389 = ORIENTED_EDGE('',*,*,#3165,.T.);
#3390 = ORIENTED_EDGE('',*,*,#3391,.T.);
#3391 = EDGE_CURVE('',#3166,#3276,#3392,.T.);
#3392 = SURFACE_CURVE('',#3393,(#3397,#3404),.PCURVE_S1.);
#3393 = LINE('',#3394,#3395);
#3394 = CARTESIAN_POINT('',(-7.35381052434,7.35381052434,26.4));
#3395 = VECTOR('',#3396,1.);
#3396 = DIRECTION('',(1.,0.,0.));
#3397 = PCURVE('',#3181,#3398);
#3398 = DEFINITIONAL_REPRESENTATION('',(#3399),#3403);
#3399 = LINE('',#3400,#3401);
#3400 = CARTESIAN_POINT('',(3.5,0.));
#3401 = VECTOR('',#3402,1.);
#3402 = DIRECTION('',(0.,1.));
#3403 = ( GEOMETRIC_REPRESENTATION_CONTEXT(2) 
PARAMETRIC_REPRESENTATION_CONTEXT() REPRESENTATION_CONTEXT('2D SPACE',''
  ) );
#3404 = PCURVE('',#3207,#3405);
#3405 = DEFINITIONAL_REPRESENTATION('',(#3406),#3410);
#3406 = LINE('',#3407,#3408);
#3407 = CARTESIAN_POINT('',(0.,5.120275187158));
#3408 = VECTOR('',#3409,1.);
#3409 = DIRECTION('',(1.,0.));
#3410 = ( GEOMETRIC_REPRESENTATION_CONTEXT(2) 
PARAMETRIC_REPRESENTATION_CONTEXT() REPRESENTATION_CONTEXT('2D SPACE',''
  ) );
#3411 = ORIENTED_EDGE('',*,*,#3275,.F.);
#3412 = ADVANCED_FACE('',(#3413),#3153,.F.);
#3413 = FACE_BOUND('',#3414,.F.);
#3414 = EDGE_LOOP('',(#3415,#3416,#3417,#3418));
#3415 = ORIENTED_EDGE('',*,*,#3137,.F.);
#3416 = ORIENTED_EDGE('',*,*,#3322,.T.);
#3417 = ORIENTED_EDGE('',*,*,#3252,.T.);
#3418 = ORIENTED_EDGE('',*,*,#3369,.F.);
#3419 = ADVANCED_FACE('',(#3420),#3207,.T.);
#3420 = FACE_BOUND('',#3421,.T.);
#3421 = EDGE_LOOP('',(#3422,#3423,#3424,#3425));
#3422 = ORIENTED_EDGE('',*,*,#3193,.F.);
#3423 = ORIENTED_EDGE('',*,*,#3344,.T.);
#3424 = ORIENTED_EDGE('',*,*,#3298,.T.);
#3425 = ORIENTED_EDGE('',*,*,#3391,.F.);
#3426 = ( GEOMETRIC_REPRESENTATION_CONTEXT(3) 
GLOBAL_UNCERTAINTY_ASSIGNED_CONTEXT((#3430)) 
GLOBAL_UNIT_ASSIGNED_CONTEXT((#3427,#3428,#3429)) REPRESENTATION_CONTEXT
('Context #1','3D Context with UNIT and UNCERTAINTY') );
#3427 = ( LENGTH_UNIT() NAMED_UNIT(*) SI_UNIT(.MILLI.,.METRE.) );
#3428 = ( NAMED_UNIT(*) PLANE_ANGLE_UNIT() SI_UNIT($,.RADIAN.) );
#3429 = ( NAMED_UNIT(*) SI_UNIT($,.STERADIAN.) SOLID_ANGLE_UNIT() );
#3430 = UNCERTAINTY_MEASURE_WITH_UNIT(LENGTH_MEASURE(1.E-07),#3427,
  'distance_accuracy_value','confusion accuracy');
#3431 = CONTEXT_DEPENDENT_SHAPE_REPRESENTATION(#3432,#3434);
#3432 = ( REPRESENTATION_RELATIONSHIP('','',#3095,#10) 
REPRESENTATION_RELATIONSHIP_WITH_TRANSFORMATION(#3433) 
SHAPE_REPRESENTATION_RELATIONSHIP() );
#3433 = ITEM_DEFINED_TRANSFORMATION('','',#11,#59);
#3434 = PRODUCT_DEFINITION_SHAPE('Placement','Placement of an item',
  #3435);
#3435 = NEXT_ASSEMBLY_USAGE_OCCURRENCE('66','pole_magnet_2','',#5,#3090,
  $);
#3436 = PRODUCT_RELATED_PRODUCT_CATEGORY('part',$,(#3092));
#3437 = SHAPE_DEFINITION_REPRESENTATION(#3438,#3444);
#3438 = PRODUCT_DEFINITION_SHAPE('','',#3439);
#3439 = PRODUCT_DEFINITION('design','',#3440,#3443);
#3440 = PRODUCT_DEFINITION_FORMATION('','',#3441);
#3441 = PRODUCT('pole_magnet_3','pole_magnet_3','',(#3442));
#3442 = PRODUCT_CONTEXT('',#2,'mechanical');
#3443 = PRODUCT_DEFINITION_CONTEXT('part definition',#2,'design');
#3444 = ADVANCED_BREP_SHAPE_REPRESENTATION('',(#11,#3445),#3775);
#3445 = MANIFOLD_SOLID_BREP('',#3446);
#3446 = CLOSED_SHELL('',(#3447,#3567,#3667,#3714,#3761,#3768));
#3447 = ADVANCED_FACE('',(#3448),#3462,.F.);
#3448 = FACE_BOUND('',#3449,.F.);
#3449 = EDGE_LOOP('',(#3450,#3485,#3513,#3541));
#3450 = ORIENTED_EDGE('',*,*,#3451,.F.);
#3451 = EDGE_CURVE('',#3452,#3454,#3456,.T.);
#3452 = VERTEX_POINT('',#3453);
#3453 = CARTESIAN_POINT('',(-7.35381052434,-7.35381052434,22.9));
#3454 = VERTEX_POINT('',#3455);
#3455 = CARTESIAN_POINT('',(-7.35381052434,-7.35381052434,26.4));
#3456 = SURFACE_CURVE('',#3457,(#3461,#3473),.PCURVE_S1.);
#3457 = LINE('',#3458,#3459);
#3458 = CARTESIAN_POINT('',(-7.35381052434,-7.35381052434,22.9));
#3459 = VECTOR('',#3460,1.);
#3460 = DIRECTION('',(0.,0.,1.));
#3461 = PCURVE('',#3462,#3467);
#3462 = PLANE('',#3463);
#3463 = AXIS2_PLACEMENT_3D('',#3464,#3465,#3466);
#3464 = CARTESIAN_POINT('',(-7.35381052434,-7.35381052434,22.9));
#3465 = DIRECTION('',(1.,0.,0.));
#3466 = DIRECTION('',(0.,0.,1.));
#3467 = DEFINITIONAL_REPRESENTATION('',(#3468),#3472);
#3468 = LINE('',#3469,#3470);
#3469 = CARTESIAN_POINT('',(0.,0.));
#3470 = VECTOR('',#3471,1.);
#3471 = DIRECTION('',(1.,0.));
#3472 = ( GEOMETRIC_REPRESENTATION_CONTEXT(2) 
PARAMETRIC_REPRESENTATION_CONTEXT() REPRESENTATION_CONTEXT('2D SPACE',''
  ) );
#3473 = PCURVE('',#3474,#3479);
#3474 = PLANE('',#3475);
#3475 = AXIS2_PLACEMENT_3D('',#3476,#3477,#3478);
#3476 = CARTESIAN_POINT('',(-7.35381052434,-7.35381052434,22.9));
#3477 = DIRECTION('',(0.,1.,0.));
#3478 = DIRECTION('',(0.,0.,1.));
#3479 = DEFINITIONAL_REPRESENTATION('',(#3480),#3484);
#3480 = LINE('',#3481,#3482);
#3481 = CARTESIAN_POINT('',(0.,0.));
#3482 = VECTOR('',#3483,1.);
#3483 = DIRECTION('',(1.,0.));
#3484 = ( GEOMETRIC_REPRESENTATION_CONTEXT(2) 
PARAMETRIC_REPRESENTATION_CONTEXT() REPRESENTATION_CONTEXT('2D SPACE',''
  ) );
#3485 = ORIENTED_EDGE('',*,*,#3486,.T.);
#3486 = EDGE_CURVE('',#3452,#3487,#3489,.T.);
#3487 = VERTEX_POINT('',#3488);
#3488 = CARTESIAN_POINT('',(-7.35381052434,-2.233535337182,22.9));
#3489 = SURFACE_CURVE('',#3490,(#3494,#3501),.PCURVE_S1.);
#3490 = LINE('',#3491,#3492);
#3491 = CARTESIAN_POINT('',(-7.35381052434,-7.35381052434,22.9));
#3492 = VECTOR('',#3493,1.);
#3493 = DIRECTION('',(0.,1.,0.));
#3494 = PCURVE('',#3462,#3495);
#3495 = DEFINITIONAL_REPRESENTATION('',(#3496),#3500);
#3496 = LINE('',#3497,#3498);
#3497 = CARTESIAN_POINT('',(0.,0.));
#3498 = VECTOR('',#3499,1.);
#3499 = DIRECTION('',(0.,-1.));
#3500 = ( GEOMETRIC_REPRESENTATION_CONTEXT(2) 
PARAMETRIC_REPRESENTATION_CONTEXT() REPRESENTATION_CONTEXT('2D SPACE',''
  ) );
#3501 = PCURVE('',#3502,#3507);
#3502 = PLANE('',#3503);
#3503 = AXIS2_PLACEMENT_3D('',#3504,#3505,#3506);
#3504 = CARTESIAN_POINT('',(-7.35381052434,-7.35381052434,22.9));
#3505 = DIRECTION('',(0.,0.,1.));
#3506 = DIRECTION('',(1.,0.,0.));
#3507 = DEFINITIONAL_REPRESENTATION('',(#3508),#3512);
#3508 = LINE('',#3509,#3510);
#3509 = CARTESIAN_POINT('',(0.,0.));
#3510 = VECTOR('',#3511,1.);
#3511 = DIRECTION('',(0.,1.));
#3512 = ( GEOMETRIC_REPRESENTATION_CONTEXT(2) 
PARAMETRIC_REPRESENTATION_CONTEXT() REPRESENTATION_CONTEXT('2D SPACE',''
  ) );
#3513 = ORIENTED_EDGE('',*,*,#3514,.T.);
#3514 = EDGE_CURVE('',#3487,#3515,#3517,.T.);
#3515 = VERTEX_POINT('',#3516);
#3516 = CARTESIAN_POINT('',(-7.35381052434,-2.233535337182,26.4));
#3517 = SURFACE_CURVE('',#3518,(#3522,#3529),.PCURVE_S1.);
#3518 = LINE('',#3519,#3520);
#3519 = CARTESIAN_POINT('',(-7.35381052434,-2.233535337182,22.9));
#3520 = VECTOR('',#3521,1.);
#3521 = DIRECTION('',(0.,0.,1.));
#3522 = PCURVE('',#3462,#3523);
#3523 = DEFINITIONAL_REPRESENTATION('',(#3524),#3528);
#3524 = LINE('',#3525,#3526);
#3525 = CARTESIAN_POINT('',(0.,-5.120275187158));
#3526 = VECTOR('',#3527,1.);
#3527 = DIRECTION('',(1.,0.));
#3528 = ( GEOMETRIC_REPRESENTATION_CONTEXT(2) 
PARAMETRIC_REPRESENTATION_CONTEXT() REPRESENTATION_CONTEXT('2D SPACE',''
  ) );
#3529 = PCURVE('',#3530,#3535);
#3530 = PLANE('',#3531);
#3531 = AXIS2_PLACEMENT_3D('',#3532,#3533,#3534);
#3532 = CARTESIAN_POINT('',(-7.35381052434,-2.233535337182,22.9));
#3533 = DIRECTION('',(0.,1.,0.));
#3534 = DIRECTION('',(0.,0.,1.));
#3535 = DEFINITIONAL_REPRESENTATION('',(#3536),#3540);
#3536 = LINE('',#3537,#3538);
#3537 = CARTESIAN_POINT('',(0.,0.));
#3538 = VECTOR('',#3539,1.);
#3539 = DIRECTION('',(1.,0.));
#3540 = ( GEOMETRIC_REPRESENTATION_CONTEXT(2) 
PARAMETRIC_REPRESENTATION_CONTEXT() REPRESENTATION_CONTEXT('2D SPACE',''
  ) );
#3541 = ORIENTED_EDGE('',*,*,#3542,.F.);
#3542 = EDGE_CURVE('',#3454,#3515,#3543,.T.);
#3543 = SURFACE_CURVE('',#3544,(#3548,#3555),.PCURVE_S1.);
#3544 = LINE('',#3545,#3546);
#3545 = CARTESIAN_POINT('',(-7.35381052434,-7.35381052434,26.4));
#3546 = VECTOR('',#3547,1.);
#3547 = DIRECTION('',(0.,1.,0.));
#3548 = PCURVE('',#3462,#3549);
#3549 = DEFINITIONAL_REPRESENTATION('',(#3550),#3554);
#3550 = LINE('',#3551,#3552);
#3551 = CARTESIAN_POINT('',(3.5,0.));
#3552 = VECTOR('',#3553,1.);
#3553 = DIRECTION('',(0.,-1.));
#3554 = ( GEOMETRIC_REPRESENTATION_CONTEXT(2) 
PARAMETRIC_REPRESENTATION_CONTEXT() REPRESENTATION_CONTEXT('2D SPACE',''
  ) );
#3555 = PCURVE('',#3556,#3561);
#3556 = PLANE('',#3557);
#3557 = AXIS2_PLACEMENT_3D('',#3558,#3559,#3560);
#3558 = CARTESIAN_POINT('',(-7.35381052434,-7.35381052434,26.4));
#3559 = DIRECTION('',(0.,0.,1.));
#3560 = DIRECTION('',(1.,0.,0.));
#3561 = DEFINITIONAL_REPRESENTATION('',(#3562),#3566);
#3562 = LINE('',#3563,#3564);
#3563 = CARTESIAN_POINT('',(0.,0.));
#3564 = VECTOR('',#3565,1.);
#3565 = DIRECTION('',(0.,1.));
#3566 = ( GEOMETRIC_REPRESENTATION_CONTEXT(2) 
PARAMETRIC_REPRESENTATION_CONTEXT() REPRESENTATION_CONTEXT('2D SPACE',''
  ) );
#3567 = ADVANCED_FACE('',(#3568),#3582,.T.);
#3568 = FACE_BOUND('',#3569,.T.);
#3569 = EDGE_LOOP('',(#3570,#3600,#3623,#3646));
#3570 = ORIENTED_EDGE('',*,*,#3571,.F.);
#3571 = EDGE_CURVE('',#3572,#3574,#3576,.T.);
#3572 = VERTEX_POINT('',#3573);
#3573 = CARTESIAN_POINT('',(-2.233535337182,-7.35381052434,22.9));
#3574 = VERTEX_POINT('',#3575);
#3575 = CARTESIAN_POINT('',(-2.233535337182,-7.35381052434,26.4));
#3576 = SURFACE_CURVE('',#3577,(#3581,#3593),.PCURVE_S1.);
#3577 = LINE('',#3578,#3579);
#3578 = CARTESIAN_POINT('',(-2.233535337182,-7.35381052434,22.9));
#3579 = VECTOR('',#3580,1.);
#3580 = DIRECTION('',(0.,0.,1.));
#3581 = PCURVE('',#3582,#3587);
#3582 = PLANE('',#3583);
#3583 = AXIS2_PLACEMENT_3D('',#3584,#3585,#3586);
#3584 = CARTESIAN_POINT('',(-2.233535337182,-7.35381052434,22.9));
#3585 = DIRECTION('',(1.,0.,0.));
#3586 = DIRECTION('',(0.,0.,1.));
#3587 = DEFINITIONAL_REPRESENTATION('',(#3588),#3592);
#3588 = LINE('',#3589,#3590);
#3589 = CARTESIAN_POINT('',(0.,0.));
#3590 = VECTOR('',#3591,1.);
#3591 = DIRECTION('',(1.,0.));
#3592 = ( GEOMETRIC_REPRESENTATION_CONTEXT(2) 
PARAMETRIC_REPRESENTATION_CONTEXT() REPRESENTATION_CONTEXT('2D SPACE',''
  ) );
#3593 = PCURVE('',#3474,#3594);
#3594 = DEFINITIONAL_REPRESENTATION('',(#3595),#3599);
#3595 = LINE('',#3596,#3597);
#3596 = CARTESIAN_POINT('',(0.,5.120275187158));
#3597 = VECTOR('',#3598,1.);
#3598 = DIRECTION('',(1.,0.));
#3599 = ( GEOMETRIC_REPRESENTATION_CONTEXT(2) 
PARAMETRIC_REPRESENTATION_CONTEXT() REPRESENTATION_CONTEXT('2D SPACE',''
  ) );
#3600 = ORIENTED_EDGE('',*,*,#3601,.T.);
#3601 = EDGE_CURVE('',#3572,#3602,#3604,.T.);
#3602 = VERTEX_POINT('',#3603);
#3603 = CARTESIAN_POINT('',(-2.233535337182,-2.233535337182,22.9));
#3604 = SURFACE_CURVE('',#3605,(#3609,#3616),.PCURVE_S1.);
#3605 = LINE('',#3606,#3607);
#3606 = CARTESIAN_POINT('',(-2.233535337182,-7.35381052434,22.9));
#3607 = VECTOR('',#3608,1.);
#3608 = DIRECTION('',(0.,1.,0.));
#3609 = PCURVE('',#3582,#3610);
#3610 = DEFINITIONAL_REPRESENTATION('',(#3611),#3615);
#3611 = LINE('',#3612,#3613);
#3612 = CARTESIAN_POINT('',(0.,0.));
#3613 = VECTOR('',#3614,1.);
#3614 = DIRECTION('',(0.,-1.));
#3615 = ( GEOMETRIC_REPRESENTATION_CONTEXT(2) 
PARAMETRIC_REPRESENTATION_CONTEXT() REPRESENTATION_CONTEXT('2D SPACE',''
  ) );
#3616 = PCURVE('',#3502,#3617);
#3617 = DEFINITIONAL_REPRESENTATION('',(#3618),#3622);
#3618 = LINE('',#3619,#3620);
#3619 = CARTESIAN_POINT('',(5.120275187158,0.));
#3620 = VECTOR('',#3621,1.);
#3621 = DIRECTION('',(0.,1.));
#3622 = ( GEOMETRIC_REPRESENTATION_CONTEXT(2) 
PARAMETRIC_REPRESENTATION_CONTEXT() REPRESENTATION_CONTEXT('2D SPACE',''
  ) );
#3623 = ORIENTED_EDGE('',*,*,#3624,.T.);
#3624 = EDGE_CURVE('',#3602,#3625,#3627,.T.);
#3625 = VERTEX_POINT('',#3626);
#3626 = CARTESIAN_POINT('',(-2.233535337182,-2.233535337182,26.4));
#3627 = SURFACE_CURVE('',#3628,(#3632,#3639),.PCURVE_S1.);
#3628 = LINE('',#3629,#3630);
#3629 = CARTESIAN_POINT('',(-2.233535337182,-2.233535337182,22.9));
#3630 = VECTOR('',#3631,1.);
#3631 = DIRECTION('',(0.,0.,1.));
#3632 = PCURVE('',#3582,#3633);
#3633 = DEFINITIONAL_REPRESENTATION('',(#3634),#3638);
#3634 = LINE('',#3635,#3636);
#3635 = CARTESIAN_POINT('',(0.,-5.120275187158));
#3636 = VECTOR('',#3637,1.);
#3637 = DIRECTION('',(1.,0.));
#3638 = ( GEOMETRIC_REPRESENTATION_CONTEXT(2) 
PARAMETRIC_REPRESENTATION_CONTEXT() REPRESENTATION_CONTEXT('2D SPACE',''
  ) );
#3639 = PCURVE('',#3530,#3640);
#3640 = DEFINITIONAL_REPRESENTATION('',(#3641),#3645);
#3641 = LINE('',#3642,#3643);
#3642 = CARTESIAN_POINT('',(0.,5.120275187158));
#3643 = VECTOR('',#3644,1.);
#3644 = DIRECTION('',(1.,0.));
#3645 = ( GEOMETRIC_REPRESENTATION_CONTEXT(2) 
PARAMETRIC_REPRESENTATION_CONTEXT() REPRESENTATION_CONTEXT('2D SPACE',''
  ) );
#3646 = ORIENTED_EDGE('',*,*,#3647,.F.);
#3647 = EDGE_CURVE('',#3574,#3625,#3648,.T.);
#3648 = SURFACE_CURVE('',#3649,(#3653,#3660),.PCURVE_S1.);
#3649 = LINE('',#3650,#3651);
#3650 = CARTESIAN_POINT('',(-2.233535337182,-7.35381052434,26.4));
#3651 = VECTOR('',#3652,1.);
#3652 = DIRECTION('',(0.,1.,0.));
#3653 = PCURVE('',#3582,#3654);
#3654 = DEFINITIONAL_REPRESENTATION('',(#3655),#3659);
#3655 = LINE('',#3656,#3657);
#3656 = CARTESIAN_POINT('',(3.5,0.));
#3657 = VECTOR('',#3658,1.);
#3658 = DIRECTION('',(0.,-1.));
#3659 = ( GEOMETRIC_REPRESENTATION_CONTEXT(2) 
PARAMETRIC_REPRESENTATION_CONTEXT() REPRESENTATION_CONTEXT('2D SPACE',''
  ) );
#3660 = PCURVE('',#3556,#3661);
#3661 = DEFINITIONAL_REPRESENTATION('',(#3662),#3666);
#3662 = LINE('',#3663,#3664);
#3663 = CARTESIAN_POINT('',(5.120275187158,0.));
#3664 = VECTOR('',#3665,1.);
#3665 = DIRECTION('',(0.,1.));
#3666 = ( GEOMETRIC_REPRESENTATION_CONTEXT(2) 
PARAMETRIC_REPRESENTATION_CONTEXT() REPRESENTATION_CONTEXT('2D SPACE',''
  ) );
#3667 = ADVANCED_FACE('',(#3668),#3474,.F.);
#3668 = FACE_BOUND('',#3669,.F.);
#3669 = EDGE_LOOP('',(#3670,#3691,#3692,#3713));
#3670 = ORIENTED_EDGE('',*,*,#3671,.F.);
#3671 = EDGE_CURVE('',#3452,#3572,#3672,.T.);
#3672 = SURFACE_CURVE('',#3673,(#3677,#3684),.PCURVE_S1.);
#3673 = LINE('',#3674,#3675);
#3674 = CARTESIAN_POINT('',(-7.35381052434,-7.35381052434,22.9));
#3675 = VECTOR('',#3676,1.);
#3676 = DIRECTION('',(1.,0.,0.));
#3677 = PCURVE('',#3474,#3678);
#3678 = DEFINITIONAL_REPRESENTATION('',(#3679),#3683);
#3679 = LINE('',#3680,#3681);
#3680 = CARTESIAN_POINT('',(0.,0.));
#3681 = VECTOR('',#3682,1.);
#3682 = DIRECTION('',(0.,1.));
#3683 = ( GEOMETRIC_REPRESENTATION_CONTEXT(2) 
PARAMETRIC_REPRESENTATION_CONTEXT() REPRESENTATION_CONTEXT('2D SPACE',''
  ) );
#3684 = PCURVE('',#3502,#3685);
#3685 = DEFINITIONAL_REPRESENTATION('',(#3686),#3690);
#3686 = LINE('',#3687,#3688);
#3687 = CARTESIAN_POINT('',(0.,0.));
#3688 = VECTOR('',#3689,1.);
#3689 = DIRECTION('',(1.,0.));
#3690 = ( GEOMETRIC_REPRESENTATION_CONTEXT(2) 
PARAMETRIC_REPRESENTATION_CONTEXT() REPRESENTATION_CONTEXT('2D SPACE',''
  ) );
#3691 = ORIENTED_EDGE('',*,*,#3451,.T.);
#3692 = ORIENTED_EDGE('',*,*,#3693,.T.);
#3693 = EDGE_CURVE('',#3454,#3574,#3694,.T.);
#3694 = SURFACE_CURVE('',#3695,(#3699,#3706),.PCURVE_S1.);
#3695 = LINE('',#3696,#3697);
#3696 = CARTESIAN_POINT('',(-7.35381052434,-7.35381052434,26.4));
#3697 = VECTOR('',#3698,1.);
#3698 = DIRECTION('',(1.,0.,0.));
#3699 = PCURVE('',#3474,#3700);
#3700 = DEFINITIONAL_REPRESENTATION('',(#3701),#3705);
#3701 = LINE('',#3702,#3703);
#3702 = CARTESIAN_POINT('',(3.5,0.));
#3703 = VECTOR('',#3704,1.);
#3704 = DIRECTION('',(0.,1.));
#3705 = ( GEOMETRIC_REPRESENTATION_CONTEXT(2) 
PARAMETRIC_REPRESENTATION_CONTEXT() REPRESENTATION_CONTEXT('2D SPACE',''
  ) );
#3706 = PCURVE('',#3556,#3707);
#3707 = DEFINITIONAL_REPRESENTATION('',(#3708),#3712);
#3708 = LINE('',#3709,#3710);
#3709 = CARTESIAN_POINT('',(0.,0.));
#3710 = VECTOR('',#3711,1.);
#3711 = DIRECTION('',(1.,0.));
#3712 = ( GEOMETRIC_REPRESENTATION_CONTEXT(2) 
PARAMETRIC_REPRESENTATION_CONTEXT() REPRESENTATION_CONTEXT('2D SPACE',''
  ) );
#3713 = ORIENTED_EDGE('',*,*,#3571,.F.);
#3714 = ADVANCED_FACE('',(#3715),#3530,.T.);
#3715 = FACE_BOUND('',#3716,.T.);
#3716 = EDGE_LOOP('',(#3717,#3738,#3739,#3760));
#3717 = ORIENTED_EDGE('',*,*,#3718,.F.);
#3718 = EDGE_CURVE('',#3487,#3602,#3719,.T.);
#3719 = SURFACE_CURVE('',#3720,(#3724,#3731),.PCURVE_S1.);
#3720 = LINE('',#3721,#3722);
#3721 = CARTESIAN_POINT('',(-7.35381052434,-2.233535337182,22.9));
#3722 = VECTOR('',#3723,1.);
#3723 = DIRECTION('',(1.,0.,0.));
#3724 = PCURVE('',#3530,#3725);
#3725 = DEFINITIONAL_REPRESENTATION('',(#3726),#3730);
#3726 = LINE('',#3727,#3728);
#3727 = CARTESIAN_POINT('',(0.,0.));
#3728 = VECTOR('',#3729,1.);
#3729 = DIRECTION('',(0.,1.));
#3730 = ( GEOMETRIC_REPRESENTATION_CONTEXT(2) 
PARAMETRIC_REPRESENTATION_CONTEXT() REPRESENTATION_CONTEXT('2D SPACE',''
  ) );
#3731 = PCURVE('',#3502,#3732);
#3732 = DEFINITIONAL_REPRESENTATION('',(#3733),#3737);
#3733 = LINE('',#3734,#3735);
#3734 = CARTESIAN_POINT('',(0.,5.120275187158));
#3735 = VECTOR('',#3736,1.);
#3736 = DIRECTION('',(1.,0.));
#3737 = ( GEOMETRIC_REPRESENTATION_CONTEXT(2) 
PARAMETRIC_REPRESENTATION_CONTEXT() REPRESENTATION_CONTEXT('2D SPACE',''
  ) );
#3738 = ORIENTED_EDGE('',*,*,#3514,.T.);
#3739 = ORIENTED_EDGE('',*,*,#3740,.T.);
#3740 = EDGE_CURVE('',#3515,#3625,#3741,.T.);
#3741 = SURFACE_CURVE('',#3742,(#3746,#3753),.PCURVE_S1.);
#3742 = LINE('',#3743,#3744);
#3743 = CARTESIAN_POINT('',(-7.35381052434,-2.233535337182,26.4));
#3744 = VECTOR('',#3745,1.);
#3745 = DIRECTION('',(1.,0.,0.));
#3746 = PCURVE('',#3530,#3747);
#3747 = DEFINITIONAL_REPRESENTATION('',(#3748),#3752);
#3748 = LINE('',#3749,#3750);
#3749 = CARTESIAN_POINT('',(3.5,0.));
#3750 = VECTOR('',#3751,1.);
#3751 = DIRECTION('',(0.,1.));
#3752 = ( GEOMETRIC_REPRESENTATION_CONTEXT(2) 
PARAMETRIC_REPRESENTATION_CONTEXT() REPRESENTATION_CONTEXT('2D SPACE',''
  ) );
#3753 = PCURVE('',#3556,#3754);
#3754 = DEFINITIONAL_REPRESENTATION('',(#3755),#3759);
#3755 = LINE('',#3756,#3757);
#3756 = CARTESIAN_POINT('',(0.,5.120275187158));
#3757 = VECTOR('',#3758,1.);
#3758 = DIRECTION('',(1.,0.));
#3759 = ( GEOMETRIC_REPRESENTATION_CONTEXT(2) 
PARAMETRIC_REPRESENTATION_CONTEXT() REPRESENTATION_CONTEXT('2D SPACE',''
  ) );
#3760 = ORIENTED_EDGE('',*,*,#3624,.F.);
#3761 = ADVANCED_FACE('',(#3762),#3502,.F.);
#3762 = FACE_BOUND('',#3763,.F.);
#3763 = EDGE_LOOP('',(#3764,#3765,#3766,#3767));
#3764 = ORIENTED_EDGE('',*,*,#3486,.F.);
#3765 = ORIENTED_EDGE('',*,*,#3671,.T.);
#3766 = ORIENTED_EDGE('',*,*,#3601,.T.);
#3767 = ORIENTED_EDGE('',*,*,#3718,.F.);
#3768 = ADVANCED_FACE('',(#3769),#3556,.T.);
#3769 = FACE_BOUND('',#3770,.T.);
#3770 = EDGE_LOOP('',(#3771,#3772,#3773,#3774));
#3771 = ORIENTED_EDGE('',*,*,#3542,.F.);
#3772 = ORIENTED_EDGE('',*,*,#3693,.T.);
#3773 = ORIENTED_EDGE('',*,*,#3647,.T.);
#3774 = ORIENTED_EDGE('',*,*,#3740,.F.);
#3775 = ( GEOMETRIC_REPRESENTATION_CONTEXT(3) 
GLOBAL_UNCERTAINTY_ASSIGNED_CONTEXT((#3779)) 
GLOBAL_UNIT_ASSIGNED_CONTEXT((#3776,#3777,#3778)) REPRESENTATION_CONTEXT
('Context #1','3D Context with UNIT and UNCERTAINTY') );
#3776 = ( LENGTH_UNIT() NAMED_UNIT(*) SI_UNIT(.MILLI.,.METRE.) );
#3777 = ( NAMED_UNIT(*) PLANE_ANGLE_UNIT() SI_UNIT($,.RADIAN.) );
#3778 = ( NAMED_UNIT(*) SI_UNIT($,.STERADIAN.) SOLID_ANGLE_UNIT() );
#3779 = UNCERTAINTY_MEASURE_WITH_UNIT(LENGTH_MEASURE(1.E-07),#3776,
  'distance_accuracy_value','confusion accuracy');
#3780 = CONTEXT_DEPENDENT_SHAPE_REPRESENTATION(#3781,#3783);
#3781 = ( REPRESENTATION_RELATIONSHIP('','',#3444,#10) 
REPRESENTATION_RELATIONSHIP_WITH_TRANSFORMATION(#3782) 
SHAPE_REPRESENTATION_RELATIONSHIP() );
#3782 = ITEM_DEFINED_TRANSFORMATION('','',#11,#63);
#3783 = PRODUCT_DEFINITION_SHAPE('Placement','Placement of an item',
  #3784);
#3784 = NEXT_ASSEMBLY_USAGE_OCCURRENCE('67','pole_magnet_3','',#5,#3439,
  $);
#3785 = PRODUCT_RELATED_PRODUCT_CATEGORY('part',$,(#3441));
#3786 = SHAPE_DEFINITION_REPRESENTATION(#3787,#3793);
#3787 = PRODUCT_DEFINITION_SHAPE('','',#3788);
#3788 = PRODUCT_DEFINITION('design','',#3789,#3792);
#3789 = PRODUCT_DEFINITION_FORMATION('','',#3790);
#3790 = PRODUCT('pole_magnet_4','pole_magnet_4','',(#3791));
#3791 = PRODUCT_CONTEXT('',#2,'mechanical');
#3792 = PRODUCT_DEFINITION_CONTEXT('part definition',#2,'design');
#3793 = ADVANCED_BREP_SHAPE_REPRESENTATION('',(#11,#3794),#4124);
#3794 = MANIFOLD_SOLID_BREP('',#3795);
#3795 = CLOSED_SHELL('',(#3796,#3916,#4016,#4063,#4110,#4117));
#3796 = ADVANCED_FACE('',(#3797),#3811,.F.);
#3797 = FACE_BOUND('',#3798,.F.);
#3798 = EDGE_LOOP('',(#3799,#3834,#3862,#3890));
#3799 = ORIENTED_EDGE('',*,*,#3800,.F.);
#3800 = EDGE_CURVE('',#3801,#3803,#3805,.T.);
#3801 = VERTEX_POINT('',#3802);
#3802 = CARTESIAN_POINT('',(2.233535337182,-7.35381052434,22.9));
#3803 = VERTEX_POINT('',#3804);
#3804 = CARTESIAN_POINT('',(2.233535337182,-7.35381052434,26.4));
#3805 = SURFACE_CURVE('',#3806,(#3810,#3822),.PCURVE_S1.);
#3806 = LINE('',#3807,#3808);
#3807 = CARTESIAN_POINT('',(2.233535337182,-7.35381052434,22.9));
#3808 = VECTOR('',#3809,1.);
#3809 = DIRECTION('',(0.,0.,1.));
#3810 = PCURVE('',#3811,#3816);
#3811 = PLANE('',#3812);
#3812 = AXIS2_PLACEMENT_3D('',#3813,#3814,#3815);
#3813 = CARTESIAN_POINT('',(2.233535337182,-7.35381052434,22.9));
#3814 = DIRECTION('',(1.,0.,0.));
#3815 = DIRECTION('',(0.,0.,1.));
#3816 = DEFINITIONAL_REPRESENTATION('',(#3817),#3821);
#3817 = LINE('',#3818,#3819);
#3818 = CARTESIAN_POINT('',(0.,0.));
#3819 = VECTOR('',#3820,1.);
#3820 = DIRECTION('',(1.,0.));
#3821 = ( GEOMETRIC_REPRESENTATION_CONTEXT(2) 
PARAMETRIC_REPRESENTATION_CONTEXT() REPRESENTATION_CONTEXT('2D SPACE',''
  ) );
#3822 = PCURVE('',#3823,#3828);
#3823 = PLANE('',#3824);
#3824 = AXIS2_PLACEMENT_3D('',#3825,#3826,#3827);
#3825 = CARTESIAN_POINT('',(2.233535337182,-7.35381052434,22.9));
#3826 = DIRECTION('',(0.,1.,0.));
#3827 = DIRECTION('',(0.,0.,1.));
#3828 = DEFINITIONAL_REPRESENTATION('',(#3829),#3833);
#3829 = LINE('',#3830,#3831);
#3830 = CARTESIAN_POINT('',(0.,0.));
#3831 = VECTOR('',#3832,1.);
#3832 = DIRECTION('',(1.,0.));
#3833 = ( GEOMETRIC_REPRESENTATION_CONTEXT(2) 
PARAMETRIC_REPRESENTATION_CONTEXT() REPRESENTATION_CONTEXT('2D SPACE',''
  ) );
#3834 = ORIENTED_EDGE('',*,*,#3835,.T.);
#3835 = EDGE_CURVE('',#3801,#3836,#3838,.T.);
#3836 = VERTEX_POINT('',#3837);
#3837 = CARTESIAN_POINT('',(2.233535337182,-2.233535337182,22.9));
#3838 = SURFACE_CURVE('',#3839,(#3843,#3850),.PCURVE_S1.);
#3839 = LINE('',#3840,#3841);
#3840 = CARTESIAN_POINT('',(2.233535337182,-7.35381052434,22.9));
#3841 = VECTOR('',#3842,1.);
#3842 = DIRECTION('',(0.,1.,0.));
#3843 = PCURVE('',#3811,#3844);
#3844 = DEFINITIONAL_REPRESENTATION('',(#3845),#3849);
#3845 = LINE('',#3846,#3847);
#3846 = CARTESIAN_POINT('',(0.,0.));
#3847 = VECTOR('',#3848,1.);
#3848 = DIRECTION('',(0.,-1.));
#3849 = ( GEOMETRIC_REPRESENTATION_CONTEXT(2) 
PARAMETRIC_REPRESENTATION_CONTEXT() REPRESENTATION_CONTEXT('2D SPACE',''
  ) );
#3850 = PCURVE('',#3851,#3856);
#3851 = PLANE('',#3852);
#3852 = AXIS2_PLACEMENT_3D('',#3853,#3854,#3855);
#3853 = CARTESIAN_POINT('',(2.233535337182,-7.35381052434,22.9));
#3854 = DIRECTION('',(0.,0.,1.));
#3855 = DIRECTION('',(1.,0.,0.));
#3856 = DEFINITIONAL_REPRESENTATION('',(#3857),#3861);
#3857 = LINE('',#3858,#3859);
#3858 = CARTESIAN_POINT('',(0.,0.));
#3859 = VECTOR('',#3860,1.);
#3860 = DIRECTION('',(0.,1.));
#3861 = ( GEOMETRIC_REPRESENTATION_CONTEXT(2) 
PARAMETRIC_REPRESENTATION_CONTEXT() REPRESENTATION_CONTEXT('2D SPACE',''
  ) );
#3862 = ORIENTED_EDGE('',*,*,#3863,.T.);
#3863 = EDGE_CURVE('',#3836,#3864,#3866,.T.);
#3864 = VERTEX_POINT('',#3865);
#3865 = CARTESIAN_POINT('',(2.233535337182,-2.233535337182,26.4));
#3866 = SURFACE_CURVE('',#3867,(#3871,#3878),.PCURVE_S1.);
#3867 = LINE('',#3868,#3869);
#3868 = CARTESIAN_POINT('',(2.233535337182,-2.233535337182,22.9));
#3869 = VECTOR('',#3870,1.);
#3870 = DIRECTION('',(0.,0.,1.));
#3871 = PCURVE('',#3811,#3872);
#3872 = DEFINITIONAL_REPRESENTATION('',(#3873),#3877);
#3873 = LINE('',#3874,#3875);
#3874 = CARTESIAN_POINT('',(0.,-5.120275187158));
#3875 = VECTOR('',#3876,1.);
#3876 = DIRECTION('',(1.,0.));
#3877 = ( GEOMETRIC_REPRESENTATION_CONTEXT(2) 
PARAMETRIC_REPRESENTATION_CONTEXT() REPRESENTATION_CONTEXT('2D SPACE',''
  ) );
#3878 = PCURVE('',#3879,#3884);
#3879 = PLANE('',#3880);
#3880 = AXIS2_PLACEMENT_3D('',#3881,#3882,#3883);
#3881 = CARTESIAN_POINT('',(2.233535337182,-2.233535337182,22.9));
#3882 = DIRECTION('',(0.,1.,0.));
#3883 = DIRECTION('',(0.,0.,1.));
#3884 = DEFINITIONAL_REPRESENTATION('',(#3885),#3889);
#3885 = LINE('',#3886,#3887);
#3886 = CARTESIAN_POINT('',(0.,0.));
#3887 = VECTOR('',#3888,1.);
#3888 = DIRECTION('',(1.,0.));
#3889 = ( GEOMETRIC_REPRESENTATION_CONTEXT(2) 
PARAMETRIC_REPRESENTATION_CONTEXT() REPRESENTATION_CONTEXT('2D SPACE',''
  ) );
#3890 = ORIENTED_EDGE('',*,*,#3891,.F.);
#3891 = EDGE_CURVE('',#3803,#3864,#3892,.T.);
#3892 = SURFACE_CURVE('',#3893,(#3897,#3904),.PCURVE_S1.);
#3893 = LINE('',#3894,#3895);
#3894 = CARTESIAN_POINT('',(2.233535337182,-7.35381052434,26.4));
#3895 = VECTOR('',#3896,1.);
#3896 = DIRECTION('',(0.,1.,0.));
#3897 = PCURVE('',#3811,#3898);
#3898 = DEFINITIONAL_REPRESENTATION('',(#3899),#3903);
#3899 = LINE('',#3900,#3901);
#3900 = CARTESIAN_POINT('',(3.5,0.));
#3901 = VECTOR('',#3902,1.);
#3902 = DIRECTION('',(0.,-1.));
#3903 = ( GEOMETRIC_REPRESENTATION_CONTEXT(2) 
PARAMETRIC_REPRESENTATION_CONTEXT() REPRESENTATION_CONTEXT('2D SPACE',''
  ) );
#3904 = PCURVE('',#3905,#3910);
#3905 = PLANE('',#3906);
#3906 = AXIS2_PLACEMENT_3D('',#3907,#3908,#3909);
#3907 = CARTESIAN_POINT('',(2.233535337182,-7.35381052434,26.4));
#3908 = DIRECTION('',(0.,0.,1.));
#3909 = DIRECTION('',(1.,0.,0.));
#3910 = DEFINITIONAL_REPRESENTATION('',(#3911),#3915);
#3911 = LINE('',#3912,#3913);
#3912 = CARTESIAN_POINT('',(0.,0.));
#3913 = VECTOR('',#3914,1.);
#3914 = DIRECTION('',(0.,1.));
#3915 = ( GEOMETRIC_REPRESENTATION_CONTEXT(2) 
PARAMETRIC_REPRESENTATION_CONTEXT() REPRESENTATION_CONTEXT('2D SPACE',''
  ) );
#3916 = ADVANCED_FACE('',(#3917),#3931,.T.);
#3917 = FACE_BOUND('',#3918,.T.);
#3918 = EDGE_LOOP('',(#3919,#3949,#3972,#3995));
#3919 = ORIENTED_EDGE('',*,*,#3920,.F.);
#3920 = EDGE_CURVE('',#3921,#3923,#3925,.T.);
#3921 = VERTEX_POINT('',#3922);
#3922 = CARTESIAN_POINT('',(7.35381052434,-7.35381052434,22.9));
#3923 = VERTEX_POINT('',#3924);
#3924 = CARTESIAN_POINT('',(7.35381052434,-7.35381052434,26.4));
#3925 = SURFACE_CURVE('',#3926,(#3930,#3942),.PCURVE_S1.);
#3926 = LINE('',#3927,#3928);
#3927 = CARTESIAN_POINT('',(7.35381052434,-7.35381052434,22.9));
#3928 = VECTOR('',#3929,1.);
#3929 = DIRECTION('',(0.,0.,1.));
#3930 = PCURVE('',#3931,#3936);
#3931 = PLANE('',#3932);
#3932 = AXIS2_PLACEMENT_3D('',#3933,#3934,#3935);
#3933 = CARTESIAN_POINT('',(7.35381052434,-7.35381052434,22.9));
#3934 = DIRECTION('',(1.,0.,0.));
#3935 = DIRECTION('',(0.,0.,1.));
#3936 = DEFINITIONAL_REPRESENTATION('',(#3937),#3941);
#3937 = LINE('',#3938,#3939);
#3938 = CARTESIAN_POINT('',(0.,0.));
#3939 = VECTOR('',#3940,1.);
#3940 = DIRECTION('',(1.,0.));
#3941 = ( GEOMETRIC_REPRESENTATION_CONTEXT(2) 
PARAMETRIC_REPRESENTATION_CONTEXT() REPRESENTATION_CONTEXT('2D SPACE',''
  ) );
#3942 = PCURVE('',#3823,#3943);
#3943 = DEFINITIONAL_REPRESENTATION('',(#3944),#3948);
#3944 = LINE('',#3945,#3946);
#3945 = CARTESIAN_POINT('',(0.,5.120275187158));
#3946 = VECTOR('',#3947,1.);
#3947 = DIRECTION('',(1.,0.));
#3948 = ( GEOMETRIC_REPRESENTATION_CONTEXT(2) 
PARAMETRIC_REPRESENTATION_CONTEXT() REPRESENTATION_CONTEXT('2D SPACE',''
  ) );
#3949 = ORIENTED_EDGE('',*,*,#3950,.T.);
#3950 = EDGE_CURVE('',#3921,#3951,#3953,.T.);
#3951 = VERTEX_POINT('',#3952);
#3952 = CARTESIAN_POINT('',(7.35381052434,-2.233535337182,22.9));
#3953 = SURFACE_CURVE('',#3954,(#3958,#3965),.PCURVE_S1.);
#3954 = LINE('',#3955,#3956);
#3955 = CARTESIAN_POINT('',(7.35381052434,-7.35381052434,22.9));
#3956 = VECTOR('',#3957,1.);
#3957 = DIRECTION('',(0.,1.,0.));
#3958 = PCURVE('',#3931,#3959);
#3959 = DEFINITIONAL_REPRESENTATION('',(#3960),#3964);
#3960 = LINE('',#3961,#3962);
#3961 = CARTESIAN_POINT('',(0.,0.));
#3962 = VECTOR('',#3963,1.);
#3963 = DIRECTION('',(0.,-1.));
#3964 = ( GEOMETRIC_REPRESENTATION_CONTEXT(2) 
PARAMETRIC_REPRESENTATION_CONTEXT() REPRESENTATION_CONTEXT('2D SPACE',''
  ) );
#3965 = PCURVE('',#3851,#3966);
#3966 = DEFINITIONAL_REPRESENTATION('',(#3967),#3971);
#3967 = LINE('',#3968,#3969);
#3968 = CARTESIAN_POINT('',(5.120275187158,0.));
#3969 = VECTOR('',#3970,1.);
#3970 = DIRECTION('',(0.,1.));
#3971 = ( GEOMETRIC_REPRESENTATION_CONTEXT(2) 
PARAMETRIC_REPRESENTATION_CONTEXT() REPRESENTATION_CONTEXT('2D SPACE',''
  ) );
#3972 = ORIENTED_EDGE('',*,*,#3973,.T.);
#3973 = EDGE_CURVE('',#3951,#3974,#3976,.T.);
#3974 = VERTEX_POINT('',#3975);
#3975 = CARTESIAN_POINT('',(7.35381052434,-2.233535337182,26.4));
#3976 = SURFACE_CURVE('',#3977,(#3981,#3988),.PCURVE_S1.);
#3977 = LINE('',#3978,#3979);
#3978 = CARTESIAN_POINT('',(7.35381052434,-2.233535337182,22.9));
#3979 = VECTOR('',#3980,1.);
#3980 = DIRECTION('',(0.,0.,1.));
#3981 = PCURVE('',#3931,#3982);
#3982 = DEFINITIONAL_REPRESENTATION('',(#3983),#3987);
#3983 = LINE('',#3984,#3985);
#3984 = CARTESIAN_POINT('',(0.,-5.120275187158));
#3985 = VECTOR('',#3986,1.);
#3986 = DIRECTION('',(1.,0.));
#3987 = ( GEOMETRIC_REPRESENTATION_CONTEXT(2) 
PARAMETRIC_REPRESENTATION_CONTEXT() REPRESENTATION_CONTEXT('2D SPACE',''
  ) );
#3988 = PCURVE('',#3879,#3989);
#3989 = DEFINITIONAL_REPRESENTATION('',(#3990),#3994);
#3990 = LINE('',#3991,#3992);
#3991 = CARTESIAN_POINT('',(0.,5.120275187158));
#3992 = VECTOR('',#3993,1.);
#3993 = DIRECTION('',(1.,0.));
#3994 = ( GEOMETRIC_REPRESENTATION_CONTEXT(2) 
PARAMETRIC_REPRESENTATION_CONTEXT() REPRESENTATION_CONTEXT('2D SPACE',''
  ) );
#3995 = ORIENTED_EDGE('',*,*,#3996,.F.);
#3996 = EDGE_CURVE('',#3923,#3974,#3997,.T.);
#3997 = SURFACE_CURVE('',#3998,(#4002,#4009),.PCURVE_S1.);
#3998 = LINE('',#3999,#4000);
#3999 = CARTESIAN_POINT('',(7.35381052434,-7.35381052434,26.4));
#4000 = VECTOR('',#4001,1.);
#4001 = DIRECTION('',(0.,1.,0.));
#4002 = PCURVE('',#3931,#4003);
#4003 = DEFINITIONAL_REPRESENTATION('',(#4004),#4008);
#4004 = LINE('',#4005,#4006);
#4005 = CARTESIAN_POINT('',(3.5,0.));
#4006 = VECTOR('',#4007,1.);
#4007 = DIRECTION('',(0.,-1.));
#4008 = ( GEOMETRIC_REPRESENTATION_CONTEXT(2) 
PARAMETRIC_REPRESENTATION_CONTEXT() REPRESENTATION_CONTEXT('2D SPACE',''
  ) );
#4009 = PCURVE('',#3905,#4010);
#4010 = DEFINITIONAL_REPRESENTATION('',(#4011),#4015);
#4011 = LINE('',#4012,#4013);
#4012 = CARTESIAN_POINT('',(5.120275187158,0.));
#4013 = VECTOR('',#4014,1.);
#4014 = DIRECTION('',(0.,1.));
#4015 = ( GEOMETRIC_REPRESENTATION_CONTEXT(2) 
PARAMETRIC_REPRESENTATION_CONTEXT() REPRESENTATION_CONTEXT('2D SPACE',''
  ) );
#4016 = ADVANCED_FACE('',(#4017),#3823,.F.);
#4017 = FACE_BOUND('',#4018,.F.);
#4018 = EDGE_LOOP('',(#4019,#4040,#4041,#4062));
#4019 = ORIENTED_EDGE('',*,*,#4020,.F.);
#4020 = EDGE_CURVE('',#3801,#3921,#4021,.T.);
#4021 = SURFACE_CURVE('',#4022,(#4026,#4033),.PCURVE_S1.);
#4022 = LINE('',#4023,#4024);
#4023 = CARTESIAN_POINT('',(2.233535337182,-7.35381052434,22.9));
#4024 = VECTOR('',#4025,1.);
#4025 = DIRECTION('',(1.,0.,0.));
#4026 = PCURVE('',#3823,#4027);
#4027 = DEFINITIONAL_REPRESENTATION('',(#4028),#4032);
#4028 = LINE('',#4029,#4030);
#4029 = CARTESIAN_POINT('',(0.,0.));
#4030 = VECTOR('',#4031,1.);
#4031 = DIRECTION('',(0.,1.));
#4032 = ( GEOMETRIC_REPRESENTATION_CONTEXT(2) 
PARAMETRIC_REPRESENTATION_CONTEXT() REPRESENTATION_CONTEXT('2D SPACE',''
  ) );
#4033 = PCURVE('',#3851,#4034);
#4034 = DEFINITIONAL_REPRESENTATION('',(#4035),#4039);
#4035 = LINE('',#4036,#4037);
#4036 = CARTESIAN_POINT('',(0.,0.));
#4037 = VECTOR('',#4038,1.);
#4038 = DIRECTION('',(1.,0.));
#4039 = ( GEOMETRIC_REPRESENTATION_CONTEXT(2) 
PARAMETRIC_REPRESENTATION_CONTEXT() REPRESENTATION_CONTEXT('2D SPACE',''
  ) );
#4040 = ORIENTED_EDGE('',*,*,#3800,.T.);
#4041 = ORIENTED_EDGE('',*,*,#4042,.T.);
#4042 = EDGE_CURVE('',#3803,#3923,#4043,.T.);
#4043 = SURFACE_CURVE('',#4044,(#4048,#4055),.PCURVE_S1.);
#4044 = LINE('',#4045,#4046);
#4045 = CARTESIAN_POINT('',(2.233535337182,-7.35381052434,26.4));
#4046 = VECTOR('',#4047,1.);
#4047 = DIRECTION('',(1.,0.,0.));
#4048 = PCURVE('',#3823,#4049);
#4049 = DEFINITIONAL_REPRESENTATION('',(#4050),#4054);
#4050 = LINE('',#4051,#4052);
#4051 = CARTESIAN_POINT('',(3.5,0.));
#4052 = VECTOR('',#4053,1.);
#4053 = DIRECTION('',(0.,1.));
#4054 = ( GEOMETRIC_REPRESENTATION_CONTEXT(2) 
PARAMETRIC_REPRESENTATION_CONTEXT() REPRESENTATION_CONTEXT('2D SPACE',''
  ) );
#4055 = PCURVE('',#3905,#4056);
#4056 = DEFINITIONAL_REPRESENTATION('',(#4057),#4061);
#4057 = LINE('',#4058,#4059);
#4058 = CARTESIAN_POINT('',(0.,0.));
#4059 = VECTOR('',#4060,1.);
#4060 = DIRECTION('',(1.,0.));
#4061 = ( GEOMETRIC_REPRESENTATION_CONTEXT(2) 
PARAMETRIC_REPRESENTATION_CONTEXT() REPRESENTATION_CONTEXT('2D SPACE',''
  ) );
#4062 = ORIENTED_EDGE('',*,*,#3920,.F.);
#4063 = ADVANCED_FACE('',(#4064),#3879,.T.);
#4064 = FACE_BOUND('',#4065,.T.);
#4065 = EDGE_LOOP('',(#4066,#4087,#4088,#4109));
#4066 = ORIENTED_EDGE('',*,*,#4067,.F.);
#4067 = EDGE_CURVE('',#3836,#3951,#4068,.T.);
#4068 = SURFACE_CURVE('',#4069,(#4073,#4080),.PCURVE_S1.);
#4069 = LINE('',#4070,#4071);
#4070 = CARTESIAN_POINT('',(2.233535337182,-2.233535337182,22.9));
#4071 = VECTOR('',#4072,1.);
#4072 = DIRECTION('',(1.,0.,0.));
#4073 = PCURVE('',#3879,#4074);
#4074 = DEFINITIONAL_REPRESENTATION('',(#4075),#4079);
#4075 = LINE('',#4076,#4077);
#4076 = CARTESIAN_POINT('',(0.,0.));
#4077 = VECTOR('',#4078,1.);
#4078 = DIRECTION('',(0.,1.));
#4079 = ( GEOMETRIC_REPRESENTATION_CONTEXT(2) 
PARAMETRIC_REPRESENTATION_CONTEXT() REPRESENTATION_CONTEXT('2D SPACE',''
  ) );
#4080 = PCURVE('',#3851,#4081);
#4081 = DEFINITIONAL_REPRESENTATION('',(#4082),#4086);
#4082 = LINE('',#4083,#4084);
#4083 = CARTESIAN_POINT('',(0.,5.120275187158));
#4084 = VECTOR('',#4085,1.);
#4085 = DIRECTION('',(1.,0.));
#4086 = ( GEOMETRIC_REPRESENTATION_CONTEXT(2) 
PARAMETRIC_REPRESENTATION_CONTEXT() REPRESENTATION_CONTEXT('2D SPACE',''
  ) );
#4087 = ORIENTED_EDGE('',*,*,#3863,.T.);
#4088 = ORIENTED_EDGE('',*,*,#4089,.T.);
#4089 = EDGE_CURVE('',#3864,#3974,#4090,.T.);
#4090 = SURFACE_CURVE('',#4091,(#4095,#4102),.PCURVE_S1.);
#4091 = LINE('',#4092,#4093);
#4092 = CARTESIAN_POINT('',(2.233535337182,-2.233535337182,26.4));
#4093 = VECTOR('',#4094,1.);
#4094 = DIRECTION('',(1.,0.,0.));
#4095 = PCURVE('',#3879,#4096);
#4096 = DEFINITIONAL_REPRESENTATION('',(#4097),#4101);
#4097 = LINE('',#4098,#4099);
#4098 = CARTESIAN_POINT('',(3.5,0.));
#4099 = VECTOR('',#4100,1.);
#4100 = DIRECTION('',(0.,1.));
#4101 = ( GEOMETRIC_REPRESENTATION_CONTEXT(2) 
PARAMETRIC_REPRESENTATION_CONTEXT() REPRESENTATION_CONTEXT('2D SPACE',''
  ) );
#4102 = PCURVE('',#3905,#4103);
#4103 = DEFINITIONAL_REPRESENTATION('',(#4104),#4108);
#4104 = LINE('',#4105,#4106);
#4105 = CARTESIAN_POINT('',(0.,5.120275187158));
#4106 = VECTOR('',#4107,1.);
#4107 = DIRECTION('',(1.,0.));
#4108 = ( GEOMETRIC_REPRESENTATION_CONTEXT(2) 
PARAMETRIC_REPRESENTATION_CONTEXT() REPRESENTATION_CONTEXT('2D SPACE',''
  ) );
#4109 = ORIENTED_EDGE('',*,*,#3973,.F.);
#4110 = ADVANCED_FACE('',(#4111),#3851,.F.);
#4111 = FACE_BOUND('',#4112,.F.);
#4112 = EDGE_LOOP('',(#4113,#4114,#4115,#4116));
#4113 = ORIENTED_EDGE('',*,*,#3835,.F.);
#4114 = ORIENTED_EDGE('',*,*,#4020,.T.);
#4115 = ORIENTED_EDGE('',*,*,#3950,.T.);
#4116 = ORIENTED_EDGE('',*,*,#4067,.F.);
#4117 = ADVANCED_FACE('',(#4118),#3905,.T.);
#4118 = FACE_BOUND('',#4119,.T.);
#4119 = EDGE_LOOP('',(#4120,#4121,#4122,#4123));
#4120 = ORIENTED_EDGE('',*,*,#3891,.F.);
#4121 = ORIENTED_EDGE('',*,*,#4042,.T.);
#4122 = ORIENTED_EDGE('',*,*,#3996,.T.);
#4123 = ORIENTED_EDGE('',*,*,#4089,.F.);
#4124 = ( GEOMETRIC_REPRESENTATION_CONTEXT(3) 
GLOBAL_UNCERTAINTY_ASSIGNED_CONTEXT((#4128)) 
GLOBAL_UNIT_ASSIGNED_CONTEXT((#4125,#4126,#4127)) REPRESENTATION_CONTEXT
('Context #1','3D Context with UNIT and UNCERTAINTY') );
#4125 = ( LENGTH_UNIT() NAMED_UNIT(*) SI_UNIT(.MILLI.,.METRE.) );
#4126 = ( NAMED_UNIT(*) PLANE_ANGLE_UNIT() SI_UNIT($,.RADIAN.) );
#4127 = ( NAMED_UNIT(*) SI_UNIT($,.STERADIAN.) SOLID_ANGLE_UNIT() );
#4128 = UNCERTAINTY_MEASURE_WITH_UNIT(LENGTH_MEASURE(1.E-07),#4125,
  'distance_accuracy_value','confusion accuracy');
#4129 = CONTEXT_DEPENDENT_SHAPE_REPRESENTATION(#4130,#4132);
#4130 = ( REPRESENTATION_RELATIONSHIP('','',#3793,#10) 
REPRESENTATION_RELATIONSHIP_WITH_TRANSFORMATION(#4131) 
SHAPE_REPRESENTATION_RELATIONSHIP() );
#4131 = ITEM_DEFINED_TRANSFORMATION('','',#11,#67);
#4132 = PRODUCT_DEFINITION_SHAPE('Placement','Placement of an item',
  #4133);
#4133 = NEXT_ASSEMBLY_USAGE_OCCURRENCE('68','pole_magnet_4','',#5,#3788,
  $);
#4134 = PRODUCT_RELATED_PRODUCT_CATEGORY('part',$,(#3790));
#4135 = SHAPE_DEFINITION_REPRESENTATION(#4136,#4142);
#4136 = PRODUCT_DEFINITION_SHAPE('','',#4137);
#4137 = PRODUCT_DEFINITION('design','',#4138,#4141);
#4138 = PRODUCT_DEFINITION_FORMATION('','',#4139);
#4139 = PRODUCT('keeper','keeper','',(#4140));
#4140 = PRODUCT_CONTEXT('',#2,'mechanical');
#4141 = PRODUCT_DEFINITION_CONTEXT('part definition',#2,'design');
#4142 = ADVANCED_BREP_SHAPE_REPRESENTATION('',(#11,#4143),#4325);
#4143 = MANIFOLD_SOLID_BREP('',#4144);
#4144 = CLOSED_SHELL('',(#4145,#4233,#4268,#4298));
#4145 = ADVANCED_FACE('',(#4146),#4159,.T.);
#4146 = FACE_BOUND('',#4147,.T.);
#4147 = EDGE_LOOP('',(#4148,#4182,#4205,#4232));
#4148 = ORIENTED_EDGE('',*,*,#4149,.F.);
#4149 = EDGE_CURVE('',#4150,#4150,#4152,.T.);
#4150 = VERTEX_POINT('',#4151);
#4151 = CARTESIAN_POINT('',(10.699858578644,-2.620709511933E-15,
    29.915340128026));
#4152 = SURFACE_CURVE('',#4153,(#4158,#4170),.PCURVE_S1.);
#4153 = CIRCLE('',#4154,10.699858578644);
#4154 = AXIS2_PLACEMENT_3D('',#4155,#4156,#4157);
#4155 = CARTESIAN_POINT('',(0.,0.,29.915340128026));
#4156 = DIRECTION('',(0.,0.,1.));
#4157 = DIRECTION('',(1.,0.,-0.));
#4158 = PCURVE('',#4159,#4164);
#4159 = CYLINDRICAL_SURFACE('',#4160,10.699858578644);
#4160 = AXIS2_PLACEMENT_3D('',#4161,#4162,#4163);
#4161 = CARTESIAN_POINT('',(0.,0.,28.45));
#4162 = DIRECTION('',(0.,0.,1.));
#4163 = DIRECTION('',(1.,0.,-0.));
#4164 = DEFINITIONAL_REPRESENTATION('',(#4165),#4169);
#4165 = LINE('',#4166,#4167);
#4166 = CARTESIAN_POINT('',(0.,1.465340128026));
#4167 = VECTOR('',#4168,1.);
#4168 = DIRECTION('',(1.,0.));
#4169 = ( GEOMETRIC_REPRESENTATION_CONTEXT(2) 
PARAMETRIC_REPRESENTATION_CONTEXT() REPRESENTATION_CONTEXT('2D SPACE',''
  ) );
#4170 = PCURVE('',#4171,#4176);
#4171 = PLANE('',#4172);
#4172 = AXIS2_PLACEMENT_3D('',#4173,#4174,#4175);
#4173 = CARTESIAN_POINT('',(0.,0.,29.915340128026));
#4174 = DIRECTION('',(0.,0.,1.));
#4175 = DIRECTION('',(1.,0.,-0.));
#4176 = DEFINITIONAL_REPRESENTATION('',(#4177),#4181);
#4177 = CIRCLE('',#4178,10.699858578644);
#4178 = AXIS2_PLACEMENT_2D('',#4179,#4180);
#4179 = CARTESIAN_POINT('',(0.,0.));
#4180 = DIRECTION('',(1.,0.));
#4181 = ( GEOMETRIC_REPRESENTATION_CONTEXT(2) 
PARAMETRIC_REPRESENTATION_CONTEXT() REPRESENTATION_CONTEXT('2D SPACE',''
  ) );
#4182 = ORIENTED_EDGE('',*,*,#4183,.F.);
#4183 = EDGE_CURVE('',#4184,#4150,#4186,.T.);
#4184 = VERTEX_POINT('',#4185);
#4185 = CARTESIAN_POINT('',(10.699858578644,-2.620709511933E-15,28.45));
#4186 = SEAM_CURVE('',#4187,(#4191,#4198),.PCURVE_S1.);
#4187 = LINE('',#4188,#4189);
#4188 = CARTESIAN_POINT('',(10.699858578644,-2.620709511933E-15,28.45));
#4189 = VECTOR('',#4190,1.);
#4190 = DIRECTION('',(0.,0.,1.));
#4191 = PCURVE('',#4159,#4192);
#4192 = DEFINITIONAL_REPRESENTATION('',(#4193),#4197);
#4193 = LINE('',#4194,#4195);
#4194 = CARTESIAN_POINT('',(6.28318530718,-0.));
#4195 = VECTOR('',#4196,1.);
#4196 = DIRECTION('',(0.,1.));
#4197 = ( GEOMETRIC_REPRESENTATION_CONTEXT(2) 
PARAMETRIC_REPRESENTATION_CONTEXT() REPRESENTATION_CONTEXT('2D SPACE',''
  ) );
#4198 = PCURVE('',#4159,#4199);
#4199 = DEFINITIONAL_REPRESENTATION('',(#4200),#4204);
#4200 = LINE('',#4201,#4202);
#4201 = CARTESIAN_POINT('',(0.,-0.));
#4202 = VECTOR('',#4203,1.);
#4203 = DIRECTION('',(0.,1.));
#4204 = ( GEOMETRIC_REPRESENTATION_CONTEXT(2) 
PARAMETRIC_REPRESENTATION_CONTEXT() REPRESENTATION_CONTEXT('2D SPACE',''
  ) );
#4205 = ORIENTED_EDGE('',*,*,#4206,.T.);
#4206 = EDGE_CURVE('',#4184,#4184,#4207,.T.);
#4207 = SURFACE_CURVE('',#4208,(#4213,#4220),.PCURVE_S1.);
#4208 = CIRCLE('',#4209,10.699858578644);
#4209 = AXIS2_PLACEMENT_3D('',#4210,#4211,#4212);
#4210 = CARTESIAN_POINT('',(0.,0.,28.45));
#4211 = DIRECTION('',(0.,0.,1.));
#4212 = DIRECTION('',(1.,0.,-0.));
#4213 = PCURVE('',#4159,#4214);
#4214 = DEFINITIONAL_REPRESENTATION('',(#4215),#4219);
#4215 = LINE('',#4216,#4217);
#4216 = CARTESIAN_POINT('',(0.,0.));
#4217 = VECTOR('',#4218,1.);
#4218 = DIRECTION('',(1.,0.));
#4219 = ( GEOMETRIC_REPRESENTATION_CONTEXT(2) 
PARAMETRIC_REPRESENTATION_CONTEXT() REPRESENTATION_CONTEXT('2D SPACE',''
  ) );
#4220 = PCURVE('',#4221,#4226);
#4221 = PLANE('',#4222);
#4222 = AXIS2_PLACEMENT_3D('',#4223,#4224,#4225);
#4223 = CARTESIAN_POINT('',(0.,0.,28.45));
#4224 = DIRECTION('',(0.,0.,1.));
#4225 = DIRECTION('',(1.,0.,-0.));
#4226 = DEFINITIONAL_REPRESENTATION('',(#4227),#4231);
#4227 = CIRCLE('',#4228,10.699858578644);
#4228 = AXIS2_PLACEMENT_2D('',#4229,#4230);
#4229 = CARTESIAN_POINT('',(0.,0.));
#4230 = DIRECTION('',(1.,0.));
#4231 = ( GEOMETRIC_REPRESENTATION_CONTEXT(2) 
PARAMETRIC_REPRESENTATION_CONTEXT() REPRESENTATION_CONTEXT('2D SPACE',''
  ) );
#4232 = ORIENTED_EDGE('',*,*,#4183,.T.);
#4233 = ADVANCED_FACE('',(#4234,#4237),#4171,.T.);
#4234 = FACE_BOUND('',#4235,.T.);
#4235 = EDGE_LOOP('',(#4236));
#4236 = ORIENTED_EDGE('',*,*,#4149,.T.);
#4237 = FACE_BOUND('',#4238,.T.);
#4238 = EDGE_LOOP('',(#4239));
#4239 = ORIENTED_EDGE('',*,*,#4240,.F.);
#4240 = EDGE_CURVE('',#4241,#4241,#4243,.T.);
#4241 = VERTEX_POINT('',#4242);
#4242 = CARTESIAN_POINT('',(3.158695965882,-7.736573808194E-16,
    29.915340128026));
#4243 = SURFACE_CURVE('',#4244,(#4249,#4256),.PCURVE_S1.);
#4244 = CIRCLE('',#4245,3.158695965882);
#4245 = AXIS2_PLACEMENT_3D('',#4246,#4247,#4248);
#4246 = CARTESIAN_POINT('',(0.,0.,29.915340128026));
#4247 = DIRECTION('',(0.,0.,1.));
#4248 = DIRECTION('',(1.,0.,-0.));
#4249 = PCURVE('',#4171,#4250);
#4250 = DEFINITIONAL_REPRESENTATION('',(#4251),#4255);
#4251 = CIRCLE('',#4252,3.158695965882);
#4252 = AXIS2_PLACEMENT_2D('',#4253,#4254);
#4253 = CARTESIAN_POINT('',(0.,0.));
#4254 = DIRECTION('',(1.,0.));
#4255 = ( GEOMETRIC_REPRESENTATION_CONTEXT(2) 
PARAMETRIC_REPRESENTATION_CONTEXT() REPRESENTATION_CONTEXT('2D SPACE',''
  ) );
#4256 = PCURVE('',#4257,#4262);
#4257 = CYLINDRICAL_SURFACE('',#4258,3.158695965882);
#4258 = AXIS2_PLACEMENT_3D('',#4259,#4260,#4261);
#4259 = CARTESIAN_POINT('',(0.,0.,28.45));
#4260 = DIRECTION('',(0.,0.,1.));
#4261 = DIRECTION('',(1.,0.,-0.));
#4262 = DEFINITIONAL_REPRESENTATION('',(#4263),#4267);
#4263 = LINE('',#4264,#4265);
#4264 = CARTESIAN_POINT('',(0.,1.465340128026));
#4265 = VECTOR('',#4266,1.);
#4266 = DIRECTION('',(1.,0.));
#4267 = ( GEOMETRIC_REPRESENTATION_CONTEXT(2) 
PARAMETRIC_REPRESENTATION_CONTEXT() REPRESENTATION_CONTEXT('2D SPACE',''
  ) );
#4268 = ADVANCED_FACE('',(#4269,#4272),#4221,.F.);
#4269 = FACE_BOUND('',#4270,.F.);
#4270 = EDGE_LOOP('',(#4271));
#4271 = ORIENTED_EDGE('',*,*,#4206,.T.);
#4272 = FACE_BOUND('',#4273,.F.);
#4273 = EDGE_LOOP('',(#4274));
#4274 = ORIENTED_EDGE('',*,*,#4275,.F.);
#4275 = EDGE_CURVE('',#4276,#4276,#4278,.T.);
#4276 = VERTEX_POINT('',#4277);
#4277 = CARTESIAN_POINT('',(3.158695965882,-7.736573808194E-16,28.45));
#4278 = SURFACE_CURVE('',#4279,(#4284,#4291),.PCURVE_S1.);
#4279 = CIRCLE('',#4280,3.158695965882);
#4280 = AXIS2_PLACEMENT_3D('',#4281,#4282,#4283);
#4281 = CARTESIAN_POINT('',(0.,0.,28.45));
#4282 = DIRECTION('',(0.,0.,1.));
#4283 = DIRECTION('',(1.,0.,-0.));
#4284 = PCURVE('',#4221,#4285);
#4285 = DEFINITIONAL_REPRESENTATION('',(#4286),#4290);
#4286 = CIRCLE('',#4287,3.158695965882);
#4287 = AXIS2_PLACEMENT_2D('',#4288,#4289);
#4288 = CARTESIAN_POINT('',(0.,0.));
#4289 = DIRECTION('',(1.,0.));
#4290 = ( GEOMETRIC_REPRESENTATION_CONTEXT(2) 
PARAMETRIC_REPRESENTATION_CONTEXT() REPRESENTATION_CONTEXT('2D SPACE',''
  ) );
#4291 = PCURVE('',#4257,#4292);
#4292 = DEFINITIONAL_REPRESENTATION('',(#4293),#4297);
#4293 = LINE('',#4294,#4295);
#4294 = CARTESIAN_POINT('',(0.,0.));
#4295 = VECTOR('',#4296,1.);
#4296 = DIRECTION('',(1.,0.));
#4297 = ( GEOMETRIC_REPRESENTATION_CONTEXT(2) 
PARAMETRIC_REPRESENTATION_CONTEXT() REPRESENTATION_CONTEXT('2D SPACE',''
  ) );
#4298 = ADVANCED_FACE('',(#4299),#4257,.F.);
#4299 = FACE_BOUND('',#4300,.F.);
#4300 = EDGE_LOOP('',(#4301,#4302,#4323,#4324));
#4301 = ORIENTED_EDGE('',*,*,#4240,.F.);
#4302 = ORIENTED_EDGE('',*,*,#4303,.F.);
#4303 = EDGE_CURVE('',#4276,#4241,#4304,.T.);
#4304 = SEAM_CURVE('',#4305,(#4309,#4316),.PCURVE_S1.);
#4305 = LINE('',#4306,#4307);
#4306 = CARTESIAN_POINT('',(3.158695965882,-7.736573808194E-16,28.45));
#4307 = VECTOR('',#4308,1.);
#4308 = DIRECTION('',(0.,0.,1.));
#4309 = PCURVE('',#4257,#4310);
#4310 = DEFINITIONAL_REPRESENTATION('',(#4311),#4315);
#4311 = LINE('',#4312,#4313);
#4312 = CARTESIAN_POINT('',(6.28318530718,-0.));
#4313 = VECTOR('',#4314,1.);
#4314 = DIRECTION('',(0.,1.));
#4315 = ( GEOMETRIC_REPRESENTATION_CONTEXT(2) 
PARAMETRIC_REPRESENTATION_CONTEXT() REPRESENTATION_CONTEXT('2D SPACE',''
  ) );
#4316 = PCURVE('',#4257,#4317);
#4317 = DEFINITIONAL_REPRESENTATION('',(#4318),#4322);
#4318 = LINE('',#4319,#4320);
#4319 = CARTESIAN_POINT('',(0.,-0.));
#4320 = VECTOR('',#4321,1.);
#4321 = DIRECTION('',(0.,1.));
#4322 = ( GEOMETRIC_REPRESENTATION_CONTEXT(2) 
PARAMETRIC_REPRESENTATION_CONTEXT() REPRESENTATION_CONTEXT('2D SPACE',''
  ) );
#4323 = ORIENTED_EDGE('',*,*,#4275,.T.);
#4324 = ORIENTED_EDGE('',*,*,#4303,.T.);
#4325 = ( GEOMETRIC_REPRESENTATION_CONTEXT(3) 
GLOBAL_UNCERTAINTY_ASSIGNED_CONTEXT((#4329)) 
GLOBAL_UNIT_ASSIGNED_CONTEXT((#4326,#4327,#4328)) REPRESENTATION_CONTEXT
('Context #1','3D Context with UNIT and UNCERTAINTY') );
#4326 = ( LENGTH_UNIT() NAMED_UNIT(*) SI_UNIT(.MILLI.,.METRE.) );
#4327 = ( NAMED_UNIT(*) PLANE_ANGLE_UNIT() SI_UNIT($,.RADIAN.) );
#4328 = ( NAMED_UNIT(*) SI_UNIT($,.STERADIAN.) SOLID_ANGLE_UNIT() );
#4329 = UNCERTAINTY_MEASURE_WITH_UNIT(LENGTH_MEASURE(1.E-07),#4326,
  'distance_accuracy_value','confusion accuracy');
#4330 = CONTEXT_DEPENDENT_SHAPE_REPRESENTATION(#4331,#4333);
#4331 = ( REPRESENTATION_RELATIONSHIP('','',#4142,#10) 
REPRESENTATION_RELATIONSHIP_WITH_TRANSFORMATION(#4332) 
SHAPE_REPRESENTATION_RELATIONSHIP() );
#4332 = ITEM_DEFINED_TRANSFORMATION('','',#11,#71);
#4333 = PRODUCT_DEFINITION_SHAPE('Placement','Placement of an item',
  #4334);
#4334 = NEXT_ASSEMBLY_USAGE_OCCURRENCE('69','keeper','',#5,#4137,$);
#4335 = PRODUCT_RELATED_PRODUCT_CATEGORY('part',$,(#4139));
#4336 = SHAPE_DEFINITION_REPRESENTATION(#4337,#4343);
#4337 = PRODUCT_DEFINITION_SHAPE('','',#4338);
#4338 = PRODUCT_DEFINITION('design','',#4339,#4342);
#4339 = PRODUCT_DEFINITION_FORMATION('','',#4340);
#4340 = PRODUCT('front_race','front_race','',(#4341));
#4341 = PRODUCT_CONTEXT('',#2,'mechanical');
#4342 = PRODUCT_DEFINITION_CONTEXT('part definition',#2,'design');
#4343 = ADVANCED_BREP_SHAPE_REPRESENTATION('',(#11,#4344),#4526);
#4344 = MANIFOLD_SOLID_BREP('',#4345);
#4345 = CLOSED_SHELL('',(#4346,#4434,#4469,#4499));
#4346 = ADVANCED_FACE('',(#4347),#4360,.T.);
#4347 = FACE_BOUND('',#4348,.T.);
#4348 = EDGE_LOOP('',(#4349,#4383,#4406,#4433));
#4349 = ORIENTED_EDGE('',*,*,#4350,.F.);
#4350 = EDGE_CURVE('',#4351,#4351,#4353,.T.);
#4351 = VERTEX_POINT('',#4352);
#4352 = CARTESIAN_POINT('',(9.43,-2.309683863192E-15,30.215340128026));
#4353 = SURFACE_CURVE('',#4354,(#4359,#4371),.PCURVE_S1.);
#4354 = CIRCLE('',#4355,9.43);
#4355 = AXIS2_PLACEMENT_3D('',#4356,#4357,#4358);
#4356 = CARTESIAN_POINT('',(0.,0.,30.215340128026));
#4357 = DIRECTION('',(0.,0.,1.));
#4358 = DIRECTION('',(1.,0.,-0.));
#4359 = PCURVE('',#4360,#4365);
#4360 = CYLINDRICAL_SURFACE('',#4361,9.43);
#4361 = AXIS2_PLACEMENT_3D('',#4362,#4363,#4364);
#4362 = CARTESIAN_POINT('',(0.,0.,29.915340128026));
#4363 = DIRECTION('',(0.,0.,1.));
#4364 = DIRECTION('',(1.,0.,-0.));
#4365 = DEFINITIONAL_REPRESENTATION('',(#4366),#4370);
#4366 = LINE('',#4367,#4368);
#4367 = CARTESIAN_POINT('',(0.,0.3));
#4368 = VECTOR('',#4369,1.);
#4369 = DIRECTION('',(1.,0.));
#4370 = ( GEOMETRIC_REPRESENTATION_CONTEXT(2) 
PARAMETRIC_REPRESENTATION_CONTEXT() REPRESENTATION_CONTEXT('2D SPACE',''
  ) );
#4371 = PCURVE('',#4372,#4377);
#4372 = PLANE('',#4373);
#4373 = AXIS2_PLACEMENT_3D('',#4374,#4375,#4376);
#4374 = CARTESIAN_POINT('',(0.,0.,30.215340128026));
#4375 = DIRECTION('',(0.,0.,1.));
#4376 = DIRECTION('',(1.,0.,-0.));
#4377 = DEFINITIONAL_REPRESENTATION('',(#4378),#4382);
#4378 = CIRCLE('',#4379,9.43);
#4379 = AXIS2_PLACEMENT_2D('',#4380,#4381);
#4380 = CARTESIAN_POINT('',(0.,0.));
#4381 = DIRECTION('',(1.,0.));
#4382 = ( GEOMETRIC_REPRESENTATION_CONTEXT(2) 
PARAMETRIC_REPRESENTATION_CONTEXT() REPRESENTATION_CONTEXT('2D SPACE',''
  ) );
#4383 = ORIENTED_EDGE('',*,*,#4384,.F.);
#4384 = EDGE_CURVE('',#4385,#4351,#4387,.T.);
#4385 = VERTEX_POINT('',#4386);
#4386 = CARTESIAN_POINT('',(9.43,-2.309683863192E-15,29.915340128026));
#4387 = SEAM_CURVE('',#4388,(#4392,#4399),.PCURVE_S1.);
#4388 = LINE('',#4389,#4390);
#4389 = CARTESIAN_POINT('',(9.43,-2.309683863192E-15,29.915340128026));
#4390 = VECTOR('',#4391,1.);
#4391 = DIRECTION('',(0.,0.,1.));
#4392 = PCURVE('',#4360,#4393);
#4393 = DEFINITIONAL_REPRESENTATION('',(#4394),#4398);
#4394 = LINE('',#4395,#4396);
#4395 = CARTESIAN_POINT('',(6.28318530718,-0.));
#4396 = VECTOR('',#4397,1.);
#4397 = DIRECTION('',(0.,1.));
#4398 = ( GEOMETRIC_REPRESENTATION_CONTEXT(2) 
PARAMETRIC_REPRESENTATION_CONTEXT() REPRESENTATION_CONTEXT('2D SPACE',''
  ) );
#4399 = PCURVE('',#4360,#4400);
#4400 = DEFINITIONAL_REPRESENTATION('',(#4401),#4405);
#4401 = LINE('',#4402,#4403);
#4402 = CARTESIAN_POINT('',(0.,-0.));
#4403 = VECTOR('',#4404,1.);
#4404 = DIRECTION('',(0.,1.));
#4405 = ( GEOMETRIC_REPRESENTATION_CONTEXT(2) 
PARAMETRIC_REPRESENTATION_CONTEXT() REPRESENTATION_CONTEXT('2D SPACE',''
  ) );
#4406 = ORIENTED_EDGE('',*,*,#4407,.T.);
#4407 = EDGE_CURVE('',#4385,#4385,#4408,.T.);
#4408 = SURFACE_CURVE('',#4409,(#4414,#4421),.PCURVE_S1.);
#4409 = CIRCLE('',#4410,9.43);
#4410 = AXIS2_PLACEMENT_3D('',#4411,#4412,#4413);
#4411 = CARTESIAN_POINT('',(0.,0.,29.915340128026));
#4412 = DIRECTION('',(0.,0.,1.));
#4413 = DIRECTION('',(1.,0.,-0.));
#4414 = PCURVE('',#4360,#4415);
#4415 = DEFINITIONAL_REPRESENTATION('',(#4416),#4420);
#4416 = LINE('',#4417,#4418);
#4417 = CARTESIAN_POINT('',(0.,0.));
#4418 = VECTOR('',#4419,1.);
#4419 = DIRECTION('',(1.,0.));
#4420 = ( GEOMETRIC_REPRESENTATION_CONTEXT(2) 
PARAMETRIC_REPRESENTATION_CONTEXT() REPRESENTATION_CONTEXT('2D SPACE',''
  ) );
#4421 = PCURVE('',#4422,#4427);
#4422 = PLANE('',#4423);
#4423 = AXIS2_PLACEMENT_3D('',#4424,#4425,#4426);
#4424 = CARTESIAN_POINT('',(0.,0.,29.915340128026));
#4425 = DIRECTION('',(0.,0.,1.));
#4426 = DIRECTION('',(1.,0.,-0.));
#4427 = DEFINITIONAL_REPRESENTATION('',(#4428),#4432);
#4428 = CIRCLE('',#4429,9.43);
#4429 = AXIS2_PLACEMENT_2D('',#4430,#4431);
#4430 = CARTESIAN_POINT('',(0.,0.));
#4431 = DIRECTION('',(1.,0.));
#4432 = ( GEOMETRIC_REPRESENTATION_CONTEXT(2) 
PARAMETRIC_REPRESENTATION_CONTEXT() REPRESENTATION_CONTEXT('2D SPACE',''
  ) );
#4433 = ORIENTED_EDGE('',*,*,#4384,.T.);
#4434 = ADVANCED_FACE('',(#4435,#4438),#4372,.T.);
#4435 = FACE_BOUND('',#4436,.T.);
#4436 = EDGE_LOOP('',(#4437));
#4437 = ORIENTED_EDGE('',*,*,#4350,.T.);
#4438 = FACE_BOUND('',#4439,.T.);
#4439 = EDGE_LOOP('',(#4440));
#4440 = ORIENTED_EDGE('',*,*,#4441,.F.);
#4441 = EDGE_CURVE('',#4442,#4442,#4444,.T.);
#4442 = VERTEX_POINT('',#4443);
#4443 = CARTESIAN_POINT('',(7.17,-1.756143509977E-15,30.215340128026));
#4444 = SURFACE_CURVE('',#4445,(#4450,#4457),.PCURVE_S1.);
#4445 = CIRCLE('',#4446,7.17);
#4446 = AXIS2_PLACEMENT_3D('',#4447,#4448,#4449);
#4447 = CARTESIAN_POINT('',(0.,0.,30.215340128026));
#4448 = DIRECTION('',(0.,0.,1.));
#4449 = DIRECTION('',(1.,0.,-0.));
#4450 = PCURVE('',#4372,#4451);
#4451 = DEFINITIONAL_REPRESENTATION('',(#4452),#4456);
#4452 = CIRCLE('',#4453,7.17);
#4453 = AXIS2_PLACEMENT_2D('',#4454,#4455);
#4454 = CARTESIAN_POINT('',(0.,0.));
#4455 = DIRECTION('',(1.,0.));
#4456 = ( GEOMETRIC_REPRESENTATION_CONTEXT(2) 
PARAMETRIC_REPRESENTATION_CONTEXT() REPRESENTATION_CONTEXT('2D SPACE',''
  ) );
#4457 = PCURVE('',#4458,#4463);
#4458 = CYLINDRICAL_SURFACE('',#4459,7.17);
#4459 = AXIS2_PLACEMENT_3D('',#4460,#4461,#4462);
#4460 = CARTESIAN_POINT('',(0.,0.,29.915340128026));
#4461 = DIRECTION('',(0.,0.,1.));
#4462 = DIRECTION('',(1.,0.,-0.));
#4463 = DEFINITIONAL_REPRESENTATION('',(#4464),#4468);
#4464 = LINE('',#4465,#4466);
#4465 = CARTESIAN_POINT('',(0.,0.3));
#4466 = VECTOR('',#4467,1.);
#4467 = DIRECTION('',(1.,0.));
#4468 = ( GEOMETRIC_REPRESENTATION_CONTEXT(2) 
PARAMETRIC_REPRESENTATION_CONTEXT() REPRESENTATION_CONTEXT('2D SPACE',''
  ) );
#4469 = ADVANCED_FACE('',(#4470,#4473),#4422,.F.);
#4470 = FACE_BOUND('',#4471,.F.);
#4471 = EDGE_LOOP('',(#4472));
#4472 = ORIENTED_EDGE('',*,*,#4407,.T.);
#4473 = FACE_BOUND('',#4474,.F.);
#4474 = EDGE_LOOP('',(#4475));
#4475 = ORIENTED_EDGE('',*,*,#4476,.F.);
#4476 = EDGE_CURVE('',#4477,#4477,#4479,.T.);
#4477 = VERTEX_POINT('',#4478);
#4478 = CARTESIAN_POINT('',(7.17,-1.756143509977E-15,29.915340128026));
#4479 = SURFACE_CURVE('',#4480,(#4485,#4492),.PCURVE_S1.);
#4480 = CIRCLE('',#4481,7.17);
#4481 = AXIS2_PLACEMENT_3D('',#4482,#4483,#4484);
#4482 = CARTESIAN_POINT('',(0.,0.,29.915340128026));
#4483 = DIRECTION('',(0.,0.,1.));
#4484 = DIRECTION('',(1.,0.,-0.));
#4485 = PCURVE('',#4422,#4486);
#4486 = DEFINITIONAL_REPRESENTATION('',(#4487),#4491);
#4487 = CIRCLE('',#4488,7.17);
#4488 = AXIS2_PLACEMENT_2D('',#4489,#4490);
#4489 = CARTESIAN_POINT('',(0.,0.));
#4490 = DIRECTION('',(1.,0.));
#4491 = ( GEOMETRIC_REPRESENTATION_CONTEXT(2) 
PARAMETRIC_REPRESENTATION_CONTEXT() REPRESENTATION_CONTEXT('2D SPACE',''
  ) );
#4492 = PCURVE('',#4458,#4493);
#4493 = DEFINITIONAL_REPRESENTATION('',(#4494),#4498);
#4494 = LINE('',#4495,#4496);
#4495 = CARTESIAN_POINT('',(0.,0.));
#4496 = VECTOR('',#4497,1.);
#4497 = DIRECTION('',(1.,0.));
#4498 = ( GEOMETRIC_REPRESENTATION_CONTEXT(2) 
PARAMETRIC_REPRESENTATION_CONTEXT() REPRESENTATION_CONTEXT('2D SPACE',''
  ) );
#4499 = ADVANCED_FACE('',(#4500),#4458,.F.);
#4500 = FACE_BOUND('',#4501,.F.);
#4501 = EDGE_LOOP('',(#4502,#4503,#4524,#4525));
#4502 = ORIENTED_EDGE('',*,*,#4441,.F.);
#4503 = ORIENTED_EDGE('',*,*,#4504,.F.);
#4504 = EDGE_CURVE('',#4477,#4442,#4505,.T.);
#4505 = SEAM_CURVE('',#4506,(#4510,#4517),.PCURVE_S1.);
#4506 = LINE('',#4507,#4508);
#4507 = CARTESIAN_POINT('',(7.17,-1.756143509977E-15,29.915340128026));
#4508 = VECTOR('',#4509,1.);
#4509 = DIRECTION('',(0.,0.,1.));
#4510 = PCURVE('',#4458,#4511);
#4511 = DEFINITIONAL_REPRESENTATION('',(#4512),#4516);
#4512 = LINE('',#4513,#4514);
#4513 = CARTESIAN_POINT('',(6.28318530718,-0.));
#4514 = VECTOR('',#4515,1.);
#4515 = DIRECTION('',(0.,1.));
#4516 = ( GEOMETRIC_REPRESENTATION_CONTEXT(2) 
PARAMETRIC_REPRESENTATION_CONTEXT() REPRESENTATION_CONTEXT('2D SPACE',''
  ) );
#4517 = PCURVE('',#4458,#4518);
#4518 = DEFINITIONAL_REPRESENTATION('',(#4519),#4523);
#4519 = LINE('',#4520,#4521);
#4520 = CARTESIAN_POINT('',(0.,-0.));
#4521 = VECTOR('',#4522,1.);
#4522 = DIRECTION('',(0.,1.));
#4523 = ( GEOMETRIC_REPRESENTATION_CONTEXT(2) 
PARAMETRIC_REPRESENTATION_CONTEXT() REPRESENTATION_CONTEXT('2D SPACE',''
  ) );
#4524 = ORIENTED_EDGE('',*,*,#4476,.T.);
#4525 = ORIENTED_EDGE('',*,*,#4504,.T.);
#4526 = ( GEOMETRIC_REPRESENTATION_CONTEXT(3) 
GLOBAL_UNCERTAINTY_ASSIGNED_CONTEXT((#4530)) 
GLOBAL_UNIT_ASSIGNED_CONTEXT((#4527,#4528,#4529)) REPRESENTATION_CONTEXT
('Context #1','3D Context with UNIT and UNCERTAINTY') );
#4527 = ( LENGTH_UNIT() NAMED_UNIT(*) SI_UNIT(.MILLI.,.METRE.) );
#4528 = ( NAMED_UNIT(*) PLANE_ANGLE_UNIT() SI_UNIT($,.RADIAN.) );
#4529 = ( NAMED_UNIT(*) SI_UNIT($,.STERADIAN.) SOLID_ANGLE_UNIT() );
#4530 = UNCERTAINTY_MEASURE_WITH_UNIT(LENGTH_MEASURE(1.E-07),#4527,
  'distance_accuracy_value','confusion accuracy');
#4531 = CONTEXT_DEPENDENT_SHAPE_REPRESENTATION(#4532,#4534);
#4532 = ( REPRESENTATION_RELATIONSHIP('','',#4343,#10) 
REPRESENTATION_RELATIONSHIP_WITH_TRANSFORMATION(#4533) 
SHAPE_REPRESENTATION_RELATIONSHIP() );
#4533 = ITEM_DEFINED_TRANSFORMATION('','',#11,#75);
#4534 = PRODUCT_DEFINITION_SHAPE('Placement','Placement of an item',
  #4535);
#4535 = NEXT_ASSEMBLY_USAGE_OCCURRENCE('70','front_race','',#5,#4338,$);
#4536 = PRODUCT_RELATED_PRODUCT_CATEGORY('part',$,(#4340));
#4537 = SHAPE_DEFINITION_REPRESENTATION(#4538,#4544);
#4538 = PRODUCT_DEFINITION_SHAPE('','',#4539);
#4539 = PRODUCT_DEFINITION('design','',#4540,#4543);
#4540 = PRODUCT_DEFINITION_FORMATION('','',#4541);
#4541 = PRODUCT('front_balls','front_balls','',(#4542));
#4542 = PRODUCT_CONTEXT('',#2,'mechanical');
#4543 = PRODUCT_DEFINITION_CONTEXT('part definition',#2,'design');
#4544 = ADVANCED_BREP_SHAPE_REPRESENTATION('',(#11,#4545),#4727);
#4545 = MANIFOLD_SOLID_BREP('',#4546);
#4546 = CLOSED_SHELL('',(#4547,#4635,#4670,#4700));
#4547 = ADVANCED_FACE('',(#4548),#4561,.T.);
#4548 = FACE_BOUND('',#4549,.T.);
#4549 = EDGE_LOOP('',(#4550,#4584,#4607,#4634));
#4550 = ORIENTED_EDGE('',*,*,#4551,.F.);
#4551 = EDGE_CURVE('',#4552,#4552,#4554,.T.);
#4552 = VERTEX_POINT('',#4553);
#4553 = CARTESIAN_POINT('',(8.7,-2.130885430516E-15,31.015340128026));
#4554 = SURFACE_CURVE('',#4555,(#4560,#4572),.PCURVE_S1.);
#4555 = CIRCLE('',#4556,8.7);
#4556 = AXIS2_PLACEMENT_3D('',#4557,#4558,#4559);
#4557 = CARTESIAN_POINT('',(0.,0.,31.015340128026));
#4558 = DIRECTION('',(0.,0.,1.));
#4559 = DIRECTION('',(1.,0.,-0.));
#4560 = PCURVE('',#4561,#4566);
#4561 = CYLINDRICAL_SURFACE('',#4562,8.7);
#4562 = AXIS2_PLACEMENT_3D('',#4563,#4564,#4565);
#4563 = CARTESIAN_POINT('',(0.,0.,30.215340128026));
#4564 = DIRECTION('',(0.,0.,1.));
#4565 = DIRECTION('',(1.,0.,-0.));
#4566 = DEFINITIONAL_REPRESENTATION('',(#4567),#4571);
#4567 = LINE('',#4568,#4569);
#4568 = CARTESIAN_POINT('',(0.,0.8));
#4569 = VECTOR('',#4570,1.);
#4570 = DIRECTION('',(1.,0.));
#4571 = ( GEOMETRIC_REPRESENTATION_CONTEXT(2) 
PARAMETRIC_REPRESENTATION_CONTEXT() REPRESENTATION_CONTEXT('2D SPACE',''
  ) );
#4572 = PCURVE('',#4573,#4578);
#4573 = PLANE('',#4574);
#4574 = AXIS2_PLACEMENT_3D('',#4575,#4576,#4577);
#4575 = CARTESIAN_POINT('',(0.,0.,31.015340128026));
#4576 = DIRECTION('',(0.,0.,1.));
#4577 = DIRECTION('',(1.,0.,-0.));
#4578 = DEFINITIONAL_REPRESENTATION('',(#4579),#4583);
#4579 = CIRCLE('',#4580,8.7);
#4580 = AXIS2_PLACEMENT_2D('',#4581,#4582);
#4581 = CARTESIAN_POINT('',(0.,0.));
#4582 = DIRECTION('',(1.,0.));
#4583 = ( GEOMETRIC_REPRESENTATION_CONTEXT(2) 
PARAMETRIC_REPRESENTATION_CONTEXT() REPRESENTATION_CONTEXT('2D SPACE',''
  ) );
#4584 = ORIENTED_EDGE('',*,*,#4585,.F.);
#4585 = EDGE_CURVE('',#4586,#4552,#4588,.T.);
#4586 = VERTEX_POINT('',#4587);
#4587 = CARTESIAN_POINT('',(8.7,-2.130885430516E-15,30.215340128026));
#4588 = SEAM_CURVE('',#4589,(#4593,#4600),.PCURVE_S1.);
#4589 = LINE('',#4590,#4591);
#4590 = CARTESIAN_POINT('',(8.7,-2.130885430516E-15,30.215340128026));
#4591 = VECTOR('',#4592,1.);
#4592 = DIRECTION('',(0.,0.,1.));
#4593 = PCURVE('',#4561,#4594);
#4594 = DEFINITIONAL_REPRESENTATION('',(#4595),#4599);
#4595 = LINE('',#4596,#4597);
#4596 = CARTESIAN_POINT('',(6.28318530718,-0.));
#4597 = VECTOR('',#4598,1.);
#4598 = DIRECTION('',(0.,1.));
#4599 = ( GEOMETRIC_REPRESENTATION_CONTEXT(2) 
PARAMETRIC_REPRESENTATION_CONTEXT() REPRESENTATION_CONTEXT('2D SPACE',''
  ) );
#4600 = PCURVE('',#4561,#4601);
#4601 = DEFINITIONAL_REPRESENTATION('',(#4602),#4606);
#4602 = LINE('',#4603,#4604);
#4603 = CARTESIAN_POINT('',(0.,-0.));
#4604 = VECTOR('',#4605,1.);
#4605 = DIRECTION('',(0.,1.));
#4606 = ( GEOMETRIC_REPRESENTATION_CONTEXT(2) 
PARAMETRIC_REPRESENTATION_CONTEXT() REPRESENTATION_CONTEXT('2D SPACE',''
  ) );
#4607 = ORIENTED_EDGE('',*,*,#4608,.T.);
#4608 = EDGE_CURVE('',#4586,#4586,#4609,.T.);
#4609 = SURFACE_CURVE('',#4610,(#4615,#4622),.PCURVE_S1.);
#4610 = CIRCLE('',#4611,8.7);
#4611 = AXIS2_PLACEMENT_3D('',#4612,#4613,#4614);
#4612 = CARTESIAN_POINT('',(0.,0.,30.215340128026));
#4613 = DIRECTION('',(0.,0.,1.));
#4614 = DIRECTION('',(1.,0.,-0.));
#4615 = PCURVE('',#4561,#4616);
#4616 = DEFINITIONAL_REPRESENTATION('',(#4617),#4621);
#4617 = LINE('',#4618,#4619);
#4618 = CARTESIAN_POINT('',(0.,0.));
#4619 = VECTOR('',#4620,1.);
#4620 = DIRECTION('',(1.,0.));
#4621 = ( GEOMETRIC_REPRESENTATION_CONTEXT(2) 
PARAMETRIC_REPRESENTATION_CONTEXT() REPRESENTATION_CONTEXT('2D SPACE',''
  ) );
#4622 = PCURVE('',#4623,#4628);
#4623 = PLANE('',#4624);
#4624 = AXIS2_PLACEMENT_3D('',#4625,#4626,#4627);
#4625 = CARTESIAN_POINT('',(0.,0.,30.215340128026));
#4626 = DIRECTION('',(0.,0.,1.));
#4627 = DIRECTION('',(1.,0.,-0.));
#4628 = DEFINITIONAL_REPRESENTATION('',(#4629),#4633);
#4629 = CIRCLE('',#4630,8.7);
#4630 = AXIS2_PLACEMENT_2D('',#4631,#4632);
#4631 = CARTESIAN_POINT('',(0.,0.));
#4632 = DIRECTION('',(1.,0.));
#4633 = ( GEOMETRIC_REPRESENTATION_CONTEXT(2) 
PARAMETRIC_REPRESENTATION_CONTEXT() REPRESENTATION_CONTEXT('2D SPACE',''
  ) );
#4634 = ORIENTED_EDGE('',*,*,#4585,.T.);
#4635 = ADVANCED_FACE('',(#4636,#4639),#4573,.T.);
#4636 = FACE_BOUND('',#4637,.T.);
#4637 = EDGE_LOOP('',(#4638));
#4638 = ORIENTED_EDGE('',*,*,#4551,.T.);
#4639 = FACE_BOUND('',#4640,.T.);
#4640 = EDGE_LOOP('',(#4641));
#4641 = ORIENTED_EDGE('',*,*,#4642,.F.);
#4642 = EDGE_CURVE('',#4643,#4643,#4645,.T.);
#4643 = VERTEX_POINT('',#4644);
#4644 = CARTESIAN_POINT('',(7.9,-1.934941942653E-15,31.015340128026));
#4645 = SURFACE_CURVE('',#4646,(#4651,#4658),.PCURVE_S1.);
#4646 = CIRCLE('',#4647,7.9);
#4647 = AXIS2_PLACEMENT_3D('',#4648,#4649,#4650);
#4648 = CARTESIAN_POINT('',(0.,0.,31.015340128026));
#4649 = DIRECTION('',(0.,0.,1.));
#4650 = DIRECTION('',(1.,0.,-0.));
#4651 = PCURVE('',#4573,#4652);
#4652 = DEFINITIONAL_REPRESENTATION('',(#4653),#4657);
#4653 = CIRCLE('',#4654,7.9);
#4654 = AXIS2_PLACEMENT_2D('',#4655,#4656);
#4655 = CARTESIAN_POINT('',(0.,0.));
#4656 = DIRECTION('',(1.,0.));
#4657 = ( GEOMETRIC_REPRESENTATION_CONTEXT(2) 
PARAMETRIC_REPRESENTATION_CONTEXT() REPRESENTATION_CONTEXT('2D SPACE',''
  ) );
#4658 = PCURVE('',#4659,#4664);
#4659 = CYLINDRICAL_SURFACE('',#4660,7.9);
#4660 = AXIS2_PLACEMENT_3D('',#4661,#4662,#4663);
#4661 = CARTESIAN_POINT('',(0.,0.,30.215340128026));
#4662 = DIRECTION('',(0.,0.,1.));
#4663 = DIRECTION('',(1.,0.,-0.));
#4664 = DEFINITIONAL_REPRESENTATION('',(#4665),#4669);
#4665 = LINE('',#4666,#4667);
#4666 = CARTESIAN_POINT('',(0.,0.8));
#4667 = VECTOR('',#4668,1.);
#4668 = DIRECTION('',(1.,0.));
#4669 = ( GEOMETRIC_REPRESENTATION_CONTEXT(2) 
PARAMETRIC_REPRESENTATION_CONTEXT() REPRESENTATION_CONTEXT('2D SPACE',''
  ) );
#4670 = ADVANCED_FACE('',(#4671,#4674),#4623,.F.);
#4671 = FACE_BOUND('',#4672,.F.);
#4672 = EDGE_LOOP('',(#4673));
#4673 = ORIENTED_EDGE('',*,*,#4608,.T.);
#4674 = FACE_BOUND('',#4675,.F.);
#4675 = EDGE_LOOP('',(#4676));
#4676 = ORIENTED_EDGE('',*,*,#4677,.F.);
#4677 = EDGE_CURVE('',#4678,#4678,#4680,.T.);
#4678 = VERTEX_POINT('',#4679);
#4679 = CARTESIAN_POINT('',(7.9,-1.934941942653E-15,30.215340128026));
#4680 = SURFACE_CURVE('',#4681,(#4686,#4693),.PCURVE_S1.);
#4681 = CIRCLE('',#4682,7.9);
#4682 = AXIS2_PLACEMENT_3D('',#4683,#4684,#4685);
#4683 = CARTESIAN_POINT('',(0.,0.,30.215340128026));
#4684 = DIRECTION('',(0.,0.,1.));
#4685 = DIRECTION('',(1.,0.,-0.));
#4686 = PCURVE('',#4623,#4687);
#4687 = DEFINITIONAL_REPRESENTATION('',(#4688),#4692);
#4688 = CIRCLE('',#4689,7.9);
#4689 = AXIS2_PLACEMENT_2D('',#4690,#4691);
#4690 = CARTESIAN_POINT('',(0.,0.));
#4691 = DIRECTION('',(1.,0.));
#4692 = ( GEOMETRIC_REPRESENTATION_CONTEXT(2) 
PARAMETRIC_REPRESENTATION_CONTEXT() REPRESENTATION_CONTEXT('2D SPACE',''
  ) );
#4693 = PCURVE('',#4659,#4694);
#4694 = DEFINITIONAL_REPRESENTATION('',(#4695),#4699);
#4695 = LINE('',#4696,#4697);
#4696 = CARTESIAN_POINT('',(0.,0.));
#4697 = VECTOR('',#4698,1.);
#4698 = DIRECTION('',(1.,0.));
#4699 = ( GEOMETRIC_REPRESENTATION_CONTEXT(2) 
PARAMETRIC_REPRESENTATION_CONTEXT() REPRESENTATION_CONTEXT('2D SPACE',''
  ) );
#4700 = ADVANCED_FACE('',(#4701),#4659,.F.);
#4701 = FACE_BOUND('',#4702,.F.);
#4702 = EDGE_LOOP('',(#4703,#4704,#4725,#4726));
#4703 = ORIENTED_EDGE('',*,*,#4642,.F.);
#4704 = ORIENTED_EDGE('',*,*,#4705,.F.);
#4705 = EDGE_CURVE('',#4678,#4643,#4706,.T.);
#4706 = SEAM_CURVE('',#4707,(#4711,#4718),.PCURVE_S1.);
#4707 = LINE('',#4708,#4709);
#4708 = CARTESIAN_POINT('',(7.9,-1.934941942653E-15,30.215340128026));
#4709 = VECTOR('',#4710,1.);
#4710 = DIRECTION('',(0.,0.,1.));
#4711 = PCURVE('',#4659,#4712);
#4712 = DEFINITIONAL_REPRESENTATION('',(#4713),#4717);
#4713 = LINE('',#4714,#4715);
#4714 = CARTESIAN_POINT('',(6.28318530718,-0.));
#4715 = VECTOR('',#4716,1.);
#4716 = DIRECTION('',(0.,1.));
#4717 = ( GEOMETRIC_REPRESENTATION_CONTEXT(2) 
PARAMETRIC_REPRESENTATION_CONTEXT() REPRESENTATION_CONTEXT('2D SPACE',''
  ) );
#4718 = PCURVE('',#4659,#4719);
#4719 = DEFINITIONAL_REPRESENTATION('',(#4720),#4724);
#4720 = LINE('',#4721,#4722);
#4721 = CARTESIAN_POINT('',(0.,-0.));
#4722 = VECTOR('',#4723,1.);
#4723 = DIRECTION('',(0.,1.));
#4724 = ( GEOMETRIC_REPRESENTATION_CONTEXT(2) 
PARAMETRIC_REPRESENTATION_CONTEXT() REPRESENTATION_CONTEXT('2D SPACE',''
  ) );
#4725 = ORIENTED_EDGE('',*,*,#4677,.T.);
#4726 = ORIENTED_EDGE('',*,*,#4705,.T.);
#4727 = ( GEOMETRIC_REPRESENTATION_CONTEXT(3) 
GLOBAL_UNCERTAINTY_ASSIGNED_CONTEXT((#4731)) 
GLOBAL_UNIT_ASSIGNED_CONTEXT((#4728,#4729,#4730)) REPRESENTATION_CONTEXT
('Context #1','3D Context with UNIT and UNCERTAINTY') );
#4728 = ( LENGTH_UNIT() NAMED_UNIT(*) SI_UNIT(.MILLI.,.METRE.) );
#4729 = ( NAMED_UNIT(*) PLANE_ANGLE_UNIT() SI_UNIT($,.RADIAN.) );
#4730 = ( NAMED_UNIT(*) SI_UNIT($,.STERADIAN.) SOLID_ANGLE_UNIT() );
#4731 = UNCERTAINTY_MEASURE_WITH_UNIT(LENGTH_MEASURE(1.E-07),#4728,
  'distance_accuracy_value','confusion accuracy');
#4732 = CONTEXT_DEPENDENT_SHAPE_REPRESENTATION(#4733,#4735);
#4733 = ( REPRESENTATION_RELATIONSHIP('','',#4544,#10) 
REPRESENTATION_RELATIONSHIP_WITH_TRANSFORMATION(#4734) 
SHAPE_REPRESENTATION_RELATIONSHIP() );
#4734 = ITEM_DEFINED_TRANSFORMATION('','',#11,#79);
#4735 = PRODUCT_DEFINITION_SHAPE('Placement','Placement of an item',
  #4736);
#4736 = NEXT_ASSEMBLY_USAGE_OCCURRENCE('71','front_balls','',#5,#4539,$
  );
#4737 = PRODUCT_RELATED_PRODUCT_CATEGORY('part',$,(#4541));
#4738 = SHAPE_DEFINITION_REPRESENTATION(#4739,#4745);
#4739 = PRODUCT_DEFINITION_SHAPE('','',#4740);
#4740 = PRODUCT_DEFINITION('design','',#4741,#4744);
#4741 = PRODUCT_DEFINITION_FORMATION('','',#4742);
#4742 = PRODUCT('rear_balls','rear_balls','',(#4743));
#4743 = PRODUCT_CONTEXT('',#2,'mechanical');
#4744 = PRODUCT_DEFINITION_CONTEXT('part definition',#2,'design');
#4745 = ADVANCED_BREP_SHAPE_REPRESENTATION('',(#11,#4746),#4928);
#4746 = MANIFOLD_SOLID_BREP('',#4747);
#4747 = CLOSED_SHELL('',(#4748,#4836,#4871,#4901));
#4748 = ADVANCED_FACE('',(#4749),#4762,.T.);
#4749 = FACE_BOUND('',#4750,.T.);
#4750 = EDGE_LOOP('',(#4751,#4785,#4808,#4835));
#4751 = ORIENTED_EDGE('',*,*,#4752,.F.);
#4752 = EDGE_CURVE('',#4753,#4753,#4755,.T.);
#4753 = VERTEX_POINT('',#4754);
#4754 = CARTESIAN_POINT('',(8.7,-2.130885430516E-15,33.315340128026));
#4755 = SURFACE_CURVE('',#4756,(#4761,#4773),.PCURVE_S1.);
#4756 = CIRCLE('',#4757,8.7);
#4757 = AXIS2_PLACEMENT_3D('',#4758,#4759,#4760);
#4758 = CARTESIAN_POINT('',(0.,0.,33.315340128026));
#4759 = DIRECTION('',(0.,0.,1.));
#4760 = DIRECTION('',(1.,0.,-0.));
#4761 = PCURVE('',#4762,#4767);
#4762 = CYLINDRICAL_SURFACE('',#4763,8.7);
#4763 = AXIS2_PLACEMENT_3D('',#4764,#4765,#4766);
#4764 = CARTESIAN_POINT('',(0.,0.,32.515340128026));
#4765 = DIRECTION('',(0.,0.,1.));
#4766 = DIRECTION('',(1.,0.,-0.));
#4767 = DEFINITIONAL_REPRESENTATION('',(#4768),#4772);
#4768 = LINE('',#4769,#4770);
#4769 = CARTESIAN_POINT('',(0.,0.8));
#4770 = VECTOR('',#4771,1.);
#4771 = DIRECTION('',(1.,0.));
#4772 = ( GEOMETRIC_REPRESENTATION_CONTEXT(2) 
PARAMETRIC_REPRESENTATION_CONTEXT() REPRESENTATION_CONTEXT('2D SPACE',''
  ) );
#4773 = PCURVE('',#4774,#4779);
#4774 = PLANE('',#4775);
#4775 = AXIS2_PLACEMENT_3D('',#4776,#4777,#4778);
#4776 = CARTESIAN_POINT('',(0.,0.,33.315340128026));
#4777 = DIRECTION('',(0.,0.,1.));
#4778 = DIRECTION('',(1.,0.,-0.));
#4779 = DEFINITIONAL_REPRESENTATION('',(#4780),#4784);
#4780 = CIRCLE('',#4781,8.7);
#4781 = AXIS2_PLACEMENT_2D('',#4782,#4783);
#4782 = CARTESIAN_POINT('',(0.,0.));
#4783 = DIRECTION('',(1.,0.));
#4784 = ( GEOMETRIC_REPRESENTATION_CONTEXT(2) 
PARAMETRIC_REPRESENTATION_CONTEXT() REPRESENTATION_CONTEXT('2D SPACE',''
  ) );
#4785 = ORIENTED_EDGE('',*,*,#4786,.F.);
#4786 = EDGE_CURVE('',#4787,#4753,#4789,.T.);
#4787 = VERTEX_POINT('',#4788);
#4788 = CARTESIAN_POINT('',(8.7,-2.130885430516E-15,32.515340128026));
#4789 = SEAM_CURVE('',#4790,(#4794,#4801),.PCURVE_S1.);
#4790 = LINE('',#4791,#4792);
#4791 = CARTESIAN_POINT('',(8.7,-2.130885430516E-15,32.515340128026));
#4792 = VECTOR('',#4793,1.);
#4793 = DIRECTION('',(0.,0.,1.));
#4794 = PCURVE('',#4762,#4795);
#4795 = DEFINITIONAL_REPRESENTATION('',(#4796),#4800);
#4796 = LINE('',#4797,#4798);
#4797 = CARTESIAN_POINT('',(6.28318530718,-0.));
#4798 = VECTOR('',#4799,1.);
#4799 = DIRECTION('',(0.,1.));
#4800 = ( GEOMETRIC_REPRESENTATION_CONTEXT(2) 
PARAMETRIC_REPRESENTATION_CONTEXT() REPRESENTATION_CONTEXT('2D SPACE',''
  ) );
#4801 = PCURVE('',#4762,#4802);
#4802 = DEFINITIONAL_REPRESENTATION('',(#4803),#4807);
#4803 = LINE('',#4804,#4805);
#4804 = CARTESIAN_POINT('',(0.,-0.));
#4805 = VECTOR('',#4806,1.);
#4806 = DIRECTION('',(0.,1.));
#4807 = ( GEOMETRIC_REPRESENTATION_CONTEXT(2) 
PARAMETRIC_REPRESENTATION_CONTEXT() REPRESENTATION_CONTEXT('2D SPACE',''
  ) );
#4808 = ORIENTED_EDGE('',*,*,#4809,.T.);
#4809 = EDGE_CURVE('',#4787,#4787,#4810,.T.);
#4810 = SURFACE_CURVE('',#4811,(#4816,#4823),.PCURVE_S1.);
#4811 = CIRCLE('',#4812,8.7);
#4812 = AXIS2_PLACEMENT_3D('',#4813,#4814,#4815);
#4813 = CARTESIAN_POINT('',(0.,0.,32.515340128026));
#4814 = DIRECTION('',(0.,0.,1.));
#4815 = DIRECTION('',(1.,0.,-0.));
#4816 = PCURVE('',#4762,#4817);
#4817 = DEFINITIONAL_REPRESENTATION('',(#4818),#4822);
#4818 = LINE('',#4819,#4820);
#4819 = CARTESIAN_POINT('',(0.,0.));
#4820 = VECTOR('',#4821,1.);
#4821 = DIRECTION('',(1.,0.));
#4822 = ( GEOMETRIC_REPRESENTATION_CONTEXT(2) 
PARAMETRIC_REPRESENTATION_CONTEXT() REPRESENTATION_CONTEXT('2D SPACE',''
  ) );
#4823 = PCURVE('',#4824,#4829);
#4824 = PLANE('',#4825);
#4825 = AXIS2_PLACEMENT_3D('',#4826,#4827,#4828);
#4826 = CARTESIAN_POINT('',(0.,0.,32.515340128026));
#4827 = DIRECTION('',(0.,0.,1.));
#4828 = DIRECTION('',(1.,0.,-0.));
#4829 = DEFINITIONAL_REPRESENTATION('',(#4830),#4834);
#4830 = CIRCLE('',#4831,8.7);
#4831 = AXIS2_PLACEMENT_2D('',#4832,#4833);
#4832 = CARTESIAN_POINT('',(0.,0.));
#4833 = DIRECTION('',(1.,0.));
#4834 = ( GEOMETRIC_REPRESENTATION_CONTEXT(2) 
PARAMETRIC_REPRESENTATION_CONTEXT() REPRESENTATION_CONTEXT('2D SPACE',''
  ) );
#4835 = ORIENTED_EDGE('',*,*,#4786,.T.);
#4836 = ADVANCED_FACE('',(#4837,#4840),#4774,.T.);
#4837 = FACE_BOUND('',#4838,.T.);
#4838 = EDGE_LOOP('',(#4839));
#4839 = ORIENTED_EDGE('',*,*,#4752,.T.);
#4840 = FACE_BOUND('',#4841,.T.);
#4841 = EDGE_LOOP('',(#4842));
#4842 = ORIENTED_EDGE('',*,*,#4843,.F.);
#4843 = EDGE_CURVE('',#4844,#4844,#4846,.T.);
#4844 = VERTEX_POINT('',#4845);
#4845 = CARTESIAN_POINT('',(7.9,-1.934941942653E-15,33.315340128026));
#4846 = SURFACE_CURVE('',#4847,(#4852,#4859),.PCURVE_S1.);
#4847 = CIRCLE('',#4848,7.9);
#4848 = AXIS2_PLACEMENT_3D('',#4849,#4850,#4851);
#4849 = CARTESIAN_POINT('',(0.,0.,33.315340128026));
#4850 = DIRECTION('',(0.,0.,1.));
#4851 = DIRECTION('',(1.,0.,-0.));
#4852 = PCURVE('',#4774,#4853);
#4853 = DEFINITIONAL_REPRESENTATION('',(#4854),#4858);
#4854 = CIRCLE('',#4855,7.9);
#4855 = AXIS2_PLACEMENT_2D('',#4856,#4857);
#4856 = CARTESIAN_POINT('',(0.,0.));
#4857 = DIRECTION('',(1.,0.));
#4858 = ( GEOMETRIC_REPRESENTATION_CONTEXT(2) 
PARAMETRIC_REPRESENTATION_CONTEXT() REPRESENTATION_CONTEXT('2D SPACE',''
  ) );
#4859 = PCURVE('',#4860,#4865);
#4860 = CYLINDRICAL_SURFACE('',#4861,7.9);
#4861 = AXIS2_PLACEMENT_3D('',#4862,#4863,#4864);
#4862 = CARTESIAN_POINT('',(0.,0.,32.515340128026));
#4863 = DIRECTION('',(0.,0.,1.));
#4864 = DIRECTION('',(1.,0.,-0.));
#4865 = DEFINITIONAL_REPRESENTATION('',(#4866),#4870);
#4866 = LINE('',#4867,#4868);
#4867 = CARTESIAN_POINT('',(0.,0.8));
#4868 = VECTOR('',#4869,1.);
#4869 = DIRECTION('',(1.,0.));
#4870 = ( GEOMETRIC_REPRESENTATION_CONTEXT(2) 
PARAMETRIC_REPRESENTATION_CONTEXT() REPRESENTATION_CONTEXT('2D SPACE',''
  ) );
#4871 = ADVANCED_FACE('',(#4872,#4875),#4824,.F.);
#4872 = FACE_BOUND('',#4873,.F.);
#4873 = EDGE_LOOP('',(#4874));
#4874 = ORIENTED_EDGE('',*,*,#4809,.T.);
#4875 = FACE_BOUND('',#4876,.F.);
#4876 = EDGE_LOOP('',(#4877));
#4877 = ORIENTED_EDGE('',*,*,#4878,.F.);
#4878 = EDGE_CURVE('',#4879,#4879,#4881,.T.);
#4879 = VERTEX_POINT('',#4880);
#4880 = CARTESIAN_POINT('',(7.9,-1.934941942653E-15,32.515340128026));
#4881 = SURFACE_CURVE('',#4882,(#4887,#4894),.PCURVE_S1.);
#4882 = CIRCLE('',#4883,7.9);
#4883 = AXIS2_PLACEMENT_3D('',#4884,#4885,#4886);
#4884 = CARTESIAN_POINT('',(0.,0.,32.515340128026));
#4885 = DIRECTION('',(0.,0.,1.));
#4886 = DIRECTION('',(1.,0.,-0.));
#4887 = PCURVE('',#4824,#4888);
#4888 = DEFINITIONAL_REPRESENTATION('',(#4889),#4893);
#4889 = CIRCLE('',#4890,7.9);
#4890 = AXIS2_PLACEMENT_2D('',#4891,#4892);
#4891 = CARTESIAN_POINT('',(0.,0.));
#4892 = DIRECTION('',(1.,0.));
#4893 = ( GEOMETRIC_REPRESENTATION_CONTEXT(2) 
PARAMETRIC_REPRESENTATION_CONTEXT() REPRESENTATION_CONTEXT('2D SPACE',''
  ) );
#4894 = PCURVE('',#4860,#4895);
#4895 = DEFINITIONAL_REPRESENTATION('',(#4896),#4900);
#4896 = LINE('',#4897,#4898);
#4897 = CARTESIAN_POINT('',(0.,0.));
#4898 = VECTOR('',#4899,1.);
#4899 = DIRECTION('',(1.,0.));
#4900 = ( GEOMETRIC_REPRESENTATION_CONTEXT(2) 
PARAMETRIC_REPRESENTATION_CONTEXT() REPRESENTATION_CONTEXT('2D SPACE',''
  ) );
#4901 = ADVANCED_FACE('',(#4902),#4860,.F.);
#4902 = FACE_BOUND('',#4903,.F.);
#4903 = EDGE_LOOP('',(#4904,#4905,#4926,#4927));
#4904 = ORIENTED_EDGE('',*,*,#4843,.F.);
#4905 = ORIENTED_EDGE('',*,*,#4906,.F.);
#4906 = EDGE_CURVE('',#4879,#4844,#4907,.T.);
#4907 = SEAM_CURVE('',#4908,(#4912,#4919),.PCURVE_S1.);
#4908 = LINE('',#4909,#4910);
#4909 = CARTESIAN_POINT('',(7.9,-1.934941942653E-15,32.515340128026));
#4910 = VECTOR('',#4911,1.);
#4911 = DIRECTION('',(0.,0.,1.));
#4912 = PCURVE('',#4860,#4913);
#4913 = DEFINITIONAL_REPRESENTATION('',(#4914),#4918);
#4914 = LINE('',#4915,#4916);
#4915 = CARTESIAN_POINT('',(6.28318530718,-0.));
#4916 = VECTOR('',#4917,1.);
#4917 = DIRECTION('',(0.,1.));
#4918 = ( GEOMETRIC_REPRESENTATION_CONTEXT(2) 
PARAMETRIC_REPRESENTATION_CONTEXT() REPRESENTATION_CONTEXT('2D SPACE',''
  ) );
#4919 = PCURVE('',#4860,#4920);
#4920 = DEFINITIONAL_REPRESENTATION('',(#4921),#4925);
#4921 = LINE('',#4922,#4923);
#4922 = CARTESIAN_POINT('',(0.,-0.));
#4923 = VECTOR('',#4924,1.);
#4924 = DIRECTION('',(0.,1.));
#4925 = ( GEOMETRIC_REPRESENTATION_CONTEXT(2) 
PARAMETRIC_REPRESENTATION_CONTEXT() REPRESENTATION_CONTEXT('2D SPACE',''
  ) );
#4926 = ORIENTED_EDGE('',*,*,#4878,.T.);
#4927 = ORIENTED_EDGE('',*,*,#4906,.T.);
#4928 = ( GEOMETRIC_REPRESENTATION_CONTEXT(3) 
GLOBAL_UNCERTAINTY_ASSIGNED_CONTEXT((#4932)) 
GLOBAL_UNIT_ASSIGNED_CONTEXT((#4929,#4930,#4931)) REPRESENTATION_CONTEXT
('Context #1','3D Context with UNIT and UNCERTAINTY') );
#4929 = ( LENGTH_UNIT() NAMED_UNIT(*) SI_UNIT(.MILLI.,.METRE.) );
#4930 = ( NAMED_UNIT(*) PLANE_ANGLE_UNIT() SI_UNIT($,.RADIAN.) );
#4931 = ( NAMED_UNIT(*) SI_UNIT($,.STERADIAN.) SOLID_ANGLE_UNIT() );
#4932 = UNCERTAINTY_MEASURE_WITH_UNIT(LENGTH_MEASURE(1.E-07),#4929,
  'distance_accuracy_value','confusion accuracy');
#4933 = CONTEXT_DEPENDENT_SHAPE_REPRESENTATION(#4934,#4936);
#4934 = ( REPRESENTATION_RELATIONSHIP('','',#4745,#10) 
REPRESENTATION_RELATIONSHIP_WITH_TRANSFORMATION(#4935) 
SHAPE_REPRESENTATION_RELATIONSHIP() );
#4935 = ITEM_DEFINED_TRANSFORMATION('','',#11,#83);
#4936 = PRODUCT_DEFINITION_SHAPE('Placement','Placement of an item',
  #4937);
#4937 = NEXT_ASSEMBLY_USAGE_OCCURRENCE('72','rear_balls','',#5,#4740,$);
#4938 = PRODUCT_RELATED_PRODUCT_CATEGORY('part',$,(#4742));
#4939 = SHAPE_DEFINITION_REPRESENTATION(#4940,#4946);
#4940 = PRODUCT_DEFINITION_SHAPE('','',#4941);
#4941 = PRODUCT_DEFINITION('design','',#4942,#4945);
#4942 = PRODUCT_DEFINITION_FORMATION('','',#4943);
#4943 = PRODUCT('rear_race','rear_race','',(#4944));
#4944 = PRODUCT_CONTEXT('',#2,'mechanical');
#4945 = PRODUCT_DEFINITION_CONTEXT('part definition',#2,'design');
#4946 = ADVANCED_BREP_SHAPE_REPRESENTATION('',(#11,#4947),#5129);
#4947 = MANIFOLD_SOLID_BREP('',#4948);
#4948 = CLOSED_SHELL('',(#4949,#5037,#5072,#5102));
#4949 = ADVANCED_FACE('',(#4950),#4963,.T.);
#4950 = FACE_BOUND('',#4951,.T.);
#4951 = EDGE_LOOP('',(#4952,#4986,#5009,#5036));
#4952 = ORIENTED_EDGE('',*,*,#4953,.F.);
#4953 = EDGE_CURVE('',#4954,#4954,#4956,.T.);
#4954 = VERTEX_POINT('',#4955);
#4955 = CARTESIAN_POINT('',(9.43,-2.309683863192E-15,33.615340128026));
#4956 = SURFACE_CURVE('',#4957,(#4962,#4974),.PCURVE_S1.);
#4957 = CIRCLE('',#4958,9.43);
#4958 = AXIS2_PLACEMENT_3D('',#4959,#4960,#4961);
#4959 = CARTESIAN_POINT('',(0.,0.,33.615340128026));
#4960 = DIRECTION('',(0.,0.,1.));
#4961 = DIRECTION('',(1.,0.,-0.));
#4962 = PCURVE('',#4963,#4968);
#4963 = CYLINDRICAL_SURFACE('',#4964,9.43);
#4964 = AXIS2_PLACEMENT_3D('',#4965,#4966,#4967);
#4965 = CARTESIAN_POINT('',(0.,0.,33.315340128026));
#4966 = DIRECTION('',(0.,0.,1.));
#4967 = DIRECTION('',(1.,0.,-0.));
#4968 = DEFINITIONAL_REPRESENTATION('',(#4969),#4973);
#4969 = LINE('',#4970,#4971);
#4970 = CARTESIAN_POINT('',(0.,0.3));
#4971 = VECTOR('',#4972,1.);
#4972 = DIRECTION('',(1.,0.));
#4973 = ( GEOMETRIC_REPRESENTATION_CONTEXT(2) 
PARAMETRIC_REPRESENTATION_CONTEXT() REPRESENTATION_CONTEXT('2D SPACE',''
  ) );
#4974 = PCURVE('',#4975,#4980);
#4975 = PLANE('',#4976);
#4976 = AXIS2_PLACEMENT_3D('',#4977,#4978,#4979);
#4977 = CARTESIAN_POINT('',(0.,0.,33.615340128026));
#4978 = DIRECTION('',(0.,0.,1.));
#4979 = DIRECTION('',(1.,0.,-0.));
#4980 = DEFINITIONAL_REPRESENTATION('',(#4981),#4985);
#4981 = CIRCLE('',#4982,9.43);
#4982 = AXIS2_PLACEMENT_2D('',#4983,#4984);
#4983 = CARTESIAN_POINT('',(0.,0.));
#4984 = DIRECTION('',(1.,0.));
#4985 = ( GEOMETRIC_REPRESENTATION_CONTEXT(2) 
PARAMETRIC_REPRESENTATION_CONTEXT() REPRESENTATION_CONTEXT('2D SPACE',''
  ) );
#4986 = ORIENTED_EDGE('',*,*,#4987,.F.);
#4987 = EDGE_CURVE('',#4988,#4954,#4990,.T.);
#4988 = VERTEX_POINT('',#4989);
#4989 = CARTESIAN_POINT('',(9.43,-2.309683863192E-15,33.315340128026));
#4990 = SEAM_CURVE('',#4991,(#4995,#5002),.PCURVE_S1.);
#4991 = LINE('',#4992,#4993);
#4992 = CARTESIAN_POINT('',(9.43,-2.309683863192E-15,33.315340128026));
#4993 = VECTOR('',#4994,1.);
#4994 = DIRECTION('',(0.,0.,1.));
#4995 = PCURVE('',#4963,#4996);
#4996 = DEFINITIONAL_REPRESENTATION('',(#4997),#5001);
#4997 = LINE('',#4998,#4999);
#4998 = CARTESIAN_POINT('',(6.28318530718,-0.));
#4999 = VECTOR('',#5000,1.);
#5000 = DIRECTION('',(0.,1.));
#5001 = ( GEOMETRIC_REPRESENTATION_CONTEXT(2) 
PARAMETRIC_REPRESENTATION_CONTEXT() REPRESENTATION_CONTEXT('2D SPACE',''
  ) );
#5002 = PCURVE('',#4963,#5003);
#5003 = DEFINITIONAL_REPRESENTATION('',(#5004),#5008);
#5004 = LINE('',#5005,#5006);
#5005 = CARTESIAN_POINT('',(0.,-0.));
#5006 = VECTOR('',#5007,1.);
#5007 = DIRECTION('',(0.,1.));
#5008 = ( GEOMETRIC_REPRESENTATION_CONTEXT(2) 
PARAMETRIC_REPRESENTATION_CONTEXT() REPRESENTATION_CONTEXT('2D SPACE',''
  ) );
#5009 = ORIENTED_EDGE('',*,*,#5010,.T.);
#5010 = EDGE_CURVE('',#4988,#4988,#5011,.T.);
#5011 = SURFACE_CURVE('',#5012,(#5017,#5024),.PCURVE_S1.);
#5012 = CIRCLE('',#5013,9.43);
#5013 = AXIS2_PLACEMENT_3D('',#5014,#5015,#5016);
#5014 = CARTESIAN_POINT('',(0.,0.,33.315340128026));
#5015 = DIRECTION('',(0.,0.,1.));
#5016 = DIRECTION('',(1.,0.,-0.));
#5017 = PCURVE('',#4963,#5018);
#5018 = DEFINITIONAL_REPRESENTATION('',(#5019),#5023);
#5019 = LINE('',#5020,#5021);
#5020 = CARTESIAN_POINT('',(0.,0.));
#5021 = VECTOR('',#5022,1.);
#5022 = DIRECTION('',(1.,0.));
#5023 = ( GEOMETRIC_REPRESENTATION_CONTEXT(2) 
PARAMETRIC_REPRESENTATION_CONTEXT() REPRESENTATION_CONTEXT('2D SPACE',''
  ) );
#5024 = PCURVE('',#5025,#5030);
#5025 = PLANE('',#5026);
#5026 = AXIS2_PLACEMENT_3D('',#5027,#5028,#5029);
#5027 = CARTESIAN_POINT('',(0.,0.,33.315340128026));
#5028 = DIRECTION('',(0.,0.,1.));
#5029 = DIRECTION('',(1.,0.,-0.));
#5030 = DEFINITIONAL_REPRESENTATION('',(#5031),#5035);
#5031 = CIRCLE('',#5032,9.43);
#5032 = AXIS2_PLACEMENT_2D('',#5033,#5034);
#5033 = CARTESIAN_POINT('',(0.,0.));
#5034 = DIRECTION('',(1.,0.));
#5035 = ( GEOMETRIC_REPRESENTATION_CONTEXT(2) 
PARAMETRIC_REPRESENTATION_CONTEXT() REPRESENTATION_CONTEXT('2D SPACE',''
  ) );
#5036 = ORIENTED_EDGE('',*,*,#4987,.T.);
#5037 = ADVANCED_FACE('',(#5038,#5041),#4975,.T.);
#5038 = FACE_BOUND('',#5039,.T.);
#5039 = EDGE_LOOP('',(#5040));
#5040 = ORIENTED_EDGE('',*,*,#4953,.T.);
#5041 = FACE_BOUND('',#5042,.T.);
#5042 = EDGE_LOOP('',(#5043));
#5043 = ORIENTED_EDGE('',*,*,#5044,.F.);
#5044 = EDGE_CURVE('',#5045,#5045,#5047,.T.);
#5045 = VERTEX_POINT('',#5046);
#5046 = CARTESIAN_POINT('',(7.17,-1.756143509977E-15,33.615340128026));
#5047 = SURFACE_CURVE('',#5048,(#5053,#5060),.PCURVE_S1.);
#5048 = CIRCLE('',#5049,7.17);
#5049 = AXIS2_PLACEMENT_3D('',#5050,#5051,#5052);
#5050 = CARTESIAN_POINT('',(0.,0.,33.615340128026));
#5051 = DIRECTION('',(0.,0.,1.));
#5052 = DIRECTION('',(1.,0.,-0.));
#5053 = PCURVE('',#4975,#5054);
#5054 = DEFINITIONAL_REPRESENTATION('',(#5055),#5059);
#5055 = CIRCLE('',#5056,7.17);
#5056 = AXIS2_PLACEMENT_2D('',#5057,#5058);
#5057 = CARTESIAN_POINT('',(0.,0.));
#5058 = DIRECTION('',(1.,0.));
#5059 = ( GEOMETRIC_REPRESENTATION_CONTEXT(2) 
PARAMETRIC_REPRESENTATION_CONTEXT() REPRESENTATION_CONTEXT('2D SPACE',''
  ) );
#5060 = PCURVE('',#5061,#5066);
#5061 = CYLINDRICAL_SURFACE('',#5062,7.17);
#5062 = AXIS2_PLACEMENT_3D('',#5063,#5064,#5065);
#5063 = CARTESIAN_POINT('',(0.,0.,33.315340128026));
#5064 = DIRECTION('',(0.,0.,1.));
#5065 = DIRECTION('',(1.,0.,-0.));
#5066 = DEFINITIONAL_REPRESENTATION('',(#5067),#5071);
#5067 = LINE('',#5068,#5069);
#5068 = CARTESIAN_POINT('',(0.,0.3));
#5069 = VECTOR('',#5070,1.);
#5070 = DIRECTION('',(1.,0.));
#5071 = ( GEOMETRIC_REPRESENTATION_CONTEXT(2) 
PARAMETRIC_REPRESENTATION_CONTEXT() REPRESENTATION_CONTEXT('2D SPACE',''
  ) );
#5072 = ADVANCED_FACE('',(#5073,#5076),#5025,.F.);
#5073 = FACE_BOUND('',#5074,.F.);
#5074 = EDGE_LOOP('',(#5075));
#5075 = ORIENTED_EDGE('',*,*,#5010,.T.);
#5076 = FACE_BOUND('',#5077,.F.);
#5077 = EDGE_LOOP('',(#5078));
#5078 = ORIENTED_EDGE('',*,*,#5079,.F.);
#5079 = EDGE_CURVE('',#5080,#5080,#5082,.T.);
#5080 = VERTEX_POINT('',#5081);
#5081 = CARTESIAN_POINT('',(7.17,-1.756143509977E-15,33.315340128026));
#5082 = SURFACE_CURVE('',#5083,(#5088,#5095),.PCURVE_S1.);
#5083 = CIRCLE('',#5084,7.17);
#5084 = AXIS2_PLACEMENT_3D('',#5085,#5086,#5087);
#5085 = CARTESIAN_POINT('',(0.,0.,33.315340128026));
#5086 = DIRECTION('',(0.,0.,1.));
#5087 = DIRECTION('',(1.,0.,-0.));
#5088 = PCURVE('',#5025,#5089);
#5089 = DEFINITIONAL_REPRESENTATION('',(#5090),#5094);
#5090 = CIRCLE('',#5091,7.17);
#5091 = AXIS2_PLACEMENT_2D('',#5092,#5093);
#5092 = CARTESIAN_POINT('',(0.,0.));
#5093 = DIRECTION('',(1.,0.));
#5094 = ( GEOMETRIC_REPRESENTATION_CONTEXT(2) 
PARAMETRIC_REPRESENTATION_CONTEXT() REPRESENTATION_CONTEXT('2D SPACE',''
  ) );
#5095 = PCURVE('',#5061,#5096);
#5096 = DEFINITIONAL_REPRESENTATION('',(#5097),#5101);
#5097 = LINE('',#5098,#5099);
#5098 = CARTESIAN_POINT('',(0.,0.));
#5099 = VECTOR('',#5100,1.);
#5100 = DIRECTION('',(1.,0.));
#5101 = ( GEOMETRIC_REPRESENTATION_CONTEXT(2) 
PARAMETRIC_REPRESENTATION_CONTEXT() REPRESENTATION_CONTEXT('2D SPACE',''
  ) );
#5102 = ADVANCED_FACE('',(#5103),#5061,.F.);
#5103 = FACE_BOUND('',#5104,.F.);
#5104 = EDGE_LOOP('',(#5105,#5106,#5127,#5128));
#5105 = ORIENTED_EDGE('',*,*,#5044,.F.);
#5106 = ORIENTED_EDGE('',*,*,#5107,.F.);
#5107 = EDGE_CURVE('',#5080,#5045,#5108,.T.);
#5108 = SEAM_CURVE('',#5109,(#5113,#5120),.PCURVE_S1.);
#5109 = LINE('',#5110,#5111);
#5110 = CARTESIAN_POINT('',(7.17,-1.756143509977E-15,33.315340128026));
#5111 = VECTOR('',#5112,1.);
#5112 = DIRECTION('',(0.,0.,1.));
#5113 = PCURVE('',#5061,#5114);
#5114 = DEFINITIONAL_REPRESENTATION('',(#5115),#5119);
#5115 = LINE('',#5116,#5117);
#5116 = CARTESIAN_POINT('',(6.28318530718,-0.));
#5117 = VECTOR('',#5118,1.);
#5118 = DIRECTION('',(0.,1.));
#5119 = ( GEOMETRIC_REPRESENTATION_CONTEXT(2) 
PARAMETRIC_REPRESENTATION_CONTEXT() REPRESENTATION_CONTEXT('2D SPACE',''
  ) );
#5120 = PCURVE('',#5061,#5121);
#5121 = DEFINITIONAL_REPRESENTATION('',(#5122),#5126);
#5122 = LINE('',#5123,#5124);
#5123 = CARTESIAN_POINT('',(0.,-0.));
#5124 = VECTOR('',#5125,1.);
#5125 = DIRECTION('',(0.,1.));
#5126 = ( GEOMETRIC_REPRESENTATION_CONTEXT(2) 
PARAMETRIC_REPRESENTATION_CONTEXT() REPRESENTATION_CONTEXT('2D SPACE',''
  ) );
#5127 = ORIENTED_EDGE('',*,*,#5079,.T.);
#5128 = ORIENTED_EDGE('',*,*,#5107,.T.);
#5129 = ( GEOMETRIC_REPRESENTATION_CONTEXT(3) 
GLOBAL_UNCERTAINTY_ASSIGNED_CONTEXT((#5133)) 
GLOBAL_UNIT_ASSIGNED_CONTEXT((#5130,#5131,#5132)) REPRESENTATION_CONTEXT
('Context #1','3D Context with UNIT and UNCERTAINTY') );
#5130 = ( LENGTH_UNIT() NAMED_UNIT(*) SI_UNIT(.MILLI.,.METRE.) );
#5131 = ( NAMED_UNIT(*) PLANE_ANGLE_UNIT() SI_UNIT($,.RADIAN.) );
#5132 = ( NAMED_UNIT(*) SI_UNIT($,.STERADIAN.) SOLID_ANGLE_UNIT() );
#5133 = UNCERTAINTY_MEASURE_WITH_UNIT(LENGTH_MEASURE(1.E-07),#5130,
  'distance_accuracy_value','confusion accuracy');
#5134 = CONTEXT_DEPENDENT_SHAPE_REPRESENTATION(#5135,#5137);
#5135 = ( REPRESENTATION_RELATIONSHIP('','',#4946,#10) 
REPRESENTATION_RELATIONSHIP_WITH_TRANSFORMATION(#5136) 
SHAPE_REPRESENTATION_RELATIONSHIP() );
#5136 = ITEM_DEFINED_TRANSFORMATION('','',#11,#87);
#5137 = PRODUCT_DEFINITION_SHAPE('Placement','Placement of an item',
  #5138);
#5138 = NEXT_ASSEMBLY_USAGE_OCCURRENCE('73','rear_race','',#5,#4941,$);
#5139 = PRODUCT_RELATED_PRODUCT_CATEGORY('part',$,(#4943));
#5140 = SHAPE_DEFINITION_REPRESENTATION(#5141,#5147);
#5141 = PRODUCT_DEFINITION_SHAPE('','',#5142);
#5142 = PRODUCT_DEFINITION('design','',#5143,#5146);
#5143 = PRODUCT_DEFINITION_FORMATION('','',#5144);
#5144 = PRODUCT('lateral_stop','lateral_stop','',(#5145));
#5145 = PRODUCT_CONTEXT('',#2,'mechanical');
#5146 = PRODUCT_DEFINITION_CONTEXT('part definition',#2,'design');
#5147 = ADVANCED_BREP_SHAPE_REPRESENTATION('',(#11,#5148),#5330);
#5148 = MANIFOLD_SOLID_BREP('',#5149);
#5149 = CLOSED_SHELL('',(#5150,#5238,#5273,#5303));
#5150 = ADVANCED_FACE('',(#5151),#5164,.T.);
#5151 = FACE_BOUND('',#5152,.T.);
#5152 = EDGE_LOOP('',(#5153,#5187,#5210,#5237));
#5153 = ORIENTED_EDGE('',*,*,#5154,.F.);
#5154 = EDGE_CURVE('',#5155,#5155,#5157,.T.);
#5155 = VERTEX_POINT('',#5156);
#5156 = CARTESIAN_POINT('',(4.,-9.797174393179E-16,18.5));
#5157 = SURFACE_CURVE('',#5158,(#5163,#5175),.PCURVE_S1.);
#5158 = CIRCLE('',#5159,4.);
#5159 = AXIS2_PLACEMENT_3D('',#5160,#5161,#5162);
#5160 = CARTESIAN_POINT('',(0.,0.,18.5));
#5161 = DIRECTION('',(0.,0.,1.));
#5162 = DIRECTION('',(1.,0.,-0.));
#5163 = PCURVE('',#5164,#5169);
#5164 = CYLINDRICAL_SURFACE('',#5165,4.);
#5165 = AXIS2_PLACEMENT_3D('',#5166,#5167,#5168);
#5166 = CARTESIAN_POINT('',(0.,0.,16.5));
#5167 = DIRECTION('',(0.,0.,1.));
#5168 = DIRECTION('',(1.,0.,-0.));
#5169 = DEFINITIONAL_REPRESENTATION('',(#5170),#5174);
#5170 = LINE('',#5171,#5172);
#5171 = CARTESIAN_POINT('',(0.,2.));
#5172 = VECTOR('',#5173,1.);
#5173 = DIRECTION('',(1.,0.));
#5174 = ( GEOMETRIC_REPRESENTATION_CONTEXT(2) 
PARAMETRIC_REPRESENTATION_CONTEXT() REPRESENTATION_CONTEXT('2D SPACE',''
  ) );
#5175 = PCURVE('',#5176,#5181);
#5176 = PLANE('',#5177);
#5177 = AXIS2_PLACEMENT_3D('',#5178,#5179,#5180);
#5178 = CARTESIAN_POINT('',(0.,0.,18.5));
#5179 = DIRECTION('',(0.,0.,1.));
#5180 = DIRECTION('',(1.,0.,-0.));
#5181 = DEFINITIONAL_REPRESENTATION('',(#5182),#5186);
#5182 = CIRCLE('',#5183,4.);
#5183 = AXIS2_PLACEMENT_2D('',#5184,#5185);
#5184 = CARTESIAN_POINT('',(0.,0.));
#5185 = DIRECTION('',(1.,0.));
#5186 = ( GEOMETRIC_REPRESENTATION_CONTEXT(2) 
PARAMETRIC_REPRESENTATION_CONTEXT() REPRESENTATION_CONTEXT('2D SPACE',''
  ) );
#5187 = ORIENTED_EDGE('',*,*,#5188,.F.);
#5188 = EDGE_CURVE('',#5189,#5155,#5191,.T.);
#5189 = VERTEX_POINT('',#5190);
#5190 = CARTESIAN_POINT('',(4.,-9.797174393179E-16,16.5));
#5191 = SEAM_CURVE('',#5192,(#5196,#5203),.PCURVE_S1.);
#5192 = LINE('',#5193,#5194);
#5193 = CARTESIAN_POINT('',(4.,-9.797174393179E-16,16.5));
#5194 = VECTOR('',#5195,1.);
#5195 = DIRECTION('',(0.,0.,1.));
#5196 = PCURVE('',#5164,#5197);
#5197 = DEFINITIONAL_REPRESENTATION('',(#5198),#5202);
#5198 = LINE('',#5199,#5200);
#5199 = CARTESIAN_POINT('',(6.28318530718,-0.));
#5200 = VECTOR('',#5201,1.);
#5201 = DIRECTION('',(0.,1.));
#5202 = ( GEOMETRIC_REPRESENTATION_CONTEXT(2) 
PARAMETRIC_REPRESENTATION_CONTEXT() REPRESENTATION_CONTEXT('2D SPACE',''
  ) );
#5203 = PCURVE('',#5164,#5204);
#5204 = DEFINITIONAL_REPRESENTATION('',(#5205),#5209);
#5205 = LINE('',#5206,#5207);
#5206 = CARTESIAN_POINT('',(0.,-0.));
#5207 = VECTOR('',#5208,1.);
#5208 = DIRECTION('',(0.,1.));
#5209 = ( GEOMETRIC_REPRESENTATION_CONTEXT(2) 
PARAMETRIC_REPRESENTATION_CONTEXT() REPRESENTATION_CONTEXT('2D SPACE',''
  ) );
#5210 = ORIENTED_EDGE('',*,*,#5211,.T.);
#5211 = EDGE_CURVE('',#5189,#5189,#5212,.T.);
#5212 = SURFACE_CURVE('',#5213,(#5218,#5225),.PCURVE_S1.);
#5213 = CIRCLE('',#5214,4.);
#5214 = AXIS2_PLACEMENT_3D('',#5215,#5216,#5217);
#5215 = CARTESIAN_POINT('',(0.,0.,16.5));
#5216 = DIRECTION('',(0.,0.,1.));
#5217 = DIRECTION('',(1.,0.,-0.));
#5218 = PCURVE('',#5164,#5219);
#5219 = DEFINITIONAL_REPRESENTATION('',(#5220),#5224);
#5220 = LINE('',#5221,#5222);
#5221 = CARTESIAN_POINT('',(0.,0.));
#5222 = VECTOR('',#5223,1.);
#5223 = DIRECTION('',(1.,0.));
#5224 = ( GEOMETRIC_REPRESENTATION_CONTEXT(2) 
PARAMETRIC_REPRESENTATION_CONTEXT() REPRESENTATION_CONTEXT('2D SPACE',''
  ) );
#5225 = PCURVE('',#5226,#5231);
#5226 = PLANE('',#5227);
#5227 = AXIS2_PLACEMENT_3D('',#5228,#5229,#5230);
#5228 = CARTESIAN_POINT('',(0.,0.,16.5));
#5229 = DIRECTION('',(0.,0.,1.));
#5230 = DIRECTION('',(1.,0.,-0.));
#5231 = DEFINITIONAL_REPRESENTATION('',(#5232),#5236);
#5232 = CIRCLE('',#5233,4.);
#5233 = AXIS2_PLACEMENT_2D('',#5234,#5235);
#5234 = CARTESIAN_POINT('',(0.,0.));
#5235 = DIRECTION('',(1.,0.));
#5236 = ( GEOMETRIC_REPRESENTATION_CONTEXT(2) 
PARAMETRIC_REPRESENTATION_CONTEXT() REPRESENTATION_CONTEXT('2D SPACE',''
  ) );
#5237 = ORIENTED_EDGE('',*,*,#5188,.T.);
#5238 = ADVANCED_FACE('',(#5239,#5242),#5176,.T.);
#5239 = FACE_BOUND('',#5240,.T.);
#5240 = EDGE_LOOP('',(#5241));
#5241 = ORIENTED_EDGE('',*,*,#5154,.T.);
#5242 = FACE_BOUND('',#5243,.T.);
#5243 = EDGE_LOOP('',(#5244));
#5244 = ORIENTED_EDGE('',*,*,#5245,.F.);
#5245 = EDGE_CURVE('',#5246,#5246,#5248,.T.);
#5246 = VERTEX_POINT('',#5247);
#5247 = CARTESIAN_POINT('',(2.8587,-7.001795609445E-16,18.5));
#5248 = SURFACE_CURVE('',#5249,(#5254,#5261),.PCURVE_S1.);
#5249 = CIRCLE('',#5250,2.8587);
#5250 = AXIS2_PLACEMENT_3D('',#5251,#5252,#5253);
#5251 = CARTESIAN_POINT('',(0.,0.,18.5));
#5252 = DIRECTION('',(0.,0.,1.));
#5253 = DIRECTION('',(1.,0.,-0.));
#5254 = PCURVE('',#5176,#5255);
#5255 = DEFINITIONAL_REPRESENTATION('',(#5256),#5260);
#5256 = CIRCLE('',#5257,2.8587);
#5257 = AXIS2_PLACEMENT_2D('',#5258,#5259);
#5258 = CARTESIAN_POINT('',(0.,0.));
#5259 = DIRECTION('',(1.,0.));
#5260 = ( GEOMETRIC_REPRESENTATION_CONTEXT(2) 
PARAMETRIC_REPRESENTATION_CONTEXT() REPRESENTATION_CONTEXT('2D SPACE',''
  ) );
#5261 = PCURVE('',#5262,#5267);
#5262 = CYLINDRICAL_SURFACE('',#5263,2.8587);
#5263 = AXIS2_PLACEMENT_3D('',#5264,#5265,#5266);
#5264 = CARTESIAN_POINT('',(0.,0.,16.5));
#5265 = DIRECTION('',(0.,0.,1.));
#5266 = DIRECTION('',(1.,0.,-0.));
#5267 = DEFINITIONAL_REPRESENTATION('',(#5268),#5272);
#5268 = LINE('',#5269,#5270);
#5269 = CARTESIAN_POINT('',(0.,2.));
#5270 = VECTOR('',#5271,1.);
#5271 = DIRECTION('',(1.,0.));
#5272 = ( GEOMETRIC_REPRESENTATION_CONTEXT(2) 
PARAMETRIC_REPRESENTATION_CONTEXT() REPRESENTATION_CONTEXT('2D SPACE',''
  ) );
#5273 = ADVANCED_FACE('',(#5274,#5277),#5226,.F.);
#5274 = FACE_BOUND('',#5275,.F.);
#5275 = EDGE_LOOP('',(#5276));
#5276 = ORIENTED_EDGE('',*,*,#5211,.T.);
#5277 = FACE_BOUND('',#5278,.F.);
#5278 = EDGE_LOOP('',(#5279));
#5279 = ORIENTED_EDGE('',*,*,#5280,.F.);
#5280 = EDGE_CURVE('',#5281,#5281,#5283,.T.);
#5281 = VERTEX_POINT('',#5282);
#5282 = CARTESIAN_POINT('',(2.8587,-7.001795609445E-16,16.5));
#5283 = SURFACE_CURVE('',#5284,(#5289,#5296),.PCURVE_S1.);
#5284 = CIRCLE('',#5285,2.8587);
#5285 = AXIS2_PLACEMENT_3D('',#5286,#5287,#5288);
#5286 = CARTESIAN_POINT('',(0.,0.,16.5));
#5287 = DIRECTION('',(0.,0.,1.));
#5288 = DIRECTION('',(1.,0.,-0.));
#5289 = PCURVE('',#5226,#5290);
#5290 = DEFINITIONAL_REPRESENTATION('',(#5291),#5295);
#5291 = CIRCLE('',#5292,2.8587);
#5292 = AXIS2_PLACEMENT_2D('',#5293,#5294);
#5293 = CARTESIAN_POINT('',(0.,0.));
#5294 = DIRECTION('',(1.,0.));
#5295 = ( GEOMETRIC_REPRESENTATION_CONTEXT(2) 
PARAMETRIC_REPRESENTATION_CONTEXT() REPRESENTATION_CONTEXT('2D SPACE',''
  ) );
#5296 = PCURVE('',#5262,#5297);
#5297 = DEFINITIONAL_REPRESENTATION('',(#5298),#5302);
#5298 = LINE('',#5299,#5300);
#5299 = CARTESIAN_POINT('',(0.,0.));
#5300 = VECTOR('',#5301,1.);
#5301 = DIRECTION('',(1.,0.));
#5302 = ( GEOMETRIC_REPRESENTATION_CONTEXT(2) 
PARAMETRIC_REPRESENTATION_CONTEXT() REPRESENTATION_CONTEXT('2D SPACE',''
  ) );
#5303 = ADVANCED_FACE('',(#5304),#5262,.F.);
#5304 = FACE_BOUND('',#5305,.F.);
#5305 = EDGE_LOOP('',(#5306,#5307,#5328,#5329));
#5306 = ORIENTED_EDGE('',*,*,#5245,.F.);
#5307 = ORIENTED_EDGE('',*,*,#5308,.F.);
#5308 = EDGE_CURVE('',#5281,#5246,#5309,.T.);
#5309 = SEAM_CURVE('',#5310,(#5314,#5321),.PCURVE_S1.);
#5310 = LINE('',#5311,#5312);
#5311 = CARTESIAN_POINT('',(2.8587,-7.001795609445E-16,16.5));
#5312 = VECTOR('',#5313,1.);
#5313 = DIRECTION('',(0.,0.,1.));
#5314 = PCURVE('',#5262,#5315);
#5315 = DEFINITIONAL_REPRESENTATION('',(#5316),#5320);
#5316 = LINE('',#5317,#5318);
#5317 = CARTESIAN_POINT('',(6.28318530718,-0.));
#5318 = VECTOR('',#5319,1.);
#5319 = DIRECTION('',(0.,1.));
#5320 = ( GEOMETRIC_REPRESENTATION_CONTEXT(2) 
PARAMETRIC_REPRESENTATION_CONTEXT() REPRESENTATION_CONTEXT('2D SPACE',''
  ) );
#5321 = PCURVE('',#5262,#5322);
#5322 = DEFINITIONAL_REPRESENTATION('',(#5323),#5327);
#5323 = LINE('',#5324,#5325);
#5324 = CARTESIAN_POINT('',(0.,-0.));
#5325 = VECTOR('',#5326,1.);
#5326 = DIRECTION('',(0.,1.));
#5327 = ( GEOMETRIC_REPRESENTATION_CONTEXT(2) 
PARAMETRIC_REPRESENTATION_CONTEXT() REPRESENTATION_CONTEXT('2D SPACE',''
  ) );
#5328 = ORIENTED_EDGE('',*,*,#5280,.T.);
#5329 = ORIENTED_EDGE('',*,*,#5308,.T.);
#5330 = ( GEOMETRIC_REPRESENTATION_CONTEXT(3) 
GLOBAL_UNCERTAINTY_ASSIGNED_CONTEXT((#5334)) 
GLOBAL_UNIT_ASSIGNED_CONTEXT((#5331,#5332,#5333)) REPRESENTATION_CONTEXT
('Context #1','3D Context with UNIT and UNCERTAINTY') );
#5331 = ( LENGTH_UNIT() NAMED_UNIT(*) SI_UNIT(.MILLI.,.METRE.) );
#5332 = ( NAMED_UNIT(*) PLANE_ANGLE_UNIT() SI_UNIT($,.RADIAN.) );
#5333 = ( NAMED_UNIT(*) SI_UNIT($,.STERADIAN.) SOLID_ANGLE_UNIT() );
#5334 = UNCERTAINTY_MEASURE_WITH_UNIT(LENGTH_MEASURE(1.E-07),#5331,
  'distance_accuracy_value','confusion accuracy');
#5335 = CONTEXT_DEPENDENT_SHAPE_REPRESENTATION(#5336,#5338);
#5336 = ( REPRESENTATION_RELATIONSHIP('','',#5147,#10) 
REPRESENTATION_RELATIONSHIP_WITH_TRANSFORMATION(#5337) 
SHAPE_REPRESENTATION_RELATIONSHIP() );
#5337 = ITEM_DEFINED_TRANSFORMATION('','',#11,#91);
#5338 = PRODUCT_DEFINITION_SHAPE('Placement','Placement of an item',
  #5339);
#5339 = NEXT_ASSEMBLY_USAGE_OCCURRENCE('74','lateral_stop','',#5,#5142,$
  );
#5340 = PRODUCT_RELATED_PRODUCT_CATEGORY('part',$,(#5144));
#5341 = SHAPE_DEFINITION_REPRESENTATION(#5342,#5348);
#5342 = PRODUCT_DEFINITION_SHAPE('','',#5343);
#5343 = PRODUCT_DEFINITION('design','',#5344,#5347);
#5344 = PRODUCT_DEFINITION_FORMATION('','',#5345);
#5345 = PRODUCT('nose_hall','nose_hall','',(#5346));
#5346 = PRODUCT_CONTEXT('',#2,'mechanical');
#5347 = PRODUCT_DEFINITION_CONTEXT('part definition',#2,'design');
#5348 = ADVANCED_BREP_SHAPE_REPRESENTATION('',(#11,#5349),#5679);
#5349 = MANIFOLD_SOLID_BREP('',#5350);
#5350 = CLOSED_SHELL('',(#5351,#5471,#5571,#5618,#5665,#5672));
#5351 = ADVANCED_FACE('',(#5352),#5366,.F.);
#5352 = FACE_BOUND('',#5353,.F.);
#5353 = EDGE_LOOP('',(#5354,#5389,#5417,#5445));
#5354 = ORIENTED_EDGE('',*,*,#5355,.F.);
#5355 = EDGE_CURVE('',#5356,#5358,#5360,.T.);
#5356 = VERTEX_POINT('',#5357);
#5357 = CARTESIAN_POINT('',(3.,-2.45,34.165340128026));
#5358 = VERTEX_POINT('',#5359);
#5359 = CARTESIAN_POINT('',(3.,-2.45,35.265340128026));
#5360 = SURFACE_CURVE('',#5361,(#5365,#5377),.PCURVE_S1.);
#5361 = LINE('',#5362,#5363);
#5362 = CARTESIAN_POINT('',(3.,-2.45,34.165340128026));
#5363 = VECTOR('',#5364,1.);
#5364 = DIRECTION('',(0.,0.,1.));
#5365 = PCURVE('',#5366,#5371);
#5366 = PLANE('',#5367);
#5367 = AXIS2_PLACEMENT_3D('',#5368,#5369,#5370);
#5368 = CARTESIAN_POINT('',(3.,-2.45,34.165340128026));
#5369 = DIRECTION('',(1.,0.,0.));
#5370 = DIRECTION('',(0.,0.,1.));
#5371 = DEFINITIONAL_REPRESENTATION('',(#5372),#5376);
#5372 = LINE('',#5373,#5374);
#5373 = CARTESIAN_POINT('',(0.,0.));
#5374 = VECTOR('',#5375,1.);
#5375 = DIRECTION('',(1.,0.));
#5376 = ( GEOMETRIC_REPRESENTATION_CONTEXT(2) 
PARAMETRIC_REPRESENTATION_CONTEXT() REPRESENTATION_CONTEXT('2D SPACE',''
  ) );
#5377 = PCURVE('',#5378,#5383);
#5378 = PLANE('',#5379);
#5379 = AXIS2_PLACEMENT_3D('',#5380,#5381,#5382);
#5380 = CARTESIAN_POINT('',(3.,-2.45,34.165340128026));
#5381 = DIRECTION('',(0.,1.,0.));
#5382 = DIRECTION('',(0.,0.,1.));
#5383 = DEFINITIONAL_REPRESENTATION('',(#5384),#5388);
#5384 = LINE('',#5385,#5386);
#5385 = CARTESIAN_POINT('',(0.,0.));
#5386 = VECTOR('',#5387,1.);
#5387 = DIRECTION('',(1.,0.));
#5388 = ( GEOMETRIC_REPRESENTATION_CONTEXT(2) 
PARAMETRIC_REPRESENTATION_CONTEXT() REPRESENTATION_CONTEXT('2D SPACE',''
  ) );
#5389 = ORIENTED_EDGE('',*,*,#5390,.T.);
#5390 = EDGE_CURVE('',#5356,#5391,#5393,.T.);
#5391 = VERTEX_POINT('',#5392);
#5392 = CARTESIAN_POINT('',(3.,2.45,34.165340128026));
#5393 = SURFACE_CURVE('',#5394,(#5398,#5405),.PCURVE_S1.);
#5394 = LINE('',#5395,#5396);
#5395 = CARTESIAN_POINT('',(3.,-2.45,34.165340128026));
#5396 = VECTOR('',#5397,1.);
#5397 = DIRECTION('',(0.,1.,0.));
#5398 = PCURVE('',#5366,#5399);
#5399 = DEFINITIONAL_REPRESENTATION('',(#5400),#5404);
#5400 = LINE('',#5401,#5402);
#5401 = CARTESIAN_POINT('',(0.,0.));
#5402 = VECTOR('',#5403,1.);
#5403 = DIRECTION('',(0.,-1.));
#5404 = ( GEOMETRIC_REPRESENTATION_CONTEXT(2) 
PARAMETRIC_REPRESENTATION_CONTEXT() REPRESENTATION_CONTEXT('2D SPACE',''
  ) );
#5405 = PCURVE('',#5406,#5411);
#5406 = PLANE('',#5407);
#5407 = AXIS2_PLACEMENT_3D('',#5408,#5409,#5410);
#5408 = CARTESIAN_POINT('',(3.,-2.45,34.165340128026));
#5409 = DIRECTION('',(0.,0.,1.));
#5410 = DIRECTION('',(1.,0.,0.));
#5411 = DEFINITIONAL_REPRESENTATION('',(#5412),#5416);
#5412 = LINE('',#5413,#5414);
#5413 = CARTESIAN_POINT('',(0.,0.));
#5414 = VECTOR('',#5415,1.);
#5415 = DIRECTION('',(0.,1.));
#5416 = ( GEOMETRIC_REPRESENTATION_CONTEXT(2) 
PARAMETRIC_REPRESENTATION_CONTEXT() REPRESENTATION_CONTEXT('2D SPACE',''
  ) );
#5417 = ORIENTED_EDGE('',*,*,#5418,.T.);
#5418 = EDGE_CURVE('',#5391,#5419,#5421,.T.);
#5419 = VERTEX_POINT('',#5420);
#5420 = CARTESIAN_POINT('',(3.,2.45,35.265340128026));
#5421 = SURFACE_CURVE('',#5422,(#5426,#5433),.PCURVE_S1.);
#5422 = LINE('',#5423,#5424);
#5423 = CARTESIAN_POINT('',(3.,2.45,34.165340128026));
#5424 = VECTOR('',#5425,1.);
#5425 = DIRECTION('',(0.,0.,1.));
#5426 = PCURVE('',#5366,#5427);
#5427 = DEFINITIONAL_REPRESENTATION('',(#5428),#5432);
#5428 = LINE('',#5429,#5430);
#5429 = CARTESIAN_POINT('',(0.,-4.9));
#5430 = VECTOR('',#5431,1.);
#5431 = DIRECTION('',(1.,0.));
#5432 = ( GEOMETRIC_REPRESENTATION_CONTEXT(2) 
PARAMETRIC_REPRESENTATION_CONTEXT() REPRESENTATION_CONTEXT('2D SPACE',''
  ) );
#5433 = PCURVE('',#5434,#5439);
#5434 = PLANE('',#5435);
#5435 = AXIS2_PLACEMENT_3D('',#5436,#5437,#5438);
#5436 = CARTESIAN_POINT('',(3.,2.45,34.165340128026));
#5437 = DIRECTION('',(0.,1.,0.));
#5438 = DIRECTION('',(0.,0.,1.));
#5439 = DEFINITIONAL_REPRESENTATION('',(#5440),#5444);
#5440 = LINE('',#5441,#5442);
#5441 = CARTESIAN_POINT('',(0.,0.));
#5442 = VECTOR('',#5443,1.);
#5443 = DIRECTION('',(1.,0.));
#5444 = ( GEOMETRIC_REPRESENTATION_CONTEXT(2) 
PARAMETRIC_REPRESENTATION_CONTEXT() REPRESENTATION_CONTEXT('2D SPACE',''
  ) );
#5445 = ORIENTED_EDGE('',*,*,#5446,.F.);
#5446 = EDGE_CURVE('',#5358,#5419,#5447,.T.);
#5447 = SURFACE_CURVE('',#5448,(#5452,#5459),.PCURVE_S1.);
#5448 = LINE('',#5449,#5450);
#5449 = CARTESIAN_POINT('',(3.,-2.45,35.265340128026));
#5450 = VECTOR('',#5451,1.);
#5451 = DIRECTION('',(0.,1.,0.));
#5452 = PCURVE('',#5366,#5453);
#5453 = DEFINITIONAL_REPRESENTATION('',(#5454),#5458);
#5454 = LINE('',#5455,#5456);
#5455 = CARTESIAN_POINT('',(1.1,0.));
#5456 = VECTOR('',#5457,1.);
#5457 = DIRECTION('',(0.,-1.));
#5458 = ( GEOMETRIC_REPRESENTATION_CONTEXT(2) 
PARAMETRIC_REPRESENTATION_CONTEXT() REPRESENTATION_CONTEXT('2D SPACE',''
  ) );
#5459 = PCURVE('',#5460,#5465);
#5460 = PLANE('',#5461);
#5461 = AXIS2_PLACEMENT_3D('',#5462,#5463,#5464);
#5462 = CARTESIAN_POINT('',(3.,-2.45,35.265340128026));
#5463 = DIRECTION('',(0.,0.,1.));
#5464 = DIRECTION('',(1.,0.,0.));
#5465 = DEFINITIONAL_REPRESENTATION('',(#5466),#5470);
#5466 = LINE('',#5467,#5468);
#5467 = CARTESIAN_POINT('',(0.,0.));
#5468 = VECTOR('',#5469,1.);
#5469 = DIRECTION('',(0.,1.));
#5470 = ( GEOMETRIC_REPRESENTATION_CONTEXT(2) 
PARAMETRIC_REPRESENTATION_CONTEXT() REPRESENTATION_CONTEXT('2D SPACE',''
  ) );
#5471 = ADVANCED_FACE('',(#5472),#5486,.T.);
#5472 = FACE_BOUND('',#5473,.T.);
#5473 = EDGE_LOOP('',(#5474,#5504,#5527,#5550));
#5474 = ORIENTED_EDGE('',*,*,#5475,.F.);
#5475 = EDGE_CURVE('',#5476,#5478,#5480,.T.);
#5476 = VERTEX_POINT('',#5477);
#5477 = CARTESIAN_POINT('',(6.,-2.45,34.165340128026));
#5478 = VERTEX_POINT('',#5479);
#5479 = CARTESIAN_POINT('',(6.,-2.45,35.265340128026));
#5480 = SURFACE_CURVE('',#5481,(#5485,#5497),.PCURVE_S1.);
#5481 = LINE('',#5482,#5483);
#5482 = CARTESIAN_POINT('',(6.,-2.45,34.165340128026));
#5483 = VECTOR('',#5484,1.);
#5484 = DIRECTION('',(0.,0.,1.));
#5485 = PCURVE('',#5486,#5491);
#5486 = PLANE('',#5487);
#5487 = AXIS2_PLACEMENT_3D('',#5488,#5489,#5490);
#5488 = CARTESIAN_POINT('',(6.,-2.45,34.165340128026));
#5489 = DIRECTION('',(1.,0.,0.));
#5490 = DIRECTION('',(0.,0.,1.));
#5491 = DEFINITIONAL_REPRESENTATION('',(#5492),#5496);
#5492 = LINE('',#5493,#5494);
#5493 = CARTESIAN_POINT('',(0.,0.));
#5494 = VECTOR('',#5495,1.);
#5495 = DIRECTION('',(1.,0.));
#5496 = ( GEOMETRIC_REPRESENTATION_CONTEXT(2) 
PARAMETRIC_REPRESENTATION_CONTEXT() REPRESENTATION_CONTEXT('2D SPACE',''
  ) );
#5497 = PCURVE('',#5378,#5498);
#5498 = DEFINITIONAL_REPRESENTATION('',(#5499),#5503);
#5499 = LINE('',#5500,#5501);
#5500 = CARTESIAN_POINT('',(0.,3.));
#5501 = VECTOR('',#5502,1.);
#5502 = DIRECTION('',(1.,0.));
#5503 = ( GEOMETRIC_REPRESENTATION_CONTEXT(2) 
PARAMETRIC_REPRESENTATION_CONTEXT() REPRESENTATION_CONTEXT('2D SPACE',''
  ) );
#5504 = ORIENTED_EDGE('',*,*,#5505,.T.);
#5505 = EDGE_CURVE('',#5476,#5506,#5508,.T.);
#5506 = VERTEX_POINT('',#5507);
#5507 = CARTESIAN_POINT('',(6.,2.45,34.165340128026));
#5508 = SURFACE_CURVE('',#5509,(#5513,#5520),.PCURVE_S1.);
#5509 = LINE('',#5510,#5511);
#5510 = CARTESIAN_POINT('',(6.,-2.45,34.165340128026));
#5511 = VECTOR('',#5512,1.);
#5512 = DIRECTION('',(0.,1.,0.));
#5513 = PCURVE('',#5486,#5514);
#5514 = DEFINITIONAL_REPRESENTATION('',(#5515),#5519);
#5515 = LINE('',#5516,#5517);
#5516 = CARTESIAN_POINT('',(0.,0.));
#5517 = VECTOR('',#5518,1.);
#5518 = DIRECTION('',(0.,-1.));
#5519 = ( GEOMETRIC_REPRESENTATION_CONTEXT(2) 
PARAMETRIC_REPRESENTATION_CONTEXT() REPRESENTATION_CONTEXT('2D SPACE',''
  ) );
#5520 = PCURVE('',#5406,#5521);
#5521 = DEFINITIONAL_REPRESENTATION('',(#5522),#5526);
#5522 = LINE('',#5523,#5524);
#5523 = CARTESIAN_POINT('',(3.,0.));
#5524 = VECTOR('',#5525,1.);
#5525 = DIRECTION('',(0.,1.));
#5526 = ( GEOMETRIC_REPRESENTATION_CONTEXT(2) 
PARAMETRIC_REPRESENTATION_CONTEXT() REPRESENTATION_CONTEXT('2D SPACE',''
  ) );
#5527 = ORIENTED_EDGE('',*,*,#5528,.T.);
#5528 = EDGE_CURVE('',#5506,#5529,#5531,.T.);
#5529 = VERTEX_POINT('',#5530);
#5530 = CARTESIAN_POINT('',(6.,2.45,35.265340128026));
#5531 = SURFACE_CURVE('',#5532,(#5536,#5543),.PCURVE_S1.);
#5532 = LINE('',#5533,#5534);
#5533 = CARTESIAN_POINT('',(6.,2.45,34.165340128026));
#5534 = VECTOR('',#5535,1.);
#5535 = DIRECTION('',(0.,0.,1.));
#5536 = PCURVE('',#5486,#5537);
#5537 = DEFINITIONAL_REPRESENTATION('',(#5538),#5542);
#5538 = LINE('',#5539,#5540);
#5539 = CARTESIAN_POINT('',(0.,-4.9));
#5540 = VECTOR('',#5541,1.);
#5541 = DIRECTION('',(1.,0.));
#5542 = ( GEOMETRIC_REPRESENTATION_CONTEXT(2) 
PARAMETRIC_REPRESENTATION_CONTEXT() REPRESENTATION_CONTEXT('2D SPACE',''
  ) );
#5543 = PCURVE('',#5434,#5544);
#5544 = DEFINITIONAL_REPRESENTATION('',(#5545),#5549);
#5545 = LINE('',#5546,#5547);
#5546 = CARTESIAN_POINT('',(0.,3.));
#5547 = VECTOR('',#5548,1.);
#5548 = DIRECTION('',(1.,0.));
#5549 = ( GEOMETRIC_REPRESENTATION_CONTEXT(2) 
PARAMETRIC_REPRESENTATION_CONTEXT() REPRESENTATION_CONTEXT('2D SPACE',''
  ) );
#5550 = ORIENTED_EDGE('',*,*,#5551,.F.);
#5551 = EDGE_CURVE('',#5478,#5529,#5552,.T.);
#5552 = SURFACE_CURVE('',#5553,(#5557,#5564),.PCURVE_S1.);
#5553 = LINE('',#5554,#5555);
#5554 = CARTESIAN_POINT('',(6.,-2.45,35.265340128026));
#5555 = VECTOR('',#5556,1.);
#5556 = DIRECTION('',(0.,1.,0.));
#5557 = PCURVE('',#5486,#5558);
#5558 = DEFINITIONAL_REPRESENTATION('',(#5559),#5563);
#5559 = LINE('',#5560,#5561);
#5560 = CARTESIAN_POINT('',(1.1,0.));
#5561 = VECTOR('',#5562,1.);
#5562 = DIRECTION('',(0.,-1.));
#5563 = ( GEOMETRIC_REPRESENTATION_CONTEXT(2) 
PARAMETRIC_REPRESENTATION_CONTEXT() REPRESENTATION_CONTEXT('2D SPACE',''
  ) );
#5564 = PCURVE('',#5460,#5565);
#5565 = DEFINITIONAL_REPRESENTATION('',(#5566),#5570);
#5566 = LINE('',#5567,#5568);
#5567 = CARTESIAN_POINT('',(3.,0.));
#5568 = VECTOR('',#5569,1.);
#5569 = DIRECTION('',(0.,1.));
#5570 = ( GEOMETRIC_REPRESENTATION_CONTEXT(2) 
PARAMETRIC_REPRESENTATION_CONTEXT() REPRESENTATION_CONTEXT('2D SPACE',''
  ) );
#5571 = ADVANCED_FACE('',(#5572),#5378,.F.);
#5572 = FACE_BOUND('',#5573,.F.);
#5573 = EDGE_LOOP('',(#5574,#5595,#5596,#5617));
#5574 = ORIENTED_EDGE('',*,*,#5575,.F.);
#5575 = EDGE_CURVE('',#5356,#5476,#5576,.T.);
#5576 = SURFACE_CURVE('',#5577,(#5581,#5588),.PCURVE_S1.);
#5577 = LINE('',#5578,#5579);
#5578 = CARTESIAN_POINT('',(3.,-2.45,34.165340128026));
#5579 = VECTOR('',#5580,1.);
#5580 = DIRECTION('',(1.,0.,0.));
#5581 = PCURVE('',#5378,#5582);
#5582 = DEFINITIONAL_REPRESENTATION('',(#5583),#5587);
#5583 = LINE('',#5584,#5585);
#5584 = CARTESIAN_POINT('',(0.,0.));
#5585 = VECTOR('',#5586,1.);
#5586 = DIRECTION('',(0.,1.));
#5587 = ( GEOMETRIC_REPRESENTATION_CONTEXT(2) 
PARAMETRIC_REPRESENTATION_CONTEXT() REPRESENTATION_CONTEXT('2D SPACE',''
  ) );
#5588 = PCURVE('',#5406,#5589);
#5589 = DEFINITIONAL_REPRESENTATION('',(#5590),#5594);
#5590 = LINE('',#5591,#5592);
#5591 = CARTESIAN_POINT('',(0.,0.));
#5592 = VECTOR('',#5593,1.);
#5593 = DIRECTION('',(1.,0.));
#5594 = ( GEOMETRIC_REPRESENTATION_CONTEXT(2) 
PARAMETRIC_REPRESENTATION_CONTEXT() REPRESENTATION_CONTEXT('2D SPACE',''
  ) );
#5595 = ORIENTED_EDGE('',*,*,#5355,.T.);
#5596 = ORIENTED_EDGE('',*,*,#5597,.T.);
#5597 = EDGE_CURVE('',#5358,#5478,#5598,.T.);
#5598 = SURFACE_CURVE('',#5599,(#5603,#5610),.PCURVE_S1.);
#5599 = LINE('',#5600,#5601);
#5600 = CARTESIAN_POINT('',(3.,-2.45,35.265340128026));
#5601 = VECTOR('',#5602,1.);
#5602 = DIRECTION('',(1.,0.,0.));
#5603 = PCURVE('',#5378,#5604);
#5604 = DEFINITIONAL_REPRESENTATION('',(#5605),#5609);
#5605 = LINE('',#5606,#5607);
#5606 = CARTESIAN_POINT('',(1.1,0.));
#5607 = VECTOR('',#5608,1.);
#5608 = DIRECTION('',(0.,1.));
#5609 = ( GEOMETRIC_REPRESENTATION_CONTEXT(2) 
PARAMETRIC_REPRESENTATION_CONTEXT() REPRESENTATION_CONTEXT('2D SPACE',''
  ) );
#5610 = PCURVE('',#5460,#5611);
#5611 = DEFINITIONAL_REPRESENTATION('',(#5612),#5616);
#5612 = LINE('',#5613,#5614);
#5613 = CARTESIAN_POINT('',(0.,0.));
#5614 = VECTOR('',#5615,1.);
#5615 = DIRECTION('',(1.,0.));
#5616 = ( GEOMETRIC_REPRESENTATION_CONTEXT(2) 
PARAMETRIC_REPRESENTATION_CONTEXT() REPRESENTATION_CONTEXT('2D SPACE',''
  ) );
#5617 = ORIENTED_EDGE('',*,*,#5475,.F.);
#5618 = ADVANCED_FACE('',(#5619),#5434,.T.);
#5619 = FACE_BOUND('',#5620,.T.);
#5620 = EDGE_LOOP('',(#5621,#5642,#5643,#5664));
#5621 = ORIENTED_EDGE('',*,*,#5622,.F.);
#5622 = EDGE_CURVE('',#5391,#5506,#5623,.T.);
#5623 = SURFACE_CURVE('',#5624,(#5628,#5635),.PCURVE_S1.);
#5624 = LINE('',#5625,#5626);
#5625 = CARTESIAN_POINT('',(3.,2.45,34.165340128026));
#5626 = VECTOR('',#5627,1.);
#5627 = DIRECTION('',(1.,0.,0.));
#5628 = PCURVE('',#5434,#5629);
#5629 = DEFINITIONAL_REPRESENTATION('',(#5630),#5634);
#5630 = LINE('',#5631,#5632);
#5631 = CARTESIAN_POINT('',(0.,0.));
#5632 = VECTOR('',#5633,1.);
#5633 = DIRECTION('',(0.,1.));
#5634 = ( GEOMETRIC_REPRESENTATION_CONTEXT(2) 
PARAMETRIC_REPRESENTATION_CONTEXT() REPRESENTATION_CONTEXT('2D SPACE',''
  ) );
#5635 = PCURVE('',#5406,#5636);
#5636 = DEFINITIONAL_REPRESENTATION('',(#5637),#5641);
#5637 = LINE('',#5638,#5639);
#5638 = CARTESIAN_POINT('',(0.,4.9));
#5639 = VECTOR('',#5640,1.);
#5640 = DIRECTION('',(1.,0.));
#5641 = ( GEOMETRIC_REPRESENTATION_CONTEXT(2) 
PARAMETRIC_REPRESENTATION_CONTEXT() REPRESENTATION_CONTEXT('2D SPACE',''
  ) );
#5642 = ORIENTED_EDGE('',*,*,#5418,.T.);
#5643 = ORIENTED_EDGE('',*,*,#5644,.T.);
#5644 = EDGE_CURVE('',#5419,#5529,#5645,.T.);
#5645 = SURFACE_CURVE('',#5646,(#5650,#5657),.PCURVE_S1.);
#5646 = LINE('',#5647,#5648);
#5647 = CARTESIAN_POINT('',(3.,2.45,35.265340128026));
#5648 = VECTOR('',#5649,1.);
#5649 = DIRECTION('',(1.,0.,0.));
#5650 = PCURVE('',#5434,#5651);
#5651 = DEFINITIONAL_REPRESENTATION('',(#5652),#5656);
#5652 = LINE('',#5653,#5654);
#5653 = CARTESIAN_POINT('',(1.1,0.));
#5654 = VECTOR('',#5655,1.);
#5655 = DIRECTION('',(0.,1.));
#5656 = ( GEOMETRIC_REPRESENTATION_CONTEXT(2) 
PARAMETRIC_REPRESENTATION_CONTEXT() REPRESENTATION_CONTEXT('2D SPACE',''
  ) );
#5657 = PCURVE('',#5460,#5658);
#5658 = DEFINITIONAL_REPRESENTATION('',(#5659),#5663);
#5659 = LINE('',#5660,#5661);
#5660 = CARTESIAN_POINT('',(0.,4.9));
#5661 = VECTOR('',#5662,1.);
#5662 = DIRECTION('',(1.,0.));
#5663 = ( GEOMETRIC_REPRESENTATION_CONTEXT(2) 
PARAMETRIC_REPRESENTATION_CONTEXT() REPRESENTATION_CONTEXT('2D SPACE',''
  ) );
#5664 = ORIENTED_EDGE('',*,*,#5528,.F.);
#5665 = ADVANCED_FACE('',(#5666),#5406,.F.);
#5666 = FACE_BOUND('',#5667,.F.);
#5667 = EDGE_LOOP('',(#5668,#5669,#5670,#5671));
#5668 = ORIENTED_EDGE('',*,*,#5390,.F.);
#5669 = ORIENTED_EDGE('',*,*,#5575,.T.);
#5670 = ORIENTED_EDGE('',*,*,#5505,.T.);
#5671 = ORIENTED_EDGE('',*,*,#5622,.F.);
#5672 = ADVANCED_FACE('',(#5673),#5460,.T.);
#5673 = FACE_BOUND('',#5674,.T.);
#5674 = EDGE_LOOP('',(#5675,#5676,#5677,#5678));
#5675 = ORIENTED_EDGE('',*,*,#5446,.F.);
#5676 = ORIENTED_EDGE('',*,*,#5597,.T.);
#5677 = ORIENTED_EDGE('',*,*,#5551,.T.);
#5678 = ORIENTED_EDGE('',*,*,#5644,.F.);
#5679 = ( GEOMETRIC_REPRESENTATION_CONTEXT(3) 
GLOBAL_UNCERTAINTY_ASSIGNED_CONTEXT((#5683)) 
GLOBAL_UNIT_ASSIGNED_CONTEXT((#5680,#5681,#5682)) REPRESENTATION_CONTEXT
('Context #1','3D Context with UNIT and UNCERTAINTY') );
#5680 = ( LENGTH_UNIT() NAMED_UNIT(*) SI_UNIT(.MILLI.,.METRE.) );
#5681 = ( NAMED_UNIT(*) PLANE_ANGLE_UNIT() SI_UNIT($,.RADIAN.) );
#5682 = ( NAMED_UNIT(*) SI_UNIT($,.STERADIAN.) SOLID_ANGLE_UNIT() );
#5683 = UNCERTAINTY_MEASURE_WITH_UNIT(LENGTH_MEASURE(1.E-07),#5680,
  'distance_accuracy_value','confusion accuracy');
#5684 = CONTEXT_DEPENDENT_SHAPE_REPRESENTATION(#5685,#5687);
#5685 = ( REPRESENTATION_RELATIONSHIP('','',#5348,#10) 
REPRESENTATION_RELATIONSHIP_WITH_TRANSFORMATION(#5686) 
SHAPE_REPRESENTATION_RELATIONSHIP() );
#5686 = ITEM_DEFINED_TRANSFORMATION('','',#11,#95);
#5687 = PRODUCT_DEFINITION_SHAPE('Placement','Placement of an item',
  #5688);
#5688 = NEXT_ASSEMBLY_USAGE_OCCURRENCE('75','nose_hall','',#5,#5343,$);
#5689 = PRODUCT_RELATED_PRODUCT_CATEGORY('part',$,(#5345));
#5690 = SHAPE_DEFINITION_REPRESENTATION(#5691,#5697);
#5691 = PRODUCT_DEFINITION_SHAPE('','',#5692);
#5692 = PRODUCT_DEFINITION('design','',#5693,#5696);
#5693 = PRODUCT_DEFINITION_FORMATION('','',#5694);
#5694 = PRODUCT('wire_1','wire_1','',(#5695));
#5695 = PRODUCT_CONTEXT('',#2,'mechanical');
#5696 = PRODUCT_DEFINITION_CONTEXT('part definition',#2,'design');
#5697 = ADVANCED_BREP_SHAPE_REPRESENTATION('',(#11,#5698),#5796);
#5698 = MANIFOLD_SOLID_BREP('',#5699);
#5699 = CLOSED_SHELL('',(#5700,#5788,#5792));
#5700 = ADVANCED_FACE('',(#5701),#5715,.T.);
#5701 = FACE_BOUND('',#5702,.F.);
#5702 = EDGE_LOOP('',(#5703,#5733,#5760,#5761));
#5703 = ORIENTED_EDGE('',*,*,#5704,.T.);
#5704 = EDGE_CURVE('',#5705,#5707,#5709,.T.);
#5705 = VERTEX_POINT('',#5706);
#5706 = CARTESIAN_POINT('',(3.939087296526,3.889087296526,
    31.765340128026));
#5707 = VERTEX_POINT('',#5708);
#5708 = CARTESIAN_POINT('',(3.939087296526,3.889087296526,
    58.565340128026));
#5709 = SEAM_CURVE('',#5710,(#5714,#5726),.PCURVE_S1.);
#5710 = LINE('',#5711,#5712);
#5711 = CARTESIAN_POINT('',(3.939087296526,3.889087296526,
    31.765340128026));
#5712 = VECTOR('',#5713,1.);
#5713 = DIRECTION('',(0.,0.,1.));
#5714 = PCURVE('',#5715,#5720);
#5715 = CYLINDRICAL_SURFACE('',#5716,5.E-02);
#5716 = AXIS2_PLACEMENT_3D('',#5717,#5718,#5719);
#5717 = CARTESIAN_POINT('',(3.889087296526,3.889087296526,
    31.765340128026));
#5718 = DIRECTION('',(-0.,-0.,-1.));
#5719 = DIRECTION('',(1.,0.,0.));
#5720 = DEFINITIONAL_REPRESENTATION('',(#5721),#5725);
#5721 = LINE('',#5722,#5723);
#5722 = CARTESIAN_POINT('',(-0.,0.));
#5723 = VECTOR('',#5724,1.);
#5724 = DIRECTION('',(-0.,-1.));
#5725 = ( GEOMETRIC_REPRESENTATION_CONTEXT(2) 
PARAMETRIC_REPRESENTATION_CONTEXT() REPRESENTATION_CONTEXT('2D SPACE',''
  ) );
#5726 = PCURVE('',#5715,#5727);
#5727 = DEFINITIONAL_REPRESENTATION('',(#5728),#5732);
#5728 = LINE('',#5729,#5730);
#5729 = CARTESIAN_POINT('',(-6.28318530718,0.));
#5730 = VECTOR('',#5731,1.);
#5731 = DIRECTION('',(-0.,-1.));
#5732 = ( GEOMETRIC_REPRESENTATION_CONTEXT(2) 
PARAMETRIC_REPRESENTATION_CONTEXT() REPRESENTATION_CONTEXT('2D SPACE',''
  ) );
#5733 = ORIENTED_EDGE('',*,*,#5734,.T.);
#5734 = EDGE_CURVE('',#5707,#5707,#5735,.T.);
#5735 = SURFACE_CURVE('',#5736,(#5741,#5748),.PCURVE_S1.);
#5736 = CIRCLE('',#5737,5.E-02);
#5737 = AXIS2_PLACEMENT_3D('',#5738,#5739,#5740);
#5738 = CARTESIAN_POINT('',(3.889087296526,3.889087296526,
    58.565340128026));
#5739 = DIRECTION('',(0.,0.,1.));
#5740 = DIRECTION('',(1.,0.,0.));
#5741 = PCURVE('',#5715,#5742);
#5742 = DEFINITIONAL_REPRESENTATION('',(#5743),#5747);
#5743 = LINE('',#5744,#5745);
#5744 = CARTESIAN_POINT('',(-0.,-26.8));
#5745 = VECTOR('',#5746,1.);
#5746 = DIRECTION('',(-1.,0.));
#5747 = ( GEOMETRIC_REPRESENTATION_CONTEXT(2) 
PARAMETRIC_REPRESENTATION_CONTEXT() REPRESENTATION_CONTEXT('2D SPACE',''
  ) );
#5748 = PCURVE('',#5749,#5754);
#5749 = PLANE('',#5750);
#5750 = AXIS2_PLACEMENT_3D('',#5751,#5752,#5753);
#5751 = CARTESIAN_POINT('',(3.889087296526,3.889087296526,
    58.565340128026));
#5752 = DIRECTION('',(0.,0.,1.));
#5753 = DIRECTION('',(1.,0.,-0.));
#5754 = DEFINITIONAL_REPRESENTATION('',(#5755),#5759);
#5755 = CIRCLE('',#5756,5.E-02);
#5756 = AXIS2_PLACEMENT_2D('',#5757,#5758);
#5757 = CARTESIAN_POINT('',(0.,0.));
#5758 = DIRECTION('',(1.,0.));
#5759 = ( GEOMETRIC_REPRESENTATION_CONTEXT(2) 
PARAMETRIC_REPRESENTATION_CONTEXT() REPRESENTATION_CONTEXT('2D SPACE',''
  ) );
#5760 = ORIENTED_EDGE('',*,*,#5704,.F.);
#5761 = ORIENTED_EDGE('',*,*,#5762,.F.);
#5762 = EDGE_CURVE('',#5705,#5705,#5763,.T.);
#5763 = SURFACE_CURVE('',#5764,(#5769,#5776),.PCURVE_S1.);
#5764 = CIRCLE('',#5765,5.E-02);
#5765 = AXIS2_PLACEMENT_3D('',#5766,#5767,#5768);
#5766 = CARTESIAN_POINT('',(3.889087296526,3.889087296526,
    31.765340128026));
#5767 = DIRECTION('',(0.,0.,1.));
#5768 = DIRECTION('',(1.,0.,0.));
#5769 = PCURVE('',#5715,#5770);
#5770 = DEFINITIONAL_REPRESENTATION('',(#5771),#5775);
#5771 = LINE('',#5772,#5773);
#5772 = CARTESIAN_POINT('',(-0.,0.));
#5773 = VECTOR('',#5774,1.);
#5774 = DIRECTION('',(-1.,0.));
#5775 = ( GEOMETRIC_REPRESENTATION_CONTEXT(2) 
PARAMETRIC_REPRESENTATION_CONTEXT() REPRESENTATION_CONTEXT('2D SPACE',''
  ) );
#5776 = PCURVE('',#5777,#5782);
#5777 = PLANE('',#5778);
#5778 = AXIS2_PLACEMENT_3D('',#5779,#5780,#5781);
#5779 = CARTESIAN_POINT('',(3.889087296526,3.889087296526,
    31.765340128026));
#5780 = DIRECTION('',(0.,0.,1.));
#5781 = DIRECTION('',(1.,0.,-0.));
#5782 = DEFINITIONAL_REPRESENTATION('',(#5783),#5787);
#5783 = CIRCLE('',#5784,5.E-02);
#5784 = AXIS2_PLACEMENT_2D('',#5785,#5786);
#5785 = CARTESIAN_POINT('',(0.,0.));
#5786 = DIRECTION('',(1.,0.));
#5787 = ( GEOMETRIC_REPRESENTATION_CONTEXT(2) 
PARAMETRIC_REPRESENTATION_CONTEXT() REPRESENTATION_CONTEXT('2D SPACE',''
  ) );
#5788 = ADVANCED_FACE('',(#5789),#5777,.F.);
#5789 = FACE_BOUND('',#5790,.F.);
#5790 = EDGE_LOOP('',(#5791));
#5791 = ORIENTED_EDGE('',*,*,#5762,.T.);
#5792 = ADVANCED_FACE('',(#5793),#5749,.T.);
#5793 = FACE_BOUND('',#5794,.T.);
#5794 = EDGE_LOOP('',(#5795));
#5795 = ORIENTED_EDGE('',*,*,#5734,.T.);
#5796 = ( GEOMETRIC_REPRESENTATION_CONTEXT(3) 
GLOBAL_UNCERTAINTY_ASSIGNED_CONTEXT((#5800)) 
GLOBAL_UNIT_ASSIGNED_CONTEXT((#5797,#5798,#5799)) REPRESENTATION_CONTEXT
('Context #1','3D Context with UNIT and UNCERTAINTY') );
#5797 = ( LENGTH_UNIT() NAMED_UNIT(*) SI_UNIT(.MILLI.,.METRE.) );
#5798 = ( NAMED_UNIT(*) PLANE_ANGLE_UNIT() SI_UNIT($,.RADIAN.) );
#5799 = ( NAMED_UNIT(*) SI_UNIT($,.STERADIAN.) SOLID_ANGLE_UNIT() );
#5800 = UNCERTAINTY_MEASURE_WITH_UNIT(LENGTH_MEASURE(1.E-07),#5797,
  'distance_accuracy_value','confusion accuracy');
#5801 = CONTEXT_DEPENDENT_SHAPE_REPRESENTATION(#5802,#5804);
#5802 = ( REPRESENTATION_RELATIONSHIP('','',#5697,#10) 
REPRESENTATION_RELATIONSHIP_WITH_TRANSFORMATION(#5803) 
SHAPE_REPRESENTATION_RELATIONSHIP() );
#5803 = ITEM_DEFINED_TRANSFORMATION('','',#11,#99);
#5804 = PRODUCT_DEFINITION_SHAPE('Placement','Placement of an item',
  #5805);
#5805 = NEXT_ASSEMBLY_USAGE_OCCURRENCE('76','wire_1','',#5,#5692,$);
#5806 = PRODUCT_RELATED_PRODUCT_CATEGORY('part',$,(#5694));
#5807 = SHAPE_DEFINITION_REPRESENTATION(#5808,#5814);
#5808 = PRODUCT_DEFINITION_SHAPE('','',#5809);
#5809 = PRODUCT_DEFINITION('design','',#5810,#5813);
#5810 = PRODUCT_DEFINITION_FORMATION('','',#5811);
#5811 = PRODUCT('wire_2','wire_2','',(#5812));
#5812 = PRODUCT_CONTEXT('',#2,'mechanical');
#5813 = PRODUCT_DEFINITION_CONTEXT('part definition',#2,'design');
#5814 = ADVANCED_BREP_SHAPE_REPRESENTATION('',(#11,#5815),#5913);
#5815 = MANIFOLD_SOLID_BREP('',#5816);
#5816 = CLOSED_SHELL('',(#5817,#5905,#5909));
#5817 = ADVANCED_FACE('',(#5818),#5832,.T.);
#5818 = FACE_BOUND('',#5819,.F.);
#5819 = EDGE_LOOP('',(#5820,#5850,#5877,#5878));
#5820 = ORIENTED_EDGE('',*,*,#5821,.T.);
#5821 = EDGE_CURVE('',#5822,#5824,#5826,.T.);
#5822 = VERTEX_POINT('',#5823);
#5823 = CARTESIAN_POINT('',(-3.839087296526,3.889087296526,
    31.765340128026));
#5824 = VERTEX_POINT('',#5825);
#5825 = CARTESIAN_POINT('',(-3.839087296526,3.889087296526,
    58.565340128026));
#5826 = SEAM_CURVE('',#5827,(#5831,#5843),.PCURVE_S1.);
#5827 = LINE('',#5828,#5829);
#5828 = CARTESIAN_POINT('',(-3.839087296526,3.889087296526,
    31.765340128026));
#5829 = VECTOR('',#5830,1.);
#5830 = DIRECTION('',(0.,0.,1.));
#5831 = PCURVE('',#5832,#5837);
#5832 = CYLINDRICAL_SURFACE('',#5833,5.E-02);
#5833 = AXIS2_PLACEMENT_3D('',#5834,#5835,#5836);
#5834 = CARTESIAN_POINT('',(-3.889087296526,3.889087296526,
    31.765340128026));
#5835 = DIRECTION('',(-0.,-0.,-1.));
#5836 = DIRECTION('',(1.,0.,0.));
#5837 = DEFINITIONAL_REPRESENTATION('',(#5838),#5842);
#5838 = LINE('',#5839,#5840);
#5839 = CARTESIAN_POINT('',(-0.,0.));
#5840 = VECTOR('',#5841,1.);
#5841 = DIRECTION('',(-0.,-1.));
#5842 = ( GEOMETRIC_REPRESENTATION_CONTEXT(2) 
PARAMETRIC_REPRESENTATION_CONTEXT() REPRESENTATION_CONTEXT('2D SPACE',''
  ) );
#5843 = PCURVE('',#5832,#5844);
#5844 = DEFINITIONAL_REPRESENTATION('',(#5845),#5849);
#5845 = LINE('',#5846,#5847);
#5846 = CARTESIAN_POINT('',(-6.28318530718,0.));
#5847 = VECTOR('',#5848,1.);
#5848 = DIRECTION('',(-0.,-1.));
#5849 = ( GEOMETRIC_REPRESENTATION_CONTEXT(2) 
PARAMETRIC_REPRESENTATION_CONTEXT() REPRESENTATION_CONTEXT('2D SPACE',''
  ) );
#5850 = ORIENTED_EDGE('',*,*,#5851,.T.);
#5851 = EDGE_CURVE('',#5824,#5824,#5852,.T.);
#5852 = SURFACE_CURVE('',#5853,(#5858,#5865),.PCURVE_S1.);
#5853 = CIRCLE('',#5854,5.E-02);
#5854 = AXIS2_PLACEMENT_3D('',#5855,#5856,#5857);
#5855 = CARTESIAN_POINT('',(-3.889087296526,3.889087296526,
    58.565340128026));
#5856 = DIRECTION('',(0.,0.,1.));
#5857 = DIRECTION('',(1.,0.,0.));
#5858 = PCURVE('',#5832,#5859);
#5859 = DEFINITIONAL_REPRESENTATION('',(#5860),#5864);
#5860 = LINE('',#5861,#5862);
#5861 = CARTESIAN_POINT('',(-0.,-26.8));
#5862 = VECTOR('',#5863,1.);
#5863 = DIRECTION('',(-1.,0.));
#5864 = ( GEOMETRIC_REPRESENTATION_CONTEXT(2) 
PARAMETRIC_REPRESENTATION_CONTEXT() REPRESENTATION_CONTEXT('2D SPACE',''
  ) );
#5865 = PCURVE('',#5866,#5871);
#5866 = PLANE('',#5867);
#5867 = AXIS2_PLACEMENT_3D('',#5868,#5869,#5870);
#5868 = CARTESIAN_POINT('',(-3.889087296526,3.889087296526,
    58.565340128026));
#5869 = DIRECTION('',(0.,0.,1.));
#5870 = DIRECTION('',(1.,0.,-0.));
#5871 = DEFINITIONAL_REPRESENTATION('',(#5872),#5876);
#5872 = CIRCLE('',#5873,5.E-02);
#5873 = AXIS2_PLACEMENT_2D('',#5874,#5875);
#5874 = CARTESIAN_POINT('',(0.,0.));
#5875 = DIRECTION('',(1.,0.));
#5876 = ( GEOMETRIC_REPRESENTATION_CONTEXT(2) 
PARAMETRIC_REPRESENTATION_CONTEXT() REPRESENTATION_CONTEXT('2D SPACE',''
  ) );
#5877 = ORIENTED_EDGE('',*,*,#5821,.F.);
#5878 = ORIENTED_EDGE('',*,*,#5879,.F.);
#5879 = EDGE_CURVE('',#5822,#5822,#5880,.T.);
#5880 = SURFACE_CURVE('',#5881,(#5886,#5893),.PCURVE_S1.);
#5881 = CIRCLE('',#5882,5.E-02);
#5882 = AXIS2_PLACEMENT_3D('',#5883,#5884,#5885);
#5883 = CARTESIAN_POINT('',(-3.889087296526,3.889087296526,
    31.765340128026));
#5884 = DIRECTION('',(0.,0.,1.));
#5885 = DIRECTION('',(1.,0.,0.));
#5886 = PCURVE('',#5832,#5887);
#5887 = DEFINITIONAL_REPRESENTATION('',(#5888),#5892);
#5888 = LINE('',#5889,#5890);
#5889 = CARTESIAN_POINT('',(-0.,0.));
#5890 = VECTOR('',#5891,1.);
#5891 = DIRECTION('',(-1.,0.));
#5892 = ( GEOMETRIC_REPRESENTATION_CONTEXT(2) 
PARAMETRIC_REPRESENTATION_CONTEXT() REPRESENTATION_CONTEXT('2D SPACE',''
  ) );
#5893 = PCURVE('',#5894,#5899);
#5894 = PLANE('',#5895);
#5895 = AXIS2_PLACEMENT_3D('',#5896,#5897,#5898);
#5896 = CARTESIAN_POINT('',(-3.889087296526,3.889087296526,
    31.765340128026));
#5897 = DIRECTION('',(0.,0.,1.));
#5898 = DIRECTION('',(1.,0.,-0.));
#5899 = DEFINITIONAL_REPRESENTATION('',(#5900),#5904);
#5900 = CIRCLE('',#5901,5.E-02);
#5901 = AXIS2_PLACEMENT_2D('',#5902,#5903);
#5902 = CARTESIAN_POINT('',(0.,0.));
#5903 = DIRECTION('',(1.,0.));
#5904 = ( GEOMETRIC_REPRESENTATION_CONTEXT(2) 
PARAMETRIC_REPRESENTATION_CONTEXT() REPRESENTATION_CONTEXT('2D SPACE',''
  ) );
#5905 = ADVANCED_FACE('',(#5906),#5894,.F.);
#5906 = FACE_BOUND('',#5907,.F.);
#5907 = EDGE_LOOP('',(#5908));
#5908 = ORIENTED_EDGE('',*,*,#5879,.T.);
#5909 = ADVANCED_FACE('',(#5910),#5866,.T.);
#5910 = FACE_BOUND('',#5911,.T.);
#5911 = EDGE_LOOP('',(#5912));
#5912 = ORIENTED_EDGE('',*,*,#5851,.T.);
#5913 = ( GEOMETRIC_REPRESENTATION_CONTEXT(3) 
GLOBAL_UNCERTAINTY_ASSIGNED_CONTEXT((#5917)) 
GLOBAL_UNIT_ASSIGNED_CONTEXT((#5914,#5915,#5916)) REPRESENTATION_CONTEXT
('Context #1','3D Context with UNIT and UNCERTAINTY') );
#5914 = ( LENGTH_UNIT() NAMED_UNIT(*) SI_UNIT(.MILLI.,.METRE.) );
#5915 = ( NAMED_UNIT(*) PLANE_ANGLE_UNIT() SI_UNIT($,.RADIAN.) );
#5916 = ( NAMED_UNIT(*) SI_UNIT($,.STERADIAN.) SOLID_ANGLE_UNIT() );
#5917 = UNCERTAINTY_MEASURE_WITH_UNIT(LENGTH_MEASURE(1.E-07),#5914,
  'distance_accuracy_value','confusion accuracy');
#5918 = CONTEXT_DEPENDENT_SHAPE_REPRESENTATION(#5919,#5921);
#5919 = ( REPRESENTATION_RELATIONSHIP('','',#5814,#10) 
REPRESENTATION_RELATIONSHIP_WITH_TRANSFORMATION(#5920) 
SHAPE_REPRESENTATION_RELATIONSHIP() );
#5920 = ITEM_DEFINED_TRANSFORMATION('','',#11,#103);
#5921 = PRODUCT_DEFINITION_SHAPE('Placement','Placement of an item',
  #5922);
#5922 = NEXT_ASSEMBLY_USAGE_OCCURRENCE('77','wire_2','',#5,#5809,$);
#5923 = PRODUCT_RELATED_PRODUCT_CATEGORY('part',$,(#5811));
#5924 = SHAPE_DEFINITION_REPRESENTATION(#5925,#5931);
#5925 = PRODUCT_DEFINITION_SHAPE('','',#5926);
#5926 = PRODUCT_DEFINITION('design','',#5927,#5930);
#5927 = PRODUCT_DEFINITION_FORMATION('','',#5928);
#5928 = PRODUCT('wire_3','wire_3','',(#5929));
#5929 = PRODUCT_CONTEXT('',#2,'mechanical');
#5930 = PRODUCT_DEFINITION_CONTEXT('part definition',#2,'design');
#5931 = ADVANCED_BREP_SHAPE_REPRESENTATION('',(#11,#5932),#6030);
#5932 = MANIFOLD_SOLID_BREP('',#5933);
#5933 = CLOSED_SHELL('',(#5934,#6022,#6026));
#5934 = ADVANCED_FACE('',(#5935),#5949,.T.);
#5935 = FACE_BOUND('',#5936,.F.);
#5936 = EDGE_LOOP('',(#5937,#5967,#5994,#5995));
#5937 = ORIENTED_EDGE('',*,*,#5938,.T.);
#5938 = EDGE_CURVE('',#5939,#5941,#5943,.T.);
#5939 = VERTEX_POINT('',#5940);
#5940 = CARTESIAN_POINT('',(-3.839087296526,-3.889087296526,
    31.765340128026));
#5941 = VERTEX_POINT('',#5942);
#5942 = CARTESIAN_POINT('',(-3.839087296526,-3.889087296526,
    58.565340128026));
#5943 = SEAM_CURVE('',#5944,(#5948,#5960),.PCURVE_S1.);
#5944 = LINE('',#5945,#5946);
#5945 = CARTESIAN_POINT('',(-3.839087296526,-3.889087296526,
    31.765340128026));
#5946 = VECTOR('',#5947,1.);
#5947 = DIRECTION('',(0.,0.,1.));
#5948 = PCURVE('',#5949,#5954);
#5949 = CYLINDRICAL_SURFACE('',#5950,5.E-02);
#5950 = AXIS2_PLACEMENT_3D('',#5951,#5952,#5953);
#5951 = CARTESIAN_POINT('',(-3.889087296526,-3.889087296526,
    31.765340128026));
#5952 = DIRECTION('',(-0.,-0.,-1.));
#5953 = DIRECTION('',(1.,0.,0.));
#5954 = DEFINITIONAL_REPRESENTATION('',(#5955),#5959);
#5955 = LINE('',#5956,#5957);
#5956 = CARTESIAN_POINT('',(-0.,0.));
#5957 = VECTOR('',#5958,1.);
#5958 = DIRECTION('',(-0.,-1.));
#5959 = ( GEOMETRIC_REPRESENTATION_CONTEXT(2) 
PARAMETRIC_REPRESENTATION_CONTEXT() REPRESENTATION_CONTEXT('2D SPACE',''
  ) );
#5960 = PCURVE('',#5949,#5961);
#5961 = DEFINITIONAL_REPRESENTATION('',(#5962),#5966);
#5962 = LINE('',#5963,#5964);
#5963 = CARTESIAN_POINT('',(-6.28318530718,0.));
#5964 = VECTOR('',#5965,1.);
#5965 = DIRECTION('',(-0.,-1.));
#5966 = ( GEOMETRIC_REPRESENTATION_CONTEXT(2) 
PARAMETRIC_REPRESENTATION_CONTEXT() REPRESENTATION_CONTEXT('2D SPACE',''
  ) );
#5967 = ORIENTED_EDGE('',*,*,#5968,.T.);
#5968 = EDGE_CURVE('',#5941,#5941,#5969,.T.);
#5969 = SURFACE_CURVE('',#5970,(#5975,#5982),.PCURVE_S1.);
#5970 = CIRCLE('',#5971,5.E-02);
#5971 = AXIS2_PLACEMENT_3D('',#5972,#5973,#5974);
#5972 = CARTESIAN_POINT('',(-3.889087296526,-3.889087296526,
    58.565340128026));
#5973 = DIRECTION('',(0.,0.,1.));
#5974 = DIRECTION('',(1.,0.,0.));
#5975 = PCURVE('',#5949,#5976);
#5976 = DEFINITIONAL_REPRESENTATION('',(#5977),#5981);
#5977 = LINE('',#5978,#5979);
#5978 = CARTESIAN_POINT('',(-0.,-26.8));
#5979 = VECTOR('',#5980,1.);
#5980 = DIRECTION('',(-1.,0.));
#5981 = ( GEOMETRIC_REPRESENTATION_CONTEXT(2) 
PARAMETRIC_REPRESENTATION_CONTEXT() REPRESENTATION_CONTEXT('2D SPACE',''
  ) );
#5982 = PCURVE('',#5983,#5988);
#5983 = PLANE('',#5984);
#5984 = AXIS2_PLACEMENT_3D('',#5985,#5986,#5987);
#5985 = CARTESIAN_POINT('',(-3.889087296526,-3.889087296526,
    58.565340128026));
#5986 = DIRECTION('',(0.,0.,1.));
#5987 = DIRECTION('',(1.,0.,-0.));
#5988 = DEFINITIONAL_REPRESENTATION('',(#5989),#5993);
#5989 = CIRCLE('',#5990,5.E-02);
#5990 = AXIS2_PLACEMENT_2D('',#5991,#5992);
#5991 = CARTESIAN_POINT('',(0.,0.));
#5992 = DIRECTION('',(1.,0.));
#5993 = ( GEOMETRIC_REPRESENTATION_CONTEXT(2) 
PARAMETRIC_REPRESENTATION_CONTEXT() REPRESENTATION_CONTEXT('2D SPACE',''
  ) );
#5994 = ORIENTED_EDGE('',*,*,#5938,.F.);
#5995 = ORIENTED_EDGE('',*,*,#5996,.F.);
#5996 = EDGE_CURVE('',#5939,#5939,#5997,.T.);
#5997 = SURFACE_CURVE('',#5998,(#6003,#6010),.PCURVE_S1.);
#5998 = CIRCLE('',#5999,5.E-02);
#5999 = AXIS2_PLACEMENT_3D('',#6000,#6001,#6002);
#6000 = CARTESIAN_POINT('',(-3.889087296526,-3.889087296526,
    31.765340128026));
#6001 = DIRECTION('',(0.,0.,1.));
#6002 = DIRECTION('',(1.,0.,0.));
#6003 = PCURVE('',#5949,#6004);
#6004 = DEFINITIONAL_REPRESENTATION('',(#6005),#6009);
#6005 = LINE('',#6006,#6007);
#6006 = CARTESIAN_POINT('',(-0.,0.));
#6007 = VECTOR('',#6008,1.);
#6008 = DIRECTION('',(-1.,0.));
#6009 = ( GEOMETRIC_REPRESENTATION_CONTEXT(2) 
PARAMETRIC_REPRESENTATION_CONTEXT() REPRESENTATION_CONTEXT('2D SPACE',''
  ) );
#6010 = PCURVE('',#6011,#6016);
#6011 = PLANE('',#6012);
#6012 = AXIS2_PLACEMENT_3D('',#6013,#6014,#6015);
#6013 = CARTESIAN_POINT('',(-3.889087296526,-3.889087296526,
    31.765340128026));
#6014 = DIRECTION('',(0.,0.,1.));
#6015 = DIRECTION('',(1.,0.,-0.));
#6016 = DEFINITIONAL_REPRESENTATION('',(#6017),#6021);
#6017 = CIRCLE('',#6018,5.E-02);
#6018 = AXIS2_PLACEMENT_2D('',#6019,#6020);
#6019 = CARTESIAN_POINT('',(0.,0.));
#6020 = DIRECTION('',(1.,0.));
#6021 = ( GEOMETRIC_REPRESENTATION_CONTEXT(2) 
PARAMETRIC_REPRESENTATION_CONTEXT() REPRESENTATION_CONTEXT('2D SPACE',''
  ) );
#6022 = ADVANCED_FACE('',(#6023),#6011,.F.);
#6023 = FACE_BOUND('',#6024,.F.);
#6024 = EDGE_LOOP('',(#6025));
#6025 = ORIENTED_EDGE('',*,*,#5996,.T.);
#6026 = ADVANCED_FACE('',(#6027),#5983,.T.);
#6027 = FACE_BOUND('',#6028,.T.);
#6028 = EDGE_LOOP('',(#6029));
#6029 = ORIENTED_EDGE('',*,*,#5968,.T.);
#6030 = ( GEOMETRIC_REPRESENTATION_CONTEXT(3) 
GLOBAL_UNCERTAINTY_ASSIGNED_CONTEXT((#6034)) 
GLOBAL_UNIT_ASSIGNED_CONTEXT((#6031,#6032,#6033)) REPRESENTATION_CONTEXT
('Context #1','3D Context with UNIT and UNCERTAINTY') );
#6031 = ( LENGTH_UNIT() NAMED_UNIT(*) SI_UNIT(.MILLI.,.METRE.) );
#6032 = ( NAMED_UNIT(*) PLANE_ANGLE_UNIT() SI_UNIT($,.RADIAN.) );
#6033 = ( NAMED_UNIT(*) SI_UNIT($,.STERADIAN.) SOLID_ANGLE_UNIT() );
#6034 = UNCERTAINTY_MEASURE_WITH_UNIT(LENGTH_MEASURE(1.E-07),#6031,
  'distance_accuracy_value','confusion accuracy');
#6035 = CONTEXT_DEPENDENT_SHAPE_REPRESENTATION(#6036,#6038);
#6036 = ( REPRESENTATION_RELATIONSHIP('','',#5931,#10) 
REPRESENTATION_RELATIONSHIP_WITH_TRANSFORMATION(#6037) 
SHAPE_REPRESENTATION_RELATIONSHIP() );
#6037 = ITEM_DEFINED_TRANSFORMATION('','',#11,#107);
#6038 = PRODUCT_DEFINITION_SHAPE('Placement','Placement of an item',
  #6039);
#6039 = NEXT_ASSEMBLY_USAGE_OCCURRENCE('78','wire_3','',#5,#5926,$);
#6040 = PRODUCT_RELATED_PRODUCT_CATEGORY('part',$,(#5928));
#6041 = SHAPE_DEFINITION_REPRESENTATION(#6042,#6048);
#6042 = PRODUCT_DEFINITION_SHAPE('','',#6043);
#6043 = PRODUCT_DEFINITION('design','',#6044,#6047);
#6044 = PRODUCT_DEFINITION_FORMATION('','',#6045);
#6045 = PRODUCT('wire_4','wire_4','',(#6046));
#6046 = PRODUCT_CONTEXT('',#2,'mechanical');
#6047 = PRODUCT_DEFINITION_CONTEXT('part definition',#2,'design');
#6048 = ADVANCED_BREP_SHAPE_REPRESENTATION('',(#11,#6049),#6147);
#6049 = MANIFOLD_SOLID_BREP('',#6050);
#6050 = CLOSED_SHELL('',(#6051,#6139,#6143));
#6051 = ADVANCED_FACE('',(#6052),#6066,.T.);
#6052 = FACE_BOUND('',#6053,.F.);
#6053 = EDGE_LOOP('',(#6054,#6084,#6111,#6112));
#6054 = ORIENTED_EDGE('',*,*,#6055,.T.);
#6055 = EDGE_CURVE('',#6056,#6058,#6060,.T.);
#6056 = VERTEX_POINT('',#6057);
#6057 = CARTESIAN_POINT('',(3.939087296526,-3.889087296526,
    31.765340128026));
#6058 = VERTEX_POINT('',#6059);
#6059 = CARTESIAN_POINT('',(3.939087296526,-3.889087296526,
    58.565340128026));
#6060 = SEAM_CURVE('',#6061,(#6065,#6077),.PCURVE_S1.);
#6061 = LINE('',#6062,#6063);
#6062 = CARTESIAN_POINT('',(3.939087296526,-3.889087296526,
    31.765340128026));
#6063 = VECTOR('',#6064,1.);
#6064 = DIRECTION('',(0.,0.,1.));
#6065 = PCURVE('',#6066,#6071);
#6066 = CYLINDRICAL_SURFACE('',#6067,5.E-02);
#6067 = AXIS2_PLACEMENT_3D('',#6068,#6069,#6070);
#6068 = CARTESIAN_POINT('',(3.889087296526,-3.889087296526,
    31.765340128026));
#6069 = DIRECTION('',(-0.,-0.,-1.));
#6070 = DIRECTION('',(1.,0.,0.));
#6071 = DEFINITIONAL_REPRESENTATION('',(#6072),#6076);
#6072 = LINE('',#6073,#6074);
#6073 = CARTESIAN_POINT('',(-0.,0.));
#6074 = VECTOR('',#6075,1.);
#6075 = DIRECTION('',(-0.,-1.));
#6076 = ( GEOMETRIC_REPRESENTATION_CONTEXT(2) 
PARAMETRIC_REPRESENTATION_CONTEXT() REPRESENTATION_CONTEXT('2D SPACE',''
  ) );
#6077 = PCURVE('',#6066,#6078);
#6078 = DEFINITIONAL_REPRESENTATION('',(#6079),#6083);
#6079 = LINE('',#6080,#6081);
#6080 = CARTESIAN_POINT('',(-6.28318530718,0.));
#6081 = VECTOR('',#6082,1.);
#6082 = DIRECTION('',(-0.,-1.));
#6083 = ( GEOMETRIC_REPRESENTATION_CONTEXT(2) 
PARAMETRIC_REPRESENTATION_CONTEXT() REPRESENTATION_CONTEXT('2D SPACE',''
  ) );
#6084 = ORIENTED_EDGE('',*,*,#6085,.T.);
#6085 = EDGE_CURVE('',#6058,#6058,#6086,.T.);
#6086 = SURFACE_CURVE('',#6087,(#6092,#6099),.PCURVE_S1.);
#6087 = CIRCLE('',#6088,5.E-02);
#6088 = AXIS2_PLACEMENT_3D('',#6089,#6090,#6091);
#6089 = CARTESIAN_POINT('',(3.889087296526,-3.889087296526,
    58.565340128026));
#6090 = DIRECTION('',(0.,0.,1.));
#6091 = DIRECTION('',(1.,0.,0.));
#6092 = PCURVE('',#6066,#6093);
#6093 = DEFINITIONAL_REPRESENTATION('',(#6094),#6098);
#6094 = LINE('',#6095,#6096);
#6095 = CARTESIAN_POINT('',(-0.,-26.8));
#6096 = VECTOR('',#6097,1.);
#6097 = DIRECTION('',(-1.,0.));
#6098 = ( GEOMETRIC_REPRESENTATION_CONTEXT(2) 
PARAMETRIC_REPRESENTATION_CONTEXT() REPRESENTATION_CONTEXT('2D SPACE',''
  ) );
#6099 = PCURVE('',#6100,#6105);
#6100 = PLANE('',#6101);
#6101 = AXIS2_PLACEMENT_3D('',#6102,#6103,#6104);
#6102 = CARTESIAN_POINT('',(3.889087296526,-3.889087296526,
    58.565340128026));
#6103 = DIRECTION('',(0.,0.,1.));
#6104 = DIRECTION('',(1.,0.,-0.));
#6105 = DEFINITIONAL_REPRESENTATION('',(#6106),#6110);
#6106 = CIRCLE('',#6107,5.E-02);
#6107 = AXIS2_PLACEMENT_2D('',#6108,#6109);
#6108 = CARTESIAN_POINT('',(0.,0.));
#6109 = DIRECTION('',(1.,0.));
#6110 = ( GEOMETRIC_REPRESENTATION_CONTEXT(2) 
PARAMETRIC_REPRESENTATION_CONTEXT() REPRESENTATION_CONTEXT('2D SPACE',''
  ) );
#6111 = ORIENTED_EDGE('',*,*,#6055,.F.);
#6112 = ORIENTED_EDGE('',*,*,#6113,.F.);
#6113 = EDGE_CURVE('',#6056,#6056,#6114,.T.);
#6114 = SURFACE_CURVE('',#6115,(#6120,#6127),.PCURVE_S1.);
#6115 = CIRCLE('',#6116,5.E-02);
#6116 = AXIS2_PLACEMENT_3D('',#6117,#6118,#6119);
#6117 = CARTESIAN_POINT('',(3.889087296526,-3.889087296526,
    31.765340128026));
#6118 = DIRECTION('',(0.,0.,1.));
#6119 = DIRECTION('',(1.,0.,0.));
#6120 = PCURVE('',#6066,#6121);
#6121 = DEFINITIONAL_REPRESENTATION('',(#6122),#6126);
#6122 = LINE('',#6123,#6124);
#6123 = CARTESIAN_POINT('',(-0.,0.));
#6124 = VECTOR('',#6125,1.);
#6125 = DIRECTION('',(-1.,0.));
#6126 = ( GEOMETRIC_REPRESENTATION_CONTEXT(2) 
PARAMETRIC_REPRESENTATION_CONTEXT() REPRESENTATION_CONTEXT('2D SPACE',''
  ) );
#6127 = PCURVE('',#6128,#6133);
#6128 = PLANE('',#6129);
#6129 = AXIS2_PLACEMENT_3D('',#6130,#6131,#6132);
#6130 = CARTESIAN_POINT('',(3.889087296526,-3.889087296526,
    31.765340128026));
#6131 = DIRECTION('',(0.,0.,1.));
#6132 = DIRECTION('',(1.,0.,-0.));
#6133 = DEFINITIONAL_REPRESENTATION('',(#6134),#6138);
#6134 = CIRCLE('',#6135,5.E-02);
#6135 = AXIS2_PLACEMENT_2D('',#6136,#6137);
#6136 = CARTESIAN_POINT('',(0.,0.));
#6137 = DIRECTION('',(1.,0.));
#6138 = ( GEOMETRIC_REPRESENTATION_CONTEXT(2) 
PARAMETRIC_REPRESENTATION_CONTEXT() REPRESENTATION_CONTEXT('2D SPACE',''
  ) );
#6139 = ADVANCED_FACE('',(#6140),#6128,.F.);
#6140 = FACE_BOUND('',#6141,.F.);
#6141 = EDGE_LOOP('',(#6142));
#6142 = ORIENTED_EDGE('',*,*,#6113,.T.);
#6143 = ADVANCED_FACE('',(#6144),#6100,.T.);
#6144 = FACE_BOUND('',#6145,.T.);
#6145 = EDGE_LOOP('',(#6146));
#6146 = ORIENTED_EDGE('',*,*,#6085,.T.);
#6147 = ( GEOMETRIC_REPRESENTATION_CONTEXT(3) 
GLOBAL_UNCERTAINTY_ASSIGNED_CONTEXT((#6151)) 
GLOBAL_UNIT_ASSIGNED_CONTEXT((#6148,#6149,#6150)) REPRESENTATION_CONTEXT
('Context #1','3D Context with UNIT and UNCERTAINTY') );
#6148 = ( LENGTH_UNIT() NAMED_UNIT(*) SI_UNIT(.MILLI.,.METRE.) );
#6149 = ( NAMED_UNIT(*) PLANE_ANGLE_UNIT() SI_UNIT($,.RADIAN.) );
#6150 = ( NAMED_UNIT(*) SI_UNIT($,.STERADIAN.) SOLID_ANGLE_UNIT() );
#6151 = UNCERTAINTY_MEASURE_WITH_UNIT(LENGTH_MEASURE(1.E-07),#6148,
  'distance_accuracy_value','confusion accuracy');
#6152 = CONTEXT_DEPENDENT_SHAPE_REPRESENTATION(#6153,#6155);
#6153 = ( REPRESENTATION_RELATIONSHIP('','',#6048,#10) 
REPRESENTATION_RELATIONSHIP_WITH_TRANSFORMATION(#6154) 
SHAPE_REPRESENTATION_RELATIONSHIP() );
#6154 = ITEM_DEFINED_TRANSFORMATION('','',#11,#111);
#6155 = PRODUCT_DEFINITION_SHAPE('Placement','Placement of an item',
  #6156);
#6156 = NEXT_ASSEMBLY_USAGE_OCCURRENCE('79','wire_4','',#5,#6043,$);
#6157 = PRODUCT_RELATED_PRODUCT_CATEGORY('part',$,(#6045));
#6158 = SHAPE_DEFINITION_REPRESENTATION(#6159,#6165);
#6159 = PRODUCT_DEFINITION_SHAPE('','',#6160);
#6160 = PRODUCT_DEFINITION('design','',#6161,#6164);
#6161 = PRODUCT_DEFINITION_FORMATION('','',#6162);
#6162 = PRODUCT('anchor_ring','anchor_ring','',(#6163));
#6163 = PRODUCT_CONTEXT('',#2,'mechanical');
#6164 = PRODUCT_DEFINITION_CONTEXT('part definition',#2,'design');
#6165 = ADVANCED_BREP_SHAPE_REPRESENTATION('',(#11,#6166),#6348);
#6166 = MANIFOLD_SOLID_BREP('',#6167);
#6167 = CLOSED_SHELL('',(#6168,#6256,#6291,#6321));
#6168 = ADVANCED_FACE('',(#6169),#6182,.T.);
#6169 = FACE_BOUND('',#6170,.T.);
#6170 = EDGE_LOOP('',(#6171,#6205,#6228,#6255));
#6171 = ORIENTED_EDGE('',*,*,#6172,.F.);
#6172 = EDGE_CURVE('',#6173,#6173,#6175,.T.);
#6173 = VERTEX_POINT('',#6174);
#6174 = CARTESIAN_POINT('',(6.5,-1.592040838892E-15,60.065340128026));
#6175 = SURFACE_CURVE('',#6176,(#6181,#6193),.PCURVE_S1.);
#6176 = CIRCLE('',#6177,6.5);
#6177 = AXIS2_PLACEMENT_3D('',#6178,#6179,#6180);
#6178 = CARTESIAN_POINT('',(0.,0.,60.065340128026));
#6179 = DIRECTION('',(0.,0.,1.));
#6180 = DIRECTION('',(1.,0.,-0.));
#6181 = PCURVE('',#6182,#6187);
#6182 = CYLINDRICAL_SURFACE('',#6183,6.5);
#6183 = AXIS2_PLACEMENT_3D('',#6184,#6185,#6186);
#6184 = CARTESIAN_POINT('',(0.,0.,58.565340128026));
#6185 = DIRECTION('',(0.,0.,1.));
#6186 = DIRECTION('',(1.,0.,-0.));
#6187 = DEFINITIONAL_REPRESENTATION('',(#6188),#6192);
#6188 = LINE('',#6189,#6190);
#6189 = CARTESIAN_POINT('',(0.,1.5));
#6190 = VECTOR('',#6191,1.);
#6191 = DIRECTION('',(1.,0.));
#6192 = ( GEOMETRIC_REPRESENTATION_CONTEXT(2) 
PARAMETRIC_REPRESENTATION_CONTEXT() REPRESENTATION_CONTEXT('2D SPACE',''
  ) );
#6193 = PCURVE('',#6194,#6199);
#6194 = PLANE('',#6195);
#6195 = AXIS2_PLACEMENT_3D('',#6196,#6197,#6198);
#6196 = CARTESIAN_POINT('',(0.,0.,60.065340128026));
#6197 = DIRECTION('',(0.,0.,1.));
#6198 = DIRECTION('',(1.,0.,-0.));
#6199 = DEFINITIONAL_REPRESENTATION('',(#6200),#6204);
#6200 = CIRCLE('',#6201,6.5);
#6201 = AXIS2_PLACEMENT_2D('',#6202,#6203);
#6202 = CARTESIAN_POINT('',(0.,0.));
#6203 = DIRECTION('',(1.,0.));
#6204 = ( GEOMETRIC_REPRESENTATION_CONTEXT(2) 
PARAMETRIC_REPRESENTATION_CONTEXT() REPRESENTATION_CONTEXT('2D SPACE',''
  ) );
#6205 = ORIENTED_EDGE('',*,*,#6206,.F.);
#6206 = EDGE_CURVE('',#6207,#6173,#6209,.T.);
#6207 = VERTEX_POINT('',#6208);
#6208 = CARTESIAN_POINT('',(6.5,-1.592040838892E-15,58.565340128026));
#6209 = SEAM_CURVE('',#6210,(#6214,#6221),.PCURVE_S1.);
#6210 = LINE('',#6211,#6212);
#6211 = CARTESIAN_POINT('',(6.5,-1.592040838892E-15,58.565340128026));
#6212 = VECTOR('',#6213,1.);
#6213 = DIRECTION('',(0.,0.,1.));
#6214 = PCURVE('',#6182,#6215);
#6215 = DEFINITIONAL_REPRESENTATION('',(#6216),#6220);
#6216 = LINE('',#6217,#6218);
#6217 = CARTESIAN_POINT('',(6.28318530718,-0.));
#6218 = VECTOR('',#6219,1.);
#6219 = DIRECTION('',(0.,1.));
#6220 = ( GEOMETRIC_REPRESENTATION_CONTEXT(2) 
PARAMETRIC_REPRESENTATION_CONTEXT() REPRESENTATION_CONTEXT('2D SPACE',''
  ) );
#6221 = PCURVE('',#6182,#6222);
#6222 = DEFINITIONAL_REPRESENTATION('',(#6223),#6227);
#6223 = LINE('',#6224,#6225);
#6224 = CARTESIAN_POINT('',(0.,-0.));
#6225 = VECTOR('',#6226,1.);
#6226 = DIRECTION('',(0.,1.));
#6227 = ( GEOMETRIC_REPRESENTATION_CONTEXT(2) 
PARAMETRIC_REPRESENTATION_CONTEXT() REPRESENTATION_CONTEXT('2D SPACE',''
  ) );
#6228 = ORIENTED_EDGE('',*,*,#6229,.T.);
#6229 = EDGE_CURVE('',#6207,#6207,#6230,.T.);
#6230 = SURFACE_CURVE('',#6231,(#6236,#6243),.PCURVE_S1.);
#6231 = CIRCLE('',#6232,6.5);
#6232 = AXIS2_PLACEMENT_3D('',#6233,#6234,#6235);
#6233 = CARTESIAN_POINT('',(0.,0.,58.565340128026));
#6234 = DIRECTION('',(0.,0.,1.));
#6235 = DIRECTION('',(1.,0.,-0.));
#6236 = PCURVE('',#6182,#6237);
#6237 = DEFINITIONAL_REPRESENTATION('',(#6238),#6242);
#6238 = LINE('',#6239,#6240);
#6239 = CARTESIAN_POINT('',(0.,0.));
#6240 = VECTOR('',#6241,1.);
#6241 = DIRECTION('',(1.,0.));
#6242 = ( GEOMETRIC_REPRESENTATION_CONTEXT(2) 
PARAMETRIC_REPRESENTATION_CONTEXT() REPRESENTATION_CONTEXT('2D SPACE',''
  ) );
#6243 = PCURVE('',#6244,#6249);
#6244 = PLANE('',#6245);
#6245 = AXIS2_PLACEMENT_3D('',#6246,#6247,#6248);
#6246 = CARTESIAN_POINT('',(0.,0.,58.565340128026));
#6247 = DIRECTION('',(0.,0.,1.));
#6248 = DIRECTION('',(1.,0.,-0.));
#6249 = DEFINITIONAL_REPRESENTATION('',(#6250),#6254);
#6250 = CIRCLE('',#6251,6.5);
#6251 = AXIS2_PLACEMENT_2D('',#6252,#6253);
#6252 = CARTESIAN_POINT('',(0.,0.));
#6253 = DIRECTION('',(1.,0.));
#6254 = ( GEOMETRIC_REPRESENTATION_CONTEXT(2) 
PARAMETRIC_REPRESENTATION_CONTEXT() REPRESENTATION_CONTEXT('2D SPACE',''
  ) );
#6255 = ORIENTED_EDGE('',*,*,#6206,.T.);
#6256 = ADVANCED_FACE('',(#6257,#6260),#6194,.T.);
#6257 = FACE_BOUND('',#6258,.T.);
#6258 = EDGE_LOOP('',(#6259));
#6259 = ORIENTED_EDGE('',*,*,#6172,.T.);
#6260 = FACE_BOUND('',#6261,.T.);
#6261 = EDGE_LOOP('',(#6262));
#6262 = ORIENTED_EDGE('',*,*,#6263,.F.);
#6263 = EDGE_CURVE('',#6264,#6264,#6266,.T.);
#6264 = VERTEX_POINT('',#6265);
#6265 = CARTESIAN_POINT('',(4.5,-1.102182119233E-15,60.065340128026));
#6266 = SURFACE_CURVE('',#6267,(#6272,#6279),.PCURVE_S1.);
#6267 = CIRCLE('',#6268,4.5);
#6268 = AXIS2_PLACEMENT_3D('',#6269,#6270,#6271);
#6269 = CARTESIAN_POINT('',(0.,0.,60.065340128026));
#6270 = DIRECTION('',(0.,0.,1.));
#6271 = DIRECTION('',(1.,0.,-0.));
#6272 = PCURVE('',#6194,#6273);
#6273 = DEFINITIONAL_REPRESENTATION('',(#6274),#6278);
#6274 = CIRCLE('',#6275,4.5);
#6275 = AXIS2_PLACEMENT_2D('',#6276,#6277);
#6276 = CARTESIAN_POINT('',(0.,0.));
#6277 = DIRECTION('',(1.,0.));
#6278 = ( GEOMETRIC_REPRESENTATION_CONTEXT(2) 
PARAMETRIC_REPRESENTATION_CONTEXT() REPRESENTATION_CONTEXT('2D SPACE',''
  ) );
#6279 = PCURVE('',#6280,#6285);
#6280 = CYLINDRICAL_SURFACE('',#6281,4.5);
#6281 = AXIS2_PLACEMENT_3D('',#6282,#6283,#6284);
#6282 = CARTESIAN_POINT('',(0.,0.,58.565340128026));
#6283 = DIRECTION('',(0.,0.,1.));
#6284 = DIRECTION('',(1.,0.,-0.));
#6285 = DEFINITIONAL_REPRESENTATION('',(#6286),#6290);
#6286 = LINE('',#6287,#6288);
#6287 = CARTESIAN_POINT('',(0.,1.5));
#6288 = VECTOR('',#6289,1.);
#6289 = DIRECTION('',(1.,0.));
#6290 = ( GEOMETRIC_REPRESENTATION_CONTEXT(2) 
PARAMETRIC_REPRESENTATION_CONTEXT() REPRESENTATION_CONTEXT('2D SPACE',''
  ) );
#6291 = ADVANCED_FACE('',(#6292,#6295),#6244,.F.);
#6292 = FACE_BOUND('',#6293,.F.);
#6293 = EDGE_LOOP('',(#6294));
#6294 = ORIENTED_EDGE('',*,*,#6229,.T.);
#6295 = FACE_BOUND('',#6296,.F.);
#6296 = EDGE_LOOP('',(#6297));
#6297 = ORIENTED_EDGE('',*,*,#6298,.F.);
#6298 = EDGE_CURVE('',#6299,#6299,#6301,.T.);
#6299 = VERTEX_POINT('',#6300);
#6300 = CARTESIAN_POINT('',(4.5,-1.102182119233E-15,58.565340128026));
#6301 = SURFACE_CURVE('',#6302,(#6307,#6314),.PCURVE_S1.);
#6302 = CIRCLE('',#6303,4.5);
#6303 = AXIS2_PLACEMENT_3D('',#6304,#6305,#6306);
#6304 = CARTESIAN_POINT('',(0.,0.,58.565340128026));
#6305 = DIRECTION('',(0.,0.,1.));
#6306 = DIRECTION('',(1.,0.,-0.));
#6307 = PCURVE('',#6244,#6308);
#6308 = DEFINITIONAL_REPRESENTATION('',(#6309),#6313);
#6309 = CIRCLE('',#6310,4.5);
#6310 = AXIS2_PLACEMENT_2D('',#6311,#6312);
#6311 = CARTESIAN_POINT('',(0.,0.));
#6312 = DIRECTION('',(1.,0.));
#6313 = ( GEOMETRIC_REPRESENTATION_CONTEXT(2) 
PARAMETRIC_REPRESENTATION_CONTEXT() REPRESENTATION_CONTEXT('2D SPACE',''
  ) );
#6314 = PCURVE('',#6280,#6315);
#6315 = DEFINITIONAL_REPRESENTATION('',(#6316),#6320);
#6316 = LINE('',#6317,#6318);
#6317 = CARTESIAN_POINT('',(0.,0.));
#6318 = VECTOR('',#6319,1.);
#6319 = DIRECTION('',(1.,0.));
#6320 = ( GEOMETRIC_REPRESENTATION_CONTEXT(2) 
PARAMETRIC_REPRESENTATION_CONTEXT() REPRESENTATION_CONTEXT('2D SPACE',''
  ) );
#6321 = ADVANCED_FACE('',(#6322),#6280,.F.);
#6322 = FACE_BOUND('',#6323,.F.);
#6323 = EDGE_LOOP('',(#6324,#6325,#6346,#6347));
#6324 = ORIENTED_EDGE('',*,*,#6263,.F.);
#6325 = ORIENTED_EDGE('',*,*,#6326,.F.);
#6326 = EDGE_CURVE('',#6299,#6264,#6327,.T.);
#6327 = SEAM_CURVE('',#6328,(#6332,#6339),.PCURVE_S1.);
#6328 = LINE('',#6329,#6330);
#6329 = CARTESIAN_POINT('',(4.5,-1.102182119233E-15,58.565340128026));
#6330 = VECTOR('',#6331,1.);
#6331 = DIRECTION('',(0.,0.,1.));
#6332 = PCURVE('',#6280,#6333);
#6333 = DEFINITIONAL_REPRESENTATION('',(#6334),#6338);
#6334 = LINE('',#6335,#6336);
#6335 = CARTESIAN_POINT('',(6.28318530718,-0.));
#6336 = VECTOR('',#6337,1.);
#6337 = DIRECTION('',(0.,1.));
#6338 = ( GEOMETRIC_REPRESENTATION_CONTEXT(2) 
PARAMETRIC_REPRESENTATION_CONTEXT() REPRESENTATION_CONTEXT('2D SPACE',''
  ) );
#6339 = PCURVE('',#6280,#6340);
#6340 = DEFINITIONAL_REPRESENTATION('',(#6341),#6345);
#6341 = LINE('',#6342,#6343);
#6342 = CARTESIAN_POINT('',(0.,-0.));
#6343 = VECTOR('',#6344,1.);
#6344 = DIRECTION('',(0.,1.));
#6345 = ( GEOMETRIC_REPRESENTATION_CONTEXT(2) 
PARAMETRIC_REPRESENTATION_CONTEXT() REPRESENTATION_CONTEXT('2D SPACE',''
  ) );
#6346 = ORIENTED_EDGE('',*,*,#6298,.T.);
#6347 = ORIENTED_EDGE('',*,*,#6326,.T.);
#6348 = ( GEOMETRIC_REPRESENTATION_CONTEXT(3) 
GLOBAL_UNCERTAINTY_ASSIGNED_CONTEXT((#6352)) 
GLOBAL_UNIT_ASSIGNED_CONTEXT((#6349,#6350,#6351)) REPRESENTATION_CONTEXT
('Context #1','3D Context with UNIT and UNCERTAINTY') );
#6349 = ( LENGTH_UNIT() NAMED_UNIT(*) SI_UNIT(.MILLI.,.METRE.) );
#6350 = ( NAMED_UNIT(*) PLANE_ANGLE_UNIT() SI_UNIT($,.RADIAN.) );
#6351 = ( NAMED_UNIT(*) SI_UNIT($,.STERADIAN.) SOLID_ANGLE_UNIT() );
#6352 = UNCERTAINTY_MEASURE_WITH_UNIT(LENGTH_MEASURE(1.E-07),#6349,
  'distance_accuracy_value','confusion accuracy');
#6353 = CONTEXT_DEPENDENT_SHAPE_REPRESENTATION(#6354,#6356);
#6354 = ( REPRESENTATION_RELATIONSHIP('','',#6165,#10) 
REPRESENTATION_RELATIONSHIP_WITH_TRANSFORMATION(#6355) 
SHAPE_REPRESENTATION_RELATIONSHIP() );
#6355 = ITEM_DEFINED_TRANSFORMATION('','',#11,#115);
#6356 = PRODUCT_DEFINITION_SHAPE('Placement','Placement of an item',
  #6357);
#6357 = NEXT_ASSEMBLY_USAGE_OCCURRENCE('80','anchor_ring','',#5,#6160,$
  );
#6358 = PRODUCT_RELATED_PRODUCT_CATEGORY('part',$,(#6162));
#6359 = SHAPE_DEFINITION_REPRESENTATION(#6360,#6366);
#6360 = PRODUCT_DEFINITION_SHAPE('','',#6361);
#6361 = PRODUCT_DEFINITION('design','',#6362,#6365);
#6362 = PRODUCT_DEFINITION_FORMATION('','',#6363);
#6363 = PRODUCT('skid_ring','skid_ring','',(#6364));
#6364 = PRODUCT_CONTEXT('',#2,'mechanical');
#6365 = PRODUCT_DEFINITION_CONTEXT('part definition',#2,'design');
#6366 = ADVANCED_BREP_SHAPE_REPRESENTATION('',(#11,#6367),#6701);
#6367 = MANIFOLD_SOLID_BREP('',#6368);
#6368 = CLOSED_SHELL('',(#6369,#6491,#6568,#6617,#6667,#6694));
#6369 = ADVANCED_FACE('',(#6370),#6385,.T.);
#6370 = FACE_BOUND('',#6371,.T.);
#6371 = EDGE_LOOP('',(#6372,#6408,#6436,#6465));
#6372 = ORIENTED_EDGE('',*,*,#6373,.F.);
#6373 = EDGE_CURVE('',#6374,#6376,#6378,.T.);
#6374 = VERTEX_POINT('',#6375);
#6375 = CARTESIAN_POINT('',(3.,5.196152422707,6.077705235797));
#6376 = VERTEX_POINT('',#6377);
#6377 = CARTESIAN_POINT('',(3.,-5.196152422707,6.077705235797));
#6378 = SURFACE_CURVE('',#6379,(#6384,#6396),.PCURVE_S1.);
#6379 = CIRCLE('',#6380,6.);
#6380 = AXIS2_PLACEMENT_3D('',#6381,#6382,#6383);
#6381 = CARTESIAN_POINT('',(0.,0.,6.077705235797));
#6382 = DIRECTION('',(0.,0.,1.));
#6383 = DIRECTION('',(1.,0.,-0.));
#6384 = PCURVE('',#6385,#6390);
#6385 = CYLINDRICAL_SURFACE('',#6386,6.);
#6386 = AXIS2_PLACEMENT_3D('',#6387,#6388,#6389);
#6387 = CARTESIAN_POINT('',(0.,0.,4.577705235797));
#6388 = DIRECTION('',(0.,0.,1.));
#6389 = DIRECTION('',(1.,0.,-0.));
#6390 = DEFINITIONAL_REPRESENTATION('',(#6391),#6395);
#6391 = LINE('',#6392,#6393);
#6392 = CARTESIAN_POINT('',(0.,1.5));
#6393 = VECTOR('',#6394,1.);
#6394 = DIRECTION('',(1.,0.));
#6395 = ( GEOMETRIC_REPRESENTATION_CONTEXT(2) 
PARAMETRIC_REPRESENTATION_CONTEXT() REPRESENTATION_CONTEXT('2D SPACE',''
  ) );
#6396 = PCURVE('',#6397,#6402);
#6397 = PLANE('',#6398);
#6398 = AXIS2_PLACEMENT_3D('',#6399,#6400,#6401);
#6399 = CARTESIAN_POINT('',(0.,0.,6.077705235797));
#6400 = DIRECTION('',(0.,0.,1.));
#6401 = DIRECTION('',(1.,0.,-0.));
#6402 = DEFINITIONAL_REPRESENTATION('',(#6403),#6407);
#6403 = CIRCLE('',#6404,6.);
#6404 = AXIS2_PLACEMENT_2D('',#6405,#6406);
#6405 = CARTESIAN_POINT('',(0.,0.));
#6406 = DIRECTION('',(1.,0.));
#6407 = ( GEOMETRIC_REPRESENTATION_CONTEXT(2) 
PARAMETRIC_REPRESENTATION_CONTEXT() REPRESENTATION_CONTEXT('2D SPACE',''
  ) );
#6408 = ORIENTED_EDGE('',*,*,#6409,.F.);
#6409 = EDGE_CURVE('',#6410,#6374,#6412,.T.);
#6410 = VERTEX_POINT('',#6411);
#6411 = CARTESIAN_POINT('',(3.,5.196152422707,4.577705235797));
#6412 = SURFACE_CURVE('',#6413,(#6417,#6424),.PCURVE_S1.);
#6413 = LINE('',#6414,#6415);
#6414 = CARTESIAN_POINT('',(3.,5.196152422707,4.577705235797));
#6415 = VECTOR('',#6416,1.);
#6416 = DIRECTION('',(0.,0.,1.));
#6417 = PCURVE('',#6385,#6418);
#6418 = DEFINITIONAL_REPRESENTATION('',(#6419),#6423);
#6419 = LINE('',#6420,#6421);
#6420 = CARTESIAN_POINT('',(1.047197551197,0.));
#6421 = VECTOR('',#6422,1.);
#6422 = DIRECTION('',(0.,1.));
#6423 = ( GEOMETRIC_REPRESENTATION_CONTEXT(2) 
PARAMETRIC_REPRESENTATION_CONTEXT() REPRESENTATION_CONTEXT('2D SPACE',''
  ) );
#6424 = PCURVE('',#6425,#6430);
#6425 = PLANE('',#6426);
#6426 = AXIS2_PLACEMENT_3D('',#6427,#6428,#6429);
#6427 = CARTESIAN_POINT('',(6.5,11.258330249198,4.577705235797));
#6428 = DIRECTION('',(0.866025403784,-0.5,0.));
#6429 = DIRECTION('',(-0.5,-0.866025403784,0.));
#6430 = DEFINITIONAL_REPRESENTATION('',(#6431),#6435);
#6431 = LINE('',#6432,#6433);
#6432 = CARTESIAN_POINT('',(7.,0.));
#6433 = VECTOR('',#6434,1.);
#6434 = DIRECTION('',(0.,-1.));
#6435 = ( GEOMETRIC_REPRESENTATION_CONTEXT(2) 
PARAMETRIC_REPRESENTATION_CONTEXT() REPRESENTATION_CONTEXT('2D SPACE',''
  ) );
#6436 = ORIENTED_EDGE('',*,*,#6437,.T.);
#6437 = EDGE_CURVE('',#6410,#6438,#6440,.T.);
#6438 = VERTEX_POINT('',#6439);
#6439 = CARTESIAN_POINT('',(3.,-5.196152422707,4.577705235797));
#6440 = SURFACE_CURVE('',#6441,(#6446,#6453),.PCURVE_S1.);
#6441 = CIRCLE('',#6442,6.);
#6442 = AXIS2_PLACEMENT_3D('',#6443,#6444,#6445);
#6443 = CARTESIAN_POINT('',(0.,0.,4.577705235797));
#6444 = DIRECTION('',(0.,0.,1.));
#6445 = DIRECTION('',(1.,0.,-0.));
#6446 = PCURVE('',#6385,#6447);
#6447 = DEFINITIONAL_REPRESENTATION('',(#6448),#6452);
#6448 = LINE('',#6449,#6450);
#6449 = CARTESIAN_POINT('',(0.,0.));
#6450 = VECTOR('',#6451,1.);
#6451 = DIRECTION('',(1.,0.));
#6452 = ( GEOMETRIC_REPRESENTATION_CONTEXT(2) 
PARAMETRIC_REPRESENTATION_CONTEXT() REPRESENTATION_CONTEXT('2D SPACE',''
  ) );
#6453 = PCURVE('',#6454,#6459);
#6454 = PLANE('',#6455);
#6455 = AXIS2_PLACEMENT_3D('',#6456,#6457,#6458);
#6456 = CARTESIAN_POINT('',(0.,0.,4.577705235797));
#6457 = DIRECTION('',(0.,0.,1.));
#6458 = DIRECTION('',(1.,0.,-0.));
#6459 = DEFINITIONAL_REPRESENTATION('',(#6460),#6464);
#6460 = CIRCLE('',#6461,6.);
#6461 = AXIS2_PLACEMENT_2D('',#6462,#6463);
#6462 = CARTESIAN_POINT('',(0.,0.));
#6463 = DIRECTION('',(1.,0.));
#6464 = ( GEOMETRIC_REPRESENTATION_CONTEXT(2) 
PARAMETRIC_REPRESENTATION_CONTEXT() REPRESENTATION_CONTEXT('2D SPACE',''
  ) );
#6465 = ORIENTED_EDGE('',*,*,#6466,.T.);
#6466 = EDGE_CURVE('',#6438,#6376,#6467,.T.);
#6467 = SURFACE_CURVE('',#6468,(#6472,#6479),.PCURVE_S1.);
#6468 = LINE('',#6469,#6470);
#6469 = CARTESIAN_POINT('',(3.,-5.196152422707,4.577705235797));
#6470 = VECTOR('',#6471,1.);
#6471 = DIRECTION('',(0.,0.,1.));
#6472 = PCURVE('',#6385,#6473);
#6473 = DEFINITIONAL_REPRESENTATION('',(#6474),#6478);
#6474 = LINE('',#6475,#6476);
#6475 = CARTESIAN_POINT('',(5.235987755983,0.));
#6476 = VECTOR('',#6477,1.);
#6477 = DIRECTION('',(0.,1.));
#6478 = ( GEOMETRIC_REPRESENTATION_CONTEXT(2) 
PARAMETRIC_REPRESENTATION_CONTEXT() REPRESENTATION_CONTEXT('2D SPACE',''
  ) );
#6479 = PCURVE('',#6480,#6485);
#6480 = PLANE('',#6481);
#6481 = AXIS2_PLACEMENT_3D('',#6482,#6483,#6484);
#6482 = CARTESIAN_POINT('',(0.,0.,4.577705235797));
#6483 = DIRECTION('',(0.866025403784,0.5,-0.));
#6484 = DIRECTION('',(0.5,-0.866025403784,0.));
#6485 = DEFINITIONAL_REPRESENTATION('',(#6486),#6490);
#6486 = LINE('',#6487,#6488);
#6487 = CARTESIAN_POINT('',(6.,0.));
#6488 = VECTOR('',#6489,1.);
#6489 = DIRECTION('',(0.,-1.));
#6490 = ( GEOMETRIC_REPRESENTATION_CONTEXT(2) 
PARAMETRIC_REPRESENTATION_CONTEXT() REPRESENTATION_CONTEXT('2D SPACE',''
  ) );
#6491 = ADVANCED_FACE('',(#6492),#6397,.T.);
#6492 = FACE_BOUND('',#6493,.T.);
#6493 = EDGE_LOOP('',(#6494,#6517,#6518,#6541));
#6494 = ORIENTED_EDGE('',*,*,#6495,.F.);
#6495 = EDGE_CURVE('',#6374,#6496,#6498,.T.);
#6496 = VERTEX_POINT('',#6497);
#6497 = CARTESIAN_POINT('',(1.36685,2.367453646326,6.077705235797));
#6498 = SURFACE_CURVE('',#6499,(#6503,#6510),.PCURVE_S1.);
#6499 = LINE('',#6500,#6501);
#6500 = CARTESIAN_POINT('',(6.5,11.258330249198,6.077705235797));
#6501 = VECTOR('',#6502,1.);
#6502 = DIRECTION('',(-0.5,-0.866025403784,0.));
#6503 = PCURVE('',#6397,#6504);
#6504 = DEFINITIONAL_REPRESENTATION('',(#6505),#6509);
#6505 = LINE('',#6506,#6507);
#6506 = CARTESIAN_POINT('',(6.5,11.258330249198));
#6507 = VECTOR('',#6508,1.);
#6508 = DIRECTION('',(-0.5,-0.866025403784));
#6509 = ( GEOMETRIC_REPRESENTATION_CONTEXT(2) 
PARAMETRIC_REPRESENTATION_CONTEXT() REPRESENTATION_CONTEXT('2D SPACE',''
  ) );
#6510 = PCURVE('',#6425,#6511);
#6511 = DEFINITIONAL_REPRESENTATION('',(#6512),#6516);
#6512 = LINE('',#6513,#6514);
#6513 = CARTESIAN_POINT('',(0.,-1.5));
#6514 = VECTOR('',#6515,1.);
#6515 = DIRECTION('',(1.,0.));
#6516 = ( GEOMETRIC_REPRESENTATION_CONTEXT(2) 
PARAMETRIC_REPRESENTATION_CONTEXT() REPRESENTATION_CONTEXT('2D SPACE',''
  ) );
#6517 = ORIENTED_EDGE('',*,*,#6373,.T.);
#6518 = ORIENTED_EDGE('',*,*,#6519,.F.);
#6519 = EDGE_CURVE('',#6520,#6376,#6522,.T.);
#6520 = VERTEX_POINT('',#6521);
#6521 = CARTESIAN_POINT('',(1.36685,-2.367453646326,6.077705235797));
#6522 = SURFACE_CURVE('',#6523,(#6527,#6534),.PCURVE_S1.);
#6523 = LINE('',#6524,#6525);
#6524 = CARTESIAN_POINT('',(0.,0.,6.077705235797));
#6525 = VECTOR('',#6526,1.);
#6526 = DIRECTION('',(0.5,-0.866025403784,0.));
#6527 = PCURVE('',#6397,#6528);
#6528 = DEFINITIONAL_REPRESENTATION('',(#6529),#6533);
#6529 = LINE('',#6530,#6531);
#6530 = CARTESIAN_POINT('',(0.,0.));
#6531 = VECTOR('',#6532,1.);
#6532 = DIRECTION('',(0.5,-0.866025403784));
#6533 = ( GEOMETRIC_REPRESENTATION_CONTEXT(2) 
PARAMETRIC_REPRESENTATION_CONTEXT() REPRESENTATION_CONTEXT('2D SPACE',''
  ) );
#6534 = PCURVE('',#6480,#6535);
#6535 = DEFINITIONAL_REPRESENTATION('',(#6536),#6540);
#6536 = LINE('',#6537,#6538);
#6537 = CARTESIAN_POINT('',(0.,-1.5));
#6538 = VECTOR('',#6539,1.);
#6539 = DIRECTION('',(1.,0.));
#6540 = ( GEOMETRIC_REPRESENTATION_CONTEXT(2) 
PARAMETRIC_REPRESENTATION_CONTEXT() REPRESENTATION_CONTEXT('2D SPACE',''
  ) );
#6541 = ORIENTED_EDGE('',*,*,#6542,.F.);
#6542 = EDGE_CURVE('',#6496,#6520,#6543,.T.);
#6543 = SURFACE_CURVE('',#6544,(#6549,#6556),.PCURVE_S1.);
#6544 = CIRCLE('',#6545,2.7337);
#6545 = AXIS2_PLACEMENT_3D('',#6546,#6547,#6548);
#6546 = CARTESIAN_POINT('',(0.,0.,6.077705235797));
#6547 = DIRECTION('',(0.,0.,1.));
#6548 = DIRECTION('',(1.,0.,-0.));
#6549 = PCURVE('',#6397,#6550);
#6550 = DEFINITIONAL_REPRESENTATION('',(#6551),#6555);
#6551 = CIRCLE('',#6552,2.7337);
#6552 = AXIS2_PLACEMENT_2D('',#6553,#6554);
#6553 = CARTESIAN_POINT('',(0.,0.));
#6554 = DIRECTION('',(1.,0.));
#6555 = ( GEOMETRIC_REPRESENTATION_CONTEXT(2) 
PARAMETRIC_REPRESENTATION_CONTEXT() REPRESENTATION_CONTEXT('2D SPACE',''
  ) );
#6556 = PCURVE('',#6557,#6562);
#6557 = CYLINDRICAL_SURFACE('',#6558,2.7337);
#6558 = AXIS2_PLACEMENT_3D('',#6559,#6560,#6561);
#6559 = CARTESIAN_POINT('',(0.,0.,4.577705235797));
#6560 = DIRECTION('',(0.,0.,1.));
#6561 = DIRECTION('',(1.,0.,-0.));
#6562 = DEFINITIONAL_REPRESENTATION('',(#6563),#6567);
#6563 = LINE('',#6564,#6565);
#6564 = CARTESIAN_POINT('',(0.,1.5));
#6565 = VECTOR('',#6566,1.);
#6566 = DIRECTION('',(1.,0.));
#6567 = ( GEOMETRIC_REPRESENTATION_CONTEXT(2) 
PARAMETRIC_REPRESENTATION_CONTEXT() REPRESENTATION_CONTEXT('2D SPACE',''
  ) );
#6568 = ADVANCED_FACE('',(#6569),#6480,.T.);
#6569 = FACE_BOUND('',#6570,.T.);
#6570 = EDGE_LOOP('',(#6571,#6594,#6615,#6616));
#6571 = ORIENTED_EDGE('',*,*,#6572,.F.);
#6572 = EDGE_CURVE('',#6573,#6438,#6575,.T.);
#6573 = VERTEX_POINT('',#6574);
#6574 = CARTESIAN_POINT('',(1.36685,-2.367453646326,4.577705235797));
#6575 = SURFACE_CURVE('',#6576,(#6580,#6587),.PCURVE_S1.);
#6576 = LINE('',#6577,#6578);
#6577 = CARTESIAN_POINT('',(0.,0.,4.577705235797));
#6578 = VECTOR('',#6579,1.);
#6579 = DIRECTION('',(0.5,-0.866025403784,0.));
#6580 = PCURVE('',#6480,#6581);
#6581 = DEFINITIONAL_REPRESENTATION('',(#6582),#6586);
#6582 = LINE('',#6583,#6584);
#6583 = CARTESIAN_POINT('',(0.,0.));
#6584 = VECTOR('',#6585,1.);
#6585 = DIRECTION('',(1.,0.));
#6586 = ( GEOMETRIC_REPRESENTATION_CONTEXT(2) 
PARAMETRIC_REPRESENTATION_CONTEXT() REPRESENTATION_CONTEXT('2D SPACE',''
  ) );
#6587 = PCURVE('',#6454,#6588);
#6588 = DEFINITIONAL_REPRESENTATION('',(#6589),#6593);
#6589 = LINE('',#6590,#6591);
#6590 = CARTESIAN_POINT('',(0.,0.));
#6591 = VECTOR('',#6592,1.);
#6592 = DIRECTION('',(0.5,-0.866025403784));
#6593 = ( GEOMETRIC_REPRESENTATION_CONTEXT(2) 
PARAMETRIC_REPRESENTATION_CONTEXT() REPRESENTATION_CONTEXT('2D SPACE',''
  ) );
#6594 = ORIENTED_EDGE('',*,*,#6595,.T.);
#6595 = EDGE_CURVE('',#6573,#6520,#6596,.T.);
#6596 = SURFACE_CURVE('',#6597,(#6601,#6608),.PCURVE_S1.);
#6597 = LINE('',#6598,#6599);
#6598 = CARTESIAN_POINT('',(1.36685,-2.367453646326,4.577705235797));
#6599 = VECTOR('',#6600,1.);
#6600 = DIRECTION('',(0.,0.,1.));
#6601 = PCURVE('',#6480,#6602);
#6602 = DEFINITIONAL_REPRESENTATION('',(#6603),#6607);
#6603 = LINE('',#6604,#6605);
#6604 = CARTESIAN_POINT('',(2.7337,0.));
#6605 = VECTOR('',#6606,1.);
#6606 = DIRECTION('',(0.,-1.));
#6607 = ( GEOMETRIC_REPRESENTATION_CONTEXT(2) 
PARAMETRIC_REPRESENTATION_CONTEXT() REPRESENTATION_CONTEXT('2D SPACE',''
  ) );
#6608 = PCURVE('',#6557,#6609);
#6609 = DEFINITIONAL_REPRESENTATION('',(#6610),#6614);
#6610 = LINE('',#6611,#6612);
#6611 = CARTESIAN_POINT('',(5.235987755983,0.));
#6612 = VECTOR('',#6613,1.);
#6613 = DIRECTION('',(0.,1.));
#6614 = ( GEOMETRIC_REPRESENTATION_CONTEXT(2) 
PARAMETRIC_REPRESENTATION_CONTEXT() REPRESENTATION_CONTEXT('2D SPACE',''
  ) );
#6615 = ORIENTED_EDGE('',*,*,#6519,.T.);
#6616 = ORIENTED_EDGE('',*,*,#6466,.F.);
#6617 = ADVANCED_FACE('',(#6618),#6454,.F.);
#6618 = FACE_BOUND('',#6619,.F.);
#6619 = EDGE_LOOP('',(#6620,#6643,#6644,#6645));
#6620 = ORIENTED_EDGE('',*,*,#6621,.F.);
#6621 = EDGE_CURVE('',#6410,#6622,#6624,.T.);
#6622 = VERTEX_POINT('',#6623);
#6623 = CARTESIAN_POINT('',(1.36685,2.367453646326,4.577705235797));
#6624 = SURFACE_CURVE('',#6625,(#6629,#6636),.PCURVE_S1.);
#6625 = LINE('',#6626,#6627);
#6626 = CARTESIAN_POINT('',(6.5,11.258330249198,4.577705235797));
#6627 = VECTOR('',#6628,1.);
#6628 = DIRECTION('',(-0.5,-0.866025403784,0.));
#6629 = PCURVE('',#6454,#6630);
#6630 = DEFINITIONAL_REPRESENTATION('',(#6631),#6635);
#6631 = LINE('',#6632,#6633);
#6632 = CARTESIAN_POINT('',(6.5,11.258330249198));
#6633 = VECTOR('',#6634,1.);
#6634 = DIRECTION('',(-0.5,-0.866025403784));
#6635 = ( GEOMETRIC_REPRESENTATION_CONTEXT(2) 
PARAMETRIC_REPRESENTATION_CONTEXT() REPRESENTATION_CONTEXT('2D SPACE',''
  ) );
#6636 = PCURVE('',#6425,#6637);
#6637 = DEFINITIONAL_REPRESENTATION('',(#6638),#6642);
#6638 = LINE('',#6639,#6640);
#6639 = CARTESIAN_POINT('',(0.,0.));
#6640 = VECTOR('',#6641,1.);
#6641 = DIRECTION('',(1.,0.));
#6642 = ( GEOMETRIC_REPRESENTATION_CONTEXT(2) 
PARAMETRIC_REPRESENTATION_CONTEXT() REPRESENTATION_CONTEXT('2D SPACE',''
  ) );
#6643 = ORIENTED_EDGE('',*,*,#6437,.T.);
#6644 = ORIENTED_EDGE('',*,*,#6572,.F.);
#6645 = ORIENTED_EDGE('',*,*,#6646,.F.);
#6646 = EDGE_CURVE('',#6622,#6573,#6647,.T.);
#6647 = SURFACE_CURVE('',#6648,(#6653,#6660),.PCURVE_S1.);
#6648 = CIRCLE('',#6649,2.7337);
#6649 = AXIS2_PLACEMENT_3D('',#6650,#6651,#6652);
#6650 = CARTESIAN_POINT('',(0.,0.,4.577705235797));
#6651 = DIRECTION('',(0.,0.,1.));
#6652 = DIRECTION('',(1.,0.,-0.));
#6653 = PCURVE('',#6454,#6654);
#6654 = DEFINITIONAL_REPRESENTATION('',(#6655),#6659);
#6655 = CIRCLE('',#6656,2.7337);
#6656 = AXIS2_PLACEMENT_2D('',#6657,#6658);
#6657 = CARTESIAN_POINT('',(0.,0.));
#6658 = DIRECTION('',(1.,0.));
#6659 = ( GEOMETRIC_REPRESENTATION_CONTEXT(2) 
PARAMETRIC_REPRESENTATION_CONTEXT() REPRESENTATION_CONTEXT('2D SPACE',''
  ) );
#6660 = PCURVE('',#6557,#6661);
#6661 = DEFINITIONAL_REPRESENTATION('',(#6662),#6666);
#6662 = LINE('',#6663,#6664);
#6663 = CARTESIAN_POINT('',(0.,0.));
#6664 = VECTOR('',#6665,1.);
#6665 = DIRECTION('',(1.,0.));
#6666 = ( GEOMETRIC_REPRESENTATION_CONTEXT(2) 
PARAMETRIC_REPRESENTATION_CONTEXT() REPRESENTATION_CONTEXT('2D SPACE',''
  ) );
#6667 = ADVANCED_FACE('',(#6668),#6425,.T.);
#6668 = FACE_BOUND('',#6669,.T.);
#6669 = EDGE_LOOP('',(#6670,#6671,#6672,#6673));
#6670 = ORIENTED_EDGE('',*,*,#6621,.F.);
#6671 = ORIENTED_EDGE('',*,*,#6409,.T.);
#6672 = ORIENTED_EDGE('',*,*,#6495,.T.);
#6673 = ORIENTED_EDGE('',*,*,#6674,.F.);
#6674 = EDGE_CURVE('',#6622,#6496,#6675,.T.);
#6675 = SURFACE_CURVE('',#6676,(#6680,#6687),.PCURVE_S1.);
#6676 = LINE('',#6677,#6678);
#6677 = CARTESIAN_POINT('',(1.36685,2.367453646326,4.577705235797));
#6678 = VECTOR('',#6679,1.);
#6679 = DIRECTION('',(0.,0.,1.));
#6680 = PCURVE('',#6425,#6681);
#6681 = DEFINITIONAL_REPRESENTATION('',(#6682),#6686);
#6682 = LINE('',#6683,#6684);
#6683 = CARTESIAN_POINT('',(10.2663,0.));
#6684 = VECTOR('',#6685,1.);
#6685 = DIRECTION('',(0.,-1.));
#6686 = ( GEOMETRIC_REPRESENTATION_CONTEXT(2) 
PARAMETRIC_REPRESENTATION_CONTEXT() REPRESENTATION_CONTEXT('2D SPACE',''
  ) );
#6687 = PCURVE('',#6557,#6688);
#6688 = DEFINITIONAL_REPRESENTATION('',(#6689),#6693);
#6689 = LINE('',#6690,#6691);
#6690 = CARTESIAN_POINT('',(1.047197551197,0.));
#6691 = VECTOR('',#6692,1.);
#6692 = DIRECTION('',(0.,1.));
#6693 = ( GEOMETRIC_REPRESENTATION_CONTEXT(2) 
PARAMETRIC_REPRESENTATION_CONTEXT() REPRESENTATION_CONTEXT('2D SPACE',''
  ) );
#6694 = ADVANCED_FACE('',(#6695),#6557,.F.);
#6695 = FACE_BOUND('',#6696,.F.);
#6696 = EDGE_LOOP('',(#6697,#6698,#6699,#6700));
#6697 = ORIENTED_EDGE('',*,*,#6542,.F.);
#6698 = ORIENTED_EDGE('',*,*,#6674,.F.);
#6699 = ORIENTED_EDGE('',*,*,#6646,.T.);
#6700 = ORIENTED_EDGE('',*,*,#6595,.T.);
#6701 = ( GEOMETRIC_REPRESENTATION_CONTEXT(3) 
GLOBAL_UNCERTAINTY_ASSIGNED_CONTEXT((#6705)) 
GLOBAL_UNIT_ASSIGNED_CONTEXT((#6702,#6703,#6704)) REPRESENTATION_CONTEXT
('Context #1','3D Context with UNIT and UNCERTAINTY') );
#6702 = ( LENGTH_UNIT() NAMED_UNIT(*) SI_UNIT(.MILLI.,.METRE.) );
#6703 = ( NAMED_UNIT(*) PLANE_ANGLE_UNIT() SI_UNIT($,.RADIAN.) );
#6704 = ( NAMED_UNIT(*) SI_UNIT($,.STERADIAN.) SOLID_ANGLE_UNIT() );
#6705 = UNCERTAINTY_MEASURE_WITH_UNIT(LENGTH_MEASURE(1.E-07),#6702,
  'distance_accuracy_value','confusion accuracy');
#6706 = CONTEXT_DEPENDENT_SHAPE_REPRESENTATION(#6707,#6709);
#6707 = ( REPRESENTATION_RELATIONSHIP('','',#6366,#10) 
REPRESENTATION_RELATIONSHIP_WITH_TRANSFORMATION(#6708) 
SHAPE_REPRESENTATION_RELATIONSHIP() );
#6708 = ITEM_DEFINED_TRANSFORMATION('','',#11,#119);
#6709 = PRODUCT_DEFINITION_SHAPE('Placement','Placement of an item',
  #6710);
#6710 = NEXT_ASSEMBLY_USAGE_OCCURRENCE('81','skid_ring','',#5,#6361,$);
#6711 = PRODUCT_RELATED_PRODUCT_CATEGORY('part',$,(#6363));
#6712 = SHAPE_DEFINITION_REPRESENTATION(#6713,#6719);
#6713 = PRODUCT_DEFINITION_SHAPE('','',#6714);
#6714 = PRODUCT_DEFINITION('design','',#6715,#6718);
#6715 = PRODUCT_DEFINITION_FORMATION('','',#6716);
#6716 = PRODUCT('front_cone_1','front_cone_1','',(#6717));
#6717 = PRODUCT_CONTEXT('',#2,'mechanical');
#6718 = PRODUCT_DEFINITION_CONTEXT('part definition',#2,'design');
#6719 = ADVANCED_BREP_SHAPE_REPRESENTATION('',(#11,#6720),#6902);
#6720 = MANIFOLD_SOLID_BREP('',#6721);
#6721 = CLOSED_SHELL('',(#6722,#6810,#6845,#6875));
#6722 = ADVANCED_FACE('',(#6723),#6736,.T.);
#6723 = FACE_BOUND('',#6724,.T.);
#6724 = EDGE_LOOP('',(#6725,#6759,#6782,#6809));
#6725 = ORIENTED_EDGE('',*,*,#6726,.F.);
#6726 = EDGE_CURVE('',#6727,#6727,#6729,.T.);
#6727 = VERTEX_POINT('',#6728);
#6728 = CARTESIAN_POINT('',(7.690365631801,-1.883596331052E-15,10.));
#6729 = SURFACE_CURVE('',#6730,(#6735,#6747),.PCURVE_S1.);
#6730 = CIRCLE('',#6731,7.690365631801);
#6731 = AXIS2_PLACEMENT_3D('',#6732,#6733,#6734);
#6732 = CARTESIAN_POINT('',(0.,0.,10.));
#6733 = DIRECTION('',(0.,0.,1.));
#6734 = DIRECTION('',(1.,0.,-0.));
#6735 = PCURVE('',#6736,#6741);
#6736 = CONICAL_SURFACE('',#6737,6.,0.406910869422);
#6737 = AXIS2_PLACEMENT_3D('',#6738,#6739,#6740);
#6738 = CARTESIAN_POINT('',(0.,0.,6.077705235797));
#6739 = DIRECTION('',(0.,0.,1.));
#6740 = DIRECTION('',(1.,0.,-0.));
#6741 = DEFINITIONAL_REPRESENTATION('',(#6742),#6746);
#6742 = LINE('',#6743,#6744);
#6743 = CARTESIAN_POINT('',(0.,3.922294764203));
#6744 = VECTOR('',#6745,1.);
#6745 = DIRECTION('',(1.,0.));
#6746 = ( GEOMETRIC_REPRESENTATION_CONTEXT(2) 
PARAMETRIC_REPRESENTATION_CONTEXT() REPRESENTATION_CONTEXT('2D SPACE',''
  ) );
#6747 = PCURVE('',#6748,#6753);
#6748 = PLANE('',#6749);
#6749 = AXIS2_PLACEMENT_3D('',#6750,#6751,#6752);
#6750 = CARTESIAN_POINT('',(0.,0.,10.));
#6751 = DIRECTION('',(0.,0.,1.));
#6752 = DIRECTION('',(1.,0.,-0.));
#6753 = DEFINITIONAL_REPRESENTATION('',(#6754),#6758);
#6754 = CIRCLE('',#6755,7.690365631801);
#6755 = AXIS2_PLACEMENT_2D('',#6756,#6757);
#6756 = CARTESIAN_POINT('',(0.,0.));
#6757 = DIRECTION('',(1.,0.));
#6758 = ( GEOMETRIC_REPRESENTATION_CONTEXT(2) 
PARAMETRIC_REPRESENTATION_CONTEXT() REPRESENTATION_CONTEXT('2D SPACE',''
  ) );
#6759 = ORIENTED_EDGE('',*,*,#6760,.F.);
#6760 = EDGE_CURVE('',#6761,#6727,#6763,.T.);
#6761 = VERTEX_POINT('',#6762);
#6762 = CARTESIAN_POINT('',(6.,-1.469576158977E-15,6.077705235797));
#6763 = SEAM_CURVE('',#6764,(#6768,#6775),.PCURVE_S1.);
#6764 = LINE('',#6765,#6766);
#6765 = CARTESIAN_POINT('',(6.,-1.469576158977E-15,6.077705235797));
#6766 = VECTOR('',#6767,1.);
#6767 = DIRECTION('',(0.395774324605,-9.693675196235E-17,0.918347801208)
  );
#6768 = PCURVE('',#6736,#6769);
#6769 = DEFINITIONAL_REPRESENTATION('',(#6770),#6774);
#6770 = LINE('',#6771,#6772);
#6771 = CARTESIAN_POINT('',(6.28318530718,-0.));
#6772 = VECTOR('',#6773,1.);
#6773 = DIRECTION('',(0.,1.));
#6774 = ( GEOMETRIC_REPRESENTATION_CONTEXT(2) 
PARAMETRIC_REPRESENTATION_CONTEXT() REPRESENTATION_CONTEXT('2D SPACE',''
  ) );
#6775 = PCURVE('',#6736,#6776);
#6776 = DEFINITIONAL_REPRESENTATION('',(#6777),#6781);
#6777 = LINE('',#6778,#6779);
#6778 = CARTESIAN_POINT('',(0.,-0.));
#6779 = VECTOR('',#6780,1.);
#6780 = DIRECTION('',(0.,1.));
#6781 = ( GEOMETRIC_REPRESENTATION_CONTEXT(2) 
PARAMETRIC_REPRESENTATION_CONTEXT() REPRESENTATION_CONTEXT('2D SPACE',''
  ) );
#6782 = ORIENTED_EDGE('',*,*,#6783,.T.);
#6783 = EDGE_CURVE('',#6761,#6761,#6784,.T.);
#6784 = SURFACE_CURVE('',#6785,(#6790,#6797),.PCURVE_S1.);
#6785 = CIRCLE('',#6786,6.);
#6786 = AXIS2_PLACEMENT_3D('',#6787,#6788,#6789);
#6787 = CARTESIAN_POINT('',(0.,0.,6.077705235797));
#6788 = DIRECTION('',(0.,0.,1.));
#6789 = DIRECTION('',(1.,0.,-0.));
#6790 = PCURVE('',#6736,#6791);
#6791 = DEFINITIONAL_REPRESENTATION('',(#6792),#6796);
#6792 = LINE('',#6793,#6794);
#6793 = CARTESIAN_POINT('',(0.,0.));
#6794 = VECTOR('',#6795,1.);
#6795 = DIRECTION('',(1.,0.));
#6796 = ( GEOMETRIC_REPRESENTATION_CONTEXT(2) 
PARAMETRIC_REPRESENTATION_CONTEXT() REPRESENTATION_CONTEXT('2D SPACE',''
  ) );
#6797 = PCURVE('',#6798,#6803);
#6798 = PLANE('',#6799);
#6799 = AXIS2_PLACEMENT_3D('',#6800,#6801,#6802);
#6800 = CARTESIAN_POINT('',(0.,0.,6.077705235797));
#6801 = DIRECTION('',(0.,0.,1.));
#6802 = DIRECTION('',(1.,0.,-0.));
#6803 = DEFINITIONAL_REPRESENTATION('',(#6804),#6808);
#6804 = CIRCLE('',#6805,6.);
#6805 = AXIS2_PLACEMENT_2D('',#6806,#6807);
#6806 = CARTESIAN_POINT('',(0.,0.));
#6807 = DIRECTION('',(1.,0.));
#6808 = ( GEOMETRIC_REPRESENTATION_CONTEXT(2) 
PARAMETRIC_REPRESENTATION_CONTEXT() REPRESENTATION_CONTEXT('2D SPACE',''
  ) );
#6809 = ORIENTED_EDGE('',*,*,#6760,.T.);
#6810 = ADVANCED_FACE('',(#6811,#6814),#6748,.T.);
#6811 = FACE_BOUND('',#6812,.T.);
#6812 = EDGE_LOOP('',(#6813));
#6813 = ORIENTED_EDGE('',*,*,#6726,.T.);
#6814 = FACE_BOUND('',#6815,.T.);
#6815 = EDGE_LOOP('',(#6816));
#6816 = ORIENTED_EDGE('',*,*,#6817,.F.);
#6817 = EDGE_CURVE('',#6818,#6818,#6820,.T.);
#6818 = VERTEX_POINT('',#6819);
#6819 = CARTESIAN_POINT('',(5.,-1.224646799147E-15,10.));
#6820 = SURFACE_CURVE('',#6821,(#6826,#6833),.PCURVE_S1.);
#6821 = CIRCLE('',#6822,5.);
#6822 = AXIS2_PLACEMENT_3D('',#6823,#6824,#6825);
#6823 = CARTESIAN_POINT('',(0.,0.,10.));
#6824 = DIRECTION('',(0.,0.,1.));
#6825 = DIRECTION('',(1.,0.,-0.));
#6826 = PCURVE('',#6748,#6827);
#6827 = DEFINITIONAL_REPRESENTATION('',(#6828),#6832);
#6828 = CIRCLE('',#6829,5.);
#6829 = AXIS2_PLACEMENT_2D('',#6830,#6831);
#6830 = CARTESIAN_POINT('',(0.,0.));
#6831 = DIRECTION('',(1.,0.));
#6832 = ( GEOMETRIC_REPRESENTATION_CONTEXT(2) 
PARAMETRIC_REPRESENTATION_CONTEXT() REPRESENTATION_CONTEXT('2D SPACE',''
  ) );
#6833 = PCURVE('',#6834,#6839);
#6834 = CYLINDRICAL_SURFACE('',#6835,5.);
#6835 = AXIS2_PLACEMENT_3D('',#6836,#6837,#6838);
#6836 = CARTESIAN_POINT('',(0.,0.,6.077705235797));
#6837 = DIRECTION('',(0.,0.,1.));
#6838 = DIRECTION('',(1.,0.,-0.));
#6839 = DEFINITIONAL_REPRESENTATION('',(#6840),#6844);
#6840 = LINE('',#6841,#6842);
#6841 = CARTESIAN_POINT('',(0.,3.922294764203));
#6842 = VECTOR('',#6843,1.);
#6843 = DIRECTION('',(1.,0.));
#6844 = ( GEOMETRIC_REPRESENTATION_CONTEXT(2) 
PARAMETRIC_REPRESENTATION_CONTEXT() REPRESENTATION_CONTEXT('2D SPACE',''
  ) );
#6845 = ADVANCED_FACE('',(#6846,#6849),#6798,.F.);
#6846 = FACE_BOUND('',#6847,.F.);
#6847 = EDGE_LOOP('',(#6848));
#6848 = ORIENTED_EDGE('',*,*,#6783,.T.);
#6849 = FACE_BOUND('',#6850,.F.);
#6850 = EDGE_LOOP('',(#6851));
#6851 = ORIENTED_EDGE('',*,*,#6852,.F.);
#6852 = EDGE_CURVE('',#6853,#6853,#6855,.T.);
#6853 = VERTEX_POINT('',#6854);
#6854 = CARTESIAN_POINT('',(5.,-1.224646799147E-15,6.077705235797));
#6855 = SURFACE_CURVE('',#6856,(#6861,#6868),.PCURVE_S1.);
#6856 = CIRCLE('',#6857,5.);
#6857 = AXIS2_PLACEMENT_3D('',#6858,#6859,#6860);
#6858 = CARTESIAN_POINT('',(0.,0.,6.077705235797));
#6859 = DIRECTION('',(0.,0.,1.));
#6860 = DIRECTION('',(1.,0.,-0.));
#6861 = PCURVE('',#6798,#6862);
#6862 = DEFINITIONAL_REPRESENTATION('',(#6863),#6867);
#6863 = CIRCLE('',#6864,5.);
#6864 = AXIS2_PLACEMENT_2D('',#6865,#6866);
#6865 = CARTESIAN_POINT('',(0.,0.));
#6866 = DIRECTION('',(1.,0.));
#6867 = ( GEOMETRIC_REPRESENTATION_CONTEXT(2) 
PARAMETRIC_REPRESENTATION_CONTEXT() REPRESENTATION_CONTEXT('2D SPACE',''
  ) );
#6868 = PCURVE('',#6834,#6869);
#6869 = DEFINITIONAL_REPRESENTATION('',(#6870),#6874);
#6870 = LINE('',#6871,#6872);
#6871 = CARTESIAN_POINT('',(0.,0.));
#6872 = VECTOR('',#6873,1.);
#6873 = DIRECTION('',(1.,0.));
#6874 = ( GEOMETRIC_REPRESENTATION_CONTEXT(2) 
PARAMETRIC_REPRESENTATION_CONTEXT() REPRESENTATION_CONTEXT('2D SPACE',''
  ) );
#6875 = ADVANCED_FACE('',(#6876),#6834,.F.);
#6876 = FACE_BOUND('',#6877,.F.);
#6877 = EDGE_LOOP('',(#6878,#6879,#6900,#6901));
#6878 = ORIENTED_EDGE('',*,*,#6817,.F.);
#6879 = ORIENTED_EDGE('',*,*,#6880,.F.);
#6880 = EDGE_CURVE('',#6853,#6818,#6881,.T.);
#6881 = SEAM_CURVE('',#6882,(#6886,#6893),.PCURVE_S1.);
#6882 = LINE('',#6883,#6884);
#6883 = CARTESIAN_POINT('',(5.,-1.224646799147E-15,6.077705235797));
#6884 = VECTOR('',#6885,1.);
#6885 = DIRECTION('',(0.,0.,1.));
#6886 = PCURVE('',#6834,#6887);
#6887 = DEFINITIONAL_REPRESENTATION('',(#6888),#6892);
#6888 = LINE('',#6889,#6890);
#6889 = CARTESIAN_POINT('',(6.28318530718,-0.));
#6890 = VECTOR('',#6891,1.);
#6891 = DIRECTION('',(0.,1.));
#6892 = ( GEOMETRIC_REPRESENTATION_CONTEXT(2) 
PARAMETRIC_REPRESENTATION_CONTEXT() REPRESENTATION_CONTEXT('2D SPACE',''
  ) );
#6893 = PCURVE('',#6834,#6894);
#6894 = DEFINITIONAL_REPRESENTATION('',(#6895),#6899);
#6895 = LINE('',#6896,#6897);
#6896 = CARTESIAN_POINT('',(0.,-0.));
#6897 = VECTOR('',#6898,1.);
#6898 = DIRECTION('',(0.,1.));
#6899 = ( GEOMETRIC_REPRESENTATION_CONTEXT(2) 
PARAMETRIC_REPRESENTATION_CONTEXT() REPRESENTATION_CONTEXT('2D SPACE',''
  ) );
#6900 = ORIENTED_EDGE('',*,*,#6852,.T.);
#6901 = ORIENTED_EDGE('',*,*,#6880,.T.);
#6902 = ( GEOMETRIC_REPRESENTATION_CONTEXT(3) 
GLOBAL_UNCERTAINTY_ASSIGNED_CONTEXT((#6906)) 
GLOBAL_UNIT_ASSIGNED_CONTEXT((#6903,#6904,#6905)) REPRESENTATION_CONTEXT
('Context #1','3D Context with UNIT and UNCERTAINTY') );
#6903 = ( LENGTH_UNIT() NAMED_UNIT(*) SI_UNIT(.MILLI.,.METRE.) );
#6904 = ( NAMED_UNIT(*) PLANE_ANGLE_UNIT() SI_UNIT($,.RADIAN.) );
#6905 = ( NAMED_UNIT(*) SI_UNIT($,.STERADIAN.) SOLID_ANGLE_UNIT() );
#6906 = UNCERTAINTY_MEASURE_WITH_UNIT(LENGTH_MEASURE(1.E-07),#6903,
  'distance_accuracy_value','confusion accuracy');
#6907 = CONTEXT_DEPENDENT_SHAPE_REPRESENTATION(#6908,#6910);
#6908 = ( REPRESENTATION_RELATIONSHIP('','',#6719,#10) 
REPRESENTATION_RELATIONSHIP_WITH_TRANSFORMATION(#6909) 
SHAPE_REPRESENTATION_RELATIONSHIP() );
#6909 = ITEM_DEFINED_TRANSFORMATION('','',#11,#123);
#6910 = PRODUCT_DEFINITION_SHAPE('Placement','Placement of an item',
  #6911);
#6911 = NEXT_ASSEMBLY_USAGE_OCCURRENCE('82','front_cone_1','',#5,#6714,$
  );
#6912 = PRODUCT_RELATED_PRODUCT_CATEGORY('part',$,(#6716));
#6913 = SHAPE_DEFINITION_REPRESENTATION(#6914,#6920);
#6914 = PRODUCT_DEFINITION_SHAPE('','',#6915);
#6915 = PRODUCT_DEFINITION('design','',#6916,#6919);
#6916 = PRODUCT_DEFINITION_FORMATION('','',#6917);
#6917 = PRODUCT('front_cone_2','front_cone_2','',(#6918));
#6918 = PRODUCT_CONTEXT('',#2,'mechanical');
#6919 = PRODUCT_DEFINITION_CONTEXT('part definition',#2,'design');
#6920 = ADVANCED_BREP_SHAPE_REPRESENTATION('',(#11,#6921),#7103);
#6921 = MANIFOLD_SOLID_BREP('',#6922);
#6922 = CLOSED_SHELL('',(#6923,#7011,#7046,#7076));
#6923 = ADVANCED_FACE('',(#6924),#6937,.T.);
#6924 = FACE_BOUND('',#6925,.T.);
#6925 = EDGE_LOOP('',(#6926,#6960,#6983,#7010));
#6926 = ORIENTED_EDGE('',*,*,#6927,.F.);
#6927 = EDGE_CURVE('',#6928,#6928,#6930,.T.);
#6928 = VERTEX_POINT('',#6929);
#6929 = CARTESIAN_POINT('',(9.414219379081,-2.305818725812E-15,14.));
#6930 = SURFACE_CURVE('',#6931,(#6936,#6948),.PCURVE_S1.);
#6931 = CIRCLE('',#6932,9.414219379081);
#6932 = AXIS2_PLACEMENT_3D('',#6933,#6934,#6935);
#6933 = CARTESIAN_POINT('',(0.,0.,14.));
#6934 = DIRECTION('',(0.,0.,1.));
#6935 = DIRECTION('',(1.,0.,-0.));
#6936 = PCURVE('',#6937,#6942);
#6937 = CONICAL_SURFACE('',#6938,7.690365631801,0.406910869422);
#6938 = AXIS2_PLACEMENT_3D('',#6939,#6940,#6941);
#6939 = CARTESIAN_POINT('',(0.,0.,10.));
#6940 = DIRECTION('',(0.,0.,1.));
#6941 = DIRECTION('',(1.,0.,-0.));
#6942 = DEFINITIONAL_REPRESENTATION('',(#6943),#6947);
#6943 = LINE('',#6944,#6945);
#6944 = CARTESIAN_POINT('',(0.,4.));
#6945 = VECTOR('',#6946,1.);
#6946 = DIRECTION('',(1.,0.));
#6947 = ( GEOMETRIC_REPRESENTATION_CONTEXT(2) 
PARAMETRIC_REPRESENTATION_CONTEXT() REPRESENTATION_CONTEXT('2D SPACE',''
  ) );
#6948 = PCURVE('',#6949,#6954);
#6949 = PLANE('',#6950);
#6950 = AXIS2_PLACEMENT_3D('',#6951,#6952,#6953);
#6951 = CARTESIAN_POINT('',(0.,0.,14.));
#6952 = DIRECTION('',(0.,0.,1.));
#6953 = DIRECTION('',(1.,0.,-0.));
#6954 = DEFINITIONAL_REPRESENTATION('',(#6955),#6959);
#6955 = CIRCLE('',#6956,9.414219379081);
#6956 = AXIS2_PLACEMENT_2D('',#6957,#6958);
#6957 = CARTESIAN_POINT('',(0.,0.));
#6958 = DIRECTION('',(1.,0.));
#6959 = ( GEOMETRIC_REPRESENTATION_CONTEXT(2) 
PARAMETRIC_REPRESENTATION_CONTEXT() REPRESENTATION_CONTEXT('2D SPACE',''
  ) );
#6960 = ORIENTED_EDGE('',*,*,#6961,.F.);
#6961 = EDGE_CURVE('',#6962,#6928,#6964,.T.);
#6962 = VERTEX_POINT('',#6963);
#6963 = CARTESIAN_POINT('',(7.690365631801,-1.883596331052E-15,10.));
#6964 = SEAM_CURVE('',#6965,(#6969,#6976),.PCURVE_S1.);
#6965 = LINE('',#6966,#6967);
#6966 = CARTESIAN_POINT('',(7.690365631801,-1.883596331052E-15,10.));
#6967 = VECTOR('',#6968,1.);
#6968 = DIRECTION('',(0.395774324605,-9.693675196235E-17,0.918347801208)
  );
#6969 = PCURVE('',#6937,#6970);
#6970 = DEFINITIONAL_REPRESENTATION('',(#6971),#6975);
#6971 = LINE('',#6972,#6973);
#6972 = CARTESIAN_POINT('',(6.28318530718,-0.));
#6973 = VECTOR('',#6974,1.);
#6974 = DIRECTION('',(0.,1.));
#6975 = ( GEOMETRIC_REPRESENTATION_CONTEXT(2) 
PARAMETRIC_REPRESENTATION_CONTEXT() REPRESENTATION_CONTEXT('2D SPACE',''
  ) );
#6976 = PCURVE('',#6937,#6977);
#6977 = DEFINITIONAL_REPRESENTATION('',(#6978),#6982);
#6978 = LINE('',#6979,#6980);
#6979 = CARTESIAN_POINT('',(0.,-0.));
#6980 = VECTOR('',#6981,1.);
#6981 = DIRECTION('',(0.,1.));
#6982 = ( GEOMETRIC_REPRESENTATION_CONTEXT(2) 
PARAMETRIC_REPRESENTATION_CONTEXT() REPRESENTATION_CONTEXT('2D SPACE',''
  ) );
#6983 = ORIENTED_EDGE('',*,*,#6984,.T.);
#6984 = EDGE_CURVE('',#6962,#6962,#6985,.T.);
#6985 = SURFACE_CURVE('',#6986,(#6991,#6998),.PCURVE_S1.);
#6986 = CIRCLE('',#6987,7.690365631801);
#6987 = AXIS2_PLACEMENT_3D('',#6988,#6989,#6990);
#6988 = CARTESIAN_POINT('',(0.,0.,10.));
#6989 = DIRECTION('',(0.,0.,1.));
#6990 = DIRECTION('',(1.,0.,-0.));
#6991 = PCURVE('',#6937,#6992);
#6992 = DEFINITIONAL_REPRESENTATION('',(#6993),#6997);
#6993 = LINE('',#6994,#6995);
#6994 = CARTESIAN_POINT('',(0.,0.));
#6995 = VECTOR('',#6996,1.);
#6996 = DIRECTION('',(1.,0.));
#6997 = ( GEOMETRIC_REPRESENTATION_CONTEXT(2) 
PARAMETRIC_REPRESENTATION_CONTEXT() REPRESENTATION_CONTEXT('2D SPACE',''
  ) );
#6998 = PCURVE('',#6999,#7004);
#6999 = PLANE('',#7000);
#7000 = AXIS2_PLACEMENT_3D('',#7001,#7002,#7003);
#7001 = CARTESIAN_POINT('',(0.,0.,10.));
#7002 = DIRECTION('',(0.,0.,1.));
#7003 = DIRECTION('',(1.,0.,-0.));
#7004 = DEFINITIONAL_REPRESENTATION('',(#7005),#7009);
#7005 = CIRCLE('',#7006,7.690365631801);
#7006 = AXIS2_PLACEMENT_2D('',#7007,#7008);
#7007 = CARTESIAN_POINT('',(0.,0.));
#7008 = DIRECTION('',(1.,0.));
#7009 = ( GEOMETRIC_REPRESENTATION_CONTEXT(2) 
PARAMETRIC_REPRESENTATION_CONTEXT() REPRESENTATION_CONTEXT('2D SPACE',''
  ) );
#7010 = ORIENTED_EDGE('',*,*,#6961,.T.);
#7011 = ADVANCED_FACE('',(#7012,#7015),#6949,.T.);
#7012 = FACE_BOUND('',#7013,.T.);
#7013 = EDGE_LOOP('',(#7014));
#7014 = ORIENTED_EDGE('',*,*,#6927,.T.);
#7015 = FACE_BOUND('',#7016,.T.);
#7016 = EDGE_LOOP('',(#7017));
#7017 = ORIENTED_EDGE('',*,*,#7018,.F.);
#7018 = EDGE_CURVE('',#7019,#7019,#7021,.T.);
#7019 = VERTEX_POINT('',#7020);
#7020 = CARTESIAN_POINT('',(6.690365631801,-1.638666971222E-15,14.));
#7021 = SURFACE_CURVE('',#7022,(#7027,#7034),.PCURVE_S1.);
#7022 = CIRCLE('',#7023,6.690365631801);
#7023 = AXIS2_PLACEMENT_3D('',#7024,#7025,#7026);
#7024 = CARTESIAN_POINT('',(0.,0.,14.));
#7025 = DIRECTION('',(0.,0.,1.));
#7026 = DIRECTION('',(1.,0.,-0.));
#7027 = PCURVE('',#6949,#7028);
#7028 = DEFINITIONAL_REPRESENTATION('',(#7029),#7033);
#7029 = CIRCLE('',#7030,6.690365631801);
#7030 = AXIS2_PLACEMENT_2D('',#7031,#7032);
#7031 = CARTESIAN_POINT('',(0.,0.));
#7032 = DIRECTION('',(1.,0.));
#7033 = ( GEOMETRIC_REPRESENTATION_CONTEXT(2) 
PARAMETRIC_REPRESENTATION_CONTEXT() REPRESENTATION_CONTEXT('2D SPACE',''
  ) );
#7034 = PCURVE('',#7035,#7040);
#7035 = CYLINDRICAL_SURFACE('',#7036,6.690365631801);
#7036 = AXIS2_PLACEMENT_3D('',#7037,#7038,#7039);
#7037 = CARTESIAN_POINT('',(0.,0.,10.));
#7038 = DIRECTION('',(0.,0.,1.));
#7039 = DIRECTION('',(1.,0.,-0.));
#7040 = DEFINITIONAL_REPRESENTATION('',(#7041),#7045);
#7041 = LINE('',#7042,#7043);
#7042 = CARTESIAN_POINT('',(0.,4.));
#7043 = VECTOR('',#7044,1.);
#7044 = DIRECTION('',(1.,0.));
#7045 = ( GEOMETRIC_REPRESENTATION_CONTEXT(2) 
PARAMETRIC_REPRESENTATION_CONTEXT() REPRESENTATION_CONTEXT('2D SPACE',''
  ) );
#7046 = ADVANCED_FACE('',(#7047,#7050),#6999,.F.);
#7047 = FACE_BOUND('',#7048,.F.);
#7048 = EDGE_LOOP('',(#7049));
#7049 = ORIENTED_EDGE('',*,*,#6984,.T.);
#7050 = FACE_BOUND('',#7051,.F.);
#7051 = EDGE_LOOP('',(#7052));
#7052 = ORIENTED_EDGE('',*,*,#7053,.F.);
#7053 = EDGE_CURVE('',#7054,#7054,#7056,.T.);
#7054 = VERTEX_POINT('',#7055);
#7055 = CARTESIAN_POINT('',(6.690365631801,-1.638666971222E-15,10.));
#7056 = SURFACE_CURVE('',#7057,(#7062,#7069),.PCURVE_S1.);
#7057 = CIRCLE('',#7058,6.690365631801);
#7058 = AXIS2_PLACEMENT_3D('',#7059,#7060,#7061);
#7059 = CARTESIAN_POINT('',(0.,0.,10.));
#7060 = DIRECTION('',(0.,0.,1.));
#7061 = DIRECTION('',(1.,0.,-0.));
#7062 = PCURVE('',#6999,#7063);
#7063 = DEFINITIONAL_REPRESENTATION('',(#7064),#7068);
#7064 = CIRCLE('',#7065,6.690365631801);
#7065 = AXIS2_PLACEMENT_2D('',#7066,#7067);
#7066 = CARTESIAN_POINT('',(0.,0.));
#7067 = DIRECTION('',(1.,0.));
#7068 = ( GEOMETRIC_REPRESENTATION_CONTEXT(2) 
PARAMETRIC_REPRESENTATION_CONTEXT() REPRESENTATION_CONTEXT('2D SPACE',''
  ) );
#7069 = PCURVE('',#7035,#7070);
#7070 = DEFINITIONAL_REPRESENTATION('',(#7071),#7075);
#7071 = LINE('',#7072,#7073);
#7072 = CARTESIAN_POINT('',(0.,0.));
#7073 = VECTOR('',#7074,1.);
#7074 = DIRECTION('',(1.,0.));
#7075 = ( GEOMETRIC_REPRESENTATION_CONTEXT(2) 
PARAMETRIC_REPRESENTATION_CONTEXT() REPRESENTATION_CONTEXT('2D SPACE',''
  ) );
#7076 = ADVANCED_FACE('',(#7077),#7035,.F.);
#7077 = FACE_BOUND('',#7078,.F.);
#7078 = EDGE_LOOP('',(#7079,#7080,#7101,#7102));
#7079 = ORIENTED_EDGE('',*,*,#7018,.F.);
#7080 = ORIENTED_EDGE('',*,*,#7081,.F.);
#7081 = EDGE_CURVE('',#7054,#7019,#7082,.T.);
#7082 = SEAM_CURVE('',#7083,(#7087,#7094),.PCURVE_S1.);
#7083 = LINE('',#7084,#7085);
#7084 = CARTESIAN_POINT('',(6.690365631801,-1.638666971222E-15,10.));
#7085 = VECTOR('',#7086,1.);
#7086 = DIRECTION('',(0.,0.,1.));
#7087 = PCURVE('',#7035,#7088);
#7088 = DEFINITIONAL_REPRESENTATION('',(#7089),#7093);
#7089 = LINE('',#7090,#7091);
#7090 = CARTESIAN_POINT('',(6.28318530718,-0.));
#7091 = VECTOR('',#7092,1.);
#7092 = DIRECTION('',(0.,1.));
#7093 = ( GEOMETRIC_REPRESENTATION_CONTEXT(2) 
PARAMETRIC_REPRESENTATION_CONTEXT() REPRESENTATION_CONTEXT('2D SPACE',''
  ) );
#7094 = PCURVE('',#7035,#7095);
#7095 = DEFINITIONAL_REPRESENTATION('',(#7096),#7100);
#7096 = LINE('',#7097,#7098);
#7097 = CARTESIAN_POINT('',(0.,-0.));
#7098 = VECTOR('',#7099,1.);
#7099 = DIRECTION('',(0.,1.));
#7100 = ( GEOMETRIC_REPRESENTATION_CONTEXT(2) 
PARAMETRIC_REPRESENTATION_CONTEXT() REPRESENTATION_CONTEXT('2D SPACE',''
  ) );
#7101 = ORIENTED_EDGE('',*,*,#7053,.T.);
#7102 = ORIENTED_EDGE('',*,*,#7081,.T.);
#7103 = ( GEOMETRIC_REPRESENTATION_CONTEXT(3) 
GLOBAL_UNCERTAINTY_ASSIGNED_CONTEXT((#7107)) 
GLOBAL_UNIT_ASSIGNED_CONTEXT((#7104,#7105,#7106)) REPRESENTATION_CONTEXT
('Context #1','3D Context with UNIT and UNCERTAINTY') );
#7104 = ( LENGTH_UNIT() NAMED_UNIT(*) SI_UNIT(.MILLI.,.METRE.) );
#7105 = ( NAMED_UNIT(*) PLANE_ANGLE_UNIT() SI_UNIT($,.RADIAN.) );
#7106 = ( NAMED_UNIT(*) SI_UNIT($,.STERADIAN.) SOLID_ANGLE_UNIT() );
#7107 = UNCERTAINTY_MEASURE_WITH_UNIT(LENGTH_MEASURE(1.E-07),#7104,
  'distance_accuracy_value','confusion accuracy');
#7108 = CONTEXT_DEPENDENT_SHAPE_REPRESENTATION(#7109,#7111);
#7109 = ( REPRESENTATION_RELATIONSHIP('','',#6920,#10) 
REPRESENTATION_RELATIONSHIP_WITH_TRANSFORMATION(#7110) 
SHAPE_REPRESENTATION_RELATIONSHIP() );
#7110 = ITEM_DEFINED_TRANSFORMATION('','',#11,#127);
#7111 = PRODUCT_DEFINITION_SHAPE('Placement','Placement of an item',
  #7112);
#7112 = NEXT_ASSEMBLY_USAGE_OCCURRENCE('83','front_cone_2','',#5,#6915,$
  );
#7113 = PRODUCT_RELATED_PRODUCT_CATEGORY('part',$,(#6917));
#7114 = SHAPE_DEFINITION_REPRESENTATION(#7115,#7121);
#7115 = PRODUCT_DEFINITION_SHAPE('','',#7116);
#7116 = PRODUCT_DEFINITION('design','',#7117,#7120);
#7117 = PRODUCT_DEFINITION_FORMATION('','',#7118);
#7118 = PRODUCT('front_cone_3','front_cone_3','',(#7119));
#7119 = PRODUCT_CONTEXT('',#2,'mechanical');
#7120 = PRODUCT_DEFINITION_CONTEXT('part definition',#2,'design');
#7121 = ADVANCED_BREP_SHAPE_REPRESENTATION('',(#11,#7122),#7304);
#7122 = MANIFOLD_SOLID_BREP('',#7123);
#7123 = CLOSED_SHELL('',(#7124,#7212,#7247,#7277));
#7124 = ADVANCED_FACE('',(#7125),#7138,.T.);
#7125 = FACE_BOUND('',#7126,.T.);
#7126 = EDGE_LOOP('',(#7127,#7161,#7184,#7211));
#7127 = ORIENTED_EDGE('',*,*,#7128,.F.);
#7128 = EDGE_CURVE('',#7129,#7129,#7131,.T.);
#7129 = VERTEX_POINT('',#7130);
#7130 = CARTESIAN_POINT('',(12.,-2.939152317954E-15,20.));
#7131 = SURFACE_CURVE('',#7132,(#7137,#7149),.PCURVE_S1.);
#7132 = CIRCLE('',#7133,12.);
#7133 = AXIS2_PLACEMENT_3D('',#7134,#7135,#7136);
#7134 = CARTESIAN_POINT('',(0.,0.,20.));
#7135 = DIRECTION('',(0.,0.,1.));
#7136 = DIRECTION('',(1.,0.,-0.));
#7137 = PCURVE('',#7138,#7143);
#7138 = CONICAL_SURFACE('',#7139,9.414219379081,0.406910869422);
#7139 = AXIS2_PLACEMENT_3D('',#7140,#7141,#7142);
#7140 = CARTESIAN_POINT('',(0.,0.,14.));
#7141 = DIRECTION('',(0.,0.,1.));
#7142 = DIRECTION('',(1.,0.,-0.));
#7143 = DEFINITIONAL_REPRESENTATION('',(#7144),#7148);
#7144 = LINE('',#7145,#7146);
#7145 = CARTESIAN_POINT('',(0.,6.));
#7146 = VECTOR('',#7147,1.);
#7147 = DIRECTION('',(1.,0.));
#7148 = ( GEOMETRIC_REPRESENTATION_CONTEXT(2) 
PARAMETRIC_REPRESENTATION_CONTEXT() REPRESENTATION_CONTEXT('2D SPACE',''
  ) );
#7149 = PCURVE('',#7150,#7155);
#7150 = PLANE('',#7151);
#7151 = AXIS2_PLACEMENT_3D('',#7152,#7153,#7154);
#7152 = CARTESIAN_POINT('',(0.,0.,20.));
#7153 = DIRECTION('',(0.,0.,1.));
#7154 = DIRECTION('',(1.,0.,-0.));
#7155 = DEFINITIONAL_REPRESENTATION('',(#7156),#7160);
#7156 = CIRCLE('',#7157,12.);
#7157 = AXIS2_PLACEMENT_2D('',#7158,#7159);
#7158 = CARTESIAN_POINT('',(0.,0.));
#7159 = DIRECTION('',(1.,0.));
#7160 = ( GEOMETRIC_REPRESENTATION_CONTEXT(2) 
PARAMETRIC_REPRESENTATION_CONTEXT() REPRESENTATION_CONTEXT('2D SPACE',''
  ) );
#7161 = ORIENTED_EDGE('',*,*,#7162,.F.);
#7162 = EDGE_CURVE('',#7163,#7129,#7165,.T.);
#7163 = VERTEX_POINT('',#7164);
#7164 = CARTESIAN_POINT('',(9.414219379081,-2.305818725812E-15,14.));
#7165 = SEAM_CURVE('',#7166,(#7170,#7177),.PCURVE_S1.);
#7166 = LINE('',#7167,#7168);
#7167 = CARTESIAN_POINT('',(9.414219379081,-2.305818725812E-15,14.));
#7168 = VECTOR('',#7169,1.);
#7169 = DIRECTION('',(0.395774324605,-9.693675196235E-17,0.918347801208)
  );
#7170 = PCURVE('',#7138,#7171);
#7171 = DEFINITIONAL_REPRESENTATION('',(#7172),#7176);
#7172 = LINE('',#7173,#7174);
#7173 = CARTESIAN_POINT('',(6.28318530718,-0.));
#7174 = VECTOR('',#7175,1.);
#7175 = DIRECTION('',(0.,1.));
#7176 = ( GEOMETRIC_REPRESENTATION_CONTEXT(2) 
PARAMETRIC_REPRESENTATION_CONTEXT() REPRESENTATION_CONTEXT('2D SPACE',''
  ) );
#7177 = PCURVE('',#7138,#7178);
#7178 = DEFINITIONAL_REPRESENTATION('',(#7179),#7183);
#7179 = LINE('',#7180,#7181);
#7180 = CARTESIAN_POINT('',(0.,-0.));
#7181 = VECTOR('',#7182,1.);
#7182 = DIRECTION('',(0.,1.));
#7183 = ( GEOMETRIC_REPRESENTATION_CONTEXT(2) 
PARAMETRIC_REPRESENTATION_CONTEXT() REPRESENTATION_CONTEXT('2D SPACE',''
  ) );
#7184 = ORIENTED_EDGE('',*,*,#7185,.T.);
#7185 = EDGE_CURVE('',#7163,#7163,#7186,.T.);
#7186 = SURFACE_CURVE('',#7187,(#7192,#7199),.PCURVE_S1.);
#7187 = CIRCLE('',#7188,9.414219379081);
#7188 = AXIS2_PLACEMENT_3D('',#7189,#7190,#7191);
#7189 = CARTESIAN_POINT('',(0.,0.,14.));
#7190 = DIRECTION('',(0.,0.,1.));
#7191 = DIRECTION('',(1.,0.,-0.));
#7192 = PCURVE('',#7138,#7193);
#7193 = DEFINITIONAL_REPRESENTATION('',(#7194),#7198);
#7194 = LINE('',#7195,#7196);
#7195 = CARTESIAN_POINT('',(0.,0.));
#7196 = VECTOR('',#7197,1.);
#7197 = DIRECTION('',(1.,0.));
#7198 = ( GEOMETRIC_REPRESENTATION_CONTEXT(2) 
PARAMETRIC_REPRESENTATION_CONTEXT() REPRESENTATION_CONTEXT('2D SPACE',''
  ) );
#7199 = PCURVE('',#7200,#7205);
#7200 = PLANE('',#7201);
#7201 = AXIS2_PLACEMENT_3D('',#7202,#7203,#7204);
#7202 = CARTESIAN_POINT('',(0.,0.,14.));
#7203 = DIRECTION('',(0.,0.,1.));
#7204 = DIRECTION('',(1.,0.,-0.));
#7205 = DEFINITIONAL_REPRESENTATION('',(#7206),#7210);
#7206 = CIRCLE('',#7207,9.414219379081);
#7207 = AXIS2_PLACEMENT_2D('',#7208,#7209);
#7208 = CARTESIAN_POINT('',(0.,0.));
#7209 = DIRECTION('',(1.,0.));
#7210 = ( GEOMETRIC_REPRESENTATION_CONTEXT(2) 
PARAMETRIC_REPRESENTATION_CONTEXT() REPRESENTATION_CONTEXT('2D SPACE',''
  ) );
#7211 = ORIENTED_EDGE('',*,*,#7162,.T.);
#7212 = ADVANCED_FACE('',(#7213,#7216),#7150,.T.);
#7213 = FACE_BOUND('',#7214,.T.);
#7214 = EDGE_LOOP('',(#7215));
#7215 = ORIENTED_EDGE('',*,*,#7128,.T.);
#7216 = FACE_BOUND('',#7217,.T.);
#7217 = EDGE_LOOP('',(#7218));
#7218 = ORIENTED_EDGE('',*,*,#7219,.F.);
#7219 = EDGE_CURVE('',#7220,#7220,#7222,.T.);
#7220 = VERTEX_POINT('',#7221);
#7221 = CARTESIAN_POINT('',(8.414219379081,-2.060889365983E-15,20.));
#7222 = SURFACE_CURVE('',#7223,(#7228,#7235),.PCURVE_S1.);
#7223 = CIRCLE('',#7224,8.414219379081);
#7224 = AXIS2_PLACEMENT_3D('',#7225,#7226,#7227);
#7225 = CARTESIAN_POINT('',(0.,0.,20.));
#7226 = DIRECTION('',(0.,0.,1.));
#7227 = DIRECTION('',(1.,0.,-0.));
#7228 = PCURVE('',#7150,#7229);
#7229 = DEFINITIONAL_REPRESENTATION('',(#7230),#7234);
#7230 = CIRCLE('',#7231,8.414219379081);
#7231 = AXIS2_PLACEMENT_2D('',#7232,#7233);
#7232 = CARTESIAN_POINT('',(0.,0.));
#7233 = DIRECTION('',(1.,0.));
#7234 = ( GEOMETRIC_REPRESENTATION_CONTEXT(2) 
PARAMETRIC_REPRESENTATION_CONTEXT() REPRESENTATION_CONTEXT('2D SPACE',''
  ) );
#7235 = PCURVE('',#7236,#7241);
#7236 = CYLINDRICAL_SURFACE('',#7237,8.414219379081);
#7237 = AXIS2_PLACEMENT_3D('',#7238,#7239,#7240);
#7238 = CARTESIAN_POINT('',(0.,0.,14.));
#7239 = DIRECTION('',(0.,0.,1.));
#7240 = DIRECTION('',(1.,0.,-0.));
#7241 = DEFINITIONAL_REPRESENTATION('',(#7242),#7246);
#7242 = LINE('',#7243,#7244);
#7243 = CARTESIAN_POINT('',(0.,6.));
#7244 = VECTOR('',#7245,1.);
#7245 = DIRECTION('',(1.,0.));
#7246 = ( GEOMETRIC_REPRESENTATION_CONTEXT(2) 
PARAMETRIC_REPRESENTATION_CONTEXT() REPRESENTATION_CONTEXT('2D SPACE',''
  ) );
#7247 = ADVANCED_FACE('',(#7248,#7251),#7200,.F.);
#7248 = FACE_BOUND('',#7249,.F.);
#7249 = EDGE_LOOP('',(#7250));
#7250 = ORIENTED_EDGE('',*,*,#7185,.T.);
#7251 = FACE_BOUND('',#7252,.F.);
#7252 = EDGE_LOOP('',(#7253));
#7253 = ORIENTED_EDGE('',*,*,#7254,.F.);
#7254 = EDGE_CURVE('',#7255,#7255,#7257,.T.);
#7255 = VERTEX_POINT('',#7256);
#7256 = CARTESIAN_POINT('',(8.414219379081,-2.060889365983E-15,14.));
#7257 = SURFACE_CURVE('',#7258,(#7263,#7270),.PCURVE_S1.);
#7258 = CIRCLE('',#7259,8.414219379081);
#7259 = AXIS2_PLACEMENT_3D('',#7260,#7261,#7262);
#7260 = CARTESIAN_POINT('',(0.,0.,14.));
#7261 = DIRECTION('',(0.,0.,1.));
#7262 = DIRECTION('',(1.,0.,-0.));
#7263 = PCURVE('',#7200,#7264);
#7264 = DEFINITIONAL_REPRESENTATION('',(#7265),#7269);
#7265 = CIRCLE('',#7266,8.414219379081);
#7266 = AXIS2_PLACEMENT_2D('',#7267,#7268);
#7267 = CARTESIAN_POINT('',(0.,0.));
#7268 = DIRECTION('',(1.,0.));
#7269 = ( GEOMETRIC_REPRESENTATION_CONTEXT(2) 
PARAMETRIC_REPRESENTATION_CONTEXT() REPRESENTATION_CONTEXT('2D SPACE',''
  ) );
#7270 = PCURVE('',#7236,#7271);
#7271 = DEFINITIONAL_REPRESENTATION('',(#7272),#7276);
#7272 = LINE('',#7273,#7274);
#7273 = CARTESIAN_POINT('',(0.,0.));
#7274 = VECTOR('',#7275,1.);
#7275 = DIRECTION('',(1.,0.));
#7276 = ( GEOMETRIC_REPRESENTATION_CONTEXT(2) 
PARAMETRIC_REPRESENTATION_CONTEXT() REPRESENTATION_CONTEXT('2D SPACE',''
  ) );
#7277 = ADVANCED_FACE('',(#7278),#7236,.F.);
#7278 = FACE_BOUND('',#7279,.F.);
#7279 = EDGE_LOOP('',(#7280,#7281,#7302,#7303));
#7280 = ORIENTED_EDGE('',*,*,#7219,.F.);
#7281 = ORIENTED_EDGE('',*,*,#7282,.F.);
#7282 = EDGE_CURVE('',#7255,#7220,#7283,.T.);
#7283 = SEAM_CURVE('',#7284,(#7288,#7295),.PCURVE_S1.);
#7284 = LINE('',#7285,#7286);
#7285 = CARTESIAN_POINT('',(8.414219379081,-2.060889365983E-15,14.));
#7286 = VECTOR('',#7287,1.);
#7287 = DIRECTION('',(0.,0.,1.));
#7288 = PCURVE('',#7236,#7289);
#7289 = DEFINITIONAL_REPRESENTATION('',(#7290),#7294);
#7290 = LINE('',#7291,#7292);
#7291 = CARTESIAN_POINT('',(6.28318530718,-0.));
#7292 = VECTOR('',#7293,1.);
#7293 = DIRECTION('',(0.,1.));
#7294 = ( GEOMETRIC_REPRESENTATION_CONTEXT(2) 
PARAMETRIC_REPRESENTATION_CONTEXT() REPRESENTATION_CONTEXT('2D SPACE',''
  ) );
#7295 = PCURVE('',#7236,#7296);
#7296 = DEFINITIONAL_REPRESENTATION('',(#7297),#7301);
#7297 = LINE('',#7298,#7299);
#7298 = CARTESIAN_POINT('',(0.,-0.));
#7299 = VECTOR('',#7300,1.);
#7300 = DIRECTION('',(0.,1.));
#7301 = ( GEOMETRIC_REPRESENTATION_CONTEXT(2) 
PARAMETRIC_REPRESENTATION_CONTEXT() REPRESENTATION_CONTEXT('2D SPACE',''
  ) );
#7302 = ORIENTED_EDGE('',*,*,#7254,.T.);
#7303 = ORIENTED_EDGE('',*,*,#7282,.T.);
#7304 = ( GEOMETRIC_REPRESENTATION_CONTEXT(3) 
GLOBAL_UNCERTAINTY_ASSIGNED_CONTEXT((#7308)) 
GLOBAL_UNIT_ASSIGNED_CONTEXT((#7305,#7306,#7307)) REPRESENTATION_CONTEXT
('Context #1','3D Context with UNIT and UNCERTAINTY') );
#7305 = ( LENGTH_UNIT() NAMED_UNIT(*) SI_UNIT(.MILLI.,.METRE.) );
#7306 = ( NAMED_UNIT(*) PLANE_ANGLE_UNIT() SI_UNIT($,.RADIAN.) );
#7307 = ( NAMED_UNIT(*) SI_UNIT($,.STERADIAN.) SOLID_ANGLE_UNIT() );
#7308 = UNCERTAINTY_MEASURE_WITH_UNIT(LENGTH_MEASURE(1.E-07),#7305,
  'distance_accuracy_value','confusion accuracy');
#7309 = CONTEXT_DEPENDENT_SHAPE_REPRESENTATION(#7310,#7312);
#7310 = ( REPRESENTATION_RELATIONSHIP('','',#7121,#10) 
REPRESENTATION_RELATIONSHIP_WITH_TRANSFORMATION(#7311) 
SHAPE_REPRESENTATION_RELATIONSHIP() );
#7311 = ITEM_DEFINED_TRANSFORMATION('','',#11,#131);
#7312 = PRODUCT_DEFINITION_SHAPE('Placement','Placement of an item',
  #7313);
#7313 = NEXT_ASSEMBLY_USAGE_OCCURRENCE('84','front_cone_3','',#5,#7116,$
  );
#7314 = PRODUCT_RELATED_PRODUCT_CATEGORY('part',$,(#7118));
#7315 = SHAPE_DEFINITION_REPRESENTATION(#7316,#7322);
#7316 = PRODUCT_DEFINITION_SHAPE('','',#7317);
#7317 = PRODUCT_DEFINITION('design','',#7318,#7321);
#7318 = PRODUCT_DEFINITION_FORMATION('','',#7319);
#7319 = PRODUCT('front_sleeve','front_sleeve','',(#7320));
#7320 = PRODUCT_CONTEXT('',#2,'mechanical');
#7321 = PRODUCT_DEFINITION_CONTEXT('part definition',#2,'design');
#7322 = ADVANCED_BREP_SHAPE_REPRESENTATION('',(#11,#7323),#7505);
#7323 = MANIFOLD_SOLID_BREP('',#7324);
#7324 = CLOSED_SHELL('',(#7325,#7413,#7448,#7478));
#7325 = ADVANCED_FACE('',(#7326),#7339,.T.);
#7326 = FACE_BOUND('',#7327,.T.);
#7327 = EDGE_LOOP('',(#7328,#7362,#7385,#7412));
#7328 = ORIENTED_EDGE('',*,*,#7329,.F.);
#7329 = EDGE_CURVE('',#7330,#7330,#7332,.T.);
#7330 = VERTEX_POINT('',#7331);
#7331 = CARTESIAN_POINT('',(12.,-2.939152317954E-15,45.));
#7332 = SURFACE_CURVE('',#7333,(#7338,#7350),.PCURVE_S1.);
#7333 = CIRCLE('',#7334,12.);
#7334 = AXIS2_PLACEMENT_3D('',#7335,#7336,#7337);
#7335 = CARTESIAN_POINT('',(0.,0.,45.));
#7336 = DIRECTION('',(0.,0.,1.));
#7337 = DIRECTION('',(1.,0.,-0.));
#7338 = PCURVE('',#7339,#7344);
#7339 = CYLINDRICAL_SURFACE('',#7340,12.);
#7340 = AXIS2_PLACEMENT_3D('',#7341,#7342,#7343);
#7341 = CARTESIAN_POINT('',(0.,0.,20.));
#7342 = DIRECTION('',(0.,0.,1.));
#7343 = DIRECTION('',(1.,0.,-0.));
#7344 = DEFINITIONAL_REPRESENTATION('',(#7345),#7349);
#7345 = LINE('',#7346,#7347);
#7346 = CARTESIAN_POINT('',(0.,25.));
#7347 = VECTOR('',#7348,1.);
#7348 = DIRECTION('',(1.,0.));
#7349 = ( GEOMETRIC_REPRESENTATION_CONTEXT(2) 
PARAMETRIC_REPRESENTATION_CONTEXT() REPRESENTATION_CONTEXT('2D SPACE',''
  ) );
#7350 = PCURVE('',#7351,#7356);
#7351 = PLANE('',#7352);
#7352 = AXIS2_PLACEMENT_3D('',#7353,#7354,#7355);
#7353 = CARTESIAN_POINT('',(0.,0.,45.));
#7354 = DIRECTION('',(0.,0.,1.));
#7355 = DIRECTION('',(1.,0.,-0.));
#7356 = DEFINITIONAL_REPRESENTATION('',(#7357),#7361);
#7357 = CIRCLE('',#7358,12.);
#7358 = AXIS2_PLACEMENT_2D('',#7359,#7360);
#7359 = CARTESIAN_POINT('',(0.,0.));
#7360 = DIRECTION('',(1.,0.));
#7361 = ( GEOMETRIC_REPRESENTATION_CONTEXT(2) 
PARAMETRIC_REPRESENTATION_CONTEXT() REPRESENTATION_CONTEXT('2D SPACE',''
  ) );
#7362 = ORIENTED_EDGE('',*,*,#7363,.F.);
#7363 = EDGE_CURVE('',#7364,#7330,#7366,.T.);
#7364 = VERTEX_POINT('',#7365);
#7365 = CARTESIAN_POINT('',(12.,-2.939152317954E-15,20.));
#7366 = SEAM_CURVE('',#7367,(#7371,#7378),.PCURVE_S1.);
#7367 = LINE('',#7368,#7369);
#7368 = CARTESIAN_POINT('',(12.,-2.939152317954E-15,20.));
#7369 = VECTOR('',#7370,1.);
#7370 = DIRECTION('',(0.,0.,1.));
#7371 = PCURVE('',#7339,#7372);
#7372 = DEFINITIONAL_REPRESENTATION('',(#7373),#7377);
#7373 = LINE('',#7374,#7375);
#7374 = CARTESIAN_POINT('',(6.28318530718,-0.));
#7375 = VECTOR('',#7376,1.);
#7376 = DIRECTION('',(0.,1.));
#7377 = ( GEOMETRIC_REPRESENTATION_CONTEXT(2) 
PARAMETRIC_REPRESENTATION_CONTEXT() REPRESENTATION_CONTEXT('2D SPACE',''
  ) );
#7378 = PCURVE('',#7339,#7379);
#7379 = DEFINITIONAL_REPRESENTATION('',(#7380),#7384);
#7380 = LINE('',#7381,#7382);
#7381 = CARTESIAN_POINT('',(0.,-0.));
#7382 = VECTOR('',#7383,1.);
#7383 = DIRECTION('',(0.,1.));
#7384 = ( GEOMETRIC_REPRESENTATION_CONTEXT(2) 
PARAMETRIC_REPRESENTATION_CONTEXT() REPRESENTATION_CONTEXT('2D SPACE',''
  ) );
#7385 = ORIENTED_EDGE('',*,*,#7386,.T.);
#7386 = EDGE_CURVE('',#7364,#7364,#7387,.T.);
#7387 = SURFACE_CURVE('',#7388,(#7393,#7400),.PCURVE_S1.);
#7388 = CIRCLE('',#7389,12.);
#7389 = AXIS2_PLACEMENT_3D('',#7390,#7391,#7392);
#7390 = CARTESIAN_POINT('',(0.,0.,20.));
#7391 = DIRECTION('',(0.,0.,1.));
#7392 = DIRECTION('',(1.,0.,-0.));
#7393 = PCURVE('',#7339,#7394);
#7394 = DEFINITIONAL_REPRESENTATION('',(#7395),#7399);
#7395 = LINE('',#7396,#7397);
#7396 = CARTESIAN_POINT('',(0.,0.));
#7397 = VECTOR('',#7398,1.);
#7398 = DIRECTION('',(1.,0.));
#7399 = ( GEOMETRIC_REPRESENTATION_CONTEXT(2) 
PARAMETRIC_REPRESENTATION_CONTEXT() REPRESENTATION_CONTEXT('2D SPACE',''
  ) );
#7400 = PCURVE('',#7401,#7406);
#7401 = PLANE('',#7402);
#7402 = AXIS2_PLACEMENT_3D('',#7403,#7404,#7405);
#7403 = CARTESIAN_POINT('',(0.,0.,20.));
#7404 = DIRECTION('',(0.,0.,1.));
#7405 = DIRECTION('',(1.,0.,-0.));
#7406 = DEFINITIONAL_REPRESENTATION('',(#7407),#7411);
#7407 = CIRCLE('',#7408,12.);
#7408 = AXIS2_PLACEMENT_2D('',#7409,#7410);
#7409 = CARTESIAN_POINT('',(0.,0.));
#7410 = DIRECTION('',(1.,0.));
#7411 = ( GEOMETRIC_REPRESENTATION_CONTEXT(2) 
PARAMETRIC_REPRESENTATION_CONTEXT() REPRESENTATION_CONTEXT('2D SPACE',''
  ) );
#7412 = ORIENTED_EDGE('',*,*,#7363,.T.);
#7413 = ADVANCED_FACE('',(#7414,#7417),#7351,.T.);
#7414 = FACE_BOUND('',#7415,.T.);
#7415 = EDGE_LOOP('',(#7416));
#7416 = ORIENTED_EDGE('',*,*,#7329,.T.);
#7417 = FACE_BOUND('',#7418,.T.);
#7418 = EDGE_LOOP('',(#7419));
#7419 = ORIENTED_EDGE('',*,*,#7420,.F.);
#7420 = EDGE_CURVE('',#7421,#7421,#7423,.T.);
#7421 = VERTEX_POINT('',#7422);
#7422 = CARTESIAN_POINT('',(11.,-2.694222958124E-15,45.));
#7423 = SURFACE_CURVE('',#7424,(#7429,#7436),.PCURVE_S1.);
#7424 = CIRCLE('',#7425,11.);
#7425 = AXIS2_PLACEMENT_3D('',#7426,#7427,#7428);
#7426 = CARTESIAN_POINT('',(0.,0.,45.));
#7427 = DIRECTION('',(0.,0.,1.));
#7428 = DIRECTION('',(1.,0.,-0.));
#7429 = PCURVE('',#7351,#7430);
#7430 = DEFINITIONAL_REPRESENTATION('',(#7431),#7435);
#7431 = CIRCLE('',#7432,11.);
#7432 = AXIS2_PLACEMENT_2D('',#7433,#7434);
#7433 = CARTESIAN_POINT('',(0.,0.));
#7434 = DIRECTION('',(1.,0.));
#7435 = ( GEOMETRIC_REPRESENTATION_CONTEXT(2) 
PARAMETRIC_REPRESENTATION_CONTEXT() REPRESENTATION_CONTEXT('2D SPACE',''
  ) );
#7436 = PCURVE('',#7437,#7442);
#7437 = CYLINDRICAL_SURFACE('',#7438,11.);
#7438 = AXIS2_PLACEMENT_3D('',#7439,#7440,#7441);
#7439 = CARTESIAN_POINT('',(0.,0.,20.));
#7440 = DIRECTION('',(0.,0.,1.));
#7441 = DIRECTION('',(1.,0.,-0.));
#7442 = DEFINITIONAL_REPRESENTATION('',(#7443),#7447);
#7443 = LINE('',#7444,#7445);
#7444 = CARTESIAN_POINT('',(0.,25.));
#7445 = VECTOR('',#7446,1.);
#7446 = DIRECTION('',(1.,0.));
#7447 = ( GEOMETRIC_REPRESENTATION_CONTEXT(2) 
PARAMETRIC_REPRESENTATION_CONTEXT() REPRESENTATION_CONTEXT('2D SPACE',''
  ) );
#7448 = ADVANCED_FACE('',(#7449,#7452),#7401,.F.);
#7449 = FACE_BOUND('',#7450,.F.);
#7450 = EDGE_LOOP('',(#7451));
#7451 = ORIENTED_EDGE('',*,*,#7386,.T.);
#7452 = FACE_BOUND('',#7453,.F.);
#7453 = EDGE_LOOP('',(#7454));
#7454 = ORIENTED_EDGE('',*,*,#7455,.F.);
#7455 = EDGE_CURVE('',#7456,#7456,#7458,.T.);
#7456 = VERTEX_POINT('',#7457);
#7457 = CARTESIAN_POINT('',(11.,-2.694222958124E-15,20.));
#7458 = SURFACE_CURVE('',#7459,(#7464,#7471),.PCURVE_S1.);
#7459 = CIRCLE('',#7460,11.);
#7460 = AXIS2_PLACEMENT_3D('',#7461,#7462,#7463);
#7461 = CARTESIAN_POINT('',(0.,0.,20.));
#7462 = DIRECTION('',(0.,0.,1.));
#7463 = DIRECTION('',(1.,0.,-0.));
#7464 = PCURVE('',#7401,#7465);
#7465 = DEFINITIONAL_REPRESENTATION('',(#7466),#7470);
#7466 = CIRCLE('',#7467,11.);
#7467 = AXIS2_PLACEMENT_2D('',#7468,#7469);
#7468 = CARTESIAN_POINT('',(0.,0.));
#7469 = DIRECTION('',(1.,0.));
#7470 = ( GEOMETRIC_REPRESENTATION_CONTEXT(2) 
PARAMETRIC_REPRESENTATION_CONTEXT() REPRESENTATION_CONTEXT('2D SPACE',''
  ) );
#7471 = PCURVE('',#7437,#7472);
#7472 = DEFINITIONAL_REPRESENTATION('',(#7473),#7477);
#7473 = LINE('',#7474,#7475);
#7474 = CARTESIAN_POINT('',(0.,0.));
#7475 = VECTOR('',#7476,1.);
#7476 = DIRECTION('',(1.,0.));
#7477 = ( GEOMETRIC_REPRESENTATION_CONTEXT(2) 
PARAMETRIC_REPRESENTATION_CONTEXT() REPRESENTATION_CONTEXT('2D SPACE',''
  ) );
#7478 = ADVANCED_FACE('',(#7479),#7437,.F.);
#7479 = FACE_BOUND('',#7480,.F.);
#7480 = EDGE_LOOP('',(#7481,#7482,#7503,#7504));
#7481 = ORIENTED_EDGE('',*,*,#7420,.F.);
#7482 = ORIENTED_EDGE('',*,*,#7483,.F.);
#7483 = EDGE_CURVE('',#7456,#7421,#7484,.T.);
#7484 = SEAM_CURVE('',#7485,(#7489,#7496),.PCURVE_S1.);
#7485 = LINE('',#7486,#7487);
#7486 = CARTESIAN_POINT('',(11.,-2.694222958124E-15,20.));
#7487 = VECTOR('',#7488,1.);
#7488 = DIRECTION('',(0.,0.,1.));
#7489 = PCURVE('',#7437,#7490);
#7490 = DEFINITIONAL_REPRESENTATION('',(#7491),#7495);
#7491 = LINE('',#7492,#7493);
#7492 = CARTESIAN_POINT('',(6.28318530718,-0.));
#7493 = VECTOR('',#7494,1.);
#7494 = DIRECTION('',(0.,1.));
#7495 = ( GEOMETRIC_REPRESENTATION_CONTEXT(2) 
PARAMETRIC_REPRESENTATION_CONTEXT() REPRESENTATION_CONTEXT('2D SPACE',''
  ) );
#7496 = PCURVE('',#7437,#7497);
#7497 = DEFINITIONAL_REPRESENTATION('',(#7498),#7502);
#7498 = LINE('',#7499,#7500);
#7499 = CARTESIAN_POINT('',(0.,-0.));
#7500 = VECTOR('',#7501,1.);
#7501 = DIRECTION('',(0.,1.));
#7502 = ( GEOMETRIC_REPRESENTATION_CONTEXT(2) 
PARAMETRIC_REPRESENTATION_CONTEXT() REPRESENTATION_CONTEXT('2D SPACE',''
  ) );
#7503 = ORIENTED_EDGE('',*,*,#7455,.T.);
#7504 = ORIENTED_EDGE('',*,*,#7483,.T.);
#7505 = ( GEOMETRIC_REPRESENTATION_CONTEXT(3) 
GLOBAL_UNCERTAINTY_ASSIGNED_CONTEXT((#7509)) 
GLOBAL_UNIT_ASSIGNED_CONTEXT((#7506,#7507,#7508)) REPRESENTATION_CONTEXT
('Context #1','3D Context with UNIT and UNCERTAINTY') );
#7506 = ( LENGTH_UNIT() NAMED_UNIT(*) SI_UNIT(.MILLI.,.METRE.) );
#7507 = ( NAMED_UNIT(*) PLANE_ANGLE_UNIT() SI_UNIT($,.RADIAN.) );
#7508 = ( NAMED_UNIT(*) SI_UNIT($,.STERADIAN.) SOLID_ANGLE_UNIT() );
#7509 = UNCERTAINTY_MEASURE_WITH_UNIT(LENGTH_MEASURE(1.E-07),#7506,
  'distance_accuracy_value','confusion accuracy');
#7510 = CONTEXT_DEPENDENT_SHAPE_REPRESENTATION(#7511,#7513);
#7511 = ( REPRESENTATION_RELATIONSHIP('','',#7322,#10) 
REPRESENTATION_RELATIONSHIP_WITH_TRANSFORMATION(#7512) 
SHAPE_REPRESENTATION_RELATIONSHIP() );
#7512 = ITEM_DEFINED_TRANSFORMATION('','',#11,#135);
#7513 = PRODUCT_DEFINITION_SHAPE('Placement','Placement of an item',
  #7514);
#7514 = NEXT_ASSEMBLY_USAGE_OCCURRENCE('85','front_sleeve','',#5,#7317,$
  );
#7515 = PRODUCT_RELATED_PRODUCT_CATEGORY('part',$,(#7319));
#7516 = SHAPE_DEFINITION_REPRESENTATION(#7517,#7523);
#7517 = PRODUCT_DEFINITION_SHAPE('','',#7518);
#7518 = PRODUCT_DEFINITION('design','',#7519,#7522);
#7519 = PRODUCT_DEFINITION_FORMATION('','',#7520);
#7520 = PRODUCT('page_optics','page_optics','',(#7521));
#7521 = PRODUCT_CONTEXT('',#2,'mechanical');
#7522 = PRODUCT_DEFINITION_CONTEXT('part definition',#2,'design');
#7523 = ADVANCED_BREP_SHAPE_REPRESENTATION('',(#11,#7524),#7854);
#7524 = MANIFOLD_SOLID_BREP('',#7525);
#7525 = CLOSED_SHELL('',(#7526,#7646,#7746,#7793,#7840,#7847));
#7526 = ADVANCED_FACE('',(#7527),#7541,.F.);
#7527 = FACE_BOUND('',#7528,.F.);
#7528 = EDGE_LOOP('',(#7529,#7564,#7592,#7620));
#7529 = ORIENTED_EDGE('',*,*,#7530,.F.);
#7530 = EDGE_CURVE('',#7531,#7533,#7535,.T.);
#7531 = VERTEX_POINT('',#7532);
#7532 = CARTESIAN_POINT('',(-4.72,-0.9,6.127705235797));
#7533 = VERTEX_POINT('',#7534);
#7534 = CARTESIAN_POINT('',(-4.72,-0.9,8.127705235797));
#7535 = SURFACE_CURVE('',#7536,(#7540,#7552),.PCURVE_S1.);
#7536 = LINE('',#7537,#7538);
#7537 = CARTESIAN_POINT('',(-4.72,-0.9,6.127705235797));
#7538 = VECTOR('',#7539,1.);
#7539 = DIRECTION('',(0.,0.,1.));
#7540 = PCURVE('',#7541,#7546);
#7541 = PLANE('',#7542);
#7542 = AXIS2_PLACEMENT_3D('',#7543,#7544,#7545);
#7543 = CARTESIAN_POINT('',(-4.72,-0.9,6.127705235797));
#7544 = DIRECTION('',(1.,0.,0.));
#7545 = DIRECTION('',(0.,0.,1.));
#7546 = DEFINITIONAL_REPRESENTATION('',(#7547),#7551);
#7547 = LINE('',#7548,#7549);
#7548 = CARTESIAN_POINT('',(0.,0.));
#7549 = VECTOR('',#7550,1.);
#7550 = DIRECTION('',(1.,0.));
#7551 = ( GEOMETRIC_REPRESENTATION_CONTEXT(2) 
PARAMETRIC_REPRESENTATION_CONTEXT() REPRESENTATION_CONTEXT('2D SPACE',''
  ) );
#7552 = PCURVE('',#7553,#7558);
#7553 = PLANE('',#7554);
#7554 = AXIS2_PLACEMENT_3D('',#7555,#7556,#7557);
#7555 = CARTESIAN_POINT('',(-4.72,-0.9,6.127705235797));
#7556 = DIRECTION('',(0.,1.,0.));
#7557 = DIRECTION('',(0.,0.,1.));
#7558 = DEFINITIONAL_REPRESENTATION('',(#7559),#7563);
#7559 = LINE('',#7560,#7561);
#7560 = CARTESIAN_POINT('',(0.,0.));
#7561 = VECTOR('',#7562,1.);
#7562 = DIRECTION('',(1.,0.));
#7563 = ( GEOMETRIC_REPRESENTATION_CONTEXT(2) 
PARAMETRIC_REPRESENTATION_CONTEXT() REPRESENTATION_CONTEXT('2D SPACE',''
  ) );
#7564 = ORIENTED_EDGE('',*,*,#7565,.T.);
#7565 = EDGE_CURVE('',#7531,#7566,#7568,.T.);
#7566 = VERTEX_POINT('',#7567);
#7567 = CARTESIAN_POINT('',(-4.72,0.9,6.127705235797));
#7568 = SURFACE_CURVE('',#7569,(#7573,#7580),.PCURVE_S1.);
#7569 = LINE('',#7570,#7571);
#7570 = CARTESIAN_POINT('',(-4.72,-0.9,6.127705235797));
#7571 = VECTOR('',#7572,1.);
#7572 = DIRECTION('',(0.,1.,0.));
#7573 = PCURVE('',#7541,#7574);
#7574 = DEFINITIONAL_REPRESENTATION('',(#7575),#7579);
#7575 = LINE('',#7576,#7577);
#7576 = CARTESIAN_POINT('',(0.,0.));
#7577 = VECTOR('',#7578,1.);
#7578 = DIRECTION('',(0.,-1.));
#7579 = ( GEOMETRIC_REPRESENTATION_CONTEXT(2) 
PARAMETRIC_REPRESENTATION_CONTEXT() REPRESENTATION_CONTEXT('2D SPACE',''
  ) );
#7580 = PCURVE('',#7581,#7586);
#7581 = PLANE('',#7582);
#7582 = AXIS2_PLACEMENT_3D('',#7583,#7584,#7585);
#7583 = CARTESIAN_POINT('',(-4.72,-0.9,6.127705235797));
#7584 = DIRECTION('',(0.,0.,1.));
#7585 = DIRECTION('',(1.,0.,0.));
#7586 = DEFINITIONAL_REPRESENTATION('',(#7587),#7591);
#7587 = LINE('',#7588,#7589);
#7588 = CARTESIAN_POINT('',(0.,0.));
#7589 = VECTOR('',#7590,1.);
#7590 = DIRECTION('',(0.,1.));
#7591 = ( GEOMETRIC_REPRESENTATION_CONTEXT(2) 
PARAMETRIC_REPRESENTATION_CONTEXT() REPRESENTATION_CONTEXT('2D SPACE',''
  ) );
#7592 = ORIENTED_EDGE('',*,*,#7593,.T.);
#7593 = EDGE_CURVE('',#7566,#7594,#7596,.T.);
#7594 = VERTEX_POINT('',#7595);
#7595 = CARTESIAN_POINT('',(-4.72,0.9,8.127705235797));
#7596 = SURFACE_CURVE('',#7597,(#7601,#7608),.PCURVE_S1.);
#7597 = LINE('',#7598,#7599);
#7598 = CARTESIAN_POINT('',(-4.72,0.9,6.127705235797));
#7599 = VECTOR('',#7600,1.);
#7600 = DIRECTION('',(0.,0.,1.));
#7601 = PCURVE('',#7541,#7602);
#7602 = DEFINITIONAL_REPRESENTATION('',(#7603),#7607);
#7603 = LINE('',#7604,#7605);
#7604 = CARTESIAN_POINT('',(0.,-1.8));
#7605 = VECTOR('',#7606,1.);
#7606 = DIRECTION('',(1.,0.));
#7607 = ( GEOMETRIC_REPRESENTATION_CONTEXT(2) 
PARAMETRIC_REPRESENTATION_CONTEXT() REPRESENTATION_CONTEXT('2D SPACE',''
  ) );
#7608 = PCURVE('',#7609,#7614);
#7609 = PLANE('',#7610);
#7610 = AXIS2_PLACEMENT_3D('',#7611,#7612,#7613);
#7611 = CARTESIAN_POINT('',(-4.72,0.9,6.127705235797));
#7612 = DIRECTION('',(0.,1.,0.));
#7613 = DIRECTION('',(0.,0.,1.));
#7614 = DEFINITIONAL_REPRESENTATION('',(#7615),#7619);
#7615 = LINE('',#7616,#7617);
#7616 = CARTESIAN_POINT('',(0.,0.));
#7617 = VECTOR('',#7618,1.);
#7618 = DIRECTION('',(1.,0.));
#7619 = ( GEOMETRIC_REPRESENTATION_CONTEXT(2) 
PARAMETRIC_REPRESENTATION_CONTEXT() REPRESENTATION_CONTEXT('2D SPACE',''
  ) );
#7620 = ORIENTED_EDGE('',*,*,#7621,.F.);
#7621 = EDGE_CURVE('',#7533,#7594,#7622,.T.);
#7622 = SURFACE_CURVE('',#7623,(#7627,#7634),.PCURVE_S1.);
#7623 = LINE('',#7624,#7625);
#7624 = CARTESIAN_POINT('',(-4.72,-0.9,8.127705235797));
#7625 = VECTOR('',#7626,1.);
#7626 = DIRECTION('',(0.,1.,0.));
#7627 = PCURVE('',#7541,#7628);
#7628 = DEFINITIONAL_REPRESENTATION('',(#7629),#7633);
#7629 = LINE('',#7630,#7631);
#7630 = CARTESIAN_POINT('',(2.,0.));
#7631 = VECTOR('',#7632,1.);
#7632 = DIRECTION('',(0.,-1.));
#7633 = ( GEOMETRIC_REPRESENTATION_CONTEXT(2) 
PARAMETRIC_REPRESENTATION_CONTEXT() REPRESENTATION_CONTEXT('2D SPACE',''
  ) );
#7634 = PCURVE('',#7635,#7640);
#7635 = PLANE('',#7636);
#7636 = AXIS2_PLACEMENT_3D('',#7637,#7638,#7639);
#7637 = CARTESIAN_POINT('',(-4.72,-0.9,8.127705235797));
#7638 = DIRECTION('',(0.,0.,1.));
#7639 = DIRECTION('',(1.,0.,0.));
#7640 = DEFINITIONAL_REPRESENTATION('',(#7641),#7645);
#7641 = LINE('',#7642,#7643);
#7642 = CARTESIAN_POINT('',(0.,0.));
#7643 = VECTOR('',#7644,1.);
#7644 = DIRECTION('',(0.,1.));
#7645 = ( GEOMETRIC_REPRESENTATION_CONTEXT(2) 
PARAMETRIC_REPRESENTATION_CONTEXT() REPRESENTATION_CONTEXT('2D SPACE',''
  ) );
#7646 = ADVANCED_FACE('',(#7647),#7661,.T.);
#7647 = FACE_BOUND('',#7648,.T.);
#7648 = EDGE_LOOP('',(#7649,#7679,#7702,#7725));
#7649 = ORIENTED_EDGE('',*,*,#7650,.F.);
#7650 = EDGE_CURVE('',#7651,#7653,#7655,.T.);
#7651 = VERTEX_POINT('',#7652);
#7652 = CARTESIAN_POINT('',(-2.72,-0.9,6.127705235797));
#7653 = VERTEX_POINT('',#7654);
#7654 = CARTESIAN_POINT('',(-2.72,-0.9,8.127705235797));
#7655 = SURFACE_CURVE('',#7656,(#7660,#7672),.PCURVE_S1.);
#7656 = LINE('',#7657,#7658);
#7657 = CARTESIAN_POINT('',(-2.72,-0.9,6.127705235797));
#7658 = VECTOR('',#7659,1.);
#7659 = DIRECTION('',(0.,0.,1.));
#7660 = PCURVE('',#7661,#7666);
#7661 = PLANE('',#7662);
#7662 = AXIS2_PLACEMENT_3D('',#7663,#7664,#7665);
#7663 = CARTESIAN_POINT('',(-2.72,-0.9,6.127705235797));
#7664 = DIRECTION('',(1.,0.,0.));
#7665 = DIRECTION('',(0.,0.,1.));
#7666 = DEFINITIONAL_REPRESENTATION('',(#7667),#7671);
#7667 = LINE('',#7668,#7669);
#7668 = CARTESIAN_POINT('',(0.,0.));
#7669 = VECTOR('',#7670,1.);
#7670 = DIRECTION('',(1.,0.));
#7671 = ( GEOMETRIC_REPRESENTATION_CONTEXT(2) 
PARAMETRIC_REPRESENTATION_CONTEXT() REPRESENTATION_CONTEXT('2D SPACE',''
  ) );
#7672 = PCURVE('',#7553,#7673);
#7673 = DEFINITIONAL_REPRESENTATION('',(#7674),#7678);
#7674 = LINE('',#7675,#7676);
#7675 = CARTESIAN_POINT('',(0.,2.));
#7676 = VECTOR('',#7677,1.);
#7677 = DIRECTION('',(1.,0.));
#7678 = ( GEOMETRIC_REPRESENTATION_CONTEXT(2) 
PARAMETRIC_REPRESENTATION_CONTEXT() REPRESENTATION_CONTEXT('2D SPACE',''
  ) );
#7679 = ORIENTED_EDGE('',*,*,#7680,.T.);
#7680 = EDGE_CURVE('',#7651,#7681,#7683,.T.);
#7681 = VERTEX_POINT('',#7682);
#7682 = CARTESIAN_POINT('',(-2.72,0.9,6.127705235797));
#7683 = SURFACE_CURVE('',#7684,(#7688,#7695),.PCURVE_S1.);
#7684 = LINE('',#7685,#7686);
#7685 = CARTESIAN_POINT('',(-2.72,-0.9,6.127705235797));
#7686 = VECTOR('',#7687,1.);
#7687 = DIRECTION('',(0.,1.,0.));
#7688 = PCURVE('',#7661,#7689);
#7689 = DEFINITIONAL_REPRESENTATION('',(#7690),#7694);
#7690 = LINE('',#7691,#7692);
#7691 = CARTESIAN_POINT('',(0.,0.));
#7692 = VECTOR('',#7693,1.);
#7693 = DIRECTION('',(0.,-1.));
#7694 = ( GEOMETRIC_REPRESENTATION_CONTEXT(2) 
PARAMETRIC_REPRESENTATION_CONTEXT() REPRESENTATION_CONTEXT('2D SPACE',''
  ) );
#7695 = PCURVE('',#7581,#7696);
#7696 = DEFINITIONAL_REPRESENTATION('',(#7697),#7701);
#7697 = LINE('',#7698,#7699);
#7698 = CARTESIAN_POINT('',(2.,0.));
#7699 = VECTOR('',#7700,1.);
#7700 = DIRECTION('',(0.,1.));
#7701 = ( GEOMETRIC_REPRESENTATION_CONTEXT(2) 
PARAMETRIC_REPRESENTATION_CONTEXT() REPRESENTATION_CONTEXT('2D SPACE',''
  ) );
#7702 = ORIENTED_EDGE('',*,*,#7703,.T.);
#7703 = EDGE_CURVE('',#7681,#7704,#7706,.T.);
#7704 = VERTEX_POINT('',#7705);
#7705 = CARTESIAN_POINT('',(-2.72,0.9,8.127705235797));
#7706 = SURFACE_CURVE('',#7707,(#7711,#7718),.PCURVE_S1.);
#7707 = LINE('',#7708,#7709);
#7708 = CARTESIAN_POINT('',(-2.72,0.9,6.127705235797));
#7709 = VECTOR('',#7710,1.);
#7710 = DIRECTION('',(0.,0.,1.));
#7711 = PCURVE('',#7661,#7712);
#7712 = DEFINITIONAL_REPRESENTATION('',(#7713),#7717);
#7713 = LINE('',#7714,#7715);
#7714 = CARTESIAN_POINT('',(0.,-1.8));
#7715 = VECTOR('',#7716,1.);
#7716 = DIRECTION('',(1.,0.));
#7717 = ( GEOMETRIC_REPRESENTATION_CONTEXT(2) 
PARAMETRIC_REPRESENTATION_CONTEXT() REPRESENTATION_CONTEXT('2D SPACE',''
  ) );
#7718 = PCURVE('',#7609,#7719);
#7719 = DEFINITIONAL_REPRESENTATION('',(#7720),#7724);
#7720 = LINE('',#7721,#7722);
#7721 = CARTESIAN_POINT('',(0.,2.));
#7722 = VECTOR('',#7723,1.);
#7723 = DIRECTION('',(1.,0.));
#7724 = ( GEOMETRIC_REPRESENTATION_CONTEXT(2) 
PARAMETRIC_REPRESENTATION_CONTEXT() REPRESENTATION_CONTEXT('2D SPACE',''
  ) );
#7725 = ORIENTED_EDGE('',*,*,#7726,.F.);
#7726 = EDGE_CURVE('',#7653,#7704,#7727,.T.);
#7727 = SURFACE_CURVE('',#7728,(#7732,#7739),.PCURVE_S1.);
#7728 = LINE('',#7729,#7730);
#7729 = CARTESIAN_POINT('',(-2.72,-0.9,8.127705235797));
#7730 = VECTOR('',#7731,1.);
#7731 = DIRECTION('',(0.,1.,0.));
#7732 = PCURVE('',#7661,#7733);
#7733 = DEFINITIONAL_REPRESENTATION('',(#7734),#7738);
#7734 = LINE('',#7735,#7736);
#7735 = CARTESIAN_POINT('',(2.,0.));
#7736 = VECTOR('',#7737,1.);
#7737 = DIRECTION('',(0.,-1.));
#7738 = ( GEOMETRIC_REPRESENTATION_CONTEXT(2) 
PARAMETRIC_REPRESENTATION_CONTEXT() REPRESENTATION_CONTEXT('2D SPACE',''
  ) );
#7739 = PCURVE('',#7635,#7740);
#7740 = DEFINITIONAL_REPRESENTATION('',(#7741),#7745);
#7741 = LINE('',#7742,#7743);
#7742 = CARTESIAN_POINT('',(2.,0.));
#7743 = VECTOR('',#7744,1.);
#7744 = DIRECTION('',(0.,1.));
#7745 = ( GEOMETRIC_REPRESENTATION_CONTEXT(2) 
PARAMETRIC_REPRESENTATION_CONTEXT() REPRESENTATION_CONTEXT('2D SPACE',''
  ) );
#7746 = ADVANCED_FACE('',(#7747),#7553,.F.);
#7747 = FACE_BOUND('',#7748,.F.);
#7748 = EDGE_LOOP('',(#7749,#7770,#7771,#7792));
#7749 = ORIENTED_EDGE('',*,*,#7750,.F.);
#7750 = EDGE_CURVE('',#7531,#7651,#7751,.T.);
#7751 = SURFACE_CURVE('',#7752,(#7756,#7763),.PCURVE_S1.);
#7752 = LINE('',#7753,#7754);
#7753 = CARTESIAN_POINT('',(-4.72,-0.9,6.127705235797));
#7754 = VECTOR('',#7755,1.);
#7755 = DIRECTION('',(1.,0.,0.));
#7756 = PCURVE('',#7553,#7757);
#7757 = DEFINITIONAL_REPRESENTATION('',(#7758),#7762);
#7758 = LINE('',#7759,#7760);
#7759 = CARTESIAN_POINT('',(0.,0.));
#7760 = VECTOR('',#7761,1.);
#7761 = DIRECTION('',(0.,1.));
#7762 = ( GEOMETRIC_REPRESENTATION_CONTEXT(2) 
PARAMETRIC_REPRESENTATION_CONTEXT() REPRESENTATION_CONTEXT('2D SPACE',''
  ) );
#7763 = PCURVE('',#7581,#7764);
#7764 = DEFINITIONAL_REPRESENTATION('',(#7765),#7769);
#7765 = LINE('',#7766,#7767);
#7766 = CARTESIAN_POINT('',(0.,0.));
#7767 = VECTOR('',#7768,1.);
#7768 = DIRECTION('',(1.,0.));
#7769 = ( GEOMETRIC_REPRESENTATION_CONTEXT(2) 
PARAMETRIC_REPRESENTATION_CONTEXT() REPRESENTATION_CONTEXT('2D SPACE',''
  ) );
#7770 = ORIENTED_EDGE('',*,*,#7530,.T.);
#7771 = ORIENTED_EDGE('',*,*,#7772,.T.);
#7772 = EDGE_CURVE('',#7533,#7653,#7773,.T.);
#7773 = SURFACE_CURVE('',#7774,(#7778,#7785),.PCURVE_S1.);
#7774 = LINE('',#7775,#7776);
#7775 = CARTESIAN_POINT('',(-4.72,-0.9,8.127705235797));
#7776 = VECTOR('',#7777,1.);
#7777 = DIRECTION('',(1.,0.,0.));
#7778 = PCURVE('',#7553,#7779);
#7779 = DEFINITIONAL_REPRESENTATION('',(#7780),#7784);
#7780 = LINE('',#7781,#7782);
#7781 = CARTESIAN_POINT('',(2.,0.));
#7782 = VECTOR('',#7783,1.);
#7783 = DIRECTION('',(0.,1.));
#7784 = ( GEOMETRIC_REPRESENTATION_CONTEXT(2) 
PARAMETRIC_REPRESENTATION_CONTEXT() REPRESENTATION_CONTEXT('2D SPACE',''
  ) );
#7785 = PCURVE('',#7635,#7786);
#7786 = DEFINITIONAL_REPRESENTATION('',(#7787),#7791);
#7787 = LINE('',#7788,#7789);
#7788 = CARTESIAN_POINT('',(0.,0.));
#7789 = VECTOR('',#7790,1.);
#7790 = DIRECTION('',(1.,0.));
#7791 = ( GEOMETRIC_REPRESENTATION_CONTEXT(2) 
PARAMETRIC_REPRESENTATION_CONTEXT() REPRESENTATION_CONTEXT('2D SPACE',''
  ) );
#7792 = ORIENTED_EDGE('',*,*,#7650,.F.);
#7793 = ADVANCED_FACE('',(#7794),#7609,.T.);
#7794 = FACE_BOUND('',#7795,.T.);
#7795 = EDGE_LOOP('',(#7796,#7817,#7818,#7839));
#7796 = ORIENTED_EDGE('',*,*,#7797,.F.);
#7797 = EDGE_CURVE('',#7566,#7681,#7798,.T.);
#7798 = SURFACE_CURVE('',#7799,(#7803,#7810),.PCURVE_S1.);
#7799 = LINE('',#7800,#7801);
#7800 = CARTESIAN_POINT('',(-4.72,0.9,6.127705235797));
#7801 = VECTOR('',#7802,1.);
#7802 = DIRECTION('',(1.,0.,0.));
#7803 = PCURVE('',#7609,#7804);
#7804 = DEFINITIONAL_REPRESENTATION('',(#7805),#7809);
#7805 = LINE('',#7806,#7807);
#7806 = CARTESIAN_POINT('',(0.,0.));
#7807 = VECTOR('',#7808,1.);
#7808 = DIRECTION('',(0.,1.));
#7809 = ( GEOMETRIC_REPRESENTATION_CONTEXT(2) 
PARAMETRIC_REPRESENTATION_CONTEXT() REPRESENTATION_CONTEXT('2D SPACE',''
  ) );
#7810 = PCURVE('',#7581,#7811);
#7811 = DEFINITIONAL_REPRESENTATION('',(#7812),#7816);
#7812 = LINE('',#7813,#7814);
#7813 = CARTESIAN_POINT('',(0.,1.8));
#7814 = VECTOR('',#7815,1.);
#7815 = DIRECTION('',(1.,0.));
#7816 = ( GEOMETRIC_REPRESENTATION_CONTEXT(2) 
PARAMETRIC_REPRESENTATION_CONTEXT() REPRESENTATION_CONTEXT('2D SPACE',''
  ) );
#7817 = ORIENTED_EDGE('',*,*,#7593,.T.);
#7818 = ORIENTED_EDGE('',*,*,#7819,.T.);
#7819 = EDGE_CURVE('',#7594,#7704,#7820,.T.);
#7820 = SURFACE_CURVE('',#7821,(#7825,#7832),.PCURVE_S1.);
#7821 = LINE('',#7822,#7823);
#7822 = CARTESIAN_POINT('',(-4.72,0.9,8.127705235797));
#7823 = VECTOR('',#7824,1.);
#7824 = DIRECTION('',(1.,0.,0.));
#7825 = PCURVE('',#7609,#7826);
#7826 = DEFINITIONAL_REPRESENTATION('',(#7827),#7831);
#7827 = LINE('',#7828,#7829);
#7828 = CARTESIAN_POINT('',(2.,0.));
#7829 = VECTOR('',#7830,1.);
#7830 = DIRECTION('',(0.,1.));
#7831 = ( GEOMETRIC_REPRESENTATION_CONTEXT(2) 
PARAMETRIC_REPRESENTATION_CONTEXT() REPRESENTATION_CONTEXT('2D SPACE',''
  ) );
#7832 = PCURVE('',#7635,#7833);
#7833 = DEFINITIONAL_REPRESENTATION('',(#7834),#7838);
#7834 = LINE('',#7835,#7836);
#7835 = CARTESIAN_POINT('',(0.,1.8));
#7836 = VECTOR('',#7837,1.);
#7837 = DIRECTION('',(1.,0.));
#7838 = ( GEOMETRIC_REPRESENTATION_CONTEXT(2) 
PARAMETRIC_REPRESENTATION_CONTEXT() REPRESENTATION_CONTEXT('2D SPACE',''
  ) );
#7839 = ORIENTED_EDGE('',*,*,#7703,.F.);
#7840 = ADVANCED_FACE('',(#7841),#7581,.F.);
#7841 = FACE_BOUND('',#7842,.F.);
#7842 = EDGE_LOOP('',(#7843,#7844,#7845,#7846));
#7843 = ORIENTED_EDGE('',*,*,#7565,.F.);
#7844 = ORIENTED_EDGE('',*,*,#7750,.T.);
#7845 = ORIENTED_EDGE('',*,*,#7680,.T.);
#7846 = ORIENTED_EDGE('',*,*,#7797,.F.);
#7847 = ADVANCED_FACE('',(#7848),#7635,.T.);
#7848 = FACE_BOUND('',#7849,.T.);
#7849 = EDGE_LOOP('',(#7850,#7851,#7852,#7853));
#7850 = ORIENTED_EDGE('',*,*,#7621,.F.);
#7851 = ORIENTED_EDGE('',*,*,#7772,.T.);
#7852 = ORIENTED_EDGE('',*,*,#7726,.T.);
#7853 = ORIENTED_EDGE('',*,*,#7819,.F.);
#7854 = ( GEOMETRIC_REPRESENTATION_CONTEXT(3) 
GLOBAL_UNCERTAINTY_ASSIGNED_CONTEXT((#7858)) 
GLOBAL_UNIT_ASSIGNED_CONTEXT((#7855,#7856,#7857)) REPRESENTATION_CONTEXT
('Context #1','3D Context with UNIT and UNCERTAINTY') );
#7855 = ( LENGTH_UNIT() NAMED_UNIT(*) SI_UNIT(.MILLI.,.METRE.) );
#7856 = ( NAMED_UNIT(*) PLANE_ANGLE_UNIT() SI_UNIT($,.RADIAN.) );
#7857 = ( NAMED_UNIT(*) SI_UNIT($,.STERADIAN.) SOLID_ANGLE_UNIT() );
#7858 = UNCERTAINTY_MEASURE_WITH_UNIT(LENGTH_MEASURE(1.E-07),#7855,
  'distance_accuracy_value','confusion accuracy');
#7859 = CONTEXT_DEPENDENT_SHAPE_REPRESENTATION(#7860,#7862);
#7860 = ( REPRESENTATION_RELATIONSHIP('','',#7523,#10) 
REPRESENTATION_RELATIONSHIP_WITH_TRANSFORMATION(#7861) 
SHAPE_REPRESENTATION_RELATIONSHIP() );
#7861 = ITEM_DEFINED_TRANSFORMATION('','',#11,#139);
#7862 = PRODUCT_DEFINITION_SHAPE('Placement','Placement of an item',
  #7863);
#7863 = NEXT_ASSEMBLY_USAGE_OCCURRENCE('86','page_optics','',#5,#7518,$
  );
#7864 = PRODUCT_RELATED_PRODUCT_CATEGORY('part',$,(#7520));
#7865 = SHAPE_DEFINITION_REPRESENTATION(#7866,#7872);
#7866 = PRODUCT_DEFINITION_SHAPE('','',#7867);
#7867 = PRODUCT_DEFINITION('design','',#7868,#7871);
#7868 = PRODUCT_DEFINITION_FORMATION('','',#7869);
#7869 = PRODUCT('page_sensor','page_sensor','',(#7870));
#7870 = PRODUCT_CONTEXT('',#2,'mechanical');
#7871 = PRODUCT_DEFINITION_CONTEXT('part definition',#2,'design');
#7872 = ADVANCED_BREP_SHAPE_REPRESENTATION('',(#11,#7873),#8203);
#7873 = MANIFOLD_SOLID_BREP('',#7874);
#7874 = CLOSED_SHELL('',(#7875,#7995,#8095,#8142,#8189,#8196));
#7875 = ADVANCED_FACE('',(#7876),#7890,.F.);
#7876 = FACE_BOUND('',#7877,.F.);
#7877 = EDGE_LOOP('',(#7878,#7913,#7941,#7969));
#7878 = ORIENTED_EDGE('',*,*,#7879,.F.);
#7879 = EDGE_CURVE('',#7880,#7882,#7884,.T.);
#7880 = VERTEX_POINT('',#7881);
#7881 = CARTESIAN_POINT('',(-6.,-1.5,10.2));
#7882 = VERTEX_POINT('',#7883);
#7883 = CARTESIAN_POINT('',(-6.,-1.5,15.2));
#7884 = SURFACE_CURVE('',#7885,(#7889,#7901),.PCURVE_S1.);
#7885 = LINE('',#7886,#7887);
#7886 = CARTESIAN_POINT('',(-6.,-1.5,10.2));
#7887 = VECTOR('',#7888,1.);
#7888 = DIRECTION('',(0.,0.,1.));
#7889 = PCURVE('',#7890,#7895);
#7890 = PLANE('',#7891);
#7891 = AXIS2_PLACEMENT_3D('',#7892,#7893,#7894);
#7892 = CARTESIAN_POINT('',(-6.,-1.5,10.2));
#7893 = DIRECTION('',(1.,0.,0.));
#7894 = DIRECTION('',(0.,0.,1.));
#7895 = DEFINITIONAL_REPRESENTATION('',(#7896),#7900);
#7896 = LINE('',#7897,#7898);
#7897 = CARTESIAN_POINT('',(0.,0.));
#7898 = VECTOR('',#7899,1.);
#7899 = DIRECTION('',(1.,0.));
#7900 = ( GEOMETRIC_REPRESENTATION_CONTEXT(2) 
PARAMETRIC_REPRESENTATION_CONTEXT() REPRESENTATION_CONTEXT('2D SPACE',''
  ) );
#7901 = PCURVE('',#7902,#7907);
#7902 = PLANE('',#7903);
#7903 = AXIS2_PLACEMENT_3D('',#7904,#7905,#7906);
#7904 = CARTESIAN_POINT('',(-6.,-1.5,10.2));
#7905 = DIRECTION('',(0.,1.,0.));
#7906 = DIRECTION('',(0.,0.,1.));
#7907 = DEFINITIONAL_REPRESENTATION('',(#7908),#7912);
#7908 = LINE('',#7909,#7910);
#7909 = CARTESIAN_POINT('',(0.,0.));
#7910 = VECTOR('',#7911,1.);
#7911 = DIRECTION('',(1.,0.));
#7912 = ( GEOMETRIC_REPRESENTATION_CONTEXT(2) 
PARAMETRIC_REPRESENTATION_CONTEXT() REPRESENTATION_CONTEXT('2D SPACE',''
  ) );
#7913 = ORIENTED_EDGE('',*,*,#7914,.T.);
#7914 = EDGE_CURVE('',#7880,#7915,#7917,.T.);
#7915 = VERTEX_POINT('',#7916);
#7916 = CARTESIAN_POINT('',(-6.,1.5,10.2));
#7917 = SURFACE_CURVE('',#7918,(#7922,#7929),.PCURVE_S1.);
#7918 = LINE('',#7919,#7920);
#7919 = CARTESIAN_POINT('',(-6.,-1.5,10.2));
#7920 = VECTOR('',#7921,1.);
#7921 = DIRECTION('',(0.,1.,0.));
#7922 = PCURVE('',#7890,#7923);
#7923 = DEFINITIONAL_REPRESENTATION('',(#7924),#7928);
#7924 = LINE('',#7925,#7926);
#7925 = CARTESIAN_POINT('',(0.,0.));
#7926 = VECTOR('',#7927,1.);
#7927 = DIRECTION('',(0.,-1.));
#7928 = ( GEOMETRIC_REPRESENTATION_CONTEXT(2) 
PARAMETRIC_REPRESENTATION_CONTEXT() REPRESENTATION_CONTEXT('2D SPACE',''
  ) );
#7929 = PCURVE('',#7930,#7935);
#7930 = PLANE('',#7931);
#7931 = AXIS2_PLACEMENT_3D('',#7932,#7933,#7934);
#7932 = CARTESIAN_POINT('',(-6.,-1.5,10.2));
#7933 = DIRECTION('',(0.,0.,1.));
#7934 = DIRECTION('',(1.,0.,0.));
#7935 = DEFINITIONAL_REPRESENTATION('',(#7936),#7940);
#7936 = LINE('',#7937,#7938);
#7937 = CARTESIAN_POINT('',(0.,0.));
#7938 = VECTOR('',#7939,1.);
#7939 = DIRECTION('',(0.,1.));
#7940 = ( GEOMETRIC_REPRESENTATION_CONTEXT(2) 
PARAMETRIC_REPRESENTATION_CONTEXT() REPRESENTATION_CONTEXT('2D SPACE',''
  ) );
#7941 = ORIENTED_EDGE('',*,*,#7942,.T.);
#7942 = EDGE_CURVE('',#7915,#7943,#7945,.T.);
#7943 = VERTEX_POINT('',#7944);
#7944 = CARTESIAN_POINT('',(-6.,1.5,15.2));
#7945 = SURFACE_CURVE('',#7946,(#7950,#7957),.PCURVE_S1.);
#7946 = LINE('',#7947,#7948);
#7947 = CARTESIAN_POINT('',(-6.,1.5,10.2));
#7948 = VECTOR('',#7949,1.);
#7949 = DIRECTION('',(0.,0.,1.));
#7950 = PCURVE('',#7890,#7951);
#7951 = DEFINITIONAL_REPRESENTATION('',(#7952),#7956);
#7952 = LINE('',#7953,#7954);
#7953 = CARTESIAN_POINT('',(0.,-3.));
#7954 = VECTOR('',#7955,1.);
#7955 = DIRECTION('',(1.,0.));
#7956 = ( GEOMETRIC_REPRESENTATION_CONTEXT(2) 
PARAMETRIC_REPRESENTATION_CONTEXT() REPRESENTATION_CONTEXT('2D SPACE',''
  ) );
#7957 = PCURVE('',#7958,#7963);
#7958 = PLANE('',#7959);
#7959 = AXIS2_PLACEMENT_3D('',#7960,#7961,#7962);
#7960 = CARTESIAN_POINT('',(-6.,1.5,10.2));
#7961 = DIRECTION('',(0.,1.,0.));
#7962 = DIRECTION('',(0.,0.,1.));
#7963 = DEFINITIONAL_REPRESENTATION('',(#7964),#7968);
#7964 = LINE('',#7965,#7966);
#7965 = CARTESIAN_POINT('',(0.,0.));
#7966 = VECTOR('',#7967,1.);
#7967 = DIRECTION('',(1.,0.));
#7968 = ( GEOMETRIC_REPRESENTATION_CONTEXT(2) 
PARAMETRIC_REPRESENTATION_CONTEXT() REPRESENTATION_CONTEXT('2D SPACE',''
  ) );
#7969 = ORIENTED_EDGE('',*,*,#7970,.F.);
#7970 = EDGE_CURVE('',#7882,#7943,#7971,.T.);
#7971 = SURFACE_CURVE('',#7972,(#7976,#7983),.PCURVE_S1.);
#7972 = LINE('',#7973,#7974);
#7973 = CARTESIAN_POINT('',(-6.,-1.5,15.2));
#7974 = VECTOR('',#7975,1.);
#7975 = DIRECTION('',(0.,1.,0.));
#7976 = PCURVE('',#7890,#7977);
#7977 = DEFINITIONAL_REPRESENTATION('',(#7978),#7982);
#7978 = LINE('',#7979,#7980);
#7979 = CARTESIAN_POINT('',(5.,0.));
#7980 = VECTOR('',#7981,1.);
#7981 = DIRECTION('',(0.,-1.));
#7982 = ( GEOMETRIC_REPRESENTATION_CONTEXT(2) 
PARAMETRIC_REPRESENTATION_CONTEXT() REPRESENTATION_CONTEXT('2D SPACE',''
  ) );
#7983 = PCURVE('',#7984,#7989);
#7984 = PLANE('',#7985);
#7985 = AXIS2_PLACEMENT_3D('',#7986,#7987,#7988);
#7986 = CARTESIAN_POINT('',(-6.,-1.5,15.2));
#7987 = DIRECTION('',(0.,0.,1.));
#7988 = DIRECTION('',(1.,0.,0.));
#7989 = DEFINITIONAL_REPRESENTATION('',(#7990),#7994);
#7990 = LINE('',#7991,#7992);
#7991 = CARTESIAN_POINT('',(0.,0.));
#7992 = VECTOR('',#7993,1.);
#7993 = DIRECTION('',(0.,1.));
#7994 = ( GEOMETRIC_REPRESENTATION_CONTEXT(2) 
PARAMETRIC_REPRESENTATION_CONTEXT() REPRESENTATION_CONTEXT('2D SPACE',''
  ) );
#7995 = ADVANCED_FACE('',(#7996),#8010,.T.);
#7996 = FACE_BOUND('',#7997,.T.);
#7997 = EDGE_LOOP('',(#7998,#8028,#8051,#8074));
#7998 = ORIENTED_EDGE('',*,*,#7999,.F.);
#7999 = EDGE_CURVE('',#8000,#8002,#8004,.T.);
#8000 = VERTEX_POINT('',#8001);
#8001 = CARTESIAN_POINT('',(-4.,-1.5,10.2));
#8002 = VERTEX_POINT('',#8003);
#8003 = CARTESIAN_POINT('',(-4.,-1.5,15.2));
#8004 = SURFACE_CURVE('',#8005,(#8009,#8021),.PCURVE_S1.);
#8005 = LINE('',#8006,#8007);
#8006 = CARTESIAN_POINT('',(-4.,-1.5,10.2));
#8007 = VECTOR('',#8008,1.);
#8008 = DIRECTION('',(0.,0.,1.));
#8009 = PCURVE('',#8010,#8015);
#8010 = PLANE('',#8011);
#8011 = AXIS2_PLACEMENT_3D('',#8012,#8013,#8014);
#8012 = CARTESIAN_POINT('',(-4.,-1.5,10.2));
#8013 = DIRECTION('',(1.,0.,0.));
#8014 = DIRECTION('',(0.,0.,1.));
#8015 = DEFINITIONAL_REPRESENTATION('',(#8016),#8020);
#8016 = LINE('',#8017,#8018);
#8017 = CARTESIAN_POINT('',(0.,0.));
#8018 = VECTOR('',#8019,1.);
#8019 = DIRECTION('',(1.,0.));
#8020 = ( GEOMETRIC_REPRESENTATION_CONTEXT(2) 
PARAMETRIC_REPRESENTATION_CONTEXT() REPRESENTATION_CONTEXT('2D SPACE',''
  ) );
#8021 = PCURVE('',#7902,#8022);
#8022 = DEFINITIONAL_REPRESENTATION('',(#8023),#8027);
#8023 = LINE('',#8024,#8025);
#8024 = CARTESIAN_POINT('',(0.,2.));
#8025 = VECTOR('',#8026,1.);
#8026 = DIRECTION('',(1.,0.));
#8027 = ( GEOMETRIC_REPRESENTATION_CONTEXT(2) 
PARAMETRIC_REPRESENTATION_CONTEXT() REPRESENTATION_CONTEXT('2D SPACE',''
  ) );
#8028 = ORIENTED_EDGE('',*,*,#8029,.T.);
#8029 = EDGE_CURVE('',#8000,#8030,#8032,.T.);
#8030 = VERTEX_POINT('',#8031);
#8031 = CARTESIAN_POINT('',(-4.,1.5,10.2));
#8032 = SURFACE_CURVE('',#8033,(#8037,#8044),.PCURVE_S1.);
#8033 = LINE('',#8034,#8035);
#8034 = CARTESIAN_POINT('',(-4.,-1.5,10.2));
#8035 = VECTOR('',#8036,1.);
#8036 = DIRECTION('',(0.,1.,0.));
#8037 = PCURVE('',#8010,#8038);
#8038 = DEFINITIONAL_REPRESENTATION('',(#8039),#8043);
#8039 = LINE('',#8040,#8041);
#8040 = CARTESIAN_POINT('',(0.,0.));
#8041 = VECTOR('',#8042,1.);
#8042 = DIRECTION('',(0.,-1.));
#8043 = ( GEOMETRIC_REPRESENTATION_CONTEXT(2) 
PARAMETRIC_REPRESENTATION_CONTEXT() REPRESENTATION_CONTEXT('2D SPACE',''
  ) );
#8044 = PCURVE('',#7930,#8045);
#8045 = DEFINITIONAL_REPRESENTATION('',(#8046),#8050);
#8046 = LINE('',#8047,#8048);
#8047 = CARTESIAN_POINT('',(2.,0.));
#8048 = VECTOR('',#8049,1.);
#8049 = DIRECTION('',(0.,1.));
#8050 = ( GEOMETRIC_REPRESENTATION_CONTEXT(2) 
PARAMETRIC_REPRESENTATION_CONTEXT() REPRESENTATION_CONTEXT('2D SPACE',''
  ) );
#8051 = ORIENTED_EDGE('',*,*,#8052,.T.);
#8052 = EDGE_CURVE('',#8030,#8053,#8055,.T.);
#8053 = VERTEX_POINT('',#8054);
#8054 = CARTESIAN_POINT('',(-4.,1.5,15.2));
#8055 = SURFACE_CURVE('',#8056,(#8060,#8067),.PCURVE_S1.);
#8056 = LINE('',#8057,#8058);
#8057 = CARTESIAN_POINT('',(-4.,1.5,10.2));
#8058 = VECTOR('',#8059,1.);
#8059 = DIRECTION('',(0.,0.,1.));
#8060 = PCURVE('',#8010,#8061);
#8061 = DEFINITIONAL_REPRESENTATION('',(#8062),#8066);
#8062 = LINE('',#8063,#8064);
#8063 = CARTESIAN_POINT('',(0.,-3.));
#8064 = VECTOR('',#8065,1.);
#8065 = DIRECTION('',(1.,0.));
#8066 = ( GEOMETRIC_REPRESENTATION_CONTEXT(2) 
PARAMETRIC_REPRESENTATION_CONTEXT() REPRESENTATION_CONTEXT('2D SPACE',''
  ) );
#8067 = PCURVE('',#7958,#8068);
#8068 = DEFINITIONAL_REPRESENTATION('',(#8069),#8073);
#8069 = LINE('',#8070,#8071);
#8070 = CARTESIAN_POINT('',(0.,2.));
#8071 = VECTOR('',#8072,1.);
#8072 = DIRECTION('',(1.,0.));
#8073 = ( GEOMETRIC_REPRESENTATION_CONTEXT(2) 
PARAMETRIC_REPRESENTATION_CONTEXT() REPRESENTATION_CONTEXT('2D SPACE',''
  ) );
#8074 = ORIENTED_EDGE('',*,*,#8075,.F.);
#8075 = EDGE_CURVE('',#8002,#8053,#8076,.T.);
#8076 = SURFACE_CURVE('',#8077,(#8081,#8088),.PCURVE_S1.);
#8077 = LINE('',#8078,#8079);
#8078 = CARTESIAN_POINT('',(-4.,-1.5,15.2));
#8079 = VECTOR('',#8080,1.);
#8080 = DIRECTION('',(0.,1.,0.));
#8081 = PCURVE('',#8010,#8082);
#8082 = DEFINITIONAL_REPRESENTATION('',(#8083),#8087);
#8083 = LINE('',#8084,#8085);
#8084 = CARTESIAN_POINT('',(5.,0.));
#8085 = VECTOR('',#8086,1.);
#8086 = DIRECTION('',(0.,-1.));
#8087 = ( GEOMETRIC_REPRESENTATION_CONTEXT(2) 
PARAMETRIC_REPRESENTATION_CONTEXT() REPRESENTATION_CONTEXT('2D SPACE',''
  ) );
#8088 = PCURVE('',#7984,#8089);
#8089 = DEFINITIONAL_REPRESENTATION('',(#8090),#8094);
#8090 = LINE('',#8091,#8092);
#8091 = CARTESIAN_POINT('',(2.,0.));
#8092 = VECTOR('',#8093,1.);
#8093 = DIRECTION('',(0.,1.));
#8094 = ( GEOMETRIC_REPRESENTATION_CONTEXT(2) 
PARAMETRIC_REPRESENTATION_CONTEXT() REPRESENTATION_CONTEXT('2D SPACE',''
  ) );
#8095 = ADVANCED_FACE('',(#8096),#7902,.F.);
#8096 = FACE_BOUND('',#8097,.F.);
#8097 = EDGE_LOOP('',(#8098,#8119,#8120,#8141));
#8098 = ORIENTED_EDGE('',*,*,#8099,.F.);
#8099 = EDGE_CURVE('',#7880,#8000,#8100,.T.);
#8100 = SURFACE_CURVE('',#8101,(#8105,#8112),.PCURVE_S1.);
#8101 = LINE('',#8102,#8103);
#8102 = CARTESIAN_POINT('',(-6.,-1.5,10.2));
#8103 = VECTOR('',#8104,1.);
#8104 = DIRECTION('',(1.,0.,0.));
#8105 = PCURVE('',#7902,#8106);
#8106 = DEFINITIONAL_REPRESENTATION('',(#8107),#8111);
#8107 = LINE('',#8108,#8109);
#8108 = CARTESIAN_POINT('',(0.,0.));
#8109 = VECTOR('',#8110,1.);
#8110 = DIRECTION('',(0.,1.));
#8111 = ( GEOMETRIC_REPRESENTATION_CONTEXT(2) 
PARAMETRIC_REPRESENTATION_CONTEXT() REPRESENTATION_CONTEXT('2D SPACE',''
  ) );
#8112 = PCURVE('',#7930,#8113);
#8113 = DEFINITIONAL_REPRESENTATION('',(#8114),#8118);
#8114 = LINE('',#8115,#8116);
#8115 = CARTESIAN_POINT('',(0.,0.));
#8116 = VECTOR('',#8117,1.);
#8117 = DIRECTION('',(1.,0.));
#8118 = ( GEOMETRIC_REPRESENTATION_CONTEXT(2) 
PARAMETRIC_REPRESENTATION_CONTEXT() REPRESENTATION_CONTEXT('2D SPACE',''
  ) );
#8119 = ORIENTED_EDGE('',*,*,#7879,.T.);
#8120 = ORIENTED_EDGE('',*,*,#8121,.T.);
#8121 = EDGE_CURVE('',#7882,#8002,#8122,.T.);
#8122 = SURFACE_CURVE('',#8123,(#8127,#8134),.PCURVE_S1.);
#8123 = LINE('',#8124,#8125);
#8124 = CARTESIAN_POINT('',(-6.,-1.5,15.2));
#8125 = VECTOR('',#8126,1.);
#8126 = DIRECTION('',(1.,0.,0.));
#8127 = PCURVE('',#7902,#8128);
#8128 = DEFINITIONAL_REPRESENTATION('',(#8129),#8133);
#8129 = LINE('',#8130,#8131);
#8130 = CARTESIAN_POINT('',(5.,0.));
#8131 = VECTOR('',#8132,1.);
#8132 = DIRECTION('',(0.,1.));
#8133 = ( GEOMETRIC_REPRESENTATION_CONTEXT(2) 
PARAMETRIC_REPRESENTATION_CONTEXT() REPRESENTATION_CONTEXT('2D SPACE',''
  ) );
#8134 = PCURVE('',#7984,#8135);
#8135 = DEFINITIONAL_REPRESENTATION('',(#8136),#8140);
#8136 = LINE('',#8137,#8138);
#8137 = CARTESIAN_POINT('',(0.,0.));
#8138 = VECTOR('',#8139,1.);
#8139 = DIRECTION('',(1.,0.));
#8140 = ( GEOMETRIC_REPRESENTATION_CONTEXT(2) 
PARAMETRIC_REPRESENTATION_CONTEXT() REPRESENTATION_CONTEXT('2D SPACE',''
  ) );
#8141 = ORIENTED_EDGE('',*,*,#7999,.F.);
#8142 = ADVANCED_FACE('',(#8143),#7958,.T.);
#8143 = FACE_BOUND('',#8144,.T.);
#8144 = EDGE_LOOP('',(#8145,#8166,#8167,#8188));
#8145 = ORIENTED_EDGE('',*,*,#8146,.F.);
#8146 = EDGE_CURVE('',#7915,#8030,#8147,.T.);
#8147 = SURFACE_CURVE('',#8148,(#8152,#8159),.PCURVE_S1.);
#8148 = LINE('',#8149,#8150);
#8149 = CARTESIAN_POINT('',(-6.,1.5,10.2));
#8150 = VECTOR('',#8151,1.);
#8151 = DIRECTION('',(1.,0.,0.));
#8152 = PCURVE('',#7958,#8153);
#8153 = DEFINITIONAL_REPRESENTATION('',(#8154),#8158);
#8154 = LINE('',#8155,#8156);
#8155 = CARTESIAN_POINT('',(0.,0.));
#8156 = VECTOR('',#8157,1.);
#8157 = DIRECTION('',(0.,1.));
#8158 = ( GEOMETRIC_REPRESENTATION_CONTEXT(2) 
PARAMETRIC_REPRESENTATION_CONTEXT() REPRESENTATION_CONTEXT('2D SPACE',''
  ) );
#8159 = PCURVE('',#7930,#8160);
#8160 = DEFINITIONAL_REPRESENTATION('',(#8161),#8165);
#8161 = LINE('',#8162,#8163);
#8162 = CARTESIAN_POINT('',(0.,3.));
#8163 = VECTOR('',#8164,1.);
#8164 = DIRECTION('',(1.,0.));
#8165 = ( GEOMETRIC_REPRESENTATION_CONTEXT(2) 
PARAMETRIC_REPRESENTATION_CONTEXT() REPRESENTATION_CONTEXT('2D SPACE',''
  ) );
#8166 = ORIENTED_EDGE('',*,*,#7942,.T.);
#8167 = ORIENTED_EDGE('',*,*,#8168,.T.);
#8168 = EDGE_CURVE('',#7943,#8053,#8169,.T.);
#8169 = SURFACE_CURVE('',#8170,(#8174,#8181),.PCURVE_S1.);
#8170 = LINE('',#8171,#8172);
#8171 = CARTESIAN_POINT('',(-6.,1.5,15.2));
#8172 = VECTOR('',#8173,1.);
#8173 = DIRECTION('',(1.,0.,0.));
#8174 = PCURVE('',#7958,#8175);
#8175 = DEFINITIONAL_REPRESENTATION('',(#8176),#8180);
#8176 = LINE('',#8177,#8178);
#8177 = CARTESIAN_POINT('',(5.,0.));
#8178 = VECTOR('',#8179,1.);
#8179 = DIRECTION('',(0.,1.));
#8180 = ( GEOMETRIC_REPRESENTATION_CONTEXT(2) 
PARAMETRIC_REPRESENTATION_CONTEXT() REPRESENTATION_CONTEXT('2D SPACE',''
  ) );
#8181 = PCURVE('',#7984,#8182);
#8182 = DEFINITIONAL_REPRESENTATION('',(#8183),#8187);
#8183 = LINE('',#8184,#8185);
#8184 = CARTESIAN_POINT('',(0.,3.));
#8185 = VECTOR('',#8186,1.);
#8186 = DIRECTION('',(1.,0.));
#8187 = ( GEOMETRIC_REPRESENTATION_CONTEXT(2) 
PARAMETRIC_REPRESENTATION_CONTEXT() REPRESENTATION_CONTEXT('2D SPACE',''
  ) );
#8188 = ORIENTED_EDGE('',*,*,#8052,.F.);
#8189 = ADVANCED_FACE('',(#8190),#7930,.F.);
#8190 = FACE_BOUND('',#8191,.F.);
#8191 = EDGE_LOOP('',(#8192,#8193,#8194,#8195));
#8192 = ORIENTED_EDGE('',*,*,#7914,.F.);
#8193 = ORIENTED_EDGE('',*,*,#8099,.T.);
#8194 = ORIENTED_EDGE('',*,*,#8029,.T.);
#8195 = ORIENTED_EDGE('',*,*,#8146,.F.);
#8196 = ADVANCED_FACE('',(#8197),#7984,.T.);
#8197 = FACE_BOUND('',#8198,.T.);
#8198 = EDGE_LOOP('',(#8199,#8200,#8201,#8202));
#8199 = ORIENTED_EDGE('',*,*,#7970,.F.);
#8200 = ORIENTED_EDGE('',*,*,#8121,.T.);
#8201 = ORIENTED_EDGE('',*,*,#8075,.T.);
#8202 = ORIENTED_EDGE('',*,*,#8168,.F.);
#8203 = ( GEOMETRIC_REPRESENTATION_CONTEXT(3) 
GLOBAL_UNCERTAINTY_ASSIGNED_CONTEXT((#8207)) 
GLOBAL_UNIT_ASSIGNED_CONTEXT((#8204,#8205,#8206)) REPRESENTATION_CONTEXT
('Context #1','3D Context with UNIT and UNCERTAINTY') );
#8204 = ( LENGTH_UNIT() NAMED_UNIT(*) SI_UNIT(.MILLI.,.METRE.) );
#8205 = ( NAMED_UNIT(*) PLANE_ANGLE_UNIT() SI_UNIT($,.RADIAN.) );
#8206 = ( NAMED_UNIT(*) SI_UNIT($,.STERADIAN.) SOLID_ANGLE_UNIT() );
#8207 = UNCERTAINTY_MEASURE_WITH_UNIT(LENGTH_MEASURE(1.E-07),#8204,
  'distance_accuracy_value','confusion accuracy');
#8208 = CONTEXT_DEPENDENT_SHAPE_REPRESENTATION(#8209,#8211);
#8209 = ( REPRESENTATION_RELATIONSHIP('','',#7872,#10) 
REPRESENTATION_RELATIONSHIP_WITH_TRANSFORMATION(#8210) 
SHAPE_REPRESENTATION_RELATIONSHIP() );
#8210 = ITEM_DEFINED_TRANSFORMATION('','',#11,#143);
#8211 = PRODUCT_DEFINITION_SHAPE('Placement','Placement of an item',
  #8212);
#8212 = NEXT_ASSEMBLY_USAGE_OCCURRENCE('87','page_sensor','',#5,#7867,$
  );
#8213 = PRODUCT_RELATED_PRODUCT_CATEGORY('part',$,(#7869));
#8214 = SHAPE_DEFINITION_REPRESENTATION(#8215,#8221);
#8215 = PRODUCT_DEFINITION_SHAPE('','',#8216);
#8216 = PRODUCT_DEFINITION('design','',#8217,#8220);
#8217 = PRODUCT_DEFINITION_FORMATION('','',#8218);
#8218 = PRODUCT('main_board','main_board','',(#8219));
#8219 = PRODUCT_CONTEXT('',#2,'mechanical');
#8220 = PRODUCT_DEFINITION_CONTEXT('part definition',#2,'design');
#8221 = ADVANCED_BREP_SHAPE_REPRESENTATION('',(#11,#8222),#8552);
#8222 = MANIFOLD_SOLID_BREP('',#8223);
#8223 = CLOSED_SHELL('',(#8224,#8344,#8444,#8491,#8538,#8545));
#8224 = ADVANCED_FACE('',(#8225),#8239,.F.);
#8225 = FACE_BOUND('',#8226,.F.);
#8226 = EDGE_LOOP('',(#8227,#8262,#8290,#8318));
#8227 = ORIENTED_EDGE('',*,*,#8228,.F.);
#8228 = EDGE_CURVE('',#8229,#8231,#8233,.T.);
#8229 = VERTEX_POINT('',#8230);
#8230 = CARTESIAN_POINT('',(7.,-7.,35.5));
#8231 = VERTEX_POINT('',#8232);
#8232 = CARTESIAN_POINT('',(7.,-7.,58.3));
#8233 = SURFACE_CURVE('',#8234,(#8238,#8250),.PCURVE_S1.);
#8234 = LINE('',#8235,#8236);
#8235 = CARTESIAN_POINT('',(7.,-7.,35.5));
#8236 = VECTOR('',#8237,1.);
#8237 = DIRECTION('',(0.,0.,1.));
#8238 = PCURVE('',#8239,#8244);
#8239 = PLANE('',#8240);
#8240 = AXIS2_PLACEMENT_3D('',#8241,#8242,#8243);
#8241 = CARTESIAN_POINT('',(7.,-7.,35.5));
#8242 = DIRECTION('',(1.,0.,0.));
#8243 = DIRECTION('',(0.,0.,1.));
#8244 = DEFINITIONAL_REPRESENTATION('',(#8245),#8249);
#8245 = LINE('',#8246,#8247);
#8246 = CARTESIAN_POINT('',(0.,0.));
#8247 = VECTOR('',#8248,1.);
#8248 = DIRECTION('',(1.,0.));
#8249 = ( GEOMETRIC_REPRESENTATION_CONTEXT(2) 
PARAMETRIC_REPRESENTATION_CONTEXT() REPRESENTATION_CONTEXT('2D SPACE',''
  ) );
#8250 = PCURVE('',#8251,#8256);
#8251 = PLANE('',#8252);
#8252 = AXIS2_PLACEMENT_3D('',#8253,#8254,#8255);
#8253 = CARTESIAN_POINT('',(7.,-7.,35.5));
#8254 = DIRECTION('',(0.,1.,0.));
#8255 = DIRECTION('',(0.,0.,1.));
#8256 = DEFINITIONAL_REPRESENTATION('',(#8257),#8261);
#8257 = LINE('',#8258,#8259);
#8258 = CARTESIAN_POINT('',(0.,0.));
#8259 = VECTOR('',#8260,1.);
#8260 = DIRECTION('',(1.,0.));
#8261 = ( GEOMETRIC_REPRESENTATION_CONTEXT(2) 
PARAMETRIC_REPRESENTATION_CONTEXT() REPRESENTATION_CONTEXT('2D SPACE',''
  ) );
#8262 = ORIENTED_EDGE('',*,*,#8263,.T.);
#8263 = EDGE_CURVE('',#8229,#8264,#8266,.T.);
#8264 = VERTEX_POINT('',#8265);
#8265 = CARTESIAN_POINT('',(7.,7.,35.5));
#8266 = SURFACE_CURVE('',#8267,(#8271,#8278),.PCURVE_S1.);
#8267 = LINE('',#8268,#8269);
#8268 = CARTESIAN_POINT('',(7.,-7.,35.5));
#8269 = VECTOR('',#8270,1.);
#8270 = DIRECTION('',(0.,1.,0.));
#8271 = PCURVE('',#8239,#8272);
#8272 = DEFINITIONAL_REPRESENTATION('',(#8273),#8277);
#8273 = LINE('',#8274,#8275);
#8274 = CARTESIAN_POINT('',(0.,0.));
#8275 = VECTOR('',#8276,1.);
#8276 = DIRECTION('',(0.,-1.));
#8277 = ( GEOMETRIC_REPRESENTATION_CONTEXT(2) 
PARAMETRIC_REPRESENTATION_CONTEXT() REPRESENTATION_CONTEXT('2D SPACE',''
  ) );
#8278 = PCURVE('',#8279,#8284);
#8279 = PLANE('',#8280);
#8280 = AXIS2_PLACEMENT_3D('',#8281,#8282,#8283);
#8281 = CARTESIAN_POINT('',(7.,-7.,35.5));
#8282 = DIRECTION('',(0.,0.,1.));
#8283 = DIRECTION('',(1.,0.,0.));
#8284 = DEFINITIONAL_REPRESENTATION('',(#8285),#8289);
#8285 = LINE('',#8286,#8287);
#8286 = CARTESIAN_POINT('',(0.,0.));
#8287 = VECTOR('',#8288,1.);
#8288 = DIRECTION('',(0.,1.));
#8289 = ( GEOMETRIC_REPRESENTATION_CONTEXT(2) 
PARAMETRIC_REPRESENTATION_CONTEXT() REPRESENTATION_CONTEXT('2D SPACE',''
  ) );
#8290 = ORIENTED_EDGE('',*,*,#8291,.T.);
#8291 = EDGE_CURVE('',#8264,#8292,#8294,.T.);
#8292 = VERTEX_POINT('',#8293);
#8293 = CARTESIAN_POINT('',(7.,7.,58.3));
#8294 = SURFACE_CURVE('',#8295,(#8299,#8306),.PCURVE_S1.);
#8295 = LINE('',#8296,#8297);
#8296 = CARTESIAN_POINT('',(7.,7.,35.5));
#8297 = VECTOR('',#8298,1.);
#8298 = DIRECTION('',(0.,0.,1.));
#8299 = PCURVE('',#8239,#8300);
#8300 = DEFINITIONAL_REPRESENTATION('',(#8301),#8305);
#8301 = LINE('',#8302,#8303);
#8302 = CARTESIAN_POINT('',(0.,-14.));
#8303 = VECTOR('',#8304,1.);
#8304 = DIRECTION('',(1.,0.));
#8305 = ( GEOMETRIC_REPRESENTATION_CONTEXT(2) 
PARAMETRIC_REPRESENTATION_CONTEXT() REPRESENTATION_CONTEXT('2D SPACE',''
  ) );
#8306 = PCURVE('',#8307,#8312);
#8307 = PLANE('',#8308);
#8308 = AXIS2_PLACEMENT_3D('',#8309,#8310,#8311);
#8309 = CARTESIAN_POINT('',(7.,7.,35.5));
#8310 = DIRECTION('',(0.,1.,0.));
#8311 = DIRECTION('',(0.,0.,1.));
#8312 = DEFINITIONAL_REPRESENTATION('',(#8313),#8317);
#8313 = LINE('',#8314,#8315);
#8314 = CARTESIAN_POINT('',(0.,0.));
#8315 = VECTOR('',#8316,1.);
#8316 = DIRECTION('',(1.,0.));
#8317 = ( GEOMETRIC_REPRESENTATION_CONTEXT(2) 
PARAMETRIC_REPRESENTATION_CONTEXT() REPRESENTATION_CONTEXT('2D SPACE',''
  ) );
#8318 = ORIENTED_EDGE('',*,*,#8319,.F.);
#8319 = EDGE_CURVE('',#8231,#8292,#8320,.T.);
#8320 = SURFACE_CURVE('',#8321,(#8325,#8332),.PCURVE_S1.);
#8321 = LINE('',#8322,#8323);
#8322 = CARTESIAN_POINT('',(7.,-7.,58.3));
#8323 = VECTOR('',#8324,1.);
#8324 = DIRECTION('',(0.,1.,0.));
#8325 = PCURVE('',#8239,#8326);
#8326 = DEFINITIONAL_REPRESENTATION('',(#8327),#8331);
#8327 = LINE('',#8328,#8329);
#8328 = CARTESIAN_POINT('',(22.8,0.));
#8329 = VECTOR('',#8330,1.);
#8330 = DIRECTION('',(0.,-1.));
#8331 = ( GEOMETRIC_REPRESENTATION_CONTEXT(2) 
PARAMETRIC_REPRESENTATION_CONTEXT() REPRESENTATION_CONTEXT('2D SPACE',''
  ) );
#8332 = PCURVE('',#8333,#8338);
#8333 = PLANE('',#8334);
#8334 = AXIS2_PLACEMENT_3D('',#8335,#8336,#8337);
#8335 = CARTESIAN_POINT('',(7.,-7.,58.3));
#8336 = DIRECTION('',(0.,0.,1.));
#8337 = DIRECTION('',(1.,0.,0.));
#8338 = DEFINITIONAL_REPRESENTATION('',(#8339),#8343);
#8339 = LINE('',#8340,#8341);
#8340 = CARTESIAN_POINT('',(0.,0.));
#8341 = VECTOR('',#8342,1.);
#8342 = DIRECTION('',(0.,1.));
#8343 = ( GEOMETRIC_REPRESENTATION_CONTEXT(2) 
PARAMETRIC_REPRESENTATION_CONTEXT() REPRESENTATION_CONTEXT('2D SPACE',''
  ) );
#8344 = ADVANCED_FACE('',(#8345),#8359,.T.);
#8345 = FACE_BOUND('',#8346,.T.);
#8346 = EDGE_LOOP('',(#8347,#8377,#8400,#8423));
#8347 = ORIENTED_EDGE('',*,*,#8348,.F.);
#8348 = EDGE_CURVE('',#8349,#8351,#8353,.T.);
#8349 = VERTEX_POINT('',#8350);
#8350 = CARTESIAN_POINT('',(8.,-7.,35.5));
#8351 = VERTEX_POINT('',#8352);
#8352 = CARTESIAN_POINT('',(8.,-7.,58.3));
#8353 = SURFACE_CURVE('',#8354,(#8358,#8370),.PCURVE_S1.);
#8354 = LINE('',#8355,#8356);
#8355 = CARTESIAN_POINT('',(8.,-7.,35.5));
#8356 = VECTOR('',#8357,1.);
#8357 = DIRECTION('',(0.,0.,1.));
#8358 = PCURVE('',#8359,#8364);
#8359 = PLANE('',#8360);
#8360 = AXIS2_PLACEMENT_3D('',#8361,#8362,#8363);
#8361 = CARTESIAN_POINT('',(8.,-7.,35.5));
#8362 = DIRECTION('',(1.,0.,0.));
#8363 = DIRECTION('',(0.,0.,1.));
#8364 = DEFINITIONAL_REPRESENTATION('',(#8365),#8369);
#8365 = LINE('',#8366,#8367);
#8366 = CARTESIAN_POINT('',(0.,0.));
#8367 = VECTOR('',#8368,1.);
#8368 = DIRECTION('',(1.,0.));
#8369 = ( GEOMETRIC_REPRESENTATION_CONTEXT(2) 
PARAMETRIC_REPRESENTATION_CONTEXT() REPRESENTATION_CONTEXT('2D SPACE',''
  ) );
#8370 = PCURVE('',#8251,#8371);
#8371 = DEFINITIONAL_REPRESENTATION('',(#8372),#8376);
#8372 = LINE('',#8373,#8374);
#8373 = CARTESIAN_POINT('',(0.,1.));
#8374 = VECTOR('',#8375,1.);
#8375 = DIRECTION('',(1.,0.));
#8376 = ( GEOMETRIC_REPRESENTATION_CONTEXT(2) 
PARAMETRIC_REPRESENTATION_CONTEXT() REPRESENTATION_CONTEXT('2D SPACE',''
  ) );
#8377 = ORIENTED_EDGE('',*,*,#8378,.T.);
#8378 = EDGE_CURVE('',#8349,#8379,#8381,.T.);
#8379 = VERTEX_POINT('',#8380);
#8380 = CARTESIAN_POINT('',(8.,7.,35.5));
#8381 = SURFACE_CURVE('',#8382,(#8386,#8393),.PCURVE_S1.);
#8382 = LINE('',#8383,#8384);
#8383 = CARTESIAN_POINT('',(8.,-7.,35.5));
#8384 = VECTOR('',#8385,1.);
#8385 = DIRECTION('',(0.,1.,0.));
#8386 = PCURVE('',#8359,#8387);
#8387 = DEFINITIONAL_REPRESENTATION('',(#8388),#8392);
#8388 = LINE('',#8389,#8390);
#8389 = CARTESIAN_POINT('',(0.,0.));
#8390 = VECTOR('',#8391,1.);
#8391 = DIRECTION('',(0.,-1.));
#8392 = ( GEOMETRIC_REPRESENTATION_CONTEXT(2) 
PARAMETRIC_REPRESENTATION_CONTEXT() REPRESENTATION_CONTEXT('2D SPACE',''
  ) );
#8393 = PCURVE('',#8279,#8394);
#8394 = DEFINITIONAL_REPRESENTATION('',(#8395),#8399);
#8395 = LINE('',#8396,#8397);
#8396 = CARTESIAN_POINT('',(1.,0.));
#8397 = VECTOR('',#8398,1.);
#8398 = DIRECTION('',(0.,1.));
#8399 = ( GEOMETRIC_REPRESENTATION_CONTEXT(2) 
PARAMETRIC_REPRESENTATION_CONTEXT() REPRESENTATION_CONTEXT('2D SPACE',''
  ) );
#8400 = ORIENTED_EDGE('',*,*,#8401,.T.);
#8401 = EDGE_CURVE('',#8379,#8402,#8404,.T.);
#8402 = VERTEX_POINT('',#8403);
#8403 = CARTESIAN_POINT('',(8.,7.,58.3));
#8404 = SURFACE_CURVE('',#8405,(#8409,#8416),.PCURVE_S1.);
#8405 = LINE('',#8406,#8407);
#8406 = CARTESIAN_POINT('',(8.,7.,35.5));
#8407 = VECTOR('',#8408,1.);
#8408 = DIRECTION('',(0.,0.,1.));
#8409 = PCURVE('',#8359,#8410);
#8410 = DEFINITIONAL_REPRESENTATION('',(#8411),#8415);
#8411 = LINE('',#8412,#8413);
#8412 = CARTESIAN_POINT('',(0.,-14.));
#8413 = VECTOR('',#8414,1.);
#8414 = DIRECTION('',(1.,0.));
#8415 = ( GEOMETRIC_REPRESENTATION_CONTEXT(2) 
PARAMETRIC_REPRESENTATION_CONTEXT() REPRESENTATION_CONTEXT('2D SPACE',''
  ) );
#8416 = PCURVE('',#8307,#8417);
#8417 = DEFINITIONAL_REPRESENTATION('',(#8418),#8422);
#8418 = LINE('',#8419,#8420);
#8419 = CARTESIAN_POINT('',(0.,1.));
#8420 = VECTOR('',#8421,1.);
#8421 = DIRECTION('',(1.,0.));
#8422 = ( GEOMETRIC_REPRESENTATION_CONTEXT(2) 
PARAMETRIC_REPRESENTATION_CONTEXT() REPRESENTATION_CONTEXT('2D SPACE',''
  ) );
#8423 = ORIENTED_EDGE('',*,*,#8424,.F.);
#8424 = EDGE_CURVE('',#8351,#8402,#8425,.T.);
#8425 = SURFACE_CURVE('',#8426,(#8430,#8437),.PCURVE_S1.);
#8426 = LINE('',#8427,#8428);
#8427 = CARTESIAN_POINT('',(8.,-7.,58.3));
#8428 = VECTOR('',#8429,1.);
#8429 = DIRECTION('',(0.,1.,0.));
#8430 = PCURVE('',#8359,#8431);
#8431 = DEFINITIONAL_REPRESENTATION('',(#8432),#8436);
#8432 = LINE('',#8433,#8434);
#8433 = CARTESIAN_POINT('',(22.8,0.));
#8434 = VECTOR('',#8435,1.);
#8435 = DIRECTION('',(0.,-1.));
#8436 = ( GEOMETRIC_REPRESENTATION_CONTEXT(2) 
PARAMETRIC_REPRESENTATION_CONTEXT() REPRESENTATION_CONTEXT('2D SPACE',''
  ) );
#8437 = PCURVE('',#8333,#8438);
#8438 = DEFINITIONAL_REPRESENTATION('',(#8439),#8443);
#8439 = LINE('',#8440,#8441);
#8440 = CARTESIAN_POINT('',(1.,0.));
#8441 = VECTOR('',#8442,1.);
#8442 = DIRECTION('',(0.,1.));
#8443 = ( GEOMETRIC_REPRESENTATION_CONTEXT(2) 
PARAMETRIC_REPRESENTATION_CONTEXT() REPRESENTATION_CONTEXT('2D SPACE',''
  ) );
#8444 = ADVANCED_FACE('',(#8445),#8251,.F.);
#8445 = FACE_BOUND('',#8446,.F.);
#8446 = EDGE_LOOP('',(#8447,#8468,#8469,#8490));
#8447 = ORIENTED_EDGE('',*,*,#8448,.F.);
#8448 = EDGE_CURVE('',#8229,#8349,#8449,.T.);
#8449 = SURFACE_CURVE('',#8450,(#8454,#8461),.PCURVE_S1.);
#8450 = LINE('',#8451,#8452);
#8451 = CARTESIAN_POINT('',(7.,-7.,35.5));
#8452 = VECTOR('',#8453,1.);
#8453 = DIRECTION('',(1.,0.,0.));
#8454 = PCURVE('',#8251,#8455);
#8455 = DEFINITIONAL_REPRESENTATION('',(#8456),#8460);
#8456 = LINE('',#8457,#8458);
#8457 = CARTESIAN_POINT('',(0.,0.));
#8458 = VECTOR('',#8459,1.);
#8459 = DIRECTION('',(0.,1.));
#8460 = ( GEOMETRIC_REPRESENTATION_CONTEXT(2) 
PARAMETRIC_REPRESENTATION_CONTEXT() REPRESENTATION_CONTEXT('2D SPACE',''
  ) );
#8461 = PCURVE('',#8279,#8462);
#8462 = DEFINITIONAL_REPRESENTATION('',(#8463),#8467);
#8463 = LINE('',#8464,#8465);
#8464 = CARTESIAN_POINT('',(0.,0.));
#8465 = VECTOR('',#8466,1.);
#8466 = DIRECTION('',(1.,0.));
#8467 = ( GEOMETRIC_REPRESENTATION_CONTEXT(2) 
PARAMETRIC_REPRESENTATION_CONTEXT() REPRESENTATION_CONTEXT('2D SPACE',''
  ) );
#8468 = ORIENTED_EDGE('',*,*,#8228,.T.);
#8469 = ORIENTED_EDGE('',*,*,#8470,.T.);
#8470 = EDGE_CURVE('',#8231,#8351,#8471,.T.);
#8471 = SURFACE_CURVE('',#8472,(#8476,#8483),.PCURVE_S1.);
#8472 = LINE('',#8473,#8474);
#8473 = CARTESIAN_POINT('',(7.,-7.,58.3));
#8474 = VECTOR('',#8475,1.);
#8475 = DIRECTION('',(1.,0.,0.));
#8476 = PCURVE('',#8251,#8477);
#8477 = DEFINITIONAL_REPRESENTATION('',(#8478),#8482);
#8478 = LINE('',#8479,#8480);
#8479 = CARTESIAN_POINT('',(22.8,0.));
#8480 = VECTOR('',#8481,1.);
#8481 = DIRECTION('',(0.,1.));
#8482 = ( GEOMETRIC_REPRESENTATION_CONTEXT(2) 
PARAMETRIC_REPRESENTATION_CONTEXT() REPRESENTATION_CONTEXT('2D SPACE',''
  ) );
#8483 = PCURVE('',#8333,#8484);
#8484 = DEFINITIONAL_REPRESENTATION('',(#8485),#8489);
#8485 = LINE('',#8486,#8487);
#8486 = CARTESIAN_POINT('',(0.,0.));
#8487 = VECTOR('',#8488,1.);
#8488 = DIRECTION('',(1.,0.));
#8489 = ( GEOMETRIC_REPRESENTATION_CONTEXT(2) 
PARAMETRIC_REPRESENTATION_CONTEXT() REPRESENTATION_CONTEXT('2D SPACE',''
  ) );
#8490 = ORIENTED_EDGE('',*,*,#8348,.F.);
#8491 = ADVANCED_FACE('',(#8492),#8307,.T.);
#8492 = FACE_BOUND('',#8493,.T.);
#8493 = EDGE_LOOP('',(#8494,#8515,#8516,#8537));
#8494 = ORIENTED_EDGE('',*,*,#8495,.F.);
#8495 = EDGE_CURVE('',#8264,#8379,#8496,.T.);
#8496 = SURFACE_CURVE('',#8497,(#8501,#8508),.PCURVE_S1.);
#8497 = LINE('',#8498,#8499);
#8498 = CARTESIAN_POINT('',(7.,7.,35.5));
#8499 = VECTOR('',#8500,1.);
#8500 = DIRECTION('',(1.,0.,0.));
#8501 = PCURVE('',#8307,#8502);
#8502 = DEFINITIONAL_REPRESENTATION('',(#8503),#8507);
#8503 = LINE('',#8504,#8505);
#8504 = CARTESIAN_POINT('',(0.,0.));
#8505 = VECTOR('',#8506,1.);
#8506 = DIRECTION('',(0.,1.));
#8507 = ( GEOMETRIC_REPRESENTATION_CONTEXT(2) 
PARAMETRIC_REPRESENTATION_CONTEXT() REPRESENTATION_CONTEXT('2D SPACE',''
  ) );
#8508 = PCURVE('',#8279,#8509);
#8509 = DEFINITIONAL_REPRESENTATION('',(#8510),#8514);
#8510 = LINE('',#8511,#8512);
#8511 = CARTESIAN_POINT('',(0.,14.));
#8512 = VECTOR('',#8513,1.);
#8513 = DIRECTION('',(1.,0.));
#8514 = ( GEOMETRIC_REPRESENTATION_CONTEXT(2) 
PARAMETRIC_REPRESENTATION_CONTEXT() REPRESENTATION_CONTEXT('2D SPACE',''
  ) );
#8515 = ORIENTED_EDGE('',*,*,#8291,.T.);
#8516 = ORIENTED_EDGE('',*,*,#8517,.T.);
#8517 = EDGE_CURVE('',#8292,#8402,#8518,.T.);
#8518 = SURFACE_CURVE('',#8519,(#8523,#8530),.PCURVE_S1.);
#8519 = LINE('',#8520,#8521);
#8520 = CARTESIAN_POINT('',(7.,7.,58.3));
#8521 = VECTOR('',#8522,1.);
#8522 = DIRECTION('',(1.,0.,0.));
#8523 = PCURVE('',#8307,#8524);
#8524 = DEFINITIONAL_REPRESENTATION('',(#8525),#8529);
#8525 = LINE('',#8526,#8527);
#8526 = CARTESIAN_POINT('',(22.8,0.));
#8527 = VECTOR('',#8528,1.);
#8528 = DIRECTION('',(0.,1.));
#8529 = ( GEOMETRIC_REPRESENTATION_CONTEXT(2) 
PARAMETRIC_REPRESENTATION_CONTEXT() REPRESENTATION_CONTEXT('2D SPACE',''
  ) );
#8530 = PCURVE('',#8333,#8531);
#8531 = DEFINITIONAL_REPRESENTATION('',(#8532),#8536);
#8532 = LINE('',#8533,#8534);
#8533 = CARTESIAN_POINT('',(0.,14.));
#8534 = VECTOR('',#8535,1.);
#8535 = DIRECTION('',(1.,0.));
#8536 = ( GEOMETRIC_REPRESENTATION_CONTEXT(2) 
PARAMETRIC_REPRESENTATION_CONTEXT() REPRESENTATION_CONTEXT('2D SPACE',''
  ) );
#8537 = ORIENTED_EDGE('',*,*,#8401,.F.);
#8538 = ADVANCED_FACE('',(#8539),#8279,.F.);
#8539 = FACE_BOUND('',#8540,.F.);
#8540 = EDGE_LOOP('',(#8541,#8542,#8543,#8544));
#8541 = ORIENTED_EDGE('',*,*,#8263,.F.);
#8542 = ORIENTED_EDGE('',*,*,#8448,.T.);
#8543 = ORIENTED_EDGE('',*,*,#8378,.T.);
#8544 = ORIENTED_EDGE('',*,*,#8495,.F.);
#8545 = ADVANCED_FACE('',(#8546),#8333,.T.);
#8546 = FACE_BOUND('',#8547,.T.);
#8547 = EDGE_LOOP('',(#8548,#8549,#8550,#8551));
#8548 = ORIENTED_EDGE('',*,*,#8319,.F.);
#8549 = ORIENTED_EDGE('',*,*,#8470,.T.);
#8550 = ORIENTED_EDGE('',*,*,#8424,.T.);
#8551 = ORIENTED_EDGE('',*,*,#8517,.F.);
#8552 = ( GEOMETRIC_REPRESENTATION_CONTEXT(3) 
GLOBAL_UNCERTAINTY_ASSIGNED_CONTEXT((#8556)) 
GLOBAL_UNIT_ASSIGNED_CONTEXT((#8553,#8554,#8555)) REPRESENTATION_CONTEXT
('Context #1','3D Context with UNIT and UNCERTAINTY') );
#8553 = ( LENGTH_UNIT() NAMED_UNIT(*) SI_UNIT(.MILLI.,.METRE.) );
#8554 = ( NAMED_UNIT(*) PLANE_ANGLE_UNIT() SI_UNIT($,.RADIAN.) );
#8555 = ( NAMED_UNIT(*) SI_UNIT($,.STERADIAN.) SOLID_ANGLE_UNIT() );
#8556 = UNCERTAINTY_MEASURE_WITH_UNIT(LENGTH_MEASURE(1.E-07),#8553,
  'distance_accuracy_value','confusion accuracy');
#8557 = CONTEXT_DEPENDENT_SHAPE_REPRESENTATION(#8558,#8560);
#8558 = ( REPRESENTATION_RELATIONSHIP('','',#8221,#10) 
REPRESENTATION_RELATIONSHIP_WITH_TRANSFORMATION(#8559) 
SHAPE_REPRESENTATION_RELATIONSHIP() );
#8559 = ITEM_DEFINED_TRANSFORMATION('','',#11,#147);
#8560 = PRODUCT_DEFINITION_SHAPE('Placement','Placement of an item',
  #8561);
#8561 = NEXT_ASSEMBLY_USAGE_OCCURRENCE('88','main_board','',#5,#8216,$);
#8562 = PRODUCT_RELATED_PRODUCT_CATEGORY('part',$,(#8218));
#8563 = SHAPE_DEFINITION_REPRESENTATION(#8564,#8570);
#8564 = PRODUCT_DEFINITION_SHAPE('','',#8565);
#8565 = PRODUCT_DEFINITION('design','',#8566,#8569);
#8566 = PRODUCT_DEFINITION_FORMATION('','',#8567);
#8567 = PRODUCT('board_parts','board_parts','',(#8568));
#8568 = PRODUCT_CONTEXT('',#2,'mechanical');
#8569 = PRODUCT_DEFINITION_CONTEXT('part definition',#2,'design');
#8570 = ADVANCED_BREP_SHAPE_REPRESENTATION('',(#11,#8571),#8901);
#8571 = MANIFOLD_SOLID_BREP('',#8572);
#8572 = CLOSED_SHELL('',(#8573,#8693,#8793,#8840,#8887,#8894));
#8573 = ADVANCED_FACE('',(#8574),#8588,.F.);
#8574 = FACE_BOUND('',#8575,.F.);
#8575 = EDGE_LOOP('',(#8576,#8611,#8639,#8667));
#8576 = ORIENTED_EDGE('',*,*,#8577,.F.);
#8577 = EDGE_CURVE('',#8578,#8580,#8582,.T.);
#8578 = VERTEX_POINT('',#8579);
#8579 = CARTESIAN_POINT('',(5.8,-6.,35.5));
#8580 = VERTEX_POINT('',#8581);
#8581 = CARTESIAN_POINT('',(5.8,-6.,58.3));
#8582 = SURFACE_CURVE('',#8583,(#8587,#8599),.PCURVE_S1.);
#8583 = LINE('',#8584,#8585);
#8584 = CARTESIAN_POINT('',(5.8,-6.,35.5));
#8585 = VECTOR('',#8586,1.);
#8586 = DIRECTION('',(0.,0.,1.));
#8587 = PCURVE('',#8588,#8593);
#8588 = PLANE('',#8589);
#8589 = AXIS2_PLACEMENT_3D('',#8590,#8591,#8592);
#8590 = CARTESIAN_POINT('',(5.8,-6.,35.5));
#8591 = DIRECTION('',(1.,0.,0.));
#8592 = DIRECTION('',(0.,0.,1.));
#8593 = DEFINITIONAL_REPRESENTATION('',(#8594),#8598);
#8594 = LINE('',#8595,#8596);
#8595 = CARTESIAN_POINT('',(0.,0.));
#8596 = VECTOR('',#8597,1.);
#8597 = DIRECTION('',(1.,0.));
#8598 = ( GEOMETRIC_REPRESENTATION_CONTEXT(2) 
PARAMETRIC_REPRESENTATION_CONTEXT() REPRESENTATION_CONTEXT('2D SPACE',''
  ) );
#8599 = PCURVE('',#8600,#8605);
#8600 = PLANE('',#8601);
#8601 = AXIS2_PLACEMENT_3D('',#8602,#8603,#8604);
#8602 = CARTESIAN_POINT('',(5.8,-6.,35.5));
#8603 = DIRECTION('',(0.,1.,0.));
#8604 = DIRECTION('',(0.,0.,1.));
#8605 = DEFINITIONAL_REPRESENTATION('',(#8606),#8610);
#8606 = LINE('',#8607,#8608);
#8607 = CARTESIAN_POINT('',(0.,0.));
#8608 = VECTOR('',#8609,1.);
#8609 = DIRECTION('',(1.,0.));
#8610 = ( GEOMETRIC_REPRESENTATION_CONTEXT(2) 
PARAMETRIC_REPRESENTATION_CONTEXT() REPRESENTATION_CONTEXT('2D SPACE',''
  ) );
#8611 = ORIENTED_EDGE('',*,*,#8612,.T.);
#8612 = EDGE_CURVE('',#8578,#8613,#8615,.T.);
#8613 = VERTEX_POINT('',#8614);
#8614 = CARTESIAN_POINT('',(5.8,6.,35.5));
#8615 = SURFACE_CURVE('',#8616,(#8620,#8627),.PCURVE_S1.);
#8616 = LINE('',#8617,#8618);
#8617 = CARTESIAN_POINT('',(5.8,-6.,35.5));
#8618 = VECTOR('',#8619,1.);
#8619 = DIRECTION('',(0.,1.,0.));
#8620 = PCURVE('',#8588,#8621);
#8621 = DEFINITIONAL_REPRESENTATION('',(#8622),#8626);
#8622 = LINE('',#8623,#8624);
#8623 = CARTESIAN_POINT('',(0.,0.));
#8624 = VECTOR('',#8625,1.);
#8625 = DIRECTION('',(0.,-1.));
#8626 = ( GEOMETRIC_REPRESENTATION_CONTEXT(2) 
PARAMETRIC_REPRESENTATION_CONTEXT() REPRESENTATION_CONTEXT('2D SPACE',''
  ) );
#8627 = PCURVE('',#8628,#8633);
#8628 = PLANE('',#8629);
#8629 = AXIS2_PLACEMENT_3D('',#8630,#8631,#8632);
#8630 = CARTESIAN_POINT('',(5.8,-6.,35.5));
#8631 = DIRECTION('',(0.,0.,1.));
#8632 = DIRECTION('',(1.,0.,0.));
#8633 = DEFINITIONAL_REPRESENTATION('',(#8634),#8638);
#8634 = LINE('',#8635,#8636);
#8635 = CARTESIAN_POINT('',(0.,0.));
#8636 = VECTOR('',#8637,1.);
#8637 = DIRECTION('',(0.,1.));
#8638 = ( GEOMETRIC_REPRESENTATION_CONTEXT(2) 
PARAMETRIC_REPRESENTATION_CONTEXT() REPRESENTATION_CONTEXT('2D SPACE',''
  ) );
#8639 = ORIENTED_EDGE('',*,*,#8640,.T.);
#8640 = EDGE_CURVE('',#8613,#8641,#8643,.T.);
#8641 = VERTEX_POINT('',#8642);
#8642 = CARTESIAN_POINT('',(5.8,6.,58.3));
#8643 = SURFACE_CURVE('',#8644,(#8648,#8655),.PCURVE_S1.);
#8644 = LINE('',#8645,#8646);
#8645 = CARTESIAN_POINT('',(5.8,6.,35.5));
#8646 = VECTOR('',#8647,1.);
#8647 = DIRECTION('',(0.,0.,1.));
#8648 = PCURVE('',#8588,#8649);
#8649 = DEFINITIONAL_REPRESENTATION('',(#8650),#8654);
#8650 = LINE('',#8651,#8652);
#8651 = CARTESIAN_POINT('',(0.,-12.));
#8652 = VECTOR('',#8653,1.);
#8653 = DIRECTION('',(1.,0.));
#8654 = ( GEOMETRIC_REPRESENTATION_CONTEXT(2) 
PARAMETRIC_REPRESENTATION_CONTEXT() REPRESENTATION_CONTEXT('2D SPACE',''
  ) );
#8655 = PCURVE('',#8656,#8661);
#8656 = PLANE('',#8657);
#8657 = AXIS2_PLACEMENT_3D('',#8658,#8659,#8660);
#8658 = CARTESIAN_POINT('',(5.8,6.,35.5));
#8659 = DIRECTION('',(0.,1.,0.));
#8660 = DIRECTION('',(0.,0.,1.));
#8661 = DEFINITIONAL_REPRESENTATION('',(#8662),#8666);
#8662 = LINE('',#8663,#8664);
#8663 = CARTESIAN_POINT('',(0.,0.));
#8664 = VECTOR('',#8665,1.);
#8665 = DIRECTION('',(1.,0.));
#8666 = ( GEOMETRIC_REPRESENTATION_CONTEXT(2) 
PARAMETRIC_REPRESENTATION_CONTEXT() REPRESENTATION_CONTEXT('2D SPACE',''
  ) );
#8667 = ORIENTED_EDGE('',*,*,#8668,.F.);
#8668 = EDGE_CURVE('',#8580,#8641,#8669,.T.);
#8669 = SURFACE_CURVE('',#8670,(#8674,#8681),.PCURVE_S1.);
#8670 = LINE('',#8671,#8672);
#8671 = CARTESIAN_POINT('',(5.8,-6.,58.3));
#8672 = VECTOR('',#8673,1.);
#8673 = DIRECTION('',(0.,1.,0.));
#8674 = PCURVE('',#8588,#8675);
#8675 = DEFINITIONAL_REPRESENTATION('',(#8676),#8680);
#8676 = LINE('',#8677,#8678);
#8677 = CARTESIAN_POINT('',(22.8,0.));
#8678 = VECTOR('',#8679,1.);
#8679 = DIRECTION('',(0.,-1.));
#8680 = ( GEOMETRIC_REPRESENTATION_CONTEXT(2) 
PARAMETRIC_REPRESENTATION_CONTEXT() REPRESENTATION_CONTEXT('2D SPACE',''
  ) );
#8681 = PCURVE('',#8682,#8687);
#8682 = PLANE('',#8683);
#8683 = AXIS2_PLACEMENT_3D('',#8684,#8685,#8686);
#8684 = CARTESIAN_POINT('',(5.8,-6.,58.3));
#8685 = DIRECTION('',(0.,0.,1.));
#8686 = DIRECTION('',(1.,0.,0.));
#8687 = DEFINITIONAL_REPRESENTATION('',(#8688),#8692);
#8688 = LINE('',#8689,#8690);
#8689 = CARTESIAN_POINT('',(0.,0.));
#8690 = VECTOR('',#8691,1.);
#8691 = DIRECTION('',(0.,1.));
#8692 = ( GEOMETRIC_REPRESENTATION_CONTEXT(2) 
PARAMETRIC_REPRESENTATION_CONTEXT() REPRESENTATION_CONTEXT('2D SPACE',''
  ) );
#8693 = ADVANCED_FACE('',(#8694),#8708,.T.);
#8694 = FACE_BOUND('',#8695,.T.);
#8695 = EDGE_LOOP('',(#8696,#8726,#8749,#8772));
#8696 = ORIENTED_EDGE('',*,*,#8697,.F.);
#8697 = EDGE_CURVE('',#8698,#8700,#8702,.T.);
#8698 = VERTEX_POINT('',#8699);
#8699 = CARTESIAN_POINT('',(7.,-6.,35.5));
#8700 = VERTEX_POINT('',#8701);
#8701 = CARTESIAN_POINT('',(7.,-6.,58.3));
#8702 = SURFACE_CURVE('',#8703,(#8707,#8719),.PCURVE_S1.);
#8703 = LINE('',#8704,#8705);
#8704 = CARTESIAN_POINT('',(7.,-6.,35.5));
#8705 = VECTOR('',#8706,1.);
#8706 = DIRECTION('',(0.,0.,1.));
#8707 = PCURVE('',#8708,#8713);
#8708 = PLANE('',#8709);
#8709 = AXIS2_PLACEMENT_3D('',#8710,#8711,#8712);
#8710 = CARTESIAN_POINT('',(7.,-6.,35.5));
#8711 = DIRECTION('',(1.,0.,0.));
#8712 = DIRECTION('',(0.,0.,1.));
#8713 = DEFINITIONAL_REPRESENTATION('',(#8714),#8718);
#8714 = LINE('',#8715,#8716);
#8715 = CARTESIAN_POINT('',(0.,0.));
#8716 = VECTOR('',#8717,1.);
#8717 = DIRECTION('',(1.,0.));
#8718 = ( GEOMETRIC_REPRESENTATION_CONTEXT(2) 
PARAMETRIC_REPRESENTATION_CONTEXT() REPRESENTATION_CONTEXT('2D SPACE',''
  ) );
#8719 = PCURVE('',#8600,#8720);
#8720 = DEFINITIONAL_REPRESENTATION('',(#8721),#8725);
#8721 = LINE('',#8722,#8723);
#8722 = CARTESIAN_POINT('',(0.,1.2));
#8723 = VECTOR('',#8724,1.);
#8724 = DIRECTION('',(1.,0.));
#8725 = ( GEOMETRIC_REPRESENTATION_CONTEXT(2) 
PARAMETRIC_REPRESENTATION_CONTEXT() REPRESENTATION_CONTEXT('2D SPACE',''
  ) );
#8726 = ORIENTED_EDGE('',*,*,#8727,.T.);
#8727 = EDGE_CURVE('',#8698,#8728,#8730,.T.);
#8728 = VERTEX_POINT('',#8729);
#8729 = CARTESIAN_POINT('',(7.,6.,35.5));
#8730 = SURFACE_CURVE('',#8731,(#8735,#8742),.PCURVE_S1.);
#8731 = LINE('',#8732,#8733);
#8732 = CARTESIAN_POINT('',(7.,-6.,35.5));
#8733 = VECTOR('',#8734,1.);
#8734 = DIRECTION('',(0.,1.,0.));
#8735 = PCURVE('',#8708,#8736);
#8736 = DEFINITIONAL_REPRESENTATION('',(#8737),#8741);
#8737 = LINE('',#8738,#8739);
#8738 = CARTESIAN_POINT('',(0.,0.));
#8739 = VECTOR('',#8740,1.);
#8740 = DIRECTION('',(0.,-1.));
#8741 = ( GEOMETRIC_REPRESENTATION_CONTEXT(2) 
PARAMETRIC_REPRESENTATION_CONTEXT() REPRESENTATION_CONTEXT('2D SPACE',''
  ) );
#8742 = PCURVE('',#8628,#8743);
#8743 = DEFINITIONAL_REPRESENTATION('',(#8744),#8748);
#8744 = LINE('',#8745,#8746);
#8745 = CARTESIAN_POINT('',(1.2,0.));
#8746 = VECTOR('',#8747,1.);
#8747 = DIRECTION('',(0.,1.));
#8748 = ( GEOMETRIC_REPRESENTATION_CONTEXT(2) 
PARAMETRIC_REPRESENTATION_CONTEXT() REPRESENTATION_CONTEXT('2D SPACE',''
  ) );
#8749 = ORIENTED_EDGE('',*,*,#8750,.T.);
#8750 = EDGE_CURVE('',#8728,#8751,#8753,.T.);
#8751 = VERTEX_POINT('',#8752);
#8752 = CARTESIAN_POINT('',(7.,6.,58.3));
#8753 = SURFACE_CURVE('',#8754,(#8758,#8765),.PCURVE_S1.);
#8754 = LINE('',#8755,#8756);
#8755 = CARTESIAN_POINT('',(7.,6.,35.5));
#8756 = VECTOR('',#8757,1.);
#8757 = DIRECTION('',(0.,0.,1.));
#8758 = PCURVE('',#8708,#8759);
#8759 = DEFINITIONAL_REPRESENTATION('',(#8760),#8764);
#8760 = LINE('',#8761,#8762);
#8761 = CARTESIAN_POINT('',(0.,-12.));
#8762 = VECTOR('',#8763,1.);
#8763 = DIRECTION('',(1.,0.));
#8764 = ( GEOMETRIC_REPRESENTATION_CONTEXT(2) 
PARAMETRIC_REPRESENTATION_CONTEXT() REPRESENTATION_CONTEXT('2D SPACE',''
  ) );
#8765 = PCURVE('',#8656,#8766);
#8766 = DEFINITIONAL_REPRESENTATION('',(#8767),#8771);
#8767 = LINE('',#8768,#8769);
#8768 = CARTESIAN_POINT('',(0.,1.2));
#8769 = VECTOR('',#8770,1.);
#8770 = DIRECTION('',(1.,0.));
#8771 = ( GEOMETRIC_REPRESENTATION_CONTEXT(2) 
PARAMETRIC_REPRESENTATION_CONTEXT() REPRESENTATION_CONTEXT('2D SPACE',''
  ) );
#8772 = ORIENTED_EDGE('',*,*,#8773,.F.);
#8773 = EDGE_CURVE('',#8700,#8751,#8774,.T.);
#8774 = SURFACE_CURVE('',#8775,(#8779,#8786),.PCURVE_S1.);
#8775 = LINE('',#8776,#8777);
#8776 = CARTESIAN_POINT('',(7.,-6.,58.3));
#8777 = VECTOR('',#8778,1.);
#8778 = DIRECTION('',(0.,1.,0.));
#8779 = PCURVE('',#8708,#8780);
#8780 = DEFINITIONAL_REPRESENTATION('',(#8781),#8785);
#8781 = LINE('',#8782,#8783);
#8782 = CARTESIAN_POINT('',(22.8,0.));
#8783 = VECTOR('',#8784,1.);
#8784 = DIRECTION('',(0.,-1.));
#8785 = ( GEOMETRIC_REPRESENTATION_CONTEXT(2) 
PARAMETRIC_REPRESENTATION_CONTEXT() REPRESENTATION_CONTEXT('2D SPACE',''
  ) );
#8786 = PCURVE('',#8682,#8787);
#8787 = DEFINITIONAL_REPRESENTATION('',(#8788),#8792);
#8788 = LINE('',#8789,#8790);
#8789 = CARTESIAN_POINT('',(1.2,0.));
#8790 = VECTOR('',#8791,1.);
#8791 = DIRECTION('',(0.,1.));
#8792 = ( GEOMETRIC_REPRESENTATION_CONTEXT(2) 
PARAMETRIC_REPRESENTATION_CONTEXT() REPRESENTATION_CONTEXT('2D SPACE',''
  ) );
#8793 = ADVANCED_FACE('',(#8794),#8600,.F.);
#8794 = FACE_BOUND('',#8795,.F.);
#8795 = EDGE_LOOP('',(#8796,#8817,#8818,#8839));
#8796 = ORIENTED_EDGE('',*,*,#8797,.F.);
#8797 = EDGE_CURVE('',#8578,#8698,#8798,.T.);
#8798 = SURFACE_CURVE('',#8799,(#8803,#8810),.PCURVE_S1.);
#8799 = LINE('',#8800,#8801);
#8800 = CARTESIAN_POINT('',(5.8,-6.,35.5));
#8801 = VECTOR('',#8802,1.);
#8802 = DIRECTION('',(1.,0.,0.));
#8803 = PCURVE('',#8600,#8804);
#8804 = DEFINITIONAL_REPRESENTATION('',(#8805),#8809);
#8805 = LINE('',#8806,#8807);
#8806 = CARTESIAN_POINT('',(0.,0.));
#8807 = VECTOR('',#8808,1.);
#8808 = DIRECTION('',(0.,1.));
#8809 = ( GEOMETRIC_REPRESENTATION_CONTEXT(2) 
PARAMETRIC_REPRESENTATION_CONTEXT() REPRESENTATION_CONTEXT('2D SPACE',''
  ) );
#8810 = PCURVE('',#8628,#8811);
#8811 = DEFINITIONAL_REPRESENTATION('',(#8812),#8816);
#8812 = LINE('',#8813,#8814);
#8813 = CARTESIAN_POINT('',(0.,0.));
#8814 = VECTOR('',#8815,1.);
#8815 = DIRECTION('',(1.,0.));
#8816 = ( GEOMETRIC_REPRESENTATION_CONTEXT(2) 
PARAMETRIC_REPRESENTATION_CONTEXT() REPRESENTATION_CONTEXT('2D SPACE',''
  ) );
#8817 = ORIENTED_EDGE('',*,*,#8577,.T.);
#8818 = ORIENTED_EDGE('',*,*,#8819,.T.);
#8819 = EDGE_CURVE('',#8580,#8700,#8820,.T.);
#8820 = SURFACE_CURVE('',#8821,(#8825,#8832),.PCURVE_S1.);
#8821 = LINE('',#8822,#8823);
#8822 = CARTESIAN_POINT('',(5.8,-6.,58.3));
#8823 = VECTOR('',#8824,1.);
#8824 = DIRECTION('',(1.,0.,0.));
#8825 = PCURVE('',#8600,#8826);
#8826 = DEFINITIONAL_REPRESENTATION('',(#8827),#8831);
#8827 = LINE('',#8828,#8829);
#8828 = CARTESIAN_POINT('',(22.8,0.));
#8829 = VECTOR('',#8830,1.);
#8830 = DIRECTION('',(0.,1.));
#8831 = ( GEOMETRIC_REPRESENTATION_CONTEXT(2) 
PARAMETRIC_REPRESENTATION_CONTEXT() REPRESENTATION_CONTEXT('2D SPACE',''
  ) );
#8832 = PCURVE('',#8682,#8833);
#8833 = DEFINITIONAL_REPRESENTATION('',(#8834),#8838);
#8834 = LINE('',#8835,#8836);
#8835 = CARTESIAN_POINT('',(0.,0.));
#8836 = VECTOR('',#8837,1.);
#8837 = DIRECTION('',(1.,0.));
#8838 = ( GEOMETRIC_REPRESENTATION_CONTEXT(2) 
PARAMETRIC_REPRESENTATION_CONTEXT() REPRESENTATION_CONTEXT('2D SPACE',''
  ) );
#8839 = ORIENTED_EDGE('',*,*,#8697,.F.);
#8840 = ADVANCED_FACE('',(#8841),#8656,.T.);
#8841 = FACE_BOUND('',#8842,.T.);
#8842 = EDGE_LOOP('',(#8843,#8864,#8865,#8886));
#8843 = ORIENTED_EDGE('',*,*,#8844,.F.);
#8844 = EDGE_CURVE('',#8613,#8728,#8845,.T.);
#8845 = SURFACE_CURVE('',#8846,(#8850,#8857),.PCURVE_S1.);
#8846 = LINE('',#8847,#8848);
#8847 = CARTESIAN_POINT('',(5.8,6.,35.5));
#8848 = VECTOR('',#8849,1.);
#8849 = DIRECTION('',(1.,0.,0.));
#8850 = PCURVE('',#8656,#8851);
#8851 = DEFINITIONAL_REPRESENTATION('',(#8852),#8856);
#8852 = LINE('',#8853,#8854);
#8853 = CARTESIAN_POINT('',(0.,0.));
#8854 = VECTOR('',#8855,1.);
#8855 = DIRECTION('',(0.,1.));
#8856 = ( GEOMETRIC_REPRESENTATION_CONTEXT(2) 
PARAMETRIC_REPRESENTATION_CONTEXT() REPRESENTATION_CONTEXT('2D SPACE',''
  ) );
#8857 = PCURVE('',#8628,#8858);
#8858 = DEFINITIONAL_REPRESENTATION('',(#8859),#8863);
#8859 = LINE('',#8860,#8861);
#8860 = CARTESIAN_POINT('',(0.,12.));
#8861 = VECTOR('',#8862,1.);
#8862 = DIRECTION('',(1.,0.));
#8863 = ( GEOMETRIC_REPRESENTATION_CONTEXT(2) 
PARAMETRIC_REPRESENTATION_CONTEXT() REPRESENTATION_CONTEXT('2D SPACE',''
  ) );
#8864 = ORIENTED_EDGE('',*,*,#8640,.T.);
#8865 = ORIENTED_EDGE('',*,*,#8866,.T.);
#8866 = EDGE_CURVE('',#8641,#8751,#8867,.T.);
#8867 = SURFACE_CURVE('',#8868,(#8872,#8879),.PCURVE_S1.);
#8868 = LINE('',#8869,#8870);
#8869 = CARTESIAN_POINT('',(5.8,6.,58.3));
#8870 = VECTOR('',#8871,1.);
#8871 = DIRECTION('',(1.,0.,0.));
#8872 = PCURVE('',#8656,#8873);
#8873 = DEFINITIONAL_REPRESENTATION('',(#8874),#8878);
#8874 = LINE('',#8875,#8876);
#8875 = CARTESIAN_POINT('',(22.8,0.));
#8876 = VECTOR('',#8877,1.);
#8877 = DIRECTION('',(0.,1.));
#8878 = ( GEOMETRIC_REPRESENTATION_CONTEXT(2) 
PARAMETRIC_REPRESENTATION_CONTEXT() REPRESENTATION_CONTEXT('2D SPACE',''
  ) );
#8879 = PCURVE('',#8682,#8880);
#8880 = DEFINITIONAL_REPRESENTATION('',(#8881),#8885);
#8881 = LINE('',#8882,#8883);
#8882 = CARTESIAN_POINT('',(0.,12.));
#8883 = VECTOR('',#8884,1.);
#8884 = DIRECTION('',(1.,0.));
#8885 = ( GEOMETRIC_REPRESENTATION_CONTEXT(2) 
PARAMETRIC_REPRESENTATION_CONTEXT() REPRESENTATION_CONTEXT('2D SPACE',''
  ) );
#8886 = ORIENTED_EDGE('',*,*,#8750,.F.);
#8887 = ADVANCED_FACE('',(#8888),#8628,.F.);
#8888 = FACE_BOUND('',#8889,.F.);
#8889 = EDGE_LOOP('',(#8890,#8891,#8892,#8893));
#8890 = ORIENTED_EDGE('',*,*,#8612,.F.);
#8891 = ORIENTED_EDGE('',*,*,#8797,.T.);
#8892 = ORIENTED_EDGE('',*,*,#8727,.T.);
#8893 = ORIENTED_EDGE('',*,*,#8844,.F.);
#8894 = ADVANCED_FACE('',(#8895),#8682,.T.);
#8895 = FACE_BOUND('',#8896,.T.);
#8896 = EDGE_LOOP('',(#8897,#8898,#8899,#8900));
#8897 = ORIENTED_EDGE('',*,*,#8668,.F.);
#8898 = ORIENTED_EDGE('',*,*,#8819,.T.);
#8899 = ORIENTED_EDGE('',*,*,#8773,.T.);
#8900 = ORIENTED_EDGE('',*,*,#8866,.F.);
#8901 = ( GEOMETRIC_REPRESENTATION_CONTEXT(3) 
GLOBAL_UNCERTAINTY_ASSIGNED_CONTEXT((#8905)) 
GLOBAL_UNIT_ASSIGNED_CONTEXT((#8902,#8903,#8904)) REPRESENTATION_CONTEXT
('Context #1','3D Context with UNIT and UNCERTAINTY') );
#8902 = ( LENGTH_UNIT() NAMED_UNIT(*) SI_UNIT(.MILLI.,.METRE.) );
#8903 = ( NAMED_UNIT(*) PLANE_ANGLE_UNIT() SI_UNIT($,.RADIAN.) );
#8904 = ( NAMED_UNIT(*) SI_UNIT($,.STERADIAN.) SOLID_ANGLE_UNIT() );
#8905 = UNCERTAINTY_MEASURE_WITH_UNIT(LENGTH_MEASURE(1.E-07),#8902,
  'distance_accuracy_value','confusion accuracy');
#8906 = CONTEXT_DEPENDENT_SHAPE_REPRESENTATION(#8907,#8909);
#8907 = ( REPRESENTATION_RELATIONSHIP('','',#8570,#10) 
REPRESENTATION_RELATIONSHIP_WITH_TRANSFORMATION(#8908) 
SHAPE_REPRESENTATION_RELATIONSHIP() );
#8908 = ITEM_DEFINED_TRANSFORMATION('','',#11,#151);
#8909 = PRODUCT_DEFINITION_SHAPE('Placement','Placement of an item',
  #8910);
#8910 = NEXT_ASSEMBLY_USAGE_OCCURRENCE('89','board_parts','',#5,#8565,$
  );
#8911 = PRODUCT_RELATED_PRODUCT_CATEGORY('part',$,(#8567));
#8912 = SHAPE_DEFINITION_REPRESENTATION(#8913,#8919);
#8913 = PRODUCT_DEFINITION_SHAPE('','',#8914);
#8914 = PRODUCT_DEFINITION('design','',#8915,#8918);
#8915 = PRODUCT_DEFINITION_FORMATION('','',#8916);
#8916 = PRODUCT('imu','imu','',(#8917));
#8917 = PRODUCT_CONTEXT('',#2,'mechanical');
#8918 = PRODUCT_DEFINITION_CONTEXT('part definition',#2,'design');
#8919 = ADVANCED_BREP_SHAPE_REPRESENTATION('',(#11,#8920),#9250);
#8920 = MANIFOLD_SOLID_BREP('',#8921);
#8921 = CLOSED_SHELL('',(#8922,#9042,#9142,#9189,#9236,#9243));
#8922 = ADVANCED_FACE('',(#8923),#8937,.F.);
#8923 = FACE_BOUND('',#8924,.F.);
#8924 = EDGE_LOOP('',(#8925,#8960,#8988,#9016));
#8925 = ORIENTED_EDGE('',*,*,#8926,.F.);
#8926 = EDGE_CURVE('',#8927,#8929,#8931,.T.);
#8927 = VERTEX_POINT('',#8928);
#8928 = CARTESIAN_POINT('',(8.,-1.5,49.5));
#8929 = VERTEX_POINT('',#8930);
#8930 = CARTESIAN_POINT('',(8.,-1.5,52.));
#8931 = SURFACE_CURVE('',#8932,(#8936,#8948),.PCURVE_S1.);
#8932 = LINE('',#8933,#8934);
#8933 = CARTESIAN_POINT('',(8.,-1.5,49.5));
#8934 = VECTOR('',#8935,1.);
#8935 = DIRECTION('',(0.,0.,1.));
#8936 = PCURVE('',#8937,#8942);
#8937 = PLANE('',#8938);
#8938 = AXIS2_PLACEMENT_3D('',#8939,#8940,#8941);
#8939 = CARTESIAN_POINT('',(8.,-1.5,49.5));
#8940 = DIRECTION('',(1.,0.,0.));
#8941 = DIRECTION('',(0.,0.,1.));
#8942 = DEFINITIONAL_REPRESENTATION('',(#8943),#8947);
#8943 = LINE('',#8944,#8945);
#8944 = CARTESIAN_POINT('',(0.,0.));
#8945 = VECTOR('',#8946,1.);
#8946 = DIRECTION('',(1.,0.));
#8947 = ( GEOMETRIC_REPRESENTATION_CONTEXT(2) 
PARAMETRIC_REPRESENTATION_CONTEXT() REPRESENTATION_CONTEXT('2D SPACE',''
  ) );
#8948 = PCURVE('',#8949,#8954);
#8949 = PLANE('',#8950);
#8950 = AXIS2_PLACEMENT_3D('',#8951,#8952,#8953);
#8951 = CARTESIAN_POINT('',(8.,-1.5,49.5));
#8952 = DIRECTION('',(0.,1.,0.));
#8953 = DIRECTION('',(0.,0.,1.));
#8954 = DEFINITIONAL_REPRESENTATION('',(#8955),#8959);
#8955 = LINE('',#8956,#8957);
#8956 = CARTESIAN_POINT('',(0.,0.));
#8957 = VECTOR('',#8958,1.);
#8958 = DIRECTION('',(1.,0.));
#8959 = ( GEOMETRIC_REPRESENTATION_CONTEXT(2) 
PARAMETRIC_REPRESENTATION_CONTEXT() REPRESENTATION_CONTEXT('2D SPACE',''
  ) );
#8960 = ORIENTED_EDGE('',*,*,#8961,.T.);
#8961 = EDGE_CURVE('',#8927,#8962,#8964,.T.);
#8962 = VERTEX_POINT('',#8963);
#8963 = CARTESIAN_POINT('',(8.,1.5,49.5));
#8964 = SURFACE_CURVE('',#8965,(#8969,#8976),.PCURVE_S1.);
#8965 = LINE('',#8966,#8967);
#8966 = CARTESIAN_POINT('',(8.,-1.5,49.5));
#8967 = VECTOR('',#8968,1.);
#8968 = DIRECTION('',(0.,1.,0.));
#8969 = PCURVE('',#8937,#8970);
#8970 = DEFINITIONAL_REPRESENTATION('',(#8971),#8975);
#8971 = LINE('',#8972,#8973);
#8972 = CARTESIAN_POINT('',(0.,0.));
#8973 = VECTOR('',#8974,1.);
#8974 = DIRECTION('',(0.,-1.));
#8975 = ( GEOMETRIC_REPRESENTATION_CONTEXT(2) 
PARAMETRIC_REPRESENTATION_CONTEXT() REPRESENTATION_CONTEXT('2D SPACE',''
  ) );
#8976 = PCURVE('',#8977,#8982);
#8977 = PLANE('',#8978);
#8978 = AXIS2_PLACEMENT_3D('',#8979,#8980,#8981);
#8979 = CARTESIAN_POINT('',(8.,-1.5,49.5));
#8980 = DIRECTION('',(0.,0.,1.));
#8981 = DIRECTION('',(1.,0.,0.));
#8982 = DEFINITIONAL_REPRESENTATION('',(#8983),#8987);
#8983 = LINE('',#8984,#8985);
#8984 = CARTESIAN_POINT('',(0.,0.));
#8985 = VECTOR('',#8986,1.);
#8986 = DIRECTION('',(0.,1.));
#8987 = ( GEOMETRIC_REPRESENTATION_CONTEXT(2) 
PARAMETRIC_REPRESENTATION_CONTEXT() REPRESENTATION_CONTEXT('2D SPACE',''
  ) );
#8988 = ORIENTED_EDGE('',*,*,#8989,.T.);
#8989 = EDGE_CURVE('',#8962,#8990,#8992,.T.);
#8990 = VERTEX_POINT('',#8991);
#8991 = CARTESIAN_POINT('',(8.,1.5,52.));
#8992 = SURFACE_CURVE('',#8993,(#8997,#9004),.PCURVE_S1.);
#8993 = LINE('',#8994,#8995);
#8994 = CARTESIAN_POINT('',(8.,1.5,49.5));
#8995 = VECTOR('',#8996,1.);
#8996 = DIRECTION('',(0.,0.,1.));
#8997 = PCURVE('',#8937,#8998);
#8998 = DEFINITIONAL_REPRESENTATION('',(#8999),#9003);
#8999 = LINE('',#9000,#9001);
#9000 = CARTESIAN_POINT('',(0.,-3.));
#9001 = VECTOR('',#9002,1.);
#9002 = DIRECTION('',(1.,0.));
#9003 = ( GEOMETRIC_REPRESENTATION_CONTEXT(2) 
PARAMETRIC_REPRESENTATION_CONTEXT() REPRESENTATION_CONTEXT('2D SPACE',''
  ) );
#9004 = PCURVE('',#9005,#9010);
#9005 = PLANE('',#9006);
#9006 = AXIS2_PLACEMENT_3D('',#9007,#9008,#9009);
#9007 = CARTESIAN_POINT('',(8.,1.5,49.5));
#9008 = DIRECTION('',(0.,1.,0.));
#9009 = DIRECTION('',(0.,0.,1.));
#9010 = DEFINITIONAL_REPRESENTATION('',(#9011),#9015);
#9011 = LINE('',#9012,#9013);
#9012 = CARTESIAN_POINT('',(0.,0.));
#9013 = VECTOR('',#9014,1.);
#9014 = DIRECTION('',(1.,0.));
#9015 = ( GEOMETRIC_REPRESENTATION_CONTEXT(2) 
PARAMETRIC_REPRESENTATION_CONTEXT() REPRESENTATION_CONTEXT('2D SPACE',''
  ) );
#9016 = ORIENTED_EDGE('',*,*,#9017,.F.);
#9017 = EDGE_CURVE('',#8929,#8990,#9018,.T.);
#9018 = SURFACE_CURVE('',#9019,(#9023,#9030),.PCURVE_S1.);
#9019 = LINE('',#9020,#9021);
#9020 = CARTESIAN_POINT('',(8.,-1.5,52.));
#9021 = VECTOR('',#9022,1.);
#9022 = DIRECTION('',(0.,1.,0.));
#9023 = PCURVE('',#8937,#9024);
#9024 = DEFINITIONAL_REPRESENTATION('',(#9025),#9029);
#9025 = LINE('',#9026,#9027);
#9026 = CARTESIAN_POINT('',(2.5,0.));
#9027 = VECTOR('',#9028,1.);
#9028 = DIRECTION('',(0.,-1.));
#9029 = ( GEOMETRIC_REPRESENTATION_CONTEXT(2) 
PARAMETRIC_REPRESENTATION_CONTEXT() REPRESENTATION_CONTEXT('2D SPACE',''
  ) );
#9030 = PCURVE('',#9031,#9036);
#9031 = PLANE('',#9032);
#9032 = AXIS2_PLACEMENT_3D('',#9033,#9034,#9035);
#9033 = CARTESIAN_POINT('',(8.,-1.5,52.));
#9034 = DIRECTION('',(0.,0.,1.));
#9035 = DIRECTION('',(1.,0.,0.));
#9036 = DEFINITIONAL_REPRESENTATION('',(#9037),#9041);
#9037 = LINE('',#9038,#9039);
#9038 = CARTESIAN_POINT('',(0.,0.));
#9039 = VECTOR('',#9040,1.);
#9040 = DIRECTION('',(0.,1.));
#9041 = ( GEOMETRIC_REPRESENTATION_CONTEXT(2) 
PARAMETRIC_REPRESENTATION_CONTEXT() REPRESENTATION_CONTEXT('2D SPACE',''
  ) );
#9042 = ADVANCED_FACE('',(#9043),#9057,.T.);
#9043 = FACE_BOUND('',#9044,.T.);
#9044 = EDGE_LOOP('',(#9045,#9075,#9098,#9121));
#9045 = ORIENTED_EDGE('',*,*,#9046,.F.);
#9046 = EDGE_CURVE('',#9047,#9049,#9051,.T.);
#9047 = VERTEX_POINT('',#9048);
#9048 = CARTESIAN_POINT('',(8.83,-1.5,49.5));
#9049 = VERTEX_POINT('',#9050);
#9050 = CARTESIAN_POINT('',(8.83,-1.5,52.));
#9051 = SURFACE_CURVE('',#9052,(#9056,#9068),.PCURVE_S1.);
#9052 = LINE('',#9053,#9054);
#9053 = CARTESIAN_POINT('',(8.83,-1.5,49.5));
#9054 = VECTOR('',#9055,1.);
#9055 = DIRECTION('',(0.,0.,1.));
#9056 = PCURVE('',#9057,#9062);
#9057 = PLANE('',#9058);
#9058 = AXIS2_PLACEMENT_3D('',#9059,#9060,#9061);
#9059 = CARTESIAN_POINT('',(8.83,-1.5,49.5));
#9060 = DIRECTION('',(1.,0.,0.));
#9061 = DIRECTION('',(0.,0.,1.));
#9062 = DEFINITIONAL_REPRESENTATION('',(#9063),#9067);
#9063 = LINE('',#9064,#9065);
#9064 = CARTESIAN_POINT('',(0.,0.));
#9065 = VECTOR('',#9066,1.);
#9066 = DIRECTION('',(1.,0.));
#9067 = ( GEOMETRIC_REPRESENTATION_CONTEXT(2) 
PARAMETRIC_REPRESENTATION_CONTEXT() REPRESENTATION_CONTEXT('2D SPACE',''
  ) );
#9068 = PCURVE('',#8949,#9069);
#9069 = DEFINITIONAL_REPRESENTATION('',(#9070),#9074);
#9070 = LINE('',#9071,#9072);
#9071 = CARTESIAN_POINT('',(0.,0.83));
#9072 = VECTOR('',#9073,1.);
#9073 = DIRECTION('',(1.,0.));
#9074 = ( GEOMETRIC_REPRESENTATION_CONTEXT(2) 
PARAMETRIC_REPRESENTATION_CONTEXT() REPRESENTATION_CONTEXT('2D SPACE',''
  ) );
#9075 = ORIENTED_EDGE('',*,*,#9076,.T.);
#9076 = EDGE_CURVE('',#9047,#9077,#9079,.T.);
#9077 = VERTEX_POINT('',#9078);
#9078 = CARTESIAN_POINT('',(8.83,1.5,49.5));
#9079 = SURFACE_CURVE('',#9080,(#9084,#9091),.PCURVE_S1.);
#9080 = LINE('',#9081,#9082);
#9081 = CARTESIAN_POINT('',(8.83,-1.5,49.5));
#9082 = VECTOR('',#9083,1.);
#9083 = DIRECTION('',(0.,1.,0.));
#9084 = PCURVE('',#9057,#9085);
#9085 = DEFINITIONAL_REPRESENTATION('',(#9086),#9090);
#9086 = LINE('',#9087,#9088);
#9087 = CARTESIAN_POINT('',(0.,0.));
#9088 = VECTOR('',#9089,1.);
#9089 = DIRECTION('',(0.,-1.));
#9090 = ( GEOMETRIC_REPRESENTATION_CONTEXT(2) 
PARAMETRIC_REPRESENTATION_CONTEXT() REPRESENTATION_CONTEXT('2D SPACE',''
  ) );
#9091 = PCURVE('',#8977,#9092);
#9092 = DEFINITIONAL_REPRESENTATION('',(#9093),#9097);
#9093 = LINE('',#9094,#9095);
#9094 = CARTESIAN_POINT('',(0.83,0.));
#9095 = VECTOR('',#9096,1.);
#9096 = DIRECTION('',(0.,1.));
#9097 = ( GEOMETRIC_REPRESENTATION_CONTEXT(2) 
PARAMETRIC_REPRESENTATION_CONTEXT() REPRESENTATION_CONTEXT('2D SPACE',''
  ) );
#9098 = ORIENTED_EDGE('',*,*,#9099,.T.);
#9099 = EDGE_CURVE('',#9077,#9100,#9102,.T.);
#9100 = VERTEX_POINT('',#9101);
#9101 = CARTESIAN_POINT('',(8.83,1.5,52.));
#9102 = SURFACE_CURVE('',#9103,(#9107,#9114),.PCURVE_S1.);
#9103 = LINE('',#9104,#9105);
#9104 = CARTESIAN_POINT('',(8.83,1.5,49.5));
#9105 = VECTOR('',#9106,1.);
#9106 = DIRECTION('',(0.,0.,1.));
#9107 = PCURVE('',#9057,#9108);
#9108 = DEFINITIONAL_REPRESENTATION('',(#9109),#9113);
#9109 = LINE('',#9110,#9111);
#9110 = CARTESIAN_POINT('',(0.,-3.));
#9111 = VECTOR('',#9112,1.);
#9112 = DIRECTION('',(1.,0.));
#9113 = ( GEOMETRIC_REPRESENTATION_CONTEXT(2) 
PARAMETRIC_REPRESENTATION_CONTEXT() REPRESENTATION_CONTEXT('2D SPACE',''
  ) );
#9114 = PCURVE('',#9005,#9115);
#9115 = DEFINITIONAL_REPRESENTATION('',(#9116),#9120);
#9116 = LINE('',#9117,#9118);
#9117 = CARTESIAN_POINT('',(0.,0.83));
#9118 = VECTOR('',#9119,1.);
#9119 = DIRECTION('',(1.,0.));
#9120 = ( GEOMETRIC_REPRESENTATION_CONTEXT(2) 
PARAMETRIC_REPRESENTATION_CONTEXT() REPRESENTATION_CONTEXT('2D SPACE',''
  ) );
#9121 = ORIENTED_EDGE('',*,*,#9122,.F.);
#9122 = EDGE_CURVE('',#9049,#9100,#9123,.T.);
#9123 = SURFACE_CURVE('',#9124,(#9128,#9135),.PCURVE_S1.);
#9124 = LINE('',#9125,#9126);
#9125 = CARTESIAN_POINT('',(8.83,-1.5,52.));
#9126 = VECTOR('',#9127,1.);
#9127 = DIRECTION('',(0.,1.,0.));
#9128 = PCURVE('',#9057,#9129);
#9129 = DEFINITIONAL_REPRESENTATION('',(#9130),#9134);
#9130 = LINE('',#9131,#9132);
#9131 = CARTESIAN_POINT('',(2.5,0.));
#9132 = VECTOR('',#9133,1.);
#9133 = DIRECTION('',(0.,-1.));
#9134 = ( GEOMETRIC_REPRESENTATION_CONTEXT(2) 
PARAMETRIC_REPRESENTATION_CONTEXT() REPRESENTATION_CONTEXT('2D SPACE',''
  ) );
#9135 = PCURVE('',#9031,#9136);
#9136 = DEFINITIONAL_REPRESENTATION('',(#9137),#9141);
#9137 = LINE('',#9138,#9139);
#9138 = CARTESIAN_POINT('',(0.83,0.));
#9139 = VECTOR('',#9140,1.);
#9140 = DIRECTION('',(0.,1.));
#9141 = ( GEOMETRIC_REPRESENTATION_CONTEXT(2) 
PARAMETRIC_REPRESENTATION_CONTEXT() REPRESENTATION_CONTEXT('2D SPACE',''
  ) );
#9142 = ADVANCED_FACE('',(#9143),#8949,.F.);
#9143 = FACE_BOUND('',#9144,.F.);
#9144 = EDGE_LOOP('',(#9145,#9166,#9167,#9188));
#9145 = ORIENTED_EDGE('',*,*,#9146,.F.);
#9146 = EDGE_CURVE('',#8927,#9047,#9147,.T.);
#9147 = SURFACE_CURVE('',#9148,(#9152,#9159),.PCURVE_S1.);
#9148 = LINE('',#9149,#9150);
#9149 = CARTESIAN_POINT('',(8.,-1.5,49.5));
#9150 = VECTOR('',#9151,1.);
#9151 = DIRECTION('',(1.,0.,0.));
#9152 = PCURVE('',#8949,#9153);
#9153 = DEFINITIONAL_REPRESENTATION('',(#9154),#9158);
#9154 = LINE('',#9155,#9156);
#9155 = CARTESIAN_POINT('',(0.,0.));
#9156 = VECTOR('',#9157,1.);
#9157 = DIRECTION('',(0.,1.));
#9158 = ( GEOMETRIC_REPRESENTATION_CONTEXT(2) 
PARAMETRIC_REPRESENTATION_CONTEXT() REPRESENTATION_CONTEXT('2D SPACE',''
  ) );
#9159 = PCURVE('',#8977,#9160);
#9160 = DEFINITIONAL_REPRESENTATION('',(#9161),#9165);
#9161 = LINE('',#9162,#9163);
#9162 = CARTESIAN_POINT('',(0.,0.));
#9163 = VECTOR('',#9164,1.);
#9164 = DIRECTION('',(1.,0.));
#9165 = ( GEOMETRIC_REPRESENTATION_CONTEXT(2) 
PARAMETRIC_REPRESENTATION_CONTEXT() REPRESENTATION_CONTEXT('2D SPACE',''
  ) );
#9166 = ORIENTED_EDGE('',*,*,#8926,.T.);
#9167 = ORIENTED_EDGE('',*,*,#9168,.T.);
#9168 = EDGE_CURVE('',#8929,#9049,#9169,.T.);
#9169 = SURFACE_CURVE('',#9170,(#9174,#9181),.PCURVE_S1.);
#9170 = LINE('',#9171,#9172);
#9171 = CARTESIAN_POINT('',(8.,-1.5,52.));
#9172 = VECTOR('',#9173,1.);
#9173 = DIRECTION('',(1.,0.,0.));
#9174 = PCURVE('',#8949,#9175);
#9175 = DEFINITIONAL_REPRESENTATION('',(#9176),#9180);
#9176 = LINE('',#9177,#9178);
#9177 = CARTESIAN_POINT('',(2.5,0.));
#9178 = VECTOR('',#9179,1.);
#9179 = DIRECTION('',(0.,1.));
#9180 = ( GEOMETRIC_REPRESENTATION_CONTEXT(2) 
PARAMETRIC_REPRESENTATION_CONTEXT() REPRESENTATION_CONTEXT('2D SPACE',''
  ) );
#9181 = PCURVE('',#9031,#9182);
#9182 = DEFINITIONAL_REPRESENTATION('',(#9183),#9187);
#9183 = LINE('',#9184,#9185);
#9184 = CARTESIAN_POINT('',(0.,0.));
#9185 = VECTOR('',#9186,1.);
#9186 = DIRECTION('',(1.,0.));
#9187 = ( GEOMETRIC_REPRESENTATION_CONTEXT(2) 
PARAMETRIC_REPRESENTATION_CONTEXT() REPRESENTATION_CONTEXT('2D SPACE',''
  ) );
#9188 = ORIENTED_EDGE('',*,*,#9046,.F.);
#9189 = ADVANCED_FACE('',(#9190),#9005,.T.);
#9190 = FACE_BOUND('',#9191,.T.);
#9191 = EDGE_LOOP('',(#9192,#9213,#9214,#9235));
#9192 = ORIENTED_EDGE('',*,*,#9193,.F.);
#9193 = EDGE_CURVE('',#8962,#9077,#9194,.T.);
#9194 = SURFACE_CURVE('',#9195,(#9199,#9206),.PCURVE_S1.);
#9195 = LINE('',#9196,#9197);
#9196 = CARTESIAN_POINT('',(8.,1.5,49.5));
#9197 = VECTOR('',#9198,1.);
#9198 = DIRECTION('',(1.,0.,0.));
#9199 = PCURVE('',#9005,#9200);
#9200 = DEFINITIONAL_REPRESENTATION('',(#9201),#9205);
#9201 = LINE('',#9202,#9203);
#9202 = CARTESIAN_POINT('',(0.,0.));
#9203 = VECTOR('',#9204,1.);
#9204 = DIRECTION('',(0.,1.));
#9205 = ( GEOMETRIC_REPRESENTATION_CONTEXT(2) 
PARAMETRIC_REPRESENTATION_CONTEXT() REPRESENTATION_CONTEXT('2D SPACE',''
  ) );
#9206 = PCURVE('',#8977,#9207);
#9207 = DEFINITIONAL_REPRESENTATION('',(#9208),#9212);
#9208 = LINE('',#9209,#9210);
#9209 = CARTESIAN_POINT('',(0.,3.));
#9210 = VECTOR('',#9211,1.);
#9211 = DIRECTION('',(1.,0.));
#9212 = ( GEOMETRIC_REPRESENTATION_CONTEXT(2) 
PARAMETRIC_REPRESENTATION_CONTEXT() REPRESENTATION_CONTEXT('2D SPACE',''
  ) );
#9213 = ORIENTED_EDGE('',*,*,#8989,.T.);
#9214 = ORIENTED_EDGE('',*,*,#9215,.T.);
#9215 = EDGE_CURVE('',#8990,#9100,#9216,.T.);
#9216 = SURFACE_CURVE('',#9217,(#9221,#9228),.PCURVE_S1.);
#9217 = LINE('',#9218,#9219);
#9218 = CARTESIAN_POINT('',(8.,1.5,52.));
#9219 = VECTOR('',#9220,1.);
#9220 = DIRECTION('',(1.,0.,0.));
#9221 = PCURVE('',#9005,#9222);
#9222 = DEFINITIONAL_REPRESENTATION('',(#9223),#9227);
#9223 = LINE('',#9224,#9225);
#9224 = CARTESIAN_POINT('',(2.5,0.));
#9225 = VECTOR('',#9226,1.);
#9226 = DIRECTION('',(0.,1.));
#9227 = ( GEOMETRIC_REPRESENTATION_CONTEXT(2) 
PARAMETRIC_REPRESENTATION_CONTEXT() REPRESENTATION_CONTEXT('2D SPACE',''
  ) );
#9228 = PCURVE('',#9031,#9229);
#9229 = DEFINITIONAL_REPRESENTATION('',(#9230),#9234);
#9230 = LINE('',#9231,#9232);
#9231 = CARTESIAN_POINT('',(0.,3.));
#9232 = VECTOR('',#9233,1.);
#9233 = DIRECTION('',(1.,0.));
#9234 = ( GEOMETRIC_REPRESENTATION_CONTEXT(2) 
PARAMETRIC_REPRESENTATION_CONTEXT() REPRESENTATION_CONTEXT('2D SPACE',''
  ) );
#9235 = ORIENTED_EDGE('',*,*,#9099,.F.);
#9236 = ADVANCED_FACE('',(#9237),#8977,.F.);
#9237 = FACE_BOUND('',#9238,.F.);
#9238 = EDGE_LOOP('',(#9239,#9240,#9241,#9242));
#9239 = ORIENTED_EDGE('',*,*,#8961,.F.);
#9240 = ORIENTED_EDGE('',*,*,#9146,.T.);
#9241 = ORIENTED_EDGE('',*,*,#9076,.T.);
#9242 = ORIENTED_EDGE('',*,*,#9193,.F.);
#9243 = ADVANCED_FACE('',(#9244),#9031,.T.);
#9244 = FACE_BOUND('',#9245,.T.);
#9245 = EDGE_LOOP('',(#9246,#9247,#9248,#9249));
#9246 = ORIENTED_EDGE('',*,*,#9017,.F.);
#9247 = ORIENTED_EDGE('',*,*,#9168,.T.);
#9248 = ORIENTED_EDGE('',*,*,#9122,.T.);
#9249 = ORIENTED_EDGE('',*,*,#9215,.F.);
#9250 = ( GEOMETRIC_REPRESENTATION_CONTEXT(3) 
GLOBAL_UNCERTAINTY_ASSIGNED_CONTEXT((#9254)) 
GLOBAL_UNIT_ASSIGNED_CONTEXT((#9251,#9252,#9253)) REPRESENTATION_CONTEXT
('Context #1','3D Context with UNIT and UNCERTAINTY') );
#9251 = ( LENGTH_UNIT() NAMED_UNIT(*) SI_UNIT(.MILLI.,.METRE.) );
#9252 = ( NAMED_UNIT(*) PLANE_ANGLE_UNIT() SI_UNIT($,.RADIAN.) );
#9253 = ( NAMED_UNIT(*) SI_UNIT($,.STERADIAN.) SOLID_ANGLE_UNIT() );
#9254 = UNCERTAINTY_MEASURE_WITH_UNIT(LENGTH_MEASURE(1.E-07),#9251,
  'distance_accuracy_value','confusion accuracy');
#9255 = CONTEXT_DEPENDENT_SHAPE_REPRESENTATION(#9256,#9258);
#9256 = ( REPRESENTATION_RELATIONSHIP('','',#8919,#10) 
REPRESENTATION_RELATIONSHIP_WITH_TRANSFORMATION(#9257) 
SHAPE_REPRESENTATION_RELATIONSHIP() );
#9257 = ITEM_DEFINED_TRANSFORMATION('','',#11,#155);
#9258 = PRODUCT_DEFINITION_SHAPE('Placement','Placement of an item',
  #9259);
#9259 = NEXT_ASSEMBLY_USAGE_OCCURRENCE('90','imu','',#5,#8914,$);
#9260 = PRODUCT_RELATED_PRODUCT_CATEGORY('part',$,(#8916));
#9261 = SHAPE_DEFINITION_REPRESENTATION(#9262,#9268);
#9262 = PRODUCT_DEFINITION_SHAPE('','',#9263);
#9263 = PRODUCT_DEFINITION('design','',#9264,#9267);
#9264 = PRODUCT_DEFINITION_FORMATION('','',#9265);
#9265 = PRODUCT('refill_holder','refill_holder','',(#9266));
#9266 = PRODUCT_CONTEXT('',#2,'mechanical');
#9267 = PRODUCT_DEFINITION_CONTEXT('part definition',#2,'design');
#9268 = SHAPE_REPRESENTATION('',(#11,#9269,#9601),#9669);
#9269 = MANIFOLD_SOLID_BREP('',#9270);
#9270 = CLOSED_SHELL('',(#9271,#9358,#9413,#9448,#9483,#9538,#9593,#9597
    ));
#9271 = ADVANCED_FACE('',(#9272),#9285,.T.);
#9272 = FACE_BOUND('',#9273,.T.);
#9273 = EDGE_LOOP('',(#9274,#9307,#9330,#9357));
#9274 = ORIENTED_EDGE('',*,*,#9275,.F.);
#9275 = EDGE_CURVE('',#9276,#9276,#9278,.T.);
#9276 = VERTEX_POINT('',#9277);
#9277 = CARTESIAN_POINT('',(1.6,-3.918869757272E-16,67.));
#9278 = SURFACE_CURVE('',#9279,(#9284,#9296),.PCURVE_S1.);
#9279 = CIRCLE('',#9280,1.6);
#9280 = AXIS2_PLACEMENT_3D('',#9281,#9282,#9283);
#9281 = CARTESIAN_POINT('',(0.,0.,67.));
#9282 = DIRECTION('',(0.,0.,1.));
#9283 = DIRECTION('',(1.,0.,-0.));
#9284 = PCURVE('',#9285,#9290);
#9285 = CYLINDRICAL_SURFACE('',#9286,1.6);
#9286 = AXIS2_PLACEMENT_3D('',#9287,#9288,#9289);
#9287 = CARTESIAN_POINT('',(0.,0.,65.8));
#9288 = DIRECTION('',(0.,0.,1.));
#9289 = DIRECTION('',(1.,0.,-0.));
#9290 = DEFINITIONAL_REPRESENTATION('',(#9291),#9295);
#9291 = LINE('',#9292,#9293);
#9292 = CARTESIAN_POINT('',(0.,1.2));
#9293 = VECTOR('',#9294,1.);
#9294 = DIRECTION('',(1.,0.));
#9295 = ( GEOMETRIC_REPRESENTATION_CONTEXT(2) 
PARAMETRIC_REPRESENTATION_CONTEXT() REPRESENTATION_CONTEXT('2D SPACE',''
  ) );
#9296 = PCURVE('',#9297,#9302);
#9297 = CYLINDRICAL_SURFACE('',#9298,1.6);
#9298 = AXIS2_PLACEMENT_3D('',#9299,#9300,#9301);
#9299 = CARTESIAN_POINT('',(0.,0.,67.));
#9300 = DIRECTION('',(0.,0.,1.));
#9301 = DIRECTION('',(1.,0.,-0.));
#9302 = DEFINITIONAL_REPRESENTATION('',(#9303),#9306);
#9303 = B_SPLINE_CURVE_WITH_KNOTS('',1,(#9304,#9305),.UNSPECIFIED.,.F.,
  .F.,(2,2),(0.,6.28318530718),.PIECEWISE_BEZIER_KNOTS.);
#9304 = CARTESIAN_POINT('',(0.,0.));
#9305 = CARTESIAN_POINT('',(6.28318530718,0.));
#9306 = ( GEOMETRIC_REPRESENTATION_CONTEXT(2) 
PARAMETRIC_REPRESENTATION_CONTEXT() REPRESENTATION_CONTEXT('2D SPACE',''
  ) );
#9307 = ORIENTED_EDGE('',*,*,#9308,.F.);
#9308 = EDGE_CURVE('',#9309,#9276,#9311,.T.);
#9309 = VERTEX_POINT('',#9310);
#9310 = CARTESIAN_POINT('',(1.6,-3.918869757272E-16,65.8));
#9311 = SEAM_CURVE('',#9312,(#9316,#9323),.PCURVE_S1.);
#9312 = LINE('',#9313,#9314);
#9313 = CARTESIAN_POINT('',(1.6,-3.918869757272E-16,65.8));
#9314 = VECTOR('',#9315,1.);
#9315 = DIRECTION('',(0.,0.,1.));
#9316 = PCURVE('',#9285,#9317);
#9317 = DEFINITIONAL_REPRESENTATION('',(#9318),#9322);
#9318 = LINE('',#9319,#9320);
#9319 = CARTESIAN_POINT('',(6.28318530718,-0.));
#9320 = VECTOR('',#9321,1.);
#9321 = DIRECTION('',(0.,1.));
#9322 = ( GEOMETRIC_REPRESENTATION_CONTEXT(2) 
PARAMETRIC_REPRESENTATION_CONTEXT() REPRESENTATION_CONTEXT('2D SPACE',''
  ) );
#9323 = PCURVE('',#9285,#9324);
#9324 = DEFINITIONAL_REPRESENTATION('',(#9325),#9329);
#9325 = LINE('',#9326,#9327);
#9326 = CARTESIAN_POINT('',(0.,-0.));
#9327 = VECTOR('',#9328,1.);
#9328 = DIRECTION('',(0.,1.));
#9329 = ( GEOMETRIC_REPRESENTATION_CONTEXT(2) 
PARAMETRIC_REPRESENTATION_CONTEXT() REPRESENTATION_CONTEXT('2D SPACE',''
  ) );
#9330 = ORIENTED_EDGE('',*,*,#9331,.T.);
#9331 = EDGE_CURVE('',#9309,#9309,#9332,.T.);
#9332 = SURFACE_CURVE('',#9333,(#9338,#9345),.PCURVE_S1.);
#9333 = CIRCLE('',#9334,1.6);
#9334 = AXIS2_PLACEMENT_3D('',#9335,#9336,#9337);
#9335 = CARTESIAN_POINT('',(0.,0.,65.8));
#9336 = DIRECTION('',(0.,0.,1.));
#9337 = DIRECTION('',(1.,0.,-0.));
#9338 = PCURVE('',#9285,#9339);
#9339 = DEFINITIONAL_REPRESENTATION('',(#9340),#9344);
#9340 = LINE('',#9341,#9342);
#9341 = CARTESIAN_POINT('',(0.,0.));
#9342 = VECTOR('',#9343,1.);
#9343 = DIRECTION('',(1.,0.));
#9344 = ( GEOMETRIC_REPRESENTATION_CONTEXT(2) 
PARAMETRIC_REPRESENTATION_CONTEXT() REPRESENTATION_CONTEXT('2D SPACE',''
  ) );
#9345 = PCURVE('',#9346,#9351);
#9346 = PLANE('',#9347);
#9347 = AXIS2_PLACEMENT_3D('',#9348,#9349,#9350);
#9348 = CARTESIAN_POINT('',(0.,0.,65.8));
#9349 = DIRECTION('',(0.,0.,1.));
#9350 = DIRECTION('',(1.,0.,-0.));
#9351 = DEFINITIONAL_REPRESENTATION('',(#9352),#9356);
#9352 = CIRCLE('',#9353,1.6);
#9353 = AXIS2_PLACEMENT_2D('',#9354,#9355);
#9354 = CARTESIAN_POINT('',(0.,0.));
#9355 = DIRECTION('',(1.,0.));
#9356 = ( GEOMETRIC_REPRESENTATION_CONTEXT(2) 
PARAMETRIC_REPRESENTATION_CONTEXT() REPRESENTATION_CONTEXT('2D SPACE',''
  ) );
#9357 = ORIENTED_EDGE('',*,*,#9308,.T.);
#9358 = ADVANCED_FACE('',(#9359),#9297,.T.);
#9359 = FACE_BOUND('',#9360,.T.);
#9360 = EDGE_LOOP('',(#9361,#9390,#9411,#9412));
#9361 = ORIENTED_EDGE('',*,*,#9362,.F.);
#9362 = EDGE_CURVE('',#9363,#9363,#9365,.T.);
#9363 = VERTEX_POINT('',#9364);
#9364 = CARTESIAN_POINT('',(1.6,-3.918869757272E-16,67.6));
#9365 = SURFACE_CURVE('',#9366,(#9371,#9378),.PCURVE_S1.);
#9366 = CIRCLE('',#9367,1.6);
#9367 = AXIS2_PLACEMENT_3D('',#9368,#9369,#9370);
#9368 = CARTESIAN_POINT('',(0.,0.,67.6));
#9369 = DIRECTION('',(0.,0.,1.));
#9370 = DIRECTION('',(1.,0.,-0.));
#9371 = PCURVE('',#9297,#9372);
#9372 = DEFINITIONAL_REPRESENTATION('',(#9373),#9377);
#9373 = LINE('',#9374,#9375);
#9374 = CARTESIAN_POINT('',(0.,0.6));
#9375 = VECTOR('',#9376,1.);
#9376 = DIRECTION('',(1.,0.));
#9377 = ( GEOMETRIC_REPRESENTATION_CONTEXT(2) 
PARAMETRIC_REPRESENTATION_CONTEXT() REPRESENTATION_CONTEXT('2D SPACE',''
  ) );
#9378 = PCURVE('',#9379,#9384);
#9379 = PLANE('',#9380);
#9380 = AXIS2_PLACEMENT_3D('',#9381,#9382,#9383);
#9381 = CARTESIAN_POINT('',(0.,0.,67.6));
#9382 = DIRECTION('',(0.,0.,1.));
#9383 = DIRECTION('',(1.,0.,-0.));
#9384 = DEFINITIONAL_REPRESENTATION('',(#9385),#9389);
#9385 = CIRCLE('',#9386,1.6);
#9386 = AXIS2_PLACEMENT_2D('',#9387,#9388);
#9387 = CARTESIAN_POINT('',(0.,0.));
#9388 = DIRECTION('',(1.,0.));
#9389 = ( GEOMETRIC_REPRESENTATION_CONTEXT(2) 
PARAMETRIC_REPRESENTATION_CONTEXT() REPRESENTATION_CONTEXT('2D SPACE',''
  ) );
#9390 = ORIENTED_EDGE('',*,*,#9391,.F.);
#9391 = EDGE_CURVE('',#9276,#9363,#9392,.T.);
#9392 = SEAM_CURVE('',#9393,(#9397,#9404),.PCURVE_S1.);
#9393 = LINE('',#9394,#9395);
#9394 = CARTESIAN_POINT('',(1.6,-3.918869757272E-16,67.));
#9395 = VECTOR('',#9396,1.);
#9396 = DIRECTION('',(0.,0.,1.));
#9397 = PCURVE('',#9297,#9398);
#9398 = DEFINITIONAL_REPRESENTATION('',(#9399),#9403);
#9399 = LINE('',#9400,#9401);
#9400 = CARTESIAN_POINT('',(6.28318530718,-0.));
#9401 = VECTOR('',#9402,1.);
#9402 = DIRECTION('',(0.,1.));
#9403 = ( GEOMETRIC_REPRESENTATION_CONTEXT(2) 
PARAMETRIC_REPRESENTATION_CONTEXT() REPRESENTATION_CONTEXT('2D SPACE',''
  ) );
#9404 = PCURVE('',#9297,#9405);
#9405 = DEFINITIONAL_REPRESENTATION('',(#9406),#9410);
#9406 = LINE('',#9407,#9408);
#9407 = CARTESIAN_POINT('',(0.,-0.));
#9408 = VECTOR('',#9409,1.);
#9409 = DIRECTION('',(0.,1.));
#9410 = ( GEOMETRIC_REPRESENTATION_CONTEXT(2) 
PARAMETRIC_REPRESENTATION_CONTEXT() REPRESENTATION_CONTEXT('2D SPACE',''
  ) );
#9411 = ORIENTED_EDGE('',*,*,#9275,.T.);
#9412 = ORIENTED_EDGE('',*,*,#9391,.T.);
#9413 = ADVANCED_FACE('',(#9414,#9417),#9346,.F.);
#9414 = FACE_BOUND('',#9415,.F.);
#9415 = EDGE_LOOP('',(#9416));
#9416 = ORIENTED_EDGE('',*,*,#9331,.T.);
#9417 = FACE_BOUND('',#9418,.F.);
#9418 = EDGE_LOOP('',(#9419));
#9419 = ORIENTED_EDGE('',*,*,#9420,.F.);
#9420 = EDGE_CURVE('',#9421,#9421,#9423,.T.);
#9421 = VERTEX_POINT('',#9422);
#9422 = CARTESIAN_POINT('',(1.175,-2.877919977996E-16,65.8));
#9423 = SURFACE_CURVE('',#9424,(#9429,#9436),.PCURVE_S1.);
#9424 = CIRCLE('',#9425,1.175);
#9425 = AXIS2_PLACEMENT_3D('',#9426,#9427,#9428);
#9426 = CARTESIAN_POINT('',(0.,0.,65.8));
#9427 = DIRECTION('',(0.,0.,1.));
#9428 = DIRECTION('',(1.,0.,-0.));
#9429 = PCURVE('',#9346,#9430);
#9430 = DEFINITIONAL_REPRESENTATION('',(#9431),#9435);
#9431 = CIRCLE('',#9432,1.175);
#9432 = AXIS2_PLACEMENT_2D('',#9433,#9434);
#9433 = CARTESIAN_POINT('',(0.,0.));
#9434 = DIRECTION('',(1.,0.));
#9435 = ( GEOMETRIC_REPRESENTATION_CONTEXT(2) 
PARAMETRIC_REPRESENTATION_CONTEXT() REPRESENTATION_CONTEXT('2D SPACE',''
  ) );
#9436 = PCURVE('',#9437,#9442);
#9437 = CYLINDRICAL_SURFACE('',#9438,1.175);
#9438 = AXIS2_PLACEMENT_3D('',#9439,#9440,#9441);
#9439 = CARTESIAN_POINT('',(0.,0.,65.8));
#9440 = DIRECTION('',(0.,0.,1.));
#9441 = DIRECTION('',(1.,0.,-0.));
#9442 = DEFINITIONAL_REPRESENTATION('',(#9443),#9447);
#9443 = LINE('',#9444,#9445);
#9444 = CARTESIAN_POINT('',(0.,0.));
#9445 = VECTOR('',#9446,1.);
#9446 = DIRECTION('',(1.,0.));
#9447 = ( GEOMETRIC_REPRESENTATION_CONTEXT(2) 
PARAMETRIC_REPRESENTATION_CONTEXT() REPRESENTATION_CONTEXT('2D SPACE',''
  ) );
#9448 = ADVANCED_FACE('',(#9449,#9452),#9379,.T.);
#9449 = FACE_BOUND('',#9450,.T.);
#9450 = EDGE_LOOP('',(#9451));
#9451 = ORIENTED_EDGE('',*,*,#9362,.T.);
#9452 = FACE_BOUND('',#9453,.T.);
#9453 = EDGE_LOOP('',(#9454));
#9454 = ORIENTED_EDGE('',*,*,#9455,.F.);
#9455 = EDGE_CURVE('',#9456,#9456,#9458,.T.);
#9456 = VERTEX_POINT('',#9457);
#9457 = CARTESIAN_POINT('',(0.3,-7.347880794884E-17,67.6));
#9458 = SURFACE_CURVE('',#9459,(#9464,#9471),.PCURVE_S1.);
#9459 = CIRCLE('',#9460,0.3);
#9460 = AXIS2_PLACEMENT_3D('',#9461,#9462,#9463);
#9461 = CARTESIAN_POINT('',(0.,0.,67.6));
#9462 = DIRECTION('',(0.,0.,1.));
#9463 = DIRECTION('',(1.,0.,-0.));
#9464 = PCURVE('',#9379,#9465);
#9465 = DEFINITIONAL_REPRESENTATION('',(#9466),#9470);
#9466 = CIRCLE('',#9467,0.3);
#9467 = AXIS2_PLACEMENT_2D('',#9468,#9469);
#9468 = CARTESIAN_POINT('',(0.,0.));
#9469 = DIRECTION('',(1.,0.));
#9470 = ( GEOMETRIC_REPRESENTATION_CONTEXT(2) 
PARAMETRIC_REPRESENTATION_CONTEXT() REPRESENTATION_CONTEXT('2D SPACE',''
  ) );
#9471 = PCURVE('',#9472,#9477);
#9472 = CYLINDRICAL_SURFACE('',#9473,0.3);
#9473 = AXIS2_PLACEMENT_3D('',#9474,#9475,#9476);
#9474 = CARTESIAN_POINT('',(0.,0.,67.6));
#9475 = DIRECTION('',(0.,0.,1.));
#9476 = DIRECTION('',(1.,0.,-0.));
#9477 = DEFINITIONAL_REPRESENTATION('',(#9478),#9482);
#9478 = LINE('',#9479,#9480);
#9479 = CARTESIAN_POINT('',(0.,0.));
#9480 = VECTOR('',#9481,1.);
#9481 = DIRECTION('',(1.,0.));
#9482 = ( GEOMETRIC_REPRESENTATION_CONTEXT(2) 
PARAMETRIC_REPRESENTATION_CONTEXT() REPRESENTATION_CONTEXT('2D SPACE',''
  ) );
#9483 = ADVANCED_FACE('',(#9484),#9437,.F.);
#9484 = FACE_BOUND('',#9485,.F.);
#9485 = EDGE_LOOP('',(#9486,#9515,#9536,#9537));
#9486 = ORIENTED_EDGE('',*,*,#9487,.F.);
#9487 = EDGE_CURVE('',#9488,#9488,#9490,.T.);
#9488 = VERTEX_POINT('',#9489);
#9489 = CARTESIAN_POINT('',(1.175,-2.877919977996E-16,67.));
#9490 = SURFACE_CURVE('',#9491,(#9496,#9503),.PCURVE_S1.);
#9491 = CIRCLE('',#9492,1.175);
#9492 = AXIS2_PLACEMENT_3D('',#9493,#9494,#9495);
#9493 = CARTESIAN_POINT('',(0.,0.,67.));
#9494 = DIRECTION('',(0.,0.,1.));
#9495 = DIRECTION('',(1.,0.,-0.));
#9496 = PCURVE('',#9437,#9497);
#9497 = DEFINITIONAL_REPRESENTATION('',(#9498),#9502);
#9498 = LINE('',#9499,#9500);
#9499 = CARTESIAN_POINT('',(0.,1.2));
#9500 = VECTOR('',#9501,1.);
#9501 = DIRECTION('',(1.,0.));
#9502 = ( GEOMETRIC_REPRESENTATION_CONTEXT(2) 
PARAMETRIC_REPRESENTATION_CONTEXT() REPRESENTATION_CONTEXT('2D SPACE',''
  ) );
#9503 = PCURVE('',#9504,#9509);
#9504 = PLANE('',#9505);
#9505 = AXIS2_PLACEMENT_3D('',#9506,#9507,#9508);
#9506 = CARTESIAN_POINT('',(0.,0.,67.));
#9507 = DIRECTION('',(0.,0.,1.));
#9508 = DIRECTION('',(1.,0.,-0.));
#9509 = DEFINITIONAL_REPRESENTATION('',(#9510),#9514);
#9510 = CIRCLE('',#9511,1.175);
#9511 = AXIS2_PLACEMENT_2D('',#9512,#9513);
#9512 = CARTESIAN_POINT('',(0.,0.));
#9513 = DIRECTION('',(1.,0.));
#9514 = ( GEOMETRIC_REPRESENTATION_CONTEXT(2) 
PARAMETRIC_REPRESENTATION_CONTEXT() REPRESENTATION_CONTEXT('2D SPACE',''
  ) );
#9515 = ORIENTED_EDGE('',*,*,#9516,.F.);
#9516 = EDGE_CURVE('',#9421,#9488,#9517,.T.);
#9517 = SEAM_CURVE('',#9518,(#9522,#9529),.PCURVE_S1.);
#9518 = LINE('',#9519,#9520);
#9519 = CARTESIAN_POINT('',(1.175,-2.877919977996E-16,65.8));
#9520 = VECTOR('',#9521,1.);
#9521 = DIRECTION('',(0.,0.,1.));
#9522 = PCURVE('',#9437,#9523);
#9523 = DEFINITIONAL_REPRESENTATION('',(#9524),#9528);
#9524 = LINE('',#9525,#9526);
#9525 = CARTESIAN_POINT('',(6.28318530718,-0.));
#9526 = VECTOR('',#9527,1.);
#9527 = DIRECTION('',(0.,1.));
#9528 = ( GEOMETRIC_REPRESENTATION_CONTEXT(2) 
PARAMETRIC_REPRESENTATION_CONTEXT() REPRESENTATION_CONTEXT('2D SPACE',''
  ) );
#9529 = PCURVE('',#9437,#9530);
#9530 = DEFINITIONAL_REPRESENTATION('',(#9531),#9535);
#9531 = LINE('',#9532,#9533);
#9532 = CARTESIAN_POINT('',(0.,-0.));
#9533 = VECTOR('',#9534,1.);
#9534 = DIRECTION('',(0.,1.));
#9535 = ( GEOMETRIC_REPRESENTATION_CONTEXT(2) 
PARAMETRIC_REPRESENTATION_CONTEXT() REPRESENTATION_CONTEXT('2D SPACE',''
  ) );
#9536 = ORIENTED_EDGE('',*,*,#9420,.T.);
#9537 = ORIENTED_EDGE('',*,*,#9516,.T.);
#9538 = ADVANCED_FACE('',(#9539),#9472,.T.);
#9539 = FACE_BOUND('',#9540,.T.);
#9540 = EDGE_LOOP('',(#9541,#9570,#9591,#9592));
#9541 = ORIENTED_EDGE('',*,*,#9542,.F.);
#9542 = EDGE_CURVE('',#9543,#9543,#9545,.T.);
#9543 = VERTEX_POINT('',#9544);
#9544 = CARTESIAN_POINT('',(0.3,-7.347880794884E-17,68.5));
#9545 = SURFACE_CURVE('',#9546,(#9551,#9558),.PCURVE_S1.);
#9546 = CIRCLE('',#9547,0.3);
#9547 = AXIS2_PLACEMENT_3D('',#9548,#9549,#9550);
#9548 = CARTESIAN_POINT('',(0.,0.,68.5));
#9549 = DIRECTION('',(0.,0.,1.));
#9550 = DIRECTION('',(1.,0.,-0.));
#9551 = PCURVE('',#9472,#9552);
#9552 = DEFINITIONAL_REPRESENTATION('',(#9553),#9557);
#9553 = LINE('',#9554,#9555);
#9554 = CARTESIAN_POINT('',(0.,0.9));
#9555 = VECTOR('',#9556,1.);
#9556 = DIRECTION('',(1.,0.));
#9557 = ( GEOMETRIC_REPRESENTATION_CONTEXT(2) 
PARAMETRIC_REPRESENTATION_CONTEXT() REPRESENTATION_CONTEXT('2D SPACE',''
  ) );
#9558 = PCURVE('',#9559,#9564);
#9559 = PLANE('',#9560);
#9560 = AXIS2_PLACEMENT_3D('',#9561,#9562,#9563);
#9561 = CARTESIAN_POINT('',(0.,0.,68.5));
#9562 = DIRECTION('',(0.,0.,1.));
#9563 = DIRECTION('',(1.,0.,-0.));
#9564 = DEFINITIONAL_REPRESENTATION('',(#9565),#9569);
#9565 = CIRCLE('',#9566,0.3);
#9566 = AXIS2_PLACEMENT_2D('',#9567,#9568);
#9567 = CARTESIAN_POINT('',(0.,0.));
#9568 = DIRECTION('',(1.,0.));
#9569 = ( GEOMETRIC_REPRESENTATION_CONTEXT(2) 
PARAMETRIC_REPRESENTATION_CONTEXT() REPRESENTATION_CONTEXT('2D SPACE',''
  ) );
#9570 = ORIENTED_EDGE('',*,*,#9571,.F.);
#9571 = EDGE_CURVE('',#9456,#9543,#9572,.T.);
#9572 = SEAM_CURVE('',#9573,(#9577,#9584),.PCURVE_S1.);
#9573 = LINE('',#9574,#9575);
#9574 = CARTESIAN_POINT('',(0.3,-7.347880794884E-17,67.6));
#9575 = VECTOR('',#9576,1.);
#9576 = DIRECTION('',(0.,0.,1.));
#9577 = PCURVE('',#9472,#9578);
#9578 = DEFINITIONAL_REPRESENTATION('',(#9579),#9583);
#9579 = LINE('',#9580,#9581);
#9580 = CARTESIAN_POINT('',(6.28318530718,-0.));
#9581 = VECTOR('',#9582,1.);
#9582 = DIRECTION('',(0.,1.));
#9583 = ( GEOMETRIC_REPRESENTATION_CONTEXT(2) 
PARAMETRIC_REPRESENTATION_CONTEXT() REPRESENTATION_CONTEXT('2D SPACE',''
  ) );
#9584 = PCURVE('',#9472,#9585);
#9585 = DEFINITIONAL_REPRESENTATION('',(#9586),#9590);
#9586 = LINE('',#9587,#9588);
#9587 = CARTESIAN_POINT('',(0.,-0.));
#9588 = VECTOR('',#9589,1.);
#9589 = DIRECTION('',(0.,1.));
#9590 = ( GEOMETRIC_REPRESENTATION_CONTEXT(2) 
PARAMETRIC_REPRESENTATION_CONTEXT() REPRESENTATION_CONTEXT('2D SPACE',''
  ) );
#9591 = ORIENTED_EDGE('',*,*,#9455,.T.);
#9592 = ORIENTED_EDGE('',*,*,#9571,.T.);
#9593 = ADVANCED_FACE('',(#9594),#9504,.F.);
#9594 = FACE_BOUND('',#9595,.F.);
#9595 = EDGE_LOOP('',(#9596));
#9596 = ORIENTED_EDGE('',*,*,#9487,.T.);
#9597 = ADVANCED_FACE('',(#9598),#9559,.T.);
#9598 = FACE_BOUND('',#9599,.T.);
#9599 = EDGE_LOOP('',(#9600));
#9600 = ORIENTED_EDGE('',*,*,#9542,.T.);
#9601 = MANIFOLD_SOLID_BREP('',#9602);
#9602 = CLOSED_SHELL('',(#9603,#9665));
#9603 = ADVANCED_FACE('',(#9604),#9619,.T.);
#9604 = FACE_BOUND('',#9605,.T.);
#9605 = EDGE_LOOP('',(#9606,#9637,#9664));
#9606 = ORIENTED_EDGE('',*,*,#9607,.F.);
#9607 = EDGE_CURVE('',#9608,#9610,#9612,.T.);
#9608 = VERTEX_POINT('',#9609);
#9609 = CARTESIAN_POINT('',(0.6,-1.469576158977E-16,69.));
#9610 = VERTEX_POINT('',#9611);
#9611 = CARTESIAN_POINT('',(3.673940397442E-17,-8.998558695971E-33,69.6)
  );
#9612 = SEAM_CURVE('',#9613,(#9618,#9630),.PCURVE_S1.);
#9613 = CIRCLE('',#9614,0.6);
#9614 = AXIS2_PLACEMENT_3D('',#9615,#9616,#9617);
#9615 = CARTESIAN_POINT('',(0.,0.,69.));
#9616 = DIRECTION('',(-2.449293598295E-16,-1.,0.));
#9617 = DIRECTION('',(1.,-2.449293598295E-16,0.));
#9618 = PCURVE('',#9619,#9624);
#9619 = SPHERICAL_SURFACE('',#9620,0.6);
#9620 = AXIS2_PLACEMENT_3D('',#9621,#9622,#9623);
#9621 = CARTESIAN_POINT('',(0.,0.,69.));
#9622 = DIRECTION('',(0.,0.,1.));
#9623 = DIRECTION('',(1.,0.,-0.));
#9624 = DEFINITIONAL_REPRESENTATION('',(#9625),#9629);
#9625 = LINE('',#9626,#9627);
#9626 = CARTESIAN_POINT('',(6.28318530718,-6.28318530718));
#9627 = VECTOR('',#9628,1.);
#9628 = DIRECTION('',(0.,1.));
#9629 = ( GEOMETRIC_REPRESENTATION_CONTEXT(2) 
PARAMETRIC_REPRESENTATION_CONTEXT() REPRESENTATION_CONTEXT('2D SPACE',''
  ) );
#9630 = PCURVE('',#9619,#9631);
#9631 = DEFINITIONAL_REPRESENTATION('',(#9632),#9636);
#9632 = LINE('',#9633,#9634);
#9633 = CARTESIAN_POINT('',(0.,-6.28318530718));
#9634 = VECTOR('',#9635,1.);
#9635 = DIRECTION('',(0.,1.));
#9636 = ( GEOMETRIC_REPRESENTATION_CONTEXT(2) 
PARAMETRIC_REPRESENTATION_CONTEXT() REPRESENTATION_CONTEXT('2D SPACE',''
  ) );
#9637 = ORIENTED_EDGE('',*,*,#9638,.T.);
#9638 = EDGE_CURVE('',#9608,#9608,#9639,.T.);
#9639 = SURFACE_CURVE('',#9640,(#9645,#9652),.PCURVE_S1.);
#9640 = CIRCLE('',#9641,0.6);
#9641 = AXIS2_PLACEMENT_3D('',#9642,#9643,#9644);
#9642 = CARTESIAN_POINT('',(0.,0.,69.));
#9643 = DIRECTION('',(0.,0.,1.));
#9644 = DIRECTION('',(1.,0.,-0.));
#9645 = PCURVE('',#9619,#9646);
#9646 = DEFINITIONAL_REPRESENTATION('',(#9647),#9651);
#9647 = LINE('',#9648,#9649);
#9648 = CARTESIAN_POINT('',(0.,0.));
#9649 = VECTOR('',#9650,1.);
#9650 = DIRECTION('',(1.,0.));
#9651 = ( GEOMETRIC_REPRESENTATION_CONTEXT(2) 
PARAMETRIC_REPRESENTATION_CONTEXT() REPRESENTATION_CONTEXT('2D SPACE',''
  ) );
#9652 = PCURVE('',#9653,#9658);
#9653 = PLANE('',#9654);
#9654 = AXIS2_PLACEMENT_3D('',#9655,#9656,#9657);
#9655 = CARTESIAN_POINT('',(0.,0.,69.));
#9656 = DIRECTION('',(0.,0.,1.));
#9657 = DIRECTION('',(1.,0.,-0.));
#9658 = DEFINITIONAL_REPRESENTATION('',(#9659),#9663);
#9659 = CIRCLE('',#9660,0.6);
#9660 = AXIS2_PLACEMENT_2D('',#9661,#9662);
#9661 = CARTESIAN_POINT('',(0.,0.));
#9662 = DIRECTION('',(1.,0.));
#9663 = ( GEOMETRIC_REPRESENTATION_CONTEXT(2) 
PARAMETRIC_REPRESENTATION_CONTEXT() REPRESENTATION_CONTEXT('2D SPACE',''
  ) );
#9664 = ORIENTED_EDGE('',*,*,#9607,.T.);
#9665 = ADVANCED_FACE('',(#9666),#9653,.F.);
#9666 = FACE_BOUND('',#9667,.T.);
#9667 = EDGE_LOOP('',(#9668));
#9668 = ORIENTED_EDGE('',*,*,#9638,.F.);
#9669 = ( GEOMETRIC_REPRESENTATION_CONTEXT(3) 
GLOBAL_UNCERTAINTY_ASSIGNED_CONTEXT((#9673)) 
GLOBAL_UNIT_ASSIGNED_CONTEXT((#9670,#9671,#9672)) REPRESENTATION_CONTEXT
('Context #1','3D Context with UNIT and UNCERTAINTY') );
#9670 = ( LENGTH_UNIT() NAMED_UNIT(*) SI_UNIT(.MILLI.,.METRE.) );
#9671 = ( NAMED_UNIT(*) PLANE_ANGLE_UNIT() SI_UNIT($,.RADIAN.) );
#9672 = ( NAMED_UNIT(*) SI_UNIT($,.STERADIAN.) SOLID_ANGLE_UNIT() );
#9673 = UNCERTAINTY_MEASURE_WITH_UNIT(LENGTH_MEASURE(1.E-07),#9670,
  'distance_accuracy_value','confusion accuracy');
#9674 = CONTEXT_DEPENDENT_SHAPE_REPRESENTATION(#9675,#9677);
#9675 = ( REPRESENTATION_RELATIONSHIP('','',#9268,#10) 
REPRESENTATION_RELATIONSHIP_WITH_TRANSFORMATION(#9676) 
SHAPE_REPRESENTATION_RELATIONSHIP() );
#9676 = ITEM_DEFINED_TRANSFORMATION('','',#11,#159);
#9677 = PRODUCT_DEFINITION_SHAPE('Placement','Placement of an item',
  #9678);
#9678 = NEXT_ASSEMBLY_USAGE_OCCURRENCE('91','refill_holder','',#5,#9263,
  $);
#9679 = PRODUCT_RELATED_PRODUCT_CATEGORY('part',$,(#9265));
#9680 = SHAPE_DEFINITION_REPRESENTATION(#9681,#9687);
#9681 = PRODUCT_DEFINITION_SHAPE('','',#9682);
#9682 = PRODUCT_DEFINITION('design','',#9683,#9686);
#9683 = PRODUCT_DEFINITION_FORMATION('','',#9684);
#9684 = PRODUCT('head_cage','head_cage','',(#9685));
#9685 = PRODUCT_CONTEXT('',#2,'mechanical');
#9686 = PRODUCT_DEFINITION_CONTEXT('part definition',#2,'design');
#9687 = ADVANCED_BREP_SHAPE_REPRESENTATION('',(#11,#9688),#9870);
#9688 = MANIFOLD_SOLID_BREP('',#9689);
#9689 = CLOSED_SHELL('',(#9690,#9778,#9813,#9843));
#9690 = ADVANCED_FACE('',(#9691),#9704,.T.);
#9691 = FACE_BOUND('',#9692,.T.);
#9692 = EDGE_LOOP('',(#9693,#9727,#9750,#9777));
#9693 = ORIENTED_EDGE('',*,*,#9694,.F.);
#9694 = EDGE_CURVE('',#9695,#9695,#9697,.T.);
#9695 = VERTEX_POINT('',#9696);
#9696 = CARTESIAN_POINT('',(10.1,-2.473786534278E-15,84.528996309567));
#9697 = SURFACE_CURVE('',#9698,(#9703,#9715),.PCURVE_S1.);
#9698 = CIRCLE('',#9699,10.1);
#9699 = AXIS2_PLACEMENT_3D('',#9700,#9701,#9702);
#9700 = CARTESIAN_POINT('',(0.,0.,84.528996309567));
#9701 = DIRECTION('',(0.,0.,1.));
#9702 = DIRECTION('',(1.,0.,-0.));
#9703 = PCURVE('',#9704,#9709);
#9704 = CYLINDRICAL_SURFACE('',#9705,10.1);
#9705 = AXIS2_PLACEMENT_3D('',#9706,#9707,#9708);
#9706 = CARTESIAN_POINT('',(0.,0.,60.665340128026));
#9707 = DIRECTION('',(0.,0.,1.));
#9708 = DIRECTION('',(1.,0.,-0.));
#9709 = DEFINITIONAL_REPRESENTATION('',(#9710),#9714);
#9710 = LINE('',#9711,#9712);
#9711 = CARTESIAN_POINT('',(0.,23.863656181541));
#9712 = VECTOR('',#9713,1.);
#9713 = DIRECTION('',(1.,0.));
#9714 = ( GEOMETRIC_REPRESENTATION_CONTEXT(2) 
PARAMETRIC_REPRESENTATION_CONTEXT() REPRESENTATION_CONTEXT('2D SPACE',''
  ) );
#9715 = PCURVE('',#9716,#9721);
#9716 = PLANE('',#9717);
#9717 = AXIS2_PLACEMENT_3D('',#9718,#9719,#9720);
#9718 = CARTESIAN_POINT('',(0.,0.,84.528996309567));
#9719 = DIRECTION('',(0.,0.,1.));
#9720 = DIRECTION('',(1.,0.,-0.));
#9721 = DEFINITIONAL_REPRESENTATION('',(#9722),#9726);
#9722 = CIRCLE('',#9723,10.1);
#9723 = AXIS2_PLACEMENT_2D('',#9724,#9725);
#9724 = CARTESIAN_POINT('',(0.,0.));
#9725 = DIRECTION('',(1.,0.));
#9726 = ( GEOMETRIC_REPRESENTATION_CONTEXT(2) 
PARAMETRIC_REPRESENTATION_CONTEXT() REPRESENTATION_CONTEXT('2D SPACE',''
  ) );
#9727 = ORIENTED_EDGE('',*,*,#9728,.F.);
#9728 = EDGE_CURVE('',#9729,#9695,#9731,.T.);
#9729 = VERTEX_POINT('',#9730);
#9730 = CARTESIAN_POINT('',(10.1,-2.473786534278E-15,60.665340128026));
#9731 = SEAM_CURVE('',#9732,(#9736,#9743),.PCURVE_S1.);
#9732 = LINE('',#9733,#9734);
#9733 = CARTESIAN_POINT('',(10.1,-2.473786534278E-15,60.665340128026));
#9734 = VECTOR('',#9735,1.);
#9735 = DIRECTION('',(0.,0.,1.));
#9736 = PCURVE('',#9704,#9737);
#9737 = DEFINITIONAL_REPRESENTATION('',(#9738),#9742);
#9738 = LINE('',#9739,#9740);
#9739 = CARTESIAN_POINT('',(6.28318530718,-0.));
#9740 = VECTOR('',#9741,1.);
#9741 = DIRECTION('',(0.,1.));
#9742 = ( GEOMETRIC_REPRESENTATION_CONTEXT(2) 
PARAMETRIC_REPRESENTATION_CONTEXT() REPRESENTATION_CONTEXT('2D SPACE',''
  ) );
#9743 = PCURVE('',#9704,#9744);
#9744 = DEFINITIONAL_REPRESENTATION('',(#9745),#9749);
#9745 = LINE('',#9746,#9747);
#9746 = CARTESIAN_POINT('',(0.,-0.));
#9747 = VECTOR('',#9748,1.);
#9748 = DIRECTION('',(0.,1.));
#9749 = ( GEOMETRIC_REPRESENTATION_CONTEXT(2) 
PARAMETRIC_REPRESENTATION_CONTEXT() REPRESENTATION_CONTEXT('2D SPACE',''
  ) );
#9750 = ORIENTED_EDGE('',*,*,#9751,.T.);
#9751 = EDGE_CURVE('',#9729,#9729,#9752,.T.);
#9752 = SURFACE_CURVE('',#9753,(#9758,#9765),.PCURVE_S1.);
#9753 = CIRCLE('',#9754,10.1);
#9754 = AXIS2_PLACEMENT_3D('',#9755,#9756,#9757);
#9755 = CARTESIAN_POINT('',(0.,0.,60.665340128026));
#9756 = DIRECTION('',(0.,0.,1.));
#9757 = DIRECTION('',(1.,0.,-0.));
#9758 = PCURVE('',#9704,#9759);
#9759 = DEFINITIONAL_REPRESENTATION('',(#9760),#9764);
#9760 = LINE('',#9761,#9762);
#9761 = CARTESIAN_POINT('',(0.,0.));
#9762 = VECTOR('',#9763,1.);
#9763 = DIRECTION('',(1.,0.));
#9764 = ( GEOMETRIC_REPRESENTATION_CONTEXT(2) 
PARAMETRIC_REPRESENTATION_CONTEXT() REPRESENTATION_CONTEXT('2D SPACE',''
  ) );
#9765 = PCURVE('',#9766,#9771);
#9766 = PLANE('',#9767);
#9767 = AXIS2_PLACEMENT_3D('',#9768,#9769,#9770);
#9768 = CARTESIAN_POINT('',(0.,0.,60.665340128026));
#9769 = DIRECTION('',(0.,0.,1.));
#9770 = DIRECTION('',(1.,0.,-0.));
#9771 = DEFINITIONAL_REPRESENTATION('',(#9772),#9776);
#9772 = CIRCLE('',#9773,10.1);
#9773 = AXIS2_PLACEMENT_2D('',#9774,#9775);
#9774 = CARTESIAN_POINT('',(0.,0.));
#9775 = DIRECTION('',(1.,0.));
#9776 = ( GEOMETRIC_REPRESENTATION_CONTEXT(2) 
PARAMETRIC_REPRESENTATION_CONTEXT() REPRESENTATION_CONTEXT('2D SPACE',''
  ) );
#9777 = ORIENTED_EDGE('',*,*,#9728,.T.);
#9778 = ADVANCED_FACE('',(#9779,#9782),#9716,.T.);
#9779 = FACE_BOUND('',#9780,.T.);
#9780 = EDGE_LOOP('',(#9781));
#9781 = ORIENTED_EDGE('',*,*,#9694,.T.);
#9782 = FACE_BOUND('',#9783,.T.);
#9783 = EDGE_LOOP('',(#9784));
#9784 = ORIENTED_EDGE('',*,*,#9785,.F.);
#9785 = EDGE_CURVE('',#9786,#9786,#9788,.T.);
#9786 = VERTEX_POINT('',#9787);
#9787 = CARTESIAN_POINT('',(9.6,-2.351321854363E-15,84.528996309567));
#9788 = SURFACE_CURVE('',#9789,(#9794,#9801),.PCURVE_S1.);
#9789 = CIRCLE('',#9790,9.6);
#9790 = AXIS2_PLACEMENT_3D('',#9791,#9792,#9793);
#9791 = CARTESIAN_POINT('',(0.,0.,84.528996309567));
#9792 = DIRECTION('',(0.,0.,1.));
#9793 = DIRECTION('',(1.,0.,-0.));
#9794 = PCURVE('',#9716,#9795);
#9795 = DEFINITIONAL_REPRESENTATION('',(#9796),#9800);
#9796 = CIRCLE('',#9797,9.6);
#9797 = AXIS2_PLACEMENT_2D('',#9798,#9799);
#9798 = CARTESIAN_POINT('',(0.,0.));
#9799 = DIRECTION('',(1.,0.));
#9800 = ( GEOMETRIC_REPRESENTATION_CONTEXT(2) 
PARAMETRIC_REPRESENTATION_CONTEXT() REPRESENTATION_CONTEXT('2D SPACE',''
  ) );
#9801 = PCURVE('',#9802,#9807);
#9802 = CYLINDRICAL_SURFACE('',#9803,9.6);
#9803 = AXIS2_PLACEMENT_3D('',#9804,#9805,#9806);
#9804 = CARTESIAN_POINT('',(0.,0.,60.665340128026));
#9805 = DIRECTION('',(0.,0.,1.));
#9806 = DIRECTION('',(1.,0.,-0.));
#9807 = DEFINITIONAL_REPRESENTATION('',(#9808),#9812);
#9808 = LINE('',#9809,#9810);
#9809 = CARTESIAN_POINT('',(0.,23.863656181541));
#9810 = VECTOR('',#9811,1.);
#9811 = DIRECTION('',(1.,0.));
#9812 = ( GEOMETRIC_REPRESENTATION_CONTEXT(2) 
PARAMETRIC_REPRESENTATION_CONTEXT() REPRESENTATION_CONTEXT('2D SPACE',''
  ) );
#9813 = ADVANCED_FACE('',(#9814,#9817),#9766,.F.);
#9814 = FACE_BOUND('',#9815,.F.);
#9815 = EDGE_LOOP('',(#9816));
#9816 = ORIENTED_EDGE('',*,*,#9751,.T.);
#9817 = FACE_BOUND('',#9818,.F.);
#9818 = EDGE_LOOP('',(#9819));
#9819 = ORIENTED_EDGE('',*,*,#9820,.F.);
#9820 = EDGE_CURVE('',#9821,#9821,#9823,.T.);
#9821 = VERTEX_POINT('',#9822);
#9822 = CARTESIAN_POINT('',(9.6,-2.351321854363E-15,60.665340128026));
#9823 = SURFACE_CURVE('',#9824,(#9829,#9836),.PCURVE_S1.);
#9824 = CIRCLE('',#9825,9.6);
#9825 = AXIS2_PLACEMENT_3D('',#9826,#9827,#9828);
#9826 = CARTESIAN_POINT('',(0.,0.,60.665340128026));
#9827 = DIRECTION('',(0.,0.,1.));
#9828 = DIRECTION('',(1.,0.,-0.));
#9829 = PCURVE('',#9766,#9830);
#9830 = DEFINITIONAL_REPRESENTATION('',(#9831),#9835);
#9831 = CIRCLE('',#9832,9.6);
#9832 = AXIS2_PLACEMENT_2D('',#9833,#9834);
#9833 = CARTESIAN_POINT('',(0.,0.));
#9834 = DIRECTION('',(1.,0.));
#9835 = ( GEOMETRIC_REPRESENTATION_CONTEXT(2) 
PARAMETRIC_REPRESENTATION_CONTEXT() REPRESENTATION_CONTEXT('2D SPACE',''
  ) );
#9836 = PCURVE('',#9802,#9837);
#9837 = DEFINITIONAL_REPRESENTATION('',(#9838),#9842);
#9838 = LINE('',#9839,#9840);
#9839 = CARTESIAN_POINT('',(0.,0.));
#9840 = VECTOR('',#9841,1.);
#9841 = DIRECTION('',(1.,0.));
#9842 = ( GEOMETRIC_REPRESENTATION_CONTEXT(2) 
PARAMETRIC_REPRESENTATION_CONTEXT() REPRESENTATION_CONTEXT('2D SPACE',''
  ) );
#9843 = ADVANCED_FACE('',(#9844),#9802,.F.);
#9844 = FACE_BOUND('',#9845,.F.);
#9845 = EDGE_LOOP('',(#9846,#9847,#9868,#9869));
#9846 = ORIENTED_EDGE('',*,*,#9785,.F.);
#9847 = ORIENTED_EDGE('',*,*,#9848,.F.);
#9848 = EDGE_CURVE('',#9821,#9786,#9849,.T.);
#9849 = SEAM_CURVE('',#9850,(#9854,#9861),.PCURVE_S1.);
#9850 = LINE('',#9851,#9852);
#9851 = CARTESIAN_POINT('',(9.6,-2.351321854363E-15,60.665340128026));
#9852 = VECTOR('',#9853,1.);
#9853 = DIRECTION('',(0.,0.,1.));
#9854 = PCURVE('',#9802,#9855);
#9855 = DEFINITIONAL_REPRESENTATION('',(#9856),#9860);
#9856 = LINE('',#9857,#9858);
#9857 = CARTESIAN_POINT('',(6.28318530718,-0.));
#9858 = VECTOR('',#9859,1.);
#9859 = DIRECTION('',(0.,1.));
#9860 = ( GEOMETRIC_REPRESENTATION_CONTEXT(2) 
PARAMETRIC_REPRESENTATION_CONTEXT() REPRESENTATION_CONTEXT('2D SPACE',''
  ) );
#9861 = PCURVE('',#9802,#9862);
#9862 = DEFINITIONAL_REPRESENTATION('',(#9863),#9867);
#9863 = LINE('',#9864,#9865);
#9864 = CARTESIAN_POINT('',(0.,-0.));
#9865 = VECTOR('',#9866,1.);
#9866 = DIRECTION('',(0.,1.));
#9867 = ( GEOMETRIC_REPRESENTATION_CONTEXT(2) 
PARAMETRIC_REPRESENTATION_CONTEXT() REPRESENTATION_CONTEXT('2D SPACE',''
  ) );
#9868 = ORIENTED_EDGE('',*,*,#9820,.T.);
#9869 = ORIENTED_EDGE('',*,*,#9848,.T.);
#9870 = ( GEOMETRIC_REPRESENTATION_CONTEXT(3) 
GLOBAL_UNCERTAINTY_ASSIGNED_CONTEXT((#9874)) 
GLOBAL_UNIT_ASSIGNED_CONTEXT((#9871,#9872,#9873)) REPRESENTATION_CONTEXT
('Context #1','3D Context with UNIT and UNCERTAINTY') );
#9871 = ( LENGTH_UNIT() NAMED_UNIT(*) SI_UNIT(.MILLI.,.METRE.) );
#9872 = ( NAMED_UNIT(*) PLANE_ANGLE_UNIT() SI_UNIT($,.RADIAN.) );
#9873 = ( NAMED_UNIT(*) SI_UNIT($,.STERADIAN.) SOLID_ANGLE_UNIT() );
#9874 = UNCERTAINTY_MEASURE_WITH_UNIT(LENGTH_MEASURE(1.E-07),#9871,
  'distance_accuracy_value','confusion accuracy');
#9875 = CONTEXT_DEPENDENT_SHAPE_REPRESENTATION(#9876,#9878);
#9876 = ( REPRESENTATION_RELATIONSHIP('','',#9687,#10) 
REPRESENTATION_RELATIONSHIP_WITH_TRANSFORMATION(#9877) 
SHAPE_REPRESENTATION_RELATIONSHIP() );
#9877 = ITEM_DEFINED_TRANSFORMATION('','',#11,#163);
#9878 = PRODUCT_DEFINITION_SHAPE('Placement','Placement of an item',
  #9879);
#9879 = NEXT_ASSEMBLY_USAGE_OCCURRENCE('92','head_cage','',#5,#9682,$);
#9880 = PRODUCT_RELATED_PRODUCT_CATEGORY('part',$,(#9684));
#9881 = SHAPE_DEFINITION_REPRESENTATION(#9882,#9888);
#9882 = PRODUCT_DEFINITION_SHAPE('','',#9883);
#9883 = PRODUCT_DEFINITION('design','',#9884,#9887);
#9884 = PRODUCT_DEFINITION_FORMATION('','',#9885);
#9885 = PRODUCT('head_carriage','head_carriage','',(#9886));
#9886 = PRODUCT_CONTEXT('',#2,'mechanical');
#9887 = PRODUCT_DEFINITION_CONTEXT('part definition',#2,'design');
#9888 = ADVANCED_BREP_SHAPE_REPRESENTATION('',(#11,#9889),#10071);
#9889 = MANIFOLD_SOLID_BREP('',#9890);
#9890 = CLOSED_SHELL('',(#9891,#9979,#10014,#10044));
#9891 = ADVANCED_FACE('',(#9892),#9905,.T.);
#9892 = FACE_BOUND('',#9893,.T.);
#9893 = EDGE_LOOP('',(#9894,#9928,#9951,#9978));
#9894 = ORIENTED_EDGE('',*,*,#9895,.F.);
#9895 = EDGE_CURVE('',#9896,#9896,#9898,.T.);
#9896 = VERTEX_POINT('',#9897);
#9897 = CARTESIAN_POINT('',(10.7,-2.620744150175E-15,85.028996309567));
#9898 = SURFACE_CURVE('',#9899,(#9904,#9916),.PCURVE_S1.);
#9899 = CIRCLE('',#9900,10.7);
#9900 = AXIS2_PLACEMENT_3D('',#9901,#9902,#9903);
#9901 = CARTESIAN_POINT('',(0.,0.,85.028996309567));
#9902 = DIRECTION('',(0.,0.,1.));
#9903 = DIRECTION('',(1.,0.,-0.));
#9904 = PCURVE('',#9905,#9910);
#9905 = CYLINDRICAL_SURFACE('',#9906,10.7);
#9906 = AXIS2_PLACEMENT_3D('',#9907,#9908,#9909);
#9907 = CARTESIAN_POINT('',(0.,0.,60.665340128026));
#9908 = DIRECTION('',(0.,0.,1.));
#9909 = DIRECTION('',(1.,0.,-0.));
#9910 = DEFINITIONAL_REPRESENTATION('',(#9911),#9915);
#9911 = LINE('',#9912,#9913);
#9912 = CARTESIAN_POINT('',(0.,24.363656181541));
#9913 = VECTOR('',#9914,1.);
#9914 = DIRECTION('',(1.,0.));
#9915 = ( GEOMETRIC_REPRESENTATION_CONTEXT(2) 
PARAMETRIC_REPRESENTATION_CONTEXT() REPRESENTATION_CONTEXT('2D SPACE',''
  ) );
#9916 = PCURVE('',#9917,#9922);
#9917 = PLANE('',#9918);
#9918 = AXIS2_PLACEMENT_3D('',#9919,#9920,#9921);
#9919 = CARTESIAN_POINT('',(0.,0.,85.028996309567));
#9920 = DIRECTION('',(0.,0.,1.));
#9921 = DIRECTION('',(1.,0.,-0.));
#9922 = DEFINITIONAL_REPRESENTATION('',(#9923),#9927);
#9923 = CIRCLE('',#9924,10.7);
#9924 = AXIS2_PLACEMENT_2D('',#9925,#9926);
#9925 = CARTESIAN_POINT('',(0.,0.));
#9926 = DIRECTION('',(1.,0.));
#9927 = ( GEOMETRIC_REPRESENTATION_CONTEXT(2) 
PARAMETRIC_REPRESENTATION_CONTEXT() REPRESENTATION_CONTEXT('2D SPACE',''
  ) );
#9928 = ORIENTED_EDGE('',*,*,#9929,.F.);
#9929 = EDGE_CURVE('',#9930,#9896,#9932,.T.);
#9930 = VERTEX_POINT('',#9931);
#9931 = CARTESIAN_POINT('',(10.7,-2.620744150175E-15,60.665340128026));
#9932 = SEAM_CURVE('',#9933,(#9937,#9944),.PCURVE_S1.);
#9933 = LINE('',#9934,#9935);
#9934 = CARTESIAN_POINT('',(10.7,-2.620744150175E-15,60.665340128026));
#9935 = VECTOR('',#9936,1.);
#9936 = DIRECTION('',(0.,0.,1.));
#9937 = PCURVE('',#9905,#9938);
#9938 = DEFINITIONAL_REPRESENTATION('',(#9939),#9943);
#9939 = LINE('',#9940,#9941);
#9940 = CARTESIAN_POINT('',(6.28318530718,-0.));
#9941 = VECTOR('',#9942,1.);
#9942 = DIRECTION('',(0.,1.));
#9943 = ( GEOMETRIC_REPRESENTATION_CONTEXT(2) 
PARAMETRIC_REPRESENTATION_CONTEXT() REPRESENTATION_CONTEXT('2D SPACE',''
  ) );
#9944 = PCURVE('',#9905,#9945);
#9945 = DEFINITIONAL_REPRESENTATION('',(#9946),#9950);
#9946 = LINE('',#9947,#9948);
#9947 = CARTESIAN_POINT('',(0.,-0.));
#9948 = VECTOR('',#9949,1.);
#9949 = DIRECTION('',(0.,1.));
#9950 = ( GEOMETRIC_REPRESENTATION_CONTEXT(2) 
PARAMETRIC_REPRESENTATION_CONTEXT() REPRESENTATION_CONTEXT('2D SPACE',''
  ) );
#9951 = ORIENTED_EDGE('',*,*,#9952,.T.);
#9952 = EDGE_CURVE('',#9930,#9930,#9953,.T.);
#9953 = SURFACE_CURVE('',#9954,(#9959,#9966),.PCURVE_S1.);
#9954 = CIRCLE('',#9955,10.7);
#9955 = AXIS2_PLACEMENT_3D('',#9956,#9957,#9958);
#9956 = CARTESIAN_POINT('',(0.,0.,60.665340128026));
#9957 = DIRECTION('',(0.,0.,1.));
#9958 = DIRECTION('',(1.,0.,-0.));
#9959 = PCURVE('',#9905,#9960);
#9960 = DEFINITIONAL_REPRESENTATION('',(#9961),#9965);
#9961 = LINE('',#9962,#9963);
#9962 = CARTESIAN_POINT('',(0.,0.));
#9963 = VECTOR('',#9964,1.);
#9964 = DIRECTION('',(1.,0.));
#9965 = ( GEOMETRIC_REPRESENTATION_CONTEXT(2) 
PARAMETRIC_REPRESENTATION_CONTEXT() REPRESENTATION_CONTEXT('2D SPACE',''
  ) );
#9966 = PCURVE('',#9967,#9972);
#9967 = PLANE('',#9968);
#9968 = AXIS2_PLACEMENT_3D('',#9969,#9970,#9971);
#9969 = CARTESIAN_POINT('',(0.,0.,60.665340128026));
#9970 = DIRECTION('',(0.,0.,1.));
#9971 = DIRECTION('',(1.,0.,-0.));
#9972 = DEFINITIONAL_REPRESENTATION('',(#9973),#9977);
#9973 = CIRCLE('',#9974,10.7);
#9974 = AXIS2_PLACEMENT_2D('',#9975,#9976);
#9975 = CARTESIAN_POINT('',(0.,0.));
#9976 = DIRECTION('',(1.,0.));
#9977 = ( GEOMETRIC_REPRESENTATION_CONTEXT(2) 
PARAMETRIC_REPRESENTATION_CONTEXT() REPRESENTATION_CONTEXT('2D SPACE',''
  ) );
#9978 = ORIENTED_EDGE('',*,*,#9929,.T.);
#9979 = ADVANCED_FACE('',(#9980,#9983),#9917,.T.);
#9980 = FACE_BOUND('',#9981,.T.);
#9981 = EDGE_LOOP('',(#9982));
#9982 = ORIENTED_EDGE('',*,*,#9895,.T.);
#9983 = FACE_BOUND('',#9984,.T.);
#9984 = EDGE_LOOP('',(#9985));
#9985 = ORIENTED_EDGE('',*,*,#9986,.F.);
#9986 = EDGE_CURVE('',#9987,#9987,#9989,.T.);
#9987 = VERTEX_POINT('',#9988);
#9988 = CARTESIAN_POINT('',(10.4,-2.547265342226E-15,85.028996309567));
#9989 = SURFACE_CURVE('',#9990,(#9995,#10002),.PCURVE_S1.);
#9990 = CIRCLE('',#9991,10.4);
#9991 = AXIS2_PLACEMENT_3D('',#9992,#9993,#9994);
#9992 = CARTESIAN_POINT('',(0.,0.,85.028996309567));
#9993 = DIRECTION('',(0.,0.,1.));
#9994 = DIRECTION('',(1.,0.,-0.));
#9995 = PCURVE('',#9917,#9996);
#9996 = DEFINITIONAL_REPRESENTATION('',(#9997),#10001);
#9997 = CIRCLE('',#9998,10.4);
#9998 = AXIS2_PLACEMENT_2D('',#9999,#10000);
#9999 = CARTESIAN_POINT('',(0.,0.));
#10000 = DIRECTION('',(1.,0.));
#10001 = ( GEOMETRIC_REPRESENTATION_CONTEXT(2) 
PARAMETRIC_REPRESENTATION_CONTEXT() REPRESENTATION_CONTEXT('2D SPACE',''
  ) );
#10002 = PCURVE('',#10003,#10008);
#10003 = CYLINDRICAL_SURFACE('',#10004,10.4);
#10004 = AXIS2_PLACEMENT_3D('',#10005,#10006,#10007);
#10005 = CARTESIAN_POINT('',(0.,0.,60.665340128026));
#10006 = DIRECTION('',(0.,0.,1.));
#10007 = DIRECTION('',(1.,0.,-0.));
#10008 = DEFINITIONAL_REPRESENTATION('',(#10009),#10013);
#10009 = LINE('',#10010,#10011);
#10010 = CARTESIAN_POINT('',(0.,24.363656181541));
#10011 = VECTOR('',#10012,1.);
#10012 = DIRECTION('',(1.,0.));
#10013 = ( GEOMETRIC_REPRESENTATION_CONTEXT(2) 
PARAMETRIC_REPRESENTATION_CONTEXT() REPRESENTATION_CONTEXT('2D SPACE',''
  ) );
#10014 = ADVANCED_FACE('',(#10015,#10018),#9967,.F.);
#10015 = FACE_BOUND('',#10016,.F.);
#10016 = EDGE_LOOP('',(#10017));
#10017 = ORIENTED_EDGE('',*,*,#9952,.T.);
#10018 = FACE_BOUND('',#10019,.F.);
#10019 = EDGE_LOOP('',(#10020));
#10020 = ORIENTED_EDGE('',*,*,#10021,.F.);
#10021 = EDGE_CURVE('',#10022,#10022,#10024,.T.);
#10022 = VERTEX_POINT('',#10023);
#10023 = CARTESIAN_POINT('',(10.4,-2.547265342226E-15,60.665340128026));
#10024 = SURFACE_CURVE('',#10025,(#10030,#10037),.PCURVE_S1.);
#10025 = CIRCLE('',#10026,10.4);
#10026 = AXIS2_PLACEMENT_3D('',#10027,#10028,#10029);
#10027 = CARTESIAN_POINT('',(0.,0.,60.665340128026));
#10028 = DIRECTION('',(0.,0.,1.));
#10029 = DIRECTION('',(1.,0.,-0.));
#10030 = PCURVE('',#9967,#10031);
#10031 = DEFINITIONAL_REPRESENTATION('',(#10032),#10036);
#10032 = CIRCLE('',#10033,10.4);
#10033 = AXIS2_PLACEMENT_2D('',#10034,#10035);
#10034 = CARTESIAN_POINT('',(0.,0.));
#10035 = DIRECTION('',(1.,0.));
#10036 = ( GEOMETRIC_REPRESENTATION_CONTEXT(2) 
PARAMETRIC_REPRESENTATION_CONTEXT() REPRESENTATION_CONTEXT('2D SPACE',''
  ) );
#10037 = PCURVE('',#10003,#10038);
#10038 = DEFINITIONAL_REPRESENTATION('',(#10039),#10043);
#10039 = LINE('',#10040,#10041);
#10040 = CARTESIAN_POINT('',(0.,0.));
#10041 = VECTOR('',#10042,1.);
#10042 = DIRECTION('',(1.,0.));
#10043 = ( GEOMETRIC_REPRESENTATION_CONTEXT(2) 
PARAMETRIC_REPRESENTATION_CONTEXT() REPRESENTATION_CONTEXT('2D SPACE',''
  ) );
#10044 = ADVANCED_FACE('',(#10045),#10003,.F.);
#10045 = FACE_BOUND('',#10046,.F.);
#10046 = EDGE_LOOP('',(#10047,#10048,#10069,#10070));
#10047 = ORIENTED_EDGE('',*,*,#9986,.F.);
#10048 = ORIENTED_EDGE('',*,*,#10049,.F.);
#10049 = EDGE_CURVE('',#10022,#9987,#10050,.T.);
#10050 = SEAM_CURVE('',#10051,(#10055,#10062),.PCURVE_S1.);
#10051 = LINE('',#10052,#10053);
#10052 = CARTESIAN_POINT('',(10.4,-2.547265342226E-15,60.665340128026));
#10053 = VECTOR('',#10054,1.);
#10054 = DIRECTION('',(0.,0.,1.));
#10055 = PCURVE('',#10003,#10056);
#10056 = DEFINITIONAL_REPRESENTATION('',(#10057),#10061);
#10057 = LINE('',#10058,#10059);
#10058 = CARTESIAN_POINT('',(6.28318530718,-0.));
#10059 = VECTOR('',#10060,1.);
#10060 = DIRECTION('',(0.,1.));
#10061 = ( GEOMETRIC_REPRESENTATION_CONTEXT(2) 
PARAMETRIC_REPRESENTATION_CONTEXT() REPRESENTATION_CONTEXT('2D SPACE',''
  ) );
#10062 = PCURVE('',#10003,#10063);
#10063 = DEFINITIONAL_REPRESENTATION('',(#10064),#10068);
#10064 = LINE('',#10065,#10066);
#10065 = CARTESIAN_POINT('',(0.,-0.));
#10066 = VECTOR('',#10067,1.);
#10067 = DIRECTION('',(0.,1.));
#10068 = ( GEOMETRIC_REPRESENTATION_CONTEXT(2) 
PARAMETRIC_REPRESENTATION_CONTEXT() REPRESENTATION_CONTEXT('2D SPACE',''
  ) );
#10069 = ORIENTED_EDGE('',*,*,#10021,.T.);
#10070 = ORIENTED_EDGE('',*,*,#10049,.T.);
#10071 = ( GEOMETRIC_REPRESENTATION_CONTEXT(3) 
GLOBAL_UNCERTAINTY_ASSIGNED_CONTEXT((#10075)) 
GLOBAL_UNIT_ASSIGNED_CONTEXT((#10072,#10073,#10074)) 
REPRESENTATION_CONTEXT('Context #1',
  '3D Context with UNIT and UNCERTAINTY') );
#10072 = ( LENGTH_UNIT() NAMED_UNIT(*) SI_UNIT(.MILLI.,.METRE.) );
#10073 = ( NAMED_UNIT(*) PLANE_ANGLE_UNIT() SI_UNIT($,.RADIAN.) );
#10074 = ( NAMED_UNIT(*) SI_UNIT($,.STERADIAN.) SOLID_ANGLE_UNIT() );
#10075 = UNCERTAINTY_MEASURE_WITH_UNIT(LENGTH_MEASURE(1.E-07),#10072,
  'distance_accuracy_value','confusion accuracy');
#10076 = CONTEXT_DEPENDENT_SHAPE_REPRESENTATION(#10077,#10079);
#10077 = ( REPRESENTATION_RELATIONSHIP('','',#9888,#10) 
REPRESENTATION_RELATIONSHIP_WITH_TRANSFORMATION(#10078) 
SHAPE_REPRESENTATION_RELATIONSHIP() );
#10078 = ITEM_DEFINED_TRANSFORMATION('','',#11,#167);
#10079 = PRODUCT_DEFINITION_SHAPE('Placement','Placement of an item',
  #10080);
#10080 = NEXT_ASSEMBLY_USAGE_OCCURRENCE('93','head_carriage','',#5,#9883
  ,$);
#10081 = PRODUCT_RELATED_PRODUCT_CATEGORY('part',$,(#9885));
#10082 = SHAPE_DEFINITION_REPRESENTATION(#10083,#10089);
#10083 = PRODUCT_DEFINITION_SHAPE('','',#10084);
#10084 = PRODUCT_DEFINITION('design','',#10085,#10088);
#10085 = PRODUCT_DEFINITION_FORMATION('','',#10086);
#10086 = PRODUCT('head_shoe','head_shoe','',(#10087));
#10087 = PRODUCT_CONTEXT('',#2,'mechanical');
#10088 = PRODUCT_DEFINITION_CONTEXT('part definition',#2,'design');
#10089 = ADVANCED_BREP_SHAPE_REPRESENTATION('',(#11,#10090),#10272);
#10090 = MANIFOLD_SOLID_BREP('',#10091);
#10091 = CLOSED_SHELL('',(#10092,#10180,#10215,#10245));
#10092 = ADVANCED_FACE('',(#10093),#10106,.T.);
#10093 = FACE_BOUND('',#10094,.T.);
#10094 = EDGE_LOOP('',(#10095,#10129,#10152,#10179));
#10095 = ORIENTED_EDGE('',*,*,#10096,.F.);
#10096 = EDGE_CURVE('',#10097,#10097,#10099,.T.);
#10097 = VERTEX_POINT('',#10098);
#10098 = CARTESIAN_POINT('',(2.110597734956,-4.898587196589E-16,
    68.403864779434));
#10099 = SURFACE_CURVE('',#10100,(#10105,#10117),.PCURVE_S1.);
#10100 = CIRCLE('',#10101,2.);
#10101 = AXIS2_PLACEMENT_3D('',#10102,#10103,#10104);
#10102 = CARTESIAN_POINT('',(0.578508848718,0.,69.689439998807));
#10103 = DIRECTION('',(0.642787609687,0.,0.766044443119));
#10104 = DIRECTION('',(0.766044443119,0.,-0.642787609687));
#10105 = PCURVE('',#10106,#10111);
#10106 = CYLINDRICAL_SURFACE('',#10107,2.);
#10107 = AXIS2_PLACEMENT_3D('',#10108,#10109,#10110);
#10108 = CARTESIAN_POINT('',(0.192836282906,0.,69.229813332936));
#10109 = DIRECTION('',(0.642787609687,0.,0.766044443119));
#10110 = DIRECTION('',(0.766044443119,0.,-0.642787609687));
#10111 = DEFINITIONAL_REPRESENTATION('',(#10112),#10116);
#10112 = LINE('',#10113,#10114);
#10113 = CARTESIAN_POINT('',(0.,0.6));
#10114 = VECTOR('',#10115,1.);
#10115 = DIRECTION('',(1.,0.));
#10116 = ( GEOMETRIC_REPRESENTATION_CONTEXT(2) 
PARAMETRIC_REPRESENTATION_CONTEXT() REPRESENTATION_CONTEXT('2D SPACE',''
  ) );
#10117 = PCURVE('',#10118,#10123);
#10118 = PLANE('',#10119);
#10119 = AXIS2_PLACEMENT_3D('',#10120,#10121,#10122);
#10120 = CARTESIAN_POINT('',(0.578508848718,0.,69.689439998807));
#10121 = DIRECTION('',(0.642787609687,0.,0.766044443119));
#10122 = DIRECTION('',(0.766044443119,0.,-0.642787609687));
#10123 = DEFINITIONAL_REPRESENTATION('',(#10124),#10128);
#10124 = CIRCLE('',#10125,2.);
#10125 = AXIS2_PLACEMENT_2D('',#10126,#10127);
#10126 = CARTESIAN_POINT('',(0.,0.));
#10127 = DIRECTION('',(1.,0.));
#10128 = ( GEOMETRIC_REPRESENTATION_CONTEXT(2) 
PARAMETRIC_REPRESENTATION_CONTEXT() REPRESENTATION_CONTEXT('2D SPACE',''
  ) );
#10129 = ORIENTED_EDGE('',*,*,#10130,.F.);
#10130 = EDGE_CURVE('',#10131,#10097,#10133,.T.);
#10131 = VERTEX_POINT('',#10132);
#10132 = CARTESIAN_POINT('',(1.724925169144,-4.898587196589E-16,
    67.944238113563));
#10133 = SEAM_CURVE('',#10134,(#10138,#10145),.PCURVE_S1.);
#10134 = LINE('',#10135,#10136);
#10135 = CARTESIAN_POINT('',(1.724925169144,-4.898587196589E-16,
    67.944238113563));
#10136 = VECTOR('',#10137,1.);
#10137 = DIRECTION('',(0.642787609687,0.,0.766044443119));
#10138 = PCURVE('',#10106,#10139);
#10139 = DEFINITIONAL_REPRESENTATION('',(#10140),#10144);
#10140 = LINE('',#10141,#10142);
#10141 = CARTESIAN_POINT('',(6.28318530718,-0.));
#10142 = VECTOR('',#10143,1.);
#10143 = DIRECTION('',(0.,1.));
#10144 = ( GEOMETRIC_REPRESENTATION_CONTEXT(2) 
PARAMETRIC_REPRESENTATION_CONTEXT() REPRESENTATION_CONTEXT('2D SPACE',''
  ) );
#10145 = PCURVE('',#10106,#10146);
#10146 = DEFINITIONAL_REPRESENTATION('',(#10147),#10151);
#10147 = LINE('',#10148,#10149);
#10148 = CARTESIAN_POINT('',(0.,-0.));
#10149 = VECTOR('',#10150,1.);
#10150 = DIRECTION('',(0.,1.));
#10151 = ( GEOMETRIC_REPRESENTATION_CONTEXT(2) 
PARAMETRIC_REPRESENTATION_CONTEXT() REPRESENTATION_CONTEXT('2D SPACE',''
  ) );
#10152 = ORIENTED_EDGE('',*,*,#10153,.T.);
#10153 = EDGE_CURVE('',#10131,#10131,#10154,.T.);
#10154 = SURFACE_CURVE('',#10155,(#10160,#10167),.PCURVE_S1.);
#10155 = CIRCLE('',#10156,2.);
#10156 = AXIS2_PLACEMENT_3D('',#10157,#10158,#10159);
#10157 = CARTESIAN_POINT('',(0.192836282906,0.,69.229813332936));
#10158 = DIRECTION('',(0.642787609687,0.,0.766044443119));
#10159 = DIRECTION('',(0.766044443119,0.,-0.642787609687));
#10160 = PCURVE('',#10106,#10161);
#10161 = DEFINITIONAL_REPRESENTATION('',(#10162),#10166);
#10162 = LINE('',#10163,#10164);
#10163 = CARTESIAN_POINT('',(0.,0.));
#10164 = VECTOR('',#10165,1.);
#10165 = DIRECTION('',(1.,0.));
#10166 = ( GEOMETRIC_REPRESENTATION_CONTEXT(2) 
PARAMETRIC_REPRESENTATION_CONTEXT() REPRESENTATION_CONTEXT('2D SPACE',''
  ) );
#10167 = PCURVE('',#10168,#10173);
#10168 = PLANE('',#10169);
#10169 = AXIS2_PLACEMENT_3D('',#10170,#10171,#10172);
#10170 = CARTESIAN_POINT('',(0.192836282906,0.,69.229813332936));
#10171 = DIRECTION('',(0.642787609687,0.,0.766044443119));
#10172 = DIRECTION('',(0.766044443119,0.,-0.642787609687));
#10173 = DEFINITIONAL_REPRESENTATION('',(#10174),#10178);
#10174 = CIRCLE('',#10175,2.);
#10175 = AXIS2_PLACEMENT_2D('',#10176,#10177);
#10176 = CARTESIAN_POINT('',(0.,0.));
#10177 = DIRECTION('',(1.,0.));
#10178 = ( GEOMETRIC_REPRESENTATION_CONTEXT(2) 
PARAMETRIC_REPRESENTATION_CONTEXT() REPRESENTATION_CONTEXT('2D SPACE',''
  ) );
#10179 = ORIENTED_EDGE('',*,*,#10130,.T.);
#10180 = ADVANCED_FACE('',(#10181,#10184),#10118,.T.);
#10181 = FACE_BOUND('',#10182,.T.);
#10182 = EDGE_LOOP('',(#10183));
#10183 = ORIENTED_EDGE('',*,*,#10096,.T.);
#10184 = FACE_BOUND('',#10185,.T.);
#10185 = EDGE_LOOP('',(#10186));
#10186 = ORIENTED_EDGE('',*,*,#10187,.F.);
#10187 = EDGE_CURVE('',#10188,#10188,#10190,.T.);
#10188 = VERTEX_POINT('',#10189);
#10189 = CARTESIAN_POINT('',(1.076437736745,-1.592040838892E-16,
    69.271628052511));
#10190 = SURFACE_CURVE('',#10191,(#10196,#10203),.PCURVE_S1.);
#10191 = CIRCLE('',#10192,0.65);
#10192 = AXIS2_PLACEMENT_3D('',#10193,#10194,#10195);
#10193 = CARTESIAN_POINT('',(0.578508848718,0.,69.689439998807));
#10194 = DIRECTION('',(0.642787609687,0.,0.766044443119));
#10195 = DIRECTION('',(0.766044443119,0.,-0.642787609687));
#10196 = PCURVE('',#10118,#10197);
#10197 = DEFINITIONAL_REPRESENTATION('',(#10198),#10202);
#10198 = CIRCLE('',#10199,0.65);
#10199 = AXIS2_PLACEMENT_2D('',#10200,#10201);
#10200 = CARTESIAN_POINT('',(0.,0.));
#10201 = DIRECTION('',(1.,0.));
#10202 = ( GEOMETRIC_REPRESENTATION_CONTEXT(2) 
PARAMETRIC_REPRESENTATION_CONTEXT() REPRESENTATION_CONTEXT('2D SPACE',''
  ) );
#10203 = PCURVE('',#10204,#10209);
#10204 = CYLINDRICAL_SURFACE('',#10205,0.65);
#10205 = AXIS2_PLACEMENT_3D('',#10206,#10207,#10208);
#10206 = CARTESIAN_POINT('',(0.192836282906,0.,69.229813332936));
#10207 = DIRECTION('',(0.642787609687,0.,0.766044443119));
#10208 = DIRECTION('',(0.766044443119,0.,-0.642787609687));
#10209 = DEFINITIONAL_REPRESENTATION('',(#10210),#10214);
#10210 = LINE('',#10211,#10212);
#10211 = CARTESIAN_POINT('',(0.,0.6));
#10212 = VECTOR('',#10213,1.);
#10213 = DIRECTION('',(1.,0.));
#10214 = ( GEOMETRIC_REPRESENTATION_CONTEXT(2) 
PARAMETRIC_REPRESENTATION_CONTEXT() REPRESENTATION_CONTEXT('2D SPACE',''
  ) );
#10215 = ADVANCED_FACE('',(#10216,#10219),#10168,.F.);
#10216 = FACE_BOUND('',#10217,.F.);
#10217 = EDGE_LOOP('',(#10218));
#10218 = ORIENTED_EDGE('',*,*,#10153,.T.);
#10219 = FACE_BOUND('',#10220,.F.);
#10220 = EDGE_LOOP('',(#10221));
#10221 = ORIENTED_EDGE('',*,*,#10222,.F.);
#10222 = EDGE_CURVE('',#10223,#10223,#10225,.T.);
#10223 = VERTEX_POINT('',#10224);
#10224 = CARTESIAN_POINT('',(0.690765170933,-1.592040838892E-16,
    68.812001386639));
#10225 = SURFACE_CURVE('',#10226,(#10231,#10238),.PCURVE_S1.);
#10226 = CIRCLE('',#10227,0.65);
#10227 = AXIS2_PLACEMENT_3D('',#10228,#10229,#10230);
#10228 = CARTESIAN_POINT('',(0.192836282906,0.,69.229813332936));
#10229 = DIRECTION('',(0.642787609687,0.,0.766044443119));
#10230 = DIRECTION('',(0.766044443119,0.,-0.642787609687));
#10231 = PCURVE('',#10168,#10232);
#10232 = DEFINITIONAL_REPRESENTATION('',(#10233),#10237);
#10233 = CIRCLE('',#10234,0.65);
#10234 = AXIS2_PLACEMENT_2D('',#10235,#10236);
#10235 = CARTESIAN_POINT('',(0.,0.));
#10236 = DIRECTION('',(1.,0.));
#10237 = ( GEOMETRIC_REPRESENTATION_CONTEXT(2) 
PARAMETRIC_REPRESENTATION_CONTEXT() REPRESENTATION_CONTEXT('2D SPACE',''
  ) );
#10238 = PCURVE('',#10204,#10239);
#10239 = DEFINITIONAL_REPRESENTATION('',(#10240),#10244);
#10240 = LINE('',#10241,#10242);
#10241 = CARTESIAN_POINT('',(0.,0.));
#10242 = VECTOR('',#10243,1.);
#10243 = DIRECTION('',(1.,0.));
#10244 = ( GEOMETRIC_REPRESENTATION_CONTEXT(2) 
PARAMETRIC_REPRESENTATION_CONTEXT() REPRESENTATION_CONTEXT('2D SPACE',''
  ) );
#10245 = ADVANCED_FACE('',(#10246),#10204,.F.);
#10246 = FACE_BOUND('',#10247,.F.);
#10247 = EDGE_LOOP('',(#10248,#10249,#10270,#10271));
#10248 = ORIENTED_EDGE('',*,*,#10187,.F.);
#10249 = ORIENTED_EDGE('',*,*,#10250,.F.);
#10250 = EDGE_CURVE('',#10223,#10188,#10251,.T.);
#10251 = SEAM_CURVE('',#10252,(#10256,#10263),.PCURVE_S1.);
#10252 = LINE('',#10253,#10254);
#10253 = CARTESIAN_POINT('',(0.690765170933,-1.592040838892E-16,
    68.812001386639));
#10254 = VECTOR('',#10255,1.);
#10255 = DIRECTION('',(0.642787609687,0.,0.766044443119));
#10256 = PCURVE('',#10204,#10257);
#10257 = DEFINITIONAL_REPRESENTATION('',(#10258),#10262);
#10258 = LINE('',#10259,#10260);
#10259 = CARTESIAN_POINT('',(6.28318530718,-0.));
#10260 = VECTOR('',#10261,1.);
#10261 = DIRECTION('',(0.,1.));
#10262 = ( GEOMETRIC_REPRESENTATION_CONTEXT(2) 
PARAMETRIC_REPRESENTATION_CONTEXT() REPRESENTATION_CONTEXT('2D SPACE',''
  ) );
#10263 = PCURVE('',#10204,#10264);
#10264 = DEFINITIONAL_REPRESENTATION('',(#10265),#10269);
#10265 = LINE('',#10266,#10267);
#10266 = CARTESIAN_POINT('',(0.,-0.));
#10267 = VECTOR('',#10268,1.);
#10268 = DIRECTION('',(0.,1.));
#10269 = ( GEOMETRIC_REPRESENTATION_CONTEXT(2) 
PARAMETRIC_REPRESENTATION_CONTEXT() REPRESENTATION_CONTEXT('2D SPACE',''
  ) );
#10270 = ORIENTED_EDGE('',*,*,#10222,.T.);
#10271 = ORIENTED_EDGE('',*,*,#10250,.T.);
#10272 = ( GEOMETRIC_REPRESENTATION_CONTEXT(3) 
GLOBAL_UNCERTAINTY_ASSIGNED_CONTEXT((#10276)) 
GLOBAL_UNIT_ASSIGNED_CONTEXT((#10273,#10274,#10275)) 
REPRESENTATION_CONTEXT('Context #1',
  '3D Context with UNIT and UNCERTAINTY') );
#10273 = ( LENGTH_UNIT() NAMED_UNIT(*) SI_UNIT(.MILLI.,.METRE.) );
#10274 = ( NAMED_UNIT(*) PLANE_ANGLE_UNIT() SI_UNIT($,.RADIAN.) );
#10275 = ( NAMED_UNIT(*) SI_UNIT($,.STERADIAN.) SOLID_ANGLE_UNIT() );
#10276 = UNCERTAINTY_MEASURE_WITH_UNIT(LENGTH_MEASURE(1.E-07),#10273,
  'distance_accuracy_value','confusion accuracy');
#10277 = CONTEXT_DEPENDENT_SHAPE_REPRESENTATION(#10278,#10280);
#10278 = ( REPRESENTATION_RELATIONSHIP('','',#10089,#10) 
REPRESENTATION_RELATIONSHIP_WITH_TRANSFORMATION(#10279) 
SHAPE_REPRESENTATION_RELATIONSHIP() );
#10279 = ITEM_DEFINED_TRANSFORMATION('','',#11,#171);
#10280 = PRODUCT_DEFINITION_SHAPE('Placement','Placement of an item',
  #10281);
#10281 = NEXT_ASSEMBLY_USAGE_OCCURRENCE('94','head_shoe','',#5,#10084,$
  );
#10282 = PRODUCT_RELATED_PRODUCT_CATEGORY('part',$,(#10086));
#10283 = SHAPE_DEFINITION_REPRESENTATION(#10284,#10290);
#10284 = PRODUCT_DEFINITION_SHAPE('','',#10285);
#10285 = PRODUCT_DEFINITION('design','',#10286,#10289);
#10286 = PRODUCT_DEFINITION_FORMATION('','',#10287);
#10287 = PRODUCT('head_face','head_face','',(#10288));
#10288 = PRODUCT_CONTEXT('',#2,'mechanical');
#10289 = PRODUCT_DEFINITION_CONTEXT('part definition',#2,'design');
#10290 = ADVANCED_BREP_SHAPE_REPRESENTATION('',(#11,#10291),#10621);
#10291 = MANIFOLD_SOLID_BREP('',#10292);
#10292 = CLOSED_SHELL('',(#10293,#10413,#10489,#10560,#10607,#10614));
#10293 = ADVANCED_FACE('',(#10294),#10308,.F.);
#10294 = FACE_BOUND('',#10295,.F.);
#10295 = EDGE_LOOP('',(#10296,#10331,#10359,#10387));
#10296 = ORIENTED_EDGE('',*,*,#10297,.T.);
#10297 = EDGE_CURVE('',#10298,#10300,#10302,.T.);
#10298 = VERTEX_POINT('',#10299);
#10299 = CARTESIAN_POINT('',(-2.684232386735,-3.9587,72.557745695035));
#10300 = VERTEX_POINT('',#10301);
#10301 = CARTESIAN_POINT('',(-1.912887255111,-3.9587,73.476999026778));
#10302 = SURFACE_CURVE('',#10303,(#10307,#10319),.PCURVE_S1.);
#10303 = LINE('',#10304,#10305);
#10304 = CARTESIAN_POINT('',(-2.684232386735,-3.9587,72.557745695035));
#10305 = VECTOR('',#10306,1.);
#10306 = DIRECTION('',(0.642787609687,0.,0.766044443119));
#10307 = PCURVE('',#10308,#10313);
#10308 = PLANE('',#10309);
#10309 = AXIS2_PLACEMENT_3D('',#10310,#10311,#10312);
#10310 = CARTESIAN_POINT('',(-2.684232386735,-3.9587,72.557745695035));
#10311 = DIRECTION('',(-0.,1.,0.));
#10312 = DIRECTION('',(0.766044443119,0.,-0.642787609687));
#10313 = DEFINITIONAL_REPRESENTATION('',(#10314),#10318);
#10314 = LINE('',#10315,#10316);
#10315 = CARTESIAN_POINT('',(0.,0.));
#10316 = VECTOR('',#10317,1.);
#10317 = DIRECTION('',(0.,-1.));
#10318 = ( GEOMETRIC_REPRESENTATION_CONTEXT(2) 
PARAMETRIC_REPRESENTATION_CONTEXT() REPRESENTATION_CONTEXT('2D SPACE',''
  ) );
#10319 = PCURVE('',#10320,#10325);
#10320 = PLANE('',#10321);
#10321 = AXIS2_PLACEMENT_3D('',#10322,#10323,#10324);
#10322 = CARTESIAN_POINT('',(-2.684232386735,3.9587,72.557745695035));
#10323 = DIRECTION('',(0.766044443119,0.,-0.642787609687));
#10324 = DIRECTION('',(0.,-1.,0.));
#10325 = DEFINITIONAL_REPRESENTATION('',(#10326),#10330);
#10326 = LINE('',#10327,#10328);
#10327 = CARTESIAN_POINT('',(7.9174,0.));
#10328 = VECTOR('',#10329,1.);
#10329 = DIRECTION('',(0.,-1.));
#10330 = ( GEOMETRIC_REPRESENTATION_CONTEXT(2) 
PARAMETRIC_REPRESENTATION_CONTEXT() REPRESENTATION_CONTEXT('2D SPACE',''
  ) );
#10331 = ORIENTED_EDGE('',*,*,#10332,.T.);
#10332 = EDGE_CURVE('',#10300,#10333,#10335,.T.);
#10333 = VERTEX_POINT('',#10334);
#10334 = CARTESIAN_POINT('',(5.927352644837,-3.9587,66.89825661839));
#10335 = SURFACE_CURVE('',#10336,(#10340,#10347),.PCURVE_S1.);
#10336 = LINE('',#10337,#10338);
#10337 = CARTESIAN_POINT('',(-1.912887255111,-3.9587,73.476999026778));
#10338 = VECTOR('',#10339,1.);
#10339 = DIRECTION('',(0.766044443119,0.,-0.642787609687));
#10340 = PCURVE('',#10308,#10341);
#10341 = DEFINITIONAL_REPRESENTATION('',(#10342),#10346);
#10342 = LINE('',#10343,#10344);
#10343 = CARTESIAN_POINT('',(0.,-1.2));
#10344 = VECTOR('',#10345,1.);
#10345 = DIRECTION('',(1.,0.));
#10346 = ( GEOMETRIC_REPRESENTATION_CONTEXT(2) 
PARAMETRIC_REPRESENTATION_CONTEXT() REPRESENTATION_CONTEXT('2D SPACE',''
  ) );
#10347 = PCURVE('',#10348,#10353);
#10348 = PLANE('',#10349);
#10349 = AXIS2_PLACEMENT_3D('',#10350,#10351,#10352);
#10350 = CARTESIAN_POINT('',(2.007232694863,0.,70.187627822584));
#10351 = DIRECTION('',(0.642787609687,0.,0.766044443119));
#10352 = DIRECTION('',(0.766044443119,0.,-0.642787609687));
#10353 = DEFINITIONAL_REPRESENTATION('',(#10354),#10358);
#10354 = LINE('',#10355,#10356);
#10355 = CARTESIAN_POINT('',(-5.117353157753,-3.9587));
#10356 = VECTOR('',#10357,1.);
#10357 = DIRECTION('',(1.,0.));
#10358 = ( GEOMETRIC_REPRESENTATION_CONTEXT(2) 
PARAMETRIC_REPRESENTATION_CONTEXT() REPRESENTATION_CONTEXT('2D SPACE',''
  ) );
#10359 = ORIENTED_EDGE('',*,*,#10360,.F.);
#10360 = EDGE_CURVE('',#10361,#10333,#10363,.T.);
#10361 = VERTEX_POINT('',#10362);
#10362 = CARTESIAN_POINT('',(5.156007513213,-3.9587,65.979003286648));
#10363 = SURFACE_CURVE('',#10364,(#10368,#10375),.PCURVE_S1.);
#10364 = LINE('',#10365,#10366);
#10365 = CARTESIAN_POINT('',(5.156007513213,-3.9587,65.979003286648));
#10366 = VECTOR('',#10367,1.);
#10367 = DIRECTION('',(0.642787609687,0.,0.766044443119));
#10368 = PCURVE('',#10308,#10369);
#10369 = DEFINITIONAL_REPRESENTATION('',(#10370),#10374);
#10370 = LINE('',#10371,#10372);
#10371 = CARTESIAN_POINT('',(10.234706315506,1.7763568394E-15));
#10372 = VECTOR('',#10373,1.);
#10373 = DIRECTION('',(0.,-1.));
#10374 = ( GEOMETRIC_REPRESENTATION_CONTEXT(2) 
PARAMETRIC_REPRESENTATION_CONTEXT() REPRESENTATION_CONTEXT('2D SPACE',''
  ) );
#10375 = PCURVE('',#10376,#10381);
#10376 = PLANE('',#10377);
#10377 = AXIS2_PLACEMENT_3D('',#10378,#10379,#10380);
#10378 = CARTESIAN_POINT('',(5.156007513213,-3.9587,65.979003286648));
#10379 = DIRECTION('',(-0.766044443119,0.,0.642787609687));
#10380 = DIRECTION('',(0.,1.,0.));
#10381 = DEFINITIONAL_REPRESENTATION('',(#10382),#10386);
#10382 = LINE('',#10383,#10384);
#10383 = CARTESIAN_POINT('',(0.,0.));
#10384 = VECTOR('',#10385,1.);
#10385 = DIRECTION('',(0.,-1.));
#10386 = ( GEOMETRIC_REPRESENTATION_CONTEXT(2) 
PARAMETRIC_REPRESENTATION_CONTEXT() REPRESENTATION_CONTEXT('2D SPACE',''
  ) );
#10387 = ORIENTED_EDGE('',*,*,#10388,.F.);
#10388 = EDGE_CURVE('',#10298,#10361,#10389,.T.);
#10389 = SURFACE_CURVE('',#10390,(#10394,#10401),.PCURVE_S1.);
#10390 = LINE('',#10391,#10392);
#10391 = CARTESIAN_POINT('',(-2.684232386735,-3.9587,72.557745695035));
#10392 = VECTOR('',#10393,1.);
#10393 = DIRECTION('',(0.766044443119,0.,-0.642787609687));
#10394 = PCURVE('',#10308,#10395);
#10395 = DEFINITIONAL_REPRESENTATION('',(#10396),#10400);
#10396 = LINE('',#10397,#10398);
#10397 = CARTESIAN_POINT('',(0.,0.));
#10398 = VECTOR('',#10399,1.);
#10399 = DIRECTION('',(1.,0.));
#10400 = ( GEOMETRIC_REPRESENTATION_CONTEXT(2) 
PARAMETRIC_REPRESENTATION_CONTEXT() REPRESENTATION_CONTEXT('2D SPACE',''
  ) );
#10401 = PCURVE('',#10402,#10407);
#10402 = PLANE('',#10403);
#10403 = AXIS2_PLACEMENT_3D('',#10404,#10405,#10406);
#10404 = CARTESIAN_POINT('',(1.235887563239,0.,69.268374490842));
#10405 = DIRECTION('',(0.642787609687,0.,0.766044443119));
#10406 = DIRECTION('',(0.766044443119,0.,-0.642787609687));
#10407 = DEFINITIONAL_REPRESENTATION('',(#10408),#10412);
#10408 = LINE('',#10409,#10410);
#10409 = CARTESIAN_POINT('',(-5.117353157753,-3.9587));
#10410 = VECTOR('',#10411,1.);
#10411 = DIRECTION('',(1.,0.));
#10412 = ( GEOMETRIC_REPRESENTATION_CONTEXT(2) 
PARAMETRIC_REPRESENTATION_CONTEXT() REPRESENTATION_CONTEXT('2D SPACE',''
  ) );
#10413 = ADVANCED_FACE('',(#10414),#10376,.F.);
#10414 = FACE_BOUND('',#10415,.F.);
#10415 = EDGE_LOOP('',(#10416,#10417,#10440,#10468));
#10416 = ORIENTED_EDGE('',*,*,#10360,.T.);
#10417 = ORIENTED_EDGE('',*,*,#10418,.T.);
#10418 = EDGE_CURVE('',#10333,#10419,#10421,.T.);
#10419 = VERTEX_POINT('',#10420);
#10420 = CARTESIAN_POINT('',(5.927352644837,3.9587,66.89825661839));
#10421 = SURFACE_CURVE('',#10422,(#10426,#10433),.PCURVE_S1.);
#10422 = LINE('',#10423,#10424);
#10423 = CARTESIAN_POINT('',(5.927352644837,-3.9587,66.89825661839));
#10424 = VECTOR('',#10425,1.);
#10425 = DIRECTION('',(0.,1.,0.));
#10426 = PCURVE('',#10376,#10427);
#10427 = DEFINITIONAL_REPRESENTATION('',(#10428),#10432);
#10428 = LINE('',#10429,#10430);
#10429 = CARTESIAN_POINT('',(0.,-1.2));
#10430 = VECTOR('',#10431,1.);
#10431 = DIRECTION('',(1.,0.));
#10432 = ( GEOMETRIC_REPRESENTATION_CONTEXT(2) 
PARAMETRIC_REPRESENTATION_CONTEXT() REPRESENTATION_CONTEXT('2D SPACE',''
  ) );
#10433 = PCURVE('',#10348,#10434);
#10434 = DEFINITIONAL_REPRESENTATION('',(#10435),#10439);
#10435 = LINE('',#10436,#10437);
#10436 = CARTESIAN_POINT('',(5.117353157753,-3.9587));
#10437 = VECTOR('',#10438,1.);
#10438 = DIRECTION('',(0.,1.));
#10439 = ( GEOMETRIC_REPRESENTATION_CONTEXT(2) 
PARAMETRIC_REPRESENTATION_CONTEXT() REPRESENTATION_CONTEXT('2D SPACE',''
  ) );
#10440 = ORIENTED_EDGE('',*,*,#10441,.F.);
#10441 = EDGE_CURVE('',#10442,#10419,#10444,.T.);
#10442 = VERTEX_POINT('',#10443);
#10443 = CARTESIAN_POINT('',(5.156007513213,3.9587,65.979003286648));
#10444 = SURFACE_CURVE('',#10445,(#10449,#10456),.PCURVE_S1.);
#10445 = LINE('',#10446,#10447);
#10446 = CARTESIAN_POINT('',(5.156007513213,3.9587,65.979003286648));
#10447 = VECTOR('',#10448,1.);
#10448 = DIRECTION('',(0.642787609687,0.,0.766044443119));
#10449 = PCURVE('',#10376,#10450);
#10450 = DEFINITIONAL_REPRESENTATION('',(#10451),#10455);
#10451 = LINE('',#10452,#10453);
#10452 = CARTESIAN_POINT('',(7.9174,0.));
#10453 = VECTOR('',#10454,1.);
#10454 = DIRECTION('',(0.,-1.));
#10455 = ( GEOMETRIC_REPRESENTATION_CONTEXT(2) 
PARAMETRIC_REPRESENTATION_CONTEXT() REPRESENTATION_CONTEXT('2D SPACE',''
  ) );
#10456 = PCURVE('',#10457,#10462);
#10457 = PLANE('',#10458);
#10458 = AXIS2_PLACEMENT_3D('',#10459,#10460,#10461);
#10459 = CARTESIAN_POINT('',(5.156007513213,3.9587,65.979003286648));
#10460 = DIRECTION('',(0.,-1.,0.));
#10461 = DIRECTION('',(-0.766044443119,0.,0.642787609687));
#10462 = DEFINITIONAL_REPRESENTATION('',(#10463),#10467);
#10463 = LINE('',#10464,#10465);
#10464 = CARTESIAN_POINT('',(0.,-0.));
#10465 = VECTOR('',#10466,1.);
#10466 = DIRECTION('',(0.,-1.));
#10467 = ( GEOMETRIC_REPRESENTATION_CONTEXT(2) 
PARAMETRIC_REPRESENTATION_CONTEXT() REPRESENTATION_CONTEXT('2D SPACE',''
  ) );
#10468 = ORIENTED_EDGE('',*,*,#10469,.F.);
#10469 = EDGE_CURVE('',#10361,#10442,#10470,.T.);
#10470 = SURFACE_CURVE('',#10471,(#10475,#10482),.PCURVE_S1.);
#10471 = LINE('',#10472,#10473);
#10472 = CARTESIAN_POINT('',(5.156007513213,-3.9587,65.979003286648));
#10473 = VECTOR('',#10474,1.);
#10474 = DIRECTION('',(0.,1.,0.));
#10475 = PCURVE('',#10376,#10476);
#10476 = DEFINITIONAL_REPRESENTATION('',(#10477),#10481);
#10477 = LINE('',#10478,#10479);
#10478 = CARTESIAN_POINT('',(0.,0.));
#10479 = VECTOR('',#10480,1.);
#10480 = DIRECTION('',(1.,0.));
#10481 = ( GEOMETRIC_REPRESENTATION_CONTEXT(2) 
PARAMETRIC_REPRESENTATION_CONTEXT() REPRESENTATION_CONTEXT('2D SPACE',''
  ) );
#10482 = PCURVE('',#10402,#10483);
#10483 = DEFINITIONAL_REPRESENTATION('',(#10484),#10488);
#10484 = LINE('',#10485,#10486);
#10485 = CARTESIAN_POINT('',(5.117353157753,-3.9587));
#10486 = VECTOR('',#10487,1.);
#10487 = DIRECTION('',(0.,1.));
#10488 = ( GEOMETRIC_REPRESENTATION_CONTEXT(2) 
PARAMETRIC_REPRESENTATION_CONTEXT() REPRESENTATION_CONTEXT('2D SPACE',''
  ) );
#10489 = ADVANCED_FACE('',(#10490),#10457,.F.);
#10490 = FACE_BOUND('',#10491,.F.);
#10491 = EDGE_LOOP('',(#10492,#10493,#10516,#10539));
#10492 = ORIENTED_EDGE('',*,*,#10441,.T.);
#10493 = ORIENTED_EDGE('',*,*,#10494,.T.);
#10494 = EDGE_CURVE('',#10419,#10495,#10497,.T.);
#10495 = VERTEX_POINT('',#10496);
#10496 = CARTESIAN_POINT('',(-1.912887255111,3.9587,73.476999026778));
#10497 = SURFACE_CURVE('',#10498,(#10502,#10509),.PCURVE_S1.);
#10498 = LINE('',#10499,#10500);
#10499 = CARTESIAN_POINT('',(5.927352644837,3.9587,66.89825661839));
#10500 = VECTOR('',#10501,1.);
#10501 = DIRECTION('',(-0.766044443119,0.,0.642787609687));
#10502 = PCURVE('',#10457,#10503);
#10503 = DEFINITIONAL_REPRESENTATION('',(#10504),#10508);
#10504 = LINE('',#10505,#10506);
#10505 = CARTESIAN_POINT('',(0.,-1.2));
#10506 = VECTOR('',#10507,1.);
#10507 = DIRECTION('',(1.,0.));
#10508 = ( GEOMETRIC_REPRESENTATION_CONTEXT(2) 
PARAMETRIC_REPRESENTATION_CONTEXT() REPRESENTATION_CONTEXT('2D SPACE',''
  ) );
#10509 = PCURVE('',#10348,#10510);
#10510 = DEFINITIONAL_REPRESENTATION('',(#10511),#10515);
#10511 = LINE('',#10512,#10513);
#10512 = CARTESIAN_POINT('',(5.117353157753,3.9587));
#10513 = VECTOR('',#10514,1.);
#10514 = DIRECTION('',(-1.,0.));
#10515 = ( GEOMETRIC_REPRESENTATION_CONTEXT(2) 
PARAMETRIC_REPRESENTATION_CONTEXT() REPRESENTATION_CONTEXT('2D SPACE',''
  ) );
#10516 = ORIENTED_EDGE('',*,*,#10517,.F.);
#10517 = EDGE_CURVE('',#10518,#10495,#10520,.T.);
#10518 = VERTEX_POINT('',#10519);
#10519 = CARTESIAN_POINT('',(-2.684232386735,3.9587,72.557745695035));
#10520 = SURFACE_CURVE('',#10521,(#10525,#10532),.PCURVE_S1.);
#10521 = LINE('',#10522,#10523);
#10522 = CARTESIAN_POINT('',(-2.684232386735,3.9587,72.557745695035));
#10523 = VECTOR('',#10524,1.);
#10524 = DIRECTION('',(0.642787609687,0.,0.766044443119));
#10525 = PCURVE('',#10457,#10526);
#10526 = DEFINITIONAL_REPRESENTATION('',(#10527),#10531);
#10527 = LINE('',#10528,#10529);
#10528 = CARTESIAN_POINT('',(10.234706315506,-1.7763568394E-15));
#10529 = VECTOR('',#10530,1.);
#10530 = DIRECTION('',(0.,-1.));
#10531 = ( GEOMETRIC_REPRESENTATION_CONTEXT(2) 
PARAMETRIC_REPRESENTATION_CONTEXT() REPRESENTATION_CONTEXT('2D SPACE',''
  ) );
#10532 = PCURVE('',#10320,#10533);
#10533 = DEFINITIONAL_REPRESENTATION('',(#10534),#10538);
#10534 = LINE('',#10535,#10536);
#10535 = CARTESIAN_POINT('',(0.,-0.));
#10536 = VECTOR('',#10537,1.);
#10537 = DIRECTION('',(0.,-1.));
#10538 = ( GEOMETRIC_REPRESENTATION_CONTEXT(2) 
PARAMETRIC_REPRESENTATION_CONTEXT() REPRESENTATION_CONTEXT('2D SPACE',''
  ) );
#10539 = ORIENTED_EDGE('',*,*,#10540,.F.);
#10540 = EDGE_CURVE('',#10442,#10518,#10541,.T.);
#10541 = SURFACE_CURVE('',#10542,(#10546,#10553),.PCURVE_S1.);
#10542 = LINE('',#10543,#10544);
#10543 = CARTESIAN_POINT('',(5.156007513213,3.9587,65.979003286648));
#10544 = VECTOR('',#10545,1.);
#10545 = DIRECTION('',(-0.766044443119,0.,0.642787609687));
#10546 = PCURVE('',#10457,#10547);
#10547 = DEFINITIONAL_REPRESENTATION('',(#10548),#10552);
#10548 = LINE('',#10549,#10550);
#10549 = CARTESIAN_POINT('',(0.,-0.));
#10550 = VECTOR('',#10551,1.);
#10551 = DIRECTION('',(1.,0.));
#10552 = ( GEOMETRIC_REPRESENTATION_CONTEXT(2) 
PARAMETRIC_REPRESENTATION_CONTEXT() REPRESENTATION_CONTEXT('2D SPACE',''
  ) );
#10553 = PCURVE('',#10402,#10554);
#10554 = DEFINITIONAL_REPRESENTATION('',(#10555),#10559);
#10555 = LINE('',#10556,#10557);
#10556 = CARTESIAN_POINT('',(5.117353157753,3.9587));
#10557 = VECTOR('',#10558,1.);
#10558 = DIRECTION('',(-1.,0.));
#10559 = ( GEOMETRIC_REPRESENTATION_CONTEXT(2) 
PARAMETRIC_REPRESENTATION_CONTEXT() REPRESENTATION_CONTEXT('2D SPACE',''
  ) );
#10560 = ADVANCED_FACE('',(#10561),#10320,.F.);
#10561 = FACE_BOUND('',#10562,.F.);
#10562 = EDGE_LOOP('',(#10563,#10564,#10585,#10586));
#10563 = ORIENTED_EDGE('',*,*,#10517,.T.);
#10564 = ORIENTED_EDGE('',*,*,#10565,.T.);
#10565 = EDGE_CURVE('',#10495,#10300,#10566,.T.);
#10566 = SURFACE_CURVE('',#10567,(#10571,#10578),.PCURVE_S1.);
#10567 = LINE('',#10568,#10569);
#10568 = CARTESIAN_POINT('',(-1.912887255111,3.9587,73.476999026778));
#10569 = VECTOR('',#10570,1.);
#10570 = DIRECTION('',(0.,-1.,0.));
#10571 = PCURVE('',#10320,#10572);
#10572 = DEFINITIONAL_REPRESENTATION('',(#10573),#10577);
#10573 = LINE('',#10574,#10575);
#10574 = CARTESIAN_POINT('',(0.,-1.2));
#10575 = VECTOR('',#10576,1.);
#10576 = DIRECTION('',(1.,0.));
#10577 = ( GEOMETRIC_REPRESENTATION_CONTEXT(2) 
PARAMETRIC_REPRESENTATION_CONTEXT() REPRESENTATION_CONTEXT('2D SPACE',''
  ) );
#10578 = PCURVE('',#10348,#10579);
#10579 = DEFINITIONAL_REPRESENTATION('',(#10580),#10584);
#10580 = LINE('',#10581,#10582);
#10581 = CARTESIAN_POINT('',(-5.117353157753,3.9587));
#10582 = VECTOR('',#10583,1.);
#10583 = DIRECTION('',(0.,-1.));
#10584 = ( GEOMETRIC_REPRESENTATION_CONTEXT(2) 
PARAMETRIC_REPRESENTATION_CONTEXT() REPRESENTATION_CONTEXT('2D SPACE',''
  ) );
#10585 = ORIENTED_EDGE('',*,*,#10297,.F.);
#10586 = ORIENTED_EDGE('',*,*,#10587,.F.);
#10587 = EDGE_CURVE('',#10518,#10298,#10588,.T.);
#10588 = SURFACE_CURVE('',#10589,(#10593,#10600),.PCURVE_S1.);
#10589 = LINE('',#10590,#10591);
#10590 = CARTESIAN_POINT('',(-2.684232386735,3.9587,72.557745695035));
#10591 = VECTOR('',#10592,1.);
#10592 = DIRECTION('',(0.,-1.,0.));
#10593 = PCURVE('',#10320,#10594);
#10594 = DEFINITIONAL_REPRESENTATION('',(#10595),#10599);
#10595 = LINE('',#10596,#10597);
#10596 = CARTESIAN_POINT('',(0.,-0.));
#10597 = VECTOR('',#10598,1.);
#10598 = DIRECTION('',(1.,0.));
#10599 = ( GEOMETRIC_REPRESENTATION_CONTEXT(2) 
PARAMETRIC_REPRESENTATION_CONTEXT() REPRESENTATION_CONTEXT('2D SPACE',''
  ) );
#10600 = PCURVE('',#10402,#10601);
#10601 = DEFINITIONAL_REPRESENTATION('',(#10602),#10606);
#10602 = LINE('',#10603,#10604);
#10603 = CARTESIAN_POINT('',(-5.117353157753,3.9587));
#10604 = VECTOR('',#10605,1.);
#10605 = DIRECTION('',(0.,-1.));
#10606 = ( GEOMETRIC_REPRESENTATION_CONTEXT(2) 
PARAMETRIC_REPRESENTATION_CONTEXT() REPRESENTATION_CONTEXT('2D SPACE',''
  ) );
#10607 = ADVANCED_FACE('',(#10608),#10402,.F.);
#10608 = FACE_BOUND('',#10609,.F.);
#10609 = EDGE_LOOP('',(#10610,#10611,#10612,#10613));
#10610 = ORIENTED_EDGE('',*,*,#10388,.T.);
#10611 = ORIENTED_EDGE('',*,*,#10469,.T.);
#10612 = ORIENTED_EDGE('',*,*,#10540,.T.);
#10613 = ORIENTED_EDGE('',*,*,#10587,.T.);
#10614 = ADVANCED_FACE('',(#10615),#10348,.T.);
#10615 = FACE_BOUND('',#10616,.T.);
#10616 = EDGE_LOOP('',(#10617,#10618,#10619,#10620));
#10617 = ORIENTED_EDGE('',*,*,#10332,.T.);
#10618 = ORIENTED_EDGE('',*,*,#10418,.T.);
#10619 = ORIENTED_EDGE('',*,*,#10494,.T.);
#10620 = ORIENTED_EDGE('',*,*,#10565,.T.);
#10621 = ( GEOMETRIC_REPRESENTATION_CONTEXT(3) 
GLOBAL_UNCERTAINTY_ASSIGNED_CONTEXT((#10625)) 
GLOBAL_UNIT_ASSIGNED_CONTEXT((#10622,#10623,#10624)) 
REPRESENTATION_CONTEXT('Context #1',
  '3D Context with UNIT and UNCERTAINTY') );
#10622 = ( LENGTH_UNIT() NAMED_UNIT(*) SI_UNIT(.MILLI.,.METRE.) );
#10623 = ( NAMED_UNIT(*) PLANE_ANGLE_UNIT() SI_UNIT($,.RADIAN.) );
#10624 = ( NAMED_UNIT(*) SI_UNIT($,.STERADIAN.) SOLID_ANGLE_UNIT() );
#10625 = UNCERTAINTY_MEASURE_WITH_UNIT(LENGTH_MEASURE(1.E-07),#10622,
  'distance_accuracy_value','confusion accuracy');
#10626 = CONTEXT_DEPENDENT_SHAPE_REPRESENTATION(#10627,#10629);
#10627 = ( REPRESENTATION_RELATIONSHIP('','',#10290,#10) 
REPRESENTATION_RELATIONSHIP_WITH_TRANSFORMATION(#10628) 
SHAPE_REPRESENTATION_RELATIONSHIP() );
#10628 = ITEM_DEFINED_TRANSFORMATION('','',#11,#175);
#10629 = PRODUCT_DEFINITION_SHAPE('Placement','Placement of an item',
  #10630);
#10630 = NEXT_ASSEMBLY_USAGE_OCCURRENCE('95','head_face','',#5,#10285,$
  );
#10631 = PRODUCT_RELATED_PRODUCT_CATEGORY('part',$,(#10287));
#10632 = SHAPE_DEFINITION_REPRESENTATION(#10633,#10639);
#10633 = PRODUCT_DEFINITION_SHAPE('','',#10634);
#10634 = PRODUCT_DEFINITION('design','',#10635,#10638);
#10635 = PRODUCT_DEFINITION_FORMATION('','',#10636);
#10636 = PRODUCT('head_float','head_float','',(#10637));
#10637 = PRODUCT_CONTEXT('',#2,'mechanical');
#10638 = PRODUCT_DEFINITION_CONTEXT('part definition',#2,'design');
#10639 = ADVANCED_BREP_SHAPE_REPRESENTATION('',(#11,#10640),#10970);
#10640 = MANIFOLD_SOLID_BREP('',#10641);
#10641 = CLOSED_SHELL('',(#10642,#10762,#10862,#10909,#10956,#10963));
#10642 = ADVANCED_FACE('',(#10643),#10657,.F.);
#10643 = FACE_BOUND('',#10644,.F.);
#10644 = EDGE_LOOP('',(#10645,#10680,#10708,#10736));
#10645 = ORIENTED_EDGE('',*,*,#10646,.F.);
#10646 = EDGE_CURVE('',#10647,#10649,#10651,.T.);
#10647 = VERTEX_POINT('',#10648);
#10648 = CARTESIAN_POINT('',(0.121560129051,-2.,73.476999026778));
#10649 = VERTEX_POINT('',#10650);
#10650 = CARTESIAN_POINT('',(0.121560129051,-2.,74.976999026778));
#10651 = SURFACE_CURVE('',#10652,(#10656,#10668),.PCURVE_S1.);
#10652 = LINE('',#10653,#10654);
#10653 = CARTESIAN_POINT('',(0.121560129051,-2.,73.476999026778));
#10654 = VECTOR('',#10655,1.);
#10655 = DIRECTION('',(0.,0.,1.));
#10656 = PCURVE('',#10657,#10662);
#10657 = PLANE('',#10658);
#10658 = AXIS2_PLACEMENT_3D('',#10659,#10660,#10661);
#10659 = CARTESIAN_POINT('',(0.121560129051,-2.,73.476999026778));
#10660 = DIRECTION('',(1.,0.,0.));
#10661 = DIRECTION('',(0.,0.,1.));
#10662 = DEFINITIONAL_REPRESENTATION('',(#10663),#10667);
#10663 = LINE('',#10664,#10665);
#10664 = CARTESIAN_POINT('',(0.,0.));
#10665 = VECTOR('',#10666,1.);
#10666 = DIRECTION('',(1.,0.));
#10667 = ( GEOMETRIC_REPRESENTATION_CONTEXT(2) 
PARAMETRIC_REPRESENTATION_CONTEXT() REPRESENTATION_CONTEXT('2D SPACE',''
  ) );
#10668 = PCURVE('',#10669,#10674);
#10669 = PLANE('',#10670);
#10670 = AXIS2_PLACEMENT_3D('',#10671,#10672,#10673);
#10671 = CARTESIAN_POINT('',(0.121560129051,-2.,73.476999026778));
#10672 = DIRECTION('',(0.,1.,0.));
#10673 = DIRECTION('',(0.,0.,1.));
#10674 = DEFINITIONAL_REPRESENTATION('',(#10675),#10679);
#10675 = LINE('',#10676,#10677);
#10676 = CARTESIAN_POINT('',(0.,0.));
#10677 = VECTOR('',#10678,1.);
#10678 = DIRECTION('',(1.,0.));
#10679 = ( GEOMETRIC_REPRESENTATION_CONTEXT(2) 
PARAMETRIC_REPRESENTATION_CONTEXT() REPRESENTATION_CONTEXT('2D SPACE',''
  ) );
#10680 = ORIENTED_EDGE('',*,*,#10681,.T.);
#10681 = EDGE_CURVE('',#10647,#10682,#10684,.T.);
#10682 = VERTEX_POINT('',#10683);
#10683 = CARTESIAN_POINT('',(0.121560129051,2.,73.476999026778));
#10684 = SURFACE_CURVE('',#10685,(#10689,#10696),.PCURVE_S1.);
#10685 = LINE('',#10686,#10687);
#10686 = CARTESIAN_POINT('',(0.121560129051,-2.,73.476999026778));
#10687 = VECTOR('',#10688,1.);
#10688 = DIRECTION('',(0.,1.,0.));
#10689 = PCURVE('',#10657,#10690);
#10690 = DEFINITIONAL_REPRESENTATION('',(#10691),#10695);
#10691 = LINE('',#10692,#10693);
#10692 = CARTESIAN_POINT('',(0.,0.));
#10693 = VECTOR('',#10694,1.);
#10694 = DIRECTION('',(0.,-1.));
#10695 = ( GEOMETRIC_REPRESENTATION_CONTEXT(2) 
PARAMETRIC_REPRESENTATION_CONTEXT() REPRESENTATION_CONTEXT('2D SPACE',''
  ) );
#10696 = PCURVE('',#10697,#10702);
#10697 = PLANE('',#10698);
#10698 = AXIS2_PLACEMENT_3D('',#10699,#10700,#10701);
#10699 = CARTESIAN_POINT('',(0.121560129051,-2.,73.476999026778));
#10700 = DIRECTION('',(0.,0.,1.));
#10701 = DIRECTION('',(1.,0.,0.));
#10702 = DEFINITIONAL_REPRESENTATION('',(#10703),#10707);
#10703 = LINE('',#10704,#10705);
#10704 = CARTESIAN_POINT('',(0.,0.));
#10705 = VECTOR('',#10706,1.);
#10706 = DIRECTION('',(0.,1.));
#10707 = ( GEOMETRIC_REPRESENTATION_CONTEXT(2) 
PARAMETRIC_REPRESENTATION_CONTEXT() REPRESENTATION_CONTEXT('2D SPACE',''
  ) );
#10708 = ORIENTED_EDGE('',*,*,#10709,.T.);
#10709 = EDGE_CURVE('',#10682,#10710,#10712,.T.);
#10710 = VERTEX_POINT('',#10711);
#10711 = CARTESIAN_POINT('',(0.121560129051,2.,74.976999026778));
#10712 = SURFACE_CURVE('',#10713,(#10717,#10724),.PCURVE_S1.);
#10713 = LINE('',#10714,#10715);
#10714 = CARTESIAN_POINT('',(0.121560129051,2.,73.476999026778));
#10715 = VECTOR('',#10716,1.);
#10716 = DIRECTION('',(0.,0.,1.));
#10717 = PCURVE('',#10657,#10718);
#10718 = DEFINITIONAL_REPRESENTATION('',(#10719),#10723);
#10719 = LINE('',#10720,#10721);
#10720 = CARTESIAN_POINT('',(0.,-4.));
#10721 = VECTOR('',#10722,1.);
#10722 = DIRECTION('',(1.,0.));
#10723 = ( GEOMETRIC_REPRESENTATION_CONTEXT(2) 
PARAMETRIC_REPRESENTATION_CONTEXT() REPRESENTATION_CONTEXT('2D SPACE',''
  ) );
#10724 = PCURVE('',#10725,#10730);
#10725 = PLANE('',#10726);
#10726 = AXIS2_PLACEMENT_3D('',#10727,#10728,#10729);
#10727 = CARTESIAN_POINT('',(0.121560129051,2.,73.476999026778));
#10728 = DIRECTION('',(0.,1.,0.));
#10729 = DIRECTION('',(0.,0.,1.));
#10730 = DEFINITIONAL_REPRESENTATION('',(#10731),#10735);
#10731 = LINE('',#10732,#10733);
#10732 = CARTESIAN_POINT('',(0.,0.));
#10733 = VECTOR('',#10734,1.);
#10734 = DIRECTION('',(1.,0.));
#10735 = ( GEOMETRIC_REPRESENTATION_CONTEXT(2) 
PARAMETRIC_REPRESENTATION_CONTEXT() REPRESENTATION_CONTEXT('2D SPACE',''
  ) );
#10736 = ORIENTED_EDGE('',*,*,#10737,.F.);
#10737 = EDGE_CURVE('',#10649,#10710,#10738,.T.);
#10738 = SURFACE_CURVE('',#10739,(#10743,#10750),.PCURVE_S1.);
#10739 = LINE('',#10740,#10741);
#10740 = CARTESIAN_POINT('',(0.121560129051,-2.,74.976999026778));
#10741 = VECTOR('',#10742,1.);
#10742 = DIRECTION('',(0.,1.,0.));
#10743 = PCURVE('',#10657,#10744);
#10744 = DEFINITIONAL_REPRESENTATION('',(#10745),#10749);
#10745 = LINE('',#10746,#10747);
#10746 = CARTESIAN_POINT('',(1.5,0.));
#10747 = VECTOR('',#10748,1.);
#10748 = DIRECTION('',(0.,-1.));
#10749 = ( GEOMETRIC_REPRESENTATION_CONTEXT(2) 
PARAMETRIC_REPRESENTATION_CONTEXT() REPRESENTATION_CONTEXT('2D SPACE',''
  ) );
#10750 = PCURVE('',#10751,#10756);
#10751 = PLANE('',#10752);
#10752 = AXIS2_PLACEMENT_3D('',#10753,#10754,#10755);
#10753 = CARTESIAN_POINT('',(0.121560129051,-2.,74.976999026778));
#10754 = DIRECTION('',(0.,0.,1.));
#10755 = DIRECTION('',(1.,0.,0.));
#10756 = DEFINITIONAL_REPRESENTATION('',(#10757),#10761);
#10757 = LINE('',#10758,#10759);
#10758 = CARTESIAN_POINT('',(0.,0.));
#10759 = VECTOR('',#10760,1.);
#10760 = DIRECTION('',(0.,1.));
#10761 = ( GEOMETRIC_REPRESENTATION_CONTEXT(2) 
PARAMETRIC_REPRESENTATION_CONTEXT() REPRESENTATION_CONTEXT('2D SPACE',''
  ) );
#10762 = ADVANCED_FACE('',(#10763),#10777,.T.);
#10763 = FACE_BOUND('',#10764,.T.);
#10764 = EDGE_LOOP('',(#10765,#10795,#10818,#10841));
#10765 = ORIENTED_EDGE('',*,*,#10766,.F.);
#10766 = EDGE_CURVE('',#10767,#10769,#10771,.T.);
#10767 = VERTEX_POINT('',#10768);
#10768 = CARTESIAN_POINT('',(3.121560129051,-2.,73.476999026778));
#10769 = VERTEX_POINT('',#10770);
#10770 = CARTESIAN_POINT('',(3.121560129051,-2.,74.976999026778));
#10771 = SURFACE_CURVE('',#10772,(#10776,#10788),.PCURVE_S1.);
#10772 = LINE('',#10773,#10774);
#10773 = CARTESIAN_POINT('',(3.121560129051,-2.,73.476999026778));
#10774 = VECTOR('',#10775,1.);
#10775 = DIRECTION('',(0.,0.,1.));
#10776 = PCURVE('',#10777,#10782);
#10777 = PLANE('',#10778);
#10778 = AXIS2_PLACEMENT_3D('',#10779,#10780,#10781);
#10779 = CARTESIAN_POINT('',(3.121560129051,-2.,73.476999026778));
#10780 = DIRECTION('',(1.,0.,0.));
#10781 = DIRECTION('',(0.,0.,1.));
#10782 = DEFINITIONAL_REPRESENTATION('',(#10783),#10787);
#10783 = LINE('',#10784,#10785);
#10784 = CARTESIAN_POINT('',(0.,0.));
#10785 = VECTOR('',#10786,1.);
#10786 = DIRECTION('',(1.,0.));
#10787 = ( GEOMETRIC_REPRESENTATION_CONTEXT(2) 
PARAMETRIC_REPRESENTATION_CONTEXT() REPRESENTATION_CONTEXT('2D SPACE',''
  ) );
#10788 = PCURVE('',#10669,#10789);
#10789 = DEFINITIONAL_REPRESENTATION('',(#10790),#10794);
#10790 = LINE('',#10791,#10792);
#10791 = CARTESIAN_POINT('',(0.,3.));
#10792 = VECTOR('',#10793,1.);
#10793 = DIRECTION('',(1.,0.));
#10794 = ( GEOMETRIC_REPRESENTATION_CONTEXT(2) 
PARAMETRIC_REPRESENTATION_CONTEXT() REPRESENTATION_CONTEXT('2D SPACE',''
  ) );
#10795 = ORIENTED_EDGE('',*,*,#10796,.T.);
#10796 = EDGE_CURVE('',#10767,#10797,#10799,.T.);
#10797 = VERTEX_POINT('',#10798);
#10798 = CARTESIAN_POINT('',(3.121560129051,2.,73.476999026778));
#10799 = SURFACE_CURVE('',#10800,(#10804,#10811),.PCURVE_S1.);
#10800 = LINE('',#10801,#10802);
#10801 = CARTESIAN_POINT('',(3.121560129051,-2.,73.476999026778));
#10802 = VECTOR('',#10803,1.);
#10803 = DIRECTION('',(0.,1.,0.));
#10804 = PCURVE('',#10777,#10805);
#10805 = DEFINITIONAL_REPRESENTATION('',(#10806),#10810);
#10806 = LINE('',#10807,#10808);
#10807 = CARTESIAN_POINT('',(0.,0.));
#10808 = VECTOR('',#10809,1.);
#10809 = DIRECTION('',(0.,-1.));
#10810 = ( GEOMETRIC_REPRESENTATION_CONTEXT(2) 
PARAMETRIC_REPRESENTATION_CONTEXT() REPRESENTATION_CONTEXT('2D SPACE',''
  ) );
#10811 = PCURVE('',#10697,#10812);
#10812 = DEFINITIONAL_REPRESENTATION('',(#10813),#10817);
#10813 = LINE('',#10814,#10815);
#10814 = CARTESIAN_POINT('',(3.,0.));
#10815 = VECTOR('',#10816,1.);
#10816 = DIRECTION('',(0.,1.));
#10817 = ( GEOMETRIC_REPRESENTATION_CONTEXT(2) 
PARAMETRIC_REPRESENTATION_CONTEXT() REPRESENTATION_CONTEXT('2D SPACE',''
  ) );
#10818 = ORIENTED_EDGE('',*,*,#10819,.T.);
#10819 = EDGE_CURVE('',#10797,#10820,#10822,.T.);
#10820 = VERTEX_POINT('',#10821);
#10821 = CARTESIAN_POINT('',(3.121560129051,2.,74.976999026778));
#10822 = SURFACE_CURVE('',#10823,(#10827,#10834),.PCURVE_S1.);
#10823 = LINE('',#10824,#10825);
#10824 = CARTESIAN_POINT('',(3.121560129051,2.,73.476999026778));
#10825 = VECTOR('',#10826,1.);
#10826 = DIRECTION('',(0.,0.,1.));
#10827 = PCURVE('',#10777,#10828);
#10828 = DEFINITIONAL_REPRESENTATION('',(#10829),#10833);
#10829 = LINE('',#10830,#10831);
#10830 = CARTESIAN_POINT('',(0.,-4.));
#10831 = VECTOR('',#10832,1.);
#10832 = DIRECTION('',(1.,0.));
#10833 = ( GEOMETRIC_REPRESENTATION_CONTEXT(2) 
PARAMETRIC_REPRESENTATION_CONTEXT() REPRESENTATION_CONTEXT('2D SPACE',''
  ) );
#10834 = PCURVE('',#10725,#10835);
#10835 = DEFINITIONAL_REPRESENTATION('',(#10836),#10840);
#10836 = LINE('',#10837,#10838);
#10837 = CARTESIAN_POINT('',(0.,3.));
#10838 = VECTOR('',#10839,1.);
#10839 = DIRECTION('',(1.,0.));
#10840 = ( GEOMETRIC_REPRESENTATION_CONTEXT(2) 
PARAMETRIC_REPRESENTATION_CONTEXT() REPRESENTATION_CONTEXT('2D SPACE',''
  ) );
#10841 = ORIENTED_EDGE('',*,*,#10842,.F.);
#10842 = EDGE_CURVE('',#10769,#10820,#10843,.T.);
#10843 = SURFACE_CURVE('',#10844,(#10848,#10855),.PCURVE_S1.);
#10844 = LINE('',#10845,#10846);
#10845 = CARTESIAN_POINT('',(3.121560129051,-2.,74.976999026778));
#10846 = VECTOR('',#10847,1.);
#10847 = DIRECTION('',(0.,1.,0.));
#10848 = PCURVE('',#10777,#10849);
#10849 = DEFINITIONAL_REPRESENTATION('',(#10850),#10854);
#10850 = LINE('',#10851,#10852);
#10851 = CARTESIAN_POINT('',(1.5,0.));
#10852 = VECTOR('',#10853,1.);
#10853 = DIRECTION('',(0.,-1.));
#10854 = ( GEOMETRIC_REPRESENTATION_CONTEXT(2) 
PARAMETRIC_REPRESENTATION_CONTEXT() REPRESENTATION_CONTEXT('2D SPACE',''
  ) );
#10855 = PCURVE('',#10751,#10856);
#10856 = DEFINITIONAL_REPRESENTATION('',(#10857),#10861);
#10857 = LINE('',#10858,#10859);
#10858 = CARTESIAN_POINT('',(3.,0.));
#10859 = VECTOR('',#10860,1.);
#10860 = DIRECTION('',(0.,1.));
#10861 = ( GEOMETRIC_REPRESENTATION_CONTEXT(2) 
PARAMETRIC_REPRESENTATION_CONTEXT() REPRESENTATION_CONTEXT('2D SPACE',''
  ) );
#10862 = ADVANCED_FACE('',(#10863),#10669,.F.);
#10863 = FACE_BOUND('',#10864,.F.);
#10864 = EDGE_LOOP('',(#10865,#10886,#10887,#10908));
#10865 = ORIENTED_EDGE('',*,*,#10866,.F.);
#10866 = EDGE_CURVE('',#10647,#10767,#10867,.T.);
#10867 = SURFACE_CURVE('',#10868,(#10872,#10879),.PCURVE_S1.);
#10868 = LINE('',#10869,#10870);
#10869 = CARTESIAN_POINT('',(0.121560129051,-2.,73.476999026778));
#10870 = VECTOR('',#10871,1.);
#10871 = DIRECTION('',(1.,0.,0.));
#10872 = PCURVE('',#10669,#10873);
#10873 = DEFINITIONAL_REPRESENTATION('',(#10874),#10878);
#10874 = LINE('',#10875,#10876);
#10875 = CARTESIAN_POINT('',(0.,0.));
#10876 = VECTOR('',#10877,1.);
#10877 = DIRECTION('',(0.,1.));
#10878 = ( GEOMETRIC_REPRESENTATION_CONTEXT(2) 
PARAMETRIC_REPRESENTATION_CONTEXT() REPRESENTATION_CONTEXT('2D SPACE',''
  ) );
#10879 = PCURVE('',#10697,#10880);
#10880 = DEFINITIONAL_REPRESENTATION('',(#10881),#10885);
#10881 = LINE('',#10882,#10883);
#10882 = CARTESIAN_POINT('',(0.,0.));
#10883 = VECTOR('',#10884,1.);
#10884 = DIRECTION('',(1.,0.));
#10885 = ( GEOMETRIC_REPRESENTATION_CONTEXT(2) 
PARAMETRIC_REPRESENTATION_CONTEXT() REPRESENTATION_CONTEXT('2D SPACE',''
  ) );
#10886 = ORIENTED_EDGE('',*,*,#10646,.T.);
#10887 = ORIENTED_EDGE('',*,*,#10888,.T.);
#10888 = EDGE_CURVE('',#10649,#10769,#10889,.T.);
#10889 = SURFACE_CURVE('',#10890,(#10894,#10901),.PCURVE_S1.);
#10890 = LINE('',#10891,#10892);
#10891 = CARTESIAN_POINT('',(0.121560129051,-2.,74.976999026778));
#10892 = VECTOR('',#10893,1.);
#10893 = DIRECTION('',(1.,0.,0.));
#10894 = PCURVE('',#10669,#10895);
#10895 = DEFINITIONAL_REPRESENTATION('',(#10896),#10900);
#10896 = LINE('',#10897,#10898);
#10897 = CARTESIAN_POINT('',(1.5,0.));
#10898 = VECTOR('',#10899,1.);
#10899 = DIRECTION('',(0.,1.));
#10900 = ( GEOMETRIC_REPRESENTATION_CONTEXT(2) 
PARAMETRIC_REPRESENTATION_CONTEXT() REPRESENTATION_CONTEXT('2D SPACE',''
  ) );
#10901 = PCURVE('',#10751,#10902);
#10902 = DEFINITIONAL_REPRESENTATION('',(#10903),#10907);
#10903 = LINE('',#10904,#10905);
#10904 = CARTESIAN_POINT('',(0.,0.));
#10905 = VECTOR('',#10906,1.);
#10906 = DIRECTION('',(1.,0.));
#10907 = ( GEOMETRIC_REPRESENTATION_CONTEXT(2) 
PARAMETRIC_REPRESENTATION_CONTEXT() REPRESENTATION_CONTEXT('2D SPACE',''
  ) );
#10908 = ORIENTED_EDGE('',*,*,#10766,.F.);
#10909 = ADVANCED_FACE('',(#10910),#10725,.T.);
#10910 = FACE_BOUND('',#10911,.T.);
#10911 = EDGE_LOOP('',(#10912,#10933,#10934,#10955));
#10912 = ORIENTED_EDGE('',*,*,#10913,.F.);
#10913 = EDGE_CURVE('',#10682,#10797,#10914,.T.);
#10914 = SURFACE_CURVE('',#10915,(#10919,#10926),.PCURVE_S1.);
#10915 = LINE('',#10916,#10917);
#10916 = CARTESIAN_POINT('',(0.121560129051,2.,73.476999026778));
#10917 = VECTOR('',#10918,1.);
#10918 = DIRECTION('',(1.,0.,0.));
#10919 = PCURVE('',#10725,#10920);
#10920 = DEFINITIONAL_REPRESENTATION('',(#10921),#10925);
#10921 = LINE('',#10922,#10923);
#10922 = CARTESIAN_POINT('',(0.,0.));
#10923 = VECTOR('',#10924,1.);
#10924 = DIRECTION('',(0.,1.));
#10925 = ( GEOMETRIC_REPRESENTATION_CONTEXT(2) 
PARAMETRIC_REPRESENTATION_CONTEXT() REPRESENTATION_CONTEXT('2D SPACE',''
  ) );
#10926 = PCURVE('',#10697,#10927);
#10927 = DEFINITIONAL_REPRESENTATION('',(#10928),#10932);
#10928 = LINE('',#10929,#10930);
#10929 = CARTESIAN_POINT('',(0.,4.));
#10930 = VECTOR('',#10931,1.);
#10931 = DIRECTION('',(1.,0.));
#10932 = ( GEOMETRIC_REPRESENTATION_CONTEXT(2) 
PARAMETRIC_REPRESENTATION_CONTEXT() REPRESENTATION_CONTEXT('2D SPACE',''
  ) );
#10933 = ORIENTED_EDGE('',*,*,#10709,.T.);
#10934 = ORIENTED_EDGE('',*,*,#10935,.T.);
#10935 = EDGE_CURVE('',#10710,#10820,#10936,.T.);
#10936 = SURFACE_CURVE('',#10937,(#10941,#10948),.PCURVE_S1.);
#10937 = LINE('',#10938,#10939);
#10938 = CARTESIAN_POINT('',(0.121560129051,2.,74.976999026778));
#10939 = VECTOR('',#10940,1.);
#10940 = DIRECTION('',(1.,0.,0.));
#10941 = PCURVE('',#10725,#10942);
#10942 = DEFINITIONAL_REPRESENTATION('',(#10943),#10947);
#10943 = LINE('',#10944,#10945);
#10944 = CARTESIAN_POINT('',(1.5,0.));
#10945 = VECTOR('',#10946,1.);
#10946 = DIRECTION('',(0.,1.));
#10947 = ( GEOMETRIC_REPRESENTATION_CONTEXT(2) 
PARAMETRIC_REPRESENTATION_CONTEXT() REPRESENTATION_CONTEXT('2D SPACE',''
  ) );
#10948 = PCURVE('',#10751,#10949);
#10949 = DEFINITIONAL_REPRESENTATION('',(#10950),#10954);
#10950 = LINE('',#10951,#10952);
#10951 = CARTESIAN_POINT('',(0.,4.));
#10952 = VECTOR('',#10953,1.);
#10953 = DIRECTION('',(1.,0.));
#10954 = ( GEOMETRIC_REPRESENTATION_CONTEXT(2) 
PARAMETRIC_REPRESENTATION_CONTEXT() REPRESENTATION_CONTEXT('2D SPACE',''
  ) );
#10955 = ORIENTED_EDGE('',*,*,#10819,.F.);
#10956 = ADVANCED_FACE('',(#10957),#10697,.F.);
#10957 = FACE_BOUND('',#10958,.F.);
#10958 = EDGE_LOOP('',(#10959,#10960,#10961,#10962));
#10959 = ORIENTED_EDGE('',*,*,#10681,.F.);
#10960 = ORIENTED_EDGE('',*,*,#10866,.T.);
#10961 = ORIENTED_EDGE('',*,*,#10796,.T.);
#10962 = ORIENTED_EDGE('',*,*,#10913,.F.);
#10963 = ADVANCED_FACE('',(#10964),#10751,.T.);
#10964 = FACE_BOUND('',#10965,.T.);
#10965 = EDGE_LOOP('',(#10966,#10967,#10968,#10969));
#10966 = ORIENTED_EDGE('',*,*,#10737,.F.);
#10967 = ORIENTED_EDGE('',*,*,#10888,.T.);
#10968 = ORIENTED_EDGE('',*,*,#10842,.T.);
#10969 = ORIENTED_EDGE('',*,*,#10935,.F.);
#10970 = ( GEOMETRIC_REPRESENTATION_CONTEXT(3) 
GLOBAL_UNCERTAINTY_ASSIGNED_CONTEXT((#10974)) 
GLOBAL_UNIT_ASSIGNED_CONTEXT((#10971,#10972,#10973)) 
REPRESENTATION_CONTEXT('Context #1',
  '3D Context with UNIT and UNCERTAINTY') );
#10971 = ( LENGTH_UNIT() NAMED_UNIT(*) SI_UNIT(.MILLI.,.METRE.) );
#10972 = ( NAMED_UNIT(*) PLANE_ANGLE_UNIT() SI_UNIT($,.RADIAN.) );
#10973 = ( NAMED_UNIT(*) SI_UNIT($,.STERADIAN.) SOLID_ANGLE_UNIT() );
#10974 = UNCERTAINTY_MEASURE_WITH_UNIT(LENGTH_MEASURE(1.E-07),#10971,
  'distance_accuracy_value','confusion accuracy');
#10975 = CONTEXT_DEPENDENT_SHAPE_REPRESENTATION(#10976,#10978);
#10976 = ( REPRESENTATION_RELATIONSHIP('','',#10639,#10) 
REPRESENTATION_RELATIONSHIP_WITH_TRANSFORMATION(#10977) 
SHAPE_REPRESENTATION_RELATIONSHIP() );
#10977 = ITEM_DEFINED_TRANSFORMATION('','',#11,#179);
#10978 = PRODUCT_DEFINITION_SHAPE('Placement','Placement of an item',
  #10979);
#10979 = NEXT_ASSEMBLY_USAGE_OCCURRENCE('96','head_float','',#5,#10634,$
  );
#10980 = PRODUCT_RELATED_PRODUCT_CATEGORY('part',$,(#10636));
#10981 = SHAPE_DEFINITION_REPRESENTATION(#10982,#10988);
#10982 = PRODUCT_DEFINITION_SHAPE('','',#10983);
#10983 = PRODUCT_DEFINITION('design','',#10984,#10987);
#10984 = PRODUCT_DEFINITION_FORMATION('','',#10985);
#10985 = PRODUCT('head_tilt_motor','head_tilt_motor','',(#10986));
#10986 = PRODUCT_CONTEXT('',#2,'mechanical');
#10987 = PRODUCT_DEFINITION_CONTEXT('part definition',#2,'design');
#10988 = ADVANCED_BREP_SHAPE_REPRESENTATION('',(#11,#10989),#11319);
#10989 = MANIFOLD_SOLID_BREP('',#10990);
#10990 = CLOSED_SHELL('',(#10991,#11111,#11211,#11258,#11305,#11312));
#10991 = ADVANCED_FACE('',(#10992),#11006,.F.);
#10992 = FACE_BOUND('',#10993,.F.);
#10993 = EDGE_LOOP('',(#10994,#11029,#11057,#11085));
#10994 = ORIENTED_EDGE('',*,*,#10995,.F.);
#10995 = EDGE_CURVE('',#10996,#10998,#11000,.T.);
#10996 = VERTEX_POINT('',#10997);
#10997 = CARTESIAN_POINT('',(-8.7,-1.4,78.028996309567));
#10998 = VERTEX_POINT('',#10999);
#10999 = CARTESIAN_POINT('',(-8.7,-1.4,84.028996309567));
#11000 = SURFACE_CURVE('',#11001,(#11005,#11017),.PCURVE_S1.);
#11001 = LINE('',#11002,#11003);
#11002 = CARTESIAN_POINT('',(-8.7,-1.4,78.028996309567));
#11003 = VECTOR('',#11004,1.);
#11004 = DIRECTION('',(0.,0.,1.));
#11005 = PCURVE('',#11006,#11011);
#11006 = PLANE('',#11007);
#11007 = AXIS2_PLACEMENT_3D('',#11008,#11009,#11010);
#11008 = CARTESIAN_POINT('',(-8.7,-1.4,78.028996309567));
#11009 = DIRECTION('',(1.,0.,0.));
#11010 = DIRECTION('',(0.,0.,1.));
#11011 = DEFINITIONAL_REPRESENTATION('',(#11012),#11016);
#11012 = LINE('',#11013,#11014);
#11013 = CARTESIAN_POINT('',(0.,0.));
#11014 = VECTOR('',#11015,1.);
#11015 = DIRECTION('',(1.,0.));
#11016 = ( GEOMETRIC_REPRESENTATION_CONTEXT(2) 
PARAMETRIC_REPRESENTATION_CONTEXT() REPRESENTATION_CONTEXT('2D SPACE',''
  ) );
#11017 = PCURVE('',#11018,#11023);
#11018 = PLANE('',#11019);
#11019 = AXIS2_PLACEMENT_3D('',#11020,#11021,#11022);
#11020 = CARTESIAN_POINT('',(-8.7,-1.4,78.028996309567));
#11021 = DIRECTION('',(0.,1.,0.));
#11022 = DIRECTION('',(0.,0.,1.));
#11023 = DEFINITIONAL_REPRESENTATION('',(#11024),#11028);
#11024 = LINE('',#11025,#11026);
#11025 = CARTESIAN_POINT('',(0.,0.));
#11026 = VECTOR('',#11027,1.);
#11027 = DIRECTION('',(1.,0.));
#11028 = ( GEOMETRIC_REPRESENTATION_CONTEXT(2) 
PARAMETRIC_REPRESENTATION_CONTEXT() REPRESENTATION_CONTEXT('2D SPACE',''
  ) );
#11029 = ORIENTED_EDGE('',*,*,#11030,.T.);
#11030 = EDGE_CURVE('',#10996,#11031,#11033,.T.);
#11031 = VERTEX_POINT('',#11032);
#11032 = CARTESIAN_POINT('',(-8.7,1.4,78.028996309567));
#11033 = SURFACE_CURVE('',#11034,(#11038,#11045),.PCURVE_S1.);
#11034 = LINE('',#11035,#11036);
#11035 = CARTESIAN_POINT('',(-8.7,-1.4,78.028996309567));
#11036 = VECTOR('',#11037,1.);
#11037 = DIRECTION('',(0.,1.,0.));
#11038 = PCURVE('',#11006,#11039);
#11039 = DEFINITIONAL_REPRESENTATION('',(#11040),#11044);
#11040 = LINE('',#11041,#11042);
#11041 = CARTESIAN_POINT('',(0.,0.));
#11042 = VECTOR('',#11043,1.);
#11043 = DIRECTION('',(0.,-1.));
#11044 = ( GEOMETRIC_REPRESENTATION_CONTEXT(2) 
PARAMETRIC_REPRESENTATION_CONTEXT() REPRESENTATION_CONTEXT('2D SPACE',''
  ) );
#11045 = PCURVE('',#11046,#11051);
#11046 = PLANE('',#11047);
#11047 = AXIS2_PLACEMENT_3D('',#11048,#11049,#11050);
#11048 = CARTESIAN_POINT('',(-8.7,-1.4,78.028996309567));
#11049 = DIRECTION('',(0.,0.,1.));
#11050 = DIRECTION('',(1.,0.,0.));
#11051 = DEFINITIONAL_REPRESENTATION('',(#11052),#11056);
#11052 = LINE('',#11053,#11054);
#11053 = CARTESIAN_POINT('',(0.,0.));
#11054 = VECTOR('',#11055,1.);
#11055 = DIRECTION('',(0.,1.));
#11056 = ( GEOMETRIC_REPRESENTATION_CONTEXT(2) 
PARAMETRIC_REPRESENTATION_CONTEXT() REPRESENTATION_CONTEXT('2D SPACE',''
  ) );
#11057 = ORIENTED_EDGE('',*,*,#11058,.T.);
#11058 = EDGE_CURVE('',#11031,#11059,#11061,.T.);
#11059 = VERTEX_POINT('',#11060);
#11060 = CARTESIAN_POINT('',(-8.7,1.4,84.028996309567));
#11061 = SURFACE_CURVE('',#11062,(#11066,#11073),.PCURVE_S1.);
#11062 = LINE('',#11063,#11064);
#11063 = CARTESIAN_POINT('',(-8.7,1.4,78.028996309567));
#11064 = VECTOR('',#11065,1.);
#11065 = DIRECTION('',(0.,0.,1.));
#11066 = PCURVE('',#11006,#11067);
#11067 = DEFINITIONAL_REPRESENTATION('',(#11068),#11072);
#11068 = LINE('',#11069,#11070);
#11069 = CARTESIAN_POINT('',(0.,-2.8));
#11070 = VECTOR('',#11071,1.);
#11071 = DIRECTION('',(1.,0.));
#11072 = ( GEOMETRIC_REPRESENTATION_CONTEXT(2) 
PARAMETRIC_REPRESENTATION_CONTEXT() REPRESENTATION_CONTEXT('2D SPACE',''
  ) );
#11073 = PCURVE('',#11074,#11079);
#11074 = PLANE('',#11075);
#11075 = AXIS2_PLACEMENT_3D('',#11076,#11077,#11078);
#11076 = CARTESIAN_POINT('',(-8.7,1.4,78.028996309567));
#11077 = DIRECTION('',(0.,1.,0.));
#11078 = DIRECTION('',(0.,0.,1.));
#11079 = DEFINITIONAL_REPRESENTATION('',(#11080),#11084);
#11080 = LINE('',#11081,#11082);
#11081 = CARTESIAN_POINT('',(0.,0.));
#11082 = VECTOR('',#11083,1.);
#11083 = DIRECTION('',(1.,0.));
#11084 = ( GEOMETRIC_REPRESENTATION_CONTEXT(2) 
PARAMETRIC_REPRESENTATION_CONTEXT() REPRESENTATION_CONTEXT('2D SPACE',''
  ) );
#11085 = ORIENTED_EDGE('',*,*,#11086,.F.);
#11086 = EDGE_CURVE('',#10998,#11059,#11087,.T.);
#11087 = SURFACE_CURVE('',#11088,(#11092,#11099),.PCURVE_S1.);
#11088 = LINE('',#11089,#11090);
#11089 = CARTESIAN_POINT('',(-8.7,-1.4,84.028996309567));
#11090 = VECTOR('',#11091,1.);
#11091 = DIRECTION('',(0.,1.,0.));
#11092 = PCURVE('',#11006,#11093);
#11093 = DEFINITIONAL_REPRESENTATION('',(#11094),#11098);
#11094 = LINE('',#11095,#11096);
#11095 = CARTESIAN_POINT('',(6.,0.));
#11096 = VECTOR('',#11097,1.);
#11097 = DIRECTION('',(0.,-1.));
#11098 = ( GEOMETRIC_REPRESENTATION_CONTEXT(2) 
PARAMETRIC_REPRESENTATION_CONTEXT() REPRESENTATION_CONTEXT('2D SPACE',''
  ) );
#11099 = PCURVE('',#11100,#11105);
#11100 = PLANE('',#11101);
#11101 = AXIS2_PLACEMENT_3D('',#11102,#11103,#11104);
#11102 = CARTESIAN_POINT('',(-8.7,-1.4,84.028996309567));
#11103 = DIRECTION('',(0.,0.,1.));
#11104 = DIRECTION('',(1.,0.,0.));
#11105 = DEFINITIONAL_REPRESENTATION('',(#11106),#11110);
#11106 = LINE('',#11107,#11108);
#11107 = CARTESIAN_POINT('',(0.,0.));
#11108 = VECTOR('',#11109,1.);
#11109 = DIRECTION('',(0.,1.));
#11110 = ( GEOMETRIC_REPRESENTATION_CONTEXT(2) 
PARAMETRIC_REPRESENTATION_CONTEXT() REPRESENTATION_CONTEXT('2D SPACE',''
  ) );
#11111 = ADVANCED_FACE('',(#11112),#11126,.T.);
#11112 = FACE_BOUND('',#11113,.T.);
#11113 = EDGE_LOOP('',(#11114,#11144,#11167,#11190));
#11114 = ORIENTED_EDGE('',*,*,#11115,.F.);
#11115 = EDGE_CURVE('',#11116,#11118,#11120,.T.);
#11116 = VERTEX_POINT('',#11117);
#11117 = CARTESIAN_POINT('',(-5.9,-1.4,78.028996309567));
#11118 = VERTEX_POINT('',#11119);
#11119 = CARTESIAN_POINT('',(-5.9,-1.4,84.028996309567));
#11120 = SURFACE_CURVE('',#11121,(#11125,#11137),.PCURVE_S1.);
#11121 = LINE('',#11122,#11123);
#11122 = CARTESIAN_POINT('',(-5.9,-1.4,78.028996309567));
#11123 = VECTOR('',#11124,1.);
#11124 = DIRECTION('',(0.,0.,1.));
#11125 = PCURVE('',#11126,#11131);
#11126 = PLANE('',#11127);
#11127 = AXIS2_PLACEMENT_3D('',#11128,#11129,#11130);
#11128 = CARTESIAN_POINT('',(-5.9,-1.4,78.028996309567));
#11129 = DIRECTION('',(1.,0.,0.));
#11130 = DIRECTION('',(0.,0.,1.));
#11131 = DEFINITIONAL_REPRESENTATION('',(#11132),#11136);
#11132 = LINE('',#11133,#11134);
#11133 = CARTESIAN_POINT('',(0.,0.));
#11134 = VECTOR('',#11135,1.);
#11135 = DIRECTION('',(1.,0.));
#11136 = ( GEOMETRIC_REPRESENTATION_CONTEXT(2) 
PARAMETRIC_REPRESENTATION_CONTEXT() REPRESENTATION_CONTEXT('2D SPACE',''
  ) );
#11137 = PCURVE('',#11018,#11138);
#11138 = DEFINITIONAL_REPRESENTATION('',(#11139),#11143);
#11139 = LINE('',#11140,#11141);
#11140 = CARTESIAN_POINT('',(0.,2.8));
#11141 = VECTOR('',#11142,1.);
#11142 = DIRECTION('',(1.,0.));
#11143 = ( GEOMETRIC_REPRESENTATION_CONTEXT(2) 
PARAMETRIC_REPRESENTATION_CONTEXT() REPRESENTATION_CONTEXT('2D SPACE',''
  ) );
#11144 = ORIENTED_EDGE('',*,*,#11145,.T.);
#11145 = EDGE_CURVE('',#11116,#11146,#11148,.T.);
#11146 = VERTEX_POINT('',#11147);
#11147 = CARTESIAN_POINT('',(-5.9,1.4,78.028996309567));
#11148 = SURFACE_CURVE('',#11149,(#11153,#11160),.PCURVE_S1.);
#11149 = LINE('',#11150,#11151);
#11150 = CARTESIAN_POINT('',(-5.9,-1.4,78.028996309567));
#11151 = VECTOR('',#11152,1.);
#11152 = DIRECTION('',(0.,1.,0.));
#11153 = PCURVE('',#11126,#11154);
#11154 = DEFINITIONAL_REPRESENTATION('',(#11155),#11159);
#11155 = LINE('',#11156,#11157);
#11156 = CARTESIAN_POINT('',(0.,0.));
#11157 = VECTOR('',#11158,1.);
#11158 = DIRECTION('',(0.,-1.));
#11159 = ( GEOMETRIC_REPRESENTATION_CONTEXT(2) 
PARAMETRIC_REPRESENTATION_CONTEXT() REPRESENTATION_CONTEXT('2D SPACE',''
  ) );
#11160 = PCURVE('',#11046,#11161);
#11161 = DEFINITIONAL_REPRESENTATION('',(#11162),#11166);
#11162 = LINE('',#11163,#11164);
#11163 = CARTESIAN_POINT('',(2.8,0.));
#11164 = VECTOR('',#11165,1.);
#11165 = DIRECTION('',(0.,1.));
#11166 = ( GEOMETRIC_REPRESENTATION_CONTEXT(2) 
PARAMETRIC_REPRESENTATION_CONTEXT() REPRESENTATION_CONTEXT('2D SPACE',''
  ) );
#11167 = ORIENTED_EDGE('',*,*,#11168,.T.);
#11168 = EDGE_CURVE('',#11146,#11169,#11171,.T.);
#11169 = VERTEX_POINT('',#11170);
#11170 = CARTESIAN_POINT('',(-5.9,1.4,84.028996309567));
#11171 = SURFACE_CURVE('',#11172,(#11176,#11183),.PCURVE_S1.);
#11172 = LINE('',#11173,#11174);
#11173 = CARTESIAN_POINT('',(-5.9,1.4,78.028996309567));
#11174 = VECTOR('',#11175,1.);
#11175 = DIRECTION('',(0.,0.,1.));
#11176 = PCURVE('',#11126,#11177);
#11177 = DEFINITIONAL_REPRESENTATION('',(#11178),#11182);
#11178 = LINE('',#11179,#11180);
#11179 = CARTESIAN_POINT('',(0.,-2.8));
#11180 = VECTOR('',#11181,1.);
#11181 = DIRECTION('',(1.,0.));
#11182 = ( GEOMETRIC_REPRESENTATION_CONTEXT(2) 
PARAMETRIC_REPRESENTATION_CONTEXT() REPRESENTATION_CONTEXT('2D SPACE',''
  ) );
#11183 = PCURVE('',#11074,#11184);
#11184 = DEFINITIONAL_REPRESENTATION('',(#11185),#11189);
#11185 = LINE('',#11186,#11187);
#11186 = CARTESIAN_POINT('',(0.,2.8));
#11187 = VECTOR('',#11188,1.);
#11188 = DIRECTION('',(1.,0.));
#11189 = ( GEOMETRIC_REPRESENTATION_CONTEXT(2) 
PARAMETRIC_REPRESENTATION_CONTEXT() REPRESENTATION_CONTEXT('2D SPACE',''
  ) );
#11190 = ORIENTED_EDGE('',*,*,#11191,.F.);
#11191 = EDGE_CURVE('',#11118,#11169,#11192,.T.);
#11192 = SURFACE_CURVE('',#11193,(#11197,#11204),.PCURVE_S1.);
#11193 = LINE('',#11194,#11195);
#11194 = CARTESIAN_POINT('',(-5.9,-1.4,84.028996309567));
#11195 = VECTOR('',#11196,1.);
#11196 = DIRECTION('',(0.,1.,0.));
#11197 = PCURVE('',#11126,#11198);
#11198 = DEFINITIONAL_REPRESENTATION('',(#11199),#11203);
#11199 = LINE('',#11200,#11201);
#11200 = CARTESIAN_POINT('',(6.,0.));
#11201 = VECTOR('',#11202,1.);
#11202 = DIRECTION('',(0.,-1.));
#11203 = ( GEOMETRIC_REPRESENTATION_CONTEXT(2) 
PARAMETRIC_REPRESENTATION_CONTEXT() REPRESENTATION_CONTEXT('2D SPACE',''
  ) );
#11204 = PCURVE('',#11100,#11205);
#11205 = DEFINITIONAL_REPRESENTATION('',(#11206),#11210);
#11206 = LINE('',#11207,#11208);
#11207 = CARTESIAN_POINT('',(2.8,0.));
#11208 = VECTOR('',#11209,1.);
#11209 = DIRECTION('',(0.,1.));
#11210 = ( GEOMETRIC_REPRESENTATION_CONTEXT(2) 
PARAMETRIC_REPRESENTATION_CONTEXT() REPRESENTATION_CONTEXT('2D SPACE',''
  ) );
#11211 = ADVANCED_FACE('',(#11212),#11018,.F.);
#11212 = FACE_BOUND('',#11213,.F.);
#11213 = EDGE_LOOP('',(#11214,#11235,#11236,#11257));
#11214 = ORIENTED_EDGE('',*,*,#11215,.F.);
#11215 = EDGE_CURVE('',#10996,#11116,#11216,.T.);
#11216 = SURFACE_CURVE('',#11217,(#11221,#11228),.PCURVE_S1.);
#11217 = LINE('',#11218,#11219);
#11218 = CARTESIAN_POINT('',(-8.7,-1.4,78.028996309567));
#11219 = VECTOR('',#11220,1.);
#11220 = DIRECTION('',(1.,0.,0.));
#11221 = PCURVE('',#11018,#11222);
#11222 = DEFINITIONAL_REPRESENTATION('',(#11223),#11227);
#11223 = LINE('',#11224,#11225);
#11224 = CARTESIAN_POINT('',(0.,0.));
#11225 = VECTOR('',#11226,1.);
#11226 = DIRECTION('',(0.,1.));
#11227 = ( GEOMETRIC_REPRESENTATION_CONTEXT(2) 
PARAMETRIC_REPRESENTATION_CONTEXT() REPRESENTATION_CONTEXT('2D SPACE',''
  ) );
#11228 = PCURVE('',#11046,#11229);
#11229 = DEFINITIONAL_REPRESENTATION('',(#11230),#11234);
#11230 = LINE('',#11231,#11232);
#11231 = CARTESIAN_POINT('',(0.,0.));
#11232 = VECTOR('',#11233,1.);
#11233 = DIRECTION('',(1.,0.));
#11234 = ( GEOMETRIC_REPRESENTATION_CONTEXT(2) 
PARAMETRIC_REPRESENTATION_CONTEXT() REPRESENTATION_CONTEXT('2D SPACE',''
  ) );
#11235 = ORIENTED_EDGE('',*,*,#10995,.T.);
#11236 = ORIENTED_EDGE('',*,*,#11237,.T.);
#11237 = EDGE_CURVE('',#10998,#11118,#11238,.T.);
#11238 = SURFACE_CURVE('',#11239,(#11243,#11250),.PCURVE_S1.);
#11239 = LINE('',#11240,#11241);
#11240 = CARTESIAN_POINT('',(-8.7,-1.4,84.028996309567));
#11241 = VECTOR('',#11242,1.);
#11242 = DIRECTION('',(1.,0.,0.));
#11243 = PCURVE('',#11018,#11244);
#11244 = DEFINITIONAL_REPRESENTATION('',(#11245),#11249);
#11245 = LINE('',#11246,#11247);
#11246 = CARTESIAN_POINT('',(6.,0.));
#11247 = VECTOR('',#11248,1.);
#11248 = DIRECTION('',(0.,1.));
#11249 = ( GEOMETRIC_REPRESENTATION_CONTEXT(2) 
PARAMETRIC_REPRESENTATION_CONTEXT() REPRESENTATION_CONTEXT('2D SPACE',''
  ) );
#11250 = PCURVE('',#11100,#11251);
#11251 = DEFINITIONAL_REPRESENTATION('',(#11252),#11256);
#11252 = LINE('',#11253,#11254);
#11253 = CARTESIAN_POINT('',(0.,0.));
#11254 = VECTOR('',#11255,1.);
#11255 = DIRECTION('',(1.,0.));
#11256 = ( GEOMETRIC_REPRESENTATION_CONTEXT(2) 
PARAMETRIC_REPRESENTATION_CONTEXT() REPRESENTATION_CONTEXT('2D SPACE',''
  ) );
#11257 = ORIENTED_EDGE('',*,*,#11115,.F.);
#11258 = ADVANCED_FACE('',(#11259),#11074,.T.);
#11259 = FACE_BOUND('',#11260,.T.);
#11260 = EDGE_LOOP('',(#11261,#11282,#11283,#11304));
#11261 = ORIENTED_EDGE('',*,*,#11262,.F.);
#11262 = EDGE_CURVE('',#11031,#11146,#11263,.T.);
#11263 = SURFACE_CURVE('',#11264,(#11268,#11275),.PCURVE_S1.);
#11264 = LINE('',#11265,#11266);
#11265 = CARTESIAN_POINT('',(-8.7,1.4,78.028996309567));
#11266 = VECTOR('',#11267,1.);
#11267 = DIRECTION('',(1.,0.,0.));
#11268 = PCURVE('',#11074,#11269);
#11269 = DEFINITIONAL_REPRESENTATION('',(#11270),#11274);
#11270 = LINE('',#11271,#11272);
#11271 = CARTESIAN_POINT('',(0.,0.));
#11272 = VECTOR('',#11273,1.);
#11273 = DIRECTION('',(0.,1.));
#11274 = ( GEOMETRIC_REPRESENTATION_CONTEXT(2) 
PARAMETRIC_REPRESENTATION_CONTEXT() REPRESENTATION_CONTEXT('2D SPACE',''
  ) );
#11275 = PCURVE('',#11046,#11276);
#11276 = DEFINITIONAL_REPRESENTATION('',(#11277),#11281);
#11277 = LINE('',#11278,#11279);
#11278 = CARTESIAN_POINT('',(0.,2.8));
#11279 = VECTOR('',#11280,1.);
#11280 = DIRECTION('',(1.,0.));
#11281 = ( GEOMETRIC_REPRESENTATION_CONTEXT(2) 
PARAMETRIC_REPRESENTATION_CONTEXT() REPRESENTATION_CONTEXT('2D SPACE',''
  ) );
#11282 = ORIENTED_EDGE('',*,*,#11058,.T.);
#11283 = ORIENTED_EDGE('',*,*,#11284,.T.);
#11284 = EDGE_CURVE('',#11059,#11169,#11285,.T.);
#11285 = SURFACE_CURVE('',#11286,(#11290,#11297),.PCURVE_S1.);
#11286 = LINE('',#11287,#11288);
#11287 = CARTESIAN_POINT('',(-8.7,1.4,84.028996309567));
#11288 = VECTOR('',#11289,1.);
#11289 = DIRECTION('',(1.,0.,0.));
#11290 = PCURVE('',#11074,#11291);
#11291 = DEFINITIONAL_REPRESENTATION('',(#11292),#11296);
#11292 = LINE('',#11293,#11294);
#11293 = CARTESIAN_POINT('',(6.,0.));
#11294 = VECTOR('',#11295,1.);
#11295 = DIRECTION('',(0.,1.));
#11296 = ( GEOMETRIC_REPRESENTATION_CONTEXT(2) 
PARAMETRIC_REPRESENTATION_CONTEXT() REPRESENTATION_CONTEXT('2D SPACE',''
  ) );
#11297 = PCURVE('',#11100,#11298);
#11298 = DEFINITIONAL_REPRESENTATION('',(#11299),#11303);
#11299 = LINE('',#11300,#11301);
#11300 = CARTESIAN_POINT('',(0.,2.8));
#11301 = VECTOR('',#11302,1.);
#11302 = DIRECTION('',(1.,0.));
#11303 = ( GEOMETRIC_REPRESENTATION_CONTEXT(2) 
PARAMETRIC_REPRESENTATION_CONTEXT() REPRESENTATION_CONTEXT('2D SPACE',''
  ) );
#11304 = ORIENTED_EDGE('',*,*,#11168,.F.);
#11305 = ADVANCED_FACE('',(#11306),#11046,.F.);
#11306 = FACE_BOUND('',#11307,.F.);
#11307 = EDGE_LOOP('',(#11308,#11309,#11310,#11311));
#11308 = ORIENTED_EDGE('',*,*,#11030,.F.);
#11309 = ORIENTED_EDGE('',*,*,#11215,.T.);
#11310 = ORIENTED_EDGE('',*,*,#11145,.T.);
#11311 = ORIENTED_EDGE('',*,*,#11262,.F.);
#11312 = ADVANCED_FACE('',(#11313),#11100,.T.);
#11313 = FACE_BOUND('',#11314,.T.);
#11314 = EDGE_LOOP('',(#11315,#11316,#11317,#11318));
#11315 = ORIENTED_EDGE('',*,*,#11086,.F.);
#11316 = ORIENTED_EDGE('',*,*,#11237,.T.);
#11317 = ORIENTED_EDGE('',*,*,#11191,.T.);
#11318 = ORIENTED_EDGE('',*,*,#11284,.F.);
#11319 = ( GEOMETRIC_REPRESENTATION_CONTEXT(3) 
GLOBAL_UNCERTAINTY_ASSIGNED_CONTEXT((#11323)) 
GLOBAL_UNIT_ASSIGNED_CONTEXT((#11320,#11321,#11322)) 
REPRESENTATION_CONTEXT('Context #1',
  '3D Context with UNIT and UNCERTAINTY') );
#11320 = ( LENGTH_UNIT() NAMED_UNIT(*) SI_UNIT(.MILLI.,.METRE.) );
#11321 = ( NAMED_UNIT(*) PLANE_ANGLE_UNIT() SI_UNIT($,.RADIAN.) );
#11322 = ( NAMED_UNIT(*) SI_UNIT($,.STERADIAN.) SOLID_ANGLE_UNIT() );
#11323 = UNCERTAINTY_MEASURE_WITH_UNIT(LENGTH_MEASURE(1.E-07),#11320,
  'distance_accuracy_value','confusion accuracy');
#11324 = CONTEXT_DEPENDENT_SHAPE_REPRESENTATION(#11325,#11327);
#11325 = ( REPRESENTATION_RELATIONSHIP('','',#10988,#10) 
REPRESENTATION_RELATIONSHIP_WITH_TRANSFORMATION(#11326) 
SHAPE_REPRESENTATION_RELATIONSHIP() );
#11326 = ITEM_DEFINED_TRANSFORMATION('','',#11,#183);
#11327 = PRODUCT_DEFINITION_SHAPE('Placement','Placement of an item',
  #11328);
#11328 = NEXT_ASSEMBLY_USAGE_OCCURRENCE('97','head_tilt_motor','',#5,
  #10983,$);
#11329 = PRODUCT_RELATED_PRODUCT_CATEGORY('part',$,(#10985));
#11330 = SHAPE_DEFINITION_REPRESENTATION(#11331,#11337);
#11331 = PRODUCT_DEFINITION_SHAPE('','',#11332);
#11332 = PRODUCT_DEFINITION('design','',#11333,#11336);
#11333 = PRODUCT_DEFINITION_FORMATION('','',#11334);
#11334 = PRODUCT('head_balance_spring','head_balance_spring','',(#11335)
  );
#11335 = PRODUCT_CONTEXT('',#2,'mechanical');
#11336 = PRODUCT_DEFINITION_CONTEXT('part definition',#2,'design');
#11337 = ADVANCED_BREP_SHAPE_REPRESENTATION('',(#11,#11338),#11668);
#11338 = MANIFOLD_SOLID_BREP('',#11339);
#11339 = CLOSED_SHELL('',(#11340,#11460,#11560,#11607,#11654,#11661));
#11340 = ADVANCED_FACE('',(#11341),#11355,.F.);
#11341 = FACE_BOUND('',#11342,.F.);
#11342 = EDGE_LOOP('',(#11343,#11378,#11406,#11434));
#11343 = ORIENTED_EDGE('',*,*,#11344,.F.);
#11344 = EDGE_CURVE('',#11345,#11347,#11349,.T.);
#11345 = VERTEX_POINT('',#11346);
#11346 = CARTESIAN_POINT('',(-9.4,-1.5,78.028996309567));
#11347 = VERTEX_POINT('',#11348);
#11348 = CARTESIAN_POINT('',(-9.4,-1.5,80.028996309567));
#11349 = SURFACE_CURVE('',#11350,(#11354,#11366),.PCURVE_S1.);
#11350 = LINE('',#11351,#11352);
#11351 = CARTESIAN_POINT('',(-9.4,-1.5,78.028996309567));
#11352 = VECTOR('',#11353,1.);
#11353 = DIRECTION('',(0.,0.,1.));
#11354 = PCURVE('',#11355,#11360);
#11355 = PLANE('',#11356);
#11356 = AXIS2_PLACEMENT_3D('',#11357,#11358,#11359);
#11357 = CARTESIAN_POINT('',(-9.4,-1.5,78.028996309567));
#11358 = DIRECTION('',(1.,0.,0.));
#11359 = DIRECTION('',(0.,0.,1.));
#11360 = DEFINITIONAL_REPRESENTATION('',(#11361),#11365);
#11361 = LINE('',#11362,#11363);
#11362 = CARTESIAN_POINT('',(0.,0.));
#11363 = VECTOR('',#11364,1.);
#11364 = DIRECTION('',(1.,0.));
#11365 = ( GEOMETRIC_REPRESENTATION_CONTEXT(2) 
PARAMETRIC_REPRESENTATION_CONTEXT() REPRESENTATION_CONTEXT('2D SPACE',''
  ) );
#11366 = PCURVE('',#11367,#11372);
#11367 = PLANE('',#11368);
#11368 = AXIS2_PLACEMENT_3D('',#11369,#11370,#11371);
#11369 = CARTESIAN_POINT('',(-9.4,-1.5,78.028996309567));
#11370 = DIRECTION('',(0.,1.,0.));
#11371 = DIRECTION('',(0.,0.,1.));
#11372 = DEFINITIONAL_REPRESENTATION('',(#11373),#11377);
#11373 = LINE('',#11374,#11375);
#11374 = CARTESIAN_POINT('',(0.,0.));
#11375 = VECTOR('',#11376,1.);
#11376 = DIRECTION('',(1.,0.));
#11377 = ( GEOMETRIC_REPRESENTATION_CONTEXT(2) 
PARAMETRIC_REPRESENTATION_CONTEXT() REPRESENTATION_CONTEXT('2D SPACE',''
  ) );
#11378 = ORIENTED_EDGE('',*,*,#11379,.T.);
#11379 = EDGE_CURVE('',#11345,#11380,#11382,.T.);
#11380 = VERTEX_POINT('',#11381);
#11381 = CARTESIAN_POINT('',(-9.4,1.5,78.028996309567));
#11382 = SURFACE_CURVE('',#11383,(#11387,#11394),.PCURVE_S1.);
#11383 = LINE('',#11384,#11385);
#11384 = CARTESIAN_POINT('',(-9.4,-1.5,78.028996309567));
#11385 = VECTOR('',#11386,1.);
#11386 = DIRECTION('',(0.,1.,0.));
#11387 = PCURVE('',#11355,#11388);
#11388 = DEFINITIONAL_REPRESENTATION('',(#11389),#11393);
#11389 = LINE('',#11390,#11391);
#11390 = CARTESIAN_POINT('',(0.,0.));
#11391 = VECTOR('',#11392,1.);
#11392 = DIRECTION('',(0.,-1.));
#11393 = ( GEOMETRIC_REPRESENTATION_CONTEXT(2) 
PARAMETRIC_REPRESENTATION_CONTEXT() REPRESENTATION_CONTEXT('2D SPACE',''
  ) );
#11394 = PCURVE('',#11395,#11400);
#11395 = PLANE('',#11396);
#11396 = AXIS2_PLACEMENT_3D('',#11397,#11398,#11399);
#11397 = CARTESIAN_POINT('',(-9.4,-1.5,78.028996309567));
#11398 = DIRECTION('',(0.,0.,1.));
#11399 = DIRECTION('',(1.,0.,0.));
#11400 = DEFINITIONAL_REPRESENTATION('',(#11401),#11405);
#11401 = LINE('',#11402,#11403);
#11402 = CARTESIAN_POINT('',(0.,0.));
#11403 = VECTOR('',#11404,1.);
#11404 = DIRECTION('',(0.,1.));
#11405 = ( GEOMETRIC_REPRESENTATION_CONTEXT(2) 
PARAMETRIC_REPRESENTATION_CONTEXT() REPRESENTATION_CONTEXT('2D SPACE',''
  ) );
#11406 = ORIENTED_EDGE('',*,*,#11407,.T.);
#11407 = EDGE_CURVE('',#11380,#11408,#11410,.T.);
#11408 = VERTEX_POINT('',#11409);
#11409 = CARTESIAN_POINT('',(-9.4,1.5,80.028996309567));
#11410 = SURFACE_CURVE('',#11411,(#11415,#11422),.PCURVE_S1.);
#11411 = LINE('',#11412,#11413);
#11412 = CARTESIAN_POINT('',(-9.4,1.5,78.028996309567));
#11413 = VECTOR('',#11414,1.);
#11414 = DIRECTION('',(0.,0.,1.));
#11415 = PCURVE('',#11355,#11416);
#11416 = DEFINITIONAL_REPRESENTATION('',(#11417),#11421);
#11417 = LINE('',#11418,#11419);
#11418 = CARTESIAN_POINT('',(0.,-3.));
#11419 = VECTOR('',#11420,1.);
#11420 = DIRECTION('',(1.,0.));
#11421 = ( GEOMETRIC_REPRESENTATION_CONTEXT(2) 
PARAMETRIC_REPRESENTATION_CONTEXT() REPRESENTATION_CONTEXT('2D SPACE',''
  ) );
#11422 = PCURVE('',#11423,#11428);
#11423 = PLANE('',#11424);
#11424 = AXIS2_PLACEMENT_3D('',#11425,#11426,#11427);
#11425 = CARTESIAN_POINT('',(-9.4,1.5,78.028996309567));
#11426 = DIRECTION('',(0.,1.,0.));
#11427 = DIRECTION('',(0.,0.,1.));
#11428 = DEFINITIONAL_REPRESENTATION('',(#11429),#11433);
#11429 = LINE('',#11430,#11431);
#11430 = CARTESIAN_POINT('',(0.,0.));
#11431 = VECTOR('',#11432,1.);
#11432 = DIRECTION('',(1.,0.));
#11433 = ( GEOMETRIC_REPRESENTATION_CONTEXT(2) 
PARAMETRIC_REPRESENTATION_CONTEXT() REPRESENTATION_CONTEXT('2D SPACE',''
  ) );
#11434 = ORIENTED_EDGE('',*,*,#11435,.F.);
#11435 = EDGE_CURVE('',#11347,#11408,#11436,.T.);
#11436 = SURFACE_CURVE('',#11437,(#11441,#11448),.PCURVE_S1.);
#11437 = LINE('',#11438,#11439);
#11438 = CARTESIAN_POINT('',(-9.4,-1.5,80.028996309567));
#11439 = VECTOR('',#11440,1.);
#11440 = DIRECTION('',(0.,1.,0.));
#11441 = PCURVE('',#11355,#11442);
#11442 = DEFINITIONAL_REPRESENTATION('',(#11443),#11447);
#11443 = LINE('',#11444,#11445);
#11444 = CARTESIAN_POINT('',(2.,0.));
#11445 = VECTOR('',#11446,1.);
#11446 = DIRECTION('',(0.,-1.));
#11447 = ( GEOMETRIC_REPRESENTATION_CONTEXT(2) 
PARAMETRIC_REPRESENTATION_CONTEXT() REPRESENTATION_CONTEXT('2D SPACE',''
  ) );
#11448 = PCURVE('',#11449,#11454);
#11449 = PLANE('',#11450);
#11450 = AXIS2_PLACEMENT_3D('',#11451,#11452,#11453);
#11451 = CARTESIAN_POINT('',(-9.4,-1.5,80.028996309567));
#11452 = DIRECTION('',(0.,0.,1.));
#11453 = DIRECTION('',(1.,0.,0.));
#11454 = DEFINITIONAL_REPRESENTATION('',(#11455),#11459);
#11455 = LINE('',#11456,#11457);
#11456 = CARTESIAN_POINT('',(0.,0.));
#11457 = VECTOR('',#11458,1.);
#11458 = DIRECTION('',(0.,1.));
#11459 = ( GEOMETRIC_REPRESENTATION_CONTEXT(2) 
PARAMETRIC_REPRESENTATION_CONTEXT() REPRESENTATION_CONTEXT('2D SPACE',''
  ) );
#11460 = ADVANCED_FACE('',(#11461),#11475,.T.);
#11461 = FACE_BOUND('',#11462,.T.);
#11462 = EDGE_LOOP('',(#11463,#11493,#11516,#11539));
#11463 = ORIENTED_EDGE('',*,*,#11464,.F.);
#11464 = EDGE_CURVE('',#11465,#11467,#11469,.T.);
#11465 = VERTEX_POINT('',#11466);
#11466 = CARTESIAN_POINT('',(-8.4,-1.5,78.028996309567));
#11467 = VERTEX_POINT('',#11468);
#11468 = CARTESIAN_POINT('',(-8.4,-1.5,80.028996309567));
#11469 = SURFACE_CURVE('',#11470,(#11474,#11486),.PCURVE_S1.);
#11470 = LINE('',#11471,#11472);
#11471 = CARTESIAN_POINT('',(-8.4,-1.5,78.028996309567));
#11472 = VECTOR('',#11473,1.);
#11473 = DIRECTION('',(0.,0.,1.));
#11474 = PCURVE('',#11475,#11480);
#11475 = PLANE('',#11476);
#11476 = AXIS2_PLACEMENT_3D('',#11477,#11478,#11479);
#11477 = CARTESIAN_POINT('',(-8.4,-1.5,78.028996309567));
#11478 = DIRECTION('',(1.,0.,0.));
#11479 = DIRECTION('',(0.,0.,1.));
#11480 = DEFINITIONAL_REPRESENTATION('',(#11481),#11485);
#11481 = LINE('',#11482,#11483);
#11482 = CARTESIAN_POINT('',(0.,0.));
#11483 = VECTOR('',#11484,1.);
#11484 = DIRECTION('',(1.,0.));
#11485 = ( GEOMETRIC_REPRESENTATION_CONTEXT(2) 
PARAMETRIC_REPRESENTATION_CONTEXT() REPRESENTATION_CONTEXT('2D SPACE',''
  ) );
#11486 = PCURVE('',#11367,#11487);
#11487 = DEFINITIONAL_REPRESENTATION('',(#11488),#11492);
#11488 = LINE('',#11489,#11490);
#11489 = CARTESIAN_POINT('',(0.,1.));
#11490 = VECTOR('',#11491,1.);
#11491 = DIRECTION('',(1.,0.));
#11492 = ( GEOMETRIC_REPRESENTATION_CONTEXT(2) 
PARAMETRIC_REPRESENTATION_CONTEXT() REPRESENTATION_CONTEXT('2D SPACE',''
  ) );
#11493 = ORIENTED_EDGE('',*,*,#11494,.T.);
#11494 = EDGE_CURVE('',#11465,#11495,#11497,.T.);
#11495 = VERTEX_POINT('',#11496);
#11496 = CARTESIAN_POINT('',(-8.4,1.5,78.028996309567));
#11497 = SURFACE_CURVE('',#11498,(#11502,#11509),.PCURVE_S1.);
#11498 = LINE('',#11499,#11500);
#11499 = CARTESIAN_POINT('',(-8.4,-1.5,78.028996309567));
#11500 = VECTOR('',#11501,1.);
#11501 = DIRECTION('',(0.,1.,0.));
#11502 = PCURVE('',#11475,#11503);
#11503 = DEFINITIONAL_REPRESENTATION('',(#11504),#11508);
#11504 = LINE('',#11505,#11506);
#11505 = CARTESIAN_POINT('',(0.,0.));
#11506 = VECTOR('',#11507,1.);
#11507 = DIRECTION('',(0.,-1.));
#11508 = ( GEOMETRIC_REPRESENTATION_CONTEXT(2) 
PARAMETRIC_REPRESENTATION_CONTEXT() REPRESENTATION_CONTEXT('2D SPACE',''
  ) );
#11509 = PCURVE('',#11395,#11510);
#11510 = DEFINITIONAL_REPRESENTATION('',(#11511),#11515);
#11511 = LINE('',#11512,#11513);
#11512 = CARTESIAN_POINT('',(1.,0.));
#11513 = VECTOR('',#11514,1.);
#11514 = DIRECTION('',(0.,1.));
#11515 = ( GEOMETRIC_REPRESENTATION_CONTEXT(2) 
PARAMETRIC_REPRESENTATION_CONTEXT() REPRESENTATION_CONTEXT('2D SPACE',''
  ) );
#11516 = ORIENTED_EDGE('',*,*,#11517,.T.);
#11517 = EDGE_CURVE('',#11495,#11518,#11520,.T.);
#11518 = VERTEX_POINT('',#11519);
#11519 = CARTESIAN_POINT('',(-8.4,1.5,80.028996309567));
#11520 = SURFACE_CURVE('',#11521,(#11525,#11532),.PCURVE_S1.);
#11521 = LINE('',#11522,#11523);
#11522 = CARTESIAN_POINT('',(-8.4,1.5,78.028996309567));
#11523 = VECTOR('',#11524,1.);
#11524 = DIRECTION('',(0.,0.,1.));
#11525 = PCURVE('',#11475,#11526);
#11526 = DEFINITIONAL_REPRESENTATION('',(#11527),#11531);
#11527 = LINE('',#11528,#11529);
#11528 = CARTESIAN_POINT('',(0.,-3.));
#11529 = VECTOR('',#11530,1.);
#11530 = DIRECTION('',(1.,0.));
#11531 = ( GEOMETRIC_REPRESENTATION_CONTEXT(2) 
PARAMETRIC_REPRESENTATION_CONTEXT() REPRESENTATION_CONTEXT('2D SPACE',''
  ) );
#11532 = PCURVE('',#11423,#11533);
#11533 = DEFINITIONAL_REPRESENTATION('',(#11534),#11538);
#11534 = LINE('',#11535,#11536);
#11535 = CARTESIAN_POINT('',(0.,1.));
#11536 = VECTOR('',#11537,1.);
#11537 = DIRECTION('',(1.,0.));
#11538 = ( GEOMETRIC_REPRESENTATION_CONTEXT(2) 
PARAMETRIC_REPRESENTATION_CONTEXT() REPRESENTATION_CONTEXT('2D SPACE',''
  ) );
#11539 = ORIENTED_EDGE('',*,*,#11540,.F.);
#11540 = EDGE_CURVE('',#11467,#11518,#11541,.T.);
#11541 = SURFACE_CURVE('',#11542,(#11546,#11553),.PCURVE_S1.);
#11542 = LINE('',#11543,#11544);
#11543 = CARTESIAN_POINT('',(-8.4,-1.5,80.028996309567));
#11544 = VECTOR('',#11545,1.);
#11545 = DIRECTION('',(0.,1.,0.));
#11546 = PCURVE('',#11475,#11547);
#11547 = DEFINITIONAL_REPRESENTATION('',(#11548),#11552);
#11548 = LINE('',#11549,#11550);
#11549 = CARTESIAN_POINT('',(2.,0.));
#11550 = VECTOR('',#11551,1.);
#11551 = DIRECTION('',(0.,-1.));
#11552 = ( GEOMETRIC_REPRESENTATION_CONTEXT(2) 
PARAMETRIC_REPRESENTATION_CONTEXT() REPRESENTATION_CONTEXT('2D SPACE',''
  ) );
#11553 = PCURVE('',#11449,#11554);
#11554 = DEFINITIONAL_REPRESENTATION('',(#11555),#11559);
#11555 = LINE('',#11556,#11557);
#11556 = CARTESIAN_POINT('',(1.,0.));
#11557 = VECTOR('',#11558,1.);
#11558 = DIRECTION('',(0.,1.));
#11559 = ( GEOMETRIC_REPRESENTATION_CONTEXT(2) 
PARAMETRIC_REPRESENTATION_CONTEXT() REPRESENTATION_CONTEXT('2D SPACE',''
  ) );
#11560 = ADVANCED_FACE('',(#11561),#11367,.F.);
#11561 = FACE_BOUND('',#11562,.F.);
#11562 = EDGE_LOOP('',(#11563,#11584,#11585,#11606));
#11563 = ORIENTED_EDGE('',*,*,#11564,.F.);
#11564 = EDGE_CURVE('',#11345,#11465,#11565,.T.);
#11565 = SURFACE_CURVE('',#11566,(#11570,#11577),.PCURVE_S1.);
#11566 = LINE('',#11567,#11568);
#11567 = CARTESIAN_POINT('',(-9.4,-1.5,78.028996309567));
#11568 = VECTOR('',#11569,1.);
#11569 = DIRECTION('',(1.,0.,0.));
#11570 = PCURVE('',#11367,#11571);
#11571 = DEFINITIONAL_REPRESENTATION('',(#11572),#11576);
#11572 = LINE('',#11573,#11574);
#11573 = CARTESIAN_POINT('',(0.,0.));
#11574 = VECTOR('',#11575,1.);
#11575 = DIRECTION('',(0.,1.));
#11576 = ( GEOMETRIC_REPRESENTATION_CONTEXT(2) 
PARAMETRIC_REPRESENTATION_CONTEXT() REPRESENTATION_CONTEXT('2D SPACE',''
  ) );
#11577 = PCURVE('',#11395,#11578);
#11578 = DEFINITIONAL_REPRESENTATION('',(#11579),#11583);
#11579 = LINE('',#11580,#11581);
#11580 = CARTESIAN_POINT('',(0.,0.));
#11581 = VECTOR('',#11582,1.);
#11582 = DIRECTION('',(1.,0.));
#11583 = ( GEOMETRIC_REPRESENTATION_CONTEXT(2) 
PARAMETRIC_REPRESENTATION_CONTEXT() REPRESENTATION_CONTEXT('2D SPACE',''
  ) );
#11584 = ORIENTED_EDGE('',*,*,#11344,.T.);
#11585 = ORIENTED_EDGE('',*,*,#11586,.T.);
#11586 = EDGE_CURVE('',#11347,#11467,#11587,.T.);
#11587 = SURFACE_CURVE('',#11588,(#11592,#11599),.PCURVE_S1.);
#11588 = LINE('',#11589,#11590);
#11589 = CARTESIAN_POINT('',(-9.4,-1.5,80.028996309567));
#11590 = VECTOR('',#11591,1.);
#11591 = DIRECTION('',(1.,0.,0.));
#11592 = PCURVE('',#11367,#11593);
#11593 = DEFINITIONAL_REPRESENTATION('',(#11594),#11598);
#11594 = LINE('',#11595,#11596);
#11595 = CARTESIAN_POINT('',(2.,0.));
#11596 = VECTOR('',#11597,1.);
#11597 = DIRECTION('',(0.,1.));
#11598 = ( GEOMETRIC_REPRESENTATION_CONTEXT(2) 
PARAMETRIC_REPRESENTATION_CONTEXT() REPRESENTATION_CONTEXT('2D SPACE',''
  ) );
#11599 = PCURVE('',#11449,#11600);
#11600 = DEFINITIONAL_REPRESENTATION('',(#11601),#11605);
#11601 = LINE('',#11602,#11603);
#11602 = CARTESIAN_POINT('',(0.,0.));
#11603 = VECTOR('',#11604,1.);
#11604 = DIRECTION('',(1.,0.));
#11605 = ( GEOMETRIC_REPRESENTATION_CONTEXT(2) 
PARAMETRIC_REPRESENTATION_CONTEXT() REPRESENTATION_CONTEXT('2D SPACE',''
  ) );
#11606 = ORIENTED_EDGE('',*,*,#11464,.F.);
#11607 = ADVANCED_FACE('',(#11608),#11423,.T.);
#11608 = FACE_BOUND('',#11609,.T.);
#11609 = EDGE_LOOP('',(#11610,#11631,#11632,#11653));
#11610 = ORIENTED_EDGE('',*,*,#11611,.F.);
#11611 = EDGE_CURVE('',#11380,#11495,#11612,.T.);
#11612 = SURFACE_CURVE('',#11613,(#11617,#11624),.PCURVE_S1.);
#11613 = LINE('',#11614,#11615);
#11614 = CARTESIAN_POINT('',(-9.4,1.5,78.028996309567));
#11615 = VECTOR('',#11616,1.);
#11616 = DIRECTION('',(1.,0.,0.));
#11617 = PCURVE('',#11423,#11618);
#11618 = DEFINITIONAL_REPRESENTATION('',(#11619),#11623);
#11619 = LINE('',#11620,#11621);
#11620 = CARTESIAN_POINT('',(0.,0.));
#11621 = VECTOR('',#11622,1.);
#11622 = DIRECTION('',(0.,1.));
#11623 = ( GEOMETRIC_REPRESENTATION_CONTEXT(2) 
PARAMETRIC_REPRESENTATION_CONTEXT() REPRESENTATION_CONTEXT('2D SPACE',''
  ) );
#11624 = PCURVE('',#11395,#11625);
#11625 = DEFINITIONAL_REPRESENTATION('',(#11626),#11630);
#11626 = LINE('',#11627,#11628);
#11627 = CARTESIAN_POINT('',(0.,3.));
#11628 = VECTOR('',#11629,1.);
#11629 = DIRECTION('',(1.,0.));
#11630 = ( GEOMETRIC_REPRESENTATION_CONTEXT(2) 
PARAMETRIC_REPRESENTATION_CONTEXT() REPRESENTATION_CONTEXT('2D SPACE',''
  ) );
#11631 = ORIENTED_EDGE('',*,*,#11407,.T.);
#11632 = ORIENTED_EDGE('',*,*,#11633,.T.);
#11633 = EDGE_CURVE('',#11408,#11518,#11634,.T.);
#11634 = SURFACE_CURVE('',#11635,(#11639,#11646),.PCURVE_S1.);
#11635 = LINE('',#11636,#11637);
#11636 = CARTESIAN_POINT('',(-9.4,1.5,80.028996309567));
#11637 = VECTOR('',#11638,1.);
#11638 = DIRECTION('',(1.,0.,0.));
#11639 = PCURVE('',#11423,#11640);
#11640 = DEFINITIONAL_REPRESENTATION('',(#11641),#11645);
#11641 = LINE('',#11642,#11643);
#11642 = CARTESIAN_POINT('',(2.,0.));
#11643 = VECTOR('',#11644,1.);
#11644 = DIRECTION('',(0.,1.));
#11645 = ( GEOMETRIC_REPRESENTATION_CONTEXT(2) 
PARAMETRIC_REPRESENTATION_CONTEXT() REPRESENTATION_CONTEXT('2D SPACE',''
  ) );
#11646 = PCURVE('',#11449,#11647);
#11647 = DEFINITIONAL_REPRESENTATION('',(#11648),#11652);
#11648 = LINE('',#11649,#11650);
#11649 = CARTESIAN_POINT('',(0.,3.));
#11650 = VECTOR('',#11651,1.);
#11651 = DIRECTION('',(1.,0.));
#11652 = ( GEOMETRIC_REPRESENTATION_CONTEXT(2) 
PARAMETRIC_REPRESENTATION_CONTEXT() REPRESENTATION_CONTEXT('2D SPACE',''
  ) );
#11653 = ORIENTED_EDGE('',*,*,#11517,.F.);
#11654 = ADVANCED_FACE('',(#11655),#11395,.F.);
#11655 = FACE_BOUND('',#11656,.F.);
#11656 = EDGE_LOOP('',(#11657,#11658,#11659,#11660));
#11657 = ORIENTED_EDGE('',*,*,#11379,.F.);
#11658 = ORIENTED_EDGE('',*,*,#11564,.T.);
#11659 = ORIENTED_EDGE('',*,*,#11494,.T.);
#11660 = ORIENTED_EDGE('',*,*,#11611,.F.);
#11661 = ADVANCED_FACE('',(#11662),#11449,.T.);
#11662 = FACE_BOUND('',#11663,.T.);
#11663 = EDGE_LOOP('',(#11664,#11665,#11666,#11667));
#11664 = ORIENTED_EDGE('',*,*,#11435,.F.);
#11665 = ORIENTED_EDGE('',*,*,#11586,.T.);
#11666 = ORIENTED_EDGE('',*,*,#11540,.T.);
#11667 = ORIENTED_EDGE('',*,*,#11633,.F.);
#11668 = ( GEOMETRIC_REPRESENTATION_CONTEXT(3) 
GLOBAL_UNCERTAINTY_ASSIGNED_CONTEXT((#11672)) 
GLOBAL_UNIT_ASSIGNED_CONTEXT((#11669,#11670,#11671)) 
REPRESENTATION_CONTEXT('Context #1',
  '3D Context with UNIT and UNCERTAINTY') );
#11669 = ( LENGTH_UNIT() NAMED_UNIT(*) SI_UNIT(.MILLI.,.METRE.) );
#11670 = ( NAMED_UNIT(*) PLANE_ANGLE_UNIT() SI_UNIT($,.RADIAN.) );
#11671 = ( NAMED_UNIT(*) SI_UNIT($,.STERADIAN.) SOLID_ANGLE_UNIT() );
#11672 = UNCERTAINTY_MEASURE_WITH_UNIT(LENGTH_MEASURE(1.E-07),#11669,
  'distance_accuracy_value','confusion accuracy');
#11673 = CONTEXT_DEPENDENT_SHAPE_REPRESENTATION(#11674,#11676);
#11674 = ( REPRESENTATION_RELATIONSHIP('','',#11337,#10) 
REPRESENTATION_RELATIONSHIP_WITH_TRANSFORMATION(#11675) 
SHAPE_REPRESENTATION_RELATIONSHIP() );
#11675 = ITEM_DEFINED_TRANSFORMATION('','',#11,#187);
#11676 = PRODUCT_DEFINITION_SHAPE('Placement','Placement of an item',
  #11677);
#11677 = NEXT_ASSEMBLY_USAGE_OCCURRENCE('98','head_balance_spring','',#5
  ,#11332,$);
#11678 = PRODUCT_RELATED_PRODUCT_CATEGORY('part',$,(#11334));
#11679 = SHAPE_DEFINITION_REPRESENTATION(#11680,#11686);
#11680 = PRODUCT_DEFINITION_SHAPE('','',#11681);
#11681 = PRODUCT_DEFINITION('design','',#11682,#11685);
#11682 = PRODUCT_DEFINITION_FORMATION('','',#11683);
#11683 = PRODUCT('face_hall','face_hall','',(#11684));
#11684 = PRODUCT_CONTEXT('',#2,'mechanical');
#11685 = PRODUCT_DEFINITION_CONTEXT('part definition',#2,'design');
#11686 = ADVANCED_BREP_SHAPE_REPRESENTATION('',(#11,#11687),#12017);
#11687 = MANIFOLD_SOLID_BREP('',#11688);
#11688 = CLOSED_SHELL('',(#11689,#11809,#11909,#11956,#12003,#12010));
#11689 = ADVANCED_FACE('',(#11690),#11704,.F.);
#11690 = FACE_BOUND('',#11691,.F.);
#11691 = EDGE_LOOP('',(#11692,#11727,#11755,#11783));
#11692 = ORIENTED_EDGE('',*,*,#11693,.F.);
#11693 = EDGE_CURVE('',#11694,#11696,#11698,.T.);
#11694 = VERTEX_POINT('',#11695);
#11695 = CARTESIAN_POINT('',(2.5,-1.,77.028996309567));
#11696 = VERTEX_POINT('',#11697);
#11697 = CARTESIAN_POINT('',(2.5,-1.,78.028996309567));
#11698 = SURFACE_CURVE('',#11699,(#11703,#11715),.PCURVE_S1.);
#11699 = LINE('',#11700,#11701);
#11700 = CARTESIAN_POINT('',(2.5,-1.,77.028996309567));
#11701 = VECTOR('',#11702,1.);
#11702 = DIRECTION('',(0.,0.,1.));
#11703 = PCURVE('',#11704,#11709);
#11704 = PLANE('',#11705);
#11705 = AXIS2_PLACEMENT_3D('',#11706,#11707,#11708);
#11706 = CARTESIAN_POINT('',(2.5,-1.,77.028996309567));
#11707 = DIRECTION('',(1.,0.,0.));
#11708 = DIRECTION('',(0.,0.,1.));
#11709 = DEFINITIONAL_REPRESENTATION('',(#11710),#11714);
#11710 = LINE('',#11711,#11712);
#11711 = CARTESIAN_POINT('',(0.,0.));
#11712 = VECTOR('',#11713,1.);
#11713 = DIRECTION('',(1.,0.));
#11714 = ( GEOMETRIC_REPRESENTATION_CONTEXT(2) 
PARAMETRIC_REPRESENTATION_CONTEXT() REPRESENTATION_CONTEXT('2D SPACE',''
  ) );
#11715 = PCURVE('',#11716,#11721);
#11716 = PLANE('',#11717);
#11717 = AXIS2_PLACEMENT_3D('',#11718,#11719,#11720);
#11718 = CARTESIAN_POINT('',(2.5,-1.,77.028996309567));
#11719 = DIRECTION('',(0.,1.,0.));
#11720 = DIRECTION('',(0.,0.,1.));
#11721 = DEFINITIONAL_REPRESENTATION('',(#11722),#11726);
#11722 = LINE('',#11723,#11724);
#11723 = CARTESIAN_POINT('',(0.,0.));
#11724 = VECTOR('',#11725,1.);
#11725 = DIRECTION('',(1.,0.));
#11726 = ( GEOMETRIC_REPRESENTATION_CONTEXT(2) 
PARAMETRIC_REPRESENTATION_CONTEXT() REPRESENTATION_CONTEXT('2D SPACE',''
  ) );
#11727 = ORIENTED_EDGE('',*,*,#11728,.T.);
#11728 = EDGE_CURVE('',#11694,#11729,#11731,.T.);
#11729 = VERTEX_POINT('',#11730);
#11730 = CARTESIAN_POINT('',(2.5,1.,77.028996309567));
#11731 = SURFACE_CURVE('',#11732,(#11736,#11743),.PCURVE_S1.);
#11732 = LINE('',#11733,#11734);
#11733 = CARTESIAN_POINT('',(2.5,-1.,77.028996309567));
#11734 = VECTOR('',#11735,1.);
#11735 = DIRECTION('',(0.,1.,0.));
#11736 = PCURVE('',#11704,#11737);
#11737 = DEFINITIONAL_REPRESENTATION('',(#11738),#11742);
#11738 = LINE('',#11739,#11740);
#11739 = CARTESIAN_POINT('',(0.,0.));
#11740 = VECTOR('',#11741,1.);
#11741 = DIRECTION('',(0.,-1.));
#11742 = ( GEOMETRIC_REPRESENTATION_CONTEXT(2) 
PARAMETRIC_REPRESENTATION_CONTEXT() REPRESENTATION_CONTEXT('2D SPACE',''
  ) );
#11743 = PCURVE('',#11744,#11749);
#11744 = PLANE('',#11745);
#11745 = AXIS2_PLACEMENT_3D('',#11746,#11747,#11748);
#11746 = CARTESIAN_POINT('',(2.5,-1.,77.028996309567));
#11747 = DIRECTION('',(0.,0.,1.));
#11748 = DIRECTION('',(1.,0.,0.));
#11749 = DEFINITIONAL_REPRESENTATION('',(#11750),#11754);
#11750 = LINE('',#11751,#11752);
#11751 = CARTESIAN_POINT('',(0.,0.));
#11752 = VECTOR('',#11753,1.);
#11753 = DIRECTION('',(0.,1.));
#11754 = ( GEOMETRIC_REPRESENTATION_CONTEXT(2) 
PARAMETRIC_REPRESENTATION_CONTEXT() REPRESENTATION_CONTEXT('2D SPACE',''
  ) );
#11755 = ORIENTED_EDGE('',*,*,#11756,.T.);
#11756 = EDGE_CURVE('',#11729,#11757,#11759,.T.);
#11757 = VERTEX_POINT('',#11758);
#11758 = CARTESIAN_POINT('',(2.5,1.,78.028996309567));
#11759 = SURFACE_CURVE('',#11760,(#11764,#11771),.PCURVE_S1.);
#11760 = LINE('',#11761,#11762);
#11761 = CARTESIAN_POINT('',(2.5,1.,77.028996309567));
#11762 = VECTOR('',#11763,1.);
#11763 = DIRECTION('',(0.,0.,1.));
#11764 = PCURVE('',#11704,#11765);
#11765 = DEFINITIONAL_REPRESENTATION('',(#11766),#11770);
#11766 = LINE('',#11767,#11768);
#11767 = CARTESIAN_POINT('',(0.,-2.));
#11768 = VECTOR('',#11769,1.);
#11769 = DIRECTION('',(1.,0.));
#11770 = ( GEOMETRIC_REPRESENTATION_CONTEXT(2) 
PARAMETRIC_REPRESENTATION_CONTEXT() REPRESENTATION_CONTEXT('2D SPACE',''
  ) );
#11771 = PCURVE('',#11772,#11777);
#11772 = PLANE('',#11773);
#11773 = AXIS2_PLACEMENT_3D('',#11774,#11775,#11776);
#11774 = CARTESIAN_POINT('',(2.5,1.,77.028996309567));
#11775 = DIRECTION('',(0.,1.,0.));
#11776 = DIRECTION('',(0.,0.,1.));
#11777 = DEFINITIONAL_REPRESENTATION('',(#11778),#11782);
#11778 = LINE('',#11779,#11780);
#11779 = CARTESIAN_POINT('',(0.,0.));
#11780 = VECTOR('',#11781,1.);
#11781 = DIRECTION('',(1.,0.));
#11782 = ( GEOMETRIC_REPRESENTATION_CONTEXT(2) 
PARAMETRIC_REPRESENTATION_CONTEXT() REPRESENTATION_CONTEXT('2D SPACE',''
  ) );
#11783 = ORIENTED_EDGE('',*,*,#11784,.F.);
#11784 = EDGE_CURVE('',#11696,#11757,#11785,.T.);
#11785 = SURFACE_CURVE('',#11786,(#11790,#11797),.PCURVE_S1.);
#11786 = LINE('',#11787,#11788);
#11787 = CARTESIAN_POINT('',(2.5,-1.,78.028996309567));
#11788 = VECTOR('',#11789,1.);
#11789 = DIRECTION('',(0.,1.,0.));
#11790 = PCURVE('',#11704,#11791);
#11791 = DEFINITIONAL_REPRESENTATION('',(#11792),#11796);
#11792 = LINE('',#11793,#11794);
#11793 = CARTESIAN_POINT('',(1.,0.));
#11794 = VECTOR('',#11795,1.);
#11795 = DIRECTION('',(0.,-1.));
#11796 = ( GEOMETRIC_REPRESENTATION_CONTEXT(2) 
PARAMETRIC_REPRESENTATION_CONTEXT() REPRESENTATION_CONTEXT('2D SPACE',''
  ) );
#11797 = PCURVE('',#11798,#11803);
#11798 = PLANE('',#11799);
#11799 = AXIS2_PLACEMENT_3D('',#11800,#11801,#11802);
#11800 = CARTESIAN_POINT('',(2.5,-1.,78.028996309567));
#11801 = DIRECTION('',(0.,0.,1.));
#11802 = DIRECTION('',(1.,0.,0.));
#11803 = DEFINITIONAL_REPRESENTATION('',(#11804),#11808);
#11804 = LINE('',#11805,#11806);
#11805 = CARTESIAN_POINT('',(0.,0.));
#11806 = VECTOR('',#11807,1.);
#11807 = DIRECTION('',(0.,1.));
#11808 = ( GEOMETRIC_REPRESENTATION_CONTEXT(2) 
PARAMETRIC_REPRESENTATION_CONTEXT() REPRESENTATION_CONTEXT('2D SPACE',''
  ) );
#11809 = ADVANCED_FACE('',(#11810),#11824,.T.);
#11810 = FACE_BOUND('',#11811,.T.);
#11811 = EDGE_LOOP('',(#11812,#11842,#11865,#11888));
#11812 = ORIENTED_EDGE('',*,*,#11813,.F.);
#11813 = EDGE_CURVE('',#11814,#11816,#11818,.T.);
#11814 = VERTEX_POINT('',#11815);
#11815 = CARTESIAN_POINT('',(3.5,-1.,77.028996309567));
#11816 = VERTEX_POINT('',#11817);
#11817 = CARTESIAN_POINT('',(3.5,-1.,78.028996309567));
#11818 = SURFACE_CURVE('',#11819,(#11823,#11835),.PCURVE_S1.);
#11819 = LINE('',#11820,#11821);
#11820 = CARTESIAN_POINT('',(3.5,-1.,77.028996309567));
#11821 = VECTOR('',#11822,1.);
#11822 = DIRECTION('',(0.,0.,1.));
#11823 = PCURVE('',#11824,#11829);
#11824 = PLANE('',#11825);
#11825 = AXIS2_PLACEMENT_3D('',#11826,#11827,#11828);
#11826 = CARTESIAN_POINT('',(3.5,-1.,77.028996309567));
#11827 = DIRECTION('',(1.,0.,0.));
#11828 = DIRECTION('',(0.,0.,1.));
#11829 = DEFINITIONAL_REPRESENTATION('',(#11830),#11834);
#11830 = LINE('',#11831,#11832);
#11831 = CARTESIAN_POINT('',(0.,0.));
#11832 = VECTOR('',#11833,1.);
#11833 = DIRECTION('',(1.,0.));
#11834 = ( GEOMETRIC_REPRESENTATION_CONTEXT(2) 
PARAMETRIC_REPRESENTATION_CONTEXT() REPRESENTATION_CONTEXT('2D SPACE',''
  ) );
#11835 = PCURVE('',#11716,#11836);
#11836 = DEFINITIONAL_REPRESENTATION('',(#11837),#11841);
#11837 = LINE('',#11838,#11839);
#11838 = CARTESIAN_POINT('',(0.,1.));
#11839 = VECTOR('',#11840,1.);
#11840 = DIRECTION('',(1.,0.));
#11841 = ( GEOMETRIC_REPRESENTATION_CONTEXT(2) 
PARAMETRIC_REPRESENTATION_CONTEXT() REPRESENTATION_CONTEXT('2D SPACE',''
  ) );
#11842 = ORIENTED_EDGE('',*,*,#11843,.T.);
#11843 = EDGE_CURVE('',#11814,#11844,#11846,.T.);
#11844 = VERTEX_POINT('',#11845);
#11845 = CARTESIAN_POINT('',(3.5,1.,77.028996309567));
#11846 = SURFACE_CURVE('',#11847,(#11851,#11858),.PCURVE_S1.);
#11847 = LINE('',#11848,#11849);
#11848 = CARTESIAN_POINT('',(3.5,-1.,77.028996309567));
#11849 = VECTOR('',#11850,1.);
#11850 = DIRECTION('',(0.,1.,0.));
#11851 = PCURVE('',#11824,#11852);
#11852 = DEFINITIONAL_REPRESENTATION('',(#11853),#11857);
#11853 = LINE('',#11854,#11855);
#11854 = CARTESIAN_POINT('',(0.,0.));
#11855 = VECTOR('',#11856,1.);
#11856 = DIRECTION('',(0.,-1.));
#11857 = ( GEOMETRIC_REPRESENTATION_CONTEXT(2) 
PARAMETRIC_REPRESENTATION_CONTEXT() REPRESENTATION_CONTEXT('2D SPACE',''
  ) );
#11858 = PCURVE('',#11744,#11859);
#11859 = DEFINITIONAL_REPRESENTATION('',(#11860),#11864);
#11860 = LINE('',#11861,#11862);
#11861 = CARTESIAN_POINT('',(1.,0.));
#11862 = VECTOR('',#11863,1.);
#11863 = DIRECTION('',(0.,1.));
#11864 = ( GEOMETRIC_REPRESENTATION_CONTEXT(2) 
PARAMETRIC_REPRESENTATION_CONTEXT() REPRESENTATION_CONTEXT('2D SPACE',''
  ) );
#11865 = ORIENTED_EDGE('',*,*,#11866,.T.);
#11866 = EDGE_CURVE('',#11844,#11867,#11869,.T.);
#11867 = VERTEX_POINT('',#11868);
#11868 = CARTESIAN_POINT('',(3.5,1.,78.028996309567));
#11869 = SURFACE_CURVE('',#11870,(#11874,#11881),.PCURVE_S1.);
#11870 = LINE('',#11871,#11872);
#11871 = CARTESIAN_POINT('',(3.5,1.,77.028996309567));
#11872 = VECTOR('',#11873,1.);
#11873 = DIRECTION('',(0.,0.,1.));
#11874 = PCURVE('',#11824,#11875);
#11875 = DEFINITIONAL_REPRESENTATION('',(#11876),#11880);
#11876 = LINE('',#11877,#11878);
#11877 = CARTESIAN_POINT('',(0.,-2.));
#11878 = VECTOR('',#11879,1.);
#11879 = DIRECTION('',(1.,0.));
#11880 = ( GEOMETRIC_REPRESENTATION_CONTEXT(2) 
PARAMETRIC_REPRESENTATION_CONTEXT() REPRESENTATION_CONTEXT('2D SPACE',''
  ) );
#11881 = PCURVE('',#11772,#11882);
#11882 = DEFINITIONAL_REPRESENTATION('',(#11883),#11887);
#11883 = LINE('',#11884,#11885);
#11884 = CARTESIAN_POINT('',(0.,1.));
#11885 = VECTOR('',#11886,1.);
#11886 = DIRECTION('',(1.,0.));
#11887 = ( GEOMETRIC_REPRESENTATION_CONTEXT(2) 
PARAMETRIC_REPRESENTATION_CONTEXT() REPRESENTATION_CONTEXT('2D SPACE',''
  ) );
#11888 = ORIENTED_EDGE('',*,*,#11889,.F.);
#11889 = EDGE_CURVE('',#11816,#11867,#11890,.T.);
#11890 = SURFACE_CURVE('',#11891,(#11895,#11902),.PCURVE_S1.);
#11891 = LINE('',#11892,#11893);
#11892 = CARTESIAN_POINT('',(3.5,-1.,78.028996309567));
#11893 = VECTOR('',#11894,1.);
#11894 = DIRECTION('',(0.,1.,0.));
#11895 = PCURVE('',#11824,#11896);
#11896 = DEFINITIONAL_REPRESENTATION('',(#11897),#11901);
#11897 = LINE('',#11898,#11899);
#11898 = CARTESIAN_POINT('',(1.,0.));
#11899 = VECTOR('',#11900,1.);
#11900 = DIRECTION('',(0.,-1.));
#11901 = ( GEOMETRIC_REPRESENTATION_CONTEXT(2) 
PARAMETRIC_REPRESENTATION_CONTEXT() REPRESENTATION_CONTEXT('2D SPACE',''
  ) );
#11902 = PCURVE('',#11798,#11903);
#11903 = DEFINITIONAL_REPRESENTATION('',(#11904),#11908);
#11904 = LINE('',#11905,#11906);
#11905 = CARTESIAN_POINT('',(1.,0.));
#11906 = VECTOR('',#11907,1.);
#11907 = DIRECTION('',(0.,1.));
#11908 = ( GEOMETRIC_REPRESENTATION_CONTEXT(2) 
PARAMETRIC_REPRESENTATION_CONTEXT() REPRESENTATION_CONTEXT('2D SPACE',''
  ) );
#11909 = ADVANCED_FACE('',(#11910),#11716,.F.);
#11910 = FACE_BOUND('',#11911,.F.);
#11911 = EDGE_LOOP('',(#11912,#11933,#11934,#11955));
#11912 = ORIENTED_EDGE('',*,*,#11913,.F.);
#11913 = EDGE_CURVE('',#11694,#11814,#11914,.T.);
#11914 = SURFACE_CURVE('',#11915,(#11919,#11926),.PCURVE_S1.);
#11915 = LINE('',#11916,#11917);
#11916 = CARTESIAN_POINT('',(2.5,-1.,77.028996309567));
#11917 = VECTOR('',#11918,1.);
#11918 = DIRECTION('',(1.,0.,0.));
#11919 = PCURVE('',#11716,#11920);
#11920 = DEFINITIONAL_REPRESENTATION('',(#11921),#11925);
#11921 = LINE('',#11922,#11923);
#11922 = CARTESIAN_POINT('',(0.,0.));
#11923 = VECTOR('',#11924,1.);
#11924 = DIRECTION('',(0.,1.));
#11925 = ( GEOMETRIC_REPRESENTATION_CONTEXT(2) 
PARAMETRIC_REPRESENTATION_CONTEXT() REPRESENTATION_CONTEXT('2D SPACE',''
  ) );
#11926 = PCURVE('',#11744,#11927);
#11927 = DEFINITIONAL_REPRESENTATION('',(#11928),#11932);
#11928 = LINE('',#11929,#11930);
#11929 = CARTESIAN_POINT('',(0.,0.));
#11930 = VECTOR('',#11931,1.);
#11931 = DIRECTION('',(1.,0.));
#11932 = ( GEOMETRIC_REPRESENTATION_CONTEXT(2) 
PARAMETRIC_REPRESENTATION_CONTEXT() REPRESENTATION_CONTEXT('2D SPACE',''
  ) );
#11933 = ORIENTED_EDGE('',*,*,#11693,.T.);
#11934 = ORIENTED_EDGE('',*,*,#11935,.T.);
#11935 = EDGE_CURVE('',#11696,#11816,#11936,.T.);
#11936 = SURFACE_CURVE('',#11937,(#11941,#11948),.PCURVE_S1.);
#11937 = LINE('',#11938,#11939);
#11938 = CARTESIAN_POINT('',(2.5,-1.,78.028996309567));
#11939 = VECTOR('',#11940,1.);
#11940 = DIRECTION('',(1.,0.,0.));
#11941 = PCURVE('',#11716,#11942);
#11942 = DEFINITIONAL_REPRESENTATION('',(#11943),#11947);
#11943 = LINE('',#11944,#11945);
#11944 = CARTESIAN_POINT('',(1.,0.));
#11945 = VECTOR('',#11946,1.);
#11946 = DIRECTION('',(0.,1.));
#11947 = ( GEOMETRIC_REPRESENTATION_CONTEXT(2) 
PARAMETRIC_REPRESENTATION_CONTEXT() REPRESENTATION_CONTEXT('2D SPACE',''
  ) );
#11948 = PCURVE('',#11798,#11949);
#11949 = DEFINITIONAL_REPRESENTATION('',(#11950),#11954);
#11950 = LINE('',#11951,#11952);
#11951 = CARTESIAN_POINT('',(0.,0.));
#11952 = VECTOR('',#11953,1.);
#11953 = DIRECTION('',(1.,0.));
#11954 = ( GEOMETRIC_REPRESENTATION_CONTEXT(2) 
PARAMETRIC_REPRESENTATION_CONTEXT() REPRESENTATION_CONTEXT('2D SPACE',''
  ) );
#11955 = ORIENTED_EDGE('',*,*,#11813,.F.);
#11956 = ADVANCED_FACE('',(#11957),#11772,.T.);
#11957 = FACE_BOUND('',#11958,.T.);
#11958 = EDGE_LOOP('',(#11959,#11980,#11981,#12002));
#11959 = ORIENTED_EDGE('',*,*,#11960,.F.);
#11960 = EDGE_CURVE('',#11729,#11844,#11961,.T.);
#11961 = SURFACE_CURVE('',#11962,(#11966,#11973),.PCURVE_S1.);
#11962 = LINE('',#11963,#11964);
#11963 = CARTESIAN_POINT('',(2.5,1.,77.028996309567));
#11964 = VECTOR('',#11965,1.);
#11965 = DIRECTION('',(1.,0.,0.));
#11966 = PCURVE('',#11772,#11967);
#11967 = DEFINITIONAL_REPRESENTATION('',(#11968),#11972);
#11968 = LINE('',#11969,#11970);
#11969 = CARTESIAN_POINT('',(0.,0.));
#11970 = VECTOR('',#11971,1.);
#11971 = DIRECTION('',(0.,1.));
#11972 = ( GEOMETRIC_REPRESENTATION_CONTEXT(2) 
PARAMETRIC_REPRESENTATION_CONTEXT() REPRESENTATION_CONTEXT('2D SPACE',''
  ) );
#11973 = PCURVE('',#11744,#11974);
#11974 = DEFINITIONAL_REPRESENTATION('',(#11975),#11979);
#11975 = LINE('',#11976,#11977);
#11976 = CARTESIAN_POINT('',(0.,2.));
#11977 = VECTOR('',#11978,1.);
#11978 = DIRECTION('',(1.,0.));
#11979 = ( GEOMETRIC_REPRESENTATION_CONTEXT(2) 
PARAMETRIC_REPRESENTATION_CONTEXT() REPRESENTATION_CONTEXT('2D SPACE',''
  ) );
#11980 = ORIENTED_EDGE('',*,*,#11756,.T.);
#11981 = ORIENTED_EDGE('',*,*,#11982,.T.);
#11982 = EDGE_CURVE('',#11757,#11867,#11983,.T.);
#11983 = SURFACE_CURVE('',#11984,(#11988,#11995),.PCURVE_S1.);
#11984 = LINE('',#11985,#11986);
#11985 = CARTESIAN_POINT('',(2.5,1.,78.028996309567));
#11986 = VECTOR('',#11987,1.);
#11987 = DIRECTION('',(1.,0.,0.));
#11988 = PCURVE('',#11772,#11989);
#11989 = DEFINITIONAL_REPRESENTATION('',(#11990),#11994);
#11990 = LINE('',#11991,#11992);
#11991 = CARTESIAN_POINT('',(1.,0.));
#11992 = VECTOR('',#11993,1.);
#11993 = DIRECTION('',(0.,1.));
#11994 = ( GEOMETRIC_REPRESENTATION_CONTEXT(2) 
PARAMETRIC_REPRESENTATION_CONTEXT() REPRESENTATION_CONTEXT('2D SPACE',''
  ) );
#11995 = PCURVE('',#11798,#11996);
#11996 = DEFINITIONAL_REPRESENTATION('',(#11997),#12001);
#11997 = LINE('',#11998,#11999);
#11998 = CARTESIAN_POINT('',(0.,2.));
#11999 = VECTOR('',#12000,1.);
#12000 = DIRECTION('',(1.,0.));
#12001 = ( GEOMETRIC_REPRESENTATION_CONTEXT(2) 
PARAMETRIC_REPRESENTATION_CONTEXT() REPRESENTATION_CONTEXT('2D SPACE',''
  ) );
#12002 = ORIENTED_EDGE('',*,*,#11866,.F.);
#12003 = ADVANCED_FACE('',(#12004),#11744,.F.);
#12004 = FACE_BOUND('',#12005,.F.);
#12005 = EDGE_LOOP('',(#12006,#12007,#12008,#12009));
#12006 = ORIENTED_EDGE('',*,*,#11728,.F.);
#12007 = ORIENTED_EDGE('',*,*,#11913,.T.);
#12008 = ORIENTED_EDGE('',*,*,#11843,.T.);
#12009 = ORIENTED_EDGE('',*,*,#11960,.F.);
#12010 = ADVANCED_FACE('',(#12011),#11798,.T.);
#12011 = FACE_BOUND('',#12012,.T.);
#12012 = EDGE_LOOP('',(#12013,#12014,#12015,#12016));
#12013 = ORIENTED_EDGE('',*,*,#11784,.F.);
#12014 = ORIENTED_EDGE('',*,*,#11935,.T.);
#12015 = ORIENTED_EDGE('',*,*,#11889,.T.);
#12016 = ORIENTED_EDGE('',*,*,#11982,.F.);
#12017 = ( GEOMETRIC_REPRESENTATION_CONTEXT(3) 
GLOBAL_UNCERTAINTY_ASSIGNED_CONTEXT((#12021)) 
GLOBAL_UNIT_ASSIGNED_CONTEXT((#12018,#12019,#12020)) 
REPRESENTATION_CONTEXT('Context #1',
  '3D Context with UNIT and UNCERTAINTY') );
#12018 = ( LENGTH_UNIT() NAMED_UNIT(*) SI_UNIT(.MILLI.,.METRE.) );
#12019 = ( NAMED_UNIT(*) PLANE_ANGLE_UNIT() SI_UNIT($,.RADIAN.) );
#12020 = ( NAMED_UNIT(*) SI_UNIT($,.STERADIAN.) SOLID_ANGLE_UNIT() );
#12021 = UNCERTAINTY_MEASURE_WITH_UNIT(LENGTH_MEASURE(1.E-07),#12018,
  'distance_accuracy_value','confusion accuracy');
#12022 = CONTEXT_DEPENDENT_SHAPE_REPRESENTATION(#12023,#12025);
#12023 = ( REPRESENTATION_RELATIONSHIP('','',#11686,#10) 
REPRESENTATION_RELATIONSHIP_WITH_TRANSFORMATION(#12024) 
SHAPE_REPRESENTATION_RELATIONSHIP() );
#12024 = ITEM_DEFINED_TRANSFORMATION('','',#11,#191);
#12025 = PRODUCT_DEFINITION_SHAPE('Placement','Placement of an item',
  #12026);
#12026 = NEXT_ASSEMBLY_USAGE_OCCURRENCE('99','face_hall','',#5,#11681,$
  );
#12027 = PRODUCT_RELATED_PRODUCT_CATEGORY('part',$,(#11683));
#12028 = SHAPE_DEFINITION_REPRESENTATION(#12029,#12035);
#12029 = PRODUCT_DEFINITION_SHAPE('','',#12030);
#12030 = PRODUCT_DEFINITION('design','',#12031,#12034);
#12031 = PRODUCT_DEFINITION_FORMATION('','',#12032);
#12032 = PRODUCT('head_roll_motor','head_roll_motor','',(#12033));
#12033 = PRODUCT_CONTEXT('',#2,'mechanical');
#12034 = PRODUCT_DEFINITION_CONTEXT('part definition',#2,'design');
#12035 = ADVANCED_BREP_SHAPE_REPRESENTATION('',(#11,#12036),#12366);
#12036 = MANIFOLD_SOLID_BREP('',#12037);
#12037 = CLOSED_SHELL('',(#12038,#12158,#12258,#12305,#12352,#12359));
#12038 = ADVANCED_FACE('',(#12039),#12053,.F.);
#12039 = FACE_BOUND('',#12040,.F.);
#12040 = EDGE_LOOP('',(#12041,#12076,#12104,#12132));
#12041 = ORIENTED_EDGE('',*,*,#12042,.F.);
#12042 = EDGE_CURVE('',#12043,#12045,#12047,.T.);
#12043 = VERTEX_POINT('',#12044);
#12044 = CARTESIAN_POINT('',(-1.4,5.9,85.328996309567));
#12045 = VERTEX_POINT('',#12046);
#12046 = CARTESIAN_POINT('',(-1.4,5.9,91.328996309567));
#12047 = SURFACE_CURVE('',#12048,(#12052,#12064),.PCURVE_S1.);
#12048 = LINE('',#12049,#12050);
#12049 = CARTESIAN_POINT('',(-1.4,5.9,85.328996309567));
#12050 = VECTOR('',#12051,1.);
#12051 = DIRECTION('',(0.,0.,1.));
#12052 = PCURVE('',#12053,#12058);
#12053 = PLANE('',#12054);
#12054 = AXIS2_PLACEMENT_3D('',#12055,#12056,#12057);
#12055 = CARTESIAN_POINT('',(-1.4,5.9,85.328996309567));
#12056 = DIRECTION('',(1.,0.,0.));
#12057 = DIRECTION('',(0.,0.,1.));
#12058 = DEFINITIONAL_REPRESENTATION('',(#12059),#12063);
#12059 = LINE('',#12060,#12061);
#12060 = CARTESIAN_POINT('',(0.,0.));
#12061 = VECTOR('',#12062,1.);
#12062 = DIRECTION('',(1.,0.));
#12063 = ( GEOMETRIC_REPRESENTATION_CONTEXT(2) 
PARAMETRIC_REPRESENTATION_CONTEXT() REPRESENTATION_CONTEXT('2D SPACE',''
  ) );
#12064 = PCURVE('',#12065,#12070);
#12065 = PLANE('',#12066);
#12066 = AXIS2_PLACEMENT_3D('',#12067,#12068,#12069);
#12067 = CARTESIAN_POINT('',(-1.4,5.9,85.328996309567));
#12068 = DIRECTION('',(0.,1.,0.));
#12069 = DIRECTION('',(0.,0.,1.));
#12070 = DEFINITIONAL_REPRESENTATION('',(#12071),#12075);
#12071 = LINE('',#12072,#12073);
#12072 = CARTESIAN_POINT('',(0.,0.));
#12073 = VECTOR('',#12074,1.);
#12074 = DIRECTION('',(1.,0.));
#12075 = ( GEOMETRIC_REPRESENTATION_CONTEXT(2) 
PARAMETRIC_REPRESENTATION_CONTEXT() REPRESENTATION_CONTEXT('2D SPACE',''
  ) );
#12076 = ORIENTED_EDGE('',*,*,#12077,.T.);
#12077 = EDGE_CURVE('',#12043,#12078,#12080,.T.);
#12078 = VERTEX_POINT('',#12079);
#12079 = CARTESIAN_POINT('',(-1.4,8.7,85.328996309567));
#12080 = SURFACE_CURVE('',#12081,(#12085,#12092),.PCURVE_S1.);
#12081 = LINE('',#12082,#12083);
#12082 = CARTESIAN_POINT('',(-1.4,5.9,85.328996309567));
#12083 = VECTOR('',#12084,1.);
#12084 = DIRECTION('',(0.,1.,0.));
#12085 = PCURVE('',#12053,#12086);
#12086 = DEFINITIONAL_REPRESENTATION('',(#12087),#12091);
#12087 = LINE('',#12088,#12089);
#12088 = CARTESIAN_POINT('',(0.,0.));
#12089 = VECTOR('',#12090,1.);
#12090 = DIRECTION('',(0.,-1.));
#12091 = ( GEOMETRIC_REPRESENTATION_CONTEXT(2) 
PARAMETRIC_REPRESENTATION_CONTEXT() REPRESENTATION_CONTEXT('2D SPACE',''
  ) );
#12092 = PCURVE('',#12093,#12098);
#12093 = PLANE('',#12094);
#12094 = AXIS2_PLACEMENT_3D('',#12095,#12096,#12097);
#12095 = CARTESIAN_POINT('',(-1.4,5.9,85.328996309567));
#12096 = DIRECTION('',(0.,0.,1.));
#12097 = DIRECTION('',(1.,0.,0.));
#12098 = DEFINITIONAL_REPRESENTATION('',(#12099),#12103);
#12099 = LINE('',#12100,#12101);
#12100 = CARTESIAN_POINT('',(0.,0.));
#12101 = VECTOR('',#12102,1.);
#12102 = DIRECTION('',(0.,1.));
#12103 = ( GEOMETRIC_REPRESENTATION_CONTEXT(2) 
PARAMETRIC_REPRESENTATION_CONTEXT() REPRESENTATION_CONTEXT('2D SPACE',''
  ) );
#12104 = ORIENTED_EDGE('',*,*,#12105,.T.);
#12105 = EDGE_CURVE('',#12078,#12106,#12108,.T.);
#12106 = VERTEX_POINT('',#12107);
#12107 = CARTESIAN_POINT('',(-1.4,8.7,91.328996309567));
#12108 = SURFACE_CURVE('',#12109,(#12113,#12120),.PCURVE_S1.);
#12109 = LINE('',#12110,#12111);
#12110 = CARTESIAN_POINT('',(-1.4,8.7,85.328996309567));
#12111 = VECTOR('',#12112,1.);
#12112 = DIRECTION('',(0.,0.,1.));
#12113 = PCURVE('',#12053,#12114);
#12114 = DEFINITIONAL_REPRESENTATION('',(#12115),#12119);
#12115 = LINE('',#12116,#12117);
#12116 = CARTESIAN_POINT('',(0.,-2.8));
#12117 = VECTOR('',#12118,1.);
#12118 = DIRECTION('',(1.,0.));
#12119 = ( GEOMETRIC_REPRESENTATION_CONTEXT(2) 
PARAMETRIC_REPRESENTATION_CONTEXT() REPRESENTATION_CONTEXT('2D SPACE',''
  ) );
#12120 = PCURVE('',#12121,#12126);
#12121 = PLANE('',#12122);
#12122 = AXIS2_PLACEMENT_3D('',#12123,#12124,#12125);
#12123 = CARTESIAN_POINT('',(-1.4,8.7,85.328996309567));
#12124 = DIRECTION('',(0.,1.,0.));
#12125 = DIRECTION('',(0.,0.,1.));
#12126 = DEFINITIONAL_REPRESENTATION('',(#12127),#12131);
#12127 = LINE('',#12128,#12129);
#12128 = CARTESIAN_POINT('',(0.,0.));
#12129 = VECTOR('',#12130,1.);
#12130 = DIRECTION('',(1.,0.));
#12131 = ( GEOMETRIC_REPRESENTATION_CONTEXT(2) 
PARAMETRIC_REPRESENTATION_CONTEXT() REPRESENTATION_CONTEXT('2D SPACE',''
  ) );
#12132 = ORIENTED_EDGE('',*,*,#12133,.F.);
#12133 = EDGE_CURVE('',#12045,#12106,#12134,.T.);
#12134 = SURFACE_CURVE('',#12135,(#12139,#12146),.PCURVE_S1.);
#12135 = LINE('',#12136,#12137);
#12136 = CARTESIAN_POINT('',(-1.4,5.9,91.328996309567));
#12137 = VECTOR('',#12138,1.);
#12138 = DIRECTION('',(0.,1.,0.));
#12139 = PCURVE('',#12053,#12140);
#12140 = DEFINITIONAL_REPRESENTATION('',(#12141),#12145);
#12141 = LINE('',#12142,#12143);
#12142 = CARTESIAN_POINT('',(6.,0.));
#12143 = VECTOR('',#12144,1.);
#12144 = DIRECTION('',(0.,-1.));
#12145 = ( GEOMETRIC_REPRESENTATION_CONTEXT(2) 
PARAMETRIC_REPRESENTATION_CONTEXT() REPRESENTATION_CONTEXT('2D SPACE',''
  ) );
#12146 = PCURVE('',#12147,#12152);
#12147 = PLANE('',#12148);
#12148 = AXIS2_PLACEMENT_3D('',#12149,#12150,#12151);
#12149 = CARTESIAN_POINT('',(-1.4,5.9,91.328996309567));
#12150 = DIRECTION('',(0.,0.,1.));
#12151 = DIRECTION('',(1.,0.,0.));
#12152 = DEFINITIONAL_REPRESENTATION('',(#12153),#12157);
#12153 = LINE('',#12154,#12155);
#12154 = CARTESIAN_POINT('',(0.,0.));
#12155 = VECTOR('',#12156,1.);
#12156 = DIRECTION('',(0.,1.));
#12157 = ( GEOMETRIC_REPRESENTATION_CONTEXT(2) 
PARAMETRIC_REPRESENTATION_CONTEXT() REPRESENTATION_CONTEXT('2D SPACE',''
  ) );
#12158 = ADVANCED_FACE('',(#12159),#12173,.T.);
#12159 = FACE_BOUND('',#12160,.T.);
#12160 = EDGE_LOOP('',(#12161,#12191,#12214,#12237));
#12161 = ORIENTED_EDGE('',*,*,#12162,.F.);
#12162 = EDGE_CURVE('',#12163,#12165,#12167,.T.);
#12163 = VERTEX_POINT('',#12164);
#12164 = CARTESIAN_POINT('',(1.4,5.9,85.328996309567));
#12165 = VERTEX_POINT('',#12166);
#12166 = CARTESIAN_POINT('',(1.4,5.9,91.328996309567));
#12167 = SURFACE_CURVE('',#12168,(#12172,#12184),.PCURVE_S1.);
#12168 = LINE('',#12169,#12170);
#12169 = CARTESIAN_POINT('',(1.4,5.9,85.328996309567));
#12170 = VECTOR('',#12171,1.);
#12171 = DIRECTION('',(0.,0.,1.));
#12172 = PCURVE('',#12173,#12178);
#12173 = PLANE('',#12174);
#12174 = AXIS2_PLACEMENT_3D('',#12175,#12176,#12177);
#12175 = CARTESIAN_POINT('',(1.4,5.9,85.328996309567));
#12176 = DIRECTION('',(1.,0.,0.));
#12177 = DIRECTION('',(0.,0.,1.));
#12178 = DEFINITIONAL_REPRESENTATION('',(#12179),#12183);
#12179 = LINE('',#12180,#12181);
#12180 = CARTESIAN_POINT('',(0.,0.));
#12181 = VECTOR('',#12182,1.);
#12182 = DIRECTION('',(1.,0.));
#12183 = ( GEOMETRIC_REPRESENTATION_CONTEXT(2) 
PARAMETRIC_REPRESENTATION_CONTEXT() REPRESENTATION_CONTEXT('2D SPACE',''
  ) );
#12184 = PCURVE('',#12065,#12185);
#12185 = DEFINITIONAL_REPRESENTATION('',(#12186),#12190);
#12186 = LINE('',#12187,#12188);
#12187 = CARTESIAN_POINT('',(0.,2.8));
#12188 = VECTOR('',#12189,1.);
#12189 = DIRECTION('',(1.,0.));
#12190 = ( GEOMETRIC_REPRESENTATION_CONTEXT(2) 
PARAMETRIC_REPRESENTATION_CONTEXT() REPRESENTATION_CONTEXT('2D SPACE',''
  ) );
#12191 = ORIENTED_EDGE('',*,*,#12192,.T.);
#12192 = EDGE_CURVE('',#12163,#12193,#12195,.T.);
#12193 = VERTEX_POINT('',#12194);
#12194 = CARTESIAN_POINT('',(1.4,8.7,85.328996309567));
#12195 = SURFACE_CURVE('',#12196,(#12200,#12207),.PCURVE_S1.);
#12196 = LINE('',#12197,#12198);
#12197 = CARTESIAN_POINT('',(1.4,5.9,85.328996309567));
#12198 = VECTOR('',#12199,1.);
#12199 = DIRECTION('',(0.,1.,0.));
#12200 = PCURVE('',#12173,#12201);
#12201 = DEFINITIONAL_REPRESENTATION('',(#12202),#12206);
#12202 = LINE('',#12203,#12204);
#12203 = CARTESIAN_POINT('',(0.,0.));
#12204 = VECTOR('',#12205,1.);
#12205 = DIRECTION('',(0.,-1.));
#12206 = ( GEOMETRIC_REPRESENTATION_CONTEXT(2) 
PARAMETRIC_REPRESENTATION_CONTEXT() REPRESENTATION_CONTEXT('2D SPACE',''
  ) );
#12207 = PCURVE('',#12093,#12208);
#12208 = DEFINITIONAL_REPRESENTATION('',(#12209),#12213);
#12209 = LINE('',#12210,#12211);
#12210 = CARTESIAN_POINT('',(2.8,0.));
#12211 = VECTOR('',#12212,1.);
#12212 = DIRECTION('',(0.,1.));
#12213 = ( GEOMETRIC_REPRESENTATION_CONTEXT(2) 
PARAMETRIC_REPRESENTATION_CONTEXT() REPRESENTATION_CONTEXT('2D SPACE',''
  ) );
#12214 = ORIENTED_EDGE('',*,*,#12215,.T.);
#12215 = EDGE_CURVE('',#12193,#12216,#12218,.T.);
#12216 = VERTEX_POINT('',#12217);
#12217 = CARTESIAN_POINT('',(1.4,8.7,91.328996309567));
#12218 = SURFACE_CURVE('',#12219,(#12223,#12230),.PCURVE_S1.);
#12219 = LINE('',#12220,#12221);
#12220 = CARTESIAN_POINT('',(1.4,8.7,85.328996309567));
#12221 = VECTOR('',#12222,1.);
#12222 = DIRECTION('',(0.,0.,1.));
#12223 = PCURVE('',#12173,#12224);
#12224 = DEFINITIONAL_REPRESENTATION('',(#12225),#12229);
#12225 = LINE('',#12226,#12227);
#12226 = CARTESIAN_POINT('',(0.,-2.8));
#12227 = VECTOR('',#12228,1.);
#12228 = DIRECTION('',(1.,0.));
#12229 = ( GEOMETRIC_REPRESENTATION_CONTEXT(2) 
PARAMETRIC_REPRESENTATION_CONTEXT() REPRESENTATION_CONTEXT('2D SPACE',''
  ) );
#12230 = PCURVE('',#12121,#12231);
#12231 = DEFINITIONAL_REPRESENTATION('',(#12232),#12236);
#12232 = LINE('',#12233,#12234);
#12233 = CARTESIAN_POINT('',(0.,2.8));
#12234 = VECTOR('',#12235,1.);
#12235 = DIRECTION('',(1.,0.));
#12236 = ( GEOMETRIC_REPRESENTATION_CONTEXT(2) 
PARAMETRIC_REPRESENTATION_CONTEXT() REPRESENTATION_CONTEXT('2D SPACE',''
  ) );
#12237 = ORIENTED_EDGE('',*,*,#12238,.F.);
#12238 = EDGE_CURVE('',#12165,#12216,#12239,.T.);
#12239 = SURFACE_CURVE('',#12240,(#12244,#12251),.PCURVE_S1.);
#12240 = LINE('',#12241,#12242);
#12241 = CARTESIAN_POINT('',(1.4,5.9,91.328996309567));
#12242 = VECTOR('',#12243,1.);
#12243 = DIRECTION('',(0.,1.,0.));
#12244 = PCURVE('',#12173,#12245);
#12245 = DEFINITIONAL_REPRESENTATION('',(#12246),#12250);
#12246 = LINE('',#12247,#12248);
#12247 = CARTESIAN_POINT('',(6.,0.));
#12248 = VECTOR('',#12249,1.);
#12249 = DIRECTION('',(0.,-1.));
#12250 = ( GEOMETRIC_REPRESENTATION_CONTEXT(2) 
PARAMETRIC_REPRESENTATION_CONTEXT() REPRESENTATION_CONTEXT('2D SPACE',''
  ) );
#12251 = PCURVE('',#12147,#12252);
#12252 = DEFINITIONAL_REPRESENTATION('',(#12253),#12257);
#12253 = LINE('',#12254,#12255);
#12254 = CARTESIAN_POINT('',(2.8,0.));
#12255 = VECTOR('',#12256,1.);
#12256 = DIRECTION('',(0.,1.));
#12257 = ( GEOMETRIC_REPRESENTATION_CONTEXT(2) 
PARAMETRIC_REPRESENTATION_CONTEXT() REPRESENTATION_CONTEXT('2D SPACE',''
  ) );
#12258 = ADVANCED_FACE('',(#12259),#12065,.F.);
#12259 = FACE_BOUND('',#12260,.F.);
#12260 = EDGE_LOOP('',(#12261,#12282,#12283,#12304));
#12261 = ORIENTED_EDGE('',*,*,#12262,.F.);
#12262 = EDGE_CURVE('',#12043,#12163,#12263,.T.);
#12263 = SURFACE_CURVE('',#12264,(#12268,#12275),.PCURVE_S1.);
#12264 = LINE('',#12265,#12266);
#12265 = CARTESIAN_POINT('',(-1.4,5.9,85.328996309567));
#12266 = VECTOR('',#12267,1.);
#12267 = DIRECTION('',(1.,0.,0.));
#12268 = PCURVE('',#12065,#12269);
#12269 = DEFINITIONAL_REPRESENTATION('',(#12270),#12274);
#12270 = LINE('',#12271,#12272);
#12271 = CARTESIAN_POINT('',(0.,0.));
#12272 = VECTOR('',#12273,1.);
#12273 = DIRECTION('',(0.,1.));
#12274 = ( GEOMETRIC_REPRESENTATION_CONTEXT(2) 
PARAMETRIC_REPRESENTATION_CONTEXT() REPRESENTATION_CONTEXT('2D SPACE',''
  ) );
#12275 = PCURVE('',#12093,#12276);
#12276 = DEFINITIONAL_REPRESENTATION('',(#12277),#12281);
#12277 = LINE('',#12278,#12279);
#12278 = CARTESIAN_POINT('',(0.,0.));
#12279 = VECTOR('',#12280,1.);
#12280 = DIRECTION('',(1.,0.));
#12281 = ( GEOMETRIC_REPRESENTATION_CONTEXT(2) 
PARAMETRIC_REPRESENTATION_CONTEXT() REPRESENTATION_CONTEXT('2D SPACE',''
  ) );
#12282 = ORIENTED_EDGE('',*,*,#12042,.T.);
#12283 = ORIENTED_EDGE('',*,*,#12284,.T.);
#12284 = EDGE_CURVE('',#12045,#12165,#12285,.T.);
#12285 = SURFACE_CURVE('',#12286,(#12290,#12297),.PCURVE_S1.);
#12286 = LINE('',#12287,#12288);
#12287 = CARTESIAN_POINT('',(-1.4,5.9,91.328996309567));
#12288 = VECTOR('',#12289,1.);
#12289 = DIRECTION('',(1.,0.,0.));
#12290 = PCURVE('',#12065,#12291);
#12291 = DEFINITIONAL_REPRESENTATION('',(#12292),#12296);
#12292 = LINE('',#12293,#12294);
#12293 = CARTESIAN_POINT('',(6.,0.));
#12294 = VECTOR('',#12295,1.);
#12295 = DIRECTION('',(0.,1.));
#12296 = ( GEOMETRIC_REPRESENTATION_CONTEXT(2) 
PARAMETRIC_REPRESENTATION_CONTEXT() REPRESENTATION_CONTEXT('2D SPACE',''
  ) );
#12297 = PCURVE('',#12147,#12298);
#12298 = DEFINITIONAL_REPRESENTATION('',(#12299),#12303);
#12299 = LINE('',#12300,#12301);
#12300 = CARTESIAN_POINT('',(0.,0.));
#12301 = VECTOR('',#12302,1.);
#12302 = DIRECTION('',(1.,0.));
#12303 = ( GEOMETRIC_REPRESENTATION_CONTEXT(2) 
PARAMETRIC_REPRESENTATION_CONTEXT() REPRESENTATION_CONTEXT('2D SPACE',''
  ) );
#12304 = ORIENTED_EDGE('',*,*,#12162,.F.);
#12305 = ADVANCED_FACE('',(#12306),#12121,.T.);
#12306 = FACE_BOUND('',#12307,.T.);
#12307 = EDGE_LOOP('',(#12308,#12329,#12330,#12351));
#12308 = ORIENTED_EDGE('',*,*,#12309,.F.);
#12309 = EDGE_CURVE('',#12078,#12193,#12310,.T.);
#12310 = SURFACE_CURVE('',#12311,(#12315,#12322),.PCURVE_S1.);
#12311 = LINE('',#12312,#12313);
#12312 = CARTESIAN_POINT('',(-1.4,8.7,85.328996309567));
#12313 = VECTOR('',#12314,1.);
#12314 = DIRECTION('',(1.,0.,0.));
#12315 = PCURVE('',#12121,#12316);
#12316 = DEFINITIONAL_REPRESENTATION('',(#12317),#12321);
#12317 = LINE('',#12318,#12319);
#12318 = CARTESIAN_POINT('',(0.,0.));
#12319 = VECTOR('',#12320,1.);
#12320 = DIRECTION('',(0.,1.));
#12321 = ( GEOMETRIC_REPRESENTATION_CONTEXT(2) 
PARAMETRIC_REPRESENTATION_CONTEXT() REPRESENTATION_CONTEXT('2D SPACE',''
  ) );
#12322 = PCURVE('',#12093,#12323);
#12323 = DEFINITIONAL_REPRESENTATION('',(#12324),#12328);
#12324 = LINE('',#12325,#12326);
#12325 = CARTESIAN_POINT('',(0.,2.8));
#12326 = VECTOR('',#12327,1.);
#12327 = DIRECTION('',(1.,0.));
#12328 = ( GEOMETRIC_REPRESENTATION_CONTEXT(2) 
PARAMETRIC_REPRESENTATION_CONTEXT() REPRESENTATION_CONTEXT('2D SPACE',''
  ) );
#12329 = ORIENTED_EDGE('',*,*,#12105,.T.);
#12330 = ORIENTED_EDGE('',*,*,#12331,.T.);
#12331 = EDGE_CURVE('',#12106,#12216,#12332,.T.);
#12332 = SURFACE_CURVE('',#12333,(#12337,#12344),.PCURVE_S1.);
#12333 = LINE('',#12334,#12335);
#12334 = CARTESIAN_POINT('',(-1.4,8.7,91.328996309567));
#12335 = VECTOR('',#12336,1.);
#12336 = DIRECTION('',(1.,0.,0.));
#12337 = PCURVE('',#12121,#12338);
#12338 = DEFINITIONAL_REPRESENTATION('',(#12339),#12343);
#12339 = LINE('',#12340,#12341);
#12340 = CARTESIAN_POINT('',(6.,0.));
#12341 = VECTOR('',#12342,1.);
#12342 = DIRECTION('',(0.,1.));
#12343 = ( GEOMETRIC_REPRESENTATION_CONTEXT(2) 
PARAMETRIC_REPRESENTATION_CONTEXT() REPRESENTATION_CONTEXT('2D SPACE',''
  ) );
#12344 = PCURVE('',#12147,#12345);
#12345 = DEFINITIONAL_REPRESENTATION('',(#12346),#12350);
#12346 = LINE('',#12347,#12348);
#12347 = CARTESIAN_POINT('',(0.,2.8));
#12348 = VECTOR('',#12349,1.);
#12349 = DIRECTION('',(1.,0.));
#12350 = ( GEOMETRIC_REPRESENTATION_CONTEXT(2) 
PARAMETRIC_REPRESENTATION_CONTEXT() REPRESENTATION_CONTEXT('2D SPACE',''
  ) );
#12351 = ORIENTED_EDGE('',*,*,#12215,.F.);
#12352 = ADVANCED_FACE('',(#12353),#12093,.F.);
#12353 = FACE_BOUND('',#12354,.F.);
#12354 = EDGE_LOOP('',(#12355,#12356,#12357,#12358));
#12355 = ORIENTED_EDGE('',*,*,#12077,.F.);
#12356 = ORIENTED_EDGE('',*,*,#12262,.T.);
#12357 = ORIENTED_EDGE('',*,*,#12192,.T.);
#12358 = ORIENTED_EDGE('',*,*,#12309,.F.);
#12359 = ADVANCED_FACE('',(#12360),#12147,.T.);
#12360 = FACE_BOUND('',#12361,.T.);
#12361 = EDGE_LOOP('',(#12362,#12363,#12364,#12365));
#12362 = ORIENTED_EDGE('',*,*,#12133,.F.);
#12363 = ORIENTED_EDGE('',*,*,#12284,.T.);
#12364 = ORIENTED_EDGE('',*,*,#12238,.T.);
#12365 = ORIENTED_EDGE('',*,*,#12331,.F.);
#12366 = ( GEOMETRIC_REPRESENTATION_CONTEXT(3) 
GLOBAL_UNCERTAINTY_ASSIGNED_CONTEXT((#12370)) 
GLOBAL_UNIT_ASSIGNED_CONTEXT((#12367,#12368,#12369)) 
REPRESENTATION_CONTEXT('Context #1',
  '3D Context with UNIT and UNCERTAINTY') );
#12367 = ( LENGTH_UNIT() NAMED_UNIT(*) SI_UNIT(.MILLI.,.METRE.) );
#12368 = ( NAMED_UNIT(*) PLANE_ANGLE_UNIT() SI_UNIT($,.RADIAN.) );
#12369 = ( NAMED_UNIT(*) SI_UNIT($,.STERADIAN.) SOLID_ANGLE_UNIT() );
#12370 = UNCERTAINTY_MEASURE_WITH_UNIT(LENGTH_MEASURE(1.E-07),#12367,
  'distance_accuracy_value','confusion accuracy');
#12371 = CONTEXT_DEPENDENT_SHAPE_REPRESENTATION(#12372,#12374);
#12372 = ( REPRESENTATION_RELATIONSHIP('','',#12035,#10) 
REPRESENTATION_RELATIONSHIP_WITH_TRANSFORMATION(#12373) 
SHAPE_REPRESENTATION_RELATIONSHIP() );
#12373 = ITEM_DEFINED_TRANSFORMATION('','',#11,#195);
#12374 = PRODUCT_DEFINITION_SHAPE('Placement','Placement of an item',
  #12375);
#12375 = NEXT_ASSEMBLY_USAGE_OCCURRENCE('100','head_roll_motor','',#5,
  #12030,$);
#12376 = PRODUCT_RELATED_PRODUCT_CATEGORY('part',$,(#12032));
#12377 = SHAPE_DEFINITION_REPRESENTATION(#12378,#12384);
#12378 = PRODUCT_DEFINITION_SHAPE('','',#12379);
#12379 = PRODUCT_DEFINITION('design','',#12380,#12383);
#12380 = PRODUCT_DEFINITION_FORMATION('','',#12381);
#12381 = PRODUCT('head_follower_motor','head_follower_motor','',(#12382)
  );
#12382 = PRODUCT_CONTEXT('',#2,'mechanical');
#12383 = PRODUCT_DEFINITION_CONTEXT('part definition',#2,'design');
#12384 = ADVANCED_BREP_SHAPE_REPRESENTATION('',(#11,#12385),#12715);
#12385 = MANIFOLD_SOLID_BREP('',#12386);
#12386 = CLOSED_SHELL('',(#12387,#12507,#12607,#12654,#12701,#12708));
#12387 = ADVANCED_FACE('',(#12388),#12402,.F.);
#12388 = FACE_BOUND('',#12389,.F.);
#12389 = EDGE_LOOP('',(#12390,#12425,#12453,#12481));
#12390 = ORIENTED_EDGE('',*,*,#12391,.F.);
#12391 = EDGE_CURVE('',#12392,#12394,#12396,.T.);
#12392 = VERTEX_POINT('',#12393);
#12393 = CARTESIAN_POINT('',(-1.4,-8.7,85.328996309567));
#12394 = VERTEX_POINT('',#12395);
#12395 = CARTESIAN_POINT('',(-1.4,-8.7,91.328996309567));
#12396 = SURFACE_CURVE('',#12397,(#12401,#12413),.PCURVE_S1.);
#12397 = LINE('',#12398,#12399);
#12398 = CARTESIAN_POINT('',(-1.4,-8.7,85.328996309567));
#12399 = VECTOR('',#12400,1.);
#12400 = DIRECTION('',(0.,0.,1.));
#12401 = PCURVE('',#12402,#12407);
#12402 = PLANE('',#12403);
#12403 = AXIS2_PLACEMENT_3D('',#12404,#12405,#12406);
#12404 = CARTESIAN_POINT('',(-1.4,-8.7,85.328996309567));
#12405 = DIRECTION('',(1.,0.,0.));
#12406 = DIRECTION('',(0.,0.,1.));
#12407 = DEFINITIONAL_REPRESENTATION('',(#12408),#12412);
#12408 = LINE('',#12409,#12410);
#12409 = CARTESIAN_POINT('',(0.,0.));
#12410 = VECTOR('',#12411,1.);
#12411 = DIRECTION('',(1.,0.));
#12412 = ( GEOMETRIC_REPRESENTATION_CONTEXT(2) 
PARAMETRIC_REPRESENTATION_CONTEXT() REPRESENTATION_CONTEXT('2D SPACE',''
  ) );
#12413 = PCURVE('',#12414,#12419);
#12414 = PLANE('',#12415);
#12415 = AXIS2_PLACEMENT_3D('',#12416,#12417,#12418);
#12416 = CARTESIAN_POINT('',(-1.4,-8.7,85.328996309567));
#12417 = DIRECTION('',(0.,1.,0.));
#12418 = DIRECTION('',(0.,0.,1.));
#12419 = DEFINITIONAL_REPRESENTATION('',(#12420),#12424);
#12420 = LINE('',#12421,#12422);
#12421 = CARTESIAN_POINT('',(0.,0.));
#12422 = VECTOR('',#12423,1.);
#12423 = DIRECTION('',(1.,0.));
#12424 = ( GEOMETRIC_REPRESENTATION_CONTEXT(2) 
PARAMETRIC_REPRESENTATION_CONTEXT() REPRESENTATION_CONTEXT('2D SPACE',''
  ) );
#12425 = ORIENTED_EDGE('',*,*,#12426,.T.);
#12426 = EDGE_CURVE('',#12392,#12427,#12429,.T.);
#12427 = VERTEX_POINT('',#12428);
#12428 = CARTESIAN_POINT('',(-1.4,-5.9,85.328996309567));
#12429 = SURFACE_CURVE('',#12430,(#12434,#12441),.PCURVE_S1.);
#12430 = LINE('',#12431,#12432);
#12431 = CARTESIAN_POINT('',(-1.4,-8.7,85.328996309567));
#12432 = VECTOR('',#12433,1.);
#12433 = DIRECTION('',(0.,1.,0.));
#12434 = PCURVE('',#12402,#12435);
#12435 = DEFINITIONAL_REPRESENTATION('',(#12436),#12440);
#12436 = LINE('',#12437,#12438);
#12437 = CARTESIAN_POINT('',(0.,0.));
#12438 = VECTOR('',#12439,1.);
#12439 = DIRECTION('',(0.,-1.));
#12440 = ( GEOMETRIC_REPRESENTATION_CONTEXT(2) 
PARAMETRIC_REPRESENTATION_CONTEXT() REPRESENTATION_CONTEXT('2D SPACE',''
  ) );
#12441 = PCURVE('',#12442,#12447);
#12442 = PLANE('',#12443);
#12443 = AXIS2_PLACEMENT_3D('',#12444,#12445,#12446);
#12444 = CARTESIAN_POINT('',(-1.4,-8.7,85.328996309567));
#12445 = DIRECTION('',(0.,0.,1.));
#12446 = DIRECTION('',(1.,0.,0.));
#12447 = DEFINITIONAL_REPRESENTATION('',(#12448),#12452);
#12448 = LINE('',#12449,#12450);
#12449 = CARTESIAN_POINT('',(0.,0.));
#12450 = VECTOR('',#12451,1.);
#12451 = DIRECTION('',(0.,1.));
#12452 = ( GEOMETRIC_REPRESENTATION_CONTEXT(2) 
PARAMETRIC_REPRESENTATION_CONTEXT() REPRESENTATION_CONTEXT('2D SPACE',''
  ) );
#12453 = ORIENTED_EDGE('',*,*,#12454,.T.);
#12454 = EDGE_CURVE('',#12427,#12455,#12457,.T.);
#12455 = VERTEX_POINT('',#12456);
#12456 = CARTESIAN_POINT('',(-1.4,-5.9,91.328996309567));
#12457 = SURFACE_CURVE('',#12458,(#12462,#12469),.PCURVE_S1.);
#12458 = LINE('',#12459,#12460);
#12459 = CARTESIAN_POINT('',(-1.4,-5.9,85.328996309567));
#12460 = VECTOR('',#12461,1.);
#12461 = DIRECTION('',(0.,0.,1.));
#12462 = PCURVE('',#12402,#12463);
#12463 = DEFINITIONAL_REPRESENTATION('',(#12464),#12468);
#12464 = LINE('',#12465,#12466);
#12465 = CARTESIAN_POINT('',(0.,-2.8));
#12466 = VECTOR('',#12467,1.);
#12467 = DIRECTION('',(1.,0.));
#12468 = ( GEOMETRIC_REPRESENTATION_CONTEXT(2) 
PARAMETRIC_REPRESENTATION_CONTEXT() REPRESENTATION_CONTEXT('2D SPACE',''
  ) );
#12469 = PCURVE('',#12470,#12475);
#12470 = PLANE('',#12471);
#12471 = AXIS2_PLACEMENT_3D('',#12472,#12473,#12474);
#12472 = CARTESIAN_POINT('',(-1.4,-5.9,85.328996309567));
#12473 = DIRECTION('',(0.,1.,0.));
#12474 = DIRECTION('',(0.,0.,1.));
#12475 = DEFINITIONAL_REPRESENTATION('',(#12476),#12480);
#12476 = LINE('',#12477,#12478);
#12477 = CARTESIAN_POINT('',(0.,0.));
#12478 = VECTOR('',#12479,1.);
#12479 = DIRECTION('',(1.,0.));
#12480 = ( GEOMETRIC_REPRESENTATION_CONTEXT(2) 
PARAMETRIC_REPRESENTATION_CONTEXT() REPRESENTATION_CONTEXT('2D SPACE',''
  ) );
#12481 = ORIENTED_EDGE('',*,*,#12482,.F.);
#12482 = EDGE_CURVE('',#12394,#12455,#12483,.T.);
#12483 = SURFACE_CURVE('',#12484,(#12488,#12495),.PCURVE_S1.);
#12484 = LINE('',#12485,#12486);
#12485 = CARTESIAN_POINT('',(-1.4,-8.7,91.328996309567));
#12486 = VECTOR('',#12487,1.);
#12487 = DIRECTION('',(0.,1.,0.));
#12488 = PCURVE('',#12402,#12489);
#12489 = DEFINITIONAL_REPRESENTATION('',(#12490),#12494);
#12490 = LINE('',#12491,#12492);
#12491 = CARTESIAN_POINT('',(6.,0.));
#12492 = VECTOR('',#12493,1.);
#12493 = DIRECTION('',(0.,-1.));
#12494 = ( GEOMETRIC_REPRESENTATION_CONTEXT(2) 
PARAMETRIC_REPRESENTATION_CONTEXT() REPRESENTATION_CONTEXT('2D SPACE',''
  ) );
#12495 = PCURVE('',#12496,#12501);
#12496 = PLANE('',#12497);
#12497 = AXIS2_PLACEMENT_3D('',#12498,#12499,#12500);
#12498 = CARTESIAN_POINT('',(-1.4,-8.7,91.328996309567));
#12499 = DIRECTION('',(0.,0.,1.));
#12500 = DIRECTION('',(1.,0.,0.));
#12501 = DEFINITIONAL_REPRESENTATION('',(#12502),#12506);
#12502 = LINE('',#12503,#12504);
#12503 = CARTESIAN_POINT('',(0.,0.));
#12504 = VECTOR('',#12505,1.);
#12505 = DIRECTION('',(0.,1.));
#12506 = ( GEOMETRIC_REPRESENTATION_CONTEXT(2) 
PARAMETRIC_REPRESENTATION_CONTEXT() REPRESENTATION_CONTEXT('2D SPACE',''
  ) );
#12507 = ADVANCED_FACE('',(#12508),#12522,.T.);
#12508 = FACE_BOUND('',#12509,.T.);
#12509 = EDGE_LOOP('',(#12510,#12540,#12563,#12586));
#12510 = ORIENTED_EDGE('',*,*,#12511,.F.);
#12511 = EDGE_CURVE('',#12512,#12514,#12516,.T.);
#12512 = VERTEX_POINT('',#12513);
#12513 = CARTESIAN_POINT('',(1.4,-8.7,85.328996309567));
#12514 = VERTEX_POINT('',#12515);
#12515 = CARTESIAN_POINT('',(1.4,-8.7,91.328996309567));
#12516 = SURFACE_CURVE('',#12517,(#12521,#12533),.PCURVE_S1.);
#12517 = LINE('',#12518,#12519);
#12518 = CARTESIAN_POINT('',(1.4,-8.7,85.328996309567));
#12519 = VECTOR('',#12520,1.);
#12520 = DIRECTION('',(0.,0.,1.));
#12521 = PCURVE('',#12522,#12527);
#12522 = PLANE('',#12523);
#12523 = AXIS2_PLACEMENT_3D('',#12524,#12525,#12526);
#12524 = CARTESIAN_POINT('',(1.4,-8.7,85.328996309567));
#12525 = DIRECTION('',(1.,0.,0.));
#12526 = DIRECTION('',(0.,0.,1.));
#12527 = DEFINITIONAL_REPRESENTATION('',(#12528),#12532);
#12528 = LINE('',#12529,#12530);
#12529 = CARTESIAN_POINT('',(0.,0.));
#12530 = VECTOR('',#12531,1.);
#12531 = DIRECTION('',(1.,0.));
#12532 = ( GEOMETRIC_REPRESENTATION_CONTEXT(2) 
PARAMETRIC_REPRESENTATION_CONTEXT() REPRESENTATION_CONTEXT('2D SPACE',''
  ) );
#12533 = PCURVE('',#12414,#12534);
#12534 = DEFINITIONAL_REPRESENTATION('',(#12535),#12539);
#12535 = LINE('',#12536,#12537);
#12536 = CARTESIAN_POINT('',(0.,2.8));
#12537 = VECTOR('',#12538,1.);
#12538 = DIRECTION('',(1.,0.));
#12539 = ( GEOMETRIC_REPRESENTATION_CONTEXT(2) 
PARAMETRIC_REPRESENTATION_CONTEXT() REPRESENTATION_CONTEXT('2D SPACE',''
  ) );
#12540 = ORIENTED_EDGE('',*,*,#12541,.T.);
#12541 = EDGE_CURVE('',#12512,#12542,#12544,.T.);
#12542 = VERTEX_POINT('',#12543);
#12543 = CARTESIAN_POINT('',(1.4,-5.9,85.328996309567));
#12544 = SURFACE_CURVE('',#12545,(#12549,#12556),.PCURVE_S1.);
#12545 = LINE('',#12546,#12547);
#12546 = CARTESIAN_POINT('',(1.4,-8.7,85.328996309567));
#12547 = VECTOR('',#12548,1.);
#12548 = DIRECTION('',(0.,1.,0.));
#12549 = PCURVE('',#12522,#12550);
#12550 = DEFINITIONAL_REPRESENTATION('',(#12551),#12555);
#12551 = LINE('',#12552,#12553);
#12552 = CARTESIAN_POINT('',(0.,0.));
#12553 = VECTOR('',#12554,1.);
#12554 = DIRECTION('',(0.,-1.));
#12555 = ( GEOMETRIC_REPRESENTATION_CONTEXT(2) 
PARAMETRIC_REPRESENTATION_CONTEXT() REPRESENTATION_CONTEXT('2D SPACE',''
  ) );
#12556 = PCURVE('',#12442,#12557);
#12557 = DEFINITIONAL_REPRESENTATION('',(#12558),#12562);
#12558 = LINE('',#12559,#12560);
#12559 = CARTESIAN_POINT('',(2.8,0.));
#12560 = VECTOR('',#12561,1.);
#12561 = DIRECTION('',(0.,1.));
#12562 = ( GEOMETRIC_REPRESENTATION_CONTEXT(2) 
PARAMETRIC_REPRESENTATION_CONTEXT() REPRESENTATION_CONTEXT('2D SPACE',''
  ) );
#12563 = ORIENTED_EDGE('',*,*,#12564,.T.);
#12564 = EDGE_CURVE('',#12542,#12565,#12567,.T.);
#12565 = VERTEX_POINT('',#12566);
#12566 = CARTESIAN_POINT('',(1.4,-5.9,91.328996309567));
#12567 = SURFACE_CURVE('',#12568,(#12572,#12579),.PCURVE_S1.);
#12568 = LINE('',#12569,#12570);
#12569 = CARTESIAN_POINT('',(1.4,-5.9,85.328996309567));
#12570 = VECTOR('',#12571,1.);
#12571 = DIRECTION('',(0.,0.,1.));
#12572 = PCURVE('',#12522,#12573);
#12573 = DEFINITIONAL_REPRESENTATION('',(#12574),#12578);
#12574 = LINE('',#12575,#12576);
#12575 = CARTESIAN_POINT('',(0.,-2.8));
#12576 = VECTOR('',#12577,1.);
#12577 = DIRECTION('',(1.,0.));
#12578 = ( GEOMETRIC_REPRESENTATION_CONTEXT(2) 
PARAMETRIC_REPRESENTATION_CONTEXT() REPRESENTATION_CONTEXT('2D SPACE',''
  ) );
#12579 = PCURVE('',#12470,#12580);
#12580 = DEFINITIONAL_REPRESENTATION('',(#12581),#12585);
#12581 = LINE('',#12582,#12583);
#12582 = CARTESIAN_POINT('',(0.,2.8));
#12583 = VECTOR('',#12584,1.);
#12584 = DIRECTION('',(1.,0.));
#12585 = ( GEOMETRIC_REPRESENTATION_CONTEXT(2) 
PARAMETRIC_REPRESENTATION_CONTEXT() REPRESENTATION_CONTEXT('2D SPACE',''
  ) );
#12586 = ORIENTED_EDGE('',*,*,#12587,.F.);
#12587 = EDGE_CURVE('',#12514,#12565,#12588,.T.);
#12588 = SURFACE_CURVE('',#12589,(#12593,#12600),.PCURVE_S1.);
#12589 = LINE('',#12590,#12591);
#12590 = CARTESIAN_POINT('',(1.4,-8.7,91.328996309567));
#12591 = VECTOR('',#12592,1.);
#12592 = DIRECTION('',(0.,1.,0.));
#12593 = PCURVE('',#12522,#12594);
#12594 = DEFINITIONAL_REPRESENTATION('',(#12595),#12599);
#12595 = LINE('',#12596,#12597);
#12596 = CARTESIAN_POINT('',(6.,0.));
#12597 = VECTOR('',#12598,1.);
#12598 = DIRECTION('',(0.,-1.));
#12599 = ( GEOMETRIC_REPRESENTATION_CONTEXT(2) 
PARAMETRIC_REPRESENTATION_CONTEXT() REPRESENTATION_CONTEXT('2D SPACE',''
  ) );
#12600 = PCURVE('',#12496,#12601);
#12601 = DEFINITIONAL_REPRESENTATION('',(#12602),#12606);
#12602 = LINE('',#12603,#12604);
#12603 = CARTESIAN_POINT('',(2.8,0.));
#12604 = VECTOR('',#12605,1.);
#12605 = DIRECTION('',(0.,1.));
#12606 = ( GEOMETRIC_REPRESENTATION_CONTEXT(2) 
PARAMETRIC_REPRESENTATION_CONTEXT() REPRESENTATION_CONTEXT('2D SPACE',''
  ) );
#12607 = ADVANCED_FACE('',(#12608),#12414,.F.);
#12608 = FACE_BOUND('',#12609,.F.);
#12609 = EDGE_LOOP('',(#12610,#12631,#12632,#12653));
#12610 = ORIENTED_EDGE('',*,*,#12611,.F.);
#12611 = EDGE_CURVE('',#12392,#12512,#12612,.T.);
#12612 = SURFACE_CURVE('',#12613,(#12617,#12624),.PCURVE_S1.);
#12613 = LINE('',#12614,#12615);
#12614 = CARTESIAN_POINT('',(-1.4,-8.7,85.328996309567));
#12615 = VECTOR('',#12616,1.);
#12616 = DIRECTION('',(1.,0.,0.));
#12617 = PCURVE('',#12414,#12618);
#12618 = DEFINITIONAL_REPRESENTATION('',(#12619),#12623);
#12619 = LINE('',#12620,#12621);
#12620 = CARTESIAN_POINT('',(0.,0.));
#12621 = VECTOR('',#12622,1.);
#12622 = DIRECTION('',(0.,1.));
#12623 = ( GEOMETRIC_REPRESENTATION_CONTEXT(2) 
PARAMETRIC_REPRESENTATION_CONTEXT() REPRESENTATION_CONTEXT('2D SPACE',''
  ) );
#12624 = PCURVE('',#12442,#12625);
#12625 = DEFINITIONAL_REPRESENTATION('',(#12626),#12630);
#12626 = LINE('',#12627,#12628);
#12627 = CARTESIAN_POINT('',(0.,0.));
#12628 = VECTOR('',#12629,1.);
#12629 = DIRECTION('',(1.,0.));
#12630 = ( GEOMETRIC_REPRESENTATION_CONTEXT(2) 
PARAMETRIC_REPRESENTATION_CONTEXT() REPRESENTATION_CONTEXT('2D SPACE',''
  ) );
#12631 = ORIENTED_EDGE('',*,*,#12391,.T.);
#12632 = ORIENTED_EDGE('',*,*,#12633,.T.);
#12633 = EDGE_CURVE('',#12394,#12514,#12634,.T.);
#12634 = SURFACE_CURVE('',#12635,(#12639,#12646),.PCURVE_S1.);
#12635 = LINE('',#12636,#12637);
#12636 = CARTESIAN_POINT('',(-1.4,-8.7,91.328996309567));
#12637 = VECTOR('',#12638,1.);
#12638 = DIRECTION('',(1.,0.,0.));
#12639 = PCURVE('',#12414,#12640);
#12640 = DEFINITIONAL_REPRESENTATION('',(#12641),#12645);
#12641 = LINE('',#12642,#12643);
#12642 = CARTESIAN_POINT('',(6.,0.));
#12643 = VECTOR('',#12644,1.);
#12644 = DIRECTION('',(0.,1.));
#12645 = ( GEOMETRIC_REPRESENTATION_CONTEXT(2) 
PARAMETRIC_REPRESENTATION_CONTEXT() REPRESENTATION_CONTEXT('2D SPACE',''
  ) );
#12646 = PCURVE('',#12496,#12647);
#12647 = DEFINITIONAL_REPRESENTATION('',(#12648),#12652);
#12648 = LINE('',#12649,#12650);
#12649 = CARTESIAN_POINT('',(0.,0.));
#12650 = VECTOR('',#12651,1.);
#12651 = DIRECTION('',(1.,0.));
#12652 = ( GEOMETRIC_REPRESENTATION_CONTEXT(2) 
PARAMETRIC_REPRESENTATION_CONTEXT() REPRESENTATION_CONTEXT('2D SPACE',''
  ) );
#12653 = ORIENTED_EDGE('',*,*,#12511,.F.);
#12654 = ADVANCED_FACE('',(#12655),#12470,.T.);
#12655 = FACE_BOUND('',#12656,.T.);
#12656 = EDGE_LOOP('',(#12657,#12678,#12679,#12700));
#12657 = ORIENTED_EDGE('',*,*,#12658,.F.);
#12658 = EDGE_CURVE('',#12427,#12542,#12659,.T.);
#12659 = SURFACE_CURVE('',#12660,(#12664,#12671),.PCURVE_S1.);
#12660 = LINE('',#12661,#12662);
#12661 = CARTESIAN_POINT('',(-1.4,-5.9,85.328996309567));
#12662 = VECTOR('',#12663,1.);
#12663 = DIRECTION('',(1.,0.,0.));
#12664 = PCURVE('',#12470,#12665);
#12665 = DEFINITIONAL_REPRESENTATION('',(#12666),#12670);
#12666 = LINE('',#12667,#12668);
#12667 = CARTESIAN_POINT('',(0.,0.));
#12668 = VECTOR('',#12669,1.);
#12669 = DIRECTION('',(0.,1.));
#12670 = ( GEOMETRIC_REPRESENTATION_CONTEXT(2) 
PARAMETRIC_REPRESENTATION_CONTEXT() REPRESENTATION_CONTEXT('2D SPACE',''
  ) );
#12671 = PCURVE('',#12442,#12672);
#12672 = DEFINITIONAL_REPRESENTATION('',(#12673),#12677);
#12673 = LINE('',#12674,#12675);
#12674 = CARTESIAN_POINT('',(0.,2.8));
#12675 = VECTOR('',#12676,1.);
#12676 = DIRECTION('',(1.,0.));
#12677 = ( GEOMETRIC_REPRESENTATION_CONTEXT(2) 
PARAMETRIC_REPRESENTATION_CONTEXT() REPRESENTATION_CONTEXT('2D SPACE',''
  ) );
#12678 = ORIENTED_EDGE('',*,*,#12454,.T.);
#12679 = ORIENTED_EDGE('',*,*,#12680,.T.);
#12680 = EDGE_CURVE('',#12455,#12565,#12681,.T.);
#12681 = SURFACE_CURVE('',#12682,(#12686,#12693),.PCURVE_S1.);
#12682 = LINE('',#12683,#12684);
#12683 = CARTESIAN_POINT('',(-1.4,-5.9,91.328996309567));
#12684 = VECTOR('',#12685,1.);
#12685 = DIRECTION('',(1.,0.,0.));
#12686 = PCURVE('',#12470,#12687);
#12687 = DEFINITIONAL_REPRESENTATION('',(#12688),#12692);
#12688 = LINE('',#12689,#12690);
#12689 = CARTESIAN_POINT('',(6.,0.));
#12690 = VECTOR('',#12691,1.);
#12691 = DIRECTION('',(0.,1.));
#12692 = ( GEOMETRIC_REPRESENTATION_CONTEXT(2) 
PARAMETRIC_REPRESENTATION_CONTEXT() REPRESENTATION_CONTEXT('2D SPACE',''
  ) );
#12693 = PCURVE('',#12496,#12694);
#12694 = DEFINITIONAL_REPRESENTATION('',(#12695),#12699);
#12695 = LINE('',#12696,#12697);
#12696 = CARTESIAN_POINT('',(0.,2.8));
#12697 = VECTOR('',#12698,1.);
#12698 = DIRECTION('',(1.,0.));
#12699 = ( GEOMETRIC_REPRESENTATION_CONTEXT(2) 
PARAMETRIC_REPRESENTATION_CONTEXT() REPRESENTATION_CONTEXT('2D SPACE',''
  ) );
#12700 = ORIENTED_EDGE('',*,*,#12564,.F.);
#12701 = ADVANCED_FACE('',(#12702),#12442,.F.);
#12702 = FACE_BOUND('',#12703,.F.);
#12703 = EDGE_LOOP('',(#12704,#12705,#12706,#12707));
#12704 = ORIENTED_EDGE('',*,*,#12426,.F.);
#12705 = ORIENTED_EDGE('',*,*,#12611,.T.);
#12706 = ORIENTED_EDGE('',*,*,#12541,.T.);
#12707 = ORIENTED_EDGE('',*,*,#12658,.F.);
#12708 = ADVANCED_FACE('',(#12709),#12496,.T.);
#12709 = FACE_BOUND('',#12710,.T.);
#12710 = EDGE_LOOP('',(#12711,#12712,#12713,#12714));
#12711 = ORIENTED_EDGE('',*,*,#12482,.F.);
#12712 = ORIENTED_EDGE('',*,*,#12633,.T.);
#12713 = ORIENTED_EDGE('',*,*,#12587,.T.);
#12714 = ORIENTED_EDGE('',*,*,#12680,.F.);
#12715 = ( GEOMETRIC_REPRESENTATION_CONTEXT(3) 
GLOBAL_UNCERTAINTY_ASSIGNED_CONTEXT((#12719)) 
GLOBAL_UNIT_ASSIGNED_CONTEXT((#12716,#12717,#12718)) 
REPRESENTATION_CONTEXT('Context #1',
  '3D Context with UNIT and UNCERTAINTY') );
#12716 = ( LENGTH_UNIT() NAMED_UNIT(*) SI_UNIT(.MILLI.,.METRE.) );
#12717 = ( NAMED_UNIT(*) PLANE_ANGLE_UNIT() SI_UNIT($,.RADIAN.) );
#12718 = ( NAMED_UNIT(*) SI_UNIT($,.STERADIAN.) SOLID_ANGLE_UNIT() );
#12719 = UNCERTAINTY_MEASURE_WITH_UNIT(LENGTH_MEASURE(1.E-07),#12716,
  'distance_accuracy_value','confusion accuracy');
#12720 = CONTEXT_DEPENDENT_SHAPE_REPRESENTATION(#12721,#12723);
#12721 = ( REPRESENTATION_RELATIONSHIP('','',#12384,#10) 
REPRESENTATION_RELATIONSHIP_WITH_TRANSFORMATION(#12722) 
SHAPE_REPRESENTATION_RELATIONSHIP() );
#12722 = ITEM_DEFINED_TRANSFORMATION('','',#11,#199);
#12723 = PRODUCT_DEFINITION_SHAPE('Placement','Placement of an item',
  #12724);
#12724 = NEXT_ASSEMBLY_USAGE_OCCURRENCE('101','head_follower_motor','',
  #5,#12379,$);
#12725 = PRODUCT_RELATED_PRODUCT_CATEGORY('part',$,(#12381));
#12726 = SHAPE_DEFINITION_REPRESENTATION(#12727,#12733);
#12727 = PRODUCT_DEFINITION_SHAPE('','',#12728);
#12728 = PRODUCT_DEFINITION('design','',#12729,#12732);
#12729 = PRODUCT_DEFINITION_FORMATION('','',#12730);
#12730 = PRODUCT('head_flex','head_flex','',(#12731));
#12731 = PRODUCT_CONTEXT('',#2,'mechanical');
#12732 = PRODUCT_DEFINITION_CONTEXT('part definition',#2,'design');
#12733 = ADVANCED_BREP_SHAPE_REPRESENTATION('',(#11,#12734),#13064);
#12734 = MANIFOLD_SOLID_BREP('',#12735);
#12735 = CLOSED_SHELL('',(#12736,#12856,#12956,#13003,#13050,#13057));
#12736 = ADVANCED_FACE('',(#12737),#12751,.F.);
#12737 = FACE_BOUND('',#12738,.F.);
#12738 = EDGE_LOOP('',(#12739,#12774,#12802,#12830));
#12739 = ORIENTED_EDGE('',*,*,#12740,.F.);
#12740 = EDGE_CURVE('',#12741,#12743,#12745,.T.);
#12741 = VERTEX_POINT('',#12742);
#12742 = CARTESIAN_POINT('',(7.35,-4.,85.328996309567));
#12743 = VERTEX_POINT('',#12744);
#12744 = CARTESIAN_POINT('',(7.35,-4.,91.328996309567));
#12745 = SURFACE_CURVE('',#12746,(#12750,#12762),.PCURVE_S1.);
#12746 = LINE('',#12747,#12748);
#12747 = CARTESIAN_POINT('',(7.35,-4.,85.328996309567));
#12748 = VECTOR('',#12749,1.);
#12749 = DIRECTION('',(0.,0.,1.));
#12750 = PCURVE('',#12751,#12756);
#12751 = PLANE('',#12752);
#12752 = AXIS2_PLACEMENT_3D('',#12753,#12754,#12755);
#12753 = CARTESIAN_POINT('',(7.35,-4.,85.328996309567));
#12754 = DIRECTION('',(1.,0.,0.));
#12755 = DIRECTION('',(0.,0.,1.));
#12756 = DEFINITIONAL_REPRESENTATION('',(#12757),#12761);
#12757 = LINE('',#12758,#12759);
#12758 = CARTESIAN_POINT('',(0.,0.));
#12759 = VECTOR('',#12760,1.);
#12760 = DIRECTION('',(1.,0.));
#12761 = ( GEOMETRIC_REPRESENTATION_CONTEXT(2) 
PARAMETRIC_REPRESENTATION_CONTEXT() REPRESENTATION_CONTEXT('2D SPACE',''
  ) );
#12762 = PCURVE('',#12763,#12768);
#12763 = PLANE('',#12764);
#12764 = AXIS2_PLACEMENT_3D('',#12765,#12766,#12767);
#12765 = CARTESIAN_POINT('',(7.35,-4.,85.328996309567));
#12766 = DIRECTION('',(0.,1.,0.));
#12767 = DIRECTION('',(0.,0.,1.));
#12768 = DEFINITIONAL_REPRESENTATION('',(#12769),#12773);
#12769 = LINE('',#12770,#12771);
#12770 = CARTESIAN_POINT('',(0.,0.));
#12771 = VECTOR('',#12772,1.);
#12772 = DIRECTION('',(1.,0.));
#12773 = ( GEOMETRIC_REPRESENTATION_CONTEXT(2) 
PARAMETRIC_REPRESENTATION_CONTEXT() REPRESENTATION_CONTEXT('2D SPACE',''
  ) );
#12774 = ORIENTED_EDGE('',*,*,#12775,.T.);
#12775 = EDGE_CURVE('',#12741,#12776,#12778,.T.);
#12776 = VERTEX_POINT('',#12777);
#12777 = CARTESIAN_POINT('',(7.35,4.,85.328996309567));
#12778 = SURFACE_CURVE('',#12779,(#12783,#12790),.PCURVE_S1.);
#12779 = LINE('',#12780,#12781);
#12780 = CARTESIAN_POINT('',(7.35,-4.,85.328996309567));
#12781 = VECTOR('',#12782,1.);
#12782 = DIRECTION('',(0.,1.,0.));
#12783 = PCURVE('',#12751,#12784);
#12784 = DEFINITIONAL_REPRESENTATION('',(#12785),#12789);
#12785 = LINE('',#12786,#12787);
#12786 = CARTESIAN_POINT('',(0.,0.));
#12787 = VECTOR('',#12788,1.);
#12788 = DIRECTION('',(0.,-1.));
#12789 = ( GEOMETRIC_REPRESENTATION_CONTEXT(2) 
PARAMETRIC_REPRESENTATION_CONTEXT() REPRESENTATION_CONTEXT('2D SPACE',''
  ) );
#12790 = PCURVE('',#12791,#12796);
#12791 = PLANE('',#12792);
#12792 = AXIS2_PLACEMENT_3D('',#12793,#12794,#12795);
#12793 = CARTESIAN_POINT('',(7.35,-4.,85.328996309567));
#12794 = DIRECTION('',(0.,0.,1.));
#12795 = DIRECTION('',(1.,0.,0.));
#12796 = DEFINITIONAL_REPRESENTATION('',(#12797),#12801);
#12797 = LINE('',#12798,#12799);
#12798 = CARTESIAN_POINT('',(0.,0.));
#12799 = VECTOR('',#12800,1.);
#12800 = DIRECTION('',(0.,1.));
#12801 = ( GEOMETRIC_REPRESENTATION_CONTEXT(2) 
PARAMETRIC_REPRESENTATION_CONTEXT() REPRESENTATION_CONTEXT('2D SPACE',''
  ) );
#12802 = ORIENTED_EDGE('',*,*,#12803,.T.);
#12803 = EDGE_CURVE('',#12776,#12804,#12806,.T.);
#12804 = VERTEX_POINT('',#12805);
#12805 = CARTESIAN_POINT('',(7.35,4.,91.328996309567));
#12806 = SURFACE_CURVE('',#12807,(#12811,#12818),.PCURVE_S1.);
#12807 = LINE('',#12808,#12809);
#12808 = CARTESIAN_POINT('',(7.35,4.,85.328996309567));
#12809 = VECTOR('',#12810,1.);
#12810 = DIRECTION('',(0.,0.,1.));
#12811 = PCURVE('',#12751,#12812);
#12812 = DEFINITIONAL_REPRESENTATION('',(#12813),#12817);
#12813 = LINE('',#12814,#12815);
#12814 = CARTESIAN_POINT('',(0.,-8.));
#12815 = VECTOR('',#12816,1.);
#12816 = DIRECTION('',(1.,0.));
#12817 = ( GEOMETRIC_REPRESENTATION_CONTEXT(2) 
PARAMETRIC_REPRESENTATION_CONTEXT() REPRESENTATION_CONTEXT('2D SPACE',''
  ) );
#12818 = PCURVE('',#12819,#12824);
#12819 = PLANE('',#12820);
#12820 = AXIS2_PLACEMENT_3D('',#12821,#12822,#12823);
#12821 = CARTESIAN_POINT('',(7.35,4.,85.328996309567));
#12822 = DIRECTION('',(0.,1.,0.));
#12823 = DIRECTION('',(0.,0.,1.));
#12824 = DEFINITIONAL_REPRESENTATION('',(#12825),#12829);
#12825 = LINE('',#12826,#12827);
#12826 = CARTESIAN_POINT('',(0.,0.));
#12827 = VECTOR('',#12828,1.);
#12828 = DIRECTION('',(1.,0.));
#12829 = ( GEOMETRIC_REPRESENTATION_CONTEXT(2) 
PARAMETRIC_REPRESENTATION_CONTEXT() REPRESENTATION_CONTEXT('2D SPACE',''
  ) );
#12830 = ORIENTED_EDGE('',*,*,#12831,.F.);
#12831 = EDGE_CURVE('',#12743,#12804,#12832,.T.);
#12832 = SURFACE_CURVE('',#12833,(#12837,#12844),.PCURVE_S1.);
#12833 = LINE('',#12834,#12835);
#12834 = CARTESIAN_POINT('',(7.35,-4.,91.328996309567));
#12835 = VECTOR('',#12836,1.);
#12836 = DIRECTION('',(0.,1.,0.));
#12837 = PCURVE('',#12751,#12838);
#12838 = DEFINITIONAL_REPRESENTATION('',(#12839),#12843);
#12839 = LINE('',#12840,#12841);
#12840 = CARTESIAN_POINT('',(6.,0.));
#12841 = VECTOR('',#12842,1.);
#12842 = DIRECTION('',(0.,-1.));
#12843 = ( GEOMETRIC_REPRESENTATION_CONTEXT(2) 
PARAMETRIC_REPRESENTATION_CONTEXT() REPRESENTATION_CONTEXT('2D SPACE',''
  ) );
#12844 = PCURVE('',#12845,#12850);
#12845 = PLANE('',#12846);
#12846 = AXIS2_PLACEMENT_3D('',#12847,#12848,#12849);
#12847 = CARTESIAN_POINT('',(7.35,-4.,91.328996309567));
#12848 = DIRECTION('',(0.,0.,1.));
#12849 = DIRECTION('',(1.,0.,0.));
#12850 = DEFINITIONAL_REPRESENTATION('',(#12851),#12855);
#12851 = LINE('',#12852,#12853);
#12852 = CARTESIAN_POINT('',(0.,0.));
#12853 = VECTOR('',#12854,1.);
#12854 = DIRECTION('',(0.,1.));
#12855 = ( GEOMETRIC_REPRESENTATION_CONTEXT(2) 
PARAMETRIC_REPRESENTATION_CONTEXT() REPRESENTATION_CONTEXT('2D SPACE',''
  ) );
#12856 = ADVANCED_FACE('',(#12857),#12871,.T.);
#12857 = FACE_BOUND('',#12858,.T.);
#12858 = EDGE_LOOP('',(#12859,#12889,#12912,#12935));
#12859 = ORIENTED_EDGE('',*,*,#12860,.F.);
#12860 = EDGE_CURVE('',#12861,#12863,#12865,.T.);
#12861 = VERTEX_POINT('',#12862);
#12862 = CARTESIAN_POINT('',(7.65,-4.,85.328996309567));
#12863 = VERTEX_POINT('',#12864);
#12864 = CARTESIAN_POINT('',(7.65,-4.,91.328996309567));
#12865 = SURFACE_CURVE('',#12866,(#12870,#12882),.PCURVE_S1.);
#12866 = LINE('',#12867,#12868);
#12867 = CARTESIAN_POINT('',(7.65,-4.,85.328996309567));
#12868 = VECTOR('',#12869,1.);
#12869 = DIRECTION('',(0.,0.,1.));
#12870 = PCURVE('',#12871,#12876);
#12871 = PLANE('',#12872);
#12872 = AXIS2_PLACEMENT_3D('',#12873,#12874,#12875);
#12873 = CARTESIAN_POINT('',(7.65,-4.,85.328996309567));
#12874 = DIRECTION('',(1.,0.,0.));
#12875 = DIRECTION('',(0.,0.,1.));
#12876 = DEFINITIONAL_REPRESENTATION('',(#12877),#12881);
#12877 = LINE('',#12878,#12879);
#12878 = CARTESIAN_POINT('',(0.,0.));
#12879 = VECTOR('',#12880,1.);
#12880 = DIRECTION('',(1.,0.));
#12881 = ( GEOMETRIC_REPRESENTATION_CONTEXT(2) 
PARAMETRIC_REPRESENTATION_CONTEXT() REPRESENTATION_CONTEXT('2D SPACE',''
  ) );
#12882 = PCURVE('',#12763,#12883);
#12883 = DEFINITIONAL_REPRESENTATION('',(#12884),#12888);
#12884 = LINE('',#12885,#12886);
#12885 = CARTESIAN_POINT('',(0.,0.3));
#12886 = VECTOR('',#12887,1.);
#12887 = DIRECTION('',(1.,0.));
#12888 = ( GEOMETRIC_REPRESENTATION_CONTEXT(2) 
PARAMETRIC_REPRESENTATION_CONTEXT() REPRESENTATION_CONTEXT('2D SPACE',''
  ) );
#12889 = ORIENTED_EDGE('',*,*,#12890,.T.);
#12890 = EDGE_CURVE('',#12861,#12891,#12893,.T.);
#12891 = VERTEX_POINT('',#12892);
#12892 = CARTESIAN_POINT('',(7.65,4.,85.328996309567));
#12893 = SURFACE_CURVE('',#12894,(#12898,#12905),.PCURVE_S1.);
#12894 = LINE('',#12895,#12896);
#12895 = CARTESIAN_POINT('',(7.65,-4.,85.328996309567));
#12896 = VECTOR('',#12897,1.);
#12897 = DIRECTION('',(0.,1.,0.));
#12898 = PCURVE('',#12871,#12899);
#12899 = DEFINITIONAL_REPRESENTATION('',(#12900),#12904);
#12900 = LINE('',#12901,#12902);
#12901 = CARTESIAN_POINT('',(0.,0.));
#12902 = VECTOR('',#12903,1.);
#12903 = DIRECTION('',(0.,-1.));
#12904 = ( GEOMETRIC_REPRESENTATION_CONTEXT(2) 
PARAMETRIC_REPRESENTATION_CONTEXT() REPRESENTATION_CONTEXT('2D SPACE',''
  ) );
#12905 = PCURVE('',#12791,#12906);
#12906 = DEFINITIONAL_REPRESENTATION('',(#12907),#12911);
#12907 = LINE('',#12908,#12909);
#12908 = CARTESIAN_POINT('',(0.3,0.));
#12909 = VECTOR('',#12910,1.);
#12910 = DIRECTION('',(0.,1.));
#12911 = ( GEOMETRIC_REPRESENTATION_CONTEXT(2) 
PARAMETRIC_REPRESENTATION_CONTEXT() REPRESENTATION_CONTEXT('2D SPACE',''
  ) );
#12912 = ORIENTED_EDGE('',*,*,#12913,.T.);
#12913 = EDGE_CURVE('',#12891,#12914,#12916,.T.);
#12914 = VERTEX_POINT('',#12915);
#12915 = CARTESIAN_POINT('',(7.65,4.,91.328996309567));
#12916 = SURFACE_CURVE('',#12917,(#12921,#12928),.PCURVE_S1.);
#12917 = LINE('',#12918,#12919);
#12918 = CARTESIAN_POINT('',(7.65,4.,85.328996309567));
#12919 = VECTOR('',#12920,1.);
#12920 = DIRECTION('',(0.,0.,1.));
#12921 = PCURVE('',#12871,#12922);
#12922 = DEFINITIONAL_REPRESENTATION('',(#12923),#12927);
#12923 = LINE('',#12924,#12925);
#12924 = CARTESIAN_POINT('',(0.,-8.));
#12925 = VECTOR('',#12926,1.);
#12926 = DIRECTION('',(1.,0.));
#12927 = ( GEOMETRIC_REPRESENTATION_CONTEXT(2) 
PARAMETRIC_REPRESENTATION_CONTEXT() REPRESENTATION_CONTEXT('2D SPACE',''
  ) );
#12928 = PCURVE('',#12819,#12929);
#12929 = DEFINITIONAL_REPRESENTATION('',(#12930),#12934);
#12930 = LINE('',#12931,#12932);
#12931 = CARTESIAN_POINT('',(0.,0.3));
#12932 = VECTOR('',#12933,1.);
#12933 = DIRECTION('',(1.,0.));
#12934 = ( GEOMETRIC_REPRESENTATION_CONTEXT(2) 
PARAMETRIC_REPRESENTATION_CONTEXT() REPRESENTATION_CONTEXT('2D SPACE',''
  ) );
#12935 = ORIENTED_EDGE('',*,*,#12936,.F.);
#12936 = EDGE_CURVE('',#12863,#12914,#12937,.T.);
#12937 = SURFACE_CURVE('',#12938,(#12942,#12949),.PCURVE_S1.);
#12938 = LINE('',#12939,#12940);
#12939 = CARTESIAN_POINT('',(7.65,-4.,91.328996309567));
#12940 = VECTOR('',#12941,1.);
#12941 = DIRECTION('',(0.,1.,0.));
#12942 = PCURVE('',#12871,#12943);
#12943 = DEFINITIONAL_REPRESENTATION('',(#12944),#12948);
#12944 = LINE('',#12945,#12946);
#12945 = CARTESIAN_POINT('',(6.,0.));
#12946 = VECTOR('',#12947,1.);
#12947 = DIRECTION('',(0.,-1.));
#12948 = ( GEOMETRIC_REPRESENTATION_CONTEXT(2) 
PARAMETRIC_REPRESENTATION_CONTEXT() REPRESENTATION_CONTEXT('2D SPACE',''
  ) );
#12949 = PCURVE('',#12845,#12950);
#12950 = DEFINITIONAL_REPRESENTATION('',(#12951),#12955);
#12951 = LINE('',#12952,#12953);
#12952 = CARTESIAN_POINT('',(0.3,0.));
#12953 = VECTOR('',#12954,1.);
#12954 = DIRECTION('',(0.,1.));
#12955 = ( GEOMETRIC_REPRESENTATION_CONTEXT(2) 
PARAMETRIC_REPRESENTATION_CONTEXT() REPRESENTATION_CONTEXT('2D SPACE',''
  ) );
#12956 = ADVANCED_FACE('',(#12957),#12763,.F.);
#12957 = FACE_BOUND('',#12958,.F.);
#12958 = EDGE_LOOP('',(#12959,#12980,#12981,#13002));
#12959 = ORIENTED_EDGE('',*,*,#12960,.F.);
#12960 = EDGE_CURVE('',#12741,#12861,#12961,.T.);
#12961 = SURFACE_CURVE('',#12962,(#12966,#12973),.PCURVE_S1.);
#12962 = LINE('',#12963,#12964);
#12963 = CARTESIAN_POINT('',(7.35,-4.,85.328996309567));
#12964 = VECTOR('',#12965,1.);
#12965 = DIRECTION('',(1.,0.,0.));
#12966 = PCURVE('',#12763,#12967);
#12967 = DEFINITIONAL_REPRESENTATION('',(#12968),#12972);
#12968 = LINE('',#12969,#12970);
#12969 = CARTESIAN_POINT('',(0.,0.));
#12970 = VECTOR('',#12971,1.);
#12971 = DIRECTION('',(0.,1.));
#12972 = ( GEOMETRIC_REPRESENTATION_CONTEXT(2) 
PARAMETRIC_REPRESENTATION_CONTEXT() REPRESENTATION_CONTEXT('2D SPACE',''
  ) );
#12973 = PCURVE('',#12791,#12974);
#12974 = DEFINITIONAL_REPRESENTATION('',(#12975),#12979);
#12975 = LINE('',#12976,#12977);
#12976 = CARTESIAN_POINT('',(0.,0.));
#12977 = VECTOR('',#12978,1.);
#12978 = DIRECTION('',(1.,0.));
#12979 = ( GEOMETRIC_REPRESENTATION_CONTEXT(2) 
PARAMETRIC_REPRESENTATION_CONTEXT() REPRESENTATION_CONTEXT('2D SPACE',''
  ) );
#12980 = ORIENTED_EDGE('',*,*,#12740,.T.);
#12981 = ORIENTED_EDGE('',*,*,#12982,.T.);
#12982 = EDGE_CURVE('',#12743,#12863,#12983,.T.);
#12983 = SURFACE_CURVE('',#12984,(#12988,#12995),.PCURVE_S1.);
#12984 = LINE('',#12985,#12986);
#12985 = CARTESIAN_POINT('',(7.35,-4.,91.328996309567));
#12986 = VECTOR('',#12987,1.);
#12987 = DIRECTION('',(1.,0.,0.));
#12988 = PCURVE('',#12763,#12989);
#12989 = DEFINITIONAL_REPRESENTATION('',(#12990),#12994);
#12990 = LINE('',#12991,#12992);
#12991 = CARTESIAN_POINT('',(6.,0.));
#12992 = VECTOR('',#12993,1.);
#12993 = DIRECTION('',(0.,1.));
#12994 = ( GEOMETRIC_REPRESENTATION_CONTEXT(2) 
PARAMETRIC_REPRESENTATION_CONTEXT() REPRESENTATION_CONTEXT('2D SPACE',''
  ) );
#12995 = PCURVE('',#12845,#12996);
#12996 = DEFINITIONAL_REPRESENTATION('',(#12997),#13001);
#12997 = LINE('',#12998,#12999);
#12998 = CARTESIAN_POINT('',(0.,0.));
#12999 = VECTOR('',#13000,1.);
#13000 = DIRECTION('',(1.,0.));
#13001 = ( GEOMETRIC_REPRESENTATION_CONTEXT(2) 
PARAMETRIC_REPRESENTATION_CONTEXT() REPRESENTATION_CONTEXT('2D SPACE',''
  ) );
#13002 = ORIENTED_EDGE('',*,*,#12860,.F.);
#13003 = ADVANCED_FACE('',(#13004),#12819,.T.);
#13004 = FACE_BOUND('',#13005,.T.);
#13005 = EDGE_LOOP('',(#13006,#13027,#13028,#13049));
#13006 = ORIENTED_EDGE('',*,*,#13007,.F.);
#13007 = EDGE_CURVE('',#12776,#12891,#13008,.T.);
#13008 = SURFACE_CURVE('',#13009,(#13013,#13020),.PCURVE_S1.);
#13009 = LINE('',#13010,#13011);
#13010 = CARTESIAN_POINT('',(7.35,4.,85.328996309567));
#13011 = VECTOR('',#13012,1.);
#13012 = DIRECTION('',(1.,0.,0.));
#13013 = PCURVE('',#12819,#13014);
#13014 = DEFINITIONAL_REPRESENTATION('',(#13015),#13019);
#13015 = LINE('',#13016,#13017);
#13016 = CARTESIAN_POINT('',(0.,0.));
#13017 = VECTOR('',#13018,1.);
#13018 = DIRECTION('',(0.,1.));
#13019 = ( GEOMETRIC_REPRESENTATION_CONTEXT(2) 
PARAMETRIC_REPRESENTATION_CONTEXT() REPRESENTATION_CONTEXT('2D SPACE',''
  ) );
#13020 = PCURVE('',#12791,#13021);
#13021 = DEFINITIONAL_REPRESENTATION('',(#13022),#13026);
#13022 = LINE('',#13023,#13024);
#13023 = CARTESIAN_POINT('',(0.,8.));
#13024 = VECTOR('',#13025,1.);
#13025 = DIRECTION('',(1.,0.));
#13026 = ( GEOMETRIC_REPRESENTATION_CONTEXT(2) 
PARAMETRIC_REPRESENTATION_CONTEXT() REPRESENTATION_CONTEXT('2D SPACE',''
  ) );
#13027 = ORIENTED_EDGE('',*,*,#12803,.T.);
#13028 = ORIENTED_EDGE('',*,*,#13029,.T.);
#13029 = EDGE_CURVE('',#12804,#12914,#13030,.T.);
#13030 = SURFACE_CURVE('',#13031,(#13035,#13042),.PCURVE_S1.);
#13031 = LINE('',#13032,#13033);
#13032 = CARTESIAN_POINT('',(7.35,4.,91.328996309567));
#13033 = VECTOR('',#13034,1.);
#13034 = DIRECTION('',(1.,0.,0.));
#13035 = PCURVE('',#12819,#13036);
#13036 = DEFINITIONAL_REPRESENTATION('',(#13037),#13041);
#13037 = LINE('',#13038,#13039);
#13038 = CARTESIAN_POINT('',(6.,0.));
#13039 = VECTOR('',#13040,1.);
#13040 = DIRECTION('',(0.,1.));
#13041 = ( GEOMETRIC_REPRESENTATION_CONTEXT(2) 
PARAMETRIC_REPRESENTATION_CONTEXT() REPRESENTATION_CONTEXT('2D SPACE',''
  ) );
#13042 = PCURVE('',#12845,#13043);
#13043 = DEFINITIONAL_REPRESENTATION('',(#13044),#13048);
#13044 = LINE('',#13045,#13046);
#13045 = CARTESIAN_POINT('',(0.,8.));
#13046 = VECTOR('',#13047,1.);
#13047 = DIRECTION('',(1.,0.));
#13048 = ( GEOMETRIC_REPRESENTATION_CONTEXT(2) 
PARAMETRIC_REPRESENTATION_CONTEXT() REPRESENTATION_CONTEXT('2D SPACE',''
  ) );
#13049 = ORIENTED_EDGE('',*,*,#12913,.F.);
#13050 = ADVANCED_FACE('',(#13051),#12791,.F.);
#13051 = FACE_BOUND('',#13052,.F.);
#13052 = EDGE_LOOP('',(#13053,#13054,#13055,#13056));
#13053 = ORIENTED_EDGE('',*,*,#12775,.F.);
#13054 = ORIENTED_EDGE('',*,*,#12960,.T.);
#13055 = ORIENTED_EDGE('',*,*,#12890,.T.);
#13056 = ORIENTED_EDGE('',*,*,#13007,.F.);
#13057 = ADVANCED_FACE('',(#13058),#12845,.T.);
#13058 = FACE_BOUND('',#13059,.T.);
#13059 = EDGE_LOOP('',(#13060,#13061,#13062,#13063));
#13060 = ORIENTED_EDGE('',*,*,#12831,.F.);
#13061 = ORIENTED_EDGE('',*,*,#12982,.T.);
#13062 = ORIENTED_EDGE('',*,*,#12936,.T.);
#13063 = ORIENTED_EDGE('',*,*,#13029,.F.);
#13064 = ( GEOMETRIC_REPRESENTATION_CONTEXT(3) 
GLOBAL_UNCERTAINTY_ASSIGNED_CONTEXT((#13068)) 
GLOBAL_UNIT_ASSIGNED_CONTEXT((#13065,#13066,#13067)) 
REPRESENTATION_CONTEXT('Context #1',
  '3D Context with UNIT and UNCERTAINTY') );
#13065 = ( LENGTH_UNIT() NAMED_UNIT(*) SI_UNIT(.MILLI.,.METRE.) );
#13066 = ( NAMED_UNIT(*) PLANE_ANGLE_UNIT() SI_UNIT($,.RADIAN.) );
#13067 = ( NAMED_UNIT(*) SI_UNIT($,.STERADIAN.) SOLID_ANGLE_UNIT() );
#13068 = UNCERTAINTY_MEASURE_WITH_UNIT(LENGTH_MEASURE(1.E-07),#13065,
  'distance_accuracy_value','confusion accuracy');
#13069 = CONTEXT_DEPENDENT_SHAPE_REPRESENTATION(#13070,#13072);
#13070 = ( REPRESENTATION_RELATIONSHIP('','',#12733,#10) 
REPRESENTATION_RELATIONSHIP_WITH_TRANSFORMATION(#13071) 
SHAPE_REPRESENTATION_RELATIONSHIP() );
#13071 = ITEM_DEFINED_TRANSFORMATION('','',#11,#203);
#13072 = PRODUCT_DEFINITION_SHAPE('Placement','Placement of an item',
  #13073);
#13073 = NEXT_ASSEMBLY_USAGE_OCCURRENCE('102','head_flex','',#5,#12728,$
  );
#13074 = PRODUCT_RELATED_PRODUCT_CATEGORY('part',$,(#12730));
#13075 = SHAPE_DEFINITION_REPRESENTATION(#13076,#13082);
#13076 = PRODUCT_DEFINITION_SHAPE('','',#13077);
#13077 = PRODUCT_DEFINITION('design','',#13078,#13081);
#13078 = PRODUCT_DEFINITION_FORMATION('','',#13079);
#13079 = PRODUCT('bulkhead','bulkhead','',(#13080));
#13080 = PRODUCT_CONTEXT('',#2,'mechanical');
#13081 = PRODUCT_DEFINITION_CONTEXT('part definition',#2,'design');
#13082 = ADVANCED_BREP_SHAPE_REPRESENTATION('',(#11,#13083),#13181);
#13083 = MANIFOLD_SOLID_BREP('',#13084);
#13084 = CLOSED_SHELL('',(#13085,#13173,#13177));
#13085 = ADVANCED_FACE('',(#13086),#13100,.T.);
#13086 = FACE_BOUND('',#13087,.F.);
#13087 = EDGE_LOOP('',(#13088,#13118,#13145,#13146));
#13088 = ORIENTED_EDGE('',*,*,#13089,.T.);
#13089 = EDGE_CURVE('',#13090,#13092,#13094,.T.);
#13090 = VERTEX_POINT('',#13091);
#13091 = CARTESIAN_POINT('',(10.9,0.,91.828996309567));
#13092 = VERTEX_POINT('',#13093);
#13093 = CARTESIAN_POINT('',(10.9,0.,92.628996309567));
#13094 = SEAM_CURVE('',#13095,(#13099,#13111),.PCURVE_S1.);
#13095 = LINE('',#13096,#13097);
#13096 = CARTESIAN_POINT('',(10.9,0.,91.828996309567));
#13097 = VECTOR('',#13098,1.);
#13098 = DIRECTION('',(0.,0.,1.));
#13099 = PCURVE('',#13100,#13105);
#13100 = CYLINDRICAL_SURFACE('',#13101,10.9);
#13101 = AXIS2_PLACEMENT_3D('',#13102,#13103,#13104);
#13102 = CARTESIAN_POINT('',(0.,0.,91.828996309567));
#13103 = DIRECTION('',(-0.,-0.,-1.));
#13104 = DIRECTION('',(1.,0.,0.));
#13105 = DEFINITIONAL_REPRESENTATION('',(#13106),#13110);
#13106 = LINE('',#13107,#13108);
#13107 = CARTESIAN_POINT('',(-0.,0.));
#13108 = VECTOR('',#13109,1.);
#13109 = DIRECTION('',(-0.,-1.));
#13110 = ( GEOMETRIC_REPRESENTATION_CONTEXT(2) 
PARAMETRIC_REPRESENTATION_CONTEXT() REPRESENTATION_CONTEXT('2D SPACE',''
  ) );
#13111 = PCURVE('',#13100,#13112);
#13112 = DEFINITIONAL_REPRESENTATION('',(#13113),#13117);
#13113 = LINE('',#13114,#13115);
#13114 = CARTESIAN_POINT('',(-6.28318530718,0.));
#13115 = VECTOR('',#13116,1.);
#13116 = DIRECTION('',(-0.,-1.));
#13117 = ( GEOMETRIC_REPRESENTATION_CONTEXT(2) 
PARAMETRIC_REPRESENTATION_CONTEXT() REPRESENTATION_CONTEXT('2D SPACE',''
  ) );
#13118 = ORIENTED_EDGE('',*,*,#13119,.T.);
#13119 = EDGE_CURVE('',#13092,#13092,#13120,.T.);
#13120 = SURFACE_CURVE('',#13121,(#13126,#13133),.PCURVE_S1.);
#13121 = CIRCLE('',#13122,10.9);
#13122 = AXIS2_PLACEMENT_3D('',#13123,#13124,#13125);
#13123 = CARTESIAN_POINT('',(0.,0.,92.628996309567));
#13124 = DIRECTION('',(0.,0.,1.));
#13125 = DIRECTION('',(1.,0.,0.));
#13126 = PCURVE('',#13100,#13127);
#13127 = DEFINITIONAL_REPRESENTATION('',(#13128),#13132);
#13128 = LINE('',#13129,#13130);
#13129 = CARTESIAN_POINT('',(-0.,-0.8));
#13130 = VECTOR('',#13131,1.);
#13131 = DIRECTION('',(-1.,0.));
#13132 = ( GEOMETRIC_REPRESENTATION_CONTEXT(2) 
PARAMETRIC_REPRESENTATION_CONTEXT() REPRESENTATION_CONTEXT('2D SPACE',''
  ) );
#13133 = PCURVE('',#13134,#13139);
#13134 = PLANE('',#13135);
#13135 = AXIS2_PLACEMENT_3D('',#13136,#13137,#13138);
#13136 = CARTESIAN_POINT('',(0.,5.586707816598E-16,92.628996309567));
#13137 = DIRECTION('',(0.,0.,1.));
#13138 = DIRECTION('',(1.,0.,-0.));
#13139 = DEFINITIONAL_REPRESENTATION('',(#13140),#13144);
#13140 = CIRCLE('',#13141,10.9);
#13141 = AXIS2_PLACEMENT_2D('',#13142,#13143);
#13142 = CARTESIAN_POINT('',(0.,-5.586707816598E-16));
#13143 = DIRECTION('',(1.,0.));
#13144 = ( GEOMETRIC_REPRESENTATION_CONTEXT(2) 
PARAMETRIC_REPRESENTATION_CONTEXT() REPRESENTATION_CONTEXT('2D SPACE',''
  ) );
#13145 = ORIENTED_EDGE('',*,*,#13089,.F.);
#13146 = ORIENTED_EDGE('',*,*,#13147,.F.);
#13147 = EDGE_CURVE('',#13090,#13090,#13148,.T.);
#13148 = SURFACE_CURVE('',#13149,(#13154,#13161),.PCURVE_S1.);
#13149 = CIRCLE('',#13150,10.9);
#13150 = AXIS2_PLACEMENT_3D('',#13151,#13152,#13153);
#13151 = CARTESIAN_POINT('',(0.,0.,91.828996309567));
#13152 = DIRECTION('',(0.,0.,1.));
#13153 = DIRECTION('',(1.,0.,0.));
#13154 = PCURVE('',#13100,#13155);
#13155 = DEFINITIONAL_REPRESENTATION('',(#13156),#13160);
#13156 = LINE('',#13157,#13158);
#13157 = CARTESIAN_POINT('',(-0.,0.));
#13158 = VECTOR('',#13159,1.);
#13159 = DIRECTION('',(-1.,0.));
#13160 = ( GEOMETRIC_REPRESENTATION_CONTEXT(2) 
PARAMETRIC_REPRESENTATION_CONTEXT() REPRESENTATION_CONTEXT('2D SPACE',''
  ) );
#13161 = PCURVE('',#13162,#13167);
#13162 = PLANE('',#13163);
#13163 = AXIS2_PLACEMENT_3D('',#13164,#13165,#13166);
#13164 = CARTESIAN_POINT('',(0.,5.586707816598E-16,91.828996309567));
#13165 = DIRECTION('',(0.,0.,1.));
#13166 = DIRECTION('',(1.,0.,-0.));
#13167 = DEFINITIONAL_REPRESENTATION('',(#13168),#13172);
#13168 = CIRCLE('',#13169,10.9);
#13169 = AXIS2_PLACEMENT_2D('',#13170,#13171);
#13170 = CARTESIAN_POINT('',(0.,-5.586707816598E-16));
#13171 = DIRECTION('',(1.,0.));
#13172 = ( GEOMETRIC_REPRESENTATION_CONTEXT(2) 
PARAMETRIC_REPRESENTATION_CONTEXT() REPRESENTATION_CONTEXT('2D SPACE',''
  ) );
#13173 = ADVANCED_FACE('',(#13174),#13162,.F.);
#13174 = FACE_BOUND('',#13175,.F.);
#13175 = EDGE_LOOP('',(#13176));
#13176 = ORIENTED_EDGE('',*,*,#13147,.T.);
#13177 = ADVANCED_FACE('',(#13178),#13134,.T.);
#13178 = FACE_BOUND('',#13179,.T.);
#13179 = EDGE_LOOP('',(#13180));
#13180 = ORIENTED_EDGE('',*,*,#13119,.T.);
#13181 = ( GEOMETRIC_REPRESENTATION_CONTEXT(3) 
GLOBAL_UNCERTAINTY_ASSIGNED_CONTEXT((#13185)) 
GLOBAL_UNIT_ASSIGNED_CONTEXT((#13182,#13183,#13184)) 
REPRESENTATION_CONTEXT('Context #1',
  '3D Context with UNIT and UNCERTAINTY') );
#13182 = ( LENGTH_UNIT() NAMED_UNIT(*) SI_UNIT(.MILLI.,.METRE.) );
#13183 = ( NAMED_UNIT(*) PLANE_ANGLE_UNIT() SI_UNIT($,.RADIAN.) );
#13184 = ( NAMED_UNIT(*) SI_UNIT($,.STERADIAN.) SOLID_ANGLE_UNIT() );
#13185 = UNCERTAINTY_MEASURE_WITH_UNIT(LENGTH_MEASURE(1.E-07),#13182,
  'distance_accuracy_value','confusion accuracy');
#13186 = CONTEXT_DEPENDENT_SHAPE_REPRESENTATION(#13187,#13189);
#13187 = ( REPRESENTATION_RELATIONSHIP('','',#13082,#10) 
REPRESENTATION_RELATIONSHIP_WITH_TRANSFORMATION(#13188) 
SHAPE_REPRESENTATION_RELATIONSHIP() );
#13188 = ITEM_DEFINED_TRANSFORMATION('','',#11,#207);
#13189 = PRODUCT_DEFINITION_SHAPE('Placement','Placement of an item',
  #13190);
#13190 = NEXT_ASSEMBLY_USAGE_OCCURRENCE('103','bulkhead','',#5,#13077,$
  );
#13191 = PRODUCT_RELATED_PRODUCT_CATEGORY('part',$,(#13079));
#13192 = SHAPE_DEFINITION_REPRESENTATION(#13193,#13199);
#13193 = PRODUCT_DEFINITION_SHAPE('','',#13194);
#13194 = PRODUCT_DEFINITION('design','',#13195,#13198);
#13195 = PRODUCT_DEFINITION_FORMATION('','',#13196);
#13196 = PRODUCT('battery','battery','',(#13197));
#13197 = PRODUCT_CONTEXT('',#2,'mechanical');
#13198 = PRODUCT_DEFINITION_CONTEXT('part definition',#2,'design');
#13199 = ADVANCED_BREP_SHAPE_REPRESENTATION('',(#11,#13200),#13298);
#13200 = MANIFOLD_SOLID_BREP('',#13201);
#13201 = CLOSED_SHELL('',(#13202,#13290,#13294));
#13202 = ADVANCED_FACE('',(#13203),#13217,.T.);
#13203 = FACE_BOUND('',#13204,.F.);
#13204 = EDGE_LOOP('',(#13205,#13235,#13262,#13263));
#13205 = ORIENTED_EDGE('',*,*,#13206,.T.);
#13206 = EDGE_CURVE('',#13207,#13209,#13211,.T.);
#13207 = VERTEX_POINT('',#13208);
#13208 = CARTESIAN_POINT('',(10.05,0.,93.128996309567));
#13209 = VERTEX_POINT('',#13210);
#13210 = CARTESIAN_POINT('',(10.05,0.,141.62899630956));
#13211 = SEAM_CURVE('',#13212,(#13216,#13228),.PCURVE_S1.);
#13212 = LINE('',#13213,#13214);
#13213 = CARTESIAN_POINT('',(10.05,0.,93.128996309567));
#13214 = VECTOR('',#13215,1.);
#13215 = DIRECTION('',(0.,0.,1.));
#13216 = PCURVE('',#13217,#13222);
#13217 = CYLINDRICAL_SURFACE('',#13218,7.05);
#13218 = AXIS2_PLACEMENT_3D('',#13219,#13220,#13221);
#13219 = CARTESIAN_POINT('',(3.,0.,93.128996309567));
#13220 = DIRECTION('',(-0.,-0.,-1.));
#13221 = DIRECTION('',(1.,0.,0.));
#13222 = DEFINITIONAL_REPRESENTATION('',(#13223),#13227);
#13223 = LINE('',#13224,#13225);
#13224 = CARTESIAN_POINT('',(-0.,0.));
#13225 = VECTOR('',#13226,1.);
#13226 = DIRECTION('',(-0.,-1.));
#13227 = ( GEOMETRIC_REPRESENTATION_CONTEXT(2) 
PARAMETRIC_REPRESENTATION_CONTEXT() REPRESENTATION_CONTEXT('2D SPACE',''
  ) );
#13228 = PCURVE('',#13217,#13229);
#13229 = DEFINITIONAL_REPRESENTATION('',(#13230),#13234);
#13230 = LINE('',#13231,#13232);
#13231 = CARTESIAN_POINT('',(-6.28318530718,0.));
#13232 = VECTOR('',#13233,1.);
#13233 = DIRECTION('',(-0.,-1.));
#13234 = ( GEOMETRIC_REPRESENTATION_CONTEXT(2) 
PARAMETRIC_REPRESENTATION_CONTEXT() REPRESENTATION_CONTEXT('2D SPACE',''
  ) );
#13235 = ORIENTED_EDGE('',*,*,#13236,.T.);
#13236 = EDGE_CURVE('',#13209,#13209,#13237,.T.);
#13237 = SURFACE_CURVE('',#13238,(#13243,#13250),.PCURVE_S1.);
#13238 = CIRCLE('',#13239,7.05);
#13239 = AXIS2_PLACEMENT_3D('',#13240,#13241,#13242);
#13240 = CARTESIAN_POINT('',(3.,0.,141.62899630956));
#13241 = DIRECTION('',(0.,0.,1.));
#13242 = DIRECTION('',(1.,0.,0.));
#13243 = PCURVE('',#13217,#13244);
#13244 = DEFINITIONAL_REPRESENTATION('',(#13245),#13249);
#13245 = LINE('',#13246,#13247);
#13246 = CARTESIAN_POINT('',(-0.,-48.5));
#13247 = VECTOR('',#13248,1.);
#13248 = DIRECTION('',(-1.,0.));
#13249 = ( GEOMETRIC_REPRESENTATION_CONTEXT(2) 
PARAMETRIC_REPRESENTATION_CONTEXT() REPRESENTATION_CONTEXT('2D SPACE',''
  ) );
#13250 = PCURVE('',#13251,#13256);
#13251 = PLANE('',#13252);
#13252 = AXIS2_PLACEMENT_3D('',#13253,#13254,#13255);
#13253 = CARTESIAN_POINT('',(3.,4.880605596695E-16,141.62899630956));
#13254 = DIRECTION('',(0.,0.,1.));
#13255 = DIRECTION('',(1.,0.,-0.));
#13256 = DEFINITIONAL_REPRESENTATION('',(#13257),#13261);
#13257 = CIRCLE('',#13258,7.05);
#13258 = AXIS2_PLACEMENT_2D('',#13259,#13260);
#13259 = CARTESIAN_POINT('',(0.,-4.880605596695E-16));
#13260 = DIRECTION('',(1.,0.));
#13261 = ( GEOMETRIC_REPRESENTATION_CONTEXT(2) 
PARAMETRIC_REPRESENTATION_CONTEXT() REPRESENTATION_CONTEXT('2D SPACE',''
  ) );
#13262 = ORIENTED_EDGE('',*,*,#13206,.F.);
#13263 = ORIENTED_EDGE('',*,*,#13264,.F.);
#13264 = EDGE_CURVE('',#13207,#13207,#13265,.T.);
#13265 = SURFACE_CURVE('',#13266,(#13271,#13278),.PCURVE_S1.);
#13266 = CIRCLE('',#13267,7.05);
#13267 = AXIS2_PLACEMENT_3D('',#13268,#13269,#13270);
#13268 = CARTESIAN_POINT('',(3.,0.,93.128996309567));
#13269 = DIRECTION('',(0.,0.,1.));
#13270 = DIRECTION('',(1.,0.,0.));
#13271 = PCURVE('',#13217,#13272);
#13272 = DEFINITIONAL_REPRESENTATION('',(#13273),#13277);
#13273 = LINE('',#13274,#13275);
#13274 = CARTESIAN_POINT('',(-0.,0.));
#13275 = VECTOR('',#13276,1.);
#13276 = DIRECTION('',(-1.,0.));
#13277 = ( GEOMETRIC_REPRESENTATION_CONTEXT(2) 
PARAMETRIC_REPRESENTATION_CONTEXT() REPRESENTATION_CONTEXT('2D SPACE',''
  ) );
#13278 = PCURVE('',#13279,#13284);
#13279 = PLANE('',#13280);
#13280 = AXIS2_PLACEMENT_3D('',#13281,#13282,#13283);
#13281 = CARTESIAN_POINT('',(3.,4.880605596695E-16,93.128996309567));
#13282 = DIRECTION('',(0.,0.,1.));
#13283 = DIRECTION('',(1.,0.,-0.));
#13284 = DEFINITIONAL_REPRESENTATION('',(#13285),#13289);
#13285 = CIRCLE('',#13286,7.05);
#13286 = AXIS2_PLACEMENT_2D('',#13287,#13288);
#13287 = CARTESIAN_POINT('',(0.,-4.880605596695E-16));
#13288 = DIRECTION('',(1.,0.));
#13289 = ( GEOMETRIC_REPRESENTATION_CONTEXT(2) 
PARAMETRIC_REPRESENTATION_CONTEXT() REPRESENTATION_CONTEXT('2D SPACE',''
  ) );
#13290 = ADVANCED_FACE('',(#13291),#13279,.F.);
#13291 = FACE_BOUND('',#13292,.F.);
#13292 = EDGE_LOOP('',(#13293));
#13293 = ORIENTED_EDGE('',*,*,#13264,.T.);
#13294 = ADVANCED_FACE('',(#13295),#13251,.T.);
#13295 = FACE_BOUND('',#13296,.T.);
#13296 = EDGE_LOOP('',(#13297));
#13297 = ORIENTED_EDGE('',*,*,#13236,.T.);
#13298 = ( GEOMETRIC_REPRESENTATION_CONTEXT(3) 
GLOBAL_UNCERTAINTY_ASSIGNED_CONTEXT((#13302)) 
GLOBAL_UNIT_ASSIGNED_CONTEXT((#13299,#13300,#13301)) 
REPRESENTATION_CONTEXT('Context #1',
  '3D Context with UNIT and UNCERTAINTY') );
#13299 = ( LENGTH_UNIT() NAMED_UNIT(*) SI_UNIT(.MILLI.,.METRE.) );
#13300 = ( NAMED_UNIT(*) PLANE_ANGLE_UNIT() SI_UNIT($,.RADIAN.) );
#13301 = ( NAMED_UNIT(*) SI_UNIT($,.STERADIAN.) SOLID_ANGLE_UNIT() );
#13302 = UNCERTAINTY_MEASURE_WITH_UNIT(LENGTH_MEASURE(1.E-07),#13299,
  'distance_accuracy_value','confusion accuracy');
#13303 = CONTEXT_DEPENDENT_SHAPE_REPRESENTATION(#13304,#13306);
#13304 = ( REPRESENTATION_RELATIONSHIP('','',#13199,#10) 
REPRESENTATION_RELATIONSHIP_WITH_TRANSFORMATION(#13305) 
SHAPE_REPRESENTATION_RELATIONSHIP() );
#13305 = ITEM_DEFINED_TRANSFORMATION('','',#11,#211);
#13306 = PRODUCT_DEFINITION_SHAPE('Placement','Placement of an item',
  #13307);
#13307 = NEXT_ASSEMBLY_USAGE_OCCURRENCE('104','battery','',#5,#13194,$);
#13308 = PRODUCT_RELATED_PRODUCT_CATEGORY('part',$,(#13196));
#13309 = SHAPE_DEFINITION_REPRESENTATION(#13310,#13316);
#13310 = PRODUCT_DEFINITION_SHAPE('','',#13311);
#13311 = PRODUCT_DEFINITION('design','',#13312,#13315);
#13312 = PRODUCT_DEFINITION_FORMATION('','',#13313);
#13313 = PRODUCT('lra','lra','',(#13314));
#13314 = PRODUCT_CONTEXT('',#2,'mechanical');
#13315 = PRODUCT_DEFINITION_CONTEXT('part definition',#2,'design');
#13316 = ADVANCED_BREP_SHAPE_REPRESENTATION('',(#11,#13317),#13647);
#13317 = MANIFOLD_SOLID_BREP('',#13318);
#13318 = CLOSED_SHELL('',(#13319,#13439,#13539,#13586,#13633,#13640));
#13319 = ADVANCED_FACE('',(#13320),#13334,.F.);
#13320 = FACE_BOUND('',#13321,.F.);
#13321 = EDGE_LOOP('',(#13322,#13357,#13385,#13413));
#13322 = ORIENTED_EDGE('',*,*,#13323,.F.);
#13323 = EDGE_CURVE('',#13324,#13326,#13328,.T.);
#13324 = VERTEX_POINT('',#13325);
#13325 = CARTESIAN_POINT('',(-9.8,-4.,93.628996309567));
#13326 = VERTEX_POINT('',#13327);
#13327 = CARTESIAN_POINT('',(-9.8,-4.,101.62899630956));
#13328 = SURFACE_CURVE('',#13329,(#13333,#13345),.PCURVE_S1.);
#13329 = LINE('',#13330,#13331);
#13330 = CARTESIAN_POINT('',(-9.8,-4.,93.628996309567));
#13331 = VECTOR('',#13332,1.);
#13332 = DIRECTION('',(0.,0.,1.));
#13333 = PCURVE('',#13334,#13339);
#13334 = PLANE('',#13335);
#13335 = AXIS2_PLACEMENT_3D('',#13336,#13337,#13338);
#13336 = CARTESIAN_POINT('',(-9.8,-4.,93.628996309567));
#13337 = DIRECTION('',(1.,0.,0.));
#13338 = DIRECTION('',(0.,0.,1.));
#13339 = DEFINITIONAL_REPRESENTATION('',(#13340),#13344);
#13340 = LINE('',#13341,#13342);
#13341 = CARTESIAN_POINT('',(0.,0.));
#13342 = VECTOR('',#13343,1.);
#13343 = DIRECTION('',(1.,0.));
#13344 = ( GEOMETRIC_REPRESENTATION_CONTEXT(2) 
PARAMETRIC_REPRESENTATION_CONTEXT() REPRESENTATION_CONTEXT('2D SPACE',''
  ) );
#13345 = PCURVE('',#13346,#13351);
#13346 = PLANE('',#13347);
#13347 = AXIS2_PLACEMENT_3D('',#13348,#13349,#13350);
#13348 = CARTESIAN_POINT('',(-9.8,-4.,93.628996309567));
#13349 = DIRECTION('',(0.,1.,0.));
#13350 = DIRECTION('',(0.,0.,1.));
#13351 = DEFINITIONAL_REPRESENTATION('',(#13352),#13356);
#13352 = LINE('',#13353,#13354);
#13353 = CARTESIAN_POINT('',(0.,0.));
#13354 = VECTOR('',#13355,1.);
#13355 = DIRECTION('',(1.,0.));
#13356 = ( GEOMETRIC_REPRESENTATION_CONTEXT(2) 
PARAMETRIC_REPRESENTATION_CONTEXT() REPRESENTATION_CONTEXT('2D SPACE',''
  ) );
#13357 = ORIENTED_EDGE('',*,*,#13358,.T.);
#13358 = EDGE_CURVE('',#13324,#13359,#13361,.T.);
#13359 = VERTEX_POINT('',#13360);
#13360 = CARTESIAN_POINT('',(-9.8,4.,93.628996309567));
#13361 = SURFACE_CURVE('',#13362,(#13366,#13373),.PCURVE_S1.);
#13362 = LINE('',#13363,#13364);
#13363 = CARTESIAN_POINT('',(-9.8,-4.,93.628996309567));
#13364 = VECTOR('',#13365,1.);
#13365 = DIRECTION('',(0.,1.,0.));
#13366 = PCURVE('',#13334,#13367);
#13367 = DEFINITIONAL_REPRESENTATION('',(#13368),#13372);
#13368 = LINE('',#13369,#13370);
#13369 = CARTESIAN_POINT('',(0.,0.));
#13370 = VECTOR('',#13371,1.);
#13371 = DIRECTION('',(0.,-1.));
#13372 = ( GEOMETRIC_REPRESENTATION_CONTEXT(2) 
PARAMETRIC_REPRESENTATION_CONTEXT() REPRESENTATION_CONTEXT('2D SPACE',''
  ) );
#13373 = PCURVE('',#13374,#13379);
#13374 = PLANE('',#13375);
#13375 = AXIS2_PLACEMENT_3D('',#13376,#13377,#13378);
#13376 = CARTESIAN_POINT('',(-9.8,-4.,93.628996309567));
#13377 = DIRECTION('',(0.,0.,1.));
#13378 = DIRECTION('',(1.,0.,0.));
#13379 = DEFINITIONAL_REPRESENTATION('',(#13380),#13384);
#13380 = LINE('',#13381,#13382);
#13381 = CARTESIAN_POINT('',(0.,0.));
#13382 = VECTOR('',#13383,1.);
#13383 = DIRECTION('',(0.,1.));
#13384 = ( GEOMETRIC_REPRESENTATION_CONTEXT(2) 
PARAMETRIC_REPRESENTATION_CONTEXT() REPRESENTATION_CONTEXT('2D SPACE',''
  ) );
#13385 = ORIENTED_EDGE('',*,*,#13386,.T.);
#13386 = EDGE_CURVE('',#13359,#13387,#13389,.T.);
#13387 = VERTEX_POINT('',#13388);
#13388 = CARTESIAN_POINT('',(-9.8,4.,101.62899630956));
#13389 = SURFACE_CURVE('',#13390,(#13394,#13401),.PCURVE_S1.);
#13390 = LINE('',#13391,#13392);
#13391 = CARTESIAN_POINT('',(-9.8,4.,93.628996309567));
#13392 = VECTOR('',#13393,1.);
#13393 = DIRECTION('',(0.,0.,1.));
#13394 = PCURVE('',#13334,#13395);
#13395 = DEFINITIONAL_REPRESENTATION('',(#13396),#13400);
#13396 = LINE('',#13397,#13398);
#13397 = CARTESIAN_POINT('',(0.,-8.));
#13398 = VECTOR('',#13399,1.);
#13399 = DIRECTION('',(1.,0.));
#13400 = ( GEOMETRIC_REPRESENTATION_CONTEXT(2) 
PARAMETRIC_REPRESENTATION_CONTEXT() REPRESENTATION_CONTEXT('2D SPACE',''
  ) );
#13401 = PCURVE('',#13402,#13407);
#13402 = PLANE('',#13403);
#13403 = AXIS2_PLACEMENT_3D('',#13404,#13405,#13406);
#13404 = CARTESIAN_POINT('',(-9.8,4.,93.628996309567));
#13405 = DIRECTION('',(0.,1.,0.));
#13406 = DIRECTION('',(0.,0.,1.));
#13407 = DEFINITIONAL_REPRESENTATION('',(#13408),#13412);
#13408 = LINE('',#13409,#13410);
#13409 = CARTESIAN_POINT('',(0.,0.));
#13410 = VECTOR('',#13411,1.);
#13411 = DIRECTION('',(1.,0.));
#13412 = ( GEOMETRIC_REPRESENTATION_CONTEXT(2) 
PARAMETRIC_REPRESENTATION_CONTEXT() REPRESENTATION_CONTEXT('2D SPACE',''
  ) );
#13413 = ORIENTED_EDGE('',*,*,#13414,.F.);
#13414 = EDGE_CURVE('',#13326,#13387,#13415,.T.);
#13415 = SURFACE_CURVE('',#13416,(#13420,#13427),.PCURVE_S1.);
#13416 = LINE('',#13417,#13418);
#13417 = CARTESIAN_POINT('',(-9.8,-4.,101.62899630956));
#13418 = VECTOR('',#13419,1.);
#13419 = DIRECTION('',(0.,1.,0.));
#13420 = PCURVE('',#13334,#13421);
#13421 = DEFINITIONAL_REPRESENTATION('',(#13422),#13426);
#13422 = LINE('',#13423,#13424);
#13423 = CARTESIAN_POINT('',(8.,0.));
#13424 = VECTOR('',#13425,1.);
#13425 = DIRECTION('',(0.,-1.));
#13426 = ( GEOMETRIC_REPRESENTATION_CONTEXT(2) 
PARAMETRIC_REPRESENTATION_CONTEXT() REPRESENTATION_CONTEXT('2D SPACE',''
  ) );
#13427 = PCURVE('',#13428,#13433);
#13428 = PLANE('',#13429);
#13429 = AXIS2_PLACEMENT_3D('',#13430,#13431,#13432);
#13430 = CARTESIAN_POINT('',(-9.8,-4.,101.62899630956));
#13431 = DIRECTION('',(0.,0.,1.));
#13432 = DIRECTION('',(1.,0.,0.));
#13433 = DEFINITIONAL_REPRESENTATION('',(#13434),#13438);
#13434 = LINE('',#13435,#13436);
#13435 = CARTESIAN_POINT('',(0.,0.));
#13436 = VECTOR('',#13437,1.);
#13437 = DIRECTION('',(0.,1.));
#13438 = ( GEOMETRIC_REPRESENTATION_CONTEXT(2) 
PARAMETRIC_REPRESENTATION_CONTEXT() REPRESENTATION_CONTEXT('2D SPACE',''
  ) );
#13439 = ADVANCED_FACE('',(#13440),#13454,.T.);
#13440 = FACE_BOUND('',#13441,.T.);
#13441 = EDGE_LOOP('',(#13442,#13472,#13495,#13518));
#13442 = ORIENTED_EDGE('',*,*,#13443,.F.);
#13443 = EDGE_CURVE('',#13444,#13446,#13448,.T.);
#13444 = VERTEX_POINT('',#13445);
#13445 = CARTESIAN_POINT('',(-6.8,-4.,93.628996309567));
#13446 = VERTEX_POINT('',#13447);
#13447 = CARTESIAN_POINT('',(-6.8,-4.,101.62899630956));
#13448 = SURFACE_CURVE('',#13449,(#13453,#13465),.PCURVE_S1.);
#13449 = LINE('',#13450,#13451);
#13450 = CARTESIAN_POINT('',(-6.8,-4.,93.628996309567));
#13451 = VECTOR('',#13452,1.);
#13452 = DIRECTION('',(0.,0.,1.));
#13453 = PCURVE('',#13454,#13459);
#13454 = PLANE('',#13455);
#13455 = AXIS2_PLACEMENT_3D('',#13456,#13457,#13458);
#13456 = CARTESIAN_POINT('',(-6.8,-4.,93.628996309567));
#13457 = DIRECTION('',(1.,0.,0.));
#13458 = DIRECTION('',(0.,0.,1.));
#13459 = DEFINITIONAL_REPRESENTATION('',(#13460),#13464);
#13460 = LINE('',#13461,#13462);
#13461 = CARTESIAN_POINT('',(0.,0.));
#13462 = VECTOR('',#13463,1.);
#13463 = DIRECTION('',(1.,0.));
#13464 = ( GEOMETRIC_REPRESENTATION_CONTEXT(2) 
PARAMETRIC_REPRESENTATION_CONTEXT() REPRESENTATION_CONTEXT('2D SPACE',''
  ) );
#13465 = PCURVE('',#13346,#13466);
#13466 = DEFINITIONAL_REPRESENTATION('',(#13467),#13471);
#13467 = LINE('',#13468,#13469);
#13468 = CARTESIAN_POINT('',(0.,3.));
#13469 = VECTOR('',#13470,1.);
#13470 = DIRECTION('',(1.,0.));
#13471 = ( GEOMETRIC_REPRESENTATION_CONTEXT(2) 
PARAMETRIC_REPRESENTATION_CONTEXT() REPRESENTATION_CONTEXT('2D SPACE',''
  ) );
#13472 = ORIENTED_EDGE('',*,*,#13473,.T.);
#13473 = EDGE_CURVE('',#13444,#13474,#13476,.T.);
#13474 = VERTEX_POINT('',#13475);
#13475 = CARTESIAN_POINT('',(-6.8,4.,93.628996309567));
#13476 = SURFACE_CURVE('',#13477,(#13481,#13488),.PCURVE_S1.);
#13477 = LINE('',#13478,#13479);
#13478 = CARTESIAN_POINT('',(-6.8,-4.,93.628996309567));
#13479 = VECTOR('',#13480,1.);
#13480 = DIRECTION('',(0.,1.,0.));
#13481 = PCURVE('',#13454,#13482);
#13482 = DEFINITIONAL_REPRESENTATION('',(#13483),#13487);
#13483 = LINE('',#13484,#13485);
#13484 = CARTESIAN_POINT('',(0.,0.));
#13485 = VECTOR('',#13486,1.);
#13486 = DIRECTION('',(0.,-1.));
#13487 = ( GEOMETRIC_REPRESENTATION_CONTEXT(2) 
PARAMETRIC_REPRESENTATION_CONTEXT() REPRESENTATION_CONTEXT('2D SPACE',''
  ) );
#13488 = PCURVE('',#13374,#13489);
#13489 = DEFINITIONAL_REPRESENTATION('',(#13490),#13494);
#13490 = LINE('',#13491,#13492);
#13491 = CARTESIAN_POINT('',(3.,0.));
#13492 = VECTOR('',#13493,1.);
#13493 = DIRECTION('',(0.,1.));
#13494 = ( GEOMETRIC_REPRESENTATION_CONTEXT(2) 
PARAMETRIC_REPRESENTATION_CONTEXT() REPRESENTATION_CONTEXT('2D SPACE',''
  ) );
#13495 = ORIENTED_EDGE('',*,*,#13496,.T.);
#13496 = EDGE_CURVE('',#13474,#13497,#13499,.T.);
#13497 = VERTEX_POINT('',#13498);
#13498 = CARTESIAN_POINT('',(-6.8,4.,101.62899630956));
#13499 = SURFACE_CURVE('',#13500,(#13504,#13511),.PCURVE_S1.);
#13500 = LINE('',#13501,#13502);
#13501 = CARTESIAN_POINT('',(-6.8,4.,93.628996309567));
#13502 = VECTOR('',#13503,1.);
#13503 = DIRECTION('',(0.,0.,1.));
#13504 = PCURVE('',#13454,#13505);
#13505 = DEFINITIONAL_REPRESENTATION('',(#13506),#13510);
#13506 = LINE('',#13507,#13508);
#13507 = CARTESIAN_POINT('',(0.,-8.));
#13508 = VECTOR('',#13509,1.);
#13509 = DIRECTION('',(1.,0.));
#13510 = ( GEOMETRIC_REPRESENTATION_CONTEXT(2) 
PARAMETRIC_REPRESENTATION_CONTEXT() REPRESENTATION_CONTEXT('2D SPACE',''
  ) );
#13511 = PCURVE('',#13402,#13512);
#13512 = DEFINITIONAL_REPRESENTATION('',(#13513),#13517);
#13513 = LINE('',#13514,#13515);
#13514 = CARTESIAN_POINT('',(0.,3.));
#13515 = VECTOR('',#13516,1.);
#13516 = DIRECTION('',(1.,0.));
#13517 = ( GEOMETRIC_REPRESENTATION_CONTEXT(2) 
PARAMETRIC_REPRESENTATION_CONTEXT() REPRESENTATION_CONTEXT('2D SPACE',''
  ) );
#13518 = ORIENTED_EDGE('',*,*,#13519,.F.);
#13519 = EDGE_CURVE('',#13446,#13497,#13520,.T.);
#13520 = SURFACE_CURVE('',#13521,(#13525,#13532),.PCURVE_S1.);
#13521 = LINE('',#13522,#13523);
#13522 = CARTESIAN_POINT('',(-6.8,-4.,101.62899630956));
#13523 = VECTOR('',#13524,1.);
#13524 = DIRECTION('',(0.,1.,0.));
#13525 = PCURVE('',#13454,#13526);
#13526 = DEFINITIONAL_REPRESENTATION('',(#13527),#13531);
#13527 = LINE('',#13528,#13529);
#13528 = CARTESIAN_POINT('',(8.,0.));
#13529 = VECTOR('',#13530,1.);
#13530 = DIRECTION('',(0.,-1.));
#13531 = ( GEOMETRIC_REPRESENTATION_CONTEXT(2) 
PARAMETRIC_REPRESENTATION_CONTEXT() REPRESENTATION_CONTEXT('2D SPACE',''
  ) );
#13532 = PCURVE('',#13428,#13533);
#13533 = DEFINITIONAL_REPRESENTATION('',(#13534),#13538);
#13534 = LINE('',#13535,#13536);
#13535 = CARTESIAN_POINT('',(3.,0.));
#13536 = VECTOR('',#13537,1.);
#13537 = DIRECTION('',(0.,1.));
#13538 = ( GEOMETRIC_REPRESENTATION_CONTEXT(2) 
PARAMETRIC_REPRESENTATION_CONTEXT() REPRESENTATION_CONTEXT('2D SPACE',''
  ) );
#13539 = ADVANCED_FACE('',(#13540),#13346,.F.);
#13540 = FACE_BOUND('',#13541,.F.);
#13541 = EDGE_LOOP('',(#13542,#13563,#13564,#13585));
#13542 = ORIENTED_EDGE('',*,*,#13543,.F.);
#13543 = EDGE_CURVE('',#13324,#13444,#13544,.T.);
#13544 = SURFACE_CURVE('',#13545,(#13549,#13556),.PCURVE_S1.);
#13545 = LINE('',#13546,#13547);
#13546 = CARTESIAN_POINT('',(-9.8,-4.,93.628996309567));
#13547 = VECTOR('',#13548,1.);
#13548 = DIRECTION('',(1.,0.,0.));
#13549 = PCURVE('',#13346,#13550);
#13550 = DEFINITIONAL_REPRESENTATION('',(#13551),#13555);
#13551 = LINE('',#13552,#13553);
#13552 = CARTESIAN_POINT('',(0.,0.));
#13553 = VECTOR('',#13554,1.);
#13554 = DIRECTION('',(0.,1.));
#13555 = ( GEOMETRIC_REPRESENTATION_CONTEXT(2) 
PARAMETRIC_REPRESENTATION_CONTEXT() REPRESENTATION_CONTEXT('2D SPACE',''
  ) );
#13556 = PCURVE('',#13374,#13557);
#13557 = DEFINITIONAL_REPRESENTATION('',(#13558),#13562);
#13558 = LINE('',#13559,#13560);
#13559 = CARTESIAN_POINT('',(0.,0.));
#13560 = VECTOR('',#13561,1.);
#13561 = DIRECTION('',(1.,0.));
#13562 = ( GEOMETRIC_REPRESENTATION_CONTEXT(2) 
PARAMETRIC_REPRESENTATION_CONTEXT() REPRESENTATION_CONTEXT('2D SPACE',''
  ) );
#13563 = ORIENTED_EDGE('',*,*,#13323,.T.);
#13564 = ORIENTED_EDGE('',*,*,#13565,.T.);
#13565 = EDGE_CURVE('',#13326,#13446,#13566,.T.);
#13566 = SURFACE_CURVE('',#13567,(#13571,#13578),.PCURVE_S1.);
#13567 = LINE('',#13568,#13569);
#13568 = CARTESIAN_POINT('',(-9.8,-4.,101.62899630956));
#13569 = VECTOR('',#13570,1.);
#13570 = DIRECTION('',(1.,0.,0.));
#13571 = PCURVE('',#13346,#13572);
#13572 = DEFINITIONAL_REPRESENTATION('',(#13573),#13577);
#13573 = LINE('',#13574,#13575);
#13574 = CARTESIAN_POINT('',(8.,0.));
#13575 = VECTOR('',#13576,1.);
#13576 = DIRECTION('',(0.,1.));
#13577 = ( GEOMETRIC_REPRESENTATION_CONTEXT(2) 
PARAMETRIC_REPRESENTATION_CONTEXT() REPRESENTATION_CONTEXT('2D SPACE',''
  ) );
#13578 = PCURVE('',#13428,#13579);
#13579 = DEFINITIONAL_REPRESENTATION('',(#13580),#13584);
#13580 = LINE('',#13581,#13582);
#13581 = CARTESIAN_POINT('',(0.,0.));
#13582 = VECTOR('',#13583,1.);
#13583 = DIRECTION('',(1.,0.));
#13584 = ( GEOMETRIC_REPRESENTATION_CONTEXT(2) 
PARAMETRIC_REPRESENTATION_CONTEXT() REPRESENTATION_CONTEXT('2D SPACE',''
  ) );
#13585 = ORIENTED_EDGE('',*,*,#13443,.F.);
#13586 = ADVANCED_FACE('',(#13587),#13402,.T.);
#13587 = FACE_BOUND('',#13588,.T.);
#13588 = EDGE_LOOP('',(#13589,#13610,#13611,#13632));
#13589 = ORIENTED_EDGE('',*,*,#13590,.F.);
#13590 = EDGE_CURVE('',#13359,#13474,#13591,.T.);
#13591 = SURFACE_CURVE('',#13592,(#13596,#13603),.PCURVE_S1.);
#13592 = LINE('',#13593,#13594);
#13593 = CARTESIAN_POINT('',(-9.8,4.,93.628996309567));
#13594 = VECTOR('',#13595,1.);
#13595 = DIRECTION('',(1.,0.,0.));
#13596 = PCURVE('',#13402,#13597);
#13597 = DEFINITIONAL_REPRESENTATION('',(#13598),#13602);
#13598 = LINE('',#13599,#13600);
#13599 = CARTESIAN_POINT('',(0.,0.));
#13600 = VECTOR('',#13601,1.);
#13601 = DIRECTION('',(0.,1.));
#13602 = ( GEOMETRIC_REPRESENTATION_CONTEXT(2) 
PARAMETRIC_REPRESENTATION_CONTEXT() REPRESENTATION_CONTEXT('2D SPACE',''
  ) );
#13603 = PCURVE('',#13374,#13604);
#13604 = DEFINITIONAL_REPRESENTATION('',(#13605),#13609);
#13605 = LINE('',#13606,#13607);
#13606 = CARTESIAN_POINT('',(0.,8.));
#13607 = VECTOR('',#13608,1.);
#13608 = DIRECTION('',(1.,0.));
#13609 = ( GEOMETRIC_REPRESENTATION_CONTEXT(2) 
PARAMETRIC_REPRESENTATION_CONTEXT() REPRESENTATION_CONTEXT('2D SPACE',''
  ) );
#13610 = ORIENTED_EDGE('',*,*,#13386,.T.);
#13611 = ORIENTED_EDGE('',*,*,#13612,.T.);
#13612 = EDGE_CURVE('',#13387,#13497,#13613,.T.);
#13613 = SURFACE_CURVE('',#13614,(#13618,#13625),.PCURVE_S1.);
#13614 = LINE('',#13615,#13616);
#13615 = CARTESIAN_POINT('',(-9.8,4.,101.62899630956));
#13616 = VECTOR('',#13617,1.);
#13617 = DIRECTION('',(1.,0.,0.));
#13618 = PCURVE('',#13402,#13619);
#13619 = DEFINITIONAL_REPRESENTATION('',(#13620),#13624);
#13620 = LINE('',#13621,#13622);
#13621 = CARTESIAN_POINT('',(8.,0.));
#13622 = VECTOR('',#13623,1.);
#13623 = DIRECTION('',(0.,1.));
#13624 = ( GEOMETRIC_REPRESENTATION_CONTEXT(2) 
PARAMETRIC_REPRESENTATION_CONTEXT() REPRESENTATION_CONTEXT('2D SPACE',''
  ) );
#13625 = PCURVE('',#13428,#13626);
#13626 = DEFINITIONAL_REPRESENTATION('',(#13627),#13631);
#13627 = LINE('',#13628,#13629);
#13628 = CARTESIAN_POINT('',(0.,8.));
#13629 = VECTOR('',#13630,1.);
#13630 = DIRECTION('',(1.,0.));
#13631 = ( GEOMETRIC_REPRESENTATION_CONTEXT(2) 
PARAMETRIC_REPRESENTATION_CONTEXT() REPRESENTATION_CONTEXT('2D SPACE',''
  ) );
#13632 = ORIENTED_EDGE('',*,*,#13496,.F.);
#13633 = ADVANCED_FACE('',(#13634),#13374,.F.);
#13634 = FACE_BOUND('',#13635,.F.);
#13635 = EDGE_LOOP('',(#13636,#13637,#13638,#13639));
#13636 = ORIENTED_EDGE('',*,*,#13358,.F.);
#13637 = ORIENTED_EDGE('',*,*,#13543,.T.);
#13638 = ORIENTED_EDGE('',*,*,#13473,.T.);
#13639 = ORIENTED_EDGE('',*,*,#13590,.F.);
#13640 = ADVANCED_FACE('',(#13641),#13428,.T.);
#13641 = FACE_BOUND('',#13642,.T.);
#13642 = EDGE_LOOP('',(#13643,#13644,#13645,#13646));
#13643 = ORIENTED_EDGE('',*,*,#13414,.F.);
#13644 = ORIENTED_EDGE('',*,*,#13565,.T.);
#13645 = ORIENTED_EDGE('',*,*,#13519,.T.);
#13646 = ORIENTED_EDGE('',*,*,#13612,.F.);
#13647 = ( GEOMETRIC_REPRESENTATION_CONTEXT(3) 
GLOBAL_UNCERTAINTY_ASSIGNED_CONTEXT((#13651)) 
GLOBAL_UNIT_ASSIGNED_CONTEXT((#13648,#13649,#13650)) 
REPRESENTATION_CONTEXT('Context #1',
  '3D Context with UNIT and UNCERTAINTY') );
#13648 = ( LENGTH_UNIT() NAMED_UNIT(*) SI_UNIT(.MILLI.,.METRE.) );
#13649 = ( NAMED_UNIT(*) PLANE_ANGLE_UNIT() SI_UNIT($,.RADIAN.) );
#13650 = ( NAMED_UNIT(*) SI_UNIT($,.STERADIAN.) SOLID_ANGLE_UNIT() );
#13651 = UNCERTAINTY_MEASURE_WITH_UNIT(LENGTH_MEASURE(1.E-07),#13648,
  'distance_accuracy_value','confusion accuracy');
#13652 = CONTEXT_DEPENDENT_SHAPE_REPRESENTATION(#13653,#13655);
#13653 = ( REPRESENTATION_RELATIONSHIP('','',#13316,#10) 
REPRESENTATION_RELATIONSHIP_WITH_TRANSFORMATION(#13654) 
SHAPE_REPRESENTATION_RELATIONSHIP() );
#13654 = ITEM_DEFINED_TRANSFORMATION('','',#11,#215);
#13655 = PRODUCT_DEFINITION_SHAPE('Placement','Placement of an item',
  #13656);
#13656 = NEXT_ASSEMBLY_USAGE_OCCURRENCE('105','lra','',#5,#13311,$);
#13657 = PRODUCT_RELATED_PRODUCT_CATEGORY('part',$,(#13313));
#13658 = SHAPE_DEFINITION_REPRESENTATION(#13659,#13665);
#13659 = PRODUCT_DEFINITION_SHAPE('','',#13660);
#13660 = PRODUCT_DEFINITION('design','',#13661,#13664);
#13661 = PRODUCT_DEFINITION_FORMATION('','',#13662);
#13662 = PRODUCT('shell','shell','',(#13663));
#13663 = PRODUCT_CONTEXT('',#2,'mechanical');
#13664 = PRODUCT_DEFINITION_CONTEXT('part definition',#2,'design');
#13665 = ADVANCED_BREP_SHAPE_REPRESENTATION('',(#11,#13666),#13848);
#13666 = MANIFOLD_SOLID_BREP('',#13667);
#13667 = CLOSED_SHELL('',(#13668,#13756,#13791,#13821));
#13668 = ADVANCED_FACE('',(#13669),#13682,.T.);
#13669 = FACE_BOUND('',#13670,.T.);
#13670 = EDGE_LOOP('',(#13671,#13705,#13728,#13755));
#13671 = ORIENTED_EDGE('',*,*,#13672,.F.);
#13672 = EDGE_CURVE('',#13673,#13673,#13675,.T.);
#13673 = VERTEX_POINT('',#13674);
#13674 = CARTESIAN_POINT('',(12.,-2.939152317954E-15,142.12899630956));
#13675 = SURFACE_CURVE('',#13676,(#13681,#13693),.PCURVE_S1.);
#13676 = CIRCLE('',#13677,12.);
#13677 = AXIS2_PLACEMENT_3D('',#13678,#13679,#13680);
#13678 = CARTESIAN_POINT('',(0.,0.,142.12899630956));
#13679 = DIRECTION('',(0.,0.,1.));
#13680 = DIRECTION('',(1.,0.,-0.));
#13681 = PCURVE('',#13682,#13687);
#13682 = CYLINDRICAL_SURFACE('',#13683,12.);
#13683 = AXIS2_PLACEMENT_3D('',#13684,#13685,#13686);
#13684 = CARTESIAN_POINT('',(0.,0.,45.));
#13685 = DIRECTION('',(0.,0.,1.));
#13686 = DIRECTION('',(1.,0.,-0.));
#13687 = DEFINITIONAL_REPRESENTATION('',(#13688),#13692);
#13688 = LINE('',#13689,#13690);
#13689 = CARTESIAN_POINT('',(0.,97.128996309567));
#13690 = VECTOR('',#13691,1.);
#13691 = DIRECTION('',(1.,0.));
#13692 = ( GEOMETRIC_REPRESENTATION_CONTEXT(2) 
PARAMETRIC_REPRESENTATION_CONTEXT() REPRESENTATION_CONTEXT('2D SPACE',''
  ) );
#13693 = PCURVE('',#13694,#13699);
#13694 = PLANE('',#13695);
#13695 = AXIS2_PLACEMENT_3D('',#13696,#13697,#13698);
#13696 = CARTESIAN_POINT('',(0.,0.,142.12899630956));
#13697 = DIRECTION('',(0.,0.,1.));
#13698 = DIRECTION('',(1.,0.,-0.));
#13699 = DEFINITIONAL_REPRESENTATION('',(#13700),#13704);
#13700 = CIRCLE('',#13701,12.);
#13701 = AXIS2_PLACEMENT_2D('',#13702,#13703);
#13702 = CARTESIAN_POINT('',(0.,0.));
#13703 = DIRECTION('',(1.,0.));
#13704 = ( GEOMETRIC_REPRESENTATION_CONTEXT(2) 
PARAMETRIC_REPRESENTATION_CONTEXT() REPRESENTATION_CONTEXT('2D SPACE',''
  ) );
#13705 = ORIENTED_EDGE('',*,*,#13706,.F.);
#13706 = EDGE_CURVE('',#13707,#13673,#13709,.T.);
#13707 = VERTEX_POINT('',#13708);
#13708 = CARTESIAN_POINT('',(12.,-2.939152317954E-15,45.));
#13709 = SEAM_CURVE('',#13710,(#13714,#13721),.PCURVE_S1.);
#13710 = LINE('',#13711,#13712);
#13711 = CARTESIAN_POINT('',(12.,-2.939152317954E-15,45.));
#13712 = VECTOR('',#13713,1.);
#13713 = DIRECTION('',(0.,0.,1.));
#13714 = PCURVE('',#13682,#13715);
#13715 = DEFINITIONAL_REPRESENTATION('',(#13716),#13720);
#13716 = LINE('',#13717,#13718);
#13717 = CARTESIAN_POINT('',(6.28318530718,-0.));
#13718 = VECTOR('',#13719,1.);
#13719 = DIRECTION('',(0.,1.));
#13720 = ( GEOMETRIC_REPRESENTATION_CONTEXT(2) 
PARAMETRIC_REPRESENTATION_CONTEXT() REPRESENTATION_CONTEXT('2D SPACE',''
  ) );
#13721 = PCURVE('',#13682,#13722);
#13722 = DEFINITIONAL_REPRESENTATION('',(#13723),#13727);
#13723 = LINE('',#13724,#13725);
#13724 = CARTESIAN_POINT('',(0.,-0.));
#13725 = VECTOR('',#13726,1.);
#13726 = DIRECTION('',(0.,1.));
#13727 = ( GEOMETRIC_REPRESENTATION_CONTEXT(2) 
PARAMETRIC_REPRESENTATION_CONTEXT() REPRESENTATION_CONTEXT('2D SPACE',''
  ) );
#13728 = ORIENTED_EDGE('',*,*,#13729,.T.);
#13729 = EDGE_CURVE('',#13707,#13707,#13730,.T.);
#13730 = SURFACE_CURVE('',#13731,(#13736,#13743),.PCURVE_S1.);
#13731 = CIRCLE('',#13732,12.);
#13732 = AXIS2_PLACEMENT_3D('',#13733,#13734,#13735);
#13733 = CARTESIAN_POINT('',(0.,0.,45.));
#13734 = DIRECTION('',(0.,0.,1.));
#13735 = DIRECTION('',(1.,0.,-0.));
#13736 = PCURVE('',#13682,#13737);
#13737 = DEFINITIONAL_REPRESENTATION('',(#13738),#13742);
#13738 = LINE('',#13739,#13740);
#13739 = CARTESIAN_POINT('',(0.,0.));
#13740 = VECTOR('',#13741,1.);
#13741 = DIRECTION('',(1.,0.));
#13742 = ( GEOMETRIC_REPRESENTATION_CONTEXT(2) 
PARAMETRIC_REPRESENTATION_CONTEXT() REPRESENTATION_CONTEXT('2D SPACE',''
  ) );
#13743 = PCURVE('',#13744,#13749);
#13744 = PLANE('',#13745);
#13745 = AXIS2_PLACEMENT_3D('',#13746,#13747,#13748);
#13746 = CARTESIAN_POINT('',(0.,0.,45.));
#13747 = DIRECTION('',(0.,0.,1.));
#13748 = DIRECTION('',(1.,0.,-0.));
#13749 = DEFINITIONAL_REPRESENTATION('',(#13750),#13754);
#13750 = CIRCLE('',#13751,12.);
#13751 = AXIS2_PLACEMENT_2D('',#13752,#13753);
#13752 = CARTESIAN_POINT('',(0.,0.));
#13753 = DIRECTION('',(1.,0.));
#13754 = ( GEOMETRIC_REPRESENTATION_CONTEXT(2) 
PARAMETRIC_REPRESENTATION_CONTEXT() REPRESENTATION_CONTEXT('2D SPACE',''
  ) );
#13755 = ORIENTED_EDGE('',*,*,#13706,.T.);
#13756 = ADVANCED_FACE('',(#13757,#13760),#13694,.T.);
#13757 = FACE_BOUND('',#13758,.T.);
#13758 = EDGE_LOOP('',(#13759));
#13759 = ORIENTED_EDGE('',*,*,#13672,.T.);
#13760 = FACE_BOUND('',#13761,.T.);
#13761 = EDGE_LOOP('',(#13762));
#13762 = ORIENTED_EDGE('',*,*,#13763,.F.);
#13763 = EDGE_CURVE('',#13764,#13764,#13766,.T.);
#13764 = VERTEX_POINT('',#13765);
#13765 = CARTESIAN_POINT('',(11.,-2.694222958124E-15,142.12899630956));
#13766 = SURFACE_CURVE('',#13767,(#13772,#13779),.PCURVE_S1.);
#13767 = CIRCLE('',#13768,11.);
#13768 = AXIS2_PLACEMENT_3D('',#13769,#13770,#13771);
#13769 = CARTESIAN_POINT('',(0.,0.,142.12899630956));
#13770 = DIRECTION('',(0.,0.,1.));
#13771 = DIRECTION('',(1.,0.,-0.));
#13772 = PCURVE('',#13694,#13773);
#13773 = DEFINITIONAL_REPRESENTATION('',(#13774),#13778);
#13774 = CIRCLE('',#13775,11.);
#13775 = AXIS2_PLACEMENT_2D('',#13776,#13777);
#13776 = CARTESIAN_POINT('',(0.,0.));
#13777 = DIRECTION('',(1.,0.));
#13778 = ( GEOMETRIC_REPRESENTATION_CONTEXT(2) 
PARAMETRIC_REPRESENTATION_CONTEXT() REPRESENTATION_CONTEXT('2D SPACE',''
  ) );
#13779 = PCURVE('',#13780,#13785);
#13780 = CYLINDRICAL_SURFACE('',#13781,11.);
#13781 = AXIS2_PLACEMENT_3D('',#13782,#13783,#13784);
#13782 = CARTESIAN_POINT('',(0.,0.,45.));
#13783 = DIRECTION('',(0.,0.,1.));
#13784 = DIRECTION('',(1.,0.,-0.));
#13785 = DEFINITIONAL_REPRESENTATION('',(#13786),#13790);
#13786 = LINE('',#13787,#13788);
#13787 = CARTESIAN_POINT('',(0.,97.128996309567));
#13788 = VECTOR('',#13789,1.);
#13789 = DIRECTION('',(1.,0.));
#13790 = ( GEOMETRIC_REPRESENTATION_CONTEXT(2) 
PARAMETRIC_REPRESENTATION_CONTEXT() REPRESENTATION_CONTEXT('2D SPACE',''
  ) );
#13791 = ADVANCED_FACE('',(#13792,#13795),#13744,.F.);
#13792 = FACE_BOUND('',#13793,.F.);
#13793 = EDGE_LOOP('',(#13794));
#13794 = ORIENTED_EDGE('',*,*,#13729,.T.);
#13795 = FACE_BOUND('',#13796,.F.);
#13796 = EDGE_LOOP('',(#13797));
#13797 = ORIENTED_EDGE('',*,*,#13798,.F.);
#13798 = EDGE_CURVE('',#13799,#13799,#13801,.T.);
#13799 = VERTEX_POINT('',#13800);
#13800 = CARTESIAN_POINT('',(11.,-2.694222958124E-15,45.));
#13801 = SURFACE_CURVE('',#13802,(#13807,#13814),.PCURVE_S1.);
#13802 = CIRCLE('',#13803,11.);
#13803 = AXIS2_PLACEMENT_3D('',#13804,#13805,#13806);
#13804 = CARTESIAN_POINT('',(0.,0.,45.));
#13805 = DIRECTION('',(0.,0.,1.));
#13806 = DIRECTION('',(1.,0.,-0.));
#13807 = PCURVE('',#13744,#13808);
#13808 = DEFINITIONAL_REPRESENTATION('',(#13809),#13813);
#13809 = CIRCLE('',#13810,11.);
#13810 = AXIS2_PLACEMENT_2D('',#13811,#13812);
#13811 = CARTESIAN_POINT('',(0.,0.));
#13812 = DIRECTION('',(1.,0.));
#13813 = ( GEOMETRIC_REPRESENTATION_CONTEXT(2) 
PARAMETRIC_REPRESENTATION_CONTEXT() REPRESENTATION_CONTEXT('2D SPACE',''
  ) );
#13814 = PCURVE('',#13780,#13815);
#13815 = DEFINITIONAL_REPRESENTATION('',(#13816),#13820);
#13816 = LINE('',#13817,#13818);
#13817 = CARTESIAN_POINT('',(0.,0.));
#13818 = VECTOR('',#13819,1.);
#13819 = DIRECTION('',(1.,0.));
#13820 = ( GEOMETRIC_REPRESENTATION_CONTEXT(2) 
PARAMETRIC_REPRESENTATION_CONTEXT() REPRESENTATION_CONTEXT('2D SPACE',''
  ) );
#13821 = ADVANCED_FACE('',(#13822),#13780,.F.);
#13822 = FACE_BOUND('',#13823,.F.);
#13823 = EDGE_LOOP('',(#13824,#13825,#13846,#13847));
#13824 = ORIENTED_EDGE('',*,*,#13763,.F.);
#13825 = ORIENTED_EDGE('',*,*,#13826,.F.);
#13826 = EDGE_CURVE('',#13799,#13764,#13827,.T.);
#13827 = SEAM_CURVE('',#13828,(#13832,#13839),.PCURVE_S1.);
#13828 = LINE('',#13829,#13830);
#13829 = CARTESIAN_POINT('',(11.,-2.694222958124E-15,45.));
#13830 = VECTOR('',#13831,1.);
#13831 = DIRECTION('',(0.,0.,1.));
#13832 = PCURVE('',#13780,#13833);
#13833 = DEFINITIONAL_REPRESENTATION('',(#13834),#13838);
#13834 = LINE('',#13835,#13836);
#13835 = CARTESIAN_POINT('',(6.28318530718,-0.));
#13836 = VECTOR('',#13837,1.);
#13837 = DIRECTION('',(0.,1.));
#13838 = ( GEOMETRIC_REPRESENTATION_CONTEXT(2) 
PARAMETRIC_REPRESENTATION_CONTEXT() REPRESENTATION_CONTEXT('2D SPACE',''
  ) );
#13839 = PCURVE('',#13780,#13840);
#13840 = DEFINITIONAL_REPRESENTATION('',(#13841),#13845);
#13841 = LINE('',#13842,#13843);
#13842 = CARTESIAN_POINT('',(0.,-0.));
#13843 = VECTOR('',#13844,1.);
#13844 = DIRECTION('',(0.,1.));
#13845 = ( GEOMETRIC_REPRESENTATION_CONTEXT(2) 
PARAMETRIC_REPRESENTATION_CONTEXT() REPRESENTATION_CONTEXT('2D SPACE',''
  ) );
#13846 = ORIENTED_EDGE('',*,*,#13798,.T.);
#13847 = ORIENTED_EDGE('',*,*,#13826,.T.);
#13848 = ( GEOMETRIC_REPRESENTATION_CONTEXT(3) 
GLOBAL_UNCERTAINTY_ASSIGNED_CONTEXT((#13852)) 
GLOBAL_UNIT_ASSIGNED_CONTEXT((#13849,#13850,#13851)) 
REPRESENTATION_CONTEXT('Context #1',
  '3D Context with UNIT and UNCERTAINTY') );
#13849 = ( LENGTH_UNIT() NAMED_UNIT(*) SI_UNIT(.MILLI.,.METRE.) );
#13850 = ( NAMED_UNIT(*) PLANE_ANGLE_UNIT() SI_UNIT($,.RADIAN.) );
#13851 = ( NAMED_UNIT(*) SI_UNIT($,.STERADIAN.) SOLID_ANGLE_UNIT() );
#13852 = UNCERTAINTY_MEASURE_WITH_UNIT(LENGTH_MEASURE(1.E-07),#13849,
  'distance_accuracy_value','confusion accuracy');
#13853 = CONTEXT_DEPENDENT_SHAPE_REPRESENTATION(#13854,#13856);
#13854 = ( REPRESENTATION_RELATIONSHIP('','',#13665,#10) 
REPRESENTATION_RELATIONSHIP_WITH_TRANSFORMATION(#13855) 
SHAPE_REPRESENTATION_RELATIONSHIP() );
#13855 = ITEM_DEFINED_TRANSFORMATION('','',#11,#219);
#13856 = PRODUCT_DEFINITION_SHAPE('Placement','Placement of an item',
  #13857);
#13857 = NEXT_ASSEMBLY_USAGE_OCCURRENCE('106','shell','',#5,#13660,$);
#13858 = PRODUCT_RELATED_PRODUCT_CATEGORY('part',$,(#13662));
#13859 = SHAPE_DEFINITION_REPRESENTATION(#13860,#13866);
#13860 = PRODUCT_DEFINITION_SHAPE('','',#13861);
#13861 = PRODUCT_DEFINITION('design','',#13862,#13865);
#13862 = PRODUCT_DEFINITION_FORMATION('','',#13863);
#13863 = PRODUCT('rear_cap','rear_cap','',(#13864));
#13864 = PRODUCT_CONTEXT('',#2,'mechanical');
#13865 = PRODUCT_DEFINITION_CONTEXT('part definition',#2,'design');
#13866 = ADVANCED_BREP_SHAPE_REPRESENTATION('',(#11,#13867),#13965);
#13867 = MANIFOLD_SOLID_BREP('',#13868);
#13868 = CLOSED_SHELL('',(#13869,#13957,#13961));
#13869 = ADVANCED_FACE('',(#13870),#13883,.T.);
#13870 = FACE_BOUND('',#13871,.T.);
#13871 = EDGE_LOOP('',(#13872,#13906,#13929,#13956));
#13872 = ORIENTED_EDGE('',*,*,#13873,.F.);
#13873 = EDGE_CURVE('',#13874,#13874,#13876,.T.);
#13874 = VERTEX_POINT('',#13875);
#13875 = CARTESIAN_POINT('',(11.,-2.694222958124E-15,145.12899630956));
#13876 = SURFACE_CURVE('',#13877,(#13882,#13894),.PCURVE_S1.);
#13877 = CIRCLE('',#13878,11.);
#13878 = AXIS2_PLACEMENT_3D('',#13879,#13880,#13881);
#13879 = CARTESIAN_POINT('',(0.,0.,145.12899630956));
#13880 = DIRECTION('',(0.,0.,1.));
#13881 = DIRECTION('',(1.,0.,-0.));
#13882 = PCURVE('',#13883,#13888);
#13883 = CONICAL_SURFACE('',#13884,12.,0.321750554397);
#13884 = AXIS2_PLACEMENT_3D('',#13885,#13886,#13887);
#13885 = CARTESIAN_POINT('',(0.,0.,142.12899630956));
#13886 = DIRECTION('',(-0.,-0.,-1.));
#13887 = DIRECTION('',(1.,0.,-0.));
#13888 = DEFINITIONAL_REPRESENTATION('',(#13889),#13893);
#13889 = LINE('',#13890,#13891);
#13890 = CARTESIAN_POINT('',(-0.,-3.));
#13891 = VECTOR('',#13892,1.);
#13892 = DIRECTION('',(-1.,-0.));
#13893 = ( GEOMETRIC_REPRESENTATION_CONTEXT(2) 
PARAMETRIC_REPRESENTATION_CONTEXT() REPRESENTATION_CONTEXT('2D SPACE',''
  ) );
#13894 = PCURVE('',#13895,#13900);
#13895 = PLANE('',#13896);
#13896 = AXIS2_PLACEMENT_3D('',#13897,#13898,#13899);
#13897 = CARTESIAN_POINT('',(0.,0.,145.12899630956));
#13898 = DIRECTION('',(0.,0.,1.));
#13899 = DIRECTION('',(1.,0.,-0.));
#13900 = DEFINITIONAL_REPRESENTATION('',(#13901),#13905);
#13901 = CIRCLE('',#13902,11.);
#13902 = AXIS2_PLACEMENT_2D('',#13903,#13904);
#13903 = CARTESIAN_POINT('',(0.,0.));
#13904 = DIRECTION('',(1.,0.));
#13905 = ( GEOMETRIC_REPRESENTATION_CONTEXT(2) 
PARAMETRIC_REPRESENTATION_CONTEXT() REPRESENTATION_CONTEXT('2D SPACE',''
  ) );
#13906 = ORIENTED_EDGE('',*,*,#13907,.F.);
#13907 = EDGE_CURVE('',#13908,#13874,#13910,.T.);
#13908 = VERTEX_POINT('',#13909);
#13909 = CARTESIAN_POINT('',(12.,-2.939152317954E-15,142.12899630956));
#13910 = SEAM_CURVE('',#13911,(#13915,#13922),.PCURVE_S1.);
#13911 = LINE('',#13912,#13913);
#13912 = CARTESIAN_POINT('',(12.,-2.939152317954E-15,142.12899630956));
#13913 = VECTOR('',#13914,1.);
#13914 = DIRECTION('',(-0.316227766017,7.745346429081E-17,0.948683298051
    ));
#13915 = PCURVE('',#13883,#13916);
#13916 = DEFINITIONAL_REPRESENTATION('',(#13917),#13921);
#13917 = LINE('',#13918,#13919);
#13918 = CARTESIAN_POINT('',(-6.28318530718,0.));
#13919 = VECTOR('',#13920,1.);
#13920 = DIRECTION('',(-0.,-1.));
#13921 = ( GEOMETRIC_REPRESENTATION_CONTEXT(2) 
PARAMETRIC_REPRESENTATION_CONTEXT() REPRESENTATION_CONTEXT('2D SPACE',''
  ) );
#13922 = PCURVE('',#13883,#13923);
#13923 = DEFINITIONAL_REPRESENTATION('',(#13924),#13928);
#13924 = LINE('',#13925,#13926);
#13925 = CARTESIAN_POINT('',(0.,-0.));
#13926 = VECTOR('',#13927,1.);
#13927 = DIRECTION('',(-0.,-1.));
#13928 = ( GEOMETRIC_REPRESENTATION_CONTEXT(2) 
PARAMETRIC_REPRESENTATION_CONTEXT() REPRESENTATION_CONTEXT('2D SPACE',''
  ) );
#13929 = ORIENTED_EDGE('',*,*,#13930,.T.);
#13930 = EDGE_CURVE('',#13908,#13908,#13931,.T.);
#13931 = SURFACE_CURVE('',#13932,(#13937,#13944),.PCURVE_S1.);
#13932 = CIRCLE('',#13933,12.);
#13933 = AXIS2_PLACEMENT_3D('',#13934,#13935,#13936);
#13934 = CARTESIAN_POINT('',(0.,0.,142.12899630956));
#13935 = DIRECTION('',(0.,0.,1.));
#13936 = DIRECTION('',(1.,0.,-0.));
#13937 = PCURVE('',#13883,#13938);
#13938 = DEFINITIONAL_REPRESENTATION('',(#13939),#13943);
#13939 = LINE('',#13940,#13941);
#13940 = CARTESIAN_POINT('',(-0.,-0.));
#13941 = VECTOR('',#13942,1.);
#13942 = DIRECTION('',(-1.,-0.));
#13943 = ( GEOMETRIC_REPRESENTATION_CONTEXT(2) 
PARAMETRIC_REPRESENTATION_CONTEXT() REPRESENTATION_CONTEXT('2D SPACE',''
  ) );
#13944 = PCURVE('',#13945,#13950);
#13945 = PLANE('',#13946);
#13946 = AXIS2_PLACEMENT_3D('',#13947,#13948,#13949);
#13947 = CARTESIAN_POINT('',(0.,0.,142.12899630956));
#13948 = DIRECTION('',(0.,0.,1.));
#13949 = DIRECTION('',(1.,0.,-0.));
#13950 = DEFINITIONAL_REPRESENTATION('',(#13951),#13955);
#13951 = CIRCLE('',#13952,12.);
#13952 = AXIS2_PLACEMENT_2D('',#13953,#13954);
#13953 = CARTESIAN_POINT('',(0.,0.));
#13954 = DIRECTION('',(1.,0.));
#13955 = ( GEOMETRIC_REPRESENTATION_CONTEXT(2) 
PARAMETRIC_REPRESENTATION_CONTEXT() REPRESENTATION_CONTEXT('2D SPACE',''
  ) );
#13956 = ORIENTED_EDGE('',*,*,#13907,.T.);
#13957 = ADVANCED_FACE('',(#13958),#13895,.T.);
#13958 = FACE_BOUND('',#13959,.T.);
#13959 = EDGE_LOOP('',(#13960));
#13960 = ORIENTED_EDGE('',*,*,#13873,.T.);
#13961 = ADVANCED_FACE('',(#13962),#13945,.F.);
#13962 = FACE_BOUND('',#13963,.T.);
#13963 = EDGE_LOOP('',(#13964));
#13964 = ORIENTED_EDGE('',*,*,#13930,.F.);
#13965 = ( GEOMETRIC_REPRESENTATION_CONTEXT(3) 
GLOBAL_UNCERTAINTY_ASSIGNED_CONTEXT((#13969)) 
GLOBAL_UNIT_ASSIGNED_CONTEXT((#13966,#13967,#13968)) 
REPRESENTATION_CONTEXT('Context #1',
  '3D Context with UNIT and UNCERTAINTY') );
#13966 = ( LENGTH_UNIT() NAMED_UNIT(*) SI_UNIT(.MILLI.,.METRE.) );
#13967 = ( NAMED_UNIT(*) PLANE_ANGLE_UNIT() SI_UNIT($,.RADIAN.) );
#13968 = ( NAMED_UNIT(*) SI_UNIT($,.STERADIAN.) SOLID_ANGLE_UNIT() );
#13969 = UNCERTAINTY_MEASURE_WITH_UNIT(LENGTH_MEASURE(1.E-07),#13966,
  'distance_accuracy_value','confusion accuracy');
#13970 = CONTEXT_DEPENDENT_SHAPE_REPRESENTATION(#13971,#13973);
#13971 = ( REPRESENTATION_RELATIONSHIP('','',#13866,#10) 
REPRESENTATION_RELATIONSHIP_WITH_TRANSFORMATION(#13972) 
SHAPE_REPRESENTATION_RELATIONSHIP() );
#13972 = ITEM_DEFINED_TRANSFORMATION('','',#11,#223);
#13973 = PRODUCT_DEFINITION_SHAPE('Placement','Placement of an item',
  #13974);
#13974 = NEXT_ASSEMBLY_USAGE_OCCURRENCE('107','rear_cap','',#5,#13861,$
  );
#13975 = PRODUCT_RELATED_PRODUCT_CATEGORY('part',$,(#13863));
#13976 = SHAPE_DEFINITION_REPRESENTATION(#13977,#13983);
#13977 = PRODUCT_DEFINITION_SHAPE('','',#13978);
#13978 = PRODUCT_DEFINITION('design','',#13979,#13982);
#13979 = PRODUCT_DEFINITION_FORMATION('','',#13980);
#13980 = PRODUCT('charging_pads','charging_pads','',(#13981));
#13981 = PRODUCT_CONTEXT('',#2,'mechanical');
#13982 = PRODUCT_DEFINITION_CONTEXT('part definition',#2,'design');
#13983 = ADVANCED_BREP_SHAPE_REPRESENTATION('',(#11,#13984),#14314);
#13984 = MANIFOLD_SOLID_BREP('',#13985);
#13985 = CLOSED_SHELL('',(#13986,#14106,#14206,#14253,#14300,#14307));
#13986 = ADVANCED_FACE('',(#13987),#14001,.F.);
#13987 = FACE_BOUND('',#13988,.F.);
#13988 = EDGE_LOOP('',(#13989,#14024,#14052,#14080));
#13989 = ORIENTED_EDGE('',*,*,#13990,.F.);
#13990 = EDGE_CURVE('',#13991,#13993,#13995,.T.);
#13991 = VERTEX_POINT('',#13992);
#13992 = CARTESIAN_POINT('',(-3.,-5.,144.82899630956));
#13993 = VERTEX_POINT('',#13994);
#13994 = CARTESIAN_POINT('',(-3.,-5.,145.12899630956));
#13995 = SURFACE_CURVE('',#13996,(#14000,#14012),.PCURVE_S1.);
#13996 = LINE('',#13997,#13998);
#13997 = CARTESIAN_POINT('',(-3.,-5.,144.82899630956));
#13998 = VECTOR('',#13999,1.);
#13999 = DIRECTION('',(0.,0.,1.));
#14000 = PCURVE('',#14001,#14006);
#14001 = PLANE('',#14002);
#14002 = AXIS2_PLACEMENT_3D('',#14003,#14004,#14005);
#14003 = CARTESIAN_POINT('',(-3.,-5.,144.82899630956));
#14004 = DIRECTION('',(1.,0.,0.));
#14005 = DIRECTION('',(0.,0.,1.));
#14006 = DEFINITIONAL_REPRESENTATION('',(#14007),#14011);
#14007 = LINE('',#14008,#14009);
#14008 = CARTESIAN_POINT('',(0.,0.));
#14009 = VECTOR('',#14010,1.);
#14010 = DIRECTION('',(1.,0.));
#14011 = ( GEOMETRIC_REPRESENTATION_CONTEXT(2) 
PARAMETRIC_REPRESENTATION_CONTEXT() REPRESENTATION_CONTEXT('2D SPACE',''
  ) );
#14012 = PCURVE('',#14013,#14018);
#14013 = PLANE('',#14014);
#14014 = AXIS2_PLACEMENT_3D('',#14015,#14016,#14017);
#14015 = CARTESIAN_POINT('',(-3.,-5.,144.82899630956));
#14016 = DIRECTION('',(0.,1.,0.));
#14017 = DIRECTION('',(0.,0.,1.));
#14018 = DEFINITIONAL_REPRESENTATION('',(#14019),#14023);
#14019 = LINE('',#14020,#14021);
#14020 = CARTESIAN_POINT('',(0.,0.));
#14021 = VECTOR('',#14022,1.);
#14022 = DIRECTION('',(1.,0.));
#14023 = ( GEOMETRIC_REPRESENTATION_CONTEXT(2) 
PARAMETRIC_REPRESENTATION_CONTEXT() REPRESENTATION_CONTEXT('2D SPACE',''
  ) );
#14024 = ORIENTED_EDGE('',*,*,#14025,.T.);
#14025 = EDGE_CURVE('',#13991,#14026,#14028,.T.);
#14026 = VERTEX_POINT('',#14027);
#14027 = CARTESIAN_POINT('',(-3.,5.,144.82899630956));
#14028 = SURFACE_CURVE('',#14029,(#14033,#14040),.PCURVE_S1.);
#14029 = LINE('',#14030,#14031);
#14030 = CARTESIAN_POINT('',(-3.,-5.,144.82899630956));
#14031 = VECTOR('',#14032,1.);
#14032 = DIRECTION('',(0.,1.,0.));
#14033 = PCURVE('',#14001,#14034);
#14034 = DEFINITIONAL_REPRESENTATION('',(#14035),#14039);
#14035 = LINE('',#14036,#14037);
#14036 = CARTESIAN_POINT('',(0.,0.));
#14037 = VECTOR('',#14038,1.);
#14038 = DIRECTION('',(0.,-1.));
#14039 = ( GEOMETRIC_REPRESENTATION_CONTEXT(2) 
PARAMETRIC_REPRESENTATION_CONTEXT() REPRESENTATION_CONTEXT('2D SPACE',''
  ) );
#14040 = PCURVE('',#14041,#14046);
#14041 = PLANE('',#14042);
#14042 = AXIS2_PLACEMENT_3D('',#14043,#14044,#14045);
#14043 = CARTESIAN_POINT('',(-3.,-5.,144.82899630956));
#14044 = DIRECTION('',(0.,0.,1.));
#14045 = DIRECTION('',(1.,0.,0.));
#14046 = DEFINITIONAL_REPRESENTATION('',(#14047),#14051);
#14047 = LINE('',#14048,#14049);
#14048 = CARTESIAN_POINT('',(0.,0.));
#14049 = VECTOR('',#14050,1.);
#14050 = DIRECTION('',(0.,1.));
#14051 = ( GEOMETRIC_REPRESENTATION_CONTEXT(2) 
PARAMETRIC_REPRESENTATION_CONTEXT() REPRESENTATION_CONTEXT('2D SPACE',''
  ) );
#14052 = ORIENTED_EDGE('',*,*,#14053,.T.);
#14053 = EDGE_CURVE('',#14026,#14054,#14056,.T.);
#14054 = VERTEX_POINT('',#14055);
#14055 = CARTESIAN_POINT('',(-3.,5.,145.12899630956));
#14056 = SURFACE_CURVE('',#14057,(#14061,#14068),.PCURVE_S1.);
#14057 = LINE('',#14058,#14059);
#14058 = CARTESIAN_POINT('',(-3.,5.,144.82899630956));
#14059 = VECTOR('',#14060,1.);
#14060 = DIRECTION('',(0.,0.,1.));
#14061 = PCURVE('',#14001,#14062);
#14062 = DEFINITIONAL_REPRESENTATION('',(#14063),#14067);
#14063 = LINE('',#14064,#14065);
#14064 = CARTESIAN_POINT('',(0.,-10.));
#14065 = VECTOR('',#14066,1.);
#14066 = DIRECTION('',(1.,0.));
#14067 = ( GEOMETRIC_REPRESENTATION_CONTEXT(2) 
PARAMETRIC_REPRESENTATION_CONTEXT() REPRESENTATION_CONTEXT('2D SPACE',''
  ) );
#14068 = PCURVE('',#14069,#14074);
#14069 = PLANE('',#14070);
#14070 = AXIS2_PLACEMENT_3D('',#14071,#14072,#14073);
#14071 = CARTESIAN_POINT('',(-3.,5.,144.82899630956));
#14072 = DIRECTION('',(0.,1.,0.));
#14073 = DIRECTION('',(0.,0.,1.));
#14074 = DEFINITIONAL_REPRESENTATION('',(#14075),#14079);
#14075 = LINE('',#14076,#14077);
#14076 = CARTESIAN_POINT('',(0.,0.));
#14077 = VECTOR('',#14078,1.);
#14078 = DIRECTION('',(1.,0.));
#14079 = ( GEOMETRIC_REPRESENTATION_CONTEXT(2) 
PARAMETRIC_REPRESENTATION_CONTEXT() REPRESENTATION_CONTEXT('2D SPACE',''
  ) );
#14080 = ORIENTED_EDGE('',*,*,#14081,.F.);
#14081 = EDGE_CURVE('',#13993,#14054,#14082,.T.);
#14082 = SURFACE_CURVE('',#14083,(#14087,#14094),.PCURVE_S1.);
#14083 = LINE('',#14084,#14085);
#14084 = CARTESIAN_POINT('',(-3.,-5.,145.12899630956));
#14085 = VECTOR('',#14086,1.);
#14086 = DIRECTION('',(0.,1.,0.));
#14087 = PCURVE('',#14001,#14088);
#14088 = DEFINITIONAL_REPRESENTATION('',(#14089),#14093);
#14089 = LINE('',#14090,#14091);
#14090 = CARTESIAN_POINT('',(0.3,0.));
#14091 = VECTOR('',#14092,1.);
#14092 = DIRECTION('',(0.,-1.));
#14093 = ( GEOMETRIC_REPRESENTATION_CONTEXT(2) 
PARAMETRIC_REPRESENTATION_CONTEXT() REPRESENTATION_CONTEXT('2D SPACE',''
  ) );
#14094 = PCURVE('',#14095,#14100);
#14095 = PLANE('',#14096);
#14096 = AXIS2_PLACEMENT_3D('',#14097,#14098,#14099);
#14097 = CARTESIAN_POINT('',(-3.,-5.,145.12899630956));
#14098 = DIRECTION('',(0.,0.,1.));
#14099 = DIRECTION('',(1.,0.,0.));
#14100 = DEFINITIONAL_REPRESENTATION('',(#14101),#14105);
#14101 = LINE('',#14102,#14103);
#14102 = CARTESIAN_POINT('',(0.,0.));
#14103 = VECTOR('',#14104,1.);
#14104 = DIRECTION('',(0.,1.));
#14105 = ( GEOMETRIC_REPRESENTATION_CONTEXT(2) 
PARAMETRIC_REPRESENTATION_CONTEXT() REPRESENTATION_CONTEXT('2D SPACE',''
  ) );
#14106 = ADVANCED_FACE('',(#14107),#14121,.T.);
#14107 = FACE_BOUND('',#14108,.T.);
#14108 = EDGE_LOOP('',(#14109,#14139,#14162,#14185));
#14109 = ORIENTED_EDGE('',*,*,#14110,.F.);
#14110 = EDGE_CURVE('',#14111,#14113,#14115,.T.);
#14111 = VERTEX_POINT('',#14112);
#14112 = CARTESIAN_POINT('',(3.,-5.,144.82899630956));
#14113 = VERTEX_POINT('',#14114);
#14114 = CARTESIAN_POINT('',(3.,-5.,145.12899630956));
#14115 = SURFACE_CURVE('',#14116,(#14120,#14132),.PCURVE_S1.);
#14116 = LINE('',#14117,#14118);
#14117 = CARTESIAN_POINT('',(3.,-5.,144.82899630956));
#14118 = VECTOR('',#14119,1.);
#14119 = DIRECTION('',(0.,0.,1.));
#14120 = PCURVE('',#14121,#14126);
#14121 = PLANE('',#14122);
#14122 = AXIS2_PLACEMENT_3D('',#14123,#14124,#14125);
#14123 = CARTESIAN_POINT('',(3.,-5.,144.82899630956));
#14124 = DIRECTION('',(1.,0.,0.));
#14125 = DIRECTION('',(0.,0.,1.));
#14126 = DEFINITIONAL_REPRESENTATION('',(#14127),#14131);
#14127 = LINE('',#14128,#14129);
#14128 = CARTESIAN_POINT('',(0.,0.));
#14129 = VECTOR('',#14130,1.);
#14130 = DIRECTION('',(1.,0.));
#14131 = ( GEOMETRIC_REPRESENTATION_CONTEXT(2) 
PARAMETRIC_REPRESENTATION_CONTEXT() REPRESENTATION_CONTEXT('2D SPACE',''
  ) );
#14132 = PCURVE('',#14013,#14133);
#14133 = DEFINITIONAL_REPRESENTATION('',(#14134),#14138);
#14134 = LINE('',#14135,#14136);
#14135 = CARTESIAN_POINT('',(0.,6.));
#14136 = VECTOR('',#14137,1.);
#14137 = DIRECTION('',(1.,0.));
#14138 = ( GEOMETRIC_REPRESENTATION_CONTEXT(2) 
PARAMETRIC_REPRESENTATION_CONTEXT() REPRESENTATION_CONTEXT('2D SPACE',''
  ) );
#14139 = ORIENTED_EDGE('',*,*,#14140,.T.);
#14140 = EDGE_CURVE('',#14111,#14141,#14143,.T.);
#14141 = VERTEX_POINT('',#14142);
#14142 = CARTESIAN_POINT('',(3.,5.,144.82899630956));
#14143 = SURFACE_CURVE('',#14144,(#14148,#14155),.PCURVE_S1.);
#14144 = LINE('',#14145,#14146);
#14145 = CARTESIAN_POINT('',(3.,-5.,144.82899630956));
#14146 = VECTOR('',#14147,1.);
#14147 = DIRECTION('',(0.,1.,0.));
#14148 = PCURVE('',#14121,#14149);
#14149 = DEFINITIONAL_REPRESENTATION('',(#14150),#14154);
#14150 = LINE('',#14151,#14152);
#14151 = CARTESIAN_POINT('',(0.,0.));
#14152 = VECTOR('',#14153,1.);
#14153 = DIRECTION('',(0.,-1.));
#14154 = ( GEOMETRIC_REPRESENTATION_CONTEXT(2) 
PARAMETRIC_REPRESENTATION_CONTEXT() REPRESENTATION_CONTEXT('2D SPACE',''
  ) );
#14155 = PCURVE('',#14041,#14156);
#14156 = DEFINITIONAL_REPRESENTATION('',(#14157),#14161);
#14157 = LINE('',#14158,#14159);
#14158 = CARTESIAN_POINT('',(6.,0.));
#14159 = VECTOR('',#14160,1.);
#14160 = DIRECTION('',(0.,1.));
#14161 = ( GEOMETRIC_REPRESENTATION_CONTEXT(2) 
PARAMETRIC_REPRESENTATION_CONTEXT() REPRESENTATION_CONTEXT('2D SPACE',''
  ) );
#14162 = ORIENTED_EDGE('',*,*,#14163,.T.);
#14163 = EDGE_CURVE('',#14141,#14164,#14166,.T.);
#14164 = VERTEX_POINT('',#14165);
#14165 = CARTESIAN_POINT('',(3.,5.,145.12899630956));
#14166 = SURFACE_CURVE('',#14167,(#14171,#14178),.PCURVE_S1.);
#14167 = LINE('',#14168,#14169);
#14168 = CARTESIAN_POINT('',(3.,5.,144.82899630956));
#14169 = VECTOR('',#14170,1.);
#14170 = DIRECTION('',(0.,0.,1.));
#14171 = PCURVE('',#14121,#14172);
#14172 = DEFINITIONAL_REPRESENTATION('',(#14173),#14177);
#14173 = LINE('',#14174,#14175);
#14174 = CARTESIAN_POINT('',(0.,-10.));
#14175 = VECTOR('',#14176,1.);
#14176 = DIRECTION('',(1.,0.));
#14177 = ( GEOMETRIC_REPRESENTATION_CONTEXT(2) 
PARAMETRIC_REPRESENTATION_CONTEXT() REPRESENTATION_CONTEXT('2D SPACE',''
  ) );
#14178 = PCURVE('',#14069,#14179);
#14179 = DEFINITIONAL_REPRESENTATION('',(#14180),#14184);
#14180 = LINE('',#14181,#14182);
#14181 = CARTESIAN_POINT('',(0.,6.));
#14182 = VECTOR('',#14183,1.);
#14183 = DIRECTION('',(1.,0.));
#14184 = ( GEOMETRIC_REPRESENTATION_CONTEXT(2) 
PARAMETRIC_REPRESENTATION_CONTEXT() REPRESENTATION_CONTEXT('2D SPACE',''
  ) );
#14185 = ORIENTED_EDGE('',*,*,#14186,.F.);
#14186 = EDGE_CURVE('',#14113,#14164,#14187,.T.);
#14187 = SURFACE_CURVE('',#14188,(#14192,#14199),.PCURVE_S1.);
#14188 = LINE('',#14189,#14190);
#14189 = CARTESIAN_POINT('',(3.,-5.,145.12899630956));
#14190 = VECTOR('',#14191,1.);
#14191 = DIRECTION('',(0.,1.,0.));
#14192 = PCURVE('',#14121,#14193);
#14193 = DEFINITIONAL_REPRESENTATION('',(#14194),#14198);
#14194 = LINE('',#14195,#14196);
#14195 = CARTESIAN_POINT('',(0.3,0.));
#14196 = VECTOR('',#14197,1.);
#14197 = DIRECTION('',(0.,-1.));
#14198 = ( GEOMETRIC_REPRESENTATION_CONTEXT(2) 
PARAMETRIC_REPRESENTATION_CONTEXT() REPRESENTATION_CONTEXT('2D SPACE',''
  ) );
#14199 = PCURVE('',#14095,#14200);
#14200 = DEFINITIONAL_REPRESENTATION('',(#14201),#14205);
#14201 = LINE('',#14202,#14203);
#14202 = CARTESIAN_POINT('',(6.,0.));
#14203 = VECTOR('',#14204,1.);
#14204 = DIRECTION('',(0.,1.));
#14205 = ( GEOMETRIC_REPRESENTATION_CONTEXT(2) 
PARAMETRIC_REPRESENTATION_CONTEXT() REPRESENTATION_CONTEXT('2D SPACE',''
  ) );
#14206 = ADVANCED_FACE('',(#14207),#14013,.F.);
#14207 = FACE_BOUND('',#14208,.F.);
#14208 = EDGE_LOOP('',(#14209,#14230,#14231,#14252));
#14209 = ORIENTED_EDGE('',*,*,#14210,.F.);
#14210 = EDGE_CURVE('',#13991,#14111,#14211,.T.);
#14211 = SURFACE_CURVE('',#14212,(#14216,#14223),.PCURVE_S1.);
#14212 = LINE('',#14213,#14214);
#14213 = CARTESIAN_POINT('',(-3.,-5.,144.82899630956));
#14214 = VECTOR('',#14215,1.);
#14215 = DIRECTION('',(1.,0.,0.));
#14216 = PCURVE('',#14013,#14217);
#14217 = DEFINITIONAL_REPRESENTATION('',(#14218),#14222);
#14218 = LINE('',#14219,#14220);
#14219 = CARTESIAN_POINT('',(0.,0.));
#14220 = VECTOR('',#14221,1.);
#14221 = DIRECTION('',(0.,1.));
#14222 = ( GEOMETRIC_REPRESENTATION_CONTEXT(2) 
PARAMETRIC_REPRESENTATION_CONTEXT() REPRESENTATION_CONTEXT('2D SPACE',''
  ) );
#14223 = PCURVE('',#14041,#14224);
#14224 = DEFINITIONAL_REPRESENTATION('',(#14225),#14229);
#14225 = LINE('',#14226,#14227);
#14226 = CARTESIAN_POINT('',(0.,0.));
#14227 = VECTOR('',#14228,1.);
#14228 = DIRECTION('',(1.,0.));
#14229 = ( GEOMETRIC_REPRESENTATION_CONTEXT(2) 
PARAMETRIC_REPRESENTATION_CONTEXT() REPRESENTATION_CONTEXT('2D SPACE',''
  ) );
#14230 = ORIENTED_EDGE('',*,*,#13990,.T.);
#14231 = ORIENTED_EDGE('',*,*,#14232,.T.);
#14232 = EDGE_CURVE('',#13993,#14113,#14233,.T.);
#14233 = SURFACE_CURVE('',#14234,(#14238,#14245),.PCURVE_S1.);
#14234 = LINE('',#14235,#14236);
#14235 = CARTESIAN_POINT('',(-3.,-5.,145.12899630956));
#14236 = VECTOR('',#14237,1.);
#14237 = DIRECTION('',(1.,0.,0.));
#14238 = PCURVE('',#14013,#14239);
#14239 = DEFINITIONAL_REPRESENTATION('',(#14240),#14244);
#14240 = LINE('',#14241,#14242);
#14241 = CARTESIAN_POINT('',(0.3,0.));
#14242 = VECTOR('',#14243,1.);
#14243 = DIRECTION('',(0.,1.));
#14244 = ( GEOMETRIC_REPRESENTATION_CONTEXT(2) 
PARAMETRIC_REPRESENTATION_CONTEXT() REPRESENTATION_CONTEXT('2D SPACE',''
  ) );
#14245 = PCURVE('',#14095,#14246);
#14246 = DEFINITIONAL_REPRESENTATION('',(#14247),#14251);
#14247 = LINE('',#14248,#14249);
#14248 = CARTESIAN_POINT('',(0.,0.));
#14249 = VECTOR('',#14250,1.);
#14250 = DIRECTION('',(1.,0.));
#14251 = ( GEOMETRIC_REPRESENTATION_CONTEXT(2) 
PARAMETRIC_REPRESENTATION_CONTEXT() REPRESENTATION_CONTEXT('2D SPACE',''
  ) );
#14252 = ORIENTED_EDGE('',*,*,#14110,.F.);
#14253 = ADVANCED_FACE('',(#14254),#14069,.T.);
#14254 = FACE_BOUND('',#14255,.T.);
#14255 = EDGE_LOOP('',(#14256,#14277,#14278,#14299));
#14256 = ORIENTED_EDGE('',*,*,#14257,.F.);
#14257 = EDGE_CURVE('',#14026,#14141,#14258,.T.);
#14258 = SURFACE_CURVE('',#14259,(#14263,#14270),.PCURVE_S1.);
#14259 = LINE('',#14260,#14261);
#14260 = CARTESIAN_POINT('',(-3.,5.,144.82899630956));
#14261 = VECTOR('',#14262,1.);
#14262 = DIRECTION('',(1.,0.,0.));
#14263 = PCURVE('',#14069,#14264);
#14264 = DEFINITIONAL_REPRESENTATION('',(#14265),#14269);
#14265 = LINE('',#14266,#14267);
#14266 = CARTESIAN_POINT('',(0.,0.));
#14267 = VECTOR('',#14268,1.);
#14268 = DIRECTION('',(0.,1.));
#14269 = ( GEOMETRIC_REPRESENTATION_CONTEXT(2) 
PARAMETRIC_REPRESENTATION_CONTEXT() REPRESENTATION_CONTEXT('2D SPACE',''
  ) );
#14270 = PCURVE('',#14041,#14271);
#14271 = DEFINITIONAL_REPRESENTATION('',(#14272),#14276);
#14272 = LINE('',#14273,#14274);
#14273 = CARTESIAN_POINT('',(0.,10.));
#14274 = VECTOR('',#14275,1.);
#14275 = DIRECTION('',(1.,0.));
#14276 = ( GEOMETRIC_REPRESENTATION_CONTEXT(2) 
PARAMETRIC_REPRESENTATION_CONTEXT() REPRESENTATION_CONTEXT('2D SPACE',''
  ) );
#14277 = ORIENTED_EDGE('',*,*,#14053,.T.);
#14278 = ORIENTED_EDGE('',*,*,#14279,.T.);
#14279 = EDGE_CURVE('',#14054,#14164,#14280,.T.);
#14280 = SURFACE_CURVE('',#14281,(#14285,#14292),.PCURVE_S1.);
#14281 = LINE('',#14282,#14283);
#14282 = CARTESIAN_POINT('',(-3.,5.,145.12899630956));
#14283 = VECTOR('',#14284,1.);
#14284 = DIRECTION('',(1.,0.,0.));
#14285 = PCURVE('',#14069,#14286);
#14286 = DEFINITIONAL_REPRESENTATION('',(#14287),#14291);
#14287 = LINE('',#14288,#14289);
#14288 = CARTESIAN_POINT('',(0.3,0.));
#14289 = VECTOR('',#14290,1.);
#14290 = DIRECTION('',(0.,1.));
#14291 = ( GEOMETRIC_REPRESENTATION_CONTEXT(2) 
PARAMETRIC_REPRESENTATION_CONTEXT() REPRESENTATION_CONTEXT('2D SPACE',''
  ) );
#14292 = PCURVE('',#14095,#14293);
#14293 = DEFINITIONAL_REPRESENTATION('',(#14294),#14298);
#14294 = LINE('',#14295,#14296);
#14295 = CARTESIAN_POINT('',(0.,10.));
#14296 = VECTOR('',#14297,1.);
#14297 = DIRECTION('',(1.,0.));
#14298 = ( GEOMETRIC_REPRESENTATION_CONTEXT(2) 
PARAMETRIC_REPRESENTATION_CONTEXT() REPRESENTATION_CONTEXT('2D SPACE',''
  ) );
#14299 = ORIENTED_EDGE('',*,*,#14163,.F.);
#14300 = ADVANCED_FACE('',(#14301),#14041,.F.);
#14301 = FACE_BOUND('',#14302,.F.);
#14302 = EDGE_LOOP('',(#14303,#14304,#14305,#14306));
#14303 = ORIENTED_EDGE('',*,*,#14025,.F.);
#14304 = ORIENTED_EDGE('',*,*,#14210,.T.);
#14305 = ORIENTED_EDGE('',*,*,#14140,.T.);
#14306 = ORIENTED_EDGE('',*,*,#14257,.F.);
#14307 = ADVANCED_FACE('',(#14308),#14095,.T.);
#14308 = FACE_BOUND('',#14309,.T.);
#14309 = EDGE_LOOP('',(#14310,#14311,#14312,#14313));
#14310 = ORIENTED_EDGE('',*,*,#14081,.F.);
#14311 = ORIENTED_EDGE('',*,*,#14232,.T.);
#14312 = ORIENTED_EDGE('',*,*,#14186,.T.);
#14313 = ORIENTED_EDGE('',*,*,#14279,.F.);
#14314 = ( GEOMETRIC_REPRESENTATION_CONTEXT(3) 
GLOBAL_UNCERTAINTY_ASSIGNED_CONTEXT((#14318)) 
GLOBAL_UNIT_ASSIGNED_CONTEXT((#14315,#14316,#14317)) 
REPRESENTATION_CONTEXT('Context #1',
  '3D Context with UNIT and UNCERTAINTY') );
#14315 = ( LENGTH_UNIT() NAMED_UNIT(*) SI_UNIT(.MILLI.,.METRE.) );
#14316 = ( NAMED_UNIT(*) PLANE_ANGLE_UNIT() SI_UNIT($,.RADIAN.) );
#14317 = ( NAMED_UNIT(*) SI_UNIT($,.STERADIAN.) SOLID_ANGLE_UNIT() );
#14318 = UNCERTAINTY_MEASURE_WITH_UNIT(LENGTH_MEASURE(1.E-07),#14315,
  'distance_accuracy_value','confusion accuracy');
#14319 = CONTEXT_DEPENDENT_SHAPE_REPRESENTATION(#14320,#14322);
#14320 = ( REPRESENTATION_RELATIONSHIP('','',#13983,#10) 
REPRESENTATION_RELATIONSHIP_WITH_TRANSFORMATION(#14321) 
SHAPE_REPRESENTATION_RELATIONSHIP() );
#14321 = ITEM_DEFINED_TRANSFORMATION('','',#11,#227);
#14322 = PRODUCT_DEFINITION_SHAPE('Placement','Placement of an item',
  #14323);
#14323 = NEXT_ASSEMBLY_USAGE_OCCURRENCE('108','charging_pads','',#5,
  #13978,$);
#14324 = PRODUCT_RELATED_PRODUCT_CATEGORY('part',$,(#13980));
#14325 = SHAPE_DEFINITION_REPRESENTATION(#14326,#14332);
#14326 = PRODUCT_DEFINITION_SHAPE('','',#14327);
#14327 = PRODUCT_DEFINITION('design','',#14328,#14331);
#14328 = PRODUCT_DEFINITION_FORMATION('','',#14329);
#14329 = PRODUCT('drive_wheel','drive_wheel','',(#14330));
#14330 = PRODUCT_CONTEXT('',#2,'mechanical');
#14331 = PRODUCT_DEFINITION_CONTEXT('part definition',#2,'design');
#14332 = ADVANCED_BREP_SHAPE_REPRESENTATION('',(#11,#14333),#14431);
#14333 = MANIFOLD_SOLID_BREP('',#14334);
#14334 = CLOSED_SHELL('',(#14335,#14423,#14427));
#14335 = ADVANCED_FACE('',(#14336),#14350,.T.);
#14336 = FACE_BOUND('',#14337,.F.);
#14337 = EDGE_LOOP('',(#14338,#14368,#14395,#14396));
#14338 = ORIENTED_EDGE('',*,*,#14339,.T.);
#14339 = EDGE_CURVE('',#14340,#14342,#14344,.T.);
#14340 = VERTEX_POINT('',#14341);
#14341 = CARTESIAN_POINT('',(-4.8,0.,3.867930328003));
#14342 = VERTEX_POINT('',#14343);
#14343 = CARTESIAN_POINT('',(-4.8,0.,4.867930328003));
#14344 = SEAM_CURVE('',#14345,(#14349,#14361),.PCURVE_S1.);
#14345 = LINE('',#14346,#14347);
#14346 = CARTESIAN_POINT('',(-4.8,0.,3.867930328003));
#14347 = VECTOR('',#14348,1.);
#14348 = DIRECTION('',(0.,0.,1.));
#14349 = PCURVE('',#14350,#14355);
#14350 = CYLINDRICAL_SURFACE('',#14351,1.);
#14351 = AXIS2_PLACEMENT_3D('',#14352,#14353,#14354);
#14352 = CARTESIAN_POINT('',(-5.8,0.,3.867930328003));
#14353 = DIRECTION('',(-0.,-0.,-1.));
#14354 = DIRECTION('',(1.,0.,0.));
#14355 = DEFINITIONAL_REPRESENTATION('',(#14356),#14360);
#14356 = LINE('',#14357,#14358);
#14357 = CARTESIAN_POINT('',(-0.,0.));
#14358 = VECTOR('',#14359,1.);
#14359 = DIRECTION('',(-0.,-1.));
#14360 = ( GEOMETRIC_REPRESENTATION_CONTEXT(2) 
PARAMETRIC_REPRESENTATION_CONTEXT() REPRESENTATION_CONTEXT('2D SPACE',''
  ) );
#14361 = PCURVE('',#14350,#14362);
#14362 = DEFINITIONAL_REPRESENTATION('',(#14363),#14367);
#14363 = LINE('',#14364,#14365);
#14364 = CARTESIAN_POINT('',(-6.28318530718,0.));
#14365 = VECTOR('',#14366,1.);
#14366 = DIRECTION('',(-0.,-1.));
#14367 = ( GEOMETRIC_REPRESENTATION_CONTEXT(2) 
PARAMETRIC_REPRESENTATION_CONTEXT() REPRESENTATION_CONTEXT('2D SPACE',''
  ) );
#14368 = ORIENTED_EDGE('',*,*,#14369,.T.);
#14369 = EDGE_CURVE('',#14342,#14342,#14370,.T.);
#14370 = SURFACE_CURVE('',#14371,(#14376,#14383),.PCURVE_S1.);
#14371 = CIRCLE('',#14372,1.);
#14372 = AXIS2_PLACEMENT_3D('',#14373,#14374,#14375);
#14373 = CARTESIAN_POINT('',(-5.8,0.,4.867930328003));
#14374 = DIRECTION('',(0.,0.,1.));
#14375 = DIRECTION('',(1.,0.,0.));
#14376 = PCURVE('',#14350,#14377);
#14377 = DEFINITIONAL_REPRESENTATION('',(#14378),#14382);
#14378 = LINE('',#14379,#14380);
#14379 = CARTESIAN_POINT('',(-0.,-1.));
#14380 = VECTOR('',#14381,1.);
#14381 = DIRECTION('',(-1.,0.));
#14382 = ( GEOMETRIC_REPRESENTATION_CONTEXT(2) 
PARAMETRIC_REPRESENTATION_CONTEXT() REPRESENTATION_CONTEXT('2D SPACE',''
  ) );
#14383 = PCURVE('',#14384,#14389);
#14384 = PLANE('',#14385);
#14385 = AXIS2_PLACEMENT_3D('',#14386,#14387,#14388);
#14386 = CARTESIAN_POINT('',(-5.8,8.737595245399E-17,4.867930328003));
#14387 = DIRECTION('',(0.,0.,1.));
#14388 = DIRECTION('',(1.,0.,-0.));
#14389 = DEFINITIONAL_REPRESENTATION('',(#14390),#14394);
#14390 = CIRCLE('',#14391,1.);
#14391 = AXIS2_PLACEMENT_2D('',#14392,#14393);
#14392 = CARTESIAN_POINT('',(0.,-8.737595245399E-17));
#14393 = DIRECTION('',(1.,0.));
#14394 = ( GEOMETRIC_REPRESENTATION_CONTEXT(2) 
PARAMETRIC_REPRESENTATION_CONTEXT() REPRESENTATION_CONTEXT('2D SPACE',''
  ) );
#14395 = ORIENTED_EDGE('',*,*,#14339,.F.);
#14396 = ORIENTED_EDGE('',*,*,#14397,.F.);
#14397 = EDGE_CURVE('',#14340,#14340,#14398,.T.);
#14398 = SURFACE_CURVE('',#14399,(#14404,#14411),.PCURVE_S1.);
#14399 = CIRCLE('',#14400,1.);
#14400 = AXIS2_PLACEMENT_3D('',#14401,#14402,#14403);
#14401 = CARTESIAN_POINT('',(-5.8,0.,3.867930328003));
#14402 = DIRECTION('',(0.,0.,1.));
#14403 = DIRECTION('',(1.,0.,0.));
#14404 = PCURVE('',#14350,#14405);
#14405 = DEFINITIONAL_REPRESENTATION('',(#14406),#14410);
#14406 = LINE('',#14407,#14408);
#14407 = CARTESIAN_POINT('',(-0.,0.));
#14408 = VECTOR('',#14409,1.);
#14409 = DIRECTION('',(-1.,0.));
#14410 = ( GEOMETRIC_REPRESENTATION_CONTEXT(2) 
PARAMETRIC_REPRESENTATION_CONTEXT() REPRESENTATION_CONTEXT('2D SPACE',''
  ) );
#14411 = PCURVE('',#14412,#14417);
#14412 = PLANE('',#14413);
#14413 = AXIS2_PLACEMENT_3D('',#14414,#14415,#14416);
#14414 = CARTESIAN_POINT('',(-5.8,8.737595245399E-17,3.867930328003));
#14415 = DIRECTION('',(0.,0.,1.));
#14416 = DIRECTION('',(1.,0.,-0.));
#14417 = DEFINITIONAL_REPRESENTATION('',(#14418),#14422);
#14418 = CIRCLE('',#14419,1.);
#14419 = AXIS2_PLACEMENT_2D('',#14420,#14421);
#14420 = CARTESIAN_POINT('',(0.,-8.737595245399E-17));
#14421 = DIRECTION('',(1.,0.));
#14422 = ( GEOMETRIC_REPRESENTATION_CONTEXT(2) 
PARAMETRIC_REPRESENTATION_CONTEXT() REPRESENTATION_CONTEXT('2D SPACE',''
  ) );
#14423 = ADVANCED_FACE('',(#14424),#14412,.F.);
#14424 = FACE_BOUND('',#14425,.F.);
#14425 = EDGE_LOOP('',(#14426));
#14426 = ORIENTED_EDGE('',*,*,#14397,.T.);
#14427 = ADVANCED_FACE('',(#14428),#14384,.T.);
#14428 = FACE_BOUND('',#14429,.T.);
#14429 = EDGE_LOOP('',(#14430));
#14430 = ORIENTED_EDGE('',*,*,#14369,.T.);
#14431 = ( GEOMETRIC_REPRESENTATION_CONTEXT(3) 
GLOBAL_UNCERTAINTY_ASSIGNED_CONTEXT((#14435)) 
GLOBAL_UNIT_ASSIGNED_CONTEXT((#14432,#14433,#14434)) 
REPRESENTATION_CONTEXT('Context #1',
  '3D Context with UNIT and UNCERTAINTY') );
#14432 = ( LENGTH_UNIT() NAMED_UNIT(*) SI_UNIT(.MILLI.,.METRE.) );
#14433 = ( NAMED_UNIT(*) PLANE_ANGLE_UNIT() SI_UNIT($,.RADIAN.) );
#14434 = ( NAMED_UNIT(*) SI_UNIT($,.STERADIAN.) SOLID_ANGLE_UNIT() );
#14435 = UNCERTAINTY_MEASURE_WITH_UNIT(LENGTH_MEASURE(1.E-07),#14432,
  'distance_accuracy_value','confusion accuracy');
#14436 = CONTEXT_DEPENDENT_SHAPE_REPRESENTATION(#14437,#14439);
#14437 = ( REPRESENTATION_RELATIONSHIP('','',#14332,#10) 
REPRESENTATION_RELATIONSHIP_WITH_TRANSFORMATION(#14438) 
SHAPE_REPRESENTATION_RELATIONSHIP() );
#14438 = ITEM_DEFINED_TRANSFORMATION('','',#11,#231);
#14439 = PRODUCT_DEFINITION_SHAPE('Placement','Placement of an item',
  #14440);
#14440 = NEXT_ASSEMBLY_USAGE_OCCURRENCE('109','drive_wheel','',#5,#14327
  ,$);
#14441 = PRODUCT_RELATED_PRODUCT_CATEGORY('part',$,(#14329));
#14442 = SHAPE_DEFINITION_REPRESENTATION(#14443,#14449);
#14443 = PRODUCT_DEFINITION_SHAPE('','',#14444);
#14444 = PRODUCT_DEFINITION('design','',#14445,#14448);
#14445 = PRODUCT_DEFINITION_FORMATION('','',#14446);
#14446 = PRODUCT('drive_fork','drive_fork','',(#14447));
#14447 = PRODUCT_CONTEXT('',#2,'mechanical');
#14448 = PRODUCT_DEFINITION_CONTEXT('part definition',#2,'design');
#14449 = ADVANCED_BREP_SHAPE_REPRESENTATION('',(#11,#14450),#14548);
#14450 = MANIFOLD_SOLID_BREP('',#14451);
#14451 = CLOSED_SHELL('',(#14452,#14540,#14544));
#14452 = ADVANCED_FACE('',(#14453),#14467,.T.);
#14453 = FACE_BOUND('',#14454,.F.);
#14454 = EDGE_LOOP('',(#14455,#14485,#14512,#14513));
#14455 = ORIENTED_EDGE('',*,*,#14456,.T.);
#14456 = EDGE_CURVE('',#14457,#14459,#14461,.T.);
#14457 = VERTEX_POINT('',#14458);
#14458 = CARTESIAN_POINT('',(-3.4,0.,4.967930328003));
#14459 = VERTEX_POINT('',#14460);
#14460 = CARTESIAN_POINT('',(-3.4,0.,5.967930328003));
#14461 = SEAM_CURVE('',#14462,(#14466,#14478),.PCURVE_S1.);
#14462 = LINE('',#14463,#14464);
#14463 = CARTESIAN_POINT('',(-3.4,0.,4.967930328003));
#14464 = VECTOR('',#14465,1.);
#14465 = DIRECTION('',(0.,0.,1.));
#14466 = PCURVE('',#14467,#14472);
#14467 = CYLINDRICAL_SURFACE('',#14468,1.5);
#14468 = AXIS2_PLACEMENT_3D('',#14469,#14470,#14471);
#14469 = CARTESIAN_POINT('',(-4.9,0.,4.967930328003));
#14470 = DIRECTION('',(-0.,-0.,-1.));
#14471 = DIRECTION('',(1.,0.,0.));
#14472 = DEFINITIONAL_REPRESENTATION('',(#14473),#14477);
#14473 = LINE('',#14474,#14475);
#14474 = CARTESIAN_POINT('',(-0.,0.));
#14475 = VECTOR('',#14476,1.);
#14476 = DIRECTION('',(-0.,-1.));
#14477 = ( GEOMETRIC_REPRESENTATION_CONTEXT(2) 
PARAMETRIC_REPRESENTATION_CONTEXT() REPRESENTATION_CONTEXT('2D SPACE',''
  ) );
#14478 = PCURVE('',#14467,#14479);
#14479 = DEFINITIONAL_REPRESENTATION('',(#14480),#14484);
#14480 = LINE('',#14481,#14482);
#14481 = CARTESIAN_POINT('',(-6.28318530718,0.));
#14482 = VECTOR('',#14483,1.);
#14483 = DIRECTION('',(-0.,-1.));
#14484 = ( GEOMETRIC_REPRESENTATION_CONTEXT(2) 
PARAMETRIC_REPRESENTATION_CONTEXT() REPRESENTATION_CONTEXT('2D SPACE',''
  ) );
#14485 = ORIENTED_EDGE('',*,*,#14486,.T.);
#14486 = EDGE_CURVE('',#14459,#14459,#14487,.T.);
#14487 = SURFACE_CURVE('',#14488,(#14493,#14500),.PCURVE_S1.);
#14488 = CIRCLE('',#14489,1.5);
#14489 = AXIS2_PLACEMENT_3D('',#14490,#14491,#14492);
#14490 = CARTESIAN_POINT('',(-4.9,0.,5.967930328003));
#14491 = DIRECTION('',(0.,0.,1.));
#14492 = DIRECTION('',(1.,0.,0.));
#14493 = PCURVE('',#14467,#14494);
#14494 = DEFINITIONAL_REPRESENTATION('',(#14495),#14499);
#14495 = LINE('',#14496,#14497);
#14496 = CARTESIAN_POINT('',(-0.,-1.));
#14497 = VECTOR('',#14498,1.);
#14498 = DIRECTION('',(-1.,0.));
#14499 = ( GEOMETRIC_REPRESENTATION_CONTEXT(2) 
PARAMETRIC_REPRESENTATION_CONTEXT() REPRESENTATION_CONTEXT('2D SPACE',''
  ) );
#14500 = PCURVE('',#14501,#14506);
#14501 = PLANE('',#14502);
#14502 = AXIS2_PLACEMENT_3D('',#14503,#14504,#14505);
#14503 = CARTESIAN_POINT('',(-4.9,-4.255667768225E-18,5.967930328003));
#14504 = DIRECTION('',(0.,0.,1.));
#14505 = DIRECTION('',(1.,0.,-0.));
#14506 = DEFINITIONAL_REPRESENTATION('',(#14507),#14511);
#14507 = CIRCLE('',#14508,1.5);
#14508 = AXIS2_PLACEMENT_2D('',#14509,#14510);
#14509 = CARTESIAN_POINT('',(0.,4.255667768225E-18));
#14510 = DIRECTION('',(1.,0.));
#14511 = ( GEOMETRIC_REPRESENTATION_CONTEXT(2) 
PARAMETRIC_REPRESENTATION_CONTEXT() REPRESENTATION_CONTEXT('2D SPACE',''
  ) );
#14512 = ORIENTED_EDGE('',*,*,#14456,.F.);
#14513 = ORIENTED_EDGE('',*,*,#14514,.F.);
#14514 = EDGE_CURVE('',#14457,#14457,#14515,.T.);
#14515 = SURFACE_CURVE('',#14516,(#14521,#14528),.PCURVE_S1.);
#14516 = CIRCLE('',#14517,1.5);
#14517 = AXIS2_PLACEMENT_3D('',#14518,#14519,#14520);
#14518 = CARTESIAN_POINT('',(-4.9,0.,4.967930328003));
#14519 = DIRECTION('',(0.,0.,1.));
#14520 = DIRECTION('',(1.,0.,0.));
#14521 = PCURVE('',#14467,#14522);
#14522 = DEFINITIONAL_REPRESENTATION('',(#14523),#14527);
#14523 = LINE('',#14524,#14525);
#14524 = CARTESIAN_POINT('',(-0.,0.));
#14525 = VECTOR('',#14526,1.);
#14526 = DIRECTION('',(-1.,0.));
#14527 = ( GEOMETRIC_REPRESENTATION_CONTEXT(2) 
PARAMETRIC_REPRESENTATION_CONTEXT() REPRESENTATION_CONTEXT('2D SPACE',''
  ) );
#14528 = PCURVE('',#14529,#14534);
#14529 = PLANE('',#14530);
#14530 = AXIS2_PLACEMENT_3D('',#14531,#14532,#14533);
#14531 = CARTESIAN_POINT('',(-4.9,-4.255667768225E-18,4.967930328003));
#14532 = DIRECTION('',(0.,0.,1.));
#14533 = DIRECTION('',(1.,0.,-0.));
#14534 = DEFINITIONAL_REPRESENTATION('',(#14535),#14539);
#14535 = CIRCLE('',#14536,1.5);
#14536 = AXIS2_PLACEMENT_2D('',#14537,#14538);
#14537 = CARTESIAN_POINT('',(0.,4.255667768225E-18));
#14538 = DIRECTION('',(1.,0.));
#14539 = ( GEOMETRIC_REPRESENTATION_CONTEXT(2) 
PARAMETRIC_REPRESENTATION_CONTEXT() REPRESENTATION_CONTEXT('2D SPACE',''
  ) );
#14540 = ADVANCED_FACE('',(#14541),#14529,.F.);
#14541 = FACE_BOUND('',#14542,.F.);
#14542 = EDGE_LOOP('',(#14543));
#14543 = ORIENTED_EDGE('',*,*,#14514,.T.);
#14544 = ADVANCED_FACE('',(#14545),#14501,.T.);
#14545 = FACE_BOUND('',#14546,.T.);
#14546 = EDGE_LOOP('',(#14547));
#14547 = ORIENTED_EDGE('',*,*,#14486,.T.);
#14548 = ( GEOMETRIC_REPRESENTATION_CONTEXT(3) 
GLOBAL_UNCERTAINTY_ASSIGNED_CONTEXT((#14552)) 
GLOBAL_UNIT_ASSIGNED_CONTEXT((#14549,#14550,#14551)) 
REPRESENTATION_CONTEXT('Context #1',
  '3D Context with UNIT and UNCERTAINTY') );
#14549 = ( LENGTH_UNIT() NAMED_UNIT(*) SI_UNIT(.MILLI.,.METRE.) );
#14550 = ( NAMED_UNIT(*) PLANE_ANGLE_UNIT() SI_UNIT($,.RADIAN.) );
#14551 = ( NAMED_UNIT(*) SI_UNIT($,.STERADIAN.) SOLID_ANGLE_UNIT() );
#14552 = UNCERTAINTY_MEASURE_WITH_UNIT(LENGTH_MEASURE(1.E-07),#14549,
  'distance_accuracy_value','confusion accuracy');
#14553 = CONTEXT_DEPENDENT_SHAPE_REPRESENTATION(#14554,#14556);
#14554 = ( REPRESENTATION_RELATIONSHIP('','',#14449,#10) 
REPRESENTATION_RELATIONSHIP_WITH_TRANSFORMATION(#14555) 
SHAPE_REPRESENTATION_RELATIONSHIP() );
#14555 = ITEM_DEFINED_TRANSFORMATION('','',#11,#235);
#14556 = PRODUCT_DEFINITION_SHAPE('Placement','Placement of an item',
  #14557);
#14557 = NEXT_ASSEMBLY_USAGE_OCCURRENCE('110','drive_fork','',#5,#14444,
  $);
#14558 = PRODUCT_RELATED_PRODUCT_CATEGORY('part',$,(#14446));
#14559 = SHAPE_DEFINITION_REPRESENTATION(#14560,#14566);
#14560 = PRODUCT_DEFINITION_SHAPE('','',#14561);
#14561 = PRODUCT_DEFINITION('design','',#14562,#14565);
#14562 = PRODUCT_DEFINITION_FORMATION('','',#14563);
#14563 = PRODUCT('drive_pod','drive_pod','',(#14564));
#14564 = PRODUCT_CONTEXT('',#2,'mechanical');
#14565 = PRODUCT_DEFINITION_CONTEXT('part definition',#2,'design');
#14566 = ADVANCED_BREP_SHAPE_REPRESENTATION('',(#11,#14567),#14897);
#14567 = MANIFOLD_SOLID_BREP('',#14568);
#14568 = CLOSED_SHELL('',(#14569,#14689,#14789,#14836,#14883,#14890));
#14569 = ADVANCED_FACE('',(#14570),#14584,.F.);
#14570 = FACE_BOUND('',#14571,.F.);
#14571 = EDGE_LOOP('',(#14572,#14607,#14635,#14663));
#14572 = ORIENTED_EDGE('',*,*,#14573,.F.);
#14573 = EDGE_CURVE('',#14574,#14576,#14578,.T.);
#14574 = VERTEX_POINT('',#14575);
#14575 = CARTESIAN_POINT('',(-6.25,-2.,5.867930328003));
#14576 = VERTEX_POINT('',#14577);
#14577 = CARTESIAN_POINT('',(-6.25,-2.,9.867930328003));
#14578 = SURFACE_CURVE('',#14579,(#14583,#14595),.PCURVE_S1.);
#14579 = LINE('',#14580,#14581);
#14580 = CARTESIAN_POINT('',(-6.25,-2.,5.867930328003));
#14581 = VECTOR('',#14582,1.);
#14582 = DIRECTION('',(0.,0.,1.));
#14583 = PCURVE('',#14584,#14589);
#14584 = PLANE('',#14585);
#14585 = AXIS2_PLACEMENT_3D('',#14586,#14587,#14588);
#14586 = CARTESIAN_POINT('',(-6.25,-2.,5.867930328003));
#14587 = DIRECTION('',(1.,0.,0.));
#14588 = DIRECTION('',(0.,0.,1.));
#14589 = DEFINITIONAL_REPRESENTATION('',(#14590),#14594);
#14590 = LINE('',#14591,#14592);
#14591 = CARTESIAN_POINT('',(0.,0.));
#14592 = VECTOR('',#14593,1.);
#14593 = DIRECTION('',(1.,0.));
#14594 = ( GEOMETRIC_REPRESENTATION_CONTEXT(2) 
PARAMETRIC_REPRESENTATION_CONTEXT() REPRESENTATION_CONTEXT('2D SPACE',''
  ) );
#14595 = PCURVE('',#14596,#14601);
#14596 = PLANE('',#14597);
#14597 = AXIS2_PLACEMENT_3D('',#14598,#14599,#14600);
#14598 = CARTESIAN_POINT('',(-6.25,-2.,5.867930328003));
#14599 = DIRECTION('',(0.,1.,0.));
#14600 = DIRECTION('',(0.,0.,1.));
#14601 = DEFINITIONAL_REPRESENTATION('',(#14602),#14606);
#14602 = LINE('',#14603,#14604);
#14603 = CARTESIAN_POINT('',(0.,0.));
#14604 = VECTOR('',#14605,1.);
#14605 = DIRECTION('',(1.,0.));
#14606 = ( GEOMETRIC_REPRESENTATION_CONTEXT(2) 
PARAMETRIC_REPRESENTATION_CONTEXT() REPRESENTATION_CONTEXT('2D SPACE',''
  ) );
#14607 = ORIENTED_EDGE('',*,*,#14608,.T.);
#14608 = EDGE_CURVE('',#14574,#14609,#14611,.T.);
#14609 = VERTEX_POINT('',#14610);
#14610 = CARTESIAN_POINT('',(-6.25,2.,5.867930328003));
#14611 = SURFACE_CURVE('',#14612,(#14616,#14623),.PCURVE_S1.);
#14612 = LINE('',#14613,#14614);
#14613 = CARTESIAN_POINT('',(-6.25,-2.,5.867930328003));
#14614 = VECTOR('',#14615,1.);
#14615 = DIRECTION('',(0.,1.,0.));
#14616 = PCURVE('',#14584,#14617);
#14617 = DEFINITIONAL_REPRESENTATION('',(#14618),#14622);
#14618 = LINE('',#14619,#14620);
#14619 = CARTESIAN_POINT('',(0.,0.));
#14620 = VECTOR('',#14621,1.);
#14621 = DIRECTION('',(0.,-1.));
#14622 = ( GEOMETRIC_REPRESENTATION_CONTEXT(2) 
PARAMETRIC_REPRESENTATION_CONTEXT() REPRESENTATION_CONTEXT('2D SPACE',''
  ) );
#14623 = PCURVE('',#14624,#14629);
#14624 = PLANE('',#14625);
#14625 = AXIS2_PLACEMENT_3D('',#14626,#14627,#14628);
#14626 = CARTESIAN_POINT('',(-6.25,-2.,5.867930328003));
#14627 = DIRECTION('',(0.,0.,1.));
#14628 = DIRECTION('',(1.,0.,0.));
#14629 = DEFINITIONAL_REPRESENTATION('',(#14630),#14634);
#14630 = LINE('',#14631,#14632);
#14631 = CARTESIAN_POINT('',(0.,0.));
#14632 = VECTOR('',#14633,1.);
#14633 = DIRECTION('',(0.,1.));
#14634 = ( GEOMETRIC_REPRESENTATION_CONTEXT(2) 
PARAMETRIC_REPRESENTATION_CONTEXT() REPRESENTATION_CONTEXT('2D SPACE',''
  ) );
#14635 = ORIENTED_EDGE('',*,*,#14636,.T.);
#14636 = EDGE_CURVE('',#14609,#14637,#14639,.T.);
#14637 = VERTEX_POINT('',#14638);
#14638 = CARTESIAN_POINT('',(-6.25,2.,9.867930328003));
#14639 = SURFACE_CURVE('',#14640,(#14644,#14651),.PCURVE_S1.);
#14640 = LINE('',#14641,#14642);
#14641 = CARTESIAN_POINT('',(-6.25,2.,5.867930328003));
#14642 = VECTOR('',#14643,1.);
#14643 = DIRECTION('',(0.,0.,1.));
#14644 = PCURVE('',#14584,#14645);
#14645 = DEFINITIONAL_REPRESENTATION('',(#14646),#14650);
#14646 = LINE('',#14647,#14648);
#14647 = CARTESIAN_POINT('',(0.,-4.));
#14648 = VECTOR('',#14649,1.);
#14649 = DIRECTION('',(1.,0.));
#14650 = ( GEOMETRIC_REPRESENTATION_CONTEXT(2) 
PARAMETRIC_REPRESENTATION_CONTEXT() REPRESENTATION_CONTEXT('2D SPACE',''
  ) );
#14651 = PCURVE('',#14652,#14657);
#14652 = PLANE('',#14653);
#14653 = AXIS2_PLACEMENT_3D('',#14654,#14655,#14656);
#14654 = CARTESIAN_POINT('',(-6.25,2.,5.867930328003));
#14655 = DIRECTION('',(0.,1.,0.));
#14656 = DIRECTION('',(0.,0.,1.));
#14657 = DEFINITIONAL_REPRESENTATION('',(#14658),#14662);
#14658 = LINE('',#14659,#14660);
#14659 = CARTESIAN_POINT('',(0.,0.));
#14660 = VECTOR('',#14661,1.);
#14661 = DIRECTION('',(1.,0.));
#14662 = ( GEOMETRIC_REPRESENTATION_CONTEXT(2) 
PARAMETRIC_REPRESENTATION_CONTEXT() REPRESENTATION_CONTEXT('2D SPACE',''
  ) );
#14663 = ORIENTED_EDGE('',*,*,#14664,.F.);
#14664 = EDGE_CURVE('',#14576,#14637,#14665,.T.);
#14665 = SURFACE_CURVE('',#14666,(#14670,#14677),.PCURVE_S1.);
#14666 = LINE('',#14667,#14668);
#14667 = CARTESIAN_POINT('',(-6.25,-2.,9.867930328003));
#14668 = VECTOR('',#14669,1.);
#14669 = DIRECTION('',(0.,1.,0.));
#14670 = PCURVE('',#14584,#14671);
#14671 = DEFINITIONAL_REPRESENTATION('',(#14672),#14676);
#14672 = LINE('',#14673,#14674);
#14673 = CARTESIAN_POINT('',(4.,0.));
#14674 = VECTOR('',#14675,1.);
#14675 = DIRECTION('',(0.,-1.));
#14676 = ( GEOMETRIC_REPRESENTATION_CONTEXT(2) 
PARAMETRIC_REPRESENTATION_CONTEXT() REPRESENTATION_CONTEXT('2D SPACE',''
  ) );
#14677 = PCURVE('',#14678,#14683);
#14678 = PLANE('',#14679);
#14679 = AXIS2_PLACEMENT_3D('',#14680,#14681,#14682);
#14680 = CARTESIAN_POINT('',(-6.25,-2.,9.867930328003));
#14681 = DIRECTION('',(0.,0.,1.));
#14682 = DIRECTION('',(1.,0.,0.));
#14683 = DEFINITIONAL_REPRESENTATION('',(#14684),#14688);
#14684 = LINE('',#14685,#14686);
#14685 = CARTESIAN_POINT('',(0.,0.));
#14686 = VECTOR('',#14687,1.);
#14687 = DIRECTION('',(0.,1.));
#14688 = ( GEOMETRIC_REPRESENTATION_CONTEXT(2) 
PARAMETRIC_REPRESENTATION_CONTEXT() REPRESENTATION_CONTEXT('2D SPACE',''
  ) );
#14689 = ADVANCED_FACE('',(#14690),#14704,.T.);
#14690 = FACE_BOUND('',#14691,.T.);
#14691 = EDGE_LOOP('',(#14692,#14722,#14745,#14768));
#14692 = ORIENTED_EDGE('',*,*,#14693,.F.);
#14693 = EDGE_CURVE('',#14694,#14696,#14698,.T.);
#14694 = VERTEX_POINT('',#14695);
#14695 = CARTESIAN_POINT('',(-4.15,-2.,5.867930328003));
#14696 = VERTEX_POINT('',#14697);
#14697 = CARTESIAN_POINT('',(-4.15,-2.,9.867930328003));
#14698 = SURFACE_CURVE('',#14699,(#14703,#14715),.PCURVE_S1.);
#14699 = LINE('',#14700,#14701);
#14700 = CARTESIAN_POINT('',(-4.15,-2.,5.867930328003));
#14701 = VECTOR('',#14702,1.);
#14702 = DIRECTION('',(0.,0.,1.));
#14703 = PCURVE('',#14704,#14709);
#14704 = PLANE('',#14705);
#14705 = AXIS2_PLACEMENT_3D('',#14706,#14707,#14708);
#14706 = CARTESIAN_POINT('',(-4.15,-2.,5.867930328003));
#14707 = DIRECTION('',(1.,0.,0.));
#14708 = DIRECTION('',(0.,0.,1.));
#14709 = DEFINITIONAL_REPRESENTATION('',(#14710),#14714);
#14710 = LINE('',#14711,#14712);
#14711 = CARTESIAN_POINT('',(0.,0.));
#14712 = VECTOR('',#14713,1.);
#14713 = DIRECTION('',(1.,0.));
#14714 = ( GEOMETRIC_REPRESENTATION_CONTEXT(2) 
PARAMETRIC_REPRESENTATION_CONTEXT() REPRESENTATION_CONTEXT('2D SPACE',''
  ) );
#14715 = PCURVE('',#14596,#14716);
#14716 = DEFINITIONAL_REPRESENTATION('',(#14717),#14721);
#14717 = LINE('',#14718,#14719);
#14718 = CARTESIAN_POINT('',(0.,2.1));
#14719 = VECTOR('',#14720,1.);
#14720 = DIRECTION('',(1.,0.));
#14721 = ( GEOMETRIC_REPRESENTATION_CONTEXT(2) 
PARAMETRIC_REPRESENTATION_CONTEXT() REPRESENTATION_CONTEXT('2D SPACE',''
  ) );
#14722 = ORIENTED_EDGE('',*,*,#14723,.T.);
#14723 = EDGE_CURVE('',#14694,#14724,#14726,.T.);
#14724 = VERTEX_POINT('',#14725);
#14725 = CARTESIAN_POINT('',(-4.15,2.,5.867930328003));
#14726 = SURFACE_CURVE('',#14727,(#14731,#14738),.PCURVE_S1.);
#14727 = LINE('',#14728,#14729);
#14728 = CARTESIAN_POINT('',(-4.15,-2.,5.867930328003));
#14729 = VECTOR('',#14730,1.);
#14730 = DIRECTION('',(0.,1.,0.));
#14731 = PCURVE('',#14704,#14732);
#14732 = DEFINITIONAL_REPRESENTATION('',(#14733),#14737);
#14733 = LINE('',#14734,#14735);
#14734 = CARTESIAN_POINT('',(0.,0.));
#14735 = VECTOR('',#14736,1.);
#14736 = DIRECTION('',(0.,-1.));
#14737 = ( GEOMETRIC_REPRESENTATION_CONTEXT(2) 
PARAMETRIC_REPRESENTATION_CONTEXT() REPRESENTATION_CONTEXT('2D SPACE',''
  ) );
#14738 = PCURVE('',#14624,#14739);
#14739 = DEFINITIONAL_REPRESENTATION('',(#14740),#14744);
#14740 = LINE('',#14741,#14742);
#14741 = CARTESIAN_POINT('',(2.1,0.));
#14742 = VECTOR('',#14743,1.);
#14743 = DIRECTION('',(0.,1.));
#14744 = ( GEOMETRIC_REPRESENTATION_CONTEXT(2) 
PARAMETRIC_REPRESENTATION_CONTEXT() REPRESENTATION_CONTEXT('2D SPACE',''
  ) );
#14745 = ORIENTED_EDGE('',*,*,#14746,.T.);
#14746 = EDGE_CURVE('',#14724,#14747,#14749,.T.);
#14747 = VERTEX_POINT('',#14748);
#14748 = CARTESIAN_POINT('',(-4.15,2.,9.867930328003));
#14749 = SURFACE_CURVE('',#14750,(#14754,#14761),.PCURVE_S1.);
#14750 = LINE('',#14751,#14752);
#14751 = CARTESIAN_POINT('',(-4.15,2.,5.867930328003));
#14752 = VECTOR('',#14753,1.);
#14753 = DIRECTION('',(0.,0.,1.));
#14754 = PCURVE('',#14704,#14755);
#14755 = DEFINITIONAL_REPRESENTATION('',(#14756),#14760);
#14756 = LINE('',#14757,#14758);
#14757 = CARTESIAN_POINT('',(0.,-4.));
#14758 = VECTOR('',#14759,1.);
#14759 = DIRECTION('',(1.,0.));
#14760 = ( GEOMETRIC_REPRESENTATION_CONTEXT(2) 
PARAMETRIC_REPRESENTATION_CONTEXT() REPRESENTATION_CONTEXT('2D SPACE',''
  ) );
#14761 = PCURVE('',#14652,#14762);
#14762 = DEFINITIONAL_REPRESENTATION('',(#14763),#14767);
#14763 = LINE('',#14764,#14765);
#14764 = CARTESIAN_POINT('',(0.,2.1));
#14765 = VECTOR('',#14766,1.);
#14766 = DIRECTION('',(1.,0.));
#14767 = ( GEOMETRIC_REPRESENTATION_CONTEXT(2) 
PARAMETRIC_REPRESENTATION_CONTEXT() REPRESENTATION_CONTEXT('2D SPACE',''
  ) );
#14768 = ORIENTED_EDGE('',*,*,#14769,.F.);
#14769 = EDGE_CURVE('',#14696,#14747,#14770,.T.);
#14770 = SURFACE_CURVE('',#14771,(#14775,#14782),.PCURVE_S1.);
#14771 = LINE('',#14772,#14773);
#14772 = CARTESIAN_POINT('',(-4.15,-2.,9.867930328003));
#14773 = VECTOR('',#14774,1.);
#14774 = DIRECTION('',(0.,1.,0.));
#14775 = PCURVE('',#14704,#14776);
#14776 = DEFINITIONAL_REPRESENTATION('',(#14777),#14781);
#14777 = LINE('',#14778,#14779);
#14778 = CARTESIAN_POINT('',(4.,0.));
#14779 = VECTOR('',#14780,1.);
#14780 = DIRECTION('',(0.,-1.));
#14781 = ( GEOMETRIC_REPRESENTATION_CONTEXT(2) 
PARAMETRIC_REPRESENTATION_CONTEXT() REPRESENTATION_CONTEXT('2D SPACE',''
  ) );
#14782 = PCURVE('',#14678,#14783);
#14783 = DEFINITIONAL_REPRESENTATION('',(#14784),#14788);
#14784 = LINE('',#14785,#14786);
#14785 = CARTESIAN_POINT('',(2.1,0.));
#14786 = VECTOR('',#14787,1.);
#14787 = DIRECTION('',(0.,1.));
#14788 = ( GEOMETRIC_REPRESENTATION_CONTEXT(2) 
PARAMETRIC_REPRESENTATION_CONTEXT() REPRESENTATION_CONTEXT('2D SPACE',''
  ) );
#14789 = ADVANCED_FACE('',(#14790),#14596,.F.);
#14790 = FACE_BOUND('',#14791,.F.);
#14791 = EDGE_LOOP('',(#14792,#14813,#14814,#14835));
#14792 = ORIENTED_EDGE('',*,*,#14793,.F.);
#14793 = EDGE_CURVE('',#14574,#14694,#14794,.T.);
#14794 = SURFACE_CURVE('',#14795,(#14799,#14806),.PCURVE_S1.);
#14795 = LINE('',#14796,#14797);
#14796 = CARTESIAN_POINT('',(-6.25,-2.,5.867930328003));
#14797 = VECTOR('',#14798,1.);
#14798 = DIRECTION('',(1.,0.,0.));
#14799 = PCURVE('',#14596,#14800);
#14800 = DEFINITIONAL_REPRESENTATION('',(#14801),#14805);
#14801 = LINE('',#14802,#14803);
#14802 = CARTESIAN_POINT('',(0.,0.));
#14803 = VECTOR('',#14804,1.);
#14804 = DIRECTION('',(0.,1.));
#14805 = ( GEOMETRIC_REPRESENTATION_CONTEXT(2) 
PARAMETRIC_REPRESENTATION_CONTEXT() REPRESENTATION_CONTEXT('2D SPACE',''
  ) );
#14806 = PCURVE('',#14624,#14807);
#14807 = DEFINITIONAL_REPRESENTATION('',(#14808),#14812);
#14808 = LINE('',#14809,#14810);
#14809 = CARTESIAN_POINT('',(0.,0.));
#14810 = VECTOR('',#14811,1.);
#14811 = DIRECTION('',(1.,0.));
#14812 = ( GEOMETRIC_REPRESENTATION_CONTEXT(2) 
PARAMETRIC_REPRESENTATION_CONTEXT() REPRESENTATION_CONTEXT('2D SPACE',''
  ) );
#14813 = ORIENTED_EDGE('',*,*,#14573,.T.);
#14814 = ORIENTED_EDGE('',*,*,#14815,.T.);
#14815 = EDGE_CURVE('',#14576,#14696,#14816,.T.);
#14816 = SURFACE_CURVE('',#14817,(#14821,#14828),.PCURVE_S1.);
#14817 = LINE('',#14818,#14819);
#14818 = CARTESIAN_POINT('',(-6.25,-2.,9.867930328003));
#14819 = VECTOR('',#14820,1.);
#14820 = DIRECTION('',(1.,0.,0.));
#14821 = PCURVE('',#14596,#14822);
#14822 = DEFINITIONAL_REPRESENTATION('',(#14823),#14827);
#14823 = LINE('',#14824,#14825);
#14824 = CARTESIAN_POINT('',(4.,0.));
#14825 = VECTOR('',#14826,1.);
#14826 = DIRECTION('',(0.,1.));
#14827 = ( GEOMETRIC_REPRESENTATION_CONTEXT(2) 
PARAMETRIC_REPRESENTATION_CONTEXT() REPRESENTATION_CONTEXT('2D SPACE',''
  ) );
#14828 = PCURVE('',#14678,#14829);
#14829 = DEFINITIONAL_REPRESENTATION('',(#14830),#14834);
#14830 = LINE('',#14831,#14832);
#14831 = CARTESIAN_POINT('',(0.,0.));
#14832 = VECTOR('',#14833,1.);
#14833 = DIRECTION('',(1.,0.));
#14834 = ( GEOMETRIC_REPRESENTATION_CONTEXT(2) 
PARAMETRIC_REPRESENTATION_CONTEXT() REPRESENTATION_CONTEXT('2D SPACE',''
  ) );
#14835 = ORIENTED_EDGE('',*,*,#14693,.F.);
#14836 = ADVANCED_FACE('',(#14837),#14652,.T.);
#14837 = FACE_BOUND('',#14838,.T.);
#14838 = EDGE_LOOP('',(#14839,#14860,#14861,#14882));
#14839 = ORIENTED_EDGE('',*,*,#14840,.F.);
#14840 = EDGE_CURVE('',#14609,#14724,#14841,.T.);
#14841 = SURFACE_CURVE('',#14842,(#14846,#14853),.PCURVE_S1.);
#14842 = LINE('',#14843,#14844);
#14843 = CARTESIAN_POINT('',(-6.25,2.,5.867930328003));
#14844 = VECTOR('',#14845,1.);
#14845 = DIRECTION('',(1.,0.,0.));
#14846 = PCURVE('',#14652,#14847);
#14847 = DEFINITIONAL_REPRESENTATION('',(#14848),#14852);
#14848 = LINE('',#14849,#14850);
#14849 = CARTESIAN_POINT('',(0.,0.));
#14850 = VECTOR('',#14851,1.);
#14851 = DIRECTION('',(0.,1.));
#14852 = ( GEOMETRIC_REPRESENTATION_CONTEXT(2) 
PARAMETRIC_REPRESENTATION_CONTEXT() REPRESENTATION_CONTEXT('2D SPACE',''
  ) );
#14853 = PCURVE('',#14624,#14854);
#14854 = DEFINITIONAL_REPRESENTATION('',(#14855),#14859);
#14855 = LINE('',#14856,#14857);
#14856 = CARTESIAN_POINT('',(0.,4.));
#14857 = VECTOR('',#14858,1.);
#14858 = DIRECTION('',(1.,0.));
#14859 = ( GEOMETRIC_REPRESENTATION_CONTEXT(2) 
PARAMETRIC_REPRESENTATION_CONTEXT() REPRESENTATION_CONTEXT('2D SPACE',''
  ) );
#14860 = ORIENTED_EDGE('',*,*,#14636,.T.);
#14861 = ORIENTED_EDGE('',*,*,#14862,.T.);
#14862 = EDGE_CURVE('',#14637,#14747,#14863,.T.);
#14863 = SURFACE_CURVE('',#14864,(#14868,#14875),.PCURVE_S1.);
#14864 = LINE('',#14865,#14866);
#14865 = CARTESIAN_POINT('',(-6.25,2.,9.867930328003));
#14866 = VECTOR('',#14867,1.);
#14867 = DIRECTION('',(1.,0.,0.));
#14868 = PCURVE('',#14652,#14869);
#14869 = DEFINITIONAL_REPRESENTATION('',(#14870),#14874);
#14870 = LINE('',#14871,#14872);
#14871 = CARTESIAN_POINT('',(4.,0.));
#14872 = VECTOR('',#14873,1.);
#14873 = DIRECTION('',(0.,1.));
#14874 = ( GEOMETRIC_REPRESENTATION_CONTEXT(2) 
PARAMETRIC_REPRESENTATION_CONTEXT() REPRESENTATION_CONTEXT('2D SPACE',''
  ) );
#14875 = PCURVE('',#14678,#14876);
#14876 = DEFINITIONAL_REPRESENTATION('',(#14877),#14881);
#14877 = LINE('',#14878,#14879);
#14878 = CARTESIAN_POINT('',(0.,4.));
#14879 = VECTOR('',#14880,1.);
#14880 = DIRECTION('',(1.,0.));
#14881 = ( GEOMETRIC_REPRESENTATION_CONTEXT(2) 
PARAMETRIC_REPRESENTATION_CONTEXT() REPRESENTATION_CONTEXT('2D SPACE',''
  ) );
#14882 = ORIENTED_EDGE('',*,*,#14746,.F.);
#14883 = ADVANCED_FACE('',(#14884),#14624,.F.);
#14884 = FACE_BOUND('',#14885,.F.);
#14885 = EDGE_LOOP('',(#14886,#14887,#14888,#14889));
#14886 = ORIENTED_EDGE('',*,*,#14608,.F.);
#14887 = ORIENTED_EDGE('',*,*,#14793,.T.);
#14888 = ORIENTED_EDGE('',*,*,#14723,.T.);
#14889 = ORIENTED_EDGE('',*,*,#14840,.F.);
#14890 = ADVANCED_FACE('',(#14891),#14678,.T.);
#14891 = FACE_BOUND('',#14892,.T.);
#14892 = EDGE_LOOP('',(#14893,#14894,#14895,#14896));
#14893 = ORIENTED_EDGE('',*,*,#14664,.F.);
#14894 = ORIENTED_EDGE('',*,*,#14815,.T.);
#14895 = ORIENTED_EDGE('',*,*,#14769,.T.);
#14896 = ORIENTED_EDGE('',*,*,#14862,.F.);
#14897 = ( GEOMETRIC_REPRESENTATION_CONTEXT(3) 
GLOBAL_UNCERTAINTY_ASSIGNED_CONTEXT((#14901)) 
GLOBAL_UNIT_ASSIGNED_CONTEXT((#14898,#14899,#14900)) 
REPRESENTATION_CONTEXT('Context #1',
  '3D Context with UNIT and UNCERTAINTY') );
#14898 = ( LENGTH_UNIT() NAMED_UNIT(*) SI_UNIT(.MILLI.,.METRE.) );
#14899 = ( NAMED_UNIT(*) PLANE_ANGLE_UNIT() SI_UNIT($,.RADIAN.) );
#14900 = ( NAMED_UNIT(*) SI_UNIT($,.STERADIAN.) SOLID_ANGLE_UNIT() );
#14901 = UNCERTAINTY_MEASURE_WITH_UNIT(LENGTH_MEASURE(1.E-07),#14898,
  'distance_accuracy_value','confusion accuracy');
#14902 = CONTEXT_DEPENDENT_SHAPE_REPRESENTATION(#14903,#14905);
#14903 = ( REPRESENTATION_RELATIONSHIP('','',#14566,#10) 
REPRESENTATION_RELATIONSHIP_WITH_TRANSFORMATION(#14904) 
SHAPE_REPRESENTATION_RELATIONSHIP() );
#14904 = ITEM_DEFINED_TRANSFORMATION('','',#11,#239);
#14905 = PRODUCT_DEFINITION_SHAPE('Placement','Placement of an item',
  #14906);
#14906 = NEXT_ASSEMBLY_USAGE_OCCURRENCE('111','drive_pod','',#5,#14561,$
  );
#14907 = PRODUCT_RELATED_PRODUCT_CATEGORY('part',$,(#14563));
#14908 = SHAPE_DEFINITION_REPRESENTATION(#14909,#14915);
#14909 = PRODUCT_DEFINITION_SHAPE('','',#14910);
#14910 = PRODUCT_DEFINITION('design','',#14911,#14914);
#14911 = PRODUCT_DEFINITION_FORMATION('','',#14912);
#14912 = PRODUCT('drive_inner_shaft_drive','drive_inner_shaft_drive','',
  (#14913));
#14913 = PRODUCT_CONTEXT('',#2,'mechanical');
#14914 = PRODUCT_DEFINITION_CONTEXT('part definition',#2,'design');
#14915 = ADVANCED_BREP_SHAPE_REPRESENTATION('',(#11,#14916),#15014);
#14916 = MANIFOLD_SOLID_BREP('',#14917);
#14917 = CLOSED_SHELL('',(#14918,#15006,#15010));
#14918 = ADVANCED_FACE('',(#14919),#14933,.T.);
#14919 = FACE_BOUND('',#14920,.F.);
#14920 = EDGE_LOOP('',(#14921,#14951,#14978,#14979));
#14921 = ORIENTED_EDGE('',*,*,#14922,.T.);
#14922 = EDGE_CURVE('',#14923,#14925,#14927,.T.);
#14923 = VERTEX_POINT('',#14924);
#14924 = CARTESIAN_POINT('',(-5.1,1.,9.867930328003));
#14925 = VERTEX_POINT('',#14926);
#14926 = CARTESIAN_POINT('',(-5.1,1.,19.167930328003));
#14927 = SEAM_CURVE('',#14928,(#14932,#14944),.PCURVE_S1.);
#14928 = LINE('',#14929,#14930);
#14929 = CARTESIAN_POINT('',(-5.1,1.,9.867930328003));
#14930 = VECTOR('',#14931,1.);
#14931 = DIRECTION('',(0.,0.,1.));
#14932 = PCURVE('',#14933,#14938);
#14933 = CYLINDRICAL_SURFACE('',#14934,0.4);
#14934 = AXIS2_PLACEMENT_3D('',#14935,#14936,#14937);
#14935 = CARTESIAN_POINT('',(-5.5,1.,9.867930328003));
#14936 = DIRECTION('',(-0.,-0.,-1.));
#14937 = DIRECTION('',(1.,0.,0.));
#14938 = DEFINITIONAL_REPRESENTATION('',(#14939),#14943);
#14939 = LINE('',#14940,#14941);
#14940 = CARTESIAN_POINT('',(-0.,0.));
#14941 = VECTOR('',#14942,1.);
#14942 = DIRECTION('',(-0.,-1.));
#14943 = ( GEOMETRIC_REPRESENTATION_CONTEXT(2) 
PARAMETRIC_REPRESENTATION_CONTEXT() REPRESENTATION_CONTEXT('2D SPACE',''
  ) );
#14944 = PCURVE('',#14933,#14945);
#14945 = DEFINITIONAL_REPRESENTATION('',(#14946),#14950);
#14946 = LINE('',#14947,#14948);
#14947 = CARTESIAN_POINT('',(-6.28318530718,0.));
#14948 = VECTOR('',#14949,1.);
#14949 = DIRECTION('',(-0.,-1.));
#14950 = ( GEOMETRIC_REPRESENTATION_CONTEXT(2) 
PARAMETRIC_REPRESENTATION_CONTEXT() REPRESENTATION_CONTEXT('2D SPACE',''
  ) );
#14951 = ORIENTED_EDGE('',*,*,#14952,.T.);
#14952 = EDGE_CURVE('',#14925,#14925,#14953,.T.);
#14953 = SURFACE_CURVE('',#14954,(#14959,#14966),.PCURVE_S1.);
#14954 = CIRCLE('',#14955,0.4);
#14955 = AXIS2_PLACEMENT_3D('',#14956,#14957,#14958);
#14956 = CARTESIAN_POINT('',(-5.5,1.,19.167930328003));
#14957 = DIRECTION('',(0.,0.,1.));
#14958 = DIRECTION('',(1.,0.,0.));
#14959 = PCURVE('',#14933,#14960);
#14960 = DEFINITIONAL_REPRESENTATION('',(#14961),#14965);
#14961 = LINE('',#14962,#14963);
#14962 = CARTESIAN_POINT('',(-0.,-9.3));
#14963 = VECTOR('',#14964,1.);
#14964 = DIRECTION('',(-1.,0.));
#14965 = ( GEOMETRIC_REPRESENTATION_CONTEXT(2) 
PARAMETRIC_REPRESENTATION_CONTEXT() REPRESENTATION_CONTEXT('2D SPACE',''
  ) );
#14966 = PCURVE('',#14967,#14972);
#14967 = PLANE('',#14968);
#14968 = AXIS2_PLACEMENT_3D('',#14969,#14970,#14971);
#14969 = CARTESIAN_POINT('',(-5.5,1.,19.167930328003));
#14970 = DIRECTION('',(0.,0.,1.));
#14971 = DIRECTION('',(1.,0.,-0.));
#14972 = DEFINITIONAL_REPRESENTATION('',(#14973),#14977);
#14973 = CIRCLE('',#14974,0.4);
#14974 = AXIS2_PLACEMENT_2D('',#14975,#14976);
#14975 = CARTESIAN_POINT('',(0.,0.));
#14976 = DIRECTION('',(1.,0.));
#14977 = ( GEOMETRIC_REPRESENTATION_CONTEXT(2) 
PARAMETRIC_REPRESENTATION_CONTEXT() REPRESENTATION_CONTEXT('2D SPACE',''
  ) );
#14978 = ORIENTED_EDGE('',*,*,#14922,.F.);
#14979 = ORIENTED_EDGE('',*,*,#14980,.F.);
#14980 = EDGE_CURVE('',#14923,#14923,#14981,.T.);
#14981 = SURFACE_CURVE('',#14982,(#14987,#14994),.PCURVE_S1.);
#14982 = CIRCLE('',#14983,0.4);
#14983 = AXIS2_PLACEMENT_3D('',#14984,#14985,#14986);
#14984 = CARTESIAN_POINT('',(-5.5,1.,9.867930328003));
#14985 = DIRECTION('',(0.,0.,1.));
#14986 = DIRECTION('',(1.,0.,0.));
#14987 = PCURVE('',#14933,#14988);
#14988 = DEFINITIONAL_REPRESENTATION('',(#14989),#14993);
#14989 = LINE('',#14990,#14991);
#14990 = CARTESIAN_POINT('',(-0.,0.));
#14991 = VECTOR('',#14992,1.);
#14992 = DIRECTION('',(-1.,0.));
#14993 = ( GEOMETRIC_REPRESENTATION_CONTEXT(2) 
PARAMETRIC_REPRESENTATION_CONTEXT() REPRESENTATION_CONTEXT('2D SPACE',''
  ) );
#14994 = PCURVE('',#14995,#15000);
#14995 = PLANE('',#14996);
#14996 = AXIS2_PLACEMENT_3D('',#14997,#14998,#14999);
#14997 = CARTESIAN_POINT('',(-5.5,1.,9.867930328003));
#14998 = DIRECTION('',(0.,0.,1.));
#14999 = DIRECTION('',(1.,0.,-0.));
#15000 = DEFINITIONAL_REPRESENTATION('',(#15001),#15005);
#15001 = CIRCLE('',#15002,0.4);
#15002 = AXIS2_PLACEMENT_2D('',#15003,#15004);
#15003 = CARTESIAN_POINT('',(0.,0.));
#15004 = DIRECTION('',(1.,0.));
#15005 = ( GEOMETRIC_REPRESENTATION_CONTEXT(2) 
PARAMETRIC_REPRESENTATION_CONTEXT() REPRESENTATION_CONTEXT('2D SPACE',''
  ) );
#15006 = ADVANCED_FACE('',(#15007),#14995,.F.);
#15007 = FACE_BOUND('',#15008,.F.);
#15008 = EDGE_LOOP('',(#15009));
#15009 = ORIENTED_EDGE('',*,*,#14980,.T.);
#15010 = ADVANCED_FACE('',(#15011),#14967,.T.);
#15011 = FACE_BOUND('',#15012,.T.);
#15012 = EDGE_LOOP('',(#15013));
#15013 = ORIENTED_EDGE('',*,*,#14952,.T.);
#15014 = ( GEOMETRIC_REPRESENTATION_CONTEXT(3) 
GLOBAL_UNCERTAINTY_ASSIGNED_CONTEXT((#15018)) 
GLOBAL_UNIT_ASSIGNED_CONTEXT((#15015,#15016,#15017)) 
REPRESENTATION_CONTEXT('Context #1',
  '3D Context with UNIT and UNCERTAINTY') );
#15015 = ( LENGTH_UNIT() NAMED_UNIT(*) SI_UNIT(.MILLI.,.METRE.) );
#15016 = ( NAMED_UNIT(*) PLANE_ANGLE_UNIT() SI_UNIT($,.RADIAN.) );
#15017 = ( NAMED_UNIT(*) SI_UNIT($,.STERADIAN.) SOLID_ANGLE_UNIT() );
#15018 = UNCERTAINTY_MEASURE_WITH_UNIT(LENGTH_MEASURE(1.E-07),#15015,
  'distance_accuracy_value','confusion accuracy');
#15019 = CONTEXT_DEPENDENT_SHAPE_REPRESENTATION(#15020,#15022);
#15020 = ( REPRESENTATION_RELATIONSHIP('','',#14915,#10) 
REPRESENTATION_RELATIONSHIP_WITH_TRANSFORMATION(#15021) 
SHAPE_REPRESENTATION_RELATIONSHIP() );
#15021 = ITEM_DEFINED_TRANSFORMATION('','',#11,#243);
#15022 = PRODUCT_DEFINITION_SHAPE('Placement','Placement of an item',
  #15023);
#15023 = NEXT_ASSEMBLY_USAGE_OCCURRENCE('112','drive_inner_shaft_drive',
  '',#5,#14910,$);
#15024 = PRODUCT_RELATED_PRODUCT_CATEGORY('part',$,(#14912));
#15025 = SHAPE_DEFINITION_REPRESENTATION(#15026,#15032);
#15026 = PRODUCT_DEFINITION_SHAPE('','',#15027);
#15027 = PRODUCT_DEFINITION('design','',#15028,#15031);
#15028 = PRODUCT_DEFINITION_FORMATION('','',#15029);
#15029 = PRODUCT('drive_inner_shaft_steering',
  'drive_inner_shaft_steering','',(#15030));
#15030 = PRODUCT_CONTEXT('',#2,'mechanical');
#15031 = PRODUCT_DEFINITION_CONTEXT('part definition',#2,'design');
#15032 = ADVANCED_BREP_SHAPE_REPRESENTATION('',(#11,#15033),#15131);
#15033 = MANIFOLD_SOLID_BREP('',#15034);
#15034 = CLOSED_SHELL('',(#15035,#15123,#15127));
#15035 = ADVANCED_FACE('',(#15036),#15050,.T.);
#15036 = FACE_BOUND('',#15037,.F.);
#15037 = EDGE_LOOP('',(#15038,#15068,#15095,#15096));
#15038 = ORIENTED_EDGE('',*,*,#15039,.T.);
#15039 = EDGE_CURVE('',#15040,#15042,#15044,.T.);
#15040 = VERTEX_POINT('',#15041);
#15041 = CARTESIAN_POINT('',(-5.1,-1.,9.867930328003));
#15042 = VERTEX_POINT('',#15043);
#15043 = CARTESIAN_POINT('',(-5.1,-1.,19.167930328003));
#15044 = SEAM_CURVE('',#15045,(#15049,#15061),.PCURVE_S1.);
#15045 = LINE('',#15046,#15047);
#15046 = CARTESIAN_POINT('',(-5.1,-1.,9.867930328003));
#15047 = VECTOR('',#15048,1.);
#15048 = DIRECTION('',(0.,0.,1.));
#15049 = PCURVE('',#15050,#15055);
#15050 = CYLINDRICAL_SURFACE('',#15051,0.4);
#15051 = AXIS2_PLACEMENT_3D('',#15052,#15053,#15054);
#15052 = CARTESIAN_POINT('',(-5.5,-1.,9.867930328003));
#15053 = DIRECTION('',(-0.,-0.,-1.));
#15054 = DIRECTION('',(1.,0.,0.));
#15055 = DEFINITIONAL_REPRESENTATION('',(#15056),#15060);
#15056 = LINE('',#15057,#15058);
#15057 = CARTESIAN_POINT('',(-0.,0.));
#15058 = VECTOR('',#15059,1.);
#15059 = DIRECTION('',(-0.,-1.));
#15060 = ( GEOMETRIC_REPRESENTATION_CONTEXT(2) 
PARAMETRIC_REPRESENTATION_CONTEXT() REPRESENTATION_CONTEXT('2D SPACE',''
  ) );
#15061 = PCURVE('',#15050,#15062);
#15062 = DEFINITIONAL_REPRESENTATION('',(#15063),#15067);
#15063 = LINE('',#15064,#15065);
#15064 = CARTESIAN_POINT('',(-6.28318530718,0.));
#15065 = VECTOR('',#15066,1.);
#15066 = DIRECTION('',(-0.,-1.));
#15067 = ( GEOMETRIC_REPRESENTATION_CONTEXT(2) 
PARAMETRIC_REPRESENTATION_CONTEXT() REPRESENTATION_CONTEXT('2D SPACE',''
  ) );
#15068 = ORIENTED_EDGE('',*,*,#15069,.T.);
#15069 = EDGE_CURVE('',#15042,#15042,#15070,.T.);
#15070 = SURFACE_CURVE('',#15071,(#15076,#15083),.PCURVE_S1.);
#15071 = CIRCLE('',#15072,0.4);
#15072 = AXIS2_PLACEMENT_3D('',#15073,#15074,#15075);
#15073 = CARTESIAN_POINT('',(-5.5,-1.,19.167930328003));
#15074 = DIRECTION('',(0.,0.,1.));
#15075 = DIRECTION('',(1.,0.,0.));
#15076 = PCURVE('',#15050,#15077);
#15077 = DEFINITIONAL_REPRESENTATION('',(#15078),#15082);
#15078 = LINE('',#15079,#15080);
#15079 = CARTESIAN_POINT('',(-0.,-9.3));
#15080 = VECTOR('',#15081,1.);
#15081 = DIRECTION('',(-1.,0.));
#15082 = ( GEOMETRIC_REPRESENTATION_CONTEXT(2) 
PARAMETRIC_REPRESENTATION_CONTEXT() REPRESENTATION_CONTEXT('2D SPACE',''
  ) );
#15083 = PCURVE('',#15084,#15089);
#15084 = PLANE('',#15085);
#15085 = AXIS2_PLACEMENT_3D('',#15086,#15087,#15088);
#15086 = CARTESIAN_POINT('',(-5.5,-1.,19.167930328003));
#15087 = DIRECTION('',(0.,0.,1.));
#15088 = DIRECTION('',(1.,0.,-0.));
#15089 = DEFINITIONAL_REPRESENTATION('',(#15090),#15094);
#15090 = CIRCLE('',#15091,0.4);
#15091 = AXIS2_PLACEMENT_2D('',#15092,#15093);
#15092 = CARTESIAN_POINT('',(0.,0.));
#15093 = DIRECTION('',(1.,0.));
#15094 = ( GEOMETRIC_REPRESENTATION_CONTEXT(2) 
PARAMETRIC_REPRESENTATION_CONTEXT() REPRESENTATION_CONTEXT('2D SPACE',''
  ) );
#15095 = ORIENTED_EDGE('',*,*,#15039,.F.);
#15096 = ORIENTED_EDGE('',*,*,#15097,.F.);
#15097 = EDGE_CURVE('',#15040,#15040,#15098,.T.);
#15098 = SURFACE_CURVE('',#15099,(#15104,#15111),.PCURVE_S1.);
#15099 = CIRCLE('',#15100,0.4);
#15100 = AXIS2_PLACEMENT_3D('',#15101,#15102,#15103);
#15101 = CARTESIAN_POINT('',(-5.5,-1.,9.867930328003));
#15102 = DIRECTION('',(0.,0.,1.));
#15103 = DIRECTION('',(1.,0.,0.));
#15104 = PCURVE('',#15050,#15105);
#15105 = DEFINITIONAL_REPRESENTATION('',(#15106),#15110);
#15106 = LINE('',#15107,#15108);
#15107 = CARTESIAN_POINT('',(-0.,0.));
#15108 = VECTOR('',#15109,1.);
#15109 = DIRECTION('',(-1.,0.));
#15110 = ( GEOMETRIC_REPRESENTATION_CONTEXT(2) 
PARAMETRIC_REPRESENTATION_CONTEXT() REPRESENTATION_CONTEXT('2D SPACE',''
  ) );
#15111 = PCURVE('',#15112,#15117);
#15112 = PLANE('',#15113);
#15113 = AXIS2_PLACEMENT_3D('',#15114,#15115,#15116);
#15114 = CARTESIAN_POINT('',(-5.5,-1.,9.867930328003));
#15115 = DIRECTION('',(0.,0.,1.));
#15116 = DIRECTION('',(1.,0.,-0.));
#15117 = DEFINITIONAL_REPRESENTATION('',(#15118),#15122);
#15118 = CIRCLE('',#15119,0.4);
#15119 = AXIS2_PLACEMENT_2D('',#15120,#15121);
#15120 = CARTESIAN_POINT('',(0.,0.));
#15121 = DIRECTION('',(1.,0.));
#15122 = ( GEOMETRIC_REPRESENTATION_CONTEXT(2) 
PARAMETRIC_REPRESENTATION_CONTEXT() REPRESENTATION_CONTEXT('2D SPACE',''
  ) );
#15123 = ADVANCED_FACE('',(#15124),#15112,.F.);
#15124 = FACE_BOUND('',#15125,.F.);
#15125 = EDGE_LOOP('',(#15126));
#15126 = ORIENTED_EDGE('',*,*,#15097,.T.);
#15127 = ADVANCED_FACE('',(#15128),#15084,.T.);
#15128 = FACE_BOUND('',#15129,.T.);
#15129 = EDGE_LOOP('',(#15130));
#15130 = ORIENTED_EDGE('',*,*,#15069,.T.);
#15131 = ( GEOMETRIC_REPRESENTATION_CONTEXT(3) 
GLOBAL_UNCERTAINTY_ASSIGNED_CONTEXT((#15135)) 
GLOBAL_UNIT_ASSIGNED_CONTEXT((#15132,#15133,#15134)) 
REPRESENTATION_CONTEXT('Context #1',
  '3D Context with UNIT and UNCERTAINTY') );
#15132 = ( LENGTH_UNIT() NAMED_UNIT(*) SI_UNIT(.MILLI.,.METRE.) );
#15133 = ( NAMED_UNIT(*) PLANE_ANGLE_UNIT() SI_UNIT($,.RADIAN.) );
#15134 = ( NAMED_UNIT(*) SI_UNIT($,.STERADIAN.) SOLID_ANGLE_UNIT() );
#15135 = UNCERTAINTY_MEASURE_WITH_UNIT(LENGTH_MEASURE(1.E-07),#15132,
  'distance_accuracy_value','confusion accuracy');
#15136 = CONTEXT_DEPENDENT_SHAPE_REPRESENTATION(#15137,#15139);
#15137 = ( REPRESENTATION_RELATIONSHIP('','',#15032,#10) 
REPRESENTATION_RELATIONSHIP_WITH_TRANSFORMATION(#15138) 
SHAPE_REPRESENTATION_RELATIONSHIP() );
#15138 = ITEM_DEFINED_TRANSFORMATION('','',#11,#247);
#15139 = PRODUCT_DEFINITION_SHAPE('Placement','Placement of an item',
  #15140);
#15140 = NEXT_ASSEMBLY_USAGE_OCCURRENCE('113',
  'drive_inner_shaft_steering','',#5,#15027,$);
#15141 = PRODUCT_RELATED_PRODUCT_CATEGORY('part',$,(#15029));
#15142 = SHAPE_DEFINITION_REPRESENTATION(#15143,#15149);
#15143 = PRODUCT_DEFINITION_SHAPE('','',#15144);
#15144 = PRODUCT_DEFINITION('design','',#15145,#15148);
#15145 = PRODUCT_DEFINITION_FORMATION('','',#15146);
#15146 = PRODUCT('drive_front_transfer','drive_front_transfer','',(
    #15147));
#15147 = PRODUCT_CONTEXT('',#2,'mechanical');
#15148 = PRODUCT_DEFINITION_CONTEXT('part definition',#2,'design');
#15149 = ADVANCED_BREP_SHAPE_REPRESENTATION('',(#11,#15150),#15480);
#15150 = MANIFOLD_SOLID_BREP('',#15151);
#15151 = CLOSED_SHELL('',(#15152,#15272,#15372,#15419,#15466,#15473));
#15152 = ADVANCED_FACE('',(#15153),#15167,.F.);
#15153 = FACE_BOUND('',#15154,.F.);
#15154 = EDGE_LOOP('',(#15155,#15190,#15218,#15246));
#15155 = ORIENTED_EDGE('',*,*,#15156,.F.);
#15156 = EDGE_CURVE('',#15157,#15159,#15161,.T.);
#15157 = VERTEX_POINT('',#15158);
#15158 = CARTESIAN_POINT('',(-10.5,-3.,19.167930328003));
#15159 = VERTEX_POINT('',#15160);
#15160 = CARTESIAN_POINT('',(-10.5,-3.,21.167930328003));
#15161 = SURFACE_CURVE('',#15162,(#15166,#15178),.PCURVE_S1.);
#15162 = LINE('',#15163,#15164);
#15163 = CARTESIAN_POINT('',(-10.5,-3.,19.167930328003));
#15164 = VECTOR('',#15165,1.);
#15165 = DIRECTION('',(0.,0.,1.));
#15166 = PCURVE('',#15167,#15172);
#15167 = PLANE('',#15168);
#15168 = AXIS2_PLACEMENT_3D('',#15169,#15170,#15171);
#15169 = CARTESIAN_POINT('',(-10.5,-3.,19.167930328003));
#15170 = DIRECTION('',(1.,0.,0.));
#15171 = DIRECTION('',(0.,0.,1.));
#15172 = DEFINITIONAL_REPRESENTATION('',(#15173),#15177);
#15173 = LINE('',#15174,#15175);
#15174 = CARTESIAN_POINT('',(0.,0.));
#15175 = VECTOR('',#15176,1.);
#15176 = DIRECTION('',(1.,0.));
#15177 = ( GEOMETRIC_REPRESENTATION_CONTEXT(2) 
PARAMETRIC_REPRESENTATION_CONTEXT() REPRESENTATION_CONTEXT('2D SPACE',''
  ) );
#15178 = PCURVE('',#15179,#15184);
#15179 = PLANE('',#15180);
#15180 = AXIS2_PLACEMENT_3D('',#15181,#15182,#15183);
#15181 = CARTESIAN_POINT('',(-10.5,-3.,19.167930328003));
#15182 = DIRECTION('',(0.,1.,0.));
#15183 = DIRECTION('',(0.,0.,1.));
#15184 = DEFINITIONAL_REPRESENTATION('',(#15185),#15189);
#15185 = LINE('',#15186,#15187);
#15186 = CARTESIAN_POINT('',(0.,0.));
#15187 = VECTOR('',#15188,1.);
#15188 = DIRECTION('',(1.,0.));
#15189 = ( GEOMETRIC_REPRESENTATION_CONTEXT(2) 
PARAMETRIC_REPRESENTATION_CONTEXT() REPRESENTATION_CONTEXT('2D SPACE',''
  ) );
#15190 = ORIENTED_EDGE('',*,*,#15191,.T.);
#15191 = EDGE_CURVE('',#15157,#15192,#15194,.T.);
#15192 = VERTEX_POINT('',#15193);
#15193 = CARTESIAN_POINT('',(-10.5,3.,19.167930328003));
#15194 = SURFACE_CURVE('',#15195,(#15199,#15206),.PCURVE_S1.);
#15195 = LINE('',#15196,#15197);
#15196 = CARTESIAN_POINT('',(-10.5,-3.,19.167930328003));
#15197 = VECTOR('',#15198,1.);
#15198 = DIRECTION('',(0.,1.,0.));
#15199 = PCURVE('',#15167,#15200);
#15200 = DEFINITIONAL_REPRESENTATION('',(#15201),#15205);
#15201 = LINE('',#15202,#15203);
#15202 = CARTESIAN_POINT('',(0.,0.));
#15203 = VECTOR('',#15204,1.);
#15204 = DIRECTION('',(0.,-1.));
#15205 = ( GEOMETRIC_REPRESENTATION_CONTEXT(2) 
PARAMETRIC_REPRESENTATION_CONTEXT() REPRESENTATION_CONTEXT('2D SPACE',''
  ) );
#15206 = PCURVE('',#15207,#15212);
#15207 = PLANE('',#15208);
#15208 = AXIS2_PLACEMENT_3D('',#15209,#15210,#15211);
#15209 = CARTESIAN_POINT('',(-10.5,-3.,19.167930328003));
#15210 = DIRECTION('',(0.,0.,1.));
#15211 = DIRECTION('',(1.,0.,0.));
#15212 = DEFINITIONAL_REPRESENTATION('',(#15213),#15217);
#15213 = LINE('',#15214,#15215);
#15214 = CARTESIAN_POINT('',(0.,0.));
#15215 = VECTOR('',#15216,1.);
#15216 = DIRECTION('',(0.,1.));
#15217 = ( GEOMETRIC_REPRESENTATION_CONTEXT(2) 
PARAMETRIC_REPRESENTATION_CONTEXT() REPRESENTATION_CONTEXT('2D SPACE',''
  ) );
#15218 = ORIENTED_EDGE('',*,*,#15219,.T.);
#15219 = EDGE_CURVE('',#15192,#15220,#15222,.T.);
#15220 = VERTEX_POINT('',#15221);
#15221 = CARTESIAN_POINT('',(-10.5,3.,21.167930328003));
#15222 = SURFACE_CURVE('',#15223,(#15227,#15234),.PCURVE_S1.);
#15223 = LINE('',#15224,#15225);
#15224 = CARTESIAN_POINT('',(-10.5,3.,19.167930328003));
#15225 = VECTOR('',#15226,1.);
#15226 = DIRECTION('',(0.,0.,1.));
#15227 = PCURVE('',#15167,#15228);
#15228 = DEFINITIONAL_REPRESENTATION('',(#15229),#15233);
#15229 = LINE('',#15230,#15231);
#15230 = CARTESIAN_POINT('',(0.,-6.));
#15231 = VECTOR('',#15232,1.);
#15232 = DIRECTION('',(1.,0.));
#15233 = ( GEOMETRIC_REPRESENTATION_CONTEXT(2) 
PARAMETRIC_REPRESENTATION_CONTEXT() REPRESENTATION_CONTEXT('2D SPACE',''
  ) );
#15234 = PCURVE('',#15235,#15240);
#15235 = PLANE('',#15236);
#15236 = AXIS2_PLACEMENT_3D('',#15237,#15238,#15239);
#15237 = CARTESIAN_POINT('',(-10.5,3.,19.167930328003));
#15238 = DIRECTION('',(0.,1.,0.));
#15239 = DIRECTION('',(0.,0.,1.));
#15240 = DEFINITIONAL_REPRESENTATION('',(#15241),#15245);
#15241 = LINE('',#15242,#15243);
#15242 = CARTESIAN_POINT('',(0.,0.));
#15243 = VECTOR('',#15244,1.);
#15244 = DIRECTION('',(1.,0.));
#15245 = ( GEOMETRIC_REPRESENTATION_CONTEXT(2) 
PARAMETRIC_REPRESENTATION_CONTEXT() REPRESENTATION_CONTEXT('2D SPACE',''
  ) );
#15246 = ORIENTED_EDGE('',*,*,#15247,.F.);
#15247 = EDGE_CURVE('',#15159,#15220,#15248,.T.);
#15248 = SURFACE_CURVE('',#15249,(#15253,#15260),.PCURVE_S1.);
#15249 = LINE('',#15250,#15251);
#15250 = CARTESIAN_POINT('',(-10.5,-3.,21.167930328003));
#15251 = VECTOR('',#15252,1.);
#15252 = DIRECTION('',(0.,1.,0.));
#15253 = PCURVE('',#15167,#15254);
#15254 = DEFINITIONAL_REPRESENTATION('',(#15255),#15259);
#15255 = LINE('',#15256,#15257);
#15256 = CARTESIAN_POINT('',(2.,0.));
#15257 = VECTOR('',#15258,1.);
#15258 = DIRECTION('',(0.,-1.));
#15259 = ( GEOMETRIC_REPRESENTATION_CONTEXT(2) 
PARAMETRIC_REPRESENTATION_CONTEXT() REPRESENTATION_CONTEXT('2D SPACE',''
  ) );
#15260 = PCURVE('',#15261,#15266);
#15261 = PLANE('',#15262);
#15262 = AXIS2_PLACEMENT_3D('',#15263,#15264,#15265);
#15263 = CARTESIAN_POINT('',(-10.5,-3.,21.167930328003));
#15264 = DIRECTION('',(0.,0.,1.));
#15265 = DIRECTION('',(1.,0.,0.));
#15266 = DEFINITIONAL_REPRESENTATION('',(#15267),#15271);
#15267 = LINE('',#15268,#15269);
#15268 = CARTESIAN_POINT('',(0.,0.));
#15269 = VECTOR('',#15270,1.);
#15270 = DIRECTION('',(0.,1.));
#15271 = ( GEOMETRIC_REPRESENTATION_CONTEXT(2) 
PARAMETRIC_REPRESENTATION_CONTEXT() REPRESENTATION_CONTEXT('2D SPACE',''
  ) );
#15272 = ADVANCED_FACE('',(#15273),#15287,.T.);
#15273 = FACE_BOUND('',#15274,.T.);
#15274 = EDGE_LOOP('',(#15275,#15305,#15328,#15351));
#15275 = ORIENTED_EDGE('',*,*,#15276,.F.);
#15276 = EDGE_CURVE('',#15277,#15279,#15281,.T.);
#15277 = VERTEX_POINT('',#15278);
#15278 = CARTESIAN_POINT('',(-7.5,-3.,19.167930328003));
#15279 = VERTEX_POINT('',#15280);
#15280 = CARTESIAN_POINT('',(-7.5,-3.,21.167930328003));
#15281 = SURFACE_CURVE('',#15282,(#15286,#15298),.PCURVE_S1.);
#15282 = LINE('',#15283,#15284);
#15283 = CARTESIAN_POINT('',(-7.5,-3.,19.167930328003));
#15284 = VECTOR('',#15285,1.);
#15285 = DIRECTION('',(0.,0.,1.));
#15286 = PCURVE('',#15287,#15292);
#15287 = PLANE('',#15288);
#15288 = AXIS2_PLACEMENT_3D('',#15289,#15290,#15291);
#15289 = CARTESIAN_POINT('',(-7.5,-3.,19.167930328003));
#15290 = DIRECTION('',(1.,0.,0.));
#15291 = DIRECTION('',(0.,0.,1.));
#15292 = DEFINITIONAL_REPRESENTATION('',(#15293),#15297);
#15293 = LINE('',#15294,#15295);
#15294 = CARTESIAN_POINT('',(0.,0.));
#15295 = VECTOR('',#15296,1.);
#15296 = DIRECTION('',(1.,0.));
#15297 = ( GEOMETRIC_REPRESENTATION_CONTEXT(2) 
PARAMETRIC_REPRESENTATION_CONTEXT() REPRESENTATION_CONTEXT('2D SPACE',''
  ) );
#15298 = PCURVE('',#15179,#15299);
#15299 = DEFINITIONAL_REPRESENTATION('',(#15300),#15304);
#15300 = LINE('',#15301,#15302);
#15301 = CARTESIAN_POINT('',(0.,3.));
#15302 = VECTOR('',#15303,1.);
#15303 = DIRECTION('',(1.,0.));
#15304 = ( GEOMETRIC_REPRESENTATION_CONTEXT(2) 
PARAMETRIC_REPRESENTATION_CONTEXT() REPRESENTATION_CONTEXT('2D SPACE',''
  ) );
#15305 = ORIENTED_EDGE('',*,*,#15306,.T.);
#15306 = EDGE_CURVE('',#15277,#15307,#15309,.T.);
#15307 = VERTEX_POINT('',#15308);
#15308 = CARTESIAN_POINT('',(-7.5,3.,19.167930328003));
#15309 = SURFACE_CURVE('',#15310,(#15314,#15321),.PCURVE_S1.);
#15310 = LINE('',#15311,#15312);
#15311 = CARTESIAN_POINT('',(-7.5,-3.,19.167930328003));
#15312 = VECTOR('',#15313,1.);
#15313 = DIRECTION('',(0.,1.,0.));
#15314 = PCURVE('',#15287,#15315);
#15315 = DEFINITIONAL_REPRESENTATION('',(#15316),#15320);
#15316 = LINE('',#15317,#15318);
#15317 = CARTESIAN_POINT('',(0.,0.));
#15318 = VECTOR('',#15319,1.);
#15319 = DIRECTION('',(0.,-1.));
#15320 = ( GEOMETRIC_REPRESENTATION_CONTEXT(2) 
PARAMETRIC_REPRESENTATION_CONTEXT() REPRESENTATION_CONTEXT('2D SPACE',''
  ) );
#15321 = PCURVE('',#15207,#15322);
#15322 = DEFINITIONAL_REPRESENTATION('',(#15323),#15327);
#15323 = LINE('',#15324,#15325);
#15324 = CARTESIAN_POINT('',(3.,0.));
#15325 = VECTOR('',#15326,1.);
#15326 = DIRECTION('',(0.,1.));
#15327 = ( GEOMETRIC_REPRESENTATION_CONTEXT(2) 
PARAMETRIC_REPRESENTATION_CONTEXT() REPRESENTATION_CONTEXT('2D SPACE',''
  ) );
#15328 = ORIENTED_EDGE('',*,*,#15329,.T.);
#15329 = EDGE_CURVE('',#15307,#15330,#15332,.T.);
#15330 = VERTEX_POINT('',#15331);
#15331 = CARTESIAN_POINT('',(-7.5,3.,21.167930328003));
#15332 = SURFACE_CURVE('',#15333,(#15337,#15344),.PCURVE_S1.);
#15333 = LINE('',#15334,#15335);
#15334 = CARTESIAN_POINT('',(-7.5,3.,19.167930328003));
#15335 = VECTOR('',#15336,1.);
#15336 = DIRECTION('',(0.,0.,1.));
#15337 = PCURVE('',#15287,#15338);
#15338 = DEFINITIONAL_REPRESENTATION('',(#15339),#15343);
#15339 = LINE('',#15340,#15341);
#15340 = CARTESIAN_POINT('',(0.,-6.));
#15341 = VECTOR('',#15342,1.);
#15342 = DIRECTION('',(1.,0.));
#15343 = ( GEOMETRIC_REPRESENTATION_CONTEXT(2) 
PARAMETRIC_REPRESENTATION_CONTEXT() REPRESENTATION_CONTEXT('2D SPACE',''
  ) );
#15344 = PCURVE('',#15235,#15345);
#15345 = DEFINITIONAL_REPRESENTATION('',(#15346),#15350);
#15346 = LINE('',#15347,#15348);
#15347 = CARTESIAN_POINT('',(0.,3.));
#15348 = VECTOR('',#15349,1.);
#15349 = DIRECTION('',(1.,0.));
#15350 = ( GEOMETRIC_REPRESENTATION_CONTEXT(2) 
PARAMETRIC_REPRESENTATION_CONTEXT() REPRESENTATION_CONTEXT('2D SPACE',''
  ) );
#15351 = ORIENTED_EDGE('',*,*,#15352,.F.);
#15352 = EDGE_CURVE('',#15279,#15330,#15353,.T.);
#15353 = SURFACE_CURVE('',#15354,(#15358,#15365),.PCURVE_S1.);
#15354 = LINE('',#15355,#15356);
#15355 = CARTESIAN_POINT('',(-7.5,-3.,21.167930328003));
#15356 = VECTOR('',#15357,1.);
#15357 = DIRECTION('',(0.,1.,0.));
#15358 = PCURVE('',#15287,#15359);
#15359 = DEFINITIONAL_REPRESENTATION('',(#15360),#15364);
#15360 = LINE('',#15361,#15362);
#15361 = CARTESIAN_POINT('',(2.,0.));
#15362 = VECTOR('',#15363,1.);
#15363 = DIRECTION('',(0.,-1.));
#15364 = ( GEOMETRIC_REPRESENTATION_CONTEXT(2) 
PARAMETRIC_REPRESENTATION_CONTEXT() REPRESENTATION_CONTEXT('2D SPACE',''
  ) );
#15365 = PCURVE('',#15261,#15366);
#15366 = DEFINITIONAL_REPRESENTATION('',(#15367),#15371);
#15367 = LINE('',#15368,#15369);
#15368 = CARTESIAN_POINT('',(3.,0.));
#15369 = VECTOR('',#15370,1.);
#15370 = DIRECTION('',(0.,1.));
#15371 = ( GEOMETRIC_REPRESENTATION_CONTEXT(2) 
PARAMETRIC_REPRESENTATION_CONTEXT() REPRESENTATION_CONTEXT('2D SPACE',''
  ) );
#15372 = ADVANCED_FACE('',(#15373),#15179,.F.);
#15373 = FACE_BOUND('',#15374,.F.);
#15374 = EDGE_LOOP('',(#15375,#15396,#15397,#15418));
#15375 = ORIENTED_EDGE('',*,*,#15376,.F.);
#15376 = EDGE_CURVE('',#15157,#15277,#15377,.T.);
#15377 = SURFACE_CURVE('',#15378,(#15382,#15389),.PCURVE_S1.);
#15378 = LINE('',#15379,#15380);
#15379 = CARTESIAN_POINT('',(-10.5,-3.,19.167930328003));
#15380 = VECTOR('',#15381,1.);
#15381 = DIRECTION('',(1.,0.,0.));
#15382 = PCURVE('',#15179,#15383);
#15383 = DEFINITIONAL_REPRESENTATION('',(#15384),#15388);
#15384 = LINE('',#15385,#15386);
#15385 = CARTESIAN_POINT('',(0.,0.));
#15386 = VECTOR('',#15387,1.);
#15387 = DIRECTION('',(0.,1.));
#15388 = ( GEOMETRIC_REPRESENTATION_CONTEXT(2) 
PARAMETRIC_REPRESENTATION_CONTEXT() REPRESENTATION_CONTEXT('2D SPACE',''
  ) );
#15389 = PCURVE('',#15207,#15390);
#15390 = DEFINITIONAL_REPRESENTATION('',(#15391),#15395);
#15391 = LINE('',#15392,#15393);
#15392 = CARTESIAN_POINT('',(0.,0.));
#15393 = VECTOR('',#15394,1.);
#15394 = DIRECTION('',(1.,0.));
#15395 = ( GEOMETRIC_REPRESENTATION_CONTEXT(2) 
PARAMETRIC_REPRESENTATION_CONTEXT() REPRESENTATION_CONTEXT('2D SPACE',''
  ) );
#15396 = ORIENTED_EDGE('',*,*,#15156,.T.);
#15397 = ORIENTED_EDGE('',*,*,#15398,.T.);
#15398 = EDGE_CURVE('',#15159,#15279,#15399,.T.);
#15399 = SURFACE_CURVE('',#15400,(#15404,#15411),.PCURVE_S1.);
#15400 = LINE('',#15401,#15402);
#15401 = CARTESIAN_POINT('',(-10.5,-3.,21.167930328003));
#15402 = VECTOR('',#15403,1.);
#15403 = DIRECTION('',(1.,0.,0.));
#15404 = PCURVE('',#15179,#15405);
#15405 = DEFINITIONAL_REPRESENTATION('',(#15406),#15410);
#15406 = LINE('',#15407,#15408);
#15407 = CARTESIAN_POINT('',(2.,0.));
#15408 = VECTOR('',#15409,1.);
#15409 = DIRECTION('',(0.,1.));
#15410 = ( GEOMETRIC_REPRESENTATION_CONTEXT(2) 
PARAMETRIC_REPRESENTATION_CONTEXT() REPRESENTATION_CONTEXT('2D SPACE',''
  ) );
#15411 = PCURVE('',#15261,#15412);
#15412 = DEFINITIONAL_REPRESENTATION('',(#15413),#15417);
#15413 = LINE('',#15414,#15415);
#15414 = CARTESIAN_POINT('',(0.,0.));
#15415 = VECTOR('',#15416,1.);
#15416 = DIRECTION('',(1.,0.));
#15417 = ( GEOMETRIC_REPRESENTATION_CONTEXT(2) 
PARAMETRIC_REPRESENTATION_CONTEXT() REPRESENTATION_CONTEXT('2D SPACE',''
  ) );
#15418 = ORIENTED_EDGE('',*,*,#15276,.F.);
#15419 = ADVANCED_FACE('',(#15420),#15235,.T.);
#15420 = FACE_BOUND('',#15421,.T.);
#15421 = EDGE_LOOP('',(#15422,#15443,#15444,#15465));
#15422 = ORIENTED_EDGE('',*,*,#15423,.F.);
#15423 = EDGE_CURVE('',#15192,#15307,#15424,.T.);
#15424 = SURFACE_CURVE('',#15425,(#15429,#15436),.PCURVE_S1.);
#15425 = LINE('',#15426,#15427);
#15426 = CARTESIAN_POINT('',(-10.5,3.,19.167930328003));
#15427 = VECTOR('',#15428,1.);
#15428 = DIRECTION('',(1.,0.,0.));
#15429 = PCURVE('',#15235,#15430);
#15430 = DEFINITIONAL_REPRESENTATION('',(#15431),#15435);
#15431 = LINE('',#15432,#15433);
#15432 = CARTESIAN_POINT('',(0.,0.));
#15433 = VECTOR('',#15434,1.);
#15434 = DIRECTION('',(0.,1.));
#15435 = ( GEOMETRIC_REPRESENTATION_CONTEXT(2) 
PARAMETRIC_REPRESENTATION_CONTEXT() REPRESENTATION_CONTEXT('2D SPACE',''
  ) );
#15436 = PCURVE('',#15207,#15437);
#15437 = DEFINITIONAL_REPRESENTATION('',(#15438),#15442);
#15438 = LINE('',#15439,#15440);
#15439 = CARTESIAN_POINT('',(0.,6.));
#15440 = VECTOR('',#15441,1.);
#15441 = DIRECTION('',(1.,0.));
#15442 = ( GEOMETRIC_REPRESENTATION_CONTEXT(2) 
PARAMETRIC_REPRESENTATION_CONTEXT() REPRESENTATION_CONTEXT('2D SPACE',''
  ) );
#15443 = ORIENTED_EDGE('',*,*,#15219,.T.);
#15444 = ORIENTED_EDGE('',*,*,#15445,.T.);
#15445 = EDGE_CURVE('',#15220,#15330,#15446,.T.);
#15446 = SURFACE_CURVE('',#15447,(#15451,#15458),.PCURVE_S1.);
#15447 = LINE('',#15448,#15449);
#15448 = CARTESIAN_POINT('',(-10.5,3.,21.167930328003));
#15449 = VECTOR('',#15450,1.);
#15450 = DIRECTION('',(1.,0.,0.));
#15451 = PCURVE('',#15235,#15452);
#15452 = DEFINITIONAL_REPRESENTATION('',(#15453),#15457);
#15453 = LINE('',#15454,#15455);
#15454 = CARTESIAN_POINT('',(2.,0.));
#15455 = VECTOR('',#15456,1.);
#15456 = DIRECTION('',(0.,1.));
#15457 = ( GEOMETRIC_REPRESENTATION_CONTEXT(2) 
PARAMETRIC_REPRESENTATION_CONTEXT() REPRESENTATION_CONTEXT('2D SPACE',''
  ) );
#15458 = PCURVE('',#15261,#15459);
#15459 = DEFINITIONAL_REPRESENTATION('',(#15460),#15464);
#15460 = LINE('',#15461,#15462);
#15461 = CARTESIAN_POINT('',(0.,6.));
#15462 = VECTOR('',#15463,1.);
#15463 = DIRECTION('',(1.,0.));
#15464 = ( GEOMETRIC_REPRESENTATION_CONTEXT(2) 
PARAMETRIC_REPRESENTATION_CONTEXT() REPRESENTATION_CONTEXT('2D SPACE',''
  ) );
#15465 = ORIENTED_EDGE('',*,*,#15329,.F.);
#15466 = ADVANCED_FACE('',(#15467),#15207,.F.);
#15467 = FACE_BOUND('',#15468,.F.);
#15468 = EDGE_LOOP('',(#15469,#15470,#15471,#15472));
#15469 = ORIENTED_EDGE('',*,*,#15191,.F.);
#15470 = ORIENTED_EDGE('',*,*,#15376,.T.);
#15471 = ORIENTED_EDGE('',*,*,#15306,.T.);
#15472 = ORIENTED_EDGE('',*,*,#15423,.F.);
#15473 = ADVANCED_FACE('',(#15474),#15261,.T.);
#15474 = FACE_BOUND('',#15475,.T.);
#15475 = EDGE_LOOP('',(#15476,#15477,#15478,#15479));
#15476 = ORIENTED_EDGE('',*,*,#15247,.F.);
#15477 = ORIENTED_EDGE('',*,*,#15398,.T.);
#15478 = ORIENTED_EDGE('',*,*,#15352,.T.);
#15479 = ORIENTED_EDGE('',*,*,#15445,.F.);
#15480 = ( GEOMETRIC_REPRESENTATION_CONTEXT(3) 
GLOBAL_UNCERTAINTY_ASSIGNED_CONTEXT((#15484)) 
GLOBAL_UNIT_ASSIGNED_CONTEXT((#15481,#15482,#15483)) 
REPRESENTATION_CONTEXT('Context #1',
  '3D Context with UNIT and UNCERTAINTY') );
#15481 = ( LENGTH_UNIT() NAMED_UNIT(*) SI_UNIT(.MILLI.,.METRE.) );
#15482 = ( NAMED_UNIT(*) PLANE_ANGLE_UNIT() SI_UNIT($,.RADIAN.) );
#15483 = ( NAMED_UNIT(*) SI_UNIT($,.STERADIAN.) SOLID_ANGLE_UNIT() );
#15484 = UNCERTAINTY_MEASURE_WITH_UNIT(LENGTH_MEASURE(1.E-07),#15481,
  'distance_accuracy_value','confusion accuracy');
#15485 = CONTEXT_DEPENDENT_SHAPE_REPRESENTATION(#15486,#15488);
#15486 = ( REPRESENTATION_RELATIONSHIP('','',#15149,#10) 
REPRESENTATION_RELATIONSHIP_WITH_TRANSFORMATION(#15487) 
SHAPE_REPRESENTATION_RELATIONSHIP() );
#15487 = ITEM_DEFINED_TRANSFORMATION('','',#11,#251);
#15488 = PRODUCT_DEFINITION_SHAPE('Placement','Placement of an item',
  #15489);
#15489 = NEXT_ASSEMBLY_USAGE_OCCURRENCE('114','drive_front_transfer','',
  #5,#15144,$);
#15490 = PRODUCT_RELATED_PRODUCT_CATEGORY('part',$,(#15146));
#15491 = SHAPE_DEFINITION_REPRESENTATION(#15492,#15498);
#15492 = PRODUCT_DEFINITION_SHAPE('','',#15493);
#15493 = PRODUCT_DEFINITION('design','',#15494,#15497);
#15494 = PRODUCT_DEFINITION_FORMATION('','',#15495);
#15495 = PRODUCT('drive_shaft_drive','drive_shaft_drive','',(#15496));
#15496 = PRODUCT_CONTEXT('',#2,'mechanical');
#15497 = PRODUCT_DEFINITION_CONTEXT('part definition',#2,'design');
#15498 = ADVANCED_BREP_SHAPE_REPRESENTATION('',(#11,#15499),#15597);
#15499 = MANIFOLD_SOLID_BREP('',#15500);
#15500 = CLOSED_SHELL('',(#15501,#15589,#15593));
#15501 = ADVANCED_FACE('',(#15502),#15516,.T.);
#15502 = FACE_BOUND('',#15503,.F.);
#15503 = EDGE_LOOP('',(#15504,#15534,#15561,#15562));
#15504 = ORIENTED_EDGE('',*,*,#15505,.T.);
#15505 = EDGE_CURVE('',#15506,#15508,#15510,.T.);
#15506 = VERTEX_POINT('',#15507);
#15507 = CARTESIAN_POINT('',(-10.5,1.6,21.167930328003));
#15508 = VERTEX_POINT('',#15509);
#15509 = CARTESIAN_POINT('',(-10.5,1.6,101.92899630956));
#15510 = SEAM_CURVE('',#15511,(#15515,#15527),.PCURVE_S1.);
#15511 = LINE('',#15512,#15513);
#15512 = CARTESIAN_POINT('',(-10.5,1.6,21.167930328003));
#15513 = VECTOR('',#15514,1.);
#15514 = DIRECTION('',(0.,0.,1.));
#15515 = PCURVE('',#15516,#15521);
#15516 = CYLINDRICAL_SURFACE('',#15517,0.4);
#15517 = AXIS2_PLACEMENT_3D('',#15518,#15519,#15520);
#15518 = CARTESIAN_POINT('',(-10.9,1.6,21.167930328003));
#15519 = DIRECTION('',(-0.,-0.,-1.));
#15520 = DIRECTION('',(1.,0.,0.));
#15521 = DEFINITIONAL_REPRESENTATION('',(#15522),#15526);
#15522 = LINE('',#15523,#15524);
#15523 = CARTESIAN_POINT('',(-0.,0.));
#15524 = VECTOR('',#15525,1.);
#15525 = DIRECTION('',(-0.,-1.));
#15526 = ( GEOMETRIC_REPRESENTATION_CONTEXT(2) 
PARAMETRIC_REPRESENTATION_CONTEXT() REPRESENTATION_CONTEXT('2D SPACE',''
  ) );
#15527 = PCURVE('',#15516,#15528);
#15528 = DEFINITIONAL_REPRESENTATION('',(#15529),#15533);
#15529 = LINE('',#15530,#15531);
#15530 = CARTESIAN_POINT('',(-6.28318530718,0.));
#15531 = VECTOR('',#15532,1.);
#15532 = DIRECTION('',(-0.,-1.));
#15533 = ( GEOMETRIC_REPRESENTATION_CONTEXT(2) 
PARAMETRIC_REPRESENTATION_CONTEXT() REPRESENTATION_CONTEXT('2D SPACE',''
  ) );
#15534 = ORIENTED_EDGE('',*,*,#15535,.T.);
#15535 = EDGE_CURVE('',#15508,#15508,#15536,.T.);
#15536 = SURFACE_CURVE('',#15537,(#15542,#15549),.PCURVE_S1.);
#15537 = CIRCLE('',#15538,0.4);
#15538 = AXIS2_PLACEMENT_3D('',#15539,#15540,#15541);
#15539 = CARTESIAN_POINT('',(-10.9,1.6,101.92899630956));
#15540 = DIRECTION('',(0.,0.,1.));
#15541 = DIRECTION('',(1.,0.,0.));
#15542 = PCURVE('',#15516,#15543);
#15543 = DEFINITIONAL_REPRESENTATION('',(#15544),#15548);
#15544 = LINE('',#15545,#15546);
#15545 = CARTESIAN_POINT('',(-0.,-80.76106598156));
#15546 = VECTOR('',#15547,1.);
#15547 = DIRECTION('',(-1.,0.));
#15548 = ( GEOMETRIC_REPRESENTATION_CONTEXT(2) 
PARAMETRIC_REPRESENTATION_CONTEXT() REPRESENTATION_CONTEXT('2D SPACE',''
  ) );
#15549 = PCURVE('',#15550,#15555);
#15550 = PLANE('',#15551);
#15551 = AXIS2_PLACEMENT_3D('',#15552,#15553,#15554);
#15552 = CARTESIAN_POINT('',(-10.9,1.6,101.92899630956));
#15553 = DIRECTION('',(0.,0.,1.));
#15554 = DIRECTION('',(1.,0.,-0.));
#15555 = DEFINITIONAL_REPRESENTATION('',(#15556),#15560);
#15556 = CIRCLE('',#15557,0.4);
#15557 = AXIS2_PLACEMENT_2D('',#15558,#15559);
#15558 = CARTESIAN_POINT('',(0.,0.));
#15559 = DIRECTION('',(1.,0.));
#15560 = ( GEOMETRIC_REPRESENTATION_CONTEXT(2) 
PARAMETRIC_REPRESENTATION_CONTEXT() REPRESENTATION_CONTEXT('2D SPACE',''
  ) );
#15561 = ORIENTED_EDGE('',*,*,#15505,.F.);
#15562 = ORIENTED_EDGE('',*,*,#15563,.F.);
#15563 = EDGE_CURVE('',#15506,#15506,#15564,.T.);
#15564 = SURFACE_CURVE('',#15565,(#15570,#15577),.PCURVE_S1.);
#15565 = CIRCLE('',#15566,0.4);
#15566 = AXIS2_PLACEMENT_3D('',#15567,#15568,#15569);
#15567 = CARTESIAN_POINT('',(-10.9,1.6,21.167930328003));
#15568 = DIRECTION('',(0.,0.,1.));
#15569 = DIRECTION('',(1.,0.,0.));
#15570 = PCURVE('',#15516,#15571);
#15571 = DEFINITIONAL_REPRESENTATION('',(#15572),#15576);
#15572 = LINE('',#15573,#15574);
#15573 = CARTESIAN_POINT('',(-0.,0.));
#15574 = VECTOR('',#15575,1.);
#15575 = DIRECTION('',(-1.,0.));
#15576 = ( GEOMETRIC_REPRESENTATION_CONTEXT(2) 
PARAMETRIC_REPRESENTATION_CONTEXT() REPRESENTATION_CONTEXT('2D SPACE',''
  ) );
#15577 = PCURVE('',#15578,#15583);
#15578 = PLANE('',#15579);
#15579 = AXIS2_PLACEMENT_3D('',#15580,#15581,#15582);
#15580 = CARTESIAN_POINT('',(-10.9,1.6,21.167930328003));
#15581 = DIRECTION('',(0.,0.,1.));
#15582 = DIRECTION('',(1.,0.,-0.));
#15583 = DEFINITIONAL_REPRESENTATION('',(#15584),#15588);
#15584 = CIRCLE('',#15585,0.4);
#15585 = AXIS2_PLACEMENT_2D('',#15586,#15587);
#15586 = CARTESIAN_POINT('',(0.,0.));
#15587 = DIRECTION('',(1.,0.));
#15588 = ( GEOMETRIC_REPRESENTATION_CONTEXT(2) 
PARAMETRIC_REPRESENTATION_CONTEXT() REPRESENTATION_CONTEXT('2D SPACE',''
  ) );
#15589 = ADVANCED_FACE('',(#15590),#15578,.F.);
#15590 = FACE_BOUND('',#15591,.F.);
#15591 = EDGE_LOOP('',(#15592));
#15592 = ORIENTED_EDGE('',*,*,#15563,.T.);
#15593 = ADVANCED_FACE('',(#15594),#15550,.T.);
#15594 = FACE_BOUND('',#15595,.T.);
#15595 = EDGE_LOOP('',(#15596));
#15596 = ORIENTED_EDGE('',*,*,#15535,.T.);
#15597 = ( GEOMETRIC_REPRESENTATION_CONTEXT(3) 
GLOBAL_UNCERTAINTY_ASSIGNED_CONTEXT((#15601)) 
GLOBAL_UNIT_ASSIGNED_CONTEXT((#15598,#15599,#15600)) 
REPRESENTATION_CONTEXT('Context #1',
  '3D Context with UNIT and UNCERTAINTY') );
#15598 = ( LENGTH_UNIT() NAMED_UNIT(*) SI_UNIT(.MILLI.,.METRE.) );
#15599 = ( NAMED_UNIT(*) PLANE_ANGLE_UNIT() SI_UNIT($,.RADIAN.) );
#15600 = ( NAMED_UNIT(*) SI_UNIT($,.STERADIAN.) SOLID_ANGLE_UNIT() );
#15601 = UNCERTAINTY_MEASURE_WITH_UNIT(LENGTH_MEASURE(1.E-07),#15598,
  'distance_accuracy_value','confusion accuracy');
#15602 = CONTEXT_DEPENDENT_SHAPE_REPRESENTATION(#15603,#15605);
#15603 = ( REPRESENTATION_RELATIONSHIP('','',#15498,#10) 
REPRESENTATION_RELATIONSHIP_WITH_TRANSFORMATION(#15604) 
SHAPE_REPRESENTATION_RELATIONSHIP() );
#15604 = ITEM_DEFINED_TRANSFORMATION('','',#11,#255);
#15605 = PRODUCT_DEFINITION_SHAPE('Placement','Placement of an item',
  #15606);
#15606 = NEXT_ASSEMBLY_USAGE_OCCURRENCE('115','drive_shaft_drive','',#5,
  #15493,$);
#15607 = PRODUCT_RELATED_PRODUCT_CATEGORY('part',$,(#15495));
#15608 = SHAPE_DEFINITION_REPRESENTATION(#15609,#15615);
#15609 = PRODUCT_DEFINITION_SHAPE('','',#15610);
#15610 = PRODUCT_DEFINITION('design','',#15611,#15614);
#15611 = PRODUCT_DEFINITION_FORMATION('','',#15612);
#15612 = PRODUCT('drive_shaft_steering','drive_shaft_steering','',(
    #15613));
#15613 = PRODUCT_CONTEXT('',#2,'mechanical');
#15614 = PRODUCT_DEFINITION_CONTEXT('part definition',#2,'design');
#15615 = ADVANCED_BREP_SHAPE_REPRESENTATION('',(#11,#15616),#15714);
#15616 = MANIFOLD_SOLID_BREP('',#15617);
#15617 = CLOSED_SHELL('',(#15618,#15706,#15710));
#15618 = ADVANCED_FACE('',(#15619),#15633,.T.);
#15619 = FACE_BOUND('',#15620,.F.);
#15620 = EDGE_LOOP('',(#15621,#15651,#15678,#15679));
#15621 = ORIENTED_EDGE('',*,*,#15622,.T.);
#15622 = EDGE_CURVE('',#15623,#15625,#15627,.T.);
#15623 = VERTEX_POINT('',#15624);
#15624 = CARTESIAN_POINT('',(-10.5,-1.6,21.167930328003));
#15625 = VERTEX_POINT('',#15626);
#15626 = CARTESIAN_POINT('',(-10.5,-1.6,101.92899630956));
#15627 = SEAM_CURVE('',#15628,(#15632,#15644),.PCURVE_S1.);
#15628 = LINE('',#15629,#15630);
#15629 = CARTESIAN_POINT('',(-10.5,-1.6,21.167930328003));
#15630 = VECTOR('',#15631,1.);
#15631 = DIRECTION('',(0.,0.,1.));
#15632 = PCURVE('',#15633,#15638);
#15633 = CYLINDRICAL_SURFACE('',#15634,0.4);
#15634 = AXIS2_PLACEMENT_3D('',#15635,#15636,#15637);
#15635 = CARTESIAN_POINT('',(-10.9,-1.6,21.167930328003));
#15636 = DIRECTION('',(-0.,-0.,-1.));
#15637 = DIRECTION('',(1.,0.,0.));
#15638 = DEFINITIONAL_REPRESENTATION('',(#15639),#15643);
#15639 = LINE('',#15640,#15641);
#15640 = CARTESIAN_POINT('',(-0.,0.));
#15641 = VECTOR('',#15642,1.);
#15642 = DIRECTION('',(-0.,-1.));
#15643 = ( GEOMETRIC_REPRESENTATION_CONTEXT(2) 
PARAMETRIC_REPRESENTATION_CONTEXT() REPRESENTATION_CONTEXT('2D SPACE',''
  ) );
#15644 = PCURVE('',#15633,#15645);
#15645 = DEFINITIONAL_REPRESENTATION('',(#15646),#15650);
#15646 = LINE('',#15647,#15648);
#15647 = CARTESIAN_POINT('',(-6.28318530718,0.));
#15648 = VECTOR('',#15649,1.);
#15649 = DIRECTION('',(-0.,-1.));
#15650 = ( GEOMETRIC_REPRESENTATION_CONTEXT(2) 
PARAMETRIC_REPRESENTATION_CONTEXT() REPRESENTATION_CONTEXT('2D SPACE',''
  ) );
#15651 = ORIENTED_EDGE('',*,*,#15652,.T.);
#15652 = EDGE_CURVE('',#15625,#15625,#15653,.T.);
#15653 = SURFACE_CURVE('',#15654,(#15659,#15666),.PCURVE_S1.);
#15654 = CIRCLE('',#15655,0.4);
#15655 = AXIS2_PLACEMENT_3D('',#15656,#15657,#15658);
#15656 = CARTESIAN_POINT('',(-10.9,-1.6,101.92899630956));
#15657 = DIRECTION('',(0.,0.,1.));
#15658 = DIRECTION('',(1.,0.,0.));
#15659 = PCURVE('',#15633,#15660);
#15660 = DEFINITIONAL_REPRESENTATION('',(#15661),#15665);
#15661 = LINE('',#15662,#15663);
#15662 = CARTESIAN_POINT('',(-0.,-80.76106598156));
#15663 = VECTOR('',#15664,1.);
#15664 = DIRECTION('',(-1.,0.));
#15665 = ( GEOMETRIC_REPRESENTATION_CONTEXT(2) 
PARAMETRIC_REPRESENTATION_CONTEXT() REPRESENTATION_CONTEXT('2D SPACE',''
  ) );
#15666 = PCURVE('',#15667,#15672);
#15667 = PLANE('',#15668);
#15668 = AXIS2_PLACEMENT_3D('',#15669,#15670,#15671);
#15669 = CARTESIAN_POINT('',(-10.9,-1.6,101.92899630956));
#15670 = DIRECTION('',(0.,0.,1.));
#15671 = DIRECTION('',(1.,0.,-0.));
#15672 = DEFINITIONAL_REPRESENTATION('',(#15673),#15677);
#15673 = CIRCLE('',#15674,0.4);
#15674 = AXIS2_PLACEMENT_2D('',#15675,#15676);
#15675 = CARTESIAN_POINT('',(0.,0.));
#15676 = DIRECTION('',(1.,0.));
#15677 = ( GEOMETRIC_REPRESENTATION_CONTEXT(2) 
PARAMETRIC_REPRESENTATION_CONTEXT() REPRESENTATION_CONTEXT('2D SPACE',''
  ) );
#15678 = ORIENTED_EDGE('',*,*,#15622,.F.);
#15679 = ORIENTED_EDGE('',*,*,#15680,.F.);
#15680 = EDGE_CURVE('',#15623,#15623,#15681,.T.);
#15681 = SURFACE_CURVE('',#15682,(#15687,#15694),.PCURVE_S1.);
#15682 = CIRCLE('',#15683,0.4);
#15683 = AXIS2_PLACEMENT_3D('',#15684,#15685,#15686);
#15684 = CARTESIAN_POINT('',(-10.9,-1.6,21.167930328003));
#15685 = DIRECTION('',(0.,0.,1.));
#15686 = DIRECTION('',(1.,0.,0.));
#15687 = PCURVE('',#15633,#15688);
#15688 = DEFINITIONAL_REPRESENTATION('',(#15689),#15693);
#15689 = LINE('',#15690,#15691);
#15690 = CARTESIAN_POINT('',(-0.,0.));
#15691 = VECTOR('',#15692,1.);
#15692 = DIRECTION('',(-1.,0.));
#15693 = ( GEOMETRIC_REPRESENTATION_CONTEXT(2) 
PARAMETRIC_REPRESENTATION_CONTEXT() REPRESENTATION_CONTEXT('2D SPACE',''
  ) );
#15694 = PCURVE('',#15695,#15700);
#15695 = PLANE('',#15696);
#15696 = AXIS2_PLACEMENT_3D('',#15697,#15698,#15699);
#15697 = CARTESIAN_POINT('',(-10.9,-1.6,21.167930328003));
#15698 = DIRECTION('',(0.,0.,1.));
#15699 = DIRECTION('',(1.,0.,-0.));
#15700 = DEFINITIONAL_REPRESENTATION('',(#15701),#15705);
#15701 = CIRCLE('',#15702,0.4);
#15702 = AXIS2_PLACEMENT_2D('',#15703,#15704);
#15703 = CARTESIAN_POINT('',(0.,0.));
#15704 = DIRECTION('',(1.,0.));
#15705 = ( GEOMETRIC_REPRESENTATION_CONTEXT(2) 
PARAMETRIC_REPRESENTATION_CONTEXT() REPRESENTATION_CONTEXT('2D SPACE',''
  ) );
#15706 = ADVANCED_FACE('',(#15707),#15695,.F.);
#15707 = FACE_BOUND('',#15708,.F.);
#15708 = EDGE_LOOP('',(#15709));
#15709 = ORIENTED_EDGE('',*,*,#15680,.T.);
#15710 = ADVANCED_FACE('',(#15711),#15667,.T.);
#15711 = FACE_BOUND('',#15712,.T.);
#15712 = EDGE_LOOP('',(#15713));
#15713 = ORIENTED_EDGE('',*,*,#15652,.T.);
#15714 = ( GEOMETRIC_REPRESENTATION_CONTEXT(3) 
GLOBAL_UNCERTAINTY_ASSIGNED_CONTEXT((#15718)) 
GLOBAL_UNIT_ASSIGNED_CONTEXT((#15715,#15716,#15717)) 
REPRESENTATION_CONTEXT('Context #1',
  '3D Context with UNIT and UNCERTAINTY') );
#15715 = ( LENGTH_UNIT() NAMED_UNIT(*) SI_UNIT(.MILLI.,.METRE.) );
#15716 = ( NAMED_UNIT(*) PLANE_ANGLE_UNIT() SI_UNIT($,.RADIAN.) );
#15717 = ( NAMED_UNIT(*) SI_UNIT($,.STERADIAN.) SOLID_ANGLE_UNIT() );
#15718 = UNCERTAINTY_MEASURE_WITH_UNIT(LENGTH_MEASURE(1.E-07),#15715,
  'distance_accuracy_value','confusion accuracy');
#15719 = CONTEXT_DEPENDENT_SHAPE_REPRESENTATION(#15720,#15722);
#15720 = ( REPRESENTATION_RELATIONSHIP('','',#15615,#10) 
REPRESENTATION_RELATIONSHIP_WITH_TRANSFORMATION(#15721) 
SHAPE_REPRESENTATION_RELATIONSHIP() );
#15721 = ITEM_DEFINED_TRANSFORMATION('','',#11,#259);
#15722 = PRODUCT_DEFINITION_SHAPE('Placement','Placement of an item',
  #15723);
#15723 = NEXT_ASSEMBLY_USAGE_OCCURRENCE('116','drive_shaft_steering','',
  #5,#15610,$);
#15724 = PRODUCT_RELATED_PRODUCT_CATEGORY('part',$,(#15612));
#15725 = SHAPE_DEFINITION_REPRESENTATION(#15726,#15732);
#15726 = PRODUCT_DEFINITION_SHAPE('','',#15727);
#15727 = PRODUCT_DEFINITION('design','',#15728,#15731);
#15728 = PRODUCT_DEFINITION_FORMATION('','',#15729);
#15729 = PRODUCT('drive_transfer','drive_transfer','',(#15730));
#15730 = PRODUCT_CONTEXT('',#2,'mechanical');
#15731 = PRODUCT_DEFINITION_CONTEXT('part definition',#2,'design');
#15732 = ADVANCED_BREP_SHAPE_REPRESENTATION('',(#11,#15733),#16063);
#15733 = MANIFOLD_SOLID_BREP('',#15734);
#15734 = CLOSED_SHELL('',(#15735,#15855,#15955,#16002,#16049,#16056));
#15735 = ADVANCED_FACE('',(#15736),#15750,.F.);
#15736 = FACE_BOUND('',#15737,.F.);
#15737 = EDGE_LOOP('',(#15738,#15773,#15801,#15829));
#15738 = ORIENTED_EDGE('',*,*,#15739,.F.);
#15739 = EDGE_CURVE('',#15740,#15742,#15744,.T.);
#15740 = VERTEX_POINT('',#15741);
#15741 = CARTESIAN_POINT('',(-10.2,-4.,101.92899630956));
#15742 = VERTEX_POINT('',#15743);
#15743 = CARTESIAN_POINT('',(-10.2,-4.,103.92899630956));
#15744 = SURFACE_CURVE('',#15745,(#15749,#15761),.PCURVE_S1.);
#15745 = LINE('',#15746,#15747);
#15746 = CARTESIAN_POINT('',(-10.2,-4.,101.92899630956));
#15747 = VECTOR('',#15748,1.);
#15748 = DIRECTION('',(0.,0.,1.));
#15749 = PCURVE('',#15750,#15755);
#15750 = PLANE('',#15751);
#15751 = AXIS2_PLACEMENT_3D('',#15752,#15753,#15754);
#15752 = CARTESIAN_POINT('',(-10.2,-4.,101.92899630956));
#15753 = DIRECTION('',(1.,0.,0.));
#15754 = DIRECTION('',(0.,0.,1.));
#15755 = DEFINITIONAL_REPRESENTATION('',(#15756),#15760);
#15756 = LINE('',#15757,#15758);
#15757 = CARTESIAN_POINT('',(0.,0.));
#15758 = VECTOR('',#15759,1.);
#15759 = DIRECTION('',(1.,0.));
#15760 = ( GEOMETRIC_REPRESENTATION_CONTEXT(2) 
PARAMETRIC_REPRESENTATION_CONTEXT() REPRESENTATION_CONTEXT('2D SPACE',''
  ) );
#15761 = PCURVE('',#15762,#15767);
#15762 = PLANE('',#15763);
#15763 = AXIS2_PLACEMENT_3D('',#15764,#15765,#15766);
#15764 = CARTESIAN_POINT('',(-10.2,-4.,101.92899630956));
#15765 = DIRECTION('',(0.,1.,0.));
#15766 = DIRECTION('',(0.,0.,1.));
#15767 = DEFINITIONAL_REPRESENTATION('',(#15768),#15772);
#15768 = LINE('',#15769,#15770);
#15769 = CARTESIAN_POINT('',(0.,0.));
#15770 = VECTOR('',#15771,1.);
#15771 = DIRECTION('',(1.,0.));
#15772 = ( GEOMETRIC_REPRESENTATION_CONTEXT(2) 
PARAMETRIC_REPRESENTATION_CONTEXT() REPRESENTATION_CONTEXT('2D SPACE',''
  ) );
#15773 = ORIENTED_EDGE('',*,*,#15774,.T.);
#15774 = EDGE_CURVE('',#15740,#15775,#15777,.T.);
#15775 = VERTEX_POINT('',#15776);
#15776 = CARTESIAN_POINT('',(-10.2,4.,101.92899630956));
#15777 = SURFACE_CURVE('',#15778,(#15782,#15789),.PCURVE_S1.);
#15778 = LINE('',#15779,#15780);
#15779 = CARTESIAN_POINT('',(-10.2,-4.,101.92899630956));
#15780 = VECTOR('',#15781,1.);
#15781 = DIRECTION('',(0.,1.,0.));
#15782 = PCURVE('',#15750,#15783);
#15783 = DEFINITIONAL_REPRESENTATION('',(#15784),#15788);
#15784 = LINE('',#15785,#15786);
#15785 = CARTESIAN_POINT('',(0.,0.));
#15786 = VECTOR('',#15787,1.);
#15787 = DIRECTION('',(0.,-1.));
#15788 = ( GEOMETRIC_REPRESENTATION_CONTEXT(2) 
PARAMETRIC_REPRESENTATION_CONTEXT() REPRESENTATION_CONTEXT('2D SPACE',''
  ) );
#15789 = PCURVE('',#15790,#15795);
#15790 = PLANE('',#15791);
#15791 = AXIS2_PLACEMENT_3D('',#15792,#15793,#15794);
#15792 = CARTESIAN_POINT('',(-10.2,-4.,101.92899630956));
#15793 = DIRECTION('',(0.,0.,1.));
#15794 = DIRECTION('',(1.,0.,0.));
#15795 = DEFINITIONAL_REPRESENTATION('',(#15796),#15800);
#15796 = LINE('',#15797,#15798);
#15797 = CARTESIAN_POINT('',(0.,0.));
#15798 = VECTOR('',#15799,1.);
#15799 = DIRECTION('',(0.,1.));
#15800 = ( GEOMETRIC_REPRESENTATION_CONTEXT(2) 
PARAMETRIC_REPRESENTATION_CONTEXT() REPRESENTATION_CONTEXT('2D SPACE',''
  ) );
#15801 = ORIENTED_EDGE('',*,*,#15802,.T.);
#15802 = EDGE_CURVE('',#15775,#15803,#15805,.T.);
#15803 = VERTEX_POINT('',#15804);
#15804 = CARTESIAN_POINT('',(-10.2,4.,103.92899630956));
#15805 = SURFACE_CURVE('',#15806,(#15810,#15817),.PCURVE_S1.);
#15806 = LINE('',#15807,#15808);
#15807 = CARTESIAN_POINT('',(-10.2,4.,101.92899630956));
#15808 = VECTOR('',#15809,1.);
#15809 = DIRECTION('',(0.,0.,1.));
#15810 = PCURVE('',#15750,#15811);
#15811 = DEFINITIONAL_REPRESENTATION('',(#15812),#15816);
#15812 = LINE('',#15813,#15814);
#15813 = CARTESIAN_POINT('',(0.,-8.));
#15814 = VECTOR('',#15815,1.);
#15815 = DIRECTION('',(1.,0.));
#15816 = ( GEOMETRIC_REPRESENTATION_CONTEXT(2) 
PARAMETRIC_REPRESENTATION_CONTEXT() REPRESENTATION_CONTEXT('2D SPACE',''
  ) );
#15817 = PCURVE('',#15818,#15823);
#15818 = PLANE('',#15819);
#15819 = AXIS2_PLACEMENT_3D('',#15820,#15821,#15822);
#15820 = CARTESIAN_POINT('',(-10.2,4.,101.92899630956));
#15821 = DIRECTION('',(0.,1.,0.));
#15822 = DIRECTION('',(0.,0.,1.));
#15823 = DEFINITIONAL_REPRESENTATION('',(#15824),#15828);
#15824 = LINE('',#15825,#15826);
#15825 = CARTESIAN_POINT('',(0.,0.));
#15826 = VECTOR('',#15827,1.);
#15827 = DIRECTION('',(1.,0.));
#15828 = ( GEOMETRIC_REPRESENTATION_CONTEXT(2) 
PARAMETRIC_REPRESENTATION_CONTEXT() REPRESENTATION_CONTEXT('2D SPACE',''
  ) );
#15829 = ORIENTED_EDGE('',*,*,#15830,.F.);
#15830 = EDGE_CURVE('',#15742,#15803,#15831,.T.);
#15831 = SURFACE_CURVE('',#15832,(#15836,#15843),.PCURVE_S1.);
#15832 = LINE('',#15833,#15834);
#15833 = CARTESIAN_POINT('',(-10.2,-4.,103.92899630956));
#15834 = VECTOR('',#15835,1.);
#15835 = DIRECTION('',(0.,1.,0.));
#15836 = PCURVE('',#15750,#15837);
#15837 = DEFINITIONAL_REPRESENTATION('',(#15838),#15842);
#15838 = LINE('',#15839,#15840);
#15839 = CARTESIAN_POINT('',(2.,0.));
#15840 = VECTOR('',#15841,1.);
#15841 = DIRECTION('',(0.,-1.));
#15842 = ( GEOMETRIC_REPRESENTATION_CONTEXT(2) 
PARAMETRIC_REPRESENTATION_CONTEXT() REPRESENTATION_CONTEXT('2D SPACE',''
  ) );
#15843 = PCURVE('',#15844,#15849);
#15844 = PLANE('',#15845);
#15845 = AXIS2_PLACEMENT_3D('',#15846,#15847,#15848);
#15846 = CARTESIAN_POINT('',(-10.2,-4.,103.92899630956));
#15847 = DIRECTION('',(0.,0.,1.));
#15848 = DIRECTION('',(1.,0.,0.));
#15849 = DEFINITIONAL_REPRESENTATION('',(#15850),#15854);
#15850 = LINE('',#15851,#15852);
#15851 = CARTESIAN_POINT('',(0.,0.));
#15852 = VECTOR('',#15853,1.);
#15853 = DIRECTION('',(0.,1.));
#15854 = ( GEOMETRIC_REPRESENTATION_CONTEXT(2) 
PARAMETRIC_REPRESENTATION_CONTEXT() REPRESENTATION_CONTEXT('2D SPACE',''
  ) );
#15855 = ADVANCED_FACE('',(#15856),#15870,.T.);
#15856 = FACE_BOUND('',#15857,.T.);
#15857 = EDGE_LOOP('',(#15858,#15888,#15911,#15934));
#15858 = ORIENTED_EDGE('',*,*,#15859,.F.);
#15859 = EDGE_CURVE('',#15860,#15862,#15864,.T.);
#15860 = VERTEX_POINT('',#15861);
#15861 = CARTESIAN_POINT('',(-6.2,-4.,101.92899630956));
#15862 = VERTEX_POINT('',#15863);
#15863 = CARTESIAN_POINT('',(-6.2,-4.,103.92899630956));
#15864 = SURFACE_CURVE('',#15865,(#15869,#15881),.PCURVE_S1.);
#15865 = LINE('',#15866,#15867);
#15866 = CARTESIAN_POINT('',(-6.2,-4.,101.92899630956));
#15867 = VECTOR('',#15868,1.);
#15868 = DIRECTION('',(0.,0.,1.));
#15869 = PCURVE('',#15870,#15875);
#15870 = PLANE('',#15871);
#15871 = AXIS2_PLACEMENT_3D('',#15872,#15873,#15874);
#15872 = CARTESIAN_POINT('',(-6.2,-4.,101.92899630956));
#15873 = DIRECTION('',(1.,0.,0.));
#15874 = DIRECTION('',(0.,0.,1.));
#15875 = DEFINITIONAL_REPRESENTATION('',(#15876),#15880);
#15876 = LINE('',#15877,#15878);
#15877 = CARTESIAN_POINT('',(0.,0.));
#15878 = VECTOR('',#15879,1.);
#15879 = DIRECTION('',(1.,0.));
#15880 = ( GEOMETRIC_REPRESENTATION_CONTEXT(2) 
PARAMETRIC_REPRESENTATION_CONTEXT() REPRESENTATION_CONTEXT('2D SPACE',''
  ) );
#15881 = PCURVE('',#15762,#15882);
#15882 = DEFINITIONAL_REPRESENTATION('',(#15883),#15887);
#15883 = LINE('',#15884,#15885);
#15884 = CARTESIAN_POINT('',(0.,4.));
#15885 = VECTOR('',#15886,1.);
#15886 = DIRECTION('',(1.,0.));
#15887 = ( GEOMETRIC_REPRESENTATION_CONTEXT(2) 
PARAMETRIC_REPRESENTATION_CONTEXT() REPRESENTATION_CONTEXT('2D SPACE',''
  ) );
#15888 = ORIENTED_EDGE('',*,*,#15889,.T.);
#15889 = EDGE_CURVE('',#15860,#15890,#15892,.T.);
#15890 = VERTEX_POINT('',#15891);
#15891 = CARTESIAN_POINT('',(-6.2,4.,101.92899630956));
#15892 = SURFACE_CURVE('',#15893,(#15897,#15904),.PCURVE_S1.);
#15893 = LINE('',#15894,#15895);
#15894 = CARTESIAN_POINT('',(-6.2,-4.,101.92899630956));
#15895 = VECTOR('',#15896,1.);
#15896 = DIRECTION('',(0.,1.,0.));
#15897 = PCURVE('',#15870,#15898);
#15898 = DEFINITIONAL_REPRESENTATION('',(#15899),#15903);
#15899 = LINE('',#15900,#15901);
#15900 = CARTESIAN_POINT('',(0.,0.));
#15901 = VECTOR('',#15902,1.);
#15902 = DIRECTION('',(0.,-1.));
#15903 = ( GEOMETRIC_REPRESENTATION_CONTEXT(2) 
PARAMETRIC_REPRESENTATION_CONTEXT() REPRESENTATION_CONTEXT('2D SPACE',''
  ) );
#15904 = PCURVE('',#15790,#15905);
#15905 = DEFINITIONAL_REPRESENTATION('',(#15906),#15910);
#15906 = LINE('',#15907,#15908);
#15907 = CARTESIAN_POINT('',(4.,0.));
#15908 = VECTOR('',#15909,1.);
#15909 = DIRECTION('',(0.,1.));
#15910 = ( GEOMETRIC_REPRESENTATION_CONTEXT(2) 
PARAMETRIC_REPRESENTATION_CONTEXT() REPRESENTATION_CONTEXT('2D SPACE',''
  ) );
#15911 = ORIENTED_EDGE('',*,*,#15912,.T.);
#15912 = EDGE_CURVE('',#15890,#15913,#15915,.T.);
#15913 = VERTEX_POINT('',#15914);
#15914 = CARTESIAN_POINT('',(-6.2,4.,103.92899630956));
#15915 = SURFACE_CURVE('',#15916,(#15920,#15927),.PCURVE_S1.);
#15916 = LINE('',#15917,#15918);
#15917 = CARTESIAN_POINT('',(-6.2,4.,101.92899630956));
#15918 = VECTOR('',#15919,1.);
#15919 = DIRECTION('',(0.,0.,1.));
#15920 = PCURVE('',#15870,#15921);
#15921 = DEFINITIONAL_REPRESENTATION('',(#15922),#15926);
#15922 = LINE('',#15923,#15924);
#15923 = CARTESIAN_POINT('',(0.,-8.));
#15924 = VECTOR('',#15925,1.);
#15925 = DIRECTION('',(1.,0.));
#15926 = ( GEOMETRIC_REPRESENTATION_CONTEXT(2) 
PARAMETRIC_REPRESENTATION_CONTEXT() REPRESENTATION_CONTEXT('2D SPACE',''
  ) );
#15927 = PCURVE('',#15818,#15928);
#15928 = DEFINITIONAL_REPRESENTATION('',(#15929),#15933);
#15929 = LINE('',#15930,#15931);
#15930 = CARTESIAN_POINT('',(0.,4.));
#15931 = VECTOR('',#15932,1.);
#15932 = DIRECTION('',(1.,0.));
#15933 = ( GEOMETRIC_REPRESENTATION_CONTEXT(2) 
PARAMETRIC_REPRESENTATION_CONTEXT() REPRESENTATION_CONTEXT('2D SPACE',''
  ) );
#15934 = ORIENTED_EDGE('',*,*,#15935,.F.);
#15935 = EDGE_CURVE('',#15862,#15913,#15936,.T.);
#15936 = SURFACE_CURVE('',#15937,(#15941,#15948),.PCURVE_S1.);
#15937 = LINE('',#15938,#15939);
#15938 = CARTESIAN_POINT('',(-6.2,-4.,103.92899630956));
#15939 = VECTOR('',#15940,1.);
#15940 = DIRECTION('',(0.,1.,0.));
#15941 = PCURVE('',#15870,#15942);
#15942 = DEFINITIONAL_REPRESENTATION('',(#15943),#15947);
#15943 = LINE('',#15944,#15945);
#15944 = CARTESIAN_POINT('',(2.,0.));
#15945 = VECTOR('',#15946,1.);
#15946 = DIRECTION('',(0.,-1.));
#15947 = ( GEOMETRIC_REPRESENTATION_CONTEXT(2) 
PARAMETRIC_REPRESENTATION_CONTEXT() REPRESENTATION_CONTEXT('2D SPACE',''
  ) );
#15948 = PCURVE('',#15844,#15949);
#15949 = DEFINITIONAL_REPRESENTATION('',(#15950),#15954);
#15950 = LINE('',#15951,#15952);
#15951 = CARTESIAN_POINT('',(4.,0.));
#15952 = VECTOR('',#15953,1.);
#15953 = DIRECTION('',(0.,1.));
#15954 = ( GEOMETRIC_REPRESENTATION_CONTEXT(2) 
PARAMETRIC_REPRESENTATION_CONTEXT() REPRESENTATION_CONTEXT('2D SPACE',''
  ) );
#15955 = ADVANCED_FACE('',(#15956),#15762,.F.);
#15956 = FACE_BOUND('',#15957,.F.);
#15957 = EDGE_LOOP('',(#15958,#15979,#15980,#16001));
#15958 = ORIENTED_EDGE('',*,*,#15959,.F.);
#15959 = EDGE_CURVE('',#15740,#15860,#15960,.T.);
#15960 = SURFACE_CURVE('',#15961,(#15965,#15972),.PCURVE_S1.);
#15961 = LINE('',#15962,#15963);
#15962 = CARTESIAN_POINT('',(-10.2,-4.,101.92899630956));
#15963 = VECTOR('',#15964,1.);
#15964 = DIRECTION('',(1.,0.,0.));
#15965 = PCURVE('',#15762,#15966);
#15966 = DEFINITIONAL_REPRESENTATION('',(#15967),#15971);
#15967 = LINE('',#15968,#15969);
#15968 = CARTESIAN_POINT('',(0.,0.));
#15969 = VECTOR('',#15970,1.);
#15970 = DIRECTION('',(0.,1.));
#15971 = ( GEOMETRIC_REPRESENTATION_CONTEXT(2) 
PARAMETRIC_REPRESENTATION_CONTEXT() REPRESENTATION_CONTEXT('2D SPACE',''
  ) );
#15972 = PCURVE('',#15790,#15973);
#15973 = DEFINITIONAL_REPRESENTATION('',(#15974),#15978);
#15974 = LINE('',#15975,#15976);
#15975 = CARTESIAN_POINT('',(0.,0.));
#15976 = VECTOR('',#15977,1.);
#15977 = DIRECTION('',(1.,0.));
#15978 = ( GEOMETRIC_REPRESENTATION_CONTEXT(2) 
PARAMETRIC_REPRESENTATION_CONTEXT() REPRESENTATION_CONTEXT('2D SPACE',''
  ) );
#15979 = ORIENTED_EDGE('',*,*,#15739,.T.);
#15980 = ORIENTED_EDGE('',*,*,#15981,.T.);
#15981 = EDGE_CURVE('',#15742,#15862,#15982,.T.);
#15982 = SURFACE_CURVE('',#15983,(#15987,#15994),.PCURVE_S1.);
#15983 = LINE('',#15984,#15985);
#15984 = CARTESIAN_POINT('',(-10.2,-4.,103.92899630956));
#15985 = VECTOR('',#15986,1.);
#15986 = DIRECTION('',(1.,0.,0.));
#15987 = PCURVE('',#15762,#15988);
#15988 = DEFINITIONAL_REPRESENTATION('',(#15989),#15993);
#15989 = LINE('',#15990,#15991);
#15990 = CARTESIAN_POINT('',(2.,0.));
#15991 = VECTOR('',#15992,1.);
#15992 = DIRECTION('',(0.,1.));
#15993 = ( GEOMETRIC_REPRESENTATION_CONTEXT(2) 
PARAMETRIC_REPRESENTATION_CONTEXT() REPRESENTATION_CONTEXT('2D SPACE',''
  ) );
#15994 = PCURVE('',#15844,#15995);
#15995 = DEFINITIONAL_REPRESENTATION('',(#15996),#16000);
#15996 = LINE('',#15997,#15998);
#15997 = CARTESIAN_POINT('',(0.,0.));
#15998 = VECTOR('',#15999,1.);
#15999 = DIRECTION('',(1.,0.));
#16000 = ( GEOMETRIC_REPRESENTATION_CONTEXT(2) 
PARAMETRIC_REPRESENTATION_CONTEXT() REPRESENTATION_CONTEXT('2D SPACE',''
  ) );
#16001 = ORIENTED_EDGE('',*,*,#15859,.F.);
#16002 = ADVANCED_FACE('',(#16003),#15818,.T.);
#16003 = FACE_BOUND('',#16004,.T.);
#16004 = EDGE_LOOP('',(#16005,#16026,#16027,#16048));
#16005 = ORIENTED_EDGE('',*,*,#16006,.F.);
#16006 = EDGE_CURVE('',#15775,#15890,#16007,.T.);
#16007 = SURFACE_CURVE('',#16008,(#16012,#16019),.PCURVE_S1.);
#16008 = LINE('',#16009,#16010);
#16009 = CARTESIAN_POINT('',(-10.2,4.,101.92899630956));
#16010 = VECTOR('',#16011,1.);
#16011 = DIRECTION('',(1.,0.,0.));
#16012 = PCURVE('',#15818,#16013);
#16013 = DEFINITIONAL_REPRESENTATION('',(#16014),#16018);
#16014 = LINE('',#16015,#16016);
#16015 = CARTESIAN_POINT('',(0.,0.));
#16016 = VECTOR('',#16017,1.);
#16017 = DIRECTION('',(0.,1.));
#16018 = ( GEOMETRIC_REPRESENTATION_CONTEXT(2) 
PARAMETRIC_REPRESENTATION_CONTEXT() REPRESENTATION_CONTEXT('2D SPACE',''
  ) );
#16019 = PCURVE('',#15790,#16020);
#16020 = DEFINITIONAL_REPRESENTATION('',(#16021),#16025);
#16021 = LINE('',#16022,#16023);
#16022 = CARTESIAN_POINT('',(0.,8.));
#16023 = VECTOR('',#16024,1.);
#16024 = DIRECTION('',(1.,0.));
#16025 = ( GEOMETRIC_REPRESENTATION_CONTEXT(2) 
PARAMETRIC_REPRESENTATION_CONTEXT() REPRESENTATION_CONTEXT('2D SPACE',''
  ) );
#16026 = ORIENTED_EDGE('',*,*,#15802,.T.);
#16027 = ORIENTED_EDGE('',*,*,#16028,.T.);
#16028 = EDGE_CURVE('',#15803,#15913,#16029,.T.);
#16029 = SURFACE_CURVE('',#16030,(#16034,#16041),.PCURVE_S1.);
#16030 = LINE('',#16031,#16032);
#16031 = CARTESIAN_POINT('',(-10.2,4.,103.92899630956));
#16032 = VECTOR('',#16033,1.);
#16033 = DIRECTION('',(1.,0.,0.));
#16034 = PCURVE('',#15818,#16035);
#16035 = DEFINITIONAL_REPRESENTATION('',(#16036),#16040);
#16036 = LINE('',#16037,#16038);
#16037 = CARTESIAN_POINT('',(2.,0.));
#16038 = VECTOR('',#16039,1.);
#16039 = DIRECTION('',(0.,1.));
#16040 = ( GEOMETRIC_REPRESENTATION_CONTEXT(2) 
PARAMETRIC_REPRESENTATION_CONTEXT() REPRESENTATION_CONTEXT('2D SPACE',''
  ) );
#16041 = PCURVE('',#15844,#16042);
#16042 = DEFINITIONAL_REPRESENTATION('',(#16043),#16047);
#16043 = LINE('',#16044,#16045);
#16044 = CARTESIAN_POINT('',(0.,8.));
#16045 = VECTOR('',#16046,1.);
#16046 = DIRECTION('',(1.,0.));
#16047 = ( GEOMETRIC_REPRESENTATION_CONTEXT(2) 
PARAMETRIC_REPRESENTATION_CONTEXT() REPRESENTATION_CONTEXT('2D SPACE',''
  ) );
#16048 = ORIENTED_EDGE('',*,*,#15912,.F.);
#16049 = ADVANCED_FACE('',(#16050),#15790,.F.);
#16050 = FACE_BOUND('',#16051,.F.);
#16051 = EDGE_LOOP('',(#16052,#16053,#16054,#16055));
#16052 = ORIENTED_EDGE('',*,*,#15774,.F.);
#16053 = ORIENTED_EDGE('',*,*,#15959,.T.);
#16054 = ORIENTED_EDGE('',*,*,#15889,.T.);
#16055 = ORIENTED_EDGE('',*,*,#16006,.F.);
#16056 = ADVANCED_FACE('',(#16057),#15844,.T.);
#16057 = FACE_BOUND('',#16058,.T.);
#16058 = EDGE_LOOP('',(#16059,#16060,#16061,#16062));
#16059 = ORIENTED_EDGE('',*,*,#15830,.F.);
#16060 = ORIENTED_EDGE('',*,*,#15981,.T.);
#16061 = ORIENTED_EDGE('',*,*,#15935,.T.);
#16062 = ORIENTED_EDGE('',*,*,#16028,.F.);
#16063 = ( GEOMETRIC_REPRESENTATION_CONTEXT(3) 
GLOBAL_UNCERTAINTY_ASSIGNED_CONTEXT((#16067)) 
GLOBAL_UNIT_ASSIGNED_CONTEXT((#16064,#16065,#16066)) 
REPRESENTATION_CONTEXT('Context #1',
  '3D Context with UNIT and UNCERTAINTY') );
#16064 = ( LENGTH_UNIT() NAMED_UNIT(*) SI_UNIT(.MILLI.,.METRE.) );
#16065 = ( NAMED_UNIT(*) PLANE_ANGLE_UNIT() SI_UNIT($,.RADIAN.) );
#16066 = ( NAMED_UNIT(*) SI_UNIT($,.STERADIAN.) SOLID_ANGLE_UNIT() );
#16067 = UNCERTAINTY_MEASURE_WITH_UNIT(LENGTH_MEASURE(1.E-07),#16064,
  'distance_accuracy_value','confusion accuracy');
#16068 = CONTEXT_DEPENDENT_SHAPE_REPRESENTATION(#16069,#16071);
#16069 = ( REPRESENTATION_RELATIONSHIP('','',#15732,#10) 
REPRESENTATION_RELATIONSHIP_WITH_TRANSFORMATION(#16070) 
SHAPE_REPRESENTATION_RELATIONSHIP() );
#16070 = ITEM_DEFINED_TRANSFORMATION('','',#11,#263);
#16071 = PRODUCT_DEFINITION_SHAPE('Placement','Placement of an item',
  #16072);
#16072 = NEXT_ASSEMBLY_USAGE_OCCURRENCE('117','drive_transfer','',#5,
  #15727,$);
#16073 = PRODUCT_RELATED_PRODUCT_CATEGORY('part',$,(#15729));
#16074 = SHAPE_DEFINITION_REPRESENTATION(#16075,#16081);
#16075 = PRODUCT_DEFINITION_SHAPE('','',#16076);
#16076 = PRODUCT_DEFINITION('design','',#16077,#16080);
#16077 = PRODUCT_DEFINITION_FORMATION('','',#16078);
#16078 = PRODUCT('drive_motor','drive_motor','',(#16079));
#16079 = PRODUCT_CONTEXT('',#2,'mechanical');
#16080 = PRODUCT_DEFINITION_CONTEXT('part definition',#2,'design');
#16081 = ADVANCED_BREP_SHAPE_REPRESENTATION('',(#11,#16082),#16180);
#16082 = MANIFOLD_SOLID_BREP('',#16083);
#16083 = CLOSED_SHELL('',(#16084,#16172,#16176));
#16084 = ADVANCED_FACE('',(#16085),#16099,.T.);
#16085 = FACE_BOUND('',#16086,.F.);
#16086 = EDGE_LOOP('',(#16087,#16117,#16144,#16145));
#16087 = ORIENTED_EDGE('',*,*,#16088,.T.);
#16088 = EDGE_CURVE('',#16089,#16091,#16093,.T.);
#16089 = VERTEX_POINT('',#16090);
#16090 = CARTESIAN_POINT('',(-4.,3.2,104.12899630956));
#16091 = VERTEX_POINT('',#16092);
#16092 = CARTESIAN_POINT('',(-4.,3.2,124.12899630956));
#16093 = SEAM_CURVE('',#16094,(#16098,#16110),.PCURVE_S1.);
#16094 = LINE('',#16095,#16096);
#16095 = CARTESIAN_POINT('',(-4.,3.2,104.12899630956));
#16096 = VECTOR('',#16097,1.);
#16097 = DIRECTION('',(0.,0.,1.));
#16098 = PCURVE('',#16099,#16104);
#16099 = CYLINDRICAL_SURFACE('',#16100,3.);
#16100 = AXIS2_PLACEMENT_3D('',#16101,#16102,#16103);
#16101 = CARTESIAN_POINT('',(-7.,3.2,104.12899630956));
#16102 = DIRECTION('',(-0.,-0.,-1.));
#16103 = DIRECTION('',(1.,0.,0.));
#16104 = DEFINITIONAL_REPRESENTATION('',(#16105),#16109);
#16105 = LINE('',#16106,#16107);
#16106 = CARTESIAN_POINT('',(-0.,0.));
#16107 = VECTOR('',#16108,1.);
#16108 = DIRECTION('',(-0.,-1.));
#16109 = ( GEOMETRIC_REPRESENTATION_CONTEXT(2) 
PARAMETRIC_REPRESENTATION_CONTEXT() REPRESENTATION_CONTEXT('2D SPACE',''
  ) );
#16110 = PCURVE('',#16099,#16111);
#16111 = DEFINITIONAL_REPRESENTATION('',(#16112),#16116);
#16112 = LINE('',#16113,#16114);
#16113 = CARTESIAN_POINT('',(-6.28318530718,0.));
#16114 = VECTOR('',#16115,1.);
#16115 = DIRECTION('',(-0.,-1.));
#16116 = ( GEOMETRIC_REPRESENTATION_CONTEXT(2) 
PARAMETRIC_REPRESENTATION_CONTEXT() REPRESENTATION_CONTEXT('2D SPACE',''
  ) );
#16117 = ORIENTED_EDGE('',*,*,#16118,.T.);
#16118 = EDGE_CURVE('',#16091,#16091,#16119,.T.);
#16119 = SURFACE_CURVE('',#16120,(#16125,#16132),.PCURVE_S1.);
#16120 = CIRCLE('',#16121,3.);
#16121 = AXIS2_PLACEMENT_3D('',#16122,#16123,#16124);
#16122 = CARTESIAN_POINT('',(-7.,3.2,124.12899630956));
#16123 = DIRECTION('',(0.,0.,1.));
#16124 = DIRECTION('',(1.,0.,0.));
#16125 = PCURVE('',#16099,#16126);
#16126 = DEFINITIONAL_REPRESENTATION('',(#16127),#16131);
#16127 = LINE('',#16128,#16129);
#16128 = CARTESIAN_POINT('',(-0.,-20.));
#16129 = VECTOR('',#16130,1.);
#16130 = DIRECTION('',(-1.,0.));
#16131 = ( GEOMETRIC_REPRESENTATION_CONTEXT(2) 
PARAMETRIC_REPRESENTATION_CONTEXT() REPRESENTATION_CONTEXT('2D SPACE',''
  ) );
#16132 = PCURVE('',#16133,#16138);
#16133 = PLANE('',#16134);
#16134 = AXIS2_PLACEMENT_3D('',#16135,#16136,#16137);
#16135 = CARTESIAN_POINT('',(-7.,3.2,124.12899630956));
#16136 = DIRECTION('',(0.,0.,1.));
#16137 = DIRECTION('',(1.,0.,-0.));
#16138 = DEFINITIONAL_REPRESENTATION('',(#16139),#16143);
#16139 = CIRCLE('',#16140,3.);
#16140 = AXIS2_PLACEMENT_2D('',#16141,#16142);
#16141 = CARTESIAN_POINT('',(0.,0.));
#16142 = DIRECTION('',(1.,0.));
#16143 = ( GEOMETRIC_REPRESENTATION_CONTEXT(2) 
PARAMETRIC_REPRESENTATION_CONTEXT() REPRESENTATION_CONTEXT('2D SPACE',''
  ) );
#16144 = ORIENTED_EDGE('',*,*,#16088,.F.);
#16145 = ORIENTED_EDGE('',*,*,#16146,.F.);
#16146 = EDGE_CURVE('',#16089,#16089,#16147,.T.);
#16147 = SURFACE_CURVE('',#16148,(#16153,#16160),.PCURVE_S1.);
#16148 = CIRCLE('',#16149,3.);
#16149 = AXIS2_PLACEMENT_3D('',#16150,#16151,#16152);
#16150 = CARTESIAN_POINT('',(-7.,3.2,104.12899630956));
#16151 = DIRECTION('',(0.,0.,1.));
#16152 = DIRECTION('',(1.,0.,0.));
#16153 = PCURVE('',#16099,#16154);
#16154 = DEFINITIONAL_REPRESENTATION('',(#16155),#16159);
#16155 = LINE('',#16156,#16157);
#16156 = CARTESIAN_POINT('',(-0.,0.));
#16157 = VECTOR('',#16158,1.);
#16158 = DIRECTION('',(-1.,0.));
#16159 = ( GEOMETRIC_REPRESENTATION_CONTEXT(2) 
PARAMETRIC_REPRESENTATION_CONTEXT() REPRESENTATION_CONTEXT('2D SPACE',''
  ) );
#16160 = PCURVE('',#16161,#16166);
#16161 = PLANE('',#16162);
#16162 = AXIS2_PLACEMENT_3D('',#16163,#16164,#16165);
#16163 = CARTESIAN_POINT('',(-7.,3.2,104.12899630956));
#16164 = DIRECTION('',(0.,0.,1.));
#16165 = DIRECTION('',(1.,0.,-0.));
#16166 = DEFINITIONAL_REPRESENTATION('',(#16167),#16171);
#16167 = CIRCLE('',#16168,3.);
#16168 = AXIS2_PLACEMENT_2D('',#16169,#16170);
#16169 = CARTESIAN_POINT('',(0.,0.));
#16170 = DIRECTION('',(1.,0.));
#16171 = ( GEOMETRIC_REPRESENTATION_CONTEXT(2) 
PARAMETRIC_REPRESENTATION_CONTEXT() REPRESENTATION_CONTEXT('2D SPACE',''
  ) );
#16172 = ADVANCED_FACE('',(#16173),#16161,.F.);
#16173 = FACE_BOUND('',#16174,.F.);
#16174 = EDGE_LOOP('',(#16175));
#16175 = ORIENTED_EDGE('',*,*,#16146,.T.);
#16176 = ADVANCED_FACE('',(#16177),#16133,.T.);
#16177 = FACE_BOUND('',#16178,.T.);
#16178 = EDGE_LOOP('',(#16179));
#16179 = ORIENTED_EDGE('',*,*,#16118,.T.);
#16180 = ( GEOMETRIC_REPRESENTATION_CONTEXT(3) 
GLOBAL_UNCERTAINTY_ASSIGNED_CONTEXT((#16184)) 
GLOBAL_UNIT_ASSIGNED_CONTEXT((#16181,#16182,#16183)) 
REPRESENTATION_CONTEXT('Context #1',
  '3D Context with UNIT and UNCERTAINTY') );
#16181 = ( LENGTH_UNIT() NAMED_UNIT(*) SI_UNIT(.MILLI.,.METRE.) );
#16182 = ( NAMED_UNIT(*) PLANE_ANGLE_UNIT() SI_UNIT($,.RADIAN.) );
#16183 = ( NAMED_UNIT(*) SI_UNIT($,.STERADIAN.) SOLID_ANGLE_UNIT() );
#16184 = UNCERTAINTY_MEASURE_WITH_UNIT(LENGTH_MEASURE(1.E-07),#16181,
  'distance_accuracy_value','confusion accuracy');
#16185 = CONTEXT_DEPENDENT_SHAPE_REPRESENTATION(#16186,#16188);
#16186 = ( REPRESENTATION_RELATIONSHIP('','',#16081,#10) 
REPRESENTATION_RELATIONSHIP_WITH_TRANSFORMATION(#16187) 
SHAPE_REPRESENTATION_RELATIONSHIP() );
#16187 = ITEM_DEFINED_TRANSFORMATION('','',#11,#267);
#16188 = PRODUCT_DEFINITION_SHAPE('Placement','Placement of an item',
  #16189);
#16189 = NEXT_ASSEMBLY_USAGE_OCCURRENCE('118','drive_motor','',#5,#16076
  ,$);
#16190 = PRODUCT_RELATED_PRODUCT_CATEGORY('part',$,(#16078));
#16191 = SHAPE_DEFINITION_REPRESENTATION(#16192,#16198);
#16192 = PRODUCT_DEFINITION_SHAPE('','',#16193);
#16193 = PRODUCT_DEFINITION('design','',#16194,#16197);
#16194 = PRODUCT_DEFINITION_FORMATION('','',#16195);
#16195 = PRODUCT('steer_motor','steer_motor','',(#16196));
#16196 = PRODUCT_CONTEXT('',#2,'mechanical');
#16197 = PRODUCT_DEFINITION_CONTEXT('part definition',#2,'design');
#16198 = ADVANCED_BREP_SHAPE_REPRESENTATION('',(#11,#16199),#16297);
#16199 = MANIFOLD_SOLID_BREP('',#16200);
#16200 = CLOSED_SHELL('',(#16201,#16289,#16293));
#16201 = ADVANCED_FACE('',(#16202),#16216,.T.);
#16202 = FACE_BOUND('',#16203,.F.);
#16203 = EDGE_LOOP('',(#16204,#16234,#16261,#16262));
#16204 = ORIENTED_EDGE('',*,*,#16205,.T.);
#16205 = EDGE_CURVE('',#16206,#16208,#16210,.T.);
#16206 = VERTEX_POINT('',#16207);
#16207 = CARTESIAN_POINT('',(-4.,-3.2,104.12899630956));
#16208 = VERTEX_POINT('',#16209);
#16209 = CARTESIAN_POINT('',(-4.,-3.2,124.12899630956));
#16210 = SEAM_CURVE('',#16211,(#16215,#16227),.PCURVE_S1.);
#16211 = LINE('',#16212,#16213);
#16212 = CARTESIAN_POINT('',(-4.,-3.2,104.12899630956));
#16213 = VECTOR('',#16214,1.);
#16214 = DIRECTION('',(0.,0.,1.));
#16215 = PCURVE('',#16216,#16221);
#16216 = CYLINDRICAL_SURFACE('',#16217,3.);
#16217 = AXIS2_PLACEMENT_3D('',#16218,#16219,#16220);
#16218 = CARTESIAN_POINT('',(-7.,-3.2,104.12899630956));
#16219 = DIRECTION('',(-0.,-0.,-1.));
#16220 = DIRECTION('',(1.,0.,0.));
#16221 = DEFINITIONAL_REPRESENTATION('',(#16222),#16226);
#16222 = LINE('',#16223,#16224);
#16223 = CARTESIAN_POINT('',(-0.,0.));
#16224 = VECTOR('',#16225,1.);
#16225 = DIRECTION('',(-0.,-1.));
#16226 = ( GEOMETRIC_REPRESENTATION_CONTEXT(2) 
PARAMETRIC_REPRESENTATION_CONTEXT() REPRESENTATION_CONTEXT('2D SPACE',''
  ) );
#16227 = PCURVE('',#16216,#16228);
#16228 = DEFINITIONAL_REPRESENTATION('',(#16229),#16233);
#16229 = LINE('',#16230,#16231);
#16230 = CARTESIAN_POINT('',(-6.28318530718,0.));
#16231 = VECTOR('',#16232,1.);
#16232 = DIRECTION('',(-0.,-1.));
#16233 = ( GEOMETRIC_REPRESENTATION_CONTEXT(2) 
PARAMETRIC_REPRESENTATION_CONTEXT() REPRESENTATION_CONTEXT('2D SPACE',''
  ) );
#16234 = ORIENTED_EDGE('',*,*,#16235,.T.);
#16235 = EDGE_CURVE('',#16208,#16208,#16236,.T.);
#16236 = SURFACE_CURVE('',#16237,(#16242,#16249),.PCURVE_S1.);
#16237 = CIRCLE('',#16238,3.);
#16238 = AXIS2_PLACEMENT_3D('',#16239,#16240,#16241);
#16239 = CARTESIAN_POINT('',(-7.,-3.2,124.12899630956));
#16240 = DIRECTION('',(0.,0.,1.));
#16241 = DIRECTION('',(1.,0.,0.));
#16242 = PCURVE('',#16216,#16243);
#16243 = DEFINITIONAL_REPRESENTATION('',(#16244),#16248);
#16244 = LINE('',#16245,#16246);
#16245 = CARTESIAN_POINT('',(-0.,-20.));
#16246 = VECTOR('',#16247,1.);
#16247 = DIRECTION('',(-1.,0.));
#16248 = ( GEOMETRIC_REPRESENTATION_CONTEXT(2) 
PARAMETRIC_REPRESENTATION_CONTEXT() REPRESENTATION_CONTEXT('2D SPACE',''
  ) );
#16249 = PCURVE('',#16250,#16255);
#16250 = PLANE('',#16251);
#16251 = AXIS2_PLACEMENT_3D('',#16252,#16253,#16254);
#16252 = CARTESIAN_POINT('',(-7.,-3.2,124.12899630956));
#16253 = DIRECTION('',(0.,0.,1.));
#16254 = DIRECTION('',(1.,0.,-0.));
#16255 = DEFINITIONAL_REPRESENTATION('',(#16256),#16260);
#16256 = CIRCLE('',#16257,3.);
#16257 = AXIS2_PLACEMENT_2D('',#16258,#16259);
#16258 = CARTESIAN_POINT('',(0.,0.));
#16259 = DIRECTION('',(1.,0.));
#16260 = ( GEOMETRIC_REPRESENTATION_CONTEXT(2) 
PARAMETRIC_REPRESENTATION_CONTEXT() REPRESENTATION_CONTEXT('2D SPACE',''
  ) );
#16261 = ORIENTED_EDGE('',*,*,#16205,.F.);
#16262 = ORIENTED_EDGE('',*,*,#16263,.F.);
#16263 = EDGE_CURVE('',#16206,#16206,#16264,.T.);
#16264 = SURFACE_CURVE('',#16265,(#16270,#16277),.PCURVE_S1.);
#16265 = CIRCLE('',#16266,3.);
#16266 = AXIS2_PLACEMENT_3D('',#16267,#16268,#16269);
#16267 = CARTESIAN_POINT('',(-7.,-3.2,104.12899630956));
#16268 = DIRECTION('',(0.,0.,1.));
#16269 = DIRECTION('',(1.,0.,0.));
#16270 = PCURVE('',#16216,#16271);
#16271 = DEFINITIONAL_REPRESENTATION('',(#16272),#16276);
#16272 = LINE('',#16273,#16274);
#16273 = CARTESIAN_POINT('',(-0.,0.));
#16274 = VECTOR('',#16275,1.);
#16275 = DIRECTION('',(-1.,0.));
#16276 = ( GEOMETRIC_REPRESENTATION_CONTEXT(2) 
PARAMETRIC_REPRESENTATION_CONTEXT() REPRESENTATION_CONTEXT('2D SPACE',''
  ) );
#16277 = PCURVE('',#16278,#16283);
#16278 = PLANE('',#16279);
#16279 = AXIS2_PLACEMENT_3D('',#16280,#16281,#16282);
#16280 = CARTESIAN_POINT('',(-7.,-3.2,104.12899630956));
#16281 = DIRECTION('',(0.,0.,1.));
#16282 = DIRECTION('',(1.,0.,-0.));
#16283 = DEFINITIONAL_REPRESENTATION('',(#16284),#16288);
#16284 = CIRCLE('',#16285,3.);
#16285 = AXIS2_PLACEMENT_2D('',#16286,#16287);
#16286 = CARTESIAN_POINT('',(0.,0.));
#16287 = DIRECTION('',(1.,0.));
#16288 = ( GEOMETRIC_REPRESENTATION_CONTEXT(2) 
PARAMETRIC_REPRESENTATION_CONTEXT() REPRESENTATION_CONTEXT('2D SPACE',''
  ) );
#16289 = ADVANCED_FACE('',(#16290),#16278,.F.);
#16290 = FACE_BOUND('',#16291,.F.);
#16291 = EDGE_LOOP('',(#16292));
#16292 = ORIENTED_EDGE('',*,*,#16263,.T.);
#16293 = ADVANCED_FACE('',(#16294),#16250,.T.);
#16294 = FACE_BOUND('',#16295,.T.);
#16295 = EDGE_LOOP('',(#16296));
#16296 = ORIENTED_EDGE('',*,*,#16235,.T.);
#16297 = ( GEOMETRIC_REPRESENTATION_CONTEXT(3) 
GLOBAL_UNCERTAINTY_ASSIGNED_CONTEXT((#16301)) 
GLOBAL_UNIT_ASSIGNED_CONTEXT((#16298,#16299,#16300)) 
REPRESENTATION_CONTEXT('Context #1',
  '3D Context with UNIT and UNCERTAINTY') );
#16298 = ( LENGTH_UNIT() NAMED_UNIT(*) SI_UNIT(.MILLI.,.METRE.) );
#16299 = ( NAMED_UNIT(*) PLANE_ANGLE_UNIT() SI_UNIT($,.RADIAN.) );
#16300 = ( NAMED_UNIT(*) SI_UNIT($,.STERADIAN.) SOLID_ANGLE_UNIT() );
#16301 = UNCERTAINTY_MEASURE_WITH_UNIT(LENGTH_MEASURE(1.E-07),#16298,
  'distance_accuracy_value','confusion accuracy');
#16302 = CONTEXT_DEPENDENT_SHAPE_REPRESENTATION(#16303,#16305);
#16303 = ( REPRESENTATION_RELATIONSHIP('','',#16198,#10) 
REPRESENTATION_RELATIONSHIP_WITH_TRANSFORMATION(#16304) 
SHAPE_REPRESENTATION_RELATIONSHIP() );
#16304 = ITEM_DEFINED_TRANSFORMATION('','',#11,#271);
#16305 = PRODUCT_DEFINITION_SHAPE('Placement','Placement of an item',
  #16306);
#16306 = NEXT_ASSEMBLY_USAGE_OCCURRENCE('119','steer_motor','',#5,#16193
  ,$);
#16307 = PRODUCT_RELATED_PRODUCT_CATEGORY('part',$,(#16195));
#16308 = SHAPE_DEFINITION_REPRESENTATION(#16309,#16315);
#16309 = PRODUCT_DEFINITION_SHAPE('','',#16310);
#16310 = PRODUCT_DEFINITION('design','',#16311,#16314);
#16311 = PRODUCT_DEFINITION_FORMATION('','',#16312);
#16312 = PRODUCT('drive_sensors','drive_sensors','',(#16313));
#16313 = PRODUCT_CONTEXT('',#2,'mechanical');
#16314 = PRODUCT_DEFINITION_CONTEXT('part definition',#2,'design');
#16315 = ADVANCED_BREP_SHAPE_REPRESENTATION('',(#11,#16316),#16646);
#16316 = MANIFOLD_SOLID_BREP('',#16317);
#16317 = CLOSED_SHELL('',(#16318,#16438,#16538,#16585,#16632,#16639));
#16318 = ADVANCED_FACE('',(#16319),#16333,.F.);
#16319 = FACE_BOUND('',#16320,.F.);
#16320 = EDGE_LOOP('',(#16321,#16356,#16384,#16412));
#16321 = ORIENTED_EDGE('',*,*,#16322,.F.);
#16322 = EDGE_CURVE('',#16323,#16325,#16327,.T.);
#16323 = VERTEX_POINT('',#16324);
#16324 = CARTESIAN_POINT('',(-4.1,1.25,6.367930328003));
#16325 = VERTEX_POINT('',#16326);
#16326 = CARTESIAN_POINT('',(-4.1,1.25,7.367930328003));
#16327 = SURFACE_CURVE('',#16328,(#16332,#16344),.PCURVE_S1.);
#16328 = LINE('',#16329,#16330);
#16329 = CARTESIAN_POINT('',(-4.1,1.25,6.367930328003));
#16330 = VECTOR('',#16331,1.);
#16331 = DIRECTION('',(0.,0.,1.));
#16332 = PCURVE('',#16333,#16338);
#16333 = PLANE('',#16334);
#16334 = AXIS2_PLACEMENT_3D('',#16335,#16336,#16337);
#16335 = CARTESIAN_POINT('',(-4.1,1.25,6.367930328003));
#16336 = DIRECTION('',(1.,0.,0.));
#16337 = DIRECTION('',(0.,0.,1.));
#16338 = DEFINITIONAL_REPRESENTATION('',(#16339),#16343);
#16339 = LINE('',#16340,#16341);
#16340 = CARTESIAN_POINT('',(0.,0.));
#16341 = VECTOR('',#16342,1.);
#16342 = DIRECTION('',(1.,0.));
#16343 = ( GEOMETRIC_REPRESENTATION_CONTEXT(2) 
PARAMETRIC_REPRESENTATION_CONTEXT() REPRESENTATION_CONTEXT('2D SPACE',''
  ) );
#16344 = PCURVE('',#16345,#16350);
#16345 = PLANE('',#16346);
#16346 = AXIS2_PLACEMENT_3D('',#16347,#16348,#16349);
#16347 = CARTESIAN_POINT('',(-4.1,1.25,6.367930328003));
#16348 = DIRECTION('',(0.,1.,0.));
#16349 = DIRECTION('',(0.,0.,1.));
#16350 = DEFINITIONAL_REPRESENTATION('',(#16351),#16355);
#16351 = LINE('',#16352,#16353);
#16352 = CARTESIAN_POINT('',(0.,0.));
#16353 = VECTOR('',#16354,1.);
#16354 = DIRECTION('',(1.,0.));
#16355 = ( GEOMETRIC_REPRESENTATION_CONTEXT(2) 
PARAMETRIC_REPRESENTATION_CONTEXT() REPRESENTATION_CONTEXT('2D SPACE',''
  ) );
#16356 = ORIENTED_EDGE('',*,*,#16357,.T.);
#16357 = EDGE_CURVE('',#16323,#16358,#16360,.T.);
#16358 = VERTEX_POINT('',#16359);
#16359 = CARTESIAN_POINT('',(-4.1,2.75,6.367930328003));
#16360 = SURFACE_CURVE('',#16361,(#16365,#16372),.PCURVE_S1.);
#16361 = LINE('',#16362,#16363);
#16362 = CARTESIAN_POINT('',(-4.1,1.25,6.367930328003));
#16363 = VECTOR('',#16364,1.);
#16364 = DIRECTION('',(0.,1.,0.));
#16365 = PCURVE('',#16333,#16366);
#16366 = DEFINITIONAL_REPRESENTATION('',(#16367),#16371);
#16367 = LINE('',#16368,#16369);
#16368 = CARTESIAN_POINT('',(0.,0.));
#16369 = VECTOR('',#16370,1.);
#16370 = DIRECTION('',(0.,-1.));
#16371 = ( GEOMETRIC_REPRESENTATION_CONTEXT(2) 
PARAMETRIC_REPRESENTATION_CONTEXT() REPRESENTATION_CONTEXT('2D SPACE',''
  ) );
#16372 = PCURVE('',#16373,#16378);
#16373 = PLANE('',#16374);
#16374 = AXIS2_PLACEMENT_3D('',#16375,#16376,#16377);
#16375 = CARTESIAN_POINT('',(-4.1,1.25,6.367930328003));
#16376 = DIRECTION('',(0.,0.,1.));
#16377 = DIRECTION('',(1.,0.,0.));
#16378 = DEFINITIONAL_REPRESENTATION('',(#16379),#16383);
#16379 = LINE('',#16380,#16381);
#16380 = CARTESIAN_POINT('',(0.,0.));
#16381 = VECTOR('',#16382,1.);
#16382 = DIRECTION('',(0.,1.));
#16383 = ( GEOMETRIC_REPRESENTATION_CONTEXT(2) 
PARAMETRIC_REPRESENTATION_CONTEXT() REPRESENTATION_CONTEXT('2D SPACE',''
  ) );
#16384 = ORIENTED_EDGE('',*,*,#16385,.T.);
#16385 = EDGE_CURVE('',#16358,#16386,#16388,.T.);
#16386 = VERTEX_POINT('',#16387);
#16387 = CARTESIAN_POINT('',(-4.1,2.75,7.367930328003));
#16388 = SURFACE_CURVE('',#16389,(#16393,#16400),.PCURVE_S1.);
#16389 = LINE('',#16390,#16391);
#16390 = CARTESIAN_POINT('',(-4.1,2.75,6.367930328003));
#16391 = VECTOR('',#16392,1.);
#16392 = DIRECTION('',(0.,0.,1.));
#16393 = PCURVE('',#16333,#16394);
#16394 = DEFINITIONAL_REPRESENTATION('',(#16395),#16399);
#16395 = LINE('',#16396,#16397);
#16396 = CARTESIAN_POINT('',(0.,-1.5));
#16397 = VECTOR('',#16398,1.);
#16398 = DIRECTION('',(1.,0.));
#16399 = ( GEOMETRIC_REPRESENTATION_CONTEXT(2) 
PARAMETRIC_REPRESENTATION_CONTEXT() REPRESENTATION_CONTEXT('2D SPACE',''
  ) );
#16400 = PCURVE('',#16401,#16406);
#16401 = PLANE('',#16402);
#16402 = AXIS2_PLACEMENT_3D('',#16403,#16404,#16405);
#16403 = CARTESIAN_POINT('',(-4.1,2.75,6.367930328003));
#16404 = DIRECTION('',(0.,1.,0.));
#16405 = DIRECTION('',(0.,0.,1.));
#16406 = DEFINITIONAL_REPRESENTATION('',(#16407),#16411);
#16407 = LINE('',#16408,#16409);
#16408 = CARTESIAN_POINT('',(0.,0.));
#16409 = VECTOR('',#16410,1.);
#16410 = DIRECTION('',(1.,0.));
#16411 = ( GEOMETRIC_REPRESENTATION_CONTEXT(2) 
PARAMETRIC_REPRESENTATION_CONTEXT() REPRESENTATION_CONTEXT('2D SPACE',''
  ) );
#16412 = ORIENTED_EDGE('',*,*,#16413,.F.);
#16413 = EDGE_CURVE('',#16325,#16386,#16414,.T.);
#16414 = SURFACE_CURVE('',#16415,(#16419,#16426),.PCURVE_S1.);
#16415 = LINE('',#16416,#16417);
#16416 = CARTESIAN_POINT('',(-4.1,1.25,7.367930328003));
#16417 = VECTOR('',#16418,1.);
#16418 = DIRECTION('',(0.,1.,0.));
#16419 = PCURVE('',#16333,#16420);
#16420 = DEFINITIONAL_REPRESENTATION('',(#16421),#16425);
#16421 = LINE('',#16422,#16423);
#16422 = CARTESIAN_POINT('',(1.,0.));
#16423 = VECTOR('',#16424,1.);
#16424 = DIRECTION('',(0.,-1.));
#16425 = ( GEOMETRIC_REPRESENTATION_CONTEXT(2) 
PARAMETRIC_REPRESENTATION_CONTEXT() REPRESENTATION_CONTEXT('2D SPACE',''
  ) );
#16426 = PCURVE('',#16427,#16432);
#16427 = PLANE('',#16428);
#16428 = AXIS2_PLACEMENT_3D('',#16429,#16430,#16431);
#16429 = CARTESIAN_POINT('',(-4.1,1.25,7.367930328003));
#16430 = DIRECTION('',(0.,0.,1.));
#16431 = DIRECTION('',(1.,0.,0.));
#16432 = DEFINITIONAL_REPRESENTATION('',(#16433),#16437);
#16433 = LINE('',#16434,#16435);
#16434 = CARTESIAN_POINT('',(0.,0.));
#16435 = VECTOR('',#16436,1.);
#16436 = DIRECTION('',(0.,1.));
#16437 = ( GEOMETRIC_REPRESENTATION_CONTEXT(2) 
PARAMETRIC_REPRESENTATION_CONTEXT() REPRESENTATION_CONTEXT('2D SPACE',''
  ) );
#16438 = ADVANCED_FACE('',(#16439),#16453,.T.);
#16439 = FACE_BOUND('',#16440,.T.);
#16440 = EDGE_LOOP('',(#16441,#16471,#16494,#16517));
#16441 = ORIENTED_EDGE('',*,*,#16442,.F.);
#16442 = EDGE_CURVE('',#16443,#16445,#16447,.T.);
#16443 = VERTEX_POINT('',#16444);
#16444 = CARTESIAN_POINT('',(-3.3,1.25,6.367930328003));
#16445 = VERTEX_POINT('',#16446);
#16446 = CARTESIAN_POINT('',(-3.3,1.25,7.367930328003));
#16447 = SURFACE_CURVE('',#16448,(#16452,#16464),.PCURVE_S1.);
#16448 = LINE('',#16449,#16450);
#16449 = CARTESIAN_POINT('',(-3.3,1.25,6.367930328003));
#16450 = VECTOR('',#16451,1.);
#16451 = DIRECTION('',(0.,0.,1.));
#16452 = PCURVE('',#16453,#16458);
#16453 = PLANE('',#16454);
#16454 = AXIS2_PLACEMENT_3D('',#16455,#16456,#16457);
#16455 = CARTESIAN_POINT('',(-3.3,1.25,6.367930328003));
#16456 = DIRECTION('',(1.,0.,0.));
#16457 = DIRECTION('',(0.,0.,1.));
#16458 = DEFINITIONAL_REPRESENTATION('',(#16459),#16463);
#16459 = LINE('',#16460,#16461);
#16460 = CARTESIAN_POINT('',(0.,0.));
#16461 = VECTOR('',#16462,1.);
#16462 = DIRECTION('',(1.,0.));
#16463 = ( GEOMETRIC_REPRESENTATION_CONTEXT(2) 
PARAMETRIC_REPRESENTATION_CONTEXT() REPRESENTATION_CONTEXT('2D SPACE',''
  ) );
#16464 = PCURVE('',#16345,#16465);
#16465 = DEFINITIONAL_REPRESENTATION('',(#16466),#16470);
#16466 = LINE('',#16467,#16468);
#16467 = CARTESIAN_POINT('',(0.,0.8));
#16468 = VECTOR('',#16469,1.);
#16469 = DIRECTION('',(1.,0.));
#16470 = ( GEOMETRIC_REPRESENTATION_CONTEXT(2) 
PARAMETRIC_REPRESENTATION_CONTEXT() REPRESENTATION_CONTEXT('2D SPACE',''
  ) );
#16471 = ORIENTED_EDGE('',*,*,#16472,.T.);
#16472 = EDGE_CURVE('',#16443,#16473,#16475,.T.);
#16473 = VERTEX_POINT('',#16474);
#16474 = CARTESIAN_POINT('',(-3.3,2.75,6.367930328003));
#16475 = SURFACE_CURVE('',#16476,(#16480,#16487),.PCURVE_S1.);
#16476 = LINE('',#16477,#16478);
#16477 = CARTESIAN_POINT('',(-3.3,1.25,6.367930328003));
#16478 = VECTOR('',#16479,1.);
#16479 = DIRECTION('',(0.,1.,0.));
#16480 = PCURVE('',#16453,#16481);
#16481 = DEFINITIONAL_REPRESENTATION('',(#16482),#16486);
#16482 = LINE('',#16483,#16484);
#16483 = CARTESIAN_POINT('',(0.,0.));
#16484 = VECTOR('',#16485,1.);
#16485 = DIRECTION('',(0.,-1.));
#16486 = ( GEOMETRIC_REPRESENTATION_CONTEXT(2) 
PARAMETRIC_REPRESENTATION_CONTEXT() REPRESENTATION_CONTEXT('2D SPACE',''
  ) );
#16487 = PCURVE('',#16373,#16488);
#16488 = DEFINITIONAL_REPRESENTATION('',(#16489),#16493);
#16489 = LINE('',#16490,#16491);
#16490 = CARTESIAN_POINT('',(0.8,0.));
#16491 = VECTOR('',#16492,1.);
#16492 = DIRECTION('',(0.,1.));
#16493 = ( GEOMETRIC_REPRESENTATION_CONTEXT(2) 
PARAMETRIC_REPRESENTATION_CONTEXT() REPRESENTATION_CONTEXT('2D SPACE',''
  ) );
#16494 = ORIENTED_EDGE('',*,*,#16495,.T.);
#16495 = EDGE_CURVE('',#16473,#16496,#16498,.T.);
#16496 = VERTEX_POINT('',#16497);
#16497 = CARTESIAN_POINT('',(-3.3,2.75,7.367930328003));
#16498 = SURFACE_CURVE('',#16499,(#16503,#16510),.PCURVE_S1.);
#16499 = LINE('',#16500,#16501);
#16500 = CARTESIAN_POINT('',(-3.3,2.75,6.367930328003));
#16501 = VECTOR('',#16502,1.);
#16502 = DIRECTION('',(0.,0.,1.));
#16503 = PCURVE('',#16453,#16504);
#16504 = DEFINITIONAL_REPRESENTATION('',(#16505),#16509);
#16505 = LINE('',#16506,#16507);
#16506 = CARTESIAN_POINT('',(0.,-1.5));
#16507 = VECTOR('',#16508,1.);
#16508 = DIRECTION('',(1.,0.));
#16509 = ( GEOMETRIC_REPRESENTATION_CONTEXT(2) 
PARAMETRIC_REPRESENTATION_CONTEXT() REPRESENTATION_CONTEXT('2D SPACE',''
  ) );
#16510 = PCURVE('',#16401,#16511);
#16511 = DEFINITIONAL_REPRESENTATION('',(#16512),#16516);
#16512 = LINE('',#16513,#16514);
#16513 = CARTESIAN_POINT('',(0.,0.8));
#16514 = VECTOR('',#16515,1.);
#16515 = DIRECTION('',(1.,0.));
#16516 = ( GEOMETRIC_REPRESENTATION_CONTEXT(2) 
PARAMETRIC_REPRESENTATION_CONTEXT() REPRESENTATION_CONTEXT('2D SPACE',''
  ) );
#16517 = ORIENTED_EDGE('',*,*,#16518,.F.);
#16518 = EDGE_CURVE('',#16445,#16496,#16519,.T.);
#16519 = SURFACE_CURVE('',#16520,(#16524,#16531),.PCURVE_S1.);
#16520 = LINE('',#16521,#16522);
#16521 = CARTESIAN_POINT('',(-3.3,1.25,7.367930328003));
#16522 = VECTOR('',#16523,1.);
#16523 = DIRECTION('',(0.,1.,0.));
#16524 = PCURVE('',#16453,#16525);
#16525 = DEFINITIONAL_REPRESENTATION('',(#16526),#16530);
#16526 = LINE('',#16527,#16528);
#16527 = CARTESIAN_POINT('',(1.,0.));
#16528 = VECTOR('',#16529,1.);
#16529 = DIRECTION('',(0.,-1.));
#16530 = ( GEOMETRIC_REPRESENTATION_CONTEXT(2) 
PARAMETRIC_REPRESENTATION_CONTEXT() REPRESENTATION_CONTEXT('2D SPACE',''
  ) );
#16531 = PCURVE('',#16427,#16532);
#16532 = DEFINITIONAL_REPRESENTATION('',(#16533),#16537);
#16533 = LINE('',#16534,#16535);
#16534 = CARTESIAN_POINT('',(0.8,0.));
#16535 = VECTOR('',#16536,1.);
#16536 = DIRECTION('',(0.,1.));
#16537 = ( GEOMETRIC_REPRESENTATION_CONTEXT(2) 
PARAMETRIC_REPRESENTATION_CONTEXT() REPRESENTATION_CONTEXT('2D SPACE',''
  ) );
#16538 = ADVANCED_FACE('',(#16539),#16345,.F.);
#16539 = FACE_BOUND('',#16540,.F.);
#16540 = EDGE_LOOP('',(#16541,#16562,#16563,#16584));
#16541 = ORIENTED_EDGE('',*,*,#16542,.F.);
#16542 = EDGE_CURVE('',#16323,#16443,#16543,.T.);
#16543 = SURFACE_CURVE('',#16544,(#16548,#16555),.PCURVE_S1.);
#16544 = LINE('',#16545,#16546);
#16545 = CARTESIAN_POINT('',(-4.1,1.25,6.367930328003));
#16546 = VECTOR('',#16547,1.);
#16547 = DIRECTION('',(1.,0.,0.));
#16548 = PCURVE('',#16345,#16549);
#16549 = DEFINITIONAL_REPRESENTATION('',(#16550),#16554);
#16550 = LINE('',#16551,#16552);
#16551 = CARTESIAN_POINT('',(0.,0.));
#16552 = VECTOR('',#16553,1.);
#16553 = DIRECTION('',(0.,1.));
#16554 = ( GEOMETRIC_REPRESENTATION_CONTEXT(2) 
PARAMETRIC_REPRESENTATION_CONTEXT() REPRESENTATION_CONTEXT('2D SPACE',''
  ) );
#16555 = PCURVE('',#16373,#16556);
#16556 = DEFINITIONAL_REPRESENTATION('',(#16557),#16561);
#16557 = LINE('',#16558,#16559);
#16558 = CARTESIAN_POINT('',(0.,0.));
#16559 = VECTOR('',#16560,1.);
#16560 = DIRECTION('',(1.,0.));
#16561 = ( GEOMETRIC_REPRESENTATION_CONTEXT(2) 
PARAMETRIC_REPRESENTATION_CONTEXT() REPRESENTATION_CONTEXT('2D SPACE',''
  ) );
#16562 = ORIENTED_EDGE('',*,*,#16322,.T.);
#16563 = ORIENTED_EDGE('',*,*,#16564,.T.);
#16564 = EDGE_CURVE('',#16325,#16445,#16565,.T.);
#16565 = SURFACE_CURVE('',#16566,(#16570,#16577),.PCURVE_S1.);
#16566 = LINE('',#16567,#16568);
#16567 = CARTESIAN_POINT('',(-4.1,1.25,7.367930328003));
#16568 = VECTOR('',#16569,1.);
#16569 = DIRECTION('',(1.,0.,0.));
#16570 = PCURVE('',#16345,#16571);
#16571 = DEFINITIONAL_REPRESENTATION('',(#16572),#16576);
#16572 = LINE('',#16573,#16574);
#16573 = CARTESIAN_POINT('',(1.,0.));
#16574 = VECTOR('',#16575,1.);
#16575 = DIRECTION('',(0.,1.));
#16576 = ( GEOMETRIC_REPRESENTATION_CONTEXT(2) 
PARAMETRIC_REPRESENTATION_CONTEXT() REPRESENTATION_CONTEXT('2D SPACE',''
  ) );
#16577 = PCURVE('',#16427,#16578);
#16578 = DEFINITIONAL_REPRESENTATION('',(#16579),#16583);
#16579 = LINE('',#16580,#16581);
#16580 = CARTESIAN_POINT('',(0.,0.));
#16581 = VECTOR('',#16582,1.);
#16582 = DIRECTION('',(1.,0.));
#16583 = ( GEOMETRIC_REPRESENTATION_CONTEXT(2) 
PARAMETRIC_REPRESENTATION_CONTEXT() REPRESENTATION_CONTEXT('2D SPACE',''
  ) );
#16584 = ORIENTED_EDGE('',*,*,#16442,.F.);
#16585 = ADVANCED_FACE('',(#16586),#16401,.T.);
#16586 = FACE_BOUND('',#16587,.T.);
#16587 = EDGE_LOOP('',(#16588,#16609,#16610,#16631));
#16588 = ORIENTED_EDGE('',*,*,#16589,.F.);
#16589 = EDGE_CURVE('',#16358,#16473,#16590,.T.);
#16590 = SURFACE_CURVE('',#16591,(#16595,#16602),.PCURVE_S1.);
#16591 = LINE('',#16592,#16593);
#16592 = CARTESIAN_POINT('',(-4.1,2.75,6.367930328003));
#16593 = VECTOR('',#16594,1.);
#16594 = DIRECTION('',(1.,0.,0.));
#16595 = PCURVE('',#16401,#16596);
#16596 = DEFINITIONAL_REPRESENTATION('',(#16597),#16601);
#16597 = LINE('',#16598,#16599);
#16598 = CARTESIAN_POINT('',(0.,0.));
#16599 = VECTOR('',#16600,1.);
#16600 = DIRECTION('',(0.,1.));
#16601 = ( GEOMETRIC_REPRESENTATION_CONTEXT(2) 
PARAMETRIC_REPRESENTATION_CONTEXT() REPRESENTATION_CONTEXT('2D SPACE',''
  ) );
#16602 = PCURVE('',#16373,#16603);
#16603 = DEFINITIONAL_REPRESENTATION('',(#16604),#16608);
#16604 = LINE('',#16605,#16606);
#16605 = CARTESIAN_POINT('',(0.,1.5));
#16606 = VECTOR('',#16607,1.);
#16607 = DIRECTION('',(1.,0.));
#16608 = ( GEOMETRIC_REPRESENTATION_CONTEXT(2) 
PARAMETRIC_REPRESENTATION_CONTEXT() REPRESENTATION_CONTEXT('2D SPACE',''
  ) );
#16609 = ORIENTED_EDGE('',*,*,#16385,.T.);
#16610 = ORIENTED_EDGE('',*,*,#16611,.T.);
#16611 = EDGE_CURVE('',#16386,#16496,#16612,.T.);
#16612 = SURFACE_CURVE('',#16613,(#16617,#16624),.PCURVE_S1.);
#16613 = LINE('',#16614,#16615);
#16614 = CARTESIAN_POINT('',(-4.1,2.75,7.367930328003));
#16615 = VECTOR('',#16616,1.);
#16616 = DIRECTION('',(1.,0.,0.));
#16617 = PCURVE('',#16401,#16618);
#16618 = DEFINITIONAL_REPRESENTATION('',(#16619),#16623);
#16619 = LINE('',#16620,#16621);
#16620 = CARTESIAN_POINT('',(1.,0.));
#16621 = VECTOR('',#16622,1.);
#16622 = DIRECTION('',(0.,1.));
#16623 = ( GEOMETRIC_REPRESENTATION_CONTEXT(2) 
PARAMETRIC_REPRESENTATION_CONTEXT() REPRESENTATION_CONTEXT('2D SPACE',''
  ) );
#16624 = PCURVE('',#16427,#16625);
#16625 = DEFINITIONAL_REPRESENTATION('',(#16626),#16630);
#16626 = LINE('',#16627,#16628);
#16627 = CARTESIAN_POINT('',(0.,1.5));
#16628 = VECTOR('',#16629,1.);
#16629 = DIRECTION('',(1.,0.));
#16630 = ( GEOMETRIC_REPRESENTATION_CONTEXT(2) 
PARAMETRIC_REPRESENTATION_CONTEXT() REPRESENTATION_CONTEXT('2D SPACE',''
  ) );
#16631 = ORIENTED_EDGE('',*,*,#16495,.F.);
#16632 = ADVANCED_FACE('',(#16633),#16373,.F.);
#16633 = FACE_BOUND('',#16634,.F.);
#16634 = EDGE_LOOP('',(#16635,#16636,#16637,#16638));
#16635 = ORIENTED_EDGE('',*,*,#16357,.F.);
#16636 = ORIENTED_EDGE('',*,*,#16542,.T.);
#16637 = ORIENTED_EDGE('',*,*,#16472,.T.);
#16638 = ORIENTED_EDGE('',*,*,#16589,.F.);
#16639 = ADVANCED_FACE('',(#16640),#16427,.T.);
#16640 = FACE_BOUND('',#16641,.T.);
#16641 = EDGE_LOOP('',(#16642,#16643,#16644,#16645));
#16642 = ORIENTED_EDGE('',*,*,#16413,.F.);
#16643 = ORIENTED_EDGE('',*,*,#16564,.T.);
#16644 = ORIENTED_EDGE('',*,*,#16518,.T.);
#16645 = ORIENTED_EDGE('',*,*,#16611,.F.);
#16646 = ( GEOMETRIC_REPRESENTATION_CONTEXT(3) 
GLOBAL_UNCERTAINTY_ASSIGNED_CONTEXT((#16650)) 
GLOBAL_UNIT_ASSIGNED_CONTEXT((#16647,#16648,#16649)) 
REPRESENTATION_CONTEXT('Context #1',
  '3D Context with UNIT and UNCERTAINTY') );
#16647 = ( LENGTH_UNIT() NAMED_UNIT(*) SI_UNIT(.MILLI.,.METRE.) );
#16648 = ( NAMED_UNIT(*) PLANE_ANGLE_UNIT() SI_UNIT($,.RADIAN.) );
#16649 = ( NAMED_UNIT(*) SI_UNIT($,.STERADIAN.) SOLID_ANGLE_UNIT() );
#16650 = UNCERTAINTY_MEASURE_WITH_UNIT(LENGTH_MEASURE(1.E-07),#16647,
  'distance_accuracy_value','confusion accuracy');
#16651 = CONTEXT_DEPENDENT_SHAPE_REPRESENTATION(#16652,#16654);
#16652 = ( REPRESENTATION_RELATIONSHIP('','',#16315,#10) 
REPRESENTATION_RELATIONSHIP_WITH_TRANSFORMATION(#16653) 
SHAPE_REPRESENTATION_RELATIONSHIP() );
#16653 = ITEM_DEFINED_TRANSFORMATION('','',#11,#275);
#16654 = PRODUCT_DEFINITION_SHAPE('Placement','Placement of an item',
  #16655);
#16655 = NEXT_ASSEMBLY_USAGE_OCCURRENCE('120','drive_sensors','',#5,
  #16310,$);
#16656 = PRODUCT_RELATED_PRODUCT_CATEGORY('part',$,(#16312));
#16657 = MECHANICAL_DESIGN_GEOMETRIC_PRESENTATION_REPRESENTATION('',(
    #16658),#12715);
#16658 = STYLED_ITEM('color',(#16659),#12385);
#16659 = PRESENTATION_STYLE_ASSIGNMENT((#16660));
#16660 = SURFACE_STYLE_USAGE(.BOTH.,#16661);
#16661 = SURFACE_SIDE_STYLE('',(#16662));
#16662 = SURFACE_STYLE_FILL_AREA(#16663);
#16663 = FILL_AREA_STYLE('',(#16664));
#16664 = FILL_AREA_STYLE_COLOUR('',#16665);
#16665 = COLOUR_RGB('',9.999999991362E-02,0.55000000909,0.750000000934);
#16666 = MECHANICAL_DESIGN_GEOMETRIC_PRESENTATION_REPRESENTATION('',(
    #16667),#3077);
#16667 = STYLED_ITEM('color',(#16668),#2747);
#16668 = PRESENTATION_STYLE_ASSIGNMENT((#16669));
#16669 = SURFACE_STYLE_USAGE(.BOTH.,#16670);
#16670 = SURFACE_SIDE_STYLE('',(#16671));
#16671 = SURFACE_STYLE_FILL_AREA(#16672);
#16672 = FILL_AREA_STYLE('',(#16673));
#16673 = FILL_AREA_STYLE_COLOUR('',#16674);
#16674 = COLOUR_RGB('',0.800000010877,0.250000000672,0.599999994755);
#16675 = MECHANICAL_DESIGN_GEOMETRIC_PRESENTATION_REPRESENTATION('',(
    #16676),#13848);
#16676 = STYLED_ITEM('color',(#16677),#13666);
#16677 = PRESENTATION_STYLE_ASSIGNMENT((#16678));
#16678 = SURFACE_STYLE_USAGE(.BOTH.,#16679);
#16679 = SURFACE_SIDE_STYLE('',(#16680));
#16680 = SURFACE_STYLE_FILL_AREA(#16681);
#16681 = FILL_AREA_STYLE('',(#16682));
#16682 = FILL_AREA_STYLE_COLOUR('',#16683);
#16683 = COLOUR_RGB('',0.700000005816,0.720000003324,0.750000000934);
#16684 = MECHANICAL_DESIGN_GEOMETRIC_PRESENTATION_REPRESENTATION('',(
    #16685),#910);
#16685 = STYLED_ITEM('color',(#16686),#728);
#16686 = PRESENTATION_STYLE_ASSIGNMENT((#16687));
#16687 = SURFACE_STYLE_USAGE(.BOTH.,#16688);
#16688 = SURFACE_SIDE_STYLE('',(#16689));
#16689 = SURFACE_STYLE_FILL_AREA(#16690);
#16690 = FILL_AREA_STYLE('',(#16691));
#16691 = FILL_AREA_STYLE_COLOUR('',#16692);
#16692 = COLOUR_RGB('',0.950000001282,0.55000000909,0.149999997808);
#16693 = MECHANICAL_DESIGN_GEOMETRIC_PRESENTATION_REPRESENTATION('',(
    #16694),#9250);
#16694 = STYLED_ITEM('color',(#16695),#8920);
#16695 = PRESENTATION_STYLE_ASSIGNMENT((#16696));
#16696 = SURFACE_STYLE_USAGE(.BOTH.,#16697);
#16697 = SURFACE_SIDE_STYLE('',(#16698));
#16698 = SURFACE_STYLE_FILL_AREA(#16699);
#16699 = FILL_AREA_STYLE('',(#16700));
#16700 = FILL_AREA_STYLE_COLOUR('',#16701);
#16701 = COLOUR_RGB('',0.149999997808,0.649999988539,0.45000000386);
#16702 = MECHANICAL_DESIGN_GEOMETRIC_PRESENTATION_REPRESENTATION('',(
    #16703),#2728);
#16703 = STYLED_ITEM('color',(#16704),#2546);
#16704 = PRESENTATION_STYLE_ASSIGNMENT((#16705));
#16705 = SURFACE_STYLE_USAGE(.BOTH.,#16706);
#16706 = SURFACE_SIDE_STYLE('',(#16707));
#16707 = SURFACE_STYLE_FILL_AREA(#16708);
#16708 = FILL_AREA_STYLE('',(#16709));
#16709 = FILL_AREA_STYLE_COLOUR('',#16710);
#16710 = COLOUR_RGB('',0.800000010877,0.199999998682,0.250000000672);
#16711 = MECHANICAL_DESIGN_GEOMETRIC_PRESENTATION_REPRESENTATION('',(
    #16712),#2527);
#16712 = STYLED_ITEM('color',(#16713),#2197);
#16713 = PRESENTATION_STYLE_ASSIGNMENT((#16714));
#16714 = SURFACE_STYLE_USAGE(.BOTH.,#16715);
#16715 = SURFACE_SIDE_STYLE('',(#16716));
#16716 = SURFACE_STYLE_FILL_AREA(#16717);
#16717 = FILL_AREA_STYLE('',(#16718));
#16718 = FILL_AREA_STYLE_COLOUR('',#16701);
#16719 = MECHANICAL_DESIGN_GEOMETRIC_PRESENTATION_REPRESENTATION('',(
    #16720),#5913);
#16720 = STYLED_ITEM('color',(#16721),#5815);
#16721 = PRESENTATION_STYLE_ASSIGNMENT((#16722));
#16722 = SURFACE_STYLE_USAGE(.BOTH.,#16723);
#16723 = SURFACE_SIDE_STYLE('',(#16724));
#16724 = SURFACE_STYLE_FILL_AREA(#16725);
#16725 = FILL_AREA_STYLE('',(#16726));
#16726 = FILL_AREA_STYLE_COLOUR('',#16727);
#16727 = COLOUR_RGB('',0.55000000909,0.350000000377,0.750000000934);
#16728 = MECHANICAL_DESIGN_GEOMETRIC_PRESENTATION_REPRESENTATION('',(
    #16729),#5129);
#16729 = STYLED_ITEM('color',(#16730),#4947);
#16730 = PRESENTATION_STYLE_ASSIGNMENT((#16731));
#16731 = SURFACE_STYLE_USAGE(.BOTH.,#16732);
#16732 = SURFACE_SIDE_STYLE('',(#16733));
#16733 = SURFACE_STYLE_FILL_AREA(#16734);
#16734 = FILL_AREA_STYLE('',(#16735));
#16735 = FILL_AREA_STYLE_COLOUR('',#16727);
#16736 = MECHANICAL_DESIGN_GEOMETRIC_PRESENTATION_REPRESENTATION('',(
    #16737),#15714);
#16737 = STYLED_ITEM('color',(#16738),#15616);
#16738 = PRESENTATION_STYLE_ASSIGNMENT((#16739));
#16739 = SURFACE_STYLE_USAGE(.BOTH.,#16740);
#16740 = SURFACE_SIDE_STYLE('',(#16741));
#16741 = SURFACE_STYLE_FILL_AREA(#16742);
#16742 = FILL_AREA_STYLE('',(#16743));
#16743 = FILL_AREA_STYLE_COLOUR('',#16744);
#16744 = COLOUR_RGB('',5.000000142576E-02,0.599999994755,0.45000000386);
#16745 = MECHANICAL_DESIGN_GEOMETRIC_PRESENTATION_REPRESENTATION('',(
    #16746),#10621);
#16746 = STYLED_ITEM('color',(#16747),#10291);
#16747 = PRESENTATION_STYLE_ASSIGNMENT((#16748));
#16748 = SURFACE_STYLE_USAGE(.BOTH.,#16749);
#16749 = SURFACE_SIDE_STYLE('',(#16750));
#16750 = SURFACE_STYLE_FILL_AREA(#16751);
#16751 = FILL_AREA_STYLE('',(#16752));
#16752 = FILL_AREA_STYLE_COLOUR('',#16665);
#16753 = MECHANICAL_DESIGN_GEOMETRIC_PRESENTATION_REPRESENTATION('',(
    #16754),#12366);
#16754 = STYLED_ITEM('color',(#16755),#12036);
#16755 = PRESENTATION_STYLE_ASSIGNMENT((#16756));
#16756 = SURFACE_STYLE_USAGE(.BOTH.,#16757);
#16757 = SURFACE_SIDE_STYLE('',(#16758));
#16758 = SURFACE_STYLE_FILL_AREA(#16759);
#16759 = FILL_AREA_STYLE('',(#16760));
#16760 = FILL_AREA_STYLE_COLOUR('',#16665);
#16761 = MECHANICAL_DESIGN_GEOMETRIC_PRESENTATION_REPRESENTATION('',(
    #16762),#13181);
#16762 = STYLED_ITEM('color',(#16763),#13083);
#16763 = PRESENTATION_STYLE_ASSIGNMENT((#16764));
#16764 = SURFACE_STYLE_USAGE(.BOTH.,#16765);
#16765 = SURFACE_SIDE_STYLE('',(#16766));
#16766 = SURFACE_STYLE_FILL_AREA(#16767);
#16767 = FILL_AREA_STYLE('',(#16768));
#16768 = FILL_AREA_STYLE_COLOUR('',#16683);
#16769 = MECHANICAL_DESIGN_GEOMETRIC_PRESENTATION_REPRESENTATION('',(
    #16770),#6701);
#16770 = STYLED_ITEM('color',(#16771),#6367);
#16771 = PRESENTATION_STYLE_ASSIGNMENT((#16772));
#16772 = SURFACE_STYLE_USAGE(.BOTH.,#16773);
#16773 = SURFACE_SIDE_STYLE('',(#16774));
#16774 = SURFACE_STYLE_FILL_AREA(#16775);
#16775 = FILL_AREA_STYLE('',(#16776));
#16776 = FILL_AREA_STYLE_COLOUR('',#16777);
#16777 = COLOUR_RGB('',0.149999997808,0.170000001676,0.199999998682);
#16778 = MECHANICAL_DESIGN_GEOMETRIC_PRESENTATION_REPRESENTATION('',(
    #16779),#6147);
#16779 = STYLED_ITEM('color',(#16780),#6049);
#16780 = PRESENTATION_STYLE_ASSIGNMENT((#16781));
#16781 = SURFACE_STYLE_USAGE(.BOTH.,#16782);
#16782 = SURFACE_SIDE_STYLE('',(#16783));
#16783 = SURFACE_STYLE_FILL_AREA(#16784);
#16784 = FILL_AREA_STYLE('',(#16785));
#16785 = FILL_AREA_STYLE_COLOUR('',#16727);
#16786 = MECHANICAL_DESIGN_GEOMETRIC_PRESENTATION_REPRESENTATION('',(
    #16787),#7103);
#16787 = STYLED_ITEM('color',(#16788),#6921);
#16788 = PRESENTATION_STYLE_ASSIGNMENT((#16789));
#16789 = SURFACE_STYLE_USAGE(.BOTH.,#16790);
#16790 = SURFACE_SIDE_STYLE('',(#16791));
#16791 = SURFACE_STYLE_FILL_AREA(#16792);
#16792 = FILL_AREA_STYLE('',(#16793));
#16793 = FILL_AREA_STYLE_COLOUR('',#16794);
#16794 = COLOUR_RGB('',0.350000000377,0.55000000909,0.850000012718);
#16795 = MECHANICAL_DESIGN_GEOMETRIC_PRESENTATION_REPRESENTATION('',(
    #16796),#4928);
#16796 = STYLED_ITEM('color',(#16797),#4746);
#16797 = PRESENTATION_STYLE_ASSIGNMENT((#16798));
#16798 = SURFACE_STYLE_USAGE(.BOTH.,#16799);
#16799 = SURFACE_SIDE_STYLE('',(#16800));
#16800 = SURFACE_STYLE_FILL_AREA(#16801);
#16801 = FILL_AREA_STYLE('',(#16802));
#16802 = FILL_AREA_STYLE_COLOUR('',#16727);
#16803 = MECHANICAL_DESIGN_GEOMETRIC_PRESENTATION_REPRESENTATION('',(
    #16804),#5796);
#16804 = STYLED_ITEM('color',(#16805),#5698);
#16805 = PRESENTATION_STYLE_ASSIGNMENT((#16806));
#16806 = SURFACE_STYLE_USAGE(.BOTH.,#16807);
#16807 = SURFACE_SIDE_STYLE('',(#16808));
#16808 = SURFACE_STYLE_FILL_AREA(#16809);
#16809 = FILL_AREA_STYLE('',(#16810));
#16810 = FILL_AREA_STYLE_COLOUR('',#16727);
#16811 = MECHANICAL_DESIGN_GEOMETRIC_PRESENTATION_REPRESENTATION('',(
    #16812),#1544);
#16812 = STYLED_ITEM('color',(#16813),#1130);
#16813 = PRESENTATION_STYLE_ASSIGNMENT((#16814));
#16814 = SURFACE_STYLE_USAGE(.BOTH.,#16815);
#16815 = SURFACE_SIDE_STYLE('',(#16816));
#16816 = SURFACE_STYLE_FILL_AREA(#16817);
#16817 = FILL_AREA_STYLE('',(#16818));
#16818 = FILL_AREA_STYLE_COLOUR('',#16710);
#16819 = MECHANICAL_DESIGN_GEOMETRIC_PRESENTATION_REPRESENTATION('',(
    #16820,#16827),#9669);
#16820 = STYLED_ITEM('color',(#16821),#9269);
#16821 = PRESENTATION_STYLE_ASSIGNMENT((#16822));
#16822 = SURFACE_STYLE_USAGE(.BOTH.,#16823);
#16823 = SURFACE_SIDE_STYLE('',(#16824));
#16824 = SURFACE_STYLE_FILL_AREA(#16825);
#16825 = FILL_AREA_STYLE('',(#16826));
#16826 = FILL_AREA_STYLE_COLOUR('',#16665);
#16827 = STYLED_ITEM('color',(#16828),#9601);
#16828 = PRESENTATION_STYLE_ASSIGNMENT((#16829));
#16829 = SURFACE_STYLE_USAGE(.BOTH.,#16830);
#16830 = SURFACE_SIDE_STYLE('',(#16831));
#16831 = SURFACE_STYLE_FILL_AREA(#16832);
#16832 = FILL_AREA_STYLE('',(#16833));
#16833 = FILL_AREA_STYLE_COLOUR('',#16665);
#16834 = MECHANICAL_DESIGN_GEOMETRIC_PRESENTATION_REPRESENTATION('',(
    #16835),#14431);
#16835 = STYLED_ITEM('color',(#16836),#14333);
#16836 = PRESENTATION_STYLE_ASSIGNMENT((#16837));
#16837 = SURFACE_STYLE_USAGE(.BOTH.,#16838);
#16838 = SURFACE_SIDE_STYLE('',(#16839));
#16839 = SURFACE_STYLE_FILL_AREA(#16840);
#16840 = FILL_AREA_STYLE('',(#16841));
#16841 = FILL_AREA_STYLE_COLOUR('',#16744);
#16842 = MECHANICAL_DESIGN_GEOMETRIC_PRESENTATION_REPRESENTATION('',(
    #16843),#13647);
#16843 = STYLED_ITEM('color',(#16844),#13317);
#16844 = PRESENTATION_STYLE_ASSIGNMENT((#16845));
#16845 = SURFACE_STYLE_USAGE(.BOTH.,#16846);
#16846 = SURFACE_SIDE_STYLE('',(#16847));
#16847 = SURFACE_STYLE_FILL_AREA(#16848);
#16848 = FILL_AREA_STYLE('',(#16849));
#16849 = FILL_AREA_STYLE_COLOUR('',#16850);
#16850 = COLOUR_RGB('',0.500000003429,0.500000003429,0.500000003429);
#16851 = MECHANICAL_DESIGN_GEOMETRIC_PRESENTATION_REPRESENTATION('',(
    #16852),#7854);
#16852 = STYLED_ITEM('color',(#16853),#7524);
#16853 = PRESENTATION_STYLE_ASSIGNMENT((#16854));
#16854 = SURFACE_STYLE_USAGE(.BOTH.,#16855);
#16855 = SURFACE_SIDE_STYLE('',(#16856));
#16856 = SURFACE_STYLE_FILL_AREA(#16857);
#16857 = FILL_AREA_STYLE('',(#16858));
#16858 = FILL_AREA_STYLE_COLOUR('',#16701);
#16859 = MECHANICAL_DESIGN_GEOMETRIC_PRESENTATION_REPRESENTATION('',(
    #16860),#12017);
#16860 = STYLED_ITEM('color',(#16861),#11687);
#16861 = PRESENTATION_STYLE_ASSIGNMENT((#16862));
#16862 = SURFACE_STYLE_USAGE(.BOTH.,#16863);
#16863 = SURFACE_SIDE_STYLE('',(#16864));
#16864 = SURFACE_STYLE_FILL_AREA(#16865);
#16865 = FILL_AREA_STYLE('',(#16866));
#16866 = FILL_AREA_STYLE_COLOUR('',#16701);
#16867 = MECHANICAL_DESIGN_GEOMETRIC_PRESENTATION_REPRESENTATION('',(
    #16868),#7505);
#16868 = STYLED_ITEM('color',(#16869),#7323);
#16869 = PRESENTATION_STYLE_ASSIGNMENT((#16870));
#16870 = SURFACE_STYLE_USAGE(.BOTH.,#16871);
#16871 = SURFACE_SIDE_STYLE('',(#16872));
#16872 = SURFACE_STYLE_FILL_AREA(#16873);
#16873 = FILL_AREA_STYLE('',(#16874));
#16874 = FILL_AREA_STYLE_COLOUR('',#16794);
#16875 = MECHANICAL_DESIGN_GEOMETRIC_PRESENTATION_REPRESENTATION('',(
    #16876),#508);
#16876 = STYLED_ITEM('color',(#16877),#410);
#16877 = PRESENTATION_STYLE_ASSIGNMENT((#16878));
#16878 = SURFACE_STYLE_USAGE(.BOTH.,#16879);
#16879 = SURFACE_SIDE_STYLE('',(#16880));
#16880 = SURFACE_STYLE_FILL_AREA(#16881);
#16881 = FILL_AREA_STYLE('',(#16882));
#16882 = FILL_AREA_STYLE_COLOUR('',#16883);
#16883 = COLOUR_RGB('',0.199999998682,0.199999998682,0.250000000672);
#16884 = MECHANICAL_DESIGN_GEOMETRIC_PRESENTATION_REPRESENTATION('',(
    #16885),#9870);
#16885 = STYLED_ITEM('color',(#16886),#9688);
#16886 = PRESENTATION_STYLE_ASSIGNMENT((#16887));
#16887 = SURFACE_STYLE_USAGE(.BOTH.,#16888);
#16888 = SURFACE_SIDE_STYLE('',(#16889));
#16889 = SURFACE_STYLE_FILL_AREA(#16890);
#16890 = FILL_AREA_STYLE('',(#16891));
#16891 = FILL_AREA_STYLE_COLOUR('',#16665);
#16892 = MECHANICAL_DESIGN_GEOMETRIC_PRESENTATION_REPRESENTATION('',(
    #16893),#4124);
#16893 = STYLED_ITEM('color',(#16894),#3794);
#16894 = PRESENTATION_STYLE_ASSIGNMENT((#16895));
#16895 = SURFACE_STYLE_USAGE(.BOTH.,#16896);
#16896 = SURFACE_SIDE_STYLE('',(#16897));
#16897 = SURFACE_STYLE_FILL_AREA(#16898);
#16898 = FILL_AREA_STYLE('',(#16899));
#16899 = FILL_AREA_STYLE_COLOUR('',#16674);
#16900 = MECHANICAL_DESIGN_GEOMETRIC_PRESENTATION_REPRESENTATION('',(
    #16901),#11668);
#16901 = STYLED_ITEM('color',(#16902),#11338);
#16902 = PRESENTATION_STYLE_ASSIGNMENT((#16903));
#16903 = SURFACE_STYLE_USAGE(.BOTH.,#16904);
#16904 = SURFACE_SIDE_STYLE('',(#16905));
#16905 = SURFACE_STYLE_FILL_AREA(#16906);
#16906 = FILL_AREA_STYLE('',(#16907));
#16907 = FILL_AREA_STYLE_COLOUR('',#16665);
#16908 = MECHANICAL_DESIGN_GEOMETRIC_PRESENTATION_REPRESENTATION('',(
    #16909),#10272);
#16909 = STYLED_ITEM('color',(#16910),#10090);
#16910 = PRESENTATION_STYLE_ASSIGNMENT((#16911));
#16911 = SURFACE_STYLE_USAGE(.BOTH.,#16912);
#16912 = SURFACE_SIDE_STYLE('',(#16913));
#16913 = SURFACE_STYLE_FILL_AREA(#16914);
#16914 = FILL_AREA_STYLE('',(#16915));
#16915 = FILL_AREA_STYLE_COLOUR('',#16665);
#16916 = MECHANICAL_DESIGN_GEOMETRIC_PRESENTATION_REPRESENTATION('',(
    #16917),#14897);
#16917 = STYLED_ITEM('color',(#16918),#14567);
#16918 = PRESENTATION_STYLE_ASSIGNMENT((#16919));
#16919 = SURFACE_STYLE_USAGE(.BOTH.,#16920);
#16920 = SURFACE_SIDE_STYLE('',(#16921));
#16921 = SURFACE_STYLE_FILL_AREA(#16922);
#16922 = FILL_AREA_STYLE('',(#16923));
#16923 = FILL_AREA_STYLE_COLOUR('',#16744);
#16924 = MECHANICAL_DESIGN_GEOMETRIC_PRESENTATION_REPRESENTATION('',(
    #16925),#5330);
#16925 = STYLED_ITEM('color',(#16926),#5148);
#16926 = PRESENTATION_STYLE_ASSIGNMENT((#16927));
#16927 = SURFACE_STYLE_USAGE(.BOTH.,#16928);
#16928 = SURFACE_SIDE_STYLE('',(#16929));
#16929 = SURFACE_STYLE_FILL_AREA(#16930);
#16930 = FILL_AREA_STYLE('',(#16931));
#16931 = FILL_AREA_STYLE_COLOUR('',#16727);
#16932 = MECHANICAL_DESIGN_GEOMETRIC_PRESENTATION_REPRESENTATION('',(
    #16933),#4526);
#16933 = STYLED_ITEM('color',(#16934),#4344);
#16934 = PRESENTATION_STYLE_ASSIGNMENT((#16935));
#16935 = SURFACE_STYLE_USAGE(.BOTH.,#16936);
#16936 = SURFACE_SIDE_STYLE('',(#16937));
#16937 = SURFACE_STYLE_FILL_AREA(#16938);
#16938 = FILL_AREA_STYLE('',(#16939));
#16939 = FILL_AREA_STYLE_COLOUR('',#16727);
#16940 = MECHANICAL_DESIGN_GEOMETRIC_PRESENTATION_REPRESENTATION('',(
    #16941),#10970);
#16941 = STYLED_ITEM('color',(#16942),#10640);
#16942 = PRESENTATION_STYLE_ASSIGNMENT((#16943));
#16943 = SURFACE_STYLE_USAGE(.BOTH.,#16944);
#16944 = SURFACE_SIDE_STYLE('',(#16945));
#16945 = SURFACE_STYLE_FILL_AREA(#16946);
#16946 = FILL_AREA_STYLE('',(#16947));
#16947 = FILL_AREA_STYLE_COLOUR('',#16665);
#16948 = MECHANICAL_DESIGN_GEOMETRIC_PRESENTATION_REPRESENTATION('',(
    #16949),#16297);
#16949 = STYLED_ITEM('color',(#16950),#16199);
#16950 = PRESENTATION_STYLE_ASSIGNMENT((#16951));
#16951 = SURFACE_STYLE_USAGE(.BOTH.,#16952);
#16952 = SURFACE_SIDE_STYLE('',(#16953));
#16953 = SURFACE_STYLE_FILL_AREA(#16954);
#16954 = FILL_AREA_STYLE('',(#16955));
#16955 = FILL_AREA_STYLE_COLOUR('',#16744);
#16956 = MECHANICAL_DESIGN_GEOMETRIC_PRESENTATION_REPRESENTATION('',(
    #16957),#2178);
#16957 = STYLED_ITEM('color',(#16958),#1996);
#16958 = PRESENTATION_STYLE_ASSIGNMENT((#16959));
#16959 = SURFACE_STYLE_USAGE(.BOTH.,#16960);
#16960 = SURFACE_SIDE_STYLE('',(#16961));
#16961 = SURFACE_STYLE_FILL_AREA(#16962);
#16962 = FILL_AREA_STYLE('',(#16963));
#16963 = FILL_AREA_STYLE_COLOUR('',#16692);
#16964 = MECHANICAL_DESIGN_GEOMETRIC_PRESENTATION_REPRESENTATION('',(
    #16965),#8901);
#16965 = STYLED_ITEM('color',(#16966),#8571);
#16966 = PRESENTATION_STYLE_ASSIGNMENT((#16967));
#16967 = SURFACE_STYLE_USAGE(.BOTH.,#16968);
#16968 = SURFACE_SIDE_STYLE('',(#16969));
#16969 = SURFACE_STYLE_FILL_AREA(#16970);
#16970 = FILL_AREA_STYLE('',(#16971));
#16971 = FILL_AREA_STYLE_COLOUR('',#16972);
#16972 = COLOUR_RGB('',0.199999998682,0.45000000386,0.299999996101);
#16973 = MECHANICAL_DESIGN_GEOMETRIC_PRESENTATION_REPRESENTATION('',(
    #16974),#6902);
#16974 = STYLED_ITEM('color',(#16975),#6720);
#16975 = PRESENTATION_STYLE_ASSIGNMENT((#16976));
#16976 = SURFACE_STYLE_USAGE(.BOTH.,#16977);
#16977 = SURFACE_SIDE_STYLE('',(#16978));
#16978 = SURFACE_STYLE_FILL_AREA(#16979);
#16979 = FILL_AREA_STYLE('',(#16980));
#16980 = FILL_AREA_STYLE_COLOUR('',#16794);
#16981 = MECHANICAL_DESIGN_GEOMETRIC_PRESENTATION_REPRESENTATION('',(
    #16982),#3775);
#16982 = STYLED_ITEM('color',(#16983),#3445);
#16983 = PRESENTATION_STYLE_ASSIGNMENT((#16984));
#16984 = SURFACE_STYLE_USAGE(.BOTH.,#16985);
#16985 = SURFACE_SIDE_STYLE('',(#16986));
#16986 = SURFACE_STYLE_FILL_AREA(#16987);
#16987 = FILL_AREA_STYLE('',(#16988));
#16988 = FILL_AREA_STYLE_COLOUR('',#16674);
#16989 = MECHANICAL_DESIGN_GEOMETRIC_PRESENTATION_REPRESENTATION('',(
    #16990),#6348);
#16990 = STYLED_ITEM('color',(#16991),#6166);
#16991 = PRESENTATION_STYLE_ASSIGNMENT((#16992));
#16992 = SURFACE_STYLE_USAGE(.BOTH.,#16993);
#16993 = SURFACE_SIDE_STYLE('',(#16994));
#16994 = SURFACE_STYLE_FILL_AREA(#16995);
#16995 = FILL_AREA_STYLE('',(#16996));
#16996 = FILL_AREA_STYLE_COLOUR('',#16683);
#16997 = MECHANICAL_DESIGN_GEOMETRIC_PRESENTATION_REPRESENTATION('',(
    #16998),#1111);
#16998 = STYLED_ITEM('color',(#16999),#929);
#16999 = PRESENTATION_STYLE_ASSIGNMENT((#17000));
#17000 = SURFACE_STYLE_USAGE(.BOTH.,#17001);
#17001 = SURFACE_SIDE_STYLE('',(#17002));
#17002 = SURFACE_STYLE_FILL_AREA(#17003);
#17003 = FILL_AREA_STYLE('',(#17004));
#17004 = FILL_AREA_STYLE_COLOUR('',#16692);
#17005 = MECHANICAL_DESIGN_GEOMETRIC_PRESENTATION_REPRESENTATION('',(
    #17006),#8203);
#17006 = STYLED_ITEM('color',(#17007),#7873);
#17007 = PRESENTATION_STYLE_ASSIGNMENT((#17008));
#17008 = SURFACE_STYLE_USAGE(.BOTH.,#17009);
#17009 = SURFACE_SIDE_STYLE('',(#17010));
#17010 = SURFACE_STYLE_FILL_AREA(#17011);
#17011 = FILL_AREA_STYLE('',(#17012));
#17012 = FILL_AREA_STYLE_COLOUR('',#16701);
#17013 = MECHANICAL_DESIGN_GEOMETRIC_PRESENTATION_REPRESENTATION('',(
    #17014),#15480);
#17014 = STYLED_ITEM('color',(#17015),#15150);
#17015 = PRESENTATION_STYLE_ASSIGNMENT((#17016));
#17016 = SURFACE_STYLE_USAGE(.BOTH.,#17017);
#17017 = SURFACE_SIDE_STYLE('',(#17018));
#17018 = SURFACE_STYLE_FILL_AREA(#17019);
#17019 = FILL_AREA_STYLE('',(#17020));
#17020 = FILL_AREA_STYLE_COLOUR('',#16744);
#17021 = MECHANICAL_DESIGN_GEOMETRIC_PRESENTATION_REPRESENTATION('',(
    #17022),#709);
#17022 = STYLED_ITEM('color',(#17023),#527);
#17023 = PRESENTATION_STYLE_ASSIGNMENT((#17024));
#17024 = SURFACE_STYLE_USAGE(.BOTH.,#17025);
#17025 = SURFACE_SIDE_STYLE('',(#17026));
#17026 = SURFACE_STYLE_FILL_AREA(#17027);
#17027 = FILL_AREA_STYLE('',(#17028));
#17028 = FILL_AREA_STYLE_COLOUR('',#16692);
#17029 = MECHANICAL_DESIGN_GEOMETRIC_PRESENTATION_REPRESENTATION('',(
    #17030),#10071);
#17030 = STYLED_ITEM('color',(#17031),#9889);
#17031 = PRESENTATION_STYLE_ASSIGNMENT((#17032));
#17032 = SURFACE_STYLE_USAGE(.BOTH.,#17033);
#17033 = SURFACE_SIDE_STYLE('',(#17034));
#17034 = SURFACE_STYLE_FILL_AREA(#17035);
#17035 = FILL_AREA_STYLE('',(#17036));
#17036 = FILL_AREA_STYLE_COLOUR('',#16665);
#17037 = MECHANICAL_DESIGN_GEOMETRIC_PRESENTATION_REPRESENTATION('',(
    #17038),#11319);
#17038 = STYLED_ITEM('color',(#17039),#10989);
#17039 = PRESENTATION_STYLE_ASSIGNMENT((#17040));
#17040 = SURFACE_STYLE_USAGE(.BOTH.,#17041);
#17041 = SURFACE_SIDE_STYLE('',(#17042));
#17042 = SURFACE_STYLE_FILL_AREA(#17043);
#17043 = FILL_AREA_STYLE('',(#17044));
#17044 = FILL_AREA_STYLE_COLOUR('',#16665);
#17045 = MECHANICAL_DESIGN_GEOMETRIC_PRESENTATION_REPRESENTATION('',(
    #17046),#3426);
#17046 = STYLED_ITEM('color',(#17047),#3096);
#17047 = PRESENTATION_STYLE_ASSIGNMENT((#17048));
#17048 = SURFACE_STYLE_USAGE(.BOTH.,#17049);
#17049 = SURFACE_SIDE_STYLE('',(#17050));
#17050 = SURFACE_STYLE_FILL_AREA(#17051);
#17051 = FILL_AREA_STYLE('',(#17052));
#17052 = FILL_AREA_STYLE_COLOUR('',#16674);
#17053 = MECHANICAL_DESIGN_GEOMETRIC_PRESENTATION_REPRESENTATION('',(
    #17054),#16063);
#17054 = STYLED_ITEM('color',(#17055),#15733);
#17055 = PRESENTATION_STYLE_ASSIGNMENT((#17056));
#17056 = SURFACE_STYLE_USAGE(.BOTH.,#17057);
#17057 = SURFACE_SIDE_STYLE('',(#17058));
#17058 = SURFACE_STYLE_FILL_AREA(#17059);
#17059 = FILL_AREA_STYLE('',(#17060));
#17060 = FILL_AREA_STYLE_COLOUR('',#16744);
#17061 = MECHANICAL_DESIGN_GEOMETRIC_PRESENTATION_REPRESENTATION('',(
    #17062),#8552);
#17062 = STYLED_ITEM('color',(#17063),#8222);
#17063 = PRESENTATION_STYLE_ASSIGNMENT((#17064));
#17064 = SURFACE_STYLE_USAGE(.BOTH.,#17065);
#17065 = SURFACE_SIDE_STYLE('',(#17066));
#17066 = SURFACE_STYLE_FILL_AREA(#17067);
#17067 = FILL_AREA_STYLE('',(#17068));
#17068 = FILL_AREA_STYLE_COLOUR('',#16972);
#17069 = MECHANICAL_DESIGN_GEOMETRIC_PRESENTATION_REPRESENTATION('',(
    #17070),#14314);
#17070 = STYLED_ITEM('color',(#17071),#13984);
#17071 = PRESENTATION_STYLE_ASSIGNMENT((#17072));
#17072 = SURFACE_STYLE_USAGE(.BOTH.,#17073);
#17073 = SURFACE_SIDE_STYLE('',(#17074));
#17074 = SURFACE_STYLE_FILL_AREA(#17075);
#17075 = FILL_AREA_STYLE('',(#17076));
#17076 = FILL_AREA_STYLE_COLOUR('',#16972);
#17077 = MECHANICAL_DESIGN_GEOMETRIC_PRESENTATION_REPRESENTATION('',(
    #17078),#13965);
#17078 = STYLED_ITEM('color',(#17079),#13867);
#17079 = PRESENTATION_STYLE_ASSIGNMENT((#17080));
#17080 = SURFACE_STYLE_USAGE(.BOTH.,#17081);
#17081 = SURFACE_SIDE_STYLE('',(#17082));
#17082 = SURFACE_STYLE_FILL_AREA(#17083);
#17083 = FILL_AREA_STYLE('',(#17084));
#17084 = FILL_AREA_STYLE_COLOUR('',#16683);
#17085 = MECHANICAL_DESIGN_GEOMETRIC_PRESENTATION_REPRESENTATION('',(
    #17086),#14548);
#17086 = STYLED_ITEM('color',(#17087),#14450);
#17087 = PRESENTATION_STYLE_ASSIGNMENT((#17088));
#17088 = SURFACE_STYLE_USAGE(.BOTH.,#17089);
#17089 = SURFACE_SIDE_STYLE('',(#17090));
#17090 = SURFACE_STYLE_FILL_AREA(#17091);
#17091 = FILL_AREA_STYLE('',(#17092));
#17092 = FILL_AREA_STYLE_COLOUR('',#16744);
#17093 = MECHANICAL_DESIGN_GEOMETRIC_PRESENTATION_REPRESENTATION('',(
    #17094),#13064);
#17094 = STYLED_ITEM('color',(#17095),#12734);
#17095 = PRESENTATION_STYLE_ASSIGNMENT((#17096));
#17096 = SURFACE_STYLE_USAGE(.BOTH.,#17097);
#17097 = SURFACE_SIDE_STYLE('',(#17098));
#17098 = SURFACE_STYLE_FILL_AREA(#17099);
#17099 = FILL_AREA_STYLE('',(#17100));
#17100 = FILL_AREA_STYLE_COLOUR('',#16972);
#17101 = MECHANICAL_DESIGN_GEOMETRIC_PRESENTATION_REPRESENTATION('',(
    #17102),#16180);
#17102 = STYLED_ITEM('color',(#17103),#16082);
#17103 = PRESENTATION_STYLE_ASSIGNMENT((#17104));
#17104 = SURFACE_STYLE_USAGE(.BOTH.,#17105);
#17105 = SURFACE_SIDE_STYLE('',(#17106));
#17106 = SURFACE_STYLE_FILL_AREA(#17107);
#17107 = FILL_AREA_STYLE('',(#17108));
#17108 = FILL_AREA_STYLE_COLOUR('',#16744);
#17109 = MECHANICAL_DESIGN_GEOMETRIC_PRESENTATION_REPRESENTATION('',(
    #17110),#15014);
#17110 = STYLED_ITEM('color',(#17111),#14916);
#17111 = PRESENTATION_STYLE_ASSIGNMENT((#17112));
#17112 = SURFACE_STYLE_USAGE(.BOTH.,#17113);
#17113 = SURFACE_SIDE_STYLE('',(#17114));
#17114 = SURFACE_STYLE_FILL_AREA(#17115);
#17115 = FILL_AREA_STYLE('',(#17116));
#17116 = FILL_AREA_STYLE_COLOUR('',#16744);
#17117 = MECHANICAL_DESIGN_GEOMETRIC_PRESENTATION_REPRESENTATION('',(
    #17118),#4727);
#17118 = STYLED_ITEM('color',(#17119),#4545);
#17119 = PRESENTATION_STYLE_ASSIGNMENT((#17120));
#17120 = SURFACE_STYLE_USAGE(.BOTH.,#17121);
#17121 = SURFACE_SIDE_STYLE('',(#17122));
#17122 = SURFACE_STYLE_FILL_AREA(#17123);
#17123 = FILL_AREA_STYLE('',(#17124));
#17124 = FILL_AREA_STYLE_COLOUR('',#16727);
#17125 = MECHANICAL_DESIGN_GEOMETRIC_PRESENTATION_REPRESENTATION('',(
    #17126),#16646);
#17126 = STYLED_ITEM('color',(#17127),#16316);
#17127 = PRESENTATION_STYLE_ASSIGNMENT((#17128));
#17128 = SURFACE_STYLE_USAGE(.BOTH.,#17129);
#17129 = SURFACE_SIDE_STYLE('',(#17130));
#17130 = SURFACE_STYLE_FILL_AREA(#17131);
#17131 = FILL_AREA_STYLE('',(#17132));
#17132 = FILL_AREA_STYLE_COLOUR('',#16744);
#17133 = MECHANICAL_DESIGN_GEOMETRIC_PRESENTATION_REPRESENTATION('',(
    #17134),#13298);
#17134 = STYLED_ITEM('color',(#17135),#13200);
#17135 = PRESENTATION_STYLE_ASSIGNMENT((#17136));
#17136 = SURFACE_STYLE_USAGE(.BOTH.,#17137);
#17137 = SURFACE_SIDE_STYLE('',(#17138));
#17138 = SURFACE_STYLE_FILL_AREA(#17139);
#17139 = FILL_AREA_STYLE('',(#17140));
#17140 = FILL_AREA_STYLE_COLOUR('',#17141);
#17141 = COLOUR_RGB('',0.950000001282,0.800000010877,0.199999998682);
#17142 = MECHANICAL_DESIGN_GEOMETRIC_PRESENTATION_REPRESENTATION('',(
    #17143),#4325);
#17143 = STYLED_ITEM('color',(#17144),#4143);
#17144 = PRESENTATION_STYLE_ASSIGNMENT((#17145));
#17145 = SURFACE_STYLE_USAGE(.BOTH.,#17146);
#17146 = SURFACE_SIDE_STYLE('',(#17147));
#17147 = SURFACE_STYLE_FILL_AREA(#17148);
#17148 = FILL_AREA_STYLE('',(#17149));
#17149 = FILL_AREA_STYLE_COLOUR('',#16710);
#17150 = MECHANICAL_DESIGN_GEOMETRIC_PRESENTATION_REPRESENTATION('',(
    #17151),#1977);
#17151 = STYLED_ITEM('color',(#17152),#1563);
#17152 = PRESENTATION_STYLE_ASSIGNMENT((#17153));
#17153 = SURFACE_STYLE_USAGE(.BOTH.,#17154);
#17154 = SURFACE_SIDE_STYLE('',(#17155));
#17155 = SURFACE_STYLE_FILL_AREA(#17156);
#17156 = FILL_AREA_STYLE('',(#17157));
#17157 = FILL_AREA_STYLE_COLOUR('',#16710);
#17158 = MECHANICAL_DESIGN_GEOMETRIC_PRESENTATION_REPRESENTATION('',(
    #17159),#15597);
#17159 = STYLED_ITEM('color',(#17160),#15499);
#17160 = PRESENTATION_STYLE_ASSIGNMENT((#17161));
#17161 = SURFACE_STYLE_USAGE(.BOTH.,#17162);
#17162 = SURFACE_SIDE_STYLE('',(#17163));
#17163 = SURFACE_STYLE_FILL_AREA(#17164);
#17164 = FILL_AREA_STYLE('',(#17165));
#17165 = FILL_AREA_STYLE_COLOUR('',#16744);
#17166 = MECHANICAL_DESIGN_GEOMETRIC_PRESENTATION_REPRESENTATION('',(
    #17167),#7304);
#17167 = STYLED_ITEM('color',(#17168),#7122);
#17168 = PRESENTATION_STYLE_ASSIGNMENT((#17169));
#17169 = SURFACE_STYLE_USAGE(.BOTH.,#17170);
#17170 = SURFACE_SIDE_STYLE('',(#17171));
#17171 = SURFACE_STYLE_FILL_AREA(#17172);
#17172 = FILL_AREA_STYLE('',(#17173));
#17173 = FILL_AREA_STYLE_COLOUR('',#16794);
#17174 = MECHANICAL_DESIGN_GEOMETRIC_PRESENTATION_REPRESENTATION('',(
    #17175),#5679);
#17175 = STYLED_ITEM('color',(#17176),#5349);
#17176 = PRESENTATION_STYLE_ASSIGNMENT((#17177));
#17177 = SURFACE_STYLE_USAGE(.BOTH.,#17178);
#17178 = SURFACE_SIDE_STYLE('',(#17179));
#17179 = SURFACE_STYLE_FILL_AREA(#17180);
#17180 = FILL_AREA_STYLE('',(#17181));
#17181 = FILL_AREA_STYLE_COLOUR('',#16701);
#17182 = MECHANICAL_DESIGN_GEOMETRIC_PRESENTATION_REPRESENTATION('',(
    #17183),#6030);
#17183 = STYLED_ITEM('color',(#17184),#5932);
#17184 = PRESENTATION_STYLE_ASSIGNMENT((#17185));
#17185 = SURFACE_STYLE_USAGE(.BOTH.,#17186);
#17186 = SURFACE_SIDE_STYLE('',(#17187));
#17187 = SURFACE_STYLE_FILL_AREA(#17188);
#17188 = FILL_AREA_STYLE('',(#17189));
#17189 = FILL_AREA_STYLE_COLOUR('',#16727);
#17190 = MECHANICAL_DESIGN_GEOMETRIC_PRESENTATION_REPRESENTATION('',(
    #17191),#391);
#17191 = STYLED_ITEM('color',(#17192),#293);
#17192 = PRESENTATION_STYLE_ASSIGNMENT((#17193));
#17193 = SURFACE_STYLE_USAGE(.BOTH.,#17194);
#17194 = SURFACE_SIDE_STYLE('',(#17195));
#17195 = SURFACE_STYLE_FILL_AREA(#17196);
#17196 = FILL_AREA_STYLE('',(#17197));
#17197 = FILL_AREA_STYLE_COLOUR('',#16883);
#17198 = MECHANICAL_DESIGN_GEOMETRIC_PRESENTATION_REPRESENTATION('',(
    #17199),#15131);
#17199 = STYLED_ITEM('color',(#17200),#15033);
#17200 = PRESENTATION_STYLE_ASSIGNMENT((#17201));
#17201 = SURFACE_STYLE_USAGE(.BOTH.,#17202);
#17202 = SURFACE_SIDE_STYLE('',(#17203));
#17203 = SURFACE_STYLE_FILL_AREA(#17204);
#17204 = FILL_AREA_STYLE('',(#17205));
#17205 = FILL_AREA_STYLE_COLOUR('',#16744);
ENDSEC;
END-ISO-10303-21;
